DIMENSION_GROUP_ID,MAKE,MODEL,VERSION,YEARS,YEAR_START,YEAR_END,L-MM,W-MM,H-MM-MIN,H-MM-MAX,WIDTH_SCOPE,HEIGHT_SCOPE,ACCESSORY_STATUS,SOURCE_COUNT,DATA_SOURCES,SOURCE_URLS,CONFIDENCE,REVIEW_STATUS
MOTO-DIM-BMW-CEVOLUTION-0001,BMW,C evolution,,2017,2017,2017,2190.0,947.0,1255.0,1255.0,HANDLEBAR_WIDTH,UNKNOWN,STANDARD,1,motorcyclespecs,https://www.motorcyclespecs.co.za/model/bmw/bmw-c1e-17.html,LOW,REVIEW
MOTO-DIM-BMW-CEVOLUTION-0002,BMW,C evolution,,"2018,2019,2020",2018,2020,2190.0,947.0,1255.0,1255.0,UNKNOWN,UNKNOWN,STANDARD,3,bikez,https://bikez.com/motorcycles/bmw_c_evolution_2020.php | https://bikez.com/motorcycles/bmw_c_evolution_2018.php | https://bikez.com/motorcycles/bmw_c_evolution_2019.php,LOW,REVIEW
MOTO-DIM-BMW-CEVOLUTION-0003,BMW,C evolution,,"2014,2015,2016",2014,2016,2190.0,947.0,1301.0,1301.0,UNKNOWN,UNKNOWN,STANDARD,3,bikez,https://bikez.com/motorcycles/bmw_c_evolution_2014.php | https://bikez.com/motorcycles/bmw_c_evolution_2015.php | https://bikez.com/motorcycles/bmw_c_evolution_2016.php,LOW,REVIEW
MOTO-DIM-BMW-C400GT-0001,BMW,C400GT,,2019,2019,2019,2210.0,835.0,1437.0,1437.0,HANDLEBAR_WIDTH,UNKNOWN,STANDARD,1,motorcyclespecs,https://www.motorcyclespecs.co.za/model/bmw/BMW-c400gt-19.html,LOW,REVIEW
MOTO-DIM-BMW-C400GT-0002,BMW,C400GT,,2025,2025,2025,2200.0,845.0,1500.0,1500.0,HANDLEBAR_WIDTH,UNKNOWN,TOURING_PACKAGE,1,motorcyclespecs,https://www.motorcyclespecs.co.za/model/bmw/bmw-c400gt-2025.html,LOW,REVIEW
MOTO-DIM-BMW-C400GT-0003,BMW,C400GT,,2021,2021,2021,2210.0,835.0,1437.0,1437.0,UNKNOWN,UNKNOWN,UNKNOWN,1,motorcyclespecs,https://www.motorcyclespecs.co.za/model/bmw/bmw-c400gt-21.html,LOW,REVIEW
MOTO-DIM-BMW-C400GT-0004,BMW,C400GT,,2026,2026,2026,2200.0,845.0,1500.0,1500.0,UNKNOWN,ADJUSTABLE_WINDSCREEN,UNKNOWN,1,1000ps,https://www.1000ps.com/en-gb/model/9553/bmw-c-400-gt,LOW,REVIEW
MOTO-DIM-BMW-C400GT-0005,BMW,C400GT,,,,,2210.0,835.0,1500.0,1500.0,UNKNOWN,UNKNOWN,UNKNOWN,1,bikedekho,https://www.bikedekho.com/bmw-scooters/c-400-gt/specifications,LOW,REVIEW
MOTO-DIM-BMW-C400GT-0006,BMW,C400GT,,"2020,2022,2023",,,2210.0,835.0,1305.0,1305.0,UNKNOWN,UNKNOWN,STANDARD,3,bikez,https://bikez.com/motorcycles/bmw_c_400_gt_2020.php | https://bikez.com/motorcycles/bmw_c_400_gt_2022.php | https://bikez.com/motorcycles/bmw_c_400_gt_2023.php,LOW,REVIEW
MOTO-DIM-BMW-C400X-0001,BMW,C400X,,"2018,2019,2020,2023",,,2210.0,835.0,1305.0,1305.0,UNKNOWN,UNKNOWN,STANDARD,4,bikez,https://bikez.com/motorcycles/bmw_c_400_x_2018.php | https://bikez.com/motorcycles/bmw_c_400_x_2020.php | https://bikez.com/motorcycles/bmw_c400x_2023.php | https://bikez.com/motorcycles/bmw_c_400_x_2019.php,LOW,REVIEW
MOTO-DIM-BMW-C400X-0002,BMW,C400X,,2025,2025,2025,2200.0,837.0,1347.0,1347.0,HANDLEBAR_WIDTH,UNKNOWN,TOURING_PACKAGE,1,motorcyclespecs,https://www.motorcyclespecs.co.za/model/bmw/bmw-c400x-2025.html,LOW,REVIEW
MOTO-DIM-BMW-C400X-0003,BMW,C400X,,2021,2021,2021,2210.0,835.0,1305.0,1305.0,UNKNOWN,UNKNOWN,UNKNOWN,1,motorcyclespecs,https://www.motorcyclespecs.co.za/model/bmw/bmw-c400x-21.html,LOW,REVIEW
MOTO-DIM-BMW-C400X-0004,BMW,C400X,,2026,2026,2026,2200.0,837.0,1327.0,1327.0,UNKNOWN,UNKNOWN,STANDARD,1,1000ps,https://www.1000ps.com/en-gb/model/9207/bmw-c-400-x,LOW,REVIEW
MOTO-DIM-BMW-C600SPORT-0001,BMW,C600 Sport,,"2013,2014,2015",2013,2015,2155.0,877.0,1378.0,1378.0,UNKNOWN,UNKNOWN,STANDARD,3,motorcyclespecs | bikez,https://www.motorcyclespecs.co.za/model/bmw/bmw-c600-sport-14.html | https://bikez.com/motorcycles/bmw_c_600_sport_2015.php | https://bikez.com/motorcycles/bmw_c_600_sport_2013.php,LOW,REVIEW
MOTO-DIM-BMW-C600SPORT-0002,BMW,C600 Sport,,2012,2012,2012,2155.0,877.0,1378.0,1378.0,HANDLEBAR_WIDTH,WITH_WINDSCREEN,STANDARD,1,motorcyclespecs,https://www.motorcyclespecs.co.za/model/bmw/bmw-c600-sport.html,LOW,REVIEW
MOTO-DIM-BMW-C650SPORT-0001,BMW,C650 Sport,,"2016,2020",,,2155.0,877.0,1378.0,1378.0,HANDLEBAR_WIDTH,UNKNOWN,STANDARD,2,motorcyclespecs,https://www.motorcyclespecs.co.za/model/bmw/bmw-c600-sport-16.html | https://www.motorcyclespecs.co.za/model/bmw/bmw-c600-sport-20.html,LOW,REVIEW
MOTO-DIM-BMW-C650SPORT-0002,BMW,C650 Sport,,,,,2155.0,877.0,1378.0,1378.0,HANDLEBAR_WIDTH,UNKNOWN,UNKNOWN,1,motorcyclespecs,https://www.motorcyclespecs.co.za/model/bmw/bmw-c600-sport-18.html,LOW,REVIEW
MOTO-DIM-BMW-C650SPORT-0003,BMW,C650 Sport,,2017,2017,2017,2180.0,877.0,1378.0,1378.0,UNKNOWN,UNKNOWN,STANDARD,1,bikez,https://bikez.com/motorcycles/bmw_c_650_sport_2017.php,LOW,REVIEW
MOTO-DIM-BMW-C650SPORT-0004,BMW,C650 Sport,,2019,2019,2019,2180.0,775.0,1378.0,1378.0,UNKNOWN,UNKNOWN,STANDARD,1,bikez,https://bikez.com/motorcycles/bmw_c_650_sport_2019.php,LOW,REVIEW
MOTO-DIM-BMW-C650GT-0001,BMW,C650GT,,2012,,,2218.0,916.0,1411.0,1411.0,HANDLEBAR_WIDTH,UNKNOWN,STANDARD,3,motorcyclespecs,https://www.motorcyclespecs.co.za/model/bmw/bmw-c650gt-12.html | https://www.motorcyclespecs.co.za/model/bmw/bmw-c650gt-14.html | https://www.motorcyclespecs.co.za/model/bmw/bmw-c650gt-16.html,LOW,REVIEW
MOTO-DIM-BMW-C650GT-0002,BMW,C650GT,,2013,,,2218.0,916.0,1411.0,1411.0,UNKNOWN,UNKNOWN,STANDARD,2,motorcyclespecs | bikez,https://www.motorcyclespecs.co.za/model/bmw/bmw-c650gt-18.html | https://bikez.com/motorcycles/bmw_c_650_gt_2013.php,LOW,REVIEW
MOTO-DIM-BMW-C650GT-0003,BMW,C650GT,,2020,2020,2020,2235.0,822.0,1411.0,1411.0,UNKNOWN,UNKNOWN,STANDARD,1,bikez,https://bikez.com/motorcycles/bmw_c_650_gt_2020.php,LOW,REVIEW
MOTO-DIM-BMW-C650GT-0004,BMW,C650GT,,"2015,2017",,,2218.0,822.0,1411.0,1411.0,UNKNOWN,UNKNOWN,STANDARD,2,bikez,https://bikez.com/motorcycles/bmw_c_650_gt_2015.php | https://bikez.com/motorcycles/bmw_c_650_gt_2017.php,LOW,REVIEW
MOTO-DIM-BMW-C650GT-0005,BMW,C650GT,,2019,2019,2019,2235.0,822.0,1411.0,1411.0,HANDLEBAR_WIDTH,UNKNOWN,STANDARD,1,bikez,https://bikez.com/motorcycles/bmw_c_650_gt_2019.php,LOW,REVIEW
MOTO-DIM-BMW-CE02-0001,BMW,CE 02,,2024,2024,2024,1971.0,846.0,1140.0,1140.0,WITH_MIRRORS,WITH_MIRRORS,STANDARD,1,motorcyclespecs,https://www.motorcyclespecs.co.za/model/bmw/bmw-ceo2-2024.html,LOW,REVIEW
MOTO-DIM-BMW-CE02-0002,BMW,CE 02,,,,,1970.0,876.0,1140.0,1140.0,HANDLEBAR_WIDTH,UNKNOWN,UNKNOWN,1,bikedekho,https://www.bikedekho.com/bmw-scooters/ce-02/specifications,LOW,REVIEW
MOTO-DIM-BMW-CE04-0001,BMW,CE 04,,"2023,2026",,,2285.0,855.0,1150.0,1150.0,UNKNOWN,UNKNOWN,STANDARD,2,motorcyclespecs | bikez,https://www.motorcyclespecs.co.za/model/bmw/bmw-ce-04-2026.html | https://bikez.com/motorcycles/bmw_ce_04_2023.php,LOW,REVIEW
MOTO-DIM-BMW-CE04-0002,BMW,CE 04,,,,,2285.0,855.0,1150.0,1150.0,HANDLEBAR_WIDTH,UNKNOWN,UNKNOWN,1,bikedekho,https://www.bikedekho.com/bmw-scooters/ce-04/specifications,LOW,REVIEW
MOTO-DIM-BMW-CE04-0003,BMW,CE 04,,2022,2022,2022,2285.0,947.0,1150.0,1150.0,UNKNOWN,UNKNOWN,STANDARD,1,bikez,https://bikez.com/motorcycles/bmw_ce_04_2022.php,LOW,REVIEW
MOTO-DIM-BMW-F650ENDURO-0001,BMW,F650 Enduro,,"1994,1995,1996,1997,1998,1999",1994,1999,2180.0,880.0,1220.0,1220.0,HANDLEBAR_WIDTH,UNKNOWN,STANDARD,6,motorcyclespecs,https://www.motorcyclespecs.co.za/model/bmw/bmw-f650-94.html | https://www.motorcyclespecs.co.za/model/bmw/bmw-f650-95.html | https://www.motorcyclespecs.co.za/model/bmw/bmw-f650-96.html | https://www.motorcyclespecs.co.za/model/bmw/bmw-f650-97.html | https://www.motorcyclespecs.co.za/model/bmw/bmw-f650-98.html | https://www.motorcyclespecs.co.za/model/bmw/bmw-f650-99.html,MEDIUM,REVIEW
MOTO-DIM-BMW-F650CS-0001,BMW,F650CS,,2003,2003,2003,,650.0,,,UNKNOWN,UNKNOWN,STANDARD,1,bikez,https://bikez.com/motorcycles/bmw_f_650_cs_2003.php,MEDIUM,REVIEW
MOTO-DIM-BMW-F650CS-0002,BMW,F650CS,,2004,2004,2004,2175.0,1265.0,910.0,910.0,UNKNOWN,UNKNOWN,STANDARD,1,bikez,https://bikez.com/motorcycles/bmw_f_650_cs_2004.php,MEDIUM,REVIEW
MOTO-DIM-BMW-F650CS-0003,BMW,F650CS,,2005,2005,2005,2142.0,915.0,1158.0,1158.0,UNKNOWN,UNKNOWN,STANDARD,1,bikez,https://bikez.com/motorcycles/bmw_f_650_cs_2005.php,MEDIUM,REVIEW
MOTO-DIM-BMW-F650CSABS-0001,BMW,F650CS ABS,,2003,2003,2003,,650.0,,,UNKNOWN,UNKNOWN,STANDARD,1,bikez,https://bikez.com/motorcycles/bmw_f_650_cs_2003.php,MEDIUM,REVIEW
MOTO-DIM-BMW-F650CSABS-0002,BMW,F650CS ABS,,2004,2004,2004,2175.0,1265.0,910.0,910.0,UNKNOWN,UNKNOWN,STANDARD,1,bikez,https://bikez.com/motorcycles/bmw_f_650_cs_2004.php,MEDIUM,REVIEW
MOTO-DIM-BMW-F650CSABS-0003,BMW,F650CS ABS,,2005,2005,2005,2142.0,915.0,1158.0,1158.0,UNKNOWN,UNKNOWN,STANDARD,1,bikez,https://bikez.com/motorcycles/bmw_f_650_cs_2005.php,MEDIUM,REVIEW
MOTO-DIM-BMW-F650GS-0001,BMW,F650GS,,"2000,2001,2002,2004,2005,2006",,,2175.0,910.0,1265.0,1265.0,UNKNOWN,UNKNOWN,STANDARD,6,motorcyclespecs,https://www.motorcyclespecs.co.za/model/bmw/bmw-f650gs-01.html | https://www.motorcyclespecs.co.za/model/bmw/bmw-f650gs-02.html | https://www.motorcyclespecs.co.za/model/bmw/bmw-f650gs-04.html | https://www.motorcyclespecs.co.za/model/bmw/bmw-f650gs-05.html | https://www.motorcyclespecs.co.za/model/bmw/bmw-f650gs-06.html | https://www.motorcyclespecs.co.za/model/bmw/bmw-f650gs.html,LOW,REVIEW
MOTO-DIM-BMW-F650GS-0002,BMW,F650GS,,"2003,2007",,,2175.0,910.0,1265.0,1265.0,UNKNOWN,UNKNOWN,WITH_TOP_BOX,2,motorcyclespecs,https://www.motorcyclespecs.co.za/model/bmw/bmw-f650gs-03.html | https://www.motorcyclespecs.co.za/model/bmw/bmw-f650gs-07.html,LOW,REVIEW
MOTO-DIM-BMW-F650GS-0003,BMW,F650GS,,2008,2008,2008,2280.0,872.0,1240.0,1240.0,UNKNOWN,UNKNOWN,STANDARD,1,bikez,https://bikez.com/motorcycles/bmw_f_650_gs_2008.php,LOW,REVIEW
MOTO-DIM-BMW-F650GS-0004,BMW,F650GS,,2009,2009,2009,2280.0,872.0,,,UNKNOWN,UNKNOWN,STANDARD,1,bikez,https://bikez.com/motorcycles/bmw_f_650_gs_2009.php,LOW,REVIEW
MOTO-DIM-BMW-F650GS-0005,BMW,F650GS,,2012,2012,2012,2280.0,890.0,1240.0,1240.0,UNKNOWN,UNKNOWN,UNKNOWN,1,1000ps,https://www.1000ps.com/en-gb/model/43/bmw-f-650-gs,LOW,REVIEW
MOTO-DIM-BMW-F650GS-0006,BMW,F650GS,,"2010,2011",2010,2011,2280.0,890.0,1240.0,1240.0,UNKNOWN,UNKNOWN,STANDARD,2,bikez,https://bikez.com/motorcycles/bmw_f_650_gs_2010.php | https://bikez.com/motorcycles/bmw_f_650_gs_2011.php,LOW,REVIEW
MOTO-DIM-BMW-F650GSABS-0001,BMW,F650GS ABS,,"2000,2001,2002,2004,2005,2006",,,2175.0,910.0,1265.0,1265.0,UNKNOWN,UNKNOWN,STANDARD,6,motorcyclespecs,https://www.motorcyclespecs.co.za/model/bmw/bmw-f650gs-01.html | https://www.motorcyclespecs.co.za/model/bmw/bmw-f650gs-02.html | https://www.motorcyclespecs.co.za/model/bmw/bmw-f650gs-04.html | https://www.motorcyclespecs.co.za/model/bmw/bmw-f650gs-05.html | https://www.motorcyclespecs.co.za/model/bmw/bmw-f650gs-06.html | https://www.motorcyclespecs.co.za/model/bmw/bmw-f650gs.html,LOW,REVIEW
MOTO-DIM-BMW-F650GSABS-0002,BMW,F650GS ABS,,"2003,2007",,,2175.0,910.0,1265.0,1265.0,UNKNOWN,UNKNOWN,WITH_TOP_BOX,2,motorcyclespecs,https://www.motorcyclespecs.co.za/model/bmw/bmw-f650gs-03.html | https://www.motorcyclespecs.co.za/model/bmw/bmw-f650gs-07.html,LOW,REVIEW
MOTO-DIM-BMW-F650GSABS-0003,BMW,F650GS ABS,,2008,2008,2008,2280.0,872.0,1240.0,1240.0,UNKNOWN,UNKNOWN,STANDARD,1,bikez,https://bikez.com/motorcycles/bmw_f_650_gs_2008.php,LOW,REVIEW
MOTO-DIM-BMW-F650GSABS-0004,BMW,F650GS ABS,,2009,2009,2009,2280.0,872.0,,,UNKNOWN,UNKNOWN,STANDARD,1,bikez,https://bikez.com/motorcycles/bmw_f_650_gs_2009.php,LOW,REVIEW
MOTO-DIM-BMW-F650GSABS-0005,BMW,F650GS ABS,,2012,2012,2012,2280.0,890.0,1240.0,1240.0,UNKNOWN,UNKNOWN,UNKNOWN,1,1000ps,https://www.1000ps.com/en-gb/model/43/bmw-f-650-gs,LOW,REVIEW
MOTO-DIM-BMW-F650GSABS-0006,BMW,F650GS ABS,,"2010,2011",2010,2011,2280.0,890.0,1240.0,1240.0,UNKNOWN,UNKNOWN,STANDARD,2,bikez,https://bikez.com/motorcycles/bmw_f_650_gs_2010.php | https://bikez.com/motorcycles/bmw_f_650_gs_2011.php,LOW,REVIEW
MOTO-DIM-BMW-F650GSDAKAR-0001,BMW,F650GS Dakar,,2001,2001,2001,2189.0,,,,UNKNOWN,UNKNOWN,STANDARD,1,motorcyclespecs,https://www.motorcyclespecs.co.za/model/bmw/bmw-f650-dakar-01.html,LOW,REVIEW
MOTO-DIM-BMW-F650GSDAKAR-0002,BMW,F650GS Dakar,,2002,2002,2002,2189.0,,,,UNKNOWN,UNKNOWN,STANDARD,1,motorcyclespecs,https://www.motorcyclespecs.co.za/model/bmw/bmw-f650-dakar-02.html,LOW,REVIEW
MOTO-DIM-BMW-F650GSDAKAR-0003,BMW,F650GS Dakar,,2003,2003,2003,2189.0,,,,UNKNOWN,UNKNOWN,STANDARD,1,motorcyclespecs,https://www.motorcyclespecs.co.za/model/bmw/bmw-f650-dakar-03.html,LOW,REVIEW
MOTO-DIM-BMW-F650GSDAKAR-0004,BMW,F650GS Dakar,,2000,2000,2000,2189.0,,,,UNKNOWN,UNKNOWN,STANDARD,1,motorcyclespecs,https://www.motorcyclespecs.co.za/model/bmw/bmw-f650-dakar.html,LOW,REVIEW
MOTO-DIM-BMW-F650GSDAKAR-0005,BMW,F650GS Dakar,,2004,2004,2004,2189.0,1265.0,910.0,910.0,UNKNOWN,UNKNOWN,STANDARD,1,bikez,https://bikez.com/motorcycles/bmw_f_650_gs_dakar_2004.php,LOW,REVIEW
MOTO-DIM-BMW-F650GSDAKAR-0006,BMW,F650GS Dakar,,"2005,2006",2005,2006,2189.0,910.0,1265.0,1265.0,UNKNOWN,UNKNOWN,STANDARD,2,bikez,https://bikez.com/motorcycles/bmw_f_650_gs_dakar_2005.php | https://bikez.com/motorcycles/bmw_f_650_gs_dakar_2006.php,LOW,REVIEW
MOTO-DIM-BMW-F650GSDAKAR-0007,BMW,F650GS Dakar,,2007,2007,2007,2189.0,,,,UNKNOWN,UNKNOWN,STANDARD,1,motorcyclespecs,https://www.motorcyclespecs.co.za/model/bmw/bmw-f650gs-dakar-07.html,LOW,REVIEW
MOTO-DIM-BMW-F650GSDAKARABS-0001,BMW,F650GS Dakar ABS,,2001,2001,2001,2189.0,,,,UNKNOWN,UNKNOWN,STANDARD,1,motorcyclespecs,https://www.motorcyclespecs.co.za/model/bmw/bmw-f650-dakar-01.html,LOW,REVIEW
MOTO-DIM-BMW-F650GSDAKARABS-0002,BMW,F650GS Dakar ABS,,2002,2002,2002,2189.0,,,,UNKNOWN,UNKNOWN,STANDARD,1,motorcyclespecs,https://www.motorcyclespecs.co.za/model/bmw/bmw-f650-dakar-02.html,LOW,REVIEW
MOTO-DIM-BMW-F650GSDAKARABS-0003,BMW,F650GS Dakar ABS,,2003,2003,2003,2189.0,,,,UNKNOWN,UNKNOWN,STANDARD,1,motorcyclespecs,https://www.motorcyclespecs.co.za/model/bmw/bmw-f650-dakar-03.html,LOW,REVIEW
MOTO-DIM-BMW-F650GSDAKARABS-0004,BMW,F650GS Dakar ABS,,2000,2000,2000,2189.0,,,,UNKNOWN,UNKNOWN,STANDARD,1,motorcyclespecs,https://www.motorcyclespecs.co.za/model/bmw/bmw-f650-dakar.html,LOW,REVIEW
MOTO-DIM-BMW-F650GSDAKARABS-0005,BMW,F650GS Dakar ABS,,2004,2004,2004,2189.0,1265.0,910.0,910.0,UNKNOWN,UNKNOWN,STANDARD,1,bikez,https://bikez.com/motorcycles/bmw_f_650_gs_dakar_2004.php,LOW,REVIEW
MOTO-DIM-BMW-F650GSDAKARABS-0006,BMW,F650GS Dakar ABS,,"2005,2006",2005,2006,2189.0,910.0,1265.0,1265.0,UNKNOWN,UNKNOWN,STANDARD,2,bikez,https://bikez.com/motorcycles/bmw_f_650_gs_dakar_2005.php | https://bikez.com/motorcycles/bmw_f_650_gs_dakar_2006.php,LOW,REVIEW
MOTO-DIM-BMW-F650GSDAKARABS-0007,BMW,F650GS Dakar ABS,,2007,2007,2007,2189.0,,,,UNKNOWN,UNKNOWN,STANDARD,1,motorcyclespecs,https://www.motorcyclespecs.co.za/model/bmw/bmw-f650gs-dakar-07.html,LOW,REVIEW
MOTO-DIM-BMW-F700GS-0001,BMW,F700GS,,"2013,2014",2013,2014,2280.0,890.0,1240.0,1240.0,HANDLEBAR_WIDTH,UNKNOWN,STANDARD,2,motorcyclespecs,https://www.motorcyclespecs.co.za/model/bmw/bmw-f700gs-13.html | https://www.motorcyclespecs.co.za/model/bmw/bmw-f700gs-14.html,LOW,REVIEW
MOTO-DIM-BMW-F700GS-0002,BMW,F700GS,,"2015,2016,2017",2015,2017,2280.0,890.0,1240.0,1240.0,UNKNOWN,UNKNOWN,STANDARD,3,motorcyclespecs,https://www.motorcyclespecs.co.za/model/bmw/bmw-f700gs-15.html | https://www.motorcyclespecs.co.za/model/bmw/bmw-f700gs-16.html | https://www.motorcyclespecs.co.za/model/bmw/bmw-f700gs-17.html,LOW,REVIEW
MOTO-DIM-BMW-F700GS-0003,BMW,F700GS,,2018,2018,2018,2280.0,880.0,1215.0,1215.0,UNKNOWN,UNKNOWN,STANDARD,1,bikez,https://bikez.com/motorcycles/bmw_f_700_gs_2018.php,LOW,REVIEW
MOTO-DIM-BMW-F750GS-0001,BMW,F750GS,,2018,2018,2018,2280.0,922.0,1225.0,1225.0,UNKNOWN,UNKNOWN,STANDARD,1,bikez,https://bikez.com/motorcycles/bmw_f_750_gs_2018.php,LOW,REVIEW
MOTO-DIM-BMW-F750GS-0002,BMW,F750GS,,"2019,2020,2023",,,2255.0,922.0,1225.0,1225.0,UNKNOWN,UNKNOWN,STANDARD,3,bikez,https://bikez.com/motorcycles/bmw_f_750_gs_2019.php | https://bikez.com/motorcycles/bmw_f_750_gs_2023.php | https://bikez.com/motorcycles/bmw_f_750_gs_2020.php,LOW,REVIEW
MOTO-DIM-BMW-F750GS-0003,BMW,F750GS,,"2021,2022",2021,2022,2255.0,922.0,1225.0,1225.0,HANDLEBAR_WIDTH,UNKNOWN,STANDARD,2,motorcyclespecs,https://www.motorcyclespecs.co.za/model/bmw/bmw-f750gs-21.html | https://www.motorcyclespecs.co.za/model/bmw/bmw-f750gs-22.html,LOW,REVIEW
MOTO-DIM-BMW-F750GS40YEARSGSEDITION-0001,BMW,F750GS 40 Years GS Edition,,2021,2021,2021,2255.0,922.0,1225.0,1225.0,HANDLEBAR_WIDTH,UNKNOWN,STANDARD,1,motorcyclespecs,https://www.motorcyclespecs.co.za/model/bmw/bmw-f750gs-40th.html,MEDIUM,REVIEW
MOTO-DIM-BMW-F800GS-0001,BMW,F800GS,,"2008,2009,2013,2014",,,2320.0,945.0,1350.0,1350.0,HANDLEBAR_WIDTH,UNKNOWN,STANDARD,4,motorcyclespecs,https://www.motorcyclespecs.co.za/model/bmw/bmw-f800gs-08.html | https://www.motorcyclespecs.co.za/model/bmw/bmw-f800gs-09.html | https://www.motorcyclespecs.co.za/model/bmw/bmw-f800gs-13.html | https://www.motorcyclespecs.co.za/model/bmw/bmw-f800gs-14.html,LOW,REVIEW
MOTO-DIM-BMW-F800GS-0002,BMW,F800GS,,"2010,2011,2012",2010,2012,2320.0,945.0,1350.0,1350.0,UNKNOWN,UNKNOWN,UNKNOWN,3,motorcyclespecs,https://www.motorcyclespecs.co.za/model/bmw/bmw-f800gs-10.html | https://www.motorcyclespecs.co.za/model/bmw/bmw-f800gs-11.html | https://www.motorcyclespecs.co.za/model/bmw/bmw-f800gs-12.html,LOW,REVIEW
MOTO-DIM-BMW-F800GS-0003,BMW,F800GS,,2024,2024,2024,2296.0,,,,UNKNOWN,UNKNOWN,STANDARD,1,motorcyclespecs,https://www.motorcyclespecs.co.za/model/bmw/bmw-f800gs-2024.html,LOW,REVIEW
MOTO-DIM-BMW-F800GS-0004,BMW,F800GS,,2026,2026,2026,2296.0,910.0,,,UNKNOWN,UNKNOWN,UNKNOWN,1,1000ps,https://www.1000ps.com/en-gb/model/3261/bmw-f-800-gs,LOW,REVIEW
MOTO-DIM-BMW-F800GS-0005,BMW,F800GS,,"2015,2016",2015,2016,2320.0,945.0,1350.0,1350.0,UNKNOWN,UNKNOWN,STANDARD,2,bikez,https://bikez.com/motorcycles/bmw_f_800_gs_2015.php | https://bikez.com/motorcycles/bmw_f_800_gs_2016.php,LOW,REVIEW
MOTO-DIM-BMW-F800GS-0006,BMW,F800GS,,"2017,2018",2017,2018,2300.0,945.0,1350.0,1350.0,UNKNOWN,UNKNOWN,STANDARD,2,bikez,https://bikez.com/motorcycles/bmw_f_800_gs_2017.php | https://bikez.com/motorcycles/bmw_f_800_gs_2018.php,LOW,REVIEW
MOTO-DIM-BMW-F800GSADVENTURE-0001,BMW,F800GS Adventure,,"2013,2014,2015,2016",2013,2016,2304.0,925.0,1450.0,1450.0,HANDLEBAR_WIDTH,UNKNOWN,STANDARD,4,motorcyclespecs,https://www.motorcyclespecs.co.za/model/bmw/bmw-f800gs-adventure-13.html | https://www.motorcyclespecs.co.za/model/bmw/bmw-f800gs-adventure-14.html | https://www.motorcyclespecs.co.za/model/bmw/bmw-f800gs-adventure-15.html | https://www.motorcyclespecs.co.za/model/bmw/bmw-f800gs-adventure-16.html,LOW,REVIEW
MOTO-DIM-BMW-F800GSADVENTURE-0002,BMW,F800GS Adventure,,"2017,2018",2017,2018,2304.0,925.0,1450.0,1450.0,UNKNOWN,UNKNOWN,STANDARD,2,motorcyclespecs | bikez,https://www.motorcyclespecs.co.za/model/bmw/bmw-f800gs-adventure-17.html | https://bikez.com/motorcycles/bmw_f_800_gs_adventure_2018.php,LOW,REVIEW
MOTO-DIM-BMW-F800GSCOMFORT-0001,BMW,F800GS Comfort,,"2008,2009,2013,2014",,,2320.0,945.0,1350.0,1350.0,HANDLEBAR_WIDTH,UNKNOWN,STANDARD,4,motorcyclespecs,https://www.motorcyclespecs.co.za/model/bmw/bmw-f800gs-08.html | https://www.motorcyclespecs.co.za/model/bmw/bmw-f800gs-09.html | https://www.motorcyclespecs.co.za/model/bmw/bmw-f800gs-13.html | https://www.motorcyclespecs.co.za/model/bmw/bmw-f800gs-14.html,LOW,REVIEW
MOTO-DIM-BMW-F800GSCOMFORT-0002,BMW,F800GS Comfort,,"2010,2011,2012",2010,2012,2320.0,945.0,1350.0,1350.0,UNKNOWN,UNKNOWN,UNKNOWN,3,motorcyclespecs,https://www.motorcyclespecs.co.za/model/bmw/bmw-f800gs-10.html | https://www.motorcyclespecs.co.za/model/bmw/bmw-f800gs-11.html | https://www.motorcyclespecs.co.za/model/bmw/bmw-f800gs-12.html,LOW,REVIEW
MOTO-DIM-BMW-F800GSCOMFORT-0003,BMW,F800GS Comfort,,2024,2024,2024,2296.0,,,,UNKNOWN,UNKNOWN,STANDARD,1,motorcyclespecs,https://www.motorcyclespecs.co.za/model/bmw/bmw-f800gs-2024.html,LOW,REVIEW
MOTO-DIM-BMW-F800GSCOMFORT-0004,BMW,F800GS Comfort,,2026,2026,2026,2296.0,910.0,,,UNKNOWN,UNKNOWN,UNKNOWN,1,1000ps,https://www.1000ps.com/en-gb/model/3261/bmw-f-800-gs,LOW,REVIEW
MOTO-DIM-BMW-F800GSCOMFORT-0005,BMW,F800GS Comfort,,"2015,2016",2015,2016,2320.0,945.0,1350.0,1350.0,UNKNOWN,UNKNOWN,STANDARD,2,bikez,https://bikez.com/motorcycles/bmw_f_800_gs_2015.php | https://bikez.com/motorcycles/bmw_f_800_gs_2016.php,LOW,REVIEW
MOTO-DIM-BMW-F800GSCOMFORT-0006,BMW,F800GS Comfort,,"2017,2018",2017,2018,2300.0,945.0,1350.0,1350.0,UNKNOWN,UNKNOWN,STANDARD,2,bikez,https://bikez.com/motorcycles/bmw_f_800_gs_2017.php | https://bikez.com/motorcycles/bmw_f_800_gs_2018.php,LOW,REVIEW
MOTO-DIM-BMW-F800GSDYNAMIC-0001,BMW,F800GS Dynamic,,"2008,2009,2013,2014",,,2320.0,945.0,1350.0,1350.0,HANDLEBAR_WIDTH,UNKNOWN,STANDARD,4,motorcyclespecs,https://www.motorcyclespecs.co.za/model/bmw/bmw-f800gs-08.html | https://www.motorcyclespecs.co.za/model/bmw/bmw-f800gs-09.html | https://www.motorcyclespecs.co.za/model/bmw/bmw-f800gs-13.html | https://www.motorcyclespecs.co.za/model/bmw/bmw-f800gs-14.html,LOW,REVIEW
MOTO-DIM-BMW-F800GSDYNAMIC-0002,BMW,F800GS Dynamic,,"2010,2011,2012",2010,2012,2320.0,945.0,1350.0,1350.0,UNKNOWN,UNKNOWN,UNKNOWN,3,motorcyclespecs,https://www.motorcyclespecs.co.za/model/bmw/bmw-f800gs-10.html | https://www.motorcyclespecs.co.za/model/bmw/bmw-f800gs-11.html | https://www.motorcyclespecs.co.za/model/bmw/bmw-f800gs-12.html,LOW,REVIEW
MOTO-DIM-BMW-F800GSDYNAMIC-0003,BMW,F800GS Dynamic,,2024,2024,2024,2296.0,,,,UNKNOWN,UNKNOWN,STANDARD,1,motorcyclespecs,https://www.motorcyclespecs.co.za/model/bmw/bmw-f800gs-2024.html,LOW,REVIEW
MOTO-DIM-BMW-F800GSDYNAMIC-0004,BMW,F800GS Dynamic,,2026,2026,2026,2296.0,910.0,,,UNKNOWN,UNKNOWN,UNKNOWN,1,1000ps,https://www.1000ps.com/en-gb/model/3261/bmw-f-800-gs,LOW,REVIEW
MOTO-DIM-BMW-F800GSDYNAMIC-0005,BMW,F800GS Dynamic,,"2015,2016",2015,2016,2320.0,945.0,1350.0,1350.0,UNKNOWN,UNKNOWN,STANDARD,2,bikez,https://bikez.com/motorcycles/bmw_f_800_gs_2015.php | https://bikez.com/motorcycles/bmw_f_800_gs_2016.php,LOW,REVIEW
MOTO-DIM-BMW-F800GSDYNAMIC-0006,BMW,F800GS Dynamic,,"2017,2018",2017,2018,2300.0,945.0,1350.0,1350.0,UNKNOWN,UNKNOWN,STANDARD,2,bikez,https://bikez.com/motorcycles/bmw_f_800_gs_2017.php | https://bikez.com/motorcycles/bmw_f_800_gs_2018.php,LOW,REVIEW
MOTO-DIM-BMW-F800GSEQUIPADA-0001,BMW,F800GS Equipada,,"2008,2009,2013,2014",,,2320.0,945.0,1350.0,1350.0,HANDLEBAR_WIDTH,UNKNOWN,STANDARD,4,motorcyclespecs,https://www.motorcyclespecs.co.za/model/bmw/bmw-f800gs-08.html | https://www.motorcyclespecs.co.za/model/bmw/bmw-f800gs-09.html | https://www.motorcyclespecs.co.za/model/bmw/bmw-f800gs-13.html | https://www.motorcyclespecs.co.za/model/bmw/bmw-f800gs-14.html,LOW,REVIEW
MOTO-DIM-BMW-F800GSEQUIPADA-0002,BMW,F800GS Equipada,,"2010,2011,2012",2010,2012,2320.0,945.0,1350.0,1350.0,UNKNOWN,UNKNOWN,UNKNOWN,3,motorcyclespecs,https://www.motorcyclespecs.co.za/model/bmw/bmw-f800gs-10.html | https://www.motorcyclespecs.co.za/model/bmw/bmw-f800gs-11.html | https://www.motorcyclespecs.co.za/model/bmw/bmw-f800gs-12.html,LOW,REVIEW
MOTO-DIM-BMW-F800GSEQUIPADA-0003,BMW,F800GS Equipada,,2024,2024,2024,2296.0,,,,UNKNOWN,UNKNOWN,STANDARD,1,motorcyclespecs,https://www.motorcyclespecs.co.za/model/bmw/bmw-f800gs-2024.html,LOW,REVIEW
MOTO-DIM-BMW-F800GSEQUIPADA-0004,BMW,F800GS Equipada,,2026,2026,2026,2296.0,910.0,,,UNKNOWN,UNKNOWN,UNKNOWN,1,1000ps,https://www.1000ps.com/en-gb/model/3261/bmw-f-800-gs,LOW,REVIEW
MOTO-DIM-BMW-F800GSEQUIPADA-0005,BMW,F800GS Equipada,,"2015,2016",2015,2016,2320.0,945.0,1350.0,1350.0,UNKNOWN,UNKNOWN,STANDARD,2,bikez,https://bikez.com/motorcycles/bmw_f_800_gs_2015.php | https://bikez.com/motorcycles/bmw_f_800_gs_2016.php,LOW,REVIEW
MOTO-DIM-BMW-F800GSEQUIPADA-0006,BMW,F800GS Equipada,,"2017,2018",2017,2018,2300.0,945.0,1350.0,1350.0,UNKNOWN,UNKNOWN,STANDARD,2,bikez,https://bikez.com/motorcycles/bmw_f_800_gs_2017.php | https://bikez.com/motorcycles/bmw_f_800_gs_2018.php,LOW,REVIEW
MOTO-DIM-BMW-F800GSEXPLORER-0001,BMW,F800GS Explorer,,"2008,2009,2013,2014",,,2320.0,945.0,1350.0,1350.0,HANDLEBAR_WIDTH,UNKNOWN,STANDARD,4,motorcyclespecs,https://www.motorcyclespecs.co.za/model/bmw/bmw-f800gs-08.html | https://www.motorcyclespecs.co.za/model/bmw/bmw-f800gs-09.html | https://www.motorcyclespecs.co.za/model/bmw/bmw-f800gs-13.html | https://www.motorcyclespecs.co.za/model/bmw/bmw-f800gs-14.html,LOW,REVIEW
MOTO-DIM-BMW-F800GSEXPLORER-0002,BMW,F800GS Explorer,,"2010,2011,2012",2010,2012,2320.0,945.0,1350.0,1350.0,UNKNOWN,UNKNOWN,UNKNOWN,3,motorcyclespecs,https://www.motorcyclespecs.co.za/model/bmw/bmw-f800gs-10.html | https://www.motorcyclespecs.co.za/model/bmw/bmw-f800gs-11.html | https://www.motorcyclespecs.co.za/model/bmw/bmw-f800gs-12.html,LOW,REVIEW
MOTO-DIM-BMW-F800GSEXPLORER-0003,BMW,F800GS Explorer,,2024,2024,2024,2296.0,,,,UNKNOWN,UNKNOWN,STANDARD,1,motorcyclespecs,https://www.motorcyclespecs.co.za/model/bmw/bmw-f800gs-2024.html,LOW,REVIEW
MOTO-DIM-BMW-F800GSEXPLORER-0004,BMW,F800GS Explorer,,2026,2026,2026,2296.0,910.0,,,UNKNOWN,UNKNOWN,UNKNOWN,1,1000ps,https://www.1000ps.com/en-gb/model/3261/bmw-f-800-gs,LOW,REVIEW
MOTO-DIM-BMW-F800GSEXPLORER-0005,BMW,F800GS Explorer,,"2015,2016",2015,2016,2320.0,945.0,1350.0,1350.0,UNKNOWN,UNKNOWN,STANDARD,2,bikez,https://bikez.com/motorcycles/bmw_f_800_gs_2015.php | https://bikez.com/motorcycles/bmw_f_800_gs_2016.php,LOW,REVIEW
MOTO-DIM-BMW-F800GSEXPLORER-0006,BMW,F800GS Explorer,,"2017,2018",2017,2018,2300.0,945.0,1350.0,1350.0,UNKNOWN,UNKNOWN,STANDARD,2,bikez,https://bikez.com/motorcycles/bmw_f_800_gs_2017.php | https://bikez.com/motorcycles/bmw_f_800_gs_2018.php,LOW,REVIEW
MOTO-DIM-BMW-F800GSURBAN-0001,BMW,F800GS Urban,,"2008,2009,2013,2014",,,2320.0,945.0,1350.0,1350.0,HANDLEBAR_WIDTH,UNKNOWN,STANDARD,4,motorcyclespecs,https://www.motorcyclespecs.co.za/model/bmw/bmw-f800gs-08.html | https://www.motorcyclespecs.co.za/model/bmw/bmw-f800gs-09.html | https://www.motorcyclespecs.co.za/model/bmw/bmw-f800gs-13.html | https://www.motorcyclespecs.co.za/model/bmw/bmw-f800gs-14.html,LOW,REVIEW
MOTO-DIM-BMW-F800GSURBAN-0002,BMW,F800GS Urban,,"2010,2011,2012",2010,2012,2320.0,945.0,1350.0,1350.0,UNKNOWN,UNKNOWN,UNKNOWN,3,motorcyclespecs,https://www.motorcyclespecs.co.za/model/bmw/bmw-f800gs-10.html | https://www.motorcyclespecs.co.za/model/bmw/bmw-f800gs-11.html | https://www.motorcyclespecs.co.za/model/bmw/bmw-f800gs-12.html,LOW,REVIEW
MOTO-DIM-BMW-F800GSURBAN-0003,BMW,F800GS Urban,,2024,2024,2024,2296.0,,,,UNKNOWN,UNKNOWN,STANDARD,1,motorcyclespecs,https://www.motorcyclespecs.co.za/model/bmw/bmw-f800gs-2024.html,LOW,REVIEW
MOTO-DIM-BMW-F800GSURBAN-0004,BMW,F800GS Urban,,2026,2026,2026,2296.0,910.0,,,UNKNOWN,UNKNOWN,UNKNOWN,1,1000ps,https://www.1000ps.com/en-gb/model/3261/bmw-f-800-gs,LOW,REVIEW
MOTO-DIM-BMW-F800GSURBAN-0005,BMW,F800GS Urban,,"2015,2016",2015,2016,2320.0,945.0,1350.0,1350.0,UNKNOWN,UNKNOWN,STANDARD,2,bikez,https://bikez.com/motorcycles/bmw_f_800_gs_2015.php | https://bikez.com/motorcycles/bmw_f_800_gs_2016.php,LOW,REVIEW
MOTO-DIM-BMW-F800GSURBAN-0006,BMW,F800GS Urban,,"2017,2018",2017,2018,2300.0,945.0,1350.0,1350.0,UNKNOWN,UNKNOWN,STANDARD,2,bikez,https://bikez.com/motorcycles/bmw_f_800_gs_2017.php | https://bikez.com/motorcycles/bmw_f_800_gs_2018.php,LOW,REVIEW
MOTO-DIM-BMW-F800GT-0001,BMW,F800GT,,"2013,2014,2015,2016,2017",2013,2017,2156.0,905.0,1248.0,1248.0,HANDLEBAR_WIDTH,UNKNOWN,STANDARD,5,motorcyclespecs,https://www.motorcyclespecs.co.za/model/bmw/bmw-f800gt-13.html | https://www.motorcyclespecs.co.za/model/bmw/bmw-f800gt-14.html | https://www.motorcyclespecs.co.za/model/bmw/bmw-f800gt-15.html | https://www.motorcyclespecs.co.za/model/bmw/bmw-f800gt-16.html | https://www.motorcyclespecs.co.za/model/bmw/bmw-f800gt-17.html,LOW,REVIEW
MOTO-DIM-BMW-F800GT-0002,BMW,F800GT,,"2018,2019",2018,2019,2156.0,905.0,1248.0,1248.0,UNKNOWN,UNKNOWN,STANDARD,2,bikez,https://bikez.com/motorcycles/bmw_f_800_gt_2019.php | https://bikez.com/motorcycles/bmw_f_800_gt_2018.php,LOW,REVIEW
MOTO-DIM-BMW-F800R-0001,BMW,F800R,,"2009,2010,2017",,,2145.0,905.0,1160.0,1160.0,HANDLEBAR_WIDTH,UNKNOWN,STANDARD,3,motorcyclespecs,https://www.motorcyclespecs.co.za/model/bmw/bmw-f800r-10.html | https://www.motorcyclespecs.co.za/model/bmw/bmw-f800r-17.html | https://www.motorcyclespecs.co.za/model/bmw/bmw-f800r.html,LOW,REVIEW
MOTO-DIM-BMW-F800R-0002,BMW,F800R,,"2011,2012",2011,2012,2145.0,905.0,1160.0,1160.0,UNKNOWN,UNKNOWN,STANDARD,2,motorcyclespecs,https://www.motorcyclespecs.co.za/model/bmw/bmw-f800r-11.html | https://www.motorcyclespecs.co.za/model/bmw/bmw-f800r-12.html,LOW,REVIEW
MOTO-DIM-BMW-F800R-0003,BMW,F800R,,"2013,2014",2013,2014,2145.0,905.0,1160.0,1160.0,HANDLEBAR_WIDTH,UNKNOWN,WITH_SIDE_CASES,2,motorcyclespecs,https://www.motorcyclespecs.co.za/model/bmw/bmw-f800r-13.html | https://www.motorcyclespecs.co.za/model/bmw/bmw-f800r-14.html,LOW,REVIEW
MOTO-DIM-BMW-F800R-0004,BMW,F800R,,"2015,2016",2015,2016,2145.0,905.0,1160.0,1160.0,HANDLEBAR_WIDTH,UNKNOWN,WITH_TOP_BOX,2,motorcyclespecs,https://www.motorcyclespecs.co.za/model/bmw/bmw-f800r-15.html | https://www.motorcyclespecs.co.za/model/bmw/bmw-f800r-16.html,LOW,REVIEW
MOTO-DIM-BMW-F800R-0005,BMW,F800R,,"2018,2019",2018,2019,2145.0,860.0,1235.0,1235.0,UNKNOWN,UNKNOWN,STANDARD,2,bikez,https://bikez.com/motorcycles/bmw_f_800_r_2018.php | https://bikez.com/motorcycles/bmw_f_800_r_2019.php,LOW,REVIEW
MOTO-DIM-BMW-F800S-0001,BMW,F800S,,"2006,2007,2008,2009,2010",2006,2010,2082.0,860.0,1155.0,1155.0,UNKNOWN,UNKNOWN,STANDARD,5,motorcyclespecs,https://www.motorcyclespecs.co.za/model/bmw/bmw-f800s-06.html | https://www.motorcyclespecs.co.za/model/bmw/bmw-f800s-07.html | https://www.motorcyclespecs.co.za/model/bmw/bmw-f800s-08.html | https://www.motorcyclespecs.co.za/model/bmw/bmw-f800s-09.html | https://www.motorcyclespecs.co.za/model/bmw/bmw-f800s-10.html,LOW,REVIEW
MOTO-DIM-BMW-F800ST-0001,BMW,F800ST,,2007,2007,2007,2195.0,,860.0,860.0,UNKNOWN,UNKNOWN,STANDARD,1,bikez,https://bikez.com/motorcycles/bmw_f800_st_2007.php,LOW,REVIEW
MOTO-DIM-BMW-F800ST-0002,BMW,F800ST,,2008,2008,2008,2082.0,860.0,,,UNKNOWN,UNKNOWN,STANDARD,1,bikez,https://bikez.com/motorcycles/bmw_f_800_st_2008.php,LOW,REVIEW
MOTO-DIM-BMW-F800ST-0003,BMW,F800ST,,2009,2009,2009,2082.0,860.0,,,UNKNOWN,UNKNOWN,STANDARD,1,bikez,https://bikez.com/motorcycles/bmw_f_800_st_2009.php,LOW,REVIEW
MOTO-DIM-BMW-F800ST-0004,BMW,F800ST,,"2010,2011",2010,2011,2082.0,860.0,1155.0,1155.0,UNKNOWN,UNKNOWN,STANDARD,2,bikez,https://bikez.com/motorcycles/bmw_f_800_st_2010.php | https://bikez.com/motorcycles/bmw_f_800_st_2011.php,LOW,REVIEW
MOTO-DIM-BMW-F800ST-0005,BMW,F800ST,,2012,2012,2012,2082.0,860.0,1155.0,1155.0,UNKNOWN,UNKNOWN,UNKNOWN,1,1000ps,https://www.1000ps.com/en-gb/model/2303/bmw-f-800-st,LOW,REVIEW
MOTO-DIM-BMW-F800ST-0006,BMW,F800ST,,2013,2013,2013,,860.0,,,HANDLEBAR_WIDTH,UNKNOWN,STANDARD,1,motorcyclespecs,https://www.motorcyclespecs.co.za/model/bmw/bmw-f800st-13.html,LOW,REVIEW
MOTO-DIM-BMW-F850GS-0001,BMW,F850GS,,2018,2018,2018,2280.0,922.0,1225.0,1225.0,UNKNOWN,UNKNOWN,STANDARD,1,bikez,https://bikez.com/motorcycles/bmw_f_850_gs_2018.php,LOW,REVIEW
MOTO-DIM-BMW-F850GS-0002,BMW,F850GS,,"2019,2020,2022,2023",,,2305.0,922.0,1356.0,1356.0,UNKNOWN,UNKNOWN,STANDARD,4,bikez,https://bikez.com/motorcycles/bmw_f_850_gs_2019.php | https://bikez.com/motorcycles/bmw_f_850_gs_2020.php | https://bikez.com/motorcycles/bmw_f_850_gs_2023.php | https://bikez.com/motorcycles/bmw_f_850_gs_2022.php,LOW,REVIEW
MOTO-DIM-BMW-F850GS-0003,BMW,F850GS,,2021,2021,2021,2305.0,922.0,1356.0,1356.0,HANDLEBAR_WIDTH,UNKNOWN,STANDARD,1,motorcyclespecs,https://www.motorcyclespecs.co.za/model/bmw/bmw-f850gs-21.html,LOW,REVIEW
MOTO-DIM-BMW-F850GS40YEARSGSEDITION-0001,BMW,F850GS 40 Years GS Edition,,2021,2021,2021,2305.0,922.0,1356.0,1356.0,HANDLEBAR_WIDTH,UNKNOWN,STANDARD,1,motorcyclespecs,https://www.motorcyclespecs.co.za/model/bmw/bmw-f850gs-40th.html,MEDIUM,REVIEW
MOTO-DIM-BMW-F850GSA-0001,BMW,F850GS A,,2018,2018,2018,2280.0,922.0,1225.0,1225.0,UNKNOWN,UNKNOWN,STANDARD,1,bikez,https://bikez.com/motorcycles/bmw_f_850_gs_2018.php,LOW,REVIEW
MOTO-DIM-BMW-F850GSA-0002,BMW,F850GS A,,"2019,2020,2022,2023",,,2305.0,922.0,1356.0,1356.0,UNKNOWN,UNKNOWN,STANDARD,4,bikez,https://bikez.com/motorcycles/bmw_f_850_gs_2019.php | https://bikez.com/motorcycles/bmw_f_850_gs_2020.php | https://bikez.com/motorcycles/bmw_f_850_gs_2023.php | https://bikez.com/motorcycles/bmw_f_850_gs_2022.php,LOW,REVIEW
MOTO-DIM-BMW-F850GSA-0003,BMW,F850GS A,,2021,2021,2021,2305.0,922.0,1356.0,1356.0,HANDLEBAR_WIDTH,UNKNOWN,STANDARD,1,motorcyclespecs,https://www.motorcyclespecs.co.za/model/bmw/bmw-f850gs-21.html,LOW,REVIEW
MOTO-DIM-BMW-F850GSADVENTURE-0001,BMW,F850GS Adventure,,"2019,2020",2019,2020,2300.0,939.0,1437.0,1437.0,UNKNOWN,UNKNOWN,STANDARD,2,motorcyclespecs,https://www.motorcyclespecs.co.za/model/bmw/bmw-f850gs-adven-19.html | https://www.motorcyclespecs.co.za/model/bmw/bmw-f850gs-adven-20.html,LOW,REVIEW
MOTO-DIM-BMW-F850GSADVENTURE-0002,BMW,F850GS Adventure,,"2021,2022",2021,2022,2300.0,939.0,1437.0,1437.0,HANDLEBAR_WIDTH,UNKNOWN,STANDARD,2,motorcyclespecs,https://www.motorcyclespecs.co.za/model/bmw/bmw-f850gs-adven-21.html | https://www.motorcyclespecs.co.za/model/bmw/bmw-f850gs-adven-22.html,LOW,REVIEW
MOTO-DIM-BMW-F850GSADVENTURE-0003,BMW,F850GS Adventure,,2023,2023,2023,2300.0,939.0,1437.0,1437.0,UNKNOWN,UNKNOWN,UNKNOWN,1,1000ps,https://www.1000ps.com/en-gb/model/9549/bmw-f-850-gs-adventure,LOW,REVIEW
MOTO-DIM-BMW-F850GSADVENTURE40YEARSGSEDITION-0001,BMW,F850GS Adventure 40 Years GS Edition,,2021,2021,2021,2300.0,939.0,1437.0,1437.0,HANDLEBAR_WIDTH,UNKNOWN,STANDARD,1,motorcyclespecs,https://www.motorcyclespecs.co.za/model/bmw/bmw-f850gs-adven-40th.html,MEDIUM,REVIEW
MOTO-DIM-BMW-F900GS-0001,BMW,F900GS,,2024,2024,2024,,943.0,,,HANDLEBAR_WIDTH,UNKNOWN,STANDARD,1,motorcyclespecs,https://www.motorcyclespecs.co.za/model/bmw/bmw-f900gs-2024.html,LOW,REVIEW
MOTO-DIM-BMW-F900GS-0002,BMW,F900GS,,2026,2026,2026,2270.0,943.0,,,UNKNOWN,UNKNOWN,STANDARD,1,1000ps,https://www.1000ps.com/en-gb/model/12168/bmw-f-900-gs,LOW,REVIEW
MOTO-DIM-BMW-F900GS-0003,BMW,F900GS,,,,,2270.0,943.0,1393.0,1393.0,UNKNOWN,UNKNOWN,UNKNOWN,1,bikedekho,https://www.bikedekho.com/bmw-bikes/f-900-gs/specifications,LOW,REVIEW
MOTO-DIM-BMW-F900GSADVENTURE-0001,BMW,F900GS Adventure,,2024,2024,2024,2300.0,939.0,,,HANDLEBAR_WIDTH,UNKNOWN,STANDARD,1,motorcyclespecs,https://www.motorcyclespecs.co.za/model/bmw/bmw-f900gs-adventure-2024.html,MEDIUM,REVIEW
MOTO-DIM-BMW-F900GSADVENTURE-0002,BMW,F900GS Adventure,,2026,2026,2026,2300.0,939.0,,,UNKNOWN,UNKNOWN,UNKNOWN,1,1000ps,https://www.1000ps.com/en-gb/model/12169/bmw-f-900-gs-adventure,MEDIUM,REVIEW
MOTO-DIM-BMW-F900GSADVENTUREEQUIPADA-0001,BMW,F900GS Adventure Equipada,,2024,2024,2024,2300.0,939.0,,,HANDLEBAR_WIDTH,UNKNOWN,STANDARD,1,motorcyclespecs,https://www.motorcyclespecs.co.za/model/bmw/bmw-f900gs-adventure-2024.html,MEDIUM,REVIEW
MOTO-DIM-BMW-F900GSADVENTUREEQUIPADA-0002,BMW,F900GS Adventure Equipada,,2026,2026,2026,2300.0,939.0,,,UNKNOWN,UNKNOWN,UNKNOWN,1,1000ps,https://www.1000ps.com/en-gb/model/12169/bmw-f-900-gs-adventure,MEDIUM,REVIEW
MOTO-DIM-BMW-F900GSADVENTURETOURING-0001,BMW,F900GS Adventure Touring,,2024,2024,2024,2300.0,939.0,,,HANDLEBAR_WIDTH,UNKNOWN,STANDARD,1,motorcyclespecs,https://www.motorcyclespecs.co.za/model/bmw/bmw-f900gs-adventure-2024.html,LOW,REVIEW
MOTO-DIM-BMW-F900GSADVENTURETOURING-0002,BMW,F900GS Adventure Touring,,2026,2026,2026,2270.0,943.0,,,UNKNOWN,UNKNOWN,STANDARD,1,1000ps,https://www.1000ps.com/en-gb/model/12168/bmw-f-900-gs,LOW,REVIEW
MOTO-DIM-BMW-F900GSADVENTURETOURING-0003,BMW,F900GS Adventure Touring,,,,,2270.0,943.0,1393.0,1393.0,UNKNOWN,UNKNOWN,UNKNOWN,1,bikedekho,https://www.bikedekho.com/bmw-bikes/f-900-gs/specifications,LOW,REVIEW
MOTO-DIM-BMW-F900GSADVENTUREURBANEXPLORER-0001,BMW,F900GS Adventure Urban Explorer,,2024,2024,2024,2300.0,939.0,,,HANDLEBAR_WIDTH,UNKNOWN,STANDARD,1,motorcyclespecs,https://www.motorcyclespecs.co.za/model/bmw/bmw-f900gs-adventure-2024.html,MEDIUM,REVIEW
MOTO-DIM-BMW-F900GSADVENTUREURBANEXPLORER-0002,BMW,F900GS Adventure Urban Explorer,,2026,2026,2026,2300.0,939.0,,,UNKNOWN,UNKNOWN,UNKNOWN,1,1000ps,https://www.1000ps.com/en-gb/model/12169/bmw-f-900-gs-adventure,MEDIUM,REVIEW
MOTO-DIM-BMW-F900GSEQUIPADA-0001,BMW,F900GS Equipada,,2024,2024,2024,,943.0,,,HANDLEBAR_WIDTH,UNKNOWN,STANDARD,1,motorcyclespecs,https://www.motorcyclespecs.co.za/model/bmw/bmw-f900gs-2024.html,LOW,REVIEW
MOTO-DIM-BMW-F900GSEQUIPADA-0002,BMW,F900GS Equipada,,2026,2026,2026,2270.0,943.0,,,UNKNOWN,UNKNOWN,STANDARD,1,1000ps,https://www.1000ps.com/en-gb/model/12168/bmw-f-900-gs,LOW,REVIEW
MOTO-DIM-BMW-F900GSEQUIPADA-0003,BMW,F900GS Equipada,,,,,2270.0,943.0,1393.0,1393.0,UNKNOWN,UNKNOWN,UNKNOWN,1,bikedekho,https://www.bikedekho.com/bmw-bikes/f-900-gs/specifications,LOW,REVIEW
MOTO-DIM-BMW-F900R-0001,BMW,F900R,,2020,2020,2020,2140.0,815.0,1130.0,1130.0,UNKNOWN,UNKNOWN,STANDARD,1,motorcyclespecs,https://www.motorcyclespecs.co.za/model/bmw/bmw-f900r-20.html,LOW,REVIEW
MOTO-DIM-BMW-F900R-0002,BMW,F900R,,2025,2025,2025,2141.0,871.0,,,HANDLEBAR_WIDTH,UNKNOWN,STANDARD,1,motorcyclespecs,https://www.motorcyclespecs.co.za/model/bmw/bmw-f900r-2025.html,LOW,REVIEW
MOTO-DIM-BMW-F900R-0003,BMW,F900R,,2026,2026,2026,2140.0,870.0,,,UNKNOWN,UNKNOWN,STANDARD,1,1000ps,https://www.1000ps.com/en-gb/model/9948/bmw-f-900-r,LOW,REVIEW
MOTO-DIM-BMW-F900R-0004,BMW,F900R,,"2022,2023",2022,2023,2140.0,860.0,1130.0,1130.0,HANDLEBAR_WIDTH,UNKNOWN,STANDARD,2,bikez,https://bikez.com/motorcycles/bmw_f_900_r_2022.php | https://bikez.com/motorcycles/bmw_f_900_r_2023.php,LOW,REVIEW
MOTO-DIM-BMW-F900RDYBANUC-0001,BMW,F900R Dybanuc,,2020,2020,2020,2140.0,815.0,1130.0,1130.0,UNKNOWN,UNKNOWN,STANDARD,1,motorcyclespecs,https://www.motorcyclespecs.co.za/model/bmw/bmw-f900r-20.html,LOW,REVIEW
MOTO-DIM-BMW-F900RDYBANUC-0002,BMW,F900R Dybanuc,,2025,2025,2025,2141.0,871.0,,,HANDLEBAR_WIDTH,UNKNOWN,STANDARD,1,motorcyclespecs,https://www.motorcyclespecs.co.za/model/bmw/bmw-f900r-2025.html,LOW,REVIEW
MOTO-DIM-BMW-F900RDYBANUC-0003,BMW,F900R Dybanuc,,2026,2026,2026,2140.0,870.0,,,UNKNOWN,UNKNOWN,STANDARD,1,1000ps,https://www.1000ps.com/en-gb/model/9948/bmw-f-900-r,LOW,REVIEW
MOTO-DIM-BMW-F900RDYBANUC-0004,BMW,F900R Dybanuc,,"2022,2023",2022,2023,2140.0,860.0,1130.0,1130.0,HANDLEBAR_WIDTH,UNKNOWN,STANDARD,2,bikez,https://bikez.com/motorcycles/bmw_f_900_r_2022.php | https://bikez.com/motorcycles/bmw_f_900_r_2023.php,LOW,REVIEW
MOTO-DIM-BMW-F900REQUIPADA-0001,BMW,F900R Equipada,,2020,2020,2020,2140.0,815.0,1130.0,1130.0,UNKNOWN,UNKNOWN,STANDARD,1,motorcyclespecs,https://www.motorcyclespecs.co.za/model/bmw/bmw-f900r-20.html,LOW,REVIEW
MOTO-DIM-BMW-F900REQUIPADA-0002,BMW,F900R Equipada,,2025,2025,2025,2141.0,871.0,,,HANDLEBAR_WIDTH,UNKNOWN,STANDARD,1,motorcyclespecs,https://www.motorcyclespecs.co.za/model/bmw/bmw-f900r-2025.html,LOW,REVIEW
MOTO-DIM-BMW-F900REQUIPADA-0003,BMW,F900R Equipada,,2026,2026,2026,2140.0,870.0,,,UNKNOWN,UNKNOWN,STANDARD,1,1000ps,https://www.1000ps.com/en-gb/model/9948/bmw-f-900-r,LOW,REVIEW
MOTO-DIM-BMW-F900REQUIPADA-0004,BMW,F900R Equipada,,"2022,2023",2022,2023,2140.0,860.0,1130.0,1130.0,HANDLEBAR_WIDTH,UNKNOWN,STANDARD,2,bikez,https://bikez.com/motorcycles/bmw_f_900_r_2022.php | https://bikez.com/motorcycles/bmw_f_900_r_2023.php,LOW,REVIEW
MOTO-DIM-BMW-F900RLWR-0001,BMW,F900R LWR,,2020,2020,2020,2140.0,815.0,1130.0,1130.0,UNKNOWN,UNKNOWN,STANDARD,1,motorcyclespecs,https://www.motorcyclespecs.co.za/model/bmw/bmw-f900r-20.html,LOW,REVIEW
MOTO-DIM-BMW-F900RLWR-0002,BMW,F900R LWR,,2025,2025,2025,2141.0,871.0,,,HANDLEBAR_WIDTH,UNKNOWN,STANDARD,1,motorcyclespecs,https://www.motorcyclespecs.co.za/model/bmw/bmw-f900r-2025.html,LOW,REVIEW
MOTO-DIM-BMW-F900RLWR-0003,BMW,F900R LWR,,2026,2026,2026,2140.0,870.0,,,UNKNOWN,UNKNOWN,STANDARD,1,1000ps,https://www.1000ps.com/en-gb/model/9948/bmw-f-900-r,LOW,REVIEW
MOTO-DIM-BMW-F900RLWR-0004,BMW,F900R LWR,,"2022,2023",2022,2023,2140.0,860.0,1130.0,1130.0,HANDLEBAR_WIDTH,UNKNOWN,STANDARD,2,bikez,https://bikez.com/motorcycles/bmw_f_900_r_2022.php | https://bikez.com/motorcycles/bmw_f_900_r_2023.php,LOW,REVIEW
MOTO-DIM-BMW-F900RURBAN-0001,BMW,F900R Urban,,2020,2020,2020,2140.0,815.0,1130.0,1130.0,UNKNOWN,UNKNOWN,STANDARD,1,motorcyclespecs,https://www.motorcyclespecs.co.za/model/bmw/bmw-f900r-20.html,LOW,REVIEW
MOTO-DIM-BMW-F900RURBAN-0002,BMW,F900R Urban,,2025,2025,2025,2141.0,871.0,,,HANDLEBAR_WIDTH,UNKNOWN,STANDARD,1,motorcyclespecs,https://www.motorcyclespecs.co.za/model/bmw/bmw-f900r-2025.html,LOW,REVIEW
MOTO-DIM-BMW-F900RURBAN-0003,BMW,F900R Urban,,2026,2026,2026,2140.0,870.0,,,UNKNOWN,UNKNOWN,STANDARD,1,1000ps,https://www.1000ps.com/en-gb/model/9948/bmw-f-900-r,LOW,REVIEW
MOTO-DIM-BMW-F900RURBAN-0004,BMW,F900R Urban,,"2022,2023",2022,2023,2140.0,860.0,1130.0,1130.0,HANDLEBAR_WIDTH,UNKNOWN,STANDARD,2,bikez,https://bikez.com/motorcycles/bmw_f_900_r_2022.php | https://bikez.com/motorcycles/bmw_f_900_r_2023.php,LOW,REVIEW
MOTO-DIM-BMW-F900XR-0001,BMW,F900XR,,2020,2020,2020,2160.0,860.0,1320.0,1320.0,UNKNOWN,UNKNOWN,STANDARD,1,motorcyclespecs,https://www.motorcyclespecs.co.za/model/bmw/bmw-f900xr-20.html,LOW,REVIEW
MOTO-DIM-BMW-F900XR-0002,BMW,F900XR,,2025,2025,2025,2159.0,919.0,,,HANDLEBAR_WIDTH,UNKNOWN,STANDARD,1,motorcyclespecs,https://www.motorcyclespecs.co.za/model/bmw/bmw-f900xr-2025.html,LOW,REVIEW
MOTO-DIM-BMW-F900XR-0003,BMW,F900XR,,2026,2026,2026,2160.0,920.0,,,UNKNOWN,UNKNOWN,UNKNOWN,1,1000ps,https://www.1000ps.com/en-gb/model/9949/bmw-f-900-xr,LOW,REVIEW
MOTO-DIM-BMW-F900XR-0004,BMW,F900XR,,"2021,2022,2023",2021,2023,2160.0,860.0,1420.0,1420.0,UNKNOWN,UNKNOWN,STANDARD,3,bikez,https://bikez.com/motorcycles/bmw_f_900_xr_2021.php | https://bikez.com/motorcycles/bmw_f_900_xr_2022.php | https://bikez.com/motorcycles/bmw_f_900_xr_2023.php,LOW,REVIEW
MOTO-DIM-BMW-F900XREQUIPADA-0001,BMW,F900XR Equipada,,2020,2020,2020,2160.0,860.0,1320.0,1320.0,UNKNOWN,UNKNOWN,STANDARD,1,motorcyclespecs,https://www.motorcyclespecs.co.za/model/bmw/bmw-f900xr-20.html,LOW,REVIEW
MOTO-DIM-BMW-F900XREQUIPADA-0002,BMW,F900XR Equipada,,2025,2025,2025,2159.0,919.0,,,HANDLEBAR_WIDTH,UNKNOWN,STANDARD,1,motorcyclespecs,https://www.motorcyclespecs.co.za/model/bmw/bmw-f900xr-2025.html,LOW,REVIEW
MOTO-DIM-BMW-F900XREQUIPADA-0003,BMW,F900XR Equipada,,2026,2026,2026,2160.0,920.0,,,UNKNOWN,UNKNOWN,UNKNOWN,1,1000ps,https://www.1000ps.com/en-gb/model/9949/bmw-f-900-xr,LOW,REVIEW
MOTO-DIM-BMW-F900XREQUIPADA-0004,BMW,F900XR Equipada,,"2021,2022,2023",2021,2023,2160.0,860.0,1420.0,1420.0,UNKNOWN,UNKNOWN,STANDARD,3,bikez,https://bikez.com/motorcycles/bmw_f_900_xr_2021.php | https://bikez.com/motorcycles/bmw_f_900_xr_2022.php | https://bikez.com/motorcycles/bmw_f_900_xr_2023.php,LOW,REVIEW
MOTO-DIM-BMW-F900XRLWR-0001,BMW,F900XR LWR,,2020,2020,2020,2160.0,860.0,1320.0,1320.0,UNKNOWN,UNKNOWN,STANDARD,1,motorcyclespecs,https://www.motorcyclespecs.co.za/model/bmw/bmw-f900xr-20.html,LOW,REVIEW
MOTO-DIM-BMW-F900XRLWR-0002,BMW,F900XR LWR,,2025,2025,2025,2159.0,919.0,,,HANDLEBAR_WIDTH,UNKNOWN,STANDARD,1,motorcyclespecs,https://www.motorcyclespecs.co.za/model/bmw/bmw-f900xr-2025.html,LOW,REVIEW
MOTO-DIM-BMW-F900XRLWR-0003,BMW,F900XR LWR,,2026,2026,2026,2160.0,920.0,,,UNKNOWN,UNKNOWN,UNKNOWN,1,1000ps,https://www.1000ps.com/en-gb/model/9949/bmw-f-900-xr,LOW,REVIEW
MOTO-DIM-BMW-F900XRLWR-0004,BMW,F900XR LWR,,"2021,2022,2023",2021,2023,2160.0,860.0,1420.0,1420.0,UNKNOWN,UNKNOWN,STANDARD,3,bikez,https://bikez.com/motorcycles/bmw_f_900_xr_2021.php | https://bikez.com/motorcycles/bmw_f_900_xr_2022.php | https://bikez.com/motorcycles/bmw_f_900_xr_2023.php,LOW,REVIEW
MOTO-DIM-BMW-G310GS-0001,BMW,G310GS,,2025,2025,2025,2075.0,880.0,1230.0,1230.0,UNKNOWN,UNKNOWN,UNKNOWN,1,1000ps,https://www.1000ps.com/en-gb/model/8841/bmw-g-310-gs,LOW,REVIEW
MOTO-DIM-BMW-G310GS-0002,BMW,G310GS,,"2017,2018",2017,2018,2075.0,880.0,1080.0,1080.0,UNKNOWN,UNKNOWN,STANDARD,2,bikez,https://bikez.com/motorcycles/bmw_g_310_gs_2017.php | https://bikez.com/motorcycles/bmw_g_310_gs_2018.php,LOW,REVIEW
MOTO-DIM-BMW-G310GS-0003,BMW,G310GS,,"2019,2020,2023",,,2075.0,880.0,1230.0,1230.0,UNKNOWN,UNKNOWN,STANDARD,3,bikez,https://bikez.com/motorcycles/bmw_g_310_gs_2019.php | https://bikez.com/motorcycles/bmw_g_310_gs_2020.php | https://bikez.com/motorcycles/bmw_g_310_gs_2023.php,LOW,REVIEW
MOTO-DIM-BMW-G310GS-0004,BMW,G310GS,,2021,2021,2021,2075.0,,1230.0,1230.0,UNKNOWN,UNKNOWN,STANDARD,1,bikez,https://bikez.com/motorcycles/bmw_g_310_gs_2021.php,LOW,REVIEW
MOTO-DIM-BMW-G310GS-0005,BMW,G310GS,,2022,2022,2022,2075.0,80.0,1230.0,1230.0,HANDLEBAR_WIDTH,UNKNOWN,UNKNOWN,1,motorcyclespecs,https://www.motorcyclespecs.co.za/model/bmw/bmw-g310gs-22.html,LOW,REVIEW
MOTO-DIM-BMW-G310R-0001,BMW,G310R,,2016,2016,2016,1988.0,896.0,,,UNKNOWN,UNKNOWN,STANDARD,1,motorcyclespecs,https://www.motorcyclespecs.co.za/model/bmw/bmw-g310r-16.html,LOW,REVIEW
MOTO-DIM-BMW-G310R-0002,BMW,G310R,,"2017,2018,2019",2017,2019,2005.0,820.0,1080.0,1080.0,UNKNOWN,UNKNOWN,STANDARD,3,bikez,https://bikez.com/motorcycles/bmw_g_310_r_2017.php | https://bikez.com/motorcycles/bmw_g_310_r_2018.php | https://bikez.com/motorcycles/bmw_g_310_r_2019.php,LOW,REVIEW
MOTO-DIM-BMW-G310R-0003,BMW,G310R,,"2020,2023",,,2005.0,849.0,1080.0,1080.0,UNKNOWN,UNKNOWN,STANDARD,2,bikez,https://bikez.com/motorcycles/bmw_g_310_r_2020.php | https://bikez.com/motorcycles/bmw_g_310_r_2023.php,LOW,REVIEW
MOTO-DIM-BMW-G310R-0004,BMW,G310R,,"2021,2022",2021,2022,2005.0,849.0,1080.0,1080.0,HANDLEBAR_WIDTH,UNKNOWN,STANDARD,2,motorcyclespecs,https://www.motorcyclespecs.co.za/model/bmw/bmw-g310r-21.html | https://www.motorcyclespecs.co.za/model/bmw/bmw-g310r-22.html,LOW,REVIEW
MOTO-DIM-BMW-G310R-0005,BMW,G310R,,2025,2025,2025,2005.0,849.0,,,UNKNOWN,UNKNOWN,UNKNOWN,1,1000ps,https://www.1000ps.com/en-gb/model/8387/bmw-g-310-r,LOW,REVIEW
MOTO-DIM-BMW-G450X-0001,BMW,G450X,,"2008,2009",2008,2009,2200.0,806.0,1475.0,1475.0,HANDLEBAR_WIDTH,UNKNOWN,STANDARD,2,motorcyclespecs,https://www.motorcyclespecs.co.za/model/bmw/bmw-g450x-08.html | https://www.motorcyclespecs.co.za/model/bmw/bmw-g450x-09.html,LOW,REVIEW
MOTO-DIM-BMW-G450X-0002,BMW,G450X,,"2010,2011",2010,2011,2200.0,806.0,1475.0,1475.0,UNKNOWN,UNKNOWN,STANDARD,2,motorcyclespecs,https://www.motorcyclespecs.co.za/model/bmw/bmw-g450x-10.html | https://www.motorcyclespecs.co.za/model/bmw/bmw-g450x-11.html,LOW,REVIEW
MOTO-DIM-BMW-G650XCOUNTRY-0001,BMW,G650 Xcountry,,2010,2010,2010,2185.0,907.0,1205.0,1205.0,UNKNOWN,UNKNOWN,UNKNOWN,1,1000ps,https://www.1000ps.com/en-gb/model/2637/bmw-g-650-xcountry,MEDIUM,REVIEW
MOTO-DIM-BMW-G650XCOUNTRY-0002,BMW,G650 Xcountry,,2008,2008,2008,2185.0,907.0,1240.0,1240.0,UNKNOWN,UNKNOWN,STANDARD,1,bikez,https://bikez.com/motorcycles/bmw_g_650_xcountry_2008.php,MEDIUM,REVIEW
MOTO-DIM-BMW-G650XCOUNTRY-0003,BMW,G650 Xcountry,,2009,2009,2009,2185.0,907.0,,,UNKNOWN,UNKNOWN,STANDARD,1,bikez,https://bikez.com/motorcycles/bmw_g_650_xcountry_2009.php,MEDIUM,REVIEW
MOTO-DIM-BMW-G650XMOTO-0001,BMW,G650 Xmoto,,2010,2010,2010,2155.0,907.0,1190.0,1190.0,UNKNOWN,UNKNOWN,UNKNOWN,1,1000ps,https://www.1000ps.com/en-gb/model/2636/bmw-g-650-xmoto,MEDIUM,REVIEW
MOTO-DIM-BMW-G650XMOTO-0002,BMW,G650 Xmoto,,2008,2008,2008,2155.0,,1240.0,1240.0,UNKNOWN,UNKNOWN,STANDARD,1,bikez,https://bikez.com/motorcycles/bmw_g_650_xmoto_2008.php,MEDIUM,REVIEW
MOTO-DIM-BMW-G650XMOTO-0003,BMW,G650 Xmoto,,2009,2009,2009,2155.0,907.0,,,UNKNOWN,UNKNOWN,STANDARD,1,bikez,https://bikez.com/motorcycles/bmw_g_650_xmoto_2009.php,MEDIUM,REVIEW
MOTO-DIM-BMW-G650GS-0001,BMW,G650GS,,"2012,2014",,,2185.0,920.0,1440.0,1440.0,WITH_SIDE_CASES,UNKNOWN,WITH_SIDE_CASES,3,motorcyclespecs,https://www.motorcyclespecs.co.za/model/bmw/bmw-f650gs-12.html | https://www.motorcyclespecs.co.za/model/bmw/bmw-f650gs-13.html | https://www.motorcyclespecs.co.za/model/bmw/bmw-f650gs-14.html,LOW,REVIEW
MOTO-DIM-BMW-G650GS-0002,BMW,G650GS,,2009,2009,2009,2185.0,920.0,1440.0,1440.0,UNKNOWN,UNKNOWN,STANDARD,1,motorcyclespecs,https://www.motorcyclespecs.co.za/model/bmw/bmw-g650gs-09.html,LOW,REVIEW
MOTO-DIM-BMW-G650GS-0003,BMW,G650GS,,2010,2010,2010,2185.0,920.0,1440.0,1440.0,HANDLEBAR_WIDTH,UNKNOWN,WITH_SIDE_CASES,1,motorcyclespecs,https://www.motorcyclespecs.co.za/model/bmw/bmw-g650gs-10.html,LOW,REVIEW
MOTO-DIM-BMW-G650GS-0004,BMW,G650GS,,2011,2011,2011,2185.0,920.0,1440.0,1440.0,HANDLEBAR_WIDTH,UNKNOWN,STANDARD,1,motorcyclespecs,https://www.motorcyclespecs.co.za/model/bmw/bmw-g650gs-11.html,LOW,REVIEW
MOTO-DIM-BMW-G650GS-0005,BMW,G650GS,,"2015,2016,2017",2015,2017,2165.0,920.0,1390.0,1390.0,UNKNOWN,UNKNOWN,STANDARD,3,bikez,https://bikez.com/motorcycles/bmw_g_650_gs_2016.php | https://bikez.com/motorcycles/bmw_g_650_gs_2015.php | https://bikez.com/motorcycles/bmw_g_650_gs_2017.php,LOW,REVIEW
MOTO-DIM-BMW-G650GS-0006,BMW,G650GS,,2013,2013,2013,2159.0,914.0,1397.0,1397.0,UNKNOWN,UNKNOWN,STANDARD,1,bikez,https://bikez.com/motorcycles/bmw_g_650_gs_2013.php,LOW,REVIEW
MOTO-DIM-BMW-G650GSSERTAO-0001,BMW,G650GS Sertao,,2012,,,2185.0,920.0,1440.0,1440.0,HANDLEBAR_WIDTH,UNKNOWN,STANDARD,2,motorcyclespecs,https://www.motorcyclespecs.co.za/model/bmw/bmw-f650gs-sertao-12.html | https://www.motorcyclespecs.co.za/model/bmw/bmw-f650gs-sertao-13.html,LOW,REVIEW
MOTO-DIM-BMW-G650GSSERTAO-0002,BMW,G650GS Sertao,,"2013,2015",,,2185.0,919.0,1440.0,1440.0,UNKNOWN,UNKNOWN,STANDARD,2,bikez,https://bikez.com/motorcycles/bmw_g_650_gs_sertao_2015.php | https://bikez.com/motorcycles/bmw_g_650_gs_sertao_2013.php,LOW,REVIEW
MOTO-DIM-BMW-HP2ENDURO-0001,BMW,HP2 Enduro,,"2007,2008",2007,2008,2350.0,880.0,1266.0,1266.0,WITH_MIRRORS,WITH_MIRRORS,STANDARD,2,motorcyclespecs,https://www.motorcyclespecs.co.za/model/bmw/bmw-hp2-07.html | https://www.motorcyclespecs.co.za/model/bmw/bmw-hp2-enduro-08.html,LOW,REVIEW
MOTO-DIM-BMW-HP2ENDURO-0002,BMW,HP2 Enduro,,"2005,2006",2005,2006,2350.0,880.0,1266.0,1266.0,HANDLEBAR_WIDTH,UNKNOWN,STANDARD,2,motorcyclespecs,https://www.motorcyclespecs.co.za/model/bmw/bmw-hp2-enduro-06.html | https://www.motorcyclespecs.co.za/model/bmw/bmw-hp2.html,LOW,REVIEW
MOTO-DIM-BMW-HP2ENDURO-0003,BMW,HP2 Enduro,,2009,2009,2009,2350.0,880.0,1266.0,1266.0,UNKNOWN,UNKNOWN,UNKNOWN,1,1000ps,https://www.1000ps.com/en-gb/model/2145/bmw-hp2-enduro,LOW,REVIEW
MOTO-DIM-BMW-HP2MEGAMOTO-0001,BMW,HP2 Megamoto,,2010,,,2350.0,922.0,1050.0,1050.0,HANDLEBAR_WIDTH,UNKNOWN,STANDARD,3,motorcyclespecs,https://www.motorcyclespecs.co.za/model/bmw/bmw-hp2-megamoto-08.html | https://www.motorcyclespecs.co.za/model/bmw/bmw-hp2-megamoto-09.html | https://www.motorcyclespecs.co.za/model/bmw/bmw-hp2-megamoto-10.html,LOW,REVIEW
MOTO-DIM-BMW-HP2MEGAMOTO-0002,BMW,HP2 Megamoto,,2009,2009,2009,2350.0,,,,UNKNOWN,UNKNOWN,STANDARD,1,bikez,https://bikez.com/motorcycles/bmw_hp2_megamoto_2009.php,LOW,REVIEW
MOTO-DIM-BMW-HP2MEGAMOTO-0003,BMW,HP2 Megamoto,,2011,2011,2011,2350.0,933.0,,,UNKNOWN,UNKNOWN,STANDARD,1,bikez,https://bikez.com/motorcycles/bmw_hp2_megamoto_2011.php,LOW,REVIEW
MOTO-DIM-BMW-HP2SPORT-0001,BMW,HP2 Sport,,2011,2011,2011,2135.0,750.0,1163.0,1163.0,UNKNOWN,UNKNOWN,UNKNOWN,1,1000ps,https://www.1000ps.com/en-gb/model/3222/bmw-hp2-sport,LOW,REVIEW
MOTO-DIM-BMW-HP2SPORT-0002,BMW,HP2 Sport,,2008,2008,2008,2135.0,750.0,,,UNKNOWN,UNKNOWN,STANDARD,1,bikez,https://bikez.com/motorcycles/bmw_hp2_sport_2008.php,LOW,REVIEW
MOTO-DIM-BMW-HP2SPORT-0003,BMW,HP2 Sport,,"2009,2010,2012",,,2135.0,750.0,1163.0,1163.0,UNKNOWN,UNKNOWN,STANDARD,3,bikez,https://bikez.com/motorcycles/bmw_hp2_sport_2009.php | https://bikez.com/motorcycles/bmw_hp2_sport_2010.php | https://bikez.com/motorcycles/bmw_hp2_sport_2012.php,LOW,REVIEW
MOTO-DIM-BMW-HP4-0001,BMW,HP4,,"2013,2014",2013,2014,2056.0,826.0,1138.0,1138.0,HANDLEBAR_WIDTH,UNKNOWN,STANDARD,2,motorcyclespecs,https://www.motorcyclespecs.co.za/model/bmw/bmw-hp4-13.html | https://www.motorcyclespecs.co.za/model/bmw/bmw-hp4-14.html,LOW,REVIEW
MOTO-DIM-BMW-HP4-0002,BMW,HP4,,"2015,2016",2015,2016,2056.0,826.0,1138.0,1138.0,UNKNOWN,UNKNOWN,STANDARD,2,motorcyclespecs,https://www.motorcyclespecs.co.za/model/bmw/bmw-hp4-15.html | https://www.motorcyclespecs.co.za/model/bmw/bmw-hp4-16.html,LOW,REVIEW
MOTO-DIM-BMW-HP4COMPETITION-0001,BMW,HP4 Competition,,,,,2070.0,,,,UNKNOWN,UNKNOWN,STANDARD,1,motorcyclespecs,https://www.motorcyclespecs.co.za/model/bmw/bmw-hp4-race.html,LOW,REVIEW
MOTO-DIM-BMW-HP4COMPETITION-0002,BMW,HP4 Competition,,2019,2019,2019,2070.0,777.0,1193.0,1193.0,UNKNOWN,UNKNOWN,STANDARD,1,bikez,https://bikez.com/motorcycles/bmw_hp4_race_2019.php,LOW,REVIEW
MOTO-DIM-BMW-HP4COMPETITION-0003,BMW,HP4 Competition,,2018,2018,2018,,777.0,1193.0,1193.0,UNKNOWN,UNKNOWN,STANDARD,1,bikez,https://bikez.com/motorcycles/bmw_hp4_race_2018.php,LOW,REVIEW
MOTO-DIM-BMW-HP4RACE-0001,BMW,HP4 RACE,,,,,2070.0,,,,UNKNOWN,UNKNOWN,STANDARD,1,motorcyclespecs,https://www.motorcyclespecs.co.za/model/bmw/bmw-hp4-race.html,LOW,REVIEW
MOTO-DIM-BMW-HP4RACE-0002,BMW,HP4 RACE,,2019,2019,2019,2070.0,777.0,1193.0,1193.0,UNKNOWN,UNKNOWN,STANDARD,1,bikez,https://bikez.com/motorcycles/bmw_hp4_race_2019.php,LOW,REVIEW
MOTO-DIM-BMW-HP4RACE-0003,BMW,HP4 RACE,,2018,2018,2018,,777.0,1193.0,1193.0,UNKNOWN,UNKNOWN,STANDARD,1,bikez,https://bikez.com/motorcycles/bmw_hp4_race_2018.php,LOW,REVIEW
MOTO-DIM-BMW-K100-0001,BMW,K100,,"1983,1986",,,2220.0,960.0,1155.0,1155.0,HANDLEBAR_WIDTH,UNKNOWN,STANDARD,2,motorcyclespecs,https://www.motorcyclespecs.co.za/model/bmw/bmw-k100-83.html | https://www.motorcyclespecs.co.za/model/bmw/bmw-k100-86.html,LOW,REVIEW
MOTO-DIM-BMW-K100LT-0001,BMW,K100LT,,"1986,1987",1986,1987,2220.0,960.0,1155.0,1155.0,HANDLEBAR_WIDTH,UNKNOWN,WITH_TOP_BOX,2,motorcyclespecs,https://www.motorcyclespecs.co.za/model/bmw/bmw-K100lt-87.html | https://www.motorcyclespecs.co.za/model/bmw/bmw-k100lt-86.html,LOW,REVIEW
MOTO-DIM-BMW-K100LTABS-0001,BMW,K100LT ABS,,"1986,1987",1986,1987,2220.0,960.0,1155.0,1155.0,HANDLEBAR_WIDTH,UNKNOWN,WITH_TOP_BOX,2,motorcyclespecs,https://www.motorcyclespecs.co.za/model/bmw/bmw-K100lt-87.html | https://www.motorcyclespecs.co.za/model/bmw/bmw-k100lt-86.html,LOW,REVIEW
MOTO-DIM-BMW-K100RS-0001,BMW,K100RS,,"1983,1986",,,2220.0,800.0,1271.0,1271.0,HANDLEBAR_WIDTH,UNKNOWN,STANDARD,2,motorcyclespecs,https://www.motorcyclespecs.co.za/model/bmw/bmw-k100rs-83.html | https://www.motorcyclespecs.co.za/model/bmw/bmw-k100rs-86.html,LOW,REVIEW
MOTO-DIM-BMW-K100RS-0002,BMW,K100RS,,"1984,1985",1984,1985,2220.0,800.0,1271.0,1271.0,UNKNOWN,UNKNOWN,UNKNOWN,2,motorcyclespecs,https://www.motorcyclespecs.co.za/model/bmw/bmw-k100rs-84.html | https://www.motorcyclespecs.co.za/model/bmw/bmw-k100rs-85.html,LOW,REVIEW
MOTO-DIM-BMW-K100RSABS-0001,BMW,K100RS ABS,,1988,1988,1988,2220.0,800.0,1271.0,1271.0,UNKNOWN,UNKNOWN,UNKNOWN,1,motorcyclespecs,https://www.motorcyclespecs.co.za/model/bmw/bmw-k100rs-abs-88.htm,LOW,REVIEW
MOTO-DIM-BMW-K100RSFL-0001,BMW,K100RS FL,,"1983,1986",,,2220.0,800.0,1271.0,1271.0,HANDLEBAR_WIDTH,UNKNOWN,STANDARD,2,motorcyclespecs,https://www.motorcyclespecs.co.za/model/bmw/bmw-k100rs-83.html | https://www.motorcyclespecs.co.za/model/bmw/bmw-k100rs-86.html,LOW,REVIEW
MOTO-DIM-BMW-K100RSFL-0002,BMW,K100RS FL,,"1984,1985",1984,1985,2220.0,800.0,1271.0,1271.0,UNKNOWN,UNKNOWN,UNKNOWN,2,motorcyclespecs,https://www.motorcyclespecs.co.za/model/bmw/bmw-k100rs-84.html | https://www.motorcyclespecs.co.za/model/bmw/bmw-k100rs-85.html,LOW,REVIEW
MOTO-DIM-BMW-K100RSFLABS-0001,BMW,K100RS FL ABS,,1988,1988,1988,2220.0,800.0,1271.0,1271.0,UNKNOWN,UNKNOWN,UNKNOWN,1,motorcyclespecs,https://www.motorcyclespecs.co.za/model/bmw/bmw-k100rs-abs-88.htm,LOW,REVIEW
MOTO-DIM-BMW-K100RT-0001,BMW,K100RT,,1983,1983,1983,2220.0,920.0,1155.0,1155.0,WITH_MIRRORS,WITH_MIRRORS,STANDARD,1,motorcyclespecs,https://www.motorcyclespecs.co.za/model/bmw/bmw-k100rt-83.html,LOW,REVIEW
MOTO-DIM-BMW-K100RT-0002,BMW,K100RT,,1985,1985,1985,2220.0,,,,UNKNOWN,UNKNOWN,STANDARD,1,bikez,https://bikez.com/motorcycles/bmw_k_100_rt_1985.php,LOW,REVIEW
MOTO-DIM-BMW-K1200GT-0001,BMW,K1200GT,,2006,2006,2006,2319.0,,,,UNKNOWN,UNKNOWN,STANDARD,1,bikez,https://bikez.com/motorcycles/bmw_k1200_gt_2006.php,LOW,REVIEW
MOTO-DIM-BMW-K1200GT-0002,BMW,K1200GT,,2007,2007,2007,2318.0,,,,UNKNOWN,UNKNOWN,STANDARD,1,bikez,https://bikez.com/motorcycles/bmw_k1200gt_2007.php,LOW,REVIEW
MOTO-DIM-BMW-K1200GT-0003,BMW,K1200GT,,2004,2004,2004,2260.0,920.0,1340.0,1340.0,UNKNOWN,UNKNOWN,STANDARD,1,bikez,https://bikez.com/motorcycles/bmw_k_1200_gt_2004.php,LOW,REVIEW
MOTO-DIM-BMW-K1200GT-0004,BMW,K1200GT,,2005,2005,2005,2250.0,920.0,1340.0,1340.0,UNKNOWN,UNKNOWN,STANDARD,1,bikez,https://bikez.com/motorcycles/bmw_k_1200_gt_2005.php,LOW,REVIEW
MOTO-DIM-BMW-K1200GT-0005,BMW,K1200GT,,2008,2008,2008,2318.0,965.0,,,UNKNOWN,UNKNOWN,STANDARD,1,bikez,https://bikez.com/motorcycles/bmw_k_1200_gt_2008.php,LOW,REVIEW
MOTO-DIM-BMW-K1200LT-0001,BMW,K1200LT,,2011,2011,2011,2502.0,1080.0,1395.0,1395.0,UNKNOWN,UNKNOWN,UNKNOWN,1,1000ps,https://www.1000ps.com/en-gb/model/30/bmw-k-1200-lt,LOW,REVIEW
MOTO-DIM-BMW-K1200LT-0002,BMW,K1200LT,,2007,2007,2007,2502.0,,,,UNKNOWN,UNKNOWN,STANDARD,1,bikez,https://bikez.com/motorcycles/bmw_k1200lt_2007.php,LOW,REVIEW
MOTO-DIM-BMW-K1200LT-0003,BMW,K1200LT,,2004,2004,2004,2505.0,920.0,1395.0,1395.0,UNKNOWN,UNKNOWN,STANDARD,1,bikez,https://bikez.com/motorcycles/bmw_k_1200_lt_2004.php,LOW,REVIEW
MOTO-DIM-BMW-K1200LT-0004,BMW,K1200LT,,"2005,2006",2005,2006,2502.0,1080.0,1395.0,1395.0,UNKNOWN,UNKNOWN,STANDARD,2,bikez,https://bikez.com/motorcycles/bmw_k_1200_lt_2005.php | https://bikez.com/motorcycles/bmw_k_1200_lt_2006.php,LOW,REVIEW
MOTO-DIM-BMW-K1200LT-0005,BMW,K1200LT,,"2008,2009",2008,2009,2502.0,1080.0,1240.0,1240.0,UNKNOWN,UNKNOWN,STANDARD,2,bikez,https://bikez.com/motorcycles/bmw_k_1200_lt_2008.php | https://bikez.com/motorcycles/bmw_k_1200_lt_2009.php,LOW,REVIEW
MOTO-DIM-BMW-K1200LT-0006,BMW,K1200LT,,2010,2010,2010,2502.0,,1240.0,1240.0,UNKNOWN,UNKNOWN,STANDARD,1,bikez,https://bikez.com/motorcycles/bmw_k_1200_lt_2010.php,LOW,REVIEW
MOTO-DIM-BMW-K1200LTEXODUS-0001,BMW,K1200LT Exodus,,2011,2011,2011,2502.0,1080.0,1395.0,1395.0,UNKNOWN,UNKNOWN,UNKNOWN,1,1000ps,https://www.1000ps.com/en-gb/model/30/bmw-k-1200-lt,LOW,REVIEW
MOTO-DIM-BMW-K1200LTEXODUS-0002,BMW,K1200LT Exodus,,2007,2007,2007,2502.0,,,,UNKNOWN,UNKNOWN,STANDARD,1,bikez,https://bikez.com/motorcycles/bmw_k1200lt_2007.php,LOW,REVIEW
MOTO-DIM-BMW-K1200LTEXODUS-0003,BMW,K1200LT Exodus,,2004,2004,2004,2505.0,920.0,1395.0,1395.0,UNKNOWN,UNKNOWN,STANDARD,1,bikez,https://bikez.com/motorcycles/bmw_k_1200_lt_2004.php,LOW,REVIEW
MOTO-DIM-BMW-K1200LTEXODUS-0004,BMW,K1200LT Exodus,,"2005,2006",2005,2006,2502.0,1080.0,1395.0,1395.0,UNKNOWN,UNKNOWN,STANDARD,2,bikez,https://bikez.com/motorcycles/bmw_k_1200_lt_2005.php | https://bikez.com/motorcycles/bmw_k_1200_lt_2006.php,LOW,REVIEW
MOTO-DIM-BMW-K1200LTEXODUS-0005,BMW,K1200LT Exodus,,"2008,2009",2008,2009,2502.0,1080.0,1240.0,1240.0,UNKNOWN,UNKNOWN,STANDARD,2,bikez,https://bikez.com/motorcycles/bmw_k_1200_lt_2008.php | https://bikez.com/motorcycles/bmw_k_1200_lt_2009.php,LOW,REVIEW
MOTO-DIM-BMW-K1200LTEXODUS-0006,BMW,K1200LT Exodus,,2010,2010,2010,2502.0,,1240.0,1240.0,UNKNOWN,UNKNOWN,STANDARD,1,bikez,https://bikez.com/motorcycles/bmw_k_1200_lt_2010.php,LOW,REVIEW
MOTO-DIM-BMW-K1200LTC-0001,BMW,K1200LTC,,2011,2011,2011,2502.0,1080.0,1395.0,1395.0,UNKNOWN,UNKNOWN,UNKNOWN,1,1000ps,https://www.1000ps.com/en-gb/model/30/bmw-k-1200-lt,LOW,REVIEW
MOTO-DIM-BMW-K1200LTC-0002,BMW,K1200LTC,,2007,2007,2007,2502.0,,,,UNKNOWN,UNKNOWN,STANDARD,1,bikez,https://bikez.com/motorcycles/bmw_k1200lt_2007.php,LOW,REVIEW
MOTO-DIM-BMW-K1200LTC-0003,BMW,K1200LTC,,2004,2004,2004,2505.0,920.0,1395.0,1395.0,UNKNOWN,UNKNOWN,STANDARD,1,bikez,https://bikez.com/motorcycles/bmw_k_1200_lt_2004.php,LOW,REVIEW
MOTO-DIM-BMW-K1200LTC-0004,BMW,K1200LTC,,"2005,2006",2005,2006,2502.0,1080.0,1395.0,1395.0,UNKNOWN,UNKNOWN,STANDARD,2,bikez,https://bikez.com/motorcycles/bmw_k_1200_lt_2005.php | https://bikez.com/motorcycles/bmw_k_1200_lt_2006.php,LOW,REVIEW
MOTO-DIM-BMW-K1200LTC-0005,BMW,K1200LTC,,"2008,2009",2008,2009,2502.0,1080.0,1240.0,1240.0,UNKNOWN,UNKNOWN,STANDARD,2,bikez,https://bikez.com/motorcycles/bmw_k_1200_lt_2008.php | https://bikez.com/motorcycles/bmw_k_1200_lt_2009.php,LOW,REVIEW
MOTO-DIM-BMW-K1200LTC-0006,BMW,K1200LTC,,2010,2010,2010,2502.0,,1240.0,1240.0,UNKNOWN,UNKNOWN,STANDARD,1,bikez,https://bikez.com/motorcycles/bmw_k_1200_lt_2010.php,LOW,REVIEW
MOTO-DIM-BMW-K1200LTIICON-0001,BMW,K1200LTI Icon,,2011,2011,2011,2502.0,1080.0,1395.0,1395.0,UNKNOWN,UNKNOWN,UNKNOWN,1,1000ps,https://www.1000ps.com/en-gb/model/30/bmw-k-1200-lt,LOW,REVIEW
MOTO-DIM-BMW-K1200LTIICON-0002,BMW,K1200LTI Icon,,2007,2007,2007,2502.0,,,,UNKNOWN,UNKNOWN,STANDARD,1,bikez,https://bikez.com/motorcycles/bmw_k1200lt_2007.php,LOW,REVIEW
MOTO-DIM-BMW-K1200LTIICON-0003,BMW,K1200LTI Icon,,2004,2004,2004,2505.0,920.0,1395.0,1395.0,UNKNOWN,UNKNOWN,STANDARD,1,bikez,https://bikez.com/motorcycles/bmw_k_1200_lt_2004.php,LOW,REVIEW
MOTO-DIM-BMW-K1200LTIICON-0004,BMW,K1200LTI Icon,,"2005,2006",2005,2006,2502.0,1080.0,1395.0,1395.0,UNKNOWN,UNKNOWN,STANDARD,2,bikez,https://bikez.com/motorcycles/bmw_k_1200_lt_2005.php | https://bikez.com/motorcycles/bmw_k_1200_lt_2006.php,LOW,REVIEW
MOTO-DIM-BMW-K1200LTIICON-0005,BMW,K1200LTI Icon,,"2008,2009",2008,2009,2502.0,1080.0,1240.0,1240.0,UNKNOWN,UNKNOWN,STANDARD,2,bikez,https://bikez.com/motorcycles/bmw_k_1200_lt_2008.php | https://bikez.com/motorcycles/bmw_k_1200_lt_2009.php,LOW,REVIEW
MOTO-DIM-BMW-K1200LTIICON-0006,BMW,K1200LTI Icon,,2010,2010,2010,2502.0,,1240.0,1240.0,UNKNOWN,UNKNOWN,STANDARD,1,bikez,https://bikez.com/motorcycles/bmw_k_1200_lt_2010.php,LOW,REVIEW
MOTO-DIM-BMW-K1200LTS-0001,BMW,K1200LTS,,2011,2011,2011,2502.0,1080.0,1395.0,1395.0,UNKNOWN,UNKNOWN,UNKNOWN,1,1000ps,https://www.1000ps.com/en-gb/model/30/bmw-k-1200-lt,LOW,REVIEW
MOTO-DIM-BMW-K1200LTS-0002,BMW,K1200LTS,,2007,2007,2007,2502.0,,,,UNKNOWN,UNKNOWN,STANDARD,1,bikez,https://bikez.com/motorcycles/bmw_k1200lt_2007.php,LOW,REVIEW
MOTO-DIM-BMW-K1200LTS-0003,BMW,K1200LTS,,2004,2004,2004,2505.0,920.0,1395.0,1395.0,UNKNOWN,UNKNOWN,STANDARD,1,bikez,https://bikez.com/motorcycles/bmw_k_1200_lt_2004.php,LOW,REVIEW
MOTO-DIM-BMW-K1200LTS-0004,BMW,K1200LTS,,"2005,2006",2005,2006,2502.0,1080.0,1395.0,1395.0,UNKNOWN,UNKNOWN,STANDARD,2,bikez,https://bikez.com/motorcycles/bmw_k_1200_lt_2005.php | https://bikez.com/motorcycles/bmw_k_1200_lt_2006.php,LOW,REVIEW
MOTO-DIM-BMW-K1200LTS-0005,BMW,K1200LTS,,"2008,2009",2008,2009,2502.0,1080.0,1240.0,1240.0,UNKNOWN,UNKNOWN,STANDARD,2,bikez,https://bikez.com/motorcycles/bmw_k_1200_lt_2008.php | https://bikez.com/motorcycles/bmw_k_1200_lt_2009.php,LOW,REVIEW
MOTO-DIM-BMW-K1200LTS-0006,BMW,K1200LTS,,2010,2010,2010,2502.0,,1240.0,1240.0,UNKNOWN,UNKNOWN,STANDARD,1,bikez,https://bikez.com/motorcycles/bmw_k_1200_lt_2010.php,LOW,REVIEW
MOTO-DIM-BMW-K1200R-0001,BMW,K1200R,,,,,2228.0,,,,UNKNOWN,UNKNOWN,STANDARD,1,motorcyclespecs,https://www.motorcyclespecs.co.za/model/bmw/bmw-k1300r-09.html,LOW,REVIEW
MOTO-DIM-BMW-K1200R-0002,BMW,K1200R,,2007,2007,2007,2228.0,,,,UNKNOWN,UNKNOWN,STANDARD,1,bikez,https://bikez.com/motorcycles/bmw_k1200r_2007.php,LOW,REVIEW
MOTO-DIM-BMW-K1200R-0003,BMW,K1200R,,2006,2006,2006,2228.0,856.0,1230.0,1230.0,UNKNOWN,UNKNOWN,STANDARD,1,bikez,https://bikez.com/motorcycles/bmw_k_1200_r_2006.php,LOW,REVIEW
MOTO-DIM-BMW-K1200R-0004,BMW,K1200R,,2008,2008,2008,2228.0,872.0,1240.0,1240.0,UNKNOWN,UNKNOWN,STANDARD,1,bikez,https://bikez.com/motorcycles/bmw_k_1200_r_2008.php,LOW,REVIEW
MOTO-DIM-BMW-K1200RSPORT-0001,BMW,K1200R Sport,,2009,2009,2009,2228.0,856.0,1230.0,1230.0,UNKNOWN,UNKNOWN,UNKNOWN,1,1000ps,https://www.1000ps.com/en-gb/model/31/bmw-k-1200-r-sport,LOW,REVIEW
MOTO-DIM-BMW-K1200RSPORT-0002,BMW,K1200R Sport,,2007,2007,2007,2228.0,856.0,,,UNKNOWN,UNKNOWN,STANDARD,1,bikez,https://bikez.com/motorcycles/bmw_k_1200_r_sport_2007.php,LOW,REVIEW
MOTO-DIM-BMW-K1200RSPORT-0003,BMW,K1200R Sport,,2008,2008,2008,2182.0,,,,UNKNOWN,UNKNOWN,STANDARD,1,bikez,https://bikez.com/motorcycles/bmw_k_1200_r_sport_2008.php,LOW,REVIEW
MOTO-DIM-BMW-K1200RS-0001,BMW,K1200RS,,"2004,2005",2004,2005,2250.0,850.0,1200.0,1200.0,UNKNOWN,UNKNOWN,STANDARD,2,bikez,https://bikez.com/motorcycles/bmw_k_1200_rs_2004.php | https://bikez.com/motorcycles/bmw_k_1200_rs_2005.php,LOW,REVIEW
MOTO-DIM-BMW-K1200RSDAKAR-0001,BMW,K1200RS Dakar,,"2004,2005",2004,2005,2250.0,850.0,1200.0,1200.0,UNKNOWN,UNKNOWN,STANDARD,2,bikez,https://bikez.com/motorcycles/bmw_k_1200_rs_2004.php | https://bikez.com/motorcycles/bmw_k_1200_rs_2005.php,LOW,REVIEW
MOTO-DIM-BMW-K1200S-0001,BMW,K1200S,,2007,2007,2007,2182.0,,,,UNKNOWN,UNKNOWN,STANDARD,1,bikez,https://bikez.com/motorcycles/bmw_k1200s_2007.php,LOW,REVIEW
MOTO-DIM-BMW-K1200S-0002,BMW,K1200S,,"2005,2006",2005,2006,2182.0,905.0,1211.0,1211.0,UNKNOWN,UNKNOWN,STANDARD,2,bikez,https://bikez.com/motorcycles/bmw_k_1200_s_2005.php | https://bikez.com/motorcycles/bmw_k_1200_s_2006.php,LOW,REVIEW
MOTO-DIM-BMW-K1200S-0003,BMW,K1200S,,2008,2008,2008,2182.0,905.0,,,UNKNOWN,UNKNOWN,STANDARD,1,bikez,https://bikez.com/motorcycles/bmw_k_1200_s_2008.php,LOW,REVIEW
MOTO-DIM-BMW-K1300GT-0001,BMW,K1300GT,,2011,2011,2011,2318.0,965.0,1438.0,1438.0,UNKNOWN,UNKNOWN,UNKNOWN,1,1000ps,https://www.1000ps.com/en-gb/model/3896/bmw-k-1300-gt,LOW,REVIEW
MOTO-DIM-BMW-K1300GT-0002,BMW,K1300GT,,"2009,2010",2009,2010,2318.0,965.0,1438.0,1438.0,UNKNOWN,UNKNOWN,STANDARD,2,bikez,https://bikez.com/motorcycles/bmw_k_1300_gt_2009.php | https://bikez.com/motorcycles/bmw_k_1300_gt_2010.php,LOW,REVIEW
MOTO-DIM-BMW-K1300R-0001,BMW,K1300R,,"2009,2010,2011,2012,2013,2014,2015",2009,2015,2228.0,856.0,1095.0,1095.0,UNKNOWN,UNKNOWN,STANDARD,7,bikez,https://bikez.com/motorcycles/bmw_k_1300_r_2010.php | https://bikez.com/motorcycles/bmw_k_1300_r_2011.php | https://bikez.com/motorcycles/bmw_k_1300_r_2012.php | https://bikez.com/motorcycles/bmw_k_1300_r_2013.php | https://bikez.com/motorcycles/bmw_k_1300_r_2009.php | https://bikez.com/motorcycles/bmw_k_1300_r_2014.php | https://bikez.com/motorcycles/bmw_k_1300_r_2015.php,LOW,REVIEW
MOTO-DIM-BMW-K1300R-0002,BMW,K1300R,,2016,2016,2016,2228.0,856.0,1095.0,1095.0,UNKNOWN,UNKNOWN,UNKNOWN,1,1000ps,https://www.1000ps.com/en-gb/model/3894/bmw-k-1300-r,LOW,REVIEW
MOTO-DIM-BMW-K1300S-0001,BMW,K1300S,,"2009,2011,2012",,,2182.0,905.0,1221.0,1221.0,HANDLEBAR_WIDTH,UNKNOWN,STANDARD,3,motorcyclespecs,https://www.motorcyclespecs.co.za/model/bmw/bmw-k1300s-09.html | https://www.motorcyclespecs.co.za/model/bmw/bmw-k1300s-11.html | https://www.motorcyclespecs.co.za/model/bmw/bmw-k1300s-12.html,LOW,REVIEW
MOTO-DIM-BMW-K1300S-0002,BMW,K1300S,,"2010,2013,2014,2015",,,2182.0,905.0,1221.0,1221.0,UNKNOWN,UNKNOWN,STANDARD,4,motorcyclespecs | bikez,https://www.motorcyclespecs.co.za/model/bmw/bmw-k1300s-10.html | https://www.motorcyclespecs.co.za/model/bmw/bmw-k1300s-13.html | https://www.motorcyclespecs.co.za/model/bmw/bmw-k1300s-14.html | https://bikez.com/motorcycles/bmw_k_1300_s_2015.php,LOW,REVIEW
MOTO-DIM-BMW-K1300S-0003,BMW,K1300S,,2016,2016,2016,2182.0,905.0,1221.0,1221.0,UNKNOWN,UNKNOWN,UNKNOWN,1,1000ps,https://www.1000ps.com/en-gb/model/3895/bmw-k-1300-s,LOW,REVIEW
MOTO-DIM-BMW-K1300S30JAHREKMODELLE-0001,BMW,K1300S 30 Jahre K-Modelle,,2013,2013,2013,2182.0,905.0,1221.0,1221.0,UNKNOWN,UNKNOWN,STANDARD,1,motorcyclespecs,https://www.motorcyclespecs.co.za/model/bmw/bmw-k1300s-30th-anniversary.html,MEDIUM,REVIEW
MOTO-DIM-BMW-K1600GRANDAMERICA-0001,BMW,K1600 Grand America,,2020,2020,2020,2560.0,1000.0,1440.0,1440.0,UNKNOWN,UNKNOWN,STANDARD,1,bikez,https://bikez.com/motorcycles/bmw_k_1600_grand_america_2020.php,LOW,REVIEW
MOTO-DIM-BMW-K1600GRANDAMERICA-0002,BMW,K1600 Grand America,,2027,2027,2027,,1000.0,1338.5,1338.5,UNKNOWN,UNKNOWN,STANDARD,1,motorcyclespecs,https://www.motorcyclespecs.co.za/model/bmw/bmw-k1600-grand-america-2027.html,LOW,REVIEW
MOTO-DIM-BMW-K1600GRANDAMERICA-0003,BMW,K1600 Grand America,,"2021,2022",2021,2022,2560.0,1000.0,1440.0,1440.0,UNKNOWN,WINDSCREEN_HIGH,STANDARD,2,bikez,https://bikez.com/motorcycles/bmw_k_1600_grand_america_2022.php | https://bikez.com/motorcycles/bmw_k_1600_grand_america_2021.php,LOW,REVIEW
MOTO-DIM-BMW-K1600GRANDAMERICA-0004,BMW,K1600 Grand America,,"2018,2019",2018,2019,2560.0,1000.0,1440.0,1440.0,UNKNOWN,UNKNOWN,WITH_TOP_BOX,2,bikez,https://bikez.com/motorcycles/bmw_k_1600_grand_america_2018.php | https://bikez.com/motorcycles/bmw_k_1600_grand_america_2019.php,LOW,REVIEW
MOTO-DIM-BMW-K1600GRANDAMERICA-0005,BMW,K1600 Grand America,,2026,2026,2026,2560.0,1000.0,1580.0,1580.0,UNKNOWN,UNKNOWN,UNKNOWN,1,1000ps,https://www.1000ps.com/en-gb/model/9208/bmw-k-1600-grand-america,LOW,REVIEW
MOTO-DIM-BMW-K1600GRANDAMERICA-0006,BMW,K1600 Grand America,,2023,2023,2023,2560.0,1000.0,1440.0,1440.0,WITH_SIDE_CASES,WINDSCREEN_HIGH,WITH_SIDE_CASES,1,bikez,https://bikez.com/motorcycles/bmw_k_1600_grand_america_2023.php,LOW,REVIEW
MOTO-DIM-BMW-K1600B-0001,BMW,K1600B,,2026,2026,2026,2470.0,1000.0,,,UNKNOWN,UNKNOWN,UNKNOWN,1,1000ps,https://www.1000ps.com/en-gb/model/8784/bmw-k-1600-b,MEDIUM,REVIEW
MOTO-DIM-BMW-K1600B-0002,BMW,K1600B,,,,,2470.0,1000.0,1340.0,1340.0,HANDLEBAR_WIDTH,UNKNOWN,UNKNOWN,1,bikedekho,https://www.bikedekho.com/bmw-bikes/k-1600-b/specifications,MEDIUM,REVIEW
MOTO-DIM-BMW-K1600B-0003,BMW,K1600B,,"2018,2019",2018,2019,2489.0,1000.0,1465.0,1465.0,UNKNOWN,UNKNOWN,STANDARD,2,bikez,https://bikez.com/motorcycles/bmw_k_1600_b_2018.php | https://bikez.com/motorcycles/bmw_k_1600_b_2019.php,MEDIUM,REVIEW
MOTO-DIM-BMW-K1600B-0004,BMW,K1600B,,"2020,2021,2022,2023",2020,2023,2470.0,1000.0,1300.0,1300.0,UNKNOWN,UNKNOWN,STANDARD,4,bikez,https://bikez.com/motorcycles/bmw_k_1600_b_2020.php | https://bikez.com/motorcycles/bmw_k_1600_b_2021.php | https://bikez.com/motorcycles/bmw_k_1600_b_2022.php | https://bikez.com/motorcycles/bmw_k_1600_b_2023.php,MEDIUM,REVIEW
MOTO-DIM-BMW-K1600GT-0001,BMW,K1600GT,,2011,2011,2011,,1000.0,1465.0,1465.0,HANDLEBAR_WIDTH,UNKNOWN,WITH_PANNIERS,1,motorcyclespecs,https://www.motorcyclespecs.co.za/model/bmw/bmw-k1600gt-11.html,LOW,REVIEW
MOTO-DIM-BMW-K1600GT-0002,BMW,K1600GT,,"2012,2013,2017,2018,2020,2021,2022,2023",,,2324.0,1000.0,1440.0,1440.0,UNKNOWN,UNKNOWN,STANDARD,8,bikez,https://bikez.com/motorcycles/bmw_k_1600_gt_2012.php | https://bikez.com/motorcycles/bmw_k_1600_gt_2013.php | https://bikez.com/motorcycles/bmw_k_1600_gt_2018.php | https://bikez.com/motorcycles/bmw_k_1600_gt_2020.php | https://bikez.com/motorcycles/bmw_k_1600_gt_2022.php | https://bikez.com/motorcycles/bmw_k_1600_gt_2017.php | https://bikez.com/motorcycles/bmw_k_1600_gt_2021.php | https://bikez.com/motorcycles/bmw_k_1600_gt_2023.php,LOW,REVIEW
MOTO-DIM-BMW-K1600GT-0003,BMW,K1600GT,,2014,2014,2014,2324.0,1000.0,1440.0,1440.0,HANDLEBAR_WIDTH,UNKNOWN,STANDARD,1,bikez,https://bikez.com/motorcycles/bmw_k_1600_gt_2014.php,LOW,REVIEW
MOTO-DIM-BMW-K1600GT-0004,BMW,K1600GT,,"2015,2016",2015,2016,2324.1,1000.0,1465.0,1465.0,WITH_PANNIERS,UNKNOWN,WITH_PANNIERS,2,motorcyclespecs,https://www.motorcyclespecs.co.za/model/bmw/bmw-k1600gt-15.html | https://www.motorcyclespecs.co.za/model/bmw/bmw-k1600gt-16.html,LOW,REVIEW
MOTO-DIM-BMW-K1600GT-0005,BMW,K1600GT,,2027,2027,2027,,1000.0,1440.0,1440.0,UNKNOWN,UNKNOWN,STANDARD,1,motorcyclespecs,https://www.motorcyclespecs.co.za/model/bmw/bmw-k1600gt-2027.html,LOW,REVIEW
MOTO-DIM-BMW-K1600GT-0006,BMW,K1600GT,,2024,2024,2024,,1000.0,1440.0,1440.0,UNKNOWN,UNKNOWN,STANDARD,1,motorcyclespecs,https://www.motorcyclespecs.co.za/model/bmw/bmw-k1600gt-22.html,LOW,REVIEW
MOTO-DIM-BMW-K1600GT-0007,BMW,K1600GT,,2026,2026,2026,2324.0,1000.0,,,UNKNOWN,UNKNOWN,UNKNOWN,1,1000ps,https://www.1000ps.com/en-gb/model/6244/bmw-k-1600-gt,LOW,REVIEW
MOTO-DIM-BMW-K1600GT-0008,BMW,K1600GT,,2019,2019,2019,2560.0,1000.0,1440.0,1440.0,UNKNOWN,UNKNOWN,STANDARD,1,bikez,https://bikez.com/motorcycles/bmw_k_1600_gt_2019.php,LOW,REVIEW
MOTO-DIM-BMW-K1600GTSPORT-0001,BMW,K1600GT Sport,,"2014,2018",,,2324.0,1000.0,1440.0,1440.0,UNKNOWN,UNKNOWN,STANDARD,2,bikez,https://bikez.com/motorcycles/bmw_k_1600_gt_sport_2014.php | https://bikez.com/motorcycles/bmw_k_1600_gt_sport_2018.php,LOW,REVIEW
MOTO-DIM-BMW-K1600GTL-0001,BMW,K1600GTL,,,,,,1000.0,1465.0,1465.0,HANDLEBAR_WIDTH,UNKNOWN,WITH_PANNIERS,1,motorcyclespecs,https://www.motorcyclespecs.co.za/model/bmw/bmw-k1600gtl-11.html,LOW,REVIEW
MOTO-DIM-BMW-K1600GTL-0002,BMW,K1600GTL,,,,,,1000.0,1465.0,1465.0,HANDLEBAR_WIDTH,UNKNOWN,WITH_PANNIERS,1,motorcyclespecs,https://www.motorcyclespecs.co.za/model/bmw/bmw-k1600gtl-12.html,LOW,REVIEW
MOTO-DIM-BMW-K1600GTL-0003,BMW,K1600GTL,,,,,,1000.0,1465.0,1465.0,UNKNOWN,UNKNOWN,STANDARD,1,motorcyclespecs,https://www.motorcyclespecs.co.za/model/bmw/bmw-k1600gtl-13.html,LOW,REVIEW
MOTO-DIM-BMW-K1600GTL-0004,BMW,K1600GTL,,"2011,2013,2014,2015,2019",,,2489.0,1000.0,1465.0,1465.0,UNKNOWN,UNKNOWN,STANDARD,5,bikez,https://bikez.com/motorcycles/bmw_k_1600_gtl_2014.php | https://bikez.com/motorcycles/bmw_k_1600_gtl_2015.php | https://bikez.com/motorcycles/bmw_k_1600_gtl_2011.php | https://bikez.com/motorcycles/bmw_k_1600_gtl_2013.php | https://bikez.com/motorcycles/bmw_k_1600_gtl_2019.php,LOW,REVIEW
MOTO-DIM-BMW-K1600GTL-0005,BMW,K1600GTL,,2016,2016,2016,2489.0,1000.0,1465.0,1465.0,HANDLEBAR_WIDTH,UNKNOWN,STANDARD,1,bikez,https://bikez.com/motorcycles/bmw_k_1600_gtl_2016.php,LOW,REVIEW
MOTO-DIM-BMW-K1600GTL-0006,BMW,K1600GTL,,,,,2489.0,1000.0,1465.0,1465.0,HANDLEBAR_WIDTH,ADJUSTABLE_WINDSCREEN,STANDARD,1,motorcyclespecs,https://www.motorcyclespecs.co.za/model/bmw/bmw-k1600gtl-17.html,LOW,REVIEW
MOTO-DIM-BMW-K1600GTL-0007,BMW,K1600GTL,,"2012,2018",,,2489.0,1000.0,1465.0,1465.0,HANDLEBAR_WIDTH,UNKNOWN,WITH_TOP_BOX,2,motorcyclespecs | bikez,https://www.motorcyclespecs.co.za/model/bmw/bmw-k1600gtl-19.html | https://bikez.com/motorcycles/bmw_k_1600_gtl_2012.php,LOW,REVIEW
MOTO-DIM-BMW-K1600GTL-0008,BMW,K1600GTL,,2022,2022,2022,2489.0,1000.0,1465.0,1465.0,UNKNOWN,ADJUSTABLE_WINDSCREEN,WITH_TOP_BOX,1,motorcyclespecs,https://www.motorcyclespecs.co.za/model/bmw/bmw-k1600gtl-21.html,LOW,REVIEW
MOTO-DIM-BMW-K1600GTL-0009,BMW,K1600GTL,,2024,2024,2024,,1000.0,1440.0,1440.0,UNKNOWN,UNKNOWN,STANDARD,1,motorcyclespecs,https://www.motorcyclespecs.co.za/model/bmw/bmw-k1600gtl-22.html,LOW,REVIEW
MOTO-DIM-BMW-K1600GTL-0010,BMW,K1600GTL,,2026,2026,2026,2489.0,1000.0,,,UNKNOWN,UNKNOWN,UNKNOWN,1,1000ps,https://www.1000ps.com/en-gb/model/6245/bmw-k-1600-gtl,LOW,REVIEW
MOTO-DIM-BMW-K1600GTL-0011,BMW,K1600GTL,,2020,2020,2020,2489.0,1000.0,1475.0,1475.0,UNKNOWN,UNKNOWN,STANDARD,1,bikez,https://bikez.com/motorcycles/bmw_k_1600_gtl_2020.php,LOW,REVIEW
MOTO-DIM-BMW-K1600GTL-0012,BMW,K1600GTL,,"2021,2023",,,2489.0,1000.0,1475.0,1475.0,UNKNOWN,UNKNOWN,WITH_TOP_BOX,2,bikez,https://bikez.com/motorcycles/bmw_k_1600_gtl_2021.php | https://bikez.com/motorcycles/bmw_k_1600_gtl_2023.php,LOW,REVIEW
MOTO-DIM-BMW-K1600GTLEXCLUSIVE-0001,BMW,K1600GTL Exclusive,,"2014,2015,2016,2018",,,2489.0,1000.0,1465.0,1465.0,UNKNOWN,UNKNOWN,STANDARD,4,bikez,https://bikez.com/motorcycles/bmw_k_1600_gtl_exclusive_2014.php | https://bikez.com/motorcycles/bmw_k_1600_gtl_exclusive_2016.php | https://bikez.com/motorcycles/bmw_k_1600_gtl_exclusive_2015.php | https://bikez.com/motorcycles/bmw_k_1600_gtl_exclusive_2018.php,LOW,REVIEW
MOTO-DIM-BMW-K1600GTLEXCLUSIVE-0002,BMW,K1600GTL Exclusive,,2017,2017,2017,,1001.0,1465.0,1465.0,UNKNOWN,UNKNOWN,STANDARD,1,bikez,https://bikez.com/motorcycles/bmw_k_1600_gtl_exclusive_2017.php,LOW,REVIEW
MOTO-DIM-BMW-K75-0001,BMW,K75,,1985,1985,1985,2220.0,900.0,1300.0,1300.0,HANDLEBAR_WIDTH,UNKNOWN,STANDARD,1,motorcyclespecs,https://www.motorcyclespecs.co.za/model/bmw/bmw-k75-87.html,LOW,REVIEW
MOTO-DIM-BMW-K75C-0001,BMW,K75C,,,,,2220.0,900.0,1300.0,1300.0,UNKNOWN,UNKNOWN,STANDARD,1,motorcyclespecs,https://www.motorcyclespecs.co.za/model/bmw/bmw-k75c-85.html,LOW,REVIEW
MOTO-DIM-BMW-K75C-0002,BMW,K75C,,1987,1987,1987,2220.0,900.0,1300.0,1300.0,UNKNOWN,UNKNOWN,UNKNOWN,1,motorcyclespecs,https://www.motorcyclespecs.co.za/model/bmw/bmw-k75c-87.html,LOW,REVIEW
MOTO-DIM-BMW-K75RT-0001,BMW,K75RT,,1989,1989,1989,2230.0,916.0,1460.0,1460.0,HANDLEBAR_WIDTH,UNKNOWN,UNKNOWN,1,motorcyclespecs,https://www.motorcyclespecs.co.za/model/bmw/bmw-k75rt-90.html,LOW,REVIEW
MOTO-DIM-BMW-K75RTABS-0001,BMW,K75RT ABS,,1989,1989,1989,2230.0,916.0,1460.0,1460.0,HANDLEBAR_WIDTH,UNKNOWN,UNKNOWN,1,motorcyclespecs,https://www.motorcyclespecs.co.za/model/bmw/bmw-k75rt-90.html,LOW,REVIEW
MOTO-DIM-BMW-K75S-0001,BMW,K75S,,1984,,,2220.0,900.0,1340.0,1340.0,HANDLEBAR_WIDTH,UNKNOWN,UNKNOWN,2,motorcyclespecs,https://www.motorcyclespecs.co.za/model/bmw/bmw-k75s-86.html | https://www.motorcyclespecs.co.za/model/bmw/bmw-k75s-87.html,LOW,REVIEW
MOTO-DIM-BMW-K75SABS-0001,BMW,K75S ABS,,1984,,,2220.0,900.0,1340.0,1340.0,HANDLEBAR_WIDTH,UNKNOWN,UNKNOWN,2,motorcyclespecs,https://www.motorcyclespecs.co.za/model/bmw/bmw-k75s-86.html | https://www.motorcyclespecs.co.za/model/bmw/bmw-k75s-87.html,LOW,REVIEW
MOTO-DIM-BMW-K75T-0001,BMW,K75T,,1986,1986,1986,2220.0,900.0,1300.0,1300.0,UNKNOWN,UNKNOWN,STANDARD,1,motorcyclespecs,https://www.motorcyclespecs.co.za/model/bmw/bmw-k75t-86.html,MEDIUM,REVIEW
MOTO-DIM-BMW-M1000R-0001,BMW,M1000R,,2025,2025,2025,2085.0,996.0,1176.0,1176.0,UNKNOWN,UNKNOWN,STANDARD,1,motorcyclespecs,https://www.motorcyclespecs.co.za/model/bmw/bmw-m-1000r-2025.html,LOW,REVIEW
MOTO-DIM-BMW-M1000R-0002,BMW,M1000R,,2023,2023,2023,2085.0,996.0,1224.0,1224.0,UNKNOWN,UNKNOWN,STANDARD,1,bikez,https://bikez.com/motorcycles/bmw_m_1000_r_2023.php,LOW,REVIEW
MOTO-DIM-BMW-M1000R-0003,BMW,M1000R,,2026,2026,2026,2085.0,996.0,,,UNKNOWN,UNKNOWN,STANDARD,1,1000ps,https://www.1000ps.com/en-gb/model/11360/bmw-m-1000-r,LOW,REVIEW
MOTO-DIM-BMW-M1000RR-0001,BMW,M1000RR,,,,,2073.0,848.3,1196.3,1196.3,UNKNOWN,UNKNOWN,STANDARD,1,motorcyclespecs,https://www.motorcyclespecs.co.za/model/bmw/bmw-m1000rr-21.html,LOW,REVIEW
MOTO-DIM-BMW-M1000RR-0002,BMW,M1000RR,,"2023,2027",,,2085.0,899.0,1224.0,1224.0,UNKNOWN,UNKNOWN,STANDARD,2,bikez | motorcyclespecs,https://bikez.com/motorcycles/bmw_m_1000_rr_2023.php | https://www.motorcyclespecs.co.za/model/bmw/bmw-m1000rr-2027.html,LOW,REVIEW
MOTO-DIM-BMW-M1000RR-0003,BMW,M1000RR,,2026,2026,2026,2085.0,899.0,1197.0,1197.0,UNKNOWN,UNKNOWN,STANDARD,1,1000ps,https://www.1000ps.com/en-gb/model/10295/bmw-m-1000-rr,LOW,REVIEW
MOTO-DIM-BMW-M1000RR-0004,BMW,M1000RR,,2022,2022,2022,2073.0,848.0,1151.0,1151.0,UNKNOWN,UNKNOWN,STANDARD,1,bikez,https://bikez.com/motorcycles/bmw_m_1000_rr_2022.php,LOW,REVIEW
MOTO-DIM-BMW-M1000RR-0005,BMW,M1000RR,,2025,2025,2025,2085.0,899.0,1228.0,1228.0,HANDLEBAR_WIDTH,UNKNOWN,STANDARD,1,motorcyclespecs,https://www.motorcyclespecs.co.za/model/bmw/bmw-m1000rr-2025.html,LOW,REVIEW
MOTO-DIM-BMW-M1000RR50YEARSM-0001,BMW,M1000RR 50 Years M,,2022,2022,2022,2073.0,848.3,1196.3,1196.3,UNKNOWN,UNKNOWN,STANDARD,1,motorcyclespecs,https://www.motorcyclespecs.co.za/model/bmw/bmw-m1000rr-50-years-22.html,MEDIUM,REVIEW
MOTO-DIM-BMW-M1000XR-0001,BMW,M1000XR,,"2024,2027",,,2169.0,851.0,1382.0,1382.0,UNKNOWN,UNKNOWN,STANDARD,2,motorcyclespecs,https://www.motorcyclespecs.co.za/model/bmw/bmw-m1000xr-2024.html | https://www.motorcyclespecs.co.za/model/bmw/bmw-m1000xr-2027.html,LOW,REVIEW
MOTO-DIM-BMW-M1000XR-0002,BMW,M1000XR,,2026,2026,2026,2170.0,850.0,1382.0,1382.0,HANDLEBAR_WIDTH,UNKNOWN,UNKNOWN,1,1000ps,https://www.1000ps.com/en-gb/model/11973/bmw-m-1000-xr,LOW,REVIEW
MOTO-DIM-BMW-R12-0001,BMW,R 12,,2026,2026,2026,2200.0,830.0,,,UNKNOWN,UNKNOWN,UNKNOWN,1,1000ps,https://www.1000ps.com/en-gb/model/5062/bmw-r-12,LOW,REVIEW
MOTO-DIM-BMW-R12-0002,BMW,R 12,,,,,2200.0,830.0,1110.0,1110.0,UNKNOWN,UNKNOWN,UNKNOWN,1,bikedekho,https://www.bikedekho.com/bmw-bikes/r-12/specifications,LOW,REVIEW
MOTO-DIM-BMW-K1600BOPTION719MIDNIGHT-0001,BMW,K1600B Option 719 Midnight,,,,,2170.0,900.0,1380.0,1380.0,UNKNOWN,UNKNOWN,UNKNOWN,1,QWEN_INFERENCE,,LOW,REVIEW
MOTO-DIM-BMW-R1100GSSE-0001,BMW,R1100GS SE,,,,,2150.0,900.0,1380.0,1380.0,UNKNOWN,UNKNOWN,UNKNOWN,1,QWEN_INFERENCE,,LOW,REVIEW
MOTO-DIM-HONDA-CB400FCB1-0001,Honda,CB400F CB-1,,,,,2050.0,780.0,1080.0,1080.0,UNKNOWN,UNKNOWN,UNKNOWN,1,QWEN_INFERENCE,,LOW,REVIEW
MOTO-DIM-HONDA-CL200SCRAMBLER-0001,Honda,CL200 Scrambler,,,,,2100.0,800.0,1050.0,1050.0,UNKNOWN,UNKNOWN,UNKNOWN,1,QWEN_INFERENCE,,LOW,REVIEW
MOTO-DIM-HONDA-CL77SCRAMBLER305-0001,Honda,CL77 Scrambler 305,,,,,2150.0,850.0,1080.0,1080.0,UNKNOWN,UNKNOWN,UNKNOWN,1,QWEN_INFERENCE,,LOW,REVIEW
MOTO-DIM-HONDA-CL90SCRAMBLER-0001,Honda,CL90 Scrambler,,,,,2100.0,800.0,1050.0,1050.0,UNKNOWN,UNKNOWN,UNKNOWN,1,QWEN_INFERENCE,,LOW,REVIEW
MOTO-DIM-HONDA-CRF1100A4AFRICATWINADVENTURESPORTS-0001,Honda,CRF1100A4 Africa Twin Adventure Sports,,,,,2250.0,910.0,1480.0,1480.0,UNKNOWN,UNKNOWN,UNKNOWN,1,QWEN_INFERENCE,,LOW,REVIEW
MOTO-DIM-HONDA-CRF1100A4AFRICATWINADVENTURESPORTSDCT-0001,Honda,CRF1100A4 Africa Twin Adventure Sports DCT,,,,,2200.0,870.0,1450.0,1450.0,UNKNOWN,UNKNOWN,UNKNOWN,1,QWEN_INFERENCE,,LOW,REVIEW
MOTO-DIM-HONDA-CRF1100D4AFRICATWINADVENTURESPORTSDCT-0001,Honda,CRF1100D4 Africa Twin Adventure Sports DCT,,,,,2180.0,905.0,1460.0,1460.0,UNKNOWN,UNKNOWN,UNKNOWN,1,QWEN_INFERENCE,,LOW,REVIEW
MOTO-DIM-HONDA-CRF1100L4AFRICATWINADVENTURESPORTSES-0001,Honda,CRF1100L4 Africa Twin Adventure Sports ES,,,,,2200.0,900.0,1450.0,1450.0,UNKNOWN,UNKNOWN,UNKNOWN,1,QWEN_INFERENCE,,LOW,REVIEW
MOTO-DIM-HONDA-DIO125-0001,Honda,DIO 125,,,,,1850.0,670.0,1080.0,1080.0,UNKNOWN,UNKNOWN,UNKNOWN,1,QWEN_INFERENCE,,LOW,REVIEW
MOTO-DIM-HONDA-GL1800GOLDWINGDCT50THANNIVERSARY-0001,Honda,GL1800 Gold Wing DCT 50th Anniversary,,,,,2970.0,1180.0,1640.0,1640.0,UNKNOWN,UNKNOWN,UNKNOWN,1,QWEN_INFERENCE,,LOW,REVIEW
MOTO-DIM-HONDA-GL1800GOLDWINGTOURDCT50THANNIVERSARY-0001,Honda,GL1800 Gold Wing Tour DCT 50th Anniversary,,,,,2570.0,940.0,1530.0,1530.0,UNKNOWN,UNKNOWN,UNKNOWN,1,QWEN_INFERENCE,,LOW,REVIEW
MOTO-DIM-HONDA-MT125-0001,Honda,MT125,,,,,2050.0,800.0,1100.0,1100.0,UNKNOWN,UNKNOWN,UNKNOWN,1,QWEN_INFERENCE,,LOW,REVIEW
MOTO-DIM-HONDA-SL90-0001,Honda,SL90,,,,,2050.0,780.0,1080.0,1080.0,UNKNOWN,UNKNOWN,UNKNOWN,1,QWEN_INFERENCE,,LOW,REVIEW
MOTO-DIM-SUZUKI-RM370-0001,Suzuki,RM370,,,,,2150.0,820.0,1100.0,1100.0,UNKNOWN,UNKNOWN,UNKNOWN,1,QWEN_INFERENCE,,LOW,REVIEW
MOTO-DIM-SUZUKI-RS175-0001,Suzuki,RS175,,,,,1850.0,680.0,1020.0,1020.0,UNKNOWN,UNKNOWN,UNKNOWN,1,QWEN_INFERENCE,,LOW,REVIEW
MOTO-DIM-AMERICANIRONHORSE-BANDIT-0001,American IronHorse,Bandit,,,,,2300.0,900.0,1150.0,1150.0,UNKNOWN,UNKNOWN,UNKNOWN,1,QWEN_INFERENCE,,LOW,REVIEW
MOTO-DIM-AMERICANIRONHORSE-CLASSICCHOP-0001,American IronHorse,Classic Chop,,,,,2700.0,900.0,1150.0,1150.0,UNKNOWN,UNKNOWN,UNKNOWN,1,QWEN_INFERENCE,,LOW,REVIEW
MOTO-DIM-AMERICANIRONHORSE-LEGEND-0001,American IronHorse,Legend,,,,,2700.0,950.0,1150.0,1150.0,UNKNOWN,UNKNOWN,UNKNOWN,1,QWEN_INFERENCE,,LOW,REVIEW
MOTO-DIM-AMERICANIRONHORSE-LSC-0001,American IronHorse,LSC,,,,,2350.0,900.0,1100.0,1100.0,UNKNOWN,UNKNOWN,UNKNOWN,1,QWEN_INFERENCE,,LOW,REVIEW
MOTO-DIM-AMERICANIRONHORSE-OUTLAW-0001,American IronHorse,Outlaw,,,,,2750.0,950.0,1150.0,1150.0,UNKNOWN,UNKNOWN,UNKNOWN,1,QWEN_INFERENCE,,LOW,REVIEW
MOTO-DIM-AMERICANIRONHORSE-THUNDER-0001,American IronHorse,Thunder,,,,,2800.0,900.0,1150.0,1150.0,UNKNOWN,UNKNOWN,UNKNOWN,1,QWEN_INFERENCE,,LOW,REVIEW
MOTO-DIM-ATK-350MX-0001,ATK,350 MX,,,,,2150.0,850.0,1100.0,1100.0,UNKNOWN,UNKNOWN,UNKNOWN,1,QWEN_INFERENCE,,LOW,REVIEW
MOTO-DIM-ATK-450ENDURO-0001,ATK,450 Enduro,,,,,2150.0,900.0,1150.0,1150.0,UNKNOWN,UNKNOWN,UNKNOWN,1,QWEN_INFERENCE,,LOW,REVIEW
MOTO-DIM-ATK-450MOTARD-0001,ATK,450 Motard,,,,,2150.0,850.0,1200.0,1200.0,UNKNOWN,UNKNOWN,UNKNOWN,1,QWEN_INFERENCE,,LOW,REVIEW
MOTO-DIM-ATK-450OR-0001,ATK,450 OR,,,,,2200.0,850.0,1150.0,1150.0,UNKNOWN,UNKNOWN,UNKNOWN,1,QWEN_INFERENCE,,LOW,REVIEW
MOTO-DIM-ATK-450VR-0001,ATK,450 VR,,,,,2200.0,900.0,1350.0,1350.0,UNKNOWN,UNKNOWN,UNKNOWN,1,QWEN_INFERENCE,,LOW,REVIEW
MOTO-DIM-ATK-50MXE-0001,ATK,50 MXE,,,,,1950.0,820.0,1100.0,1100.0,UNKNOWN,UNKNOWN,UNKNOWN,1,QWEN_INFERENCE,,LOW,REVIEW
MOTO-DIM-ATK-50TA-0001,ATK,50 TA,,,,,1850.0,650.0,1050.0,1050.0,UNKNOWN,UNKNOWN,UNKNOWN,1,QWEN_INFERENCE,,LOW,REVIEW
MOTO-DIM-ATK-500DT-0001,ATK,500 DT,,,,,2100.0,750.0,1100.0,1100.0,UNKNOWN,UNKNOWN,UNKNOWN,1,QWEN_INFERENCE,,LOW,REVIEW
MOTO-DIM-BENELLI-PEPE50-0001,Benelli,Pepe 50,,,,,1850.0,680.0,1080.0,1080.0,UNKNOWN,UNKNOWN,UNKNOWN,1,QWEN_INFERENCE,,LOW,REVIEW
MOTO-DIM-BENELLI-TNT180S-0001,Benelli,TNT180S,,,,,2050.0,780.0,1100.0,1100.0,UNKNOWN,UNKNOWN,UNKNOWN,1,QWEN_INFERENCE,,LOW,REVIEW
MOTO-DIM-BENELLI-TORNADOTRELE-0001,Benelli,Tornado Tre LE,,,,,2100.0,850.0,1120.0,1120.0,UNKNOWN,UNKNOWN,UNKNOWN,1,QWEN_INFERENCE,,LOW,REVIEW
MOTO-DIM-BETA-300RX-0001,Beta,300 RX,,,,,2150.0,850.0,1120.0,1120.0,UNKNOWN,UNKNOWN,UNKNOWN,1,QWEN_INFERENCE,,LOW,REVIEW
MOTO-DIM-BETA-450RRRACEEDITION-0001,Beta,450 RR-Race Edition,,,,,2150.0,820.0,1120.0,1120.0,UNKNOWN,UNKNOWN,UNKNOWN,1,QWEN_INFERENCE,,LOW,REVIEW
MOTO-DIM-BETA-EVO300-0001,Beta,EVO 300,,,,,2100.0,850.0,1350.0,1350.0,UNKNOWN,UNKNOWN,UNKNOWN,1,QWEN_INFERENCE,,LOW,REVIEW
MOTO-DIM-BETA-REV3200-0001,Beta,Rev3 200,,,,,2150.0,860.0,1320.0,1320.0,UNKNOWN,UNKNOWN,UNKNOWN,1,QWEN_INFERENCE,,LOW,REVIEW
MOTO-DIM-BETA-SYNT-0001,Beta,Synt.,,,,,2150.0,900.0,1250.0,1250.0,UNKNOWN,UNKNOWN,UNKNOWN,1,QWEN_INFERENCE,,LOW,REVIEW
MOTO-DIM-BETA-TR33-0001,Beta,TR33,,,,,2150.0,850.0,1120.0,1120.0,UNKNOWN,UNKNOWN,UNKNOWN,1,QWEN_INFERENCE,,LOW,REVIEW
MOTO-DIM-BETA-TR35-0001,Beta,TR35,,,,,2150.0,850.0,1350.0,1350.0,UNKNOWN,UNKNOWN,UNKNOWN,1,QWEN_INFERENCE,,LOW,REVIEW
MOTO-DIM-BIGBEARCHOPPERS-ATHENACHOPPERV111CARB-0001,Big Bear Choppers,Athena Chopper V111 Carb,,,,,2600.0,900.0,1100.0,1100.0,UNKNOWN,UNKNOWN,UNKNOWN,1,QWEN_INFERENCE,,LOW,REVIEW
MOTO-DIM-BIGBEARCHOPPERS-ATHENAPROSTREETV111EFI-0001,Big Bear Choppers,Athena ProStreet V111 EFI,,,,,2600.0,850.0,1100.0,1100.0,UNKNOWN,UNKNOWN,UNKNOWN,1,QWEN_INFERENCE,,LOW,REVIEW
MOTO-DIM-BIGBEARCHOPPERS-BEARBONESV111CARB-0001,Big Bear Choppers,Bear Bones V111 Carb,,,,,2600.0,900.0,1100.0,1100.0,UNKNOWN,UNKNOWN,UNKNOWN,1,QWEN_INFERENCE,,LOW,REVIEW
MOTO-DIM-BIGBEARCHOPPERS-THESLEDPROSTREETV111CARB-0001,Big Bear Choppers,The Sled ProStreet V111 Carb,,,,,2800.0,850.0,1100.0,1100.0,UNKNOWN,UNKNOWN,UNKNOWN,1,QWEN_INFERENCE,,LOW,REVIEW
MOTO-DIM-BIGDOG-BULLDOG-0001,Big Dog,Bulldog,,,,,2300.0,900.0,1100.0,1100.0,UNKNOWN,UNKNOWN,UNKNOWN,1,QWEN_INFERENCE,,LOW,REVIEW
MOTO-DIM-BIGDOG-CHOPPER-0001,Big Dog,Chopper,,,,,2800.0,950.0,1100.0,1100.0,UNKNOWN,UNKNOWN,UNKNOWN,1,QWEN_INFERENCE,,LOW,REVIEW
MOTO-DIM-BIGDOG-K9-0001,Big Dog,K-9,,,,,2300.0,950.0,1100.0,1100.0,UNKNOWN,UNKNOWN,UNKNOWN,1,QWEN_INFERENCE,,LOW,REVIEW
MOTO-DIM-BIGDOG-MASTIFFEFI-0001,Big Dog,Mastiff EFI,,,,,2300.0,900.0,1200.0,1200.0,UNKNOWN,UNKNOWN,UNKNOWN,1,QWEN_INFERENCE,,LOW,REVIEW
MOTO-DIM-BIGDOG-PITBULL-0001,Big Dog,Pitbull,,,,,2700.0,1000.0,1100.0,1100.0,UNKNOWN,UNKNOWN,UNKNOWN,1,QWEN_INFERENCE,,LOW,REVIEW
MOTO-DIM-BUELL-BLAST-0001,Buell,Blast,,,,,2150.0,800.0,1100.0,1100.0,UNKNOWN,UNKNOWN,UNKNOWN,1,QWEN_INFERENCE,,LOW,REVIEW
MOTO-DIM-CFMOTO-230DUAL-0001,CFMOTO,230 Dual,,,,,2150.0,880.0,1380.0,1380.0,UNKNOWN,UNKNOWN,UNKNOWN,1,QWEN_INFERENCE,,LOW,REVIEW
MOTO-DIM-CFMOTO-PAPIOXO-0001,CFMOTO,Papio XO,,,,,2050.0,820.0,1280.0,1280.0,UNKNOWN,UNKNOWN,UNKNOWN,1,QWEN_INFERENCE,,LOW,REVIEW
MOTO-DIM-COBRA-CM50-0001,Cobra,CM50,,,,,1900.0,750.0,1100.0,1100.0,UNKNOWN,UNKNOWN,UNKNOWN,1,QWEN_INFERENCE,,LOW,REVIEW
MOTO-DIM-DUCATI-SUPERSPORT950-0001,Ducati,Super Sport 950,,,,,2140.0,905.0,1115.0,1115.0,UNKNOWN,UNKNOWN,UNKNOWN,1,QWEN_INFERENCE,,LOW,REVIEW
MOTO-DIM-ETON-BEAMERR4150-0001,E-TON,Beamer R4 (150),,,,,2050.0,800.0,1100.0,1100.0,UNKNOWN,UNKNOWN,UNKNOWN,1,QWEN_INFERENCE,,LOW,REVIEW
MOTO-DIM-EVOBIKE-TAURO-0001,Evobike,Tauro,,,,,2100.0,850.0,1100.0,1100.0,UNKNOWN,UNKNOWN,UNKNOWN,1,QWEN_INFERENCE,,LOW,REVIEW
MOTO-DIM-GASGAS-CONTACT280-0001,Gas Gas,Contact 280,,,,,2150.0,850.0,1100.0,1100.0,UNKNOWN,UNKNOWN,UNKNOWN,1,QWEN_INFERENCE,,LOW,REVIEW
MOTO-DIM-GASGAS-CONTACTGT12-0001,Gas Gas,Contact GT12,,,,,2100.0,850.0,1150.0,1150.0,UNKNOWN,UNKNOWN,UNKNOWN,1,QWEN_INFERENCE,,LOW,REVIEW
MOTO-DIM-GASGAS-CONTACTJTR160-0001,Gas Gas,Contact JTR160,,,,,2100.0,850.0,1350.0,1350.0,UNKNOWN,UNKNOWN,UNKNOWN,1,QWEN_INFERENCE,,LOW,REVIEW
MOTO-DIM-GASGAS-CONTACTJTR250-0001,Gas Gas,Contact JTR250,,,,,2100.0,850.0,1100.0,1100.0,UNKNOWN,UNKNOWN,UNKNOWN,1,QWEN_INFERENCE,,LOW,REVIEW
MOTO-DIM-GASGAS-CONTACTJTR370-0001,Gas Gas,Contact JTR370,,,,,2150.0,860.0,1120.0,1120.0,UNKNOWN,UNKNOWN,UNKNOWN,1,QWEN_INFERENCE,,LOW,REVIEW
MOTO-DIM-GASGAS-CONTACTT25-0001,Gas Gas,Contact T25,,,,,2150.0,860.0,1380.0,1380.0,UNKNOWN,UNKNOWN,UNKNOWN,1,QWEN_INFERENCE,,LOW,REVIEW
MOTO-DIM-GASGAS-CONTACTTX125-0001,Gas Gas,Contact TX125,,,,,2150.0,850.0,1250.0,1250.0,UNKNOWN,UNKNOWN,UNKNOWN,1,QWEN_INFERENCE,,LOW,REVIEW
MOTO-DIM-GASGAS-CONTACTTX270-0001,Gas Gas,Contact TX270,,,,,2150.0,850.0,1380.0,1380.0,UNKNOWN,UNKNOWN,UNKNOWN,1,QWEN_INFERENCE,,LOW,REVIEW
MOTO-DIM-GASGAS-EC250CERVANTESREPLICA-0001,Gas Gas,EC 250 Cervantes Replica,,,,,2150.0,860.0,1140.0,1140.0,UNKNOWN,UNKNOWN,UNKNOWN,1,QWEN_INFERENCE,,LOW,REVIEW
MOTO-DIM-GASGAS-EC250R-0001,Gas Gas,EC 250 R,,,,,2150.0,860.0,1240.0,1240.0,UNKNOWN,UNKNOWN,UNKNOWN,1,QWEN_INFERENCE,,LOW,REVIEW
MOTO-DIM-GASGAS-EC250RACINGESTART-0001,Gas Gas,EC 250 Racing E-Start,,,,,2150.0,900.0,1150.0,1150.0,UNKNOWN,UNKNOWN,UNKNOWN,1,QWEN_INFERENCE,,LOW,REVIEW
MOTO-DIM-GASGAS-EC250REPLICAFACTORY-0001,Gas Gas,EC 250 Replica Factory,,,,,2150.0,820.0,1120.0,1120.0,UNKNOWN,UNKNOWN,UNKNOWN,1,QWEN_INFERENCE,,LOW,REVIEW
MOTO-DIM-GASGAS-EC500F-0001,Gas Gas,EC 500F,,,,,2250.0,880.0,1150.0,1150.0,UNKNOWN,UNKNOWN,UNKNOWN,1,QWEN_INFERENCE,,LOW,REVIEW
MOTO-DIM-GASGAS-ECROOKIE50-0001,Gas Gas,EC Rookie 50,,,,,1850.0,820.0,1080.0,1080.0,UNKNOWN,UNKNOWN,UNKNOWN,1,QWEN_INFERENCE,,LOW,REVIEW
MOTO-DIM-GASGAS-ECSR-0001,Gas Gas,EC Sr.,,,,,2150.0,860.0,1180.0,1180.0,UNKNOWN,UNKNOWN,UNKNOWN,1,QWEN_INFERENCE,,LOW,REVIEW
MOTO-DIM-GASGAS-EX300-0001,Gas Gas,EX 300,,,,,2150.0,850.0,1300.0,1300.0,UNKNOWN,UNKNOWN,UNKNOWN,1,QWEN_INFERENCE,,LOW,REVIEW
MOTO-DIM-GASGAS-EX350F-0001,Gas Gas,EX 350F,,,,,2150.0,860.0,1130.0,1130.0,UNKNOWN,UNKNOWN,UNKNOWN,1,QWEN_INFERENCE,,LOW,REVIEW
MOTO-DIM-GASGAS-MC150-0001,Gas Gas,MC 150,,,,,2150.0,850.0,1200.0,1200.0,UNKNOWN,UNKNOWN,UNKNOWN,1,QWEN_INFERENCE,,LOW,REVIEW
MOTO-DIM-GASGAS-MC300-0001,Gas Gas,MC 300,,,,,2150.0,850.0,1100.0,1100.0,UNKNOWN,UNKNOWN,UNKNOWN,1,QWEN_INFERENCE,,LOW,REVIEW
MOTO-DIM-GASGAS-ROOKIE50-0001,Gas Gas,Rookie 50,,,,,1750.0,780.0,1120.0,1120.0,UNKNOWN,UNKNOWN,UNKNOWN,1,QWEN_INFERENCE,,LOW,REVIEW
MOTO-DIM-GASGAS-TX125RANDONNE-0001,Gas Gas,TX 125 Randonne,,,,,2150.0,840.0,1090.0,1090.0,UNKNOWN,UNKNOWN,UNKNOWN,1,QWEN_INFERENCE,,LOW,REVIEW
MOTO-DIM-GASGAS-TXTBOY50-0001,Gas Gas,TXT Boy 50,,,,,1850.0,780.0,1120.0,1120.0,UNKNOWN,UNKNOWN,UNKNOWN,1,QWEN_INFERENCE,,LOW,REVIEW
MOTO-DIM-GASGAS-TXTPRO125-0001,Gas Gas,TXT Pro 125,,,,,2150.0,840.0,1360.0,1360.0,UNKNOWN,UNKNOWN,UNKNOWN,1,QWEN_INFERENCE,,LOW,REVIEW
MOTO-DIM-GASGAS-TXTPRO125REPLICAFACTORY-0001,Gas Gas,TXT Pro 125 Replica Factory,,,,,2150.0,850.0,1200.0,1200.0,UNKNOWN,UNKNOWN,UNKNOWN,1,QWEN_INFERENCE,,LOW,REVIEW
MOTO-DIM-GASGAS-TXTPRO300RAGA-0001,Gas Gas,TXT Pro 300 Raga,,,,,2150.0,860.0,1240.0,1240.0,UNKNOWN,UNKNOWN,UNKNOWN,1,QWEN_INFERENCE,,LOW,REVIEW
MOTO-DIM-GASGAS-TXTPRO300REPLICAFACTORY-0001,Gas Gas,TXT Pro 300 Replica Factory,,,,,2150.0,850.0,1380.0,1380.0,UNKNOWN,UNKNOWN,UNKNOWN,1,QWEN_INFERENCE,,LOW,REVIEW
MOTO-DIM-GASGAS-TXTPROSERIES-0001,Gas Gas,TXT Pro Series,,,,,2150.0,860.0,1120.0,1120.0,UNKNOWN,UNKNOWN,UNKNOWN,1,QWEN_INFERENCE,,LOW,REVIEW
MOTO-DIM-GASGAS-TXTROOKIE50-0001,Gas Gas,TXT Rookie 50,,,,,1850.0,780.0,1080.0,1080.0,UNKNOWN,UNKNOWN,UNKNOWN,1,QWEN_INFERENCE,,LOW,REVIEW
MOTO-DIM-GASGAS-TXTSR-0001,Gas Gas,TXT Sr.,,,,,2150.0,850.0,1150.0,1150.0,UNKNOWN,UNKNOWN,UNKNOWN,1,QWEN_INFERENCE,,LOW,REVIEW
MOTO-DIM-GASGAS-XC125RACING-0001,Gas Gas,XC 125 Racing,,,,,2150.0,850.0,1100.0,1100.0,UNKNOWN,UNKNOWN,UNKNOWN,1,QWEN_INFERENCE,,LOW,REVIEW
MOTO-DIM-HARLEYDAVIDSON-FXDWG3CVODYNAWIDEGLIDE-0001,Harley-Davidson,FXDWG3 CVO Dyna Wide Glide,,,,,2950.0,940.0,1200.0,1200.0,UNKNOWN,UNKNOWN,UNKNOWN,1,QWEN_INFERENCE,,LOW,REVIEW
MOTO-DIM-HARLEYDAVIDSON-FXEFFATBOB-0001,Harley-Davidson,FXEF Fat Bob,,,,,2286.0,914.0,1143.0,1143.0,UNKNOWN,UNKNOWN,UNKNOWN,1,QWEN_INFERENCE,,LOW,REVIEW
MOTO-DIM-HARLEYDAVIDSON-VRSCSE2SCREAMINEAGLEVROD2-0001,Harley-Davidson,VRSCSE2 Screamin Eagle V-Rod 2,,,,,2380.0,910.0,1140.0,1140.0,UNKNOWN,UNKNOWN,UNKNOWN,1,QWEN_INFERENCE,,LOW,REVIEW
MOTO-DIM-HERO-DASH125-0001,Hero,Dash 125,,,,,1850.0,720.0,1080.0,1080.0,UNKNOWN,UNKNOWN,UNKNOWN,1,QWEN_INFERENCE,,LOW,REVIEW
MOTO-DIM-HERO-IGNITOR125-0001,Hero,Ignitor 125,,,,,1920.0,720.0,1100.0,1100.0,UNKNOWN,UNKNOWN,UNKNOWN,1,QWEN_INFERENCE,,LOW,REVIEW
MOTO-DIM-HERO-XPULSE2002VFI-0001,Hero,Xpulse 200 2V FI,,,,,2050.0,850.0,1120.0,1120.0,UNKNOWN,UNKNOWN,UNKNOWN,1,QWEN_INFERENCE,,LOW,REVIEW
MOTO-DIM-HM-CRE50-0001,HM,CRE 50,,,,,1950.0,720.0,1100.0,1100.0,UNKNOWN,UNKNOWN,UNKNOWN,1,QWEN_INFERENCE,,LOW,REVIEW
MOTO-DIM-HUSQVARNA-CR360-0001,Husqvarna,CR360,,,,,2200.0,850.0,1380.0,1380.0,UNKNOWN,UNKNOWN,UNKNOWN,1,QWEN_INFERENCE,,LOW,REVIEW
MOTO-DIM-HUSQVARNA-TC570-0001,Husqvarna,TC570,,,,,2180.0,900.0,1150.0,1150.0,UNKNOWN,UNKNOWN,UNKNOWN,1,QWEN_INFERENCE,,LOW,REVIEW
MOTO-DIM-HUSQVARNA-TE570-0001,Husqvarna,TE570,,,,,2150.0,900.0,1180.0,1180.0,UNKNOWN,UNKNOWN,UNKNOWN,1,QWEN_INFERENCE,,LOW,REVIEW
MOTO-DIM-HUSQVARNA-WR390-0001,Husqvarna,WR390,,,,,2200.0,900.0,1400.0,1400.0,UNKNOWN,UNKNOWN,UNKNOWN,1,QWEN_INFERENCE,,LOW,REVIEW
MOTO-DIM-HUSQVARNA-WXC350-0001,Husqvarna,WXC 350,,,,,2250.0,860.0,1390.0,1390.0,UNKNOWN,UNKNOWN,UNKNOWN,1,QWEN_INFERENCE,,LOW,REVIEW
MOTO-DIM-HUSQVARNA-WXC360-0001,Husqvarna,WXC 360,,,,,2150.0,900.0,1380.0,1380.0,UNKNOWN,UNKNOWN,UNKNOWN,1,QWEN_INFERENCE,,LOW,REVIEW
MOTO-DIM-HUSQVARNA-XC125-0001,Husqvarna,XC125,,,,,2150.0,900.0,1250.0,1250.0,UNKNOWN,UNKNOWN,UNKNOWN,1,QWEN_INFERENCE,,LOW,REVIEW
MOTO-DIM-HYOSUNG-SF50BPRIMA-0001,Hyosung,SF50B/Prima,,,,,2050.0,780.0,1080.0,1080.0,UNKNOWN,UNKNOWN,UNKNOWN,1,QWEN_INFERENCE,,LOW,REVIEW
MOTO-DIM-INDIAN-CHIEFTAINPOWERPLUS-0001,Indian,Chieftain PowerPlus,,,,,2750.0,980.0,1150.0,1150.0,UNKNOWN,UNKNOWN,UNKNOWN,1,QWEN_INFERENCE,,LOW,REVIEW
MOTO-DIM-INDIAN-CHIEFTAINPOWERPLUSDARKHORSE108-0001,Indian,Chieftain PowerPlus Dark Horse 108,,,,,2750.0,980.0,1150.0,1150.0,UNKNOWN,UNKNOWN,UNKNOWN,1,QWEN_INFERENCE,,LOW,REVIEW
MOTO-DIM-INDIAN-ROADMASTERPOWERPLUSDARKHORSE108-0001,Indian,Roadmaster PowerPlus Dark Horse 108,,,,,2450.0,980.0,1180.0,1180.0,UNKNOWN,UNKNOWN,UNKNOWN,1,QWEN_INFERENCE,,LOW,REVIEW
MOTO-DIM-BMW-G310GS40YEARSGSEDITION-0001,BMW,G310GS 40 Years GS Edition,,2021,2021,2021,2075.0,80.0,1230.0,1230.0,HANDLEBAR_WIDTH,UNKNOWN,UNKNOWN,1,motorcyclespecs,https://www.motorcyclespecs.co.za/model/bmw/bmw-g310gs-40th-21.html,LOW,REVIEW
MOTO-DIM-BMW-R12GS-0001,BMW,R 12 G/S,,2026,2026,2026,2200.0,830.0,,,HANDLEBAR_WIDTH,UNKNOWN,UNKNOWN,1,1000ps,https://www.1000ps.com/en-gb/model/13063/bmw-r-12-g-s,MEDIUM,REVIEW
MOTO-DIM-BMW-R12NINET-0001,BMW,R 12 nine T,,2026,2026,2026,2130.0,870.0,,,UNKNOWN,UNKNOWN,UNKNOWN,1,1000ps,https://www.1000ps.com/en-gb/model/11910/bmw-r-12-ninet,MEDIUM,REVIEW
MOTO-DIM-BMW-R12NINET-0002,BMW,R 12 nine T,,,,,2130.0,870.0,1070.0,1070.0,UNKNOWN,UNKNOWN,UNKNOWN,1,bikedekho,https://www.bikedekho.com/bmw-bikes/r-12-ninet/specifications,MEDIUM,REVIEW
MOTO-DIM-BMW-R12NINET-0001,BMW,R 12 nineT,,2026,2026,2026,2130.0,870.0,,,UNKNOWN,UNKNOWN,UNKNOWN,1,1000ps,https://www.1000ps.com/en-gb/model/11910/bmw-r-12-ninet,MEDIUM,REVIEW
MOTO-DIM-BMW-R12NINET-0002,BMW,R 12 nineT,,,,,2130.0,870.0,1070.0,1070.0,UNKNOWN,UNKNOWN,UNKNOWN,1,bikedekho,https://www.bikedekho.com/bmw-bikes/r-12-ninet/specifications,MEDIUM,REVIEW
MOTO-DIM-BMW-R12S-0001,BMW,R 12 S,,2025,2025,2025,2131.0,871.0,,,HANDLEBAR_WIDTH,UNKNOWN,STANDARD,1,motorcyclespecs,https://www.motorcyclespecs.co.za/model/bmw/bmw-r12-ninet-s-2025.html,LOW,REVIEW
MOTO-DIM-BMW-R12S-0002,BMW,R 12 S,,2026,2026,2026,2130.0,870.0,1070.0,1070.0,HANDLEBAR_WIDTH,UNKNOWN,UNKNOWN,1,1000ps,https://www.1000ps.com/en-gb/model/12784/bmw-r-12-s,LOW,REVIEW
MOTO-DIM-BMW-R18-0001,BMW,R 18,,"2021,2023",,,2441.0,965.0,1125.0,1125.0,UNKNOWN,UNKNOWN,STANDARD,2,bikez,https://bikez.com/motorcycles/bmw_r_18_2021.php | https://bikez.com/motorcycles/bmw_r_18_2023.php,LOW,REVIEW
MOTO-DIM-BMW-R18-0002,BMW,R 18,,2022,2022,2022,2440.0,964.0,,,WITH_MIRRORS,UNKNOWN,STANDARD,1,motorcyclespecs,https://www.motorcyclespecs.co.za/model/bmw/bmw-r18-22.html,LOW,REVIEW
MOTO-DIM-BMW-R18-0003,BMW,R 18,,2026,2026,2026,2440.0,949.0,1126.0,1126.0,UNKNOWN,UNKNOWN,UNKNOWN,1,1000ps,https://www.1000ps.com/en-gb/model/9972/bmw-r-18,LOW,REVIEW
MOTO-DIM-BMW-R18100YEARS-0001,BMW,R 18 100 Years,,2024,2024,2024,2440.0,964.0,,,UNKNOWN,UNKNOWN,UNKNOWN,1,1000ps,https://www.1000ps.com/en-gb/model/11677/bmw-r-18-100-years,MEDIUM,REVIEW
MOTO-DIM-BMW-R18100YEARS-0002,BMW,R 18 100 Years,,2023,2023,2023,2441.0,965.0,1125.0,1125.0,UNKNOWN,UNKNOWN,STANDARD,1,bikez,https://bikez.com/motorcycles/bmw_r18_100_years_2023.php,MEDIUM,REVIEW
MOTO-DIM-BMW-R18B-0001,BMW,R 18 B,,2022,2022,2022,2560.0,970.0,1400.0,1400.0,HANDLEBAR_WIDTH,UNKNOWN,STANDARD,1,motorcyclespecs,https://www.motorcyclespecs.co.za/model/bmw/bmw-r18-b-22.html,LOW,REVIEW
MOTO-DIM-BMW-R18B-0002,BMW,R 18 B,,2026,2026,2026,2560.0,970.0,1400.0,1400.0,UNKNOWN,UNKNOWN,UNKNOWN,1,1000ps,https://www.1000ps.com/en-gb/model/10763/bmw-r-18-b,LOW,REVIEW
MOTO-DIM-BMW-R18CLASSIC-0001,BMW,R 18 Classic,,2021,2021,2021,2441.0,965.0,1125.0,1125.0,UNKNOWN,UNKNOWN,STANDARD,1,bikez,https://bikez.com/motorcycles/bmw_r_18_classic_2021.php,LOW,REVIEW
MOTO-DIM-BMW-R18CLASSIC-0002,BMW,R 18 Classic,,2022,2022,2022,2440.0,964.0,,,WITH_MIRRORS,UNKNOWN,STANDARD,1,motorcyclespecs,https://www.motorcyclespecs.co.za/model/bmw/bmw-r18-classic-22.html,LOW,REVIEW
MOTO-DIM-BMW-R18CLASSIC-0003,BMW,R 18 Classic,,2026,2026,2026,2440.0,949.0,1126.0,1126.0,UNKNOWN,UNKNOWN,TOURING_PACKAGE,1,1000ps,https://www.1000ps.com/en-gb/model/10326/bmw-r-18-classic,LOW,REVIEW
MOTO-DIM-BMW-R18CLASSIC-0004,BMW,R 18 Classic,,2023,2023,2023,2441.0,965.0,1397.0,1397.0,UNKNOWN,UNKNOWN,STANDARD,1,bikez,https://bikez.com/motorcycles/bmw_r_18_classic_2023.php,LOW,REVIEW
MOTO-DIM-BMW-R18FIRSTEDITION-0001,BMW,R 18 First Edition,,2021,2021,2021,2440.0,964.0,,,WITH_MIRRORS,UNKNOWN,STANDARD,1,motorcyclespecs,https://www.motorcyclespecs.co.za/model/bmw/bmw-r18-classic-first-edition-21.html,LOW,REVIEW
MOTO-DIM-BMW-R18ROCTANE-0001,BMW,R 18 Roctane,,2023,2023,2023,2615.0,953.0,,,WITH_MIRRORS,UNKNOWN,STANDARD,1,motorcyclespecs,https://www.motorcyclespecs.co.za/model/bmw/bmw-r18-roctane-2023.html,LOW,REVIEW
MOTO-DIM-BMW-R18ROCTANE-0002,BMW,R 18 Roctane,,2026,2026,2026,2615.0,982.0,,,UNKNOWN,UNKNOWN,UNKNOWN,1,1000ps,https://www.1000ps.com/en-gb/model/11918/bmw-r-18-roctane,LOW,REVIEW
MOTO-DIM-BMW-R18TRANSCONTINENTAL-0001,BMW,R 18 Transcontinental,,2022,2022,2022,2640.0,970.0,1500.0,1500.0,HANDLEBAR_WIDTH,UNKNOWN,STANDARD,1,motorcyclespecs,https://www.motorcyclespecs.co.za/model/bmw/bmw-r18-transcontinental-22.html,LOW,REVIEW
MOTO-DIM-BMW-R18TRANSCONTINENTAL-0002,BMW,R 18 Transcontinental,,2026,2026,2026,2640.0,970.0,1500.0,1500.0,UNKNOWN,UNKNOWN,UNKNOWN,1,1000ps,https://www.1000ps.com/en-gb/model/10764/bmw-r-18-transcontinental,LOW,REVIEW
MOTO-DIM-BMW-R18TRANSCONTINENTALFIRSTEDITION-0001,BMW,R 18 Transcontinental First Edition,,2022,2022,2022,2640.0,970.0,1500.0,1500.0,HANDLEBAR_WIDTH,UNKNOWN,STANDARD,1,motorcyclespecs,https://www.motorcyclespecs.co.za/model/bmw/bmw-r18-transcontinental-22.html,LOW,REVIEW
MOTO-DIM-BMW-R18TRANSCONTINENTALFIRSTEDITION-0002,BMW,R 18 Transcontinental First Edition,,2026,2026,2026,2640.0,970.0,1500.0,1500.0,UNKNOWN,UNKNOWN,UNKNOWN,1,1000ps,https://www.1000ps.com/en-gb/model/10764/bmw-r-18-transcontinental,LOW,REVIEW
MOTO-DIM-BMW-RNINET-0001,BMW,R nine T,,2023,2023,2023,2105.0,884.0,1240.0,1240.0,UNKNOWN,UNKNOWN,STANDARD,1,bikez,https://bikez.com/motorcycles/bmw_r_nine_t_2023.php,MEDIUM,REVIEW
MOTO-DIM-BMW-RNINET5-0001,BMW,R nine T /5,,2020,2020,2020,2220.0,890.0,1265.0,1265.0,UNKNOWN,UNKNOWN,STANDARD,1,bikez,https://bikez.com/motorcycles/bmw_r_ninet_5_2020.php,MEDIUM,REVIEW
MOTO-DIM-BMW-RNINET100YEARS-0001,BMW,R nine T 100 Years,,2023,2023,2023,2105.0,865.0,1240.0,1240.0,UNKNOWN,UNKNOWN,UNKNOWN,1,1000ps,https://www.1000ps.com/en-gb/model/11678/bmw-r-ninet-100-years,MEDIUM,REVIEW
MOTO-DIM-BMW-RNINETPURE-0001,BMW,R nine T Pure,,2022,2022,2022,2105.0,865.0,1240.0,1240.0,UNKNOWN,UNKNOWN,STANDARD,1,bikez,https://bikez.com/motorcycles/bmw_r_nine_t_pure_2022.php,MEDIUM,REVIEW
MOTO-DIM-BMW-RNINETRACER-0001,BMW,R nine T Racer,,,,,2105.0,900.0,1240.0,1240.0,HANDLEBAR_WIDTH,UNKNOWN,STANDARD,2,motorcyclespecs,https://www.motorcyclespecs.co.za/model/bmw/bmw-r-ninet-racer-17.html | https://www.motorcyclespecs.co.za/model/bmw/bmw-r-ninet-racer-19.html,LOW,REVIEW
MOTO-DIM-BMW-RNINETRACER-0002,BMW,R nine T Racer,,2020,2020,2020,2105.0,920.0,,,UNKNOWN,UNKNOWN,STANDARD,1,1000ps,https://www.1000ps.com/en-gb/model/8767/bmw-r-ninet-racer,LOW,REVIEW
MOTO-DIM-BMW-RNINETRACER-0003,BMW,R nine T Racer,,2018,2018,2018,2105.0,920.0,1105.0,1105.0,HANDLEBAR_WIDTH,UNKNOWN,STANDARD,1,bikez,https://bikez.com/motorcycles/bmw_r_ninet_racer_2018.php,LOW,REVIEW
MOTO-DIM-BMW-RNINETURBANGS-0001,BMW,R nine T Urban G/S,,"2021,2022",,,2175.0,870.0,1330.0,1330.0,HANDLEBAR_WIDTH,UNKNOWN,STANDARD,3,motorcyclespecs,https://www.motorcyclespecs.co.za/model/bmw/bmw-r-ninet-urban-gs-17.html | https://www.motorcyclespecs.co.za/model/bmw/bmw-r-ninet-urban-gs-21.html | https://www.motorcyclespecs.co.za/model/bmw/bmw-r-ninet-urban-gs-22.html,LOW,REVIEW
MOTO-DIM-BMW-RNINETURBANGS-0002,BMW,R nine T Urban G/S,,2023,2023,2023,2175.0,865.0,1330.0,1330.0,UNKNOWN,UNKNOWN,STANDARD,1,1000ps,https://www.1000ps.com/en-gb/model/8817/bmw-r-ninet-urban-g-s,LOW,REVIEW
MOTO-DIM-BMW-RNINETURBANGS40YEARSGSEDITION-0001,BMW,R nine T Urban G/S 40 Years GS Edition,,2021,2021,2021,2175.0,865.0,1330.0,1330.0,HANDLEBAR_WIDTH,UNKNOWN,STANDARD,1,motorcyclespecs,https://www.motorcyclespecs.co.za/model/bmw/bmw-r-ninet-urban-gs-40th-21.html,MEDIUM,REVIEW
MOTO-DIM-BMW-R100-0001,BMW,R100,,"1980,1982",,,2210.0,746.0,1210.0,1210.0,UNKNOWN,UNKNOWN,UNKNOWN,2,motorcyclespecs,https://www.motorcyclespecs.co.za/model/bmw/bmw-r100-80.html | https://www.motorcyclespecs.co.za/model/bmw/bmw-r100-82.html,LOW,REVIEW
MOTO-DIM-BMW-R100CS-0001,BMW,R100CS,,1979,1979,1979,2110.0,746.0,1210.0,1210.0,HANDLEBAR_WIDTH,UNKNOWN,STANDARD,3,motorcyclespecs,https://www.motorcyclespecs.co.za/model/bmw/bmw-r100cs-77.html | https://www.motorcyclespecs.co.za/model/bmw/bmw-r100cs-81.html | https://www.motorcyclespecs.co.za/model/bmw/bmw-r100cs-82.html,LOW,REVIEW
MOTO-DIM-BMW-R100GSPARISDAKAR-0001,BMW,R100GS Paris-Dakar,,"1988,1990,1993",,,2290.0,1000.0,1165.0,1165.0,UNKNOWN,UNKNOWN,STANDARD,3,motorcyclespecs,https://www.motorcyclespecs.co.za/model/bmw/bmw-r100gs-pd-88.html | https://www.motorcyclespecs.co.za/model/bmw/bmw-r100gs-pd-89.html | https://www.motorcyclespecs.co.za/model/bmw/bmw-r100gs-pd-93.html,LOW,REVIEW
MOTO-DIM-BMW-R100RS-0001,BMW,R100RS,,"1976,1984",,,2130.0,746.0,1300.0,1300.0,HANDLEBAR_WIDTH,UNKNOWN,UNKNOWN,2,motorcyclespecs,https://www.motorcyclespecs.co.za/model/bmw/bmw-r100rs-76.html | https://www.motorcyclespecs.co.za/model/bmw/bmw-r100rs-83.html,LOW,REVIEW
MOTO-DIM-BMW-R100RS-0002,BMW,R100RS,,,,,2130.0,746.0,1300.0,1300.0,UNKNOWN,UNKNOWN,STANDARD,1,motorcyclespecs,https://www.motorcyclespecs.co.za/model/bmw/bmw-r100rs-78.html,LOW,REVIEW
MOTO-DIM-BMW-R100RT-0001,BMW,R100RT,,"1978,1982",,,2110.0,746.0,1465.0,1465.0,HANDLEBAR_WIDTH,UNKNOWN,STANDARD,2,motorcyclespecs,https://www.motorcyclespecs.co.za/model/bmw/bmw-r100rt-78.html | https://www.motorcyclespecs.co.za/model/bmw/bmw-r100rt-81.html,LOW,REVIEW
MOTO-DIM-BMW-R100RT-0002,BMW,R100RT,,1984,1984,1984,2110.0,746.0,1465.0,1465.0,UNKNOWN,UNKNOWN,UNKNOWN,1,motorcyclespecs,https://www.motorcyclespecs.co.za/model/bmw/bmw-r100rt-84.html,LOW,REVIEW
MOTO-DIM-BMW-R100S-0001,BMW,R100S,,1976,1976,1976,2130.0,746.0,1210.0,1210.0,HANDLEBAR_WIDTH,UNKNOWN,STANDARD,2,motorcyclespecs,https://www.motorcyclespecs.co.za/model/bmw/bmw-r100s-77.html | https://www.motorcyclespecs.co.za/model/bmw/bmw-r100s-78.html,LOW,REVIEW
MOTO-DIM-BMW-R100S-0002,BMW,R100S,,1979,1979,1979,2130.0,746.0,1210.0,1210.0,UNKNOWN,UNKNOWN,UNKNOWN,1,motorcyclespecs,https://www.motorcyclespecs.co.za/model/bmw/bmw-r100s-79.html,LOW,REVIEW
MOTO-DIM-BMW-R1100GS-0001,BMW,R1100GS,,1994,1994,1994,2189.0,920.0,1366.0,1366.0,HANDLEBAR_WIDTH,UNKNOWN,UNKNOWN,1,motorcyclespecs,https://www.motorcyclespecs.co.za/model/bmw/bmw-r1100gs-94.html,LOW,REVIEW
MOTO-DIM-BMW-R1100GS-0002,BMW,R1100GS,,1996,1996,1996,2189.0,920.0,1366.0,1366.0,UNKNOWN,UNKNOWN,UNKNOWN,1,motorcyclespecs,https://www.motorcyclespecs.co.za/model/bmw/bmw-r1100gs-96.html,LOW,REVIEW
MOTO-DIM-BMW-R1100GS-0003,BMW,R1100GS,,1998,1998,1998,2189.0,920.0,1366.0,1366.0,HANDLEBAR_WIDTH,UNKNOWN,STANDARD,1,motorcyclespecs,https://www.motorcyclespecs.co.za/model/bmw/bmw-r1100gs-98.html,LOW,REVIEW
MOTO-DIM-BMW-R1100GSABS-0001,BMW,R1100GS ABS,,1994,1994,1994,2189.0,920.0,1366.0,1366.0,HANDLEBAR_WIDTH,UNKNOWN,UNKNOWN,1,motorcyclespecs,https://www.motorcyclespecs.co.za/model/bmw/bmw-r1100gs-94.html,LOW,REVIEW
MOTO-DIM-BMW-R1100GSABS-0002,BMW,R1100GS ABS,,1996,1996,1996,2189.0,920.0,1366.0,1366.0,UNKNOWN,UNKNOWN,UNKNOWN,1,motorcyclespecs,https://www.motorcyclespecs.co.za/model/bmw/bmw-r1100gs-96.html,LOW,REVIEW
MOTO-DIM-BMW-R1100GSABS-0003,BMW,R1100GS ABS,,1998,1998,1998,2189.0,920.0,1366.0,1366.0,HANDLEBAR_WIDTH,UNKNOWN,STANDARD,1,motorcyclespecs,https://www.motorcyclespecs.co.za/model/bmw/bmw-r1100gs-98.html,LOW,REVIEW
MOTO-DIM-BMW-R1100R-0001,BMW,R1100R,,"1994,1998",,,2197.0,898.0,1060.0,1060.0,HANDLEBAR_WIDTH,UNKNOWN,STANDARD,2,motorcyclespecs,https://www.motorcyclespecs.co.za/model/bmw/bmw-r1100r-94.html | https://www.motorcyclespecs.co.za/model/bmw/bmw-r1100r-98.html,LOW,REVIEW
MOTO-DIM-BMW-R1100R-0002,BMW,R1100R,,1996,1996,1996,2197.0,898.0,1060.0,1060.0,UNKNOWN,UNKNOWN,STANDARD,1,motorcyclespecs,https://www.motorcyclespecs.co.za/model/bmw/bmw-r1100r-96.html,LOW,REVIEW
MOTO-DIM-BMW-R1100RS-0001,BMW,R1100RS,,1993,1993,1993,2175.0,920.0,1286.0,1286.0,UNKNOWN,UNKNOWN,STANDARD,1,motorcyclespecs,https://www.motorcyclespecs.co.za/model/bmw/bmw-r1100rs-93.html,LOW,REVIEW
MOTO-DIM-BMW-R1100RS-0002,BMW,R1100RS,,"1997,1999",,,2175.0,920.0,1286.0,1286.0,HANDLEBAR_WIDTH,UNKNOWN,UNKNOWN,2,motorcyclespecs,https://www.motorcyclespecs.co.za/model/bmw/bmw-r1100rs-96.html | https://www.motorcyclespecs.co.za/model/bmw/bmw-r1100rs-99.html,LOW,REVIEW
MOTO-DIM-BMW-R1100RSABS-0001,BMW,R1100RS ABS,,1993,1993,1993,2175.0,920.0,1286.0,1286.0,UNKNOWN,UNKNOWN,STANDARD,1,motorcyclespecs,https://www.motorcyclespecs.co.za/model/bmw/bmw-r1100rs-93.html,LOW,REVIEW
MOTO-DIM-BMW-R1100RSABS-0002,BMW,R1100RS ABS,,"1997,1999",,,2175.0,920.0,1286.0,1286.0,HANDLEBAR_WIDTH,UNKNOWN,UNKNOWN,2,motorcyclespecs,https://www.motorcyclespecs.co.za/model/bmw/bmw-r1100rs-96.html | https://www.motorcyclespecs.co.za/model/bmw/bmw-r1100rs-99.html,LOW,REVIEW
MOTO-DIM-BMW-R1100RSL-0001,BMW,R1100RSL,,1993,1993,1993,2175.0,920.0,1286.0,1286.0,UNKNOWN,UNKNOWN,STANDARD,1,motorcyclespecs,https://www.motorcyclespecs.co.za/model/bmw/bmw-r1100rs-93.html,LOW,REVIEW
MOTO-DIM-BMW-R1100RSL-0002,BMW,R1100RSL,,"1997,1999",,,2175.0,920.0,1286.0,1286.0,HANDLEBAR_WIDTH,UNKNOWN,UNKNOWN,2,motorcyclespecs,https://www.motorcyclespecs.co.za/model/bmw/bmw-r1100rs-96.html | https://www.motorcyclespecs.co.za/model/bmw/bmw-r1100rs-99.html,LOW,REVIEW
MOTO-DIM-BMW-R1100RT-0001,BMW,R1100RT,,"1995,1999",,,2205.0,900.0,1380.0,1380.0,HANDLEBAR_WIDTH,ADJUSTABLE_WINDSCREEN,STANDARD,2,motorcyclespecs,https://www.motorcyclespecs.co.za/model/bmw/bmw-r1100rt-95.html | https://www.motorcyclespecs.co.za/model/bmw/bmw-r1100rt-99.html,LOW,REVIEW
MOTO-DIM-BMW-R1100RT-0002,BMW,R1100RT,,1998,1998,1998,2205.0,900.0,1380.0,1380.0,UNKNOWN,UNKNOWN,UNKNOWN,1,motorcyclespecs,https://www.motorcyclespecs.co.za/model/bmw/bmw-r1100rt-98.html,LOW,REVIEW
MOTO-DIM-BMW-R1100RTSE-0001,BMW,R1100RT SE,,"1995,1999",,,2205.0,900.0,1380.0,1380.0,HANDLEBAR_WIDTH,ADJUSTABLE_WINDSCREEN,STANDARD,2,motorcyclespecs,https://www.motorcyclespecs.co.za/model/bmw/bmw-r1100rt-95.html | https://www.motorcyclespecs.co.za/model/bmw/bmw-r1100rt-99.html,LOW,REVIEW
MOTO-DIM-BMW-R1100RTSE-0002,BMW,R1100RT SE,,1998,1998,1998,2205.0,900.0,1380.0,1380.0,UNKNOWN,UNKNOWN,UNKNOWN,1,motorcyclespecs,https://www.motorcyclespecs.co.za/model/bmw/bmw-r1100rt-98.html,LOW,REVIEW
MOTO-DIM-BMW-R1100RTL-0001,BMW,R1100RTL,,"1995,1999",,,2205.0,900.0,1380.0,1380.0,HANDLEBAR_WIDTH,ADJUSTABLE_WINDSCREEN,STANDARD,2,motorcyclespecs,https://www.motorcyclespecs.co.za/model/bmw/bmw-r1100rt-95.html | https://www.motorcyclespecs.co.za/model/bmw/bmw-r1100rt-99.html,LOW,REVIEW
MOTO-DIM-BMW-R1100RTL-0002,BMW,R1100RTL,,1998,1998,1998,2205.0,900.0,1380.0,1380.0,UNKNOWN,UNKNOWN,UNKNOWN,1,motorcyclespecs,https://www.motorcyclespecs.co.za/model/bmw/bmw-r1100rt-98.html,LOW,REVIEW
MOTO-DIM-BMW-R1100S-0001,BMW,R1100S,,"2001,2005",,,2180.0,880.0,1160.0,1160.0,HANDLEBAR_WIDTH,UNKNOWN,STANDARD,2,motorcyclespecs,https://www.motorcyclespecs.co.za/model/bmw/bmw-r1100s-01.html | https://www.motorcyclespecs.co.za/model/bmw/bmw-r1100s-06.html,LOW,REVIEW
MOTO-DIM-BMW-R1100S-0002,BMW,R1100S,,1999,1999,1999,2180.0,880.0,1160.0,1160.0,UNKNOWN,UNKNOWN,STANDARD,1,motorcyclespecs,https://www.motorcyclespecs.co.za/model/bmw/bmw-r1100s-99.html,LOW,REVIEW
MOTO-DIM-BMW-R1100SABS-0001,BMW,R1100S ABS,,"2001,2005",,,2180.0,880.0,1160.0,1160.0,HANDLEBAR_WIDTH,UNKNOWN,STANDARD,2,motorcyclespecs,https://www.motorcyclespecs.co.za/model/bmw/bmw-r1100s-01.html | https://www.motorcyclespecs.co.za/model/bmw/bmw-r1100s-06.html,LOW,REVIEW
MOTO-DIM-BMW-R1100SABS-0002,BMW,R1100S ABS,,1999,1999,1999,2180.0,880.0,1160.0,1160.0,UNKNOWN,UNKNOWN,STANDARD,1,motorcyclespecs,https://www.motorcyclespecs.co.za/model/bmw/bmw-r1100s-99.html,LOW,REVIEW
MOTO-DIM-BMW-R1100SBOXERCUP-0001,BMW,R1100S Boxer Cup,,"2002,2004",,,2180.0,880.0,1160.0,1160.0,UNKNOWN,UNKNOWN,STANDARD,2,motorcyclespecs,https://www.motorcyclespecs.co.za/model/bmw/bmw-r1100s-boxer-cup.html | https://www.motorcyclespecs.co.za/model/bmw/bmw-r1100s-replica-04.html,LOW,REVIEW
MOTO-DIM-BMW-R1100SBOXERCUPREPLICA-0001,BMW,R1100S Boxer Cup Replica,,2002,2002,2002,2180.0,880.0,1160.0,1160.0,UNKNOWN,UNKNOWN,STANDARD,1,motorcyclespecs,https://www.motorcyclespecs.co.za/model/bmw/bmw-r1100s-boxer-cup.html,MEDIUM,REVIEW
MOTO-DIM-BMW-R1150GS-0001,BMW,R1150GS,,2000,2000,2000,2180.0,981.0,1435.0,1435.0,UNKNOWN,UNKNOWN,STANDARD,1,bikez,https://bikez.com/motorcycles/bmw_r_1150_gs_2000.php,LOW,REVIEW
MOTO-DIM-BMW-R1150GS-0002,BMW,R1150GS,,2002,2002,2002,,980.0,,,HANDLEBAR_WIDTH,UNKNOWN,STANDARD,1,motorcyclespecs,https://www.motorcyclespecs.co.za/model/bmw/bmw-r1150gs-02.html,LOW,REVIEW
MOTO-DIM-BMW-R1150GS-0003,BMW,R1150GS,,1999,1999,1999,,980.0,,,UNKNOWN,UNKNOWN,STANDARD,1,motorcyclespecs,https://www.motorcyclespecs.co.za/model/bmw/bmw-r1150gs.html,LOW,REVIEW
MOTO-DIM-BMW-R1150GSSPORT-0001,BMW,R1150GS Sport,,2000,2000,2000,2180.0,981.0,1435.0,1435.0,UNKNOWN,UNKNOWN,STANDARD,1,bikez,https://bikez.com/motorcycles/bmw_r_1150_gs_2000.php,LOW,REVIEW
MOTO-DIM-BMW-R1150GSSPORT-0002,BMW,R1150GS Sport,,2002,2002,2002,,980.0,,,HANDLEBAR_WIDTH,UNKNOWN,STANDARD,1,motorcyclespecs,https://www.motorcyclespecs.co.za/model/bmw/bmw-r1150gs-02.html,LOW,REVIEW
MOTO-DIM-BMW-R1150GSSPORT-0003,BMW,R1150GS Sport,,1999,1999,1999,,980.0,,,UNKNOWN,UNKNOWN,STANDARD,1,motorcyclespecs,https://www.motorcyclespecs.co.za/model/bmw/bmw-r1150gs.html,LOW,REVIEW
MOTO-DIM-BMW-R1150GSADVENTURE-0001,BMW,R1150GS Adventure,,2003,2003,2003,,980.0,,,UNKNOWN,UNKNOWN,UNKNOWN,1,motorcyclespecs,https://www.motorcyclespecs.co.za/model/bmw/bmw-r1150gs-adven-03.html,LOW,REVIEW
MOTO-DIM-BMW-R1150GSADVENTURE-0002,BMW,R1150GS Adventure,,"2004,2005",2004,2005,2180.0,980.0,1435.0,1435.0,UNKNOWN,UNKNOWN,STANDARD,2,bikez,https://bikez.com/motorcycles/bmw_r_1150_gs_adventure_2005.php | https://bikez.com/motorcycles/bmw_r_1150_gs_adventure_2004.php,LOW,REVIEW
MOTO-DIM-BMW-R1150GSADVENTURE-0003,BMW,R1150GS Adventure,,2002,2002,2002,,980.0,,,UNKNOWN,UNKNOWN,UNKNOWN,1,motorcyclespecs,https://www.motorcyclespecs.co.za/model/bmw/bmw-r1150gs-adven.html,LOW,REVIEW
MOTO-DIM-BMW-R1150R-0001,BMW,R1150R,,2000,,,2170.0,940.0,1220.0,1220.0,UNKNOWN,UNKNOWN,UNKNOWN,2,motorcyclespecs,https://www.motorcyclespecs.co.za/model/bmw/bmw-r1150r-01.html | https://www.motorcyclespecs.co.za/model/bmw/bmw-r1150r.html,LOW,REVIEW
MOTO-DIM-BMW-R1150R-0002,BMW,R1150R,,2005,2005,2005,2170.0,940.0,1220.0,1220.0,HANDLEBAR_WIDTH,UNKNOWN,STANDARD,1,motorcyclespecs,https://www.motorcyclespecs.co.za/model/bmw/bmw-r1150r-05.html,LOW,REVIEW
MOTO-DIM-BMW-R1150R-0003,BMW,R1150R,,2006,2006,2006,2170.0,940.0,1220.0,1220.0,UNKNOWN,UNKNOWN,STANDARD,1,bikez,https://bikez.com/motorcycles/bmw_r_1150_r_2006.php,LOW,REVIEW
MOTO-DIM-BMW-R1150RROADSTER-0001,BMW,R1150R Roadster,,2005,2005,2005,2170.0,920.0,1097.0,1097.0,UNKNOWN,UNKNOWN,STANDARD,1,bikez,https://bikez.com/motorcycles/bmw_r_1150_r_rockster_2005.php,MEDIUM,REVIEW
MOTO-DIM-BMW-R1150RS-0001,BMW,R1150RS,,"2002,2005",,,2170.0,920.0,1286.0,1286.0,UNKNOWN,UNKNOWN,STANDARD,2,motorcyclespecs | bikez,https://www.motorcyclespecs.co.za/model/bmw/bmw-r1150rs-02.html | https://bikez.com/motorcycles/bmw_r_1150_rs_2005.php,LOW,REVIEW
MOTO-DIM-BMW-R1150RS-0002,BMW,R1150RS,,2000,2000,2000,2170.0,920.0,1286.0,1286.0,HANDLEBAR_WIDTH,UNKNOWN,UNKNOWN,1,motorcyclespecs,https://www.motorcyclespecs.co.za/model/bmw/bmw-r1150rs.html,LOW,REVIEW
MOTO-DIM-BMW-R1150RT-0001,BMW,R1150RT,,2003,2003,2003,2170.0,940.0,1220.0,1220.0,UNKNOWN,UNKNOWN,WITH_TOP_BOX,1,motorcyclespecs,https://www.motorcyclespecs.co.za/model/bmw/bmw-r1150rt-03.html,LOW,REVIEW
MOTO-DIM-BMW-R1150RT-0002,BMW,R1150RT,,2001,2001,2001,2170.0,940.0,1220.0,1220.0,HANDLEBAR_WIDTH,ADJUSTABLE_WINDSCREEN,WITH_PANNIERS,1,motorcyclespecs,https://www.motorcyclespecs.co.za/model/bmw/bmw-r1150rt.html,LOW,REVIEW
MOTO-DIM-BMW-R1150RT-0003,BMW,R1150RT,,2005,2005,2005,2230.0,898.0,1380.0,1380.0,UNKNOWN,UNKNOWN,STANDARD,1,bikez,https://bikez.com/motorcycles/bmw_r_1150_rt_2005.php,LOW,REVIEW
MOTO-DIM-BMW-R1200C-0001,BMW,R1200C,,"1996,1998,2000",,,2340.0,1050.0,1130.0,1130.0,HANDLEBAR_WIDTH,UNKNOWN,UNKNOWN,3,motorcyclespecs,https://www.motorcyclespecs.co.za/model/bmw/bmw-r1200c-00.html | https://www.motorcyclespecs.co.za/model/bmw/bmw-r1200c-98.html | https://www.motorcyclespecs.co.za/model/bmw/bmw-r1200c.html,LOW,REVIEW
MOTO-DIM-BMW-R1200CCLASSIC-0001,BMW,R1200C Classic,,2005,2005,2005,2340.0,1050.0,1130.0,1130.0,UNKNOWN,UNKNOWN,STANDARD,1,bikez,https://bikez.com/motorcycles/bmw_r_1200_c_classic_2005.php,MEDIUM,REVIEW
MOTO-DIM-BMW-R1200CINDEPENDENT-0001,BMW,R1200C Independent,,2003,2003,2003,2340.0,1050.0,1130.0,1130.0,HANDLEBAR_WIDTH,UNKNOWN,UNKNOWN,1,motorcyclespecs,https://www.motorcyclespecs.co.za/model/bmw/bmw-r1200c-independent-02.html,LOW,REVIEW
MOTO-DIM-BMW-R1200CPHOENIX-0001,BMW,R1200C Phoenix,,"1996,1998,2000",,,2340.0,1050.0,1130.0,1130.0,HANDLEBAR_WIDTH,UNKNOWN,UNKNOWN,3,motorcyclespecs,https://www.motorcyclespecs.co.za/model/bmw/bmw-r1200c-00.html | https://www.motorcyclespecs.co.za/model/bmw/bmw-r1200c-98.html | https://www.motorcyclespecs.co.za/model/bmw/bmw-r1200c.html,LOW,REVIEW
MOTO-DIM-BMW-R1200CMONTANA-0001,BMW,R1200C Montana,,2003,2003,2003,2340.0,1050.0,1130.0,1130.0,UNKNOWN,UNKNOWN,UNKNOWN,1,motorcyclespecs,https://www.motorcyclespecs.co.za/model/bmw/bmw-r1200c-montauk-03.html,LOW,REVIEW
MOTO-DIM-BMW-R1200CMONTANA-0002,BMW,R1200C Montana,,"2004,2005",2004,2005,2370.0,1120.0,1340.0,1340.0,UNKNOWN,UNKNOWN,STANDARD,2,bikez,https://bikez.com/motorcycles/bmw_r_1200_c_montauk_2005.php | https://bikez.com/motorcycles/bmw_r_1200_c_montauk_2004.php,LOW,REVIEW
MOTO-DIM-BMW-R1200CMONTAUK-0001,BMW,R1200C Montauk,,2003,2003,2003,2340.0,1050.0,1130.0,1130.0,UNKNOWN,UNKNOWN,UNKNOWN,1,motorcyclespecs,https://www.motorcyclespecs.co.za/model/bmw/bmw-r1200c-montauk-03.html,LOW,REVIEW
MOTO-DIM-BMW-R1200CMONTAUK-0002,BMW,R1200C Montauk,,"2004,2005",2004,2005,2370.0,1120.0,1340.0,1340.0,UNKNOWN,UNKNOWN,STANDARD,2,bikez,https://bikez.com/motorcycles/bmw_r_1200_c_montauk_2005.php | https://bikez.com/motorcycles/bmw_r_1200_c_montauk_2004.php,LOW,REVIEW
MOTO-DIM-BMW-R1200CL-0001,BMW,R1200CL,,"2003,2004,2005",2003,2005,2415.0,1075.0,1435.0,1435.0,HANDLEBAR_WIDTH,UNKNOWN,WITH_TOP_BOX,3,motorcyclespecs,https://www.motorcyclespecs.co.za/model/bmw/bmw-r1200cl-04.html | https://www.motorcyclespecs.co.za/model/bmw/bmw-r1200cl-05.html | https://www.motorcyclespecs.co.za/model/bmw/bmw-r1200cl.html,LOW,REVIEW
MOTO-DIM-BMW-R1200GS-0001,BMW,R1200GS,,"2004,2008",,,2210.0,915.0,1450.0,1450.0,HANDLEBAR_WIDTH,UNKNOWN,STANDARD,2,motorcyclespecs,https://www.motorcyclespecs.co.za/model/bmw/bmw-r1200gs-04.html | https://www.motorcyclespecs.co.za/model/bmw/bmw-r1200gs-08.html,LOW,REVIEW
MOTO-DIM-BMW-R1200GS-0002,BMW,R1200GS,,2012,2012,2012,2210.0,953.0,1450.0,1450.0,HANDLEBAR_WIDTH,UNKNOWN,STANDARD,1,motorcyclespecs,https://www.motorcyclespecs.co.za/model/bmw/bmw-r1200gs-12.html,LOW,REVIEW
MOTO-DIM-BMW-R1200GS-0003,BMW,R1200GS,,2018,2018,2018,2207.0,953.0,,,UNKNOWN,UNKNOWN,UNKNOWN,1,1000ps,https://www.1000ps.com/en-gb/model/1541/bmw-r-1200-gs,LOW,REVIEW
MOTO-DIM-BMW-R1200GS-0004,BMW,R1200GS,,2019,2019,2019,2207.0,953.0,1450.0,1450.0,UNKNOWN,UNKNOWN,STANDARD,1,bikez,https://bikez.com/motorcycles/bmw_r_1200_gs_2019.php,LOW,REVIEW
MOTO-DIM-BMW-R1200GSADVENTURE-0001,BMW,R1200GS Adventure,,"2006,2010",,,2210.0,915.0,1450.0,1450.0,HANDLEBAR_WIDTH,UNKNOWN,STANDARD,2,motorcyclespecs,https://www.motorcyclespecs.co.za/model/bmw/bmw-r1200gs-adventure-06.html | https://www.motorcyclespecs.co.za/model/bmw/bmw-r1200gs-adventure-10.html,LOW,REVIEW
MOTO-DIM-BMW-R1200GSADVENTURE-0002,BMW,R1200GS Adventure,,2007,2007,2007,2210.0,915.0,1450.0,1450.0,WITH_SIDE_CASES,UNKNOWN,WITH_SIDE_CASES,1,motorcyclespecs,https://www.motorcyclespecs.co.za/model/bmw/bmw-r1200gs-adventure-heroes-legend.html,LOW,REVIEW
MOTO-DIM-BMW-R1200GSADVENTURE-0003,BMW,R1200GS Adventure,,2018,2018,2018,2255.0,980.0,,,UNKNOWN,UNKNOWN,STANDARD,1,1000ps,https://www.1000ps.com/en-gb/model/2255/bmw-r-1200-gs-adventure,LOW,REVIEW
MOTO-DIM-BMW-R1200GSADVENTURE-0004,BMW,R1200GS Adventure,,2019,2019,2019,2255.0,980.0,1450.0,1450.0,UNKNOWN,ADJUSTABLE_WINDSCREEN,STANDARD,1,bikez,https://bikez.com/motorcycles/bmw_r_1200_gs_adventure_2019.php,LOW,REVIEW
MOTO-DIM-BMW-R1200GSADVENTURE-0005,BMW,R1200GS Adventure,,2012,2012,2012,2240.0,,,,UNKNOWN,UNKNOWN,STANDARD,1,bikez,https://bikez.com/motorcycles/bmw_r_1200_gs_adventure_2012.php,LOW,REVIEW
MOTO-DIM-BMW-R1200GSRALLYE-0001,BMW,R1200GS Rallye,,2012,2012,2012,2210.0,953.0,1450.0,1450.0,HANDLEBAR_WIDTH,UNKNOWN,UNKNOWN,1,motorcyclespecs,https://www.motorcyclespecs.co.za/model/bmw/bmw-r1200gs-rally-12.html,LOW,REVIEW
MOTO-DIM-BMW-R1200GSRALLYE-0002,BMW,R1200GS Rallye,,2018,2018,2018,2207.0,953.0,1450.0,1450.0,UNKNOWN,UNKNOWN,STANDARD,1,bikez,https://bikez.com/motorcycles/bmw_r_1200_gs_rallye_2018.php,LOW,REVIEW
MOTO-DIM-BMW-R1200R-0001,BMW,R1200R,,"2007,2011,2014",,,2145.0,906.0,1273.0,1273.0,HANDLEBAR_WIDTH,UNKNOWN,STANDARD,3,motorcyclespecs,https://www.motorcyclespecs.co.za/model/bmw/bmw-r1200r-07.html | https://www.motorcyclespecs.co.za/model/bmw/bmw-r1200r-11.html | https://www.motorcyclespecs.co.za/model/bmw/bmw-r1200r-14.html,LOW,REVIEW
MOTO-DIM-BMW-R1200R-0002,BMW,R1200R,,2018,2018,2018,2165.0,880.0,,,UNKNOWN,UNKNOWN,STANDARD,1,1000ps,https://www.1000ps.com/en-gb/model/2515/bmw-r-1200-r,LOW,REVIEW
MOTO-DIM-BMW-R1200R-0003,BMW,R1200R,,2019,2019,2019,2165.0,880.0,1300.0,1300.0,UNKNOWN,UNKNOWN,STANDARD,1,bikez,https://bikez.com/motorcycles/bmw_r_1200_r_2019.php,LOW,REVIEW
MOTO-DIM-BMW-R1200R-0004,BMW,R1200R,,2013,2013,2013,2145.0,906.0,1273.0,1273.0,UNKNOWN,UNKNOWN,STANDARD,1,bikez,https://bikez.com/motorcycles/bmw_r_1200_r_2013.php,LOW,REVIEW
MOTO-DIM-BMW-R1200RCLASSIC-0001,BMW,R1200R Classic,,"2011,2012",2011,2012,2145.0,906.0,1273.0,1273.0,HANDLEBAR_WIDTH,UNKNOWN,STANDARD,2,motorcyclespecs,https://www.motorcyclespecs.co.za/model/bmw/bmw-r1200r-classic-11.html | https://www.motorcyclespecs.co.za/model/bmw/bmw-r1200r-classic-12.html,LOW,REVIEW
MOTO-DIM-BMW-R1200RCLASSIC-0002,BMW,R1200R Classic,,2013,2013,2013,2145.0,906.0,1285.0,1285.0,UNKNOWN,UNKNOWN,UNKNOWN,1,1000ps,https://www.1000ps.com/en-gb/model/6474/bmw-r-1200-r-classic,LOW,REVIEW
MOTO-DIM-BMW-R1200RCLASSIC-0003,BMW,R1200R Classic,,2014,2014,2014,2145.0,906.0,1273.0,1273.0,UNKNOWN,UNKNOWN,STANDARD,1,bikez,https://bikez.com/motorcycles/bmw_r_1200_r_classic_2014.php,LOW,REVIEW
MOTO-DIM-BMW-R1200RS-0001,BMW,R1200RS,,2018,2018,2018,2203.0,998.0,,,HANDLEBAR_WIDTH,UNKNOWN,UNKNOWN,1,1000ps,https://www.1000ps.com/en-gb/model/7883/bmw-r-1200-rs,MEDIUM,REVIEW
MOTO-DIM-BMW-R1200RS-0002,BMW,R1200RS,,2019,2019,2019,2202.0,925.0,1250.0,1250.0,UNKNOWN,UNKNOWN,STANDARD,1,bikez,https://bikez.com/motorcycles/bmw_r_1200_rs_2019.php,MEDIUM,REVIEW
MOTO-DIM-BMW-R1200RT-0001,BMW,R1200RT,,2005,2005,2005,2230.0,905.0,,,HANDLEBAR_WIDTH,UNKNOWN,WITH_TOP_BOX,1,motorcyclespecs,https://www.motorcyclespecs.co.za/model/bmw/bmw-r1200rt-05.html,LOW,REVIEW
MOTO-DIM-BMW-R1200RT-0002,BMW,R1200RT,,2009,2009,2009,2230.0,905.0,,,UNKNOWN,UNKNOWN,STANDARD,1,motorcyclespecs,https://www.motorcyclespecs.co.za/model/bmw/bmw-r1200rt-09.html,LOW,REVIEW
MOTO-DIM-BMW-R1200RT-0003,BMW,R1200RT,,2013,2013,2013,2230.0,905.0,,,UNKNOWN,UNKNOWN,STANDARD,1,motorcyclespecs,https://www.motorcyclespecs.co.za/model/bmw/bmw-r1200rt-13.html,LOW,REVIEW
MOTO-DIM-BMW-R1200RT-0004,BMW,R1200RT,,2018,2018,2018,2222.0,983.0,,,UNKNOWN,UNKNOWN,UNKNOWN,1,1000ps,https://www.1000ps.com/en-gb/model/1857/bmw-r-1200-rt,LOW,REVIEW
MOTO-DIM-BMW-R1200RT-0005,BMW,R1200RT,,2019,2019,2019,2222.0,983.0,1415.0,1415.0,UNKNOWN,UNKNOWN,STANDARD,1,bikez,https://bikez.com/motorcycles/bmw_r_1200_rt_2019.php,LOW,REVIEW
MOTO-DIM-BMW-R1200RT-0006,BMW,R1200RT,,"2006,2012",,,2230.0,905.0,1430.0,1430.0,UNKNOWN,UNKNOWN,STANDARD,2,bikez,https://bikez.com/motorcycles/bmw_r_1200_rt_2012.php | https://bikez.com/motorcycles/bmw_r_1200_rt_2006.php,LOW,REVIEW
MOTO-DIM-BMW-R1200S-0001,BMW,R1200S,,2006,2006,2006,2151.0,870.0,1177.0,1177.0,WITH_MIRRORS,WITHOUT_MIRRORS,STANDARD,1,motorcyclespecs,https://www.motorcyclespecs.co.za/model/bmw/bmw-r1200s-06.html,LOW,REVIEW
MOTO-DIM-BMW-R1200S-0002,BMW,R1200S,,"2007,2008",2007,2008,2151.0,870.0,1177.0,1177.0,WITH_MIRRORS,WITHOUT_MIRRORS,UNKNOWN,2,motorcyclespecs,https://www.motorcyclespecs.co.za/model/bmw/bmw-r1200s-07.html | https://www.motorcyclespecs.co.za/model/bmw/bmw-r1200s-08.html,LOW,REVIEW
MOTO-DIM-BMW-R1200S-0003,BMW,R1200S,,2009,2009,2009,2151.0,870.0,1177.0,1177.0,UNKNOWN,UNKNOWN,UNKNOWN,1,1000ps,https://www.1000ps.com/en-gb/model/2459/bmw-r-1200-s,LOW,REVIEW
MOTO-DIM-BMW-R1200ST-0001,BMW,R1200ST,,"2005,2006,2007",2005,2007,2165.0,890.0,1220.0,1220.0,HANDLEBAR_WIDTH,ADJUSTABLE_WINDSCREEN,STANDARD,3,motorcyclespecs,https://www.motorcyclespecs.co.za/model/bmw/bmw-r1200st-05.html | https://www.motorcyclespecs.co.za/model/bmw/bmw-r1200st-06.html | https://www.motorcyclespecs.co.za/model/bmw/bmw-r1200st-07.html,LOW,REVIEW
MOTO-DIM-BMW-R1200ST-0002,BMW,R1200ST,,2009,2009,2009,2165.0,890.0,1220.0,1220.0,UNKNOWN,UNKNOWN,UNKNOWN,1,1000ps,https://www.1000ps.com/en-gb/model/1856/bmw-r-1200-st,LOW,REVIEW
MOTO-DIM-BMW-R1200ST-0003,BMW,R1200ST,,2008,2008,2008,2082.0,,,,UNKNOWN,UNKNOWN,STANDARD,1,bikez,https://bikez.com/motorcycles/bmw_r_1200_st_2008.php,LOW,REVIEW
MOTO-DIM-BMW-R1250GS-0001,BMW,R1250GS,,"2019,2023",,,2207.0,953.0,1430.0,1430.0,UNKNOWN,UNKNOWN,STANDARD,2,bikez,https://bikez.com/motorcycles/bmw_r_1250_gs_2019.php | https://bikez.com/motorcycles/bmw_r_1250_gs_2023.php,LOW,REVIEW
MOTO-DIM-BMW-R1250GS-0002,BMW,R1250GS,,2021,2021,2021,2207.0,952.5,1430.0,1430.0,HANDLEBAR_WIDTH,UNKNOWN,TOURING_PACKAGE,1,motorcyclespecs,https://www.motorcyclespecs.co.za/model/bmw/bmw-r1250gs-21.html,LOW,REVIEW
MOTO-DIM-BMW-R1250GS40YEARSGSEDITION-0001,BMW,R1250GS 40 Years GS Edition,,2021,2021,2021,2207.0,952.5,1430.0,1430.0,HANDLEBAR_WIDTH,UNKNOWN,TOURING_PACKAGE,1,motorcyclespecs,https://www.motorcyclespecs.co.za/model/bmw/bmw-r1250gs-40th-21.html,MEDIUM,REVIEW
MOTO-DIM-BMW-R1250GSADVENTURE-0001,BMW,R1250GS Adventure,,2020,2020,2020,2270.0,952.0,,,WITH_MIRRORS,UNKNOWN,STANDARD,1,motorcyclespecs,https://www.motorcyclespecs.co.za/model/bmw/bmw-r1250gs-adven-20.html,LOW,REVIEW
MOTO-DIM-BMW-R1250GSADVENTURE-0002,BMW,R1250GS Adventure,,2021,2021,2021,2270.0,980.0,1460.0,1460.0,HANDLEBAR_WIDTH,UNKNOWN,TOURING_PACKAGE,1,motorcyclespecs,https://www.motorcyclespecs.co.za/model/bmw/bmw-r1250gs-adven-21.html,LOW,REVIEW
MOTO-DIM-BMW-R1250GSADVENTURE-0003,BMW,R1250GS Adventure,,2019,2019,2019,2270.0,980.0,1460.0,1460.0,UNKNOWN,UNKNOWN,STANDARD,1,bikez,https://bikez.com/motorcycles/bmw_r_1250_gs_adventure_2019.php,LOW,REVIEW
MOTO-DIM-BMW-R1250GSADVENTURE-0004,BMW,R1250GS Adventure,,2024,2024,2024,2270.0,980.0,1460.0,1460.0,UNKNOWN,UNKNOWN,UNKNOWN,1,1000ps,https://www.1000ps.com/en-gb/model/9550/bmw-r-1250-gs-adventure,LOW,REVIEW
MOTO-DIM-BMW-R1250GSADVENTURERALLYE-0001,BMW,R1250GS Adventure Rallye,,2020,2020,2020,2270.0,952.0,,,WITH_MIRRORS,UNKNOWN,STANDARD,1,motorcyclespecs,https://www.motorcyclespecs.co.za/model/bmw/bmw-r1250gs-adven-20.html,LOW,REVIEW
MOTO-DIM-BMW-R1250GSADVENTURERALLYE-0002,BMW,R1250GS Adventure Rallye,,2021,2021,2021,2270.0,980.0,1460.0,1460.0,HANDLEBAR_WIDTH,UNKNOWN,TOURING_PACKAGE,1,motorcyclespecs,https://www.motorcyclespecs.co.za/model/bmw/bmw-r1250gs-adven-21.html,LOW,REVIEW
MOTO-DIM-BMW-R1250GSADVENTURERALLYE-0003,BMW,R1250GS Adventure Rallye,,2019,2019,2019,2270.0,980.0,1460.0,1460.0,UNKNOWN,UNKNOWN,STANDARD,1,bikez,https://bikez.com/motorcycles/bmw_r_1250_gs_adventure_2019.php,LOW,REVIEW
MOTO-DIM-BMW-R1250GSADVENTURERALLYE-0004,BMW,R1250GS Adventure Rallye,,2024,2024,2024,2270.0,980.0,1460.0,1460.0,UNKNOWN,UNKNOWN,UNKNOWN,1,1000ps,https://www.1000ps.com/en-gb/model/9550/bmw-r-1250-gs-adventure,LOW,REVIEW
MOTO-DIM-BMW-R1250GSADVENTURETROPHY-0001,BMW,R1250GS Adventure Trophy,,2020,2020,2020,2270.0,952.0,,,WITH_MIRRORS,UNKNOWN,STANDARD,1,motorcyclespecs,https://www.motorcyclespecs.co.za/model/bmw/bmw-r1250gs-adven-20.html,LOW,REVIEW
MOTO-DIM-BMW-R1250GSADVENTURETROPHY-0002,BMW,R1250GS Adventure Trophy,,2021,2021,2021,2270.0,980.0,1460.0,1460.0,HANDLEBAR_WIDTH,UNKNOWN,TOURING_PACKAGE,1,motorcyclespecs,https://www.motorcyclespecs.co.za/model/bmw/bmw-r1250gs-adven-21.html,LOW,REVIEW
MOTO-DIM-BMW-R1250GSADVENTURETROPHY-0003,BMW,R1250GS Adventure Trophy,,2019,2019,2019,2270.0,980.0,1460.0,1460.0,UNKNOWN,UNKNOWN,STANDARD,1,bikez,https://bikez.com/motorcycles/bmw_r_1250_gs_adventure_2019.php,LOW,REVIEW
MOTO-DIM-BMW-R1250GSADVENTURETROPHY-0004,BMW,R1250GS Adventure Trophy,,2024,2024,2024,2270.0,980.0,1460.0,1460.0,UNKNOWN,UNKNOWN,UNKNOWN,1,1000ps,https://www.1000ps.com/en-gb/model/9550/bmw-r-1250-gs-adventure,LOW,REVIEW
MOTO-DIM-BMW-R1250GSADVENTURE40YEARSGSEDITION-0001,BMW,R1250GS Adventure 40 Years GS Edition,,2022,2022,2022,2207.0,953.0,1430.0,1430.0,UNKNOWN,UNKNOWN,STANDARD,1,bikez,https://bikez.com/motorcycles/bmw_r_1250_gs_adventure_edition_40_years_gs_2022.php,MEDIUM,REVIEW
MOTO-DIM-BMW-R1250R-0001,BMW,R1250R,,"2019,2020,2023",,,2165.0,880.0,1300.0,1300.0,HANDLEBAR_WIDTH,UNKNOWN,STANDARD,3,motorcyclespecs,https://www.motorcyclespecs.co.za/model/bmw/bmw-r1250r-19.html | https://www.motorcyclespecs.co.za/model/bmw/bmw-r1250r-23.html | https://www.motorcyclespecs.co.za/model/bmw/bmw-r1250r_20.html,LOW,REVIEW
MOTO-DIM-BMW-R1250R-0002,BMW,R1250R,,"2021,2025",,,2165.0,880.0,1300.0,1300.0,UNKNOWN,UNKNOWN,STANDARD,2,1000ps | bikez,https://www.1000ps.com/en-gb/model/9552/bmw-r-1250-r | https://bikez.com/motorcycles/bmw_r_1250_r_2021.php,LOW,REVIEW
MOTO-DIM-BMW-R1250RS-0001,BMW,R1250RS,,"2020,2021",2020,2021,2202.0,925.0,1255.0,1255.0,HANDLEBAR_WIDTH,UNKNOWN,STANDARD,2,motorcyclespecs,https://www.motorcyclespecs.co.za/model/bmw/bmw-r1250rs-19.html | https://www.motorcyclespecs.co.za/model/bmw/bmw-r1250rs-21.html,LOW,REVIEW
MOTO-DIM-BMW-R1250RS-0002,BMW,R1250RS,,2025,2025,2025,2202.0,925.0,,,HANDLEBAR_WIDTH,UNKNOWN,STANDARD,1,1000ps,https://www.1000ps.com/en-gb/model/9551/bmw-r-1250-rs,LOW,REVIEW
MOTO-DIM-BMW-R1250RS-0003,BMW,R1250RS,,2019,2019,2019,2202.0,925.0,1340.0,1340.0,UNKNOWN,UNKNOWN,STANDARD,1,bikez,https://bikez.com/motorcycles/bmw_r_1250_rs_2019.php,LOW,REVIEW
MOTO-DIM-BMW-R1250RT-0001,BMW,R1250RT,,2020,2020,2020,2222.0,985.0,,,UNKNOWN,UNKNOWN,STANDARD,1,motorcyclespecs,https://www.motorcyclespecs.co.za/model/bmw/bmw-r1250rt-20.html,LOW,REVIEW
MOTO-DIM-BMW-R1250RT-0002,BMW,R1250RT,,2022,2022,2022,2222.0,985.0,1255.0,1255.0,UNKNOWN,UNKNOWN,STANDARD,1,bikez,https://bikez.com/motorcycles/bmw_r_1250_rt_2022.php,LOW,REVIEW
MOTO-DIM-BMW-R1250RT-0003,BMW,R1250RT,,2024,2024,2024,2222.0,985.0,,,UNKNOWN,UNKNOWN,UNKNOWN,1,1000ps,https://www.1000ps.com/en-gb/model/9501/bmw-r-1250-rt,LOW,REVIEW
MOTO-DIM-BMW-R1250RT-0004,BMW,R1250RT,,2019,2019,2019,2222.0,985.0,1405.0,1405.0,UNKNOWN,UNKNOWN,STANDARD,1,bikez,https://bikez.com/motorcycles/bmw_r_1250_rt_2019.php,LOW,REVIEW
MOTO-DIM-BMW-R1300GS-0001,BMW,R1300GS,,2024,2024,2024,2212.0,1000.0,,,HANDLEBAR_WIDTH,UNKNOWN,STANDARD,1,motorcyclespecs,https://www.motorcyclespecs.co.za/model/bmw/bmw-r1300gs-2024.html,LOW,REVIEW
MOTO-DIM-BMW-R1300GS-0002,BMW,R1300GS,,2026,2026,2026,2212.0,1000.0,,,UNKNOWN,UNKNOWN,UNKNOWN,1,1000ps,https://www.1000ps.com/en-gb/model/12167/bmw-r-1300-gs,LOW,REVIEW
MOTO-DIM-BMW-R1300GS-0003,BMW,R1300GS,,,,,2212.0,1000.0,1406.0,1406.0,HANDLEBAR_WIDTH,UNKNOWN,UNKNOWN,1,bikedekho,https://www.bikedekho.com/bmw-bikes/r-1300-gs/specifications,LOW,REVIEW
MOTO-DIM-BMW-R1300GSADVENTURE-0001,BMW,R1300GS Adventure,,2026,2026,2026,2280.0,1012.0,,,UNKNOWN,UNKNOWN,UNKNOWN,1,1000ps,https://www.1000ps.com/en-gb/model/12578/bmw-r-1300-gs-adventure,MEDIUM,REVIEW
MOTO-DIM-BMW-R1300GSADVENTURE-0002,BMW,R1300GS Adventure,,,,,2212.0,1000.0,1406.0,1406.0,UNKNOWN,UNKNOWN,UNKNOWN,1,bikedekho,https://www.bikedekho.com/bmw-bikes/r-1300-gs-adventure/specifications,MEDIUM,REVIEW
MOTO-DIM-BMW-R1300GSADVENTUREEQUIPADA-0001,BMW,R1300GS Adventure Equipada,,2026,2026,2026,2280.0,1012.0,,,UNKNOWN,UNKNOWN,UNKNOWN,1,1000ps,https://www.1000ps.com/en-gb/model/12578/bmw-r-1300-gs-adventure,MEDIUM,REVIEW
MOTO-DIM-BMW-R1300GSADVENTUREEQUIPADA-0002,BMW,R1300GS Adventure Equipada,,,,,2212.0,1000.0,1406.0,1406.0,UNKNOWN,UNKNOWN,UNKNOWN,1,bikedekho,https://www.bikedekho.com/bmw-bikes/r-1300-gs-adventure/specifications,MEDIUM,REVIEW
MOTO-DIM-BMW-R1300GSEQUIPADA-0001,BMW,R1300GS Equipada,,2024,2024,2024,2212.0,1000.0,,,HANDLEBAR_WIDTH,UNKNOWN,STANDARD,1,motorcyclespecs,https://www.motorcyclespecs.co.za/model/bmw/bmw-r1300gs-2024.html,LOW,REVIEW
MOTO-DIM-BMW-R1300GSEQUIPADA-0002,BMW,R1300GS Equipada,,2026,2026,2026,2212.0,1000.0,,,UNKNOWN,UNKNOWN,UNKNOWN,1,1000ps,https://www.1000ps.com/en-gb/model/12167/bmw-r-1300-gs,LOW,REVIEW
MOTO-DIM-BMW-R1300GSEQUIPADA-0003,BMW,R1300GS Equipada,,,,,2212.0,1000.0,1406.0,1406.0,HANDLEBAR_WIDTH,UNKNOWN,UNKNOWN,1,bikedekho,https://www.bikedekho.com/bmw-bikes/r-1300-gs/specifications,LOW,REVIEW
MOTO-DIM-BMW-R1300GSTRAMUNTANA-0001,BMW,R1300GS Tramuntana,,2024,2024,2024,2212.0,1000.0,,,HANDLEBAR_WIDTH,UNKNOWN,STANDARD,1,motorcyclespecs,https://www.motorcyclespecs.co.za/model/bmw/bmw-r1300gs-2024.html,LOW,REVIEW
MOTO-DIM-BMW-R1300GSTRAMUNTANA-0002,BMW,R1300GS Tramuntana,,2026,2026,2026,2212.0,1000.0,,,UNKNOWN,UNKNOWN,UNKNOWN,1,1000ps,https://www.1000ps.com/en-gb/model/12167/bmw-r-1300-gs,LOW,REVIEW
MOTO-DIM-BMW-R1300GSTRAMUNTANA-0003,BMW,R1300GS Tramuntana,,,,,2212.0,1000.0,1406.0,1406.0,HANDLEBAR_WIDTH,UNKNOWN,UNKNOWN,1,bikedekho,https://www.bikedekho.com/bmw-bikes/r-1300-gs/specifications,LOW,REVIEW
MOTO-DIM-BMW-R1300GSADVENTURETRIPLEBLACK-0001,BMW,R1300GS Adventure Triple Black,,2024,2024,2024,2280.0,1011.0,1587.5,1587.5,HANDLEBAR_WIDTH,ADJUSTABLE_WINDSCREEN,WITH_SIDE_CASES,1,motorcyclespecs,https://www.motorcyclespecs.co.za/model/bmw/bmw-r1300gs-adventure-2024.html,HIGH,CONFIRMED
MOTO-DIM-BMW-R1300GSADVENTURETROPHY-0001,BMW,R1300GS Adventure Trophy,,2024,2024,2024,2280.0,1011.0,1587.5,1587.5,HANDLEBAR_WIDTH,ADJUSTABLE_WINDSCREEN,WITH_SIDE_CASES,1,motorcyclespecs,https://www.motorcyclespecs.co.za/model/bmw/bmw-r1300gs-adventure-2024.html,HIGH,CONFIRMED
MOTO-DIM-BMW-R1300GSTRIPLEBLACK-0001,BMW,R1300GS Triple Black,,2024,2024,2024,2280.0,1011.0,1587.5,1587.5,HANDLEBAR_WIDTH,ADJUSTABLE_WINDSCREEN,WITH_SIDE_CASES,1,motorcyclespecs,https://www.motorcyclespecs.co.za/model/bmw/bmw-r1300gs-adventure-2024.html,HIGH,CONFIRMED
MOTO-DIM-BMW-R1300R-0001,BMW,R1300R,,2026,2026,2026,2126.0,1000.0,,,UNKNOWN,UNKNOWN,UNKNOWN,1,1000ps,https://www.1000ps.com/en-gb/model/13075/bmw-r-1300-r,MEDIUM,REVIEW
MOTO-DIM-BMW-R1300RS-0001,BMW,R1300RS,,2027,2027,2027,2138.0,846.0,,,UNKNOWN,UNKNOWN,UNKNOWN,1,motorcyclespecs,https://www.motorcyclespecs.co.za/model/bmw/bmw-r1300rs-2027.html,LOW,REVIEW
MOTO-DIM-BMW-R1300RS-0002,BMW,R1300RS,,2025,2025,2025,2138.0,846.0,,,HANDLEBAR_WIDTH,UNKNOWN,STANDARD,1,motorcyclespecs,https://www.motorcyclespecs.co.za/model/bmw/bmw-r1300rs-2025.html,LOW,REVIEW
MOTO-DIM-BMW-R1300RS-0003,BMW,R1300RS,,2026,2026,2026,2138.0,846.0,,,UNKNOWN,UNKNOWN,UNKNOWN,1,1000ps,https://www.1000ps.com/en-gb/model/13123/bmw-r-1300-rs,LOW,REVIEW
MOTO-DIM-BMW-R1300RT-0001,BMW,R1300RT,,2025,2025,2025,2229.0,971.0,,,HANDLEBAR_WIDTH,UNKNOWN,STANDARD,1,motorcyclespecs,https://www.motorcyclespecs.co.za/model/bmw/bmw-r1300rt-2025.html,LOW,REVIEW
MOTO-DIM-BMW-R1300RT-0002,BMW,R1300RT,,2026,2026,2026,2229.0,971.0,,,UNKNOWN,UNKNOWN,STANDARD,1,1000ps,https://www.1000ps.com/en-gb/model/13122/bmw-r-1300-rt,LOW,REVIEW
MOTO-DIM-BMW-R502-0001,BMW,R50/2,,"1960,1964,1969",,,2125.0,660.0,980.0,980.0,UNKNOWN,UNKNOWN,STANDARD,3,bikez,https://bikez.com/motorcycles/bmw_r50_2_1960.php | https://bikez.com/motorcycles/bmw_r50_2_1969.php | https://bikez.com/motorcycles/bmw_r50_2_1964.php,LOW,REVIEW
MOTO-DIM-BMW-R605-0001,BMW,R60/5,,1969,1969,1969,2100.0,850.0,1040.0,1040.0,UNKNOWN,UNKNOWN,STANDARD,1,bikez,https://bikez.com/motorcycles/bmw_r_60_5_1969.php,LOW,REVIEW
MOTO-DIM-BMW-R80-0001,BMW,R80,,1981,1981,1981,2175.0,800.0,1106.0,1106.0,UNKNOWN,UNKNOWN,UNKNOWN,1,motorcyclespecs,https://www.motorcyclespecs.co.za/model/bmw/bmw-r80-81.html,LOW,REVIEW
MOTO-DIM-BMW-R807-0001,BMW,R80/7,,"1977,1980",,,2210.0,746.0,1080.0,1080.0,UNKNOWN,UNKNOWN,UNKNOWN,2,motorcyclespecs,https://www.motorcyclespecs.co.za/model/bmw/bmw-r80-7-77.html | https://www.motorcyclespecs.co.za/model/bmw/bmw-r80-7-80.html,LOW,REVIEW
MOTO-DIM-BMW-R80GS-0001,BMW,R80G/S,,"1980,1982",,,2230.0,820.0,1150.0,1150.0,UNKNOWN,UNKNOWN,STANDARD,2,motorcyclespecs,https://www.motorcyclespecs.co.za/model/bmw/bmw-r80gS-80.html | https://www.motorcyclespecs.co.za/model/bmw/bmw-r80gS-82.html,LOW,REVIEW
MOTO-DIM-BMW-R80GS-0002,BMW,R80G/S,,1984,1984,1984,2230.0,820.0,1150.0,1150.0,UNKNOWN,UNKNOWN,UNKNOWN,1,motorcyclespecs,https://www.motorcyclespecs.co.za/model/bmw/bmw-r80gs-84.html,LOW,REVIEW
MOTO-DIM-BMW-R80R-0001,BMW,R80R,,1991,1991,1991,2210.0,1000.0,1190.0,1190.0,UNKNOWN,UNKNOWN,UNKNOWN,1,motorcyclespecs,https://www.motorcyclespecs.co.za/model/bmw/bmw-r80r-91.html,LOW,REVIEW
MOTO-DIM-BMW-R80RT-0001,BMW,R80RT,,1982,1982,1982,2210.0,746.0,1465.0,1465.0,UNKNOWN,ADJUSTABLE_WINDSCREEN,STANDARD,1,motorcyclespecs,https://www.motorcyclespecs.co.za/model/bmw/bmw-r80rt-82.html,LOW,REVIEW
MOTO-DIM-BMW-R80ST-0001,BMW,R80ST,,1982,1982,1982,2180.0,790.0,1150.0,1150.0,HANDLEBAR_WIDTH,UNKNOWN,STANDARD,1,motorcyclespecs,https://www.motorcyclespecs.co.za/model/bmw/bmw-r80st-82.html,LOW,REVIEW
MOTO-DIM-BMW-R850R-0001,BMW,R850R,,"1994,1997,2000",,,2170.0,940.0,1220.0,1220.0,HANDLEBAR_WIDTH,UNKNOWN,STANDARD,3,motorcyclespecs,https://www.motorcyclespecs.co.za/model/bmw/bmw-r850r-94.html | https://www.motorcyclespecs.co.za/model/bmw/bmw-r850r-98.html | https://www.motorcyclespecs.co.za/model/bmw/bmw-r850r-con-03.html,LOW,REVIEW
MOTO-DIM-BMW-R850R-0002,BMW,R850R,,2006,2006,2006,2170.0,940.0,1220.0,1220.0,UNKNOWN,UNKNOWN,STANDARD,1,bikez,https://bikez.com/motorcycles/bmw_r_850_r_2006.php,LOW,REVIEW
MOTO-DIM-BMW-R850RABS-0001,BMW,R850R ABS,,"1994,1997,2000",,,2170.0,940.0,1220.0,1220.0,HANDLEBAR_WIDTH,UNKNOWN,STANDARD,3,motorcyclespecs,https://www.motorcyclespecs.co.za/model/bmw/bmw-r850r-94.html | https://www.motorcyclespecs.co.za/model/bmw/bmw-r850r-98.html | https://www.motorcyclespecs.co.za/model/bmw/bmw-r850r-con-03.html,LOW,REVIEW
MOTO-DIM-BMW-R850RABS-0002,BMW,R850R ABS,,2006,2006,2006,2170.0,940.0,1220.0,1220.0,UNKNOWN,UNKNOWN,STANDARD,1,bikez,https://bikez.com/motorcycles/bmw_r_850_r_2006.php,LOW,REVIEW
MOTO-DIM-BMW-R906-0001,BMW,R90/6,,1973,1973,1973,2180.0,740.0,1080.0,1080.0,HANDLEBAR_WIDTH,UNKNOWN,STANDARD,1,motorcyclespecs,https://www.motorcyclespecs.co.za/model/bmw/bmw-r90-6-74.html,LOW,REVIEW
MOTO-DIM-BMW-R90S-0001,BMW,R90S,,1973,1973,1973,2180.0,740.0,1210.0,1210.0,UNKNOWN,UNKNOWN,STANDARD,1,motorcyclespecs,https://www.motorcyclespecs.co.za/model/bmw/bmw-r90s-74.html,LOW,REVIEW
MOTO-DIM-BMW-S1000R-0001,BMW,S1000R,,2025,2025,2025,2090.0,812.0,1115.0,1115.0,HANDLEBAR_WIDTH,UNKNOWN,STANDARD,1,motorcyclespecs,https://www.motorcyclespecs.co.za/model/bmw/bmw-s10000r-2025.html,LOW,REVIEW
MOTO-DIM-BMW-S1000R-0002,BMW,S1000R,,"2014,2017",,,2057.0,845.0,1228.0,1228.0,HANDLEBAR_WIDTH,UNKNOWN,STANDARD,2,motorcyclespecs,https://www.motorcyclespecs.co.za/model/bmw/bmw-s10000r-14.html | https://www.motorcyclespecs.co.za/model/bmw/bmw-s10000r-18.html,LOW,REVIEW
MOTO-DIM-BMW-S1000R-0003,BMW,S1000R,,2026,2026,2026,2085.0,812.0,,,HANDLEBAR_WIDTH,UNKNOWN,STANDARD,1,1000ps,https://www.1000ps.com/en-gb/model/7592/bmw-s-1000-r,LOW,REVIEW
MOTO-DIM-BMW-S1000R-0004,BMW,S1000R,,,,,2090.0,812.0,1115.0,1115.0,UNKNOWN,UNKNOWN,UNKNOWN,1,bikedekho,https://www.bikedekho.com/bmw-bikes/s-1000-r/specifications,LOW,REVIEW
MOTO-DIM-BMW-S1000R-0005,BMW,S1000R,,2020,2020,2020,2057.0,845.0,1228.0,1228.0,UNKNOWN,UNKNOWN,STANDARD,1,bikez,https://bikez.com/motorcycles/bmw_s_1000_r_2020.php,LOW,REVIEW
MOTO-DIM-BMW-S1000RR-0001,BMW,S1000RR,,2025,2025,2025,2073.0,848.0,1205.0,1205.0,UNKNOWN,UNKNOWN,STANDARD,1,motorcyclespecs,https://www.motorcyclespecs.co.za/model/bmw/bmw-s1000rr-2025.html,LOW,REVIEW
MOTO-DIM-BMW-S1000RR-0002,BMW,S1000RR,,2011,2011,2011,2056.0,826.0,1138.0,1138.0,HANDLEBAR_WIDTH,UNKNOWN,STANDARD,1,motorcyclespecs,https://www.motorcyclespecs.co.za/model/bmw/bmw-s1000r-11.htm,LOW,REVIEW
MOTO-DIM-BMW-S1000RR-0003,BMW,S1000RR,,2017,2017,2017,2050.0,826.0,1140.0,1140.0,UNKNOWN,UNKNOWN,STANDARD,1,motorcyclespecs,https://www.motorcyclespecs.co.za/model/bmw/bmw-s1000rr-17.html,LOW,REVIEW
MOTO-DIM-BMW-S1000RR-0004,BMW,S1000RR,,2026,2026,2026,2073.0,848.0,,,HANDLEBAR_WIDTH,UNKNOWN,UNKNOWN,1,1000ps,https://www.1000ps.com/en-gb/model/3723/bmw-s-1000-rr,LOW,REVIEW
MOTO-DIM-BMW-S1000RR-0005,BMW,S1000RR,,,,,2073.0,848.0,1205.0,1205.0,UNKNOWN,UNKNOWN,UNKNOWN,1,bikedekho,https://www.bikedekho.com/bmw-bikes/s-1000-rr/specifications,LOW,REVIEW
MOTO-DIM-BMW-S1000RR-0006,BMW,S1000RR,,2009,2009,2009,2145.0,,,,UNKNOWN,UNKNOWN,STANDARD,1,bikez,https://bikez.com/motorcycles/bmw_s_1000_rr_2009.php,LOW,REVIEW
MOTO-DIM-BMW-S1000XR-0001,BMW,S1000XR,,2024,2024,2024,2154.0,851.0,1460.0,1460.0,HANDLEBAR_WIDTH,ADJUSTABLE_WINDSCREEN,STANDARD,1,motorcyclespecs,https://www.motorcyclespecs.co.za/model/bmw/bmw-s1000xr-2024.html,LOW,REVIEW
MOTO-DIM-BMW-S1000XR-0002,BMW,S1000XR,,2015,2015,2015,2183.0,940.0,1138.0,1138.0,UNKNOWN,UNKNOWN,STANDARD,1,bikez,https://bikez.com/motorcycles/bmw_s_1000_xr_2015.php,LOW,REVIEW
MOTO-DIM-BMW-S1000XR-0003,BMW,S1000XR,,2019,2019,2019,283.0,940.0,1408.0,1408.0,HANDLEBAR_WIDTH,UNKNOWN,TOURING_PACKAGE,1,motorcyclespecs,https://www.motorcyclespecs.co.za/model/bmw/bmw-s1000xr-19.html,LOW,REVIEW
MOTO-DIM-BMW-S1000XR-0004,BMW,S1000XR,,2026,2026,2026,2333.0,850.0,1411.0,1411.0,HANDLEBAR_WIDTH,UNKNOWN,STANDARD,1,1000ps,https://www.1000ps.com/en-gb/model/7882/bmw-s-1000-xr,LOW,REVIEW
MOTO-DIM-BMW-S1000XR-0005,BMW,S1000XR,,2020,2020,2020,2333.0,917.0,1411.0,1411.0,UNKNOWN,UNKNOWN,STANDARD,1,bikez,https://bikez.com/motorcycles/bmw_s_1000_xr_2020.php,LOW,REVIEW
MOTO-DIM-BMW-S1000XREQUIPADA-0001,BMW,S1000XR Equipada,,2024,2024,2024,2154.0,851.0,1460.0,1460.0,HANDLEBAR_WIDTH,ADJUSTABLE_WINDSCREEN,STANDARD,1,motorcyclespecs,https://www.motorcyclespecs.co.za/model/bmw/bmw-s1000xr-2024.html,LOW,REVIEW
MOTO-DIM-BMW-S1000XREQUIPADA-0002,BMW,S1000XR Equipada,,2015,2015,2015,2183.0,940.0,1138.0,1138.0,UNKNOWN,UNKNOWN,STANDARD,1,bikez,https://bikez.com/motorcycles/bmw_s_1000_xr_2015.php,LOW,REVIEW
MOTO-DIM-BMW-S1000XREQUIPADA-0003,BMW,S1000XR Equipada,,2019,2019,2019,283.0,940.0,1408.0,1408.0,HANDLEBAR_WIDTH,UNKNOWN,TOURING_PACKAGE,1,motorcyclespecs,https://www.motorcyclespecs.co.za/model/bmw/bmw-s1000xr-19.html,LOW,REVIEW
MOTO-DIM-BMW-S1000XREQUIPADA-0004,BMW,S1000XR Equipada,,2026,2026,2026,2333.0,850.0,1411.0,1411.0,HANDLEBAR_WIDTH,UNKNOWN,STANDARD,1,1000ps,https://www.1000ps.com/en-gb/model/7882/bmw-s-1000-xr,LOW,REVIEW
MOTO-DIM-BMW-S1000XREQUIPADA-0005,BMW,S1000XR Equipada,,2020,2020,2020,2333.0,917.0,1411.0,1411.0,UNKNOWN,UNKNOWN,STANDARD,1,bikez,https://bikez.com/motorcycles/bmw_s_1000_xr_2020.php,LOW,REVIEW
MOTO-DIM-HONDA-600-0001,Honda,600,,2011,2011,2011,2160.0,765.0,1110.0,1110.0,UNKNOWN,UNKNOWN,UNKNOWN,1,1000ps,https://www.1000ps.com/en-gb/model/1578/honda-cbf-600,LOW,REVIEW
MOTO-DIM-HONDA-600-0002,Honda,600,,2009,2009,2009,2160.0,,,,UNKNOWN,UNKNOWN,STANDARD,1,bikez,https://bikez.com/motorcycles/honda_cbf600_2009.php,LOW,REVIEW
MOTO-DIM-HONDA-600-0003,Honda,600,,2008,2008,2008,2160.0,765.0,1110.0,1110.0,UNKNOWN,UNKNOWN,STANDARD,1,bikez,https://bikez.com/motorcycles/honda_cbf_600_2008.php,LOW,REVIEW
MOTO-DIM-HONDA-ADV160-0001,Honda,ADV160,,2026,2026,2026,1950.0,763.0,1196.0,1196.0,UNKNOWN,UNKNOWN,UNKNOWN,1,bikedekho,https://www.bikedekho.com/honda/adv-160/specifications,MEDIUM,REVIEW
MOTO-DIM-HONDA-C125ASUPERCUB-0001,Honda,C125A Super Cub,,2026,2026,2026,1915.0,720.0,1000.0,1000.0,HANDLEBAR_WIDTH,UNKNOWN,STANDARD,1,motorcyclespecs,https://www.motorcyclespecs.co.za/model/Honda/honda-c125-super-cub-2026.html,MEDIUM,REVIEW
MOTO-DIM-HONDA-C70K-0001,Honda,C70K,,2022,2022,2022,1897.0,751.0,1014.0,1014.0,UNKNOWN,UNKNOWN,STANDARD,1,bikez,https://bikez.com/motorcycles/honda_cd70_2022.php,MEDIUM,REVIEW
MOTO-DIM-HONDA-CA125ASUPERCUB-0001,Honda,CA125A Super Cub,,2026,2026,2026,1915.0,720.0,1000.0,1000.0,HANDLEBAR_WIDTH,UNKNOWN,STANDARD,1,motorcyclespecs,https://www.motorcyclespecs.co.za/model/Honda/honda-c125-super-cub-2026.html,MEDIUM,REVIEW
MOTO-DIM-HONDA-CA110-0001,Honda,CA110,,1980,1980,1980,1905.0,755.0,1060.0,1060.0,UNKNOWN,UNKNOWN,STANDARD,1,motorcyclespecs,https://www.motorcyclespecs.co.za/model/Honda/honda_ct110.html,MEDIUM,REVIEW
MOTO-DIM-HONDA-CB1000HORNETSP-0001,Honda,CB1000 Hornet SP,,2025,2025,2025,2140.0,790.0,1085.0,1085.0,HANDLEBAR_WIDTH,UNKNOWN,STANDARD,1,motorcyclespecs,https://www.motorcyclespecs.co.za/model/Honda/honda-cb1000sp-2025.html,LOW,REVIEW
MOTO-DIM-HONDA-CB1000HORNETSP-0002,Honda,CB1000 Hornet SP,,2026,2026,2026,2140.0,790.0,1085.0,1085.0,UNKNOWN,UNKNOWN,UNKNOWN,1,1000ps,https://www.1000ps.com/en-gb/model/12713/honda-cb1000-hornet-sp,LOW,REVIEW
MOTO-DIM-HONDA-CB1000CCUSTOM-0001,Honda,CB1000C Custom,,1983,1983,1983,,813.0,,,UNKNOWN,UNKNOWN,STANDARD,1,bikez,https://bikez.com/motorcycles/honda_cb1000c_1983.php,MEDIUM,REVIEW
MOTO-DIM-HONDA-CB1000R-0001,Honda,CB1000R,,2008,2008,2008,2090.0,775.0,1090.0,1090.0,UNKNOWN,UNKNOWN,STANDARD,1,bikez,https://bikez.com/motorcycles/honda_cb_1000_r_2008.php,LOW,REVIEW
MOTO-DIM-HONDA-CB1000R-0002,Honda,CB1000R,,2022,2022,2022,2120.0,789.0,,,HANDLEBAR_WIDTH,UNKNOWN,STANDARD,1,motorcyclespecs,https://www.motorcyclespecs.co.za/model/Honda/honda_cb1000r_21.html,LOW,REVIEW
MOTO-DIM-HONDA-CB1000R-0003,Honda,CB1000R,,2024,2024,2024,2120.0,789.0,1090.0,1090.0,UNKNOWN,UNKNOWN,UNKNOWN,1,1000ps,https://www.1000ps.com/en-gb/model/3258/honda-cb-1000-r,LOW,REVIEW
MOTO-DIM-HONDA-CB1000R-0004,Honda,CB1000R,,2023,2023,2023,2121.0,789.0,1090.0,1090.0,UNKNOWN,UNKNOWN,STANDARD,1,bikez,https://bikez.com/motorcycles/honda_cb1000r_2023.php,LOW,REVIEW
MOTO-DIM-HONDA-CB1000RBLACKEDITION-0001,Honda,CB1000R Black Edition,,"2021,2023",,,2120.0,789.0,1090.0,1090.0,UNKNOWN,UNKNOWN,STANDARD,2,bikez,https://bikez.com/motorcycles/honda_cb1000r_black_edition_2021.php | https://bikez.com/motorcycles/honda_cb1000r_black_edition_2023.php,LOW,REVIEW
MOTO-DIM-HONDA-CB1000RBLACKEDITION-0002,Honda,CB1000R Black Edition,,2024,2024,2024,2120.0,789.0,1090.0,1090.0,HANDLEBAR_WIDTH,UNKNOWN,UNKNOWN,1,1000ps,https://www.1000ps.com/en-gb/model/10352/honda-cb1000r-black-edition,LOW,REVIEW
MOTO-DIM-HONDA-CB110STD-0001,Honda,CB110 STD,,2015,2015,2015,1967.0,742.0,1075.0,1075.0,UNKNOWN,UNKNOWN,STANDARD,1,bikez,https://bikez.com/motorcycles/honda_cb110_2015.php,MEDIUM,REVIEW
MOTO-DIM-HONDA-CB1100-0001,Honda,CB1100,,"2011,2013,2017",,,2195.0,835.0,1130.0,1130.0,UNKNOWN,UNKNOWN,UNKNOWN,3,motorcyclespecs,https://www.motorcyclespecs.co.za/model/Honda/honda_cb1100_10.html | https://www.motorcyclespecs.co.za/model/Honda/honda_cb1100_13.html | https://www.motorcyclespecs.co.za/model/Honda/honda_cb1100_17.htm,LOW,REVIEW
MOTO-DIM-HONDA-CB1100-0002,Honda,CB1100,,2014,2014,2014,2195.0,,,,UNKNOWN,UNKNOWN,STANDARD,1,bikez,https://bikez.com/motorcycles/honda_cb_1100_2014.php,LOW,REVIEW
MOTO-DIM-HONDA-CB1100ABS-0001,Honda,CB1100 ABS,,2013,2013,2013,2195.0,,,,UNKNOWN,UNKNOWN,STANDARD,1,bikez,https://bikez.com/motorcycles/honda_cb1100_abs_2013.php,MEDIUM,REVIEW
MOTO-DIM-HONDA-CB1100EX-0001,Honda,CB1100 EX,,"2014,2016",,,2195.0,835.0,1130.0,1130.0,HANDLEBAR_WIDTH,UNKNOWN,STANDARD,3,motorcyclespecs,https://www.motorcyclespecs.co.za/model/Honda/honda_cb1100ex_14.html | https://www.motorcyclespecs.co.za/model/Honda/honda_cb1100ex_16.htm | https://www.motorcyclespecs.co.za/model/Honda/honda_cb1100ex_17.htm,LOW,REVIEW
MOTO-DIM-HONDA-CB1100EX-0002,Honda,CB1100 EX,,2020,2020,2020,2200.0,830.0,1130.0,1130.0,UNKNOWN,UNKNOWN,UNKNOWN,1,1000ps,https://www.1000ps.com/en-gb/model/9011/honda-cb1100-ex,LOW,REVIEW
MOTO-DIM-HONDA-CB1100EX-0003,Honda,CB1100 EX,,2019,2019,2019,2200.0,830.0,1130.0,1130.0,UNKNOWN,UNKNOWN,STANDARD,1,bikez,https://bikez.com/motorcycles/honda_cb1100_ex_2019.php,LOW,REVIEW
MOTO-DIM-HONDA-CB125F-0001,Honda,CB125F,,2025,2025,2025,2027.0,751.0,1091.0,1091.0,HANDLEBAR_WIDTH,UNKNOWN,STANDARD,1,motorcyclespecs,https://www.motorcyclespecs.co.za/model/Honda/honda-cb125f-2025.html,LOW,REVIEW
MOTO-DIM-HONDA-CB125F-0002,Honda,CB125F,,2015,2015,2015,2035.0,765.0,1080.0,1080.0,UNKNOWN,UNKNOWN,UNKNOWN,1,motorcyclespecs,https://www.motorcyclespecs.co.za/model/Honda/honda_cb125f_15.html,LOW,REVIEW
MOTO-DIM-HONDA-CB125F-0003,Honda,CB125F,,2021,2021,2021,2020.0,784.0,1103.0,1103.0,UNKNOWN,UNKNOWN,UNKNOWN,1,motorcyclespecs,https://www.motorcyclespecs.co.za/model/Honda/honda_cb125f_21.html,LOW,REVIEW
MOTO-DIM-HONDA-CB125F-0004,Honda,CB125F,,2026,2026,2026,2027.0,751.0,1091.0,1091.0,UNKNOWN,UNKNOWN,UNKNOWN,1,1000ps,https://www.1000ps.com/en-gb/model/8061/honda-cb125f,LOW,REVIEW
MOTO-DIM-HONDA-CB125F-0005,Honda,CB125F,,2023,2023,2023,2015.0,750.0,1100.0,1100.0,UNKNOWN,UNKNOWN,STANDARD,1,bikez,https://bikez.com/motorcycles/honda_cb125f______2023.php,LOW,REVIEW
MOTO-DIM-HONDA-CB125F-0006,Honda,CB125F,,2019,2019,2019,2035.0,765.0,1080.0,1080.0,UNKNOWN,UNKNOWN,STANDARD,1,bikez,https://bikez.com/motorcycles/honda_cb125f______2019.php,LOW,REVIEW
MOTO-DIM-HONDA-CB125FTWISTER-0001,Honda,CB125F Twister,,2025,2025,2025,2027.0,751.0,1091.0,1091.0,HANDLEBAR_WIDTH,UNKNOWN,STANDARD,1,motorcyclespecs,https://www.motorcyclespecs.co.za/model/Honda/honda-cb125f-2025.html,LOW,REVIEW
MOTO-DIM-HONDA-CB125FTWISTER-0002,Honda,CB125F Twister,,2015,2015,2015,2035.0,765.0,1080.0,1080.0,UNKNOWN,UNKNOWN,UNKNOWN,1,motorcyclespecs,https://www.motorcyclespecs.co.za/model/Honda/honda_cb125f_15.html,LOW,REVIEW
MOTO-DIM-HONDA-CB125FTWISTER-0003,Honda,CB125F Twister,,2021,2021,2021,2020.0,784.0,1103.0,1103.0,UNKNOWN,UNKNOWN,UNKNOWN,1,motorcyclespecs,https://www.motorcyclespecs.co.za/model/Honda/honda_cb125f_21.html,LOW,REVIEW
MOTO-DIM-HONDA-CB125FTWISTER-0004,Honda,CB125F Twister,,2026,2026,2026,2027.0,751.0,1091.0,1091.0,UNKNOWN,UNKNOWN,UNKNOWN,1,1000ps,https://www.1000ps.com/en-gb/model/8061/honda-cb125f,LOW,REVIEW
MOTO-DIM-HONDA-CB125FTWISTER-0005,Honda,CB125F Twister,,2023,2023,2023,2015.0,750.0,1100.0,1100.0,UNKNOWN,UNKNOWN,STANDARD,1,bikez,https://bikez.com/motorcycles/honda_cb125f______2023.php,LOW,REVIEW
MOTO-DIM-HONDA-CB125FTWISTER-0006,Honda,CB125F Twister,,2019,2019,2019,2035.0,765.0,1080.0,1080.0,UNKNOWN,UNKNOWN,STANDARD,1,bikez,https://bikez.com/motorcycles/honda_cb125f______2019.php,LOW,REVIEW
MOTO-DIM-HONDA-CB160F-0001,Honda,CB160F,,"1965,2019",,,2045.0,757.0,1060.0,1060.0,UNKNOWN,UNKNOWN,STANDARD,2,bikez,https://bikez.com/motorcycles/honda_cb_unicorn_160_2019.php | https://bikez.com/motorcycles/honda_cb_160_1965.php,LOW,REVIEW
MOTO-DIM-HONDA-CB160F-0002,Honda,CB160F,,"2017,2018",2017,2018,2095.0,756.0,1110.0,1110.0,UNKNOWN,UNKNOWN,STANDARD,2,bikez,https://bikez.com/motorcycles/honda_cb_unicorn_160_2018.php | https://bikez.com/motorcycles/honda_cb_unicorn_160_2017.php,LOW,REVIEW
MOTO-DIM-HONDA-CB250TWISTER-0001,Honda,CB250 Twister,,2014,2014,2014,2065.0,753.0,1072.0,1072.0,UNKNOWN,UNKNOWN,UNKNOWN,1,motorcyclespecs,https://www.motorcyclespecs.co.za/model/Honda/honda_cb250f_14.html,MEDIUM,REVIEW
MOTO-DIM-HONDA-CB300F-0001,Honda,CB300F,,2015,2015,2015,2035.0,720.0,1120.0,1120.0,UNKNOWN,UNKNOWN,STANDARD,1,motorcyclespecs,https://www.motorcyclespecs.co.za/model/Honda/honda_cb300F_15.html,LOW,REVIEW
MOTO-DIM-HONDA-CB300F-0002,Honda,CB300F,,,,,2035.0,720.0,1120.0,1120.0,UNKNOWN,UNKNOWN,UNKNOWN,1,motorcyclespecs,https://www.motorcyclespecs.co.za/model/Honda/honda_cb300F_17.html,LOW,REVIEW
MOTO-DIM-HONDA-CB300F-0003,Honda,CB300F,,2019,2019,2019,2040.0,,,,UNKNOWN,UNKNOWN,STANDARD,1,bikez,https://bikez.com/motorcycles/honda_cb300f_2019.php,LOW,REVIEW
MOTO-DIM-HONDA-CB300FABS-0001,Honda,CB300F ABS,,2019,2019,2019,2040.0,,,,UNKNOWN,UNKNOWN,STANDARD,1,bikez,https://bikez.com/motorcycles/honda_cb300f_abs_2019.php,MEDIUM,REVIEW
MOTO-DIM-HONDA-CB300FABS-0002,Honda,CB300F ABS,,2018,2018,2018,2040.0,,,,UNKNOWN,UNKNOWN,STANDARD,1,bikez,https://bikez.com/motorcycles/honda_cb300f_abs_2018.php,MEDIUM,REVIEW
MOTO-DIM-HONDA-CB300FABS-0003,Honda,CB300F ABS,,2017,2017,2017,2040.0,,,,UNKNOWN,UNKNOWN,STANDARD,1,bikez,https://bikez.com/motorcycles/honda_cb300f_abs_2017.php,MEDIUM,REVIEW
MOTO-DIM-HONDA-CB300R-0001,Honda,CB300R,,,,,2012.0,802.0,1052.0,1052.0,HANDLEBAR_WIDTH,UNKNOWN,UNKNOWN,1,motorcyclespecs,https://www.motorcyclespecs.co.za/model/Honda/honda_cb300r_18.htm,LOW,REVIEW
MOTO-DIM-HONDA-CB300R-0002,Honda,CB300R,,2020,2020,2020,2012.0,802.0,1052.0,1052.0,UNKNOWN,UNKNOWN,STANDARD,1,motorcyclespecs,https://www.motorcyclespecs.co.za/model/Honda/honda_cb300r_20.html,LOW,REVIEW
MOTO-DIM-HONDA-CB300R-0003,Honda,CB300R,,2022,2022,2022,2012.0,802.0,1052.0,1052.0,HANDLEBAR_WIDTH,UNKNOWN,STANDARD,1,motorcyclespecs,https://www.motorcyclespecs.co.za/model/Honda/honda_cb300r_22.html,LOW,REVIEW
MOTO-DIM-HONDA-CB300R-0004,Honda,CB300R,,2026,2026,2026,2012.0,802.0,1052.0,1052.0,UNKNOWN,UNKNOWN,UNKNOWN,1,1000ps,https://www.1000ps.com/en-gb/model/9174/honda-cb300r,LOW,REVIEW
MOTO-DIM-HONDA-CB300RABS-0001,Honda,CB300R ABS,,,,,2012.0,802.0,1052.0,1052.0,HANDLEBAR_WIDTH,UNKNOWN,UNKNOWN,1,motorcyclespecs,https://www.motorcyclespecs.co.za/model/Honda/honda_cb300r_18.htm,LOW,REVIEW
MOTO-DIM-HONDA-CB300RABS-0002,Honda,CB300R ABS,,2020,2020,2020,2012.0,802.0,1052.0,1052.0,UNKNOWN,UNKNOWN,STANDARD,1,motorcyclespecs,https://www.motorcyclespecs.co.za/model/Honda/honda_cb300r_20.html,LOW,REVIEW
MOTO-DIM-HONDA-CB300RABS-0003,Honda,CB300R ABS,,2022,2022,2022,2012.0,802.0,1052.0,1052.0,HANDLEBAR_WIDTH,UNKNOWN,STANDARD,1,motorcyclespecs,https://www.motorcyclespecs.co.za/model/Honda/honda_cb300r_22.html,LOW,REVIEW
MOTO-DIM-HONDA-CB300RABS-0004,Honda,CB300R ABS,,2026,2026,2026,2012.0,802.0,1052.0,1052.0,UNKNOWN,UNKNOWN,UNKNOWN,1,1000ps,https://www.1000ps.com/en-gb/model/9174/honda-cb300r,LOW,REVIEW
MOTO-DIM-HONDA-CB350HNESS-0001,Honda,CB350 H'Ness,,2021,2021,2021,2163.0,800.0,1107.0,1107.0,HANDLEBAR_WIDTH,UNKNOWN,UNKNOWN,1,motorcyclespecs,https://www.motorcyclespecs.co.za/model/Honda/honda_cb350_h-ness.html,MEDIUM,REVIEW
MOTO-DIM-HONDA-CB500-0001,Honda,CB500,,2003,2003,2003,2090.0,720.0,,,UNKNOWN,UNKNOWN,STANDARD,1,bikez,https://bikez.com/motorcycles/honda_cb_500_2003.php,MEDIUM,REVIEW
MOTO-DIM-HONDA-CB500FABS-0001,Honda,CB500F ABS,,2019,2019,2019,2075.0,780.0,1060.0,1060.0,UNKNOWN,UNKNOWN,STANDARD,1,bikez,https://bikez.com/motorcycles/honda_cb500f_abs_2019.php,MEDIUM,REVIEW
MOTO-DIM-HONDA-CB500X-0001,Honda,CB500X,,2013,2013,2013,2095.0,830.0,1290.0,1290.0,HANDLEBAR_WIDTH,ADJUSTABLE_WINDSCREEN,STANDARD,1,motorcyclespecs,https://www.motorcyclespecs.co.za/model/Honda/honda_cb500x_13.html,LOW,REVIEW
MOTO-DIM-HONDA-CB500X-0002,Honda,CB500X,,2017,2017,2017,2095.0,830.0,1290.0,1290.0,HANDLEBAR_WIDTH,UNKNOWN,UNKNOWN,1,motorcyclespecs,https://www.motorcyclespecs.co.za/model/Honda/honda_cb500x_17.html,LOW,REVIEW
MOTO-DIM-HONDA-CB500X-0003,Honda,CB500X,,2022,2022,2022,2155.0,830.0,1410.0,1410.0,HANDLEBAR_WIDTH,WINDSCREEN_HIGH,WITH_TOP_BOX,1,motorcyclespecs,https://www.motorcyclespecs.co.za/model/Honda/honda_cb500x_22.html,LOW,REVIEW
MOTO-DIM-HONDA-CB500X-0004,Honda,CB500X,,2023,2023,2023,2155.0,830.0,1410.0,1410.0,UNKNOWN,WINDSCREEN_HIGH,UNKNOWN,1,1000ps,https://www.1000ps.com/en-gb/model/7339/honda-cb500x,LOW,REVIEW
MOTO-DIM-HONDA-CB500X-0005,Honda,CB500X,,2018,2018,2018,2096.0,822.0,1262.0,1262.0,UNKNOWN,UNKNOWN,STANDARD,1,bikez,https://bikez.com/motorcycles/honda_cb500x_2018.php,LOW,REVIEW
MOTO-DIM-HONDA-CB500XABS-0001,Honda,CB500X ABS,,2015,2015,2015,2096.0,822.0,1262.0,1262.0,UNKNOWN,UNKNOWN,STANDARD,1,bikez,https://bikez.com/motorcycles/honda_cb500x_abs_2015.php,MEDIUM,REVIEW
MOTO-DIM-HONDA-CB50RDREAM50-0001,Honda,CB50R Dream 50,,2004,2004,2004,1791.0,615.0,945.0,945.0,UNKNOWN,UNKNOWN,STANDARD,1,bikez,https://bikez.com/motorcycles/honda_dream_50_r_2004.php,MEDIUM,REVIEW
MOTO-DIM-HONDA-CB650F-0001,Honda,CB650F,,"2014,2016,2019",,,2110.0,775.0,1120.0,1120.0,UNKNOWN,UNKNOWN,STANDARD,3,bikez,https://bikez.com/motorcycles/honda_cb650f_2014.php | https://bikez.com/motorcycles/honda_cb650f_2016.php | https://bikez.com/motorcycles/honda_cb650f_2019.php,LOW,REVIEW
MOTO-DIM-HONDA-CB650F-0002,Honda,CB650F,,2018,2018,2018,2110.0,775.0,1120.0,1120.0,UNKNOWN,UNKNOWN,UNKNOWN,1,1000ps,https://www.1000ps.com/en-gb/model/7566/honda-cb650f,LOW,REVIEW
MOTO-DIM-HONDA-CB650FABS-0001,Honda,CB650F ABS,,"2014,2016,2019",,,2110.0,775.0,1120.0,1120.0,UNKNOWN,UNKNOWN,STANDARD,3,bikez,https://bikez.com/motorcycles/honda_cb650f_2014.php | https://bikez.com/motorcycles/honda_cb650f_2016.php | https://bikez.com/motorcycles/honda_cb650f_2019.php,LOW,REVIEW
MOTO-DIM-HONDA-CB650FABS-0002,Honda,CB650F ABS,,2018,2018,2018,2110.0,775.0,1120.0,1120.0,UNKNOWN,UNKNOWN,UNKNOWN,1,1000ps,https://www.1000ps.com/en-gb/model/7566/honda-cb650f,LOW,REVIEW
MOTO-DIM-HONDA-CB650R-0001,Honda,CB650R,,2026,2026,2026,2120.0,750.0,1145.0,1145.0,HANDLEBAR_WIDTH,UNKNOWN,STANDARD,1,motorcyclespecs,https://www.motorcyclespecs.co.za/model/Honda/honda-cb650r-2026.html,LOW,REVIEW
MOTO-DIM-HONDA-CB650R-0002,Honda,CB650R,,"2021,2023",,,2130.0,780.0,1075.0,1075.0,HANDLEBAR_WIDTH,UNKNOWN,STANDARD,2,motorcyclespecs | bikez,https://www.motorcyclespecs.co.za/model/Honda/honda-cb650r-23.html | https://bikez.com/motorcycles/honda_cb650r_2021.php,LOW,REVIEW
MOTO-DIM-HONDA-CB650R-0003,Honda,CB650R,,2020,2020,2020,2131.0,749.3,1148.0,1148.0,HANDLEBAR_WIDTH,UNKNOWN,UNKNOWN,1,motorcyclespecs,https://www.motorcyclespecs.co.za/model/Honda/honda_cb650r_20.html,LOW,REVIEW
MOTO-DIM-HONDA-CB650R-0004,Honda,CB650R,,2019,2019,2019,2130.0,750.0,1150.0,1150.0,UNKNOWN,UNKNOWN,STANDARD,1,bikez,https://bikez.com/motorcycles/honda_cb650r_2019.php,LOW,REVIEW
MOTO-DIM-HONDA-CB650RABS-0001,Honda,CB650R ABS,,2026,2026,2026,2120.0,750.0,1145.0,1145.0,HANDLEBAR_WIDTH,UNKNOWN,STANDARD,1,motorcyclespecs,https://www.motorcyclespecs.co.za/model/Honda/honda-cb650r-2026.html,LOW,REVIEW
MOTO-DIM-HONDA-CB650RABS-0002,Honda,CB650R ABS,,"2021,2023",,,2130.0,780.0,1075.0,1075.0,HANDLEBAR_WIDTH,UNKNOWN,STANDARD,2,motorcyclespecs | bikez,https://www.motorcyclespecs.co.za/model/Honda/honda-cb650r-23.html | https://bikez.com/motorcycles/honda_cb650r_2021.php,LOW,REVIEW
MOTO-DIM-HONDA-CB650RABS-0003,Honda,CB650R ABS,,2020,2020,2020,2131.0,749.3,1148.0,1148.0,HANDLEBAR_WIDTH,UNKNOWN,UNKNOWN,1,motorcyclespecs,https://www.motorcyclespecs.co.za/model/Honda/honda_cb650r_20.html,LOW,REVIEW
MOTO-DIM-HONDA-CB650RABS-0004,Honda,CB650R ABS,,2019,2019,2019,2130.0,750.0,1150.0,1150.0,UNKNOWN,UNKNOWN,STANDARD,1,bikez,https://bikez.com/motorcycles/honda_cb650r_2019.php,LOW,REVIEW
MOTO-DIM-HONDA-CB650RECLUTCH-0001,Honda,CB650R E-Clutch,,2026,2026,2026,2120.0,750.0,1150.0,1150.0,UNKNOWN,UNKNOWN,STANDARD,1,1000ps,https://www.1000ps.com/en-gb/model/12246/honda-cb650r-e-clutch,MEDIUM,REVIEW
MOTO-DIM-HONDA-CB650SCNIGHTHAWK-0001,Honda,CB650SC Nighthawk,,,,,2210.0,780.0,1171.0,1171.0,HANDLEBAR_WIDTH,UNKNOWN,STANDARD,1,motorcyclespecs,https://www.motorcyclespecs.co.za/model/Honda/honda_cb650sc_nighthawk_82.html,LOW,REVIEW
MOTO-DIM-HONDA-CB650SCNIGHTHAWK-0002,Honda,CB650SC Nighthawk,,1984,1984,1984,2210.0,780.0,1171.0,1171.0,UNKNOWN,UNKNOWN,STANDARD,1,bikez,https://bikez.com/motorcycles/honda_cb_650_sc_nighthawk_1984.php,LOW,REVIEW
MOTO-DIM-HONDA-CB700SCNIGHTHAWKS-0001,Honda,CB700SC Nighthawk S,,1984,1984,1984,2150.0,780.0,,,HANDLEBAR_WIDTH,UNKNOWN,UNKNOWN,1,motorcyclespecs,https://www.motorcyclespecs.co.za/model/Honda/honda_cb700_nighthawk_s.htm,LOW,REVIEW
MOTO-DIM-HONDA-CB750HORNET-0001,Honda,CB750 Hornet,,"2023,2025",,,2090.0,780.0,1085.0,1085.0,HANDLEBAR_WIDTH,UNKNOWN,STANDARD,2,motorcyclespecs,https://www.motorcyclespecs.co.za/model/Honda/honda-cb750-hornet-2025.html | https://www.motorcyclespecs.co.za/model/Honda/honda-cb750-hornet-23.html,LOW,REVIEW
MOTO-DIM-HONDA-CB750HORNET-0002,Honda,CB750 Hornet,,2026,2026,2026,2090.0,780.0,1085.0,1085.0,UNKNOWN,UNKNOWN,STANDARD,1,1000ps,https://www.1000ps.com/en-gb/model/11343/honda-cb750-hornet,LOW,REVIEW
MOTO-DIM-HONDA-CB750HORNET-0003,Honda,CB750 Hornet,,,,,2090.0,780.0,1085.0,1085.0,UNKNOWN,UNKNOWN,UNKNOWN,1,bikedekho,https://www.bikedekho.com/honda/cb-750-hornet/specifications,LOW,REVIEW
MOTO-DIM-HONDA-CB750SCNIGHTHAWK-0001,Honda,CB750SC Nighthawk,,1982,1982,1982,2184.0,800.0,792.0,792.0,HANDLEBAR_WIDTH,UNKNOWN,UNKNOWN,1,motorcyclespecs,https://www.motorcyclespecs.co.za/model/Honda/honda_cb750sc_82.htm,LOW,REVIEW
MOTO-DIM-HONDA-CB750SCNIGHTHAWK-0002,Honda,CB750SC Nighthawk,,1983,1983,1983,2184.0,800.0,792.0,792.0,UNKNOWN,UNKNOWN,STANDARD,1,bikez,https://bikez.com/motorcycles/honda_cb_750_sc_nighthawk_1983.php,LOW,REVIEW
MOTO-DIM-HONDA-CBF1000A-0001,Honda,CBF1000A,,2011,2011,2011,2176.0,,1175.0,1175.0,UNKNOWN,ADJUSTABLE_WINDSCREEN,WITH_TOP_BOX,1,motorcyclespecs,https://www.motorcyclespecs.co.za/model/Honda/honda_cbf1000_11.html,MEDIUM,REVIEW
MOTO-DIM-HONDA-CBF1000A-0002,Honda,CBF1000A,,2013,2013,2013,2176.0,,1175.0,1175.0,UNKNOWN,ADJUSTABLE_WINDSCREEN,WITH_TOP_BOX,1,motorcyclespecs,https://www.motorcyclespecs.co.za/model/Honda/honda_cbf1000_13.html,MEDIUM,REVIEW
MOTO-DIM-HONDA-CBF125FTWISTER-0001,Honda,CBF125F Twister,,2009,2009,2009,1955.0,760.0,1110.0,1110.0,UNKNOWN,UNKNOWN,STANDARD,1,bikez,https://bikez.com/motorcycles/honda_cbf125f_2009.php,MEDIUM,REVIEW
MOTO-DIM-HONDA-CBF150S-0001,Honda,CBF150S,,2006,2006,2006,2075.0,750.0,1135.0,1135.0,UNKNOWN,UNKNOWN,STANDARD,1,bikez,https://bikez.com/motorcycles/honda_cbf_150_2006.php,MEDIUM,REVIEW
MOTO-DIM-HONDA-CBF600SA-0001,Honda,CBF600SA,,"2004,2013",,,2160.0,765.0,1240.0,1240.0,UNKNOWN,UNKNOWN,STANDARD,2,motorcyclespecs | 1000ps,https://www.motorcyclespecs.co.za/model/Honda/honda_cbf600S_04.html | https://www.1000ps.com/en-gb/model/1505/honda-cbf-600-s,LOW,REVIEW
MOTO-DIM-HONDA-CBF600SA-0002,Honda,CBF600SA,,2010,2010,2010,2160.0,765.0,1240.0,1240.0,UNKNOWN,UNKNOWN,UNKNOWN,1,motorcyclespecs,https://www.motorcyclespecs.co.za/model/Honda/honda_cbf600s_10.html,LOW,REVIEW
MOTO-DIM-HONDA-CBF600SA-0003,Honda,CBF600SA,,2008,2008,2008,2160.0,765.0,1240.0,1240.0,HANDLEBAR_WIDTH,ADJUSTABLE_WINDSCREEN,WITH_TOP_BOX,1,motorcyclespecs,https://www.motorcyclespecs.co.za/model/Honda/honda_cbf60s_08.html,LOW,REVIEW
MOTO-DIM-HONDA-CBF600SA-0004,Honda,CBF600SA,,2012,2012,2012,2160.0,765.0,,,UNKNOWN,UNKNOWN,STANDARD,1,bikez,https://bikez.com/motorcycles/honda_cbf600s_2012.php,LOW,REVIEW
MOTO-DIM-HONDA-CBF600SA-0005,Honda,CBF600SA,,2009,2009,2009,2160.0,,,,UNKNOWN,UNKNOWN,STANDARD,1,bikez,https://bikez.com/motorcycles/honda_cbf600s_2009.php,LOW,REVIEW
MOTO-DIM-HONDA-CBF600SA-0006,Honda,CBF600SA,,2005,2005,2005,2170.0,760.0,1240.0,1240.0,UNKNOWN,UNKNOWN,STANDARD,1,bikez,https://bikez.com/motorcycles/honda_cbf_600_s_2005.php,LOW,REVIEW
MOTO-DIM-HONDA-CBR1000RR-0001,Honda,CBR1000RR,,2004,2004,2004,2025.0,720.0,1120.0,1120.0,HANDLEBAR_WIDTH,UNKNOWN,UNKNOWN,1,motorcyclespecs,https://www.motorcyclespecs.co.za/model/Honda/honda_cbr1000rr_04.html,LOW,REVIEW
MOTO-DIM-HONDA-CBR1000RR-0002,Honda,CBR1000RR,,2012,2012,2012,2077.0,685.0,1135.0,1135.0,UNKNOWN,UNKNOWN,STANDARD,1,motorcyclespecs,https://www.motorcyclespecs.co.za/model/Honda/honda_cbr1000rr_12.html,LOW,REVIEW
MOTO-DIM-HONDA-CBR1000RR-0003,Honda,CBR1000RR,,2019,2019,2019,2005.0,720.0,1125.0,1125.0,UNKNOWN,UNKNOWN,STANDARD,1,motorcyclespecs,https://www.motorcyclespecs.co.za/model/Honda/honda_cbr1000rr_19.html,LOW,REVIEW
MOTO-DIM-HONDA-CBR1000RRSP-0001,Honda,CBR1000RR SP,,2017,2017,2017,205.0,720.0,1125.0,1125.0,HANDLEBAR_WIDTH,UNKNOWN,STANDARD,1,motorcyclespecs,https://www.motorcyclespecs.co.za/model/Honda/honda_Cbr1000rr_sp_17.htm,LOW,REVIEW
MOTO-DIM-HONDA-CBR1000RRSP-0002,Honda,CBR1000RR SP,,2019,2019,2019,2075.0,720.0,1125.0,1125.0,UNKNOWN,UNKNOWN,STANDARD,1,bikez,https://bikez.com/motorcycles/honda_cbr1000rr_sp_2019.php,LOW,REVIEW
MOTO-DIM-HONDA-CBR1000RRSP-0003,Honda,CBR1000RR SP,,2014,2014,2014,,720.0,,,HANDLEBAR_WIDTH,UNKNOWN,STANDARD,1,motorcyclespecs,https://www.motorcyclespecs.co.za/model/Honda/honda_cbr1000rr_sp_14.html,LOW,REVIEW
MOTO-DIM-HONDA-CBR1000RRSP-0004,Honda,CBR1000RR SP,,2018,2018,2018,2075.0,720.0,1135.0,1135.0,UNKNOWN,UNKNOWN,STANDARD,1,bikez,https://bikez.com/motorcycles/honda_cbr1000rr_sp_2018.php,LOW,REVIEW
MOTO-DIM-HONDA-CBR1000RRSP2-0001,Honda,CBR1000RR SP2,,2019,2019,2019,2065.0,720.0,1125.0,1125.0,UNKNOWN,UNKNOWN,STANDARD,1,bikez,https://bikez.com/motorcycles/honda_cbr1000rr_sp2_2019.php,MEDIUM,REVIEW
MOTO-DIM-HONDA-CBR1000RRRFIREBLADE-0001,Honda,CBR1000RR-R Fireblade,,2026,2026,2026,2100.0,740.0,1140.0,1140.0,UNKNOWN,UNKNOWN,STANDARD,1,1000ps,https://www.1000ps.com/en-gb/model/9940/honda-cbr1000rr-r-fireblade,MEDIUM,REVIEW
MOTO-DIM-HONDA-CBR1100XXSUPERBLACKBIRD-0001,Honda,CBR1100XX Super Blackbird,,2000,2000,2000,,720.0,,,HANDLEBAR_WIDTH,UNKNOWN,UNKNOWN,1,motorcyclespecs,https://www.motorcyclespecs.co.za/model/Honda/honda_cbr1100xx_00.html,LOW,REVIEW
MOTO-DIM-HONDA-CBR1100XXSUPERBLACKBIRD-0002,Honda,CBR1100XX Super Blackbird,,2005,2005,2005,,720.0,,,UNKNOWN,UNKNOWN,UNKNOWN,1,motorcyclespecs,https://www.motorcyclespecs.co.za/model/Honda/honda_cbr1100xx_05.html,LOW,REVIEW
MOTO-DIM-HONDA-CBR1100XXSUPERBLACKBIRD-0003,Honda,CBR1100XX Super Blackbird,,1999,1999,1999,,720.0,,,HANDLEBAR_WIDTH,UNKNOWN,UNKNOWN,1,motorcyclespecs,https://www.motorcyclespecs.co.za/model/Honda/honda_cbr1100xx_99.html,LOW,REVIEW
MOTO-DIM-HONDA-CBR1100XXSUPERBLACKBIRD-0004,Honda,CBR1100XX Super Blackbird,,2007,2007,2007,2160.0,,,,UNKNOWN,UNKNOWN,STANDARD,1,bikez,https://bikez.com/motorcycles/honda_cbr_1100_xx_super_blackbird_2007.php,LOW,REVIEW
MOTO-DIM-HONDA-CBR125R-0001,Honda,CBR125R,,"2007,2008",2007,2008,1920.0,675.0,1070.0,1070.0,UNKNOWN,UNKNOWN,STANDARD,2,motorcyclespecs,https://www.motorcyclespecs.co.za/model/Honda/honda_cbr125_08.html | https://www.motorcyclespecs.co.za/model/Honda/honda_cbr125r_07.html,LOW,REVIEW
MOTO-DIM-HONDA-CBR125R-0002,Honda,CBR125R,,"2016,2017",2016,2017,1946.0,704.0,1089.0,1089.0,UNKNOWN,UNKNOWN,UNKNOWN,2,motorcyclespecs | 1000ps,https://www.motorcyclespecs.co.za/model/Honda/honda_cbr125_16.html | https://www.1000ps.com/en-gb/model/1718/honda-cbr-125-r,LOW,REVIEW
MOTO-DIM-HONDA-CBR125R-0003,Honda,CBR125R,,2019,2019,2019,2026.0,765.0,1089.0,1089.0,UNKNOWN,UNKNOWN,STANDARD,1,bikez,https://bikez.com/motorcycles/honda_cbr125r______2019.php,LOW,REVIEW
MOTO-DIM-HONDA-CBR125R-0004,Honda,CBR125R,,2012,2012,2012,1946.0,704.0,1089.0,1089.0,UNKNOWN,UNKNOWN,STANDARD,1,bikez,https://bikez.com/motorcycles/honda_cbr125r_2012.php,LOW,REVIEW
MOTO-DIM-HONDA-CBR250REPSOL-0001,Honda,CBR250 Repsol,,"2013,2015",,,2035.0,720.0,1125.0,1125.0,UNKNOWN,UNKNOWN,UNKNOWN,2,motorcyclespecs,https://www.motorcyclespecs.co.za/model/Honda/honda_cbr250r_rep_15.html | https://www.motorcyclespecs.co.za/model/Honda/honda_cbr250r_repsol_13.html,LOW,REVIEW
MOTO-DIM-HONDA-CBR250REPSOL-0002,Honda,CBR250 Repsol,,2016,2016,2016,2035.0,,,,UNKNOWN,UNKNOWN,STANDARD,1,bikez,https://bikez.com/motorcycles/honda_cbr250r_repsol_2016.php,LOW,REVIEW
MOTO-DIM-HONDA-CBR250R-0001,Honda,CBR250R,,2014,2014,2014,2035.0,720.0,1125.0,1125.0,HANDLEBAR_WIDTH,UNKNOWN,UNKNOWN,1,motorcyclespecs,https://www.motorcyclespecs.co.za/model/Honda/honda_cbr250r_11.html,LOW,REVIEW
MOTO-DIM-HONDA-CBR250R-0002,Honda,CBR250R,,2015,2015,2015,2035.0,720.0,1125.0,1125.0,UNKNOWN,UNKNOWN,UNKNOWN,1,motorcyclespecs,https://www.motorcyclespecs.co.za/model/Honda/honda_cbr250r_15.html,LOW,REVIEW
MOTO-DIM-HONDA-CBR250R-0003,Honda,CBR250R,,2017,2017,2017,2030.0,710.0,1127.0,1127.0,UNKNOWN,UNKNOWN,UNKNOWN,1,1000ps,https://www.1000ps.com/en-gb/model/6437/honda-cbr-250-r,LOW,REVIEW
MOTO-DIM-HONDA-CBR250RREPSOL-0001,Honda,CBR250R Repsol,,"2013,2015",,,2035.0,720.0,1125.0,1125.0,UNKNOWN,UNKNOWN,UNKNOWN,2,motorcyclespecs,https://www.motorcyclespecs.co.za/model/Honda/honda_cbr250r_rep_15.html | https://www.motorcyclespecs.co.za/model/Honda/honda_cbr250r_repsol_13.html,LOW,REVIEW
MOTO-DIM-HONDA-CBR250RREPSOL-0002,Honda,CBR250R Repsol,,2016,2016,2016,2035.0,,,,UNKNOWN,UNKNOWN,STANDARD,1,bikez,https://bikez.com/motorcycles/honda_cbr250r_repsol_2016.php,LOW,REVIEW
MOTO-DIM-HONDA-CBR250RABS-0001,Honda,CBR250R ABS,,2017,2017,2017,2035.0,720.0,,,UNKNOWN,UNKNOWN,STANDARD,1,bikez,https://bikez.com/motorcycles/honda_cbr250r_abs_2017.php,MEDIUM,REVIEW
MOTO-DIM-HONDA-CBR250RABS-0002,Honda,CBR250R ABS,,2016,2016,2016,2035.0,720.0,,,UNKNOWN,UNKNOWN,STANDARD,1,bikez,https://bikez.com/motorcycles/honda_cbr250r_abs_2016.php,MEDIUM,REVIEW
MOTO-DIM-HONDA-CBR250RABS-0003,Honda,CBR250R ABS,,2014,2014,2014,2035.0,720.0,,,UNKNOWN,UNKNOWN,STANDARD,1,bikez,https://bikez.com/motorcycles/honda_cbr250r_abs_2014.php,MEDIUM,REVIEW
MOTO-DIM-HONDA-CBR300R-0001,Honda,CBR300R,,"2014,2015,2020",,,2035.0,720.0,1120.0,1120.0,UNKNOWN,UNKNOWN,STANDARD,3,motorcyclespecs,https://www.motorcyclespecs.co.za/model/Honda/Honda_cbr300r_15.html | https://www.motorcyclespecs.co.za/model/Honda/honda_cbr300_14.html | https://www.motorcyclespecs.co.za/model/Honda/honda_cbr300r_20.html,LOW,REVIEW
MOTO-DIM-HONDA-CBR500RABS-0001,Honda,CBR500R ABS,,2018,2018,2018,2080.0,790.0,1060.0,1060.0,UNKNOWN,UNKNOWN,STANDARD,1,bikez,https://bikez.com/motorcycles/honda_cbr500r_abs_2018.php,MEDIUM,REVIEW
MOTO-DIM-HONDA-CBR600F-0001,Honda,CBR600F,,2011,2011,2011,2060.0,685.0,1135.0,1135.0,HANDLEBAR_WIDTH,UNKNOWN,STANDARD,1,motorcyclespecs,https://www.motorcyclespecs.co.za/model/Honda/honda_cbr600f_11.html,LOW,REVIEW
MOTO-DIM-HONDA-CBR600F-0002,Honda,CBR600F,,1989,1989,1989,2130.0,,,,UNKNOWN,UNKNOWN,UNKNOWN,1,motorcyclespecs,https://www.motorcyclespecs.co.za/model/Honda/honda_cbr600f_89.html,LOW,REVIEW
MOTO-DIM-HONDA-CBR600F-0003,Honda,CBR600F,,1990,1990,1990,2130.0,,,,UNKNOWN,UNKNOWN,UNKNOWN,1,motorcyclespecs,https://www.motorcyclespecs.co.za/model/Honda/honda_cbr600f_90.html,LOW,REVIEW
MOTO-DIM-HONDA-CBR600F-0004,Honda,CBR600F,,2014,2014,2014,2150.0,740.0,1150.0,1150.0,UNKNOWN,UNKNOWN,UNKNOWN,1,1000ps,https://www.1000ps.com/en-gb/model/160/honda-cbr-600-f,LOW,REVIEW
MOTO-DIM-HONDA-CBR600F-0005,Honda,CBR600F,,2013,2013,2013,2150.0,740.0,1150.0,1150.0,UNKNOWN,UNKNOWN,STANDARD,1,bikez,https://bikez.com/motorcycles/honda_cbr600f_2013.php,LOW,REVIEW
MOTO-DIM-HONDA-CBR600FF2-0001,Honda,CBR600F F2,,1991,1991,1991,2150.0,,,,UNKNOWN,UNKNOWN,STANDARD,1,motorcyclespecs,https://www.motorcyclespecs.co.za/model/Honda/honda_cbr600f2_91.html,MEDIUM,REVIEW
MOTO-DIM-HONDA-CBR600FF2-0002,Honda,CBR600F F2,,1993,1993,1993,2150.0,,,,UNKNOWN,UNKNOWN,STANDARD,1,motorcyclespecs,https://www.motorcyclespecs.co.za/model/Honda/honda_cbr600f2_93.html,MEDIUM,REVIEW
MOTO-DIM-HONDA-CBR600FF2-0003,Honda,CBR600F F2,,1994,1994,1994,2150.0,,,,UNKNOWN,UNKNOWN,STANDARD,1,motorcyclespecs,https://www.motorcyclespecs.co.za/model/Honda/honda_cbr600f2_94.html,MEDIUM,REVIEW
MOTO-DIM-HONDA-CBR600FF3-0001,Honda,CBR600F F3,,"1995,1997,1998",,,2055.0,835.0,685.0,685.0,UNKNOWN,UNKNOWN,UNKNOWN,3,motorcyclespecs,https://www.motorcyclespecs.co.za/model/Honda/honda_cbr600f3_95.html | https://www.motorcyclespecs.co.za/model/Honda/honda_cbr600f3_97.html | https://www.motorcyclespecs.co.za/model/Honda/honda_cbr600f3_98.html,LOW,REVIEW
MOTO-DIM-HONDA-CBR600FF4-0001,Honda,CBR600F F4,,2000,2000,2000,2065.0,685.0,1135.0,1135.0,HANDLEBAR_WIDTH,UNKNOWN,UNKNOWN,1,motorcyclespecs,https://www.motorcyclespecs.co.za/model/Honda/honda_cbr600f4_00.html,LOW,REVIEW
MOTO-DIM-HONDA-CBR600FF4-0002,Honda,CBR600F F4,,1999,1999,1999,2065.0,685.0,1135.0,1135.0,UNKNOWN,UNKNOWN,UNKNOWN,1,motorcyclespecs,https://www.motorcyclespecs.co.za/model/Honda/honda_cbr600f4_99.html,LOW,REVIEW
MOTO-DIM-HONDA-CBR600FF4I-0001,Honda,CBR600F F4I,,"2003,2004",2003,2004,2060.0,685.0,1135.0,1135.0,UNKNOWN,UNKNOWN,UNKNOWN,2,motorcyclespecs,https://www.motorcyclespecs.co.za/model/Honda/honda_cbr600f4i%2004.htm | https://www.motorcyclespecs.co.za/model/Honda/honda_cbr600f4i_03.html,LOW,REVIEW
MOTO-DIM-HONDA-CBR600FF4I-0002,Honda,CBR600F F4I,,2001,2001,2001,2065.0,685.0,1135.0,1135.0,UNKNOWN,UNKNOWN,STANDARD,1,motorcyclespecs,https://www.motorcyclespecs.co.za/model/Honda/honda_cbr600f4_01.html,LOW,REVIEW
MOTO-DIM-HONDA-CBR600FHURRICANE-0001,Honda,CBR600F Hurricane,,1987,1987,1987,2050.0,,,,UNKNOWN,UNKNOWN,UNKNOWN,1,motorcyclespecs,https://www.motorcyclespecs.co.za/model/Honda/honda_cbr600f_87%20%20.html,MEDIUM,REVIEW
MOTO-DIM-HONDA-CBR600FHURRICANE-0002,Honda,CBR600F Hurricane,,1988,1988,1988,2050.0,,,,UNKNOWN,UNKNOWN,UNKNOWN,1,motorcyclespecs,https://www.motorcyclespecs.co.za/model/Honda/honda_cbr600f_88.html,MEDIUM,REVIEW
MOTO-DIM-HONDA-CBR600RR-0001,Honda,CBR600RR,,2024,2024,2024,2030.0,685.0,1140.0,1140.0,HANDLEBAR_WIDTH,UNKNOWN,STANDARD,1,motorcyclespecs,https://www.motorcyclespecs.co.za/model/Honda/honda-cbr600rr-2024.html,LOW,REVIEW
MOTO-DIM-HONDA-CBR600RR-0002,Honda,CBR600RR,,2003,2003,2003,2065.0,685.0,1135.0,1135.0,HANDLEBAR_WIDTH,UNKNOWN,STANDARD,1,motorcyclespecs,https://www.motorcyclespecs.co.za/model/Honda/honda_cbr600rr_03.html,LOW,REVIEW
MOTO-DIM-HONDA-CBR600RR-0003,Honda,CBR600RR,,2026,2026,2026,2030.0,685.0,1140.0,1140.0,UNKNOWN,UNKNOWN,UNKNOWN,1,1000ps,https://www.1000ps.com/en-gb/model/1259/honda-cbr600rr,LOW,REVIEW
MOTO-DIM-HONDA-CBR650F-0001,Honda,CBR650F,,2014,2014,2014,2110.0,755.0,1145.0,1145.0,HANDLEBAR_WIDTH,UNKNOWN,WITH_TOP_BOX,1,motorcyclespecs,https://www.motorcyclespecs.co.za/model/Honda/honda_cbr650f_14.html,LOW,REVIEW
MOTO-DIM-HONDA-CBR650F-0002,Honda,CBR650F,,"2016,2018",,,2110.0,755.0,1145.0,1145.0,HANDLEBAR_WIDTH,UNKNOWN,STANDARD,2,motorcyclespecs,https://www.motorcyclespecs.co.za/model/Honda/honda_cbr650f_16.htm | https://www.motorcyclespecs.co.za/model/Honda/honda_cbr650f_18.html,LOW,REVIEW
MOTO-DIM-HONDA-CBR650F-0003,Honda,CBR650F,,2019,2019,2019,2107.0,753.0,1149.0,1149.0,UNKNOWN,UNKNOWN,STANDARD,1,bikez,https://bikez.com/motorcycles/honda_cbr650f_2019.php,LOW,REVIEW
MOTO-DIM-HONDA-CBR650FABS-0001,Honda,CBR650F ABS,,2018,2018,2018,2110.0,775.0,1120.0,1120.0,UNKNOWN,UNKNOWN,STANDARD,1,bikez,https://bikez.com/motorcycles/honda_cbr650f_abs_2018.php,MEDIUM,REVIEW
MOTO-DIM-HONDA-CBR650R-0001,Honda,CBR650R,,"2023,2024",2023,2024,2131.0,749.3,1148.0,1148.0,HANDLEBAR_WIDTH,UNKNOWN,UNKNOWN,2,motorcyclespecs,https://www.motorcyclespecs.co.za/model/Honda/honda-cbr650r-2024.html | https://www.motorcyclespecs.co.za/model/Honda/honda-cbr650r-23.html,LOW,REVIEW
MOTO-DIM-HONDA-CBR650R-0002,Honda,CBR650R,,2020,2020,2020,2131.0,749.3,1148.0,1148.0,HANDLEBAR_WIDTH,UNKNOWN,STANDARD,1,motorcyclespecs,https://www.motorcyclespecs.co.za/model/Honda/honda_cbr650r_20.html,LOW,REVIEW
MOTO-DIM-HONDA-CBR650R-0003,Honda,CBR650R,,2026,2026,2026,2120.0,750.0,1150.0,1150.0,UNKNOWN,UNKNOWN,UNKNOWN,1,1000ps,https://www.1000ps.com/en-gb/model/9566/honda-cbr650r,LOW,REVIEW
MOTO-DIM-HONDA-CBR650R-0004,Honda,CBR650R,,2021,2021,2021,2120.0,750.0,1150.0,1150.0,UNKNOWN,UNKNOWN,STANDARD,1,bikez,https://bikez.com/motorcycles/honda_cbr650r_2021.php,LOW,REVIEW
MOTO-DIM-HONDA-CBR650R-0005,Honda,CBR650R,,2019,2019,2019,2110.0,775.0,1120.0,1120.0,UNKNOWN,UNKNOWN,STANDARD,1,bikez,https://bikez.com/motorcycles/honda_cbr650r_2019.php,LOW,REVIEW
MOTO-DIM-HONDA-CBR650RABS-0001,Honda,CBR650R ABS,,"2023,2024",2023,2024,2131.0,749.3,1148.0,1148.0,HANDLEBAR_WIDTH,UNKNOWN,UNKNOWN,2,motorcyclespecs,https://www.motorcyclespecs.co.za/model/Honda/honda-cbr650r-2024.html | https://www.motorcyclespecs.co.za/model/Honda/honda-cbr650r-23.html,LOW,REVIEW
MOTO-DIM-HONDA-CBR650RABS-0002,Honda,CBR650R ABS,,2020,2020,2020,2131.0,749.3,1148.0,1148.0,HANDLEBAR_WIDTH,UNKNOWN,STANDARD,1,motorcyclespecs,https://www.motorcyclespecs.co.za/model/Honda/honda_cbr650r_20.html,LOW,REVIEW
MOTO-DIM-HONDA-CBR650RABS-0003,Honda,CBR650R ABS,,2026,2026,2026,2120.0,750.0,1150.0,1150.0,UNKNOWN,UNKNOWN,UNKNOWN,1,1000ps,https://www.1000ps.com/en-gb/model/9566/honda-cbr650r,LOW,REVIEW
MOTO-DIM-HONDA-CBR650RABS-0004,Honda,CBR650R ABS,,2021,2021,2021,2120.0,750.0,1150.0,1150.0,UNKNOWN,UNKNOWN,STANDARD,1,bikez,https://bikez.com/motorcycles/honda_cbr650r_2021.php,LOW,REVIEW
MOTO-DIM-HONDA-CBR650RABS-0005,Honda,CBR650R ABS,,2019,2019,2019,2110.0,775.0,1120.0,1120.0,UNKNOWN,UNKNOWN,STANDARD,1,bikez,https://bikez.com/motorcycles/honda_cbr650r_2019.php,LOW,REVIEW
MOTO-DIM-HONDA-CBR650RECLUTCH-0001,Honda,CBR650R E-Clutch,,2026,2026,2026,2120.0,750.0,1150.0,1150.0,UNKNOWN,UNKNOWN,UNKNOWN,1,1000ps,https://www.1000ps.com/en-gb/model/12247/honda-cbr650r-e-clutch,MEDIUM,REVIEW
MOTO-DIM-HONDA-CBX250-0001,Honda,CBX250,,1982,1982,1982,,,760.0,760.0,UNKNOWN,UNKNOWN,STANDARD,1,motorcyclespecs,https://www.motorcyclespecs.co.za/model/Honda/honda_cbx250_83.html,MEDIUM,REVIEW
MOTO-DIM-HONDA-CBX250TWISTER-0001,Honda,CBX250 TWISTER,,1997,1997,1997,,,760.0,760.0,UNKNOWN,UNKNOWN,STANDARD,1,motorcyclespecs,https://www.motorcyclespecs.co.za/model/Honda/honda_cbx250_twister.htm,LOW,REVIEW
MOTO-DIM-HONDA-CBX250TWISTER-0002,Honda,CBX250 TWISTER,,2006,2006,2006,2031.0,746.0,1057.0,1057.0,UNKNOWN,UNKNOWN,STANDARD,1,bikez,https://bikez.com/motorcycles/honda_cbx_250_twister_2006.php,LOW,REVIEW
MOTO-DIM-HONDA-CH125ELITE-0001,Honda,CH125 Elite,,2022,2022,2022,1785.0,694.0,1139.0,1139.0,UNKNOWN,UNKNOWN,STANDARD,1,bikez,https://bikez.com/motorcycles/honda_elite_125_2022.php,MEDIUM,REVIEW
MOTO-DIM-HONDA-CH150ELITE-0001,Honda,CH150 Elite,,1985,1985,1985,1940.0,660.0,1163.0,1163.0,UNKNOWN,UNKNOWN,STANDARD,1,bikez,https://bikez.com/motorcycles/honda_elite_150_1985.php,MEDIUM,REVIEW
MOTO-DIM-HONDA-CH150DELITEDELUXE-0001,Honda,CH150D Elite Deluxe,,1985,1985,1985,1940.0,660.0,1163.0,1163.0,UNKNOWN,UNKNOWN,STANDARD,1,bikez,https://bikez.com/motorcycles/honda_elite_150_1985.php,MEDIUM,REVIEW
MOTO-DIM-HONDA-CL125A-0001,Honda,CL125A,,2015,2015,2015,2050.0,751.0,1056.0,1056.0,UNKNOWN,UNKNOWN,STANDARD,1,bikez,https://bikez.com/motorcycles/honda_cb125cl_2015.php,MEDIUM,REVIEW
MOTO-DIM-HONDA-CL175SCRAMBLER-0001,Honda,CL175 Scrambler,,1972,1972,1972,1966.0,826.0,1052.0,1052.0,UNKNOWN,UNKNOWN,STANDARD,1,bikez,https://bikez.com/motorcycles/honda_cl_175_1972.php,MEDIUM,REVIEW
MOTO-DIM-HONDA-CL350SCRAMBLER-0001,Honda,CL350 Scrambler,,"1968,2070",,,2101.0,831.0,1090.0,1090.0,UNKNOWN,UNKNOWN,UNKNOWN,2,motorcyclespecs,https://www.motorcyclespecs.co.za/model/Honda/honda_cl350%2070.htm | https://www.motorcyclespecs.co.za/model/Honda/honda_cl350_68.html,LOW,REVIEW
MOTO-DIM-HONDA-CL350SCRAMBLER-0002,Honda,CL350 Scrambler,,1973,1973,1973,2020.0,830.0,1090.0,1090.0,UNKNOWN,UNKNOWN,STANDARD,1,bikez,https://bikez.com/motorcycles/honda_cl350_1973.php,LOW,REVIEW
MOTO-DIM-HONDA-CM450AHONDAMATIC-0001,Honda,CM450A Hondamatic,,1982,1982,1982,,855.0,,,UNKNOWN,UNKNOWN,STANDARD,1,bikez,https://bikez.com/motorcycles/honda_cm_450_a_hondamatic_1982.php,MEDIUM,REVIEW
MOTO-DIM-HONDA-CM450CCUSTOM-0001,Honda,CM450C Custom,,1982,1982,1982,2145.0,855.0,1180.0,1180.0,UNKNOWN,UNKNOWN,STANDARD,1,bikez,https://bikez.com/motorcycles/honda_cm_450_custom_1982.php,MEDIUM,REVIEW
MOTO-DIM-HONDA-CMX1100REBEL1100-0001,Honda,CMX1100 Rebel 1100,,2026,2026,2026,2240.0,850.0,1125.0,1125.0,UNKNOWN,UNKNOWN,UNKNOWN,1,1000ps,https://www.1000ps.com/en-gb/model/10368/honda-cmx1100-rebel,MEDIUM,REVIEW
MOTO-DIM-HONDA-CMX1100REBEL1100DCT-0001,Honda,CMX1100 Rebel 1100 DCT,,2025,2025,2025,2240.0,850.0,1125.0,1125.0,HANDLEBAR_WIDTH,UNKNOWN,STANDARD,1,motorcyclespecs,https://www.motorcyclespecs.co.za/model/Honda/honda-cmx1100-rebel-2025.html,LOW,REVIEW
MOTO-DIM-HONDA-CMX1100REBEL1100DCT-0002,Honda,CMX1100 Rebel 1100 DCT,,2023,2023,2023,2240.0,853.0,1115.0,1115.0,HANDLEBAR_WIDTH,UNKNOWN,STANDARD,1,motorcyclespecs,https://www.motorcyclespecs.co.za/model/Honda/honda-cmx1100-rebel-2023.html,LOW,REVIEW
MOTO-DIM-HONDA-CMX1100REBEL1100DCT-0003,Honda,CMX1100 Rebel 1100 DCT,,2026,2026,2026,2240.0,850.0,1125.0,1125.0,UNKNOWN,UNKNOWN,UNKNOWN,1,1000ps,https://www.1000ps.com/en-gb/model/10369/honda-cmx1100-rebel-dct,LOW,REVIEW
MOTO-DIM-HONDA-CMX1100REBEL1100DCT-0004,Honda,CMX1100 Rebel 1100 DCT,,2021,2021,2021,2240.0,834.0,1115.0,1115.0,UNKNOWN,UNKNOWN,STANDARD,1,bikez,https://bikez.com/motorcycles/honda_cmx1100_rebel_dct_2021.php,LOW,REVIEW
MOTO-DIM-HONDA-CMX1100REBEL1100SE-0001,Honda,CMX1100 Rebel 1100 SE,,2025,2025,2025,2240.0,850.0,1125.0,1125.0,UNKNOWN,UNKNOWN,UNKNOWN,1,1000ps,https://www.1000ps.com/en-gb/model/12718/honda-cmx1100-rebel-se,MEDIUM,REVIEW
MOTO-DIM-HONDA-CMX1100REBEL1100T-0001,Honda,CMX1100 Rebel 1100T,,2026,2026,2026,2240.0,850.0,1125.0,1125.0,UNKNOWN,UNKNOWN,UNKNOWN,1,1000ps,https://www.1000ps.com/en-gb/model/11388/honda-cmx1100t-rebel,MEDIUM,REVIEW
MOTO-DIM-HONDA-CMX1100REBEL1100TDCT-0001,Honda,CMX1100 Rebel 1100T DCT,,2023,2023,2023,2240.0,848.0,1181.0,1181.0,HANDLEBAR_WIDTH,UNKNOWN,STANDARD,1,motorcyclespecs,https://www.motorcyclespecs.co.za/model/Honda/honda-cmx1100t-rebel-2023.html,LOW,REVIEW
MOTO-DIM-HONDA-CMX1100REBEL1100TDCT-0002,Honda,CMX1100 Rebel 1100T DCT,,2026,2026,2026,2240.0,850.0,1125.0,1125.0,UNKNOWN,UNKNOWN,UNKNOWN,1,1000ps,https://www.1000ps.com/en-gb/model/11966/honda-cmx1100t-rebel-dct,LOW,REVIEW
MOTO-DIM-HONDA-CMX300REBEL300-0001,Honda,CMX300 Rebel 300,,2020,2020,2020,2189.0,,1089.6,1089.6,UNKNOWN,UNKNOWN,STANDARD,1,motorcyclespecs,https://www.motorcyclespecs.co.za/model/Honda/honda_rebel_300_20.html,MEDIUM,REVIEW
MOTO-DIM-HONDA-CMX300REBEL300-0002,Honda,CMX300 Rebel 300,,2021,2021,2021,2189.0,,1089.6,1089.6,UNKNOWN,UNKNOWN,STANDARD,1,motorcyclespecs,https://www.motorcyclespecs.co.za/model/Honda/honda_rebel_300_21.html,MEDIUM,REVIEW
MOTO-DIM-HONDA-CMX300REBEL300ECLUTCH-0001,Honda,CMX300 Rebel 300 E-Clutch,,2020,2020,2020,2189.0,,1089.6,1089.6,UNKNOWN,UNKNOWN,STANDARD,1,motorcyclespecs,https://www.motorcyclespecs.co.za/model/Honda/honda_rebel_300_20.html,MEDIUM,REVIEW
MOTO-DIM-HONDA-CMX300REBEL300ECLUTCH-0002,Honda,CMX300 Rebel 300 E-Clutch,,2021,2021,2021,2189.0,,1089.6,1089.6,UNKNOWN,UNKNOWN,STANDARD,1,motorcyclespecs,https://www.motorcyclespecs.co.za/model/Honda/honda_rebel_300_21.html,MEDIUM,REVIEW
MOTO-DIM-HONDA-CMX450CREBEL-0001,Honda,CMX450C Rebel,,1986,1986,1986,2230.0,800.0,1170.0,1170.0,UNKNOWN,UNKNOWN,STANDARD,1,bikez,https://bikez.com/motorcycles/honda_cmx_450_rebel_1986.php,MEDIUM,REVIEW
MOTO-DIM-HONDA-CMX500REBEL500-0001,Honda,CMX500 Rebel 500,,2025,2025,2025,2205.0,810.0,1090.0,1090.0,HANDLEBAR_WIDTH,UNKNOWN,STANDARD,1,motorcyclespecs,https://www.motorcyclespecs.co.za/model/Honda/honda-rebel-500-2025.html,LOW,REVIEW
MOTO-DIM-HONDA-CMX500REBEL500-0002,Honda,CMX500 Rebel 500,,2026,2026,2026,2188.0,820.0,1094.0,1094.0,UNKNOWN,UNKNOWN,UNKNOWN,1,1000ps,https://www.1000ps.com/en-gb/model/8849/honda-cmx500-rebel,LOW,REVIEW
MOTO-DIM-HONDA-CMX500REBEL500-0003,Honda,CMX500 Rebel 500,,"2022,2023",2022,2023,2205.0,820.0,1090.0,1090.0,UNKNOWN,UNKNOWN,STANDARD,2,bikez,https://bikez.com/motorcycles/honda_cmx500_rebel_2023.php | https://bikez.com/motorcycles/honda_cmx500_rebel_2022.php,LOW,REVIEW
MOTO-DIM-HONDA-CMX500REBEL500-0004,Honda,CMX500 Rebel 500,,2018,2018,2018,2188.0,820.0,1094.0,1094.0,UNKNOWN,UNKNOWN,STANDARD,1,bikez,https://bikez.com/motorcycles/honda_cmx500_rebel_2018.php,LOW,REVIEW
MOTO-DIM-HONDA-CMX500REBEL500ABS-0001,Honda,CMX500 Rebel 500 ABS,,2025,2025,2025,2205.0,810.0,1090.0,1090.0,HANDLEBAR_WIDTH,UNKNOWN,STANDARD,1,motorcyclespecs,https://www.motorcyclespecs.co.za/model/Honda/honda-rebel-500-2025.html,LOW,REVIEW
MOTO-DIM-HONDA-CMX500REBEL500ABS-0002,Honda,CMX500 Rebel 500 ABS,,2026,2026,2026,2188.0,820.0,1094.0,1094.0,UNKNOWN,UNKNOWN,UNKNOWN,1,1000ps,https://www.1000ps.com/en-gb/model/8849/honda-cmx500-rebel,LOW,REVIEW
MOTO-DIM-HONDA-CMX500REBEL500ABS-0003,Honda,CMX500 Rebel 500 ABS,,"2022,2023",2022,2023,2205.0,820.0,1090.0,1090.0,UNKNOWN,UNKNOWN,STANDARD,2,bikez,https://bikez.com/motorcycles/honda_cmx500_rebel_2023.php | https://bikez.com/motorcycles/honda_cmx500_rebel_2022.php,LOW,REVIEW
MOTO-DIM-HONDA-CMX500REBEL500ABS-0004,Honda,CMX500 Rebel 500 ABS,,2018,2018,2018,2188.0,820.0,1094.0,1094.0,UNKNOWN,UNKNOWN,STANDARD,1,bikez,https://bikez.com/motorcycles/honda_cmx500_rebel_2018.php,LOW,REVIEW
MOTO-DIM-HONDA-CR80R-0001,Honda,CR80R,,2003,2003,2003,1812.0,772.0,,,UNKNOWN,UNKNOWN,STANDARD,1,bikez,https://bikez.com/motorcycles/honda_cr_80_r_2003.php,MEDIUM,REVIEW
MOTO-DIM-HONDA-CRF1000LAFRICATWINDCT-0001,Honda,CRF1000L Africa Twin DCT,,2016,2016,2016,2334.2,929.6,1475.7,1475.7,HANDLEBAR_WIDTH,WINDSCREEN_HIGH,WITH_TOP_BOX,1,motorcyclespecs,https://www.motorcyclespecs.co.za/model/Honda/honda_crf%201000l%20africa%20twin%2016.htm,LOW,REVIEW
MOTO-DIM-HONDA-CRF1000LAFRICATWINDCT-0002,Honda,CRF1000L Africa Twin DCT,,"2018,2019",2018,2019,2334.2,929.6,1475.7,1475.7,HANDLEBAR_WIDTH,UNKNOWN,STANDARD,2,motorcyclespecs,https://www.motorcyclespecs.co.za/model/Honda/honda_crf%201000l_africa_twin_18.htm | https://www.motorcyclespecs.co.za/model/Honda/honda_crf1000l_africa_twin_19.html,LOW,REVIEW
MOTO-DIM-HONDA-CRF1000LAFRICATWINDCT-0003,Honda,CRF1000L Africa Twin DCT,,2017,2017,2017,1575.0,,,,UNKNOWN,UNKNOWN,STANDARD,1,bikez,https://bikez.com/motorcycles/honda_crf1000l_africa_twin_dct_2017.php,LOW,REVIEW
MOTO-DIM-HONDA-CRF1000L2AFRICATWINADVENTURESPORTS-0001,Honda,CRF1000L2 Africa Twin Adventure Sports,,2018,2018,2018,2340.0,929.6,1570.0,1570.0,HANDLEBAR_WIDTH,UNKNOWN,STANDARD,1,motorcyclespecs,https://www.motorcyclespecs.co.za/model/Honda/honda_crf%201000l%20africa%20twin_adventure_sports.htm,MEDIUM,REVIEW
MOTO-DIM-HONDA-CRF1000L2AFRICATWINADVENTURESPORTSDCT-0001,Honda,CRF1000L2 Africa Twin Adventure Sports DCT,,2018,2018,2018,2340.0,929.6,1570.0,1570.0,HANDLEBAR_WIDTH,UNKNOWN,STANDARD,1,motorcyclespecs,https://www.motorcyclespecs.co.za/model/Honda/honda_crf%201000l%20africa%20twin_adventure_sports.htm,MEDIUM,REVIEW
MOTO-DIM-HONDA-CRF100F-0001,Honda,CRF100F,,2014,2014,2014,1853.0,786.0,1046.0,1046.0,UNKNOWN,UNKNOWN,UNKNOWN,1,1000ps,https://www.1000ps.com/en-gb/model/1877/honda-crf-100-f,MEDIUM,REVIEW
MOTO-DIM-HONDA-CRF1100AAFRICATWIN-0001,Honda,CRF1100A Africa Twin,,2026,2026,2026,2330.0,960.0,1485.0,1485.0,UNKNOWN,UNKNOWN,STANDARD,1,1000ps,https://www.1000ps.com/en-gb/model/9895/honda-crf1100l-africa-twin,MEDIUM,REVIEW
MOTO-DIM-HONDA-CRF1100DAFRICATWIN-0001,Honda,CRF1100D Africa Twin,,2026,2026,2026,2330.0,960.0,1485.0,1485.0,UNKNOWN,UNKNOWN,STANDARD,1,1000ps,https://www.1000ps.com/en-gb/model/9895/honda-crf1100l-africa-twin,MEDIUM,REVIEW
MOTO-DIM-HONDA-CRF1100LAFRICATWIN-0001,Honda,CRF1100L Africa Twin,,2026,2026,2026,2330.0,960.0,1485.0,1485.0,UNKNOWN,UNKNOWN,STANDARD,1,1000ps,https://www.1000ps.com/en-gb/model/9895/honda-crf1100l-africa-twin,MEDIUM,REVIEW
MOTO-DIM-HONDA-CRF1100LAFRICATWINDCT-0001,Honda,CRF1100L Africa Twin DCT,,2026,2026,2026,2330.0,960.0,1475.0,1475.0,HANDLEBAR_WIDTH,UNKNOWN,WITH_TOP_BOX,1,motorcyclespecs,https://www.motorcyclespecs.co.za/model/Honda/honda-crf-1100l-africa-twin-2026.html,LOW,REVIEW
MOTO-DIM-HONDA-CRF1100LAFRICATWINDCT-0002,Honda,CRF1100L Africa Twin DCT,,2023,2023,2023,2330.0,960.0,1395.0,1395.0,UNKNOWN,UNKNOWN,UNKNOWN,1,motorcyclespecs,https://www.motorcyclespecs.co.za/model/Honda/honda-crf-1100l-africa-twin-23.html,LOW,REVIEW
MOTO-DIM-HONDA-CRF1100LAFRICATWINDCT-0003,Honda,CRF1100L Africa Twin DCT,,2021,2021,2021,2334.0,961.0,1391.0,1391.0,HANDLEBAR_WIDTH,UNKNOWN,WITH_TOP_BOX,1,motorcyclespecs,https://www.motorcyclespecs.co.za/model/Honda/honda_crf_1100l_africa_twin_21.html,LOW,REVIEW
MOTO-DIM-HONDA-CRF110F-0001,Honda,CRF110F,,2026,2026,2026,1541.0,678.0,992.0,992.0,UNKNOWN,UNKNOWN,UNKNOWN,1,1000ps,https://www.1000ps.com/en-gb/model/7190/honda-crf110f,MEDIUM,REVIEW
MOTO-DIM-HONDA-CRF125F-0001,Honda,CRF125F,,2026,2026,2026,1770.0,740.0,1010.0,1010.0,UNKNOWN,UNKNOWN,UNKNOWN,1,1000ps,https://www.1000ps.com/en-gb/model/7511/honda-crf125f,MEDIUM,REVIEW
MOTO-DIM-HONDA-CRF125FBBIGWHEEL-0001,Honda,CRF125FB Big Wheel,,2016,2016,2016,1869.0,740.0,1075.0,1075.0,UNKNOWN,UNKNOWN,STANDARD,1,bikez,https://bikez.com/motorcycles/honda_crf125fb_2016.php,MEDIUM,REVIEW
MOTO-DIM-HONDA-CRF150F-0001,Honda,CRF150F,,2010,2010,2010,1900.0,770.0,1171.0,1171.0,UNKNOWN,UNKNOWN,UNKNOWN,1,1000ps,https://www.1000ps.com/en-gb/model/2652/honda-crf-150-f,MEDIUM,REVIEW
MOTO-DIM-HONDA-CRF150R-0001,Honda,CRF150R,,2026,2026,2026,1899.0,769.0,1170.0,1170.0,UNKNOWN,UNKNOWN,UNKNOWN,1,1000ps,https://www.1000ps.com/en-gb/model/8234/honda-crf150r,MEDIUM,REVIEW
MOTO-DIM-HONDA-CRF230F-0001,Honda,CRF230F,,2020,2020,2020,2059.0,801.0,1190.0,1190.0,UNKNOWN,UNKNOWN,STANDARD,1,bikez,https://bikez.com/motorcycles/honda_crf230f_2020.php,MEDIUM,REVIEW
MOTO-DIM-HONDA-CRF250L-0001,Honda,CRF250L,,"2012,2016",,,2195.0,815.0,1195.0,1195.0,UNKNOWN,UNKNOWN,UNKNOWN,2,motorcyclespecs,https://www.motorcyclespecs.co.za/model/Honda/honda_crf250L%2016.htm | https://www.motorcyclespecs.co.za/model/Honda/honda_crf250L%2012.htm,LOW,REVIEW
MOTO-DIM-HONDA-CRF250L-0002,Honda,CRF250L,,"2013,2017",,,2195.0,815.0,1195.0,1195.0,UNKNOWN,UNKNOWN,STANDARD,2,motorcyclespecs | bikez,https://www.motorcyclespecs.co.za/model/Honda/honda_crf250L%20abs_17.htm | https://bikez.com/motorcycles/honda_crf250l_2013.php,LOW,REVIEW
MOTO-DIM-HONDA-CRF250L-0003,Honda,CRF250L,,2020,2020,2020,2195.0,815.0,1195.0,1195.0,HANDLEBAR_WIDTH,UNKNOWN,UNKNOWN,1,1000ps,https://www.1000ps.com/en-gb/model/7103/honda-crf250l,LOW,REVIEW
MOTO-DIM-HONDA-CRF250LABS-0001,Honda,CRF250L ABS,,2017,2017,2017,2195.0,815.0,1195.0,1195.0,UNKNOWN,UNKNOWN,STANDARD,1,bikez,https://bikez.com/motorcycles/honda_crf250l_abs_2017.php,MEDIUM,REVIEW
MOTO-DIM-HONDA-CRF250R-0001,Honda,CRF250R,,2026,2026,2026,2179.0,827.0,1262.0,1262.0,UNKNOWN,UNKNOWN,UNKNOWN,1,1000ps,https://www.1000ps.com/en-gb/model/1535/honda-crf250r,MEDIUM,REVIEW
MOTO-DIM-HONDA-CRF250X-0001,Honda,CRF250X,,2015,2015,2015,2174.0,827.0,1261.0,1261.0,HANDLEBAR_WIDTH,UNKNOWN,UNKNOWN,1,motorcyclespecs,https://www.motorcyclespecs.co.za/model/Honda/honda_crf250x%2015.htm,LOW,REVIEW
MOTO-DIM-HONDA-CRF250X-0002,Honda,CRF250X,,"2011,2019",,,2174.0,827.0,1261.0,1261.0,UNKNOWN,UNKNOWN,STANDARD,2,motorcyclespecs | bikez,https://www.motorcyclespecs.co.za/model/Honda/honda_crf250x%2011.htm | https://bikez.com/motorcycles/honda_crf250x_2019.php,LOW,REVIEW
MOTO-DIM-HONDA-CRF250X-0003,Honda,CRF250X,,2007,2007,2007,2174.0,827.0,1261.0,1261.0,HANDLEBAR_WIDTH,UNKNOWN,STANDARD,1,motorcyclespecs,https://www.motorcyclespecs.co.za/model/Honda/honda_crf250x%2007.htm,LOW,REVIEW
MOTO-DIM-HONDA-CRF300F-0001,Honda,CRF300F,,"2021,2025",,,2230.0,820.0,1200.0,1200.0,HANDLEBAR_WIDTH,UNKNOWN,WITH_TOP_BOX,2,motorcyclespecs,https://www.motorcyclespecs.co.za/model/Honda/honda-crf300l-2025.html | https://www.motorcyclespecs.co.za/model/Honda/honda_crf300l_21.html,LOW,REVIEW
MOTO-DIM-HONDA-CRF300F-0002,Honda,CRF300F,,2026,2026,2026,2230.0,900.0,1205.0,1205.0,UNKNOWN,UNKNOWN,UNKNOWN,1,1000ps,https://www.1000ps.com/en-gb/model/10384/honda-crf300l,LOW,REVIEW
MOTO-DIM-HONDA-CRF300F-0003,Honda,CRF300F,,,,,2230.0,820.0,1200.0,1200.0,UNKNOWN,UNKNOWN,UNKNOWN,1,bikedekho,https://www.bikedekho.com/honda/crf300l/specifications,LOW,REVIEW
MOTO-DIM-HONDA-CRF300F-0004,Honda,CRF300F,,"2022,2023",2022,2023,2230.0,820.0,1200.0,1200.0,UNKNOWN,UNKNOWN,STANDARD,2,bikez,https://bikez.com/motorcycles/honda_crf300l_2023.php | https://bikez.com/motorcycles/honda_crf300l_2022.php,LOW,REVIEW
MOTO-DIM-HONDA-CRF300L-0001,Honda,CRF300L,,"2021,2025",,,2230.0,820.0,1200.0,1200.0,HANDLEBAR_WIDTH,UNKNOWN,WITH_TOP_BOX,2,motorcyclespecs,https://www.motorcyclespecs.co.za/model/Honda/honda-crf300l-2025.html | https://www.motorcyclespecs.co.za/model/Honda/honda_crf300l_21.html,LOW,REVIEW
MOTO-DIM-HONDA-CRF300L-0002,Honda,CRF300L,,2026,2026,2026,2230.0,900.0,1205.0,1205.0,UNKNOWN,UNKNOWN,UNKNOWN,1,1000ps,https://www.1000ps.com/en-gb/model/10384/honda-crf300l,LOW,REVIEW
MOTO-DIM-HONDA-CRF300L-0003,Honda,CRF300L,,,,,2230.0,820.0,1200.0,1200.0,UNKNOWN,UNKNOWN,UNKNOWN,1,bikedekho,https://www.bikedekho.com/honda/crf300l/specifications,LOW,REVIEW
MOTO-DIM-HONDA-CRF300L-0004,Honda,CRF300L,,"2022,2023",2022,2023,2230.0,820.0,1200.0,1200.0,UNKNOWN,UNKNOWN,STANDARD,2,bikez,https://bikez.com/motorcycles/honda_crf300l_2023.php | https://bikez.com/motorcycles/honda_crf300l_2022.php,LOW,REVIEW
MOTO-DIM-HONDA-CRF300LABS-0001,Honda,CRF300L ABS,,"2021,2025",,,2230.0,820.0,1200.0,1200.0,HANDLEBAR_WIDTH,UNKNOWN,WITH_TOP_BOX,2,motorcyclespecs,https://www.motorcyclespecs.co.za/model/Honda/honda-crf300l-2025.html | https://www.motorcyclespecs.co.za/model/Honda/honda_crf300l_21.html,LOW,REVIEW
MOTO-DIM-HONDA-CRF300LABS-0002,Honda,CRF300L ABS,,2026,2026,2026,2230.0,900.0,1205.0,1205.0,UNKNOWN,UNKNOWN,UNKNOWN,1,1000ps,https://www.1000ps.com/en-gb/model/10384/honda-crf300l,LOW,REVIEW
MOTO-DIM-HONDA-CRF300LABS-0003,Honda,CRF300L ABS,,,,,2230.0,820.0,1200.0,1200.0,UNKNOWN,UNKNOWN,UNKNOWN,1,bikedekho,https://www.bikedekho.com/honda/crf300l/specifications,LOW,REVIEW
MOTO-DIM-HONDA-CRF300LABS-0004,Honda,CRF300L ABS,,"2022,2023",2022,2023,2230.0,820.0,1200.0,1200.0,UNKNOWN,UNKNOWN,STANDARD,2,bikez,https://bikez.com/motorcycles/honda_crf300l_2023.php | https://bikez.com/motorcycles/honda_crf300l_2022.php,LOW,REVIEW
MOTO-DIM-HONDA-CRF300LRALLY-0001,Honda,CRF300L Rally,,2023,2023,2023,2230.0,820.0,1200.0,1200.0,UNKNOWN,UNKNOWN,STANDARD,1,bikez,https://bikez.com/motorcycles/honda_crf300l_rally_2023.php,MEDIUM,REVIEW
MOTO-DIM-HONDA-CRF300LRALLYABS-0001,Honda,CRF300L Rally ABS,,2023,2023,2023,2230.0,820.0,1200.0,1200.0,UNKNOWN,UNKNOWN,STANDARD,1,bikez,https://bikez.com/motorcycles/honda_crf300l_rally_2023.php,MEDIUM,REVIEW
MOTO-DIM-HONDA-CRF450L-0001,Honda,CRF450L,,2018,2018,2018,2191.0,827.0,,,UNKNOWN,UNKNOWN,STANDARD,1,motorcyclespecs,https://www.motorcyclespecs.co.za/model/Honda/honda_crf450L_18.htm,LOW,REVIEW
MOTO-DIM-HONDA-CRF450L-0002,Honda,CRF450L,,"2019,2020",2019,2020,2280.0,825.0,1260.0,1260.0,UNKNOWN,UNKNOWN,UNKNOWN,2,1000ps,https://www.1000ps.com/en-gb/model/9431/honda-crf450l | https://www.1000ps.com/en-gb/model/9819/honda-crf-450-l,LOW,REVIEW
MOTO-DIM-HONDA-CRF450R-0001,Honda,CRF450R,,2026,2026,2026,2183.0,827.0,1265.0,1265.0,UNKNOWN,UNKNOWN,UNKNOWN,1,1000ps,https://www.1000ps.com/en-gb/model/1007/honda-crf450r,MEDIUM,REVIEW
MOTO-DIM-HONDA-CRF450R50THANNIVERSARYEDITION-0001,Honda,CRF450R 50th Anniversary Edition,,2023,2023,2023,2182.0,827.0,1267.0,1267.0,HANDLEBAR_WIDTH,UNKNOWN,STANDARD,1,bikez,https://bikez.com/motorcycles/honda_crf450r_50_anniversary_2023.php,MEDIUM,REVIEW
MOTO-DIM-HONDA-CRF450RL-0001,Honda,CRF450RL,,"2021,2023",,,2191.0,827.0,1271.0,1271.0,UNKNOWN,UNKNOWN,STANDARD,2,bikez,https://bikez.com/motorcycles/honda_crf450rl_2021.php | https://bikez.com/motorcycles/honda_crf450rl_2023.php,LOW,REVIEW
MOTO-DIM-HONDA-CRF450RX-0001,Honda,CRF450RX,,2021,2021,2021,2182.0,839.0,1282.0,1282.0,UNKNOWN,UNKNOWN,UNKNOWN,1,1000ps,https://www.1000ps.com/en-gb/model/8732/honda-crf-450-rx,MEDIUM,REVIEW
MOTO-DIM-HONDA-CRF450X-0001,Honda,CRF450X,,2015,2015,2015,2178.0,821.0,1273.0,1273.0,HANDLEBAR_WIDTH,UNKNOWN,UNKNOWN,1,motorcyclespecs,https://www.motorcyclespecs.co.za/model/Honda/honda_crf450x%2015.htm,LOW,REVIEW
MOTO-DIM-HONDA-CRF450X-0002,Honda,CRF450X,,2009,2009,2009,2178.0,821.0,1273.0,1273.0,HANDLEBAR_WIDTH,UNKNOWN,STANDARD,1,motorcyclespecs,https://www.motorcyclespecs.co.za/model/Honda/honda_crf450x%2009.htm,LOW,REVIEW
MOTO-DIM-HONDA-CRF450X-0003,Honda,CRF450X,,2005,2005,2005,2178.0,821.0,1273.0,1273.0,UNKNOWN,UNKNOWN,STANDARD,1,motorcyclespecs,https://www.motorcyclespecs.co.za/model/Honda/honda_crf450x%2005.htm,LOW,REVIEW
MOTO-DIM-HONDA-CRF50F-0001,Honda,CRF50F,,2026,2026,2026,1298.0,581.0,775.0,775.0,UNKNOWN,UNKNOWN,UNKNOWN,1,1000ps,https://www.1000ps.com/en-gb/model/1723/honda-crf-50-f,MEDIUM,REVIEW
MOTO-DIM-HONDA-CRF70F-0001,Honda,CRF70F,,2014,2014,2014,1569.0,694.0,885.0,885.0,UNKNOWN,UNKNOWN,UNKNOWN,1,1000ps,https://www.1000ps.com/en-gb/model/1879/honda-crf-70-f,MEDIUM,REVIEW
MOTO-DIM-HONDA-CRUISING125-0001,Honda,CRUISING 125,,2014,2014,2014,2090.0,745.0,1439.0,1439.0,UNKNOWN,UNKNOWN,STANDARD,1,bikez,https://bikez.com/motorcycles/honda_s-wing_125_2014.php,MEDIUM,REVIEW
MOTO-DIM-HONDA-CTX1300-0001,Honda,CTX1300,,2014,2014,2014,2195.0,790.0,1440.0,1440.0,HANDLEBAR_WIDTH,UNKNOWN,STANDARD,1,motorcyclespecs,https://www.motorcyclespecs.co.za/model/Honda/honda_ctx_1300_14.html,LOW,REVIEW
MOTO-DIM-HONDA-CTX1300-0002,Honda,CTX1300,,2017,2017,2017,2380.0,940.0,1170.0,1170.0,UNKNOWN,UNKNOWN,UNKNOWN,1,1000ps,https://www.1000ps.com/en-gb/model/7563/honda-ctx-1300,LOW,REVIEW
MOTO-DIM-HONDA-CTX1300-0003,Honda,CTX1300,,"2016,2019",,,2380.0,940.0,1170.0,1170.0,UNKNOWN,UNKNOWN,STANDARD,2,bikez,https://bikez.com/motorcycles/honda_ctx1300_2019.php | https://bikez.com/motorcycles/honda_ctx1300_2016.php,LOW,REVIEW
MOTO-DIM-HONDA-CTX1300DDELUXE-0001,Honda,CTX1300D Deluxe,,2018,2018,2018,2380.0,940.0,1170.0,1170.0,UNKNOWN,UNKNOWN,STANDARD,1,bikez,https://bikez.com/motorcycles/honda_ctx1300_deluxe_2018.php,MEDIUM,REVIEW
MOTO-DIM-HONDA-CTX700-0001,Honda,CTX700,,2016,2016,2016,2255.0,840.0,1165.0,1165.0,UNKNOWN,UNKNOWN,STANDARD,1,bikez,https://bikez.com/motorcycles/honda_ctx_700_2016.php,MEDIUM,REVIEW
MOTO-DIM-HONDA-CTX700DCTABS-0001,Honda,CTX700 DCT ABS,,2015,2015,2015,2255.0,840.0,1165.0,1165.0,UNKNOWN,UNKNOWN,STANDARD,1,bikez,https://bikez.com/motorcycles/honda_ctx700_dct_abs_2015.php,MEDIUM,REVIEW
MOTO-DIM-HONDA-CTX700N-0001,Honda,CTX700N,,2017,2017,2017,2255.0,840.0,1155.0,1155.0,UNKNOWN,UNKNOWN,STANDARD,1,1000ps,https://www.1000ps.com/en-gb/model/7564/honda-ctx-700-n,MEDIUM,REVIEW
MOTO-DIM-HONDA-CTX700NDCTABS-0001,Honda,CTX700N DCT ABS,,2018,2018,2018,2255.0,855.0,1155.0,1155.0,UNKNOWN,UNKNOWN,STANDARD,1,bikez,https://bikez.com/motorcycles/honda_ctx700n_dct_abs_2018.php,MEDIUM,REVIEW
MOTO-DIM-HONDA-CTX700ND-0001,Honda,CTX700ND,,2016,2016,2016,2255.0,840.0,1165.0,1165.0,UNKNOWN,UNKNOWN,STANDARD,1,bikez,https://bikez.com/motorcycles/honda_ctx700d_2016.php,MEDIUM,REVIEW
MOTO-DIM-HONDA-CX500DDELUXE-0001,Honda,CX500D Deluxe,,1979,1979,1979,2185.0,865.0,1165.0,1165.0,UNKNOWN,UNKNOWN,STANDARD,1,bikez,https://bikez.com/motorcycles/honda_cx_500_deluxe_1979.php,LOW,REVIEW
MOTO-DIM-HONDA-DAX125-0001,Honda,Dax 125,,2026,2026,2026,1760.0,760.0,1020.0,1020.0,UNKNOWN,UNKNOWN,UNKNOWN,1,1000ps,https://www.1000ps.com/en-gb/model/11129/honda-dax-125,MEDIUM,REVIEW
MOTO-DIM-HONDA-DREAMNEO110-0001,Honda,Dream Neo 110,,2023,2023,2023,2044.0,736.0,1076.0,1076.0,UNKNOWN,UNKNOWN,STANDARD,1,bikez,https://bikez.com/motorcycles/honda_cd110_dream_2023.php,MEDIUM,REVIEW
MOTO-DIM-HONDA-GL1100GOLDWING-0001,Honda,GL1100 Gold Wing,,1980,1980,1980,2340.0,,,,UNKNOWN,UNKNOWN,STANDARD,1,motorcyclespecs,https://www.motorcyclespecs.co.za/model/Honda/honda_gl1100_goldwing_80.html,LOW,REVIEW
MOTO-DIM-HONDA-GL1100GOLDWING-0002,Honda,GL1100 Gold Wing,,1983,1983,1983,2340.0,,,,UNKNOWN,UNKNOWN,STANDARD,1,bikez,https://bikez.com/motorcycles/honda_gl_1100_gold_wing_1983.php,LOW,REVIEW
MOTO-DIM-HONDA-GL1100AGOLDWINGASPENCADE-0001,Honda,GL1100A Gold Wing Aspencade,,1982,1982,1982,2340.0,,,,UNKNOWN,UNKNOWN,STANDARD,1,motorcyclespecs,https://www.motorcyclespecs.co.za/model/Honda/honda_gl1100_aapencade.htm,MEDIUM,REVIEW
MOTO-DIM-HONDA-GL1100IGOLDWINGINTERSTATE-0001,Honda,GL1100I Gold Wing Interstate,,1981,1981,1981,2340.0,,,,UNKNOWN,UNKNOWN,STANDARD,1,motorcyclespecs,https://www.motorcyclespecs.co.za/model/Honda/honda_gl1100%20interstate.htm,LOW,REVIEW
MOTO-DIM-HONDA-GL1200GOLDWING-0001,Honda,GL1200 Gold Wing,,1984,1984,1984,2355.0,,,,UNKNOWN,UNKNOWN,WITH_PANNIERS,1,motorcyclespecs,https://www.motorcyclespecs.co.za/model/Honda/honda_gl1200_84.html,MEDIUM,REVIEW
MOTO-DIM-HONDA-GL1200AGOLDWINGASPENCADE-0001,Honda,GL1200A Gold Wing Aspencade,,1987,1987,1987,2355.0,,,,UNKNOWN,UNKNOWN,WITH_PANNIERS,1,motorcyclespecs,https://www.motorcyclespecs.co.za/model/Honda/honda_gl1200_87.html,MEDIUM,REVIEW
MOTO-DIM-HONDA-GL1200LGOLDWINGLIMITED-0001,Honda,GL1200L Gold Wing Limited,,1984,1984,1984,2355.0,,,,UNKNOWN,UNKNOWN,WITH_PANNIERS,1,motorcyclespecs,https://www.motorcyclespecs.co.za/model/Honda/honda_gl1200_84.html,MEDIUM,REVIEW
MOTO-DIM-HONDA-GL1200SEIGOLDWINGASPENCADE-0001,Honda,GL1200SEI Gold Wing Aspencade,,1987,1987,1987,2355.0,,,,UNKNOWN,UNKNOWN,WITH_PANNIERS,1,motorcyclespecs,https://www.motorcyclespecs.co.za/model/Honda/honda_gl1200_87.html,MEDIUM,REVIEW
MOTO-DIM-HONDA-GL1200IGOLDWINGINTERSTATE-0001,Honda,GL1200I Gold Wing Interstate,,1987,1987,1987,2355.0,,,,UNKNOWN,UNKNOWN,WITH_PANNIERS,1,motorcyclespecs,https://www.motorcyclespecs.co.za/model/Honda/honda_gl1200_87%20inter.html,MEDIUM,REVIEW
MOTO-DIM-HONDA-GL1800GOLDWING-0001,Honda,GL1800 Gold Wing,,2023,2023,2023,2475.0,925.0,1340.0,1340.0,UNKNOWN,UNKNOWN,WITH_TOP_BOX,1,bikez,https://bikez.com/motorcycles/honda_gl1800_gold_wing_2023.php,MEDIUM,REVIEW
MOTO-DIM-HONDA-GL1800GOLDWINGAIRBAG-0001,Honda,GL1800 Gold Wing Airbag,,2021,2021,2021,2475.0,925.0,1340.0,1340.0,UNKNOWN,UNKNOWN,STANDARD,1,1000ps,https://www.1000ps.com/en-gb/model/3727/honda-gl-1800-goldwing,MEDIUM,REVIEW
MOTO-DIM-HONDA-GL1800GOLDWINGAUTOMATICDCT-0001,Honda,GL1800 Gold Wing Automatic DCT,,2022,2022,2022,2475.0,,1340.0,1340.0,UNKNOWN,UNKNOWN,STANDARD,1,motorcyclespecs,https://www.motorcyclespecs.co.za/model/Honda/honda_goldwing_21.html,MEDIUM,REVIEW
MOTO-DIM-HONDA-GL1800GOLDWINGTOUR-0001,Honda,GL1800 Gold Wing Tour,,2023,2023,2023,2615.0,925.0,1430.0,1430.0,UNKNOWN,UNKNOWN,WITH_TOP_BOX,1,bikez,https://bikez.com/motorcycles/honda_gl_1800_gold_wing_tour_2023.php,MEDIUM,REVIEW
MOTO-DIM-HONDA-GL1800GOLDWINGTOURAIRBAGAUTOMATICDCT-0001,Honda,GL1800 Gold Wing Tour Airbag Automatic DCT,,2024,2024,2024,2615.0,,1430.0,1430.0,UNKNOWN,UNKNOWN,WITH_TOP_BOX,1,motorcyclespecs,https://www.motorcyclespecs.co.za/model/Honda/honda-goldwing-tour-20241.html,MEDIUM,REVIEW
MOTO-DIM-HONDA-GL1800GOLDWINGTOURAIRBAGAUTOMATICDCT-0002,Honda,GL1800 Gold Wing Tour Airbag Automatic DCT,,2022,2022,2022,2615.0,,1430.0,1430.0,UNKNOWN,UNKNOWN,WITH_TOP_BOX,1,motorcyclespecs,https://www.motorcyclespecs.co.za/model/Honda/honda_goldwing_tour_21.html,MEDIUM,REVIEW
MOTO-DIM-HONDA-GL1800GOLDWINGTOURAUTOMATICDCT-0001,Honda,GL1800 Gold Wing Tour Automatic DCT,,2024,2024,2024,2615.0,,1430.0,1430.0,UNKNOWN,UNKNOWN,WITH_TOP_BOX,1,motorcyclespecs,https://www.motorcyclespecs.co.za/model/Honda/honda-goldwing-tour-20241.html,MEDIUM,REVIEW
MOTO-DIM-HONDA-GL1800GOLDWINGTOURAUTOMATICDCT-0002,Honda,GL1800 Gold Wing Tour Automatic DCT,,2022,2022,2022,2615.0,,1430.0,1430.0,UNKNOWN,UNKNOWN,WITH_TOP_BOX,1,motorcyclespecs,https://www.motorcyclespecs.co.za/model/Honda/honda_goldwing_tour_21.html,MEDIUM,REVIEW
MOTO-DIM-HONDA-GL1800VALKYRIE-0001,Honda,GL1800 Valkyrie,,"2001,2008",,,2630.0,945.0,1455.0,1455.0,HANDLEBAR_WIDTH,UNKNOWN,STANDARD,2,motorcyclespecs,https://www.motorcyclespecs.co.za/model/Honda/honda_glx1800_01.htm | https://www.motorcyclespecs.co.za/model/Honda/honda_glx1800_gold_wing_08.html,LOW,REVIEW
MOTO-DIM-HONDA-GL1800VALKYRIE-0002,Honda,GL1800 Valkyrie,,2016,2016,2016,2630.0,945.0,1455.0,1455.0,HANDLEBAR_WIDTH,UNKNOWN,WITH_TOP_BOX,1,motorcyclespecs,https://www.motorcyclespecs.co.za/model/Honda/honda_glx1800_gold_wing_16.html,LOW,REVIEW
MOTO-DIM-HONDA-GL1800VALKYRIE-0003,Honda,GL1800 Valkyrie,,2021,2021,2021,2475.0,925.0,1340.0,1340.0,UNKNOWN,UNKNOWN,STANDARD,1,1000ps,https://www.1000ps.com/en-gb/model/3727/honda-gl-1800-goldwing,LOW,REVIEW
MOTO-DIM-HONDA-GL1800VALKYRIE-0004,Honda,GL1800 Valkyrie,,2023,2023,2023,2475.0,925.0,1340.0,1340.0,UNKNOWN,UNKNOWN,WITH_TOP_BOX,1,bikez,https://bikez.com/motorcycles/honda_gl1800_gold_wing_2023.php,LOW,REVIEW
MOTO-DIM-HONDA-GL1800VALKYRIE-0005,Honda,GL1800 Valkyrie,,"2013,2017",,,2630.0,945.0,1455.0,1455.0,UNKNOWN,UNKNOWN,WITH_TOP_BOX,2,bikez,https://bikez.com/motorcycles/honda_gl1800_gold_wing_2017.php | https://bikez.com/motorcycles/honda_gl1800_luxury_2013.php,LOW,REVIEW
MOTO-DIM-HONDA-GL1800HPGOLDWINGAUDIOCOMFORT-0001,Honda,GL1800HP Gold Wing Audio/Comfort,,2026,2026,2026,2475.0,925.0,1340.0,1340.0,UNKNOWN,UNKNOWN,STANDARD,1,1000ps,https://www.1000ps.com/en-gb/model/9190/honda-gl-1800-goldwing-tour-dct,MEDIUM,REVIEW
MOTO-DIM-HONDA-GL1800PGOLDWINGPREMIUMAUDIO-0001,Honda,GL1800P Gold Wing Premium Audio,,2021,2021,2021,2475.0,925.0,1340.0,1340.0,UNKNOWN,UNKNOWN,STANDARD,1,1000ps,https://www.1000ps.com/en-gb/model/3727/honda-gl-1800-goldwing,MEDIUM,REVIEW
MOTO-DIM-HONDA-MRT260MONTESACOTA4RT260-0001,Honda,MRT260 Montesa Cota 4RT260,,2020,2020,2020,2016.0,830.0,1140.0,1140.0,UNKNOWN,UNKNOWN,STANDARD,1,bikez,https://bikez.com/motorcycles/honda_montesa_cota_4rt260_2020.php,MEDIUM,REVIEW
MOTO-DIM-HONDA-NA50-0001,Honda,NA50,,2016,2016,2016,1719.0,780.0,1155.0,1155.0,UNKNOWN,UNKNOWN,STANDARD,1,bikez,https://bikez.com/motorcycles/honda_ape_50_2016.php,MEDIUM,REVIEW
MOTO-DIM-HONDA-NB50AERO-0001,Honda,NB50 Aero,,2011,2011,2011,1860.0,735.0,1025.0,1025.0,UNKNOWN,UNKNOWN,UNKNOWN,1,1000ps,https://www.1000ps.com/en-gb/model/1668/honda-nps-50-zoomer,MEDIUM,REVIEW
MOTO-DIM-HONDA-NC50-0001,Honda,NC50,,2020,2020,2020,1847.0,670.0,1089.0,1089.0,UNKNOWN,UNKNOWN,UNKNOWN,1,1000ps,https://www.1000ps.com/en-gb/model/7302/honda-nsc50r,MEDIUM,REVIEW
MOTO-DIM-HONDA-NC700X-0001,Honda,NC700X,,2013,2013,2013,2210.0,830.0,1285.0,1285.0,UNKNOWN,UNKNOWN,UNKNOWN,1,1000ps,https://www.1000ps.com/en-gb/model/6911/honda-nc700x,MEDIUM,REVIEW
MOTO-DIM-HONDA-NC750X-0001,Honda,NC750X,,2026,2026,2026,2210.0,846.0,1330.0,1330.0,UNKNOWN,UNKNOWN,STANDARD,1,1000ps,https://www.1000ps.com/en-gb/model/7568/honda-nc750x,MEDIUM,REVIEW
MOTO-DIM-HONDA-NC750XA-0001,Honda,NC750XA,,2026,2026,2026,2210.0,846.0,1330.0,1330.0,UNKNOWN,UNKNOWN,STANDARD,1,1000ps,https://www.1000ps.com/en-gb/model/7568/honda-nc750x,MEDIUM,REVIEW
MOTO-DIM-HONDA-NC750XD-0001,Honda,NC750XD,,2026,2026,2026,2210.0,846.0,1330.0,1330.0,UNKNOWN,UNKNOWN,STANDARD,1,1000ps,https://www.1000ps.com/en-gb/model/7568/honda-nc750x,MEDIUM,REVIEW
MOTO-DIM-HONDA-NC750XDCT-0001,Honda,NC750X DCT,,2025,2025,2025,2210.0,846.0,1330.0,1330.0,HANDLEBAR_WIDTH,UNKNOWN,WITH_TOP_BOX,1,motorcyclespecs,https://www.motorcyclespecs.co.za/model/Honda/honda-nc750X-2025.html,LOW,REVIEW
MOTO-DIM-HONDA-NC750XDCT-0002,Honda,NC750X DCT,,2014,2014,2014,2210.0,,1285.0,1285.0,UNKNOWN,UNKNOWN,STANDARD,1,motorcyclespecs,https://www.motorcyclespecs.co.za/model/Honda/honda_nc750X_14.html,LOW,REVIEW
MOTO-DIM-HONDA-NC750XDCT-0003,Honda,NC750X DCT,,2026,2026,2026,2210.0,846.0,1330.0,1330.0,UNKNOWN,UNKNOWN,UNKNOWN,1,1000ps,https://www.1000ps.com/en-gb/model/9204/honda-nc750x-dct,LOW,REVIEW
MOTO-DIM-HONDA-NC750XDCT-0004,Honda,NC750X DCT,,"2022,2023",2022,2023,2210.0,846.0,1330.0,1330.0,UNKNOWN,UNKNOWN,STANDARD,2,bikez,https://bikez.com/motorcycles/honda_nc750x_dct_2023.php | https://bikez.com/motorcycles/honda_nc750x_dct_2022.php,LOW,REVIEW
MOTO-DIM-HONDA-NQ50SPREE-0001,Honda,NQ50 Spree,,2011,2011,2011,1860.0,735.0,1025.0,1025.0,UNKNOWN,UNKNOWN,UNKNOWN,1,1000ps,https://www.1000ps.com/en-gb/model/1668/honda-nps-50-zoomer,MEDIUM,REVIEW
MOTO-DIM-HONDA-NS50F-0001,Honda,NS50F,,2020,2020,2020,1847.0,670.0,1089.0,1089.0,UNKNOWN,UNKNOWN,UNKNOWN,1,1000ps,https://www.1000ps.com/en-gb/model/7302/honda-nsc50r,MEDIUM,REVIEW
MOTO-DIM-HONDA-NSF100-0001,Honda,NSF100,,1986,1986,1986,1860.0,780.0,,,UNKNOWN,UNKNOWN,STANDARD,1,bikez,https://bikez.com/motorcycles/honda_h_100_s_1986.php,MEDIUM,REVIEW
MOTO-DIM-HONDA-NSR50-0001,Honda,NSR50,,2004,2004,2004,1580.0,589.0,935.0,935.0,UNKNOWN,UNKNOWN,STANDARD,1,bikez,https://bikez.com/motorcycles/honda_nsr_50_r_2004.php,MEDIUM,REVIEW
MOTO-DIM-HONDA-NSS300FORZA-0001,Honda,NSS300 Forza,,2017,2017,2017,2166.0,753.0,1189.0,1189.0,UNKNOWN,UNKNOWN,UNKNOWN,1,1000ps,https://www.1000ps.com/en-gb/model/7341/honda-nss-300-forza,MEDIUM,REVIEW
MOTO-DIM-HONDA-NSS300AFORZAABS-0001,Honda,NSS300A Forza ABS,,2017,2017,2017,2166.0,753.0,1189.0,1189.0,UNKNOWN,UNKNOWN,UNKNOWN,1,1000ps,https://www.1000ps.com/en-gb/model/7341/honda-nss-300-forza,MEDIUM,REVIEW
MOTO-DIM-HONDA-NT1100DCT-0001,Honda,NT1100 DCT,,2025,2025,2025,2240.0,860.0,1340.0,1340.0,UNKNOWN,UNKNOWN,STANDARD,1,1000ps,https://www.1000ps.com/en-gb/model/10856/honda-nt1100-dct,MEDIUM,REVIEW
MOTO-DIM-HONDA-NT1100D-0001,Honda,NT1100D,,2025,2025,2025,2240.0,860.0,1340.0,1340.0,UNKNOWN,UNKNOWN,STANDARD,1,1000ps,https://www.1000ps.com/en-gb/model/10856/honda-nt1100-dct,MEDIUM,REVIEW
MOTO-DIM-HONDA-NT1100A-0001,Honda,NT1100A,,"2022,2024",,,2240.0,865.0,1360.0,1360.0,HANDLEBAR_WIDTH,WINDSCREEN_LOW,WITH_TOP_BOX,2,motorcyclespecs,https://www.motorcyclespecs.co.za/model/Honda/honda-nt-1100-2024.html | https://www.motorcyclespecs.co.za/model/Honda/honda_nt_1100_22.html,LOW,REVIEW
MOTO-DIM-HONDA-NT1100A-0002,Honda,NT1100A,,2026,2026,2026,2240.0,860.0,1340.0,1340.0,UNKNOWN,UNKNOWN,STANDARD,1,1000ps,https://www.1000ps.com/en-gb/model/10855/honda-nt1100,LOW,REVIEW
MOTO-DIM-HONDA-NT1100A-0003,Honda,NT1100A,,2023,2023,2023,2240.0,865.0,1360.0,1360.0,UNKNOWN,UNKNOWN,STANDARD,1,bikez,https://bikez.com/motorcycles/honda_nt1100_2023.php,LOW,REVIEW
MOTO-DIM-HONDA-NT700VAABS-0001,Honda,NT700VA ABS,,2012,2012,2012,2218.0,776.0,1320.0,1320.0,UNKNOWN,UNKNOWN,STANDARD,1,bikez,https://bikez.com/motorcycles/honda_nt700va_deauville_2012.php,MEDIUM,REVIEW
MOTO-DIM-HONDA-NU50M-0001,Honda,NU50M,,2011,2011,2011,1860.0,735.0,1025.0,1025.0,UNKNOWN,UNKNOWN,UNKNOWN,1,1000ps,https://www.1000ps.com/en-gb/model/1668/honda-nps-50-zoomer,MEDIUM,REVIEW
MOTO-DIM-HONDA-NU50-0001,Honda,NU50,,2020,2020,2020,1882.0,670.0,1117.0,1117.0,UNKNOWN,UNKNOWN,UNKNOWN,1,1000ps,https://www.1000ps.com/en-gb/model/6955/honda-vision-50,MEDIUM,REVIEW
MOTO-DIM-HONDA-NX250-0001,Honda,NX250,,1988,1988,1988,2040.0,805.0,1115.0,1115.0,UNKNOWN,UNKNOWN,UNKNOWN,1,motorcyclespecs,https://www.motorcyclespecs.co.za/model/Honda/honda_nx250_88.htm,LOW,REVIEW
MOTO-DIM-HONDA-NX500-0001,Honda,NX500,,2024,2024,2024,2165.0,830.0,1415.0,1415.0,HANDLEBAR_WIDTH,UNKNOWN,WITH_TOP_BOX,1,motorcyclespecs,https://www.motorcyclespecs.co.za/model/Honda/honda-nx500-2024.html,LOW,REVIEW
MOTO-DIM-HONDA-NX500-0002,Honda,NX500,,2026,2026,2026,2165.0,830.0,1415.0,1415.0,UNKNOWN,UNKNOWN,UNKNOWN,2,1000ps | bikedekho,https://www.1000ps.com/en-gb/model/12214/honda-nx500 | https://www.bikedekho.com/honda/nx500/specifications,LOW,REVIEW
MOTO-DIM-HONDA-PC50-0001,Honda,PC50,,1972,1972,1972,1800.0,640.0,760.0,760.0,UNKNOWN,UNKNOWN,STANDARD,1,bikez,https://bikez.com/motorcycles/honda_c50_1972.php,MEDIUM,REVIEW
MOTO-DIM-HONDA-PCX125-0001,Honda,PCX125,,2025,2025,2025,1935.0,740.0,1125.0,1125.0,UNKNOWN,UNKNOWN,UNKNOWN,1,1000ps,https://www.1000ps.com/en-gb/model/4497/honda-pcx125,MEDIUM,REVIEW
MOTO-DIM-HONDA-QA50-0001,Honda,QA50,,2016,2016,2016,1719.0,780.0,1155.0,1155.0,UNKNOWN,UNKNOWN,STANDARD,1,bikez,https://bikez.com/motorcycles/honda_ape_50_2016.php,MEDIUM,REVIEW
MOTO-DIM-HONDA-PCX150-0001,Honda,PCX150,,,,,1935.0,740.0,1105.0,1105.0,UNKNOWN,UNKNOWN,UNKNOWN,1,bikedekho,https://www.bikedekho.com/honda/pcx150/specifications,MEDIUM,REVIEW
MOTO-DIM-HONDA-PCX150ABS-0001,Honda,PCX150 ABS,,,,,1935.0,740.0,1105.0,1105.0,UNKNOWN,UNKNOWN,UNKNOWN,1,bikedekho,https://www.bikedekho.com/honda/pcx150/specifications,MEDIUM,REVIEW
MOTO-DIM-HONDA-RC213VS-0001,Honda,RC213V-S,,2015,2015,2015,2100.0,790.0,1120.0,1120.0,HANDLEBAR_WIDTH,UNKNOWN,STANDARD,1,motorcyclespecs,https://www.motorcyclespecs.co.za/model/Honda/Honda_RC213V-S_15.html,LOW,REVIEW
MOTO-DIM-HONDA-RC213VS-0002,Honda,RC213V-S,,2020,2020,2020,2052.0,645.0,1110.0,1110.0,UNKNOWN,UNKNOWN,UNKNOWN,1,1000ps,https://www.1000ps.com/en-gb/model/7995/honda-rc-213-v-s,LOW,REVIEW
MOTO-DIM-HONDA-RC213VS-0003,Honda,RC213V-S,,"2017,2018",2017,2018,2010.0,790.0,1120.0,1120.0,UNKNOWN,UNKNOWN,STANDARD,2,bikez,https://bikez.com/motorcycles/honda_rc213v-s_2018.php | https://bikez.com/motorcycles/honda_rc213v-s_2017.php,LOW,REVIEW
MOTO-DIM-HONDA-SH150I-0001,Honda,SH150i,,2026,2026,2026,2090.0,730.0,1155.0,1155.0,UNKNOWN,UNKNOWN,UNKNOWN,1,1000ps,https://www.1000ps.com/en-gb/model/7310/honda-sh150i,MEDIUM,REVIEW
MOTO-DIM-HONDA-ST1300-0001,Honda,ST1300,,2005,2005,2005,2282.0,935.0,1332.0,1332.0,HANDLEBAR_WIDTH,ADJUSTABLE_WINDSCREEN,UNKNOWN,1,motorcyclespecs,https://www.motorcyclespecs.co.za/model/Honda/honda_st1300P_05.html,LOW,REVIEW
MOTO-DIM-HONDA-ST1300-0002,Honda,ST1300,,2004,2004,2004,2282.0,1330.0,935.0,935.0,UNKNOWN,UNKNOWN,STANDARD,1,bikez,https://bikez.com/motorcycles/honda_st_1300_2004.php,LOW,REVIEW
MOTO-DIM-HONDA-ST1300ABS-0001,Honda,ST1300 ABS,,2018,2018,2018,2270.0,860.0,1390.0,1390.0,UNKNOWN,UNKNOWN,STANDARD,1,bikez,https://bikez.com/motorcycles/honda_st1300_abs_2018.php,MEDIUM,REVIEW
MOTO-DIM-HONDA-VF500FINTERCEPTOR-0001,Honda,VF500F Interceptor,,1984,1984,1984,2070.0,760.0,1175.0,1175.0,HANDLEBAR_WIDTH,UNKNOWN,STANDARD,1,motorcyclespecs,https://www.motorcyclespecs.co.za/model/Honda/honda_vf500f.htm,MEDIUM,REVIEW
MOTO-DIM-HONDA-VF750CMAGNA-0001,Honda,VF750C Magna,,2000,2000,2000,2514.0,,,,UNKNOWN,UNKNOWN,UNKNOWN,1,motorcyclespecs,https://www.motorcyclespecs.co.za/model/Honda/honda_vf750c_00.html,LOW,REVIEW
MOTO-DIM-HONDA-VF750CMAGNA-0002,Honda,VF750C Magna,,1995,1995,1995,2514.0,,,,UNKNOWN,UNKNOWN,UNKNOWN,1,motorcyclespecs,https://www.motorcyclespecs.co.za/model/Honda/honda_vf750c_94.html,LOW,REVIEW
MOTO-DIM-HONDA-VF750CMAGNA-0003,Honda,VF750C Magna,,1997,1997,1997,2514.0,,,,UNKNOWN,UNKNOWN,UNKNOWN,1,motorcyclespecs,https://www.motorcyclespecs.co.za/model/Honda/honda_vf750c_97.html,LOW,REVIEW
MOTO-DIM-HONDA-VF750CDMAGNADELUXE-0001,Honda,VF750CD Magna Deluxe,,,,,2514.0,,,,UNKNOWN,UNKNOWN,STANDARD,1,motorcyclespecs,https://www.motorcyclespecs.co.za/model/Honda/honda_vf750c_magna_de_lux.htm,LOW,REVIEW
MOTO-DIM-HONDA-VFR1200F-0001,Honda,VFR1200F,,2010,2010,2010,2244.0,752.0,1222.0,1222.0,HANDLEBAR_WIDTH,UNKNOWN,WITH_TOP_BOX,1,motorcyclespecs,https://www.motorcyclespecs.co.za/model/Honda/honda_vfr1200_10.htm,LOW,REVIEW
MOTO-DIM-HONDA-VFR1200F-0002,Honda,VFR1200F,,"2012,2017",,,2244.0,752.0,1222.0,1222.0,UNKNOWN,UNKNOWN,UNKNOWN,2,motorcyclespecs | 1000ps,https://www.motorcyclespecs.co.za/model/Honda/honda_vfr1200_12.html | https://www.1000ps.com/en-gb/model/4409/honda-vfr-1200-f,LOW,REVIEW
MOTO-DIM-HONDA-VFR1200F-0003,Honda,VFR1200F,,2013,2013,2013,2244.0,752.0,1222.0,1222.0,UNKNOWN,UNKNOWN,WITH_TOP_BOX,1,motorcyclespecs,https://www.motorcyclespecs.co.za/model/Honda/honda_vfr1200_13.html,LOW,REVIEW
MOTO-DIM-HONDA-VFR1200F-0004,Honda,VFR1200F,,2019,2019,2019,2244.0,752.0,1222.0,1222.0,UNKNOWN,UNKNOWN,STANDARD,1,bikez,https://bikez.com/motorcycles/honda_vfr1200f_2019.php,LOW,REVIEW
MOTO-DIM-HONDA-VFR1200FDCT-0001,Honda,VFR1200F DCT,,2013,2013,2013,2244.0,752.0,1222.0,1222.0,UNKNOWN,UNKNOWN,WITH_TOP_BOX,1,motorcyclespecs,https://www.motorcyclespecs.co.za/model/Honda/honda_vfr1200%20DCT%2013.htm,LOW,REVIEW
MOTO-DIM-HONDA-VFR1200FDCT-0002,Honda,VFR1200F DCT,,2014,2014,2014,2244.0,752.0,1222.0,1222.0,HANDLEBAR_WIDTH,UNKNOWN,STANDARD,1,motorcyclespecs,https://www.motorcyclespecs.co.za/model/Honda/honda_vfr1200_14.html,LOW,REVIEW
MOTO-DIM-HONDA-VFR1200FDCT-0003,Honda,VFR1200F DCT,,2012,2012,2012,2244.0,752.0,1222.0,1222.0,HANDLEBAR_WIDTH,UNKNOWN,WITH_TOP_BOX,1,motorcyclespecs,https://www.motorcyclespecs.co.za/model/Honda/honda_vfr1200_dct_12.html,LOW,REVIEW
MOTO-DIM-HONDA-VFR1200FDCT-0004,Honda,VFR1200F DCT,,2016,2016,2016,2244.0,,,,UNKNOWN,UNKNOWN,STANDARD,1,bikez,https://bikez.com/motorcycles/honda_vfr1200f_dct_2016.php,LOW,REVIEW
MOTO-DIM-HONDA-VFR1200X-0001,Honda,VFR1200X,,2020,2020,2020,2285.0,915.0,1335.0,1335.0,UNKNOWN,UNKNOWN,STANDARD,1,bikez,https://bikez.com/motorcycles/honda_vfr1200x_2020.php,MEDIUM,REVIEW
MOTO-DIM-HONDA-VFR1200XDCT-0001,Honda,VFR1200X DCT,,2018,2018,2018,2285.0,915.0,1335.0,1335.0,UNKNOWN,UNKNOWN,STANDARD,1,bikez,https://bikez.com/motorcycles/honda_vfr1200x_dct_2018.php,MEDIUM,REVIEW
MOTO-DIM-HONDA-VFR750RRC30-0001,Honda,VFR750R RC30,,1987,1987,1987,2045.0,700.0,1100.0,1100.0,UNKNOWN,UNKNOWN,STANDARD,1,motorcyclespecs,https://www.motorcyclespecs.co.za/model/Honda/honda_vfr750rc30.html,LOW,REVIEW
MOTO-DIM-HONDA-VFR750RRC30-0002,Honda,VFR750R RC30,,1990,1990,1990,2180.0,700.0,1185.0,1185.0,UNKNOWN,UNKNOWN,STANDARD,1,motorcyclespecs,https://www.motorcyclespecs.co.za/model/Honda/honda_vfr750rc30_90.html,LOW,REVIEW
MOTO-DIM-HONDA-VFR800DINTERCEPTORDLX-0001,Honda,VFR800D Interceptor DLX,,2014,2014,2014,2134.0,748.0,1203.0,1203.0,HANDLEBAR_WIDTH,UNKNOWN,WITH_TOP_BOX,1,motorcyclespecs,https://www.motorcyclespecs.co.za/model/Honda/honda_vfr800_14.html,MEDIUM,REVIEW
MOTO-DIM-HONDA-VT1100CSHADOW-0001,Honda,VT1100C Shadow,,,,,2325.0,810.0,1230.0,1230.0,HANDLEBAR_WIDTH,UNKNOWN,UNKNOWN,1,motorcyclespecs,https://www.motorcyclespecs.co.za/model/Honda/honda_vt1100c_shadow_85.html,LOW,REVIEW
MOTO-DIM-HONDA-VT1100CSHADOW-0002,Honda,VT1100C Shadow,,1986,1986,1986,2325.0,,,,UNKNOWN,UNKNOWN,STANDARD,1,bikez,https://bikez.com/motorcycles/honda_vt_1100_c_shadow_1986.php,LOW,REVIEW
MOTO-DIM-HONDA-VT1100CSHADOW-0003,Honda,VT1100C Shadow,,1985,1985,1985,2325.0,,,,UNKNOWN,UNKNOWN,STANDARD,1,bikez,https://bikez.com/motorcycles/honda_vt_1100c_shadow_1985.php,LOW,REVIEW
MOTO-DIM-HONDA-VT1100C2SHADOWSABRE-0001,Honda,VT1100C2 Shadow Sabre,,2002,2002,2002,2495.0,920.0,1165.0,1165.0,UNKNOWN,UNKNOWN,STANDARD,1,bikez,https://bikez.com/motorcycles/honda_vt_1100_c2_shadow_sabre_2002.php,MEDIUM,REVIEW
MOTO-DIM-HONDA-VT1300CRASTATELINEABS-0001,Honda,VT1300CRA Stateline ABS,,2011,2011,2011,2650.0,970.0,1085.0,1085.0,UNKNOWN,UNKNOWN,STANDARD,1,bikez,https://bikez.com/motorcycles/honda_vt1300cr_abs_2011.php,MEDIUM,REVIEW
MOTO-DIM-HONDA-VT1300CSASABREABS-0001,Honda,VT1300CSA Sabre ABS,,2011,2011,2011,2580.0,820.0,1100.0,1100.0,UNKNOWN,UNKNOWN,STANDARD,1,bikez,https://bikez.com/motorcycles/honda_vt1300cs_abs_2011.php,MEDIUM,REVIEW
MOTO-DIM-HONDA-VT600CSHADOWVLX-0001,Honda,VT600C Shadow VLX,,"2001,2005",,,2355.0,840.0,1120.0,1120.0,HANDLEBAR_WIDTH,UNKNOWN,STANDARD,2,motorcyclespecs,https://www.motorcyclespecs.co.za/model/Honda/honda_shadow_vlx_600.html | https://www.motorcyclespecs.co.za/model/Honda/honda_vt600c_shadow_02.html,LOW,REVIEW
MOTO-DIM-HONDA-VT600CSHADOWVLX-0002,Honda,VT600C Shadow VLX,,2002,2002,2002,2355.0,840.0,1120.0,1120.0,UNKNOWN,UNKNOWN,STANDARD,1,bikez,https://bikez.com/motorcycles/honda_vt_600_c_shadow_vlx_2002.php,LOW,REVIEW
MOTO-DIM-HONDA-VT750C2SHADOWSPIRIT-0001,Honda,VT750C2 Shadow Spirit,,2017,2017,2017,2440.0,835.0,1125.0,1125.0,UNKNOWN,UNKNOWN,UNKNOWN,1,1000ps,https://www.1000ps.com/en-gb/model/3423/honda-vt-750-c2-shadow-spirit,MEDIUM,REVIEW
MOTO-DIM-HONDA-VT750C2SHADOWSPIRITABS-0001,Honda,VT750C2 Shadow Spirit ABS,,2017,2017,2017,2440.0,835.0,1125.0,1125.0,UNKNOWN,UNKNOWN,UNKNOWN,1,1000ps,https://www.1000ps.com/en-gb/model/3423/honda-vt-750-c2-shadow-spirit,MEDIUM,REVIEW
MOTO-DIM-HONDA-VT750C2BSHADOWPHANTOM-0001,Honda,VT750C2B Shadow Phantom,,2013,2013,2013,2395.0,835.0,1089.0,1089.0,HANDLEBAR_WIDTH,UNKNOWN,STANDARD,1,bikez,https://bikez.com/motorcycles/honda_vt750c2_shadow_2013.php,MEDIUM,REVIEW
MOTO-DIM-HONDA-VT750C2BSSHADOWPHANTOMABS-0001,Honda,VT750C2BS Shadow Phantom ABS,,2013,2013,2013,2395.0,835.0,1089.0,1089.0,HANDLEBAR_WIDTH,UNKNOWN,STANDARD,1,bikez,https://bikez.com/motorcycles/honda_vt750c2_shadow_2013.php,MEDIUM,REVIEW
MOTO-DIM-HONDA-VT750DCSHADOWSPIRIT-0001,Honda,VT750DC Shadow Spirit,,2009,2009,2009,2424.0,,,,UNKNOWN,UNKNOWN,STANDARD,1,bikez,https://bikez.com/motorcycles/honda_vt750dc_shadow_spirit_2009.php,MEDIUM,REVIEW
MOTO-DIM-HONDA-VTR250INTERCEPTOR-0001,Honda,VTR250 Interceptor,,1988,1988,1988,2040.0,715.0,1140.0,1140.0,UNKNOWN,UNKNOWN,STANDARD,1,bikez,https://bikez.com/motorcycles/honda_vtr_250_interceptor_1988.php,MEDIUM,REVIEW
MOTO-DIM-HONDA-VTX1300S-0001,Honda,VTX1300S,,2003,2003,2003,2575.0,960.0,,,UNKNOWN,UNKNOWN,STANDARD,1,bikez,https://bikez.com/motorcycles/honda_vtx_1300_s_2003.php,LOW,REVIEW
MOTO-DIM-HONDA-VTX1300S-0002,Honda,VTX1300S,,2007,2007,2007,2575.0,,,,UNKNOWN,UNKNOWN,STANDARD,1,bikez,https://bikez.com/motorcycles/honda_vtx1300s_2007.php,LOW,REVIEW
MOTO-DIM-HONDA-WAVE100-0001,Honda,WAVE 100,,2014,2014,2014,1898.0,699.0,1057.0,1057.0,UNKNOWN,UNKNOWN,STANDARD,1,bikez,https://bikez.com/motorcycles/honda_wave_100_2014.php,MEDIUM,REVIEW
MOTO-DIM-HONDA-WAVE110-0001,Honda,Wave 110,,2020,2020,2020,1870.0,709.0,1080.0,1080.0,UNKNOWN,UNKNOWN,UNKNOWN,1,1000ps,https://www.1000ps.com/en-gb/model/6956/honda-wave-110,MEDIUM,REVIEW
MOTO-DIM-HONDA-WAVE110S-0001,Honda,Wave 110S,,2017,2017,2017,1897.0,706.0,,,UNKNOWN,UNKNOWN,STANDARD,1,bikez,https://bikez.com/motorcycles/honda_wave_110i______2017.php,MEDIUM,REVIEW
MOTO-DIM-HONDA-WAVE110S-0002,Honda,Wave 110S,,2014,2014,2014,1885.0,709.0,1071.0,1071.0,UNKNOWN,UNKNOWN,STANDARD,1,bikez,https://bikez.com/motorcycles/honda_wave_110i_2014.php,MEDIUM,REVIEW
MOTO-DIM-HONDA-XL250S-0001,Honda,XL250S,,1978,,,2174.0,873.7,1183.0,1183.0,HANDLEBAR_WIDTH,UNKNOWN,STANDARD,2,motorcyclespecs,https://www.motorcyclespecs.co.za/model/Honda/honda_xl250s_79.html | https://www.motorcyclespecs.co.za/model/Honda/honda_xl250s_80.html,LOW,REVIEW
MOTO-DIM-HONDA-XL600VTRANSALP-0001,Honda,XL600V Transalp,,1987,1987,1987,2260.0,865.0,905.0,905.0,HANDLEBAR_WIDTH,UNKNOWN,UNKNOWN,1,motorcyclespecs,https://www.motorcyclespecs.co.za/model/Honda/honda_xl600v_86.htm,LOW,REVIEW
MOTO-DIM-HONDA-XL600VTRANSALP-0002,Honda,XL600V Transalp,,1993,1993,1993,2260.0,865.0,,,UNKNOWN,UNKNOWN,UNKNOWN,1,motorcyclespecs,https://www.motorcyclespecs.co.za/model/Honda/honda_xl600v_93.htm,LOW,REVIEW
MOTO-DIM-HONDA-XL600VTRANSALP-0003,Honda,XL600V Transalp,,1999,1999,1999,2260.0,865.0,905.0,905.0,UNKNOWN,UNKNOWN,UNKNOWN,1,motorcyclespecs,https://www.motorcyclespecs.co.za/model/Honda/honda_xl600v_99.htm,LOW,REVIEW
MOTO-DIM-HONDA-XL650VTRANSALP-0001,Honda,XL650V Transalp,,2001,2001,2001,2260.0,920.0,1315.0,1315.0,UNKNOWN,UNKNOWN,WITH_TOP_BOX,1,motorcyclespecs,https://www.motorcyclespecs.co.za/model/Honda/honda_xl650v_01.html,LOW,REVIEW
MOTO-DIM-HONDA-XL650VTRANSALP-0002,Honda,XL650V Transalp,,2006,,,2260.0,920.0,1315.0,1315.0,UNKNOWN,UNKNOWN,UNKNOWN,2,motorcyclespecs,https://www.motorcyclespecs.co.za/model/Honda/honda_xl650v_05.html | https://www.motorcyclespecs.co.za/model/Honda/honda_xl650v_07.html,LOW,REVIEW
MOTO-DIM-HONDA-XL650VTRANSALP-0003,Honda,XL650V Transalp,,2007,2007,2007,2260.0,,,,UNKNOWN,UNKNOWN,STANDARD,1,bikez,https://bikez.com/motorcycles/honda_xl650v_transalp_2007.php,LOW,REVIEW
MOTO-DIM-HONDA-XL650VTRANSALP-0004,Honda,XL650V Transalp,,2002,2002,2002,2260.0,920.0,1315.0,1315.0,UNKNOWN,UNKNOWN,STANDARD,1,bikez,https://bikez.com/motorcycles/honda_xl_650_v_transalp_2002.php,LOW,REVIEW
MOTO-DIM-HONDA-XL750TRANSALP-0001,Honda,XL750 Transalp,,2026,2026,2026,2325.0,838.0,1450.0,1450.0,UNKNOWN,ADJUSTABLE_WINDSCREEN,UNKNOWN,1,1000ps,https://www.1000ps.com/en-gb/model/11389/honda-xl750-transalp,MEDIUM,REVIEW
MOTO-DIM-HONDA-XR150L-0001,Honda,XR150L,,"2014,2017",,,2090.0,810.0,1125.0,1125.0,UNKNOWN,UNKNOWN,UNKNOWN,2,motorcyclespecs,https://www.motorcyclespecs.co.za/model/Honda/honda_xr150l_14.htm | https://www.motorcyclespecs.co.za/model/Honda/honda_xr150l_17.html,LOW,REVIEW
MOTO-DIM-HONDA-XR150L-0002,Honda,XR150L,,2022,2022,2022,2090.0,810.0,1125.0,1125.0,UNKNOWN,UNKNOWN,STANDARD,1,bikez,https://bikez.com/motorcycles/honda_xr150l_2022.php,LOW,REVIEW
MOTO-DIM-HONDA-XR150L-0003,Honda,XR150L,,2015,2015,2015,2100.0,820.0,1126.0,1126.0,UNKNOWN,UNKNOWN,STANDARD,1,bikez,https://bikez.com/motorcycles/honda_xr150l_2015.php,LOW,REVIEW
MOTO-DIM-HONDA-XR150LRALLY-0001,Honda,XR150L Rally,,"2014,2017",,,2090.0,810.0,1125.0,1125.0,UNKNOWN,UNKNOWN,UNKNOWN,2,motorcyclespecs,https://www.motorcyclespecs.co.za/model/Honda/honda_xr150l_14.htm | https://www.motorcyclespecs.co.za/model/Honda/honda_xr150l_17.html,LOW,REVIEW
MOTO-DIM-HONDA-XR150LRALLY-0002,Honda,XR150L Rally,,2022,2022,2022,2090.0,810.0,1125.0,1125.0,UNKNOWN,UNKNOWN,STANDARD,1,bikez,https://bikez.com/motorcycles/honda_xr150l_2022.php,LOW,REVIEW
MOTO-DIM-HONDA-XR150LRALLY-0003,Honda,XR150L Rally,,2015,2015,2015,2100.0,820.0,1126.0,1126.0,UNKNOWN,UNKNOWN,STANDARD,1,bikez,https://bikez.com/motorcycles/honda_xr150l_2015.php,LOW,REVIEW
MOTO-DIM-HONDA-XR150LE-0001,Honda,XR150LE,,"2014,2017",,,2090.0,810.0,1125.0,1125.0,UNKNOWN,UNKNOWN,UNKNOWN,2,motorcyclespecs,https://www.motorcyclespecs.co.za/model/Honda/honda_xr150l_14.htm | https://www.motorcyclespecs.co.za/model/Honda/honda_xr150l_17.html,LOW,REVIEW
MOTO-DIM-HONDA-XR150LE-0002,Honda,XR150LE,,2022,2022,2022,2090.0,810.0,1125.0,1125.0,UNKNOWN,UNKNOWN,STANDARD,1,bikez,https://bikez.com/motorcycles/honda_xr150l_2022.php,LOW,REVIEW
MOTO-DIM-HONDA-XR150LE-0003,Honda,XR150LE,,2015,2015,2015,2100.0,820.0,1126.0,1126.0,UNKNOWN,UNKNOWN,STANDARD,1,bikez,https://bikez.com/motorcycles/honda_xr150l_2015.php,LOW,REVIEW
MOTO-DIM-HONDA-XR150LEK-0001,Honda,XR150LEK,,"2014,2017",,,2090.0,810.0,1125.0,1125.0,UNKNOWN,UNKNOWN,UNKNOWN,2,motorcyclespecs,https://www.motorcyclespecs.co.za/model/Honda/honda_xr150l_14.htm | https://www.motorcyclespecs.co.za/model/Honda/honda_xr150l_17.html,LOW,REVIEW
MOTO-DIM-HONDA-XR150LEK-0002,Honda,XR150LEK,,2022,2022,2022,2090.0,810.0,1125.0,1125.0,UNKNOWN,UNKNOWN,STANDARD,1,bikez,https://bikez.com/motorcycles/honda_xr150l_2022.php,LOW,REVIEW
MOTO-DIM-HONDA-XR150LEK-0003,Honda,XR150LEK,,2015,2015,2015,2100.0,820.0,1126.0,1126.0,UNKNOWN,UNKNOWN,STANDARD,1,bikez,https://bikez.com/motorcycles/honda_xr150l_2015.php,LOW,REVIEW
MOTO-DIM-HONDA-XR190DLX-0001,Honda,XR190 DLX,,2022,2022,2022,2103.0,842.0,1127.0,1127.0,UNKNOWN,UNKNOWN,STANDARD,1,bikez,https://bikez.com/motorcycles/honda_xr190_ag-xr_2022.php,MEDIUM,REVIEW
MOTO-DIM-HONDA-XR190STD-0001,Honda,XR190 STD,,2023,2023,2023,2103.0,842.0,1127.0,1127.0,UNKNOWN,UNKNOWN,STANDARD,1,bikez,https://bikez.com/motorcycles/honda_xr190ct_2023.php,MEDIUM,REVIEW
MOTO-DIM-HONDA-XR190L-0001,Honda,XR190L,,2023,2023,2023,2103.0,842.0,1127.0,1127.0,UNKNOWN,UNKNOWN,STANDARD,1,bikez,https://bikez.com/motorcycles/honda_xr190ct_2023.php,MEDIUM,REVIEW
MOTO-DIM-HONDA-XR200-0001,Honda,XR200,,2014,2014,2014,2135.0,840.0,1176.0,1176.0,UNKNOWN,UNKNOWN,STANDARD,1,bikez,https://bikez.com/motorcycles/honda_xr_200_2014.php,MEDIUM,REVIEW
MOTO-DIM-HONDA-XR200R-0001,Honda,XR200R,,,,,2035.0,865.0,1180.0,1180.0,UNKNOWN,UNKNOWN,UNKNOWN,2,motorcyclespecs,https://www.motorcyclespecs.co.za/model/Honda/honda_xr200r_00.html | https://www.motorcyclespecs.co.za/model/Honda/honda_xr200r_97.html,LOW,REVIEW
MOTO-DIM-HONDA-XR200R-0002,Honda,XR200R,,1986,1986,1986,2035.0,865.0,1180.0,1180.0,UNKNOWN,UNKNOWN,STANDARD,1,motorcyclespecs,https://www.motorcyclespecs.co.za/model/Honda/honda_xr200r_86.html,LOW,REVIEW
MOTO-DIM-HONDA-XR250-0001,Honda,XR250,,1979,1979,1979,2210.0,874.0,1210.0,1210.0,HANDLEBAR_WIDTH,UNKNOWN,UNKNOWN,1,motorcyclespecs,https://www.motorcyclespecs.co.za/model/Honda/honda_xr250r_79.html,MEDIUM,REVIEW
MOTO-DIM-HONDA-XR250R-0001,Honda,XR250R,,"1999,2000",1999,2000,2110.0,830.0,1215.0,1215.0,HANDLEBAR_WIDTH,UNKNOWN,STANDARD,2,motorcyclespecs,https://www.motorcyclespecs.co.za/model/Honda/honda_xr250r_00.html | https://www.motorcyclespecs.co.za/model/Honda/honda_xr250r_99.html,LOW,REVIEW
MOTO-DIM-HONDA-XR250R-0002,Honda,XR250R,,1988,1988,1988,2200.0,910.0,1226.0,1226.0,UNKNOWN,UNKNOWN,UNKNOWN,1,motorcyclespecs,https://www.motorcyclespecs.co.za/model/Honda/honda_xr250r_88.html,LOW,REVIEW
MOTO-DIM-HONDA-XR400R-0001,Honda,XR400R,,"2000,2001",2000,2001,2130.0,840.0,1240.0,1240.0,UNKNOWN,UNKNOWN,STANDARD,2,motorcyclespecs,https://www.motorcyclespecs.co.za/model/Honda/honda_xr400r%2001.htm | https://www.motorcyclespecs.co.za/model/Honda/honda_xr400r_00.html,LOW,REVIEW
MOTO-DIM-HONDA-XR400R-0002,Honda,XR400R,,1996,1996,1996,2130.0,840.0,1240.0,1240.0,HANDLEBAR_WIDTH,UNKNOWN,STANDARD,1,motorcyclespecs,https://www.motorcyclespecs.co.za/model/Honda/honda_xr400r_96.html,LOW,REVIEW
MOTO-DIM-HONDA-XR500-0001,Honda,XR500,,"1979,1980",1979,1980,2210.0,875.0,1215.0,1215.0,UNKNOWN,UNKNOWN,STANDARD,2,motorcyclespecs,https://www.motorcyclespecs.co.za/model/Honda/honda_xr500r_79.html | https://www.motorcyclespecs.co.za/model/Honda/honda_xr500r_80.htm,LOW,REVIEW
MOTO-DIM-HONDA-XR500R-0001,Honda,XR500R,,"1981,1982",1981,1982,2210.0,875.0,1215.0,1215.0,HANDLEBAR_WIDTH,UNKNOWN,STANDARD,2,motorcyclespecs,https://www.motorcyclespecs.co.za/model/Honda/honda_xr500r_81.html | https://www.motorcyclespecs.co.za/model/Honda/honda_xr500r_82.html,LOW,REVIEW
MOTO-DIM-HONDA-XR50R-0001,Honda,XR50R,,2003,2003,2003,1305.0,583.0,,,UNKNOWN,UNKNOWN,STANDARD,1,bikez,https://bikez.com/motorcycles/honda_xr_50_r_2003.php,MEDIUM,REVIEW
MOTO-DIM-HONDA-XR650R-0001,Honda,XR650R,,,,,2255.0,825.0,1245.0,1245.0,HANDLEBAR_WIDTH,UNKNOWN,UNKNOWN,1,motorcyclespecs,https://www.motorcyclespecs.co.za/model/Honda/honda_xr650r_00.html,LOW,REVIEW
MOTO-DIM-HONDA-XR650R-0002,Honda,XR650R,,"2004,2005",2004,2005,2255.0,825.0,1245.0,1245.0,HANDLEBAR_WIDTH,UNKNOWN,STANDARD,2,motorcyclespecs,https://www.motorcyclespecs.co.za/model/Honda/honda_xr650r_04.html | https://www.motorcyclespecs.co.za/model/Honda/honda_xr650r_05.html,LOW,REVIEW
MOTO-DIM-HONDA-XR70R-0001,Honda,XR70R,,2003,2003,2003,1565.0,694.0,,,UNKNOWN,UNKNOWN,STANDARD,1,bikez,https://bikez.com/motorcycles/honda_xr_70_r_2003.php,MEDIUM,REVIEW
MOTO-DIM-HONDA-XR70R-0002,Honda,XR70R,,2002,2002,2002,1565.0,694.0,,,UNKNOWN,UNKNOWN,STANDARD,1,bikez,https://bikez.com/motorcycles/honda_xr_70_r_2002.php,MEDIUM,REVIEW
MOTO-DIM-HONDA-XRE300-0001,Honda,XRE300,,2016,2016,2016,2171.0,830.0,1181.0,1181.0,UNKNOWN,UNKNOWN,UNKNOWN,1,motorcyclespecs,https://www.motorcyclespecs.co.za/model/Honda/Honda_XRE300.html,MEDIUM,REVIEW
MOTO-DIM-HONDA-XRE300ABSDLX-0001,Honda,XRE300 ABS DLX,,2024,2024,2024,2193.0,829.0,1270.0,1270.0,UNKNOWN,UNKNOWN,UNKNOWN,1,motorcyclespecs,https://www.motorcyclespecs.co.za/model/Honda/honda-xre300-2024.html,MEDIUM,REVIEW
MOTO-DIM-HONDA-Z50A-0001,Honda,Z50A,,2016,2016,2016,1719.0,780.0,1155.0,1155.0,UNKNOWN,UNKNOWN,STANDARD,1,bikez,https://bikez.com/motorcycles/honda_ape_50_2016.php,MEDIUM,REVIEW
MOTO-DIM-HONDA-XRE300RALLY-0001,Honda,XRE300 Rally,,"2021,2025",,,2230.0,920.0,1415.0,1415.0,HANDLEBAR_WIDTH,UNKNOWN,WITH_TOP_BOX,2,motorcyclespecs,https://www.motorcyclespecs.co.za/model/Honda/honda-crf300-rally-2025.html | https://www.motorcyclespecs.co.za/model/Honda/honda_crf300_rally_21.html,LOW,REVIEW
MOTO-DIM-HONDA-XRE300RALLY-0002,Honda,XRE300 Rally,,2026,2026,2026,2230.0,920.0,1415.0,1415.0,UNKNOWN,UNKNOWN,UNKNOWN,1,1000ps,https://www.1000ps.com/en-gb/model/10385/honda-crf300-rally,LOW,REVIEW
MOTO-DIM-HONDA-XRE300RALLY-0003,Honda,XRE300 Rally,,2022,2022,2022,2230.0,920.0,1415.0,1415.0,UNKNOWN,UNKNOWN,STANDARD,1,bikez,https://bikez.com/motorcycles/honda_crf300_rally_2022.php,LOW,REVIEW
MOTO-DIM-HONDA-ZOOMERX-0001,Honda,ZOOMER X,,2015,2015,2015,1831.0,759.0,1065.0,1065.0,UNKNOWN,UNKNOWN,STANDARD,1,bikez,https://bikez.com/motorcycles/honda_zoomer-x_2015.php,MEDIUM,REVIEW
MOTO-DIM-SUZUKI-A100-0001,Suzuki,A100,,,,,1830.0,760.0,1010.0,1010.0,UNKNOWN,UNKNOWN,UNKNOWN,1,motorcyclespecs,https://www.motorcyclespecs.co.za/model/suzu/suzuki_A100.htm,MEDIUM,REVIEW
MOTO-DIM-SUZUKI-AC50-0001,Suzuki,AC50,,1974,1974,1974,1800.0,790.0,980.0,980.0,UNKNOWN,UNKNOWN,UNKNOWN,1,motorcyclespecs,https://www.motorcyclespecs.co.za/model/suzu/suzuki_AC50.htm,MEDIUM,REVIEW
MOTO-DIM-SUZUKI-AN400BURGMAN-0001,Suzuki,AN400 Burgman,,2003,2003,2003,2260.0,760.0,1375.0,1375.0,UNKNOWN,UNKNOWN,UNKNOWN,1,motorcyclespecs,https://www.motorcyclespecs.co.za/model/suzu/suzuki_burgman%20400%2003.htm,LOW,REVIEW
MOTO-DIM-SUZUKI-AN400BURGMAN-0002,Suzuki,AN400 Burgman,,2011,2011,2011,2270.0,760.0,1385.0,1385.0,UNKNOWN,UNKNOWN,STANDARD,1,motorcyclespecs,https://www.motorcyclespecs.co.za/model/suzu/suzuki_burgman%20400%2011.htm,LOW,REVIEW
MOTO-DIM-SUZUKI-AN400BURGMAN-0003,Suzuki,AN400 Burgman,,2018,2018,2018,2235.0,765.0,,,UNKNOWN,UNKNOWN,STANDARD,1,motorcyclespecs,https://www.motorcyclespecs.co.za/model/suzu/suzuki_burgman%20400_18.htm,LOW,REVIEW
MOTO-DIM-SUZUKI-AN400BURGMANABS-0001,Suzuki,AN400 Burgman ABS,,2003,2003,2003,2260.0,760.0,1375.0,1375.0,UNKNOWN,UNKNOWN,UNKNOWN,1,motorcyclespecs,https://www.motorcyclespecs.co.za/model/suzu/suzuki_burgman%20400%2003.htm,LOW,REVIEW
MOTO-DIM-SUZUKI-AN400BURGMANABS-0002,Suzuki,AN400 Burgman ABS,,2011,2011,2011,2270.0,760.0,1385.0,1385.0,UNKNOWN,UNKNOWN,STANDARD,1,motorcyclespecs,https://www.motorcyclespecs.co.za/model/suzu/suzuki_burgman%20400%2011.htm,LOW,REVIEW
MOTO-DIM-SUZUKI-AN400BURGMANABS-0003,Suzuki,AN400 Burgman ABS,,2018,2018,2018,2235.0,765.0,,,UNKNOWN,UNKNOWN,STANDARD,1,motorcyclespecs,https://www.motorcyclespecs.co.za/model/suzu/suzuki_burgman%20400_18.htm,LOW,REVIEW
MOTO-DIM-SUZUKI-AN400SBURGMANTYPES-0001,Suzuki,AN400S Burgman Type S,,2006,2006,2006,2260.0,760.0,1235.0,1235.0,HANDLEBAR_WIDTH,UNKNOWN,STANDARD,1,bikez,https://bikez.com/motorcycles/suzuki_burgman_400_type_s_2006.php,MEDIUM,REVIEW
MOTO-DIM-SUZUKI-AN650BURGMAN-0001,Suzuki,AN650 Burgman,,2014,2014,2014,2265.0,810.0,755.0,755.0,HANDLEBAR_WIDTH,UNKNOWN,UNKNOWN,1,motorcyclespecs,https://www.motorcyclespecs.co.za/model/suzu/suzuki_burgman_650%2014.htm,LOW,REVIEW
MOTO-DIM-SUZUKI-AN650BURGMAN-0002,Suzuki,AN650 Burgman,,2007,2007,2007,,,750.0,750.0,UNKNOWN,UNKNOWN,STANDARD,1,motorcyclespecs,https://www.motorcyclespecs.co.za/model/suzu/suzuki_burgman_650%2007.htm,LOW,REVIEW
MOTO-DIM-SUZUKI-AN650BURGMAN-0003,Suzuki,AN650 Burgman,,2002,2002,2002,,,750.0,750.0,UNKNOWN,UNKNOWN,STANDARD,1,motorcyclespecs,https://www.motorcyclespecs.co.za/model/suzu/suzuki_burgman_650.htm,LOW,REVIEW
MOTO-DIM-SUZUKI-AN650BURGMAN-0004,Suzuki,AN650 Burgman,,2003,2003,2003,2280.0,765.0,,,UNKNOWN,UNKNOWN,STANDARD,1,bikez,https://bikez.com/motorcycles/suzuki_an_650_burgman_2003.php,LOW,REVIEW
MOTO-DIM-SUZUKI-AN650ABURGMANABS-0001,Suzuki,AN650A Burgman ABS,,2014,2014,2014,2265.0,810.0,755.0,755.0,HANDLEBAR_WIDTH,UNKNOWN,UNKNOWN,1,motorcyclespecs,https://www.motorcyclespecs.co.za/model/suzu/suzuki_burgman_650%2014.htm,LOW,REVIEW
MOTO-DIM-SUZUKI-AN650ABURGMANABS-0002,Suzuki,AN650A Burgman ABS,,2007,2007,2007,,,750.0,750.0,UNKNOWN,UNKNOWN,STANDARD,1,motorcyclespecs,https://www.motorcyclespecs.co.za/model/suzu/suzuki_burgman_650%2007.htm,LOW,REVIEW
MOTO-DIM-SUZUKI-AN650ABURGMANABS-0003,Suzuki,AN650A Burgman ABS,,2002,2002,2002,,,750.0,750.0,UNKNOWN,UNKNOWN,STANDARD,1,motorcyclespecs,https://www.motorcyclespecs.co.za/model/suzu/suzuki_burgman_650.htm,LOW,REVIEW
MOTO-DIM-SUZUKI-AN650ABURGMANABS-0004,Suzuki,AN650A Burgman ABS,,2003,2003,2003,2280.0,765.0,,,UNKNOWN,UNKNOWN,STANDARD,1,bikez,https://bikez.com/motorcycles/suzuki_an_650_burgman_2003.php,LOW,REVIEW
MOTO-DIM-SUZUKI-AN650ABURGMANABSEXECUTIVE-0001,Suzuki,AN650A Burgman ABS Executive,,2018,2018,2018,2265.0,810.0,755.0,755.0,HANDLEBAR_WIDTH,ADJUSTABLE_WINDSCREEN,UNKNOWN,1,motorcyclespecs,https://www.motorcyclespecs.co.za/model/suzu/suzuki_burgman_650%2018.htm,HIGH,CONFIRMED
MOTO-DIM-SUZUKI-AN650ABURGMANEXECUTIVE-0001,Suzuki,AN650A Burgman Executive,,2018,2018,2018,2265.0,810.0,755.0,755.0,HANDLEBAR_WIDTH,ADJUSTABLE_WINDSCREEN,UNKNOWN,1,motorcyclespecs,https://www.motorcyclespecs.co.za/model/suzu/suzuki_burgman_650%2018.htm,HIGH,CONFIRMED
MOTO-DIM-SUZUKI-AX100-0001,Suzuki,AX100,,,,,1830.0,760.0,1010.0,1010.0,UNKNOWN,UNKNOWN,UNKNOWN,1,motorcyclespecs,https://www.motorcyclespecs.co.za/model/suzu/suzuki_A100.htm,MEDIUM,REVIEW
MOTO-DIM-SUZUKI-AS50-0001,Suzuki,AS50,,,,,1785.0,630.0,895.0,895.0,UNKNOWN,UNKNOWN,UNKNOWN,1,motorcyclespecs,https://www.motorcyclespecs.co.za/model/suzu/suzuki_AS50.htm,MEDIUM,REVIEW
MOTO-DIM-SUZUKI-AX4-0001,Suzuki,AX4,,2020,2020,2020,2055.0,750.0,1075.0,1075.0,UNKNOWN,UNKNOWN,STANDARD,1,bikez,https://bikez.com/motorcycles/suzuki_ax4_2020.php,MEDIUM,REVIEW
MOTO-DIM-SUZUKI-C109RBOULEVARD-0001,Suzuki,C109R Boulevard,,2010,2010,2010,2580.0,985.0,,,HANDLEBAR_WIDTH,UNKNOWN,STANDARD,1,motorcyclespecs,https://www.motorcyclespecs.co.za/model/suzu/suzuki_boulevard_c109r%2010.htm,LOW,REVIEW
MOTO-DIM-SUZUKI-C109RBOULEVARD-0002,Suzuki,C109R Boulevard,,2008,2008,2008,2580.0,985.0,1150.0,1150.0,UNKNOWN,UNKNOWN,STANDARD,1,bikez,https://bikez.com/motorcycles/suzuki_boulevard_c109r_2008.php,LOW,REVIEW
MOTO-DIM-SUZUKI-C109RBOULEVARD-0003,Suzuki,C109R Boulevard,,2012,2012,2012,2580.0,985.0,,,UNKNOWN,UNKNOWN,STANDARD,1,bikez,https://bikez.com/motorcycles/suzuki_boulevard_c109r_2012.php,LOW,REVIEW
MOTO-DIM-SUZUKI-C109RTBOULEVARD-0001,Suzuki,C109RT Boulevard,,2013,2013,2013,2580.0,985.0,1150.0,1150.0,UNKNOWN,UNKNOWN,UNKNOWN,1,motorcyclespecs,https://www.motorcyclespecs.co.za/model/suzu/suzuki_boulevard_c109rt%2013.htm,LOW,REVIEW
MOTO-DIM-SUZUKI-C109RTBOULEVARD-0002,Suzuki,C109RT Boulevard,,2010,2010,2010,2580.0,985.0,,,HANDLEBAR_WIDTH,UNKNOWN,STANDARD,1,motorcyclespecs,https://www.motorcyclespecs.co.za/model/suzu/suzuki_boulevard_c109rt%2010.htm,LOW,REVIEW
MOTO-DIM-SUZUKI-C109RTBOULEVARD-0003,Suzuki,C109RT Boulevard,,2008,2008,2008,2565.0,985.0,1165.0,1165.0,UNKNOWN,UNKNOWN,STANDARD,1,bikez,https://bikez.com/motorcycles/suzuki_boulevard_c109rt_2008.php,LOW,REVIEW
MOTO-DIM-SUZUKI-C109RTBOULEVARD-0004,Suzuki,C109RT Boulevard,,2012,2012,2012,2580.0,985.0,,,UNKNOWN,UNKNOWN,STANDARD,1,bikez,https://bikez.com/motorcycles/suzuki_boulevard_c109rt_2012.php,LOW,REVIEW
MOTO-DIM-SUZUKI-C50BOULEVARD-0001,Suzuki,C50 Boulevard,,2017,2017,2017,2500.0,955.0,,,HANDLEBAR_WIDTH,UNKNOWN,UNKNOWN,1,motorcyclespecs,https://www.motorcyclespecs.co.za/model/suzu/suzuki_boulevard_c50%2017.htm,LOW,REVIEW
MOTO-DIM-SUZUKI-C50BOULEVARD-0002,Suzuki,C50 Boulevard,,2013,2013,2013,2500.0,985.0,,,HANDLEBAR_WIDTH,UNKNOWN,UNKNOWN,1,motorcyclespecs,https://www.motorcyclespecs.co.za/model/suzu/suzuki_boulevard_c50%2013.htm,LOW,REVIEW
MOTO-DIM-SUZUKI-C50BOULEVARD-0003,Suzuki,C50 Boulevard,,2019,2019,2019,2500.0,955.0,,,HANDLEBAR_WIDTH,UNKNOWN,UNKNOWN,1,motorcyclespecs,https://www.motorcyclespecs.co.za/model/suzu/suzuki_boulevard_c50_19.html,LOW,REVIEW
MOTO-DIM-SUZUKI-C50BOULEVARD-0004,Suzuki,C50 Boulevard,,2016,2016,2016,2500.0,955.0,,,UNKNOWN,UNKNOWN,STANDARD,1,bikez,https://bikez.com/motorcycles/suzuki_boulevard_c50_2016.php,LOW,REVIEW
MOTO-DIM-SUZUKI-C50BOULEVARD-0005,Suzuki,C50 Boulevard,,2005,2005,2005,2510.0,985.0,1100.0,1100.0,HANDLEBAR_WIDTH,UNKNOWN,STANDARD,1,bikez,https://bikez.com/motorcycles/suzuki_boulevard_c50_2005.php,LOW,REVIEW
MOTO-DIM-SUZUKI-C50BOULEVARDBOSS-0001,Suzuki,C50 Boulevard B.O.S.S.,,2014,2014,2014,2500.0,985.0,,,HANDLEBAR_WIDTH,UNKNOWN,UNKNOWN,1,motorcyclespecs,https://www.motorcyclespecs.co.za/model/suzu/suzuki_boulevard_c50T%20BOOS%2014.htm,LOW,REVIEW
MOTO-DIM-SUZUKI-C50BOULEVARDBOSS-0002,Suzuki,C50 Boulevard B.O.S.S.,,2016,2016,2016,2500.0,955.0,,,UNKNOWN,UNKNOWN,STANDARD,1,bikez,https://bikez.com/motorcycles/suzuki_boulevard_c50_b_o_s_s_2016.php,LOW,REVIEW
MOTO-DIM-SUZUKI-C50BOULEVARDBOSS-0003,Suzuki,C50 Boulevard B.O.S.S.,,2015,2015,2015,2500.0,955.0,,,HANDLEBAR_WIDTH,UNKNOWN,STANDARD,1,bikez,https://bikez.com/motorcycles/suzuki_boulevard_c50_b_o_s_s_2015.php,LOW,REVIEW
MOTO-DIM-SUZUKI-C50BBOULEVARD-0001,Suzuki,C50B Boulevard,,2017,2017,2017,2500.0,955.0,,,HANDLEBAR_WIDTH,UNKNOWN,UNKNOWN,1,motorcyclespecs,https://www.motorcyclespecs.co.za/model/suzu/suzuki_boulevard_c50%2017.htm,LOW,REVIEW
MOTO-DIM-SUZUKI-C50BBOULEVARD-0002,Suzuki,C50B Boulevard,,2013,2013,2013,2500.0,985.0,,,HANDLEBAR_WIDTH,UNKNOWN,UNKNOWN,1,motorcyclespecs,https://www.motorcyclespecs.co.za/model/suzu/suzuki_boulevard_c50%2013.htm,LOW,REVIEW
MOTO-DIM-SUZUKI-C50BBOULEVARD-0003,Suzuki,C50B Boulevard,,2019,2019,2019,2500.0,955.0,,,HANDLEBAR_WIDTH,UNKNOWN,UNKNOWN,1,motorcyclespecs,https://www.motorcyclespecs.co.za/model/suzu/suzuki_boulevard_c50_19.html,LOW,REVIEW
MOTO-DIM-SUZUKI-C50BBOULEVARD-0004,Suzuki,C50B Boulevard,,2016,2016,2016,2500.0,955.0,,,UNKNOWN,UNKNOWN,STANDARD,1,bikez,https://bikez.com/motorcycles/suzuki_boulevard_c50_2016.php,LOW,REVIEW
MOTO-DIM-SUZUKI-C50BBOULEVARD-0005,Suzuki,C50B Boulevard,,2005,2005,2005,2510.0,985.0,1100.0,1100.0,HANDLEBAR_WIDTH,UNKNOWN,STANDARD,1,bikez,https://bikez.com/motorcycles/suzuki_boulevard_c50_2005.php,LOW,REVIEW
MOTO-DIM-SUZUKI-C50CBOULEVARD-0001,Suzuki,C50C Boulevard,,2017,2017,2017,2500.0,955.0,,,HANDLEBAR_WIDTH,UNKNOWN,UNKNOWN,1,motorcyclespecs,https://www.motorcyclespecs.co.za/model/suzu/suzuki_boulevard_c50%2017.htm,LOW,REVIEW
MOTO-DIM-SUZUKI-C50CBOULEVARD-0002,Suzuki,C50C Boulevard,,2013,2013,2013,2500.0,985.0,,,HANDLEBAR_WIDTH,UNKNOWN,UNKNOWN,1,motorcyclespecs,https://www.motorcyclespecs.co.za/model/suzu/suzuki_boulevard_c50%2013.htm,LOW,REVIEW
MOTO-DIM-SUZUKI-C50CBOULEVARD-0003,Suzuki,C50C Boulevard,,2019,2019,2019,2500.0,955.0,,,HANDLEBAR_WIDTH,UNKNOWN,UNKNOWN,1,motorcyclespecs,https://www.motorcyclespecs.co.za/model/suzu/suzuki_boulevard_c50_19.html,LOW,REVIEW
MOTO-DIM-SUZUKI-C50CBOULEVARD-0004,Suzuki,C50C Boulevard,,2016,2016,2016,2500.0,955.0,,,UNKNOWN,UNKNOWN,STANDARD,1,bikez,https://bikez.com/motorcycles/suzuki_boulevard_c50_2016.php,LOW,REVIEW
MOTO-DIM-SUZUKI-C50CBOULEVARD-0005,Suzuki,C50C Boulevard,,2005,2005,2005,2510.0,985.0,1100.0,1100.0,HANDLEBAR_WIDTH,UNKNOWN,STANDARD,1,bikez,https://bikez.com/motorcycles/suzuki_boulevard_c50_2005.php,LOW,REVIEW
MOTO-DIM-SUZUKI-C50BOULEVARDSE-0001,Suzuki,C50 Boulevard SE,,2013,2013,2013,2500.0,985.0,,,HANDLEBAR_WIDTH,UNKNOWN,STANDARD,1,motorcyclespecs,https://www.motorcyclespecs.co.za/model/suzu/suzuki_boulevard_c50se%2013.htm,LOW,REVIEW
MOTO-DIM-SUZUKI-C50BOULEVARDSE-0002,Suzuki,C50 Boulevard SE,,2011,2011,2011,2500.0,985.0,,,HANDLEBAR_WIDTH,UNKNOWN,STANDARD,1,motorcyclespecs,https://www.motorcyclespecs.co.za/model/suzu/suzuki_boulevard_c50se%2011.htm,LOW,REVIEW
MOTO-DIM-SUZUKI-C50BOULEVARDSE-0003,Suzuki,C50 Boulevard SE,,2005,2005,2005,2500.0,985.0,,,HANDLEBAR_WIDTH,UNKNOWN,STANDARD,1,motorcyclespecs,https://www.motorcyclespecs.co.za/model/suzu/suzuki_boulevard_c50_se%2005.htm,LOW,REVIEW
MOTO-DIM-SUZUKI-C50BOULEVARDSE-0004,Suzuki,C50 Boulevard SE,,"2021,2022",2021,2022,2500.0,955.0,1110.0,1110.0,UNKNOWN,UNKNOWN,STANDARD,2,bikez,https://bikez.com/motorcycles/suzuki_boulevard_c50se_2022.php | https://bikez.com/motorcycles/suzuki_boulevard_c50se_2021.php,LOW,REVIEW
MOTO-DIM-SUZUKI-C50TBOULEVARD-0001,Suzuki,C50T Boulevard,,2017,2017,2017,2500.0,985.0,,,HANDLEBAR_WIDTH,UNKNOWN,STANDARD,1,motorcyclespecs,https://www.motorcyclespecs.co.za/model/suzu/suzuki_boulevard_c50T%2017.htm,LOW,REVIEW
MOTO-DIM-SUZUKI-C50TBOULEVARD-0002,Suzuki,C50T Boulevard,,2012,2012,2012,2500.0,985.0,,,HANDLEBAR_WIDTH,UNKNOWN,STANDARD,1,motorcyclespecs,https://www.motorcyclespecs.co.za/model/suzu/suzuki_boulevard_c50T%2012.htm,LOW,REVIEW
MOTO-DIM-SUZUKI-C50TBOULEVARD-0003,Suzuki,C50T Boulevard,,2019,2019,2019,2500.0,985.0,,,HANDLEBAR_WIDTH,UNKNOWN,STANDARD,1,motorcyclespecs,https://www.motorcyclespecs.co.za/model/suzu/suzuki_boulevard_c50T_19.html,LOW,REVIEW
MOTO-DIM-SUZUKI-C50TBOULEVARD-0004,Suzuki,C50T Boulevard,,2015,2015,2015,2500.0,955.0,,,UNKNOWN,UNKNOWN,STANDARD,1,bikez,https://bikez.com/motorcycles/suzuki_boulevard_c50t_2015.php,LOW,REVIEW
MOTO-DIM-SUZUKI-C50TBOULEVARD-0005,Suzuki,C50T Boulevard,,2005,2005,2005,2510.0,985.0,1397.0,1397.0,UNKNOWN,UNKNOWN,STANDARD,1,bikez,https://bikez.com/motorcycles/suzuki_boulevard_c50_t_2005.php,LOW,REVIEW
MOTO-DIM-SUZUKI-C50TBOULEVARDCLASSIC-0001,Suzuki,C50T Boulevard Classic,,2012,2012,2012,2500.0,985.0,,,HANDLEBAR_WIDTH,UNKNOWN,UNKNOWN,1,motorcyclespecs,https://www.motorcyclespecs.co.za/model/suzu/suzuki_boulevard_c50T%20classic%2012.htm,LOW,REVIEW
MOTO-DIM-SUZUKI-C90BOULEVARD-0001,Suzuki,C90 Boulevard,,2014,2014,2014,2560.0,990.0,,,UNKNOWN,UNKNOWN,STANDARD,1,bikez,https://bikez.com/motorcycles/suzuki_boulevard_c90_2014.php,MEDIUM,REVIEW
MOTO-DIM-SUZUKI-C90BOULEVARD-0002,Suzuki,C90 Boulevard,,2009,2009,2009,2525.0,1000.0,1130.0,1130.0,HANDLEBAR_WIDTH,UNKNOWN,STANDARD,1,bikez,https://bikez.com/motorcycles/suzuki_boulevard_c90_2009.php,MEDIUM,REVIEW
MOTO-DIM-SUZUKI-C90BBOULEVARD-0001,Suzuki,C90B Boulevard,,2014,2014,2014,2560.0,990.0,,,UNKNOWN,UNKNOWN,STANDARD,1,bikez,https://bikez.com/motorcycles/suzuki_boulevard_c90_2014.php,MEDIUM,REVIEW
MOTO-DIM-SUZUKI-C90BBOULEVARD-0002,Suzuki,C90B Boulevard,,2009,2009,2009,2525.0,1000.0,1130.0,1130.0,HANDLEBAR_WIDTH,UNKNOWN,STANDARD,1,bikez,https://bikez.com/motorcycles/suzuki_boulevard_c90_2009.php,MEDIUM,REVIEW
MOTO-DIM-SUZUKI-C90TBOULEVARD-0001,Suzuki,C90T Boulevard,,2014,2014,2014,2560.0,990.0,,,UNKNOWN,UNKNOWN,STANDARD,1,bikez,https://bikez.com/motorcycles/suzuki_boulevard_c90_2014.php,MEDIUM,REVIEW
MOTO-DIM-SUZUKI-C90TBOULEVARD-0002,Suzuki,C90T Boulevard,,2009,2009,2009,2525.0,1000.0,1130.0,1130.0,HANDLEBAR_WIDTH,UNKNOWN,STANDARD,1,bikez,https://bikez.com/motorcycles/suzuki_boulevard_c90_2009.php,MEDIUM,REVIEW
MOTO-DIM-SUZUKI-C90BOULEVARDBOSS-0001,Suzuki,C90 Boulevard B.O.S.S.,,2017,2017,2017,2560.0,990.0,,,HANDLEBAR_WIDTH,UNKNOWN,STANDARD,1,motorcyclespecs,https://www.motorcyclespecs.co.za/model/suzu/suzuki_boulevard_c90%20boos%2017.htm,LOW,REVIEW
MOTO-DIM-SUZUKI-C90BOULEVARDBOSS-0002,Suzuki,C90 Boulevard B.O.S.S.,,2014,2014,2014,2560.0,990.0,,,HANDLEBAR_WIDTH,UNKNOWN,STANDARD,1,motorcyclespecs,https://www.motorcyclespecs.co.za/model/suzu/suzuki_boulevard_c90%20boos%2014.htm,LOW,REVIEW
MOTO-DIM-SUZUKI-C90BOULEVARDBOSS-0003,Suzuki,C90 Boulevard B.O.S.S.,,2019,2019,2019,2560.0,990.0,,,HANDLEBAR_WIDTH,UNKNOWN,STANDARD,1,motorcyclespecs,https://www.motorcyclespecs.co.za/model/suzu/suzuki_boulevard_c90_boos_19.html,LOW,REVIEW
MOTO-DIM-SUZUKI-C90BOULEVARDBOSS-0004,Suzuki,C90 Boulevard B.O.S.S.,,2022,2022,2022,2560.0,990.0,1135.0,1135.0,UNKNOWN,UNKNOWN,STANDARD,1,bikez,https://bikez.com/motorcycles/suzuki_boulevard_c90_b_o_s_s_2022.php,LOW,REVIEW
MOTO-DIM-SUZUKI-C90BOULEVARDBOSS-0005,Suzuki,C90 Boulevard B.O.S.S.,,2018,2018,2018,2560.0,,,,UNKNOWN,UNKNOWN,STANDARD,1,bikez,https://bikez.com/motorcycles/suzuki_boulevard_c90_b_o_s_s_2018.php,LOW,REVIEW
MOTO-DIM-SUZUKI-C90TBOULEVARDBOSS-0001,Suzuki,C90T Boulevard B.O.S.S.,,2014,2014,2014,2560.0,1000.0,,,HANDLEBAR_WIDTH,UNKNOWN,WITH_SIDE_CASES,1,motorcyclespecs,https://www.motorcyclespecs.co.za/model/suzu/suzuki_boulevard_c90t%20boos%2014.htm,LOW,REVIEW
MOTO-DIM-SUZUKI-C90TBOULEVARDBOSS-0002,Suzuki,C90T Boulevard B.O.S.S.,,2013,2013,2013,2560.0,1000.0,,,HANDLEBAR_WIDTH,UNKNOWN,WITH_SIDE_CASES,1,motorcyclespecs,https://www.motorcyclespecs.co.za/model/suzu/suzuki_boulevard_c90t%20boos%2013.htm,LOW,REVIEW
MOTO-DIM-SUZUKI-DL1000VSTROM-0001,Suzuki,DL1000 V-Strom,,2014,2014,2014,2285.0,865.0,1410.0,1410.0,HANDLEBAR_WIDTH,ADJUSTABLE_WINDSCREEN,WITH_SIDE_CASES,1,motorcyclespecs,https://www.motorcyclespecs.co.za/model/suzu/Suzuki_v%20strong%201000%2014.htm,LOW,REVIEW
MOTO-DIM-SUZUKI-DL1000VSTROM-0002,Suzuki,DL1000 V-Strom,,2004,2004,2004,2285.0,910.0,1335.0,1335.0,HANDLEBAR_WIDTH,UNKNOWN,STANDARD,1,motorcyclespecs,https://www.motorcyclespecs.co.za/model/suzu/Suzuki_dl1000%2004.htm,LOW,REVIEW
MOTO-DIM-SUZUKI-DL1000VSTROM-0003,Suzuki,DL1000 V-Strom,,2016,2016,2016,2285.0,865.0,1410.0,1410.0,UNKNOWN,ADJUSTABLE_WINDSCREEN,STANDARD,1,motorcyclespecs,https://www.motorcyclespecs.co.za/model/suzu/Suzuki_DL_V-Storm_1000_16.html,LOW,REVIEW
MOTO-DIM-SUZUKI-DL1000VSTROM-0004,Suzuki,DL1000 V-Strom,,2003,2003,2003,2290.0,865.0,,,UNKNOWN,UNKNOWN,STANDARD,1,bikez,https://bikez.com/motorcycles/suzuki_dl_1000_v-strom_2003.php,LOW,REVIEW
MOTO-DIM-SUZUKI-DL1000VSTROM-0005,Suzuki,DL1000 V-Strom,,2002,2002,2002,2290.0,865.0,1340.0,1340.0,UNKNOWN,UNKNOWN,STANDARD,1,bikez,https://bikez.com/motorcycles/suzuki_dl_1000_v-strom_2002.php,LOW,REVIEW
MOTO-DIM-SUZUKI-DL1000VSTROMABS-0001,Suzuki,DL1000 V-Strom ABS,,2014,2014,2014,2285.0,865.0,1410.0,1410.0,HANDLEBAR_WIDTH,ADJUSTABLE_WINDSCREEN,WITH_SIDE_CASES,1,motorcyclespecs,https://www.motorcyclespecs.co.za/model/suzu/Suzuki_v%20strong%201000%2014.htm,LOW,REVIEW
MOTO-DIM-SUZUKI-DL1000VSTROMABS-0002,Suzuki,DL1000 V-Strom ABS,,2004,2004,2004,2285.0,910.0,1335.0,1335.0,HANDLEBAR_WIDTH,UNKNOWN,STANDARD,1,motorcyclespecs,https://www.motorcyclespecs.co.za/model/suzu/Suzuki_dl1000%2004.htm,LOW,REVIEW
MOTO-DIM-SUZUKI-DL1000VSTROMABS-0003,Suzuki,DL1000 V-Strom ABS,,2016,2016,2016,2285.0,865.0,1410.0,1410.0,UNKNOWN,ADJUSTABLE_WINDSCREEN,STANDARD,1,motorcyclespecs,https://www.motorcyclespecs.co.za/model/suzu/Suzuki_DL_V-Storm_1000_16.html,LOW,REVIEW
MOTO-DIM-SUZUKI-DL1000VSTROMABS-0004,Suzuki,DL1000 V-Strom ABS,,2003,2003,2003,2290.0,865.0,,,UNKNOWN,UNKNOWN,STANDARD,1,bikez,https://bikez.com/motorcycles/suzuki_dl_1000_v-strom_2003.php,LOW,REVIEW
MOTO-DIM-SUZUKI-DL1000VSTROMABS-0005,Suzuki,DL1000 V-Strom ABS,,2002,2002,2002,2290.0,865.0,1340.0,1340.0,UNKNOWN,UNKNOWN,STANDARD,1,bikez,https://bikez.com/motorcycles/suzuki_dl_1000_v-strom_2002.php,LOW,REVIEW
MOTO-DIM-SUZUKI-DL1000VSTROMXT-0001,Suzuki,DL1000 V-Strom XT,,2014,2014,2014,2285.0,865.0,1410.0,1410.0,HANDLEBAR_WIDTH,ADJUSTABLE_WINDSCREEN,WITH_SIDE_CASES,1,motorcyclespecs,https://www.motorcyclespecs.co.za/model/suzu/Suzuki_v%20strong%201000%2014.htm,LOW,REVIEW
MOTO-DIM-SUZUKI-DL1000VSTROMXT-0002,Suzuki,DL1000 V-Strom XT,,2004,2004,2004,2285.0,910.0,1335.0,1335.0,HANDLEBAR_WIDTH,UNKNOWN,STANDARD,1,motorcyclespecs,https://www.motorcyclespecs.co.za/model/suzu/Suzuki_dl1000%2004.htm,LOW,REVIEW
MOTO-DIM-SUZUKI-DL1000VSTROMXT-0003,Suzuki,DL1000 V-Strom XT,,2016,2016,2016,2285.0,865.0,1410.0,1410.0,UNKNOWN,ADJUSTABLE_WINDSCREEN,STANDARD,1,motorcyclespecs,https://www.motorcyclespecs.co.za/model/suzu/Suzuki_DL_V-Storm_1000_16.html,LOW,REVIEW
MOTO-DIM-SUZUKI-DL1000VSTROMXT-0004,Suzuki,DL1000 V-Strom XT,,2003,2003,2003,2290.0,865.0,,,UNKNOWN,UNKNOWN,STANDARD,1,bikez,https://bikez.com/motorcycles/suzuki_dl_1000_v-strom_2003.php,LOW,REVIEW
MOTO-DIM-SUZUKI-DL1000VSTROMXT-0005,Suzuki,DL1000 V-Strom XT,,2002,2002,2002,2290.0,865.0,1340.0,1340.0,UNKNOWN,UNKNOWN,STANDARD,1,bikez,https://bikez.com/motorcycles/suzuki_dl_1000_v-strom_2002.php,LOW,REVIEW
MOTO-DIM-SUZUKI-DL1000VSTROMABSADVENTURE-0001,Suzuki,DL1000 V-Strom ABS Adventure,,2014,2014,2014,2285.0,865.0,1410.0,1410.0,WITH_SIDE_CASES,UNKNOWN,WITH_SIDE_CASES,1,motorcyclespecs,https://www.motorcyclespecs.co.za/model/suzu/Suzuki_v%20strong%201000%20adventure%2014.htm,LOW,REVIEW
MOTO-DIM-SUZUKI-DL1000VSTROMABSADVENTURE-0002,Suzuki,DL1000 V-Strom ABS Adventure,,2012,2012,2012,2285.0,910.0,1335.0,1335.0,WITH_SIDE_CASES,UNKNOWN,WITH_SIDE_CASES,1,motorcyclespecs,https://www.motorcyclespecs.co.za/model/suzu/Suzuki_dl1000%20adven%2012.htm,LOW,REVIEW
MOTO-DIM-SUZUKI-DL1000VSTROMABSADVENTURE-0003,Suzuki,DL1000 V-Strom ABS Adventure,,2019,2019,2019,2285.0,865.0,,,UNKNOWN,UNKNOWN,STANDARD,1,bikez,https://bikez.com/motorcycles/suzuki_v-strom_1000_abs_adventure_2019.php,LOW,REVIEW
MOTO-DIM-SUZUKI-DL1000VSTROMABSADVENTURE-0004,Suzuki,DL1000 V-Strom ABS Adventure,,2016,2016,2016,2285.0,865.0,,,UNKNOWN,UNKNOWN,STANDARD,1,bikez,https://bikez.com/motorcycles/suzuki_v-strom_1000_abs_adventure_2016.php,LOW,REVIEW
MOTO-DIM-SUZUKI-DL1000VSTROMADVENTURE-0001,Suzuki,DL1000 V-Strom Adventure,,2014,2014,2014,2285.0,865.0,1410.0,1410.0,WITH_SIDE_CASES,UNKNOWN,WITH_SIDE_CASES,1,motorcyclespecs,https://www.motorcyclespecs.co.za/model/suzu/Suzuki_v%20strong%201000%20adventure%2014.htm,MEDIUM,REVIEW
MOTO-DIM-SUZUKI-DL1000VSTROMXTADVENTURE-0001,Suzuki,DL1000 V-Strom XT Adventure,,2022,2022,2022,2280.0,930.0,1470.0,1470.0,UNKNOWN,UNKNOWN,STANDARD,1,bikez,https://bikez.com/motorcycles/suzuki_v-strom_1000xt_adventure_2022.php,MEDIUM,REVIEW
MOTO-DIM-SUZUKI-DL1050VSTROM1050-0001,Suzuki,DL1050 V-Strom 1050,,2023,2023,2023,2265.0,940.0,1515.0,1515.0,HANDLEBAR_WIDTH,UNKNOWN,STANDARD,1,motorcyclespecs,https://www.motorcyclespecs.co.za/model/suzu/suzuki-v-strom-23.html,MEDIUM,REVIEW
MOTO-DIM-SUZUKI-DL1050VSTROM1050DE-0001,Suzuki,DL1050 V-Strom 1050DE,,2026,2026,2026,2390.0,960.0,1505.0,1505.0,UNKNOWN,UNKNOWN,UNKNOWN,1,1000ps,https://www.1000ps.com/en-gb/model/11303/suzuki-v-strom-1050de,MEDIUM,REVIEW
MOTO-DIM-SUZUKI-DL1050VSTROM1050XT-0001,Suzuki,DL1050 V-Strom 1050XT,,2024,2024,2024,2265.0,940.0,1465.0,1465.0,UNKNOWN,UNKNOWN,STANDARD,1,1000ps,https://www.1000ps.com/en-gb/model/9951/suzuki-v-strom-1050-xt,MEDIUM,REVIEW
MOTO-DIM-SUZUKI-DL1050VSTROM1050XTADVENTURE-0001,Suzuki,DL1050 V-Strom 1050XT Adventure,,2023,2023,2023,2265.0,940.0,1555.0,1555.0,UNKNOWN,ADJUSTABLE_WINDSCREEN,STANDARD,1,bikez,https://bikez.com/motorcycles/suzuki_v-strom_1050xt_adventure_2023.php,MEDIUM,REVIEW
MOTO-DIM-SUZUKI-DL650VSTROM-0001,Suzuki,DL650 V-Strom,,2013,2013,2013,2290.0,835.0,1405.0,1405.0,HANDLEBAR_WIDTH,ADJUSTABLE_WINDSCREEN,UNKNOWN,1,motorcyclespecs,https://www.motorcyclespecs.co.za/model/suzu/suzuki_dl650_v%2013.htm,HIGH,CONFIRMED
MOTO-DIM-SUZUKI-DL650VSTROMABS-0001,Suzuki,DL650 V-Strom ABS,,2013,2013,2013,2290.0,835.0,1405.0,1405.0,HANDLEBAR_WIDTH,ADJUSTABLE_WINDSCREEN,UNKNOWN,1,motorcyclespecs,https://www.motorcyclespecs.co.za/model/suzu/suzuki_dl650_v%2013.htm,HIGH,CONFIRMED
MOTO-DIM-SUZUKI-DL650AVSTROM650XT-0001,Suzuki,DL650A V-Strom 650XT,,2013,2013,2013,2290.0,835.0,1405.0,1405.0,HANDLEBAR_WIDTH,ADJUSTABLE_WINDSCREEN,UNKNOWN,1,motorcyclespecs,https://www.motorcyclespecs.co.za/model/suzu/suzuki_dl650_v%2013.htm,HIGH,CONFIRMED
MOTO-DIM-SUZUKI-DL650AVSTROM650ABS-0001,Suzuki,DL650A V-Strom 650 ABS,,2016,2016,2016,2290.0,,,,UNKNOWN,UNKNOWN,STANDARD,1,bikez,https://bikez.com/motorcycles/suzuki_v-strom_650_abs_2016.php,MEDIUM,REVIEW
MOTO-DIM-SUZUKI-DL650AVSTROM650ABS-0002,Suzuki,DL650A V-Strom 650 ABS,,2011,2011,2011,2290.0,840.0,,,UNKNOWN,UNKNOWN,STANDARD,1,bikez,https://bikez.com/motorcycles/suzuki_v-strom_650_abs_2011.php,MEDIUM,REVIEW
MOTO-DIM-SUZUKI-DL650AVSTROM650ABS-0003,Suzuki,DL650A V-Strom 650 ABS,,2007,2007,2007,2290.0,840.0,1390.0,1390.0,UNKNOWN,UNKNOWN,STANDARD,1,bikez,https://bikez.com/motorcycles/suzuki_v-strom_650_abs_2007.php,MEDIUM,REVIEW
MOTO-DIM-SUZUKI-DL650AVSTROMABS-0001,Suzuki,DL650A V-Strom ABS,,2013,2013,2013,2290.0,835.0,1405.0,1405.0,HANDLEBAR_WIDTH,ADJUSTABLE_WINDSCREEN,UNKNOWN,1,motorcyclespecs,https://www.motorcyclespecs.co.za/model/suzu/suzuki_dl650_v%2013.htm,HIGH,CONFIRMED
MOTO-DIM-SUZUKI-DL650AVSTROMXT-0001,Suzuki,DL650A V-Strom XT,,2013,2013,2013,2290.0,835.0,1405.0,1405.0,HANDLEBAR_WIDTH,ADJUSTABLE_WINDSCREEN,UNKNOWN,1,motorcyclespecs,https://www.motorcyclespecs.co.za/model/suzu/suzuki_dl650_v%2013.htm,HIGH,CONFIRMED
MOTO-DIM-SUZUKI-DL650AVSTROMABSADVENTURE-0001,Suzuki,DL650A V-Strom ABS Adventure,,"2013,2015",,,2290.0,1143.0,1405.0,1405.0,HANDLEBAR_WIDTH,ADJUSTABLE_WINDSCREEN,WITH_SIDE_CASES,2,motorcyclespecs,https://www.motorcyclespecs.co.za/model/suzu/suzuki_dl650V%20Adventure%2015.htm | https://www.motorcyclespecs.co.za/model/suzu/suzuki_dl650V%20Adventure%2013.htm,LOW,REVIEW
MOTO-DIM-SUZUKI-DL650AVSTROMABSADVENTURE-0002,Suzuki,DL650A V-Strom ABS Adventure,,2018,2018,2018,2290.0,835.0,,,UNKNOWN,UNKNOWN,STANDARD,1,bikez,https://bikez.com/motorcycles/suzuki_v-strom_650_abs_adventure_2018.php,LOW,REVIEW
MOTO-DIM-SUZUKI-DL650AVSTROMABSADVENTURE-0003,Suzuki,DL650A V-Strom ABS Adventure,,2012,2012,2012,2290.0,,1143.0,1143.0,UNKNOWN,ADJUSTABLE_WINDSCREEN,WITH_SIDE_CASES,1,bikez,https://bikez.com/motorcycles/suzuki_v-strom_650_abs_adventure_2012.php,LOW,REVIEW
MOTO-DIM-SUZUKI-DL650AVSTROMXTABS-0001,Suzuki,DL650A V-Strom XT ABS,,2017,2017,2017,2275.0,,,,UNKNOWN,UNKNOWN,STANDARD,1,bikez,https://bikez.com/motorcycles/suzuki_v-strom_650xt_abs_2017.php,MEDIUM,REVIEW
MOTO-DIM-SUZUKI-DL650AVSTROMXTABS-0002,Suzuki,DL650A V-Strom XT ABS,,2016,2016,2016,2290.0,,,,UNKNOWN,UNKNOWN,STANDARD,1,bikez,https://bikez.com/motorcycles/suzuki_v-strom_650xt_abs_2016.php,MEDIUM,REVIEW
MOTO-DIM-SUZUKI-DL650AVSTROMXTABS-0003,Suzuki,DL650A V-Strom XT ABS,,2015,2015,2015,2290.0,,,,UNKNOWN,UNKNOWN,STANDARD,1,bikez,https://bikez.com/motorcycles/suzuki_v-strom_650xt_abs_2015.php,MEDIUM,REVIEW
MOTO-DIM-SUZUKI-DL650AVSTROMXTTOURING-0001,Suzuki,DL650A V-Strom XT Touring,,2017,2017,2017,2290.0,835.0,1405.0,1405.0,UNKNOWN,UNKNOWN,UNKNOWN,1,1000ps,https://www.1000ps.com/en-gb/model/8675/suzuki-v-strom-650-xt-touring,MEDIUM,REVIEW
MOTO-DIM-SUZUKI-DL650XAVSTROMXTABS-0001,Suzuki,DL650XA V-Strom XT ABS,,2026,2026,2026,2275.0,910.0,1405.0,1405.0,UNKNOWN,UNKNOWN,UNKNOWN,1,1000ps,https://www.1000ps.com/en-gb/model/7950/suzuki-v-strom-650-xt,LOW,REVIEW
MOTO-DIM-SUZUKI-DL650XAVSTROMXTABS-0002,Suzuki,DL650XA V-Strom XT ABS,,2022,2022,2022,2275.0,910.0,1405.0,1405.0,UNKNOWN,UNKNOWN,STANDARD,1,bikez,https://bikez.com/motorcycles/suzuki_v-strom_650xt_2022.php,LOW,REVIEW
MOTO-DIM-SUZUKI-DL650XAVSTROMXTABS-0003,Suzuki,DL650XA V-Strom XT ABS,,2018,2018,2018,2275.0,910.0,,,UNKNOWN,UNKNOWN,STANDARD,1,bikez,https://bikez.com/motorcycles/suzuki_v-strom_650xt_2018.php,LOW,REVIEW
MOTO-DIM-SUZUKI-DL650XAVSTROMXTABS-0004,Suzuki,DL650XA V-Strom XT ABS,,2017,2017,2017,2275.0,,,,UNKNOWN,UNKNOWN,STANDARD,1,bikez,https://bikez.com/motorcycles/suzuki_v-strom_650xt_abs_2017.php,LOW,REVIEW
MOTO-DIM-SUZUKI-DL650XAVSTROMXTABS-0005,Suzuki,DL650XA V-Strom XT ABS,,2016,2016,2016,2290.0,,,,UNKNOWN,UNKNOWN,STANDARD,1,bikez,https://bikez.com/motorcycles/suzuki_v-strom_650xt_abs_2016.php,LOW,REVIEW
MOTO-DIM-SUZUKI-DL650XAVSTROMXTABS-0006,Suzuki,DL650XA V-Strom XT ABS,,2015,2015,2015,2290.0,,,,UNKNOWN,UNKNOWN,STANDARD,1,bikez,https://bikez.com/motorcycles/suzuki_v-strom_650xt_abs_2015.php,LOW,REVIEW
MOTO-DIM-SUZUKI-DL800VSTROM800-0001,Suzuki,DL800 V-Strom 800,,2026,2026,2026,2255.0,905.0,1355.0,1355.0,UNKNOWN,UNKNOWN,STANDARD,1,1000ps,https://www.1000ps.com/en-gb/model/12184/suzuki-v-strom-800,MEDIUM,REVIEW
MOTO-DIM-SUZUKI-DL800VSTROM800DE-0001,Suzuki,DL800 V-Strom 800DE,,2026,2026,2026,2345.0,975.0,1310.0,1310.0,UNKNOWN,ADJUSTABLE_WINDSCREEN,STANDARD,1,1000ps,https://www.1000ps.com/en-gb/model/11392/suzuki-v-strom-800de,MEDIUM,REVIEW
MOTO-DIM-SUZUKI-DRZ110-0001,Suzuki,DR-Z110,,2005,2005,2005,1555.0,770.0,955.0,955.0,UNKNOWN,UNKNOWN,STANDARD,1,bikez,https://bikez.com/motorcycles/suzuki_dr-z_110_2005.php,MEDIUM,REVIEW
MOTO-DIM-SUZUKI-DRZ125-0001,Suzuki,DR-Z125,,2022,2022,2022,1835.0,770.0,1185.0,1185.0,UNKNOWN,UNKNOWN,STANDARD,1,bikez,https://bikez.com/motorcycles/suzuki_dr-z125_2022.php,MEDIUM,REVIEW
MOTO-DIM-SUZUKI-DRZ125L-0001,Suzuki,DR-Z125L,,2020,2020,2020,1885.0,770.0,1110.0,1110.0,UNKNOWN,UNKNOWN,UNKNOWN,1,1000ps,https://www.1000ps.com/en-gb/model/2646/suzuki-dr-z-125-l,MEDIUM,REVIEW
MOTO-DIM-SUZUKI-DRZ250-0001,Suzuki,DR-Z250,,"2009,2013",,,2230.0,880.0,1215.0,1215.0,UNKNOWN,UNKNOWN,UNKNOWN,2,motorcyclespecs,https://www.motorcyclespecs.co.za/model/suzu/suzuki_drz250%2013.htm | https://www.motorcyclespecs.co.za/model/suzu/suzuki_drz250%2009.htm,LOW,REVIEW
MOTO-DIM-SUZUKI-DRZ250-0002,Suzuki,DR-Z250,,2002,2002,2002,2150.0,880.0,1215.0,1215.0,UNKNOWN,UNKNOWN,STANDARD,1,motorcyclespecs,https://www.motorcyclespecs.co.za/model/suzu/suzuki_drz250%2002.htm,LOW,REVIEW
MOTO-DIM-SUZUKI-DRZ250-0003,Suzuki,DR-Z250,,2019,2019,2019,2230.0,880.0,1215.0,1215.0,UNKNOWN,UNKNOWN,STANDARD,1,bikez,https://bikez.com/motorcycles/suzuki_dr-z250_2019.php,LOW,REVIEW
MOTO-DIM-SUZUKI-DRZ250-0004,Suzuki,DR-Z250,,2006,2006,2006,2150.0,880.0,1205.0,1205.0,UNKNOWN,UNKNOWN,STANDARD,1,bikez,https://bikez.com/motorcycles/suzuki_dr-z_250_2006.php,LOW,REVIEW
MOTO-DIM-SUZUKI-DRZ400-0001,Suzuki,DR-Z400,,2003,2003,2003,2235.0,825.0,1245.0,1245.0,UNKNOWN,UNKNOWN,STANDARD,1,bikez,https://bikez.com/motorcycles/suzuki_dr-z_400_2003.php,MEDIUM,REVIEW
MOTO-DIM-SUZUKI-DRZ400E-0001,Suzuki,DR-Z400E,,2006,2006,2006,2310.0,875.0,1230.0,1230.0,HANDLEBAR_WIDTH,UNKNOWN,UNKNOWN,1,motorcyclespecs,https://www.motorcyclespecs.co.za/model/suzu/suzuki_drz400e%2006.htm,LOW,REVIEW
MOTO-DIM-SUZUKI-DRZ400E-0002,Suzuki,DR-Z400E,,2003,2003,2003,2310.0,875.0,1230.0,1230.0,UNKNOWN,UNKNOWN,STANDARD,1,motorcyclespecs,https://www.motorcyclespecs.co.za/model/suzu/suzuki_drz400e%2003.htm,LOW,REVIEW
MOTO-DIM-SUZUKI-DRZ400E-0003,Suzuki,DR-Z400E,,2000,2000,2000,2310.0,875.0,1230.0,1230.0,UNKNOWN,UNKNOWN,UNKNOWN,1,motorcyclespecs,https://www.motorcyclespecs.co.za/model/suzu/suzuki_drz400e%2000.htm,LOW,REVIEW
MOTO-DIM-SUZUKI-DRZ400E-0004,Suzuki,DR-Z400E,,2021,2021,2021,2310.0,825.0,1235.0,1235.0,UNKNOWN,UNKNOWN,STANDARD,1,bikez,https://bikez.com/motorcycles/suzuki_dr-z400e_2021.php,LOW,REVIEW
MOTO-DIM-SUZUKI-DRZ400E-0005,Suzuki,DR-Z400E,,2007,2007,2007,2235.0,825.0,,,UNKNOWN,UNKNOWN,STANDARD,1,bikez,https://bikez.com/motorcycles/suzuki_dr-z_400_e_2007.php,LOW,REVIEW
MOTO-DIM-SUZUKI-DRZ400S-0001,Suzuki,DR-Z400S,,2018,2018,2018,2310.0,875.0,1230.0,1230.0,UNKNOWN,UNKNOWN,UNKNOWN,1,motorcyclespecs,https://www.motorcyclespecs.co.za/model/suzu/suzuki_drz400S%2018.htm,LOW,REVIEW
MOTO-DIM-SUZUKI-DRZ400S-0002,Suzuki,DR-Z400S,,2008,2008,2008,2310.0,875.0,1230.0,1230.0,UNKNOWN,UNKNOWN,STANDARD,1,motorcyclespecs,https://www.motorcyclespecs.co.za/model/suzu/suzuki_drz400S%2008.htm,LOW,REVIEW
MOTO-DIM-SUZUKI-DRZ400S-0003,Suzuki,DR-Z400S,,2000,2000,2000,2310.0,875.0,1230.0,1230.0,HANDLEBAR_WIDTH,UNKNOWN,UNKNOWN,1,motorcyclespecs,https://www.motorcyclespecs.co.za/model/suzu/suzuki_drz400S%2000.htm,LOW,REVIEW
MOTO-DIM-SUZUKI-DRZ400S-0004,Suzuki,DR-Z400S,,2012,2012,2012,2310.0,875.0,,,UNKNOWN,UNKNOWN,STANDARD,1,bikez,https://bikez.com/motorcycles/suzuki_dr-z400s_2012.php,LOW,REVIEW
MOTO-DIM-SUZUKI-DRZ400SM-0001,Suzuki,DR-Z400SM,,"2015,2017",,,2225.0,855.0,1230.0,1230.0,HANDLEBAR_WIDTH,UNKNOWN,UNKNOWN,2,motorcyclespecs,https://www.motorcyclespecs.co.za/model/suzu/suzuki_drz400SM%2015.htm | https://www.motorcyclespecs.co.za/model/suzu/suzuki_drz400SM_17.html,LOW,REVIEW
MOTO-DIM-SUZUKI-DRZ400SM-0002,Suzuki,DR-Z400SM,,2009,2009,2009,2225.0,855.0,,,HANDLEBAR_WIDTH,UNKNOWN,UNKNOWN,1,motorcyclespecs,https://www.motorcyclespecs.co.za/model/suzu/suzuki_drz400SM%2009.htm,LOW,REVIEW
MOTO-DIM-SUZUKI-DRZ400SM-0003,Suzuki,DR-Z400SM,,2005,2005,2005,2220.0,870.0,1185.0,1185.0,UNKNOWN,UNKNOWN,STANDARD,1,bikez,https://bikez.com/motorcycles/suzuki_dr-z_400_sm_2005.php,LOW,REVIEW
MOTO-DIM-SUZUKI-DRZ4S-0001,Suzuki,DR-Z4S,,"2025,2026",2025,2026,2270.0,885.0,1235.0,1235.0,HANDLEBAR_WIDTH,UNKNOWN,STANDARD,2,motorcyclespecs | 1000ps,https://www.motorcyclespecs.co.za/model/suzu/suzuki-dr-z4s-2025.htm | https://www.1000ps.com/en-gb/model/12740/suzuki-dr-z4s,LOW,REVIEW
MOTO-DIM-SUZUKI-DRZ4SM-0001,Suzuki,DR-Z4SM,,2025,2025,2025,2195.0,885.0,1190.0,1190.0,HANDLEBAR_WIDTH,UNKNOWN,STANDARD,1,motorcyclespecs,https://www.motorcyclespecs.co.za/model/suzu/suzuki-dr-z4sm-2025.htm,LOW,REVIEW
MOTO-DIM-SUZUKI-DRZ4SM-0002,Suzuki,DR-Z4SM,,2026,2026,2026,2195.0,885.0,1190.0,1190.0,UNKNOWN,UNKNOWN,STANDARD,1,1000ps,https://www.1000ps.com/en-gb/model/12741/suzuki-dr-z4sm,LOW,REVIEW
MOTO-DIM-SUZUKI-DRZ70-0001,Suzuki,DR-Z70,,2020,2020,2020,1320.0,580.0,790.0,790.0,UNKNOWN,UNKNOWN,UNKNOWN,1,1000ps,https://www.1000ps.com/en-gb/model/3275/suzuki-dr-z-70,MEDIUM,REVIEW
MOTO-DIM-SUZUKI-DR100-0001,Suzuki,DR100,,1987,1987,1987,1790.0,785.0,1065.0,1065.0,UNKNOWN,UNKNOWN,STANDARD,1,bikez,https://bikez.com/motorcycles/suzuki_dr_100_1987.php,MEDIUM,REVIEW
MOTO-DIM-SUZUKI-DR125SE-0001,Suzuki,DR125SE,,"2000,2094,2097",,,2150.0,845.0,1190.0,1190.0,UNKNOWN,UNKNOWN,UNKNOWN,3,motorcyclespecs,https://www.motorcyclespecs.co.za/model/suzu/suzuki_dr125se%2097.htm | https://www.motorcyclespecs.co.za/model/suzu/suzuki_dr125s%2094.htm | https://www.motorcyclespecs.co.za/model/suzu/suzuki_dr125se%2000.htm,LOW,REVIEW
MOTO-DIM-SUZUKI-DR200-0001,Suzuki,DR200,,2016,2016,2016,2150.0,805.0,1185.0,1185.0,UNKNOWN,UNKNOWN,STANDARD,1,bikez,https://bikez.com/motorcycles/suzuki_dr200_2016.php,MEDIUM,REVIEW
MOTO-DIM-SUZUKI-DR200SE-0001,Suzuki,DR200SE,,"2006,2012",,,2150.0,805.0,1185.0,1185.0,UNKNOWN,UNKNOWN,UNKNOWN,3,motorcyclespecs,https://www.motorcyclespecs.co.za/model/suzu/suzuki_dr200SE%2012.htm | https://www.motorcyclespecs.co.za/model/suzu/suzuki_dr200SE%2006.htm | https://www.motorcyclespecs.co.za/model/suzu/suzuki_dr200SE.htm,LOW,REVIEW
MOTO-DIM-SUZUKI-DR200SE-0002,Suzuki,DR200SE,,2022,2022,2022,2220.0,940.0,1185.0,1185.0,UNKNOWN,UNKNOWN,STANDARD,1,bikez,https://bikez.com/motorcycles/suzuki_dr200se_2022.php,LOW,REVIEW
MOTO-DIM-SUZUKI-DR200SE-0003,Suzuki,DR200SE,,2010,2010,2010,2150.0,805.0,,,UNKNOWN,UNKNOWN,STANDARD,1,bikez,https://bikez.com/motorcycles/suzuki_dr200se_2010.php,LOW,REVIEW
MOTO-DIM-SUZUKI-DR200SE-0004,Suzuki,DR200SE,,2002,2002,2002,2150.0,805.0,1185.0,1185.0,UNKNOWN,UNKNOWN,STANDARD,1,bikez,https://bikez.com/motorcycles/suzuki_dr_200_se_2002.php,LOW,REVIEW
MOTO-DIM-SUZUKI-DR250SE-0001,Suzuki,DR250SE,,2084,2084,2084,2165.0,860.0,1200.0,1200.0,HANDLEBAR_WIDTH,UNKNOWN,WITH_SIDE_CASES,1,motorcyclespecs,https://www.motorcyclespecs.co.za/model/suzu/suzuki_dr250%2084.htm,LOW,REVIEW
MOTO-DIM-SUZUKI-DR250SE-0002,Suzuki,DR250SE,,2082,2082,2082,2115.0,860.0,1250.0,1250.0,HANDLEBAR_WIDTH,UNKNOWN,WITH_SIDE_CASES,1,motorcyclespecs,https://www.motorcyclespecs.co.za/model/suzu/suzuki_dr250%2082.htm,LOW,REVIEW
MOTO-DIM-SUZUKI-DR350-0001,Suzuki,DR350,,2099,2099,2099,2165.0,885.0,1245.0,1245.0,UNKNOWN,UNKNOWN,UNKNOWN,1,motorcyclespecs,https://www.motorcyclespecs.co.za/model/suzu/suzuki_dr350r%2099.htm,LOW,REVIEW
MOTO-DIM-SUZUKI-DR350-0002,Suzuki,DR350,,1996,1996,1996,2235.0,885.0,1245.0,1245.0,UNKNOWN,UNKNOWN,STANDARD,1,bikez,https://bikez.com/motorcycles/suzuki_dr_350_se_1996.php,LOW,REVIEW
MOTO-DIM-SUZUKI-DR350SE-0001,Suzuki,DR350SE,,2099,2099,2099,2165.0,885.0,1245.0,1245.0,UNKNOWN,UNKNOWN,UNKNOWN,1,motorcyclespecs,https://www.motorcyclespecs.co.za/model/suzu/suzuki_dr350r%2099.htm,LOW,REVIEW
MOTO-DIM-SUZUKI-DR350SE-0002,Suzuki,DR350SE,,1996,1996,1996,2235.0,885.0,1245.0,1245.0,UNKNOWN,UNKNOWN,STANDARD,1,bikez,https://bikez.com/motorcycles/suzuki_dr_350_se_1996.php,LOW,REVIEW
MOTO-DIM-SUZUKI-DR370-0001,Suzuki,DR370,,1978,1978,1978,2120.0,860.0,,,UNKNOWN,UNKNOWN,UNKNOWN,1,motorcyclespecs,https://www.motorcyclespecs.co.za/model/suzu/suzuki_dr370.html,MEDIUM,REVIEW
MOTO-DIM-SUZUKI-DR370-0002,Suzuki,DR370,,1979,1979,1979,2120.0,860.0,,,UNKNOWN,UNKNOWN,UNKNOWN,1,motorcyclespecs,https://www.motorcyclespecs.co.za/model/suzu/suzuki_dr370_79.html,MEDIUM,REVIEW
MOTO-DIM-SUZUKI-DR650-0001,Suzuki,DR650,,2016,2016,2016,2255.0,865.0,1195.0,1195.0,UNKNOWN,UNKNOWN,STANDARD,1,bikez,https://bikez.com/motorcycles/suzuki_dr_650_2016.php,MEDIUM,REVIEW
MOTO-DIM-SUZUKI-DR650S-0001,Suzuki,DR650S,,"2015,2017,2019",,,2255.0,865.0,1195.0,1195.0,UNKNOWN,UNKNOWN,UNKNOWN,3,motorcyclespecs,https://www.motorcyclespecs.co.za/model/suzu/suzuki_dr650s%2017.htm | https://www.motorcyclespecs.co.za/model/suzu/suzuki_dr650s%2015.htm | https://www.motorcyclespecs.co.za/model/suzu/suzuki_dr650s_19.html,LOW,REVIEW
MOTO-DIM-SUZUKI-DR650S-0002,Suzuki,DR650S,,2020,2020,2020,2255.0,865.0,1195.0,1195.0,UNKNOWN,UNKNOWN,STANDARD,1,bikez,https://bikez.com/motorcycles/suzuki_dr650s_2020.php,LOW,REVIEW
MOTO-DIM-SUZUKI-DS100-0001,Suzuki,DS100,,1987,1987,1987,1790.0,785.0,1065.0,1065.0,UNKNOWN,UNKNOWN,STANDARD,1,bikez,https://bikez.com/motorcycles/suzuki_dr_100_1987.php,MEDIUM,REVIEW
MOTO-DIM-SUZUKI-DR650SE-0001,Suzuki,DR650SE,,"2000,2098",,,2255.0,865.0,1195.0,1195.0,UNKNOWN,UNKNOWN,UNKNOWN,2,motorcyclespecs,https://www.motorcyclespecs.co.za/model/suzu/suzuki_dr650se%2098.htm | https://www.motorcyclespecs.co.za/model/suzu/suzuki_dr650se%2000.htm,LOW,REVIEW
MOTO-DIM-SUZUKI-DR650SE-0002,Suzuki,DR650SE,,2009,2009,2009,2255.0,865.0,1195.0,1195.0,HANDLEBAR_WIDTH,UNKNOWN,UNKNOWN,1,motorcyclespecs,https://www.motorcyclespecs.co.za/model/suzu/suzuki_dr650se%2009.htm,LOW,REVIEW
MOTO-DIM-SUZUKI-DR650SE-0003,Suzuki,DR650SE,,2022,2022,2022,2255.0,865.0,1195.0,1195.0,UNKNOWN,UNKNOWN,STANDARD,1,bikez,https://bikez.com/motorcycles/suzuki_dr_650_se_2022.php,LOW,REVIEW
MOTO-DIM-SUZUKI-DR650SES-0001,Suzuki,DR650SES,,"2000,2098",,,2255.0,865.0,1195.0,1195.0,UNKNOWN,UNKNOWN,UNKNOWN,2,motorcyclespecs,https://www.motorcyclespecs.co.za/model/suzu/suzuki_dr650se%2098.htm | https://www.motorcyclespecs.co.za/model/suzu/suzuki_dr650se%2000.htm,LOW,REVIEW
MOTO-DIM-SUZUKI-DR650SES-0002,Suzuki,DR650SES,,2009,2009,2009,2255.0,865.0,1195.0,1195.0,HANDLEBAR_WIDTH,UNKNOWN,UNKNOWN,1,motorcyclespecs,https://www.motorcyclespecs.co.za/model/suzu/suzuki_dr650se%2009.htm,LOW,REVIEW
MOTO-DIM-SUZUKI-DR650SES-0003,Suzuki,DR650SES,,2022,2022,2022,2255.0,865.0,1195.0,1195.0,UNKNOWN,UNKNOWN,STANDARD,1,bikez,https://bikez.com/motorcycles/suzuki_dr_650_se_2022.php,LOW,REVIEW
MOTO-DIM-SUZUKI-DS250-0001,Suzuki,DS250,,2084,2084,2084,2165.0,860.0,1200.0,1200.0,HANDLEBAR_WIDTH,UNKNOWN,WITH_SIDE_CASES,1,motorcyclespecs,https://www.motorcyclespecs.co.za/model/suzu/suzuki_dr250%2084.htm,LOW,REVIEW
MOTO-DIM-SUZUKI-DS250-0002,Suzuki,DS250,,2082,2082,2082,2115.0,860.0,1250.0,1250.0,HANDLEBAR_WIDTH,UNKNOWN,WITH_SIDE_CASES,1,motorcyclespecs,https://www.motorcyclespecs.co.za/model/suzu/suzuki_dr250%2082.htm,LOW,REVIEW
MOTO-DIM-SUZUKI-F50-0001,Suzuki,F50,,1979,1979,1979,1650.0,665.0,990.0,990.0,UNKNOWN,UNKNOWN,STANDARD,1,bikez,https://bikez.com/motorcycles/suzuki_fz50_1979.php,MEDIUM,REVIEW
MOTO-DIM-SUZUKI-FS50-0001,Suzuki,FS50,,1979,1979,1979,1650.0,665.0,990.0,990.0,UNKNOWN,UNKNOWN,STANDARD,1,bikez,https://bikez.com/motorcycles/suzuki_fz50_1979.php,MEDIUM,REVIEW
MOTO-DIM-SUZUKI-FZ50-0001,Suzuki,FZ50,,1979,1979,1979,1650.0,665.0,990.0,990.0,UNKNOWN,UNKNOWN,STANDARD,1,bikez,https://bikez.com/motorcycles/suzuki_fz50_1979.php,MEDIUM,REVIEW
MOTO-DIM-SUZUKI-GD115AX4-0001,Suzuki,GD115 AX4,,2022,2022,2022,1900.0,750.0,1050.0,1050.0,UNKNOWN,UNKNOWN,STANDARD,1,bikez,https://bikez.com/motorcycles/suzuki_ax4_115_2022.php,MEDIUM,REVIEW
MOTO-DIM-SUZUKI-GE110HAYATE-0001,Suzuki,GE110 Hayate,,2020,2020,2020,1900.0,750.0,1050.0,1050.0,UNKNOWN,UNKNOWN,STANDARD,1,bikez,https://bikez.com/motorcycles/suzuki_gd110_2020.php,MEDIUM,REVIEW
MOTO-DIM-SUZUKI-GIXXER-0001,Suzuki,Gixxer,,,,,2020.0,800.0,1035.0,1035.0,UNKNOWN,UNKNOWN,UNKNOWN,1,bikedekho,https://www.bikedekho.com/suzuki/gixxer/specifications,MEDIUM,REVIEW
MOTO-DIM-SUZUKI-GIXXER150-0001,Suzuki,Gixxer 150,,2014,2014,2014,2050.0,785.0,1085.0,1085.0,UNKNOWN,UNKNOWN,UNKNOWN,1,motorcyclespecs,https://www.motorcyclespecs.co.za/model/suzu/Suzuki_GSX150F.htm,LOW,REVIEW
MOTO-DIM-SUZUKI-GIXXER250ABS-0001,Suzuki,Gixxer 250 ABS,,,,,2010.0,805.0,1035.0,1035.0,UNKNOWN,UNKNOWN,STANDARD,1,bikedekho,https://www.bikedekho.com/suzuki/gixxer-250/specifications,MEDIUM,REVIEW
MOTO-DIM-SUZUKI-GIXXERSF150-0001,Suzuki,Gixxer SF 150,,2014,2014,2014,2050.0,785.0,1085.0,1085.0,UNKNOWN,UNKNOWN,UNKNOWN,1,motorcyclespecs,https://www.motorcyclespecs.co.za/model/suzu/Suzuki_GSX150F.htm,LOW,REVIEW
MOTO-DIM-SUZUKI-GIXXERBITONO-0001,Suzuki,Gixxer Bi-Tono,,,,,2025.0,715.0,1035.0,1035.0,UNKNOWN,UNKNOWN,UNKNOWN,1,bikedekho,https://www.bikedekho.com/suzuki/gixxer-sf/specifications,MEDIUM,REVIEW
MOTO-DIM-SUZUKI-GIXXERSF-0001,Suzuki,Gixxer SF,,,,,2025.0,715.0,1035.0,1035.0,UNKNOWN,UNKNOWN,UNKNOWN,1,bikedekho,https://www.bikedekho.com/suzuki/gixxer-sf/specifications,MEDIUM,REVIEW
MOTO-DIM-SUZUKI-GIXXERSFFI-0001,Suzuki,Gixxer SF FI,,,,,2025.0,715.0,1035.0,1035.0,UNKNOWN,UNKNOWN,UNKNOWN,1,bikedekho,https://www.bikedekho.com/suzuki/gixxer-sf/specifications,MEDIUM,REVIEW
MOTO-DIM-SUZUKI-GIXXERSFFIBITONO-0001,Suzuki,Gixxer SF FI Bi-Tono,,,,,2025.0,715.0,1035.0,1035.0,UNKNOWN,UNKNOWN,UNKNOWN,1,bikedekho,https://www.bikedekho.com/suzuki/gixxer-sf/specifications,MEDIUM,REVIEW
MOTO-DIM-SUZUKI-GIXXERSFFIGP-0001,Suzuki,Gixxer SF FI GP,,2017,2017,2017,2050.0,785.0,1030.0,1030.0,UNKNOWN,UNKNOWN,STANDARD,1,bikez,https://bikez.com/motorcycles/suzuki_gixxer_sf_sp_2017.php,MEDIUM,REVIEW
MOTO-DIM-SUZUKI-GIXXERSFGP-0001,Suzuki,Gixxer SF GP,,2017,2017,2017,2050.0,785.0,1030.0,1030.0,UNKNOWN,UNKNOWN,STANDARD,1,bikez,https://bikez.com/motorcycles/suzuki_gixxer_sf_sp_2017.php,MEDIUM,REVIEW
MOTO-DIM-SUZUKI-GIXXERSF250-0001,Suzuki,Gixxer SF250,,"2018,2020,2022",,,2010.0,740.0,1035.0,1035.0,UNKNOWN,UNKNOWN,STANDARD,3,motorcyclespecs | bikez,https://www.motorcyclespecs.co.za/model/suzu/suzuki_sf250.html | https://bikez.com/motorcycles/suzuki_gixxer_sf_250_2022.php | https://bikez.com/motorcycles/suzuki_gixxer_sf_250_2020.php,LOW,REVIEW
MOTO-DIM-SUZUKI-GIXXERSF250-0002,Suzuki,Gixxer SF250,,,,,2010.0,740.0,1035.0,1035.0,UNKNOWN,UNKNOWN,UNKNOWN,1,bikedekho,https://www.bikedekho.com/suzuki/gixxer-sf-250/specifications,LOW,REVIEW
MOTO-DIM-SUZUKI-GIXXERSF250EDICIONLIMITADA-0001,Suzuki,Gixxer SF250 Edicion Limitada,,"2018,2020,2022",,,2010.0,740.0,1035.0,1035.0,UNKNOWN,UNKNOWN,STANDARD,3,motorcyclespecs | bikez,https://www.motorcyclespecs.co.za/model/suzu/suzuki_sf250.html | https://bikez.com/motorcycles/suzuki_gixxer_sf_250_2022.php | https://bikez.com/motorcycles/suzuki_gixxer_sf_250_2020.php,LOW,REVIEW
MOTO-DIM-SUZUKI-GIXXERSF250EDICIONLIMITADA-0002,Suzuki,Gixxer SF250 Edicion Limitada,,,,,2010.0,740.0,1035.0,1035.0,UNKNOWN,UNKNOWN,UNKNOWN,1,bikedekho,https://www.bikedekho.com/suzuki/gixxer-sf-250/specifications,LOW,REVIEW
MOTO-DIM-SUZUKI-GIXXERSF250GP-0001,Suzuki,Gixxer SF250 GP,,"2018,2020,2022",,,2010.0,740.0,1035.0,1035.0,UNKNOWN,UNKNOWN,STANDARD,3,motorcyclespecs | bikez,https://www.motorcyclespecs.co.za/model/suzu/suzuki_sf250.html | https://bikez.com/motorcycles/suzuki_gixxer_sf_250_2022.php | https://bikez.com/motorcycles/suzuki_gixxer_sf_250_2020.php,LOW,REVIEW
MOTO-DIM-SUZUKI-GIXXERSF250GP-0002,Suzuki,Gixxer SF250 GP,,,,,2010.0,740.0,1035.0,1035.0,UNKNOWN,UNKNOWN,UNKNOWN,1,bikedekho,https://www.bikedekho.com/suzuki/gixxer-sf-250/specifications,LOW,REVIEW
MOTO-DIM-SUZUKI-GLADIUS-0001,Suzuki,Gladius,,2014,2014,2014,2130.0,760.0,1090.0,1090.0,UNKNOWN,UNKNOWN,STANDARD,1,bikez,https://bikez.com/motorcycles/suzuki_gladius_2014.php,MEDIUM,REVIEW
MOTO-DIM-SUZUKI-GN125-0001,Suzuki,GN125,,2085,2085,2085,1945.0,815.0,1110.0,1110.0,UNKNOWN,UNKNOWN,UNKNOWN,1,motorcyclespecs,https://www.motorcyclespecs.co.za/model/suzu/suzuki_gn125%2085.htm,LOW,REVIEW
MOTO-DIM-SUZUKI-GN125-0002,Suzuki,GN125,,2022,2022,2022,1945.0,815.0,1110.0,1110.0,UNKNOWN,UNKNOWN,STANDARD,1,bikez,https://bikez.com/motorcycles/suzuki_gn_125_2022.php,LOW,REVIEW
MOTO-DIM-SUZUKI-GN125F-0001,Suzuki,GN125F,,2085,2085,2085,1945.0,815.0,1110.0,1110.0,UNKNOWN,UNKNOWN,UNKNOWN,1,motorcyclespecs,https://www.motorcyclespecs.co.za/model/suzu/suzuki_gn125%2085.htm,LOW,REVIEW
MOTO-DIM-SUZUKI-GN125F-0002,Suzuki,GN125F,,2022,2022,2022,1945.0,815.0,1110.0,1110.0,UNKNOWN,UNKNOWN,STANDARD,1,bikez,https://bikez.com/motorcycles/suzuki_gn_125_2022.php,LOW,REVIEW
MOTO-DIM-SUZUKI-GN125E-0001,Suzuki,GN125E,,2097,2097,2097,1945.0,815.0,1110.0,1110.0,UNKNOWN,UNKNOWN,UNKNOWN,1,motorcyclespecs,https://www.motorcyclespecs.co.za/model/suzu/suzuki_gn125e%2097.htm,MEDIUM,REVIEW
MOTO-DIM-SUZUKI-GN400-0001,Suzuki,GN400,,2081,2081,2081,2110.0,840.0,1200.0,1200.0,UNKNOWN,UNKNOWN,UNKNOWN,1,motorcyclespecs,https://www.motorcyclespecs.co.za/model/suzu/suzuki_gn400e%2081.htm,MEDIUM,REVIEW
MOTO-DIM-SUZUKI-GS1000-0001,Suzuki,GS1000,,1978,1978,1978,2340.0,755.0,1145.0,1145.0,UNKNOWN,UNKNOWN,UNKNOWN,1,motorcyclespecs,https://www.motorcyclespecs.co.za/model/suzu/suzuki_gs1000_78.html,LOW,REVIEW
MOTO-DIM-SUZUKI-GS1000E-0001,Suzuki,GS1000E,,2078,2078,2078,2340.0,755.0,1145.0,1145.0,HANDLEBAR_WIDTH,UNKNOWN,STANDARD,1,motorcyclespecs,https://www.motorcyclespecs.co.za/model/suzu/suzuki_gs1000e%2078.htm,LOW,REVIEW
MOTO-DIM-SUZUKI-GS1000E-0002,Suzuki,GS1000E,,1979,1979,1979,2340.0,755.0,1145.0,1145.0,UNKNOWN,UNKNOWN,UNKNOWN,1,motorcyclespecs,https://www.motorcyclespecs.co.za/model/suzu/suzuki_gs1000e_79.html,LOW,REVIEW
MOTO-DIM-SUZUKI-GS1000G-0001,Suzuki,GS1000G,,2079,2079,2079,2340.0,755.0,1145.0,1145.0,HANDLEBAR_WIDTH,UNKNOWN,STANDARD,1,motorcyclespecs,https://www.motorcyclespecs.co.za/model/suzu/suzuki_gs1000g%2079.htm,LOW,REVIEW
MOTO-DIM-SUZUKI-GS1000S-0001,Suzuki,GS1000S,,2080,2080,2080,2340.0,755.0,1250.0,1250.0,UNKNOWN,UNKNOWN,STANDARD,1,motorcyclespecs,https://www.motorcyclespecs.co.za/model/suzu/suzuki_gs1000s%2080.htm,LOW,REVIEW
MOTO-DIM-SUZUKI-GS1000S-0002,Suzuki,GS1000S,,2079,2079,2079,2340.0,755.0,1250.0,1250.0,HANDLEBAR_WIDTH,UNKNOWN,STANDARD,1,motorcyclespecs,https://www.motorcyclespecs.co.za/model/suzu/suzuki_gs1000s%2079.htm,LOW,REVIEW
MOTO-DIM-SUZUKI-GS1000SKATANA-0001,Suzuki,GS1000S Katana,,2082,2082,2082,2260.0,715.0,1195.0,1195.0,UNKNOWN,UNKNOWN,STANDARD,1,motorcyclespecs,https://www.motorcyclespecs.co.za/model/suzu/suzuki_gsx1000s_katana%2082.htm,LOW,REVIEW
MOTO-DIM-SUZUKI-GS1000SKATANA-0002,Suzuki,GS1000S Katana,,2080,2080,2080,2340.0,755.0,1250.0,1250.0,UNKNOWN,UNKNOWN,STANDARD,1,motorcyclespecs,https://www.motorcyclespecs.co.za/model/suzu/suzuki_gs1000s%2080.htm,LOW,REVIEW
MOTO-DIM-SUZUKI-GS1000SKATANA-0003,Suzuki,GS1000S Katana,,2079,2079,2079,2340.0,755.0,1250.0,1250.0,HANDLEBAR_WIDTH,UNKNOWN,STANDARD,1,motorcyclespecs,https://www.motorcyclespecs.co.za/model/suzu/suzuki_gs1000s%2079.htm,LOW,REVIEW
MOTO-DIM-SUZUKI-GS1100ES-0001,Suzuki,GS1100ES,,2083,2083,2083,2215.0,870.0,1119.0,1119.0,HANDLEBAR_WIDTH,UNKNOWN,STANDARD,1,motorcyclespecs,https://www.motorcyclespecs.co.za/model/suzu/suzuki_gsx1100es%2083.htm,LOW,REVIEW
MOTO-DIM-SUZUKI-GS1100G-0001,Suzuki,GS1100G,,2082,2082,2082,2210.0,770.0,1150.0,1150.0,HANDLEBAR_WIDTH,UNKNOWN,UNKNOWN,1,motorcyclespecs,https://www.motorcyclespecs.co.za/model/suzu/suzuki_gs1100g%2082.htm,LOW,REVIEW
MOTO-DIM-SUZUKI-GS1100GK-0001,Suzuki,GS1100GK,,2082,2082,2082,2300.0,905.0,1260.0,1260.0,UNKNOWN,UNKNOWN,STANDARD,1,motorcyclespecs,https://www.motorcyclespecs.co.za/model/suzu/suzuki_gs1100gk%2082.htm,LOW,REVIEW
MOTO-DIM-SUZUKI-GS1100GL-0001,Suzuki,GS1100GL,,2082,2082,2082,2300.0,905.0,1260.0,1260.0,HANDLEBAR_WIDTH,UNKNOWN,UNKNOWN,1,motorcyclespecs,https://www.motorcyclespecs.co.za/model/suzu/suzuki_gs1100gl%2082.htm,MEDIUM,REVIEW
MOTO-DIM-SUZUKI-GS1100L-0001,Suzuki,GS1100L,,2080,2080,2080,2300.0,905.0,1260.0,1260.0,UNKNOWN,UNKNOWN,UNKNOWN,1,motorcyclespecs,https://www.motorcyclespecs.co.za/model/suzu/suzuki_gsx1100L%2080.htm,LOW,REVIEW
MOTO-DIM-SUZUKI-GS1100SKATANA-0001,Suzuki,GS1100S Katana,,2092,2092,2092,2260.0,715.0,1195.0,1195.0,UNKNOWN,UNKNOWN,UNKNOWN,1,motorcyclespecs,https://www.motorcyclespecs.co.za/model/suzu/suzuki_gsx1100s_katana%2092.htm,LOW,REVIEW
MOTO-DIM-SUZUKI-GS1100SKATANA-0002,Suzuki,GS1100S Katana,,"1983,2082",,,2260.0,715.0,1195.0,1195.0,HANDLEBAR_WIDTH,UNKNOWN,UNKNOWN,2,motorcyclespecs,https://www.motorcyclespecs.co.za/model/suzu/suzuki_gsx1100s_katana%2082.htm | https://www.motorcyclespecs.co.za/model/suzu/suzuki_gsx1100s_katana_83.html,LOW,REVIEW
MOTO-DIM-SUZUKI-GS150R-0001,Suzuki,GS150R,,2014,2014,2014,2095.0,785.0,1120.0,1120.0,UNKNOWN,UNKNOWN,STANDARD,1,bikez,https://bikez.com/motorcycles/suzuki_gs150r_2014.php,MEDIUM,REVIEW
MOTO-DIM-SUZUKI-GS250T-0001,Suzuki,GS250T,,1980,1980,1980,2075.0,885.0,1155.0,1155.0,UNKNOWN,UNKNOWN,STANDARD,1,bikez,https://bikez.com/motorcycles/suzuki_gs_250_t_1980.php,MEDIUM,REVIEW
MOTO-DIM-SUZUKI-GS400X-0001,Suzuki,GS400X,,2076,2076,2076,2085.0,840.0,,,UNKNOWN,UNKNOWN,STANDARD,1,motorcyclespecs,https://www.motorcyclespecs.co.za/model/suzu/suzuki_gs400%2076.htm,LOW,REVIEW
MOTO-DIM-SUZUKI-GS500F-0001,Suzuki,GS500F,,2004,2004,2004,2080.0,800.0,1150.0,1150.0,UNKNOWN,UNKNOWN,UNKNOWN,1,motorcyclespecs,https://www.motorcyclespecs.co.za/model/suzu/suzuki_gs500f%2004.htm,LOW,REVIEW
MOTO-DIM-SUZUKI-GS500F-0002,Suzuki,GS500F,,2007,2007,2007,,,790.0,790.0,UNKNOWN,UNKNOWN,STANDARD,1,motorcyclespecs,https://www.motorcyclespecs.co.za/model/suzu/suzuki_gs500e_07.html,LOW,REVIEW
MOTO-DIM-SUZUKI-GS500F-0003,Suzuki,GS500F,,2014,2014,2014,2080.0,800.0,1150.0,1150.0,HANDLEBAR_WIDTH,UNKNOWN,STANDARD,1,bikez,https://bikez.com/motorcycles/suzuki_gs500f_2014.php,LOW,REVIEW
MOTO-DIM-SUZUKI-GS500F-0004,Suzuki,GS500F,,2008,2008,2008,2080.0,800.0,1150.0,1150.0,UNKNOWN,UNKNOWN,STANDARD,1,bikez,https://bikez.com/motorcycles/suzuki_gs500f_2008.php,LOW,REVIEW
MOTO-DIM-SUZUKI-GS550ES-0001,Suzuki,GS550ES,,"2083,2084",2083,2084,2125.0,710.0,1110.0,1110.0,HANDLEBAR_WIDTH,UNKNOWN,UNKNOWN,2,motorcyclespecs,https://www.motorcyclespecs.co.za/model/suzu/suzuki_gsx550es%2084.htm | https://www.motorcyclespecs.co.za/model/suzu/suzuki_gsx550es%2083.htm,LOW,REVIEW
MOTO-DIM-SUZUKI-GS550ES-0002,Suzuki,GS550ES,,1985,1985,1985,2125.0,710.0,1110.0,1110.0,UNKNOWN,UNKNOWN,UNKNOWN,1,motorcyclespecs,https://www.motorcyclespecs.co.za/model/suzu/suzuki_gs550es_85.html,LOW,REVIEW
MOTO-DIM-SUZUKI-GS650MKATANA-0001,Suzuki,GS650M Katana,,"2081,2083",,,2180.0,730.0,1120.0,1120.0,UNKNOWN,UNKNOWN,UNKNOWN,2,motorcyclespecs,https://www.motorcyclespecs.co.za/model/suzu/suzuki_gs650g%2083.htm | https://www.motorcyclespecs.co.za/model/suzu/suzuki_gs650g%2081.htm,LOW,REVIEW
MOTO-DIM-SUZUKI-GS700E-0001,Suzuki,GS700E,,2085,2085,2085,2135.0,735.0,1105.0,1105.0,UNKNOWN,UNKNOWN,UNKNOWN,1,motorcyclespecs,https://www.motorcyclespecs.co.za/model/suzu/suzuki_gs700e%2085.htm,MEDIUM,REVIEW
MOTO-DIM-SUZUKI-GS700ES-0001,Suzuki,GS700ES,,2085,2085,2085,2135.0,740.0,1195.0,1195.0,UNKNOWN,UNKNOWN,UNKNOWN,1,motorcyclespecs,https://www.motorcyclespecs.co.za/model/suzu/suzuki_gs700es%2085.htm,MEDIUM,REVIEW
MOTO-DIM-SUZUKI-GS750-0001,Suzuki,GS750,,2076,2076,2076,2225.0,870.0,1170.0,1170.0,HANDLEBAR_WIDTH,UNKNOWN,STANDARD,1,motorcyclespecs,https://www.motorcyclespecs.co.za/model/suzu/suzuki_gs750%2076.htm,LOW,REVIEW
MOTO-DIM-SUZUKI-GS750E-0001,Suzuki,GS750E,,"1979,2079",,,2225.0,870.0,1170.0,1170.0,HANDLEBAR_WIDTH,UNKNOWN,STANDARD,2,motorcyclespecs,https://www.motorcyclespecs.co.za/model/suzu/suzuki_gs750e%2079.htm | https://www.motorcyclespecs.co.za/model/suzu/suzuki_gs750e_79.html,LOW,REVIEW
MOTO-DIM-SUZUKI-GS750E-0002,Suzuki,GS750E,,2078,2078,2078,2225.0,870.0,1170.0,1170.0,UNKNOWN,UNKNOWN,UNKNOWN,1,motorcyclespecs,https://www.motorcyclespecs.co.za/model/suzu/suzuki_gs750e%2078.htm,LOW,REVIEW
MOTO-DIM-SUZUKI-GS750E-0003,Suzuki,GS750E,,1978,1978,1978,2225.0,,,,UNKNOWN,UNKNOWN,STANDARD,1,bikez,https://bikez.com/motorcycles/suzuki_gs_750_e_1978.php,LOW,REVIEW
MOTO-DIM-SUZUKI-GS750ES-0001,Suzuki,GS750ES,,"1985,2084,2085",,,2155.0,765.0,1260.0,1260.0,UNKNOWN,UNKNOWN,UNKNOWN,3,motorcyclespecs,https://www.motorcyclespecs.co.za/model/suzu/suzuki_gsx750es%2085.htm | https://www.motorcyclespecs.co.za/model/suzu/suzuki_gsx750es%2084.htm | https://www.motorcyclespecs.co.za/model/suzu/suzuki_gsx750es_85.html,LOW,REVIEW
MOTO-DIM-SUZUKI-GS750L-0001,Suzuki,GS750L,,2079,2079,2079,2213.0,875.0,1170.0,1170.0,UNKNOWN,UNKNOWN,UNKNOWN,1,motorcyclespecs,https://www.motorcyclespecs.co.za/model/suzu/suzuki_gs750l%2079.htm,LOW,REVIEW
MOTO-DIM-SUZUKI-GS750SKATANA-0001,Suzuki,GS750S Katana,,2081,2081,2081,2250.0,715.0,1195.0,1195.0,HANDLEBAR_WIDTH,UNKNOWN,STANDARD,1,motorcyclespecs,https://www.motorcyclespecs.co.za/model/suzu/suzuki_gsx750sz_katana%2081.htm,LOW,REVIEW
MOTO-DIM-SUZUKI-GS750T-0001,Suzuki,GS750T,,1982,1982,1982,2265.0,855.0,1195.0,1195.0,UNKNOWN,UNKNOWN,STANDARD,1,bikez,https://bikez.com/motorcycles/suzuki_gs_750_t_1982.php,MEDIUM,REVIEW
MOTO-DIM-SUZUKI-GS850G-0001,Suzuki,GS850G,,"1980,2085",,,2235.0,735.0,1145.0,1145.0,UNKNOWN,UNKNOWN,UNKNOWN,2,motorcyclespecs,https://www.motorcyclespecs.co.za/model/suzu/suzuki_gs850g%2085.htm | https://www.motorcyclespecs.co.za/model/suzu/suzuki_gs850g_80.html,LOW,REVIEW
MOTO-DIM-SUZUKI-GS850G-0002,Suzuki,GS850G,,2081,2081,2081,2235.0,735.0,1145.0,1145.0,UNKNOWN,UNKNOWN,STANDARD,1,motorcyclespecs,https://www.motorcyclespecs.co.za/model/suzu/suzuki_gs850g%2081.htm,LOW,REVIEW
MOTO-DIM-SUZUKI-GS850GL-0001,Suzuki,GS850GL,,2081,2081,2081,2235.0,735.0,1145.0,1145.0,HANDLEBAR_WIDTH,UNKNOWN,STANDARD,1,motorcyclespecs,https://www.motorcyclespecs.co.za/model/suzu/suzuki_gs850gl%2081.htm,MEDIUM,REVIEW
MOTO-DIM-SUZUKI-GSF1250SBANDIT-0001,Suzuki,GSF1250S Bandit,,"2010,2015",,,2130.0,790.0,1250.0,1250.0,UNKNOWN,UNKNOWN,STANDARD,2,motorcyclespecs,https://www.motorcyclespecs.co.za/model/suzu/suzuki_bandit_1250s%2015.htm | https://www.motorcyclespecs.co.za/model/suzu/suzuki_bandit_1250s%2010.htm,LOW,REVIEW
MOTO-DIM-SUZUKI-GSF1250SBANDIT-0002,Suzuki,GSF1250S Bandit,,2007,2007,2007,2130.0,790.0,1250.0,1250.0,UNKNOWN,WINDSCREEN_LOW,STANDARD,1,motorcyclespecs,https://www.motorcyclespecs.co.za/model/suzu/suzuki_bandit_1250s%2007.htm,LOW,REVIEW
MOTO-DIM-SUZUKI-GSF1250SBANDIT-0003,Suzuki,GSF1250S Bandit,,2009,2009,2009,2130.0,790.0,1235.0,1235.0,UNKNOWN,UNKNOWN,STANDARD,1,bikez,https://bikez.com/motorcycles/suzuki_gsf1250s_bandit_2009.php,LOW,REVIEW
MOTO-DIM-SUZUKI-GSF1250SABANDITABS-0001,Suzuki,GSF1250SA Bandit ABS,,2009,2009,2009,2130.0,790.0,1235.0,1235.0,UNKNOWN,UNKNOWN,STANDARD,1,bikez,https://bikez.com/motorcycles/suzuki_gsf1250s_bandit_abs_2009.php,MEDIUM,REVIEW
MOTO-DIM-SUZUKI-GSF400BANDIT-0001,Suzuki,GSF400 Bandit,,"2089,2094,2097",,,2055.0,705.0,1060.0,1060.0,UNKNOWN,UNKNOWN,UNKNOWN,3,motorcyclespecs,https://www.motorcyclespecs.co.za/model/suzu/suzuki_gsf400_bandit%2097.htm | https://www.motorcyclespecs.co.za/model/suzu/suzuki_gsf400_bandit%2094.htm | https://www.motorcyclespecs.co.za/model/suzu/suzuki_gsf400_bandit%2089.htm,LOW,REVIEW
MOTO-DIM-SUZUKI-GSF400BANDIT-0002,Suzuki,GSF400 Bandit,,1997,1997,1997,2050.0,720.0,1055.0,1055.0,UNKNOWN,UNKNOWN,STANDARD,1,bikez,https://bikez.com/motorcycles/suzuki_gsf_400_bandit_1997.php,LOW,REVIEW
MOTO-DIM-SUZUKI-GSX8S-0001,Suzuki,GSX-8S,,2026,2026,2026,2115.0,775.0,1105.0,1105.0,UNKNOWN,UNKNOWN,UNKNOWN,2,1000ps | bikedekho,https://www.1000ps.com/en-gb/model/11391/suzuki-gsx-8s | https://www.bikedekho.com/suzuki/gsx-8s/specifications,LOW,REVIEW
MOTO-DIM-SUZUKI-GSX8S-0002,Suzuki,GSX-8S,,2023,2023,2023,2115.0,775.0,1105.0,1105.0,UNKNOWN,UNKNOWN,STANDARD,1,bikez,https://bikez.com/motorcycles/suzuki_gsx-8s_2023.php,LOW,REVIEW
MOTO-DIM-SUZUKI-GSX8T-0001,Suzuki,GSX-8T,,2025,2025,2025,2155.0,775.0,1105.0,1105.0,HANDLEBAR_WIDTH,UNKNOWN,STANDARD,1,motorcyclespecs,https://www.motorcyclespecs.co.za/model/suzu/suzuki-gsx-8t-2025.html,LOW,REVIEW
MOTO-DIM-SUZUKI-GSX8T-0002,Suzuki,GSX-8T,,2026,2026,2026,2115.0,775.0,1105.0,1105.0,UNKNOWN,UNKNOWN,UNKNOWN,2,1000ps | bikedekho,https://www.1000ps.com/en-gb/model/13166/suzuki-gsx-8t | https://www.bikedekho.com/suzuki/gsx-8t/specifications,LOW,REVIEW
MOTO-DIM-SUZUKI-GSX8TT-0001,Suzuki,GSX-8TT,,2025,2025,2025,2155.0,775.0,1105.0,1105.0,HANDLEBAR_WIDTH,UNKNOWN,STANDARD,1,motorcyclespecs,https://www.motorcyclespecs.co.za/model/suzu/suzuki-gsx-8tt-2025.html,LOW,REVIEW
MOTO-DIM-SUZUKI-GSX8TT-0002,Suzuki,GSX-8TT,,2026,2026,2026,2115.0,775.0,1160.0,1160.0,UNKNOWN,UNKNOWN,UNKNOWN,1,1000ps,https://www.1000ps.com/en-gb/model/13167/suzuki-gsx-8tt,LOW,REVIEW
MOTO-DIM-SUZUKI-GSXR1000-0001,Suzuki,GSX-R1000,,"2017,2026",,,2075.0,705.0,1145.0,1145.0,UNKNOWN,UNKNOWN,STANDARD,2,motorcyclespecs,https://www.motorcyclespecs.co.za/model/suzu/suzuki-gxx-r-1000r-2026.html | https://www.motorcyclespecs.co.za/model/suzu/Suzuki_GSX-R_1000_17.html,LOW,REVIEW
MOTO-DIM-SUZUKI-GSXR1000-0002,Suzuki,GSX-R1000,,2007,2007,2007,2045.0,720.0,1130.0,1130.0,HANDLEBAR_WIDTH,UNKNOWN,UNKNOWN,1,motorcyclespecs,https://www.motorcyclespecs.co.za/model/suzu/suzuki_gsxr1000%2007.htm,LOW,REVIEW
MOTO-DIM-SUZUKI-GSXR1000-0003,Suzuki,GSX-R1000,,2021,2021,2021,2075.0,705.0,1145.0,1145.0,UNKNOWN,UNKNOWN,UNKNOWN,1,1000ps,https://www.1000ps.com/en-gb/model/16/suzuki-gsx-r-1000,LOW,REVIEW
MOTO-DIM-SUZUKI-GSXR1000-0004,Suzuki,GSX-R1000,,2013,2013,2013,2045.0,705.0,,,UNKNOWN,UNKNOWN,STANDARD,1,bikez,https://bikez.com/motorcycles/suzuki_gsx-r1000_2013.php,LOW,REVIEW
MOTO-DIM-SUZUKI-GSXR1000-0005,Suzuki,GSX-R1000,,2001,2001,2001,2045.0,715.0,1135.0,1135.0,UNKNOWN,UNKNOWN,STANDARD,1,bikez,https://bikez.com/motorcycles/suzuki_gsx-r_1000_2001.php,LOW,REVIEW
MOTO-DIM-SUZUKI-GSXR10001MILLIONCE-0001,Suzuki,GSX-R1000 1 Million C.E.,,2013,2013,2013,2045.0,705.0,,,UNKNOWN,UNKNOWN,STANDARD,1,bikez,https://bikez.com/motorcycles/suzuki_gsx-r1000_1_million_2013.php,MEDIUM,REVIEW
MOTO-DIM-SUZUKI-GSXR100040THANNIVERSARY-0001,Suzuki,GSX-R1000 40th Anniversary,,2027,2027,2027,2075.0,705.0,1145.0,1145.0,UNKNOWN,UNKNOWN,UNKNOWN,1,motorcyclespecs,https://www.motorcyclespecs.co.za/model/suzu/suzuki-gxx-r-1000rs-2027.html,MEDIUM,REVIEW
MOTO-DIM-SUZUKI-GSXR1000A-0001,Suzuki,GSX-R1000 A,,2022,2022,2022,2075.0,705.0,1145.0,1145.0,UNKNOWN,UNKNOWN,STANDARD,1,bikez,https://bikez.com/motorcycles/suzuki_gsx-r1000a_2022.php,MEDIUM,REVIEW
MOTO-DIM-SUZUKI-GSXR1000AGP-0001,Suzuki,GSX-R1000 A GP,,"2017,2026",,,2075.0,705.0,1145.0,1145.0,UNKNOWN,UNKNOWN,STANDARD,2,motorcyclespecs,https://www.motorcyclespecs.co.za/model/suzu/suzuki-gxx-r-1000r-2026.html | https://www.motorcyclespecs.co.za/model/suzu/Suzuki_GSX-R_1000_17.html,LOW,REVIEW
MOTO-DIM-SUZUKI-GSXR1000AGP-0002,Suzuki,GSX-R1000 A GP,,2007,2007,2007,2045.0,720.0,1130.0,1130.0,HANDLEBAR_WIDTH,UNKNOWN,UNKNOWN,1,motorcyclespecs,https://www.motorcyclespecs.co.za/model/suzu/suzuki_gsxr1000%2007.htm,LOW,REVIEW
MOTO-DIM-SUZUKI-GSXR1000AGP-0003,Suzuki,GSX-R1000 A GP,,2021,2021,2021,2075.0,705.0,1145.0,1145.0,UNKNOWN,UNKNOWN,UNKNOWN,1,1000ps,https://www.1000ps.com/en-gb/model/16/suzuki-gsx-r-1000,LOW,REVIEW
MOTO-DIM-SUZUKI-GSXR1000AGP-0004,Suzuki,GSX-R1000 A GP,,2013,2013,2013,2045.0,705.0,,,UNKNOWN,UNKNOWN,STANDARD,1,bikez,https://bikez.com/motorcycles/suzuki_gsx-r1000_2013.php,LOW,REVIEW
MOTO-DIM-SUZUKI-GSXR1000AGP-0005,Suzuki,GSX-R1000 A GP,,2001,2001,2001,2045.0,715.0,1135.0,1135.0,UNKNOWN,UNKNOWN,STANDARD,1,bikez,https://bikez.com/motorcycles/suzuki_gsx-r_1000_2001.php,LOW,REVIEW
MOTO-DIM-SUZUKI-GSXR1000AABS-0001,Suzuki,GSX-R1000 A ABS,,2016,2016,2016,2045.0,705.0,,,UNKNOWN,UNKNOWN,STANDARD,1,bikez,https://bikez.com/motorcycles/suzuki_gsx-r1000_abs_2016.php,MEDIUM,REVIEW
MOTO-DIM-SUZUKI-GSXR1000ABS-0001,Suzuki,GSX-R1000 ABS,,2016,2016,2016,2045.0,705.0,,,UNKNOWN,UNKNOWN,STANDARD,1,bikez,https://bikez.com/motorcycles/suzuki_gsx-r1000_abs_2016.php,MEDIUM,REVIEW
MOTO-DIM-SUZUKI-GSXR1000AMOTOGP-0001,Suzuki,GSX-R1000 A MotoGP,,2017,2017,2017,2045.0,705.0,1133.0,1133.0,UNKNOWN,UNKNOWN,STANDARD,1,bikez,https://bikez.com/motorcycles/suzuki_gsx-r1000_moto_gp_2017.php,MEDIUM,REVIEW
MOTO-DIM-SUZUKI-GSXR1000GP-0001,Suzuki,GSX-R1000 GP,,"2017,2026",,,2075.0,705.0,1145.0,1145.0,UNKNOWN,UNKNOWN,STANDARD,2,motorcyclespecs,https://www.motorcyclespecs.co.za/model/suzu/suzuki-gxx-r-1000r-2026.html | https://www.motorcyclespecs.co.za/model/suzu/Suzuki_GSX-R_1000_17.html,LOW,REVIEW
MOTO-DIM-SUZUKI-GSXR1000GP-0002,Suzuki,GSX-R1000 GP,,2007,2007,2007,2045.0,720.0,1130.0,1130.0,HANDLEBAR_WIDTH,UNKNOWN,UNKNOWN,1,motorcyclespecs,https://www.motorcyclespecs.co.za/model/suzu/suzuki_gsxr1000%2007.htm,LOW,REVIEW
MOTO-DIM-SUZUKI-GSXR1000GP-0003,Suzuki,GSX-R1000 GP,,2021,2021,2021,2075.0,705.0,1145.0,1145.0,UNKNOWN,UNKNOWN,UNKNOWN,1,1000ps,https://www.1000ps.com/en-gb/model/16/suzuki-gsx-r-1000,LOW,REVIEW
MOTO-DIM-SUZUKI-GSXR1000GP-0004,Suzuki,GSX-R1000 GP,,2013,2013,2013,2045.0,705.0,,,UNKNOWN,UNKNOWN,STANDARD,1,bikez,https://bikez.com/motorcycles/suzuki_gsx-r1000_2013.php,LOW,REVIEW
MOTO-DIM-SUZUKI-GSXR1000GP-0005,Suzuki,GSX-R1000 GP,,2001,2001,2001,2045.0,715.0,1135.0,1135.0,UNKNOWN,UNKNOWN,STANDARD,1,bikez,https://bikez.com/motorcycles/suzuki_gsx-r_1000_2001.php,LOW,REVIEW
MOTO-DIM-SUZUKI-GSXR1000MOTOGP-0001,Suzuki,GSX-R1000 MotoGP,,2017,2017,2017,2045.0,705.0,1133.0,1133.0,UNKNOWN,UNKNOWN,STANDARD,1,bikez,https://bikez.com/motorcycles/suzuki_gsx-r1000_moto_gp_2017.php,MEDIUM,REVIEW
MOTO-DIM-SUZUKI-GSXR1000COMMEMORATIVEEDITION-0001,Suzuki,GSX-R1000 Commemorative Edition,,2013,2013,2013,2045.0,705.0,1130.0,1130.0,UNKNOWN,UNKNOWN,STANDARD,1,motorcyclespecs,https://www.motorcyclespecs.co.za/model/suzu/suzuki_gsxr1000SE%2013.htm,LOW,REVIEW
MOTO-DIM-SUZUKI-GSXR1000COMMEMORATIVEEDITION-0002,Suzuki,GSX-R1000 Commemorative Edition,,2016,2016,2016,2045.0,,,,UNKNOWN,UNKNOWN,STANDARD,1,bikez,https://bikez.com/motorcycles/suzuki_gsx-r1000_commemorative_edition_2016.php,LOW,REVIEW
MOTO-DIM-SUZUKI-GSXR1000SE-0001,Suzuki,GSX-R1000 SE,,2014,2014,2014,2045.0,705.0,1130.0,1130.0,UNKNOWN,UNKNOWN,STANDARD,1,motorcyclespecs,https://www.motorcyclespecs.co.za/model/suzu/suzuki_gsxr1000%20se%2014.htm,LOW,REVIEW
MOTO-DIM-SUZUKI-GSXR1000R-0001,Suzuki,GSX-R1000R,,"2017,2019,2021",,,2075.0,710.0,1150.0,1150.0,UNKNOWN,UNKNOWN,STANDARD,3,motorcyclespecs | bikez,https://www.motorcyclespecs.co.za/model/suzu/Suzuki_GSX-R_1000r_17.html | https://www.motorcyclespecs.co.za/model/suzu/Suzuki_GSX-R_1000r_19.html | https://bikez.com/motorcycles/suzuki_gsx-r1000r_2021.php,LOW,REVIEW
MOTO-DIM-SUZUKI-GSXR1000R-0002,Suzuki,GSX-R1000R,,"2020,2022,2026",,,2075.0,710.0,1150.0,1150.0,UNKNOWN,UNKNOWN,UNKNOWN,3,motorcyclespecs | 1000ps,https://www.motorcyclespecs.co.za/model/suzu/Suzuki_GSX-R_1000r_20.html | https://www.1000ps.com/en-gb/model/13192/suzuki-gsx-r1000r | https://www.1000ps.com/en-gb/model/8745/suzuki-gsx-r-1000-r,LOW,REVIEW
MOTO-DIM-SUZUKI-GSXR1000R40THANNIVERSARY-0001,Suzuki,GSX-R1000R 40th Anniversary,,2027,2027,2027,2075.0,705.0,1145.0,1145.0,UNKNOWN,UNKNOWN,UNKNOWN,1,motorcyclespecs,https://www.motorcyclespecs.co.za/model/suzu/suzuki-gxx-r-1000rs-2027.html,MEDIUM,REVIEW
MOTO-DIM-SUZUKI-GSXR1000RABS-0001,Suzuki,GSX-R1000R ABS,,"2017,2019,2021",,,2075.0,710.0,1150.0,1150.0,UNKNOWN,UNKNOWN,STANDARD,3,motorcyclespecs | bikez,https://www.motorcyclespecs.co.za/model/suzu/Suzuki_GSX-R_1000r_17.html | https://www.motorcyclespecs.co.za/model/suzu/Suzuki_GSX-R_1000r_19.html | https://bikez.com/motorcycles/suzuki_gsx-r1000r_2021.php,LOW,REVIEW
MOTO-DIM-SUZUKI-GSXR1000RABS-0002,Suzuki,GSX-R1000R ABS,,"2020,2022,2026",,,2075.0,710.0,1150.0,1150.0,UNKNOWN,UNKNOWN,UNKNOWN,3,motorcyclespecs | 1000ps,https://www.motorcyclespecs.co.za/model/suzu/Suzuki_GSX-R_1000r_20.html | https://www.1000ps.com/en-gb/model/13192/suzuki-gsx-r1000r | https://www.1000ps.com/en-gb/model/8745/suzuki-gsx-r-1000-r,LOW,REVIEW
MOTO-DIM-SUZUKI-GSXR1000RABS-0003,Suzuki,GSX-R1000R ABS,,2016,2016,2016,2045.0,705.0,,,UNKNOWN,UNKNOWN,STANDARD,1,bikez,https://bikez.com/motorcycles/suzuki_gsx-r1000_abs_2016.php,LOW,REVIEW
MOTO-DIM-SUZUKI-GSXR1000RGP-0001,Suzuki,GSX-R1000R GP,,"2017,2019,2021",,,2075.0,710.0,1150.0,1150.0,UNKNOWN,UNKNOWN,STANDARD,3,motorcyclespecs | bikez,https://www.motorcyclespecs.co.za/model/suzu/Suzuki_GSX-R_1000r_17.html | https://www.motorcyclespecs.co.za/model/suzu/Suzuki_GSX-R_1000r_19.html | https://bikez.com/motorcycles/suzuki_gsx-r1000r_2021.php,LOW,REVIEW
MOTO-DIM-SUZUKI-GSXR1000RGP-0002,Suzuki,GSX-R1000R GP,,"2020,2022,2026",,,2075.0,710.0,1150.0,1150.0,UNKNOWN,UNKNOWN,UNKNOWN,3,motorcyclespecs | 1000ps,https://www.motorcyclespecs.co.za/model/suzu/Suzuki_GSX-R_1000r_20.html | https://www.1000ps.com/en-gb/model/13192/suzuki-gsx-r1000r | https://www.1000ps.com/en-gb/model/8745/suzuki-gsx-r-1000-r,LOW,REVIEW
MOTO-DIM-SUZUKI-GSXR1000R100THANNIVERSARYEDITION-0001,Suzuki,GSX-R1000R 100th Anniversary Edition,,2020,2020,2020,2075.0,710.0,1150.0,1150.0,UNKNOWN,UNKNOWN,UNKNOWN,1,motorcyclespecs,https://www.motorcyclespecs.co.za/model/suzu/Suzuki_GSX-R_1000r_motogp_20.html,MEDIUM,REVIEW
MOTO-DIM-SUZUKI-GSXR1000X-0001,Suzuki,GSX-R1000X,,2019,2019,2019,2075.0,705.0,1145.0,1145.0,UNKNOWN,UNKNOWN,STANDARD,1,bikez,https://bikez.com/motorcycles/suzuki_gsx-r1000x_2019.php,MEDIUM,REVIEW
MOTO-DIM-SUZUKI-GSXR1100-0001,Suzuki,GSX-R1100,,"1996,2094,2095",,,2130.0,755.0,1190.0,1190.0,UNKNOWN,UNKNOWN,STANDARD,3,motorcyclespecs,https://www.motorcyclespecs.co.za/model/suzu/suzuki_gsxr1100%2096.htm | https://www.motorcyclespecs.co.za/model/suzu/suzuki_gsxr1100%2095.htm | https://www.motorcyclespecs.co.za/model/suzu/suzuki_gsxr1100%2094.htm,LOW,REVIEW
MOTO-DIM-SUZUKI-GSXR600-0001,Suzuki,GSX-R600,,2092,2092,2092,2070.0,730.0,1135.0,1135.0,UNKNOWN,UNKNOWN,UNKNOWN,1,motorcyclespecs,https://www.motorcyclespecs.co.za/model/suzu/suzuki_gsxr6000%2092.htm,LOW,REVIEW
MOTO-DIM-SUZUKI-GSXR600-0002,Suzuki,GSX-R600,,2006,2006,2006,2075.0,715.0,1145.0,1145.0,UNKNOWN,UNKNOWN,UNKNOWN,1,motorcyclespecs,https://www.motorcyclespecs.co.za/model/suzu/suzuki_gsxR600%2006.htm,LOW,REVIEW
MOTO-DIM-SUZUKI-GSXR600-0003,Suzuki,GSX-R600,,2016,2016,2016,2030.0,715.0,1125.0,1125.0,UNKNOWN,UNKNOWN,UNKNOWN,1,motorcyclespecs,https://www.motorcyclespecs.co.za/model/suzu/suzuki_gsxR600_16.htm,LOW,REVIEW
MOTO-DIM-SUZUKI-GSXR600-0004,Suzuki,GSX-R600,,2017,2017,2017,2040.0,715.0,1125.0,1125.0,UNKNOWN,UNKNOWN,UNKNOWN,1,1000ps,https://www.1000ps.com/en-gb/model/14/suzuki-gsx-r-600,LOW,REVIEW
MOTO-DIM-SUZUKI-GSXR600-0005,Suzuki,GSX-R600,,2011,2011,2011,2030.0,710.0,1135.0,1135.0,UNKNOWN,UNKNOWN,STANDARD,1,bikez,https://bikez.com/motorcycles/suzuki_gsx-r600_2011.php,LOW,REVIEW
MOTO-DIM-SUZUKI-GSXR600GP-0001,Suzuki,GSX-R600 GP,,2092,2092,2092,2070.0,730.0,1135.0,1135.0,UNKNOWN,UNKNOWN,UNKNOWN,1,motorcyclespecs,https://www.motorcyclespecs.co.za/model/suzu/suzuki_gsxr6000%2092.htm,LOW,REVIEW
MOTO-DIM-SUZUKI-GSXR600GP-0002,Suzuki,GSX-R600 GP,,2006,2006,2006,2075.0,715.0,1145.0,1145.0,UNKNOWN,UNKNOWN,UNKNOWN,1,motorcyclespecs,https://www.motorcyclespecs.co.za/model/suzu/suzuki_gsxR600%2006.htm,LOW,REVIEW
MOTO-DIM-SUZUKI-GSXR600GP-0003,Suzuki,GSX-R600 GP,,2016,2016,2016,2030.0,715.0,1125.0,1125.0,UNKNOWN,UNKNOWN,UNKNOWN,1,motorcyclespecs,https://www.motorcyclespecs.co.za/model/suzu/suzuki_gsxR600_16.htm,LOW,REVIEW
MOTO-DIM-SUZUKI-GSXR600GP-0004,Suzuki,GSX-R600 GP,,2017,2017,2017,2040.0,715.0,1125.0,1125.0,UNKNOWN,UNKNOWN,UNKNOWN,1,1000ps,https://www.1000ps.com/en-gb/model/14/suzuki-gsx-r-600,LOW,REVIEW
MOTO-DIM-SUZUKI-GSXR600GP-0005,Suzuki,GSX-R600 GP,,2011,2011,2011,2030.0,710.0,1135.0,1135.0,UNKNOWN,UNKNOWN,STANDARD,1,bikez,https://bikez.com/motorcycles/suzuki_gsx-r600_2011.php,LOW,REVIEW
MOTO-DIM-SUZUKI-GSXR60030YEARS-0001,Suzuki,GSX-R600 30 Years,,2016,2016,2016,2030.0,710.0,1135.0,1135.0,UNKNOWN,UNKNOWN,STANDARD,1,bikez,https://bikez.com/motorcycles/suzuki_gsx-r600_30th_anniversary_2016.php,MEDIUM,REVIEW
MOTO-DIM-SUZUKI-GSXR600MOTOGP-0001,Suzuki,GSX-R600 MotoGP,,2016,2016,2016,2030.0,710.0,1135.0,1135.0,UNKNOWN,UNKNOWN,STANDARD,1,bikez,https://bikez.com/motorcycles/suzuki_gsx-r600_moto_gp_2016.php,MEDIUM,REVIEW
MOTO-DIM-SUZUKI-GSXR750-0001,Suzuki,GSX-R750,,2095,2095,2095,2095.0,730.0,1135.0,1135.0,UNKNOWN,UNKNOWN,STANDARD,1,motorcyclespecs,https://www.motorcyclespecs.co.za/model/suzu/suzuki_gsxr750%2095.htm,LOW,REVIEW
MOTO-DIM-SUZUKI-GSXR750-0002,Suzuki,GSX-R750,,2008,2008,2008,2040.0,715.0,1125.0,1125.0,HANDLEBAR_WIDTH,UNKNOWN,STANDARD,1,motorcyclespecs,https://www.motorcyclespecs.co.za/model/suzu/suzuki_gsxr750%2008.htm,LOW,REVIEW
MOTO-DIM-SUZUKI-GSXR750-0003,Suzuki,GSX-R750,,2016,2016,2016,2030.0,710.0,1125.0,1125.0,UNKNOWN,UNKNOWN,UNKNOWN,1,motorcyclespecs,https://www.motorcyclespecs.co.za/model/suzu/suzuki_gsxr750_16.htm,LOW,REVIEW
MOTO-DIM-SUZUKI-GSXR750-0004,Suzuki,GSX-R750,,2019,2019,2019,2040.0,715.0,1125.0,1125.0,UNKNOWN,UNKNOWN,UNKNOWN,1,1000ps,https://www.1000ps.com/en-gb/model/15/suzuki-gsx-r-750,LOW,REVIEW
MOTO-DIM-SUZUKI-GSXR750-0005,Suzuki,GSX-R750,,2006,2006,2006,2040.0,715.0,1125.0,1125.0,UNKNOWN,UNKNOWN,STANDARD,1,bikez,https://bikez.com/motorcycles/suzuki_gsx-r_750_2006.php,LOW,REVIEW
MOTO-DIM-SUZUKI-GSXR750100THANNIVERSARYEDITION-0001,Suzuki,GSX-R750 100th Anniversary Edition,,2021,2021,2021,2030.0,710.0,1125.0,1125.0,UNKNOWN,UNKNOWN,UNKNOWN,1,motorcyclespecs,https://www.motorcyclespecs.co.za/model/suzu/suzuki_gsxr750_100th_anniversary.html,MEDIUM,REVIEW
MOTO-DIM-SUZUKI-GSXR75050THANNEDITION-0001,Suzuki,GSX-R750 50th Ann. Edition,,2014,2014,2014,2030.0,710.0,,,UNKNOWN,UNKNOWN,STANDARD,1,bikez,https://bikez.com/motorcycles/suzuki_gsx-r750_50th_anniversary_2014.php,MEDIUM,REVIEW
MOTO-DIM-SUZUKI-GSXR750Z40THANNIVERSARY-0001,Suzuki,GSX-R750Z 40th Anniversary,,2026,2026,2026,2030.0,710.0,1125.0,1125.0,UNKNOWN,UNKNOWN,UNKNOWN,1,motorcyclespecs,https://www.motorcyclespecs.co.za/model/suzu/suzuki-gsxr750-20z-2026.html,MEDIUM,REVIEW
MOTO-DIM-SUZUKI-GSXS1000-0001,Suzuki,GSX-S1000,,2026,2026,2026,2115.0,810.0,1080.0,1080.0,UNKNOWN,UNKNOWN,STANDARD,1,motorcyclespecs,https://www.motorcyclespecs.co.za/model/suzu/suzuki-gsx-s1000-2026.html,LOW,REVIEW
MOTO-DIM-SUZUKI-GSXS1000-0002,Suzuki,GSX-S1000,,2015,2015,2015,2115.0,795.0,1180.0,1180.0,UNKNOWN,UNKNOWN,STANDARD,1,motorcyclespecs,https://www.motorcyclespecs.co.za/model/suzu/suzuki_gsx-s1000%2015.htm,LOW,REVIEW
MOTO-DIM-SUZUKI-GSXS1000-0003,Suzuki,GSX-S1000,,2019,2019,2019,2115.0,795.0,1180.0,1180.0,HANDLEBAR_WIDTH,UNKNOWN,STANDARD,1,motorcyclespecs,https://www.motorcyclespecs.co.za/model/suzu/suzuki_gsx-s1000_19.html,LOW,REVIEW
MOTO-DIM-SUZUKI-GSXS1000-0004,Suzuki,GSX-S1000,,,,,2115.0,810.0,1080.0,1080.0,HANDLEBAR_WIDTH,UNKNOWN,UNKNOWN,1,bikedekho,https://www.bikedekho.com/suzuki/gsx-s1000/specifications,LOW,REVIEW
MOTO-DIM-SUZUKI-GSXS1000-0005,Suzuki,GSX-S1000,,2020,2020,2020,2115.0,795.0,1080.0,1080.0,UNKNOWN,UNKNOWN,STANDARD,1,bikez,https://bikez.com/motorcycles/suzuki_gsx-s1000_2020.php,LOW,REVIEW
MOTO-DIM-SUZUKI-GSXS1000ABS-0001,Suzuki,GSX-S1000 ABS,,2019,2019,2019,2115.0,795.0,1080.0,1080.0,UNKNOWN,UNKNOWN,STANDARD,1,bikez,https://bikez.com/motorcycles/suzuki_gsx-s1000_abs_2019.php,MEDIUM,REVIEW
MOTO-DIM-SUZUKI-GSXS1000FABS-0001,Suzuki,GSX-S1000F ABS,,2018,2018,2018,2115.0,795.0,,,UNKNOWN,UNKNOWN,STANDARD,1,bikez,https://bikez.com/motorcycles/suzuki_gsx-s1000f_abs_2018.php,MEDIUM,REVIEW
MOTO-DIM-SUZUKI-GSXS1000FABS-0002,Suzuki,GSX-S1000F ABS,,2017,2017,2017,2115.0,795.0,,,UNKNOWN,UNKNOWN,STANDARD,1,bikez,https://bikez.com/motorcycles/suzuki_gsx-s1000f_abs_2017.php,MEDIUM,REVIEW
MOTO-DIM-SUZUKI-GSXS1000FABS-0003,Suzuki,GSX-S1000F ABS,,2015,2015,2015,2115.0,795.0,,,UNKNOWN,UNKNOWN,STANDARD,1,bikez,https://bikez.com/motorcycles/suzuki_gsx-s1000f_abs_2015.php,MEDIUM,REVIEW
MOTO-DIM-SUZUKI-GSXS1000FZ-0001,Suzuki,GSX-S1000FZ,,2022,2022,2022,2115.0,795.0,1180.0,1180.0,UNKNOWN,UNKNOWN,STANDARD,1,bikez,https://bikez.com/motorcycles/suzuki_gsx-s1000fz_2022.php,MEDIUM,REVIEW
MOTO-DIM-SUZUKI-GSXS1000GT-0001,Suzuki,GSX-S1000GT,,2022,2022,2022,2140.0,825.0,1215.0,1215.0,HANDLEBAR_WIDTH,UNKNOWN,WITH_SIDE_CASES,1,motorcyclespecs,https://www.motorcyclespecs.co.za/model/suzu/suzuki_gsx-s1000gt_22.html,LOW,REVIEW
MOTO-DIM-SUZUKI-GSXS1000GT-0002,Suzuki,GSX-S1000GT,,2026,2026,2026,2140.0,825.0,1215.0,1215.0,UNKNOWN,UNKNOWN,UNKNOWN,1,1000ps,https://www.1000ps.com/en-gb/model/10830/suzuki-gsx-s1000gt,LOW,REVIEW
MOTO-DIM-SUZUKI-GSXS1000GT+-0001,Suzuki,GSX-S1000GT+,,2022,2022,2022,2140.0,825.0,1215.0,1215.0,HANDLEBAR_WIDTH,UNKNOWN,WITH_SIDE_CASES,1,motorcyclespecs,https://www.motorcyclespecs.co.za/model/suzu/suzuki_gsx-s1000gt_22.html,LOW,REVIEW
MOTO-DIM-SUZUKI-GSXS1000GT+-0002,Suzuki,GSX-S1000GT+,,2026,2026,2026,2140.0,825.0,1215.0,1215.0,UNKNOWN,UNKNOWN,UNKNOWN,1,1000ps,https://www.1000ps.com/en-gb/model/10830/suzuki-gsx-s1000gt,LOW,REVIEW
MOTO-DIM-SUZUKI-GSXS1000SKATANA-0001,Suzuki,GSX-S1000S Katana,,2026,2026,2026,2115.0,810.0,1080.0,1080.0,UNKNOWN,UNKNOWN,STANDARD,1,motorcyclespecs,https://www.motorcyclespecs.co.za/model/suzu/suzuki-gsx-s1000-2026.html,LOW,REVIEW
MOTO-DIM-SUZUKI-GSXS1000SKATANA-0002,Suzuki,GSX-S1000S Katana,,2015,2015,2015,2115.0,795.0,1180.0,1180.0,UNKNOWN,UNKNOWN,STANDARD,1,motorcyclespecs,https://www.motorcyclespecs.co.za/model/suzu/suzuki_gsx-s1000%2015.htm,LOW,REVIEW
MOTO-DIM-SUZUKI-GSXS1000SKATANA-0003,Suzuki,GSX-S1000S Katana,,2019,2019,2019,2115.0,795.0,1180.0,1180.0,HANDLEBAR_WIDTH,UNKNOWN,STANDARD,1,motorcyclespecs,https://www.motorcyclespecs.co.za/model/suzu/suzuki_gsx-s1000_19.html,LOW,REVIEW
MOTO-DIM-SUZUKI-GSXS1000SKATANA-0004,Suzuki,GSX-S1000S Katana,,,,,2115.0,810.0,1080.0,1080.0,HANDLEBAR_WIDTH,UNKNOWN,UNKNOWN,1,bikedekho,https://www.bikedekho.com/suzuki/gsx-s1000/specifications,LOW,REVIEW
MOTO-DIM-SUZUKI-GSXS1000SKATANA-0005,Suzuki,GSX-S1000S Katana,,2020,2020,2020,2115.0,795.0,1080.0,1080.0,UNKNOWN,UNKNOWN,STANDARD,1,bikez,https://bikez.com/motorcycles/suzuki_gsx-s1000_2020.php,LOW,REVIEW
MOTO-DIM-SUZUKI-GSXS1000GX+-0001,Suzuki,GSX-S1000GX+,,2026,2026,2026,2150.0,925.0,1350.0,1350.0,UNKNOWN,UNKNOWN,STANDARD,1,1000ps,https://www.1000ps.com/en-gb/model/12218/suzuki-gsx-s1000gx,MEDIUM,REVIEW
MOTO-DIM-SUZUKI-GSXS1000Z-0001,Suzuki,GSX-S1000Z,,2018,2018,2018,2115.0,795.0,1180.0,1180.0,HANDLEBAR_WIDTH,UNKNOWN,STANDARD,1,motorcyclespecs,https://www.motorcyclespecs.co.za/model/suzu/suzuki_gsx-s1000Z_18.htm,LOW,REVIEW
MOTO-DIM-SUZUKI-GSXS1000Z-0002,Suzuki,GSX-S1000Z,,"2019,2022",,,2115.0,795.0,1180.0,1180.0,UNKNOWN,UNKNOWN,STANDARD,2,bikez,https://bikez.com/motorcycles/suzuki_gsx-s1000z_2022.php | https://bikez.com/motorcycles/suzuki_gsx-s1000z_2019.php,LOW,REVIEW
MOTO-DIM-SUZUKI-GSXS150-0001,Suzuki,GSX-S150,,2022,2022,2022,2020.0,745.0,1040.0,1040.0,UNKNOWN,UNKNOWN,STANDARD,1,bikez,https://bikez.com/motorcycles/suzuki_gsx-s150_2022.php,MEDIUM,REVIEW
MOTO-DIM-SUZUKI-GSXS150GP-0001,Suzuki,GSX-S150 GP,,2022,2022,2022,2020.0,745.0,1040.0,1040.0,UNKNOWN,UNKNOWN,STANDARD,1,bikez,https://bikez.com/motorcycles/suzuki_gsx-s150_2022.php,MEDIUM,REVIEW
MOTO-DIM-SUZUKI-GSXS150MOTOGP-0001,Suzuki,GSX-S150 MotoGP,,2022,2022,2022,2020.0,745.0,1040.0,1040.0,UNKNOWN,UNKNOWN,STANDARD,1,bikez,https://bikez.com/motorcycles/suzuki_gsx-s150_2022.php,MEDIUM,REVIEW
MOTO-DIM-SUZUKI-GSXS750-0001,Suzuki,GSX-S750,,2015,2015,2015,2115.0,785.0,1060.0,1060.0,HANDLEBAR_WIDTH,UNKNOWN,STANDARD,1,motorcyclespecs,https://www.motorcyclespecs.co.za/model/suzu/suzuki_gsx-s750%2015.htm,LOW,REVIEW
MOTO-DIM-SUZUKI-GSXS750-0002,Suzuki,GSX-S750,,2018,2018,2018,2125.0,785.0,1055.0,1055.0,HANDLEBAR_WIDTH,UNKNOWN,STANDARD,1,motorcyclespecs,https://www.motorcyclespecs.co.za/model/suzu/suzuki_gsx-s750_18.htm,LOW,REVIEW
MOTO-DIM-SUZUKI-GSXS750-0003,Suzuki,GSX-S750,,2021,2021,2021,2125.0,785.0,1055.0,1055.0,UNKNOWN,UNKNOWN,UNKNOWN,1,motorcyclespecs,https://www.motorcyclespecs.co.za/model/suzu/suzuki_gsx-s750_21.html,LOW,REVIEW
MOTO-DIM-SUZUKI-GSXS750ABS-0001,Suzuki,GSX-S750 ABS,,2020,2020,2020,2125.0,785.0,1044.0,1044.0,UNKNOWN,UNKNOWN,STANDARD,1,bikez,https://bikez.com/motorcycles/suzuki_gsx-s750_abs_2020.php,MEDIUM,REVIEW
MOTO-DIM-SUZUKI-GSXS750Z-0001,Suzuki,GSX-S750Z,,2017,2017,2017,2125.0,785.0,,,HANDLEBAR_WIDTH,UNKNOWN,STANDARD,1,motorcyclespecs,https://www.motorcyclespecs.co.za/model/suzu/suzuki_gsx-s750Z_18.htm,LOW,REVIEW
MOTO-DIM-SUZUKI-GSXS750Z-0002,Suzuki,GSX-S750Z,,2019,2019,2019,2125.0,785.0,,,HANDLEBAR_WIDTH,UNKNOWN,UNKNOWN,1,motorcyclespecs,https://www.motorcyclespecs.co.za/model/suzu/suzuki_gsx-s750Z_19.html,LOW,REVIEW
MOTO-DIM-SUZUKI-GSXS750Z-0003,Suzuki,GSX-S750Z,,2023,2023,2023,2125.0,785.0,1055.0,1055.0,UNKNOWN,UNKNOWN,STANDARD,1,bikez,https://bikez.com/motorcycles/suzuki_gsx-s750z_2023.php,LOW,REVIEW
MOTO-DIM-SUZUKI-GSXS750Z-0004,Suzuki,GSX-S750Z,,2018,2018,2018,2115.0,785.0,,,UNKNOWN,UNKNOWN,STANDARD,1,bikez,https://bikez.com/motorcycles/suzuki_gsx-s750z_2018.php,LOW,REVIEW
MOTO-DIM-SUZUKI-GSXS750Z-0005,Suzuki,GSX-S750Z,,2015,2015,2015,2115.0,785.0,,,UNKNOWN,UNKNOWN,STANDARD,1,bikez,https://bikez.com/motorcycles/suzuki_gsx-s750z_2015.php,LOW,REVIEW
MOTO-DIM-SUZUKI-GSXS750ZABS-0001,Suzuki,GSX-S750Z ABS,,2017,2017,2017,2125.0,785.0,,,HANDLEBAR_WIDTH,UNKNOWN,STANDARD,1,motorcyclespecs,https://www.motorcyclespecs.co.za/model/suzu/suzuki_gsx-s750Z_18.htm,LOW,REVIEW
MOTO-DIM-SUZUKI-GSXS750ZABS-0002,Suzuki,GSX-S750Z ABS,,2019,2019,2019,2125.0,785.0,,,HANDLEBAR_WIDTH,UNKNOWN,UNKNOWN,1,motorcyclespecs,https://www.motorcyclespecs.co.za/model/suzu/suzuki_gsx-s750Z_19.html,LOW,REVIEW
MOTO-DIM-SUZUKI-GSXS750ZABS-0003,Suzuki,GSX-S750Z ABS,,2023,2023,2023,2125.0,785.0,1055.0,1055.0,UNKNOWN,UNKNOWN,STANDARD,1,bikez,https://bikez.com/motorcycles/suzuki_gsx-s750z_2023.php,LOW,REVIEW
MOTO-DIM-SUZUKI-GSXS750ZABS-0004,Suzuki,GSX-S750Z ABS,,2018,2018,2018,2115.0,785.0,,,UNKNOWN,UNKNOWN,STANDARD,1,bikez,https://bikez.com/motorcycles/suzuki_gsx-s750z_2018.php,LOW,REVIEW
MOTO-DIM-SUZUKI-GSXS750ZABS-0005,Suzuki,GSX-S750Z ABS,,2015,2015,2015,2115.0,785.0,,,UNKNOWN,UNKNOWN,STANDARD,1,bikez,https://bikez.com/motorcycles/suzuki_gsx-s750z_2015.php,LOW,REVIEW
MOTO-DIM-SUZUKI-GSX1100FKATANA-0001,Suzuki,GSX1100F Katana,,2094,2094,2094,2205.0,765.0,,,UNKNOWN,UNKNOWN,STANDARD,1,motorcyclespecs,https://www.motorcyclespecs.co.za/model/suzu/suzuki_gsx1100f%2094.htm,MEDIUM,REVIEW
MOTO-DIM-SUZUKI-GSX1100FKATANA-0002,Suzuki,GSX1100F Katana,,2091,2091,2091,2205.0,765.0,,,UNKNOWN,UNKNOWN,STANDARD,1,motorcyclespecs,https://www.motorcyclespecs.co.za/model/suzu/suzuki_gsx1100f%2091.htm,MEDIUM,REVIEW
MOTO-DIM-SUZUKI-GSX1100FKATANA-0003,Suzuki,GSX1100F Katana,,2088,2088,2088,2205.0,765.0,,,HANDLEBAR_WIDTH,UNKNOWN,STANDARD,1,motorcyclespecs,https://www.motorcyclespecs.co.za/model/suzu/suzuki_gsx1100f%2088.htm,MEDIUM,REVIEW
MOTO-DIM-SUZUKI-GSX1100G-0001,Suzuki,GSX1100G,,"2091,2093,2094",,,2220.0,805.0,1155.0,1155.0,UNKNOWN,UNKNOWN,STANDARD,3,motorcyclespecs,https://www.motorcyclespecs.co.za/model/suzu/suzuki_gsx1100g%2094.htm | https://www.motorcyclespecs.co.za/model/suzu/suzuki_gsx1100g%2093.htm | https://www.motorcyclespecs.co.za/model/suzu/suzuki_gsx1100g%2091.htm,LOW,REVIEW
MOTO-DIM-SUZUKI-GSX1250FA-0001,Suzuki,GSX1250FA,,"2015,2016",2015,2016,2130.0,790.0,1235.0,1235.0,HANDLEBAR_WIDTH,UNKNOWN,WITH_TOP_BOX,2,motorcyclespecs,https://www.motorcyclespecs.co.za/model/suzu/suzuki_gsx1250_fa%2015.htm | https://www.motorcyclespecs.co.za/model/suzu/suzuki_gsx1250fa_16.html,LOW,REVIEW
MOTO-DIM-SUZUKI-GSX1250FA-0002,Suzuki,GSX1250FA,,2012,2012,2012,2130.0,790.0,1225.0,1225.0,HANDLEBAR_WIDTH,UNKNOWN,WITH_TOP_BOX,1,motorcyclespecs,https://www.motorcyclespecs.co.za/model/suzu/suzuki_gsx1250_fa%2012.htm,LOW,REVIEW
MOTO-DIM-SUZUKI-GSX1250FA-0003,Suzuki,GSX1250FA,,2018,2018,2018,2130.0,790.0,1245.0,1245.0,UNKNOWN,UNKNOWN,STANDARD,1,bikez,https://bikez.com/motorcycles/suzuki_gsx1250fa_2018.php,LOW,REVIEW
MOTO-DIM-SUZUKI-GSX1250FA-0004,Suzuki,GSX1250FA,,2011,2011,2011,2130.0,790.0,,,UNKNOWN,UNKNOWN,STANDARD,1,bikez,https://bikez.com/motorcycles/suzuki_gsx1250fa_2011.php,LOW,REVIEW
MOTO-DIM-SUZUKI-GSX1300BKBKING-0001,Suzuki,GSX1300BK B-King,,2007,2007,2007,2245.0,800.0,,,HANDLEBAR_WIDTH,UNKNOWN,UNKNOWN,1,motorcyclespecs,https://www.motorcyclespecs.co.za/model/suzu/suzuki_b-king%201300%2007.htm,MEDIUM,REVIEW
MOTO-DIM-SUZUKI-GSX1300BKBKING-0002,Suzuki,GSX1300BK B-King,,2011,2011,2011,2245.0,800.0,,,HANDLEBAR_WIDTH,UNKNOWN,STANDARD,1,motorcyclespecs,https://www.motorcyclespecs.co.za/model/suzu/suzuki_b-king%201300%2011.htm,MEDIUM,REVIEW
MOTO-DIM-SUZUKI-GSX1300BKBKING-0003,Suzuki,GSX1300BK B-King,,2008,2008,2008,2245.0,800.0,,,HANDLEBAR_WIDTH,UNKNOWN,UNKNOWN,1,motorcyclespecs,https://www.motorcyclespecs.co.za/model/suzu/suzuki_b-king_1300_08.html,MEDIUM,REVIEW
MOTO-DIM-SUZUKI-GSX1300RHAYABUSA-0001,Suzuki,GSX1300R Hayabusa,,2000,2000,2000,2140.0,,,,UNKNOWN,UNKNOWN,STANDARD,1,bikez,https://bikez.com/motorcycles/suzuki_gsx-r_1300_hayabusa_2000.php,MEDIUM,REVIEW
MOTO-DIM-SUZUKI-GSX1300RHAYABUSA-0002,Suzuki,GSX1300R Hayabusa,,"2009,2015",,,2190.0,735.0,1165.0,1165.0,UNKNOWN,UNKNOWN,STANDARD,2,motorcyclespecs | bikez,https://www.motorcyclespecs.co.za/model/suzu/suzuki_gsxr1300r%2015.htm | https://bikez.com/motorcycles/suzuki_gsx1300r_hayabusa_2009.php,LOW,REVIEW
MOTO-DIM-SUZUKI-GSX1300RHAYABUSA-0003,Suzuki,GSX1300R Hayabusa,,2003,2003,2003,2140.0,740.0,1155.0,1155.0,HANDLEBAR_WIDTH,UNKNOWN,UNKNOWN,1,motorcyclespecs,https://www.motorcyclespecs.co.za/model/suzu/suzuki_gsxr1300r%2003.htm,LOW,REVIEW
MOTO-DIM-SUZUKI-GSX1300RHAYABUSA-0004,Suzuki,GSX1300R Hayabusa,,2023,2023,2023,2180.0,735.0,,,HANDLEBAR_WIDTH,UNKNOWN,STANDARD,1,motorcyclespecs,https://www.motorcyclespecs.co.za/model/suzu/suzuki-gsxr1300r-23.html,LOW,REVIEW
MOTO-DIM-SUZUKI-GSX1300RHAYABUSA-0005,Suzuki,GSX1300R Hayabusa,,2004,2004,2004,2140.0,740.0,1155.0,1155.0,UNKNOWN,UNKNOWN,STANDARD,1,bikez,https://bikez.com/motorcycles/suzuki_gsx_1300_r_hayabusa_2004.php,LOW,REVIEW
MOTO-DIM-SUZUKI-GSX1300RHAYABUSA25THANNIVERSARY-0001,Suzuki,GSX1300R Hayabusa 25th Anniversary,,2024,2024,2024,2180.0,735.0,,,UNKNOWN,UNKNOWN,STANDARD,1,motorcyclespecs,https://www.motorcyclespecs.co.za/model/suzu/suzuki-gsxr1300r-25th-anni-24.html,MEDIUM,REVIEW
MOTO-DIM-SUZUKI-GSX1300RHAYABUSA50THANNEDITION-0001,Suzuki,GSX1300R Hayabusa 50th Ann. Edition,,2050,2050,2050,2190.0,735.0,1165.0,1165.0,UNKNOWN,UNKNOWN,STANDARD,1,motorcyclespecs,https://www.motorcyclespecs.co.za/model/suzu/suzuki_gsxr1300r%2050%20ani%20%2014.htm,MEDIUM,REVIEW
MOTO-DIM-SUZUKI-GSX1300RAHAYABUSA-0001,Suzuki,GSX1300RA  Hayabusa,,2000,2000,2000,2140.0,,,,UNKNOWN,UNKNOWN,STANDARD,1,bikez,https://bikez.com/motorcycles/suzuki_gsx-r_1300_hayabusa_2000.php,MEDIUM,REVIEW
MOTO-DIM-SUZUKI-GSX1300RAHAYABUSA-0002,Suzuki,GSX1300RA  Hayabusa,,"2009,2015",,,2190.0,735.0,1165.0,1165.0,UNKNOWN,UNKNOWN,STANDARD,2,motorcyclespecs | bikez,https://www.motorcyclespecs.co.za/model/suzu/suzuki_gsxr1300r%2015.htm | https://bikez.com/motorcycles/suzuki_gsx1300r_hayabusa_2009.php,LOW,REVIEW
MOTO-DIM-SUZUKI-GSX1300RAHAYABUSA-0003,Suzuki,GSX1300RA  Hayabusa,,2003,2003,2003,2140.0,740.0,1155.0,1155.0,HANDLEBAR_WIDTH,UNKNOWN,UNKNOWN,1,motorcyclespecs,https://www.motorcyclespecs.co.za/model/suzu/suzuki_gsxr1300r%2003.htm,LOW,REVIEW
MOTO-DIM-SUZUKI-GSX1300RAHAYABUSA-0004,Suzuki,GSX1300RA  Hayabusa,,2023,2023,2023,2180.0,735.0,,,HANDLEBAR_WIDTH,UNKNOWN,STANDARD,1,motorcyclespecs,https://www.motorcyclespecs.co.za/model/suzu/suzuki-gsxr1300r-23.html,LOW,REVIEW
MOTO-DIM-SUZUKI-GSX1300RAHAYABUSA-0005,Suzuki,GSX1300RA  Hayabusa,,2004,2004,2004,2140.0,740.0,1155.0,1155.0,UNKNOWN,UNKNOWN,STANDARD,1,bikez,https://bikez.com/motorcycles/suzuki_gsx_1300_r_hayabusa_2004.php,LOW,REVIEW
MOTO-DIM-SUZUKI-GSX1300RHAYABUSALIMITEDEDITION-0001,Suzuki,GSX1300R Hayabusa Limited Edition,,2013,2013,2013,2190.0,735.0,1165.0,1165.0,UNKNOWN,UNKNOWN,STANDARD,1,motorcyclespecs,https://www.motorcyclespecs.co.za/model/suzu/suzuki_gsxr1300r%20le%2013.htm,MEDIUM,REVIEW
MOTO-DIM-SUZUKI-GSX250R-0001,Suzuki,GSX250R,,2088,2088,2088,2000.0,700.0,1105.0,1105.0,UNKNOWN,UNKNOWN,UNKNOWN,1,motorcyclespecs,https://www.motorcyclespecs.co.za/model/suzu/suzuki_gsxr250%2088.htm,MEDIUM,REVIEW
MOTO-DIM-SUZUKI-GSX250RABS-0001,Suzuki,GSX250R ABS,,2021,2021,2021,2085.0,740.0,1110.0,1110.0,UNKNOWN,UNKNOWN,STANDARD,1,bikez,https://bikez.com/motorcycles/suzuki_gsx250r_abs_2021.php,MEDIUM,REVIEW
MOTO-DIM-SUZUKI-GSX250RMOTOGP-0001,Suzuki,GSX250R MotoGP,,2018,2018,2018,2085.0,740.0,1110.0,1110.0,UNKNOWN,UNKNOWN,STANDARD,1,bikez,https://bikez.com/motorcycles/suzuki_gsx250r_gp_2018.php,MEDIUM,REVIEW
MOTO-DIM-SUZUKI-GSX600FKATANA-0001,Suzuki,GSX600F Katana,,"2000,2098",,,2135.0,745.0,1195.0,1195.0,UNKNOWN,UNKNOWN,UNKNOWN,2,motorcyclespecs,https://www.motorcyclespecs.co.za/model/suzu/suzuki_gsx600f_katana%2098.htm | https://www.motorcyclespecs.co.za/model/suzu/suzuki_gsx600f_katana%2000.htm,LOW,REVIEW
MOTO-DIM-SUZUKI-GSX600FKATANA-0002,Suzuki,GSX600F Katana,,"1993,2002,2004",,,2135.0,745.0,1195.0,1195.0,UNKNOWN,UNKNOWN,STANDARD,3,motorcyclespecs | bikez,https://www.motorcyclespecs.co.za/model/suzu/suzuki_gsx600f_katana%2004.htm | https://bikez.com/motorcycles/suzuki_gsx_600_f_katana_2002.php | https://bikez.com/motorcycles/suzuki_gsx_600_f_katana_1993.php,LOW,REVIEW
MOTO-DIM-SUZUKI-GSX650F-0001,Suzuki,GSX650F,,2008,2008,2008,2130.0,760.0,1235.0,1235.0,HANDLEBAR_WIDTH,UNKNOWN,UNKNOWN,1,motorcyclespecs,https://www.motorcyclespecs.co.za/model/suzu/suzuki_gsx650f_08.htm,LOW,REVIEW
MOTO-DIM-SUZUKI-GSX650F-0002,Suzuki,GSX650F,,"2012,2015",,,2130.0,760.0,1235.0,1235.0,HANDLEBAR_WIDTH,UNKNOWN,STANDARD,2,motorcyclespecs,https://www.motorcyclespecs.co.za/model/suzu/suzuki_gsx650f_12.html | https://www.motorcyclespecs.co.za/model/suzu/suzuki_gsx650f_15.html,LOW,REVIEW
MOTO-DIM-SUZUKI-GSX650F-0003,Suzuki,GSX650F,,2017,2017,2017,2130.0,760.0,1235.0,1235.0,UNKNOWN,UNKNOWN,UNKNOWN,1,1000ps,https://www.1000ps.com/en-gb/model/3080/suzuki-gsx-650-f,LOW,REVIEW
MOTO-DIM-SUZUKI-GSX650F-0004,Suzuki,GSX650F,,2018,2018,2018,2130.0,760.0,1235.0,1235.0,UNKNOWN,UNKNOWN,STANDARD,1,bikez,https://bikez.com/motorcycles/suzuki_gsx650f_2018.php,LOW,REVIEW
MOTO-DIM-SUZUKI-GSX750FKATANA-0001,Suzuki,GSX750F Katana,,"1980,2095",,,2130.0,730.0,1180.0,1180.0,HANDLEBAR_WIDTH,UNKNOWN,STANDARD,2,motorcyclespecs,https://www.motorcyclespecs.co.za/model/suzu/suzuki_gsx750f%2095.htm | https://www.motorcyclespecs.co.za/model/suzu/suzuki_gsx750f_88.htm,LOW,REVIEW
MOTO-DIM-SUZUKI-GSX750FKATANA-0002,Suzuki,GSX750F Katana,,2001,2001,2001,2135.0,750.0,1190.0,1190.0,HANDLEBAR_WIDTH,UNKNOWN,STANDARD,1,motorcyclespecs,https://www.motorcyclespecs.co.za/model/suzu/suzuki_gsx750f_01.htm,LOW,REVIEW
MOTO-DIM-SUZUKI-GSX750FKATANA-0003,Suzuki,GSX750F Katana,,2002,2002,2002,2135.0,750.0,1190.0,1190.0,UNKNOWN,UNKNOWN,STANDARD,1,bikez,https://bikez.com/motorcycles/suzuki_gsx_750_f_katana_2002.php,LOW,REVIEW
MOTO-DIM-SUZUKI-GT250-0001,Suzuki,GT250,,2078,2078,2078,1985.0,870.0,1065.0,1065.0,HANDLEBAR_WIDTH,UNKNOWN,UNKNOWN,1,motorcyclespecs,https://www.motorcyclespecs.co.za/model/suzu/suzuki_gt250x7%2078.htm,LOW,REVIEW
MOTO-DIM-SUZUKI-GT250-0002,Suzuki,GT250,,"1971,2073",,,1985.0,870.0,1065.0,1065.0,HANDLEBAR_WIDTH,UNKNOWN,STANDARD,2,motorcyclespecs,https://www.motorcyclespecs.co.za/model/suzu/suzuki_gt250%2073.htm | https://www.motorcyclespecs.co.za/model/suzu/suzuki_gt250%20711.htm,LOW,REVIEW
MOTO-DIM-SUZUKI-GT500-0001,Suzuki,GT500,,2076,2076,2076,2195.0,880.0,1105.0,1105.0,HANDLEBAR_WIDTH,UNKNOWN,UNKNOWN,1,motorcyclespecs,https://www.motorcyclespecs.co.za/model/suzu/suzuki_gt500b%2076.htm,LOW,REVIEW
MOTO-DIM-SUZUKI-GT500-0002,Suzuki,GT500,,1977,1977,1977,2195.0,880.0,1105.0,1105.0,UNKNOWN,UNKNOWN,UNKNOWN,1,motorcyclespecs,https://www.motorcyclespecs.co.za/model/suzu/suzuki_gt500_77.html,LOW,REVIEW
MOTO-DIM-SUZUKI-GV1200MADURA-0001,Suzuki,GV1200 Madura,,"1985,2086",,,2225.0,870.0,1215.0,1215.0,UNKNOWN,UNKNOWN,UNKNOWN,2,motorcyclespecs,https://www.motorcyclespecs.co.za/model/suzu/suzuki_gv1200_glf_madura%2086.htm | https://www.motorcyclespecs.co.za/model/suzu/suzuki_gv1200_glf_madura_85.html,LOW,REVIEW
MOTO-DIM-SUZUKI-GV1400CAVALCADE-0001,Suzuki,GV1400 Cavalcade,,1986,1986,1986,2530.0,935.0,1549.0,1549.0,UNKNOWN,UNKNOWN,STANDARD,1,bikez,https://bikez.com/motorcycles/suzuki_gv1400_cavalcade_1986.php,MEDIUM,REVIEW
MOTO-DIM-SUZUKI-GV700GLMADURA-0001,Suzuki,GV700GL Madura,,2084,2084,2084,2225.0,880.0,1205.0,1205.0,HANDLEBAR_WIDTH,UNKNOWN,UNKNOWN,1,motorcyclespecs,https://www.motorcyclespecs.co.za/model/suzu/suzuki_gv700gl%2084.htm,LOW,REVIEW
MOTO-DIM-SUZUKI-GV700GLMADURA-0002,Suzuki,GV700GL Madura,,1985,1985,1985,2225.0,880.0,1205.0,1205.0,UNKNOWN,UNKNOWN,STANDARD,1,bikez,https://bikez.com/motorcycles/suzuki_gv_700_madura_1985.php,LOW,REVIEW
MOTO-DIM-SUZUKI-GW250-0001,Suzuki,GW250,,2018,2018,2018,2145.0,760.0,,,UNKNOWN,UNKNOWN,STANDARD,1,bikez,https://bikez.com/motorcycles/suzuki_gw250_2018.php,MEDIUM,REVIEW
MOTO-DIM-SUZUKI-GW250-0002,Suzuki,GW250,,2015,2015,2015,2145.0,760.0,,,UNKNOWN,UNKNOWN,STANDARD,1,bikez,https://bikez.com/motorcycles/suzuki_gw250_2015.php,MEDIUM,REVIEW
MOTO-DIM-SUZUKI-GW250-0003,Suzuki,GW250,,2013,2013,2013,2145.0,760.0,,,UNKNOWN,UNKNOWN,STANDARD,1,bikez,https://bikez.com/motorcycles/suzuki_gw250_2013.php,MEDIUM,REVIEW
MOTO-DIM-SUZUKI-GW250F-0001,Suzuki,GW250F,,2018,2018,2018,2145.0,760.0,,,UNKNOWN,UNKNOWN,STANDARD,1,bikez,https://bikez.com/motorcycles/suzuki_gw250f_2018.php,MEDIUM,REVIEW
MOTO-DIM-SUZUKI-GW250F-0002,Suzuki,GW250F,,2017,2017,2017,2145.0,760.0,,,UNKNOWN,UNKNOWN,STANDARD,1,bikez,https://bikez.com/motorcycles/suzuki_gw250f_2017.php,MEDIUM,REVIEW
MOTO-DIM-SUZUKI-GW250F-0003,Suzuki,GW250F,,2015,2015,2015,2145.0,760.0,,,UNKNOWN,UNKNOWN,STANDARD,1,bikez,https://bikez.com/motorcycles/suzuki_gw250f_2015.php,MEDIUM,REVIEW
MOTO-DIM-SUZUKI-GZ250-0001,Suzuki,GZ250,,2012,2012,2012,2160.0,815.0,,,UNKNOWN,UNKNOWN,STANDARD,1,bikez,https://bikez.com/motorcycles/suzuki_gz250_2012.php,MEDIUM,REVIEW
MOTO-DIM-SUZUKI-GZ250-0002,Suzuki,GZ250,,2007,2007,2007,2160.0,815.0,1090.0,1090.0,UNKNOWN,UNKNOWN,STANDARD,1,bikez,https://bikez.com/motorcycles/suzuki_gz_250_2007.php,MEDIUM,REVIEW
MOTO-DIM-SUZUKI-INAZUMA-0001,Suzuki,Inazuma,,"2012,2014,2017",,,2145.0,760.0,1075.0,1075.0,UNKNOWN,UNKNOWN,STANDARD,3,bikez,https://bikez.com/motorcycles/suzuki_inazuma_250_2017.php | https://bikez.com/motorcycles/suzuki_inazuma_250_2014.php | https://bikez.com/motorcycles/suzuki_inazuma_250_2012.php,LOW,REVIEW
MOTO-DIM-SUZUKI-INAZUMA-0002,Suzuki,Inazuma,,2002,2002,2002,2140.0,745.0,1090.0,1090.0,UNKNOWN,UNKNOWN,STANDARD,1,bikez,https://bikez.com/motorcycles/suzuki_inazuma_400_2002.php,LOW,REVIEW
MOTO-DIM-SUZUKI-JR50-0001,Suzuki,JR50,,2006,2006,2006,1245.0,595.0,730.0,730.0,UNKNOWN,UNKNOWN,STANDARD,1,bikez,https://bikez.com/motorcycles/suzuki_jr_50_2006.php,MEDIUM,REVIEW
MOTO-DIM-SUZUKI-JR80-0001,Suzuki,JR80,,2023,2023,2023,1540.0,730.0,915.0,915.0,UNKNOWN,UNKNOWN,STANDARD,1,bikez,https://bikez.com/motorcycles/suzuki_jr80_2023.php,MEDIUM,REVIEW
MOTO-DIM-SUZUKI-LS650SAVAGE-0001,Suzuki,LS650 Savage,,"2086,2089",,,2180.0,680.0,1065.0,1065.0,UNKNOWN,UNKNOWN,UNKNOWN,2,motorcyclespecs,https://www.motorcyclespecs.co.za/model/suzu/suzuki_ls650_savage%2089.htm | https://www.motorcyclespecs.co.za/model/suzu/suzuki_ls650_savage%2086.htm,LOW,REVIEW
MOTO-DIM-SUZUKI-M109RBOULEVARDBOSS-0001,Suzuki,M109R Boulevard B.O.S.S.,,2014,2014,2014,2450.0,875.0,,,HANDLEBAR_WIDTH,UNKNOWN,UNKNOWN,1,motorcyclespecs,https://www.motorcyclespecs.co.za/model/suzu/suzuki_boulevard_m109r%20B.O.O.S.%2014.htm,LOW,REVIEW
MOTO-DIM-SUZUKI-M109RBOULEVARDBOSS-0002,Suzuki,M109R Boulevard B.O.S.S.,,2016,2016,2016,2450.0,875.0,,,UNKNOWN,UNKNOWN,UNKNOWN,1,motorcyclespecs,https://www.motorcyclespecs.co.za/model/suzu/suzuki_boulevard_m109r%20B.O.O.S._16.htm,LOW,REVIEW
MOTO-DIM-SUZUKI-M109RBOULEVARDBOSS-0003,Suzuki,M109R Boulevard B.O.S.S.,,2018,2018,2018,2450.0,875.0,,,HANDLEBAR_WIDTH,UNKNOWN,UNKNOWN,1,motorcyclespecs,https://www.motorcyclespecs.co.za/model/suzu/suzuki_boulevard_m109r%20B.O.O.S._18.htm,LOW,REVIEW
MOTO-DIM-SUZUKI-M109RBOULEVARDBOSS-0004,Suzuki,M109R Boulevard B.O.S.S.,,2023,2023,2023,2450.0,875.0,1130.0,1130.0,UNKNOWN,UNKNOWN,STANDARD,1,bikez,https://bikez.com/motorcycles/suzuki_boulevard_m109r_b_o_s_s_2023.php,LOW,REVIEW
MOTO-DIM-SUZUKI-M109R2BOULEVARD-0001,Suzuki,M109R2 Boulevard,,2011,2011,2011,2450.0,875.0,,,UNKNOWN,UNKNOWN,STANDARD,1,bikez,https://bikez.com/motorcycles/suzuki_boulevard_m109r2_2011.php,MEDIUM,REVIEW
MOTO-DIM-SUZUKI-M109R2BOULEVARD-0002,Suzuki,M109R2 Boulevard,,2010,2010,2010,2450.0,875.0,,,UNKNOWN,UNKNOWN,STANDARD,1,bikez,https://bikez.com/motorcycles/suzuki_boulevard_m109r2_2010.php,MEDIUM,REVIEW
MOTO-DIM-SUZUKI-M109R2BOULEVARD-0003,Suzuki,M109R2 Boulevard,,2008,2008,2008,2450.0,,1185.0,1185.0,UNKNOWN,UNKNOWN,STANDARD,1,bikez,https://bikez.com/motorcycles/suzuki_boulevard_m109r2_2008.php,MEDIUM,REVIEW
MOTO-DIM-SUZUKI-M109RZBOULEVARDLIMITED-0001,Suzuki,M109RZ Boulevard Limited,,2012,2012,2012,2450.0,,,,UNKNOWN,UNKNOWN,STANDARD,1,bikez,https://bikez.com/motorcycles/suzuki_boulevard_m109r_limited_2012.php,MEDIUM,REVIEW
MOTO-DIM-SUZUKI-M50BOULEVARD-0001,Suzuki,M50 Boulevard,,"2008,2014",,,2395.0,890.0,1105.0,1105.0,HANDLEBAR_WIDTH,UNKNOWN,STANDARD,2,motorcyclespecs,https://www.motorcyclespecs.co.za/model/suzu/suzuki_boulevard_m50%2014.htm | https://www.motorcyclespecs.co.za/model/suzu/suzuki_boulevard_m50%2008.htm,LOW,REVIEW
MOTO-DIM-SUZUKI-M50BOULEVARD-0002,Suzuki,M50 Boulevard,,2017,2017,2017,2395.0,890.0,1105.0,1105.0,HANDLEBAR_WIDTH,UNKNOWN,UNKNOWN,1,motorcyclespecs,https://www.motorcyclespecs.co.za/model/suzu/suzuki_boulevard_m50_17.htm,LOW,REVIEW
MOTO-DIM-SUZUKI-M50BOULEVARD-0003,Suzuki,M50 Boulevard,,2022,2022,2022,2395.0,890.0,,,UNKNOWN,UNKNOWN,STANDARD,1,bikez,https://bikez.com/motorcycles/suzuki_boulevard_m50_2022.php,LOW,REVIEW
MOTO-DIM-SUZUKI-M50BOULEVARD-0004,Suzuki,M50 Boulevard,,2013,2013,2013,2395.0,890.0,,,UNKNOWN,UNKNOWN,STANDARD,1,bikez,https://bikez.com/motorcycles/suzuki_boulevard_m50_2013.php,LOW,REVIEW
MOTO-DIM-SUZUKI-M50BOULEVARD-0005,Suzuki,M50 Boulevard,,2005,2005,2005,2370.0,860.0,1130.0,1130.0,UNKNOWN,UNKNOWN,STANDARD,1,bikez,https://bikez.com/motorcycles/suzuki_boulevard_m50_2005.php,LOW,REVIEW
MOTO-DIM-SUZUKI-M50BOULEVARDSE-0001,Suzuki,M50 Boulevard SE,,2013,2013,2013,2500.0,985.0,,,HANDLEBAR_WIDTH,UNKNOWN,STANDARD,1,motorcyclespecs,https://www.motorcyclespecs.co.za/model/suzu/suzuki_boulevard_c50se%2013.htm,LOW,REVIEW
MOTO-DIM-SUZUKI-M50BOULEVARDSE-0002,Suzuki,M50 Boulevard SE,,2011,2011,2011,2500.0,985.0,,,HANDLEBAR_WIDTH,UNKNOWN,STANDARD,1,motorcyclespecs,https://www.motorcyclespecs.co.za/model/suzu/suzuki_boulevard_c50se%2011.htm,LOW,REVIEW
MOTO-DIM-SUZUKI-M50BOULEVARDSE-0003,Suzuki,M50 Boulevard SE,,2005,2005,2005,2500.0,985.0,,,HANDLEBAR_WIDTH,UNKNOWN,STANDARD,1,motorcyclespecs,https://www.motorcyclespecs.co.za/model/suzu/suzuki_boulevard_c50_se%2005.htm,LOW,REVIEW
MOTO-DIM-SUZUKI-M50BOULEVARDSE-0004,Suzuki,M50 Boulevard SE,,"2021,2022",2021,2022,2500.0,955.0,1110.0,1110.0,UNKNOWN,UNKNOWN,STANDARD,2,bikez,https://bikez.com/motorcycles/suzuki_boulevard_c50se_2022.php | https://bikez.com/motorcycles/suzuki_boulevard_c50se_2021.php,LOW,REVIEW
MOTO-DIM-SUZUKI-M50BBOULEVARD-0001,Suzuki,M50B Boulevard,,2017,2017,2017,2500.0,955.0,,,HANDLEBAR_WIDTH,UNKNOWN,UNKNOWN,1,motorcyclespecs,https://www.motorcyclespecs.co.za/model/suzu/suzuki_boulevard_c50%2017.htm,LOW,REVIEW
MOTO-DIM-SUZUKI-M50BBOULEVARD-0002,Suzuki,M50B Boulevard,,2013,2013,2013,2500.0,985.0,,,HANDLEBAR_WIDTH,UNKNOWN,UNKNOWN,1,motorcyclespecs,https://www.motorcyclespecs.co.za/model/suzu/suzuki_boulevard_c50%2013.htm,LOW,REVIEW
MOTO-DIM-SUZUKI-M50BBOULEVARD-0003,Suzuki,M50B Boulevard,,2019,2019,2019,2500.0,955.0,,,HANDLEBAR_WIDTH,UNKNOWN,UNKNOWN,1,motorcyclespecs,https://www.motorcyclespecs.co.za/model/suzu/suzuki_boulevard_c50_19.html,LOW,REVIEW
MOTO-DIM-SUZUKI-M50BBOULEVARD-0004,Suzuki,M50B Boulevard,,2016,2016,2016,2500.0,955.0,,,UNKNOWN,UNKNOWN,STANDARD,1,bikez,https://bikez.com/motorcycles/suzuki_boulevard_c50_2016.php,LOW,REVIEW
MOTO-DIM-SUZUKI-M50BBOULEVARD-0005,Suzuki,M50B Boulevard,,2005,2005,2005,2510.0,985.0,1100.0,1100.0,HANDLEBAR_WIDTH,UNKNOWN,STANDARD,1,bikez,https://bikez.com/motorcycles/suzuki_boulevard_c50_2005.php,LOW,REVIEW
MOTO-DIM-SUZUKI-M50BOULEVARDLIMITED-0001,Suzuki,M50 Boulevard Limited,,2006,2006,2006,2395.0,890.0,1105.0,1105.0,HANDLEBAR_WIDTH,UNKNOWN,STANDARD,1,motorcyclespecs,https://www.motorcyclespecs.co.za/model/suzu/suzuki_boulevard_m50%20limited%2006.htm,LOW,REVIEW
MOTO-DIM-SUZUKI-M50BOULEVARDLIMITED-0002,Suzuki,M50 Boulevard Limited,,2007,2007,2007,2370.0,920.0,1125.0,1125.0,UNKNOWN,UNKNOWN,STANDARD,1,bikez,https://bikez.com/motorcycles/suzuki_boulevard_m50_limited_2007.php,LOW,REVIEW
MOTO-DIM-SUZUKI-M90BOULEVARD-0001,Suzuki,M90 Boulevard,,"2013,2017",,,2390.0,970.0,1100.0,1100.0,HANDLEBAR_WIDTH,UNKNOWN,STANDARD,2,motorcyclespecs,https://www.motorcyclespecs.co.za/model/suzu/suzuki_boulevard_m90%2013.htm | https://www.motorcyclespecs.co.za/model/suzu/suzuki_boulevard_m90_17.htm,LOW,REVIEW
MOTO-DIM-SUZUKI-M90BOULEVARD-0002,Suzuki,M90 Boulevard,,"2009,2022",,,2390.0,870.0,1100.0,1100.0,UNKNOWN,UNKNOWN,STANDARD,2,bikez,https://bikez.com/motorcycles/suzuki_boulevard_m90_2009.php | https://bikez.com/motorcycles/suzuki_boulevard_m90_2022.php,LOW,REVIEW
MOTO-DIM-SUZUKI-M90BOULEVARD-0003,Suzuki,M90 Boulevard,,2015,2015,2015,2390.0,870.0,,,UNKNOWN,UNKNOWN,STANDARD,1,bikez,https://bikez.com/motorcycles/suzuki_boulevard_m90_2015.php,LOW,REVIEW
MOTO-DIM-SUZUKI-M95BOULEVARD-0001,Suzuki,M95 Boulevard,,2005,2005,2005,2410.0,850.0,1100.0,1100.0,UNKNOWN,UNKNOWN,STANDARD,1,bikez,https://bikez.com/motorcycles/suzuki_boulevard_m95_2005.php,MEDIUM,REVIEW
MOTO-DIM-SUZUKI-OR50-0001,Suzuki,OR50,,2006,2006,2006,1245.0,595.0,730.0,730.0,UNKNOWN,UNKNOWN,STANDARD,1,bikez,https://bikez.com/motorcycles/suzuki_jr_50_2006.php,MEDIUM,REVIEW
MOTO-DIM-SUZUKI-MT50-0001,Suzuki,MT50,,2002,2002,2002,1645.0,715.0,975.0,975.0,UNKNOWN,UNKNOWN,STANDARD,1,bikez,https://bikez.com/motorcycles/suzuki_tr_50_sd_2002.php,MEDIUM,REVIEW
MOTO-DIM-SUZUKI-PE175-0001,Suzuki,PE175,,2080,2080,2080,2100.0,880.0,1200.0,1200.0,UNKNOWN,UNKNOWN,UNKNOWN,1,motorcyclespecs,https://www.motorcyclespecs.co.za/model/suzu/suzuki_pe175%2080.htm,MEDIUM,REVIEW
MOTO-DIM-SUZUKI-PE250-0001,Suzuki,PE250,,2082,2082,2082,2150.0,855.0,1200.0,1200.0,UNKNOWN,UNKNOWN,UNKNOWN,1,motorcyclespecs,https://www.motorcyclespecs.co.za/model/suzu/suzuki_pe250%2082.htm,MEDIUM,REVIEW
MOTO-DIM-SUZUKI-RE5-0001,Suzuki,RE5,,1974,1974,1974,2220.0,870.0,1170.0,1170.0,UNKNOWN,UNKNOWN,STANDARD,1,motorcyclespecs,https://www.motorcyclespecs.co.za/model/suzu/suzuki_re5_rotary.htm,MEDIUM,REVIEW
MOTO-DIM-SUZUKI-RM50-0001,Suzuki,RM50,,2006,2006,2006,1245.0,595.0,730.0,730.0,UNKNOWN,UNKNOWN,STANDARD,1,bikez,https://bikez.com/motorcycles/suzuki_jr_50_2006.php,MEDIUM,REVIEW
MOTO-DIM-SUZUKI-RM60-0001,Suzuki,RM60,,2003,2003,2003,1560.0,705.0,915.0,915.0,UNKNOWN,UNKNOWN,STANDARD,1,bikez,https://bikez.com/motorcycles/suzuki_rm_60_2003.php,MEDIUM,REVIEW
MOTO-DIM-SUZUKI-RM65-0001,Suzuki,RM65,,2005,2005,2005,1590.0,760.0,955.0,955.0,UNKNOWN,UNKNOWN,STANDARD,1,bikez,https://bikez.com/motorcycles/suzuki_rm_65_2005.php,MEDIUM,REVIEW
MOTO-DIM-SUZUKI-RM85-0001,Suzuki,RM85,,2013,2013,2013,1805.0,735.0,1100.0,1100.0,UNKNOWN,UNKNOWN,UNKNOWN,1,1000ps,https://www.1000ps.com/en-gb/model/1455/suzuki-rm-85,MEDIUM,REVIEW
MOTO-DIM-SUZUKI-RM85L-0001,Suzuki,RM85L,,2024,2024,2024,1805.0,735.0,1100.0,1100.0,UNKNOWN,UNKNOWN,UNKNOWN,1,1000ps,https://www.1000ps.com/en-gb/model/2257/suzuki-rm-85l,MEDIUM,REVIEW
MOTO-DIM-SUZUKI-RMX450Z-0001,Suzuki,RMX450Z,,2010,2010,2010,2184.0,831.0,1270.0,1270.0,UNKNOWN,UNKNOWN,STANDARD,1,motorcyclespecs,https://www.motorcyclespecs.co.za/model/suzu/suzuki_rmx450z.htm,LOW,REVIEW
MOTO-DIM-SUZUKI-RMX450Z-0002,Suzuki,RMX450Z,,2022,2022,2022,2185.0,840.0,1265.0,1265.0,UNKNOWN,UNKNOWN,STANDARD,1,bikez,https://bikez.com/motorcycles/suzuki_rmx450z_2022.php,LOW,REVIEW
MOTO-DIM-SUZUKI-RMX450Z-0003,Suzuki,RMX450Z,,2016,2016,2016,2185.0,830.0,1260.0,1260.0,UNKNOWN,UNKNOWN,STANDARD,1,bikez,https://bikez.com/motorcycles/suzuki_rmx450z_2016.php,LOW,REVIEW
MOTO-DIM-SUZUKI-RMZ250RMARMYEDITION-0001,Suzuki,RMZ250 RM Army Edition,,2026,2026,2026,2185.0,835.0,1255.0,1255.0,UNKNOWN,UNKNOWN,UNKNOWN,1,1000ps,https://www.1000ps.com/en-gb/model/1482/suzuki-rm-z250,MEDIUM,REVIEW
MOTO-DIM-SUZUKI-RMZ450-0001,Suzuki,RMZ450,,2010,2010,2010,2190.0,830.0,1270.0,1270.0,UNKNOWN,UNKNOWN,STANDARD,1,bikez,https://bikez.com/motorcycles/suzuki_rmz_450_2010.php,MEDIUM,REVIEW
MOTO-DIM-SUZUKI-RMZ450RMARMYEDITION-0001,Suzuki,RMZ450 RM Army Edition,,2010,2010,2010,2190.0,830.0,1270.0,1270.0,UNKNOWN,UNKNOWN,STANDARD,1,bikez,https://bikez.com/motorcycles/suzuki_rmz_450_2010.php,MEDIUM,REVIEW
MOTO-DIM-SUZUKI-RV200VANVAN200-0001,Suzuki,RV200 VanVan 200,,2016,2016,2016,2140.0,865.0,1125.0,1125.0,UNKNOWN,UNKNOWN,UNKNOWN,1,motorcyclespecs,https://www.motorcyclespecs.co.za/model/suzu/suzuki_VanVan%20200%2016.htm,LOW,REVIEW
MOTO-DIM-SUZUKI-RV200VANVAN200-0002,Suzuki,RV200 VanVan 200,,2019,2019,2019,2140.0,865.0,1125.0,1125.0,HANDLEBAR_WIDTH,UNKNOWN,UNKNOWN,1,motorcyclespecs,https://www.motorcyclespecs.co.za/model/suzu/suzuki_VanVan_200_19.html,LOW,REVIEW
MOTO-DIM-SUZUKI-S40BOULEVARD-0001,Suzuki,S40 Boulevard,,"2011,2017,2019",,,2180.0,720.0,1105.0,1105.0,HANDLEBAR_WIDTH,UNKNOWN,UNKNOWN,3,motorcyclespecs,https://www.motorcyclespecs.co.za/model/suzu/suzuki_boulevard_s40%2017.htm | https://www.motorcyclespecs.co.za/model/suzu/suzuki_boulevard_s40%2011.htm | https://www.motorcyclespecs.co.za/model/suzu/suzuki_boulevard_s40_19.html,LOW,REVIEW
MOTO-DIM-SUZUKI-S40BOULEVARD-0002,Suzuki,S40 Boulevard,,2022,2022,2022,2180.0,720.0,1105.0,1105.0,HANDLEBAR_WIDTH,UNKNOWN,STANDARD,1,bikez,https://bikez.com/motorcycles/suzuki_boulevard_s40_2022.php,LOW,REVIEW
MOTO-DIM-SUZUKI-S40BOULEVARD-0003,Suzuki,S40 Boulevard,,2013,2013,2013,2180.0,720.0,,,UNKNOWN,UNKNOWN,STANDARD,1,bikez,https://bikez.com/motorcycles/suzuki_boulevard_s40_2013.php,LOW,REVIEW
MOTO-DIM-SUZUKI-S40BOULEVARD-0004,Suzuki,S40 Boulevard,,2005,2005,2005,2180.0,720.0,1105.0,1105.0,UNKNOWN,UNKNOWN,STANDARD,1,bikez,https://bikez.com/motorcycles/suzuki_boulevard_s40_2005.php,LOW,REVIEW
MOTO-DIM-SUZUKI-S50BOULEVARD-0001,Suzuki,S50 Boulevard,,"2005,2008",,,2250.0,765.0,1125.0,1125.0,HANDLEBAR_WIDTH,UNKNOWN,STANDARD,2,motorcyclespecs,https://www.motorcyclespecs.co.za/model/suzu/suzuki_boulevard_s50%2008.htm | https://www.motorcyclespecs.co.za/model/suzu/suzuki_boulevard_s50%2005.htm,LOW,REVIEW
MOTO-DIM-SUZUKI-S50BOULEVARD-0002,Suzuki,S50 Boulevard,,2011,2011,2011,2250.0,765.0,,,UNKNOWN,UNKNOWN,STANDARD,1,bikez,https://bikez.com/motorcycles/suzuki_boulevard_s50_2011.php,LOW,REVIEW
MOTO-DIM-SUZUKI-S83BOULEVARD-0001,Suzuki,S83 Boulevard,,"2005,2008",,,2335.0,765.0,1145.0,1145.0,HANDLEBAR_WIDTH,UNKNOWN,STANDARD,2,motorcyclespecs,https://www.motorcyclespecs.co.za/model/suzu/suzuki_boulevard_s83%2008.htm | https://www.motorcyclespecs.co.za/model/suzu/suzuki_boulevard_s83.htm,LOW,REVIEW
MOTO-DIM-SUZUKI-S83BOULEVARD-0002,Suzuki,S83 Boulevard,,2011,2011,2011,2335.0,765.0,,,UNKNOWN,UNKNOWN,STANDARD,1,bikez,https://bikez.com/motorcycles/suzuki_boulevard_s83_2011.php,LOW,REVIEW
MOTO-DIM-SUZUKI-SFV650-0001,Suzuki,SFV650,,2019,2019,2019,2130.0,760.0,1090.0,1090.0,UNKNOWN,UNKNOWN,STANDARD,1,bikez,https://bikez.com/motorcycles/suzuki_sfv650_2019.php,MEDIUM,REVIEW
MOTO-DIM-SUZUKI-SFV650GLADIUS-0001,Suzuki,SFV650 Gladius,,2015,2015,2015,2130.0,760.0,1090.0,1090.0,HANDLEBAR_WIDTH,UNKNOWN,STANDARD,1,motorcyclespecs,https://www.motorcyclespecs.co.za/model/suzu/suzuki_sfv_650_gladius%2015.htm,LOW,REVIEW
MOTO-DIM-SUZUKI-SFV650GLADIUS-0002,Suzuki,SFV650 Gladius,,2011,2011,2011,2130.0,760.0,1090.0,1090.0,UNKNOWN,UNKNOWN,UNKNOWN,1,motorcyclespecs,https://www.motorcyclespecs.co.za/model/suzu/suzuki_sfv_650_gladius%2011.htm,LOW,REVIEW
MOTO-DIM-SUZUKI-SFV650GLADIUS-0003,Suzuki,SFV650 Gladius,,2009,2009,2009,2130.0,760.0,1090.0,1090.0,HANDLEBAR_WIDTH,UNKNOWN,UNKNOWN,1,motorcyclespecs,https://www.motorcyclespecs.co.za/model/suzu/suzuki_sfv_650_gladius.htm,LOW,REVIEW
MOTO-DIM-SUZUKI-SFV650GLADIUS-0004,Suzuki,SFV650 Gladius,,2017,2017,2017,2130.0,760.0,1080.0,1080.0,UNKNOWN,UNKNOWN,STANDARD,1,1000ps,https://www.1000ps.com/en-gb/model/3880/suzuki-sfv-650-gladius,LOW,REVIEW
MOTO-DIM-SUZUKI-SP125-0001,Suzuki,SP125,,2088,2088,2088,2170.0,845.0,1190.0,1190.0,UNKNOWN,UNKNOWN,UNKNOWN,1,motorcyclespecs,https://www.motorcyclespecs.co.za/model/suzu/suzuki_sp125%2088.htm,MEDIUM,REVIEW
MOTO-DIM-SUZUKI-SP200-0001,Suzuki,SP200,,2088,2088,2088,2180.0,845.0,1250.0,1250.0,UNKNOWN,UNKNOWN,UNKNOWN,1,motorcyclespecs,https://www.motorcyclespecs.co.za/model/suzu/suzuki_sp200%2088.htm,MEDIUM,REVIEW
MOTO-DIM-SUZUKI-SP370-0001,Suzuki,SP370,,,,,2200.0,850.0,1180.0,1180.0,HANDLEBAR_WIDTH,UNKNOWN,STANDARD,1,motorcyclespecs,https://www.motorcyclespecs.co.za/model/suzu/suzuki_sp370.htm,LOW,REVIEW
MOTO-DIM-SUZUKI-SP370-0002,Suzuki,SP370,,1978,1978,1978,2200.0,850.0,1180.0,1180.0,UNKNOWN,UNKNOWN,UNKNOWN,1,motorcyclespecs,https://www.motorcyclespecs.co.za/model/suzu/suzuki_sp375.htm,LOW,REVIEW
MOTO-DIM-SUZUKI-SP600-0001,Suzuki,SP600,,2085,2085,2085,2215.0,875.0,1235.0,1235.0,UNKNOWN,UNKNOWN,UNKNOWN,1,motorcyclespecs,https://www.motorcyclespecs.co.za/model/suzu/suzuki_sp600%2085.htm,MEDIUM,REVIEW
MOTO-DIM-SUZUKI-SV1000S-0001,Suzuki,SV1000/S,,"2005,2008",,,2130.0,790.0,1170.0,1170.0,HANDLEBAR_WIDTH,UNKNOWN,UNKNOWN,2,motorcyclespecs,https://www.motorcyclespecs.co.za/model/suzu/suzuki_sv1000s%2008.htm | https://www.motorcyclespecs.co.za/model/suzu/suzuki_sv1000s%2005.htm,LOW,REVIEW
MOTO-DIM-SUZUKI-SV1000S-0002,Suzuki,SV1000/S,,2003,2003,2003,2130.0,790.0,1170.0,1170.0,HANDLEBAR_WIDTH,UNKNOWN,STANDARD,1,motorcyclespecs,https://www.motorcyclespecs.co.za/model/suzu/suzuki_sv1000s%2003.htm,LOW,REVIEW
MOTO-DIM-SUZUKI-SV1000S-0003,Suzuki,SV1000/S,,2007,2007,2007,2085.0,745.0,1170.0,1170.0,UNKNOWN,UNKNOWN,STANDARD,1,bikez,https://bikez.com/motorcycles/suzuki_sv_1000_s_2007.php,LOW,REVIEW
MOTO-DIM-SUZUKI-SV650-0001,Suzuki,SV650,,"2016,2025",,,2140.0,760.0,1090.0,1090.0,UNKNOWN,UNKNOWN,UNKNOWN,3,motorcyclespecs | bikedekho,https://www.motorcyclespecs.co.za/model/suzu/suzuki-sv-650-2025.html | https://www.motorcyclespecs.co.za/model/suzu/suzuki_sv_650_16.htm | https://www.bikedekho.com/suzuki/sv650/specifications,LOW,REVIEW
MOTO-DIM-SUZUKI-SV650-0002,Suzuki,SV650,,2020,2020,2020,2140.0,760.0,1090.0,1090.0,HANDLEBAR_WIDTH,UNKNOWN,UNKNOWN,1,motorcyclespecs,https://www.motorcyclespecs.co.za/model/suzu/suzuki_sv_650_20.html,LOW,REVIEW
MOTO-DIM-SUZUKI-SV650-0003,Suzuki,SV650,,2011,2011,2011,2080.0,745.0,650.0,650.0,HANDLEBAR_WIDTH,UNKNOWN,STANDARD,1,bikez,https://bikez.com/motorcycles/suzuki_sv650_2011.php,LOW,REVIEW
MOTO-DIM-SUZUKI-SV650-0004,Suzuki,SV650,,2000,2000,2000,2045.0,,,,UNKNOWN,UNKNOWN,STANDARD,1,bikez,https://bikez.com/motorcycles/suzuki_sv_650_2000.php,LOW,REVIEW
MOTO-DIM-SUZUKI-SV650ABS-0001,Suzuki,SV650 ABS,,2020,2020,2020,2140.0,760.0,1090.0,1090.0,UNKNOWN,UNKNOWN,STANDARD,1,bikez,https://bikez.com/motorcycles/suzuki_sv650_abs_2020.php,MEDIUM,REVIEW
MOTO-DIM-SUZUKI-SV650AABS-0001,Suzuki,SV650A ABS,,2020,2020,2020,2140.0,760.0,1090.0,1090.0,UNKNOWN,UNKNOWN,STANDARD,1,bikez,https://bikez.com/motorcycles/suzuki_sv650_abs_2020.php,MEDIUM,REVIEW
MOTO-DIM-SUZUKI-SV650S-0001,Suzuki,SV650S,,2015,2015,2015,2120.0,730.0,1170.0,1170.0,UNKNOWN,UNKNOWN,STANDARD,1,motorcyclespecs,https://www.motorcyclespecs.co.za/model/suzu/suzuki_sv650s%2015.htm,LOW,REVIEW
MOTO-DIM-SUZUKI-SV650S-0002,Suzuki,SV650S,,2003,2003,2003,2130.0,730.0,1175.0,1175.0,HANDLEBAR_WIDTH,UNKNOWN,STANDARD,1,motorcyclespecs,https://www.motorcyclespecs.co.za/model/suzu/suzuki_sv650s%2003.htm,LOW,REVIEW
MOTO-DIM-SUZUKI-SV650S-0003,Suzuki,SV650S,,2001,2001,2001,2045.0,790.0,1060.0,1060.0,HANDLEBAR_WIDTH,UNKNOWN,UNKNOWN,1,motorcyclespecs,https://www.motorcyclespecs.co.za/model/suzu/suzuki_sv650s_01.htm,LOW,REVIEW
MOTO-DIM-SUZUKI-SV650S-0004,Suzuki,SV650S,,"2006,2016",,,2085.0,730.0,1170.0,1170.0,UNKNOWN,UNKNOWN,STANDARD,2,bikez,https://bikez.com/motorcycles/suzuki_sv650s_2016.php | https://bikez.com/motorcycles/suzuki_sv_650_s_2006.php,LOW,REVIEW
MOTO-DIM-SUZUKI-SV650SAABS-0001,Suzuki,SV650SA ABS,,2011,2011,2011,2120.0,730.0,650.0,650.0,UNKNOWN,UNKNOWN,STANDARD,1,bikez,https://bikez.com/motorcycles/suzuki_sv650sf_abs_2011.php,LOW,REVIEW
MOTO-DIM-SUZUKI-SV650SAABS-0002,Suzuki,SV650SA ABS,,2010,2010,2010,2085.0,730.0,,,UNKNOWN,UNKNOWN,STANDARD,1,bikez,https://bikez.com/motorcycles/suzuki_sv650sf_abs_2010.php,MEDIUM,REVIEW
MOTO-DIM-SUZUKI-SV650SAABS-0003,Suzuki,SV650SA ABS,,2008,2008,2008,2120.0,730.0,1170.0,1170.0,UNKNOWN,UNKNOWN,STANDARD,1,bikez,https://bikez.com/motorcycles/suzuki_sv650sf_abs_2008.php,MEDIUM,REVIEW
MOTO-DIM-SUZUKI-SV650X-0001,Suzuki,SV650X,,"2019,2021",,,2140.0,730.0,1090.0,1090.0,HANDLEBAR_WIDTH,UNKNOWN,STANDARD,2,motorcyclespecs | bikez,https://www.motorcyclespecs.co.za/model/suzu/Suzuki_SV650X_19.htm | https://bikez.com/motorcycles/suzuki_sv650x_2021.php,LOW,REVIEW
MOTO-DIM-SUZUKI-SV650X-0002,Suzuki,SV650X,,2024,2024,2024,2140.0,730.0,1090.0,1090.0,HANDLEBAR_WIDTH,UNKNOWN,UNKNOWN,1,1000ps,https://www.1000ps.com/en-gb/model/9188/suzuki-sv650x,LOW,REVIEW
MOTO-DIM-SUZUKI-SV650X-0003,Suzuki,SV650X,,2018,2018,2018,2140.0,730.0,1190.0,1190.0,UNKNOWN,UNKNOWN,STANDARD,1,bikez,https://bikez.com/motorcycles/suzuki_sv650x_2018.php,LOW,REVIEW
MOTO-DIM-SUZUKI-T125R-0001,Suzuki,T125R,,2097,2097,2097,2165.0,880.0,1215.0,1215.0,UNKNOWN,UNKNOWN,UNKNOWN,1,motorcyclespecs,https://www.motorcyclespecs.co.za/model/suzu/suzuki_ts125r%2097.htm,MEDIUM,REVIEW
MOTO-DIM-SUZUKI-T350-0001,Suzuki,T350,,2070,2070,2070,1976.0,825.0,1080.0,1080.0,UNKNOWN,UNKNOWN,UNKNOWN,1,motorcyclespecs,https://www.motorcyclespecs.co.za/model/suzu/suzuki_t350%2070.htm,MEDIUM,REVIEW
MOTO-DIM-SUZUKI-T500TITAN-0001,Suzuki,T500 Titan,,2069,2069,2069,2172.0,835.0,1125.0,1125.0,UNKNOWN,UNKNOWN,STANDARD,1,motorcyclespecs,https://www.motorcyclespecs.co.za/model/suzu/suzuki_t500%2069.htm,MEDIUM,REVIEW
MOTO-DIM-SUZUKI-TC100-0001,Suzuki,TC100,,1973,1973,1973,1999.0,831.0,1080.0,1080.0,UNKNOWN,UNKNOWN,STANDARD,1,bikez,https://bikez.com/motorcycles/suzuki_tc_100_k_blazer_1973.php,MEDIUM,REVIEW
MOTO-DIM-SUZUKI-TC125-0001,Suzuki,TC125,,2012,2012,2012,2170.0,935.0,1150.0,1150.0,UNKNOWN,UNKNOWN,UNKNOWN,1,motorcyclespecs,https://www.motorcyclespecs.co.za/model/suzu/suzuki_tf125.htm,LOW,REVIEW
MOTO-DIM-SUZUKI-TC125-0002,Suzuki,TC125,,"2014,2017,2022",,,2170.0,935.0,1150.0,1150.0,UNKNOWN,UNKNOWN,STANDARD,3,bikez,https://bikez.com/motorcycles/suzuki_tf125_2022.php | https://bikez.com/motorcycles/suzuki_tf125_2017.php | https://bikez.com/motorcycles/suzuki_tf_125_2014.php,LOW,REVIEW
MOTO-DIM-SUZUKI-TC185-0001,Suzuki,TC185,,,,,1950.0,770.0,1065.0,1065.0,HANDLEBAR_WIDTH,UNKNOWN,STANDARD,1,motorcyclespecs,https://www.motorcyclespecs.co.za/model/suzu/suzuki_gt185.htm,LOW,REVIEW
MOTO-DIM-SUZUKI-TC250-0001,Suzuki,TC250,,1969,1969,1969,1950.0,,1030.0,1030.0,UNKNOWN,UNKNOWN,STANDARD,1,bikez,https://bikez.com/motorcycles/suzuki_tc250_1969.php,MEDIUM,REVIEW
MOTO-DIM-SUZUKI-TC250-0002,Suzuki,TC250,,1968,1968,1968,1950.0,,1030.0,1030.0,UNKNOWN,UNKNOWN,STANDARD,1,bikez,https://bikez.com/motorcycles/suzuki_tc250_1968.php,MEDIUM,REVIEW
MOTO-DIM-SUZUKI-TC250-0003,Suzuki,TC250,,1967,1967,1967,1950.0,,1030.0,1030.0,UNKNOWN,UNKNOWN,STANDARD,1,bikez,https://bikez.com/motorcycles/suzuki_tc250_1967.php,MEDIUM,REVIEW
MOTO-DIM-SUZUKI-TL1000R-0001,Suzuki,TL1000R,,"2000,2003,2098",,,2100.0,740.0,1120.0,1120.0,UNKNOWN,UNKNOWN,STANDARD,3,motorcyclespecs | bikez,https://www.motorcyclespecs.co.za/model/suzu/suzuki_tl1000r%2098.htm | https://www.motorcyclespecs.co.za/model/suzu/suzuki_tl1000r%2000.htm | https://bikez.com/motorcycles/suzuki_tl_1000_r_2003.php,LOW,REVIEW
MOTO-DIM-SUZUKI-TL1000R-0002,Suzuki,TL1000R,,2002,2002,2002,2100.0,740.0,1120.0,1120.0,HANDLEBAR_WIDTH,UNKNOWN,STANDARD,1,motorcyclespecs,https://www.motorcyclespecs.co.za/model/suzu/suzuki_tl1000r%2002.htm,LOW,REVIEW
MOTO-DIM-SUZUKI-TL1000S-0001,Suzuki,TL1000S,,"2001,2097,2099",,,2065.0,715.0,1175.0,1175.0,UNKNOWN,UNKNOWN,UNKNOWN,3,motorcyclespecs,https://www.motorcyclespecs.co.za/model/suzu/suzuki_tl1000s%2099.htm | https://www.motorcyclespecs.co.za/model/suzu/suzuki_tl1000s%2097.htm | https://www.motorcyclespecs.co.za/model/suzu/suzuki_tl1000s%2001.htm,LOW,REVIEW
MOTO-DIM-SUZUKI-TS100-0001,Suzuki,TS100,,1976,1976,1976,2000.0,850.0,1060.0,1060.0,UNKNOWN,UNKNOWN,STANDARD,1,bikez,https://bikez.com/motorcycles/suzuki_ts_100_a_1976.php,MEDIUM,REVIEW
MOTO-DIM-SUZUKI-TS250-0001,Suzuki,TS250,,2081,2081,2081,2220.0,850.0,1180.0,1180.0,UNKNOWN,UNKNOWN,UNKNOWN,1,motorcyclespecs,https://www.motorcyclespecs.co.za/model/suzu/suzuki_ts250%2081.htm,LOW,REVIEW
MOTO-DIM-SUZUKI-TS250-0002,Suzuki,TS250,,2073,2073,2073,2184.0,889.0,1100.0,1100.0,UNKNOWN,UNKNOWN,UNKNOWN,1,motorcyclespecs,https://www.motorcyclespecs.co.za/model/suzu/suzuki_ts250%2073.htm,LOW,REVIEW
MOTO-DIM-SUZUKI-TS250-0003,Suzuki,TS250,,1971,1971,1971,2115.0,880.0,1125.0,1125.0,UNKNOWN,UNKNOWN,UNKNOWN,1,motorcyclespecs,https://www.motorcyclespecs.co.za/model/suzu/suzuki_ts250_71.html,LOW,REVIEW
MOTO-DIM-SUZUKI-TS400-0001,Suzuki,TS400,,2072,2072,2072,2215.0,889.0,1125.0,1125.0,UNKNOWN,UNKNOWN,UNKNOWN,1,motorcyclespecs,https://www.motorcyclespecs.co.za/model/suzu/suzuki_ts400l%2072.htm,MEDIUM,REVIEW
MOTO-DIM-SUZUKI-TS75-0001,Suzuki,TS75,,2075,2075,2075,2215.0,864.0,1125.0,1125.0,HANDLEBAR_WIDTH,UNKNOWN,UNKNOWN,1,motorcyclespecs,https://www.motorcyclespecs.co.za/model/suzu/suzuki_gt750%2075.htm,MEDIUM,REVIEW
MOTO-DIM-SUZUKI-TU250-0001,Suzuki,TU250,,2011,2011,2011,2070.0,750.0,,,UNKNOWN,UNKNOWN,STANDARD,1,bikez,https://bikez.com/motorcycles/suzuki_tu250_2011.php,MEDIUM,REVIEW
MOTO-DIM-SUZUKI-TU250-0002,Suzuki,TU250,,2010,2010,2010,2070.0,750.0,1075.0,1075.0,UNKNOWN,UNKNOWN,STANDARD,1,bikez,https://bikez.com/motorcycles/suzuki_tu250_2010.php,MEDIUM,REVIEW
MOTO-DIM-SUZUKI-TU250X-0001,Suzuki,TU250X,,"2014,2019",,,2070.0,750.0,1075.0,1075.0,UNKNOWN,UNKNOWN,STANDARD,2,motorcyclespecs | bikez,https://www.motorcyclespecs.co.za/model/suzu/suzuki_tu250%2014.htm | https://bikez.com/motorcycles/suzuki_tu250x_2019.php,LOW,REVIEW
MOTO-DIM-SUZUKI-TU250X-0002,Suzuki,TU250X,,2005,,,2070.0,750.0,1075.0,1075.0,UNKNOWN,UNKNOWN,UNKNOWN,2,motorcyclespecs,https://www.motorcyclespecs.co.za/model/suzu/suzuki_tu250%2005.htm | https://www.motorcyclespecs.co.za/model/suzu/suzuki_tu250.htm,LOW,REVIEW
MOTO-DIM-SUZUKI-TU250X-0003,Suzuki,TU250X,,2015,2015,2015,2070.0,750.0,,,UNKNOWN,UNKNOWN,STANDARD,1,bikez,https://bikez.com/motorcycles/suzuki_tu250x_2015.php,LOW,REVIEW
MOTO-DIM-SUZUKI-UB125BURGMANSTREET-0001,Suzuki,UB125 Burgman Street,,2021,2021,2021,1880.0,715.0,1140.0,1140.0,UNKNOWN,UNKNOWN,STANDARD,1,bikez,https://bikez.com/motorcycles/suzuki_burgman_125_street_2021.php,MEDIUM,REVIEW
MOTO-DIM-SUZUKI-UH200BURGMANABS-0001,Suzuki,UH200 Burgman ABS,,2016,2016,2016,2055.0,740.0,1240.0,1240.0,UNKNOWN,UNKNOWN,STANDARD,1,bikez,https://bikez.com/motorcycles/suzuki_burgman_200_abs_2016.php,MEDIUM,REVIEW
MOTO-DIM-SUZUKI-VSTROM800DE-0001,Suzuki,V-Strom 800DE,,2026,2026,2026,2345.0,975.0,1310.0,1310.0,UNKNOWN,ADJUSTABLE_WINDSCREEN,STANDARD,1,1000ps,https://www.1000ps.com/en-gb/model/11392/suzuki-v-strom-800de,MEDIUM,REVIEW
MOTO-DIM-SUZUKI-VSTROM250SX-0001,Suzuki,V-Strom 250 SX,,2023,2023,2023,2180.0,880.0,1335.0,1335.0,UNKNOWN,UNKNOWN,WITH_TOP_BOX,1,bikez,https://bikez.com/motorcycles/suzuki_v-strom_250sx_2023.php,MEDIUM,REVIEW
MOTO-DIM-SUZUKI-VANVAN200-0001,Suzuki,VanVan 200,,2019,2019,2019,2140.0,865.0,1125.0,1125.0,UNKNOWN,UNKNOWN,STANDARD,1,bikez,https://bikez.com/motorcycles/suzuki_vanvan_200_2019.php,MEDIUM,REVIEW
MOTO-DIM-SUZUKI-VL1500INTRUDER-0001,Suzuki,VL1500 Intruder,,2003,2003,2003,2525.0,965.0,,,UNKNOWN,UNKNOWN,STANDARD,1,bikez,https://bikez.com/motorcycles/suzuki_vl_1500_intruder_lc_2003.php,MEDIUM,REVIEW
MOTO-DIM-SUZUKI-VL1500INTRUDER-0002,Suzuki,VL1500 Intruder,,2002,2002,2002,2525.0,965.0,1165.0,1165.0,UNKNOWN,UNKNOWN,STANDARD,1,bikez,https://bikez.com/motorcycles/suzuki_vl_1500_intruder_lc_2002.php,MEDIUM,REVIEW
MOTO-DIM-SUZUKI-VL800INTRUDERVOLUSIA-0001,Suzuki,VL800 Intruder Volusia,,2003,2003,2003,2395.0,985.0,,,UNKNOWN,UNKNOWN,STANDARD,1,bikez,https://bikez.com/motorcycles/suzuki_vl_800_intruder_volusia_2003.php,MEDIUM,REVIEW
MOTO-DIM-SUZUKI-VL800INTRUDERVOLUSIA-0002,Suzuki,VL800 Intruder Volusia,,2002,2002,2002,2510.0,985.0,1110.0,1110.0,UNKNOWN,UNKNOWN,STANDARD,1,bikez,https://bikez.com/motorcycles/suzuki_vl_800_intruder_volusia_2002.php,MEDIUM,REVIEW
MOTO-DIM-SUZUKI-VS1400GLINTRUDER-0001,Suzuki,VS1400GL Intruder,,2098,2098,2098,2334.0,724.0,,,HANDLEBAR_WIDTH,UNKNOWN,UNKNOWN,1,motorcyclespecs,https://www.motorcyclespecs.co.za/model/suzu/suzuki_vs1400glr_intruder%2098.htm,MEDIUM,REVIEW
MOTO-DIM-SUZUKI-VS1400GLINTRUDER-0002,Suzuki,VS1400GL Intruder,,2002,2002,2002,2334.0,724.0,,,HANDLEBAR_WIDTH,UNKNOWN,UNKNOWN,1,motorcyclespecs,https://www.motorcyclespecs.co.za/model/suzu/suzuki_vs1400glr_intruder%2002.htm,MEDIUM,REVIEW
MOTO-DIM-SUZUKI-VS750GLINTRUDER-0001,Suzuki,VS750GL Intruder,,2086,2086,2086,2225.0,750.0,1185.0,1185.0,UNKNOWN,UNKNOWN,UNKNOWN,2,motorcyclespecs,https://www.motorcyclespecs.co.za/model/suzu/suzuki_vs750gl_intruder%2086.htm | https://www.motorcyclespecs.co.za/model/suzu/suzuki_vs750glp_intruder.htm,LOW,REVIEW
MOTO-DIM-SUZUKI-VS800GLINTRUDER-0001,Suzuki,VS800GL Intruder,,2093,2093,2093,2256.0,770.0,1215.0,1215.0,HANDLEBAR_WIDTH,UNKNOWN,STANDARD,1,motorcyclespecs,https://www.motorcyclespecs.co.za/model/suzu/suzuki_vs800gl_intruder%2093.htm,LOW,REVIEW
MOTO-DIM-SUZUKI-VS800GLINTRUDER-0002,Suzuki,VS800GL Intruder,,2002,2002,2002,2250.0,885.0,1180.0,1180.0,UNKNOWN,UNKNOWN,STANDARD,1,bikez,https://bikez.com/motorcycles/suzuki_vs_800_gl_intruder_2002.php,LOW,REVIEW
MOTO-DIM-SUZUKI-VS800GLINTRUDER-0003,Suzuki,VS800GL Intruder,,1997,1997,1997,2256.0,,,,UNKNOWN,UNKNOWN,STANDARD,1,bikez,https://bikez.com/motorcycles/suzuki_vs_800_gl_intruder_1997.php,LOW,REVIEW
MOTO-DIM-SUZUKI-VZ1600MARAUDER-0001,Suzuki,VZ1600 Marauder,,2004,2004,2004,2410.0,850.0,1100.0,1100.0,UNKNOWN,UNKNOWN,STANDARD,1,motorcyclespecs,https://www.motorcyclespecs.co.za/model/suzu/suzuki_vz1600_ma%2004.htm,LOW,REVIEW
MOTO-DIM-SUZUKI-VZ800MARAUDER-0001,Suzuki,VZ800 Marauder,,2003,2003,2003,2405.0,750.0,,,UNKNOWN,UNKNOWN,STANDARD,1,bikez,https://bikez.com/motorcycles/suzuki_vz_800_marauder_2003.php,MEDIUM,REVIEW
MOTO-DIM-SUZUKI-XN85TURBO-0001,Suzuki,XN85 Turbo,,1984,1984,1984,2160.0,750.0,,,HANDLEBAR_WIDTH,UNKNOWN,UNKNOWN,1,motorcyclespecs,https://www.motorcyclespecs.co.za/model/suzu/suzuki_xn85_84.html,MEDIUM,REVIEW
MOTO-DIM-SUZUKI-XN85TURBO-0002,Suzuki,XN85 Turbo,,1983,1983,1983,2160.0,750.0,,,HANDLEBAR_WIDTH,UNKNOWN,UNKNOWN,1,motorcyclespecs,https://www.motorcyclespecs.co.za/model/suzu/suzuki_xn85d83.htm,MEDIUM,REVIEW
MOTO-DIM-APRILIA-ATLANTIC500-0001,Aprilia,Atlantic 500,,,,,2200.0,815.0,,,UNKNOWN,UNKNOWN,WITH_TOP_BOX,1,motorcyclespecs,https://www.motorcyclespecs.co.za/model/aprilia/aprilia-atlantic-500.html,LOW,REVIEW
MOTO-DIM-APRILIA-CAPONORD1200-0001,Aprilia,Caponord 1200,,2018,2018,2018,2245.0,,1440.0,1440.0,UNKNOWN,UNKNOWN,UNKNOWN,1,1000ps,https://www.1000ps.com/en-gb/model/7353/aprilia-caponord-1200-abs,MEDIUM,REVIEW
MOTO-DIM-APRILIA-CAPONORD1200ABS-0001,Aprilia,Caponord 1200 ABS,,2018,2018,2018,2245.0,,1440.0,1440.0,UNKNOWN,UNKNOWN,UNKNOWN,1,1000ps,https://www.1000ps.com/en-gb/model/7353/aprilia-caponord-1200-abs,MEDIUM,REVIEW
MOTO-DIM-APRILIA-CAPONORD1200ABSRALLY-0001,Aprilia,Caponord 1200 ABS Rally,,2015,2015,2015,2245.0,,1440.0,1440.0,UNKNOWN,ADJUSTABLE_WINDSCREEN,WITH_SIDE_CASES,1,motorcyclespecs,https://www.motorcyclespecs.co.za/model/aprilia/aprilia-caponord-rally-1200-15.html,MEDIUM,REVIEW
MOTO-DIM-APRILIA-CAPONORD1200ABSTRAVELPACK-0001,Aprilia,Caponord 1200 ABS Travel Pack,,2018,2018,2018,2245.0,,1440.0,1440.0,UNKNOWN,UNKNOWN,UNKNOWN,1,1000ps,https://www.1000ps.com/en-gb/model/7491/aprilia-caponord-1200-abs-travelpack,MEDIUM,REVIEW
MOTO-DIM-APRILIA-CAPONORD1200RALLY-0001,Aprilia,Caponord 1200 Rally,,2018,2018,2018,2245.0,,,,UNKNOWN,UNKNOWN,STANDARD,1,1000ps,https://www.1000ps.com/en-gb/model/7953/aprilia-caponord-1200-rally,MEDIUM,REVIEW
MOTO-DIM-APRILIA-DORSODURO1200-0001,Aprilia,Dorsoduro 1200,,2013,2013,2013,2248.0,925.0,,,UNKNOWN,UNKNOWN,UNKNOWN,1,1000ps,https://www.1000ps.com/en-gb/model/6402/aprilia-dorsoduro-1200,MEDIUM,REVIEW
MOTO-DIM-APRILIA-DORSODURO750-0001,Aprilia,Dorsoduro 750,,2018,2018,2018,2210.0,905.0,,,UNKNOWN,UNKNOWN,UNKNOWN,1,1000ps,https://www.1000ps.com/en-gb/model/3726/aprilia-dorsoduro-750,MEDIUM,REVIEW
MOTO-DIM-APRILIA-DORSODURO750ABS-0001,Aprilia,Dorsoduro 750 ABS,,2018,2018,2018,2210.0,905.0,,,UNKNOWN,UNKNOWN,UNKNOWN,1,1000ps,https://www.1000ps.com/en-gb/model/3726/aprilia-dorsoduro-750,MEDIUM,REVIEW
MOTO-DIM-APRILIA-DORSODURO900-0001,Aprilia,Dorsoduro 900,,2021,2021,2021,2210.0,,,,UNKNOWN,UNKNOWN,UNKNOWN,1,1000ps,https://www.1000ps.com/en-gb/model/8843/aprilia-dorsoduro-900,MEDIUM,REVIEW
MOTO-DIM-APRILIA-ETV1000CAPONORD-0001,Aprilia,ETV 1000 Caponord,,2001,2001,2001,2310.0,876.0,1436.0,1436.0,HANDLEBAR_WIDTH,UNKNOWN,WITH_PANNIERS,1,motorcyclespecs,https://www.motorcyclespecs.co.za/model/aprilia/aprilia-etv-1000-01.html,LOW,REVIEW
MOTO-DIM-APRILIA-ETV1000CAPONORD-0002,Aprilia,ETV 1000 Caponord,,"2004,2006",,,2310.0,876.0,1436.0,1436.0,UNKNOWN,UNKNOWN,WITH_TOP_BOX,2,motorcyclespecs,https://www.motorcyclespecs.co.za/model/aprilia/aprilia-etv-1000-04.html | https://www.motorcyclespecs.co.za/model/aprilia/aprilia-etv-1000-06.html,LOW,REVIEW
MOTO-DIM-APRILIA-MANA850-0001,Aprilia,Mana 850,,2018,2018,2018,2155.0,800.0,,,UNKNOWN,UNKNOWN,UNKNOWN,1,1000ps,https://www.1000ps.com/en-gb/model/2666/aprilia-mana-850,MEDIUM,REVIEW
MOTO-DIM-APRILIA-MANA850GTABS-0001,Aprilia,Mana 850 GT ABS,,2018,2018,2018,2155.0,800.0,,,UNKNOWN,UNKNOWN,UNKNOWN,1,1000ps,https://www.1000ps.com/en-gb/model/4264/aprilia-mana-850-gt,MEDIUM,REVIEW
MOTO-DIM-APRILIA-MOJITOCUSTOM50-0001,Aprilia,Mojito Custom 50,,2018,2018,2018,1950.0,900.0,,,UNKNOWN,UNKNOWN,UNKNOWN,1,1000ps,https://www.1000ps.com/en-gb/model/605/aprilia-mojito-50-custom,MEDIUM,REVIEW
MOTO-DIM-APRILIA-MXV450-0001,Aprilia,MXV 450,,2018,2018,2018,2190.0,815.0,,,UNKNOWN,UNKNOWN,UNKNOWN,1,1000ps,https://www.1000ps.com/en-gb/model/3947/aprilia-mxv-450,MEDIUM,REVIEW
MOTO-DIM-APRILIA-PEGASO650FACTORY-0001,Aprilia,Pegaso 650 Factory,,2007,2007,2007,2173.0,,,,UNKNOWN,UNKNOWN,STANDARD,1,motorcyclespecs,https://www.motorcyclespecs.co.za/model/aprilia/aprilia-pegaso-650-factory-07.html,LOW,REVIEW
MOTO-DIM-APRILIA-PEGASO650FACTORY-0002,Aprilia,Pegaso 650 Factory,,2009,2009,2009,2173.0,780.0,,,UNKNOWN,UNKNOWN,UNKNOWN,1,1000ps,https://www.1000ps.com/en-gb/model/4029/aprilia-pegaso-650-factory,LOW,REVIEW
MOTO-DIM-APRILIA-PEGASO650FACTORY-0003,Aprilia,Pegaso 650 Factory,,2012,2012,2012,2173.0,,,,UNKNOWN,UNKNOWN,STANDARD,1,motorcyclespecs,https://www.motorcyclespecs.co.za/model/aprilia/aprilia-pegaso-650-factory-12.html,LOW,REVIEW
MOTO-DIM-APRILIA-PEGASO650TRAIL-0001,Aprilia,Pegaso 650 Trail,,2006,2006,2006,2160.0,810.0,,,HANDLEBAR_WIDTH,UNKNOWN,STANDARD,1,motorcyclespecs,https://www.motorcyclespecs.co.za/model/aprilia/aprilia-pegaso-650-trail-06.html,LOW,REVIEW
MOTO-DIM-APRILIA-PEGASO650TRAIL-0002,Aprilia,Pegaso 650 Trail,,2008,2008,2008,2160.0,810.0,,,UNKNOWN,UNKNOWN,STANDARD,1,motorcyclespecs,https://www.motorcyclespecs.co.za/model/aprilia/aprilia-pegaso-650-trail-08.html,LOW,REVIEW
MOTO-DIM-APRILIA-PEGASO650TRAIL-0003,Aprilia,Pegaso 650 Trail,,2012,2012,2012,2160.0,810.0,,,UNKNOWN,UNKNOWN,STANDARD,1,motorcyclespecs,https://www.motorcyclespecs.co.za/model/aprilia/aprilia-pegaso-650-trail-12.html,LOW,REVIEW
MOTO-DIM-APRILIA-RS250-0001,Aprilia,RS 250,,2000,2000,2000,1880.0,690.0,1080.0,1080.0,HANDLEBAR_WIDTH,UNKNOWN,STANDARD,1,motorcyclespecs,https://www.motorcyclespecs.co.za/model/aprilia/aprilia-rs250-00.html,MEDIUM,REVIEW
MOTO-DIM-APRILIA-RS457-0001,Aprilia,RS 457,,2024,2024,2024,1960.0,795.0,1137.0,1137.0,HANDLEBAR_WIDTH,UNKNOWN,STANDARD,1,motorcyclespecs,https://www.motorcyclespecs.co.za/model/aprilia/aprilia-rs457-2024.html,LOW,REVIEW
MOTO-DIM-APRILIA-RS50-0001,Aprilia,RS 50,,2010,2010,2010,1965.0,720.0,,,UNKNOWN,UNKNOWN,UNKNOWN,1,1000ps,https://www.1000ps.com/en-gb/model/413/aprilia-rs-50,MEDIUM,REVIEW
MOTO-DIM-APRILIA-RS4125-0001,Aprilia,RS4 125,,2011,2011,2011,1953.0,740.0,1138.0,1138.0,UNKNOWN,UNKNOWN,STANDARD,1,motorcyclespecs,https://www.motorcyclespecs.co.za/model/aprilia/aprilia-rs4-11.html,LOW,REVIEW
MOTO-DIM-APRILIA-RS4125-0002,Aprilia,RS4 125,,"2014,2016",,,1953.0,740.0,1138.0,1138.0,HANDLEBAR_WIDTH,UNKNOWN,STANDARD,2,motorcyclespecs,https://www.motorcyclespecs.co.za/model/aprilia/aprilia-rs4-13.html | https://www.motorcyclespecs.co.za/model/aprilia/aprilia-rs4-14.html,LOW,REVIEW
MOTO-DIM-APRILIA-RS4125-0003,Aprilia,RS4 125,,2018,2018,2018,1968.0,760.0,,,UNKNOWN,UNKNOWN,UNKNOWN,1,1000ps,https://www.1000ps.com/en-gb/model/6813/aprilia-rs4-125,LOW,REVIEW
MOTO-DIM-APRILIA-RST1000FUTURA-0001,Aprilia,RST1000 Futura,,2001,2001,2001,2170.0,740.0,1220.0,1220.0,WITH_PANNIERS,UNKNOWN,WITH_PANNIERS,1,motorcyclespecs,https://www.motorcyclespecs.co.za/model/aprilia/aprilia-rst-1000-01.html,MEDIUM,REVIEW
MOTO-DIM-APRILIA-RSV1000R-0001,Aprilia,RSV 1000 R,,2004,2004,2004,2035.0,730.0,1130.0,1130.0,HANDLEBAR_WIDTH,UNKNOWN,STANDARD,1,motorcyclespecs,https://www.motorcyclespecs.co.za/model/aprilia/aprilia-rsv-1000-mille-r-04.html,MEDIUM,REVIEW
MOTO-DIM-APRILIA-RSV1000RFACTORY-0001,Aprilia,RSV 1000 R Factory,,2004,2004,2004,2035.0,730.0,1130.0,1130.0,UNKNOWN,UNKNOWN,STANDARD,1,motorcyclespecs,https://www.motorcyclespecs.co.za/model/aprilia/aprilia-rsv-1000-mille-r-factory-04.html,MEDIUM,REVIEW
MOTO-DIM-APRILIA-RSVMILLE-0001,Aprilia,RSV Mille,,2000,2000,2000,2035.0,730.0,1145.0,1145.0,UNKNOWN,UNKNOWN,UNKNOWN,1,motorcyclespecs,https://www.motorcyclespecs.co.za/model/aprilia/aprilia-rsv-1000-00.html,MEDIUM,REVIEW
MOTO-DIM-APRILIA-RSVMILLER-0001,Aprilia,RSV Mille R,,2000,2000,2000,2035.0,730.0,1145.0,1145.0,HANDLEBAR_WIDTH,UNKNOWN,STANDARD,1,motorcyclespecs,https://www.motorcyclespecs.co.za/model/aprilia/aprilia-rsv-1000-mille-r-00.html,MEDIUM,REVIEW
MOTO-DIM-APRILIA-RSVMILLESP-0001,Aprilia,RSV Mille SP,,2000,2000,2000,2035.0,730.0,1145.0,1145.0,UNKNOWN,UNKNOWN,UNKNOWN,1,motorcyclespecs,https://www.motorcyclespecs.co.za/model/aprilia/aprilia-rsv-1000-mille-sp.html,MEDIUM,REVIEW
MOTO-DIM-APRILIA-RSV41100-0001,Aprilia,RSV4 1100,,2021,2021,2021,2055.0,735.0,,,HANDLEBAR_WIDTH,UNKNOWN,STANDARD,1,motorcyclespecs,https://www.motorcyclespecs.co.za/model/aprilia/aprilia-rsv-4-1100-21.html,LOW,REVIEW
MOTO-DIM-APRILIA-RSV41100-0002,Aprilia,RSV4 1100,,2026,2026,2026,2055.0,735.0,1150.0,1150.0,UNKNOWN,UNKNOWN,UNKNOWN,1,1000ps,https://www.1000ps.com/en-gb/model/10662/aprilia-rsv4-1100,LOW,REVIEW
MOTO-DIM-APRILIA-RSV41100FACTORYSE09SBK-0001,Aprilia,RSV4 1100 Factory SE-09 SBK,,2024,2024,2024,2055.0,735.0,,,HANDLEBAR_WIDTH,UNKNOWN,STANDARD,1,motorcyclespecs,https://www.motorcyclespecs.co.za/model/aprilia/aprilia-rsv-4-factory-1100-sbk-2024.html,MEDIUM,REVIEW
MOTO-DIM-APRILIA-RSV4FACTORY-0001,Aprilia,RSV4 Factory,,"2009,2010",2009,2010,2040.0,735.0,1120.0,1120.0,HANDLEBAR_WIDTH,UNKNOWN,STANDARD,2,motorcyclespecs,https://www.motorcyclespecs.co.za/model/aprilia/aprilia-rsv-4%20factory-10.htm | https://www.motorcyclespecs.co.za/model/aprilia/aprilia-rsv-4-factory-09.html,LOW,REVIEW
MOTO-DIM-APRILIA-RSV4FACTORY-0002,Aprilia,RSV4 Factory,,2013,2013,2013,2040.0,735.0,,,UNKNOWN,UNKNOWN,UNKNOWN,1,1000ps,https://www.1000ps.com/en-gb/model/3870/aprilia-rsv-4-factory,LOW,REVIEW
MOTO-DIM-APRILIA-RSV4FACTORYAPRCABS-0001,Aprilia,RSV4 Factory APRC ABS,,2014,2014,2014,2040.0,735.0,,,UNKNOWN,UNKNOWN,UNKNOWN,1,1000ps,https://www.1000ps.com/en-gb/model/6711/aprilia-rsv4-factory-aprc-abs,MEDIUM,REVIEW
MOTO-DIM-APRILIA-RSV4FACTORYSE-0001,Aprilia,RSV4 Factory SE,,2013,2013,2013,2040.0,735.0,1120.0,1120.0,HANDLEBAR_WIDTH,UNKNOWN,STANDARD,1,motorcyclespecs,https://www.motorcyclespecs.co.za/model/aprilia/aprilia-rsv-4-factory-13.html,MEDIUM,REVIEW
MOTO-DIM-APRILIA-RSV4FWGP-0001,Aprilia,RSV4 FW-GP,,"2015,2017",,,2040.0,735.0,1120.0,1120.0,HANDLEBAR_WIDTH,UNKNOWN,STANDARD,2,motorcyclespecs,https://www.motorcyclespecs.co.za/model/aprilia/aprilia-rsv-4rf-15.html | https://www.motorcyclespecs.co.za/model/aprilia/aprilia-rsv-4rf-17.html,LOW,REVIEW
MOTO-DIM-APRILIA-RSV4FWGP-0002,Aprilia,RSV4 FW-GP,,2018,2018,2018,2055.0,735.0,,,HANDLEBAR_WIDTH,UNKNOWN,STANDARD,1,motorcyclespecs,https://www.motorcyclespecs.co.za/model/aprilia/aprilia-rsv-4rf-18.html,LOW,REVIEW
MOTO-DIM-APRILIA-RSV4FWGP-0003,Aprilia,RSV4 FW-GP,,2020,2020,2020,2040.0,735.0,,,UNKNOWN,UNKNOWN,UNKNOWN,1,1000ps,https://www.1000ps.com/en-gb/model/8007/aprilia-rsv4-rf,LOW,REVIEW
MOTO-DIM-APRILIA-RSV4R-0001,Aprilia,RSV4 R,,2010,2010,2010,2040.0,735.0,1120.0,1120.0,HANDLEBAR_WIDTH,UNKNOWN,STANDARD,1,motorcyclespecs,https://www.motorcyclespecs.co.za/model/aprilia/aprilia-rsv-4-10.html,LOW,REVIEW
MOTO-DIM-APRILIA-RSV4R-0002,Aprilia,RSV4 R,,2013,2013,2013,2040.0,735.0,,,UNKNOWN,UNKNOWN,UNKNOWN,1,1000ps,https://www.1000ps.com/en-gb/model/4681/aprilia-rsv-4-r,LOW,REVIEW
MOTO-DIM-APRILIA-RSV4RF-0001,Aprilia,RSV4 RF,,"2015,2017",,,2040.0,735.0,1120.0,1120.0,HANDLEBAR_WIDTH,UNKNOWN,STANDARD,2,motorcyclespecs,https://www.motorcyclespecs.co.za/model/aprilia/aprilia-rsv-4rf-15.html | https://www.motorcyclespecs.co.za/model/aprilia/aprilia-rsv-4rf-17.html,LOW,REVIEW
MOTO-DIM-APRILIA-RSV4RF-0002,Aprilia,RSV4 RF,,2018,2018,2018,2055.0,735.0,,,HANDLEBAR_WIDTH,UNKNOWN,STANDARD,1,motorcyclespecs,https://www.motorcyclespecs.co.za/model/aprilia/aprilia-rsv-4rf-18.html,LOW,REVIEW
MOTO-DIM-APRILIA-RSV4RF-0003,Aprilia,RSV4 RF,,2020,2020,2020,2040.0,735.0,,,UNKNOWN,UNKNOWN,UNKNOWN,1,1000ps,https://www.1000ps.com/en-gb/model/8007/aprilia-rsv4-rf,LOW,REVIEW
MOTO-DIM-APRILIA-RSV4RFLE-0001,Aprilia,RSV4 RF LE,,"2015,2017",,,2040.0,735.0,1120.0,1120.0,HANDLEBAR_WIDTH,UNKNOWN,STANDARD,2,motorcyclespecs,https://www.motorcyclespecs.co.za/model/aprilia/aprilia-rsv-4rf-15.html | https://www.motorcyclespecs.co.za/model/aprilia/aprilia-rsv-4rf-17.html,LOW,REVIEW
MOTO-DIM-APRILIA-RSV4RFLE-0002,Aprilia,RSV4 RF LE,,2018,2018,2018,2055.0,735.0,,,HANDLEBAR_WIDTH,UNKNOWN,STANDARD,1,motorcyclespecs,https://www.motorcyclespecs.co.za/model/aprilia/aprilia-rsv-4rf-18.html,LOW,REVIEW
MOTO-DIM-APRILIA-RSV4RFLE-0003,Aprilia,RSV4 RF LE,,2020,2020,2020,2040.0,735.0,,,UNKNOWN,UNKNOWN,UNKNOWN,1,1000ps,https://www.1000ps.com/en-gb/model/8007/aprilia-rsv4-rf,LOW,REVIEW
MOTO-DIM-APRILIA-RSV4RAPRCABS-0001,Aprilia,RSV4 R APRC ABS,,2014,2014,2014,2040.0,735.0,,,UNKNOWN,UNKNOWN,UNKNOWN,1,1000ps,https://www.1000ps.com/en-gb/model/6822/aprilia-rsv4-r-aprc-abs,MEDIUM,REVIEW
MOTO-DIM-APRILIA-RSV4RR-0001,Aprilia,RSV4 RR,,"2015,2017",,,2040.0,735.0,1120.0,1120.0,HANDLEBAR_WIDTH,UNKNOWN,STANDARD,2,motorcyclespecs,https://www.motorcyclespecs.co.za/model/aprilia/aprilia-rsv-4rr-15.html | https://www.motorcyclespecs.co.za/model/aprilia/aprilia-rsv-4rr-17.html,LOW,REVIEW
MOTO-DIM-APRILIA-RSV4RR-0002,Aprilia,RSV4 RR,,2020,2020,2020,2055.0,735.0,,,HANDLEBAR_WIDTH,UNKNOWN,STANDARD,1,motorcyclespecs,https://www.motorcyclespecs.co.za/model/aprilia/aprilia-rsv-4rr-20.html,LOW,REVIEW
MOTO-DIM-APRILIA-RSV4RR-0003,Aprilia,RSV4 RR,,2023,2023,2023,2055.0,735.0,1150.0,1150.0,HANDLEBAR_WIDTH,UNKNOWN,UNKNOWN,1,1000ps,https://www.1000ps.com/en-gb/model/8006/aprilia-rsv4-rr,LOW,REVIEW
MOTO-DIM-APRILIA-RSV4RRMISANO-0001,Aprilia,RSV4 RR Misano,,2020,2020,2020,2055.0,735.0,,,HANDLEBAR_WIDTH,UNKNOWN,STANDARD,1,motorcyclespecs,https://www.motorcyclespecs.co.za/model/aprilia/aprilia-rsv-4rr-misano.html,MEDIUM,REVIEW
MOTO-DIM-APRILIA-SCARABEO100-0001,Aprilia,Scarabeo 100,,2007,2007,2007,1905.0,705.0,1270.0,1270.0,UNKNOWN,UNKNOWN,UNKNOWN,1,motorcyclespecs,https://www.motorcyclespecs.co.za/model/aprilia/aprilia-scarabeo-07.html,MEDIUM,REVIEW
MOTO-DIM-APRILIA-SCARABEO125-0001,Aprilia,Scarabeo 125,,2013,2013,2013,2025.0,725.0,1380.0,1380.0,UNKNOWN,UNKNOWN,UNKNOWN,1,motorcyclespecs,https://www.motorcyclespecs.co.za/model/aprilia/aprilia-scarabeo-125-13.html,LOW,REVIEW
MOTO-DIM-APRILIA-SCARABEO200-0001,Aprilia,Scarabeo 200,,2003,2003,2003,2028.0,680.0,1250.0,1250.0,UNKNOWN,UNKNOWN,UNKNOWN,1,motorcyclespecs,https://www.motorcyclespecs.co.za/model/aprilia/aprilia-scarabeo-200-03.html,MEDIUM,REVIEW
MOTO-DIM-APRILIA-SCARABEO50DITECH-0001,Aprilia,Scarabeo 50 Ditech,,2007,2007,2007,1905.0,705.0,1270.0,1270.0,UNKNOWN,UNKNOWN,UNKNOWN,1,motorcyclespecs,https://www.motorcyclespecs.co.za/model/aprilia/aprilia-scarabeo-50-07.html,LOW,REVIEW
MOTO-DIM-APRILIA-SCARABEO50DITECH-0002,Aprilia,Scarabeo 50 Ditech,,1923,1923,1923,1875.0,710.0,1190.0,1190.0,UNKNOWN,UNKNOWN,UNKNOWN,1,1000ps,https://www.1000ps.com/en-gb/model/1923/aprilia-scarabeo-50,LOW,REVIEW
MOTO-DIM-APRILIA-SCARABEO500IE-0001,Aprilia,Scarabeo 500 ie,,2013,2013,2013,2310.0,765.0,1411.0,1411.0,UNKNOWN,UNKNOWN,WITH_TOP_BOX,1,motorcyclespecs,https://www.motorcyclespecs.co.za/model/aprilia/aprilia-scarabeo-500-13.html,MEDIUM,REVIEW
MOTO-DIM-APRILIA-SHIVER750-0001,Aprilia,Shiver 750,,2018,2018,2018,2120.0,800.0,,,UNKNOWN,UNKNOWN,UNKNOWN,1,1000ps,https://www.1000ps.com/en-gb/model/2667/aprilia-shiver-750,MEDIUM,REVIEW
MOTO-DIM-APRILIA-SHIVER900-0001,Aprilia,Shiver 900,,2021,2021,2021,2120.0,,,,UNKNOWN,UNKNOWN,UNKNOWN,1,1000ps,https://www.1000ps.com/en-gb/model/8842/aprilia-shiver-900,MEDIUM,REVIEW
MOTO-DIM-APRILIA-SL750SHIVER-0001,Aprilia,SL 750 Shiver,,"2007,2015",,,2100.0,800.0,1135.0,1135.0,HANDLEBAR_WIDTH,UNKNOWN,STANDARD,2,motorcyclespecs,https://www.motorcyclespecs.co.za/model/aprilia/aprilia-shiver-750-07.html | https://www.motorcyclespecs.co.za/model/aprilia/aprilia-shiver-750-15.html,LOW,REVIEW
MOTO-DIM-APRILIA-SL750SHIVER-0002,Aprilia,SL 750 Shiver,,2012,2012,2012,2100.0,800.0,1135.0,1135.0,HANDLEBAR_WIDTH,UNKNOWN,UNKNOWN,1,motorcyclespecs,https://www.motorcyclespecs.co.za/model/aprilia/aprilia-shiver-750-12.html,LOW,REVIEW
MOTO-DIM-APRILIA-SMV750DORSODURO-0001,Aprilia,SMV 750 Dorsoduro,,"2007,2008",2007,2008,2216.0,905.0,1185.0,1185.0,UNKNOWN,UNKNOWN,STANDARD,2,motorcyclespecs,https://www.motorcyclespecs.co.za/model/aprilia/aprilia-sm-750-dorsoduro-08.html | https://www.motorcyclespecs.co.za/model/aprilia/aprilia-sm-750-dorsoduro.html,LOW,REVIEW
MOTO-DIM-APRILIA-SMV750DORSODURO-0002,Aprilia,SMV 750 Dorsoduro,,2012,2012,2012,2216.0,905.0,1185.0,1185.0,HANDLEBAR_WIDTH,UNKNOWN,STANDARD,1,motorcyclespecs,https://www.motorcyclespecs.co.za/model/aprilia/aprilia-sm-750-dorsoduro-12.html,LOW,REVIEW
MOTO-DIM-APRILIA-SR50-0001,Aprilia,SR 50,,2020,2020,2020,1860.0,705.0,,,UNKNOWN,UNKNOWN,UNKNOWN,1,1000ps,https://www.1000ps.com/en-gb/model/601/aprilia-sr-50-r,MEDIUM,REVIEW
MOTO-DIM-APRILIA-SR50DITECH-0001,Aprilia,SR 50 Ditech,,2018,2018,2018,1775.0,720.0,,,UNKNOWN,UNKNOWN,UNKNOWN,1,1000ps,https://www.1000ps.com/en-gb/model/2378/aprilia-sr-50-street,MEDIUM,REVIEW
MOTO-DIM-APRILIA-SR50RFACTORY-0001,Aprilia,SR 50 R Factory,,2018,2018,2018,1860.0,705.0,,,UNKNOWN,UNKNOWN,UNKNOWN,1,1000ps,https://www.1000ps.com/en-gb/model/7930/aprilia-sr-50-r-factory-replica-sbk,MEDIUM,REVIEW
MOTO-DIM-APRILIA-SR50RREPLICASBK-0001,Aprilia,SR 50 R Replica SBK,,2018,2018,2018,1860.0,705.0,,,UNKNOWN,UNKNOWN,UNKNOWN,1,1000ps,https://www.1000ps.com/en-gb/model/7931/aprilia-sr-50-r-replica-sbk,MEDIUM,REVIEW
MOTO-DIM-APRILIA-SRGT200SPORT-0001,Aprilia,SR GT 200 Sport,,2026,2026,2026,1920.0,765.0,799.0,799.0,UNKNOWN,UNKNOWN,UNKNOWN,1,1000ps,https://www.1000ps.com/en-gb/model/11363/aprilia-sr-gt-sport-200,MEDIUM,REVIEW
MOTO-DIM-APRILIA-SRMOTARD50-0001,Aprilia,SR Motard 50,,2015,2015,2015,1940.0,720.0,,,UNKNOWN,UNKNOWN,UNKNOWN,1,motorcyclespecs,https://www.motorcyclespecs.co.za/model/aprilia/aprilia-sr-motard-50-15.html,MEDIUM,REVIEW
MOTO-DIM-APRILIA-SRMOTARD50-0002,Aprilia,SR Motard 50,,2021,2021,2021,1945.0,690.0,1145.0,1145.0,UNKNOWN,UNKNOWN,UNKNOWN,1,1000ps,https://www.1000ps.com/en-gb/model/6960/aprilia-sr-50-motard,MEDIUM,REVIEW
MOTO-DIM-APRILIA-SXR160-0001,Aprilia,SXR 160,,,,,1963.0,803.0,1205.0,1205.0,UNKNOWN,UNKNOWN,UNKNOWN,1,bikedekho,https://www.bikedekho.com/aprilia/sxr160/specifications,MEDIUM,REVIEW
MOTO-DIM-APRILIA-SXV450-0001,Aprilia,SXV 450,,2006,2006,2006,2220.0,800.0,,,UNKNOWN,UNKNOWN,UNKNOWN,1,motorcyclespecs,https://www.motorcyclespecs.co.za/model/aprilia/aprilia-sxv-450-06.html,LOW,REVIEW
MOTO-DIM-APRILIA-SXV450-0002,Aprilia,SXV 450,,2008,2008,2008,2220.0,800.0,,,HANDLEBAR_WIDTH,UNKNOWN,STANDARD,1,motorcyclespecs,https://www.motorcyclespecs.co.za/model/aprilia/aprilia-sxv-450-08.html,LOW,REVIEW
MOTO-DIM-APRILIA-SXV450-0003,Aprilia,SXV 450,,2010,2010,2010,2220.0,800.0,,,HANDLEBAR_WIDTH,UNKNOWN,STANDARD,1,motorcyclespecs,https://www.motorcyclespecs.co.za/model/aprilia/aprilia-sxv-450-10.html,LOW,REVIEW
MOTO-DIM-APRILIA-SXV450-0004,Aprilia,SXV 450,,2013,2013,2013,2165.0,815.0,,,UNKNOWN,UNKNOWN,UNKNOWN,1,1000ps,https://www.1000ps.com/en-gb/model/2224/aprilia-sxv-450,LOW,REVIEW
MOTO-DIM-APRILIA-SXV550-0001,Aprilia,SXV 550,,2006,2006,2006,2220.0,800.0,,,UNKNOWN,UNKNOWN,STANDARD,1,motorcyclespecs,https://www.motorcyclespecs.co.za/model/aprilia/aprilia-sxv-550-06.html,MEDIUM,REVIEW
MOTO-DIM-APRILIA-SXV550-0002,Aprilia,SXV 550,,2008,2008,2008,2220.0,800.0,,,HANDLEBAR_WIDTH,UNKNOWN,STANDARD,1,motorcyclespecs,https://www.motorcyclespecs.co.za/model/aprilia/aprilia-sxv550-08.html,MEDIUM,REVIEW
MOTO-DIM-APRILIA-SXV550-0003,Aprilia,SXV 550,,2010,2010,2010,2220.0,800.0,,,HANDLEBAR_WIDTH,UNKNOWN,STANDARD,1,motorcyclespecs,https://www.motorcyclespecs.co.za/model/aprilia/aprilia-sxv550-10.html,MEDIUM,REVIEW
MOTO-DIM-APRILIA-TUONO1000-0001,Aprilia,Tuono 1000,,2003,2003,2003,2070.0,800.0,1200.0,1200.0,HANDLEBAR_WIDTH,UNKNOWN,STANDARD,1,motorcyclespecs,https://www.motorcyclespecs.co.za/model/aprilia/aprilia-tuono-03.html,MEDIUM,REVIEW
MOTO-DIM-APRILIA-TUONO1000R-0001,Aprilia,Tuono 1000 R,,2006,2006,2006,2025.0,830.0,1100.0,1100.0,HANDLEBAR_WIDTH,UNKNOWN,UNKNOWN,1,motorcyclespecs,https://www.motorcyclespecs.co.za/model/aprilia/aprilia-tuono-1000r-06.html,MEDIUM,REVIEW
MOTO-DIM-APRILIA-TUONO1000RFACTORY-0001,Aprilia,Tuono 1000 R Factory,,2006,2006,2006,2025.0,830.0,1100.0,1100.0,UNKNOWN,UNKNOWN,STANDARD,1,motorcyclespecs,https://www.motorcyclespecs.co.za/model/aprilia/aprilia-tuono-factory-06.html,MEDIUM,REVIEW
MOTO-DIM-APRILIA-TUONO660-0001,Aprilia,Tuono 660,,2021,2021,2021,1995.0,805.0,,,HANDLEBAR_WIDTH,UNKNOWN,STANDARD,1,motorcyclespecs,https://www.motorcyclespecs.co.za/model/aprilia/aprilia-tuono-660-21.html,LOW,REVIEW
MOTO-DIM-APRILIA-TUONO660-0002,Aprilia,Tuono 660,,2025,2025,2025,1995.0,745.0,,,UNKNOWN,UNKNOWN,UNKNOWN,1,1000ps,https://www.1000ps.com/en-gb/model/9957/aprilia-tuono-660,LOW,REVIEW
MOTO-DIM-APRILIA-TUONO660-0003,Aprilia,Tuono 660,,,,,1995.0,805.0,1150.0,1150.0,UNKNOWN,UNKNOWN,UNKNOWN,1,bikedekho,https://www.bikedekho.com/aprilia/tuono-660/specifications,LOW,REVIEW
MOTO-DIM-APRILIA-TUONOFIGHTER1000-0001,Aprilia,Tuono Fighter 1000,,2006,2006,2006,2025.0,830.0,1100.0,1100.0,HANDLEBAR_WIDTH,UNKNOWN,UNKNOWN,1,motorcyclespecs,https://www.motorcyclespecs.co.za/model/aprilia/aprilia-tuono-1000r-06.html,MEDIUM,REVIEW
MOTO-DIM-APRILIA-TUONORACER1000-0001,Aprilia,Tuono Racer 1000,,2006,2006,2006,2025.0,830.0,1100.0,1100.0,HANDLEBAR_WIDTH,UNKNOWN,UNKNOWN,1,motorcyclespecs,https://www.motorcyclespecs.co.za/model/aprilia/aprilia-tuono-1000r-06.html,MEDIUM,REVIEW
MOTO-DIM-APRILIA-TUONOV4-0001,Aprilia,Tuono V4,,"2011,2012",2011,2012,2065.0,800.0,1090.0,1090.0,HANDLEBAR_WIDTH,UNKNOWN,STANDARD,2,motorcyclespecs,https://www.motorcyclespecs.co.za/model/aprilia/aprilia-tuono-v4.html | https://www.motorcyclespecs.co.za/model/aprilia/aprilia-tuono-v4r-12.html,LOW,REVIEW
MOTO-DIM-APRILIA-TUONOV4-0002,Aprilia,Tuono V4,,2013,2013,2013,2065.0,800.0,,,UNKNOWN,UNKNOWN,UNKNOWN,1,1000ps,https://www.1000ps.com/en-gb/model/6449/aprilia-tuono-v4-r,LOW,REVIEW
MOTO-DIM-APRILIA-TUONOV41100-0001,Aprilia,Tuono V4 1100,,2021,2021,2021,2070.0,810.0,,,HANDLEBAR_WIDTH,UNKNOWN,STANDARD,1,motorcyclespecs,https://www.motorcyclespecs.co.za/model/aprilia/aprilia-tuono-v4-1100-21.html,LOW,REVIEW
MOTO-DIM-APRILIA-TUONOV41100-0002,Aprilia,Tuono V4 1100,,2026,2026,2026,2070.0,810.0,,,UNKNOWN,UNKNOWN,UNKNOWN,1,1000ps,https://www.1000ps.com/en-gb/model/8727/aprilia-tuono-v4-1100,LOW,REVIEW
MOTO-DIM-APRILIA-TUONOV41100RRMISANO-0001,Aprilia,Tuono V4 1100 RR Misano,,2020,2020,2020,2070.0,810.0,,,UNKNOWN,UNKNOWN,STANDARD,1,motorcyclespecs,https://www.motorcyclespecs.co.za/model/aprilia/aprilia-tuono-V4-rr-misano.html,MEDIUM,REVIEW
MOTO-DIM-APRILIA-TUONOV4RAPRC-0001,Aprilia,Tuono V4 R APRC,,"2012,2013",2012,2013,2065.0,800.0,1090.0,1090.0,HANDLEBAR_WIDTH,UNKNOWN,STANDARD,2,motorcyclespecs,https://www.motorcyclespecs.co.za/model/aprilia/aprilia-tuono-v4-r%20aprc-12.html | https://www.motorcyclespecs.co.za/model/aprilia/aprilia-tuono-v4-raprc-13.html,LOW,REVIEW
MOTO-DIM-APRILIA-TUONOV4RAPRC-0002,Aprilia,Tuono V4 R APRC,,2015,2015,2015,2065.0,800.0,1090.0,1090.0,HANDLEBAR_WIDTH,UNKNOWN,UNKNOWN,1,motorcyclespecs,https://www.motorcyclespecs.co.za/model/aprilia/aprilia-tuono-v4-r%20aprc-15.html,LOW,REVIEW
MOTO-DIM-APRILIA-TUONOV4RAPRC-0003,Aprilia,Tuono V4 R APRC,,2014,2014,2014,2065.0,800.0,,,UNKNOWN,UNKNOWN,UNKNOWN,1,1000ps,https://www.1000ps.com/en-gb/model/6824/aprilia-tuono-v4-r-aprc,LOW,REVIEW
MOTO-DIM-APRILIA-TUONOV4RAPRCABS-0001,Aprilia,Tuono V4 R APRC ABS,,2014,2014,2014,2065.0,800.0,,,UNKNOWN,UNKNOWN,UNKNOWN,1,1000ps,https://www.1000ps.com/en-gb/model/7595/aprilia-tuono-v4-r-aprc-abs,MEDIUM,REVIEW
MOTO-DIM-BAJAJ-AVENGER220-0001,Bajaj,Avenger 220,,,,,2195.0,750.0,1070.0,1070.0,HANDLEBAR_WIDTH,UNKNOWN,UNKNOWN,1,motorcyclespecs,https://www.motorcyclespecs.co.za/model/Baiai/Bajaj%20Avenger%20220%20DTSi%202010.htm,MEDIUM,REVIEW
MOTO-DIM-BAJAJ-AVENGERCRUISE220-0001,Bajaj,Avenger Cruise 220,,,,,2210.0,806.0,1321.0,1321.0,HANDLEBAR_WIDTH,UNKNOWN,UNKNOWN,1,bikedekho,https://www.bikedekho.com/bajaj/avenger-cruise-220/specifications,MEDIUM,REVIEW
MOTO-DIM-BAJAJ-AVENGERSTREET150-0001,Bajaj,Avenger Street 150,,2002,2002,2002,1825.0,685.0,1150.0,1150.0,UNKNOWN,UNKNOWN,UNKNOWN,1,motorcyclespecs,https://www.motorcyclespecs.co.za/model/Baiai/Bajaj%20Legend%20150.htm,MEDIUM,REVIEW
MOTO-DIM-BAJAJ-AVENGERSTREET220-0001,Bajaj,Avenger Street 220,,,,,2210.0,806.0,1070.0,1070.0,HANDLEBAR_WIDTH,UNKNOWN,UNKNOWN,1,bikedekho,https://www.bikedekho.com/bajaj/avenger-220-street/specifications,MEDIUM,REVIEW
MOTO-DIM-BAJAJ-CT100-0001,Bajaj,CT 100,,2014,2014,2014,1990.0,770.0,1090.0,1090.0,HANDLEBAR_WIDTH,UNKNOWN,UNKNOWN,1,motorcyclespecs,https://www.motorcyclespecs.co.za/model/Baiai/Bajaj%20Platina%20100%2014.htm,LOW,REVIEW
MOTO-DIM-BAJAJ-CT100-0002,Bajaj,CT 100,,,,,2003.0,704.0,1069.0,1069.0,UNKNOWN,UNKNOWN,UNKNOWN,1,bikedekho,https://www.bikedekho.com/bajaj/platina-100/specifications,LOW,REVIEW
MOTO-DIM-BAJAJ-DISCOVER125-0001,Bajaj,Discover 125,,2014,2014,2014,1986.0,678.0,1044.0,1044.0,HANDLEBAR_WIDTH,UNKNOWN,UNKNOWN,1,motorcyclespecs,https://www.motorcyclespecs.co.za/model/Baiai/Bajaj%20Discover%20125%20M.htm,MEDIUM,REVIEW
MOTO-DIM-BAJAJ-DISCOVER125M-0001,Bajaj,Discover 125 M,,2014,2014,2014,1986.0,678.0,1044.0,1044.0,HANDLEBAR_WIDTH,UNKNOWN,UNKNOWN,1,motorcyclespecs,https://www.motorcyclespecs.co.za/model/Baiai/Bajaj%20Discover%20125%20M.htm,MEDIUM,REVIEW
MOTO-DIM-BAJAJ-DISCOVER125ST-0001,Bajaj,Discover 125 ST,,2005,2005,2005,2030.0,760.0,1065.0,1065.0,UNKNOWN,UNKNOWN,STANDARD,1,motorcyclespecs,https://www.motorcyclespecs.co.za/model/Baiai/Bajaj%20discory%20125%2005.htm,MEDIUM,REVIEW
MOTO-DIM-BAJAJ-DISCOVER150S-0001,Bajaj,Discover 150 S,,2014,2014,2014,2038.0,714.0,1070.0,1070.0,UNKNOWN,UNKNOWN,UNKNOWN,1,motorcyclespecs,https://www.motorcyclespecs.co.za/model/Baiai/Bajaj%20Discover%20150%2014.htm,MEDIUM,REVIEW
MOTO-DIM-BAJAJ-DOMINAR250-0001,Bajaj,Dominar 250,,,,,2156.0,836.0,1112.0,1112.0,UNKNOWN,UNKNOWN,UNKNOWN,1,bikedekho,https://www.bikedekho.com/bajaj/dominar-250/specifications,MEDIUM,REVIEW
MOTO-DIM-BAJAJ-PLATINA100-0001,Bajaj,Platina 100,,2014,2014,2014,1990.0,770.0,1090.0,1090.0,HANDLEBAR_WIDTH,UNKNOWN,UNKNOWN,1,motorcyclespecs,https://www.motorcyclespecs.co.za/model/Baiai/Bajaj%20Platina%20100%2014.htm,LOW,REVIEW
MOTO-DIM-BAJAJ-PLATINA100-0002,Bajaj,Platina 100,,,,,2003.0,704.0,1069.0,1069.0,UNKNOWN,UNKNOWN,UNKNOWN,1,bikedekho,https://www.bikedekho.com/bajaj/platina-100/specifications,LOW,REVIEW
MOTO-DIM-BAJAJ-PLATINA100ES-0001,Bajaj,Platina 100 ES,,2014,2014,2014,1990.0,770.0,1090.0,1090.0,HANDLEBAR_WIDTH,UNKNOWN,UNKNOWN,1,motorcyclespecs,https://www.motorcyclespecs.co.za/model/Baiai/Bajaj%20Platina%20100%2014.htm,LOW,REVIEW
MOTO-DIM-BAJAJ-PLATINA100ES-0002,Bajaj,Platina 100 ES,,,,,2003.0,704.0,1069.0,1069.0,UNKNOWN,UNKNOWN,UNKNOWN,1,bikedekho,https://www.bikedekho.com/bajaj/platina-100/specifications,LOW,REVIEW
MOTO-DIM-BAJAJ-PLATINA100S-0001,Bajaj,Platina 100 S,,2014,2014,2014,1990.0,770.0,1090.0,1090.0,HANDLEBAR_WIDTH,UNKNOWN,UNKNOWN,1,motorcyclespecs,https://www.motorcyclespecs.co.za/model/Baiai/Bajaj%20Platina%20100%2014.htm,LOW,REVIEW
MOTO-DIM-BAJAJ-PLATINA100S-0002,Bajaj,Platina 100 S,,,,,2003.0,704.0,1069.0,1069.0,UNKNOWN,UNKNOWN,UNKNOWN,1,bikedekho,https://www.bikedekho.com/bajaj/platina-100/specifications,LOW,REVIEW
MOTO-DIM-BAJAJ-DOMINAR400-0001,Bajaj,Dominar 400,,,,,2151.0,834.0,1243.0,1243.0,UNKNOWN,UNKNOWN,UNKNOWN,1,bikedekho,https://www.bikedekho.com/bajaj/dominar-400/specifications,MEDIUM,REVIEW
MOTO-DIM-BAJAJ-DOMINAR400TE-0001,Bajaj,Dominar 400 TE,,,,,2151.0,834.0,1243.0,1243.0,UNKNOWN,UNKNOWN,UNKNOWN,1,bikedekho,https://www.bikedekho.com/bajaj/dominar-400/specifications,MEDIUM,REVIEW
MOTO-DIM-BAJAJ-DOMINAR400UGTOURING-0001,Bajaj,Dominar 400 UG Touring,,,,,2151.0,834.0,1243.0,1243.0,UNKNOWN,UNKNOWN,UNKNOWN,1,bikedekho,https://www.bikedekho.com/bajaj/dominar-400/specifications,MEDIUM,REVIEW
MOTO-DIM-BAJAJ-DOMINARD400-0001,Bajaj,Dominar D400,,,,,2151.0,834.0,1243.0,1243.0,UNKNOWN,UNKNOWN,UNKNOWN,1,bikedekho,https://www.bikedekho.com/bajaj/dominar-400/specifications,MEDIUM,REVIEW
MOTO-DIM-BAJAJ-PLATINA125NS-0001,Bajaj,Platina 125 NS,,2009,2009,2009,1990.0,70.0,1090.0,1090.0,UNKNOWN,UNKNOWN,UNKNOWN,1,motorcyclespecs,https://www.motorcyclespecs.co.za/model/Baiai/Bajaj%20125%20Platina%20DTSi.htm,LOW,REVIEW
MOTO-DIM-BAJAJ-PULSAR125NS-0001,Bajaj,Pulsar 125 NS,,,,,2012.0,810.0,1078.0,1078.0,UNKNOWN,UNKNOWN,UNKNOWN,1,bikedekho,https://www.bikedekho.com/bajaj/pulsar-ns-125/specifications,MEDIUM,REVIEW
MOTO-DIM-BAJAJ-PULSAR125NSUG-0001,Bajaj,Pulsar 125 NS UG,,,,,2012.0,810.0,1078.0,1078.0,UNKNOWN,UNKNOWN,UNKNOWN,1,bikedekho,https://www.bikedekho.com/bajaj/pulsar-ns-125/specifications,MEDIUM,REVIEW
MOTO-DIM-BAJAJ-PULSAR135LS-0001,Bajaj,Pulsar 135 LS,,,,,1995.0,765.0,1045.0,1045.0,UNKNOWN,UNKNOWN,UNKNOWN,1,motorcyclespecs,https://www.motorcyclespecs.co.za/model/Baiai/Bajaj%20Pulsar135.htm,MEDIUM,REVIEW
MOTO-DIM-BAJAJ-PULSAR150AS-0001,Bajaj,Pulsar 150 AS,,2005,2005,2005,2055.0,755.0,1060.0,1060.0,HANDLEBAR_WIDTH,UNKNOWN,UNKNOWN,1,motorcyclespecs,https://www.motorcyclespecs.co.za/model/Baiai/Bajaj%20pulsar%20150%2005.htm,LOW,REVIEW
MOTO-DIM-BAJAJ-PULSAR150AS-0002,Bajaj,Pulsar 150 AS,,2014,2014,2014,2055.0,755.0,1060.0,1060.0,UNKNOWN,UNKNOWN,UNKNOWN,1,motorcyclespecs,https://www.motorcyclespecs.co.za/model/Baiai/Bajaj%20pulsar%20150%2014.htm,LOW,REVIEW
MOTO-DIM-BAJAJ-PULSAR150AS-0003,Bajaj,Pulsar 150 AS,,,,,2055.0,765.0,1060.0,1060.0,UNKNOWN,UNKNOWN,UNKNOWN,1,bikedekho,https://www.bikedekho.com/bajaj/pulsar-150/specifications,LOW,REVIEW
MOTO-DIM-BAJAJ-PULSAR150NEON-0001,Bajaj,Pulsar 150 Neon,,2005,2005,2005,2055.0,755.0,1060.0,1060.0,HANDLEBAR_WIDTH,UNKNOWN,UNKNOWN,1,motorcyclespecs,https://www.motorcyclespecs.co.za/model/Baiai/Bajaj%20pulsar%20150%2005.htm,LOW,REVIEW
MOTO-DIM-BAJAJ-PULSAR150NEON-0002,Bajaj,Pulsar 150 Neon,,2014,2014,2014,2055.0,755.0,1060.0,1060.0,UNKNOWN,UNKNOWN,UNKNOWN,1,motorcyclespecs,https://www.motorcyclespecs.co.za/model/Baiai/Bajaj%20pulsar%20150%2014.htm,LOW,REVIEW
MOTO-DIM-BAJAJ-PULSAR150NEON-0003,Bajaj,Pulsar 150 Neon,,,,,2055.0,765.0,1060.0,1060.0,UNKNOWN,UNKNOWN,UNKNOWN,1,bikedekho,https://www.bikedekho.com/bajaj/pulsar-150/specifications,LOW,REVIEW
MOTO-DIM-BAJAJ-PULSAR160NS-0001,Bajaj,Pulsar 160 NS,,,,,2017.0,804.0,1060.0,1060.0,UNKNOWN,UNKNOWN,UNKNOWN,1,bikedekho,https://www.bikedekho.com/bajaj/pulsar-ns-160/specifications,MEDIUM,REVIEW
MOTO-DIM-BAJAJ-PULSAR160NSTD-0001,Bajaj,Pulsar 160 NS TD,,,,,2017.0,804.0,1060.0,1060.0,UNKNOWN,UNKNOWN,UNKNOWN,1,bikedekho,https://www.bikedekho.com/bajaj/pulsar-ns-160/specifications,MEDIUM,REVIEW
MOTO-DIM-BAJAJ-PULSAR160NSUG-0001,Bajaj,Pulsar 160 NS UG,,,,,2017.0,804.0,1060.0,1060.0,UNKNOWN,UNKNOWN,UNKNOWN,1,bikedekho,https://www.bikedekho.com/bajaj/pulsar-ns-160/specifications,MEDIUM,REVIEW
MOTO-DIM-BAJAJ-PULSAR180-0001,Bajaj,Pulsar 180,,2005,2005,2005,2055.0,755.0,1060.0,1060.0,UNKNOWN,UNKNOWN,UNKNOWN,1,motorcyclespecs,https://www.motorcyclespecs.co.za/model/Baiai/Bajaj%20pulsar%20180%2005.htm,LOW,REVIEW
MOTO-DIM-BAJAJ-PULSAR180-0002,Bajaj,Pulsar 180,,2014,2014,2014,2035.0,765.0,1115.0,1115.0,HANDLEBAR_WIDTH,UNKNOWN,UNKNOWN,1,motorcyclespecs,https://www.motorcyclespecs.co.za/model/Baiai/Bajaj%20pulsar%20180%2014.htm,LOW,REVIEW
MOTO-DIM-BAJAJ-PULSAR180-0003,Bajaj,Pulsar 180,,,,,2035.0,765.0,1115.0,1115.0,UNKNOWN,UNKNOWN,UNKNOWN,1,bikedekho,https://www.bikedekho.com/bajaj/pulsar-180/specifications,LOW,REVIEW
MOTO-DIM-BAJAJ-PULSAR180LS-0001,Bajaj,Pulsar 180 LS,,2005,2005,2005,2055.0,755.0,1060.0,1060.0,UNKNOWN,UNKNOWN,UNKNOWN,1,motorcyclespecs,https://www.motorcyclespecs.co.za/model/Baiai/Bajaj%20pulsar%20180%2005.htm,LOW,REVIEW
MOTO-DIM-BAJAJ-PULSAR180LS-0002,Bajaj,Pulsar 180 LS,,2014,2014,2014,2035.0,765.0,1115.0,1115.0,HANDLEBAR_WIDTH,UNKNOWN,UNKNOWN,1,motorcyclespecs,https://www.motorcyclespecs.co.za/model/Baiai/Bajaj%20pulsar%20180%2014.htm,LOW,REVIEW
MOTO-DIM-BAJAJ-PULSAR180LS-0003,Bajaj,Pulsar 180 LS,,,,,2035.0,765.0,1115.0,1115.0,UNKNOWN,UNKNOWN,UNKNOWN,1,bikedekho,https://www.bikedekho.com/bajaj/pulsar-180/specifications,LOW,REVIEW
MOTO-DIM-BAJAJ-PULSAR200AS-0001,Bajaj,Pulsar 200 AS,,2012,2012,2012,2017.0,804.0,1195.0,1195.0,UNKNOWN,UNKNOWN,UNKNOWN,1,motorcyclespecs,https://www.motorcyclespecs.co.za/model/Baiai/bajaj_pulsar_200ns.htm,LOW,REVIEW
MOTO-DIM-BAJAJ-PULSAR200AS-0002,Bajaj,Pulsar 200 AS,,,,,2017.0,804.0,1075.0,1075.0,UNKNOWN,UNKNOWN,UNKNOWN,1,bikedekho,https://www.bikedekho.com/bajaj/pulsar-ns200/specifications,LOW,REVIEW
MOTO-DIM-BAJAJ-PULSAR200FINSABS-0001,Bajaj,Pulsar 200 FI NS ABS,,2012,2012,2012,2017.0,804.0,1195.0,1195.0,UNKNOWN,UNKNOWN,UNKNOWN,1,motorcyclespecs,https://www.motorcyclespecs.co.za/model/Baiai/bajaj_pulsar_200ns.htm,LOW,REVIEW
MOTO-DIM-BAJAJ-PULSAR200FINSABS-0002,Bajaj,Pulsar 200 FI NS ABS,,,,,2017.0,804.0,1075.0,1075.0,UNKNOWN,UNKNOWN,UNKNOWN,1,bikedekho,https://www.bikedekho.com/bajaj/pulsar-ns200/specifications,LOW,REVIEW
MOTO-DIM-BAJAJ-PULSAR200NS-0001,Bajaj,Pulsar 200 NS,,2012,2012,2012,2017.0,804.0,1195.0,1195.0,UNKNOWN,UNKNOWN,UNKNOWN,1,motorcyclespecs,https://www.motorcyclespecs.co.za/model/Baiai/bajaj_pulsar_200ns.htm,LOW,REVIEW
MOTO-DIM-BAJAJ-PULSAR200NS-0002,Bajaj,Pulsar 200 NS,,,,,2017.0,804.0,1075.0,1075.0,UNKNOWN,UNKNOWN,UNKNOWN,1,bikedekho,https://www.bikedekho.com/bajaj/pulsar-ns200/specifications,LOW,REVIEW
MOTO-DIM-BAJAJ-PULSAR200NSFI-0001,Bajaj,Pulsar 200 NS FI,,2012,2012,2012,2017.0,804.0,1195.0,1195.0,UNKNOWN,UNKNOWN,UNKNOWN,1,motorcyclespecs,https://www.motorcyclespecs.co.za/model/Baiai/bajaj_pulsar_200ns.htm,LOW,REVIEW
MOTO-DIM-BAJAJ-PULSAR200NSFI-0002,Bajaj,Pulsar 200 NS FI,,,,,2017.0,804.0,1075.0,1075.0,UNKNOWN,UNKNOWN,UNKNOWN,1,bikedekho,https://www.bikedekho.com/bajaj/pulsar-ns200/specifications,LOW,REVIEW
MOTO-DIM-BAJAJ-PULSAR200NSFIABS-0001,Bajaj,Pulsar 200 NS FI ABS,,2012,2012,2012,2017.0,804.0,1195.0,1195.0,UNKNOWN,UNKNOWN,UNKNOWN,1,motorcyclespecs,https://www.motorcyclespecs.co.za/model/Baiai/bajaj_pulsar_200ns.htm,LOW,REVIEW
MOTO-DIM-BAJAJ-PULSAR200NSFIABS-0002,Bajaj,Pulsar 200 NS FI ABS,,,,,2017.0,804.0,1075.0,1075.0,UNKNOWN,UNKNOWN,UNKNOWN,1,bikedekho,https://www.bikedekho.com/bajaj/pulsar-ns200/specifications,LOW,REVIEW
MOTO-DIM-BAJAJ-PULSAR200NSFIABSEDICIONLIMITADA-0001,Bajaj,Pulsar 200 NS FI ABS Edicion Limitada,,2012,2012,2012,2017.0,804.0,1195.0,1195.0,UNKNOWN,UNKNOWN,UNKNOWN,1,motorcyclespecs,https://www.motorcyclespecs.co.za/model/Baiai/bajaj_pulsar_200ns.htm,LOW,REVIEW
MOTO-DIM-BAJAJ-PULSAR200NSFIABSEDICIONLIMITADA-0002,Bajaj,Pulsar 200 NS FI ABS Edicion Limitada,,,,,2017.0,804.0,1075.0,1075.0,UNKNOWN,UNKNOWN,UNKNOWN,1,bikedekho,https://www.bikedekho.com/bajaj/pulsar-ns200/specifications,LOW,REVIEW
MOTO-DIM-BAJAJ-PULSAR200NSUG-0001,Bajaj,Pulsar 200 NS UG,,2012,2012,2012,2017.0,804.0,1195.0,1195.0,UNKNOWN,UNKNOWN,UNKNOWN,1,motorcyclespecs,https://www.motorcyclespecs.co.za/model/Baiai/bajaj_pulsar_200ns.htm,LOW,REVIEW
MOTO-DIM-BAJAJ-PULSAR200NSUG-0002,Bajaj,Pulsar 200 NS UG,,,,,2017.0,804.0,1075.0,1075.0,UNKNOWN,UNKNOWN,UNKNOWN,1,bikedekho,https://www.bikedekho.com/bajaj/pulsar-ns200/specifications,LOW,REVIEW
MOTO-DIM-BAJAJ-PULSAR200RS-0001,Bajaj,Pulsar 200 RS,,,,,2017.0,804.0,1075.0,1075.0,UNKNOWN,UNKNOWN,UNKNOWN,1,bikedekho,https://www.bikedekho.com/bajaj/pulsar-rs-200/specifications,MEDIUM,REVIEW
MOTO-DIM-BAJAJ-PULSAR220NEON-0001,Bajaj,Pulsar 220 Neon,,,,,2035.0,750.0,1165.0,1165.0,UNKNOWN,UNKNOWN,UNKNOWN,1,bikedekho,https://www.bikedekho.com/bajaj/pulsar-220f/specifications,MEDIUM,REVIEW
MOTO-DIM-BAJAJ-PULSARN160-0001,Bajaj,Pulsar N 160,,,,,1989.0,743.0,1050.0,1050.0,UNKNOWN,UNKNOWN,UNKNOWN,1,bikedekho,https://www.bikedekho.com/bajaj/pulsar-n160/specifications,MEDIUM,REVIEW
MOTO-DIM-BAJAJ-PULSARN160FIABS-0001,Bajaj,Pulsar N 160 FI ABS,,,,,1989.0,743.0,1050.0,1050.0,UNKNOWN,UNKNOWN,UNKNOWN,1,bikedekho,https://www.bikedekho.com/bajaj/pulsar-n160/specifications,MEDIUM,REVIEW
MOTO-DIM-BAJAJ-PULSARN160FIABSUG-0001,Bajaj,Pulsar N 160 FI ABS UG,,,,,1989.0,743.0,1050.0,1050.0,UNKNOWN,UNKNOWN,UNKNOWN,1,bikedekho,https://www.bikedekho.com/bajaj/pulsar-n160/specifications,MEDIUM,REVIEW
MOTO-DIM-BAJAJ-PULSARNS200FI-0001,Bajaj,Pulsar NS 200 FI,,2012,2012,2012,2017.0,804.0,1195.0,1195.0,UNKNOWN,UNKNOWN,UNKNOWN,1,motorcyclespecs,https://www.motorcyclespecs.co.za/model/Baiai/bajaj_pulsar_200ns.htm,LOW,REVIEW
MOTO-DIM-BAJAJ-PULSARNS200FI-0002,Bajaj,Pulsar NS 200 FI,,,,,2017.0,804.0,1075.0,1075.0,UNKNOWN,UNKNOWN,UNKNOWN,1,bikedekho,https://www.bikedekho.com/bajaj/pulsar-ns200/specifications,LOW,REVIEW
MOTO-DIM-BAJAJ-PULSARN250-0001,Bajaj,Pulsar N 250,,,,,1986.0,745.0,1050.0,1050.0,HANDLEBAR_WIDTH,UNKNOWN,UNKNOWN,1,bikedekho,https://www.bikedekho.com/bajaj/pulsar-n250/specifications,MEDIUM,REVIEW
MOTO-DIM-BAJAJ-PULSARN250FI-0001,Bajaj,Pulsar N 250 FI,,,,,1986.0,745.0,1050.0,1050.0,HANDLEBAR_WIDTH,UNKNOWN,UNKNOWN,1,bikedekho,https://www.bikedekho.com/bajaj/pulsar-n250/specifications,MEDIUM,REVIEW
MOTO-DIM-BAJAJ-PULSARN250FIABS-0001,Bajaj,Pulsar N 250 FI ABS,,,,,1986.0,745.0,1050.0,1050.0,HANDLEBAR_WIDTH,UNKNOWN,UNKNOWN,1,bikedekho,https://www.bikedekho.com/bajaj/pulsar-n250/specifications,MEDIUM,REVIEW
MOTO-DIM-BAJAJ-PULSARN250FIUG-0001,Bajaj,Pulsar N 250 FI UG,,,,,1986.0,745.0,1050.0,1050.0,HANDLEBAR_WIDTH,UNKNOWN,UNKNOWN,1,bikedekho,https://www.bikedekho.com/bajaj/pulsar-n250/specifications,MEDIUM,REVIEW
MOTO-DIM-BAJAJ-PULSARRS200-0001,Bajaj,Pulsar RS 200,,,,,2017.0,804.0,1075.0,1075.0,UNKNOWN,UNKNOWN,UNKNOWN,1,bikedekho,https://www.bikedekho.com/bajaj/pulsar-rs-200/specifications,MEDIUM,REVIEW
MOTO-DIM-BENDA-CHINCHILLA300-0001,Benda,Chinchilla 300,,2026,2026,2026,2120.0,836.0,1050.0,1050.0,UNKNOWN,UNKNOWN,UNKNOWN,1,1000ps,https://www.1000ps.com/en-gb/model/11234/benda-chinchilla-300,MEDIUM,REVIEW
MOTO-DIM-BENDA-DARKFLAG500-0001,Benda,Dark Flag 500,,2026,2026,2026,2330.0,890.0,1100.0,1100.0,UNKNOWN,UNKNOWN,UNKNOWN,1,1000ps,https://www.1000ps.com/en-gb/model/13475/benda-darkflag-500-commander,MEDIUM,REVIEW
MOTO-DIM-BENDA-LFC700-0001,Benda,LFC 700,,2026,2026,2026,2440.0,880.0,1100.0,1100.0,HANDLEBAR_WIDTH,UNKNOWN,UNKNOWN,1,1000ps,https://www.1000ps.com/en-gb/model/12303/benda-lfc-700,MEDIUM,REVIEW
MOTO-DIM-BENDA-LFS700-0001,Benda,LFS 700,,2026,2026,2026,2440.0,880.0,1100.0,1100.0,HANDLEBAR_WIDTH,UNKNOWN,UNKNOWN,1,1000ps,https://www.1000ps.com/en-gb/model/12303/benda-lfc-700,MEDIUM,REVIEW
MOTO-DIM-BENDA-LFC700PRO-0001,Benda,LFC 700 Pro,,2026,2026,2026,2440.0,910.0,1110.0,1110.0,HANDLEBAR_WIDTH,UNKNOWN,UNKNOWN,1,1000ps,https://www.1000ps.com/en-gb/model/13225/benda-lfc-700-pro,MEDIUM,REVIEW
MOTO-DIM-BENDA-NAPOLEONBOB250-0001,Benda,Napoleonbob 250,,2026,2026,2026,2320.0,810.0,1030.0,1030.0,UNKNOWN,UNKNOWN,UNKNOWN,1,1000ps,https://www.1000ps.com/en-gb/model/13009/benda-napoleonbob-250,MEDIUM,REVIEW
MOTO-DIM-BENDA-NAPOLEONBOB500-0001,Benda,Napoleonbob 500,,2026,2026,2026,2285.0,810.0,1080.0,1080.0,UNKNOWN,UNKNOWN,UNKNOWN,1,1000ps,https://www.1000ps.com/en-gb/model/13006/benda-napoleonbob-500,MEDIUM,REVIEW
MOTO-DIM-BENDA-ROCK300-0001,Benda,Rock 300,,2026,2026,2026,2225.0,853.0,1072.0,1072.0,UNKNOWN,UNKNOWN,UNKNOWN,1,1000ps,https://www.1000ps.com/en-gb/model/13038/benda-rock-300,MEDIUM,REVIEW
MOTO-DIM-BENELLI-302S-0001,Benelli,302S,,2019,2019,2019,2130.0,800.0,1120.0,1120.0,UNKNOWN,UNKNOWN,UNKNOWN,1,1000ps,https://www.1000ps.com/en-gb/model/9705/benelli-302-s,MEDIUM,REVIEW
MOTO-DIM-BENELLI-502C-0001,Benelli,502C,,2025,2025,2025,2240.0,950.0,1150.0,1150.0,UNKNOWN,UNKNOWN,UNKNOWN,1,1000ps,https://www.1000ps.com/en-gb/model/9706/benelli-502-c,MEDIUM,REVIEW
MOTO-DIM-BENELLI-BX505ENDURO-0001,Benelli,BX 505 Enduro,,2008,2008,2008,2160.0,810.0,1240.0,1240.0,HANDLEBAR_WIDTH,UNKNOWN,UNKNOWN,1,motorcyclespecs,https://www.motorcyclespecs.co.za/model/beneli/benelli_bx_505%20enduro.htm,MEDIUM,REVIEW
MOTO-DIM-BENELLI-CAFERACER1130-0001,Benelli,Cafe Racer 1130,,2013,2013,2013,2128.0,750.0,1050.0,1050.0,UNKNOWN,UNKNOWN,UNKNOWN,1,1000ps,https://www.1000ps.com/en-gb/model/2493/benelli-cafe-racer-1130,MEDIUM,REVIEW
MOTO-DIM-BENELLI-IMPERIALE400-0001,Benelli,Imperiale 400,,2020,2020,2020,2170.0,815.0,1120.0,1120.0,UNKNOWN,UNKNOWN,STANDARD,1,motorcyclespecs,https://www.motorcyclespecs.co.za/model/beneli/benelli_imperiale_400.html,LOW,REVIEW
MOTO-DIM-BENELLI-IMPERIALE400-0002,Benelli,Imperiale 400,,2026,2026,2026,2170.0,820.0,1120.0,1120.0,UNKNOWN,UNKNOWN,UNKNOWN,1,1000ps,https://www.1000ps.com/en-gb/model/9233/benelli-imperiale-400,LOW,REVIEW
MOTO-DIM-BENELLI-LEONCINO250-0001,Benelli,Leoncino 250,,2021,2021,2021,2040.0,840.0,1115.0,1115.0,UNKNOWN,UNKNOWN,UNKNOWN,1,1000ps,https://www.1000ps.com/en-gb/model/9234/benelli-leoncino-250,MEDIUM,REVIEW
MOTO-DIM-BENELLI-TNTSPORT-0001,Benelli,TNT Sport,,2009,2009,2009,2128.0,,,,UNKNOWN,UNKNOWN,UNKNOWN,1,1000ps,https://www.1000ps.com/en-gb/model/2239/benelli-tnt-sport,MEDIUM,REVIEW
MOTO-DIM-BENELLI-TNTSPORT-0002,Benelli,TNT Sport,,2005,2005,2005,2100.0,790.0,,,UNKNOWN,UNKNOWN,UNKNOWN,1,motorcyclespecs,https://www.motorcyclespecs.co.za/model/beneli/benelli_tnt_sport.htm,MEDIUM,REVIEW
MOTO-DIM-BENELLI-TNTSPORTEVO-0001,Benelli,TNT Sport Evo,,2010,2010,2010,2128.0,790.0,1050.0,1050.0,UNKNOWN,UNKNOWN,UNKNOWN,1,1000ps,https://www.1000ps.com/en-gb/model/4710/benelli-tnt-sport-evo,MEDIUM,REVIEW
MOTO-DIM-BENELLI-TNT135-0001,Benelli,TNT135,,2017,2017,2017,1750.0,,1025.0,1025.0,UNKNOWN,UNKNOWN,UNKNOWN,1,motorcyclespecs,https://www.motorcyclespecs.co.za/model/beneli/Benelli_TNT_135.htm,MEDIUM,REVIEW
MOTO-DIM-BENELLI-TORNADONAKEDTRE1130-0001,Benelli,Tornado Naked Tre 1130,,2012,2012,2012,2100.0,790.0,,,UNKNOWN,UNKNOWN,UNKNOWN,1,1000ps,https://www.1000ps.com/en-gb/model/4711/benelli-tornado-naked-tre-1130,MEDIUM,REVIEW
MOTO-DIM-BENELLI-TORNADONAKEDTRE1130SPORTEVO-0001,Benelli,Tornado Naked Tre 1130 Sport Evo,,2013,2013,2013,2000.0,790.0,1050.0,1050.0,HANDLEBAR_WIDTH,UNKNOWN,UNKNOWN,1,motorcyclespecs,https://www.motorcyclespecs.co.za/model/beneli/benelli_tnt_1130%2013.htm,LOW,REVIEW
MOTO-DIM-BENELLI-TORNADONAKEDTRE1130SPORTEVO-0002,Benelli,Tornado Naked Tre 1130 Sport Evo,,2004,2004,2004,2100.0,900.0,1050.0,1050.0,UNKNOWN,UNKNOWN,UNKNOWN,1,motorcyclespecs,https://www.motorcyclespecs.co.za/model/beneli/benelli_TNT%2004.htm,LOW,REVIEW
MOTO-DIM-BENELLI-TORNADONAKEDTRE1130SPORTEVO-0003,Benelli,Tornado Naked Tre 1130 Sport Evo,,2005,2005,2005,2100.0,790.0,,,UNKNOWN,UNKNOWN,UNKNOWN,1,motorcyclespecs,https://www.motorcyclespecs.co.za/model/beneli/benelli_tnt_sport.htm,LOW,REVIEW
MOTO-DIM-BENELLI-TORNADONAKEDTRE1130SPORTEVO-0004,Benelli,Tornado Naked Tre 1130 Sport Evo,,2014,2014,2014,2100.0,790.0,1050.0,1050.0,UNKNOWN,UNKNOWN,UNKNOWN,1,1000ps,https://www.1000ps.com/en-gb/model/1560/benelli-tnt-1130,LOW,REVIEW
MOTO-DIM-BENELLI-TORNADOTRE1130-0001,Benelli,Tornado Tre 1130,,2013,2013,2013,2039.0,717.0,1153.0,1153.0,UNKNOWN,UNKNOWN,UNKNOWN,1,1000ps,https://www.1000ps.com/en-gb/model/4709/benelli-tornado-tre-1130,MEDIUM,REVIEW
MOTO-DIM-BENELLI-TRE1130K-0001,Benelli,Tre 1130 K,,2014,2014,2014,2182.0,849.0,,,HANDLEBAR_WIDTH,UNKNOWN,UNKNOWN,1,motorcyclespecs,https://www.motorcyclespecs.co.za/model/beneli/benelli_tre-k%201130%2014.htm,LOW,REVIEW
MOTO-DIM-BENELLI-TRE1130K-0002,Benelli,Tre 1130 K,,2008,2008,2008,2183.0,850.0,1320.0,1320.0,HANDLEBAR_WIDTH,UNKNOWN,UNKNOWN,1,motorcyclespecs,https://www.motorcyclespecs.co.za/model/beneli/benelli_tre-k%201130%2008.htm,LOW,REVIEW
MOTO-DIM-BENELLI-TRE1130K-0003,Benelli,Tre 1130 K,,2016,2016,2016,2183.0,850.0,1320.0,1320.0,UNKNOWN,UNKNOWN,UNKNOWN,1,1000ps,https://www.1000ps.com/en-gb/model/2287/benelli-tre-k-1130,LOW,REVIEW
MOTO-DIM-BENELLI-TRE1130KAMAZONAS-0001,Benelli,Tre 1130 K Amazonas,,"2009,2014",,,2200.0,850.0,1340.0,1340.0,UNKNOWN,UNKNOWN,UNKNOWN,3,motorcyclespecs,https://www.motorcyclespecs.co.za/model/beneli/Benelli%20Tre-K%201130%20Amazonas%2014.htm | https://www.motorcyclespecs.co.za/model/beneli/Benelli%20Tre-K%201130%20Amazonas%2009.htm | https://www.motorcyclespecs.co.za/model/beneli/Benelli%20Tre-K%201130%20Amazonas.htm,LOW,REVIEW
MOTO-DIM-BENELLI-TRE1130KAMAZONAS-0002,Benelli,Tre 1130 K Amazonas,,2016,2016,2016,2200.0,865.0,1370.0,1370.0,UNKNOWN,UNKNOWN,UNKNOWN,1,1000ps,https://www.1000ps.com/en-gb/model/3439/benelli-tre-k-1130-amazonas,LOW,REVIEW
MOTO-DIM-BENELLI-TRK251-0001,Benelli,TRK251,,2019,2019,2019,2130.0,,1120.0,1120.0,UNKNOWN,UNKNOWN,UNKNOWN,1,motorcyclespecs,https://www.motorcyclespecs.co.za/model/beneli/benelli_TRK_251.html,LOW,REVIEW
MOTO-DIM-BENELLI-TRK251-0002,Benelli,TRK251,,2021,2021,2021,2100.0,840.0,1320.0,1320.0,UNKNOWN,UNKNOWN,UNKNOWN,1,1000ps,https://www.1000ps.com/en-gb/model/9236/benelli-trk-251,LOW,REVIEW
MOTO-DIM-BENELLI-TRK502-0001,Benelli,TRK502,,2016,2016,2016,2180.0,912.0,1465.0,1465.0,UNKNOWN,UNKNOWN,UNKNOWN,1,motorcyclespecs,https://www.motorcyclespecs.co.za/model/beneli/Benelli_TRK_502_16.htm,LOW,REVIEW
MOTO-DIM-BENELLI-TRK502-0002,Benelli,TRK502,,2025,2025,2025,2200.0,915.0,1450.0,1450.0,UNKNOWN,UNKNOWN,UNKNOWN,1,1000ps,https://www.1000ps.com/en-gb/model/8918/benelli-trk-502,LOW,REVIEW
MOTO-DIM-BENELLI-TRK502-0003,Benelli,TRK502,,,,,2220.0,915.0,1450.0,1450.0,UNKNOWN,UNKNOWN,UNKNOWN,1,bikedekho,https://www.bikedekho.com/benelli/trk-502/specifications,LOW,REVIEW
MOTO-DIM-BENELLI-TRK502X-0001,Benelli,TRK502X,,2018,2018,2018,2200.0,915.0,1490.0,1490.0,UNKNOWN,UNKNOWN,UNKNOWN,1,motorcyclespecs,https://www.motorcyclespecs.co.za/model/beneli/Benelli_TRK_502X_18.html,LOW,REVIEW
MOTO-DIM-BENELLI-TRK502X-0002,Benelli,TRK502X,,2024,2024,2024,2180.0,912.0,1465.0,1465.0,UNKNOWN,UNKNOWN,UNKNOWN,1,1000ps,https://www.1000ps.com/en-gb/model/9534/benelli-trk-502-x,LOW,REVIEW
MOTO-DIM-BENELLI-VELVET250-0001,Benelli,Velvet 250,,2021,2021,2021,2040.0,840.0,1115.0,1115.0,UNKNOWN,UNKNOWN,UNKNOWN,1,1000ps,https://www.1000ps.com/en-gb/model/9234/benelli-leoncino-250,MEDIUM,REVIEW
MOTO-DIM-BETA-125RR-0001,Beta,125 RR,,2021,2021,2021,2076.0,830.0,1185.0,1185.0,UNKNOWN,UNKNOWN,UNKNOWN,1,1000ps,https://www.1000ps.com/en-gb/model/10554/beta-rr-125-lc-motard,MEDIUM,REVIEW
MOTO-DIM-BETA-125RRRACEEDITION-0001,Beta,125 RR-Race Edition,,2026,2026,2026,2145.0,830.0,1220.0,1220.0,UNKNOWN,UNKNOWN,UNKNOWN,1,1000ps,https://www.1000ps.com/en-gb/model/13512/beta-rr-125t,MEDIUM,REVIEW
MOTO-DIM-BETA-125RRS-0001,Beta,125 RR-S,,2025,2025,2025,2076.0,830.0,1185.0,1185.0,UNKNOWN,UNKNOWN,UNKNOWN,1,1000ps,https://www.1000ps.com/en-gb/model/12272/beta-rr-motard-125-r,MEDIUM,REVIEW
MOTO-DIM-BETA-250RR-0001,Beta,250 RR,,2007,2007,2007,2270.0,813.0,1255.0,1255.0,UNKNOWN,UNKNOWN,STANDARD,1,motorcyclespecs,https://www.motorcyclespecs.co.za/model/Beta/beta_rr250_enduro%2007.htm,MEDIUM,REVIEW
MOTO-DIM-BETA-250RR2STROKE-0001,Beta,250 RR (2 Stroke),,2024,2024,2024,2172.0,815.0,1270.0,1270.0,UNKNOWN,UNKNOWN,UNKNOWN,1,1000ps,https://www.1000ps.com/en-gb/model/12325/beta-rr-2t-250,MEDIUM,REVIEW
MOTO-DIM-BETA-250RRRACEEDITION2STROKE-0001,Beta,250 RR-Race Edition (2-Stroke),,2026,2026,2026,2175.0,830.0,1275.0,1275.0,UNKNOWN,UNKNOWN,UNKNOWN,1,1000ps,https://www.1000ps.com/en-gb/model/12952/beta-rr-race-2t-250,MEDIUM,REVIEW
MOTO-DIM-BETA-250XTRAINER-0001,Beta,250 Xtrainer,,2026,2026,2026,2157.0,802.0,1245.0,1245.0,UNKNOWN,UNKNOWN,UNKNOWN,1,1000ps,https://www.1000ps.com/en-gb/model/9378/beta-xtrainer-250,MEDIUM,REVIEW
MOTO-DIM-BETA-300RR-0001,Beta,300 RR,,2024,2024,2024,2172.0,815.0,1270.0,1270.0,UNKNOWN,UNKNOWN,UNKNOWN,1,1000ps,https://www.1000ps.com/en-gb/model/9308/beta-rr-300-racing,MEDIUM,REVIEW
MOTO-DIM-BETA-300RR2STROKE-0001,Beta,300 RR (2 Stroke),,2024,2024,2024,2172.0,815.0,1270.0,1270.0,UNKNOWN,UNKNOWN,UNKNOWN,1,1000ps,https://www.1000ps.com/en-gb/model/7369/beta-rr-300-2t,MEDIUM,REVIEW
MOTO-DIM-BETA-300RRRACEEDITION2STROKE-0001,Beta,300 RR-Race Edition (2-Stroke),,2026,2026,2026,2175.0,830.0,1275.0,1275.0,UNKNOWN,UNKNOWN,UNKNOWN,1,1000ps,https://www.1000ps.com/en-gb/model/13215/beta-rr-race-2t-300,MEDIUM,REVIEW
MOTO-DIM-BETA-300XTRAINER-0001,Beta,300 Xtrainer,,2026,2026,2026,2157.0,802.0,1245.0,1245.0,UNKNOWN,UNKNOWN,UNKNOWN,1,1000ps,https://www.1000ps.com/en-gb/model/8051/beta-xtrainer-300,MEDIUM,REVIEW
MOTO-DIM-BETA-350RS-0001,Beta,350 RS,,2013,2013,2013,,,411.0,411.0,UNKNOWN,UNKNOWN,UNKNOWN,1,motorcyclespecs,https://www.motorcyclespecs.co.za/model/Beta/beta_rs350%2013.htm,LOW,REVIEW
MOTO-DIM-BETA-350RS-0002,Beta,350 RS,,2012,2012,2012,,,411.0,411.0,UNKNOWN,UNKNOWN,UNKNOWN,1,motorcyclespecs,https://www.motorcyclespecs.co.za/model/Beta/beta_rs350%2012.htm,LOW,REVIEW
MOTO-DIM-BETA-390RR-0001,Beta,390 RR,,2024,2024,2024,2180.0,815.0,1270.0,1270.0,UNKNOWN,UNKNOWN,UNKNOWN,1,1000ps,https://www.1000ps.com/en-gb/model/7871/beta-rr-390,MEDIUM,REVIEW
MOTO-DIM-BETA-390RRS-0001,Beta,390 RR-S,,2024,2024,2024,2180.0,815.0,1270.0,1270.0,UNKNOWN,UNKNOWN,UNKNOWN,1,1000ps,https://www.1000ps.com/en-gb/model/7871/beta-rr-390,MEDIUM,REVIEW
MOTO-DIM-BETA-390RS-0001,Beta,390 RS,,2014,2014,2014,,,411.0,411.0,UNKNOWN,UNKNOWN,UNKNOWN,1,motorcyclespecs,https://www.motorcyclespecs.co.za/model/Beta/beta_rs350%2014.htm,LOW,REVIEW
MOTO-DIM-BETA-400RR-0001,Beta,400 RR,,2010,2010,2010,2270.0,813.0,405.0,405.0,UNKNOWN,UNKNOWN,UNKNOWN,1,1000ps,https://www.1000ps.com/en-gb/model/2110/beta-rr-400,LOW,REVIEW
MOTO-DIM-BETA-400SM-0001,Beta,400 SM,,2011,2011,2011,2200.0,820.0,1220.0,1220.0,UNKNOWN,UNKNOWN,UNKNOWN,1,motorcyclespecs,https://www.motorcyclespecs.co.za/model/Beta/beta_rr400_motard%2011.htm,MEDIUM,REVIEW
MOTO-DIM-BETA-430RR-0001,Beta,430 RR,,2024,2024,2024,2180.0,815.0,1270.0,1270.0,UNKNOWN,UNKNOWN,UNKNOWN,1,1000ps,https://www.1000ps.com/en-gb/model/7872/beta-rr-430,MEDIUM,REVIEW
MOTO-DIM-BETA-430RRS-0001,Beta,430 RR-S,,2024,2024,2024,2180.0,815.0,1270.0,1270.0,UNKNOWN,UNKNOWN,UNKNOWN,1,1000ps,https://www.1000ps.com/en-gb/model/7872/beta-rr-430,MEDIUM,REVIEW
MOTO-DIM-BETA-430RS-0001,Beta,430 RS,,2015,2015,2015,,,413.0,413.0,UNKNOWN,UNKNOWN,UNKNOWN,1,motorcyclespecs,https://www.motorcyclespecs.co.za/model/Beta/beta_rs430%2015.htm,LOW,REVIEW
MOTO-DIM-BETA-450RC-0001,Beta,450 RC,,2010,2010,2010,2270.0,813.0,405.0,405.0,UNKNOWN,UNKNOWN,UNKNOWN,1,1000ps,https://www.1000ps.com/en-gb/model/2111/beta-rr-450,LOW,REVIEW
MOTO-DIM-BETA-450RR-0001,Beta,450 RR,,2010,2010,2010,2270.0,813.0,405.0,405.0,UNKNOWN,UNKNOWN,UNKNOWN,1,1000ps,https://www.1000ps.com/en-gb/model/2111/beta-rr-450,LOW,REVIEW
MOTO-DIM-BETA-450RRCROSSCOUNTRY-0001,Beta,450 RR Cross Country,,"2009,2011",,,2180.0,807.0,1270.0,1270.0,UNKNOWN,UNKNOWN,UNKNOWN,2,motorcyclespecs,https://www.motorcyclespecs.co.za/model/Beta/beta_rr450_enduro%2011.htm | https://www.motorcyclespecs.co.za/model/Beta/beta_rr450_enduro%2009.htm,LOW,REVIEW
MOTO-DIM-BETA-450SM-0001,Beta,450 SM,,2011,2011,2011,,,413.0,413.0,UNKNOWN,UNKNOWN,UNKNOWN,1,motorcyclespecs,https://www.motorcyclespecs.co.za/model/Beta/beta_rr450_motard%2011.htm,LOW,REVIEW
MOTO-DIM-BETA-450SM-0002,Beta,450 SM,,2009,2009,2009,2200.0,820.0,1220.0,1220.0,UNKNOWN,UNKNOWN,UNKNOWN,1,motorcyclespecs,https://www.motorcyclespecs.co.za/model/Beta/beta_rr450_motard%2009.htm,MEDIUM,REVIEW
MOTO-DIM-BETA-480RR-0001,Beta,480 RR,,2024,2024,2024,2180.0,815.0,1270.0,1270.0,UNKNOWN,UNKNOWN,UNKNOWN,1,1000ps,https://www.1000ps.com/en-gb/model/7873/beta-rr-480,MEDIUM,REVIEW
MOTO-DIM-BETA-525RR-0001,Beta,525 RR,,2010,2010,2010,2270.0,813.0,405.0,405.0,UNKNOWN,UNKNOWN,UNKNOWN,1,1000ps,https://www.1000ps.com/en-gb/model/2112/beta-rr-525,LOW,REVIEW
MOTO-DIM-BETA-525RS-0001,Beta,525 RS,,2010,2010,2010,2270.0,813.0,405.0,405.0,UNKNOWN,UNKNOWN,UNKNOWN,1,1000ps,https://www.1000ps.com/en-gb/model/2112/beta-rr-525,LOW,REVIEW
MOTO-DIM-BETA-525RSSUPERMOTO-0001,Beta,525 RS Super Moto,,2011,2011,2011,2270.0,813.0,1255.0,1255.0,UNKNOWN,UNKNOWN,STANDARD,1,motorcyclespecs,https://www.motorcyclespecs.co.za/model/Beta/beta_rr525_motard%2011.htm,MEDIUM,REVIEW
MOTO-DIM-BETA-ALP200-0001,Beta,Alp 200,,2024,2024,2024,2110.0,800.0,1107.0,1107.0,UNKNOWN,UNKNOWN,UNKNOWN,1,1000ps,https://www.1000ps.com/en-gb/model/1118/beta-alp-200,MEDIUM,REVIEW
MOTO-DIM-BETA-ALP40-0001,Beta,Alp 4.0,,"2003,2005,2008",,,2185.0,860.0,1230.0,1230.0,UNKNOWN,UNKNOWN,UNKNOWN,3,motorcyclespecs,https://www.motorcyclespecs.co.za/model/Beta/beta_alp4%2008.htm | https://www.motorcyclespecs.co.za/model/Beta/beta_alp4%2005.htm | https://www.motorcyclespecs.co.za/model/Beta/beta_alp4.htm,LOW,REVIEW
MOTO-DIM-BETA-ALP40-0002,Beta,Alp 4.0,,2026,2026,2026,2200.0,820.0,1220.0,1220.0,UNKNOWN,UNKNOWN,UNKNOWN,1,1000ps,https://www.1000ps.com/en-gb/model/1369/beta-alp-4-0,LOW,REVIEW
MOTO-DIM-BETA-ALP4T200-0001,Beta,Alp 4T 200,,2007,2007,2007,2150.0,830.0,1170.0,1170.0,UNKNOWN,UNKNOWN,UNKNOWN,1,motorcyclespecs,https://www.motorcyclespecs.co.za/model/Beta/beta_alp200_4t%2007.htm,MEDIUM,REVIEW
MOTO-DIM-BETA-ALPX-0001,Beta,Alp X,,2025,2025,2025,2200.0,820.0,1190.0,1190.0,UNKNOWN,UNKNOWN,UNKNOWN,1,1000ps,https://www.1000ps.com/en-gb/model/12227/beta-alp-x,MEDIUM,REVIEW
MOTO-DIM-BETA-EURO350-0001,Beta,Euro 350,,2003,2003,2003,2210.0,,1090.0,1090.0,UNKNOWN,UNKNOWN,UNKNOWN,1,motorcyclespecs,https://www.motorcyclespecs.co.za/model/Beta/beta_euro_350.htm,LOW,REVIEW
MOTO-DIM-BETA-EVO2502STROKE-0001,Beta,EVO 250 (2 Stroke),,2024,2024,2024,1990.0,850.0,1115.0,1115.0,UNKNOWN,UNKNOWN,UNKNOWN,1,1000ps,https://www.1000ps.com/en-gb/model/4334/beta-evo-250-2t,MEDIUM,REVIEW
MOTO-DIM-BETA-EVO2504STROKE-0001,Beta,EVO 250 (4 Stroke),,2018,2018,2018,1990.0,850.0,1115.0,1115.0,UNKNOWN,UNKNOWN,UNKNOWN,1,1000ps,https://www.1000ps.com/en-gb/model/3986/beta-evo-250-4takt,MEDIUM,REVIEW
MOTO-DIM-BETA-EVO250SPORT2STROKE-0001,Beta,EVO 250 Sport (2 Stroke),,2024,2024,2024,1990.0,850.0,1115.0,1115.0,UNKNOWN,UNKNOWN,UNKNOWN,1,1000ps,https://www.1000ps.com/en-gb/model/4334/beta-evo-250-2t,MEDIUM,REVIEW
MOTO-DIM-BETA-EVO250SPORT4STROKE-0001,Beta,EVO 250 Sport (4 Stroke),,2018,2018,2018,1990.0,850.0,1115.0,1115.0,UNKNOWN,UNKNOWN,UNKNOWN,1,1000ps,https://www.1000ps.com/en-gb/model/3986/beta-evo-250-4takt,MEDIUM,REVIEW
MOTO-DIM-BETA-EVO250FACTORY2STROKE-0001,Beta,EVO 250 Factory (2 Stroke),,2024,2024,2024,1990.0,850.0,1115.0,1115.0,UNKNOWN,UNKNOWN,UNKNOWN,1,1000ps,https://www.1000ps.com/en-gb/model/9681/beta-evo-250-2t-factory,MEDIUM,REVIEW
MOTO-DIM-BETA-EVO2T250-0001,Beta,EVO 2T 250,,2024,2024,2024,1990.0,850.0,1115.0,1115.0,UNKNOWN,UNKNOWN,UNKNOWN,1,1000ps,https://www.1000ps.com/en-gb/model/4334/beta-evo-250-2t,MEDIUM,REVIEW
MOTO-DIM-BETA-EVO2T125-0001,Beta,EVO 2T 125,,2024,2024,2024,1990.0,850.0,1115.0,1115.0,UNKNOWN,UNKNOWN,UNKNOWN,1,1000ps,https://www.1000ps.com/en-gb/model/4338/beta-evo-125-2t,MEDIUM,REVIEW
MOTO-DIM-BETA-EVO2T300-0001,Beta,EVO 2T 300,,2024,2024,2024,1990.0,850.0,1115.0,1115.0,UNKNOWN,UNKNOWN,UNKNOWN,1,1000ps,https://www.1000ps.com/en-gb/model/6722/beta-evo-300-2t,MEDIUM,REVIEW
MOTO-DIM-BETA-EVO2T300SS-0001,Beta,EVO 2T 300 SS,,2024,2024,2024,1990.0,850.0,1115.0,1115.0,UNKNOWN,UNKNOWN,UNKNOWN,1,1000ps,https://www.1000ps.com/en-gb/model/8741/beta-evo-300-2t-ss,MEDIUM,REVIEW
MOTO-DIM-BETA-EVO2TFACTORY125-0001,Beta,EVO 2T Factory 125,,2024,2024,2024,1990.0,850.0,1115.0,1115.0,UNKNOWN,UNKNOWN,UNKNOWN,1,1000ps,https://www.1000ps.com/en-gb/model/9680/beta-evo-125-2t-factory,MEDIUM,REVIEW
MOTO-DIM-BETA-EVO2TFACTORY250-0001,Beta,EVO 2T Factory 250,,2024,2024,2024,1990.0,850.0,1115.0,1115.0,UNKNOWN,UNKNOWN,UNKNOWN,1,1000ps,https://www.1000ps.com/en-gb/model/9681/beta-evo-250-2t-factory,MEDIUM,REVIEW
MOTO-DIM-BETA-EVO2TFACTORY200-0001,Beta,EVO 2T Factory 200,,2018,2018,2018,1990.0,850.0,1115.0,1115.0,UNKNOWN,UNKNOWN,UNKNOWN,1,1000ps,https://www.1000ps.com/en-gb/model/4340/beta-evo-200-2t,MEDIUM,REVIEW
MOTO-DIM-BETA-EVO3002STROKE-0001,Beta,EVO 300 (2 Stroke),,2024,2024,2024,1990.0,850.0,1115.0,1115.0,UNKNOWN,UNKNOWN,UNKNOWN,1,1000ps,https://www.1000ps.com/en-gb/model/6722/beta-evo-300-2t,MEDIUM,REVIEW
MOTO-DIM-BETA-EVO2TFACTORY300-0001,Beta,EVO 2T Factory 300,,2024,2024,2024,1990.0,850.0,1115.0,1115.0,UNKNOWN,UNKNOWN,UNKNOWN,1,1000ps,https://www.1000ps.com/en-gb/model/9682/beta-evo-300-2t-factory,MEDIUM,REVIEW
MOTO-DIM-BETA-EVO300FACTORY2STROKE-0001,Beta,EVO 300 Factory (2 Stroke),,2024,2024,2024,1990.0,850.0,1115.0,1115.0,UNKNOWN,UNKNOWN,UNKNOWN,1,1000ps,https://www.1000ps.com/en-gb/model/9682/beta-evo-300-2t-factory,MEDIUM,REVIEW
MOTO-DIM-BETA-EVO3004STROKE-0001,Beta,EVO 300 (4 Stroke),,2024,2024,2024,1990.0,850.0,1115.0,1115.0,UNKNOWN,UNKNOWN,UNKNOWN,1,1000ps,https://www.1000ps.com/en-gb/model/3988/beta-evo-300-4takt,MEDIUM,REVIEW
MOTO-DIM-BETA-EVO300SPORT2STROKE-0001,Beta,EVO 300 Sport (2 Stroke),,2024,2024,2024,1990.0,850.0,1115.0,1115.0,UNKNOWN,UNKNOWN,UNKNOWN,1,1000ps,https://www.1000ps.com/en-gb/model/6722/beta-evo-300-2t,MEDIUM,REVIEW
MOTO-DIM-BETA-EVO300SPORT4STROKE-0001,Beta,EVO 300 Sport (4 Stroke),,2024,2024,2024,1990.0,850.0,1115.0,1115.0,UNKNOWN,UNKNOWN,UNKNOWN,1,1000ps,https://www.1000ps.com/en-gb/model/3988/beta-evo-300-4takt,MEDIUM,REVIEW
MOTO-DIM-BETA-EVO300SS2STROKE-0001,Beta,EVO 300 SS (2 Stroke),,2024,2024,2024,1990.0,850.0,1115.0,1115.0,UNKNOWN,UNKNOWN,UNKNOWN,1,1000ps,https://www.1000ps.com/en-gb/model/8741/beta-evo-300-2t-ss,MEDIUM,REVIEW
MOTO-DIM-BETA-EVO4T300-0001,Beta,EVO 4T 300,,2024,2024,2024,1990.0,850.0,1115.0,1115.0,UNKNOWN,UNKNOWN,UNKNOWN,1,1000ps,https://www.1000ps.com/en-gb/model/3988/beta-evo-300-4takt,MEDIUM,REVIEW
MOTO-DIM-BETA-EVO300FACTORY4STROKE-0001,Beta,EVO 300 Factory (4 Stroke),,2025,2025,2025,1990.0,850.0,1115.0,1115.0,UNKNOWN,UNKNOWN,UNKNOWN,1,1000ps,https://www.1000ps.com/en-gb/model/9683/beta-evo-300-4t-factory,MEDIUM,REVIEW
MOTO-DIM-BETA-EVO4TFACTORY300-0001,Beta,EVO 4T Factory 300,,2025,2025,2025,1990.0,850.0,1115.0,1115.0,UNKNOWN,UNKNOWN,UNKNOWN,1,1000ps,https://www.1000ps.com/en-gb/model/9683/beta-evo-300-4t-factory,MEDIUM,REVIEW
MOTO-DIM-BETA-EVO80-0001,Beta,EVO 80,,2023,2023,2023,1925.0,815.0,1127.0,1127.0,UNKNOWN,UNKNOWN,UNKNOWN,1,1000ps,https://www.1000ps.com/en-gb/model/3983/beta-evo-80,MEDIUM,REVIEW
MOTO-DIM-BETA-EVO80JR-0001,Beta,EVO 80 JR,,2025,2025,2025,1850.0,720.0,1070.0,1070.0,UNKNOWN,UNKNOWN,UNKNOWN,1,1000ps,https://www.1000ps.com/en-gb/model/3982/beta-evo-80-junior,MEDIUM,REVIEW
MOTO-DIM-BETA-EVO80SR-0001,Beta,EVO 80 SR,,2025,2025,2025,1925.0,815.0,1127.0,1127.0,UNKNOWN,UNKNOWN,UNKNOWN,1,1000ps,https://www.1000ps.com/en-gb/model/12338/beta-evo-80-senior,MEDIUM,REVIEW
MOTO-DIM-BETA-M44T-0001,Beta,M4-4T,,2018,2018,2018,2160.0,860.0,1220.0,1220.0,UNKNOWN,UNKNOWN,UNKNOWN,1,1000ps,https://www.1000ps.com/en-gb/model/2581/beta-m4-4t,MEDIUM,REVIEW
MOTO-DIM-BETA-MINITRIALS-0001,Beta,Mini Trials,,2018,2018,2018,1530.0,650.0,940.0,940.0,UNKNOWN,UNKNOWN,UNKNOWN,1,1000ps,https://www.1000ps.com/en-gb/model/1805/beta-minitrial,MEDIUM,REVIEW
MOTO-DIM-BETA-MINICROSSE-0001,Beta,MiniCross-E,,2020,2020,2020,1400.0,600.0,900.0,900.0,UNKNOWN,UNKNOWN,UNKNOWN,1,1000ps,https://www.1000ps.com/en-gb/model/9305/beta-minicross-e,MEDIUM,REVIEW
MOTO-DIM-BETA-MINITRAILELECTRIC16-0001,Beta,Minitrail Electric 16,,2020,2020,2020,1320.0,590.0,800.0,800.0,UNKNOWN,UNKNOWN,UNKNOWN,1,1000ps,https://www.1000ps.com/en-gb/model/9684/beta-minitrial-electric-16,MEDIUM,REVIEW
MOTO-DIM-BETA-MINITRAILELECTRIC20-0001,Beta,Minitrail Electric 20,,2020,2020,2020,1440.0,650.0,920.0,920.0,UNKNOWN,UNKNOWN,UNKNOWN,1,1000ps,https://www.1000ps.com/en-gb/model/9685/beta-minitrial-electric-20,MEDIUM,REVIEW
MOTO-DIM-BETA-MINITRIALE16-0001,Beta,Minitrial-E 16,,2020,2020,2020,1320.0,590.0,800.0,800.0,UNKNOWN,UNKNOWN,UNKNOWN,1,1000ps,https://www.1000ps.com/en-gb/model/9684/beta-minitrial-electric-16,MEDIUM,REVIEW
MOTO-DIM-BETA-MINITRIALE20-0001,Beta,Minitrial-E 20,,2020,2020,2020,1440.0,650.0,920.0,920.0,UNKNOWN,UNKNOWN,UNKNOWN,1,1000ps,https://www.1000ps.com/en-gb/model/9685/beta-minitrial-electric-20,MEDIUM,REVIEW
MOTO-DIM-BETA-MINITRIALSELECTRIC16IN-0001,Beta,Minitrials Electric 16in.,,2020,2020,2020,1320.0,590.0,800.0,800.0,UNKNOWN,UNKNOWN,UNKNOWN,1,1000ps,https://www.1000ps.com/en-gb/model/9684/beta-minitrial-electric-16,MEDIUM,REVIEW
MOTO-DIM-BETA-MINITRIALSELECTRIC20IN-0001,Beta,Minitrials Electric 20in.,,2020,2020,2020,1440.0,650.0,920.0,920.0,UNKNOWN,UNKNOWN,UNKNOWN,1,1000ps,https://www.1000ps.com/en-gb/model/9685/beta-minitrial-electric-20,MEDIUM,REVIEW
MOTO-DIM-BETA-MINITRIALE-0001,Beta,Minitrial-E,,2018,2018,2018,1320.0,590.0,800.0,800.0,UNKNOWN,UNKNOWN,UNKNOWN,1,1000ps,https://www.1000ps.com/en-gb/model/7656/beta-minitrial-e,MEDIUM,REVIEW
MOTO-DIM-BETA-R10-0001,Beta,R10,,2018,2018,2018,1290.0,600.0,840.0,840.0,UNKNOWN,UNKNOWN,UNKNOWN,1,1000ps,https://www.1000ps.com/en-gb/model/3935/beta-minicross-r10,MEDIUM,REVIEW
MOTO-DIM-BETA-R12-0001,Beta,R12,,2018,2018,2018,1580.0,670.0,990.0,990.0,UNKNOWN,UNKNOWN,UNKNOWN,1,1000ps,https://www.1000ps.com/en-gb/model/3936/beta-minicross-r12,MEDIUM,REVIEW
MOTO-DIM-BETA-RR1254TENDUROR-0001,Beta,RR 125 4T Enduro R,,2026,2026,2026,2145.0,830.0,1220.0,1220.0,UNKNOWN,UNKNOWN,UNKNOWN,1,1000ps,https://www.1000ps.com/en-gb/model/12271/beta-rr-4t-125-r,MEDIUM,REVIEW
MOTO-DIM-BETA-RR1254TENDUROT-0001,Beta,RR 125 4T Enduro T,,2024,2024,2024,2145.0,830.0,1220.0,1220.0,UNKNOWN,UNKNOWN,STANDARD,1,1000ps,https://www.1000ps.com/en-gb/model/10553/beta-rr-125-4t-lc-enduro,MEDIUM,REVIEW
MOTO-DIM-BETA-RR1254TMOTARDR-0001,Beta,RR 125 4T Motard R,,2018,2018,2018,2065.0,820.0,1230.0,1230.0,UNKNOWN,UNKNOWN,UNKNOWN,1,1000ps,https://www.1000ps.com/en-gb/model/6733/beta-rr-motard-125-4t,MEDIUM,REVIEW
MOTO-DIM-BETA-RR1254TMOTARDT-0001,Beta,RR 125 4T Motard T,,2018,2018,2018,2065.0,820.0,1230.0,1230.0,UNKNOWN,UNKNOWN,UNKNOWN,1,1000ps,https://www.1000ps.com/en-gb/model/6733/beta-rr-motard-125-4t,MEDIUM,REVIEW
MOTO-DIM-BETA-RR50ENDURO-0001,Beta,RR 50 Enduro,,2021,2021,2021,2075.0,790.0,1180.0,1180.0,UNKNOWN,UNKNOWN,UNKNOWN,1,1000ps,https://www.1000ps.com/en-gb/model/10639/beta-rr-50-enduro,MEDIUM,REVIEW
MOTO-DIM-BETA-RR50ENDURORACING-0001,Beta,RR 50 Enduro Racing,,2021,2021,2021,2090.0,810.0,1205.0,1205.0,UNKNOWN,UNKNOWN,STANDARD,1,1000ps,https://www.1000ps.com/en-gb/model/10641/beta-rr-50-enduro-racing,MEDIUM,REVIEW
MOTO-DIM-BETA-RR50ENDUROSPORT-0001,Beta,RR 50 Enduro Sport,,2021,2021,2021,2090.0,798.0,1195.0,1195.0,UNKNOWN,UNKNOWN,STANDARD,1,1000ps,https://www.1000ps.com/en-gb/model/10640/beta-rr-50-enduro-sport,MEDIUM,REVIEW
MOTO-DIM-BETA-RR50MOTARD-0001,Beta,RR 50 Motard,,2024,2024,2024,2030.0,790.0,1155.0,1155.0,UNKNOWN,UNKNOWN,UNKNOWN,1,1000ps,https://www.1000ps.com/en-gb/model/3919/beta-rr-50-motard,MEDIUM,REVIEW
MOTO-DIM-BETA-RR50MOTARDSPORT-0001,Beta,RR 50 Motard Sport,,2024,2024,2024,2035.0,790.0,1155.0,1155.0,UNKNOWN,UNKNOWN,UNKNOWN,1,1000ps,https://www.1000ps.com/en-gb/model/9306/beta-rr-50-motard-sport,MEDIUM,REVIEW
MOTO-DIM-BETA-RR50MOTARDTRACK-0001,Beta,RR 50 Motard Track,,2024,2024,2024,2053.0,810.0,1170.0,1170.0,UNKNOWN,UNKNOWN,UNKNOWN,1,1000ps,https://www.1000ps.com/en-gb/model/3921/beta-rr-50-motard-track,MEDIUM,REVIEW
MOTO-DIM-BETA-RRRACE2T125-0001,Beta,RR Race 2T 125,,2026,2026,2026,2167.0,830.0,1275.0,1275.0,UNKNOWN,UNKNOWN,UNKNOWN,1,1000ps,https://www.1000ps.com/en-gb/model/12950/beta-rr-race-2t-125,MEDIUM,REVIEW
MOTO-DIM-BETA-RRRACE2T250-0001,Beta,RR Race 2T 250,,2026,2026,2026,2175.0,830.0,1275.0,1275.0,UNKNOWN,UNKNOWN,UNKNOWN,1,1000ps,https://www.1000ps.com/en-gb/model/12952/beta-rr-race-2t-250,MEDIUM,REVIEW
MOTO-DIM-BETA-RRRACE2T300-0001,Beta,RR Race 2T 300,,2026,2026,2026,2175.0,830.0,1275.0,1275.0,UNKNOWN,UNKNOWN,UNKNOWN,1,1000ps,https://www.1000ps.com/en-gb/model/13215/beta-rr-race-2t-300,MEDIUM,REVIEW
MOTO-DIM-BETA-RRRACE2T200-0001,Beta,RR Race 2T 200,,2026,2026,2026,2167.0,830.0,1275.0,1275.0,UNKNOWN,UNKNOWN,UNKNOWN,1,1000ps,https://www.1000ps.com/en-gb/model/12951/beta-rr-race-2t-200,MEDIUM,REVIEW
MOTO-DIM-BETA-RRRACE4T350-0001,Beta,RR Race 4T 350,,2026,2026,2026,2180.0,830.0,1275.0,1275.0,UNKNOWN,UNKNOWN,UNKNOWN,1,1000ps,https://www.1000ps.com/en-gb/model/12953/beta-rr-race-4t-350,MEDIUM,REVIEW
MOTO-DIM-BETA-RRRACE4T390-0001,Beta,RR Race 4T 390,,2026,2026,2026,2180.0,830.0,1275.0,1275.0,UNKNOWN,UNKNOWN,UNKNOWN,1,1000ps,https://www.1000ps.com/en-gb/model/13034/beta-rr-race-4t-390,MEDIUM,REVIEW
MOTO-DIM-BETA-RRRACE4T430-0001,Beta,RR Race 4T 430,,2026,2026,2026,2180.0,830.0,1275.0,1275.0,UNKNOWN,UNKNOWN,UNKNOWN,1,1000ps,https://www.1000ps.com/en-gb/model/13035/beta-rr-race-4t-430,MEDIUM,REVIEW
MOTO-DIM-BETA-RRRACE4T480-0001,Beta,RR Race 4T 480,,2026,2026,2026,2180.0,830.0,1275.0,1275.0,UNKNOWN,UNKNOWN,UNKNOWN,1,1000ps,https://www.1000ps.com/en-gb/model/13036/beta-rr-race-4t-480,MEDIUM,REVIEW
MOTO-DIM-BETA-RRXPRO2T125-0001,Beta,RR X-Pro 2T 125,,2027,2027,2027,2167.0,830.0,1270.0,1270.0,UNKNOWN,UNKNOWN,UNKNOWN,1,1000ps,https://www.1000ps.com/en-gb/model/12528/beta-rr-x-pro-2t-125,MEDIUM,REVIEW
MOTO-DIM-BETA-RRXPRO2T200-0001,Beta,RR X-Pro 2T 200,,2027,2027,2027,2167.0,830.0,1270.0,1270.0,UNKNOWN,UNKNOWN,UNKNOWN,1,1000ps,https://www.1000ps.com/en-gb/model/12529/beta-rr-x-pro-2t-200,MEDIUM,REVIEW
MOTO-DIM-BETA-RRXPRO2T250-0001,Beta,RR X-Pro 2T 250,,2027,2027,2027,2175.0,830.0,1270.0,1270.0,UNKNOWN,UNKNOWN,UNKNOWN,1,1000ps,https://www.1000ps.com/en-gb/model/12530/beta-rr-x-pro-2t-250,MEDIUM,REVIEW
MOTO-DIM-BETA-RRXPRO2T300-0001,Beta,RR X-Pro 2T 300,,2027,2027,2027,2175.0,830.0,1270.0,1270.0,UNKNOWN,UNKNOWN,UNKNOWN,1,1000ps,https://www.1000ps.com/en-gb/model/12531/beta-rr-x-pro-2t-300,MEDIUM,REVIEW
MOTO-DIM-BETA-RRXPRO4T350-0001,Beta,RR X-Pro 4T 350,,2027,2027,2027,2180.0,830.0,1270.0,1270.0,UNKNOWN,UNKNOWN,UNKNOWN,1,1000ps,https://www.1000ps.com/en-gb/model/12532/beta-rr-x-pro-4t-350,MEDIUM,REVIEW
MOTO-DIM-BETA-RRXPRO4T390-0001,Beta,RR X-Pro 4T 390,,2027,2027,2027,2180.0,830.0,1270.0,1270.0,UNKNOWN,UNKNOWN,UNKNOWN,1,1000ps,https://www.1000ps.com/en-gb/model/12533/beta-rr-x-pro-4t-390,MEDIUM,REVIEW
MOTO-DIM-BETA-RRXPRO4T430-0001,Beta,RR X-Pro 4T 430,,2027,2027,2027,2180.0,830.0,1270.0,1270.0,UNKNOWN,UNKNOWN,UNKNOWN,1,1000ps,https://www.1000ps.com/en-gb/model/12534/beta-rr-x-pro-4t-430,MEDIUM,REVIEW
MOTO-DIM-BETA-RRXPRO4T480-0001,Beta,RR X-Pro 4T 480,,2027,2027,2027,2180.0,830.0,1270.0,1270.0,UNKNOWN,UNKNOWN,UNKNOWN,1,1000ps,https://www.1000ps.com/en-gb/model/12535/beta-rr-x-pro-4t-480,MEDIUM,REVIEW
MOTO-DIM-BETA-RX2T300-0001,Beta,RX 2T 300,,2024,2024,2024,2185.0,815.0,1260.0,1260.0,UNKNOWN,UNKNOWN,UNKNOWN,1,1000ps,https://www.1000ps.com/en-gb/model/11963/beta-rx-300-2t,MEDIUM,REVIEW
MOTO-DIM-BETA-SUPERTRIAL-0001,Beta,SuperTrial,,2018,2018,2018,1530.0,650.0,940.0,940.0,UNKNOWN,UNKNOWN,UNKNOWN,1,1000ps,https://www.1000ps.com/en-gb/model/1805/beta-minitrial,MEDIUM,REVIEW
MOTO-DIM-BETA-RX4T450-0001,Beta,RX 4T 450,,2026,2026,2026,,830.0,1270.0,1270.0,UNKNOWN,UNKNOWN,UNKNOWN,1,1000ps,https://www.1000ps.com/en-gb/model/12248/beta-rx-450-4t,MEDIUM,REVIEW
MOTO-DIM-BETA-XTRAINER-0001,Beta,Xtrainer,,2026,2026,2026,2157.0,802.0,1245.0,1245.0,UNKNOWN,UNKNOWN,UNKNOWN,1,1000ps,https://www.1000ps.com/en-gb/model/8051/beta-xtrainer-300,LOW,REVIEW
MOTO-DIM-BETA-XTRAINER250-0001,Beta,Xtrainer 250,,2026,2026,2026,2157.0,802.0,1245.0,1245.0,UNKNOWN,UNKNOWN,UNKNOWN,1,1000ps,https://www.1000ps.com/en-gb/model/9378/beta-xtrainer-250,MEDIUM,REVIEW
MOTO-DIM-BETA-XTRAINER300-0001,Beta,Xtrainer 300,,2026,2026,2026,2157.0,802.0,1245.0,1245.0,UNKNOWN,UNKNOWN,UNKNOWN,1,1000ps,https://www.1000ps.com/en-gb/model/8051/beta-xtrainer-300,MEDIUM,REVIEW
MOTO-DIM-BETA-TECHNO125-0001,Beta,Techno 125,,2018,2018,2018,2010.0,800.0,1115.0,1115.0,UNKNOWN,UNKNOWN,UNKNOWN,1,1000ps,https://www.1000ps.com/en-gb/model/3913/beta-urban-125,MEDIUM,REVIEW
MOTO-DIM-BIMOTA-DB5R-0001,Bimota,DB5R,,2007,2007,2007,2180.0,750.0,1230.0,1230.0,UNKNOWN,UNKNOWN,STANDARD,1,motorcyclespecs,https://www.motorcyclespecs.co.za/model/bimota/bimota-db5r-07.html,LOW,REVIEW
MOTO-DIM-BIMOTA-DB5R-0002,Bimota,DB5R,,2011,2011,2011,2180.0,,,,UNKNOWN,UNKNOWN,STANDARD,1,motorcyclespecs,https://www.motorcyclespecs.co.za/model/bimota/bimota-db5r-11.html,LOW,REVIEW
MOTO-DIM-BIMOTA-DB5R-0003,Bimota,DB5R,,2015,2015,2015,2100.0,680.0,1240.0,1240.0,UNKNOWN,UNKNOWN,UNKNOWN,1,1000ps,https://www.1000ps.com/en-gb/model/3449/bimota-db-5-r,LOW,REVIEW
MOTO-DIM-BIMOTA-DB5S-0001,Bimota,DB5S,,"2009,2011",,,2045.0,750.0,1230.0,1230.0,UNKNOWN,UNKNOWN,STANDARD,3,motorcyclespecs,https://www.motorcyclespecs.co.za/model/bimota/bimota-db5s-08.html | https://www.motorcyclespecs.co.za/model/bimota/bimota-db5s-10.html | https://www.motorcyclespecs.co.za/model/bimota/bimota-db5s-11.html,LOW,REVIEW
MOTO-DIM-BIMOTA-DB6R-0001,Bimota,DB6R,,2015,2015,2015,2045.0,830.0,1110.0,1110.0,UNKNOWN,UNKNOWN,UNKNOWN,1,1000ps,https://www.1000ps.com/en-gb/model/3452/bimota-db-6-r,MEDIUM,REVIEW
MOTO-DIM-BIMOTA-DB8ITALIA-0001,Bimota,DB8 Italia,,2013,2013,2013,2100.0,,700.0,700.0,UNKNOWN,UNKNOWN,UNKNOWN,1,motorcyclespecs,https://www.motorcyclespecs.co.za/model/bimota/bimota_db8%20italia%2013.htm,LOW,REVIEW
MOTO-DIM-BIMOTA-DB8ORONERO-0001,Bimota,DB8 Oronero,,2013,2013,2013,2100.0,,700.0,700.0,UNKNOWN,UNKNOWN,UNKNOWN,1,motorcyclespecs,https://www.motorcyclespecs.co.za/model/bimota/bimota_db8%2013.htm,LOW,REVIEW
MOTO-DIM-BIMOTA-DB8ORONERO-0002,Bimota,DB8 Oronero,,2012,2012,2012,2100.0,,700.0,700.0,UNKNOWN,UNKNOWN,UNKNOWN,1,motorcyclespecs,https://www.motorcyclespecs.co.za/model/bimota/bimota_db8%2012.htm,LOW,REVIEW
MOTO-DIM-BIMOTA-DB8ORONERO-0003,Bimota,DB8 Oronero,,2010,2010,2010,2100.0,,700.0,700.0,UNKNOWN,UNKNOWN,UNKNOWN,1,motorcyclespecs,https://www.motorcyclespecs.co.za/model/bimota/bimota_db8%2010.htm,LOW,REVIEW
MOTO-DIM-BIMOTA-DB8ORONERO-0004,Bimota,DB8 Oronero,,2015,2015,2015,2040.0,730.0,1100.0,1100.0,UNKNOWN,UNKNOWN,UNKNOWN,1,1000ps,https://www.1000ps.com/en-gb/model/6561/bimota-db-8,LOW,REVIEW
MOTO-DIM-BIMOTA-DB9BRIVIDO-0001,Bimota,DB9 Brivido,,2013,2013,2013,2040.0,730.0,1105.0,1105.0,UNKNOWN,UNKNOWN,UNKNOWN,1,motorcyclespecs,https://www.motorcyclespecs.co.za/model/bimota/bimota_db9_brivido%2013.htm,MEDIUM,REVIEW
MOTO-DIM-BIMOTA-DB9BRIVIDOS-0001,Bimota,DB9 Brivido S,,2013,2013,2013,2040.0,830.0,1105.0,1105.0,UNKNOWN,UNKNOWN,UNKNOWN,1,motorcyclespecs,https://www.motorcyclespecs.co.za/model/bimota/bimota_db9_brivido%20s%2013.htm,MEDIUM,REVIEW
MOTO-DIM-BIMOTA-DBXEBMOTARD-0001,Bimota,DBX E B.Motard,,2015,2015,2015,2220.0,850.0,1200.0,1200.0,UNKNOWN,UNKNOWN,UNKNOWN,1,1000ps,https://www.1000ps.com/en-gb/model/7417/bimota-dbx,MEDIUM,REVIEW
MOTO-DIM-BIMOTA-DBXREBMOTARD-0001,Bimota,DBX RE B.Motard,,2015,2015,2015,2220.0,850.0,1200.0,1200.0,UNKNOWN,UNKNOWN,UNKNOWN,1,1000ps,https://www.1000ps.com/en-gb/model/7417/bimota-dbx,MEDIUM,REVIEW
MOTO-DIM-BUELL-1125CR-0001,Buell,1125CR,,2011,2011,2011,2050.0,744.0,,,UNKNOWN,UNKNOWN,UNKNOWN,1,1000ps,https://www.1000ps.com/en-gb/model/3942/buell-1125-cr,MEDIUM,REVIEW
MOTO-DIM-BUELL-1125R-0001,Buell,1125R,,2011,2011,2011,2040.0,716.0,,,UNKNOWN,UNKNOWN,UNKNOWN,1,1000ps,https://www.1000ps.com/en-gb/model/3106/buell-1125-r,MEDIUM,REVIEW
MOTO-DIM-BUELL-LIGHTNINGCITYXXB9SX-0001,Buell,Lightning CityX XB9SX,,2011,2011,2011,1985.0,831.0,,,UNKNOWN,UNKNOWN,UNKNOWN,1,1000ps,https://www.1000ps.com/en-gb/model/3115/buell-xb-9sx,MEDIUM,REVIEW
MOTO-DIM-BUELL-M2CYCLONE-0001,Buell,M2 Cyclone,,2013,2013,2013,1930.0,530.0,1380.0,1380.0,UNKNOWN,UNKNOWN,UNKNOWN,1,1000ps,https://www.1000ps.com/en-gb/model/74/buell-m2-cyclone,MEDIUM,REVIEW
MOTO-DIM-BUELL-XB12SCGLIGHTNING-0001,Buell,XB12Scg Lightning,,2011,2011,2011,1950.0,754.0,,,UNKNOWN,UNKNOWN,UNKNOWN,1,1000ps,https://www.1000ps.com/en-gb/model/2651/buell-lightning-xb-12-scg,MEDIUM,REVIEW
MOTO-DIM-BUELL-XB12SSLIGHTNINGLONG-0001,Buell,XB12Ss Lightning Long,,2011,2011,2011,2085.0,754.0,,,UNKNOWN,UNKNOWN,UNKNOWN,1,1000ps,https://www.1000ps.com/en-gb/model/2650/buell-lightning-long-xb-12-ss,MEDIUM,REVIEW
MOTO-DIM-BUELL-XB12XULYSSES-0001,Buell,XB12X Ulysses,,2011,2011,2011,2180.0,892.0,,,UNKNOWN,UNKNOWN,UNKNOWN,1,1000ps,https://www.1000ps.com/en-gb/model/2301/buell-ulysses-xb12x,MEDIUM,REVIEW
MOTO-DIM-BUELL-XB9RFIREBOLT-0001,Buell,XB9R Firebolt,,2011,2011,2011,1985.0,831.0,,,UNKNOWN,UNKNOWN,UNKNOWN,1,1000ps,https://www.1000ps.com/en-gb/model/3115/buell-xb-9sx,MEDIUM,REVIEW
MOTO-DIM-BUELL-XB9SLIGHTNING-0001,Buell,XB9S Lightning,,2011,2011,2011,1985.0,831.0,,,UNKNOWN,UNKNOWN,UNKNOWN,1,1000ps,https://www.1000ps.com/en-gb/model/3115/buell-xb-9sx,MEDIUM,REVIEW
MOTO-DIM-BUELL-XB9SL-0001,Buell,XB9SL,,2011,2011,2011,1985.0,831.0,,,UNKNOWN,UNKNOWN,UNKNOWN,1,1000ps,https://www.1000ps.com/en-gb/model/3115/buell-xb-9sx,MEDIUM,REVIEW
MOTO-DIM-BUELL-XB9SXLIGHTNING-0001,Buell,XB9SX Lightning,,2011,2011,2011,1985.0,831.0,,,UNKNOWN,UNKNOWN,UNKNOWN,1,1000ps,https://www.1000ps.com/en-gb/model/3115/buell-xb-9sx,MEDIUM,REVIEW
MOTO-DIM-BUELL-XB9SXLIGHTNINGCITYX-0001,Buell,XB9SX Lightning CityX,,2011,2011,2011,1985.0,831.0,,,UNKNOWN,UNKNOWN,UNKNOWN,1,1000ps,https://www.1000ps.com/en-gb/model/3115/buell-xb-9sx,MEDIUM,REVIEW
MOTO-DIM-BUELL-XB12XPULYSSESPOLICE-0001,Buell,XB12XP Ulysses Police,,2011,2011,2011,2320.0,1006.0,,,UNKNOWN,UNKNOWN,UNKNOWN,1,1000ps,https://www.1000ps.com/en-gb/model/3678/buell-ulysses-xb12xt,MEDIUM,REVIEW
MOTO-DIM-BUELL-XB12XTULYSSES-0001,Buell,XB12XT Ulysses,,2011,2011,2011,2320.0,1006.0,,,UNKNOWN,UNKNOWN,UNKNOWN,1,1000ps,https://www.1000ps.com/en-gb/model/3678/buell-ulysses-xb12xt,MEDIUM,REVIEW
MOTO-DIM-CANAM-ORIGIN-0001,Can-Am,Origin,,2025,2025,2025,2204.0,861.0,1414.0,1414.0,UNKNOWN,UNKNOWN,UNKNOWN,1,1000ps,https://www.1000ps.com/en-gb/model/12726/can-am-origin,MEDIUM,REVIEW
MOTO-DIM-CANAM-PULSE-0001,Can-Am,Pulse,,2025,2025,2025,2030.0,947.0,1171.0,1171.0,UNKNOWN,UNKNOWN,UNKNOWN,1,1000ps,https://www.1000ps.com/en-gb/model/12727/can-am-pulse,MEDIUM,REVIEW
MOTO-DIM-CANAM-PULSE73-0001,Can-Am,Pulse '73,,2025,2025,2025,2030.0,947.0,1171.0,1171.0,UNKNOWN,UNKNOWN,UNKNOWN,1,1000ps,https://www.1000ps.com/en-gb/model/12729/can-am-pulse-73,MEDIUM,REVIEW
MOTO-DIM-CFMOTO-250CLC-0001,CFMOTO,250 CL-C,,2019,2019,2019,2259.0,798.0,1366.0,1366.0,UNKNOWN,UNKNOWN,UNKNOWN,1,1000ps,https://www.1000ps.com/en-gb/model/8147/cfmoto-jetmax-250-efi,MEDIUM,REVIEW
MOTO-DIM-CFMOTO-250CLX-0001,CFMOTO,250 CL-X,,2019,2019,2019,2259.0,798.0,1366.0,1366.0,UNKNOWN,UNKNOWN,UNKNOWN,1,1000ps,https://www.1000ps.com/en-gb/model/8147/cfmoto-jetmax-250-efi,MEDIUM,REVIEW
MOTO-DIM-CFMOTO-250NKABS-0001,CFMOTO,250 NK ABS,,2019,2019,2019,2259.0,798.0,1366.0,1366.0,UNKNOWN,UNKNOWN,UNKNOWN,1,1000ps,https://www.1000ps.com/en-gb/model/8147/cfmoto-jetmax-250-efi,MEDIUM,REVIEW
MOTO-DIM-CFMOTO-250NKFUN-0001,CFMOTO,250 NK FUN,,2019,2019,2019,2259.0,798.0,1366.0,1366.0,UNKNOWN,UNKNOWN,UNKNOWN,1,1000ps,https://www.1000ps.com/en-gb/model/8147/cfmoto-jetmax-250-efi,MEDIUM,REVIEW
MOTO-DIM-CFMOTO-250NK-0001,CFMOTO,250NK,,2019,2019,2019,2259.0,798.0,1366.0,1366.0,UNKNOWN,UNKNOWN,UNKNOWN,1,1000ps,https://www.1000ps.com/en-gb/model/8147/cfmoto-jetmax-250-efi,MEDIUM,REVIEW
MOTO-DIM-CFMOTO-250NKFI-0001,CFMOTO,250NK FI,,2019,2019,2019,2259.0,798.0,1366.0,1366.0,UNKNOWN,UNKNOWN,UNKNOWN,1,1000ps,https://www.1000ps.com/en-gb/model/8147/cfmoto-jetmax-250-efi,MEDIUM,REVIEW
MOTO-DIM-CFMOTO-250NKFI+ABS-0001,CFMOTO,250NK FI + ABS,,2019,2019,2019,2259.0,798.0,1366.0,1366.0,UNKNOWN,UNKNOWN,UNKNOWN,1,1000ps,https://www.1000ps.com/en-gb/model/8147/cfmoto-jetmax-250-efi,MEDIUM,REVIEW
MOTO-DIM-CFMOTO-250SR-0001,CFMOTO,250 SR,,2020,2020,2020,2010.0,750.0,1080.0,1080.0,UNKNOWN,UNKNOWN,STANDARD,1,motorcyclespecs,https://www.motorcyclespecs.co.za/model/CF_Moto/cf-moto-250-sr-20.html,MEDIUM,REVIEW
MOTO-DIM-CFMOTO-250SRABS-0001,CFMOTO,250 SR ABS,,2020,2020,2020,2010.0,750.0,1080.0,1080.0,UNKNOWN,UNKNOWN,STANDARD,1,motorcyclespecs,https://www.motorcyclespecs.co.za/model/CF_Moto/cf-moto-250-sr-20.html,MEDIUM,REVIEW
MOTO-DIM-CFMOTO-250SRSABS-0001,CFMOTO,250 SR-S ABS,,2020,2020,2020,2010.0,750.0,1080.0,1080.0,UNKNOWN,UNKNOWN,STANDARD,1,motorcyclespecs,https://www.motorcyclespecs.co.za/model/CF_Moto/cf-moto-250-sr-20.html,MEDIUM,REVIEW
MOTO-DIM-CFMOTO-250SR-0001,CFMOTO,250SR,,2020,2020,2020,2010.0,750.0,1080.0,1080.0,UNKNOWN,UNKNOWN,STANDARD,1,motorcyclespecs,https://www.motorcyclespecs.co.za/model/CF_Moto/cf-moto-250-sr-20.html,MEDIUM,REVIEW
MOTO-DIM-CFMOTO-250SRFI-0001,CFMOTO,250SR FI,,2020,2020,2020,2010.0,750.0,1080.0,1080.0,UNKNOWN,UNKNOWN,STANDARD,1,motorcyclespecs,https://www.motorcyclespecs.co.za/model/CF_Moto/cf-moto-250-sr-20.html,MEDIUM,REVIEW
MOTO-DIM-CFMOTO-250SRFI+ABS-0001,CFMOTO,250SR FI + ABS,,2020,2020,2020,2010.0,750.0,1080.0,1080.0,UNKNOWN,UNKNOWN,STANDARD,1,motorcyclespecs,https://www.motorcyclespecs.co.za/model/CF_Moto/cf-moto-250-sr-20.html,MEDIUM,REVIEW
MOTO-DIM-CFMOTO-300NK-0001,CFMOTO,300NK,,2026,2026,2026,1990.0,780.0,1070.0,1070.0,UNKNOWN,UNKNOWN,UNKNOWN,1,1000ps,https://www.1000ps.com/en-gb/model/11778/cfmoto-300nk,MEDIUM,REVIEW
MOTO-DIM-CFMOTO-300SR-0001,CFMOTO,300SR,,2020,2020,2020,2010.0,750.0,1080.0,1080.0,HANDLEBAR_WIDTH,UNKNOWN,UNKNOWN,1,motorcyclespecs,https://www.motorcyclespecs.co.za/model/CF_Moto/cf-moto-300-sr-20.html,LOW,REVIEW
MOTO-DIM-CFMOTO-300SR-0002,CFMOTO,300SR,,2024,2024,2024,2010.0,750.0,1080.0,1080.0,UNKNOWN,UNKNOWN,UNKNOWN,1,1000ps,https://www.1000ps.com/en-gb/model/11779/cfmoto-300sr,LOW,REVIEW
MOTO-DIM-CFMOTO-300SS-0001,CFMOTO,300SS,,2020,2020,2020,2010.0,750.0,1080.0,1080.0,HANDLEBAR_WIDTH,UNKNOWN,UNKNOWN,1,motorcyclespecs,https://www.motorcyclespecs.co.za/model/CF_Moto/cf-moto-300-sr-20.html,LOW,REVIEW
MOTO-DIM-CFMOTO-300SS-0002,CFMOTO,300SS,,2024,2024,2024,2010.0,750.0,1080.0,1080.0,UNKNOWN,UNKNOWN,UNKNOWN,1,1000ps,https://www.1000ps.com/en-gb/model/11779/cfmoto-300sr,LOW,REVIEW
MOTO-DIM-CFMOTO-450SR-0001,CFMOTO,450 SR,,2023,2023,2023,1990.0,735.0,1130.0,1130.0,HANDLEBAR_WIDTH,UNKNOWN,STANDARD,1,motorcyclespecs,https://www.motorcyclespecs.co.za/model/CF_Moto/cf-moto-450sr-2023.html,LOW,REVIEW
MOTO-DIM-CFMOTO-450SR-0002,CFMOTO,450 SR,,2024,2024,2024,1990.0,735.0,1130.0,1130.0,UNKNOWN,UNKNOWN,UNKNOWN,1,1000ps,https://www.1000ps.com/en-gb/model/11290/cfmoto-450sr,LOW,REVIEW
MOTO-DIM-CFMOTO-450SR-0003,CFMOTO,450 SR,,,,,1990.0,715.0,1165.0,1165.0,UNKNOWN,UNKNOWN,UNKNOWN,1,bikedekho,https://www.bikedekho.com/cfmoto/450sr/specifications,LOW,REVIEW
MOTO-DIM-CFMOTO-450SRS-0001,CFMOTO,450 SR-S,,2024,2024,2024,1995.0,715.0,1140.0,1140.0,UNKNOWN,UNKNOWN,STANDARD,1,motorcyclespecs,https://www.motorcyclespecs.co.za/model/CF_Moto/cf-moto-450srs-2024.html,LOW,REVIEW
MOTO-DIM-CFMOTO-450CLC-0001,CFMOTO,450CL-C,,2026,2026,2026,2208.0,829.0,1130.0,1130.0,UNKNOWN,UNKNOWN,UNKNOWN,1,1000ps,https://www.1000ps.com/en-gb/model/12478/cfmoto-450cl-c,MEDIUM,REVIEW
MOTO-DIM-CFMOTO-450CLCBOBBER-0001,CFMOTO,450CL-C Bobber,,2024,2024,2024,2205.0,805.0,1110.0,1110.0,HANDLEBAR_WIDTH,UNKNOWN,STANDARD,1,motorcyclespecs,https://www.motorcyclespecs.co.za/model/CF_Moto/cf-moto-450cl-c-bobber-2024.html,LOW,REVIEW
MOTO-DIM-CFMOTO-450CLCBOBBER-0002,CFMOTO,450CL-C Bobber,,2026,2026,2026,2208.0,829.0,1130.0,1130.0,UNKNOWN,UNKNOWN,UNKNOWN,1,1000ps,https://www.1000ps.com/en-gb/model/13142/cfmoto-450cl-c-bobber,LOW,REVIEW
MOTO-DIM-CFMOTO-450MTHIGHFENDER-0001,CFMOTO,450MT High Fender,,2026,2026,2026,2210.0,870.0,1400.0,1400.0,UNKNOWN,UNKNOWN,UNKNOWN,1,1000ps,https://www.1000ps.com/en-gb/model/12466/cfmoto-450mt,MEDIUM,REVIEW
MOTO-DIM-CFMOTO-450MTLOWFENDER-0001,CFMOTO,450MT Low Fender,,2026,2026,2026,2210.0,870.0,1400.0,1400.0,UNKNOWN,UNKNOWN,UNKNOWN,1,1000ps,https://www.1000ps.com/en-gb/model/12466/cfmoto-450mt,MEDIUM,REVIEW
MOTO-DIM-CFMOTO-450NK-0001,CFMOTO,450NK,,2023,2023,2023,2000.0,810.0,1130.0,1130.0,HANDLEBAR_WIDTH,UNKNOWN,STANDARD,1,motorcyclespecs,https://www.motorcyclespecs.co.za/model/CF_Moto/cf-moto-450nkr-2023.html,LOW,REVIEW
MOTO-DIM-CFMOTO-450NK-0002,CFMOTO,450NK,,2026,2026,2026,1990.0,810.0,1130.0,1130.0,UNKNOWN,UNKNOWN,UNKNOWN,1,1000ps,https://www.1000ps.com/en-gb/model/12178/cfmoto-450nk,LOW,REVIEW
MOTO-DIM-CFMOTO-450SS-0001,CFMOTO,450SS,,,,,1993.0,713.0,1140.0,1140.0,UNKNOWN,UNKNOWN,UNKNOWN,1,bikedekho,https://www.bikedekho.com/cfmoto/450ss/specifications,MEDIUM,REVIEW
MOTO-DIM-CFMOTO-675NK-0001,CFMOTO,675NK,,2025,2025,2025,2020.0,849.0,1155.0,1155.0,UNKNOWN,UNKNOWN,STANDARD,1,motorcyclespecs,https://www.motorcyclespecs.co.za/model/CF_Moto/CF-Moto-675NK-2025.htm,LOW,REVIEW
MOTO-DIM-CFMOTO-675NK-0002,CFMOTO,675NK,,2026,2026,2026,2020.0,849.0,1155.0,1155.0,UNKNOWN,UNKNOWN,UNKNOWN,1,1000ps,https://www.1000ps.com/en-gb/model/12902/cfmoto-675nk,LOW,REVIEW
MOTO-DIM-CFMOTO-675SS-0001,CFMOTO,675SS,,2025,2025,2025,1981.0,780.0,1067.0,1067.0,UNKNOWN,UNKNOWN,UNKNOWN,1,motorcyclespecs,https://www.motorcyclespecs.co.za/model/CF_Moto/CF-Moto-675SS-2025.htm,MEDIUM,REVIEW
MOTO-DIM-CFMOTO-700CLX-0001,CFMOTO,700CL-X,,2024,2024,2024,2107.0,887.0,1200.0,1200.0,UNKNOWN,UNKNOWN,UNKNOWN,1,1000ps,https://www.1000ps.com/en-gb/model/10877/cfmoto-700cl-x,MEDIUM,REVIEW
MOTO-DIM-CFMOTO-700CLXHERITAGE-0001,CFMOTO,700CL-X Heritage,,2024,2024,2024,2106.0,862.0,1200.0,1200.0,UNKNOWN,UNKNOWN,UNKNOWN,1,1000ps,https://www.1000ps.com/en-gb/model/12343/cfmoto-700cl-x-heritage,MEDIUM,REVIEW
MOTO-DIM-CFMOTO-700CLXSPORT-0001,CFMOTO,700CL-X Sport,,2025,2025,2025,2096.0,790.0,1130.0,1130.0,UNKNOWN,UNKNOWN,STANDARD,1,motorcyclespecs,https://www.motorcyclespecs.co.za/model/CF_Moto/CF-Moto-CL-X-700-Sport-2025.htm,LOW,REVIEW
MOTO-DIM-CFMOTO-700CLXSPORT-0002,CFMOTO,700CL-X Sport,,2024,2024,2024,2096.0,790.0,1130.0,1130.0,UNKNOWN,UNKNOWN,UNKNOWN,1,1000ps,https://www.1000ps.com/en-gb/model/11781/cfmoto-700cl-x-sport,LOW,REVIEW
MOTO-DIM-CFMOTO-700MT-0001,CFMOTO,700MT,,2025,2025,2025,2245.0,932.0,1435.0,1435.0,HANDLEBAR_WIDTH,UNKNOWN,UNKNOWN,1,motorcyclespecs,https://www.motorcyclespecs.co.za/model/CF_Moto/CF-Moto-700-MT-2025.htm,LOW,REVIEW
MOTO-DIM-CFMOTO-700MT-0002,CFMOTO,700MT,,2026,2026,2026,2245.0,955.0,1440.0,1440.0,UNKNOWN,UNKNOWN,UNKNOWN,1,1000ps,https://www.1000ps.com/en-gb/model/11994/cfmoto-700mt,LOW,REVIEW
MOTO-DIM-CFMOTO-800MTEXPLORE-0001,CFMOTO,800MT Explore,,2026,2026,2026,2234.0,853.0,1475.0,1475.0,UNKNOWN,UNKNOWN,UNKNOWN,1,1000ps,https://www.1000ps.com/en-gb/model/11998/cfmoto-800mt-explore,MEDIUM,REVIEW
MOTO-DIM-CFMOTO-800MTSPORT-0001,CFMOTO,800MT Sport,,2025,2025,2025,2234.0,853.0,1277.0,1277.0,UNKNOWN,UNKNOWN,UNKNOWN,1,1000ps,https://www.1000ps.com/en-gb/model/11916/cfmoto-800mt-sport,MEDIUM,REVIEW
MOTO-DIM-CFMOTO-800MTTOURING-0001,CFMOTO,800MT Touring,,2024,2024,2024,2234.0,853.0,1277.0,1277.0,UNKNOWN,UNKNOWN,STANDARD,1,1000ps,https://www.1000ps.com/en-gb/model/11917/cfmoto-800mt-touring,MEDIUM,REVIEW
MOTO-DIM-CFMOTO-800MTX-0001,CFMOTO,800MT-X,,2026,2026,2026,2288.0,945.0,1426.0,1426.0,UNKNOWN,UNKNOWN,STANDARD,1,1000ps,https://www.1000ps.com/en-gb/model/12903/cfmoto-800mt-x,MEDIUM,REVIEW
MOTO-DIM-CFMOTO-800NKTC-0001,CFMOTO,800NK TC,,2026,2026,2026,2146.0,818.0,1137.0,1137.0,UNKNOWN,UNKNOWN,UNKNOWN,1,1000ps,https://www.1000ps.com/en-gb/model/11975/cfmoto-800nk-advanced,MEDIUM,REVIEW
MOTO-DIM-CFMOTO-CFX2E-0001,CFMOTO,CFX-2E,,2024,2024,2024,1330.0,610.0,789.0,789.0,UNKNOWN,UNKNOWN,UNKNOWN,1,1000ps,https://www.1000ps.com/en-gb/model/12542/cfmoto-cx-2e,MEDIUM,REVIEW
MOTO-DIM-CFMOTO-CX2E-0001,CFMOTO,CX-2E,,2024,2024,2024,1330.0,610.0,789.0,789.0,UNKNOWN,UNKNOWN,UNKNOWN,1,1000ps,https://www.1000ps.com/en-gb/model/12542/cfmoto-cx-2e,MEDIUM,REVIEW
MOTO-DIM-CFMOTO-IBEX450-0001,CFMOTO,Ibex 450,,2023,2023,2023,2000.0,810.0,1130.0,1130.0,HANDLEBAR_WIDTH,UNKNOWN,STANDARD,1,motorcyclespecs,https://www.motorcyclespecs.co.za/model/CF_Moto/cf-moto-450nkr-2023.html,LOW,REVIEW
MOTO-DIM-CFMOTO-IBEX450-0002,CFMOTO,Ibex 450,,2026,2026,2026,1990.0,810.0,1130.0,1130.0,UNKNOWN,UNKNOWN,UNKNOWN,1,1000ps,https://www.1000ps.com/en-gb/model/12178/cfmoto-450nk,LOW,REVIEW
MOTO-DIM-CFMOTO-CFX5E-0001,CFMOTO,CFX-5E,,2024,2024,2024,1555.0,665.0,958.0,958.0,UNKNOWN,UNKNOWN,UNKNOWN,1,1000ps,https://www.1000ps.com/en-gb/model/12543/cfmoto-cx-5e,MEDIUM,REVIEW
MOTO-DIM-CFMOTO-CX5E-0001,CFMOTO,CX-5E,,2024,2024,2024,1555.0,665.0,958.0,958.0,UNKNOWN,UNKNOWN,UNKNOWN,1,1000ps,https://www.1000ps.com/en-gb/model/12543/cfmoto-cx-5e,MEDIUM,REVIEW
MOTO-DIM-CFMOTO-PAPIO-0001,CFMOTO,Papio,,2019,2019,2019,1724.0,750.0,995.0,995.0,UNKNOWN,UNKNOWN,UNKNOWN,1,1000ps,https://www.1000ps.com/en-gb/model/8907/cfmoto-papio-125,MEDIUM,REVIEW
MOTO-DIM-DUCATI-1000-0001,Ducati,1000,,2006,2006,2006,2179.0,,1036.0,1036.0,UNKNOWN,UNKNOWN,STANDARD,1,motorcyclespecs,https://www.motorcyclespecs.co.za/model/ducati/ducati_paul_smart_1000ie%2006.htm,MEDIUM,REVIEW
MOTO-DIM-DUCATI-1000DS-0001,Ducati,1000DS,,2006,2006,2006,2030.0,780.0,1110.0,1110.0,UNKNOWN,UNKNOWN,STANDARD,1,motorcyclespecs,https://www.motorcyclespecs.co.za/model/ducati/ducati_1000_ss%2006.htm,MEDIUM,REVIEW
MOTO-DIM-DUCATI-1098-0001,Ducati,1098,,2008,2008,2008,2100.0,,1100.0,1100.0,UNKNOWN,UNKNOWN,STANDARD,1,motorcyclespecs,https://www.motorcyclespecs.co.za/model/ducati/ducati_1098%2008.htm,LOW,REVIEW
MOTO-DIM-DUCATI-1098-0002,Ducati,1098,,2007,2007,2007,2100.0,,1100.0,1100.0,UNKNOWN,UNKNOWN,STANDARD,1,motorcyclespecs,https://www.motorcyclespecs.co.za/model/ducati/ducati_1098%2007.htm,LOW,REVIEW
MOTO-DIM-DUCATI-1098R-0001,Ducati,1098 R,,2009,2009,2009,2100.0,,1100.0,1100.0,UNKNOWN,UNKNOWN,STANDARD,1,motorcyclespecs,https://www.motorcyclespecs.co.za/model/ducati/ducati_1098r%2009.htm,LOW,REVIEW
MOTO-DIM-DUCATI-1098R-0002,Ducati,1098 R,,2008,2008,2008,2100.0,,1100.0,1100.0,UNKNOWN,UNKNOWN,STANDARD,1,motorcyclespecs,https://www.motorcyclespecs.co.za/model/ducati/ducati_1098r%2008.htm,LOW,REVIEW
MOTO-DIM-DUCATI-1098RBAYLISSLE-0001,Ducati,1098 R Bayliss LE,,2009,2009,2009,2100.0,,1100.0,1100.0,UNKNOWN,UNKNOWN,STANDARD,1,motorcyclespecs,https://www.motorcyclespecs.co.za/model/ducati/ducati_1098r%2009.htm,LOW,REVIEW
MOTO-DIM-DUCATI-1098RBAYLISSLE-0002,Ducati,1098 R Bayliss LE,,2008,2008,2008,2100.0,,1100.0,1100.0,UNKNOWN,UNKNOWN,STANDARD,1,motorcyclespecs,https://www.motorcyclespecs.co.za/model/ducati/ducati_1098r%2008.htm,LOW,REVIEW
MOTO-DIM-DUCATI-1098S-0001,Ducati,1098 S,,2008,2008,2008,2100.0,,1100.0,1100.0,UNKNOWN,UNKNOWN,STANDARD,1,motorcyclespecs,https://www.motorcyclespecs.co.za/model/ducati/ducati_1098s%2008.htm,LOW,REVIEW
MOTO-DIM-DUCATI-1098S-0002,Ducati,1098 S,,2007,2007,2007,2100.0,,1100.0,1100.0,UNKNOWN,UNKNOWN,STANDARD,1,motorcyclespecs,https://www.motorcyclespecs.co.za/model/ducati/ducati_1098s%2007.htm,LOW,REVIEW
MOTO-DIM-DUCATI-1098S-0003,Ducati,1098 S,,2011,2011,2011,2100.0,,1100.0,1100.0,UNKNOWN,UNKNOWN,UNKNOWN,1,1000ps,https://www.1000ps.com/en-gb/model/2698/ducati-1098-s,LOW,REVIEW
MOTO-DIM-DUCATI-1198-0001,Ducati,1198,,2011,2011,2011,2100.0,,1100.0,1100.0,UNKNOWN,UNKNOWN,UNKNOWN,1,1000ps,https://www.1000ps.com/en-gb/model/3953/ducati-1198,MEDIUM,REVIEW
MOTO-DIM-DUCATI-1198S-0001,Ducati,1198 S,,2010,2010,2010,2100.0,,1100.0,1100.0,UNKNOWN,UNKNOWN,UNKNOWN,1,1000ps,https://www.1000ps.com/en-gb/model/3954/ducati-1198-s,MEDIUM,REVIEW
MOTO-DIM-DUCATI-1198SP-0001,Ducati,1198 SP,,2011,2011,2011,2100.0,,1100.0,1100.0,UNKNOWN,UNKNOWN,STANDARD,1,motorcyclespecs,https://www.motorcyclespecs.co.za/model/ducati/ducati_1198sp%2011.htm,MEDIUM,REVIEW
MOTO-DIM-DUCATI-1199PANIGALE-0001,Ducati,1199 Panigale,,2014,2014,2014,2075.0,,1100.0,1100.0,UNKNOWN,UNKNOWN,UNKNOWN,1,1000ps,https://www.1000ps.com/en-gb/model/6875/ducati-1199-panigale,MEDIUM,REVIEW
MOTO-DIM-DUCATI-1199PANIGALE-0002,Ducati,1199 Panigale,,2013,2013,2013,2075.0,,1100.0,1100.0,UNKNOWN,UNKNOWN,STANDARD,1,motorcyclespecs,https://www.motorcyclespecs.co.za/model/ducati/ducati_1199_panigale%2013.htm,MEDIUM,REVIEW
MOTO-DIM-DUCATI-1199PANIGALE-0003,Ducati,1199 Panigale,,2012,2012,2012,2075.0,,1100.0,1100.0,UNKNOWN,UNKNOWN,STANDARD,1,motorcyclespecs,https://www.motorcyclespecs.co.za/model/ducati/ducati_1199_panigale%2012.htm,MEDIUM,REVIEW
MOTO-DIM-DUCATI-1199PANIGALER-0001,Ducati,1199 Panigale R,,2014,2014,2014,2075.0,,1100.0,1100.0,UNKNOWN,UNKNOWN,UNKNOWN,1,1000ps,https://www.1000ps.com/en-gb/model/7344/ducati-1199-panigale-r,MEDIUM,REVIEW
MOTO-DIM-DUCATI-1199PANIGALER-0002,Ducati,1199 Panigale R,,2013,2013,2013,2075.0,,1100.0,1100.0,UNKNOWN,UNKNOWN,STANDARD,1,motorcyclespecs,https://www.motorcyclespecs.co.za/model/ducati/ducati_1199_panigale%20r%2013.htm,MEDIUM,REVIEW
MOTO-DIM-DUCATI-1199PANIGALES-0001,Ducati,1199 Panigale S,,2014,2014,2014,2075.0,810.0,1110.0,1110.0,UNKNOWN,UNKNOWN,STANDARD,1,bikez,https://bikez.com/motorcycles/ducati_1199_panigale_s_2014.php,MEDIUM,REVIEW
MOTO-DIM-DUCATI-1199PANIGALESTRICOLORE-0001,Ducati,1199 Panigale S Tricolore,,2013,2013,2013,2075.0,,1100.0,1100.0,UNKNOWN,UNKNOWN,STANDARD,1,motorcyclespecs,https://www.motorcyclespecs.co.za/model/ducati/ducati_1199_panigale%20tricolor%2013.htm,MEDIUM,REVIEW
MOTO-DIM-DUCATI-1199PANIGALESTRICOLORE-0002,Ducati,1199 Panigale S Tricolore,,2012,2012,2012,2075.0,,1100.0,1100.0,UNKNOWN,UNKNOWN,STANDARD,1,motorcyclespecs,https://www.motorcyclespecs.co.za/model/ducati/ducati_1199_panigale%20tricolor%2012.htm,MEDIUM,REVIEW
MOTO-DIM-DUCATI-1299PANIGALE-0001,Ducati,1299 Panigale,,2017,2017,2017,2070.0,745.0,1105.0,1105.0,UNKNOWN,UNKNOWN,STANDARD,1,bikez,https://bikez.com/motorcycles/ducati_1299_panigale_2017.php,MEDIUM,REVIEW
MOTO-DIM-DUCATI-1299PANIGALERFINALEDITION-0001,Ducati,1299 Panigale R Final Edition,,2020,2020,2020,2070.0,745.0,1105.0,1105.0,UNKNOWN,UNKNOWN,STANDARD,1,bikez,https://bikez.com/motorcycles/ducati_1299_panigale_r_final_edition_2020.php,MEDIUM,REVIEW
MOTO-DIM-DUCATI-1299PANIGALES-0001,Ducati,1299 Panigale S,,2016,2016,2016,2060.0,,1130.0,1130.0,UNKNOWN,UNKNOWN,UNKNOWN,1,1000ps,https://www.1000ps.com/en-gb/model/7985/ducati-1299-panigale-s,MEDIUM,REVIEW
MOTO-DIM-DUCATI-1299PANIGALES-0002,Ducati,1299 Panigale S,,2017,2017,2017,2070.0,745.0,1105.0,1105.0,HANDLEBAR_WIDTH,UNKNOWN,STANDARD,1,bikez,https://bikez.com/motorcycles/ducati_1299_panigale_s_2017.php,MEDIUM,REVIEW
MOTO-DIM-DUCATI-1299PANIGALESANNIVERSARIO-0001,Ducati,1299 Panigale S Anniversario,,2017,2017,2017,2070.0,745.0,1105.0,1105.0,UNKNOWN,UNKNOWN,STANDARD,1,bikez,https://bikez.com/motorcycles/ducati_1299_panigale_s_anniversario_2017.php,MEDIUM,REVIEW
MOTO-DIM-DUCATI-1299SUPERLEGGERA-0001,Ducati,1299 Superleggera,,2017,2017,2017,2065.0,,1130.0,1130.0,UNKNOWN,UNKNOWN,STANDARD,1,motorcyclespecs,https://www.motorcyclespecs.co.za/model/ducati/ducati_1299_superleggera_17_01.htm,MEDIUM,REVIEW
MOTO-DIM-DUCATI-400-0001,Ducati,400,,2092,2092,2092,2020.0,730.0,1110.0,1110.0,UNKNOWN,UNKNOWN,UNKNOWN,1,motorcyclespecs,https://www.motorcyclespecs.co.za/model/ducati/ducati_400ss%2092.htm,MEDIUM,REVIEW
MOTO-DIM-DUCATI-620SPORT-0001,Ducati,620 Sport,,2001,2001,2001,2030.0,780.0,1110.0,1110.0,UNKNOWN,UNKNOWN,UNKNOWN,1,motorcyclespecs,https://www.motorcyclespecs.co.za/model/ducati/ducati_620_sport%2001.htm,MEDIUM,REVIEW
MOTO-DIM-DUCATI-748-0001,Ducati,748,,"1999,2095,2097",,,2050.0,685.0,1090.0,1090.0,HANDLEBAR_WIDTH,UNKNOWN,UNKNOWN,3,motorcyclespecs,https://www.motorcyclespecs.co.za/model/ducati/ducati_748%20bip%2097.htm | https://www.motorcyclespecs.co.za/model/ducati/ducati_748%20bip%2095.htm | https://www.motorcyclespecs.co.za/model/ducati/ducati_748_99.html,LOW,REVIEW
MOTO-DIM-DUCATI-748-0002,Ducati,748,,2003,2003,2003,2030.0,,1080.0,1080.0,UNKNOWN,UNKNOWN,STANDARD,1,bikez,https://bikez.com/motorcycles/ducati_748_2003.php,LOW,REVIEW
MOTO-DIM-DUCATI-748-0003,Ducati,748,,2002,2002,2002,2030.0,,1080.0,1080.0,UNKNOWN,UNKNOWN,STANDARD,1,bikez,https://bikez.com/motorcycles/ducati_748_2002.php,LOW,REVIEW
MOTO-DIM-DUCATI-748SP-0001,Ducati,748 SP,,2095,2095,2095,2050.0,685.0,1090.0,1090.0,HANDLEBAR_WIDTH,WINDSCREEN_LOW,STANDARD,1,motorcyclespecs,https://www.motorcyclespecs.co.za/model/ducati/ducati_748sp%2095.htm,LOW,REVIEW
MOTO-DIM-DUCATI-748SPS-0001,Ducati,748 SPS,,"2000,2098",,,2050.0,685.0,1090.0,1090.0,HANDLEBAR_WIDTH,UNKNOWN,UNKNOWN,2,motorcyclespecs,https://www.motorcyclespecs.co.za/model/ducati/ducati_748sps%2098.htm | https://www.motorcyclespecs.co.za/model/ducati/ducati_748sps%2000.htm,LOW,REVIEW
MOTO-DIM-DUCATI-748R-0001,Ducati,748R,,"2001,2002",2001,2002,2050.0,685.0,1090.0,1090.0,HANDLEBAR_WIDTH,UNKNOWN,STANDARD,2,motorcyclespecs,https://www.motorcyclespecs.co.za/model/ducati/ducati_748r%2002.htm | https://www.motorcyclespecs.co.za/model/ducati/ducati_748r.htm,LOW,REVIEW
MOTO-DIM-DUCATI-748RBIPOSTO-0001,Ducati,748R Biposto,,"2001,2002",2001,2002,2050.0,685.0,1090.0,1090.0,HANDLEBAR_WIDTH,UNKNOWN,STANDARD,2,motorcyclespecs,https://www.motorcyclespecs.co.za/model/ducati/ducati_748r%2002.htm | https://www.motorcyclespecs.co.za/model/ducati/ducati_748r.htm,LOW,REVIEW
MOTO-DIM-DUCATI-749-0001,Ducati,749,,2006,2006,2006,2095.0,730.0,1090.0,1090.0,HANDLEBAR_WIDTH,UNKNOWN,UNKNOWN,1,motorcyclespecs,https://www.motorcyclespecs.co.za/model/ducati/ducati_749%2006.htm,LOW,REVIEW
MOTO-DIM-DUCATI-749-0002,Ducati,749,,2005,2005,2005,2095.0,730.0,1090.0,1090.0,UNKNOWN,UNKNOWN,UNKNOWN,1,motorcyclespecs,https://www.motorcyclespecs.co.za/model/ducati/ducati_749%2005.htm,LOW,REVIEW
MOTO-DIM-DUCATI-749-0003,Ducati,749,,2003,2003,2003,2095.0,730.0,1090.0,1090.0,UNKNOWN,UNKNOWN,STANDARD,1,motorcyclespecs,https://www.motorcyclespecs.co.za/model/ducati/ducati_749%2003.htm,LOW,REVIEW
MOTO-DIM-DUCATI-749DARK-0001,Ducati,749 Dark,,2006,2006,2006,2095.0,730.0,1090.0,1090.0,HANDLEBAR_WIDTH,UNKNOWN,UNKNOWN,1,motorcyclespecs,https://www.motorcyclespecs.co.za/model/ducati/ducati_749%20dark%2006.htm,LOW,REVIEW
MOTO-DIM-DUCATI-749DARK-0002,Ducati,749 Dark,,"2004,2005",2004,2005,2095.0,730.0,1090.0,1090.0,UNKNOWN,UNKNOWN,UNKNOWN,2,motorcyclespecs,https://www.motorcyclespecs.co.za/model/ducati/ducati_749%20dark%2005.htm | https://www.motorcyclespecs.co.za/model/ducati/ducati_749_dark%2004.htm,LOW,REVIEW
MOTO-DIM-DUCATI-749R-0001,Ducati,749R,,2004,2004,2004,2095.0,730.0,1110.0,1110.0,WITH_MIRRORS,WITH_MIRRORS,STANDARD,1,motorcyclespecs,https://www.motorcyclespecs.co.za/model/ducati/ducati_749r%2004.htm,LOW,REVIEW
MOTO-DIM-DUCATI-749R-0002,Ducati,749R,,2006,2006,2006,2095.0,,,,UNKNOWN,UNKNOWN,STANDARD,1,bikez,https://bikez.com/motorcycles/ducati_749_r_2006.php,LOW,REVIEW
MOTO-DIM-DUCATI-749S-0001,Ducati,749S,,"2003,2005,2006",,,2095.0,730.0,1090.0,1090.0,UNKNOWN,UNKNOWN,STANDARD,3,motorcyclespecs,https://www.motorcyclespecs.co.za/model/ducati/ducati_749s%2006.htm | https://www.motorcyclespecs.co.za/model/ducati/ducati_749s%2005.htm | https://www.motorcyclespecs.co.za/model/ducati/ducati_749s%2003.htm,LOW,REVIEW
MOTO-DIM-DUCATI-750F1LAGUNASECA-0001,Ducati,750 F1 Laguna Seca,,2088,2088,2088,2110.0,690.0,1130.0,1130.0,HANDLEBAR_WIDTH,UNKNOWN,UNKNOWN,1,motorcyclespecs,https://www.motorcyclespecs.co.za/model/ducati/ducati_750f1_laguna_seca%2088.htm,MEDIUM,REVIEW
MOTO-DIM-DUCATI-750PASO-0001,Ducati,750 Paso,,"1988,2086",,,2032.0,655.0,1150.0,1150.0,HANDLEBAR_WIDTH,UNKNOWN,STANDARD,2,motorcyclespecs,https://www.motorcyclespecs.co.za/model/ducati/ducati_750_paso%2086.htm | https://www.motorcyclespecs.co.za/model/ducati/ducati_750_paso_88.html,LOW,REVIEW
MOTO-DIM-DUCATI-750SPORT-0001,Ducati,750 Sport,,2089,2089,2089,2000.0,670.0,1160.0,1160.0,UNKNOWN,UNKNOWN,UNKNOWN,1,motorcyclespecs,https://www.motorcyclespecs.co.za/model/ducati/ducati_750sport%2089.htm,LOW,REVIEW
MOTO-DIM-DUCATI-750SPORT-0002,Ducati,750 Sport,,"1972,2072",,,2200.0,710.0,1070.0,1070.0,HANDLEBAR_WIDTH,UNKNOWN,UNKNOWN,2,motorcyclespecs,https://www.motorcyclespecs.co.za/model/ducati/ducati_750sport%2072.htm | https://www.motorcyclespecs.co.za/model/ducati/ducati_750sport_73.html,LOW,REVIEW
MOTO-DIM-DUCATI-750SPORT-0003,Ducati,750 Sport,,2002,2002,2002,2020.0,,1100.0,1100.0,UNKNOWN,UNKNOWN,STANDARD,1,bikez,https://bikez.com/motorcycles/ducati_750_sport_2002.php,LOW,REVIEW
MOTO-DIM-DUCATI-800-0001,Ducati,800,,2004,2004,2004,2030.0,,1110.0,1110.0,UNKNOWN,UNKNOWN,STANDARD,1,bikez,https://bikez.com/motorcycles/ducati_supersport_800_2004.php,MEDIUM,REVIEW
MOTO-DIM-DUCATI-800-0002,Ducati,800,,2003,2003,2003,2030.0,,1110.0,1110.0,UNKNOWN,UNKNOWN,STANDARD,1,bikez,https://bikez.com/motorcycles/ducati_supersport_800_2003.php,MEDIUM,REVIEW
MOTO-DIM-DUCATI-800SPORT-0001,Ducati,800 Sport,,2003,2003,2003,2030.0,780.0,1110.0,1110.0,UNKNOWN,UNKNOWN,STANDARD,1,motorcyclespecs,https://www.motorcyclespecs.co.za/model/ducati/ducati_800_sport%2003.htm,LOW,REVIEW
MOTO-DIM-DUCATI-848-0001,Ducati,848,,2009,2009,2009,2095.0,,1090.0,1090.0,UNKNOWN,UNKNOWN,STANDARD,1,motorcyclespecs,https://www.motorcyclespecs.co.za/model/ducati/ducati_849%2009.htm,LOW,REVIEW
MOTO-DIM-DUCATI-848-0002,Ducati,848,,2008,2008,2008,2095.0,,1090.0,1090.0,UNKNOWN,UNKNOWN,STANDARD,1,motorcyclespecs,https://www.motorcyclespecs.co.za/model/ducati/ducati_849%2008.htm,LOW,REVIEW
MOTO-DIM-DUCATI-848-0003,Ducati,848,,2011,2011,2011,2100.0,,1100.0,1100.0,UNKNOWN,UNKNOWN,UNKNOWN,1,1000ps,https://www.1000ps.com/en-gb/model/3281/ducati-848,LOW,REVIEW
MOTO-DIM-DUCATI-851STRADA-0001,Ducati,851 Strada,,"1991,2092",,,2000.0,670.0,1120.0,1120.0,UNKNOWN,UNKNOWN,STANDARD,2,motorcyclespecs,https://www.motorcyclespecs.co.za/model/ducati/ducati_851strada%2092.htm | https://www.motorcyclespecs.co.za/model/ducati/ducati_851_strada_91.html,LOW,REVIEW
MOTO-DIM-DUCATI-851STRADA-0002,Ducati,851 Strada,,2088,2088,2088,2050.0,700.0,1130.0,1130.0,UNKNOWN,UNKNOWN,STANDARD,1,motorcyclespecs,https://www.motorcyclespecs.co.za/model/ducati/ducati_851strada%2088%201.htm,LOW,REVIEW
MOTO-DIM-DUCATI-888SPO-0001,Ducati,888 SPO,,1992,1992,1992,2000.0,670.0,1120.0,1120.0,UNKNOWN,UNKNOWN,UNKNOWN,1,motorcyclespecs,https://www.motorcyclespecs.co.za/model/ducati/ducati_888sps.htm,MEDIUM,REVIEW
MOTO-DIM-DUCATI-888STRADA-0001,Ducati,888 Strada,,2093,2093,2093,2000.0,670.0,1120.0,1120.0,UNKNOWN,UNKNOWN,UNKNOWN,1,motorcyclespecs,https://www.motorcyclespecs.co.za/model/ducati/ducati_888strada%2093.htm,LOW,REVIEW
MOTO-DIM-DUCATI-899PANIGALE-0001,Ducati,899 Panigale,,2015,2015,2015,2075.0,,1100.0,1100.0,UNKNOWN,UNKNOWN,UNKNOWN,1,1000ps,https://www.1000ps.com/en-gb/model/7527/ducati-899-panigale,MEDIUM,REVIEW
MOTO-DIM-DUCATI-899PANIGALE-0002,Ducati,899 Panigale,,2014,2014,2014,2075.0,,1100.0,1100.0,UNKNOWN,UNKNOWN,UNKNOWN,1,motorcyclespecs,https://www.motorcyclespecs.co.za/model/ducati/ducati_899%20Panigale%2014.htm,MEDIUM,REVIEW
MOTO-DIM-DUCATI-900-0001,Ducati,900,,,,,2200.0,900.0,1170.0,1170.0,HANDLEBAR_WIDTH,UNKNOWN,UNKNOWN,1,motorcyclespecs,https://www.motorcyclespecs.co.za/model/ducati/ducati_900gts.htm,MEDIUM,REVIEW
MOTO-DIM-DUCATI-900SPORT-0001,Ducati,900 Sport,,2002,2002,2002,2030.0,,1100.0,1100.0,UNKNOWN,UNKNOWN,STANDARD,1,bikez,https://bikez.com/motorcycles/ducati_900_sport_2002.php,MEDIUM,REVIEW
MOTO-DIM-DUCATI-906PASO-0001,Ducati,906 Paso,,1988,1988,1988,2032.0,665.0,1150.0,1150.0,UNKNOWN,UNKNOWN,UNKNOWN,1,motorcyclespecs,https://www.motorcyclespecs.co.za/model/ducati/ducati_906_paso_88.html,LOW,REVIEW
MOTO-DIM-DUCATI-906PASO-0002,Ducati,906 Paso,,1989,1989,1989,2032.0,665.0,1150.0,1150.0,UNKNOWN,WINDSCREEN_LOW,UNKNOWN,1,motorcyclespecs,https://www.motorcyclespecs.co.za/model/ducati/ducati_906_paso_89.html,LOW,REVIEW
MOTO-DIM-DUCATI-916MONOPOSTO-0001,Ducati,916 Monoposto,,,,,2050.0,685.0,1090.0,1090.0,UNKNOWN,UNKNOWN,UNKNOWN,1,motorcyclespecs,https://www.motorcyclespecs.co.za/model/ducati/ducati_916_biposta.htm,MEDIUM,REVIEW
MOTO-DIM-DUCATI-916SENNA-0001,Ducati,916 Senna,,1995,1995,1995,2050.0,685.0,1090.0,1090.0,UNKNOWN,UNKNOWN,UNKNOWN,1,motorcyclespecs,https://www.motorcyclespecs.co.za/model/ducati/ducati_916_senna.htm,LOW,REVIEW
MOTO-DIM-DUCATI-959PANIGALE-0001,Ducati,959 Panigale,,2019,2019,2019,2056.0,,1115.0,1115.0,UNKNOWN,UNKNOWN,UNKNOWN,1,1000ps,https://www.1000ps.com/en-gb/model/8435/ducati-959-panigale,MEDIUM,REVIEW
MOTO-DIM-DUCATI-959PANIGALE-0002,Ducati,959 Panigale,,2018,2018,2018,2070.0,745.0,1105.0,1105.0,UNKNOWN,UNKNOWN,STANDARD,1,bikez,https://bikez.com/motorcycles/ducati_959_panigale_2018.php,MEDIUM,REVIEW
MOTO-DIM-DUCATI-959PANIGALECORSE-0001,Ducati,959 Panigale Corse,,2019,2019,2019,2070.0,745.0,1105.0,1105.0,UNKNOWN,UNKNOWN,STANDARD,1,bikez,https://bikez.com/motorcycles/ducati_panigale_959_corse_2019.php,MEDIUM,REVIEW
MOTO-DIM-DUCATI-996-0001,Ducati,996,,2001,2001,2001,2095.0,690.0,1090.0,1090.0,UNKNOWN,UNKNOWN,STANDARD,1,motorcyclespecs,https://www.motorcyclespecs.co.za/model/ducati/ducati_996%2001.htm,LOW,REVIEW
MOTO-DIM-DUCATI-996MONOPOSTO-0001,Ducati,996 Monoposto,,1999,1999,1999,2095.0,690.0,1090.0,1090.0,UNKNOWN,UNKNOWN,UNKNOWN,1,motorcyclespecs,https://www.motorcyclespecs.co.za/model/ducati/ducati_996_monoposto.htm,MEDIUM,REVIEW
MOTO-DIM-DUCATI-996SPS-0001,Ducati,996 SPS,,"1999,2000",1999,2000,2095.0,690.0,1090.0,1090.0,UNKNOWN,UNKNOWN,STANDARD,2,motorcyclespecs,https://www.motorcyclespecs.co.za/model/ducati/ducati_996sps_99.htm | https://www.motorcyclespecs.co.za/model/ducati/ducati_996sps_pista.htm,LOW,REVIEW
MOTO-DIM-DUCATI-996SPSFOGARTY-0001,Ducati,996 SPS Fogarty,,"1999,2000",1999,2000,2095.0,690.0,1090.0,1090.0,UNKNOWN,UNKNOWN,STANDARD,2,motorcyclespecs,https://www.motorcyclespecs.co.za/model/ducati/ducati_996sps_99.htm | https://www.motorcyclespecs.co.za/model/ducati/ducati_996sps_pista.htm,LOW,REVIEW
MOTO-DIM-DUCATI-996R-0001,Ducati,996R,,2001,2001,2001,2030.0,780.0,1080.0,1080.0,UNKNOWN,UNKNOWN,STANDARD,1,motorcyclespecs,https://www.motorcyclespecs.co.za/model/ducati/ducati_996r.htm,LOW,REVIEW
MOTO-DIM-DUCATI-996S-0001,Ducati,996S,,2001,2001,2001,2095.0,690.0,1090.0,1090.0,UNKNOWN,UNKNOWN,UNKNOWN,1,motorcyclespecs,https://www.motorcyclespecs.co.za/model/ducati/ducati_996s.htm,LOW,REVIEW
MOTO-DIM-DUCATI-996SMONOPOSTO-0001,Ducati,996S Monoposto,,2001,2001,2001,2095.0,690.0,1090.0,1090.0,UNKNOWN,UNKNOWN,UNKNOWN,1,motorcyclespecs,https://www.motorcyclespecs.co.za/model/ducati/ducati_996s.htm,LOW,REVIEW
MOTO-DIM-DUCATI-998BIPOSTO-0001,Ducati,998 Biposto,,2002,2002,2002,2030.0,780.0,1080.0,1080.0,HANDLEBAR_WIDTH,UNKNOWN,STANDARD,1,motorcyclespecs,https://www.motorcyclespecs.co.za/model/ducati/ducati_998_s%2002.htm,LOW,REVIEW
MOTO-DIM-DUCATI-998FEDITIONBIPOSTO-0001,Ducati,998 F Edition Biposto,,2002,2002,2002,2030.0,780.0,1080.0,1080.0,HANDLEBAR_WIDTH,UNKNOWN,STANDARD,1,motorcyclespecs,https://www.motorcyclespecs.co.za/model/ducati/ducati_998_s%2002.htm,LOW,REVIEW
MOTO-DIM-DUCATI-998FEDITIONMONOPOSTO-0001,Ducati,998 F Edition Monoposto,,2004,2004,2004,2030.0,780.0,1080.0,1080.0,UNKNOWN,UNKNOWN,UNKNOWN,1,motorcyclespecs,https://www.motorcyclespecs.co.za/model/ducati/ducati_998s_f_e%2004.htm,MEDIUM,REVIEW
MOTO-DIM-DUCATI-998MONOPOSTO-0001,Ducati,998 Monoposto,,2002,2002,2002,2030.0,780.0,1080.0,1080.0,HANDLEBAR_WIDTH,UNKNOWN,STANDARD,1,motorcyclespecs,https://www.motorcyclespecs.co.za/model/ducati/ducati_998_s%2002.htm,LOW,REVIEW
MOTO-DIM-DUCATI-998MATRIX-0001,Ducati,998 Matrix,,2003,2003,2003,2030.0,780.0,1080.0,1080.0,UNKNOWN,UNKNOWN,UNKNOWN,1,motorcyclespecs,https://www.motorcyclespecs.co.za/model/ducati/ducati_998_matrix.htm,MEDIUM,REVIEW
MOTO-DIM-DUCATI-998S-0001,Ducati,998S,,2002,2002,2002,2030.0,780.0,1080.0,1080.0,HANDLEBAR_WIDTH,UNKNOWN,STANDARD,1,motorcyclespecs,https://www.motorcyclespecs.co.za/model/ducati/ducati_998_s%2002.htm,LOW,REVIEW
MOTO-DIM-DUCATI-998R-0001,Ducati,998R,,2002,2002,2002,2030.0,780.0,1080.0,1080.0,UNKNOWN,UNKNOWN,UNKNOWN,1,motorcyclespecs,https://www.motorcyclespecs.co.za/model/ducati/ducati_998_r%2002.htm,LOW,REVIEW
MOTO-DIM-DUCATI-998SBAYLISS-0001,Ducati,998S Bayliss,,2002,2002,2002,2030.0,780.0,1080.0,1080.0,HANDLEBAR_WIDTH,UNKNOWN,STANDARD,1,motorcyclespecs,https://www.motorcyclespecs.co.za/model/ducati/ducati_998s_baylies.htm,MEDIUM,REVIEW
MOTO-DIM-DUCATI-998SMONOPOSTO-0001,Ducati,998S Monoposto,,2002,2002,2002,2030.0,780.0,1080.0,1080.0,HANDLEBAR_WIDTH,UNKNOWN,STANDARD,1,motorcyclespecs,https://www.motorcyclespecs.co.za/model/ducati/ducati_998_s%2002.htm,LOW,REVIEW
MOTO-DIM-DUCATI-998SBOSTROM-0001,Ducati,998S Bostrom,,2002,2002,2002,2030.0,780.0,1080.0,1080.0,UNKNOWN,UNKNOWN,UNKNOWN,1,motorcyclespecs,https://www.motorcyclespecs.co.za/model/ducati/ducati_998s_bostrom.htm,MEDIUM,REVIEW
MOTO-DIM-DUCATI-999-0001,Ducati,999,,"2003,2005,2006",,,2095.0,730.0,1090.0,1090.0,HANDLEBAR_WIDTH,UNKNOWN,STANDARD,3,motorcyclespecs,https://www.motorcyclespecs.co.za/model/ducati/ducati_999%2006.htm | https://www.motorcyclespecs.co.za/model/ducati/ducati_999%2005.htm | https://www.motorcyclespecs.co.za/model/ducati/ducati_999.htm,LOW,REVIEW
MOTO-DIM-DUCATI-999-0002,Ducati,999,,2004,2004,2004,2095.0,,1090.0,1090.0,UNKNOWN,UNKNOWN,STANDARD,1,bikez,https://bikez.com/motorcycles/ducati_999_2004.php,LOW,REVIEW
MOTO-DIM-DUCATI-999R-0001,Ducati,999R,,"2005,2006",2005,2006,2095.0,730.0,1110.0,1110.0,HANDLEBAR_WIDTH,UNKNOWN,STANDARD,2,motorcyclespecs,https://www.motorcyclespecs.co.za/model/ducati/ducati_999r%2006.htm | https://www.motorcyclespecs.co.za/model/ducati/ducati_999r%2005.htm,LOW,REVIEW
MOTO-DIM-DUCATI-999R-0002,Ducati,999R,,2003,2003,2003,2095.0,730.0,1110.0,1110.0,UNKNOWN,UNKNOWN,STANDARD,1,motorcyclespecs,https://www.motorcyclespecs.co.za/model/ducati/ducati_999r%2003.htm,LOW,REVIEW
MOTO-DIM-DUCATI-999R-0003,Ducati,999R,,2004,2004,2004,2095.0,,1110.0,1110.0,UNKNOWN,UNKNOWN,STANDARD,1,bikez,https://bikez.com/motorcycles/ducati_999_r_2004.php,LOW,REVIEW
MOTO-DIM-DUCATI-999RFILA-0001,Ducati,999R FILA,,,,,2095.0,730.0,1110.0,1110.0,UNKNOWN,UNKNOWN,UNKNOWN,1,motorcyclespecs,https://www.motorcyclespecs.co.za/model/ducati/ducati_999r_fila_toseland.htm,MEDIUM,REVIEW
MOTO-DIM-DUCATI-999RXEROX-0001,Ducati,999R Xerox,,,,,2095.0,730.0,1110.0,1110.0,HANDLEBAR_WIDTH,UNKNOWN,STANDARD,1,motorcyclespecs,https://www.motorcyclespecs.co.za/model/ducati/ducati_999r_xerox_replica.htm,MEDIUM,REVIEW
MOTO-DIM-DUCATI-999S-0001,Ducati,999S,,"2005,2006",2005,2006,2095.0,730.0,1090.0,1090.0,HANDLEBAR_WIDTH,UNKNOWN,STANDARD,2,motorcyclespecs,https://www.motorcyclespecs.co.za/model/ducati/ducati_999s%2006.htm | https://www.motorcyclespecs.co.za/model/ducati/ducati_999s%2005.htm,LOW,REVIEW
MOTO-DIM-DUCATI-999S-0002,Ducati,999S,,2003,2003,2003,2095.0,730.0,1090.0,1090.0,UNKNOWN,UNKNOWN,UNKNOWN,1,motorcyclespecs,https://www.motorcyclespecs.co.za/model/ducati/ducati_999s03.htm,LOW,REVIEW
MOTO-DIM-DUCATI-999S-0003,Ducati,999S,,2004,2004,2004,2095.0,,1090.0,1090.0,UNKNOWN,UNKNOWN,STANDARD,1,bikez,https://bikez.com/motorcycles/ducati_999_s_2004.php,LOW,REVIEW
MOTO-DIM-DUCATI-DIAVEL-0001,Ducati,Diavel,,2019,2019,2019,2200.0,,,,UNKNOWN,UNKNOWN,STANDARD,1,bikez,https://bikez.com/motorcycles/ducati_diavel_1260_2019.php,MEDIUM,REVIEW
MOTO-DIM-DUCATI-DIAVEL-0002,Ducati,Diavel,,2020,2020,2020,2200.0,,,,UNKNOWN,UNKNOWN,STANDARD,1,bikez,https://bikez.com/motorcycles/ducati_diavel_1260_2020.php,MEDIUM,REVIEW
MOTO-DIM-DUCATI-DIAVEL-0003,Ducati,Diavel,,2018,2018,2018,2235.0,860.0,1192.0,1192.0,HANDLEBAR_WIDTH,UNKNOWN,STANDARD,1,bikez,https://bikez.com/motorcycles/ducati_diavel_2018.php,LOW,REVIEW
MOTO-DIM-DUCATI-DIAVEL-0004,Ducati,Diavel,,2022,2022,2022,2257.0,,1192.0,1192.0,UNKNOWN,UNKNOWN,UNKNOWN,1,1000ps,https://www.1000ps.com/en-gb/model/9562/ducati-diavel-1260,MEDIUM,REVIEW
MOTO-DIM-DUCATI-DIAVEL-0005,Ducati,Diavel,,"2012,2015,2017",,,2235.0,860.0,1192.0,1192.0,HANDLEBAR_WIDTH,UNKNOWN,UNKNOWN,3,motorcyclespecs,https://www.motorcyclespecs.co.za/model/ducati/ducati_diavel%2015.htm | https://www.motorcyclespecs.co.za/model/ducati/ducati_diavel%2012.htm | https://www.motorcyclespecs.co.za/model/ducati/ducati_diavel_17.html,LOW,REVIEW
MOTO-DIM-DUCATI-DIAVEL1260-0001,Ducati,Diavel 1260,,2019,2019,2019,2200.0,,,,UNKNOWN,UNKNOWN,STANDARD,1,bikez,https://bikez.com/motorcycles/ducati_diavel_1260_2019.php,LOW,REVIEW
MOTO-DIM-DUCATI-DIAVEL1260-0002,Ducati,Diavel 1260,,2020,2020,2020,2200.0,,,,UNKNOWN,UNKNOWN,STANDARD,1,bikez,https://bikez.com/motorcycles/ducati_diavel_1260_2020.php,LOW,REVIEW
MOTO-DIM-DUCATI-DIAVEL1260-0003,Ducati,Diavel 1260,,2022,2022,2022,2257.0,,1192.0,1192.0,UNKNOWN,UNKNOWN,UNKNOWN,1,1000ps,https://www.1000ps.com/en-gb/model/9562/ducati-diavel-1260,LOW,REVIEW
MOTO-DIM-DUCATI-DIAVEL1260S-0001,Ducati,Diavel 1260 S,,2019,2019,2019,2200.0,,,,UNKNOWN,UNKNOWN,STANDARD,1,bikez,https://bikez.com/motorcycles/ducati_diavel_1260_s_2019.php,LOW,REVIEW
MOTO-DIM-DUCATI-DIAVEL1260S-0002,Ducati,Diavel 1260 S,,2020,2020,2020,2200.0,,,,UNKNOWN,UNKNOWN,STANDARD,1,bikez,https://bikez.com/motorcycles/ducati_diavel_1260_s_2020.php,LOW,REVIEW
MOTO-DIM-DUCATI-DIAVEL1260S-0003,Ducati,Diavel 1260 S,,2022,2022,2022,2257.0,,1192.0,1192.0,UNKNOWN,UNKNOWN,UNKNOWN,1,1000ps,https://www.1000ps.com/en-gb/model/9564/ducati-diavel-1260-s,LOW,REVIEW
MOTO-DIM-DUCATI-DIAVEL1260SLAMBORGHINI-0001,Ducati,Diavel 1260 S Lamborghini,,2021,2021,2021,2257.0,,1192.0,1192.0,UNKNOWN,UNKNOWN,UNKNOWN,1,1000ps,https://www.1000ps.com/en-gb/model/10370/ducati-diavel-1260-lamborghini,LOW,REVIEW
MOTO-DIM-DUCATI-DIAVELCARBON-0001,Ducati,Diavel Carbon,,"2016,2017",2016,2017,2235.0,860.0,1192.0,1192.0,UNKNOWN,UNKNOWN,UNKNOWN,2,motorcyclespecs,https://www.motorcyclespecs.co.za/model/ducati/ducati_diavel%20corbon%2016.htm | https://www.motorcyclespecs.co.za/model/ducati/ducati_diavel_carbon_17.html,LOW,REVIEW
MOTO-DIM-DUCATI-DIAVELCARBON-0002,Ducati,Diavel Carbon,,2014,2014,2014,2235.0,860.0,1192.0,1192.0,UNKNOWN,UNKNOWN,STANDARD,1,motorcyclespecs,https://www.motorcyclespecs.co.za/model/ducati/ducati_diavel%20corbon%2014.htm,LOW,REVIEW
MOTO-DIM-DUCATI-DIAVELCARBON-0003,Ducati,Diavel Carbon,,2018,2018,2018,2235.0,860.0,1192.0,1192.0,HANDLEBAR_WIDTH,UNKNOWN,STANDARD,1,bikez,https://bikez.com/motorcycles/ducati_diavel_carbon_2018.php,LOW,REVIEW
MOTO-DIM-DUCATI-DIAVELCROMO-0001,Ducati,Diavel Cromo,,,,,2235.0,860.0,1192.0,1192.0,HANDLEBAR_WIDTH,UNKNOWN,STANDARD,1,motorcyclespecs,https://www.motorcyclespecs.co.za/model/ducati/ducati_diavel%20%20cromo.htm,LOW,REVIEW
MOTO-DIM-DUCATI-DIAVELDARK-0001,Ducati,Diavel Dark,,2016,2016,2016,2257.0,,1192.0,1192.0,UNKNOWN,UNKNOWN,UNKNOWN,1,1000ps,https://www.1000ps.com/en-gb/model/7607/ducati-diavel-1200-dark,MEDIUM,REVIEW
MOTO-DIM-DUCATI-DIAVELDARK-0002,Ducati,Diavel Dark,,2014,2014,2014,2235.0,860.0,1192.0,1192.0,UNKNOWN,UNKNOWN,STANDARD,1,motorcyclespecs,https://www.motorcyclespecs.co.za/model/ducati/ducati_diavel%20dark%2014.htm,LOW,REVIEW
MOTO-DIM-DUCATI-DIAVELDARK-0003,Ducati,Diavel Dark,,2013,2013,2013,2235.0,860.0,1192.0,1192.0,HANDLEBAR_WIDTH,UNKNOWN,STANDARD,1,motorcyclespecs,https://www.motorcyclespecs.co.za/model/ducati/ducati_diavel%20Dark%2013.htm,LOW,REVIEW
MOTO-DIM-DUCATI-DIAVELDIESEL-0001,Ducati,Diavel Diesel,,2018,2018,2018,2235.0,,,,UNKNOWN,UNKNOWN,STANDARD,1,bikez,https://bikez.com/motorcycles/ducati_diavel_diesel_2018.php,MEDIUM,REVIEW
MOTO-DIM-DUCATI-DIAVELDIESEL-0002,Ducati,Diavel Diesel,,2017,2017,2017,2235.0,,,,UNKNOWN,UNKNOWN,STANDARD,1,bikez,https://bikez.com/motorcycles/ducati_diavel_diesel_2017.php,MEDIUM,REVIEW
MOTO-DIM-DUCATI-DIAVELSTRADA-0001,Ducati,Diavel Strada,,"2013,2014",2013,2014,2235.0,860.0,1192.0,1192.0,HANDLEBAR_WIDTH,UNKNOWN,STANDARD,2,motorcyclespecs,https://www.motorcyclespecs.co.za/model/ducati/ducati_diavel%20strada%2014.htm | https://www.motorcyclespecs.co.za/model/ducati/ducati_diavel%20Strada%2013.htm,LOW,REVIEW
MOTO-DIM-DUCATI-DIAVELTITANIUM-0001,Ducati,Diavel Titanium,,2015,2015,2015,2235.0,860.0,1192.0,1192.0,UNKNOWN,UNKNOWN,UNKNOWN,1,motorcyclespecs,https://www.motorcyclespecs.co.za/model/ducati/ducati_Diavel%20Titanium.htm,LOW,REVIEW
MOTO-DIM-DUCATI-DIAVELV4-0001,Ducati,Diavel V4,,2023,2023,2023,2200.0,,,,UNKNOWN,UNKNOWN,STANDARD,1,bikez,https://bikez.com/motorcycles/ducati_diavel_v4_2023.php,LOW,REVIEW
MOTO-DIM-DUCATI-GT1000-0001,Ducati,GT1000,,2011,2011,2011,2180.0,,1060.0,1060.0,UNKNOWN,UNKNOWN,UNKNOWN,1,1000ps,https://www.1000ps.com/en-gb/model/2499/ducati-gt-1000,MEDIUM,REVIEW
MOTO-DIM-DUCATI-HYPERMOTARD-0001,Ducati,Hypermotard,,2015,2015,2015,2100.0,860.0,1150.0,1150.0,HANDLEBAR_WIDTH,UNKNOWN,UNKNOWN,1,1000ps,https://www.1000ps.com/en-gb/model/7362/ducati-hypermotard-821,MEDIUM,REVIEW
MOTO-DIM-DUCATI-HYPERMOTARD-0002,Ducati,Hypermotard,,"2013,2014",2013,2014,2100.0,920.0,1320.0,1320.0,HANDLEBAR_WIDTH,UNKNOWN,STANDARD,2,motorcyclespecs,https://www.motorcyclespecs.co.za/model/ducati/ducati_hypermotard_14.htm | https://www.motorcyclespecs.co.za/model/ducati/ducati_hypermotard_13.htm,LOW,REVIEW
MOTO-DIM-DUCATI-HYPERMOTARD-0003,Ducati,Hypermotard,,2012,2012,2012,2120.0,,1155.0,1155.0,UNKNOWN,UNKNOWN,UNKNOWN,1,1000ps,https://www.1000ps.com/en-gb/model/4396/ducati-hypermotard-796,MEDIUM,REVIEW
MOTO-DIM-DUCATI-HYPERMOTARD796-0001,Ducati,Hypermotard 796,,2012,2012,2012,2120.0,,1155.0,1155.0,UNKNOWN,UNKNOWN,UNKNOWN,1,1000ps,https://www.1000ps.com/en-gb/model/4396/ducati-hypermotard-796,LOW,REVIEW
MOTO-DIM-DUCATI-HYPERMOTARD939-0001,Ducati,Hypermotard 939,,2016,2016,2016,2100.0,,,,UNKNOWN,UNKNOWN,STANDARD,1,bikez,https://bikez.com/motorcycles/ducati_hypermotard_939_2016.php,LOW,REVIEW
MOTO-DIM-DUCATI-HYPERMOTARD939-0002,Ducati,Hypermotard 939,,2018,2018,2018,2100.0,860.0,1150.0,1150.0,UNKNOWN,UNKNOWN,UNKNOWN,1,1000ps,https://www.1000ps.com/en-gb/model/8478/ducati-hypermotard-939,LOW,REVIEW
MOTO-DIM-DUCATI-HYPERMOTARD939-0003,Ducati,Hypermotard 939,,2017,2017,2017,2100.0,,,,UNKNOWN,UNKNOWN,STANDARD,1,bikez,https://bikez.com/motorcycles/ducati_hypermotard_939_2017.php,LOW,REVIEW
MOTO-DIM-DUCATI-HYPERMOTARD939SP-0001,Ducati,Hypermotard 939 SP,,2016,2016,2016,2110.0,860.0,,,UNKNOWN,UNKNOWN,STANDARD,1,bikez,https://bikez.com/motorcycles/ducati_hypermotard_939_sp_2016.php,LOW,REVIEW
MOTO-DIM-DUCATI-HYPERMOTARD939SP-0002,Ducati,Hypermotard 939 SP,,2017,2017,2017,2110.0,860.0,,,UNKNOWN,UNKNOWN,STANDARD,1,bikez,https://bikez.com/motorcycles/ducati_hypermotard_939_sp_2017.php,LOW,REVIEW
MOTO-DIM-DUCATI-HYPERMOTARD939SP-0003,Ducati,Hypermotard 939 SP,,2018,2018,2018,2100.0,860.0,1150.0,1150.0,UNKNOWN,UNKNOWN,UNKNOWN,1,1000ps,https://www.1000ps.com/en-gb/model/8479/ducati-hypermotard-939-sp,LOW,REVIEW
MOTO-DIM-DUCATI-HYPERMOTARD950-0001,Ducati,Hypermotard 950,,2019,2019,2019,2100.0,,,,UNKNOWN,UNKNOWN,STANDARD,1,bikez,https://bikez.com/motorcycles/ducati_hypermotard_950_2019.php,LOW,REVIEW
MOTO-DIM-DUCATI-HYPERMOTARD950-0002,Ducati,Hypermotard 950,,2025,2025,2025,2100.0,860.0,1150.0,1150.0,UNKNOWN,UNKNOWN,UNKNOWN,1,1000ps,https://www.1000ps.com/en-gb/model/9561/ducati-hypermotard-950,LOW,REVIEW
MOTO-DIM-DUCATI-HYPERSTRADA-0001,Ducati,Hyperstrada,,2015,2015,2015,2100.0,920.0,1320.0,1320.0,UNKNOWN,UNKNOWN,UNKNOWN,1,1000ps,https://www.1000ps.com/en-gb/model/7343/ducati-hyperstrada,MEDIUM,REVIEW
MOTO-DIM-DUCATI-HYPERSTRADA939-0001,Ducati,Hyperstrada 939,,2016,2016,2016,2095.0,860.0,1320.0,1320.0,UNKNOWN,UNKNOWN,STANDARD,1,bikez,https://bikez.com/motorcycles/ducati_hyperstrada_939_2016.php,LOW,REVIEW
MOTO-DIM-DUCATI-HYPERSTRADA939-0002,Ducati,Hyperstrada 939,,2018,2018,2018,2100.0,860.0,,,UNKNOWN,UNKNOWN,UNKNOWN,1,1000ps,https://www.1000ps.com/en-gb/model/8480/ducati-hyperstrada-939,LOW,REVIEW
MOTO-DIM-DUCATI-MONSTER-0001,Ducati,Monster,,2096,2096,2096,2090.0,770.0,1060.0,1060.0,HANDLEBAR_WIDTH,UNKNOWN,STANDARD,1,motorcyclespecs,https://www.motorcyclespecs.co.za/model/ducati/ducati_monster_600%2096.htm,MEDIUM,REVIEW
MOTO-DIM-DUCATI-MONSTER1000-0001,Ducati,Monster 1000,,"2003,2004,2005",2003,2005,2105.0,794.0,1060.0,1060.0,UNKNOWN,UNKNOWN,STANDARD,3,motorcyclespecs,https://www.motorcyclespecs.co.za/model/ducati/ducati_monster_1000%2005.htm | https://www.motorcyclespecs.co.za/model/ducati/ducati_monster_1000%2004.htm | https://www.motorcyclespecs.co.za/model/ducati/ducati_monster_dark_1000%2003.htm,LOW,REVIEW
MOTO-DIM-DUCATI-MONSTER1000DARK-0001,Ducati,Monster 1000 Dark,,2003,2003,2003,2108.0,,798.0,798.0,UNKNOWN,UNKNOWN,STANDARD,1,bikez,https://bikez.com/motorcycles/ducati_monster_1000_dark_ie_2003.php,LOW,REVIEW
MOTO-DIM-DUCATI-MONSTER1000S-0001,Ducati,Monster 1000s,,"2003,2004,2005",2003,2005,2105.0,794.0,1060.0,1060.0,UNKNOWN,UNKNOWN,STANDARD,3,motorcyclespecs,https://www.motorcyclespecs.co.za/model/ducati/ducati_monster_1000s%2005.htm | https://www.motorcyclespecs.co.za/model/ducati/ducati_monster_1000s%2004.htm | https://www.motorcyclespecs.co.za/model/ducati/ducati_monster_1000s%2003.htm,LOW,REVIEW
MOTO-DIM-DUCATI-MONSTER1100-0001,Ducati,Monster 1100,,"2009,2010,2011",2009,2011,2095.0,784.0,1099.0,1099.0,HANDLEBAR_WIDTH,UNKNOWN,UNKNOWN,3,motorcyclespecs,https://www.motorcyclespecs.co.za/model/ducati/ducati_monster_1100%2011.htm | https://www.motorcyclespecs.co.za/model/ducati/ducati_monster_1100%2010.htm | https://www.motorcyclespecs.co.za/model/ducati/ducati_monster_1100%2009.htm,LOW,REVIEW
MOTO-DIM-DUCATI-MONSTER1100EVO-0001,Ducati,Monster 1100 EVO,,"2011,2012,2013",2011,2013,2095.0,784.0,1099.0,1099.0,HANDLEBAR_WIDTH,UNKNOWN,STANDARD,3,motorcyclespecs,https://www.motorcyclespecs.co.za/model/ducati/ducati_monster_1100%20evo%2013.htm | https://www.motorcyclespecs.co.za/model/ducati/ducati_monster_1100%20evo%2012.htm | https://www.motorcyclespecs.co.za/model/ducati/ducati_monster_1100%20evo%2011.htm,LOW,REVIEW
MOTO-DIM-DUCATI-MONSTER1100S-0001,Ducati,Monster 1100 S,,2011,2011,2011,2095.0,784.0,1099.0,1099.0,HANDLEBAR_WIDTH,UNKNOWN,STANDARD,1,motorcyclespecs,https://www.motorcyclespecs.co.za/model/ducati/ducati_monster_1100s%2011.htm,LOW,REVIEW
MOTO-DIM-DUCATI-MONSTER1100S-0002,Ducati,Monster 1100 S,,"2009,2010",2009,2010,2095.0,784.0,1099.0,1099.0,HANDLEBAR_WIDTH,UNKNOWN,UNKNOWN,2,motorcyclespecs,https://www.motorcyclespecs.co.za/model/ducati/ducati_monster_1100s%2010.htm | https://www.motorcyclespecs.co.za/model/ducati/ducati_monster_1100s%2009.htm,LOW,REVIEW
MOTO-DIM-DUCATI-MONSTER120025THANNIVERSARIO-0001,Ducati,Monster 1200 25th Anniversario,,2019,2019,2019,2121.0,830.0,1050.0,1050.0,UNKNOWN,UNKNOWN,STANDARD,1,bikez,https://bikez.com/motorcycles/ducati_monster_1200_25_anniversario_2019.php,MEDIUM,REVIEW
MOTO-DIM-DUCATI-MONSTER1200R-0001,Ducati,Monster 1200 R,,"2016,2018,2019",,,2121.0,830.0,1050.0,1050.0,UNKNOWN,UNKNOWN,STANDARD,3,bikez,https://bikez.com/motorcycles/ducati_monster_1200_r_2016.php | https://bikez.com/motorcycles/ducati_monster_1200_r_2019.php | https://bikez.com/motorcycles/ducati_monster_1200_r_2018.php,LOW,REVIEW
MOTO-DIM-DUCATI-MONSTER1200SSTRIPE-0001,Ducati,Monster 1200 S Stripe,,2015,2015,2015,2200.0,830.0,1040.0,1040.0,UNKNOWN,UNKNOWN,STANDARD,1,bikez,https://bikez.com/motorcycles/ducati_monster_1200_s_stripe_2015.php,LOW,REVIEW
MOTO-DIM-DUCATI-MONSTER400-0001,Ducati,Monster 400,,2094,2094,2094,2090.0,770.0,1060.0,1060.0,HANDLEBAR_WIDTH,UNKNOWN,STANDARD,1,motorcyclespecs,https://www.motorcyclespecs.co.za/model/ducati/ducati_monster_400%2094.htm,MEDIUM,REVIEW
MOTO-DIM-DUCATI-MONSTER400METALLIC-0001,Ducati,Monster 400 Metallic,,2094,2094,2094,2090.0,770.0,1060.0,1060.0,HANDLEBAR_WIDTH,UNKNOWN,STANDARD,1,motorcyclespecs,https://www.motorcyclespecs.co.za/model/ducati/ducati_monster_400%2094.htm,MEDIUM,REVIEW
MOTO-DIM-DUCATI-MONSTER600DARK-0001,Ducati,Monster 600 Dark,,2098,2098,2098,2090.0,770.0,1060.0,1060.0,UNKNOWN,UNKNOWN,UNKNOWN,1,motorcyclespecs,https://www.motorcyclespecs.co.za/model/ducati/ducati_monster_600%20dark%2098.htm,LOW,REVIEW
MOTO-DIM-DUCATI-MONSTER600DARK-0002,Ducati,Monster 600 Dark,,2002,2002,2002,2090.0,800.0,,,UNKNOWN,UNKNOWN,STANDARD,1,bikez,https://bikez.com/motorcycles/ducati_monster_600_dark_2002.php,LOW,REVIEW
MOTO-DIM-DUCATI-MONSTER600DARKCITY-0001,Ducati,Monster 600 Dark City,,2098,2098,2098,2090.0,770.0,1060.0,1060.0,UNKNOWN,UNKNOWN,UNKNOWN,1,motorcyclespecs,https://www.motorcyclespecs.co.za/model/ducati/ducati_monster_600%20dark%2098.htm,LOW,REVIEW
MOTO-DIM-DUCATI-MONSTER600DARKCITY-0002,Ducati,Monster 600 Dark City,,2002,2002,2002,2090.0,800.0,,,UNKNOWN,UNKNOWN,STANDARD,1,bikez,https://bikez.com/motorcycles/ducati_monster_600_dark_2002.php,LOW,REVIEW
MOTO-DIM-DUCATI-MONSTER620CAPIREX-0001,Ducati,Monster 620 Capirex,,2001,2001,2001,2100.0,794.0,1058.0,1058.0,UNKNOWN,UNKNOWN,STANDARD,1,motorcyclespecs,https://www.motorcyclespecs.co.za/model/ducati/ducati_monster_620_capirex.htm,MEDIUM,REVIEW
MOTO-DIM-DUCATI-MONSTER620MATRIX-0001,Ducati,Monster 620 Matrix,,2001,2001,2001,2100.0,794.0,1058.0,1058.0,UNKNOWN,UNKNOWN,UNKNOWN,1,motorcyclespecs,https://www.motorcyclespecs.co.za/model/ducati/ducati_monster_620ie_matrix.htm,MEDIUM,REVIEW
MOTO-DIM-DUCATI-MONSTER696-0001,Ducati,Monster 696,,2014,2014,2014,2058.0,,1060.0,1060.0,UNKNOWN,UNKNOWN,UNKNOWN,1,1000ps,https://www.1000ps.com/en-gb/model/3279/ducati-monster-696,LOW,REVIEW
MOTO-DIM-DUCATI-MONSTER696-0002,Ducati,Monster 696,,2008,2008,2008,2101.0,,,,UNKNOWN,UNKNOWN,STANDARD,1,bikez,https://bikez.com/motorcycles/ducati_monster_696_2008.php,LOW,REVIEW
MOTO-DIM-DUCATI-MONSTER696ABS-0001,Ducati,Monster 696 ABS,,2014,2014,2014,2058.0,,1060.0,1060.0,UNKNOWN,UNKNOWN,UNKNOWN,1,1000ps,https://www.1000ps.com/en-gb/model/3279/ducati-monster-696,LOW,REVIEW
MOTO-DIM-DUCATI-MONSTER696ABS-0002,Ducati,Monster 696 ABS,,2008,2008,2008,2101.0,,,,UNKNOWN,UNKNOWN,STANDARD,1,bikez,https://bikez.com/motorcycles/ducati_monster_696_2008.php,LOW,REVIEW
MOTO-DIM-DUCATI-MONSTER750CITY-0001,Ducati,Monster 750 City,,2002,2002,2002,2100.0,794.0,1058.0,1058.0,UNKNOWN,UNKNOWN,UNKNOWN,1,motorcyclespecs,https://www.motorcyclespecs.co.za/model/ducati/ducati_monster_750_ie.htm,LOW,REVIEW
MOTO-DIM-DUCATI-MONSTER750DARK-0001,Ducati,Monster 750 Dark,,2097,2097,2097,2080.0,800.0,1030.0,1030.0,HANDLEBAR_WIDTH,UNKNOWN,UNKNOWN,1,motorcyclespecs,https://www.motorcyclespecs.co.za/model/ducati/ducati_monster_750_dark%2097.htm,MEDIUM,REVIEW
MOTO-DIM-DUCATI-MONSTER750DARKCITY-0001,Ducati,Monster 750 Dark City,,2002,2002,2002,2100.0,795.0,,,UNKNOWN,UNKNOWN,STANDARD,1,bikez,https://bikez.com/motorcycles/ducati_monster_750_ie_dark_2002.php,MEDIUM,REVIEW
MOTO-DIM-DUCATI-MONSTER796-0001,Ducati,Monster 796,,2014,2014,2014,2114.0,784.0,1079.0,1079.0,UNKNOWN,UNKNOWN,STANDARD,1,bikez,https://bikez.com/motorcycles/ducati_monster_796_2014.php,LOW,REVIEW
MOTO-DIM-DUCATI-MONSTER796ABS-0001,Ducati,Monster 796 ABS,,2014,2014,2014,2114.0,784.0,1079.0,1079.0,UNKNOWN,UNKNOWN,STANDARD,1,bikez,https://bikez.com/motorcycles/ducati_monster_796_2014.php,LOW,REVIEW
MOTO-DIM-DUCATI-MONSTER800-0001,Ducati,Monster 800,,2003,2003,2003,,794.0,1058.0,1058.0,UNKNOWN,UNKNOWN,STANDARD,1,motorcyclespecs,https://www.motorcyclespecs.co.za/model/ducati/ducati_monster_800ie%2003.htm,LOW,REVIEW
MOTO-DIM-DUCATI-MONSTER800-0002,Ducati,Monster 800,,2004,2004,2004,2100.0,,1212.0,1212.0,UNKNOWN,UNKNOWN,STANDARD,1,bikez,https://bikez.com/motorcycles/ducati_monster_800_ie_2004.php,LOW,REVIEW
MOTO-DIM-DUCATI-MONSTER800DARK-0001,Ducati,Monster 800 Dark,,2003,2003,2003,2100.0,,795.0,795.0,UNKNOWN,UNKNOWN,STANDARD,1,bikez,https://bikez.com/motorcycles/ducati_monster_800_dark_ie_2003.php,MEDIUM,REVIEW
MOTO-DIM-DUCATI-MONSTER800S-0001,Ducati,Monster 800s,,2003,2003,2003,2100.0,,795.0,795.0,UNKNOWN,UNKNOWN,STANDARD,1,bikez,https://bikez.com/motorcycles/ducati_monster_800_s_ie_2003.php,MEDIUM,REVIEW
MOTO-DIM-DUCATI-MONSTER821-0001,Ducati,Monster 821,,"2015,2017",,,2170.0,800.0,1055.0,1055.0,UNKNOWN,UNKNOWN,STANDARD,2,bikez,https://bikez.com/motorcycles/ducati_monster_821_2015.php | https://bikez.com/motorcycles/ducati_monster_821_2017.php,LOW,REVIEW
MOTO-DIM-DUCATI-MONSTER821-0002,Ducati,Monster 821,,2020,2020,2020,2154.0,867.0,1061.0,1061.0,UNKNOWN,UNKNOWN,UNKNOWN,1,1000ps,https://www.1000ps.com/en-gb/model/7825/ducati-monster-821,LOW,REVIEW
MOTO-DIM-DUCATI-MONSTER821DARK-0001,Ducati,Monster 821 Dark,,2015,2015,2015,2170.0,800.0,1055.0,1055.0,UNKNOWN,UNKNOWN,STANDARD,1,bikez,https://bikez.com/motorcycles/ducati_monster_821_dark_2015.php,LOW,REVIEW
MOTO-DIM-DUCATI-MONSTER821DARK-0002,Ducati,Monster 821 Dark,,2016,2016,2016,2154.0,867.0,1061.0,1061.0,UNKNOWN,UNKNOWN,UNKNOWN,1,1000ps,https://www.1000ps.com/en-gb/model/8053/ducati-monster-821-dark,LOW,REVIEW
MOTO-DIM-DUCATI-MONSTER821STEALTH-0001,Ducati,Monster 821 Stealth,,2019,2019,2019,2170.0,800.0,1055.0,1055.0,UNKNOWN,UNKNOWN,STANDARD,1,bikez,https://bikez.com/motorcycles/ducati_monster_821_stealth_2019.php,LOW,REVIEW
MOTO-DIM-DUCATI-MONSTER821STEALTH-0002,Ducati,Monster 821 Stealth,,2020,2020,2020,2154.0,867.0,1061.0,1061.0,UNKNOWN,UNKNOWN,UNKNOWN,1,1000ps,https://www.1000ps.com/en-gb/model/10015/ducati-monster-821-stealth,LOW,REVIEW
MOTO-DIM-DUCATI-MONSTER900CROMO-0001,Ducati,Monster 900 Cromo,,2098,2098,2098,2090.0,770.0,1060.0,1060.0,UNKNOWN,UNKNOWN,UNKNOWN,1,motorcyclespecs,https://www.motorcyclespecs.co.za/model/ducati/ducati_monster_900_cormo%2098.htm,MEDIUM,REVIEW
MOTO-DIM-DUCATI-MONSTER900DARK-0001,Ducati,Monster 900 Dark,,2001,2001,2001,2090.0,770.0,1060.0,1060.0,UNKNOWN,UNKNOWN,STANDARD,1,motorcyclespecs,https://www.motorcyclespecs.co.za/model/ducati/ducati_monster_900ie_dark%2001.htm,LOW,REVIEW
MOTO-DIM-DUCATI-MONSTER900DARK-0002,Ducati,Monster 900 Dark,,2002,2002,2002,2108.0,798.0,,,UNKNOWN,UNKNOWN,STANDARD,1,bikez,https://bikez.com/motorcycles/ducati_monster_900_ie_dark_2002.php,LOW,REVIEW
MOTO-DIM-DUCATI-MONSTER900DARKCITY-0001,Ducati,Monster 900 Dark City,,2001,2001,2001,2090.0,770.0,1060.0,1060.0,UNKNOWN,UNKNOWN,STANDARD,1,motorcyclespecs,https://www.motorcyclespecs.co.za/model/ducati/ducati_monster_900ie_dark%2001.htm,LOW,REVIEW
MOTO-DIM-DUCATI-MONSTER900DARKCITY-0002,Ducati,Monster 900 Dark City,,2002,2002,2002,2108.0,798.0,,,UNKNOWN,UNKNOWN,STANDARD,1,bikez,https://bikez.com/motorcycles/ducati_monster_900_ie_dark_2002.php,LOW,REVIEW
MOTO-DIM-DUCATI-MONSTER900S-0001,Ducati,Monster 900s,,2097,2097,2097,2090.0,770.0,1060.0,1060.0,UNKNOWN,UNKNOWN,UNKNOWN,1,motorcyclespecs,https://www.motorcyclespecs.co.za/model/ducati/ducati_monster_900s%20%2097.htm,MEDIUM,REVIEW
MOTO-DIM-DUCATI-MONSTERS2R-0001,Ducati,Monster S2R,,2015,2015,2015,2114.0,784.0,1079.0,1079.0,UNKNOWN,UNKNOWN,STANDARD,1,bikez,https://bikez.com/motorcycles/ducati_monster_s2r_2015.php,MEDIUM,REVIEW
MOTO-DIM-DUCATI-MONSTERS4-0001,Ducati,Monster S4,,"2001,2002,2003",2001,2003,2121.0,885.0,1222.0,1222.0,UNKNOWN,UNKNOWN,UNKNOWN,3,motorcyclespecs,https://www.motorcyclespecs.co.za/model/ducati/ducati_monster_s4%2003.htm | https://www.motorcyclespecs.co.za/model/ducati/ducati_monster_s4%2002.htm | https://www.motorcyclespecs.co.za/model/ducati/ducati_monster_s4.htm,LOW,REVIEW
MOTO-DIM-DUCATI-MONSTERS4FOGARTY-0001,Ducati,Monster S4 Fogarty,,2001,2001,2001,2121.0,885.0,1222.0,1222.0,UNKNOWN,UNKNOWN,STANDARD,1,motorcyclespecs,https://www.motorcyclespecs.co.za/model/ducati/ducati_monster_s4_foggy.htm,MEDIUM,REVIEW
MOTO-DIM-DUCATI-MONSTERS4R-0001,Ducati,Monster S4R,,"2003,2005,2006",,,2121.0,790.0,1030.0,1030.0,HANDLEBAR_WIDTH,UNKNOWN,STANDARD,3,motorcyclespecs,https://www.motorcyclespecs.co.za/model/ducati/ducati_monster_s4r%2006.htm | https://www.motorcyclespecs.co.za/model/ducati/ducati_monster_s4r%2005.htm | https://www.motorcyclespecs.co.za/model/ducati/ducati_monster_s4r%2003.htm,LOW,REVIEW
MOTO-DIM-DUCATI-MONSTERS4RS-0001,Ducati,Monster S4Rs,,"2003,2005,2006",,,2121.0,790.0,1030.0,1030.0,HANDLEBAR_WIDTH,UNKNOWN,STANDARD,3,motorcyclespecs,https://www.motorcyclespecs.co.za/model/ducati/ducati_monster_s4r%2006.htm | https://www.motorcyclespecs.co.za/model/ducati/ducati_monster_s4r%2005.htm | https://www.motorcyclespecs.co.za/model/ducati/ducati_monster_s4r%2003.htm,LOW,REVIEW
MOTO-DIM-DUCATI-MONSTERS4RTESTASTRETTA-0001,Ducati,Monster S4R Testastretta,,2008,2008,2008,2121.0,,1222.0,1222.0,UNKNOWN,UNKNOWN,STANDARD,1,motorcyclespecs,https://www.motorcyclespecs.co.za/model/ducati/ducati_monster_s4r%2008.htm,LOW,REVIEW
MOTO-DIM-DUCATI-MONSTERS4RTESTASTRETTA-0002,Ducati,Monster S4R Testastretta,,2007,2007,2007,2121.0,,1222.0,1222.0,UNKNOWN,UNKNOWN,STANDARD,1,motorcyclespecs,https://www.motorcyclespecs.co.za/model/ducati/ducati_monster_s4r%2007.htm,LOW,REVIEW
MOTO-DIM-DUCATI-MONSTERS4RSTESTASTRETTA-0001,Ducati,Monster S4Rs Testastretta,,,,,2121.0,,1222.0,1222.0,UNKNOWN,UNKNOWN,STANDARD,1,motorcyclespecs,https://www.motorcyclespecs.co.za/model/ducati/ducati_monster_s4rs_06.htm,LOW,REVIEW
MOTO-DIM-DUCATI-MONSTERS4RSTESTASTRETTA-0002,Ducati,Monster S4Rs Testastretta,,,,,2121.0,,1222.0,1222.0,UNKNOWN,UNKNOWN,STANDARD,1,motorcyclespecs,https://www.motorcyclespecs.co.za/model/ducati/ducati_monster_s4rs_07.htm,LOW,REVIEW
MOTO-DIM-DUCATI-MONSTERS4RSTESTASTRETTA-0003,Ducati,Monster S4Rs Testastretta,,,,,2121.0,,1222.0,1222.0,UNKNOWN,UNKNOWN,STANDARD,1,motorcyclespecs,https://www.motorcyclespecs.co.za/model/ducati/ducati_monster_s4rs_08.htm,LOW,REVIEW
MOTO-DIM-DUCATI-MONSTERS4RSTESTASTRETTA-0004,Ducati,Monster S4Rs Testastretta,,2006,2006,2006,2121.0,122.0,,,UNKNOWN,UNKNOWN,STANDARD,1,bikez,https://bikez.com/motorcycles/ducati_monster_s4rs_testastretta_2006.php,LOW,REVIEW
MOTO-DIM-DUCATI-MONSTERS4RSTRICOLORE-0001,Ducati,Monster S4Rs Tricolore,,,,,2121.0,,1222.0,1222.0,UNKNOWN,UNKNOWN,UNKNOWN,1,motorcyclespecs,https://www.motorcyclespecs.co.za/model/ducati/ducati_monster_s4rs%20tricula_08.htm,MEDIUM,REVIEW
MOTO-DIM-DUCATI-MONSTER+-0001,Ducati,Monster+,,2096,2096,2096,2090.0,770.0,1060.0,1060.0,HANDLEBAR_WIDTH,UNKNOWN,STANDARD,1,motorcyclespecs,https://www.motorcyclespecs.co.za/model/ducati/ducati_monster_600%2096.htm,MEDIUM,REVIEW
MOTO-DIM-DUCATI-MULTISTRADA1000SDS-0001,Ducati,Multistrada 1000s DS,,2005,2005,2005,2130.0,830.0,1280.0,1280.0,HANDLEBAR_WIDTH,UNKNOWN,STANDARD,1,motorcyclespecs,https://www.motorcyclespecs.co.za/model/ducati/ducati_multistrada_1000s_ds%2005.htm,LOW,REVIEW
MOTO-DIM-DUCATI-MULTISTRADA1200-0001,Ducati,Multistrada 1200,,2014,2014,2014,2200.0,945.0,1310.0,1310.0,HANDLEBAR_WIDTH,UNKNOWN,STANDARD,1,motorcyclespecs,https://www.motorcyclespecs.co.za/model/ducati/ducati_multistrada_1200%2014.htm,LOW,REVIEW
MOTO-DIM-DUCATI-MULTISTRADA1200-0002,Ducati,Multistrada 1200,,2012,2012,2012,2200.0,945.0,1310.0,1310.0,HANDLEBAR_WIDTH,WINDSCREEN_LOW,STANDARD,1,motorcyclespecs,https://www.motorcyclespecs.co.za/model/ducati/ducati_multistrada_1200%2012.htm,LOW,REVIEW
MOTO-DIM-DUCATI-MULTISTRADA1200-0003,Ducati,Multistrada 1200,,2010,2010,2010,2200.0,945.0,1310.0,1310.0,HANDLEBAR_WIDTH,UNKNOWN,TOURING_PACKAGE,1,motorcyclespecs,https://www.motorcyclespecs.co.za/model/ducati/ducati_multistrada_1200%2010.htm,LOW,REVIEW
MOTO-DIM-DUCATI-MULTISTRADA1200-0004,Ducati,Multistrada 1200,,2017,2017,2017,2190.0,1000.0,1495.0,1495.0,HANDLEBAR_WIDTH,UNKNOWN,UNKNOWN,1,1000ps,https://www.1000ps.com/en-gb/model/4482/ducati-multistrada-1200,LOW,REVIEW
MOTO-DIM-DUCATI-MULTISTRADA1200ENDURO-0001,Ducati,Multistrada 1200 Enduro,,2016,2016,2016,2200.0,,,,UNKNOWN,UNKNOWN,STANDARD,1,bikez,https://bikez.com/motorcycles/ducati_multistrada_1200_enduro_2016.php,LOW,REVIEW
MOTO-DIM-DUCATI-MULTISTRADA1200ENDURO-0002,Ducati,Multistrada 1200 Enduro,,2018,2018,2018,2200.0,,,,UNKNOWN,UNKNOWN,STANDARD,1,bikez,https://bikez.com/motorcycles/ducati_multistrada_1200_enduro_2018.php,LOW,REVIEW
MOTO-DIM-DUCATI-MULTISTRADA1200PIKESPEAK-0001,Ducati,Multistrada 1200 Pikes Peak,,2016,2016,2016,2200.0,,,,UNKNOWN,UNKNOWN,STANDARD,1,bikez,https://bikez.com/motorcycles/ducati_multistrada_1200_pikes_peak_2016.php,LOW,REVIEW
MOTO-DIM-DUCATI-MULTISTRADA1200PIKESPEAK-0002,Ducati,Multistrada 1200 Pikes Peak,,2017,2017,2017,2200.0,,,,UNKNOWN,UNKNOWN,STANDARD,1,bikez,https://bikez.com/motorcycles/ducati_multistrada_1200_pikes_peak_2017.php,LOW,REVIEW
MOTO-DIM-DUCATI-MULTISTRADA1200S-0001,Ducati,Multistrada 1200 S,,2014,2014,2014,2200.0,945.0,1310.0,1310.0,HANDLEBAR_WIDTH,UNKNOWN,STANDARD,1,motorcyclespecs,https://www.motorcyclespecs.co.za/model/ducati/ducati_multistrada_1200%20S%2014.htm,LOW,REVIEW
MOTO-DIM-DUCATI-MULTISTRADA1200S-0002,Ducati,Multistrada 1200 S,,2012,2012,2012,2200.0,945.0,1310.0,1310.0,HANDLEBAR_WIDTH,ADJUSTABLE_WINDSCREEN,STANDARD,1,motorcyclespecs,https://www.motorcyclespecs.co.za/model/ducati/ducati_multistrada_1200%20S%2012.htm,LOW,REVIEW
MOTO-DIM-DUCATI-MULTISTRADA1200S-0003,Ducati,Multistrada 1200 S,,2010,2010,2010,2200.0,945.0,1310.0,1310.0,HANDLEBAR_WIDTH,ADJUSTABLE_WINDSCREEN,TOURING_PACKAGE,1,motorcyclespecs,https://www.motorcyclespecs.co.za/model/ducati/ducati_multistrada_1200%20S%2010.htm,LOW,REVIEW
MOTO-DIM-DUCATI-MULTISTRADA1200S-0004,Ducati,Multistrada 1200 S,,2016,2016,2016,2190.0,1000.0,1495.0,1495.0,UNKNOWN,UNKNOWN,STANDARD,1,1000ps,https://www.1000ps.com/en-gb/model/4532/ducati-multistrada-1200-s,LOW,REVIEW
MOTO-DIM-DUCATI-MULTISTRADA1200S-0005,Ducati,Multistrada 1200 S,,2017,2017,2017,2200.0,,,,UNKNOWN,UNKNOWN,STANDARD,1,bikez,https://bikez.com/motorcycles/ducati_multistrada_1200_s_2017.php,LOW,REVIEW
MOTO-DIM-DUCATI-MULTISTRADA1200SDAIR-0001,Ducati,Multistrada 1200 S Dair,,2016,2016,2016,2190.0,1000.0,1495.0,1495.0,UNKNOWN,UNKNOWN,UNKNOWN,1,1000ps,https://www.1000ps.com/en-gb/model/7989/ducati-multistrada-1200-s-dair,MEDIUM,REVIEW
MOTO-DIM-DUCATI-MULTISTRADA1200SGRANTURISMO-0001,Ducati,Multistrada 1200 S Granturismo,,"2013,2014",2013,2014,2200.0,945.0,1310.0,1310.0,HANDLEBAR_WIDTH,UNKNOWN,STANDARD,2,motorcyclespecs,https://www.motorcyclespecs.co.za/model/ducati/ducati_multistrada_1200%20S%20GT%2014.htm | https://www.motorcyclespecs.co.za/model/ducati/ducati_multistrada_1200%20S%20GT%2013.htm,LOW,REVIEW
MOTO-DIM-DUCATI-MULTISTRADA1200SPIKESPEAK-0001,Ducati,Multistrada 1200 S Pikes Peak,,"2013,2014",2013,2014,2200.0,945.0,1310.0,1310.0,HANDLEBAR_WIDTH,WINDSCREEN_LOW,STANDARD,2,motorcyclespecs,https://www.motorcyclespecs.co.za/model/ducati/ducati_multistrada_1200%20S%20pikes%20peak%2014.htm | https://www.motorcyclespecs.co.za/model/ducati/ducati_multistrada_1200%20S%20pikes%20peak%2013.htm,LOW,REVIEW
MOTO-DIM-DUCATI-MULTISTRADA1200SPIKESPEAK-0002,Ducati,Multistrada 1200 S Pikes Peak,,2011,2011,2011,2200.0,945.0,1310.0,1310.0,HANDLEBAR_WIDTH,ADJUSTABLE_WINDSCREEN,STANDARD,1,motorcyclespecs,https://www.motorcyclespecs.co.za/model/ducati/ducati_multistrada_1200%20S%20pikes%20peak.htm,LOW,REVIEW
MOTO-DIM-DUCATI-MULTISTRADA1200STOURING-0001,Ducati,Multistrada 1200 S Touring,,"2013,2014",2013,2014,2200.0,945.0,1310.0,1310.0,HANDLEBAR_WIDTH,UNKNOWN,STANDARD,2,motorcyclespecs,https://www.motorcyclespecs.co.za/model/ducati/Ducati_Multistrada_1200S_Touring_13.html | https://www.motorcyclespecs.co.za/model/ducati/Ducati_Multistrada_1200S_Touring_14.html,LOW,REVIEW
MOTO-DIM-DUCATI-MULTISTRADA1260-0001,Ducati,Multistrada 1260,,2018,2018,2018,2200.0,,,,UNKNOWN,UNKNOWN,STANDARD,1,bikez,https://bikez.com/motorcycles/ducati_multistrada_1260_2018.php,LOW,REVIEW
MOTO-DIM-DUCATI-MULTISTRADA1260-0002,Ducati,Multistrada 1260,,2019,2019,2019,2200.0,,,,UNKNOWN,UNKNOWN,STANDARD,1,bikez,https://bikez.com/motorcycles/ducati_multistrada_1260_2019.php,LOW,REVIEW
MOTO-DIM-DUCATI-MULTISTRADA1260-0003,Ducati,Multistrada 1260,,2020,2020,2020,2190.0,1000.0,1495.0,1495.0,UNKNOWN,UNKNOWN,UNKNOWN,1,1000ps,https://www.1000ps.com/en-gb/model/9179/ducati-multistrada-1260,LOW,REVIEW
MOTO-DIM-DUCATI-MULTISTRADA1260ENDURO-0001,Ducati,Multistrada 1260 Enduro,,2019,2019,2019,2200.0,,,,UNKNOWN,UNKNOWN,STANDARD,1,bikez,https://bikez.com/motorcycles/ducati_multistrada_1260_enduro_2019.php,LOW,REVIEW
MOTO-DIM-DUCATI-MULTISTRADA1260ENDURO-0002,Ducati,Multistrada 1260 Enduro,,2021,2021,2021,2190.0,1000.0,1495.0,1495.0,UNKNOWN,UNKNOWN,UNKNOWN,1,1000ps,https://www.1000ps.com/en-gb/model/9542/ducati-multistrada-1260-enduro,LOW,REVIEW
MOTO-DIM-DUCATI-MULTISTRADA1260PIKESPEAK-0001,Ducati,Multistrada 1260 Pikes Peak,,2020,2020,2020,2190.0,1000.0,1495.0,1495.0,UNKNOWN,UNKNOWN,UNKNOWN,1,1000ps,https://www.1000ps.com/en-gb/model/9181/ducati-multistrada-1260-pikes-peak,MEDIUM,REVIEW
MOTO-DIM-DUCATI-MULTISTRADA1260S-0001,Ducati,Multistrada 1260 S,,2020,2020,2020,2190.0,1000.0,1495.0,1495.0,UNKNOWN,UNKNOWN,UNKNOWN,1,1000ps,https://www.1000ps.com/en-gb/model/9180/ducati-multistrada-1260-s,MEDIUM,REVIEW
MOTO-DIM-DUCATI-MULTISTRADA1260SGRANDTOUR-0001,Ducati,Multistrada 1260 S Grand Tour,,2020,2020,2020,2190.0,1000.0,1495.0,1495.0,UNKNOWN,UNKNOWN,UNKNOWN,1,1000ps,https://www.1000ps.com/en-gb/model/9916/ducati-multistrada-1260-s-grand-tour,LOW,REVIEW
MOTO-DIM-DUCATI-MULTISTRADA950-0001,Ducati,Multistrada 950,,2017,2017,2017,2200.0,,,,UNKNOWN,UNKNOWN,STANDARD,1,bikez,https://bikez.com/motorcycles/ducati_multistrada_950_2017.php,LOW,REVIEW
MOTO-DIM-DUCATI-MULTISTRADA950-0002,Ducati,Multistrada 950,,2019,2019,2019,2200.0,,,,UNKNOWN,UNKNOWN,STANDARD,1,bikez,https://bikez.com/motorcycles/ducati_multistrada_950_2019.php,LOW,REVIEW
MOTO-DIM-DUCATI-MULTISTRADA950-0003,Ducati,Multistrada 950,,2021,2021,2021,2200.0,,,,UNKNOWN,UNKNOWN,STANDARD,1,bikez,https://bikez.com/motorcycles/ducati_multistrada_950_2021.php,LOW,REVIEW
MOTO-DIM-DUCATI-MULTISTRADA950S-0001,Ducati,Multistrada 950 S,,2019,2019,2019,2200.0,,,,UNKNOWN,UNKNOWN,STANDARD,1,bikez,https://bikez.com/motorcycles/ducati_multistrada_950_s_2019.php,LOW,REVIEW
MOTO-DIM-DUCATI-MULTISTRADA950S-0002,Ducati,Multistrada 950 S,,2020,2020,2020,2200.0,,,,UNKNOWN,UNKNOWN,STANDARD,1,bikez,https://bikez.com/motorcycles/ducati_multistrada_950_s_2020.php,LOW,REVIEW
MOTO-DIM-DUCATI-MULTISTRADA950S-0003,Ducati,Multistrada 950 S,,2021,2021,2021,2200.0,,,,UNKNOWN,UNKNOWN,STANDARD,1,bikez,https://bikez.com/motorcycles/ducati_multistrada_950_s_2021.php,LOW,REVIEW
MOTO-DIM-DUCATI-MULTISTRADA950SSPOKEDWHEELS-0001,Ducati,Multistrada 950 S Spoked Wheels,,2019,2019,2019,2200.0,,,,UNKNOWN,UNKNOWN,STANDARD,1,bikez,https://bikez.com/motorcycles/ducati_multistrada_950_s_2019.php,LOW,REVIEW
MOTO-DIM-DUCATI-MULTISTRADA950SSPOKEDWHEELS-0002,Ducati,Multistrada 950 S Spoked Wheels,,2020,2020,2020,2200.0,,,,UNKNOWN,UNKNOWN,STANDARD,1,bikez,https://bikez.com/motorcycles/ducati_multistrada_950_s_2020.php,LOW,REVIEW
MOTO-DIM-DUCATI-MULTISTRADA950SSPOKEDWHEELS-0003,Ducati,Multistrada 950 S Spoked Wheels,,2021,2021,2021,2200.0,,,,UNKNOWN,UNKNOWN,STANDARD,1,bikez,https://bikez.com/motorcycles/ducati_multistrada_950_s_2021.php,LOW,REVIEW
MOTO-DIM-DUCATI-PANIGALER-0001,Ducati,Panigale R,,2017,2017,2017,2060.0,745.0,1277.0,1277.0,UNKNOWN,UNKNOWN,STANDARD,1,bikez,https://bikez.com/motorcycles/ducati_panigale_r_2017.php,MEDIUM,REVIEW
MOTO-DIM-DUCATI-PANIGALEV2-0001,Ducati,Panigale V2,,"2020,2023",,,2070.0,745.0,1105.0,1105.0,UNKNOWN,UNKNOWN,STANDARD,2,bikez,https://bikez.com/motorcycles/ducati_panigale_v2_2023.php | https://bikez.com/motorcycles/ducati_panigale_v2_2020.php,LOW,REVIEW
MOTO-DIM-DUCATI-PANIGALEV2SUPERQUADROFINALEDITION-0001,Ducati,Panigale V2 Superquadro Final Edition,,2025,2025,2025,2056.0,,1115.0,1115.0,UNKNOWN,UNKNOWN,UNKNOWN,1,1000ps,https://www.1000ps.com/en-gb/model/12582/ducati-panigale-v2-superquadro-final-edition,MEDIUM,REVIEW
MOTO-DIM-DUCATI-SCRAMBLER1100-0001,Ducati,Scrambler 1100,,2020,,,2190.0,895.0,1330.0,1330.0,HANDLEBAR_WIDTH,UNKNOWN,STANDARD,2,motorcyclespecs,https://www.motorcyclespecs.co.za/model/ducati/ducati_scrambler_1100_18.htm | https://www.motorcyclespecs.co.za/model/ducati/ducati_scrambler_1100_20.html,LOW,REVIEW
MOTO-DIM-DUCATI-SCRAMBLER1100-0002,Ducati,Scrambler 1100,,2019,2019,2019,2190.0,895.0,1330.0,1330.0,UNKNOWN,UNKNOWN,STANDARD,1,bikez,https://bikez.com/motorcycles/ducati_scrambler_1100_2019.php,LOW,REVIEW
MOTO-DIM-DUCATI-SCRAMBLER1100DARKPRO-0001,Ducati,Scrambler 1100 Dark PRO,,2021,2021,2021,2190.0,895.0,1330.0,1330.0,HANDLEBAR_WIDTH,UNKNOWN,STANDARD,1,motorcyclespecs,https://www.motorcyclespecs.co.za/model/ducati/ducati_scrambler_1100_dark_pro_21.html,LOW,REVIEW
MOTO-DIM-DUCATI-SCRAMBLER1100DARKPRO-0002,Ducati,Scrambler 1100 Dark PRO,,2024,2024,2024,2190.0,895.0,1330.0,1330.0,UNKNOWN,UNKNOWN,UNKNOWN,1,1000ps,https://www.1000ps.com/en-gb/model/10312/ducati-scrambler-1100-dark-pro,LOW,REVIEW
MOTO-DIM-DUCATI-SCRAMBLER1100DARKPRO-0003,Ducati,Scrambler 1100 Dark PRO,,2022,2022,2022,2190.0,895.0,1330.0,1330.0,UNKNOWN,UNKNOWN,STANDARD,1,bikez,https://bikez.com/motorcycles/ducati_scrambler_1100_dark_pro_2022.php,LOW,REVIEW
MOTO-DIM-DUCATI-SCRAMBLER1100PRO-0001,Ducati,Scrambler 1100 PRO,,2020,2020,2020,2190.0,895.0,1330.0,1330.0,HANDLEBAR_WIDTH,UNKNOWN,STANDARD,1,motorcyclespecs,https://www.motorcyclespecs.co.za/model/ducati/ducati_scrambler_1100_pro_20.html,LOW,REVIEW
MOTO-DIM-DUCATI-SCRAMBLER1100PRO-0002,Ducati,Scrambler 1100 PRO,,2021,2021,2021,2190.0,895.0,1330.0,1330.0,UNKNOWN,UNKNOWN,UNKNOWN,1,1000ps,https://www.1000ps.com/en-gb/model/10064/ducati-scrambler-1100-pro,LOW,REVIEW
MOTO-DIM-DUCATI-SCRAMBLER1100PRO-0003,Ducati,Scrambler 1100 PRO,,2022,2022,2022,2190.0,895.0,1330.0,1330.0,UNKNOWN,UNKNOWN,STANDARD,1,bikez,https://bikez.com/motorcycles/ducati_scrambler_1100_pro_2022.php,LOW,REVIEW
MOTO-DIM-DUCATI-SCRAMBLER1100SPECIAL-0001,Ducati,Scrambler 1100 Special,,2018,2018,2018,2190.0,895.0,1330.0,1330.0,UNKNOWN,UNKNOWN,STANDARD,1,bikez,https://bikez.com/motorcycles/ducati_scrambler_1100_special_2018.php,LOW,REVIEW
MOTO-DIM-DUCATI-SCRAMBLER1100SPECIAL-0002,Ducati,Scrambler 1100 Special,,2020,2020,2020,2190.0,920.0,1290.0,1290.0,UNKNOWN,UNKNOWN,UNKNOWN,1,1000ps,https://www.1000ps.com/en-gb/model/9178/ducati-scrambler-1100-special,LOW,REVIEW
MOTO-DIM-DUCATI-SCRAMBLER1100SPECIAL-0003,Ducati,Scrambler 1100 Special,,2019,2019,2019,2190.0,920.0,1290.0,1290.0,HANDLEBAR_WIDTH,UNKNOWN,STANDARD,1,bikez,https://bikez.com/motorcycles/ducati_scrambler_1100_special_2019.php,LOW,REVIEW
MOTO-DIM-DUCATI-SCRAMBLER1100SPORT-0001,Ducati,Scrambler 1100 Sport,,2018,2018,2018,2190.0,920.0,1290.0,1290.0,UNKNOWN,UNKNOWN,STANDARD,1,bikez,https://bikez.com/motorcycles/ducati_scrambler_1100_sport_2018.php,LOW,REVIEW
MOTO-DIM-DUCATI-SCRAMBLER1100SPORT-0002,Ducati,Scrambler 1100 Sport,,2020,2020,2020,2190.0,920.0,1290.0,1290.0,UNKNOWN,UNKNOWN,UNKNOWN,1,1000ps,https://www.1000ps.com/en-gb/model/9177/ducati-scrambler-1100-sport,LOW,REVIEW
MOTO-DIM-DUCATI-SCRAMBLER1100SPORT-0003,Ducati,Scrambler 1100 Sport,,2019,2019,2019,2190.0,920.0,1290.0,1290.0,HANDLEBAR_WIDTH,UNKNOWN,STANDARD,1,bikez,https://bikez.com/motorcycles/ducati_scrambler_1100_sport_2019.php,LOW,REVIEW
MOTO-DIM-DUCATI-SCRAMBLER1100SPORTPRO-0001,Ducati,Scrambler 1100 Sport PRO,,2020,2020,2020,2190.0,920.0,,,HANDLEBAR_WIDTH,UNKNOWN,STANDARD,1,motorcyclespecs,https://www.motorcyclespecs.co.za/model/ducati/ducati_scrambler_1100_Sport_pro_20.html,LOW,REVIEW
MOTO-DIM-DUCATI-SCRAMBLER1100SPORTPRO-0002,Ducati,Scrambler 1100 Sport PRO,,2025,2025,2025,2190.0,920.0,1290.0,1290.0,UNKNOWN,UNKNOWN,UNKNOWN,1,1000ps,https://www.1000ps.com/en-gb/model/10065/ducati-scrambler-1100-sport-pro,LOW,REVIEW
MOTO-DIM-DUCATI-SCRAMBLER1100SPORTPRO-0003,Ducati,Scrambler 1100 Sport PRO,,2022,2022,2022,2190.0,920.0,920.0,920.0,HANDLEBAR_WIDTH,UNKNOWN,STANDARD,1,bikez,https://bikez.com/motorcycles/ducati_scrambler_1100_sport_pro_2022.php,LOW,REVIEW
MOTO-DIM-DUCATI-SCRAMBLER1100TRIBUTEPRO-0001,Ducati,Scrambler 1100 Tribute PRO,,2022,2022,2022,2190.0,920.0,1290.0,1290.0,HANDLEBAR_WIDTH,UNKNOWN,STANDARD,1,motorcyclespecs,https://www.motorcyclespecs.co.za/model/ducati/ducati_scrambler_1100_tribute%20pro_22..html,LOW,REVIEW
MOTO-DIM-DUCATI-SCRAMBLER1100TRIBUTEPRO-0002,Ducati,Scrambler 1100 Tribute PRO,,2024,2024,2024,2190.0,895.0,1330.0,1330.0,UNKNOWN,UNKNOWN,UNKNOWN,1,1000ps,https://www.1000ps.com/en-gb/model/10852/ducati-scrambler-1100-tribute-pro,LOW,REVIEW
MOTO-DIM-DUCATI-SCRAMBLERCAFERACER-0001,Ducati,Scrambler Cafe Racer,,2020,2020,2020,2107.0,810.0,1090.0,1090.0,UNKNOWN,UNKNOWN,UNKNOWN,1,1000ps,https://www.1000ps.com/en-gb/model/8838/ducati-scrambler-cafe-racer,MEDIUM,REVIEW
MOTO-DIM-DUCATI-SCRAMBLERCLASSIC-0001,Ducati,Scrambler Classic,,2019,2019,2019,2100.0,845.0,1150.0,1150.0,UNKNOWN,UNKNOWN,UNKNOWN,1,1000ps,https://www.1000ps.com/en-gb/model/7944/ducati-scrambler-classic,MEDIUM,REVIEW
MOTO-DIM-DUCATI-SCRAMBLERDESERTSLED-0001,Ducati,Scrambler Desert Sled,,2024,2024,2024,2200.0,940.0,1213.0,1213.0,UNKNOWN,UNKNOWN,STANDARD,1,1000ps,https://www.1000ps.com/en-gb/model/8837/ducati-scrambler-desert-sled,MEDIUM,REVIEW
MOTO-DIM-DUCATI-SCRAMBLERDESERTSLEDFASTHOUSE-0001,Ducati,Scrambler Desert Sled Fasthouse,,2021,2021,2021,2200.0,940.0,1213.0,1213.0,UNKNOWN,UNKNOWN,STANDARD,1,bikez,https://bikez.com/motorcycles/ducati_scrambler_desert_sled_fasthouse_2021.php,MEDIUM,REVIEW
MOTO-DIM-DUCATI-SCRAMBLERFLATTRACKPRO-0001,Ducati,Scrambler Flat Track Pro,,2016,2016,2016,2100.0,845.0,1150.0,1150.0,UNKNOWN,UNKNOWN,UNKNOWN,1,1000ps,https://www.1000ps.com/en-gb/model/8475/ducati-scrambler-flat-track-pro,MEDIUM,REVIEW
MOTO-DIM-DUCATI-SCRAMBLERMACH20-0001,Ducati,Scrambler Mach 2.0,,2019,2019,2019,2100.0,845.0,1150.0,1150.0,UNKNOWN,UNKNOWN,UNKNOWN,1,1000ps,https://www.1000ps.com/en-gb/model/9125/ducati-scrambler-mach-2-0,MEDIUM,REVIEW
MOTO-DIM-DUCATI-SCRAMBLERSIXTY2-0001,Ducati,Scrambler Sixty2,,2020,2020,2020,2150.0,860.0,1165.0,1165.0,HANDLEBAR_WIDTH,UNKNOWN,UNKNOWN,1,1000ps,https://www.1000ps.com/en-gb/model/8474/ducati-scrambler-sixty2,MEDIUM,REVIEW
MOTO-DIM-DUCATI-SCRAMBLERSTREETCLASSIC-0001,Ducati,Scrambler Street Classic,,2019,2019,2019,2100.0,845.0,1150.0,1150.0,UNKNOWN,UNKNOWN,UNKNOWN,1,1000ps,https://www.1000ps.com/en-gb/model/9353/ducati-scrambler-street-classic,MEDIUM,REVIEW
MOTO-DIM-DUCATI-SCRAMBLERURBANENDURO-0001,Ducati,Scrambler Urban Enduro,,2016,2016,2016,2100.0,845.0,1150.0,1150.0,HANDLEBAR_WIDTH,UNKNOWN,UNKNOWN,1,1000ps,https://www.1000ps.com/en-gb/model/7946/ducati-scrambler-urban-enduro,MEDIUM,REVIEW
MOTO-DIM-DUCATI-SCRAMBLERURBANMOTARD-0001,Ducati,Scrambler Urban Motard,,2024,2024,2024,2100.0,867.0,1060.0,1060.0,UNKNOWN,UNKNOWN,UNKNOWN,1,1000ps,https://www.1000ps.com/en-gb/model/10851/ducati-scrambler-urban-motard,MEDIUM,REVIEW
MOTO-DIM-DUCATI-SS750-0001,Ducati,SS 750,,"2000,2098",,,2020.0,780.0,1100.0,1100.0,HANDLEBAR_WIDTH,UNKNOWN,UNKNOWN,2,motorcyclespecs,https://www.motorcyclespecs.co.za/model/ducati/ducati_750ss%2098.htm | https://www.motorcyclespecs.co.za/model/ducati/ducati_750ss_00.html,LOW,REVIEW
MOTO-DIM-DUCATI-SS750-0002,Ducati,SS 750,,2090,2090,2090,2020.0,710.0,1110.0,1110.0,UNKNOWN,UNKNOWN,UNKNOWN,1,motorcyclespecs,https://www.motorcyclespecs.co.za/model/ducati/ducati_750ss%2090.htm,LOW,REVIEW
MOTO-DIM-DUCATI-SS900-0001,Ducati,SS 900,,2098,2098,2098,2030.0,780.0,1125.0,1125.0,HANDLEBAR_WIDTH,UNKNOWN,UNKNOWN,1,motorcyclespecs,https://www.motorcyclespecs.co.za/model/ducati/ducati_900ss%2098.htm,LOW,REVIEW
MOTO-DIM-DUCATI-SS900-0002,Ducati,SS 900,,"1979,1982",,,2260.0,700.0,1280.0,1280.0,UNKNOWN,UNKNOWN,UNKNOWN,2,motorcyclespecs,https://www.motorcyclespecs.co.za/model/ducati/ducati_900_ss_82.html | https://www.motorcyclespecs.co.za/model/ducati/ducati_900ss_darmah_79.htm,LOW,REVIEW
MOTO-DIM-DUCATI-ST2-0001,Ducati,ST2,,2099,2099,2099,2070.0,910.0,1320.0,1320.0,HANDLEBAR_WIDTH,UNKNOWN,STANDARD,1,motorcyclespecs,https://www.motorcyclespecs.co.za/model/ducati/ducati_st2%2099.htm,LOW,REVIEW
MOTO-DIM-DUCATI-ST2-0002,Ducati,ST2,,"1997,2098",,,2070.0,910.0,1320.0,1320.0,HANDLEBAR_WIDTH,UNKNOWN,UNKNOWN,2,motorcyclespecs,https://www.motorcyclespecs.co.za/model/ducati/ducati_st2%2098.htm | https://www.motorcyclespecs.co.za/model/ducati/ducati_st2.htm,LOW,REVIEW
MOTO-DIM-DUCATI-ST2-0003,Ducati,ST2,,2003,2003,2003,2070.0,,1180.0,1180.0,UNKNOWN,UNKNOWN,STANDARD,1,bikez,https://bikez.com/motorcycles/ducati_st2_2003.php,LOW,REVIEW
MOTO-DIM-DUCATI-ST2-0004,Ducati,ST2,,2000,2000,2000,2070.0,,,,UNKNOWN,UNKNOWN,STANDARD,1,bikez,https://bikez.com/motorcycles/ducati_st2_2000.php,LOW,REVIEW
MOTO-DIM-DUCATI-ST3-0001,Ducati,ST3,,2004,2004,2004,2070.0,,1274.0,1274.0,UNKNOWN,UNKNOWN,STANDARD,1,bikez,https://bikez.com/motorcycles/ducati_st_3_2004.php,LOW,REVIEW
MOTO-DIM-DUCATI-ST4-0001,Ducati,ST4,,2099,2099,2099,2070.0,910.0,1180.0,1180.0,UNKNOWN,UNKNOWN,UNKNOWN,1,motorcyclespecs,https://www.motorcyclespecs.co.za/model/ducati/ducati_st4%2099.htm,LOW,REVIEW
MOTO-DIM-DUCATI-ST4-0002,Ducati,ST4,,1997,1997,1997,2070.0,910.0,1180.0,1180.0,UNKNOWN,UNKNOWN,STANDARD,1,motorcyclespecs,https://www.motorcyclespecs.co.za/model/ducati/ducati_st4.htm,LOW,REVIEW
MOTO-DIM-DUCATI-ST4-0003,Ducati,ST4,,2003,2003,2003,2070.0,,1180.0,1180.0,UNKNOWN,UNKNOWN,STANDARD,1,bikez,https://bikez.com/motorcycles/ducati_st4_2003.php,LOW,REVIEW
MOTO-DIM-DUCATI-ST4S-0001,Ducati,ST4S,,2001,2001,2001,2070.0,910.0,1274.0,1274.0,UNKNOWN,UNKNOWN,STANDARD,1,motorcyclespecs,https://www.motorcyclespecs.co.za/model/ducati/ducati_st4S.htm,LOW,REVIEW
MOTO-DIM-DUCATI-ST4S-0002,Ducati,ST4S,,2003,2003,2003,2070.0,,1180.0,1180.0,UNKNOWN,UNKNOWN,STANDARD,1,bikez,https://bikez.com/motorcycles/ducati_st4s_2003.php,LOW,REVIEW
MOTO-DIM-DUCATI-ST4SABS-0001,Ducati,ST4S ABS,,2005,2005,2005,2070.0,910.0,1274.0,1274.0,UNKNOWN,UNKNOWN,UNKNOWN,1,motorcyclespecs,https://www.motorcyclespecs.co.za/model/ducati/ducati_st4s_abs.%2005.htm,LOW,REVIEW
MOTO-DIM-DUCATI-ST4SABS-0002,Ducati,ST4S ABS,,2003,2003,2003,2070.0,910.0,1274.0,1274.0,UNKNOWN,UNKNOWN,STANDARD,1,motorcyclespecs,https://www.motorcyclespecs.co.za/model/ducati/ducati_st4s_abs%2003.htm,LOW,REVIEW
MOTO-DIM-DUCATI-ST4SABS-0003,Ducati,ST4S ABS,,2004,2004,2004,2070.0,,1274.0,1274.0,UNKNOWN,UNKNOWN,STANDARD,1,bikez,https://bikez.com/motorcycles/ducati_st_4_s_abs_2004.php,LOW,REVIEW
MOTO-DIM-DUCATI-STREETFIGHTER-0001,Ducati,Streetfighter,,2011,2011,2011,2102.0,775.0,1114.0,1114.0,UNKNOWN,UNKNOWN,STANDARD,1,motorcyclespecs,https://www.motorcyclespecs.co.za/model/ducati/ducati_streetfighter%2011.htm,LOW,REVIEW
MOTO-DIM-DUCATI-STREETFIGHTER-0002,Ducati,Streetfighter,,2010,2010,2010,2102.0,775.0,1114.0,1114.0,HANDLEBAR_WIDTH,UNKNOWN,STANDARD,1,motorcyclespecs,https://www.motorcyclespecs.co.za/model/ducati/ducati_streetfighter%2010.htm,LOW,REVIEW
MOTO-DIM-DUCATI-STREETFIGHTER-0003,Ducati,Streetfighter,,2009,2009,2009,2102.0,775.0,1114.0,1114.0,UNKNOWN,UNKNOWN,UNKNOWN,1,motorcyclespecs,https://www.motorcyclespecs.co.za/model/ducati/ducati_streetfighter.htm,LOW,REVIEW
MOTO-DIM-DUCATI-STREETFIGHTER-0004,Ducati,Streetfighter,,"2012,2014,2015",,,2120.0,840.0,1131.0,1131.0,HANDLEBAR_WIDTH,UNKNOWN,STANDARD,3,motorcyclespecs,https://www.motorcyclespecs.co.za/model/ducati/ducati_streetfighter%20848%2012.htm | https://www.motorcyclespecs.co.za/model/ducati/ducati_streetfighter%20848%2014.htm | https://www.motorcyclespecs.co.za/model/ducati/ducati_streetfighter%20848%2015.htm,LOW,REVIEW
MOTO-DIM-DUCATI-STREETFIGHTER848-0001,Ducati,Streetfighter 848,,"2012,2014,2015",,,2120.0,840.0,1131.0,1131.0,HANDLEBAR_WIDTH,UNKNOWN,STANDARD,3,motorcyclespecs,https://www.motorcyclespecs.co.za/model/ducati/ducati_streetfighter%20848%2012.htm | https://www.motorcyclespecs.co.za/model/ducati/ducati_streetfighter%20848%2014.htm | https://www.motorcyclespecs.co.za/model/ducati/ducati_streetfighter%20848%2015.htm,LOW,REVIEW
MOTO-DIM-DUCATI-STREETFIGHTERS-0001,Ducati,Streetfighter S,,"2009,2011,2013",,,2102.0,775.0,1114.0,1114.0,HANDLEBAR_WIDTH,UNKNOWN,STANDARD,3,motorcyclespecs,https://www.motorcyclespecs.co.za/model/ducati/ducati_streetfighterS%2013.htm | https://www.motorcyclespecs.co.za/model/ducati/ducati_streetfighterS%2011.htm | https://www.motorcyclespecs.co.za/model/ducati/ducati_streetfighterS%2009.htm,LOW,REVIEW
MOTO-DIM-DUCATI-STREETFIGHTERV4LAMBORGHINI-0001,Ducati,Streetfighter V4 Lamborghini,,2024,2024,2024,2127.0,833.0,1138.0,1138.0,UNKNOWN,UNKNOWN,UNKNOWN,1,1000ps,https://www.1000ps.com/en-gb/model/11682/ducati-streetfighter-v4-lamborghini,MEDIUM,REVIEW
MOTO-DIM-DUCATI-SUPERSPORT950-0001,Ducati,SuperSport 950,,2021,2021,2021,2095.0,860.0,1320.0,1320.0,UNKNOWN,UNKNOWN,STANDARD,1,bikez,https://bikez.com/motorcycles/ducati_supersport_950_2021.php,LOW,REVIEW
MOTO-DIM-DUCATI-XDIAVEL-0001,Ducati,XDiavel,,2016,2016,2016,2235.0,,,,UNKNOWN,UNKNOWN,STANDARD,1,bikez,https://bikez.com/motorcycles/ducati_xdiavel_2016.php,LOW,REVIEW
MOTO-DIM-DUCATI-XDIAVEL-0002,Ducati,XDiavel,,2018,2018,2018,2235.0,,,,UNKNOWN,UNKNOWN,STANDARD,1,bikez,https://bikez.com/motorcycles/ducati_xdiavel_2018.php,LOW,REVIEW
MOTO-DIM-DUCATI-XDIAVELS-0001,Ducati,XDiavel S,,2016,2016,2016,2235.0,,,,UNKNOWN,UNKNOWN,STANDARD,1,bikez,https://bikez.com/motorcycles/ducati_xdiavel_s_2016.php,LOW,REVIEW
MOTO-DIM-DUCATI-XDIAVELSNERA-0001,Ducati,XDiavel S Nera,,2016,2016,2016,2235.0,,,,UNKNOWN,UNKNOWN,STANDARD,1,bikez,https://bikez.com/motorcycles/ducati_xdiavel_s_2016.php,LOW,REVIEW
MOTO-DIM-ETON-MATRIX150-0001,E-TON,Matrix 150,,2011,2011,2011,166.0,101.0,107.0,107.0,UNKNOWN,UNKNOWN,UNKNOWN,1,1000ps,https://www.1000ps.com/en-gb/model/1841/e-ton-viper-150,LOW,REVIEW
MOTO-DIM-ETON-SPORT150-0001,E-TON,Sport 150,,2011,2011,2011,166.0,101.0,107.0,107.0,UNKNOWN,UNKNOWN,UNKNOWN,1,1000ps,https://www.1000ps.com/en-gb/model/1841/e-ton-viper-150,LOW,REVIEW
MOTO-DIM-ETON-MATRIX50-0001,E-TON,Matrix 50,,2011,2011,2011,116.0,65.0,73.0,73.0,UNKNOWN,UNKNOWN,UNKNOWN,1,1000ps,https://www.1000ps.com/en-gb/model/4287/e-ton-viper-50,LOW,REVIEW
MOTO-DIM-ETON-SPORT50-0001,E-TON,Sport 50,,2011,2011,2011,116.0,65.0,73.0,73.0,UNKNOWN,UNKNOWN,UNKNOWN,1,1000ps,https://www.1000ps.com/en-gb/model/4287/e-ton-viper-50,LOW,REVIEW
MOTO-DIM-FANTIC-CABALLEROEXPLORER500-0001,FANTIC,Caballero Explorer 500,,2025,2025,2025,2080.0,,,,UNKNOWN,UNKNOWN,UNKNOWN,1,1000ps,https://www.1000ps.com/en-gb/model/11090/fantic-caballero-explorer-500,MEDIUM,REVIEW
MOTO-DIM-GASGAS-EC200E-0001,Gas Gas,EC 200E,,2016,2016,2016,2200.0,830.0,1260.0,1260.0,UNKNOWN,UNKNOWN,UNKNOWN,1,motorcyclespecs,https://www.motorcyclespecs.co.za/model/Gas%20Gas/gas_gas_ec_200_15.htm,MEDIUM,REVIEW
MOTO-DIM-GASGAS-EC2504T-0001,Gas Gas,EC 250 4T,,2010,2010,2010,2200.0,830.0,1260.0,1260.0,UNKNOWN,UNKNOWN,UNKNOWN,1,motorcyclespecs,https://www.motorcyclespecs.co.za/model/Gas%20Gas/gas_gas_ec_250%20t4%2010.htm,MEDIUM,REVIEW
MOTO-DIM-HARLEYDAVIDSON-DL-0001,Harley-Davidson,DL,,2020,2020,2020,2415.0,,,,UNKNOWN,UNKNOWN,STANDARD,1,bikez,https://bikez.com/motorcycles/harley-davidson_deluxe_2020.php,LOW,REVIEW
MOTO-DIM-HARLEYDAVIDSON-ELWLIVEWIRE-0001,Harley-Davidson,ELW LiveWire,,2020,2020,2020,2136.1,830.6,1079.5,1079.5,UNKNOWN,UNKNOWN,STANDARD,1,motorcyclespecs,https://www.motorcyclespecs.co.za/model/h-d/Harley%20livewire-20.html,LOW,REVIEW
MOTO-DIM-HARLEYDAVIDSON-ELWLIVEWIRE-0002,Harley-Davidson,ELW LiveWire,,2021,2021,2021,2136.0,,,,UNKNOWN,UNKNOWN,STANDARD,1,bikez,https://bikez.com/motorcycles/harley-davidson_livewire_2021.php,LOW,REVIEW
MOTO-DIM-HARLEYDAVIDSON-F-0001,Harley-Davidson,F,,,,,2319.2,,,,UNKNOWN,UNKNOWN,UNKNOWN,1,motorcyclespecs,https://www.motorcyclespecs.co.za/model/h-d/harley_davidson_fxdxt_dyna_super%20T%20SP.htm,LOW,REVIEW
MOTO-DIM-HARLEYDAVIDSON-F-0002,Harley-Davidson,F,,1923,1923,1923,2365.0,965.0,,,UNKNOWN,UNKNOWN,UNKNOWN,1,bikedekho,https://www.bikedekho.com/harley-davidson/fat-boy/specifications,LOW,REVIEW
MOTO-DIM-HARLEYDAVIDSON-F-0003,Harley-Davidson,F,,1990,1990,1990,2370.0,1665.0,1085.0,1085.0,UNKNOWN,UNKNOWN,STANDARD,1,bikez,https://bikez.com/motorcycles/harley-davidson_fat_boy_1990.php,LOW,REVIEW
MOTO-DIM-HARLEYDAVIDSON-FLDSWITCHBACK-0001,Harley-Davidson,FLD Switchback,,2016,2016,2016,2360.0,,,,UNKNOWN,UNKNOWN,STANDARD,1,bikez,https://bikez.com/motorcycles/harley-davidson_dyna_switchback_2016.php,LOW,REVIEW
MOTO-DIM-HARLEYDAVIDSON-FLDSWITCHBACK-0002,Harley-Davidson,FLD Switchback,,2015,2015,2015,2360.0,,,,UNKNOWN,UNKNOWN,STANDARD,1,bikez,https://bikez.com/motorcycles/harley-davidson_dyna_switchback_2015.php,LOW,REVIEW
MOTO-DIM-HARLEYDAVIDSON-FLDSWITCHBACK-0003,Harley-Davidson,FLD Switchback,,2013,2013,2013,2360.0,,,,UNKNOWN,UNKNOWN,STANDARD,1,bikez,https://bikez.com/motorcycles/harley-davidson_dyna_switchback_2013.php,LOW,REVIEW
MOTO-DIM-HARLEYDAVIDSON-FLDSWITCHBACK-0004,Harley-Davidson,FLD Switchback,,2012,2012,2012,2357.0,,,,UNKNOWN,UNKNOWN,STANDARD,1,bikez,https://bikez.com/motorcycles/harley-davidson_fld_dyna_switchback_2012.php,LOW,REVIEW
MOTO-DIM-HARLEYDAVIDSON-FLF-0001,Harley-Davidson,FLF,,2017,2017,2017,2350.0,990.0,1100.0,1100.0,HANDLEBAR_WIDTH,UNKNOWN,STANDARD,1,1000ps,https://www.1000ps.com/en-gb/model/7030/harley-davidson-softail-slim-fls,MEDIUM,REVIEW
MOTO-DIM-HARLEYDAVIDSON-FLFB-0001,Harley-Davidson,FLFB,,2020,2020,2020,2370.0,,,,UNKNOWN,UNKNOWN,STANDARD,1,1000ps,https://www.1000ps.com/en-gb/model/9166/harley-davidson-softail-fat-boy-flfb,MEDIUM,REVIEW
MOTO-DIM-HARLEYDAVIDSON-FLFBFATBOY107-0001,Harley-Davidson,FLFB Fat Boy 107,,2018,2018,2018,2370.0,,,,UNKNOWN,UNKNOWN,UNKNOWN,1,motorcyclespecs,https://www.motorcyclespecs.co.za/model/h-d/harley_davidson_fat_boy_18.htm,MEDIUM,REVIEW
MOTO-DIM-HARLEYDAVIDSON-FLFBFATBOY117-0001,Harley-Davidson,FLFB Fat Boy 117,,2025,2025,2025,2365.0,965.0,1120.0,1120.0,UNKNOWN,UNKNOWN,STANDARD,1,motorcyclespecs,https://www.motorcyclespecs.co.za/model/h-d/harley-davidson-fat-boy-117-2025.html,LOW,REVIEW
MOTO-DIM-HARLEYDAVIDSON-FLFBFATBOY117-0002,Harley-Davidson,FLFB Fat Boy 117,,2026,2026,2026,2365.0,965.0,,,UNKNOWN,UNKNOWN,UNKNOWN,1,1000ps,https://www.1000ps.com/en-gb/model/13077/harley-davidson-fat-boy-117,LOW,REVIEW
MOTO-DIM-HARLEYDAVIDSON-FLFBSFATBOY114-0001,Harley-Davidson,FLFBS Fat Boy 114,,2018,2018,2018,2370.0,,,,UNKNOWN,UNKNOWN,UNKNOWN,1,motorcyclespecs,https://www.motorcyclespecs.co.za/model/h-d/harley_davidson_fat_boy_114_18.htm,LOW,REVIEW
MOTO-DIM-HARLEYDAVIDSON-FLFBSFATBOY114-0002,Harley-Davidson,FLFBS Fat Boy 114,,,,,2370.0,985.0,1095.0,1095.0,HANDLEBAR_WIDTH,UNKNOWN,STANDARD,1,motorcyclespecs,https://www.motorcyclespecs.co.za/model/h-d/harley_davidson_fat_boy_114_20.html,LOW,REVIEW
MOTO-DIM-HARLEYDAVIDSON-FLFBSFATBOY114-0003,Harley-Davidson,FLFBS Fat Boy 114,,2024,2024,2024,2370.0,985.0,1095.0,1095.0,UNKNOWN,UNKNOWN,UNKNOWN,1,1000ps,https://www.1000ps.com/en-gb/model/9140/harley-davidson-softail-fat-boy-114-flfbs,LOW,REVIEW
MOTO-DIM-HARLEYDAVIDSON-FLFBSFATBOY114-0004,Harley-Davidson,FLFBS Fat Boy 114,,2019,2019,2019,2370.0,,,,UNKNOWN,UNKNOWN,STANDARD,1,bikez,https://bikez.com/motorcycles/harley-davidson_softail_fat_boy_114_2019.php,LOW,REVIEW
MOTO-DIM-HARLEYDAVIDSON-FLHCSHERITAGECLASSIC114-0001,Harley-Davidson,FLHCS Heritage Classic 114,,2024,2024,2024,2415.0,,,,UNKNOWN,UNKNOWN,UNKNOWN,1,1000ps,https://www.1000ps.com/en-gb/model/9141/harley-davidson-softail-heritage-classic-114-flhcs,MEDIUM,REVIEW
MOTO-DIM-HARLEYDAVIDSON-FLHFB-0001,Harley-Davidson,FLHFB,,1923,1923,1923,2365.0,965.0,,,UNKNOWN,UNKNOWN,UNKNOWN,1,bikedekho,https://www.bikedekho.com/harley-davidson/fat-boy/specifications,LOW,REVIEW
MOTO-DIM-HARLEYDAVIDSON-FLHFB-0002,Harley-Davidson,FLHFB,,2011,2011,2011,2396.0,,,,UNKNOWN,UNKNOWN,STANDARD,1,bikez,https://bikez.com/motorcycles/harley-davidson_flstf_fat_boy_2011.php,LOW,REVIEW
MOTO-DIM-HARLEYDAVIDSON-FLHFB-0003,Harley-Davidson,FLHFB,,2003,2003,2003,2396.0,,,,UNKNOWN,UNKNOWN,STANDARD,1,bikez,https://bikez.com/motorcycles/harley-davidson_flstf_fat_boy_2003.php,LOW,REVIEW
MOTO-DIM-HARLEYDAVIDSON-FLHFB-0004,Harley-Davidson,FLHFB,,1999,1999,1999,2395.0,,,,UNKNOWN,UNKNOWN,STANDARD,1,bikez,https://bikez.com/motorcycles/harley-davidson_flstf_fat_boy_1999.php,LOW,REVIEW
MOTO-DIM-HARLEYDAVIDSON-FLHFB-0005,Harley-Davidson,FLHFB,,1990,1990,1990,2370.0,1665.0,1085.0,1085.0,UNKNOWN,UNKNOWN,STANDARD,1,bikez,https://bikez.com/motorcycles/harley-davidson_fat_boy_1990.php,LOW,REVIEW
MOTO-DIM-HARLEYDAVIDSON-FLHRROADKING-0001,Harley-Davidson,FLHR Road King,,2012,2012,2012,2413.0,,,,UNKNOWN,UNKNOWN,STANDARD,1,bikez,https://bikez.com/motorcycles/harley-davidson_flhr_road_king_2012.php,MEDIUM,REVIEW
MOTO-DIM-HARLEYDAVIDSON-FLHRROADKING-0002,Harley-Davidson,FLHR Road King,,2007,2007,2007,2380.0,,,,UNKNOWN,UNKNOWN,STANDARD,1,bikez,https://bikez.com/motorcycles/harley-davidson_flhr_road_king_2007.php,MEDIUM,REVIEW
MOTO-DIM-HARLEYDAVIDSON-FLHRCROADKINGCLASSIC-0001,Harley-Davidson,FLHRC Road King Classic,,2012,2012,2012,2393.0,,,,UNKNOWN,UNKNOWN,STANDARD,1,bikez,https://bikez.com/motorcycles/harley-davidson_flhrc_road_king_classic_2012.php,MEDIUM,REVIEW
MOTO-DIM-HARLEYDAVIDSON-FLHRCROADKINGCLASSIC-0002,Harley-Davidson,FLHRC Road King Classic,,2009,2009,2009,2400.0,,,,UNKNOWN,UNKNOWN,STANDARD,1,bikez,https://bikez.com/motorcycles/harley-davidson_flhrc_road_king_classic_2009.php,MEDIUM,REVIEW
MOTO-DIM-HARLEYDAVIDSON-FLHRCROADKINGCLASSIC-0003,Harley-Davidson,FLHRC Road King Classic,,2007,2007,2007,2380.0,,,,UNKNOWN,UNKNOWN,STANDARD,1,bikez,https://bikez.com/motorcycles/harley-davidson_flhrc_road_king_classic_2007.php,MEDIUM,REVIEW
MOTO-DIM-HARLEYDAVIDSON-FLHRCIROADKINGCLASSIC-0001,Harley-Davidson,FLHRCI Road King Classic,,2006,2006,2006,2380.0,,,,UNKNOWN,UNKNOWN,STANDARD,1,bikez,https://bikez.com/motorcycles/harley-davidson_flhrci_road_king_classic_2006.php,MEDIUM,REVIEW
MOTO-DIM-HARLEYDAVIDSON-FLHRCIROADKINGCLASSIC-0002,Harley-Davidson,FLHRCI Road King Classic,,2003,2003,2003,2440.0,,,,UNKNOWN,UNKNOWN,STANDARD,1,bikez,https://bikez.com/motorcycles/harley-davidson_flhrci_road_king_classic_2003.php,MEDIUM,REVIEW
MOTO-DIM-HARLEYDAVIDSON-FLHRIROADKING-0001,Harley-Davidson,FLHRI Road King,,2006,2006,2006,2380.0,,,,UNKNOWN,UNKNOWN,STANDARD,1,bikez,https://bikez.com/motorcycles/harley-davidson_flhri_road_king_2006.php,MEDIUM,REVIEW
MOTO-DIM-HARLEYDAVIDSON-FLHRIROADKING-0002,Harley-Davidson,FLHRI Road King,,2005,2005,2005,2440.0,,,,UNKNOWN,UNKNOWN,STANDARD,1,bikez,https://bikez.com/motorcycles/harley-davidson_flhri_road_king_2005.php,MEDIUM,REVIEW
MOTO-DIM-HARLEYDAVIDSON-FLHRIROADKING-0003,Harley-Davidson,FLHRI Road King,,2004,2004,2004,2440.0,,,,UNKNOWN,UNKNOWN,STANDARD,1,bikez,https://bikez.com/motorcycles/harley-davidson_flhri_road_king_2004.php,MEDIUM,REVIEW
MOTO-DIM-HARLEYDAVIDSON-FLHRSROADKINGCUSTOM-0001,Harley-Davidson,FLHRS Road King Custom,,2007,2007,2007,2380.0,,,,UNKNOWN,UNKNOWN,STANDARD,1,bikez,https://bikez.com/motorcycles/harley-davidson_flhrs_road_king_custom_2007.php,MEDIUM,REVIEW
MOTO-DIM-HARLEYDAVIDSON-FLHRSROADKINGCUSTOM-0002,Harley-Davidson,FLHRS Road King Custom,,2006,2006,2006,2380.0,,,,UNKNOWN,UNKNOWN,STANDARD,1,bikez,https://bikez.com/motorcycles/harley-davidson_flhrs_road_king_custom_2006.php,MEDIUM,REVIEW
MOTO-DIM-HARLEYDAVIDSON-FLHRSEISCREAMINEAGLEROADKING-0001,Harley-Davidson,FLHRSEI Screamin Eagle Road King,,2008,2008,2008,2390.0,,,,UNKNOWN,UNKNOWN,STANDARD,1,bikez,https://bikez.com/motorcycles/harley-davidson_flhrse_screamin_eagle_road_king_2008.php,MEDIUM,REVIEW
MOTO-DIM-HARLEYDAVIDSON-FLHRSEI2SCREAMINEAGLEROADKING2-0001,Harley-Davidson,FLHRSEI2 Screamin Eagle Road King 2,,2003,2003,2003,2380.0,,,,UNKNOWN,UNKNOWN,STANDARD,1,motorcyclespecs,https://www.motorcyclespecs.co.za/model/h-d/harley_davidson_FLTRSEI%20Screaming%20Eagle%20Road%20King%2003.htm,MEDIUM,REVIEW
MOTO-DIM-HARLEYDAVIDSON-FLHRSIROADKINGCUSTOM-0001,Harley-Davidson,FLHRSI Road King Custom,,2006,2006,2006,2380.0,,,,UNKNOWN,UNKNOWN,STANDARD,1,bikez,https://bikez.com/motorcycles/harley-davidson_flhrsi_road_king_custom_2006.php,MEDIUM,REVIEW
MOTO-DIM-HARLEYDAVIDSON-FLHRSIROADKINGCUSTOM-0002,Harley-Davidson,FLHRSI Road King Custom,,2005,2005,2005,2440.0,,,,UNKNOWN,UNKNOWN,STANDARD,1,bikez,https://bikez.com/motorcycles/harley-davidson_flhrsi_road_king_custom_2005.php,MEDIUM,REVIEW
MOTO-DIM-HARLEYDAVIDSON-FLHRSIROADKINGCUSTOM-0003,Harley-Davidson,FLHRSI Road King Custom,,2004,2004,2004,2440.0,,,,UNKNOWN,UNKNOWN,STANDARD,1,bikez,https://bikez.com/motorcycles/harley-davidson_flhrsi_road_king_custom_2004.php,MEDIUM,REVIEW
MOTO-DIM-HARLEYDAVIDSON-FLHRXSROADKINGSPECIAL-0001,Harley-Davidson,FLHRXS Road King Special,,2025,2025,2025,2420.0,990.0,1150.0,1150.0,UNKNOWN,UNKNOWN,UNKNOWN,1,1000ps,https://www.1000ps.com/en-gb/model/9043/harley-davidson-touring-road-king-special-flhrxs,MEDIUM,REVIEW
MOTO-DIM-HARLEYDAVIDSON-FLHTELECTRAGLIDESTANDARD-0001,Harley-Davidson,FLHT Electra Glide Standard,,2010,2010,2010,2460.0,,,,UNKNOWN,UNKNOWN,STANDARD,1,bikez,https://bikez.com/motorcycles/harley-davidson_flht_electra_glide_standard_2010.php,MEDIUM,REVIEW
MOTO-DIM-HARLEYDAVIDSON-FLHTELECTRAGLIDESTANDARD-0002,Harley-Davidson,FLHT Electra Glide Standard,,2006,2006,2006,2380.0,,,,UNKNOWN,UNKNOWN,STANDARD,1,bikez,https://bikez.com/motorcycles/harley-davidson_flht_electra_glide_standard_2006.php,MEDIUM,REVIEW
MOTO-DIM-HARLEYDAVIDSON-FLHTCELECTRAGLIDECLASSIC-0001,Harley-Davidson,FLHTC Electra Glide Classic,,2012,2012,2012,2497.0,,,,UNKNOWN,UNKNOWN,STANDARD,1,bikez,https://bikez.com/motorcycles/harley-davidson_flhtc_electra_glide_classic_2012.php,MEDIUM,REVIEW
MOTO-DIM-HARLEYDAVIDSON-FLHTCELECTRAGLIDECLASSIC-0002,Harley-Davidson,FLHTC Electra Glide Classic,,2009,2009,2009,2469.0,,1549.0,1549.0,UNKNOWN,UNKNOWN,STANDARD,1,bikez,https://bikez.com/motorcycles/harley-davidson_flhtc_electra_glide_classic_2009.php,MEDIUM,REVIEW
MOTO-DIM-HARLEYDAVIDSON-FLHTCELECTRAGLIDECLASSIC-0003,Harley-Davidson,FLHTC Electra Glide Classic,,2002,2002,2002,2475.0,,,,UNKNOWN,UNKNOWN,STANDARD,1,bikez,https://bikez.com/motorcycles/harley-davidson_flhtc_electra_glide_classic_2002.php,MEDIUM,REVIEW
MOTO-DIM-HARLEYDAVIDSON-FLHTCIELECTRAGLIDECLASSIC-0001,Harley-Davidson,FLHTCI Electra Glide Classic,,2006,2006,2006,2477.0,,,,UNKNOWN,UNKNOWN,STANDARD,1,bikez,https://bikez.com/motorcycles/harley-davidson_flhtci_electra_glide_classic_2006.php,MEDIUM,REVIEW
MOTO-DIM-HARLEYDAVIDSON-FLHTCSESCREAMINEAGLEELECTRAGLIDE-0001,Harley-Davidson,FLHTCSE Screamin Eagle Electra Glide,,2006,2006,2006,2464.0,,,,UNKNOWN,UNKNOWN,STANDARD,1,bikez,https://bikez.com/motorcycles/harley-davidson_flhtcuse_screamin_eagle_ultra_classic_electra_glide_2006.php,MEDIUM,REVIEW
MOTO-DIM-HARLEYDAVIDSON-FLHTCSESCREAMINEAGLEELECTRAGLIDE-0002,Harley-Davidson,FLHTCSE Screamin Eagle Electra Glide,,2008,2008,2008,2400.0,,,,UNKNOWN,UNKNOWN,STANDARD,1,bikez,https://bikez.com/motorcycles/harley-davidson_flhtcuse_screamin´_eagle_ultra_classic_electra_glide_2008.php,MEDIUM,REVIEW
MOTO-DIM-HARLEYDAVIDSON-FLHTCSE2SCREAMINEAGLEELECTRAGLIDE2-0001,Harley-Davidson,FLHTCSE2 Screamin Eagle Electra Glide 2,,2007,2007,2007,2504.0,965.0,1549.0,1549.0,HANDLEBAR_WIDTH,UNKNOWN,STANDARD,1,motorcyclespecs,https://www.motorcyclespecs.co.za/model/h-d/harley_davidson_flhtcuse2_scream%2007.htm,MEDIUM,REVIEW
MOTO-DIM-HARLEYDAVIDSON-FLHTCUSESCREAMINEAGLEULTRACLASSICELECTRAGLIDE-0001,Harley-Davidson,FLHTCUSE Screamin Eagle Ultra Classic Electra Glide,,2006,2006,2006,2464.0,,,,UNKNOWN,UNKNOWN,STANDARD,1,bikez,https://bikez.com/motorcycles/harley-davidson_flhtcuse_screamin_eagle_ultra_classic_electra_glide_2006.php,MEDIUM,REVIEW
MOTO-DIM-HARLEYDAVIDSON-FLHTCUSESCREAMINEAGLEULTRACLASSICELECTRAGLIDE-0002,Harley-Davidson,FLHTCUSE Screamin Eagle Ultra Classic Electra Glide,,2008,2008,2008,2400.0,,,,UNKNOWN,UNKNOWN,STANDARD,1,bikez,https://bikez.com/motorcycles/harley-davidson_flhtcuse_screamin´_eagle_ultra_classic_electra_glide_2008.php,MEDIUM,REVIEW
MOTO-DIM-HARLEYDAVIDSON-FLHTCULELECTRAGLIDEULTRACLASSICLOW-0001,Harley-Davidson,FLHTCUL Electra Glide Ultra Classic Low,,2016,2016,2016,2600.0,,,,UNKNOWN,UNKNOWN,WITH_TOP_BOX,1,bikez,https://bikez.com/motorcycles/harley-davidson_electra_glide_ultra_classic_low_2016.php,MEDIUM,REVIEW
MOTO-DIM-HARLEYDAVIDSON-FLHTCULELECTRAGLIDEULTRACLASSICLOW-0002,Harley-Davidson,FLHTCUL Electra Glide Ultra Classic Low,,2015,2015,2015,2600.0,,,,UNKNOWN,UNKNOWN,WITH_TOP_BOX,1,bikez,https://bikez.com/motorcycles/harley-davidson_electra_glide_ultra_classic_low_2015.php,MEDIUM,REVIEW
MOTO-DIM-HARLEYDAVIDSON-FLHTCUSE3SCREAMINEAGLEULTRACLASSICELECTRAGLIDE-0001,Harley-Davidson,FLHTCUSE3 Screamin Eagle Ultra Classic Electra Glide,,2008,2008,2008,2504.0,965.0,1549.0,1549.0,HANDLEBAR_WIDTH,UNKNOWN,STANDARD,1,motorcyclespecs,https://www.motorcyclespecs.co.za/model/h-d/harley_davidson_FLHTCUSE3%20Ultra%20Classic%20Electra%20Glide%20%2008.htm,MEDIUM,REVIEW
MOTO-DIM-HARLEYDAVIDSON-FLHTCUSE4CVOULTRACLASSICELECTRAGLIDE-0001,Harley-Davidson,FLHTCUSE4 CVO Ultra Classic Electra Glide,,2009,2009,2009,2494.0,,,,UNKNOWN,UNKNOWN,STANDARD,1,bikez,https://bikez.com/motorcycles/harley-davidson_flhtcuse4_cvo_ultra_classic_electra_glide_2009.php,MEDIUM,REVIEW
MOTO-DIM-HARLEYDAVIDSON-FLHTCUSE5CVOULTRACLASSICELECTRAGLIDE-0001,Harley-Davidson,FLHTCUSE5 CVO Ultra Classic Electra Glide,,2010,2010,2010,2535.0,,,,UNKNOWN,UNKNOWN,STANDARD,1,bikez,https://bikez.com/motorcycles/harley-davidson_flhtcuse5_cvo_ultra_classic_electra_glide_2010.php,MEDIUM,REVIEW
MOTO-DIM-HARLEYDAVIDSON-FLHTCUSE6CVOULTRACLASSICELECTRAGLIDE-0001,Harley-Davidson,FLHTCUSE6 CVO Ultra Classic Electra Glide,,2011,2011,2011,2535.0,,,,UNKNOWN,UNKNOWN,STANDARD,1,bikez,https://bikez.com/motorcycles/harley-davidson_flhtcuse6_cvo_ultra_classic_electra_glide_2011.php,MEDIUM,REVIEW
MOTO-DIM-HARLEYDAVIDSON-FLHTCUSE7CVOULTRACLASSICELECTRAGLIDE-0001,Harley-Davidson,FLHTCUSE7 CVO Ultra Classic Electra Glide,,2012,2012,2012,2510.0,,,,UNKNOWN,UNKNOWN,STANDARD,1,bikez,https://bikez.com/motorcycles/harley-davidson_flhtcuse7_cvo_ultra_classic_electra_glide_2012.php,MEDIUM,REVIEW
MOTO-DIM-HARLEYDAVIDSON-FLHTCUSE8CVOULTRACLASSICELECTRAGLIDE-0001,Harley-Davidson,FLHTCUSE8 CVO Ultra Classic Electra Glide,,2013,2013,2013,2504.0,965.0,1549.0,1549.0,HANDLEBAR_WIDTH,UNKNOWN,STANDARD,1,motorcyclespecs,https://www.motorcyclespecs.co.za/model/h-d/harley_davidson_flhtcuse_cvo_ul%20da%2013.htm,MEDIUM,REVIEW
MOTO-DIM-HARLEYDAVIDSON-FLHTIELECTRAGLIDESTANDARD-0001,Harley-Davidson,FLHTI Electra Glide Standard,,2006,2006,2006,2380.0,,,,UNKNOWN,UNKNOWN,STANDARD,1,bikez,https://bikez.com/motorcycles/harley-davidson_flhti_electra_glide_standard_2006.php,MEDIUM,REVIEW
MOTO-DIM-HARLEYDAVIDSON-FLHTIELECTRAGLIDESTANDARD-0002,Harley-Davidson,FLHTI Electra Glide Standard,,2005,2005,2005,2440.0,,,,UNKNOWN,UNKNOWN,STANDARD,1,bikez,https://bikez.com/motorcycles/harley-davidson_flhti_electra_glide_standard_2005.php,MEDIUM,REVIEW
MOTO-DIM-HARLEYDAVIDSON-FLHTKELECTRAGLIDEULTRALIMITED-0001,Harley-Davidson,FLHTK Electra Glide Ultra Limited,,2012,2012,2012,2504.0,,,,UNKNOWN,UNKNOWN,STANDARD,1,bikez,https://bikez.com/motorcycles/harley-davidson_flhtk_electra_glide_ultra_limited_2012.php,MEDIUM,REVIEW
MOTO-DIM-HARLEYDAVIDSON-FLHTKELECTRAGLIDEULTRALIMITED-0002,Harley-Davidson,FLHTK Electra Glide Ultra Limited,,2011,2011,2011,2525.0,,,,UNKNOWN,UNKNOWN,STANDARD,1,bikez,https://bikez.com/motorcycles/harley-davidson_flhtk_electra_glide_ultra_limited_2011.php,MEDIUM,REVIEW
MOTO-DIM-HARLEYDAVIDSON-FLHTKELECTRAGLIDEULTRALIMITED-0003,Harley-Davidson,FLHTK Electra Glide Ultra Limited,,2010,2010,2010,2525.0,,,,UNKNOWN,UNKNOWN,STANDARD,1,bikez,https://bikez.com/motorcycles/harley-davidson_flhtk_electra_glide_ultra_limited_2010.php,MEDIUM,REVIEW
MOTO-DIM-HARLEYDAVIDSON-FLHTKULTRALIMITED-0001,Harley-Davidson,FLHTK Ultra Limited,,2015,2015,2015,2600.0,,,,UNKNOWN,UNKNOWN,WITH_TOP_BOX,1,bikez,https://bikez.com/motorcycles/harley-davidson_electra_glide_ultra_limited_2015.php,LOW,REVIEW
MOTO-DIM-HARLEYDAVIDSON-FLHTKULTRALIMITED-0002,Harley-Davidson,FLHTK Ultra Limited,,2013,2013,2013,2504.0,,,,UNKNOWN,UNKNOWN,WITH_TOP_BOX,1,bikez,https://bikez.com/motorcycles/harley-davidson_electra_glide_ultra_limited_2013.php,LOW,REVIEW
MOTO-DIM-HARLEYDAVIDSON-FLHTKULTRALIMITED-0003,Harley-Davidson,FLHTK Ultra Limited,,2012,2012,2012,2504.0,,,,UNKNOWN,UNKNOWN,STANDARD,1,bikez,https://bikez.com/motorcycles/harley-davidson_flhtk_electra_glide_ultra_limited_2012.php,LOW,REVIEW
MOTO-DIM-HARLEYDAVIDSON-FLHTKULTRALIMITED-0004,Harley-Davidson,FLHTK Ultra Limited,,2011,2011,2011,2525.0,,,,UNKNOWN,UNKNOWN,STANDARD,1,bikez,https://bikez.com/motorcycles/harley-davidson_flhtk_electra_glide_ultra_limited_2011.php,LOW,REVIEW
MOTO-DIM-HARLEYDAVIDSON-FLHTKULTRALIMITED-0005,Harley-Davidson,FLHTK Ultra Limited,,2010,2010,2010,2525.0,,,,UNKNOWN,UNKNOWN,STANDARD,1,bikez,https://bikez.com/motorcycles/harley-davidson_flhtk_electra_glide_ultra_limited_2010.php,LOW,REVIEW
MOTO-DIM-HARLEYDAVIDSON-FLHTKLULTRALIMITEDLOW-0001,Harley-Davidson,FLHTKL Ultra Limited Low,,,,,2600.0,,,,UNKNOWN,UNKNOWN,STANDARD,1,motorcyclespecs,https://www.motorcyclespecs.co.za/model/h-d/harley_davidson_ultra-limited_low_19.html,MEDIUM,REVIEW
MOTO-DIM-HARLEYDAVIDSON-FLHTKLULTRALIMITEDLOW-0002,Harley-Davidson,FLHTKL Ultra Limited Low,,2017,2017,2017,2585.7,,,,UNKNOWN,UNKNOWN,STANDARD,1,motorcyclespecs,https://www.motorcyclespecs.co.za/model/h-d/harley_davidson_FLHTKL%20low%2017.htm,LOW,REVIEW
MOTO-DIM-HARLEYDAVIDSON-FLHTKLULTRALIMITEDLOW-0003,Harley-Davidson,FLHTKL Ultra Limited Low,,2015,2015,2015,2600.0,,,,UNKNOWN,UNKNOWN,STANDARD,1,motorcyclespecs,https://www.motorcyclespecs.co.za/model/h-d/harley_davidson_FLHTKL%20low%2015.htm,LOW,REVIEW
MOTO-DIM-HARLEYDAVIDSON-FLHTKLULTRALIMITEDLOW-0004,Harley-Davidson,FLHTKL Ultra Limited Low,,2020,2020,2020,2600.0,,,,UNKNOWN,UNKNOWN,UNKNOWN,1,1000ps,https://www.1000ps.com/en-gb/model/7942/harley-davidson-electra-glide-ultra-limited-low-flhtkl,LOW,REVIEW
MOTO-DIM-HARLEYDAVIDSON-FLHTKLULTRALIMITEDLOW-0005,Harley-Davidson,FLHTKL Ultra Limited Low,,2018,2018,2018,2600.0,,,,UNKNOWN,UNKNOWN,WITH_TOP_BOX,1,bikez,https://bikez.com/motorcycles/harley-davidson_ultra_limited_low_2018.php,LOW,REVIEW
MOTO-DIM-HARLEYDAVIDSON-FLHTKLULTRALIMITEDLOW-0006,Harley-Davidson,FLHTKL Ultra Limited Low,,2016,2016,2016,2600.0,,,,UNKNOWN,UNKNOWN,WITH_TOP_BOX,1,bikez,https://bikez.com/motorcycles/harley-davidson_ultra_limited_low_2016.php,LOW,REVIEW
MOTO-DIM-HARLEYDAVIDSON-FLHTKSECVOLIMITED-0001,Harley-Davidson,FLHTKSE CVO Limited,,2021,2021,2021,2600.0,1090.0,1440.0,1440.0,UNKNOWN,UNKNOWN,UNKNOWN,1,1000ps,https://www.1000ps.com/en-gb/model/9647/harley-davidson-cvo-limited-flhtkse,MEDIUM,REVIEW
MOTO-DIM-HARLEYDAVIDSON-FLHXSTREETGLIDE-0001,Harley-Davidson,FLHX Street Glide,,2012,2012,2012,2413.0,,,,UNKNOWN,UNKNOWN,STANDARD,1,bikez,https://bikez.com/motorcycles/harley-davidson_flhx_street_glide_2012.php,MEDIUM,REVIEW
MOTO-DIM-HARLEYDAVIDSON-FLHXSTREETGLIDE-0002,Harley-Davidson,FLHX Street Glide,,2009,2009,2009,2430.0,,,,UNKNOWN,UNKNOWN,STANDARD,1,bikez,https://bikez.com/motorcycles/harley-davidson_flhx_street_glide_2009.php,MEDIUM,REVIEW
MOTO-DIM-HARLEYDAVIDSON-FLHXSTREETGLIDE-0003,Harley-Davidson,FLHX Street Glide,,2006,2006,2006,2400.0,,,,UNKNOWN,UNKNOWN,STANDARD,1,bikez,https://bikez.com/motorcycles/harley-davidson_flhx_street_glide_2006.php,MEDIUM,REVIEW
MOTO-DIM-HARLEYDAVIDSON-FLHXISTREETGLIDE-0001,Harley-Davidson,FLHXI Street Glide,,2006,2006,2006,2400.0,,,,UNKNOWN,UNKNOWN,STANDARD,1,bikez,https://bikez.com/motorcycles/harley-davidson_flhxi_street_glide_2006.php,MEDIUM,REVIEW
MOTO-DIM-HARLEYDAVIDSON-FLHXSSTREETGLIDESPECIAL-0001,Harley-Davidson,FLHXS Street Glide Special,,,,,2450.0,960.0,1350.0,1350.0,HANDLEBAR_WIDTH,UNKNOWN,STANDARD,1,motorcyclespecs,https://www.motorcyclespecs.co.za/model/h-d/harley_davidson_street_glid_special_19.html,MEDIUM,REVIEW
MOTO-DIM-HARLEYDAVIDSON-FLHXSECVOSTREETGLIDE-0001,Harley-Davidson,FLHXSE CVO Street Glide,,2010,2010,2010,2450.0,,,,UNKNOWN,UNKNOWN,STANDARD,1,bikez,https://bikez.com/motorcycles/harley-davidson_flhxse_cvo_street_glide_2010.php,MEDIUM,REVIEW
MOTO-DIM-HARLEYDAVIDSON-FLHXSECVOSTREETGLIDE-0002,Harley-Davidson,FLHXSE CVO Street Glide,,2012,2012,2012,2443.0,,,,UNKNOWN,UNKNOWN,STANDARD,1,bikez,https://bikez.com/motorcycles/harley-davidson_flhxse3_cvo_street_glide_2012.php,MEDIUM,REVIEW
MOTO-DIM-HARLEYDAVIDSON-FLHXSECVOSTREETGLIDE-0003,Harley-Davidson,FLHXSE CVO Street Glide,,2011,2011,2011,2443.0,,,,UNKNOWN,UNKNOWN,STANDARD,1,bikez,https://bikez.com/motorcycles/harley-davidson_flhxse2_cvo_street_glide_2011.php,MEDIUM,REVIEW
MOTO-DIM-HARLEYDAVIDSON-FLHXSE2CVOSTREETGLIDE-0001,Harley-Davidson,FLHXSE2 CVO Street Glide,,2011,2011,2011,2443.0,,,,UNKNOWN,UNKNOWN,STANDARD,1,bikez,https://bikez.com/motorcycles/harley-davidson_flhxse2_cvo_street_glide_2011.php,MEDIUM,REVIEW
MOTO-DIM-HARLEYDAVIDSON-FLHXSE3CVOSTREETGLIDE-0001,Harley-Davidson,FLHXSE3 CVO Street Glide,,2012,2012,2012,2443.0,,,,UNKNOWN,UNKNOWN,STANDARD,1,bikez,https://bikez.com/motorcycles/harley-davidson_flhxse3_cvo_street_glide_2012.php,MEDIUM,REVIEW
MOTO-DIM-HARLEYDAVIDSON-FLHXSTSTREETGLIDEST-0001,Harley-Davidson,FLHXST Street Glide ST,,2016,2016,2016,2450.0,,,,UNKNOWN,UNKNOWN,STANDARD,1,motorcyclespecs,https://www.motorcyclespecs.co.za/model/h-d/harley_davidson_flhx_street_glid_16.htm,LOW,REVIEW
MOTO-DIM-HARLEYDAVIDSON-FLHXSTSTREETGLIDEST-0002,Harley-Davidson,FLHXST Street Glide ST,,,,,2424.0,,,,UNKNOWN,UNKNOWN,STANDARD,1,motorcyclespecs,https://www.motorcyclespecs.co.za/model/h-d/harley_davidson_street_glid_19.html,LOW,REVIEW
MOTO-DIM-HARLEYDAVIDSON-FLHXSTSTREETGLIDEST-0003,Harley-Davidson,FLHXST Street Glide ST,,,,,2450.0,960.0,1350.0,1350.0,UNKNOWN,UNKNOWN,STANDARD,1,motorcyclespecs,https://www.motorcyclespecs.co.za/model/h-d/harley_davidson_street_glid_21.html,LOW,REVIEW
MOTO-DIM-HARLEYDAVIDSON-FLHXSTSTREETGLIDEST-0004,Harley-Davidson,FLHXST Street Glide ST,,1923,1923,1923,2410.0,975.0,,,UNKNOWN,UNKNOWN,UNKNOWN,1,bikedekho,https://www.bikedekho.com/harley-davidson/street-glide/specifications,LOW,REVIEW
MOTO-DIM-HARLEYDAVIDSON-FLHXSTSTREETGLIDEST-0005,Harley-Davidson,FLHXST Street Glide ST,,2019,2019,2019,2450.0,,,,UNKNOWN,UNKNOWN,STANDARD,1,bikez,https://bikez.com/motorcycles/harley-davidson_street_glide_2019.php,LOW,REVIEW
MOTO-DIM-HARLEYDAVIDSON-FLHXSTSTREETGLIDEST-0006,Harley-Davidson,FLHXST Street Glide ST,,2013,2013,2013,2413.0,,,,UNKNOWN,UNKNOWN,STANDARD,1,bikez,https://bikez.com/motorcycles/harley-davidson_street_glide_2013.php,LOW,REVIEW
MOTO-DIM-HARLEYDAVIDSON-FLHXSTSTREETGLIDEST-0007,Harley-Davidson,FLHXST Street Glide ST,,2012,2012,2012,2413.0,,,,UNKNOWN,UNKNOWN,STANDARD,1,bikez,https://bikez.com/motorcycles/harley-davidson_flhx_street_glide_2012.php,LOW,REVIEW
MOTO-DIM-HARLEYDAVIDSON-FLHXSTSTREETGLIDEST-0008,Harley-Davidson,FLHXST Street Glide ST,,2009,2009,2009,2430.0,,,,UNKNOWN,UNKNOWN,STANDARD,1,bikez,https://bikez.com/motorcycles/harley-davidson_flhx_street_glide_2009.php,LOW,REVIEW
MOTO-DIM-HARLEYDAVIDSON-FLHXSTSTREETGLIDEST-0009,Harley-Davidson,FLHXST Street Glide ST,,2006,2006,2006,2400.0,,,,UNKNOWN,UNKNOWN,STANDARD,1,bikez,https://bikez.com/motorcycles/harley-davidson_flhx_street_glide_2006.php,LOW,REVIEW
MOTO-DIM-HARLEYDAVIDSON-FLHXUSTREETGLIDEULTRA-0001,Harley-Davidson,FLHXU Street Glide Ultra,,2025,2025,2025,2590.0,980.0,1450.0,1450.0,UNKNOWN,UNKNOWN,STANDARD,1,motorcyclespecs,https://www.motorcyclespecs.co.za/model/h-d/harley-davidson-street-glide-ultra-25.html,LOW,REVIEW
MOTO-DIM-HARLEYDAVIDSON-FLSSOFTAILSLIM-0001,Harley-Davidson,FLS Softail Slim,,2017,2017,2017,2350.0,990.0,1100.0,1100.0,HANDLEBAR_WIDTH,UNKNOWN,STANDARD,1,1000ps,https://www.1000ps.com/en-gb/model/7030/harley-davidson-softail-slim-fls,MEDIUM,REVIEW
MOTO-DIM-HARLEYDAVIDSON-FLIHYDRAGLIDEREVIVAL-0001,Harley-Davidson,FLI Hydra-Glide Revival,,2024,2024,2024,2415.0,,,,UNKNOWN,UNKNOWN,STANDARD,1,motorcyclespecs,https://www.motorcyclespecs.co.za/model/h-d/harley-davidson-hydra-glide-revivel-2024.html,LOW,REVIEW
MOTO-DIM-HARLEYDAVIDSON-FLIHYDRAHYDRAGLIDEREVIVAL-0001,Harley-Davidson,FLIHYDRA Hydra-Glide Revival,,2024,2024,2024,2415.0,,,,UNKNOWN,UNKNOWN,STANDARD,1,motorcyclespecs,https://www.motorcyclespecs.co.za/model/h-d/harley-davidson-hydra-glide-revivel-2024.html,LOW,REVIEW
MOTO-DIM-HARLEYDAVIDSON-FLSSSOFTAILSLIMS-0001,Harley-Davidson,FLSS Softail Slim S,,2016,2016,2016,2350.0,,,,UNKNOWN,UNKNOWN,UNKNOWN,1,motorcyclespecs,https://www.motorcyclespecs.co.za/model/h-d/harley_davidson_fls_slim_s_16.htm,LOW,REVIEW
MOTO-DIM-HARLEYDAVIDSON-FLSSSOFTAILSLIMS-0002,Harley-Davidson,FLSS Softail Slim S,,2017,2017,2017,2350.0,990.0,1100.0,1100.0,UNKNOWN,UNKNOWN,STANDARD,1,1000ps,https://www.1000ps.com/en-gb/model/8359/harley-davidson-softail-slim-s,LOW,REVIEW
MOTO-DIM-HARLEYDAVIDSON-FLSTHERITAGESOFTAIL-0001,Harley-Davidson,FLST Heritage Softail,,2006,2006,2006,2400.0,,,,UNKNOWN,UNKNOWN,STANDARD,1,bikez,https://bikez.com/motorcycles/harley-davidson_flst_heritage_softail_2006.php,LOW,REVIEW
MOTO-DIM-HARLEYDAVIDSON-FLSTCHERITAGESOFTAILCLASSIC-0001,Harley-Davidson,FLSTC Heritage Softail Classic,,2012,2012,2012,2400.0,,,,UNKNOWN,UNKNOWN,STANDARD,1,bikez,https://bikez.com/motorcycles/harley-davidson_flstc_heritage_softail_classic_2012.php,MEDIUM,REVIEW
MOTO-DIM-HARLEYDAVIDSON-FLSTCHERITAGESOFTAILCLASSIC-0002,Harley-Davidson,FLSTC Heritage Softail Classic,,2007,2007,2007,2400.0,,,,UNKNOWN,UNKNOWN,STANDARD,1,bikez,https://bikez.com/motorcycles/harley-davidson_flstc_heritage_softail_classic_2007.php,MEDIUM,REVIEW
MOTO-DIM-HARLEYDAVIDSON-FLSTCIHERITAGESOFTAILCLASSIC-0001,Harley-Davidson,FLSTCI Heritage Softail Classic,,2006,2006,2006,2400.0,,,,UNKNOWN,UNKNOWN,STANDARD,1,bikez,https://bikez.com/motorcycles/harley-davidson_flstci_heritage_softail_classic_2006.php,MEDIUM,REVIEW
MOTO-DIM-HARLEYDAVIDSON-FLSTCIHERITAGESOFTAILCLASSIC-0002,Harley-Davidson,FLSTCI Heritage Softail Classic,,2004,2004,2004,2391.0,,,,UNKNOWN,UNKNOWN,STANDARD,1,bikez,https://bikez.com/motorcycles/harley-davidson_flstci_heritage_softail_classic_2004.php,MEDIUM,REVIEW
MOTO-DIM-HARLEYDAVIDSON-FLSTCIHERITAGESOFTAILCLASSIC-0003,Harley-Davidson,FLSTCI Heritage Softail Classic,,2002,2002,2002,2391.0,,,,UNKNOWN,UNKNOWN,STANDARD,1,bikez,https://bikez.com/motorcycles/harley-davidson_flstci_heritage_softail_classic_2002.php,MEDIUM,REVIEW
MOTO-DIM-HARLEYDAVIDSON-FLSTFFATBOY-0001,Harley-Davidson,FLSTF Fat Boy,,2011,2011,2011,2396.0,,,,UNKNOWN,UNKNOWN,STANDARD,1,bikez,https://bikez.com/motorcycles/harley-davidson_flstf_fat_boy_2011.php,MEDIUM,REVIEW
MOTO-DIM-HARLEYDAVIDSON-FLSTFFATBOY-0002,Harley-Davidson,FLSTF Fat Boy,,2003,2003,2003,2396.0,,,,UNKNOWN,UNKNOWN,STANDARD,1,bikez,https://bikez.com/motorcycles/harley-davidson_flstf_fat_boy_2003.php,MEDIUM,REVIEW
MOTO-DIM-HARLEYDAVIDSON-FLSTFFATBOY-0003,Harley-Davidson,FLSTF Fat Boy,,1999,1999,1999,2395.0,,,,UNKNOWN,UNKNOWN,STANDARD,1,bikez,https://bikez.com/motorcycles/harley-davidson_flstf_fat_boy_1999.php,MEDIUM,REVIEW
MOTO-DIM-HARLEYDAVIDSON-FLSTFBFATBOYLO-0001,Harley-Davidson,FLSTFB Fat Boy Lo,,2011,2011,2011,2395.0,,,,UNKNOWN,UNKNOWN,STANDARD,1,bikez,https://bikez.com/motorcycles/harley-davidson_flstfb_fat_boy_lo_2011.php,MEDIUM,REVIEW
MOTO-DIM-HARLEYDAVIDSON-FLSTFBSFATBOYS-0001,Harley-Davidson,FLSTFBS Fat Boy S,,2016,2016,2016,2385.0,,,,UNKNOWN,UNKNOWN,STANDARD,1,motorcyclespecs,https://www.motorcyclespecs.co.za/model/h-d/harley_davidson_flstf_fat_boy_s_16.htm,LOW,REVIEW
MOTO-DIM-HARLEYDAVIDSON-FLSTFBSFATBOYS-0002,Harley-Davidson,FLSTFBS Fat Boy S,,2017,2017,2017,2385.0,990.0,1095.0,1095.0,UNKNOWN,UNKNOWN,UNKNOWN,1,1000ps,https://www.1000ps.com/en-gb/model/8358/harley-davidson-softail-fat-boy-s,LOW,REVIEW
MOTO-DIM-HARLEYDAVIDSON-FLSTFIFATBOYGRAYGHOST-0001,Harley-Davidson,FLSTFI Fat Boy Gray Ghost,,2025,2025,2025,2365.0,965.0,1120.0,1120.0,UNKNOWN,UNKNOWN,STANDARD,1,motorcyclespecs,https://www.motorcyclespecs.co.za/model/h-d/harley-davidson-fat-boy-117-2025.html,LOW,REVIEW
MOTO-DIM-HARLEYDAVIDSON-FLSTFIFATBOYGRAYGHOST-0002,Harley-Davidson,FLSTFI Fat Boy Gray Ghost,,2018,2018,2018,2370.0,,,,UNKNOWN,UNKNOWN,UNKNOWN,1,motorcyclespecs,https://www.motorcyclespecs.co.za/model/h-d/harley_davidson_fat_boy_114_18.htm,MEDIUM,REVIEW
MOTO-DIM-HARLEYDAVIDSON-FLSTFIFATBOYGRAYGHOST-0003,Harley-Davidson,FLSTFI Fat Boy Gray Ghost,,,,,2370.0,985.0,1095.0,1095.0,HANDLEBAR_WIDTH,UNKNOWN,STANDARD,1,motorcyclespecs,https://www.motorcyclespecs.co.za/model/h-d/harley_davidson_fat_boy_114_20.html,MEDIUM,REVIEW
MOTO-DIM-HARLEYDAVIDSON-FLSTFIFATBOY-0001,Harley-Davidson,FLSTFI Fat Boy,,2006,2006,2006,2395.0,,,,UNKNOWN,UNKNOWN,STANDARD,1,bikez,https://bikez.com/motorcycles/harley-davidson_flstfi_fat_boy_2006.php,MEDIUM,REVIEW
MOTO-DIM-HARLEYDAVIDSON-FLSTFIFATBOY-0002,Harley-Davidson,FLSTFI Fat Boy,,2004,2004,2004,2396.0,,,,UNKNOWN,UNKNOWN,STANDARD,1,bikez,https://bikez.com/motorcycles/harley-davidson_flstfi_fat_boy_2004.php,MEDIUM,REVIEW
MOTO-DIM-HARLEYDAVIDSON-FLSTFIFATBOY-0003,Harley-Davidson,FLSTFI Fat Boy,,2002,2002,2002,2396.0,,,,UNKNOWN,UNKNOWN,STANDARD,1,bikez,https://bikez.com/motorcycles/harley-davidson_flstfi_fat_boy_2002.php,MEDIUM,REVIEW
MOTO-DIM-HARLEYDAVIDSON-FLSTFSESCREAMINEAGLEFATBOY-0001,Harley-Davidson,FLSTFSE Screamin Eagle Fat Boy,,2006,2006,2006,2395.0,,,,UNKNOWN,UNKNOWN,STANDARD,1,bikez,https://bikez.com/motorcycles/harley-davidson_flstfse_screamin_eagle_fat_boy_2006.php,MEDIUM,REVIEW
MOTO-DIM-HARLEYDAVIDSON-FLSTIHERITAGESOFTAIL-0001,Harley-Davidson,FLSTI Heritage Softail,,2006,2006,2006,2400.0,,,,UNKNOWN,UNKNOWN,STANDARD,1,bikez,https://bikez.com/motorcycles/harley-davidson_flsti_heritage_softail_2006.php,MEDIUM,REVIEW
MOTO-DIM-HARLEYDAVIDSON-FLSTNSOFTAILDELUXE-0001,Harley-Davidson,FLSTN Softail Deluxe,,2012,2012,2012,2405.0,,,,UNKNOWN,UNKNOWN,STANDARD,1,bikez,https://bikez.com/motorcycles/harley-davidson_flstn_softail_deluxe_2012.php,MEDIUM,REVIEW
MOTO-DIM-HARLEYDAVIDSON-FLSTNSOFTAILDELUXE-0002,Harley-Davidson,FLSTN Softail Deluxe,,2009,2009,2009,2405.0,980.0,,,UNKNOWN,UNKNOWN,STANDARD,1,bikez,https://bikez.com/motorcycles/harley-davidson_flstn_softail_deluxe_2009.php,MEDIUM,REVIEW
MOTO-DIM-HARLEYDAVIDSON-FLSTNSOFTAILDELUXE-0003,Harley-Davidson,FLSTN Softail Deluxe,,2006,2006,2006,2405.0,,,,UNKNOWN,UNKNOWN,STANDARD,1,bikez,https://bikez.com/motorcycles/harley-davidson_flstn_softail_deluxe_2006.php,MEDIUM,REVIEW
MOTO-DIM-HARLEYDAVIDSON-FLSTNISOFTAILDELUXE-0001,Harley-Davidson,FLSTNI Softail Deluxe,,2006,2006,2006,2405.0,,,,UNKNOWN,UNKNOWN,STANDARD,1,bikez,https://bikez.com/motorcycles/harley-davidson_flstni_softail_deluxe_2006.php,MEDIUM,REVIEW
MOTO-DIM-HARLEYDAVIDSON-FLSTNISOFTAILDELUXE-0002,Harley-Davidson,FLSTNI Softail Deluxe,,2005,2005,2005,2400.0,,,,UNKNOWN,UNKNOWN,STANDARD,1,bikez,https://bikez.com/motorcycles/harley-davidson_flstni_softail_deluxe_2005.php,MEDIUM,REVIEW
MOTO-DIM-HARLEYDAVIDSON-FLSTNSECVOSOFTAILDELUXE-0001,Harley-Davidson,FLSTNSE CVO Softail Deluxe,,2016,2016,2016,2430.0,995.0,1455.0,1455.0,UNKNOWN,UNKNOWN,UNKNOWN,1,1000ps,https://www.1000ps.com/en-gb/model/7616/harley-davidson-cvo-softail-deluxe-flstnse,MEDIUM,REVIEW
MOTO-DIM-HARLEYDAVIDSON-FLSTSHERITAGESPRINGER-0001,Harley-Davidson,FLSTS Heritage Springer,,2003,2003,2003,2396.0,,,,UNKNOWN,UNKNOWN,STANDARD,1,bikez,https://bikez.com/motorcycles/harley-davidson_flsts_heritage_springer_2003.php,MEDIUM,REVIEW
MOTO-DIM-HARLEYDAVIDSON-FLSTSHERITAGESPRINGER-0002,Harley-Davidson,FLSTS Heritage Springer,,2002,2002,2002,2388.0,,,,UNKNOWN,UNKNOWN,STANDARD,1,bikez,https://bikez.com/motorcycles/harley-davidson_flsts_heritage_springer_2002.php,MEDIUM,REVIEW
MOTO-DIM-HARLEYDAVIDSON-FLSTSBCROSSBONES-0001,Harley-Davidson,FLSTSB Cross Bones,,2011,2011,2011,2330.0,,,,UNKNOWN,UNKNOWN,STANDARD,1,bikez,https://bikez.com/motorcycles/harley-davidson_flstsb_softail_cross_bones_2011.php,MEDIUM,REVIEW
MOTO-DIM-HARLEYDAVIDSON-FLSTSBCROSSBONES-0002,Harley-Davidson,FLSTSB Cross Bones,,2010,2010,2010,2330.0,,,,UNKNOWN,UNKNOWN,STANDARD,1,bikez,https://bikez.com/motorcycles/harley-davidson_flstsb_softail_cross_bones_2010.php,MEDIUM,REVIEW
MOTO-DIM-HARLEYDAVIDSON-FLSTSBCROSSBONES-0003,Harley-Davidson,FLSTSB Cross Bones,,2008,2008,2008,2299.0,,,,UNKNOWN,UNKNOWN,STANDARD,1,bikez,https://bikez.com/motorcycles/harley-davidson_flstsb_softail_cross_bones_2008.php,MEDIUM,REVIEW
MOTO-DIM-HARLEYDAVIDSON-FLSTSCSOFTAILSPRINGERCLASSIC-0001,Harley-Davidson,FLSTSC Softail Springer Classic,,2007,2007,2007,2400.0,,,,UNKNOWN,UNKNOWN,STANDARD,1,bikez,https://bikez.com/motorcycles/harley-davidson_flstsc_softail_springer_classic_2007.php,MEDIUM,REVIEW
MOTO-DIM-HARLEYDAVIDSON-FLSTSCSOFTAILSPRINGERCLASSIC-0002,Harley-Davidson,FLSTSC Softail Springer Classic,,2006,2006,2006,2400.0,,,,UNKNOWN,UNKNOWN,STANDARD,1,bikez,https://bikez.com/motorcycles/harley-davidson_flstsc_softail_springer_classic_2006.php,MEDIUM,REVIEW
MOTO-DIM-HARLEYDAVIDSON-FLSTSCISOFTAILSPRINGERCLASSIC-0001,Harley-Davidson,FLSTSCI Softail Springer Classic,,2006,2006,2006,2400.0,,,,UNKNOWN,UNKNOWN,STANDARD,1,bikez,https://bikez.com/motorcycles/harley-davidson_flstsci_softail_springer_classic_2006.php,MEDIUM,REVIEW
MOTO-DIM-HARLEYDAVIDSON-FLSTSCISOFTAILSPRINGERCLASSIC-0002,Harley-Davidson,FLSTSCI Softail Springer Classic,,2005,2005,2005,2400.0,,,,UNKNOWN,UNKNOWN,STANDARD,1,bikez,https://bikez.com/motorcycles/harley-davidson_flstsci_softail_springer_classic_2005.php,MEDIUM,REVIEW
MOTO-DIM-HARLEYDAVIDSON-FLSTSECVOSOFTAILCONVERTIBLE-0001,Harley-Davidson,FLSTSE CVO Softail Convertible,,2011,2011,2011,2490.0,,,,UNKNOWN,UNKNOWN,STANDARD,1,bikez,https://bikez.com/motorcycles/harley-davidson_flstse_cvo_softail_convertible_2011.php,MEDIUM,REVIEW
MOTO-DIM-HARLEYDAVIDSON-FLSTSECVOSOFTAILCONVERTIBLE-0002,Harley-Davidson,FLSTSE CVO Softail Convertible,,2010,2010,2010,2490.0,,,,UNKNOWN,UNKNOWN,STANDARD,1,bikez,https://bikez.com/motorcycles/harley-davidson_flstse_cvo_softail_convertible_2010.php,MEDIUM,REVIEW
MOTO-DIM-HARLEYDAVIDSON-FLSTSECVOSOFTAILCONVERTIBLE-0003,Harley-Davidson,FLSTSE CVO Softail Convertible,,2012,2012,2012,2410.0,,,,UNKNOWN,UNKNOWN,STANDARD,1,bikez,https://bikez.com/motorcycles/harley-davidson_flstse3_cvo_softail_convertible_2012.php,MEDIUM,REVIEW
MOTO-DIM-HARLEYDAVIDSON-FLSTSE2CVOSOFTAILCONVERTIBLE-0001,Harley-Davidson,FLSTSE2 CVO Softail Convertible,,2011,2011,2011,2415.5,1003.3,1290.3,1290.3,HANDLEBAR_WIDTH,UNKNOWN,UNKNOWN,1,motorcyclespecs,https://www.motorcyclespecs.co.za/model/h-d/harley_davidson_FLSTSE%20CVO%20Softail%20Convertible%2011.htm,MEDIUM,REVIEW
MOTO-DIM-HARLEYDAVIDSON-FLSTSIHERITAGESPRINGER-0001,Harley-Davidson,FLSTSI Heritage Springer,,2003,2003,2003,2396.0,,,,UNKNOWN,UNKNOWN,STANDARD,1,bikez,https://bikez.com/motorcycles/harley-davidson_flsts_heritage_springer_2003.php,LOW,REVIEW
MOTO-DIM-HARLEYDAVIDSON-FLSTSIHERITAGESPRINGER-0002,Harley-Davidson,FLSTSI Heritage Springer,,2002,2002,2002,2388.0,,,,UNKNOWN,UNKNOWN,STANDARD,1,bikez,https://bikez.com/motorcycles/harley-davidson_flsts_heritage_springer_2002.php,LOW,REVIEW
MOTO-DIM-HARLEYDAVIDSON-FLSTSE3CVOSOFTAILCONVERTIBLE-0001,Harley-Davidson,FLSTSE3 CVO Softail Convertible,,2012,2012,2012,2410.0,,,,UNKNOWN,UNKNOWN,STANDARD,1,bikez,https://bikez.com/motorcycles/harley-davidson_flstse3_cvo_softail_convertible_2012.php,MEDIUM,REVIEW
MOTO-DIM-HARLEYDAVIDSON-FLTRROADGLIDE-0001,Harley-Davidson,FLTR Road Glide,,2009,2009,2009,2390.0,909.0,1397.0,1397.0,UNKNOWN,UNKNOWN,STANDARD,1,bikez,https://bikez.com/motorcycles/harley-davidson_fltr_road_glide_2009.php,MEDIUM,REVIEW
MOTO-DIM-HARLEYDAVIDSON-FLTRIROADGLIDE-0001,Harley-Davidson,FLTRI Road Glide,,2006,2006,2006,2380.0,,,,UNKNOWN,UNKNOWN,STANDARD,1,bikez,https://bikez.com/motorcycles/harley-davidson_fltri_road_glide_2006.php,MEDIUM,REVIEW
MOTO-DIM-HARLEYDAVIDSON-FLTRIROADGLIDE-0002,Harley-Davidson,FLTRI Road Glide,,2003,2003,2003,2380.0,,,,UNKNOWN,UNKNOWN,STANDARD,1,bikez,https://bikez.com/motorcycles/harley-davidson_fltri_road_glide_2003.php,MEDIUM,REVIEW
MOTO-DIM-HARLEYDAVIDSON-FLTRKROADGLIDELIMITED-0001,Harley-Davidson,FLTRK Road Glide Limited,,2026,2026,2026,2620.0,1035.0,,,UNKNOWN,UNKNOWN,UNKNOWN,1,1000ps,https://www.1000ps.com/en-gb/model/9885/harley-davidson-road-glide-limited-fltrk,MEDIUM,REVIEW
MOTO-DIM-HARLEYDAVIDSON-FLTRKSECVOROADGLIDELIMITED-0001,Harley-Davidson,FLTRKSE CVO Road Glide Limited,,2022,2022,2022,2570.0,1090.0,1440.0,1440.0,UNKNOWN,UNKNOWN,UNKNOWN,1,1000ps,https://www.1000ps.com/en-gb/model/11052/harley-davidson-cvo-road-glide-limited-fltrkse,MEDIUM,REVIEW
MOTO-DIM-HARLEYDAVIDSON-FLTRSE3CVOROADGLIDE-0001,Harley-Davidson,FLTRSE3 CVO Road Glide,,2009,2009,2009,2428.0,,,,UNKNOWN,UNKNOWN,STANDARD,1,bikez,https://bikez.com/motorcycles/harley-davidson_fltrse3_cvo_road_glide_2009.php,MEDIUM,REVIEW
MOTO-DIM-HARLEYDAVIDSON-FLTRSEI2SCREAMINEAGLEROADGLIDE2-0001,Harley-Davidson,FLTRSEI2 Screamin Eagle Road Glide 2,,2011,2011,2011,2443.0,,,,UNKNOWN,UNKNOWN,STANDARD,1,bikez,https://bikez.com/motorcycles/harley-davidson_flhxse2_cvo_street_glide_2011.php,MEDIUM,REVIEW
MOTO-DIM-HARLEYDAVIDSON-FLTRSEISCREAMINEAGLEROADGLIDE-0001,Harley-Davidson,FLTRSEI Screamin Eagle Road Glide,,2026,2026,2026,2615.0,1460.0,,,UNKNOWN,UNKNOWN,UNKNOWN,1,1000ps,https://www.1000ps.com/en-gb/model/13456/harley-davidson-road-glide-3,MEDIUM,REVIEW
MOTO-DIM-HARLEYDAVIDSON-FLTRSEISCREAMINEAGLEROADGLIDE-0002,Harley-Davidson,FLTRSEI Screamin Eagle Road Glide,,2023,2023,2023,2616.0,,,,UNKNOWN,UNKNOWN,STANDARD,1,bikez,https://bikez.com/motorcycles/harley-davidson_road_glide_3_2023.php,MEDIUM,REVIEW
MOTO-DIM-HARLEYDAVIDSON-FLTRSEISCREAMINEAGLEROADGLIDE-0003,Harley-Davidson,FLTRSEI Screamin Eagle Road Glide,,2018,2018,2018,2460.0,,,,UNKNOWN,UNKNOWN,STANDARD,1,motorcyclespecs,https://www.motorcyclespecs.co.za/model/h-d/harley_davidson_CVO_road_glide_18.htm,LOW,REVIEW
MOTO-DIM-HARLEYDAVIDSON-FLTRSEISCREAMINEAGLEROADGLIDE-0004,Harley-Davidson,FLTRSEI Screamin Eagle Road Glide,,2020,2020,2020,2460.0,,,,UNKNOWN,UNKNOWN,UNKNOWN,1,motorcyclespecs,https://www.motorcyclespecs.co.za/model/h-d/harley_davidson_CVO_road_glide_20.html,LOW,REVIEW
MOTO-DIM-HARLEYDAVIDSON-FLTRSEISCREAMINEAGLEROADGLIDE-0005,Harley-Davidson,FLTRSEI Screamin Eagle Road Glide,,2022,2022,2022,2460.0,,,,UNKNOWN,UNKNOWN,STANDARD,1,motorcyclespecs,https://www.motorcyclespecs.co.za/model/h-d/harley_davidson_cvo_road_glide_22.html,LOW,REVIEW
MOTO-DIM-HARLEYDAVIDSON-FLTRSEISCREAMINEAGLEROADGLIDE-0006,Harley-Davidson,FLTRSEI Screamin Eagle Road Glide,,2019,2019,2019,2423.0,,,,UNKNOWN,UNKNOWN,STANDARD,1,motorcyclespecs,https://www.motorcyclespecs.co.za/model/h-d/harley_davidson_road%20glide_19.html,LOW,REVIEW
MOTO-DIM-HARLEYDAVIDSON-FLTRSEISCREAMINEAGLEROADGLIDE-0007,Harley-Davidson,FLTRSEI Screamin Eagle Road Glide,,1982,1982,1982,2410.0,945.0,,,UNKNOWN,UNKNOWN,UNKNOWN,1,bikedekho,https://www.bikedekho.com/harley-davidson/cvo-road-glide/specifications,LOW,REVIEW
MOTO-DIM-HARLEYDAVIDSON-FLTRSEISCREAMINEAGLEROADGLIDE-0008,Harley-Davidson,FLTRSEI Screamin Eagle Road Glide,,1923,1923,1923,2410.0,945.0,,,UNKNOWN,UNKNOWN,UNKNOWN,1,bikedekho,https://www.bikedekho.com/harley-davidson/road-glide/specifications,LOW,REVIEW
MOTO-DIM-HARLEYDAVIDSON-FLTRUROADGLIDEULTRA-0001,Harley-Davidson,FLTRU Road Glide Ultra,,2012,2012,2012,2507.0,,,,UNKNOWN,UNKNOWN,STANDARD,1,bikez,https://bikez.com/motorcycles/harley-davidson_fltru_road_glide_ultra_2012.php,MEDIUM,REVIEW
MOTO-DIM-HARLEYDAVIDSON-FLTRUROADGLIDEULTRA-0002,Harley-Davidson,FLTRU Road Glide Ultra,,2011,2011,2011,2507.0,,,,UNKNOWN,UNKNOWN,STANDARD,1,bikez,https://bikez.com/motorcycles/harley-davidson_fltru_road_glide_ultra_2011.php,MEDIUM,REVIEW
MOTO-DIM-HARLEYDAVIDSON-FLTRUSECVOROADGLIDEULTRA-0001,Harley-Davidson,FLTRUSE CVO Road Glide Ultra,,2011,2011,2011,2507.0,,,,UNKNOWN,UNKNOWN,STANDARD,1,bikez,https://bikez.com/motorcycles/harley-davidson_fltruse_cvo_road_glide_ultra_2011.php,MEDIUM,REVIEW
MOTO-DIM-HARLEYDAVIDSON-FLTRXROADGLIDE-0001,Harley-Davidson,FLTRX Road Glide,,2013,2013,2013,2413.0,,,,UNKNOWN,UNKNOWN,STANDARD,1,bikez,https://bikez.com/motorcycles/harley-davidson_road_glide_custom_2013.php,LOW,REVIEW
MOTO-DIM-HARLEYDAVIDSON-FLTRXROADGLIDE-0002,Harley-Davidson,FLTRX Road Glide,,2012,2012,2012,2413.0,,,,UNKNOWN,UNKNOWN,STANDARD,1,bikez,https://bikez.com/motorcycles/harley-davidson_fltrx_road_glide_custom_2012.php,LOW,REVIEW
MOTO-DIM-HARLEYDAVIDSON-FLTRXROADGLIDE-0003,Harley-Davidson,FLTRX Road Glide,,2011,2011,2011,2507.0,,,,UNKNOWN,UNKNOWN,STANDARD,1,bikez,https://bikez.com/motorcycles/harley-davidson_fltrx_road_glide_custom_2011.php,LOW,REVIEW
MOTO-DIM-HARLEYDAVIDSON-FLTRXROADGLIDECUSTOM-0001,Harley-Davidson,FLTRX Road Glide Custom,,2012,2012,2012,2413.0,,,,UNKNOWN,UNKNOWN,STANDARD,1,bikez,https://bikez.com/motorcycles/harley-davidson_fltrx_road_glide_custom_2012.php,MEDIUM,REVIEW
MOTO-DIM-HARLEYDAVIDSON-FLTRXROADGLIDECUSTOM-0002,Harley-Davidson,FLTRX Road Glide Custom,,2011,2011,2011,2507.0,,,,UNKNOWN,UNKNOWN,STANDARD,1,bikez,https://bikez.com/motorcycles/harley-davidson_fltrx_road_glide_custom_2011.php,MEDIUM,REVIEW
MOTO-DIM-HARLEYDAVIDSON-FLTRXSROADGLIDESPECIAL-0001,Harley-Davidson,FLTRXS Road Glide Special,,2024,2024,2024,2430.0,,,,UNKNOWN,UNKNOWN,UNKNOWN,1,1000ps,https://www.1000ps.com/en-gb/model/7876/harley-davidson-touring-road-glide-special-fltrxs,MEDIUM,REVIEW
MOTO-DIM-HARLEYDAVIDSON-FLTRXSECVOROADGLIDECUSTOM-0001,Harley-Davidson,FLTRXSE CVO Road Glide Custom,,2012,2012,2012,2443.0,,,,UNKNOWN,UNKNOWN,STANDARD,1,bikez,https://bikez.com/motorcycles/harley-davidson_fltrxse_cvo_road_glide_custom_2012.php,MEDIUM,REVIEW
MOTO-DIM-HARLEYDAVIDSON-FLTRXSTROADGLIDEST-0001,Harley-Davidson,FLTRXST Road Glide ST,,2022,2022,2022,2405.0,955.0,1325.0,1325.0,UNKNOWN,UNKNOWN,STANDARD,1,motorcyclespecs,https://www.motorcyclespecs.co.za/model/h-d/harley_davidson_road_glide_st_22.html,LOW,REVIEW
MOTO-DIM-HARLEYDAVIDSON-FLTRXSTROADGLIDEST-0002,Harley-Davidson,FLTRXST Road Glide ST,,2023,2023,2023,2405.0,,,,UNKNOWN,UNKNOWN,STANDARD,1,bikez,https://bikez.com/motorcycles/harley-davidson_road_glide_st_2023.php,LOW,REVIEW
MOTO-DIM-HARLEYDAVIDSON-FLTRXSTSECVOROADGLIDEST-0001,Harley-Davidson,FLTRXSTSE CVO Road Glide ST,,2026,2026,2026,2410.0,925.0,1280.0,1280.0,UNKNOWN,UNKNOWN,UNKNOWN,1,1000ps,https://www.1000ps.com/en-gb/model/12363/harley-davidson-cvo-road-glide-st-fltrxstse,MEDIUM,REVIEW
MOTO-DIM-HARLEYDAVIDSON-FXBBSTREETBOB117-0001,Harley-Davidson,FXBB Street Bob 117,,2026,2026,2026,2320.0,925.0,,,UNKNOWN,UNKNOWN,STANDARD,1,1000ps,https://www.1000ps.com/en-gb/model/13078/harley-davidson-street-bob-117,MEDIUM,REVIEW
MOTO-DIM-HARLEYDAVIDSON-FXBBSSTREETBOB114-0001,Harley-Davidson,FXBBS Street Bob 114,,2021,2021,2021,2320.0,865.0,1160.0,1160.0,HANDLEBAR_WIDTH,UNKNOWN,STANDARD,1,motorcyclespecs,https://www.motorcyclespecs.co.za/model/h-d/harley_davidson_street_bob_114_21.html,LOW,REVIEW
MOTO-DIM-HARLEYDAVIDSON-FXBBSSTREETBOB114-0002,Harley-Davidson,FXBBS Street Bob 114,,2024,2024,2024,2320.0,865.0,1160.0,1160.0,UNKNOWN,UNKNOWN,STANDARD,1,1000ps,https://www.1000ps.com/en-gb/model/10476/harley-davidson-softail-street-bob-114-fxbbs,LOW,REVIEW
MOTO-DIM-HARLEYDAVIDSON-FXBRBREAKOUT107-0001,Harley-Davidson,FXBR Breakout 107,,2018,2018,2018,2370.0,,,,UNKNOWN,UNKNOWN,UNKNOWN,1,motorcyclespecs,https://www.motorcyclespecs.co.za/model/h-d/Harley_Davidson_softail_Breakout_18.htm,MEDIUM,REVIEW
MOTO-DIM-HARLEYDAVIDSON-FXBRSBREAKOUT114-0001,Harley-Davidson,FXBRS Breakout 114,,2022,2022,2022,2370.0,,,,UNKNOWN,UNKNOWN,STANDARD,1,1000ps,https://www.1000ps.com/en-gb/model/9139/harley-davidson-softail-breakout-114-fxbrs,MEDIUM,REVIEW
MOTO-DIM-HARLEYDAVIDSON-FXCWROCKER-0001,Harley-Davidson,FXCW Rocker,,2008,2008,2008,2413.0,891.5,1168.4,1168.4,HANDLEBAR_WIDTH,UNKNOWN,UNKNOWN,1,motorcyclespecs,https://www.motorcyclespecs.co.za/model/h-d/harley_davidson_rocker.htm,LOW,REVIEW
MOTO-DIM-HARLEYDAVIDSON-FXCWROCKER-0002,Harley-Davidson,FXCW Rocker,,2009,2009,2009,2415.0,,,,UNKNOWN,UNKNOWN,STANDARD,1,bikez,https://bikez.com/motorcycles/harley-davidson_fxcw_softail_rocker_2009.php,LOW,REVIEW
MOTO-DIM-HARLEYDAVIDSON-FXCWCROCKERC-0001,Harley-Davidson,FXCWC Rocker C,,2009,2009,2009,2415.0,,,,UNKNOWN,UNKNOWN,STANDARD,1,bikez,https://bikez.com/motorcycles/harley-davidson_fxcwc_rocker_c_2009.php,MEDIUM,REVIEW
MOTO-DIM-HARLEYDAVIDSON-FXDDYNASUPERGLIDE-0001,Harley-Davidson,FXD Dyna Super Glide,,2010,2010,2010,2357.0,932.0,1231.0,1231.0,UNKNOWN,UNKNOWN,STANDARD,1,bikez,https://bikez.com/motorcycles/harley-davidson_fxd_dyna_super_glide_2010.php,MEDIUM,REVIEW
MOTO-DIM-HARLEYDAVIDSON-FXDBSTREETBOB-0001,Harley-Davidson,FXDB Street Bob,,2011,2011,2011,2355.0,,,,UNKNOWN,UNKNOWN,STANDARD,1,bikez,https://bikez.com/motorcycles/harley-davidson_fxdb_street_bob_2011.php,MEDIUM,REVIEW
MOTO-DIM-HARLEYDAVIDSON-FXDBSTREETBOB-0002,Harley-Davidson,FXDB Street Bob,,2010,2010,2010,2355.0,,,,UNKNOWN,UNKNOWN,STANDARD,1,bikez,https://bikez.com/motorcycles/harley-davidson_fxdb_street_bob_2010.php,MEDIUM,REVIEW
MOTO-DIM-HARLEYDAVIDSON-FXDBISTREETBOB-0001,Harley-Davidson,FXDBI Street Bob,,2006,2006,2006,2357.0,,,,UNKNOWN,UNKNOWN,STANDARD,1,bikez,https://bikez.com/motorcycles/harley-davidson_fxdbi_street_bob_2006.php,MEDIUM,REVIEW
MOTO-DIM-HARLEYDAVIDSON-FXDCSUPERGLIDECUSTOM-0001,Harley-Davidson,FXDC Super Glide Custom,,2014,2014,2014,2344.0,,,,UNKNOWN,UNKNOWN,STANDARD,1,bikez,https://bikez.com/motorcycles/harley-davidson_dyna_super_glide_custom_2014.php,LOW,REVIEW
MOTO-DIM-HARLEYDAVIDSON-FXDCSUPERGLIDECUSTOM-0002,Harley-Davidson,FXDC Super Glide Custom,,2013,2013,2013,2344.0,,,,UNKNOWN,UNKNOWN,STANDARD,1,bikez,https://bikez.com/motorcycles/harley-davidson_dyna_super_glide_custom_2013.php,LOW,REVIEW
MOTO-DIM-HARLEYDAVIDSON-FXDCSUPERGLIDECUSTOM-0003,Harley-Davidson,FXDC Super Glide Custom,,2012,2012,2012,2360.0,,,,UNKNOWN,UNKNOWN,STANDARD,1,bikez,https://bikez.com/motorcycles/harley-davidson_fxdc_dyna_super_glide_custom_2012.php,LOW,REVIEW
MOTO-DIM-HARLEYDAVIDSON-FXDCSUPERGLIDECUSTOM-0004,Harley-Davidson,FXDC Super Glide Custom,,2009,2009,2009,2355.0,25.4,,,HANDLEBAR_WIDTH,UNKNOWN,STANDARD,1,bikez,https://bikez.com/motorcycles/harley-davidson_fxdc_dyna_super_glide_custom_2009.php,LOW,REVIEW
MOTO-DIM-HARLEYDAVIDSON-FXDCSUPERGLIDECUSTOM-0005,Harley-Davidson,FXDC Super Glide Custom,,2007,2007,2007,2360.0,,,,UNKNOWN,UNKNOWN,STANDARD,1,bikez,https://bikez.com/motorcycles/harley-davidson_fxdc_dyna_super_glide_custom_2007.php,LOW,REVIEW
MOTO-DIM-HARLEYDAVIDSON-FXDCISUPERGLIDECUSTOM-0001,Harley-Davidson,FXDCI Super Glide Custom,,2014,2014,2014,2344.0,,,,UNKNOWN,UNKNOWN,STANDARD,1,bikez,https://bikez.com/motorcycles/harley-davidson_dyna_super_glide_custom_2014.php,LOW,REVIEW
MOTO-DIM-HARLEYDAVIDSON-FXDCISUPERGLIDECUSTOM-0002,Harley-Davidson,FXDCI Super Glide Custom,,2013,2013,2013,2344.0,,,,UNKNOWN,UNKNOWN,STANDARD,1,bikez,https://bikez.com/motorcycles/harley-davidson_dyna_super_glide_custom_2013.php,LOW,REVIEW
MOTO-DIM-HARLEYDAVIDSON-FXDCISUPERGLIDECUSTOM-0003,Harley-Davidson,FXDCI Super Glide Custom,,2006,2006,2006,2352.0,,,,UNKNOWN,UNKNOWN,STANDARD,1,bikez,https://bikez.com/motorcycles/harley-davidson_fxdci_dyna_super_glide_custom_2006.php,LOW,REVIEW
MOTO-DIM-HARLEYDAVIDSON-FXDCISUPERGLIDECUSTOM-0004,Harley-Davidson,FXDCI Super Glide Custom,,2005,2005,2005,2300.0,,,,UNKNOWN,UNKNOWN,STANDARD,1,bikez,https://bikez.com/motorcycles/harley-davidson_fxdci_dyna_super_glide_custom_2005.php,LOW,REVIEW
MOTO-DIM-HARLEYDAVIDSON-FXDFFATBOB-0001,Harley-Davidson,FXDF Fat Bob,,2011,2011,2011,2330.0,,,,UNKNOWN,UNKNOWN,STANDARD,1,bikez,https://bikez.com/motorcycles/harley-davidson_fxdf_fat_bob_2011.php,MEDIUM,REVIEW
MOTO-DIM-HARLEYDAVIDSON-FXDFFATBOB-0002,Harley-Davidson,FXDF Fat Bob,,2010,2010,2010,2330.0,,,,UNKNOWN,UNKNOWN,STANDARD,1,bikez,https://bikez.com/motorcycles/harley-davidson_fxdf_fat_bob_2010.php,MEDIUM,REVIEW
MOTO-DIM-HARLEYDAVIDSON-FXDFSECVODYNAFATBOB-0001,Harley-Davidson,FXDFSE CVO Dyna Fat Bob,,2009,2009,2009,2312.0,,,,UNKNOWN,UNKNOWN,STANDARD,1,bikez,https://bikez.com/motorcycles/harley-davidson_fxdfse_cvo_dyna_fat_bob_2009.php,MEDIUM,REVIEW
MOTO-DIM-HARLEYDAVIDSON-FXDFSE2CVODYNAFATBOB-0001,Harley-Davidson,FXDFSE2 CVO Dyna Fat Bob,,2010,2010,2010,2310.0,,,,UNKNOWN,UNKNOWN,STANDARD,1,bikez,https://bikez.com/motorcycles/harley-davidson_fxdfse2_cvo_fat_bob_2010.php,MEDIUM,REVIEW
MOTO-DIM-HARLEYDAVIDSON-FXDIDYNASUPERGLIDE-0001,Harley-Davidson,FXDI Dyna Super Glide,,2006,2006,2006,2357.0,,,,UNKNOWN,UNKNOWN,STANDARD,1,bikez,https://bikez.com/motorcycles/harley-davidson_fxdi_dyna_super_glide_2006.php,MEDIUM,REVIEW
MOTO-DIM-HARLEYDAVIDSON-FXDIDYNASUPERGLIDE-0002,Harley-Davidson,FXDI Dyna Super Glide,,2004,2004,2004,2307.0,673.0,,,UNKNOWN,UNKNOWN,STANDARD,1,bikez,https://bikez.com/motorcycles/harley-davidson_fxdi_dyna_super_glide_2004.php,MEDIUM,REVIEW
MOTO-DIM-HARLEYDAVIDSON-FXDI35DYNA35THANNIVERSARYSUPERGLIDE-0001,Harley-Davidson,FXDI35 Dyna 35th Anniversary Super Glide,,2006,2006,2006,2360.0,,,,UNKNOWN,UNKNOWN,STANDARD,1,bikez,https://bikez.com/motorcycles/harley-davidson_fxdi35_35th_anniversary_dyna_super_glide_2006.php,MEDIUM,REVIEW
MOTO-DIM-HARLEYDAVIDSON-FXDLDYNALOWRIDER-0001,Harley-Davidson,FXDL Dyna Low Rider,,2009,2009,2009,2364.0,922.0,1193.0,1193.0,HANDLEBAR_WIDTH,UNKNOWN,STANDARD,1,bikez,https://bikez.com/motorcycles/harley-davidson_fxdl_dyna_low_rider_2009.php,MEDIUM,REVIEW
MOTO-DIM-HARLEYDAVIDSON-FXDLIDYNALOWRIDER-0001,Harley-Davidson,FXDLI Dyna Low Rider,,2006,2006,2006,2365.0,,,,UNKNOWN,UNKNOWN,STANDARD,1,bikez,https://bikez.com/motorcycles/harley-davidson_fxdli_dyna_low_rider_2006.php,MEDIUM,REVIEW
MOTO-DIM-HARLEYDAVIDSON-FXDLIDYNALOWRIDER-0002,Harley-Davidson,FXDLI Dyna Low Rider,,2004,2004,2004,2340.0,673.0,,,UNKNOWN,UNKNOWN,STANDARD,1,bikez,https://bikez.com/motorcycles/harley-davidson_fxdli_dyna_low_rider_2004.php,MEDIUM,REVIEW
MOTO-DIM-HARLEYDAVIDSON-FXDLSLOWRIDERS-0001,Harley-Davidson,FXDLS Low Rider S,,2017,2017,2017,2390.0,900.0,1170.0,1170.0,UNKNOWN,UNKNOWN,STANDARD,1,1000ps,https://www.1000ps.com/en-gb/model/8512/harley-davidson-dyna-low-rider-s-fxdls,MEDIUM,REVIEW
MOTO-DIM-HARLEYDAVIDSON-FXDRSFXDR114-0001,Harley-Davidson,FXDRS FXDR 114,,2020,2020,2020,2425.0,,,,UNKNOWN,UNKNOWN,STANDARD,1,bikez,https://bikez.com/motorcycles/harley-davidson_fxdr_114_2020.php,MEDIUM,REVIEW
MOTO-DIM-HARLEYDAVIDSON-FXDRSFXDR114-0002,Harley-Davidson,FXDRS FXDR 114,,2019,2019,2019,2425.0,,,,UNKNOWN,UNKNOWN,STANDARD,1,bikez,https://bikez.com/motorcycles/harley-davidson_fxdr_114_2019.php,MEDIUM,REVIEW
MOTO-DIM-HARLEYDAVIDSON-FXDSESCREAMINEAGLEDYNA-0001,Harley-Davidson,FXDSE Screamin Eagle Dyna,,2008,2008,2008,2355.0,,,,UNKNOWN,UNKNOWN,STANDARD,1,bikez,https://bikez.com/motorcycles/harley-davidson_fxdse_cvo_screaming_eagle_dyna_2008.php,MEDIUM,REVIEW
MOTO-DIM-HARLEYDAVIDSON-FXDSE2SCREAMINEAGLEDYNA-0001,Harley-Davidson,FXDSE2 Screamin Eagle Dyna,,2008,2008,2008,2400.3,934.0,1140.0,1140.0,HANDLEBAR_WIDTH,UNKNOWN,STANDARD,1,motorcyclespecs,https://www.motorcyclespecs.co.za/model/h-d/harley_davidson_FXSTSSE2%20Screamin'%20Eagle%20Softail%20Springer%2008.htm,MEDIUM,REVIEW
MOTO-DIM-HARLEYDAVIDSON-FXDWGDYNAWIDEGLIDE-0001,Harley-Davidson,FXDWG Dyna Wide Glide,,2012,2012,2012,2388.0,,,,UNKNOWN,UNKNOWN,STANDARD,1,bikez,https://bikez.com/motorcycles/harley-davidson_fxdwg_dyna_wide_glide_2012.php,MEDIUM,REVIEW
MOTO-DIM-HARLEYDAVIDSON-FXDWGDYNAWIDEGLIDE-0002,Harley-Davidson,FXDWG Dyna Wide Glide,,2007,2007,2007,2477.0,,,,UNKNOWN,UNKNOWN,STANDARD,1,bikez,https://bikez.com/motorcycles/harley-davidson_fxdwg_dyna_wide_glide_2007.php,MEDIUM,REVIEW
MOTO-DIM-HARLEYDAVIDSON-FXDWGIDYNAWIDEGLIDE-0001,Harley-Davidson,FXDWGI Dyna Wide Glide,,2006,2006,2006,2477.0,,,,UNKNOWN,UNKNOWN,STANDARD,1,bikez,https://bikez.com/motorcycles/harley-davidson_fxdwgi_dyna_wide_glide_2006.php,MEDIUM,REVIEW
MOTO-DIM-HARLEYDAVIDSON-FXDWGIDYNAWIDEGLIDE-0002,Harley-Davidson,FXDWGI Dyna Wide Glide,,2005,2005,2005,2340.0,,,,UNKNOWN,UNKNOWN,STANDARD,1,bikez,https://bikez.com/motorcycles/harley-davidson_fxdwgi_dyna_wide_glide_2005.php,MEDIUM,REVIEW
MOTO-DIM-HARLEYDAVIDSON-FXDWGIDYNAWIDEGLIDE-0003,Harley-Davidson,FXDWGI Dyna Wide Glide,,2004,2004,2004,2365.0,,,,UNKNOWN,UNKNOWN,STANDARD,1,bikez,https://bikez.com/motorcycles/harley-davidson_fxdwgi_dyna_wide_glide_2004.php,MEDIUM,REVIEW
MOTO-DIM-HARLEYDAVIDSON-FXDXDYNASUPERGLIDESPORT-0001,Harley-Davidson,FXDX Dyna Super Glide Sport,,2003,2003,2003,2310.0,,,,UNKNOWN,UNKNOWN,STANDARD,1,bikez,https://bikez.com/motorcycles/harley-davidson_fxdx_dyna_super_glide_sport_2003.php,MEDIUM,REVIEW
MOTO-DIM-HARLEYDAVIDSON-FXDXDYNASUPERGLIDESPORT-0002,Harley-Davidson,FXDX Dyna Super Glide Sport,,2002,2002,2002,2310.0,,,,UNKNOWN,UNKNOWN,STANDARD,1,bikez,https://bikez.com/motorcycles/harley-davidson_fxdx_dyna_super_glide_sport_2002.php,MEDIUM,REVIEW
MOTO-DIM-HARLEYDAVIDSON-FXDXIDYNASUPERGLIDESPORT-0001,Harley-Davidson,FXDXI Dyna Super Glide Sport,,2005,2005,2005,2310.0,,,,UNKNOWN,UNKNOWN,STANDARD,1,bikez,https://bikez.com/motorcycles/harley-davidson_fxdxi_dyna_super_glide_sport_2005.php,MEDIUM,REVIEW
MOTO-DIM-HARLEYDAVIDSON-FXDXIDYNASUPERGLIDESPORT-0002,Harley-Davidson,FXDXI Dyna Super Glide Sport,,2004,2004,2004,2310.0,673.0,,,UNKNOWN,UNKNOWN,STANDARD,1,bikez,https://bikez.com/motorcycles/harley-davidson_fxdxi_dyna_super_glide_sport_2004.php,MEDIUM,REVIEW
MOTO-DIM-HARLEYDAVIDSON-FXDXTDYNASUPERGLIDETSPORT-0001,Harley-Davidson,FXDXT Dyna Super Glide T-Sport,,2003,2003,2003,2310.0,,,,UNKNOWN,UNKNOWN,STANDARD,1,bikez,https://bikez.com/motorcycles/harley-davidson_fxdxt_dyna_super_glide_t-sport_2003.php,MEDIUM,REVIEW
MOTO-DIM-HARLEYDAVIDSON-FXDXTDYNASUPERGLIDETSPORT-0002,Harley-Davidson,FXDXT Dyna Super Glide T-Sport,,2002,2002,2002,2310.0,,,,UNKNOWN,UNKNOWN,STANDARD,1,bikez,https://bikez.com/motorcycles/harley-davidson_fxdxt_dyna_super_glide_t-sport_2002.php,MEDIUM,REVIEW
MOTO-DIM-HARLEYDAVIDSON-FXFBFATBOB107-0001,Harley-Davidson,FXFB Fat Bob 107,,2020,2020,2020,2340.0,,,,UNKNOWN,UNKNOWN,UNKNOWN,1,motorcyclespecs,https://www.motorcyclespecs.co.za/model/h-d/harley_davidson_fat_bob-107_20.html,MEDIUM,REVIEW
MOTO-DIM-HARLEYDAVIDSON-FXFBSFATBOB114-0001,Harley-Davidson,FXFBS Fat Bob 114,,2024,2024,2024,2340.0,,,,UNKNOWN,UNKNOWN,UNKNOWN,1,1000ps,https://www.1000ps.com/en-gb/model/9138/harley-davidson-softail-fat-bob-114-fxfbs,MEDIUM,REVIEW
MOTO-DIM-HARLEYDAVIDSON-FXLRSLOWRIDERS114-0001,Harley-Davidson,FXLRS Low Rider S 114,,2020,2020,2020,2416.0,929.0,1083.0,1083.0,UNKNOWN,UNKNOWN,STANDARD,1,1000ps,https://www.1000ps.com/en-gb/model/9481/harley-davidson-softail-fxdr-114-fxdrs,MEDIUM,REVIEW
MOTO-DIM-HARLEYDAVIDSON-FXLRSLOWRIDERS117-0001,Harley-Davidson,FXLRS Low Rider S 117,,2025,2025,2025,2360.0,890.0,1205.0,1205.0,UNKNOWN,UNKNOWN,STANDARD,1,motorcyclespecs,https://www.motorcyclespecs.co.za/model/h-d/harley-davidson-low-rider-s-fxlrs-2025.html,MEDIUM,REVIEW
MOTO-DIM-HARLEYDAVIDSON-FXLRSTLOWRIDERST117-0001,Harley-Davidson,FXLRST Low Rider ST 117,,2025,2025,2025,2360.0,890.0,1205.0,1205.0,UNKNOWN,UNKNOWN,STANDARD,1,motorcyclespecs,https://www.motorcyclespecs.co.za/model/h-d/harley-davidson-low-rider-s-fxlrs-2025.html,MEDIUM,REVIEW
MOTO-DIM-HARLEYDAVIDSON-FXRSTLOWRIDERELDIABLO117-0001,Harley-Davidson,FXRST Low Rider El Diablo 117,,2025,2025,2025,2360.0,890.0,1205.0,1205.0,UNKNOWN,UNKNOWN,STANDARD,1,motorcyclespecs,https://www.motorcyclespecs.co.za/model/h-d/harley-davidson-low-rider-s-fxlrs-2025.html,MEDIUM,REVIEW
MOTO-DIM-HARLEYDAVIDSON-FXSBLACKLINE-0001,Harley-Davidson,FXS Blackline,,2013,2013,2013,2362.0,,,,UNKNOWN,UNKNOWN,STANDARD,1,bikez,https://bikez.com/motorcycles/harley-davidson_softail_blackline_2013.php,LOW,REVIEW
MOTO-DIM-HARLEYDAVIDSON-FXSBLACKLINE-0002,Harley-Davidson,FXS Blackline,,2012,2012,2012,2362.0,,,,UNKNOWN,UNKNOWN,STANDARD,1,bikez,https://bikez.com/motorcycles/harley-davidson_fxs_softail_blackline_2012.php,LOW,REVIEW
MOTO-DIM-HARLEYDAVIDSON-FXSBBREAKOUT-0001,Harley-Davidson,FXSB Breakout,,2017,2017,2017,2385.0,915.0,1040.0,1040.0,UNKNOWN,UNKNOWN,STANDARD,1,1000ps,https://www.1000ps.com/en-gb/model/7280/harley-davidson-softail-breakout-fxsb,MEDIUM,REVIEW
MOTO-DIM-HARLEYDAVIDSON-FXSBSECVOBREAKOUT-0001,Harley-Davidson,FXSBSE CVO Breakout,,2014,2014,2014,2445.0,985.0,1080.0,1080.0,UNKNOWN,UNKNOWN,STANDARD,1,1000ps,https://www.1000ps.com/en-gb/model/7366/harley-davidson-cvo-breakout-fxsbse,MEDIUM,REVIEW
MOTO-DIM-HARLEYDAVIDSON-FXSECVOPROSTREETBREAKOUT-0001,Harley-Davidson,FXSE CVO Pro Street Breakout,,2017,2017,2017,2330.0,910.0,1080.0,1080.0,UNKNOWN,UNKNOWN,UNKNOWN,1,1000ps,https://www.1000ps.com/en-gb/model/8513/harley-davidson-cvo-pro-street-breakout-fxse,MEDIUM,REVIEW
MOTO-DIM-HARLEYDAVIDSON-FXSTSOFTAILSTANDARD-0001,Harley-Davidson,FXST Softail Standard,,2007,2007,2007,2400.0,,,,UNKNOWN,UNKNOWN,STANDARD,1,bikez,https://bikez.com/motorcycles/harley-davidson_fxst_softail_standard_2007.php,MEDIUM,REVIEW
MOTO-DIM-HARLEYDAVIDSON-FXSTSOFTAILSTANDARD-0002,Harley-Davidson,FXST Softail Standard,,2003,2003,2003,2412.0,,,,UNKNOWN,UNKNOWN,STANDARD,1,bikez,https://bikez.com/motorcycles/harley-davidson_fxst_softail_standard_2003.php,MEDIUM,REVIEW
MOTO-DIM-HARLEYDAVIDSON-FXSTBNIGHTTRAIN-0001,Harley-Davidson,FXSTB Night Train,,2006,2006,2006,2413.0,,,,UNKNOWN,UNKNOWN,STANDARD,1,bikez,https://bikez.com/motorcycles/harley-davidson_fxstb_night_train_2006.php,MEDIUM,REVIEW
MOTO-DIM-HARLEYDAVIDSON-FXSTBNIGHTTRAIN-0002,Harley-Davidson,FXSTB Night Train,,2002,2002,2002,2411.0,,,,UNKNOWN,UNKNOWN,STANDARD,1,bikez,https://bikez.com/motorcycles/harley-davidson_fxstb_night_train_2002.php,MEDIUM,REVIEW
MOTO-DIM-HARLEYDAVIDSON-FXSTBINIGHTTRAIN-0001,Harley-Davidson,FXSTBI Night Train,,2006,2006,2006,2413.0,,,,UNKNOWN,UNKNOWN,STANDARD,1,bikez,https://bikez.com/motorcycles/harley-davidson_fxstbi_night_train_2006.php,MEDIUM,REVIEW
MOTO-DIM-HARLEYDAVIDSON-FXSTCSOFTAILCUSTOM-0001,Harley-Davidson,FXSTC Softail Custom,,2010,2010,2010,2400.0,927.0,1313.0,1313.0,UNKNOWN,UNKNOWN,STANDARD,1,bikez,https://bikez.com/motorcycles/harley-davidson_fxstc_softail_custom_2010.php,MEDIUM,REVIEW
MOTO-DIM-HARLEYDAVIDSON-FXSTDSOFTAILDEUCE-0001,Harley-Davidson,FXSTD Softail Deuce,,2007,2007,2007,2423.0,,,,UNKNOWN,UNKNOWN,STANDARD,1,bikez,https://bikez.com/motorcycles/harley-davidson_fxstd_softail_deuce_2007.php,MEDIUM,REVIEW
MOTO-DIM-HARLEYDAVIDSON-FXSTDSOFTAILDEUCE-0002,Harley-Davidson,FXSTD Softail Deuce,,2003,2003,2003,2424.0,,,,UNKNOWN,UNKNOWN,STANDARD,1,bikez,https://bikez.com/motorcycles/harley-davidson_fxstd_softail_deuce_2003.php,MEDIUM,REVIEW
MOTO-DIM-HARLEYDAVIDSON-FXSTDISOFTAILDEUCE-0001,Harley-Davidson,FXSTDI Softail Deuce,,2006,2006,2006,2423.0,,,,UNKNOWN,UNKNOWN,STANDARD,1,bikez,https://bikez.com/motorcycles/harley-davidson_fxstdi_softail_deuce_2006.php,MEDIUM,REVIEW
MOTO-DIM-HARLEYDAVIDSON-FXSTDISOFTAILDEUCE-0002,Harley-Davidson,FXSTDI Softail Deuce,,2004,2004,2004,2424.0,,,,UNKNOWN,UNKNOWN,STANDARD,1,bikez,https://bikez.com/motorcycles/harley-davidson_fxstdi_softail_deuce_2004.php,MEDIUM,REVIEW
MOTO-DIM-HARLEYDAVIDSON-FXSTDISOFTAILDEUCE-0003,Harley-Davidson,FXSTDI Softail Deuce,,2002,2002,2002,2422.0,,,,UNKNOWN,UNKNOWN,STANDARD,1,bikez,https://bikez.com/motorcycles/harley-davidson_fxstdi_softail_deuce_2002.php,MEDIUM,REVIEW
MOTO-DIM-HARLEYDAVIDSON-FXSTDSESCREAMINEAGLESOFTAILDEUCE-0001,Harley-Davidson,FXSTDSE Screamin Eagle Softail Deuce,,2007,2007,2007,2423.2,913.0,1168.0,1168.0,HANDLEBAR_WIDTH,UNKNOWN,STANDARD,1,motorcyclespecs,https://www.motorcyclespecs.co.za/model/h-d/harley_davidson_fxstd_softail_de%2007.htm,LOW,REVIEW
MOTO-DIM-HARLEYDAVIDSON-FXSTISOFTAILSTANDARD-0001,Harley-Davidson,FXSTI Softail Standard,,2006,2006,2006,2413.0,,,,UNKNOWN,UNKNOWN,STANDARD,1,bikez,https://bikez.com/motorcycles/harley-davidson_fxsti_softail_standard_2006.php,MEDIUM,REVIEW
MOTO-DIM-HARLEYDAVIDSON-FXSTISOFTAILSTANDARD-0002,Harley-Davidson,FXSTI Softail Standard,,2005,2005,2005,2412.0,,,,UNKNOWN,UNKNOWN,STANDARD,1,bikez,https://bikez.com/motorcycles/harley-davidson_fxsti_softail_standard_2005.php,MEDIUM,REVIEW
MOTO-DIM-HARLEYDAVIDSON-FXSTISOFTAILSTANDARD-0003,Harley-Davidson,FXSTI Softail Standard,,2004,2004,2004,2412.0,,,,UNKNOWN,UNKNOWN,STANDARD,1,bikez,https://bikez.com/motorcycles/harley-davidson_fxsti_softail_standard_2004.php,MEDIUM,REVIEW
MOTO-DIM-HARLEYDAVIDSON-FXSTSSPRINGERSOFTAIL-0001,Harley-Davidson,FXSTS Springer Softail,,2003,2003,2003,2374.0,,,,UNKNOWN,UNKNOWN,STANDARD,1,bikez,https://bikez.com/motorcycles/harley-davidson_fxsts_springer_softail_2003.php,MEDIUM,REVIEW
MOTO-DIM-HARLEYDAVIDSON-FXSTSSPRINGERSOFTAIL-0002,Harley-Davidson,FXSTS Springer Softail,,2002,2002,2002,2372.0,,,,UNKNOWN,UNKNOWN,STANDARD,1,bikez,https://bikez.com/motorcycles/harley-davidson_fxsts_springer_softail_2002.php,MEDIUM,REVIEW
MOTO-DIM-HARLEYDAVIDSON-FXSTSISPRINGERSOFTAIL-0001,Harley-Davidson,FXSTSI Springer Softail,,2004,2004,2004,2375.0,,,,UNKNOWN,UNKNOWN,STANDARD,1,bikez,https://bikez.com/motorcycles/harley-davidson_fxstsi_springer_softail_2004.php,MEDIUM,REVIEW
MOTO-DIM-HARLEYDAVIDSON-FXSTSSE2SCREAMINEAGLESOFTAILSPRINGER-0001,Harley-Davidson,FXSTSSE2 Screamin Eagle Softail Springer,,2008,2008,2008,2400.3,934.0,1140.0,1140.0,HANDLEBAR_WIDTH,UNKNOWN,STANDARD,1,motorcyclespecs,https://www.motorcyclespecs.co.za/model/h-d/harley_davidson_FXSTSSE2%20Screamin'%20Eagle%20Softail%20Springer%2008.htm,MEDIUM,REVIEW
MOTO-DIM-HARLEYDAVIDSON-FXSTSSESCREAMINEAGLESOFTAILSPRINGER-0001,Harley-Davidson,FXSTSSE Screamin Eagle Softail Springer,,2008,2008,2008,2400.0,,,,UNKNOWN,UNKNOWN,STANDARD,1,bikez,https://bikez.com/motorcycles/harley-davidson_fxstsse_screamin´_eagle_softail_springer_2008.php,MEDIUM,REVIEW
MOTO-DIM-HARLEYDAVIDSON-FXSTSSE3CVOSOFTAILSPRINGER-0001,Harley-Davidson,FXSTSSE3 CVO Softail Springer,,2009,2009,2009,2327.0,,,,UNKNOWN,UNKNOWN,STANDARD,1,bikez,https://bikez.com/motorcycles/harley-davidson_fxstsse3_cvo_softail_springer_2009.php,MEDIUM,REVIEW
MOTO-DIM-HARLEYDAVIDSON-FXWGWIDEGLIDE-0001,Harley-Davidson,FXWG Wide Glide,,1986,1986,1986,2362.0,699.0,1194.0,1194.0,HANDLEBAR_WIDTH,UNKNOWN,STANDARD,1,bikez,https://bikez.com/motorcycles/harley-davidson_fxwg_wide_glide_1986.php,MEDIUM,REVIEW
MOTO-DIM-HARLEYDAVIDSON-RA1250PANAMERICA1250-0001,Harley-Davidson,RA1250 Pan America 1250,,2021,2021,2021,2270.0,900.0,1510.0,1510.0,UNKNOWN,UNKNOWN,STANDARD,1,motorcyclespecs,https://www.motorcyclespecs.co.za/model/h-d/harley_pan%20america_21.html,LOW,REVIEW
MOTO-DIM-HARLEYDAVIDSON-RA1250PANAMERICA1250-0002,Harley-Davidson,RA1250 Pan America 1250,,2024,2024,2024,2270.0,965.0,1510.0,1510.0,UNKNOWN,UNKNOWN,STANDARD,1,1000ps,https://www.1000ps.com/en-gb/model/9958/harley-davidson-pan-america-1250,LOW,REVIEW
MOTO-DIM-HARLEYDAVIDSON-RA1250PANAMERICA1250-0003,Harley-Davidson,RA1250 Pan America 1250,,,,,2270.0,975.0,,,UNKNOWN,UNKNOWN,UNKNOWN,1,bikedekho,https://www.bikedekho.com/harley-davidson/pan-america-1250/specifications,LOW,REVIEW
MOTO-DIM-HARLEYDAVIDSON-RA1250PANAMERICA1250-0004,Harley-Davidson,RA1250 Pan America 1250,,2023,2023,2023,2271.0,,,,UNKNOWN,UNKNOWN,STANDARD,1,bikez,https://bikez.com/motorcycles/harley-davidson_pan_america_1250_2023.php,LOW,REVIEW
MOTO-DIM-HARLEYDAVIDSON-RA1250PANAMERICA1250-0005,Harley-Davidson,RA1250 Pan America 1250,,2022,2022,2022,2271.0,,,,UNKNOWN,UNKNOWN,STANDARD,1,bikez,https://bikez.com/motorcycles/harley-davidson_pan_america_1250_2022.php,LOW,REVIEW
MOTO-DIM-HARLEYDAVIDSON-RA1250SECVOPANAMERICA-0001,Harley-Davidson,RA1250SE CVO Pan America,,2021,2021,2021,2270.0,900.0,1510.0,1510.0,UNKNOWN,UNKNOWN,STANDARD,1,motorcyclespecs,https://www.motorcyclespecs.co.za/model/h-d/harley_pan%20america_21.html,LOW,REVIEW
MOTO-DIM-HARLEYDAVIDSON-RA1250SECVOPANAMERICA-0002,Harley-Davidson,RA1250SE CVO Pan America,,2024,2024,2024,2270.0,965.0,1510.0,1510.0,UNKNOWN,UNKNOWN,STANDARD,1,1000ps,https://www.1000ps.com/en-gb/model/9958/harley-davidson-pan-america-1250,LOW,REVIEW
MOTO-DIM-HARLEYDAVIDSON-RA1250SECVOPANAMERICA-0003,Harley-Davidson,RA1250SE CVO Pan America,,,,,2270.0,975.0,,,UNKNOWN,UNKNOWN,UNKNOWN,1,bikedekho,https://www.bikedekho.com/harley-davidson/pan-america-1250/specifications,LOW,REVIEW
MOTO-DIM-HARLEYDAVIDSON-RA1250SECVOPANAMERICA-0004,Harley-Davidson,RA1250SE CVO Pan America,,2023,2023,2023,2271.0,,,,UNKNOWN,UNKNOWN,STANDARD,1,bikez,https://bikez.com/motorcycles/harley-davidson_pan_america_1250_2023.php,LOW,REVIEW
MOTO-DIM-HARLEYDAVIDSON-RA1250SECVOPANAMERICA-0005,Harley-Davidson,RA1250SE CVO Pan America,,2022,2022,2022,2271.0,,,,UNKNOWN,UNKNOWN,STANDARD,1,bikez,https://bikez.com/motorcycles/harley-davidson_pan_america_1250_2022.php,LOW,REVIEW
MOTO-DIM-HARLEYDAVIDSON-RA1250SPANAMERICA1250SPECIAL-0001,Harley-Davidson,RA1250S Pan America 1250 Special,,2026,2026,2026,2270.0,975.0,1510.0,1510.0,UNKNOWN,UNKNOWN,STANDARD,1,1000ps,https://www.1000ps.com/en-gb/model/10536/harley-davidson-pan-america-1250-special,MEDIUM,REVIEW
MOTO-DIM-HARLEYDAVIDSON-RA1250SPANAMERICA1250SPECIALGI-0001,Harley-Davidson,RA1250S Pan America 1250 Special G.I.,,2026,2026,2026,2270.0,975.0,1510.0,1510.0,UNKNOWN,UNKNOWN,STANDARD,1,1000ps,https://www.1000ps.com/en-gb/model/10536/harley-davidson-pan-america-1250-special,MEDIUM,REVIEW
MOTO-DIM-HARLEYDAVIDSON-RA1250SPANAMERICASPECIAL-0001,Harley-Davidson,RA1250S Pan America Special,,2026,2026,2026,2270.0,975.0,1510.0,1510.0,UNKNOWN,UNKNOWN,STANDARD,1,1000ps,https://www.1000ps.com/en-gb/model/10536/harley-davidson-pan-america-1250-special,MEDIUM,REVIEW
MOTO-DIM-HARLEYDAVIDSON-RA1250STPANAMERICA1250ST-0001,Harley-Davidson,RA1250ST Pan America 1250 ST,,2025,2025,2025,2240.0,895.0,1330.0,1330.0,UNKNOWN,UNKNOWN,STANDARD,1,motorcyclespecs,https://www.motorcyclespecs.co.za/model/h-d/harley-pan-america-st-2025.html,LOW,REVIEW
MOTO-DIM-HARLEYDAVIDSON-RA1250STPANAMERICA1250ST-0002,Harley-Davidson,RA1250ST Pan America 1250 ST,,2026,2026,2026,2240.0,895.0,1330.0,1330.0,UNKNOWN,UNKNOWN,UNKNOWN,1,1000ps,https://www.1000ps.com/en-gb/model/12947/harley-davidson-pan-america-1250-st,LOW,REVIEW
MOTO-DIM-HARLEYDAVIDSON-RH1250SSPORTSTERS-0001,Harley-Davidson,RH1250S Sportster S,,2025,2025,2025,2270.0,840.0,1085.0,1085.0,UNKNOWN,UNKNOWN,STANDARD,1,motorcyclespecs,https://www.motorcyclespecs.co.za/model/h-d/harley-sportste-1250s-25.html,MEDIUM,REVIEW
MOTO-DIM-HARLEYDAVIDSON-RH975NIGHTSTER-0001,Harley-Davidson,RH975 Nightster,,2022,2022,2022,2206.0,836.0,1108.0,1108.0,HANDLEBAR_WIDTH,UNKNOWN,STANDARD,1,motorcyclespecs,https://www.motorcyclespecs.co.za/model/h-d/harley_davidson_sporter_975_nightster_22.html,MEDIUM,REVIEW
MOTO-DIM-HARLEYDAVIDSON-RLD-0001,Harley-Davidson,RLD,,2026,2026,2026,2615.0,1460.0,,,UNKNOWN,UNKNOWN,UNKNOWN,1,1000ps,https://www.1000ps.com/en-gb/model/13456/harley-davidson-road-glide-3,MEDIUM,REVIEW
MOTO-DIM-HARLEYDAVIDSON-RLD-0002,Harley-Davidson,RLD,,2023,2023,2023,2616.0,,,,UNKNOWN,UNKNOWN,STANDARD,1,bikez,https://bikez.com/motorcycles/harley-davidson_road_glide_3_2023.php,MEDIUM,REVIEW
MOTO-DIM-HARLEYDAVIDSON-RLD-0003,Harley-Davidson,RLD,,2019,2019,2019,2423.0,,,,UNKNOWN,UNKNOWN,STANDARD,1,motorcyclespecs,https://www.motorcyclespecs.co.za/model/h-d/harley_davidson_road%20glide_19.html,LOW,REVIEW
MOTO-DIM-HARLEYDAVIDSON-RLD-0004,Harley-Davidson,RLD,,,,,2595.0,,,,UNKNOWN,UNKNOWN,STANDARD,1,motorcyclespecs,https://www.motorcyclespecs.co.za/model/h-d/harley_davidson_road_glide_limited_20.html,LOW,REVIEW
MOTO-DIM-HARLEYDAVIDSON-RLD-0005,Harley-Davidson,RLD,,1923,1923,1923,2410.0,945.0,,,UNKNOWN,UNKNOWN,UNKNOWN,1,bikedekho,https://www.bikedekho.com/harley-davidson/road-glide/specifications,LOW,REVIEW
MOTO-DIM-HARLEYDAVIDSON-RLD-0006,Harley-Davidson,RLD,,2018,2018,2018,2450.0,,,,UNKNOWN,UNKNOWN,STANDARD,1,bikez,https://bikez.com/motorcycles/harley-davidson_road_glide_2018.php,LOW,REVIEW
MOTO-DIM-HARLEYDAVIDSON-RLDR-0001,Harley-Davidson,RLDR,,2020,2020,2020,2355.0,,,,UNKNOWN,UNKNOWN,STANDARD,1,bikez,https://bikez.com/motorcycles/harley-davidson_low_rider_2020.php,MEDIUM,REVIEW
MOTO-DIM-HARLEYDAVIDSON-V-0001,Harley-Davidson,V,,2014,2014,2014,2440.0,,,,UNKNOWN,UNKNOWN,STANDARD,1,motorcyclespecs,https://www.motorcyclespecs.co.za/model/h-d/harley_davidson_VRSCDX%20A%20night%20rod%2014.htm,MEDIUM,REVIEW
MOTO-DIM-HARLEYDAVIDSON-V-0002,Harley-Davidson,V,,2011,2011,2011,2440.0,,,,UNKNOWN,UNKNOWN,STANDARD,1,motorcyclespecs,https://www.motorcyclespecs.co.za/model/h-d/harley_davidson_VRSCDX%20A%20night%20rod%2011.htm,MEDIUM,REVIEW
MOTO-DIM-HARLEYDAVIDSON-V-0003,Harley-Davidson,V,,2006,2006,2006,2375.6,,,,UNKNOWN,UNKNOWN,STANDARD,1,motorcyclespecs,https://www.motorcyclespecs.co.za/model/h-d/harley_davidson_vrscd_night_rod%2006.htm,MEDIUM,REVIEW
MOTO-DIM-HARLEYDAVIDSON-VD-0001,Harley-Davidson,VD,,2014,2014,2014,2440.0,,,,UNKNOWN,UNKNOWN,STANDARD,1,motorcyclespecs,https://www.motorcyclespecs.co.za/model/h-d/harley_davidson_VRSCDX%20A%20night%20rod%2014.htm,MEDIUM,REVIEW
MOTO-DIM-HARLEYDAVIDSON-VD-0002,Harley-Davidson,VD,,2011,2011,2011,2440.0,,,,UNKNOWN,UNKNOWN,STANDARD,1,motorcyclespecs,https://www.motorcyclespecs.co.za/model/h-d/harley_davidson_VRSCDX%20A%20night%20rod%2011.htm,MEDIUM,REVIEW
MOTO-DIM-HARLEYDAVIDSON-VD-0003,Harley-Davidson,VD,,2006,2006,2006,2375.6,,,,UNKNOWN,UNKNOWN,STANDARD,1,motorcyclespecs,https://www.motorcyclespecs.co.za/model/h-d/harley_davidson_vrscd_night_rod%2006.htm,MEDIUM,REVIEW
MOTO-DIM-HARLEYDAVIDSON-VRSCAVROD-0001,Harley-Davidson,VRSCA V-Rod,,2006,2006,2006,2377.0,,,,UNKNOWN,UNKNOWN,STANDARD,1,bikez,https://bikez.com/motorcycles/harley-davidson_vrsca_v-rod_2006.php,MEDIUM,REVIEW
MOTO-DIM-HARLEYDAVIDSON-VRSCAVROD-0002,Harley-Davidson,VRSCA V-Rod,,2004,2004,2004,2500.0,,,,UNKNOWN,UNKNOWN,STANDARD,1,bikez,https://bikez.com/motorcycles/harley-davidson_vrsca_v-rod_2004.php,MEDIUM,REVIEW
MOTO-DIM-HARLEYDAVIDSON-VRSCAVROD-0003,Harley-Davidson,VRSCA V-Rod,,2002,2002,2002,2376.0,,,,UNKNOWN,UNKNOWN,STANDARD,1,bikez,https://bikez.com/motorcycles/harley-davidson_vrsca_v-rod_2002.php,MEDIUM,REVIEW
MOTO-DIM-HARLEYDAVIDSON-VRSCAWVROD-0001,Harley-Davidson,VRSCAW V-Rod,,2010,2010,2010,2455.0,,,,UNKNOWN,UNKNOWN,STANDARD,1,bikez,https://bikez.com/motorcycles/harley-davidson_vrscaw_v-rod_2010.php,MEDIUM,REVIEW
MOTO-DIM-HARLEYDAVIDSON-VRSCAWVROD-0002,Harley-Davidson,VRSCAW V-Rod,,2009,2009,2009,2455.0,,,,UNKNOWN,UNKNOWN,STANDARD,1,bikez,https://bikez.com/motorcycles/harley-davidson_vrscaw_v-rod_2009.php,MEDIUM,REVIEW
MOTO-DIM-HARLEYDAVIDSON-VRSCAWVROD-0003,Harley-Davidson,VRSCAW V-Rod,,2007,2007,2007,2398.0,,,,UNKNOWN,UNKNOWN,STANDARD,1,bikez,https://bikez.com/motorcycles/harley-davidson_vrscaw_v-rod_2007.php,MEDIUM,REVIEW
MOTO-DIM-HARLEYDAVIDSON-VRSCBVROD-0001,Harley-Davidson,VRSCB V-Rod,,2005,2005,2005,2435.0,,,,UNKNOWN,UNKNOWN,STANDARD,1,bikez,https://bikez.com/motorcycles/harley-davidson_vrscb_v-rod_2005.php,MEDIUM,REVIEW
MOTO-DIM-HARLEYDAVIDSON-VRSCBVROD-0002,Harley-Davidson,VRSCB V-Rod,,2004,2004,2004,2435.0,,,,UNKNOWN,UNKNOWN,STANDARD,1,bikez,https://bikez.com/motorcycles/harley-davidson_vrscb_v-rod_2004.php,MEDIUM,REVIEW
MOTO-DIM-HARLEYDAVIDSON-VRSCDNIGHTROD-0001,Harley-Davidson,VRSCD Night Rod,,2008,2008,2008,2398.0,,,,UNKNOWN,UNKNOWN,STANDARD,1,bikez,https://bikez.com/motorcycles/harley-davidson_vrscd_night-rod_2008.php,MEDIUM,REVIEW
MOTO-DIM-HARLEYDAVIDSON-VRSCDNIGHTROD-0002,Harley-Davidson,VRSCD Night Rod,,2007,2007,2007,2398.0,,,,UNKNOWN,UNKNOWN,STANDARD,1,bikez,https://bikez.com/motorcycles/harley-davidson_vrscd_night_rod_2007.php,MEDIUM,REVIEW
MOTO-DIM-HARLEYDAVIDSON-VRSCDNIGHTROD-0003,Harley-Davidson,VRSCD Night Rod,,2006,2006,2006,2362.0,,,,UNKNOWN,UNKNOWN,STANDARD,1,bikez,https://bikez.com/motorcycles/harley-davidson_vrscd_night_rod_2006.php,MEDIUM,REVIEW
MOTO-DIM-HARLEYDAVIDSON-VRSCDXNIGHTRODSPECIAL-0001,Harley-Davidson,VRSCDX Night Rod Special,,2012,2012,2012,2365.0,,,,UNKNOWN,UNKNOWN,STANDARD,1,bikez,https://bikez.com/motorcycles/harley-davidson_vrscdx_night_rod_special_2012.php,MEDIUM,REVIEW
MOTO-DIM-HARLEYDAVIDSON-VRSCDXNIGHTRODSPECIAL-0002,Harley-Davidson,VRSCDX Night Rod Special,,2009,2009,2009,2460.0,,,,UNKNOWN,UNKNOWN,STANDARD,1,bikez,https://bikez.com/motorcycles/harley-davidson_vrscdx_night_rod_special_2009.php,MEDIUM,REVIEW
MOTO-DIM-HARLEYDAVIDSON-VRSCDXNIGHTRODSPECIAL-0003,Harley-Davidson,VRSCDX Night Rod Special,,2007,2007,2007,2398.0,,,,UNKNOWN,UNKNOWN,STANDARD,1,bikez,https://bikez.com/motorcycles/harley-davidson_vrscdx_night_rod_special_2007.php,MEDIUM,REVIEW
MOTO-DIM-HARLEYDAVIDSON-VRSCFVRODMUSCLE-0001,Harley-Davidson,VRSCF V-Rod Muscle,,2012,2012,2012,2357.0,,,,UNKNOWN,UNKNOWN,STANDARD,1,bikez,https://bikez.com/motorcycles/harley-davidson_vrscf_v-rod_muscle_2012.php,MEDIUM,REVIEW
MOTO-DIM-HARLEYDAVIDSON-VRSCFVRODMUSCLE-0002,Harley-Davidson,VRSCF V-Rod Muscle,,2011,2011,2011,2410.0,,,,UNKNOWN,UNKNOWN,STANDARD,1,bikez,https://bikez.com/motorcycles/harley-davidson_vrscf_v-rod_muscle_2011.php,MEDIUM,REVIEW
MOTO-DIM-HARLEYDAVIDSON-VRSCFVRODMUSCLE-0003,Harley-Davidson,VRSCF V-Rod Muscle,,2009,2009,2009,2410.0,,,,UNKNOWN,UNKNOWN,STANDARD,1,bikez,https://bikez.com/motorcycles/harley-davidson_vrscf_v-rod_muscle_2009.php,MEDIUM,REVIEW
MOTO-DIM-HARLEYDAVIDSON-VRSCRSTREETROD-0001,Harley-Davidson,VRSCR Street Rod,,2007,2007,2007,2380.0,,,,UNKNOWN,UNKNOWN,STANDARD,1,bikez,https://bikez.com/motorcycles/harley-davidson_vrscr_street_rod_2007.php,MEDIUM,REVIEW
MOTO-DIM-HARLEYDAVIDSON-VRSCRSTREETROD-0002,Harley-Davidson,VRSCR Street Rod,,2006,2006,2006,2380.0,,,,UNKNOWN,UNKNOWN,STANDARD,1,bikez,https://bikez.com/motorcycles/harley-davidson_vrscr_street_rod_2006.php,MEDIUM,REVIEW
MOTO-DIM-HARLEYDAVIDSON-VRSCSESCREAMINEAGLEVROD-0001,Harley-Davidson,VRSCSE Screamin Eagle V-Rod,,2006,2006,2006,2362.0,,,,UNKNOWN,UNKNOWN,STANDARD,1,bikez,https://bikez.com/motorcycles/harley-davidson_vrscse_screamin_eagle_v-rod_2006.php,MEDIUM,REVIEW
MOTO-DIM-HARLEYDAVIDSON-VRXSESCREAMINEAGLEDESTROYER-0001,Harley-Davidson,VRXSE Screamin Eagle Destroyer,,2006,2006,2006,2362.0,,,,UNKNOWN,UNKNOWN,STANDARD,1,bikez,https://bikez.com/motorcycles/harley-davidson_vrscse_screamin_eagle_v-rod_2006.php,MEDIUM,REVIEW
MOTO-DIM-HARLEYDAVIDSON-VRSCXSCREAMINEAGLEVROD-0001,Harley-Davidson,VRSCX Screamin Eagle V-Rod,,2007,2007,2007,2398.0,,,,UNKNOWN,UNKNOWN,STANDARD,1,bikez,https://bikez.com/motorcycles/harley-davidson_vrscx_v-rod_2007.php,MEDIUM,REVIEW
MOTO-DIM-HARLEYDAVIDSON-WLDR-0001,Harley-Davidson,WLDR,,2020,2020,2020,2355.0,,,,UNKNOWN,UNKNOWN,STANDARD,1,bikez,https://bikez.com/motorcycles/harley-davidson_low_rider_2020.php,MEDIUM,REVIEW
MOTO-DIM-HARLEYDAVIDSON-XG500STREET500-0001,Harley-Davidson,XG500 Street 500,,2014,2014,2014,2225.0,,,,UNKNOWN,UNKNOWN,UNKNOWN,1,motorcyclespecs,https://www.motorcyclespecs.co.za/model/h-d/harley_davidson_streat%20500%2014.htm,LOW,REVIEW
MOTO-DIM-HARLEYDAVIDSON-XG500STREET500-0002,Harley-Davidson,XG500 Street 500,,2018,2018,2018,2225.0,,,,UNKNOWN,UNKNOWN,UNKNOWN,1,motorcyclespecs,https://www.motorcyclespecs.co.za/model/h-d/harley_davidson_street%20500_18.html,LOW,REVIEW
MOTO-DIM-HARLEYDAVIDSON-XG500STREET500-0003,Harley-Davidson,XG500 Street 500,,2020,2020,2020,2225.0,,,,UNKNOWN,UNKNOWN,UNKNOWN,1,motorcyclespecs,https://www.motorcyclespecs.co.za/model/h-d/harley_davidson_street%20500_20.html,LOW,REVIEW
MOTO-DIM-HARLEYDAVIDSON-XG500STREET500-0004,Harley-Davidson,XG500 Street 500,,2021,2021,2021,2225.0,,,,UNKNOWN,UNKNOWN,STANDARD,1,bikez,https://bikez.com/motorcycles/harley-davidson_street_500_2021.php,LOW,REVIEW
MOTO-DIM-HARLEYDAVIDSON-XG500STREET500-0005,Harley-Davidson,XG500 Street 500,,2017,2017,2017,2225.0,,,,UNKNOWN,UNKNOWN,STANDARD,1,bikez,https://bikez.com/motorcycles/harley-davidson_street_500_2017.php,LOW,REVIEW
MOTO-DIM-HARLEYDAVIDSON-XG500STREET500-0006,Harley-Davidson,XG500 Street 500,,2015,2015,2015,2225.0,,,,UNKNOWN,UNKNOWN,STANDARD,1,bikez,https://bikez.com/motorcycles/harley-davidson_street_500_2015.php,LOW,REVIEW
MOTO-DIM-HARLEYDAVIDSON-XG750STREET750-0001,Harley-Davidson,XG750 Street 750,,2014,2014,2014,2225.0,,,,UNKNOWN,UNKNOWN,UNKNOWN,1,motorcyclespecs,https://www.motorcyclespecs.co.za/model/h-d/harley_davidson_streat%20750%2014.htm,LOW,REVIEW
MOTO-DIM-HARLEYDAVIDSON-XG750STREET750-0002,Harley-Davidson,XG750 Street 750,,2016,2016,2016,2225.0,,,,UNKNOWN,UNKNOWN,STANDARD,1,motorcyclespecs,https://www.motorcyclespecs.co.za/model/h-d/harley_davidson_streat%20750%2016.htm,LOW,REVIEW
MOTO-DIM-HARLEYDAVIDSON-XG750STREET750-0003,Harley-Davidson,XG750 Street 750,,2018,2018,2018,2225.0,,,,UNKNOWN,UNKNOWN,UNKNOWN,1,motorcyclespecs,https://www.motorcyclespecs.co.za/model/h-d/harley_davidson_streat_750_18.htm,LOW,REVIEW
MOTO-DIM-HARLEYDAVIDSON-XG750STREET750-0004,Harley-Davidson,XG750 Street 750,,2020,2020,2020,2225.0,820.0,1085.0,1085.0,UNKNOWN,UNKNOWN,UNKNOWN,1,1000ps,https://www.1000ps.com/en-gb/model/7584/harley-davidson-street-750,LOW,REVIEW
MOTO-DIM-HARLEYDAVIDSON-XG750STREET750-0005,Harley-Davidson,XG750 Street 750,,2017,2017,2017,2225.0,,,,UNKNOWN,UNKNOWN,STANDARD,1,bikez,https://bikez.com/motorcycles/harley-davidson_street_750_2017.php,LOW,REVIEW
MOTO-DIM-HARLEYDAVIDSON-XG750STREET750-0006,Harley-Davidson,XG750 Street 750,,2015,2015,2015,2225.0,,,,UNKNOWN,UNKNOWN,STANDARD,1,bikez,https://bikez.com/motorcycles/harley-davidson_street_750_2015.php,LOW,REVIEW
MOTO-DIM-HARLEYDAVIDSON-XG750ASTREETROD-0001,Harley-Davidson,XG750A Street Rod,,2014,2014,2014,2225.0,,,,UNKNOWN,UNKNOWN,UNKNOWN,1,motorcyclespecs,https://www.motorcyclespecs.co.za/model/h-d/harley_davidson_streat%20750%2014.htm,LOW,REVIEW
MOTO-DIM-HARLEYDAVIDSON-XG750ASTREETROD-0002,Harley-Davidson,XG750A Street Rod,,2016,2016,2016,2225.0,,,,UNKNOWN,UNKNOWN,STANDARD,1,motorcyclespecs,https://www.motorcyclespecs.co.za/model/h-d/harley_davidson_streat%20750%2016.htm,LOW,REVIEW
MOTO-DIM-HARLEYDAVIDSON-XG750ASTREETROD-0003,Harley-Davidson,XG750A Street Rod,,2018,2018,2018,2225.0,,,,UNKNOWN,UNKNOWN,UNKNOWN,1,motorcyclespecs,https://www.motorcyclespecs.co.za/model/h-d/harley_davidson_streat_750_18.htm,LOW,REVIEW
MOTO-DIM-HARLEYDAVIDSON-XG750ASTREETROD-0004,Harley-Davidson,XG750A Street Rod,,2020,2020,2020,2225.0,820.0,1085.0,1085.0,UNKNOWN,UNKNOWN,UNKNOWN,1,1000ps,https://www.1000ps.com/en-gb/model/7584/harley-davidson-street-750,LOW,REVIEW
MOTO-DIM-HARLEYDAVIDSON-XG750ASTREETROD-0005,Harley-Davidson,XG750A Street Rod,,2017,2017,2017,2225.0,,,,UNKNOWN,UNKNOWN,STANDARD,1,bikez,https://bikez.com/motorcycles/harley-davidson_street_750_2017.php,LOW,REVIEW
MOTO-DIM-HARLEYDAVIDSON-XG750ASTREETROD-0006,Harley-Davidson,XG750A Street Rod,,2015,2015,2015,2225.0,,,,UNKNOWN,UNKNOWN,STANDARD,1,bikez,https://bikez.com/motorcycles/harley-davidson_street_750_2015.php,LOW,REVIEW
MOTO-DIM-HARLEYDAVIDSON-XL1200CSPORTSTER1200CUSTOM-0001,Harley-Davidson,XL1200C Sportster 1200 Custom,,2012,2012,2012,2220.0,,,,UNKNOWN,UNKNOWN,STANDARD,1,bikez,https://bikez.com/motorcycles/harley-davidson_xl1200c_sportster_1200_custom_2012.php,MEDIUM,REVIEW
MOTO-DIM-HARLEYDAVIDSON-XL1200CSPORTSTER1200CUSTOM-0002,Harley-Davidson,XL1200C Sportster 1200 Custom,,2008,2008,2008,2294.0,,,,UNKNOWN,UNKNOWN,STANDARD,1,bikez,https://bikez.com/motorcycles/harley-davidson_xl1200c_sportster_1200_custom_2008.php,MEDIUM,REVIEW
MOTO-DIM-HARLEYDAVIDSON-XL1200CSPORTSTER1200CUSTOM-0003,Harley-Davidson,XL1200C Sportster 1200 Custom,,2002,2002,2002,2245.0,,,,UNKNOWN,UNKNOWN,STANDARD,1,bikez,https://bikez.com/motorcycles/harley-davidson_xl_1200_c_sportster_1200_custom_2002.php,MEDIUM,REVIEW
MOTO-DIM-HARLEYDAVIDSON-XL1200CSPORTSTER1200CUSTOM-0004,Harley-Davidson,XL1200C Sportster 1200 Custom,,2007,2007,2007,2294.0,,,,UNKNOWN,UNKNOWN,STANDARD,1,bikez,https://bikez.com/motorcycles/harley-davidson_xl1200c_sportster_custom_2007.php,MEDIUM,REVIEW
MOTO-DIM-HARLEYDAVIDSON-XL1200CSPORTSTER1200CUSTOM-0005,Harley-Davidson,XL1200C Sportster 1200 Custom,,2005,2005,2005,2275.0,,,,UNKNOWN,UNKNOWN,STANDARD,1,bikez,https://bikez.com/motorcycles/harley-davidson_xl_1200_c_sportster_custom_2005.php,MEDIUM,REVIEW
MOTO-DIM-HARLEYDAVIDSON-XL1200CXROADSTER-0001,Harley-Davidson,XL1200CX Roadster,,2020,2020,2020,2185.0,860.0,1080.0,1080.0,UNKNOWN,UNKNOWN,UNKNOWN,1,1000ps,https://www.1000ps.com/en-gb/model/8897/harley-davidson-sportster-xl-1200cx-roadster,MEDIUM,REVIEW
MOTO-DIM-HARLEYDAVIDSON-XL1200LSPORTSTER1200LOW-0001,Harley-Davidson,XL1200L Sportster 1200 Low,,2011,2011,2011,2263.0,894.0,1189.0,1189.0,HANDLEBAR_WIDTH,UNKNOWN,STANDARD,1,bikez,https://bikez.com/motorcycles/harley-davidson_xl_1200l_sportster_1200_low_2011.php,MEDIUM,REVIEW
MOTO-DIM-HARLEYDAVIDSON-XL1200NSPORTSTER1200NIGHTSTER-0001,Harley-Davidson,XL1200N Sportster 1200 Nightster,,2010,2010,2010,2245.0,,,,UNKNOWN,UNKNOWN,STANDARD,1,bikez,https://bikez.com/motorcycles/harley-davidson_xl_1200n_sportster_1200_nightster_2010.php,MEDIUM,REVIEW
MOTO-DIM-HARLEYDAVIDSON-XL1200NSPORTSTER1200NIGHTSTER-0002,Harley-Davidson,XL1200N Sportster 1200 Nightster,,2009,2009,2009,2245.0,,,,UNKNOWN,UNKNOWN,STANDARD,1,bikez,https://bikez.com/motorcycles/harley-davidson_xl_1200n_sportster_1200_nightster_2009.php,MEDIUM,REVIEW
MOTO-DIM-HARLEYDAVIDSON-XL1200NSPORTSTER1200NIGHTSTER-0003,Harley-Davidson,XL1200N Sportster 1200 Nightster,,2008,2008,2008,2179.0,,,,UNKNOWN,UNKNOWN,STANDARD,1,bikez,https://bikez.com/motorcycles/harley-davidson_xl1200n_sportster_1200_nightster_2008.php,MEDIUM,REVIEW
MOTO-DIM-HARLEYDAVIDSON-XL1200NSIRON1200-0001,Harley-Davidson,XL1200NS Iron 1200,,2020,2020,2020,2200.0,915.0,1240.0,1240.0,UNKNOWN,UNKNOWN,UNKNOWN,1,1000ps,https://www.1000ps.com/en-gb/model/9644/harley-davidson-sportster-xl-1200ns-iron,MEDIUM,REVIEW
MOTO-DIM-HARLEYDAVIDSON-XL1200RSPORTSTER1200ROADSTER-0001,Harley-Davidson,XL1200R Sportster 1200 Roadster,,2008,2008,2008,2289.0,,,,UNKNOWN,UNKNOWN,STANDARD,1,bikez,https://bikez.com/motorcycles/harley-davidson_xl1200r_sportster_1200_roadster_2008.php,MEDIUM,REVIEW
MOTO-DIM-HARLEYDAVIDSON-XL1200RSPORTSTER1200ROADSTER-0002,Harley-Davidson,XL1200R Sportster 1200 Roadster,,2006,2006,2006,2289.0,,,,UNKNOWN,UNKNOWN,STANDARD,1,bikez,https://bikez.com/motorcycles/harley-davidson_xl_1200r_sportster_1200_roadster_2006.php,MEDIUM,REVIEW
MOTO-DIM-HARLEYDAVIDSON-XL1200RSPORTSTER1200ROADSTER-0003,Harley-Davidson,XL1200R Sportster 1200 Roadster,,2007,2007,2007,2289.0,,,,UNKNOWN,UNKNOWN,STANDARD,1,bikez,https://bikez.com/motorcycles/harley-davidson_xl1200r_sportster_roadster_2007.php,MEDIUM,REVIEW
MOTO-DIM-HARLEYDAVIDSON-XL1200RSPORTSTER1200ROADSTER-0004,Harley-Davidson,XL1200R Sportster 1200 Roadster,,2004,2004,2004,2245.0,713.0,,,HANDLEBAR_WIDTH,UNKNOWN,STANDARD,1,bikez,https://bikez.com/motorcycles/harley-davidson_xl_1200_r_sportster_roadster_2004.php,MEDIUM,REVIEW
MOTO-DIM-HARLEYDAVIDSON-XL1200SSPORTSTER1200SPORT-0001,Harley-Davidson,XL1200S Sportster 1200 Sport,,2003,2003,2003,2250.0,,,,UNKNOWN,UNKNOWN,STANDARD,1,bikez,https://bikez.com/motorcycles/harley-davidson_xl_1200s_sportster_1200_sport_2003.php,MEDIUM,REVIEW
MOTO-DIM-HARLEYDAVIDSON-XL1200SSPORTSTER1200SPORT-0002,Harley-Davidson,XL1200S Sportster 1200 Sport,,2002,2002,2002,2250.0,,,,UNKNOWN,UNKNOWN,STANDARD,1,bikez,https://bikez.com/motorcycles/harley-davidson_xl_1200_s_sportster_1200_sport_2002.php,MEDIUM,REVIEW
MOTO-DIM-HARLEYDAVIDSON-XL1200TSUPERLOW1200T-0001,Harley-Davidson,XL1200T SuperLow 1200T,,2020,2020,2020,2210.0,850.0,1300.0,1300.0,UNKNOWN,UNKNOWN,STANDARD,1,1000ps,https://www.1000ps.com/en-gb/model/7783/harley-davidson-sportster-xl-1200t-superlow,MEDIUM,REVIEW
MOTO-DIM-HARLEYDAVIDSON-XL1200VSEVENTYTWO-0001,Harley-Davidson,XL1200V Seventy-Two,,2016,2016,2016,2275.0,920.0,1210.0,1210.0,UNKNOWN,UNKNOWN,STANDARD,1,1000ps,https://www.1000ps.com/en-gb/model/7029/harley-davidson-sportster-xl-1200-v-seventy-two,MEDIUM,REVIEW
MOTO-DIM-HARLEYDAVIDSON-XL1200XFORTYEIGHT-0001,Harley-Davidson,XL1200X Forty-Eight,,2011,2011,2011,2250.0,831.0,1067.0,1067.0,HANDLEBAR_WIDTH,UNKNOWN,STANDARD,1,bikez,https://bikez.com/motorcycles/harley-davidson_xl_1200x_forty-eight_2011.php,MEDIUM,REVIEW
MOTO-DIM-HARLEYDAVIDSON-XL1200XSFORTYEIGHTSPECIAL-0001,Harley-Davidson,XL1200XS Forty-Eight Special,,2020,2020,2020,2165.0,820.0,1065.0,1065.0,UNKNOWN,UNKNOWN,UNKNOWN,1,1000ps,https://www.1000ps.com/en-gb/model/9645/harley-davidson-sportster-xl-1200xs-forty-eight-special,MEDIUM,REVIEW
MOTO-DIM-HARLEYDAVIDSON-XL5050THANNIVERSARYSPORTSTER-0001,Harley-Davidson,XL50 50th Anniversary Sportster,,2007,2007,2007,2263.0,,,,UNKNOWN,UNKNOWN,STANDARD,1,bikez,https://bikez.com/motorcycles/harley-davidson_xl50_50th_anniversary_sportster_2007.php,MEDIUM,REVIEW
MOTO-DIM-HARLEYDAVIDSON-XL883SPORTSTER-0001,Harley-Davidson,XL883 Sportster,,2008,2008,2008,2289.0,,,,UNKNOWN,UNKNOWN,STANDARD,1,bikez,https://bikez.com/motorcycles/harley-davidson_xl883_sportster_2008.php,MEDIUM,REVIEW
MOTO-DIM-HARLEYDAVIDSON-XL883SPORTSTER-0002,Harley-Davidson,XL883 Sportster,,2007,2007,2007,2289.0,,,,UNKNOWN,UNKNOWN,STANDARD,1,bikez,https://bikez.com/motorcycles/harley-davidson_xl883_sportster_2007.php,MEDIUM,REVIEW
MOTO-DIM-HARLEYDAVIDSON-XL883SPORTSTER-0003,Harley-Davidson,XL883 Sportster,,2004,2004,2004,2260.0,,,,UNKNOWN,UNKNOWN,STANDARD,1,bikez,https://bikez.com/motorcycles/harley-davidson_xl_883_sportster_2004.php,MEDIUM,REVIEW
MOTO-DIM-HARLEYDAVIDSON-XL883SPORTSTER-0004,Harley-Davidson,XL883 Sportster,,2009,2009,2009,2260.0,,,,UNKNOWN,UNKNOWN,STANDARD,1,bikez,https://bikez.com/motorcycles/harley-davidson_xl_883_sportster_883_2009.php,MEDIUM,REVIEW
MOTO-DIM-HARLEYDAVIDSON-XL883SPORTSTER-0005,Harley-Davidson,XL883 Sportster,,2006,2006,2006,2289.0,,,,UNKNOWN,UNKNOWN,STANDARD,1,bikez,https://bikez.com/motorcycles/harley-davidson_xl_883_sportster_883_2006.php,MEDIUM,REVIEW
MOTO-DIM-HARLEYDAVIDSON-XL883CSPORTSTER883CUSTOM-0001,Harley-Davidson,XL883C Sportster 883 Custom,,2010,2010,2010,2275.0,,,,UNKNOWN,UNKNOWN,STANDARD,1,bikez,https://bikez.com/motorcycles/harley-davidson_xl_883c_sportster_883_custom_2010.php,MEDIUM,REVIEW
MOTO-DIM-HARLEYDAVIDSON-XL883CSPORTSTER883CUSTOM-0002,Harley-Davidson,XL883C Sportster 883 Custom,,2009,2009,2009,2275.0,,,,UNKNOWN,UNKNOWN,STANDARD,1,bikez,https://bikez.com/motorcycles/harley-davidson_xl_883c_sportster_883_custom_2009.php,MEDIUM,REVIEW
MOTO-DIM-HARLEYDAVIDSON-XL883CSPORTSTER883CUSTOM-0003,Harley-Davidson,XL883C Sportster 883 Custom,,2003,2003,2003,2261.0,,,,UNKNOWN,UNKNOWN,STANDARD,1,bikez,https://bikez.com/motorcycles/harley-davidson_xl_883c_sportster_883_custom_2003.php,MEDIUM,REVIEW
MOTO-DIM-HARLEYDAVIDSON-XL883CSPORTSTER883CUSTOM-0004,Harley-Davidson,XL883C Sportster 883 Custom,,2007,2007,2007,2294.0,,,,UNKNOWN,UNKNOWN,STANDARD,1,bikez,https://bikez.com/motorcycles/harley-davidson_xl883c_sportster_custom_2007.php,MEDIUM,REVIEW
MOTO-DIM-HARLEYDAVIDSON-XL883CSPORTSTER883CUSTOM-0005,Harley-Davidson,XL883C Sportster 883 Custom,,2005,2005,2005,2275.0,,,,UNKNOWN,UNKNOWN,STANDARD,1,bikez,https://bikez.com/motorcycles/harley-davidson_xl_883_c_sportster_custom_2005.php,MEDIUM,REVIEW
MOTO-DIM-HARLEYDAVIDSON-XL883LSPORTSTER883LOW-0001,Harley-Davidson,XL883L Sportster 883 Low,,2010,2010,2010,2250.0,,,,UNKNOWN,UNKNOWN,STANDARD,1,bikez,https://bikez.com/motorcycles/harley-davidson_xl_883l_sportster_883_low_2010.php,MEDIUM,REVIEW
MOTO-DIM-HARLEYDAVIDSON-XL883LSPORTSTER883LOW-0002,Harley-Davidson,XL883L Sportster 883 Low,,2009,2009,2009,2250.0,,,,UNKNOWN,UNKNOWN,STANDARD,1,bikez,https://bikez.com/motorcycles/harley-davidson_xl_883l_sportster_883_low_2009.php,MEDIUM,REVIEW
MOTO-DIM-HARLEYDAVIDSON-XL883LSPORTSTER883LOW-0003,Harley-Davidson,XL883L Sportster 883 Low,,2006,2006,2006,2289.0,,,,UNKNOWN,UNKNOWN,STANDARD,1,bikez,https://bikez.com/motorcycles/harley-davidson_xl_883_l_sportster_883_low_2006.php,MEDIUM,REVIEW
MOTO-DIM-HARLEYDAVIDSON-XL883LSPORTSTER883LOW-0004,Harley-Davidson,XL883L Sportster 883 Low,,2007,2007,2007,2263.0,,,,UNKNOWN,UNKNOWN,STANDARD,1,bikez,https://bikez.com/motorcycles/harley-davidson_xl883l_sportster_low_2007.php,MEDIUM,REVIEW
MOTO-DIM-HARLEYDAVIDSON-XL883LSUPERLOW-0001,Harley-Davidson,XL883L SuperLow,,2020,2020,2020,2215.0,845.0,1115.0,1115.0,UNKNOWN,UNKNOWN,STANDARD,1,1000ps,https://www.1000ps.com/en-gb/model/2654/harley-davidson-sportster-xl-883-l-superlow,MEDIUM,REVIEW
MOTO-DIM-HARLEYDAVIDSON-XL883NIRON883-0001,Harley-Davidson,XL883N Iron 883,,2022,2022,2022,2185.0,,,,UNKNOWN,UNKNOWN,STANDARD,1,bikez,https://bikez.com/motorcycles/harley-davidson_iron_883_2022.php,MEDIUM,REVIEW
MOTO-DIM-HARLEYDAVIDSON-XL883NIRON883-0002,Harley-Davidson,XL883N Iron 883,,2021,2021,2021,2185.0,,,,UNKNOWN,UNKNOWN,STANDARD,1,bikez,https://bikez.com/motorcycles/harley-davidson_iron_883_2021.php,MEDIUM,REVIEW
MOTO-DIM-HARLEYDAVIDSON-XL883NIRON883-0003,Harley-Davidson,XL883N Iron 883,,2020,2020,2020,2185.0,,,,UNKNOWN,UNKNOWN,STANDARD,1,bikez,https://bikez.com/motorcycles/harley-davidson_iron_883_2020.php,MEDIUM,REVIEW
MOTO-DIM-HARLEYDAVIDSON-XL883RSPORTSTER883ROADSTER-0001,Harley-Davidson,XL883R Sportster 883 Roadster,,2012,2012,2012,2245.0,,,,UNKNOWN,UNKNOWN,STANDARD,1,bikez,https://bikez.com/motorcycles/harley-davidson_xl883r_sportster_883_r_roadster_2012.php,MEDIUM,REVIEW
MOTO-DIM-HARLEYDAVIDSON-XLH883HUGSPORTSTER883HUGGER-0001,Harley-Davidson,XLH883HUG Sportster 883 Hugger,,2002,2002,2002,2230.0,,,,UNKNOWN,UNKNOWN,STANDARD,1,bikez,https://bikez.com/motorcycles/harley-davidson_xlh_883_sportster_883_hugger_2002.php,MEDIUM,REVIEW
MOTO-DIM-HARLEYDAVIDSON-XLH883HUGSPORTSTER883HUGGER-0002,Harley-Davidson,XLH883HUG Sportster 883 Hugger,,2099,2099,2099,2237.0,,,,UNKNOWN,UNKNOWN,UNKNOWN,1,motorcyclespecs,https://www.motorcyclespecs.co.za/model/h-d/harley_davidson_xlh883%20hugger%2099.htm,MEDIUM,REVIEW
MOTO-DIM-HARLEYDAVIDSON-XLH883HUGSPORTSTER883HUGGER-0003,Harley-Davidson,XLH883HUG Sportster 883 Hugger,,2001,2001,2001,2237.0,,,,UNKNOWN,UNKNOWN,UNKNOWN,1,motorcyclespecs,https://www.motorcyclespecs.co.za/model/h-d/harley_davidson_xlh883%20hugger%2001.htm,MEDIUM,REVIEW
MOTO-DIM-HARLEYDAVIDSON-XLH883HUGSPORTSTER883HUGGER-0004,Harley-Davidson,XLH883HUG Sportster 883 Hugger,,2003,2003,2003,2230.0,,,,UNKNOWN,UNKNOWN,STANDARD,1,bikez,https://bikez.com/motorcycles/harley-davidson_xlh_sportster_883_hugger_2003.php,MEDIUM,REVIEW
MOTO-DIM-HARLEYDAVIDSON-XR1200X-0001,Harley-Davidson,XR1200X,,2011,2011,2011,2225.0,930.0,1161.0,1161.0,HANDLEBAR_WIDTH,UNKNOWN,STANDARD,1,bikez,https://bikez.com/motorcycles/harley-davidson_xr_1200x_2011.php,LOW,REVIEW
MOTO-DIM-HARLEYDAVIDSON-XR1200X-0002,Harley-Davidson,XR1200X,,2012,2012,2012,2225.0,,,,UNKNOWN,UNKNOWN,STANDARD,1,bikez,https://bikez.com/motorcycles/harley-davidson_xr1200x_2012.php,LOW,REVIEW
MOTO-DIM-HARLEYDAVIDSON-XR1200X-0003,Harley-Davidson,XR1200X,,2010,2010,2010,2195.0,,,,UNKNOWN,UNKNOWN,STANDARD,1,bikez,https://bikez.com/motorcycles/harley-davidson_xr1200x_2010.php,LOW,REVIEW
MOTO-DIM-HERO-HUNK160R-0001,Hero,Hunk 160R,,,,,2029.0,793.0,1052.0,1052.0,UNKNOWN,UNKNOWN,STANDARD,1,bikedekho,https://www.bikedekho.com/hero/xtreme-160r/specifications,MEDIUM,REVIEW
MOTO-DIM-HERO-XOOM110-0001,Hero,XOOM 110,,,,,1881.0,717.0,1118.0,1118.0,UNKNOWN,UNKNOWN,UNKNOWN,1,bikedekho,https://www.bikedekho.com/hero/xoom-110/specifications,MEDIUM,REVIEW
MOTO-DIM-HUSQVARNA-FE250-0001,Husqvarna,FE250,,2014,2014,2014,2260.0,,,,UNKNOWN,UNKNOWN,STANDARD,1,motorcyclespecs,https://www.motorcyclespecs.co.za/model/husqvana/Husqvarna_FE250-14.htm,LOW,REVIEW
MOTO-DIM-HUSQVARNA-FE250-0002,Husqvarna,FE250,,2016,2016,2016,2260.0,,,,UNKNOWN,UNKNOWN,STANDARD,1,motorcyclespecs,https://www.motorcyclespecs.co.za/model/husqvana/Husqvarna_FE250-16.htm,LOW,REVIEW
MOTO-DIM-HUSQVARNA-FE350-0001,Husqvarna,FE350,,2014,2014,2014,2260.0,,,,UNKNOWN,UNKNOWN,STANDARD,1,motorcyclespecs,https://www.motorcyclespecs.co.za/model/husqvana/Husqvarna_FE350-14.htm,LOW,REVIEW
MOTO-DIM-HUSQVARNA-FE350S-0001,Husqvarna,FE350S,,2015,2015,2015,2260.0,,,,UNKNOWN,UNKNOWN,STANDARD,1,motorcyclespecs,https://www.motorcyclespecs.co.za/model/husqvana/Husqvarna_FE350S%2015.htm,MEDIUM,REVIEW
MOTO-DIM-HUSQVARNA-FE350W-0001,Husqvarna,FE350W,,2014,2014,2014,2260.0,,,,UNKNOWN,UNKNOWN,STANDARD,1,motorcyclespecs,https://www.motorcyclespecs.co.za/model/husqvana/Husqvarna_FE350-14.htm,LOW,REVIEW
MOTO-DIM-HUSQVARNA-FE450-0001,Husqvarna,FE450,,,,,2260.0,,,,UNKNOWN,UNKNOWN,STANDARD,1,motorcyclespecs,https://www.motorcyclespecs.co.za/model/husqvana/Husqvarna_FE450_16.htm,LOW,REVIEW
MOTO-DIM-HUSQVARNA-FE450-0002,Husqvarna,FE450,,,,,2260.0,,,,UNKNOWN,UNKNOWN,STANDARD,1,motorcyclespecs,https://www.motorcyclespecs.co.za/model/husqvana/husqvarna_fe450_20.html,LOW,REVIEW
MOTO-DIM-HUSQVARNA-FE450-0003,Husqvarna,FE450,,2022,2022,2022,2260.0,,,,UNKNOWN,UNKNOWN,STANDARD,1,motorcyclespecs,https://www.motorcyclespecs.co.za/model/husqvana/husqvarna_fe450_22.html,LOW,REVIEW
MOTO-DIM-HUSQVARNA-FE501-0001,Husqvarna,FE501,,2016,2016,2016,2260.0,,,,UNKNOWN,UNKNOWN,STANDARD,1,motorcyclespecs,https://www.motorcyclespecs.co.za/model/husqvana/Husqvarna_FE501%2016.htm,LOW,REVIEW
MOTO-DIM-HUSQVARNA-FE501-0002,Husqvarna,FE501,,2018,2018,2018,2260.0,,,,UNKNOWN,UNKNOWN,STANDARD,1,motorcyclespecs,https://www.motorcyclespecs.co.za/model/husqvana/husqvarna_fe501_18.html,LOW,REVIEW
MOTO-DIM-HUSQVARNA-FE501-0003,Husqvarna,FE501,,2022,2022,2022,2260.0,,,,UNKNOWN,UNKNOWN,STANDARD,1,motorcyclespecs,https://www.motorcyclespecs.co.za/model/husqvana/husqvarna_fe501_22.html,LOW,REVIEW
MOTO-DIM-HUSQVARNA-FE501W-0001,Husqvarna,FE501W,,2016,2016,2016,2260.0,,,,UNKNOWN,UNKNOWN,STANDARD,1,motorcyclespecs,https://www.motorcyclespecs.co.za/model/husqvana/Husqvarna_FE501%2016.htm,LOW,REVIEW
MOTO-DIM-HUSQVARNA-FE501W-0002,Husqvarna,FE501W,,2018,2018,2018,2260.0,,,,UNKNOWN,UNKNOWN,STANDARD,1,motorcyclespecs,https://www.motorcyclespecs.co.za/model/husqvana/husqvarna_fe501_18.html,LOW,REVIEW
MOTO-DIM-HUSQVARNA-FE501W-0003,Husqvarna,FE501W,,2022,2022,2022,2260.0,,,,UNKNOWN,UNKNOWN,STANDARD,1,motorcyclespecs,https://www.motorcyclespecs.co.za/model/husqvana/husqvarna_fe501_22.html,LOW,REVIEW
MOTO-DIM-HUSQVARNA-FE501S-0001,Husqvarna,FE501S,,2015,2015,2015,2260.0,,,,UNKNOWN,UNKNOWN,STANDARD,1,motorcyclespecs,https://www.motorcyclespecs.co.za/model/husqvana/Husqvarna_FE501S.htm,MEDIUM,REVIEW
MOTO-DIM-HUSQVARNA-FE501SHERITAGE-0001,Husqvarna,FE501S Heritage,,2015,2015,2015,2260.0,,,,UNKNOWN,UNKNOWN,STANDARD,1,motorcyclespecs,https://www.motorcyclespecs.co.za/model/husqvana/Husqvarna_FE501S.htm,MEDIUM,REVIEW
MOTO-DIM-HUSQVARNA-NUDA900R-0001,Husqvarna,Nuda 900R,,2012,2012,2012,2190.0,895.0,1220.0,1220.0,UNKNOWN,UNKNOWN,UNKNOWN,1,motorcyclespecs,https://www.motorcyclespecs.co.za/model/husqvana/husqvarna_nuda_900r.htm,LOW,REVIEW
MOTO-DIM-HUSQVARNA-TC449-0001,Husqvarna,TC449,,2013,2013,2013,2280.0,820.0,,,UNKNOWN,UNKNOWN,UNKNOWN,1,1000ps,https://www.1000ps.com/en-gb/model/6398/husqvarna-tc-449,MEDIUM,REVIEW
MOTO-DIM-HUSQVARNA-TE300-0001,Husqvarna,TE300,,2014,2014,2014,2260.0,,,,UNKNOWN,UNKNOWN,STANDARD,1,motorcyclespecs,https://www.motorcyclespecs.co.za/model/husqvana/husqvarna_te_300_14.htm,LOW,REVIEW
MOTO-DIM-HUSQVARNA-TE300-0002,Husqvarna,TE300,,2016,2016,2016,2260.0,,,,UNKNOWN,UNKNOWN,STANDARD,1,motorcyclespecs,https://www.motorcyclespecs.co.za/model/husqvana/husqvarna_te_300_16.htm,LOW,REVIEW
MOTO-DIM-HUSQVARNA-TE300I-0001,Husqvarna,TE300i,,2020,2020,2020,2260.0,,,,UNKNOWN,UNKNOWN,STANDARD,1,motorcyclespecs,https://www.motorcyclespecs.co.za/model/husqvana/husqvarna_te_300_20.html,LOW,REVIEW
MOTO-DIM-HUSQVARNA-TE450-0001,Husqvarna,TE450,,"2004,2007",,,2215.0,820.0,1290.0,1290.0,UNKNOWN,UNKNOWN,UNKNOWN,2,motorcyclespecs,https://www.motorcyclespecs.co.za/model/husqvana/husqvarna_te_450%2007.htm | https://www.motorcyclespecs.co.za/model/husqvana/husqvarna_te450e%2004.htm,LOW,REVIEW
MOTO-DIM-HUSQVARNA-TE450-0002,Husqvarna,TE450,,2002,2002,2002,2215.0,820.0,1290.0,1290.0,HANDLEBAR_WIDTH,UNKNOWN,UNKNOWN,1,motorcyclespecs,https://www.motorcyclespecs.co.za/model/husqvana/husqvarna_te450%2002.htm,LOW,REVIEW
MOTO-DIM-HUSQVARNA-TR650STRADA-0001,Husqvarna,TR650 Strada,,2013,2013,2013,2248.0,875.0,,,UNKNOWN,UNKNOWN,UNKNOWN,1,1000ps,https://www.1000ps.com/en-gb/model/7252/husqvarna-tr-650-strada,LOW,REVIEW
MOTO-DIM-HUSQVARNA-TR650TERRA-0001,Husqvarna,TR650 Terra,,2013,2013,2013,2267.0,875.0,,,UNKNOWN,UNKNOWN,UNKNOWN,1,1000ps,https://www.1000ps.com/en-gb/model/7253/husqvarna-tr-650-terra,LOW,REVIEW
MOTO-DIM-HUSQVARNA-TX300IROCKSTAREDITION-0001,Husqvarna,TX300i Rockstar Edition,,2021,2021,2021,2260.0,,,,UNKNOWN,UNKNOWN,STANDARD,1,motorcyclespecs,https://www.motorcyclespecs.co.za/model/husqvana/husqvarna_te_300_Rockstar.html,LOW,REVIEW
MOTO-DIM-HUSQVARNA-TX300IROCKSTAREDITION-0002,Husqvarna,TX300i Rockstar Edition,,2022,2022,2022,2260.0,,,,UNKNOWN,UNKNOWN,UNKNOWN,1,motorcyclespecs,https://www.motorcyclespecs.co.za/model/husqvana/husqvarna_te_300i_rockstar-22.html,LOW,REVIEW
MOTO-DIM-HUSQVARNA-WME250-0001,Husqvarna,WME 250,,2014,2014,2014,2260.0,,,,UNKNOWN,UNKNOWN,STANDARD,1,motorcyclespecs,https://www.motorcyclespecs.co.za/model/husqvana/Husqvarna_FE250-14.htm,LOW,REVIEW
MOTO-DIM-HUSQVARNA-WME250-0002,Husqvarna,WME 250,,2016,2016,2016,2260.0,,,,UNKNOWN,UNKNOWN,STANDARD,1,motorcyclespecs,https://www.motorcyclespecs.co.za/model/husqvana/Husqvarna_FE250-16.htm,LOW,REVIEW
MOTO-DIM-HYOSUNG-GD250-0001,Hyosung,GD250,,2017,2017,2017,1937.0,700.0,1100.0,1100.0,UNKNOWN,UNKNOWN,UNKNOWN,1,motorcyclespecs,https://www.motorcyclespecs.co.za/model/Hyosung/Hyosung_GD250R_17.htm,LOW,REVIEW
MOTO-DIM-HYOSUNG-GD250-0002,Hyosung,GD250,,2016,2016,2016,1955.0,690.0,1130.0,1130.0,UNKNOWN,UNKNOWN,UNKNOWN,1,1000ps,https://www.1000ps.com/en-gb/model/8610/hyosung-gd-250r,LOW,REVIEW
MOTO-DIM-HYOSUNG-GD250R-0001,Hyosung,GD250R,,2017,2017,2017,1937.0,700.0,1100.0,1100.0,UNKNOWN,UNKNOWN,UNKNOWN,1,motorcyclespecs,https://www.motorcyclespecs.co.za/model/Hyosung/Hyosung_GD250R_17.htm,LOW,REVIEW
MOTO-DIM-HYOSUNG-GD250R-0002,Hyosung,GD250R,,2016,2016,2016,1955.0,690.0,1130.0,1130.0,UNKNOWN,UNKNOWN,UNKNOWN,1,1000ps,https://www.1000ps.com/en-gb/model/8610/hyosung-gd-250r,LOW,REVIEW
MOTO-DIM-HYOSUNG-GT250-0001,Hyosung,GT250,,"2004,2008",,,2280.0,760.0,1120.0,1120.0,UNKNOWN,UNKNOWN,UNKNOWN,2,motorcyclespecs,https://www.motorcyclespecs.co.za/model/Hyosung/hyosung_gt_250%2008.htm | https://www.motorcyclespecs.co.za/model/Hyosung/hyosung_gt_250%2004.htm,LOW,REVIEW
MOTO-DIM-HYOSUNG-GT250-0002,Hyosung,GT250,,2013,2013,2013,,700.0,1130.0,1130.0,HANDLEBAR_WIDTH,UNKNOWN,UNKNOWN,1,motorcyclespecs,https://www.motorcyclespecs.co.za/model/Hyosung/hyosung_gt_250_13.htm,LOW,REVIEW
MOTO-DIM-HYOSUNG-GT250R-0001,Hyosung,GT250R,,2013,2013,2013,,720.0,1130.0,1130.0,HANDLEBAR_WIDTH,UNKNOWN,UNKNOWN,1,motorcyclespecs,https://www.motorcyclespecs.co.za/model/Hyosung/hyosung_gt_250R%2013.htm,MEDIUM,REVIEW
MOTO-DIM-HYOSUNG-GT250R-0002,Hyosung,GT250R,,2008,2008,2008,2060.0,655.0,1135.0,1135.0,HANDLEBAR_WIDTH,UNKNOWN,STANDARD,1,motorcyclespecs,https://www.motorcyclespecs.co.za/model/Hyosung/hyosung_gt_250R%2008.htm,MEDIUM,REVIEW
MOTO-DIM-HYOSUNG-GT650-0001,Hyosung,GT650,,"2013,2015",,,2090.0,780.0,1120.0,1120.0,UNKNOWN,UNKNOWN,STANDARD,2,motorcyclespecs,https://www.motorcyclespecs.co.za/model/Hyosung/hyosung_gt_650_13.htm | https://www.motorcyclespecs.co.za/model/Hyosung/hyosung_gt_650_15.htm,LOW,REVIEW
MOTO-DIM-HYOSUNG-GT650R-0001,Hyosung,GT650R,,2008,2008,2008,2060.0,740.0,1125.0,1125.0,UNKNOWN,UNKNOWN,STANDARD,1,motorcyclespecs,https://www.motorcyclespecs.co.za/model/Hyosung/hyosung_gt_650r%2008.htm,LOW,REVIEW
MOTO-DIM-HYOSUNG-GT650R-0002,Hyosung,GT650R,,2013,2013,2013,2095.0,700.0,1090.0,1090.0,HANDLEBAR_WIDTH,UNKNOWN,UNKNOWN,1,motorcyclespecs,https://www.motorcyclespecs.co.za/model/Hyosung/hyosung_gt_650r_13.htm,LOW,REVIEW
MOTO-DIM-HYOSUNG-GT650R-0003,Hyosung,GT650R,,2017,2017,2017,2095.0,700.0,1132.0,1132.0,HANDLEBAR_WIDTH,UNKNOWN,UNKNOWN,1,motorcyclespecs,https://www.motorcyclespecs.co.za/model/Hyosung/hyosung_gt_650r_17.htm,LOW,REVIEW
MOTO-DIM-HYOSUNG-GT650S-0001,Hyosung,GT650S,,"2005,2008",,,2060.0,740.0,1125.0,1125.0,UNKNOWN,UNKNOWN,STANDARD,2,motorcyclespecs,https://www.motorcyclespecs.co.za/model/Hyosung/hyosung_gt_650s%2008.htm | https://www.motorcyclespecs.co.za/model/Hyosung/hyosung_gt_650s%2005.htm,LOW,REVIEW
MOTO-DIM-HYOSUNG-GV250-0001,Hyosung,GV250,,2018,2018,2018,2282.0,875.0,1096.0,1096.0,UNKNOWN,UNKNOWN,UNKNOWN,1,1000ps,https://www.1000ps.com/en-gb/model/7026/hyosung-gv-250i,MEDIUM,REVIEW
MOTO-DIM-HYOSUNG-GV250AQUILA-0001,Hyosung,GV250 Aquila,,2016,2016,2016,2270.0,875.0,1096.0,1096.0,UNKNOWN,UNKNOWN,UNKNOWN,1,motorcyclespecs,https://www.motorcyclespecs.co.za/model/Hyosung/hyosung_gv_250_aquila%20pro%2016.htm,MEDIUM,REVIEW
MOTO-DIM-HYOSUNG-GV650-0001,Hyosung,GV650,,2018,2018,2018,2330.0,840.0,1150.0,1150.0,UNKNOWN,UNKNOWN,UNKNOWN,1,1000ps,https://www.1000ps.com/en-gb/model/3656/hyosung-gv-650i,MEDIUM,REVIEW
MOTO-DIM-HYOSUNG-GV650AQUILAPRO-0001,Hyosung,GV650 Aquila Pro,,2016,2016,2016,2040.0,840.0,1150.0,1150.0,UNKNOWN,UNKNOWN,UNKNOWN,1,motorcyclespecs,https://www.motorcyclespecs.co.za/model/Hyosung/hyosung_gv_650_aquila%20pro%2016.htm,MEDIUM,REVIEW
MOTO-DIM-HYOSUNG-QT50-0001,Hyosung,QT50,,2016,2016,2016,1700.0,650.0,1100.0,1100.0,UNKNOWN,UNKNOWN,UNKNOWN,1,1000ps,https://www.1000ps.com/en-gb/model/7635/hyosung-newtee-up-50,MEDIUM,REVIEW
MOTO-DIM-HYOSUNG-ST7-0001,Hyosung,ST7,,"2011,2013,2015,2016",,,2470.0,960.0,1135.0,1135.0,UNKNOWN,UNKNOWN,UNKNOWN,4,motorcyclespecs | 1000ps,https://www.motorcyclespecs.co.za/model/Hyosung/hyosung_ST_700_11.htm | https://www.motorcyclespecs.co.za/model/Hyosung/hyosung_ST_700_13.htm | https://www.motorcyclespecs.co.za/model/Hyosung/hyosung_ST_7_15.htm | https://www.1000ps.com/en-gb/model/7798/hyosung-st-7,LOW,REVIEW
MOTO-DIM-HYOSUNG-TE50-0001,Hyosung,TE50,,2016,2016,2016,1700.0,650.0,1100.0,1100.0,UNKNOWN,UNKNOWN,UNKNOWN,1,1000ps,https://www.1000ps.com/en-gb/model/7635/hyosung-newtee-up-50,MEDIUM,REVIEW
MOTO-DIM-HYOSUNG-ST7DELUXE-0001,Hyosung,ST7 Deluxe,,2013,2013,2013,2470.0,960.0,1135.0,1135.0,UNKNOWN,UNKNOWN,STANDARD,1,motorcyclespecs,https://www.motorcyclespecs.co.za/model/Hyosung/hyosung_ST_700_el%20lux.htm,MEDIUM,REVIEW
MOTO-DIM-INDIAN-101SCOUT-0001,Indian,101 Scout,,2026,2026,2026,2206.0,956.0,1155.0,1155.0,UNKNOWN,UNKNOWN,UNKNOWN,1,1000ps,https://www.1000ps.com/en-gb/model/12483/indian-101-scout,MEDIUM,REVIEW
MOTO-DIM-INDIAN-CHALLENGER-0001,Indian,Challenger,,2020,2020,2020,2500.7,990.2,1428.5,1428.5,HANDLEBAR_WIDTH,ADJUSTABLE_WINDSCREEN,STANDARD,1,motorcyclespecs,https://www.motorcyclespecs.co.za/model/Indian/indian_challenger_20.html,LOW,REVIEW
MOTO-DIM-INDIAN-CHALLENGER-0002,Indian,Challenger,,,,,2501.0,1075.0,1346.0,1346.0,UNKNOWN,UNKNOWN,UNKNOWN,1,bikedekho,https://www.bikedekho.com/indian/challenger/specifications,LOW,REVIEW
MOTO-DIM-INDIAN-CHALLENGERDARKHORSE-0001,Indian,Challenger Dark Horse,,2020,2020,2020,2500.7,990.2,1428.5,1428.5,HANDLEBAR_WIDTH,ADJUSTABLE_WINDSCREEN,STANDARD,1,motorcyclespecs,https://www.motorcyclespecs.co.za/model/Indian/indian_challenger_dark_horse_20.html,LOW,REVIEW
MOTO-DIM-INDIAN-CHALLENGERDARKHORSE-0002,Indian,Challenger Dark Horse,,2025,2025,2025,2501.0,,,,UNKNOWN,UNKNOWN,UNKNOWN,1,1000ps,https://www.1000ps.com/en-gb/model/9938/indian-challenger-dark-horse,LOW,REVIEW
MOTO-DIM-INDIAN-CHALLENGERDARKHORSE-0003,Indian,Challenger Dark Horse,,,,,2503.0,1063.0,1237.0,1237.0,UNKNOWN,UNKNOWN,UNKNOWN,1,bikedekho,https://www.bikedekho.com/indian/challenger-dark-horse/specifications,LOW,REVIEW
MOTO-DIM-INDIAN-CHALLENGERDARKHORSE112-0001,Indian,Challenger Dark Horse 112,,2026,2026,2026,2503.0,1063.0,1237.0,1237.0,UNKNOWN,UNKNOWN,UNKNOWN,1,1000ps,https://www.1000ps.com/en-gb/model/13387/indian-challenger-dark-horse-with-112-package,MEDIUM,REVIEW
MOTO-DIM-INDIAN-CHALLENGERDARKHORSE112AUDIOPACKAGE-0001,Indian,Challenger Dark Horse 112 Audio Package,,2026,2026,2026,2503.0,1063.0,1237.0,1237.0,UNKNOWN,UNKNOWN,UNKNOWN,1,1000ps,https://www.1000ps.com/en-gb/model/13387/indian-challenger-dark-horse-with-112-package,MEDIUM,REVIEW
MOTO-DIM-INDIAN-CHALLENGERELITE-0001,Indian,Challenger Elite,,2026,2026,2026,2503.0,1063.0,1237.0,1237.0,UNKNOWN,UNKNOWN,UNKNOWN,1,1000ps,https://www.1000ps.com/en-gb/model/11485/indian-challenger-elite,MEDIUM,REVIEW
MOTO-DIM-INDIAN-CHALLENGERLIMITED-0001,Indian,Challenger Limited,,2020,2020,2020,2500.7,990.2,1428.5,1428.5,HANDLEBAR_WIDTH,ADJUSTABLE_WINDSCREEN,STANDARD,1,motorcyclespecs,https://www.motorcyclespecs.co.za/model/Indian/indian_challenger_limited_20.html,LOW,REVIEW
MOTO-DIM-INDIAN-CHALLENGERLIMITED-0002,Indian,Challenger Limited,,2024,2024,2024,2501.0,,,,UNKNOWN,UNKNOWN,UNKNOWN,1,1000ps,https://www.1000ps.com/en-gb/model/9939/indian-challenger-limited,LOW,REVIEW
MOTO-DIM-INDIAN-CHALLENGERLIMITED-0003,Indian,Challenger Limited,,,,,2503.0,1063.0,1346.0,1346.0,UNKNOWN,UNKNOWN,UNKNOWN,1,bikedekho,https://www.bikedekho.com/indian/challenger-limited/specifications,LOW,REVIEW
MOTO-DIM-INDIAN-CHALLENGERLIMITED112-0001,Indian,Challenger Limited 112,,2026,2026,2026,2503.0,1063.0,1237.0,1237.0,UNKNOWN,UNKNOWN,UNKNOWN,1,1000ps,https://www.1000ps.com/en-gb/model/13388/indian-challenger-limited-with-112-package,MEDIUM,REVIEW
MOTO-DIM-INDIAN-CHALLENGERLIMITED112AUDIOPACKAGE-0001,Indian,Challenger Limited 112 Audio Package,,2026,2026,2026,2503.0,1063.0,1237.0,1237.0,UNKNOWN,UNKNOWN,UNKNOWN,1,1000ps,https://www.1000ps.com/en-gb/model/13388/indian-challenger-limited-with-112-package,MEDIUM,REVIEW
MOTO-DIM-INDIAN-CHIEFBLACKHAWK-0001,Indian,Chief Blackhawk,,2011,2011,2011,2552.0,1028.0,1282.0,1282.0,UNKNOWN,UNKNOWN,UNKNOWN,1,motorcyclespecs,https://www.motorcyclespecs.co.za/model/Indian/indian_Chief_Blackhawk.html,LOW,REVIEW
MOTO-DIM-INDIAN-CHIEFBLACKHAWKDARK-0001,Indian,Chief Blackhawk Dark,,2011,2011,2011,2552.0,1028.0,1282.0,1282.0,UNKNOWN,UNKNOWN,UNKNOWN,1,motorcyclespecs,https://www.motorcyclespecs.co.za/model/Indian/indian_Chief_Blackhawk_Dark.html,MEDIUM,REVIEW
MOTO-DIM-INDIAN-CHIEFBOBBER-0001,Indian,Chief Bobber,,,,,2286.0,915.0,1349.0,1349.0,UNKNOWN,UNKNOWN,UNKNOWN,1,bikedekho,https://www.bikedekho.com/indian/chief-bobber/specifications,MEDIUM,REVIEW
MOTO-DIM-INDIAN-CHIEFBOBBERDARKHORSE-0001,Indian,Chief Bobber Dark Horse,,2022,2022,2022,2286.0,915.0,1349.0,1349.0,HANDLEBAR_WIDTH,UNKNOWN,STANDARD,1,motorcyclespecs,https://www.motorcyclespecs.co.za/model/Indian/indian-chief-bobber-dark-horse-22.html,LOW,REVIEW
MOTO-DIM-INDIAN-CHIEFBOBBERDARKHORSE-0002,Indian,Chief Bobber Dark Horse,,2026,2026,2026,2286.0,915.0,1349.0,1349.0,UNKNOWN,UNKNOWN,UNKNOWN,2,1000ps | bikedekho,https://www.1000ps.com/en-gb/model/10519/indian-chief-bobber-dark-horse | https://www.bikedekho.com/indian/chief-bobber-dark-horse/specifications,LOW,REVIEW
MOTO-DIM-INDIAN-CHIEFBOMBER-0001,Indian,Chief Bomber,,2011,2011,2011,2553.0,1029.0,1283.0,1283.0,UNKNOWN,UNKNOWN,UNKNOWN,1,1000ps,https://www.1000ps.com/en-gb/model/6704/indian-chief-bomber,MEDIUM,REVIEW
MOTO-DIM-INDIAN-CHIEFCLASSIC-0001,Indian,Chief Classic,,"2009,2013",,,2552.0,1028.0,1282.0,1282.0,UNKNOWN,UNKNOWN,STANDARD,2,motorcyclespecs,https://www.motorcyclespecs.co.za/model/Indian/indian_Chief_classic.html | https://www.motorcyclespecs.co.za/model/Indian/indian_Chief_classic_13.html,LOW,REVIEW
MOTO-DIM-INDIAN-CHIEFCLASSIC-0002,Indian,Chief Classic,,2018,2018,2018,2553.0,1029.0,1283.0,1283.0,HANDLEBAR_WIDTH,UNKNOWN,STANDARD,1,motorcyclespecs,https://www.motorcyclespecs.co.za/model/Indian/indian_chief_classic_18.html,LOW,REVIEW
MOTO-DIM-INDIAN-CHIEFCLASSIC-0003,Indian,Chief Classic,,2019,2019,2019,2630.0,1000.0,1176.0,1176.0,UNKNOWN,UNKNOWN,UNKNOWN,1,1000ps,https://www.1000ps.com/en-gb/model/6705/indian-chief-classic,LOW,REVIEW
MOTO-DIM-INDIAN-CHIEFDARKHORSE-0001,Indian,Chief Dark Horse,,2022,2022,2022,2286.0,922.0,1253.0,1253.0,HANDLEBAR_WIDTH,UNKNOWN,STANDARD,1,motorcyclespecs,https://www.motorcyclespecs.co.za/model/Indian/indian-chief-dark-horse-22.html,LOW,REVIEW
MOTO-DIM-INDIAN-CHIEFDARKHORSE-0002,Indian,Chief Dark Horse,,2012,2012,2012,2552.7,1028.7,1282.7,1282.7,UNKNOWN,UNKNOWN,UNKNOWN,1,motorcyclespecs,https://www.motorcyclespecs.co.za/model/Indian/indian_Chief_Dark_Horse_12.html,LOW,REVIEW
MOTO-DIM-INDIAN-CHIEFDARKHORSE-0003,Indian,Chief Dark Horse,,,,,2506.0,,,,UNKNOWN,UNKNOWN,STANDARD,1,motorcyclespecs,https://www.motorcyclespecs.co.za/model/Indian/indian_Chief_Dark_Horse_20.html,LOW,REVIEW
MOTO-DIM-INDIAN-CHIEFDARKHORSE-0004,Indian,Chief Dark Horse,,2026,2026,2026,2286.0,922.0,1253.0,1253.0,UNKNOWN,UNKNOWN,UNKNOWN,2,1000ps | bikedekho,https://www.1000ps.com/en-gb/model/6706/indian-chief-dark-horse | https://www.bikedekho.com/indian/chief-dark-horse/specifications,LOW,REVIEW
MOTO-DIM-INDIAN-CHIEFROADMASTER-0001,Indian,Chief Roadmaster,,2011,2011,2011,2553.0,1029.0,1283.0,1283.0,UNKNOWN,UNKNOWN,UNKNOWN,1,1000ps,https://www.1000ps.com/en-gb/model/6707/indian-chief-roadmaster,MEDIUM,REVIEW
MOTO-DIM-INDIAN-CHIEFVINTAGELE-0001,Indian,Chief Vintage LE,,2013,2013,2013,2552.7,1028.7,1282.7,1282.7,UNKNOWN,UNKNOWN,UNKNOWN,1,motorcyclespecs,https://www.motorcyclespecs.co.za/model/Indian/indian_chief_vintage_LE_13.html,MEDIUM,REVIEW
MOTO-DIM-INDIAN-CHIEFTAIN-0001,Indian,Chieftain,,2020,2020,2020,2506.0,,,,UNKNOWN,UNKNOWN,STANDARD,1,motorcyclespecs,https://www.motorcyclespecs.co.za/model/Indian/indian_chieftain_20.html,MEDIUM,REVIEW
MOTO-DIM-INDIAN-CHIEFTAIN-0002,Indian,Chieftain,,2014,2014,2014,2571.0,1022.0,1529.0,1529.0,UNKNOWN,UNKNOWN,STANDARD,1,motorcyclespecs,https://www.motorcyclespecs.co.za/model/Indian/indian_Chieftain_14.html,LOW,REVIEW
MOTO-DIM-INDIAN-CHIEFTAIN-0003,Indian,Chieftain,,"2017,2019",,,2571.0,1022.0,1529.0,1529.0,HANDLEBAR_WIDTH,UNKNOWN,STANDARD,2,motorcyclespecs,https://www.motorcyclespecs.co.za/model/Indian/indian_Chieftain_17.html | https://www.motorcyclespecs.co.za/model/Indian/indian_Chieftain_19.html,LOW,REVIEW
MOTO-DIM-INDIAN-CHIEFTAIN-0004,Indian,Chieftain,,,,,2503.0,1063.0,1237.0,1237.0,UNKNOWN,UNKNOWN,UNKNOWN,1,bikedekho,https://www.bikedekho.com/indian/chieftain/specifications,LOW,REVIEW
MOTO-DIM-INDIAN-CHIEFTAINCLASSIC-0001,Indian,Chieftain Classic,,2018,2018,2018,2571.0,1000.0,1390.0,1390.0,HANDLEBAR_WIDTH,UNKNOWN,STANDARD,1,motorcyclespecs,https://www.motorcyclespecs.co.za/model/Indian/indian_Chieftain_classic_18.html,LOW,REVIEW
MOTO-DIM-INDIAN-CHIEFTAINCLASSIC-0002,Indian,Chieftain Classic,,2020,2020,2020,2571.0,,,,UNKNOWN,UNKNOWN,UNKNOWN,1,1000ps,https://www.1000ps.com/en-gb/model/9412/indian-chieftain-classic,LOW,REVIEW
MOTO-DIM-INDIAN-CHIEFTAINDARKHORSE-0001,Indian,Chieftain Dark Horse,,2016,2016,2016,2571.0,1022.0,1529.0,1529.0,HANDLEBAR_WIDTH,UNKNOWN,UNKNOWN,1,motorcyclespecs,https://www.motorcyclespecs.co.za/model/Indian/Indian_Chieftain_Dark_Horse.htm,LOW,REVIEW
MOTO-DIM-INDIAN-CHIEFTAINDARKHORSE-0002,Indian,Chieftain Dark Horse,,2018,2018,2018,2571.0,1022.0,1529.0,1529.0,HANDLEBAR_WIDTH,UNKNOWN,STANDARD,1,motorcyclespecs,https://www.motorcyclespecs.co.za/model/Indian/Indian_Chieftain_Dark_Horse_19.html,LOW,REVIEW
MOTO-DIM-INDIAN-CHIEFTAINDARKHORSE-0003,Indian,Chieftain Dark Horse,,2020,2020,2020,2506.0,,,,UNKNOWN,UNKNOWN,STANDARD,1,motorcyclespecs,https://www.motorcyclespecs.co.za/model/Indian/indian_chieftain_dark_horse_20.html,LOW,REVIEW
MOTO-DIM-INDIAN-CHIEFTAINDARKHORSE-0004,Indian,Chieftain Dark Horse,,2024,2024,2024,2506.0,1000.0,1385.0,1385.0,UNKNOWN,UNKNOWN,UNKNOWN,1,1000ps,https://www.1000ps.com/en-gb/model/9413/indian-chieftain-dark-horse,LOW,REVIEW
MOTO-DIM-INDIAN-CHIEFTAINDARKHORSE-0005,Indian,Chieftain Dark Horse,,,,,2506.0,1023.0,1372.0,1372.0,UNKNOWN,UNKNOWN,UNKNOWN,1,bikedekho,https://www.bikedekho.com/indian/chieftain-dark-horse/specifications,LOW,REVIEW
MOTO-DIM-INDIAN-CHIEFTAINDARKHORSEAUDIOPACKAGE-0001,Indian,Chieftain Dark Horse Audio Package,,2016,2016,2016,2571.0,1022.0,1529.0,1529.0,HANDLEBAR_WIDTH,UNKNOWN,UNKNOWN,1,motorcyclespecs,https://www.motorcyclespecs.co.za/model/Indian/Indian_Chieftain_Dark_Horse.htm,LOW,REVIEW
MOTO-DIM-INDIAN-CHIEFTAINDARKHORSEAUDIOPACKAGE-0002,Indian,Chieftain Dark Horse Audio Package,,2018,2018,2018,2571.0,1022.0,1529.0,1529.0,HANDLEBAR_WIDTH,UNKNOWN,STANDARD,1,motorcyclespecs,https://www.motorcyclespecs.co.za/model/Indian/Indian_Chieftain_Dark_Horse_19.html,LOW,REVIEW
MOTO-DIM-INDIAN-CHIEFTAINDARKHORSEAUDIOPACKAGE-0003,Indian,Chieftain Dark Horse Audio Package,,2020,2020,2020,2506.0,,,,UNKNOWN,UNKNOWN,STANDARD,1,motorcyclespecs,https://www.motorcyclespecs.co.za/model/Indian/indian_chieftain_dark_horse_20.html,LOW,REVIEW
MOTO-DIM-INDIAN-CHIEFTAINDARKHORSEAUDIOPACKAGE-0004,Indian,Chieftain Dark Horse Audio Package,,2024,2024,2024,2506.0,1000.0,1385.0,1385.0,UNKNOWN,UNKNOWN,UNKNOWN,1,1000ps,https://www.1000ps.com/en-gb/model/9413/indian-chieftain-dark-horse,LOW,REVIEW
MOTO-DIM-INDIAN-CHIEFTAINDARKHORSEAUDIOPACKAGE-0005,Indian,Chieftain Dark Horse Audio Package,,,,,2506.0,1023.0,1372.0,1372.0,UNKNOWN,UNKNOWN,UNKNOWN,1,bikedekho,https://www.bikedekho.com/indian/chieftain-dark-horse/specifications,LOW,REVIEW
MOTO-DIM-INDIAN-CHIEFTAINELITE-0001,Indian,Chieftain Elite,,2017,2017,2017,2500.0,1000.0,1388.0,1388.0,UNKNOWN,UNKNOWN,STANDARD,1,motorcyclespecs,https://www.motorcyclespecs.co.za/model/Indian/indian_Chieftain_Elite.htm,LOW,REVIEW
MOTO-DIM-INDIAN-CHIEFTAINELITE-0002,Indian,Chieftain Elite,,2020,2020,2020,2506.0,1000.0,,,HANDLEBAR_WIDTH,UNKNOWN,STANDARD,1,motorcyclespecs,https://www.motorcyclespecs.co.za/model/Indian/indian_chieftain_elite_20.html,LOW,REVIEW
MOTO-DIM-INDIAN-CHIEFTAINELITE-0003,Indian,Chieftain Elite,,2021,2021,2021,2506.0,1000.0,1385.0,1385.0,UNKNOWN,UNKNOWN,UNKNOWN,1,1000ps,https://www.1000ps.com/en-gb/model/9025/indian-chieftain-elite,LOW,REVIEW
MOTO-DIM-INDIAN-CHIEFTAINLIMITED-0001,Indian,Chieftain Limited,,2017,2017,2017,2500.0,1000.0,1388.0,1388.0,UNKNOWN,UNKNOWN,STANDARD,1,motorcyclespecs,https://www.motorcyclespecs.co.za/model/Indian/indian_Chieftain_limited.htm,LOW,REVIEW
MOTO-DIM-INDIAN-CHIEFTAINLIMITED-0002,Indian,Chieftain Limited,,2019,2019,2019,2500.0,1000.0,1388.0,1388.0,HANDLEBAR_WIDTH,UNKNOWN,STANDARD,1,motorcyclespecs,https://www.motorcyclespecs.co.za/model/Indian/indian_Chieftain_limited_19.html,LOW,REVIEW
MOTO-DIM-INDIAN-CHIEFTAINLIMITED-0003,Indian,Chieftain Limited,,2020,2020,2020,2506.0,,,,UNKNOWN,UNKNOWN,STANDARD,1,motorcyclespecs,https://www.motorcyclespecs.co.za/model/Indian/indian_chieftain_limited_20.html,LOW,REVIEW
MOTO-DIM-INDIAN-CHIEFTAINLIMITED-0004,Indian,Chieftain Limited,,2024,2024,2024,2506.0,1000.0,1385.0,1385.0,UNKNOWN,UNKNOWN,UNKNOWN,1,1000ps,https://www.1000ps.com/en-gb/model/9414/indian-chieftain-limited,LOW,REVIEW
MOTO-DIM-INDIAN-CHIEFTAINLIMITED-0005,Indian,Chieftain Limited,,,,,2506.0,1023.0,1372.0,1372.0,UNKNOWN,UNKNOWN,UNKNOWN,1,bikedekho,https://www.bikedekho.com/indian/chieftain-limited/specifications,LOW,REVIEW
MOTO-DIM-INDIAN-CHIEFTAINLIMITEDAUDIOPACKAGE-0001,Indian,Chieftain Limited Audio Package,,2017,2017,2017,2500.0,1000.0,1388.0,1388.0,UNKNOWN,UNKNOWN,STANDARD,1,motorcyclespecs,https://www.motorcyclespecs.co.za/model/Indian/indian_Chieftain_limited.htm,LOW,REVIEW
MOTO-DIM-INDIAN-CHIEFTAINLIMITEDAUDIOPACKAGE-0002,Indian,Chieftain Limited Audio Package,,2019,2019,2019,2500.0,1000.0,1388.0,1388.0,HANDLEBAR_WIDTH,UNKNOWN,STANDARD,1,motorcyclespecs,https://www.motorcyclespecs.co.za/model/Indian/indian_Chieftain_limited_19.html,LOW,REVIEW
MOTO-DIM-INDIAN-CHIEFTAINLIMITEDAUDIOPACKAGE-0003,Indian,Chieftain Limited Audio Package,,2020,2020,2020,2506.0,,,,UNKNOWN,UNKNOWN,STANDARD,1,motorcyclespecs,https://www.motorcyclespecs.co.za/model/Indian/indian_chieftain_limited_20.html,LOW,REVIEW
MOTO-DIM-INDIAN-CHIEFTAINLIMITEDAUDIOPACKAGE-0004,Indian,Chieftain Limited Audio Package,,2024,2024,2024,2506.0,1000.0,1385.0,1385.0,UNKNOWN,UNKNOWN,UNKNOWN,1,1000ps,https://www.1000ps.com/en-gb/model/9414/indian-chieftain-limited,LOW,REVIEW
MOTO-DIM-INDIAN-CHIEFTAINLIMITEDAUDIOPACKAGE-0005,Indian,Chieftain Limited Audio Package,,,,,2506.0,1023.0,1372.0,1372.0,UNKNOWN,UNKNOWN,UNKNOWN,1,bikedekho,https://www.bikedekho.com/indian/chieftain-limited/specifications,LOW,REVIEW
MOTO-DIM-INDIAN-CHIEFTAINPOWERPLUSDARKHORSE112-0001,Indian,Chieftain PowerPlus Dark Horse 112,,2026,2026,2026,2503.0,1066.0,1237.0,1237.0,UNKNOWN,UNKNOWN,UNKNOWN,1,1000ps,https://www.1000ps.com/en-gb/model/13386/indian-chieftain-powerplus-dark-horse-with-112-package,MEDIUM,REVIEW
MOTO-DIM-INDIAN-CHIEFTAINPOWERPLUSDARKHORSE112AUDIOPACKAGE-0001,Indian,Chieftain PowerPlus Dark Horse 112 Audio Package,,2026,2026,2026,2503.0,1066.0,1237.0,1237.0,UNKNOWN,UNKNOWN,UNKNOWN,1,1000ps,https://www.1000ps.com/en-gb/model/13386/indian-chieftain-powerplus-dark-horse-with-112-package,MEDIUM,REVIEW
MOTO-DIM-INDIAN-CHIEFTAINPOWERPLUSLIMITED112-0001,Indian,Chieftain PowerPlus Limited 112,,2026,2026,2026,2503.0,1066.0,1237.0,1237.0,UNKNOWN,UNKNOWN,UNKNOWN,1,1000ps,https://www.1000ps.com/en-gb/model/13389/indian-chieftain-powerplus-limited-with-112-package,MEDIUM,REVIEW
MOTO-DIM-INDIAN-CHIEFTAINPOWERPLUSLIMITED112AUDIOPACKAGE-0001,Indian,Chieftain PowerPlus Limited 112 Audio Package,,2026,2026,2026,2503.0,1066.0,1237.0,1237.0,UNKNOWN,UNKNOWN,UNKNOWN,1,1000ps,https://www.1000ps.com/en-gb/model/13389/indian-chieftain-powerplus-limited-with-112-package,MEDIUM,REVIEW
MOTO-DIM-INDIAN-FTR-0001,Indian,FTR,,2024,2024,2024,2287.0,,,,UNKNOWN,UNKNOWN,UNKNOWN,1,1000ps,https://www.1000ps.com/en-gb/model/10509/indian-ftr,MEDIUM,REVIEW
MOTO-DIM-INDIAN-FTR-0002,Indian,FTR,,2023,2023,2023,2223.0,830.0,1297.0,1297.0,UNKNOWN,UNKNOWN,STANDARD,1,motorcyclespecs,https://www.motorcyclespecs.co.za/model/Indian/indian-ftr1200-2023.html,MEDIUM,REVIEW
MOTO-DIM-INDIAN-FTR1200-0001,Indian,FTR 1200,,2023,2023,2023,2223.0,830.0,1297.0,1297.0,UNKNOWN,UNKNOWN,STANDARD,1,motorcyclespecs,https://www.motorcyclespecs.co.za/model/Indian/indian-ftr1200-2023.html,LOW,REVIEW
MOTO-DIM-INDIAN-FTR1200-0002,Indian,FTR 1200,,,,,2286.0,850.0,1297.0,1297.0,HANDLEBAR_WIDTH,UNKNOWN,STANDARD,1,motorcyclespecs,https://www.motorcyclespecs.co.za/model/Indian/Indian_FTR1200_19.html,LOW,REVIEW
MOTO-DIM-INDIAN-FTR1200-0003,Indian,FTR 1200,,2021,2021,2021,2223.0,830.0,1297.0,1297.0,HANDLEBAR_WIDTH,UNKNOWN,STANDARD,1,motorcyclespecs,https://www.motorcyclespecs.co.za/model/Indian/indian_ftr1200_21.html,LOW,REVIEW
MOTO-DIM-INDIAN-FTR1200-0004,Indian,FTR 1200,,2020,2020,2020,2287.0,,,,UNKNOWN,UNKNOWN,UNKNOWN,1,1000ps,https://www.1000ps.com/en-gb/model/9504/indian-ftr-1200,LOW,REVIEW
MOTO-DIM-INDIAN-FTR1200-0005,Indian,FTR 1200,,,,,2223.0,830.0,1295.0,1295.0,UNKNOWN,UNKNOWN,UNKNOWN,1,bikedekho,https://www.bikedekho.com/indian/ftr-1200/specifications,LOW,REVIEW
MOTO-DIM-INDIAN-FTR1200S-0001,Indian,FTR 1200 S,,,,,2286.0,850.0,1297.0,1297.0,HANDLEBAR_WIDTH,UNKNOWN,STANDARD,1,motorcyclespecs,https://www.motorcyclespecs.co.za/model/Indian/Indian_FTR1200S_19.html,LOW,REVIEW
MOTO-DIM-INDIAN-FTR1200S-0002,Indian,FTR 1200 S,,2021,2021,2021,2223.0,830.0,1297.0,1297.0,HANDLEBAR_WIDTH,UNKNOWN,STANDARD,1,motorcyclespecs,https://www.motorcyclespecs.co.za/model/Indian/indian_ftr1200s_21.html,LOW,REVIEW
MOTO-DIM-INDIAN-FTR1200S-0003,Indian,FTR 1200 S,,2020,2020,2020,2287.0,,,,UNKNOWN,UNKNOWN,UNKNOWN,1,1000ps,https://www.1000ps.com/en-gb/model/9505/indian-ftr-1200-s,LOW,REVIEW
MOTO-DIM-INDIAN-FTRCHAMPIONSHIPEDITION-0001,Indian,FTR Championship Edition,,2022,2022,2022,2287.0,867.0,1336.0,1336.0,HANDLEBAR_WIDTH,UNKNOWN,STANDARD,1,motorcyclespecs,https://www.motorcyclespecs.co.za/model/Indian/indian_ftr1200_championship_edition_22.html,MEDIUM,REVIEW
MOTO-DIM-INDIAN-FTRRCARBON-0001,Indian,FTR R Carbon,,2024,2024,2024,2287.0,,,,UNKNOWN,UNKNOWN,UNKNOWN,1,1000ps,https://www.1000ps.com/en-gb/model/10511/indian-ftr-r-carbon,MEDIUM,REVIEW
MOTO-DIM-INDIAN-FTRRCARBON-0002,Indian,FTR R Carbon,,2023,2023,2023,2223.0,830.0,1297.0,1297.0,UNKNOWN,UNKNOWN,STANDARD,1,motorcyclespecs,https://www.motorcyclespecs.co.za/model/Indian/indian-ftr1200r-carbon-2023.html,MEDIUM,REVIEW
MOTO-DIM-INDIAN-FTRRALLY-0001,Indian,FTR Rally,,2024,2024,2024,2287.0,,,,UNKNOWN,UNKNOWN,UNKNOWN,1,1000ps,https://www.1000ps.com/en-gb/model/9955/indian-ftr-rally,MEDIUM,REVIEW
MOTO-DIM-INDIAN-FTRRALLY-0002,Indian,FTR Rally,,2023,2023,2023,2286.0,867.0,1396.0,1396.0,UNKNOWN,UNKNOWN,STANDARD,1,motorcyclespecs,https://www.motorcyclespecs.co.za/model/Indian/indian-ftr1200-rally-2023.html,MEDIUM,REVIEW
MOTO-DIM-INDIAN-FTRS-0001,Indian,FTR S,,2021,2021,2021,2287.0,,,,UNKNOWN,UNKNOWN,UNKNOWN,1,1000ps,https://www.1000ps.com/en-gb/model/10510/indian-ftr-s,MEDIUM,REVIEW
MOTO-DIM-INDIAN-FTRS-0002,Indian,FTR S,,,,,2286.0,850.0,1297.0,1297.0,HANDLEBAR_WIDTH,UNKNOWN,STANDARD,1,motorcyclespecs,https://www.motorcyclespecs.co.za/model/Indian/Indian_FTR1200S_19.html,MEDIUM,REVIEW
MOTO-DIM-INDIAN-FTRSPORT-0001,Indian,FTR Sport,,2024,2024,2024,2223.0,830.0,1295.0,1295.0,UNKNOWN,UNKNOWN,UNKNOWN,1,1000ps,https://www.1000ps.com/en-gb/model/11484/indian-ftr-sport,MEDIUM,REVIEW
MOTO-DIM-INDIAN-FTRX100%RCARBON-0001,Indian,FTR x 100% R Carbon,,2024,2024,2024,2223.0,830.0,1295.0,1295.0,UNKNOWN,UNKNOWN,UNKNOWN,1,1000ps,https://www.1000ps.com/en-gb/model/12342/indian-ftr-x-100-r-carbon,MEDIUM,REVIEW
MOTO-DIM-INDIAN-FTRXRDSSUPERHOOLIGAN-0001,Indian,FTR X RDS Super Hooligan,,2024,2024,2024,2223.0,830.0,1295.0,1295.0,UNKNOWN,UNKNOWN,STANDARD,1,motorcyclespecs,https://www.motorcyclespecs.co.za/model/Indian/indian-ftr-x-rsd-super-hooligan-2024.html,LOW,REVIEW
MOTO-DIM-INDIAN-FTRXRSDSUPERHOOLIGAN-0001,Indian,FTR x RSD Super Hooligan,,2024,2024,2024,2223.0,830.0,1295.0,1295.0,UNKNOWN,UNKNOWN,STANDARD,1,motorcyclespecs,https://www.motorcyclespecs.co.za/model/Indian/indian-ftr-x-rsd-super-hooligan-2024.html,LOW,REVIEW
MOTO-DIM-INDIAN-PURSUITDARKHORSE-0001,Indian,Pursuit Dark Horse,,2022,2022,2022,2609.0,990.2,1444.0,1444.0,HANDLEBAR_WIDTH,ADJUSTABLE_WINDSCREEN,STANDARD,1,motorcyclespecs,https://www.motorcyclespecs.co.za/model/Indian/indian_pursuit_dark_horse_22.html,LOW,REVIEW
MOTO-DIM-INDIAN-PURSUITDARKHORSE-0002,Indian,Pursuit Dark Horse,,2026,2026,2026,2609.0,990.0,1444.0,1444.0,UNKNOWN,UNKNOWN,UNKNOWN,1,1000ps,https://www.1000ps.com/en-gb/model/11114/indian-pursuit-dark-horse,LOW,REVIEW
MOTO-DIM-INDIAN-PURSUITDARKHORSE-0003,Indian,Pursuit Dark Horse,,,,,2609.0,1075.0,1444.0,1444.0,UNKNOWN,UNKNOWN,UNKNOWN,1,bikedekho,https://www.bikedekho.com/indian/pursuit-dark-horse/specifications,LOW,REVIEW
MOTO-DIM-INDIAN-PURSUITDARKHORSE112-0001,Indian,Pursuit Dark Horse 112,,2026,2026,2026,2578.0,1066.0,1237.0,1237.0,UNKNOWN,UNKNOWN,UNKNOWN,1,1000ps,https://www.1000ps.com/en-gb/model/13311/indian-pursuit-dark-horse-with-112-package,MEDIUM,REVIEW
MOTO-DIM-INDIAN-PURSUITDARKHORSE112AUDIOPACKAGE-0001,Indian,Pursuit Dark Horse 112 Audio Package,,2026,2026,2026,2578.0,1066.0,1237.0,1237.0,UNKNOWN,UNKNOWN,UNKNOWN,1,1000ps,https://www.1000ps.com/en-gb/model/13311/indian-pursuit-dark-horse-with-112-package,MEDIUM,REVIEW
MOTO-DIM-INDIAN-PURSUITELITE-0001,Indian,Pursuit Elite,,2026,2026,2026,2578.0,1066.0,1237.0,1237.0,UNKNOWN,UNKNOWN,UNKNOWN,1,1000ps,https://www.1000ps.com/en-gb/model/13115/indian-pursuit-elite,MEDIUM,REVIEW
MOTO-DIM-INDIAN-PURSUITLIMITED-0001,Indian,Pursuit Limited,,2022,2022,2022,2609.0,990.2,1444.0,1444.0,HANDLEBAR_WIDTH,ADJUSTABLE_WINDSCREEN,STANDARD,1,motorcyclespecs,https://www.motorcyclespecs.co.za/model/Indian/indian_pursuit_limited_22.html,LOW,REVIEW
MOTO-DIM-INDIAN-PURSUITLIMITED-0002,Indian,Pursuit Limited,,2026,2026,2026,2609.0,990.0,1444.0,1444.0,UNKNOWN,UNKNOWN,UNKNOWN,2,1000ps | bikedekho,https://www.1000ps.com/en-gb/model/11113/indian-pursuit-limited | https://www.bikedekho.com/indian/pursuit-limited/specifications,LOW,REVIEW
MOTO-DIM-INDIAN-PURSUITLIMITEDPREMIUMPACKAGE-0001,Indian,Pursuit Limited Premium Package,,2022,2022,2022,2609.0,990.2,1444.0,1444.0,HANDLEBAR_WIDTH,ADJUSTABLE_WINDSCREEN,STANDARD,1,motorcyclespecs,https://www.motorcyclespecs.co.za/model/Indian/indian_pursuit_limited_22.html,LOW,REVIEW
MOTO-DIM-INDIAN-PURSUITLIMITEDPREMIUMPACKAGE-0002,Indian,Pursuit Limited Premium Package,,2026,2026,2026,2609.0,990.0,1444.0,1444.0,UNKNOWN,UNKNOWN,UNKNOWN,2,1000ps | bikedekho,https://www.1000ps.com/en-gb/model/11113/indian-pursuit-limited | https://www.bikedekho.com/indian/pursuit-limited/specifications,LOW,REVIEW
MOTO-DIM-INDIAN-PURSUITLIMITED112-0001,Indian,Pursuit Limited 112,,2026,2026,2026,2578.0,1066.0,1237.0,1237.0,UNKNOWN,UNKNOWN,UNKNOWN,1,1000ps,https://www.1000ps.com/en-gb/model/13312/indian-pursuit-limited-with-112-package,MEDIUM,REVIEW
MOTO-DIM-INDIAN-PURSUITLIMITED112AUDIOPACKAGE-0001,Indian,Pursuit Limited 112 Audio Package,,2026,2026,2026,2578.0,1066.0,1237.0,1237.0,UNKNOWN,UNKNOWN,UNKNOWN,1,1000ps,https://www.1000ps.com/en-gb/model/13312/indian-pursuit-limited-with-112-package,MEDIUM,REVIEW
MOTO-DIM-INDIAN-ROADMASTER-0001,Indian,Roadmaster,,,,,2656.0,1012.0,1572.0,1572.0,UNKNOWN,UNKNOWN,STANDARD,1,motorcyclespecs,https://www.motorcyclespecs.co.za/model/Indian/Indian%20Roadmaster.htm,LOW,REVIEW
MOTO-DIM-INDIAN-ROADMASTER-0002,Indian,Roadmaster,,2019,2019,2019,2656.0,1012.0,1572.0,1572.0,HANDLEBAR_WIDTH,UNKNOWN,UNKNOWN,1,motorcyclespecs,https://www.motorcyclespecs.co.za/model/Indian/Indian_Roadmaster_19.html,LOW,REVIEW
MOTO-DIM-INDIAN-ROADMASTER-0003,Indian,Roadmaster,,2011,2011,2011,2552.7,1028.7,1282.7,1282.7,UNKNOWN,UNKNOWN,UNKNOWN,1,motorcyclespecs,https://www.motorcyclespecs.co.za/model/Indian/indian_Chief_Roadmaster_11.html,LOW,REVIEW
MOTO-DIM-INDIAN-ROADMASTER-0004,Indian,Roadmaster,,2024,2024,2024,2506.0,,,,UNKNOWN,UNKNOWN,UNKNOWN,1,1000ps,https://www.1000ps.com/en-gb/model/7874/indian-roadmaster,LOW,REVIEW
MOTO-DIM-INDIAN-ROADMASTER-0005,Indian,Roadmaster,,,,,2656.0,1022.0,1415.0,1415.0,UNKNOWN,UNKNOWN,UNKNOWN,1,bikedekho,https://www.bikedekho.com/indian/roadmaster/specifications,LOW,REVIEW
MOTO-DIM-INDIAN-ROADMASTERAUDIOPACKAGE-0001,Indian,Roadmaster Audio Package,,2017,2017,2017,2656.0,1012.0,1572.0,1572.0,UNKNOWN,ADJUSTABLE_WINDSCREEN,STANDARD,1,motorcyclespecs,https://www.motorcyclespecs.co.za/model/Indian/Indian_Roadmaster_classic_17.html,LOW,REVIEW
MOTO-DIM-INDIAN-ROADMASTERAUDIOPACKAGE-0002,Indian,Roadmaster Audio Package,,2019,2019,2019,2656.0,1000.0,1491.0,1491.0,UNKNOWN,UNKNOWN,UNKNOWN,1,1000ps,https://www.1000ps.com/en-gb/model/9415/indian-roadmaster-classic,LOW,REVIEW
MOTO-DIM-INDIAN-ROADMASTERAUDIOPACKAGE-0003,Indian,Roadmaster Audio Package,,,,,2630.0,1000.0,1491.0,1491.0,UNKNOWN,UNKNOWN,UNKNOWN,1,bikedekho,https://www.bikedekho.com/indian/roadmaster-classic/specifications,LOW,REVIEW
MOTO-DIM-INDIAN-ROADMASTERCLASSIC-0001,Indian,Roadmaster Classic,,2017,2017,2017,2656.0,1012.0,1572.0,1572.0,UNKNOWN,ADJUSTABLE_WINDSCREEN,STANDARD,1,motorcyclespecs,https://www.motorcyclespecs.co.za/model/Indian/Indian_Roadmaster_classic_17.html,LOW,REVIEW
MOTO-DIM-INDIAN-ROADMASTERCLASSIC-0002,Indian,Roadmaster Classic,,2019,2019,2019,2656.0,1000.0,1491.0,1491.0,UNKNOWN,UNKNOWN,UNKNOWN,1,1000ps,https://www.1000ps.com/en-gb/model/9415/indian-roadmaster-classic,LOW,REVIEW
MOTO-DIM-INDIAN-ROADMASTERCLASSIC-0003,Indian,Roadmaster Classic,,,,,2630.0,1000.0,1491.0,1491.0,UNKNOWN,UNKNOWN,UNKNOWN,1,bikedekho,https://www.bikedekho.com/indian/roadmaster-classic/specifications,LOW,REVIEW
MOTO-DIM-INDIAN-ROADMASTERDARKHORSE-0001,Indian,Roadmaster Dark Horse,,2024,2024,2024,2506.0,,,,UNKNOWN,UNKNOWN,UNKNOWN,1,1000ps,https://www.1000ps.com/en-gb/model/10041/indian-roadmaster-dark-horse,MEDIUM,REVIEW
MOTO-DIM-INDIAN-ROADMASTERDARKHORSE-0002,Indian,Roadmaster Dark Horse,,,,,2578.0,1063.0,1237.0,1237.0,UNKNOWN,UNKNOWN,UNKNOWN,1,bikedekho,https://www.bikedekho.com/indian/roadmaster-dark-horse/specifications,MEDIUM,REVIEW
MOTO-DIM-INDIAN-ROADMASTERDARKHORSEAUDIOPACKAGE-0001,Indian,Roadmaster Dark Horse Audio Package,,2024,2024,2024,2506.0,,,,UNKNOWN,UNKNOWN,UNKNOWN,1,1000ps,https://www.1000ps.com/en-gb/model/10041/indian-roadmaster-dark-horse,MEDIUM,REVIEW
MOTO-DIM-INDIAN-ROADMASTERDARKHORSEAUDIOPACKAGE-0002,Indian,Roadmaster Dark Horse Audio Package,,,,,2578.0,1063.0,1237.0,1237.0,UNKNOWN,UNKNOWN,UNKNOWN,1,bikedekho,https://www.bikedekho.com/indian/roadmaster-dark-horse/specifications,MEDIUM,REVIEW
MOTO-DIM-INDIAN-ROADMASTERELITE-0001,Indian,Roadmaster Elite,,2024,2024,2024,2593.3,1022.0,1415.0,1415.0,UNKNOWN,UNKNOWN,UNKNOWN,1,motorcyclespecs,https://www.motorcyclespecs.co.za/model/Indian/indian-roadmaster-elite-2024.html,LOW,REVIEW
MOTO-DIM-INDIAN-ROADMASTERELITE-0002,Indian,Roadmaster Elite,,2018,2018,2018,2676.0,1000.0,1491.0,1491.0,HANDLEBAR_WIDTH,UNKNOWN,STANDARD,1,motorcyclespecs,https://www.motorcyclespecs.co.za/model/Indian/Indian_Roadmaster_Elite_18.html,LOW,REVIEW
MOTO-DIM-INDIAN-ROADMASTERELITE-0003,Indian,Roadmaster Elite,,2020,2020,2020,2676.0,1000.0,1491.0,1491.0,UNKNOWN,UNKNOWN,STANDARD,1,motorcyclespecs,https://www.motorcyclespecs.co.za/model/Indian/Indian_Roadmaster_Elite_20.html,LOW,REVIEW
MOTO-DIM-INDIAN-ROADMASTERELITE-0004,Indian,Roadmaster Elite,,2026,2026,2026,2578.0,1063.0,1237.0,1237.0,UNKNOWN,UNKNOWN,UNKNOWN,1,1000ps,https://www.1000ps.com/en-gb/model/9416/indian-roadmaster-elite,LOW,REVIEW
MOTO-DIM-INDIAN-ROADMASTERELITE-0005,Indian,Roadmaster Elite,,,,,2676.0,1000.0,1490.0,1490.0,UNKNOWN,UNKNOWN,UNKNOWN,1,bikedekho,https://www.bikedekho.com/indian/roadmaster-elite/specifications,LOW,REVIEW
MOTO-DIM-INDIAN-ROADMASTERLIMITED-0001,Indian,Roadmaster Limited,,2024,2024,2024,2593.0,1000.0,1491.0,1491.0,UNKNOWN,UNKNOWN,UNKNOWN,1,1000ps,https://www.1000ps.com/en-gb/model/10291/indian-roadmaster-limited,MEDIUM,REVIEW
MOTO-DIM-INDIAN-ROADMASTERPOWERPLUSDARKHORSE112-0001,Indian,Roadmaster PowerPlus Dark Horse 112,,2026,2026,2026,2578.0,1063.0,1237.0,1237.0,UNKNOWN,UNKNOWN,UNKNOWN,1,1000ps,https://www.1000ps.com/en-gb/model/13395/indian-roadmaster-powerplus-dark-horse-with-112-package,MEDIUM,REVIEW
MOTO-DIM-INDIAN-ROADMASTERPOWERPLUSDARKHORSE112AUDIOPACKAGE-0001,Indian,Roadmaster PowerPlus Dark Horse 112 Audio Package,,2026,2026,2026,2578.0,1063.0,1237.0,1237.0,UNKNOWN,UNKNOWN,UNKNOWN,1,1000ps,https://www.1000ps.com/en-gb/model/13395/indian-roadmaster-powerplus-dark-horse-with-112-package,MEDIUM,REVIEW
MOTO-DIM-INDIAN-ROADMASTERPOWERPLUSLIMITED112-0001,Indian,Roadmaster PowerPlus Limited 112,,2026,2026,2026,2578.0,1063.0,1237.0,1237.0,UNKNOWN,UNKNOWN,UNKNOWN,1,1000ps,https://www.1000ps.com/en-gb/model/13397/indian-roadmaster-powerplus-limited-with-112-package,MEDIUM,REVIEW
MOTO-DIM-INDIAN-ROADMASTERPOWERPLUSLIMITED112AUDIOPACKAGE-0001,Indian,Roadmaster PowerPlus Limited 112 Audio Package,,2026,2026,2026,2578.0,1063.0,1237.0,1237.0,UNKNOWN,UNKNOWN,UNKNOWN,1,1000ps,https://www.1000ps.com/en-gb/model/13397/indian-roadmaster-powerplus-limited-with-112-package,MEDIUM,REVIEW
MOTO-DIM-INDIAN-SCOUT-0001,Indian,Scout,,2024,2024,2024,2207.0,956.0,1155.0,1155.0,HANDLEBAR_WIDTH,UNKNOWN,STANDARD,1,motorcyclespecs,https://www.motorcyclespecs.co.za/model/Indian/indian-scout-101-2024.html,MEDIUM,REVIEW
MOTO-DIM-INDIAN-SCOUT100THANNIVERSARY-0001,Indian,Scout 100th Anniversary,,2020,2020,2020,2324.0,,,,UNKNOWN,UNKNOWN,UNKNOWN,1,1000ps,https://www.1000ps.com/en-gb/model/10042/indian-scout-100th-anniversary,MEDIUM,REVIEW
MOTO-DIM-INDIAN-SCOUTBOBBER-0001,Indian,Scout Bobber,,2024,2024,2024,2222.0,,,,UNKNOWN,UNKNOWN,UNKNOWN,1,1000ps,https://www.1000ps.com/en-gb/model/9156/indian-scout-bobber-1131,MEDIUM,REVIEW
MOTO-DIM-INDIAN-SCOUTBOBBER-0002,Indian,Scout Bobber,,2018,2018,2018,2229.0,926.0,1154.0,1154.0,HANDLEBAR_WIDTH,UNKNOWN,STANDARD,1,motorcyclespecs,https://www.motorcyclespecs.co.za/model/Indian/indian_scout_bobber_18.htm,LOW,REVIEW
MOTO-DIM-INDIAN-SCOUTBOBBER-0003,Indian,Scout Bobber,,,,,2223.0,926.0,1053.0,1053.0,HANDLEBAR_WIDTH,UNKNOWN,TOURING_PACKAGE,1,motorcyclespecs,https://www.motorcyclespecs.co.za/model/Indian/indian_scout_bobber_20.html,LOW,REVIEW
MOTO-DIM-INDIAN-SCOUTBOBBER-0004,Indian,Scout Bobber,,2026,2026,2026,2206.0,,,,UNKNOWN,UNKNOWN,UNKNOWN,1,1000ps,https://www.1000ps.com/en-gb/model/12484/indian-scout-bobber,LOW,REVIEW
MOTO-DIM-INDIAN-SCOUTBOBBER-0005,Indian,Scout Bobber,,,,,2206.0,930.0,1071.0,1071.0,UNKNOWN,UNKNOWN,UNKNOWN,1,bikedekho,https://www.bikedekho.com/indian/scout-bobber/specifications,LOW,REVIEW
MOTO-DIM-INDIAN-SCOUTBOBBERLIMITED-0001,Indian,Scout Bobber Limited,,2020,2020,2020,2223.0,926.0,1053.0,1053.0,UNKNOWN,UNKNOWN,UNKNOWN,1,motorcyclespecs,https://www.motorcyclespecs.co.za/model/Indian/indian_scout_bobber_sixty_20.html,LOW,REVIEW
MOTO-DIM-INDIAN-SCOUTBOBBERLIMITED-0002,Indian,Scout Bobber Limited,,2021,2021,2021,2322.0,926.0,1053.0,1053.0,UNKNOWN,UNKNOWN,STANDARD,1,1000ps,https://www.1000ps.com/en-gb/model/10160/indian-scout-bobber-sixty,LOW,REVIEW
MOTO-DIM-INDIAN-SCOUTBOBBERLIMITED-0003,Indian,Scout Bobber Limited,,,,,2206.0,855.0,1071.0,1071.0,UNKNOWN,UNKNOWN,UNKNOWN,1,bikedekho,https://www.bikedekho.com/indian/scout-bobber-sixty/specifications,LOW,REVIEW
MOTO-DIM-INDIAN-SCOUTBOBBERSIXTY-0001,Indian,Scout Bobber Sixty,,2020,2020,2020,2223.0,926.0,1053.0,1053.0,UNKNOWN,UNKNOWN,UNKNOWN,1,motorcyclespecs,https://www.motorcyclespecs.co.za/model/Indian/indian_scout_bobber_sixty_20.html,LOW,REVIEW
MOTO-DIM-INDIAN-SCOUTBOBBERSIXTY-0002,Indian,Scout Bobber Sixty,,2021,2021,2021,2322.0,926.0,1053.0,1053.0,UNKNOWN,UNKNOWN,STANDARD,1,1000ps,https://www.1000ps.com/en-gb/model/10160/indian-scout-bobber-sixty,LOW,REVIEW
MOTO-DIM-INDIAN-SCOUTBOBBERSIXTY-0003,Indian,Scout Bobber Sixty,,,,,2206.0,855.0,1071.0,1071.0,UNKNOWN,UNKNOWN,UNKNOWN,1,bikedekho,https://www.bikedekho.com/indian/scout-bobber-sixty/specifications,LOW,REVIEW
MOTO-DIM-INDIAN-SCOUTBOBBERTWENTY-0001,Indian,Scout Bobber Twenty,,,,,2223.0,995.0,1181.0,1181.0,HANDLEBAR_WIDTH,UNKNOWN,UNKNOWN,1,motorcyclespecs,https://www.motorcyclespecs.co.za/model/Indian/indian_scout_bobber_twenty.html,LOW,REVIEW
MOTO-DIM-INDIAN-SCOUTBOBBERTWENTY-0002,Indian,Scout Bobber Twenty,,2025,2025,2025,2222.0,,,,UNKNOWN,UNKNOWN,UNKNOWN,1,1000ps,https://www.1000ps.com/en-gb/model/10043/indian-scout-bobber-twenty,LOW,REVIEW
MOTO-DIM-INDIAN-SCOUTCLASSIC-0001,Indian,Scout Classic,,2024,2024,2024,2318.0,,,,UNKNOWN,UNKNOWN,STANDARD,1,motorcyclespecs,https://www.motorcyclespecs.co.za/model/Indian/indian-scout-classic-2024.html,LOW,REVIEW
MOTO-DIM-INDIAN-SCOUTCLASSIC-0002,Indian,Scout Classic,,,,,2318.0,916.0,1096.0,1096.0,UNKNOWN,UNKNOWN,UNKNOWN,1,bikedekho,https://www.bikedekho.com/indian/scout-classic/specifications,LOW,REVIEW
MOTO-DIM-INDIAN-SCOUTCLASSICLIMITED-0001,Indian,Scout Classic Limited,,2024,2024,2024,2318.0,,,,UNKNOWN,UNKNOWN,STANDARD,1,motorcyclespecs,https://www.motorcyclespecs.co.za/model/Indian/indian-scout-classic-2024.html,LOW,REVIEW
MOTO-DIM-INDIAN-SCOUTCLASSICLIMITED-0002,Indian,Scout Classic Limited,,,,,2318.0,916.0,1096.0,1096.0,UNKNOWN,UNKNOWN,UNKNOWN,1,bikedekho,https://www.bikedekho.com/indian/scout-classic/specifications,LOW,REVIEW
MOTO-DIM-INDIAN-SCOUTCLASSICLIMITED+TECH-0001,Indian,Scout Classic Limited +Tech,,2024,2024,2024,2318.0,,,,UNKNOWN,UNKNOWN,STANDARD,1,motorcyclespecs,https://www.motorcyclespecs.co.za/model/Indian/indian-scout-classic-2024.html,LOW,REVIEW
MOTO-DIM-INDIAN-SCOUTCLASSICLIMITED+TECH-0002,Indian,Scout Classic Limited +Tech,,,,,2318.0,916.0,1096.0,1096.0,UNKNOWN,UNKNOWN,UNKNOWN,1,bikedekho,https://www.bikedekho.com/indian/scout-classic/specifications,LOW,REVIEW
MOTO-DIM-INDIAN-SCOUTCLASSICLIMITEDTECH-0001,Indian,Scout Classic Limited Tech,,2024,2024,2024,2318.0,,,,UNKNOWN,UNKNOWN,STANDARD,1,motorcyclespecs,https://www.motorcyclespecs.co.za/model/Indian/indian-scout-classic-2024.html,LOW,REVIEW
MOTO-DIM-INDIAN-SCOUTCLASSICLIMITEDTECH-0002,Indian,Scout Classic Limited Tech,,,,,2318.0,916.0,1096.0,1096.0,UNKNOWN,UNKNOWN,UNKNOWN,1,bikedekho,https://www.bikedekho.com/indian/scout-classic/specifications,LOW,REVIEW
MOTO-DIM-INDIAN-SCOUTROGUE-0001,Indian,Scout Rogue,,2022,2022,2022,2223.0,995.0,1181.0,1181.0,HANDLEBAR_WIDTH,UNKNOWN,STANDARD,1,motorcyclespecs,https://www.motorcyclespecs.co.za/model/Indian/indian_scout_rogue_22.html,LOW,REVIEW
MOTO-DIM-INDIAN-SCOUTROGUE-0002,Indian,Scout Rogue,,2024,2024,2024,2274.0,995.0,1181.0,1181.0,UNKNOWN,UNKNOWN,UNKNOWN,1,1000ps,https://www.1000ps.com/en-gb/model/11059/indian-scout-rogue,LOW,REVIEW
MOTO-DIM-INDIAN-SCOUTROGUESIXTY-0001,Indian,Scout Rogue Sixty,,2022,2022,2022,2223.0,995.0,1181.0,1181.0,HANDLEBAR_WIDTH,UNKNOWN,STANDARD,1,motorcyclespecs,https://www.motorcyclespecs.co.za/model/Indian/indian_scout_rogue_sixty_22.html,MEDIUM,REVIEW
MOTO-DIM-INDIAN-SCOUTSIXTY-0001,Indian,Scout Sixty,,2017,2017,2017,2311.0,880.0,1207.0,1207.0,HANDLEBAR_WIDTH,UNKNOWN,STANDARD,1,motorcyclespecs,https://www.motorcyclespecs.co.za/model/Indian/indian_scout%20sixty%2017.htm,LOW,REVIEW
MOTO-DIM-INDIAN-SCOUTSIXTY-0002,Indian,Scout Sixty,,2018,2018,2018,2311.0,880.0,1207.0,1207.0,HANDLEBAR_WIDTH,UNKNOWN,UNKNOWN,1,motorcyclespecs,https://www.motorcyclespecs.co.za/model/Indian/indian_scout_sixty_18.html,LOW,REVIEW
MOTO-DIM-INDIAN-SCOUTSIXTY-0003,Indian,Scout Sixty,,2020,2020,2020,2311.0,880.0,1207.0,1207.0,HANDLEBAR_WIDTH,UNKNOWN,TOURING_PACKAGE,1,motorcyclespecs,https://www.motorcyclespecs.co.za/model/Indian/indian_scout_sixty_20.html,LOW,REVIEW
MOTO-DIM-INDIAN-SCOUTSIXTY-0004,Indian,Scout Sixty,,2021,2021,2021,2322.0,,,,UNKNOWN,UNKNOWN,UNKNOWN,1,1000ps,https://www.1000ps.com/en-gb/model/8493/indian-scout-sixty,LOW,REVIEW
MOTO-DIM-INDIAN-SCOUTSIXTYBOBBER-0001,Indian,Scout Sixty Bobber,,2025,2025,2025,2206.0,855.0,1071.0,1071.0,HANDLEBAR_WIDTH,UNKNOWN,STANDARD,1,motorcyclespecs,https://www.motorcyclespecs.co.za/model/Indian/indian-scout-sixty-bobber2025.html,LOW,REVIEW
MOTO-DIM-INDIAN-SCOUTSIXTYBOBBER-0002,Indian,Scout Sixty Bobber,,2026,2026,2026,2206.0,,,,UNKNOWN,UNKNOWN,UNKNOWN,1,1000ps,https://www.1000ps.com/en-gb/model/12765/indian-scout-sixty-bobber,LOW,REVIEW
MOTO-DIM-INDIAN-SCOUTSIXTYBOBBERLIMITED-0001,Indian,Scout Sixty Bobber Limited,,2025,2025,2025,2206.0,855.0,1071.0,1071.0,HANDLEBAR_WIDTH,UNKNOWN,STANDARD,1,motorcyclespecs,https://www.motorcyclespecs.co.za/model/Indian/indian-scout-sixty-bobber2025.html,LOW,REVIEW
MOTO-DIM-INDIAN-SCOUTSIXTYBOBBERLIMITED-0002,Indian,Scout Sixty Bobber Limited,,2026,2026,2026,2206.0,,,,UNKNOWN,UNKNOWN,UNKNOWN,1,1000ps,https://www.1000ps.com/en-gb/model/12765/indian-scout-sixty-bobber,LOW,REVIEW
MOTO-DIM-INDIAN-SCOUTSIXTYCLASSIC-0001,Indian,Scout Sixty Classic,,2025,2025,2025,2318.0,910.0,1096.0,1096.0,HANDLEBAR_WIDTH,UNKNOWN,STANDARD,1,motorcyclespecs,https://www.motorcyclespecs.co.za/model/Indian/indian-scout-sixty-classic-2025.html,LOW,REVIEW
MOTO-DIM-INDIAN-SCOUTSIXTYCLASSIC-0002,Indian,Scout Sixty Classic,,2026,2026,2026,2318.0,,,,UNKNOWN,UNKNOWN,UNKNOWN,1,1000ps,https://www.1000ps.com/en-gb/model/12764/indian-scout-sixty-classic,LOW,REVIEW
MOTO-DIM-INDIAN-SCOUTSIXTYCLASSICLIMITED-0001,Indian,Scout Sixty Classic Limited,,2025,2025,2025,2318.0,910.0,1096.0,1096.0,HANDLEBAR_WIDTH,UNKNOWN,STANDARD,1,motorcyclespecs,https://www.motorcyclespecs.co.za/model/Indian/indian-scout-sixty-classic-2025.html,LOW,REVIEW
MOTO-DIM-INDIAN-SCOUTSIXTYCLASSICLIMITED-0002,Indian,Scout Sixty Classic Limited,,2026,2026,2026,2318.0,,,,UNKNOWN,UNKNOWN,UNKNOWN,1,1000ps,https://www.1000ps.com/en-gb/model/12764/indian-scout-sixty-classic,LOW,REVIEW
MOTO-DIM-INDIAN-SPORTCHIEF-0001,Indian,Sport Chief,,2023,2023,2023,2301.0,842.0,1270.0,1270.0,HANDLEBAR_WIDTH,UNKNOWN,STANDARD,1,motorcyclespecs,https://www.motorcyclespecs.co.za/model/Indian/indian-sport-chief-2023.html,LOW,REVIEW
MOTO-DIM-INDIAN-SPORTCHIEF-0002,Indian,Sport Chief,,2025,2025,2025,2301.0,842.0,1270.0,1270.0,UNKNOWN,UNKNOWN,UNKNOWN,1,1000ps,https://www.1000ps.com/en-gb/model/11777/indian-sport-chief,LOW,REVIEW
MOTO-DIM-INDIAN-SPORTCHIEFRT-0001,Indian,Sport Chief RT,,2025,2025,2025,2301.0,872.0,1270.0,1270.0,HANDLEBAR_WIDTH,UNKNOWN,STANDARD,1,motorcyclespecs,https://www.motorcyclespecs.co.za/model/Indian/indian-sport-chief-rt-2025.html,LOW,REVIEW
MOTO-DIM-INDIAN-SPORTCHIEFRT-0002,Indian,Sport Chief RT,,2026,2026,2026,2301.0,774.0,1181.0,1181.0,UNKNOWN,UNKNOWN,UNKNOWN,1,1000ps,https://www.1000ps.com/en-gb/model/12977/indian-sport-chief-rt,LOW,REVIEW
MOTO-DIM-INDIAN-SPORTSCOUT-0001,Indian,Sport Scout,,2025,2025,2025,2206.0,,,,UNKNOWN,UNKNOWN,UNKNOWN,1,1000ps,https://www.1000ps.com/en-gb/model/12481/indian-sport-scout,MEDIUM,REVIEW
MOTO-DIM-INDIAN-SPORTSCOUT-0002,Indian,Sport Scout,,,,,2206.0,956.0,1155.0,1155.0,UNKNOWN,UNKNOWN,UNKNOWN,1,bikedekho,https://www.bikedekho.com/indian/sport-scout/specifications,MEDIUM,REVIEW
MOTO-DIM-INDIAN-SPORTSCOUTLIMITED-0001,Indian,Sport Scout Limited,,2026,2026,2026,2206.0,848.0,1181.0,1181.0,UNKNOWN,UNKNOWN,UNKNOWN,1,1000ps,https://www.1000ps.com/en-gb/model/13310/indian-sport-scout-sixty,MEDIUM,REVIEW
MOTO-DIM-INDIAN-SPORTSCOUTSIXTY-0001,Indian,Sport Scout Sixty,,2026,2026,2026,2206.0,848.0,1181.0,1181.0,UNKNOWN,UNKNOWN,UNKNOWN,1,1000ps,https://www.1000ps.com/en-gb/model/13310/indian-sport-scout-sixty,MEDIUM,REVIEW
MOTO-DIM-INDIAN-SPORTSCOUTRT-0001,Indian,Sport Scout RT,,2026,2026,2026,2206.0,956.0,1258.0,1258.0,UNKNOWN,UNKNOWN,UNKNOWN,1,1000ps,https://www.1000ps.com/en-gb/model/13309/indian-sport-scout-rt,MEDIUM,REVIEW
MOTO-DIM-INDIAN-SPORTSCOUTSIXTYLIMITED-0001,Indian,Sport Scout Sixty Limited,,,,,2318.0,910.0,1096.0,1096.0,UNKNOWN,UNKNOWN,UNKNOWN,1,bikedekho,https://www.bikedekho.com/indian/scout-sixty-limited/specifications,MEDIUM,REVIEW
MOTO-DIM-INDIAN-SPRINGFIELD-0001,Indian,Springfield,,2016,2016,2016,2583.0,990.0,1442.0,1442.0,HANDLEBAR_WIDTH,UNKNOWN,STANDARD,1,motorcyclespecs,https://www.motorcyclespecs.co.za/model/Indian/indian_Springfield_16.htm,LOW,REVIEW
MOTO-DIM-INDIAN-SPRINGFIELD-0002,Indian,Springfield,,2018,2018,2018,2522.0,,,,UNKNOWN,UNKNOWN,STANDARD,1,motorcyclespecs,https://www.motorcyclespecs.co.za/model/Indian/indian_Springfield_18.html,LOW,REVIEW
MOTO-DIM-INDIAN-SPRINGFIELD-0003,Indian,Springfield,,2024,2024,2024,2583.0,,1442.0,1442.0,UNKNOWN,UNKNOWN,UNKNOWN,1,1000ps,https://www.1000ps.com/en-gb/model/8625/indian-springfield,LOW,REVIEW
MOTO-DIM-INDIAN-SPRINGFIELD-0004,Indian,Springfield,,,,,2583.0,1080.0,1439.0,1439.0,UNKNOWN,UNKNOWN,UNKNOWN,1,bikedekho,https://www.bikedekho.com/indian/springfield/specifications,LOW,REVIEW
MOTO-DIM-INDIAN-SPRINGFIELDDARKHORSE-0001,Indian,Springfield Dark Horse,,2020,2020,2020,2522.0,1000.0,1261.0,1261.0,UNKNOWN,UNKNOWN,STANDARD,1,motorcyclespecs,https://www.motorcyclespecs.co.za/model/Indian/indian_springfield_dark_horse_20.html,MEDIUM,REVIEW
MOTO-DIM-INDIAN-SUPERCHIEF-0001,Indian,Super Chief,,,,,2286.0,1080.0,1203.0,1203.0,UNKNOWN,UNKNOWN,UNKNOWN,1,bikedekho,https://www.bikedekho.com/indian/super-chief/specifications,MEDIUM,REVIEW
MOTO-DIM-INDIAN-SUPERCHIEFDARKHORSE-0001,Indian,Super Chief Dark Horse,,2025,2025,2025,2286.0,1080.0,1203.0,1203.0,HANDLEBAR_WIDTH,UNKNOWN,STANDARD,1,motorcyclespecs,https://www.motorcyclespecs.co.za/model/Indian/indian-super-chief-dark-horse-2025.html,LOW,REVIEW
MOTO-DIM-INDIAN-SUPERCHIEFDARKHORSE-0002,Indian,Super Chief Dark Horse,,2026,2026,2026,2286.0,1080.0,1203.0,1203.0,UNKNOWN,UNKNOWN,UNKNOWN,2,1000ps | bikedekho,https://www.1000ps.com/en-gb/model/12978/indian-super-chief-dark-horse | https://www.bikedekho.com/indian/super-chief-dark-horse/specifications,LOW,REVIEW
MOTO-DIM-INDIAN-SUPERCHIEFLIMITED-0001,Indian,Super Chief Limited,,2022,2022,2022,2286.0,1080.0,1203.0,1203.0,HANDLEBAR_WIDTH,UNKNOWN,STANDARD,1,motorcyclespecs,https://www.motorcyclespecs.co.za/model/Indian/indian-super-chief-limited-22.html,LOW,REVIEW
MOTO-DIM-INDIAN-SUPERCHIEFLIMITED-0002,Indian,Super Chief Limited,,2026,2026,2026,2286.0,1079.0,1203.0,1203.0,UNKNOWN,UNKNOWN,STANDARD,1,1000ps,https://www.1000ps.com/en-gb/model/10520/indian-super-chief-limited,LOW,REVIEW
MOTO-DIM-INDIAN-SUPERCHIEFLIMITED-0003,Indian,Super Chief Limited,,,,,2286.0,1079.0,1203.0,1203.0,HANDLEBAR_WIDTH,UNKNOWN,UNKNOWN,1,bikedekho,https://www.bikedekho.com/indian/super-chief-limited/specifications,LOW,REVIEW
MOTO-DIM-INDIAN-VINTAGE-0001,Indian,Vintage,,2021,2021,2021,2583.0,,1442.0,1442.0,UNKNOWN,UNKNOWN,UNKNOWN,1,1000ps,https://www.1000ps.com/en-gb/model/10292/indian-vintage,MEDIUM,REVIEW
MOTO-DIM-INDIAN-VINTAGEDARKHORSE-0001,Indian,Vintage Dark Horse,,2021,2021,2021,2583.0,1000.0,1176.0,1176.0,UNKNOWN,UNKNOWN,UNKNOWN,1,1000ps,https://www.1000ps.com/en-gb/model/10290/indian-vintage-dark-horse,MEDIUM,REVIEW
MOTO-DIM-BMW-R100GS-0001,BMW,R100GS,,1987,1987,1987,2290.0,1000.0,1165.0,1165.0,UNKNOWN,UNKNOWN,UNKNOWN,1,motorcyclespecs,https://www.motorcyclespecs.co.za/model/bmw/bmw-r100gs-87.html,LOW,REVIEW
MOTO-DIM-BMW-R100GS-0002,BMW,R100GS,,"1989,1991",,,2290.0,1000.0,1165.0,1165.0,UNKNOWN,UNKNOWN,STANDARD,2,motorcyclespecs,https://www.motorcyclespecs.co.za/model/bmw/bmw-r100gs-90.html | https://www.motorcyclespecs.co.za/model/bmw/bmw-r100gs-91.html,LOW,REVIEW
MOTO-DIM-BMW-R602-0001,BMW,R60/2,,"1960,1964,1969",,,2125.0,660.0,980.0,980.0,UNKNOWN,UNKNOWN,STANDARD,3,bikez,https://bikez.com/motorcycles/bmw_r_60_2_1969.php | https://bikez.com/motorcycles/bmw_r_60_2_1964.php | https://bikez.com/motorcycles/bmw_r_60_2_1960.php,LOW,REVIEW
MOTO-DIM-BMW-R755-0001,BMW,R75/5,,1969,1969,1969,2150.0,852.0,1040.0,1040.0,UNKNOWN,UNKNOWN,STANDARD,1,bikez,https://bikez.com/motorcycles/bmw_r75_5_1969.php,LOW,REVIEW
MOTO-DIM-HONDA-ADV150-0001,Honda,ADV150,,2023,2023,2023,1950.0,763.0,1153.0,1153.0,UNKNOWN,UNKNOWN,STANDARD,1,bikez,https://bikez.com/motorcycles/honda_adv150_2023.php,LOW,REVIEW
MOTO-DIM-HONDA-ADV150-0002,Honda,ADV150,,2022,2022,2022,1950.0,763.0,1153.0,1153.0,HANDLEBAR_WIDTH,ADJUSTABLE_WINDSCREEN,STANDARD,1,bikez,https://bikez.com/motorcycles/honda_adv150_2022.php,LOW,REVIEW
MOTO-DIM-HONDA-CB750AAUTOMATIC-0001,Honda,CB750A Automatic,,1978,1978,1978,2250.0,865.0,1190.0,1190.0,UNKNOWN,UNKNOWN,STANDARD,1,bikez,https://bikez.com/motorcycles/honda_cb_750_a_hondamatic_1978.php,LOW,REVIEW
MOTO-DIM-HONDA-CB750L-0001,Honda,CB750L,,,,,2280.0,880.0,1185.0,1185.0,UNKNOWN,UNKNOWN,STANDARD,1,motorcyclespecs,https://www.motorcyclespecs.co.za/model/Honda/honda_cb750k7_77.html,LOW,REVIEW
MOTO-DIM-HONDA-CB750L-0002,Honda,CB750L,,1969,1969,1969,2200.0,890.0,1100.0,1100.0,UNKNOWN,UNKNOWN,STANDARD,1,bikez,https://bikez.com/motorcycles/honda_cb750_1969.php,LOW,REVIEW
MOTO-DIM-HONDA-CB900FSUPERSPORT-0001,Honda,CB900F Super Sport,,2003,2003,2003,2125.0,750.0,,,UNKNOWN,UNKNOWN,STANDARD,1,bikez,https://bikez.com/motorcycles/honda_cb_900_f_hornet_2003.php,MEDIUM,REVIEW
MOTO-DIM-HONDA-CBR1000RAABS-0001,Honda,CBR1000RA ABS,,2016,2016,2016,2077.0,685.0,1135.0,1135.0,UNKNOWN,UNKNOWN,STANDARD,1,bikez,https://bikez.com/motorcycles/honda_cbr1000rr_abs_2016.php,MEDIUM,REVIEW
MOTO-DIM-HONDA-CBR1000RRABS-0001,Honda,CBR1000RR ABS,,2016,2016,2016,2077.0,685.0,1135.0,1135.0,UNKNOWN,UNKNOWN,STANDARD,1,bikez,https://bikez.com/motorcycles/honda_cbr1000rr_abs_2016.php,MEDIUM,REVIEW
MOTO-DIM-HONDA-CBR600RRABS-0001,Honda,CBR600RR ABS,,2016,2016,2016,2029.0,685.0,1150.0,1150.0,UNKNOWN,UNKNOWN,STANDARD,1,bikez,https://bikez.com/motorcycles/honda_cbr600rr_abs_2016.php,MEDIUM,REVIEW
MOTO-DIM-HONDA-CMX500REBEL500ABSSE-0001,Honda,CMX500 Rebel 500 ABS SE,,2021,2021,2021,2188.0,820.0,1094.0,1094.0,UNKNOWN,UNKNOWN,STANDARD,1,bikez,https://bikez.com/motorcycles/honda_rebel_500_abs_se_2021.php,MEDIUM,REVIEW
MOTO-DIM-HONDA-CR125R-0001,Honda,CR125R,,2003,2003,2003,2162.0,823.0,,,UNKNOWN,UNKNOWN,STANDARD,1,bikez,https://bikez.com/motorcycles/honda_cr_125_r_2003.php,MEDIUM,REVIEW
MOTO-DIM-HONDA-CR125R-0002,Honda,CR125R,,1983,1983,1983,2115.0,845.0,1200.0,1200.0,UNKNOWN,UNKNOWN,STANDARD,1,bikez,https://bikez.com/motorcycles/honda_cr_125_r_1983.php,MEDIUM,REVIEW
MOTO-DIM-HONDA-CRF1000LAFRICATWIN-0001,Honda,CRF1000L Africa Twin,,2019,2019,2019,2335.0,875.0,1475.0,1475.0,UNKNOWN,UNKNOWN,UNKNOWN,1,1000ps,https://www.1000ps.com/en-gb/model/8310/honda-crf1000l-africa-twin,LOW,REVIEW
MOTO-DIM-HONDA-CRF1000LAFRICATWIN-0002,Honda,CRF1000L Africa Twin,,2022,2022,2022,2334.0,961.0,1391.0,1391.0,UNKNOWN,UNKNOWN,STANDARD,1,bikez,https://bikez.com/motorcycles/honda_crf1000l_africa_twin_2022.php,LOW,REVIEW
MOTO-DIM-HONDA-CRF1000LAFRICATWIN-0003,Honda,CRF1000L Africa Twin,,2018,2018,2018,1575.0,,,,UNKNOWN,UNKNOWN,STANDARD,1,bikez,https://bikez.com/motorcycles/honda_crf1000l_africa_twin_2018.php,LOW,REVIEW
MOTO-DIM-HONDA-CRF1000LAFRICATWINABS-0001,Honda,CRF1000L Africa Twin ABS,,2019,2019,2019,2335.0,875.0,1475.0,1475.0,UNKNOWN,UNKNOWN,UNKNOWN,1,1000ps,https://www.1000ps.com/en-gb/model/8310/honda-crf1000l-africa-twin,LOW,REVIEW
MOTO-DIM-HONDA-CRF1000LAFRICATWINABS-0002,Honda,CRF1000L Africa Twin ABS,,2022,2022,2022,2334.0,961.0,1391.0,1391.0,UNKNOWN,UNKNOWN,STANDARD,1,bikez,https://bikez.com/motorcycles/honda_crf1000l_africa_twin_2022.php,LOW,REVIEW
MOTO-DIM-HONDA-CRF1000LAFRICATWINABS-0003,Honda,CRF1000L Africa Twin ABS,,2018,2018,2018,1575.0,,,,UNKNOWN,UNKNOWN,STANDARD,1,bikez,https://bikez.com/motorcycles/honda_crf1000l_africa_twin_2018.php,LOW,REVIEW
MOTO-DIM-HONDA-CRF150REXPERT-0001,Honda,CRF150R Expert,,2017,2017,2017,1900.0,770.0,,,UNKNOWN,UNKNOWN,STANDARD,1,bikez,https://bikez.com/motorcycles/honda_crf150r_expert_2017.php,MEDIUM,REVIEW
MOTO-DIM-HONDA-CRF250RX-0001,Honda,CRF250RX,,2022,2022,2022,2170.0,839.0,1281.0,1281.0,UNKNOWN,UNKNOWN,STANDARD,1,bikez,https://bikez.com/motorcycles/honda_crf250rx_2022.php,MEDIUM,REVIEW
MOTO-DIM-HONDA-CRF450RWE-0001,Honda,CRF450RWE,,2022,2022,2022,2191.0,827.0,1271.0,1271.0,UNKNOWN,UNKNOWN,STANDARD,1,bikez,https://bikez.com/motorcycles/honda_crf450rwe_2022.php,MEDIUM,REVIEW
MOTO-DIM-HONDA-CT125-0001,Honda,CT125,,2022,2022,2022,1960.0,805.0,1085.0,1085.0,UNKNOWN,UNKNOWN,STANDARD,1,bikez,https://bikez.com/motorcycles/honda_ct125_2022.php,LOW,REVIEW
MOTO-DIM-HONDA-CT125-0002,Honda,CT125,,1977,1977,1977,2035.0,900.0,1100.0,1100.0,UNKNOWN,UNKNOWN,STANDARD,1,bikez,https://bikez.com/motorcycles/honda_ct_125_1977.php,LOW,REVIEW
MOTO-DIM-HONDA-DIO110-0001,Honda,DIO 110,,2023,2023,2023,1781.0,710.0,1133.0,1133.0,UNKNOWN,UNKNOWN,STANDARD,1,bikez,https://bikez.com/motorcycles/honda_dio_110_2023.php,MEDIUM,REVIEW
MOTO-DIM-HONDA-DIO110-0001,Honda,Dio110,,2023,2023,2023,1781.0,710.0,1133.0,1133.0,UNKNOWN,UNKNOWN,STANDARD,1,bikez,https://bikez.com/motorcycles/honda_dio_110_2023.php,MEDIUM,REVIEW
MOTO-DIM-HONDA-GROM-0001,Honda,Grom,,2020,2020,2020,1760.0,754.0,988.0,988.0,UNKNOWN,UNKNOWN,STANDARD,1,bikez,https://bikez.com/motorcycles/honda_grom_2020.php,MEDIUM,REVIEW
MOTO-DIM-HONDA-GROMABS-0001,Honda,Grom ABS,,2019,2019,2019,1760.0,754.0,988.0,988.0,UNKNOWN,UNKNOWN,STANDARD,1,bikez,https://bikez.com/motorcycles/honda_grom_abs_2019.php,MEDIUM,REVIEW
MOTO-DIM-HONDA-MONKEYABS-0001,Honda,Monkey ABS,,,,,1710.0,755.0,1029.0,1029.0,HANDLEBAR_WIDTH,UNKNOWN,UNKNOWN,1,motorcyclespecs,https://www.motorcyclespecs.co.za/model/Honda/honda_monkey_20.html,MEDIUM,REVIEW
MOTO-DIM-HONDA-MRT301NMONTESACOTA4RT301RR-0001,Honda,MRT301N Montesa Cota 4RT 301RR,,2023,2023,2023,2020.0,840.0,1135.0,1135.0,UNKNOWN,UNKNOWN,STANDARD,1,bikez,https://bikez.com/motorcycles/honda_montesa_cota_4rt_301rr_2023.php,MEDIUM,REVIEW
MOTO-DIM-HONDA-NAVI-0001,Honda,NAVi,,2022,2022,2022,1805.0,748.0,1039.0,1039.0,UNKNOWN,UNKNOWN,STANDARD,1,bikez,https://bikez.com/motorcycles/honda_navi_2022.php,MEDIUM,REVIEW
MOTO-DIM-HONDA-SL175-0001,Honda,SL175,,1971,1971,1971,2024.0,780.0,1090.0,1090.0,UNKNOWN,UNKNOWN,STANDARD,1,bikez,https://bikez.com/motorcycles/honda_sl_175_1971.php,LOW,REVIEW
MOTO-DIM-HONDA-VT750CSHADOW-0001,Honda,VT750C Shadow,,1983,1983,1983,2192.0,861.0,1199.0,1199.0,UNKNOWN,UNKNOWN,STANDARD,1,bikez,https://bikez.com/motorcycles/honda_vt_750_c_shadow_1983.php,LOW,REVIEW
MOTO-DIM-HONDA-VT750CSHADOW-0002,Honda,VT750C Shadow,,2015,2015,2015,2395.0,834.0,1089.0,1089.0,UNKNOWN,UNKNOWN,STANDARD,1,bikez,https://bikez.com/motorcycles/honda_vt750c_shadow_2015.php,LOW,REVIEW
MOTO-DIM-HONDA-VT750CSHADOW-0003,Honda,VT750C Shadow,,2009,2009,2009,2510.0,,,,UNKNOWN,UNKNOWN,STANDARD,1,bikez,https://bikez.com/motorcycles/honda_vt750c_shadow_2009.php,LOW,REVIEW
MOTO-DIM-HONDA-XR100-0001,Honda,XR100,,2003,2003,2003,1899.0,816.0,,,UNKNOWN,UNKNOWN,STANDARD,1,bikez,https://bikez.com/motorcycles/honda_xr_100_r_2003.php,MEDIUM,REVIEW
MOTO-DIM-HONDA-XR100R-0001,Honda,XR100R,,2003,2003,2003,1899.0,816.0,,,UNKNOWN,UNKNOWN,STANDARD,1,bikez,https://bikez.com/motorcycles/honda_xr_100_r_2003.php,MEDIUM,REVIEW
MOTO-DIM-HONDA-XR250TORNADO-0001,Honda,XR250 TORNADO,,2005,2005,2005,2130.0,845.0,1161.0,1161.0,UNKNOWN,UNKNOWN,STANDARD,1,bikez,https://bikez.com/motorcycles/honda_xr_250_tornado_2005.php,MEDIUM,REVIEW
MOTO-DIM-SUZUKI-DL1050VSTROM1050DEADVENTURE-0001,Suzuki,DL1050 V-Strom 1050DE Adventure,,2023,2023,2023,2390.0,960.0,1505.0,1505.0,UNKNOWN,ADJUSTABLE_WINDSCREEN,STANDARD,1,bikez,https://bikez.com/motorcycles/suzuki_v-strom_1050de_adventure_2023.php,MEDIUM,REVIEW
MOTO-DIM-SUZUKI-DL650AVSTROM650XTADVENTURE-0001,Suzuki,DL650A V-Strom 650XT Adventure,,2022,2022,2022,2275.0,910.0,1405.0,1405.0,HANDLEBAR_WIDTH,UNKNOWN,STANDARD,1,bikez,https://bikez.com/motorcycles/suzuki_v-strom_650xt_adventure_2022.php,MEDIUM,REVIEW
MOTO-DIM-SUZUKI-DL650AVSTROMXTADVENTURE-0001,Suzuki,DL650A V-Strom XT Adventure,,2022,2022,2022,2275.0,910.0,1405.0,1405.0,HANDLEBAR_WIDTH,UNKNOWN,STANDARD,1,bikez,https://bikez.com/motorcycles/suzuki_v-strom_650xt_adventure_2022.php,MEDIUM,REVIEW
MOTO-DIM-SUZUKI-DRZ50-0001,Suzuki,DR-Z50,,2020,2020,2020,1320.0,580.0,790.0,790.0,UNKNOWN,UNKNOWN,STANDARD,1,bikez,https://bikez.com/motorcycles/suzuki_dr-z50_2020.php,MEDIUM,REVIEW
MOTO-DIM-SUZUKI-DR200S-0001,Suzuki,DR200S,,"2014,2015,2018",,,2155.0,805.0,1185.0,1185.0,UNKNOWN,UNKNOWN,STANDARD,3,motorcyclespecs | bikez,https://www.motorcyclespecs.co.za/model/suzu/suzuki_dr200S%2018.htm | https://www.motorcyclespecs.co.za/model/suzu/suzuki_dr200S%2014.htm | https://bikez.com/motorcycles/suzuki_dr200s_2015.php,LOW,REVIEW
MOTO-DIM-SUZUKI-DR200S-0002,Suzuki,DR200S,,"2019,2022",,,2155.0,805.0,1140.0,1140.0,UNKNOWN,UNKNOWN,STANDARD,2,bikez,https://bikez.com/motorcycles/suzuki_dr200s_2022.php | https://bikez.com/motorcycles/suzuki_dr200s_2019.php,LOW,REVIEW
MOTO-DIM-SUZUKI-DR400-0001,Suzuki,DR400,,2006,2006,2006,2310.0,875.0,1230.0,1230.0,HANDLEBAR_WIDTH,UNKNOWN,UNKNOWN,1,motorcyclespecs,https://www.motorcyclespecs.co.za/model/suzu/suzuki_drz400e%2006.htm,LOW,REVIEW
MOTO-DIM-SUZUKI-DR400-0002,Suzuki,DR400,,2003,2003,2003,2310.0,875.0,1230.0,1230.0,UNKNOWN,UNKNOWN,STANDARD,1,motorcyclespecs,https://www.motorcyclespecs.co.za/model/suzu/suzuki_drz400e%2003.htm,LOW,REVIEW
MOTO-DIM-SUZUKI-DR400-0003,Suzuki,DR400,,2000,2000,2000,2310.0,875.0,1230.0,1230.0,UNKNOWN,UNKNOWN,UNKNOWN,1,motorcyclespecs,https://www.motorcyclespecs.co.za/model/suzu/suzuki_drz400e%2000.htm,LOW,REVIEW
MOTO-DIM-SUZUKI-DR400-0004,Suzuki,DR400,,2021,2021,2021,2310.0,825.0,1235.0,1235.0,UNKNOWN,UNKNOWN,STANDARD,1,bikez,https://bikez.com/motorcycles/suzuki_dr-z400e_2021.php,LOW,REVIEW
MOTO-DIM-SUZUKI-DR400-0005,Suzuki,DR400,,2007,2007,2007,2235.0,825.0,,,UNKNOWN,UNKNOWN,STANDARD,1,bikez,https://bikez.com/motorcycles/suzuki_dr-z_400_e_2007.php,LOW,REVIEW
MOTO-DIM-SUZUKI-DR400-0006,Suzuki,DR400,,2002,2002,2002,2235.0,825.0,1245.0,1245.0,UNKNOWN,UNKNOWN,STANDARD,1,bikez,https://bikez.com/motorcycles/suzuki_dr-z_400_2002.php,LOW,REVIEW
MOTO-DIM-SUZUKI-GS500-0001,Suzuki,GS500,,2016,2016,2016,2080.0,800.0,1150.0,1150.0,UNKNOWN,UNKNOWN,STANDARD,1,bikez,https://bikez.com/motorcycles/suzuki_gs_500_2016.php,MEDIUM,REVIEW
MOTO-DIM-SUZUKI-GSX8R-0001,Suzuki,GSX-8R,,2026,2026,2026,2155.0,770.0,1135.0,1135.0,UNKNOWN,UNKNOWN,UNKNOWN,1,1000ps,https://www.1000ps.com/en-gb/model/12217/suzuki-gsx-8r,LOW,REVIEW
MOTO-DIM-SUZUKI-GSXR1000RZ-0001,Suzuki,GSX-R1000RZ,,2023,2023,2023,2075.0,705.0,1145.0,1145.0,UNKNOWN,UNKNOWN,STANDARD,1,bikez,https://bikez.com/motorcycles/suzuki_gsx-r1000rz_2023.php,MEDIUM,REVIEW
MOTO-DIM-SUZUKI-GSXR150-0001,Suzuki,GSX-R150,,"2020,2022",,,2020.0,700.0,1075.0,1075.0,UNKNOWN,UNKNOWN,STANDARD,2,bikez,https://bikez.com/motorcycles/suzuki_gsx-r150_2020.php | https://bikez.com/motorcycles/suzuki_gsx-r150_2022.php,LOW,REVIEW
MOTO-DIM-SUZUKI-GSXR600Z-0001,Suzuki,GSX-R600Z,,2023,2023,2023,2030.0,810.0,1135.0,1135.0,UNKNOWN,UNKNOWN,STANDARD,1,bikez,https://bikez.com/motorcycles/suzuki_gsx-r600z_2023.php,MEDIUM,REVIEW
MOTO-DIM-SUZUKI-GSXR750Z-0001,Suzuki,GSX-R750Z,,2023,2023,2023,2030.0,710.0,1135.0,1135.0,UNKNOWN,UNKNOWN,STANDARD,1,bikez,https://bikez.com/motorcycles/suzuki_gsx-r750z_2023.php,MEDIUM,REVIEW
MOTO-DIM-SUZUKI-KATANA-0001,Suzuki,Katana,,2006,2006,2006,2140.0,755.0,1195.0,1195.0,UNKNOWN,UNKNOWN,STANDARD,1,bikez,https://bikez.com/motorcycles/suzuki_katana_600_2006.php,MEDIUM,REVIEW
MOTO-DIM-SUZUKI-M109RBOULEVARD-0001,Suzuki,M109R Boulevard,,2013,2013,2013,2450.0,875.0,,,UNKNOWN,UNKNOWN,STANDARD,1,bikez,https://bikez.com/motorcycles/suzuki_boulevard_m109r_2013.php,MEDIUM,REVIEW
MOTO-DIM-SUZUKI-M109RBOULEVARD-0002,Suzuki,M109R Boulevard,,2007,2007,2007,2450.0,875.0,1185.0,1185.0,UNKNOWN,UNKNOWN,STANDARD,1,bikez,https://bikez.com/motorcycles/suzuki_boulevard_m109r_2007.php,MEDIUM,REVIEW
MOTO-DIM-SUZUKI-RM100-0001,Suzuki,RM100,,2003,2003,2003,1910.0,735.0,1105.0,1105.0,UNKNOWN,UNKNOWN,STANDARD,1,bikez,https://bikez.com/motorcycles/suzuki_rm_100_2003.php,LOW,REVIEW
MOTO-DIM-SUZUKI-RM80-0001,Suzuki,RM80,,1979,1979,1979,1715.0,775.0,970.0,970.0,UNKNOWN,UNKNOWN,STANDARD,1,bikez,https://bikez.com/motorcycles/suzuki_rm_80_1979.php,LOW,REVIEW
MOTO-DIM-APRILIA-RS660EXTREMA-0001,Aprilia,RS 660 Extrema,,2025,2025,2025,1995.0,745.0,,,UNKNOWN,UNKNOWN,UNKNOWN,1,1000ps,https://www.1000ps.com/en-gb/model/11396/aprilia-rs-660-extrema,LOW,REVIEW
MOTO-DIM-APRILIA-RS660FACTORY-0001,Aprilia,RS 660 Factory,,2026,2026,2026,1995.0,745.0,1150.0,1150.0,UNKNOWN,UNKNOWN,UNKNOWN,1,1000ps,https://www.1000ps.com/en-gb/model/12745/aprilia-rs-660-factory,LOW,REVIEW
MOTO-DIM-APRILIA-RSV41100FACTORY-0001,Aprilia,RSV4 1100 Factory,,2020,2020,2020,2055.0,735.0,,,HANDLEBAR_WIDTH,UNKNOWN,STANDARD,1,motorcyclespecs,https://www.motorcyclespecs.co.za/model/aprilia/aprilia-rsv-4-factory-1100-20.html,LOW,REVIEW
MOTO-DIM-APRILIA-RSV41100FACTORY-0002,Aprilia,RSV4 1100 Factory,,2019,2019,2019,2055.0,735.0,,,HANDLEBAR_WIDTH,UNKNOWN,STANDARD,1,motorcyclespecs,https://www.motorcyclespecs.co.za/model/aprilia/aprilia-rsv-4rf-1100-19.html,LOW,REVIEW
MOTO-DIM-APRILIA-RSV41100FACTORY-0003,Aprilia,RSV4 1100 Factory,,2026,2026,2026,2055.0,735.0,,,UNKNOWN,UNKNOWN,STANDARD,1,1000ps,https://www.1000ps.com/en-gb/model/9558/aprilia-rsv4-1100-factory,LOW,REVIEW
MOTO-DIM-APRILIA-RXV450-0001,Aprilia,RXV 450,,2018,2018,2018,2240.0,830.0,,,UNKNOWN,UNKNOWN,UNKNOWN,1,1000ps,https://www.1000ps.com/en-gb/model/2226/aprilia-rxv-450,LOW,REVIEW
MOTO-DIM-APRILIA-RXV550-0001,Aprilia,RXV 550,,2013,2013,2013,2240.0,830.0,,,UNKNOWN,UNKNOWN,UNKNOWN,1,1000ps,https://www.1000ps.com/en-gb/model/2227/aprilia-rxv-550,LOW,REVIEW
MOTO-DIM-APRILIA-TUAREG660-0001,Aprilia,Tuareg 660,,2026,2026,2026,2220.0,965.0,,,UNKNOWN,UNKNOWN,UNKNOWN,1,1000ps,https://www.1000ps.com/en-gb/model/9967/aprilia-tuareg-660,LOW,REVIEW
MOTO-DIM-APRILIA-TUAREG660-0002,Aprilia,Tuareg 660,,,,,2220.0,965.0,1140.0,1140.0,UNKNOWN,UNKNOWN,UNKNOWN,1,bikedekho,https://www.bikedekho.com/aprilia/tuareg-660/specifications,LOW,REVIEW
MOTO-DIM-APRILIA-TUAREG660RALLY-0001,Aprilia,Tuareg 660 Rally,,2026,2026,2026,2220.0,965.0,,,UNKNOWN,UNKNOWN,UNKNOWN,1,1000ps,https://www.1000ps.com/en-gb/model/12747/aprilia-tuareg-660-rally,LOW,REVIEW
MOTO-DIM-BENELLI-752S-0001,Benelli,752S,,2026,2026,2026,2130.0,810.0,1100.0,1100.0,UNKNOWN,UNKNOWN,UNKNOWN,1,1000ps,https://www.1000ps.com/en-gb/model/9231/benelli-752-s,LOW,REVIEW
MOTO-DIM-BENELLI-752S-0002,Benelli,752S,,,,,2119.0,806.0,1128.0,1128.0,UNKNOWN,UNKNOWN,UNKNOWN,1,bikedekho,https://www.bikedekho.com/benelli/752-s/specifications,LOW,REVIEW
MOTO-DIM-BENELLI-TNT-0001,Benelli,TNT,,2017,2017,2017,2125.0,800.0,1130.0,1130.0,UNKNOWN,UNKNOWN,STANDARD,1,motorcyclespecs,https://www.motorcyclespecs.co.za/model/beneli/Benelli_TNT_300_17.htm,LOW,REVIEW
MOTO-DIM-BENELLI-TNT-0002,Benelli,TNT,,2013,2013,2013,2000.0,790.0,1050.0,1050.0,HANDLEBAR_WIDTH,UNKNOWN,UNKNOWN,1,motorcyclespecs,https://www.motorcyclespecs.co.za/model/beneli/benelli_tnt_1130%2013.htm,LOW,REVIEW
MOTO-DIM-BENELLI-TNT-0003,Benelli,TNT,,2004,2004,2004,2100.0,900.0,1050.0,1050.0,UNKNOWN,UNKNOWN,UNKNOWN,1,motorcyclespecs,https://www.motorcyclespecs.co.za/model/beneli/benelli_TNT%2004.htm,LOW,REVIEW
MOTO-DIM-BENELLI-TNT-0004,Benelli,TNT,,2016,2016,2016,2120.0,790.0,1050.0,1050.0,UNKNOWN,UNKNOWN,UNKNOWN,1,1000ps,https://www.1000ps.com/en-gb/model/3438/benelli-tnt-899,LOW,REVIEW
MOTO-DIM-BENELLI-TNT-0005,Benelli,TNT,,2026,2026,2026,1770.0,760.0,1025.0,1025.0,UNKNOWN,UNKNOWN,UNKNOWN,1,1000ps,https://www.1000ps.com/en-gb/model/8917/benelli-tnt-125,LOW,REVIEW
MOTO-DIM-BENELLI-TNT-0006,Benelli,TNT,,2014,2014,2014,2100.0,790.0,1050.0,1050.0,UNKNOWN,UNKNOWN,UNKNOWN,1,1000ps,https://www.1000ps.com/en-gb/model/1560/benelli-tnt-1130,LOW,REVIEW
MOTO-DIM-BENELLI-TNT-0007,Benelli,TNT,,,,,2130.0,800.0,1120.0,1120.0,UNKNOWN,UNKNOWN,UNKNOWN,1,bikedekho,https://www.bikedekho.com/benelli/tnt-302/specifications,LOW,REVIEW
MOTO-DIM-BIMOTA-DB11-0001,Bimota,DB11,,2015,2015,2015,2040.0,730.0,1100.0,1100.0,UNKNOWN,UNKNOWN,UNKNOWN,1,1000ps,https://www.1000ps.com/en-gb/model/7414/bimota-db-11,LOW,REVIEW
MOTO-DIM-BIMOTA-TESI3D-0001,Bimota,Tesi 3D,,2015,2015,2015,2100.0,700.0,1120.0,1120.0,UNKNOWN,UNKNOWN,UNKNOWN,1,1000ps,https://www.1000ps.com/en-gb/model/3454/bimota-tesi-3d,LOW,REVIEW
MOTO-DIM-BIMOTA-TESI3DBIPOSTO-0001,Bimota,Tesi 3D Biposto,,2015,2015,2015,2100.0,700.0,1120.0,1120.0,UNKNOWN,UNKNOWN,UNKNOWN,1,1000ps,https://www.1000ps.com/en-gb/model/3454/bimota-tesi-3d,LOW,REVIEW
MOTO-DIM-CFMOTO-400NK-0001,CFMOTO,400 NK,,2022,2022,2022,2114.0,757.0,1100.0,1100.0,UNKNOWN,UNKNOWN,UNKNOWN,1,1000ps,https://www.1000ps.com/en-gb/model/8879/cfmoto-400nk,LOW,REVIEW
MOTO-DIM-CFMOTO-650ADVENTURA-0001,CFMOTO,650 Adventura,,2024,2024,2024,2114.0,757.0,1100.0,1100.0,UNKNOWN,UNKNOWN,UNKNOWN,2,1000ps | bikedekho,https://www.1000ps.com/en-gb/model/7775/cfmoto-650nk | https://www.bikedekho.com/cfmoto/650nk/specifications,LOW,REVIEW
MOTO-DIM-CFMOTO-650NK-0001,CFMOTO,650NK,,2024,2024,2024,2114.0,757.0,1100.0,1100.0,UNKNOWN,UNKNOWN,UNKNOWN,2,1000ps | bikedekho,https://www.1000ps.com/en-gb/model/7775/cfmoto-650nk | https://www.bikedekho.com/cfmoto/650nk/specifications,LOW,REVIEW
MOTO-DIM-CFMOTO-650GT-0001,CFMOTO,650 GT,,2024,2024,2024,2100.0,784.0,1340.0,1340.0,UNKNOWN,ADJUSTABLE_WINDSCREEN,UNKNOWN,1,1000ps,https://www.1000ps.com/en-gb/model/10048/cfmoto-650gt,LOW,REVIEW
MOTO-DIM-CFMOTO-650GT-0002,CFMOTO,650 GT,,,,,2100.0,930.0,1340.0,1340.0,UNKNOWN,UNKNOWN,UNKNOWN,1,bikedekho,https://www.bikedekho.com/cfmoto/650gt/specifications,LOW,REVIEW
MOTO-DIM-CFMOTO-650MT-0001,CFMOTO,650 MT,,2024,2024,2024,2150.0,835.0,1332.0,1332.0,UNKNOWN,UNKNOWN,UNKNOWN,1,1000ps,https://www.1000ps.com/en-gb/model/10767/cfmoto-650mt,LOW,REVIEW
MOTO-DIM-CFMOTO-650MT-0002,CFMOTO,650 MT,,,,,2180.0,835.0,1332.0,1332.0,UNKNOWN,UNKNOWN,UNKNOWN,1,bikedekho,https://www.bikedekho.com/cfmoto/650mt/specifications,LOW,REVIEW
MOTO-DIM-DUCATI-748S-0001,Ducati,748S,,"2001,2002",2001,2002,2050.0,685.0,1090.0,1090.0,HANDLEBAR_WIDTH,UNKNOWN,UNKNOWN,2,motorcyclespecs,https://www.motorcyclespecs.co.za/model/ducati/ducati_748S%2002.htm | https://www.motorcyclespecs.co.za/model/ducati/ducati_748S.htm,LOW,REVIEW
MOTO-DIM-DUCATI-748SMONOPOSTO-0001,Ducati,748S Monoposto,,"2001,2002",2001,2002,2050.0,685.0,1090.0,1090.0,HANDLEBAR_WIDTH,UNKNOWN,UNKNOWN,2,motorcyclespecs,https://www.motorcyclespecs.co.za/model/ducati/ducati_748S%2002.htm | https://www.motorcyclespecs.co.za/model/ducati/ducati_748S.htm,LOW,REVIEW
MOTO-DIM-DUCATI-HYPERMOTARDSP-0001,Ducati,Hypermotard SP,,2016,2016,2016,2110.0,860.0,,,UNKNOWN,UNKNOWN,STANDARD,1,bikez,https://bikez.com/motorcycles/ducati_hypermotard_939_sp_2016.php,LOW,REVIEW
MOTO-DIM-DUCATI-HYPERMOTARDSP-0002,Ducati,Hypermotard SP,,2019,2019,2019,2110.0,860.0,,,UNKNOWN,UNKNOWN,STANDARD,1,bikez,https://bikez.com/motorcycles/ducati_hypermotard_950_sp_2019.php,LOW,REVIEW
MOTO-DIM-DUCATI-HYPERMOTARDSP-0003,Ducati,Hypermotard SP,,"2013,2014",2013,2014,2100.0,920.0,1320.0,1320.0,HANDLEBAR_WIDTH,UNKNOWN,STANDARD,3,motorcyclespecs,https://www.motorcyclespecs.co.za/model/ducati/ducati_hypermotard%20sp_13.htm | https://www.motorcyclespecs.co.za/model/ducati/ducati_hypermotard%20sp_14.htm | https://www.motorcyclespecs.co.za/model/ducati/ducati_hypermotard%20sp_15.htm,LOW,REVIEW
MOTO-DIM-DUCATI-HYPERMOTARDSP-0004,Ducati,Hypermotard SP,,2017,2017,2017,2110.0,860.0,,,UNKNOWN,UNKNOWN,STANDARD,1,bikez,https://bikez.com/motorcycles/ducati_hypermotard_939_sp_2017.php,LOW,REVIEW
MOTO-DIM-DUCATI-HYPERMOTARDSP-0005,Ducati,Hypermotard SP,,2015,2015,2015,2110.0,890.0,1220.0,1220.0,UNKNOWN,UNKNOWN,UNKNOWN,1,1000ps,https://www.1000ps.com/en-gb/model/7363/ducati-hypermotard-sp-821,LOW,REVIEW
MOTO-DIM-DUCATI-HYPERMOTARDSP-0006,Ducati,Hypermotard SP,,2018,2018,2018,2100.0,860.0,1150.0,1150.0,UNKNOWN,UNKNOWN,UNKNOWN,1,1000ps,https://www.1000ps.com/en-gb/model/8479/ducati-hypermotard-939-sp,LOW,REVIEW
MOTO-DIM-DUCATI-HYPERMOTARDSP-0007,Ducati,Hypermotard SP,,2025,2025,2025,2100.0,860.0,1150.0,1150.0,UNKNOWN,UNKNOWN,STANDARD,1,1000ps,https://www.1000ps.com/en-gb/model/9563/ducati-hypermotard-950-sp,LOW,REVIEW
MOTO-DIM-DUCATI-HYPERMOTARD950SP-0001,Ducati,Hypermotard 950 SP,,2019,2019,2019,2110.0,860.0,,,UNKNOWN,UNKNOWN,STANDARD,1,bikez,https://bikez.com/motorcycles/ducati_hypermotard_950_sp_2019.php,LOW,REVIEW
MOTO-DIM-DUCATI-HYPERMOTARD950SP-0002,Ducati,Hypermotard 950 SP,,2025,2025,2025,2100.0,860.0,1150.0,1150.0,UNKNOWN,UNKNOWN,STANDARD,1,1000ps,https://www.1000ps.com/en-gb/model/9563/ducati-hypermotard-950-sp,LOW,REVIEW
MOTO-DIM-DUCATI-MONSTER1200-0001,Ducati,Monster 1200,,"2016,2019",,,2200.0,830.0,1040.0,1040.0,UNKNOWN,UNKNOWN,STANDARD,2,bikez,https://bikez.com/motorcycles/ducati_monster_1200_2016.php | https://bikez.com/motorcycles/ducati_monster_1200_2019.php,LOW,REVIEW
MOTO-DIM-DUCATI-MONSTER797-0001,Ducati,Monster 797,,2019,2019,2019,2170.0,800.0,1055.0,1055.0,HANDLEBAR_WIDTH,UNKNOWN,STANDARD,1,bikez,https://bikez.com/motorcycles/ducati_monster_797_2019.php,LOW,REVIEW
MOTO-DIM-DUCATI-MONSTER797-0002,Ducati,Monster 797,,"2017,2018",2017,2018,2170.0,800.0,1055.0,1055.0,UNKNOWN,UNKNOWN,STANDARD,2,bikez,https://bikez.com/motorcycles/ducati_monster_797_2018.php | https://bikez.com/motorcycles/ducati_monster_797_2017.php,LOW,REVIEW
MOTO-DIM-DUCATI-MONSTER821STRIPE-0001,Ducati,Monster 821 Stripe,,2016,2016,2016,2154.0,867.0,1061.0,1061.0,UNKNOWN,UNKNOWN,UNKNOWN,1,1000ps,https://www.1000ps.com/en-gb/model/7986/ducati-monster-821-stripe,LOW,REVIEW
MOTO-DIM-DUCATI-MONSTER821STRIPE-0002,Ducati,Monster 821 Stripe,,"2015,2017",,,2170.0,800.0,1055.0,1055.0,UNKNOWN,UNKNOWN,STANDARD,2,bikez,https://bikez.com/motorcycles/ducati_monster_821_stripe_2017.php | https://bikez.com/motorcycles/ducati_monster_821_stripe_2015.php,LOW,REVIEW
MOTO-DIM-DUCATI-PANIGALEV2BAYLISS-0001,Ducati,Panigale V2 Bayliss,,2023,2023,2023,2070.0,745.0,1105.0,1105.0,UNKNOWN,UNKNOWN,STANDARD,1,bikez,https://bikez.com/motorcycles/ducati_panigale_v2_bayliss_2023.php,MEDIUM,REVIEW
MOTO-DIM-DUCATI-PANIGALEV4-0001,Ducati,Panigale V4,,2020,2020,2020,,,845.0,845.0,UNKNOWN,UNKNOWN,STANDARD,1,bikez,https://bikez.com/motorcycles/ducati_panigale_v4_2020.php,LOW,REVIEW
MOTO-DIM-DUCATI-STREETFIGHTERV4S-0001,Ducati,Streetfighter V4 S,,2020,2020,2020,,,845.0,845.0,UNKNOWN,UNKNOWN,STANDARD,1,bikez,https://bikez.com/motorcycles/ducati_streetfighter_v4_s_2020.php,LOW,REVIEW
MOTO-DIM-DUCATI-SUPERSPORT-0001,Ducati,Super Sport,,2021,2021,2021,2095.0,860.0,1320.0,1320.0,UNKNOWN,UNKNOWN,STANDARD,1,bikez,https://bikez.com/motorcycles/ducati_supersport_950_s_2021.php,MEDIUM,REVIEW
MOTO-DIM-DUCATI-SUPERSPORT950S-0001,Ducati,SuperSport 950 S,,2021,2021,2021,2095.0,860.0,1320.0,1320.0,UNKNOWN,UNKNOWN,STANDARD,1,bikez,https://bikez.com/motorcycles/ducati_supersport_950_s_2021.php,LOW,REVIEW
MOTO-DIM-HARLEYDAVIDSON-E-0001,Harley-Davidson,E,,1950,1950,1950,2337.0,838.0,,,UNKNOWN,UNKNOWN,STANDARD,1,bikez,https://bikez.com/motorcycles/harley-davidson_model_e_1950.php,LOW,REVIEW
MOTO-DIM-HARLEYDAVIDSON-E-0002,Harley-Davidson,E,,1949,1949,1949,2337.0,838.0,,,UNKNOWN,UNKNOWN,STANDARD,1,bikez,https://bikez.com/motorcycles/harley-davidson_model_e_1949.php,LOW,REVIEW
MOTO-DIM-HARLEYDAVIDSON-E-0003,Harley-Davidson,E,,1948,1948,1948,2337.0,838.0,,,UNKNOWN,UNKNOWN,STANDARD,1,bikez,https://bikez.com/motorcycles/harley-davidson_model_e_1948.php,LOW,REVIEW
MOTO-DIM-HARLEYDAVIDSON-FXSUPERGLIDE-0001,Harley-Davidson,FX Super Glide,,2010,2010,2010,2357.0,932.0,1231.0,1231.0,UNKNOWN,UNKNOWN,STANDARD,1,bikez,https://bikez.com/motorcycles/harley-davidson_fxd_dyna_super_glide_2010.php,LOW,REVIEW
MOTO-DIM-HARLEYDAVIDSON-FXSUPERGLIDE-0002,Harley-Davidson,FX Super Glide,,2003,2003,2003,2307.0,,,,UNKNOWN,UNKNOWN,STANDARD,1,bikez,https://bikez.com/motorcycles/harley-davidson_fxd_dyna_super_glide_2003.php,LOW,REVIEW
MOTO-DIM-HARLEYDAVIDSON-FXSUPERGLIDE-0003,Harley-Davidson,FX Super Glide,,1999,1999,1999,2357.0,,,,UNKNOWN,UNKNOWN,STANDARD,1,bikez,https://bikez.com/motorcycles/harley-davidson_fxd_dyna_super_glide_1999.php,LOW,REVIEW
MOTO-DIM-HARLEYDAVIDSON-XLCRCAFERACER-0001,Harley-Davidson,XLCR Cafe Racer,,1977,1977,1977,2210.0,889.0,1016.0,1016.0,UNKNOWN,UNKNOWN,STANDARD,1,bikez,https://bikez.com/motorcycles/harley-davidson_xlcr_1000_cafe_racer_1977.php,MEDIUM,REVIEW
MOTO-DIM-HARLEYDAVIDSON-XLH883-0001,Harley-Davidson,XLH883,,2004,2004,2004,2237.0,,,,UNKNOWN,UNKNOWN,STANDARD,1,motorcyclespecs,https://www.motorcyclespecs.co.za/model/h-d/harley_davidson_xl883%20sportster%2004.htm,LOW,REVIEW
MOTO-DIM-HARLEYDAVIDSON-XLH883-0002,Harley-Davidson,XLH883,,2001,2001,2001,2237.0,,,,UNKNOWN,UNKNOWN,STANDARD,1,motorcyclespecs,https://www.motorcyclespecs.co.za/model/h-d/harley_davidson_xl_883_sportster%2001.htm,LOW,REVIEW
MOTO-DIM-HARLEYDAVIDSON-XLH883-0003,Harley-Davidson,XLH883,,2009,2009,2009,2260.0,,,,UNKNOWN,UNKNOWN,UNKNOWN,1,1000ps,https://www.1000ps.com/en-gb/model/143/harley-davidson-sportster-xl-883,LOW,REVIEW
MOTO-DIM-HARLEYDAVIDSON-XLH883-0004,Harley-Davidson,XLH883,,2003,2003,2003,2235.0,,,,UNKNOWN,UNKNOWN,STANDARD,1,bikez,https://bikez.com/motorcycles/harley-davidson_xlh_sportster_883_2003.php,LOW,REVIEW
MOTO-DIM-HARLEYDAVIDSON-XLH883-0005,Harley-Davidson,XLH883,,2002,2002,2002,2235.0,,,,UNKNOWN,UNKNOWN,STANDARD,1,bikez,https://bikez.com/motorcycles/harley-davidson_xlh_sportster_883_2002.php,LOW,REVIEW
MOTO-DIM-HARLEYDAVIDSON-XR1200-0001,Harley-Davidson,XR1200,,2010,2010,2010,2195.0,,,,UNKNOWN,UNKNOWN,STANDARD,1,bikez,https://bikez.com/motorcycles/harley-davidson_xr1200_2010.php,LOW,REVIEW
MOTO-DIM-HUSQVARNA-TE449-0001,Husqvarna,TE449,,2013,2013,2013,2280.0,820.0,,,UNKNOWN,UNKNOWN,UNKNOWN,1,1000ps,https://www.1000ps.com/en-gb/model/6399/husqvarna-te-449,LOW,REVIEW
MOTO-DIM-HUSQVARNA-TE511-0001,Husqvarna,TE511,,2013,2013,2013,2280.0,820.0,,,UNKNOWN,UNKNOWN,UNKNOWN,1,1000ps,https://www.1000ps.com/en-gb/model/6400/husqvarna-te-511,LOW,REVIEW
MOTO-DIM-HUSQVARNA-TXC449-0001,Husqvarna,TXC 449,,2013,2013,2013,2280.0,820.0,,,UNKNOWN,UNKNOWN,UNKNOWN,1,1000ps,https://www.1000ps.com/en-gb/model/6399/husqvarna-te-449,LOW,REVIEW
MOTO-DIM-HUSQVARNA-TXC511-0001,Husqvarna,TXC 511,,2013,2013,2013,2280.0,820.0,,,UNKNOWN,UNKNOWN,UNKNOWN,1,1000ps,https://www.1000ps.com/en-gb/model/6400/husqvarna-te-511,LOW,REVIEW
MOTO-DIM-INDIAN-CHIEFVINTAGE-0001,Indian,Chief Vintage,,2014,2014,2014,2634.0,1025.0,1490.0,1490.0,HANDLEBAR_WIDTH,UNKNOWN,STANDARD,1,motorcyclespecs,https://www.motorcyclespecs.co.za/model/Indian/indian_chief_vintage_14.html,LOW,REVIEW
MOTO-DIM-INDIAN-CHIEFVINTAGE-0002,Indian,Chief Vintage,,2020,2020,2020,2583.0,1000.0,1176.0,1176.0,UNKNOWN,UNKNOWN,STANDARD,1,motorcyclespecs,https://www.motorcyclespecs.co.za/model/Indian/indian_chief_vintage_20.html,LOW,REVIEW
MOTO-DIM-INDIAN-CHIEFVINTAGE-0003,Indian,Chief Vintage,,2026,2026,2026,2441.0,,,,UNKNOWN,UNKNOWN,STANDARD,1,1000ps,https://www.1000ps.com/en-gb/model/6708/indian-chief-vintage,LOW,REVIEW
MOTO-DIM-INDIAN-CHIEFVINTAGE-0004,Indian,Chief Vintage,,,,,2583.0,1000.0,1442.0,1442.0,UNKNOWN,UNKNOWN,UNKNOWN,1,bikedekho,https://www.bikedekho.com/indian/chief-vintage/specifications,LOW,REVIEW
MOTO-DIM-INDIAN-CHIEFVINTAGEFE-0001,Indian,Chief Vintage FE,,2014,2014,2014,2634.0,1025.0,1490.0,1490.0,HANDLEBAR_WIDTH,UNKNOWN,STANDARD,1,motorcyclespecs,https://www.motorcyclespecs.co.za/model/Indian/indian_chief_vintage_14.html,LOW,REVIEW
MOTO-DIM-INDIAN-CHIEFVINTAGEFE-0002,Indian,Chief Vintage FE,,2020,2020,2020,2583.0,1000.0,1176.0,1176.0,UNKNOWN,UNKNOWN,STANDARD,1,motorcyclespecs,https://www.motorcyclespecs.co.za/model/Indian/indian_chief_vintage_20.html,LOW,REVIEW
MOTO-DIM-INDIAN-CHIEFVINTAGEFE-0003,Indian,Chief Vintage FE,,2026,2026,2026,2441.0,,,,UNKNOWN,UNKNOWN,STANDARD,1,1000ps,https://www.1000ps.com/en-gb/model/6708/indian-chief-vintage,LOW,REVIEW
MOTO-DIM-INDIAN-CHIEFVINTAGEFE-0004,Indian,Chief Vintage FE,,,,,2583.0,1000.0,1442.0,1442.0,UNKNOWN,UNKNOWN,UNKNOWN,1,bikedekho,https://www.bikedekho.com/indian/chief-vintage/specifications,LOW,REVIEW
MOTO-DIM-INDIAN-SUPERSCOUT-0001,Indian,Super Scout,,,,,2260.0,916.0,1226.0,1226.0,UNKNOWN,UNKNOWN,UNKNOWN,1,bikedekho,https://www.bikedekho.com/indian/super-scout/specifications,MEDIUM,REVIEW
MOTO-DIM-HONDA-CA160-0001,Honda,CA160,,1965,1965,1965,2045.0,757.0,1060.0,1060.0,UNKNOWN,UNKNOWN,STANDARD,1,bikez,https://bikez.com/motorcycles/honda_cb_160_1965.php,MEDIUM,REVIEW
MOTO-DIM-HONDA-CB160-0001,Honda,CB160,,1965,1965,1965,2045.0,757.0,1060.0,1060.0,UNKNOWN,UNKNOWN,STANDARD,1,bikez,https://bikez.com/motorcycles/honda_cb_160_1965.php,MEDIUM,REVIEW
MOTO-DIM-HONDA-CB160FDLX-0001,Honda,CB160F DLX,,1965,1965,1965,2045.0,757.0,1060.0,1060.0,UNKNOWN,UNKNOWN,STANDARD,1,bikez,https://bikez.com/motorcycles/honda_cb_160_1965.php,MEDIUM,REVIEW
MOTO-DIM-HONDA-CB160FINVICTA-0001,Honda,CB160F Invicta,,1965,1965,1965,2045.0,757.0,1060.0,1060.0,UNKNOWN,UNKNOWN,STANDARD,1,bikez,https://bikez.com/motorcycles/honda_cb_160_1965.php,MEDIUM,REVIEW
MOTO-DIM-HONDA-CB500F-0001,Honda,CB500F,,2022,2022,2022,2080.0,800.0,1060.0,1060.0,HANDLEBAR_WIDTH,UNKNOWN,WITH_TOP_BOX,1,motorcyclespecs,https://www.motorcyclespecs.co.za/model/Honda/honda_cb500f_22.html,LOW,REVIEW
MOTO-DIM-HONDA-CB500F-0002,Honda,CB500F,,2023,2023,2023,2080.0,800.0,1060.0,1060.0,UNKNOWN,UNKNOWN,UNKNOWN,1,1000ps,https://www.1000ps.com/en-gb/model/5377/honda-cb500f,LOW,REVIEW
MOTO-DIM-HONDA-CB500F-0003,Honda,CB500F,,,,,2080.0,790.0,1060.0,1060.0,UNKNOWN,UNKNOWN,UNKNOWN,1,bikedekho,https://www.bikedekho.com/honda/cb500f/specifications,LOW,REVIEW
MOTO-DIM-HONDA-CB500F-0004,Honda,CB500F,,2014,2014,2014,2075.0,780.0,1060.0,1060.0,UNKNOWN,UNKNOWN,STANDARD,1,bikez,https://bikez.com/motorcycles/honda_cb500f_2014.php,LOW,REVIEW
MOTO-DIM-HONDA-CBR300RABS-0001,Honda,CBR300R ABS,,2015,2015,2015,2030.0,710.0,1127.0,1127.0,UNKNOWN,UNKNOWN,STANDARD,1,bikez,https://bikez.com/motorcycles/honda_cbr_300r_abs_2015.php,MEDIUM,REVIEW
MOTO-DIM-HONDA-CBR500R-0001,Honda,CBR500R,,2022,2022,2022,2080.0,760.0,1145.0,1145.0,HANDLEBAR_WIDTH,UNKNOWN,WITH_TOP_BOX,1,motorcyclespecs,https://www.motorcyclespecs.co.za/model/Honda/honda_cbr500r_22.html,LOW,REVIEW
MOTO-DIM-HONDA-CBR500R-0002,Honda,CBR500R,,"2019,2026",,,2080.0,760.0,1145.0,1145.0,UNKNOWN,UNKNOWN,STANDARD,2,1000ps | bikez,https://www.1000ps.com/en-gb/model/7340/honda-cbr500r | https://bikez.com/motorcycles/honda_cbr500r_2019.php,LOW,REVIEW
MOTO-DIM-HONDA-CBR500R-0003,Honda,CBR500R,,,,,2080.0,755.0,1145.0,1145.0,UNKNOWN,UNKNOWN,UNKNOWN,1,bikedekho,https://www.bikedekho.com/honda/cbr500r/specifications,LOW,REVIEW
MOTO-DIM-HONDA-CBX-0001,Honda,CBX,,1978,1978,1978,2220.0,780.0,1145.0,1145.0,HANDLEBAR_WIDTH,UNKNOWN,STANDARD,1,motorcyclespecs,https://www.motorcyclespecs.co.za/model/Honda/honda_cbx1000-78.htm,MEDIUM,REVIEW
MOTO-DIM-HONDA-CR250R-0001,Honda,CR250R,,1995,1995,1995,2173.0,823.0,1263.0,1263.0,UNKNOWN,UNKNOWN,STANDARD,1,bikez,https://bikez.com/motorcycles/honda_cr_250_r_1995.php,MEDIUM,REVIEW
MOTO-DIM-HONDA-CRF450RS-0001,Honda,CRF450R-S,,2022,2022,2022,2182.0,827.0,1267.0,1267.0,UNKNOWN,UNKNOWN,STANDARD,1,bikez,https://bikez.com/motorcycles/honda_crf450r-s_2022.php,MEDIUM,REVIEW
MOTO-DIM-HONDA-GB500-0001,Honda,GB500,,2022,2022,2022,2080.0,800.0,1060.0,1060.0,HANDLEBAR_WIDTH,UNKNOWN,WITH_TOP_BOX,1,motorcyclespecs,https://www.motorcyclespecs.co.za/model/Honda/honda_cb500f_22.html,LOW,REVIEW
MOTO-DIM-HONDA-GB500-0002,Honda,GB500,,2023,2023,2023,2080.0,800.0,1060.0,1060.0,UNKNOWN,UNKNOWN,UNKNOWN,1,1000ps,https://www.1000ps.com/en-gb/model/5377/honda-cb500f,LOW,REVIEW
MOTO-DIM-HONDA-GB500-0003,Honda,GB500,,,,,2080.0,790.0,1060.0,1060.0,UNKNOWN,UNKNOWN,UNKNOWN,1,bikedekho,https://www.bikedekho.com/honda/cb500f/specifications,LOW,REVIEW
MOTO-DIM-HONDA-GB500-0004,Honda,GB500,,2014,2014,2014,2075.0,780.0,1060.0,1060.0,UNKNOWN,UNKNOWN,STANDARD,1,bikez,https://bikez.com/motorcycles/honda_cb500f_2014.php,LOW,REVIEW
MOTO-DIM-HONDA-GB500-0005,Honda,GB500,,1989,1989,1989,2100.0,680.0,,,UNKNOWN,UNKNOWN,STANDARD,1,bikez,https://bikez.com/motorcycles/honda_gb_500_clubman_1989.php,LOW,REVIEW
MOTO-DIM-HONDA-GL1500CCDVALKYRIE-0001,Honda,GL1500C/CD Valkyrie,,1996,1996,1996,2615.0,955.0,1495.0,1495.0,UNKNOWN,UNKNOWN,STANDARD,1,bikez,https://bikez.com/motorcycles/honda_gl_1500_gold_wing_se_1996.php,MEDIUM,REVIEW
MOTO-DIM-HONDA-GL1500IGOLDWINGINTERSTATE-0001,Honda,GL1500I Gold Wing Interstate,,1996,1996,1996,2615.0,955.0,1495.0,1495.0,UNKNOWN,UNKNOWN,STANDARD,1,bikez,https://bikez.com/motorcycles/honda_gl_1500_gold_wing_se_1996.php,MEDIUM,REVIEW
MOTO-DIM-HONDA-GL1500SEGOLDWINGSPECIALEDITION-0001,Honda,GL1500SE Gold Wing Special Edition,,1996,1996,1996,2615.0,955.0,1495.0,1495.0,UNKNOWN,UNKNOWN,STANDARD,1,bikez,https://bikez.com/motorcycles/honda_gl_1500_gold_wing_se_1996.php,MEDIUM,REVIEW
MOTO-DIM-HONDA-MONKEY-0001,Honda,Monkey,,2006,2006,2006,1365.0,,,,UNKNOWN,UNKNOWN,STANDARD,1,bikez,https://bikez.com/motorcycles/honda_monkey_2006.php,MEDIUM,REVIEW
MOTO-DIM-HONDA-MONKEY-0002,Honda,Monkey,,2026,2026,2026,1710.0,755.0,1030.0,1030.0,HANDLEBAR_WIDTH,UNKNOWN,UNKNOWN,1,motorcyclespecs,https://www.motorcyclespecs.co.za/model/Honda/honda-monkey-2026.html,MEDIUM,REVIEW
MOTO-DIM-HONDA-MRT260NMONTESACOTA4RT260R-0001,Honda,MRT260N Montesa Cota 4RT 260R,,2022,2022,2022,2016.0,830.0,1140.0,1140.0,UNKNOWN,UNKNOWN,STANDARD,1,bikez,https://bikez.com/motorcycles/honda_montesa_cota_4rt_260r_2022.php,MEDIUM,REVIEW
MOTO-DIM-HONDA-NAVI110-0001,Honda,NAVi 110,,2022,2022,2022,1285.0,739.0,1044.0,1044.0,HANDLEBAR_WIDTH,UNKNOWN,UNKNOWN,1,motorcyclespecs,https://www.motorcyclespecs.co.za/model/Honda/honda_navi_110_22.html,LOW,REVIEW
MOTO-DIM-HONDA-NVA110BNAVI-0001,Honda,NVA110B Navi,,2022,2022,2022,1285.0,739.0,1044.0,1044.0,HANDLEBAR_WIDTH,UNKNOWN,UNKNOWN,1,motorcyclespecs,https://www.motorcyclespecs.co.za/model/Honda/honda_navi_110_22.html,LOW,REVIEW
MOTO-DIM-HONDA-VFR750FINTERCEPTOR-0001,Honda,VFR750F Interceptor,,1992,1992,1992,2180.0,700.0,1185.0,1185.0,UNKNOWN,UNKNOWN,STANDARD,1,bikez,https://bikez.com/motorcycles/honda_vfr_750_f_1992.php,LOW,REVIEW
MOTO-DIM-SUZUKI-DL800VSTROM800DEADVENTURE-0001,Suzuki,DL800 V-Strom 800DE Adventure,,2023,2023,2023,2345.0,975.0,1310.0,1310.0,UNKNOWN,ADJUSTABLE_WINDSCREEN,STANDARD,1,bikez,https://bikez.com/motorcycles/suzuki_v-strom_800de_adventure_2023.php,MEDIUM,REVIEW
MOTO-DIM-SUZUKI-GSF600SBANDIT-0001,Suzuki,GSF600S Bandit,,2003,2003,2003,2060.0,770.0,,,UNKNOWN,UNKNOWN,STANDARD,1,bikez,https://bikez.com/motorcycles/suzuki_gsf_600_s_bandit_2003.php,LOW,REVIEW
MOTO-DIM-SUZUKI-GT185-0001,Suzuki,GT185,,1973,1973,1973,1950.0,770.0,1065.0,1065.0,UNKNOWN,UNKNOWN,STANDARD,1,bikez,https://bikez.com/motorcycles/suzuki_gt_185_1973.php,MEDIUM,REVIEW
MOTO-DIM-SUZUKI-RM250-0001,Suzuki,RM250,,2013,2013,2013,2170.0,830.0,1280.0,1280.0,UNKNOWN,UNKNOWN,UNKNOWN,1,1000ps,https://www.1000ps.com/en-gb/model/407/suzuki-rm-250,LOW,REVIEW
MOTO-DIM-SUZUKI-RM250-0002,Suzuki,RM250,,2011,2011,2011,2170.0,830.0,,,UNKNOWN,UNKNOWN,STANDARD,1,bikez,https://bikez.com/motorcycles/suzuki_rm250_2011.php,LOW,REVIEW
MOTO-DIM-SUZUKI-RM250-0003,Suzuki,RM250,,2007,2007,2007,2170.0,830.0,1280.0,1280.0,UNKNOWN,UNKNOWN,STANDARD,1,bikez,https://bikez.com/motorcycles/suzuki_rm_250_2007.php,LOW,REVIEW
MOTO-DIM-SUZUKI-RM250-0004,Suzuki,RM250,,2002,2002,2002,2175.0,840.0,1275.0,1275.0,UNKNOWN,UNKNOWN,STANDARD,1,bikez,https://bikez.com/motorcycles/suzuki_rm_250_2002.php,LOW,REVIEW
MOTO-DIM-SUZUKI-RMX250-0001,Suzuki,RMX250,,2013,2013,2013,2170.0,830.0,1280.0,1280.0,UNKNOWN,UNKNOWN,UNKNOWN,1,1000ps,https://www.1000ps.com/en-gb/model/407/suzuki-rm-250,LOW,REVIEW
MOTO-DIM-SUZUKI-RMX250-0002,Suzuki,RMX250,,2011,2011,2011,2170.0,830.0,,,UNKNOWN,UNKNOWN,STANDARD,1,bikez,https://bikez.com/motorcycles/suzuki_rm250_2011.php,LOW,REVIEW
MOTO-DIM-SUZUKI-RMX250-0003,Suzuki,RMX250,,2007,2007,2007,2170.0,830.0,1280.0,1280.0,UNKNOWN,UNKNOWN,STANDARD,1,bikez,https://bikez.com/motorcycles/suzuki_rm_250_2007.php,LOW,REVIEW
MOTO-DIM-SUZUKI-RMX250-0004,Suzuki,RMX250,,2002,2002,2002,2175.0,840.0,1275.0,1275.0,UNKNOWN,UNKNOWN,STANDARD,1,bikez,https://bikez.com/motorcycles/suzuki_rm_250_2002.php,LOW,REVIEW
MOTO-DIM-APRILIA-RS125-0001,Aprilia,RS 125,,2010,2010,2010,1955.0,720.0,1100.0,1100.0,HANDLEBAR_WIDTH,UNKNOWN,STANDARD,1,motorcyclespecs,https://www.motorcyclespecs.co.za/model/aprilia/aprilia-rs125r-10.html,LOW,REVIEW
MOTO-DIM-APRILIA-RS125-0002,Aprilia,RS 125,,2026,2026,2026,1968.0,760.0,1135.0,1135.0,UNKNOWN,UNKNOWN,UNKNOWN,1,1000ps,https://www.1000ps.com/en-gb/model/10645/aprilia-rs-125,LOW,REVIEW
MOTO-DIM-APRILIA-RS660-0001,Aprilia,RS 660,,2026,2026,2026,1995.0,745.0,1150.0,1150.0,UNKNOWN,UNKNOWN,UNKNOWN,1,1000ps,https://www.1000ps.com/en-gb/model/9956/aprilia-rs-660,LOW,REVIEW
MOTO-DIM-APRILIA-RS660-0002,Aprilia,RS 660,,,,,1995.0,745.0,1150.0,1150.0,UNKNOWN,UNKNOWN,STANDARD,1,bikedekho,https://www.bikedekho.com/aprilia/rs-660/specifications,LOW,REVIEW
MOTO-DIM-APRILIA-TUONO660FACTORY-0001,Aprilia,Tuono 660 Factory,,2026,2026,2026,1995.0,805.0,,,HANDLEBAR_WIDTH,UNKNOWN,UNKNOWN,1,1000ps,https://www.1000ps.com/en-gb/model/10893/aprilia-tuono-660-factory,LOW,REVIEW
MOTO-DIM-APRILIA-TUONOV41100FACTORY-0001,Aprilia,Tuono V4 1100 Factory,,2021,2021,2021,2070.0,810.0,,,HANDLEBAR_WIDTH,UNKNOWN,STANDARD,1,motorcyclespecs,https://www.motorcyclespecs.co.za/model/aprilia/aprilia-tuono-v4-1100-factory-21.html,LOW,REVIEW
MOTO-DIM-APRILIA-TUONOV41100FACTORY-0002,Aprilia,Tuono V4 1100 Factory,,2026,2026,2026,2070.0,810.0,,,UNKNOWN,UNKNOWN,UNKNOWN,1,1000ps,https://www.1000ps.com/en-gb/model/8008/aprilia-tuono-v4-1100-factory,LOW,REVIEW
MOTO-DIM-APRILIA-TUONOV41100FACTORYABS-0001,Aprilia,Tuono V4 1100 Factory ABS,,2021,2021,2021,2070.0,810.0,,,HANDLEBAR_WIDTH,UNKNOWN,STANDARD,1,motorcyclespecs,https://www.motorcyclespecs.co.za/model/aprilia/aprilia-tuono-v4-1100-factory-21.html,LOW,REVIEW
MOTO-DIM-APRILIA-TUONOV41100FACTORYABS-0002,Aprilia,Tuono V4 1100 Factory ABS,,2026,2026,2026,2070.0,810.0,,,UNKNOWN,UNKNOWN,UNKNOWN,1,1000ps,https://www.1000ps.com/en-gb/model/8008/aprilia-tuono-v4-1100-factory,LOW,REVIEW
MOTO-DIM-APRILIA-TUONOV41100RR-0001,Aprilia,Tuono V4 1100 RR,,2019,2019,2019,2070.0,810.0,,,HANDLEBAR_WIDTH,UNKNOWN,STANDARD,1,motorcyclespecs,https://www.motorcyclespecs.co.za/model/aprilia/aprilia-tuono-v4-1100rr-19.html,LOW,REVIEW
MOTO-DIM-APRILIA-TUONOV41100RR-0002,Aprilia,Tuono V4 1100 RR,,2023,2023,2023,2070.0,810.0,,,UNKNOWN,UNKNOWN,UNKNOWN,1,1000ps,https://www.1000ps.com/en-gb/model/8009/aprilia-tuono-v4-1100-rr,LOW,REVIEW
MOTO-DIM-APRILIA-TUONOV41100RRABS-0001,Aprilia,Tuono V4 1100 RR ABS,,2019,2019,2019,2070.0,810.0,,,HANDLEBAR_WIDTH,UNKNOWN,STANDARD,1,motorcyclespecs,https://www.motorcyclespecs.co.za/model/aprilia/aprilia-tuono-v4-1100rr-19.html,LOW,REVIEW
MOTO-DIM-APRILIA-TUONOV41100RRABS-0002,Aprilia,Tuono V4 1100 RR ABS,,2023,2023,2023,2070.0,810.0,,,UNKNOWN,UNKNOWN,UNKNOWN,1,1000ps,https://www.1000ps.com/en-gb/model/8009/aprilia-tuono-v4-1100-rr,LOW,REVIEW
MOTO-DIM-DUCATI-HYPERMOTARD950RVE-0001,Ducati,Hypermotard 950 RVE,,2025,2025,2025,2100.0,860.0,1150.0,1150.0,UNKNOWN,UNKNOWN,UNKNOWN,1,1000ps,https://www.1000ps.com/en-gb/model/10235/ducati-hypermotard-950-rve,LOW,REVIEW
MOTO-DIM-DUCATI-MONSTER1200S-0001,Ducati,Monster 1200 S,,"2017,2020",,,2200.0,830.0,1040.0,1040.0,UNKNOWN,UNKNOWN,STANDARD,2,bikez,https://bikez.com/motorcycles/ducati_monster_1200_s_2017.php | https://bikez.com/motorcycles/ducati_monster_1200_s_2020.php,LOW,REVIEW
MOTO-DIM-DUCATI-MONSTER750-0001,Ducati,Monster 750,,2096,2096,2096,2080.0,800.0,1030.0,1030.0,HANDLEBAR_WIDTH,UNKNOWN,UNKNOWN,1,motorcyclespecs,https://www.motorcyclespecs.co.za/model/ducati/ducati_monster_750%2096.htm,LOW,REVIEW
MOTO-DIM-DUCATI-MONSTER750METALLIC-0001,Ducati,Monster 750 Metallic,,2096,2096,2096,2080.0,800.0,1030.0,1030.0,HANDLEBAR_WIDTH,UNKNOWN,UNKNOWN,1,motorcyclespecs,https://www.motorcyclespecs.co.za/model/ducati/ducati_monster_750%2096.htm,LOW,REVIEW
MOTO-DIM-DUCATI-MONSTER797+-0001,Ducati,Monster 797+,,2019,2019,2019,2170.0,800.0,1055.0,1055.0,HANDLEBAR_WIDTH,UNKNOWN,STANDARD,1,bikez,https://bikez.com/motorcycles/ducati_monster_797_2019.php,LOW,REVIEW
MOTO-DIM-DUCATI-MONSTER797+-0002,Ducati,Monster 797+,,"2017,2018",2017,2018,2170.0,800.0,1055.0,1055.0,UNKNOWN,UNKNOWN,STANDARD,2,bikez,https://bikez.com/motorcycles/ducati_monster_797_2018.php | https://bikez.com/motorcycles/ducati_monster_797_2017.php,LOW,REVIEW
MOTO-DIM-DUCATI-MULTISTRADA1000DS-0001,Ducati,Multistrada 1000 DS,,2003,2003,2003,2130.0,,1280.0,1280.0,UNKNOWN,UNKNOWN,STANDARD,1,bikez,https://bikez.com/motorcycles/ducati_multistrada_1000_ds_2003.php,MEDIUM,REVIEW
MOTO-DIM-DUCATI-SCRAMBLERFULLTHROTTLE-0001,Ducati,Scrambler Full Throttle,,2019,2019,2019,2165.0,855.0,1150.0,1150.0,UNKNOWN,UNKNOWN,STANDARD,1,bikez,https://bikez.com/motorcycles/ducati_scrambler_full_throttle_2019.php,MEDIUM,REVIEW
MOTO-DIM-DUCATI-SCRAMBLERICON-0001,Ducati,Scrambler Icon,,2021,2021,2021,2100.0,885.0,1150.0,1150.0,UNKNOWN,UNKNOWN,STANDARD,1,bikez,https://bikez.com/motorcycles/ducati_scrambler_icon_2021.php,MEDIUM,REVIEW
MOTO-DIM-DUCATI-SCRAMBLERICONNG-0001,Ducati,Scrambler Icon NG,,2021,2021,2021,2100.0,885.0,1150.0,1150.0,UNKNOWN,UNKNOWN,STANDARD,1,bikez,https://bikez.com/motorcycles/ducati_scrambler_icon_2021.php,MEDIUM,REVIEW
MOTO-DIM-DUCATI-SCRAMBLERICONDARK-0001,Ducati,Scrambler Icon Dark,,2022,2022,2022,2100.0,855.0,1150.0,1150.0,UNKNOWN,UNKNOWN,STANDARD,1,bikez,https://bikez.com/motorcycles/ducati_scrambler_icon_dark_2022.php,MEDIUM,REVIEW
MOTO-DIM-DUCATI-SCRAMBLERNIGHTSHIFT-0001,Ducati,Scrambler Nightshift,,2023,2023,2023,2100.0,855.0,1150.0,1150.0,UNKNOWN,UNKNOWN,STANDARD,1,bikez,https://bikez.com/motorcycles/ducati_scrambler_nightshift_2023.php,MEDIUM,REVIEW
MOTO-DIM-DUCATI-SCRAMBLERNIGHTSHIFTNG-0001,Ducati,Scrambler Nightshift NG,,2023,2023,2023,2100.0,855.0,1150.0,1150.0,UNKNOWN,UNKNOWN,STANDARD,1,bikez,https://bikez.com/motorcycles/ducati_scrambler_nightshift_2023.php,MEDIUM,REVIEW
MOTO-DIM-DUCATI-STREETFIGHTERV4-0001,Ducati,Streetfighter V4,,2020,2020,2020,,,845.0,845.0,UNKNOWN,UNKNOWN,STANDARD,1,bikez,https://bikez.com/motorcycles/ducati_streetfighter_v4_2020.php,LOW,REVIEW
MOTO-DIM-HARLEYDAVIDSON-FLHTCUELECTRAGLIDEULTRACLASSIC-0001,Harley-Davidson,FLHTCU Electra Glide Ultra Classic,,2017,2017,2017,2593.0,,,,UNKNOWN,UNKNOWN,STANDARD,1,motorcyclespecs,https://www.motorcyclespecs.co.za/model/h-d/harley_davidson_flhtcu_ultra_cla%2017.htm,LOW,REVIEW
MOTO-DIM-HARLEYDAVIDSON-FLHTCUELECTRAGLIDEULTRACLASSIC-0002,Harley-Davidson,FLHTCU Electra Glide Ultra Classic,,2016,2016,2016,2600.0,,,,UNKNOWN,UNKNOWN,STANDARD,1,motorcyclespecs,https://www.motorcyclespecs.co.za/model/h-d/harley_davidson_flhtcu_ultra_cla%2016.htm,LOW,REVIEW
MOTO-DIM-HARLEYDAVIDSON-FLHTCUELECTRAGLIDEULTRACLASSIC-0003,Harley-Davidson,FLHTCU Electra Glide Ultra Classic,,2019,2019,2019,2600.0,,,,UNKNOWN,UNKNOWN,WITH_TOP_BOX,1,bikez,https://bikez.com/motorcycles/harley-davidson_electra_glide_ultra_classic_2019.php,LOW,REVIEW
MOTO-DIM-HARLEYDAVIDSON-FLTCUTOURGLIDEULTRACLASSIC-0001,Harley-Davidson,FLTCU Tour Glide Ultra Classic,,2097,2097,2097,2497.0,,,,UNKNOWN,UNKNOWN,UNKNOWN,1,motorcyclespecs,https://www.motorcyclespecs.co.za/model/h-d/harley_davidson_flhtcui_elec%20glid%20ult%20clas%2097.htm,LOW,REVIEW
MOTO-DIM-HARLEYDAVIDSON-FLTCUTOURGLIDEULTRACLASSIC-0002,Harley-Davidson,FLTCU Tour Glide Ultra Classic,,2017,2017,2017,2593.0,,,,UNKNOWN,UNKNOWN,STANDARD,1,motorcyclespecs,https://www.motorcyclespecs.co.za/model/h-d/harley_davidson_flhtcu_ultra_cla%2017.htm,LOW,REVIEW
MOTO-DIM-HARLEYDAVIDSON-FLTCUTOURGLIDEULTRACLASSIC-0003,Harley-Davidson,FLTCU Tour Glide Ultra Classic,,2016,2016,2016,2600.0,960.0,1440.0,1440.0,UNKNOWN,UNKNOWN,UNKNOWN,1,1000ps,https://www.1000ps.com/en-gb/model/7164/harley-davidson-electra-glide-ultra-classic-flhtcu,LOW,REVIEW
MOTO-DIM-HARLEYDAVIDSON-FLTCUTOURGLIDEULTRACLASSIC-0004,Harley-Davidson,FLTCU Tour Glide Ultra Classic,,2011,2011,2011,2504.4,965.2,1549.4,1549.4,HANDLEBAR_WIDTH,UNKNOWN,STANDARD,1,motorcyclespecs,https://www.motorcyclespecs.co.za/model/h-d/harley_davidson_flhtcu_ultra_cla%2011.htm,LOW,REVIEW
MOTO-DIM-HARLEYDAVIDSON-FLTCUTOURGLIDEULTRACLASSIC-0005,Harley-Davidson,FLTCU Tour Glide Ultra Classic,,2005,2005,2005,2497.0,,,,UNKNOWN,UNKNOWN,STANDARD,1,motorcyclespecs,https://www.motorcyclespecs.co.za/model/h-d/harley_davidson_flhtcui_elec%20glid%20ult%20clas%2005.htm,LOW,REVIEW
MOTO-DIM-HARLEYDAVIDSON-FLTCUTOURGLIDEULTRACLASSIC-0006,Harley-Davidson,FLTCU Tour Glide Ultra Classic,,2018,2018,2018,2670.0,1390.0,1430.0,1430.0,UNKNOWN,UNKNOWN,UNKNOWN,1,1000ps,https://www.1000ps.com/en-gb/model/6746/harley-davidson-tri-glide-ultra-classic,LOW,REVIEW
MOTO-DIM-HARLEYDAVIDSON-FLTCUTOURGLIDEULTRACLASSIC-0007,Harley-Davidson,FLTCU Tour Glide Ultra Classic,,2019,2019,2019,2600.0,,,,UNKNOWN,UNKNOWN,WITH_TOP_BOX,1,bikez,https://bikez.com/motorcycles/harley-davidson_electra_glide_ultra_classic_2019.php,LOW,REVIEW
MOTO-DIM-HARLEYDAVIDSON-FLTCUTOURGLIDEULTRACLASSIC-0008,Harley-Davidson,FLTCU Tour Glide Ultra Classic,,2013,2013,2013,2687.0,1389.0,,,UNKNOWN,UNKNOWN,WITH_TOP_BOX,1,bikez,https://bikez.com/motorcycles/harley-davidson_tri_glide_ultra_classic_2013.php,LOW,REVIEW
MOTO-DIM-HARLEYDAVIDSON-FLTCUTOURGLIDEULTRACLASSIC-0009,Harley-Davidson,FLTCU Tour Glide Ultra Classic,,2012,2012,2012,2504.0,,,,UNKNOWN,UNKNOWN,STANDARD,1,bikez,https://bikez.com/motorcycles/harley-davidson_flhtcutg_tri_glide_ultra_classic_2012.php,LOW,REVIEW
MOTO-DIM-HARLEYDAVIDSON-FLTCUITOURGLIDEULTRACLASSIC-0001,Harley-Davidson,FLTCUI Tour Glide Ultra Classic,,2017,2017,2017,2593.0,,,,UNKNOWN,UNKNOWN,STANDARD,1,motorcyclespecs,https://www.motorcyclespecs.co.za/model/h-d/harley_davidson_flhtcu_ultra_cla%2017.htm,LOW,REVIEW
MOTO-DIM-HARLEYDAVIDSON-FLTCUITOURGLIDEULTRACLASSIC-0002,Harley-Davidson,FLTCUI Tour Glide Ultra Classic,,2016,2016,2016,2600.0,,,,UNKNOWN,UNKNOWN,STANDARD,1,motorcyclespecs,https://www.motorcyclespecs.co.za/model/h-d/harley_davidson_flhtcu_ultra_cla%2016.htm,LOW,REVIEW
MOTO-DIM-HARLEYDAVIDSON-FLTCUITOURGLIDEULTRACLASSIC-0003,Harley-Davidson,FLTCUI Tour Glide Ultra Classic,,2019,2019,2019,2600.0,,,,UNKNOWN,UNKNOWN,WITH_TOP_BOX,1,bikez,https://bikez.com/motorcycles/harley-davidson_electra_glide_ultra_classic_2019.php,LOW,REVIEW
MOTO-DIM-HARLEYDAVIDSON-FXBBBREAKOUT117-0001,Harley-Davidson,FXBB Breakout 117,,2023,2023,2023,2370.0,,,,UNKNOWN,UNKNOWN,STANDARD,1,bikez,https://bikez.com/motorcycles/harley-davidson_breakout_117_2023.php,MEDIUM,REVIEW
MOTO-DIM-HARLEYDAVIDSON-FXBRBREAKOUT117-0001,Harley-Davidson,FXBR Breakout 117,,2023,2023,2023,2370.0,,,,UNKNOWN,UNKNOWN,STANDARD,1,bikez,https://bikez.com/motorcycles/harley-davidson_breakout_117_2023.php,MEDIUM,REVIEW
MOTO-DIM-HARLEYDAVIDSON-FXLRSTLOWRIDERST-0001,Harley-Davidson,FXLRST Low Rider ST,,2023,2023,2023,2365.0,,,,UNKNOWN,UNKNOWN,STANDARD,1,bikez,https://bikez.com/motorcycles/harley-davidson_low_rider_st_2023.php,MEDIUM,REVIEW
MOTO-DIM-HARLEYDAVIDSON-XLCH-0001,Harley-Davidson,XLCH,,2000,2000,2000,2237.0,,,,UNKNOWN,UNKNOWN,STANDARD,1,motorcyclespecs,https://www.motorcyclespecs.co.za/model/h-d/harley_davidson_xlh883%20sporster%2000.htm,LOW,REVIEW
MOTO-DIM-INDIAN-CHIEF-0001,Indian,Chief,,2017,2017,2017,2630.0,1000.0,1176.0,1176.0,HANDLEBAR_WIDTH,UNKNOWN,UNKNOWN,1,motorcyclespecs,https://www.motorcyclespecs.co.za/model/Indian/indian_chief_18.html,LOW,REVIEW
MOTO-DIM-INDIAN-CHIEF-0002,Indian,Chief,,2019,2019,2019,2630.0,1000.0,1176.0,1176.0,UNKNOWN,UNKNOWN,UNKNOWN,2,1000ps | bikedekho,https://www.1000ps.com/en-gb/model/5427/indian-chief | https://www.bikedekho.com/indian/chief/specifications,LOW,REVIEW
MOTO-DIM-BMW-R505-0001,BMW,R50/5,,1969,1969,1969,2100.0,850.0,1040.0,1040.0,UNKNOWN,UNKNOWN,STANDARD,1,bikez,https://bikez.com/motorcycles/bmw_r50_5_1969.php,LOW,REVIEW
MOTO-DIM-HONDA-CB125TT-0001,Honda,CB125TT,,2002,2002,2002,2060.0,730.0,1070.0,1070.0,UNKNOWN,UNKNOWN,STANDARD,1,bikez,https://bikez.com/motorcycles/honda_cb_125_t_2002.php,LOW,REVIEW
MOTO-DIM-HONDA-CR125M-0001,Honda,CR125M,,2002,2002,2002,2151.0,823.0,1278.0,1278.0,UNKNOWN,UNKNOWN,STANDARD,1,bikez,https://bikez.com/motorcycles/honda_cr_125_2002.php,LOW,REVIEW
MOTO-DIM-HONDA-FSC600SILVERWING-0001,Honda,FSC600 Silver Wing,,2016,2016,2016,2275.0,770.0,1430.0,1430.0,UNKNOWN,UNKNOWN,STANDARD,1,bikez,https://bikez.com/motorcycles/honda_fjs600_silver_wing_2016.php,LOW,REVIEW
MOTO-DIM-HONDA-FSC600ASILVERWINGABS-0001,Honda,FSC600A Silver Wing ABS,,2016,2016,2016,2275.0,770.0,1430.0,1430.0,UNKNOWN,UNKNOWN,STANDARD,1,bikez,https://bikez.com/motorcycles/honda_fjs600_silver_wing_2016.php,LOW,REVIEW
MOTO-DIM-HONDA-GL1800HPNGOLDWINGAUDIOCOMFORTNAVI-0001,Honda,GL1800HPN Gold Wing Audio/Comfort/Navi,,2026,2026,2026,2475.0,905.0,1340.0,1340.0,UNKNOWN,UNKNOWN,UNKNOWN,1,1000ps,https://www.1000ps.com/en-gb/model/9971/honda-gl-1800-goldwing-dct,LOW,REVIEW
MOTO-DIM-HONDA-GL1800HPNGOLDWINGAUDIOCOMFORTNAVI-0002,Honda,GL1800HPN Gold Wing Audio/Comfort/Navi,,2022,2022,2022,2475.0,905.0,1340.0,1340.0,UNKNOWN,UNKNOWN,WITH_TOP_BOX,1,bikez,https://bikez.com/motorcycles/honda_gl1800_gold_wing_dct_2022.php,LOW,REVIEW
MOTO-DIM-HONDA-GL1800HPNAGOLDWINGAUDIOCOMFORTNAVIABS-0001,Honda,GL1800HPNA Gold Wing Audio/Comfort/Navi/ABS,,2026,2026,2026,2475.0,905.0,1340.0,1340.0,UNKNOWN,UNKNOWN,UNKNOWN,1,1000ps,https://www.1000ps.com/en-gb/model/9971/honda-gl-1800-goldwing-dct,LOW,REVIEW
MOTO-DIM-HONDA-GL1800HPNAGOLDWINGAUDIOCOMFORTNAVIABS-0002,Honda,GL1800HPNA Gold Wing Audio/Comfort/Navi/ABS,,2022,2022,2022,2475.0,905.0,1340.0,1340.0,UNKNOWN,UNKNOWN,WITH_TOP_BOX,1,bikez,https://bikez.com/motorcycles/honda_gl1800_gold_wing_dct_2022.php,LOW,REVIEW
MOTO-DIM-HONDA-GL1800HPNMGOLDWINGAUDIOCOMFORTNAVIXM-0001,Honda,GL1800HPNM Gold Wing Audio/Comfort/Navi/XM,,2026,2026,2026,2475.0,905.0,1340.0,1340.0,UNKNOWN,UNKNOWN,UNKNOWN,1,1000ps,https://www.1000ps.com/en-gb/model/9971/honda-gl-1800-goldwing-dct,LOW,REVIEW
MOTO-DIM-HONDA-GL1800HPNMGOLDWINGAUDIOCOMFORTNAVIXM-0002,Honda,GL1800HPNM Gold Wing Audio/Comfort/Navi/XM,,2022,2022,2022,2475.0,905.0,1340.0,1340.0,UNKNOWN,UNKNOWN,WITH_TOP_BOX,1,bikez,https://bikez.com/motorcycles/honda_gl1800_gold_wing_dct_2022.php,LOW,REVIEW
MOTO-DIM-HONDA-GL1800HPNMGOLDWINGAUDIOCOMFORTNAVIXMABS-0001,Honda,GL1800HPNM Gold Wing Audio/Comfort/Navi/XM/ABS,,2026,2026,2026,2475.0,905.0,1340.0,1340.0,UNKNOWN,UNKNOWN,UNKNOWN,1,1000ps,https://www.1000ps.com/en-gb/model/9971/honda-gl-1800-goldwing-dct,LOW,REVIEW
MOTO-DIM-HONDA-GL1800HPNMGOLDWINGAUDIOCOMFORTNAVIXMABS-0002,Honda,GL1800HPNM Gold Wing Audio/Comfort/Navi/XM/ABS,,2022,2022,2022,2475.0,905.0,1340.0,1340.0,UNKNOWN,UNKNOWN,WITH_TOP_BOX,1,bikez,https://bikez.com/motorcycles/honda_gl1800_gold_wing_dct_2022.php,LOW,REVIEW
MOTO-DIM-HONDA-NX650-0001,Honda,NX650,,2003,2003,2003,2200.0,903.0,,,UNKNOWN,UNKNOWN,STANDARD,1,bikez,https://bikez.com/motorcycles/honda_nx_650_dominator_2003.php,LOW,REVIEW
MOTO-DIM-HONDA-ST1100-0001,Honda,ST1100,,2010,2010,2010,2270.0,860.0,1390.0,1390.0,UNKNOWN,UNKNOWN,UNKNOWN,1,1000ps,https://www.1000ps.com/en-gb/model/1185/honda-st-1100-pan-european,LOW,REVIEW
MOTO-DIM-HONDA-ST1100-0002,Honda,ST1100,,1994,1994,1994,,1100.0,,,UNKNOWN,UNKNOWN,STANDARD,1,bikez,https://bikez.com/motorcycles/honda_st_1100_pan_european_1994.php,LOW,REVIEW
MOTO-DIM-SUZUKI-DR350S-0001,Suzuki,DR350S,,1995,1995,1995,2235.0,885.0,1245.0,1245.0,UNKNOWN,UNKNOWN,STANDARD,1,bikez,https://bikez.com/motorcycles/suzuki_dr_350_s_1995.php,LOW,REVIEW
MOTO-DIM-SUZUKI-GSF1200SBANDIT-0001,Suzuki,GSF1200S Bandit,,2003,2003,2003,2070.0,765.0,,,UNKNOWN,UNKNOWN,STANDARD,1,bikez,https://bikez.com/motorcycles/suzuki_gsf_1200_s_bandit_2003.php,LOW,REVIEW
MOTO-DIM-SUZUKI-RM125-0001,Suzuki,RM125,,2011,2011,2011,2145.0,830.0,1275.0,1275.0,UNKNOWN,UNKNOWN,UNKNOWN,1,1000ps,https://www.1000ps.com/en-gb/model/406/suzuki-rm-125,LOW,REVIEW
MOTO-DIM-SUZUKI-RM125-0002,Suzuki,RM125,,2007,2007,2007,2145.0,830.0,1275.0,1275.0,UNKNOWN,UNKNOWN,STANDARD,1,bikez,https://bikez.com/motorcycles/suzuki_rm_125_2007.php,LOW,REVIEW
MOTO-DIM-SUZUKI-RM125-0003,Suzuki,RM125,,2003,2003,2003,2145.0,840.0,,,UNKNOWN,UNKNOWN,STANDARD,1,bikez,https://bikez.com/motorcycles/suzuki_rm_125_2003.php,LOW,REVIEW
MOTO-DIM-BIMOTA-DB7-0001,Bimota,DB7,,2015,2015,2015,2100.0,720.0,1120.0,1120.0,UNKNOWN,UNKNOWN,UNKNOWN,1,1000ps,https://www.1000ps.com/en-gb/model/3453/bimota-db-7,LOW,REVIEW
MOTO-DIM-DUCATI-MONSTER600-0001,Ducati,Monster 600,,"2093,2096",,,2090.0,770.0,1060.0,1060.0,HANDLEBAR_WIDTH,UNKNOWN,STANDARD,2,motorcyclespecs,https://www.motorcyclespecs.co.za/model/ducati/ducati_monster_600%2096.htm | https://www.motorcyclespecs.co.za/model/ducati/ducati_monster_600%2093.htm,LOW,REVIEW
MOTO-DIM-DUCATI-MONSTER600CITY-0001,Ducati,Monster 600 City,,"2093,2096",,,2090.0,770.0,1060.0,1060.0,HANDLEBAR_WIDTH,UNKNOWN,STANDARD,2,motorcyclespecs,https://www.motorcyclespecs.co.za/model/ducati/ducati_monster_600%2096.htm | https://www.motorcyclespecs.co.za/model/ducati/ducati_monster_600%2093.htm,LOW,REVIEW
MOTO-DIM-DUCATI-MONSTER600METALLIC-0001,Ducati,Monster 600 Metallic,,"2093,2096",,,2090.0,770.0,1060.0,1060.0,HANDLEBAR_WIDTH,UNKNOWN,STANDARD,2,motorcyclespecs,https://www.motorcyclespecs.co.za/model/ducati/ducati_monster_600%2096.htm | https://www.motorcyclespecs.co.za/model/ducati/ducati_monster_600%2093.htm,LOW,REVIEW
MOTO-DIM-DUCATI-MONSTER900-0001,Ducati,Monster 900,,"2093,2095",,,2090.0,770.0,1060.0,1060.0,UNKNOWN,UNKNOWN,UNKNOWN,2,motorcyclespecs,https://www.motorcyclespecs.co.za/model/ducati/ducati_monster_900%2095.htm | https://www.motorcyclespecs.co.za/model/ducati/ducati_monster_900%2093.htm,LOW,REVIEW
MOTO-DIM-DUCATI-MONSTER900CITY-0001,Ducati,Monster 900 City,,"2093,2095",,,2090.0,770.0,1060.0,1060.0,UNKNOWN,UNKNOWN,UNKNOWN,2,motorcyclespecs,https://www.motorcyclespecs.co.za/model/ducati/ducati_monster_900%2095.htm | https://www.motorcyclespecs.co.za/model/ducati/ducati_monster_900%2093.htm,LOW,REVIEW
MOTO-DIM-DUCATI-MONSTER900METALLIC-0001,Ducati,Monster 900 Metallic,,"2093,2095",,,2090.0,770.0,1060.0,1060.0,UNKNOWN,UNKNOWN,UNKNOWN,2,motorcyclespecs,https://www.motorcyclespecs.co.za/model/ducati/ducati_monster_900%2095.htm | https://www.motorcyclespecs.co.za/model/ducati/ducati_monster_900%2093.htm,LOW,REVIEW
MOTO-DIM-HARLEYDAVIDSON-FXDLLOWRIDER-0001,Harley-Davidson,FXDL Low Rider,,2016,2016,2016,2345.0,,,,UNKNOWN,UNKNOWN,STANDARD,1,motorcyclespecs,https://www.motorcyclespecs.co.za/model/h-d/harley_davidson_fxdl_dyna_low_ri%2016.htm,LOW,REVIEW
MOTO-DIM-HARLEYDAVIDSON-FXDLLOWRIDER-0002,Harley-Davidson,FXDL Low Rider,,2015,2015,2015,2345.0,,,,UNKNOWN,UNKNOWN,STANDARD,1,motorcyclespecs,https://www.motorcyclespecs.co.za/model/h-d/harley_davidson_fxdl_dyna_low_ri%2015.htm,LOW,REVIEW
MOTO-DIM-HARLEYDAVIDSON-FXDLLOWRIDER-0003,Harley-Davidson,FXDL Low Rider,,2017,2017,2017,2395.0,,,,UNKNOWN,UNKNOWN,STANDARD,1,bikez,https://bikez.com/motorcycles/harley-davidson_dyna_low_rider_2017.php,LOW,REVIEW
MOTO-DIM-HARLEYDAVIDSON-FXDLLOWRIDER-0004,Harley-Davidson,FXDL Low Rider,,2014,2014,2014,2357.0,,,,UNKNOWN,UNKNOWN,STANDARD,1,bikez,https://bikez.com/motorcycles/harley-davidson_dyna_low_rider_2014.php,LOW,REVIEW
MOTO-DIM-HARLEYDAVIDSON-FXDLLOWRIDER-0005,Harley-Davidson,FXDL Low Rider,,2009,2009,2009,2364.0,922.0,1193.0,1193.0,HANDLEBAR_WIDTH,UNKNOWN,STANDARD,1,bikez,https://bikez.com/motorcycles/harley-davidson_fxdl_dyna_low_rider_2009.php,LOW,REVIEW
MOTO-DIM-HARLEYDAVIDSON-FXDLLOWRIDER-0006,Harley-Davidson,FXDL Low Rider,,2003,2003,2003,2330.0,,,,UNKNOWN,UNKNOWN,STANDARD,1,bikez,https://bikez.com/motorcycles/harley-davidson_fxdl_dyna_low_rider_2003.php,LOW,REVIEW
MOTO-DIM-HARLEYDAVIDSON-XLH1200-0001,Harley-Davidson,XLH1200,,,,,2200.0,,,,UNKNOWN,UNKNOWN,UNKNOWN,1,motorcyclespecs,https://www.motorcyclespecs.co.za/model/h-d/harley_davidson_sportster_iorn-1200_18.html,LOW,REVIEW
MOTO-DIM-HARLEYDAVIDSON-XLH1200-0002,Harley-Davidson,XLH1200,,,,,2200.0,,,,UNKNOWN,UNKNOWN,UNKNOWN,1,motorcyclespecs,https://www.motorcyclespecs.co.za/model/h-d/harley_davidson_sportster_iorn-1200_20.html,LOW,REVIEW
MOTO-DIM-HARLEYDAVIDSON-XLH1200-0003,Harley-Davidson,XLH1200,,2003,2003,2003,2238.0,,,,UNKNOWN,UNKNOWN,STANDARD,1,bikez,https://bikez.com/motorcycles/harley-davidson_xlh_sportster_1200_2003.php,LOW,REVIEW
MOTO-DIM-HONDA-GL1000GOLDWING-0001,Honda,GL1000 Gold Wing,,1976,1976,1976,2630.0,955.0,1525.0,1525.0,UNKNOWN,UNKNOWN,STANDARD,1,bikez,https://bikez.com/motorcycles/honda_gl_1000_gold_wing_1976.php,LOW,REVIEW
MOTO-DIM-HONDA-VTX1800C-0001,Honda,VTX1800C,,2002,2002,2002,2455.0,990.0,1150.0,1150.0,UNKNOWN,UNKNOWN,STANDARD,1,bikez,https://bikez.com/motorcycles/honda_vtx_1800_c_2002.php,LOW,REVIEW
MOTO-DIM-HONDA-ELITE-0001,Honda,Elite,,2022,2022,2022,1785.0,694.0,1139.0,1139.0,UNKNOWN,UNKNOWN,STANDARD,1,bikez,https://bikez.com/motorcycles/honda_elite_125_2022.php,MEDIUM,REVIEW
MOTO-DIM-HONDA-ELITETRICOLOR-0001,Honda,Elite Tricolor,,2022,2022,2022,1785.0,694.0,1139.0,1139.0,UNKNOWN,UNKNOWN,STANDARD,1,bikez,https://bikez.com/motorcycles/honda_elite_125_2022.php,MEDIUM,REVIEW
