id	Ktype	NormalizedBodyStyle	Generation	BodyCode	Doors	DIMENSION_GROUP_ID	MatchConfidence	Notes	IterationStatus
17868_3dr	17868	Hatchback	Clio II	CB	3	EU-RENAULT-CLIO-II-HATCHBACK-3D-FACELIFT-01	MEDIUM	Ktype覆盖BB/CB车身，本行对应改款后三门外廓。	READY
17868_5dr	17868	Hatchback	Clio II	BB	5	EU-RENAULT-CLIO-II-HATCHBACK-5D-FACELIFT-01	MEDIUM	Ktype覆盖BB/CB车身，本行对应改款后五门外廓。	READY
54943_3dr	54943	Hatchback	Clio II	CB	3	EU-RENAULT-CLIO-II-HATCHBACK-3D-FACELIFT-01	MEDIUM	Ktype覆盖BB/CB车身，本行对应改款后三门外廓。	READY
54943_5dr	54943	Hatchback	Clio II	BB	5	EU-RENAULT-CLIO-II-HATCHBACK-5D-FACELIFT-01	MEDIUM	Ktype覆盖BB/CB车身，本行对应改款后五门外廓。	READY
145580	145580	Van	Clio II	SB3M	3	EU-RENAULT-CLIO-II-HATCHBACK-3D-FACELIFT-01	MEDIUM	SB3M商用三门版本，复用改款后三门车身外廓。	READY
11709_3dr_prefl	11709	Hatchback	Clio II	CB	3	EU-RENAULT-CLIO-II-HATCHBACK-3D-PREFL-01	MEDIUM	Ktype覆盖三门和五门且跨改款节点，本行对应三门前期外廓。	READY
11709_3dr_facelift	11709	Hatchback	Clio II	CB	3	EU-RENAULT-CLIO-II-HATCHBACK-3D-FACELIFT-01	MEDIUM	Ktype覆盖三门和五门且跨改款节点，本行对应三门改款后外廓。	READY
11709_5dr_prefl	11709	Hatchback	Clio II	BB	5	EU-RENAULT-CLIO-II-HATCHBACK-5D-PREFL-01	MEDIUM	Ktype覆盖三门和五门且跨改款节点，本行对应五门前期外廓。	READY
11709_5dr_facelift	11709	Hatchback	Clio II	BB	5	EU-RENAULT-CLIO-II-HATCHBACK-5D-FACELIFT-01	MEDIUM	Ktype覆盖三门和五门且跨改款节点，本行对应五门改款后外廓。	READY
14577_3dr_prefl	14577	Hatchback	Clio II	CB0U	3	EU-RENAULT-CLIO-II-HATCHBACK-3D-PREFL-01	MEDIUM	Ktype覆盖B/CB0U并跨改款节点，本行对应三门前期外廓。	READY
14577_3dr_facelift	14577	Hatchback	Clio II	CB0U	3	EU-RENAULT-CLIO-II-HATCHBACK-3D-FACELIFT-01	MEDIUM	Ktype覆盖B/CB0U并跨改款节点，本行对应三门改款后外廓。	READY
14577_5dr_prefl	14577	Hatchback	Clio II	BB0U	5	EU-RENAULT-CLIO-II-HATCHBACK-5D-PREFL-01	MEDIUM	Ktype覆盖B/CB0U并跨改款节点，本行对应五门前期外廓。	READY
14577_5dr_facelift	14577	Hatchback	Clio II	BB0U	5	EU-RENAULT-CLIO-II-HATCHBACK-5D-FACELIFT-01	MEDIUM	Ktype覆盖B/CB0U并跨改款节点，本行对应五门改款后外廓。	READY
14183	14183	Hatchback	Clio II	CB0M	3	EU-RENAULT-CLIO-II-RS-3D-PREFL-01	HIGH	CB0M三门Renault Sport前期物理外廓。	READY
17869	17869	Hatchback	Clio II		3	EU-RENAULT-CLIO-II-RS-3D-FACELIFT-01	HIGH	179马力Renault Sport三门改款后外廓。	READY
15575	15575	Hatchback	Clio II	CB1A	3	EU-RENAULT-CLIO-II-V6-3D-PH1-01	HIGH	CB1A Clio V6 Phase 1宽体三门外廓。	READY
17138	17138	Hatchback	Clio II		3	EU-RENAULT-CLIO-II-V6-3D-PH2-01	HIGH	Ktype覆盖CB1H、CB1U和CB2S，均属于V6 Phase 2同一外廓。	READY
124975_prefl	124975	Van	Clio III	SR0J	3	EU-RENAULT-CLIO-III-HATCHBACK-3D-PREFL-01	MEDIUM	SR0J三门商用车身，改款前外廓。	READY
124975_facelift	124975	Van	Clio III	SR0J	3	EU-RENAULT-CLIO-III-HATCHBACK-3D-FACELIFT-01	MEDIUM	SR0J三门商用车身，改款后外廓。	READY
124977_prefl	124977	Van	Clio III	SR0P	3	EU-RENAULT-CLIO-III-HATCHBACK-3D-PREFL-01	MEDIUM	SR0P三门商用车身，改款前外廓。	READY
124977_facelift	124977	Van	Clio III	SR0P	3	EU-RENAULT-CLIO-III-HATCHBACK-3D-FACELIFT-01	MEDIUM	SR0P三门商用车身，改款后外廓。	READY
11056_3dr	11056	Hatchback	Clio III		3	EU-RENAULT-CLIO-III-HATCHBACK-3D-FACELIFT-01	MEDIUM	本行对应改款后三门外廓。	READY
11056_5dr	11056	Hatchback	Clio III		5	EU-RENAULT-CLIO-III-HATCHBACK-5D-FACELIFT-01	MEDIUM	本行对应改款后五门外廓。	READY
19045_3dr_prefl	19045	Hatchback	Clio III		3	EU-RENAULT-CLIO-III-HATCHBACK-3D-PREFL-01	MEDIUM	覆盖多个CR车身代码；本行对应三门改款前外廓。	READY
19045_3dr_facelift	19045	Hatchback	Clio III		3	EU-RENAULT-CLIO-III-HATCHBACK-3D-FACELIFT-01	MEDIUM	覆盖多个CR车身代码；本行对应三门改款后外廓。	READY
19045_5dr_prefl	19045	Hatchback	Clio III		5	EU-RENAULT-CLIO-III-HATCHBACK-5D-PREFL-01	MEDIUM	覆盖多个BR车身代码；本行对应五门改款前外廓。	READY
19045_5dr_facelift	19045	Hatchback	Clio III		5	EU-RENAULT-CLIO-III-HATCHBACK-5D-FACELIFT-01	MEDIUM	覆盖多个BR车身代码；本行对应五门改款后外廓。	READY
19046_3dr_prefl	19046	Hatchback	Clio III		3	EU-RENAULT-CLIO-III-HATCHBACK-3D-PREFL-01	MEDIUM	覆盖多个CR车身代码；本行对应三门改款前外廓。	READY
19046_3dr_facelift	19046	Hatchback	Clio III		3	EU-RENAULT-CLIO-III-HATCHBACK-3D-FACELIFT-01	MEDIUM	覆盖多个CR车身代码；本行对应三门改款后外廓。	READY
19046_5dr_prefl	19046	Hatchback	Clio III		5	EU-RENAULT-CLIO-III-HATCHBACK-5D-PREFL-01	MEDIUM	覆盖多个BR车身代码；本行对应五门改款前外廓。	READY
19046_5dr_facelift	19046	Hatchback	Clio III		5	EU-RENAULT-CLIO-III-HATCHBACK-5D-FACELIFT-01	MEDIUM	覆盖多个BR车身代码；本行对应五门改款后外廓。	READY
19047_3dr_prefl	19047	Hatchback	Clio III	CR0R	3	EU-RENAULT-CLIO-III-HATCHBACK-3D-PREFL-01	MEDIUM	CR0R三门改款前外廓。	READY
19047_3dr_facelift	19047	Hatchback	Clio III	CR0R	3	EU-RENAULT-CLIO-III-HATCHBACK-3D-FACELIFT-01	MEDIUM	CR0R三门改款后外廓。	READY
19047_5dr_prefl	19047	Hatchback	Clio III		5	EU-RENAULT-CLIO-III-HATCHBACK-5D-PREFL-01	MEDIUM	覆盖多个BR车身代码；本行对应五门改款前外廓。	READY
19047_5dr_facelift	19047	Hatchback	Clio III		5	EU-RENAULT-CLIO-III-HATCHBACK-5D-FACELIFT-01	MEDIUM	覆盖多个BR车身代码；本行对应五门改款后外廓。	READY
52436_3dr_prefl	52436	Hatchback	Clio III	CR1U	3	EU-RENAULT-CLIO-III-HATCHBACK-3D-PREFL-01	HIGH	CR1U三门改款前外廓。	READY
52436_3dr_facelift	52436	Hatchback	Clio III	CR1U	3	EU-RENAULT-CLIO-III-HATCHBACK-3D-FACELIFT-01	HIGH	CR1U三门改款后外廓。	READY
52436_5dr_prefl	52436	Hatchback	Clio III	BR1U	5	EU-RENAULT-CLIO-III-HATCHBACK-5D-PREFL-01	HIGH	BR1U五门改款前外廓。	READY
52436_5dr_facelift	52436	Hatchback	Clio III	BR1U	5	EU-RENAULT-CLIO-III-HATCHBACK-5D-FACELIFT-01	HIGH	BR1U五门改款后外廓。	READY
19050_3dr_prefl	19050	Hatchback	Clio III		3	EU-RENAULT-CLIO-III-HATCHBACK-3D-PREFL-01	MEDIUM	本行对应三门改款前外廓。	READY
19050_3dr_facelift	19050	Hatchback	Clio III		3	EU-RENAULT-CLIO-III-HATCHBACK-3D-FACELIFT-01	MEDIUM	本行对应三门改款后外廓。	READY
19050_5dr_prefl	19050	Hatchback	Clio III		5	EU-RENAULT-CLIO-III-HATCHBACK-5D-PREFL-01	MEDIUM	本行对应五门改款前外廓。	READY
19050_5dr_facelift	19050	Hatchback	Clio III		5	EU-RENAULT-CLIO-III-HATCHBACK-5D-FACELIFT-01	MEDIUM	本行对应五门改款后外廓。	READY
19051_3dr_prefl	19051	Hatchback	Clio III		3	EU-RENAULT-CLIO-III-HATCHBACK-3D-PREFL-01	MEDIUM	本行对应三门改款前外廓。	READY
19051_3dr_facelift	19051	Hatchback	Clio III		3	EU-RENAULT-CLIO-III-HATCHBACK-3D-FACELIFT-01	MEDIUM	本行对应三门改款后外廓。	READY
19051_5dr_prefl	19051	Hatchback	Clio III		5	EU-RENAULT-CLIO-III-HATCHBACK-5D-PREFL-01	MEDIUM	本行对应五门改款前外廓。	READY
19051_5dr_facelift	19051	Hatchback	Clio III		5	EU-RENAULT-CLIO-III-HATCHBACK-5D-FACELIFT-01	MEDIUM	本行对应五门改款后外廓。	READY
19052_3dr_prefl	19052	Hatchback	Clio III	CR17	3	EU-RENAULT-CLIO-III-HATCHBACK-3D-PREFL-01	HIGH	CR17三门改款前外廓。	READY
19052_3dr_facelift	19052	Hatchback	Clio III	CR17	3	EU-RENAULT-CLIO-III-HATCHBACK-3D-FACELIFT-01	HIGH	CR17三门改款后外廓。	READY
19052_5dr_prefl	19052	Hatchback	Clio III	BR17	5	EU-RENAULT-CLIO-III-HATCHBACK-5D-PREFL-01	HIGH	BR17五门改款前外廓。	READY
19052_5dr_facelift	19052	Hatchback	Clio III	BR17	5	EU-RENAULT-CLIO-III-HATCHBACK-5D-FACELIFT-01	HIGH	BR17五门改款后外廓。	READY
19053_3dr_prefl	19053	Hatchback	Clio III		3	EU-RENAULT-CLIO-III-HATCHBACK-3D-PREFL-01	MEDIUM	覆盖多个CR车身代码；本行对应三门改款前外廓。	READY
19053_3dr_facelift	19053	Hatchback	Clio III		3	EU-RENAULT-CLIO-III-HATCHBACK-3D-FACELIFT-01	MEDIUM	覆盖多个CR车身代码；本行对应三门改款后外廓。	READY
19053_5dr_prefl	19053	Hatchback	Clio III		5	EU-RENAULT-CLIO-III-HATCHBACK-5D-PREFL-01	MEDIUM	覆盖多个BR车身代码；本行对应五门改款前外廓。	READY
19053_5dr_facelift	19053	Hatchback	Clio III		5	EU-RENAULT-CLIO-III-HATCHBACK-5D-FACELIFT-01	MEDIUM	覆盖多个BR车身代码；本行对应五门改款后外廓。	READY
34744	34744	Hatchback	Clio III	BR1V	5	EU-RENAULT-CLIO-III-HATCHBACK-5D-FACELIFT-01	HIGH	BR1V五门改款后外廓。	READY
34746_3dr	34746	Hatchback	Clio III		3	EU-RENAULT-CLIO-III-HATCHBACK-3D-FACELIFT-01	MEDIUM	本行对应改款后三门外廓。	READY
34746_5dr	34746	Hatchback	Clio III		5	EU-RENAULT-CLIO-III-HATCHBACK-5D-FACELIFT-01	MEDIUM	本行对应改款后五门外廓。	READY
19048_3dr	19048	Hatchback	Clio III		3	EU-RENAULT-CLIO-III-HATCHBACK-3D-PREFL-01	MEDIUM	本行对应三门改款前外廓。	READY
19048_5dr	19048	Hatchback	Clio III		5	EU-RENAULT-CLIO-III-HATCHBACK-5D-PREFL-01	MEDIUM	本行对应五门改款前外廓。	READY
19049_3dr_prefl	19049	Hatchback	Clio III		3	EU-RENAULT-CLIO-III-HATCHBACK-3D-PREFL-01	MEDIUM	覆盖多个CR车身代码；本行对应三门改款前外廓。	READY
19049_3dr_facelift	19049	Hatchback	Clio III		3	EU-RENAULT-CLIO-III-HATCHBACK-3D-FACELIFT-01	MEDIUM	覆盖多个CR车身代码；本行对应三门改款后外廓。	READY
19049_5dr_prefl	19049	Hatchback	Clio III		5	EU-RENAULT-CLIO-III-HATCHBACK-5D-PREFL-01	MEDIUM	覆盖多个BR车身代码；本行对应五门改款前外廓。	READY
19049_5dr_facelift	19049	Hatchback	Clio III		5	EU-RENAULT-CLIO-III-HATCHBACK-5D-FACELIFT-01	MEDIUM	覆盖多个BR车身代码；本行对应五门改款后外廓。	READY
11057	11057	Wagon	Clio III		5	EU-RENAULT-CLIO-III-GRANDTOUR-WAGON-FACELIFT-01	HIGH	Grandtour五门改款后外廓。	READY
34748_prefl	34748	Wagon	Clio III		5	EU-RENAULT-CLIO-III-GRANDTOUR-WAGON-PREFL-01	HIGH	Grandtour五门改款前外廓。	READY
34748_facelift	34748	Wagon	Clio III		5	EU-RENAULT-CLIO-III-GRANDTOUR-WAGON-FACELIFT-01	HIGH	Grandtour五门改款后外廓。	READY
34745	34745	Wagon	Clio III		5	EU-RENAULT-CLIO-III-GRANDTOUR-WAGON-FACELIFT-01	HIGH	Grandtour五门改款后外廓。	READY
34747	34747	Wagon	Clio III		5	EU-RENAULT-CLIO-III-GRANDTOUR-WAGON-FACELIFT-01	HIGH	Grandtour五门改款后外廓。	READY
34749_prefl	34749	Wagon	Clio III		5	EU-RENAULT-CLIO-III-GRANDTOUR-WAGON-PREFL-01	HIGH	Grandtour五门改款前外廓。	READY
34749_facelift	34749	Wagon	Clio III		5	EU-RENAULT-CLIO-III-GRANDTOUR-WAGON-FACELIFT-01	HIGH	Grandtour五门改款后外廓。	READY
154694	154694	Van	Clio IV		5	EU-RENAULT-CLIO-IV-HATCHBACK-5D-01	HIGH	五门商用版车身外廓。	READY
57401	57401	Hatchback	Clio IV		5	EU-RENAULT-CLIO-IV-HATCHBACK-5D-01	HIGH	五门Hatchback外廓。	READY
124871	124871	Van	Clio IV		5	EU-RENAULT-CLIO-IV-HATCHBACK-5D-01	HIGH	五门商用版车身外廓。	READY
126186	126186	Hatchback	Clio IV		5	EU-RENAULT-CLIO-IV-HATCHBACK-5D-01	HIGH	五门Hatchback外廓。	READY
57284	57284	Hatchback	Clio IV		5	EU-RENAULT-CLIO-IV-HATCHBACK-5D-01	HIGH	五门Hatchback外廓。	READY
124872	124872	Van	Clio IV		5	EU-RENAULT-CLIO-IV-HATCHBACK-5D-01	HIGH	五门商用版车身外廓。	READY
126404	126404	Hatchback	Clio IV		5	EU-RENAULT-CLIO-IV-HATCHBACK-5D-01	HIGH	五门Hatchback外廓。	READY
125321	125321	Hatchback	Clio IV		5	EU-RENAULT-CLIO-IV-HATCHBACK-5D-01	HIGH	五门Hatchback外廓。	READY
58898	58898	Hatchback	Clio IV		5	EU-RENAULT-CLIO-IV-HATCHBACK-5D-01	HIGH	五门Hatchback外廓。	READY
122130	122130	Hatchback	Clio IV		5	EU-RENAULT-CLIO-IV-HATCHBACK-5D-01	HIGH	五门Hatchback外廓。	READY
57282	57282	Hatchback	Clio IV		5	EU-RENAULT-CLIO-IV-HATCHBACK-5D-01	HIGH	五门Hatchback外廓。	READY
124874	124874	Van	Clio IV		5	EU-RENAULT-CLIO-IV-HATCHBACK-5D-01	HIGH	五门商用版车身外廓。	READY
57281	57281	Hatchback	Clio IV		5	EU-RENAULT-CLIO-IV-HATCHBACK-5D-01	HIGH	五门Hatchback外廓。	READY
124875	124875	Van	Clio IV		5	EU-RENAULT-CLIO-IV-HATCHBACK-5D-01	HIGH	五门商用版车身外廓。	READY
58678	58678	Hatchback	Clio IV		5	EU-RENAULT-CLIO-IV-RS-HATCHBACK-5D-01	HIGH	Renault Sport五门外廓。	READY
112058	112058	Hatchback	Clio IV		5	EU-RENAULT-CLIO-IV-RS-HATCHBACK-5D-01	HIGH	RS Trophy复用Renault Sport五门外廓。	READY
57450_prefl	57450	Wagon	Clio IV		5	EU-RENAULT-CLIO-IV-GRANDTOUR-WAGON-PREFL-01	HIGH	Grandtour改款前五门外廓。	READY
57450_facelift	57450	Wagon	Clio IV		5	EU-RENAULT-CLIO-IV-GRANDTOUR-WAGON-FACELIFT-01	HIGH	Grandtour改款后五门外廓。	READY
57451_prefl	57451	Wagon	Clio IV		5	EU-RENAULT-CLIO-IV-GRANDTOUR-WAGON-PREFL-01	HIGH	Grandtour改款前五门外廓。	READY
57451_facelift	57451	Wagon	Clio IV		5	EU-RENAULT-CLIO-IV-GRANDTOUR-WAGON-FACELIFT-01	HIGH	Grandtour改款后五门外廓。	READY
58899_prefl	58899	Wagon	Clio IV		5	EU-RENAULT-CLIO-IV-GRANDTOUR-WAGON-PREFL-01	HIGH	Grandtour改款前五门外廓。	READY
58899_facelift	58899	Wagon	Clio IV		5	EU-RENAULT-CLIO-IV-GRANDTOUR-WAGON-FACELIFT-01	HIGH	Grandtour改款后五门外廓。	READY
121645	121645	Wagon	Clio IV		5	EU-RENAULT-CLIO-IV-GRANDTOUR-WAGON-FACELIFT-01	HIGH	Grandtour改款后五门外廓。	READY
57453_prefl	57453	Wagon	Clio IV		5	EU-RENAULT-CLIO-IV-GRANDTOUR-WAGON-PREFL-01	HIGH	Grandtour改款前五门外廓。	READY
57453_facelift	57453	Wagon	Clio IV		5	EU-RENAULT-CLIO-IV-GRANDTOUR-WAGON-FACELIFT-01	HIGH	Grandtour改款后五门外廓。	READY
57454_prefl	57454	Wagon	Clio IV		5	EU-RENAULT-CLIO-IV-GRANDTOUR-WAGON-PREFL-01	HIGH	Grandtour改款前五门外廓。	READY
57454_facelift	57454	Wagon	Clio IV		5	EU-RENAULT-CLIO-IV-GRANDTOUR-WAGON-FACELIFT-01	HIGH	Grandtour改款后五门外廓。	READY
148011_prefl	148011	Hatchback	Clio V		5	EU-RENAULT-CLIO-V-HATCHBACK-5D-PREFL-01	HIGH	改款前五门外廓。	READY
148011_facelift	148011	Hatchback	Clio V		5	EU-RENAULT-CLIO-V-HATCHBACK-5D-FACELIFT-01	HIGH	改款后五门外廓。	READY
145761_prefl	145761	Hatchback	Clio V		5	EU-RENAULT-CLIO-V-HATCHBACK-5D-PREFL-01	HIGH	改款前五门外廓。	READY
145761_facelift	145761	Hatchback	Clio V		5	EU-RENAULT-CLIO-V-HATCHBACK-5D-FACELIFT-01	HIGH	改款后五门外廓。	READY
145712	145712	Hatchback	Clio V		5	EU-RENAULT-CLIO-V-HATCHBACK-5D-PREFL-01	MEDIUM	1.3 TCe 140仅落入改款前外廓边界。	READY
145756_prefl	145756	Hatchback	Clio V		5	EU-RENAULT-CLIO-V-HATCHBACK-5D-PREFL-01	HIGH	改款前五门外廓。	READY
145756_facelift	145756	Hatchback	Clio V		5	EU-RENAULT-CLIO-V-HATCHBACK-5D-FACELIFT-01	HIGH	改款后五门外廓。	READY
146398_prefl	146398	Hatchback	Clio V		5	EU-RENAULT-CLIO-V-HATCHBACK-5D-PREFL-01	HIGH	改款前五门外廓。	READY
146398_facelift	146398	Hatchback	Clio V		5	EU-RENAULT-CLIO-V-HATCHBACK-5D-FACELIFT-01	HIGH	改款后五门外廓。	READY
162795	162795	Hatchback	Clio VI		5	EU-RENAULT-CLIO-VI-HATCHBACK-5D-01	HIGH	Clio VI五门外廓。	READY
162794	162794	Hatchback	Clio VI		5	EU-RENAULT-CLIO-VI-HATCHBACK-5D-01	HIGH	Clio VI全混动五门外廓。	READY
109398	109398	Sedan	Dauphine		4	EU-RENAULT-DAUPHINE-SEDAN-01	HIGH	Dauphine四门轿车外廓。	READY
124738	124738	Van	Dokker I			EU-RENAULT-DOKKER-I-VAN-01	MEDIUM	Renault品牌Dokker厢式车身。	READY
7877	7877	MPV	Espace I	J11	5	EU-RENAULT-ESPACE-I-MPV-01	HIGH	J11标准MPV外廓。	READY
7879	7879	MPV	Espace I	J11	5	EU-RENAULT-ESPACE-I-MPV-01	HIGH	J11标准MPV外廓。	READY
7878	7878	MPV	Espace I	J11	5	EU-RENAULT-ESPACE-I-MPV-01	HIGH	Quadra四驱不改变J11外廓。	READY
7880	7880	MPV	Espace II	J63	5	EU-RENAULT-ESPACE-II-MPV-01	HIGH	J63标准MPV外廓。	READY
143181	143181	Van	Espace II	J63	5	EU-RENAULT-ESPACE-II-MPV-01	MEDIUM	J63商用衍生版本复用标准车身外廓。	READY
143182	143182	Van	Espace II	J63	5	EU-RENAULT-ESPACE-II-MPV-01	MEDIUM	J63商用衍生版本复用标准车身外廓。	READY
7828	7828	MPV	Espace III	JE0	5	EU-RENAULT-ESPACE-III-MPV-01	HIGH	JE0标准轴距MPV外廓。	READY
16598	16598	MPV	Espace III	JE0	5	EU-RENAULT-ESPACE-III-MPV-01	HIGH	JE0标准轴距MPV外廓。	READY
7829	7829	MPV	Espace III	JE0	5	EU-RENAULT-ESPACE-III-MPV-01	HIGH	JE0标准轴距MPV外廓。	READY
10362	10362	MPV	Espace III	JE0	5	EU-RENAULT-ESPACE-III-MPV-01	HIGH	JE0标准轴距MPV外廓。	READY
10361	10361	MPV	Espace III	JE0	5	EU-RENAULT-ESPACE-III-MPV-01	HIGH	JE0标准轴距MPV外廓。	READY
7830	7830	MPV	Espace III	JE0	5	EU-RENAULT-ESPACE-III-MPV-01	HIGH	JE0标准轴距MPV外廓。	READY
15054	15054	MPV	Espace III	JE0	5	EU-RENAULT-ESPACE-III-MPV-01	HIGH	JE0标准轴距MPV外廓。	READY
10360	10360	MPV	Espace III	JE0	5	EU-RENAULT-ESPACE-III-MPV-01	HIGH	JE0标准轴距MPV外廓。	READY
17098_swb	17098	MPV	Espace IV		5	EU-RENAULT-ESPACE-IV-MPV-SWB-01	MEDIUM	标准轴距Espace车身。	READY
17098_lwb	17098	MPV	Espace IV		5	EU-RENAULT-ESPACE-IV-MPV-LWB-01	MEDIUM	Grand Espace长轴距车身。	READY
18679_swb	18679	MPV	Espace IV		5	EU-RENAULT-ESPACE-IV-MPV-SWB-01	MEDIUM	标准轴距Espace车身。	READY
18679_lwb	18679	MPV	Espace IV		5	EU-RENAULT-ESPACE-IV-MPV-LWB-01	MEDIUM	Grand Espace长轴距车身。	READY
17125_swb	17125	MPV	Espace IV		5	EU-RENAULT-ESPACE-IV-MPV-SWB-01	MEDIUM	标准轴距Espace车身。	READY
17125_lwb	17125	MPV	Espace IV		5	EU-RENAULT-ESPACE-IV-MPV-LWB-01	MEDIUM	Grand Espace长轴距车身。	READY
16869_swb	16869	MPV	Espace IV		5	EU-RENAULT-ESPACE-IV-MPV-SWB-01	MEDIUM	标准轴距Espace车身。	READY
16869_lwb	16869	MPV	Espace IV		5	EU-RENAULT-ESPACE-IV-MPV-LWB-01	MEDIUM	Grand Espace长轴距车身。	READY
16870_swb	16870	MPV	Espace IV		5	EU-RENAULT-ESPACE-IV-MPV-SWB-01	MEDIUM	标准轴距Espace车身。	READY
16870_lwb	16870	MPV	Espace IV		5	EU-RENAULT-ESPACE-IV-MPV-LWB-01	MEDIUM	Grand Espace长轴距车身。	READY
17097_swb	17097	MPV	Espace IV		5	EU-RENAULT-ESPACE-IV-MPV-SWB-01	MEDIUM	标准轴距Espace车身。	READY
17097_lwb	17097	MPV	Espace IV		5	EU-RENAULT-ESPACE-IV-MPV-LWB-01	MEDIUM	Grand Espace长轴距车身。	READY
53613_swb	53613	MPV	Espace IV		5	EU-RENAULT-ESPACE-IV-MPV-SWB-01	MEDIUM	标准轴距Espace车身。	READY
53613_lwb	53613	MPV	Espace IV		5	EU-RENAULT-ESPACE-IV-MPV-LWB-01	MEDIUM	Grand Espace长轴距车身。	READY
17096_swb	17096	MPV	Espace IV		5	EU-RENAULT-ESPACE-IV-MPV-SWB-01	MEDIUM	标准轴距Espace车身。	READY
17096_lwb	17096	MPV	Espace IV		5	EU-RENAULT-ESPACE-IV-MPV-LWB-01	MEDIUM	Grand Espace长轴距车身。	READY
111762	111762	MPV	Espace V		5	EU-RENAULT-ESPACE-V-MPV-01	HIGH	Espace V五门车身。	READY
111763	111763	MPV	Espace V		5	EU-RENAULT-ESPACE-V-MPV-01	HIGH	Espace V五门车身。	READY
111761	111761	MPV	Espace V		5	EU-RENAULT-ESPACE-V-MPV-01	HIGH	Espace V五门车身。	READY
145155	145155	MPV	Espace V		5	EU-RENAULT-ESPACE-V-MPV-01	HIGH	Espace V五门车身。	READY
154879	154879	SUV	Espace VI		5	EU-RENAULT-ESPACE-VI-SUV-01	HIGH	Espace VI五门SUV外廓。	READY
12427_lowroof	12427	Van	Estafette			EU-RENAULT-ESTAFETTE-VAN-SWB-LOWROOF-01	MEDIUM	标准轴距普通顶厢式车身。	READY
12427_highroof	12427	Van	Estafette			EU-RENAULT-ESTAFETTE-VAN-SWB-HIGHROOF-01	MEDIUM	标准轴距加高顶厢式车身。	READY
12427_lwb_highroof	12427	Van	Estafette			EU-RENAULT-ESTAFETTE-VAN-LWB-HIGHROOF-01	MEDIUM	Estafette 1000延长加高顶厢式车身。	READY
12429_lowroof	12429	Van	Estafette			EU-RENAULT-ESTAFETTE-VAN-SWB-LOWROOF-01	MEDIUM	标准轴距普通顶厢式车身。	READY
12429_highroof	12429	Van	Estafette			EU-RENAULT-ESTAFETTE-VAN-SWB-HIGHROOF-01	MEDIUM	标准轴距加高顶厢式车身。	READY
12429_lwb_highroof	12429	Van	Estafette			EU-RENAULT-ESTAFETTE-VAN-LWB-HIGHROOF-01	MEDIUM	Estafette 1000延长加高顶厢式车身。	READY
145220_van	145220	Van	Express II			EU-RENAULT-EXPRESS-II-VAN-01	MEDIUM	厢式货运车身。	READY
145220_mpv	145220	MPV	Express II		5	EU-RENAULT-EXPRESS-II-MPV-01	MEDIUM	五座乘用车身。	READY
145221_van	145221	Van	Express II			EU-RENAULT-EXPRESS-II-VAN-01	MEDIUM	厢式货运车身。	READY
145221_mpv	145221	MPV	Express II		5	EU-RENAULT-EXPRESS-II-MPV-01	MEDIUM	五座乘用车身。	READY
145222_van	145222	Van	Express II			EU-RENAULT-EXPRESS-II-VAN-01	MEDIUM	厢式货运车身。	READY
145222_mpv	145222	MPV	Express II		5	EU-RENAULT-EXPRESS-II-MPV-01	MEDIUM	五座乘用车身。	READY
113258	113258	Sedan	Fluence I	L30	4	EU-RENAULT-FLUENCE-I-SEDAN-01	HIGH	L30四门轿车外廓。	READY
154655	154655	Sedan	Fluence I	L30	4	EU-RENAULT-FLUENCE-I-SEDAN-01	HIGH	L30四门轿车外廓。	READY
107528	107528	Sedan	Fluence I	L30	4	EU-RENAULT-FLUENCE-I-SEDAN-01	HIGH	L30四门轿车外廓。	READY
5089	5089	Sedan	Fluence I	L30	4	EU-RENAULT-FLUENCE-I-SEDAN-01	HIGH	L30四门轿车外廓。	READY
124234	124234	Sedan	Fluence I	L30	4	EU-RENAULT-FLUENCE-I-SEDAN-01	HIGH	L30四门轿车外廓。	READY
107529	107529	Sedan	Fluence I	L30	4	EU-RENAULT-FLUENCE-I-SEDAN-01	HIGH	L30四门轿车外廓。	READY
124864	124864	Sedan	Fluence I	L30	4	EU-RENAULT-FLUENCE-I-SEDAN-01	HIGH	L30四门轿车外廓。	READY
17667	17667	Coupe	Fuego		3	EU-RENAULT-FUEGO-COUPE-01	HIGH	三门Coupe外廓。	READY
12300	12300	Coupe	Fuego	136	3	EU-RENAULT-FUEGO-COUPE-01	HIGH		READY
802361	802361	MPV	Grand Kangoo III		5	EU-RENAULT-GRAND-KANGOO-III-MPV-01	HIGH		READY
157171	157171	MPV	Grand Kangoo III		5	EU-RENAULT-GRAND-KANGOO-III-MPV-01	HIGH		READY
157170	157170	MPV	Grand Kangoo III		5	EU-RENAULT-GRAND-KANGOO-III-MPV-01	HIGH		READY
157169	157169	MPV	Grand Kangoo III		5	EU-RENAULT-GRAND-KANGOO-III-MPV-01	HIGH		READY
18047	18047	MPV	Grand Scénic II		5	EU-RENAULT-GRAND-SCENIC-II-MPV-PREFL-01	HIGH		READY
57769	57769	MPV	Grand Scénic II		5	EU-RENAULT-GRAND-SCENIC-II-MPV-FACELIFT-01	HIGH		READY
18048_prefl	18048	MPV	Grand Scénic II		5	EU-RENAULT-GRAND-SCENIC-II-MPV-PREFL-01	MEDIUM	生产区间覆盖改款；本行为改款前外廓。	READY
18048_facelift	18048	MPV	Grand Scénic II		5	EU-RENAULT-GRAND-SCENIC-II-MPV-FACELIFT-01	MEDIUM	生产区间覆盖改款；本行为改款后外廓。	READY
18051_prefl	18051	MPV	Grand Scénic II		5	EU-RENAULT-GRAND-SCENIC-II-MPV-PREFL-01	MEDIUM	生产区间覆盖改款；本行为改款前外廓。	READY
18051_facelift	18051	MPV	Grand Scénic II		5	EU-RENAULT-GRAND-SCENIC-II-MPV-FACELIFT-01	MEDIUM	生产区间覆盖改款；本行为改款后外廓。	READY
18049_prefl	18049	MPV	Grand Scénic II		5	EU-RENAULT-GRAND-SCENIC-II-MPV-PREFL-01	MEDIUM	生产区间覆盖改款；本行为改款前外廓。	READY
18049_facelift	18049	MPV	Grand Scénic II		5	EU-RENAULT-GRAND-SCENIC-II-MPV-FACELIFT-01	MEDIUM	生产区间覆盖改款；本行为改款后外廓。	READY
106520	106520	MPV	Grand Scénic II		5	EU-RENAULT-GRAND-SCENIC-II-MPV-FACELIFT-01	HIGH		READY
57771	57771	MPV	Grand Scénic II		5	EU-RENAULT-GRAND-SCENIC-II-MPV-FACELIFT-01	HIGH		READY
18050	18050	MPV	Grand Scénic II		5	EU-RENAULT-GRAND-SCENIC-II-MPV-PREFL-01	HIGH		READY
19038_prefl	19038	MPV	Grand Scénic II		5	EU-RENAULT-GRAND-SCENIC-II-MPV-PREFL-01	MEDIUM	生产区间覆盖改款；本行为改款前外廓。	READY
19038_facelift	19038	MPV	Grand Scénic II		5	EU-RENAULT-GRAND-SCENIC-II-MPV-FACELIFT-01	MEDIUM	生产区间覆盖改款；本行为改款后外廓。	READY
19039_prefl	19039	MPV	Grand Scénic II		5	EU-RENAULT-GRAND-SCENIC-II-MPV-PREFL-01	MEDIUM	生产区间覆盖改款；本行为改款前外廓。	READY
19039_facelift	19039	MPV	Grand Scénic II		5	EU-RENAULT-GRAND-SCENIC-II-MPV-FACELIFT-01	MEDIUM	生产区间覆盖改款；本行为改款后外廓。	READY
58575_prefl	58575	MPV	Grand Scénic II		5	EU-RENAULT-GRAND-SCENIC-II-MPV-PREFL-01	MEDIUM	生产区间覆盖改款；本行为改款前外廓。	READY
58575_facelift	58575	MPV	Grand Scénic II		5	EU-RENAULT-GRAND-SCENIC-II-MPV-FACELIFT-01	MEDIUM	生产区间覆盖改款；本行为改款后外廓。	READY
57394	57394	MPV	Grand Scénic III		5	EU-RENAULT-GRAND-SCENIC-III-MPV-FACELIFT-01	HIGH		READY
59335	59335	MPV	Grand Scénic III		5	EU-RENAULT-GRAND-SCENIC-III-MPV-FACELIFT-01	HIGH		READY
12150_prefl	12150	MPV	Grand Scénic III		5	EU-RENAULT-GRAND-SCENIC-III-MPV-PREFL-01	MEDIUM	生产区间覆盖改款；本行为改款前外廓。	READY
12150_facelift	12150	MPV	Grand Scénic III		5	EU-RENAULT-GRAND-SCENIC-III-MPV-FACELIFT-01	MEDIUM	生产区间覆盖改款；本行为改款后外廓。	READY
10528_prefl	10528	MPV	Grand Scénic III		5	EU-RENAULT-GRAND-SCENIC-III-MPV-PREFL-01	MEDIUM	生产区间覆盖改款；本行为改款前外廓。	READY
10528_facelift	10528	MPV	Grand Scénic III		5	EU-RENAULT-GRAND-SCENIC-III-MPV-FACELIFT-01	MEDIUM	生产区间覆盖改款；本行为改款后外廓。	READY
122139	122139	MPV	Grand Scénic IV		5	EU-RENAULT-GRAND-SCENIC-IV-MPV-PREFL-01	HIGH		READY
122136	122136	MPV	Grand Scénic IV		5	EU-RENAULT-GRAND-SCENIC-IV-MPV-PREFL-01	HIGH		READY
146393	146393	MPV	Grand Scénic IV		5	EU-RENAULT-GRAND-SCENIC-IV-MPV-PREFL-01	HIGH		READY
122143	122143	MPV	Grand Scénic IV		5	EU-RENAULT-GRAND-SCENIC-IV-MPV-PREFL-01	HIGH		READY
127327	127327	MPV	Grand Scénic IV		5	EU-RENAULT-GRAND-SCENIC-IV-MPV-PREFL-01	HIGH		READY
155567	155567	MPV	Grand Scénic IV		5	EU-RENAULT-GRAND-SCENIC-IV-MPV-PREFL-01	HIGH		READY
122147	122147	MPV	Grand Scénic IV		5	EU-RENAULT-GRAND-SCENIC-IV-MPV-PREFL-01	HIGH		READY
122151	122151	MPV	Grand Scénic IV		5	EU-RENAULT-GRAND-SCENIC-IV-MPV-PREFL-01	HIGH		READY
111760	111760	SUV	Kadjar I		5	EU-RENAULT-KADJAR-I-SUV-PREFL-01	HIGH		READY
145212	145212	SUV	Kadjar I		5	EU-RENAULT-KADJAR-I-SUV-FACELIFT-01	HIGH		READY
111757	111757	SUV	Kadjar I		5	EU-RENAULT-KADJAR-I-SUV-PREFL-01	HIGH		READY
111758	111758	SUV	Kadjar I		5	EU-RENAULT-KADJAR-I-SUV-PREFL-01	HIGH		READY
111759	111759	SUV	Kadjar I		5	EU-RENAULT-KADJAR-I-SUV-PREFL-01	HIGH		READY
125992	125992	SUV	Kadjar I		5	EU-RENAULT-KADJAR-I-SUV-PREFL-01	HIGH		READY
16503_mpv	16503	MPV	Kangoo I		5	EU-RENAULT-KANGOO-I-STANDARD-PREFL-01	MEDIUM	输入车身类型覆盖乘用版与厢式版；本行为改款前乘用版。	READY
16503_van	16503	Van	Kangoo I			EU-RENAULT-KANGOO-I-STANDARD-PREFL-01	MEDIUM	输入车身类型覆盖乘用版与厢式版；本行为改款前厢式版。	READY
157193	157193	MPV	Kangoo I		5	EU-RENAULT-KANGOO-I-STANDARD-PREFL-01	HIGH		READY
53301_mpv	53301	MPV	Kangoo II		5	EU-RENAULT-KANGOO-II-MPV-FACELIFT-01	MEDIUM	输入车身类型覆盖乘用版与厢式版；本行为改款后乘用版。	READY
53301_van	53301	Van	Kangoo II			EU-RENAULT-KANGOO-II-VAN-FACELIFT-01	MEDIUM	输入车身类型覆盖乘用版与厢式版；本行为改款后厢式版。	READY
53303	53303	MPV	Kangoo II		5	EU-RENAULT-KANGOO-II-MPV-FACELIFT-01	HIGH		READY
145245_mpv	145245	MPV	Kangoo III		5	EU-RENAULT-KANGOO-III-MPV-01	MEDIUM	输入车身类型覆盖乘用版与厢式版；本行为乘用版外廓。	READY
145245_van	145245	Van	Kangoo III			EU-RENAULT-KANGOO-III-VAN-L1-01	MEDIUM	输入车身类型覆盖乘用版与厢式版；本行为标准轴厢式版外廓。	READY
145246_mpv	145246	MPV	Kangoo III		5	EU-RENAULT-KANGOO-III-MPV-01	MEDIUM	输入车身类型覆盖乘用版与厢式版；本行为乘用版外廓。	READY
145246_van	145246	Van	Kangoo III			EU-RENAULT-KANGOO-III-VAN-L1-01	MEDIUM	输入车身类型覆盖乘用版与厢式版；本行为标准轴厢式版外廓。	READY
145244_mpv	145244	MPV	Kangoo III		5	EU-RENAULT-KANGOO-III-MPV-01	MEDIUM	输入车身类型覆盖乘用版与厢式版；本行为乘用版外廓。	READY
145244_van	145244	Van	Kangoo III			EU-RENAULT-KANGOO-III-VAN-L1-01	MEDIUM	输入车身类型覆盖乘用版与厢式版；本行为标准轴厢式版外廓。	READY
145242_mpv	145242	MPV	Kangoo III		5	EU-RENAULT-KANGOO-III-MPV-01	MEDIUM	输入车身类型覆盖乘用版与厢式版；本行为乘用版外廓。	READY
145242_van	145242	Van	Kangoo III			EU-RENAULT-KANGOO-III-VAN-L1-01	MEDIUM	输入车身类型覆盖乘用版与厢式版；本行为标准轴厢式版外廓。	READY
145243_mpv	145243	MPV	Kangoo III		5	EU-RENAULT-KANGOO-III-MPV-01	MEDIUM	输入车身类型覆盖乘用版与厢式版；本行为乘用版外廓。	READY
145243_van	145243	Van	Kangoo III			EU-RENAULT-KANGOO-III-VAN-L1-01	MEDIUM	输入车身类型覆盖乘用版与厢式版；本行为标准轴厢式版外廓。	READY
8842	8842	Hatchback	Kangoo Be Bop	KW	3	EU-RENAULT-KANGOO-BE-BOP-HATCHBACK-01	HIGH		READY
16555_mpv	16555	MPV	Kangoo I		5	EU-RENAULT-KANGOO-I-STANDARD-PREFL-01	MEDIUM	输入车身类型覆盖乘用版与厢式版；本行为改款前乘用版。	READY
16555_van	16555	Van	Kangoo I			EU-RENAULT-KANGOO-I-STANDARD-PREFL-01	MEDIUM	输入车身类型覆盖乘用版与厢式版；本行为改款前厢式版。	READY
16889	16889	MPV	Kangoo I		5	EU-RENAULT-KANGOO-I-STANDARD-PREFL-01	HIGH		READY
17267_mpv	17267	MPV	Kangoo I		5	EU-RENAULT-KANGOO-I-STANDARD-PREFL-01	MEDIUM	输入车身类型覆盖乘用版与厢式版；本行为改款前乘用版。	READY
17267_van	17267	Van	Kangoo I			EU-RENAULT-KANGOO-I-STANDARD-PREFL-01	MEDIUM	输入车身类型覆盖乘用版与厢式版；本行为改款前厢式版。	READY
17512_mpv	17512	MPV	Kangoo I		5	EU-RENAULT-KANGOO-I-STANDARD-FACELIFT-01	MEDIUM	输入车身类型覆盖乘用版与厢式版；本行为改款后乘用版。	READY
17512_van	17512	Van	Kangoo I			EU-RENAULT-KANGOO-I-STANDARD-FACELIFT-01	MEDIUM	输入车身类型覆盖乘用版与厢式版；本行为改款后厢式版。	READY
18618	18618	MPV	Kangoo I		5	EU-RENAULT-KANGOO-I-STANDARD-FACELIFT-01	HIGH		READY
19034	19034	MPV	Kangoo I		5	EU-RENAULT-KANGOO-I-STANDARD-FACELIFT-01	HIGH		READY
19035	19035	MPV	Kangoo I		5	EU-RENAULT-KANGOO-I-STANDARD-FACELIFT-01	HIGH		READY
34738	34738	Hatchback	Kangoo Be Bop	KW0G	3	EU-RENAULT-KANGOO-BE-BOP-HATCHBACK-01	HIGH		READY
58573	58573	MPV	Kangoo I		5	EU-RENAULT-KANGOO-I-STANDARD-FACELIFT-01	HIGH		READY
58574_prefl	58574	MPV	Kangoo II		5	EU-RENAULT-KANGOO-II-MPV-PREFL-01	MEDIUM	生产区间覆盖改款；本行为改款前乘用版外廓。	READY
58574_facelift	58574	MPV	Kangoo II		5	EU-RENAULT-KANGOO-II-MPV-FACELIFT-01	MEDIUM	生产区间覆盖改款；本行为改款后乘用版外廓。	READY
801347_mpv	801347	MPV	Kangoo II		5	EU-RENAULT-KANGOO-II-MPV-PREFL-01	MEDIUM	输入车身类型覆盖乘用版与厢式版；本行为改款前乘用版。	READY
801347_van	801347	Van	Kangoo II			EU-RENAULT-KANGOO-II-VAN-PREFL-01	MEDIUM	输入车身类型覆盖乘用版与厢式版；本行为改款前厢式版。	READY
11069_mpv_prefl	11069	MPV	Kangoo II		5	EU-RENAULT-KANGOO-II-MPV-PREFL-01	MEDIUM	输入车身类型覆盖乘用版与厢式版并跨越改款；本行为改款前乘用版。	READY
11069_van_prefl	11069	Van	Kangoo II			EU-RENAULT-KANGOO-II-VAN-PREFL-01	MEDIUM	输入车身类型覆盖乘用版与厢式版并跨越改款；本行为改款前厢式版。	READY
11069_mpv_facelift	11069	MPV	Kangoo II		5	EU-RENAULT-KANGOO-II-MPV-FACELIFT-01	MEDIUM	输入车身类型覆盖乘用版与厢式版并跨越改款；本行为改款后乘用版。	READY
11069_van_facelift	11069	Van	Kangoo II			EU-RENAULT-KANGOO-II-VAN-FACELIFT-01	MEDIUM	输入车身类型覆盖乘用版与厢式版并跨越改款；本行为改款后厢式版。	READY
15573_prefl	15573	MPV	Kangoo II		5	EU-RENAULT-KANGOO-II-MPV-PREFL-01	MEDIUM	生产区间覆盖改款；本行为改款前乘用版外廓。	READY
15573_facelift	15573	MPV	Kangoo II		5	EU-RENAULT-KANGOO-II-MPV-FACELIFT-01	MEDIUM	生产区间覆盖改款；本行为改款后乘用版外廓。	READY
108444	108444	MPV	Kangoo II		5	EU-RENAULT-KANGOO-II-MPV-FACELIFT-01	HIGH		READY
109341_mpv	109341	MPV	Kangoo II		5	EU-RENAULT-KANGOO-II-MPV-FACELIFT-01	MEDIUM	输入车身类型覆盖乘用版与厢式版；本行为改款后乘用版。	READY
109341_van	109341	Van	Kangoo II			EU-RENAULT-KANGOO-II-VAN-FACELIFT-01	MEDIUM	输入车身类型覆盖乘用版与厢式版；本行为改款后厢式版。	READY
11068_mpv_prefl	11068	MPV	Kangoo II		5	EU-RENAULT-KANGOO-II-MPV-PREFL-01	MEDIUM	输入车身类型覆盖乘用版与厢式版并跨越改款；本行为改款前乘用版。	READY
11068_van_prefl	11068	Van	Kangoo II			EU-RENAULT-KANGOO-II-VAN-PREFL-01	MEDIUM	输入车身类型覆盖乘用版与厢式版并跨越改款；本行为改款前厢式版。	READY
11068_mpv_facelift	11068	MPV	Kangoo II		5	EU-RENAULT-KANGOO-II-MPV-FACELIFT-01	MEDIUM	输入车身类型覆盖乘用版与厢式版并跨越改款；本行为改款后乘用版。	READY
11068_van_facelift	11068	Van	Kangoo II			EU-RENAULT-KANGOO-II-VAN-FACELIFT-01	MEDIUM	输入车身类型覆盖乘用版与厢式版并跨越改款；本行为改款后厢式版。	READY
11070_prefl	11070	MPV	Kangoo II		5	EU-RENAULT-KANGOO-II-MPV-PREFL-01	MEDIUM	生产区间覆盖改款；本行为改款前乘用版外廓。	READY
11070_facelift	11070	MPV	Kangoo II		5	EU-RENAULT-KANGOO-II-MPV-FACELIFT-01	MEDIUM	生产区间覆盖改款；本行为改款后乘用版外廓。	READY
58647_prefl	58647	MPV	Kangoo II		5	EU-RENAULT-KANGOO-II-MPV-PREFL-01	MEDIUM	生产区间覆盖改款；本行为改款前乘用版外廓。	READY
58647_facelift	58647	MPV	Kangoo II		5	EU-RENAULT-KANGOO-II-MPV-FACELIFT-01	MEDIUM	生产区间覆盖改款；本行为改款后乘用版外廓。	READY
58648_prefl	58648	MPV	Kangoo II		5	EU-RENAULT-KANGOO-II-MPV-PREFL-01	MEDIUM	生产区间覆盖改款；本行为改款前乘用版外廓。	READY
58648_facelift	58648	MPV	Kangoo II		5	EU-RENAULT-KANGOO-II-MPV-FACELIFT-01	MEDIUM	生产区间覆盖改款；本行为改款后乘用版外廓。	READY
128473	128473	MPV	Kangoo II		5	EU-RENAULT-KANGOO-II-MPV-FACELIFT-01	HIGH		READY
16504_mpv_prefl	16504	MPV	Kangoo I		5	EU-RENAULT-KANGOO-I-STANDARD-PREFL-01	MEDIUM	输入车身类型覆盖乘用版与厢式版并跨越改款；本行为改款前乘用版。	READY
16504_van_prefl	16504	Van	Kangoo I			EU-RENAULT-KANGOO-I-STANDARD-PREFL-01	MEDIUM	输入车身类型覆盖乘用版与厢式版并跨越改款；本行为改款前厢式版。	READY
16504_mpv_facelift	16504	MPV	Kangoo I		5	EU-RENAULT-KANGOO-I-STANDARD-FACELIFT-01	MEDIUM	输入车身类型覆盖乘用版与厢式版并跨越改款；本行为改款后乘用版。	READY
16504_van_facelift	16504	Van	Kangoo I			EU-RENAULT-KANGOO-I-STANDARD-FACELIFT-01	MEDIUM	输入车身类型覆盖乘用版与厢式版并跨越改款；本行为改款后厢式版。	READY
16501_mpv	16501	MPV	Kangoo I		5	EU-RENAULT-KANGOO-I-4X4-16V-PREFL-01	MEDIUM	输入车身类型覆盖乘用版与厢式版；本行为四驱乘用版。	READY
16501_van	16501	Van	Kangoo I			EU-RENAULT-KANGOO-I-4X4-16V-PREFL-01	MEDIUM	输入车身类型覆盖乘用版与厢式版；本行为四驱厢式版。	READY
19032	19032	MPV	Kangoo I		5	EU-RENAULT-KANGOO-I-STANDARD-FACELIFT-01	HIGH		READY
128491	128491	MPV	Kangoo II		5	EU-RENAULT-KANGOO-II-MPV-PREFL-01	HIGH		READY
18620_mpv	18620	MPV	Kangoo I		5	EU-RENAULT-KANGOO-I-STANDARD-FACELIFT-01	MEDIUM	输入车身类型覆盖乘用版与厢式版；本行为改款后乘用版。	READY
18620_van	18620	Van	Kangoo I			EU-RENAULT-KANGOO-I-STANDARD-FACELIFT-01	MEDIUM	输入车身类型覆盖乘用版与厢式版；本行为改款后厢式版。	READY
16500	16500	MPV	Kangoo I		5	EU-RENAULT-KANGOO-I-4X4-DCI-PREFL-01	HIGH		READY
16502_mpv	16502	MPV	Kangoo I		5	EU-RENAULT-KANGOO-I-4X4-DCI-PREFL-01	MEDIUM	输入车身类型覆盖乘用版与厢式版；本行为四驱乘用版。	READY
16502_van	16502	Van	Kangoo I			EU-RENAULT-KANGOO-I-4X4-DCI-PREFL-01	MEDIUM	输入车身类型覆盖乘用版与厢式版；本行为四驱厢式版。	READY
17326	17326	MPV	Kangoo I		5	EU-RENAULT-KANGOO-I-4X4-FACELIFT-01	HIGH		READY
18856_mpv	18856	MPV	Kangoo I		5	EU-RENAULT-KANGOO-I-4X4-FACELIFT-01	MEDIUM	输入车身类型覆盖乘用版与厢式版；本行为改款后四驱乘用版。	READY
18856_van	18856	Van	Kangoo I			EU-RENAULT-KANGOO-I-4X4-FACELIFT-01	MEDIUM	输入车身类型覆盖乘用版与厢式版；本行为改款后四驱厢式版。	READY
14575	14575	MPV	Kangoo I		5	EU-RENAULT-KANGOO-I-STANDARD-PREFL-01	HIGH		READY
14610_mpv	14610	MPV	Kangoo I		5	EU-RENAULT-KANGOO-I-STANDARD-PREFL-01	MEDIUM	输入车身类型覆盖乘用版与厢式版；本行为改款前乘用版。	READY
14610_van	14610	Van	Kangoo I			EU-RENAULT-KANGOO-I-STANDARD-PREFL-01	MEDIUM	输入车身类型覆盖乘用版与厢式版；本行为改款前厢式版。	READY
145982	145982	MPV	Kangoo III		5	EU-RENAULT-KANGOO-III-MPV-01	HIGH		READY
145256	145256	MPV	Kangoo III		5	EU-RENAULT-KANGOO-III-MPV-01	HIGH		READY
145226	145226	MPV	Kangoo III		5	EU-RENAULT-KANGOO-III-MPV-01	HIGH		READY
147433	147433	MPV	Kangoo III		5	EU-RENAULT-KANGOO-III-MPV-01	HIGH		READY
147565_mpv	147565	MPV	Kangoo III		5	EU-RENAULT-KANGOO-III-MPV-01	MEDIUM	输入车身类型覆盖乘用版与厢式版；本行为乘用版外廓。	READY
147565_van	147565	Van	Kangoo III			EU-RENAULT-KANGOO-III-VAN-L1-01	MEDIUM	输入车身类型覆盖乘用版与厢式版；本行为标准轴厢式版外廓。	READY
145225	145225	MPV	Kangoo III		5	EU-RENAULT-KANGOO-III-MPV-01	HIGH		READY
145224	145224	MPV	Kangoo III		5	EU-RENAULT-KANGOO-III-MPV-01	HIGH		READY
127084	127084	SUV	Koleos II		5	EU-RENAULT-KOLEOS-II-SUV-PREFL-01	HIGH		READY
144374	144374	SUV	Koleos II		5	EU-RENAULT-KOLEOS-II-SUV-FACELIFT-01	HIGH		READY
144375	144375	SUV	Koleos II		5	EU-RENAULT-KOLEOS-II-SUV-FACELIFT-01	HIGH		READY
127965	127965	SUV	Koleos II		5	EU-RENAULT-KOLEOS-II-SUV-PREFL-01	HIGH		READY
127085	127085	SUV	Koleos II		5	EU-RENAULT-KOLEOS-II-SUV-PREFL-01	HIGH		READY
59353	59353	Coupe	Laguna III		2	EU-RENAULT-LAGUNA-III-COUPE-01	HIGH		READY
16123	16123	Coupe	Laguna III		2	EU-RENAULT-LAGUNA-III-COUPE-01	HIGH		READY
11495	11495	Hatchback	Laguna I		5	EU-RENAULT-LAGUNA-I-HATCHBACK-FACELIFT-01	HIGH		READY
10694	10694	Hatchback	Laguna I		5	EU-RENAULT-LAGUNA-I-HATCHBACK-FACELIFT-01	HIGH		READY
10265	10265	Hatchback	Laguna I		5	EU-RENAULT-LAGUNA-I-HATCHBACK-FACELIFT-01	HIGH		READY
12639	12639	Hatchback	Laguna I		5	EU-RENAULT-LAGUNA-I-HATCHBACK-FACELIFT-01	HIGH		READY
7887	7887	Hatchback	Laguna I		5	EU-RENAULT-LAGUNA-I-HATCHBACK-FACELIFT-01	HIGH		READY
10267	10267	Wagon	Laguna I Grandtour		5	EU-RENAULT-LAGUNA-I-WAGON-FACELIFT-01	HIGH		READY
10266	10266	Wagon	Laguna I Grandtour		5	EU-RENAULT-LAGUNA-I-WAGON-FACELIFT-01	HIGH		READY
12640	12640	Wagon	Laguna I Grandtour		5	EU-RENAULT-LAGUNA-I-WAGON-FACELIFT-01	HIGH		READY
145945	145945	Wagon	Laguna I Grandtour		5	EU-RENAULT-LAGUNA-I-WAGON-FACELIFT-01	HIGH		READY
18891	18891	Hatchback	Laguna II		5	EU-RENAULT-LAGUNA-II-HATCHBACK-PREFL-01	HIGH		READY
15473	15473	Hatchback	Laguna II		5	EU-RENAULT-LAGUNA-II-HATCHBACK-PREFL-01	HIGH		READY
11038_l1h1_prefl	11038	MPV	Master III	JV		EU-RENAULT-MASTER-III-VAN-PREFL-L1H1-FWD-01	MEDIUM	改款前L1H1乘员车外廓。	READY
11038_l2h2_prefl	11038	MPV	Master III	JV		EU-RENAULT-MASTER-III-VAN-PREFL-L2H2-FWD-01	MEDIUM	改款前L2H2乘员车外廓。	READY
11038_l3h2_prefl	11038	MPV	Master III	JV		EU-RENAULT-MASTER-III-BUS-PREFL-L3H2-FWD-01	MEDIUM	改款前L3H2 Bus外廓。	READY
802204_single_l2_srw_prefl	802204	Pickup	Master III	X62	2	EU-RENAULT-MASTER-III-PICKUP-PREFL-SINGLE-L2-SRW-01	MEDIUM	改款前4×4单排L2单后轮底盘。	READY
802204_single_l3_srw_prefl	802204	Pickup	Master III	X62	2	EU-RENAULT-MASTER-III-PICKUP-PREFL-SINGLE-L3-SRW-01	MEDIUM	改款前4×4单排L3单后轮底盘。	READY
802204_single_l3_drw_prefl	802204	Pickup	Master III	X62	2	EU-RENAULT-MASTER-III-PICKUP-PREFL-SINGLE-L3-DRW-01	MEDIUM	改款前4×4单排L3双后轮底盘。	READY
802204_single_l4_drw_prefl	802204	Pickup	Master III	X62	2	EU-RENAULT-MASTER-III-PICKUP-PREFL-SINGLE-L4-DRW-01	MEDIUM	改款前4×4单排L4双后轮底盘。	READY
802204_double_l2_srw_prefl	802204	Pickup	Master III	X62	4	EU-RENAULT-MASTER-III-PICKUP-PREFL-DOUBLE-L2-SRW-01	MEDIUM	改款前4×4双排L2单后轮底盘。	READY
802204_double_l3_srw_prefl	802204	Pickup	Master III	X62	4	EU-RENAULT-MASTER-III-PICKUP-PREFL-DOUBLE-L3-SRW-01	MEDIUM	改款前4×4双排L3单后轮底盘。	READY
802204_double_l3_drw_prefl	802204	Pickup	Master III	X62	4	EU-RENAULT-MASTER-III-PICKUP-PREFL-DOUBLE-L3-DRW-01	MEDIUM	改款前4×4双排L3双后轮底盘。	READY
802204_double_l4_drw_prefl	802204	Pickup	Master III	X62	4	EU-RENAULT-MASTER-III-PICKUP-PREFL-DOUBLE-L4-DRW-01	MEDIUM	改款前4×4双排L4双后轮底盘。	READY
802204_single_l2_srw_facelift	802204	Pickup	Master III	X62	2	EU-RENAULT-MASTER-III-PICKUP-FACELIFT-SINGLE-L2-SRW-01	MEDIUM	2019改款后4×4单排L2单后轮底盘。	READY
802204_single_l3_srw_facelift	802204	Pickup	Master III	X62	2	EU-RENAULT-MASTER-III-PICKUP-FACELIFT-SINGLE-L3-SRW-01	MEDIUM	2019改款后4×4单排L3单后轮底盘。	READY
802204_single_l3_drw_facelift	802204	Pickup	Master III	X62	2	EU-RENAULT-MASTER-III-PICKUP-FACELIFT-SINGLE-L3-DRW-01	MEDIUM	2019改款后4×4单排L3双后轮底盘。	READY
802204_single_l4_drw_facelift	802204	Pickup	Master III	X62	2	EU-RENAULT-MASTER-III-PICKUP-FACELIFT-SINGLE-L4-DRW-01	MEDIUM	2019改款后4×4单排L4双后轮底盘。	READY
802204_double_l2_srw_facelift	802204	Pickup	Master III	X62	4	EU-RENAULT-MASTER-III-PICKUP-FACELIFT-DOUBLE-L2-SRW-01	MEDIUM	2019改款后4×4双排L2单后轮底盘。	READY
802204_double_l3_srw_facelift	802204	Pickup	Master III	X62	4	EU-RENAULT-MASTER-III-PICKUP-FACELIFT-DOUBLE-L3-SRW-01	MEDIUM	2019改款后4×4双排L3单后轮底盘。	READY
802204_double_l3_drw_facelift	802204	Pickup	Master III	X62	4	EU-RENAULT-MASTER-III-PICKUP-FACELIFT-DOUBLE-L3-DRW-01	MEDIUM	2019改款后4×4双排L3双后轮底盘。	READY
802204_double_l4_drw_facelift	802204	Pickup	Master III	X62	4	EU-RENAULT-MASTER-III-PICKUP-FACELIFT-DOUBLE-L4-DRW-01	MEDIUM	2019改款后4×4双排L4双后轮底盘。	READY
802205_l3h2_srw_prefl	802205	Van	Master III	X62		EU-RENAULT-MASTER-III-VAN-L3H2-RWD-SRW-01	MEDIUM	改款前4×4 L3H2单后轮封闭货厢。	READY
802205_l3h2_drw_prefl	802205	Van	Master III	X62		EU-RENAULT-MASTER-III-VAN-L3H2-RWD-DRW-01	MEDIUM	改款前4×4 L3H2双后轮封闭货厢。	READY
802205_l3h3_srw_prefl	802205	Van	Master III	X62		EU-RENAULT-MASTER-III-VAN-L3H3-RWD-SRW-01	MEDIUM	改款前4×4 L3H3单后轮封闭货厢。	READY
802205_l3h3_drw_prefl	802205	Van	Master III	X62		EU-RENAULT-MASTER-III-VAN-L3H3-RWD-DRW-01	MEDIUM	改款前4×4 L3H3双后轮封闭货厢。	READY
802205_l4h2_drw_prefl	802205	Van	Master III	X62		EU-RENAULT-MASTER-III-VAN-L4H2-RWD-DRW-01	MEDIUM	改款前4×4 L4H2双后轮封闭货厢。	READY
802205_l4h3_drw_prefl	802205	Van	Master III	X62		EU-RENAULT-MASTER-III-VAN-L4H3-RWD-DRW-01	MEDIUM	改款前4×4 L4H3双后轮封闭货厢。	READY
802205_l3h2_facelift	802205	Van	Master III	X62		EU-RENAULT-MASTER-III-VAN-FACELIFT-L3H2-RWD-01	MEDIUM	2019改款后4×4 L3H2封闭货厢。	READY
802205_l3h3_facelift	802205	Van	Master III	X62		EU-RENAULT-MASTER-III-VAN-FACELIFT-L3H3-RWD-01	MEDIUM	2019改款后4×4 L3H3封闭货厢。	READY
802205_l4h2_facelift	802205	Van	Master III	X62		EU-RENAULT-MASTER-III-VAN-FACELIFT-L4H2-RWD-01	MEDIUM	2019改款后4×4 L4H2封闭货厢。	READY
802205_l4h3_facelift	802205	Van	Master III	X62		EU-RENAULT-MASTER-III-VAN-FACELIFT-L4H3-RWD-01	MEDIUM	2019改款后4×4 L4H3封闭货厢。	READY
121779_l1h1_prefl	121779	Van	Master III	X62		EU-RENAULT-MASTER-III-VAN-PREFL-L1H1-FWD-01	MEDIUM	改款前L1H1前驱封闭货厢。	READY
121779_l1h1_facelift	121779	Van	Master III	X62		EU-RENAULT-MASTER-III-VAN-FACELIFT-L1H1-FWD-01	MEDIUM	2019改款后L1H1前驱封闭货厢。	READY
121779_l1h2_prefl	121779	Van	Master III	X62		EU-RENAULT-MASTER-III-VAN-PREFL-L1H2-FWD-01	MEDIUM	改款前L1H2前驱封闭货厢。	READY
121779_l1h2_facelift	121779	Van	Master III	X62		EU-RENAULT-MASTER-III-VAN-FACELIFT-L1H2-FWD-01	MEDIUM	2019改款后L1H2前驱封闭货厢。	READY
121779_l2h2_prefl	121779	Van	Master III	X62		EU-RENAULT-MASTER-III-VAN-PREFL-L2H2-FWD-01	MEDIUM	改款前L2H2前驱封闭货厢。	READY
121779_l2h2_facelift	121779	Van	Master III	X62		EU-RENAULT-MASTER-III-VAN-FACELIFT-L2H2-FWD-01	MEDIUM	2019改款后L2H2前驱封闭货厢。	READY
121779_l2h3_prefl	121779	Van	Master III	X62		EU-RENAULT-MASTER-III-VAN-PREFL-L2H3-FWD-01	MEDIUM	改款前L2H3前驱封闭货厢。	READY
121779_l2h3_facelift	121779	Van	Master III	X62		EU-RENAULT-MASTER-III-VAN-FACELIFT-L2H3-FWD-01	MEDIUM	2019改款后L2H3前驱封闭货厢。	READY
121779_l3h2_prefl	121779	Van	Master III	X62		EU-RENAULT-MASTER-III-VAN-PREFL-L3H2-FWD-01	MEDIUM	改款前L3H2前驱封闭货厢。	READY
121779_l3h2_facelift	121779	Van	Master III	X62		EU-RENAULT-MASTER-III-VAN-FACELIFT-L3H2-FWD-01	MEDIUM	2019改款后L3H2前驱封闭货厢。	READY
121779_l3h3_prefl	121779	Van	Master III	X62		EU-RENAULT-MASTER-III-VAN-PREFL-L3H3-FWD-01	MEDIUM	改款前L3H3前驱封闭货厢。	READY
121779_l3h3_facelift	121779	Van	Master III	X62		EU-RENAULT-MASTER-III-VAN-FACELIFT-L3H3-FWD-01	MEDIUM	2019改款后L3H3前驱封闭货厢。	READY
118804_l3h2_srw_prefl	118804	Van	Master III	X62		EU-RENAULT-MASTER-III-VAN-L3H2-RWD-SRW-01	MEDIUM	改款前L3H2单后轮封闭货厢。	READY
118804_l3h2_drw_prefl	118804	Van	Master III	X62		EU-RENAULT-MASTER-III-VAN-L3H2-RWD-DRW-01	MEDIUM	改款前L3H2双后轮封闭货厢。	READY
118804_l3h3_srw_prefl	118804	Van	Master III	X62		EU-RENAULT-MASTER-III-VAN-L3H3-RWD-SRW-01	MEDIUM	改款前L3H3单后轮封闭货厢。	READY
118804_l3h3_drw_prefl	118804	Van	Master III	X62		EU-RENAULT-MASTER-III-VAN-L3H3-RWD-DRW-01	MEDIUM	改款前L3H3双后轮封闭货厢。	READY
118804_l4h2_srw_prefl	118804	Van	Master III	X62		EU-RENAULT-MASTER-III-VAN-L4H2-RWD-SRW-01	MEDIUM	改款前L4H2单后轮封闭货厢。	READY
118804_l4h2_drw_prefl	118804	Van	Master III	X62		EU-RENAULT-MASTER-III-VAN-L4H2-RWD-DRW-01	MEDIUM	改款前L4H2双后轮封闭货厢。	READY
118804_l4h3_srw_prefl	118804	Van	Master III	X62		EU-RENAULT-MASTER-III-VAN-L4H3-RWD-SRW-01	MEDIUM	改款前L4H3单后轮封闭货厢。	READY
118804_l4h3_drw_prefl	118804	Van	Master III	X62		EU-RENAULT-MASTER-III-VAN-L4H3-RWD-DRW-01	MEDIUM	改款前L4H3双后轮封闭货厢。	READY
118804_l3h2_facelift	118804	Van	Master III	X62		EU-RENAULT-MASTER-III-VAN-FACELIFT-L3H2-RWD-01	MEDIUM	2019改款后L3H2封闭货厢。	READY
118804_l3h3_facelift	118804	Van	Master III	X62		EU-RENAULT-MASTER-III-VAN-FACELIFT-L3H3-RWD-01	MEDIUM	2019改款后L3H3封闭货厢。	READY
118804_l4h2_facelift	118804	Van	Master III	X62		EU-RENAULT-MASTER-III-VAN-FACELIFT-L4H2-RWD-01	MEDIUM	2019改款后L4H2封闭货厢。	READY
118804_l4h3_facelift	118804	Van	Master III	X62		EU-RENAULT-MASTER-III-VAN-FACELIFT-L4H3-RWD-01	MEDIUM	2019改款后L4H3封闭货厢。	READY
802202_l3h2_srw	802202	Van	Master III	X62		EU-RENAULT-MASTER-III-VAN-L3H2-RWD-SRW-01	MEDIUM	4×4 L3H2单后轮封闭货厢。	READY
802202_l3h2_drw	802202	Van	Master III	X62		EU-RENAULT-MASTER-III-VAN-L3H2-RWD-DRW-01	MEDIUM	4×4 L3H2双后轮封闭货厢。	READY
802202_l3h3_srw	802202	Van	Master III	X62		EU-RENAULT-MASTER-III-VAN-L3H3-RWD-SRW-01	MEDIUM	4×4 L3H3单后轮封闭货厢。	READY
802202_l3h3_drw	802202	Van	Master III	X62		EU-RENAULT-MASTER-III-VAN-L3H3-RWD-DRW-01	MEDIUM	4×4 L3H3双后轮封闭货厢。	READY
802202_l4h2_drw	802202	Van	Master III	X62		EU-RENAULT-MASTER-III-VAN-L4H2-RWD-DRW-01	MEDIUM	4×4 L4H2双后轮封闭货厢。	READY
802202_l4h3_drw	802202	Van	Master III	X62		EU-RENAULT-MASTER-III-VAN-L4H3-RWD-DRW-01	MEDIUM	4×4 L4H3双后轮封闭货厢。	READY
802203_single_l2_srw	802203	Pickup	Master III	X62	2	EU-RENAULT-MASTER-III-PICKUP-PREFL-SINGLE-L2-SRW-01	MEDIUM	4×4单排L2单后轮底盘。	READY
802203_single_l3_srw	802203	Pickup	Master III	X62	2	EU-RENAULT-MASTER-III-PICKUP-PREFL-SINGLE-L3-SRW-01	MEDIUM	4×4单排L3单后轮底盘。	READY
802203_single_l3_drw	802203	Pickup	Master III	X62	2	EU-RENAULT-MASTER-III-PICKUP-PREFL-SINGLE-L3-DRW-01	MEDIUM	4×4单排L3双后轮底盘。	READY
802203_single_l4_drw	802203	Pickup	Master III	X62	2	EU-RENAULT-MASTER-III-PICKUP-PREFL-SINGLE-L4-DRW-01	MEDIUM	4×4单排L4双后轮底盘。	READY
802203_double_l2_srw	802203	Pickup	Master III	X62	4	EU-RENAULT-MASTER-III-PICKUP-PREFL-DOUBLE-L2-SRW-01	MEDIUM	4×4双排L2单后轮底盘。	READY
802203_double_l3_srw	802203	Pickup	Master III	X62	4	EU-RENAULT-MASTER-III-PICKUP-PREFL-DOUBLE-L3-SRW-01	MEDIUM	4×4双排L3单后轮底盘。	READY
802203_double_l3_drw	802203	Pickup	Master III	X62	4	EU-RENAULT-MASTER-III-PICKUP-PREFL-DOUBLE-L3-DRW-01	MEDIUM	4×4双排L3双后轮底盘。	READY
802203_double_l4_drw	802203	Pickup	Master III	X62	4	EU-RENAULT-MASTER-III-PICKUP-PREFL-DOUBLE-L4-DRW-01	MEDIUM	4×4双排L4双后轮底盘。	READY
108154_l1h1_prefl	108154	MPV	Master III	JV		EU-RENAULT-MASTER-III-VAN-PREFL-L1H1-FWD-01	MEDIUM	改款前L1H1 Combi外廓。	READY
108154_l1h1_facelift	108154	MPV	Master III	JV		EU-RENAULT-MASTER-III-VAN-FACELIFT-L1H1-FWD-01	MEDIUM	2019改款后L1H1 Combi外廓。	READY
108154_l2h2_prefl	108154	MPV	Master III	JV		EU-RENAULT-MASTER-III-VAN-PREFL-L2H2-FWD-01	MEDIUM	改款前L2H2 Combi外廓。	READY
108154_l2h2_facelift	108154	MPV	Master III	JV		EU-RENAULT-MASTER-III-VAN-FACELIFT-L2H2-FWD-01	MEDIUM	2019改款后L2H2 Combi外廓。	READY
108252_l1h1_prefl	108252	Van	Master III	X62		EU-RENAULT-MASTER-III-VAN-PREFL-L1H1-FWD-01	MEDIUM	改款前L1H1前驱封闭货厢。	READY
108252_l1h1_facelift	108252	Van	Master III	X62		EU-RENAULT-MASTER-III-VAN-FACELIFT-L1H1-FWD-01	MEDIUM	2019改款后L1H1前驱封闭货厢。	READY
108252_l1h2_prefl	108252	Van	Master III	X62		EU-RENAULT-MASTER-III-VAN-PREFL-L1H2-FWD-01	MEDIUM	改款前L1H2前驱封闭货厢。	READY
108252_l1h2_facelift	108252	Van	Master III	X62		EU-RENAULT-MASTER-III-VAN-FACELIFT-L1H2-FWD-01	MEDIUM	2019改款后L1H2前驱封闭货厢。	READY
108252_l2h2_prefl	108252	Van	Master III	X62		EU-RENAULT-MASTER-III-VAN-PREFL-L2H2-FWD-01	MEDIUM	改款前L2H2前驱封闭货厢。	READY
108252_l2h2_facelift	108252	Van	Master III	X62		EU-RENAULT-MASTER-III-VAN-FACELIFT-L2H2-FWD-01	MEDIUM	2019改款后L2H2前驱封闭货厢。	READY
108252_l2h3_prefl	108252	Van	Master III	X62		EU-RENAULT-MASTER-III-VAN-PREFL-L2H3-FWD-01	MEDIUM	改款前L2H3前驱封闭货厢。	READY
108252_l2h3_facelift	108252	Van	Master III	X62		EU-RENAULT-MASTER-III-VAN-FACELIFT-L2H3-FWD-01	MEDIUM	2019改款后L2H3前驱封闭货厢。	READY
108252_l3h2_prefl	108252	Van	Master III	X62		EU-RENAULT-MASTER-III-VAN-PREFL-L3H2-FWD-01	MEDIUM	改款前L3H2前驱封闭货厢。	READY
108252_l3h2_facelift	108252	Van	Master III	X62		EU-RENAULT-MASTER-III-VAN-FACELIFT-L3H2-FWD-01	MEDIUM	2019改款后L3H2前驱封闭货厢。	READY
108252_l3h3_prefl	108252	Van	Master III	X62		EU-RENAULT-MASTER-III-VAN-PREFL-L3H3-FWD-01	MEDIUM	改款前L3H3前驱封闭货厢。	READY
108252_l3h3_facelift	108252	Van	Master III	X62		EU-RENAULT-MASTER-III-VAN-FACELIFT-L3H3-FWD-01	MEDIUM	2019改款后L3H3前驱封闭货厢。	READY
123447_platform_l2h1_prefl	123447	Pickup	Master III	X62	2	EU-RENAULT-MASTER-III-PICKUP-PREFL-PLATFORM-L2H1-FWD-01	MEDIUM	改款前Platform-cab L2H1。	READY
123447_platform_l2h1_facelift	123447	Pickup	Master III	X62	2	EU-RENAULT-MASTER-III-PICKUP-FACELIFT-PLATFORM-L2H1-FWD-01	MEDIUM	2019改款后Platform-cab L2H1。	READY
123447_platform_l2h2_prefl	123447	Pickup	Master III	X62	2	EU-RENAULT-MASTER-III-PICKUP-PREFL-PLATFORM-L2H2-FWD-01	MEDIUM	改款前Platform-cab L2H2。	READY
123447_platform_l2h2_facelift	123447	Pickup	Master III	X62	2	EU-RENAULT-MASTER-III-PICKUP-FACELIFT-PLATFORM-L2H2-FWD-01	MEDIUM	2019改款后Platform-cab L2H2。	READY
123447_platform_l3h1_prefl	123447	Pickup	Master III	X62	2	EU-RENAULT-MASTER-III-PICKUP-PREFL-PLATFORM-L3H1-FWD-01	MEDIUM	改款前Platform-cab L3H1。	READY
123447_platform_l3h1_facelift	123447	Pickup	Master III	X62	2	EU-RENAULT-MASTER-III-PICKUP-FACELIFT-PLATFORM-L3H1-FWD-01	MEDIUM	2019改款后Platform-cab L3H1。	READY
123447_platform_l3h2_prefl	123447	Pickup	Master III	X62	2	EU-RENAULT-MASTER-III-PICKUP-PREFL-PLATFORM-L3H2-FWD-01	MEDIUM	改款前Platform-cab L3H2。	READY
123447_platform_l3h2_facelift	123447	Pickup	Master III	X62	2	EU-RENAULT-MASTER-III-PICKUP-FACELIFT-PLATFORM-L3H2-FWD-01	MEDIUM	2019改款后Platform-cab L3H2。	READY
123447_single_l2_prefl	123447	Pickup	Master III	X62	2	EU-RENAULT-MASTER-III-PICKUP-PREFL-SINGLE-L2-SRW-01	MEDIUM	改款前前驱单排L2底盘驾驶室。	READY
123447_single_l2_facelift	123447	Pickup	Master III	X62	2	EU-RENAULT-MASTER-III-PICKUP-FACELIFT-SINGLE-L2-SRW-01	MEDIUM	2019改款后前驱单排L2底盘驾驶室。	READY
123447_single_l3_prefl	123447	Pickup	Master III	X62	2	EU-RENAULT-MASTER-III-PICKUP-PREFL-SINGLE-L3-SRW-01	MEDIUM	改款前前驱单排L3底盘驾驶室。	READY
123447_single_l3_facelift	123447	Pickup	Master III	X62	2	EU-RENAULT-MASTER-III-PICKUP-FACELIFT-SINGLE-L3-SRW-01	MEDIUM	2019改款后前驱单排L3底盘驾驶室。	READY
123447_double_l2_prefl	123447	Pickup	Master III	X62	4	EU-RENAULT-MASTER-III-PICKUP-PREFL-DOUBLE-L2-SRW-01	MEDIUM	改款前前驱双排L2底盘驾驶室。	READY
123447_double_l2_facelift	123447	Pickup	Master III	X62	4	EU-RENAULT-MASTER-III-PICKUP-FACELIFT-DOUBLE-L2-SRW-01	MEDIUM	2019改款后前驱双排L2底盘驾驶室。	READY
123447_double_l3_prefl	123447	Pickup	Master III	X62	4	EU-RENAULT-MASTER-III-PICKUP-PREFL-DOUBLE-L3-SRW-01	MEDIUM	改款前前驱双排L3底盘驾驶室。	READY
123447_double_l3_facelift	123447	Pickup	Master III	X62	4	EU-RENAULT-MASTER-III-PICKUP-FACELIFT-DOUBLE-L3-SRW-01	MEDIUM	2019改款后前驱双排L3底盘驾驶室。	READY
108153_l3h2_srw	108153	Van	Master III	X62		EU-RENAULT-MASTER-III-VAN-L3H2-RWD-SRW-01	MEDIUM	后驱L3H2单后轮封闭货厢。	READY
108153_l3h2_drw	108153	Van	Master III	X62		EU-RENAULT-MASTER-III-VAN-L3H2-RWD-DRW-01	MEDIUM	后驱L3H2双后轮封闭货厢。	READY
108153_l3h3_srw	108153	Van	Master III	X62		EU-RENAULT-MASTER-III-VAN-L3H3-RWD-SRW-01	MEDIUM	后驱L3H3单后轮封闭货厢。	READY
108153_l3h3_drw	108153	Van	Master III	X62		EU-RENAULT-MASTER-III-VAN-L3H3-RWD-DRW-01	MEDIUM	后驱L3H3双后轮封闭货厢。	READY
108153_l4h2_srw	108153	Van	Master III	X62		EU-RENAULT-MASTER-III-VAN-L4H2-RWD-SRW-01	MEDIUM	后驱L4H2单后轮封闭货厢。	READY
108153_l4h2_drw	108153	Van	Master III	X62		EU-RENAULT-MASTER-III-VAN-L4H2-RWD-DRW-01	MEDIUM	后驱L4H2双后轮封闭货厢。	READY
108153_l4h3_srw	108153	Van	Master III	X62		EU-RENAULT-MASTER-III-VAN-L4H3-RWD-SRW-01	MEDIUM	后驱L4H3单后轮封闭货厢。	READY
108153_l4h3_drw	108153	Van	Master III	X62		EU-RENAULT-MASTER-III-VAN-L4H3-RWD-DRW-01	MEDIUM	后驱L4H3双后轮封闭货厢。	READY
108177_single_l2_srw	108177	Pickup	Master III	X62	2	EU-RENAULT-MASTER-III-PICKUP-PREFL-SINGLE-L2-SRW-01	MEDIUM	后驱单排L2单后轮底盘。	READY
108177_single_l3_srw	108177	Pickup	Master III	X62	2	EU-RENAULT-MASTER-III-PICKUP-PREFL-SINGLE-L3-SRW-01	MEDIUM	后驱单排L3单后轮底盘。	READY
108177_single_l3_drw	108177	Pickup	Master III	X62	2	EU-RENAULT-MASTER-III-PICKUP-PREFL-SINGLE-L3-DRW-01	MEDIUM	后驱单排L3双后轮底盘。	READY
108177_single_l4_drw	108177	Pickup	Master III	X62	2	EU-RENAULT-MASTER-III-PICKUP-PREFL-SINGLE-L4-DRW-01	MEDIUM	后驱单排L4双后轮底盘。	READY
108177_double_l2_srw	108177	Pickup	Master III	X62	4	EU-RENAULT-MASTER-III-PICKUP-PREFL-DOUBLE-L2-SRW-01	MEDIUM	后驱双排L2单后轮底盘。	READY
108177_double_l3_srw	108177	Pickup	Master III	X62	4	EU-RENAULT-MASTER-III-PICKUP-PREFL-DOUBLE-L3-SRW-01	MEDIUM	后驱双排L3单后轮底盘。	READY
108177_double_l3_drw	108177	Pickup	Master III	X62	4	EU-RENAULT-MASTER-III-PICKUP-PREFL-DOUBLE-L3-DRW-01	MEDIUM	后驱双排L3双后轮底盘。	READY
108177_double_l4_drw	108177	Pickup	Master III	X62	4	EU-RENAULT-MASTER-III-PICKUP-PREFL-DOUBLE-L4-DRW-01	MEDIUM	后驱双排L4双后轮底盘。	READY
155738_single_l2_srw_prefl	155738	Pickup	Master III	X62	2	EU-RENAULT-MASTER-III-PICKUP-PREFL-SINGLE-L2-SRW-01	MEDIUM	改款前4×4单排L2单后轮底盘。	READY
155738_single_l3_srw_prefl	155738	Pickup	Master III	X62	2	EU-RENAULT-MASTER-III-PICKUP-PREFL-SINGLE-L3-SRW-01	MEDIUM	改款前4×4单排L3单后轮底盘。	READY
155738_single_l3_drw_prefl	155738	Pickup	Master III	X62	2	EU-RENAULT-MASTER-III-PICKUP-PREFL-SINGLE-L3-DRW-01	MEDIUM	改款前4×4单排L3双后轮底盘。	READY
155738_single_l4_drw_prefl	155738	Pickup	Master III	X62	2	EU-RENAULT-MASTER-III-PICKUP-PREFL-SINGLE-L4-DRW-01	MEDIUM	改款前4×4单排L4双后轮底盘。	READY
155738_double_l2_srw_prefl	155738	Pickup	Master III	X62	4	EU-RENAULT-MASTER-III-PICKUP-PREFL-DOUBLE-L2-SRW-01	MEDIUM	改款前4×4双排L2单后轮底盘。	READY
155738_double_l3_srw_prefl	155738	Pickup	Master III	X62	4	EU-RENAULT-MASTER-III-PICKUP-PREFL-DOUBLE-L3-SRW-01	MEDIUM	改款前4×4双排L3单后轮底盘。	READY
155738_double_l3_drw_prefl	155738	Pickup	Master III	X62	4	EU-RENAULT-MASTER-III-PICKUP-PREFL-DOUBLE-L3-DRW-01	MEDIUM	改款前4×4双排L3双后轮底盘。	READY
155738_double_l4_drw_prefl	155738	Pickup	Master III	X62	4	EU-RENAULT-MASTER-III-PICKUP-PREFL-DOUBLE-L4-DRW-01	MEDIUM	改款前4×4双排L4双后轮底盘。	READY
155738_single_l2_srw_facelift	155738	Pickup	Master III	X62	2	EU-RENAULT-MASTER-III-PICKUP-FACELIFT-SINGLE-L2-SRW-01	MEDIUM	2019改款后4×4单排L2单后轮底盘。	READY
155738_single_l3_srw_facelift	155738	Pickup	Master III	X62	2	EU-RENAULT-MASTER-III-PICKUP-FACELIFT-SINGLE-L3-SRW-01	MEDIUM	2019改款后4×4单排L3单后轮底盘。	READY
155738_single_l3_drw_facelift	155738	Pickup	Master III	X62	2	EU-RENAULT-MASTER-III-PICKUP-FACELIFT-SINGLE-L3-DRW-01	MEDIUM	2019改款后4×4单排L3双后轮底盘。	READY
155738_single_l4_drw_facelift	155738	Pickup	Master III	X62	2	EU-RENAULT-MASTER-III-PICKUP-FACELIFT-SINGLE-L4-DRW-01	MEDIUM	2019改款后4×4单排L4双后轮底盘。	READY
155738_double_l2_srw_facelift	155738	Pickup	Master III	X62	4	EU-RENAULT-MASTER-III-PICKUP-FACELIFT-DOUBLE-L2-SRW-01	MEDIUM	2019改款后4×4双排L2单后轮底盘。	READY
155738_double_l3_srw_facelift	155738	Pickup	Master III	X62	4	EU-RENAULT-MASTER-III-PICKUP-FACELIFT-DOUBLE-L3-SRW-01	MEDIUM	2019改款后4×4双排L3单后轮底盘。	READY
155738_double_l3_drw_facelift	155738	Pickup	Master III	X62	4	EU-RENAULT-MASTER-III-PICKUP-FACELIFT-DOUBLE-L3-DRW-01	MEDIUM	2019改款后4×4双排L3双后轮底盘。	READY
155738_double_l4_drw_facelift	155738	Pickup	Master III	X62	4	EU-RENAULT-MASTER-III-PICKUP-FACELIFT-DOUBLE-L4-DRW-01	MEDIUM	2019改款后4×4双排L4双后轮底盘。	READY
155740_l3h2_srw_prefl	155740	Van	Master III	X62		EU-RENAULT-MASTER-III-VAN-L3H2-RWD-SRW-01	MEDIUM	改款前4×4 L3H2单后轮封闭货厢。	READY
155740_l3h2_drw_prefl	155740	Van	Master III	X62		EU-RENAULT-MASTER-III-VAN-L3H2-RWD-DRW-01	MEDIUM	改款前4×4 L3H2双后轮封闭货厢。	READY
155740_l3h3_srw_prefl	155740	Van	Master III	X62		EU-RENAULT-MASTER-III-VAN-L3H3-RWD-SRW-01	MEDIUM	改款前4×4 L3H3单后轮封闭货厢。	READY
155740_l3h3_drw_prefl	155740	Van	Master III	X62		EU-RENAULT-MASTER-III-VAN-L3H3-RWD-DRW-01	MEDIUM	改款前4×4 L3H3双后轮封闭货厢。	READY
155740_l4h2_srw_prefl	155740	Van	Master III	X62		EU-RENAULT-MASTER-III-VAN-L4H2-RWD-SRW-01	MEDIUM	改款前4×4 L4H2单后轮封闭货厢。	READY
155740_l4h2_drw_prefl	155740	Van	Master III	X62		EU-RENAULT-MASTER-III-VAN-L4H2-RWD-DRW-01	MEDIUM	改款前4×4 L4H2双后轮封闭货厢。	READY
155740_l4h3_srw_prefl	155740	Van	Master III	X62		EU-RENAULT-MASTER-III-VAN-L4H3-RWD-SRW-01	MEDIUM	改款前4×4 L4H3单后轮封闭货厢。	READY
155740_l4h3_drw_prefl	155740	Van	Master III	X62		EU-RENAULT-MASTER-III-VAN-L4H3-RWD-DRW-01	MEDIUM	改款前4×4 L4H3双后轮封闭货厢。	READY
155740_l3h2_facelift	155740	Van	Master III	X62		EU-RENAULT-MASTER-III-VAN-FACELIFT-L3H2-RWD-01	MEDIUM	2019改款后4×4 L3H2封闭货厢。	READY
155740_l3h3_facelift	155740	Van	Master III	X62		EU-RENAULT-MASTER-III-VAN-FACELIFT-L3H3-RWD-01	MEDIUM	2019改款后4×4 L3H3封闭货厢。	READY
155740_l4h2_facelift	155740	Van	Master III	X62		EU-RENAULT-MASTER-III-VAN-FACELIFT-L4H2-RWD-01	MEDIUM	2019改款后4×4 L4H2封闭货厢。	READY
155740_l4h3_facelift	155740	Van	Master III	X62		EU-RENAULT-MASTER-III-VAN-FACELIFT-L4H3-RWD-01	MEDIUM	2019改款后4×4 L4H3封闭货厢。	READY
11043_l1h1_prefl	11043	MPV	Master III	JV		EU-RENAULT-MASTER-III-VAN-PREFL-L1H1-FWD-01	MEDIUM	改款前L1H1 Combi外廓。	READY
11043_l1h1_facelift	11043	MPV	Master III	JV		EU-RENAULT-MASTER-III-VAN-FACELIFT-L1H1-FWD-01	MEDIUM	2019改款后L1H1 Combi外廓。	READY
11043_l2h2_prefl	11043	MPV	Master III	JV		EU-RENAULT-MASTER-III-VAN-PREFL-L2H2-FWD-01	MEDIUM	改款前L2H2 Combi外廓。	READY
11043_l2h2_facelift	11043	MPV	Master III	JV		EU-RENAULT-MASTER-III-VAN-FACELIFT-L2H2-FWD-01	MEDIUM	2019改款后L2H2 Combi外廓。	READY
11043_l3h2_prefl	11043	MPV	Master III	JV		EU-RENAULT-MASTER-III-BUS-PREFL-L3H2-FWD-01	MEDIUM	改款前L3H2 Bus外廓。	READY
11043_l3h2_facelift	11043	MPV	Master III	JV		EU-RENAULT-MASTER-III-BUS-FACELIFT-L3H2-FWD-01	MEDIUM	2019改款后L3H2 Bus外廓。	READY
58900_l1h1_prefl	58900	Van	Master III	X62		EU-RENAULT-MASTER-III-VAN-PREFL-L1H1-FWD-01	MEDIUM	改款前L1H1前驱封闭货厢。	READY
58900_l1h1_facelift	58900	Van	Master III	X62		EU-RENAULT-MASTER-III-VAN-FACELIFT-L1H1-FWD-01	MEDIUM	2019改款后L1H1前驱封闭货厢。	READY
58900_l1h2_prefl	58900	Van	Master III	X62		EU-RENAULT-MASTER-III-VAN-PREFL-L1H2-FWD-01	MEDIUM	改款前L1H2前驱封闭货厢。	READY
58900_l1h2_facelift	58900	Van	Master III	X62		EU-RENAULT-MASTER-III-VAN-FACELIFT-L1H2-FWD-01	MEDIUM	2019改款后L1H2前驱封闭货厢。	READY
58900_l2h2_prefl	58900	Van	Master III	X62		EU-RENAULT-MASTER-III-VAN-PREFL-L2H2-FWD-01	MEDIUM	改款前L2H2前驱封闭货厢。	READY
58900_l2h2_facelift	58900	Van	Master III	X62		EU-RENAULT-MASTER-III-VAN-FACELIFT-L2H2-FWD-01	MEDIUM	2019改款后L2H2前驱封闭货厢。	READY
58900_l2h3_prefl	58900	Van	Master III	X62		EU-RENAULT-MASTER-III-VAN-PREFL-L2H3-FWD-01	MEDIUM	改款前L2H3前驱封闭货厢。	READY
58900_l2h3_facelift	58900	Van	Master III	X62		EU-RENAULT-MASTER-III-VAN-FACELIFT-L2H3-FWD-01	MEDIUM	2019改款后L2H3前驱封闭货厢。	READY
58900_l3h2_prefl	58900	Van	Master III	X62		EU-RENAULT-MASTER-III-VAN-PREFL-L3H2-FWD-01	MEDIUM	改款前L3H2前驱封闭货厢。	READY
58900_l3h2_facelift	58900	Van	Master III	X62		EU-RENAULT-MASTER-III-VAN-FACELIFT-L3H2-FWD-01	MEDIUM	2019改款后L3H2前驱封闭货厢。	READY
58900_l3h3_prefl	58900	Van	Master III	X62		EU-RENAULT-MASTER-III-VAN-PREFL-L3H3-FWD-01	MEDIUM	改款前L3H3前驱封闭货厢。	READY
58900_l3h3_facelift	58900	Van	Master III	X62		EU-RENAULT-MASTER-III-VAN-FACELIFT-L3H3-FWD-01	MEDIUM	2019改款后L3H3前驱封闭货厢。	READY
58903_platform_l2h1_prefl	58903	Pickup	Master III	X62	2	EU-RENAULT-MASTER-III-PICKUP-PREFL-PLATFORM-L2H1-FWD-01	MEDIUM	改款前Platform-cab L2H1。	READY
58903_platform_l2h1_facelift	58903	Pickup	Master III	X62	2	EU-RENAULT-MASTER-III-PICKUP-FACELIFT-PLATFORM-L2H1-FWD-01	MEDIUM	2019改款后Platform-cab L2H1。	READY
58903_platform_l2h2_prefl	58903	Pickup	Master III	X62	2	EU-RENAULT-MASTER-III-PICKUP-PREFL-PLATFORM-L2H2-FWD-01	MEDIUM	改款前Platform-cab L2H2。	READY
58903_platform_l2h2_facelift	58903	Pickup	Master III	X62	2	EU-RENAULT-MASTER-III-PICKUP-FACELIFT-PLATFORM-L2H2-FWD-01	MEDIUM	2019改款后Platform-cab L2H2。	READY
58903_platform_l3h1_prefl	58903	Pickup	Master III	X62	2	EU-RENAULT-MASTER-III-PICKUP-PREFL-PLATFORM-L3H1-FWD-01	MEDIUM	改款前Platform-cab L3H1。	READY
58903_platform_l3h1_facelift	58903	Pickup	Master III	X62	2	EU-RENAULT-MASTER-III-PICKUP-FACELIFT-PLATFORM-L3H1-FWD-01	MEDIUM	2019改款后Platform-cab L3H1。	READY
58903_platform_l3h2_prefl	58903	Pickup	Master III	X62	2	EU-RENAULT-MASTER-III-PICKUP-PREFL-PLATFORM-L3H2-FWD-01	MEDIUM	改款前Platform-cab L3H2。	READY
58903_platform_l3h2_facelift	58903	Pickup	Master III	X62	2	EU-RENAULT-MASTER-III-PICKUP-FACELIFT-PLATFORM-L3H2-FWD-01	MEDIUM	2019改款后Platform-cab L3H2。	READY
58903_single_l2_prefl	58903	Pickup	Master III	X62	2	EU-RENAULT-MASTER-III-PICKUP-PREFL-SINGLE-L2-SRW-01	MEDIUM	改款前前驱单排L2底盘驾驶室。	READY
58903_single_l2_facelift	58903	Pickup	Master III	X62	2	EU-RENAULT-MASTER-III-PICKUP-FACELIFT-SINGLE-L2-SRW-01	MEDIUM	2019改款后前驱单排L2底盘驾驶室。	READY
58903_single_l3_prefl	58903	Pickup	Master III	X62	2	EU-RENAULT-MASTER-III-PICKUP-PREFL-SINGLE-L3-SRW-01	MEDIUM	改款前前驱单排L3底盘驾驶室。	READY
58903_single_l3_facelift	58903	Pickup	Master III	X62	2	EU-RENAULT-MASTER-III-PICKUP-FACELIFT-SINGLE-L3-SRW-01	MEDIUM	2019改款后前驱单排L3底盘驾驶室。	READY
58903_double_l2_prefl	58903	Pickup	Master III	X62	4	EU-RENAULT-MASTER-III-PICKUP-PREFL-DOUBLE-L2-SRW-01	MEDIUM	改款前前驱双排L2底盘驾驶室。	READY
58903_double_l2_facelift	58903	Pickup	Master III	X62	4	EU-RENAULT-MASTER-III-PICKUP-FACELIFT-DOUBLE-L2-SRW-01	MEDIUM	2019改款后前驱双排L2底盘驾驶室。	READY
58903_double_l3_prefl	58903	Pickup	Master III	X62	4	EU-RENAULT-MASTER-III-PICKUP-PREFL-DOUBLE-L3-SRW-01	MEDIUM	改款前前驱双排L3底盘驾驶室。	READY
58903_double_l3_facelift	58903	Pickup	Master III	X62	4	EU-RENAULT-MASTER-III-PICKUP-FACELIFT-DOUBLE-L3-SRW-01	MEDIUM	2019改款后前驱双排L3底盘驾驶室。	READY
59333_l3h2_prefl	59333	MPV	Master III	JV		EU-RENAULT-MASTER-III-BUS-PREFL-L3H2-FWD-01	MEDIUM	改款前L3H2 Minibus外廓。	READY
59333_l3h2_facelift	59333	MPV	Master III	JV		EU-RENAULT-MASTER-III-BUS-FACELIFT-L3H2-FWD-01	MEDIUM	2019改款后L3H2 Bus外廓。	READY
58901_l3h2_srw	58901	Van	Master III	X62		EU-RENAULT-MASTER-III-VAN-L3H2-RWD-SRW-01	MEDIUM	后驱L3H2单后轮封闭货厢。	READY
58901_l3h2_drw	58901	Van	Master III	X62		EU-RENAULT-MASTER-III-VAN-L3H2-RWD-DRW-01	MEDIUM	后驱L3H2双后轮封闭货厢。	READY
58901_l3h3_srw	58901	Van	Master III	X62		EU-RENAULT-MASTER-III-VAN-L3H3-RWD-SRW-01	MEDIUM	后驱L3H3单后轮封闭货厢。	READY
58901_l3h3_drw	58901	Van	Master III	X62		EU-RENAULT-MASTER-III-VAN-L3H3-RWD-DRW-01	MEDIUM	后驱L3H3双后轮封闭货厢。	READY
58901_l4h2_srw	58901	Van	Master III	X62		EU-RENAULT-MASTER-III-VAN-L4H2-RWD-SRW-01	MEDIUM	后驱L4H2单后轮封闭货厢。	READY
58901_l4h2_drw	58901	Van	Master III	X62		EU-RENAULT-MASTER-III-VAN-L4H2-RWD-DRW-01	MEDIUM	后驱L4H2双后轮封闭货厢。	READY
58901_l4h3_srw	58901	Van	Master III	X62		EU-RENAULT-MASTER-III-VAN-L4H3-RWD-SRW-01	MEDIUM	后驱L4H3单后轮封闭货厢。	READY
58901_l4h3_drw	58901	Van	Master III	X62		EU-RENAULT-MASTER-III-VAN-L4H3-RWD-DRW-01	MEDIUM	后驱L4H3双后轮封闭货厢。	READY
58904_single_l2_srw	58904	Pickup	Master III	X62	2	EU-RENAULT-MASTER-III-PICKUP-PREFL-SINGLE-L2-SRW-01	MEDIUM	后驱单排L2单后轮底盘。	READY
58904_single_l3_srw	58904	Pickup	Master III	X62	2	EU-RENAULT-MASTER-III-PICKUP-PREFL-SINGLE-L3-SRW-01	MEDIUM	后驱单排L3单后轮底盘。	READY
58904_single_l3_drw	58904	Pickup	Master III	X62	2	EU-RENAULT-MASTER-III-PICKUP-PREFL-SINGLE-L3-DRW-01	MEDIUM	后驱单排L3双后轮底盘。	READY
58904_single_l4_drw	58904	Pickup	Master III	X62	2	EU-RENAULT-MASTER-III-PICKUP-PREFL-SINGLE-L4-DRW-01	MEDIUM	后驱单排L4双后轮底盘。	READY
58904_double_l2_srw	58904	Pickup	Master III	X62	4	EU-RENAULT-MASTER-III-PICKUP-PREFL-DOUBLE-L2-SRW-01	MEDIUM	后驱双排L2单后轮底盘。	READY
58904_double_l3_srw	58904	Pickup	Master III	X62	4	EU-RENAULT-MASTER-III-PICKUP-PREFL-DOUBLE-L3-SRW-01	MEDIUM	后驱双排L3单后轮底盘。	READY
58904_double_l3_drw	58904	Pickup	Master III	X62	4	EU-RENAULT-MASTER-III-PICKUP-PREFL-DOUBLE-L3-DRW-01	MEDIUM	后驱双排L3双后轮底盘。	READY
58904_double_l4_drw	58904	Pickup	Master III	X62	4	EU-RENAULT-MASTER-III-PICKUP-PREFL-DOUBLE-L4-DRW-01	MEDIUM	后驱双排L4双后轮底盘。	READY
155737_single_l2_srw_prefl	155737	Pickup	Master III	X62	2	EU-RENAULT-MASTER-III-PICKUP-PREFL-SINGLE-L2-SRW-01	MEDIUM	改款前4×4单排L2单后轮底盘。	READY
155737_single_l3_srw_prefl	155737	Pickup	Master III	X62	2	EU-RENAULT-MASTER-III-PICKUP-PREFL-SINGLE-L3-SRW-01	MEDIUM	改款前4×4单排L3单后轮底盘。	READY
155737_single_l3_drw_prefl	155737	Pickup	Master III	X62	2	EU-RENAULT-MASTER-III-PICKUP-PREFL-SINGLE-L3-DRW-01	MEDIUM	改款前4×4单排L3双后轮底盘。	READY
155737_single_l4_drw_prefl	155737	Pickup	Master III	X62	2	EU-RENAULT-MASTER-III-PICKUP-PREFL-SINGLE-L4-DRW-01	MEDIUM	改款前4×4单排L4双后轮底盘。	READY
155737_double_l2_srw_prefl	155737	Pickup	Master III	X62	4	EU-RENAULT-MASTER-III-PICKUP-PREFL-DOUBLE-L2-SRW-01	MEDIUM	改款前4×4双排L2单后轮底盘。	READY
155737_double_l3_srw_prefl	155737	Pickup	Master III	X62	4	EU-RENAULT-MASTER-III-PICKUP-PREFL-DOUBLE-L3-SRW-01	MEDIUM	改款前4×4双排L3单后轮底盘。	READY
155737_double_l3_drw_prefl	155737	Pickup	Master III	X62	4	EU-RENAULT-MASTER-III-PICKUP-PREFL-DOUBLE-L3-DRW-01	MEDIUM	改款前4×4双排L3双后轮底盘。	READY
155737_double_l4_drw_prefl	155737	Pickup	Master III	X62	4	EU-RENAULT-MASTER-III-PICKUP-PREFL-DOUBLE-L4-DRW-01	MEDIUM	改款前4×4双排L4双后轮底盘。	READY
155737_single_l2_srw_facelift	155737	Pickup	Master III	X62	2	EU-RENAULT-MASTER-III-PICKUP-FACELIFT-SINGLE-L2-SRW-01	MEDIUM	2019改款后4×4单排L2单后轮底盘。	READY
155737_single_l3_srw_facelift	155737	Pickup	Master III	X62	2	EU-RENAULT-MASTER-III-PICKUP-FACELIFT-SINGLE-L3-SRW-01	MEDIUM	2019改款后4×4单排L3单后轮底盘。	READY
155737_single_l3_drw_facelift	155737	Pickup	Master III	X62	2	EU-RENAULT-MASTER-III-PICKUP-FACELIFT-SINGLE-L3-DRW-01	MEDIUM	2019改款后4×4单排L3双后轮底盘。	READY
155737_single_l4_drw_facelift	155737	Pickup	Master III	X62	2	EU-RENAULT-MASTER-III-PICKUP-FACELIFT-SINGLE-L4-DRW-01	MEDIUM	2019改款后4×4单排L4双后轮底盘。	READY
155737_double_l2_srw_facelift	155737	Pickup	Master III	X62	4	EU-RENAULT-MASTER-III-PICKUP-FACELIFT-DOUBLE-L2-SRW-01	MEDIUM	2019改款后4×4双排L2单后轮底盘。	READY
155737_double_l3_srw_facelift	155737	Pickup	Master III	X62	4	EU-RENAULT-MASTER-III-PICKUP-FACELIFT-DOUBLE-L3-SRW-01	MEDIUM	2019改款后4×4双排L3单后轮底盘。	READY
155737_double_l3_drw_facelift	155737	Pickup	Master III	X62	4	EU-RENAULT-MASTER-III-PICKUP-FACELIFT-DOUBLE-L3-DRW-01	MEDIUM	2019改款后4×4双排L3双后轮底盘。	READY
155737_double_l4_drw_facelift	155737	Pickup	Master III	X62	4	EU-RENAULT-MASTER-III-PICKUP-FACELIFT-DOUBLE-L4-DRW-01	MEDIUM	2019改款后4×4双排L4双后轮底盘。	READY
155739_l3h2_srw_prefl	155739	Van	Master III	X62		EU-RENAULT-MASTER-III-VAN-L3H2-RWD-SRW-01	MEDIUM	改款前4×4 L3H2单后轮封闭货厢。	READY
155739_l3h2_drw_prefl	155739	Van	Master III	X62		EU-RENAULT-MASTER-III-VAN-L3H2-RWD-DRW-01	MEDIUM	改款前4×4 L3H2双后轮封闭货厢。	READY
155739_l3h3_srw_prefl	155739	Van	Master III	X62		EU-RENAULT-MASTER-III-VAN-L3H3-RWD-SRW-01	MEDIUM	改款前4×4 L3H3单后轮封闭货厢。	READY
155739_l3h3_drw_prefl	155739	Van	Master III	X62		EU-RENAULT-MASTER-III-VAN-L3H3-RWD-DRW-01	MEDIUM	改款前4×4 L3H3双后轮封闭货厢。	READY
155739_l4h2_srw_prefl	155739	Van	Master III	X62		EU-RENAULT-MASTER-III-VAN-L4H2-RWD-SRW-01	MEDIUM	改款前4×4 L4H2单后轮封闭货厢。	READY
155739_l4h2_drw_prefl	155739	Van	Master III	X62		EU-RENAULT-MASTER-III-VAN-L4H2-RWD-DRW-01	MEDIUM	改款前4×4 L4H2双后轮封闭货厢。	READY
155739_l4h3_srw_prefl	155739	Van	Master III	X62		EU-RENAULT-MASTER-III-VAN-L4H3-RWD-SRW-01	MEDIUM	改款前4×4 L4H3单后轮封闭货厢。	READY
155739_l4h3_drw_prefl	155739	Van	Master III	X62		EU-RENAULT-MASTER-III-VAN-L4H3-RWD-DRW-01	MEDIUM	改款前4×4 L4H3双后轮封闭货厢。	READY
155739_l3h2_facelift	155739	Van	Master III	X62		EU-RENAULT-MASTER-III-VAN-FACELIFT-L3H2-RWD-01	MEDIUM	2019改款后4×4 L3H2封闭货厢。	READY
155739_l3h3_facelift	155739	Van	Master III	X62		EU-RENAULT-MASTER-III-VAN-FACELIFT-L3H3-RWD-01	MEDIUM	2019改款后4×4 L3H3封闭货厢。	READY
155739_l4h2_facelift	155739	Van	Master III	X62		EU-RENAULT-MASTER-III-VAN-FACELIFT-L4H2-RWD-01	MEDIUM	2019改款后4×4 L4H2封闭货厢。	READY
155739_l4h3_facelift	155739	Van	Master III	X62		EU-RENAULT-MASTER-III-VAN-FACELIFT-L4H3-RWD-01	MEDIUM	2019改款后4×4 L4H3封闭货厢。	READY
108152_l2h2_prefl	108152	MPV	Master III	JV		EU-RENAULT-MASTER-III-VAN-PREFL-L2H2-FWD-01	MEDIUM	改款前L2H2 Combi外廓。	READY
108152_l2h2_facelift	108152	MPV	Master III	JV		EU-RENAULT-MASTER-III-VAN-FACELIFT-L2H2-FWD-01	MEDIUM	2019改款后L2H2 Combi外廓。	READY
108152_l3h2_prefl	108152	MPV	Master III	JV		EU-RENAULT-MASTER-III-BUS-PREFL-L3H2-FWD-01	MEDIUM	改款前L3H2 Bus外廓。	READY
108152_l3h2_facelift	108152	MPV	Master III	JV		EU-RENAULT-MASTER-III-BUS-FACELIFT-L3H2-FWD-01	MEDIUM	2019改款后L3H2 Bus外廓。	READY
108253_l1h1_prefl	108253	Van	Master III	X62		EU-RENAULT-MASTER-III-VAN-PREFL-L1H1-FWD-01	MEDIUM	改款前L1H1前驱封闭货厢。	READY
108253_l1h1_facelift	108253	Van	Master III	X62		EU-RENAULT-MASTER-III-VAN-FACELIFT-L1H1-FWD-01	MEDIUM	2019改款后L1H1前驱封闭货厢。	READY
108253_l1h2_prefl	108253	Van	Master III	X62		EU-RENAULT-MASTER-III-VAN-PREFL-L1H2-FWD-01	MEDIUM	改款前L1H2前驱封闭货厢。	READY
108253_l1h2_facelift	108253	Van	Master III	X62		EU-RENAULT-MASTER-III-VAN-FACELIFT-L1H2-FWD-01	MEDIUM	2019改款后L1H2前驱封闭货厢。	READY
108253_l2h2_prefl	108253	Van	Master III	X62		EU-RENAULT-MASTER-III-VAN-PREFL-L2H2-FWD-01	MEDIUM	改款前L2H2前驱封闭货厢。	READY
108253_l2h2_facelift	108253	Van	Master III	X62		EU-RENAULT-MASTER-III-VAN-FACELIFT-L2H2-FWD-01	MEDIUM	2019改款后L2H2前驱封闭货厢。	READY
108253_l2h3_prefl	108253	Van	Master III	X62		EU-RENAULT-MASTER-III-VAN-PREFL-L2H3-FWD-01	MEDIUM	改款前L2H3前驱封闭货厢。	READY
108253_l2h3_facelift	108253	Van	Master III	X62		EU-RENAULT-MASTER-III-VAN-FACELIFT-L2H3-FWD-01	MEDIUM	2019改款后L2H3前驱封闭货厢。	READY
108253_l3h2_prefl	108253	Van	Master III	X62		EU-RENAULT-MASTER-III-VAN-PREFL-L3H2-FWD-01	MEDIUM	改款前L3H2前驱封闭货厢。	READY
108253_l3h2_facelift	108253	Van	Master III	X62		EU-RENAULT-MASTER-III-VAN-FACELIFT-L3H2-FWD-01	MEDIUM	2019改款后L3H2前驱封闭货厢。	READY
108253_l3h3_prefl	108253	Van	Master III	X62		EU-RENAULT-MASTER-III-VAN-PREFL-L3H3-FWD-01	MEDIUM	改款前L3H3前驱封闭货厢。	READY
108253_l3h3_facelift	108253	Van	Master III	X62		EU-RENAULT-MASTER-III-VAN-FACELIFT-L3H3-FWD-01	MEDIUM	2019改款后L3H3前驱封闭货厢。	READY
118600_platform_l2h1_prefl	118600	Pickup	Master III	X62	2	EU-RENAULT-MASTER-III-PICKUP-PREFL-PLATFORM-L2H1-FWD-01	MEDIUM	改款前Platform-cab L2H1。	READY
118600_platform_l2h1_facelift	118600	Pickup	Master III	X62	2	EU-RENAULT-MASTER-III-PICKUP-FACELIFT-PLATFORM-L2H1-FWD-01	MEDIUM	2019改款后Platform-cab L2H1。	READY
118600_platform_l2h2_prefl	118600	Pickup	Master III	X62	2	EU-RENAULT-MASTER-III-PICKUP-PREFL-PLATFORM-L2H2-FWD-01	MEDIUM	改款前Platform-cab L2H2。	READY
118600_platform_l2h2_facelift	118600	Pickup	Master III	X62	2	EU-RENAULT-MASTER-III-PICKUP-FACELIFT-PLATFORM-L2H2-FWD-01	MEDIUM	2019改款后Platform-cab L2H2。	READY
118600_platform_l3h1_prefl	118600	Pickup	Master III	X62	2	EU-RENAULT-MASTER-III-PICKUP-PREFL-PLATFORM-L3H1-FWD-01	MEDIUM	改款前Platform-cab L3H1。	READY
118600_platform_l3h1_facelift	118600	Pickup	Master III	X62	2	EU-RENAULT-MASTER-III-PICKUP-FACELIFT-PLATFORM-L3H1-FWD-01	MEDIUM	2019改款后Platform-cab L3H1。	READY
118600_platform_l3h2_prefl	118600	Pickup	Master III	X62	2	EU-RENAULT-MASTER-III-PICKUP-PREFL-PLATFORM-L3H2-FWD-01	MEDIUM	改款前Platform-cab L3H2。	READY
118600_platform_l3h2_facelift	118600	Pickup	Master III	X62	2	EU-RENAULT-MASTER-III-PICKUP-FACELIFT-PLATFORM-L3H2-FWD-01	MEDIUM	2019改款后Platform-cab L3H2。	READY
118600_single_l2_prefl	118600	Pickup	Master III	X62	2	EU-RENAULT-MASTER-III-PICKUP-PREFL-SINGLE-L2-SRW-01	MEDIUM	改款前前驱单排L2底盘驾驶室。	READY
118600_single_l2_facelift	118600	Pickup	Master III	X62	2	EU-RENAULT-MASTER-III-PICKUP-FACELIFT-SINGLE-L2-SRW-01	MEDIUM	2019改款后前驱单排L2底盘驾驶室。	READY
118600_single_l3_prefl	118600	Pickup	Master III	X62	2	EU-RENAULT-MASTER-III-PICKUP-PREFL-SINGLE-L3-SRW-01	MEDIUM	改款前前驱单排L3底盘驾驶室。	READY
118600_single_l3_facelift	118600	Pickup	Master III	X62	2	EU-RENAULT-MASTER-III-PICKUP-FACELIFT-SINGLE-L3-SRW-01	MEDIUM	2019改款后前驱单排L3底盘驾驶室。	READY
118600_double_l2_prefl	118600	Pickup	Master III	X62	4	EU-RENAULT-MASTER-III-PICKUP-PREFL-DOUBLE-L2-SRW-01	MEDIUM	改款前前驱双排L2底盘驾驶室。	READY
118600_double_l2_facelift	118600	Pickup	Master III	X62	4	EU-RENAULT-MASTER-III-PICKUP-FACELIFT-DOUBLE-L2-SRW-01	MEDIUM	2019改款后前驱双排L2底盘驾驶室。	READY
118600_double_l3_prefl	118600	Pickup	Master III	X62	4	EU-RENAULT-MASTER-III-PICKUP-PREFL-DOUBLE-L3-SRW-01	MEDIUM	改款前前驱双排L3底盘驾驶室。	READY
118600_double_l3_facelift	118600	Pickup	Master III	X62	4	EU-RENAULT-MASTER-III-PICKUP-FACELIFT-DOUBLE-L3-SRW-01	MEDIUM	2019改款后前驱双排L3底盘驾驶室。	READY
108151_l3h2_srw_prefl	108151	Van	Master III	X62		EU-RENAULT-MASTER-III-VAN-L3H2-RWD-SRW-01	MEDIUM	改款前L3H2单后轮封闭货厢。	READY
108151_l3h2_drw_prefl	108151	Van	Master III	X62		EU-RENAULT-MASTER-III-VAN-L3H2-RWD-DRW-01	MEDIUM	改款前L3H2双后轮封闭货厢。	READY
108151_l3h3_srw_prefl	108151	Van	Master III	X62		EU-RENAULT-MASTER-III-VAN-L3H3-RWD-SRW-01	MEDIUM	改款前L3H3单后轮封闭货厢。	READY
108151_l3h3_drw_prefl	108151	Van	Master III	X62		EU-RENAULT-MASTER-III-VAN-L3H3-RWD-DRW-01	MEDIUM	改款前L3H3双后轮封闭货厢。	READY
108151_l4h2_srw_prefl	108151	Van	Master III	X62		EU-RENAULT-MASTER-III-VAN-L4H2-RWD-SRW-01	MEDIUM	改款前L4H2单后轮封闭货厢。	READY
108151_l4h2_drw_prefl	108151	Van	Master III	X62		EU-RENAULT-MASTER-III-VAN-L4H2-RWD-DRW-01	MEDIUM	改款前L4H2双后轮封闭货厢。	READY
108151_l4h3_srw_prefl	108151	Van	Master III	X62		EU-RENAULT-MASTER-III-VAN-L4H3-RWD-SRW-01	MEDIUM	改款前L4H3单后轮封闭货厢。	READY
108151_l4h3_drw_prefl	108151	Van	Master III	X62		EU-RENAULT-MASTER-III-VAN-L4H3-RWD-DRW-01	MEDIUM	改款前L4H3双后轮封闭货厢。	READY
108151_l3h2_facelift	108151	Van	Master III	X62		EU-RENAULT-MASTER-III-VAN-FACELIFT-L3H2-RWD-01	MEDIUM	2019改款后L3H2封闭货厢。	READY
108151_l3h3_facelift	108151	Van	Master III	X62		EU-RENAULT-MASTER-III-VAN-FACELIFT-L3H3-RWD-01	MEDIUM	2019改款后L3H3封闭货厢。	READY
108151_l4h2_facelift	108151	Van	Master III	X62		EU-RENAULT-MASTER-III-VAN-FACELIFT-L4H2-RWD-01	MEDIUM	2019改款后L4H2封闭货厢。	READY
108151_l4h3_facelift	108151	Van	Master III	X62		EU-RENAULT-MASTER-III-VAN-FACELIFT-L4H3-RWD-01	MEDIUM	2019改款后L4H3封闭货厢。	READY
108178_single_l2_srw_prefl	108178	Pickup	Master III	X62	2	EU-RENAULT-MASTER-III-PICKUP-PREFL-SINGLE-L2-SRW-01	MEDIUM	改款前后驱单排L2单后轮底盘。	READY
108178_single_l3_srw_prefl	108178	Pickup	Master III	X62	2	EU-RENAULT-MASTER-III-PICKUP-PREFL-SINGLE-L3-SRW-01	MEDIUM	改款前后驱单排L3单后轮底盘。	READY
108178_single_l3_drw_prefl	108178	Pickup	Master III	X62	2	EU-RENAULT-MASTER-III-PICKUP-PREFL-SINGLE-L3-DRW-01	MEDIUM	改款前后驱单排L3双后轮底盘。	READY
108178_single_l4_drw_prefl	108178	Pickup	Master III	X62	2	EU-RENAULT-MASTER-III-PICKUP-PREFL-SINGLE-L4-DRW-01	MEDIUM	改款前后驱单排L4双后轮底盘。	READY
108178_double_l2_srw_prefl	108178	Pickup	Master III	X62	4	EU-RENAULT-MASTER-III-PICKUP-PREFL-DOUBLE-L2-SRW-01	MEDIUM	改款前后驱双排L2单后轮底盘。	READY
108178_double_l3_srw_prefl	108178	Pickup	Master III	X62	4	EU-RENAULT-MASTER-III-PICKUP-PREFL-DOUBLE-L3-SRW-01	MEDIUM	改款前后驱双排L3单后轮底盘。	READY
108178_double_l3_drw_prefl	108178	Pickup	Master III	X62	4	EU-RENAULT-MASTER-III-PICKUP-PREFL-DOUBLE-L3-DRW-01	MEDIUM	改款前后驱双排L3双后轮底盘。	READY
108178_double_l4_drw_prefl	108178	Pickup	Master III	X62	4	EU-RENAULT-MASTER-III-PICKUP-PREFL-DOUBLE-L4-DRW-01	MEDIUM	改款前后驱双排L4双后轮底盘。	READY
108178_single_l2_srw_facelift	108178	Pickup	Master III	X62	2	EU-RENAULT-MASTER-III-PICKUP-FACELIFT-SINGLE-L2-SRW-01	MEDIUM	2019改款后后驱单排L2单后轮底盘。	READY
108178_single_l3_srw_facelift	108178	Pickup	Master III	X62	2	EU-RENAULT-MASTER-III-PICKUP-FACELIFT-SINGLE-L3-SRW-01	MEDIUM	2019改款后后驱单排L3单后轮底盘。	READY
108178_single_l3_drw_facelift	108178	Pickup	Master III	X62	2	EU-RENAULT-MASTER-III-PICKUP-FACELIFT-SINGLE-L3-DRW-01	MEDIUM	2019改款后后驱单排L3双后轮底盘。	READY
108178_single_l4_drw_facelift	108178	Pickup	Master III	X62	2	EU-RENAULT-MASTER-III-PICKUP-FACELIFT-SINGLE-L4-DRW-01	MEDIUM	2019改款后后驱单排L4双后轮底盘。	READY
108178_double_l2_srw_facelift	108178	Pickup	Master III	X62	4	EU-RENAULT-MASTER-III-PICKUP-FACELIFT-DOUBLE-L2-SRW-01	MEDIUM	2019改款后后驱双排L2单后轮底盘。	READY
108178_double_l3_srw_facelift	108178	Pickup	Master III	X62	4	EU-RENAULT-MASTER-III-PICKUP-FACELIFT-DOUBLE-L3-SRW-01	MEDIUM	2019改款后后驱双排L3单后轮底盘。	READY
108178_double_l3_drw_facelift	108178	Pickup	Master III	X62	4	EU-RENAULT-MASTER-III-PICKUP-FACELIFT-DOUBLE-L3-DRW-01	MEDIUM	2019改款后后驱双排L3双后轮底盘。	READY
108178_double_l4_drw_facelift	108178	Pickup	Master III	X62	4	EU-RENAULT-MASTER-III-PICKUP-FACELIFT-DOUBLE-L4-DRW-01	MEDIUM	2019改款后后驱双排L4双后轮底盘。	READY
116478_l1h1_prefl	116478	MPV	Master III	JV		EU-RENAULT-MASTER-III-VAN-PREFL-L1H1-FWD-01	MEDIUM	改款前L1H1 Combi外廓。	READY
116478_l1h1_facelift	116478	MPV	Master III	JV		EU-RENAULT-MASTER-III-VAN-FACELIFT-L1H1-FWD-01	MEDIUM	2019改款后L1H1 Combi外廓。	READY
116478_l2h2_prefl	116478	MPV	Master III	JV		EU-RENAULT-MASTER-III-VAN-PREFL-L2H2-FWD-01	MEDIUM	改款前L2H2 Combi外廓。	READY
116478_l2h2_facelift	116478	MPV	Master III	JV		EU-RENAULT-MASTER-III-VAN-FACELIFT-L2H2-FWD-01	MEDIUM	2019改款后L2H2 Combi外廓。	READY
121778_platform_l2h1_prefl	121778	Pickup	Master III	X62	2	EU-RENAULT-MASTER-III-PICKUP-PREFL-PLATFORM-L2H1-FWD-01	MEDIUM	改款前Platform-cab L2H1。	READY
121778_platform_l2h1_facelift	121778	Pickup	Master III	X62	2	EU-RENAULT-MASTER-III-PICKUP-FACELIFT-PLATFORM-L2H1-FWD-01	MEDIUM	2019改款后Platform-cab L2H1。	READY
121778_platform_l2h2_prefl	121778	Pickup	Master III	X62	2	EU-RENAULT-MASTER-III-PICKUP-PREFL-PLATFORM-L2H2-FWD-01	MEDIUM	改款前Platform-cab L2H2。	READY
121778_platform_l2h2_facelift	121778	Pickup	Master III	X62	2	EU-RENAULT-MASTER-III-PICKUP-FACELIFT-PLATFORM-L2H2-FWD-01	MEDIUM	2019改款后Platform-cab L2H2。	READY
121778_platform_l3h1_prefl	121778	Pickup	Master III	X62	2	EU-RENAULT-MASTER-III-PICKUP-PREFL-PLATFORM-L3H1-FWD-01	MEDIUM	改款前Platform-cab L3H1。	READY
121778_platform_l3h1_facelift	121778	Pickup	Master III	X62	2	EU-RENAULT-MASTER-III-PICKUP-FACELIFT-PLATFORM-L3H1-FWD-01	MEDIUM	2019改款后Platform-cab L3H1。	READY
121778_platform_l3h2_prefl	121778	Pickup	Master III	X62	2	EU-RENAULT-MASTER-III-PICKUP-PREFL-PLATFORM-L3H2-FWD-01	MEDIUM	改款前Platform-cab L3H2。	READY
121778_platform_l3h2_facelift	121778	Pickup	Master III	X62	2	EU-RENAULT-MASTER-III-PICKUP-FACELIFT-PLATFORM-L3H2-FWD-01	MEDIUM	2019改款后Platform-cab L3H2。	READY
121778_single_l2_prefl	121778	Pickup	Master III	X62	2	EU-RENAULT-MASTER-III-PICKUP-PREFL-SINGLE-L2-SRW-01	MEDIUM	改款前前驱单排L2底盘驾驶室。	READY
121778_single_l2_facelift	121778	Pickup	Master III	X62	2	EU-RENAULT-MASTER-III-PICKUP-FACELIFT-SINGLE-L2-SRW-01	MEDIUM	2019改款后前驱单排L2底盘驾驶室。	READY
121778_single_l3_prefl	121778	Pickup	Master III	X62	2	EU-RENAULT-MASTER-III-PICKUP-PREFL-SINGLE-L3-SRW-01	MEDIUM	改款前前驱单排L3底盘驾驶室。	READY
121778_single_l3_facelift	121778	Pickup	Master III	X62	2	EU-RENAULT-MASTER-III-PICKUP-FACELIFT-SINGLE-L3-SRW-01	MEDIUM	2019改款后前驱单排L3底盘驾驶室。	READY
121778_double_l2_prefl	121778	Pickup	Master III	X62	4	EU-RENAULT-MASTER-III-PICKUP-PREFL-DOUBLE-L2-SRW-01	MEDIUM	改款前前驱双排L2底盘驾驶室。	READY
121778_double_l2_facelift	121778	Pickup	Master III	X62	4	EU-RENAULT-MASTER-III-PICKUP-FACELIFT-DOUBLE-L2-SRW-01	MEDIUM	2019改款后前驱双排L2底盘驾驶室。	READY
121778_double_l3_prefl	121778	Pickup	Master III	X62	4	EU-RENAULT-MASTER-III-PICKUP-PREFL-DOUBLE-L3-SRW-01	MEDIUM	改款前前驱双排L3底盘驾驶室。	READY
121778_double_l3_facelift	121778	Pickup	Master III	X62	4	EU-RENAULT-MASTER-III-PICKUP-FACELIFT-DOUBLE-L3-SRW-01	MEDIUM	2019改款后前驱双排L3底盘驾驶室。	READY
122129_l1h1_prefl	122129	Van	Master III	X62		EU-RENAULT-MASTER-III-VAN-PREFL-L1H1-FWD-01	MEDIUM	改款前L1H1前驱封闭货厢。	READY
122129_l1h1_facelift	122129	Van	Master III	X62		EU-RENAULT-MASTER-III-VAN-FACELIFT-L1H1-FWD-01	MEDIUM	2019改款后L1H1前驱封闭货厢。	READY
122129_l1h2_prefl	122129	Van	Master III	X62		EU-RENAULT-MASTER-III-VAN-PREFL-L1H2-FWD-01	MEDIUM	改款前L1H2前驱封闭货厢。	READY
122129_l1h2_facelift	122129	Van	Master III	X62		EU-RENAULT-MASTER-III-VAN-FACELIFT-L1H2-FWD-01	MEDIUM	2019改款后L1H2前驱封闭货厢。	READY
122129_l2h2_prefl	122129	Van	Master III	X62		EU-RENAULT-MASTER-III-VAN-PREFL-L2H2-FWD-01	MEDIUM	改款前L2H2前驱封闭货厢。	READY
122129_l2h2_facelift	122129	Van	Master III	X62		EU-RENAULT-MASTER-III-VAN-FACELIFT-L2H2-FWD-01	MEDIUM	2019改款后L2H2前驱封闭货厢。	READY
122129_l2h3_prefl	122129	Van	Master III	X62		EU-RENAULT-MASTER-III-VAN-PREFL-L2H3-FWD-01	MEDIUM	改款前L2H3前驱封闭货厢。	READY
122129_l2h3_facelift	122129	Van	Master III	X62		EU-RENAULT-MASTER-III-VAN-FACELIFT-L2H3-FWD-01	MEDIUM	2019改款后L2H3前驱封闭货厢。	READY
122129_l3h2_prefl	122129	Van	Master III	X62		EU-RENAULT-MASTER-III-VAN-PREFL-L3H2-FWD-01	MEDIUM	改款前L3H2前驱封闭货厢。	READY
122129_l3h2_facelift	122129	Van	Master III	X62		EU-RENAULT-MASTER-III-VAN-FACELIFT-L3H2-FWD-01	MEDIUM	2019改款后L3H2前驱封闭货厢。	READY
122129_l3h3_prefl	122129	Van	Master III	X62		EU-RENAULT-MASTER-III-VAN-PREFL-L3H3-FWD-01	MEDIUM	改款前L3H3前驱封闭货厢。	READY
122129_l3h3_facelift	122129	Van	Master III	X62		EU-RENAULT-MASTER-III-VAN-FACELIFT-L3H3-FWD-01	MEDIUM	2019改款后L3H3前驱封闭货厢。	READY
158677_l2h2	158677	Van	Master IV	XDD		EU-RENAULT-MASTER-IV-VAN-L2H2-01	HIGH	L2H2封闭式货厢外廓。	READY
158677_l3h2	158677	Van	Master IV	XDD		EU-RENAULT-MASTER-IV-VAN-L3H2-01	HIGH	L3H2封闭式货厢外廓。	READY
158677_l3h3	158677	Van	Master IV	XDD		EU-RENAULT-MASTER-IV-VAN-L3H3-01	HIGH	L3H3封闭式货厢外廓。	READY
158678_l2h2	158678	Van	Master IV	XDD		EU-RENAULT-MASTER-IV-VAN-L2H2-01	HIGH	L2H2封闭式货厢外廓。	READY
158678_l3h2	158678	Van	Master IV	XDD		EU-RENAULT-MASTER-IV-VAN-L3H2-01	HIGH	L3H2封闭式货厢外廓。	READY
158678_l3h3	158678	Van	Master IV	XDD		EU-RENAULT-MASTER-IV-VAN-L3H3-01	HIGH	L3H3封闭式货厢外廓。	READY
800191_platform_l2	800191	Pickup	Master IV	XDD	2	EU-RENAULT-MASTER-IV-PICKUP-PLATFORM-L2-FWD-01	HIGH	Platform-cab L2H1。	READY
800191_platform_l3	800191	Pickup	Master IV	XDD	2	EU-RENAULT-MASTER-IV-PICKUP-PLATFORM-L3-FWD-01	HIGH	Platform-cab L3H1。	READY
800191_single_l2	800191	Pickup	Master IV	XDD	2	EU-RENAULT-MASTER-IV-PICKUP-SINGLE-L2-FWD-01	HIGH	前驱单排底盘驾驶室L2。	READY
800191_single_l3	800191	Pickup	Master IV	XDD	2	EU-RENAULT-MASTER-IV-PICKUP-SINGLE-L3-FWD-01	HIGH	前驱单排底盘驾驶室L3。	READY
800191_double_l3	800191	Pickup	Master IV	XDD	4	EU-RENAULT-MASTER-IV-PICKUP-DOUBLE-L3-FWD-01	HIGH	双排底盘驾驶室L3。	READY
158679_l2h2	158679	Van	Master IV	XDD		EU-RENAULT-MASTER-IV-VAN-L2H2-01	HIGH	L2H2封闭式货厢外廓。	READY
158679_l3h2	158679	Van	Master IV	XDD		EU-RENAULT-MASTER-IV-VAN-L3H2-01	HIGH	L3H2封闭式货厢外廓。	READY
158679_l3h3	158679	Van	Master IV	XDD		EU-RENAULT-MASTER-IV-VAN-L3H3-01	HIGH	L3H3封闭式货厢外廓。	READY
800194	800194	Bus	Master IV	XDD		EU-RENAULT-MASTER-IV-BUS-L3H3-01	HIGH	L3H3乘员运输车身。	READY
800192_platform_l2	800192	Pickup	Master IV	XDD	2	EU-RENAULT-MASTER-IV-PICKUP-PLATFORM-L2-FWD-01	HIGH	Platform-cab L2H1。	READY
800192_platform_l3	800192	Pickup	Master IV	XDD	2	EU-RENAULT-MASTER-IV-PICKUP-PLATFORM-L3-FWD-01	HIGH	Platform-cab L3H1。	READY
800192_single_l2	800192	Pickup	Master IV	XDD	2	EU-RENAULT-MASTER-IV-PICKUP-SINGLE-L2-FWD-01	HIGH	前驱单排底盘驾驶室L2。	READY
800192_single_l3	800192	Pickup	Master IV	XDD	2	EU-RENAULT-MASTER-IV-PICKUP-SINGLE-L3-FWD-01	HIGH	前驱单排底盘驾驶室L3。	READY
800192_double_l3	800192	Pickup	Master IV	XDD	4	EU-RENAULT-MASTER-IV-PICKUP-DOUBLE-L3-FWD-01	HIGH	双排底盘驾驶室L3。	READY
802362_single_l3_drw	802362	Pickup	Master IV	XDD	2	EU-RENAULT-MASTER-IV-PICKUP-SINGLE-L3-RWD-DRW-01	HIGH	后驱双后轮单排底盘驾驶室L3。	READY
802362_single_l4_drw	802362	Pickup	Master IV	XDD	2	EU-RENAULT-MASTER-IV-PICKUP-SINGLE-L4-RWD-DRW-01	HIGH	后驱双后轮单排底盘驾驶室L4。	READY
802362_double_l3_drw	802362	Pickup	Master IV	XDD	4	EU-RENAULT-MASTER-IV-PICKUP-DOUBLE-L3-RWD-DRW-01	HIGH	后驱双后轮双排底盘驾驶室L3。	READY
802362_double_l4_drw	802362	Pickup	Master IV	XDD	4	EU-RENAULT-MASTER-IV-PICKUP-DOUBLE-L4-RWD-DRW-01	HIGH	后驱双后轮双排底盘驾驶室L4。	READY
158680_l2h2	158680	Van	Master IV	XDD		EU-RENAULT-MASTER-IV-VAN-L2H2-01	HIGH	L2H2封闭式货厢外廓。	READY
158680_l3h2	158680	Van	Master IV	XDD		EU-RENAULT-MASTER-IV-VAN-L3H2-01	HIGH	L3H2封闭式货厢外廓。	READY
158680_l3h3	158680	Van	Master IV	XDD		EU-RENAULT-MASTER-IV-VAN-L3H3-01	HIGH	L3H3封闭式货厢外廓。	READY
800193_platform_l2	800193	Pickup	Master IV	XDD	2	EU-RENAULT-MASTER-IV-PICKUP-PLATFORM-L2-FWD-01	HIGH	Platform-cab L2H1。	READY
800193_platform_l3	800193	Pickup	Master IV	XDD	2	EU-RENAULT-MASTER-IV-PICKUP-PLATFORM-L3-FWD-01	HIGH	Platform-cab L3H1。	READY
800193_single_l2	800193	Pickup	Master IV	XDD	2	EU-RENAULT-MASTER-IV-PICKUP-SINGLE-L2-FWD-01	HIGH	前驱单排底盘驾驶室L2。	READY
800193_single_l3	800193	Pickup	Master IV	XDD	2	EU-RENAULT-MASTER-IV-PICKUP-SINGLE-L3-FWD-01	HIGH	前驱单排底盘驾驶室L3。	READY
800193_double_l3	800193	Pickup	Master IV	XDD	4	EU-RENAULT-MASTER-IV-PICKUP-DOUBLE-L3-FWD-01	HIGH	双排底盘驾驶室L3。	READY
802363_single_l3_drw	802363	Pickup	Master IV	XDD	2	EU-RENAULT-MASTER-IV-PICKUP-SINGLE-L3-RWD-DRW-01	HIGH	后驱双后轮单排底盘驾驶室L3。	READY
802363_single_l4_drw	802363	Pickup	Master IV	XDD	2	EU-RENAULT-MASTER-IV-PICKUP-SINGLE-L4-RWD-DRW-01	HIGH	后驱双后轮单排底盘驾驶室L4。	READY
802363_double_l3_drw	802363	Pickup	Master IV	XDD	4	EU-RENAULT-MASTER-IV-PICKUP-DOUBLE-L3-RWD-DRW-01	HIGH	后驱双后轮双排底盘驾驶室L3。	READY
802363_double_l4_drw	802363	Pickup	Master IV	XDD	4	EU-RENAULT-MASTER-IV-PICKUP-DOUBLE-L4-RWD-DRW-01	HIGH	后驱双后轮双排底盘驾驶室L4。	READY
800282_l2h2	800282	Van	Master IV	XDD		EU-RENAULT-MASTER-IV-VAN-L2H2-01	HIGH	L2H2封闭式货厢外廓。	READY
800282_l3h2	800282	Van	Master IV	XDD		EU-RENAULT-MASTER-IV-VAN-L3H2-01	HIGH	L3H2封闭式货厢外廓。	READY
800282_l3h3	800282	Van	Master IV	XDD		EU-RENAULT-MASTER-IV-VAN-L3H3-01	HIGH	L3H3封闭式货厢外廓。	READY
800283_l2h2	800283	Van	Master IV	XDD		EU-RENAULT-MASTER-IV-VAN-L2H2-01	HIGH	L2H2封闭式货厢外廓。	READY
800283_l3h2	800283	Van	Master IV	XDD		EU-RENAULT-MASTER-IV-VAN-L3H2-01	HIGH	L3H2封闭式货厢外廓。	READY
800283_l3h3	800283	Van	Master IV	XDD		EU-RENAULT-MASTER-IV-VAN-L3H3-01	HIGH	L3H3封闭式货厢外廓。	READY
800956_platform_l2	800956	Pickup	Master IV	XDD	2	EU-RENAULT-MASTER-IV-PICKUP-PLATFORM-L2-FWD-01	HIGH	电动Platform-cab L2H1。	READY
800956_platform_l3	800956	Pickup	Master IV	XDD	2	EU-RENAULT-MASTER-IV-PICKUP-PLATFORM-L3-FWD-01	HIGH	电动Platform-cab L3H1。	READY
800956_single_l2	800956	Pickup	Master IV	XDD	2	EU-RENAULT-MASTER-IV-PICKUP-SINGLE-L2-FWD-01	HIGH	电动前驱单排底盘驾驶室L2。	READY
800956_single_l3	800956	Pickup	Master IV	XDD	2	EU-RENAULT-MASTER-IV-PICKUP-SINGLE-L3-FWD-01	HIGH	电动前驱单排底盘驾驶室L3。	READY
800957_platform_l2	800957	Pickup	Master IV	XDD	2	EU-RENAULT-MASTER-IV-PICKUP-PLATFORM-L2-FWD-01	HIGH	电动Platform-cab L2H1。	READY
800957_platform_l3	800957	Pickup	Master IV	XDD	2	EU-RENAULT-MASTER-IV-PICKUP-PLATFORM-L3-FWD-01	HIGH	电动Platform-cab L3H1。	READY
800957_single_l2	800957	Pickup	Master IV	XDD	2	EU-RENAULT-MASTER-IV-PICKUP-SINGLE-L2-FWD-01	HIGH	电动前驱单排底盘驾驶室L2。	READY
800957_single_l3	800957	Pickup	Master IV	XDD	2	EU-RENAULT-MASTER-IV-PICKUP-SINGLE-L3-FWD-01	HIGH	电动前驱单排底盘驾驶室L3。	READY
59338	59338	Convertible	Megane III CC	EZ	2	EU-RENAULT-MEGANE-III-CC-CONVERTIBLE-2D-01	HIGH		READY
128492	128492	Convertible	Megane III CC	EZ	2	EU-RENAULT-MEGANE-III-CC-CONVERTIBLE-2D-01	HIGH		READY
15234	15234	Convertible	Megane III CC	EZ	2	EU-RENAULT-MEGANE-III-CC-CONVERTIBLE-2D-01	HIGH		READY
145693	145693	SUV	Megane E-Tech Electric		5	EU-RENAULT-MEGANE-E-TECH-ELECTRIC-SUV-5D-01	HIGH		READY
145694	145694	SUV	Megane E-Tech Electric		5	EU-RENAULT-MEGANE-E-TECH-ELECTRIC-SUV-5D-01	HIGH		READY
801426	801426	SUV	Megane E-Tech Electric		5	EU-RENAULT-MEGANE-E-TECH-ELECTRIC-SUV-5D-01	HIGH		READY
100432_prefl	100432	Hatchback	Megane I Phase I	BA	5	EU-RENAULT-MEGANE-I-PHASE-I-HATCHBACK-5D-01	MEDIUM	跨越1999改款，分列改款前外廓。	READY
100432_facelift	100432	Hatchback	Megane I Phase II	BA	5	EU-RENAULT-MEGANE-I-PHASE-II-HATCHBACK-5D-01	MEDIUM	跨越1999改款，分列改款后外廓。	READY
11487	11487	Hatchback	Megane I Phase II	BA	5	EU-RENAULT-MEGANE-I-PHASE-II-HATCHBACK-5D-01	HIGH		READY
11494	11494	Convertible	Megane I Phase II	EA	2	EU-RENAULT-MEGANE-I-PHASE-II-CONVERTIBLE-2D-01	HIGH		READY
11485	11485	Hatchback	Megane I Phase II	BA	5	EU-RENAULT-MEGANE-I-PHASE-II-HATCHBACK-5D-01	HIGH		READY
11490	11490	Convertible	Megane I Phase II	EA	2	EU-RENAULT-MEGANE-I-PHASE-II-CONVERTIBLE-2D-01	HIGH		READY
7881	7881	Convertible	Megane I Phase I	EA	2	EU-RENAULT-MEGANE-I-PHASE-I-CONVERTIBLE-2D-01	MEDIUM	生产终点位于1999改款交界月。	READY
15761	15761	Hatchback	Megane I Phase II	BA	5	EU-RENAULT-MEGANE-I-PHASE-II-HATCHBACK-5D-01	HIGH		READY
15766	15766	Hatchback	Megane I Phase II	BA	5	EU-RENAULT-MEGANE-I-PHASE-II-HATCHBACK-5D-01	HIGH		READY
7884_prefl	7884	Hatchback	Megane I Phase I	BA	5	EU-RENAULT-MEGANE-I-PHASE-I-HATCHBACK-5D-01	MEDIUM	跨越1999改款，分列改款前外廓。	READY
7884_facelift	7884	Hatchback	Megane I Phase II	BA	5	EU-RENAULT-MEGANE-I-PHASE-II-HATCHBACK-5D-01	MEDIUM	跨越1999改款，分列改款后外廓。	READY
7882_prefl	7882	Convertible	Megane I Phase I	EA	2	EU-RENAULT-MEGANE-I-PHASE-I-CONVERTIBLE-2D-01	MEDIUM	跨越1999改款，分列改款前外廓。	READY
7882_facelift	7882	Convertible	Megane I Phase II	EA	2	EU-RENAULT-MEGANE-I-PHASE-II-CONVERTIBLE-2D-01	MEDIUM	跨越1999改款，分列改款后外廓。	READY
7883_prefl	7883	Hatchback	Megane I Phase I	BA	5	EU-RENAULT-MEGANE-I-PHASE-I-HATCHBACK-5D-01	MEDIUM	跨越1999改款，分列改款前外廓。	READY
7883_facelift	7883	Hatchback	Megane I Phase II	BA	5	EU-RENAULT-MEGANE-I-PHASE-II-HATCHBACK-5D-01	MEDIUM	跨越1999改款，分列改款后外廓。	READY
16578	16578	Convertible	Megane I Phase II	EA	2	EU-RENAULT-MEGANE-I-PHASE-II-CONVERTIBLE-2D-01	HIGH		READY
14166	14166	Convertible	Megane I Phase II	EA	2	EU-RENAULT-MEGANE-I-PHASE-II-CONVERTIBLE-2D-01	HIGH		READY
11492	11492	Convertible	Megane I Phase II	EA	2	EU-RENAULT-MEGANE-I-PHASE-II-CONVERTIBLE-2D-01	HIGH		READY
11493	11493	Hatchback	Megane I Phase II	BA	5	EU-RENAULT-MEGANE-I-PHASE-II-HATCHBACK-5D-01	HIGH		READY
58075	58075	Sedan	Megane I Phase II	LA	4	EU-RENAULT-MEGANE-I-PHASE-II-SEDAN-4D-01	HIGH		READY
100433_prefl	100433	Sedan	Megane I Phase I	LA	4	EU-RENAULT-MEGANE-I-PHASE-I-SEDAN-4D-01	MEDIUM	跨越1999改款，分列改款前外廓。	READY
100433_facelift	100433	Sedan	Megane I Phase II	LA	4	EU-RENAULT-MEGANE-I-PHASE-II-SEDAN-4D-01	MEDIUM	跨越1999改款，分列改款后外廓。	READY
11488	11488	Sedan	Megane I Phase II	LA	4	EU-RENAULT-MEGANE-I-PHASE-II-SEDAN-4D-01	HIGH		READY
11489	11489	Sedan	Megane I Phase II	LA	4	EU-RENAULT-MEGANE-I-PHASE-II-SEDAN-4D-01	HIGH		READY
15763	15763	Sedan	Megane I Phase II	LA	4	EU-RENAULT-MEGANE-I-PHASE-II-SEDAN-4D-01	HIGH		READY
15767	15767	Sedan	Megane I Phase II	LA	4	EU-RENAULT-MEGANE-I-PHASE-II-SEDAN-4D-01	HIGH		READY
11481	11481	Sedan	Megane I Phase II	LA	4	EU-RENAULT-MEGANE-I-PHASE-II-SEDAN-4D-01	HIGH		READY
56041	56041	Sedan	Megane I Phase II	LA	4	EU-RENAULT-MEGANE-I-PHASE-II-SEDAN-4D-01	HIGH		READY
11486	11486	Coupe	Megane I Phase II	DA	3	EU-RENAULT-MEGANE-I-PHASE-II-COUPE-3D-01	HIGH		READY
11484	11484	Coupe	Megane I Phase II	DA	3	EU-RENAULT-MEGANE-I-PHASE-II-COUPE-3D-01	HIGH		READY
15765	15765	Coupe	Megane I Phase II	DA	3	EU-RENAULT-MEGANE-I-PHASE-II-COUPE-3D-01	HIGH		READY
16577	16577	Coupe	Megane I Phase II	DA	3	EU-RENAULT-MEGANE-I-PHASE-II-COUPE-3D-01	HIGH		READY
14165	14165	Coupe	Megane I Phase II	DA	3	EU-RENAULT-MEGANE-I-PHASE-II-COUPE-3D-01	HIGH		READY
11483	11483	Coupe	Megane I Phase II	DA	3	EU-RENAULT-MEGANE-I-PHASE-II-COUPE-3D-01	HIGH		READY
11479	11479	Wagon	Megane I Phase II	KA	5	EU-RENAULT-MEGANE-I-PHASE-II-WAGON-5D-01	HIGH		READY
11264	11264	Wagon	Megane I Phase II	KA	5	EU-RENAULT-MEGANE-I-PHASE-II-WAGON-5D-01	HIGH		READY
11480	11480	Wagon	Megane I Phase II	KA	5	EU-RENAULT-MEGANE-I-PHASE-II-WAGON-5D-01	HIGH		READY
11265	11265	Wagon	Megane I Phase II	KA	5	EU-RENAULT-MEGANE-I-PHASE-II-WAGON-5D-01	HIGH		READY
11266	11266	Wagon	Megane I Phase II	KA	5	EU-RENAULT-MEGANE-I-PHASE-II-WAGON-5D-01	HIGH		READY
15764	15764	Wagon	Megane I Phase II	KA	5	EU-RENAULT-MEGANE-I-PHASE-II-WAGON-5D-01	HIGH		READY
11267	11267	Wagon	Megane I Phase II	KA	5	EU-RENAULT-MEGANE-I-PHASE-II-WAGON-5D-01	HIGH		READY
15768	15768	Wagon	Megane I Phase II	KA	5	EU-RENAULT-MEGANE-I-PHASE-II-WAGON-5D-01	HIGH		READY
17724	17724	Sedan	Megane II	LM	4	EU-RENAULT-MEGANE-II-SEDAN-4D-01	HIGH		READY
17725	17725	Sedan	Megane II	LM	4	EU-RENAULT-MEGANE-II-SEDAN-4D-01	HIGH		READY
17726	17726	Sedan	Megane II	LM	4	EU-RENAULT-MEGANE-II-SEDAN-4D-01	HIGH		READY
17727	17727	Sedan	Megane II	LM	4	EU-RENAULT-MEGANE-II-SEDAN-4D-01	HIGH		READY
16916	16916	Hatchback	Megane II	CM	3	EU-RENAULT-MEGANE-II-HATCHBACK-3D-01	HIGH		READY
17719	17719	Hatchback	Megane II	BM	5	EU-RENAULT-MEGANE-II-HATCHBACK-5D-01	HIGH		READY
16919	16919	Hatchback	Megane II	CM	3	EU-RENAULT-MEGANE-II-HATCHBACK-3D-01	HIGH		READY
17718	17718	Hatchback	Megane II	BM	5	EU-RENAULT-MEGANE-II-HATCHBACK-5D-01	HIGH		READY
17728	17728	Sedan	Megane II	LM	4	EU-RENAULT-MEGANE-II-SEDAN-4D-01	HIGH		READY
18219	18219	Sedan	Megane II	LM	4	EU-RENAULT-MEGANE-II-SEDAN-4D-01	HIGH		READY
18784	18784	Sedan	Megane II	LM	4	EU-RENAULT-MEGANE-II-SEDAN-4D-01	HIGH		READY
18785	18785	Sedan	Megane II	LM	4	EU-RENAULT-MEGANE-II-SEDAN-4D-01	HIGH		READY
18790	18790	Hatchback	Megane II	BM	5	EU-RENAULT-MEGANE-II-HATCHBACK-5D-01	HIGH		READY
18791_3dr	18791	Hatchback	Megane II		3	EU-RENAULT-MEGANE-II-HATCHBACK-3D-01	HIGH	同一Ktype覆盖三门与五门物理外廓。	READY
18791_5dr	18791	Hatchback	Megane II		5	EU-RENAULT-MEGANE-II-HATCHBACK-5D-01	HIGH	同一Ktype覆盖三门与五门物理外廓。	READY
16917_3dr	16917	Hatchback	Megane II		3	EU-RENAULT-MEGANE-II-HATCHBACK-3D-01	HIGH	同一Ktype覆盖三门与五门物理外廓。	READY
16917_5dr	16917	Hatchback	Megane II		5	EU-RENAULT-MEGANE-II-HATCHBACK-5D-01	HIGH	同一Ktype覆盖三门与五门物理外廓。	READY
59947_3dr	59947	Hatchback	Megane II		3	EU-RENAULT-MEGANE-II-HATCHBACK-3D-01	HIGH	同一Ktype覆盖三门与五门物理外廓。	READY
59947_5dr	59947	Hatchback	Megane II		5	EU-RENAULT-MEGANE-II-HATCHBACK-5D-01	HIGH	同一Ktype覆盖三门与五门物理外廓。	READY
16920_3dr	16920	Hatchback	Megane II		3	EU-RENAULT-MEGANE-II-HATCHBACK-3D-01	HIGH	同一Ktype覆盖三门与五门物理外廓。	READY
16920_5dr	16920	Hatchback	Megane II		5	EU-RENAULT-MEGANE-II-HATCHBACK-5D-01	HIGH	同一Ktype覆盖三门与五门物理外廓。	READY
17729	17729	Sedan	Megane II		4	EU-RENAULT-MEGANE-II-SEDAN-4D-01	HIGH		READY
18215_3dr	18215	Hatchback	Megane II		3	EU-RENAULT-MEGANE-II-HATCHBACK-3D-01	HIGH	同一Ktype覆盖三门与五门物理外廓。	READY
18215_5dr	18215	Hatchback	Megane II		5	EU-RENAULT-MEGANE-II-HATCHBACK-5D-01	HIGH	同一Ktype覆盖三门与五门物理外廓。	READY
18216	18216	Sedan	Megane II		4	EU-RENAULT-MEGANE-II-SEDAN-4D-01	HIGH		READY
18786	18786	Sedan	Megane II		4	EU-RENAULT-MEGANE-II-SEDAN-4D-01	HIGH		READY
18792_3dr	18792	Hatchback	Megane II		3	EU-RENAULT-MEGANE-II-HATCHBACK-3D-01	HIGH	同一Ktype覆盖三门与五门物理外廓。	READY
18792_5dr	18792	Hatchback	Megane II		5	EU-RENAULT-MEGANE-II-HATCHBACK-5D-01	HIGH	同一Ktype覆盖三门与五门物理外廓。	READY
19040_3dr	19040	Hatchback	Megane II		3	EU-RENAULT-MEGANE-II-HATCHBACK-3D-01	HIGH	同一Ktype覆盖三门与五门物理外廓。	READY
19040_5dr	19040	Hatchback	Megane II		5	EU-RENAULT-MEGANE-II-HATCHBACK-5D-01	HIGH	同一Ktype覆盖三门与五门物理外廓。	READY
19041	19041	Sedan	Megane II		4	EU-RENAULT-MEGANE-II-SEDAN-4D-01	HIGH		READY
16918_3dr	16918	Hatchback	Megane II		3	EU-RENAULT-MEGANE-II-HATCHBACK-3D-01	HIGH	同一Ktype覆盖三门与五门物理外廓。	READY
16918_5dr	16918	Hatchback	Megane II		5	EU-RENAULT-MEGANE-II-HATCHBACK-5D-01	HIGH	同一Ktype覆盖三门与五门物理外廓。	READY
18437_3dr	18437	Hatchback	Megane II		3	EU-RENAULT-MEGANE-II-HATCHBACK-3D-01	HIGH	同一Ktype覆盖三门与五门物理外廓。	READY
18437_5dr	18437	Hatchback	Megane II		5	EU-RENAULT-MEGANE-II-HATCHBACK-5D-01	HIGH	同一Ktype覆盖三门与五门物理外廓。	READY
18081_3dr	18081	Hatchback	Megane II		3	EU-RENAULT-MEGANE-II-HATCHBACK-3D-01	HIGH	同一Ktype覆盖三门与五门物理外廓。	READY
18081_5dr	18081	Hatchback	Megane II		5	EU-RENAULT-MEGANE-II-HATCHBACK-5D-01	HIGH	同一Ktype覆盖三门与五门物理外廓。	READY
17721	17721	Convertible	Megane II		2	EU-RENAULT-MEGANE-II-CC-CONVERTIBLE-2D-01	HIGH		READY
17722	17722	Convertible	Megane II		2	EU-RENAULT-MEGANE-II-CC-CONVERTIBLE-2D-01	HIGH		READY
56038	56038	Convertible	Megane II		2	EU-RENAULT-MEGANE-II-CC-CONVERTIBLE-2D-01	HIGH		READY
17723	17723	Convertible	Megane II		2	EU-RENAULT-MEGANE-II-CC-CONVERTIBLE-2D-01	HIGH		READY
18783	18783	Convertible	Megane II		2	EU-RENAULT-MEGANE-II-CC-CONVERTIBLE-2D-01	HIGH		READY
18438	18438	Convertible	Megane II		2	EU-RENAULT-MEGANE-II-CC-CONVERTIBLE-2D-01	HIGH		READY
17730	17730	Wagon	Megane II		5	EU-RENAULT-MEGANE-II-WAGON-5D-01	HIGH		READY
17731	17731	Wagon	Megane II		5	EU-RENAULT-MEGANE-II-WAGON-5D-01	HIGH		READY
17732	17732	Wagon	Megane II		5	EU-RENAULT-MEGANE-II-WAGON-5D-01	HIGH		READY
17733	17733	Wagon	Megane II		5	EU-RENAULT-MEGANE-II-WAGON-5D-01	HIGH		READY
18218	18218	Wagon	Megane II		5	EU-RENAULT-MEGANE-II-WAGON-5D-01	HIGH		READY
18788	18788	Wagon	Megane II		5	EU-RENAULT-MEGANE-II-WAGON-5D-01	HIGH		READY
18789	18789	Wagon	Megane II		5	EU-RENAULT-MEGANE-II-WAGON-5D-01	HIGH		READY
8178	8178	Wagon	Megane II		5	EU-RENAULT-MEGANE-II-WAGON-5D-01	HIGH		READY
124865	124865	Wagon	Megane II		5	EU-RENAULT-MEGANE-II-WAGON-5D-01	HIGH		READY
5072	5072	Wagon	Megane II		5	EU-RENAULT-MEGANE-II-WAGON-5D-01	HIGH		READY
17734	17734	Wagon	Megane II		5	EU-RENAULT-MEGANE-II-WAGON-5D-01	HIGH		READY
18217	18217	Wagon	Megane II		5	EU-RENAULT-MEGANE-II-WAGON-5D-01	HIGH		READY
18787	18787	Wagon	Megane II		5	EU-RENAULT-MEGANE-II-WAGON-5D-01	HIGH		READY
19042	19042	Wagon	Megane II		5	EU-RENAULT-MEGANE-II-WAGON-5D-01	HIGH		READY
15530_prefl	15530	Coupe	Megane III		3	EU-RENAULT-MEGANE-III-COUPE-3D-PREFL-01	HIGH	同一Ktype跨2014年改款，外廓长度变化。	READY
15530_facelift	15530	Coupe	Megane III		3	EU-RENAULT-MEGANE-III-COUPE-3D-FACELIFT-01	HIGH	同一Ktype跨2014年改款，外廓长度变化。	READY
16982_prefl	16982	Hatchback	Megane III		5	EU-RENAULT-MEGANE-III-HATCHBACK-5D-PREFL-01	HIGH	同一Ktype跨2014年改款，外廓长度变化。	READY
16982_facelift	16982	Hatchback	Megane III		5	EU-RENAULT-MEGANE-III-HATCHBACK-5D-FACELIFT-01	HIGH	同一Ktype跨2014年改款，外廓长度变化。	READY
59339_prefl	59339	Coupe	Megane III		3	EU-RENAULT-MEGANE-III-COUPE-3D-PREFL-01	HIGH	同一Ktype跨2014年改款，外廓长度变化。	READY
59339_facelift	59339	Coupe	Megane III		3	EU-RENAULT-MEGANE-III-COUPE-3D-FACELIFT-01	HIGH	同一Ktype跨2014年改款，外廓长度变化。	READY
59341_prefl	59341	Hatchback	Megane III		5	EU-RENAULT-MEGANE-III-HATCHBACK-5D-PREFL-01	HIGH	同一Ktype跨2014年改款，外廓长度变化。	READY
59341_facelift	59341	Hatchback	Megane III		5	EU-RENAULT-MEGANE-III-HATCHBACK-5D-FACELIFT-01	HIGH	同一Ktype跨2014年改款，外廓长度变化。	READY
34764_prefl	34764	Coupe	Megane III		3	EU-RENAULT-MEGANE-III-COUPE-3D-PREFL-01	HIGH	同一Ktype跨2014年改款，外廓长度变化。	READY
34764_facelift	34764	Coupe	Megane III		3	EU-RENAULT-MEGANE-III-COUPE-3D-FACELIFT-01	HIGH	同一Ktype跨2014年改款，外廓长度变化。	READY
34765_prefl	34765	Coupe	Megane III		3	EU-RENAULT-MEGANE-III-COUPE-3D-PREFL-01	HIGH	同一Ktype跨2014年改款，外廓长度变化。	READY
34765_facelift	34765	Coupe	Megane III		3	EU-RENAULT-MEGANE-III-COUPE-3D-FACELIFT-01	HIGH	同一Ktype跨2014年改款，外廓长度变化。	READY
100413_prefl	100413	Hatchback	Megane III		5	EU-RENAULT-MEGANE-III-HATCHBACK-5D-PREFL-01	HIGH	同一Ktype跨2014年改款，外廓长度变化。	READY
100413_facelift	100413	Hatchback	Megane III		5	EU-RENAULT-MEGANE-III-HATCHBACK-5D-FACELIFT-01	HIGH	同一Ktype跨2014年改款，外廓长度变化。	READY
113303	113303	Coupe	Megane III		3	EU-RENAULT-MEGANE-III-COUPE-3D-FACELIFT-01	HIGH		READY
16124_prefl	16124	Hatchback	Megane III		5	EU-RENAULT-MEGANE-III-HATCHBACK-5D-PREFL-01	HIGH	同一Ktype跨2014年改款，外廓长度变化。	READY
16124_facelift	16124	Hatchback	Megane III		5	EU-RENAULT-MEGANE-III-HATCHBACK-5D-FACELIFT-01	HIGH	同一Ktype跨2014年改款，外廓长度变化。	READY
121722_prefl	121722	Hatchback	Megane III		5	EU-RENAULT-MEGANE-III-HATCHBACK-5D-PREFL-01	HIGH	同一Ktype跨2014年改款，外廓长度变化。	READY
121722_facelift	121722	Hatchback	Megane III		5	EU-RENAULT-MEGANE-III-HATCHBACK-5D-FACELIFT-01	HIGH	同一Ktype跨2014年改款，外廓长度变化。	READY
15146_prefl	15146	Hatchback	Megane III		5	EU-RENAULT-MEGANE-III-HATCHBACK-5D-PREFL-01	HIGH	同一Ktype跨2014年改款，外廓长度变化。	READY
15146_facelift	15146	Hatchback	Megane III		5	EU-RENAULT-MEGANE-III-HATCHBACK-5D-FACELIFT-01	HIGH	同一Ktype跨2014年改款，外廓长度变化。	READY
15189_prefl	15189	Coupe	Megane III		3	EU-RENAULT-MEGANE-III-COUPE-3D-PREFL-01	HIGH	同一Ktype跨2014年改款，外廓长度变化。	READY
15189_facelift	15189	Coupe	Megane III		3	EU-RENAULT-MEGANE-III-COUPE-3D-FACELIFT-01	HIGH	同一Ktype跨2014年改款，外廓长度变化。	READY
56793_prefl	56793	Hatchback	Megane III		5	EU-RENAULT-MEGANE-III-HATCHBACK-5D-PREFL-01	HIGH	同一Ktype跨2014年改款，外廓长度变化。	READY
56793_facelift	56793	Hatchback	Megane III		5	EU-RENAULT-MEGANE-III-HATCHBACK-5D-FACELIFT-01	HIGH	同一Ktype跨2014年改款，外廓长度变化。	READY
56794_prefl	56794	Coupe	Megane III		3	EU-RENAULT-MEGANE-III-COUPE-3D-PREFL-01	HIGH	同一Ktype跨2014年改款，外廓长度变化。	READY
56794_facelift	56794	Coupe	Megane III		3	EU-RENAULT-MEGANE-III-COUPE-3D-FACELIFT-01	HIGH	同一Ktype跨2014年改款，外廓长度变化。	READY
57297	57297	Coupe	Megane III		3	EU-RENAULT-MEGANE-III-RS-COUPE-3D-01	HIGH	Renault Sport宽体外廓。	READY
108031	108031	Coupe	Megane III		3	EU-RENAULT-MEGANE-III-RS-COUPE-3D-01	HIGH	Renault Sport宽体外廓。	READY
3_prefl	3	Coupe	Megane III		3	EU-RENAULT-MEGANE-III-COUPE-3D-PREFL-01	HIGH	同一Ktype跨2014年改款，外廓长度变化。	READY
3_facelift	3	Coupe	Megane III		3	EU-RENAULT-MEGANE-III-COUPE-3D-FACELIFT-01	HIGH	同一Ktype跨2014年改款，外廓长度变化。	READY
59346_prefl	59346	Coupe	Megane III		3	EU-RENAULT-MEGANE-III-COUPE-3D-PREFL-01	HIGH	同一Ktype跨2014年改款，外廓长度变化。	READY
59346_facelift	59346	Coupe	Megane III		3	EU-RENAULT-MEGANE-III-COUPE-3D-FACELIFT-01	HIGH	同一Ktype跨2014年改款，外廓长度变化。	READY
59349_prefl	59349	Hatchback	Megane III		5	EU-RENAULT-MEGANE-III-HATCHBACK-5D-PREFL-01	HIGH	同一Ktype跨2014年改款，外廓长度变化。	READY
59349_facelift	59349	Hatchback	Megane III		5	EU-RENAULT-MEGANE-III-HATCHBACK-5D-FACELIFT-01	HIGH	同一Ktype跨2014年改款，外廓长度变化。	READY
100411_prefl	100411	Coupe	Megane III		3	EU-RENAULT-MEGANE-III-COUPE-3D-PREFL-01	HIGH	同一Ktype跨2014年改款，外廓长度变化。	READY
100411_facelift	100411	Coupe	Megane III		3	EU-RENAULT-MEGANE-III-COUPE-3D-FACELIFT-01	HIGH	同一Ktype跨2014年改款，外廓长度变化。	READY
100412_prefl	100412	Hatchback	Megane III		5	EU-RENAULT-MEGANE-III-HATCHBACK-5D-PREFL-01	HIGH	同一Ktype跨2014年改款，外廓长度变化。	READY
100412_facelift	100412	Hatchback	Megane III		5	EU-RENAULT-MEGANE-III-HATCHBACK-5D-FACELIFT-01	HIGH	同一Ktype跨2014年改款，外廓长度变化。	READY
59340_prefl	59340	Wagon	Megane III		5	EU-RENAULT-MEGANE-III-WAGON-5D-PREFL-01	HIGH	同一Ktype跨2014年改款，外廓长度变化。	READY
59340_facelift	59340	Wagon	Megane III		5	EU-RENAULT-MEGANE-III-WAGON-5D-FACELIFT-01	HIGH	同一Ktype跨2014年改款，外廓长度变化。	READY
54521_prefl	54521	Wagon	Megane III		5	EU-RENAULT-MEGANE-III-WAGON-5D-PREFL-01	HIGH	同一Ktype跨2014年改款，外廓长度变化。	READY
54521_facelift	54521	Wagon	Megane III		5	EU-RENAULT-MEGANE-III-WAGON-5D-FACELIFT-01	HIGH	同一Ktype跨2014年改款，外廓长度变化。	READY
100414_prefl	100414	Wagon	Megane III		5	EU-RENAULT-MEGANE-III-WAGON-5D-PREFL-01	HIGH	同一Ktype跨2014年改款，外廓长度变化。	READY
100414_facelift	100414	Wagon	Megane III		5	EU-RENAULT-MEGANE-III-WAGON-5D-FACELIFT-01	HIGH	同一Ktype跨2014年改款，外廓长度变化。	READY
15283_prefl	15283	Wagon	Megane III		5	EU-RENAULT-MEGANE-III-WAGON-5D-PREFL-01	HIGH	同一Ktype跨2014年改款，外廓长度变化。	READY
15283_facelift	15283	Wagon	Megane III		5	EU-RENAULT-MEGANE-III-WAGON-5D-FACELIFT-01	HIGH	同一Ktype跨2014年改款，外廓长度变化。	READY
56795_prefl	56795	Wagon	Megane III		5	EU-RENAULT-MEGANE-III-WAGON-5D-PREFL-01	HIGH	同一Ktype跨2014年改款，外廓长度变化。	READY
56795_facelift	56795	Wagon	Megane III		5	EU-RENAULT-MEGANE-III-WAGON-5D-FACELIFT-01	HIGH	同一Ktype跨2014年改款，外廓长度变化。	READY
59343_prefl	59343	Wagon	Megane III		5	EU-RENAULT-MEGANE-III-WAGON-5D-PREFL-01	HIGH	同一Ktype跨2014年改款，外廓长度变化。	READY
59343_facelift	59343	Wagon	Megane III		5	EU-RENAULT-MEGANE-III-WAGON-5D-FACELIFT-01	HIGH	同一Ktype跨2014年改款，外廓长度变化。	READY
59344_prefl	59344	Wagon	Megane III		5	EU-RENAULT-MEGANE-III-WAGON-5D-PREFL-01	HIGH	同一Ktype跨2014年改款，外廓长度变化。	READY
59344_facelift	59344	Wagon	Megane III		5	EU-RENAULT-MEGANE-III-WAGON-5D-FACELIFT-01	HIGH	同一Ktype跨2014年改款，外廓长度变化。	READY
143488	143488	Hatchback	Megane IV		5	EU-RENAULT-MEGANE-IV-HATCHBACK-5D-01	HIGH		READY
117852	117852	Hatchback	Megane IV		5	EU-RENAULT-MEGANE-IV-HATCHBACK-5D-01	HIGH		READY
117850	117850	Hatchback	Megane IV		5	EU-RENAULT-MEGANE-IV-HATCHBACK-5D-01	HIGH		READY
128575	128575	Sedan	Megane IV		4	EU-RENAULT-MEGANE-IV-SEDAN-4D-01	HIGH		READY
145240	145240	Hatchback	Megane IV		5	EU-RENAULT-MEGANE-IV-HATCHBACK-5D-01	HIGH		READY
117855	117855	Hatchback	Megane IV		5	EU-RENAULT-MEGANE-IV-HATCHBACK-5D-01	HIGH		READY
117854	117854	Hatchback	Megane IV		5	EU-RENAULT-MEGANE-IV-HATCHBACK-5D-01	HIGH		READY
124736	124736	Hatchback	Megane IV		5	EU-RENAULT-MEGANE-IV-HATCHBACK-5D-01	HIGH		READY
117856	117856	Hatchback	Megane IV		5	EU-RENAULT-MEGANE-IV-HATCHBACK-5D-01	HIGH		READY
120270	120270	Hatchback	Megane IV		5	EU-RENAULT-MEGANE-IV-HATCHBACK-5D-01	HIGH		READY
145204	145204	Hatchback	Megane IV		5	EU-RENAULT-MEGANE-IV-HATCHBACK-5D-01	HIGH		READY
128574	128574	Sedan	Megane IV		4	EU-RENAULT-MEGANE-IV-SEDAN-4D-01	HIGH		READY
128472	128472	Hatchback	Megane IV		5	EU-RENAULT-MEGANE-IV-HATCHBACK-5D-01	HIGH		READY
117853	117853	Hatchback	Megane IV		5	EU-RENAULT-MEGANE-IV-HATCHBACK-5D-01	HIGH		READY
145213	145213	Wagon	Megane IV		5	EU-RENAULT-MEGANE-IV-WAGON-5D-01	HIGH		READY
120272	120272	Wagon	Megane IV		5	EU-RENAULT-MEGANE-IV-WAGON-5D-01	HIGH		READY
120273	120273	Wagon	Megane IV		5	EU-RENAULT-MEGANE-IV-WAGON-5D-01	HIGH		READY
145311	145311	Wagon	Megane IV		5	EU-RENAULT-MEGANE-IV-WAGON-5D-01	HIGH		READY
120276	120276	Wagon	Megane IV		5	EU-RENAULT-MEGANE-IV-WAGON-5D-01	HIGH		READY
120275	120275	Wagon	Megane IV		5	EU-RENAULT-MEGANE-IV-WAGON-5D-01	HIGH		READY
127217	127217	Wagon	Megane IV		5	EU-RENAULT-MEGANE-IV-WAGON-5D-01	HIGH		READY
120277	120277	Wagon	Megane IV		5	EU-RENAULT-MEGANE-IV-WAGON-5D-01	HIGH		READY
120279	120279	Wagon	Megane IV		5	EU-RENAULT-MEGANE-IV-WAGON-5D-01	HIGH		READY
128394	128394	Wagon	Megane IV		5	EU-RENAULT-MEGANE-IV-WAGON-5D-01	HIGH		READY
120274	120274	Wagon	Megane IV		5	EU-RENAULT-MEGANE-IV-WAGON-5D-01	HIGH		READY
11406	11406	MPV	Megane Scenic I		5	EU-RENAULT-MEGANE-SCENIC-I-MPV-5D-01	HIGH		READY
8008	8008	MPV	Megane Scenic I		5	EU-RENAULT-MEGANE-SCENIC-I-MPV-5D-01	HIGH		READY
11482	11482	MPV	Megane Scenic I		5	EU-RENAULT-MEGANE-SCENIC-I-MPV-5D-01	HIGH		READY
143179	143179	Van	Megane Scenic I		5	EU-RENAULT-MEGANE-SCENIC-I-MPV-5D-01	MEDIUM	商用厢式衍生版与乘用版共享外部车身。	READY
143180	143180	Van	Megane Scenic I		5	EU-RENAULT-MEGANE-SCENIC-I-MPV-5D-01	MEDIUM	商用厢式衍生版与乘用版共享外部车身。	READY
10955_facelift	10955	MPV	Modus I		5	EU-RENAULT-MODUS-I-MPV-5D-FACELIFT-01	MEDIUM	同一Ktype覆盖改款Modus与Grand Modus外廓。	READY
10955_grand	10955	MPV	Grand Modus I		5	EU-RENAULT-GRAND-MODUS-I-MPV-5D-01	MEDIUM	同一Ktype覆盖改款Modus与Grand Modus外廓。	READY
18311_prefl	18311	MPV	Modus I		5	EU-RENAULT-MODUS-I-MPV-5D-01	MEDIUM	同一Ktype覆盖标准Modus改款前、改款后及Grand Modus外廓。	READY
18311_facelift	18311	MPV	Modus I		5	EU-RENAULT-MODUS-I-MPV-5D-FACELIFT-01	MEDIUM	同一Ktype覆盖标准Modus改款前、改款后及Grand Modus外廓。	READY
18311_grand	18311	MPV	Grand Modus I		5	EU-RENAULT-GRAND-MODUS-I-MPV-5D-01	MEDIUM	同一Ktype覆盖标准Modus改款前、改款后及Grand Modus外廓。	READY
18680	18680	MPV	Modus I		5	EU-RENAULT-MODUS-I-MPV-5D-01	MEDIUM	输入车身形式为Schrägheck；按Modus五门小型MPV物理车身归一。	READY
18555_prefl	18555	MPV	Modus I		5	EU-RENAULT-MODUS-I-MPV-5D-01	MEDIUM	同一Ktype覆盖标准Modus改款前与改款后外廓；1.4版本不建立Grand分支。	READY
18555_facelift	18555	MPV	Modus I		5	EU-RENAULT-MODUS-I-MPV-5D-FACELIFT-01	MEDIUM	同一Ktype覆盖标准Modus改款前与改款后外廓；1.4版本不建立Grand分支。	READY
18312	18312	MPV	Modus I		5	EU-RENAULT-MODUS-I-MPV-5D-01	MEDIUM	输入车身形式为Schrägheck；按Modus五门小型MPV物理车身归一。	READY
18313_prefl	18313	MPV	Modus I		5	EU-RENAULT-MODUS-I-MPV-5D-01	MEDIUM	同一Ktype覆盖标准Modus改款前、改款后及Grand Modus外廓。	READY
18313_facelift	18313	MPV	Modus I		5	EU-RENAULT-MODUS-I-MPV-5D-FACELIFT-01	MEDIUM	同一Ktype覆盖标准Modus改款前、改款后及Grand Modus外廓。	READY
18313_grand	18313	MPV	Grand Modus I		5	EU-RENAULT-GRAND-MODUS-I-MPV-5D-01	MEDIUM	同一Ktype覆盖标准Modus改款前、改款后及Grand Modus外廓。	READY
18314_prefl	18314	MPV	Modus I		5	EU-RENAULT-MODUS-I-MPV-5D-01	MEDIUM	同一Ktype覆盖标准Modus改款前、改款后及Grand Modus外廓。	READY
18314_facelift	18314	MPV	Modus I		5	EU-RENAULT-MODUS-I-MPV-5D-FACELIFT-01	MEDIUM	同一Ktype覆盖标准Modus改款前、改款后及Grand Modus外廓。	READY
18314_grand	18314	MPV	Grand Modus I		5	EU-RENAULT-GRAND-MODUS-I-MPV-5D-01	MEDIUM	同一Ktype覆盖标准Modus改款前、改款后及Grand Modus外廓。	READY
18315_prefl	18315	MPV	Modus I		5	EU-RENAULT-MODUS-I-MPV-5D-01	MEDIUM	同一Ktype覆盖标准Modus改款前、改款后及Grand Modus外廓。	READY
18315_facelift	18315	MPV	Modus I		5	EU-RENAULT-MODUS-I-MPV-5D-FACELIFT-01	MEDIUM	同一Ktype覆盖标准Modus改款前、改款后及Grand Modus外廓。	READY
18315_grand	18315	MPV	Grand Modus I		5	EU-RENAULT-GRAND-MODUS-I-MPV-5D-01	MEDIUM	同一Ktype覆盖标准Modus改款前、改款后及Grand Modus外廓。	READY
18642_modus_prefl	18642	MPV	Modus I		5	EU-RENAULT-MODUS-I-MPV-PREFL-01	HIGH	普通轴距改款前外廓。	READY
18642_modus_facelift	18642	MPV	Modus I		5	EU-RENAULT-MODUS-I-MPV-FACELIFT-01	HIGH	普通轴距改款后外廓。	READY
18642_grand	18642	MPV	Grand Modus I		5	EU-RENAULT-GRAND-MODUS-I-MPV-01	HIGH	长轴Grand Modus外廓。	READY
155092	155092	SUV	Rafale I		5	EU-RENAULT-RAFALE-I-SUV-01	HIGH	混动与插混版本共用五门SUV外廓。	READY
800300	800300	SUV	Rafale I		5	EU-RENAULT-RAFALE-I-SUV-01	HIGH	混动与插混版本共用五门SUV外廓。	READY
10693_prefl	10693	Van	Rapid I	F40	3	EU-RENAULT-RAPID-I-VAN-PREFL-01	MEDIUM	跨越1991年改款，改款前外廓。	READY
10693_facelift	10693	Van	Rapid I	F40	3	EU-RENAULT-RAPID-I-VAN-FACELIFT-01	MEDIUM	跨越1991年改款，改款后外廓。	READY
7845	7845	Van	Rapid I	F402	3	EU-RENAULT-RAPID-I-VAN-PREFL-01	HIGH	F402改款前厢式车外廓。	READY
12594_prefl	12594	Convertible	Rodeo 4		2	EU-RENAULT-RODEO-4-CONVERTIBLE-PREFL-01	HIGH	1979年改款前外廓。	READY
12594_facelift	12594	Convertible	Rodeo 4		2	EU-RENAULT-RODEO-4-CONVERTIBLE-FACELIFT-01	HIGH	1979年改款后外廓。	READY
12593	12593	Convertible	Rodeo 5		2	EU-RENAULT-RODEO-5-CONVERTIBLE-01	HIGH	Rodeo 5新车身外廓。	READY
12591	12591	Convertible	Rodeo 6		2	EU-RENAULT-RODEO-6-CONVERTIBLE-EARLY-01	MEDIUM	早期ACL 0.8车身外廓。	READY
12592_prefl	12592	Convertible	Rodeo 6		2	EU-RENAULT-RODEO-6-CONVERTIBLE-PREFL-01	HIGH	1979年改款前外廓。	READY
12592_facelift	12592	Convertible	Rodeo 6		2	EU-RENAULT-RODEO-6-CONVERTIBLE-FACELIFT-01	HIGH	1979年改款后外廓。	READY
12260	12260	Hatchback	Safrane I		5	EU-RENAULT-SAFRANE-I-HATCHBACK-01	HIGH	第一期五门掀背外廓。	READY
11623	11623	Hatchback	Safrane II		5	EU-RENAULT-SAFRANE-II-HATCHBACK-01	HIGH	第二期五门掀背外廓。	READY
10020	10020	Hatchback	Safrane II		5	EU-RENAULT-SAFRANE-II-HATCHBACK-01	HIGH	第二期五门掀背外廓。	READY
147012_sandero	147012	Hatchback	Sandero II facelift		5	EU-RENAULT-SANDERO-II-HATCHBACK-FACELIFT-01	HIGH	普通Sandero五门外廓。	READY
147012_stepway	147012	Hatchback	Sandero Stepway II facelift		5	EU-RENAULT-SANDERO-STEPWAY-II-HATCHBACK-FACELIFT-01	HIGH	Stepway增高五门外廓。	READY
156998	156998	SUV	Scénic E-Tech Electric I		5	EU-RENAULT-SCENIC-E-TECH-I-SUV-01	HIGH	EV60与EV87共用五门SUV外廓。	READY
156999	156999	SUV	Scénic E-Tech Electric I		5	EU-RENAULT-SCENIC-E-TECH-I-SUV-01	HIGH	EV60与EV87共用五门SUV外廓。	READY
57731	57731	MPV	Scénic I		5	EU-RENAULT-SCENIC-I-MPV-01	HIGH		READY
11491	11491	MPV	Scénic I		5	EU-RENAULT-SCENIC-I-MPV-01	HIGH		READY
55898	55898	MPV	Scénic I		5	EU-RENAULT-SCENIC-I-MPV-01	HIGH		READY
57166	57166	MPV	Scénic I		5	EU-RENAULT-SCENIC-I-MPV-01	HIGH		READY
15762	15762	MPV	Scénic I		5	EU-RENAULT-SCENIC-I-MPV-01	HIGH		READY
15111	15111	MPV	Scénic I		5	EU-RENAULT-SCENIC-I-MPV-01	HIGH		READY
15769	15769	MPV	Scénic I		5	EU-RENAULT-SCENIC-I-MPV-01	HIGH		READY
13744	13744	MPV	Scénic I		5	EU-RENAULT-SCENIC-I-MPV-01	HIGH		READY
15431	15431	MPV	Scénic I		5	EU-RENAULT-SCENIC-I-MPV-01	HIGH		READY
14777	14777	MPV	Scénic I RX4		5	EU-RENAULT-SCENIC-I-MPV-RX4-01	HIGH	RX4四驱外廓。	READY
54945	54945	MPV	Scénic I RX4		5	EU-RENAULT-SCENIC-I-MPV-RX4-01	HIGH	RX4四驱外廓。	READY
14760	14760	MPV	Scénic I RX4		5	EU-RENAULT-SCENIC-I-MPV-RX4-01	HIGH	RX4四驱外廓。	READY
143168	143168	Van	Scénic I		5	EU-RENAULT-SCENIC-I-MPV-01	MEDIUM	Société商用内饰版本，外廓与五门乘用版一致。	READY
143169	143169	Van	Scénic I		5	EU-RENAULT-SCENIC-I-MPV-01	MEDIUM	Société商用内饰版本，外廓与五门乘用版一致。	READY
17445_prefl	17445	MPV	Scénic II		5	EU-RENAULT-SCENIC-II-MPV-PREFL-01	HIGH	改款前外廓。	READY
17445_facelift	17445	MPV	Scénic II		5	EU-RENAULT-SCENIC-II-MPV-FACELIFT-01	HIGH	改款后外廓。	READY
17444_prefl	17444	MPV	Scénic II		5	EU-RENAULT-SCENIC-II-MPV-PREFL-01	HIGH	改款前外廓。	READY
17444_facelift	17444	MPV	Scénic II		5	EU-RENAULT-SCENIC-II-MPV-FACELIFT-01	HIGH	改款后外廓。	READY
17442_prefl	17442	MPV	Scénic II		5	EU-RENAULT-SCENIC-II-MPV-PREFL-01	HIGH	改款前外廓。	READY
17442_facelift	17442	MPV	Scénic II		5	EU-RENAULT-SCENIC-II-MPV-FACELIFT-01	HIGH	改款后外廓。	READY
17443	17443	MPV	Scénic II		5	EU-RENAULT-SCENIC-II-MPV-PREFL-01	HIGH	改款前外廓。	READY
18003	18003	MPV	Scénic II		5	EU-RENAULT-SCENIC-II-MPV-PREFL-01	HIGH	改款前外廓。	READY
18779_prefl	18779	MPV	Scénic II		5	EU-RENAULT-SCENIC-II-MPV-PREFL-01	HIGH	改款前外廓。	READY
18779_facelift	18779	MPV	Scénic II		5	EU-RENAULT-SCENIC-II-MPV-FACELIFT-01	HIGH	改款后外廓。	READY
18780_prefl	18780	MPV	Scénic II		5	EU-RENAULT-SCENIC-II-MPV-PREFL-01	HIGH	改款前外廓。	READY
18780_facelift	18780	MPV	Scénic II		5	EU-RENAULT-SCENIC-II-MPV-FACELIFT-01	HIGH	改款后外廓。	READY
57167	57167	MPV	Scénic II		5	EU-RENAULT-SCENIC-II-MPV-PREFL-01	HIGH	改款前外廓。	READY
17441	17441	MPV	Scénic II		5	EU-RENAULT-SCENIC-II-MPV-PREFL-01	HIGH	改款前外廓。	READY
18781_prefl	18781	MPV	Scénic II		5	EU-RENAULT-SCENIC-II-MPV-PREFL-01	HIGH	改款前外廓。	READY
18781_facelift	18781	MPV	Scénic II		5	EU-RENAULT-SCENIC-II-MPV-FACELIFT-01	HIGH	改款后外廓。	READY
19036_prefl	19036	MPV	Scénic II		5	EU-RENAULT-SCENIC-II-MPV-PREFL-01	HIGH	改款前外廓。	READY
19036_facelift	19036	MPV	Scénic II		5	EU-RENAULT-SCENIC-II-MPV-FACELIFT-01	HIGH	改款后外廓。	READY
18436_prefl	18436	MPV	Scénic II		5	EU-RENAULT-SCENIC-II-MPV-PREFL-01	HIGH	改款前外廓。	READY
18436_facelift	18436	MPV	Scénic II		5	EU-RENAULT-SCENIC-II-MPV-FACELIFT-01	HIGH	改款后外廓。	READY
57393	57393	MPV	Scénic III		5	EU-RENAULT-SCENIC-III-MPV-FACELIFT-01	HIGH	改款后外廓。	READY
59342	59342	MPV	Scénic III		5	EU-RENAULT-SCENIC-III-MPV-FACELIFT-01	HIGH	改款后外廓。	READY
10527_prefl	10527	MPV	Scénic III		5	EU-RENAULT-SCENIC-III-MPV-PREFL-01	HIGH	改款前外廓。	READY
10527_facelift	10527	MPV	Scénic III		5	EU-RENAULT-SCENIC-III-MPV-FACELIFT-01	HIGH	改款后外廓。	READY
6014_prefl	6014	MPV	Scénic III		5	EU-RENAULT-SCENIC-III-MPV-PREFL-01	HIGH	改款前外廓。	READY
6014_facelift	6014	MPV	Scénic III		5	EU-RENAULT-SCENIC-III-MPV-FACELIFT-01	HIGH	改款后外廓。	READY
143171	143171	Van	Scénic III		5	EU-RENAULT-SCENIC-III-MPV-FACELIFT-01	MEDIUM	商用内饰版本，关联改款后五门外廓。	READY
143172	143172	Van	Scénic III		5	EU-RENAULT-SCENIC-III-MPV-FACELIFT-01	MEDIUM	商用内饰版本，关联改款后五门外廓。	READY
143175	143175	Van	Scénic III		5	EU-RENAULT-SCENIC-III-MPV-FACELIFT-01	MEDIUM	商用内饰版本，关联改款后五门外廓。	READY
143170	143170	Van	Scénic III		5	EU-RENAULT-SCENIC-III-MPV-FACELIFT-01	MEDIUM	商用内饰版本，关联改款后五门外廓。	READY
143176	143176	Van	Scénic III		5	EU-RENAULT-SCENIC-III-MPV-FACELIFT-01	MEDIUM	商用内饰版本，关联改款后五门外廓。	READY
143173_prefl	143173	Van	Scénic III		5	EU-RENAULT-SCENIC-III-MPV-PREFL-01	MEDIUM	商用内饰版本，改款前外廓。	READY
143173_facelift	143173	Van	Scénic III		5	EU-RENAULT-SCENIC-III-MPV-FACELIFT-01	MEDIUM	商用内饰版本，改款后外廓。	READY
122138	122138	MPV	Scénic IV		5	EU-RENAULT-SCENIC-IV-MPV-01	HIGH	动力差异不改变五门MPV外廓。	READY
122135	122135	MPV	Scénic IV		5	EU-RENAULT-SCENIC-IV-MPV-01	HIGH	动力差异不改变五门MPV外廓。	READY
122141	122141	MPV	Scénic IV		5	EU-RENAULT-SCENIC-IV-MPV-01	HIGH	动力差异不改变五门MPV外廓。	READY
127326	127326	MPV	Scénic IV		5	EU-RENAULT-SCENIC-IV-MPV-01	HIGH	动力差异不改变五门MPV外廓。	READY
122140	122140	MPV	Scénic IV		5	EU-RENAULT-SCENIC-IV-MPV-01	HIGH	动力差异不改变五门MPV外廓。	READY
122144	122144	MPV	Scénic IV		5	EU-RENAULT-SCENIC-IV-MPV-01	HIGH	动力差异不改变五门MPV外廓。	READY
122149	122149	MPV	Scénic IV		5	EU-RENAULT-SCENIC-IV-MPV-01	HIGH	动力差异不改变五门MPV外廓。	READY
1989_3dr	1989	Hatchback	Super 5	C40	3	EU-RENAULT-SUPER-5-X40-HATCHBACK-3D-01	HIGH	三门物理分支。	READY
1989_5dr	1989	Hatchback	Super 5	B40	5	EU-RENAULT-SUPER-5-X40-HATCHBACK-5D-01	HIGH	五门物理分支。	READY
1990_3dr	1990	Hatchback	Super 5	C40	3	EU-RENAULT-SUPER-5-X40-HATCHBACK-3D-01	HIGH	三门物理分支。	READY
1990_5dr	1990	Hatchback	Super 5	B40	5	EU-RENAULT-SUPER-5-X40-HATCHBACK-5D-01	HIGH	五门物理分支。	READY
1991_3dr	1991	Hatchback	Super 5	C40	3	EU-RENAULT-SUPER-5-X40-HATCHBACK-3D-01	HIGH	三门物理分支。	READY
1991_5dr	1991	Hatchback	Super 5	B40	5	EU-RENAULT-SUPER-5-X40-HATCHBACK-5D-01	HIGH	五门物理分支。	READY
1993_3dr	1993	Hatchback	Super 5	C40	3	EU-RENAULT-SUPER-5-X40-HATCHBACK-3D-01	HIGH	三门物理分支。	READY
1993_5dr	1993	Hatchback	Super 5	B40	5	EU-RENAULT-SUPER-5-X40-HATCHBACK-5D-01	HIGH	五门物理分支。	READY
1994_3dr	1994	Hatchback	Super 5	C40	3	EU-RENAULT-SUPER-5-X40-HATCHBACK-3D-01	HIGH	三门物理分支。	READY
1994_5dr	1994	Hatchback	Super 5	B40	5	EU-RENAULT-SUPER-5-X40-HATCHBACK-5D-01	HIGH	五门物理分支。	READY
1996_3dr	1996	Hatchback	Super 5	C40	3	EU-RENAULT-SUPER-5-X40-HATCHBACK-3D-01	HIGH	三门物理分支。	READY
1996_5dr	1996	Hatchback	Super 5	B40	5	EU-RENAULT-SUPER-5-X40-HATCHBACK-5D-01	HIGH	五门物理分支。	READY
1997_3dr	1997	Hatchback	Super 5	C40	3	EU-RENAULT-SUPER-5-X40-HATCHBACK-3D-01	HIGH	三门物理分支。	READY
1997_5dr	1997	Hatchback	Super 5	B40	5	EU-RENAULT-SUPER-5-X40-HATCHBACK-5D-01	HIGH	五门物理分支。	READY
1999_3dr	1999	Hatchback	Super 5	C40	3	EU-RENAULT-SUPER-5-X40-HATCHBACK-3D-01	HIGH	三门物理分支。	READY
1999_5dr	1999	Hatchback	Super 5	B40	5	EU-RENAULT-SUPER-5-X40-HATCHBACK-5D-01	HIGH	五门物理分支。	READY
2001_3dr	2001	Hatchback	Super 5	C40	3	EU-RENAULT-SUPER-5-X40-HATCHBACK-3D-01	HIGH	三门物理分支。	READY
2001_5dr	2001	Hatchback	Super 5	B40	5	EU-RENAULT-SUPER-5-X40-HATCHBACK-5D-01	HIGH	五门物理分支。	READY
2000_3dr	2000	Hatchback	Super 5	C40	3	EU-RENAULT-SUPER-5-X40-HATCHBACK-3D-01	HIGH	三门物理分支。	READY
2000_5dr	2000	Hatchback	Super 5	B40	5	EU-RENAULT-SUPER-5-X40-HATCHBACK-5D-01	HIGH	五门物理分支。	READY
1998_3dr	1998	Hatchback	Super 5	C40	3	EU-RENAULT-SUPER-5-X40-HATCHBACK-3D-01	HIGH	三门物理分支。	READY
1998_5dr	1998	Hatchback	Super 5	B40	5	EU-RENAULT-SUPER-5-X40-HATCHBACK-5D-01	HIGH	五门物理分支。	READY
1995	1995	Hatchback	Super 5 GT Turbo	C40	3	EU-RENAULT-SUPER-5-X40-HATCHBACK-GT-TURBO-3D-01	HIGH	GT Turbo专属三门外廓。	READY
803430	803430	SUV	Symbioz I		5	EU-RENAULT-SYMBIOZ-I-SUV-01	HIGH	按Renault官方车型定位归类为五门SUV；动力差异不改变外廓。	READY
801961	801961	SUV	Symbioz I		5	EU-RENAULT-SYMBIOZ-I-SUV-01	HIGH	按Renault官方车型定位归类为五门SUV；动力差异不改变外廓。	READY
158775	158775	SUV	Symbioz I		5	EU-RENAULT-SYMBIOZ-I-SUV-01	HIGH	按Renault官方车型定位归类为五门SUV；动力差异不改变外廓。	READY
801990	801990	SUV	Symbioz I		5	EU-RENAULT-SYMBIOZ-I-SUV-01	HIGH	按Renault官方车型定位归类为五门SUV；动力差异不改变外廓。	READY
113255	113255	Sedan	Symbol III	L52	4	EU-RENAULT-SYMBOL-III-SEDAN-PREFL-01	HIGH	改款前四门轿车外廓。	READY
106519	106519	Sedan	Symbol III	L52	4	EU-RENAULT-SYMBOL-III-SEDAN-PREFL-01	HIGH	改款前四门轿车外廓。	READY
113259	113259	Sedan	Symbol III	L52	4	EU-RENAULT-SYMBOL-III-SEDAN-PREFL-01	HIGH	改款前四门轿车外廓。	READY
144494	144494	Sedan	Symbol III		4	EU-RENAULT-SYMBOL-III-SEDAN-FACELIFT-01	HIGH	2017年改款后四门轿车外廓。	READY
156583	156583	Sedan	Talisman I		4	EU-RENAULT-TALISMAN-I-SEDAN-01	HIGH	四门轿车外廓。	READY
145211	145211	Sedan	Talisman I		4	EU-RENAULT-TALISMAN-I-SEDAN-01	HIGH	四门轿车外廓。	READY
117838	117838	Sedan	Talisman I		4	EU-RENAULT-TALISMAN-I-SEDAN-01	HIGH	四门轿车外廓。	READY
117839	117839	Sedan	Talisman I		4	EU-RENAULT-TALISMAN-I-SEDAN-01	HIGH	四门轿车外廓。	READY
117840	117840	Sedan	Talisman I		4	EU-RENAULT-TALISMAN-I-SEDAN-01	HIGH	四门轿车外廓。	READY
117836	117836	Sedan	Talisman I		4	EU-RENAULT-TALISMAN-I-SEDAN-01	HIGH	四门轿车外廓。	READY
117837	117837	Sedan	Talisman I		4	EU-RENAULT-TALISMAN-I-SEDAN-01	HIGH	四门轿车外廓。	READY
145210	145210	Sedan	Talisman I		4	EU-RENAULT-TALISMAN-I-SEDAN-01	HIGH	四门轿车外廓。	READY
156584	156584	Wagon	Talisman I		5	EU-RENAULT-TALISMAN-I-WAGON-01	HIGH	五门旅行车外廓。	READY
145209	145209	Wagon	Talisman I		5	EU-RENAULT-TALISMAN-I-WAGON-01	HIGH	五门旅行车外廓。	READY
118561	118561	Wagon	Talisman I		5	EU-RENAULT-TALISMAN-I-WAGON-01	HIGH	五门旅行车外廓。	READY
118562	118562	Wagon	Talisman I		5	EU-RENAULT-TALISMAN-I-WAGON-01	HIGH	五门旅行车外廓。	READY
118563	118563	Wagon	Talisman I		5	EU-RENAULT-TALISMAN-I-WAGON-01	HIGH	五门旅行车外廓。	READY
118559	118559	Wagon	Talisman I		5	EU-RENAULT-TALISMAN-I-WAGON-01	HIGH	五门旅行车外廓。	READY
118560	118560	Wagon	Talisman I		5	EU-RENAULT-TALISMAN-I-WAGON-01	HIGH	五门旅行车外廓。	READY
145208	145208	Wagon	Talisman I		5	EU-RENAULT-TALISMAN-I-WAGON-01	HIGH	五门旅行车外廓。	READY
16553_prefl	16553	Sedan	Thalia I		4	EU-RENAULT-THALIA-I-SEDAN-PREFL-01	HIGH	改款前四门轿车外廓。	READY
16553_facelift	16553	Sedan	Thalia I		4	EU-RENAULT-THALIA-I-SEDAN-FACELIFT-01	HIGH	改款后四门轿车外廓。	READY
16554_prefl	16554	Sedan	Thalia I		4	EU-RENAULT-THALIA-I-SEDAN-PREFL-01	HIGH	改款前四门轿车外廓。	READY
16554_facelift	16554	Sedan	Thalia I		4	EU-RENAULT-THALIA-I-SEDAN-FACELIFT-01	HIGH	改款后四门轿车外廓。	READY
16831	16831	Sedan	Thalia I		4	EU-RENAULT-THALIA-I-SEDAN-FACELIFT-01	HIGH	1.5 dCi对应改款后外廓。	READY
16832	16832	Sedan	Thalia I		4	EU-RENAULT-THALIA-I-SEDAN-FACELIFT-01	MEDIUM	1.6 16V确认关联改款后外廓。	READY
113279	113279	Sedan	Thalia II	L35	4	EU-RENAULT-THALIA-II-SEDAN-01	HIGH	L35四门轿车外廓。	READY
13967_swb	13967	Pickup	Trafic I Phase I	P6	2	EU-RENAULT-TRAFIC-I-PLATFORM-SWB-01	MEDIUM	P6后驱短轴平台/底盘分支。	READY
13967_lwb	13967	Pickup	Trafic I Phase I	P6	2	EU-RENAULT-TRAFIC-I-PLATFORM-LWB-01	MEDIUM	P6后驱长轴平台/底盘分支。	READY
12299	12299	Hatchback	200 II (RF)	RF		EU-ROVER-200-RF-HATCHBACK-01	HIGH		READY
18845	18845	Convertible	200 Cabriolet (R8)	XW	2	EU-ROVER-200-R8-CONVERTIBLE-01	MEDIUM		READY
55393	55393	Hatchback	200 II (RF)	RF		EU-ROVER-200-RF-HATCHBACK-01	HIGH		READY
14254	14254	Hatchback	SD1	SD1	5	EU-ROVER-SD1-HATCHBACK-01	HIGH		READY
14255	14255	Hatchback	SD1	SD1	5	EU-ROVER-SD1-HATCHBACK-01	HIGH		READY
144663	144663	Hatchback	SD1	SD1	5	EU-ROVER-SD1-HATCHBACK-01	HIGH		READY
14256	14256	Hatchback	SD1	SD1	5	EU-ROVER-SD1-HATCHBACK-01	HIGH		READY
5087	5087	Hatchback	SD1	SD1	5	EU-ROVER-SD1-HATCHBACK-01	HIGH		READY
14636	14636	Hatchback	45 (RT)	RT	5	EU-ROVER-45-RT-HATCHBACK-01	HIGH		READY
14700	14700	Sedan	45 (RT)	RT	4	EU-ROVER-45-RT-SEDAN-01	HIGH		READY
14637	14637	Hatchback	45 (RT)	RT	5	EU-ROVER-45-RT-HATCHBACK-01	HIGH		READY
14701	14701	Sedan	45 (RT)	RT	4	EU-ROVER-45-RT-SEDAN-01	HIGH		READY
14638	14638	Hatchback	45 (RT)	RT	5	EU-ROVER-45-RT-HATCHBACK-01	HIGH		READY
14702	14702	Sedan	45 (RT)	RT	4	EU-ROVER-45-RT-SEDAN-01	HIGH		READY
14639	14639	Hatchback	45 (RT)	RT	5	EU-ROVER-45-RT-HATCHBACK-01	HIGH		READY
14704	14704	Sedan	45 (RT)	RT	4	EU-ROVER-45-RT-SEDAN-01	HIGH		READY
14640	14640	Hatchback	45 (RT)	RT	5	EU-ROVER-45-RT-HATCHBACK-01	HIGH		READY
14703	14703	Sedan	45 (RT)	RT	4	EU-ROVER-45-RT-SEDAN-01	HIGH		READY
13799	13799	Sedan	A60 Cambridge	A60	4	EU-ROVER-A60-CAMBRIDGE-SEDAN-01	HIGH		READY
54962	54962	Hatchback	CityRover		5	EU-ROVER-CITYROVER-HATCHBACK-01	HIGH		READY
13850	13850	Coupe	200 Coupe (R8)	XW	2	EU-ROVER-200-R8-COUPE-01	HIGH		READY
13851	13851	Coupe	200 Coupe (R8)	XW	2	EU-ROVER-200-R8-COUPE-01	HIGH		READY
13852	13852	Hatchback	Maestro		5	EU-ROVER-MAESTRO-HATCHBACK-01	HIGH		READY
11331	11331	Hatchback	Mini Mk VI	ADO20	2	EU-ROVER-MINI-MKVI-HATCHBACK-01	HIGH		READY
59031	59031	Convertible	Mini Moke			EU-ROVER-MINI-MOKE-CONVERTIBLE-01	HIGH		READY
13988	13988	Wagon	Montego		5	EU-ROVER-MONTEGO-WAGON-01	HIGH		READY
13986	13986	Sedan	Montego		4	EU-ROVER-MONTEGO-SEDAN-01	HIGH		READY
13983	13983	Sedan	Montego		4	EU-ROVER-MONTEGO-SEDAN-01	HIGH		READY
17794	17794	Hatchback	Streetwise			EU-ROVER-STREETWISE-HATCHBACK-01	HIGH		READY
17796	17796	Hatchback	Streetwise			EU-ROVER-STREETWISE-HATCHBACK-01	HIGH		READY
17795	17795	Hatchback	Streetwise			EU-ROVER-STREETWISE-HATCHBACK-01	HIGH		READY
106331	106331	Coupe	3800 S (981)	981	2	EU-RUF-3800-981-COUPE-01	MEDIUM		READY
106332	106332	Convertible	3800 S Roadster (981)	981	2	EU-RUF-3800-981-CONVERTIBLE-01	MEDIUM		READY
106319	106319	Coupe	CTR3	CTR3	2	EU-RUF-CTR3-CTR3-COUPE-01	HIGH		READY
106334	106334	Coupe	CTR3	CTR3	2	EU-RUF-CTR3-CTR3-COUPE-01	HIGH		READY
106321	106321	Coupe	Rt 12 (997)	997	2	EU-RUF-RT12-997-COUPE-01	MEDIUM		READY
106320	106320	Coupe	Rt 12 R (997)	997	2	EU-RUF-RT12R-997-COUPE-01	HIGH	RT 12 R为独立外廓。	READY
106322	106322	Coupe	Rt 12 (997)	997	2	EU-RUF-RT12-997-COUPE-01	MEDIUM		READY
106323	106323	Coupe	Rt 12 (997)	997	2	EU-RUF-RT12-997-COUPE-01	MEDIUM		READY
106325	106325	Coupe	Rt 35 (991)	991	2	EU-RUF-RT35-991-COUPE-01	HIGH		READY
106327	106327	Coupe	Rt 35 (991)	991	2	EU-RUF-RT35-991-COUPE-01	HIGH		READY
106328	106328	Coupe	Rt 35 (991)	991	2	EU-RUF-RT35-991-COUPE-01	HIGH		READY
106329	106329	Convertible	Rt 35 Roadster (991)	991	2	EU-RUF-RT35-991-CONVERTIBLE-01	MEDIUM		READY
106330	106330	Convertible	Rt 35 Roadster (991)	991	2	EU-RUF-RT35-991-CONVERTIBLE-01	MEDIUM		READY
116791	116791	Hatchback	600	831	5	EU-SAAB-600-831-HATCHBACK-01	HIGH		READY
100403	100403	Sedan	9000 CD	CD	4	EU-SAAB-9000-CD-SEDAN-01	HIGH		READY
5078	5078	Convertible	900 I	900	2	EU-SAAB-900-I-CONVERTIBLE-01	HIGH		READY
18846	18846	Hatchback	900 I early	900		EU-SAAB-900-I-HATCHBACK-EARLY-01	HIGH		READY
5083	5083	Hatchback	900 I late	900		EU-SAAB-900-I-HATCHBACK-LATE-01	HIGH		READY
16825_prefl	16825	Sedan	9-3 II pre-facelift	YS3F	4	EU-SAAB-9-3-II-SEDAN-PREFL-01	HIGH	输入生产期跨越已证实外廓边界；此行为改款前分支。	READY
16825_facelift	16825	Sedan	9-3 II facelift 2007	YS3F	4	EU-SAAB-9-3-II-SEDAN-FACELIFT07-01	HIGH	输入生产期跨越已证实外廓边界；此行为2007改款分支。	READY
16825_griffin	16825	Sedan	9-3 II Griffin	YS3F	4	EU-SAAB-9-3-II-SEDAN-GRIFFIN-01	HIGH	输入生产期跨越已证实外廓边界；此行为2011 Griffin分支。	READY
18004_prefl	18004	Convertible	9-3 II pre-facelift	YS3F	2	EU-SAAB-9-3-II-CONVERTIBLE-PREFL-01	HIGH	输入生产期跨越已证实外廓边界；此行为改款前分支。	READY
18004_facelift	18004	Convertible	9-3 II facelift 2007	YS3F	2	EU-SAAB-9-3-II-CONVERTIBLE-FACELIFT07-01	HIGH	输入生产期跨越已证实外廓边界；此行为2007改款分支。	READY
18004_griffin	18004	Convertible	9-3 II Griffin	YS3F	2	EU-SAAB-9-3-II-CONVERTIBLE-GRIFFIN-01	HIGH	输入生产期跨越已证实外廓边界；此行为2011 Griffin分支。	READY
18442_prefl	18442	Sedan	9-3 II pre-facelift	YS3F	4	EU-SAAB-9-3-II-SEDAN-PREFL-01	HIGH	输入生产期跨越已证实外廓边界；此行为改款前分支。	READY
18442_facelift	18442	Sedan	9-3 II facelift 2007	YS3F	4	EU-SAAB-9-3-II-SEDAN-FACELIFT07-01	HIGH	输入生产期跨越已证实外廓边界；此行为2007改款分支。	READY
18442_griffin	18442	Sedan	9-3 II Griffin	YS3F	4	EU-SAAB-9-3-II-SEDAN-GRIFFIN-01	HIGH	输入生产期跨越已证实外廓边界；此行为2011 Griffin分支。	READY
18565_prefl	18565	Wagon	9-3 II pre-facelift	YS3F	5	EU-SAAB-9-3-II-WAGON-PREFL-01	HIGH	输入生产期跨越已证实外廓边界；此行为改款前分支。	READY
18565_facelift	18565	Wagon	9-3 II facelift 2007	YS3F	5	EU-SAAB-9-3-II-WAGON-FACELIFT07-01	HIGH	输入生产期跨越已证实外廓边界；此行为2007改款分支。	READY
18565_griffin	18565	Wagon	9-3 II Griffin	YS3F	5	EU-SAAB-9-3-II-WAGON-GRIFFIN-01	HIGH	输入生产期跨越已证实外廓边界；此行为2011 Griffin分支。	READY
100034_prefl	100034	Convertible	9-3 II pre-facelift	YS3F	2	EU-SAAB-9-3-II-CONVERTIBLE-PREFL-01	HIGH	输入生产期跨越已证实外廓边界；此行为改款前分支。	READY
100034_facelift	100034	Convertible	9-3 II facelift 2007	YS3F	2	EU-SAAB-9-3-II-CONVERTIBLE-FACELIFT07-01	HIGH	输入生产期跨越已证实外廓边界；此行为2007改款分支。	READY
100034_griffin	100034	Convertible	9-3 II Griffin	YS3F	2	EU-SAAB-9-3-II-CONVERTIBLE-GRIFFIN-01	HIGH	输入生产期跨越已证实外廓边界；此行为2011 Griffin分支。	READY
18254_prefl	18254	Sedan	9-3 II pre-facelift	YS3F	4	EU-SAAB-9-3-II-SEDAN-PREFL-01	HIGH	输入生产期跨越已证实外廓边界；此行为改款前分支。	READY
18254_facelift	18254	Sedan	9-3 II facelift 2007	YS3F	4	EU-SAAB-9-3-II-SEDAN-FACELIFT07-01	HIGH	输入生产期跨越已证实外廓边界；此行为2007改款分支。	READY
18254_griffin	18254	Sedan	9-3 II Griffin	YS3F	4	EU-SAAB-9-3-II-SEDAN-GRIFFIN-01	HIGH	输入生产期跨越已证实外廓边界；此行为2011 Griffin分支。	READY
18258_prefl	18258	Sedan	9-3 II pre-facelift	YS3F	4	EU-SAAB-9-3-II-SEDAN-PREFL-01	HIGH	输入生产期跨越已证实外廓边界；此行为改款前分支。	READY
18258_facelift	18258	Sedan	9-3 II facelift 2007	YS3F	4	EU-SAAB-9-3-II-SEDAN-FACELIFT07-01	HIGH	输入生产期跨越已证实外廓边界；此行为2007改款分支。	READY
18258_griffin	18258	Sedan	9-3 II Griffin	YS3F	4	EU-SAAB-9-3-II-SEDAN-GRIFFIN-01	HIGH	输入生产期跨越已证实外廓边界；此行为2011 Griffin分支。	READY
18569_prefl	18569	Wagon	9-3 II pre-facelift	YS3F	5	EU-SAAB-9-3-II-WAGON-PREFL-01	HIGH	输入生产期跨越已证实外廓边界；此行为改款前分支。	READY
18569_facelift	18569	Wagon	9-3 II facelift 2007	YS3F	5	EU-SAAB-9-3-II-WAGON-FACELIFT07-01	HIGH	输入生产期跨越已证实外廓边界；此行为2007改款分支。	READY
18569_griffin	18569	Wagon	9-3 II Griffin	YS3F	5	EU-SAAB-9-3-II-WAGON-GRIFFIN-01	HIGH	输入生产期跨越已证实外廓边界；此行为2011 Griffin分支。	READY
18570_prefl	18570	Wagon	9-3 II pre-facelift	YS3F	5	EU-SAAB-9-3-II-WAGON-PREFL-01	HIGH	输入生产期跨越已证实外廓边界；此行为改款前分支。	READY
18570_facelift	18570	Wagon	9-3 II facelift 2007	YS3F	5	EU-SAAB-9-3-II-WAGON-FACELIFT07-01	HIGH	输入生产期跨越已证实外廓边界；此行为2007改款分支。	READY
18570_griffin	18570	Wagon	9-3 II Griffin	YS3F	5	EU-SAAB-9-3-II-WAGON-GRIFFIN-01	HIGH	输入生产期跨越已证实外廓边界；此行为2011 Griffin分支。	READY
100038_prefl	100038	Convertible	9-3 II pre-facelift	YS3F	2	EU-SAAB-9-3-II-CONVERTIBLE-PREFL-01	HIGH	输入生产期跨越已证实外廓边界；此行为改款前分支。	READY
100038_facelift	100038	Convertible	9-3 II facelift 2007	YS3F	2	EU-SAAB-9-3-II-CONVERTIBLE-FACELIFT07-01	HIGH	输入生产期跨越已证实外廓边界；此行为2007改款分支。	READY
100038_griffin	100038	Convertible	9-3 II Griffin	YS3F	2	EU-SAAB-9-3-II-CONVERTIBLE-GRIFFIN-01	HIGH	输入生产期跨越已证实外廓边界；此行为2011 Griffin分支。	READY
12159	12159	Hatchback	9-3 I	YS3D		EU-SAAB-9-3-I-HATCHBACK-01	HIGH		READY
12161	12161	Convertible	9-3 I	YS3D	2	EU-SAAB-9-3-I-CONVERTIBLE-01	HIGH		READY
9964	9964	Convertible	9-3 II Griffin	YS3F	2	EU-SAAB-9-3-II-CONVERTIBLE-GRIFFIN-01	HIGH		READY
9966	9966	Convertible	9-3 II Griffin	YS3F	2	EU-SAAB-9-3-II-CONVERTIBLE-GRIFFIN-01	HIGH		READY
9969_prefl	9969	Wagon	9-3 II pre-facelift	YS3F	5	EU-SAAB-9-3-II-WAGON-PREFL-01	HIGH	输入生产期跨越已证实外廓边界；此行为改款前分支。	READY
9969_facelift	9969	Wagon	9-3 II facelift 2007	YS3F	5	EU-SAAB-9-3-II-WAGON-FACELIFT07-01	HIGH	输入生产期跨越已证实外廓边界；此行为2007改款分支。	READY
9969_griffin	9969	Wagon	9-3 II Griffin	YS3F	5	EU-SAAB-9-3-II-WAGON-GRIFFIN-01	HIGH	输入生产期跨越已证实外廓边界；此行为2011 Griffin分支。	READY
9971	9971	Wagon	9-3 II Griffin	YS3F	5	EU-SAAB-9-3-II-WAGON-GRIFFIN-01	HIGH		READY
16826_prefl	16826	Sedan	9-3 II pre-facelift	YS3F	4	EU-SAAB-9-3-II-SEDAN-PREFL-01	HIGH	输入生产期跨越已证实外廓边界；此行为改款前分支。	READY
16826_facelift	16826	Sedan	9-3 II facelift 2007	YS3F	4	EU-SAAB-9-3-II-SEDAN-FACELIFT07-01	HIGH	输入生产期跨越已证实外廓边界；此行为2007改款分支。	READY
16826_griffin	16826	Sedan	9-3 II Griffin	YS3F	4	EU-SAAB-9-3-II-SEDAN-GRIFFIN-01	HIGH	输入生产期跨越已证实外廓边界；此行为2011 Griffin分支。	READY
17355_prefl	17355	Sedan	9-3 II pre-facelift	YS3F	4	EU-SAAB-9-3-II-SEDAN-PREFL-01	HIGH	输入生产期跨越已证实外廓边界；此行为改款前分支。	READY
17355_facelift	17355	Sedan	9-3 II facelift 2007	YS3F	4	EU-SAAB-9-3-II-SEDAN-FACELIFT07-01	HIGH	输入生产期跨越已证实外廓边界；此行为2007改款分支。	READY
17355_griffin	17355	Sedan	9-3 II Griffin	YS3F	4	EU-SAAB-9-3-II-SEDAN-GRIFFIN-01	HIGH	输入生产期跨越已证实外廓边界；此行为2011 Griffin分支。	READY
17759_prefl	17759	Convertible	9-3 II pre-facelift	YS3F	2	EU-SAAB-9-3-II-CONVERTIBLE-PREFL-01	HIGH	输入生产期跨越已证实外廓边界；此行为改款前分支。	READY
17759_facelift	17759	Convertible	9-3 II facelift 2007	YS3F	2	EU-SAAB-9-3-II-CONVERTIBLE-FACELIFT07-01	HIGH	输入生产期跨越已证实外廓边界；此行为2007改款分支。	READY
17759_griffin	17759	Convertible	9-3 II Griffin	YS3F	2	EU-SAAB-9-3-II-CONVERTIBLE-GRIFFIN-01	HIGH	输入生产期跨越已证实外廓边界；此行为2011 Griffin分支。	READY
17760_prefl	17760	Convertible	9-3 II pre-facelift	YS3F	2	EU-SAAB-9-3-II-CONVERTIBLE-PREFL-01	HIGH	输入生产期跨越已证实外廓边界；此行为改款前分支。	READY
17760_facelift	17760	Convertible	9-3 II facelift 2007	YS3F	2	EU-SAAB-9-3-II-CONVERTIBLE-FACELIFT07-01	HIGH	输入生产期跨越已证实外廓边界；此行为2007改款分支。	READY
17760_griffin	17760	Convertible	9-3 II Griffin	YS3F	2	EU-SAAB-9-3-II-CONVERTIBLE-GRIFFIN-01	HIGH	输入生产期跨越已证实外廓边界；此行为2011 Griffin分支。	READY
18566_prefl	18566	Wagon	9-3 II pre-facelift	YS3F	5	EU-SAAB-9-3-II-WAGON-PREFL-01	HIGH	输入生产期跨越已证实外廓边界；此行为改款前分支。	READY
18566_facelift	18566	Wagon	9-3 II facelift 2007	YS3F	5	EU-SAAB-9-3-II-WAGON-FACELIFT07-01	HIGH	输入生产期跨越已证实外廓边界；此行为2007改款分支。	READY
18566_griffin	18566	Wagon	9-3 II Griffin	YS3F	5	EU-SAAB-9-3-II-WAGON-GRIFFIN-01	HIGH	输入生产期跨越已证实外廓边界；此行为2011 Griffin分支。	READY
18567_prefl	18567	Wagon	9-3 II pre-facelift	YS3F	5	EU-SAAB-9-3-II-WAGON-PREFL-01	HIGH	输入生产期跨越已证实外廓边界；此行为改款前分支。	READY
18567_facelift	18567	Wagon	9-3 II facelift 2007	YS3F	5	EU-SAAB-9-3-II-WAGON-FACELIFT07-01	HIGH	输入生产期跨越已证实外廓边界；此行为2007改款分支。	READY
18567_griffin	18567	Wagon	9-3 II Griffin	YS3F	5	EU-SAAB-9-3-II-WAGON-GRIFFIN-01	HIGH	输入生产期跨越已证实外廓边界；此行为2011 Griffin分支。	READY
18568_prefl	18568	Wagon	9-3 II pre-facelift	YS3F	5	EU-SAAB-9-3-II-WAGON-PREFL-01	HIGH	输入生产期跨越已证实外廓边界；此行为改款前分支。	READY
18568_facelift	18568	Wagon	9-3 II facelift 2007	YS3F	5	EU-SAAB-9-3-II-WAGON-FACELIFT07-01	HIGH	输入生产期跨越已证实外廓边界；此行为2007改款分支。	READY
18568_griffin	18568	Wagon	9-3 II Griffin	YS3F	5	EU-SAAB-9-3-II-WAGON-GRIFFIN-01	HIGH	输入生产期跨越已证实外廓边界；此行为2011 Griffin分支。	READY
59286_facelift	59286	Wagon	9-3 II facelift 2007	YS3F	5	EU-SAAB-9-3-II-WAGON-FACELIFT07-01	HIGH	输入生产期跨越已证实外廓边界；此行为2007改款分支。	READY
59286_griffin	59286	Wagon	9-3 II Griffin	YS3F	5	EU-SAAB-9-3-II-WAGON-GRIFFIN-01	HIGH	输入生产期跨越已证实外廓边界；此行为2011 Griffin分支。	READY
9965	9965	Convertible	9-3 II Griffin	YS3F	2	EU-SAAB-9-3-II-CONVERTIBLE-GRIFFIN-01	HIGH		READY
9967	9967	Convertible	9-3 II Griffin	YS3F	2	EU-SAAB-9-3-II-CONVERTIBLE-GRIFFIN-01	HIGH		READY
9970	9970	Wagon	9-3 II Griffin	YS3F	5	EU-SAAB-9-3-II-WAGON-GRIFFIN-01	HIGH		READY
9973	9973	Wagon	9-3 II Griffin	YS3F	5	EU-SAAB-9-3-II-WAGON-GRIFFIN-01	HIGH		READY
57478	57478	Wagon	9-3 II Griffin	YS3F	5	EU-SAAB-9-3-II-WAGON-GRIFFIN-01	HIGH		READY
9968_prefl	9968	Wagon	9-3 II pre-facelift	YS3F	5	EU-SAAB-9-3-II-WAGON-PREFL-01	HIGH	输入生产期跨越已证实外廓边界；此行为改款前分支。	READY
9968_facelift	9968	Wagon	9-3 II facelift 2007	YS3F	5	EU-SAAB-9-3-II-WAGON-FACELIFT07-01	HIGH	输入生产期跨越已证实外廓边界；此行为2007改款分支。	READY
9968_griffin	9968	Wagon	9-3 II Griffin	YS3F	5	EU-SAAB-9-3-II-WAGON-GRIFFIN-01	HIGH	输入生产期跨越已证实外廓边界；此行为2011 Griffin分支。	READY
9972	9972	Wagon	9-3 II Griffin	YS3F	5	EU-SAAB-9-3-II-WAGON-GRIFFIN-01	HIGH		READY
59283_facelift	59283	Sedan	9-3 II facelift 2007	YS3F	4	EU-SAAB-9-3-II-SEDAN-FACELIFT07-01	HIGH	输入生产期跨越已证实外廓边界；此行为2007改款分支。	READY
59283_griffin	59283	Sedan	9-3 II Griffin	YS3F	4	EU-SAAB-9-3-II-SEDAN-GRIFFIN-01	HIGH	输入生产期跨越已证实外廓边界；此行为2011 Griffin分支。	READY
59285_facelift	59285	Wagon	9-3 II facelift 2007	YS3F	5	EU-SAAB-9-3-II-WAGON-FACELIFT07-01	HIGH	输入生产期跨越已证实外廓边界；此行为2007改款分支。	READY
59285_griffin	59285	Wagon	9-3 II Griffin	YS3F	5	EU-SAAB-9-3-II-WAGON-GRIFFIN-01	HIGH	输入生产期跨越已证实外廓边界；此行为2011 Griffin分支。	READY
11374	11374	Hatchback	9-3 I	YS3D		EU-SAAB-9-3-I-HATCHBACK-01	HIGH		READY
11375	11375	Convertible	9-3 I	YS3D	2	EU-SAAB-9-3-I-CONVERTIBLE-01	HIGH		READY
14280	14280	Hatchback	9-3 I	YS3D		EU-SAAB-9-3-I-HATCHBACK-01	HIGH		READY
14281	14281	Convertible	9-3 I	YS3D	2	EU-SAAB-9-3-I-CONVERTIBLE-01	HIGH		READY
15818	15818	Hatchback	9-3 I	YS3D		EU-SAAB-9-3-I-HATCHBACK-01	HIGH		READY
15819	15819	Convertible	9-3 I	YS3D	2	EU-SAAB-9-3-I-CONVERTIBLE-01	HIGH		READY
15702	15702	Hatchback	9-3 I	YS3D		EU-SAAB-9-3-I-HATCHBACK-01	HIGH		READY
16827_prefl	16827	Sedan	9-3 II pre-facelift	YS3F	4	EU-SAAB-9-3-II-SEDAN-PREFL-01	HIGH	输入生产期跨越已证实外廓边界；此行为改款前分支。	READY
16827_facelift	16827	Sedan	9-3 II facelift 2007	YS3F	4	EU-SAAB-9-3-II-SEDAN-FACELIFT07-01	HIGH	输入生产期跨越已证实外廓边界；此行为2007改款分支。	READY
16827_griffin	16827	Sedan	9-3 II Griffin	YS3F	4	EU-SAAB-9-3-II-SEDAN-GRIFFIN-01	HIGH	输入生产期跨越已证实外廓边界；此行为2011 Griffin分支。	READY
14279	14279	Hatchback	9-3 I	YS3D		EU-SAAB-9-3-I-HATCHBACK-01	HIGH		READY
14282	14282	Convertible	9-3 I	YS3D	2	EU-SAAB-9-3-I-CONVERTIBLE-01	HIGH		READY
18571_prefl	18571	Wagon	9-3 II pre-facelift	YS3F	5	EU-SAAB-9-3-II-WAGON-PREFL-01	HIGH	输入生产期跨越已证实外廓边界；此行为改款前分支。	READY
18571_facelift	18571	Wagon	9-3 II facelift 2007	YS3F	5	EU-SAAB-9-3-II-WAGON-FACELIFT07-01	HIGH	输入生产期跨越已证实外廓边界；此行为2007改款分支。	READY
18571_griffin	18571	Wagon	9-3 II Griffin	YS3F	5	EU-SAAB-9-3-II-WAGON-GRIFFIN-01	HIGH	输入生产期跨越已证实外廓边界；此行为2011 Griffin分支。	READY
19057_prefl	19057	Sedan	9-3 II pre-facelift	YS3F	4	EU-SAAB-9-3-II-SEDAN-PREFL-01	HIGH	输入生产期跨越已证实外廓边界；此行为改款前分支。	READY
19057_facelift	19057	Sedan	9-3 II facelift 2007	YS3F	4	EU-SAAB-9-3-II-SEDAN-FACELIFT07-01	HIGH	输入生产期跨越已证实外廓边界；此行为2007改款分支。	READY
19057_griffin	19057	Sedan	9-3 II Griffin	YS3F	4	EU-SAAB-9-3-II-SEDAN-GRIFFIN-01	HIGH	输入生产期跨越已证实外廓边界；此行为2011 Griffin分支。	READY
128488	128488	Sedan	9-3 II facelift 2007	YS3F	4	EU-SAAB-9-3-II-SEDAN-FACELIFT07-01	HIGH		READY
128489	128489	Wagon	9-3 II facelift 2007	YS3F	5	EU-SAAB-9-3-II-WAGON-FACELIFT07-01	HIGH		READY
801892	801892	Wagon	9-3X II	YS3F	5	EU-SAAB-9-3X-II-WAGON-01	HIGH		READY
8775_prefl	8775	Sedan	9-5 I pre-facelift	YS3E	4	EU-SAAB-9-5-I-SEDAN-PREFL-01	HIGH	输入生产期跨越已证实外廓边界；此行为改款前分支。	READY
8775_facelift01	8775	Sedan	9-5 I facelift 2001	YS3E	4	EU-SAAB-9-5-I-SEDAN-FACELIFT01-01	HIGH	输入生产期跨越已证实外廓边界；此行为2001改款分支。	READY
8775_facelift05	8775	Sedan	9-5 I facelift 2005	YS3E	4	EU-SAAB-9-5-I-SEDAN-FACELIFT05-01	HIGH	输入生产期跨越已证实外廓边界；此行为2005改款分支。	READY
10918	10918	Wagon	9-5 I pre-facelift	YS3E	5	EU-SAAB-9-5-I-WAGON-PREFL-01	HIGH		READY
16636_facelift01	16636	Sedan	9-5 I facelift 2001	YS3E	4	EU-SAAB-9-5-I-SEDAN-FACELIFT01-01	HIGH	输入生产期跨越已证实外廓边界；此行为2001改款分支。	READY
16636_facelift05	16636	Sedan	9-5 I facelift 2005	YS3E	4	EU-SAAB-9-5-I-SEDAN-FACELIFT05-01	HIGH	输入生产期跨越已证实外廓边界；此行为2005改款分支。	READY
16637_facelift01	16637	Wagon	9-5 I facelift 2001		5	EU-SAAB-9-5-I-WAGON-FACELIFT01-01	HIGH	Ktype时段跨越2005改款，按已确认外廓拆分。	READY
16637_facelift05	16637	Wagon	9-5 I facelift 2005		5	EU-SAAB-9-5-I-WAGON-FACELIFT05-01	HIGH	Ktype时段跨越2005改款，按已确认外廓拆分。	READY
8776_prefl	8776	Sedan	9-5 I		4	EU-SAAB-9-5-I-SEDAN-PREFL-01	HIGH	Ktype时段跨越2001改款，按已确认外廓拆分。	READY
8776_facelift01	8776	Sedan	9-5 I facelift 2001		4	EU-SAAB-9-5-I-SEDAN-FACELIFT01-01	HIGH	Ktype时段跨越2001改款，按已确认外廓拆分。	READY
15820_facelift01	15820	Sedan	9-5 I facelift 2001		4	EU-SAAB-9-5-I-SEDAN-FACELIFT01-01	HIGH	Ktype时段跨越2005改款，按已确认外廓拆分。	READY
15820_facelift05	15820	Sedan	9-5 I facelift 2005		4	EU-SAAB-9-5-I-SEDAN-FACELIFT05-01	HIGH	Ktype时段跨越2005改款，按已确认外廓拆分。	READY
15821_facelift01	15821	Wagon	9-5 I facelift 2001		5	EU-SAAB-9-5-I-WAGON-FACELIFT01-01	HIGH	Ktype时段跨越2005改款，按已确认外廓拆分。	READY
15821_facelift05	15821	Wagon	9-5 I facelift 2005		5	EU-SAAB-9-5-I-WAGON-FACELIFT05-01	HIGH	Ktype时段跨越2005改款，按已确认外廓拆分。	READY
14283	14283	Sedan	9-5 I		4	EU-SAAB-9-5-I-SEDAN-PREFL-01	HIGH		READY
14284	14284	Wagon	9-5 I		5	EU-SAAB-9-5-I-WAGON-PREFL-01	HIGH		READY
16442_facelift01	16442	Wagon	9-5 I facelift 2001		5	EU-SAAB-9-5-I-WAGON-FACELIFT01-01	HIGH	Ktype时段跨越2005改款，按已确认外廓拆分。	READY
16442_facelift05	16442	Wagon	9-5 I facelift 2005		5	EU-SAAB-9-5-I-WAGON-FACELIFT05-01	HIGH	Ktype时段跨越2005改款，按已确认外廓拆分。	READY
17761_facelift01	17761	Sedan	9-5 I facelift 2001		4	EU-SAAB-9-5-I-SEDAN-FACELIFT01-01	HIGH	Ktype时段跨越2005改款，按已确认外廓拆分。	READY
17761_facelift05	17761	Sedan	9-5 I facelift 2005		4	EU-SAAB-9-5-I-SEDAN-FACELIFT05-01	HIGH	Ktype时段跨越2005改款，按已确认外廓拆分。	READY
17762_facelift01	17762	Wagon	9-5 I facelift 2001		5	EU-SAAB-9-5-I-WAGON-FACELIFT01-01	HIGH	Ktype时段跨越2005改款，按已确认外廓拆分。	READY
17762_facelift05	17762	Wagon	9-5 I facelift 2005		5	EU-SAAB-9-5-I-WAGON-FACELIFT05-01	HIGH	Ktype时段跨越2005改款，按已确认外廓拆分。	READY
8777_prefl	8777	Sedan	9-5 I		4	EU-SAAB-9-5-I-SEDAN-PREFL-01	HIGH	Ktype时段跨越2001改款，按已确认外廓拆分。	READY
8777_facelift01	8777	Sedan	9-5 I facelift 2001		4	EU-SAAB-9-5-I-SEDAN-FACELIFT01-01	HIGH	Ktype时段跨越2001改款，按已确认外廓拆分。	READY
55090	55090	Wagon	95		3	EU-SAAB-95-I-WAGON-0P8-01	HIGH		READY
58840_300_3dr	58840	SUV	300		3	EU-SANTANA-300-I-SUV-3D-01	HIGH	输入Model合并300/350；两者轴距、门数及三维不同，按车身拆分。	READY
58840_350_5dr	58840	SUV	350		5	EU-SANTANA-350-I-SUV-5D-01	HIGH	输入Model合并300/350；两者轴距、门数及三维不同，按车身拆分。	READY
17528	17528	Sedan	124/1430		4	EU-SEAT-124-I-SEDAN-1430-01	HIGH		READY
17529	17529	Sedan	124/1430		4	EU-SEAT-124-I-SEDAN-1430-01	HIGH		READY
17526	17526	Sedan	124		4	EU-SEAT-124-I-SEDAN-1200-01	HIGH		READY
17527	17527	Sedan	124		4	EU-SEAT-124-I-SEDAN-1200-01	HIGH		READY
17516_mk1_2dr	17516	Hatchback	127 Mk1		2	EU-SEAT-127-I-HATCHBACK-MK1-01	HIGH	Ktype时段覆盖第一、第二系列不同外廓，按系列拆分。	READY
17516_mk2_3dr	17516	Hatchback	127 Mk2		3	EU-SEAT-127-I-HATCHBACK-MK2-01	HIGH	Ktype时段覆盖第一、第二系列不同外廓，按系列拆分。	READY
17520	17520	Hatchback	127 Mk2		3	EU-SEAT-127-I-HATCHBACK-MK2-01	HIGH	1.0/1010对应第二系列外廓。	READY
17544	17544	Sedan	128 3P		3	EU-SEAT-128-I-SEDAN-3D-01	HIGH	原始Stufenheck按契约规范化为Sedan；实车为3门fastback。	READY
17545	17545	Sedan	128 3P		3	EU-SEAT-128-I-SEDAN-3D-01	HIGH	原始Stufenheck按契约规范化为Sedan；实车为3门fastback。	READY
17533_series1	17533	Sedan	132 Series I		4	EU-SEAT-132-I-SEDAN-SERIES1-01	HIGH	Ktype时段覆盖车身尺寸变化，按系列拆分。	READY
17533_series2	17533	Sedan	132 Series II/III		4	EU-SEAT-132-I-SEDAN-SERIES2-01	HIGH	Ktype时段覆盖车身尺寸变化，按系列拆分。	READY
17534_series1	17534	Sedan	132 Series I		4	EU-SEAT-132-I-SEDAN-SERIES1-01	HIGH	Ktype时段覆盖车身尺寸变化，按系列拆分。	READY
17534_series2	17534	Sedan	132 Series II/III		4	EU-SEAT-132-I-SEDAN-SERIES2-01	HIGH	Ktype时段覆盖车身尺寸变化，按系列拆分。	READY
17537	17537	Sedan	132 Series II/III		4	EU-SEAT-132-I-SEDAN-SERIES2-01	HIGH		READY
17535_series1	17535	Sedan	132 Series I		4	EU-SEAT-132-I-SEDAN-SERIES1-01	MEDIUM	输入时段跨越系列边界，按已确认外廓拆分。	READY
17535_series2	17535	Sedan	132 Series II/III		4	EU-SEAT-132-I-SEDAN-SERIES2-01	MEDIUM	输入时段跨越系列边界，按已确认外廓拆分。	READY
17542	17542	Sedan	132 Series II/III		4	EU-SEAT-132-I-SEDAN-SERIES2-01	HIGH		READY
17522	17522	Sedan	850		2	EU-SEAT-850-I-SEDAN-2D-01	HIGH		READY
17523	17523	Sedan	850		2	EU-SEAT-850-I-SEDAN-2D-01	HIGH		READY
17530	17530	Sedan	850 Especial Lujo		4	EU-SEAT-850-I-SEDAN-4D-01	MEDIUM	起始期与850四门Especial Lujo相符。	READY
142944_prefl	142944	Van	Alhambra I	7M	5	EU-SEAT-ALHAMBRA-I-MPVVAN-PREFL-01	HIGH	Ktype时段跨越2000改款且外廓改变，按阶段拆分。	READY
142944_facelift	142944	Van	Alhambra I facelift	7M	5	EU-SEAT-ALHAMBRA-I-MPVVAN-FACELIFT00-01	HIGH	Ktype时段跨越2000改款且外廓改变，按阶段拆分。	READY
117453	117453	MPV	Alhambra II	7N	5	EU-SEAT-ALHAMBRA-II-MPVVAN-STANDARD-01	HIGH		READY
59056	59056	MPV	Alhambra II	7N	5	EU-SEAT-ALHAMBRA-II-MPVVAN-STANDARD-01	HIGH		READY
5675_prefl	5675	MPV	Alhambra I	7M	5	EU-SEAT-ALHAMBRA-I-MPVVAN-PREFL-01	HIGH	Ktype时段跨越2000改款且外廓改变，按阶段拆分。	READY
5675_facelift	5675	MPV	Alhambra I facelift	7M	5	EU-SEAT-ALHAMBRA-I-MPVVAN-FACELIFT00-01	HIGH	Ktype时段跨越2000改款且外廓改变，按阶段拆分。	READY
14940	14940	MPV	Alhambra I facelift	7M	5	EU-SEAT-ALHAMBRA-I-MPVVAN-FACELIFT00-01	HIGH		READY
17157	17157	MPV	Alhambra I facelift	7M	5	EU-SEAT-ALHAMBRA-I-MPVVAN-FACELIFT00-01	HIGH		READY
18757	18757	MPV	Alhambra I facelift	7M	5	EU-SEAT-ALHAMBRA-I-MPVVAN-FACELIFT00-01	HIGH		READY
142951	142951	Van	Alhambra I facelift	7M	5	EU-SEAT-ALHAMBRA-I-MPVVAN-FACELIFT00-01	HIGH		READY
15964	15964	MPV	Alhambra I facelift	7M	5	EU-SEAT-ALHAMBRA-I-MPVVAN-FACELIFT00-01	HIGH		READY
142950	142950	Van	Alhambra I facelift	7M	5	EU-SEAT-ALHAMBRA-I-MPVVAN-FACELIFT00-01	HIGH		READY
5674_prefl	5674	MPV	Alhambra I	7M	5	EU-SEAT-ALHAMBRA-I-MPVVAN-PREFL-01	HIGH	Ktype时段跨越2000改款且外廓改变，按阶段拆分。	READY
5674_facelift	5674	MPV	Alhambra I facelift	7M	5	EU-SEAT-ALHAMBRA-I-MPVVAN-FACELIFT00-01	HIGH	Ktype时段跨越2000改款且外廓改变，按阶段拆分。	READY
10615	10615	MPV	Alhambra II	7N	5	EU-SEAT-ALHAMBRA-II-MPVVAN-STANDARD-01	HIGH		READY
10625	10625	MPV	Alhambra II	7N	5	EU-SEAT-ALHAMBRA-II-MPVVAN-STANDARD-01	HIGH		READY
58359	58359	MPV	Alhambra II	7N	5	EU-SEAT-ALHAMBRA-II-MPVVAN-STANDARD-01	HIGH		READY
115487	115487	MPV	Alhambra II	7N	5	EU-SEAT-ALHAMBRA-II-MPVVAN-STANDARD-01	HIGH		READY
115493	115493	MPV	Alhambra II	7N	5	EU-SEAT-ALHAMBRA-II-MPVVAN-STANDARD-01	HIGH		READY
10621	10621	MPV	Alhambra II	7N	5	EU-SEAT-ALHAMBRA-II-MPVVAN-STANDARD-01	HIGH		READY
115490	115490	MPV	Alhambra II	7N	5	EU-SEAT-ALHAMBRA-II-MPVVAN-STANDARD-01	HIGH		READY
120179	120179	MPV	Alhambra II	7N	5	EU-SEAT-ALHAMBRA-II-MPVVAN-STANDARD-01	HIGH		READY
6029	6029	MPV	Alhambra II	7N	5	EU-SEAT-ALHAMBRA-II-MPVVAN-STANDARD-01	HIGH		READY
115495	115495	MPV	Alhambra II	7N	5	EU-SEAT-ALHAMBRA-II-MPVVAN-STANDARD-01	HIGH		READY
14939	14939	MPV	Alhambra I facelift	7M	5	EU-SEAT-ALHAMBRA-I-MPVVAN-FACELIFT00-01	HIGH		READY
15291	15291	MPV	Alhambra I facelift	7M	5	EU-SEAT-ALHAMBRA-I-MPVVAN-FACELIFT00-01	HIGH		READY
142938	142938	Van	Alhambra II	7N	5	EU-SEAT-ALHAMBRA-II-MPVVAN-STANDARD-01	HIGH		READY
142943	142943	Van	Alhambra II	7N	5	EU-SEAT-ALHAMBRA-II-MPVVAN-STANDARD-01	HIGH		READY
142946_prefl	142946	Van	Alhambra I	7M	5	EU-SEAT-ALHAMBRA-I-MPVVAN-PREFL-01	HIGH	Ktype时段跨越2000改款且外廓改变，按阶段拆分。	READY
142946_facelift	142946	Van	Alhambra I facelift	7M	5	EU-SEAT-ALHAMBRA-I-MPVVAN-FACELIFT00-01	HIGH	Ktype时段跨越2000改款且外廓改变，按阶段拆分。	READY
142947_prefl	142947	Van	Alhambra I	7M	5	EU-SEAT-ALHAMBRA-I-MPVVAN-PREFL-01	HIGH	Ktype时段跨越2000改款且外廓改变，按阶段拆分。	READY
142947_facelift	142947	Van	Alhambra I facelift	7M	5	EU-SEAT-ALHAMBRA-I-MPVVAN-FACELIFT00-01	HIGH	Ktype时段跨越2000改款且外廓改变，按阶段拆分。	READY
142948	142948	Van	Alhambra I facelift	7M	5	EU-SEAT-ALHAMBRA-I-MPVVAN-FACELIFT00-01	HIGH		READY
154622	154622	Van	Alhambra II	7N	5	EU-SEAT-ALHAMBRA-II-MPVVAN-STANDARD-01	HIGH		READY
142942	142942	Van	Alhambra II	7N	5	EU-SEAT-ALHAMBRA-II-MPVVAN-STANDARD-01	HIGH		READY
142937	142937	Van	Alhambra II	7N	5	EU-SEAT-ALHAMBRA-II-MPVVAN-STANDARD-01	HIGH		READY
17900	17900	MPV	Altea	5P	5	EU-SEAT-ALTEA-I-MPV-STANDARD-01	HIGH		READY
34842	34842	MPV	Altea	5P	5	EU-SEAT-ALTEA-I-MPV-STANDARD-01	HIGH		READY
34859	34859	MPV	Altea	5P	5	EU-SEAT-ALTEA-I-MPV-STANDARD-01	HIGH		READY
17902	17902	MPV	Altea	5P	5	EU-SEAT-ALTEA-I-MPV-STANDARD-01	HIGH		READY
116317	116317	MPV	Altea Freetrack	5P	5	EU-SEAT-ALTEA-I-MPV-FREETRACK-01	HIGH	4X4条目对应Freetrack独立外廓。	READY
17901	17901	MPV	Altea	5P	5	EU-SEAT-ALTEA-I-MPV-STANDARD-01	HIGH		READY
18765	18765	MPV	Altea	5P	5	EU-SEAT-ALTEA-I-MPV-STANDARD-01	HIGH		READY
17903	17903	MPV	Altea	5P	5	EU-SEAT-ALTEA-I-MPV-STANDARD-01	HIGH		READY
58415	58415	MPV	Altea Freetrack	5P	5	EU-SEAT-ALTEA-I-MPV-FREETRACK-01	HIGH	4X4条目对应Freetrack独立外廓。	READY
56814	56814	MPV	Altea	5P	5	EU-SEAT-ALTEA-I-MPV-STANDARD-01	HIGH		READY
121578	121578	MPV	Altea	5P	5	EU-SEAT-ALTEA-I-MPV-STANDARD-01	HIGH		READY
34858	34858	MPV	Altea Freetrack	5P	5	EU-SEAT-ALTEA-I-MPV-FREETRACK-01	HIGH	4X4条目对应Freetrack独立外廓。	READY
128275	128275	SUV	Arona I	KJ7	5	EU-SEAT-ARONA-I-SUV-PREFL-01	HIGH		READY
128277	128277	SUV	Arona I	KJ7	5	EU-SEAT-ARONA-I-SUV-PREFL-01	HIGH		READY
128278	128278	SUV	Arona I	KJ7	5	EU-SEAT-ARONA-I-SUV-PREFL-01	HIGH		READY
128280	128280	SUV	Arona I	KJ7	5	EU-SEAT-ARONA-I-SUV-PREFL-01	HIGH		READY
14425	14425	Hatchback	Arosa facelift	6H	3	EU-SEAT-AROSA-I-HATCHBACK-FACELIFT00-01	HIGH		READY
14426	14426	Hatchback	Arosa facelift	6H	3	EU-SEAT-AROSA-I-HATCHBACK-FACELIFT00-01	HIGH		READY
8897_prefl	8897	Hatchback	Arosa	6H	3	EU-SEAT-AROSA-I-HATCHBACK-PREFL-01	HIGH	Ktype时段跨越2000改款且外廓改变，按阶段拆分。	READY
8897_facelift	8897	Hatchback	Arosa facelift	6H	3	EU-SEAT-AROSA-I-HATCHBACK-FACELIFT00-01	HIGH	Ktype时段跨越2000改款且外廓改变，按阶段拆分。	READY
119695	119695	SUV	Ateca I	KH7	5	EU-SEAT-ATECA-I-SUV-PREFL-01	HIGH		READY
142866	142866	SUV	Ateca I facelift	KH7	5	EU-SEAT-ATECA-I-SUV-FACELIFT20-01	HIGH		READY
119696	119696	SUV	Ateca I	KH7	5	EU-SEAT-ATECA-I-SUV-PREFL-01	HIGH		READY
119697	119697	SUV	Ateca I	KH7	5	EU-SEAT-ATECA-I-SUV-PREFL-01	HIGH		READY
119698	119698	SUV	Ateca I	KH7	5	EU-SEAT-ATECA-I-SUV-PREFL-01	HIGH		READY
119700	119700	SUV	Ateca I	KH7	5	EU-SEAT-ATECA-I-SUV-PREFL-01	HIGH		READY
124178	124178	SUV	Ateca I	KH7	5	EU-SEAT-ATECA-I-SUV-PREFL-01	HIGH		READY
124179	124179	SUV	Ateca I	KH7	5	EU-SEAT-ATECA-I-SUV-PREFL-01	HIGH		READY
143531	143531	SUV	Ateca I facelift	KH7	5	EU-SEAT-ATECA-I-SUV-FACELIFT20-01	HIGH		READY
119701	119701	SUV	Ateca I	KH7	5	EU-SEAT-ATECA-I-SUV-PREFL-01	HIGH		READY
119702	119702	SUV	Ateca I	KH7	5	EU-SEAT-ATECA-I-SUV-PREFL-01	HIGH		READY
127905	127905	SUV	Ateca I	KH7	5	EU-SEAT-ATECA-I-SUV-2P0TSI4DRIVE-01	HIGH	2.0 TSI 4Drive量产外廓高度独立。	READY
17116	17116	Sedan	Cordoba II	6L	4	EU-SEAT-CORDOBA-II-SEDAN-STANDARD-01	HIGH		READY
17925	17925	Sedan	Cordoba II	6L	4	EU-SEAT-CORDOBA-II-SEDAN-STANDARD-01	HIGH		READY
18896	18896	Sedan	Cordoba II	6L	4	EU-SEAT-CORDOBA-II-SEDAN-STANDARD-01	HIGH		READY
13200	13200	Sedan	Cordoba I facelift	6K	4	EU-SEAT-CORDOBA-I-SEDAN-FACELIFT99-01	HIGH		READY
13201	13201	Wagon	Cordoba Vario I facelift	6K	5	EU-SEAT-CORDOBA-I-WAGON-FACELIFT99-01	HIGH		READY
17117	17117	Sedan	Cordoba II	6L	4	EU-SEAT-CORDOBA-II-SEDAN-STANDARD-01	HIGH		READY
17155	17155	Sedan	Cordoba II	6L	4	EU-SEAT-CORDOBA-II-SEDAN-STANDARD-01	HIGH		READY
17179	17179	Sedan	Cordoba II	6L	4	EU-SEAT-CORDOBA-II-SEDAN-STANDARD-01	HIGH		READY
5676_prefl	5676	Sedan	Cordoba I	6K	4	EU-SEAT-CORDOBA-I-SEDAN-PREFL-01	HIGH	Ktype时段跨越1999改款且外廓改变，按阶段拆分。	READY
5676_facelift	5676	Sedan	Cordoba I facelift	6K	4	EU-SEAT-CORDOBA-I-SEDAN-FACELIFT99-01	HIGH	Ktype时段跨越1999改款且外廓改变，按阶段拆分。	READY
18154	18154	Sedan	Cordoba I	6K	4	EU-SEAT-CORDOBA-I-SEDAN-PREFL-01	HIGH		READY
18574	18574	Wagon	Cordoba I	6K	5	EU-SEAT-CORDOBA-I-WAGON-PREFL-01	HIGH		READY
13202	13202	Sedan	Cordoba I	6K		EU-SEAT-CORDOBA-I-SEDAN-FACELIFT99-01	HIGH		READY
5673	5673	Sedan	Cordoba I	6K		EU-SEAT-CORDOBA-I-SEDAN-PREFL-01	HIGH		READY
12894	12894	Sedan	Cordoba I	6K		EU-SEAT-CORDOBA-I-SEDAN-FACELIFT99-01	HIGH		READY
12895	12895	Wagon	Cordoba I	6K	5	EU-SEAT-CORDOBA-I-WAGON-FACELIFT99-01	HIGH		READY
17154	17154	Sedan	Cordoba II	6L2	4	EU-SEAT-CORDOBA-II-SEDAN-STANDARD-01	HIGH		READY
7890_prefl	7890	Sedan	Cordoba I	6K		EU-SEAT-CORDOBA-I-SEDAN-PREFL-01	HIGH	1999改款改变外廓，按阶段拆分	READY
7890_facelift	7890	Sedan	Cordoba I	6K		EU-SEAT-CORDOBA-I-SEDAN-FACELIFT99-01	HIGH	1999改款改变外廓，按阶段拆分	READY
8831_prefl	8831	Wagon	Cordoba I	6K	5	EU-SEAT-CORDOBA-I-WAGON-PREFL-01	HIGH	1999改款改变外廓，按阶段拆分	READY
8831_facelift	8831	Wagon	Cordoba I	6K	5	EU-SEAT-CORDOBA-I-WAGON-FACELIFT99-01	HIGH	1999改款改变外廓，按阶段拆分	READY
17118	17118	Sedan	Cordoba II	6L2	4	EU-SEAT-CORDOBA-II-SEDAN-STANDARD-01	HIGH		READY
17153	17153	Sedan	Cordoba II	6L2	4	EU-SEAT-CORDOBA-II-SEDAN-STANDARD-01	HIGH		READY
7889	7889	Sedan	Cordoba I	6K		EU-SEAT-CORDOBA-I-SEDAN-PREFL-01	HIGH		READY
34806	34806	Sedan	Exeo I	3R2	4	EU-SEAT-EXEO-I-SEDAN-STANDARD-01	HIGH		READY
34809	34809	Sedan	Exeo I	3R2	4	EU-SEAT-EXEO-I-SEDAN-STANDARD-01	HIGH		READY
34811_prefl	34811	Wagon	Exeo I	3R5	5	EU-SEAT-EXEO-I-WAGON-PREFL-01	HIGH	2011改款改变旅行版长度，按阶段拆分	READY
34811_facelift	34811	Wagon	Exeo I	3R5	5	EU-SEAT-EXEO-I-WAGON-FACELIFT11-01	HIGH	2011改款改变旅行版长度，按阶段拆分	READY
34814_prefl	34814	Wagon	Exeo I	3R5	5	EU-SEAT-EXEO-I-WAGON-PREFL-01	HIGH	2011改款改变旅行版长度，按阶段拆分	READY
34814_facelift	34814	Wagon	Exeo I	3R5	5	EU-SEAT-EXEO-I-WAGON-FACELIFT11-01	HIGH	2011改款改变旅行版长度，按阶段拆分	READY
34810	34810	Sedan	Exeo I	3R2	4	EU-SEAT-EXEO-I-SEDAN-STANDARD-01	HIGH		READY
34818_prefl	34818	Wagon	Exeo I	3R5	5	EU-SEAT-EXEO-I-WAGON-PREFL-01	HIGH	2011改款改变旅行版长度，按阶段拆分	READY
34818_facelift	34818	Wagon	Exeo I	3R5	5	EU-SEAT-EXEO-I-WAGON-FACELIFT11-01	HIGH	2011改款改变旅行版长度，按阶段拆分	READY
8114	8114	Hatchback	Fura I	025A	3	EU-SEAT-FURA-I-HATCHBACK-STANDARD-01	HIGH		READY
8115	8115	Hatchback	Fura I	025A	3	EU-SEAT-FURA-I-HATCHBACK-CRONO-01	HIGH	Crono为独立外廓	READY
17090	17090	Hatchback	Ibiza II	6K		EU-SEAT-IBIZA-II-HATCHBACK-FACELIFT99-01	HIGH		READY
13198	13198	Hatchback	Ibiza II	6K		EU-SEAT-IBIZA-II-HATCHBACK-FACELIFT99-01	HIGH		READY
5677_early	5677	Hatchback	Ibiza II	6K		EU-SEAT-IBIZA-II-HATCHBACK-EARLY-01	HIGH	1996及1999改款改变外廓，按阶段拆分	READY
5677_facelift96	5677	Hatchback	Ibiza II	6K		EU-SEAT-IBIZA-II-HATCHBACK-FACELIFT96-01	HIGH	1996及1999改款改变外廓，按阶段拆分	READY
5677_facelift99	5677	Hatchback	Ibiza II	6K		EU-SEAT-IBIZA-II-HATCHBACK-FACELIFT99-01	HIGH	1996及1999改款改变外廓，按阶段拆分	READY
18580_early	18580	Hatchback	Ibiza II	6K		EU-SEAT-IBIZA-II-HATCHBACK-EARLY-01	HIGH	1996及1999改款改变外廓，按阶段拆分	READY
18580_facelift96	18580	Hatchback	Ibiza II	6K		EU-SEAT-IBIZA-II-HATCHBACK-FACELIFT96-01	HIGH	1996及1999改款改变外廓，按阶段拆分	READY
13199	13199	Hatchback	Ibiza II	6K		EU-SEAT-IBIZA-II-HATCHBACK-FACELIFT99-01	HIGH		READY
13194	13194	Hatchback	Ibiza II	6K		EU-SEAT-IBIZA-II-HATCHBACK-FACELIFT99-01	HIGH		READY
16523	16523	Hatchback	Ibiza III	6L1		EU-SEAT-IBIZA-III-HATCHBACK-STANDARD-01	HIGH		READY
17924	17924	Hatchback	Ibiza III	6L1		EU-SEAT-IBIZA-III-HATCHBACK-STANDARD-01	HIGH		READY
16524	16524	Hatchback	Ibiza III	6L1		EU-SEAT-IBIZA-III-HATCHBACK-STANDARD-01	HIGH		READY
16809	16809	Hatchback	Ibiza III	6L1		EU-SEAT-IBIZA-III-HATCHBACK-STANDARD-01	HIGH		READY
17079	17079	Hatchback	Ibiza III	6L1		EU-SEAT-IBIZA-III-HATCHBACK-STANDARD-01	HIGH		READY
17298	17298	Hatchback	Ibiza III	6L1		EU-SEAT-IBIZA-III-HATCHBACK-STANDARD-01	HIGH		READY
17836	17836	Hatchback	Ibiza III	6L1		EU-SEAT-IBIZA-III-HATCHBACK-STANDARD-01	HIGH		READY
16810	16810	Hatchback	Ibiza III	6L1		EU-SEAT-IBIZA-III-HATCHBACK-STANDARD-01	HIGH		READY
16525	16525	Hatchback	Ibiza III	6L1		EU-SEAT-IBIZA-III-HATCHBACK-STANDARD-01	HIGH		READY
16526	16526	Hatchback	Ibiza III	6L1		EU-SEAT-IBIZA-III-HATCHBACK-STANDARD-01	HIGH		READY
18243	18243	Hatchback	Ibiza III	6L1		EU-SEAT-IBIZA-III-HATCHBACK-STANDARD-01	HIGH		READY
113863	113863	Hatchback	Ibiza IV	6J5/6P1	5	EU-SEAT-IBIZA-IV-HATCHBACK-PHASE2-01	HIGH		READY
113866	113866	Hatchback	Ibiza IV	6J5/6P1	5	EU-SEAT-IBIZA-IV-HATCHBACK-PHASE2-01	HIGH		READY
113867	113867	Hatchback	Ibiza IV	6J5/6P1	5	EU-SEAT-IBIZA-IV-HATCHBACK-PHASE2-01	HIGH		READY
33875_phase1	33875	Hatchback	Ibiza IV	6J5	5	EU-SEAT-IBIZA-IV-HATCHBACK-PHASE1-01	HIGH	2012改款改变长度，按阶段拆分；2015改款三维不变	READY
33875_phase2	33875	Hatchback	Ibiza IV	6J5/6P1	5	EU-SEAT-IBIZA-IV-HATCHBACK-PHASE2-01	HIGH	2012改款改变长度，按阶段拆分；2015改款三维不变	READY
57425	57425	Hatchback	Ibiza IV	6J5/6P1	5	EU-SEAT-IBIZA-IV-HATCHBACK-PHASE2-01	HIGH		READY
113864	113864	Hatchback	Ibiza IV	6J5/6P1	5	EU-SEAT-IBIZA-IV-HATCHBACK-PHASE2-01	HIGH		READY
116635	116635	Hatchback	Ibiza IV	6J5/6P1	5	EU-SEAT-IBIZA-IV-HATCHBACK-PHASE2-01	HIGH		READY
113868	113868	Hatchback	Ibiza IV	6J5/6P1	5	EU-SEAT-IBIZA-IV-HATCHBACK-PHASE2-01	HIGH		READY
113871	113871	Hatchback	Ibiza IV	6J5/6P1	5	EU-SEAT-IBIZA-IV-HATCHBACK-PHASE2-01	HIGH		READY
113872	113872	Hatchback	Ibiza IV	6J5/6P1	5	EU-SEAT-IBIZA-IV-HATCHBACK-PHASE2-01	HIGH		READY
100092	100092	Hatchback	Ibiza IV	6J5/6P1	5	EU-SEAT-IBIZA-IV-HATCHBACK-PHASE2-01	HIGH		READY
117375	117375	Hatchback	Ibiza IV	6J5/6P1	5	EU-SEAT-IBIZA-IV-HATCHBACK-PHASE2-01	HIGH		READY
10643_phase1	10643	Hatchback	Ibiza IV	6J5	5	EU-SEAT-IBIZA-IV-HATCHBACK-PHASE1-01	HIGH	2012改款改变长度，按阶段拆分；2015改款三维不变	READY
10643_phase2	10643	Hatchback	Ibiza IV	6J5/6P1	5	EU-SEAT-IBIZA-IV-HATCHBACK-PHASE2-01	HIGH	2012改款改变长度，按阶段拆分；2015改款三维不变	READY
113886	113886	Hatchback	Ibiza IV	6J1/6P5	3	EU-SEAT-IBIZA-IV-HATCHBACK-3D-PHASE2-01	HIGH		READY
113894	113894	Hatchback	Ibiza IV	6J1/6P5	3	EU-SEAT-IBIZA-IV-HATCHBACK-3D-PHASE2-01	HIGH		READY
113895	113895	Hatchback	Ibiza IV	6J1/6P5	3	EU-SEAT-IBIZA-IV-HATCHBACK-3D-PHASE2-01	HIGH		READY
100024	100024	Hatchback	Ibiza IV	6J1/6P5	3	EU-SEAT-IBIZA-IV-HATCHBACK-3D-PHASE2-01	HIGH		READY
113893	113893	Hatchback	Ibiza IV	6J1/6P5	3	EU-SEAT-IBIZA-IV-HATCHBACK-3D-PHASE2-01	HIGH		READY
116636	116636	Hatchback	Ibiza IV	6J1/6P5	3	EU-SEAT-IBIZA-IV-HATCHBACK-3D-PHASE2-01	HIGH		READY
113896	113896	Hatchback	Ibiza IV	6J1/6P5	3	EU-SEAT-IBIZA-IV-HATCHBACK-3D-PHASE2-01	HIGH		READY
113898	113898	Hatchback	Ibiza IV	6J1/6P5	3	EU-SEAT-IBIZA-IV-HATCHBACK-3D-PHASE2-01	HIGH		READY
113899	113899	Hatchback	Ibiza IV	6J1/6P5	3	EU-SEAT-IBIZA-IV-HATCHBACK-3D-PHASE2-01	HIGH		READY
100094	100094	Hatchback	Ibiza IV	6J1/6P5	3	EU-SEAT-IBIZA-IV-HATCHBACK-3D-PHASE2-01	HIGH		READY
117379	117379	Hatchback	Ibiza IV	6J1/6P5	3	EU-SEAT-IBIZA-IV-HATCHBACK-3D-PHASE2-01	HIGH		READY
10637_phase1	10637	Hatchback	Ibiza IV	6J1	3	EU-SEAT-IBIZA-IV-HATCHBACK-3D-PHASE1-01	HIGH	2012改款改变长度，按阶段拆分；2015改款三维不变	READY
10637_phase2	10637	Hatchback	Ibiza IV	6J1/6P5	3	EU-SEAT-IBIZA-IV-HATCHBACK-3D-PHASE2-01	HIGH	2012改款改变长度，按阶段拆分；2015改款三维不变	READY
117382	117382	Hatchback	Ibiza IV	6J1/6P5	3	EU-SEAT-IBIZA-IV-HATCHBACK-3D-PHASE2-01	HIGH		READY
113900	113900	Wagon	Ibiza IV	6J8/6P8	5	EU-SEAT-IBIZA-IV-WAGON-PHASE2-01	HIGH		READY
113902	113902	Wagon	Ibiza IV	6J8/6P8	5	EU-SEAT-IBIZA-IV-WAGON-PHASE2-01	HIGH		READY
113903	113903	Wagon	Ibiza IV	6J8/6P8	5	EU-SEAT-IBIZA-IV-WAGON-PHASE2-01	HIGH		READY
57427	57427	Wagon	Ibiza IV	6J8/6P8	5	EU-SEAT-IBIZA-IV-WAGON-PHASE2-01	HIGH		READY
113901	113901	Wagon	Ibiza IV	6J8/6P8	5	EU-SEAT-IBIZA-IV-WAGON-PHASE2-01	HIGH		READY
116637	116637	Wagon	Ibiza IV	6J8/6P8	5	EU-SEAT-IBIZA-IV-WAGON-PHASE2-01	HIGH		READY
113904	113904	Wagon	Ibiza IV	6J8/6P8	5	EU-SEAT-IBIZA-IV-WAGON-PHASE2-01	HIGH		READY
113905	113905	Wagon	Ibiza IV	6J8/6P8	5	EU-SEAT-IBIZA-IV-WAGON-PHASE2-01	HIGH		READY
113906	113906	Wagon	Ibiza IV	6J8/6P8	5	EU-SEAT-IBIZA-IV-WAGON-PHASE2-01	HIGH		READY
100095	100095	Wagon	Ibiza IV	6J8/6P8	5	EU-SEAT-IBIZA-IV-WAGON-PHASE2-01	HIGH		READY
117380	117380	Wagon	Ibiza IV	6J8/6P8	5	EU-SEAT-IBIZA-IV-WAGON-PHASE2-01	HIGH		READY
127208	127208	Hatchback	Ibiza V	KJ1	5	EU-SEAT-IBIZA-V-HATCHBACK-STANDARD-01	HIGH		READY
128304	128304	Hatchback	Ibiza V	KJ1	5	EU-SEAT-IBIZA-V-HATCHBACK-STANDARD-01	HIGH		READY
127209	127209	Hatchback	Ibiza V	KJ1	5	EU-SEAT-IBIZA-V-HATCHBACK-STANDARD-01	HIGH		READY
127210	127210	Hatchback	Ibiza V	KJ1	5	EU-SEAT-IBIZA-V-HATCHBACK-STANDARD-01	HIGH		READY
128305	128305	Hatchback	Ibiza V	KJ1	5	EU-SEAT-IBIZA-V-HATCHBACK-STANDARD-01	HIGH		READY
127213	127213	Hatchback	Ibiza V	KJ1	5	EU-SEAT-IBIZA-V-HATCHBACK-STANDARD-01	HIGH		READY
15803	15803	Van	Inca I	9K		EU-SEAT-INCA-I-VAN-STANDARD-01	HIGH		READY
18157	18157	Van	Inca I	9K		EU-SEAT-INCA-I-VAN-STANDARD-01	HIGH		READY
8097	8097	Van	Inca I	9K		EU-SEAT-INCA-I-VAN-STANDARD-01	HIGH		READY
13159	13159	Hatchback	Leon I	1M1	5	EU-SEAT-LEON-I-HATCHBACK-STANDARD-01	HIGH		READY
18766	18766	Hatchback	Leon II	1P1	5	EU-SEAT-LEON-II-HATCHBACK-STANDARD-01	HIGH		READY
115140_prefl	115140	Hatchback	Leon III	5F1	5	EU-SEAT-LEON-III-HATCHBACK-PREFL-01	HIGH	2016年末改款改变长度，按阶段拆分	READY
115140_facelift	115140	Hatchback	Leon III	5F1	5	EU-SEAT-LEON-III-HATCHBACK-FACELIFT17-01	HIGH	2016年末改款改变长度，按阶段拆分	READY
115142_prefl	115142	Coupe	Leon III	5F5	3	EU-SEAT-LEON-III-COUPE-PREFL-01	HIGH	2016年末改款改变长度，按阶段拆分	READY
115142_facelift	115142	Coupe	Leon III	5F5	3	EU-SEAT-LEON-III-COUPE-FACELIFT17-01	HIGH	2016年末改款改变长度，按阶段拆分	READY
115143_prefl	115143	Wagon	Leon III	5F8	5	EU-SEAT-LEON-III-WAGON-PREFL-01	HIGH	2016年末改款改变长度，按阶段拆分	READY
115143_facelift	115143	Wagon	Leon III	5F8	5	EU-SEAT-LEON-III-WAGON-FACELIFT17-01	HIGH	2016年末改款改变长度，按阶段拆分	READY
143677	143677	Hatchback	Leon IV	KL1	5	EU-SEAT-LEON-IV-HATCHBACK-STANDARD-01	HIGH		READY
143680	143680	Wagon	Leon IV	KL8	5	EU-SEAT-LEON-IV-WAGON-STANDARD-01	HIGH		READY
57587_prefl	57587	Hatchback	Leon III	5F1	5	EU-SEAT-LEON-III-HATCHBACK-PREFL-01	HIGH	2016年末改款改变长度，按阶段拆分	READY
57587_facelift	57587	Hatchback	Leon III	5F1	5	EU-SEAT-LEON-III-HATCHBACK-FACELIFT17-01	HIGH	2016年末改款改变长度，按阶段拆分	READY
57589_prefl	57589	Hatchback	Leon III	5F1	5	EU-SEAT-LEON-III-HATCHBACK-PREFL-01	HIGH	2016年末改款改变长度，按阶段拆分	READY
57589_facelift	57589	Hatchback	Leon III	5F1	5	EU-SEAT-LEON-III-HATCHBACK-FACELIFT17-01	HIGH	2016年末改款改变长度，按阶段拆分	READY
59596_prefl	59596	Coupe	Leon III	5F5	3	EU-SEAT-LEON-III-COUPE-PREFL-01	HIGH	2016年末改款改变长度，按阶段拆分	READY
59596_facelift	59596	Coupe	Leon III	5F5	3	EU-SEAT-LEON-III-COUPE-FACELIFT17-01	HIGH	2016年末改款改变长度，按阶段拆分	READY
59597	59597	Coupe	Leon III	5F5	3	EU-SEAT-LEON-III-COUPE-PREFL-01	HIGH		READY
101004_prefl	101004	Hatchback	Leon III	5F1	5	EU-SEAT-LEON-III-HATCHBACK-PREFL-01	HIGH	2016年末改款改变长度，按阶段拆分	READY
101004_facelift	101004	Hatchback	Leon III	5F1	5	EU-SEAT-LEON-III-HATCHBACK-FACELIFT17-01	HIGH	2016年末改款改变长度，按阶段拆分	READY
106387_prefl	106387	Coupe	Leon III	5F5	3	EU-SEAT-LEON-III-COUPE-PREFL-01	HIGH	2016年末改款改变长度，按阶段拆分	READY
106387_facelift	106387	Coupe	Leon III	5F5	3	EU-SEAT-LEON-III-COUPE-FACELIFT17-01	HIGH	2016年末改款改变长度，按阶段拆分	READY
106392_prefl	106392	Wagon	Leon III	5F8	5	EU-SEAT-LEON-III-WAGON-PREFL-01	HIGH	2016年末改款改变长度，按阶段拆分	READY
106392_facelift	106392	Wagon	Leon III	5F8	5	EU-SEAT-LEON-III-WAGON-FACELIFT17-01	HIGH	2016年末改款改变长度，按阶段拆分	READY
14268	14268	Hatchback	Leon I	1M1	5	EU-SEAT-LEON-I-HATCHBACK-STANDARD-01	HIGH		READY
100789_prefl	100789	Hatchback	Leon III	5F1	5	EU-SEAT-LEON-III-HATCHBACK-PREFL-01	HIGH	2016年末改款改变长度，按阶段拆分	READY
100789_facelift	100789	Hatchback	Leon III	5F1	5	EU-SEAT-LEON-III-HATCHBACK-FACELIFT17-01	HIGH	2016年末改款改变长度，按阶段拆分	READY
100794_prefl	100794	Wagon	Leon III	5F8	5	EU-SEAT-LEON-III-WAGON-PREFL-01	HIGH	2016年末改款改变长度，按阶段拆分	READY
100794_facelift	100794	Wagon	Leon III	5F8	5	EU-SEAT-LEON-III-WAGON-FACELIFT17-01	HIGH	2016年末改款改变长度，按阶段拆分	READY
56779	56779	Hatchback	Leon III	5F1	5	EU-SEAT-LEON-III-HATCHBACK-PREFL-01	HIGH		READY
57590_prefl	57590	Hatchback	III	5F	5	EU-SEAT-LEON-III-HATCHBACK-PREFL-01	HIGH	Pre-facelift exterior.	READY
57590_facelift	57590	Hatchback	III	5F	5	EU-SEAT-LEON-III-HATCHBACK-FACELIFT17-01	HIGH	2017 facelift exterior.	READY
59598	59598	Coupe	III	5F	3	EU-SEAT-LEON-III-COUPE-PREFL-01	HIGH		READY
59599	59599	Coupe	III	5F	3	EU-SEAT-LEON-III-COUPE-PREFL-01	HIGH		READY
106385_prefl	106385	Hatchback	III	5F	5	EU-SEAT-LEON-III-HATCHBACK-PREFL-01	HIGH	Pre-facelift exterior.	READY
106385_facelift	106385	Hatchback	III	5F	5	EU-SEAT-LEON-III-HATCHBACK-FACELIFT17-01	HIGH	2017 facelift exterior.	READY
106386_prefl	106386	Hatchback	III	5F	5	EU-SEAT-LEON-III-HATCHBACK-PREFL-01	HIGH	Pre-facelift exterior.	READY
106386_facelift	106386	Hatchback	III	5F	5	EU-SEAT-LEON-III-HATCHBACK-FACELIFT17-01	HIGH	2017 facelift exterior.	READY
106388_prefl	106388	Coupe	III	5F	3	EU-SEAT-LEON-III-COUPE-PREFL-01	HIGH	Pre-facelift exterior.	READY
106388_facelift	106388	Coupe	III	5F	3	EU-SEAT-LEON-III-COUPE-FACELIFT17-01	HIGH	2017 facelift exterior.	READY
106389_prefl	106389	Coupe	III	5F	3	EU-SEAT-LEON-III-COUPE-PREFL-01	HIGH	Pre-facelift exterior.	READY
106389_facelift	106389	Coupe	III	5F	3	EU-SEAT-LEON-III-COUPE-FACELIFT17-01	HIGH	2017 facelift exterior.	READY
106393_prefl	106393	Wagon	III	5F	5	EU-SEAT-LEON-III-WAGON-PREFL-01	HIGH	Pre-facelift exterior.	READY
106393_facelift	106393	Wagon	III	5F	5	EU-SEAT-LEON-III-WAGON-FACELIFT17-01	HIGH	2017 facelift exterior.	READY
106395_prefl	106395	Wagon	III	5F	5	EU-SEAT-LEON-III-WAGON-PREFL-01	HIGH	Pre-facelift exterior.	READY
106395_facelift	106395	Wagon	III	5F	5	EU-SEAT-LEON-III-WAGON-FACELIFT17-01	HIGH	2017 facelift exterior.	READY
801094	801094	Wagon	IV	KL	5	EU-SEAT-LEON-IV-WAGON-PHEV-02	HIGH	PHEV-specific body height.	READY
801050	801050	Hatchback	IV	KL	5	EU-SEAT-LEON-IV-HATCHBACK-PHEV-02	HIGH	PHEV-specific body height.	READY
801051	801051	Wagon	IV	KL	5	EU-SEAT-LEON-IV-WAGON-PHEV-02	HIGH	PHEV-specific body height.	READY
801095	801095	Hatchback	IV	KL	5	EU-SEAT-LEON-IV-HATCHBACK-PHEV-02	HIGH	PHEV-specific body height.	READY
800144	800144	Wagon	IV	KL	5	EU-SEAT-LEON-IV-WAGON-STANDARD-01	HIGH		READY
800145	800145	Hatchback	IV	KL	5	EU-SEAT-LEON-IV-HATCHBACK-STANDARD-01	HIGH		READY
144672	144672	Wagon	IV	KL	5	EU-SEAT-LEON-IV-WAGON-STANDARD-01	HIGH		READY
158770	158770	Hatchback	IV	KL	5	EU-SEAT-LEON-IV-HATCHBACK-STANDARD-01	HIGH		READY
159071	159071	Wagon	IV	KL	5	EU-SEAT-LEON-IV-WAGON-STANDARD-01	HIGH		READY
15640	15640	Hatchback	I	1M	5	EU-SEAT-LEON-I-HATCHBACK-STANDARD-01	HIGH		READY
157067	157067	Hatchback	IV	KL	5	EU-SEAT-LEON-IV-HATCHBACK-STANDARD-01	HIGH		READY
157068	157068	Wagon	IV	KL	5	EU-SEAT-LEON-IV-WAGON-STANDARD-01	HIGH		READY
56777_prefl	56777	Hatchback	III	5F	5	EU-SEAT-LEON-III-HATCHBACK-PREFL-01	HIGH	Pre-facelift exterior.	READY
56777_facelift	56777	Hatchback	III	5F	5	EU-SEAT-LEON-III-HATCHBACK-FACELIFT17-01	HIGH	2017 facelift exterior.	READY
56778_prefl	56778	Hatchback	III	5F	5	EU-SEAT-LEON-III-HATCHBACK-PREFL-01	HIGH	Pre-facelift exterior.	READY
56778_facelift	56778	Hatchback	III	5F	5	EU-SEAT-LEON-III-HATCHBACK-FACELIFT17-01	HIGH	2017 facelift exterior.	READY
59057_prefl	59057	Hatchback	III	5F	5	EU-SEAT-LEON-III-HATCHBACK-PREFL-01	HIGH	Pre-facelift exterior.	READY
59057_facelift	59057	Hatchback	III	5F	5	EU-SEAT-LEON-III-HATCHBACK-FACELIFT17-01	HIGH	2017 facelift exterior.	READY
59603_prefl	59603	Coupe	III	5F	3	EU-SEAT-LEON-III-COUPE-PREFL-01	HIGH	Pre-facelift exterior.	READY
59603_facelift	59603	Coupe	III	5F	3	EU-SEAT-LEON-III-COUPE-FACELIFT17-01	HIGH	2017 facelift exterior.	READY
59605_prefl	59605	Coupe	III	5F	3	EU-SEAT-LEON-III-COUPE-PREFL-01	HIGH	Pre-facelift exterior.	READY
59605_facelift	59605	Coupe	III	5F	3	EU-SEAT-LEON-III-COUPE-FACELIFT17-01	HIGH	2017 facelift exterior.	READY
59606	59606	Coupe	III	5F	3	EU-SEAT-LEON-III-COUPE-PREFL-01	HIGH		READY
100793_prefl	100793	Wagon	III	5F	5	EU-SEAT-LEON-III-WAGON-PREFL-01	HIGH	Pre-facelift exterior.	READY
100793_facelift	100793	Wagon	III	5F	5	EU-SEAT-LEON-III-WAGON-FACELIFT17-01	HIGH	2017 facelift exterior.	READY
124050	124050	Hatchback	III	5F	5	EU-SEAT-LEON-III-HATCHBACK-FACELIFT17-01	HIGH		READY
124051	124051	Wagon	III	5F	5	EU-SEAT-LEON-III-WAGON-FACELIFT17-01	HIGH		READY
124860	124860	Coupe	III	5F	3	EU-SEAT-LEON-III-COUPE-FACELIFT17-01	HIGH		READY
101002_prefl	101002	Wagon	III	5F	5	EU-SEAT-LEON-III-WAGON-PREFL-01	HIGH	Pre-facelift exterior.	READY
101002_facelift	101002	Wagon	III	5F	5	EU-SEAT-LEON-III-WAGON-FACELIFT17-01	HIGH	2017 facelift exterior.	READY
108633_prefl	108633	Wagon	III	5F	5	EU-SEAT-LEON-III-WAGON-PREFL-01	HIGH	Pre-facelift exterior.	READY
108633_facelift	108633	Wagon	III	5F	5	EU-SEAT-LEON-III-WAGON-FACELIFT17-01	HIGH	2017 facelift exterior.	READY
13160	13160	Hatchback	I	1M	5	EU-SEAT-LEON-I-HATCHBACK-STANDARD-01	HIGH		READY
14413	14413	Hatchback	I	1M	5	EU-SEAT-LEON-I-HATCHBACK-STANDARD-01	HIGH		READY
14416	14416	Hatchback	I	1M	5	EU-SEAT-LEON-I-HATCHBACK-STANDARD-01	HIGH		READY
16692	16692	Hatchback	I	1M	5	EU-SEAT-LEON-I-HATCHBACK-STANDARD-01	HIGH		READY
17297	17297	Hatchback	I	1M	5	EU-SEAT-LEON-I-HATCHBACK-STANDARD-01	HIGH		READY
57592_prefl	57592	Hatchback	III	5F	5	EU-SEAT-LEON-III-HATCHBACK-PREFL-01	HIGH	Pre-facelift exterior.	READY
57592_facelift	57592	Hatchback	III	5F	5	EU-SEAT-LEON-III-HATCHBACK-FACELIFT17-01	HIGH	2017 facelift exterior.	READY
59601_prefl	59601	Coupe	III	5F	3	EU-SEAT-LEON-III-COUPE-PREFL-01	HIGH	Pre-facelift exterior.	READY
59601_facelift	59601	Coupe	III	5F	3	EU-SEAT-LEON-III-COUPE-FACELIFT17-01	HIGH	2017 facelift exterior.	READY
108635_prefl	108635	Wagon	III	5F	5	EU-SEAT-LEON-III-WAGON-PREFL-01	HIGH	Pre-facelift exterior.	READY
108635_facelift	108635	Wagon	III	5F	5	EU-SEAT-LEON-III-WAGON-FACELIFT17-01	HIGH	2017 facelift exterior.	READY
14414	14414	Hatchback	I	1M	5	EU-SEAT-LEON-I-HATCHBACK-STANDARD-01	HIGH		READY
13161	13161	Hatchback	I	1M	5	EU-SEAT-LEON-I-HATCHBACK-STANDARD-01	HIGH		READY
13162	13162	Hatchback	I	1M	5	EU-SEAT-LEON-I-HATCHBACK-STANDARD-01	HIGH		READY
15725	15725	Hatchback	I	1M	5	EU-SEAT-LEON-I-HATCHBACK-STANDARD-01	HIGH		READY
17515	17515	Hatchback	I	1M	5	EU-SEAT-LEON-I-HATCHBACK-STANDARD-01	HIGH		READY
18769	18769	Hatchback	II	1P	5	EU-SEAT-LEON-II-HATCHBACK-STANDARD-01	HIGH		READY
17300	17300	Hatchback	I	1M	5	EU-SEAT-LEON-I-HATCHBACK-STANDARD-01	HIGH		READY
100787_prefl	100787	Hatchback	III	5F	5	EU-SEAT-LEON-III-HATCHBACK-PREFL-01	HIGH	Pre-facelift exterior.	READY
100787_facelift	100787	Hatchback	III	5F	5	EU-SEAT-LEON-III-HATCHBACK-FACELIFT17-01	HIGH	2017 facelift exterior.	READY
100788_prefl	100788	Hatchback	III	5F	5	EU-SEAT-LEON-III-HATCHBACK-PREFL-01	HIGH	Pre-facelift exterior.	READY
100788_facelift	100788	Hatchback	III	5F	5	EU-SEAT-LEON-III-HATCHBACK-FACELIFT17-01	HIGH	2017 facelift exterior.	READY
100790	100790	Coupe	III	5F	3	EU-SEAT-LEON-III-COUPE-PREFL-01	HIGH		READY
100791	100791	Coupe	III	5F	3	EU-SEAT-LEON-III-COUPE-PREFL-01	HIGH		READY
108636_prefl	108636	Wagon	III	5F	5	EU-SEAT-LEON-III-WAGON-PREFL-01	HIGH	Pre-facelift exterior.	READY
108636_facelift	108636	Wagon	III	5F	5	EU-SEAT-LEON-III-WAGON-FACELIFT17-01	HIGH	2017 facelift exterior.	READY
108637_prefl	108637	Wagon	III	5F	5	EU-SEAT-LEON-III-WAGON-PREFL-01	HIGH	Pre-facelift exterior.	READY
108637_facelift	108637	Wagon	III	5F	5	EU-SEAT-LEON-III-WAGON-FACELIFT17-01	HIGH	2017 facelift exterior.	READY
118000_prefl	118000	Hatchback	III	5F	5	EU-SEAT-LEON-III-HATCHBACK-PREFL-01	HIGH	Pre-facelift exterior.	READY
118000_facelift	118000	Hatchback	III	5F	5	EU-SEAT-LEON-III-HATCHBACK-FACELIFT17-01	HIGH	2017 facelift exterior.	READY
118001	118001	Coupe	III	5F	3	EU-SEAT-LEON-III-COUPE-PREFL-01	HIGH		READY
118002_prefl	118002	Wagon	III	5F	5	EU-SEAT-LEON-III-WAGON-PREFL-01	HIGH	Pre-facelift exterior.	READY
118002_facelift	118002	Wagon	III	5F	5	EU-SEAT-LEON-III-WAGON-FACELIFT17-01	HIGH	2017 facelift exterior.	READY
125703	125703	Hatchback	III	5F	5	EU-SEAT-LEON-III-HATCHBACK-FACELIFT17-01	HIGH		READY
125718	125718	Coupe	III	5F	3	EU-SEAT-LEON-III-COUPE-FACELIFT17-01	HIGH		READY
125719	125719	Wagon	III	5F	5	EU-SEAT-LEON-III-WAGON-FACELIFT17-01	HIGH		READY
125720	125720	Wagon	III	5F	5	EU-SEAT-LEON-III-WAGON-FACELIFT17-01	HIGH		READY
18767	18767	Hatchback	II	1P	5	EU-SEAT-LEON-II-HATCHBACK-STANDARD-01	HIGH		READY
57594_prefl	57594	Hatchback	III	5F	5	EU-SEAT-LEON-III-HATCHBACK-PREFL-01	HIGH	Pre-facelift exterior.	READY
57594_facelift	57594	Hatchback	III	5F	5	EU-SEAT-LEON-III-HATCHBACK-FACELIFT17-01	HIGH	2017 facelift exterior.	READY
57597_prefl	57597	Hatchback	III	5F	5	EU-SEAT-LEON-III-HATCHBACK-PREFL-01	HIGH	Pre-facelift exterior.	READY
57597_facelift	57597	Hatchback	III	5F	5	EU-SEAT-LEON-III-HATCHBACK-FACELIFT17-01	HIGH	2017 facelift exterior.	READY
59060_prefl	59060	Hatchback	III	5F	5	EU-SEAT-LEON-III-HATCHBACK-PREFL-01	HIGH	Pre-facelift exterior.	READY
59060_facelift	59060	Hatchback	III	5F	5	EU-SEAT-LEON-III-HATCHBACK-FACELIFT17-01	HIGH	2017 facelift exterior.	READY
59061_prefl	59061	Hatchback	III	5F	5	EU-SEAT-LEON-III-HATCHBACK-PREFL-01	HIGH	Pre-facelift exterior.	READY
59061_facelift	59061	Hatchback	III	5F	5	EU-SEAT-LEON-III-HATCHBACK-FACELIFT17-01	HIGH	2017 facelift exterior.	READY
59609_prefl	59609	Coupe	III	5F	3	EU-SEAT-LEON-III-COUPE-PREFL-01	HIGH	Pre-facelift exterior.	READY
59609_facelift	59609	Coupe	III	5F	3	EU-SEAT-LEON-III-COUPE-FACELIFT17-01	HIGH	2017 facelift exterior.	READY
59610_prefl	59610	Coupe	III	5F	3	EU-SEAT-LEON-III-COUPE-PREFL-01	HIGH	Pre-facelift exterior.	READY
59610_facelift	59610	Coupe	III	5F	3	EU-SEAT-LEON-III-COUPE-FACELIFT17-01	HIGH	2017 facelift exterior.	READY
59611_prefl	59611	Coupe	III	5F	3	EU-SEAT-LEON-III-COUPE-PREFL-01	HIGH	Pre-facelift exterior.	READY
59611_facelift	59611	Coupe	III	5F	3	EU-SEAT-LEON-III-COUPE-FACELIFT17-01	HIGH	2017 facelift exterior.	READY
143681	143681	Wagon	IV	KL	5	EU-SEAT-LEON-IV-WAGON-STANDARD-01	HIGH		READY
157069	157069	Hatchback	IV	KL	5	EU-SEAT-LEON-IV-HATCHBACK-STANDARD-01	HIGH		READY
18770	18770	Hatchback	II	1P	5	EU-SEAT-LEON-II-HATCHBACK-STANDARD-01	HIGH		READY
106226_prefl	106226	Wagon	III	5F	5	EU-SEAT-LEON-III-WAGON-PREFL-01	HIGH	Pre-facelift exterior.	READY
106226_facelift	106226	Wagon	III	5F	5	EU-SEAT-LEON-III-WAGON-FACELIFT17-01	HIGH	2017 facelift exterior.	READY
108634_prefl	108634	Wagon	III	5F	5	EU-SEAT-LEON-III-WAGON-PREFL-01	HIGH	Pre-facelift exterior.	READY
108634_facelift	108634	Wagon	III	5F	5	EU-SEAT-LEON-III-WAGON-FACELIFT17-01	HIGH	2017 facelift exterior.	READY
18768	18768	Hatchback	II	1P	5	EU-SEAT-LEON-II-HATCHBACK-STANDARD-01	HIGH		READY
143678	143678	Hatchback	IV	KL	5	EU-SEAT-LEON-IV-HATCHBACK-STANDARD-01	HIGH		READY
144218	144218	Wagon	IV	KL	5	EU-SEAT-LEON-IV-WAGON-STANDARD-01	HIGH		READY
15724	15724	Hatchback	I	1M	5	EU-SEAT-LEON-I-HATCHBACK-STANDARD-01	HIGH		READY
144219	144219	Wagon	IV	KL	5	EU-SEAT-LEON-IV-WAGON-STANDARD-01	HIGH		READY
16116	16116	Hatchback	I		3	EU-SEAT-MARBELLA-I-HATCHBACK-STANDARD-01	HIGH		READY
15893	15893	Hatchback	I			EU-SEAT-MII-I-HATCHBACK-STANDARD-01	HIGH		READY
15944	15944	Hatchback	I			EU-SEAT-MII-I-HATCHBACK-STANDARD-01	HIGH		READY
57621	57621	Hatchback	I			EU-SEAT-MII-I-HATCHBACK-STANDARD-01	HIGH		READY
17498	17498	Hatchback	I		3	EU-SEAT-PANDA-I-HATCHBACK-STANDARD-01	HIGH		READY
17510	17510	Hatchback	I		5	EU-SEAT-RITMO-I-HATCHBACK-STANDARD-01	MEDIUM	Input start date predates documented SEAT production; exterior maps to Ritmo I.	READY
143551	143551	SUV	I		5	EU-SEAT-TARRACO-I-SUV-STANDARD-01	HIGH		READY
801663	801663	SUV	I		5	EU-SEAT-TARRACO-I-SUV-STANDARD-01	HIGH		READY
144223	144223	SUV	I		5	EU-SEAT-TARRACO-I-SUV-STANDARD-01	HIGH		READY
8176	8176	Wagon	I			EU-SEAT-TERRA-I-STANDARD-01	HIGH		READY
8177	8177	Van	I			EU-SEAT-TERRA-I-STANDARD-01	HIGH		READY
57522	57522	Hatchback	IV	KG3	5	EU-SEAT-TOLEDO-IV-HATCHBACK-STANDARD-01	HIGH		READY
10046	10046	Sedan	II	1M2	4	EU-SEAT-TOLEDO-II-SEDAN-STANDARD-01	HIGH		READY
18380	18380	MPV	III	5P2	5	EU-SEAT-TOLEDO-III-MPV-STANDARD-01	HIGH		READY
59063	59063	Hatchback	IV	KG3	5	EU-SEAT-TOLEDO-IV-HATCHBACK-STANDARD-01	HIGH		READY
117374	117374	Hatchback	IV	KG3	5	EU-SEAT-TOLEDO-IV-HATCHBACK-STANDARD-01	HIGH		READY
128156	128156	Hatchback	IV	KG3	5	EU-SEAT-TOLEDO-IV-HATCHBACK-STANDARD-01	HIGH		READY
128157	128157	Hatchback	IV	KG3	5	EU-SEAT-TOLEDO-IV-HATCHBACK-STANDARD-01	HIGH		READY
57523	57523	Hatchback	IV	KG3	5	EU-SEAT-TOLEDO-IV-HATCHBACK-STANDARD-01	HIGH		READY
57524	57524	Hatchback	IV	KG3	5	EU-SEAT-TOLEDO-IV-HATCHBACK-STANDARD-01	HIGH		READY
115144	115144	Hatchback	IV	KG3	5	EU-SEAT-TOLEDO-IV-HATCHBACK-STANDARD-01	HIGH		READY
115145	115145	Hatchback	IV	NH	5	EU-SEAT-TOLEDO-IV-HATCHBACK-STANDARD-01	HIGH		READY
14571	14571	Sedan	II	1M	4	EU-SEAT-TOLEDO-II-SEDAN-STANDARD-01	HIGH		READY
100020	100020	MPV	III	5P	5	EU-SEAT-TOLEDO-III-MPV-STANDARD-01	HIGH		READY
115149	115149	Hatchback	IV	NH	5	EU-SEAT-TOLEDO-IV-HATCHBACK-STANDARD-01	HIGH		READY
57525	57525	Hatchback	IV	NH	5	EU-SEAT-TOLEDO-IV-HATCHBACK-STANDARD-01	HIGH		READY
115146	115146	Hatchback	IV	NH	5	EU-SEAT-TOLEDO-IV-HATCHBACK-STANDARD-01	HIGH		READY
15802	15802	Sedan	II	1M	4	EU-SEAT-TOLEDO-II-SEDAN-STANDARD-01	HIGH		READY
57526	57526	Hatchback	IV	NH	5	EU-SEAT-TOLEDO-IV-HATCHBACK-STANDARD-01	HIGH		READY
100023	100023	Hatchback	IV	NH	5	EU-SEAT-TOLEDO-IV-HATCHBACK-STANDARD-01	HIGH		READY
115151	115151	Hatchback	IV	NH	5	EU-SEAT-TOLEDO-IV-HATCHBACK-STANDARD-01	HIGH		READY
10047	10047	Sedan	II	1M	4	EU-SEAT-TOLEDO-II-SEDAN-STANDARD-01	HIGH		READY
17926	17926	Sedan	II	1M	4	EU-SEAT-TOLEDO-II-SEDAN-STANDARD-01	HIGH		READY
8095	8095	Hatchback	I	1L	5	EU-SEAT-TOLEDO-I-HATCHBACK-STANDARD-01	HIGH		READY
10049	10049	Sedan	II	1M	4	EU-SEAT-TOLEDO-II-SEDAN-STANDARD-01	HIGH		READY
10050	10050	Sedan	II	1M	4	EU-SEAT-TOLEDO-II-SEDAN-STANDARD-01	HIGH		READY
16180	16180	Sedan	II	1M	4	EU-SEAT-TOLEDO-II-SEDAN-STANDARD-01	HIGH		READY
17514	17514	Sedan	II	1M	4	EU-SEAT-TOLEDO-II-SEDAN-STANDARD-01	HIGH		READY
18382	18382	MPV	III	5P	5	EU-SEAT-TOLEDO-III-MPV-STANDARD-01	HIGH		READY
18381	18381	MPV	III	5P	5	EU-SEAT-TOLEDO-III-MPV-STANDARD-01	HIGH		READY
18383	18383	MPV	III	5P	5	EU-SEAT-TOLEDO-III-MPV-STANDARD-01	HIGH		READY
10048	10048	Sedan	II	1M	4	EU-SEAT-TOLEDO-II-SEDAN-STANDARD-01	HIGH		READY
16071	16071	Sedan	II	1M	4	EU-SEAT-TOLEDO-II-SEDAN-STANDARD-01	HIGH		READY
145624	145624	SUV	I		5	EU-SERES-3-I-SUV-STANDARD-01	HIGH		READY
155099	155099	SUV	I		5	EU-SERES-5-I-SUV-STANDARD-01	HIGH		READY
155102	155102	SUV	I		5	EU-SERES-5-I-SUV-STANDARD-01	HIGH		READY
802902	802902	SUV	I		5	EU-SERES-5-I-SUV-STANDARD-01	HIGH		READY
802901	802901	SUV	I		5	EU-SERES-5-I-SUV-STANDARD-01	HIGH		READY
155101	155101	SUV	I		5	EU-SERES-5-I-SUV-STANDARD-01	HIGH		READY
144608	144608	Pickup	I			EU-SEVIC-S70-I-PICKUP-STANDARD-01	HIGH		READY
144229	144229	Pickup	I			EU-SEVIC-V500-I-PICKUP-STANDARD-01	MEDIUM	Mapped to the 2021 V500e standard platform.	READY
154972	154972	Van	I		5	EU-SHINERAY-X30-I-VAN-STANDARD-01	MEDIUM	Mapped to the X30LEV long-body electric van.	READY
160367	160367	Hatchback	I		3	EU-SILENCE-S04-I-HATCHBACK-MY25-01	HIGH		READY
160372	160372	Hatchback	I		3	EU-SILENCE-S04-I-HATCHBACK-MY25-01	HIGH		READY
160375	160375	Hatchback	I		3	EU-SILENCE-S04-I-HATCHBACK-MY25-01	HIGH		READY
160376	160376	Hatchback	I		3	EU-SILENCE-S04-I-HATCHBACK-MY25-01	HIGH		READY
5070	5070	Sedan	742	742	4	EU-SKODA-105120-742-SEDAN-STANDARD-01	HIGH		READY
15989	15989	Hatchback	I	NF1	5	EU-SKODA-CITIGO-I-HATCHBACK-PETROL-01	MEDIUM	Door variant not encoded; mapped to the 5-door body.	READY
15995	15995	Hatchback	I	NF1	5	EU-SKODA-CITIGO-I-HATCHBACK-PETROL-01	MEDIUM	Door variant not encoded; mapped to the 5-door body.	READY
58802	58802	Hatchback	I	NF1	5	EU-SKODA-CITIGO-I-HATCHBACK-CNG-01	MEDIUM	Door variant not encoded; mapped to the 5-door body.	READY
159345	159345	SUV	I	NY	5	EU-SKODA-ELROQ-I-SUV-50-60-85-01	HIGH		READY
159346	159346	SUV	I	NY	5	EU-SKODA-ELROQ-I-SUV-50-60-85-01	HIGH		READY
159344	159344	SUV	I	NY	5	EU-SKODA-ELROQ-I-SUV-50-60-85-01	HIGH		READY
159347	159347	SUV	I	NY	5	EU-SKODA-ELROQ-I-SUV-85X-01	HIGH		READY
161794	161794	SUV	I	NY	5	EU-SKODA-ELROQ-I-SUV-RS-01	HIGH		READY
800212	800212	SUV	I	5A	5	EU-SKODA-ENYAQ-I-SUV-50-01	HIGH		READY
801922	801922	SUV	I	5A	5	EU-SKODA-ENYAQ-I-SUV-FACELIFT-60-01	HIGH		READY
156287	156287	SUV	I	5A	5	EU-SKODA-ENYAQ-I-SUV-85-01	HIGH		READY
145613	145613	SUV	I	5A	5	EU-SKODA-ENYAQ-I-SUV-80X-85X-01	HIGH		READY
156288	156288	SUV	I	5A	5	EU-SKODA-ENYAQ-I-SUV-80X-85X-01	HIGH		READY
155565	155565	SUV	I	5A	5	EU-SKODA-ENYAQ-I-SUV-RS-01	HIGH		READY
156807	156807	SUV	I	5A	5	EU-SKODA-ENYAQ-I-SUV-RS-01	HIGH		READY
147493	147493	SUV	I	5A	5	EU-SKODA-ENYAQ-I-COUPE-60-85-85X-01	HIGH		READY
801923	801923	SUV	I	5A	5	EU-SKODA-ENYAQ-I-COUPE-FACELIFT-60-01	HIGH		READY
147494	147494	SUV	I	5A	5	EU-SKODA-ENYAQ-I-COUPE-80-80X-01	HIGH		READY
156516	156516	SUV	I	5A	5	EU-SKODA-ENYAQ-I-COUPE-60-85-85X-01	HIGH		READY
147495	147495	SUV	I	5A	5	EU-SKODA-ENYAQ-I-COUPE-80-80X-01	HIGH		READY
156517	156517	SUV	I	5A	5	EU-SKODA-ENYAQ-I-COUPE-60-85-85X-01	HIGH		READY
146691	146691	SUV	I	5A	5	EU-SKODA-ENYAQ-I-COUPE-RS-01	HIGH		READY
156809	156809	SUV	I	5A	5	EU-SKODA-ENYAQ-I-COUPE-RS-01	HIGH		READY
14277	14277	Hatchback	I	6Y2	5	EU-SKODA-FABIA-I-HATCHBACK-STANDARD-01	HIGH		READY
16944	16944	Hatchback	I	6Y2	5	EU-SKODA-FABIA-I-HATCHBACK-STANDARD-01	HIGH		READY
17393	17393	Hatchback	I	6Y2	5	EU-SKODA-FABIA-I-HATCHBACK-STANDARD-01	HIGH		READY
17394	17394	Sedan	I	6Y3	4	EU-SKODA-FABIA-I-SEDAN-STANDARD-01	HIGH		READY
18149	18149	Sedan	I	6Y3	4	EU-SKODA-FABIA-I-SEDAN-STANDARD-01	HIGH		READY
13363	13363	Hatchback	I	6Y2	5	EU-SKODA-FABIA-I-HATCHBACK-STANDARD-01	HIGH		READY
15106	15106	Hatchback	I	6Y2	5	EU-SKODA-FABIA-I-HATCHBACK-STANDARD-01	HIGH		READY
16059	16059	Sedan	I	6Y3	4	EU-SKODA-FABIA-I-SEDAN-STANDARD-01	HIGH		READY
18150	18150	Sedan	I	6Y3	4	EU-SKODA-FABIA-I-SEDAN-STANDARD-01	HIGH		READY
15586	15586	Hatchback	I	6Y2	5	EU-SKODA-FABIA-I-HATCHBACK-STANDARD-01	HIGH		READY
13362	13362	Hatchback	I	6Y2	5	EU-SKODA-FABIA-I-HATCHBACK-STANDARD-01	HIGH		READY
15107	15107	Hatchback	I	6Y2	5	EU-SKODA-FABIA-I-HATCHBACK-STANDARD-01	HIGH		READY
15938	15938	Sedan	I	6Y3	4	EU-SKODA-FABIA-I-SEDAN-STANDARD-01	HIGH		READY
16060	16060	Sedan	I	6Y3	4	EU-SKODA-FABIA-I-SEDAN-STANDARD-01	HIGH		READY
17517	17517	Sedan	I	6Y3	4	EU-SKODA-FABIA-I-SEDAN-STANDARD-01	HIGH		READY
17519	17519	Hatchback	I	6Y2	5	EU-SKODA-FABIA-I-HATCHBACK-STANDARD-01	HIGH		READY
13364	13364	Hatchback	I	6Y2	5	EU-SKODA-FABIA-I-HATCHBACK-STANDARD-01	HIGH		READY
16058	16058	Sedan	I	6Y3	4	EU-SKODA-FABIA-I-SEDAN-STANDARD-01	HIGH		READY
14278	14278	Hatchback	I	6Y2	5	EU-SKODA-FABIA-I-HATCHBACK-STANDARD-01	HIGH		READY
15937	15937	Sedan	I	6Y3	4	EU-SKODA-FABIA-I-SEDAN-STANDARD-01	HIGH		READY
17456	17456	Hatchback	I	6Y2	5	EU-SKODA-FABIA-I-HATCHBACK-STANDARD-01	HIGH		READY
17395	17395	Wagon	I	6Y5	5	EU-SKODA-FABIA-I-WAGON-STANDARD-01	HIGH		READY
15503	15503	Wagon	I	6Y5	5	EU-SKODA-FABIA-I-WAGON-STANDARD-01	HIGH		READY
17321	17321	Wagon	I	6Y5	5	EU-SKODA-FABIA-I-WAGON-STANDARD-01	HIGH		READY
15585	15585	Wagon	I	6Y5	5	EU-SKODA-FABIA-I-WAGON-STANDARD-01	HIGH		READY
15582	15582	Wagon	I	6Y5	5	EU-SKODA-FABIA-I-WAGON-STANDARD-01	HIGH		READY
15583	15583	Wagon	I	6Y5	5	EU-SKODA-FABIA-I-WAGON-STANDARD-01	HIGH		READY
17518	17518	Wagon	I	6Y5	5	EU-SKODA-FABIA-I-WAGON-STANDARD-01	HIGH		READY
15504	15504	Wagon	I	6Y5	5	EU-SKODA-FABIA-I-WAGON-STANDARD-01	HIGH		READY
15584	15584	Wagon	I	6Y5	5	EU-SKODA-FABIA-I-WAGON-STANDARD-01	HIGH		READY
17396	17396	Van	I	6Y5	5	EU-SKODA-FABIA-I-WAGON-STANDARD-01	MEDIUM	Praktik uses the Fabia I Combi exterior shell.	READY
17397	17397	Van	I	6Y5	5	EU-SKODA-FABIA-I-WAGON-STANDARD-01	MEDIUM	Praktik uses the Fabia I Combi exterior shell.	READY
33876	33876	Hatchback	II	5J2	5	EU-SKODA-FABIA-II-HATCHBACK-STANDARD-01	HIGH		READY
33877	33877	Wagon	II	5J5	5	EU-SKODA-FABIA-II-WAGON-STANDARD-01	HIGH		READY
154623	154623	Van	II	5J5	5	EU-SKODA-FABIA-II-WAGON-STANDARD-01	MEDIUM	Praktik uses the Fabia II Combi exterior shell.	READY
108655	108655	Hatchback	III	6V2	5	EU-SKODA-FABIA-III-HATCHBACK-STANDARD-01	HIGH		READY
108656	108656	Hatchback	III	6V2	5	EU-SKODA-FABIA-III-HATCHBACK-STANDARD-01	HIGH		READY
108661	108661	Wagon	III	6V5	5	EU-SKODA-FABIA-III-WAGON-STANDARD-01	HIGH		READY
108666	108666	Wagon	III	6V5	5	EU-SKODA-FABIA-III-WAGON-STANDARD-01	HIGH		READY
117788	117788	Hatchback	III	6V2	5	EU-SKODA-FABIA-III-HATCHBACK-STANDARD-01	HIGH		READY
117789	117789	Wagon	III	6V5	5	EU-SKODA-FABIA-III-WAGON-STANDARD-01	HIGH		READY
127941	127941	Hatchback	III		5	EU-SKODA-FABIA-III-HATCHBACK-STANDARD-01	HIGH		READY
127942	127942	Wagon	III		5	EU-SKODA-FABIA-III-WAGON-STANDARD-01	HIGH		READY
128141	128141	Hatchback	III		5	EU-SKODA-FABIA-III-HATCHBACK-STANDARD-01	HIGH		READY
128142	128142	Wagon	III		5	EU-SKODA-FABIA-III-WAGON-STANDARD-01	HIGH		READY
108657	108657	Hatchback	III		5	EU-SKODA-FABIA-III-HATCHBACK-STANDARD-01	HIGH		READY
108658	108658	Hatchback	III		5	EU-SKODA-FABIA-III-HATCHBACK-STANDARD-01	HIGH		READY
108662	108662	Wagon	III		5	EU-SKODA-FABIA-III-WAGON-STANDARD-01	HIGH		READY
108663	108663	Wagon	III		5	EU-SKODA-FABIA-III-WAGON-STANDARD-01	HIGH		READY
108659	108659	Hatchback	III		5	EU-SKODA-FABIA-III-HATCHBACK-STANDARD-01	HIGH		READY
108660	108660	Hatchback	III		5	EU-SKODA-FABIA-III-HATCHBACK-STANDARD-01	HIGH		READY
108664	108664	Wagon	III		5	EU-SKODA-FABIA-III-WAGON-STANDARD-01	HIGH		READY
108665	108665	Wagon	III		5	EU-SKODA-FABIA-III-WAGON-STANDARD-01	HIGH		READY
117784	117784	Hatchback	III		5	EU-SKODA-FABIA-III-HATCHBACK-STANDARD-01	HIGH		READY
117785	117785	Wagon	III		5	EU-SKODA-FABIA-III-WAGON-STANDARD-01	HIGH		READY
154627	154627	Van	III		5	EU-SKODA-FABIA-III-WAGON-STANDARD-01	MEDIUM	Commercial derivative uses the Fabia III Combi outer envelope.	READY
154628	154628	Van	III		5	EU-SKODA-FABIA-III-WAGON-STANDARD-01	MEDIUM	Commercial derivative uses the Fabia III Combi outer envelope.	READY
154637	154637	Van	III		5	EU-SKODA-FABIA-III-WAGON-STANDARD-01	MEDIUM	Commercial derivative uses the Fabia III Combi outer envelope.	READY
154638	154638	Van	III		5	EU-SKODA-FABIA-III-WAGON-STANDARD-01	MEDIUM	Commercial derivative uses the Fabia III Combi outer envelope.	READY
154639	154639	Van	III		5	EU-SKODA-FABIA-III-WAGON-STANDARD-01	MEDIUM	Commercial derivative uses the Fabia III Combi outer envelope.	READY
154640	154640	Van	III		5	EU-SKODA-FABIA-III-WAGON-STANDARD-01	MEDIUM	Commercial derivative uses the Fabia III Combi outer envelope.	READY
154641	154641	Van	III		5	EU-SKODA-FABIA-III-WAGON-STANDARD-01	MEDIUM	Commercial derivative uses the Fabia III Combi outer envelope.	READY
145019	145019	Hatchback	IV		5	EU-SKODA-FABIA-IV-HATCHBACK-STANDARD-01	HIGH		READY
145238	145238	Hatchback	IV		5	EU-SKODA-FABIA-IV-HATCHBACK-STANDARD-01	HIGH		READY
145017	145017	Hatchback	IV		5	EU-SKODA-FABIA-IV-HATCHBACK-STANDARD-01	HIGH		READY
145018	145018	Hatchback	IV		5	EU-SKODA-FABIA-IV-HATCHBACK-STANDARD-01	HIGH		READY
157377	157377	Hatchback	IV		5	EU-SKODA-FABIA-IV-HATCHBACK-STANDARD-01	HIGH		READY
801036	801036	Hatchback	IV		5	EU-SKODA-FABIA-IV-HATCHBACK-STANDARD-01	HIGH	Road-going PJ3 Rally2 power variant; standard hatch outer body.	READY
146489	146489	Hatchback	IV		5	EU-SKODA-FABIA-IV-HATCHBACK-STANDARD-01	HIGH		READY
802660	802660	Hatchback	IV		5	EU-SKODA-FABIA-IV-HATCHBACK-STANDARD-01	HIGH		READY
11189	11189	Pickup	I		2	EU-SKODA-FAVORIT-I-PICKUP-STANDARD-01	HIGH		READY
11190	11190	Pickup	I		2	EU-SKODA-FAVORIT-I-PICKUP-STANDARD-01	HIGH		READY
11191	11191	Pickup	I		2	EU-SKODA-FAVORIT-I-PICKUP-STANDARD-01	HIGH		READY
143317	143317	Wagon	I		5	EU-SKODA-FAVORIT-I-WAGON-STANDARD-01	MEDIUM	Kasten/Kombi listing assigned the Forman estate outer envelope.	READY
143318	143318	Wagon	I		5	EU-SKODA-FAVORIT-I-WAGON-STANDARD-01	MEDIUM	Kasten/Kombi listing assigned the Forman estate outer envelope.	READY
11187	11187	Pickup	I		2	EU-SKODA-FELICIA-I-PICKUP-STANDARD-01	HIGH		READY
11188	11188	Pickup	I		2	EU-SKODA-FELICIA-I-PICKUP-STANDARD-01	HIGH		READY
14741	14741	Hatchback	I		5	EU-SKODA-FELICIA-I-HATCHBACK-STANDARD-01	HIGH		READY
14744	14744	Wagon	I		5	EU-SKODA-FELICIA-I-WAGON-STANDARD-01	HIGH		READY
5678	5678	Hatchback	I		5	EU-SKODA-FELICIA-I-HATCHBACK-STANDARD-01	HIGH		READY
5679	5679	Wagon	I		5	EU-SKODA-FELICIA-I-WAGON-STANDARD-01	HIGH		READY
8703	8703	Pickup	I		2	EU-SKODA-FELICIA-I-PICKUP-STANDARD-01	HIGH		READY
11192	11192	Hatchback	II		5	EU-SKODA-FELICIA-II-HATCHBACK-STANDARD-01	HIGH		READY
11193	11193	Hatchback	II		5	EU-SKODA-FELICIA-II-HATCHBACK-STANDARD-01	HIGH		READY
11196	11196	Wagon	II		5	EU-SKODA-FELICIA-II-WAGON-STANDARD-01	HIGH		READY
14745	14745	Hatchback	II		5	EU-SKODA-FELICIA-II-HATCHBACK-STANDARD-01	HIGH		READY
11194	11194	Hatchback	II		5	EU-SKODA-FELICIA-II-HATCHBACK-STANDARD-01	HIGH		READY
11197	11197	Wagon	II		5	EU-SKODA-FELICIA-II-WAGON-STANDARD-01	HIGH		READY
11195	11195	Hatchback	II		5	EU-SKODA-FELICIA-II-HATCHBACK-STANDARD-01	HIGH		READY
11198	11198	Wagon	II		5	EU-SKODA-FELICIA-II-WAGON-STANDARD-01	HIGH		READY
146729	146729	SUV	I		5	EU-SKODA-KAMIQ-I-SUV-STANDARD-01	HIGH		READY
128286_prefl	128286	SUV	I		5	EU-SKODA-KAROQ-I-SUV-PREFL-FWD-01	MEDIUM	Pre-facelift outer envelope.	READY
128286_facelift	128286	SUV	I		5	EU-SKODA-KAROQ-I-SUV-FACELIFT-FWD-01	MEDIUM	Facelift outer envelope.	READY
142867_prefl	142867	SUV	I		5	EU-SKODA-KAROQ-I-SUV-PREFL-FWD-01	MEDIUM	Pre-facelift outer envelope.	READY
142867_facelift	142867	SUV	I		5	EU-SKODA-KAROQ-I-SUV-FACELIFT-FWD-01	MEDIUM	Facelift outer envelope.	READY
128287_prefl	128287	SUV	I		5	EU-SKODA-KAROQ-I-SUV-PREFL-FWD-01	MEDIUM	Pre-facelift outer envelope.	READY
128287_facelift	128287	SUV	I		5	EU-SKODA-KAROQ-I-SUV-FACELIFT-FWD-01	MEDIUM	Facelift outer envelope.	READY
128288	128288	SUV	I		5	EU-SKODA-KAROQ-I-SUV-PREFL-FWD-01	HIGH		READY
144747_prefl	144747	SUV	I		5	EU-SKODA-KAROQ-I-SUV-PREFL-FWD-01	MEDIUM	Pre-facelift outer envelope.	READY
144747_facelift	144747	SUV	I		5	EU-SKODA-KAROQ-I-SUV-FACELIFT-FWD-01	MEDIUM	Facelift outer envelope.	READY
128289_prefl	128289	SUV	I		5	EU-SKODA-KAROQ-I-SUV-PREFL-AWD-01	MEDIUM	Pre-facelift outer envelope.	READY
128289_facelift	128289	SUV	I		5	EU-SKODA-KAROQ-I-SUV-FACELIFT-AWD-01	MEDIUM	Facelift outer envelope.	READY
128471	128471	SUV	I		5	EU-SKODA-KAROQ-I-SUV-PREFL-AWD-01	HIGH		READY
801672_prefl	801672	SUV	I		5	EU-SKODA-KAROQ-I-SUV-PREFL-AWD-01	MEDIUM	Pre-facelift outer envelope.	READY
801672_facelift	801672	SUV	I		5	EU-SKODA-KAROQ-I-SUV-FACELIFT-AWD-01	MEDIUM	Facelift outer envelope.	READY
123422	123422	SUV	I		5	EU-SKODA-KODIAQ-I-SUV-PREFL-STANDARD-01	HIGH		READY
123933	123933	SUV	I		5	EU-SKODA-KODIAQ-I-SUV-PREFL-STANDARD-01	HIGH		READY
123424	123424	SUV	I		5	EU-SKODA-KODIAQ-I-SUV-PREFL-STANDARD-01	HIGH		READY
145016	145016	SUV	I		5	EU-SKODA-KODIAQ-I-SUV-FACELIFT-RS-01	HIGH		READY
123934_prefl	123934	SUV	I		5	EU-SKODA-KODIAQ-I-SUV-PREFL-STANDARD-01	MEDIUM	Pre-facelift outer envelope.	READY
123934_facelift	123934	SUV	I		5	EU-SKODA-KODIAQ-I-SUV-FACELIFT-STANDARD-01	MEDIUM	Facelift outer envelope.	READY
154693	154693	SUV	I		5	EU-SKODA-KODIAQ-I-SUV-PREFL-STANDARD-01	HIGH		READY
123426_prefl	123426	SUV	I		5	EU-SKODA-KODIAQ-I-SUV-PREFL-STANDARD-01	MEDIUM	Pre-facelift outer envelope.	READY
123426_facelift	123426	SUV	I		5	EU-SKODA-KODIAQ-I-SUV-FACELIFT-STANDARD-01	MEDIUM	Facelift outer envelope.	READY
123427	123427	SUV	I		5	EU-SKODA-KODIAQ-I-SUV-PREFL-STANDARD-01	HIGH		READY
123425	123425	SUV	I		5	EU-SKODA-KODIAQ-I-SUV-PREFL-STANDARD-01	HIGH		READY
801673_prefl	801673	SUV	I		5	EU-SKODA-KODIAQ-I-SUV-PREFL-STANDARD-01	MEDIUM	Pre-facelift outer envelope.	READY
801673_facelift	801673	SUV	I		5	EU-SKODA-KODIAQ-I-SUV-FACELIFT-STANDARD-01	MEDIUM	Facelift outer envelope.	READY
801829	801829	SUV	II		5	EU-SKODA-KODIAQ-II-SUV-FWD-STANDARD-01	MEDIUM	Input engine label is not listed in the EU technical sheet; standard FWD body envelope assigned.	READY
158377	158377	SUV	II		5	EU-SKODA-KODIAQ-II-SUV-PHEV-STANDARD-01	HIGH		READY
157549	157549	SUV	II		5	EU-SKODA-KODIAQ-II-SUV-FWD-STANDARD-01	HIGH		READY
157362	157362	SUV	II		5	EU-SKODA-KODIAQ-II-SUV-FWD-STANDARD-01	HIGH		READY
157363	157363	SUV	II		5	EU-SKODA-KODIAQ-II-SUV-AWD-STANDARD-01	HIGH		READY
801830	801830	SUV	II		5	EU-SKODA-KODIAQ-II-SUV-AWD-STANDARD-01	HIGH		READY
801026	801026	SUV	II		5	EU-SKODA-KODIAQ-II-SUV-AWD-STANDARD-01	HIGH		READY
801222	801222	SUV	II		5	EU-SKODA-KODIAQ-II-SUV-AWD-STANDARD-01	HIGH		READY
14748_prefl	14748	Hatchback	I		5	EU-SKODA-OCTAVIA-I-HATCHBACK-PREFL-01	MEDIUM	Pre-facelift outer envelope.	READY
14748_facelift	14748	Hatchback	I		5	EU-SKODA-OCTAVIA-I-HATCHBACK-FACELIFT-01	MEDIUM	Facelift outer envelope.	READY
17972	17972	Hatchback	II		5	EU-SKODA-OCTAVIA-II-HATCHBACK-PREFL-01	HIGH		READY
8009_prefl	8009	Hatchback	I		5	EU-SKODA-OCTAVIA-I-HATCHBACK-PREFL-01	MEDIUM	Pre-facelift outer envelope.	READY
8009_facelift	8009	Hatchback	I		5	EU-SKODA-OCTAVIA-I-HATCHBACK-FACELIFT-01	MEDIUM	Facelift outer envelope.	READY
11629_prefl	11629	Wagon	I		5	EU-SKODA-OCTAVIA-I-WAGON-PREFL-01	MEDIUM	Pre-facelift outer envelope.	READY
11629_facelift	11629	Wagon	I		5	EU-SKODA-OCTAVIA-I-WAGON-FACELIFT-01	MEDIUM	Facelift outer envelope.	READY
15910	15910	Hatchback	I		5	EU-SKODA-OCTAVIA-I-HATCHBACK-FACELIFT-01	HIGH		READY
15918	15918	Wagon	I		5	EU-SKODA-OCTAVIA-I-WAGON-FACELIFT-01	HIGH		READY
17973_prefl	17973	Hatchback	II		5	EU-SKODA-OCTAVIA-II-HATCHBACK-PREFL-01	MEDIUM	Pre-facelift outer envelope.	READY
17973_facelift	17973	Hatchback	II		5	EU-SKODA-OCTAVIA-II-HATCHBACK-FACELIFT-01	MEDIUM	Facelift outer envelope.	READY
18246_prefl	18246	Wagon	II		5	EU-SKODA-OCTAVIA-II-WAGON-PREFL-01	MEDIUM	Pre-facelift outer envelope.	READY
18246_facelift	18246	Wagon	II		5	EU-SKODA-OCTAVIA-II-WAGON-FACELIFT-01	MEDIUM	Facelift outer envelope.	READY
107943_prefl	107943	Hatchback	III		5	EU-SKODA-OCTAVIA-III-HATCHBACK-PREFL-01	MEDIUM	Pre-facelift outer envelope.	READY
107943_facelift	107943	Hatchback	III		5	EU-SKODA-OCTAVIA-III-HATCHBACK-FACELIFT-01	MEDIUM	Facelift outer envelope.	READY
13085_prefl	13085	Hatchback	I		5	EU-SKODA-OCTAVIA-I-HATCHBACK-PREFL-01	MEDIUM	Pre-facelift outer envelope.	READY
13085_facelift	13085	Hatchback	I		5	EU-SKODA-OCTAVIA-I-HATCHBACK-FACELIFT-01	MEDIUM	Facelift outer envelope.	READY
13086_prefl	13086	Wagon	I		5	EU-SKODA-OCTAVIA-I-WAGON-PREFL-01	MEDIUM	Pre-facelift outer envelope.	READY
13086_facelift	13086	Wagon	I		5	EU-SKODA-OCTAVIA-I-WAGON-FACELIFT-01	MEDIUM	Facelift outer envelope.	READY
120206_prefl	120206	Hatchback	III		5	EU-SKODA-OCTAVIA-III-HATCHBACK-PREFL-01	MEDIUM	Pre-facelift outer envelope.	READY
120206_facelift	120206	Hatchback	III		5	EU-SKODA-OCTAVIA-III-HATCHBACK-FACELIFT-01	MEDIUM	Facelift outer envelope.	READY
120207_prefl	120207	Wagon	III		5	EU-SKODA-OCTAVIA-III-WAGON-PREFL-01	MEDIUM	Pre-facelift outer envelope.	READY
120207_facelift	120207	Wagon	III		5	EU-SKODA-OCTAVIA-III-WAGON-FACELIFT-01	MEDIUM	Facelift outer envelope.	READY
58757	58757	Hatchback	III		5	EU-SKODA-OCTAVIA-III-HATCHBACK-PREFL-01	HIGH		READY
58758	58758	Hatchback	III		5	EU-SKODA-OCTAVIA-III-HATCHBACK-PREFL-01	HIGH		READY
58762	58762	Wagon	III		5	EU-SKODA-OCTAVIA-III-WAGON-PREFL-01	HIGH		READY
58763	58763	Wagon	III		5	EU-SKODA-OCTAVIA-III-WAGON-PREFL-01	HIGH		READY
115152	115152	Hatchback	III		5	EU-SKODA-OCTAVIA-III-HATCHBACK-PREFL-01	HIGH		READY
115154	115154	Wagon	III		5	EU-SKODA-OCTAVIA-III-WAGON-PREFL-01	HIGH		READY
15292	15292	Hatchback	I		5	EU-SKODA-OCTAVIA-I-HATCHBACK-FACELIFT-01	HIGH		READY
15917	15917	Wagon	I		5	EU-SKODA-OCTAVIA-I-WAGON-FACELIFT-01	HIGH		READY
58750	58750	Hatchback	III		5	EU-SKODA-OCTAVIA-III-HATCHBACK-PREFL-01	HIGH		READY
58764	58764	Wagon	III		5	EU-SKODA-OCTAVIA-III-WAGON-PREFL-01	HIGH		READY
115156_prefl	115156	Hatchback	III		5	EU-SKODA-OCTAVIA-III-HATCHBACK-PREFL-01	MEDIUM	Pre-facelift outer envelope.	READY
115156_facelift	115156	Hatchback	III		5	EU-SKODA-OCTAVIA-III-HATCHBACK-FACELIFT-01	MEDIUM	Facelift outer envelope.	READY
115158_prefl	115158	Wagon	Octavia III	5E5/5E6	5	EU-SKODA-OCTAVIA-III-WAGON-PREFL-01	HIGH	Ktype production span crosses the 2017 exterior facelift; dimensions require phase-specific branches.	READY
115158_facelift	115158	Wagon	Octavia III	5E5/5E6	5	EU-SKODA-OCTAVIA-III-WAGON-FACELIFT-01	HIGH	Ktype production span crosses the 2017 exterior facelift; dimensions require phase-specific branches.	READY
144843	144843	Wagon	Octavia IV	NX5/PV5	5	EU-SKODA-OCTAVIA-IV-WAGON-PREFL-01	HIGH		READY
146987	146987	Hatchback	Octavia IV	NX3/NN3/PV3	5	EU-SKODA-OCTAVIA-IV-HATCHBACK-PREFL-01	HIGH		READY
106544	106544	Hatchback	Octavia III	5E3/NL3/NR3	5	EU-SKODA-OCTAVIA-III-HATCHBACK-PREFL-01	HIGH		READY
106545	106545	Wagon	Octavia III	5E5/5E6	5	EU-SKODA-OCTAVIA-III-WAGON-PREFL-01	HIGH		READY
145197	145197	Hatchback	Octavia IV	NX3/NN3/PV3	5	EU-SKODA-OCTAVIA-IV-HATCHBACK-PREFL-01	HIGH		READY
145198	145198	Wagon	Octavia IV	NX5/PV5	5	EU-SKODA-OCTAVIA-IV-WAGON-PREFL-01	HIGH		READY
158004	158004	Hatchback	Octavia IV	NX3/NN3/PV3	5	EU-SKODA-OCTAVIA-IV-HATCHBACK-FACELIFT-01	HIGH		READY
158005	158005	Wagon	Octavia IV	NX5/PV5	5	EU-SKODA-OCTAVIA-IV-WAGON-FACELIFT-01	HIGH		READY
128418	128418	Hatchback	Octavia III	5E3/NL3/NR3	5	EU-SKODA-OCTAVIA-III-HATCHBACK-FACELIFT-01	HIGH		READY
128420	128420	Wagon	Octavia III	5E5/5E6	5	EU-SKODA-OCTAVIA-III-WAGON-FACELIFT-01	HIGH		READY
158002	158002	Hatchback	Octavia IV	NX3/NN3/PV3	5	EU-SKODA-OCTAVIA-IV-HATCHBACK-FACELIFT-01	HIGH		READY
158003	158003	Wagon	Octavia IV	NX5/PV5	5	EU-SKODA-OCTAVIA-IV-WAGON-FACELIFT-01	HIGH		READY
143425	143425	Hatchback	Octavia IV	NX3/NN3/PV3	5	EU-SKODA-OCTAVIA-IV-HATCHBACK-PREFL-01	HIGH		READY
143426	143426	Wagon	Octavia IV	NX5/PV5	5	EU-SKODA-OCTAVIA-IV-WAGON-PREFL-01	HIGH		READY
17974	17974	Hatchback	Octavia II	1Z3	5	EU-SKODA-OCTAVIA-II-HATCHBACK-PREFL-01	HIGH		READY
18247	18247	Wagon	Octavia II	1Z5	5	EU-SKODA-OCTAVIA-II-WAGON-PREFL-01	HIGH		READY
107944	107944	Wagon	Octavia III	5E5/5E6	5	EU-SKODA-OCTAVIA-III-WAGON-PREFL-01	HIGH		READY
58760	58760	Hatchback	Octavia III	5E3/NL3/NR3	5	EU-SKODA-OCTAVIA-III-HATCHBACK-PREFL-01	HIGH		READY
58766	58766	Wagon	Octavia III	5E5/5E6	5	EU-SKODA-OCTAVIA-III-WAGON-PREFL-01	HIGH		READY
59077_prefl	59077	Hatchback	Octavia III	5E3/NL3/NR3	5	EU-SKODA-OCTAVIA-III-HATCHBACK-PREFL-01	HIGH	Ktype production span crosses the 2017 exterior facelift; dimensions require phase-specific branches.	READY
59077_facelift	59077	Hatchback	Octavia III	5E3/NL3/NR3	5	EU-SKODA-OCTAVIA-III-HATCHBACK-FACELIFT-01	HIGH	Ktype production span crosses the 2017 exterior facelift; dimensions require phase-specific branches.	READY
59078_prefl	59078	Wagon	Octavia III	5E5/5E6	5	EU-SKODA-OCTAVIA-III-WAGON-PREFL-01	HIGH	Ktype production span crosses the 2017 exterior facelift; dimensions require phase-specific branches.	READY
59078_facelift	59078	Wagon	Octavia III	5E5/5E6	5	EU-SKODA-OCTAVIA-III-WAGON-FACELIFT-01	HIGH	Ktype production span crosses the 2017 exterior facelift; dimensions require phase-specific branches.	READY
100629	100629	Hatchback	Octavia III	5E3/NL3/NR3	5	EU-SKODA-OCTAVIA-III-HATCHBACK-PREFL-01	HIGH		READY
100630	100630	Wagon	Octavia III	5E5/5E6	5	EU-SKODA-OCTAVIA-III-WAGON-PREFL-01	HIGH		READY
126000	126000	Hatchback	Octavia III	5E3/NL3/NR3	5	EU-SKODA-OCTAVIA-III-HATCHBACK-FACELIFT-01	HIGH		READY
126001	126001	Wagon	Octavia III	5E5/5E6	5	EU-SKODA-OCTAVIA-III-WAGON-FACELIFT-01	HIGH		READY
59488	59488	Wagon	Octavia III	5E5/5E6	5	EU-SKODA-OCTAVIA-III-WAGON-PREFL-01	HIGH		READY
108643	108643	Hatchback	Octavia III	5E3/NL3/NR3	5	EU-SKODA-OCTAVIA-III-HATCHBACK-PREFL-01	HIGH		READY
115209	115209	Hatchback	Octavia III	5E3/NL3/NR3	5	EU-SKODA-OCTAVIA-III-HATCHBACK-PREFL-01	HIGH		READY
115210	115210	Wagon	Octavia III	5E5/5E6	5	EU-SKODA-OCTAVIA-III-WAGON-PREFL-01	HIGH		READY
10270_prefl	10270	Wagon	Octavia I	1U5	5	EU-SKODA-OCTAVIA-I-WAGON-PREFL-01	HIGH	Ktype production span crosses the Sep 2000 exterior facelift; dimensions require phase-specific branches.	READY
10270_facelift	10270	Wagon	Octavia I	1U5	5	EU-SKODA-OCTAVIA-I-WAGON-FACELIFT-01	HIGH	Ktype production span crosses the Sep 2000 exterior facelift; dimensions require phase-specific branches.	READY
11346_prefl	11346	Hatchback	Octavia I	1U2	5	EU-SKODA-OCTAVIA-I-HATCHBACK-PREFL-01	HIGH	Ktype production span crosses the Sep 2000 exterior facelift; dimensions require phase-specific branches.	READY
11346_facelift	11346	Hatchback	Octavia I	1U2	5	EU-SKODA-OCTAVIA-I-HATCHBACK-FACELIFT-01	HIGH	Ktype production span crosses the Sep 2000 exterior facelift; dimensions require phase-specific branches.	READY
16086	16086	Hatchback	Octavia I	1U2	5	EU-SKODA-OCTAVIA-I-HATCHBACK-FACELIFT-01	HIGH		READY
16087	16087	Wagon	Octavia I	1U5	5	EU-SKODA-OCTAVIA-I-WAGON-FACELIFT-01	HIGH		READY
7867	7867	Hatchback	Octavia II	1Z3	5	EU-SKODA-OCTAVIA-II-HATCHBACK-FACELIFT-01	HIGH		READY
7868	7868	Wagon	Octavia II	1Z5	5	EU-SKODA-OCTAVIA-II-WAGON-FACELIFT-01	HIGH		READY
58759_prefl	58759	Hatchback	Octavia III	5E3/NL3/NR3	5	EU-SKODA-OCTAVIA-III-HATCHBACK-PREFL-01	HIGH	Ktype production span crosses the 2017 exterior facelift; dimensions require phase-specific branches.	READY
58759_facelift	58759	Hatchback	Octavia III	5E3/NL3/NR3	5	EU-SKODA-OCTAVIA-III-HATCHBACK-FACELIFT-01	HIGH	Ktype production span crosses the 2017 exterior facelift; dimensions require phase-specific branches.	READY
58765_prefl	58765	Wagon	Octavia III	5E5/5E6	5	EU-SKODA-OCTAVIA-III-WAGON-PREFL-01	HIGH	Ktype production span crosses the 2017 exterior facelift; dimensions require phase-specific branches.	READY
58765_facelift	58765	Wagon	Octavia III	5E5/5E6	5	EU-SKODA-OCTAVIA-III-WAGON-FACELIFT-01	HIGH	Ktype production span crosses the 2017 exterior facelift; dimensions require phase-specific branches.	READY
59489	59489	Wagon	Octavia III	5E5/5E6	5	EU-SKODA-OCTAVIA-III-WAGON-PREFL-01	HIGH		READY
108644_prefl	108644	Hatchback	Octavia III	5E3/NL3/NR3	5	EU-SKODA-OCTAVIA-III-HATCHBACK-PREFL-01	HIGH	Ktype production span crosses the 2017 exterior facelift; dimensions require phase-specific branches.	READY
108644_facelift	108644	Hatchback	Octavia III	5E3/NL3/NR3	5	EU-SKODA-OCTAVIA-III-HATCHBACK-FACELIFT-01	HIGH	Ktype production span crosses the 2017 exterior facelift; dimensions require phase-specific branches.	READY
8704_prefl	8704	Hatchback	Octavia I	1U2	5	EU-SKODA-OCTAVIA-I-HATCHBACK-PREFL-01	HIGH	Ktype production span crosses the Sep 2000 exterior facelift; dimensions require phase-specific branches.	READY
8704_facelift	8704	Hatchback	Octavia I	1U2	5	EU-SKODA-OCTAVIA-I-HATCHBACK-FACELIFT-01	HIGH	Ktype production span crosses the Sep 2000 exterior facelift; dimensions require phase-specific branches.	READY
17475	17475	Hatchback	Octavia I	1U2	5	EU-SKODA-OCTAVIA-I-HATCHBACK-FACELIFT-01	HIGH		READY
17476	17476	Wagon	Octavia I	1U5	5	EU-SKODA-OCTAVIA-I-WAGON-FACELIFT-01	HIGH		READY
17970_prefl	17970	Hatchback	Octavia II	1Z3	5	EU-SKODA-OCTAVIA-II-HATCHBACK-PREFL-01	HIGH	Ktype production span crosses the 2008/2009 exterior facelift; dimensions require phase-specific branches.	READY
17970_facelift	17970	Hatchback	Octavia II	1Z3	5	EU-SKODA-OCTAVIA-II-HATCHBACK-FACELIFT-01	HIGH	Ktype production span crosses the 2008/2009 exterior facelift; dimensions require phase-specific branches.	READY
18248_prefl	18248	Wagon	Octavia II	1Z5	5	EU-SKODA-OCTAVIA-II-WAGON-PREFL-01	HIGH	Ktype production span crosses the 2008/2009 exterior facelift; dimensions require phase-specific branches.	READY
18248_facelift	18248	Wagon	Octavia II	1Z5	5	EU-SKODA-OCTAVIA-II-WAGON-FACELIFT-01	HIGH	Ktype production span crosses the 2008/2009 exterior facelift; dimensions require phase-specific branches.	READY
12243_prefl	12243	Wagon	Octavia I	1U5	5	EU-SKODA-OCTAVIA-I-WAGON-PREFL-01	HIGH	Ktype production span crosses the Sep 2000 exterior facelift; dimensions require phase-specific branches.	READY
12243_facelift	12243	Wagon	Octavia I	1U5	5	EU-SKODA-OCTAVIA-I-WAGON-FACELIFT-01	HIGH	Ktype production span crosses the Sep 2000 exterior facelift; dimensions require phase-specific branches.	READY
15294	15294	Wagon	Octavia I	1U5	5	EU-SKODA-OCTAVIA-I-WAGON-FACELIFT-01	HIGH		READY
18481_prefl	18481	Wagon	Octavia II	1Z5	5	EU-SKODA-OCTAVIA-II-WAGON-PREFL-01	HIGH	Ktype production span crosses the 2008/2009 exterior facelift; dimensions require phase-specific branches.	READY
18481_facelift	18481	Wagon	Octavia II	1Z5	5	EU-SKODA-OCTAVIA-II-WAGON-FACELIFT-01	HIGH	Ktype production span crosses the 2008/2009 exterior facelift; dimensions require phase-specific branches.	READY
16088_prefl	16088	Wagon	Octavia I	1U5	5	EU-SKODA-OCTAVIA-I-WAGON-PREFL-01	HIGH	Ktype production span crosses the Sep 2000 exterior facelift; dimensions require phase-specific branches.	READY
16088_facelift	16088	Wagon	Octavia I	1U5	5	EU-SKODA-OCTAVIA-I-WAGON-FACELIFT-01	HIGH	Ktype production span crosses the Sep 2000 exterior facelift; dimensions require phase-specific branches.	READY
18478	18478	Hatchback	Octavia II	1Z3	5	EU-SKODA-OCTAVIA-II-HATCHBACK-PREFL-01	HIGH		READY
18479	18479	Wagon	Octavia II	1Z5	5	EU-SKODA-OCTAVIA-II-WAGON-PREFL-01	HIGH		READY
18480_prefl	18480	Wagon	Octavia II	1Z5	5	EU-SKODA-OCTAVIA-II-WAGON-PREFL-01	HIGH	Ktype production span crosses the 2008/2009 exterior facelift; dimensions require phase-specific branches.	READY
18480_facelift	18480	Wagon	Octavia II	1Z5	5	EU-SKODA-OCTAVIA-II-WAGON-FACELIFT-01	HIGH	Ktype production span crosses the 2008/2009 exterior facelift; dimensions require phase-specific branches.	READY
800480	800480	Wagon	Octavia IV	NX5/PV5	5	EU-SKODA-OCTAVIA-IV-WAGON-RS-FACELIFT-01	HIGH		READY
58761_prefl	58761	Hatchback	Octavia III	5E3/NL3/NR3	5	EU-SKODA-OCTAVIA-III-HATCHBACK-PREFL-01	HIGH	Ktype production span crosses the 2017 exterior facelift; dimensions require phase-specific branches.	READY
58761_facelift	58761	Hatchback	Octavia III	5E3/NL3/NR3	5	EU-SKODA-OCTAVIA-III-HATCHBACK-FACELIFT-01	HIGH	Ktype production span crosses the 2017 exterior facelift; dimensions require phase-specific branches.	READY
58767_prefl	58767	Wagon	Octavia III	5E5/5E6	5	EU-SKODA-OCTAVIA-III-WAGON-PREFL-01	HIGH	Ktype production span crosses the 2017 exterior facelift; dimensions require phase-specific branches.	READY
58767_facelift	58767	Wagon	Octavia III	5E5/5E6	5	EU-SKODA-OCTAVIA-III-WAGON-FACELIFT-01	HIGH	Ktype production span crosses the 2017 exterior facelift; dimensions require phase-specific branches.	READY
59079	59079	Hatchback	Octavia III	5E3/NL3/NR3	5	EU-SKODA-OCTAVIA-III-HATCHBACK-PREFL-01	HIGH		READY
59080	59080	Wagon	Octavia III	5E5/5E6	5	EU-SKODA-OCTAVIA-III-WAGON-PREFL-01	HIGH		READY
108648_std_prefl	108648	Wagon	Octavia III	5E5/5E6	5	EU-SKODA-OCTAVIA-III-WAGON-PREFL-01	HIGH	Input Ktype explicitly covers both standard TDI and TDI RS 4x4 and spans the 2017 facelift; four evidence-backed physical branches are retained.	READY
108648_std_facelift	108648	Wagon	Octavia III	5E5/5E6	5	EU-SKODA-OCTAVIA-III-WAGON-FACELIFT-01	HIGH	Input Ktype explicitly covers both standard TDI and TDI RS 4x4 and spans the 2017 facelift; four evidence-backed physical branches are retained.	READY
108648_rs_prefl	108648	Wagon	Octavia III	5E5/5E6	5	EU-SKODA-OCTAVIA-III-WAGON-RS-PREFL-01	HIGH	Input Ktype explicitly covers both standard TDI and TDI RS 4x4 and spans the 2017 facelift; four evidence-backed physical branches are retained.	READY
108648_rs_facelift	108648	Wagon	Octavia III	5E5/5E6	5	EU-SKODA-OCTAVIA-III-WAGON-RS-FACELIFT-01	HIGH	Input Ktype explicitly covers both standard TDI and TDI RS 4x4 and spans the 2017 facelift; four evidence-backed physical branches are retained.	READY
108649_std_prefl	108649	Hatchback	Octavia III	5E3/NL3/NR3	5	EU-SKODA-OCTAVIA-III-HATCHBACK-PREFL-01	HIGH	Input Ktype explicitly covers both standard TDI and TDI RS 4x4 and spans the 2017 facelift; four evidence-backed physical branches are retained.	READY
108649_std_facelift	108649	Hatchback	Octavia III	5E3/NL3/NR3	5	EU-SKODA-OCTAVIA-III-HATCHBACK-FACELIFT-01	HIGH	Input Ktype explicitly covers both standard TDI and TDI RS 4x4 and spans the 2017 facelift; four evidence-backed physical branches are retained.	READY
108649_rs_prefl	108649	Hatchback	Octavia III	5E3/NL3/NR3	5	EU-SKODA-OCTAVIA-III-HATCHBACK-RS-PREFL-01	HIGH	Input Ktype explicitly covers both standard TDI and TDI RS 4x4 and spans the 2017 facelift; four evidence-backed physical branches are retained.	READY
108649_rs_facelift	108649	Hatchback	Octavia III	5E3/NL3/NR3	5	EU-SKODA-OCTAVIA-III-HATCHBACK-RS-FACELIFT-01	HIGH	Input Ktype explicitly covers both standard TDI and TDI RS 4x4 and spans the 2017 facelift; four evidence-backed physical branches are retained.	READY
17971_prefl	17971	Hatchback	Octavia II	1Z3	5	EU-SKODA-OCTAVIA-II-HATCHBACK-PREFL-01	HIGH	Ktype production span crosses the 2008/2009 exterior facelift; dimensions require phase-specific branches.	READY
17971_facelift	17971	Hatchback	Octavia II	1Z3	5	EU-SKODA-OCTAVIA-II-HATCHBACK-FACELIFT-01	HIGH	Ktype production span crosses the 2008/2009 exterior facelift; dimensions require phase-specific branches.	READY
18249_prefl	18249	Wagon	Octavia II	1Z5	5	EU-SKODA-OCTAVIA-II-WAGON-PREFL-01	HIGH	Ktype production span crosses the 2008/2009 exterior facelift; dimensions require phase-specific branches.	READY
18249_facelift	18249	Wagon	Octavia II	1Z5	5	EU-SKODA-OCTAVIA-II-WAGON-FACELIFT-01	HIGH	Ktype production span crosses the 2008/2009 exterior facelift; dimensions require phase-specific branches.	READY
6042	6042	Wagon	Octavia II	1Z5	5	EU-SKODA-OCTAVIA-II-WAGON-FACELIFT-01	HIGH		READY
59490_prefl	59490	Wagon	Octavia III	5E5/5E6	5	EU-SKODA-OCTAVIA-III-WAGON-PREFL-01	HIGH	Ktype production span crosses the 2017 exterior facelift; dimensions require phase-specific branches.	READY
59490_facelift	59490	Wagon	Octavia III	5E5/5E6	5	EU-SKODA-OCTAVIA-III-WAGON-FACELIFT-01	HIGH	Ktype production span crosses the 2017 exterior facelift; dimensions require phase-specific branches.	READY
108645_prefl	108645	Hatchback	Octavia III	5E3/NL3/NR3	5	EU-SKODA-OCTAVIA-III-HATCHBACK-PREFL-01	HIGH	Ktype production span crosses the 2017 exterior facelift; dimensions require phase-specific branches.	READY
108645_facelift	108645	Hatchback	Octavia III	5E3/NL3/NR3	5	EU-SKODA-OCTAVIA-III-HATCHBACK-FACELIFT-01	HIGH	Ktype production span crosses the 2017 exterior facelift; dimensions require phase-specific branches.	READY
143518	143518	Wagon	Octavia IV	NX5/PV5	5	EU-SKODA-OCTAVIA-IV-WAGON-PREFL-01	HIGH		READY
144928	144928	Hatchback	Octavia IV	NX3/NN3/PV3	5	EU-SKODA-OCTAVIA-IV-HATCHBACK-PREFL-01	HIGH		READY
59676_prefl	59676	Hatchback	Octavia III	5E3/NL3/NR3	5	EU-SKODA-OCTAVIA-III-HATCHBACK-RS-PREFL-01	HIGH	RS Ktype production span crosses the 2017 exterior facelift; dimensions require phase-specific RS branches.	READY
59676_facelift	59676	Hatchback	Octavia III	5E3/NL3/NR3	5	EU-SKODA-OCTAVIA-III-HATCHBACK-RS-FACELIFT-01	HIGH	RS Ktype production span crosses the 2017 exterior facelift; dimensions require phase-specific RS branches.	READY
59679_prefl	59679	Wagon	Octavia III	5E5/5E6	5	EU-SKODA-OCTAVIA-III-WAGON-RS-PREFL-01	HIGH	RS Ktype production span crosses the 2017 exterior facelift; dimensions require phase-specific RS branches.	READY
59679_facelift	59679	Wagon	Octavia III	5E5/5E6	5	EU-SKODA-OCTAVIA-III-WAGON-RS-FACELIFT-01	HIGH	RS Ktype production span crosses the 2017 exterior facelift; dimensions require phase-specific RS branches.	READY
143519	143519	Wagon	Octavia IV	NX5/PV5	5	EU-SKODA-OCTAVIA-IV-WAGON-PREFL-01	HIGH		READY
145013	145013	Hatchback	Octavia IV	NX3/NN3/PV3	5	EU-SKODA-OCTAVIA-IV-HATCHBACK-PREFL-01	HIGH		READY
801352	801352	Hatchback	Octavia IV	NX3/NN3/PV3	5	EU-SKODA-OCTAVIA-IV-HATCHBACK-FACELIFT-01	HIGH		READY
801353	801353	Wagon	Octavia IV	NX5/PV5	5	EU-SKODA-OCTAVIA-IV-WAGON-FACELIFT-01	HIGH		READY
59677	59677	Hatchback	Octavia III	5E3/NL3/NR3	5	EU-SKODA-OCTAVIA-III-HATCHBACK-RS-PREFL-01	HIGH		READY
59680	59680	Wagon	Octavia III	5E5/5E6	5	EU-SKODA-OCTAVIA-III-WAGON-RS-PREFL-01	HIGH		READY
115160_prefl	115160	Hatchback	Octavia III	5E3/NL3/NR3	5	EU-SKODA-OCTAVIA-III-HATCHBACK-RS-PREFL-01	HIGH	RS Ktype production span crosses the 2017 exterior facelift; dimensions require phase-specific RS branches.	READY
115160_facelift	115160	Hatchback	Octavia III	5E3/NL3/NR3	5	EU-SKODA-OCTAVIA-III-HATCHBACK-RS-FACELIFT-01	HIGH	RS Ktype production span crosses the 2017 exterior facelift; dimensions require phase-specific RS branches.	READY
115161_prefl	115161	Wagon	Octavia III	5E5/5E6	5	EU-SKODA-OCTAVIA-III-WAGON-RS-PREFL-01	HIGH	RS Ktype production span crosses the 2017 exterior facelift; dimensions require phase-specific RS branches.	READY
115161_facelift	115161	Wagon	Octavia III	5E5/5E6	5	EU-SKODA-OCTAVIA-III-WAGON-RS-FACELIFT-01	HIGH	RS Ktype production span crosses the 2017 exterior facelift; dimensions require phase-specific RS branches.	READY
126002	126002	Hatchback	Octavia III	5E3/NL3/NR3	5	EU-SKODA-OCTAVIA-III-HATCHBACK-RS-FACELIFT-01	HIGH		READY
126003	126003	Wagon	Octavia III	5E5/5E6	5	EU-SKODA-OCTAVIA-III-WAGON-RS-FACELIFT-01	HIGH		READY
800493	800493	Hatchback	Octavia IV	NX3/NN3/PV3	5	EU-SKODA-OCTAVIA-IV-HATCHBACK-RS-FACELIFT-01	HIGH		READY
15293	15293	Hatchback	Octavia I	1U2	5	EU-SKODA-OCTAVIA-I-HATCHBACK-RS-FACELIFT-01	HIGH		READY
16945	16945	Wagon	Octavia I	1U5	5	EU-SKODA-OCTAVIA-I-WAGON-RS-FACELIFT-01	HIGH		READY
56161	56161	Hatchback	Rapid I	NH3/NK3/NK6	5	EU-SKODA-RAPID-I-HATCHBACK-LIFTBACK-01	HIGH	Ktype resolves to the Rapid liftback body, not the shorter Spaceback.	READY
107504	107504	Hatchback	Rapid I	NH1	5	EU-SKODA-RAPID-I-HATCHBACK-SPACEBACK-01	HIGH	Ktype resolves to the shorter Rapid Spaceback body.	READY
59064	59064	Hatchback	Rapid I	NH3/NK3/NK6	5	EU-SKODA-RAPID-I-HATCHBACK-LIFTBACK-01	HIGH	Ktype resolves to the Rapid liftback body, not the shorter Spaceback.	READY
105755	105755	Hatchback	Rapid I	NH1	5	EU-SKODA-RAPID-I-HATCHBACK-SPACEBACK-01	HIGH	Ktype resolves to the shorter Rapid Spaceback body.	READY
123729	123729	Hatchback	Rapid I	NH3/NK3/NK6	5	EU-SKODA-RAPID-I-HATCHBACK-LIFTBACK-01	HIGH	Ktype resolves to the Rapid liftback body, not the shorter Spaceback.	READY
128465	128465	Hatchback	Rapid I	NH3/NK3/NK6	5	EU-SKODA-RAPID-I-HATCHBACK-LIFTBACK-01	HIGH	Ktype resolves to the Rapid liftback body, not the shorter Spaceback.	READY
128467	128467	Hatchback	Rapid I	NH3/NK3/NK6	5	EU-SKODA-RAPID-I-HATCHBACK-LIFTBACK-01	HIGH	Ktype resolves to the Rapid liftback body, not the shorter Spaceback.	READY
128469	128469	Hatchback	Rapid I	NH1	5	EU-SKODA-RAPID-I-HATCHBACK-SPACEBACK-01	HIGH	Ktype resolves to the shorter Rapid Spaceback body.	READY
128470	128470	Hatchback	Rapid I	NH1	5	EU-SKODA-RAPID-I-HATCHBACK-SPACEBACK-01	HIGH	Ktype resolves to the shorter Rapid Spaceback body.	READY
39229	39229	Hatchback	Rapid I	NH1	5	EU-SKODA-RAPID-I-HATCHBACK-SPACEBACK-01	HIGH	Ktype resolves to the shorter Rapid Spaceback body.	READY
39231	39231	Hatchback	Rapid I	NH1	5	EU-SKODA-RAPID-I-HATCHBACK-SPACEBACK-01	HIGH	Ktype resolves to the shorter Rapid Spaceback body.	READY
56162	56162	Hatchback	Rapid I	NH3/NK3/NK6	5	EU-SKODA-RAPID-I-HATCHBACK-LIFTBACK-01	HIGH	Ktype resolves to the Rapid liftback body, not the shorter Spaceback.	READY
56165	56165	Hatchback	Rapid I	NH3/NK3/NK6	5	EU-SKODA-RAPID-I-HATCHBACK-LIFTBACK-01	HIGH	Ktype resolves to the Rapid liftback body, not the shorter Spaceback.	READY
115178	115178	Hatchback	Rapid I	NH3/NK3/NK6	5	EU-SKODA-RAPID-I-HATCHBACK-LIFTBACK-01	HIGH	Ktype resolves to the Rapid liftback body, not the shorter Spaceback.	READY
115179	115179	Hatchback	Rapid I	NH3/NK3/NK6	5	EU-SKODA-RAPID-I-HATCHBACK-LIFTBACK-01	HIGH	Ktype resolves to the Rapid liftback body, not the shorter Spaceback.	READY
115182	115182	Hatchback	Rapid I	NH1	5	EU-SKODA-RAPID-I-HATCHBACK-SPACEBACK-01	HIGH	Ktype resolves to the shorter Rapid Spaceback body.	READY
115183	115183	Hatchback	Rapid I	NH1	5	EU-SKODA-RAPID-I-HATCHBACK-SPACEBACK-01	HIGH	Ktype resolves to the shorter Rapid Spaceback body.	READY
5073	5073	Coupe	Garde/Rapid	743/747	2	EU-SKODA-RAPID-GARDE-RAPID-COUPE-STANDARD-01	MEDIUM	Ktype maps to the rear-engined Garde/Rapid two-door coupe family.	READY
115181	115181	Hatchback	Rapid I	NH3/NK3/NK6	5	EU-SKODA-RAPID-I-HATCHBACK-LIFTBACK-01	HIGH	Ktype resolves to the Rapid liftback body, not the shorter Spaceback.	READY
115185	115185	Hatchback	Rapid I	NH1	5	EU-SKODA-RAPID-I-HATCHBACK-SPACEBACK-01	HIGH	Ktype resolved to Rapid Spaceback (NH1).	READY
52392	52392	Hatchback	Rapid I	NH1	5	EU-SKODA-RAPID-I-HATCHBACK-SPACEBACK-01	HIGH	Ktype resolved to Rapid Spaceback (NH1).	READY
56167	56167	Hatchback	Rapid I	NH3/NK3/NK6	5	EU-SKODA-RAPID-I-HATCHBACK-LIFTBACK-01	HIGH	Ktype resolved to Rapid liftback.	READY
115180	115180	Hatchback	Rapid I	NH3/NK3/NK6	5	EU-SKODA-RAPID-I-HATCHBACK-LIFTBACK-01	HIGH	Ktype resolved to Rapid liftback.	READY
115184	115184	Hatchback	Rapid I	NH1	5	EU-SKODA-RAPID-I-HATCHBACK-SPACEBACK-01	HIGH	Ktype resolved to Rapid Spaceback (NH1).	READY
39271	39271	Hatchback	Rapid I	NH1	5	EU-SKODA-RAPID-I-HATCHBACK-SPACEBACK-01	HIGH	Ktype resolved to Rapid Spaceback (NH1).	READY
52395	52395	Hatchback	Rapid I	NH1	5	EU-SKODA-RAPID-I-HATCHBACK-SPACEBACK-01	HIGH	Ktype resolved to Rapid Spaceback (NH1).	READY
56170	56170	Hatchback	Rapid I	NH3/NK3/NK6	5	EU-SKODA-RAPID-I-HATCHBACK-LIFTBACK-01	HIGH	Ktype resolved to Rapid liftback.	READY
59062	59062	Hatchback	Rapid I	NH3/NK3/NK6	5	EU-SKODA-RAPID-I-HATCHBACK-LIFTBACK-01	HIGH	Ktype resolved to Rapid liftback.	READY
115186	115186	Hatchback	Rapid I	NH3/NK3/NK6	5	EU-SKODA-RAPID-I-HATCHBACK-LIFTBACK-01	HIGH	Ktype resolved to Rapid liftback.	READY
115187	115187	Hatchback	Rapid I	NH1	5	EU-SKODA-RAPID-I-HATCHBACK-SPACEBACK-01	HIGH	Ktype resolved to Rapid Spaceback (NH1).	READY
5950	5950	MPV	Roomster I	5J7	5	EU-SKODA-ROOMSTER-I-MPV-FACELIFT-01	HIGH		READY
10998	10998	Van	Roomster I	5J Praktik	5	EU-SKODA-ROOMSTER-I-VAN-PRAKTIK-01	HIGH	Kasten/Kombi input resolved to factory Roomster Praktik van.	READY
10996	10996	MPV	Roomster I	5J7	5	EU-SKODA-ROOMSTER-I-MPV-PREFACELIFT-01	HIGH		READY
144116	144116	Hatchback	Scala I	NW1	5	EU-SKODA-SCALA-I-HATCHBACK-STANDARD-01	HIGH		READY
17008	17008	Sedan	Superb I	3U4	4	EU-SKODA-SUPERB-I-SEDAN-STANDARD-01	HIGH		READY
18005	18005	Sedan	Superb I	3U4	4	EU-SKODA-SUPERB-I-SEDAN-STANDARD-01	HIGH		READY
57689	57689	Sedan	Superb I	3U4	4	EU-SKODA-SUPERB-I-SEDAN-STANDARD-01	HIGH		READY
11006	11006	Wagon	Superb II	3T5	5	EU-SKODA-SUPERB-II-WAGON-STANDARD-01	HIGH		READY
10573	10573	Wagon	Superb II	3T5	5	EU-SKODA-SUPERB-II-WAGON-STANDARD-01	HIGH		READY
10574	10574	Hatchback	Superb II	3T4	5	EU-SKODA-SUPERB-II-HATCHBACK-LIFTBACK-01	HIGH		READY
112398_prefl	112398	Hatchback	Superb III pre-facelift	3V3	5	EU-SKODA-SUPERB-III-HATCHBACK-PREFACELIFT-01	HIGH	Ktype spans the 2019 facelift; official standard outer dimensions differ by stage.	READY
112398_facelift	112398	Hatchback	Superb III facelift	3V3	5	EU-SKODA-SUPERB-III-HATCHBACK-FACELIFT-01	HIGH	Ktype spans the 2019 facelift; official standard outer dimensions differ by stage.	READY
113304_prefl	113304	Hatchback	Superb III pre-facelift	3V3	5	EU-SKODA-SUPERB-III-HATCHBACK-PREFACELIFT-01	HIGH	Ktype spans the 2019 facelift; official standard outer dimensions differ by stage.	READY
113304_facelift	113304	Hatchback	Superb III facelift	3V3	5	EU-SKODA-SUPERB-III-HATCHBACK-FACELIFT-01	HIGH	Ktype spans the 2019 facelift; official standard outer dimensions differ by stage.	READY
115163_prefl	115163	Wagon	Superb III pre-facelift	3V5	5	EU-SKODA-SUPERB-III-WAGON-PREFACELIFT-01	HIGH	Ktype spans the 2019 facelift; official standard outer dimensions differ by stage.	READY
115163_facelift	115163	Wagon	Superb III facelift	3V5	5	EU-SKODA-SUPERB-III-WAGON-FACELIFT-01	HIGH	Ktype spans the 2019 facelift; official standard outer dimensions differ by stage.	READY
115164_prefl	115164	Wagon	Superb III pre-facelift	3V5	5	EU-SKODA-SUPERB-III-WAGON-PREFACELIFT-01	HIGH	Ktype spans the 2019 facelift; official standard outer dimensions differ by stage.	READY
115164_facelift	115164	Wagon	Superb III facelift	3V5	5	EU-SKODA-SUPERB-III-WAGON-FACELIFT-01	HIGH	Ktype spans the 2019 facelift; official standard outer dimensions differ by stage.	READY
115232_prefl	115232	Wagon	Superb III pre-facelift	3V5	5	EU-SKODA-SUPERB-III-WAGON-PREFACELIFT-01	HIGH	Ktype spans the 2019 facelift; official standard outer dimensions differ by stage.	READY
115232_facelift	115232	Wagon	Superb III facelift	3V5	5	EU-SKODA-SUPERB-III-WAGON-FACELIFT-01	HIGH	Ktype spans the 2019 facelift; official standard outer dimensions differ by stage.	READY
115233_prefl	115233	Hatchback	Superb III pre-facelift	3V3	5	EU-SKODA-SUPERB-III-HATCHBACK-PREFACELIFT-01	HIGH	Ktype spans the 2019 facelift; official standard outer dimensions differ by stage.	READY
115233_facelift	115233	Hatchback	Superb III facelift	3V3	5	EU-SKODA-SUPERB-III-HATCHBACK-FACELIFT-01	HIGH	Ktype spans the 2019 facelift; official standard outer dimensions differ by stage.	READY
113310_prefl	113310	Hatchback	Superb III pre-facelift	3V3	5	EU-SKODA-SUPERB-III-HATCHBACK-PREFACELIFT-01	HIGH	Ktype spans the 2019 facelift; official standard outer dimensions differ by stage.	READY
113310_facelift	113310	Hatchback	Superb III facelift	3V3	5	EU-SKODA-SUPERB-III-HATCHBACK-FACELIFT-01	HIGH	Ktype spans the 2019 facelift; official standard outer dimensions differ by stage.	READY
115166_prefl	115166	Wagon	Superb III pre-facelift	3V5	5	EU-SKODA-SUPERB-III-WAGON-PREFACELIFT-01	HIGH	Ktype spans the 2019 facelift; official standard outer dimensions differ by stage.	READY
115166_facelift	115166	Wagon	Superb III facelift	3V5	5	EU-SKODA-SUPERB-III-WAGON-FACELIFT-01	HIGH	Ktype spans the 2019 facelift; official standard outer dimensions differ by stage.	READY
115235_prefl	115235	Hatchback	Superb III pre-facelift	3V3	5	EU-SKODA-SUPERB-III-HATCHBACK-PREFACELIFT-01	HIGH	Ktype spans the 2019 facelift; official standard outer dimensions differ by stage.	READY
115235_facelift	115235	Hatchback	Superb III facelift	3V3	5	EU-SKODA-SUPERB-III-HATCHBACK-FACELIFT-01	HIGH	Ktype spans the 2019 facelift; official standard outer dimensions differ by stage.	READY
115236_prefl	115236	Wagon	Superb III pre-facelift	3V5	5	EU-SKODA-SUPERB-III-WAGON-PREFACELIFT-01	HIGH	Ktype spans the 2019 facelift; official standard outer dimensions differ by stage.	READY
115236_facelift	115236	Wagon	Superb III facelift	3V5	5	EU-SKODA-SUPERB-III-WAGON-FACELIFT-01	HIGH	Ktype spans the 2019 facelift; official standard outer dimensions differ by stage.	READY
112394_prefl	112394	Hatchback	Superb III pre-facelift	3V3	5	EU-SKODA-SUPERB-III-HATCHBACK-PREFACELIFT-01	HIGH	Ktype spans the 2019 facelift; official standard outer dimensions differ by stage.	READY
112394_facelift	112394	Hatchback	Superb III facelift	3V3	5	EU-SKODA-SUPERB-III-HATCHBACK-FACELIFT-01	HIGH	Ktype spans the 2019 facelift; official standard outer dimensions differ by stage.	READY
112397_prefl	112397	Hatchback	Superb III pre-facelift	3V3	5	EU-SKODA-SUPERB-III-HATCHBACK-PREFACELIFT-01	HIGH	Ktype spans the 2019 facelift; official standard outer dimensions differ by stage.	READY
112397_facelift	112397	Hatchback	Superb III facelift	3V3	5	EU-SKODA-SUPERB-III-HATCHBACK-FACELIFT-01	HIGH	Ktype spans the 2019 facelift; official standard outer dimensions differ by stage.	READY
115167_prefl	115167	Wagon	Superb III pre-facelift	3V5	5	EU-SKODA-SUPERB-III-WAGON-PREFACELIFT-01	HIGH	Ktype spans the 2019 facelift; official standard outer dimensions differ by stage.	READY
115167_facelift	115167	Wagon	Superb III facelift	3V5	5	EU-SKODA-SUPERB-III-WAGON-FACELIFT-01	HIGH	Ktype spans the 2019 facelift; official standard outer dimensions differ by stage.	READY
115168_prefl	115168	Wagon	Superb III pre-facelift	3V5	5	EU-SKODA-SUPERB-III-WAGON-PREFACELIFT-01	HIGH	Ktype spans the 2019 facelift; official standard outer dimensions differ by stage.	READY
115168_facelift	115168	Wagon	Superb III facelift	3V5	5	EU-SKODA-SUPERB-III-WAGON-FACELIFT-01	HIGH	Ktype spans the 2019 facelift; official standard outer dimensions differ by stage.	READY
142870	142870	Hatchback	Superb III facelift	3V3	5	EU-SKODA-SUPERB-III-HATCHBACK-FACELIFT-01	HIGH		READY
142871	142871	Wagon	Superb III facelift	3V5	5	EU-SKODA-SUPERB-III-WAGON-FACELIFT-01	HIGH		READY
113313_prefl	113313	Hatchback	Superb III pre-facelift	3V3	5	EU-SKODA-SUPERB-III-HATCHBACK-PREFACELIFT-01	HIGH	Ktype spans the 2019 facelift; official standard outer dimensions differ by stage.	READY
113313_facelift	113313	Hatchback	Superb III facelift	3V3	5	EU-SKODA-SUPERB-III-HATCHBACK-FACELIFT-01	HIGH	Ktype spans the 2019 facelift; official standard outer dimensions differ by stage.	READY
115169_prefl	115169	Wagon	Superb III pre-facelift	3V5	5	EU-SKODA-SUPERB-III-WAGON-PREFACELIFT-01	HIGH	Ktype spans the 2019 facelift; official standard outer dimensions differ by stage.	READY
115169_facelift	115169	Wagon	Superb III facelift	3V5	5	EU-SKODA-SUPERB-III-WAGON-FACELIFT-01	HIGH	Ktype spans the 2019 facelift; official standard outer dimensions differ by stage.	READY
115237_prefl	115237	Hatchback	Superb III pre-facelift	3V3	5	EU-SKODA-SUPERB-III-HATCHBACK-PREFACELIFT-01	HIGH	Ktype spans the 2019 facelift; official standard outer dimensions differ by stage.	READY
115237_facelift	115237	Hatchback	Superb III facelift	3V3	5	EU-SKODA-SUPERB-III-HATCHBACK-FACELIFT-01	HIGH	Ktype spans the 2019 facelift; official standard outer dimensions differ by stage.	READY
115238_prefl	115238	Wagon	Superb III pre-facelift	3V5	5	EU-SKODA-SUPERB-III-WAGON-PREFACELIFT-01	HIGH	Ktype spans the 2019 facelift; official standard outer dimensions differ by stage.	READY
115238_facelift	115238	Wagon	Superb III facelift	3V5	5	EU-SKODA-SUPERB-III-WAGON-FACELIFT-01	HIGH	Ktype spans the 2019 facelift; official standard outer dimensions differ by stage.	READY
113308_prefl	113308	Hatchback	Superb III pre-facelift	3V3	5	EU-SKODA-SUPERB-III-HATCHBACK-PREFACELIFT-01	HIGH	Ktype spans the 2019 facelift; official standard outer dimensions differ by stage.	READY
113308_facelift	113308	Hatchback	Superb III facelift	3V3	5	EU-SKODA-SUPERB-III-HATCHBACK-FACELIFT-01	HIGH	Ktype spans the 2019 facelift; official standard outer dimensions differ by stage.	READY
112399_prefl	112399	Hatchback	Superb III pre-facelift	3V3	5	EU-SKODA-SUPERB-III-HATCHBACK-PREFACELIFT-01	HIGH	Ktype spans the 2019 facelift; official standard outer dimensions differ by stage.	READY
112399_facelift	112399	Hatchback	Superb III facelift	3V3	5	EU-SKODA-SUPERB-III-HATCHBACK-FACELIFT-01	HIGH	Ktype spans the 2019 facelift; official standard outer dimensions differ by stage.	READY
115165_prefl	115165	Wagon	Superb III pre-facelift	3V5	5	EU-SKODA-SUPERB-III-WAGON-PREFACELIFT-01	HIGH	Ktype spans the 2019 facelift; official standard outer dimensions differ by stage.	READY
115165_facelift	115165	Wagon	Superb III facelift	3V5	5	EU-SKODA-SUPERB-III-WAGON-FACELIFT-01	HIGH	Ktype spans the 2019 facelift; official standard outer dimensions differ by stage.	READY
801674	801674	Hatchback	Superb III facelift	3V3	5	EU-SKODA-SUPERB-III-HATCHBACK-FACELIFT-01	HIGH		READY
801681	801681	Wagon	Superb III facelift	3V5	5	EU-SKODA-SUPERB-III-WAGON-FACELIFT-01	HIGH		READY
115239_prefl	115239	Wagon	Superb III pre-facelift	3V5	5	EU-SKODA-SUPERB-III-WAGON-PREFACELIFT-01	HIGH	Ktype spans the 2019 facelift; official standard outer dimensions differ by stage.	READY
115239_facelift	115239	Wagon	Superb III facelift	3V5	5	EU-SKODA-SUPERB-III-WAGON-FACELIFT-01	HIGH	Ktype spans the 2019 facelift; official standard outer dimensions differ by stage.	READY
801378	801378	Hatchback	Superb IV		5	EU-SKODA-SUPERB-IV-HATCHBACK-PHEV-01	MEDIUM	PHEV hatch uses the higher production body-height specification.	READY
803388	803388	Hatchback	Superb IV		5	EU-SKODA-SUPERB-IV-HATCHBACK-PHEV-01	MEDIUM	PHEV hatch uses the higher production body-height specification.	READY
158499	158499	Wagon	Superb IV		5	EU-SKODA-SUPERB-IV-WAGON-PHEV-01	HIGH		READY
156862	156862	Wagon	Superb IV		5	EU-SKODA-SUPERB-IV-WAGON-STANDARD-01	HIGH		READY
157413	157413	Hatchback	Superb IV		5	EU-SKODA-SUPERB-IV-HATCHBACK-STANDARD-01	HIGH		READY
156864	156864	Wagon	Superb IV		5	EU-SKODA-SUPERB-IV-WAGON-STANDARD-01	HIGH		READY
157414	157414	Hatchback	Superb IV		5	EU-SKODA-SUPERB-IV-HATCHBACK-STANDARD-01	HIGH		READY
158105	158105	Hatchback	Superb IV		5	EU-SKODA-SUPERB-IV-HATCHBACK-STANDARD-01	HIGH		READY
158106	158106	Wagon	Superb IV		5	EU-SKODA-SUPERB-IV-WAGON-STANDARD-01	HIGH		READY
801044	801044	Hatchback	Superb IV		5	EU-SKODA-SUPERB-IV-HATCHBACK-STANDARD-01	HIGH		READY
801045	801045	Wagon	Superb IV		5	EU-SKODA-SUPERB-IV-WAGON-STANDARD-01	HIGH		READY
158342	158342	Wagon	Superb IV		5	EU-SKODA-SUPERB-IV-WAGON-STANDARD-01	HIGH		READY
158530	158530	Hatchback	Superb IV		5	EU-SKODA-SUPERB-IV-HATCHBACK-STANDARD-01	HIGH		READY
107942	107942	SUV	Yeti I	5L	5	EU-SKODA-YETI-I-SUV-STANDARD-01	HIGH		READY
115188	115188	SUV	Yeti I	5L	5	EU-SKODA-YETI-I-SUV-STANDARD-01	HIGH		READY
115189	115189	SUV	Yeti I	5L	5	EU-SKODA-YETI-I-SUV-STANDARD-01	HIGH		READY
115190	115190	SUV	Yeti I	5L	5	EU-SKODA-YETI-I-SUV-STANDARD-01	HIGH		READY
10974	10974	SUV	Yeti I	5L	5	EU-SKODA-YETI-I-SUV-STANDARD-01	HIGH		READY
115191	115191	SUV	Yeti I	5L	5	EU-SKODA-YETI-I-SUV-STANDARD-01	HIGH		READY
115192	115192	SUV	Yeti I	5L	5	EU-SKODA-YETI-I-SUV-STANDARD-01	HIGH		READY
152615	152615	SUV	ET5/BE11 I		5	EU-SKYWELL-ET5-I-SUV-STANDARD-01	MEDIUM	ET5/BE11 alias resolved to the 2021-on production body.	READY
148313	148313	SUV	smart #1 I		5	EU-SMART-1-I-SUV-STANDARD-01	HIGH		READY
149094	149094	SUV	smart #1 I		5	EU-SMART-1-I-SUV-STANDARD-01	HIGH		READY
155186	155186	SUV	smart #3 I		5	EU-SMART-3-I-SUV-STANDARD-01	HIGH		READY
155187	155187	SUV	smart #3 I		5	EU-SMART-3-I-SUV-STANDARD-01	HIGH		READY
160048	160048	SUV	smart #5 I		5	EU-SMART-5-I-SUV-STANDARD-01	HIGH		READY
160047	160047	SUV	smart #5 I		5	EU-SMART-5-I-SUV-STANDARD-01	HIGH		READY
160046	160046	SUV	smart #5 I		5	EU-SMART-5-I-SUV-STANDARD-01	HIGH		READY
161529	161529	SUV	smart #5 I		5	EU-SMART-5-I-SUV-STANDARD-01	HIGH		READY
14661	14661	Convertible	fortwo I	A450	2	EU-SMART-FORTWO-I-CONVERTIBLE-CABRIO-01	HIGH		READY
15670	15670	Convertible	fortwo I	A450	2	EU-SMART-FORTWO-I-CONVERTIBLE-CABRIO-01	HIGH		READY
17563	17563	Convertible	fortwo I	A450	2	EU-SMART-FORTWO-I-CONVERTIBLE-CABRIO-01	HIGH		READY
17200	17200	Convertible	fortwo I	A450	2	EU-SMART-FORTWO-I-CONVERTIBLE-CABRIO-01	HIGH		READY
17201	17201	Convertible	fortwo I	A450	2	EU-SMART-FORTWO-I-CONVERTIBLE-CABRIO-01	HIGH		READY
15668	15668	Convertible	fortwo I	A450	2	EU-SMART-FORTWO-I-CONVERTIBLE-CABRIO-01	HIGH		READY
15669	15669	Coupe	fortwo I	C450	2	EU-SMART-FORTWO-I-COUPE-CITY-01	HIGH	City- input resolved to first-generation smart city-coupé.	READY
17564	17564	Coupe	fortwo I	C450	2	EU-SMART-FORTWO-I-COUPE-CITY-01	HIGH	City- input resolved to first-generation smart city-coupé.	READY
17197	17197	Coupe	fortwo I	C450	2	EU-SMART-FORTWO-I-COUPE-CITY-01	HIGH	City- input resolved to first-generation smart city-coupé.	READY
17198	17198	Coupe	fortwo I	C450	2	EU-SMART-FORTWO-I-COUPE-CITY-01	HIGH	City- input resolved to first-generation smart city-coupé.	READY
17199	17199	Coupe	fortwo I	C450	2	EU-SMART-FORTWO-I-COUPE-CITY-01	HIGH	City- input resolved to first-generation smart city-coupé.	READY
12180	12180	Coupe	fortwo I	C450	2	EU-SMART-FORTWO-I-COUPE-CITY-01	HIGH	City- input resolved to first-generation smart city-coupé.	READY
16616	16616	Convertible	Crossblade I	450	2	EU-SMART-CROSSBLADE-I-CONVERTIBLE-STANDARD-01	MEDIUM		READY
108764	108764	Hatchback	Forfour II	W453	5	EU-SMART-FORFOUR-II-HATCHBACK-STANDARD-01	HIGH		READY
107341	107341	Hatchback	Forfour II	W453	5	EU-SMART-FORFOUR-II-HATCHBACK-STANDARD-01	HIGH		READY
108763	108763	Hatchback	Forfour II	W453	5	EU-SMART-FORFOUR-II-HATCHBACK-STANDARD-01	HIGH		READY
17747	17747	Hatchback	Forfour I	W454	5	EU-SMART-FORFOUR-I-HATCHBACK-STANDARD-01	HIGH		READY
17748	17748	Hatchback	Forfour I	W454	5	EU-SMART-FORFOUR-I-HATCHBACK-STANDARD-01	HIGH		READY
17749	17749	Hatchback	Forfour I	W454	5	EU-SMART-FORFOUR-I-HATCHBACK-STANDARD-01	HIGH		READY
119983	119983	Hatchback	Forfour II	W453	5	EU-SMART-FORFOUR-II-HATCHBACK-STANDARD-01	HIGH		READY
18576	18576	Hatchback	Forfour I	W454	5	EU-SMART-FORFOUR-I-HATCHBACK-STANDARD-01	HIGH		READY
17800	17800	Hatchback	Forfour I	W454	5	EU-SMART-FORFOUR-I-HATCHBACK-STANDARD-01	HIGH		READY
17801	17801	Hatchback	Forfour I	W454	5	EU-SMART-FORFOUR-I-HATCHBACK-STANDARD-01	HIGH		READY
127353	127353	Hatchback	Forfour II	W453	5	EU-SMART-FORFOUR-II-HATCHBACK-STANDARD-01	HIGH		READY
127352	127352	Hatchback	II	W453	5	EU-SMART-FORFOUR-II-HATCHBACK-STANDARD-01	HIGH		READY
18142	18142	Coupe	I	C450	2	EU-SMART-FORTWO-I-COUPE-CITY-01	HIGH		READY
18143	18143	Coupe	I	C450	2	EU-SMART-FORTWO-I-COUPE-CITY-01	HIGH		READY
18144	18144	Coupe	I	C450	2	EU-SMART-FORTWO-I-COUPE-CITY-01	HIGH		READY
117047	117047	Coupe	I	C450	2	EU-SMART-FORTWO-I-COUPE-CITY-01	HIGH		READY
107960	107960	Coupe	III	C453	2	EU-SMART-FORTWO-III-COUPE-STANDARD-01	HIGH		READY
116794	116794	Convertible	III	A453	2	EU-SMART-FORTWO-III-CONVERTIBLE-CABRIO-01	HIGH		READY
107340	107340	Coupe	III	C453	2	EU-SMART-FORTWO-III-COUPE-STANDARD-01	HIGH		READY
108765	108765	Coupe	III	C453	2	EU-SMART-FORTWO-III-COUPE-STANDARD-01	HIGH		READY
116792	116792	Convertible	III	A453	2	EU-SMART-FORTWO-III-CONVERTIBLE-CABRIO-01	HIGH		READY
18145	18145	Coupe	I	C450	2	EU-SMART-FORTWO-I-COUPE-CITY-01	HIGH		READY
119981	119981	Coupe	III	C453	2	EU-SMART-FORTWO-III-COUPE-STANDARD-01	HIGH		READY
119985	119985	Convertible	III	A453	2	EU-SMART-FORTWO-III-CONVERTIBLE-CABRIO-01	HIGH		READY
33856	33856	Coupe	II	C451	2	EU-SMART-FORTWO-II-COUPE-STANDARD-01	HIGH		READY
58952	58952	Coupe	II	C451	2	EU-SMART-FORTWO-II-COUPE-STANDARD-01	HIGH		READY
58953	58953	Coupe	II	C451	2	EU-SMART-FORTWO-II-COUPE-STANDARD-01	HIGH		READY
58958	58958	Coupe	II	C451	2	EU-SMART-FORTWO-II-COUPE-STANDARD-01	HIGH		READY
127350	127350	Coupe	III	C453	2	EU-SMART-FORTWO-III-COUPE-STANDARD-01	HIGH		READY
127348	127348	Coupe	III	C453	2	EU-SMART-FORTWO-III-COUPE-STANDARD-01	HIGH		READY
127355	127355	Convertible	III	A453	2	EU-SMART-FORTWO-III-CONVERTIBLE-CABRIO-01	HIGH		READY
58954	58954	Coupe	II	C451	2	EU-SMART-FORTWO-II-COUPE-STANDARD-01	HIGH		READY
121536	121536	Convertible	I	A450	2	EU-SMART-FORTWO-I-CONVERTIBLE-CABRIO-01	HIGH		READY
18146	18146	Convertible	I	A450	2	EU-SMART-FORTWO-I-CONVERTIBLE-CABRIO-01	HIGH		READY
18147	18147	Convertible	I	A450	2	EU-SMART-FORTWO-I-CONVERTIBLE-CABRIO-01	HIGH		READY
18148	18148	Convertible	I	A450	2	EU-SMART-FORTWO-I-CONVERTIBLE-CABRIO-01	HIGH		READY
55395	55395	Convertible	II	A451	2	EU-SMART-FORTWO-II-CONVERTIBLE-CABRIO-01	HIGH		READY
33859	33859	Convertible	II	A451	2	EU-SMART-FORTWO-II-CONVERTIBLE-CABRIO-01	HIGH		READY
58956	58956	Convertible	II	A451	2	EU-SMART-FORTWO-II-CONVERTIBLE-CABRIO-01	HIGH		READY
58957	58957	Convertible	II	A451	2	EU-SMART-FORTWO-II-CONVERTIBLE-CABRIO-01	HIGH		READY
58959	58959	Convertible	II	A451	2	EU-SMART-FORTWO-II-CONVERTIBLE-CABRIO-01	HIGH		READY
58955	58955	Convertible	II	A451	2	EU-SMART-FORTWO-II-CONVERTIBLE-CABRIO-01	HIGH		READY
17106	17106	Convertible	I	452	2	EU-SMART-ROADSTER-I-CONVERTIBLE-STANDARD-01	HIGH		READY
17107	17107	Coupe	I	452	2	EU-SMART-ROADSTER-I-COUPE-STANDARD-01	HIGH		READY
17202	17202	Convertible	I	452	2	EU-SMART-ROADSTER-I-CONVERTIBLE-STANDARD-01	HIGH		READY
18006	18006	Convertible	I	452	2	EU-SMART-ROADSTER-I-CONVERTIBLE-STANDARD-01	HIGH		READY
18007	18007	Coupe	I	452	2	EU-SMART-ROADSTER-I-COUPE-STANDARD-01	HIGH		READY
162883	162883	Pickup	XS		2	EU-SPIJKSTAAL-IONA-XS-PICKUP-STANDARD-01	MEDIUM	按2025 IONA XS开放载台量产外廓归组	READY
154927	154927	SUV	I		5	EU-SPORTEQUIPE-S5-I-SUV-STANDARD-01	HIGH		READY
154928	154928	SUV	I		5	EU-SPORTEQUIPE-S5-I-SUV-STANDARD-01	HIGH		READY
154929	154929	SUV	I		5	EU-SPORTEQUIPE-S6-I-SUV-STANDARD-01	HIGH		READY
154930	154930	SUV	I		5	EU-SPORTEQUIPE-S6-I-SUV-STANDARD-01	HIGH		READY
801245	801245	SUV	I		5	EU-SPORTEQUIPE-S6-I-SUV-STANDARD-01	HIGH		READY
802926	802926	SUV	I		5	EU-SPORTEQUIPE-S6-I-SUV-STANDARD-01	HIGH		READY
802694	802694	SUV	I		5	EU-SPORTEQUIPE-S6-I-SUV-STANDARD-01	HIGH		READY
801246	801246	SUV	I		5	EU-SPORTEQUIPE-S6-I-SUV-STANDARD-01	HIGH		READY
164336	164336	SUV	I		5	EU-SPORTEQUIPE-S6-GT-I-SUV-STANDARD-01	HIGH		READY
164340	164340	SUV	I		5	EU-SPORTEQUIPE-S6-GT-I-SUV-STANDARD-01	HIGH		READY
164341	164341	SUV	I		5	EU-SPORTEQUIPE-S6-GT-I-SUV-STANDARD-01	HIGH		READY
154931	154931	SUV	I		5	EU-SPORTEQUIPE-S7-I-SUV-STANDARD-01	HIGH		READY
154932	154932	SUV	I		5	EU-SPORTEQUIPE-S7-I-SUV-STANDARD-01	HIGH		READY
802928	802928	SUV	I		5	EU-SPORTEQUIPE-S7-I-SUV-STANDARD-01	HIGH		READY
801247	801247	SUV	I		5	EU-SPORTEQUIPE-S7-I-SUV-STANDARD-01	HIGH		READY
164339	164339	SUV	I		5	EU-SPORTEQUIPE-S7-GTW-I-SUV-STANDARD-01	HIGH		READY
164342	164342	SUV	I		5	EU-SPORTEQUIPE-S7-GTW-I-SUV-STANDARD-01	HIGH		READY
802549	802549	SUV	I		5	EU-SPORTEQUIPE-S8-GT-I-SUV-STANDARD-01	HIGH		READY
802550	802550	SUV	I		5	EU-SPORTEQUIPE-S8-GT-I-SUV-STANDARD-01	HIGH		READY
157045	157045	SUV	I		5	EU-SPORTEQUIPE-S8-I-SUV-PHEV-01	HIGH		READY
121228	121228	Coupe	Preliator		2	EU-SPYKER-C8-PRELIATOR-COUPE-STANDARD-01	HIGH		READY
100659	100659	SUV	II	C200	5	EU-SSANGYONG-KORANDO-III-SUV-C200-01	MEDIUM	第二代Actyon按Korando C/C200同外廓归组	READY
14629	14629	SUV	I	C100	5	EU-SSANGYONG-ACTYON-I-SUV-C100-01	HIGH		READY
55139	55139	Pickup	II	Q150	4	EU-SSANGYONG-ACTYON-SPORTS-II-PICKUP-Q150-01	MEDIUM		READY
58684	58684	Pickup	II	Q150	4	EU-SSANGYONG-ACTYON-SPORTS-II-PICKUP-Q150-01	MEDIUM		READY
59019	59019	Pickup	I	Q100	4	EU-SSANGYONG-ACTYON-SPORTS-I-PICKUP-Q100-01	HIGH		READY
100657	100657	SUV	II	C200	5	EU-SSANGYONG-KORANDO-III-SUV-C200-01	MEDIUM	第二代Actyon按Korando C/C200同外廓归组	READY
17124	17124	Pickup	II	Q150	4	EU-SSANGYONG-ACTYON-SPORTS-II-PICKUP-Q150-01	MEDIUM		READY
121780	121780	Pickup	II	Q150	4	EU-SSANGYONG-ACTYON-SPORTS-II-PICKUP-Q150-01	MEDIUM		READY
121782	121782	Pickup	II	Q150	4	EU-SSANGYONG-ACTYON-SPORTS-II-PICKUP-Q150-01	MEDIUM		READY
14644	14644	SUV	I	C100	5	EU-SSANGYONG-ACTYON-I-SUV-C100-01	HIGH		READY
146700	146700	SUV	IV	C300	5	EU-SSANGYONG-KORANDO-IV-SUV-C300-01	MEDIUM		READY
57465	57465	SUV	III	C200	5	EU-SSANGYONG-KORANDO-III-SUV-C200-01	HIGH		READY
18282	18282	Convertible	II	KJ	3	EU-SSANGYONG-KORANDO-II-CONVERTIBLE-KJ-01	MEDIUM		READY
18283	18283	SUV	II	KJ	3	EU-SSANGYONG-KORANDO-II-SUV-KJ-01	MEDIUM		READY
17338	17338	SUV	II	KJ	3	EU-SSANGYONG-KORANDO-II-SUV-KJ-01	MEDIUM		READY
17339	17339	Convertible	II	KJ	3	EU-SSANGYONG-KORANDO-II-CONVERTIBLE-KJ-01	MEDIUM		READY
18284	18284	SUV	II	KJ	3	EU-SSANGYONG-KORANDO-II-SUV-KJ-01	MEDIUM		READY
18285	18285	Convertible	II	KJ	3	EU-SSANGYONG-KORANDO-II-CONVERTIBLE-KJ-01	MEDIUM		READY
147255	147255	SUV	IV	C300	5	EU-SSANGYONG-KORANDO-IV-SUV-C300-01	MEDIUM		READY
153492	153492	SUV	IV	C300	5	EU-SSANGYONG-KORANDO-IV-SUV-C300-01	MEDIUM		READY
153493	153493	SUV	IV	C300	5	EU-SSANGYONG-KORANDO-IV-SUV-C300-01	MEDIUM		READY
57467	57467	SUV	III	C200	5	EU-SSANGYONG-KORANDO-III-SUV-C200-01	HIGH		READY
142954	142954	Van	III	C200	5	EU-SSANGYONG-KORANDO-III-SUV-C200-01	HIGH	货运认证版本与C200 SUV共用外廓	READY
142955	142955	Van	III	C200	5	EU-SSANGYONG-KORANDO-III-SUV-C200-01	HIGH	货运认证版本与C200 SUV共用外廓	READY
142952	142952	Van	III	C200	5	EU-SSANGYONG-KORANDO-III-SUV-C200-01	HIGH	货运认证版本与C200 SUV共用外廓	READY
142953	142953	Van	III	C200	5	EU-SSANGYONG-KORANDO-III-SUV-C200-01	HIGH	货运认证版本与C200 SUV共用外廓	READY
8160	8160	SUV	I	K4	3	EU-SSANGYONG-KORANDO-I-SUV-K4-01	HIGH		READY
142957	142957	Van	III	C200	5	EU-SSANGYONG-KORANDO-III-SUV-C200-01	HIGH	货运认证版本与C200 SUV共用外廓	READY
142959	142959	Van	III	C200	5	EU-SSANGYONG-KORANDO-III-SUV-C200-01	HIGH	货运认证版本与C200 SUV共用外廓	READY
117775	117775	SUV	III	C200	5	EU-SSANGYONG-KORANDO-III-SUV-C200-01	HIGH		READY
117776	117776	SUV	III	C200	5	EU-SSANGYONG-KORANDO-III-SUV-C200-01	HIGH		READY
11286	11286	Convertible	II	KJ	3	EU-SSANGYONG-KORANDO-II-CONVERTIBLE-KJ-01	MEDIUM		READY
10168	10168	SUV	II	KJ	3	EU-SSANGYONG-KORANDO-II-SUV-KJ-01	MEDIUM		READY
17341	17341	Convertible	II	KJ	3	EU-SSANGYONG-KORANDO-II-CONVERTIBLE-KJ-01	MEDIUM		READY
148113	148113	SUV	IV	C300	5	EU-SSANGYONG-KORANDO-IV-SUV-C300-EV-01	HIGH		READY
156860	156860	SUV	IV	C300	5	EU-SSANGYONG-KORANDO-IV-SUV-C300-EV-01	HIGH		READY
14386	14386	SUV	I	DJ	5	EU-SSANGYONG-KYRON-I-SUV-DJ-01	MEDIUM		READY
14398	14398	SUV	I	DJ	5	EU-SSANGYONG-KYRON-I-SUV-DJ-01	MEDIUM		READY
14421	14421	SUV	I	DJ	5	EU-SSANGYONG-KYRON-I-SUV-DJ-01	MEDIUM		READY
105674	105674	SUV	I	DJ	5	EU-SSANGYONG-KYRON-I-SUV-DJ-01	MEDIUM		READY
127902	127902	SUV	I	DJ	5	EU-SSANGYONG-KYRON-I-SUV-DJ-01	MEDIUM		READY
18281	18281	SUV	I	FJ	5	EU-SSANGYONG-MUSSO-I-SUV-FJ-01	MEDIUM		READY
147240	147240	Pickup	Musso II facelift	Q200	4	EU-SSANGYONG-MUSSO-II-PICKUP-Q200-01	HIGH		READY
147242	147242	Pickup	Musso II facelift	Q200	4	EU-SSANGYONG-MUSSO-II-PICKUP-Q200-01	HIGH		READY
147241	147241	Pickup	Musso II facelift	Q200	4	EU-SSANGYONG-MUSSO-II-PICKUP-Q200-01	HIGH		READY
147243	147243	Pickup	Musso II facelift	Q200	4	EU-SSANGYONG-MUSSO-II-PICKUP-Q200-01	HIGH		READY
17340	17340	SUV	Musso I	FJ	5	EU-SSANGYONG-MUSSO-I-SUV-FJ-01	HIGH		READY
54961	54961	SUV	Musso I	FJ	5	EU-SSANGYONG-MUSSO-I-SUV-FJ-01	HIGH		READY
59300	59300	SUV	Rexton W	Y290	5	EU-SSANGYONG-REXTON-I-SUV-Y290-03	HIGH		READY
59301	59301	SUV	Rexton W	Y290	5	EU-SSANGYONG-REXTON-I-SUV-Y290-03	HIGH		READY
117772	117772	SUV	Rexton W	Y290	5	EU-SSANGYONG-REXTON-I-SUV-Y290-03	HIGH		READY
155607	155607	SUV	Rexton II facelift	Y400	5	EU-SSANGYONG-REXTON-II-SUV-Y400-01	HIGH		READY
117773	117773	SUV	Rexton W	Y290	5	EU-SSANGYONG-REXTON-I-SUV-Y290-03	HIGH		READY
147809	147809	SUV	Rexton II facelift	Y400	5	EU-SSANGYONG-REXTON-II-SUV-Y400-01	HIGH		READY
18259	18259	SUV	Rexton I	Y200	5	EU-SSANGYONG-REXTON-I-SUV-Y200-01	MEDIUM	Open-ended production range retained as the launch-era exterior; no Ktype-level restyle branch evidenced.	READY
11205	11205	SUV	Rexton I facelift	Y250	5	EU-SSANGYONG-REXTON-I-SUV-Y250-02	MEDIUM	Production interval crosses the 2012 restyle; retained as the launch-era Y250 exterior.	READY
116852	116852	SUV	Rexton I	Y200	5	EU-SSANGYONG-REXTON-I-SUV-Y200-01	MEDIUM	Production interval spans later restyles; retained as the launch-era exterior without an evidenced Ktype split.	READY
100148	100148	SUV	Rexton W	Y290	5	EU-SSANGYONG-REXTON-I-SUV-Y290-03	HIGH		READY
11206	11206	SUV	Rexton I facelift	Y250	5	EU-SSANGYONG-REXTON-I-SUV-Y250-02	HIGH		READY
17336	17336	SUV	Rexton I	Y200	5	EU-SSANGYONG-REXTON-I-SUV-Y200-01	HIGH		READY
17337	17337	SUV	Rexton I	Y200	5	EU-SSANGYONG-REXTON-I-SUV-Y200-01	MEDIUM	Open-ended production range retained as the launch-era exterior.	READY
142960	142960	Van	Rexton II	Y400	5	EU-SSANGYONG-REXTON-II-SUV-Y400-01	HIGH		READY
142964	142964	Van	Rexton W	Y290	5	EU-SSANGYONG-REXTON-I-SUV-Y290-03	HIGH		READY
142961	142961	Van	Rexton II	Y400	5	EU-SSANGYONG-REXTON-II-SUV-Y400-01	HIGH		READY
142965	142965	Van	Rexton W	Y290	5	EU-SSANGYONG-REXTON-I-SUV-Y290-03	HIGH		READY
142962	142962	Van	Rexton I facelift	Y250	5	EU-SSANGYONG-REXTON-I-SUV-Y250-02	MEDIUM	Production interval crosses the 2012 restyle; retained as the launch-era Y250 exterior.	READY
142963	142963	Van	Rexton I facelift	Y250	5	EU-SSANGYONG-REXTON-I-SUV-Y250-02	MEDIUM	Production interval crosses the 2012 restyle; retained as the launch-era Y250 exterior.	READY
14532	14532	MPV	Rodius I	A100	5	EU-SSANGYONG-RODIUS-I-MPV-A100-01	HIGH		READY
14593	14593	MPV	Rodius I	A100	5	EU-SSANGYONG-RODIUS-I-MPV-A100-01	HIGH		READY
18683	18683	MPV	Rodius I	A100	5	EU-SSANGYONG-RODIUS-I-MPV-A100-01	HIGH		READY
14598	14598	MPV	Rodius I	A100	5	EU-SSANGYONG-RODIUS-I-MPV-A100-01	HIGH		READY
18684	18684	MPV	Rodius I	A100	5	EU-SSANGYONG-RODIUS-I-MPV-A100-01	HIGH		READY
14553	14553	MPV	Rodius I	A100	5	EU-SSANGYONG-RODIUS-I-MPV-A100-01	HIGH		READY
59732	59732	MPV	Rodius II	A150	5	EU-SSANGYONG-RODIUS-II-MPV-A150-01	HIGH		READY
59731	59731	MPV	Rodius II	A150	5	EU-SSANGYONG-RODIUS-II-MPV-A150-01	HIGH		READY
117770	117770	MPV	Rodius II	A150	5	EU-SSANGYONG-RODIUS-II-MPV-A150-01	HIGH		READY
117771	117771	MPV	Rodius II	A150	5	EU-SSANGYONG-RODIUS-II-MPV-A150-01	HIGH		READY
142966	142966	Van	Rodius II	A150	5	EU-SSANGYONG-RODIUS-II-MPV-A150-01	HIGH		READY
142967	142967	Van	Rodius II	A150	5	EU-SSANGYONG-RODIUS-II-MPV-A150-01	HIGH		READY
157419	157419	SUV	Tivoli I facelift	X150	5	EU-SSANGYONG-TIVOLI-I-SUV-X150-02	HIGH		READY
112375	112375	SUV	Tivoli I	X100	5	EU-SSANGYONG-TIVOLI-I-SUV-X100-01	HIGH		READY
145780	145780	SUV	Tivoli I facelift	X150	5	EU-SSANGYONG-TIVOLI-I-SUV-X150-02	HIGH		READY
154530	154530	SUV	Tivoli I facelift	X150	5	EU-SSANGYONG-TIVOLI-I-SUV-X150-02	HIGH		READY
145779	145779	SUV	Tivoli I facelift	X150	5	EU-SSANGYONG-TIVOLI-I-SUV-X150-02	HIGH		READY
115091	115091	SUV	Tivoli I	X100	5	EU-SSANGYONG-TIVOLI-I-SUV-X100-01	HIGH		READY
115176	115176	SUV	Tivoli I	X100	5	EU-SSANGYONG-TIVOLI-I-SUV-X100-01	HIGH		READY
126863	126863	SUV	Tivoli I	X100	5	EU-SSANGYONG-TIVOLI-I-SUV-X100-01	HIGH		READY
115177	115177	SUV	Tivoli I	X100	5	EU-SSANGYONG-TIVOLI-I-SUV-X100-01	HIGH		READY
154934	154934	SUV	Torres I	J100	5	EU-SSANGYONG-TORRES-I-SUV-J100-01	HIGH		READY
154935	154935	SUV	Torres I	J100	5	EU-SSANGYONG-TORRES-I-SUV-J100-01	HIGH		READY
120576	120576	SUV	XLV I	X100	5	EU-SSANGYONG-XLV-I-SUV-X100-01	HIGH		READY
120577	120577	SUV	XLV I	X100	5	EU-SSANGYONG-XLV-I-SUV-X100-01	HIGH		READY
120574	120574	SUV	XLV I	X100	5	EU-SSANGYONG-XLV-I-SUV-X100-01	HIGH		READY
120575	120575	SUV	XLV I	X100	5	EU-SSANGYONG-XLV-I-SUV-X100-01	HIGH		READY
142970	142970	Van	XLV I	X100	5	EU-SSANGYONG-XLV-I-SUV-X100-01	HIGH		READY
142971	142971	Van	XLV I	X100	5	EU-SSANGYONG-XLV-I-SUV-X100-01	HIGH		READY
142968	142968	Van	XLV I	X100	5	EU-SSANGYONG-XLV-I-SUV-X100-01	HIGH		READY
142969	142969	Van	XLV I	X100	5	EU-SSANGYONG-XLV-I-SUV-X100-01	HIGH		READY
108067	108067	Sedan	500/650		2	EU-STEYR-500-650-I-SEDAN-500-01	HIGH		READY
107948	107948	Convertible	Haflinger I	700 AP	2	EU-STEYR-HAFLINGER-I-CONVERTIBLE-700AP-01	MEDIUM	Short-wheelbase open-body exterior reused across the three production intervals.	READY
107949	107949	Convertible	Haflinger I	700 AP	2	EU-STEYR-HAFLINGER-I-CONVERTIBLE-700AP-01	MEDIUM	Short-wheelbase open-body exterior reused across the three production intervals.	READY
107950	107950	Convertible	Haflinger I	700 AP	2	EU-STEYR-HAFLINGER-I-CONVERTIBLE-700AP-01	MEDIUM	Short-wheelbase open-body exterior reused across the three production intervals.	READY
100785	100785	Hatchback	Compact A12	A12	3	EU-STREETSCOOTER-COMPACT-I-HATCHBACK-A12-01	LOW	Preliminary A12 exterior retained; no alternate production exterior is evidenced for this Ktype.	READY
800134	800134	Pickup	Work I		2	EU-STREETSCOOTER-WORK-I-PICKUP-STANDARD-01	MEDIUM	Platform/chassis input mapped to the standard factory pickup exterior; no separate completed exterior is evidenced.	READY
100786	100786	Van	Work I		2	EU-STREETSCOOTER-WORK-I-VAN-BOX-01	HIGH		READY
116534	116534	Pickup	Work I		2	EU-STREETSCOOTER-WORK-I-PICKUP-STANDARD-01	MEDIUM	Platform/chassis input mapped to the standard factory pickup exterior; no separate completed exterior is evidenced.	READY
800135	800135	Van	Work L I		2	EU-STREETSCOOTER-WORK-L-I-VAN-BOX-01	HIGH		READY
800136	800136	Pickup	Work L I		2	EU-STREETSCOOTER-WORK-L-I-PICKUP-STANDARD-01	MEDIUM	Platform/chassis input mapped to the standard factory pickup exterior; no separate completed exterior is evidenced.	READY
55122	55122	Coupe	BRZ I	ZC6	2	EU-SUBARU-BRZ-I-COUPE-ZC6-01	HIGH		READY
146115	146115	Coupe	BRZ II	ZD8	2	EU-SUBARU-BRZ-II-COUPE-ZD8-01	HIGH		READY
156954	156954	SUV	Crosstrek III	GU	5	EU-SUBARU-CROSSTREK-III-SUV-GU-01	HIGH		READY
164269	164269	Wagon	E-Outback I		5	EU-SUBARU-E-OUTBACK-I-WAGON-BEV-01	MEDIUM	Early European specification retained for the announced production model.	READY
8785	8785	SUV	Forester I	SF	5	EU-SUBARU-FORESTER-I-SUV-SF-01	MEDIUM	Long production range retained as the launch-era exterior; no Ktype-level branch evidence.	READY
10160	10160	SUV	Forester I	SF	5	EU-SUBARU-FORESTER-I-SUV-SF-02	HIGH		READY
16998	16998	SUV	Forester II	SG	5	EU-SUBARU-FORESTER-II-SUV-SG-01	HIGH		READY
58701	58701	SUV	Forester IV	SJ	5	EU-SUBARU-FORESTER-IV-SUV-SJ-01	HIGH		READY
58700	58700	SUV	Forester IV	SJ	5	EU-SUBARU-FORESTER-IV-SUV-SJ-01	HIGH		READY
160331	160331	SUV	Forester VI	SL	5	EU-SUBARU-FORESTER-VI-SUV-SL-01	HIGH		READY
10159	10159	SUV	Forester I	SF	5	EU-SUBARU-FORESTER-I-SUV-SF-02	HIGH		READY
15990	15990	SUV	Forester I	SF	5	EU-SUBARU-FORESTER-I-SUV-SF-02	HIGH		READY
16999	16999	SUV	Forester II	SG	5	EU-SUBARU-FORESTER-II-SUV-SG-01	HIGH		READY
58702	58702	SUV	Forester IV	SJ	5	EU-SUBARU-FORESTER-IV-SUV-SJ-01	HIGH		READY
18429	18429	SUV	Forester II	SG	5	EU-SUBARU-FORESTER-II-SUV-SG-01	HIGH		READY
120784	120784	SUV	Forester IV	SJ	5	EU-SUBARU-FORESTER-IV-SUV-SJ-01	HIGH		READY
109832	109832	SUV	Forester II	SG	5	EU-SUBARU-FORESTER-II-SUV-SG-01	HIGH		READY
5996	5996	Sedan	Impreza III	GE	4	EU-SUBARU-IMPREZA-III-SEDAN-GE-01	HIGH		READY
8838	8838	Coupe	Impreza I	GFC	2	EU-SUBARU-IMPREZA-I-COUPE-GFC-01	HIGH		READY
56141	56141	Coupe	Impreza I	GFC	2	EU-SUBARU-IMPREZA-I-COUPE-GFC-01	MEDIUM	Early 1.8 variant mapped to the standard first-generation coupe exterior.	READY
8839	8839	Coupe	Impreza I	GFC	2	EU-SUBARU-IMPREZA-I-COUPE-GFC-01	HIGH		READY
15432	15432	Sedan	Impreza II	GD	4	EU-SUBARU-IMPREZA-II-SEDAN-GD-01	MEDIUM	Production range spans later front-end revisions; retained as the launch-era GD exterior.	READY
8837	8837	Sedan	Impreza I	GC	4	EU-SUBARU-IMPREZA-I-SEDAN-GC-01	HIGH		READY
11411	11411	Sedan	Impreza I	GC	4	EU-SUBARU-IMPREZA-I-SEDAN-GC-01	HIGH		READY
59424	59424	Hatchback	Impreza IV	GP	5	EU-SUBARU-IMPREZA-IV-HATCHBACK-GP-01	HIGH		READY
124364	124364	Hatchback	Impreza V	GT	5	EU-SUBARU-IMPREZA-V-HATCHBACK-GT-01	HIGH		READY
11499	11499	Sedan	Impreza I	GC	4	EU-SUBARU-IMPREZA-I-SEDAN-GC-01	HIGH		READY
59425	59425	Hatchback	Impreza IV	GP	5	EU-SUBARU-IMPREZA-IV-HATCHBACK-GP-01	HIGH		READY
124365	124365	Hatchback	Impreza V	GT	5	EU-SUBARU-IMPREZA-V-HATCHBACK-GT-01	HIGH		READY
48567	48567	Sedan	Impreza IV	GJ	4	EU-SUBARU-IMPREZA-IV-SEDAN-GJ-01	HIGH		READY
112816	112816	Hatchback	Impreza IV	GP	5	EU-SUBARU-IMPREZA-IV-HATCHBACK-GP-01	HIGH		READY
147445	147445	Hatchback	Impreza V facelift	GT	5	EU-SUBARU-IMPREZA-V-HATCHBACK-GT-02	HIGH	European e-Boxer launch mapped to the facelift GT exterior.	READY
800248	800248	Hatchback	Impreza VI	GU	5	EU-SUBARU-IMPREZA-VI-HATCHBACK-GU-01	HIGH		READY
11413	11413	Sedan	Impreza I	GC	4	EU-SUBARU-IMPREZA-I-SEDAN-GC-01	HIGH		READY
15435_prefl	15435	Sedan	Impreza II (2000-2002)	GD9	4	EU-SUBARU-IMPREZA-II-SEDAN-GD-01	HIGH	Ktype跨越外廓变化；改款前分支。	READY
15435_facelift2002	15435	Sedan	Impreza II facelift 2002	GD9	4	EU-SUBARU-IMPREZA-II-SEDAN-GD-FACELIFT2002-01	HIGH	Ktype跨越外廓变化；2002改款分支。	READY
15435_facelift2005	15435	Sedan	Impreza II facelift 2005	GD9	4	EU-SUBARU-IMPREZA-II-SEDAN-GD-FACELIFT2005-01	HIGH	Ktype跨越外廓变化；2005改款分支。	READY
55262	55262	Sedan	Impreza III	GE7	4	EU-SUBARU-IMPREZA-III-SEDAN-GE-01	HIGH		READY
127130	127130	Hatchback	Impreza V	GT	5	EU-SUBARU-IMPREZA-V-HATCHBACK-GT-01	HIGH		READY
8840	8840	Coupe	Impreza I	GFC	2	EU-SUBARU-IMPREZA-I-COUPE-GFC-01	HIGH		READY
11414	11414	Sedan	Impreza I	GC	4	EU-SUBARU-IMPREZA-I-SEDAN-GC-01	HIGH		READY
17883	17883	Sedan	Impreza II facelift 2002	GD	4	EU-SUBARU-IMPREZA-II-SEDAN-GD-FACELIFT2002-01	HIGH		READY
15436_prefl	15436	Sedan	Impreza II (2000-2002)	GD	4	EU-SUBARU-IMPREZA-II-SEDAN-GD-01	HIGH	Ktype跨越外廓变化；改款前分支。	READY
15436_facelift2002	15436	Sedan	Impreza II facelift 2002	GD	4	EU-SUBARU-IMPREZA-II-SEDAN-GD-FACELIFT2002-01	HIGH	Ktype跨越外廓变化；2002改款分支。	READY
17195_facelift2002	17195	Sedan	Impreza II facelift 2002	GD	4	EU-SUBARU-IMPREZA-II-SEDAN-GD-FACELIFT2002-01	HIGH	Ktype跨越外廓变化；2002改款分支。	READY
17195_facelift2005	17195	Sedan	Impreza II facelift 2005	GD	4	EU-SUBARU-IMPREZA-II-SEDAN-GD-FACELIFT2005-01	HIGH	Ktype跨越外廓变化；2005改款分支。	READY
55259	55259	Hatchback	WRX III	GRE	5	EU-SUBARU-WRX-III-HATCHBACK-GR-01	HIGH		READY
55260	55260	Sedan	WRX III	GVE	4	EU-SUBARU-WRX-III-SEDAN-GV-01	HIGH		READY
56222	56222	Sedan	WRX III	GV	4	EU-SUBARU-WRX-III-SEDAN-GV-01	HIGH		READY
15433_prefl	15433	Wagon	Impreza II Wagon (2000-2002)	GG	5	EU-SUBARU-IMPREZA-II-WAGON-GG-PREFL-01	HIGH	Ktype跨越外廓变化；改款前分支。	READY
15433_facelift2002	15433	Wagon	Impreza II Wagon facelift 2002	GG	5	EU-SUBARU-IMPREZA-II-WAGON-GG-FACELIFT2002-01	HIGH	Ktype跨越外廓变化；2002改款分支。	READY
11412	11412	Wagon	Impreza I	GF	5	EU-SUBARU-IMPREZA-I-WAGON-GF-01	HIGH		READY
11502	11502	Wagon	Impreza I	GF	5	EU-SUBARU-IMPREZA-I-WAGON-GF-01	HIGH		READY
15434_prefl	15434	Wagon	Impreza II Wagon (2000-2002)	GG	5	EU-SUBARU-IMPREZA-II-WAGON-GG-PREFL-01	HIGH	Ktype跨越外廓变化；改款前分支。	READY
15434_facelift2002	15434	Wagon	Impreza II Wagon facelift 2002	GG	5	EU-SUBARU-IMPREZA-II-WAGON-GG-FACELIFT2002-01	HIGH	Ktype跨越外廓变化；2002改款分支。	READY
15434_facelift2005	15434	Wagon	Impreza II Wagon facelift 2005	GG	5	EU-SUBARU-IMPREZA-II-WAGON-GG-FACELIFT2005-01	HIGH	Ktype跨越外廓变化；2005改款分支。	READY
11500	11500	Wagon	Impreza I	GF	5	EU-SUBARU-IMPREZA-I-WAGON-GF-01	HIGH		READY
14204	14204	Wagon	Impreza I	GF	5	EU-SUBARU-IMPREZA-I-WAGON-GF-01	HIGH		READY
15437_prefl	15437	Wagon	Impreza II Wagon (2000-2002)	GG	5	EU-SUBARU-IMPREZA-II-WAGON-GG-PREFL-01	HIGH	Ktype跨越外廓变化；改款前分支。	READY
15437_facelift2002	15437	Wagon	Impreza II Wagon facelift 2002	GG	5	EU-SUBARU-IMPREZA-II-WAGON-GG-FACELIFT2002-01	HIGH	Ktype跨越外廓变化；2002改款分支。	READY
11501	11501	Wagon	Impreza I	GF	5	EU-SUBARU-IMPREZA-I-WAGON-GF-01	HIGH		READY
17196_facelift2002	17196	Wagon	Impreza II Wagon facelift 2002	GG	5	EU-SUBARU-IMPREZA-II-WAGON-GG-FACELIFT2002-01	HIGH	Ktype跨越外廓变化；2002改款分支。	READY
17196_facelift2005	17196	Wagon	Impreza II Wagon facelift 2005	GG	5	EU-SUBARU-IMPREZA-II-WAGON-GG-FACELIFT2005-01	HIGH	Ktype跨越外廓变化；2005改款分支。	READY
15954	15954	Hatchback	Justy II	JMA/MS	3	EU-SUBARU-JUSTY-II-HATCHBACK-JMAMS-3DR-01	HIGH		READY
17656	17656	Hatchback	Justy III	G3X	5	EU-SUBARU-JUSTY-III-HATCHBACK-G3X-01	HIGH		READY
17657	17657	Hatchback	Justy III	G3X	5	EU-SUBARU-JUSTY-III-HATCHBACK-G3X-01	HIGH		READY
12273	12273	Hatchback	Justy IV	M300	5	EU-SUBARU-JUSTY-IV-HATCHBACK-M300-01	HIGH		READY
17550	17550	Wagon	Legacy I facelift 1991	BJF	5	EU-SUBARU-LEGACY-I-WAGON-BJF-FACELIFT1991-01	HIGH		READY
10721	10721	Sedan	Legacy II	BD	4	EU-SUBARU-LEGACY-II-SEDAN-BD-01	HIGH		READY
10722	10722	Wagon	Legacy II	BG	5	EU-SUBARU-LEGACY-II-WAGON-BG-01	HIGH		READY
11248_prefl	11248	Sedan	Legacy III	BE	4	EU-SUBARU-LEGACY-III-SEDAN-BE-PREFL-01	HIGH	Ktype跨越外廓变化；改款前分支。	READY
11248_facelift2001	11248	Sedan	Legacy III facelift 2001	BE	4	EU-SUBARU-LEGACY-III-SEDAN-BE-FACELIFT2001-01	HIGH	Ktype跨越外廓变化；2001改款分支。	READY
11345_prefl	11345	Sedan	Legacy III	BE	4	EU-SUBARU-LEGACY-III-SEDAN-BE-PREFL-01	HIGH	Ktype跨越外廓变化；改款前分支。	READY
11345_facelift2001	11345	Sedan	Legacy III facelift 2001	BE	4	EU-SUBARU-LEGACY-III-SEDAN-BE-FACELIFT2001-01	HIGH	Ktype跨越外廓变化；2001改款分支。	READY
11246_prefl	11246	Wagon	Legacy III	BH	5	EU-SUBARU-LEGACY-III-WAGON-BH-PREFL-01	HIGH	Ktype跨越外廓变化；改款前分支。	READY
11246_facelift2001	11246	Wagon	Legacy III facelift 2001	BH	5	EU-SUBARU-LEGACY-III-WAGON-BH-FACELIFT2001-01	HIGH	Ktype跨越外廓变化；2001改款分支。	READY
11245_prefl	11245	Wagon	Legacy III	BH	5	EU-SUBARU-LEGACY-III-WAGON-BH-PREFL-01	HIGH	Ktype跨越外廓变化；改款前分支。	READY
11245_facelift2001	11245	Wagon	Legacy III facelift 2001	BH	5	EU-SUBARU-LEGACY-III-WAGON-BH-FACELIFT2001-01	HIGH	Ktype跨越外廓变化；2001改款分支。	READY
126650_prefl	126650	Sedan	Legacy IV	BL	4	EU-SUBARU-LEGACY-IV-SEDAN-BL-PREFL-01	HIGH	Ktype跨越外廓变化；改款前分支。	READY
126650_facelift2006	126650	Sedan	Legacy IV facelift 2006	BL	4	EU-SUBARU-LEGACY-IV-SEDAN-BL-FACELIFT2006-01	HIGH	Ktype跨越外廓变化；2006改款分支。	READY
17660	17660	Sedan	Legacy IV	BL	4	EU-SUBARU-LEGACY-IV-SEDAN-BL-PREFL-01	HIGH		READY
17663_prefl	17663	Sedan	Legacy IV	BL	4	EU-SUBARU-LEGACY-IV-SEDAN-BL-PREFL-01	HIGH	Ktype跨越外廓变化；改款前分支。	READY
17663_facelift2006	17663	Sedan	Legacy IV facelift 2006	BL	4	EU-SUBARU-LEGACY-IV-SEDAN-BL-FACELIFT2006-01	HIGH	Ktype跨越外廓变化；2006改款分支。	READY
17664_prefl	17664	Sedan	Legacy IV	BL	4	EU-SUBARU-LEGACY-IV-SEDAN-BL-PREFL-01	HIGH	Ktype跨越外廓变化；改款前分支。	READY
17664_facelift2006	17664	Sedan	Legacy IV facelift 2006	BL	4	EU-SUBARU-LEGACY-IV-SEDAN-BL-FACELIFT2006-01	HIGH	Ktype跨越外廓变化；2006改款分支。	READY
17661	17661	Wagon	Legacy IV	BP	5	EU-SUBARU-LEGACY-IV-WAGON-BP-PREFL-01	HIGH		READY
17662_prefl	17662	Wagon	Legacy IV	BP	5	EU-SUBARU-LEGACY-IV-WAGON-BP-PREFL-01	HIGH	Ktype跨越外廓变化；改款前分支。	READY
17662_facelift2006	17662	Wagon	Legacy IV facelift 2006	BP	5	EU-SUBARU-LEGACY-IV-WAGON-BP-FACELIFT2006-01	HIGH	Ktype跨越外廓变化；2006改款分支。	READY
17665_prefl	17665	Wagon	Legacy IV	BP	5	EU-SUBARU-LEGACY-IV-WAGON-BP-PREFL-01	HIGH	Ktype跨越外廓变化；改款前分支。	READY
17665_facelift2006	17665	Wagon	Legacy IV facelift 2006	BP	5	EU-SUBARU-LEGACY-IV-WAGON-BP-FACELIFT2006-01	HIGH	Ktype跨越外廓变化；2006改款分支。	READY
55267	55267	Sedan	Legacy V facelift 2012	BM	4	EU-SUBARU-LEGACY-V-SEDAN-BM-FACELIFT2012-01	HIGH		READY
100908	100908	Sedan	Legacy V facelift 2012	BM	4	EU-SUBARU-LEGACY-V-SEDAN-BM-FACELIFT2012-01	HIGH		READY
120299	120299	Wagon	Legacy V facelift 2012	BR	5	EU-SUBARU-LEGACY-V-WAGON-BR-FACELIFT2012-01	HIGH		READY
118771	118771	Wagon	Legacy V	BR	5	EU-SUBARU-LEGACY-V-WAGON-BR-PREFL-01	HIGH		READY
59427	59427	Wagon	Legacy V facelift 2012	BR	5	EU-SUBARU-LEGACY-V-WAGON-BR-FACELIFT2012-01	HIGH		READY
112809	112809	Sedan	Legacy VI	BN	4	EU-SUBARU-LEGACY-VI-SEDAN-BN-01	HIGH		READY
120853	120853	Sedan	Legacy VI	BN	4	EU-SUBARU-LEGACY-VI-SEDAN-BN-01	HIGH		READY
126109	126109	Coupe	Leone III / Loyale		3	EU-SUBARU-LEONE-III-COUPE-3DR-01	MEDIUM		READY
10783	10783	Sedan	Leone II		4	EU-SUBARU-LEONE-II-SEDAN-01	MEDIUM		READY
10789	10789	Sedan	Leone II		4	EU-SUBARU-LEONE-II-SEDAN-01	MEDIUM		READY
10782	10782	Hatchback	Leone II		3	EU-SUBARU-LEONE-II-HATCHBACK-01	MEDIUM		READY
10785	10785	Hatchback	Leone II		3	EU-SUBARU-LEONE-II-HATCHBACK-01	MEDIUM		READY
10784	10784	Wagon	Leone II		5	EU-SUBARU-LEONE-II-WAGON-01	MEDIUM		READY
10790	10790	Wagon	Leone II		5	EU-SUBARU-LEONE-II-WAGON-01	MEDIUM		READY
13240	13240	Wagon	Leone II		5	EU-SUBARU-LEONE-II-WAGON-01	MEDIUM		READY
10791	10791	Sedan	Leone III	AA	4	EU-SUBARU-LEONE-III-SEDAN-AA-01	MEDIUM		READY
10792	10792	Sedan	Leone III	AA	4	EU-SUBARU-LEONE-III-SEDAN-AA-01	MEDIUM		READY
112810	112810	Wagon	Levorg I	VM	5	EU-SUBARU-LEVORG-I-WAGON-VM-01	HIGH		READY
126106	126106	MPV	Libero I	E10	5	EU-SUBARU-LIBERO-I-MICROVAN-E10-01	MEDIUM		READY
126128	126128	Van	Libero I	E10	5	EU-SUBARU-LIBERO-I-MICROVAN-E10-01	MEDIUM		READY
111688	111688	Wagon	Outback V	BS	5	EU-SUBARU-OUTBACK-V-WAGON-BS-01	HIGH		READY
16494	16494	Wagon	Outback II	BH	5	EU-SUBARU-OUTBACK-II-WAGON-BH-01	HIGH		READY
17658	17658	Wagon	Outback III	BP	5	EU-SUBARU-OUTBACK-III-WAGON-BP-01	HIGH		READY
111683	111683	Wagon	Outback V	BS	5	EU-SUBARU-OUTBACK-V-WAGON-BS-01	HIGH		READY
144737	144737	Wagon	Outback VI	BT	5	EU-SUBARU-OUTBACK-VI-WAGON-BT-01	HIGH		READY
59431	59431	Wagon	Outback IV facelift 2013	BR	5	EU-SUBARU-OUTBACK-IV-WAGON-BR-FACELIFT2013-01	HIGH		READY
119935	119935	Wagon	Outback IV facelift 2013	BR	5	EU-SUBARU-OUTBACK-IV-WAGON-BR-FACELIFT2013-01	HIGH		READY
17659	17659	Wagon	Outback III	BP	5	EU-SUBARU-OUTBACK-III-WAGON-BP-01	HIGH		READY
15502	15502	Wagon	Outback II	BH	5	EU-SUBARU-OUTBACK-II-WAGON-BH-01	HIGH		READY
111686	111686	Wagon	Outback V	BS	5	EU-SUBARU-OUTBACK-V-WAGON-BS-01	HIGH		READY
150178	150178	SUV	Solterra I		5	EU-SUBARU-SOLTERRA-I-SUV-2022-01	HIGH		READY
802373	802373	SUV	Solterra I facelift 2025		5	EU-SUBARU-SOLTERRA-I-SUV-FACELIFT2025-01	HIGH		READY
124255	124255	Coupe	SVX I	CX	2	EU-SUBARU-SVX-I-COUPE-CX-01	MEDIUM		READY
18754	18754	SUV	Tribeca I	WX	5	EU-SUBARU-TRIBECA-I-SUV-WX-01	HIGH		READY
164088	164088	SUV	Uncharted I		5	EU-SUBARU-UNCHARTED-I-SUV-01	HIGH		READY
164089	164089	SUV	Uncharted I		5	EU-SUBARU-UNCHARTED-I-SUV-01	HIGH		READY
164095	164095	SUV	Uncharted I		5	EU-SUBARU-UNCHARTED-I-SUV-01	HIGH		READY
100922	100922	Sedan	WRX I	VA	4	EU-SUBARU-WRX-I-SEDAN-VA-STI-01	HIGH		READY
5710_prefl	5710	SUV	XV I	GP	5	EU-SUBARU-XV-I-SUV-GP-PREFL-01	HIGH	Ktype跨越外廓变化；改款前分支。	READY
5710_facelift2016	5710	SUV	XV I facelift 2016	GP	5	EU-SUBARU-XV-I-SUV-GP-FACELIFT2016-01	HIGH	Ktype跨越外廓变化；2016改款分支。	READY
128023	128023	SUV	XV II	GT	5	EU-SUBARU-XV-II-SUV-GT-01	HIGH		READY
112934	112934	Hatchback	Alto III	CA/CB	5	EU-SUZUKI-ALTO-III-HATCHBACK-CACB-01	MEDIUM		READY
18724	18724	Hatchback	Alto V	HA12	5	EU-SUZUKI-ALTO-V-HATCHBACK-HA12-01	HIGH		READY
16713	16713	Hatchback	Alto VI	HA23	5	EU-SUZUKI-ALTO-VI-HATCHBACK-HA23-01	MEDIUM		READY
118577	118577	Hatchback	Baleno I (WB)	WB	5	EU-SUZUKI-BALENO-I-HATCHBACK-WB-01	HIGH		READY
118578	118578	Hatchback	Baleno I (WB)	WB	5	EU-SUZUKI-BALENO-I-HATCHBACK-WB-01	HIGH		READY
118579	118579	Hatchback	Baleno I (WB)	WB	5	EU-SUZUKI-BALENO-I-HATCHBACK-WB-01	HIGH		READY
5682	5682	Wagon	Baleno I	EG	5	EU-SUZUKI-BALENO-I-WAGON-EG-01	HIGH		READY
5683	5683	Wagon	Baleno I	EG	5	EU-SUZUKI-BALENO-I-WAGON-EG-01	HIGH		READY
5684	5684	Wagon	Baleno I	EG	5	EU-SUZUKI-BALENO-I-WAGON-EG-01	HIGH		READY
11541	11541	Wagon	Baleno I	EG	5	EU-SUZUKI-BALENO-I-WAGON-EG-01	HIGH		READY
11539	11539	Hatchback	Baleno I	EG	5	EU-SUZUKI-BALENO-I-HATCHBACK-EG-01	HIGH		READY
11540	11540	Sedan	Baleno I	EG	4	EU-SUZUKI-BALENO-I-SEDAN-EG-01	HIGH		READY
12839	12839	Convertible	Cappuccino I	EA11R	2	EU-SUZUKI-CAPPUCCINO-I-CONVERTIBLE-EA-01	HIGH		READY
33944	33944	Convertible	Cappuccino I	EA21R	2	EU-SUZUKI-CAPPUCCINO-I-CONVERTIBLE-EA-01	HIGH		READY
110769	110769	Van	Carry VIII		5	EU-SUZUKI-CARRY-VIII-VAN-01	MEDIUM		READY
117745	117745	MPV	Carry IX		5	EU-SUZUKI-CARRY-IX-MPV-01	MEDIUM		READY
107857	107857	Hatchback	Celerio I	FE	5	EU-SUZUKI-CELERIO-I-HATCHBACK-FE-01	HIGH		READY
161670	161670	SUV	e VITARA I	YE	5	EU-SUZUKI-EVITARA-I-SUV-YE-01	HIGH		READY
161671	161671	SUV	e VITARA I	YE	5	EU-SUZUKI-EVITARA-I-SUV-YE-01	HIGH		READY
161672	161672	SUV	e VITARA I	YE	5	EU-SUZUKI-EVITARA-I-SUV-YE-01	HIGH		READY
11516	11516	SUV	Grand Vitara I	FT/GT	3	EU-SUZUKI-GRANDVITARA-I-SUV-FTGT-3DR-01	HIGH		READY
115782	115782	Convertible	Grand Vitara I		3	EU-SUZUKI-GRANDVITARA-I-CONVERTIBLE-3DR-01	HIGH		READY
11517	11517	SUV	I	FT/GT	5	EU-SUZUKI-GRAND-VITARA-I-SUV-5DR-01	HIGH		READY
115783	115783	Convertible	I	FT	3	EU-SUZUKI-GRAND-VITARA-I-CONVERTIBLE-3DR-01	HIGH		READY
15968	15968	SUV	I	FT/GT	5	EU-SUZUKI-GRAND-VITARA-I-SUV-5DR-01	HIGH		READY
34976	34976	SUV	I	FT/GT	5	EU-SUZUKI-GRAND-VITARA-I-SUV-5DR-01	HIGH		READY
11518	11518	SUV	I	FT/GT	5	EU-SUZUKI-GRAND-VITARA-I-SUV-5DR-01	HIGH		READY
11239	11239	SUV	I	FT/GT	5	EU-SUZUKI-GRAND-VITARA-I-SUV-5DR-01	HIGH		READY
18287	18287	SUV	I	FT/GT	5	EU-SUZUKI-GRAND-VITARA-I-SUV-5DR-01	HIGH		READY
16550	16550	SUV	I	HT	5	EU-SUZUKI-GRAND-VITARA-I-XL7-SUV-5DR-01	HIGH	2.7 对应 XL-7 长轴外廓	READY
17763	17763	SUV	I	HT	5	EU-SUZUKI-GRAND-VITARA-I-XL7-SUV-5DR-01	HIGH	2.7 对应 XL-7 长轴外廓	READY
127378	127378	SUV	II	JT	5	EU-SUZUKI-GRAND-VITARA-II-SUV-5DR-01	HIGH		READY
15523	15523	Hatchback	I	FH	5	EU-SUZUKI-IGNIS-I-HATCHBACK-STANDARD-01	HIGH		READY
15524	15524	Hatchback	I	FH	5	EU-SUZUKI-IGNIS-I-HATCHBACK-STANDARD-01	HIGH		READY
17870	17870	Hatchback	I	FH	3	EU-SUZUKI-IGNIS-I-HATCHBACK-SPORT-01	HIGH		READY
17698	17698	Hatchback	II	MH	5	EU-SUZUKI-IGNIS-II-HATCHBACK-01	HIGH		READY
17699	17699	Hatchback	II	MH	5	EU-SUZUKI-IGNIS-II-HATCHBACK-01	HIGH		READY
17701	17701	Hatchback	II	MH	5	EU-SUZUKI-IGNIS-II-HATCHBACK-01	HIGH		READY
17700	17700	Hatchback	II	MH	5	EU-SUZUKI-IGNIS-II-HATCHBACK-01	HIGH		READY
10319	10319	SUV	III	FJ	3	EU-SUZUKI-JIMNY-III-SUV-PREFACELIFT-01	HIGH		READY
16094	16094	SUV	III	FJ	3	EU-SUZUKI-JIMNY-III-SUV-PREFACELIFT-01	HIGH		READY
10321	10321	SUV	III	FJ	3	EU-SUZUKI-JIMNY-III-SUV-PREFACELIFT-01	HIGH		READY
16095	16095	SUV	III	FJ	3	EU-SUZUKI-JIMNY-III-SUV-PREFACELIFT-01	HIGH		READY
106326	106326	SUV	III	FJ	3	EU-SUZUKI-JIMNY-III-SUV-FACELIFT2012-01	HIGH	2012 改款长度分支	READY
18141	18141	SUV	III	FJ	3	EU-SUZUKI-JIMNY-III-SUV-PREFACELIFT-01	HIGH		READY
34970	34970	Sedan	I	FR	4	EU-SUZUKI-KIZASHI-I-SEDAN-01	HIGH		READY
34971	34971	Sedan	I	FR	4	EU-SUZUKI-KIZASHI-I-SEDAN-01	HIGH		READY
16074	16074	Hatchback	I	ER	5	EU-SUZUKI-LIANA-I-HATCHBACK-PREFACELIFT-01	HIGH		READY
16635	16635	Sedan	I	ER	4	EU-SUZUKI-LIANA-I-SEDAN-01	HIGH		READY
16075	16075	Hatchback	I	ER	5	EU-SUZUKI-LIANA-I-HATCHBACK-PREFACELIFT-01	HIGH		READY
16646	16646	Sedan	I	ER	4	EU-SUZUKI-LIANA-I-SEDAN-01	HIGH		READY
18606	18606	Sedan	I	ER	4	EU-SUZUKI-LIANA-I-SEDAN-01	HIGH		READY
18607	18607	Hatchback	I	ER	5	EU-SUZUKI-LIANA-I-HATCHBACK-FACELIFT-01	HIGH	2004 改款两厢外廓	READY
16076	16076	Hatchback	I	ER	5	EU-SUZUKI-LIANA-I-HATCHBACK-PREFACELIFT-01	HIGH		READY
16647	16647	Sedan	I	ER	4	EU-SUZUKI-LIANA-I-SEDAN-01	HIGH		READY
17302	17302	Sedan	I	ER	4	EU-SUZUKI-LIANA-I-SEDAN-01	HIGH		READY
17304	17304	Hatchback	I	ER	5	EU-SUZUKI-LIANA-I-HATCHBACK-PREFACELIFT-01	HIGH		READY
17301	17301	Sedan	I	ER	4	EU-SUZUKI-LIANA-I-SEDAN-01	HIGH		READY
17303	17303	Hatchback	I	ER	5	EU-SUZUKI-LIANA-I-HATCHBACK-PREFACELIFT-01	HIGH		READY
110770	110770	Hatchback	I			EU-SUZUKI-MARUTI-800-HATCHBACK-01	MEDIUM		READY
11247	11247	SUV	I	SJ	3	EU-SUZUKI-SAMURAI-I-SUV-LWB-HARDTOP-01	HIGH	长轴硬顶外廓	READY
146488	146488	SUV	II	JY	5	EU-SUZUKI-S-CROSS-II-SUV-01	HIGH		READY
802158	802158	SUV	II	JY	5	EU-SUZUKI-S-CROSS-II-SUV-01	HIGH		READY
146236	146236	SUV	II	JY	5	EU-SUZUKI-S-CROSS-II-SUV-01	HIGH		READY
802159	802159	SUV	II	JY	5	EU-SUZUKI-S-CROSS-II-SUV-01	HIGH		READY
148368	148368	SUV	II	JY	5	EU-SUZUKI-S-CROSS-II-SUV-01	HIGH		READY
148369	148369	SUV	II	JY	5	EU-SUZUKI-S-CROSS-II-SUV-01	HIGH		READY
12055	12055	Hatchback	I	EX	5	EU-SUZUKI-SPLASH-I-HATCHBACK-01	HIGH		READY
12061	12061	Hatchback	I	EX	5	EU-SUZUKI-SPLASH-I-HATCHBACK-01	HIGH		READY
143239	143239	Wagon	I	E210	5	EU-SUZUKI-SWACE-I-WAGON-01	HIGH		READY
152749	152749	Wagon	I	E210	5	EU-SUZUKI-SWACE-I-WAGON-01	HIGH		READY
123758	123758	Sedan	II	AH/AJ	4	EU-SUZUKI-SWIFT-II-SEDAN-01	HIGH		READY
49124	49124	Hatchback	II	EA/MA		EU-SUZUKI-SWIFT-II-HATCHBACK-01	MEDIUM		READY
49129	49129	Sedan	II	AH/AJ	4	EU-SUZUKI-SWIFT-II-SEDAN-01	HIGH		READY
19094	19094	Hatchback	III	MZ/EZ	5	EU-SUZUKI-SWIFT-III-HATCHBACK-01	HIGH		READY
19093	19093	Hatchback	III	MZ/EZ	5	EU-SUZUKI-SWIFT-III-HATCHBACK-01	HIGH		READY
11746	11746	Hatchback	IV	FZ/NZ	5	EU-SUZUKI-SWIFT-IV-HATCHBACK-SPORT-01	HIGH		READY
126919	126919	Hatchback	V	AZ	5	EU-SUZUKI-SWIFT-V-HATCHBACK-FWD-01	HIGH		READY
126921	126921	Hatchback	V	AZ	5	EU-SUZUKI-SWIFT-V-HATCHBACK-FWD-01	HIGH		READY
126920	126920	Hatchback	V	AZ	5	EU-SUZUKI-SWIFT-V-HATCHBACK-FWD-01	HIGH		READY
126924	126924	Hatchback	V	AZ	5	EU-SUZUKI-SWIFT-V-HATCHBACK-ALLGRIP-01	HIGH	AllGrip 标准车高分支	READY
126922	126922	Hatchback	V	AZ	5	EU-SUZUKI-SWIFT-V-HATCHBACK-FWD-01	HIGH		READY
126923	126923	Hatchback	V	AZ	5	EU-SUZUKI-SWIFT-V-HATCHBACK-ALLGRIP-01	HIGH	AllGrip 标准车高分支	READY
157116	157116	Hatchback	VI		5	EU-SUZUKI-SWIFT-VI-HATCHBACK-FWD-01	HIGH		READY
802410	802410	Hatchback	VI		5	EU-SUZUKI-SWIFT-VI-HATCHBACK-FWD-01	HIGH		READY
157117	157117	Hatchback	VI		5	EU-SUZUKI-SWIFT-VI-HATCHBACK-ALLGRIP-01	HIGH	AllGrip 标准车高分支	READY
802412	802412	Hatchback	VI		5	EU-SUZUKI-SWIFT-VI-HATCHBACK-ALLGRIP-01	HIGH	AllGrip 标准车高分支	READY
108353	108353	Hatchback	I	EY/GY	5	EU-SUZUKI-SX4-I-HATCHBACK-FACELIFT-01	HIGH	2009 改款外廓	READY
124432	124432	Hatchback	I	EY/GY	5	EU-SUZUKI-SX4-I-HATCHBACK-PREFACELIFT-01	HIGH		READY
121781	121781	Hatchback	I	JY	5	EU-SUZUKI-SX4-S-CROSS-I-SUV-FACELIFT-01	HIGH	2016 改款宽度分支	READY
100878	100878	Hatchback	I	JY	5	EU-SUZUKI-SX4-S-CROSS-I-SUV-PREFACELIFT-01	HIGH		READY
121970	121970	Hatchback	I	JY	5	EU-SUZUKI-SX4-S-CROSS-I-SUV-FACELIFT-01	HIGH	2016 改款宽度分支	READY
121586	121586	Hatchback	I	JY	5	EU-SUZUKI-SX4-S-CROSS-I-SUV-FACELIFT-01	HIGH	2016 改款宽度分支	READY
121587	121587	Hatchback	I	JY	5	EU-SUZUKI-SX4-S-CROSS-I-SUV-FACELIFT-01	HIGH	2016 改款宽度分支	READY
12928	12928	Hatchback	I	JY	5	EU-SUZUKI-SX4-S-CROSS-I-SUV-PREFACELIFT-01	HIGH		READY
100880	100880	Hatchback	I	JY	5	EU-SUZUKI-SX4-S-CROSS-I-SUV-PREFACELIFT-01	HIGH		READY
101074_3dr	101074	SUV	I	ET/TA	3	EU-SUZUKI-VITARA-I-SUV-3DR-01	MEDIUM	同一 Ktype 覆盖 3 门短轴外廓	READY
101074_5dr	101074	SUV	I	ET/TA	5	EU-SUZUKI-VITARA-I-SUV-5DR-01	MEDIUM	同一 Ktype 覆盖 5 门长轴外廓	READY
110038	110038	SUV	IV	LY	5	EU-SUZUKI-VITARA-IV-SUV-2015-01	HIGH		READY
117863	117863	Convertible	I	ET/TA	3	EU-SUZUKI-VITARA-I-CONVERTIBLE-3DR-01	HIGH		READY
158254	158254	SUV	IV	LY	5	EU-SUZUKI-VITARA-IV-SUV-2015-01	HIGH		READY
802160	802160	SUV	IV	LY	5	EU-SUZUKI-VITARA-IV-SUV-FACELIFT2024-FWD-01	HIGH	2024 改款前驱外廓	READY
802161	802161	SUV	IV	LY	5	EU-SUZUKI-VITARA-IV-SUV-FACELIFT2024-ALLGRIP-01	HIGH	2024 改款 AllGrip 车高分支	READY
116537	116537	SUV	IV	LY	5	EU-SUZUKI-VITARA-IV-SUV-2015-01	HIGH		READY
116538	116538	SUV	IV	LY	5	EU-SUZUKI-VITARA-IV-SUV-2015-01	HIGH		READY
146491	146491	SUV	IV	LY	5	EU-SUZUKI-VITARA-IV-SUV-2015-01	HIGH		READY
146490	146490	SUV	IV	LY	5	EU-SUZUKI-VITARA-IV-SUV-2015-01	HIGH		READY
158256	158256	SUV	IV	LY	5	EU-SUZUKI-VITARA-IV-SUV-2015-01	HIGH		READY
110039	110039	SUV	IV	LY	5	EU-SUZUKI-VITARA-IV-SUV-2015-01	HIGH		READY
121230	121230	SUV	IV	LY	5	EU-SUZUKI-VITARA-IV-SUV-2015-01	HIGH		READY
109831_3dr	109831	SUV	I	ET/TA	3	EU-SUZUKI-VITARA-I-SUV-3DR-01	MEDIUM	同一 Ktype 覆盖 3 门短轴外廓	READY
109831_5dr	109831	SUV	I	ET/TA	5	EU-SUZUKI-VITARA-I-SUV-5DR-01	MEDIUM	同一 Ktype 覆盖 5 门长轴外廓	READY
110040	110040	SUV	IV	LY	5	EU-SUZUKI-VITARA-IV-SUV-2015-01	HIGH		READY
110041	110041	SUV	IV	LY	5	EU-SUZUKI-VITARA-IV-SUV-2015-01	HIGH		READY
127412_3dr	127412	SUV	I	ET/TA	3	EU-SUZUKI-VITARA-I-SUV-3DR-01	MEDIUM	同一 Ktype 覆盖 3 门短轴外廓	READY
127412_5dr	127412	SUV	I	ET/TA	5	EU-SUZUKI-VITARA-I-SUV-5DR-01	MEDIUM	同一 Ktype 覆盖 5 门长轴外廓	READY
7888	7888	Convertible	I	ET/TA	3	EU-SUZUKI-VITARA-I-CONVERTIBLE-DIESEL-3DR-01	HIGH		READY
16115	16115	Convertible	I	ET/TA	3	EU-SUZUKI-VITARA-I-CONVERTIBLE-DIESEL-3DR-01	HIGH		READY
54957	54957	Convertible	I	ET	3	EU-SUZUKI-VITARA-I-CONVERTIBLE-HDI-3DR-01	MEDIUM	HDi 敞篷短轴外廓	READY
5680	5680	SUV	I	ET/TA	5	EU-SUZUKI-VITARA-I-SUV-5DR-WIDEBODY-01	HIGH	宽体五门外廓	READY
54956	54956	SUV	I	ET	3	EU-SUZUKI-VITARA-I-SUV-HDI-3DR-01	MEDIUM	HDi 封闭式短轴硬顶外廓	READY
10171	10171	Hatchback	I	EM	5	EU-SUZUKI-WAGON-R-PLUS-I-HATCHBACK-01	HIGH		READY
14791	14791	Hatchback	II	MM	5	EU-SUZUKI-WAGON-R-PLUS-II-HATCHBACK-01	HIGH		READY
17764	17764	Hatchback	II	MM	5	EU-SUZUKI-WAGON-R-PLUS-II-HATCHBACK-01	HIGH		READY
10170	10170	Hatchback	I	EM	5	EU-SUZUKI-WAGON-R-PLUS-I-HATCHBACK-01	HIGH		READY
17765	17765	Hatchback	II		5	EU-SUZUKI-WAGON-R-PLUS-II-HATCHBACK-01	HIGH		READY
5681	5681	Convertible	I	LB11S	2	EU-SUZUKI-X-90-I-CONVERTIBLE-01	HIGH	Open two-door off-road body normalized as Convertible.	READY
54466	54466	SUV	II		5	EU-SUZUKI-XL7-II-SUV-01	HIGH		READY
54465	54465	SUV	II		5	EU-SUZUKI-XL7-II-SUV-01	HIGH		READY
156805	156805	SUV	I		5	EU-SWM-G01-I-SUV-01	HIGH		READY
801363	801363	SUV	I		5	EU-SWM-G01-I-SUV-01	HIGH		READY
154803	154803	SUV	I		5	EU-SWM-G01-I-SUV-01	HIGH		READY
801362	801362	SUV	I		5	EU-SWM-G01-I-SUV-01	HIGH		READY
801711	801711	SUV	I		5	EU-SWM-G01-I-SUV-01	HIGH		READY
800079	800079	SUV	I		5	EU-SWM-G03F-I-SUV-01	HIGH		READY
803363	803363	SUV	I		5	EU-SWM-G03F-I-SUV-01	MEDIUM	EDI powertrain does not establish a different exterior.	READY
801262	801262	SUV	I facelift		5	EU-SWM-G05-I-SUV-01	HIGH	G05 Pro/facelift exterior branch.	READY
11839	11839	Sedan	I		4	EU-TALBOT-160-180-I-SEDAN-SHARED-01	MEDIUM	Talbot 160 and 180 share the same production body shell.	READY
11840	11840	Sedan	I		4	EU-TALBOT-160-180-I-SEDAN-SHARED-01	MEDIUM	Talbot 160 and 180 share the same production body shell.	READY
18346	18346	Sedan	I		4	EU-TATA-INDIGO-I-SEDAN-01	HIGH		READY
18348	18348	Wagon	I		5	EU-TATA-INDIGO-MARINA-I-WAGON-01	HIGH	Marina estate body.	READY
18347	18347	Sedan	I		4	EU-TATA-INDIGO-I-SEDAN-01	HIGH		READY
18349	18349	Wagon	I		5	EU-TATA-INDIGO-MARINA-I-WAGON-01	HIGH	Marina estate body.	READY
18440	18440	Pickup	I		2	EU-TATA-TELCOLINE-I-PICKUP-STANDARD-01	MEDIUM	Loadbeta/Telcoline are first-generation export aliases; no Ktype-specific cab or bed branch is evidenced.	READY
18441	18441	Pickup	I		2	EU-TATA-TELCOLINE-I-PICKUP-STANDARD-01	MEDIUM	Loadbeta/Telcoline are first-generation export aliases; no Ktype-specific cab or bed branch is evidenced.	READY
18439	18439	Pickup	I		2	EU-TATA-TELCOLINE-I-PICKUP-STANDARD-01	MEDIUM	Loadbeta/Telcoline are first-generation export aliases; no Ktype-specific cab or bed branch is evidenced.	READY
18350	18350	SUV	I		5	EU-TATA-SAFARI-I-SUV-01	MEDIUM		READY
18361	18361	SUV	I		3	EU-TATA-SIERRA-I-SUV-01	HIGH	Closed three-door off-road body normalized as SUV.	READY
18351	18351	SUV	I		3	EU-TATA-SIERRA-I-SUV-01	HIGH	Closed three-door off-road body normalized as SUV.	READY
18352	18352	Pickup	I		2	EU-TATA-TELCOLINE-I-PICKUP-STANDARD-01	MEDIUM	Loadbeta/Telcoline are first-generation export aliases; no Ktype-specific cab or bed branch is evidenced.	READY
124748	124748	Sedan	I		2	EU-TAZZARI-ZERO-I-SEDAN-01	MEDIUM	Input Stufenheck normalized as Sedan under the body-style contract.	READY
143475	143475	Sedan	I		4	EU-TESLA-MODEL-3-I-SEDAN-01	HIGH		READY
143476	143476	Sedan	I		4	EU-TESLA-MODEL-3-I-SEDAN-01	HIGH		READY
145757	145757	Sedan	I		4	EU-TESLA-MODEL-3-I-SEDAN-01	HIGH		READY
801182	801182	Sedan	I Highland		4	EU-TESLA-MODEL-3-I-SEDAN-HIGHLAND-01	HIGH	Highland exterior dimensions differ from the earlier body.	READY
801834	801834	Sedan	I Highland		4	EU-TESLA-MODEL-3-I-SEDAN-HIGHLAND-01	HIGH	Highland exterior dimensions differ from the earlier body.	READY
143474	143474	Sedan	I		4	EU-TESLA-MODEL-3-I-SEDAN-01	HIGH		READY
143477	143477	Sedan	I		4	EU-TESLA-MODEL-3-I-SEDAN-01	HIGH		READY
143479	143479	Sedan	I		4	EU-TESLA-MODEL-3-I-SEDAN-01	HIGH		READY
143480	143480	Sedan	I		4	EU-TESLA-MODEL-3-I-SEDAN-01	HIGH		READY
144477	144477	Sedan	I		4	EU-TESLA-MODEL-3-I-SEDAN-01	HIGH		READY
147387	147387	Sedan	I		4	EU-TESLA-MODEL-3-I-SEDAN-01	HIGH		READY
153369	153369	Sedan	I		4	EU-TESLA-MODEL-3-I-SEDAN-01	HIGH		READY
157008	157008	Sedan	I Highland		4	EU-TESLA-MODEL-3-I-SEDAN-HIGHLAND-01	HIGH	Highland exterior dimensions differ from the earlier body.	READY
154877	154877	Sedan	I		4	EU-TESLA-MODEL-3-I-SEDAN-01	HIGH		READY
143478	143478	Sedan	I		4	EU-TESLA-MODEL-3-I-SEDAN-01	HIGH		READY
158557	158557	Sedan	I Highland		4	EU-TESLA-MODEL-3-I-SEDAN-HIGHLAND-01	HIGH	Highland exterior dimensions differ from the earlier body.	READY
158637	158637	Sedan	I Highland		4	EU-TESLA-MODEL-3-I-SEDAN-HIGHLAND-01	HIGH	Highland exterior dimensions differ from the earlier body.	READY
106770	106770	Hatchback	I		5	EU-TESLA-MODEL-S-I-HATCHBACK-ORIGINAL-01	HIGH	Liftback normalized to Hatchback.	READY
111108	111108	Hatchback	I		5	EU-TESLA-MODEL-S-I-HATCHBACK-ORIGINAL-01	HIGH	Liftback normalized to Hatchback.	READY
120800	120800	Hatchback	I		5	EU-TESLA-MODEL-S-I-HATCHBACK-ORIGINAL-01	HIGH	Liftback normalized to Hatchback.	READY
123897	123897	Hatchback	I facelift 2016		5	EU-TESLA-MODEL-S-I-HATCHBACK-FACELIFT-2016-01	HIGH	Liftback normalized to Hatchback.	READY
117530	117530	Hatchback	I		5	EU-TESLA-MODEL-S-I-HATCHBACK-ORIGINAL-01	HIGH	Liftback normalized to Hatchback.	READY
118983	118983	Hatchback	I		5	EU-TESLA-MODEL-S-I-HATCHBACK-ORIGINAL-01	HIGH	Liftback normalized to Hatchback.	READY
120531	120531	Hatchback	I facelift 2016		5	EU-TESLA-MODEL-S-I-HATCHBACK-FACELIFT-2016-01	HIGH	Liftback normalized to Hatchback.	READY
123898	123898	Hatchback	I facelift 2016		5	EU-TESLA-MODEL-S-I-HATCHBACK-FACELIFT-2016-01	HIGH	Liftback normalized to Hatchback.	READY
58349	58349	Hatchback	I		5	EU-TESLA-MODEL-S-I-HATCHBACK-ORIGINAL-01	HIGH	Liftback normalized to Hatchback.	READY
111109	111109	Hatchback	I		5	EU-TESLA-MODEL-S-I-HATCHBACK-ORIGINAL-01	HIGH	Liftback normalized to Hatchback.	READY
117529	117529	Hatchback	I		5	EU-TESLA-MODEL-S-I-HATCHBACK-ORIGINAL-01	HIGH	Liftback normalized to Hatchback.	READY
154660	154660	Hatchback	I		5	EU-TESLA-MODEL-S-I-HATCHBACK-ORIGINAL-01	HIGH	Liftback normalized to Hatchback.	READY
108502	108502	Hatchback	I		5	EU-TESLA-MODEL-S-I-HATCHBACK-ORIGINAL-01	HIGH	Liftback normalized to Hatchback.	READY
120799	120799	Hatchback	I		5	EU-TESLA-MODEL-S-I-HATCHBACK-ORIGINAL-01	HIGH	Liftback normalized to Hatchback.	READY
123896	123896	Hatchback	I facelift 2016		5	EU-TESLA-MODEL-S-I-HATCHBACK-FACELIFT-2016-01	HIGH	Liftback normalized to Hatchback.	READY
113073	113073	Hatchback	I		5	EU-TESLA-MODEL-S-I-HATCHBACK-ORIGINAL-01	HIGH	Liftback normalized to Hatchback.	READY
117515	117515	Hatchback	I		5	EU-TESLA-MODEL-S-I-HATCHBACK-ORIGINAL-01	HIGH	Liftback normalized to Hatchback.	READY
120532	120532	Hatchback	I facelift 2016		5	EU-TESLA-MODEL-S-I-HATCHBACK-FACELIFT-2016-01	HIGH	Liftback normalized to Hatchback.	READY
108501	108501	Hatchback	I		5	EU-TESLA-MODEL-S-I-HATCHBACK-ORIGINAL-01	HIGH	Liftback normalized to Hatchback.	READY
113081	113081	Hatchback	I		5	EU-TESLA-MODEL-S-I-HATCHBACK-ORIGINAL-01	HIGH	Liftback normalized to Hatchback.	READY
117518	117518	Hatchback	I		5	EU-TESLA-MODEL-S-I-HATCHBACK-ORIGINAL-01	HIGH	Liftback normalized to Hatchback.	READY
126198	126198	Hatchback	I		5	EU-TESLA-MODEL-S-I-HATCHBACK-ORIGINAL-01	HIGH	Liftback normalized to Hatchback.	READY
119786	119786	Hatchback	I		5	EU-TESLA-MODEL-S-I-HATCHBACK-ORIGINAL-01	HIGH	Liftback normalized to Hatchback.	READY
143463	143463	Hatchback	I facelift 2016		5	EU-TESLA-MODEL-S-I-HATCHBACK-FACELIFT-2016-01	HIGH	Liftback normalized to Hatchback.	READY
144729	144729	Hatchback	I facelift 2021		5	EU-TESLA-MODEL-S-I-HATCHBACK-FACELIFT-2021-01	HIGH	Liftback normalized to Hatchback.	READY
154878	154878	Hatchback	I facelift 2021		5	EU-TESLA-MODEL-S-I-HATCHBACK-FACELIFT-2021-01	HIGH	Liftback normalized to Hatchback.	READY
151032	151032	Hatchback	I facelift 2016		5	EU-TESLA-MODEL-S-I-HATCHBACK-FACELIFT-2016-01	HIGH	Liftback normalized to Hatchback.	READY
106768	106768	Hatchback	I		5	EU-TESLA-MODEL-S-I-HATCHBACK-ORIGINAL-01	HIGH	Liftback normalized to Hatchback.	READY
126196	126196	Hatchback	I		5	EU-TESLA-MODEL-S-I-HATCHBACK-ORIGINAL-01	HIGH	Liftback normalized to Hatchback.	READY
109006	109006	Hatchback	I		5	EU-TESLA-MODEL-S-I-HATCHBACK-ORIGINAL-01	HIGH	Liftback normalized to Hatchback.	READY
117352	117352	Hatchback	I		5	EU-TESLA-MODEL-S-I-HATCHBACK-ORIGINAL-01	HIGH	Liftback normalized to Hatchback.	READY
126200	126200	Hatchback	I		5	EU-TESLA-MODEL-S-I-HATCHBACK-ORIGINAL-01	HIGH	Liftback normalized to Hatchback.	READY
119784	119784	Hatchback	I		5	EU-TESLA-MODEL-S-I-HATCHBACK-ORIGINAL-01	HIGH	Liftback normalized to Hatchback.	READY
119785	119785	Hatchback	I		5	EU-TESLA-MODEL-S-I-HATCHBACK-ORIGINAL-01	HIGH	Liftback normalized to Hatchback.	READY
154688	154688	Hatchback	I		5	EU-TESLA-MODEL-S-I-HATCHBACK-ORIGINAL-01	HIGH	Liftback normalized to Hatchback.	READY
144730	144730	Hatchback	I facelift 2021		5	EU-TESLA-MODEL-S-I-HATCHBACK-FACELIFT-2021-01	HIGH	Liftback normalized to Hatchback.	READY
120372	120372	Hatchback	I		5	EU-TESLA-MODEL-X-I-HATCHBACK-ORIGINAL-01	HIGH	Schrägheck normalized as Hatchback under the body-style contract.	READY
117531	117531	Hatchback	I		5	EU-TESLA-MODEL-X-I-HATCHBACK-ORIGINAL-01	HIGH	Schrägheck normalized as Hatchback under the body-style contract.	READY
143399	143399	Hatchback	I		5	EU-TESLA-MODEL-X-I-HATCHBACK-ORIGINAL-01	HIGH	Schrägheck normalized as Hatchback under the body-style contract.	READY
143400	143400	Hatchback	I		5	EU-TESLA-MODEL-X-I-HATCHBACK-ORIGINAL-01	HIGH	Schrägheck normalized as Hatchback under the body-style contract.	READY
144731	144731	Hatchback	I facelift 2021		5	EU-TESLA-MODEL-X-I-HATCHBACK-FACELIFT-2021-01	HIGH	Schrägheck normalized as Hatchback under the body-style contract.	READY
153625	153625	Hatchback	I facelift 2021		5	EU-TESLA-MODEL-X-I-HATCHBACK-FACELIFT-2021-01	HIGH	Schrägheck normalized as Hatchback under the body-style contract.	READY
117532	117532	Hatchback	I		5	EU-TESLA-MODEL-X-I-HATCHBACK-ORIGINAL-01	HIGH	Schrägheck normalized as Hatchback under the body-style contract.	READY
144732	144732	Hatchback	I facelift 2021		5	EU-TESLA-MODEL-X-I-HATCHBACK-FACELIFT-2021-01	HIGH	Schrägheck normalized as Hatchback under the body-style contract.	READY
144817	144817	SUV	I		5	EU-TESLA-MODEL-Y-I-SUV-ORIGINAL-01	HIGH		READY
145782	145782	SUV	I		5	EU-TESLA-MODEL-Y-I-SUV-ORIGINAL-01	HIGH		READY
157997	157997	SUV	I		5	EU-TESLA-MODEL-Y-I-SUV-ORIGINAL-01	HIGH		READY
158468	158468	SUV	I		5	EU-TESLA-MODEL-Y-I-SUV-ORIGINAL-01	HIGH		READY
160389	160389	SUV	I facelift 2025		5	EU-TESLA-MODEL-Y-I-SUV-FACELIFT-2025-01	HIGH	2025 redesigned exterior branch.	READY
161096	161096	SUV	I facelift 2025		5	EU-TESLA-MODEL-Y-I-SUV-FACELIFT-2025-01	HIGH	2025 redesigned exterior branch.	READY
800779	800779	SUV	I		5	EU-TESLA-MODEL-Y-I-SUV-ORIGINAL-01	HIGH		READY
144818	144818	SUV	I		5	EU-TESLA-MODEL-Y-I-SUV-ORIGINAL-01	HIGH		READY
156980	156980	SUV	I		5	EU-TESLA-MODEL-Y-I-SUV-ORIGINAL-01	HIGH		READY
800822	800822	SUV	I		5	EU-TESLA-MODEL-Y-I-SUV-ORIGINAL-01	HIGH		READY
145788	145788	SUV	I		5	EU-TESLA-MODEL-Y-I-SUV-ORIGINAL-01	HIGH		READY
157006	157006	SUV	I		5	EU-TESLA-MODEL-Y-I-SUV-ORIGINAL-01	HIGH		READY
802537	802537	SUV	I		5	EU-TESLA-MODEL-Y-I-SUV-ORIGINAL-01	HIGH		READY
802579	802579	SUV	I		5	EU-TESLA-MODEL-Y-I-SUV-ORIGINAL-01	HIGH		READY
800991	800991	SUV	I		5	EU-TESLA-MODEL-Y-I-SUV-ORIGINAL-01	HIGH		READY
145787	145787	SUV	I		5	EU-TESLA-MODEL-Y-I-SUV-ORIGINAL-01	HIGH		READY
800829	800829	SUV	I		5	EU-TESLA-MODEL-Y-I-SUV-ORIGINAL-01	HIGH		READY
800372	800372	SUV	I		5	EU-TESLA-MODEL-Y-I-SUV-ORIGINAL-01	HIGH		READY
800823	800823	SUV	I		5	EU-TESLA-MODEL-Y-I-SUV-ORIGINAL-01	HIGH		READY
51906	51906	Convertible	I		2	EU-TESLA-ROADSTER-I-CONVERTIBLE-STANDARD-01	HIGH		READY
12152	12152	Hatchback	II	A306	3	EU-THINK-CITY-II-HATCHBACK-STANDARD-01	HIGH		READY
34903	34903	Hatchback	II	A306	3	EU-THINK-CITY-II-HATCHBACK-STANDARD-01	HIGH		READY
163623	163623	SUV	I		5	EU-TIGER-EIGHT-I-SUV-STANDARD-01	HIGH		READY
163621	163621	SUV	I		5	EU-TIGER-EIGHT-I-SUV-STANDARD-01	HIGH		READY
160911	160911	SUV	I		5	EU-TIGER-SIX-I-SUV-STANDARD-01	HIGH		READY
160972	160972	SUV	I		5	EU-TIGER-SIX-I-SUV-STANDARD-01	HIGH		READY
161959	161959	Hatchback	I		5	EU-TOGG-T10F-I-HATCHBACK-STANDARD-01	HIGH		READY
162041	162041	Hatchback	I		5	EU-TOGG-T10F-I-HATCHBACK-STANDARD-01	HIGH		READY
152850	152850	SUV	I		5	EU-TOGG-T10X-I-SUV-STANDARD-01	HIGH		READY
802356	802356	SUV	I		5	EU-TOGG-T10X-I-SUV-STANDARD-01	HIGH		READY
55005_original	55005	SUV	V	N280	5	EU-TOYOTA-4RUNNER-V-SUV-ORIGINAL-01	HIGH	2010-2013 original body; Ktype also covers the dimension-changing 2013 facelift.	READY
55005_facelift	55005	SUV	V	N280	5	EU-TOYOTA-4RUNNER-V-SUV-FACELIFT-2013-01	HIGH	2013-2024 facelift body; Ktype also covers the original body.	READY
49169_original	49169	SUV	III	N185	5	EU-TOYOTA-4RUNNER-III-SUV-ORIGINAL-01	HIGH	1995-1999 original body; Ktype also covers the dimension-changing 1999 facelift.	READY
49169_facelift	49169	SUV	III	N185	5	EU-TOYOTA-4RUNNER-III-SUV-FACELIFT-1999-01	HIGH	1999-2002 facelift body; Ktype also covers the original body.	READY
17257_original	17257	SUV	III	N185	5	EU-TOYOTA-4RUNNER-III-SUV-ORIGINAL-01	HIGH	1995-1999 original body; Ktype also covers the dimension-changing 1999 facelift.	READY
17257_facelift	17257	SUV	III	N185	5	EU-TOYOTA-4RUNNER-III-SUV-FACELIFT-1999-01	HIGH	1999-2002 facelift body; Ktype also covers the original body.	READY
16139	16139	Hatchback	P30	KP30	2	EU-TOYOTA-1000-P30-HATCHBACK-STANDARD-01	HIGH		READY
16140	16140	Wagon	P30	KP36	3	EU-TOYOTA-1000-P30-WAGON-STANDARD-01	MEDIUM	Mapped to the P30 Toyota 1000 estate exterior; the supplied end date extends beyond this documented body.	READY
58367	58367	Sedan	II	XV50	4	EU-TOYOTA-AURION-II-SEDAN-STANDARD-01	HIGH		READY
114559	114559	Hatchback	II	E180	5	EU-TOYOTA-AURIS-II-HATCHBACK-FACELIFT-2015-01	HIGH		READY
114560	114560	Wagon	II	E180	5	EU-TOYOTA-AURIS-II-WAGON-FACELIFT-2015-01	HIGH		READY
57457_original	57457	Hatchback	II	E180	5	EU-TOYOTA-AURIS-II-HATCHBACK-ORIGINAL-01	HIGH	2012-2015 original body; Ktype also covers the dimension-changing 2015 facelift.	READY
57457_facelift	57457	Hatchback	II	E180	5	EU-TOYOTA-AURIS-II-HATCHBACK-FACELIFT-2015-01	HIGH	2015-2018 facelift body; Ktype also covers the original body.	READY
59602_original	59602	Wagon	II	E180	5	EU-TOYOTA-AURIS-II-WAGON-ORIGINAL-01	HIGH	2013-2015 original Touring Sports body; Ktype also covers the dimension-changing 2015 facelift.	READY
59602_facelift	59602	Wagon	II	E180	5	EU-TOYOTA-AURIS-II-WAGON-FACELIFT-2015-01	HIGH	2015-2018 facelift Touring Sports body; Ktype also covers the original body.	READY
57481_original	57481	Hatchback	II	E180	5	EU-TOYOTA-AURIS-II-HATCHBACK-ORIGINAL-01	HIGH	2012-2015 original body; Ktype also covers the dimension-changing 2015 facelift.	READY
57481_facelift	57481	Hatchback	II	E180	5	EU-TOYOTA-AURIS-II-HATCHBACK-FACELIFT-2015-01	HIGH	2015-2018 facelift body; Ktype also covers the original body.	READY
59600_original	59600	Wagon	II	E180	5	EU-TOYOTA-AURIS-II-WAGON-ORIGINAL-01	HIGH	2013-2015 original Touring Sports body; Ktype also covers the dimension-changing 2015 facelift.	READY
59600_facelift	59600	Wagon	II	E180	5	EU-TOYOTA-AURIS-II-WAGON-FACELIFT-2015-01	HIGH	2015-2018 facelift Touring Sports body; Ktype also covers the original body.	READY
34982	34982	Hatchback	I	E150	5	EU-TOYOTA-AURIS-I-HATCHBACK-FACELIFT-2010-01	HIGH		READY
57455_original	57455	Hatchback	II	E180	5	EU-TOYOTA-AURIS-II-HATCHBACK-ORIGINAL-01	HIGH	2012-2015 original body; Ktype also covers the dimension-changing 2015 facelift.	READY
57455_facelift	57455	Hatchback	II	E180	5	EU-TOYOTA-AURIS-II-HATCHBACK-FACELIFT-2015-01	HIGH	2015-2018 facelift body; Ktype also covers the original body.	READY
59595_original	59595	Van	II	E180	5	EU-TOYOTA-AURIS-II-HATCHBACK-ORIGINAL-01	HIGH	Commercial hatch body, exterior-equivalent to the 2012-2015 hatch; Ktype also covers the 2015 facelift.	READY
59595_facelift	59595	Van	II	E180	5	EU-TOYOTA-AURIS-II-HATCHBACK-FACELIFT-2015-01	HIGH	Commercial hatch body, exterior-equivalent to the 2015-2018 hatch; Ktype also covers the original body.	READY
59604_original	59604	Wagon	II	E180	5	EU-TOYOTA-AURIS-II-WAGON-ORIGINAL-01	HIGH	2013-2015 original Touring Sports body; Ktype also covers the dimension-changing 2015 facelift.	READY
59604_facelift	59604	Wagon	II	E180	5	EU-TOYOTA-AURIS-II-WAGON-FACELIFT-2015-01	HIGH	2015-2018 facelift Touring Sports body; Ktype also covers the original body.	READY
114567	114567	Hatchback	II	E180	5	EU-TOYOTA-AURIS-II-HATCHBACK-FACELIFT-2015-01	HIGH		READY
114568	114568	Wagon	II	E180	5	EU-TOYOTA-AURIS-II-WAGON-FACELIFT-2015-01	HIGH		READY
34783	34783	Hatchback	I	E150	5	EU-TOYOTA-AURIS-I-HATCHBACK-FACELIFT-2010-01	HIGH		READY
57499_original	57499	Hatchback	II	E180	5	EU-TOYOTA-AURIS-II-HATCHBACK-ORIGINAL-01	HIGH	2012-2015 original body; Ktype also covers the dimension-changing 2015 facelift.	READY
57499_facelift	57499	Hatchback	II	E180	5	EU-TOYOTA-AURIS-II-HATCHBACK-FACELIFT-2015-01	HIGH	2015-2018 facelift body; Ktype also covers the original body.	READY
59608_original	59608	Wagon	II	E180	5	EU-TOYOTA-AURIS-II-WAGON-ORIGINAL-01	HIGH	2013-2015 original Touring Sports body; Ktype also covers the dimension-changing 2015 facelift.	READY
59608_facelift	59608	Wagon	II	E180	5	EU-TOYOTA-AURIS-II-WAGON-FACELIFT-2015-01	HIGH	2015-2018 facelift Touring Sports body; Ktype also covers the original body.	READY
57458	57458	Hatchback	II	E180	5	EU-TOYOTA-AURIS-II-HATCHBACK-ORIGINAL-01	HIGH		READY
59607	59607	Wagon	II	E180	5	EU-TOYOTA-AURIS-II-WAGON-ORIGINAL-01	HIGH		READY
49179	49179	Sedan	II	XX20	4	EU-TOYOTA-AVALON-II-SEDAN-STANDARD-01	HIGH		READY
108641	108641	Sedan	IV	XX40	4	EU-TOYOTA-AVALON-IV-SEDAN-STANDARD-01	HIGH		READY
58353	58353	Sedan	IV	XX40	4	EU-TOYOTA-AVALON-IV-SEDAN-STANDARD-01	HIGH		READY
113326	113326	Sedan	III	T27	4	EU-TOYOTA-AVENSIS-III-SEDAN-FACELIFT-2012-01	HIGH		READY
113327	113327	Wagon	III	T27	5	EU-TOYOTA-AVENSIS-III-WAGON-FACELIFT-2015-01	HIGH		READY
8923	8923	Sedan	I	T22	4	EU-TOYOTA-AVENSIS-T22-SEDAN-STANDARD-01	HIGH		READY
8924	8924	Sedan	I	T22	4	EU-TOYOTA-AVENSIS-T22-SEDAN-STANDARD-01	HIGH		READY
8928	8928	Hatchback	I	T22	5	EU-TOYOTA-AVENSIS-T22-HATCHBACK-STANDARD-01	HIGH		READY
8929	8929	Hatchback	I	T22	5	EU-TOYOTA-AVENSIS-T22-HATCHBACK-STANDARD-01	HIGH		READY
8933	8933	Wagon	I	T22	5	EU-TOYOTA-AVENSIS-T22-WAGON-STANDARD-01	HIGH		READY
15514	15514	Hatchback	I	T22	5	EU-TOYOTA-AVENSIS-T22-HATCHBACK-STANDARD-01	HIGH		READY
15515	15515	Sedan	I	T22	4	EU-TOYOTA-AVENSIS-T22-SEDAN-STANDARD-01	HIGH		READY
15516	15516	Wagon	I	T22	5	EU-TOYOTA-AVENSIS-T22-WAGON-STANDARD-01	HIGH		READY
18878	18878	Hatchback	II	T25	5	EU-TOYOTA-AVENSIS-T25-HATCHBACK-STANDARD-01	HIGH		READY
18879	18879	Sedan	II	T25	4	EU-TOYOTA-AVENSIS-T25-SEDAN-STANDARD-01	HIGH		READY
18880	18880	Wagon	II	T25	5	EU-TOYOTA-AVENSIS-T25-WAGON-STANDARD-01	HIGH		READY
8925	8925	Sedan	I	T22	4	EU-TOYOTA-AVENSIS-T22-SEDAN-STANDARD-01	HIGH		READY
8930	8930	Hatchback	I	T22	5	EU-TOYOTA-AVENSIS-T22-HATCHBACK-STANDARD-01	HIGH		READY
15517	15517	Hatchback	I	T22	5	EU-TOYOTA-AVENSIS-T22-HATCHBACK-STANDARD-01	HIGH		READY
15518	15518	Sedan	I	T22	4	EU-TOYOTA-AVENSIS-T22-SEDAN-STANDARD-01	HIGH		READY
15522	15522	Wagon	I	T22	5	EU-TOYOTA-AVENSIS-T22-WAGON-STANDARD-01	HIGH		READY
17216	17216	Sedan	II	T25	4	EU-TOYOTA-AVENSIS-T25-SEDAN-STANDARD-01	HIGH		READY
17219	17219	Wagon	II	T25	5	EU-TOYOTA-AVENSIS-T25-WAGON-STANDARD-01	HIGH		READY
17344	17344	Hatchback	II	T25	5	EU-TOYOTA-AVENSIS-T25-HATCHBACK-STANDARD-01	HIGH		READY
16027_original	16027	MPV	I	ACM20	5	EU-TOYOTA-AVENSIS-VERSO-I-MPV-ORIGINAL-01	HIGH	2001-2003 original body; Ktype also covers the dimension-changing 2003 facelift.	READY
16027_facelift	16027	MPV	I	ACM20	5	EU-TOYOTA-AVENSIS-VERSO-I-MPV-FACELIFT-2003-01	HIGH	2003-2009 facelift body; Ktype also covers the original body.	READY
14017	14017	Sedan	III	T27	4	EU-TOYOTA-AVENSIS-III-SEDAN-FACELIFT-2012-01	HIGH		READY
14018_facelift2012	14018	Wagon	III	T27	5	EU-TOYOTA-AVENSIS-III-WAGON-FACELIFT-2012-01	HIGH	2011-2015 first T27 facelift wagon; Ktype also covers the dimension-changing 2015 facelift.	READY
14018_facelift2015	14018	Wagon	III	T27	5	EU-TOYOTA-AVENSIS-III-WAGON-FACELIFT-2015-01	HIGH	2015-2018 second T27 facelift wagon; Ktype also covers the prior body.	READY
14105	14105	Hatchback	I	T22	5	EU-TOYOTA-AVENSIS-T22-HATCHBACK-STANDARD-01	HIGH		READY
14106	14106	Sedan	I	T22	4	EU-TOYOTA-AVENSIS-T22-SEDAN-STANDARD-01	HIGH		READY
14107	14107	Wagon	I	T22	5	EU-TOYOTA-AVENSIS-T22-WAGON-STANDARD-01	HIGH		READY
17218	17218	Sedan	II	T25	4	EU-TOYOTA-AVENSIS-T25-SEDAN-STANDARD-01	HIGH		READY
17221	17221	Wagon	II	T25	5	EU-TOYOTA-AVENSIS-T25-WAGON-STANDARD-01	HIGH		READY
17347	17347	Hatchback	II	T25	5	EU-TOYOTA-AVENSIS-T25-HATCHBACK-STANDARD-01	HIGH		READY
113339	113339	Sedan	III	T27	4	EU-TOYOTA-AVENSIS-III-SEDAN-FACELIFT-2012-01	HIGH		READY
113342	113342	Wagon	III	T27	5	EU-TOYOTA-AVENSIS-III-WAGON-FACELIFT-2015-01	HIGH		READY
8926	8926	Sedan	I	T22	4	EU-TOYOTA-AVENSIS-T22-SEDAN-STANDARD-01	HIGH		READY
8931	8931	Hatchback	I	T22	5	EU-TOYOTA-AVENSIS-T22-HATCHBACK-STANDARD-01	HIGH		READY
8927	8927	Sedan	I	T22	4	EU-TOYOTA-AVENSIS-T22-SEDAN-STANDARD-01	HIGH		READY
8932	8932	Hatchback	I	T22	5	EU-TOYOTA-AVENSIS-T22-HATCHBACK-STANDARD-01	HIGH		READY
11102	11102	Wagon	II	T25	5	EU-TOYOTA-AVENSIS-T25-WAGON-STANDARD-01	HIGH		READY
15519	15519	Hatchback	I	T22	5	EU-TOYOTA-AVENSIS-T22-HATCHBACK-STANDARD-01	HIGH		READY
15520	15520	Sedan	I	T22	4	EU-TOYOTA-AVENSIS-T22-SEDAN-STANDARD-01	HIGH		READY
15521	15521	Wagon	I	T22	5	EU-TOYOTA-AVENSIS-T22-WAGON-STANDARD-01	HIGH		READY
16026_original	16026	MPV	I	ACM20	5	EU-TOYOTA-AVENSIS-VERSO-I-MPV-ORIGINAL-01	HIGH	2001-2003 original body; Ktype also covers the dimension-changing 2003 facelift.	READY
16026_facelift	16026	MPV	I	ACM20	5	EU-TOYOTA-AVENSIS-VERSO-I-MPV-FACELIFT-2003-01	HIGH	2003-2009 facelift body; Ktype also covers the original body.	READY
17217	17217	Sedan	II	T25	4	EU-TOYOTA-AVENSIS-T25-SEDAN-STANDARD-01	HIGH		READY
17220	17220	Wagon	II	T25	5	EU-TOYOTA-AVENSIS-T25-WAGON-STANDARD-01	HIGH		READY
17345	17345	Hatchback	II	T25	5	EU-TOYOTA-AVENSIS-T25-HATCHBACK-STANDARD-01	HIGH		READY
17222	17222	Sedan	II	T25	4	EU-TOYOTA-AVENSIS-T25-SEDAN-STANDARD-01	HIGH		READY
17223	17223	Wagon	II	T25	5	EU-TOYOTA-AVENSIS-T25-WAGON-STANDARD-01	HIGH		READY
17346	17346	Hatchback	II	T25	5	EU-TOYOTA-AVENSIS-T25-HATCHBACK-STANDARD-01	HIGH		READY
17708	17708	Sedan	II	T25	4	EU-TOYOTA-AVENSIS-T25-SEDAN-STANDARD-01	HIGH		READY
17709	17709	Hatchback	II	T25	5	EU-TOYOTA-AVENSIS-T25-HATCHBACK-STANDARD-01	HIGH		READY
17710	17710	Wagon	II	T25	5	EU-TOYOTA-AVENSIS-T25-WAGON-STANDARD-01	HIGH		READY
18813_original	18813	Hatchback	I	AB10		EU-TOYOTA-AYGO-I-HATCHBACK-ORIGINAL-01	HIGH	2005-2009 original body; Ktype also covers both dimension-changing facelifts.	READY
18813_facelift2009	18813	Hatchback	I	AB10		EU-TOYOTA-AYGO-I-HATCHBACK-FACELIFT-2009-01	HIGH	2009-2012 first facelift body; Ktype also covers the original and 2012 facelift bodies.	READY
18813_facelift2012	18813	Hatchback	I	AB10		EU-TOYOTA-AYGO-I-HATCHBACK-FACELIFT-2012-01	HIGH	2012-2014 second facelift body; Ktype also covers the original and 2009 facelift bodies.	READY
105577	105577	Hatchback	II	AB40		EU-TOYOTA-AYGO-II-HATCHBACK-STANDARD-01	HIGH		READY
116873	116873	Hatchback	II	AB40		EU-TOYOTA-AYGO-II-HATCHBACK-STANDARD-01	HIGH		READY
34978_original	34978	Hatchback	I	AB10		EU-TOYOTA-AYGO-I-HATCHBACK-ORIGINAL-01	HIGH	2005-2009 original body; Ktype also covers both dimension-changing facelifts.	READY
34978_facelift2009	34978	Hatchback	I	AB10		EU-TOYOTA-AYGO-I-HATCHBACK-FACELIFT-2009-01	HIGH	2009-2012 first facelift body; Ktype also covers the original and 2012 facelift bodies.	READY
34978_facelift2012	34978	Hatchback	I	AB10		EU-TOYOTA-AYGO-I-HATCHBACK-FACELIFT-2012-01	HIGH	2012-2014 second facelift body; Ktype also covers the original and 2009 facelift bodies.	READY
146417	146417	Hatchback	I	AB70	5	EU-TOYOTA-AYGO-X-I-HATCHBACK-ORIGINAL-01	HIGH		READY
802416	802416	Hatchback	I	AB70	5	EU-TOYOTA-AYGO-X-I-HATCHBACK-FACELIFT-2025-01	HIGH		READY
802244	802244	SUV	I	EA10	5	EU-TOYOTA-BZ4X-I-SUV-FACELIFT-2025-01	HIGH		READY
802245	802245	SUV	I facelift (2025)	EA10	5	EU-TOYOTA-BZ4X-I-SUV-FACELIFT-2025-01	HIGH		READY
146710	146710	SUV	I	EA10	5	EU-TOYOTA-BZ4X-I-SUV-FACELIFT-2025-01	HIGH		READY
146711	146711	SUV	I	EA10	5	EU-TOYOTA-BZ4X-I-SUV-FACELIFT-2025-01	HIGH		READY
802675	802675	SUV	I facelift (2025)	EA10	5	EU-TOYOTA-BZ4X-I-SUV-FACELIFT-2025-01	HIGH		READY
802890	802890	Wagon	bZ4X Touring I	EA10	5	EU-TOYOTA-BZ4X-I-WAGON-TOURING-2026-01	HIGH		READY
15726	15726	Wagon	II (V20)	V20	5	EU-TOYOTA-CAMRY-V20-WAGON-STANDARD-01	HIGH		READY
16163	16163	Sedan	IV (XV20)	XV20	4	EU-TOYOTA-CAMRY-XV20-SEDAN-STANDARD-01	HIGH		READY
34837_prefl	34837	Sedan	VI (XV40)	XV40	4	EU-TOYOTA-CAMRY-XV40-SEDAN-PREFACELIFT-01	HIGH	Ktype period spans the dimension-changing XV40 facelift; split by physical envelope.	READY
34837_facelift	34837	Sedan	VI (XV40) facelift	XV40	4	EU-TOYOTA-CAMRY-XV40-SEDAN-FACELIFT-01	HIGH	Ktype period spans the dimension-changing XV40 facelift; split by physical envelope.	READY
126651_prefl	126651	Sedan	VII (XV50)	XV50	4	EU-TOYOTA-CAMRY-XV50-SEDAN-PREFACELIFT-01	HIGH	Ktype period spans the dimension-changing XV50 facelift; split by physical envelope.	READY
126651_facelift	126651	Sedan	VII (XV50) facelift	XV50	4	EU-TOYOTA-CAMRY-XV50-SEDAN-FACELIFT-01	HIGH	Ktype period spans the dimension-changing XV50 facelift; split by physical envelope.	READY
11803_xv40	11803	Sedan	VI (XV40)	XV40	4	EU-TOYOTA-CAMRY-XV40-SEDAN-PREFACELIFT-01	HIGH	Ktype period spans XV40, its facelift, XV50 and its facelift; split by physical envelope.	READY
11803_xv40fl	11803	Sedan	VI (XV40) facelift	XV40	4	EU-TOYOTA-CAMRY-XV40-SEDAN-FACELIFT-01	HIGH	Ktype period spans XV40, its facelift, XV50 and its facelift; split by physical envelope.	READY
11803_xv50	11803	Sedan	VII (XV50)	XV50	4	EU-TOYOTA-CAMRY-XV50-SEDAN-PREFACELIFT-01	HIGH	Ktype period spans XV40, its facelift, XV50 and its facelift; split by physical envelope.	READY
11803_xv50fl	11803	Sedan	VII (XV50) facelift	XV50	4	EU-TOYOTA-CAMRY-XV50-SEDAN-FACELIFT-01	HIGH	Ktype period spans XV40, its facelift, XV50 and its facelift; split by physical envelope.	READY
49204_xv40	49204	Sedan	VI (XV40)	XV40	4	EU-TOYOTA-CAMRY-XV40-SEDAN-PREFACELIFT-01	HIGH	Ktype period spans XV40, its facelift and early XV50; split by physical envelope.	READY
49204_xv40fl	49204	Sedan	VI (XV40) facelift	XV40	4	EU-TOYOTA-CAMRY-XV40-SEDAN-FACELIFT-01	HIGH	Ktype period spans XV40, its facelift and early XV50; split by physical envelope.	READY
49204_xv50	49204	Sedan	VII (XV50)	XV50	4	EU-TOYOTA-CAMRY-XV50-SEDAN-PREFACELIFT-01	HIGH	Ktype period spans XV40, its facelift and early XV50; split by physical envelope.	READY
50523_prefl	50523	Sedan	VII (XV50)	XV50	4	EU-TOYOTA-CAMRY-XV50-SEDAN-PREFACELIFT-01	HIGH	Ktype period spans the dimension-changing XV50 facelift; split by physical envelope.	READY
50523_facelift	50523	Sedan	VII (XV50) facelift	XV50	4	EU-TOYOTA-CAMRY-XV50-SEDAN-FACELIFT-01	HIGH	Ktype period spans the dimension-changing XV50 facelift; split by physical envelope.	READY
10519	10519	Sedan	I (V10)	V10	4	EU-TOYOTA-CAMRY-V10-SEDAN-STANDARD-01	HIGH		READY
10477_prefl	10477	Sedan	VI (XV40)	XV40	4	EU-TOYOTA-CAMRY-XV40-SEDAN-PREFACELIFT-01	HIGH	Ktype period spans the dimension-changing XV40 facelift; split by physical envelope.	READY
10477_facelift	10477	Sedan	VI (XV40) facelift	XV40	4	EU-TOYOTA-CAMRY-XV40-SEDAN-FACELIFT-01	HIGH	Ktype period spans the dimension-changing XV40 facelift; split by physical envelope.	READY
159959	159959	Sedan	IX (XV80)	XV80	4	EU-TOYOTA-CAMRY-XV80-SEDAN-STANDARD-01	HIGH		READY
16164	16164	Sedan	IV (XV20)	XV20	4	EU-TOYOTA-CAMRY-XV20-SEDAN-STANDARD-01	HIGH		READY
5685	5685	Sedan	Carina E (T19)	T19	4	EU-TOYOTA-CARINA-E-T19-SEDAN-STANDARD-01	HIGH		READY
5688	5688	Hatchback	Carina E (T19)	T19	5	EU-TOYOTA-CARINA-E-T19-HATCHBACK-STANDARD-01	HIGH		READY
10821	10821	Sedan	Carina E (T19)	T19	4	EU-TOYOTA-CARINA-E-T19-SEDAN-STANDARD-01	HIGH		READY
10822	10822	Hatchback	Carina E (T19)	T19	5	EU-TOYOTA-CARINA-E-T19-HATCHBACK-STANDARD-01	HIGH		READY
5686	5686	Sedan	Carina E (T19)	T19	4	EU-TOYOTA-CARINA-E-T19-SEDAN-STANDARD-01	HIGH		READY
5689	5689	Hatchback	Carina E (T19)	T19	5	EU-TOYOTA-CARINA-E-T19-HATCHBACK-STANDARD-01	HIGH		READY
15727	15727	Sedan	Carina E (T19)	T19	4	EU-TOYOTA-CARINA-E-T19-SEDAN-STANDARD-01	HIGH		READY
5687	5687	Sedan	Carina E (T19)	T19	4	EU-TOYOTA-CARINA-E-T19-SEDAN-STANDARD-01	HIGH		READY
5690	5690	Hatchback	Carina E (T19)	T19	5	EU-TOYOTA-CARINA-E-T19-HATCHBACK-STANDARD-01	HIGH		READY
5691	5691	Hatchback	Carina E (T19)	T19	5	EU-TOYOTA-CARINA-E-T19-HATCHBACK-STANDARD-01	HIGH		READY
10820	10820	Sedan	Carina E (T19)	T19	4	EU-TOYOTA-CARINA-E-T19-SEDAN-STANDARD-01	HIGH		READY
5692	5692	Wagon	Carina E Sportswagon (T19)	T19	5	EU-TOYOTA-CARINA-E-T19-WAGON-STANDARD-01	HIGH		READY
5693	5693	Wagon	Carina E Sportswagon (T19)	T19	5	EU-TOYOTA-CARINA-E-T19-WAGON-STANDARD-01	HIGH		READY
5694	5694	Wagon	Carina E Sportswagon (T19)	T19	5	EU-TOYOTA-CARINA-E-T19-WAGON-STANDARD-01	HIGH		READY
10740	10740	Sedan	I	TA1	4	EU-TOYOTA-CARINA-TA1-SEDAN-STANDARD-01	HIGH		READY
10521	10521	Sedan	III	TA4L/TA6L	4	EU-TOYOTA-CARINA-TA4L-TA6L-SEDAN-STANDARD-01	HIGH		READY
14320	14320	Coupe	I (A20/A30)	A20/A30	3	EU-TOYOTA-CELICA-A20-A30-COUPE-LIFTBACK-01	HIGH	European 2.0 liftback-coupe matched by production period.	READY
57256	57256	Coupe	V (T18)	T18	3	EU-TOYOTA-CELICA-T18-COUPE-LIFTBACK-01	HIGH		READY
8823	8823	Coupe	IV (T16)	T16	3	EU-TOYOTA-CELICA-T16-COUPE-LIFTBACK-01	HIGH		READY
110597	110597	Hatchback	IV (T16)	T16	3	EU-TOYOTA-CELICA-T16-COUPE-LIFTBACK-01	HIGH		READY
14534	14534	Coupe	VII (T23)	T23	3	EU-TOYOTA-CELICA-T23-COUPE-LIFTBACK-01	HIGH		READY
14169	14169	Coupe	VII (T23)	T23	3	EU-TOYOTA-CELICA-T23-COUPE-LIFTBACK-01	HIGH		READY
8826	8826	Coupe	VI (T20)	T20	3	EU-TOYOTA-CELICA-T20-COUPE-LIFTBACK-01	HIGH		READY
8827	8827	Convertible	VI (T20)	T20	2	EU-TOYOTA-CELICA-T20-CONVERTIBLE-STANDARD-01	HIGH		READY
121220	121220	SUV	I	AX10/AX50	5	EU-TOYOTA-C-HR-I-SUV-STANDARD-01	HIGH		READY
122024	122024	SUV	I	AX10/AX50	5	EU-TOYOTA-C-HR-I-SUV-STANDARD-01	HIGH		READY
126164	126164	SUV	I	AX10/AX50	5	EU-TOYOTA-C-HR-I-SUV-STANDARD-01	HIGH		READY
143178	143178	SUV	I	AX10/AX50	5	EU-TOYOTA-C-HR-I-SUV-STANDARD-01	MEDIUM	Mixed Kasten/SUV input label matched to the standard C-HR SUV exterior.	READY
155851	155851	SUV	II	X10/X20	5	EU-TOYOTA-C-HR-II-SUV-STANDARD-01	HIGH		READY
155854	155854	SUV	II	X10/X20	5	EU-TOYOTA-C-HR-II-SUV-STANDARD-01	HIGH		READY
803013	803013	SUV	II	X10/X20	5	EU-TOYOTA-C-HR-II-SUV-STANDARD-01	HIGH		READY
155853	155853	SUV	II	X10/X20	5	EU-TOYOTA-C-HR-II-SUV-STANDARD-01	HIGH		READY
803014	803014	SUV	II	X10/X20	5	EU-TOYOTA-C-HR-II-SUV-STANDARD-01	HIGH		READY
155855	155855	SUV	II	X10/X20	5	EU-TOYOTA-C-HR-II-SUV-STANDARD-01	HIGH		READY
162796	162796	SUV	C-HR+ I		5	EU-TOYOTA-C-HR-PLUS-I-SUV-STANDARD-01	HIGH		READY
163442	163442	SUV	C-HR+ I		5	EU-TOYOTA-C-HR-PLUS-I-SUV-STANDARD-01	HIGH		READY
802891	802891	SUV	C-HR+ I		5	EU-TOYOTA-C-HR-PLUS-I-SUV-STANDARD-01	HIGH		READY
162655	162655	SUV	C-HR+ I		5	EU-TOYOTA-C-HR-PLUS-I-SUV-STANDARD-01	HIGH		READY
143981	143981	Wagon	IX (E120/E130)	E120/E130	5	EU-TOYOTA-COROLLA-E120-E130-WAGON-STANDARD-01	HIGH		READY
14689	14689	Hatchback	VIII (E110)	E110		EU-TOYOTA-COROLLA-E110-HATCHBACK-LIFTBACK-01	MEDIUM	Input does not identify the E110 hatch door-body branch; standard liftback envelope used.	READY
14691	14691	Hatchback	VIII (E110)	E110		EU-TOYOTA-COROLLA-E110-HATCHBACK-LIFTBACK-01	MEDIUM	Input does not identify the E110 hatch door-body branch; standard liftback envelope used.	READY
10762	10762	Sedan	V (E80)	E80	4	EU-TOYOTA-COROLLA-E80-SEDAN-STANDARD-01	HIGH		READY
14690	14690	Hatchback	VIII (E110)	E110		EU-TOYOTA-COROLLA-E110-HATCHBACK-LIFTBACK-01	MEDIUM	Input does not identify the E110 hatch door-body branch; standard liftback envelope used.	READY
14694	14694	Hatchback	VIII (E110)	E110		EU-TOYOTA-COROLLA-E110-HATCHBACK-LIFTBACK-01	MEDIUM	Input does not identify the E110 hatch door-body branch; standard liftback envelope used.	READY
17088	17088	Hatchback	V (E80)	E80	3	EU-TOYOTA-COROLLA-E80-HATCHBACK-STANDARD-01	MEDIUM	Production window matches the compact E80 hatch exterior.	READY
17713	17713	Wagon	VI (E90)	E90	5	EU-TOYOTA-COROLLA-E90-WAGON-STANDARD-01	HIGH		READY
18039_prefl	18039	MPV	Corolla Verso II (AR10)	AR10	5	EU-TOYOTA-COROLLA-AR10-MPV-PREFACELIFT-01	HIGH	Ktype period spans the dimension-changing AR10 facelift; split by physical envelope.	READY
18039_facelift	18039	MPV	Corolla Verso II (AR10) facelift	AR10	5	EU-TOYOTA-COROLLA-AR10-MPV-FACELIFT-01	HIGH	Ktype period spans the dimension-changing AR10 facelift; split by physical envelope.	READY
52440	52440	Sedan	XI (E170)	E170	4	EU-TOYOTA-COROLLA-E170-SEDAN-STANDARD-01	HIGH		READY
55549	55549	Sedan	VII (E100)	E100	4	EU-TOYOTA-COROLLA-E100-SEDAN-STANDARD-01	HIGH		READY
120670	120670	Sedan	XI (E170)	E170	4	EU-TOYOTA-COROLLA-E170-SEDAN-STANDARD-01	HIGH		READY
123760_e100	123760	Sedan	VII (E100)	E100	4	EU-TOYOTA-COROLLA-E100-SEDAN-STANDARD-01	HIGH	Ktype period spans E100 and E110 sedans; split by physical envelope.	READY
123760_e110	123760	Sedan	VIII (E110)	E110	4	EU-TOYOTA-COROLLA-E110-SEDAN-STANDARD-01	HIGH	Ktype period spans E100 and E110 sedans; split by physical envelope.	READY
125212	125212	Coupe	V (AE86)	AE86	2	EU-TOYOTA-COROLLA-AE86-COUPE-STANDARD-01	MEDIUM	Rear-drive input matched to the AE86 coupe; catalog end date extends beyond vehicle production.	READY
18040_prefl	18040	MPV	Corolla Verso II (AR10)	AR10	5	EU-TOYOTA-COROLLA-AR10-MPV-PREFACELIFT-01	HIGH	Ktype period spans the dimension-changing AR10 facelift; split by physical envelope.	READY
18040_facelift	18040	MPV	Corolla Verso II (AR10) facelift	AR10	5	EU-TOYOTA-COROLLA-AR10-MPV-FACELIFT-01	HIGH	Ktype period spans the dimension-changing AR10 facelift; split by physical envelope.	READY
34643_e150	34643	Sedan	X (E140/E150)	E140/E150	4	EU-TOYOTA-COROLLA-E140-E150-SEDAN-STANDARD-01	HIGH	Ktype period spans E140/E150 and E170 sedans; split by physical envelope.	READY
34643_e170	34643	Sedan	XI (E170)	E170	4	EU-TOYOTA-COROLLA-E170-SEDAN-STANDARD-01	HIGH	Ktype period spans E140/E150 and E170 sedans; split by physical envelope.	READY
59430	59430	Hatchback	IV (E70)	E70	3	EU-TOYOTA-COROLLA-E70-HATCHBACK-STANDARD-01	MEDIUM	Rear-drive 1982-1983 hatch matched to the E70 hatch exterior.	READY
122152	122152	Sedan	VIII (E110)	E110	4	EU-TOYOTA-COROLLA-E110-SEDAN-STANDARD-01	HIGH		READY
15728	15728	Hatchback	VII (E100)	E100	3	EU-TOYOTA-COROLLA-E100-HATCHBACK-COMPACT-01	HIGH		READY
15730	15730	Hatchback	VII (E100)	E100	5	EU-TOYOTA-COROLLA-E100-HATCHBACK-LIFTBACK-01	HIGH		READY
15732	15732	Sedan	VII (E100)	E100	4	EU-TOYOTA-COROLLA-E100-SEDAN-STANDARD-01	HIGH		READY
15733	15733	Wagon	VII (E100)	E100	5	EU-TOYOTA-COROLLA-E100-WAGON-STANDARD-01	HIGH		READY
52438	52438	Sedan	XI (E170)	E170	4	EU-TOYOTA-COROLLA-E170-SEDAN-STANDARD-01	HIGH		READY
14692	14692	Sedan	VIII (E110)	E110	4	EU-TOYOTA-COROLLA-E110-SEDAN-STANDARD-01	HIGH		READY
14693	14693	Wagon	VIII (E110)	E110	5	EU-TOYOTA-COROLLA-E110-WAGON-STANDARD-01	HIGH		READY
18734	18734	Hatchback	IX (E120/E130)	E120/E130	5	EU-TOYOTA-COROLLA-E120-E130-HATCHBACK-STANDARD-01	HIGH		READY
18733	18733	Wagon	IX (E120/E130)	E120/E130	5	EU-TOYOTA-COROLLA-E120-E130-WAGON-STANDARD-01	HIGH		READY
18735	18735	Sedan	IX (E120/E130)	E120/E130	4	EU-TOYOTA-COROLLA-E120-E130-SEDAN-STANDARD-01	HIGH		READY
52439	52439	Sedan	XI (E170)	E170	4	EU-TOYOTA-COROLLA-E170-SEDAN-STANDARD-01	HIGH		READY
12155	12155	Sedan	X (E140/E150)	E140/E150	4	EU-TOYOTA-COROLLA-E140-E150-SEDAN-STANDARD-01	HIGH		READY
14695	14695	Sedan	VIII (E110)	E110	4	EU-TOYOTA-COROLLA-E110-SEDAN-STANDARD-01	HIGH		READY
14696	14696	Wagon	VIII (E110)	E110	5	EU-TOYOTA-COROLLA-E110-WAGON-STANDARD-01	HIGH		READY
34629	34629	Hatchback	VII (E100)	E100	3	EU-TOYOTA-COROLLA-E100-HATCHBACK-COMPACT-01	HIGH		READY
15993	15993	Sedan	VI (E90)	E90	4	EU-TOYOTA-COROLLA-E90-SEDAN-STANDARD-01	HIGH		READY
56850	56850	Sedan	X (E140/E150)	E140/E150	4	EU-TOYOTA-COROLLA-E140-E150-SEDAN-STANDARD-01	HIGH		READY
13170	13170	Wagon	IV (E70)	E70	5	EU-TOYOTA-COROLLA-E70-WAGON-HIGHROOF-01	MEDIUM	Diesel wagon matched to the factory raised-roof E70 wagon exterior.	READY
144574	144574	Hatchback	XII (E210)	E210	5	EU-TOYOTA-COROLLA-E210-HATCHBACK-STANDARD-01	HIGH		READY
144575	144575	Wagon	XII (E210)	E210	5	EU-TOYOTA-COROLLA-E210-WAGON-STANDARD-01	HIGH		READY
152851	152851	SUV	Corolla Cross I	XG10	5	EU-TOYOTA-COROLLA-CROSS-I-SUV-STANDARD-01	HIGH		READY
16514	16514	MPV	Corolla Verso I (E120)	E120	5	EU-TOYOTA-COROLLA-VERSO-E120-MPV-STANDARD-01	HIGH		READY
151445	151445	Hatchback	XII (E210) facelift	E210	5	EU-TOYOTA-COROLLA-E210-HATCHBACK-STANDARD-01	HIGH		READY
151446	151446	Sedan	XII (E210) facelift	E210	4	EU-TOYOTA-COROLLA-E210-SEDAN-STANDARD-01	HIGH		READY
151827	151827	Wagon	XII (E210) facelift	E210	5	EU-TOYOTA-COROLLA-E210-WAGON-STANDARD-01	HIGH		READY
14720	14720	Sedan	VIII (E110)	E110	4	EU-TOYOTA-COROLLA-E110-SEDAN-STANDARD-01	HIGH		READY
14721	14721	Wagon	VIII (E110)	E110	5	EU-TOYOTA-COROLLA-E110-WAGON-STANDARD-01	HIGH		READY
15717	15717	Hatchback	VIII (E110)	E110		EU-TOYOTA-COROLLA-E110-HATCHBACK-LIFTBACK-01	MEDIUM	Input does not identify the E110 hatch door-body branch; standard liftback envelope used.	READY
18681	18681	Hatchback	Laguna II		5	EU-RENAULT-LAGUNA-II-HATCHBACK-FACELIFT-01	MEDIUM	Facelift 5-door hatchback.	READY
56091	56091	Hatchback	Laguna II		5	EU-RENAULT-LAGUNA-II-HATCHBACK-PREFL-01	MEDIUM	Pre-facelift 5-door hatchback.	READY
15474	15474	Hatchback	Laguna II		5	EU-RENAULT-LAGUNA-II-HATCHBACK-PREFL-01	MEDIUM	Pre-facelift 5-door hatchback.	READY
15476_prefl	15476	Hatchback	Laguna II		5	EU-RENAULT-LAGUNA-II-HATCHBACK-PREFL-01	MEDIUM	Pre-facelift 5-door hatchback branch.	READY
15476_facelift	15476	Hatchback	Laguna II		5	EU-RENAULT-LAGUNA-II-HATCHBACK-FACELIFT-01	MEDIUM	Facelift 5-door hatchback branch.	READY
15771	15771	Hatchback	Laguna II		5	EU-RENAULT-LAGUNA-II-HATCHBACK-PREFL-01	MEDIUM	Pre-facelift 5-door hatchback.	READY
16582	16582	Hatchback	Laguna II		5	EU-RENAULT-LAGUNA-II-HATCHBACK-PREFL-01	MEDIUM	Pre-facelift 5-door hatchback.	READY
18214	18214	Hatchback	Laguna II		5	EU-RENAULT-LAGUNA-II-HATCHBACK-PREFL-01	MEDIUM	Pre-facelift 5-door hatchback.	READY
18579	18579	Hatchback	Laguna II		5	EU-RENAULT-LAGUNA-II-HATCHBACK-FACELIFT-01	MEDIUM	Facelift 5-door hatchback.	READY
18643	18643	Hatchback	Laguna II		5	EU-RENAULT-LAGUNA-II-HATCHBACK-FACELIFT-01	MEDIUM	Facelift 5-door hatchback.	READY
44781	44781	Hatchback	Laguna II		5	EU-RENAULT-LAGUNA-II-HATCHBACK-FACELIFT-01	MEDIUM	Facelift 5-door hatchback.	READY
54571	54571	Hatchback	Laguna II		5	EU-RENAULT-LAGUNA-II-HATCHBACK-FACELIFT-01	MEDIUM	Facelift 5-door hatchback.	READY
17183_prefl	17183	Hatchback	Laguna II		5	EU-RENAULT-LAGUNA-II-HATCHBACK-PREFL-01	MEDIUM	Pre-facelift 5-door hatchback branch.	READY
17183_facelift	17183	Hatchback	Laguna II		5	EU-RENAULT-LAGUNA-II-HATCHBACK-FACELIFT-01	MEDIUM	Facelift 5-door hatchback branch.	READY
18577	18577	Hatchback	Laguna II		5	EU-RENAULT-LAGUNA-II-HATCHBACK-FACELIFT-01	MEDIUM	Facelift 5-door hatchback.	READY
18578	18578	Hatchback	Laguna II		5	EU-RENAULT-LAGUNA-II-HATCHBACK-FACELIFT-01	MEDIUM	Facelift 5-door hatchback.	READY
54947_prefl	54947	Hatchback	Laguna II		5	EU-RENAULT-LAGUNA-II-HATCHBACK-PREFL-01	MEDIUM	Pre-facelift 5-door hatchback branch.	READY
54947_facelift	54947	Hatchback	Laguna II		5	EU-RENAULT-LAGUNA-II-HATCHBACK-FACELIFT-01	MEDIUM	Facelift 5-door hatchback branch.	READY
15770_prefl	15770	Hatchback	Laguna II		5	EU-RENAULT-LAGUNA-II-HATCHBACK-PREFL-01	MEDIUM	Pre-facelift 5-door hatchback branch.	READY
15770_facelift	15770	Hatchback	Laguna II		5	EU-RENAULT-LAGUNA-II-HATCHBACK-FACELIFT-01	MEDIUM	Facelift 5-door hatchback branch.	READY
17184	17184	Hatchback	Laguna II		5	EU-RENAULT-LAGUNA-II-HATCHBACK-PREFL-01	MEDIUM	Pre-facelift 5-door hatchback.	READY
19043	19043	Hatchback	Laguna II		5	EU-RENAULT-LAGUNA-II-HATCHBACK-FACELIFT-01	MEDIUM	Facelift 5-door hatchback.	READY
15772_prefl	15772	Hatchback	Laguna II		5	EU-RENAULT-LAGUNA-II-HATCHBACK-PREFL-01	MEDIUM	Pre-facelift 5-door hatchback branch.	READY
15772_facelift	15772	Hatchback	Laguna II		5	EU-RENAULT-LAGUNA-II-HATCHBACK-FACELIFT-01	MEDIUM	Facelift 5-door hatchback branch.	READY
18644	18644	Hatchback	Laguna II		5	EU-RENAULT-LAGUNA-II-HATCHBACK-FACELIFT-01	MEDIUM	Facelift 5-door hatchback.	READY
15475_prefl	15475	Hatchback	Laguna II		5	EU-RENAULT-LAGUNA-II-HATCHBACK-PREFL-01	MEDIUM	Pre-facelift 5-door hatchback branch.	READY
15475_facelift	15475	Hatchback	Laguna II		5	EU-RENAULT-LAGUNA-II-HATCHBACK-FACELIFT-01	MEDIUM	Facelift 5-door hatchback branch.	READY
18893	18893	Wagon	Laguna II		5	EU-RENAULT-LAGUNA-II-WAGON-01	HIGH	Grandtour 5-door wagon outer dimensions.	READY
15477	15477	Wagon	Laguna II		5	EU-RENAULT-LAGUNA-II-WAGON-01	HIGH	Grandtour 5-door wagon outer dimensions.	READY
18682	18682	Wagon	Laguna II		5	EU-RENAULT-LAGUNA-II-WAGON-01	HIGH	Grandtour 5-door wagon outer dimensions.	READY
15478	15478	Wagon	Laguna II		5	EU-RENAULT-LAGUNA-II-WAGON-01	HIGH	Grandtour 5-door wagon outer dimensions.	READY
15480	15480	Wagon	Laguna II		5	EU-RENAULT-LAGUNA-II-WAGON-01	HIGH	Grandtour 5-door wagon outer dimensions.	READY
15774	15774	Wagon	Laguna II		5	EU-RENAULT-LAGUNA-II-WAGON-01	HIGH	Grandtour 5-door wagon outer dimensions.	READY
16583	16583	Wagon	Laguna II		5	EU-RENAULT-LAGUNA-II-WAGON-01	HIGH	Grandtour 5-door wagon outer dimensions.	READY
18213	18213	Wagon	Laguna II		5	EU-RENAULT-LAGUNA-II-WAGON-01	HIGH	Grandtour 5-door wagon outer dimensions.	READY
18583	18583	Wagon	Laguna II		5	EU-RENAULT-LAGUNA-II-WAGON-01	HIGH	Grandtour 5-door wagon outer dimensions.	READY
18646	18646	Wagon	Laguna II		5	EU-RENAULT-LAGUNA-II-WAGON-01	HIGH	Grandtour 5-door wagon outer dimensions.	READY
54572	54572	Wagon	Laguna II		5	EU-RENAULT-LAGUNA-II-WAGON-01	HIGH	Grandtour 5-door wagon outer dimensions.	READY
58572	58572	Wagon	Laguna II		5	EU-RENAULT-LAGUNA-II-WAGON-01	HIGH	Grandtour 5-door wagon outer dimensions.	READY
58610	58610	Wagon	Laguna II		5	EU-RENAULT-LAGUNA-II-WAGON-01	HIGH	Grandtour 5-door wagon outer dimensions.	READY
17185	17185	Wagon	Laguna II		5	EU-RENAULT-LAGUNA-II-WAGON-01	HIGH	Grandtour 5-door wagon outer dimensions.	READY
18581	18581	Wagon	Laguna II		5	EU-RENAULT-LAGUNA-II-WAGON-01	HIGH	Grandtour 5-door wagon outer dimensions.	READY
18582	18582	Wagon	Laguna II		5	EU-RENAULT-LAGUNA-II-WAGON-01	HIGH	Grandtour 5-door wagon outer dimensions.	READY
58606	58606	Wagon	Laguna II		5	EU-RENAULT-LAGUNA-II-WAGON-01	HIGH	Grandtour 5-door wagon outer dimensions.	READY
15773	15773	Wagon	Laguna II		5	EU-RENAULT-LAGUNA-II-WAGON-01	HIGH	Grandtour 5-door wagon outer dimensions.	READY
17186	17186	Wagon	Laguna II		5	EU-RENAULT-LAGUNA-II-WAGON-01	HIGH	Grandtour 5-door wagon outer dimensions.	READY
19044	19044	Wagon	Laguna II		5	EU-RENAULT-LAGUNA-II-WAGON-01	HIGH	Grandtour 5-door wagon outer dimensions.	READY
15775	15775	Wagon	Laguna II		5	EU-RENAULT-LAGUNA-II-WAGON-01	HIGH	Grandtour 5-door wagon outer dimensions.	READY
18645	18645	Wagon	Laguna II		5	EU-RENAULT-LAGUNA-II-WAGON-01	HIGH	Grandtour 5-door wagon outer dimensions.	READY
15479	15479	Wagon	Laguna II		5	EU-RENAULT-LAGUNA-II-WAGON-01	HIGH	Grandtour 5-door wagon outer dimensions.	READY
34751	34751	Hatchback	Laguna III	B91	5	EU-RENAULT-LAGUNA-III-HATCHBACK-01	HIGH	Five-door hatchback body.	READY
34750	34750	Wagon	Laguna III	K91	5	EU-RENAULT-LAGUNA-III-WAGON-01	HIGH	Grandtour five-door wagon body.	READY
59354	59354	Sedan	Latitude I	L43	4	EU-RENAULT-LATITUDE-I-SEDAN-01	HIGH	Four-door Latitude sedan body.	READY
144148	144148	Sedan	Latitude I	L43	4	EU-RENAULT-LATITUDE-I-SEDAN-01	HIGH	Four-door Latitude sedan body.	READY
34739	34739	Sedan	Latitude I	L43	4	EU-RENAULT-LATITUDE-I-SEDAN-01	HIGH	Four-door Latitude sedan body.	READY
12788	12788	Sedan	Latitude I	L43	4	EU-RENAULT-LATITUDE-I-SEDAN-01	HIGH	Four-door Latitude sedan body.	READY
124878	124878	Sedan	Latitude I	L43	4	EU-RENAULT-LATITUDE-I-SEDAN-01	HIGH	Four-door Latitude sedan body.	READY
34740	34740	Sedan	Latitude I	L43	4	EU-RENAULT-LATITUDE-I-SEDAN-01	HIGH	Four-door Latitude sedan body.	READY
145633	145633	Wagon	Logan II	K8	5	EU-RENAULT-LOGAN-II-WAGON-PREFL-01	MEDIUM	Second-generation five-door wagon body.	READY
107938_prefl	107938	Sedan	Logan I	L90	4	EU-RENAULT-LOGAN-I-SEDAN-PREFL-01	MEDIUM	Pre-facelift four-door sedan branch.	READY
107938_facelift	107938	Sedan	Logan I	L90	4	EU-RENAULT-LOGAN-I-SEDAN-FACELIFT-01	MEDIUM	Facelift four-door sedan branch.	READY
107940	107940	Wagon	Logan I	K90	5	EU-RENAULT-LOGAN-I-WAGON-FACELIFT-01	MEDIUM	Facelift MCV five-door wagon body.	READY
107937	107937	Sedan	Logan II	L8	4	EU-RENAULT-LOGAN-II-SEDAN-PREFL-01	MEDIUM	Second-generation four-door sedan body.	READY
110731	110731	Sedan	Logan II	L8	4	EU-RENAULT-LOGAN-II-SEDAN-PREFL-01	MEDIUM	Second-generation four-door sedan body.	READY
13899	13899	Pickup	Master I		2	EU-RENAULT-MASTER-I-CHASSIS-CAB-MWB-H1-01	LOW	通用平台/底盘Ktype；按标准中轴低顶驾驶室外廓闭合，驱动形式不另拆分。	READY
13920	13920	Pickup	Master I		2	EU-RENAULT-MASTER-I-CHASSIS-CAB-MWB-H1-01	LOW	通用平台/底盘Ktype；按标准中轴低顶驾驶室外廓闭合，驱动形式不另拆分。	READY
13900	13900	Pickup	Master I		2	EU-RENAULT-MASTER-I-CHASSIS-CAB-MWB-H1-01	LOW	通用平台/底盘Ktype；按标准中轴低顶驾驶室外廓闭合，驱动形式不另拆分。	READY
16491	16491	MPV	Master II			EU-RENAULT-MASTER-II-VAN-L1H1-01	MEDIUM	JD0P/JD1P代码族，L1H1客车外廓。	READY
16492	16492	Van	Master II	FD0P		EU-RENAULT-MASTER-II-VAN-L1H1-01	HIGH	L1H1短轴低顶封闭式厢式车。	READY
15709	15709	MPV	Master II			EU-RENAULT-MASTER-II-VAN-L1H1-01	MEDIUM	JD0L/JD1L代码族，L1H1客车外廓。	READY
15710	15710	Van	Master II	FD0L		EU-RENAULT-MASTER-II-VAN-L1H1-01	HIGH	L1H1短轴低顶封闭式厢式车。	READY
15603	15603	MPV	Master II			EU-RENAULT-MASTER-II-VAN-L2H2-01	MEDIUM	JD0G/JD0N/JD1N代码族，L2H2客车外廓。	READY
10268	10268	MPV	Master II			EU-RENAULT-MASTER-II-VAN-L1H1-01	MEDIUM	L1H1客车外廓。	READY
18001	18001	MPV	Master II	JD1W		EU-RENAULT-MASTER-II-VAN-L2H2-01	MEDIUM	L2H2客车外廓。	READY
10269	10269	MPV	Master II			EU-RENAULT-MASTER-II-VAN-L1H1-01	MEDIUM	L1H1客车外廓。	READY
18000	18000	Van	Master II	FD0S		EU-RENAULT-MASTER-II-VAN-L1H1-01	MEDIUM	L1H1前驱封闭式厢式车。	READY
18002	18002	MPV	Master II	JD0T		EU-RENAULT-MASTER-II-VAN-L1H1-01	MEDIUM	L1H1客车外廓。	READY
15031	15031	Van	Master III	FV0B		EU-RENAULT-MASTER-III-VAN-RWD-L3H2-SRW-PRE2019-01	MEDIUM	L3H2后轮驱动单后轮封闭式厢式车。	READY
11037_l1h1	11037	MPV	Master III	X62		EU-RENAULT-MASTER-III-VAN-FWD-L1H1-PRE2019-01	MEDIUM	L1H1 front-wheel-drive passenger-body branch.	READY
11037_l2h2	11037	MPV	Master III	X62		EU-RENAULT-MASTER-III-VAN-FWD-L2H2-PRE2019-01	MEDIUM	L2H2 front-wheel-drive passenger-body branch.	READY
108150_l1h1_pre2019	108150	Van	Master III	X62		EU-RENAULT-MASTER-III-VAN-FWD-L1H1-PRE2019-01	MEDIUM	L1H1 FWD panel-van branch before the 2019 facelift.	READY
108150_l1h1_facelift2019	108150	Van	Master III	X62		EU-RENAULT-MASTER-III-VAN-FWD-L1H1-FACELIFT2019-01	MEDIUM	L1H1 FWD panel-van branch from the 2019 facelift.	READY
108150_l1h2_pre2019	108150	Van	Master III	X62		EU-RENAULT-MASTER-III-VAN-FWD-L1H2-PRE2019-01	MEDIUM	L1H2 FWD panel-van branch before the 2019 facelift.	READY
108150_l1h2_facelift2019	108150	Van	Master III	X62		EU-RENAULT-MASTER-III-VAN-FWD-L1H2-FACELIFT2019-01	MEDIUM	L1H2 FWD panel-van branch from the 2019 facelift.	READY
108150_l2h2_pre2019	108150	Van	Master III	X62		EU-RENAULT-MASTER-III-VAN-FWD-L2H2-PRE2019-01	MEDIUM	L2H2 FWD panel-van branch before the 2019 facelift.	READY
108150_l2h2_facelift2019	108150	Van	Master III	X62		EU-RENAULT-MASTER-III-VAN-FWD-L2H2-FACELIFT2019-01	MEDIUM	L2H2 FWD panel-van branch from the 2019 facelift.	READY
108150_l2h3_pre2019	108150	Van	Master III	X62		EU-RENAULT-MASTER-III-VAN-FWD-L2H3-PRE2019-01	MEDIUM	L2H3 FWD panel-van branch before the 2019 facelift.	READY
108150_l2h3_facelift2019	108150	Van	Master III	X62		EU-RENAULT-MASTER-III-VAN-FWD-L2H3-FACELIFT2019-01	MEDIUM	L2H3 FWD panel-van branch from the 2019 facelift.	READY
108150_l3h2_pre2019	108150	Van	Master III	X62		EU-RENAULT-MASTER-III-VAN-FWD-L3H2-PRE2019-01	MEDIUM	L3H2 FWD panel-van branch before the 2019 facelift.	READY
108150_l3h2_facelift2019	108150	Van	Master III	X62		EU-RENAULT-MASTER-III-VAN-FWD-L3H2-FACELIFT2019-01	MEDIUM	L3H2 FWD panel-van branch from the 2019 facelift.	READY
108150_l3h3_pre2019	108150	Van	Master III	X62		EU-RENAULT-MASTER-III-VAN-FWD-L3H3-PRE2019-01	MEDIUM	L3H3 FWD panel-van branch before the 2019 facelift.	READY
108150_l3h3_facelift2019	108150	Van	Master III	X62		EU-RENAULT-MASTER-III-VAN-FWD-L3H3-FACELIFT2019-01	MEDIUM	L3H3 FWD panel-van branch from the 2019 facelift.	READY
108167_l1h1_pre2019	108167	MPV	Master III	X62		EU-RENAULT-MASTER-III-VAN-FWD-L1H1-PRE2019-01	MEDIUM	L1H1 FWD passenger-body branch before the 2019 facelift.	READY
108167_l1h1_facelift2019	108167	MPV	Master III	X62		EU-RENAULT-MASTER-III-VAN-FWD-L1H1-FACELIFT2019-01	MEDIUM	L1H1 FWD passenger-body branch from the 2019 facelift.	READY
108167_l2h2_pre2019	108167	MPV	Master III	X62		EU-RENAULT-MASTER-III-VAN-FWD-L2H2-PRE2019-01	MEDIUM	L2H2 FWD passenger-body branch before the 2019 facelift.	READY
108167_l2h2_facelift2019	108167	MPV	Master III	X62		EU-RENAULT-MASTER-III-VAN-FWD-L2H2-FACELIFT2019-01	MEDIUM	L2H2 FWD passenger-body branch from the 2019 facelift.	READY
802206_l3h2_srw	802206	Van	Master III	X62		EU-RENAULT-MASTER-III-VAN-4X4-L3H2-SRW-PRE2019-01	MEDIUM	L3H2四驱单后轮封闭式厢式车。	READY
802206_l3h2_drw	802206	Van	Master III	X62		EU-RENAULT-MASTER-III-VAN-4X4-L3H2-DRW-PRE2019-01	MEDIUM	L3H2四驱双后轮封闭式厢式车。	READY
802206_l3h3_srw	802206	Van	Master III	X62		EU-RENAULT-MASTER-III-VAN-4X4-L3H3-SRW-PRE2019-01	MEDIUM	L3H3四驱单后轮封闭式厢式车。	READY
802206_l3h3_drw	802206	Van	Master III	X62		EU-RENAULT-MASTER-III-VAN-4X4-L3H3-DRW-PRE2019-01	MEDIUM	L3H3四驱双后轮封闭式厢式车。	READY
802206_l4h2_drw	802206	Van	Master III	X62		EU-RENAULT-MASTER-III-VAN-4X4-L4H2-DRW-PRE2019-01	MEDIUM	L4H2四驱双后轮封闭式厢式车。	READY
802206_l4h3_drw	802206	Van	Master III	X62		EU-RENAULT-MASTER-III-VAN-4X4-L4H3-DRW-PRE2019-01	MEDIUM	L4H3四驱双后轮封闭式厢式车。	READY
802207_single_l2_srw	802207	Pickup	Master III	X62		EU-RENAULT-MASTER-III-CHASSIS-CAB-4X4-SINGLE-L2-SRW-PRE2019-01	MEDIUM	L2四驱单排驾驶室单后轮底盘车。	READY
802207_single_l2_drw	802207	Pickup	Master III	X62		EU-RENAULT-MASTER-III-CHASSIS-CAB-4X4-SINGLE-L2-DRW-PRE2019-01	MEDIUM	L2四驱单排驾驶室双后轮底盘车。	READY
802207_single_l3_srw	802207	Pickup	Master III	X62		EU-RENAULT-MASTER-III-CHASSIS-CAB-4X4-SINGLE-L3-SRW-PRE2019-01	MEDIUM	L3四驱单排驾驶室单后轮底盘车。	READY
802207_single_l3_drw	802207	Pickup	Master III	X62		EU-RENAULT-MASTER-III-CHASSIS-CAB-4X4-SINGLE-L3-DRW-PRE2019-01	MEDIUM	L3四驱单排驾驶室双后轮底盘车。	READY
802207_single_l4_drw	802207	Pickup	Master III	X62		EU-RENAULT-MASTER-III-CHASSIS-CAB-4X4-SINGLE-L4-DRW-PRE2019-01	MEDIUM	L4四驱单排驾驶室双后轮底盘车。	READY
802207_double_l2_srw	802207	Pickup	Master III	X62		EU-RENAULT-MASTER-III-CHASSIS-CAB-4X4-DOUBLE-L2-SRW-PRE2019-01	MEDIUM	L2四驱双排驾驶室单后轮底盘车。	READY
802207_double_l3_srw	802207	Pickup	Master III	X62		EU-RENAULT-MASTER-III-CHASSIS-CAB-4X4-DOUBLE-L3-SRW-PRE2019-01	MEDIUM	L3四驱双排驾驶室单后轮底盘车。	READY
802207_double_l3_drw	802207	Pickup	Master III	X62		EU-RENAULT-MASTER-III-CHASSIS-CAB-4X4-DOUBLE-L3-DRW-PRE2019-01	MEDIUM	L3四驱双排驾驶室双后轮底盘车。	READY
802207_double_l4_drw	802207	Pickup	Master III	X62		EU-RENAULT-MASTER-III-CHASSIS-CAB-4X4-DOUBLE-L4-DRW-PRE2019-01	MEDIUM	L4四驱双排驾驶室双后轮底盘车。	READY
108176_single_l2_pre2019	108176	Pickup	Master III	X62	2	EU-RENAULT-MASTER-III-CHASSIS-CAB-FWD-SINGLE-L2-PRE2019-01	MEDIUM	L2前驱单排驾驶室，2019外形变更前。	READY
108176_single_l2_facelift2019	108176	Pickup	Master III	X62	2	EU-RENAULT-MASTER-III-CHASSIS-CAB-FWD-SINGLE-L2-FACELIFT2019-01	MEDIUM	L2前驱单排驾驶室，2019外形变更后。	READY
108176_single_l3_pre2019	108176	Pickup	Master III	X62	2	EU-RENAULT-MASTER-III-CHASSIS-CAB-FWD-SINGLE-L3-PRE2019-01	MEDIUM	L3前驱单排驾驶室，2019外形变更前。	READY
108176_single_l3_facelift2019	108176	Pickup	Master III	X62	2	EU-RENAULT-MASTER-III-CHASSIS-CAB-FWD-SINGLE-L3-FACELIFT2019-01	MEDIUM	L3前驱单排驾驶室，2019外形变更后。	READY
108176_double_l2_pre2019	108176	Pickup	Master III	X62	4	EU-RENAULT-MASTER-III-CHASSIS-CAB-FWD-DOUBLE-L2-PRE2019-01	MEDIUM	L2前驱双排驾驶室，2019外形变更前。	READY
108176_double_l2_facelift2019	108176	Pickup	Master III	X62	4	EU-RENAULT-MASTER-III-CHASSIS-CAB-FWD-DOUBLE-L2-FACELIFT2019-01	MEDIUM	L2前驱双排驾驶室，2019外形变更后。	READY
108176_double_l3_pre2019	108176	Pickup	Master III	X62	4	EU-RENAULT-MASTER-III-CHASSIS-CAB-FWD-DOUBLE-L3-PRE2019-01	MEDIUM	L3前驱双排驾驶室，2019外形变更前。	READY
108176_double_l3_facelift2019	108176	Pickup	Master III	X62	4	EU-RENAULT-MASTER-III-CHASSIS-CAB-FWD-DOUBLE-L3-FACELIFT2019-01	MEDIUM	L3前驱双排驾驶室，2019外形变更后。	READY
15026_single_l2_srw	15026	Pickup	Master III	HV0B	2	EU-RENAULT-MASTER-III-CHASSIS-CAB-RWD-SINGLE-L2-PRE2019-01	MEDIUM	L2后驱单排驾驶室，单后轮。	READY
15026_single_l2_drw	15026	Pickup	Master III	HV0B	2	EU-RENAULT-MASTER-III-CHASSIS-CAB-RWD-SINGLE-L2-PRE2019-01	MEDIUM	L2后驱单排驾驶室，双后轮；外廓与L2单后轮相同。	READY
15026_single_l3_srw	15026	Pickup	Master III	HV0B	2	EU-RENAULT-MASTER-III-CHASSIS-CAB-RWD-SINGLE-L3-SRW-PRE2019-01	MEDIUM	L3后驱单排驾驶室，单后轮。	READY
15026_single_l3_drw	15026	Pickup	Master III	HV0B	2	EU-RENAULT-MASTER-III-CHASSIS-CAB-RWD-SINGLE-L3-DRW-PRE2019-01	MEDIUM	L3后驱单排驾驶室，双后轮。	READY
15026_single_l4_drw	15026	Pickup	Master III	HV0B	2	EU-RENAULT-MASTER-III-CHASSIS-CAB-RWD-SINGLE-L4-DRW-PRE2019-01	MEDIUM	L4后驱单排驾驶室，双后轮。	READY
15026_double_l2_srw	15026	Pickup	Master III	UV0B	4	EU-RENAULT-MASTER-III-CHASSIS-CAB-RWD-DOUBLE-L2-SRW-PRE2019-01	MEDIUM	L2后驱双排驾驶室，单后轮。	READY
15026_double_l3_srw	15026	Pickup	Master III	UV0B	4	EU-RENAULT-MASTER-III-CHASSIS-CAB-RWD-DOUBLE-L3-SRW-PRE2019-01	MEDIUM	L3后驱双排驾驶室，单后轮。	READY
15026_double_l3_drw	15026	Pickup	Master III	UV0B	4	EU-RENAULT-MASTER-III-CHASSIS-CAB-RWD-DOUBLE-L3-DRW-PRE2019-01	MEDIUM	L3后驱双排驾驶室，双后轮。	READY
15026_double_l4_drw	15026	Pickup	Master III	UV0B	4	EU-RENAULT-MASTER-III-CHASSIS-CAB-RWD-DOUBLE-L4-DRW-PRE2019-01	MEDIUM	L4后驱双排驾驶室，双后轮。	READY
108176_platform_l2h1_pre2019	108176	Pickup	Master III			EU-RENAULT-MASTER-III-PLATFORM-CAB-FWD-L2H1-PRE2019-01	MEDIUM	L2H1前驱平台驾驶室，2019外形变更前。	READY
108176_platform_l2h2_pre2019	108176	Pickup	Master III			EU-RENAULT-MASTER-III-PLATFORM-CAB-FWD-L2H2-PRE2019-01	MEDIUM	L2H2前驱平台驾驶室，2019外形变更前。	READY
108176_platform_l3h1_pre2019	108176	Pickup	Master III			EU-RENAULT-MASTER-III-PLATFORM-CAB-FWD-L3H1-PRE2019-01	MEDIUM	L3H1前驱平台驾驶室，2019外形变更前。	READY
108176_platform_l3h2_pre2019	108176	Pickup	Master III			EU-RENAULT-MASTER-III-PLATFORM-CAB-FWD-L3H2-PRE2019-01	MEDIUM	L3H2前驱平台驾驶室，2019外形变更前。	READY
108176_platform_l2h1_facelift2019	108176	Pickup	Master III			EU-RENAULT-MASTER-III-PLATFORM-CAB-FWD-L2H1-FACELIFT2019-01	MEDIUM	L2H1前驱平台驾驶室，2019外形变更后。	READY
108176_platform_l2h2_facelift2019	108176	Pickup	Master III			EU-RENAULT-MASTER-III-PLATFORM-CAB-FWD-L2H2-FACELIFT2019-01	MEDIUM	L2H2前驱平台驾驶室，2019外形变更后。	READY
108176_platform_l3h1_facelift2019	108176	Pickup	Master III			EU-RENAULT-MASTER-III-PLATFORM-CAB-FWD-L3H1-FACELIFT2019-01	MEDIUM	L3H1前驱平台驾驶室，2019外形变更后。	READY
108176_platform_l3h2_facelift2019	108176	Pickup	Master III			EU-RENAULT-MASTER-III-PLATFORM-CAB-FWD-L3H2-FACELIFT2019-01	MEDIUM	L3H2前驱平台驾驶室，2019外形变更后。	READY
15604_l1h1	15604	Van	Master II			EU-RENAULT-MASTER-II-VAN-L1H1-01	MEDIUM	FD0G/FD0N代码族中的L1H1封闭车身分支。	READY
15604_l2h2	15604	Van	Master II			EU-RENAULT-MASTER-II-VAN-L2H2-01	MEDIUM	FD2G/FD2N代码族中的L2H2封闭车身分支。	READY
15604_l3h2	15604	Van	Master II			EU-RENAULT-MASTER-II-VAN-L3H2-01	MEDIUM	FD3G/FD3N代码族中的L3H2封闭车身分支。	READY
10081_l1h1	10081	Van	Master II			EU-RENAULT-MASTER-II-VAN-L1H1-01	MEDIUM	L1H1封闭式厢式车分支。	READY
10081_l2h2	10081	Van	Master II	FD2E		EU-RENAULT-MASTER-II-VAN-L2H2-01	MEDIUM	L2H2封闭式厢式车分支。	READY
10081_l3h2	10081	Van	Master II	FD3E		EU-RENAULT-MASTER-II-VAN-L3H2-01	MEDIUM	L3H2封闭式厢式车分支。	READY
10082_l1h1	10082	Van	Master II			EU-RENAULT-MASTER-II-VAN-L1H1-01	MEDIUM	L1H1封闭式厢式车分支。	READY
10082_l2h2	10082	Van	Master II			EU-RENAULT-MASTER-II-VAN-L2H2-01	MEDIUM	L2H2封闭式厢式车分支。	READY
10082_l3h2	10082	Van	Master II			EU-RENAULT-MASTER-II-VAN-L3H2-01	MEDIUM	L3H2封闭式厢式车分支。	READY
16488_l1h1	16488	MPV	Master II			EU-RENAULT-MASTER-II-VAN-L1H1-01	MEDIUM	L1H1客车外廓。	READY
16488_l2h2	16488	MPV	Master II			EU-RENAULT-MASTER-II-VAN-L2H2-01	MEDIUM	L2H2客车外廓。	READY
16489_l1h1	16489	Van	Master II			EU-RENAULT-MASTER-II-VAN-L1H1-01	MEDIUM	L1H1封闭式厢式车分支。	READY
16489_l2h2	16489	Van	Master II			EU-RENAULT-MASTER-II-VAN-L2H2-01	MEDIUM	L2H2封闭式厢式车分支。	READY
16489_l3h2	16489	Van	Master II			EU-RENAULT-MASTER-II-VAN-L3H2-01	MEDIUM	L3H2封闭式厢式车分支。	READY
17999_l1h1	17999	Van	Master II	FD0U		EU-RENAULT-MASTER-II-VAN-L1H1-01	MEDIUM	FD0U/FD0V短轴低顶分支。	READY
17999_l3h2	17999	Van	Master II			EU-RENAULT-MASTER-II-VAN-L3H2-01	MEDIUM	FD3U/FD3V长轴中顶分支。	READY
17999_fd8	17999	Van	Master II			EU-RENAULT-MASTER-II-VAN-L3H2-01	MEDIUM	FD8代码族的L3H2封闭式厢式车分支。	READY
17998_mwb_single	17998	Pickup	Master II	ED4V	2	EU-RENAULT-MASTER-II-CHASSIS-CAB-MWB-SINGLE-01	MEDIUM	ED4V中轴单排驾驶室分支。	READY
17998_lwb_single	17998	Pickup	Master II	ED8V	2	EU-RENAULT-MASTER-II-CHASSIS-CAB-LWB-SINGLE-01	MEDIUM	ED8V长轴单排驾驶室分支。	READY
17997_lwb_single	17997	Pickup	Master II	ED0S	2	EU-RENAULT-MASTER-II-CHASSIS-CAB-LWB-SINGLE-01	MEDIUM	LWB单排底盘驾驶室。	READY
17997_lwb_double	17997	Pickup	Master II	UD0S	4	EU-RENAULT-MASTER-II-CHASSIS-CAB-LWB-DOUBLE-01	MEDIUM	LWB双排底盘驾驶室。	READY
15605_mwb_single	15605	Pickup	Master II		2	EU-RENAULT-MASTER-II-CHASSIS-CAB-MWB-SINGLE-01	MEDIUM	L2中轴单排底盘驾驶室。	READY
15605_lwb_single	15605	Pickup	Master II		2	EU-RENAULT-MASTER-II-CHASSIS-CAB-LWB-SINGLE-01	MEDIUM	L3长轴单排底盘驾驶室。	READY
15605_lwb_double	15605	Pickup	Master II		4	EU-RENAULT-MASTER-II-CHASSIS-CAB-LWB-DOUBLE-01	MEDIUM	L3长轴双排底盘驾驶室。	READY
16490_mwb_single	16490	Pickup	Master II		2	EU-RENAULT-MASTER-II-CHASSIS-CAB-MWB-SINGLE-01	MEDIUM	中轴单排底盘驾驶室。	READY
16490_lwb_single	16490	Pickup	Master II		2	EU-RENAULT-MASTER-II-CHASSIS-CAB-LWB-SINGLE-01	MEDIUM	长轴单排底盘驾驶室。	READY
16490_lwb_double	16490	Pickup	Master II		4	EU-RENAULT-MASTER-II-CHASSIS-CAB-LWB-DOUBLE-01	MEDIUM	长轴双排底盘驾驶室。	READY
13410_l1h1	13410	Van	Master I			EU-RENAULT-MASTER-I-VAN-L1H1-01	MEDIUM	L1H1封闭式厢式车分支。	READY
13410_l1h2	13410	Van	Master I			EU-RENAULT-MASTER-I-VAN-L1H2-01	MEDIUM	L1H2封闭式厢式车分支。	READY
13410_l2h1	13410	Van	Master I			EU-RENAULT-MASTER-I-VAN-L2H1-01	MEDIUM	L2H1封闭式厢式车分支。	READY
13410_l2h2	13410	Van	Master I			EU-RENAULT-MASTER-I-VAN-L2H2-01	MEDIUM	L2H2封闭式厢式车分支。	READY
13410_l3h2	13410	Van	Master I			EU-RENAULT-MASTER-I-VAN-L3H2-01	MEDIUM	L3H2封闭式厢式车分支。	READY
13421_l1h1	13421	Van	Master I			EU-RENAULT-MASTER-I-VAN-L1H1-01	MEDIUM	L1H1封闭式厢式车分支。	READY
13421_l1h2	13421	Van	Master I			EU-RENAULT-MASTER-I-VAN-L1H2-01	MEDIUM	L1H2封闭式厢式车分支。	READY
13421_l2h1	13421	Van	Master I			EU-RENAULT-MASTER-I-VAN-L2H1-01	MEDIUM	L2H1封闭式厢式车分支。	READY
13421_l2h2	13421	Van	Master I			EU-RENAULT-MASTER-I-VAN-L2H2-01	MEDIUM	L2H2封闭式厢式车分支。	READY
13421_l3h2	13421	Van	Master I			EU-RENAULT-MASTER-I-VAN-L3H2-01	MEDIUM	L3H2封闭式厢式车分支。	READY
13922_l1h1	13922	MPV	Master I			EU-RENAULT-MASTER-I-VAN-L1H1-01	MEDIUM	L1H1封闭式客车分支。	READY
13922_l1h2	13922	MPV	Master I			EU-RENAULT-MASTER-I-VAN-L1H2-01	MEDIUM	L1H2封闭式客车分支。	READY
13922_l2h1	13922	MPV	Master I			EU-RENAULT-MASTER-I-VAN-L2H1-01	MEDIUM	L2H1封闭式客车分支。	READY
13922_l2h2	13922	MPV	Master I			EU-RENAULT-MASTER-I-VAN-L2H2-01	MEDIUM	L2H2封闭式客车分支。	READY
13922_l3h2	13922	MPV	Master I			EU-RENAULT-MASTER-I-VAN-L3H2-01	MEDIUM	L3H2封闭式客车分支。	READY
13413_l1h1	13413	MPV	Master I			EU-RENAULT-MASTER-I-VAN-L1H1-01	MEDIUM	L1H1前驱客车分支。	READY
13413_l1h2	13413	MPV	Master I			EU-RENAULT-MASTER-I-VAN-L1H2-01	MEDIUM	L1H2前驱客车分支。	READY
13413_l2h1	13413	MPV	Master I			EU-RENAULT-MASTER-I-VAN-L2H1-01	MEDIUM	L2H1前驱客车分支。	READY
13413_l2h2	13413	MPV	Master I			EU-RENAULT-MASTER-I-VAN-L2H2-01	MEDIUM	L2H2前驱客车分支。	READY
13413_l3h2	13413	MPV	Master I			EU-RENAULT-MASTER-I-VAN-L3H2-01	MEDIUM	L3H2前驱客车分支。	READY
13414_l1h1	13414	MPV	Master I			EU-RENAULT-MASTER-I-VAN-L1H1-01	MEDIUM	L1H1前驱客车分支。	READY
13414_l1h2	13414	MPV	Master I			EU-RENAULT-MASTER-I-VAN-L1H2-01	MEDIUM	L1H2前驱客车分支。	READY
13414_l2h1	13414	MPV	Master I			EU-RENAULT-MASTER-I-VAN-L2H1-01	MEDIUM	L2H1前驱客车分支。	READY
13414_l2h2	13414	MPV	Master I			EU-RENAULT-MASTER-I-VAN-L2H2-01	MEDIUM	L2H2前驱客车分支。	READY
13414_l3h2	13414	MPV	Master I			EU-RENAULT-MASTER-I-VAN-L3H2-01	MEDIUM	L3H2前驱客车分支。	READY
13415_l1h1	13415	Van	Master I			EU-RENAULT-MASTER-I-VAN-L1H1-01	MEDIUM	L1H1前驱封闭式厢式车分支。	READY
13415_l1h2	13415	Van	Master I			EU-RENAULT-MASTER-I-VAN-L1H2-01	MEDIUM	L1H2前驱封闭式厢式车分支。	READY
13415_l2h1	13415	Van	Master I			EU-RENAULT-MASTER-I-VAN-L2H1-01	MEDIUM	L2H1前驱封闭式厢式车分支。	READY
13415_l2h2	13415	Van	Master I			EU-RENAULT-MASTER-I-VAN-L2H2-01	MEDIUM	L2H2前驱封闭式厢式车分支。	READY
13415_l3h2	13415	Van	Master I			EU-RENAULT-MASTER-I-VAN-L3H2-01	MEDIUM	L3H2前驱封闭式厢式车分支。	READY
13919_l1h1	13919	Van	Master I			EU-RENAULT-MASTER-I-VAN-L1H1-01	MEDIUM	L1H1前驱封闭式厢式车分支。	READY
13919_l1h2	13919	Van	Master I			EU-RENAULT-MASTER-I-VAN-L1H2-01	MEDIUM	L1H2前驱封闭式厢式车分支。	READY
13919_l2h1	13919	Van	Master I			EU-RENAULT-MASTER-I-VAN-L2H1-01	MEDIUM	L2H1前驱封闭式厢式车分支。	READY
13919_l2h2	13919	Van	Master I			EU-RENAULT-MASTER-I-VAN-L2H2-01	MEDIUM	L2H2前驱封闭式厢式车分支。	READY
13919_l3h2	13919	Van	Master I			EU-RENAULT-MASTER-I-VAN-L3H2-01	MEDIUM	L3H2前驱封闭式厢式车分支。	READY
13921_l1h1	13921	MPV	Master I			EU-RENAULT-MASTER-I-VAN-L1H1-01	MEDIUM	L1H1前驱客车分支。	READY
13921_l1h2	13921	MPV	Master I			EU-RENAULT-MASTER-I-VAN-L1H2-01	MEDIUM	L1H2前驱客车分支。	READY
13921_l2h1	13921	MPV	Master I			EU-RENAULT-MASTER-I-VAN-L2H1-01	MEDIUM	L2H1前驱客车分支。	READY
13921_l2h2	13921	MPV	Master I			EU-RENAULT-MASTER-I-VAN-L2H2-01	MEDIUM	L2H2前驱客车分支。	READY
13921_l3h2	13921	MPV	Master I			EU-RENAULT-MASTER-I-VAN-L3H2-01	MEDIUM	L3H2前驱客车分支。	READY
13646_l1h1	13646	MPV	Master I			EU-RENAULT-MASTER-I-VAN-L1H1-01	MEDIUM	L1H1前驱客车分支。	READY
13646_l1h2	13646	MPV	Master I			EU-RENAULT-MASTER-I-VAN-L1H2-01	MEDIUM	L1H2前驱客车分支。	READY
13646_l2h1	13646	MPV	Master I			EU-RENAULT-MASTER-I-VAN-L2H1-01	MEDIUM	L2H1前驱客车分支。	READY
13646_l2h2	13646	MPV	Master I			EU-RENAULT-MASTER-I-VAN-L2H2-01	MEDIUM	L2H2前驱客车分支。	READY
13646_l3h2	13646	MPV	Master I			EU-RENAULT-MASTER-I-VAN-L3H2-01	MEDIUM	L3H2前驱客车分支。	READY
13923_l1h1	13923	MPV	Master I			EU-RENAULT-MASTER-I-VAN-L1H1-01	MEDIUM	L1H1前驱T35客车分支。	READY
13923_l1h2	13923	MPV	Master I			EU-RENAULT-MASTER-I-VAN-L1H2-01	MEDIUM	L1H2前驱T35客车分支。	READY
13923_l2h1	13923	MPV	Master I			EU-RENAULT-MASTER-I-VAN-L2H1-01	MEDIUM	L2H1前驱T35客车分支。	READY
13923_l2h2	13923	MPV	Master I			EU-RENAULT-MASTER-I-VAN-L2H2-01	MEDIUM	L2H2前驱T35客车分支。	READY
13923_l3h2	13923	MPV	Master I			EU-RENAULT-MASTER-I-VAN-L3H2-01	MEDIUM	L3H2前驱T35客车分支。	READY
10083_lwb_single_prefl	10083	Pickup	Master II		2	EU-RENAULT-MASTER-II-CHASSIS-CAB-LWB-SINGLE-PREFL-01	MEDIUM	改款前L3H1单排底盘驾驶室。	READY
10083_lwb_double_prefl	10083	Pickup	Master II		4	EU-RENAULT-MASTER-II-CHASSIS-CAB-LWB-DOUBLE-PREFL-01	MEDIUM	改款前L3H1双排底盘驾驶室。	READY
10084_ed0c	10084	Pickup	Master II	ED0C	2	EU-RENAULT-MASTER-II-CHASSIS-CAB-LWB-SINGLE-PREFL-01	HIGH	ED0C改款前L3H1单排底盘驾驶室。	READY
10084_lwb_double_prefl	10084	Pickup	Master II		4	EU-RENAULT-MASTER-II-CHASSIS-CAB-LWB-DOUBLE-PREFL-01	MEDIUM	改款前L3H1双排底盘驾驶室。	READY
10084_mwb_single_prefl	10084	Pickup	Master II		2	EU-RENAULT-MASTER-II-CHASSIS-CAB-MWB-SINGLE-PREFL-01	MEDIUM	改款前L2H1单排底盘驾驶室。	READY
15605_platform_h1	15605	Pickup	Master II		2	EU-RENAULT-MASTER-II-PLATFORM-CAB-MWB-H1-01	MEDIUM	中轴低顶平台驾驶室。	READY
15605_platform_h2	15605	Pickup	Master II		2	EU-RENAULT-MASTER-II-PLATFORM-CAB-MWB-H2-01	MEDIUM	中轴高顶平台驾驶室。	READY
16490_platform_h1	16490	Pickup	Master II		2	EU-RENAULT-MASTER-II-PLATFORM-CAB-MWB-H1-01	MEDIUM	中轴低顶平台驾驶室。	READY
16490_platform_h2	16490	Pickup	Master II		2	EU-RENAULT-MASTER-II-PLATFORM-CAB-MWB-H2-01	MEDIUM	中轴高顶平台驾驶室。	READY
10083_mwb_single_prefl	10083	Pickup	Master II		2	EU-RENAULT-MASTER-II-CHASSIS-CAB-MWB-SINGLE-PREFL-01	MEDIUM	改款前L2H1中轴单排底盘驾驶室。	READY
10083_mwb_double_prefl	10083	Pickup	Master II		4	EU-RENAULT-MASTER-II-CHASSIS-CAB-MWB-SINGLE-PREFL-01	MEDIUM	改款前L2H1中轴双排底盘驾驶室；外廓与中轴单排相同。	READY
10083_platform_h1	10083	Pickup	Master II		2	EU-RENAULT-MASTER-II-PLATFORM-CAB-MWB-H1-01	MEDIUM	中轴低顶平台驾驶室。	READY
10083_platform_h2	10083	Pickup	Master II		2	EU-RENAULT-MASTER-II-PLATFORM-CAB-MWB-H2-01	MEDIUM	中轴高顶平台驾驶室。	READY
15718	15718	Hatchback	E110	E110	5	EU-TOYOTA-COROLLA-E110-HATCHBACK-LIFTBACK-01	HIGH		READY
15565	15565	Hatchback	E110	E110	5	EU-TOYOTA-COROLLA-E110-HATCHBACK-LIFTBACK-01	HIGH		READY
15566	15566	Hatchback	E110	E110	5	EU-TOYOTA-COROLLA-E110-HATCHBACK-LIFTBACK-01	HIGH		READY
15567	15567	Wagon	E110	E110	5	EU-TOYOTA-COROLLA-E110-WAGON-STANDARD-01	HIGH		READY
16033	16033	Sedan	E110	E110	4	EU-TOYOTA-COROLLA-E110-SEDAN-STANDARD-01	HIGH		READY
17439	17439	Hatchback	E120/E130	E120/E130	5	EU-TOYOTA-COROLLA-E120-E130-HATCHBACK-STANDARD-01	HIGH		READY
17856	17856	Sedan	E120/E130	E120/E130	4	EU-TOYOTA-COROLLA-E120-E130-SEDAN-STANDARD-01	HIGH		READY
18041_prefl	18041	MPV	Corolla Verso AR10	AR10	5	EU-TOYOTA-COROLLA-AR10-MPV-PREFACELIFT-01	HIGH	Ktype spans Corolla Verso pre-facelift and facelift outer lengths; split by physical length.	READY
18041_facelift	18041	MPV	Corolla Verso AR10	AR10	5	EU-TOYOTA-COROLLA-AR10-MPV-FACELIFT-01	HIGH	Ktype spans Corolla Verso pre-facelift and facelift outer lengths; split by physical length.	READY
18220	18220	Wagon	E120/E130	E120/E130	5	EU-TOYOTA-COROLLA-E120-E130-WAGON-STANDARD-01	HIGH		READY
144564	144564	Hatchback	E210	E210	5	EU-TOYOTA-COROLLA-E210-HATCHBACK-STANDARD-01	HIGH		READY
144565	144565	Wagon	E210	E210	5	EU-TOYOTA-COROLLA-E210-WAGON-STANDARD-01	HIGH		READY
151825	151825	Hatchback	E210	E210	5	EU-TOYOTA-COROLLA-E210-HATCHBACK-STANDARD-01	HIGH		READY
151826	151826	Wagon	E210	E210	5	EU-TOYOTA-COROLLA-E210-WAGON-STANDARD-01	HIGH		READY
801665	801665	Wagon	E210	E210	5	EU-TOYOTA-COROLLA-E210-WAGON-STANDARD-01	HIGH		READY
801666	801666	Hatchback	E210	E210	5	EU-TOYOTA-COROLLA-E210-HATCHBACK-STANDARD-01	HIGH		READY
149658	149658	SUV	Corolla Cross I	XG10	5	EU-TOYOTA-COROLLA-CROSS-I-SUV-STANDARD-01	HIGH		READY
802015	802015	SUV	Corolla Cross I	XG10	5	EU-TOYOTA-COROLLA-CROSS-I-SUV-STANDARD-01	HIGH		READY
802818	802818	SUV	Corolla Cross I	XG10	5	EU-TOYOTA-COROLLA-CROSS-I-SUV-STANDARD-01	HIGH		READY
149659	149659	SUV	Corolla Cross I	XG10	5	EU-TOYOTA-COROLLA-CROSS-I-SUV-STANDARD-01	HIGH		READY
19068_prefl	19068	MPV	Corolla Verso AR10	AR10	5	EU-TOYOTA-COROLLA-AR10-MPV-PREFACELIFT-01	HIGH	Ktype spans Corolla Verso pre-facelift and facelift outer lengths; split by physical length.	READY
19068_facelift	19068	MPV	Corolla Verso AR10	AR10	5	EU-TOYOTA-COROLLA-AR10-MPV-FACELIFT-01	HIGH	Ktype spans Corolla Verso pre-facelift and facelift outer lengths; split by physical length.	READY
10741	10741	Wagon	T100/T120	RT118	5	EU-TOYOTA-CORONA-T100-WAGON-STANDARD-01	MEDIUM	Generic 2.0 wagon mapped to the standard 1977 wagon envelope.	READY
5058	5058	Sedan	X60	LX60	4	EU-TOYOTA-CRESSIDA-X60-SEDAN-STANDARD-01	HIGH		READY
59447	59447	Sedan	X70	LX71	4	EU-TOYOTA-CRESSIDA-X70-SEDAN-STANDARD-01	HIGH		READY
110599	110599	Wagon	X30	RX30	5	EU-TOYOTA-CRESSIDA-X30-WAGON-STANDARD-01	HIGH		READY
18850	18850	Pickup	IV			EU-TOYOTA-DYNA-IV-PICKUP-NARROW-STANDARD-01	MEDIUM	Standard narrow-cab representative envelope selected.	READY
18851	18851	Pickup	V			EU-TOYOTA-DYNA-V-PICKUP-NARROW-STANDARD-01	MEDIUM	Standard narrow-cab representative envelope selected.	READY
18852	18852	Pickup	V			EU-TOYOTA-DYNA-V-PICKUP-NARROW-STANDARD-01	MEDIUM	Standard narrow-cab representative envelope selected.	READY
18854	18854	MPV	IV	JU20		EU-TOYOTA-DYNA-IV-PICKUP-NARROW-STANDARD-01	MEDIUM	JU20 standard single-tire outer envelope selected.	READY
55605	55605	Pickup	Y50			EU-TOYOTA-DYNA-Y50-PICKUP-JUSTLOW-01	MEDIUM	Standard just-low representative envelope selected.	READY
125328	125328	Pickup	Y50			EU-TOYOTA-DYNA-Y50-PICKUP-JUSTLOW-01	MEDIUM	Standard just-low representative envelope selected.	READY
10664	10664	Pickup	U300/U400			EU-TOYOTA-DYNA-U300-PICKUP-NARROW-STANDARD-01	MEDIUM	Standard narrow-cab representative envelope selected.	READY
13887	13887	Pickup	U300/U400			EU-TOYOTA-DYNA-U300-PICKUP-NARROW-STANDARD-01	MEDIUM	Standard narrow-cab representative envelope selected.	READY
18853	18853	Pickup	V			EU-TOYOTA-DYNA-V-PICKUP-NARROW-STANDARD-01	MEDIUM	Standard narrow-cab representative envelope selected.	READY
18855	18855	MPV	V	BU82		EU-TOYOTA-DYNA-V-PICKUP-NARROW-STANDARD-01	HIGH		READY
11251	11251	Pickup	U400	XZU417/XZU423/XZU425/XZU427/XZU435	2	EU-TOYOTA-DYNA-U400-PICKUP-STANDARD-2WD-01	MEDIUM	Standard short-wheelbase cab-chassis branch selected.	READY
13888	13888	Pickup	U700	XZU675/XZU685/XZU695/XZU775	2	EU-TOYOTA-DYNA-U700-PICKUP-STANDARD-4WD-01	MEDIUM	Standard single-cab 4WD branch selected.	READY
59388	59388	Pickup	Y50			EU-TOYOTA-DYNA-Y50-PICKUP-JUSTLOW-01	MEDIUM	Standard just-low representative envelope selected.	READY
121636	121636	Pickup	Dyna 100	LY100/LY100R		EU-TOYOTA-DYNA-100-LY100-PICKUP-STANDARD-01	MEDIUM	Standard-deck branch selected.	READY
59460	59460	Pickup	Y50			EU-TOYOTA-DYNA-Y50-PICKUP-JUSTLOW-01	MEDIUM	Standard just-low representative envelope selected.	READY
59458	59458	Pickup	Y50			EU-TOYOTA-DYNA-Y50-PICKUP-JUSTLOW-01	MEDIUM	Standard just-low representative envelope selected.	READY
12252	12252	SUV	XJ10	GSJ15	5	EU-TOYOTA-FJ-CRUISER-XJ10-SUV-STANDARD-01	HIGH		READY
116366	116366	SUV	II	AN160	5	EU-TOYOTA-FORTUNER-II-SUV-STANDARD-01	HIGH		READY
147244	147244	Coupe	II	ZN8	2	EU-TOYOTA-GR86-ZN8-COUPE-STANDARD-01	HIGH		READY
15977	15977	Coupe	I	ZN6	2	EU-TOYOTA-GT86-ZN6-COUPE-STANDARD-01	HIGH		READY
11805	11805	MPV	V	H200		EU-TOYOTA-HIACE-H200-MPV-COMMUTER-01	HIGH	Commuter name identifies the super-long high-roof passenger branch.	READY
10764	10764	Van	II	H20/H30		EU-TOYOTA-HIACE-H20-VAN-STANDARD-01	MEDIUM	Standard van envelope selected.	READY
10742	10742	Van	II	H20/H30		EU-TOYOTA-HIACE-H20-VAN-STANDARD-01	MEDIUM	Standard van envelope selected.	READY
10743	10743	Van	II	H20/H30		EU-TOYOTA-HIACE-H20-VAN-STANDARD-01	MEDIUM	Standard van envelope selected.	READY
10765	10765	Van	III	H50/H60/H70		EU-TOYOTA-HIACE-H50-VAN-STANDARD-01	MEDIUM	Standard van envelope selected.	READY
10766	10766	Van	IV	H100		EU-TOYOTA-HIACE-H100-ONEBOX-STANDARD-01	MEDIUM	Standard H100 one-box envelope selected.	READY
34712	34712	Van	IV	H100		EU-TOYOTA-HIACE-H100-ONEBOX-STANDARD-01	MEDIUM	Standard H100 one-box envelope selected.	READY
14326	14326	MPV	IV	H100		EU-TOYOTA-HIACE-H100-ONEBOX-STANDARD-01	MEDIUM	Standard H100 one-box envelope selected.	READY
14327	14327	Van	IV	H100		EU-TOYOTA-HIACE-H100-ONEBOX-STANDARD-01	MEDIUM	Standard H100 one-box envelope selected.	READY
16556	16556	MPV	IV	H100		EU-TOYOTA-HIACE-H100-ONEBOX-STANDARD-01	MEDIUM	Standard H100 one-box envelope selected.	READY
14324	14324	Van	IV	H100		EU-TOYOTA-HIACE-H100-ONEBOX-STANDARD-01	MEDIUM	Standard H100 one-box envelope selected.	READY
14325	14325	MPV	IV	H100		EU-TOYOTA-HIACE-H100-ONEBOX-STANDARD-01	MEDIUM	Standard H100 one-box envelope selected.	READY
10768	10768	Van	IV	H100		EU-TOYOTA-HIACE-H100-ONEBOX-STANDARD-01	MEDIUM	Standard H100 one-box envelope selected.	READY
14436	14436	MPV	IV	H100		EU-TOYOTA-HIACE-H100-ONEBOX-STANDARD-01	MEDIUM	Standard H100 one-box envelope selected.	READY
18553	18553	MPV	III	LH51/LH61/LH66/LH71		EU-TOYOTA-HIACE-H50-VAN-STANDARD-01	MEDIUM	Standard H50/H60/H70 outer envelope selected.	READY
18554	18554	Van	IV	H100		EU-TOYOTA-HIACE-H100-ONEBOX-STANDARD-01	MEDIUM	Standard H100 one-box envelope selected.	READY
10779	10779	Van	IV	H100		EU-TOYOTA-HIACE-H100-ONEBOX-STANDARD-01	MEDIUM	Standard H100 one-box envelope selected.	READY
14328	14328	Van	IV	H100		EU-TOYOTA-HIACE-H100-ONEBOX-STANDARD-01	MEDIUM	Standard H100 one-box envelope selected.	READY
14329	14329	MPV	IV	H100		EU-TOYOTA-HIACE-H100-ONEBOX-STANDARD-01	MEDIUM	Standard H100 one-box envelope selected.	READY
16546	16546	MPV	IV	H100		EU-TOYOTA-HIACE-H100-ONEBOX-STANDARD-01	MEDIUM	Standard H100 one-box envelope selected.	READY
16547	16547	MPV	IV	H100		EU-TOYOTA-HIACE-H100-ONEBOX-STANDARD-01	MEDIUM	Standard H100 one-box envelope selected.	READY
16557	16557	Van	IV	H100		EU-TOYOTA-HIACE-H100-ONEBOX-STANDARD-01	MEDIUM	Standard H100 one-box envelope selected.	READY
16558	16558	Van	IV	H100		EU-TOYOTA-HIACE-H100-ONEBOX-STANDARD-01	MEDIUM	Standard H100 one-box envelope selected.	READY
59373	59373	MPV	IV	H100		EU-TOYOTA-HIACE-H100-ONEBOX-STANDARD-01	MEDIUM	Standard H100 one-box envelope selected.	READY
14330	14330	MPV	IV	H100		EU-TOYOTA-HIACE-H100-ONEBOX-STANDARD-01	MEDIUM	Standard H100 one-box envelope selected.	READY
14331	14331	Van	IV	H100		EU-TOYOTA-HIACE-H100-ONEBOX-STANDARD-01	MEDIUM	Standard H100 one-box envelope selected.	READY
58716	58716	MPV	IV	H100		EU-TOYOTA-HIACE-H100-ONEBOX-STANDARD-01	MEDIUM	Standard H100 one-box envelope selected.	READY
11806	11806	Van	V	H200		EU-TOYOTA-HIACE-H200-VAN-STANDARD-01	MEDIUM	Standard-roof van envelope selected.	READY
55939	55939	Van	V	H200		EU-TOYOTA-HIACE-H200-VAN-STANDARD-01	MEDIUM	Standard-roof van envelope selected.	READY
12163	12163	Van	V	H200		EU-TOYOTA-HIACE-H200-VAN-STANDARD-01	MEDIUM	Standard-roof van envelope selected.	READY
8715	8715	Pickup	IV	N50/N60		EU-TOYOTA-HILUX-IV-PICKUP-LONG-STANDARD-01	MEDIUM	Long-body representative envelope selected.	READY
127891	127891	Pickup	IV	N50/N60		EU-TOYOTA-HILUX-IV-PICKUP-LONG-STANDARD-01	MEDIUM	Long-body representative envelope selected.	READY
10473	10473	Pickup	V	N80/N90/N100/N110		EU-TOYOTA-HILUX-V-PICKUP-RWD-STANDARD-01	MEDIUM	Standard 2WD single-cab outer envelope selected.	READY
10479	10479	Pickup	V	N80/N90/N100/N110		EU-TOYOTA-HILUX-V-PICKUP-RWD-STANDARD-01	MEDIUM	Standard 2WD single-cab outer envelope selected.	READY
10759	10759	Pickup	V	N80/N90/N100/N110		EU-TOYOTA-HILUX-V-PICKUP-RWD-STANDARD-01	MEDIUM	Standard 2WD single-cab outer envelope selected.	READY
8714	8714	Pickup	V	N80/N90/N100/N110		EU-TOYOTA-HILUX-V-PICKUP-LONG-4WD-01	MEDIUM	4WD long-body representative envelope selected.	READY
10760	10760	Pickup	V	N80/N90/N100/N110		EU-TOYOTA-HILUX-V-PICKUP-LONG-4WD-01	MEDIUM	4WD long-body representative envelope selected.	READY
8712	8712	Pickup	V	N80/N90/N100/N110		EU-TOYOTA-HILUX-V-PICKUP-LONG-4WD-01	MEDIUM	4WD long-body representative envelope selected.	READY
14473	14473	Pickup	VI	N140/N150/N160/N170		EU-TOYOTA-HILUX-VI-PICKUP-DOUBLECAB-2WD-01	MEDIUM	Official 2WD double-cab representative envelope selected.	READY
124036	124036	Pickup	VI	N140/N150/N160/N170		EU-TOYOTA-HILUX-VI-PICKUP-DOUBLECAB-2WD-01	MEDIUM	Official 2WD double-cab representative envelope selected.	READY
10079	10079	Pickup	VI	N140/N150/N160/N170		EU-TOYOTA-HILUX-VI-PICKUP-STANDARDCAB-4WD-01	MEDIUM	Official 4WD standard-cab representative envelope selected.	READY
16548	16548	Pickup	VI	N140/N150/N160/N170		EU-TOYOTA-HILUX-VI-PICKUP-DOUBLECAB-2WD-01	MEDIUM	Official 2WD double-cab representative envelope selected.	READY
16549	16549	Pickup	VI	N140/N150/N160/N170		EU-TOYOTA-HILUX-VI-PICKUP-STANDARDCAB-4WD-01	MEDIUM	Official 4WD standard-cab representative envelope selected.	READY
34943	34943	Pickup	VII	AN10/AN20/AN30		EU-TOYOTA-HILUX-VII-PICKUP-DOUBLECAB-4WD-01	MEDIUM	European 4WD double-cab representative envelope selected.	READY
110594	110594	Pickup	VII	AN10/AN20/AN30		EU-TOYOTA-HILUX-VII-PICKUP-DOUBLECAB-4WD-01	MEDIUM	European 4WD double-cab representative envelope selected.	READY
34581	34581	Pickup	VII	AN10/AN20/AN30		EU-TOYOTA-HILUX-VII-PICKUP-DOUBLECAB-4WD-01	MEDIUM	European 4WD double-cab representative envelope selected.	READY
116996	116996	Pickup	VII	AN10/AN20/AN30		EU-TOYOTA-HILUX-VII-PICKUP-DOUBLECAB-4WD-01	MEDIUM	European 4WD double-cab representative envelope selected.	READY
115114	115114	Pickup	VIII	AN120/AN130		EU-TOYOTA-HILUX-VIII-PICKUP-DOUBLECAB-STANDARD-01	MEDIUM	Standard-width double-cab envelope selected.	READY
117640	117640	Pickup	VIII	GUN112/GUN122/GUN135		EU-TOYOTA-HILUX-VIII-PICKUP-SINGLECAB-CHASSIS-01	HIGH	Standard 4x2 single-cab chassis branch selected.	READY
115118	115118	Pickup	VIII	AN120/AN130		EU-TOYOTA-HILUX-VIII-PICKUP-DOUBLECAB-STANDARD-01	MEDIUM	Standard-width double-cab envelope selected.	READY
115123	115123	Pickup	VIII	AN120/AN130		EU-TOYOTA-HILUX-VIII-PICKUP-DOUBLECAB-STANDARD-01	MEDIUM	Standard-width double-cab envelope selected.	READY
158032	158032	Pickup	VIII	AN120/AN130		EU-TOYOTA-HILUX-VIII-PICKUP-DOUBLECAB-STANDARD-01	MEDIUM	Standard-width double-cab envelope selected.	READY
115124	115124	Pickup	VIII	AN120/AN130		EU-TOYOTA-HILUX-VIII-PICKUP-DOUBLECAB-STANDARD-01	MEDIUM	Standard-width double-cab envelope selected.	READY
801232	801232	Pickup	VIII	AN120/AN130		EU-TOYOTA-HILUX-VIII-PICKUP-DOUBLECAB-STANDARD-01	MEDIUM	Standard-width double-cab envelope selected.	READY
801233	801233	Pickup	VIII	AN120/AN130		EU-TOYOTA-HILUX-VIII-PICKUP-DOUBLECAB-STANDARD-01	MEDIUM	Standard-width double-cab envelope selected.	READY
15743	15743	SUV	J40	FJ40	2	EU-TOYOTA-LAND-CRUISER-J40-SUV-SWB-HARDTOP-01	HIGH		READY
15750	15750	SUV	J60	FJ62V	5	EU-TOYOTA-LAND-CRUISER-J60-SUV-FJ62-01	HIGH		READY
15739	15739	Pickup	J40	FJ45P	2	EU-TOYOTA-LAND-CRUISER-J40-PICKUP-FJ45-01	HIGH		READY
15744_swb	15744	SUV	J40	FJ40	2	EU-TOYOTA-LAND-CRUISER-J40-SUV-SWB-HARDTOP-01	MEDIUM	Ktype 明确覆盖 FJ40/FJ43/FJ45V/FJ55；按物理外廓拆分。	READY
15744_mwb	15744	SUV	J40	FJ43	2	EU-TOYOTA-LAND-CRUISER-J40-SUV-MWB-HARDTOP-01	MEDIUM	Ktype 明确覆盖 FJ40/FJ43/FJ45V/FJ55；按物理外廓拆分。	READY
15744_lwb	15744	SUV	J40	FJ45V	4	EU-TOYOTA-LAND-CRUISER-J40-SUV-LWB-VAN-01	MEDIUM	Ktype 明确覆盖 FJ40/FJ43/FJ45V/FJ55；按物理外廓拆分。	READY
15744_wagon	15744	SUV	J55	FJ55	5	EU-TOYOTA-LAND-CRUISER-J55-SUV-WAGON-01	MEDIUM	Ktype 明确覆盖 FJ40/FJ43/FJ45V/FJ55；按物理外廓拆分。	READY
158765	158765	SUV	J250	J250	5	EU-TOYOTA-LAND-CRUISER-J250-SUV-5DR-01	HIGH	动力差异不改变外廓。	READY
802417	802417	SUV	J250	J250	5	EU-TOYOTA-LAND-CRUISER-J250-SUV-5DR-01	HIGH	动力差异不改变外廓。	READY
800149	800149	SUV	J250	J250	5	EU-TOYOTA-LAND-CRUISER-J250-SUV-5DR-01	HIGH	动力差异不改变外廓。	READY
15747_bj40	15747	SUV	J40	BJ40RV	2	EU-TOYOTA-LAND-CRUISER-J40-SUV-SWB-HARDTOP-01	MEDIUM	Ktype 明确覆盖 BJ40RV/BJ42；按早期与后期 SWB 外廓拆分。	READY
15747_bj42	15747	SUV	J40	BJ42	2	EU-TOYOTA-LAND-CRUISER-J40-SUV-SWB-HARDTOP-02	MEDIUM	Ktype 明确覆盖 BJ40RV/BJ42；按早期与后期 SWB 外廓拆分。	READY
15742	15742	Pickup	J40	BJ45P	2	EU-TOYOTA-LAND-CRUISER-J40-PICKUP-BJ45-HJ47-01	HIGH		READY
15748_swb	15748	SUV	J40	BJ42	2	EU-TOYOTA-LAND-CRUISER-J40-SUV-SWB-HARDTOP-02	MEDIUM	Ktype 明确覆盖 BJ42/BJ46/BJ45V；按 SWB/MWB/LWB 外廓拆分。	READY
15748_mwb	15748	SUV	J40	BJ46	2	EU-TOYOTA-LAND-CRUISER-J40-SUV-MWB-HARDTOP-01	MEDIUM	Ktype 明确覆盖 BJ42/BJ46/BJ45V；按 SWB/MWB/LWB 外廓拆分。	READY
15748_lwb	15748	SUV	J40	BJ45V	4	EU-TOYOTA-LAND-CRUISER-J40-SUV-LWB-VAN-01	MEDIUM	Ktype 明确覆盖 BJ42/BJ46/BJ45V；按 SWB/MWB/LWB 外廓拆分。	READY
15749	15749	SUV	J60	BJ60/BJ61	5	EU-TOYOTA-LAND-CRUISER-J60-SUV-BJ60-01	HIGH		READY
15740	15740	Pickup	J40	HJ45P	2	EU-TOYOTA-LAND-CRUISER-J40-PICKUP-HJ45-01	HIGH		READY
15745	15745	SUV	J40	HJ45V	4	EU-TOYOTA-LAND-CRUISER-J40-SUV-LWB-VAN-01	HIGH		READY
15741	15741	Pickup	J40	HJ47P	2	EU-TOYOTA-LAND-CRUISER-J40-PICKUP-BJ45-HJ47-01	HIGH		READY
15746	15746	SUV	J40	HJ47V	3	EU-TOYOTA-LAND-CRUISER-J40-SUV-LWB-TROOP-01	HIGH		READY
15752_swb	15752	SUV	J70	HZJ70	2	EU-TOYOTA-LAND-CRUISER-J70-SUV-SWB-HZJ70-01	MEDIUM	Ktype 明确覆盖 HZJ70/73/74/75/76/77/78/79；仅保留封闭车身分支并按外廓拆分。	READY
15752_mwb	15752	SUV	J70	HZJ73/HZJ74	3	EU-TOYOTA-LAND-CRUISER-J70-SUV-MWB-HZJ74-01	MEDIUM	Ktype 明确覆盖 HZJ70/73/74/75/76/77/78/79；仅保留封闭车身分支并按外廓拆分。	READY
15752_4dr_narrow	15752	SUV	J70	HZJ77	5	EU-TOYOTA-LAND-CRUISER-J70-SUV-4DR-HZJ77-01	MEDIUM	Ktype 明确覆盖 HZJ70/73/74/75/76/77/78/79；仅保留封闭车身分支并按外廓拆分。	READY
15752_4dr_wide	15752	SUV	J70	HZJ76	5	EU-TOYOTA-LAND-CRUISER-J70-SUV-4DR-HZJ76-01	MEDIUM	Ktype 明确覆盖 HZJ70/73/74/75/76/77/78/79；仅保留封闭车身分支并按外廓拆分。	READY
15752_lwb_pre99	15752	SUV	J70	HZJ75	3	EU-TOYOTA-LAND-CRUISER-J70-SUV-LWB-HZJ75-01	MEDIUM	Ktype 明确覆盖 HZJ70/73/74/75/76/77/78/79；仅保留封闭车身分支并按外廓拆分。	READY
15752_lwb_post99	15752	SUV	J70	HZJ78	3	EU-TOYOTA-LAND-CRUISER-J70-SUV-LWB-HZJ78-01	MEDIUM	Ktype 明确覆盖 HZJ70/73/74/75/76/77/78/79；仅保留封闭车身分支并按外廓拆分。	READY
55974_mwb	55974	SUV	J70	HZJ74	3	EU-TOYOTA-LAND-CRUISER-J70-SUV-MWB-HZJ74-01	MEDIUM	Ktype 明确覆盖 HZJ74/HZJ75/HZJ78；按 MWB 与改型前后 LWB 外廓拆分。	READY
55974_lwb_pre99	55974	SUV	J70	HZJ75	3	EU-TOYOTA-LAND-CRUISER-J70-SUV-LWB-HZJ75-01	MEDIUM	Ktype 明确覆盖 HZJ74/HZJ75/HZJ78；按 MWB 与改型前后 LWB 外廓拆分。	READY
55974_lwb_post99	55974	SUV	J70	HZJ78	3	EU-TOYOTA-LAND-CRUISER-J70-SUV-LWB-HZJ78-01	MEDIUM	Ktype 明确覆盖 HZJ74/HZJ75/HZJ78；按 MWB 与改型前后 LWB 外廓拆分。	READY
34688	34688	SUV	J70	FZJ75RV	3	EU-TOYOTA-LAND-CRUISER-J70-SUV-LWB-HZJ75-01	MEDIUM	FZJ75RV 与 HZJ75RV 共用 LWB 封闭车身外廓。	READY
17320	17320	SUV	J100	UZJ100	5	EU-TOYOTA-LAND-CRUISER-J100-SUV-5DR-01	HIGH		READY
11797	11797	SUV	J200	VDJ200	5	EU-TOYOTA-LAND-CRUISER-J200-SUV-5DR-01	HIGH		READY
50526	50526	SUV	J200	URJ202	5	EU-TOYOTA-LAND-CRUISER-J200-SUV-5DR-01	HIGH	动力差异不改变外廓。	READY
15753	15753	SUV	J80	HZJ80	5	EU-TOYOTA-LAND-CRUISER-J80-SUV-5DR-01	HIGH		READY
15587_3dr	15587	SUV	J90 facelift	KDJ90	3	EU-TOYOTA-LAND-CRUISER-J90-SUV-3DR-FACELIFT-01	HIGH	Ktype 覆盖 J90/J95；按 3 门/5 门物理外廓拆分。	READY
15587_5dr	15587	SUV	J90 facelift	KDJ95	5	EU-TOYOTA-LAND-CRUISER-J90-SUV-5DR-FACELIFT-01	HIGH	Ktype 覆盖 J90/J95；按 3 门/5 门物理外廓拆分。	READY
5697_3dr	5697	SUV	J90	KZJ90	3	EU-TOYOTA-LAND-CRUISER-J90-SUV-3DR-PREFL-01	MEDIUM	Ktype 覆盖 J90/J95；按 3 门/5 门物理外廓拆分。	READY
5697_5dr	5697	SUV	J90	KZJ95	5	EU-TOYOTA-LAND-CRUISER-J90-SUV-5DR-PREFL-01	MEDIUM	Ktype 覆盖 J90/J95；按 3 门/5 门物理外廓拆分。	READY
5695_3dr	5695	SUV	J90	VZJ90	3	EU-TOYOTA-LAND-CRUISER-J90-SUV-3DR-PREFL-01	MEDIUM	Ktype 覆盖 J90/J95；按 3 门/5 门物理外廓拆分。	READY
5695_5dr	5695	SUV	J90	VZJ95	5	EU-TOYOTA-LAND-CRUISER-J90-SUV-5DR-PREFL-01	MEDIUM	Ktype 覆盖 J90/J95；按 3 门/5 门物理外廓拆分。	READY
34680_hzj75	34680	Pickup	J70	HZJ75P	2	EU-TOYOTA-LAND-CRUISER-J70-PICKUP-HZJ75-01	MEDIUM	Ktype 覆盖 HZJ75/HZJ79；按 1999 年前后 LWB 单排皮卡外廓拆分。	READY
34680_hzj79	34680	Pickup	J70	HZJ79P	2	EU-TOYOTA-LAND-CRUISER-J70-PICKUP-HZJ79-01	MEDIUM	Ktype 覆盖 HZJ75/HZJ79；按 1999 年前后 LWB 单排皮卡外廓拆分。	READY
17229	17229	SUV	J120	GRJ120	5	EU-TOYOTA-LAND-CRUISER-J120-SUV-5DR-01	HIGH		READY
115779	115779	SUV	J150 facelift	GDJ150	5	EU-TOYOTA-LAND-CRUISER-J150-SUV-5DR-FACELIFT-01	HIGH		READY
158100	158100	SUV	J250	GDJ250	5	EU-TOYOTA-LAND-CRUISER-J250-SUV-5DR-01	HIGH		READY
17230	17230	SUV	J120	KDJ120	5	EU-TOYOTA-LAND-CRUISER-J120-SUV-5DR-01	HIGH		READY
18685	18685	SUV	J120	KDJ120	5	EU-TOYOTA-LAND-CRUISER-J120-SUV-5DR-01	HIGH	同一代际与车身，生产期差异不改变外廓。	READY
57189	57189	SUV	J150	GRJ150	5	EU-TOYOTA-LAND-CRUISER-J150-SUV-5DR-PREFL-01	HIGH		READY
127122	127122	SUV	J120	GRJ120	5	EU-TOYOTA-LAND-CRUISER-J120-SUV-5DR-01	HIGH		READY
15738	15738	Convertible	J40	FJ45	2	EU-TOYOTA-LAND-CRUISER-J40-CONVERTIBLE-LWB-01	HIGH		READY
150592_swb	150592	Convertible	J40	FJ40	2	EU-TOYOTA-LAND-CRUISER-J40-CONVERTIBLE-SWB-01	HIGH	Ktype 明确覆盖 FJ40/FJ45；按 SWB/LWB 软顶外廓拆分。	READY
150592_lwb	150592	Convertible	J40	FJ45	2	EU-TOYOTA-LAND-CRUISER-J40-CONVERTIBLE-LWB-01	HIGH	Ktype 明确覆盖 FJ40/FJ45；按 SWB/LWB 软顶外廓拆分。	READY
15648	15648	Van	M30	CM30	5	EU-TOYOTA-LITEACE-M30-VAN-STANDARD-01	MEDIUM	标准轴距/车顶外廓。	READY
15647	15647	MPV	M40	CM40	5	EU-TOYOTA-LITEACE-M40-MPV-STANDARD-01	MEDIUM	标准乘用车外廓。	READY
15649	15649	Van	M40	CM40	5	EU-TOYOTA-LITEACE-M40-MPV-STANDARD-01	MEDIUM	Bus 与 Kasten 共用标准车身外廓。	READY
18327	18327	MPV	M20	KM20	5	EU-TOYOTA-LITEACE-M20-MPV-STANDARD-01	HIGH		READY
18328	18328	MPV	M20	CM20	5	EU-TOYOTA-LITEACE-M20-MPV-STANDARD-01	HIGH	动力差异不改变外廓。	READY
108550	108550	Sedan	I	JPD10	4	EU-TOYOTA-MIRAI-JPD10-SEDAN-01	HIGH		READY
144462	144462	Sedan	II	JPD20	4	EU-TOYOTA-MIRAI-JPD20-SEDAN-01	HIGH		READY
125446	125446	Coupe	W20	SW20	2	EU-TOYOTA-MR2-W20-COUPE-01	HIGH	动力规格不改变 W20 外廓。	READY
11093	11093	Coupe	W20	SW20	2	EU-TOYOTA-MR2-W20-COUPE-01	HIGH	动力规格不改变 W20 外廓。	READY
107659	107659	Coupe	W20	SW20	2	EU-TOYOTA-MR2-W20-COUPE-01	HIGH	动力规格不改变 W20 外廓。	READY
14535	14535	Convertible	W30	ZZW30	2	EU-TOYOTA-MR2-W30-CONVERTIBLE-01	HIGH		READY
16165	16165	MPV	XM10	SXM10	5	EU-TOYOTA-PICNIC-XM10-MPV-01	HIGH		READY
123530	123530	Sedan	T260	ZRT260	4	EU-TOYOTA-PREMIO-T260-SEDAN-01	HIGH		READY
14888	14888	MPV	XR30	ACR30/CDR30	5	EU-TOYOTA-PREVIA-XR30-MPV-01	HIGH	动力差异不改变外廓。	READY
16025	16025	MPV	XR30	ACR30/CDR30	5	EU-TOYOTA-PREVIA-XR30-MPV-01	HIGH	动力差异不改变外廓。	READY
17711	17711	Hatchback	XW20	NHW20	5	EU-TOYOTA-PRIUS-XW20-HATCHBACK-01	HIGH	同一 XW20 外廓。	READY
49414	49414	Hatchback	XW20	NHW20	5	EU-TOYOTA-PRIUS-XW20-HATCHBACK-01	HIGH	同一 XW20 外廓。	READY
49415	49415	Sedan	XW10	NHW11	4	EU-TOYOTA-PRIUS-XW10-SEDAN-01	HIGH		READY
10538	10538	MPV	XW40	ZVW40	5	EU-TOYOTA-PRIUS-XW40-MPV-PREFL-01	HIGH		READY
54210	54210	Hatchback	XW30	ZVW30	5	EU-TOYOTA-PRIUS-XW30-HATCHBACK-01	HIGH		READY
118976	118976	Hatchback	XW50	ZVW50	5	EU-TOYOTA-PRIUS-XW50-HATCHBACK-01	HIGH		READY
143177	143177	MPV	XW40 facelift	ZVW40	5	EU-TOYOTA-PRIUS-XW40-MPV-FACELIFT-01	HIGH		READY
128130	128130	Hatchback	XW50 PHEV	ZVW52	5	EU-TOYOTA-PRIUS-XW50-PHEV-HATCHBACK-01	HIGH		READY
154471	154471	Hatchback	XW60	MXWH61	5	EU-TOYOTA-PRIUS-XW60-HATCHBACK-01	HIGH		READY
59583	59583	Van	I	X83	5	EU-TOYOTA-PROACE-X83-VAN-L1H1-01	MEDIUM	输入未给轴距/车顶级别，采用标准 L1H1 量产外廓。	READY
120259	120259	Van	II	K0	5	EU-TOYOTA-PROACE-K0-VAN-MEDIUM-01	MEDIUM	输入未给轴距/长度，采用标准 Medium 量产外廓。	READY
120260	120260	Van	II	K0	5	EU-TOYOTA-PROACE-K0-VAN-MEDIUM-01	MEDIUM	输入未给轴距/长度，采用标准 Medium 量产外廓。	READY
120326	120326	MPV	II	K0	5	EU-TOYOTA-PROACE-K0-VAN-MEDIUM-01	MEDIUM	输入未给轴距/长度，采用标准 Medium 乘用外廓。	READY
120328	120328	MPV	II	K0	5	EU-TOYOTA-PROACE-K0-VAN-MEDIUM-01	MEDIUM	输入未给轴距/长度，采用标准 Medium 乘用外廓。	READY
59584	59584	Van	I	X83	5	EU-TOYOTA-PROACE-X83-VAN-L1H1-01	MEDIUM	输入未给轴距/车顶级别，采用标准 L1H1 量产外廓。	READY
59586	59586	Van	I	X83	5	EU-TOYOTA-PROACE-X83-VAN-L1H1-01	MEDIUM	输入未给轴距/车顶级别，采用标准 L1H1 量产外廓。	READY
120261	120261	Van	II	K0	5	EU-TOYOTA-PROACE-K0-VAN-MEDIUM-01	MEDIUM	输入未给轴距/长度，采用标准 Medium 量产外廓。	READY
120263	120263	MPV	II	K0	5	EU-TOYOTA-PROACE-K0-VAN-MEDIUM-01	MEDIUM	输入未给轴距/长度，采用标准 Medium 乘用外廓。	READY
120264	120264	Van	II	K0	5	EU-TOYOTA-PROACE-K0-VAN-MEDIUM-01	MEDIUM	输入未给轴距/长度，采用标准 Medium 量产外廓。	READY
120331	120331	MPV	II	K0	5	EU-TOYOTA-PROACE-K0-VAN-MEDIUM-01	MEDIUM	输入未给轴距/长度，采用标准 Medium 乘用外廓。	READY
121440	121440	Van	II	K0	5	EU-TOYOTA-PROACE-K0-VAN-MEDIUM-01	MEDIUM	输入未给轴距/长度，采用标准 Medium 量产外廓。	READY
127812	127812	Pickup	II	K0	2	EU-TOYOTA-PROACE-K0-PICKUP-LONG-01	MEDIUM	平台/底盘车型采用标准 Long 外廓。	READY
143046	143046	MPV	II	K0	5	EU-TOYOTA-PROACE-K0-VAN-MEDIUM-01	MEDIUM	输入未给轴距/长度，采用标准 Medium 乘用外廓。	READY
145196	145196	Van	II	K0	5	EU-TOYOTA-PROACE-K0-VAN-MEDIUM-01	MEDIUM	输入未给轴距/长度，采用标准 Medium 量产外廓。	READY
152646	152646	Pickup	II	K0	2	EU-TOYOTA-PROACE-K0-PICKUP-LONG-01	MEDIUM	平台/底盘车型采用标准 Long 外廓。	READY
146579	146579	Van	II	K0	5	EU-TOYOTA-PROACE-K0-VAN-MEDIUM-01	MEDIUM	输入未给轴距/长度，采用标准 Medium 量产外廓。	READY
146580	146580	Van	II	K0	5	EU-TOYOTA-PROACE-K0-VAN-MEDIUM-01	MEDIUM	输入未给轴距/长度，采用标准 Medium 量产外廓。	READY
146583	146583	Pickup	II	K0	2	EU-TOYOTA-PROACE-K0-PICKUP-LONG-01	MEDIUM	平台/底盘车型采用标准 Long 外廓。	READY
152689	152689	MPV	II	K0	5	EU-TOYOTA-PROACE-K0-VAN-MEDIUM-01	MEDIUM	输入未给轴距/长度，采用标准 Medium 乘用外廓。	READY
802401	802401	Van	II	K0	5	EU-TOYOTA-PROACE-K0-VAN-MEDIUM-01	MEDIUM	输入未给轴距/长度，采用标准 Medium 量产外廓。	READY
802402	802402	Van	II	K0	5	EU-TOYOTA-PROACE-K0-VAN-MEDIUM-01	MEDIUM	输入未给轴距/长度，采用标准 Medium 量产外廓。	READY
802404	802404	Pickup	II	K0	2	EU-TOYOTA-PROACE-K0-PICKUP-LONG-01	MEDIUM	平台/底盘车型采用标准 Long 外廓。	READY
802411	802411	MPV	II	K0	5	EU-TOYOTA-PROACE-K0-VAN-MEDIUM-01	MEDIUM	输入未给轴距/长度，采用标准 Medium 乘用外廓。	READY
802413	802413	MPV	II	K0	5	EU-TOYOTA-PROACE-K0-VAN-MEDIUM-01	MEDIUM	输入未给轴距/长度，采用标准 Medium 乘用外廓。	READY
143314	143314	MPV	II	K0	5	EU-TOYOTA-PROACE-K0-VAN-MEDIUM-01	MEDIUM	输入未给轴距/长度，采用标准 Medium 乘用外廓。	READY
146584	146584	Pickup	II	K0	2	EU-TOYOTA-PROACE-K0-PICKUP-LONG-01	MEDIUM	平台/底盘车型采用标准 Long 外廓。	READY
158515	158515	Van	II	K0	5	EU-TOYOTA-PROACE-K0-VAN-MEDIUM-01	MEDIUM	输入未给轴距/长度，采用标准 Medium 量产外廓。	READY
158516	158516	Pickup	II	K0	2	EU-TOYOTA-PROACE-K0-PICKUP-LONG-01	MEDIUM	平台/底盘车型采用标准 Long 外廓。	READY
158518	158518	MPV	II	K0	5	EU-TOYOTA-PROACE-K0-VAN-MEDIUM-01	MEDIUM	输入未给轴距/长度，采用标准 Medium 乘用外廓。	READY
145713	145713	Van	K9	K9	5	EU-TOYOTA-PROACE-CITY-K9-VAN-SWB-01	MEDIUM	输入未给长轴版信息，采用标准 SWB 外廓。	READY
145261	145261	Van	K9	K9	5	EU-TOYOTA-PROACE-CITY-K9-VAN-SWB-01	MEDIUM	输入未给长轴版信息，采用标准 SWB 外廓。	READY
158280	158280	Van	K9	K9	5	EU-TOYOTA-PROACE-CITY-K9-VAN-SWB-01	MEDIUM	输入未给长轴版信息，采用标准 SWB 外廓。	READY
145268	145268	MPV	K9	K9	5	EU-TOYOTA-PROACE-CITY-K9-VAN-SWB-01	MEDIUM	Verso 与 Van 共用标准 SWB 车身外廓。	READY
158282	158282	MPV	K9	K9	5	EU-TOYOTA-PROACE-CITY-K9-VAN-SWB-01	MEDIUM	Verso 与 Van 共用标准 SWB 车身外廓。	READY
159308	159308	Van	X290	X290	5	EU-TOYOTA-PROACE-MAX-X290-VAN-L2H2-01	MEDIUM	输入未给长度/车顶级别，采用标准 L2H2 量产外廓。	READY
159309	159309	Van	X290	X290	5	EU-TOYOTA-PROACE-MAX-X290-VAN-L2H2-01	MEDIUM	输入未给长度/车顶级别，采用标准 L2H2 量产外廓。	READY
159321	159321	Pickup	X290	X290	2	EU-TOYOTA-PROACE-MAX-X290-PICKUP-L3-01	MEDIUM	平台/底盘车型采用标准 5943 mm 车长外廓。	READY
159310	159310	Van	X290	X290	5	EU-TOYOTA-PROACE-MAX-X290-VAN-L2H2-01	MEDIUM	输入未给长度/车顶级别，采用标准 L2H2 量产外廓。	READY
159322	159322	Pickup	X290	X290	2	EU-TOYOTA-PROACE-MAX-X290-PICKUP-L3-01	MEDIUM	平台/底盘车型采用标准 5943 mm 车长外廓。	READY
159320	159320	Van	X290	X290	5	EU-TOYOTA-PROACE-MAX-X290-VAN-L2H2-01	MEDIUM	输入未给长度/车顶级别，采用标准 L2H2 量产外廓。	READY
159562	159562	Pickup	X290	X290	2	EU-TOYOTA-PROACE-MAX-X290-PICKUP-L3-01	MEDIUM	平台/底盘车型采用标准 5943 mm 车长外廓。	READY
143048	143048	MPV	II	K0	5	EU-TOYOTA-PROACE-VERSO-II-MPV-MEDIUM-01	MEDIUM	Ktype未标车长，采用标准Medium量产外廓	READY
151898	151898	MPV	II	K0	5	EU-TOYOTA-PROACE-VERSO-II-MPV-MEDIUM-01	MEDIUM	Ktype未标车长，采用标准Medium量产外廓	READY
802414	802414	MPV	II	K0	5	EU-TOYOTA-PROACE-VERSO-II-MPV-MEDIUM-RC24-01	MEDIUM	Ktype未标车长，采用标准Medium量产外廓	READY
802415	802415	MPV	II	K0	5	EU-TOYOTA-PROACE-VERSO-II-MPV-MEDIUM-RC24-01	MEDIUM	Ktype未标车长，采用标准Medium量产外廓	READY
143315	143315	MPV	II	K0	5	EU-TOYOTA-PROACE-VERSO-II-MPV-MEDIUM-01	MEDIUM	Ktype未标车长，采用标准Medium量产外廓	READY
158517	158517	MPV	II	K0	5	EU-TOYOTA-PROACE-VERSO-II-MPV-MEDIUM-RC24-01	MEDIUM	Ktype未标车长，采用标准Medium量产外廓	READY
55519	55519	MPV	I	XP100	5	EU-TOYOTA-RACTIS-I-MPV-STD-01	HIGH		READY
109624	109624	SUV	I	XA10	5	EU-TOYOTA-RAV4-I-SUV-5D-FACELIFT-01	MEDIUM	Ktype未标门数，采用标准5门量产外廓	READY
14906	14906	SUV	II	XA20	5	EU-TOYOTA-RAV4-II-SUV-5D-01	MEDIUM	Ktype未标门数且生产期跨改款，按起始期标准5门外廓闭合	READY
14907	14907	SUV	II	XA20	5	EU-TOYOTA-RAV4-II-SUV-5D-01	MEDIUM	Ktype未标门数且生产期跨改款，按起始期标准5门外廓闭合	READY
50844	50844	SUV	III	XA30	5	EU-TOYOTA-RAV4-III-SUV-FACELIFT-01	HIGH		READY
34938	34938	SUV	III	XA30	5	EU-TOYOTA-RAV4-III-SUV-FACELIFT-01	HIGH		READY
42472	42472	SUV	IV	XA40	5	EU-TOYOTA-RAV4-IV-SUV-PREFL-01	HIGH		READY
58618	58618	SUV	IV	XA40	5	EU-TOYOTA-RAV4-IV-SUV-PREFL-01	HIGH		READY
113171	113171	SUV	IV	XA40	5	EU-TOYOTA-RAV4-IV-SUV-FACELIFT-01	HIGH		READY
58616	58616	SUV	IV	XA40	5	EU-TOYOTA-RAV4-IV-SUV-PREFL-01	HIGH		READY
117809	117809	SUV	IV	XA40	5	EU-TOYOTA-RAV4-IV-SUV-FACELIFT-01	HIGH		READY
100490	100490	SUV	IV	XA40	5	EU-TOYOTA-RAV4-IV-SUV-PREFL-01	HIGH		READY
58623	58623	SUV	IV	XA40	5	EU-TOYOTA-RAV4-IV-SUV-PREFL-01	HIGH		READY
58747	58747	SUV	IV	XA40	5	EU-TOYOTA-RAV4-IV-SUV-PREFL-01	HIGH		READY
117582	117582	SUV	IV	XA40	5	EU-TOYOTA-RAV4-IV-SUV-FACELIFT-01	HIGH		READY
142974	142974	Van	IV	XA40	5	EU-TOYOTA-RAV4-IV-SUV-PREFL-01	HIGH	货运版外廓与同代乘用车一致，复用同一尺寸组	READY
142976	142976	Van	IV	XA40	5	EU-TOYOTA-RAV4-IV-SUV-FACELIFT-01	HIGH	货运版外廓与同代乘用车一致，复用同一尺寸组	READY
142972	142972	Van	IV	XA40	5	EU-TOYOTA-RAV4-IV-SUV-PREFL-01	HIGH	货运版外廓与同代乘用车一致，复用同一尺寸组	READY
142973	142973	Van	IV	XA40	5	EU-TOYOTA-RAV4-IV-SUV-PREFL-01	HIGH	货运版外廓与同代乘用车一致，复用同一尺寸组	READY
142977	142977	Van	IV	XA40	5	EU-TOYOTA-RAV4-IV-SUV-PREFL-01	HIGH	货运版外廓与同代乘用车一致，复用同一尺寸组	READY
142975	142975	Van	IV	XA40	5	EU-TOYOTA-RAV4-IV-SUV-PREFL-01	HIGH	货运版外廓与同代乘用车一致，复用同一尺寸组	READY
163197	163197	SUV	VI	XA60	5	EU-TOYOTA-RAV4-VI-SUV-STD-01	HIGH		READY
164622	164622	SUV	VI	XA60	5	EU-TOYOTA-RAV4-VI-SUV-STD-01	HIGH		READY
164343	164343	SUV	VI	XA60	5	EU-TOYOTA-RAV4-VI-SUV-STD-01	HIGH		READY
164398	164398	SUV	VI	XA60	5	EU-TOYOTA-RAV4-VI-SUV-STD-01	HIGH		READY
164133	164133	SUV	VI	XA60	5	EU-TOYOTA-RAV4-VI-SUV-STD-01	HIGH		READY
164135	164135	SUV	VI	XA60	5	EU-TOYOTA-RAV4-VI-SUV-STD-01	HIGH		READY
144429	144429	SUV	V	XA50	5	EU-TOYOTA-RAV4-V-SUV-STD-01	HIGH		READY
142979	142979	Van	V	XA50	5	EU-TOYOTA-RAV4-V-SUV-STD-01	HIGH	货运版外廓与同代乘用车一致，复用同一尺寸组	READY
142980	142980	Van	V	XA50	5	EU-TOYOTA-RAV4-V-SUV-STD-01	HIGH	货运版外廓与同代乘用车一致，复用同一尺寸组	READY
142982	142982	Van	V	XA50	5	EU-TOYOTA-RAV4-V-SUV-STD-01	HIGH	货运版外廓与同代乘用车一致，复用同一尺寸组	READY
142983	142983	Van	V	XA50	5	EU-TOYOTA-RAV4-V-SUV-STD-01	HIGH	货运版外廓与同代乘用车一致，复用同一尺寸组	READY
51850	51850	MPV	III	XL30	5	EU-TOYOTA-SIENNA-III-MPV-STD-01	HIGH		READY
12262	12262	MPV	II	XL20	5	EU-TOYOTA-SIENNA-II-MPV-STD-01	HIGH		READY
12264	12264	MPV	III	XL30	5	EU-TOYOTA-SIENNA-III-MPV-STD-01	HIGH		READY
111428	111428	MPV	III	XL30	5	EU-TOYOTA-SIENNA-III-MPV-STD-01	HIGH		READY
12263	12263	MPV	II	XL20	5	EU-TOYOTA-SIENNA-II-MPV-STD-01	HIGH		READY
55582	55582	MPV	III	XL30	5	EU-TOYOTA-SIENNA-III-MPV-STD-01	HIGH		READY
111427	111427	MPV	III	XL30	5	EU-TOYOTA-SIENNA-III-MPV-STD-01	HIGH		READY
15991	15991	Hatchback	IV	P80		EU-TOYOTA-STARLET-IV-HATCHBACK-STD-01	HIGH		READY
13079	13079	Wagon	II	P60	5	EU-TOYOTA-STARLET-II-WAGON-STD-01	MEDIUM		READY
110425	110425	Wagon	II	P60	5	EU-TOYOTA-STARLET-II-WAGON-STD-01	MEDIUM		READY
15992	15992	Hatchback	IV	P80		EU-TOYOTA-STARLET-IV-HATCHBACK-STD-01	HIGH		READY
801827	801827	Coupe	V	A90	3	EU-TOYOTA-SUPRA-V-COUPE-A90-01	HIGH		READY
124646	124646	Sedan	II	L20	4	EU-TOYOTA-TERCEL-II-SEDAN-STD-01	MEDIUM		READY
10124	10124	Pickup	II	XK50	4	EU-TOYOTA-TUNDRA-II-PICKUP-CREWMAX-SHORT-2WD-01	MEDIUM	Ktype未标CAB/BED，采用CrewMax短斗量产外廓	READY
10125	10125	Pickup	II	XK50	4	EU-TOYOTA-TUNDRA-II-PICKUP-CREWMAX-SHORT-4WD-01	MEDIUM	Ktype未标CAB/BED，采用CrewMax短斗量产外廓	READY
161619	161619	SUV	I		5	EU-TOYOTA-URBAN-CRUISER-I-SUV-STD-01	HIGH		READY
161621	161621	SUV	I		5	EU-TOYOTA-URBAN-CRUISER-I-SUV-STD-01	HIGH		READY
161622	161622	SUV	I		5	EU-TOYOTA-URBAN-CRUISER-I-SUV-STD-01	HIGH		READY
50762	50762	SUV	I	AV10	5	EU-TOYOTA-VENZA-I-SUV-STD-01	HIGH		READY
100766	100766	MPV	I	AR20	5	EU-TOYOTA-VERSO-I-MPV-STD-01	HIGH		READY
58715	58715	MPV	I	AR20	5	EU-TOYOTA-VERSO-I-MPV-STD-01	HIGH		READY
142993	142993	Van	I	AR20	5	EU-TOYOTA-VERSO-I-MPV-STD-01	HIGH	货运版外廓与同代乘用车一致，复用同一尺寸组	READY
142994	142994	Van	I	AR20	5	EU-TOYOTA-VERSO-I-MPV-STD-01	HIGH	货运版外廓与同代乘用车一致，复用同一尺寸组	READY
142995	142995	Van	I	AR20	5	EU-TOYOTA-VERSO-I-MPV-STD-01	HIGH	货运版外廓与同代乘用车一致，复用同一尺寸组	READY
142989	142989	Van	I	AR20	5	EU-TOYOTA-VERSO-I-MPV-STD-01	HIGH	货运版外廓与同代乘用车一致，复用同一尺寸组	READY
142990	142990	Van	I	AR20	5	EU-TOYOTA-VERSO-I-MPV-STD-01	HIGH	货运版外廓与同代乘用车一致，复用同一尺寸组	READY
10466	10466	Hatchback	I	XP10		EU-TOYOTA-YARIS-I-HATCHBACK-PREFL-01	HIGH		READY
17569	17569	Hatchback	I	XP10		EU-TOYOTA-YARIS-I-HATCHBACK-FACELIFT-01	HIGH		READY
11830	11830	Hatchback	III	XP130	5	EU-TOYOTA-YARIS-III-HATCHBACK-PREFL-01	HIGH		READY
13663	13663	MPV	I	XP20	5	EU-TOYOTA-YARIS-VERSO-I-MPV-PREFL-01	HIGH		READY
14287	14287	Hatchback	I	XP10		EU-TOYOTA-YARIS-I-HATCHBACK-PREFL-01	HIGH		READY
17319	17319	Hatchback	I	XP10		EU-TOYOTA-YARIS-I-HATCHBACK-PREFL-01	HIGH		READY
17706	17706	MPV	I	XP20	5	EU-TOYOTA-YARIS-VERSO-I-MPV-FACELIFT-01	HIGH		READY
56853	56853	Sedan	II	XP90	4	EU-TOYOTA-YARIS-II-SEDAN-STD-01	HIGH		READY
15633	15633	MPV	I	XP20	5	EU-TOYOTA-YARIS-VERSO-I-MPV-PREFL-01	HIGH		READY
15984	15984	Hatchback	I	XP10		EU-TOYOTA-YARIS-I-HATCHBACK-PREFL-01	HIGH		READY
17705	17705	Hatchback	I	XP10		EU-TOYOTA-YARIS-I-HATCHBACK-FACELIFT-01	HIGH		READY
17707	17707	MPV	I	XP20	5	EU-TOYOTA-YARIS-VERSO-I-MPV-PREFL-01	HIGH		READY
126889	126889	Hatchback	III	XP130	5	EU-TOYOTA-YARIS-III-HATCHBACK-FACELIFT-2017-01	HIGH		READY
34983	34983	Hatchback	II	XP90		EU-TOYOTA-YARIS-II-HATCHBACK-STD-01	HIGH		READY
11253	11253	Hatchback	III	XP130	5	EU-TOYOTA-YARIS-III-HATCHBACK-PREFL-01	HIGH		READY
55249	55249	Hatchback	III	XP130	5	EU-TOYOTA-YARIS-III-HATCHBACK-PREFL-01	HIGH		READY
116073	116073	Hatchback	III	XP130	5	EU-TOYOTA-YARIS-III-HATCHBACK-FACELIFT-2014-01	HIGH		READY
146606	146606	SUV	I	XP210	5	EU-TOYOTA-YARIS-CROSS-I-SUV-STD-01	HIGH		READY
157433	157433	Hatchback	IV	XP210	5	EU-TOYOTA-YARIS-IV-HATCHBACK-STD-01	HIGH		READY
157719	157719	SUV	I	XP210	5	EU-TOYOTA-YARIS-CROSS-I-SUV-STD-01	HIGH		READY
802043	802043	Hatchback	IV	XP210	5	EU-TOYOTA-YARIS-IV-HATCHBACK-STD-01	HIGH		READY
146607	146607	SUV	I	XP210	5	EU-TOYOTA-YARIS-CROSS-I-SUV-STD-01	HIGH		READY
157720	157720	SUV	I	XP210	5	EU-TOYOTA-YARIS-CROSS-I-SUV-STD-01	HIGH		READY
158115	158115	Hatchback	I	GXPA16	3	EU-TOYOTA-GR-YARIS-I-HATCHBACK-2024-01	HIGH		READY
13803	13803	Sedan	Mk I		4	EU-TRIUMPH-25-PI-MK-I-SEDAN-01	HIGH		READY
13804	13804	Wagon	Mk I		5	EU-TRIUMPH-25-PI-MK-I-WAGON-01	HIGH		READY
13800	13800	Convertible	Herald 1200		2	EU-TRIUMPH-HERALD-1200-CONVERTIBLE-01	MEDIUM		READY
13801	13801	Wagon	Herald 1200		3	EU-TRIUMPH-HERALD-1200-WAGON-01	MEDIUM		READY
13806	13806	Convertible	Vitesse I		2	EU-TRIUMPH-VITESSE-I-CONVERTIBLE-01	MEDIUM		READY
13805	13805	Sedan	Vitesse I		2	EU-TRIUMPH-VITESSE-I-SEDAN-01	MEDIUM		READY
146581	146581	Pickup	Able XT		2	EU-TROPOS-ABLE-XT-PICKUP-STD-01	MEDIUM		READY
146582	146582	Van	Able XT		2	EU-TROPOS-ABLE-XT-VAN-STD-01	MEDIUM		READY
14177	14177	Coupe	Wedge		3	EU-TVR-280-WEDGE-COUPE-01	MEDIUM		READY
14178	14178	Convertible	Wedge		2	EU-TVR-280-WEDGE-CONVERTIBLE-01	MEDIUM		READY
14179	14179	Coupe	Wedge		3	EU-TVR-350-WEDGE-COUPE-01	MEDIUM		READY
14180	14180	Convertible	Wedge		2	EU-TVR-350-WEDGE-CONVERTIBLE-01	MEDIUM		READY
14205	14205	Convertible	Wedge		2	EU-TVR-WEDGE-CONVERTIBLE-01	HIGH	Engine variants share the standard Wedge convertible exterior.	READY
14207	14207	Convertible	Wedge		2	EU-TVR-WEDGE-CONVERTIBLE-01	HIGH	Engine variants share the standard Wedge convertible exterior.	READY
14209	14209	Convertible	Wedge		2	EU-TVR-WEDGE-CONVERTIBLE-01	HIGH	Engine variants share the standard Wedge convertible exterior.	READY
14210	14210	Convertible	Wedge		2	EU-TVR-WEDGE-CONVERTIBLE-01	HIGH	Engine variants share the standard Wedge convertible exterior.	READY
14211	14211	Coupe	Vixen		2	EU-TVR-VIXEN-COUPE-01	MEDIUM	TVR 1300 uses the Vixen-family shell.	READY
14212	14212	Coupe	M Series		2	EU-TVR-M-SERIES-COUPE-01	HIGH	Engine variants share the standard M-series coupe exterior.	READY
14213	14213	Coupe	M Series		2	EU-TVR-M-SERIES-COUPE-01	HIGH	Engine variants share the standard M-series coupe exterior.	READY
14214	14214	Coupe	M Series		2	EU-TVR-M-SERIES-COUPE-01	HIGH	Engine variants share the standard M-series coupe exterior.	READY
14215	14215	Coupe	M Series		2	EU-TVR-M-SERIES-COUPE-01	HIGH	Engine variants share the standard M-series coupe exterior.	READY
14208	14208	Coupe	Wedge	420 Sports Saloon	2	EU-TVR-420-SPORTS-SALOON-COUPE-01	HIGH	Long-wheelbase sports-saloon coupe body.	READY
14216	14216	Coupe	Cerbera		2	EU-TVR-CERBERA-COUPE-01	HIGH	Engine and GT labels do not change the standard Cerbera exterior.	READY
14217	14217	Coupe	Cerbera		2	EU-TVR-CERBERA-COUPE-01	HIGH	Engine and GT labels do not change the standard Cerbera exterior.	READY
14218	14218	Coupe	Cerbera		2	EU-TVR-CERBERA-COUPE-01	HIGH	Engine and GT labels do not change the standard Cerbera exterior.	READY
14219	14219	Coupe	Cerbera		2	EU-TVR-CERBERA-COUPE-01	HIGH	Engine and GT labels do not change the standard Cerbera exterior.	READY
14220	14220	Convertible	Chimaera		2	EU-TVR-CHIMAERA-CONVERTIBLE-01	HIGH	Engine variants share the standard Chimaera exterior.	READY
14221	14221	Convertible	Chimaera		2	EU-TVR-CHIMAERA-CONVERTIBLE-01	HIGH	Engine variants share the standard Chimaera exterior.	READY
14223	14223	Convertible	Griffith		2	EU-TVR-GRIFFITH-CONVERTIBLE-01	HIGH	Engine variants share the standard Griffith exterior.	READY
14224	14224	Convertible	Griffith		2	EU-TVR-GRIFFITH-CONVERTIBLE-01	HIGH	Engine variants share the standard Griffith exterior.	READY
14227	14227	Convertible	Griffith		2	EU-TVR-GRIFFITH-CONVERTIBLE-01	HIGH	Engine variants share the standard Griffith exterior.	READY
14228	14228	Convertible	S Series		2	EU-TVR-S-SERIES-V6-CONVERTIBLE-01	HIGH	V6 S-series exterior.	READY
14229	14229	Convertible	S Series		2	EU-TVR-S-SERIES-V6-CONVERTIBLE-01	HIGH	V6 S-series exterior.	READY
14230	14230	Convertible	S Series	V8S	2	EU-TVR-S-SERIES-V8-CONVERTIBLE-01	HIGH	4.0 variant mapped to the wider V8S body.	READY
14236	14236	Convertible	Wedge		2	EU-TVR-WEDGE-CONVERTIBLE-01	HIGH	Engine variants share the standard Wedge convertible exterior.	READY
14237	14237	Convertible	Wedge		2	EU-TVR-WEDGE-CONVERTIBLE-01	HIGH	Engine variants share the standard Wedge convertible exterior.	READY
121875	121875	Coupe	T350	T350C	2	EU-TVR-T350-COUPE-01	HIGH		READY
14239	14239	Coupe	M Series	Taimar	3	EU-TVR-M-SERIES-COUPE-01	HIGH	Taimar uses the M-series exterior envelope.	READY
14240	14240	Coupe	M Series	Taimar	3	EU-TVR-M-SERIES-COUPE-01	HIGH	Taimar uses the M-series exterior envelope.	READY
14258	14258	Coupe	Wedge	Tasmin FHC	2	EU-TVR-TASMIN-COUPE-01	HIGH		READY
14259	14259	Coupe	Tuscan I		2	EU-TVR-VIXEN-COUPE-01	MEDIUM	Tuscan V6 uses the Vixen-family shell.	READY
14376	14376	Coupe	Tuscan I	V8	2	EU-TVR-TUSCAN-I-V8-COUPE-01	MEDIUM	V8 Tuscan has a wider exterior than the V6/Vixen-family shell.	READY
14380	14380	Convertible	Tuscan II		2	EU-TVR-TUSCAN-II-CONVERTIBLE-01	HIGH		READY
14381	14381	Coupe	Vixen		2	EU-TVR-VIXEN-COUPE-01	HIGH		READY
14394	14394	Coupe	Vixen		2	EU-TVR-VIXEN-COUPE-01	HIGH		READY
14385	14385	Coupe	Vixen		2	EU-TVR-VIXEN-COUPE-01	HIGH		READY
14387	14387	Coupe	Vixen		2	EU-TVR-VIXEN-COUPE-01	HIGH		READY
162459	162459	Van	TX1-E	TX1-E	3	EU-TYNE-TX1-VAN-01	HIGH	Standard panel-van body.	READY
162460	162460	Pickup	TX2-E	TX2-P	2	EU-TYNE-TX2-PICKUP-01	HIGH	Standard flatbed/chassis-cab exterior.	READY
162461	162461	Pickup	TX7-E	TX7-P	2	EU-TYNE-TX7-PICKUP-01	HIGH	Standard flatbed/chassis-cab exterior.	READY
10128	10128	Van	452	UAZ-452	4	EU-UAZ-452-VAN-01	MEDIUM	Standard bus body; powertrain does not affect exterior.	READY
10126	10126	SUV	469	UAZ-469B	5	EU-UAZ-469B-SUV-01	MEDIUM	Open 469B body.	READY
10136	10136	Pickup	Cargo	UAZ-23602	2	EU-UAZ-CARGO-23602-PICKUP-01	MEDIUM	Standard single-cab Cargo pickup exterior.	READY
10137	10137	SUV	Hunter	UAZ-315195	5	EU-UAZ-HUNTER-SUV-01	HIGH	Powertrain variants share the standard Hunter body.	READY
10138	10138	SUV	Hunter	UAZ-315195	5	EU-UAZ-HUNTER-SUV-01	HIGH	Powertrain variants share the standard Hunter body.	READY
113931	113931	SUV	Hunter	UAZ-315195	5	EU-UAZ-HUNTER-SUV-01	HIGH	Powertrain variants share the standard Hunter body.	READY
10133	10133	SUV	Patriot	UAZ-3163	5	EU-UAZ-PATRIOT-3163-SUV-01	MEDIUM	Mapped to the standard UAZ-3163 body; engine variants are not split.	READY
10135	10135	SUV	Patriot	UAZ-3163	5	EU-UAZ-PATRIOT-3163-SUV-01	MEDIUM	Mapped to the standard UAZ-3163 body; engine variants are not split.	READY
10134	10134	SUV	Patriot	UAZ-3163	5	EU-UAZ-PATRIOT-3163-SUV-01	MEDIUM	Mapped to the standard UAZ-3163 body; engine variants are not split.	READY
8173	8173	Hatchback	Chevette		3	EU-VAUXHALL-CHEVETTE-CC-HATCHBACK-01	MEDIUM	Duplicate Ktypes reuse the same published CC hatchback exterior.	READY
8174	8174	Hatchback	Chevette		3	EU-VAUXHALL-CHEVETTE-CC-HATCHBACK-01	MEDIUM	Duplicate Ktypes reuse the same published CC hatchback exterior.	READY
58793	58793	MPV	Zafira C	P12	5	EU-VAUXHALL-ZAFIRA-C-MPV-01	HIGH	1.6 CDTi shares the Zafira Tourer body.	READY
14572	14572	Coupe	M12		2	EU-VECTOR-M12-COUPE-01	HIGH		READY
150581	150581	Van	Victory	VV042L		EU-VICTORY-VAN-01	HIGH	Standard long panel-van configuration.	READY
151721	151721	Pickup	Victory	VP042L	2	EU-VICTORY-PICKUP-SINGLE-CAB-01	MEDIUM	Standard single-cab pickup selected; no double-cab branch is evidenced by the Ktype.	READY
156442	156442	SUV	VF 6		5	EU-VINFAST-VF6-SUV-01	HIGH	Duplicate Ktypes share the same VF 6 body.	READY
156443	156443	SUV	VF 6		5	EU-VINFAST-VF6-SUV-01	HIGH	Duplicate Ktypes share the same VF 6 body.	READY
148238	148238	SUV	VF 8		5	EU-VINFAST-VF8-SUV-01	HIGH	Duplicate Ktypes share the same VF 8 body.	READY
148240	148240	SUV	VF 8		5	EU-VINFAST-VF8-SUV-01	HIGH	Duplicate Ktypes share the same VF 8 body.	READY
148239	148239	SUV	VF 9		5	EU-VINFAST-VF9-SUV-01	HIGH		READY
17027	17027	Wagon	140 Series	145	5	EU-VOLVO-140-145-WAGON-01	MEDIUM	Standard 145 wagon exterior.	READY
18848	18848	Wagon	240 Series	245	5	EU-VOLVO-240-245-WAGON-01	HIGH	Engine and model-year variants reuse the 245 wagon exterior.	READY
18849	18849	Sedan	240 Series	244	4	EU-VOLVO-240-244-SEDAN-01	HIGH	Engine and model-year variants reuse the 244 sedan exterior.	READY
49904	49904	Sedan	240 Series	244	4	EU-VOLVO-240-244-SEDAN-01	HIGH	Engine and model-year variants reuse the 244 sedan exterior.	READY
113215	113215	Sedan	240 Series	244	4	EU-VOLVO-240-244-SEDAN-01	HIGH	Engine and model-year variants reuse the 244 sedan exterior.	READY
5075	5075	Wagon	240 Series	245	5	EU-VOLVO-240-245-WAGON-01	HIGH	Engine and model-year variants reuse the 245 wagon exterior.	READY
16908	16908	Sedan	240 Series	244	4	EU-VOLVO-240-244-SEDAN-01	HIGH	Engine and model-year variants reuse the 244 sedan exterior.	READY
16909	16909	Wagon	240 Series	245	5	EU-VOLVO-240-245-WAGON-01	HIGH	Engine and model-year variants reuse the 245 wagon exterior.	READY
16910	16910	Wagon	240 Series	245	5	EU-VOLVO-240-245-WAGON-01	HIGH	Engine and model-year variants reuse the 245 wagon exterior.	READY
5076	5076	Sedan	240 Series	244	4	EU-VOLVO-240-244-SEDAN-01	HIGH	Engine and model-year variants reuse the 244 sedan exterior.	READY
5981_prefl	5981	Hatchback	440	440	5	EU-VOLVO-440-PREFL-HATCHBACK-01	HIGH	1988-1994 pre-facelift exterior.	READY
5981_facelift	5981	Hatchback	440	440	5	EU-VOLVO-440-FACELIFT-HATCHBACK-01	HIGH	1994-1996 facelift exterior has a longer published body.	READY
5982	5982	Hatchback	440	440	5	EU-VOLVO-440-FACELIFT-HATCHBACK-01	HIGH	1995 production maps to the facelift exterior.	READY
6009_prefl	6009	Sedan	460	460	4	EU-VOLVO-460-PREFL-SEDAN-01	HIGH	1992-1994 pre-facelift exterior.	READY
6009_facelift	6009	Sedan	460	460	4	EU-VOLVO-460-FACELIFT-SEDAN-01	HIGH	1994-1996 facelift exterior has a longer published body.	READY
5085	5085	Coupe	480	480	3	EU-VOLVO-480-COUPE-01	HIGH		READY
17559	17559	Sedan	700 Series	744	4	EU-VOLVO-740-SEDAN-01	HIGH	Engine and production-date variants reuse the 740 sedan exterior.	READY
17560	17560	Wagon	700 Series	745	5	EU-VOLVO-740-WAGON-01	HIGH	Engine and production-date variants reuse the 740 wagon exterior.	READY
17565	17565	Sedan	700 Series	744	4	EU-VOLVO-740-SEDAN-01	HIGH	Engine and production-date variants reuse the 740 sedan exterior.	READY
17566	17566	Wagon	700 Series	745	5	EU-VOLVO-740-WAGON-01	HIGH	Engine and production-date variants reuse the 740 wagon exterior.	READY
17567	17567	Sedan	700 Series	744	4	EU-VOLVO-740-SEDAN-01	HIGH	Engine and production-date variants reuse the 740 sedan exterior.	READY
17568	17568	Sedan	700 Series	744	4	EU-VOLVO-740-SEDAN-01	HIGH	Engine and production-date variants reuse the 740 sedan exterior.	READY
18847	18847	Sedan	700 Series	744	4	EU-VOLVO-740-SEDAN-01	HIGH	Engine and production-date variants reuse the 740 sedan exterior.	READY
16911	16911	Sedan	700 Series	744	4	EU-VOLVO-740-SEDAN-01	HIGH	Engine and production-date variants reuse the 740 sedan exterior.	READY
17030	17030	Sedan	700 Series	744	4	EU-VOLVO-740-SEDAN-01	HIGH	Engine and production-date variants reuse the 740 sedan exterior.	READY
17554	17554	Sedan	700 Series	764	4	EU-VOLVO-760-SEDAN-01	HIGH		READY
49967	49967	Wagon	700 Series	765	5	EU-VOLVO-760-WAGON-01	HIGH	Engine variants reuse the 760 wagon exterior.	READY
17829	17829	Wagon	700 Series	765	5	EU-VOLVO-760-WAGON-01	HIGH	Engine variants reuse the 760 wagon exterior.	READY
17552	17552	Wagon	700 Series	765	5	EU-VOLVO-760-WAGON-01	HIGH	Engine variants reuse the 760 wagon exterior.	READY
121894	121894	Wagon	700 Series	765	5	EU-VOLVO-760-WAGON-01	HIGH	Engine variants reuse the 760 wagon exterior.	READY
5704	5704	Wagon	850	855	5	EU-VOLVO-850-WAGON-01	HIGH	Front-wheel-drive engine variants reuse the standard 850 wagon exterior.	READY
5706	5706	Wagon	850	855	5	EU-VOLVO-850-WAGON-01	HIGH	Front-wheel-drive engine variants reuse the standard 850 wagon exterior.	READY
5703	5703	Sedan	850	854	4	EU-VOLVO-850-SEDAN-01	HIGH		READY
5705	5705	Wagon	850	855	5	EU-VOLVO-850-WAGON-01	HIGH	Front-wheel-drive engine variants reuse the standard 850 wagon exterior.	READY
5711	5711	Wagon	850	855 AWD	5	EU-VOLVO-850-AWD-WAGON-01	HIGH	AWD production has the taller published exterior height.	READY
6012	6012	Wagon	900 Series	945	5	EU-VOLVO-940-WAGON-01	HIGH	Engine and production-date variants reuse the 940 wagon exterior.	READY
11120	11120	Sedan	900 Series	944	4	EU-VOLVO-940-SEDAN-01	HIGH	Engine and production-date variants reuse the 940 sedan exterior.	READY
17933	17933	Wagon	900 Series	945	5	EU-VOLVO-940-WAGON-01	HIGH	Engine and production-date variants reuse the 940 wagon exterior.	READY
17935	17935	Sedan	900 Series	944	4	EU-VOLVO-940-SEDAN-01	HIGH	Engine and production-date variants reuse the 940 sedan exterior.	READY
18725	18725	Sedan	900 Series	944	4	EU-VOLVO-940-SEDAN-01	HIGH	Engine and production-date variants reuse the 940 sedan exterior.	READY
5077	5077	Sedan	900 Series	944	4	EU-VOLVO-940-SEDAN-01	HIGH	Engine and production-date variants reuse the 940 sedan exterior.	READY
14438	14438	Sedan	900 Series	944	4	EU-VOLVO-940-SEDAN-01	HIGH	Engine and production-date variants reuse the 940 sedan exterior.	READY
17551	17551	Wagon	900 Series	945	5	EU-VOLVO-940-WAGON-01	HIGH	Engine and production-date variants reuse the 940 wagon exterior.	READY
6011	6011	Sedan	900 Series	944	4	EU-VOLVO-940-SEDAN-01	HIGH	Engine and production-date variants reuse the 940 sedan exterior.	READY
17603	17603	Wagon	940	945	5	EU-VOLVO-940-WAGON-01	HIGH		READY
6013	6013	Wagon	940	945	5	EU-VOLVO-940-WAGON-01	HIGH		READY
18817	18817	Sedan	960	964	4	EU-VOLVO-960-1990-SEDAN-STANDARD-01	HIGH		READY
18818	18818	Wagon	960	965	5	EU-VOLVO-960-1990-WAGON-STANDARD-01	HIGH		READY
18819	18819	Wagon	960	965	5	EU-VOLVO-960-1990-WAGON-STANDARD-01	HIGH		READY
18820	18820	Sedan	960	964	4	EU-VOLVO-960-1990-SEDAN-STANDARD-01	HIGH		READY
6008	6008	Sedan	340/360		4	EU-VOLVO-340-360-1986-SEDAN-STANDARD-01	MEDIUM		READY
33818	33818	Hatchback	C30 facelift 2010		3	EU-VOLVO-C30-2010-HATCHBACK-FACELIFT-01	HIGH		READY
58613	58613	Hatchback	C30 facelift 2010		3	EU-VOLVO-C30-2010-HATCHBACK-FACELIFT-01	HIGH		READY
121892	121892	Hatchback	C30 facelift 2010		3	EU-VOLVO-C30-2010-HATCHBACK-FACELIFT-01	HIGH		READY
121895_prefl	121895	Hatchback	C30		3	EU-VOLVO-C30-2006-HATCHBACK-PREFL-01	HIGH	Split at 2010 facelift because standard length changes.	READY
121895_facelift	121895	Hatchback	C30 facelift 2010		3	EU-VOLVO-C30-2010-HATCHBACK-FACELIFT-01	HIGH	Split at 2010 facelift because standard length changes.	READY
147561	147561	SUV	C40		5	EU-VOLVO-C40-EC40-2021-SUV-STANDARD-01	HIGH		READY
152027	152027	SUV	C40		5	EU-VOLVO-C40-EC40-2021-SUV-STANDARD-01	HIGH		READY
152028	152028	SUV	C40		5	EU-VOLVO-C40-EC40-2021-SUV-STANDARD-01	HIGH		READY
146116	146116	SUV	C40		5	EU-VOLVO-C40-EC40-2021-SUV-STANDARD-01	HIGH		READY
154225	154225	SUV	C40		5	EU-VOLVO-C40-EC40-2021-SUV-STANDARD-01	HIGH		READY
11062	11062	Convertible	C70 I		2	EU-VOLVO-C70-I-CONVERTIBLE-STANDARD-01	HIGH		READY
11065	11065	Coupe	C70 I		2	EU-VOLVO-C70-I-COUPE-STANDARD-01	HIGH		READY
14728	14728	Coupe	C70 I		2	EU-VOLVO-C70-I-COUPE-STANDARD-01	HIGH		READY
16175	16175	Coupe	C70 I		2	EU-VOLVO-C70-I-COUPE-STANDARD-01	HIGH		READY
16176	16176	Convertible	C70 I		2	EU-VOLVO-C70-I-CONVERTIBLE-STANDARD-01	HIGH		READY
17615	17615	Convertible	C70 I		2	EU-VOLVO-C70-I-CONVERTIBLE-STANDARD-01	HIGH		READY
17616	17616	Convertible	C70 I		2	EU-VOLVO-C70-I-CONVERTIBLE-STANDARD-01	HIGH		READY
58581_prefl	58581	Convertible	C70 II		2	EU-VOLVO-C70-II-CONVERTIBLE-PREFL-01	HIGH	Split at 2009 facelift because standard exterior dimensions change.	READY
58581_facelift	58581	Convertible	C70 II facelift 2009		2	EU-VOLVO-C70-II-CONVERTIBLE-FACELIFT-01	HIGH	Split at 2009 facelift because standard exterior dimensions change.	READY
157804	157804	SUV	EC40		5	EU-VOLVO-C40-EC40-2021-SUV-STANDARD-01	HIGH		READY
157806	157806	SUV	EC40		5	EU-VOLVO-C40-EC40-2021-SUV-STANDARD-01	HIGH		READY
157807	157807	SUV	EC40		5	EU-VOLVO-C40-EC40-2021-SUV-STANDARD-01	HIGH		READY
158028	158028	SUV	EC40		5	EU-VOLVO-C40-EC40-2021-SUV-STANDARD-01	HIGH		READY
161038	161038	Hatchback	ES90		5	EU-VOLVO-ES90-2025-HATCHBACK-STANDARD-01	HIGH		READY
160801	160801	Hatchback	ES90		5	EU-VOLVO-ES90-2025-HATCHBACK-STANDARD-01	HIGH		READY
161039	161039	Hatchback	ES90		5	EU-VOLVO-ES90-2025-HATCHBACK-STANDARD-01	HIGH		READY
162846	162846	Hatchback	ES90		5	EU-VOLVO-ES90-2025-HATCHBACK-STANDARD-01	HIGH		READY
154762	154762	SUV	EX30		5	EU-VOLVO-EX30-2023-SUV-STANDARD-01	HIGH		READY
801920	801920	SUV	EX30		5	EU-VOLVO-EX30-2023-SUV-STANDARD-01	HIGH		READY
803195	803195	SUV	EX30		5	EU-VOLVO-EX30-2023-SUV-STANDARD-01	HIGH		READY
160587	160587	SUV	EX30		5	EU-VOLVO-EX30-2023-SUV-STANDARD-01	HIGH		READY
160588	160588	SUV	EX30		5	EU-VOLVO-EX30-2023-SUV-STANDARD-01	HIGH		READY
154763	154763	SUV	EX30		5	EU-VOLVO-EX30-2023-SUV-STANDARD-01	HIGH		READY
801921	801921	SUV	EX30		5	EU-VOLVO-EX30-2023-SUV-STANDARD-01	HIGH		READY
157808	157808	SUV	EX40		5	EU-VOLVO-EX40-2024-SUV-STANDARD-01	HIGH		READY
157809	157809	SUV	EX40		5	EU-VOLVO-EX40-2024-SUV-STANDARD-01	HIGH		READY
157810	157810	SUV	EX40		5	EU-VOLVO-EX40-2024-SUV-STANDARD-01	HIGH		READY
158029	158029	SUV	EX40		5	EU-VOLVO-EX40-2024-SUV-STANDARD-01	HIGH		READY
163618	163618	SUV	EX60		5	EU-VOLVO-EX60-2026-SUV-STANDARD-01	HIGH		READY
163619	163619	SUV	EX60		5	EU-VOLVO-EX60-2026-SUV-STANDARD-01	HIGH		READY
163617	163617	SUV	EX60		5	EU-VOLVO-EX60-2026-SUV-STANDARD-01	HIGH		READY
155071	155071	SUV	EX90		5	EU-VOLVO-EX90-2023-SUV-STANDARD-01	HIGH		READY
802370	802370	SUV	EX90		5	EU-VOLVO-EX90-2023-SUV-STANDARD-01	HIGH		READY
151483	151483	SUV	EX90		5	EU-VOLVO-EX90-2023-SUV-STANDARD-01	HIGH		READY
802371	802371	SUV	EX90		5	EU-VOLVO-EX90-2023-SUV-STANDARD-01	HIGH		READY
151484	151484	SUV	EX90		5	EU-VOLVO-EX90-2023-SUV-STANDARD-01	HIGH		READY
802372	802372	SUV	EX90		5	EU-VOLVO-EX90-2023-SUV-STANDARD-01	HIGH		READY
49898	49898	Coupe	1800S		2	EU-VOLVO-P1800-1963-COUPE-STANDARD-01	HIGH		READY
49900	49900	Coupe	1800E		2	EU-VOLVO-P1800-1963-COUPE-STANDARD-01	HIGH		READY
49997	49997	Sedan	PV444		2	EU-VOLVO-PV444-1947-SEDAN-STANDARD-01	MEDIUM		READY
147689	147689	Hatchback	PV544		2	EU-VOLVO-PV544-1958-HATCHBACK-STANDARD-01	MEDIUM	Input Schrägheck label normalized to Hatchback; no additional body branch created.	READY
12519	12519	Sedan	S40 I	VS	4	EU-VOLVO-S40-I-SEDAN-STANDARD-01	HIGH		READY
12526	12526	Sedan	S40 I	VS	4	EU-VOLVO-S40-I-SEDAN-STANDARD-01	HIGH		READY
12360	12360	Sedan	S40 I	VS	4	EU-VOLVO-S40-I-SEDAN-STANDARD-01	HIGH		READY
16472	16472	Sedan	S40 I	VS	4	EU-VOLVO-S40-I-SEDAN-STANDARD-01	HIGH		READY
128501	128501	Sedan	S40 I	VS	4	EU-VOLVO-S40-I-SEDAN-STANDARD-01	HIGH		READY
11403	11403	Sedan	S40 I	VS	4	EU-VOLVO-S40-I-SEDAN-STANDARD-01	HIGH		READY
14956	14956	Sedan	S40 I	VS	4	EU-VOLVO-S40-I-SEDAN-STANDARD-01	HIGH		READY
14957	14957	Sedan	S40 I	VS	4	EU-VOLVO-S40-I-SEDAN-STANDARD-01	HIGH		READY
5707	5707	Sedan	S40 I	VS	4	EU-VOLVO-S40-I-SEDAN-STANDARD-01	HIGH		READY
12359	12359	Sedan	S40 I	VS	4	EU-VOLVO-S40-I-SEDAN-STANDARD-01	HIGH		READY
14959	14959	Sedan	S40 I	VS	4	EU-VOLVO-S40-I-SEDAN-STANDARD-01	HIGH		READY
16568	16568	Sedan	S40 I	VS	4	EU-VOLVO-S40-I-SEDAN-STANDARD-01	HIGH		READY
14958	14958	Sedan	S40 I	VS	4	EU-VOLVO-S40-I-SEDAN-STANDARD-01	HIGH		READY
18600	18600	Sedan	S40 II		4	EU-VOLVO-S40-II-SEDAN-STANDARD-01	HIGH		READY
18111	18111	Sedan	S40 II		4	EU-VOLVO-S40-II-SEDAN-STANDARD-01	HIGH		READY
17819	17819	Sedan	S40 II		4	EU-VOLVO-S40-II-SEDAN-STANDARD-01	HIGH		READY
17822	17822	Sedan	S40 II		4	EU-VOLVO-S40-II-SEDAN-STANDARD-01	HIGH		READY
18601	18601	Sedan	S40 II		4	EU-VOLVO-S40-II-SEDAN-STANDARD-01	HIGH		READY
17905	17905	Sedan	S40 II		4	EU-VOLVO-S40-II-SEDAN-STANDARD-01	HIGH		READY
10058	10058	Sedan	S40 II		4	EU-VOLVO-S40-II-SEDAN-STANDARD-01	HIGH		READY
17823	17823	Sedan	S40 II		4	EU-VOLVO-S40-II-SEDAN-STANDARD-01	HIGH		READY
18110	18110	Sedan	S40 II		4	EU-VOLVO-S40-II-SEDAN-STANDARD-01	HIGH		READY
15148	15148	Sedan	S60 I		4	EU-VOLVO-S60-I-SEDAN-STANDARD-01	HIGH		READY
15149	15149	Sedan	S60 I		4	EU-VOLVO-S60-I-SEDAN-STANDARD-01	HIGH		READY
56015	56015	Sedan	S60 I		4	EU-VOLVO-S60-I-SEDAN-STANDARD-01	HIGH		READY
16840	16840	Sedan	S60 I		4	EU-VOLVO-S60-I-SEDAN-STANDARD-01	HIGH		READY
100014	100014	Sedan	S60 I		4	EU-VOLVO-S60-I-SEDAN-STANDARD-01	HIGH		READY
17322	17322	Sedan	S60 I		4	EU-VOLVO-S60-I-SEDAN-STANDARD-01	HIGH		READY
56017	56017	Sedan	S60 I		4	EU-VOLVO-S60-I-SEDAN-STANDARD-01	HIGH		READY
15150	15150	Sedan	S60 I		4	EU-VOLVO-S60-I-SEDAN-STANDARD-01	HIGH		READY
16186	16186	Sedan	S60 I		4	EU-VOLVO-S60-I-SEDAN-STANDARD-01	HIGH		READY
18008	18008	Sedan	S60 I		4	EU-VOLVO-S60-I-SEDAN-STANDARD-01	HIGH		READY
18223	18223	Sedan	S60 I		4	EU-VOLVO-S60-I-SEDAN-STANDARD-01	HIGH		READY
16110	16110	Sedan	S60 I		4	EU-VOLVO-S60-I-SEDAN-STANDARD-01	HIGH		READY
17133	17133	Sedan	S60 I		4	EU-VOLVO-S60-I-SEDAN-STANDARD-01	HIGH		READY
15151	15151	Sedan	S60 I		4	EU-VOLVO-S60-I-SEDAN-STANDARD-01	HIGH		READY
18224	18224	Sedan	S60 I		4	EU-VOLVO-S60-I-SEDAN-STANDARD-01	HIGH		READY
120525	120525	Sedan	S60 II facelift 2013		4	EU-VOLVO-S60-II-SEDAN-FACELIFT-01	HIGH		READY
101020_prefl	101020	Sedan	S60 II		4	EU-VOLVO-S60-II-SEDAN-PREFL-01	HIGH	Split at 2013 facelift because standard length changes.	READY
101020_facelift	101020	Sedan	S60 II facelift 2013		4	EU-VOLVO-S60-II-SEDAN-FACELIFT-01	HIGH	Split at 2013 facelift because standard length changes.	READY
143429_prefl	143429	Sedan	S60 II		4	EU-VOLVO-S60-II-SEDAN-PREFL-01	HIGH	Split at 2013 facelift because standard length changes.	READY
143429_facelift	143429	Sedan	S60 II facelift 2013		4	EU-VOLVO-S60-II-SEDAN-FACELIFT-01	HIGH	Split at 2013 facelift because standard length changes.	READY
106317	106317	Sedan	S60 II facelift 2013		4	EU-VOLVO-S60-II-SEDAN-FACELIFT-01	HIGH		READY
113260	113260	Sedan	S60 II facelift 2013		4	EU-VOLVO-S60-II-SEDAN-FACELIFT-01	HIGH		READY
57428_prefl	57428	Sedan	S60 II		4	EU-VOLVO-S60-II-SEDAN-PREFL-01	HIGH	Split at 2013 facelift because standard length changes.	READY
57428_facelift	57428	Sedan	S60 II facelift 2013		4	EU-VOLVO-S60-II-SEDAN-FACELIFT-01	HIGH	Split at 2013 facelift because standard length changes.	READY
113262	113262	Sedan	S60 II facelift 2013		4	EU-VOLVO-S60-II-SEDAN-FACELIFT-01	HIGH		READY
57429_prefl	57429	Sedan	S60 II pre-facelift		4	EU-VOLVO-S60-II-SEDAN-PREFL-01	HIGH	Ktype spans the 2013 dimensional update; split by physical exterior.	READY
57429_facelift	57429	Sedan	S60 II facelift		4	EU-VOLVO-S60-II-SEDAN-FACELIFT-01	HIGH	Ktype spans the 2013 dimensional update; split by physical exterior.	READY
100528	100528	Sedan	S60 II facelift		4	EU-VOLVO-S60-II-SEDAN-FACELIFT-01	HIGH		READY
113263	113263	Sedan	S60 II facelift		4	EU-VOLVO-S60-II-SEDAN-FACELIFT-01	HIGH		READY
113265	113265	Sedan	S60 II facelift		4	EU-VOLVO-S60-II-SEDAN-FACELIFT-01	HIGH		READY
10289_prefl	10289	Sedan	S60 II pre-facelift		4	EU-VOLVO-S60-II-SEDAN-PREFL-01	HIGH	Ktype spans the 2013 dimensional update; split by physical exterior.	READY
10289_facelift	10289	Sedan	S60 II facelift		4	EU-VOLVO-S60-II-SEDAN-FACELIFT-01	HIGH	Ktype spans the 2013 dimensional update; split by physical exterior.	READY
107460	107460	Sedan	S60 II facelift		4	EU-VOLVO-S60-II-SEDAN-FACELIFT-01	HIGH		READY
113266	113266	Sedan	S60 II facelift		4	EU-VOLVO-S60-II-SEDAN-FACELIFT-01	HIGH		READY
10290_prefl	10290	Sedan	S60 II pre-facelift		4	EU-VOLVO-S60-II-SEDAN-PREFL-01	HIGH	Ktype spans the 2013 dimensional update; split by physical exterior.	READY
10290_facelift	10290	Sedan	S60 II facelift		4	EU-VOLVO-S60-II-SEDAN-FACELIFT-01	HIGH	Ktype spans the 2013 dimensional update; split by physical exterior.	READY
107461	107461	Sedan	S60 II facelift		4	EU-VOLVO-S60-II-SEDAN-FACELIFT-01	HIGH		READY
119110	119110	Sedan	S60 II facelift		4	EU-VOLVO-S60-II-SEDAN-FACELIFT-01	HIGH		READY
113267	113267	Sedan	S60 II facelift		4	EU-VOLVO-S60-II-SEDAN-FACELIFT-01	HIGH		READY
113269	113269	Sedan	S60 II facelift		4	EU-VOLVO-S60-II-SEDAN-FACELIFT-01	HIGH		READY
114198	114198	Sedan	S60 II facelift		4	EU-VOLVO-S60-II-SEDAN-FACELIFT-01	HIGH		READY
12572_prefl	12572	Sedan	S60 II pre-facelift		4	EU-VOLVO-S60-II-SEDAN-PREFL-01	HIGH	Ktype spans the 2013 dimensional update; split by physical exterior.	READY
12572_facelift	12572	Sedan	S60 II facelift		4	EU-VOLVO-S60-II-SEDAN-FACELIFT-01	HIGH	Ktype spans the 2013 dimensional update; split by physical exterior.	READY
51930_prefl	51930	Sedan	S60 II pre-facelift		4	EU-VOLVO-S60-II-SEDAN-PREFL-01	HIGH	Ktype spans the 2013 dimensional update; split by physical exterior.	READY
51930_facelift	51930	Sedan	S60 II facelift		4	EU-VOLVO-S60-II-SEDAN-FACELIFT-01	HIGH	Ktype spans the 2013 dimensional update; split by physical exterior.	READY
100522	100522	Sedan	S60 II facelift		4	EU-VOLVO-S60-II-SEDAN-FACELIFT-01	HIGH		READY
107411	107411	Sedan	S60 II facelift		4	EU-VOLVO-S60-II-SEDAN-FACELIFT-01	HIGH		READY
116593	116593	Sedan	S60 II facelift		4	EU-VOLVO-S60-II-SEDAN-FACELIFT-01	HIGH		READY
100520	100520	Sedan	S60 II facelift		4	EU-VOLVO-S60-II-SEDAN-FACELIFT-01	HIGH		READY
57041	57041	Sedan	S60 II facelift		4	EU-VOLVO-S60-II-SEDAN-FACELIFT-01	HIGH		READY
118986	118986	Sedan	S60 II facelift		4	EU-VOLVO-S60-II-SEDAN-FACELIFT-01	HIGH		READY
147927	147927	Sedan	S60 II Cross Country		4	EU-VOLVO-S60-II-CROSS-COUNTRY-SEDAN-STANDARD-01	HIGH		READY
147929	147929	Sedan	S60 II Cross Country		4	EU-VOLVO-S60-II-CROSS-COUNTRY-SEDAN-STANDARD-01	HIGH		READY
147930	147930	Sedan	S60 II Cross Country		4	EU-VOLVO-S60-II-CROSS-COUNTRY-SEDAN-STANDARD-01	HIGH		READY
147933	147933	Sedan	S60 II Cross Country		4	EU-VOLVO-S60-II-CROSS-COUNTRY-SEDAN-STANDARD-01	HIGH		READY
147926	147926	Sedan	S60 II Cross Country		4	EU-VOLVO-S60-II-CROSS-COUNTRY-SEDAN-STANDARD-01	HIGH		READY
147931	147931	Sedan	S60 II Cross Country		4	EU-VOLVO-S60-II-CROSS-COUNTRY-SEDAN-STANDARD-01	HIGH		READY
143402_prefl	143402	Sedan	S60 III pre-facelift		4	EU-VOLVO-S60-III-SEDAN-PREFL-01	HIGH	Ktype spans the 2023 dimensional update; split by physical exterior.	READY
143402_facelift	143402	Sedan	S60 III facelift		4	EU-VOLVO-S60-III-SEDAN-FACELIFT-01	HIGH	Ktype spans the 2023 dimensional update; split by physical exterior.	READY
147100_prefl	147100	Sedan	S60 III pre-facelift		4	EU-VOLVO-S60-III-SEDAN-PREFL-01	HIGH	Ktype spans the 2023 dimensional update; split by physical exterior.	READY
147100_facelift	147100	Sedan	S60 III facelift		4	EU-VOLVO-S60-III-SEDAN-FACELIFT-01	HIGH	Ktype spans the 2023 dimensional update; split by physical exterior.	READY
145093	145093	Sedan	S60 III pre-facelift		4	EU-VOLVO-S60-III-SEDAN-PREFL-01	HIGH		READY
147403	147403	Sedan	S60 III pre-facelift		4	EU-VOLVO-S60-III-SEDAN-PREFL-01	HIGH		READY
151837_prefl	151837	Sedan	S60 III pre-facelift		4	EU-VOLVO-S60-III-SEDAN-PREFL-01	HIGH	Ktype spans the 2023 dimensional update; split by physical exterior.	READY
151837_facelift	151837	Sedan	S60 III facelift		4	EU-VOLVO-S60-III-SEDAN-FACELIFT-01	HIGH	Ktype spans the 2023 dimensional update; split by physical exterior.	READY
143303	143303	Sedan	S60 III pre-facelift		4	EU-VOLVO-S60-III-SEDAN-PREFL-01	HIGH		READY
146655_prefl	146655	Sedan	S60 III pre-facelift		4	EU-VOLVO-S60-III-SEDAN-PREFL-01	HIGH	Ktype spans the 2023 dimensional update; split by physical exterior.	READY
146655_facelift	146655	Sedan	S60 III facelift		4	EU-VOLVO-S60-III-SEDAN-FACELIFT-01	HIGH	Ktype spans the 2023 dimensional update; split by physical exterior.	READY
151722	151722	Sedan	S60 III facelift		4	EU-VOLVO-S60-III-SEDAN-FACELIFT-01	HIGH		READY
152745_prefl	152745	Sedan	S60 III pre-facelift		4	EU-VOLVO-S60-III-SEDAN-PREFL-01	HIGH	Ktype spans the 2023 dimensional update; split by physical exterior.	READY
152745_facelift	152745	Sedan	S60 III facelift		4	EU-VOLVO-S60-III-SEDAN-FACELIFT-01	HIGH	Ktype spans the 2023 dimensional update; split by physical exterior.	READY
18331	18331	Sedan	S70		4	EU-VOLVO-S70-I-SEDAN-STANDARD-01	HIGH		READY
11064	11064	Sedan	S70		4	EU-VOLVO-S70-I-SEDAN-STANDARD-01	HIGH		READY
14441	14441	Sedan	S70		4	EU-VOLVO-S70-I-SEDAN-STANDARD-01	HIGH		READY
10420	10420	Sedan	S70		4	EU-VOLVO-S70-I-SEDAN-STANDARD-01	HIGH		READY
15570	15570	Sedan	S70		4	EU-VOLVO-S70-I-SEDAN-STANDARD-01	HIGH		READY
10172_prefl	10172	Sedan	S80 I pre-facelift		4	EU-VOLVO-S80-I-SEDAN-PREFL-01	HIGH	Ktype spans the 2003 dimensional update; split by physical exterior.	READY
10172_facelift	10172	Sedan	S80 I facelift		4	EU-VOLVO-S80-I-SEDAN-FACELIFT-01	HIGH	Ktype spans the 2003 dimensional update; split by physical exterior.	READY
11066_prefl	11066	Sedan	S80 I pre-facelift		4	EU-VOLVO-S80-I-SEDAN-PREFL-01	HIGH	Ktype spans the 2003 dimensional update; split by physical exterior.	READY
11066_facelift	11066	Sedan	S80 I facelift		4	EU-VOLVO-S80-I-SEDAN-FACELIFT-01	HIGH	Ktype spans the 2003 dimensional update; split by physical exterior.	READY
13087_prefl	13087	Sedan	S80 I pre-facelift		4	EU-VOLVO-S80-I-SEDAN-PREFL-01	HIGH	Ktype spans the 2003 dimensional update; split by physical exterior.	READY
13087_facelift	13087	Sedan	S80 I facelift		4	EU-VOLVO-S80-I-SEDAN-FACELIFT-01	HIGH	Ktype spans the 2003 dimensional update; split by physical exterior.	READY
16474_prefl	16474	Sedan	S80 I pre-facelift		4	EU-VOLVO-S80-I-SEDAN-PREFL-01	HIGH	Ktype spans the 2003 dimensional update; split by physical exterior.	READY
16474_facelift	16474	Sedan	S80 I facelift		4	EU-VOLVO-S80-I-SEDAN-FACELIFT-01	HIGH	Ktype spans the 2003 dimensional update; split by physical exterior.	READY
16078_prefl	16078	Sedan	S80 I pre-facelift		4	EU-VOLVO-S80-I-SEDAN-PREFL-01	HIGH	Ktype spans the 2003 dimensional update; split by physical exterior.	READY
16078_facelift	16078	Sedan	S80 I facelift		4	EU-VOLVO-S80-I-SEDAN-FACELIFT-01	HIGH	Ktype spans the 2003 dimensional update; split by physical exterior.	READY
16081_prefl	16081	Sedan	S80 I pre-facelift		4	EU-VOLVO-S80-I-SEDAN-PREFL-01	HIGH	Ktype spans the 2003 dimensional update; split by physical exterior.	READY
16081_facelift	16081	Sedan	S80 I facelift		4	EU-VOLVO-S80-I-SEDAN-FACELIFT-01	HIGH	Ktype spans the 2003 dimensional update; split by physical exterior.	READY
100288_prefl	100288	Sedan	S80 I pre-facelift		4	EU-VOLVO-S80-I-SEDAN-PREFL-01	HIGH	Ktype spans the 2003 dimensional update; split by physical exterior.	READY
100288_facelift	100288	Sedan	S80 I facelift		4	EU-VOLVO-S80-I-SEDAN-FACELIFT-01	HIGH	Ktype spans the 2003 dimensional update; split by physical exterior.	READY
16476_prefl	16476	Sedan	S80 I pre-facelift		4	EU-VOLVO-S80-I-SEDAN-PREFL-01	HIGH	Ktype spans the 2003 dimensional update; split by physical exterior.	READY
16476_facelift	16476	Sedan	S80 I facelift		4	EU-VOLVO-S80-I-SEDAN-FACELIFT-01	HIGH	Ktype spans the 2003 dimensional update; split by physical exterior.	READY
16079_prefl	16079	Sedan	S80 I pre-facelift		4	EU-VOLVO-S80-I-SEDAN-PREFL-01	HIGH	Ktype spans the 2003 dimensional update; split by physical exterior.	READY
16079_facelift	16079	Sedan	S80 I facelift		4	EU-VOLVO-S80-I-SEDAN-FACELIFT-01	HIGH	Ktype spans the 2003 dimensional update; split by physical exterior.	READY
18602	18602	Sedan	S80 I facelift		4	EU-VOLVO-S80-I-SEDAN-FACELIFT-01	HIGH		READY
17283	17283	Sedan	S80 I facelift		4	EU-VOLVO-S80-I-SEDAN-FACELIFT-01	HIGH		READY
16080_prefl	16080	Sedan	S80 I pre-facelift		4	EU-VOLVO-S80-I-SEDAN-PREFL-01	HIGH	Ktype spans the 2003 dimensional update; split by physical exterior.	READY
16080_facelift	16080	Sedan	S80 I facelift		4	EU-VOLVO-S80-I-SEDAN-FACELIFT-01	HIGH	Ktype spans the 2003 dimensional update; split by physical exterior.	READY
16475_prefl	16475	Sedan	S80 I pre-facelift		4	EU-VOLVO-S80-I-SEDAN-PREFL-01	HIGH	Ktype spans the 2003 dimensional update; split by physical exterior.	READY
16475_facelift	16475	Sedan	S80 I facelift		4	EU-VOLVO-S80-I-SEDAN-FACELIFT-01	HIGH	Ktype spans the 2003 dimensional update; split by physical exterior.	READY
33802	33802	Sedan	S80 II pre-2013		4	EU-VOLVO-S80-II-SEDAN-PREFL-01	HIGH		READY
10249_prefl	10249	Sedan	S80 II pre-2013		4	EU-VOLVO-S80-II-SEDAN-PREFL-01	HIGH	Ktype spans the 2013 dimensional update; split by physical exterior.	READY
10249_facelift	10249	Sedan	S80 II facelift 2013		4	EU-VOLVO-S80-II-SEDAN-FACELIFT-01	HIGH	Ktype spans the 2013 dimensional update; split by physical exterior.	READY
109981	109981	Sedan	S80 II facelift 2013		4	EU-VOLVO-S80-II-SEDAN-FACELIFT-01	HIGH		READY
33801	33801	Sedan	S80 II pre-2013		4	EU-VOLVO-S80-II-SEDAN-PREFL-01	HIGH		READY
33800	33800	Sedan	S80 II pre-2013		4	EU-VOLVO-S80-II-SEDAN-PREFL-01	HIGH		READY
109982_prefl	109982	Sedan	S80 II pre-2013		4	EU-VOLVO-S80-II-SEDAN-PREFL-01	HIGH	Ktype spans the 2013 dimensional update; split by physical exterior.	READY
109982_facelift	109982	Sedan	S80 II facelift 2013		4	EU-VOLVO-S80-II-SEDAN-FACELIFT-01	HIGH	Ktype spans the 2013 dimensional update; split by physical exterior.	READY
109983_prefl	109983	Sedan	S80 II pre-2013		4	EU-VOLVO-S80-II-SEDAN-PREFL-01	HIGH	Ktype spans the 2013 dimensional update; split by physical exterior.	READY
109983_facelift	109983	Sedan	S80 II facelift 2013		4	EU-VOLVO-S80-II-SEDAN-FACELIFT-01	HIGH	Ktype spans the 2013 dimensional update; split by physical exterior.	READY
100518	100518	Sedan	S80 II facelift 2013		4	EU-VOLVO-S80-II-SEDAN-FACELIFT-01	HIGH		READY
10282_prefl	10282	Sedan	S80 II pre-2013		4	EU-VOLVO-S80-II-SEDAN-PREFL-01	HIGH	Ktype spans the 2013 dimensional update; split by physical exterior.	READY
10282_facelift	10282	Sedan	S80 II facelift 2013		4	EU-VOLVO-S80-II-SEDAN-FACELIFT-01	HIGH	Ktype spans the 2013 dimensional update; split by physical exterior.	READY
10278_prefl	10278	Sedan	S80 II pre-2013		4	EU-VOLVO-S80-II-SEDAN-PREFL-01	HIGH	Ktype spans the 2013 dimensional update; split by physical exterior.	READY
10278_facelift	10278	Sedan	S80 II facelift 2013		4	EU-VOLVO-S80-II-SEDAN-FACELIFT-01	HIGH	Ktype spans the 2013 dimensional update; split by physical exterior.	READY
12575_prefl	12575	Sedan	S80 II pre-2013		4	EU-VOLVO-S80-II-SEDAN-PREFL-01	HIGH	Ktype spans the 2013 dimensional update; split by physical exterior.	READY
12575_facelift	12575	Sedan	S80 II facelift 2013		4	EU-VOLVO-S80-II-SEDAN-FACELIFT-01	HIGH	Ktype spans the 2013 dimensional update; split by physical exterior.	READY
100519	100519	Sedan	S80 II facelift 2013		4	EU-VOLVO-S80-II-SEDAN-FACELIFT-01	HIGH		READY
120516	120516	Sedan	S80 II facelift 2013		4	EU-VOLVO-S80-II-SEDAN-FACELIFT-01	HIGH		READY
145094	145094	Sedan	S90 II facelift		4	EU-VOLVO-S90-II-SEDAN-FACELIFT-01	HIGH		READY
154662	154662	Sedan	S90 II facelift		4	EU-VOLVO-S90-II-SEDAN-FACELIFT-01	HIGH		READY
147097	147097	Sedan	S90 II facelift		4	EU-VOLVO-S90-II-SEDAN-FACELIFT-01	HIGH		READY
124007_prefl	124007	Sedan	S90 II pre-facelift		4	EU-VOLVO-S90-II-SEDAN-PREFL-01	HIGH	Ktype spans the 2021 dimensional update; split by physical exterior.	READY
124007_facelift	124007	Sedan	S90 II facelift		4	EU-VOLVO-S90-II-SEDAN-FACELIFT-01	HIGH	Ktype spans the 2021 dimensional update; split by physical exterior.	READY
119951_prefl	119951	Sedan	S90 II pre-facelift		4	EU-VOLVO-S90-II-SEDAN-PREFL-01	HIGH	Ktype spans the 2021 dimensional update; split by physical exterior.	READY
119951_facelift	119951	Sedan	S90 II facelift		4	EU-VOLVO-S90-II-SEDAN-FACELIFT-01	HIGH	Ktype spans the 2021 dimensional update; split by physical exterior.	READY
124006_prefl	124006	Sedan	S90 II pre-facelift		4	EU-VOLVO-S90-II-SEDAN-PREFL-01	HIGH	Ktype spans the 2021 dimensional update; split by physical exterior.	READY
124006_facelift	124006	Sedan	S90 II facelift		4	EU-VOLVO-S90-II-SEDAN-FACELIFT-01	HIGH	Ktype spans the 2021 dimensional update; split by physical exterior.	READY
119950_prefl	119950	Sedan	S90 II pre-facelift		4	EU-VOLVO-S90-II-SEDAN-PREFL-01	HIGH	Ktype spans the 2021 dimensional update; split by physical exterior.	READY
119950_facelift	119950	Sedan	S90 II facelift		4	EU-VOLVO-S90-II-SEDAN-FACELIFT-01	HIGH	Ktype spans the 2021 dimensional update; split by physical exterior.	READY
120506_prefl	120506	Sedan	S90 II pre-facelift		4	EU-VOLVO-S90-II-SEDAN-PREFL-01	HIGH	Ktype spans the 2021 dimensional update; split by physical exterior.	READY
120506_facelift	120506	Sedan	S90 II facelift		4	EU-VOLVO-S90-II-SEDAN-FACELIFT-01	HIGH	Ktype spans the 2021 dimensional update; split by physical exterior.	READY
119949_prefl	119949	Sedan	S90 II pre-facelift		4	EU-VOLVO-S90-II-SEDAN-PREFL-01	HIGH	Ktype spans the 2021 dimensional update; split by physical exterior.	READY
119949_facelift	119949	Sedan	S90 II facelift		4	EU-VOLVO-S90-II-SEDAN-FACELIFT-01	HIGH	Ktype spans the 2021 dimensional update; split by physical exterior.	READY
143304_prefl	143304	Sedan	S90 II pre-facelift		4	EU-VOLVO-S90-II-SEDAN-PREFL-01	HIGH	Ktype spans the 2021 dimensional update; split by physical exterior.	READY
143304_facelift	143304	Sedan	S90 II facelift		4	EU-VOLVO-S90-II-SEDAN-FACELIFT-01	HIGH	Ktype spans the 2021 dimensional update; split by physical exterior.	READY
146664	146664	Sedan	S90 II facelift		4	EU-VOLVO-S90-II-SEDAN-FACELIFT-01	HIGH		READY
152925	152925	Sedan	S90 II facelift		4	EU-VOLVO-S90-II-SEDAN-FACELIFT-01	HIGH		READY
12520_prefl	12520	Wagon	V40 I pre-facelift		5	EU-VOLVO-V40-I-WAGON-PREFL-01	HIGH	Ktype spans the 2000 dimensional update; split by physical exterior.	READY
12520_facelift	12520	Wagon	V40 I facelift		5	EU-VOLVO-V40-I-WAGON-FACELIFT-01	HIGH	Ktype spans the 2000 dimensional update; split by physical exterior.	READY
12528_prefl	12528	Wagon	V40 I pre-facelift		5	EU-VOLVO-V40-I-WAGON-PREFL-01	HIGH	Ktype spans the 2000 dimensional update; split by physical exterior.	READY
12528_facelift	12528	Wagon	V40 I facelift		5	EU-VOLVO-V40-I-WAGON-FACELIFT-01	HIGH	Ktype spans the 2000 dimensional update; split by physical exterior.	READY
12361_prefl	12361	Wagon	V40 I pre-facelift		5	EU-VOLVO-V40-I-WAGON-PREFL-01	HIGH	Ktype spans the 2000 dimensional update; split by physical exterior.	READY
12361_facelift	12361	Wagon	V40 I facelift		5	EU-VOLVO-V40-I-WAGON-FACELIFT-01	HIGH	Ktype spans the 2000 dimensional update; split by physical exterior.	READY
16473	16473	Wagon	V40 I facelift		5	EU-VOLVO-V40-I-WAGON-FACELIFT-01	HIGH		READY
128503_prefl	128503	Wagon	V40 I pre-facelift		5	EU-VOLVO-V40-I-WAGON-PREFL-01	HIGH	Ktype spans the 2000 dimensional update; split by physical exterior.	READY
128503_facelift	128503	Wagon	V40 I facelift		5	EU-VOLVO-V40-I-WAGON-FACELIFT-01	HIGH	Ktype spans the 2000 dimensional update; split by physical exterior.	READY
11404	11404	Wagon	V40 I pre-facelift		5	EU-VOLVO-V40-I-WAGON-PREFL-01	HIGH		READY
14960	14960	Wagon	V40 I facelift		5	EU-VOLVO-V40-I-WAGON-FACELIFT-01	HIGH		READY
14961	14961	Wagon	V40 I facelift		5	EU-VOLVO-V40-I-WAGON-FACELIFT-01	HIGH		READY
5708	5708	Wagon	V40 I pre-facelift		5	EU-VOLVO-V40-I-WAGON-PREFL-01	HIGH		READY
11119	11119	Wagon	V40 I pre-facelift		5	EU-VOLVO-V40-I-WAGON-PREFL-01	HIGH		READY
14963_prefl	14963	Wagon	V40 I pre-facelift		5	EU-VOLVO-V40-I-WAGON-PREFL-01	HIGH	Ktype spans the 2000 dimensional update; split by physical exterior.	READY
14963_facelift	14963	Wagon	V40 I facelift		5	EU-VOLVO-V40-I-WAGON-FACELIFT-01	HIGH	Ktype spans the 2000 dimensional update; split by physical exterior.	READY
16569	16569	Wagon	V40 I facelift		5	EU-VOLVO-V40-I-WAGON-FACELIFT-01	HIGH		READY
14962	14962	Wagon	V40 I facelift		5	EU-VOLVO-V40-I-WAGON-FACELIFT-01	HIGH		READY
55098	55098	Hatchback	V40 II		5	EU-VOLVO-V40-II-HATCHBACK-STANDARD-01	HIGH		READY
111861	111861	Hatchback	V40 II		5	EU-VOLVO-V40-II-HATCHBACK-STANDARD-01	HIGH		READY
55100	55100	Hatchback	V40 II		5	EU-VOLVO-V40-II-HATCHBACK-STANDARD-01	HIGH		READY
116224	116224	Hatchback	V40 II		5	EU-VOLVO-V40-II-HATCHBACK-STANDARD-01	HIGH		READY
55102	55102	Hatchback	V40 II		5	EU-VOLVO-V40-II-HATCHBACK-STANDARD-01	HIGH		READY
106279	106279	Hatchback	V40 II		5	EU-VOLVO-V40-II-HATCHBACK-STANDARD-01	HIGH		READY
111857	111857	Hatchback	V40 II		5	EU-VOLVO-V40-II-HATCHBACK-STANDARD-01	HIGH		READY
111884	111884	Hatchback	V40 II		5	EU-VOLVO-V40-II-HATCHBACK-STANDARD-01	HIGH		READY
59370	59370	Hatchback	II		5	EU-VOLVO-V40-II-HATCHBACK-STANDARD-01	HIGH		READY
111858	111858	Hatchback	II		5	EU-VOLVO-V40-II-HATCHBACK-STANDARD-01	HIGH		READY
112556	112556	Hatchback	II		5	EU-VOLVO-V40-II-HATCHBACK-STANDARD-01	HIGH		READY
55096	55096	Hatchback	II		5	EU-VOLVO-V40-II-HATCHBACK-STANDARD-01	HIGH		READY
107462	107462	Hatchback	II		5	EU-VOLVO-V40-II-HATCHBACK-STANDARD-01	HIGH		READY
116592	116592	Hatchback	II		5	EU-VOLVO-V40-II-HATCHBACK-STANDARD-01	HIGH		READY
55097	55097	Hatchback	II		5	EU-VOLVO-V40-II-HATCHBACK-STANDARD-01	HIGH		READY
57488	57488	Hatchback	II		5	EU-VOLVO-V40-II-HATCHBACK-STANDARD-01	HIGH		READY
58973	58973	Hatchback	II		5	EU-VOLVO-V40-II-HATCHBACK-STANDARD-01	HIGH		READY
106280	106280	Hatchback	II		5	EU-VOLVO-V40-II-HATCHBACK-STANDARD-01	HIGH		READY
147906	147906	Hatchback	II		5	EU-VOLVO-V40-II-HATCHBACK-CROSS-COUNTRY-01	HIGH	Input Kasten/Schrägheck resolved to Hatchback.	READY
147901	147901	Hatchback	II		5	EU-VOLVO-V40-II-HATCHBACK-CROSS-COUNTRY-01	HIGH		READY
147919	147919	Hatchback	II		5	EU-VOLVO-V40-II-HATCHBACK-CROSS-COUNTRY-01	HIGH		READY
147903	147903	Hatchback	II		5	EU-VOLVO-V40-II-HATCHBACK-CROSS-COUNTRY-01	HIGH		READY
147920	147920	Hatchback	II		5	EU-VOLVO-V40-II-HATCHBACK-CROSS-COUNTRY-01	HIGH		READY
147896	147896	Hatchback	II		5	EU-VOLVO-V40-II-HATCHBACK-CROSS-COUNTRY-01	HIGH		READY
147922	147922	Hatchback	II		5	EU-VOLVO-V40-II-HATCHBACK-CROSS-COUNTRY-01	HIGH		READY
147908	147908	Hatchback	II		5	EU-VOLVO-V40-II-HATCHBACK-CROSS-COUNTRY-01	HIGH		READY
147900	147900	Hatchback	II		5	EU-VOLVO-V40-II-HATCHBACK-CROSS-COUNTRY-01	HIGH		READY
147902	147902	Hatchback	II		5	EU-VOLVO-V40-II-HATCHBACK-CROSS-COUNTRY-01	HIGH		READY
147904	147904	Hatchback	II		5	EU-VOLVO-V40-II-HATCHBACK-CROSS-COUNTRY-01	HIGH		READY
147909	147909	Hatchback	II		5	EU-VOLVO-V40-II-HATCHBACK-CROSS-COUNTRY-01	HIGH		READY
112412	112412	Hatchback	II		5	EU-VOLVO-V40-II-HATCHBACK-CROSS-COUNTRY-01	HIGH		READY
147917	147917	Hatchback	II		5	EU-VOLVO-V40-II-HATCHBACK-CROSS-COUNTRY-01	HIGH		READY
147923	147923	Hatchback	II		5	EU-VOLVO-V40-II-HATCHBACK-CROSS-COUNTRY-01	HIGH		READY
147924	147924	Hatchback	II		5	EU-VOLVO-V40-II-HATCHBACK-CROSS-COUNTRY-01	HIGH		READY
59786	59786	Hatchback	II		5	EU-VOLVO-V40-II-HATCHBACK-CROSS-COUNTRY-01	HIGH		READY
108766	108766	Hatchback	II		5	EU-VOLVO-V40-II-HATCHBACK-CROSS-COUNTRY-01	HIGH		READY
18603	18603	Wagon	I		5	EU-VOLVO-V50-I-WAGON-STANDARD-01	HIGH		READY
18113	18113	Wagon	I		5	EU-VOLVO-V50-I-WAGON-STANDARD-01	HIGH		READY
17820	17820	Wagon	I		5	EU-VOLVO-V50-I-WAGON-STANDARD-01	HIGH		READY
17821	17821	Wagon	I		5	EU-VOLVO-V50-I-WAGON-STANDARD-01	HIGH		READY
18604	18604	Wagon	I		5	EU-VOLVO-V50-I-WAGON-STANDARD-01	HIGH		READY
128504	128504	Wagon	I		5	EU-VOLVO-V50-I-WAGON-STANDARD-01	HIGH		READY
17906	17906	Wagon	I		5	EU-VOLVO-V50-I-WAGON-STANDARD-01	HIGH		READY
33822	33822	Wagon	I		5	EU-VOLVO-V50-I-WAGON-STANDARD-01	HIGH		READY
33806	33806	Wagon	I		5	EU-VOLVO-V50-I-WAGON-STANDARD-01	HIGH		READY
17824	17824	Wagon	I		5	EU-VOLVO-V50-I-WAGON-STANDARD-01	HIGH		READY
18112	18112	Wagon	I		5	EU-VOLVO-V50-I-WAGON-STANDARD-01	HIGH		READY
10248	10248	Wagon	I		5	EU-VOLVO-V60-I-WAGON-STANDARD-01	MEDIUM		READY
120524	120524	Wagon	I		5	EU-VOLVO-V60-I-WAGON-STANDARD-01	MEDIUM		READY
6047	6047	Wagon	I		5	EU-VOLVO-V60-I-WAGON-STANDARD-01	MEDIUM		READY
128085	128085	Wagon	I		5	EU-VOLVO-V60-I-WAGON-STANDARD-01	MEDIUM		READY
106318	106318	Wagon	I		5	EU-VOLVO-V60-I-WAGON-STANDARD-01	MEDIUM		READY
113270	113270	Wagon	I		5	EU-VOLVO-V60-I-WAGON-STANDARD-01	MEDIUM		READY
57495	57495	Wagon	I		5	EU-VOLVO-V60-I-WAGON-STANDARD-01	MEDIUM		READY
113271	113271	Wagon	I		5	EU-VOLVO-V60-I-WAGON-STANDARD-01	MEDIUM		READY
6051	6051	Wagon	I		5	EU-VOLVO-V60-I-WAGON-STANDARD-01	MEDIUM		READY
100369	100369	Wagon	I		5	EU-VOLVO-V60-I-WAGON-STANDARD-01	MEDIUM		READY
113272	113272	Wagon	I		5	EU-VOLVO-V60-I-WAGON-STANDARD-01	MEDIUM		READY
57496	57496	Wagon	I		5	EU-VOLVO-V60-I-WAGON-STANDARD-01	MEDIUM		READY
100372	100372	Wagon	I		5	EU-VOLVO-V60-I-WAGON-STANDARD-01	MEDIUM		READY
113273	113273	Wagon	I		5	EU-VOLVO-V60-I-WAGON-STANDARD-01	MEDIUM		READY
10275	10275	Wagon	I		5	EU-VOLVO-V60-I-WAGON-STANDARD-01	MEDIUM		READY
107466	107466	Wagon	I		5	EU-VOLVO-V60-I-WAGON-STANDARD-01	MEDIUM		READY
113274	113274	Wagon	I		5	EU-VOLVO-V60-I-WAGON-STANDARD-01	MEDIUM		READY
10277	10277	Wagon	I		5	EU-VOLVO-V60-I-WAGON-STANDARD-01	MEDIUM		READY
107467	107467	Wagon	I		5	EU-VOLVO-V60-I-WAGON-STANDARD-01	MEDIUM		READY
116225	116225	Wagon	I		5	EU-VOLVO-V60-I-WAGON-STANDARD-01	MEDIUM		READY
55138	55138	Wagon	I		5	EU-VOLVO-V60-I-WAGON-STANDARD-01	MEDIUM		READY
113276	113276	Wagon	I		5	EU-VOLVO-V60-I-WAGON-STANDARD-01	MEDIUM		READY
119086	119086	Wagon	I		5	EU-VOLVO-V60-I-WAGON-STANDARD-01	MEDIUM		READY
113278	113278	Wagon	I		5	EU-VOLVO-V60-I-WAGON-STANDARD-01	MEDIUM		READY
113280	113280	Wagon	I		5	EU-VOLVO-V60-I-WAGON-STANDARD-01	MEDIUM		READY
114200	114200	Wagon	I		5	EU-VOLVO-V60-I-WAGON-STANDARD-01	MEDIUM		READY
12693	12693	Wagon	I		5	EU-VOLVO-V60-I-WAGON-STANDARD-01	MEDIUM		READY
100376	100376	Wagon	I		5	EU-VOLVO-V60-I-WAGON-STANDARD-01	MEDIUM		READY
100402	100402	Wagon	I		5	EU-VOLVO-V60-I-WAGON-STANDARD-01	MEDIUM		READY
128084	128084	Wagon	I		5	EU-VOLVO-V60-I-WAGON-STANDARD-01	MEDIUM		READY
107415	107415	Wagon	I		5	EU-VOLVO-V60-I-WAGON-STANDARD-01	MEDIUM		READY
116595	116595	Wagon	I		5	EU-VOLVO-V60-I-WAGON-STANDARD-01	MEDIUM		READY
100377	100377	Wagon	I		5	EU-VOLVO-V60-I-WAGON-STANDARD-01	MEDIUM		READY
107414	107414	Wagon	I		5	EU-VOLVO-V60-I-WAGON-STANDARD-01	MEDIUM		READY
117791	117791	Wagon	I		5	EU-VOLVO-V60-I-WAGON-STANDARD-01	MEDIUM		READY
147939	147939	Wagon	I		5	EU-VOLVO-V60-I-WAGON-CROSS-COUNTRY-01	HIGH		READY
147942	147942	Wagon	I		5	EU-VOLVO-V60-I-WAGON-CROSS-COUNTRY-01	HIGH		READY
147945	147945	Wagon	I		5	EU-VOLVO-V60-I-WAGON-CROSS-COUNTRY-01	HIGH		READY
147947	147947	Wagon	I		5	EU-VOLVO-V60-I-WAGON-CROSS-COUNTRY-01	HIGH		READY
147948	147948	Wagon	I		5	EU-VOLVO-V60-I-WAGON-CROSS-COUNTRY-01	HIGH		READY
147949	147949	Wagon	I		5	EU-VOLVO-V60-I-WAGON-CROSS-COUNTRY-01	HIGH		READY
147937	147937	Wagon	I		5	EU-VOLVO-V60-I-WAGON-CROSS-COUNTRY-01	HIGH		READY
147938	147938	Wagon	I		5	EU-VOLVO-V60-I-WAGON-CROSS-COUNTRY-01	HIGH		READY
147950	147950	Wagon	I		5	EU-VOLVO-V60-I-WAGON-CROSS-COUNTRY-01	HIGH		READY
145168	145168	Wagon	II		5	EU-VOLVO-V60-II-WAGON-STANDARD-01	HIGH		READY
151838	151838	Wagon	II		5	EU-VOLVO-V60-II-WAGON-STANDARD-01	HIGH		READY
803454	803454	Wagon	II		5	EU-VOLVO-V60-II-WAGON-2026-PHEV-01	HIGH	2026 plug-in-hybrid exterior dimensions differ from earlier V60 II.	READY
146658	146658	Wagon	II		5	EU-VOLVO-V60-II-WAGON-STANDARD-01	HIGH		READY
151713	151713	Wagon	II		5	EU-VOLVO-V60-II-WAGON-STANDARD-01	HIGH		READY
145169	145169	Wagon	II		5	EU-VOLVO-V60-II-WAGON-CROSS-COUNTRY-01	HIGH		READY
147098	147098	Wagon	II		5	EU-VOLVO-V60-II-WAGON-CROSS-COUNTRY-01	HIGH		READY
147956	147956	Wagon	II		5	EU-VOLVO-V60-II-WAGON-CROSS-COUNTRY-01	HIGH		READY
147951	147951	Wagon	II		5	EU-VOLVO-V60-II-WAGON-CROSS-COUNTRY-01	HIGH		READY
147952	147952	Wagon	II		5	EU-VOLVO-V60-II-WAGON-CROSS-COUNTRY-01	HIGH		READY
147955	147955	Wagon	II		5	EU-VOLVO-V60-II-WAGON-CROSS-COUNTRY-01	HIGH		READY
147953	147953	Wagon	II		5	EU-VOLVO-V60-II-WAGON-CROSS-COUNTRY-01	HIGH		READY
147954	147954	Wagon	II		5	EU-VOLVO-V60-II-WAGON-CROSS-COUNTRY-01	HIGH		READY
18317	18317	Wagon	I		5	EU-VOLVO-V70-I-WAGON-STANDARD-01	MEDIUM		READY
11063	11063	Wagon	I		5	EU-VOLVO-V70-I-WAGON-STANDARD-01	MEDIUM		READY
14440	14440	Wagon	I		5	EU-VOLVO-V70-I-WAGON-STANDARD-01	MEDIUM		READY
11227	11227	Wagon	I		5	EU-VOLVO-V70-I-WAGON-STANDARD-01	MEDIUM		READY
10173	10173	Wagon	V70 I		5	EU-VOLVO-V70-I-WAGON-STANDARD-01	HIGH		READY
10419	10419	Wagon	V70 I		5	EU-VOLVO-V70-I-WAGON-STANDARD-01	HIGH		READY
12530	12530	Wagon	V70 I		5	EU-VOLVO-V70-I-WAGON-STANDARD-01	HIGH		READY
14607	14607	Wagon	V70 I		5	EU-VOLVO-V70-I-WAGON-STANDARD-01	HIGH		READY
14810	14810	Wagon	V70 II		5	EU-VOLVO-V70-II-WAGON-STANDARD-01	HIGH		READY
14811	14811	Wagon	V70 II		5	EU-VOLVO-V70-II-WAGON-STANDARD-01	HIGH		READY
16493	16493	Wagon	V70 II		5	EU-VOLVO-V70-II-WAGON-STANDARD-01	HIGH		READY
16083	16083	Wagon	V70 II		5	EU-VOLVO-V70-II-WAGON-STANDARD-01	HIGH		READY
100286	100286	Wagon	V70 II		5	EU-VOLVO-V70-II-WAGON-STANDARD-01	HIGH		READY
16599	16599	Wagon	V70 II		5	EU-VOLVO-V70-II-WAGON-STANDARD-01	HIGH		READY
14618	14618	Wagon	V70 II		5	EU-VOLVO-V70-II-WAGON-STANDARD-01	HIGH		READY
16495	16495	Wagon	V70 II		5	EU-VOLVO-V70-II-WAGON-STANDARD-01	HIGH		READY
18221	18221	Wagon	V70 II		5	EU-VOLVO-V70-II-WAGON-STANDARD-01	HIGH		READY
17139	17139	Wagon	V70 II		5	EU-VOLVO-V70-II-WAGON-STANDARD-01	HIGH		READY
14619	14619	Wagon	V70 II		5	EU-VOLVO-V70-II-WAGON-STANDARD-01	HIGH		READY
16082	16082	Wagon	V70 II		5	EU-VOLVO-V70-II-WAGON-STANDARD-01	HIGH		READY
17521	17521	Wagon	V70 II		5	EU-VOLVO-V70-II-WAGON-STANDARD-01	HIGH		READY
16925	16925	Wagon	V70 II		5	EU-VOLVO-V70-II-WAGON-STANDARD-01	HIGH		READY
14617	14617	Wagon	V70 II		5	EU-VOLVO-V70-II-WAGON-STANDARD-01	HIGH		READY
18222	18222	Wagon	V70 II		5	EU-VOLVO-V70-II-WAGON-STANDARD-01	HIGH		READY
12347	12347	Wagon	V70 III		5	EU-VOLVO-V70-III-WAGON-PREFL-01	MEDIUM	Production span crosses 2013 facelift; retained one launch-phase exterior because no Ktype-specific multi-body evidence was found.	READY
10250	10250	Wagon	V70 III		5	EU-VOLVO-V70-III-WAGON-PREFL-01	MEDIUM	Production span crosses 2013 facelift; retained one launch-phase exterior because no Ktype-specific multi-body evidence was found.	READY
117368	117368	Wagon	V70 III		5	EU-VOLVO-V70-III-WAGON-PREFL-01	MEDIUM	Production span crosses 2013 facelift; retained one launch-phase exterior because no Ktype-specific multi-body evidence was found.	READY
33816	33816	Wagon	V70 III		5	EU-VOLVO-V70-III-WAGON-PREFL-01	HIGH		READY
33815	33815	Wagon	V70 III		5	EU-VOLVO-V70-III-WAGON-PREFL-01	HIGH		READY
12731	12731	Wagon	V70 III		5	EU-VOLVO-V70-III-WAGON-PREFL-01	MEDIUM	Production span crosses 2013 facelift; retained one launch-phase exterior because no Ktype-specific multi-body evidence was found.	READY
113281	113281	Wagon	V70 III		5	EU-VOLVO-V70-III-WAGON-FACELIFT-01	HIGH		READY
59385	59385	Wagon	V70 III		5	EU-VOLVO-V70-III-WAGON-PREFL-01	MEDIUM	Production span crosses 2013 facelift; retained one launch-phase exterior because no Ktype-specific multi-body evidence was found.	READY
113283	113283	Wagon	V70 III		5	EU-VOLVO-V70-III-WAGON-FACELIFT-01	HIGH		READY
10064	10064	Wagon	V70 III		5	EU-VOLVO-V70-III-WAGON-PREFL-01	MEDIUM	Production span crosses 2013 facelift; retained one launch-phase exterior because no Ktype-specific multi-body evidence was found.	READY
100378	100378	Wagon	V70 III		5	EU-VOLVO-V70-III-WAGON-FACELIFT-01	HIGH		READY
59028	59028	Wagon	V70 III		5	EU-VOLVO-V70-III-WAGON-PREFL-01	MEDIUM	Production span crosses 2013 facelift; retained one launch-phase exterior because no Ktype-specific multi-body evidence was found.	READY
100379	100379	Wagon	V70 III		5	EU-VOLVO-V70-III-WAGON-FACELIFT-01	HIGH		READY
10274	10274	Wagon	V70 III		5	EU-VOLVO-V70-III-WAGON-PREFL-01	MEDIUM	Production span crosses 2013 facelift; retained one launch-phase exterior because no Ktype-specific multi-body evidence was found.	READY
10294	10294	Wagon	V70 III		5	EU-VOLVO-V70-III-WAGON-PREFL-01	MEDIUM	Production span crosses 2013 facelift; retained one launch-phase exterior because no Ktype-specific multi-body evidence was found.	READY
113284	113284	Wagon	V70 III		5	EU-VOLVO-V70-III-WAGON-FACELIFT-01	HIGH		READY
12730	12730	Wagon	V70 III		5	EU-VOLVO-V70-III-WAGON-PREFL-01	MEDIUM	Production span crosses 2013 facelift; retained one launch-phase exterior because no Ktype-specific multi-body evidence was found.	READY
100380	100380	Wagon	V70 III		5	EU-VOLVO-V70-III-WAGON-FACELIFT-01	HIGH		READY
14645	14645	Wagon	V70 III		5	EU-VOLVO-V70-III-WAGON-PREFL-01	MEDIUM	Production span crosses 2013 facelift; retained one launch-phase exterior because no Ktype-specific multi-body evidence was found.	READY
143433	143433	Wagon	V90 II		5	EU-VOLVO-V90-II-WAGON-FACELIFT-01	HIGH		READY
146124	146124	Wagon	V90 II		5	EU-VOLVO-V90-II-WAGON-FACELIFT-01	HIGH		READY
143552	143552	Wagon	V90 II		5	EU-VOLVO-V90-II-WAGON-FACELIFT-01	HIGH		READY
148103	148103	Wagon	V90 II		5	EU-VOLVO-V90-II-WAGON-FACELIFT-01	HIGH		READY
123999	123999	Wagon	V90 II		5	EU-VOLVO-V90-II-WAGON-PREFL-01	MEDIUM	Production span crosses 2020 facelift; retained one launch-phase exterior because no Ktype-specific multi-body evidence was found.	READY
124000	124000	Wagon	V90 II		5	EU-VOLVO-V90-II-WAGON-PREFL-01	MEDIUM	Production span crosses 2020 facelift; retained one launch-phase exterior because no Ktype-specific multi-body evidence was found.	READY
119946	119946	Wagon	V90 II		5	EU-VOLVO-V90-II-WAGON-PREFL-01	MEDIUM	Production span crosses 2020 facelift; retained one launch-phase exterior because no Ktype-specific multi-body evidence was found.	READY
124001	124001	Wagon	V90 II		5	EU-VOLVO-V90-II-WAGON-PREFL-01	MEDIUM	Production span crosses 2020 facelift; retained one launch-phase exterior because no Ktype-specific multi-body evidence was found.	READY
119947	119947	Wagon	V90 II		5	EU-VOLVO-V90-II-WAGON-PREFL-01	MEDIUM	Production span crosses 2020 facelift; retained one launch-phase exterior because no Ktype-specific multi-body evidence was found.	READY
119944	119944	Wagon	V90 II		5	EU-VOLVO-V90-II-WAGON-PREFL-01	HIGH		READY
119945	119945	Wagon	V90 II		5	EU-VOLVO-V90-II-WAGON-PREFL-01	HIGH		READY
151836	151836	Wagon	V90 II		5	EU-VOLVO-V90-II-WAGON-FACELIFT-01	HIGH		READY
146645	146645	Wagon	V90 II		5	EU-VOLVO-V90-II-WAGON-FACELIFT-01	HIGH		READY
119948	119948	Wagon	V90 II		5	EU-VOLVO-V90-II-WAGON-PREFL-01	HIGH		READY
151725	151725	Wagon	V90 II		5	EU-VOLVO-V90-II-WAGON-FACELIFT-01	HIGH		READY
147971	147971	Wagon	V90 II Cross Country		5	EU-VOLVO-V90-II-WAGON-CROSS-COUNTRY-FACELIFT-01	HIGH		READY
147970	147970	Wagon	V90 II Cross Country		5	EU-VOLVO-V90-II-WAGON-CROSS-COUNTRY-FACELIFT-01	HIGH		READY
148104	148104	Wagon	V90 II Cross Country		5	EU-VOLVO-V90-II-WAGON-CROSS-COUNTRY-FACELIFT-01	HIGH		READY
147096	147096	Wagon	V90 II Cross Country		5	EU-VOLVO-V90-II-WAGON-CROSS-COUNTRY-FACELIFT-01	HIGH		READY
147969	147969	Wagon	V90 II Cross Country		5	EU-VOLVO-V90-II-WAGON-CROSS-COUNTRY-FACELIFT-01	HIGH		READY
147963	147963	Wagon	V90 II Cross Country		5	EU-VOLVO-V90-II-WAGON-CROSS-COUNTRY-PREFL-01	MEDIUM	Open production span crosses 2020 facelift; retained one launch-phase Cross Country exterior because no Ktype-specific multi-body evidence was found.	READY
147962	147962	Wagon	V90 II Cross Country		5	EU-VOLVO-V90-II-WAGON-CROSS-COUNTRY-PREFL-01	MEDIUM	Open production span crosses 2020 facelift; retained one launch-phase Cross Country exterior because no Ktype-specific multi-body evidence was found.	READY
147966	147966	Wagon	V90 II Cross Country		5	EU-VOLVO-V90-II-WAGON-CROSS-COUNTRY-PREFL-01	MEDIUM	Open production span crosses 2020 facelift; retained one launch-phase Cross Country exterior because no Ktype-specific multi-body evidence was found.	READY
147965	147965	Wagon	V90 II Cross Country		5	EU-VOLVO-V90-II-WAGON-CROSS-COUNTRY-PREFL-01	MEDIUM	Open production span crosses 2020 facelift; retained one launch-phase Cross Country exterior because no Ktype-specific multi-body evidence was found.	READY
124002	124002	Wagon	V90 II Cross Country		5	EU-VOLVO-V90-II-WAGON-CROSS-COUNTRY-PREFL-01	HIGH		READY
148002	148002	Wagon	V90 II Cross Country		5	EU-VOLVO-V90-II-WAGON-CROSS-COUNTRY-PREFL-01	HIGH		READY
147961	147961	Wagon	V90 II Cross Country		5	EU-VOLVO-V90-II-WAGON-CROSS-COUNTRY-PREFL-01	MEDIUM	Open production span crosses 2020 facelift; retained one launch-phase Cross Country exterior because no Ktype-specific multi-body evidence was found.	READY
147967	147967	Wagon	V90 II Cross Country		5	EU-VOLVO-V90-II-WAGON-CROSS-COUNTRY-PREFL-01	MEDIUM	Open production span crosses 2020 facelift; retained one launch-phase Cross Country exterior because no Ktype-specific multi-body evidence was found.	READY
147968	147968	Wagon	V90 II Cross Country		5	EU-VOLVO-V90-II-WAGON-CROSS-COUNTRY-PREFL-01	MEDIUM	Open production span crosses 2020 facelift; retained one launch-phase Cross Country exterior because no Ktype-specific multi-body evidence was found.	READY
146666	146666	SUV	XC40 I		5	EU-VOLVO-XC40-I-SUV-FACELIFT-01	HIGH		READY
802149	802149	SUV	XC40 I		5	EU-VOLVO-XC40-I-SUV-FACELIFT-01	HIGH		READY
147099	147099	SUV	XC40 I		5	EU-VOLVO-XC40-I-SUV-FACELIFT-01	HIGH		READY
149991	149991	SUV	XC40 I		5	EU-VOLVO-XC40-I-SUV-PREFL-01	HIGH		READY
149992	149992	SUV	XC40 I		5	EU-VOLVO-XC40-I-SUV-PREFL-01	HIGH		READY
146656	146656	SUV	XC40 I		5	EU-VOLVO-XC40-I-SUV-PREFL-01	HIGH		READY
152029	152029	SUV	XC40 I		5	EU-VOLVO-XC40-I-SUV-FACELIFT-01	HIGH		READY
152030	152030	SUV	XC40 I		5	EU-VOLVO-XC40-I-SUV-FACELIFT-01	HIGH		READY
144518	144518	SUV	XC40 I		5	EU-VOLVO-XC40-I-SUV-PREFL-01	HIGH		READY
143452	143452	SUV	XC40 I		5	EU-VOLVO-XC40-I-SUV-PREFL-01	MEDIUM	Production span reaches the 2022 facelift; retained one launch-phase exterior because no Ktype-specific multi-body evidence was found.	READY
145510	145510	SUV	XC40 I		5	EU-VOLVO-XC40-I-SUV-PREFL-01	HIGH		READY
58950	58950	SUV	XC60 I		5	EU-VOLVO-XC60-I-SUV-PREFL-01	MEDIUM	Production span crosses the 2013 facelift; retained one launch-phase exterior because no Ktype-specific multi-body evidence was found.	READY
113285	113285	SUV	XC60 I		5	EU-VOLVO-XC60-I-SUV-FACELIFT-01	HIGH		READY
100381	100381	SUV	XC60 I		5	EU-VOLVO-XC60-I-SUV-FACELIFT-01	HIGH		READY
113286	113286	SUV	XC60 I		5	EU-VOLVO-XC60-I-SUV-FACELIFT-01	HIGH		READY
100284	100284	SUV	XC60 I		5	EU-VOLVO-XC60-I-SUV-FACELIFT-01	HIGH		READY
113289	113289	SUV	XC60 I		5	EU-VOLVO-XC60-I-SUV-FACELIFT-01	HIGH		READY
12732	12732	SUV	XC60 I		5	EU-VOLVO-XC60-I-SUV-PREFL-01	MEDIUM	Production span crosses the 2013 facelift; retained one launch-phase exterior because no Ktype-specific multi-body evidence was found.	READY
10292	10292	SUV	XC60 I		5	EU-VOLVO-XC60-I-SUV-PREFL-01	MEDIUM	Production span crosses the 2013 facelift; retained one launch-phase exterior because no Ktype-specific multi-body evidence was found.	READY
107469	107469	SUV	XC60 I		5	EU-VOLVO-XC60-I-SUV-FACELIFT-01	HIGH		READY
113291	113291	SUV	XC60 I		5	EU-VOLVO-XC60-I-SUV-FACELIFT-01	HIGH		READY
100383	100383	SUV	XC60 I		5	EU-VOLVO-XC60-I-SUV-FACELIFT-01	HIGH		READY
108270	108270	SUV	XC60 I		5	EU-VOLVO-XC60-I-SUV-FACELIFT-01	HIGH		READY
100384	100384	SUV	XC60 I		5	EU-VOLVO-XC60-I-SUV-FACELIFT-01	HIGH		READY
107468	107468	SUV	XC60 I		5	EU-VOLVO-XC60-I-SUV-FACELIFT-01	HIGH		READY
117792	117792	SUV	XC60 I		5	EU-VOLVO-XC60-I-SUV-FACELIFT-01	HIGH		READY
142996	142996	Van	XC60 I		5	EU-VOLVO-XC60-I-SUV-FACELIFT-01	MEDIUM	Commercial van homologation; exterior envelope matches the XC60 I facelift SUV body.	READY
142997	142997	Van	XC60 I		5	EU-VOLVO-XC60-I-SUV-FACELIFT-01	MEDIUM	Commercial van homologation; exterior envelope matches the XC60 I facelift SUV body.	READY
142998	142998	Van	XC60 I		5	EU-VOLVO-XC60-I-SUV-FACELIFT-01	MEDIUM	Commercial van homologation; exterior envelope matches the XC60 I facelift SUV body.	READY
142999	142999	Van	XC60 I		5	EU-VOLVO-XC60-I-SUV-FACELIFT-01	MEDIUM	Commercial van homologation; exterior envelope matches the XC60 I facelift SUV body.	READY
147101	147101	SUV	XC60 II		5	EU-VOLVO-XC60-II-SUV-FACELIFT-01	HIGH		READY
147102	147102	SUV	XC60 II		5	EU-VOLVO-XC60-II-SUV-FACELIFT-01	HIGH		READY
144949	144949	SUV	XC60 II		5	EU-VOLVO-XC60-II-SUV-PREFACELIFT-01	HIGH		READY
800184	800184	SUV	XC60 II facelift		5	EU-VOLVO-XC60-II-SUV-FACELIFT-01	HIGH		READY
126478	126478	SUV	XC60 II		5	EU-VOLVO-XC60-II-SUV-PREFACELIFT-01	HIGH		READY
126479	126479	SUV	XC60 II		5	EU-VOLVO-XC60-II-SUV-PREFACELIFT-01	HIGH		READY
128114	128114	SUV	XC60 II		5	EU-VOLVO-XC60-II-SUV-PREFACELIFT-01	HIGH		READY
126480	126480	SUV	XC60 II		5	EU-VOLVO-XC60-II-SUV-PREFACELIFT-01	HIGH		READY
126481	126481	SUV	XC60 II		5	EU-VOLVO-XC60-II-SUV-PREFACELIFT-01	HIGH		READY
145081	145081	SUV	XC60 II facelift		5	EU-VOLVO-XC60-II-SUV-FACELIFT-PHEV-01	HIGH		READY
151835	151835	SUV	XC60 II facelift		5	EU-VOLVO-XC60-II-SUV-FACELIFT-PHEV-01	HIGH		READY
801159	801159	SUV	XC60 II facelift		5	EU-VOLVO-XC60-II-SUV-FACELIFT-PHEV-01	HIGH		READY
803459	803459	SUV	XC60 II facelift		5	EU-VOLVO-XC60-II-SUV-FACELIFT-PHEV-02	HIGH		READY
126482	126482	SUV	XC60 II		5	EU-VOLVO-XC60-II-SUV-PREFACELIFT-01	HIGH		READY
146619	146619	SUV	XC60 II facelift		5	EU-VOLVO-XC60-II-SUV-FACELIFT-PHEV-01	HIGH		READY
146749	146749	SUV	XC60 II		5	EU-VOLVO-XC60-II-SUV-PREFACELIFT-01	HIGH		READY
803458	803458	SUV	XC60 II facelift		5	EU-VOLVO-XC60-II-SUV-FACELIFT-PHEV-02	HIGH		READY
143450	143450	SUV	XC60 II facelift		5	EU-VOLVO-XC60-II-SUV-FACELIFT-PHEV-01	HIGH		READY
14616	14616	Wagon	XC70 I		5	EU-VOLVO-XC70-I-WAGON-01	HIGH		READY
16995	16995	Wagon	XC70 I		5	EU-VOLVO-XC70-I-WAGON-01	HIGH		READY
16845	16845	Wagon	XC70 I		5	EU-VOLVO-XC70-I-WAGON-01	HIGH		READY
33817	33817	Wagon	XC70 II		5	EU-VOLVO-XC70-II-WAGON-01	HIGH		READY
11508	11508	Wagon	XC70 II		5	EU-VOLVO-XC70-II-WAGON-01	HIGH		READY
100393	100393	Wagon	XC70 II		5	EU-VOLVO-XC70-II-WAGON-01	HIGH		READY
100283	100283	Wagon	XC70 II		5	EU-VOLVO-XC70-II-WAGON-01	HIGH		READY
10295	10295	Wagon	XC70 II		5	EU-VOLVO-XC70-II-WAGON-01	HIGH		READY
113294	113294	Wagon	XC70 II		5	EU-VOLVO-XC70-II-WAGON-01	HIGH		READY
100394	100394	Wagon	XC70 II		5	EU-VOLVO-XC70-II-WAGON-01	HIGH		READY
115626	115626	Wagon	XC70 II		5	EU-VOLVO-XC70-II-WAGON-01	HIGH		READY
143205	143205	Van	XC70 II		5	EU-VOLVO-XC70-II-WAGON-01	HIGH	Commercial classification; exterior matches the XC70 II wagon body.	READY
143206	143206	Van	XC70 II		5	EU-VOLVO-XC70-II-WAGON-01	HIGH	Commercial classification; exterior matches the XC70 II wagon body.	READY
143207	143207	Van	XC70 II		5	EU-VOLVO-XC70-II-WAGON-01	HIGH	Commercial classification; exterior matches the XC70 II wagon body.	READY
106045	106045	SUV	XC90 I		5	EU-VOLVO-XC90-I-SUV-01	HIGH		READY
16570	16570	SUV	XC90 I		5	EU-VOLVO-XC90-I-SUV-01	HIGH		READY
108870	108870	SUV	XC90 I		5	EU-VOLVO-XC90-I-SUV-01	HIGH		READY
12490	12490	SUV	XC90 I		5	EU-VOLVO-XC90-I-SUV-01	HIGH		READY
16572	16572	SUV	XC90 I		5	EU-VOLVO-XC90-I-SUV-01	HIGH		READY
109449	109449	SUV	XC90 I		5	EU-VOLVO-XC90-I-SUV-01	HIGH		READY
16571	16571	SUV	XC90 I		5	EU-VOLVO-XC90-I-SUV-01	HIGH		READY
18291	18291	SUV	XC90 I		5	EU-VOLVO-XC90-I-SUV-01	HIGH		READY
108617	108617	SUV	XC90 I		5	EU-VOLVO-XC90-I-SUV-01	HIGH		READY
143066	143066	Van	XC90 I		5	EU-VOLVO-XC90-I-SUV-01	HIGH	Commercial classification; exterior matches the XC90 I SUV body.	READY
143065	143065	Van	XC90 I		5	EU-VOLVO-XC90-I-SUV-01	HIGH	Commercial classification; exterior matches the XC90 I SUV body.	READY
147179	147179	SUV	XC90 II facelift		5	EU-VOLVO-XC90-II-SUV-FACELIFT-01	HIGH		READY
147210	147210	SUV	XC90 II facelift		5	EU-VOLVO-XC90-II-SUV-FACELIFT-01	HIGH		READY
147178	147178	SUV	XC90 II facelift		5	EU-VOLVO-XC90-II-SUV-FACELIFT-01	HIGH		READY
800185	800185	SUV	XC90 II facelift		5	EU-VOLVO-XC90-II-SUV-FACELIFT-01	HIGH		READY
111885	111885	SUV	XC90 II		5	EU-VOLVO-XC90-II-SUV-PREFACELIFT-01	HIGH		READY
111886	111886	SUV	XC90 II		5	EU-VOLVO-XC90-II-SUV-PREFACELIFT-01	HIGH		READY
107556	107556	SUV	XC90 II		5	EU-VOLVO-XC90-II-SUV-PREFACELIFT-01	HIGH		READY
119842_facelift	119842	SUV	XC90 II facelift		5	EU-VOLVO-XC90-II-SUV-FACELIFT-01	HIGH	Ktype production range covers both exterior stages.	READY
119842_prefl	119842	SUV	XC90 II		5	EU-VOLVO-XC90-II-SUV-PREFACELIFT-01	HIGH	Ktype production range covers both exterior stages.	READY
111887_facelift	111887	SUV	XC90 II facelift		5	EU-VOLVO-XC90-II-SUV-FACELIFT-01	HIGH	Ktype production range covers both exterior stages.	READY
111887_prefl	111887	SUV	XC90 II		5	EU-VOLVO-XC90-II-SUV-PREFACELIFT-01	HIGH	Ktype production range covers both exterior stages.	READY
120522	120522	SUV	XC90 II		5	EU-VOLVO-XC90-II-SUV-PREFACELIFT-01	HIGH		READY
107555	107555	SUV	XC90 II		5	EU-VOLVO-XC90-II-SUV-PREFACELIFT-01	HIGH		READY
111864	111864	SUV	XC90 II		5	EU-VOLVO-XC90-II-SUV-PREFACELIFT-01	HIGH		READY
803457	803457	SUV	XC90 II facelift		5	EU-VOLVO-XC90-II-SUV-FACELIFT-02	HIGH		READY
153020	153020	SUV	XC90 II facelift		5	EU-VOLVO-XC90-II-SUV-FACELIFT-01	HIGH		READY
146643	146643	SUV	XC90 II facelift		5	EU-VOLVO-XC90-II-SUV-FACELIFT-01	HIGH		READY
159942	159942	SUV	Courage I		5	EU-VOYAH-COURAGE-I-SUV-RWD-01	HIGH		READY
159944	159944	SUV	Courage I		5	EU-VOYAH-COURAGE-I-SUV-AWD-01	HIGH		READY
147538	147538	MPV	Dream I		5	EU-VOYAH-DREAM-I-MPV-AWD-01	HIGH		READY
150130	150130	SUV	Free I		5	EU-VOYAH-FREE-I-SUV-AWD-01	HIGH		READY
14881	14881	Convertible	Type 166	166		EU-VW-TYPE-166-CONVERTIBLE-01	MEDIUM	Open amphibious body; door count is not used as a branch.	READY
8911	8911	Convertible	Type 181	181	4	EU-VW-TYPE-181-CONVERTIBLE-01	HIGH		READY
56028_doublecab	56028	Pickup	Amarok I	2H	4	EU-VW-AMAROK-I-PICKUP-DOUBLECAB-01	MEDIUM	Ktype covers both single-cab and double-cab pickup bodies.	READY
56028_singlecab	56028	Pickup	Amarok I	2H	2	EU-VW-AMAROK-I-PICKUP-SINGLECAB-01	MEDIUM	Ktype covers both single-cab and double-cab pickup bodies.	READY
113222	113222	Pickup	Amarok I	2H	2	EU-VW-AMAROK-I-PICKUP-CHASSIS-01	HIGH	Factory platform/chassis branch; no cargo bed body is assumed.	READY
113223	113223	Pickup	Amarok I	2H	2	EU-VW-AMAROK-I-PICKUP-CHASSIS-01	HIGH	Factory platform/chassis branch; no cargo bed body is assumed.	READY
34980_doublecab	34980	Pickup	Amarok I	2H	4	EU-VW-AMAROK-I-PICKUP-DOUBLECAB-01	MEDIUM	Ktype covers both single-cab and double-cab pickup bodies.	READY
34980_singlecab	34980	Pickup	Amarok I	2H	2	EU-VW-AMAROK-I-PICKUP-SINGLECAB-01	MEDIUM	Ktype covers both single-cab and double-cab pickup bodies.	READY
56896_doublecab	56896	Pickup	Amarok I	2H	4	EU-VW-AMAROK-I-PICKUP-DOUBLECAB-01	MEDIUM	Ktype covers both single-cab and double-cab pickup bodies.	READY
56896_singlecab	56896	Pickup	Amarok I	2H	2	EU-VW-AMAROK-I-PICKUP-SINGLECAB-01	MEDIUM	Ktype covers both single-cab and double-cab pickup bodies.	READY
113218	113218	Pickup	Amarok I	2H	2	EU-VW-AMAROK-I-PICKUP-CHASSIS-01	HIGH	Factory platform/chassis branch; no cargo bed body is assumed.	READY
113219	113219	Pickup	Amarok I	2H	2	EU-VW-AMAROK-I-PICKUP-CHASSIS-01	HIGH	Factory platform/chassis branch; no cargo bed body is assumed.	READY
34979_doublecab	34979	Pickup	Amarok I	2H	4	EU-VW-AMAROK-I-PICKUP-DOUBLECAB-01	MEDIUM	Ktype covers both single-cab and double-cab pickup bodies.	READY
34979_singlecab	34979	Pickup	Amarok I	2H	2	EU-VW-AMAROK-I-PICKUP-SINGLECAB-01	MEDIUM	Ktype covers both single-cab and double-cab pickup bodies.	READY
56897_doublecab	56897	Pickup	Amarok I	2H	4	EU-VW-AMAROK-I-PICKUP-DOUBLECAB-01	MEDIUM	Ktype covers both single-cab and double-cab pickup bodies.	READY
56897_singlecab	56897	Pickup	Amarok I	2H	2	EU-VW-AMAROK-I-PICKUP-SINGLECAB-01	MEDIUM	Ktype covers both single-cab and double-cab pickup bodies.	READY
117767	117767	Pickup	Amarok I	2H	2	EU-VW-AMAROK-I-PICKUP-CHASSIS-01	HIGH	Factory platform/chassis branch; no cargo bed body is assumed.	READY
152399	152399	Pickup	Amarok II	T1A/T1B	4	EU-VW-AMAROK-II-PICKUP-DOUBLECAB-LOW-01	HIGH		READY
152400	152400	Pickup	Amarok II	T1A/T1B	4	EU-VW-AMAROK-II-PICKUP-DOUBLECAB-01	HIGH		READY
12071_doublecab	12071	Pickup	Amarok I	2H	4	EU-VW-AMAROK-I-PICKUP-DOUBLECAB-01	MEDIUM	Ktype covers both single-cab and double-cab pickup bodies.	READY
12071_singlecab	12071	Pickup	Amarok I	2H	2	EU-VW-AMAROK-I-PICKUP-SINGLECAB-01	MEDIUM	Ktype covers both single-cab and double-cab pickup bodies.	READY
120195	120195	Pickup	Amarok I facelift	2H	4	EU-VW-AMAROK-I-PICKUP-DOUBLECAB-FACELIFT-01	HIGH		READY
152401	152401	Pickup	Amarok II	T1A/T1B	4	EU-VW-AMAROK-II-PICKUP-DOUBLECAB-01	HIGH		READY
143835	143835	Hatchback	Arteon I facelift		5	EU-VW-ARTEON-I-HATCHBACK-FACELIFT-PHEV-01	HIGH		READY
143838	143838	Wagon	Arteon I facelift		5	EU-VW-ARTEON-I-WAGON-FACELIFT-PHEV-01	HIGH		READY
127056	127056	Hatchback	Arteon I		5	EU-VW-ARTEON-I-HATCHBACK-PREFACELIFT-01	HIGH		READY
128180	128180	Hatchback	Arteon I		5	EU-VW-ARTEON-I-HATCHBACK-PREFACELIFT-01	HIGH		READY
142914	142914	Hatchback	Arteon I facelift		5	EU-VW-ARTEON-I-HATCHBACK-FACELIFT-01	HIGH		READY
142920	142920	Wagon	Arteon I facelift		5	EU-VW-ARTEON-I-WAGON-FACELIFT-01	HIGH		READY
126831	126831	Hatchback	Arteon I		5	EU-VW-ARTEON-I-HATCHBACK-PREFACELIFT-01	HIGH		READY
128179	128179	Hatchback	Arteon I		5	EU-VW-ARTEON-I-HATCHBACK-PREFACELIFT-01	HIGH		READY
142913	142913	Hatchback	Arteon I facelift		5	EU-VW-ARTEON-I-HATCHBACK-FACELIFT-01	HIGH		READY
157935	157935	Wagon	Arteon I facelift		5	EU-VW-ARTEON-I-WAGON-FACELIFT-01	HIGH		READY
128181	128181	Hatchback	Arteon I		5	EU-VW-ARTEON-I-HATCHBACK-PREFACELIFT-01	HIGH		READY
144801	144801	Wagon	Arteon I facelift		5	EU-VW-ARTEON-I-WAGON-FACELIFT-01	HIGH		READY
801682	801682	Hatchback	Arteon I facelift		5	EU-VW-ARTEON-I-HATCHBACK-FACELIFT-01	HIGH		READY
801683	801683	Wagon	Arteon I facelift		5	EU-VW-ARTEON-I-WAGON-FACELIFT-01	HIGH		READY
126829	126829	Hatchback	Arteon I		5	EU-VW-ARTEON-I-HATCHBACK-PREFACELIFT-01	HIGH		READY
142921	142921	Wagon	Arteon I facelift		5	EU-VW-ARTEON-I-WAGON-FACELIFT-01	HIGH		READY
143836	143836	Hatchback	Arteon I facelift		5	EU-VW-ARTEON-I-HATCHBACK-FACELIFT-01	HIGH		READY
143837	143837	Wagon	Arteon I facelift		5	EU-VW-ARTEON-I-WAGON-FACELIFT-01	HIGH		READY
128511	128511	SUV	Atlas I		5	EU-VW-ATLAS-I-SUV-01	HIGH		READY
58101	58101	Hatchback	Beetle A5	5C	3	EU-VW-BEETLE-A5-HATCHBACK-PREFACELIFT-01	HIGH		READY
116818	116818	Convertible	Beetle A5	5C	2	EU-VW-BEETLE-A5-CONVERTIBLE-PREFACELIFT-01	HIGH		READY
11293_facelift	11293	Hatchback	Beetle A5 facelift	5C	3	EU-VW-BEETLE-A5-HATCHBACK-FACELIFT-01	HIGH	Ktype production range covers the 2016 exterior-dimension change.	READY
11293_prefl	11293	Hatchback	Beetle A5	5C	3	EU-VW-BEETLE-A5-HATCHBACK-PREFACELIFT-01	HIGH	Ktype production range covers the 2016 exterior-dimension change.	READY
56783_facelift	56783	Convertible	Beetle A5 facelift	5C	2	EU-VW-BEETLE-A5-CONVERTIBLE-FACELIFT-01	HIGH	Ktype production range covers the 2016 exterior-dimension change.	READY
56783_prefl	56783	Convertible	Beetle A5	5C	2	EU-VW-BEETLE-A5-CONVERTIBLE-PREFACELIFT-01	HIGH	Ktype production range covers the 2016 exterior-dimension change.	READY
117064_prefl	117064	Convertible	Beetle A5	5C	2	EU-VW-BEETLE-A5-CONVERTIBLE-PREFACELIFT-01	HIGH	Ktype spans pre-facelift and facelift exterior dimensions.	READY
117064_facelift	117064	Convertible	Beetle A5	5C	2	EU-VW-BEETLE-A5-CONVERTIBLE-FACELIFT-01	HIGH	Ktype spans pre-facelift and facelift exterior dimensions.	READY
117066_prefl	117066	Hatchback	Beetle A5	5C	3	EU-VW-BEETLE-A5-HATCHBACK-PREFACELIFT-01	HIGH	Ktype spans pre-facelift and facelift exterior dimensions.	READY
117066_facelift	117066	Hatchback	Beetle A5	5C	3	EU-VW-BEETLE-A5-HATCHBACK-FACELIFT-01	HIGH	Ktype spans pre-facelift and facelift exterior dimensions.	READY
56784	56784	Convertible	Beetle A5	5C	2	EU-VW-BEETLE-A5-CONVERTIBLE-PREFACELIFT-01	HIGH		READY
109431_prefl	109431	Hatchback	Beetle A5	5C	3	EU-VW-BEETLE-A5-HATCHBACK-PREFACELIFT-01	HIGH	Ktype spans pre-facelift and facelift exterior dimensions.	READY
109431_facelift	109431	Hatchback	Beetle A5	5C	3	EU-VW-BEETLE-A5-HATCHBACK-FACELIFT-01	HIGH	Ktype spans pre-facelift and facelift exterior dimensions.	READY
109462_prefl	109462	Convertible	Beetle A5	5C	2	EU-VW-BEETLE-A5-CONVERTIBLE-PREFACELIFT-01	HIGH	Ktype spans pre-facelift and facelift exterior dimensions.	READY
109462_facelift	109462	Convertible	Beetle A5	5C	2	EU-VW-BEETLE-A5-CONVERTIBLE-FACELIFT-01	HIGH	Ktype spans pre-facelift and facelift exterior dimensions.	READY
56785	56785	Convertible	Beetle A5	5C	2	EU-VW-BEETLE-A5-CONVERTIBLE-PREFACELIFT-01	HIGH		READY
56790	56790	Convertible	Beetle A5	5C	2	EU-VW-BEETLE-A5-CONVERTIBLE-PREFACELIFT-01	HIGH		READY
108514_prefl	108514	Convertible	Beetle A5	5C	2	EU-VW-BEETLE-A5-CONVERTIBLE-PREFACELIFT-01	HIGH	Ktype spans pre-facelift and facelift exterior dimensions.	READY
108514_facelift	108514	Convertible	Beetle A5	5C	2	EU-VW-BEETLE-A5-CONVERTIBLE-FACELIFT-01	HIGH	Ktype spans pre-facelift and facelift exterior dimensions.	READY
108515_prefl	108515	Hatchback	Beetle A5	5C	3	EU-VW-BEETLE-A5-HATCHBACK-PREFACELIFT-01	HIGH	Ktype spans pre-facelift and facelift exterior dimensions.	READY
108515_facelift	108515	Hatchback	Beetle A5	5C	3	EU-VW-BEETLE-A5-HATCHBACK-FACELIFT-01	HIGH	Ktype spans pre-facelift and facelift exterior dimensions.	READY
109439_prefl	109439	Hatchback	Beetle A5	5C	3	EU-VW-BEETLE-A5-HATCHBACK-PREFACELIFT-01	HIGH	Ktype spans pre-facelift and facelift exterior dimensions.	READY
109439_facelift	109439	Hatchback	Beetle A5	5C	3	EU-VW-BEETLE-A5-HATCHBACK-FACELIFT-01	HIGH	Ktype spans pre-facelift and facelift exterior dimensions.	READY
109467_prefl	109467	Convertible	Beetle A5	5C	2	EU-VW-BEETLE-A5-CONVERTIBLE-PREFACELIFT-01	HIGH	Ktype spans pre-facelift and facelift exterior dimensions.	READY
109467_facelift	109467	Convertible	Beetle A5	5C	2	EU-VW-BEETLE-A5-CONVERTIBLE-FACELIFT-01	HIGH	Ktype spans pre-facelift and facelift exterior dimensions.	READY
11294	11294	Hatchback	Beetle A5	5C	3	EU-VW-BEETLE-A5-HATCHBACK-PREFACELIFT-01	HIGH		READY
56791	56791	Convertible	Beetle A5	5C	2	EU-VW-BEETLE-A5-CONVERTIBLE-PREFACELIFT-01	HIGH		READY
59066_prefl	59066	Hatchback	Beetle A5	5C	3	EU-VW-BEETLE-A5-HATCHBACK-PREFACELIFT-01	HIGH	Ktype spans pre-facelift and facelift exterior dimensions.	READY
59066_facelift	59066	Hatchback	Beetle A5	5C	3	EU-VW-BEETLE-A5-HATCHBACK-FACELIFT-01	HIGH	Ktype spans pre-facelift and facelift exterior dimensions.	READY
59145_prefl	59145	Convertible	Beetle A5	5C	2	EU-VW-BEETLE-A5-CONVERTIBLE-PREFACELIFT-01	HIGH	Ktype spans pre-facelift and facelift exterior dimensions.	READY
59145_facelift	59145	Convertible	Beetle A5	5C	2	EU-VW-BEETLE-A5-CONVERTIBLE-FACELIFT-01	HIGH	Ktype spans pre-facelift and facelift exterior dimensions.	READY
109454_prefl	109454	Hatchback	Beetle A5	5C	3	EU-VW-BEETLE-A5-HATCHBACK-PREFACELIFT-01	HIGH	Ktype spans pre-facelift and facelift exterior dimensions.	READY
109454_facelift	109454	Hatchback	Beetle A5	5C	3	EU-VW-BEETLE-A5-HATCHBACK-FACELIFT-01	HIGH	Ktype spans pre-facelift and facelift exterior dimensions.	READY
109457_prefl	109457	Convertible	Beetle A5	5C	2	EU-VW-BEETLE-A5-CONVERTIBLE-PREFACELIFT-01	HIGH	Ktype spans pre-facelift and facelift exterior dimensions.	READY
109457_facelift	109457	Convertible	Beetle A5	5C	2	EU-VW-BEETLE-A5-CONVERTIBLE-FACELIFT-01	HIGH	Ktype spans pre-facelift and facelift exterior dimensions.	READY
10000	10000	Sedan	Bora 1J	1J	4	EU-VW-BORA-1J-SEDAN-STANDARD-01	HIGH		READY
12103	12103	Wagon	Bora 1J	1J	5	EU-VW-BORA-1J-WAGON-STANDARD-01	HIGH		READY
15544	15544	Sedan	Bora 1J	1J	4	EU-VW-BORA-1J-SEDAN-STANDARD-01	HIGH		READY
15545	15545	Wagon	Bora 1J	1J	5	EU-VW-BORA-1J-WAGON-STANDARD-01	HIGH		READY
10174	10174	Sedan	Bora 1J	1J	4	EU-VW-BORA-1J-SEDAN-STANDARD-01	HIGH		READY
10001	10001	Sedan	Bora 1J	1J	4	EU-VW-BORA-1J-SEDAN-STANDARD-01	HIGH		READY
11760	11760	Wagon	Bora 1J	1J	5	EU-VW-BORA-1J-WAGON-STANDARD-01	HIGH		READY
10175	10175	Sedan	Bora 1J	1J	4	EU-VW-BORA-1J-SEDAN-STANDARD-01	HIGH		READY
17921	17921	Wagon	Bora 1J	1J	5	EU-VW-BORA-1J-WAGON-STANDARD-01	HIGH		READY
14676	14676	Sedan	Bora 1J	1J	4	EU-VW-BORA-1J-SEDAN-STANDARD-01	HIGH		READY
14677	14677	Wagon	Bora 1J	1J	5	EU-VW-BORA-1J-WAGON-STANDARD-01	HIGH		READY
16511	16511	Sedan	Bora 1J	1J	4	EU-VW-BORA-1J-SEDAN-STANDARD-01	HIGH		READY
16512	16512	Wagon	Bora 1J	1J	5	EU-VW-BORA-1J-WAGON-STANDARD-01	HIGH		READY
13101	13101	Sedan	Bora 1J	1J	4	EU-VW-BORA-1J-SEDAN-STANDARD-01	HIGH		READY
14561	14561	Wagon	Bora 1J	1J	5	EU-VW-BORA-1J-WAGON-STANDARD-01	HIGH		READY
15631	15631	Sedan	Bora 1J	1J	4	EU-VW-BORA-1J-SEDAN-STANDARD-01	HIGH		READY
15632	15632	Wagon	Bora 1J	1J	5	EU-VW-BORA-1J-WAGON-STANDARD-01	HIGH		READY
16700	16700	Sedan	Bora 1J	1J	4	EU-VW-BORA-1J-SEDAN-STANDARD-01	HIGH		READY
17046	17046	Wagon	Bora 1J	1J	5	EU-VW-BORA-1J-WAGON-STANDARD-01	HIGH		READY
10176	10176	Sedan	Bora 1J	1J	4	EU-VW-BORA-1J-SEDAN-STANDARD-01	HIGH		READY
10003	10003	Sedan	Bora 1J	1J	4	EU-VW-BORA-1J-SEDAN-STANDARD-01	HIGH		READY
10004	10004	Sedan	Bora 1J	1J	4	EU-VW-BORA-1J-SEDAN-STANDARD-01	HIGH		READY
11762	11762	Wagon	Bora 1J	1J	5	EU-VW-BORA-1J-WAGON-STANDARD-01	HIGH		READY
12104	12104	Wagon	Bora 1J	1J	5	EU-VW-BORA-1J-WAGON-STANDARD-01	HIGH		READY
13104	13104	Sedan	Bora 1J	1J	4	EU-VW-BORA-1J-SEDAN-STANDARD-01	HIGH		READY
14559	14559	Wagon	Bora 1J	1J	5	EU-VW-BORA-1J-WAGON-STANDARD-01	HIGH		READY
15464	15464	Sedan	Bora 1J	1J	4	EU-VW-BORA-1J-SEDAN-STANDARD-01	HIGH		READY
15466	15466	Sedan	Bora 1J	1J	4	EU-VW-BORA-1J-SEDAN-STANDARD-01	HIGH		READY
15468	15468	Wagon	Bora 1J	1J	5	EU-VW-BORA-1J-WAGON-STANDARD-01	HIGH		READY
16067	16067	Sedan	Bora 1J	1J	4	EU-VW-BORA-1J-SEDAN-STANDARD-01	HIGH		READY
16069	16069	Wagon	Bora 1J	1J	5	EU-VW-BORA-1J-WAGON-STANDARD-01	HIGH		READY
13103	13103	Sedan	Bora 1J	1J	4	EU-VW-BORA-1J-SEDAN-STANDARD-01	HIGH		READY
13106	13106	Wagon	Bora 1J	1J	5	EU-VW-BORA-1J-WAGON-STANDARD-01	HIGH		READY
14560	14560	Sedan	Bora 1J	1J	4	EU-VW-BORA-1J-SEDAN-STANDARD-01	HIGH		READY
15465	15465	Sedan	Bora 1J	1J	4	EU-VW-BORA-1J-SEDAN-STANDARD-01	HIGH		READY
15467	15467	Sedan	Bora 1J	1J	4	EU-VW-BORA-1J-SEDAN-STANDARD-01	HIGH		READY
15469	15469	Wagon	Bora 1J	1J	5	EU-VW-BORA-1J-WAGON-STANDARD-01	HIGH		READY
16068	16068	Sedan	Bora 1J	1J	4	EU-VW-BORA-1J-SEDAN-STANDARD-01	HIGH		READY
16070	16070	Wagon	Bora 1J	1J	5	EU-VW-BORA-1J-WAGON-STANDARD-01	HIGH		READY
15666	15666	Sedan	Bora 1J	1J	4	EU-VW-BORA-1J-SEDAN-STANDARD-01	HIGH		READY
15667	15667	Wagon	Bora 1J	1J	5	EU-VW-BORA-1J-WAGON-STANDARD-01	HIGH		READY
54941	54941	Wagon	Bora 1J	1J	5	EU-VW-BORA-1J-WAGON-STANDARD-01	HIGH		READY
10002	10002	Sedan	Bora 1J	1J	4	EU-VW-BORA-1J-SEDAN-STANDARD-01	HIGH		READY
11761	11761	Wagon	Bora 1J	1J	5	EU-VW-BORA-1J-WAGON-STANDARD-01	HIGH		READY
15546	15546	Sedan	Bora 1J	1J	4	EU-VW-BORA-1J-SEDAN-STANDARD-01	HIGH		READY
15548	15548	Wagon	Bora 1J	1J	5	EU-VW-BORA-1J-WAGON-STANDARD-01	HIGH		READY
13102	13102	Sedan	Bora 1J	1J	4	EU-VW-BORA-1J-SEDAN-STANDARD-01	HIGH		READY
13105	13105	Wagon	Bora 1J	1J	5	EU-VW-BORA-1J-WAGON-STANDARD-01	HIGH		READY
15547	15547	Sedan	Bora 1J	1J	4	EU-VW-BORA-1J-SEDAN-STANDARD-01	HIGH		READY
15549	15549	Wagon	Bora 1J	1J	5	EU-VW-BORA-1J-WAGON-STANDARD-01	HIGH		READY
12344	12344	Sedan	Bora 1J	1J	4	EU-VW-BORA-1J-SEDAN-STANDARD-01	HIGH		READY
14562	14562	Wagon	Bora 1J	1J	5	EU-VW-BORA-1J-WAGON-STANDARD-01	HIGH		READY
118481	118481	MPV	Caddy IV Alltrack	2K		EU-VW-CADDY-ALLTRACK-IV-MPV-VAN-SWB-01	HIGH		READY
118490	118490	Van	Caddy IV Alltrack	2K		EU-VW-CADDY-ALLTRACK-IV-MPV-VAN-SWB-01	HIGH		READY
118482	118482	MPV	Caddy IV Alltrack	2K		EU-VW-CADDY-ALLTRACK-IV-MPV-VAN-SWB-01	HIGH		READY
118491	118491	Van	Caddy IV Alltrack	2K		EU-VW-CADDY-ALLTRACK-IV-MPV-VAN-SWB-01	HIGH		READY
118483	118483	MPV	Caddy IV Alltrack	2K		EU-VW-CADDY-ALLTRACK-IV-MPV-VAN-SWB-01	HIGH		READY
118492	118492	Van	Caddy IV Alltrack	2K		EU-VW-CADDY-ALLTRACK-IV-MPV-VAN-SWB-01	HIGH		READY
118484	118484	MPV	Caddy IV Alltrack	2K		EU-VW-CADDY-ALLTRACK-IV-MPV-VAN-SWB-01	HIGH		READY
118493	118493	Van	Caddy IV Alltrack	2K		EU-VW-CADDY-ALLTRACK-IV-MPV-VAN-SWB-01	HIGH		READY
118485	118485	MPV	Caddy IV Alltrack	2K		EU-VW-CADDY-ALLTRACK-IV-MPV-VAN-SWB-01	HIGH		READY
118486	118486	MPV	Caddy IV Alltrack	2K		EU-VW-CADDY-ALLTRACK-IV-MPV-VAN-SWB-01	HIGH		READY
118488	118488	MPV	Caddy IV Alltrack	2K		EU-VW-CADDY-ALLTRACK-IV-MPV-VAN-SWB-01	HIGH		READY
118494	118494	Van	Caddy IV Alltrack	2K		EU-VW-CADDY-ALLTRACK-IV-MPV-VAN-SWB-01	HIGH		READY
118495	118495	Van	Caddy IV Alltrack	2K		EU-VW-CADDY-ALLTRACK-IV-MPV-VAN-SWB-01	HIGH		READY
118497	118497	Van	Caddy IV Alltrack	2K		EU-VW-CADDY-ALLTRACK-IV-MPV-VAN-SWB-01	HIGH		READY
150644	150644	Van	Caddy IV Alltrack	2K		EU-VW-CADDY-ALLTRACK-IV-MPV-VAN-SWB-01	HIGH		READY
118487	118487	MPV	Caddy IV Alltrack	2K		EU-VW-CADDY-ALLTRACK-IV-MPV-VAN-SWB-01	HIGH		READY
118489	118489	MPV	Caddy IV Alltrack	2K		EU-VW-CADDY-ALLTRACK-IV-MPV-VAN-SWB-01	HIGH		READY
118496	118496	Van	Caddy IV Alltrack	2K		EU-VW-CADDY-ALLTRACK-IV-MPV-VAN-SWB-01	HIGH		READY
118498	118498	Van	Caddy IV Alltrack	2K		EU-VW-CADDY-ALLTRACK-IV-MPV-VAN-SWB-01	HIGH		READY
146785_swb	146785	MPV	Caddy V California	SBB/SBJ		EU-VW-CADDY-CALIFORNIA-V-MPV-SWB-01	MEDIUM	Ktype covers California SWB and Maxi; split by wheelbase.	READY
146785_maxi	146785	MPV	Caddy V California	SBB/SBJ		EU-VW-CADDY-CALIFORNIA-V-MPV-MAXI-01	MEDIUM	Ktype covers California SWB and Maxi; split by wheelbase.	READY
158798_swb	158798	MPV	Caddy V California	SBB/SBJ		EU-VW-CADDY-CALIFORNIA-V-MPV-SWB-01	MEDIUM	Ktype covers California SWB and Maxi; split by wheelbase.	READY
158798_maxi	158798	MPV	Caddy V California	SBB/SBJ		EU-VW-CADDY-CALIFORNIA-V-MPV-MAXI-01	MEDIUM	Ktype covers California SWB and Maxi; split by wheelbase.	READY
146780_swb	146780	MPV	Caddy V California	SBB/SBJ		EU-VW-CADDY-CALIFORNIA-V-MPV-SWB-01	MEDIUM	Ktype covers California SWB and Maxi; split by wheelbase.	READY
146780_maxi	146780	MPV	Caddy V California	SBB/SBJ		EU-VW-CADDY-CALIFORNIA-V-MPV-MAXI-01	MEDIUM	Ktype covers California SWB and Maxi; split by wheelbase.	READY
146781_swb	146781	MPV	Caddy V California	SBB/SBJ		EU-VW-CADDY-CALIFORNIA-V-MPV-SWB-01	MEDIUM	Ktype covers California SWB and Maxi; split by wheelbase.	READY
146781_maxi	146781	MPV	Caddy V California	SBB/SBJ		EU-VW-CADDY-CALIFORNIA-V-MPV-MAXI-01	MEDIUM	Ktype covers California SWB and Maxi; split by wheelbase.	READY
146782_swb	146782	MPV	Caddy V California	SBB/SBJ		EU-VW-CADDY-CALIFORNIA-V-MPV-SWB-01	MEDIUM	Ktype covers California SWB and Maxi; split by wheelbase.	READY
146782_maxi	146782	MPV	Caddy V California	SBB/SBJ		EU-VW-CADDY-CALIFORNIA-V-MPV-MAXI-01	MEDIUM	Ktype covers California SWB and Maxi; split by wheelbase.	READY
146783_swb	146783	MPV	Caddy V California	SBB/SBJ		EU-VW-CADDY-CALIFORNIA-V-MPV-SWB-01	MEDIUM	Ktype covers California SWB and Maxi; split by wheelbase.	READY
146783_maxi	146783	MPV	Caddy V California	SBB/SBJ		EU-VW-CADDY-CALIFORNIA-V-MPV-MAXI-01	MEDIUM	Ktype covers California SWB and Maxi; split by wheelbase.	READY
15813	15813	Van	Caddy II	9K		EU-VW-CADDY-II-9K-VAN-MPV-01	HIGH		READY
18484	18484	MPV	Caddy II	9K		EU-VW-CADDY-II-9K-VAN-MPV-01	HIGH		READY
10592	10592	Pickup	Caddy II	9U		EU-VW-CADDY-II-9U-PICKUP-01	MEDIUM		READY
18486	18486	MPV	Caddy II	9K		EU-VW-CADDY-II-9K-VAN-MPV-01	HIGH		READY
18487	18487	MPV	Caddy II	9K		EU-VW-CADDY-II-9K-VAN-MPV-01	HIGH		READY
18485	18485	MPV	Caddy II	9K		EU-VW-CADDY-II-9K-VAN-MPV-01	HIGH		READY
13059	13059	Van	Caddy II	9K		EU-VW-CADDY-II-9K-VAN-MPV-01	HIGH		READY
10593	10593	Pickup	Caddy II	9U		EU-VW-CADDY-II-9U-PICKUP-01	HIGH		READY
15411	15411	Van	Caddy II	9K		EU-VW-CADDY-II-9K-VAN-MPV-01	HIGH		READY
18489	18489	MPV	Caddy II	9K		EU-VW-CADDY-II-9K-VAN-MPV-01	HIGH		READY
18490	18490	MPV	Caddy II	9K		EU-VW-CADDY-II-9K-VAN-MPV-01	HIGH		READY
18491	18491	MPV	Caddy II	9K		EU-VW-CADDY-II-9K-VAN-MPV-01	HIGH		READY
18156	18156	Van	Caddy II	9K		EU-VW-CADDY-II-9K-VAN-MPV-01	HIGH		READY
17803	17803	MPV	Caddy III	2K		EU-VW-CADDY-III-2K-MPV-VAN-PREFL-01	HIGH		READY
17804	17804	Van	Caddy III	2K		EU-VW-CADDY-III-2K-MPV-VAN-PREFL-01	HIGH		READY
17805_prefl	17805	Van	Caddy III	2K		EU-VW-CADDY-III-2K-MPV-VAN-PREFL-01	HIGH	Ktype spans the 2010 dimensional facelift; split by physical exterior boundary.	READY
17805_facelift	17805	Van	Caddy III Facelift	2K		EU-VW-CADDY-III-2K-MPV-VAN-FACELIFT-01	HIGH	Ktype spans the 2010 dimensional facelift; split by physical exterior boundary.	READY
17806_prefl	17806	MPV	Caddy III	2K		EU-VW-CADDY-III-2K-MPV-VAN-PREFL-01	HIGH	Ktype spans the 2010 dimensional facelift; split by physical exterior boundary.	READY
17806_facelift	17806	MPV	Caddy III Facelift	2K		EU-VW-CADDY-III-2K-MPV-VAN-FACELIFT-01	HIGH	Ktype spans the 2010 dimensional facelift; split by physical exterior boundary.	READY
34947	34947	MPV	Caddy III Facelift	2K		EU-VW-CADDY-III-2K-MPV-VAN-FACELIFT-01	HIGH		READY
34948	34948	MPV	Caddy III Facelift	2K		EU-VW-CADDY-III-2K-MPV-VAN-FACELIFT-01	HIGH		READY
34953	34953	Van	Caddy III Facelift	2K		EU-VW-CADDY-III-2K-MPV-VAN-FACELIFT-01	HIGH		READY
34954	34954	Van	Caddy III Facelift	2K		EU-VW-CADDY-III-2K-MPV-VAN-FACELIFT-01	HIGH		READY
10751	10751	MPV	Caddy III Facelift	2K		EU-VW-CADDY-III-2K-MPV-VAN-FACELIFT-01	HIGH		READY
10752	10752	Van	Caddy III Facelift	2K		EU-VW-CADDY-III-2K-MPV-VAN-FACELIFT-01	HIGH		READY
34950	34950	MPV	Caddy III Facelift	2K		EU-VW-CADDY-III-2K-MPV-VAN-FACELIFT-01	HIGH		READY
34951	34951	MPV	Caddy III Facelift	2K		EU-VW-CADDY-III-2K-MPV-VAN-FACELIFT-01	HIGH		READY
34955	34955	Van	Caddy III Facelift	2K		EU-VW-CADDY-III-2K-MPV-VAN-FACELIFT-01	HIGH		READY
34958	34958	Van	Caddy III Facelift	2K		EU-VW-CADDY-III-2K-MPV-VAN-FACELIFT-01	HIGH		READY
17809	17809	Van	Caddy III	2K		EU-VW-CADDY-III-2K-MPV-VAN-PREFL-01	HIGH		READY
17810	17810	MPV	Caddy III	2K		EU-VW-CADDY-III-2K-MPV-VAN-PREFL-01	HIGH		READY
17807	17807	MPV	Caddy III	2K		EU-VW-CADDY-III-2K-MPV-VAN-PREFL-01	HIGH		READY
17808	17808	Van	Caddy III	2K		EU-VW-CADDY-III-2K-MPV-VAN-PREFL-01	HIGH		READY
11156	11156	Van	Caddy III Facelift	2K		EU-VW-CADDY-III-2K-MPV-VAN-FACELIFT-01	HIGH		READY
15135	15135	MPV	Caddy III Facelift	2K		EU-VW-CADDY-III-2K-MPV-VAN-FACELIFT-01	HIGH		READY
15143	15143	Van	Caddy III Facelift	2K		EU-VW-CADDY-III-2K-MPV-VAN-FACELIFT-01	HIGH		READY
15235	15235	Van	Caddy III Facelift	2K		EU-VW-CADDY-III-2K-MPV-VAN-FACELIFT-01	HIGH		READY
15284	15284	MPV	Caddy III Facelift	2K		EU-VW-CADDY-III-2K-MPV-VAN-FACELIFT-01	HIGH		READY
34949	34949	MPV	Caddy III Facelift	2K		EU-VW-CADDY-III-2K-MPV-VAN-FACELIFT-01	HIGH		READY
34957	34957	Van	Caddy III Facelift	2K		EU-VW-CADDY-III-2K-MPV-VAN-FACELIFT-01	HIGH		READY
11158	11158	MPV	Caddy III Facelift	2K		EU-VW-CADDY-III-2K-MPV-VAN-FACELIFT-01	HIGH		READY
11160	11160	Van	Caddy III Facelift	2K		EU-VW-CADDY-III-2K-MPV-VAN-FACELIFT-01	HIGH		READY
11155	11155	Van	Caddy III Facelift	2K		EU-VW-CADDY-III-2K-MPV-VAN-FACELIFT-01	HIGH		READY
34952	34952	MPV	Caddy III Facelift	2K		EU-VW-CADDY-III-2K-MPV-VAN-FACELIFT-01	HIGH		READY
34956	34956	Van	Caddy III Facelift	2K		EU-VW-CADDY-III-2K-MPV-VAN-FACELIFT-01	HIGH		READY
117952	117952	MPV	Caddy IV	2K		EU-VW-CADDY-IV-2K-MPV-VAN-01	HIGH		READY
117959	117959	Van	Caddy IV	2K		EU-VW-CADDY-IV-2K-MPV-VAN-01	HIGH		READY
114327	114327	MPV	Caddy IV	2K		EU-VW-CADDY-IV-2K-MPV-VAN-01	HIGH		READY
114343	114343	Van	Caddy IV	2K		EU-VW-CADDY-IV-2K-MPV-VAN-01	HIGH		READY
114328	114328	MPV	Caddy IV	2K		EU-VW-CADDY-IV-2K-MPV-VAN-01	HIGH		READY
114344	114344	Van	Caddy IV	2K		EU-VW-CADDY-IV-2K-MPV-VAN-01	HIGH		READY
114329	114329	MPV	Caddy IV	2K		EU-VW-CADDY-IV-2K-MPV-VAN-01	HIGH		READY
114345	114345	Van	Caddy IV	2K		EU-VW-CADDY-IV-2K-MPV-VAN-01	HIGH		READY
126341	126341	MPV	Caddy IV	2K		EU-VW-CADDY-IV-2K-MPV-VAN-01	HIGH		READY
126342	126342	Van	Caddy IV	2K		EU-VW-CADDY-IV-2K-MPV-VAN-01	HIGH		READY
114337	114337	MPV	Caddy IV	2K		EU-VW-CADDY-IV-2K-MPV-VAN-01	HIGH		READY
114339	114339	MPV	Caddy IV	2K		EU-VW-CADDY-IV-2K-MPV-VAN-01	HIGH		READY
114346	114346	Van	Caddy IV	2K		EU-VW-CADDY-IV-2K-MPV-VAN-01	HIGH		READY
114347	114347	Van	Caddy IV	2K		EU-VW-CADDY-IV-2K-MPV-VAN-01	HIGH		READY
114332	114332	MPV	Caddy IV	2K		EU-VW-CADDY-IV-2K-MPV-VAN-01	HIGH		READY
114333	114333	MPV	Caddy IV	2K		EU-VW-CADDY-IV-2K-MPV-VAN-01	HIGH		READY
114334	114334	MPV	Caddy IV	2K		EU-VW-CADDY-IV-2K-MPV-VAN-01	HIGH		READY
114341	114341	MPV	Caddy IV	2K		EU-VW-CADDY-IV-2K-MPV-VAN-01	HIGH		READY
114348	114348	Van	Caddy IV	2K		EU-VW-CADDY-IV-2K-MPV-VAN-01	HIGH		READY
114349	114349	Van	Caddy IV	2K		EU-VW-CADDY-IV-2K-MPV-VAN-01	HIGH		READY
114352	114352	Van	Caddy IV	2K		EU-VW-CADDY-IV-2K-MPV-VAN-01	HIGH		READY
114357	114357	Van	Caddy IV	2K		EU-VW-CADDY-IV-2K-MPV-VAN-01	HIGH		READY
114330	114330	MPV	Caddy IV	2K		EU-VW-CADDY-IV-2K-MPV-VAN-01	HIGH		READY
114336	114336	MPV	Caddy IV	2K		EU-VW-CADDY-IV-2K-MPV-VAN-01	HIGH		READY
114342	114342	MPV	Caddy IV	2K		EU-VW-CADDY-IV-2K-MPV-VAN-01	HIGH		READY
114350	114350	Van	Caddy IV	2K		EU-VW-CADDY-IV-2K-MPV-VAN-01	HIGH		READY
114351	114351	Van	Caddy IV	2K		EU-VW-CADDY-IV-2K-MPV-VAN-01	HIGH		READY
114354	114354	Van	Caddy IV	2K		EU-VW-CADDY-IV-2K-MPV-VAN-01	HIGH		READY
117951	117951	MPV	Caddy IV	2K		EU-VW-CADDY-IV-2K-MPV-VAN-01	HIGH		READY
117957	117957	Van	Caddy IV	2K		EU-VW-CADDY-IV-2K-MPV-VAN-01	HIGH		READY
117961	117961	Van	Caddy IV	2K		EU-VW-CADDY-IV-2K-MPV-VAN-01	HIGH		READY
148109	148109	Van	Caddy V	SB		EU-VW-CADDY-V-SB-VAN-01	HIGH		READY
148110	148110	MPV	Caddy V	SB		EU-VW-CADDY-V-SB-MPV-01	HIGH		READY
800290	800290	Van	Caddy V	SB		EU-VW-CADDY-V-SB-VAN-01	HIGH		READY
800291	800291	MPV	Caddy V	SB		EU-VW-CADDY-V-SB-MPV-01	HIGH		READY
143260	143260	Van	Caddy V	SB		EU-VW-CADDY-V-SB-VAN-01	HIGH		READY
143264	143264	MPV	Caddy V	SB		EU-VW-CADDY-V-SB-MPV-01	HIGH		READY
158796	158796	Van	Caddy V	SB		EU-VW-CADDY-V-SB-VAN-01	HIGH		READY
158797	158797	MPV	Caddy V	SB		EU-VW-CADDY-V-SB-MPV-01	HIGH		READY
142905	142905	MPV	Caddy V	SB		EU-VW-CADDY-V-SB-MPV-01	HIGH		READY
148189	148189	MPV	Caddy V	SB		EU-VW-CADDY-V-SB-MPV-01	HIGH		READY
148338	148338	Van	Caddy V	SB		EU-VW-CADDY-V-SB-VAN-01	HIGH		READY
143775	143775	MPV	Caddy V	SB		EU-VW-CADDY-V-SB-MPV-01	HIGH		READY
143809	143809	Van	Caddy V	SB		EU-VW-CADDY-V-SB-VAN-01	HIGH		READY
145826	145826	Van	California T4 Facelift	7D		EU-VW-CALIFORNIA-T4-7D-CAMPERVAN-FACELIFT-01	MEDIUM		READY
152069	152069	Van	California T4 Facelift	7D		EU-VW-CALIFORNIA-T4-7D-CAMPERVAN-FACELIFT-01	MEDIUM		READY
800951	800951	Van	California T7	ST		EU-VW-CALIFORNIA-T7-ST-CAMPERVAN-01	HIGH		READY
145822_prefl	145822	Van	California T4	70		EU-VW-CALIFORNIA-T4-70-CAMPERVAN-PREFL-01	MEDIUM	Ktype spans the T4 short-nose/long-nose exterior change; split by physical exterior boundary.	READY
145822_facelift	145822	Van	California T4 Facelift	7D		EU-VW-CALIFORNIA-T4-7D-CAMPERVAN-FACELIFT-01	MEDIUM	Ktype spans the T4 short-nose/long-nose exterior change; split by physical exterior boundary.	READY
145874	145874	Van	California T5	7H		EU-VW-CALIFORNIA-T5-7H-CAMPERVAN-01	MEDIUM		READY
145875	145875	Van	California T5	7H		EU-VW-CALIFORNIA-T5-7H-CAMPERVAN-01	MEDIUM		READY
145880	145880	Van	California T5	7H		EU-VW-CALIFORNIA-T5-7H-CAMPERVAN-01	MEDIUM		READY
152077	152077	Van	California T5	7H		EU-VW-CALIFORNIA-T5-7H-CAMPERVAN-01	MEDIUM		READY
152078	152078	Van	California T5	7H		EU-VW-CALIFORNIA-T5-7H-CAMPERVAN-01	MEDIUM		READY
145830	145830	Van	California T6/T6.1	SG/SH		EU-VW-CALIFORNIA-T6-SG-SH-CAMPERVAN-01	HIGH		READY
145831	145831	Van	California T6/T6.1	SG/SH		EU-VW-CALIFORNIA-T6-SG-SH-CAMPERVAN-01	HIGH		READY
145832	145832	Van	California T6/T6.1	SG/SH		EU-VW-CALIFORNIA-T6-SG-SH-CAMPERVAN-01	HIGH		READY
145843	145843	Van	California T6/T6.1	SG/SH		EU-VW-CALIFORNIA-T6-SG-SH-CAMPERVAN-01	HIGH		READY
145848	145848	Van	California T6/T6.1	SG/SH		EU-VW-CALIFORNIA-T6-SG-SH-CAMPERVAN-01	HIGH		READY
145861	145861	Van	California T6/T6.1	SG/SH		EU-VW-CALIFORNIA-T6-SG-SH-CAMPERVAN-01	HIGH		READY
145864	145864	Van	California T6/T6.1	SG/SH		EU-VW-CALIFORNIA-T6-SG-SH-CAMPERVAN-01	HIGH		READY
145865	145865	Van	California T6/T6.1	SG/SH		EU-VW-CALIFORNIA-T6-SG-SH-CAMPERVAN-01	HIGH		READY
145867	145867	Van	California T6/T6.1	SG/SH		EU-VW-CALIFORNIA-T6-SG-SH-CAMPERVAN-01	HIGH		READY
145868	145868	Van	California T6/T6.1	SG/SH		EU-VW-CALIFORNIA-T6-SG-SH-CAMPERVAN-01	HIGH		READY
145871	145871	MPV	California T5	7H	4	EU-VW-CALIFORNIA-T5-7H-CAMPERVAN-01	HIGH		READY
145872	145872	MPV	California T5	7H	4	EU-VW-CALIFORNIA-T5-7H-CAMPERVAN-01	HIGH		READY
145884	145884	MPV	California T5	7H	4	EU-VW-CALIFORNIA-T5-7H-CAMPERVAN-01	HIGH		READY
145885	145885	MPV	California T5	7H	4	EU-VW-CALIFORNIA-T5-7H-CAMPERVAN-01	HIGH		READY
145886	145886	MPV	California T5	7H	4	EU-VW-CALIFORNIA-T5-7H-CAMPERVAN-01	HIGH		READY
145888	145888	MPV	California T5	7H	4	EU-VW-CALIFORNIA-T5-7H-CAMPERVAN-01	HIGH		READY
800880	800880	MPV	California T7	ST	4	EU-VW-CALIFORNIA-T7-ST-CAMPERVAN-01	HIGH		READY
145842	145842	MPV	California T6	SG/SH	4	EU-VW-CALIFORNIA-T6-SG-SH-CAMPERVAN-01	HIGH		READY
145844	145844	MPV	California T6	SG/SH	4	EU-VW-CALIFORNIA-T6-SG-SH-CAMPERVAN-01	HIGH		READY
145851	145851	MPV	California T6	SG/SH	4	EU-VW-CALIFORNIA-T6-SG-SH-CAMPERVAN-01	HIGH		READY
145862	145862	MPV	California T6	SG/SH	4	EU-VW-CALIFORNIA-T6-SG-SH-CAMPERVAN-01	HIGH		READY
145866	145866	MPV	California T6	SG/SH	4	EU-VW-CALIFORNIA-T6-SG-SH-CAMPERVAN-01	HIGH		READY
145873	145873	MPV	California T5	7H	4	EU-VW-CALIFORNIA-T5-7H-CAMPERVAN-01	HIGH		READY
145887	145887	MPV	California T5	7H	4	EU-VW-CALIFORNIA-T5-7H-CAMPERVAN-01	HIGH		READY
145889	145889	MPV	California T5	7H	4	EU-VW-CALIFORNIA-T5-7H-CAMPERVAN-01	HIGH		READY
145845	145845	MPV	California T6	SG/SH	4	EU-VW-CALIFORNIA-T6-SG-SH-CAMPERVAN-01	HIGH		READY
145847	145847	MPV	California T6	SG/SH	4	EU-VW-CALIFORNIA-T6-SG-SH-CAMPERVAN-01	HIGH		READY
145882	145882	MPV	California T5	7H	4	EU-VW-CALIFORNIA-T5-7H-CAMPERVAN-01	HIGH		READY
145890	145890	MPV	California T5	7H	4	EU-VW-CALIFORNIA-T5-7H-CAMPERVAN-01	HIGH		READY
800879	800879	MPV	California T7	ST	4	EU-VW-CALIFORNIA-T7-ST-CAMPERVAN-01	HIGH		READY
145846	145846	MPV	California T6	SG/SH	4	EU-VW-CALIFORNIA-T6-SG-SH-CAMPERVAN-01	HIGH		READY
145883	145883	MPV	California T5	7H	4	EU-VW-CALIFORNIA-T5-7H-CAMPERVAN-01	HIGH		READY
152071	152071	MPV	California T4	7D	4	EU-VW-CALIFORNIA-T4-7D-CAMPERVAN-FACELIFT-01	HIGH		READY
145819	145819	MPV	California T4	7D	4	EU-VW-CALIFORNIA-T4-7D-CAMPERVAN-FACELIFT-01	HIGH		READY
145820	145820	MPV	California T4	7D	4	EU-VW-CALIFORNIA-T4-7D-CAMPERVAN-FACELIFT-01	HIGH		READY
145824	145824	MPV	California T4	7D	4	EU-VW-CALIFORNIA-T4-7D-CAMPERVAN-FACELIFT-01	HIGH		READY
145876	145876	MPV	California T5	7H	4	EU-VW-CALIFORNIA-T5-7H-CAMPERVAN-01	HIGH		READY
145877	145877	MPV	California T5	7H	4	EU-VW-CALIFORNIA-T5-7H-CAMPERVAN-01	HIGH		READY
145881	145881	MPV	California T5	7H	4	EU-VW-CALIFORNIA-T5-7H-CAMPERVAN-01	HIGH		READY
145878	145878	MPV	California T5	7H	4	EU-VW-CALIFORNIA-T5-7H-CAMPERVAN-01	HIGH		READY
145879	145879	MPV	California T5	7H	4	EU-VW-CALIFORNIA-T5-7H-CAMPERVAN-01	HIGH		READY
145821	145821	MPV	California T4	7D	4	EU-VW-CALIFORNIA-T4-7D-CAMPERVAN-FACELIFT-01	HIGH		READY
145828	145828	MPV	California T4	7D	4	EU-VW-CALIFORNIA-T4-7D-CAMPERVAN-FACELIFT-01	HIGH		READY
56902	56902	Coupe	CC B7	358	4	EU-VW-CC-B7-358-COUPE-01	HIGH		READY
115197	115197	Coupe	CC B7	358	4	EU-VW-CC-B7-358-COUPE-01	HIGH		READY
108119	108119	Coupe	CC B7	358	4	EU-VW-CC-B7-358-COUPE-01	HIGH		READY
56899	56899	Coupe	CC B7	358	4	EU-VW-CC-B7-358-COUPE-01	HIGH		READY
56900	56900	Coupe	CC B7	358	4	EU-VW-CC-B7-358-COUPE-01	HIGH		READY
56901	56901	Coupe	CC B7	358	4	EU-VW-CC-B7-358-COUPE-01	HIGH		READY
115198	115198	Coupe	CC B7	358	4	EU-VW-CC-B7-358-COUPE-01	HIGH		READY
115199	115199	Coupe	CC B7	358	4	EU-VW-CC-B7-358-COUPE-01	HIGH		READY
56903	56903	Coupe	CC B7	358	4	EU-VW-CC-B7-358-COUPE-01	HIGH		READY
56904	56904	Coupe	CC B7	358	4	EU-VW-CC-B7-358-COUPE-01	HIGH		READY
59367	59367	Coupe	CC B7	358	4	EU-VW-CC-B7-358-COUPE-01	HIGH		READY
5949	5949	Coupe	Corrado	53I	3	EU-VW-CORRADO-53I-COUPE-01	HIGH		READY
126602	126602	Van	Crafter II	SY/SZ		EU-VW-CRAFTER-II-SY-SZ-VAN-MWB-HIGHROOF-01	LOW	Input lacks wheelbase/roof; standard MWB high-roof production envelope selected.	READY
150692	150692	Van	Crafter II	SY/SZ		EU-VW-CRAFTER-II-SY-SZ-VAN-MWB-HIGHROOF-01	LOW	Input lacks wheelbase/roof; standard MWB high-roof production envelope selected.	READY
151861	151861	Pickup	Crafter II	SY/SZ		EU-VW-CRAFTER-II-SY-SZ-PICKUP-MWB-SINGLECAB-01	LOW	Input does not distinguish chassis/dropside or cab length; standard MWB single-cab chassis selected.	READY
123531	123531	Van	Crafter II	SY/SZ		EU-VW-CRAFTER-II-SY-SZ-VAN-MWB-HIGHROOF-01	LOW	Input lacks wheelbase/roof; standard MWB high-roof production envelope selected.	READY
123535	123535	Van	Crafter II	SY/SZ		EU-VW-CRAFTER-II-SY-SZ-VAN-MWB-HIGHROOF-01	LOW	Input lacks wheelbase/roof; standard MWB high-roof production envelope selected.	READY
123537	123537	Van	Crafter II	SY/SZ		EU-VW-CRAFTER-II-SY-SZ-VAN-MWB-HIGHROOF-01	LOW	Input lacks wheelbase/roof; standard MWB high-roof production envelope selected.	READY
123538	123538	Pickup	Crafter II	SY/SZ		EU-VW-CRAFTER-II-SY-SZ-PICKUP-MWB-SINGLECAB-01	LOW	Input does not distinguish chassis/dropside or cab length; standard MWB single-cab chassis selected.	READY
123539	123539	Pickup	Crafter II	SY/SZ		EU-VW-CRAFTER-II-SY-SZ-PICKUP-MWB-SINGLECAB-01	LOW	Input does not distinguish chassis/dropside or cab length; standard MWB single-cab chassis selected.	READY
123540	123540	Pickup	Crafter II	SY/SZ		EU-VW-CRAFTER-II-SY-SZ-PICKUP-MWB-SINGLECAB-01	LOW	Input does not distinguish chassis/dropside or cab length; standard MWB single-cab chassis selected.	READY
125092	125092	MPV	Crafter II	SY/SZ		EU-VW-CRAFTER-II-SY-SZ-VAN-MWB-HIGHROOF-01	LOW	Input lacks wheelbase/roof; standard MWB high-roof passenger envelope selected.	READY
125093	125093	MPV	Crafter II	SY/SZ		EU-VW-CRAFTER-II-SY-SZ-VAN-MWB-HIGHROOF-01	LOW	Input lacks wheelbase/roof; standard MWB high-roof passenger envelope selected.	READY
125094	125094	MPV	Crafter II	SY/SZ		EU-VW-CRAFTER-II-SY-SZ-VAN-MWB-HIGHROOF-01	LOW	Input lacks wheelbase/roof; standard MWB high-roof passenger envelope selected.	READY
150691	150691	Van	Crafter II	SY/SZ		EU-VW-CRAFTER-II-SY-SZ-VAN-MWB-HIGHROOF-01	LOW	Input lacks wheelbase/roof; standard MWB high-roof production envelope selected.	READY
151860	151860	Pickup	Crafter II	SY/SZ		EU-VW-CRAFTER-II-SY-SZ-PICKUP-MWB-SINGLECAB-01	LOW	Input does not distinguish chassis/dropside or cab length; standard MWB single-cab chassis selected.	READY
150626	150626	Van	Crafter II	SY/SZ		EU-VW-CRAFTER-II-SY-SZ-VAN-MWB-HIGHROOF-01	LOW	Input lacks wheelbase/roof; standard MWB high-roof production envelope selected.	READY
150724	150724	Pickup	Crafter II	SY/SZ		EU-VW-CRAFTER-II-SY-SZ-PICKUP-MWB-SINGLECAB-01	LOW	Input does not distinguish chassis/dropside or cab length; standard MWB single-cab chassis selected.	READY
10812	10812	MPV	Crafter I facelift	2E/2F		EU-VW-CRAFTER-I-2E-2F-VAN-MWB-HIGHROOF-01	LOW	Input lacks wheelbase/roof; standard MWB high-roof passenger envelope selected.	READY
10813	10813	MPV	Crafter I facelift	2E/2F		EU-VW-CRAFTER-I-2E-2F-VAN-MWB-HIGHROOF-01	LOW	Input lacks wheelbase/roof; standard MWB high-roof passenger envelope selected.	READY
10814	10814	MPV	Crafter I facelift	2E/2F		EU-VW-CRAFTER-I-2E-2F-VAN-MWB-HIGHROOF-01	LOW	Input lacks wheelbase/roof; standard MWB high-roof passenger envelope selected.	READY
10828	10828	MPV	Crafter I facelift	2E/2F		EU-VW-CRAFTER-I-2E-2F-VAN-MWB-HIGHROOF-01	LOW	Input lacks wheelbase/roof; standard MWB high-roof passenger envelope selected.	READY
100069	100069	MPV	Crafter I facelift	2E/2F		EU-VW-CRAFTER-I-2E-2F-VAN-MWB-HIGHROOF-01	LOW	Input lacks wheelbase/roof; standard MWB high-roof passenger envelope selected.	READY
55113	55113	MPV	Crafter I facelift	2E/2F		EU-VW-CRAFTER-I-2E-2F-VAN-MWB-HIGHROOF-01	LOW	Input lacks wheelbase/roof; standard MWB high-roof passenger envelope selected.	READY
10815	10815	Van	Crafter I facelift	2E/2F		EU-VW-CRAFTER-I-2E-2F-VAN-MWB-HIGHROOF-01	LOW	Input lacks wheelbase/roof; standard MWB high-roof production envelope selected.	READY
10817	10817	Van	Crafter I facelift	2E/2F		EU-VW-CRAFTER-I-2E-2F-VAN-MWB-HIGHROOF-01	LOW	Input lacks wheelbase/roof; standard MWB high-roof production envelope selected.	READY
10818	10818	Van	Crafter I facelift	2E/2F		EU-VW-CRAFTER-I-2E-2F-VAN-MWB-HIGHROOF-01	LOW	Input lacks wheelbase/roof; standard MWB high-roof production envelope selected.	READY
10824	10824	Pickup	Crafter I facelift	2E/2F		EU-VW-CRAFTER-I-2E-2F-PICKUP-MWB-SINGLECAB-01	LOW	Input does not distinguish chassis/dropside or cab length; standard MWB single-cab chassis selected.	READY
10825	10825	Pickup	Crafter I facelift	2E/2F		EU-VW-CRAFTER-I-2E-2F-PICKUP-MWB-SINGLECAB-01	LOW	Input does not distinguish chassis/dropside or cab length; standard MWB single-cab chassis selected.	READY
10826	10826	Pickup	Crafter I facelift	2E/2F		EU-VW-CRAFTER-I-2E-2F-PICKUP-MWB-SINGLECAB-01	LOW	Input does not distinguish chassis/dropside or cab length; standard MWB single-cab chassis selected.	READY
10827	10827	Pickup	Crafter I facelift	2E/2F		EU-VW-CRAFTER-I-2E-2F-PICKUP-MWB-SINGLECAB-01	LOW	Input does not distinguish chassis/dropside or cab length; standard MWB single-cab chassis selected.	READY
10829	10829	Van	Crafter I facelift	2E/2F		EU-VW-CRAFTER-I-2E-2F-VAN-MWB-HIGHROOF-01	LOW	Input lacks wheelbase/roof; standard MWB high-roof production envelope selected.	READY
100070	100070	Van	Crafter I facelift	2E/2F		EU-VW-CRAFTER-I-2E-2F-VAN-MWB-HIGHROOF-01	LOW	Input lacks wheelbase/roof; standard MWB high-roof production envelope selected.	READY
100071	100071	Pickup	Crafter I facelift	2E/2F		EU-VW-CRAFTER-I-2E-2F-PICKUP-MWB-SINGLECAB-01	LOW	Input does not distinguish chassis/dropside or cab length; standard MWB single-cab chassis selected.	READY
117731	117731	Van	Crafter I facelift	2E/2F		EU-VW-CRAFTER-I-2E-2F-VAN-MWB-HIGHROOF-01	LOW	Input lacks wheelbase/roof; standard MWB high-roof production envelope selected.	READY
117732	117732	Pickup	Crafter I facelift	2E/2F		EU-VW-CRAFTER-I-2E-2F-PICKUP-MWB-SINGLECAB-01	LOW	Input does not distinguish chassis/dropside or cab length; standard MWB single-cab chassis selected.	READY
55114	55114	Van	Crafter I facelift	2E/2F		EU-VW-CRAFTER-I-2E-2F-VAN-MWB-HIGHROOF-01	LOW	Input lacks wheelbase/roof; standard MWB high-roof production envelope selected.	READY
55115	55115	Pickup	Crafter I facelift	2E/2F		EU-VW-CRAFTER-I-2E-2F-PICKUP-MWB-SINGLECAB-01	LOW	Input does not distinguish chassis/dropside or cab length; standard MWB single-cab chassis selected.	READY
18971	18971	Convertible	Eos	1F	2	EU-VW-EOS-1F-CONVERTIBLE-01	HIGH		READY
18974	18974	Convertible	Eos	1F	2	EU-VW-EOS-1F-CONVERTIBLE-01	HIGH		READY
10245	10245	Convertible	Eos	1F	2	EU-VW-EOS-1F-CONVERTIBLE-01	HIGH		READY
18989	18989	Convertible	Eos	1F	2	EU-VW-EOS-1F-CONVERTIBLE-01	HIGH		READY
18976	18976	Convertible	Eos	1F	2	EU-VW-EOS-1F-CONVERTIBLE-01	HIGH		READY
18985	18985	Convertible	Eos	1F	2	EU-VW-EOS-1F-CONVERTIBLE-01	HIGH		READY
18608	18608	Hatchback	Fox	5Z	3	EU-VW-FOX-5Z-HATCHBACK-01	HIGH		READY
34981	34981	Hatchback	Fox	5Z	3	EU-VW-FOX-5Z-HATCHBACK-01	HIGH		READY
18609	18609	Hatchback	Fox	5Z	3	EU-VW-FOX-5Z-HATCHBACK-01	HIGH		READY
18610	18610	Hatchback	Fox	5Z	3	EU-VW-FOX-5Z-HATCHBACK-01	HIGH		READY
122123	122123	Van	Fridolin	Type 147		EU-VW-FRIDOLIN-TYPE147-VAN-01	HIGH		READY
109838	109838	Wagon	Golf Alltrack VII	AUV	5	EU-VW-GOLF-ALLTRACK-VII-AUV-WAGON-PREFL-01	HIGH		READY
112297_prefl	112297	Wagon	Golf Alltrack VII	AUV	5	EU-VW-GOLF-ALLTRACK-VII-AUV-WAGON-PREFL-01	MEDIUM	Ktype production period spans the 2017 exterior-dimension update.	READY
112297_facelift	112297	Wagon	Golf Alltrack VII	AUV	5	EU-VW-GOLF-ALLTRACK-VII-AUV-WAGON-FACELIFT-01	MEDIUM	Ktype production period spans the 2017 exterior-dimension update.	READY
109839_prefl	109839	Wagon	Golf Alltrack VII	AUV	5	EU-VW-GOLF-ALLTRACK-VII-AUV-WAGON-PREFL-01	MEDIUM	Ktype production period spans the 2017 exterior-dimension update.	READY
109839_facelift	109839	Wagon	Golf Alltrack VII	AUV	5	EU-VW-GOLF-ALLTRACK-VII-AUV-WAGON-FACELIFT-01	MEDIUM	Ktype production period spans the 2017 exterior-dimension update.	READY
109843_prefl	109843	Wagon	Golf Alltrack VII	AUV	5	EU-VW-GOLF-ALLTRACK-VII-AUV-WAGON-PREFL-01	MEDIUM	Ktype production period spans the 2017 exterior-dimension update.	READY
109843_facelift	109843	Wagon	Golf Alltrack VII	AUV	5	EU-VW-GOLF-ALLTRACK-VII-AUV-WAGON-FACELIFT-01	MEDIUM	Ktype production period spans the 2017 exterior-dimension update.	READY
143294	143294	Wagon	Golf Alltrack VIII	CDV	5	EU-VW-GOLF-ALLTRACK-VIII-CDV-WAGON-01	HIGH		READY
154239	154239	Wagon	Golf Alltrack VIII	CDV	5	EU-VW-GOLF-ALLTRACK-VIII-CDV-WAGON-01	HIGH		READY
1943_prefl	1943	Convertible	Golf I Cabriolet	A1C/Type 155	2	EU-VW-GOLF-I-A1C-CONVERTIBLE-PREFL-01	MEDIUM	Ktype spans the 1988 model-year exterior update.	READY
1943_facelift	1943	Convertible	Golf I Cabriolet	A1C/Type 155	2	EU-VW-GOLF-I-A1C-CONVERTIBLE-FACELIFT-01	MEDIUM	Ktype spans the 1988 model-year exterior update.	READY
1944_prefl	1944	Convertible	Golf I Cabriolet	A1C/Type 155	2	EU-VW-GOLF-I-A1C-CONVERTIBLE-PREFL-01	MEDIUM	Ktype spans the 1988 model-year exterior update.	READY
1944_facelift	1944	Convertible	Golf I Cabriolet	A1C/Type 155	2	EU-VW-GOLF-I-A1C-CONVERTIBLE-FACELIFT-01	MEDIUM	Ktype spans the 1988 model-year exterior update.	READY
1945	1945	Convertible	Golf I Cabriolet	155	2	EU-VW-GOLF-I-A1C-CONVERTIBLE-PREFL-01	HIGH		READY
59336	59336	Convertible	Golf I Cabriolet	155	2	EU-VW-GOLF-I-A1C-CONVERTIBLE-PREFL-01	HIGH		READY
1946_prefl	1946	Convertible	Golf I Cabriolet	155	2	EU-VW-GOLF-I-A1C-CONVERTIBLE-PREFL-01	HIGH	1988 model-year body-kit change alters exterior length and width.	READY
1946_facelift	1946	Convertible	Golf I Cabriolet	155	2	EU-VW-GOLF-I-A1C-CONVERTIBLE-FACELIFT-01	HIGH	1988 model-year body-kit change alters exterior length and width.	READY
1947_prefl	1947	Convertible	Golf I Cabriolet	155	2	EU-VW-GOLF-I-A1C-CONVERTIBLE-PREFL-01	HIGH	1988 model-year body-kit change alters exterior length and width.	READY
1947_facelift	1947	Convertible	Golf I Cabriolet	155	2	EU-VW-GOLF-I-A1C-CONVERTIBLE-FACELIFT-01	HIGH	1988 model-year body-kit change alters exterior length and width.	READY
1948_prefl	1948	Convertible	Golf I Cabriolet	155	2	EU-VW-GOLF-I-A1C-CONVERTIBLE-PREFL-01	HIGH	1988 model-year body-kit change alters exterior length and width.	READY
1948_facelift	1948	Convertible	Golf I Cabriolet	155	2	EU-VW-GOLF-I-A1C-CONVERTIBLE-FACELIFT-01	HIGH	1988 model-year body-kit change alters exterior length and width.	READY
1949	1949	Convertible	Golf I Cabriolet	155	2	EU-VW-GOLF-I-A1C-CONVERTIBLE-FACELIFT-01	HIGH		READY
8824	8824	Hatchback	Golf II	19E	3/5	EU-VW-GOLF-II-A2-HATCHBACK-STANDARD-01	HIGH		READY
8825	8825	Hatchback	Golf II	19E	3/5	EU-VW-GOLF-II-A2-HATCHBACK-STANDARD-01	HIGH		READY
8050	8050	Hatchback	Golf II	19E	3/5	EU-VW-GOLF-II-A2-HATCHBACK-STANDARD-01	HIGH		READY
8040	8040	Hatchback	Golf II	19E	3/5	EU-VW-GOLF-II-A2-HATCHBACK-STANDARD-01	HIGH		READY
8048	8048	Hatchback	Golf II	19E	3/5	EU-VW-GOLF-II-A2-HATCHBACK-STANDARD-01	HIGH		READY
8051	8051	Hatchback	Golf II	19E	3/5	EU-VW-GOLF-II-A2-HATCHBACK-STANDARD-01	HIGH		READY
155766	155766	Hatchback	Golf II	19E	3/5	EU-VW-GOLF-II-A2-HATCHBACK-STANDARD-01	HIGH		READY
5715	5715	Convertible	Golf III Cabriolet	1E	2	EU-VW-GOLF-III-A3-CONVERTIBLE-STANDARD-01	HIGH		READY
5717	5717	Hatchback	Golf III	1H	3/5	EU-VW-GOLF-III-A3-HATCHBACK-STANDARD-01	HIGH		READY
5721	5721	Wagon	Golf III Variant	1H	5	EU-VW-GOLF-III-A3-WAGON-STANDARD-01	HIGH		READY
10052	10052	Convertible	Golf IV Cabriolet	1E	2	EU-VW-GOLF-IV-A4-CONVERTIBLE-STANDARD-01	HIGH		READY
15539	15539	Hatchback	Golf IV	1J	3/5	EU-VW-GOLF-IV-A4-HATCHBACK-STANDARD-01	HIGH		READY
8800	8800	Hatchback	Golf IV	1J	3/5	EU-VW-GOLF-IV-A4-HATCHBACK-STANDARD-01	HIGH		READY
10054	10054	Convertible	Golf IV Cabriolet	1E	2	EU-VW-GOLF-IV-A4-CONVERTIBLE-STANDARD-01	HIGH		READY
11779	11779	Hatchback	Golf IV	1J	3/5	EU-VW-GOLF-IV-A4-HATCHBACK-STANDARD-01	HIGH		READY
8799	8799	Hatchback	Golf IV	1J	3/5	EU-VW-GOLF-IV-A4-HATCHBACK-STANDARD-01	HIGH		READY
14590	14590	Hatchback	Golf IV	1J	3/5	EU-VW-GOLF-IV-A4-HATCHBACK-STANDARD-01	HIGH		READY
16509	16509	Hatchback	Golf IV	1J	3/5	EU-VW-GOLF-IV-A4-HATCHBACK-STANDARD-01	HIGH		READY
8801	8801	Hatchback	Golf IV	1J	3/5	EU-VW-GOLF-IV-A4-HATCHBACK-STANDARD-01	HIGH		READY
8798	8798	Hatchback	Golf IV	1J	3/5	EU-VW-GOLF-IV-A4-HATCHBACK-STANDARD-01	HIGH		READY
10053	10053	Convertible	Golf IV Cabriolet	1E	2	EU-VW-GOLF-IV-A4-CONVERTIBLE-STANDARD-01	HIGH		READY
11199	11199	Convertible	Golf IV Cabriolet	1E	2	EU-VW-GOLF-IV-A4-CONVERTIBLE-STANDARD-01	HIGH		READY
13100	13100	Hatchback	Golf IV	1J	3/5	EU-VW-GOLF-IV-A4-HATCHBACK-STANDARD-01	HIGH		READY
15458	15458	Hatchback	Golf IV	1J	3/5	EU-VW-GOLF-IV-A4-HATCHBACK-STANDARD-01	HIGH		READY
15460	15460	Hatchback	Golf IV	1J	3/5	EU-VW-GOLF-IV-A4-HATCHBACK-STANDARD-01	HIGH		READY
16063	16063	Hatchback	Golf IV	1J	3/5	EU-VW-GOLF-IV-A4-HATCHBACK-STANDARD-01	HIGH		READY
14903	14903	Hatchback	Golf IV	1J	3/5	EU-VW-GOLF-IV-A4-HATCHBACK-STANDARD-01	HIGH		READY
15459	15459	Hatchback	Golf IV	1J	3/5	EU-VW-GOLF-IV-A4-HATCHBACK-STANDARD-01	HIGH		READY
15461	15461	Hatchback	Golf IV	1J	3/5	EU-VW-GOLF-IV-A4-HATCHBACK-STANDARD-01	HIGH		READY
16064	16064	Hatchback	Golf IV	1J	3/5	EU-VW-GOLF-IV-A4-HATCHBACK-STANDARD-01	HIGH		READY
15759	15759	Hatchback	Golf IV	1J	3/5	EU-VW-GOLF-IV-A4-HATCHBACK-STANDARD-01	HIGH		READY
8802	8802	Hatchback	Golf IV	1J	3/5	EU-VW-GOLF-IV-A4-HATCHBACK-STANDARD-01	HIGH		READY
15540	15540	Hatchback	Golf IV	1J	3/5	EU-VW-GOLF-IV-A4-HATCHBACK-STANDARD-01	HIGH		READY
13099	13099	Hatchback	Golf IV	1J	3/5	EU-VW-GOLF-IV-A4-HATCHBACK-STANDARD-01	HIGH		READY
15541	15541	Hatchback	Golf IV	1J	3/5	EU-VW-GOLF-IV-A4-HATCHBACK-STANDARD-01	HIGH		READY
10944	10944	Hatchback	Golf IV	1J	3/5	EU-VW-GOLF-IV-A4-HATCHBACK-STANDARD-01	HIGH		READY
16846	16846	Hatchback	Golf IV	1J	3/5	EU-VW-GOLF-IV-A4-HATCHBACK-STANDARD-01	HIGH		READY
11603	11603	Wagon	Golf IV Variant	1J	5	EU-VW-GOLF-IV-A4-WAGON-STANDARD-01	HIGH		READY
15542	15542	Wagon	Golf IV Variant	1J	5	EU-VW-GOLF-IV-A4-WAGON-STANDARD-01	HIGH		READY
11604	11604	Wagon	Golf IV Variant	1J	5	EU-VW-GOLF-IV-A4-WAGON-STANDARD-01	HIGH		READY
11599	11599	Wagon	Golf IV Variant	1J	5	EU-VW-GOLF-IV-A4-WAGON-STANDARD-01	HIGH		READY
14591	14591	Wagon	Golf IV Variant	1J	5	EU-VW-GOLF-IV-A4-WAGON-STANDARD-01	HIGH		READY
16510	16510	Wagon	Golf IV Variant	1J	5	EU-VW-GOLF-IV-A4-WAGON-STANDARD-01	HIGH		READY
14565	14565	Wagon	Golf IV Variant	1J	5	EU-VW-GOLF-IV-A4-WAGON-STANDARD-01	HIGH		READY
17285	17285	Wagon	Golf IV Variant	1J	5	EU-VW-GOLF-IV-A4-WAGON-STANDARD-01	HIGH		READY
11605	11605	Wagon	Golf IV Variant	1J	5	EU-VW-GOLF-IV-A4-WAGON-STANDARD-01	HIGH		READY
11606	11606	Wagon	Golf IV Variant	1J	5	EU-VW-GOLF-IV-A4-WAGON-STANDARD-01	HIGH		READY
11607	11607	Wagon	Golf IV Variant	1J	5	EU-VW-GOLF-IV-A4-WAGON-STANDARD-01	HIGH		READY
11763	11763	Wagon	Golf IV Variant	1J	5	EU-VW-GOLF-IV-A4-WAGON-STANDARD-01	HIGH		READY
15462	15462	Wagon	Golf IV Variant	1J	5	EU-VW-GOLF-IV-A4-WAGON-STANDARD-01	HIGH		READY
16065	16065	Wagon	Golf IV Variant	1J	5	EU-VW-GOLF-IV-A4-WAGON-STANDARD-01	HIGH		READY
13107	13107	Wagon	Golf IV Variant	1J	5	EU-VW-GOLF-IV-A4-WAGON-STANDARD-01	HIGH		READY
14725	14725	Wagon	Golf IV Variant	1J	5	EU-VW-GOLF-IV-A4-WAGON-STANDARD-01	HIGH		READY
15463	15463	Wagon	Golf IV Variant	1J	5	EU-VW-GOLF-IV-A4-WAGON-STANDARD-01	HIGH		READY
16066	16066	Wagon	Golf IV Variant	1J	5	EU-VW-GOLF-IV-A4-WAGON-STANDARD-01	HIGH		READY
59345	59345	Wagon	Golf IV Variant	1J	5	EU-VW-GOLF-IV-A4-WAGON-STANDARD-01	HIGH		READY
15760	15760	Wagon	Golf IV Variant	1J	5	EU-VW-GOLF-IV-A4-WAGON-STANDARD-01	HIGH		READY
54939	54939	Wagon	Golf IV Variant	1J	5	EU-VW-GOLF-IV-A4-WAGON-STANDARD-01	HIGH		READY
14563	14563	Wagon	Golf IV Variant	1J	5	EU-VW-GOLF-IV-A4-WAGON-STANDARD-01	HIGH		READY
17478	17478	Wagon	Golf IV Variant	1J	5	EU-VW-GOLF-IV-A4-WAGON-STANDARD-01	HIGH		READY
14564	14564	Wagon	Golf IV Variant	1J	5	EU-VW-GOLF-IV-A4-WAGON-STANDARD-01	HIGH		READY
17479	17479	Wagon	Golf IV Variant	1J	5	EU-VW-GOLF-IV-A4-WAGON-STANDARD-01	HIGH		READY
14566	14566	Wagon	Golf IV Variant	1J	5	EU-VW-GOLF-IV-A4-WAGON-STANDARD-01	HIGH		READY
18924_prefl	18924	Hatchback	Golf Plus V		5	EU-VW-GOLF-PLUS-V-A5-HATCHBACK-PREFL-01	HIGH	December 2008 facelift changes overall length.	READY
18924_facelift	18924	Hatchback	Golf Plus V Facelift		5	EU-VW-GOLF-PLUS-V-A5-HATCHBACK-FACELIFT-01	HIGH	December 2008 facelift changes overall length.	READY
18388	18388	Hatchback	Golf Plus V		5	EU-VW-GOLF-PLUS-V-A5-HATCHBACK-PREFL-01	HIGH		READY
18391	18391	Hatchback	Golf Plus V		5	EU-VW-GOLF-PLUS-V-A5-HATCHBACK-PREFL-01	HIGH		READY
18392_prefl	18392	Hatchback	Golf Plus V		5	EU-VW-GOLF-PLUS-V-A5-HATCHBACK-PREFL-01	HIGH	December 2008 facelift changes overall length.	READY
18392_facelift	18392	Hatchback	Golf Plus V Facelift		5	EU-VW-GOLF-PLUS-V-A5-HATCHBACK-FACELIFT-01	HIGH	December 2008 facelift changes overall length.	READY
18923	18923	Hatchback	Golf Plus V		5	EU-VW-GOLF-PLUS-V-A5-HATCHBACK-PREFL-01	HIGH		READY
18922	18922	Hatchback	Golf Plus V		5	EU-VW-GOLF-PLUS-V-A5-HATCHBACK-PREFL-01	HIGH		READY
18393_prefl	18393	Hatchback	Golf Plus V		5	EU-VW-GOLF-PLUS-V-A5-HATCHBACK-PREFL-01	HIGH	December 2008 facelift changes overall length.	READY
18393_facelift	18393	Hatchback	Golf Plus V Facelift		5	EU-VW-GOLF-PLUS-V-A5-HATCHBACK-FACELIFT-01	HIGH	December 2008 facelift changes overall length.	READY
105741	105741	Hatchback	Golf Sportsvan VII		5	EU-VW-GOLF-SPORTSVAN-VII-A7-HATCHBACK-PREFL-01	HIGH		READY
115501_prefl	115501	Hatchback	Golf Sportsvan VII		5	EU-VW-GOLF-SPORTSVAN-VII-A7-HATCHBACK-PREFL-01	HIGH	May 2017 facelift changes exterior length and height.	READY
115501_facelift	115501	Hatchback	Golf Sportsvan VII Facelift		5	EU-VW-GOLF-SPORTSVAN-VII-A7-HATCHBACK-FACELIFT-01	HIGH	May 2017 facelift changes exterior length and height.	READY
128298	128298	Hatchback	Golf Sportsvan VII Facelift		5	EU-VW-GOLF-SPORTSVAN-VII-A7-HATCHBACK-FACELIFT-01	HIGH		READY
128299	128299	Hatchback	Golf Sportsvan VII Facelift		5	EU-VW-GOLF-SPORTSVAN-VII-A7-HATCHBACK-FACELIFT-01	HIGH		READY
101156_prefl	101156	Hatchback	Golf Sportsvan VII		5	EU-VW-GOLF-SPORTSVAN-VII-A7-HATCHBACK-PREFL-01	HIGH	May 2017 facelift changes exterior length and height.	READY
101156_facelift	101156	Hatchback	Golf Sportsvan VII Facelift		5	EU-VW-GOLF-SPORTSVAN-VII-A7-HATCHBACK-FACELIFT-01	HIGH	May 2017 facelift changes exterior length and height.	READY
105738_prefl	105738	Hatchback	Golf Sportsvan VII		5	EU-VW-GOLF-SPORTSVAN-VII-A7-HATCHBACK-PREFL-01	HIGH	May 2017 facelift changes exterior length and height.	READY
105738_facelift	105738	Hatchback	Golf Sportsvan VII Facelift		5	EU-VW-GOLF-SPORTSVAN-VII-A7-HATCHBACK-FACELIFT-01	HIGH	May 2017 facelift changes exterior length and height.	READY
100800_prefl	100800	Hatchback	Golf Sportsvan VII		5	EU-VW-GOLF-SPORTSVAN-VII-A7-HATCHBACK-PREFL-01	HIGH	May 2017 facelift changes exterior length and height.	READY
100800_facelift	100800	Hatchback	Golf Sportsvan VII Facelift		5	EU-VW-GOLF-SPORTSVAN-VII-A7-HATCHBACK-FACELIFT-01	HIGH	May 2017 facelift changes exterior length and height.	READY
101157_prefl	101157	Hatchback	Golf Sportsvan VII		5	EU-VW-GOLF-SPORTSVAN-VII-A7-HATCHBACK-PREFL-01	HIGH	May 2017 facelift changes exterior length and height.	READY
101157_facelift	101157	Hatchback	Golf Sportsvan VII Facelift		5	EU-VW-GOLF-SPORTSVAN-VII-A7-HATCHBACK-FACELIFT-01	HIGH	May 2017 facelift changes exterior length and height.	READY
105748_prefl	105748	Hatchback	Golf Sportsvan VII		5	EU-VW-GOLF-SPORTSVAN-VII-A7-HATCHBACK-PREFL-01	HIGH	May 2017 facelift changes exterior length and height.	READY
105748_facelift	105748	Hatchback	Golf Sportsvan VII Facelift		5	EU-VW-GOLF-SPORTSVAN-VII-A7-HATCHBACK-FACELIFT-01	HIGH	May 2017 facelift changes exterior length and height.	READY
128300	128300	Hatchback	Golf Sportsvan VII Facelift		5	EU-VW-GOLF-SPORTSVAN-VII-A7-HATCHBACK-FACELIFT-01	HIGH		READY
128301	128301	Hatchback	Golf Sportsvan VII Facelift		5	EU-VW-GOLF-SPORTSVAN-VII-A7-HATCHBACK-FACELIFT-01	HIGH		READY
100798	100798	Hatchback	Golf Sportsvan VII		5	EU-VW-GOLF-SPORTSVAN-VII-A7-HATCHBACK-PREFL-01	HIGH		READY
105739_prefl	105739	Hatchback	Golf Sportsvan VII		5	EU-VW-GOLF-SPORTSVAN-VII-A7-HATCHBACK-PREFL-01	HIGH	May 2017 facelift changes exterior length and height.	READY
105739_facelift	105739	Hatchback	Golf Sportsvan VII Facelift		5	EU-VW-GOLF-SPORTSVAN-VII-A7-HATCHBACK-FACELIFT-01	HIGH	May 2017 facelift changes exterior length and height.	READY
124225_prefl	124225	Hatchback	Golf Sportsvan VII		5	EU-VW-GOLF-SPORTSVAN-VII-A7-HATCHBACK-PREFL-01	HIGH	May 2017 facelift changes exterior length and height.	READY
124225_facelift	124225	Hatchback	Golf Sportsvan VII Facelift		5	EU-VW-GOLF-SPORTSVAN-VII-A7-HATCHBACK-FACELIFT-01	HIGH	May 2017 facelift changes exterior length and height.	READY
100799_prefl	100799	Hatchback	Golf Sportsvan VII		5	EU-VW-GOLF-SPORTSVAN-VII-A7-HATCHBACK-PREFL-01	HIGH	May 2017 facelift changes exterior length and height.	READY
100799_facelift	100799	Hatchback	Golf Sportsvan VII Facelift		5	EU-VW-GOLF-SPORTSVAN-VII-A7-HATCHBACK-FACELIFT-01	HIGH	May 2017 facelift changes exterior length and height.	READY
105740_prefl	105740	Hatchback	Golf Sportsvan VII		5	EU-VW-GOLF-SPORTSVAN-VII-A7-HATCHBACK-PREFL-01	HIGH	May 2017 facelift changes exterior length and height.	READY
105740_facelift	105740	Hatchback	Golf Sportsvan VII Facelift		5	EU-VW-GOLF-SPORTSVAN-VII-A7-HATCHBACK-FACELIFT-01	HIGH	May 2017 facelift changes exterior length and height.	READY
17872	17872	Hatchback	Golf V	1K	3/5	EU-VW-GOLF-V-A5-HATCHBACK-STANDARD-01	HIGH		READY
17278	17278	Hatchback	Golf V	1K	3/5	EU-VW-GOLF-V-A5-HATCHBACK-STANDARD-01	HIGH		READY
17743	17743	Hatchback	Golf V	1K	3/5	EU-VW-GOLF-V-A5-HATCHBACK-STANDARD-01	HIGH		READY
18920	18920	Hatchback	Golf V	1K	3/5	EU-VW-GOLF-V-A5-HATCHBACK-STANDARD-01	HIGH		READY
17645	17645	Hatchback	Golf V	1K	3/5	EU-VW-GOLF-V-A5-HATCHBACK-STANDARD-01	HIGH		READY
17484	17484	Hatchback	Golf V	1K	3/5	EU-VW-GOLF-V-A5-HATCHBACK-STANDARD-01	HIGH		READY
18114	18114	Hatchback	Golf V	1K	3/5	EU-VW-GOLF-V-A5-HATCHBACK-STANDARD-01	HIGH		READY
18384	18384	Hatchback	Golf V	1K	3/5	EU-VW-GOLF-V-A5-HATCHBACK-STANDARD-01	HIGH		READY
17281	17281	Hatchback	Golf V (A5)			EU-VW-GOLF-V-A5-HATCHBACK-STANDARD-01	HIGH		READY
18386	18386	Hatchback	Golf V (A5)			EU-VW-GOLF-V-A5-HATCHBACK-STANDARD-01	HIGH		READY
18387	18387	Hatchback	Golf V (A5)			EU-VW-GOLF-V-A5-HATCHBACK-GTI-01	HIGH		READY
17871	17871	Hatchback	Golf V (A5)			EU-VW-GOLF-V-A5-HATCHBACK-STANDARD-01	HIGH		READY
18919	18919	Hatchback	Golf V (A5)			EU-VW-GOLF-V-A5-HATCHBACK-STANDARD-01	HIGH		READY
17280	17280	Hatchback	Golf V (A5)			EU-VW-GOLF-V-A5-HATCHBACK-STANDARD-01	HIGH		READY
18385	18385	Hatchback	Golf V (A5)			EU-VW-GOLF-V-A5-HATCHBACK-STANDARD-01	HIGH		READY
18921	18921	Hatchback	Golf V (A5)			EU-VW-GOLF-V-A5-HATCHBACK-R32-01	HIGH		READY
58524	58524	Hatchback	Golf VI (A6)			EU-VW-GOLF-VI-A6-HATCHBACK-25-01	HIGH		READY
11973	11973	Convertible	Golf VI (A6)			EU-VW-GOLF-VI-A6-CONVERTIBLE-STANDARD-01	HIGH		READY
115171	115171	Convertible	Golf VI (A6)			EU-VW-GOLF-VI-A6-CONVERTIBLE-STANDARD-01	HIGH		READY
115173	115173	Convertible	Golf VI (A6)			EU-VW-GOLF-VI-A6-CONVERTIBLE-STANDARD-01	HIGH		READY
34879	34879	Hatchback	Golf VI (A6)			EU-VW-GOLF-VI-A6-HATCHBACK-STANDARD-01	HIGH		READY
10431	10431	Hatchback	Golf VI (A6)			EU-VW-GOLF-VI-A6-HATCHBACK-GTI-01	HIGH		READY
10524	10524	Hatchback	Golf VI (A6)			EU-VW-GOLF-VI-A6-HATCHBACK-GTI-01	HIGH		READY
59290	59290	Convertible	Golf VI (A6)			EU-VW-GOLF-VI-A6-CONVERTIBLE-R-01	HIGH		READY
115175	115175	Convertible	Golf VI (A6)			EU-VW-GOLF-VI-A6-CONVERTIBLE-STANDARD-01	HIGH		READY
53583	53583	Hatchback	Golf VI (A6)			EU-VW-GOLF-VI-A6-HATCHBACK-STANDARD-01	HIGH		READY
34793	34793	Wagon	Golf VI (A6)			EU-VW-GOLF-VI-A6-WAGON-STANDARD-01	HIGH		READY
6055	6055	Wagon	Golf VI (A6)			EU-VW-GOLF-VI-A6-WAGON-STANDARD-01	HIGH		READY
34795	34795	Wagon	Golf VI (A6)			EU-VW-GOLF-VI-A6-WAGON-STANDARD-01	HIGH		READY
58749	58749	Wagon	Golf VI (A6)			EU-VW-GOLF-VI-A6-WAGON-STANDARD-01	HIGH		READY
58748	58748	Wagon	Golf VI (A6)			EU-VW-GOLF-VI-A6-WAGON-STANDARD-01	HIGH		READY
107945_prefl	107945	Hatchback	Golf VII (A7)			EU-VW-GOLF-VII-A7-HATCHBACK-STANDARD-PREFL-01	MEDIUM	Ktype production period spans the confirmed 2017 exterior-dimension change.	READY
107945_facelift	107945	Hatchback	Golf VII (A7)			EU-VW-GOLF-VII-A7-HATCHBACK-STANDARD-FACELIFT-01	MEDIUM	Ktype production period spans the confirmed 2017 exterior-dimension change.	READY
115566_prefl	115566	Hatchback	Golf VII (A7)			EU-VW-GOLF-VII-A7-HATCHBACK-STANDARD-PREFL-01	MEDIUM	Ktype production period spans the confirmed 2017 exterior-dimension change.	READY
115566_facelift	115566	Hatchback	Golf VII (A7)			EU-VW-GOLF-VII-A7-HATCHBACK-STANDARD-FACELIFT-01	MEDIUM	Ktype production period spans the confirmed 2017 exterior-dimension change.	READY
124239	124239	Hatchback	Golf VII (A7)			EU-VW-GOLF-VII-A7-HATCHBACK-STANDARD-FACELIFT-01	HIGH		READY
125997	125997	Hatchback	Golf VII (A7)			EU-VW-GOLF-VII-A7-HATCHBACK-STANDARD-FACELIFT-01	HIGH		READY
56142	56142	Hatchback	Golf VII (A7)			EU-VW-GOLF-VII-A7-HATCHBACK-STANDARD-PREFL-01	HIGH		READY
57456_prefl	57456	Hatchback	Golf VII (A7)			EU-VW-GOLF-VII-A7-HATCHBACK-STANDARD-PREFL-01	MEDIUM	Ktype production period spans the confirmed 2017 exterior-dimension change.	READY
57456_facelift	57456	Hatchback	Golf VII (A7)			EU-VW-GOLF-VII-A7-HATCHBACK-STANDARD-FACELIFT-01	MEDIUM	Ktype production period spans the confirmed 2017 exterior-dimension change.	READY
105901	105901	Hatchback	Golf VII (A7)			EU-VW-GOLF-VII-A7-HATCHBACK-STANDARD-PREFL-01	HIGH		READY
106227_prefl	106227	Hatchback	Golf VII (A7)			EU-VW-GOLF-VII-A7-HATCHBACK-GTE-PREFL-01	MEDIUM	Ktype production period spans the confirmed 2017 exterior-dimension change.	READY
106227_facelift	106227	Hatchback	Golf VII (A7)			EU-VW-GOLF-VII-A7-HATCHBACK-GTE-FACELIFT-01	MEDIUM	Ktype production period spans the confirmed 2017 exterior-dimension change.	READY
45814_prefl	45814	Hatchback	Golf VII (A7)			EU-VW-GOLF-VII-A7-HATCHBACK-STANDARD-PREFL-01	MEDIUM	Ktype production period spans the confirmed 2017 exterior-dimension change.	READY
45814_facelift	45814	Hatchback	Golf VII (A7)			EU-VW-GOLF-VII-A7-HATCHBACK-STANDARD-FACELIFT-01	MEDIUM	Ktype production period spans the confirmed 2017 exterior-dimension change.	READY
56144_prefl	56144	Hatchback	Golf VII (A7)			EU-VW-GOLF-VII-A7-HATCHBACK-STANDARD-PREFL-01	MEDIUM	Ktype production period spans the confirmed 2017 exterior-dimension change.	READY
56144_facelift	56144	Hatchback	Golf VII (A7)			EU-VW-GOLF-VII-A7-HATCHBACK-STANDARD-FACELIFT-01	MEDIUM	Ktype production period spans the confirmed 2017 exterior-dimension change.	READY
57459	57459	Hatchback	Golf VII (A7)			EU-VW-GOLF-VII-A7-HATCHBACK-STANDARD-PREFL-01	HIGH		READY
105911_prefl	105911	Hatchback	Golf VII (A7)			EU-VW-GOLF-VII-A7-HATCHBACK-STANDARD-PREFL-01	MEDIUM	Ktype production period spans the confirmed 2017 exterior-dimension change.	READY
105911_facelift	105911	Hatchback	Golf VII (A7)			EU-VW-GOLF-VII-A7-HATCHBACK-STANDARD-FACELIFT-01	MEDIUM	Ktype production period spans the confirmed 2017 exterior-dimension change.	READY
105912_prefl	105912	Hatchback	Golf VII (A7)			EU-VW-GOLF-VII-A7-HATCHBACK-STANDARD-PREFL-01	MEDIUM	Ktype production period spans the confirmed 2017 exterior-dimension change.	READY
105912_facelift	105912	Hatchback	Golf VII (A7)			EU-VW-GOLF-VII-A7-HATCHBACK-STANDARD-FACELIFT-01	MEDIUM	Ktype production period spans the confirmed 2017 exterior-dimension change.	READY
57462	57462	Hatchback	Golf VII (A7)			EU-VW-GOLF-VII-A7-HATCHBACK-STANDARD-PREFL-01	HIGH		READY
106414_prefl	106414	Hatchback	Golf VII (A7)			EU-VW-GOLF-VII-A7-HATCHBACK-STANDARD-PREFL-01	MEDIUM	Ktype production period spans the confirmed 2017 exterior-dimension change.	READY
106414_facelift	106414	Hatchback	Golf VII (A7)			EU-VW-GOLF-VII-A7-HATCHBACK-STANDARD-FACELIFT-01	MEDIUM	Ktype production period spans the confirmed 2017 exterior-dimension change.	READY
126840	126840	Hatchback	Golf VII (A7)			EU-VW-GOLF-VII-A7-HATCHBACK-STANDARD-FACELIFT-01	HIGH		READY
128344	128344	Hatchback	Golf VII (A7)			EU-VW-GOLF-VII-A7-HATCHBACK-STANDARD-FACELIFT-01	HIGH		READY
56145	56145	Hatchback	Golf VII (A7)			EU-VW-GOLF-VII-A7-HATCHBACK-STANDARD-PREFL-01	HIGH		READY
59067_prefl	59067	Hatchback	Golf VII (A7)			EU-VW-GOLF-VII-A7-HATCHBACK-STANDARD-PREFL-01	MEDIUM	Ktype production period spans the confirmed 2017 exterior-dimension change.	READY
59067_facelift	59067	Hatchback	Golf VII (A7)			EU-VW-GOLF-VII-A7-HATCHBACK-STANDARD-FACELIFT-01	MEDIUM	Ktype production period spans the confirmed 2017 exterior-dimension change.	READY
59068	59068	Hatchback	Golf VII (A7)			EU-VW-GOLF-VII-A7-HATCHBACK-STANDARD-PREFL-01	HIGH		READY
124240	124240	Hatchback	Golf VII (A7)			EU-VW-GOLF-VII-A7-HATCHBACK-STANDARD-FACELIFT-01	HIGH		READY
57460	57460	Hatchback	Golf VII (A7)			EU-VW-GOLF-VII-A7-HATCHBACK-STANDARD-PREFL-01	HIGH		READY
59289	59289	Hatchback	Golf VII (A7)			EU-VW-GOLF-VII-A7-HATCHBACK-STANDARD-PREFL-01	HIGH		READY
59120_prefl	59120	Hatchback	Golf VII (A7)			EU-VW-GOLF-VII-A7-HATCHBACK-PERFORMANCE-PREFL-01	MEDIUM	Ktype production period spans the confirmed 2017 exterior-dimension change.	READY
59120_facelift	59120	Hatchback	Golf VII (A7)			EU-VW-GOLF-VII-A7-HATCHBACK-GTD-FACELIFT-01	MEDIUM	Ktype production period spans the confirmed 2017 exterior-dimension change.	READY
59115_prefl	59115	Hatchback	Golf VII (A7)			EU-VW-GOLF-VII-A7-HATCHBACK-PERFORMANCE-PREFL-01	MEDIUM	Ktype production period spans the confirmed 2017 exterior-dimension change.	READY
59115_facelift	59115	Hatchback	Golf VII (A7)			EU-VW-GOLF-VII-A7-HATCHBACK-GTI-FACELIFT-01	MEDIUM	Ktype production period spans the confirmed 2017 exterior-dimension change.	READY
59116_prefl	59116	Hatchback	Golf VII (A7)			EU-VW-GOLF-VII-A7-HATCHBACK-PERFORMANCE-PREFL-01	MEDIUM	Ktype production period spans the confirmed 2017 exterior-dimension change.	READY
59116_facelift	59116	Hatchback	Golf VII (A7)			EU-VW-GOLF-VII-A7-HATCHBACK-GTI-FACELIFT-01	MEDIUM	Ktype production period spans the confirmed 2017 exterior-dimension change.	READY
106229_prefl	106229	Hatchback	Golf VII (A7)			EU-VW-GOLF-VII-A7-HATCHBACK-PERFORMANCE-PREFL-01	MEDIUM	Ktype production period spans the confirmed 2017 exterior-dimension change.	READY
106229_facelift	106229	Hatchback	Golf VII (A7)			EU-VW-GOLF-VII-A7-HATCHBACK-GTI-FACELIFT-01	MEDIUM	Ktype production period spans the confirmed 2017 exterior-dimension change.	READY
126007	126007	Hatchback	Golf VII (A7)			EU-VW-GOLF-VII-A7-HATCHBACK-GTI-FACELIFT-01	HIGH		READY
118645	118645	Hatchback	Golf VII (A7)			EU-VW-GOLF-VII-A7-HATCHBACK-PERFORMANCE-PREFL-01	HIGH		READY
120193	120193	Hatchback	Golf VII (A7)			EU-VW-GOLF-VII-A7-HATCHBACK-PERFORMANCE-PREFL-01	HIGH		READY
100074	100074	Hatchback	Golf VII (A7)			EU-VW-GOLF-VII-A7-HATCHBACK-R-PREFL-01	HIGH		READY
100075_prefl	100075	Hatchback	Golf VII (A7)			EU-VW-GOLF-VII-A7-HATCHBACK-R-PREFL-01	MEDIUM	Ktype production period spans the confirmed 2017 exterior-dimension change.	READY
100075_facelift	100075	Hatchback	Golf VII (A7)			EU-VW-GOLF-VII-A7-HATCHBACK-R-FACELIFT-01	MEDIUM	Ktype production period spans the confirmed 2017 exterior-dimension change.	READY
125943	125943	Hatchback	Golf VII (A7)			EU-VW-GOLF-VII-A7-HATCHBACK-R-FACELIFT-01	HIGH		READY
125995	125995	Hatchback	Golf VII (A7)			EU-VW-GOLF-VII-A7-HATCHBACK-R-FACELIFT-01	HIGH		READY
56147_prefl	56147	Hatchback	Golf VII (A7)			EU-VW-GOLF-VII-A7-HATCHBACK-STANDARD-PREFL-01	MEDIUM	Ktype production period spans the confirmed 2017 exterior-dimension change.	READY
56147_facelift	56147	Hatchback	Golf VII (A7)			EU-VW-GOLF-VII-A7-HATCHBACK-STANDARD-FACELIFT-01	MEDIUM	Ktype production period spans the confirmed 2017 exterior-dimension change.	READY
59070_prefl	59070	Hatchback	Golf VII (A7)			EU-VW-GOLF-VII-A7-HATCHBACK-STANDARD-PREFL-01	MEDIUM	Ktype production period spans the confirmed 2017 exterior-dimension change.	READY
59070_facelift	59070	Hatchback	Golf VII (A7)			EU-VW-GOLF-VII-A7-HATCHBACK-STANDARD-FACELIFT-01	MEDIUM	Ktype production period spans the confirmed 2017 exterior-dimension change.	READY
59071_prefl	59071	Hatchback	Golf VII (A7)			EU-VW-GOLF-VII-A7-HATCHBACK-STANDARD-PREFL-01	MEDIUM	Ktype production period spans the confirmed 2017 exterior-dimension change.	READY
59071_facelift	59071	Hatchback	Golf VII (A7)			EU-VW-GOLF-VII-A7-HATCHBACK-STANDARD-FACELIFT-01	MEDIUM	Ktype production period spans the confirmed 2017 exterior-dimension change.	READY
57461_prefl	57461	Hatchback	Golf VII (A7)			EU-VW-GOLF-VII-A7-HATCHBACK-STANDARD-PREFL-01	MEDIUM	Ktype production period spans the confirmed 2017 exterior-dimension change.	READY
57461_facelift	57461	Hatchback	Golf VII (A7)			EU-VW-GOLF-VII-A7-HATCHBACK-STANDARD-FACELIFT-01	MEDIUM	Ktype production period spans the confirmed 2017 exterior-dimension change.	READY
101041	101041	Hatchback	Golf VII (A7)			EU-VW-GOLF-VII-A7-HATCHBACK-EGOLF-PREFL-01	HIGH		READY
126625	126625	Hatchback	Golf VII (A7)			EU-VW-GOLF-VII-A7-HATCHBACK-EGOLF-FACELIFT-01	HIGH		READY
803187	803187	Van	Golf VII (A7)			EU-VW-GOLF-VII-A7-HATCHBACK-STANDARD-FACELIFT-01	HIGH	Commercial cargo conversion; exterior follows the corresponding hatchback phase.	READY
107946_prefl	107946	Wagon	Golf VII (A7)			EU-VW-GOLF-VII-A7-WAGON-STANDARD-PREFL-01	MEDIUM	Ktype production period spans the confirmed 2017 exterior-dimension change.	READY
107946_facelift	107946	Wagon	Golf VII (A7)			EU-VW-GOLF-VII-A7-WAGON-STANDARD-FACELIFT-01	MEDIUM	Ktype production period spans the confirmed 2017 exterior-dimension change.	READY
115568_prefl	115568	Wagon	Golf VII (A7)			EU-VW-GOLF-VII-A7-WAGON-STANDARD-PREFL-01	MEDIUM	Ktype production period spans the confirmed 2017 exterior-dimension change.	READY
115568_facelift	115568	Wagon	Golf VII (A7)			EU-VW-GOLF-VII-A7-WAGON-STANDARD-FACELIFT-01	MEDIUM	Ktype production period spans the confirmed 2017 exterior-dimension change.	READY
124242	124242	Wagon	Golf VII (A7)			EU-VW-GOLF-VII-A7-WAGON-STANDARD-FACELIFT-01	HIGH		READY
125998	125998	Wagon	Golf VII (A7)			EU-VW-GOLF-VII-A7-WAGON-STANDARD-FACELIFT-01	HIGH		READY
58926	58926	Wagon	Golf VII (A7)			EU-VW-GOLF-VII-A7-WAGON-STANDARD-PREFL-01	HIGH		READY
58943_prefl	58943	Wagon	Golf VII (A7)			EU-VW-GOLF-VII-A7-WAGON-STANDARD-PREFL-01	MEDIUM	Ktype production period spans the confirmed 2017 exterior-dimension change.	READY
58943_facelift	58943	Wagon	Golf VII (A7)			EU-VW-GOLF-VII-A7-WAGON-STANDARD-FACELIFT-01	MEDIUM	Ktype production period spans the confirmed 2017 exterior-dimension change.	READY
105917	105917	Wagon	Golf VII (A7)			EU-VW-GOLF-VII-A7-WAGON-STANDARD-PREFL-01	HIGH		READY
58944	58944	Wagon	Golf VII (A7)			EU-VW-GOLF-VII-A7-WAGON-STANDARD-PREFL-01	HIGH		READY
105919_prefl	105919	Wagon	Golf VII (A7)			EU-VW-GOLF-VII-A7-WAGON-STANDARD-PREFL-01	MEDIUM	Ktype production period spans the confirmed 2017 exterior-dimension change.	READY
105919_facelift	105919	Wagon	Golf VII (A7)			EU-VW-GOLF-VII-A7-WAGON-STANDARD-FACELIFT-01	MEDIUM	Ktype production period spans the confirmed 2017 exterior-dimension change.	READY
106231_prefl	106231	Wagon	Golf VII (A7)			EU-VW-GOLF-VII-A7-WAGON-STANDARD-PREFL-01	MEDIUM	Ktype production period spans the confirmed 2017 exterior-dimension change.	READY
106231_facelift	106231	Wagon	Golf VII (A7)			EU-VW-GOLF-VII-A7-WAGON-STANDARD-FACELIFT-01	MEDIUM	Ktype production period spans the confirmed 2017 exterior-dimension change.	READY
100072	100072	Wagon	Golf VII (A7)			EU-VW-GOLF-VII-A7-WAGON-STANDARD-PREFL-01	HIGH		READY
106415	106415	Wagon	Golf VII (A7)			EU-VW-GOLF-VII-A7-WAGON-STANDARD-PREFL-01	HIGH		READY
126844	126844	Wagon	Golf VII (A7)			EU-VW-GOLF-VII-A7-WAGON-STANDARD-FACELIFT-01	HIGH		READY
128340	128340	Wagon	Golf VII (A7)			EU-VW-GOLF-VII-A7-WAGON-STANDARD-FACELIFT-01	HIGH		READY
58945	58945	Wagon	Golf VII (A7)			EU-VW-GOLF-VII-A7-WAGON-STANDARD-PREFL-01	HIGH		READY
124243	124243	Wagon	Golf VII (A7)			EU-VW-GOLF-VII-A7-WAGON-STANDARD-FACELIFT-01	HIGH		READY
106416	106416	Wagon	Golf VII (A7)			EU-VW-GOLF-VII-A7-WAGON-STANDARD-PREFL-01	HIGH		READY
109842_prefl	109842	Wagon	Golf VII (A7)			EU-VW-GOLF-VII-A7-WAGON-GTD-PREFL-01	MEDIUM	Ktype production period spans the confirmed 2017 exterior-dimension change.	READY
109842_facelift	109842	Wagon	Golf VII (A7)			EU-VW-GOLF-VII-A7-WAGON-STANDARD-FACELIFT-01	MEDIUM	Ktype production period spans the confirmed 2017 exterior-dimension change.	READY
112296	112296	Wagon	Golf VII (A7)			EU-VW-GOLF-VII-A7-WAGON-R-STANDARD-01	HIGH		READY
113320	113320	Wagon	Golf VII (A7)			EU-VW-GOLF-VII-A7-WAGON-R-STANDARD-01	HIGH		READY
125944	125944	Wagon	Golf VII (A7)			EU-VW-GOLF-VII-A7-WAGON-R-STANDARD-01	HIGH		READY
125996	125996	Wagon	Golf VII (A7)			EU-VW-GOLF-VII-A7-WAGON-R-STANDARD-01	HIGH		READY
58946_prefl	58946	Wagon	Golf VII (A7)			EU-VW-GOLF-VII-A7-WAGON-STANDARD-PREFL-01	MEDIUM	Ktype production period spans the confirmed 2017 exterior-dimension change.	READY
58946_facelift	58946	Wagon	Golf VII (A7)			EU-VW-GOLF-VII-A7-WAGON-STANDARD-FACELIFT-01	MEDIUM	Ktype production period spans the confirmed 2017 exterior-dimension change.	READY
142889	142889	Hatchback	Golf VIII (A8)			EU-VW-GOLF-VIII-A8-HATCHBACK-STANDARD-HIGH-PREFL-01	HIGH		READY
144084	144084	Hatchback	Golf VIII (A8)			EU-VW-GOLF-VIII-A8-HATCHBACK-HYBRID-PREFL-01	HIGH		READY
144993	144993	Hatchback	Golf VIII (A8)			EU-VW-GOLF-VIII-A8-HATCHBACK-STANDARD-PREFL-01	HIGH		READY
146214	146214	Hatchback	Golf VIII (A8)			EU-VW-GOLF-VIII-A8-HATCHBACK-HYBRID-PREFL-01	HIGH		READY
800298	800298	Hatchback	Golf VIII (A8)			EU-VW-GOLF-VIII-A8-HATCHBACK-EHYBRID-FACELIFT-01	HIGH		READY
146184	146184	Hatchback	Golf VIII (A8)			EU-VW-GOLF-VIII-A8-HATCHBACK-STANDARD-PREFL-01	HIGH		READY
157955	157955	Hatchback	Golf VIII (A8)			EU-VW-GOLF-VIII-A8-HATCHBACK-STANDARD-FACELIFT-01	HIGH		READY
158703	158703	Hatchback	Golf VIII (A8)			EU-VW-GOLF-VIII-A8-HATCHBACK-GTE-FACELIFT-01	HIGH		READY
142908	142908	Hatchback	Golf VIII (A8)			EU-VW-GOLF-VIII-A8-HATCHBACK-STANDARD-HIGH-PREFL-01	HIGH		READY
157954	157954	Hatchback	Golf VIII (A8)			EU-VW-GOLF-VIII-A8-HATCHBACK-STANDARD-FACELIFT-01	HIGH		READY
158710	158710	Hatchback	Golf VIII (A8)			EU-VW-GOLF-VIII-A8-HATCHBACK-GTI-FACELIFT-01	HIGH		READY
802557	802557	Hatchback	Golf VIII (A8)			EU-VW-GOLF-VIII-A8-HATCHBACK-GTI50-FACELIFT-01	HIGH		READY
142910	142910	Hatchback	Golf VIII (A8)			EU-VW-GOLF-VIII-A8-HATCHBACK-STANDARD-PREFL-01	HIGH		READY
146244	146244	Hatchback	Golf VIII	CD1	5	EU-VW-GOLF-VIII-A8-HATCHBACK-STANDARD-PREFL-01	HIGH		READY
143527	143527	Hatchback	Golf VIII	CD1	5	EU-VW-GOLF-VIII-A8-HATCHBACK-GTD-PREFL-01	HIGH		READY
145034	145034	Hatchback	Golf VIII	CD1	5	EU-VW-GOLF-VIII-A8-HATCHBACK-STANDARD-PREFL-01	HIGH		READY
145035	145035	Hatchback	Golf VIII	CD1	5	EU-VW-GOLF-VIII-A8-HATCHBACK-STANDARD-PREFL-01	HIGH		READY
801669	801669	Hatchback	Golf VIII facelift	CD1	5	EU-VW-GOLF-VIII-A8-HATCHBACK-STANDARD-FACELIFT-01	HIGH		READY
142541	142541	Hatchback	Golf VIII	CD1	5	EU-VW-GOLF-VIII-A8-HATCHBACK-R-PREFL-01	HIGH		READY
148082	148082	Hatchback	Golf VIII	CD1	5	EU-VW-GOLF-VIII-A8-HATCHBACK-R-PREFL-01	HIGH		READY
142894	142894	Wagon	Golf VIII Variant	CD1	5	EU-VW-GOLF-VIII-CD1-WAGON-STANDARD-01	HIGH		READY
143268	143268	Wagon	Golf VIII Variant	CD1	5	EU-VW-GOLF-VIII-CD1-WAGON-STANDARD-01	HIGH		READY
143269	143269	Wagon	Golf VIII Variant	CD1	5	EU-VW-GOLF-VIII-CD1-WAGON-STANDARD-01	HIGH		READY
158010	158010	Wagon	Golf VIII Variant	CD1	5	EU-VW-GOLF-VIII-CD1-WAGON-STANDARD-01	HIGH		READY
144886	144886	Wagon	Golf VIII Variant	CD1	5	EU-VW-GOLF-VIII-CD1-WAGON-STANDARD-01	HIGH		READY
158009	158009	Wagon	Golf VIII Variant	CD1	5	EU-VW-GOLF-VIII-CD1-WAGON-STANDARD-01	HIGH		READY
146243	146243	Wagon	Golf VIII Variant	CD1	5	EU-VW-GOLF-VIII-CD1-WAGON-STANDARD-01	HIGH		READY
145036	145036	Wagon	Golf VIII Variant	CD1	5	EU-VW-GOLF-VIII-CD1-WAGON-STANDARD-01	HIGH		READY
145038	145038	Wagon	Golf VIII Variant	CD1	5	EU-VW-GOLF-VIII-CD1-WAGON-STANDARD-01	HIGH		READY
801668	801668	Wagon	Golf VIII Variant	CD1	5	EU-VW-GOLF-VIII-CD1-WAGON-STANDARD-01	HIGH		READY
146104	146104	Wagon	Golf VIII Variant	CD1	5	EU-VW-GOLF-VIII-CD1-WAGON-R-01	HIGH		READY
800297	800297	Wagon	Golf VIII Variant	CD1	5	EU-VW-GOLF-VIII-CD1-WAGON-R-01	HIGH		READY
145799_600	145799	MPV	Grand California	SY/SZ		EU-VW-GRAND-CALIFORNIA-SY-MPV-600-01	MEDIUM	Generic engine Ktype covers the factory Grand California 600 body.	READY
145799_680	145799	MPV	Grand California	SY/SZ		EU-VW-GRAND-CALIFORNIA-SY-MPV-680-01	MEDIUM	Generic engine Ktype covers the factory Grand California 680 body.	READY
800978_600	800978	MPV	Grand California	SY/SZ		EU-VW-GRAND-CALIFORNIA-SY-MPV-600-01	MEDIUM	Generic engine Ktype covers the factory Grand California 600 body.	READY
800978_680	800978	MPV	Grand California	SY/SZ		EU-VW-GRAND-CALIFORNIA-SY-MPV-680-01	MEDIUM	Generic engine Ktype covers the factory Grand California 680 body.	READY
145798_600	145798	MPV	Grand California	SY/SZ		EU-VW-GRAND-CALIFORNIA-SY-MPV-600-01	MEDIUM	Generic engine Ktype covers the factory Grand California 600 body.	READY
145798_680	145798	MPV	Grand California	SY/SZ		EU-VW-GRAND-CALIFORNIA-SY-MPV-680-01	MEDIUM	Generic engine Ktype covers the factory Grand California 680 body.	READY
800977_600	800977	MPV	Grand California	SY/SZ		EU-VW-GRAND-CALIFORNIA-SY-MPV-600-01	MEDIUM	Generic engine Ktype covers the factory Grand California 600 body.	READY
800977_680	800977	MPV	Grand California	SY/SZ		EU-VW-GRAND-CALIFORNIA-SY-MPV-680-01	MEDIUM	Generic engine Ktype covers the factory Grand California 680 body.	READY
147632	147632	MPV	ID. Buzz I	EBB	5	EU-VW-ID-BUZZ-EB-MPV-SWB-PREFL-01	HIGH		READY
800101_swb	800101	MPV	ID. Buzz I	EBB	5	EU-VW-ID-BUZZ-EB-MPV-SWB-UPDATED-01	HIGH	Ktype is listed for EBB and EBJ bodies; split by wheelbase.	READY
800101_lwb	800101	MPV	ID. Buzz I	EBJ	5	EU-VW-ID-BUZZ-EB-MPV-LWB-01	HIGH	Ktype is listed for EBB and EBJ bodies; split by wheelbase.	READY
801276	801276	MPV	ID. Buzz I	EBB	5	EU-VW-ID-BUZZ-EB-MPV-SWB-UPDATED-01	MEDIUM	No long-wheelbase body code was confirmed for this 125 kW Ktype.	READY
800853	800853	MPV	ID. Buzz I	EBB	5	EU-VW-ID-BUZZ-EB-MPV-SWB-UPDATED-01	HIGH		READY
800854	800854	MPV	ID. Buzz I	EBJ	5	EU-VW-ID-BUZZ-EB-MPV-LWB-01	HIGH		READY
147633	147633	Van	ID. Buzz Cargo I	EBA		EU-VW-ID-BUZZ-EBA-VAN-SWB-01	HIGH		READY
800100	800100	Van	ID. Buzz Cargo I	EBA		EU-VW-ID-BUZZ-EBA-VAN-SWB-01	HIGH		READY
801275	801275	Van	ID. Buzz Cargo I	EBA		EU-VW-ID-BUZZ-EBA-VAN-SWB-01	HIGH		READY
800852	800852	Van	ID. Buzz Cargo I	EBA		EU-VW-ID-BUZZ-EBA-VAN-SWB-01	HIGH		READY
164702	164702	Hatchback	ID. Polo I		5	EU-VW-ID-POLO-I-HATCHBACK-STANDARD-01	HIGH		READY
164720	164720	Hatchback	ID. Polo I		5	EU-VW-ID-POLO-I-HATCHBACK-STANDARD-01	HIGH		READY
164721	164721	Hatchback	ID. Polo I		5	EU-VW-ID-POLO-I-HATCHBACK-STANDARD-01	HIGH		READY
159204	159204	Hatchback	ID.3 I facelift	E11	5	EU-VW-ID3-E11-HATCHBACK-GTX-01	HIGH		READY
800479	800479	Hatchback	ID.3 I facelift	E11	5	EU-VW-ID3-E11-HATCHBACK-GTX-01	HIGH		READY
144862	144862	Hatchback	ID.3 I	E11	5	EU-VW-ID3-E11-HATCHBACK-PREFL-01	HIGH		READY
146409	146409	Hatchback	ID.3 I	E11	5	EU-VW-ID3-E11-HATCHBACK-PREFL-01	HIGH		READY
158660	158660	Hatchback	ID.3 I facelift	E11	5	EU-VW-ID3-E11-HATCHBACK-FACELIFT-01	HIGH		READY
146408	146408	Hatchback	ID.3 I	E11	5	EU-VW-ID3-E11-HATCHBACK-PREFL-01	HIGH		READY
800137	800137	Hatchback	ID.3 I facelift	E11	5	EU-VW-ID3-E11-HATCHBACK-FACELIFT-01	HIGH		READY
143350	143350	Hatchback	ID.3 I	E11	5	EU-VW-ID3-E11-HATCHBACK-PREFL-01	HIGH		READY
148121	148121	Hatchback	ID.3 I	E11	5	EU-VW-ID3-E11-HATCHBACK-PREFL-01	HIGH		READY
800000	800000	Hatchback	ID.3 I facelift	E11	5	EU-VW-ID3-E11-HATCHBACK-FACELIFT-01	HIGH		READY
144887	144887	SUV	ID.4 I	E21	5	EU-VW-ID4-E21-SUV-GTX-EARLY-01	HIGH		READY
156268	156268	SUV	ID.4 I	E21	5	EU-VW-ID4-E21-SUV-AWD-01	HIGH	Updated GTX shares the confirmed AWD outer dimensions.	READY
148080	148080	SUV	ID.4 I	E21	5	EU-VW-ID4-E21-SUV-AWD-01	HIGH		READY
148115	148115	SUV	ID.4 I	E21	5	EU-VW-ID4-E21-SUV-RWD-01	HIGH		READY
156321	156321	SUV	ID.4 I	E21	5	EU-VW-ID4-E21-SUV-RWD-01	HIGH		READY
156322	156322	SUV	ID.4 I	E21	5	EU-VW-ID4-E21-SUV-AWD-01	HIGH		READY
803446	803446	SUV	ID.4 I	E21	5	EU-VW-ID4-E21-SUV-AWD-01	HIGH		READY
144864	144864	SUV	ID.4 I	E21	5	EU-VW-ID4-E21-SUV-RWD-01	HIGH		READY
803448	803448	SUV	ID.4 I	E21	5	EU-VW-ID4-E21-SUV-RWD-01	HIGH		READY
144856	144856	SUV	ID.4 I	E21	5	EU-VW-ID4-E21-SUV-RWD-01	HIGH		READY
146085	146085	SUV	ID.5 I	E39	5	EU-VW-ID5-E39-SUV-GTX-EARLY-01	HIGH		READY
803453	803453	SUV	ID.5 I	E39	5	EU-VW-ID5-E39-SUV-GTX-UPDATED-01	HIGH		READY
156260	156260	SUV	ID.5 I	E39	5	EU-VW-ID5-E39-SUV-GTX-UPDATED-01	HIGH		READY
146083	146083	SUV	ID.5 I	E39	5	EU-VW-ID5-E39-SUV-STANDARD-01	HIGH		READY
156266	156266	SUV	ID.5 I	E39	5	EU-VW-ID5-E39-SUV-STANDARD-01	HIGH		READY
146084	146084	SUV	ID.5 I	E39	5	EU-VW-ID5-E39-SUV-STANDARD-01	HIGH		READY
800010	800010	SUV	ID.5 I	E39	5	EU-VW-ID5-E39-SUV-STANDARD-01	HIGH		READY
803452	803452	SUV	ID.5 I	E39	5	EU-VW-ID5-E39-SUV-STANDARD-01	HIGH		READY
159216	159216	Hatchback	ID.7 I	ED	5	EU-VW-ID7-ED-HATCHBACK-FASTBACK-01	HIGH		READY
159218	159218	Wagon	ID.7 I	ED	5	EU-VW-ID7-ED-WAGON-TOURER-01	HIGH		READY
156022	156022	Hatchback	ID.7 I	ED	5	EU-VW-ID7-ED-HATCHBACK-FASTBACK-01	HIGH		READY
157930	157930	Wagon	ID.7 I	ED	5	EU-VW-ID7-ED-WAGON-TOURER-01	HIGH		READY
800155	800155	Hatchback	ID.7 I	ED	5	EU-VW-ID7-ED-HATCHBACK-FASTBACK-01	HIGH		READY
800156	800156	Wagon	ID.7 I	ED	5	EU-VW-ID7-ED-WAGON-TOURER-01	HIGH		READY
803440	803440	Wagon	ID.7 I	ED	5	EU-VW-ID7-ED-WAGON-TOURER-01	HIGH		READY
803441	803441	Hatchback	ID.7 I	ED	5	EU-VW-ID7-ED-HATCHBACK-FASTBACK-01	HIGH		READY
14576	14576	Convertible	Iltis	183	2	EU-VW-ILTIS-183-CONVERTIBLE-STANDARD-01	HIGH		READY
6049	6049	Sedan	Jetta I	16	4	EU-VW-JETTA-I-16-SEDAN-STANDARD-01	HIGH		READY
13040	13040	Sedan	Jetta II	16E/19E	4	EU-VW-JETTA-II-16E-19E-SEDAN-STANDARD-01	HIGH		READY
8049	8049	Sedan	Jetta II	16E/19E	4	EU-VW-JETTA-II-16E-19E-SEDAN-STANDARD-01	HIGH		READY
8052	8052	Sedan	Jetta II	16E/19E	4	EU-VW-JETTA-II-16E-19E-SEDAN-STANDARD-01	HIGH		READY
8042	8042	Sedan	Jetta II	16E/19E	4	EU-VW-JETTA-II-16E-19E-SEDAN-STANDARD-01	HIGH		READY
6052	6052	Sedan	Jetta II	16E/19E	4	EU-VW-JETTA-II-16E-19E-SEDAN-STANDARD-01	HIGH		READY
18665	18665	Sedan	Jetta V	1K2	4	EU-VW-JETTA-V-1K2-SEDAN-STANDARD-01	HIGH		READY
18666	18666	Sedan	Jetta V	1K2	4	EU-VW-JETTA-V-1K2-SEDAN-STANDARD-01	HIGH		READY
11208	11208	Sedan	Jetta V	1K2	4	EU-VW-JETTA-V-1K2-SEDAN-STANDARD-01	HIGH		READY
18668	18668	Sedan	Jetta V	1K2	4	EU-VW-JETTA-V-1K2-SEDAN-STANDARD-01	HIGH		READY
18667	18667	Sedan	Jetta V	1K2	4	EU-VW-JETTA-V-1K2-SEDAN-STANDARD-01	HIGH		READY
18669	18669	Sedan	Jetta V	1K2	4	EU-VW-JETTA-V-1K2-SEDAN-STANDARD-01	HIGH		READY
57357_prefl	57357	Sedan	Jetta VI	162	4	EU-VW-JETTA-VI-162-SEDAN-PREFL-01	HIGH	Ktype period spans the confirmed 2014 dimensional body update.	READY
57357_facelift	57357	Sedan	Jetta VI facelift	162	4	EU-VW-JETTA-VI-162-SEDAN-FACELIFT-01	HIGH	Ktype period spans the confirmed 2014 dimensional body update.	READY
106707_prefl	106707	Sedan	Jetta VI	162	4	EU-VW-JETTA-VI-162-SEDAN-PREFL-01	HIGH	Ktype period spans the confirmed 2014 dimensional body update.	READY
106707_facelift	106707	Sedan	Jetta VI facelift	162	4	EU-VW-JETTA-VI-162-SEDAN-FACELIFT-01	HIGH	Ktype period spans the confirmed 2014 dimensional body update.	READY
125249	125249	Sedan	Jetta VI facelift	162	4	EU-VW-JETTA-VI-162-SEDAN-FACELIFT-01	HIGH		READY
11829_prefl	11829	Sedan	Jetta VI	162	4	EU-VW-JETTA-VI-162-SEDAN-PREFL-01	HIGH	Ktype period spans the confirmed 2014 dimensional body update.	READY
11829_facelift	11829	Sedan	Jetta VI facelift	162	4	EU-VW-JETTA-VI-162-SEDAN-FACELIFT-01	HIGH	Ktype period spans the confirmed 2014 dimensional body update.	READY
55069_prefl	55069	Sedan	Jetta VI	162	4	EU-VW-JETTA-VI-162-SEDAN-PREFL-01	HIGH	Ktype period spans the confirmed 2014 dimensional body update.	READY
55069_facelift	55069	Sedan	Jetta VI facelift	162	4	EU-VW-JETTA-VI-162-SEDAN-FACELIFT-01	HIGH	Ktype period spans the confirmed 2014 dimensional body update.	READY
108131	108131	Sedan	Jetta VI facelift	162	4	EU-VW-JETTA-VI-162-SEDAN-FACELIFT-01	HIGH		READY
108147	108147	Sedan	Jetta VI facelift	162	4	EU-VW-JETTA-VI-162-SEDAN-FACELIFT-01	HIGH		READY
56259_prefl	56259	Sedan	Jetta VI	162	4	EU-VW-JETTA-VI-162-SEDAN-PREFL-01	HIGH	Ktype period spans the confirmed 2014 dimensional body update.	READY
56259_facelift	56259	Sedan	Jetta VI facelift	162	4	EU-VW-JETTA-VI-162-SEDAN-FACELIFT-01	HIGH	Ktype period spans the confirmed 2014 dimensional body update.	READY
112353	112353	Sedan	Jetta VI facelift	162	4	EU-VW-JETTA-VI-162-SEDAN-FACELIFT-01	HIGH		READY
108132	108132	Sedan	Jetta VI facelift	162	4	EU-VW-JETTA-VI-162-SEDAN-FACELIFT-01	HIGH		READY
57480_prefl	57480	Sedan	Jetta VI	162	4	EU-VW-JETTA-VI-162-SEDAN-PREFL-01	HIGH	Ktype period spans the confirmed 2014 dimensional body update.	READY
57480_facelift	57480	Sedan	Jetta VI facelift	162	4	EU-VW-JETTA-VI-162-SEDAN-FACELIFT-01	HIGH	Ktype period spans the confirmed 2014 dimensional body update.	READY
106798_early	106798	Convertible	Beetle 1100 Cabriolet	151	2	EU-VW-KAEFER-1100-TYPE151-CONVERTIBLE-EARLY-01	HIGH	Official profile confirms the higher body before the 1952 change.	READY
106798_from1952	106798	Convertible	Beetle 1100 Cabriolet	151	2	EU-VW-KAEFER-1100-TYPE151-CONVERTIBLE-FROM1952-01	HIGH	Official profile confirms the lower body from 1952.	READY
8890	8890	Sedan	Beetle 1600	11	2	EU-VW-KAEFER-1600-TYPE11-SEDAN-STANDARD-01	HIGH		READY
144476_pre1967	144476	Sedan	Beetle 1500	11	2	EU-VW-KAEFER-1500-TYPE11-SEDAN-PRE1967-01	HIGH	Official profile confirms the pre-August-1967 exterior.	READY
144476_from1967	144476	Sedan	Beetle 1500	11	2	EU-VW-KAEFER-1500-TYPE11-SEDAN-FROM1967-01	HIGH	Official profile confirms the exterior from August 1967.	READY
8891	8891	Sedan	Beetle 1600i	11	2	EU-VW-KAEFER-1600-TYPE11-SEDAN-STANDARD-01	HIGH		READY
47365	47365	Coupe	Karmann Ghia Type 14	14	2	EU-VW-KARMANN-GHIA-TYPE14-COUPE-STANDARD-01	HIGH		READY
49736	49736	Coupe	Type 14	Type 14	2	EU-VW-KARMANN-GHIA-TYPE14-COUPE-STANDARD-01	HIGH		READY
11781	11781	Convertible	Type 14	Type 14	2	EU-VW-KARMANN-GHIA-TYPE14-CONVERTIBLE-STANDARD-01	HIGH		READY
118766	118766	Van	up! I	AA	3	EU-VW-LOAD-UP-AA-VAN-STANDARD-01	HIGH		READY
118765	118765	Van	up! I	AA	3	EU-VW-LOAD-UP-AA-VAN-STANDARD-01	HIGH		READY
118761	118761	Van	up! I	AA	3	EU-VW-LOAD-UP-AA-VAN-STANDARD-01	HIGH		READY
10862	10862	Pickup	LT I	Typ 28/21		EU-VW-LT-I-PICKUP-LT28-35-CHASSISCAB-01	MEDIUM	Input lacks wheelbase/roof detail; standard representative LT 28-35 body retained.	READY
10591	10591	Pickup	LT I	Typ 28/21		EU-VW-LT-I-PICKUP-LT28-35-CHASSISCAB-01	MEDIUM	Input lacks wheelbase/roof detail; standard representative LT 28-35 body retained.	READY
144173	144173	Van	LT I	Typ 28/21		EU-VW-LT-I-VAN-LT28-35-STANDARD-01	MEDIUM	Input lacks wheelbase/roof detail; standard representative LT 28-35 body retained.	READY
144174	144174	Pickup	LT I	Typ 28/21		EU-VW-LT-I-PICKUP-LT28-35-CHASSISCAB-01	MEDIUM	Input lacks wheelbase/roof detail; standard representative LT 28-35 body retained.	READY
6056	6056	MPV	LT I	Typ 28/21		EU-VW-LT-I-VAN-LT28-35-STANDARD-01	MEDIUM	Input lacks wheelbase/roof detail; standard representative LT 28-35 body retained.	READY
10945	10945	Van	LT I	Typ 28/21		EU-VW-LT-I-VAN-LT28-35-STANDARD-01	MEDIUM	Input lacks wheelbase/roof detail; standard representative LT 28-35 body retained.	READY
10948	10948	Pickup	LT I	Typ 28/21		EU-VW-LT-I-PICKUP-LT28-35-CHASSISCAB-01	MEDIUM	Input lacks wheelbase/roof detail; standard representative LT 28-35 body retained.	READY
10688	10688	Pickup	LT I	Typ 28/21		EU-VW-LT-I-PICKUP-LT28-35-CHASSISCAB-01	MEDIUM	Input lacks wheelbase/roof detail; standard representative LT 28-35 body retained.	READY
10863	10863	Pickup	LT I	Typ 28/21		EU-VW-LT-I-PICKUP-LT28-35-CHASSISCAB-01	MEDIUM	Input lacks wheelbase/roof detail; standard representative LT 28-35 body retained.	READY
10860	10860	Van	LT I	Typ 28/21		EU-VW-LT-I-VAN-LT28-35-STANDARD-01	MEDIUM	Input lacks wheelbase/roof detail; standard representative LT 28-35 body retained.	READY
10861	10861	Pickup	LT I	Typ 28/21		EU-VW-LT-I-PICKUP-LT28-35-CHASSISCAB-01	MEDIUM	Input lacks wheelbase/roof detail; standard representative LT 28-35 body retained.	READY
8849	8849	MPV	LT II	Typ 2D		EU-VW-LT-II-MPV-MWB-HIGHROOF-01	MEDIUM	Input lacks wheelbase/roof detail; medium-wheelbase high-roof passenger body retained.	READY
8850	8850	MPV	LT II	Typ 2D		EU-VW-LT-II-MPV-MWB-HIGHROOF-01	MEDIUM	Input lacks wheelbase/roof detail; medium-wheelbase high-roof passenger body retained.	READY
8851	8851	MPV	LT II	Typ 2D		EU-VW-LT-II-MPV-MWB-HIGHROOF-01	MEDIUM	Input lacks wheelbase/roof detail; medium-wheelbase high-roof passenger body retained.	READY
14094	14094	MPV	LT II	Typ 2D		EU-VW-LT-II-MPV-MWB-HIGHROOF-01	MEDIUM	Input lacks wheelbase/roof detail; medium-wheelbase high-roof passenger body retained.	READY
14095	14095	MPV	LT II	Typ 2D		EU-VW-LT-II-MPV-MWB-HIGHROOF-01	MEDIUM	Input lacks wheelbase/roof detail; medium-wheelbase high-roof passenger body retained.	READY
16130	16130	MPV	LT II	Typ 2D		EU-VW-LT-II-MPV-MWB-HIGHROOF-01	MEDIUM	Input lacks wheelbase/roof detail; medium-wheelbase high-roof passenger body retained.	READY
16131	16131	MPV	LT II	Typ 2D		EU-VW-LT-II-MPV-MWB-HIGHROOF-01	MEDIUM	Input lacks wheelbase/roof detail; medium-wheelbase high-roof passenger body retained.	READY
8852	8852	Van	LT II	Typ 2D		EU-VW-LT-II-VAN-MWB-STANDARDROOF-01	MEDIUM	Input lacks wheelbase/roof/body-build detail; medium-wheelbase standard representative retained.	READY
8858	8858	Pickup	LT II	Typ 2D		EU-VW-LT-II-PICKUP-MWB-CHASSISCAB-01	MEDIUM	Input lacks wheelbase/roof/body-build detail; medium-wheelbase standard representative retained.	READY
8853	8853	Pickup	LT II	Typ 2D		EU-VW-LT-II-PICKUP-MWB-CHASSISCAB-01	MEDIUM	Input lacks wheelbase/roof/body-build detail; medium-wheelbase standard representative retained.	READY
8854	8854	Van	LT II	Typ 2D		EU-VW-LT-II-VAN-MWB-STANDARDROOF-01	MEDIUM	Input lacks wheelbase/roof/body-build detail; medium-wheelbase standard representative retained.	READY
8855	8855	Van	LT II	Typ 2D		EU-VW-LT-II-VAN-MWB-STANDARDROOF-01	MEDIUM	Input lacks wheelbase/roof/body-build detail; medium-wheelbase standard representative retained.	READY
8859	8859	Pickup	LT II	Typ 2D		EU-VW-LT-II-PICKUP-MWB-CHASSISCAB-01	MEDIUM	Input lacks wheelbase/roof/body-build detail; medium-wheelbase standard representative retained.	READY
14096	14096	Van	LT II	Typ 2D		EU-VW-LT-II-VAN-MWB-STANDARDROOF-01	MEDIUM	Input lacks wheelbase/roof/body-build detail; medium-wheelbase standard representative retained.	READY
14097	14097	Van	LT II	Typ 2D		EU-VW-LT-II-VAN-MWB-STANDARDROOF-01	MEDIUM	Input lacks wheelbase/roof/body-build detail; medium-wheelbase standard representative retained.	READY
14099	14099	Pickup	LT II	Typ 2D		EU-VW-LT-II-PICKUP-MWB-CHASSISCAB-01	MEDIUM	Input lacks wheelbase/roof/body-build detail; medium-wheelbase standard representative retained.	READY
14100	14100	Pickup	LT II	Typ 2D		EU-VW-LT-II-PICKUP-MWB-CHASSISCAB-01	MEDIUM	Input lacks wheelbase/roof/body-build detail; medium-wheelbase standard representative retained.	READY
16135	16135	Van	LT II	Typ 2D		EU-VW-LT-II-VAN-MWB-STANDARDROOF-01	MEDIUM	Input lacks wheelbase/roof/body-build detail; medium-wheelbase standard representative retained.	READY
16136	16136	Van	LT II	Typ 2D		EU-VW-LT-II-VAN-MWB-STANDARDROOF-01	MEDIUM	Input lacks wheelbase/roof/body-build detail; medium-wheelbase standard representative retained.	READY
16137	16137	Pickup	LT II	Typ 2D		EU-VW-LT-II-PICKUP-MWB-CHASSISCAB-01	MEDIUM	Input lacks wheelbase/roof/body-build detail; medium-wheelbase standard representative retained.	READY
16138	16138	Pickup	LT II	Typ 2D		EU-VW-LT-II-PICKUP-MWB-CHASSISCAB-01	MEDIUM	Input lacks wheelbase/roof/body-build detail; medium-wheelbase standard representative retained.	READY
8856	8856	Pickup	LT II	Typ 2D		EU-VW-LT-II-PICKUP-MWB-CHASSISCAB-01	MEDIUM	Input lacks wheelbase/roof/body-build detail; medium-wheelbase standard representative retained.	READY
8857	8857	Van	LT II	Typ 2D		EU-VW-LT-II-VAN-MWB-STANDARDROOF-01	MEDIUM	Input lacks wheelbase/roof/body-build detail; medium-wheelbase standard representative retained.	READY
14098	14098	Van	LT II	Typ 2D		EU-VW-LT-II-VAN-MWB-STANDARDROOF-01	MEDIUM	Input lacks wheelbase/roof/body-build detail; medium-wheelbase standard representative retained.	READY
14101	14101	Pickup	LT II	Typ 2D		EU-VW-LT-II-PICKUP-MWB-CHASSISCAB-01	MEDIUM	Input lacks wheelbase/roof/body-build detail; medium-wheelbase standard representative retained.	READY
16796	16796	Van	LT II	Typ 2D		EU-VW-LT-II-VAN-MWB-STANDARDROOF-01	MEDIUM	Input lacks wheelbase/roof/body-build detail; medium-wheelbase standard representative retained.	READY
16798	16798	Pickup	LT II	Typ 2D		EU-VW-LT-II-PICKUP-MWB-CHASSISCAB-01	MEDIUM	Input lacks wheelbase/roof/body-build detail; medium-wheelbase standard representative retained.	READY
14084	14084	Van	LT I	Typ 28/21		EU-VW-LT-I-VAN-LT40-55-HIGHROOF-01	MEDIUM	Input lacks wheelbase/body-build detail; standard representative LT 40-55 body retained.	READY
14087	14087	Pickup	LT I	Typ 28/21		EU-VW-LT-I-PICKUP-LT40-55-CHASSISCAB-01	MEDIUM	Input lacks wheelbase/body-build detail; standard representative LT 40-55 body retained.	READY
14103	14103	Van	LT I	Typ 28/21		EU-VW-LT-I-VAN-LT40-55-HIGHROOF-01	MEDIUM	Input lacks wheelbase/body-build detail; standard representative LT 40-55 body retained.	READY
14116	14116	Van	LT I	Typ 28/21		EU-VW-LT-I-VAN-LT40-55-HIGHROOF-01	MEDIUM	Input lacks wheelbase/body-build detail; standard representative LT 40-55 body retained.	READY
14081	14081	Van	LT I	Typ 28/21		EU-VW-LT-I-VAN-LT40-55-HIGHROOF-01	MEDIUM	Input lacks wheelbase/body-build detail; standard representative LT 40-55 body retained.	READY
14085	14085	Van	LT I	Typ 28/21		EU-VW-LT-I-VAN-LT40-55-HIGHROOF-01	MEDIUM	Input lacks wheelbase/body-build detail; standard representative LT 40-55 body retained.	READY
14089	14089	Pickup	LT I	Typ 28/21		EU-VW-LT-I-PICKUP-LT40-55-CHASSISCAB-01	MEDIUM	Input lacks wheelbase/body-build detail; standard representative LT 40-55 body retained.	READY
14090	14090	Pickup	LT I	Typ 28/21		EU-VW-LT-I-PICKUP-LT40-55-CHASSISCAB-01	MEDIUM	Input lacks wheelbase/body-build detail; standard representative LT 40-55 body retained.	READY
144175	144175	Van	LT I	Typ 28/21		EU-VW-LT-I-VAN-LT40-55-HIGHROOF-01	MEDIUM	Input lacks wheelbase/body-build detail; standard representative LT 40-55 body retained.	READY
144176	144176	Pickup	LT I	Typ 28/21		EU-VW-LT-I-PICKUP-LT40-55-CHASSISCAB-01	MEDIUM	Input lacks wheelbase/body-build detail; standard representative LT 40-55 body retained.	READY
14110	14110	Van	LT I	Typ 28/21		EU-VW-LT-I-VAN-LT40-55-HIGHROOF-01	MEDIUM	Input lacks wheelbase/body-build detail; standard representative LT 40-55 body retained.	READY
14083	14083	Van	LT I	Typ 28/21		EU-VW-LT-I-VAN-LT40-55-HIGHROOF-01	MEDIUM	Input lacks wheelbase/body-build detail; standard representative LT 40-55 body retained.	READY
14102	14102	Pickup	LT I	Typ 28/21		EU-VW-LT-I-PICKUP-LT40-55-CHASSISCAB-01	MEDIUM	Input lacks wheelbase/body-build detail; standard representative LT 40-55 body retained.	READY
14080	14080	Van	LT I	Typ 28/21		EU-VW-LT-I-VAN-LT40-55-HIGHROOF-01	MEDIUM	Input lacks wheelbase/body-build detail; standard representative LT 40-55 body retained.	READY
14082	14082	Van	LT I	Typ 28/21		EU-VW-LT-I-VAN-LT40-55-HIGHROOF-01	MEDIUM	Input lacks wheelbase/body-build detail; standard representative LT 40-55 body retained.	READY
14086	14086	Van	LT I	Typ 28/21		EU-VW-LT-I-VAN-LT40-55-HIGHROOF-01	MEDIUM	Input lacks wheelbase/body-build detail; standard representative LT 40-55 body retained.	READY
14092	14092	Pickup	LT I	Typ 28/21		EU-VW-LT-I-PICKUP-LT40-55-CHASSISCAB-01	MEDIUM	Input lacks wheelbase/body-build detail; standard representative LT 40-55 body retained.	READY
14093	14093	Pickup	LT I	Typ 28/21		EU-VW-LT-I-PICKUP-LT40-55-CHASSISCAB-01	MEDIUM	Input lacks wheelbase/body-build detail; standard representative LT 40-55 body retained.	READY
14111	14111	Van	LT I	Typ 28/21		EU-VW-LT-I-VAN-LT40-55-HIGHROOF-01	MEDIUM	Input lacks wheelbase/body-build detail; standard representative LT 40-55 body retained.	READY
15550	15550	Hatchback	Lupo I	6X	3	EU-VW-LUPO-6X-HATCHBACK-STANDARD-01	HIGH		READY
10044	10044	Hatchback	Lupo I	6X	3	EU-VW-LUPO-6X-HATCHBACK-STANDARD-01	HIGH		READY
10045	10045	Hatchback	Lupo I	6X	3	EU-VW-LUPO-6X-HATCHBACK-STANDARD-01	HIGH		READY
15494	15494	Hatchback	Lupo I	6X	3	EU-VW-LUPO-6X-HATCHBACK-STANDARD-01	HIGH		READY
13108	13108	Hatchback	Lupo I	6X	3	EU-VW-LUPO-6X-HATCHBACK-STANDARD-01	HIGH		READY
15147	15147	Hatchback	Lupo I	6X	3	EU-VW-LUPO-6X-HATCHBACK-STANDARD-01	HIGH		READY
17268_prefl	17268	MPV	T5		5	EU-VW-MULTIVAN-T5-MPV-PREFACELIFT-01	MEDIUM	Ktype production span crosses the 2009 T5 facelift; verified exterior dimensions differ.	READY
17268_facelift	17268	MPV	T5 facelift		5	EU-VW-MULTIVAN-T5-MPV-FACELIFT-01	MEDIUM	Ktype production span crosses the 2009 T5 facelift; verified exterior dimensions differ.	READY
17272	17272	MPV	T5		5	EU-VW-MULTIVAN-T5-MPV-PREFACELIFT-01	HIGH		READY
55112	55112	MPV	T5 facelift		5	EU-VW-MULTIVAN-T5-MPV-FACELIFT-01	HIGH		READY
17270	17270	MPV	T5		5	EU-VW-MULTIVAN-T5-MPV-PREFACELIFT-01	HIGH		READY
17271	17271	MPV	T5		5	EU-VW-MULTIVAN-T5-MPV-PREFACELIFT-01	HIGH		READY
18191	18191	MPV	T5		5	EU-VW-MULTIVAN-T5-MPV-PREFACELIFT-01	HIGH		READY
18192	18192	MPV	T5		5	EU-VW-MULTIVAN-T5-MPV-PREFACELIFT-01	HIGH		READY
18189	18189	MPV	T5		5	EU-VW-MULTIVAN-T5-MPV-PREFACELIFT-01	HIGH		READY
18190	18190	MPV	T5		5	EU-VW-MULTIVAN-T5-MPV-PREFACELIFT-01	HIGH		READY
114841	114841	MPV	T6		5	EU-VW-MULTIVAN-T6-MPV-STANDARD-01	HIGH		READY
114846	114846	MPV	T6		5	EU-VW-MULTIVAN-T6-MPV-STANDARD-01	HIGH		READY
114860	114860	MPV	T6		5	EU-VW-MULTIVAN-T6-MPV-STANDARD-01	HIGH		READY
114883	114883	MPV	T6		5	EU-VW-MULTIVAN-T6-MPV-STANDARD-01	HIGH		READY
114891	114891	MPV	T6		5	EU-VW-MULTIVAN-T6-MPV-STANDARD-01	HIGH		READY
116202	116202	MPV	T6		5	EU-VW-MULTIVAN-T6-MPV-STANDARD-01	HIGH		READY
120803	120803	MPV	T6		5	EU-VW-MULTIVAN-T6-MPV-STANDARD-01	HIGH		READY
114847	114847	MPV	T6		5	EU-VW-MULTIVAN-T6-MPV-STANDARD-01	HIGH		READY
114868	114868	MPV	T6		5	EU-VW-MULTIVAN-T6-MPV-STANDARD-01	HIGH		READY
114888	114888	MPV	T6		5	EU-VW-MULTIVAN-T6-MPV-STANDARD-01	HIGH		READY
116065	116065	MPV	T6		5	EU-VW-MULTIVAN-T6-MPV-STANDARD-01	HIGH		READY
114872	114872	MPV	T6		5	EU-VW-MULTIVAN-T6-MPV-STANDARD-01	HIGH		READY
114879	114879	MPV	T6		5	EU-VW-MULTIVAN-T6-MPV-STANDARD-01	HIGH		READY
114876	114876	MPV	T6		5	EU-VW-MULTIVAN-T6-MPV-STANDARD-01	HIGH		READY
145755	145755	MPV	T7		5	EU-VW-MULTIVAN-T7-MPV-STANDARD-01	MEDIUM	Input does not identify standard/long body; standard-length production body retained.	READY
800886	800886	MPV	T7		5	EU-VW-MULTIVAN-T7-MPV-STANDARD-01	MEDIUM	Input does not identify standard/long body; standard-length production body retained.	READY
145752	145752	MPV	T7		5	EU-VW-MULTIVAN-T7-MPV-STANDARD-01	MEDIUM	Input does not identify standard/long body; standard-length production body retained.	READY
147369	147369	MPV	T7		5	EU-VW-MULTIVAN-T7-MPV-STANDARD-01	MEDIUM	Input does not identify standard/long body; standard-length production body retained.	READY
145753	145753	MPV	T7		5	EU-VW-MULTIVAN-T7-MPV-STANDARD-01	MEDIUM	Input does not identify standard/long body; standard-length production body retained.	READY
17132_prefl	17132	Convertible	New Beetle Convertible	1Y	2	EU-VW-NEW-BEETLE-1Y-CONVERTIBLE-PREFACELIFT-01	HIGH	Ktype production span crosses the 2005 facelift; verified exterior dimensions differ.	READY
17132_facelift	17132	Convertible	New Beetle Convertible facelift	1Y	2	EU-VW-NEW-BEETLE-1Y-CONVERTIBLE-FACELIFT-01	HIGH	Ktype production span crosses the 2005 facelift; verified exterior dimensions differ.	READY
12046	12046	Hatchback	New Beetle	9C	3	EU-VW-NEW-BEETLE-9C-HATCHBACK-PREFACELIFT-01	HIGH		READY
15112_prefl	15112	Hatchback	New Beetle	9C	3	EU-VW-NEW-BEETLE-9C-HATCHBACK-PREFACELIFT-01	HIGH	Ktype production span crosses the 2005 facelift; verified exterior dimensions differ.	READY
15112_facelift	15112	Hatchback	New Beetle facelift	9C	3	EU-VW-NEW-BEETLE-9C-HATCHBACK-FACELIFT-01	HIGH	Ktype production span crosses the 2005 facelift; verified exterior dimensions differ.	READY
17073_prefl	17073	Convertible	New Beetle Convertible	1Y	2	EU-VW-NEW-BEETLE-1Y-CONVERTIBLE-PREFACELIFT-01	HIGH	Ktype production span crosses the 2005 facelift; verified exterior dimensions differ.	READY
17073_facelift	17073	Convertible	New Beetle Convertible facelift	1Y	2	EU-VW-NEW-BEETLE-1Y-CONVERTIBLE-FACELIFT-01	HIGH	Ktype production span crosses the 2005 facelift; verified exterior dimensions differ.	READY
17074_prefl	17074	Convertible	New Beetle 1Y	1Y	2	EU-VW-NEW-BEETLE-1Y-CONVERTIBLE-PREFACELIFT-01	HIGH	Pre-2005 body branch within a Ktype spanning the exterior-changing facelift.	READY
17074_facelift	17074	Convertible	New Beetle 1Y	1Y	2	EU-VW-NEW-BEETLE-1Y-CONVERTIBLE-FACELIFT-01	HIGH	2005-facelift body branch within a Ktype spanning the exterior-changing facelift.	READY
14238_prefl	14238	Hatchback	New Beetle 9C	9C	3	EU-VW-NEW-BEETLE-9C-HATCHBACK-PREFACELIFT-01	HIGH	Pre-2005 body branch within a Ktype spanning the exterior-changing facelift.	READY
14238_facelift	14238	Hatchback	New Beetle 9C	9C	3	EU-VW-NEW-BEETLE-9C-HATCHBACK-FACELIFT-01	HIGH	2005-facelift body branch within a Ktype spanning the exterior-changing facelift.	READY
18011_prefl	18011	Convertible	New Beetle 1Y	1Y	2	EU-VW-NEW-BEETLE-1Y-CONVERTIBLE-PREFACELIFT-01	HIGH	Pre-2005 body branch within a Ktype spanning the exterior-changing facelift.	READY
18011_facelift	18011	Convertible	New Beetle 1Y	1Y	2	EU-VW-NEW-BEETLE-1Y-CONVERTIBLE-FACELIFT-01	HIGH	2005-facelift body branch within a Ktype spanning the exterior-changing facelift.	READY
15916_prefl	15916	Hatchback	New Beetle 9C	9C	3	EU-VW-NEW-BEETLE-9C-HATCHBACK-PREFACELIFT-01	HIGH	Pre-2005 body branch within a Ktype spanning the exterior-changing facelift.	READY
15916_facelift	15916	Hatchback	New Beetle 9C	9C	3	EU-VW-NEW-BEETLE-9C-HATCHBACK-FACELIFT-01	HIGH	2005-facelift body branch within a Ktype spanning the exterior-changing facelift.	READY
17122	17122	Convertible	New Beetle 1Y	1Y	2	EU-VW-NEW-BEETLE-1Y-CONVERTIBLE-PREFACELIFT-01	HIGH		READY
15629	15629	Hatchback	New Beetle 9C	9C	3	EU-VW-NEW-BEETLE-9C-HATCHBACK-PREFACELIFT-01	MEDIUM	2.3 V5 is evidenced on the pre-facelift body; the input end date alone does not justify an unsupported facelift branch.	READY
14909	14909	Hatchback	New Beetle 9C	9C	3	EU-VW-NEW-BEETLE-9C-HATCHBACK-PREFACELIFT-01	HIGH		READY
58529	58529	Wagon	Passat Alltrack B7	3C	5	EU-VW-PASSAT-B7-WAGON-ALLTRACK-01	HIGH		READY
58530	58530	Wagon	Passat Alltrack B7	3C	5	EU-VW-PASSAT-B7-WAGON-ALLTRACK-01	HIGH		READY
58532	58532	Wagon	Passat Alltrack B7	3C	5	EU-VW-PASSAT-B7-WAGON-ALLTRACK-01	HIGH		READY
58531	58531	Wagon	Passat Alltrack B7	3C	5	EU-VW-PASSAT-B7-WAGON-ALLTRACK-01	HIGH		READY
58533	58533	Wagon	Passat Alltrack B7	3C	5	EU-VW-PASSAT-B7-WAGON-ALLTRACK-01	HIGH		READY
58534	58534	Wagon	Passat Alltrack B7	3C	5	EU-VW-PASSAT-B7-WAGON-ALLTRACK-01	HIGH		READY
120892	120892	Wagon	Passat Alltrack B8	3G	5	EU-VW-PASSAT-B8-WAGON-ALLTRACK-PREFACELIFT-01	HIGH		READY
116702	116702	Wagon	Passat Alltrack B8	3G	5	EU-VW-PASSAT-B8-WAGON-ALLTRACK-PREFACELIFT-01	HIGH		READY
116703_prefl	116703	Wagon	Passat Alltrack B8	3G	5	EU-VW-PASSAT-B8-WAGON-ALLTRACK-PREFACELIFT-01	HIGH	Pre-2019 body branch within a Ktype spanning the exterior-changing facelift.	READY
116703_facelift	116703	Wagon	Passat Alltrack B8	3G	5	EU-VW-PASSAT-B8-WAGON-ALLTRACK-FACELIFT-01	HIGH	2019-facelift body branch within a Ktype spanning the exterior-changing facelift.	READY
116704_prefl	116704	Wagon	Passat Alltrack B8	3G	5	EU-VW-PASSAT-B8-WAGON-ALLTRACK-PREFACELIFT-01	HIGH	Pre-2019 body branch within a Ktype spanning the exterior-changing facelift.	READY
116704_facelift	116704	Wagon	Passat Alltrack B8	3G	5	EU-VW-PASSAT-B8-WAGON-ALLTRACK-FACELIFT-01	HIGH	2019-facelift body branch within a Ktype spanning the exterior-changing facelift.	READY
118894	118894	Wagon	Passat Alltrack B8	3G	5	EU-VW-PASSAT-B8-WAGON-ALLTRACK-PREFACELIFT-01	HIGH		READY
144807	144807	Wagon	Passat Alltrack B8	3G	5	EU-VW-PASSAT-B8-WAGON-ALLTRACK-FACELIFT-01	HIGH		READY
116701_prefl	116701	Wagon	Passat Alltrack B8	3G	5	EU-VW-PASSAT-B8-WAGON-ALLTRACK-PREFACELIFT-01	HIGH	Pre-2019 body branch within a Ktype spanning the exterior-changing facelift.	READY
116701_facelift	116701	Wagon	Passat Alltrack B8	3G	5	EU-VW-PASSAT-B8-WAGON-ALLTRACK-FACELIFT-01	HIGH	2019-facelift body branch within a Ktype spanning the exterior-changing facelift.	READY
18588_pre1975	18588	Hatchback	Passat B1	32		EU-VW-PASSAT-B1-HATCHBACK-PRE1975-01	HIGH	Ktype spans the 1975 body-dimension change documented by Volkswagen.	READY
18588_1975plus	18588	Hatchback	Passat B1	32		EU-VW-PASSAT-B1-HATCHBACK-1975-1980-01	HIGH	Ktype spans the 1975 body-dimension change documented by Volkswagen.	READY
59415	59415	Hatchback	Passat B1	32		EU-VW-PASSAT-B1-HATCHBACK-1975-1980-01	HIGH		READY
1937	1937	Wagon	Passat B1	33	5	EU-VW-PASSAT-B1-WAGON-STANDARD-01	HIGH		READY
18589	18589	Wagon	Passat B1	33	5	EU-VW-PASSAT-B1-WAGON-STANDARD-01	HIGH		READY
1938	1938	Wagon	Passat B1	33	5	EU-VW-PASSAT-B1-WAGON-STANDARD-01	HIGH		READY
1939	1939	Wagon	Passat B1	33	5	EU-VW-PASSAT-B1-WAGON-STANDARD-01	HIGH		READY
1941	1941	Wagon	Passat B1	33	5	EU-VW-PASSAT-B1-WAGON-STANDARD-01	HIGH		READY
1942	1942	Wagon	Passat B1	33	5	EU-VW-PASSAT-B1-WAGON-STANDARD-01	HIGH		READY
8172	8172	Wagon	Passat B1	33	5	EU-VW-PASSAT-B1-WAGON-STANDARD-01	HIGH		READY
8171	8171	Wagon	Passat B1	33	5	EU-VW-PASSAT-B1-WAGON-STANDARD-01	HIGH		READY
18625	18625	Hatchback	Passat B2	32B		EU-VW-PASSAT-B2-HATCHBACK-STANDARD-01	HIGH		READY
17977	17977	Hatchback	Passat B2	32B		EU-VW-PASSAT-B2-HATCHBACK-STANDARD-01	HIGH	Facelift label was not used as a split because the official generation profile provides one exterior dimension set.	READY
18626	18626	Wagon	Passat B2	32B	5	EU-VW-PASSAT-B2-WAGON-STANDARD-01	HIGH		READY
17975	17975	Wagon	Passat B2	32B	5	EU-VW-PASSAT-B2-WAGON-STANDARD-01	HIGH		READY
1936	1936	Wagon	Passat B2	32B	5	EU-VW-PASSAT-B2-WAGON-STANDARD-01	HIGH		READY
11240	11240	Sedan	Passat B4	3A	4	EU-VW-PASSAT-B4-SEDAN-STANDARD-01	HIGH		READY
11241	11241	Wagon	Passat B4	3A	5	EU-VW-PASSAT-B4-WAGON-STANDARD-01	HIGH		READY
5724	5724	Sedan	Passat B5	3B	4	EU-VW-PASSAT-B5-SEDAN-STANDARD-01	HIGH		READY
5725	5725	Sedan	Passat B5	3B	4	EU-VW-PASSAT-B5-SEDAN-STANDARD-01	HIGH		READY
5726	5726	Sedan	Passat B5	3B	4	EU-VW-PASSAT-B5-SEDAN-STANDARD-01	HIGH		READY
5729	5729	Sedan	Passat B5	3B	4	EU-VW-PASSAT-B5-SEDAN-STANDARD-01	HIGH		READY
5730	5730	Sedan	Passat B5	3B	4	EU-VW-PASSAT-B5-SEDAN-STANDARD-01	HIGH		READY
10055	10055	Sedan	Passat B5	3B	4	EU-VW-PASSAT-B5-SEDAN-STANDARD-01	HIGH		READY
15119	15119	Sedan	Passat B5	3B	4	EU-VW-PASSAT-B5-SEDAN-STANDARD-01	HIGH		READY
5727	5727	Sedan	Passat B5	3B	4	EU-VW-PASSAT-B5-SEDAN-STANDARD-01	HIGH		READY
10179	10179	Sedan	Passat B5	3B	4	EU-VW-PASSAT-B5-SEDAN-STANDARD-01	HIGH		READY
11542	11542	Sedan	Passat B5	3B	4	EU-VW-PASSAT-B5-SEDAN-STANDARD-01	HIGH		READY
5728	5728	Sedan	Passat B5	3B	4	EU-VW-PASSAT-B5-SEDAN-STANDARD-01	HIGH		READY
10056	10056	Wagon	Passat B5	3B	5	EU-VW-PASSAT-B5-WAGON-STANDARD-01	HIGH		READY
15120	15120	Wagon	Passat B5	3B	5	EU-VW-PASSAT-B5-WAGON-STANDARD-01	HIGH		READY
10178	10178	Wagon	Passat B5	3B	5	EU-VW-PASSAT-B5-WAGON-STANDARD-01	HIGH		READY
11543	11543	Wagon	Passat B5	3B	5	EU-VW-PASSAT-B5-WAGON-STANDARD-01	HIGH		READY
15414	15414	Sedan	Passat B5.5	3BG	4	EU-VW-PASSAT-B5-5-SEDAN-STANDARD-01	HIGH		READY
15420	15420	Sedan	Passat B5.5	3BG	4	EU-VW-PASSAT-B5-5-SEDAN-STANDARD-01	HIGH		READY
16703	16703	Sedan	Passat B5.5	3BG	4	EU-VW-PASSAT-B5-5-SEDAN-STANDARD-01	HIGH		READY
15532	15532	Sedan	Passat B5.5	3BG	4	EU-VW-PASSAT-B5-5-SEDAN-STANDARD-01	HIGH		READY
15415	15415	Sedan	Passat B5.5	3BG	4	EU-VW-PASSAT-B5-5-SEDAN-STANDARD-01	HIGH		READY
15417	15417	Sedan	Passat B5.5	3BG	4	EU-VW-PASSAT-B5-5-SEDAN-STANDARD-01	HIGH		READY
15782	15782	Sedan	Passat B5.5	3BG	4	EU-VW-PASSAT-B5-5-SEDAN-STANDARD-01	HIGH		READY
15783	15783	Sedan	Passat B5.5	3BG	4	EU-VW-PASSAT-B5-5-SEDAN-STANDARD-01	HIGH		READY
17873	17873	Sedan	Passat B5.5	3BG	4	EU-VW-PASSAT-B5-5-SEDAN-STANDARD-01	HIGH		READY
15419	15419	Sedan	Passat B5.5	3BG	4	EU-VW-PASSAT-B5-5-SEDAN-STANDARD-01	HIGH		READY
15784	15784	Sedan	Passat B5.5	3BG	4	EU-VW-PASSAT-B5-5-SEDAN-STANDARD-01	HIGH		READY
15531	15531	Sedan	Passat B5.5	3BG	4	EU-VW-PASSAT-B5-5-SEDAN-STANDARD-01	HIGH		READY
17406	17406	Sedan	Passat B5.5	3BG	4	EU-VW-PASSAT-B5-5-SEDAN-STANDARD-01	HIGH		READY
15781	15781	Sedan	Passat B5.5	3BG	4	EU-VW-PASSAT-B5-5-SEDAN-STANDARD-01	HIGH		READY
17214	17214	Sedan	Passat B5.5	3BG	4	EU-VW-PASSAT-B5-5-SEDAN-STANDARD-01	HIGH		READY
15533	15533	Sedan	Passat B5.5	3BG	4	EU-VW-PASSAT-B5-5-SEDAN-STANDARD-01	HIGH		READY
16035	16035	Sedan	Passat B5.5	3BG	4	EU-VW-PASSAT-B5-5-SEDAN-STANDARD-01	HIGH		READY
15421	15421	Wagon	Passat B5.5	3BG	5	EU-VW-PASSAT-B5-5-WAGON-STANDARD-01	HIGH		READY
15422	15422	Wagon	Passat B5.5	3BG	5	EU-VW-PASSAT-B5-5-WAGON-STANDARD-01	HIGH		READY
49771	49771	Wagon	Passat B5.5	3BG	5	EU-VW-PASSAT-B5-5-WAGON-STANDARD-01	HIGH		READY
101034	101034	Wagon	Passat B5.5	3BG	5	EU-VW-PASSAT-B5-5-WAGON-STANDARD-01	HIGH		READY
15534	15534	Wagon	Passat B5.5	3BG	5	EU-VW-PASSAT-B5-5-WAGON-STANDARD-01	HIGH		READY
15416	15416	Wagon	Passat B5.5	3BG	5	EU-VW-PASSAT-B5-5-WAGON-STANDARD-01	HIGH		READY
15418	15418	Wagon	Passat B5.5	3BG	5	EU-VW-PASSAT-B5-5-WAGON-STANDARD-01	HIGH		READY
15786	15786	Wagon	Passat B5.5	3BG	5	EU-VW-PASSAT-B5-5-WAGON-STANDARD-01	HIGH		READY
15787	15787	Wagon	Passat B5.5	3BG	5	EU-VW-PASSAT-B5-5-WAGON-STANDARD-01	HIGH		READY
17874	17874	Wagon	Passat B5.5	3BG	5	EU-VW-PASSAT-B5-5-WAGON-STANDARD-01	HIGH		READY
15423	15423	Wagon	Passat B5.5	3BG	5	EU-VW-PASSAT-B5-5-WAGON-STANDARD-01	HIGH		READY
15788	15788	Wagon	Passat B5.5	3BG	5	EU-VW-PASSAT-B5-5-WAGON-STANDARD-01	HIGH		READY
15536	15536	Wagon	Passat B5.5	3BG	5	EU-VW-PASSAT-B5-5-WAGON-STANDARD-01	HIGH		READY
17407	17407	Wagon	Passat B5.5	3BG	5	EU-VW-PASSAT-B5-5-WAGON-STANDARD-01	HIGH		READY
15785	15785	Wagon	Passat B5.5	3BG	5	EU-VW-PASSAT-B5-5-WAGON-STANDARD-01	HIGH		READY
17215	17215	Wagon	Passat B5.5	3BG	5	EU-VW-PASSAT-B5-5-WAGON-STANDARD-01	HIGH		READY
15535	15535	Wagon	Passat B5.5	3BG	5	EU-VW-PASSAT-B5-5-WAGON-STANDARD-01	HIGH		READY
16036	16036	Wagon	Passat B5.5	3BG	5	EU-VW-PASSAT-B5-5-WAGON-STANDARD-01	HIGH		READY
18520	18520	Sedan	Passat B6	3C	4	EU-VW-PASSAT-B6-SEDAN-STANDARD-01	HIGH		READY
18522	18522	Sedan	Passat B6	3C	4	EU-VW-PASSAT-B6-SEDAN-STANDARD-01	HIGH		READY
18521	18521	Sedan	Passat B6	3C	4	EU-VW-PASSAT-B6-SEDAN-STANDARD-01	HIGH		READY
18671	18671	Sedan	Passat B6	3C	4	EU-VW-PASSAT-B6-SEDAN-STANDARD-01	HIGH		READY
18523	18523	Sedan	Passat B6	3C	4	EU-VW-PASSAT-B6-SEDAN-STANDARD-01	HIGH		READY
18730	18730	Wagon	Passat B6	3C	5	EU-VW-PASSAT-B6-WAGON-STANDARD-01	HIGH		READY
18726	18726	Wagon	Passat B6	3C	5	EU-VW-PASSAT-B6-WAGON-STANDARD-01	HIGH		READY
18728	18728	Wagon	Passat B6	3C	5	EU-VW-PASSAT-B6-WAGON-STANDARD-01	HIGH		READY
18727	18727	Wagon	Passat B6	3C	5	EU-VW-PASSAT-B6-WAGON-STANDARD-01	HIGH		READY
5668	5668	Wagon	Passat B6	3C	5	EU-VW-PASSAT-B6-WAGON-STANDARD-01	HIGH		READY
18731	18731	Wagon	Passat B6	3C	5	EU-VW-PASSAT-B6-WAGON-STANDARD-01	HIGH		READY
18732	18732	Wagon	Passat B6	3C	5	EU-VW-PASSAT-B6-WAGON-STANDARD-01	HIGH		READY
18729	18729	Wagon	Passat B6	3C	5	EU-VW-PASSAT-B6-WAGON-STANDARD-01	HIGH		READY
57298	57298	Sedan	B7	3C	4	EU-VW-PASSAT-B7-SEDAN-STANDARD-01	HIGH		READY
10577	10577	Sedan	B7	3C	4	EU-VW-PASSAT-B7-SEDAN-STANDARD-01	HIGH		READY
12010	12010	Sedan	B7	3C	4	EU-VW-PASSAT-B7-SEDAN-STANDARD-01	HIGH		READY
11228	11228	Sedan	B7	3C	4	EU-VW-PASSAT-B7-SEDAN-STANDARD-01	HIGH		READY
56872	56872	Sedan	B7	3C	4	EU-VW-PASSAT-B7-SEDAN-STANDARD-01	HIGH		READY
59396	59396	Sedan	B7	3C	4	EU-VW-PASSAT-B7-SEDAN-STANDARD-01	HIGH		READY
57348	57348	Wagon	B7	3C	5	EU-VW-PASSAT-B7-WAGON-STANDARD-01	HIGH		READY
10586	10586	Wagon	B7	3C	5	EU-VW-PASSAT-B7-WAGON-STANDARD-01	HIGH		READY
12011	12011	Wagon	B7	3C	5	EU-VW-PASSAT-B7-WAGON-STANDARD-01	HIGH		READY
11233	11233	Wagon	B7	3C	5	EU-VW-PASSAT-B7-WAGON-STANDARD-01	HIGH		READY
56871	56871	Wagon	B7	3C	5	EU-VW-PASSAT-B7-WAGON-STANDARD-01	HIGH		READY
59387	59387	Wagon	B7	3C	5	EU-VW-PASSAT-B7-WAGON-STANDARD-01	HIGH		READY
115581_prefl	115581	Sedan	B8 pre-facelift	3G	4	EU-VW-PASSAT-B8-SEDAN-PREFACELIFT-01	HIGH	Ktype covers the dimension-changing facelift boundary; pre-facelift branch.	READY
115581_facelift	115581	Sedan	B8 facelift	3G	4	EU-VW-PASSAT-B8-SEDAN-FACELIFT-01	HIGH	Ktype covers the dimension-changing facelift boundary; facelift branch.	READY
106611_prefl	106611	Sedan	B8 pre-facelift	3G	4	EU-VW-PASSAT-B8-SEDAN-PREFACELIFT-01	HIGH	Ktype covers the dimension-changing facelift boundary; pre-facelift branch.	READY
106611_facelift	106611	Sedan	B8 facelift	3G	4	EU-VW-PASSAT-B8-SEDAN-FACELIFT-01	HIGH	Ktype covers the dimension-changing facelift boundary; facelift branch.	READY
108612	108612	Sedan	B8 pre-facelift	3G	4	EU-VW-PASSAT-B8-SEDAN-PREFACELIFT-01	HIGH		READY
112379	112379	Sedan	B8 pre-facelift	3G	4	EU-VW-PASSAT-B8-SEDAN-PREFACELIFT-01	HIGH		READY
108613_prefl	108613	Sedan	B8 pre-facelift	3G	4	EU-VW-PASSAT-B8-SEDAN-PREFACELIFT-01	HIGH	Ktype covers the dimension-changing facelift boundary; pre-facelift branch.	READY
108613_facelift	108613	Sedan	B8 facelift	3G	4	EU-VW-PASSAT-B8-SEDAN-FACELIFT-01	HIGH	Ktype covers the dimension-changing facelift boundary; facelift branch.	READY
112383	112383	Sedan	B8 pre-facelift	3G	4	EU-VW-PASSAT-B8-SEDAN-PREFACELIFT-01	HIGH		READY
106635_prefl	106635	Sedan	B8 pre-facelift	3G	4	EU-VW-PASSAT-B8-SEDAN-PREFACELIFT-01	HIGH	Ktype covers the dimension-changing facelift boundary; pre-facelift branch.	READY
106635_facelift	106635	Sedan	B8 facelift	3G	4	EU-VW-PASSAT-B8-SEDAN-FACELIFT-01	HIGH	Ktype covers the dimension-changing facelift boundary; facelift branch.	READY
108615_prefl	108615	Sedan	B8 pre-facelift	3G	4	EU-VW-PASSAT-B8-SEDAN-PREFACELIFT-01	HIGH	Ktype covers the dimension-changing facelift boundary; pre-facelift branch.	READY
108615_facelift	108615	Sedan	B8 facelift	3G	4	EU-VW-PASSAT-B8-SEDAN-FACELIFT-01	HIGH	Ktype covers the dimension-changing facelift boundary; facelift branch.	READY
118892	118892	Sedan	B8 pre-facelift	3G	4	EU-VW-PASSAT-B8-SEDAN-PREFACELIFT-01	HIGH		READY
142475	142475	Sedan	B8 facelift	3G	4	EU-VW-PASSAT-B8-SEDAN-FACELIFT-01	HIGH		READY
142930	142930	Sedan	B8 facelift	3G	4	EU-VW-PASSAT-B8-SEDAN-FACELIFT-01	HIGH		READY
106654_prefl	106654	Sedan	B8 pre-facelift	3G	4	EU-VW-PASSAT-B8-SEDAN-PREFACELIFT-01	HIGH	Ktype covers the dimension-changing facelift boundary; pre-facelift branch.	READY
106654_facelift	106654	Sedan	B8 facelift	3G	4	EU-VW-PASSAT-B8-SEDAN-FACELIFT-01	HIGH	Ktype covers the dimension-changing facelift boundary; facelift branch.	READY
108616_prefl	108616	Sedan	B8 pre-facelift	3G	4	EU-VW-PASSAT-B8-SEDAN-PREFACELIFT-01	HIGH	Ktype covers the dimension-changing facelift boundary; pre-facelift branch.	READY
108616_facelift	108616	Sedan	B8 facelift	3G	4	EU-VW-PASSAT-B8-SEDAN-FACELIFT-01	HIGH	Ktype covers the dimension-changing facelift boundary; facelift branch.	READY
112386_prefl	112386	Sedan	B8 pre-facelift	3G	4	EU-VW-PASSAT-B8-SEDAN-PREFACELIFT-01	HIGH	Ktype covers the dimension-changing facelift boundary; pre-facelift branch.	READY
112386_facelift	112386	Sedan	B8 facelift	3G	4	EU-VW-PASSAT-B8-SEDAN-FACELIFT-01	HIGH	Ktype covers the dimension-changing facelift boundary; facelift branch.	READY
142474	142474	Sedan	B8 facelift	3G	4	EU-VW-PASSAT-B8-SEDAN-FACELIFT-01	HIGH		READY
112387_prefl	112387	Sedan	B8 pre-facelift	3G	4	EU-VW-PASSAT-B8-SEDAN-PREFACELIFT-01	HIGH	Ktype covers the dimension-changing facelift boundary; pre-facelift branch.	READY
112387_facelift	112387	Sedan	B8 facelift	3G	4	EU-VW-PASSAT-B8-SEDAN-FACELIFT-01	HIGH	Ktype covers the dimension-changing facelift boundary; facelift branch.	READY
801686	801686	Sedan	B8 facelift	3G	4	EU-VW-PASSAT-B8-SEDAN-FACELIFT-01	HIGH		READY
115193_prefl	115193	Sedan	B8 pre-facelift	3G	4	EU-VW-PASSAT-B8-SEDAN-PREFACELIFT-01	HIGH	Ktype covers the dimension-changing facelift boundary; pre-facelift branch.	READY
115193_facelift	115193	Sedan	B8 facelift	3G	4	EU-VW-PASSAT-B8-SEDAN-FACELIFT-01	HIGH	Ktype covers the dimension-changing facelift boundary; facelift branch.	READY
115584_prefl	115584	Wagon	B8 pre-facelift	3G	5	EU-VW-PASSAT-B8-WAGON-PREFACELIFT-01	HIGH	Ktype covers the dimension-changing facelift boundary; pre-facelift branch.	READY
115584_facelift	115584	Wagon	B8 facelift	3G	5	EU-VW-PASSAT-B8-WAGON-FACELIFT-01	HIGH	Ktype covers the dimension-changing facelift boundary; facelift branch.	READY
106613_prefl	106613	Wagon	B8 pre-facelift	3G	5	EU-VW-PASSAT-B8-WAGON-PREFACELIFT-01	HIGH	Ktype covers the dimension-changing facelift boundary; pre-facelift branch.	READY
106613_facelift	106613	Wagon	B8 facelift	3G	5	EU-VW-PASSAT-B8-WAGON-FACELIFT-01	HIGH	Ktype covers the dimension-changing facelift boundary; facelift branch.	READY
108628	108628	Wagon	B8 pre-facelift	3G	5	EU-VW-PASSAT-B8-WAGON-PREFACELIFT-01	HIGH		READY
112382	112382	Wagon	B8 pre-facelift	3G	5	EU-VW-PASSAT-B8-WAGON-PREFACELIFT-01	HIGH		READY
108629_prefl	108629	Wagon	B8 pre-facelift	3G	5	EU-VW-PASSAT-B8-WAGON-PREFACELIFT-01	HIGH	Ktype covers the dimension-changing facelift boundary; pre-facelift branch.	READY
108629_facelift	108629	Wagon	B8 facelift	3G	5	EU-VW-PASSAT-B8-WAGON-FACELIFT-01	HIGH	Ktype covers the dimension-changing facelift boundary; facelift branch.	READY
112384	112384	Wagon	B8 pre-facelift	3G	5	EU-VW-PASSAT-B8-WAGON-PREFACELIFT-01	HIGH		READY
106644_prefl	106644	Wagon	B8 pre-facelift	3G	5	EU-VW-PASSAT-B8-WAGON-PREFACELIFT-01	HIGH	Ktype covers the dimension-changing facelift boundary; pre-facelift branch.	READY
106644_facelift	106644	Wagon	B8 facelift	3G	5	EU-VW-PASSAT-B8-WAGON-FACELIFT-01	HIGH	Ktype covers the dimension-changing facelift boundary; facelift branch.	READY
108630_prefl	108630	Wagon	B8 pre-facelift	3G	5	EU-VW-PASSAT-B8-WAGON-PREFACELIFT-01	HIGH	Ktype covers the dimension-changing facelift boundary; pre-facelift branch.	READY
108630_facelift	108630	Wagon	B8 facelift	3G	5	EU-VW-PASSAT-B8-WAGON-FACELIFT-01	HIGH	Ktype covers the dimension-changing facelift boundary; facelift branch.	READY
118893	118893	Wagon	B8 pre-facelift	3G	5	EU-VW-PASSAT-B8-WAGON-PREFACELIFT-01	HIGH		READY
142472	142472	Wagon	B8 facelift	3G	5	EU-VW-PASSAT-B8-WAGON-FACELIFT-01	HIGH		READY
142931	142931	Wagon	B8 facelift	3G	5	EU-VW-PASSAT-B8-WAGON-FACELIFT-01	HIGH		READY
147324	147324	Wagon	B8 pre-facelift	3G	5	EU-VW-PASSAT-B8-WAGON-PREFACELIFT-01	HIGH		READY
106657_prefl	106657	Wagon	B8 pre-facelift	3G	5	EU-VW-PASSAT-B8-WAGON-PREFACELIFT-01	HIGH	Ktype covers the dimension-changing facelift boundary; pre-facelift branch.	READY
106657_facelift	106657	Wagon	B8 facelift	3G	5	EU-VW-PASSAT-B8-WAGON-FACELIFT-01	HIGH	Ktype covers the dimension-changing facelift boundary; facelift branch.	READY
108631_prefl	108631	Wagon	B8 pre-facelift	3G	5	EU-VW-PASSAT-B8-WAGON-PREFACELIFT-01	HIGH	Ktype covers the dimension-changing facelift boundary; pre-facelift branch.	READY
108631_facelift	108631	Wagon	B8 facelift	3G	5	EU-VW-PASSAT-B8-WAGON-FACELIFT-01	HIGH	Ktype covers the dimension-changing facelift boundary; facelift branch.	READY
112385_prefl	112385	Wagon	B8 pre-facelift	3G	5	EU-VW-PASSAT-B8-WAGON-PREFACELIFT-01	HIGH	Ktype covers the dimension-changing facelift boundary; pre-facelift branch.	READY
112385_facelift	112385	Wagon	B8 facelift	3G	5	EU-VW-PASSAT-B8-WAGON-FACELIFT-01	HIGH	Ktype covers the dimension-changing facelift boundary; facelift branch.	READY
142473	142473	Wagon	B8 facelift	3G	5	EU-VW-PASSAT-B8-WAGON-FACELIFT-01	HIGH		READY
112388_prefl	112388	Wagon	B8 pre-facelift	3G	5	EU-VW-PASSAT-B8-WAGON-PREFACELIFT-01	HIGH	Ktype covers the dimension-changing facelift boundary; pre-facelift branch.	READY
112388_facelift	112388	Wagon	B8 facelift	3G	5	EU-VW-PASSAT-B8-WAGON-FACELIFT-01	HIGH	Ktype covers the dimension-changing facelift boundary; facelift branch.	READY
801687	801687	Wagon	B8 facelift	3G	5	EU-VW-PASSAT-B8-WAGON-FACELIFT-01	HIGH		READY
115194_prefl	115194	Wagon	B8 pre-facelift	3G	5	EU-VW-PASSAT-B8-WAGON-PREFACELIFT-01	HIGH	Ktype covers the dimension-changing facelift boundary; pre-facelift branch.	READY
115194_facelift	115194	Wagon	B8 facelift	3G	5	EU-VW-PASSAT-B8-WAGON-FACELIFT-01	HIGH	Ktype covers the dimension-changing facelift boundary; facelift branch.	READY
156888	156888	Wagon	B9		5	EU-VW-PASSAT-B9-WAGON-STANDARD-01	HIGH		READY
158096	158096	Wagon	B9		5	EU-VW-PASSAT-B9-WAGON-STANDARD-01	HIGH		READY
158097	158097	Wagon	B9		5	EU-VW-PASSAT-B9-WAGON-STANDARD-01	HIGH		READY
156887	156887	Wagon	B9		5	EU-VW-PASSAT-B9-WAGON-STANDARD-01	HIGH		READY
158527	158527	Wagon	B9		5	EU-VW-PASSAT-B9-WAGON-STANDARD-01	HIGH		READY
157842	157842	Wagon	B9		5	EU-VW-PASSAT-B9-WAGON-STANDARD-01	HIGH		READY
800953	800953	Wagon	B9		5	EU-VW-PASSAT-B9-WAGON-STANDARD-01	HIGH		READY
158528	158528	Wagon	B9		5	EU-VW-PASSAT-B9-WAGON-STANDARD-01	HIGH		READY
11258	11258	Coupe	CC I	3C8	4	EU-VW-PASSAT-CC-B6-COUPE-STANDARD-01	HIGH		READY
11256	11256	Coupe	CC I	3C8	4	EU-VW-PASSAT-CC-B6-COUPE-STANDARD-01	HIGH		READY
11257	11257	Coupe	CC I	3C8	4	EU-VW-PASSAT-CC-B6-COUPE-STANDARD-01	HIGH		READY
11255	11255	Coupe	CC I	3C8	4	EU-VW-PASSAT-CC-B6-COUPE-STANDARD-01	HIGH		READY
18395	18395	Sedan	3D pre-facelift	3D	4	EU-VW-PHAETON-3D-SEDAN-PREFACELIFT-01	HIGH		READY
100076	100076	Sedan	3D facelift	3D	4	EU-VW-PHAETON-3D-SEDAN-FACELIFT-01	HIGH		READY
16693	16693	Sedan	3D pre-facelift	3D	4	EU-VW-PHAETON-3D-SEDAN-PREFACELIFT-01	HIGH		READY
18394	18394	Sedan	3D pre-facelift	3D	4	EU-VW-PHAETON-3D-SEDAN-PREFACELIFT-01	HIGH		READY
17426_prefl	17426	Sedan	3D pre-facelift	3D	4	EU-VW-PHAETON-3D-SEDAN-PREFACELIFT-01	HIGH	Ktype covers the dimension-changing facelift boundary; pre-facelift branch.	READY
17426_facelift	17426	Sedan	3D facelift	3D	4	EU-VW-PHAETON-3D-SEDAN-FACELIFT-01	HIGH	Ktype covers the dimension-changing facelift boundary; facelift branch.	READY
17001	17001	Sedan	3D pre-facelift	3D	4	EU-VW-PHAETON-3D-SEDAN-PREFACELIFT-01	HIGH		READY
16561	16561	Sedan	3D pre-facelift	3D	4	EU-VW-PHAETON-3D-SEDAN-PREFACELIFT-01	HIGH		READY
1950	1950	Coupe	II	86C	3	EU-VW-POLO-II-86C-COUPE-STANDARD-01	HIGH		READY
8046	8046	Hatchback	II	86C	3	EU-VW-POLO-II-86C-HATCHBACK-STANDARD-01	HIGH		READY
8047	8047	Coupe	II	86C	3	EU-VW-POLO-II-86C-COUPE-STANDARD-01	HIGH		READY
10732	10732	Van	II	86C	3	EU-VW-POLO-II-86C-HATCHBACK-STANDARD-01	MEDIUM	Panel-van derivative uses the hatchback outer shell.	READY
10738	10738	Van	III	6N	3	EU-VW-POLO-III-6N-HATCHBACK-STANDARD-01	MEDIUM	Panel-van derivative uses the hatchback outer shell.	READY
14172	14172	Hatchback	III facelift	6N2		EU-VW-POLO-III-6N2-HATCHBACK-STANDARD-01	HIGH		READY
100795	100795	Hatchback	V facelift	6C		EU-VW-POLO-V-6C-HATCHBACK-FACELIFT-01	HIGH		READY
100796	100796	Hatchback	V facelift	6C		EU-VW-POLO-V-6C-HATCHBACK-FACELIFT-01	HIGH		READY
101017	101017	Hatchback	III facelift	6N2		EU-VW-POLO-III-6N2-HATCHBACK-STANDARD-01	MEDIUM	Mapped to the 6N2 exterior matching the 1999-2002 production range.	READY
121176	121176	Van	V facelift	6C	3	EU-VW-POLO-V-6C-HATCHBACK-FACELIFT-01	MEDIUM	Panel-van derivative uses the hatchback outer shell.	READY
121177	121177	Van	V facelift	6C	3	EU-VW-POLO-V-6C-HATCHBACK-FACELIFT-01	MEDIUM	Panel-van derivative uses the hatchback outer shell.	READY
128213_prefl	128213	Hatchback	VI pre-facelift	AW	5	EU-VW-POLO-VI-AW-HATCHBACK-PREFACELIFT-01	MEDIUM	Ktype covers the dimension-changing facelift boundary; pre-facelift branch.	READY
128213_facelift	128213	Hatchback	VI facelift	AW	5	EU-VW-POLO-VI-AW-HATCHBACK-FACELIFT-01	MEDIUM	Ktype covers the dimension-changing facelift boundary; facelift branch.	READY
128215	128215	Hatchback	VI pre-facelift	AW	5	EU-VW-POLO-VI-AW-HATCHBACK-PREFACELIFT-01	HIGH		READY
1951	1951	Coupe	II	86C	3	EU-VW-POLO-II-86C-COUPE-STANDARD-01	HIGH		READY
16521_prefl	16521	Hatchback	IV pre-facelift	9N		EU-VW-POLO-IV-9N-HATCHBACK-PREFACELIFT-01	MEDIUM	Ktype covers the dimension-changing facelift boundary; pre-facelift branch.	READY
16521_facelift	16521	Hatchback	IV facelift	9N3		EU-VW-POLO-IV-9N-HATCHBACK-FACELIFT-01	MEDIUM	Ktype covers the dimension-changing facelift boundary; facelift branch.	READY
1952	1952	Coupe	II	86C	3	EU-VW-POLO-II-86C-COUPE-STANDARD-01	HIGH		READY
8043	8043	Coupe	II	86C	3	EU-VW-POLO-II-86C-COUPE-STANDARD-01	HIGH		READY
8044	8044	Hatchback	II	86C	3	EU-VW-POLO-II-86C-HATCHBACK-STANDARD-01	HIGH		READY
8045	8045	Sedan	II	87	2	EU-VW-POLO-II-TYPE87-SEDAN-STANDARD-01	HIGH		READY
8053	8053	Coupe	II	86C	3	EU-VW-POLO-II-86C-COUPE-STANDARD-01	HIGH		READY
8054	8054	Hatchback	II	86C	3	EU-VW-POLO-II-86C-HATCHBACK-STANDARD-01	HIGH		READY
10733	10733	Van	II	86C	3	EU-VW-POLO-II-86C-HATCHBACK-STANDARD-01	MEDIUM	Panel-van derivative uses the hatchback outer shell.	READY
17922	17922	Coupe	II	86C	3	EU-VW-POLO-II-86C-COUPE-STANDARD-01	HIGH		READY
59475	59475	Coupe	II	86C	3	EU-VW-POLO-II-86C-COUPE-STANDARD-01	HIGH		READY
14406	14406	Hatchback	III facelift	6N2		EU-VW-POLO-III-6N2-HATCHBACK-STANDARD-01	HIGH		READY
14882	14882	Hatchback	III facelift	6N2		EU-VW-POLO-III-6N2-HATCHBACK-STANDARD-01	HIGH		READY
14886	14886	Wagon	III	6N	5	EU-VW-POLO-III-6N-WAGON-STANDARD-01	HIGH		READY
17738	17738	Sedan	IV	9N	4	EU-VW-POLO-IV-9N-SEDAN-STANDARD-01	MEDIUM	Mapped to the Polo IV sedan exterior; later Polo V sedan is represented separately.	READY
17739	17739	Sedan	IV	9N	4	EU-VW-POLO-IV-9N-SEDAN-STANDARD-01	HIGH		READY
12093_prefl	12093	Sedan	V pre-facelift	6R	4	EU-VW-POLO-V-6R-SEDAN-PREFACELIFT-01	MEDIUM	Ktype covers the dimension-changing facelift boundary; pre-facelift branch.	READY
12093_facelift	12093	Sedan	V facelift	6C	4	EU-VW-POLO-V-6C-SEDAN-FACELIFT-01	MEDIUM	Ktype covers the dimension-changing facelift boundary; facelift branch.	READY
100417	100417	Sedan	IV	9N	4	EU-VW-POLO-IV-9N-SEDAN-STANDARD-01	HIGH		READY
107947	107947	Hatchback	V facelift	6C		EU-VW-POLO-V-6C-HATCHBACK-FACELIFT-01	HIGH		READY
113381	113381	Hatchback	Polo V	6C		EU-VW-POLO-V-6C-HATCHBACK-FACELIFT-01	HIGH		READY
1956	1956	Coupe	Polo II	86C	3	EU-VW-POLO-II-86C-COUPE-STANDARD-01	HIGH		READY
109340	109340	Hatchback	Polo V	6C		EU-VW-POLO-V-6C-HATCHBACK-FACELIFT-01	HIGH		READY
109492	109492	Hatchback	Polo V	6C		EU-VW-POLO-V-6C-HATCHBACK-FACELIFT-01	HIGH		READY
121180	121180	Van	Polo V	6C		EU-VW-POLO-V-6C-HATCHBACK-FACELIFT-01	MEDIUM	Commercial derivative shares the corresponding passenger-vehicle outer envelope.	READY
128214_prefl	128214	Hatchback	Polo VI	AW	5	EU-VW-POLO-VI-AW-HATCHBACK-PREFACELIFT-01	MEDIUM	Ktype spans a verified dimension-changing facelift; physical branches separated.	READY
128214_facelift	128214	Hatchback	Polo VI	AW	5	EU-VW-POLO-VI-AW-HATCHBACK-FACELIFT-01	MEDIUM	Ktype spans a verified dimension-changing facelift; physical branches separated.	READY
147332	147332	Van	Polo V	6C		EU-VW-POLO-V-6C-HATCHBACK-FACELIFT-01	MEDIUM	Commercial derivative shares the corresponding passenger-vehicle outer envelope.	READY
11896	11896	Hatchback	Polo V	6R		EU-VW-POLO-V-6R-HATCHBACK-PREFACELIFT-01	HIGH		READY
100797	100797	Hatchback	Polo V	6C		EU-VW-POLO-V-6C-HATCHBACK-FACELIFT-01	MEDIUM	Assigned to the 6C facelift outer envelope at the model-transition boundary.	READY
121181	121181	Van	Polo V	6C		EU-VW-POLO-V-6C-HATCHBACK-FACELIFT-01	MEDIUM	Commercial derivative shares the corresponding passenger-vehicle outer envelope.	READY
121182	121182	Van	Polo V	6C		EU-VW-POLO-V-6C-HATCHBACK-FACELIFT-01	MEDIUM	Commercial derivative shares the corresponding passenger-vehicle outer envelope.	READY
107747	107747	Hatchback	Polo V	6C		EU-VW-POLO-V-6C-HATCHBACK-FACELIFT-01	MEDIUM	Assigned to the 6C facelift outer envelope at the model-transition boundary.	READY
1957	1957	Coupe	Polo II	86C	3	EU-VW-POLO-II-86C-COUPE-STANDARD-01	HIGH		READY
1958	1958	Coupe	Polo II	86C	3	EU-VW-POLO-II-86C-COUPE-STANDARD-01	HIGH		READY
1954	1954	Coupe	Polo II	86C	3	EU-VW-POLO-II-86C-COUPE-STANDARD-01	HIGH		READY
1953	1953	Coupe	Polo II	86C	3	EU-VW-POLO-II-86C-COUPE-STANDARD-01	HIGH		READY
1959	1959	Coupe	Polo II	86C	3	EU-VW-POLO-II-86C-COUPE-STANDARD-01	HIGH		READY
14064	14064	Hatchback	Polo III	6N2		EU-VW-POLO-III-6N2-HATCHBACK-STANDARD-01	HIGH		READY
14162	14162	Wagon	Polo III	6KV5	5	EU-VW-POLO-III-6N-WAGON-STANDARD-01	HIGH		READY
14174	14174	Hatchback	Polo III	6N2		EU-VW-POLO-III-6N2-HATCHBACK-STANDARD-01	HIGH		READY
16552_prefl	16552	Hatchback	Polo IV	9N		EU-VW-POLO-IV-9N-HATCHBACK-PREFACELIFT-01	MEDIUM	Ktype spans a verified dimension-changing facelift; physical branches separated.	READY
16552_facelift	16552	Hatchback	Polo IV	9N3		EU-VW-POLO-IV-9N-HATCHBACK-FACELIFT-01	MEDIUM	Ktype spans a verified dimension-changing facelift; physical branches separated.	READY
11897	11897	Hatchback	Polo V	6R		EU-VW-POLO-V-6R-HATCHBACK-PREFACELIFT-01	HIGH		READY
1955	1955	Coupe	Polo II	86C	3	EU-VW-POLO-II-86C-COUPE-STANDARD-01	HIGH		READY
10734	10734	Van	Polo II	86C	3	EU-VW-POLO-II-86C-HATCHBACK-STANDARD-01	MEDIUM	Commercial derivative shares the corresponding passenger-vehicle outer envelope.	READY
17837	17837	Sedan	Polo II	87	2	EU-VW-POLO-II-TYPE87-SEDAN-STANDARD-01	HIGH		READY
16732_prefl	16732	Hatchback	Polo IV	9N		EU-VW-POLO-IV-9N-HATCHBACK-PREFACELIFT-01	MEDIUM	Ktype spans a verified dimension-changing facelift; physical branches separated.	READY
16732_facelift	16732	Hatchback	Polo IV	9N3		EU-VW-POLO-IV-9N-HATCHBACK-FACELIFT-01	MEDIUM	Ktype spans a verified dimension-changing facelift; physical branches separated.	READY
14066	14066	Hatchback	Polo III	6N2		EU-VW-POLO-III-6N2-HATCHBACK-STANDARD-01	HIGH		READY
17741	17741	Sedan	Polo IV	9N2	4	EU-VW-POLO-IV-9N-SEDAN-STANDARD-01	HIGH		READY
18599	18599	Hatchback	Polo IV	9N3		EU-VW-POLO-IV-9N-HATCHBACK-FACELIFT-01	HIGH		READY
18605	18605	Hatchback	Polo IV	9N3		EU-VW-POLO-IV-9N-HATCHBACK-FACELIFT-01	HIGH		READY
101150	101150	Hatchback	Polo V	6C		EU-VW-POLO-V-6C-HATCHBACK-FACELIFT-01	MEDIUM	Assigned to the 6C facelift outer envelope at the model-transition boundary.	READY
101154	101154	Hatchback	Polo V	6C		EU-VW-POLO-V-6C-HATCHBACK-FACELIFT-01	MEDIUM	Assigned to the 6C facelift outer envelope at the model-transition boundary.	READY
105727	105727	Hatchback	Polo V	6C		EU-VW-POLO-V-6C-HATCHBACK-FACELIFT-01	HIGH		READY
121186	121186	Van	Polo V	6C		EU-VW-POLO-V-6C-HATCHBACK-FACELIFT-01	MEDIUM	Commercial derivative shares the corresponding passenger-vehicle outer envelope.	READY
121188	121188	Van	Polo V	6C		EU-VW-POLO-V-6C-HATCHBACK-FACELIFT-01	MEDIUM	Commercial derivative shares the corresponding passenger-vehicle outer envelope.	READY
147334	147334	Van	Polo V	6C		EU-VW-POLO-V-6C-HATCHBACK-FACELIFT-01	MEDIUM	Commercial derivative shares the corresponding passenger-vehicle outer envelope.	READY
56205	56205	Hatchback	Polo V	6R		EU-VW-POLO-V-6R-HATCHBACK-PREFACELIFT-01	HIGH		READY
105717	105717	Hatchback	Polo V	6C		EU-VW-POLO-V-6C-HATCHBACK-FACELIFT-01	HIGH		READY
121183	121183	Van	Polo V	6C		EU-VW-POLO-V-6C-HATCHBACK-FACELIFT-01	MEDIUM	Commercial derivative shares the corresponding passenger-vehicle outer envelope.	READY
14065	14065	Hatchback	Polo III	6N2		EU-VW-POLO-III-6N2-HATCHBACK-STANDARD-01	HIGH		READY
10254	10254	Hatchback	Polo V	6R		EU-VW-POLO-V-6R-HATCHBACK-PREFACELIFT-01	HIGH		READY
14175	14175	Hatchback	Polo III	6N2		EU-VW-POLO-III-6N2-HATCHBACK-STANDARD-01	HIGH		READY
16672	16672	Hatchback	Polo III	6N		EU-VW-POLO-III-6N-HATCHBACK-STANDARD-01	HIGH		READY
108640	108640	Hatchback	Polo V	6C		EU-VW-POLO-V-6C-HATCHBACK-FACELIFT-01	HIGH		READY
14176	14176	Hatchback	Polo III	6N2		EU-VW-POLO-III-6N2-HATCHBACK-STANDARD-01	HIGH		READY
14285	14285	Wagon	Polo III	6KV5	5	EU-VW-POLO-III-6N-WAGON-STANDARD-01	HIGH		READY
15413	15413	Hatchback	Polo III	6N2		EU-VW-POLO-III-6N2-HATCHBACK-STANDARD-01	HIGH		READY
17740	17740	Sedan	Polo IV	9N2	4	EU-VW-POLO-IV-9N-SEDAN-STANDARD-01	HIGH		READY
11520	11520	Wagon	Polo III	6KV5	5	EU-VW-POLO-III-6N-WAGON-STANDARD-01	HIGH		READY
16105_prefl	16105	Hatchback	Polo IV	9N		EU-VW-POLO-IV-9N-HATCHBACK-PREFACELIFT-01	MEDIUM	Ktype spans a verified dimension-changing facelift; physical branches separated.	READY
16105_facelift	16105	Hatchback	Polo IV	9N3		EU-VW-POLO-IV-9N-HATCHBACK-FACELIFT-01	MEDIUM	Ktype spans a verified dimension-changing facelift; physical branches separated.	READY
17742_prefl	17742	Hatchback	Polo IV	9N		EU-VW-POLO-IV-9N-HATCHBACK-PREFACELIFT-01	MEDIUM	Ktype spans a verified dimension-changing facelift; physical branches separated.	READY
17742_facelift	17742	Hatchback	Polo IV	9N3		EU-VW-POLO-IV-9N-HATCHBACK-FACELIFT-01	MEDIUM	Ktype spans a verified dimension-changing facelift; physical branches separated.	READY
125292	125292	Sedan	Polo IV	9N2	4	EU-VW-POLO-IV-9N-SEDAN-STANDARD-01	HIGH		READY
11521_prefl	11521	Sedan	Polo III	6KV2	4	EU-VW-POLO-III-6N-SEDAN-PREFACELIFT-01	MEDIUM	Ktype spans a verified dimension-changing facelift; physical branches separated.	READY
11521_facelift	11521	Sedan	Polo III	6KV2	4	EU-VW-POLO-III-6N2-SEDAN-FACELIFT-01	MEDIUM	Ktype spans a verified dimension-changing facelift; physical branches separated.	READY
58385	58385	Hatchback	Polo V	6R		EU-VW-POLO-V-6R-HATCHBACK-R-WRC-01	HIGH		READY
5712	5712	Hatchback	Polo III	6N		EU-VW-POLO-III-6N-HATCHBACK-STANDARD-01	HIGH		READY
18815	18815	Sedan	Polo III	6KV2	4	EU-VW-POLO-III-6N-SEDAN-PREFACELIFT-01	HIGH		READY
15410	15410	Hatchback	Polo III	6N		EU-VW-POLO-III-6N-HATCHBACK-STANDARD-01	HIGH		READY
14286	14286	Sedan	Polo III	6KV2	4	EU-VW-POLO-III-6N2-SEDAN-FACELIFT-01	MEDIUM	Assigned to the 6N2 facelift sedan outer envelope at the model-transition boundary.	READY
14161	14161	Sedan	Polo III	6KV2	4	EU-VW-POLO-III-6N2-SEDAN-FACELIFT-01	HIGH		READY
18155	18155	Sedan	Polo III	6KV2	4	EU-VW-POLO-III-6N-SEDAN-PREFACELIFT-01	HIGH		READY
126649	126649	Hatchback	Polo III	6N		EU-VW-POLO-III-6N-HATCHBACK-STANDARD-01	HIGH		READY
143880	143880	Hatchback	Polo VI	AW	5	EU-VW-POLO-VI-AW-HATCHBACK-GTI-FACELIFT-01	HIGH		READY
15887	15887	MPV	Routan I	7B	5	EU-VW-ROUTAN-I-7B-MPV-STANDARD-01	HIGH		READY
149286	149286	Sedan	Santana I	32B	4	EU-VW-SANTANA-I-32B-SEDAN-STANDARD-01	HIGH		READY
17976	17976	Sedan	Santana I	32B	4	EU-VW-SANTANA-I-32B-SEDAN-STANDARD-01	HIGH		READY
59432	59432	Coupe	Scirocco II	53B	3	EU-VW-SCIROCCO-II-53B-COUPE-STANDARD-01	HIGH		READY
106417	106417	Coupe	Scirocco III	13	3	EU-VW-SCIROCCO-III-13-COUPE-FACELIFT-01	MEDIUM	Assigned to the facelift outer envelope at the model-transition boundary.	READY
117777	117777	Coupe	Scirocco III	13	3	EU-VW-SCIROCCO-III-13-COUPE-FACELIFT-01	HIGH		READY
11210_prefl	11210	Coupe	Scirocco III	13	3	EU-VW-SCIROCCO-III-13-COUPE-R-PREFACELIFT-01	MEDIUM	Ktype spans a verified dimension-changing facelift; physical branches separated.	READY
11210_facelift	11210	Coupe	Scirocco III	13	3	EU-VW-SCIROCCO-III-13-COUPE-R-FACELIFT-01	MEDIUM	Ktype spans a verified dimension-changing facelift; physical branches separated.	READY
107502	107502	Coupe	Scirocco III	13	3	EU-VW-SCIROCCO-III-13-COUPE-R-FACELIFT-01	HIGH		READY
11212_prefl	11212	Coupe	Scirocco III	13	3	EU-VW-SCIROCCO-III-13-COUPE-PREFACELIFT-01	MEDIUM	Ktype spans a verified dimension-changing facelift; physical branches separated.	READY
11212_facelift	11212	Coupe	Scirocco III	13	3	EU-VW-SCIROCCO-III-13-COUPE-FACELIFT-01	MEDIUM	Ktype spans a verified dimension-changing facelift; physical branches separated.	READY
58809_prefl	58809	Coupe	Scirocco III	13	3	EU-VW-SCIROCCO-III-13-COUPE-PREFACELIFT-01	MEDIUM	Ktype spans a verified dimension-changing facelift; physical branches separated.	READY
58809_facelift	58809	Coupe	Scirocco III	13	3	EU-VW-SCIROCCO-III-13-COUPE-FACELIFT-01	MEDIUM	Ktype spans a verified dimension-changing facelift; physical branches separated.	READY
106418	106418	Coupe	Scirocco III	13	3	EU-VW-SCIROCCO-III-13-COUPE-FACELIFT-01	MEDIUM	Assigned to the facelift outer envelope at the model-transition boundary.	READY
107501	107501	Coupe	Scirocco III	13	3	EU-VW-SCIROCCO-III-13-COUPE-FACELIFT-01	HIGH		READY
106419	106419	Coupe	Scirocco III	13	3	EU-VW-SCIROCCO-III-13-COUPE-FACELIFT-01	MEDIUM	Assigned to the facelift outer envelope at the model-transition boundary.	READY
106420	106420	Coupe	Scirocco III	13	3	EU-VW-SCIROCCO-III-13-COUPE-FACELIFT-01	MEDIUM	Assigned to the facelift outer envelope at the model-transition boundary.	READY
143012	143012	Van	Sharan I	7M	5	EU-VW-SHARAN-I-7M-MPV-STANDARD-01	MEDIUM	Commercial derivative shares the corresponding passenger-vehicle outer envelope.	READY
115204	115204	MPV	Sharan II	7N	5	EU-VW-SHARAN-II-7N-MPV-STANDARD-01	HIGH		READY
143004	143004	Van	Sharan II	7N	5	EU-VW-SHARAN-II-7N-MPV-STANDARD-01	MEDIUM	Commercial derivative shares the corresponding passenger-vehicle outer envelope.	READY
5966	5966	MPV	Sharan I	7M	5	EU-VW-SHARAN-I-7M-MPV-STANDARD-01	HIGH		READY
14855	14855	MPV	Sharan I	7M	5	EU-VW-SHARAN-I-7M-MPV-STANDARD-01	HIGH		READY
17150	17150	MPV	Sharan I	7M	5	EU-VW-SHARAN-I-7M-MPV-STANDARD-01	HIGH		READY
18756	18756	MPV	Sharan I	7M	5	EU-VW-SHARAN-I-7M-MPV-STANDARD-01	HIGH		READY
143015	143015	Van	Sharan I	7M	5	EU-VW-SHARAN-I-7M-MPV-STANDARD-01	MEDIUM	Commercial derivative shares the corresponding passenger-vehicle outer envelope.	READY
143016	143016	Van	Sharan I	7M	5	EU-VW-SHARAN-I-7M-MPV-STANDARD-01	MEDIUM	Commercial derivative shares the corresponding passenger-vehicle outer envelope.	READY
143017	143017	Van	Sharan I	7M	5	EU-VW-SHARAN-I-7M-MPV-STANDARD-01	MEDIUM	Commercial derivative shares the corresponding passenger-vehicle outer envelope.	READY
143018	143018	Van	Sharan I	7M	5	EU-VW-SHARAN-I-7M-MPV-STANDARD-01	MEDIUM	Commercial derivative shares the corresponding passenger-vehicle outer envelope.	READY
16062	16062	MPV	Sharan I	7M	5	EU-VW-SHARAN-I-7M-MPV-STANDARD-01	HIGH		READY
12089	12089	MPV	Sharan II	7N	5	EU-VW-SHARAN-II-7N-MPV-STANDARD-01	HIGH		READY
34975	34975	MPV	Sharan II	7N	5	EU-VW-SHARAN-II-7N-MPV-STANDARD-01	HIGH		READY
59444	59444	MPV	Sharan II	7N	5	EU-VW-SHARAN-II-7N-MPV-STANDARD-01	HIGH		READY
115206	115206	MPV	Sharan II	7N	5	EU-VW-SHARAN-II-7N-MPV-STANDARD-01	HIGH		READY
115208	115208	MPV	Sharan II	7N	5	EU-VW-SHARAN-II-7N-MPV-STANDARD-01	HIGH		READY
143006	143006	Van	Sharan II	7N	5	EU-VW-SHARAN-II-7N-MPV-STANDARD-01	MEDIUM	Commercial derivative shares the corresponding passenger-vehicle outer envelope.	READY
143007	143007	Van	Sharan II	7N	5	EU-VW-SHARAN-II-7N-MPV-STANDARD-01	MEDIUM	Commercial derivative shares the corresponding passenger-vehicle outer envelope.	READY
143008	143008	Van	Sharan II	7N	5	EU-VW-SHARAN-II-7N-MPV-STANDARD-01	MEDIUM	Commercial derivative shares the corresponding passenger-vehicle outer envelope.	READY
143009	143009	Van	Sharan II	7N	5	EU-VW-SHARAN-II-7N-MPV-STANDARD-01	MEDIUM	Commercial derivative shares the corresponding passenger-vehicle outer envelope.	READY
10876	10876	MPV	Sharan II	7N	5	EU-VW-SHARAN-II-7N-MPV-STANDARD-01	HIGH		READY
115207	115207	MPV	Sharan II	7N	5	EU-VW-SHARAN-II-7N-MPV-STANDARD-01	HIGH		READY
120178	120178	MPV	Sharan II	7N	5	EU-VW-SHARAN-II-7N-MPV-STANDARD-01	HIGH		READY
6021	6021	MPV	II	7N	5	EU-VW-SHARAN-II-7N-MPV-STANDARD-01	HIGH		READY
115205	115205	MPV	II	7N	5	EU-VW-SHARAN-II-7N-MPV-STANDARD-01	HIGH		READY
143005	143005	MPV	II	7N	5	EU-VW-SHARAN-II-7N-MPV-STANDARD-01	HIGH		READY
14854	14854	MPV	I	7M	5	EU-VW-SHARAN-I-7M-MPV-STANDARD-01	HIGH		READY
14896	14896	MPV	I	7M	5	EU-VW-SHARAN-I-7M-MPV-STANDARD-01	HIGH		READY
143013	143013	MPV	I	7M	5	EU-VW-SHARAN-I-7M-MPV-STANDARD-01	HIGH		READY
143014	143014	MPV	I	7M	5	EU-VW-SHARAN-I-7M-MPV-STANDARD-01	HIGH		READY
5723	5723	MPV	I	7M	5	EU-VW-SHARAN-I-7M-MPV-STANDARD-01	HIGH		READY
145048	145048	SUV	I	CS	5	EU-VW-TAIGO-I-CS-SUV-STANDARD-01	HIGH		READY
145049	145049	SUV	I	CS	5	EU-VW-TAIGO-I-CS-SUV-STANDARD-01	HIGH		READY
148190	148190	SUV	I	CS	5	EU-VW-TAIGO-I-CS-SUV-STANDARD-01	HIGH		READY
145050	145050	SUV	I	CS	5	EU-VW-TAIGO-I-CS-SUV-STANDARD-01	HIGH		READY
5964	5964	Pickup	I	7A	2	EU-VW-TARO-I-7A-PICKUP-RWD-01	MEDIUM	Cab/bed subtype is not stated; mapped to the standard single-cab pickup outer body for the specified drivetrain.	READY
12105	12105	Pickup	I	7A	2	EU-VW-TARO-I-7A-PICKUP-4X4-01	MEDIUM	Cab/bed subtype is not stated; mapped to the standard single-cab pickup outer body for the specified drivetrain.	READY
10480	10480	Pickup	I	7A	2	EU-VW-TARO-I-7A-PICKUP-RWD-01	MEDIUM	Cab/bed subtype is not stated; mapped to the standard single-cab pickup outer body for the specified drivetrain.	READY
10481	10481	Pickup	I	7A	2	EU-VW-TARO-I-7A-PICKUP-RWD-01	MEDIUM	Cab/bed subtype is not stated; mapped to the standard single-cab pickup outer body for the specified drivetrain.	READY
18624	18624	Pickup	I	7A	2	EU-VW-TARO-I-7A-PICKUP-4X4-01	MEDIUM	Cab/bed subtype is not stated; mapped to the standard single-cab pickup outer body for the specified drivetrain.	READY
159795	159795	SUV	2024		5	EU-VW-TAYRON-2024-SUV-PHEV-01	HIGH	PHEV five-seat outer height differs from the standard seven-seat body.	READY
159949	159949	SUV	2024		5	EU-VW-TAYRON-2024-SUV-PHEV-01	HIGH	PHEV five-seat outer height differs from the standard seven-seat body.	READY
159794	159794	SUV	2024		5	EU-VW-TAYRON-2024-SUV-STANDARD-01	HIGH		READY
160050	160050	SUV	2024		5	EU-VW-TAYRON-2024-SUV-STANDARD-01	HIGH		READY
159785	159785	SUV	2024		5	EU-VW-TAYRON-2024-SUV-STANDARD-01	HIGH		READY
160197	160197	SUV	2024		5	EU-VW-TAYRON-2024-SUV-STANDARD-01	HIGH		READY
160206	160206	SUV	2024		5	EU-VW-TAYRON-2024-SUV-STANDARD-01	HIGH		READY
143258	143258	SUV	II	AD1	5	EU-VW-TIGUAN-II-AD1-SUV-FACELIFT-01	HIGH		READY
10929	10929	SUV	I	5N	5	EU-VW-TIGUAN-I-5N-SUV-FACELIFT-01	HIGH		READY
113334	113334	SUV	I	5N	5	EU-VW-TIGUAN-I-5N-SUV-FACELIFT-01	HIGH		READY
116130	116130	SUV	I	5N	5	EU-VW-TIGUAN-I-5N-SUV-FACELIFT-01	HIGH		READY
119767	119767	SUV	II	AD1	5	EU-VW-TIGUAN-II-AD1-SUV-PREFACELIFT-01	MEDIUM	Ktype range spans the 2020 facelift; retained the launch-phase outer body without a Ktype-specific physical split.	READY
119768	119768	SUV	II	AD1	5	EU-VW-TIGUAN-II-AD1-SUV-PREFACELIFT-01	MEDIUM	Ktype range spans the 2020 facelift; retained the launch-phase outer body without a Ktype-specific physical split.	READY
128188	128188	SUV	II	AD1	5	EU-VW-TIGUAN-II-AD1-SUV-PREFACELIFT-01	MEDIUM	Ktype range spans the 2020 facelift; retained the launch-phase outer body without a Ktype-specific physical split.	READY
143019	143019	SUV	I	5N	5	EU-VW-TIGUAN-I-5N-SUV-PREFACELIFT-01	HIGH		READY
143020	143020	SUV	I	5N	5	EU-VW-TIGUAN-I-5N-SUV-PREFACELIFT-01	HIGH		READY
143021	143021	SUV	I	5N	5	EU-VW-TIGUAN-I-5N-SUV-FACELIFT-01	HIGH		READY
10932	10932	SUV	I	5N	5	EU-VW-TIGUAN-I-5N-SUV-FACELIFT-01	HIGH		READY
120209	120209	SUV	II	AD1	5	EU-VW-TIGUAN-II-AD1-SUV-PREFACELIFT-01	MEDIUM	Ktype range spans the 2020 facelift; retained the launch-phase outer body without a Ktype-specific physical split.	READY
143022	143022	SUV	I	5N	5	EU-VW-TIGUAN-I-5N-SUV-FACELIFT-01	HIGH		READY
157054	157054	SUV	III	CT1	5	EU-VW-TIGUAN-III-CT1-SUV-STANDARD-01	HIGH		READY
157055	157055	SUV	III	CT1	5	EU-VW-TIGUAN-III-CT1-SUV-STANDARD-01	HIGH		READY
158026	158026	SUV	III	CT1	5	EU-VW-TIGUAN-III-CT1-SUV-STANDARD-01	HIGH		READY
158113	158113	SUV	III	CT1	5	EU-VW-TIGUAN-III-CT1-SUV-STANDARD-01	HIGH		READY
122007	122007	SUV	II	AD1	5	EU-VW-TIGUAN-II-AD1-SUV-PREFACELIFT-01	HIGH		READY
112955	112955	SUV	I	5N	5	EU-VW-TIGUAN-I-5N-SUV-FACELIFT-01	HIGH		READY
118647	118647	SUV	II	AD1	5	EU-VW-TIGUAN-II-AD1-SUV-PREFACELIFT-01	MEDIUM	Ktype range spans the 2020 facelift; retained the launch-phase outer body without a Ktype-specific physical split.	READY
120210	120210	SUV	II	AD1	5	EU-VW-TIGUAN-II-AD1-SUV-PREFACELIFT-01	HIGH		READY
124068	124068	SUV	II	AD1	5	EU-VW-TIGUAN-II-AD1-SUV-PREFACELIFT-01	HIGH		READY
128190	128190	SUV	II	AD1	5	EU-VW-TIGUAN-II-AD1-SUV-PREFACELIFT-01	MEDIUM	Ktype range spans the 2020 facelift; retained the launch-phase outer body without a Ktype-specific physical split.	READY
143040	143040	SUV	I	5N	5	EU-VW-TIGUAN-I-5N-SUV-PREFACELIFT-01	MEDIUM	Ktype range spans the 2011 facelift; retained the launch-phase outer body without a Ktype-specific physical split.	READY
143041	143041	SUV	I	5N	5	EU-VW-TIGUAN-I-5N-SUV-PREFACELIFT-01	MEDIUM	Ktype range spans the 2011 facelift; retained the launch-phase outer body without a Ktype-specific physical split.	READY
157056	157056	SUV	III	CT1	5	EU-VW-TIGUAN-III-CT1-SUV-STANDARD-01	HIGH		READY
57510	57510	SUV	I	5N	5	EU-VW-TIGUAN-I-5N-SUV-FACELIFT-01	HIGH		READY
112956	112956	SUV	I	5N	5	EU-VW-TIGUAN-I-5N-SUV-FACELIFT-01	HIGH		READY
113340	113340	SUV	I	5N	5	EU-VW-TIGUAN-I-5N-SUV-FACELIFT-01	HIGH		READY
118648	118648	SUV	II	AD1	5	EU-VW-TIGUAN-II-AD1-SUV-PREFACELIFT-01	MEDIUM	Ktype range spans the 2020 facelift; retained the launch-phase outer body without a Ktype-specific physical split.	READY
119690	119690	SUV	II	AD1	5	EU-VW-TIGUAN-II-AD1-SUV-PREFACELIFT-01	HIGH		READY
119766	119766	SUV	II	AD1	5	EU-VW-TIGUAN-II-AD1-SUV-PREFACELIFT-01	HIGH		READY
124077	124077	SUV	II	AD1	5	EU-VW-TIGUAN-II-AD1-SUV-PREFACELIFT-01	HIGH		READY
128191	128191	SUV	II	AD1	5	EU-VW-TIGUAN-II-AD1-SUV-PREFACELIFT-01	MEDIUM	Ktype range spans the 2020 facelift; retained the launch-phase outer body without a Ktype-specific physical split.	READY
128192	128192	SUV	II	AD1	5	EU-VW-TIGUAN-II-AD1-SUV-PREFACELIFT-01	MEDIUM	Ktype range spans the 2020 facelift; retained the launch-phase outer body without a Ktype-specific physical split.	READY
128193	128193	SUV	II	AD1	5	EU-VW-TIGUAN-II-AD1-SUV-PREFACELIFT-01	HIGH		READY
143042	143042	SUV	I	5N	5	EU-VW-TIGUAN-I-5N-SUV-PREFACELIFT-01	MEDIUM	Ktype range spans the 2011 facelift; retained the launch-phase outer body without a Ktype-specific physical split.	READY
143043	143043	SUV	I	5N	5	EU-VW-TIGUAN-I-5N-SUV-PREFACELIFT-01	MEDIUM	Ktype range spans the 2011 facelift; retained the launch-phase outer body without a Ktype-specific physical split.	READY
143044	143044	SUV	I	5N	5	EU-VW-TIGUAN-I-5N-SUV-FACELIFT-01	HIGH		READY
144761	144761	SUV	II	AD1	5	EU-VW-TIGUAN-II-AD1-SUV-FACELIFT-01	MEDIUM	Mapped to the 2020 facelift outer body at the model-change boundary.	READY
157100	157100	SUV	III	CT1	5	EU-VW-TIGUAN-III-CT1-SUV-STANDARD-01	HIGH		READY
803196	803196	SUV	III	CT1	5	EU-VW-TIGUAN-III-CT1-SUV-STANDARD-01	HIGH		READY
10935	10935	SUV	I	5N	5	EU-VW-TIGUAN-I-5N-SUV-FACELIFT-01	HIGH		READY
10954	10954	SUV	I	5N	5	EU-VW-TIGUAN-I-5N-SUV-FACELIFT-01	HIGH		READY
118646	118646	SUV	II	AD1	5	EU-VW-TIGUAN-II-AD1-SUV-PREFACELIFT-01	MEDIUM	Ktype range spans the 2020 facelift; retained the launch-phase outer body without a Ktype-specific physical split.	READY
121841	121841	SUV	II	AD1	5	EU-VW-TIGUAN-II-AD1-SUV-PREFACELIFT-01	MEDIUM	Ktype range spans the 2020 facelift; retained the launch-phase outer body without a Ktype-specific physical split.	READY
128189	128189	SUV	II	AD1	5	EU-VW-TIGUAN-II-AD1-SUV-PREFACELIFT-01	MEDIUM	Ktype range spans the 2020 facelift; retained the launch-phase outer body without a Ktype-specific physical split.	READY
143037	143037	SUV	I	5N	5	EU-VW-TIGUAN-I-5N-SUV-PREFACELIFT-01	HIGH		READY
143038	143038	SUV	I	5N	5	EU-VW-TIGUAN-I-5N-SUV-PREFACELIFT-01	HIGH		READY
143039	143039	SUV	I	5N	5	EU-VW-TIGUAN-I-5N-SUV-FACELIFT-01	HIGH		READY
143253	143253	SUV	II	AD1	5	EU-VW-TIGUAN-II-AD1-SUV-FACELIFT-01	HIGH		READY
144806	144806	SUV	II	AD1	5	EU-VW-TIGUAN-II-AD1-SUV-FACELIFT-01	HIGH		READY
800130	800130	SUV	III	CT1	5	EU-VW-TIGUAN-III-CT1-SUV-STANDARD-01	HIGH		READY
800952	800952	SUV	III	CT1	5	EU-VW-TIGUAN-III-CT1-SUV-STANDARD-01	HIGH		READY
801688	801688	SUV	II	AD1	5	EU-VW-TIGUAN-II-AD1-SUV-FACELIFT-01	HIGH		READY
142540	142540	SUV	II	AD1	5	EU-VW-TIGUAN-II-AD1-SUV-FACELIFT-01	HIGH		READY
17182	17182	SUV	I	7L	5	EU-VW-TOUAREG-I-7L-SUV-STANDARD-01	HIGH		READY
143255	143255	SUV	III	CR	5	EU-VW-TOUAREG-III-CR-SUV-PHEV-01	HIGH		READY
143256	143256	SUV	III	CR	5	EU-VW-TOUAREG-III-CR-SUV-PHEV-01	HIGH		READY
143057	143057	SUV	II	7P	5	EU-VW-TOUAREG-II-7P-SUV-PREFACELIFT-01	HIGH		READY
18428	18428	SUV	I	7L	5	EU-VW-TOUAREG-I-7L-SUV-STANDARD-01	HIGH		READY
58984	58984	SUV	II	7P	5	EU-VW-TOUAREG-II-7P-SUV-PREFACELIFT-01	MEDIUM	Ktype range spans the 2014 facelift; retained the launch-phase outer body without a Ktype-specific physical split.	READY
107860	107860	SUV	II	7P	5	EU-VW-TOUAREG-II-7P-SUV-FACELIFT-01	HIGH		READY
16819	16819	SUV	I	7L	5	EU-VW-TOUAREG-I-7L-SUV-STANDARD-01	HIGH		READY
18427	18427	SUV	I	7L	5	EU-VW-TOUAREG-I-7L-SUV-STANDARD-01	HIGH		READY
17178	17178	SUV	I	7L	5	EU-VW-TOUAREG-I-7L-SUV-STANDARD-01	HIGH		READY
16820	16820	SUV	I	7L	5	EU-VW-TOUAREG-I-7L-SUV-STANDARD-01	HIGH		READY
18527	18527	SUV	I	7L	5	EU-VW-TOUAREG-I-7L-SUV-STANDARD-01	HIGH		READY
17572	17572	MPV	I	1T	5	EU-VW-TOURAN-I-1T-MPV-EARLY-01	MEDIUM	Ktype range spans the 2006 facelift; retained the launch-phase outer body without a Ktype-specific physical split.	READY
113148	113148	MPV	II	5T	5	EU-VW-TOURAN-II-5T-MPV-STANDARD-01	HIGH		READY
143045	143045	MPV	I	1T3	5	EU-VW-TOURAN-I-1T3-MPV-FACELIFT-01	HIGH		READY
55510	55510	MPV	I	1T3	5	EU-VW-TOURAN-I-1T3-MPV-FACELIFT-01	HIGH		READY
55585	55585	MPV	I	1T3	5	EU-VW-TOURAN-I-1T3-MPV-FACELIFT-01	HIGH		READY
113149	113149	MPV	II	5T	5	EU-VW-TOURAN-II-5T-MPV-STANDARD-01	HIGH		READY
142643	142643	MPV	I	1T3	5	EU-VW-TOURAN-I-1T3-MPV-FACELIFT-01	HIGH		READY
142645	142645	MPV	I	1T3	5	EU-VW-TOURAN-I-1T3-MPV-FACELIFT-01	HIGH		READY
55513	55513	MPV	Touran I Facelift 2010	1T3	5	EU-VW-TOURAN-I-1T3-MPV-FACELIFT-01	HIGH		READY
142564	142564	Van	Touran I Facelift 2010	1T3	5	EU-VW-TOURAN-I-1T3-MPV-FACELIFT-01	HIGH	商用厢式衍生版复用同代Touran车身外廓。	READY
17174	17174	MPV	Touran I	1T	5	EU-VW-TOURAN-I-1T-MPV-EARLY-01	HIGH		READY
34977	34977	MPV	Touran I Facelift 2010	1T3	5	EU-VW-TOURAN-I-1T3-MPV-FACELIFT-01	HIGH		READY
55508	55508	MPV	Touran I Facelift 2010	1T3	5	EU-VW-TOURAN-I-1T3-MPV-FACELIFT-01	HIGH		READY
113150	113150	MPV	Touran II	5T	5	EU-VW-TOURAN-II-5T-MPV-STANDARD-01	HIGH		READY
120208	120208	MPV	Touran II	5T	5	EU-VW-TOURAN-II-5T-MPV-STANDARD-01	HIGH		READY
143047	143047	Van	Touran I Facelift 2010	1T3	5	EU-VW-TOURAN-I-1T3-MPV-FACELIFT-01	HIGH	商用厢式衍生版复用同代Touran车身外廓。	READY
143049	143049	Van	Touran I Facelift 2010	1T3	5	EU-VW-TOURAN-I-1T3-MPV-FACELIFT-01	HIGH	商用厢式衍生版复用同代Touran车身外廓。	READY
117812	117812	MPV	Touran II	5T	5	EU-VW-TOURAN-II-5T-MPV-STANDARD-01	HIGH		READY
17119	17119	MPV	Touran I	1T	5	EU-VW-TOURAN-I-1T-MPV-EARLY-01	HIGH		READY
17768_early	17768	MPV	Touran I	1T	5	EU-VW-TOURAN-I-1T-MPV-EARLY-01	HIGH	Ktype生产期跨越2006年外廓变化，按早期/改款物理外廓拆分。	READY
17768_facelift	17768	MPV	Touran I Facelift	1T2	5	EU-VW-TOURAN-I-1T2-MPV-FACELIFT-01	HIGH	Ktype生产期跨越2006年外廓变化，按早期/改款物理外廓拆分。	READY
18700_early	18700	MPV	Touran I	1T	5	EU-VW-TOURAN-I-1T-MPV-EARLY-01	HIGH	Ktype生产期跨越2006年外廓变化，按早期/改款物理外廓拆分。	READY
18700_facelift	18700	MPV	Touran I Facelift	1T2	5	EU-VW-TOURAN-I-1T2-MPV-FACELIFT-01	HIGH	Ktype生产期跨越2006年外廓变化，按早期/改款物理外廓拆分。	READY
143054	143054	Van	Touran I	1T	5	EU-VW-TOURAN-I-1T-MPV-EARLY-01	HIGH	商用厢式衍生版复用同代Touran车身外廓。	READY
143055	143055	Van	Touran I	1T	5	EU-VW-TOURAN-I-1T-MPV-EARLY-01	HIGH	商用厢式衍生版复用同代Touran车身外廓。	READY
143052	143052	Van	Touran I	1T	5	EU-VW-TOURAN-I-1T-MPV-EARLY-01	HIGH	商用厢式衍生版复用同代Touran车身外廓。	READY
17766	17766	MPV	Touran I	1T	5	EU-VW-TOURAN-I-1T-MPV-EARLY-01	HIGH		READY
143053	143053	Van	Touran I	1T	5	EU-VW-TOURAN-I-1T-MPV-EARLY-01	HIGH	商用厢式衍生版复用同代Touran车身外廓。	READY
17175_early	17175	MPV	Touran I	1T	5	EU-VW-TOURAN-I-1T-MPV-EARLY-01	HIGH	Ktype生产期跨越2006年外廓变化，按早期/改款物理外廓拆分。	READY
17175_facelift	17175	MPV	Touran I Facelift	1T2	5	EU-VW-TOURAN-I-1T2-MPV-FACELIFT-01	HIGH	Ktype生产期跨越2006年外廓变化，按早期/改款物理外廓拆分。	READY
52426	52426	MPV	Touran I Facelift 2010	1T3	5	EU-VW-TOURAN-I-1T3-MPV-FACELIFT-01	HIGH		READY
55494	55494	MPV	Touran I Facelift 2010	1T3	5	EU-VW-TOURAN-I-1T3-MPV-FACELIFT-01	HIGH		READY
55526	55526	MPV	Touran I Facelift 2010	1T3	5	EU-VW-TOURAN-I-1T3-MPV-FACELIFT-01	HIGH		READY
113151	113151	MPV	Touran II	5T	5	EU-VW-TOURAN-II-5T-MPV-STANDARD-01	HIGH		READY
117811	117811	MPV	Touran II	5T	5	EU-VW-TOURAN-II-5T-MPV-STANDARD-01	HIGH		READY
117884	117884	MPV	Touran II	5T	5	EU-VW-TOURAN-II-5T-MPV-STANDARD-01	HIGH		READY
142644	142644	Van	Touran I Facelift 2010	1T3	5	EU-VW-TOURAN-I-1T3-MPV-FACELIFT-01	HIGH	商用厢式衍生版复用同代Touran车身外廓。	READY
143050	143050	Van	Touran I Facelift 2010	1T3	5	EU-VW-TOURAN-I-1T3-MPV-FACELIFT-01	HIGH	商用厢式衍生版复用同代Touran车身外廓。	READY
143056_early	143056	Van	Touran I	1T	5	EU-VW-TOURAN-I-1T-MPV-EARLY-01	HIGH	Ktype生产期跨越2006年外廓变化，按早期/改款物理外廓拆分。	READY
143056_facelift	143056	Van	Touran I Facelift	1T2	5	EU-VW-TOURAN-I-1T2-MPV-FACELIFT-01	HIGH	Ktype生产期跨越2006年外廓变化，按早期/改款物理外廓拆分。	READY
145283	145283	MPV	Touran II	5T	5	EU-VW-TOURAN-II-5T-MPV-STANDARD-01	HIGH		READY
145284	145284	Van	Touran II	5T	5	EU-VW-TOURAN-II-5T-MPV-STANDARD-01	HIGH	商用厢式衍生版复用同代Touran车身外廓。	READY
145285	145285	Van	Touran II	5T	5	EU-VW-TOURAN-II-5T-MPV-STANDARD-01	HIGH	商用厢式衍生版复用同代Touran车身外廓。	READY
17770_early	17770	MPV	Touran I	1T	5	EU-VW-TOURAN-I-1T-MPV-EARLY-01	HIGH	Ktype生产期跨越2006年外廓变化，按早期/改款物理外廓拆分。	READY
17770_facelift	17770	MPV	Touran I Facelift	1T2	5	EU-VW-TOURAN-I-1T2-MPV-FACELIFT-01	HIGH	Ktype生产期跨越2006年外廓变化，按早期/改款物理外廓拆分。	READY
143051	143051	Van	Touran I	1T	5	EU-VW-TOURAN-I-1T-MPV-EARLY-01	HIGH	商用厢式衍生版复用同代Touran车身外廓。	READY
10691	10691	Van	Transporter T4 Facelift	T4		EU-VW-TRANSPORTER-T4-VAN-L1H1-FACELIFT-01	MEDIUM	采用标准L1H1量产外廓；Ktype未解析轴距/车顶分支。	READY
10272	10272	Van	Transporter T4 Facelift	T4		EU-VW-TRANSPORTER-T4-VAN-L1H1-FACELIFT-01	MEDIUM	采用标准L1H1量产外廓；Ktype未解析轴距/车顶分支。	READY
10273	10273	Van	Transporter T4 Facelift	T4		EU-VW-TRANSPORTER-T4-VAN-L1H1-FACELIFT-01	MEDIUM	采用标准L1H1量产外廓；Ktype未解析轴距/车顶分支。	READY
5962	5962	Van	Transporter T4 Facelift	T4		EU-VW-TRANSPORTER-T4-VAN-L1H1-FACELIFT-01	MEDIUM	采用标准L1H1量产外廓；Ktype未解析轴距/车顶分支。	READY
8772_early	8772	Van	Transporter T4	T4		EU-VW-TRANSPORTER-T4-VAN-L1H1-EARLY-01	MEDIUM	Ktype生产期跨越1996年外廓变化；按标准L1H1早期/改款外廓拆分。	READY
8772_facelift	8772	Van	Transporter T4 Facelift	T4		EU-VW-TRANSPORTER-T4-VAN-L1H1-FACELIFT-01	MEDIUM	Ktype生产期跨越1996年外廓变化；按标准L1H1早期/改款外廓拆分。	READY
14955	14955	Van	Transporter T4 Facelift	T4		EU-VW-TRANSPORTER-T4-VAN-L1H1-FACELIFT-01	MEDIUM	采用标准L1H1量产外廓；Ktype未解析轴距/车顶分支。	READY
11161	11161	Pickup	Transporter T1	T1		EU-VW-TRANSPORTER-T1-PICKUP-STANDARD-01	MEDIUM		READY
6060	6060	Van	Transporter T1	T1		EU-VW-TRANSPORTER-T1-VAN-STANDARD-01	MEDIUM		READY
11124	11124	Pickup	Transporter T1	T1		EU-VW-TRANSPORTER-T1-PICKUP-STANDARD-01	MEDIUM		READY
5954	5954	Van	Transporter T2	T2		EU-VW-TRANSPORTER-T2-VAN-BUS-EARLY-01	MEDIUM		READY
10590	10590	Pickup	Transporter T2	T2		EU-VW-TRANSPORTER-T2-PICKUP-STANDARD-01	MEDIUM	采用无可拆篷架的标准车身高度。	READY
10859	10859	Van	Transporter T2	T2		EU-VW-TRANSPORTER-T2-VAN-PANEL-STANDARD-01	MEDIUM		READY
10686	10686	Pickup	Transporter T3	T3		EU-VW-TRANSPORTER-T3-PICKUP-STANDARD-01	HIGH		READY
10687	10687	Pickup	Transporter T3	T3		EU-VW-TRANSPORTER-T3-PICKUP-STANDARD-01	HIGH		READY
11780	11780	Van	Transporter T3	T3		EU-VW-TRANSPORTER-T3-VAN-STANDARD-01	HIGH		READY
17953	17953	Van	Transporter T3	T3		EU-VW-TRANSPORTER-T3-VAN-STANDARD-01	HIGH		READY
17955	17955	Pickup	Transporter T3	T3		EU-VW-TRANSPORTER-T3-PICKUP-STANDARD-01	HIGH		READY
10946	10946	Pickup	Transporter T3	T3		EU-VW-TRANSPORTER-T3-PICKUP-STANDARD-01	HIGH		READY
10947	10947	Van	Transporter T3	T3		EU-VW-TRANSPORTER-T3-VAN-STANDARD-01	HIGH		READY
10959	10959	Pickup	Transporter T3	T3		EU-VW-TRANSPORTER-T3-PICKUP-STANDARD-01	HIGH		READY
10949	10949	Pickup	Transporter T3	T3		EU-VW-TRANSPORTER-T3-PICKUP-STANDARD-01	HIGH		READY
10950	10950	Van	Transporter T3	T3		EU-VW-TRANSPORTER-T3-VAN-STANDARD-01	HIGH		READY
8761	8761	Pickup	Transporter T4	T4		EU-VW-TRANSPORTER-T4-PICKUP-SWB-STANDARD-01	MEDIUM	采用标准SWB单排驾驶室外廓；Ktype未解析双排/LWB分支。	READY
8759	8759	Pickup	Transporter T4	T4		EU-VW-TRANSPORTER-T4-PICKUP-SWB-STANDARD-01	MEDIUM	采用标准SWB单排驾驶室外廓；Ktype未解析双排/LWB分支。	READY
8766	8766	Pickup	Transporter T4	T4		EU-VW-TRANSPORTER-T4-PICKUP-SWB-STANDARD-01	MEDIUM	采用标准SWB单排驾驶室外廓；Ktype未解析双排/LWB分支。	READY
8768	8768	Van	Transporter T4 Facelift	T4		EU-VW-TRANSPORTER-T4-VAN-L1H1-FACELIFT-01	MEDIUM	采用标准L1H1量产外廓；Ktype未解析轴距/车顶分支。	READY
57383	57383	Van	Transporter T4	T4		EU-VW-TRANSPORTER-T4-VAN-L1H1-EARLY-01	MEDIUM	采用标准L1H1量产外廓；Ktype未解析轴距/车顶分支。	READY
57385	57385	Pickup	Transporter T4	T4		EU-VW-TRANSPORTER-T4-PICKUP-SWB-STANDARD-01	MEDIUM	采用标准SWB单排驾驶室外廓；Ktype未解析双排/LWB分支。	READY
10689	10689	Van	Transporter T4 Facelift	T4		EU-VW-TRANSPORTER-T4-VAN-L1H1-FACELIFT-01	MEDIUM	采用标准L1H1量产外廓；Ktype未解析轴距/车顶分支。	READY
10690	10690	Pickup	Transporter T4	T4		EU-VW-TRANSPORTER-T4-PICKUP-SWB-STANDARD-01	MEDIUM	采用标准SWB单排驾驶室外廓；Ktype未解析双排/LWB分支。	READY
8770	8770	Pickup	Transporter T4	T4		EU-VW-TRANSPORTER-T4-PICKUP-SWB-STANDARD-01	MEDIUM	采用标准SWB单排驾驶室外廓；Ktype未解析双排/LWB分支。	READY
8760	8760	Pickup	Transporter T4	T4		EU-VW-TRANSPORTER-T4-PICKUP-SWB-STANDARD-01	MEDIUM	采用标准SWB单排驾驶室外廓；Ktype未解析双排/LWB分支。	READY
8767	8767	Pickup	Transporter T4	T4		EU-VW-TRANSPORTER-T4-PICKUP-SWB-STANDARD-01	MEDIUM	采用标准SWB单排驾驶室外廓；Ktype未解析双排/LWB分支。	READY
8769	8769	Van	Transporter T4 Facelift	T4		EU-VW-TRANSPORTER-T4-VAN-L1H1-FACELIFT-01	MEDIUM	采用标准L1H1量产外廓；Ktype未解析轴距/车顶分支。	READY
8773_early	8773	Van	Transporter T4	T4		EU-VW-TRANSPORTER-T4-VAN-L1H1-EARLY-01	MEDIUM	Ktype生产期跨越1996年外廓变化；按标准L1H1早期/改款外廓拆分。	READY
8773_facelift	8773	Van	Transporter T4 Facelift	T4		EU-VW-TRANSPORTER-T4-VAN-L1H1-FACELIFT-01	MEDIUM	Ktype生产期跨越1996年外廓变化；按标准L1H1早期/改款外廓拆分。	READY
8774	8774	Pickup	Transporter T4	T4		EU-VW-TRANSPORTER-T4-PICKUP-SWB-STANDARD-01	MEDIUM	采用标准SWB单排驾驶室外廓；Ktype未解析双排/LWB分支。	READY
14445	14445	Van	Transporter T4 Facelift	T4		EU-VW-TRANSPORTER-T4-VAN-L1H1-FACELIFT-01	MEDIUM	采用标准L1H1量产外廓；Ktype未解析轴距/车顶分支。	READY
14446	14446	Pickup	Transporter T4	T4		EU-VW-TRANSPORTER-T4-PICKUP-SWB-STANDARD-01	MEDIUM	采用标准SWB单排驾驶室外廓；Ktype未解析双排/LWB分支。	READY
18159	18159	Van	Transporter T4 Facelift	T4		EU-VW-TRANSPORTER-T4-VAN-L1H1-FACELIFT-01	MEDIUM	采用标准L1H1量产外廓；Ktype未解析轴距/车顶分支。	READY
10960_early	10960	Van	Transporter T4	T4		EU-VW-TRANSPORTER-T4-VAN-L1H1-EARLY-01	MEDIUM	Ktype生产期跨越1996年外廓变化；按标准L1H1早期/改款外廓拆分。	READY
10960_facelift	10960	Van	Transporter T4 Facelift	T4		EU-VW-TRANSPORTER-T4-VAN-L1H1-FACELIFT-01	MEDIUM	Ktype生产期跨越1996年外廓变化；按标准L1H1早期/改款外廓拆分。	READY
18160	18160	Pickup	Transporter T4	T4		EU-VW-TRANSPORTER-T4-PICKUP-SWB-STANDARD-01	MEDIUM	采用标准SWB单排驾驶室外廓；Ktype未解析双排/LWB分支。	READY
17361	17361	Pickup	Transporter T5	T5		EU-VW-TRANSPORTER-T5-PICKUP-SWB-CHASSIS-01	MEDIUM	采用标准SWB底盘驾驶室外廓；Ktype未解析驾驶室/货台分支。	READY
17367_prefl	17367	Van	Transporter T5	T5		EU-VW-TRANSPORTER-T5-VAN-L1H1-PREFACELIFT-01	MEDIUM	Ktype生产期跨越2009年外廓变化；按标准L1H1改款前/改款外廓拆分。	READY
17367_facelift	17367	Van	Transporter T5 Facelift	T5		EU-VW-TRANSPORTER-T5-VAN-L1H1-FACELIFT-01	MEDIUM	Ktype生产期跨越2009年外廓变化；按标准L1H1改款前/改款外廓拆分。	READY
17373_prefl	17373	Van	Transporter T5	T5		EU-VW-TRANSPORTER-T5-VAN-L1H1-PREFACELIFT-01	MEDIUM	Ktype生产期跨越2009年外廓变化；按标准L1H1改款前/改款外廓拆分。	READY
17373_facelift	17373	Van	Transporter T5 Facelift	T5		EU-VW-TRANSPORTER-T5-VAN-L1H1-FACELIFT-01	MEDIUM	Ktype生产期跨越2009年外廓变化；按标准L1H1改款前/改款外廓拆分。	READY
17357	17357	Pickup	Transporter T5	T5		EU-VW-TRANSPORTER-T5-PICKUP-SWB-CHASSIS-01	MEDIUM	采用标准SWB底盘驾驶室外廓；Ktype未解析驾驶室/货台分支。	READY
17358	17358	Pickup	Transporter T5	T5		EU-VW-TRANSPORTER-T5-PICKUP-SWB-CHASSIS-01	MEDIUM	采用标准SWB底盘驾驶室外廓；Ktype未解析驾驶室/货台分支。	READY
17363	17363	Van	Transporter T5	T5		EU-VW-TRANSPORTER-T5-VAN-L1H1-PREFACELIFT-01	MEDIUM	采用标准L1H1量产外廓；Ktype未解析轴距/车顶分支。	READY
17364	17364	Van	Transporter T5	T5		EU-VW-TRANSPORTER-T5-VAN-L1H1-PREFACELIFT-01	MEDIUM	采用标准L1H1量产外廓；Ktype未解析轴距/车顶分支。	READY
17369	17369	Van	Transporter T5	T5		EU-VW-TRANSPORTER-T5-VAN-L1H1-PREFACELIFT-01	MEDIUM	采用标准L1H1量产外廓；Ktype未解析轴距/车顶分支。	READY
17370	17370	Van	Transporter T5	T5		EU-VW-TRANSPORTER-T5-VAN-L1H1-PREFACELIFT-01	MEDIUM	采用标准L1H1量产外廓；Ktype未解析轴距/车顶分支。	READY
123561_prefl	123561	Van	Transporter T5	T5		EU-VW-TRANSPORTER-T5-VAN-L1H1-PREFACELIFT-01	MEDIUM	Ktype生产期跨越2009年外廓变化；按标准L1H1改款前/改款外廓拆分。	READY
123561_facelift	123561	Van	Transporter T5 Facelift	T5		EU-VW-TRANSPORTER-T5-VAN-L1H1-FACELIFT-01	MEDIUM	Ktype生产期跨越2009年外廓变化；按标准L1H1改款前/改款外廓拆分。	READY
15113	15113	Van	Transporter T5 Facelift	T5		EU-VW-TRANSPORTER-T5-VAN-L1H1-FACELIFT-01	MEDIUM	采用标准L1H1量产外廓；Ktype未解析轴距/车顶分支。	READY
55109	55109	Van	Transporter T5 Facelift	T5		EU-VW-TRANSPORTER-T5-VAN-L1H1-FACELIFT-01	MEDIUM	采用标准L1H1量产外廓；Ktype未解析轴距/车顶分支。	READY
55110	55110	Van	Transporter T5 Facelift	T5		EU-VW-TRANSPORTER-T5-VAN-L1H1-FACELIFT-01	MEDIUM	采用标准L1H1量产外廓；Ktype未解析轴距/车顶分支。	READY
55111	55111	Pickup	Transporter T5	T5		EU-VW-TRANSPORTER-T5-PICKUP-SWB-CHASSIS-01	MEDIUM	采用标准SWB底盘驾驶室外廓；Ktype未解析驾驶室/货台分支。	READY
17359	17359	Pickup	Transporter T5	T5		EU-VW-TRANSPORTER-T5-PICKUP-SWB-CHASSIS-01	MEDIUM	采用标准SWB底盘驾驶室外廓；Ktype未解析驾驶室/货台分支。	READY
17360	17360	Pickup	Transporter T5	T5		EU-VW-TRANSPORTER-T5-PICKUP-SWB-CHASSIS-01	MEDIUM	采用标准SWB底盘驾驶室外廓；Ktype未解析驾驶室/货台分支。	READY
17365	17365	Van	Transporter T5	T5		EU-VW-TRANSPORTER-T5-VAN-L1H1-PREFACELIFT-01	MEDIUM	采用标准L1H1量产外廓；Ktype未解析轴距/车顶分支。	READY
17366	17366	Van	Transporter T5	T5		EU-VW-TRANSPORTER-T5-VAN-L1H1-PREFACELIFT-01	MEDIUM	采用标准L1H1量产外廓；Ktype未解析轴距/车顶分支。	READY
17371	17371	Van	Transporter T5	T5		EU-VW-TRANSPORTER-T5-VAN-L1H1-PREFACELIFT-01	MEDIUM	采用标准L1H1量产外廓；Ktype未解析轴距/车顶分支。	READY
17372	17372	Van	Transporter T5	T5		EU-VW-TRANSPORTER-T5-VAN-L1H1-PREFACELIFT-01	MEDIUM	采用标准L1H1量产外廓；Ktype未解析轴距/车顶分支。	READY
18185	18185	Van	Transporter T5	T5		EU-VW-TRANSPORTER-T5-VAN-L1H1-PREFACELIFT-01	MEDIUM	采用标准L1H1量产外廓；Ktype未解析轴距/车顶分支。	READY
18186	18186	Van	Transporter T5	T5		EU-VW-TRANSPORTER-T5-VAN-L1H1-PREFACELIFT-01	MEDIUM	采用标准L1H1量产外廓；Ktype未解析轴距/车顶分支。	READY
18187	18187	Van	Transporter T5	T5		EU-VW-TRANSPORTER-T5-VAN-L1H1-PREFACELIFT-01	MEDIUM	采用标准L1H1量产外廓；Ktype未解析轴距/车顶分支。	READY
18188	18188	Van	Transporter T5	T5		EU-VW-TRANSPORTER-T5-VAN-L1H1-PREFACELIFT-01	MEDIUM	采用标准L1H1量产外廓；Ktype未解析轴距/车顶分支。	READY
18193	18193	Pickup	Transporter T5	T5		EU-VW-TRANSPORTER-T5-PICKUP-SWB-CHASSIS-01	MEDIUM	采用标准SWB底盘驾驶室外廓；Ktype未解析驾驶室/货台分支。	READY
17771	17771	Van	Transporter T5	T5		EU-VW-TRANSPORTER-T5-VAN-L1H1-PREFACELIFT-01	MEDIUM	采用标准L1H1量产外廓；Ktype未解析轴距/车顶分支。	READY
17772	17772	Van	T5			EU-VW-TRANSPORTER-T5-VAN-L1H1-PREFACELIFT-01	MEDIUM	轴距/车顶未明确，采用短轴低顶标准外廓	READY
17773	17773	Pickup	T5			EU-VW-TRANSPORTER-T5-PICKUP-SWB-CHASSIS-01	MEDIUM	驾驶室/货斗未明确，采用短轴单排座底盘外廓	READY
149757	149757	Pickup	T5			EU-VW-TRANSPORTER-T5-PICKUP-SWB-CHASSIS-01	MEDIUM	驾驶室/货斗未明确，采用短轴单排座底盘外廓	READY
114839	114839	Van	T6			EU-VW-TRANSPORTER-T6-VAN-L1H1-01	MEDIUM	轴距/车顶未明确，采用短轴普通顶标准外廓	READY
114840	114840	Pickup	T6			EU-VW-TRANSPORTER-T6-PICKUP-SWB-SINGLECAB-01	MEDIUM	驾驶室/货斗未明确，采用短轴单排座平台外廓	READY
114844	114844	Van	T6			EU-VW-TRANSPORTER-T6-VAN-L1H1-01	MEDIUM	轴距/车顶未明确，采用短轴普通顶标准外廓	READY
114845	114845	Pickup	T6			EU-VW-TRANSPORTER-T6-PICKUP-SWB-SINGLECAB-01	MEDIUM	驾驶室/货斗未明确，采用短轴单排座平台外廓	READY
114851	114851	Van	T6			EU-VW-TRANSPORTER-T6-VAN-L1H1-01	MEDIUM	轴距/车顶未明确，采用短轴普通顶标准外廓	READY
114855	114855	Pickup	T6			EU-VW-TRANSPORTER-T6-PICKUP-SWB-SINGLECAB-01	MEDIUM	驾驶室/货斗未明确，采用短轴单排座平台外廓	READY
114864	114864	Van	T6			EU-VW-TRANSPORTER-T6-VAN-L1H1-01	MEDIUM	轴距/车顶未明确，采用短轴普通顶标准外廓	READY
114866	114866	Pickup	T6			EU-VW-TRANSPORTER-T6-PICKUP-SWB-SINGLECAB-01	MEDIUM	驾驶室/货斗未明确，采用短轴单排座平台外廓	READY
114886	114886	Van	T6			EU-VW-TRANSPORTER-T6-VAN-L1H1-01	MEDIUM	轴距/车顶未明确，采用短轴普通顶标准外廓	READY
114894	114894	Van	T6			EU-VW-TRANSPORTER-T6-VAN-L1H1-01	MEDIUM	轴距/车顶未明确，采用短轴普通顶标准外廓	READY
117613	117613	Pickup	T6			EU-VW-TRANSPORTER-T6-PICKUP-SWB-SINGLECAB-01	MEDIUM	驾驶室/货斗未明确，采用短轴单排座平台外廓	READY
120813	120813	Van	T6			EU-VW-TRANSPORTER-T6-VAN-L1H1-01	MEDIUM	轴距/车顶未明确，采用短轴普通顶标准外廓	READY
120815	120815	Pickup	T6			EU-VW-TRANSPORTER-T6-PICKUP-SWB-SINGLECAB-01	MEDIUM	驾驶室/货斗未明确，采用短轴单排座平台外廓	READY
120822	120822	Pickup	T6			EU-VW-TRANSPORTER-T6-PICKUP-SWB-SINGLECAB-01	MEDIUM	驾驶室/货斗未明确，采用短轴单排座平台外廓	READY
114857	114857	Van	T6			EU-VW-TRANSPORTER-T6-VAN-L1H1-01	MEDIUM	轴距/车顶未明确，采用短轴普通顶标准外廓	READY
114858	114858	Pickup	T6			EU-VW-TRANSPORTER-T6-PICKUP-SWB-SINGLECAB-01	MEDIUM	驾驶室/货斗未明确，采用短轴单排座平台外廓	READY
114870	114870	Van	T6			EU-VW-TRANSPORTER-T6-VAN-L1H1-01	MEDIUM	轴距/车顶未明确，采用短轴普通顶标准外廓	READY
114871	114871	Pickup	T6			EU-VW-TRANSPORTER-T6-PICKUP-SWB-SINGLECAB-01	MEDIUM	驾驶室/货斗未明确，采用短轴单排座平台外廓	READY
114890	114890	Van	T6			EU-VW-TRANSPORTER-T6-VAN-L1H1-01	MEDIUM	轴距/车顶未明确，采用短轴普通顶标准外廓	READY
116204	116204	Van	T6			EU-VW-TRANSPORTER-T6-VAN-L1H1-01	MEDIUM	轴距/车顶未明确，采用短轴普通顶标准外廓	READY
120779	120779	Pickup	T6			EU-VW-TRANSPORTER-T6-PICKUP-SWB-SINGLECAB-01	MEDIUM	驾驶室/货斗未明确，采用短轴单排座平台外廓	READY
120823	120823	Pickup	T6			EU-VW-TRANSPORTER-T6-PICKUP-SWB-SINGLECAB-01	MEDIUM	驾驶室/货斗未明确，采用短轴单排座平台外廓	READY
114875	114875	Van	T6			EU-VW-TRANSPORTER-T6-VAN-L1H1-01	MEDIUM	轴距/车顶未明确，采用短轴普通顶标准外廓	READY
114881	114881	Van	T6			EU-VW-TRANSPORTER-T6-VAN-L1H1-01	MEDIUM	轴距/车顶未明确，采用短轴普通顶标准外廓	READY
114882	114882	Pickup	T6			EU-VW-TRANSPORTER-T6-PICKUP-SWB-SINGLECAB-01	MEDIUM	驾驶室/货斗未明确，采用短轴单排座平台外廓	READY
114878	114878	Van	T6			EU-VW-TRANSPORTER-T6-VAN-L1H1-01	MEDIUM	轴距/车顶未明确，采用短轴普通顶标准外廓	READY
114838	114838	MPV	T6			EU-VW-TRANSPORTER-T6-MPV-SWB-01	MEDIUM	轴距未明确，采用短轴标准客运外廓	READY
114842	114842	MPV	T6			EU-VW-TRANSPORTER-T6-MPV-SWB-01	MEDIUM	轴距未明确，采用短轴标准客运外廓	READY
114848	114848	MPV	T6			EU-VW-TRANSPORTER-T6-MPV-SWB-01	MEDIUM	轴距未明确，采用短轴标准客运外廓	READY
114861	114861	MPV	T6			EU-VW-TRANSPORTER-T6-MPV-SWB-01	MEDIUM	轴距未明确，采用短轴标准客运外廓	READY
114884	114884	MPV	T6			EU-VW-TRANSPORTER-T6-MPV-SWB-01	MEDIUM	轴距未明确，采用短轴标准客运外廓	READY
114892	114892	MPV	T6			EU-VW-TRANSPORTER-T6-MPV-SWB-01	MEDIUM	轴距未明确，采用短轴标准客运外廓	READY
120808	120808	MPV	T6			EU-VW-TRANSPORTER-T6-MPV-SWB-01	MEDIUM	轴距未明确，采用短轴标准客运外廓	READY
114856	114856	MPV	T6			EU-VW-TRANSPORTER-T6-MPV-SWB-01	MEDIUM	轴距未明确，采用短轴标准客运外廓	READY
114869	114869	MPV	T6			EU-VW-TRANSPORTER-T6-MPV-SWB-01	MEDIUM	轴距未明确，采用短轴标准客运外廓	READY
114889	114889	MPV	T6			EU-VW-TRANSPORTER-T6-MPV-SWB-01	MEDIUM	轴距未明确，采用短轴标准客运外廓	READY
116203	116203	MPV	T6			EU-VW-TRANSPORTER-T6-MPV-SWB-01	MEDIUM	轴距未明确，采用短轴标准客运外廓	READY
114874	114874	MPV	T6			EU-VW-TRANSPORTER-T6-MPV-SWB-01	MEDIUM	轴距未明确，采用短轴标准客运外廓	READY
114880	114880	MPV	T6			EU-VW-TRANSPORTER-T6-MPV-SWB-01	MEDIUM	轴距未明确，采用短轴标准客运外廓	READY
114877	114877	MPV	T6			EU-VW-TRANSPORTER-T6-MPV-SWB-01	MEDIUM	轴距未明确，采用短轴标准客运外廓	READY
801032	801032	Van	T7			EU-VW-TRANSPORTER-T7-VAN-L1H1-01	MEDIUM	轴距/车顶未明确，采用短轴普通顶标准外廓	READY
801033	801033	Van	T7			EU-VW-TRANSPORTER-T7-VAN-L1H1-01	MEDIUM	轴距/车顶未明确，采用短轴普通顶标准外廓	READY
801035	801035	Van	T7			EU-VW-TRANSPORTER-T7-VAN-L1H1-01	MEDIUM	轴距/车顶未明确，采用短轴普通顶标准外廓	READY
801109	801109	Pickup	T7			EU-VW-TRANSPORTER-T7-PICKUP-LWB-DOUBLECAB-DIESEL-01	MEDIUM	现款工厂Pritschenwagen采用长轴双排座平台外廓	READY
801110	801110	Pickup	T7			EU-VW-TRANSPORTER-T7-PICKUP-LWB-DOUBLECAB-DIESEL-01	MEDIUM	现款工厂Pritschenwagen采用长轴双排座平台外廓	READY
801034	801034	Van	T7			EU-VW-TRANSPORTER-T7-VAN-L1H1-01	MEDIUM	轴距/车顶未明确，采用短轴普通顶标准外廓	READY
801037	801037	Van	T7			EU-VW-TRANSPORTER-T7-VAN-L1H1-01	MEDIUM	轴距/车顶未明确，采用短轴普通顶标准外廓	READY
801111	801111	Pickup	T7			EU-VW-TRANSPORTER-T7-PICKUP-LWB-DOUBLECAB-DIESEL-01	MEDIUM	现款工厂Pritschenwagen采用长轴双排座平台外廓	READY
801259	801259	Van	T7			EU-VW-TRANSPORTER-T7-VAN-L1H1-01	MEDIUM	轴距/车顶未明确，采用短轴普通顶标准外廓	READY
801192	801192	Pickup	T7			EU-VW-TRANSPORTER-T7-PICKUP-LWB-DOUBLECAB-BEV-RWD-01	MEDIUM	现款工厂e-Pritschenwagen采用长轴双排座后驱平台外廓	READY
801193	801193	Pickup	T7			EU-VW-TRANSPORTER-T7-PICKUP-LWB-DOUBLECAB-BEV-RWD-01	MEDIUM	现款工厂e-Pritschenwagen采用长轴双排座后驱平台外廓	READY
801194	801194	Pickup	T7			EU-VW-TRANSPORTER-T7-PICKUP-LWB-DOUBLECAB-BEV-RWD-01	MEDIUM	现款工厂e-Pritschenwagen采用长轴双排座后驱平台外廓	READY
801198	801198	Van	T7			EU-VW-TRANSPORTER-T7-VAN-L1H1-01	MEDIUM	轴距/车顶未明确，采用短轴普通顶标准外廓	READY
801199	801199	Van	T7			EU-VW-TRANSPORTER-T7-VAN-L1H1-01	MEDIUM	轴距/车顶未明确，采用短轴普通顶标准外廓	READY
801200	801200	Van	T7			EU-VW-TRANSPORTER-T7-VAN-L1H1-01	MEDIUM	轴距/车顶未明确，采用短轴普通顶标准外廓	READY
801201	801201	Van	T7			EU-VW-TRANSPORTER-T7-VAN-L1H1-01	MEDIUM	轴距/车顶未明确，采用短轴普通顶标准外廓	READY
802773	802773	Van	T7			EU-VW-TRANSPORTER-T7-VAN-L1H1-01	MEDIUM	轴距/车顶未明确，采用短轴普通顶标准外廓	READY
802774	802774	Van	T7			EU-VW-TRANSPORTER-T7-VAN-L1H1-01	MEDIUM	轴距/车顶未明确，采用短轴普通顶标准外廓	READY
802775	802775	Van	T7			EU-VW-TRANSPORTER-T7-VAN-L1H1-01	MEDIUM	轴距/车顶未明确，采用短轴普通顶标准外廓	READY
802776	802776	Pickup	T7			EU-VW-TRANSPORTER-T7-PICKUP-LWB-DOUBLECAB-BEV-AWD-01	MEDIUM	现款工厂e-Pritschenwagen采用长轴双排座4MOTION平台外廓	READY
802777	802777	Pickup	T7			EU-VW-TRANSPORTER-T7-PICKUP-LWB-DOUBLECAB-BEV-AWD-01	MEDIUM	现款工厂e-Pritschenwagen采用长轴双排座4MOTION平台外廓	READY
802778	802778	Pickup	T7			EU-VW-TRANSPORTER-T7-PICKUP-LWB-DOUBLECAB-BEV-AWD-01	MEDIUM	现款工厂e-Pritschenwagen采用长轴双排座4MOTION平台外廓	READY
801027	801027	MPV	T7			EU-VW-TRANSPORTER-T7-MPV-SWB-01	MEDIUM	轴距未明确，采用短轴标准客运外廓	READY
801028	801028	MPV	T7			EU-VW-TRANSPORTER-T7-MPV-SWB-01	MEDIUM	轴距未明确，采用短轴标准客运外廓	READY
801030	801030	MPV	T7			EU-VW-TRANSPORTER-T7-MPV-SWB-01	MEDIUM	轴距未明确，采用短轴标准客运外廓	READY
801029	801029	MPV	T7			EU-VW-TRANSPORTER-T7-MPV-SWB-01	MEDIUM	轴距未明确，采用短轴标准客运外廓	READY
801031	801031	MPV	T7			EU-VW-TRANSPORTER-T7-MPV-SWB-01	MEDIUM	轴距未明确，采用短轴标准客运外廓	READY
801260	801260	MPV	T7			EU-VW-TRANSPORTER-T7-MPV-SWB-01	MEDIUM	轴距未明确，采用短轴标准客运外廓	READY
801195	801195	MPV	T7			EU-VW-TRANSPORTER-T7-MPV-SWB-01	MEDIUM	轴距未明确，采用短轴标准客运外廓	READY
801196	801196	MPV	T7			EU-VW-TRANSPORTER-T7-MPV-SWB-01	MEDIUM	轴距未明确，采用短轴标准客运外廓	READY
801197	801197	MPV	T7			EU-VW-TRANSPORTER-T7-MPV-SWB-01	MEDIUM	轴距未明确，采用短轴标准客运外廓	READY
802770	802770	MPV	T7			EU-VW-TRANSPORTER-T7-MPV-SWB-01	MEDIUM	轴距未明确，采用短轴标准客运外廓	READY
802771	802771	MPV	T7			EU-VW-TRANSPORTER-T7-MPV-SWB-01	MEDIUM	轴距未明确，采用短轴标准客运外廓	READY
802772	802772	MPV	T7			EU-VW-TRANSPORTER-T7-MPV-SWB-01	MEDIUM	轴距未明确，采用短轴标准客运外廓	READY
128495_prefl	128495	SUV	T-Roc I		5	EU-VW-T-ROC-I-SUV-PREFACELIFT-01	MEDIUM	Ktype覆盖2022改款前后，量产三维发生变化	READY
128495_facelift	128495	SUV	T-Roc I		5	EU-VW-T-ROC-I-SUV-FACELIFT-01	MEDIUM	Ktype覆盖2022改款前后，量产三维发生变化	READY
142911	142911	Convertible	T-Roc I Cabriolet		2	EU-VW-T-ROC-I-CONVERTIBLE-01	HIGH	改款未建立独立尺寸分支	READY
142912_prefl	142912	SUV	T-Roc I		5	EU-VW-T-ROC-I-SUV-PREFACELIFT-01	MEDIUM	Ktype覆盖2022改款前后，量产三维发生变化	READY
142912_facelift	142912	SUV	T-Roc I		5	EU-VW-T-ROC-I-SUV-FACELIFT-01	MEDIUM	Ktype覆盖2022改款前后，量产三维发生变化	READY
162542	162542	SUV	T-Roc II		5	EU-VW-T-ROC-II-SUV-01	HIGH		READY
162543	162543	SUV	T-Roc II		5	EU-VW-T-ROC-II-SUV-01	HIGH		READY
143481_prefl	143481	SUV	T-Roc I		5	EU-VW-T-ROC-I-SUV-PREFACELIFT-01	MEDIUM	Ktype覆盖2022改款前后，量产三维发生变化	READY
143481_facelift	143481	SUV	T-Roc I		5	EU-VW-T-ROC-I-SUV-FACELIFT-01	MEDIUM	Ktype覆盖2022改款前后，量产三维发生变化	READY
128493_prefl	128493	SUV	T-Roc I		5	EU-VW-T-ROC-I-SUV-PREFACELIFT-01	MEDIUM	Ktype覆盖2022改款前后，量产三维发生变化	READY
128493_facelift	128493	SUV	T-Roc I		5	EU-VW-T-ROC-I-SUV-FACELIFT-01	MEDIUM	Ktype覆盖2022改款前后，量产三维发生变化	READY
801573_prefl	801573	SUV	T-Roc I		5	EU-VW-T-ROC-I-SUV-PREFACELIFT-01	MEDIUM	Ktype覆盖2022改款前后，量产三维发生变化	READY
801573_facelift	801573	SUV	T-Roc I		5	EU-VW-T-ROC-I-SUV-FACELIFT-01	MEDIUM	Ktype覆盖2022改款前后，量产三维发生变化	READY
11816_prefl	11816	Hatchback	Up! (AA)			EU-VW-UP-AA-HATCHBACK-PREFACELIFT-01	MEDIUM	Ktype覆盖2016改款前后；门数未明确，采用五门车身宽度	READY
11816_facelift	11816	Hatchback	Up! (AA)			EU-VW-UP-AA-HATCHBACK-FACELIFT-01	MEDIUM	Ktype覆盖2016改款前后；门数未明确，采用五门车身宽度	READY
11817_prefl	11817	Hatchback	Up! (AA)			EU-VW-UP-AA-HATCHBACK-PREFACELIFT-01	MEDIUM	Ktype覆盖2016改款前后；门数未明确，采用五门车身宽度	READY
11817_facelift	11817	Hatchback	Up! (AA)			EU-VW-UP-AA-HATCHBACK-FACELIFT-01	MEDIUM	Ktype覆盖2016改款前后；门数未明确，采用五门车身宽度	READY
57513_prefl	57513	Hatchback	Up! (AA)			EU-VW-UP-AA-HATCHBACK-PREFACELIFT-01	MEDIUM	Ktype覆盖2016改款前后；门数未明确，采用五门车身宽度	READY
57513_facelift	57513	Hatchback	Up! (AA)			EU-VW-UP-AA-HATCHBACK-FACELIFT-01	MEDIUM	Ktype覆盖2016改款前后；门数未明确，采用五门车身宽度	READY
120717	120717	Hatchback	Up! (AA) facelift			EU-VW-UP-AA-HATCHBACK-FACELIFT-01	MEDIUM	门数未明确，采用五门车身宽度	READY
100080_prefl	100080	Hatchback	e-Up! (AA)			EU-VW-UP-AA-HATCHBACK-ELECTRIC-PREFACELIFT-01	MEDIUM	Ktype覆盖2016电动车改款前后	READY
100080_facelift	100080	Hatchback	e-Up! (AA)			EU-VW-UP-AA-HATCHBACK-ELECTRIC-FACELIFT-01	MEDIUM	Ktype覆盖2016电动车改款前后	READY
5718	5718	Sedan	Vento (1H)		4	EU-VW-VENTO-1H-SEDAN-01	HIGH		READY
108127	108127	Coupe	XL1		2	EU-VW-XL1-COUPE-01	HIGH		READY
158034	158034	SUV	WEY 05		5	EU-WEY-05-SUV-01	HIGH	WEY 5为WEY 05欧规命名	READY
152734	152734	SUV	Coffee 01 / WEY 05		5	EU-WEY-05-SUV-01	HIGH	Coffee 01与WEY 05为同一欧规物理车身	READY
152746	152746	SUV	Coffee 02		5	EU-WEY-COFFEE-02-SUV-01	HIGH		READY
152747	152747	SUV	Coffee 02		5	EU-WEY-COFFEE-02-SUV-01	HIGH		READY
10075	10075	Coupe	GT MF5		2	EU-WIESMANN-GT-MF5-COUPE-01	HIGH		READY
10077	10077	Coupe	GT MF5		2	EU-WIESMANN-GT-MF5-COUPE-01	HIGH		READY
13367	13367	Convertible	MF3 Roadster		2	EU-WIESMANN-MF3-CONVERTIBLE-01	HIGH		READY
17889	17889	Convertible	MF3 Roadster		2	EU-WIESMANN-MF3-CONVERTIBLE-01	HIGH		READY
13368	13368	Convertible	MF3		2	EU-WIESMANN-MF3-GEN1-CONVERTIBLE-STD-01	HIGH		READY
17888	17888	Convertible	MF3		2	EU-WIESMANN-MF3-GEN1-CONVERTIBLE-STD-01	HIGH		READY
124747	124747	Convertible	MF3		2	EU-WIESMANN-MF3-GEN1-CONVERTIBLE-STD-01	HIGH		READY
10074	10074	Convertible	MF4		2	EU-WIESMANN-MF4-GEN1-CONVERTIBLE-STD-01	HIGH		READY
10076	10076	Convertible	MF5		2	EU-WIESMANN-MF5-GEN1-CONVERTIBLE-STD-01	HIGH		READY
110276	110276	Convertible	MF5		2	EU-WIESMANN-MF5-GEN1-CONVERTIBLE-STD-01	HIGH		READY
146228	146228	MPV	XBUS			EU-XBUS-XBUS-GEN1-MPV-PASSENGER-01	MEDIUM	Passenger module selected from input BodyStyle.	READY
146226	146226	Pickup	XBUS			EU-XBUS-XBUS-GEN1-PICKUP-FLATBED-01	MEDIUM	Flatbed/chassis module selected from input BodyStyle.	READY
146227	146227	Van	XBUS			EU-XBUS-XBUS-GEN1-VAN-CARGO-01	MEDIUM	Cargo van module selected from input BodyStyle.	READY
148107	148107	Hatchback	YOYO		2	EU-XEV-YOYO-GEN1-HATCHBACK-STD-01	HIGH		READY
146029	146029	SUV	G3i 2021		5	EU-XPENG-G3I-2021-SUV-STD-01	HIGH		READY
800228	800228	SUV	G6		5	EU-XPENG-G6-GEN1-SUV-STD-01	HIGH		READY
800259	800259	SUV	G6		5	EU-XPENG-G6-GEN1-SUV-STD-01	HIGH		READY
800260	800260	SUV	G6		5	EU-XPENG-G6-GEN1-SUV-STD-01	HIGH		READY
155404	155404	SUV	G6		5	EU-XPENG-G6-GEN1-SUV-STD-01	HIGH		READY
800715	800715	SUV	G6		5	EU-XPENG-G6-GEN1-SUV-STD-01	HIGH		READY
150157	150157	SUV	G9		5	EU-XPENG-G9-GEN1-SUV-RWD-01	HIGH		READY
801587	801587	SUV	G9		5	EU-XPENG-G9-GEN1-SUV-RWD-01	HIGH		READY
150158	150158	SUV	G9		5	EU-XPENG-G9-GEN1-SUV-AWD-01	HIGH		READY
801588	801588	SUV	G9		5	EU-XPENG-G9-GEN1-SUV-AWD-01	HIGH		READY
152822	152822	Sedan	P7 2023		4	EU-XPENG-P7-2023-SEDAN-STD-01	HIGH		READY
152823	152823	Sedan	P7 2023		4	EU-XPENG-P7-2023-SEDAN-STD-01	HIGH		READY
164016	164016	Hatchback	P7+		5	EU-XPENG-P7PLUS-GEN1-HATCHBACK-STD-01	HIGH		READY
164518	164518	Hatchback	YOOUDOOO 1			EU-YUDO-1-GEN1-HATCHBACK-STD-01	MEDIUM		READY
161664	161664	SUV	YOOUDOOO 2		5	EU-YUDO-2-GEN1-SUV-STD-01	MEDIUM		READY
161665	161665	SUV	YOOUDOOO 2		5	EU-YUDO-2-GEN1-SUV-STD-01	MEDIUM		READY
164512	164512	SUV	YOOUDOOO 2		5	EU-YUDO-2-GEN1-SUV-STD-01	MEDIUM		READY
164516	164516	SUV	YOOUDOOO 3 MAX		5	EU-YUDO-3MAX-GEN1-SUV-STD-01	MEDIUM		READY
161669	161669	Sedan	YOOUDOOO 4		4	EU-YUDO-4-GEN1-SEDAN-STD-01	MEDIUM		READY
164417	164417	SUV	YOOUDOOO 6 (BAW 212)		5	EU-YUDO-6-BAW212-SUV-ADVENTURER-01	MEDIUM	Standard Adventurer body selected; Navigator trim not asserted for this Ktype.	READY
152687	152687	SUV	Yuntu		5	EU-YUDO-YUNTU-GEN1-SUV-STD-01	HIGH		READY
50850	50850	Hatchback	Yugo Koral		3	EU-ZASTAVA-KORAL-GEN1-HATCHBACK-STD-01	HIGH		READY
50852	50852	Hatchback	Yugo Koral		3	EU-ZASTAVA-KORAL-GEN1-HATCHBACK-STD-01	HIGH		READY
11129	11129	Hatchback	1102 Tavria	1102	3	EU-ZAZ-TAVRIA-1102-HATCHBACK-STD-01	HIGH		READY
123577	123577	Hatchback	D2S		3	EU-ZD-D2S-GEN1-HATCHBACK-STD-01	MEDIUM	Minor published length variance treated as one homologated body.	READY
154987	154987	Hatchback	D2S		3	EU-ZD-D2S-GEN1-HATCHBACK-STD-01	MEDIUM	Minor published length variance treated as one homologated body.	READY
154989	154989	Hatchback	D2S		3	EU-ZD-D2S-GEN1-HATCHBACK-STD-01	MEDIUM	Minor published length variance treated as one homologated body.	READY
144844	144844	Hatchback	001		5	EU-ZEEKR-001-GEN1-HATCHBACK-STD-01	HIGH		READY
144846	144846	Hatchback	001		5	EU-ZEEKR-001-GEN1-HATCHBACK-STD-01	MEDIUM	Standard-height body used; air-suspension trim not asserted for this Ktype.	READY
161373	161373	Wagon	007 GT		5	EU-ZEEKR-7GT-GEN1-WAGON-STD-01	HIGH		READY
161374	161374	Wagon	007 GT		5	EU-ZEEKR-7GT-GEN1-WAGON-STD-01	HIGH		READY
159812	159812	SUV	7X		5	EU-ZEEKR-7X-GEN1-SUV-STD-01	MEDIUM	Standard-height body used; lower-height trim not asserted for this Ktype.	READY
159813	159813	SUV	7X		5	EU-ZEEKR-7X-GEN1-SUV-STD-01	MEDIUM	Standard-height body used; lower-height trim not asserted for this Ktype.	READY
160480	160480	SUV	7X		5	EU-ZEEKR-7X-GEN1-SUV-STD-01	MEDIUM	Standard-height body used; lower-height trim not asserted for this Ktype.	READY
153586	153586	SUV	X		5	EU-ZEEKR-X-GEN1-SUV-STD-01	HIGH		READY
153587	153587	SUV	X		5	EU-ZEEKR-X-GEN1-SUV-STD-01	HIGH		READY
801849	801849	Coupe	ST1		2	EU-ZENVO-ST1-GEN1-COUPE-STD-01	HIGH		READY
115525	115525	Hatchback	Janus 250		2	EU-ZUENDAPP-JANUS-250-HATCHBACK-STD-01	MEDIUM		READY
14019_l1h1	14019	Van	Trafic I Phase II	TXX	4	EU-RENAULT-TRAFIC-I-TXX-L1H1-01	HIGH	L1H1短轴低顶物理外廓。	READY
14019_l1h2	14019	Van	Trafic I Phase II	TXX	4	EU-RENAULT-TRAFIC-I-TXX-L1H2-01	HIGH	L1H2短轴高顶物理外廓。	READY
14019_l2h2	14019	Van	Trafic I Phase II	TXX	4	EU-RENAULT-TRAFIC-I-TXX-L2H2-01	HIGH	L2H2长轴高顶物理外廓。	READY
14013_l1h1	14013	Van	Trafic I Phase I	T4	4	EU-RENAULT-TRAFIC-I-T4-4X4-L1H1-01	HIGH	T4四驱短轴低顶物理外廓。	READY
14013_l1h2	14013	Van	Trafic I Phase I	T4	4	EU-RENAULT-TRAFIC-I-T4-4X4-L1H2-01	HIGH	T4四驱短轴高顶物理外廓。	READY
14014	14014	MPV	Trafic I Phase I			EU-RENAULT-TRAFIC-I-T4-4X4-L1H1-01	MEDIUM	T5/T6/T7四驱Bus共用短轴低顶外廓；单一BodyCode无法确定。	READY
11250_l1h1	11250	Van	Trafic I Phase III	TXX	4	EU-RENAULT-TRAFIC-I-TXX-L1H1-01	HIGH	L1H1短轴低顶物理外廓。	READY
11250_l1h2	11250	Van	Trafic I Phase III	TXX	4	EU-RENAULT-TRAFIC-I-TXX-L1H2-01	HIGH	L1H2短轴高顶物理外廓。	READY
11250_l2h2	11250	Van	Trafic I Phase III	TXX	4	EU-RENAULT-TRAFIC-I-TXX-L2H2-01	HIGH	L2H2长轴高顶物理外廓。	READY
15598	15598	MPV	Trafic I Phase III	TXW		EU-RENAULT-TRAFIC-I-TXX-L1H1-01	HIGH	TXW短轴低顶Bus外廓。	READY
14570	14570	MPV	Trafic I Phase II	TXW		EU-RENAULT-TRAFIC-I-TXW-4X4-L1H1-01	HIGH	TXW四驱短轴低顶Bus外廓。	READY
15713_l1h1	15713	MPV	Trafic II Phase I	JL		EU-RENAULT-TRAFIC-II-X83-PASSENGER-L1H1-01	HIGH	L1H1短轴低顶乘员车外廓。	READY
15713_l2h1	15713	MPV	Trafic II Phase I	JL		EU-RENAULT-TRAFIC-II-X83-PASSENGER-L2H1-01	HIGH	L2H1长轴低顶乘员车外廓。	READY
15714_l1h1	15714	Van	Trafic II Phase I	FL		EU-RENAULT-TRAFIC-II-X83-VAN-L1H1-01	HIGH	L1H1短轴低顶厢式车外廓。	READY
15714_l1h2	15714	Van	Trafic II Phase I	FL		EU-RENAULT-TRAFIC-II-X83-VAN-L1H2-01	HIGH	L1H2短轴高顶厢式车外廓。	READY
15714_l2h1	15714	Van	Trafic II Phase I	FL		EU-RENAULT-TRAFIC-II-X83-VAN-L2H1-01	HIGH	L2H1长轴低顶厢式车外廓。	READY
15714_l2h2	15714	Van	Trafic II Phase I	FL		EU-RENAULT-TRAFIC-II-X83-VAN-L2H2-01	HIGH	L2H2长轴高顶厢式车外廓。	READY
15712_l1h1	15712	MPV	Trafic II Phase I	JL		EU-RENAULT-TRAFIC-II-X83-PASSENGER-L1H1-01	HIGH	L1H1短轴低顶乘员车外廓。	READY
15712_l2h1	15712	MPV	Trafic II Phase I	JL		EU-RENAULT-TRAFIC-II-X83-PASSENGER-L2H1-01	HIGH	L2H1长轴低顶乘员车外廓。	READY
15716_l1h1	15716	Van	Trafic II Phase I	FL		EU-RENAULT-TRAFIC-II-X83-VAN-L1H1-01	HIGH	L1H1短轴低顶厢式车外廓。	READY
15716_l1h2	15716	Van	Trafic II Phase I	FL		EU-RENAULT-TRAFIC-II-X83-VAN-L1H2-01	HIGH	L1H2短轴高顶厢式车外廓。	READY
15716_l2h1	15716	Van	Trafic II Phase I	FL		EU-RENAULT-TRAFIC-II-X83-VAN-L2H1-01	HIGH	L2H1长轴低顶厢式车外廓。	READY
15716_l2h2	15716	Van	Trafic II Phase I	FL		EU-RENAULT-TRAFIC-II-X83-VAN-L2H2-01	HIGH	L2H2长轴高顶厢式车外廓。	READY
15711_l1h1	15711	MPV	Trafic II Phase I	JL		EU-RENAULT-TRAFIC-II-X83-PASSENGER-L1H1-01	HIGH	L1H1短轴低顶乘员车外廓。	READY
15711_l2h1	15711	MPV	Trafic II Phase I	JL		EU-RENAULT-TRAFIC-II-X83-PASSENGER-L2H1-01	HIGH	L2H1长轴低顶乘员车外廓。	READY
15715_l1h1	15715	Van	Trafic II Phase I	FL		EU-RENAULT-TRAFIC-II-X83-VAN-L1H1-01	HIGH	L1H1短轴低顶厢式车外廓。	READY
15715_l1h2	15715	Van	Trafic II Phase I	FL		EU-RENAULT-TRAFIC-II-X83-VAN-L1H2-01	HIGH	L1H2短轴高顶厢式车外廓。	READY
15715_l2h1	15715	Van	Trafic II Phase I	FL		EU-RENAULT-TRAFIC-II-X83-VAN-L2H1-01	HIGH	L2H1长轴低顶厢式车外廓。	READY
15715_l2h2	15715	Van	Trafic II Phase I	FL		EU-RENAULT-TRAFIC-II-X83-VAN-L2H2-01	HIGH	L2H2长轴高顶厢式车外廓。	READY
110695	110695	Pickup	Trafic II Phase II	EL0L		EU-RENAULT-TRAFIC-II-X83-PLATFORM-L2H1-01	HIGH	EL0L长轴低顶平台驾驶室外廓。	READY
17335_l1h1	17335	Van	Trafic II Phase I	FL		EU-RENAULT-TRAFIC-II-X83-VAN-L1H1-01	HIGH	L1H1短轴低顶厢式车外廓。	READY
17335_l1h2	17335	Van	Trafic II Phase I	FL		EU-RENAULT-TRAFIC-II-X83-VAN-L1H2-01	HIGH	L1H2短轴高顶厢式车外廓。	READY
17335_l2h1	17335	Van	Trafic II Phase I	FL		EU-RENAULT-TRAFIC-II-X83-VAN-L2H1-01	HIGH	L2H1长轴低顶厢式车外廓。	READY
17335_l2h2	17335	Van	Trafic II Phase I	FL		EU-RENAULT-TRAFIC-II-X83-VAN-L2H2-01	HIGH	L2H2长轴高顶厢式车外廓。	READY
17511_l1h1	17511	MPV	Trafic II Phase I	JL		EU-RENAULT-TRAFIC-II-X83-PASSENGER-L1H1-01	HIGH	L1H1短轴低顶乘员车外廓。	READY
17511_l2h1	17511	MPV	Trafic II Phase I	JL		EU-RENAULT-TRAFIC-II-X83-PASSENGER-L2H1-01	HIGH	L2H1长轴低顶乘员车外廓。	READY
105905_l1h1	105905	Van	Trafic III	X82		EU-RENAULT-TRAFIC-III-X82-L1H1-01	HIGH	L1H1短轴低顶物理外廓。	READY
105905_l2h1	105905	Van	Trafic III	X82		EU-RENAULT-TRAFIC-III-X82-L2H1-01	HIGH	L2H1长轴低顶物理外廓。	READY
107531_l1h1	107531	MPV	Trafic III	X82		EU-RENAULT-TRAFIC-III-X82-L1H1-01	HIGH	L1H1短轴低顶乘员车外廓。	READY
107531_l2h1	107531	MPV	Trafic III	X82		EU-RENAULT-TRAFIC-III-X82-L2H1-01	HIGH	L2H1长轴低顶乘员车外廓。	READY
105906_l1h1	105906	Van	Trafic III	X82		EU-RENAULT-TRAFIC-III-X82-L1H1-01	HIGH	L1H1短轴低顶物理外廓。	READY
105906_l1h2	105906	Van	Trafic III	X82		EU-RENAULT-TRAFIC-III-X82-L1H2-01	HIGH	L1H2短轴高顶物理外廓。	READY
105906_l2h1	105906	Van	Trafic III	X82		EU-RENAULT-TRAFIC-III-X82-L2H1-01	HIGH	L2H1长轴低顶物理外廓。	READY
105906_l2h2	105906	Van	Trafic III	X82		EU-RENAULT-TRAFIC-III-X82-L2H2-01	HIGH	L2H2长轴高顶物理外廓。	READY
107532_l1h1	107532	MPV	Trafic III	X82		EU-RENAULT-TRAFIC-III-X82-L1H1-01	HIGH	L1H1短轴低顶乘员车外廓。	READY
107532_l2h1	107532	MPV	Trafic III	X82		EU-RENAULT-TRAFIC-III-X82-L2H1-01	HIGH	L2H1长轴低顶乘员车外廓。	READY
127205	127205	Pickup	Trafic III	EGMB		EU-RENAULT-TRAFIC-III-X82-PLATFORM-L2H1-01	HIGH	EGMB长轴低顶平台驾驶室外廓。	READY
115519_l1h1	115519	MPV	Trafic III	X82		EU-RENAULT-TRAFIC-III-X82-L1H1-01	HIGH	L1H1短轴低顶乘员车外廓。	READY
115519_l2h1	115519	MPV	Trafic III	X82		EU-RENAULT-TRAFIC-III-X82-L2H1-01	HIGH	L2H1长轴低顶乘员车外廓。	READY
120239_l1h1	120239	Van	Trafic III	X82		EU-RENAULT-TRAFIC-III-X82-L1H1-01	HIGH	L1H1短轴低顶物理外廓。	READY
120239_l1h2	120239	Van	Trafic III	X82		EU-RENAULT-TRAFIC-III-X82-L1H2-01	HIGH	L1H2短轴高顶物理外廓。	READY
120239_l2h1	120239	Van	Trafic III	X82		EU-RENAULT-TRAFIC-III-X82-L2H1-01	HIGH	L2H1长轴低顶物理外廓。	READY
120239_l2h2	120239	Van	Trafic III	X82		EU-RENAULT-TRAFIC-III-X82-L2H2-01	HIGH	L2H2长轴高顶物理外廓。	READY
121651	121651	Pickup	Trafic III	EGMH		EU-RENAULT-TRAFIC-III-X82-PLATFORM-L2H1-01	HIGH	EGMH长轴低顶平台驾驶室外廓。	READY
105907_l1h1	105907	Van	Trafic III	X82		EU-RENAULT-TRAFIC-III-X82-L1H1-01	HIGH	L1H1短轴低顶物理外廓。	READY
105907_l1h2	105907	Van	Trafic III	X82		EU-RENAULT-TRAFIC-III-X82-L1H2-01	HIGH	L1H2短轴高顶物理外廓。	READY
105907_l2h1	105907	Van	Trafic III	X82		EU-RENAULT-TRAFIC-III-X82-L2H1-01	HIGH	L2H1长轴低顶物理外廓。	READY
105907_l2h2	105907	Van	Trafic III	X82		EU-RENAULT-TRAFIC-III-X82-L2H2-01	HIGH	L2H2长轴高顶物理外廓。	READY
107533_l1h1	107533	MPV	Trafic III	X82		EU-RENAULT-TRAFIC-III-X82-L1H1-01	HIGH	L1H1短轴低顶乘员车外廓。	READY
107533_l2h1	107533	MPV	Trafic III	X82		EU-RENAULT-TRAFIC-III-X82-L2H1-01	HIGH	L2H1长轴低顶乘员车外廓。	READY
127206	127206	Pickup	Trafic III	EGMA		EU-RENAULT-TRAFIC-III-X82-PLATFORM-L2H1-01	HIGH	EGMA长轴低顶平台驾驶室外廓。	READY
115520_l1h1	115520	MPV	Trafic III	X82		EU-RENAULT-TRAFIC-III-X82-L1H1-01	HIGH	L1H1短轴低顶乘员车外廓。	READY
115520_l2h1	115520	MPV	Trafic III	X82		EU-RENAULT-TRAFIC-III-X82-L2H1-01	HIGH	L2H1长轴低顶乘员车外廓。	READY
120241_l1h1	120241	Van	Trafic III	X82		EU-RENAULT-TRAFIC-III-X82-L1H1-01	HIGH	L1H1短轴低顶物理外廓。	READY
120241_l1h2	120241	Van	Trafic III	X82		EU-RENAULT-TRAFIC-III-X82-L1H2-01	HIGH	L1H2短轴高顶物理外廓。	READY
120241_l2h1	120241	Van	Trafic III	X82		EU-RENAULT-TRAFIC-III-X82-L2H1-01	HIGH	L2H1长轴低顶物理外廓。	READY
120241_l2h2	120241	Van	Trafic III	X82		EU-RENAULT-TRAFIC-III-X82-L2H2-01	HIGH	L2H2长轴高顶物理外廓。	READY
121652	121652	Pickup	Trafic III	EGMG		EU-RENAULT-TRAFIC-III-X82-PLATFORM-L2H1-01	HIGH	EGMG长轴低顶平台驾驶室外廓。	READY
105904	105904	Van	Trafic III	X82		EU-RENAULT-TRAFIC-III-X82-L1H1-01	HIGH	L1H1短轴低顶物理外廓。	READY
107530_l1h1	107530	MPV	Trafic III	X82		EU-RENAULT-TRAFIC-III-X82-L1H1-01	HIGH	L1H1短轴低顶乘员车外廓。	READY
107530_l2h1	107530	MPV	Trafic III	X82		EU-RENAULT-TRAFIC-III-X82-L2H1-01	HIGH	L2H1长轴低顶乘员车外廓。	READY
115506_l1h1	115506	MPV	Trafic III	X82		EU-RENAULT-TRAFIC-III-X82-L1H1-01	HIGH	L1H1短轴低顶乘员车外廓。	READY
115506_l2h1	115506	MPV	Trafic III	X82		EU-RENAULT-TRAFIC-III-X82-L2H1-01	HIGH	L2H1长轴低顶乘员车外廓。	READY
120237_l1h1	120237	Van	Trafic III	X82		EU-RENAULT-TRAFIC-III-X82-L1H1-01	HIGH	L1H1短轴低顶物理外廓。	READY
120237_l2h1	120237	Van	Trafic III	X82		EU-RENAULT-TRAFIC-III-X82-L2H1-01	HIGH	L2H1长轴低顶物理外廓。	READY
145045_l1h1	145045	MPV	Trafic III Phase II	X82		EU-RENAULT-TRAFIC-III-X82-PH2-PASSENGER-L1H1-01	HIGH	L1H1短轴低顶乘员车外廓。	READY
145045_l2h1	145045	MPV	Trafic III Phase II	X82		EU-RENAULT-TRAFIC-III-X82-PH2-PASSENGER-L2H1-01	HIGH	L2H1长轴低顶乘员车外廓。	READY
145524_l1h1	145524	Van	Trafic III Phase II	X82		EU-RENAULT-TRAFIC-III-X82-PH2-VAN-L1H1-01	HIGH	L1H1短轴低顶厢式车外廓。	READY
145524_l2h1	145524	Van	Trafic III Phase II	X82		EU-RENAULT-TRAFIC-III-X82-PH2-VAN-L2H1-01	HIGH	L2H1长轴低顶厢式车外廓。	READY
145525_l1h1	145525	Van	Trafic III Phase II	X82		EU-RENAULT-TRAFIC-III-X82-PH2-VAN-L1H1-01	HIGH	L1H1短轴低顶厢式车外廓。	READY
145525_l2h1	145525	Van	Trafic III Phase II	X82		EU-RENAULT-TRAFIC-III-X82-PH2-VAN-L2H1-01	HIGH	L2H1长轴低顶厢式车外廓。	READY
144927_l1h1	144927	MPV	Trafic III Phase II	X82		EU-RENAULT-TRAFIC-III-X82-PH2-PASSENGER-L1H1-01	HIGH	L1H1短轴低顶乘员车外廓。	READY
144927_l2h1	144927	MPV	Trafic III Phase II	X82		EU-RENAULT-TRAFIC-III-X82-PH2-PASSENGER-L2H1-01	HIGH	L2H1长轴低顶乘员车外廓。	READY
145526_l1h1	145526	Van	Trafic III Phase II	X82		EU-RENAULT-TRAFIC-III-X82-PH2-VAN-L1H1-01	HIGH	L1H1短轴低顶厢式车外廓。	READY
145526_l1h2	145526	Van	Trafic III Phase II	X82		EU-RENAULT-TRAFIC-III-X82-PH2-VAN-L1H2-01	HIGH	L1H2短轴高顶厢式车外廓。	READY
145526_l2h1	145526	Van	Trafic III Phase II	X82		EU-RENAULT-TRAFIC-III-X82-PH2-VAN-L2H1-01	HIGH	L2H1长轴低顶厢式车外廓。	READY
145526_l2h2	145526	Van	Trafic III Phase II	X82		EU-RENAULT-TRAFIC-III-X82-PH2-VAN-L2H2-01	HIGH	L2H2长轴高顶厢式车外廓。	READY
150673	150673	Pickup	Trafic III Phase II	EGMU		EU-RENAULT-TRAFIC-III-X82-PH2-PLATFORM-L2H1-01	HIGH	EGMU改款后长轴平台驾驶室外廓。	READY
155339_l1h1	155339	Van	Trafic III Phase II	X82		EU-RENAULT-TRAFIC-III-X82-PH2-VAN-L1H1-01	HIGH	L1H1短轴低顶纯电厢式车外廓。	READY
155339_l2h1	155339	Van	Trafic III Phase II	X82		EU-RENAULT-TRAFIC-III-X82-PH2-VAN-L2H1-01	HIGH	L2H1长轴低顶纯电厢式车外廓。	READY
155339_l2h2	155339	Van	Trafic III Phase II	X82		EU-RENAULT-TRAFIC-III-X82-PH2-VAN-L2H2-01	HIGH	L2H2长轴高顶纯电厢式车外廓。	READY
155340	155340	Pickup	Trafic III Phase II	EGJA		EU-RENAULT-TRAFIC-III-X82-PH2-PLATFORM-L2H1-01	MEDIUM	EGJA纯电平台车沿用改款后EG平台驾驶室外廓。	READY
7876	7876	Hatchback	Twingo I		3	EU-RENAULT-TWINGO-I-HATCHBACK-3D-01	HIGH	三门 Twingo I 物理外廓。	READY
124320	124320	Hatchback	Twingo III		5	EU-RENAULT-TWINGO-III-HATCHBACK-5D-01	HIGH	GT 版本与该五门外廓一致。	READY
108063	108063	Hatchback	Twingo III		5	EU-RENAULT-TWINGO-III-HATCHBACK-5D-01	HIGH	五门 Twingo III 物理外廓。	READY
108062	108062	Hatchback	Twingo III		5	EU-RENAULT-TWINGO-III-HATCHBACK-5D-01	HIGH	五门 Twingo III 物理外廓。	READY
120596	120596	Hatchback	Twingo III		5	EU-RENAULT-TWINGO-III-HATCHBACK-5D-01	HIGH	五门 Twingo III 物理外廓。	READY
15109	15109	Hatchback	Twingo I		3	EU-RENAULT-TWINGO-I-HATCHBACK-3D-01	HIGH	三门 Twingo I 物理外廓。	READY
18280	18280	Hatchback	Twingo I		3	EU-RENAULT-TWINGO-I-HATCHBACK-3D-01	HIGH	三门 Twingo I 物理外廓。	READY
126647_prefl	126647	Hatchback	Twingo II		3	EU-RENAULT-TWINGO-II-HATCHBACK-3D-PREFL-01	MEDIUM	Ktype 跨越 2011 改款；本行为改款前外廓，输入驱动字段存在冲突。	READY
126647_facelift	126647	Hatchback	Twingo II		3	EU-RENAULT-TWINGO-II-HATCHBACK-3D-FACELIFT-01	MEDIUM	Ktype 跨越 2011 改款；本行为改款后外廓，输入驱动字段存在冲突。	READY
55503	55503	Hatchback	Twingo I		3	EU-RENAULT-TWINGO-I-HATCHBACK-3D-01	HIGH	三门 Twingo I 物理外廓。	READY
163836	163836	Hatchback	Twingo E-Tech Electric		5	EU-RENAULT-TWINGO-ETECH-ELECTRIC-HATCHBACK-5D-01	HIGH	2026 五门纯电新一代外廓。	READY
121500	121500	Quadricycle	Twizy Z.E.			EU-RENAULT-TWIZY-ZE-QUADRICYCLE-01	HIGH	双座重型四轮车；侧门为选装，Doors 留空。	READY
18611	18611	Hatchback	Vel Satis	X73	5	EU-RENAULT-VEL-SATIS-I-HATCHBACK-5D-01	HIGH	X73 五门物理外廓。	READY
16418	16418	Hatchback	Vel Satis	X73	5	EU-RENAULT-VEL-SATIS-I-HATCHBACK-5D-01	HIGH	X73 五门物理外廓。	READY
10870	10870	Hatchback	Vel Satis	X73	5	EU-RENAULT-VEL-SATIS-I-HATCHBACK-5D-01	HIGH	X73 五门物理外廓。	READY
16422	16422	Hatchback	Vel Satis	X73	5	EU-RENAULT-VEL-SATIS-I-HATCHBACK-5D-01	HIGH	X73 五门物理外廓。	READY
18353	18353	Hatchback	Vel Satis	X73	5	EU-RENAULT-VEL-SATIS-I-HATCHBACK-5D-01	HIGH	X73 五门物理外廓。	READY
18612	18612	Hatchback	Vel Satis	X73	5	EU-RENAULT-VEL-SATIS-I-HATCHBACK-5D-01	HIGH	X73 五门物理外廓。	READY
16423	16423	Hatchback	Vel Satis	X73	5	EU-RENAULT-VEL-SATIS-I-HATCHBACK-5D-01	HIGH	X73 五门物理外廓。	READY
16419	16419	Hatchback	Vel Satis	X73	5	EU-RENAULT-VEL-SATIS-I-HATCHBACK-5D-01	HIGH	X73 五门物理外廓。	READY
143197	143197	Hatchback	Zoe I Phase I		5	EU-RENAULT-ZOE-I-HATCHBACK-PHASE-1-01	MEDIUM	Kasten/Schrägheck 标注共用五门外廓；Apr 2019 起始归入 Phase I。	READY
143198	143198	Hatchback	Zoe I Phase I		5	EU-RENAULT-ZOE-I-HATCHBACK-PHASE-1-01	MEDIUM	Kasten/Schrägheck 标注共用五门外廓；Apr 2019 起始归入 Phase I。	READY
143199	143199	Hatchback	Zoe I Phase I		5	EU-RENAULT-ZOE-I-HATCHBACK-PHASE-1-01	MEDIUM	Kasten/Schrägheck 标注共用五门外廓；Apr 2019 起始归入 Phase I。	READY
143200	143200	Hatchback	Zoe I Phase II		5	EU-RENAULT-ZOE-I-HATCHBACK-PHASE-2-01	HIGH	Kasten/Schrägheck 标注共用 Phase II 五门外廓。	READY
55132	55132	Hatchback	Zoe I Phase I		5	EU-RENAULT-ZOE-I-HATCHBACK-PHASE-1-01	HIGH	Phase I 五门物理外廓。	READY
125941	125941	Hatchback	Zoe I Phase I		5	EU-RENAULT-ZOE-I-HATCHBACK-PHASE-1-01	HIGH	Phase I 五门物理外廓。	READY
34153_swb	34153	Van	Mascott Phase I			EU-RENAULT-TRUCKS-MASCOTT-VAN-SWB-01	MEDIUM	3630毫米轴距12立方米厢式车分支。	READY
34153_lwb	34153	Van	Mascott Phase I			EU-RENAULT-TRUCKS-MASCOTT-VAN-LWB-01	MEDIUM	4130毫米轴距14立方米厢式车分支。	READY
34145_wb3130	34145	Pickup	Mascott Phase I		2	EU-RENAULT-TRUCKS-MASCOTT-PH1-PLATFORM-WB3130-02	MEDIUM	3130毫米轴距110.35单排平台驾驶室配置级外廓。	READY
34145_wb3630	34145	Pickup	Mascott Phase I		2	EU-RENAULT-TRUCKS-MASCOTT-PH1-PLATFORM-WB3630-03	MEDIUM	3630毫米轴距110.35单排平台驾驶室配置级外廓。	READY
34145_wb4130	34145	Pickup	Mascott Phase I		2	EU-RENAULT-TRUCKS-MASCOTT-PH1-PLATFORM-WB4130-02	MEDIUM	4130毫米轴距110.35单排平台驾驶室配置级外廓。	READY
34145_wb4630	34145	Pickup	Mascott Phase I		2	EU-RENAULT-TRUCKS-MASCOTT-PH1-PLATFORM-WB4630-01	MEDIUM	4630毫米轴距110.35单排平台驾驶室配置级外廓。	READY
34151_swb	34151	Van	Mascott Phase I			EU-RENAULT-TRUCKS-MASCOTT-VAN-SWB-01	MEDIUM	3630毫米轴距12立方米厢式车分支。	READY
34151_lwb	34151	Van	Mascott Phase I			EU-RENAULT-TRUCKS-MASCOTT-VAN-LWB-01	MEDIUM	4130毫米轴距14立方米厢式车分支。	READY
34150_swb	34150	Van	Mascott Phase I			EU-RENAULT-TRUCKS-MASCOTT-VAN-SWB-01	MEDIUM	3630毫米轴距12立方米厢式车分支。	READY
34150_lwb	34150	Van	Mascott Phase I			EU-RENAULT-TRUCKS-MASCOTT-VAN-LWB-01	MEDIUM	4130毫米轴距14立方米厢式车分支。	READY
34149_swb	34149	Van	Mascott Phase I			EU-RENAULT-TRUCKS-MASCOTT-VAN-SWB-01	MEDIUM	3630毫米轴距12立方米厢式车分支。	READY
34149_lwb	34149	Van	Mascott Phase I			EU-RENAULT-TRUCKS-MASCOTT-VAN-LWB-01	MEDIUM	4130毫米轴距14立方米厢式车分支。	READY
34270_wb3130	34270	Pickup	Mascott Phase II		2	EU-RENAULT-TRUCKS-MASCOTT-PH2-PLATFORM-WB3130-01	HIGH	3130毫米轴距Chassis Cabine 31物理外廓。	READY
34270_wb3630	34270	Pickup	Mascott Phase II		2	EU-RENAULT-TRUCKS-MASCOTT-PH2-PLATFORM-WB3630-01	HIGH	3630毫米轴距Chassis Cabine 36物理外廓。	READY
34270_wb4130	34270	Pickup	Mascott Phase II		2	EU-RENAULT-TRUCKS-MASCOTT-PH2-PLATFORM-WB4130-01	HIGH	4130毫米轴距Chassis Cabine 41物理外廓。	READY
34270_wb4630	34270	Pickup	Mascott Phase II		2	EU-RENAULT-TRUCKS-MASCOTT-PH2-PLATFORM-WB4630-01	HIGH	4630毫米轴距Chassis Cabine 46物理外廓。	READY
34271_swb	34271	Van	Mascott Phase II			EU-RENAULT-TRUCKS-MASCOTT-VAN-SWB-01	MEDIUM	3630毫米轴距12立方米厢式车分支。	READY
34271_lwb	34271	Van	Mascott Phase II			EU-RENAULT-TRUCKS-MASCOTT-VAN-LWB-01	MEDIUM	4130毫米轴距14立方米厢式车分支。	READY
34272_wb3130	34272	Pickup	Mascott Phase II		2	EU-RENAULT-TRUCKS-MASCOTT-PH2-PLATFORM-WB3130-01	HIGH	3130毫米轴距Chassis Cabine 31物理外廓。	READY
34272_wb3630	34272	Pickup	Mascott Phase II		2	EU-RENAULT-TRUCKS-MASCOTT-PH2-PLATFORM-WB3630-01	HIGH	3630毫米轴距Chassis Cabine 36物理外廓。	READY
34272_wb4130	34272	Pickup	Mascott Phase II		2	EU-RENAULT-TRUCKS-MASCOTT-PH2-PLATFORM-WB4130-01	HIGH	4130毫米轴距Chassis Cabine 41物理外廓。	READY
34272_wb4630	34272	Pickup	Mascott Phase II		2	EU-RENAULT-TRUCKS-MASCOTT-PH2-PLATFORM-WB4630-01	HIGH	4630毫米轴距Chassis Cabine 46物理外廓。	READY
34273_swb	34273	Van	Mascott Phase II			EU-RENAULT-TRUCKS-MASCOTT-VAN-SWB-01	MEDIUM	3630毫米轴距12立方米厢式车分支。	READY
34273_lwb	34273	Van	Mascott Phase II			EU-RENAULT-TRUCKS-MASCOTT-VAN-LWB-01	MEDIUM	4130毫米轴距14立方米厢式车分支。	READY
34274_wb3130	34274	Pickup	Mascott Phase II		2	EU-RENAULT-TRUCKS-MASCOTT-PH2-PLATFORM-WB3130-01	HIGH	3130毫米轴距Chassis Cabine 31物理外廓。	READY
34274_wb3630	34274	Pickup	Mascott Phase II		2	EU-RENAULT-TRUCKS-MASCOTT-PH2-PLATFORM-WB3630-01	HIGH	3630毫米轴距Chassis Cabine 36物理外廓。	READY
34274_wb4130	34274	Pickup	Mascott Phase II		2	EU-RENAULT-TRUCKS-MASCOTT-PH2-PLATFORM-WB4130-01	HIGH	4130毫米轴距Chassis Cabine 41物理外廓。	READY
34274_wb4630	34274	Pickup	Mascott Phase II		2	EU-RENAULT-TRUCKS-MASCOTT-PH2-PLATFORM-WB4630-01	HIGH	4630毫米轴距Chassis Cabine 46物理外廓。	READY
34144_swb	34144	Van	Mascott Phase I			EU-RENAULT-TRUCKS-MASCOTT-VAN-SWB-01	MEDIUM	3630毫米轴距12立方米厢式车分支。	READY
34144_lwb	34144	Van	Mascott Phase I			EU-RENAULT-TRUCKS-MASCOTT-VAN-LWB-01	MEDIUM	4130毫米轴距14立方米厢式车分支。	READY
34143_swb	34143	Van	Mascott Phase I			EU-RENAULT-TRUCKS-MASCOTT-VAN-SWB-01	MEDIUM	3630毫米轴距12立方米厢式车分支。	READY
34143_lwb	34143	Van	Mascott Phase I			EU-RENAULT-TRUCKS-MASCOTT-VAN-LWB-01	MEDIUM	4130毫米轴距14立方米厢式车分支。	READY
34192_swb	34192	Van	Mascott Phase I			EU-RENAULT-TRUCKS-MASCOTT-VAN-SWB-01	MEDIUM	3630毫米轴距12立方米厢式车分支。	READY
34192_lwb	34192	Van	Mascott Phase I			EU-RENAULT-TRUCKS-MASCOTT-VAN-LWB-01	MEDIUM	4130毫米轴距14立方米厢式车分支。	READY
34193_swb	34193	Van	Mascott Phase I			EU-RENAULT-TRUCKS-MASCOTT-VAN-SWB-01	MEDIUM	3630毫米轴距12立方米厢式车分支。	READY
34193_lwb	34193	Van	Mascott Phase I			EU-RENAULT-TRUCKS-MASCOTT-VAN-LWB-01	MEDIUM	4130毫米轴距14立方米厢式车分支。	READY
13968	13968	Pickup	Trafic I Phase I	P6		EU-RENAULT-TRAFIC-I-PH1-PLATFORM-PETROL-01	MEDIUM		READY
13946	13946	Pickup	Trafic I Phase II	PXX		EU-RENAULT-TRAFIC-I-PLATFORM-SWB-02	MEDIUM	输入未指定轴距或驾驶室；采用标准短轴平台外廓。	READY
13969	13969	Pickup	Trafic I Phase I	P6		EU-RENAULT-TRAFIC-I-PH1-PLATFORM-PETROL-01	MEDIUM		READY
13859	13859	Pickup	Trafic I Phase I	P6		EU-RENAULT-TRAFIC-I-PH1-PLATFORM-PETROL-01	MEDIUM		READY
13764	13764	Pickup	Trafic I Phase II-III	PXX		EU-RENAULT-TRAFIC-I-PLATFORM-SWB-02	MEDIUM	输入未指定轴距或驾驶室；采用标准短轴平台外廓。	READY
13970	13970	Pickup	Trafic I Phase I	P6		EU-RENAULT-TRAFIC-I-PH1-PLATFORM-DIESEL-01	MEDIUM		READY
13765	13765	Pickup	Trafic I Phase II	PXX		EU-RENAULT-TRAFIC-I-PLATFORM-SWB-02	MEDIUM	输入未指定轴距或驾驶室；采用标准短轴平台外廓。	READY
13766	13766	Pickup	Trafic I Phase II-III	PXX		EU-RENAULT-TRAFIC-I-PLATFORM-SWB-02	MEDIUM	输入未指定轴距或驾驶室；采用标准短轴平台外廓。	READY
13794	13794	Pickup	Trafic I Phase II-III	PXX		EU-RENAULT-TRAFIC-I-PLATFORM-SWB-02	MEDIUM	输入未指定轴距或驾驶室；采用标准短轴平台外廓。	READY
34232	34232	Van	Renault B Series Phase I			EU-RENAULT-TRUCKS-B-90-PH1-VAN-HIGHROOF-01	MEDIUM	采用现有B系列加高顶厢式外廓。	READY
34234	34234	Van	Renault B Series Phase I	FN40C1		EU-RENAULT-TRUCKS-B-90-PH1-VAN-HIGHROOF-01	MEDIUM	输入未指定车顶；采用已闭合的3200毫米轴距加高顶厢式外廓。	READY
34236	34236	Van	Renault B Series Phase I	FN40C1		EU-RENAULT-TRUCKS-B-90-PH1-VAN-HIGHROOF-01	MEDIUM	输入未指定车顶；采用已闭合的3200毫米轴距加高顶厢式外廓。	READY
34238	34238	Pickup	Renault B Series 4X4 Phase I	FN40B1		EU-RENAULT-TRUCKS-B-90-PH1-PLATFORM-4X4-01	MEDIUM	输入未指定轴距；采用3200毫米标准4X4平台外廓。	READY
34239	34239	Pickup	Renault B Series 4X4 Phase I	FN40B1		EU-RENAULT-TRUCKS-B-90-PH1-PLATFORM-4X4-01	MEDIUM	输入未指定轴距；采用3200毫米标准4X4平台外廓。	READY
34152	34152	Pickup	Mascott Phase I		2	EU-RENAULT-TRUCKS-MASCOTT-PH1-PLATFORM-WB3630-02	MEDIUM	输入未指定轴距；采用已闭合的90.35标准中轴单排平台外廓。	READY
34189	34189	Pickup	Mascott Phase I		2	EU-RENAULT-TRUCKS-MASCOTT-PH1-PLATFORM-WB3630-01	MEDIUM	输入未指定轴距；采用已闭合的140.35标准中轴单排平台外廓。	READY
34257	34257	Pickup	Mascott Phase I		2	EU-RENAULT-TRUCKS-MASCOTT-PH1-PLATFORM-WB4130-01	MEDIUM	输入未指定轴距；采用已闭合的150.35对应单排平台外廓。	READY
34258_wb3630	34258	Van	Mascott Phase I		4	EU-RENAULT-TRUCKS-MASCOTT-PHASE-I-VAN-WB3630-01	HIGH	WB3630	READY
34258_wb4130	34258	Van	Mascott Phase I		4	EU-RENAULT-TRUCKS-MASCOTT-PHASE-I-VAN-WB4130-01	HIGH	WB4130	READY
34260_wb3630	34260	Van	Mascott Phase I		4	EU-RENAULT-TRUCKS-MASCOTT-PHASE-I-VAN-WB3630-01	HIGH	WB3630	READY
34260_wb4130	34260	Van	Mascott Phase I		4	EU-RENAULT-TRUCKS-MASCOTT-PHASE-I-VAN-WB4130-01	HIGH	WB4130	READY
34261_wb3630	34261	Van	Mascott Phase I		4	EU-RENAULT-TRUCKS-MASCOTT-PHASE-I-VAN-WB3630-01	HIGH	WB3630	READY
34261_wb4130	34261	Van	Mascott Phase I		4	EU-RENAULT-TRUCKS-MASCOTT-PHASE-I-VAN-WB4130-01	HIGH	WB4130	READY
34276_wb3630	34276	Van	Mascott Phase II		4	EU-RENAULT-TRUCKS-MASCOTT-PHASE-II-160-35-VAN-WB3630-01	HIGH	WB3630	READY
34276_wb4130	34276	Van	Mascott Phase II		4	EU-RENAULT-TRUCKS-MASCOTT-PHASE-II-160-35-VAN-WB4130-01	HIGH	WB4130	READY
34278	34278	Van	Mascott Phase II	A02300015	4	EU-RENAULT-TRUCKS-MASCOTT-PHASE-II-160-55-VAN-WB3630-01	HIGH	WB3630	READY
34128	34128	Van	Messenger	4X4F06	4	EU-RENAULT-TRUCKS-MESSENGER-B110-45-4X4-VAN-01	HIGH	B110.45 4x4 standard van exterior	READY
34117_wb3200	34117	Pickup	Messenger	FN40B5	2	EU-RENAULT-TRUCKS-MESSENGER-B120-35-CHASSIS-CAB-WB3200-01	HIGH	WB3200	READY
34117_wb3840	34117	Pickup	Messenger	FN40B5	2	EU-RENAULT-TRUCKS-MESSENGER-B120-35-CHASSIS-CAB-01	HIGH	WB3840	READY
34120_wb3200	34120	Pickup	Messenger	FN40B7	2	EU-RENAULT-TRUCKS-MESSENGER-B120-35-CHASSIS-CAB-WB3200-01	MEDIUM	WB3200	READY
34120_wb3840	34120	Pickup	Messenger	FN40B7	2	EU-RENAULT-TRUCKS-MESSENGER-B120-35-CHASSIS-CAB-01	MEDIUM	WB3840	READY
34129	34129	Van	Messenger	FN60	3	EU-RENAULT-TRUCKS-MESSENGER-VAN-WB3840-MEDIUMROOF-01	MEDIUM	Standard 14m3 WB3840 medium-roof production exterior	READY
34118_wb3200	34118	Pickup	Messenger	FN60F5	2	EU-RENAULT-TRUCKS-MESSENGER-B120-35-CHASSIS-CAB-WB3200-01	HIGH	WB3200	READY
34118_wb3840	34118	Pickup	Messenger	FN60F5	2	EU-RENAULT-TRUCKS-MESSENGER-B120-35-CHASSIS-CAB-01	HIGH	WB3840	READY
34119	34119	Van	Messenger	FN60F5	3	EU-RENAULT-TRUCKS-MESSENGER-VAN-WB3840-MEDIUMROOF-01	MEDIUM	Standard 14m3 WB3840 medium-roof production exterior	READY
34121_wb3200	34121	Pickup	Messenger	FN60F7	2	EU-RENAULT-TRUCKS-MESSENGER-B120-35-CHASSIS-CAB-WB3200-01	MEDIUM	WB3200	READY
34121_wb3840	34121	Pickup	Messenger	FN60F7	2	EU-RENAULT-TRUCKS-MESSENGER-B120-35-CHASSIS-CAB-01	MEDIUM	WB3840	READY
34122	34122	Van	Messenger	FN60F7	3	EU-RENAULT-TRUCKS-MESSENGER-VAN-WB3840-MEDIUMROOF-01	MEDIUM	Standard 14m3 WB3840 medium-roof production exterior	READY
34123_wb3200	34123	Pickup	Messenger	FN60F6	2	EU-RENAULT-TRUCKS-MESSENGER-B120-35-CHASSIS-CAB-WB3200-01	MEDIUM	WB3200	READY
34123_wb3840	34123	Pickup	Messenger	FN60F6	2	EU-RENAULT-TRUCKS-MESSENGER-B120-35-CHASSIS-CAB-01	MEDIUM	WB3840	READY
34124_wb3200	34124	Pickup	Messenger	FN60F8	2	EU-RENAULT-TRUCKS-MESSENGER-B120-35-CHASSIS-CAB-WB3200-01	MEDIUM	WB3200	READY
34124_wb3840	34124	Pickup	Messenger	FN60F8	2	EU-RENAULT-TRUCKS-MESSENGER-B120-35-CHASSIS-CAB-01	MEDIUM	WB3840	READY
34158	34158	Van	Messenger	FN40B5	3	EU-RENAULT-TRUCKS-MESSENGER-VAN-WB3840-MEDIUMROOF-01	HIGH	Standard 14m3 WB3840 medium-roof production exterior	READY
34160	34160	Pickup	Messenger	FN40B5	2	EU-RENAULT-TRUCKS-MESSENGER-B80-35-CHASSIS-CAB-01	HIGH		READY
34376	34376	Van	Messenger	FN40B5	3	EU-RENAULT-TRUCKS-MESSENGER-VAN-WB3840-MEDIUMROOF-01	HIGH	Standard 14m3 WB3840 medium-roof production exterior	READY
34378	34378	Pickup	Messenger	FN40B5	2	EU-RENAULT-TRUCKS-MESSENGER-B80-35-CHASSIS-CAB-01	HIGH		READY
34157	34157	Van	Messenger	FN40A5	3	EU-RENAULT-TRUCKS-MESSENGER-VAN-WB3840-MEDIUMROOF-01	HIGH	Standard 14m3 WB3840 medium-roof production exterior	READY
34159	34159	Pickup	Messenger	FN40A5	2	EU-RENAULT-TRUCKS-MESSENGER-B120-35-CHASSIS-CAB-01	MEDIUM	WB3840	READY
34375	34375	Van	Messenger	FN40A5	3	EU-RENAULT-TRUCKS-MESSENGER-VAN-WB3840-MEDIUMROOF-01	HIGH	Standard 14m3 WB3840 medium-roof production exterior	READY
34377	34377	Pickup	Messenger	FN40A5	2	EU-RENAULT-TRUCKS-MESSENGER-B120-35-CHASSIS-CAB-01	MEDIUM	WB3840	READY
34885	34885	Hatchback	I		2	EU-REVA-I-HATCHBACK-01	HIGH		READY
13903	13903	Sedan	4/72		4	EU-RILEY-4-72-SEDAN-01	HIGH		READY
13904	13904	Sedan	Elf Mk II/III		2	EU-RILEY-ELF-MK-II-III-SEDAN-01	HIGH		READY
13906	13906	Sedan	Kestrel 1100		4	EU-RILEY-KESTREL-ADO16-SEDAN-01	HIGH		READY
13905	13905	Sedan	Kestrel 1300		4	EU-RILEY-KESTREL-ADO16-SEDAN-01	HIGH		READY
161885	161885	Coupe	Nevera		2	EU-RIMAC-NEVERA-COUPE-01	HIGH		READY
801483	801483	Van	EDV 500	RCV	2	EU-RIVIAN-EDV-500-VAN-01	HIGH	European EDV 500 exterior	READY
48552	48552	Sedan	Corniche I Saloon		2	EU-ROLLS-ROYCE-CORNICHE-I-SALOON-01	HIGH		READY
116776	116776	Convertible	Corniche II		2	EU-ROLLS-ROYCE-CORNICHE-II-CONVERTIBLE-01	HIGH		READY
12187	12187	Convertible	Corniche IV		2	EU-ROLLS-ROYCE-CORNICHE-IV-CONVERTIBLE-01	MEDIUM	Standard Corniche IV production exterior	READY
14719	14719	Convertible	Corniche V		2	EU-ROLLS-ROYCE-CORNICHE-V-CONVERTIBLE-01	HIGH		READY
802813	802813	SUV	Cullinan Series II		5	EU-ROLLS-ROYCE-CULLINAN-SERIES-II-SUV-01	MEDIUM	Series II standard production exterior	READY
117936	117936	Convertible	Dawn		2	EU-ROLLS-ROYCE-DAWN-CONVERTIBLE-01	HIGH		READY
128144	128144	Convertible	Dawn		2	EU-ROLLS-ROYCE-DAWN-CONVERTIBLE-01	HIGH	Ordinary trim differences do not change exterior	READY
34829	34829	Sedan	Ghost I		4	EU-ROLLS-ROYCE-GHOST-I-SEDAN-01	HIGH	Facelift dimensions treated as unchanged	READY
119914	119914	Sedan	Ghost I		4	EU-ROLLS-ROYCE-GHOST-I-SEDAN-01	HIGH		READY
100502	100502	Sedan	Ghost I		4	EU-ROLLS-ROYCE-GHOST-I-SEDAN-01	HIGH	V-Specification does not change exterior	READY
148391	148391	Sedan	Ghost II		4	EU-ROLLS-ROYCE-GHOST-II-SEDAN-01	HIGH		READY
100709	100709	Sedan	Park Ward		4	EU-ROLLS-ROYCE-PARK-WARD-SEDAN-01	HIGH		READY
34893_prefl	34893	Coupe	Phantom VII		2	EU-ROLLS-ROYCE-PHANTOM-VII-COUPE-PREFL-01	HIGH	Pre-2012 exterior branch	READY
34893_facelift	34893	Coupe	Phantom VII facelift 2012		2	EU-ROLLS-ROYCE-PHANTOM-VII-COUPE-FACELIFT-01	HIGH	2012 facelift exterior branch	READY
17329_prefl	17329	Sedan	Phantom VII		4	EU-ROLLS-ROYCE-PHANTOM-VII-SEDAN-PREFL-01	HIGH	Pre-2012 exterior branch	READY
17329_facelift	17329	Sedan	Phantom VII facelift 2012		4	EU-ROLLS-ROYCE-PHANTOM-VII-SEDAN-FACELIFT-01	HIGH	2012 facelift exterior branch	READY
34830_prefl	34830	Convertible	Phantom VII Drophead Coupe		2	EU-ROLLS-ROYCE-PHANTOM-VII-DROPHEAD-PREFL-01	HIGH	Pre-2012 exterior branch	READY
34830_facelift	34830	Convertible	Phantom VII Drophead Coupe facelift 2012		2	EU-ROLLS-ROYCE-PHANTOM-VII-DROPHEAD-FACELIFT-01	HIGH	2012 facelift exterior branch	READY
150950	150950	Sedan	Silver Dawn	SZ	4	EU-ROLLS-ROYCE-SILVER-DAWN-SZ-SEDAN-01	HIGH		READY
13322	13322	Sedan	Silver Seraph		4	EU-ROLLS-ROYCE-SILVER-SERAPH-SEDAN-01	HIGH		READY
119802	119802	Sedan	Silver Shadow II		4	EU-ROLLS-ROYCE-SILVER-SHADOW-II-SEDAN-01	HIGH		READY
12578	12578	Sedan	Silver Spirit Mk II-IV	SZ	4	EU-ROLLS-ROYCE-SILVER-SPIRIT-SZ-SEDAN-01	HIGH	Standard-wheelbase exterior	READY
12616	12616	Sedan	Silver Spirit Mk II-IV	SZ	4	EU-ROLLS-ROYCE-SILVER-SPIRIT-SZ-SEDAN-01	HIGH	Standard-wheelbase exterior	READY
12617	12617	Sedan	Silver Spirit Mk II-IV	SZ	4	EU-ROLLS-ROYCE-SILVER-SPIRIT-SZ-SEDAN-01	HIGH	Standard-wheelbase exterior	READY
150586	150586	Sedan	Silver Spirit Mk I	SZ	4	EU-ROLLS-ROYCE-SILVER-SPIRIT-SZ-SEDAN-01	HIGH	Standard-wheelbase exterior	READY
105768	105768	Sedan	Silver Spur Mk II/III	SZ	4	EU-ROLLS-ROYCE-SILVER-SPUR-II-III-SEDAN-01	MEDIUM	Pre-1996 long-wheelbase exterior	READY
119818	119818	Sedan	New Silver Spur	SZ	4	EU-ROLLS-ROYCE-SILVER-SPUR-IV-SEDAN-01	HIGH	1996-model-year exterior	READY
48578	48578	Sedan	Silver Wraith II		4	EU-ROLLS-ROYCE-SILVER-WRAITH-II-SEDAN-01	HIGH		READY
801346	801346	Coupe	Spectre		2	EU-ROLLS-ROYCE-SPECTRE-COUPE-01	MEDIUM	Black Badge does not change standard exterior	READY
155846	155846	Coupe	Spectre		2	EU-ROLLS-ROYCE-SPECTRE-COUPE-01	HIGH		READY
18762	18762	Hatchback	25	RF		EU-ROVER-25-RF-HATCHBACK-01	HIGH	3-door and 5-door standard exterior dimensions treated as same	READY
14630	14630	Hatchback	25	RF		EU-ROVER-25-RF-HATCHBACK-01	HIGH	3-door and 5-door standard exterior dimensions treated as same	READY
14631	14631	Hatchback	25	RF		EU-ROVER-25-RF-HATCHBACK-01	HIGH	3-door and 5-door standard exterior dimensions treated as same	READY
14632	14632	Hatchback	25	RF		EU-ROVER-25-RF-HATCHBACK-01	HIGH	3-door and 5-door standard exterior dimensions treated as same	READY
14633	14633	Hatchback	25	RF		EU-ROVER-25-RF-HATCHBACK-01	HIGH	3-door and 5-door standard exterior dimensions treated as same	READY
14634	14634	Hatchback	25	RF		EU-ROVER-25-RF-HATCHBACK-01	HIGH	3-door and 5-door standard exterior dimensions treated as same	READY
14635	14635	Hatchback	25	RF		EU-ROVER-25-RF-HATCHBACK-01	HIGH	3-door and 5-door standard exterior dimensions treated as same	READY
10439_prefl	10439	Sedan	75 pre-facelift	R40	4	EU-ROVER-75-R40-PREFL-SEDAN-01	HIGH	Pre-2004 exterior branch	READY
10439_facelift	10439	Sedan	75 facelift 2004	R40	4	EU-ROVER-75-R40-FACELIFT-SEDAN-01	HIGH	2004 facelift dimension branch	READY
15906_prefl	15906	Wagon	75 Tourer pre-facelift	R40	5	EU-ROVER-75-R40-PREFL-WAGON-01	HIGH	Pre-2004 exterior branch	READY
15906_facelift	15906	Wagon	75 Tourer facelift 2004	R40	5	EU-ROVER-75-R40-FACELIFT-WAGON-01	HIGH	2004 facelift dimension branch	READY
17787_prefl	17787	Sedan	75 pre-facelift	R40	4	EU-ROVER-75-R40-PREFL-SEDAN-01	HIGH	Pre-2004 exterior branch	READY
17787_facelift	17787	Sedan	75 facelift 2004	R40	4	EU-ROVER-75-R40-FACELIFT-SEDAN-01	HIGH	2004 facelift dimension branch	READY
17788_prefl	17788	Wagon	75 Tourer pre-facelift	R40	5	EU-ROVER-75-R40-PREFL-WAGON-01	HIGH	Pre-2004 exterior branch	READY
17788_facelift	17788	Wagon	75 Tourer facelift 2004	R40	5	EU-ROVER-75-R40-FACELIFT-WAGON-01	HIGH	2004 facelift dimension branch	READY
10463_prefl	10463	Sedan	75 pre-facelift	R40	4	EU-ROVER-75-R40-PREFL-SEDAN-01	HIGH	Pre-2004 exterior branch	READY
10463_facelift	10463	Sedan	75 facelift 2004	R40	4	EU-ROVER-75-R40-FACELIFT-SEDAN-01	HIGH	2004 facelift dimension branch	READY
15909_prefl	15909	Wagon	75 Tourer pre-facelift	R40	5	EU-ROVER-75-R40-PREFL-WAGON-01	HIGH	Pre-2004 exterior branch	READY
15909_facelift	15909	Wagon	75 Tourer facelift 2004	R40	5	EU-ROVER-75-R40-FACELIFT-WAGON-01	HIGH	2004 facelift dimension branch	READY
17785_prefl	17785	Sedan	75 pre-facelift	R40	4	EU-ROVER-75-R40-PREFL-SEDAN-01	HIGH	Pre-2004 exterior branch	READY
17785_facelift	17785	Sedan	75 facelift 2004	R40	4	EU-ROVER-75-R40-FACELIFT-SEDAN-01	HIGH	2004 facelift dimension branch	READY
17786_prefl	17786	Wagon	75 Tourer pre-facelift	R40	5	EU-ROVER-75-R40-PREFL-WAGON-01	HIGH	Pre-2004 exterior branch	READY
17786_facelift	17786	Wagon	75 Tourer facelift 2004	R40	5	EU-ROVER-75-R40-FACELIFT-WAGON-01	HIGH	2004 facelift dimension branch	READY
10461_prefl	10461	Sedan	75 pre-facelift	R40	4	EU-ROVER-75-R40-PREFL-SEDAN-01	HIGH	Pre-2004 exterior branch	READY
10461_facelift	10461	Sedan	75 facelift 2004	R40	4	EU-ROVER-75-R40-FACELIFT-SEDAN-01	HIGH	2004 facelift dimension branch	READY
15907_prefl	15907	Wagon	75 Tourer pre-facelift	R40	5	EU-ROVER-75-R40-PREFL-WAGON-01	HIGH	Pre-2004 exterior branch	READY
15907_facelift	15907	Wagon	75 Tourer facelift 2004	R40	5	EU-ROVER-75-R40-FACELIFT-WAGON-01	HIGH	2004 facelift dimension branch	READY
10462	10462	Sedan	75 pre-facelift	R40	4	EU-ROVER-75-R40-PREFL-SEDAN-01	HIGH	Production period ended before 2004 facelift	READY
15908_prefl	15908	Wagon	75 Tourer pre-facelift	R40	5	EU-ROVER-75-R40-PREFL-WAGON-01	HIGH	Pre-2004 exterior branch	READY
15908_facelift	15908	Wagon	75 Tourer facelift 2004	R40	5	EU-ROVER-75-R40-FACELIFT-WAGON-01	HIGH	2004 facelift dimension branch	READY
14004	14004	Convertible	100 Cabrio	XP	2	EU-ROVER-100-XP-CONVERTIBLE-01	HIGH		READY
13982	13982	Hatchback	100	XP		EU-ROVER-100-XP-HATCHBACK-01	HIGH		READY
13853	13853	Hatchback	100	XP	3	EU-ROVER-100-XP-HATCHBACK-01	HIGH		READY
100375	100375	Coupe	200	XW	2	EU-ROVER-200-XW-COUPE-01	HIGH		READY
54948	54948	Sedan	400	RT	4	EU-ROVER-400-RT-SEDAN-01	HIGH		READY
58727	58727	Hatchback	400	RT	5	EU-ROVER-400-RT-HATCHBACK-01	HIGH		READY
58728	58728	Sedan	400	RT	4	EU-ROVER-400-RT-SEDAN-01	HIGH		READY
13981	13981	Sedan	400	XW	4	EU-ROVER-400-XW-SEDAN-01	HIGH		READY
13965	13965	Sedan	800	XS	4	EU-ROVER-800-1986-1999-SEDAN-01	HIGH		READY
113055	113055	Coupe	800	RS	2	EU-ROVER-800-1992-1999-COUPE-01	HIGH		READY
121925	121925	Sedan	800	RS	4	EU-ROVER-800-1986-1999-SEDAN-01	HIGH		READY
116061	116061	Coupe	800	RS	2	EU-ROVER-800-1992-1999-COUPE-01	HIGH		READY
12963	12963	Hatchback	800	RS	5	EU-ROVER-800-1988-1999-HATCHBACK-01	HIGH		READY
12964	12964	Sedan	800	RS	4	EU-ROVER-800-1986-1999-SEDAN-01	HIGH		READY
13966	13966	Sedan	800	XS	4	EU-ROVER-800-1986-1999-SEDAN-01	HIGH		READY
5670	5670	Coupe	800	RS	2	EU-ROVER-800-1992-1999-COUPE-01	HIGH		READY
5669	5669	Sedan	800	RS	4	EU-ROVER-800-1986-1999-SEDAN-01	HIGH		READY
34259	34259	Pickup	Mascott Phase I		2	EU-RENAULT-TRUCKS-MASCOTT-PHASE-I-CHASSIS-CAB-WB3630-01	MEDIUM	Canonical standard WB3630 chassis-cab exterior; input does not identify wheelbase	READY
34275	34275	Pickup	Mascott Phase II		2	EU-RENAULT-TRUCKS-MASCOTT-PHASE-II-CHASSIS-CAB-WB3630-01	HIGH	Canonical standard WB3630 chassis-cab exterior; input does not identify wheelbase	READY
34277	34277	Pickup	Mascott Phase II		2	EU-RENAULT-TRUCKS-MASCOTT-PHASE-II-CHASSIS-CAB-WB3630-01	MEDIUM	GVW rating does not change the selected WB3630 chassis-cab exterior	READY
34279	34279	Pickup	Mascott Phase II		2	EU-RENAULT-TRUCKS-MASCOTT-PHASE-II-CHASSIS-CAB-WB3630-01	MEDIUM	GVW rating does not change the selected WB3630 chassis-cab exterior	READY
34127	34127	Pickup	Messenger	4X4F06	2	EU-RENAULT-TRUCKS-MESSENGER-B110-45-4X4-CHASSIS-CAB-01	HIGH	B110.45 4x4 chassis cab	READY
