INPUT_ID,MAKE,MODEL,CANDIDATE_TITLE,CANDIDATE_URL,MATCH_SCORE,MATCH_CONFIDENCE,MATCH_STATUS
000101,BMW,K1600GT Sport,"K 1600GT 
		Sport",https://www.motorcyclespecs.co.za/model/bmw/bmw-k1600-sport-14.html,95,HIGH,EXACT
000101,BMW,K1600GT Sport,K 1600GT,https://www.motorcyclespecs.co.za/model/bmw/bmw-k1600gt-11.html,71,LOW,REVIEW
000101,BMW,K1600GT Sport,K 1600GT,https://www.motorcyclespecs.co.za/model/bmw/bmw-k1600gt-12.html,71,LOW,REVIEW
000101,BMW,K1600GT Sport,K 1600GT,https://www.motorcyclespecs.co.za/model/bmw/bmw-k1600gt-13.html,71,LOW,REVIEW
000101,BMW,K1600GT Sport,K 1600GT,https://www.motorcyclespecs.co.za/model/bmw/bmw-k1600gt-14.html,71,LOW,REVIEW
000101,BMW,K1600GT Sport,K 1600GT,https://www.motorcyclespecs.co.za/model/bmw/bmw-k1600gt-15.html,71,LOW,REVIEW
000101,BMW,K1600GT Sport,K 1600GT,https://www.motorcyclespecs.co.za/model/bmw/bmw-k1600gt-16.html,71,LOW,REVIEW
000101,BMW,K1600GT Sport,K 1600GT,https://www.motorcyclespecs.co.za/model/bmw/bmw-k1600gt-17.html,71,LOW,REVIEW
000101,BMW,K1600GT Sport,K 1600GT,https://www.motorcyclespecs.co.za/model/bmw/bmw-k1600gt-19.html,71,LOW,REVIEW
000101,BMW,K1600GT Sport,K 1600GT,https://www.motorcyclespecs.co.za/model/bmw/bmw-k1600gt-2027.html,71,LOW,REVIEW
000101,BMW,K1600GT Sport,K 1600GT,https://www.motorcyclespecs.co.za/model/bmw/bmw-k1600gt-21.html,71,LOW,REVIEW
000101,BMW,K1600GT Sport,K 1600GT,https://www.motorcyclespecs.co.za/model/bmw/bmw-k1600gt-22.html,71,LOW,REVIEW
000101,BMW,K1600GT Sport,K 1600GTL,https://www.motorcyclespecs.co.za/model/bmw/bmw-k1600gtl-11.html,70,LOW,REVIEW
000101,BMW,K1600GT Sport,K 1600GTL,https://www.motorcyclespecs.co.za/model/bmw/bmw-k1600gtl-12.html,70,LOW,REVIEW
000101,BMW,K1600GT Sport,K 1600GTL,https://www.motorcyclespecs.co.za/model/bmw/bmw-k1600gtl-13.html,70,LOW,REVIEW
000101,BMW,K1600GT Sport,K 1600GTL,https://www.motorcyclespecs.co.za/model/bmw/bmw-k1600gtl-14.html,70,LOW,REVIEW
000101,BMW,K1600GT Sport,K 1600GTL,https://www.motorcyclespecs.co.za/model/bmw/bmw-k1600gtl-15.html,70,LOW,REVIEW
000101,BMW,K1600GT Sport,K 1600GTL,https://www.motorcyclespecs.co.za/model/bmw/bmw-k1600gtl-16.html,70,LOW,REVIEW
000101,BMW,K1600GT Sport,K 1600GTL,https://www.motorcyclespecs.co.za/model/bmw/bmw-k1600gtl-17.html,70,LOW,REVIEW
000101,BMW,K1600GT Sport,K 1600GTL,https://www.motorcyclespecs.co.za/model/bmw/bmw-k1600gtl-19.html,70,LOW,REVIEW
000101,BMW,K1600GT Sport,K 1600GTL,https://www.motorcyclespecs.co.za/model/bmw/bmw-k1600gtl-2027.html,70,LOW,REVIEW
000101,BMW,K1600GT Sport,K 1600GTL,https://www.motorcyclespecs.co.za/model/bmw/bmw-k1600gtl-21.html,70,LOW,REVIEW
000101,BMW,K1600GT Sport,K 1600GTL,https://www.motorcyclespecs.co.za/model/bmw/bmw-k1600gtl-22.html,70,LOW,REVIEW
000101,BMW,K1600GT Sport,K 1600B Bagger,https://www.motorcyclespecs.co.za/model/bmw/bmw-k1600b-19.html,64,LOW,MODEL_MISMATCH
000101,BMW,K1600GT Sport,K 1600B Bagger,https://www.motorcyclespecs.co.za/model/bmw/bmw-k1600b-2027.html,64,LOW,MODEL_MISMATCH
000101,BMW,K1600GT Sport,K 1600B Bagger,https://www.motorcyclespecs.co.za/model/bmw/bmw-k1600b-21.html,64,LOW,MODEL_MISMATCH
000101,BMW,K1600GT Sport,K 1600B Bagger,https://www.motorcyclespecs.co.za/model/bmw/bmw-k1600b-22.html,64,LOW,MODEL_MISMATCH
000101,BMW,K1600GT Sport,K 1600B Bagger,https://www.motorcyclespecs.co.za/model/bmw/bmw-k1600r-bagger.html,64,LOW,MODEL_MISMATCH
000101,BMW,K1600GT Sport,K 1600GTL Exclusive,https://www.motorcyclespecs.co.za/model/bmw/bmw-k1600gtl-exc-14.html,63,LOW,MODEL_MISMATCH
000101,BMW,K1600GT Sport,K 1600 Grand America,https://www.motorcyclespecs.co.za/model/bmw/bmw-k1600-grand-america-20.html,59,LOW,MODEL_MISMATCH
000101,BMW,K1600GT Sport,K 1600 Grand America,https://www.motorcyclespecs.co.za/model/bmw/bmw-k1600-grand-america-2027.html,59,LOW,MODEL_MISMATCH
000101,BMW,K1600GT Sport,K 1600 Grand America,https://www.motorcyclespecs.co.za/model/bmw/bmw-k1600-grand-america-22.html,59,LOW,MODEL_MISMATCH
000101,BMW,K1600GT Sport,K 1600 Grand America,https://www.motorcyclespecs.co.za/model/bmw/bmw-k1600-grand-america.html,59,LOW,MODEL_MISMATCH
000102,BMW,K1600GTL,K 1600GTL,https://www.motorcyclespecs.co.za/model/bmw/bmw-k1600gtl-11.html,95,HIGH,EXACT
000102,BMW,K1600GTL,K 1600GTL,https://www.motorcyclespecs.co.za/model/bmw/bmw-k1600gtl-12.html,95,HIGH,EXACT
000102,BMW,K1600GTL,K 1600GTL,https://www.motorcyclespecs.co.za/model/bmw/bmw-k1600gtl-13.html,95,HIGH,EXACT
000102,BMW,K1600GTL,K 1600GTL,https://www.motorcyclespecs.co.za/model/bmw/bmw-k1600gtl-14.html,95,HIGH,EXACT
000102,BMW,K1600GTL,K 1600GTL,https://www.motorcyclespecs.co.za/model/bmw/bmw-k1600gtl-15.html,95,HIGH,EXACT
000102,BMW,K1600GTL,K 1600GTL,https://www.motorcyclespecs.co.za/model/bmw/bmw-k1600gtl-16.html,95,HIGH,EXACT
000102,BMW,K1600GTL,K 1600GTL,https://www.motorcyclespecs.co.za/model/bmw/bmw-k1600gtl-17.html,95,HIGH,EXACT
000102,BMW,K1600GTL,K 1600GTL,https://www.motorcyclespecs.co.za/model/bmw/bmw-k1600gtl-19.html,95,HIGH,EXACT
000102,BMW,K1600GTL,K 1600GTL,https://www.motorcyclespecs.co.za/model/bmw/bmw-k1600gtl-2027.html,95,HIGH,EXACT
000102,BMW,K1600GTL,K 1600GTL,https://www.motorcyclespecs.co.za/model/bmw/bmw-k1600gtl-21.html,95,HIGH,EXACT
000102,BMW,K1600GTL,K 1600GTL,https://www.motorcyclespecs.co.za/model/bmw/bmw-k1600gtl-22.html,95,HIGH,EXACT
000102,BMW,K1600GTL,K 1600GT,https://www.motorcyclespecs.co.za/model/bmw/bmw-k1600gt-11.html,78,LOW,REVIEW
000102,BMW,K1600GTL,K 1600GT,https://www.motorcyclespecs.co.za/model/bmw/bmw-k1600gt-12.html,78,LOW,REVIEW
000102,BMW,K1600GTL,K 1600GT,https://www.motorcyclespecs.co.za/model/bmw/bmw-k1600gt-13.html,78,LOW,REVIEW
000102,BMW,K1600GTL,K 1600GT,https://www.motorcyclespecs.co.za/model/bmw/bmw-k1600gt-14.html,78,LOW,REVIEW
000102,BMW,K1600GTL,K 1600GT,https://www.motorcyclespecs.co.za/model/bmw/bmw-k1600gt-15.html,78,LOW,REVIEW
000102,BMW,K1600GTL,K 1600GT,https://www.motorcyclespecs.co.za/model/bmw/bmw-k1600gt-16.html,78,LOW,REVIEW
000102,BMW,K1600GTL,K 1600GT,https://www.motorcyclespecs.co.za/model/bmw/bmw-k1600gt-17.html,78,LOW,REVIEW
000102,BMW,K1600GTL,K 1600GT,https://www.motorcyclespecs.co.za/model/bmw/bmw-k1600gt-19.html,78,LOW,REVIEW
000102,BMW,K1600GTL,K 1600GT,https://www.motorcyclespecs.co.za/model/bmw/bmw-k1600gt-2027.html,78,LOW,REVIEW
000102,BMW,K1600GTL,K 1600GT,https://www.motorcyclespecs.co.za/model/bmw/bmw-k1600gt-21.html,78,LOW,REVIEW
000102,BMW,K1600GTL,K 1600GT,https://www.motorcyclespecs.co.za/model/bmw/bmw-k1600gt-22.html,78,LOW,REVIEW
000102,BMW,K1600GTL,K 1600GTL Exclusive,https://www.motorcyclespecs.co.za/model/bmw/bmw-k1600gtl-exc-14.html,73,LOW,REVIEW
000102,BMW,K1600GTL,"K 1600GT 
		Sport",https://www.motorcyclespecs.co.za/model/bmw/bmw-k1600-sport-14.html,70,LOW,REVIEW
000102,BMW,K1600GTL,K 1600B Bagger,https://www.motorcyclespecs.co.za/model/bmw/bmw-k1600b-19.html,70,LOW,REVIEW
000102,BMW,K1600GTL,K 1600B Bagger,https://www.motorcyclespecs.co.za/model/bmw/bmw-k1600b-2027.html,70,LOW,REVIEW
000102,BMW,K1600GTL,K 1600B Bagger,https://www.motorcyclespecs.co.za/model/bmw/bmw-k1600b-21.html,70,LOW,REVIEW
000102,BMW,K1600GTL,K 1600B Bagger,https://www.motorcyclespecs.co.za/model/bmw/bmw-k1600b-22.html,70,LOW,REVIEW
000102,BMW,K1600GTL,K 1600B Bagger,https://www.motorcyclespecs.co.za/model/bmw/bmw-k1600r-bagger.html,70,LOW,REVIEW
000102,BMW,K1600GTL,K 1600 Grand America,https://www.motorcyclespecs.co.za/model/bmw/bmw-k1600-grand-america-20.html,63,LOW,MODEL_MISMATCH
000102,BMW,K1600GTL,K 1600 Grand America,https://www.motorcyclespecs.co.za/model/bmw/bmw-k1600-grand-america-2027.html,63,LOW,MODEL_MISMATCH
000102,BMW,K1600GTL,K 1600 Grand America,https://www.motorcyclespecs.co.za/model/bmw/bmw-k1600-grand-america-22.html,63,LOW,MODEL_MISMATCH
000102,BMW,K1600GTL,K 1600 Grand America,https://www.motorcyclespecs.co.za/model/bmw/bmw-k1600-grand-america.html,63,LOW,MODEL_MISMATCH
000103,BMW,K1600GTL Exclusive,K 1600GTL Exclusive,https://www.motorcyclespecs.co.za/model/bmw/bmw-k1600gtl-exc-14.html,95,HIGH,EXACT
000103,BMW,K1600GTL Exclusive,K 1600GTL,https://www.motorcyclespecs.co.za/model/bmw/bmw-k1600gtl-11.html,73,LOW,REVIEW
000103,BMW,K1600GTL Exclusive,K 1600GTL,https://www.motorcyclespecs.co.za/model/bmw/bmw-k1600gtl-12.html,73,LOW,REVIEW
000103,BMW,K1600GTL Exclusive,K 1600GTL,https://www.motorcyclespecs.co.za/model/bmw/bmw-k1600gtl-13.html,73,LOW,REVIEW
000103,BMW,K1600GTL Exclusive,K 1600GTL,https://www.motorcyclespecs.co.za/model/bmw/bmw-k1600gtl-14.html,73,LOW,REVIEW
000103,BMW,K1600GTL Exclusive,K 1600GTL,https://www.motorcyclespecs.co.za/model/bmw/bmw-k1600gtl-15.html,73,LOW,REVIEW
000103,BMW,K1600GTL Exclusive,K 1600GTL,https://www.motorcyclespecs.co.za/model/bmw/bmw-k1600gtl-16.html,73,LOW,REVIEW
000103,BMW,K1600GTL Exclusive,K 1600GTL,https://www.motorcyclespecs.co.za/model/bmw/bmw-k1600gtl-17.html,73,LOW,REVIEW
000103,BMW,K1600GTL Exclusive,K 1600GTL,https://www.motorcyclespecs.co.za/model/bmw/bmw-k1600gtl-19.html,73,LOW,REVIEW
000103,BMW,K1600GTL Exclusive,K 1600GTL,https://www.motorcyclespecs.co.za/model/bmw/bmw-k1600gtl-2027.html,73,LOW,REVIEW
000103,BMW,K1600GTL Exclusive,K 1600GTL,https://www.motorcyclespecs.co.za/model/bmw/bmw-k1600gtl-21.html,73,LOW,REVIEW
000103,BMW,K1600GTL Exclusive,K 1600GTL,https://www.motorcyclespecs.co.za/model/bmw/bmw-k1600gtl-22.html,73,LOW,REVIEW
000103,BMW,K1600GTL Exclusive,K 1600B Bagger,https://www.motorcyclespecs.co.za/model/bmw/bmw-k1600b-19.html,64,LOW,MODEL_MISMATCH
000103,BMW,K1600GTL Exclusive,K 1600B Bagger,https://www.motorcyclespecs.co.za/model/bmw/bmw-k1600b-2027.html,64,LOW,MODEL_MISMATCH
000103,BMW,K1600GTL Exclusive,K 1600B Bagger,https://www.motorcyclespecs.co.za/model/bmw/bmw-k1600b-21.html,64,LOW,MODEL_MISMATCH
000103,BMW,K1600GTL Exclusive,K 1600B Bagger,https://www.motorcyclespecs.co.za/model/bmw/bmw-k1600b-22.html,64,LOW,MODEL_MISMATCH
000103,BMW,K1600GTL Exclusive,K 1600GT,https://www.motorcyclespecs.co.za/model/bmw/bmw-k1600gt-11.html,64,LOW,MODEL_MISMATCH
000103,BMW,K1600GTL Exclusive,K 1600GT,https://www.motorcyclespecs.co.za/model/bmw/bmw-k1600gt-12.html,64,LOW,MODEL_MISMATCH
000103,BMW,K1600GTL Exclusive,K 1600GT,https://www.motorcyclespecs.co.za/model/bmw/bmw-k1600gt-13.html,64,LOW,MODEL_MISMATCH
000103,BMW,K1600GTL Exclusive,K 1600GT,https://www.motorcyclespecs.co.za/model/bmw/bmw-k1600gt-14.html,64,LOW,MODEL_MISMATCH
000103,BMW,K1600GTL Exclusive,K 1600GT,https://www.motorcyclespecs.co.za/model/bmw/bmw-k1600gt-15.html,64,LOW,MODEL_MISMATCH
000103,BMW,K1600GTL Exclusive,K 1600GT,https://www.motorcyclespecs.co.za/model/bmw/bmw-k1600gt-16.html,64,LOW,MODEL_MISMATCH
000103,BMW,K1600GTL Exclusive,K 1600GT,https://www.motorcyclespecs.co.za/model/bmw/bmw-k1600gt-17.html,64,LOW,MODEL_MISMATCH
000103,BMW,K1600GTL Exclusive,K 1600GT,https://www.motorcyclespecs.co.za/model/bmw/bmw-k1600gt-19.html,64,LOW,MODEL_MISMATCH
000103,BMW,K1600GTL Exclusive,K 1600GT,https://www.motorcyclespecs.co.za/model/bmw/bmw-k1600gt-2027.html,64,LOW,MODEL_MISMATCH
000103,BMW,K1600GTL Exclusive,K 1600GT,https://www.motorcyclespecs.co.za/model/bmw/bmw-k1600gt-21.html,64,LOW,MODEL_MISMATCH
000103,BMW,K1600GTL Exclusive,K 1600GT,https://www.motorcyclespecs.co.za/model/bmw/bmw-k1600gt-22.html,64,LOW,MODEL_MISMATCH
000103,BMW,K1600GTL Exclusive,K 1600B Bagger,https://www.motorcyclespecs.co.za/model/bmw/bmw-k1600r-bagger.html,64,LOW,MODEL_MISMATCH
000103,BMW,K1600GTL Exclusive,K 1600 Grand America,https://www.motorcyclespecs.co.za/model/bmw/bmw-k1600-grand-america-20.html,63,LOW,MODEL_MISMATCH
000103,BMW,K1600GTL Exclusive,K 1600 Grand America,https://www.motorcyclespecs.co.za/model/bmw/bmw-k1600-grand-america-2027.html,63,LOW,MODEL_MISMATCH
000103,BMW,K1600GTL Exclusive,K 1600 Grand America,https://www.motorcyclespecs.co.za/model/bmw/bmw-k1600-grand-america-22.html,63,LOW,MODEL_MISMATCH
000103,BMW,K1600GTL Exclusive,K 1600 Grand America,https://www.motorcyclespecs.co.za/model/bmw/bmw-k1600-grand-america.html,63,LOW,MODEL_MISMATCH
000103,BMW,K1600GTL Exclusive,"K 1600GT 
		Sport",https://www.motorcyclespecs.co.za/model/bmw/bmw-k1600-sport-14.html,63,LOW,MODEL_MISMATCH
000104,BMW,K75,K 75,https://www.motorcyclespecs.co.za/model/bmw/bmw-k75-87.html,95,HIGH,EXACT
000104,BMW,K75,K 75C,https://www.motorcyclespecs.co.za/model/bmw/bmw-k75c-85.html,82,LOW,REVIEW
000104,BMW,K75,K 75C,https://www.motorcyclespecs.co.za/model/bmw/bmw-k75c-87.html,82,LOW,REVIEW
000104,BMW,K75,K 75T,https://www.motorcyclespecs.co.za/model/bmw/bmw-k75t-86.html,82,LOW,REVIEW
000104,BMW,K75,K 75RT,https://www.motorcyclespecs.co.za/model/bmw/bmw-k75rt-90.html,77,LOW,REVIEW
000104,BMW,K75,K 75S,https://www.motorcyclespecs.co.za/model/bmw/bmw-k75s-86.html,77,LOW,REVIEW
000104,BMW,K75,K 75S,https://www.motorcyclespecs.co.za/model/bmw/bmw-k75s-87.html,77,LOW,REVIEW
000104,BMW,K75,K 75SA,https://www.motorcyclespecs.co.za/model/bmw/bmw-k75sa-94.html,77,LOW,REVIEW
000104,BMW,K75,K 75RTA,https://www.motorcyclespecs.co.za/model/bmw/bmw-k75rta-94.html,73,LOW,REVIEW
000104,BMW,K75,K 75RTA Ultima,https://www.motorcyclespecs.co.za/model/bmw/bmw-k75rt-ultima.html,61,LOW,MODEL_MISMATCH
000107,BMW,K75A,K 75SA,https://www.motorcyclespecs.co.za/model/bmw/bmw-k75sa-94.html,88,LOW,REVIEW
000107,BMW,K75A,K 75RTA,https://www.motorcyclespecs.co.za/model/bmw/bmw-k75rta-94.html,84,LOW,REVIEW
000107,BMW,K75A,K 75,https://www.motorcyclespecs.co.za/model/bmw/bmw-k75-87.html,82,LOW,REVIEW
000107,BMW,K75A,K 75T,https://www.motorcyclespecs.co.za/model/bmw/bmw-k75t-86.html,81,LOW,REVIEW
000107,BMW,K75A,K 75C,https://www.motorcyclespecs.co.za/model/bmw/bmw-k75c-85.html,76,LOW,REVIEW
000107,BMW,K75A,K 75C,https://www.motorcyclespecs.co.za/model/bmw/bmw-k75c-87.html,76,LOW,REVIEW
000107,BMW,K75A,K 75RT,https://www.motorcyclespecs.co.za/model/bmw/bmw-k75rt-90.html,76,LOW,REVIEW
000107,BMW,K75A,K 75S,https://www.motorcyclespecs.co.za/model/bmw/bmw-k75s-86.html,76,LOW,REVIEW
000107,BMW,K75A,K 75S,https://www.motorcyclespecs.co.za/model/bmw/bmw-k75s-87.html,76,LOW,REVIEW
000107,BMW,K75A,K 75RTA Ultima,https://www.motorcyclespecs.co.za/model/bmw/bmw-k75rt-ultima.html,68,LOW,MODEL_MISMATCH
000108,BMW,K75C,K 75C,https://www.motorcyclespecs.co.za/model/bmw/bmw-k75c-85.html,95,HIGH,EXACT
000108,BMW,K75C,K 75C,https://www.motorcyclespecs.co.za/model/bmw/bmw-k75c-87.html,95,HIGH,EXACT
000108,BMW,K75C,K 75,https://www.motorcyclespecs.co.za/model/bmw/bmw-k75-87.html,82,LOW,REVIEW
000108,BMW,K75C,K 75T,https://www.motorcyclespecs.co.za/model/bmw/bmw-k75t-86.html,81,LOW,REVIEW
000108,BMW,K75C,K 75RT,https://www.motorcyclespecs.co.za/model/bmw/bmw-k75rt-90.html,76,LOW,REVIEW
000108,BMW,K75C,K 75S,https://www.motorcyclespecs.co.za/model/bmw/bmw-k75s-86.html,76,LOW,REVIEW
000108,BMW,K75C,K 75S,https://www.motorcyclespecs.co.za/model/bmw/bmw-k75s-87.html,76,LOW,REVIEW
000108,BMW,K75C,K 75SA,https://www.motorcyclespecs.co.za/model/bmw/bmw-k75sa-94.html,76,LOW,REVIEW
000108,BMW,K75C,K 75RTA,https://www.motorcyclespecs.co.za/model/bmw/bmw-k75rta-94.html,73,LOW,REVIEW
000108,BMW,K75C,K 75RTA Ultima,https://www.motorcyclespecs.co.za/model/bmw/bmw-k75rt-ultima.html,62,LOW,MODEL_MISMATCH
000109,BMW,K75RT,K 75RT,https://www.motorcyclespecs.co.za/model/bmw/bmw-k75rt-90.html,95,HIGH,EXACT
000109,BMW,K75RT,K 75RTA,https://www.motorcyclespecs.co.za/model/bmw/bmw-k75rta-94.html,89,LOW,REVIEW
000109,BMW,K75RT,K 75T,https://www.motorcyclespecs.co.za/model/bmw/bmw-k75t-86.html,88,LOW,REVIEW
000109,BMW,K75RT,K 75,https://www.motorcyclespecs.co.za/model/bmw/bmw-k75-87.html,77,LOW,REVIEW
000109,BMW,K75RT,K 75SA,https://www.motorcyclespecs.co.za/model/bmw/bmw-k75sa-94.html,73,LOW,REVIEW
000109,BMW,K75RT,K 75C,https://www.motorcyclespecs.co.za/model/bmw/bmw-k75c-85.html,72,LOW,REVIEW
000109,BMW,K75RT,K 75C,https://www.motorcyclespecs.co.za/model/bmw/bmw-k75c-87.html,72,LOW,REVIEW
000109,BMW,K75RT,K 75RTA Ultima,https://www.motorcyclespecs.co.za/model/bmw/bmw-k75rt-ultima.html,72,LOW,REVIEW
000109,BMW,K75RT,K 75S,https://www.motorcyclespecs.co.za/model/bmw/bmw-k75s-86.html,71,LOW,REVIEW
000109,BMW,K75RT,K 75S,https://www.motorcyclespecs.co.za/model/bmw/bmw-k75s-87.html,71,LOW,REVIEW
000110,BMW,K75RT ABS,K 75RTA,https://www.motorcyclespecs.co.za/model/bmw/bmw-k75rta-94.html,81,LOW,REVIEW
000110,BMW,K75RT ABS,K 75RT,https://www.motorcyclespecs.co.za/model/bmw/bmw-k75rt-90.html,76,LOW,REVIEW
000110,BMW,K75RT ABS,K 75S,https://www.motorcyclespecs.co.za/model/bmw/bmw-k75s-86.html,71,LOW,REVIEW
000110,BMW,K75RT ABS,K 75S,https://www.motorcyclespecs.co.za/model/bmw/bmw-k75s-87.html,71,LOW,REVIEW
000110,BMW,K75RT ABS,K 75T,https://www.motorcyclespecs.co.za/model/bmw/bmw-k75t-86.html,71,LOW,REVIEW
000110,BMW,K75RT ABS,K 75RTA Ultima,https://www.motorcyclespecs.co.za/model/bmw/bmw-k75rt-ultima.html,70,LOW,REVIEW
000110,BMW,K75RT ABS,K 75SA,https://www.motorcyclespecs.co.za/model/bmw/bmw-k75sa-94.html,68,LOW,MODEL_MISMATCH
000110,BMW,K75RT ABS,K 75,https://www.motorcyclespecs.co.za/model/bmw/bmw-k75-87.html,62,LOW,MODEL_MISMATCH
000110,BMW,K75RT ABS,K 75C,https://www.motorcyclespecs.co.za/model/bmw/bmw-k75c-85.html,59,LOW,MODEL_MISMATCH
000110,BMW,K75RT ABS,K 75C,https://www.motorcyclespecs.co.za/model/bmw/bmw-k75c-87.html,59,LOW,MODEL_MISMATCH
000111,BMW,K75S,K 75S,https://www.motorcyclespecs.co.za/model/bmw/bmw-k75s-86.html,95,HIGH,EXACT
000111,BMW,K75S,K 75S,https://www.motorcyclespecs.co.za/model/bmw/bmw-k75s-87.html,95,HIGH,EXACT
000111,BMW,K75S,K 75SA,https://www.motorcyclespecs.co.za/model/bmw/bmw-k75sa-94.html,83,LOW,REVIEW
000111,BMW,K75S,K 75,https://www.motorcyclespecs.co.za/model/bmw/bmw-k75-87.html,77,LOW,REVIEW
000111,BMW,K75S,K 75T,https://www.motorcyclespecs.co.za/model/bmw/bmw-k75t-86.html,76,LOW,REVIEW
000111,BMW,K75S,K 75C,https://www.motorcyclespecs.co.za/model/bmw/bmw-k75c-85.html,71,LOW,REVIEW
000111,BMW,K75S,K 75C,https://www.motorcyclespecs.co.za/model/bmw/bmw-k75c-87.html,71,LOW,REVIEW
000111,BMW,K75S,K 75RT,https://www.motorcyclespecs.co.za/model/bmw/bmw-k75rt-90.html,71,LOW,REVIEW
000111,BMW,K75S,K 75RTA,https://www.motorcyclespecs.co.za/model/bmw/bmw-k75rta-94.html,68,LOW,MODEL_MISMATCH
000111,BMW,K75S,K 75RTA Ultima,https://www.motorcyclespecs.co.za/model/bmw/bmw-k75rt-ultima.html,57,LOW,MODEL_MISMATCH
000112,BMW,K75S ABS,K 75SA,https://www.motorcyclespecs.co.za/model/bmw/bmw-k75sa-94.html,79,LOW,REVIEW
000112,BMW,K75S ABS,K 75S,https://www.motorcyclespecs.co.za/model/bmw/bmw-k75s-86.html,74,LOW,REVIEW
000112,BMW,K75S ABS,K 75S,https://www.motorcyclespecs.co.za/model/bmw/bmw-k75s-87.html,74,LOW,REVIEW
000112,BMW,K75S ABS,K 75RTA,https://www.motorcyclespecs.co.za/model/bmw/bmw-k75rta-94.html,68,LOW,MODEL_MISMATCH
000112,BMW,K75S ABS,K 75T,https://www.motorcyclespecs.co.za/model/bmw/bmw-k75t-86.html,65,LOW,MODEL_MISMATCH
000112,BMW,K75S ABS,K 75,https://www.motorcyclespecs.co.za/model/bmw/bmw-k75-87.html,64,LOW,MODEL_MISMATCH
000112,BMW,K75S ABS,K 75RT,https://www.motorcyclespecs.co.za/model/bmw/bmw-k75rt-90.html,62,LOW,MODEL_MISMATCH
000112,BMW,K75S ABS,K 75C,https://www.motorcyclespecs.co.za/model/bmw/bmw-k75c-85.html,61,LOW,MODEL_MISMATCH
000112,BMW,K75S ABS,K 75C,https://www.motorcyclespecs.co.za/model/bmw/bmw-k75c-87.html,61,LOW,MODEL_MISMATCH
000112,BMW,K75S ABS,K 75RTA Ultima,https://www.motorcyclespecs.co.za/model/bmw/bmw-k75rt-ultima.html,60,LOW,MODEL_MISMATCH
000113,BMW,K75T,K 75T,https://www.motorcyclespecs.co.za/model/bmw/bmw-k75t-86.html,95,HIGH,EXACT
000113,BMW,K75T,K 75RT,https://www.motorcyclespecs.co.za/model/bmw/bmw-k75rt-90.html,88,LOW,REVIEW
000113,BMW,K75T,K 75RTA,https://www.motorcyclespecs.co.za/model/bmw/bmw-k75rta-94.html,84,LOW,REVIEW
000113,BMW,K75T,K 75,https://www.motorcyclespecs.co.za/model/bmw/bmw-k75-87.html,82,LOW,REVIEW
000113,BMW,K75T,K 75C,https://www.motorcyclespecs.co.za/model/bmw/bmw-k75c-85.html,76,LOW,REVIEW
000113,BMW,K75T,K 75C,https://www.motorcyclespecs.co.za/model/bmw/bmw-k75c-87.html,76,LOW,REVIEW
000113,BMW,K75T,K 75S,https://www.motorcyclespecs.co.za/model/bmw/bmw-k75s-86.html,76,LOW,REVIEW
000113,BMW,K75T,K 75S,https://www.motorcyclespecs.co.za/model/bmw/bmw-k75s-87.html,76,LOW,REVIEW
000113,BMW,K75T,K 75SA,https://www.motorcyclespecs.co.za/model/bmw/bmw-k75sa-94.html,76,LOW,REVIEW
000113,BMW,K75T,K 75RTA Ultima,https://www.motorcyclespecs.co.za/model/bmw/bmw-k75rt-ultima.html,68,LOW,MODEL_MISMATCH
000114,BMW,M1000R,M 1000R,https://www.motorcyclespecs.co.za/model/bmw/bmw-m-1000r-2025.html,95,HIGH,EXACT
000114,BMW,M1000R,M 1000R,https://www.motorcyclespecs.co.za/model/bmw/bmw-m-1000r-23.html,95,HIGH,EXACT
000114,BMW,M1000R,M 1000RR,https://www.motorcyclespecs.co.za/model/bmw/bmw-m1000rr-2025.html,84,LOW,REVIEW
000114,BMW,M1000R,M 1000RR,https://www.motorcyclespecs.co.za/model/bmw/bmw-m1000rr-2027.html,84,LOW,REVIEW
000114,BMW,M1000R,M 1000RR,https://www.motorcyclespecs.co.za/model/bmw/bmw-m1000rr-21.html,84,LOW,REVIEW
000114,BMW,M1000R,M 1000RR,https://www.motorcyclespecs.co.za/model/bmw/bmw-m1000rr-23.html,84,LOW,REVIEW
000114,BMW,M1000R,M 1000XR,https://www.motorcyclespecs.co.za/model/bmw/bmw-m1000xr-2024.html,84,LOW,REVIEW
000114,BMW,M1000R,M 1000XR,https://www.motorcyclespecs.co.za/model/bmw/bmw-m1000xr-2027.html,84,LOW,REVIEW
000114,BMW,M1000R,"M 1000RR 
	Champion Edition",https://www.motorcyclespecs.co.za/model/bmw/bmw-m1000rr-champion-2025.html,58,LOW,MODEL_MISMATCH
000114,BMW,M1000R,"M 1000RR 
	Isle of Man TT Special Edition",https://www.motorcyclespecs.co.za/model/bmw/bmw-m1000rr-tt-se-2026.html,53,LOW,MODEL_MISMATCH
000114,BMW,M1000R,"M 1000RR 
	50 Years M Edition",https://www.motorcyclespecs.co.za/model/bmw/bmw-m1000rr-50-years-22.html,49,LOW,NUMBER_MISMATCH
000115,BMW,M1000RR,M 1000RR,https://www.motorcyclespecs.co.za/model/bmw/bmw-m1000rr-2025.html,95,HIGH,EXACT
000115,BMW,M1000RR,M 1000RR,https://www.motorcyclespecs.co.za/model/bmw/bmw-m1000rr-2027.html,95,HIGH,EXACT
000115,BMW,M1000RR,M 1000RR,https://www.motorcyclespecs.co.za/model/bmw/bmw-m1000rr-21.html,95,HIGH,EXACT
000115,BMW,M1000RR,M 1000RR,https://www.motorcyclespecs.co.za/model/bmw/bmw-m1000rr-23.html,95,HIGH,EXACT
000115,BMW,M1000RR,M 1000R,https://www.motorcyclespecs.co.za/model/bmw/bmw-m-1000r-2025.html,84,LOW,REVIEW
000115,BMW,M1000RR,M 1000R,https://www.motorcyclespecs.co.za/model/bmw/bmw-m-1000r-23.html,84,LOW,REVIEW
000115,BMW,M1000RR,M 1000XR,https://www.motorcyclespecs.co.za/model/bmw/bmw-m1000xr-2024.html,81,LOW,REVIEW
000115,BMW,M1000RR,M 1000XR,https://www.motorcyclespecs.co.za/model/bmw/bmw-m1000xr-2027.html,81,LOW,REVIEW
000115,BMW,M1000RR,"M 1000RR 
	Champion Edition",https://www.motorcyclespecs.co.za/model/bmw/bmw-m1000rr-champion-2025.html,65,LOW,MODEL_MISMATCH
000115,BMW,M1000RR,"M 1000RR 
	Isle of Man TT Special Edition",https://www.motorcyclespecs.co.za/model/bmw/bmw-m1000rr-tt-se-2026.html,60,LOW,MODEL_MISMATCH
000115,BMW,M1000RR,"M 1000RR 
	50 Years M Edition",https://www.motorcyclespecs.co.za/model/bmw/bmw-m1000rr-50-years-22.html,56,LOW,NUMBER_MISMATCH
000116,BMW,M1000RR 50 Years M,"M 1000RR 
	50 Years M Edition",https://www.motorcyclespecs.co.za/model/bmw/bmw-m1000rr-50-years-22.html,83,LOW,REVIEW
000117,BMW,M1000XR,M 1000XR,https://www.motorcyclespecs.co.za/model/bmw/bmw-m1000xr-2024.html,95,HIGH,EXACT
000117,BMW,M1000XR,M 1000XR,https://www.motorcyclespecs.co.za/model/bmw/bmw-m1000xr-2027.html,95,HIGH,EXACT
000117,BMW,M1000XR,M 1000R,https://www.motorcyclespecs.co.za/model/bmw/bmw-m-1000r-2025.html,84,LOW,REVIEW
000117,BMW,M1000XR,M 1000R,https://www.motorcyclespecs.co.za/model/bmw/bmw-m-1000r-23.html,84,LOW,REVIEW
000117,BMW,M1000XR,M 1000RR,https://www.motorcyclespecs.co.za/model/bmw/bmw-m1000rr-2025.html,81,LOW,REVIEW
000117,BMW,M1000XR,M 1000RR,https://www.motorcyclespecs.co.za/model/bmw/bmw-m1000rr-2027.html,81,LOW,REVIEW
000117,BMW,M1000XR,M 1000RR,https://www.motorcyclespecs.co.za/model/bmw/bmw-m1000rr-21.html,81,LOW,REVIEW
000117,BMW,M1000XR,M 1000RR,https://www.motorcyclespecs.co.za/model/bmw/bmw-m1000rr-23.html,81,LOW,REVIEW
000117,BMW,M1000XR,"M 1000RR 
	Champion Edition",https://www.motorcyclespecs.co.za/model/bmw/bmw-m1000rr-champion-2025.html,57,LOW,MODEL_MISMATCH
000117,BMW,M1000XR,"M 1000RR 
	Isle of Man TT Special Edition",https://www.motorcyclespecs.co.za/model/bmw/bmw-m1000rr-tt-se-2026.html,52,LOW,MODEL_MISMATCH
000117,BMW,M1000XR,"M 1000RR 
	50 Years M Edition",https://www.motorcyclespecs.co.za/model/bmw/bmw-m1000rr-50-years-22.html,48,LOW,NUMBER_MISMATCH
000118,BMW,R 12,R 12,https://www.motorcyclespecs.co.za/model/bmw/bmw-r12-twin-carb.html,95,HIGH,EXACT
000118,BMW,R 12,R 12GS,https://www.motorcyclespecs.co.za/model/bmw/bmw-r12-gs-2025.html,77,LOW,REVIEW
000118,BMW,R 12,R 12 S,https://www.motorcyclespecs.co.za/model/bmw/bmw-r12-ninet-s-2025.html,77,LOW,REVIEW
000118,BMW,R 12,R nineT R12,https://www.motorcyclespecs.co.za/model/bmw/bmw-r12-nineT-2023.html,65,LOW,MODEL_MISMATCH
000118,BMW,R 12,R 1200C,https://www.motorcyclespecs.co.za/model/bmw/bmw-r1200c-00.html,65,LOW,NUMBER_MISMATCH
000118,BMW,R 12,R 1200C,https://www.motorcyclespecs.co.za/model/bmw/bmw-r1200c-03.html,65,LOW,NUMBER_MISMATCH
000118,BMW,R 12,R 1200C,https://www.motorcyclespecs.co.za/model/bmw/bmw-r1200c-98.html,65,LOW,NUMBER_MISMATCH
000118,BMW,R 12,R 1200C,https://www.motorcyclespecs.co.za/model/bmw/bmw-r1200c.html,65,LOW,NUMBER_MISMATCH
000118,BMW,R 12,R 1200R,https://www.motorcyclespecs.co.za/model/bmw/bmw-r1200r-07.html,65,LOW,NUMBER_MISMATCH
000118,BMW,R 12,R 1200R,https://www.motorcyclespecs.co.za/model/bmw/bmw-r1200r-08.html,65,LOW,NUMBER_MISMATCH
000118,BMW,R 12,R 1200R,https://www.motorcyclespecs.co.za/model/bmw/bmw-r1200r-09.html,65,LOW,NUMBER_MISMATCH
000118,BMW,R 12,R 1200R,https://www.motorcyclespecs.co.za/model/bmw/bmw-r1200r-10.html,65,LOW,NUMBER_MISMATCH
000118,BMW,R 12,R 1200R,https://www.motorcyclespecs.co.za/model/bmw/bmw-r1200r-11.html,65,LOW,NUMBER_MISMATCH
000118,BMW,R 12,R 1200R,https://www.motorcyclespecs.co.za/model/bmw/bmw-r1200r-12.html,65,LOW,NUMBER_MISMATCH
000118,BMW,R 12,R 1200R,https://www.motorcyclespecs.co.za/model/bmw/bmw-r1200r-13.html,65,LOW,NUMBER_MISMATCH
000118,BMW,R 12,R 1200R,https://www.motorcyclespecs.co.za/model/bmw/bmw-r1200r-14.html,65,LOW,NUMBER_MISMATCH
000118,BMW,R 12,R 1250R,https://www.motorcyclespecs.co.za/model/bmw/bmw-r1250r-19.html,65,LOW,NUMBER_MISMATCH
000118,BMW,R 12,R 1250R,https://www.motorcyclespecs.co.za/model/bmw/bmw-r1250r-21.html,65,LOW,NUMBER_MISMATCH
000118,BMW,R 12,R 1250R,https://www.motorcyclespecs.co.za/model/bmw/bmw-r1250r-23.html,65,LOW,NUMBER_MISMATCH
000118,BMW,R 12,R 1250R,https://www.motorcyclespecs.co.za/model/bmw/bmw-r1250r_20.html,65,LOW,NUMBER_MISMATCH
000118,BMW,R 12,"R 
		51/2",https://www.motorcyclespecs.co.za/model/bmw/bmw-r51-2.html,65,LOW,NUMBER_MISMATCH
000118,BMW,R 12,R 12 Cruiser,https://www.motorcyclespecs.co.za/model/bmw/bmw-r12-Cruiser-2024.html,63,LOW,MODEL_MISMATCH
000118,BMW,R 12,R 12 Roadster,https://www.motorcyclespecs.co.za/model/bmw/bmw-r12-nineT-2024.html,62,LOW,MODEL_MISMATCH
000118,BMW,R 12,R 1200CL,https://www.motorcyclespecs.co.za/model/bmw/bmw-r1200cl-04.html,62,LOW,NUMBER_MISMATCH
000118,BMW,R 12,R 1200CL,https://www.motorcyclespecs.co.za/model/bmw/bmw-r1200cl-05.html,62,LOW,NUMBER_MISMATCH
000118,BMW,R 12,R 1200CL,https://www.motorcyclespecs.co.za/model/bmw/bmw-r1200cl.html,62,LOW,NUMBER_MISMATCH
000118,BMW,R 12,R 1200GS,https://www.motorcyclespecs.co.za/model/bmw/bmw-r1200gs-04.html,62,LOW,NUMBER_MISMATCH
000118,BMW,R 12,R 1200GS,https://www.motorcyclespecs.co.za/model/bmw/bmw-r1200gs-05.html,62,LOW,NUMBER_MISMATCH
000118,BMW,R 12,R 1200GS,https://www.motorcyclespecs.co.za/model/bmw/bmw-r1200gs-06.html,62,LOW,NUMBER_MISMATCH
000118,BMW,R 12,R 1200GS,https://www.motorcyclespecs.co.za/model/bmw/bmw-r1200gs-07.html,62,LOW,NUMBER_MISMATCH
000118,BMW,R 12,R 1200GS,https://www.motorcyclespecs.co.za/model/bmw/bmw-r1200gs-08.html,62,LOW,NUMBER_MISMATCH
000118,BMW,R 12,R 1200GS,https://www.motorcyclespecs.co.za/model/bmw/bmw-r1200gs-10.html,62,LOW,NUMBER_MISMATCH
000118,BMW,R 12,R 1200GS,https://www.motorcyclespecs.co.za/model/bmw/bmw-r1200gs-11.html,62,LOW,NUMBER_MISMATCH
000118,BMW,R 12,R 1200GS,https://www.motorcyclespecs.co.za/model/bmw/bmw-r1200gs-12.html,62,LOW,NUMBER_MISMATCH
000118,BMW,R 12,R 1200RT,https://www.motorcyclespecs.co.za/model/bmw/bmw-r1200rt-05.html,62,LOW,NUMBER_MISMATCH
000118,BMW,R 12,R 1200RT,https://www.motorcyclespecs.co.za/model/bmw/bmw-r1200rt-06.html,62,LOW,NUMBER_MISMATCH
000118,BMW,R 12,R 1200RT,https://www.motorcyclespecs.co.za/model/bmw/bmw-r1200rt-07.html,62,LOW,NUMBER_MISMATCH
000118,BMW,R 12,R 1200RT,https://www.motorcyclespecs.co.za/model/bmw/bmw-r1200rt-08.html,62,LOW,NUMBER_MISMATCH
000118,BMW,R 12,R 1200RT,https://www.motorcyclespecs.co.za/model/bmw/bmw-r1200rt-09.html,62,LOW,NUMBER_MISMATCH
000118,BMW,R 12,R 1200RT,https://www.motorcyclespecs.co.za/model/bmw/bmw-r1200rt-10.html,62,LOW,NUMBER_MISMATCH
000118,BMW,R 12,R 1200RT,https://www.motorcyclespecs.co.za/model/bmw/bmw-r1200rt-11.html,62,LOW,NUMBER_MISMATCH
000118,BMW,R 12,R 1200RT,https://www.motorcyclespecs.co.za/model/bmw/bmw-r1200rt-12.html,62,LOW,NUMBER_MISMATCH
000118,BMW,R 12,R 1200RT,https://www.motorcyclespecs.co.za/model/bmw/bmw-r1200rt-13.html,62,LOW,NUMBER_MISMATCH
000118,BMW,R 12,R 1200ST,https://www.motorcyclespecs.co.za/model/bmw/bmw-r1200st-05.html,62,LOW,NUMBER_MISMATCH
000118,BMW,R 12,R 1200ST,https://www.motorcyclespecs.co.za/model/bmw/bmw-r1200st-06.html,62,LOW,NUMBER_MISMATCH
000118,BMW,R 12,R 1200ST,https://www.motorcyclespecs.co.za/model/bmw/bmw-r1200st-07.html,62,LOW,NUMBER_MISMATCH
000118,BMW,R 12,R 1250GS,https://www.motorcyclespecs.co.za/model/bmw/bmw-r1250gs-19.html,62,LOW,NUMBER_MISMATCH
000118,BMW,R 12,R 1250GS,https://www.motorcyclespecs.co.za/model/bmw/bmw-r1250gs-21.html,62,LOW,NUMBER_MISMATCH
000118,BMW,R 12,R 1250RS,https://www.motorcyclespecs.co.za/model/bmw/bmw-r1250rs-19.html,62,LOW,NUMBER_MISMATCH
000118,BMW,R 12,R 1250RS,https://www.motorcyclespecs.co.za/model/bmw/bmw-r1250rs-20.html,62,LOW,NUMBER_MISMATCH
000118,BMW,R 12,R 1250RS,https://www.motorcyclespecs.co.za/model/bmw/bmw-r1250rs-21.html,62,LOW,NUMBER_MISMATCH
000118,BMW,R 12,R 1250RS,https://www.motorcyclespecs.co.za/model/bmw/bmw-r1250rs-22.html,62,LOW,NUMBER_MISMATCH
000118,BMW,R 12,R 1250RS,https://www.motorcyclespecs.co.za/model/bmw/bmw-r1250rs-23.html,62,LOW,NUMBER_MISMATCH
000118,BMW,R 12,R 12 5 0RT,https://www.motorcyclespecs.co.za/model/bmw/bmw-r1250rt-19.html,62,LOW,NUMBER_MISMATCH
000118,BMW,R 12,R 1250RT,https://www.motorcyclespecs.co.za/model/bmw/bmw-r1250rt-20.html,62,LOW,NUMBER_MISMATCH
000118,BMW,R 12,R 1250RS,https://www.motorcyclespecs.co.za/model/bmw/bmw-r1250rt-21.html,62,LOW,NUMBER_MISMATCH
000118,BMW,R 12,R 1250RT,https://www.motorcyclespecs.co.za/model/bmw/bmw-r1250rt-22.html,62,LOW,NUMBER_MISMATCH
000118,BMW,R 12,R 1200R LC,https://www.motorcyclespecs.co.za/model/bmw/bmw-r1200r-15.html,60,LOW,NUMBER_MISMATCH
000118,BMW,R 12,R 1200R LC,https://www.motorcyclespecs.co.za/model/bmw/bmw-r1200r-16.html,60,LOW,NUMBER_MISMATCH
000118,BMW,R 12,R 1200R LC,https://www.motorcyclespecs.co.za/model/bmw/bmw-r1200r-17.html,60,LOW,NUMBER_MISMATCH
000118,BMW,R 12,R 1200R LC,https://www.motorcyclespecs.co.za/model/bmw/bmw-r1200r-18.html,60,LOW,NUMBER_MISMATCH
000118,BMW,R 12,R 1200S,https://www.motorcyclespecs.co.za/model/bmw/bmw-r1200s-06.html,60,LOW,NUMBER_MISMATCH
000118,BMW,R 12,R 1200S,https://www.motorcyclespecs.co.za/model/bmw/bmw-r1200s-07.html,60,LOW,NUMBER_MISMATCH
000118,BMW,R 12,R 1200S,https://www.motorcyclespecs.co.za/model/bmw/bmw-r1200s-08.html,60,LOW,NUMBER_MISMATCH
000118,BMW,R 12,R 1200GS LC,https://www.motorcyclespecs.co.za/model/bmw/bmw-r1200gs-13.html,55,LOW,NUMBER_MISMATCH
000118,BMW,R 12,R 1200GS LC,https://www.motorcyclespecs.co.za/model/bmw/bmw-r1200gs-14.html,55,LOW,NUMBER_MISMATCH
000118,BMW,R 12,R 1200GS LC,https://www.motorcyclespecs.co.za/model/bmw/bmw-r1200gs-15.html,55,LOW,NUMBER_MISMATCH
000118,BMW,R 12,R 1200GS LC,https://www.motorcyclespecs.co.za/model/bmw/bmw-r1200gs-16.html,55,LOW,NUMBER_MISMATCH
000118,BMW,R 12,R 1200RS LC,https://www.motorcyclespecs.co.za/model/bmw/bmw-r1200rs-15.html,55,LOW,NUMBER_MISMATCH
000118,BMW,R 12,R 1200RS LC,https://www.motorcyclespecs.co.za/model/bmw/bmw-r1200rs-16.html,55,LOW,NUMBER_MISMATCH
000118,BMW,R 12,R 1200RS LC,https://www.motorcyclespecs.co.za/model/bmw/bmw-r1200rs-17.html,55,LOW,NUMBER_MISMATCH
000118,BMW,R 12,R 1200RS LC,https://www.motorcyclespecs.co.za/model/bmw/bmw-r1200rs-18.html,55,LOW,NUMBER_MISMATCH
000118,BMW,R 12,R 1200RT LC,https://www.motorcyclespecs.co.za/model/bmw/bmw-r1200rt-14.html,55,LOW,NUMBER_MISMATCH
000118,BMW,R 12,R 1200RT LC,https://www.motorcyclespecs.co.za/model/bmw/bmw-r1200rt-15.html,55,LOW,NUMBER_MISMATCH
000118,BMW,R 12,R 1200RT LC,https://www.motorcyclespecs.co.za/model/bmw/bmw-r1200rt-16.html,55,LOW,NUMBER_MISMATCH
000118,BMW,R 12,R 1200RT LC,https://www.motorcyclespecs.co.za/model/bmw/bmw-r1200rt-17.html,55,LOW,NUMBER_MISMATCH
000118,BMW,R 12,R 1200RT LC,https://www.motorcyclespecs.co.za/model/bmw/bmw-r1200rt-18.html,55,LOW,NUMBER_MISMATCH
000118,BMW,R 12,R 1250GS HP,https://www.motorcyclespecs.co.za/model/bmw/bmw-r1250gs-hp-19.html,55,LOW,NUMBER_MISMATCH
000118,BMW,R 12,R 1200RT Fire,https://www.motorcyclespecs.co.za/model/bmw/bmw-r1200rt-fire.html,52,LOW,NUMBER_MISMATCH
000118,BMW,R 12,"R 1200C 
	Montauk",https://www.motorcyclespecs.co.za/model/bmw/bmw-r1200c-montauk-03.html,50,LOW,NUMBER_MISMATCH
000118,BMW,R 12,"R 
		1200GS Rallye",https://www.motorcyclespecs.co.za/model/bmw/bmw-r1200gs-rally-12.html,50,LOW,NUMBER_MISMATCH
000118,BMW,R 12,"R 
		1200R Classic",https://www.motorcyclespecs.co.za/model/bmw/bmw-r1200r-classic-11.html,50,LOW,NUMBER_MISMATCH
000118,BMW,R 12,"R 
		1200R Classic",https://www.motorcyclespecs.co.za/model/bmw/bmw-r1200r-classic-12.html,50,LOW,NUMBER_MISMATCH
000118,BMW,R 12,"R 
		1200RT Police",https://www.motorcyclespecs.co.za/model/bmw/bmw-r1200rt-police.html,50,LOW,NUMBER_MISMATCH
000118,BMW,R 12,R 12 5 0RT Elegance,https://www.motorcyclespecs.co.za/model/bmw/bmw-r1250rt-ela-19.html,48,LOW,NUMBER_MISMATCH
000118,BMW,R 12,R 1200C Aventgarde,https://www.motorcyclespecs.co.za/model/bmw/bmw-r1200c-avantgarde-02.html,47,LOW,NUMBER_MISMATCH
000118,BMW,R 12,R 1200GS LC Rallye,https://www.motorcyclespecs.co.za/model/bmw/bmw-r1200gs-17.html,47,LOW,NUMBER_MISMATCH
000118,BMW,R 12,R 1200GS LC Rallye,https://www.motorcyclespecs.co.za/model/bmw/bmw-r1200gs-rally-18.html,47,LOW,NUMBER_MISMATCH
000118,BMW,R 12,"R 1250GS 
		Exclusive",https://www.motorcyclespecs.co.za/model/bmw/bmw-r1250gs-ex-19.html,47,LOW,NUMBER_MISMATCH
000118,BMW,R 12,R 1200C Independent,https://www.motorcyclespecs.co.za/model/bmw/bmw-r1200c-independent-02.html,46,LOW,NUMBER_MISMATCH
000118,BMW,R 12,"R 1250GS / 
		Exclusive / HP",https://www.motorcyclespecs.co.za/model/bmw/bmw-r1250gs-20.html,46,LOW,NUMBER_MISMATCH
000118,BMW,R 12,R 12 5 0R T Sport,https://www.motorcyclespecs.co.za/model/bmw/bmw-r1250rt-sp-19.html,46,LOW,NUMBER_MISMATCH
000118,BMW,R 12,R 1200GS LC TE Exclusive,https://www.motorcyclespecs.co.za/model/bmw/bmw-r1200gs-ex-17.html,45,LOW,NUMBER_MISMATCH
000118,BMW,R 12,R 1200GS LC TE Exclusive,https://www.motorcyclespecs.co.za/model/bmw/bmw-r1200gs-ex-18.html,45,LOW,NUMBER_MISMATCH
000118,BMW,R 12,"R 
		1200R 90th Anniversary",https://www.motorcyclespecs.co.za/model/bmw/bmw-r1200r-90th-ani.html,44,LOW,NUMBER_MISMATCH
000118,BMW,R 12,R 1200RT 90th Anniversary,https://www.motorcyclespecs.co.za/model/bmw/bmw-r1200rt-90th-anniversary.html,44,LOW,NUMBER_MISMATCH
000118,BMW,R 12,"R 1200ST Limited 
		Edition",https://www.motorcyclespecs.co.za/model/bmw/bmw-r1200st-le-07.html,44,LOW,NUMBER_MISMATCH
000118,BMW,R 12,R 1250GS 40 Years Edition,https://www.motorcyclespecs.co.za/model/bmw/bmw-r1250gs-40th-21.html,44,LOW,NUMBER_MISMATCH
000118,BMW,R 12,R 1200GS Adventure,https://www.motorcyclespecs.co.za/model/bmw/bmw-r1200gs-adventure-06.html,42,LOW,NUMBER_MISMATCH
000118,BMW,R 12,R 1200GS Adventure,https://www.motorcyclespecs.co.za/model/bmw/bmw-r1200gs-adventure-07.html,42,LOW,NUMBER_MISMATCH
000118,BMW,R 12,R 1200GS Adventure,https://www.motorcyclespecs.co.za/model/bmw/bmw-r1200gs-adventure-08.html,42,LOW,NUMBER_MISMATCH
000118,BMW,R 12,"R 
		1200GS Adventure",https://www.motorcyclespecs.co.za/model/bmw/bmw-r1200gs-adventure-09.html,42,LOW,NUMBER_MISMATCH
000118,BMW,R 12,R 1200GS Adventure,https://www.motorcyclespecs.co.za/model/bmw/bmw-r1200gs-adventure-10.html,42,LOW,NUMBER_MISMATCH
000118,BMW,R 12,"R 
		1200GS Adventure",https://www.motorcyclespecs.co.za/model/bmw/bmw-r1200gs-adventure-11.html,42,LOW,NUMBER_MISMATCH
000118,BMW,R 12,"R 
		1200GS Adventure",https://www.motorcyclespecs.co.za/model/bmw/bmw-r1200gs-adventure-12.html,42,LOW,NUMBER_MISMATCH
000118,BMW,R 12,"R 
		1200GS Adventure",https://www.motorcyclespecs.co.za/model/bmw/bmw-r1200gs-adventure-13.html,42,LOW,NUMBER_MISMATCH
000118,BMW,R 12,R 1200GS Adventure,https://www.motorcyclespecs.co.za/model/bmw/bmw-r1200gs-adventure-heroes-legend.html,42,LOW,NUMBER_MISMATCH
000118,BMW,R 12,"R 
		1200GS 30th Anniversary Special",https://www.motorcyclespecs.co.za/model/bmw/bmw-r1200gs-special-10.html,42,LOW,NUMBER_MISMATCH
000118,BMW,R 12,"R 1200R ""Dark White"" Special Edition",https://www.motorcyclespecs.co.za/model/bmw/bmw-r1200r-dark.html,42,LOW,NUMBER_MISMATCH
000118,BMW,R 12,"R 
		1250GS Adventure",https://www.motorcyclespecs.co.za/model/bmw/bmw-r1250gs-adven-20.html,42,LOW,NUMBER_MISMATCH
000118,BMW,R 12,"R 
		1250GS Adventure",https://www.motorcyclespecs.co.za/model/bmw/bmw-r1250gs-adven-21.html,42,LOW,NUMBER_MISMATCH
000118,BMW,R 12,"R 
		1250GS Adventure",https://www.motorcyclespecs.co.za/model/bmw/bmw-r250gs_adven-19.html,42,LOW,NUMBER_MISMATCH
000118,BMW,R 12,R 1200GS Tom Luthi Limited Edition,https://www.motorcyclespecs.co.za/model/bmw/bmw-r1200gs-Luthi-ie.html,41,LOW,NUMBER_MISMATCH
000118,BMW,R 12,"R 
		1200GS LC Adventure",https://www.motorcyclespecs.co.za/model/bmw/bmw-r1200gs-adventure-14.html,41,LOW,NUMBER_MISMATCH
000118,BMW,R 12,"R 
		1200GS LC Adventure",https://www.motorcyclespecs.co.za/model/bmw/bmw-r1200gs-adventure-15.html,41,LOW,NUMBER_MISMATCH
000118,BMW,R 12,"R 
		1200GS LC Adventure",https://www.motorcyclespecs.co.za/model/bmw/bmw-r1200gs-adventure-16.html,41,LOW,NUMBER_MISMATCH
000118,BMW,R 12,"R 1200GS 
		LC Adventure",https://www.motorcyclespecs.co.za/model/bmw/bmw-r1200gs-adventure-18.html,41,LOW,NUMBER_MISMATCH
000118,BMW,R 12,R 1200GS LC Iconic Limited Edition,https://www.motorcyclespecs.co.za/model/bmw/bmw-r1200gs-iconic.html,41,LOW,NUMBER_MISMATCH
000118,BMW,R 12,"R 1200R LC 
		Black Edition (Italy only)",https://www.motorcyclespecs.co.za/model/bmw/bmw-r1200r-black-17.html,41,LOW,NUMBER_MISMATCH
000118,BMW,R 12,"R 1200RS LC Iconic 
		Limited Edition",https://www.motorcyclespecs.co.za/model/bmw/bmw-r1200rs-lc-iconic-16.html,41,LOW,NUMBER_MISMATCH
000118,BMW,R 12,"R 1200RT LC Iconic 
		Limited Edition",https://www.motorcyclespecs.co.za/model/bmw/bmw-r1200rt-iconic-16.html,41,LOW,NUMBER_MISMATCH
000118,BMW,R 12,"R 
		1200GS Triple Black Special Edition",https://www.motorcyclespecs.co.za/model/bmw/bmw-r1200gs-black-11.html,40,LOW,NUMBER_MISMATCH
000118,BMW,R 12,R 1200GS LC Triple Black Special Edition,https://www.motorcyclespecs.co.za/model/bmw/bmw-r1200gs-lc-triole-black.html,40,LOW,NUMBER_MISMATCH
000118,BMW,R 12,"R 
		1200GS Alpine White Special Version",https://www.motorcyclespecs.co.za/model/bmw/bmw-r1200gs-special-09.html,40,LOW,NUMBER_MISMATCH
000118,BMW,R 12,"R 
		1200R Touring Special",https://www.motorcyclespecs.co.za/model/bmw/bmw-r1200r-special-10.html,40,LOW,NUMBER_MISMATCH
000118,BMW,R 12,R 1200RT Touring Special,https://www.motorcyclespecs.co.za/model/bmw/bmw-r1200rt-se-09.html,39,LOW,NUMBER_MISMATCH
000118,BMW,R 12,R 1200GS Adventure Triple Black,https://www.motorcyclespecs.co.za/model/bmw/bmw-r1200gs-adventure-black.html,38,LOW,NUMBER_MISMATCH
000118,BMW,R 12,"R 
		1250GS Adventure 40 Years Edition",https://www.motorcyclespecs.co.za/model/bmw/bmw-r1250gs-adven-40th-21.html,37,LOW,NUMBER_MISMATCH
000118,BMW,R 12,"R 1200GS 
		LC Adventure Black Edition",https://www.motorcyclespecs.co.za/model/bmw/bmw-r1200gs-adventure-black-18.html,36,LOW,NUMBER_MISMATCH
000118,BMW,R 12,"R 1200GS 
		LC Adventure Triple Black",https://www.motorcyclespecs.co.za/model/bmw/bmw-r1200gs-adventure-triple-black.html,36,LOW,NUMBER_MISMATCH
000118,BMW,R 12,R 1200GS Adventure 90th Anniversary Special,https://www.motorcyclespecs.co.za/model/bmw/bmw-r1200gs-90th-anniversary.html,35,LOW,NUMBER_MISMATCH
000118,BMW,R 12,R 1200GS LC Adventure Iconic Limited Edition,https://www.motorcyclespecs.co.za/model/bmw/bmw-r1200gs-adventure-iconic-16.html,35,LOW,NUMBER_MISMATCH
000118,BMW,R 12,R 1200GS Adventure Long Way Down Replicas,https://www.motorcyclespecs.co.za/model/bmw/bmw-r1200gs-adventure-long-way.html,35,LOW,NUMBER_MISMATCH
000118,BMW,R 12,R 1200GS Adventure 30th Anniversary Special,https://www.motorcyclespecs.co.za/model/bmw/bmw-r1200gs-adventure-special-10.html,35,LOW,NUMBER_MISMATCH
000119,BMW,R 12 G/S,R 12GS,https://www.motorcyclespecs.co.za/model/bmw/bmw-r12-gs-2025.html,90,LOW,REVIEW
000119,BMW,R 12 G/S,R 12 S,https://www.motorcyclespecs.co.za/model/bmw/bmw-r12-ninet-s-2025.html,87,LOW,REVIEW
000119,BMW,R 12 G/S,R 12,https://www.motorcyclespecs.co.za/model/bmw/bmw-r12-twin-carb.html,71,LOW,REVIEW
000119,BMW,R 12 G/S,R 1200GS,https://www.motorcyclespecs.co.za/model/bmw/bmw-r1200gs-04.html,65,LOW,NUMBER_MISMATCH
000119,BMW,R 12 G/S,R 1200GS,https://www.motorcyclespecs.co.za/model/bmw/bmw-r1200gs-05.html,65,LOW,NUMBER_MISMATCH
000119,BMW,R 12 G/S,R 1200GS,https://www.motorcyclespecs.co.za/model/bmw/bmw-r1200gs-06.html,65,LOW,NUMBER_MISMATCH
000119,BMW,R 12 G/S,R 1200GS,https://www.motorcyclespecs.co.za/model/bmw/bmw-r1200gs-07.html,65,LOW,NUMBER_MISMATCH
000119,BMW,R 12 G/S,R 1200GS,https://www.motorcyclespecs.co.za/model/bmw/bmw-r1200gs-08.html,65,LOW,NUMBER_MISMATCH
000119,BMW,R 12 G/S,R 1200GS,https://www.motorcyclespecs.co.za/model/bmw/bmw-r1200gs-10.html,65,LOW,NUMBER_MISMATCH
000119,BMW,R 12 G/S,R 1200GS,https://www.motorcyclespecs.co.za/model/bmw/bmw-r1200gs-11.html,65,LOW,NUMBER_MISMATCH
000119,BMW,R 12 G/S,R 1200GS,https://www.motorcyclespecs.co.za/model/bmw/bmw-r1200gs-12.html,65,LOW,NUMBER_MISMATCH
000119,BMW,R 12 G/S,R 1200S,https://www.motorcyclespecs.co.za/model/bmw/bmw-r1200s-06.html,65,LOW,NUMBER_MISMATCH
000119,BMW,R 12 G/S,R 1200S,https://www.motorcyclespecs.co.za/model/bmw/bmw-r1200s-07.html,65,LOW,NUMBER_MISMATCH
000119,BMW,R 12 G/S,R 1200S,https://www.motorcyclespecs.co.za/model/bmw/bmw-r1200s-08.html,65,LOW,NUMBER_MISMATCH
000119,BMW,R 12 G/S,R 1250GS,https://www.motorcyclespecs.co.za/model/bmw/bmw-r1250gs-19.html,65,LOW,NUMBER_MISMATCH
000119,BMW,R 12 G/S,R 1250GS,https://www.motorcyclespecs.co.za/model/bmw/bmw-r1250gs-21.html,65,LOW,NUMBER_MISMATCH
000119,BMW,R 12 G/S,R 12 Roadster,https://www.motorcyclespecs.co.za/model/bmw/bmw-r12-nineT-2024.html,63,LOW,MODEL_MISMATCH
000119,BMW,R 12 G/S,R 1200ST,https://www.motorcyclespecs.co.za/model/bmw/bmw-r1200st-05.html,63,LOW,NUMBER_MISMATCH
000119,BMW,R 12 G/S,R 1200ST,https://www.motorcyclespecs.co.za/model/bmw/bmw-r1200st-06.html,63,LOW,NUMBER_MISMATCH
000119,BMW,R 12 G/S,R 1200ST,https://www.motorcyclespecs.co.za/model/bmw/bmw-r1200st-07.html,63,LOW,NUMBER_MISMATCH
000119,BMW,R 12 G/S,R 1250RS,https://www.motorcyclespecs.co.za/model/bmw/bmw-r1250rs-19.html,63,LOW,NUMBER_MISMATCH
000119,BMW,R 12 G/S,R 1250RS,https://www.motorcyclespecs.co.za/model/bmw/bmw-r1250rs-20.html,63,LOW,NUMBER_MISMATCH
000119,BMW,R 12 G/S,R 1250RS,https://www.motorcyclespecs.co.za/model/bmw/bmw-r1250rs-21.html,63,LOW,NUMBER_MISMATCH
000119,BMW,R 12 G/S,R 1250RS,https://www.motorcyclespecs.co.za/model/bmw/bmw-r1250rs-22.html,63,LOW,NUMBER_MISMATCH
000119,BMW,R 12 G/S,R 1250RS,https://www.motorcyclespecs.co.za/model/bmw/bmw-r1250rs-23.html,63,LOW,NUMBER_MISMATCH
000119,BMW,R 12 G/S,R 1250RS,https://www.motorcyclespecs.co.za/model/bmw/bmw-r1250rt-21.html,63,LOW,NUMBER_MISMATCH
000119,BMW,R 12 G/S,R 12 Cruiser,https://www.motorcyclespecs.co.za/model/bmw/bmw-r12-Cruiser-2024.html,62,LOW,MODEL_MISMATCH
000119,BMW,R 12 G/S,R 1200GS LC,https://www.motorcyclespecs.co.za/model/bmw/bmw-r1200gs-13.html,59,LOW,NUMBER_MISMATCH
000119,BMW,R 12 G/S,R 1200GS LC,https://www.motorcyclespecs.co.za/model/bmw/bmw-r1200gs-14.html,59,LOW,NUMBER_MISMATCH
000119,BMW,R 12 G/S,R 1200GS LC,https://www.motorcyclespecs.co.za/model/bmw/bmw-r1200gs-15.html,59,LOW,NUMBER_MISMATCH
000119,BMW,R 12 G/S,R 1200GS LC,https://www.motorcyclespecs.co.za/model/bmw/bmw-r1200gs-16.html,59,LOW,NUMBER_MISMATCH
000119,BMW,R 12 G/S,R 1250GS HP,https://www.motorcyclespecs.co.za/model/bmw/bmw-r1250gs-hp-19.html,59,LOW,NUMBER_MISMATCH
000119,BMW,R 12 G/S,"R 
		51/2",https://www.motorcyclespecs.co.za/model/bmw/bmw-r51-2.html,58,LOW,NUMBER_MISMATCH
000119,BMW,R 12 G/S,R nineT R12,https://www.motorcyclespecs.co.za/model/bmw/bmw-r12-nineT-2023.html,57,LOW,MODEL_MISMATCH
000119,BMW,R 12 G/S,R 1200RS LC,https://www.motorcyclespecs.co.za/model/bmw/bmw-r1200rs-15.html,56,LOW,NUMBER_MISMATCH
000119,BMW,R 12 G/S,R 1200RS LC,https://www.motorcyclespecs.co.za/model/bmw/bmw-r1200rs-16.html,56,LOW,NUMBER_MISMATCH
000119,BMW,R 12 G/S,R 1200RS LC,https://www.motorcyclespecs.co.za/model/bmw/bmw-r1200rs-17.html,56,LOW,NUMBER_MISMATCH
000119,BMW,R 12 G/S,R 1200RS LC,https://www.motorcyclespecs.co.za/model/bmw/bmw-r1200rs-18.html,56,LOW,NUMBER_MISMATCH
000119,BMW,R 12 G/S,R 1200R,https://www.motorcyclespecs.co.za/model/bmw/bmw-r1200r-07.html,54,LOW,NUMBER_MISMATCH
000119,BMW,R 12 G/S,R 1200R,https://www.motorcyclespecs.co.za/model/bmw/bmw-r1200r-08.html,54,LOW,NUMBER_MISMATCH
000119,BMW,R 12 G/S,R 1200R,https://www.motorcyclespecs.co.za/model/bmw/bmw-r1200r-09.html,54,LOW,NUMBER_MISMATCH
000119,BMW,R 12 G/S,R 1200R,https://www.motorcyclespecs.co.za/model/bmw/bmw-r1200r-10.html,54,LOW,NUMBER_MISMATCH
000119,BMW,R 12 G/S,R 1200R,https://www.motorcyclespecs.co.za/model/bmw/bmw-r1200r-11.html,54,LOW,NUMBER_MISMATCH
000119,BMW,R 12 G/S,R 1200R,https://www.motorcyclespecs.co.za/model/bmw/bmw-r1200r-12.html,54,LOW,NUMBER_MISMATCH
000119,BMW,R 12 G/S,R 1200R,https://www.motorcyclespecs.co.za/model/bmw/bmw-r1200r-13.html,54,LOW,NUMBER_MISMATCH
000119,BMW,R 12 G/S,R 1200R,https://www.motorcyclespecs.co.za/model/bmw/bmw-r1200r-14.html,54,LOW,NUMBER_MISMATCH
000119,BMW,R 12 G/S,R 1250R,https://www.motorcyclespecs.co.za/model/bmw/bmw-r1250r-19.html,54,LOW,NUMBER_MISMATCH
000119,BMW,R 12 G/S,R 1250R,https://www.motorcyclespecs.co.za/model/bmw/bmw-r1250r-21.html,54,LOW,NUMBER_MISMATCH
000119,BMW,R 12 G/S,R 1250R,https://www.motorcyclespecs.co.za/model/bmw/bmw-r1250r-23.html,54,LOW,NUMBER_MISMATCH
000119,BMW,R 12 G/S,R 1250R,https://www.motorcyclespecs.co.za/model/bmw/bmw-r1250r_20.html,54,LOW,NUMBER_MISMATCH
000119,BMW,R 12 G/S,R 1200RT,https://www.motorcyclespecs.co.za/model/bmw/bmw-r1200rt-05.html,53,LOW,NUMBER_MISMATCH
000119,BMW,R 12 G/S,R 1200RT,https://www.motorcyclespecs.co.za/model/bmw/bmw-r1200rt-06.html,53,LOW,NUMBER_MISMATCH
000119,BMW,R 12 G/S,R 1200RT,https://www.motorcyclespecs.co.za/model/bmw/bmw-r1200rt-07.html,53,LOW,NUMBER_MISMATCH
000119,BMW,R 12 G/S,R 1200RT,https://www.motorcyclespecs.co.za/model/bmw/bmw-r1200rt-08.html,53,LOW,NUMBER_MISMATCH
000119,BMW,R 12 G/S,R 1200RT,https://www.motorcyclespecs.co.za/model/bmw/bmw-r1200rt-09.html,53,LOW,NUMBER_MISMATCH
000119,BMW,R 12 G/S,R 1200RT,https://www.motorcyclespecs.co.za/model/bmw/bmw-r1200rt-10.html,53,LOW,NUMBER_MISMATCH
000119,BMW,R 12 G/S,R 1200RT,https://www.motorcyclespecs.co.za/model/bmw/bmw-r1200rt-11.html,53,LOW,NUMBER_MISMATCH
000119,BMW,R 12 G/S,R 1200RT,https://www.motorcyclespecs.co.za/model/bmw/bmw-r1200rt-12.html,53,LOW,NUMBER_MISMATCH
000119,BMW,R 12 G/S,R 1200RT,https://www.motorcyclespecs.co.za/model/bmw/bmw-r1200rt-13.html,53,LOW,NUMBER_MISMATCH
000119,BMW,R 12 G/S,R 12 5 0RT,https://www.motorcyclespecs.co.za/model/bmw/bmw-r1250rt-19.html,53,LOW,NUMBER_MISMATCH
000119,BMW,R 12 G/S,R 1250RT,https://www.motorcyclespecs.co.za/model/bmw/bmw-r1250rt-20.html,53,LOW,NUMBER_MISMATCH
000119,BMW,R 12 G/S,R 1250RT,https://www.motorcyclespecs.co.za/model/bmw/bmw-r1250rt-22.html,53,LOW,NUMBER_MISMATCH
000119,BMW,R 12 G/S,R 1200C,https://www.motorcyclespecs.co.za/model/bmw/bmw-r1200c-00.html,52,LOW,NUMBER_MISMATCH
000119,BMW,R 12 G/S,R 1200C,https://www.motorcyclespecs.co.za/model/bmw/bmw-r1200c-03.html,52,LOW,NUMBER_MISMATCH
000119,BMW,R 12 G/S,R 1200C,https://www.motorcyclespecs.co.za/model/bmw/bmw-r1200c-98.html,52,LOW,NUMBER_MISMATCH
000119,BMW,R 12 G/S,R 1200C,https://www.motorcyclespecs.co.za/model/bmw/bmw-r1200c.html,52,LOW,NUMBER_MISMATCH
000119,BMW,R 12 G/S,R 1200GS Adventure,https://www.motorcyclespecs.co.za/model/bmw/bmw-r1200gs-adventure-06.html,52,LOW,NUMBER_MISMATCH
000119,BMW,R 12 G/S,R 1200GS Adventure,https://www.motorcyclespecs.co.za/model/bmw/bmw-r1200gs-adventure-07.html,52,LOW,NUMBER_MISMATCH
000119,BMW,R 12 G/S,R 1200GS Adventure,https://www.motorcyclespecs.co.za/model/bmw/bmw-r1200gs-adventure-08.html,52,LOW,NUMBER_MISMATCH
000119,BMW,R 12 G/S,"R 
		1200GS Adventure",https://www.motorcyclespecs.co.za/model/bmw/bmw-r1200gs-adventure-09.html,52,LOW,NUMBER_MISMATCH
000119,BMW,R 12 G/S,R 1200GS Adventure,https://www.motorcyclespecs.co.za/model/bmw/bmw-r1200gs-adventure-10.html,52,LOW,NUMBER_MISMATCH
000119,BMW,R 12 G/S,"R 
		1200GS Adventure",https://www.motorcyclespecs.co.za/model/bmw/bmw-r1200gs-adventure-11.html,52,LOW,NUMBER_MISMATCH
000119,BMW,R 12 G/S,"R 
		1200GS Adventure",https://www.motorcyclespecs.co.za/model/bmw/bmw-r1200gs-adventure-12.html,52,LOW,NUMBER_MISMATCH
000119,BMW,R 12 G/S,"R 
		1200GS Adventure",https://www.motorcyclespecs.co.za/model/bmw/bmw-r1200gs-adventure-13.html,52,LOW,NUMBER_MISMATCH
000119,BMW,R 12 G/S,R 1200GS Adventure,https://www.motorcyclespecs.co.za/model/bmw/bmw-r1200gs-adventure-heroes-legend.html,52,LOW,NUMBER_MISMATCH
000119,BMW,R 12 G/S,"R 
		1200GS Rallye",https://www.motorcyclespecs.co.za/model/bmw/bmw-r1200gs-rally-12.html,52,LOW,NUMBER_MISMATCH
000119,BMW,R 12 G/S,"R 
		1250GS Adventure",https://www.motorcyclespecs.co.za/model/bmw/bmw-r1250gs-adven-20.html,52,LOW,NUMBER_MISMATCH
000119,BMW,R 12 G/S,"R 
		1250GS Adventure",https://www.motorcyclespecs.co.za/model/bmw/bmw-r1250gs-adven-21.html,52,LOW,NUMBER_MISMATCH
000119,BMW,R 12 G/S,R 12 5 0R T Sport,https://www.motorcyclespecs.co.za/model/bmw/bmw-r1250rt-sp-19.html,52,LOW,NUMBER_MISMATCH
000119,BMW,R 12 G/S,"R 
		1250GS Adventure",https://www.motorcyclespecs.co.za/model/bmw/bmw-r250gs_adven-19.html,52,LOW,NUMBER_MISMATCH
000119,BMW,R 12 G/S,R 1200CL,https://www.motorcyclespecs.co.za/model/bmw/bmw-r1200cl-04.html,50,LOW,NUMBER_MISMATCH
000119,BMW,R 12 G/S,R 1200CL,https://www.motorcyclespecs.co.za/model/bmw/bmw-r1200cl-05.html,50,LOW,NUMBER_MISMATCH
000119,BMW,R 12 G/S,R 1200CL,https://www.motorcyclespecs.co.za/model/bmw/bmw-r1200cl.html,50,LOW,NUMBER_MISMATCH
000119,BMW,R 12 G/S,R 1200GS LC Rallye,https://www.motorcyclespecs.co.za/model/bmw/bmw-r1200gs-17.html,50,LOW,NUMBER_MISMATCH
000119,BMW,R 12 G/S,"R 
		1200GS LC Adventure",https://www.motorcyclespecs.co.za/model/bmw/bmw-r1200gs-adventure-14.html,50,LOW,NUMBER_MISMATCH
000119,BMW,R 12 G/S,"R 
		1200GS LC Adventure",https://www.motorcyclespecs.co.za/model/bmw/bmw-r1200gs-adventure-15.html,50,LOW,NUMBER_MISMATCH
000119,BMW,R 12 G/S,"R 
		1200GS LC Adventure",https://www.motorcyclespecs.co.za/model/bmw/bmw-r1200gs-adventure-16.html,50,LOW,NUMBER_MISMATCH
000119,BMW,R 12 G/S,"R 1200GS 
		LC Adventure",https://www.motorcyclespecs.co.za/model/bmw/bmw-r1200gs-adventure-18.html,50,LOW,NUMBER_MISMATCH
000119,BMW,R 12 G/S,R 1200GS LC Rallye,https://www.motorcyclespecs.co.za/model/bmw/bmw-r1200gs-rally-18.html,50,LOW,NUMBER_MISMATCH
000119,BMW,R 12 G/S,R 1200RT LC,https://www.motorcyclespecs.co.za/model/bmw/bmw-r1200rt-14.html,50,LOW,NUMBER_MISMATCH
000119,BMW,R 12 G/S,R 1200RT LC,https://www.motorcyclespecs.co.za/model/bmw/bmw-r1200rt-15.html,50,LOW,NUMBER_MISMATCH
000119,BMW,R 12 G/S,R 1200RT LC,https://www.motorcyclespecs.co.za/model/bmw/bmw-r1200rt-16.html,50,LOW,NUMBER_MISMATCH
000119,BMW,R 12 G/S,R 1200RT LC,https://www.motorcyclespecs.co.za/model/bmw/bmw-r1200rt-17.html,50,LOW,NUMBER_MISMATCH
000119,BMW,R 12 G/S,R 1200RT LC,https://www.motorcyclespecs.co.za/model/bmw/bmw-r1200rt-18.html,50,LOW,NUMBER_MISMATCH
000119,BMW,R 12 G/S,"R 1250GS 
		Exclusive",https://www.motorcyclespecs.co.za/model/bmw/bmw-r1250gs-ex-19.html,50,LOW,NUMBER_MISMATCH
000119,BMW,R 12 G/S,R 1200R LC,https://www.motorcyclespecs.co.za/model/bmw/bmw-r1200r-15.html,49,LOW,NUMBER_MISMATCH
000119,BMW,R 12 G/S,R 1200R LC,https://www.motorcyclespecs.co.za/model/bmw/bmw-r1200r-16.html,49,LOW,NUMBER_MISMATCH
000119,BMW,R 12 G/S,R 1200R LC,https://www.motorcyclespecs.co.za/model/bmw/bmw-r1200r-17.html,49,LOW,NUMBER_MISMATCH
000119,BMW,R 12 G/S,R 1200R LC,https://www.motorcyclespecs.co.za/model/bmw/bmw-r1200r-18.html,49,LOW,NUMBER_MISMATCH
000119,BMW,R 12 G/S,R 1200RT Fire,https://www.motorcyclespecs.co.za/model/bmw/bmw-r1200rt-fire.html,49,LOW,NUMBER_MISMATCH
000119,BMW,R 12 G/S,"R 1250GS / 
		Exclusive / HP",https://www.motorcyclespecs.co.za/model/bmw/bmw-r1250gs-20.html,49,LOW,NUMBER_MISMATCH
000119,BMW,R 12 G/S,"R 
		1200R Touring Special",https://www.motorcyclespecs.co.za/model/bmw/bmw-r1200r-special-10.html,48,LOW,NUMBER_MISMATCH
000119,BMW,R 12 G/S,R 1250GS 40 Years Edition,https://www.motorcyclespecs.co.za/model/bmw/bmw-r1250gs-40th-21.html,48,LOW,NUMBER_MISMATCH
000119,BMW,R 12 G/S,R 1200C Aventgarde,https://www.motorcyclespecs.co.za/model/bmw/bmw-r1200c-avantgarde-02.html,47,LOW,NUMBER_MISMATCH
000119,BMW,R 12 G/S,R 1200GS LC TE Exclusive,https://www.motorcyclespecs.co.za/model/bmw/bmw-r1200gs-ex-17.html,47,LOW,NUMBER_MISMATCH
000119,BMW,R 12 G/S,R 1200GS LC TE Exclusive,https://www.motorcyclespecs.co.za/model/bmw/bmw-r1200gs-ex-18.html,47,LOW,NUMBER_MISMATCH
000119,BMW,R 12 G/S,"R 
		1200R Classic",https://www.motorcyclespecs.co.za/model/bmw/bmw-r1200r-classic-11.html,47,LOW,NUMBER_MISMATCH
000119,BMW,R 12 G/S,"R 
		1200R Classic",https://www.motorcyclespecs.co.za/model/bmw/bmw-r1200r-classic-12.html,47,LOW,NUMBER_MISMATCH
000119,BMW,R 12 G/S,R 1200RT Touring Special,https://www.motorcyclespecs.co.za/model/bmw/bmw-r1200rt-se-09.html,47,LOW,NUMBER_MISMATCH
000119,BMW,R 12 G/S,R 12 5 0RT Elegance,https://www.motorcyclespecs.co.za/model/bmw/bmw-r1250rt-ela-19.html,47,LOW,NUMBER_MISMATCH
000119,BMW,R 12 G/S,"R 1200C 
	Montauk",https://www.motorcyclespecs.co.za/model/bmw/bmw-r1200c-montauk-03.html,44,LOW,NUMBER_MISMATCH
000119,BMW,R 12 G/S,"R 
		1200GS 30th Anniversary Special",https://www.motorcyclespecs.co.za/model/bmw/bmw-r1200gs-special-10.html,44,LOW,NUMBER_MISMATCH
000119,BMW,R 12 G/S,"R 
		1200R 90th Anniversary",https://www.motorcyclespecs.co.za/model/bmw/bmw-r1200r-90th-ani.html,44,LOW,NUMBER_MISMATCH
000119,BMW,R 12 G/S,"R 
		1200RT Police",https://www.motorcyclespecs.co.za/model/bmw/bmw-r1200rt-police.html,44,LOW,NUMBER_MISMATCH
000119,BMW,R 12 G/S,"R 
		1250GS Adventure 40 Years Edition",https://www.motorcyclespecs.co.za/model/bmw/bmw-r1250gs-adven-40th-21.html,44,LOW,NUMBER_MISMATCH
000119,BMW,R 12 G/S,"R 1200GS 
		LC Adventure Black Edition",https://www.motorcyclespecs.co.za/model/bmw/bmw-r1200gs-adventure-black-18.html,43,LOW,NUMBER_MISMATCH
000119,BMW,R 12 G/S,R 1200GS Adventure Triple Black,https://www.motorcyclespecs.co.za/model/bmw/bmw-r1200gs-adventure-black.html,43,LOW,NUMBER_MISMATCH
000119,BMW,R 12 G/S,"R 1200GS 
		LC Adventure Triple Black",https://www.motorcyclespecs.co.za/model/bmw/bmw-r1200gs-adventure-triple-black.html,43,LOW,NUMBER_MISMATCH
000119,BMW,R 12 G/S,R 1200RT 90th Anniversary,https://www.motorcyclespecs.co.za/model/bmw/bmw-r1200rt-90th-anniversary.html,43,LOW,NUMBER_MISMATCH
000119,BMW,R 12 G/S,"R 1200ST Limited 
		Edition",https://www.motorcyclespecs.co.za/model/bmw/bmw-r1200st-le-07.html,43,LOW,NUMBER_MISMATCH
000119,BMW,R 12 G/S,R 1200GS Tom Luthi Limited Edition,https://www.motorcyclespecs.co.za/model/bmw/bmw-r1200gs-Luthi-ie.html,42,LOW,NUMBER_MISMATCH
000119,BMW,R 12 G/S,"R 
		1200GS Triple Black Special Edition",https://www.motorcyclespecs.co.za/model/bmw/bmw-r1200gs-black-11.html,42,LOW,NUMBER_MISMATCH
000119,BMW,R 12 G/S,R 1200GS LC Iconic Limited Edition,https://www.motorcyclespecs.co.za/model/bmw/bmw-r1200gs-iconic.html,42,LOW,NUMBER_MISMATCH
000119,BMW,R 12 G/S,"R 
		1200GS Alpine White Special Version",https://www.motorcyclespecs.co.za/model/bmw/bmw-r1200gs-special-09.html,42,LOW,NUMBER_MISMATCH
000119,BMW,R 12 G/S,R 1200C Independent,https://www.motorcyclespecs.co.za/model/bmw/bmw-r1200c-independent-02.html,41,LOW,NUMBER_MISMATCH
000119,BMW,R 12 G/S,R 1200GS Adventure 90th Anniversary Special,https://www.motorcyclespecs.co.za/model/bmw/bmw-r1200gs-90th-anniversary.html,41,LOW,NUMBER_MISMATCH
000119,BMW,R 12 G/S,R 1200GS Adventure Long Way Down Replicas,https://www.motorcyclespecs.co.za/model/bmw/bmw-r1200gs-adventure-long-way.html,41,LOW,NUMBER_MISMATCH
000119,BMW,R 12 G/S,R 1200GS Adventure 30th Anniversary Special,https://www.motorcyclespecs.co.za/model/bmw/bmw-r1200gs-adventure-special-10.html,41,LOW,NUMBER_MISMATCH
000119,BMW,R 12 G/S,R 1200GS LC Triple Black Special Edition,https://www.motorcyclespecs.co.za/model/bmw/bmw-r1200gs-lc-triole-black.html,41,LOW,NUMBER_MISMATCH
000119,BMW,R 12 G/S,"R 1200R ""Dark White"" Special Edition",https://www.motorcyclespecs.co.za/model/bmw/bmw-r1200r-dark.html,41,LOW,NUMBER_MISMATCH
000119,BMW,R 12 G/S,R 1200GS LC Adventure Iconic Limited Edition,https://www.motorcyclespecs.co.za/model/bmw/bmw-r1200gs-adventure-iconic-16.html,40,LOW,NUMBER_MISMATCH
000119,BMW,R 12 G/S,"R 1200RS LC Iconic 
		Limited Edition",https://www.motorcyclespecs.co.za/model/bmw/bmw-r1200rs-lc-iconic-16.html,40,LOW,NUMBER_MISMATCH
000119,BMW,R 12 G/S,"R 1200R LC 
		Black Edition (Italy only)",https://www.motorcyclespecs.co.za/model/bmw/bmw-r1200r-black-17.html,37,LOW,NUMBER_MISMATCH
000119,BMW,R 12 G/S,"R 1200RT LC Iconic 
		Limited Edition",https://www.motorcyclespecs.co.za/model/bmw/bmw-r1200rt-iconic-16.html,37,LOW,NUMBER_MISMATCH
000120,BMW,R 12 nine T,R nineT R12,https://www.motorcyclespecs.co.za/model/bmw/bmw-r12-nineT-2023.html,79,LOW,REVIEW
000120,BMW,R 12 nine T,R 12 Cruiser,https://www.motorcyclespecs.co.za/model/bmw/bmw-r12-Cruiser-2024.html,71,LOW,REVIEW
000120,BMW,R 12 nine T,R 12,https://www.motorcyclespecs.co.za/model/bmw/bmw-r12-twin-carb.html,67,LOW,MODEL_MISMATCH
000120,BMW,R 12 nine T,R 12 Roadster,https://www.motorcyclespecs.co.za/model/bmw/bmw-r12-nineT-2024.html,64,LOW,MODEL_MISMATCH
000120,BMW,R 12 nine T,R 12GS,https://www.motorcyclespecs.co.za/model/bmw/bmw-r12-gs-2025.html,63,LOW,MODEL_MISMATCH
000120,BMW,R 12 nine T,R 12 S,https://www.motorcyclespecs.co.za/model/bmw/bmw-r12-ninet-s-2025.html,62,LOW,MODEL_MISMATCH
000120,BMW,R 12 nine T,R 1200C Independent,https://www.motorcyclespecs.co.za/model/bmw/bmw-r1200c-independent-02.html,60,LOW,NUMBER_MISMATCH
000120,BMW,R 12 nine T,R 1200RT,https://www.motorcyclespecs.co.za/model/bmw/bmw-r1200rt-05.html,60,LOW,NUMBER_MISMATCH
000120,BMW,R 12 nine T,R 1200RT,https://www.motorcyclespecs.co.za/model/bmw/bmw-r1200rt-06.html,60,LOW,NUMBER_MISMATCH
000120,BMW,R 12 nine T,R 1200RT,https://www.motorcyclespecs.co.za/model/bmw/bmw-r1200rt-07.html,60,LOW,NUMBER_MISMATCH
000120,BMW,R 12 nine T,R 1200RT,https://www.motorcyclespecs.co.za/model/bmw/bmw-r1200rt-08.html,60,LOW,NUMBER_MISMATCH
000120,BMW,R 12 nine T,R 1200RT,https://www.motorcyclespecs.co.za/model/bmw/bmw-r1200rt-09.html,60,LOW,NUMBER_MISMATCH
000120,BMW,R 12 nine T,R 1200RT,https://www.motorcyclespecs.co.za/model/bmw/bmw-r1200rt-10.html,60,LOW,NUMBER_MISMATCH
000120,BMW,R 12 nine T,R 1200RT,https://www.motorcyclespecs.co.za/model/bmw/bmw-r1200rt-11.html,60,LOW,NUMBER_MISMATCH
000120,BMW,R 12 nine T,R 1200RT,https://www.motorcyclespecs.co.za/model/bmw/bmw-r1200rt-12.html,60,LOW,NUMBER_MISMATCH
000120,BMW,R 12 nine T,R 1200RT,https://www.motorcyclespecs.co.za/model/bmw/bmw-r1200rt-13.html,60,LOW,NUMBER_MISMATCH
000120,BMW,R 12 nine T,R 1200RT Fire,https://www.motorcyclespecs.co.za/model/bmw/bmw-r1200rt-fire.html,60,LOW,NUMBER_MISMATCH
000120,BMW,R 12 nine T,R 1200ST,https://www.motorcyclespecs.co.za/model/bmw/bmw-r1200st-05.html,60,LOW,NUMBER_MISMATCH
000120,BMW,R 12 nine T,R 1200ST,https://www.motorcyclespecs.co.za/model/bmw/bmw-r1200st-06.html,60,LOW,NUMBER_MISMATCH
000120,BMW,R 12 nine T,R 1200ST,https://www.motorcyclespecs.co.za/model/bmw/bmw-r1200st-07.html,60,LOW,NUMBER_MISMATCH
000120,BMW,R 12 nine T,R 12 5 0RT,https://www.motorcyclespecs.co.za/model/bmw/bmw-r1250rt-19.html,60,LOW,NUMBER_MISMATCH
000120,BMW,R 12 nine T,R 1250RT,https://www.motorcyclespecs.co.za/model/bmw/bmw-r1250rt-20.html,60,LOW,NUMBER_MISMATCH
000120,BMW,R 12 nine T,R 1250RT,https://www.motorcyclespecs.co.za/model/bmw/bmw-r1250rt-22.html,60,LOW,NUMBER_MISMATCH
000120,BMW,R 12 nine T,R 1200RT LC,https://www.motorcyclespecs.co.za/model/bmw/bmw-r1200rt-14.html,57,LOW,NUMBER_MISMATCH
000120,BMW,R 12 nine T,R 1200RT LC,https://www.motorcyclespecs.co.za/model/bmw/bmw-r1200rt-15.html,57,LOW,NUMBER_MISMATCH
000120,BMW,R 12 nine T,R 1200RT LC,https://www.motorcyclespecs.co.za/model/bmw/bmw-r1200rt-16.html,57,LOW,NUMBER_MISMATCH
000120,BMW,R 12 nine T,R 1200RT LC,https://www.motorcyclespecs.co.za/model/bmw/bmw-r1200rt-17.html,57,LOW,NUMBER_MISMATCH
000120,BMW,R 12 nine T,R 1200RT LC,https://www.motorcyclespecs.co.za/model/bmw/bmw-r1200rt-18.html,57,LOW,NUMBER_MISMATCH
000120,BMW,R 12 nine T,"R 
		1200RT Police",https://www.motorcyclespecs.co.za/model/bmw/bmw-r1200rt-police.html,57,LOW,NUMBER_MISMATCH
000120,BMW,R 12 nine T,"R 1200C 
	Montauk",https://www.motorcyclespecs.co.za/model/bmw/bmw-r1200c-montauk-03.html,55,LOW,NUMBER_MISMATCH
000120,BMW,R 12 nine T,"R 
		1200R 90th Anniversary",https://www.motorcyclespecs.co.za/model/bmw/bmw-r1200r-90th-ani.html,55,LOW,NUMBER_MISMATCH
000120,BMW,R 12 nine T,R 12 5 0RT Elegance,https://www.motorcyclespecs.co.za/model/bmw/bmw-r1250rt-ela-19.html,55,LOW,NUMBER_MISMATCH
000120,BMW,R 12 nine T,"R 
		51/2",https://www.motorcyclespecs.co.za/model/bmw/bmw-r51-2.html,55,LOW,NUMBER_MISMATCH
000120,BMW,R 12 nine T,R 1200RT 90th Anniversary,https://www.motorcyclespecs.co.za/model/bmw/bmw-r1200rt-90th-anniversary.html,54,LOW,NUMBER_MISMATCH
000120,BMW,R 12 nine T,"R 1200ST Limited 
		Edition",https://www.motorcyclespecs.co.za/model/bmw/bmw-r1200st-le-07.html,54,LOW,NUMBER_MISMATCH
000120,BMW,R 12 nine T,R 1250RS,https://www.motorcyclespecs.co.za/model/bmw/bmw-r1250rs-19.html,54,LOW,NUMBER_MISMATCH
000120,BMW,R 12 nine T,R 1250RS,https://www.motorcyclespecs.co.za/model/bmw/bmw-r1250rs-20.html,54,LOW,NUMBER_MISMATCH
000120,BMW,R 12 nine T,R 1250RS,https://www.motorcyclespecs.co.za/model/bmw/bmw-r1250rs-21.html,54,LOW,NUMBER_MISMATCH
000120,BMW,R 12 nine T,R 1250RS,https://www.motorcyclespecs.co.za/model/bmw/bmw-r1250rs-22.html,54,LOW,NUMBER_MISMATCH
000120,BMW,R 12 nine T,R 1250RS,https://www.motorcyclespecs.co.za/model/bmw/bmw-r1250rs-23.html,54,LOW,NUMBER_MISMATCH
000120,BMW,R 12 nine T,R 1250RS,https://www.motorcyclespecs.co.za/model/bmw/bmw-r1250rt-21.html,54,LOW,NUMBER_MISMATCH
000120,BMW,R 12 nine T,R 1200C Aventgarde,https://www.motorcyclespecs.co.za/model/bmw/bmw-r1200c-avantgarde-02.html,53,LOW,NUMBER_MISMATCH
000120,BMW,R 12 nine T,R 1200R,https://www.motorcyclespecs.co.za/model/bmw/bmw-r1200r-07.html,53,LOW,NUMBER_MISMATCH
000120,BMW,R 12 nine T,R 1200R,https://www.motorcyclespecs.co.za/model/bmw/bmw-r1200r-08.html,53,LOW,NUMBER_MISMATCH
000120,BMW,R 12 nine T,R 1200R,https://www.motorcyclespecs.co.za/model/bmw/bmw-r1200r-09.html,53,LOW,NUMBER_MISMATCH
000120,BMW,R 12 nine T,R 1200R,https://www.motorcyclespecs.co.za/model/bmw/bmw-r1200r-10.html,53,LOW,NUMBER_MISMATCH
000120,BMW,R 12 nine T,R 1200R,https://www.motorcyclespecs.co.za/model/bmw/bmw-r1200r-11.html,53,LOW,NUMBER_MISMATCH
000120,BMW,R 12 nine T,R 1200R,https://www.motorcyclespecs.co.za/model/bmw/bmw-r1200r-12.html,53,LOW,NUMBER_MISMATCH
000120,BMW,R 12 nine T,R 1200R,https://www.motorcyclespecs.co.za/model/bmw/bmw-r1200r-13.html,53,LOW,NUMBER_MISMATCH
000120,BMW,R 12 nine T,R 1200R,https://www.motorcyclespecs.co.za/model/bmw/bmw-r1200r-14.html,53,LOW,NUMBER_MISMATCH
000120,BMW,R 12 nine T,"R 1250GS 
		Exclusive",https://www.motorcyclespecs.co.za/model/bmw/bmw-r1250gs-ex-19.html,53,LOW,NUMBER_MISMATCH
000120,BMW,R 12 nine T,R 1250R,https://www.motorcyclespecs.co.za/model/bmw/bmw-r1250r-19.html,53,LOW,NUMBER_MISMATCH
000120,BMW,R 12 nine T,R 1250R,https://www.motorcyclespecs.co.za/model/bmw/bmw-r1250r-21.html,53,LOW,NUMBER_MISMATCH
000120,BMW,R 12 nine T,R 1250R,https://www.motorcyclespecs.co.za/model/bmw/bmw-r1250r-23.html,53,LOW,NUMBER_MISMATCH
000120,BMW,R 12 nine T,R 1250R,https://www.motorcyclespecs.co.za/model/bmw/bmw-r1250r_20.html,53,LOW,NUMBER_MISMATCH
000120,BMW,R 12 nine T,R 1200C,https://www.motorcyclespecs.co.za/model/bmw/bmw-r1200c-00.html,52,LOW,NUMBER_MISMATCH
000120,BMW,R 12 nine T,R 1200C,https://www.motorcyclespecs.co.za/model/bmw/bmw-r1200c-03.html,52,LOW,NUMBER_MISMATCH
000120,BMW,R 12 nine T,R 1200C,https://www.motorcyclespecs.co.za/model/bmw/bmw-r1200c-98.html,52,LOW,NUMBER_MISMATCH
000120,BMW,R 12 nine T,R 1200C,https://www.motorcyclespecs.co.za/model/bmw/bmw-r1200c.html,52,LOW,NUMBER_MISMATCH
000120,BMW,R 12 nine T,"R 
		1200GS Rallye",https://www.motorcyclespecs.co.za/model/bmw/bmw-r1200gs-rally-12.html,52,LOW,NUMBER_MISMATCH
000120,BMW,R 12 nine T,"R 1200RT LC Iconic 
		Limited Edition",https://www.motorcyclespecs.co.za/model/bmw/bmw-r1200rt-iconic-16.html,52,LOW,NUMBER_MISMATCH
000120,BMW,R 12 nine T,R 1200CL,https://www.motorcyclespecs.co.za/model/bmw/bmw-r1200cl-04.html,51,LOW,NUMBER_MISMATCH
000120,BMW,R 12 nine T,R 1200CL,https://www.motorcyclespecs.co.za/model/bmw/bmw-r1200cl-05.html,51,LOW,NUMBER_MISMATCH
000120,BMW,R 12 nine T,R 1200CL,https://www.motorcyclespecs.co.za/model/bmw/bmw-r1200cl.html,51,LOW,NUMBER_MISMATCH
000120,BMW,R 12 nine T,R 1200GS,https://www.motorcyclespecs.co.za/model/bmw/bmw-r1200gs-04.html,51,LOW,NUMBER_MISMATCH
000120,BMW,R 12 nine T,R 1200GS,https://www.motorcyclespecs.co.za/model/bmw/bmw-r1200gs-05.html,51,LOW,NUMBER_MISMATCH
000120,BMW,R 12 nine T,R 1200GS,https://www.motorcyclespecs.co.za/model/bmw/bmw-r1200gs-06.html,51,LOW,NUMBER_MISMATCH
000120,BMW,R 12 nine T,R 1200GS,https://www.motorcyclespecs.co.za/model/bmw/bmw-r1200gs-07.html,51,LOW,NUMBER_MISMATCH
000120,BMW,R 12 nine T,R 1200GS,https://www.motorcyclespecs.co.za/model/bmw/bmw-r1200gs-08.html,51,LOW,NUMBER_MISMATCH
000120,BMW,R 12 nine T,R 1200GS,https://www.motorcyclespecs.co.za/model/bmw/bmw-r1200gs-10.html,51,LOW,NUMBER_MISMATCH
000120,BMW,R 12 nine T,R 1200GS,https://www.motorcyclespecs.co.za/model/bmw/bmw-r1200gs-11.html,51,LOW,NUMBER_MISMATCH
000120,BMW,R 12 nine T,R 1200GS,https://www.motorcyclespecs.co.za/model/bmw/bmw-r1200gs-12.html,51,LOW,NUMBER_MISMATCH
000120,BMW,R 12 nine T,R 1200GS LC,https://www.motorcyclespecs.co.za/model/bmw/bmw-r1200gs-13.html,51,LOW,NUMBER_MISMATCH
000120,BMW,R 12 nine T,R 1200GS LC,https://www.motorcyclespecs.co.za/model/bmw/bmw-r1200gs-14.html,51,LOW,NUMBER_MISMATCH
000120,BMW,R 12 nine T,R 1200GS LC,https://www.motorcyclespecs.co.za/model/bmw/bmw-r1200gs-15.html,51,LOW,NUMBER_MISMATCH
000120,BMW,R 12 nine T,R 1200GS LC,https://www.motorcyclespecs.co.za/model/bmw/bmw-r1200gs-16.html,51,LOW,NUMBER_MISMATCH
000120,BMW,R 12 nine T,R 1200GS LC Rallye,https://www.motorcyclespecs.co.za/model/bmw/bmw-r1200gs-17.html,51,LOW,NUMBER_MISMATCH
000120,BMW,R 12 nine T,R 1200GS LC TE Exclusive,https://www.motorcyclespecs.co.za/model/bmw/bmw-r1200gs-ex-17.html,51,LOW,NUMBER_MISMATCH
000120,BMW,R 12 nine T,R 1200GS LC TE Exclusive,https://www.motorcyclespecs.co.za/model/bmw/bmw-r1200gs-ex-18.html,51,LOW,NUMBER_MISMATCH
000120,BMW,R 12 nine T,R 1200GS LC Iconic Limited Edition,https://www.motorcyclespecs.co.za/model/bmw/bmw-r1200gs-iconic.html,51,LOW,NUMBER_MISMATCH
000120,BMW,R 12 nine T,R 1200GS LC Rallye,https://www.motorcyclespecs.co.za/model/bmw/bmw-r1200gs-rally-18.html,51,LOW,NUMBER_MISMATCH
000120,BMW,R 12 nine T,"R 
		1200GS Alpine White Special Version",https://www.motorcyclespecs.co.za/model/bmw/bmw-r1200gs-special-09.html,51,LOW,NUMBER_MISMATCH
000120,BMW,R 12 nine T,"R 
		1200R Classic",https://www.motorcyclespecs.co.za/model/bmw/bmw-r1200r-classic-11.html,51,LOW,NUMBER_MISMATCH
000120,BMW,R 12 nine T,"R 
		1200R Classic",https://www.motorcyclespecs.co.za/model/bmw/bmw-r1200r-classic-12.html,51,LOW,NUMBER_MISMATCH
000120,BMW,R 12 nine T,"R 1200R ""Dark White"" Special Edition",https://www.motorcyclespecs.co.za/model/bmw/bmw-r1200r-dark.html,51,LOW,NUMBER_MISMATCH
000120,BMW,R 12 nine T,"R 
		1200R Touring Special",https://www.motorcyclespecs.co.za/model/bmw/bmw-r1200r-special-10.html,51,LOW,NUMBER_MISMATCH
000120,BMW,R 12 nine T,R 1200RS LC,https://www.motorcyclespecs.co.za/model/bmw/bmw-r1200rs-15.html,51,LOW,NUMBER_MISMATCH
000120,BMW,R 12 nine T,R 1200RS LC,https://www.motorcyclespecs.co.za/model/bmw/bmw-r1200rs-16.html,51,LOW,NUMBER_MISMATCH
000120,BMW,R 12 nine T,R 1200RS LC,https://www.motorcyclespecs.co.za/model/bmw/bmw-r1200rs-17.html,51,LOW,NUMBER_MISMATCH
000120,BMW,R 12 nine T,R 1200RS LC,https://www.motorcyclespecs.co.za/model/bmw/bmw-r1200rs-18.html,51,LOW,NUMBER_MISMATCH
000120,BMW,R 12 nine T,"R 1200RS LC Iconic 
		Limited Edition",https://www.motorcyclespecs.co.za/model/bmw/bmw-r1200rs-lc-iconic-16.html,51,LOW,NUMBER_MISMATCH
000120,BMW,R 12 nine T,R 1250GS,https://www.motorcyclespecs.co.za/model/bmw/bmw-r1250gs-19.html,51,LOW,NUMBER_MISMATCH
000120,BMW,R 12 nine T,"R 1250GS / 
		Exclusive / HP",https://www.motorcyclespecs.co.za/model/bmw/bmw-r1250gs-20.html,51,LOW,NUMBER_MISMATCH
000120,BMW,R 12 nine T,R 1250GS,https://www.motorcyclespecs.co.za/model/bmw/bmw-r1250gs-21.html,51,LOW,NUMBER_MISMATCH
000120,BMW,R 12 nine T,R 1250GS HP,https://www.motorcyclespecs.co.za/model/bmw/bmw-r1250gs-hp-19.html,51,LOW,NUMBER_MISMATCH
000120,BMW,R 12 nine T,R 12 5 0R T Sport,https://www.motorcyclespecs.co.za/model/bmw/bmw-r1250rt-sp-19.html,51,LOW,NUMBER_MISMATCH
000120,BMW,R 12 nine T,"R 
		1200GS 30th Anniversary Special",https://www.motorcyclespecs.co.za/model/bmw/bmw-r1200gs-special-10.html,50,LOW,NUMBER_MISMATCH
000120,BMW,R 12 nine T,R 1200R LC,https://www.motorcyclespecs.co.za/model/bmw/bmw-r1200r-15.html,50,LOW,NUMBER_MISMATCH
000120,BMW,R 12 nine T,R 1200R LC,https://www.motorcyclespecs.co.za/model/bmw/bmw-r1200r-16.html,50,LOW,NUMBER_MISMATCH
000120,BMW,R 12 nine T,R 1200R LC,https://www.motorcyclespecs.co.za/model/bmw/bmw-r1200r-17.html,50,LOW,NUMBER_MISMATCH
000120,BMW,R 12 nine T,R 1200R LC,https://www.motorcyclespecs.co.za/model/bmw/bmw-r1200r-18.html,50,LOW,NUMBER_MISMATCH
000120,BMW,R 12 nine T,"R 1200R LC 
		Black Edition (Italy only)",https://www.motorcyclespecs.co.za/model/bmw/bmw-r1200r-black-17.html,50,LOW,NUMBER_MISMATCH
000120,BMW,R 12 nine T,R 1200S,https://www.motorcyclespecs.co.za/model/bmw/bmw-r1200s-06.html,50,LOW,NUMBER_MISMATCH
000120,BMW,R 12 nine T,R 1200S,https://www.motorcyclespecs.co.za/model/bmw/bmw-r1200s-07.html,50,LOW,NUMBER_MISMATCH
000120,BMW,R 12 nine T,R 1200S,https://www.motorcyclespecs.co.za/model/bmw/bmw-r1200s-08.html,50,LOW,NUMBER_MISMATCH
000120,BMW,R 12 nine T,R 1200GS Tom Luthi Limited Edition,https://www.motorcyclespecs.co.za/model/bmw/bmw-r1200gs-Luthi-ie.html,49,LOW,NUMBER_MISMATCH
000120,BMW,R 12 nine T,"R 
		1200GS Triple Black Special Edition",https://www.motorcyclespecs.co.za/model/bmw/bmw-r1200gs-black-11.html,49,LOW,NUMBER_MISMATCH
000120,BMW,R 12 nine T,R 1200GS LC Triple Black Special Edition,https://www.motorcyclespecs.co.za/model/bmw/bmw-r1200gs-lc-triole-black.html,49,LOW,NUMBER_MISMATCH
000120,BMW,R 12 nine T,R 1200RT Touring Special,https://www.motorcyclespecs.co.za/model/bmw/bmw-r1200rt-se-09.html,49,LOW,NUMBER_MISMATCH
000120,BMW,R 12 nine T,R 1250GS 40 Years Edition,https://www.motorcyclespecs.co.za/model/bmw/bmw-r1250gs-40th-21.html,49,LOW,NUMBER_MISMATCH
000120,BMW,R 12 nine T,R 1200GS Adventure,https://www.motorcyclespecs.co.za/model/bmw/bmw-r1200gs-adventure-06.html,48,LOW,NUMBER_MISMATCH
000120,BMW,R 12 nine T,R 1200GS Adventure,https://www.motorcyclespecs.co.za/model/bmw/bmw-r1200gs-adventure-07.html,48,LOW,NUMBER_MISMATCH
000120,BMW,R 12 nine T,R 1200GS Adventure,https://www.motorcyclespecs.co.za/model/bmw/bmw-r1200gs-adventure-08.html,48,LOW,NUMBER_MISMATCH
000120,BMW,R 12 nine T,"R 
		1200GS Adventure",https://www.motorcyclespecs.co.za/model/bmw/bmw-r1200gs-adventure-09.html,48,LOW,NUMBER_MISMATCH
000120,BMW,R 12 nine T,R 1200GS Adventure,https://www.motorcyclespecs.co.za/model/bmw/bmw-r1200gs-adventure-10.html,48,LOW,NUMBER_MISMATCH
000120,BMW,R 12 nine T,"R 
		1200GS Adventure",https://www.motorcyclespecs.co.za/model/bmw/bmw-r1200gs-adventure-11.html,48,LOW,NUMBER_MISMATCH
000120,BMW,R 12 nine T,"R 
		1200GS Adventure",https://www.motorcyclespecs.co.za/model/bmw/bmw-r1200gs-adventure-12.html,48,LOW,NUMBER_MISMATCH
000120,BMW,R 12 nine T,"R 
		1200GS Adventure",https://www.motorcyclespecs.co.za/model/bmw/bmw-r1200gs-adventure-13.html,48,LOW,NUMBER_MISMATCH
000120,BMW,R 12 nine T,R 1200GS Adventure,https://www.motorcyclespecs.co.za/model/bmw/bmw-r1200gs-adventure-heroes-legend.html,48,LOW,NUMBER_MISMATCH
000120,BMW,R 12 nine T,"R 
		1250GS Adventure",https://www.motorcyclespecs.co.za/model/bmw/bmw-r1250gs-adven-20.html,48,LOW,NUMBER_MISMATCH
000120,BMW,R 12 nine T,"R 
		1250GS Adventure",https://www.motorcyclespecs.co.za/model/bmw/bmw-r1250gs-adven-21.html,48,LOW,NUMBER_MISMATCH
000120,BMW,R 12 nine T,"R 
		1250GS Adventure",https://www.motorcyclespecs.co.za/model/bmw/bmw-r250gs_adven-19.html,48,LOW,NUMBER_MISMATCH
000120,BMW,R 12 nine T,"R 
		1200GS LC Adventure",https://www.motorcyclespecs.co.za/model/bmw/bmw-r1200gs-adventure-14.html,46,LOW,NUMBER_MISMATCH
000120,BMW,R 12 nine T,"R 
		1200GS LC Adventure",https://www.motorcyclespecs.co.za/model/bmw/bmw-r1200gs-adventure-15.html,46,LOW,NUMBER_MISMATCH
000120,BMW,R 12 nine T,"R 
		1200GS LC Adventure",https://www.motorcyclespecs.co.za/model/bmw/bmw-r1200gs-adventure-16.html,46,LOW,NUMBER_MISMATCH
000120,BMW,R 12 nine T,"R 1200GS 
		LC Adventure",https://www.motorcyclespecs.co.za/model/bmw/bmw-r1200gs-adventure-18.html,46,LOW,NUMBER_MISMATCH
000120,BMW,R 12 nine T,R 1200GS LC Adventure Iconic Limited Edition,https://www.motorcyclespecs.co.za/model/bmw/bmw-r1200gs-adventure-iconic-16.html,46,LOW,NUMBER_MISMATCH
000120,BMW,R 12 nine T,"R 
		1250GS Adventure 40 Years Edition",https://www.motorcyclespecs.co.za/model/bmw/bmw-r1250gs-adven-40th-21.html,45,LOW,NUMBER_MISMATCH
000120,BMW,R 12 nine T,"R 1200GS 
		LC Adventure Black Edition",https://www.motorcyclespecs.co.za/model/bmw/bmw-r1200gs-adventure-black-18.html,44,LOW,NUMBER_MISMATCH
000120,BMW,R 12 nine T,R 1200GS Adventure Triple Black,https://www.motorcyclespecs.co.za/model/bmw/bmw-r1200gs-adventure-black.html,44,LOW,NUMBER_MISMATCH
000120,BMW,R 12 nine T,"R 1200GS 
		LC Adventure Triple Black",https://www.motorcyclespecs.co.za/model/bmw/bmw-r1200gs-adventure-triple-black.html,44,LOW,NUMBER_MISMATCH
000120,BMW,R 12 nine T,R 1200GS Adventure 90th Anniversary Special,https://www.motorcyclespecs.co.za/model/bmw/bmw-r1200gs-90th-anniversary.html,43,LOW,NUMBER_MISMATCH
000120,BMW,R 12 nine T,R 1200GS Adventure Long Way Down Replicas,https://www.motorcyclespecs.co.za/model/bmw/bmw-r1200gs-adventure-long-way.html,43,LOW,NUMBER_MISMATCH
000120,BMW,R 12 nine T,R 1200GS Adventure 30th Anniversary Special,https://www.motorcyclespecs.co.za/model/bmw/bmw-r1200gs-adventure-special-10.html,43,LOW,NUMBER_MISMATCH
000121,BMW,R 12 nineT,R nineT R12,https://www.motorcyclespecs.co.za/model/bmw/bmw-r12-nineT-2023.html,79,LOW,REVIEW
000121,BMW,R 12 nineT,R 12 Cruiser,https://www.motorcyclespecs.co.za/model/bmw/bmw-r12-Cruiser-2024.html,69,LOW,MODEL_MISMATCH
000121,BMW,R 12 nineT,R 12,https://www.motorcyclespecs.co.za/model/bmw/bmw-r12-twin-carb.html,67,LOW,MODEL_MISMATCH
000121,BMW,R 12 nineT,R 12 Roadster,https://www.motorcyclespecs.co.za/model/bmw/bmw-r12-nineT-2024.html,64,LOW,MODEL_MISMATCH
000121,BMW,R 12 nineT,R 12GS,https://www.motorcyclespecs.co.za/model/bmw/bmw-r12-gs-2025.html,63,LOW,MODEL_MISMATCH
000121,BMW,R 12 nineT,R 12 S,https://www.motorcyclespecs.co.za/model/bmw/bmw-r12-ninet-s-2025.html,63,LOW,MODEL_MISMATCH
000121,BMW,R 12 nineT,R 1200RT,https://www.motorcyclespecs.co.za/model/bmw/bmw-r1200rt-05.html,61,LOW,NUMBER_MISMATCH
000121,BMW,R 12 nineT,R 1200RT,https://www.motorcyclespecs.co.za/model/bmw/bmw-r1200rt-06.html,61,LOW,NUMBER_MISMATCH
000121,BMW,R 12 nineT,R 1200RT,https://www.motorcyclespecs.co.za/model/bmw/bmw-r1200rt-07.html,61,LOW,NUMBER_MISMATCH
000121,BMW,R 12 nineT,R 1200RT,https://www.motorcyclespecs.co.za/model/bmw/bmw-r1200rt-08.html,61,LOW,NUMBER_MISMATCH
000121,BMW,R 12 nineT,R 1200RT,https://www.motorcyclespecs.co.za/model/bmw/bmw-r1200rt-09.html,61,LOW,NUMBER_MISMATCH
000121,BMW,R 12 nineT,R 1200RT,https://www.motorcyclespecs.co.za/model/bmw/bmw-r1200rt-10.html,61,LOW,NUMBER_MISMATCH
000121,BMW,R 12 nineT,R 1200RT,https://www.motorcyclespecs.co.za/model/bmw/bmw-r1200rt-11.html,61,LOW,NUMBER_MISMATCH
000121,BMW,R 12 nineT,R 1200RT,https://www.motorcyclespecs.co.za/model/bmw/bmw-r1200rt-12.html,61,LOW,NUMBER_MISMATCH
000121,BMW,R 12 nineT,R 1200RT,https://www.motorcyclespecs.co.za/model/bmw/bmw-r1200rt-13.html,61,LOW,NUMBER_MISMATCH
000121,BMW,R 12 nineT,R 1200ST,https://www.motorcyclespecs.co.za/model/bmw/bmw-r1200st-05.html,61,LOW,NUMBER_MISMATCH
000121,BMW,R 12 nineT,R 1200ST,https://www.motorcyclespecs.co.za/model/bmw/bmw-r1200st-06.html,61,LOW,NUMBER_MISMATCH
000121,BMW,R 12 nineT,R 1200ST,https://www.motorcyclespecs.co.za/model/bmw/bmw-r1200st-07.html,61,LOW,NUMBER_MISMATCH
000121,BMW,R 12 nineT,R 12 5 0RT,https://www.motorcyclespecs.co.za/model/bmw/bmw-r1250rt-19.html,61,LOW,NUMBER_MISMATCH
000121,BMW,R 12 nineT,R 1250RT,https://www.motorcyclespecs.co.za/model/bmw/bmw-r1250rt-20.html,61,LOW,NUMBER_MISMATCH
000121,BMW,R 12 nineT,R 1250RT,https://www.motorcyclespecs.co.za/model/bmw/bmw-r1250rt-22.html,61,LOW,NUMBER_MISMATCH
000121,BMW,R 12 nineT,R 1200C Independent,https://www.motorcyclespecs.co.za/model/bmw/bmw-r1200c-independent-02.html,60,LOW,NUMBER_MISMATCH
000121,BMW,R 12 nineT,R 1200RT Fire,https://www.motorcyclespecs.co.za/model/bmw/bmw-r1200rt-fire.html,58,LOW,NUMBER_MISMATCH
000121,BMW,R 12 nineT,R 1200RT LC,https://www.motorcyclespecs.co.za/model/bmw/bmw-r1200rt-14.html,57,LOW,NUMBER_MISMATCH
000121,BMW,R 12 nineT,R 1200RT LC,https://www.motorcyclespecs.co.za/model/bmw/bmw-r1200rt-15.html,57,LOW,NUMBER_MISMATCH
000121,BMW,R 12 nineT,R 1200RT LC,https://www.motorcyclespecs.co.za/model/bmw/bmw-r1200rt-16.html,57,LOW,NUMBER_MISMATCH
000121,BMW,R 12 nineT,R 1200RT LC,https://www.motorcyclespecs.co.za/model/bmw/bmw-r1200rt-17.html,57,LOW,NUMBER_MISMATCH
000121,BMW,R 12 nineT,R 1200RT LC,https://www.motorcyclespecs.co.za/model/bmw/bmw-r1200rt-18.html,57,LOW,NUMBER_MISMATCH
000121,BMW,R 12 nineT,"R 1200C 
	Montauk",https://www.motorcyclespecs.co.za/model/bmw/bmw-r1200c-montauk-03.html,56,LOW,NUMBER_MISMATCH
000121,BMW,R 12 nineT,"R 
		1200RT Police",https://www.motorcyclespecs.co.za/model/bmw/bmw-r1200rt-police.html,56,LOW,NUMBER_MISMATCH
000121,BMW,R 12 nineT,"R 
		51/2",https://www.motorcyclespecs.co.za/model/bmw/bmw-r51-2.html,55,LOW,NUMBER_MISMATCH
000121,BMW,R 12 nineT,"R 
		1200R 90th Anniversary",https://www.motorcyclespecs.co.za/model/bmw/bmw-r1200r-90th-ani.html,54,LOW,NUMBER_MISMATCH
000121,BMW,R 12 nineT,R 1250RS,https://www.motorcyclespecs.co.za/model/bmw/bmw-r1250rs-19.html,54,LOW,NUMBER_MISMATCH
000121,BMW,R 12 nineT,R 1250RS,https://www.motorcyclespecs.co.za/model/bmw/bmw-r1250rs-20.html,54,LOW,NUMBER_MISMATCH
000121,BMW,R 12 nineT,R 1250RS,https://www.motorcyclespecs.co.za/model/bmw/bmw-r1250rs-21.html,54,LOW,NUMBER_MISMATCH
000121,BMW,R 12 nineT,R 1250RS,https://www.motorcyclespecs.co.za/model/bmw/bmw-r1250rs-22.html,54,LOW,NUMBER_MISMATCH
000121,BMW,R 12 nineT,R 1250RS,https://www.motorcyclespecs.co.za/model/bmw/bmw-r1250rs-23.html,54,LOW,NUMBER_MISMATCH
000121,BMW,R 12 nineT,R 1250RS,https://www.motorcyclespecs.co.za/model/bmw/bmw-r1250rt-21.html,54,LOW,NUMBER_MISMATCH
000121,BMW,R 12 nineT,R 12 5 0RT Elegance,https://www.motorcyclespecs.co.za/model/bmw/bmw-r1250rt-ela-19.html,54,LOW,NUMBER_MISMATCH
000121,BMW,R 12 nineT,"R 
		1200GS Rallye",https://www.motorcyclespecs.co.za/model/bmw/bmw-r1200gs-rally-12.html,53,LOW,NUMBER_MISMATCH
000121,BMW,R 12 nineT,R 1200R,https://www.motorcyclespecs.co.za/model/bmw/bmw-r1200r-07.html,53,LOW,NUMBER_MISMATCH
000121,BMW,R 12 nineT,R 1200R,https://www.motorcyclespecs.co.za/model/bmw/bmw-r1200r-08.html,53,LOW,NUMBER_MISMATCH
000121,BMW,R 12 nineT,R 1200R,https://www.motorcyclespecs.co.za/model/bmw/bmw-r1200r-09.html,53,LOW,NUMBER_MISMATCH
000121,BMW,R 12 nineT,R 1200R,https://www.motorcyclespecs.co.za/model/bmw/bmw-r1200r-10.html,53,LOW,NUMBER_MISMATCH
000121,BMW,R 12 nineT,R 1200R,https://www.motorcyclespecs.co.za/model/bmw/bmw-r1200r-11.html,53,LOW,NUMBER_MISMATCH
000121,BMW,R 12 nineT,R 1200R,https://www.motorcyclespecs.co.za/model/bmw/bmw-r1200r-12.html,53,LOW,NUMBER_MISMATCH
000121,BMW,R 12 nineT,R 1200R,https://www.motorcyclespecs.co.za/model/bmw/bmw-r1200r-13.html,53,LOW,NUMBER_MISMATCH
000121,BMW,R 12 nineT,R 1200R,https://www.motorcyclespecs.co.za/model/bmw/bmw-r1200r-14.html,53,LOW,NUMBER_MISMATCH
000121,BMW,R 12 nineT,R 1200RT 90th Anniversary,https://www.motorcyclespecs.co.za/model/bmw/bmw-r1200rt-90th-anniversary.html,53,LOW,NUMBER_MISMATCH
000121,BMW,R 12 nineT,"R 1200ST Limited 
		Edition",https://www.motorcyclespecs.co.za/model/bmw/bmw-r1200st-le-07.html,53,LOW,NUMBER_MISMATCH
000121,BMW,R 12 nineT,R 1250R,https://www.motorcyclespecs.co.za/model/bmw/bmw-r1250r-19.html,53,LOW,NUMBER_MISMATCH
000121,BMW,R 12 nineT,R 1250R,https://www.motorcyclespecs.co.za/model/bmw/bmw-r1250r-21.html,53,LOW,NUMBER_MISMATCH
000121,BMW,R 12 nineT,R 1250R,https://www.motorcyclespecs.co.za/model/bmw/bmw-r1250r-23.html,53,LOW,NUMBER_MISMATCH
000121,BMW,R 12 nineT,R 1250R,https://www.motorcyclespecs.co.za/model/bmw/bmw-r1250r_20.html,53,LOW,NUMBER_MISMATCH
000121,BMW,R 12 nineT,R 1200C,https://www.motorcyclespecs.co.za/model/bmw/bmw-r1200c-00.html,52,LOW,NUMBER_MISMATCH
000121,BMW,R 12 nineT,R 1200C,https://www.motorcyclespecs.co.za/model/bmw/bmw-r1200c-03.html,52,LOW,NUMBER_MISMATCH
000121,BMW,R 12 nineT,R 1200C,https://www.motorcyclespecs.co.za/model/bmw/bmw-r1200c-98.html,52,LOW,NUMBER_MISMATCH
000121,BMW,R 12 nineT,R 1200C,https://www.motorcyclespecs.co.za/model/bmw/bmw-r1200c.html,52,LOW,NUMBER_MISMATCH
000121,BMW,R 12 nineT,"R 1200RT LC Iconic 
		Limited Edition",https://www.motorcyclespecs.co.za/model/bmw/bmw-r1200rt-iconic-16.html,52,LOW,NUMBER_MISMATCH
000121,BMW,R 12 nineT,R 1200C Aventgarde,https://www.motorcyclespecs.co.za/model/bmw/bmw-r1200c-avantgarde-02.html,51,LOW,NUMBER_MISMATCH
000121,BMW,R 12 nineT,R 1200CL,https://www.motorcyclespecs.co.za/model/bmw/bmw-r1200cl-04.html,51,LOW,NUMBER_MISMATCH
000121,BMW,R 12 nineT,R 1200CL,https://www.motorcyclespecs.co.za/model/bmw/bmw-r1200cl-05.html,51,LOW,NUMBER_MISMATCH
000121,BMW,R 12 nineT,R 1200CL,https://www.motorcyclespecs.co.za/model/bmw/bmw-r1200cl.html,51,LOW,NUMBER_MISMATCH
000121,BMW,R 12 nineT,R 1200GS,https://www.motorcyclespecs.co.za/model/bmw/bmw-r1200gs-04.html,51,LOW,NUMBER_MISMATCH
000121,BMW,R 12 nineT,R 1200GS,https://www.motorcyclespecs.co.za/model/bmw/bmw-r1200gs-05.html,51,LOW,NUMBER_MISMATCH
000121,BMW,R 12 nineT,R 1200GS,https://www.motorcyclespecs.co.za/model/bmw/bmw-r1200gs-06.html,51,LOW,NUMBER_MISMATCH
000121,BMW,R 12 nineT,R 1200GS,https://www.motorcyclespecs.co.za/model/bmw/bmw-r1200gs-07.html,51,LOW,NUMBER_MISMATCH
000121,BMW,R 12 nineT,R 1200GS,https://www.motorcyclespecs.co.za/model/bmw/bmw-r1200gs-08.html,51,LOW,NUMBER_MISMATCH
000121,BMW,R 12 nineT,R 1200GS,https://www.motorcyclespecs.co.za/model/bmw/bmw-r1200gs-10.html,51,LOW,NUMBER_MISMATCH
000121,BMW,R 12 nineT,R 1200GS,https://www.motorcyclespecs.co.za/model/bmw/bmw-r1200gs-11.html,51,LOW,NUMBER_MISMATCH
000121,BMW,R 12 nineT,R 1200GS,https://www.motorcyclespecs.co.za/model/bmw/bmw-r1200gs-12.html,51,LOW,NUMBER_MISMATCH
000121,BMW,R 12 nineT,R 1200GS LC Rallye,https://www.motorcyclespecs.co.za/model/bmw/bmw-r1200gs-17.html,51,LOW,NUMBER_MISMATCH
000121,BMW,R 12 nineT,R 1200GS LC Iconic Limited Edition,https://www.motorcyclespecs.co.za/model/bmw/bmw-r1200gs-iconic.html,51,LOW,NUMBER_MISMATCH
000121,BMW,R 12 nineT,R 1200GS LC Rallye,https://www.motorcyclespecs.co.za/model/bmw/bmw-r1200gs-rally-18.html,51,LOW,NUMBER_MISMATCH
000121,BMW,R 12 nineT,"R 1200R ""Dark White"" Special Edition",https://www.motorcyclespecs.co.za/model/bmw/bmw-r1200r-dark.html,51,LOW,NUMBER_MISMATCH
000121,BMW,R 12 nineT,R 1200RS LC,https://www.motorcyclespecs.co.za/model/bmw/bmw-r1200rs-15.html,51,LOW,NUMBER_MISMATCH
000121,BMW,R 12 nineT,R 1200RS LC,https://www.motorcyclespecs.co.za/model/bmw/bmw-r1200rs-16.html,51,LOW,NUMBER_MISMATCH
000121,BMW,R 12 nineT,R 1200RS LC,https://www.motorcyclespecs.co.za/model/bmw/bmw-r1200rs-17.html,51,LOW,NUMBER_MISMATCH
000121,BMW,R 12 nineT,R 1200RS LC,https://www.motorcyclespecs.co.za/model/bmw/bmw-r1200rs-18.html,51,LOW,NUMBER_MISMATCH
000121,BMW,R 12 nineT,"R 1200RS LC Iconic 
		Limited Edition",https://www.motorcyclespecs.co.za/model/bmw/bmw-r1200rs-lc-iconic-16.html,51,LOW,NUMBER_MISMATCH
000121,BMW,R 12 nineT,R 1200S,https://www.motorcyclespecs.co.za/model/bmw/bmw-r1200s-06.html,51,LOW,NUMBER_MISMATCH
000121,BMW,R 12 nineT,R 1200S,https://www.motorcyclespecs.co.za/model/bmw/bmw-r1200s-07.html,51,LOW,NUMBER_MISMATCH
000121,BMW,R 12 nineT,R 1200S,https://www.motorcyclespecs.co.za/model/bmw/bmw-r1200s-08.html,51,LOW,NUMBER_MISMATCH
000121,BMW,R 12 nineT,R 1250GS,https://www.motorcyclespecs.co.za/model/bmw/bmw-r1250gs-19.html,51,LOW,NUMBER_MISMATCH
000121,BMW,R 12 nineT,R 1250GS,https://www.motorcyclespecs.co.za/model/bmw/bmw-r1250gs-21.html,51,LOW,NUMBER_MISMATCH
000121,BMW,R 12 nineT,"R 1250GS 
		Exclusive",https://www.motorcyclespecs.co.za/model/bmw/bmw-r1250gs-ex-19.html,51,LOW,NUMBER_MISMATCH
000121,BMW,R 12 nineT,R 1200GS LC TE Exclusive,https://www.motorcyclespecs.co.za/model/bmw/bmw-r1200gs-ex-17.html,50,LOW,NUMBER_MISMATCH
000121,BMW,R 12 nineT,R 1200GS LC TE Exclusive,https://www.motorcyclespecs.co.za/model/bmw/bmw-r1200gs-ex-18.html,50,LOW,NUMBER_MISMATCH
000121,BMW,R 12 nineT,"R 
		1200GS Alpine White Special Version",https://www.motorcyclespecs.co.za/model/bmw/bmw-r1200gs-special-09.html,50,LOW,NUMBER_MISMATCH
000121,BMW,R 12 nineT,R 1200R LC,https://www.motorcyclespecs.co.za/model/bmw/bmw-r1200r-15.html,50,LOW,NUMBER_MISMATCH
000121,BMW,R 12 nineT,R 1200R LC,https://www.motorcyclespecs.co.za/model/bmw/bmw-r1200r-16.html,50,LOW,NUMBER_MISMATCH
000121,BMW,R 12 nineT,R 1200R LC,https://www.motorcyclespecs.co.za/model/bmw/bmw-r1200r-17.html,50,LOW,NUMBER_MISMATCH
000121,BMW,R 12 nineT,R 1200R LC,https://www.motorcyclespecs.co.za/model/bmw/bmw-r1200r-18.html,50,LOW,NUMBER_MISMATCH
000121,BMW,R 12 nineT,"R 
		1200R Touring Special",https://www.motorcyclespecs.co.za/model/bmw/bmw-r1200r-special-10.html,50,LOW,NUMBER_MISMATCH
000121,BMW,R 12 nineT,"R 1250GS / 
		Exclusive / HP",https://www.motorcyclespecs.co.za/model/bmw/bmw-r1250gs-20.html,50,LOW,NUMBER_MISMATCH
000121,BMW,R 12 nineT,R 1200GS LC,https://www.motorcyclespecs.co.za/model/bmw/bmw-r1200gs-13.html,49,LOW,NUMBER_MISMATCH
000121,BMW,R 12 nineT,R 1200GS LC,https://www.motorcyclespecs.co.za/model/bmw/bmw-r1200gs-14.html,49,LOW,NUMBER_MISMATCH
000121,BMW,R 12 nineT,R 1200GS LC,https://www.motorcyclespecs.co.za/model/bmw/bmw-r1200gs-15.html,49,LOW,NUMBER_MISMATCH
000121,BMW,R 12 nineT,R 1200GS LC,https://www.motorcyclespecs.co.za/model/bmw/bmw-r1200gs-16.html,49,LOW,NUMBER_MISMATCH
000121,BMW,R 12 nineT,R 1200GS Tom Luthi Limited Edition,https://www.motorcyclespecs.co.za/model/bmw/bmw-r1200gs-Luthi-ie.html,49,LOW,NUMBER_MISMATCH
000121,BMW,R 12 nineT,"R 
		1200GS 30th Anniversary Special",https://www.motorcyclespecs.co.za/model/bmw/bmw-r1200gs-special-10.html,49,LOW,NUMBER_MISMATCH
000121,BMW,R 12 nineT,"R 1200R LC 
		Black Edition (Italy only)",https://www.motorcyclespecs.co.za/model/bmw/bmw-r1200r-black-17.html,49,LOW,NUMBER_MISMATCH
000121,BMW,R 12 nineT,"R 
		1200R Classic",https://www.motorcyclespecs.co.za/model/bmw/bmw-r1200r-classic-11.html,49,LOW,NUMBER_MISMATCH
000121,BMW,R 12 nineT,"R 
		1200R Classic",https://www.motorcyclespecs.co.za/model/bmw/bmw-r1200r-classic-12.html,49,LOW,NUMBER_MISMATCH
000121,BMW,R 12 nineT,R 1250GS 40 Years Edition,https://www.motorcyclespecs.co.za/model/bmw/bmw-r1250gs-40th-21.html,49,LOW,NUMBER_MISMATCH
000121,BMW,R 12 nineT,R 1250GS HP,https://www.motorcyclespecs.co.za/model/bmw/bmw-r1250gs-hp-19.html,49,LOW,NUMBER_MISMATCH
000121,BMW,R 12 nineT,R 12 5 0R T Sport,https://www.motorcyclespecs.co.za/model/bmw/bmw-r1250rt-sp-19.html,49,LOW,NUMBER_MISMATCH
000121,BMW,R 12 nineT,"R 
		1200GS Triple Black Special Edition",https://www.motorcyclespecs.co.za/model/bmw/bmw-r1200gs-black-11.html,48,LOW,NUMBER_MISMATCH
000121,BMW,R 12 nineT,R 1200GS LC Triple Black Special Edition,https://www.motorcyclespecs.co.za/model/bmw/bmw-r1200gs-lc-triole-black.html,48,LOW,NUMBER_MISMATCH
000121,BMW,R 12 nineT,R 1200RT Touring Special,https://www.motorcyclespecs.co.za/model/bmw/bmw-r1200rt-se-09.html,48,LOW,NUMBER_MISMATCH
000121,BMW,R 12 nineT,R 1200GS Adventure,https://www.motorcyclespecs.co.za/model/bmw/bmw-r1200gs-adventure-06.html,46,LOW,NUMBER_MISMATCH
000121,BMW,R 12 nineT,R 1200GS Adventure,https://www.motorcyclespecs.co.za/model/bmw/bmw-r1200gs-adventure-07.html,46,LOW,NUMBER_MISMATCH
000121,BMW,R 12 nineT,R 1200GS Adventure,https://www.motorcyclespecs.co.za/model/bmw/bmw-r1200gs-adventure-08.html,46,LOW,NUMBER_MISMATCH
000121,BMW,R 12 nineT,"R 
		1200GS Adventure",https://www.motorcyclespecs.co.za/model/bmw/bmw-r1200gs-adventure-09.html,46,LOW,NUMBER_MISMATCH
000121,BMW,R 12 nineT,R 1200GS Adventure,https://www.motorcyclespecs.co.za/model/bmw/bmw-r1200gs-adventure-10.html,46,LOW,NUMBER_MISMATCH
000121,BMW,R 12 nineT,"R 
		1200GS Adventure",https://www.motorcyclespecs.co.za/model/bmw/bmw-r1200gs-adventure-11.html,46,LOW,NUMBER_MISMATCH
000121,BMW,R 12 nineT,"R 
		1200GS Adventure",https://www.motorcyclespecs.co.za/model/bmw/bmw-r1200gs-adventure-12.html,46,LOW,NUMBER_MISMATCH
000121,BMW,R 12 nineT,"R 
		1200GS Adventure",https://www.motorcyclespecs.co.za/model/bmw/bmw-r1200gs-adventure-13.html,46,LOW,NUMBER_MISMATCH
000121,BMW,R 12 nineT,R 1200GS Adventure,https://www.motorcyclespecs.co.za/model/bmw/bmw-r1200gs-adventure-heroes-legend.html,46,LOW,NUMBER_MISMATCH
000121,BMW,R 12 nineT,"R 
		1250GS Adventure",https://www.motorcyclespecs.co.za/model/bmw/bmw-r1250gs-adven-20.html,46,LOW,NUMBER_MISMATCH
000121,BMW,R 12 nineT,"R 
		1250GS Adventure",https://www.motorcyclespecs.co.za/model/bmw/bmw-r1250gs-adven-21.html,46,LOW,NUMBER_MISMATCH
000121,BMW,R 12 nineT,"R 
		1250GS Adventure",https://www.motorcyclespecs.co.za/model/bmw/bmw-r250gs_adven-19.html,46,LOW,NUMBER_MISMATCH
000121,BMW,R 12 nineT,"R 
		1200GS LC Adventure",https://www.motorcyclespecs.co.za/model/bmw/bmw-r1200gs-adventure-14.html,45,LOW,NUMBER_MISMATCH
000121,BMW,R 12 nineT,"R 
		1200GS LC Adventure",https://www.motorcyclespecs.co.za/model/bmw/bmw-r1200gs-adventure-15.html,45,LOW,NUMBER_MISMATCH
000121,BMW,R 12 nineT,"R 
		1200GS LC Adventure",https://www.motorcyclespecs.co.za/model/bmw/bmw-r1200gs-adventure-16.html,45,LOW,NUMBER_MISMATCH
000121,BMW,R 12 nineT,"R 1200GS 
		LC Adventure",https://www.motorcyclespecs.co.za/model/bmw/bmw-r1200gs-adventure-18.html,45,LOW,NUMBER_MISMATCH
000121,BMW,R 12 nineT,R 1200GS LC Adventure Iconic Limited Edition,https://www.motorcyclespecs.co.za/model/bmw/bmw-r1200gs-adventure-iconic-16.html,45,LOW,NUMBER_MISMATCH
000121,BMW,R 12 nineT,"R 
		1250GS Adventure 40 Years Edition",https://www.motorcyclespecs.co.za/model/bmw/bmw-r1250gs-adven-40th-21.html,45,LOW,NUMBER_MISMATCH
000121,BMW,R 12 nineT,"R 1200GS 
		LC Adventure Black Edition",https://www.motorcyclespecs.co.za/model/bmw/bmw-r1200gs-adventure-black-18.html,44,LOW,NUMBER_MISMATCH
000121,BMW,R 12 nineT,R 1200GS Adventure Triple Black,https://www.motorcyclespecs.co.za/model/bmw/bmw-r1200gs-adventure-black.html,44,LOW,NUMBER_MISMATCH
000121,BMW,R 12 nineT,"R 1200GS 
		LC Adventure Triple Black",https://www.motorcyclespecs.co.za/model/bmw/bmw-r1200gs-adventure-triple-black.html,44,LOW,NUMBER_MISMATCH
000121,BMW,R 12 nineT,R 1200GS Adventure 90th Anniversary Special,https://www.motorcyclespecs.co.za/model/bmw/bmw-r1200gs-90th-anniversary.html,43,LOW,NUMBER_MISMATCH
000121,BMW,R 12 nineT,R 1200GS Adventure 30th Anniversary Special,https://www.motorcyclespecs.co.za/model/bmw/bmw-r1200gs-adventure-special-10.html,43,LOW,NUMBER_MISMATCH
000121,BMW,R 12 nineT,R 1200GS Adventure Long Way Down Replicas,https://www.motorcyclespecs.co.za/model/bmw/bmw-r1200gs-adventure-long-way.html,42,LOW,NUMBER_MISMATCH
000122,BMW,R 12 S,R 12 S,https://www.motorcyclespecs.co.za/model/bmw/bmw-r12-ninet-s-2025.html,95,HIGH,EXACT
000122,BMW,R 12 S,R 12,https://www.motorcyclespecs.co.za/model/bmw/bmw-r12-twin-carb.html,77,LOW,REVIEW
000122,BMW,R 12 S,R 12GS,https://www.motorcyclespecs.co.za/model/bmw/bmw-r12-gs-2025.html,75,LOW,REVIEW
000122,BMW,R 12 S,R 1200S,https://www.motorcyclespecs.co.za/model/bmw/bmw-r1200s-06.html,65,LOW,NUMBER_MISMATCH
000122,BMW,R 12 S,R 1200S,https://www.motorcyclespecs.co.za/model/bmw/bmw-r1200s-07.html,65,LOW,NUMBER_MISMATCH
000122,BMW,R 12 S,R 1200S,https://www.motorcyclespecs.co.za/model/bmw/bmw-r1200s-08.html,65,LOW,NUMBER_MISMATCH
000122,BMW,R 12 S,R 1200ST,https://www.motorcyclespecs.co.za/model/bmw/bmw-r1200st-05.html,65,LOW,NUMBER_MISMATCH
000122,BMW,R 12 S,R 1200ST,https://www.motorcyclespecs.co.za/model/bmw/bmw-r1200st-06.html,65,LOW,NUMBER_MISMATCH
000122,BMW,R 12 S,R 1200ST,https://www.motorcyclespecs.co.za/model/bmw/bmw-r1200st-07.html,65,LOW,NUMBER_MISMATCH
000122,BMW,R 12 S,R 1250RS,https://www.motorcyclespecs.co.za/model/bmw/bmw-r1250rs-19.html,65,LOW,NUMBER_MISMATCH
000122,BMW,R 12 S,R 1250RS,https://www.motorcyclespecs.co.za/model/bmw/bmw-r1250rs-20.html,65,LOW,NUMBER_MISMATCH
000122,BMW,R 12 S,R 1250RS,https://www.motorcyclespecs.co.za/model/bmw/bmw-r1250rs-21.html,65,LOW,NUMBER_MISMATCH
000122,BMW,R 12 S,R 1250RS,https://www.motorcyclespecs.co.za/model/bmw/bmw-r1250rs-22.html,65,LOW,NUMBER_MISMATCH
000122,BMW,R 12 S,R 1250RS,https://www.motorcyclespecs.co.za/model/bmw/bmw-r1250rs-23.html,65,LOW,NUMBER_MISMATCH
000122,BMW,R 12 S,R 1250RS,https://www.motorcyclespecs.co.za/model/bmw/bmw-r1250rt-21.html,65,LOW,NUMBER_MISMATCH
000122,BMW,R 12 S,R 12 Cruiser,https://www.motorcyclespecs.co.za/model/bmw/bmw-r12-Cruiser-2024.html,64,LOW,MODEL_MISMATCH
000122,BMW,R 12 S,R 12 Roadster,https://www.motorcyclespecs.co.za/model/bmw/bmw-r12-nineT-2024.html,64,LOW,MODEL_MISMATCH
000122,BMW,R 12 S,"R 
		51/2",https://www.motorcyclespecs.co.za/model/bmw/bmw-r51-2.html,63,LOW,NUMBER_MISMATCH
000122,BMW,R 12 S,R 1200RS LC,https://www.motorcyclespecs.co.za/model/bmw/bmw-r1200rs-15.html,60,LOW,NUMBER_MISMATCH
000122,BMW,R 12 S,R 1200RS LC,https://www.motorcyclespecs.co.za/model/bmw/bmw-r1200rs-16.html,60,LOW,NUMBER_MISMATCH
000122,BMW,R 12 S,R 1200RS LC,https://www.motorcyclespecs.co.za/model/bmw/bmw-r1200rs-17.html,60,LOW,NUMBER_MISMATCH
000122,BMW,R 12 S,R 1200RS LC,https://www.motorcyclespecs.co.za/model/bmw/bmw-r1200rs-18.html,60,LOW,NUMBER_MISMATCH
000122,BMW,R 12 S,R 1200GS,https://www.motorcyclespecs.co.za/model/bmw/bmw-r1200gs-04.html,59,LOW,NUMBER_MISMATCH
000122,BMW,R 12 S,R 1200GS,https://www.motorcyclespecs.co.za/model/bmw/bmw-r1200gs-05.html,59,LOW,NUMBER_MISMATCH
000122,BMW,R 12 S,R 1200GS,https://www.motorcyclespecs.co.za/model/bmw/bmw-r1200gs-06.html,59,LOW,NUMBER_MISMATCH
000122,BMW,R 12 S,R 1200GS,https://www.motorcyclespecs.co.za/model/bmw/bmw-r1200gs-07.html,59,LOW,NUMBER_MISMATCH
000122,BMW,R 12 S,R 1200GS,https://www.motorcyclespecs.co.za/model/bmw/bmw-r1200gs-08.html,59,LOW,NUMBER_MISMATCH
000122,BMW,R 12 S,R 1200GS,https://www.motorcyclespecs.co.za/model/bmw/bmw-r1200gs-10.html,59,LOW,NUMBER_MISMATCH
000122,BMW,R 12 S,R 1200GS,https://www.motorcyclespecs.co.za/model/bmw/bmw-r1200gs-11.html,59,LOW,NUMBER_MISMATCH
000122,BMW,R 12 S,R 1200GS,https://www.motorcyclespecs.co.za/model/bmw/bmw-r1200gs-12.html,59,LOW,NUMBER_MISMATCH
000122,BMW,R 12 S,R 1250GS,https://www.motorcyclespecs.co.za/model/bmw/bmw-r1250gs-19.html,59,LOW,NUMBER_MISMATCH
000122,BMW,R 12 S,R 1250GS,https://www.motorcyclespecs.co.za/model/bmw/bmw-r1250gs-21.html,59,LOW,NUMBER_MISMATCH
000122,BMW,R 12 S,R nineT R12,https://www.motorcyclespecs.co.za/model/bmw/bmw-r12-nineT-2023.html,58,LOW,MODEL_MISMATCH
000122,BMW,R 12 S,R 1200R,https://www.motorcyclespecs.co.za/model/bmw/bmw-r1200r-07.html,58,LOW,NUMBER_MISMATCH
000122,BMW,R 12 S,R 1200R,https://www.motorcyclespecs.co.za/model/bmw/bmw-r1200r-08.html,58,LOW,NUMBER_MISMATCH
000122,BMW,R 12 S,R 1200R,https://www.motorcyclespecs.co.za/model/bmw/bmw-r1200r-09.html,58,LOW,NUMBER_MISMATCH
000122,BMW,R 12 S,R 1200R,https://www.motorcyclespecs.co.za/model/bmw/bmw-r1200r-10.html,58,LOW,NUMBER_MISMATCH
000122,BMW,R 12 S,R 1200R,https://www.motorcyclespecs.co.za/model/bmw/bmw-r1200r-11.html,58,LOW,NUMBER_MISMATCH
000122,BMW,R 12 S,R 1200R,https://www.motorcyclespecs.co.za/model/bmw/bmw-r1200r-12.html,58,LOW,NUMBER_MISMATCH
000122,BMW,R 12 S,R 1200R,https://www.motorcyclespecs.co.za/model/bmw/bmw-r1200r-13.html,58,LOW,NUMBER_MISMATCH
000122,BMW,R 12 S,R 1200R,https://www.motorcyclespecs.co.za/model/bmw/bmw-r1200r-14.html,58,LOW,NUMBER_MISMATCH
000122,BMW,R 12 S,R 1250R,https://www.motorcyclespecs.co.za/model/bmw/bmw-r1250r-19.html,58,LOW,NUMBER_MISMATCH
000122,BMW,R 12 S,R 1250R,https://www.motorcyclespecs.co.za/model/bmw/bmw-r1250r-21.html,58,LOW,NUMBER_MISMATCH
000122,BMW,R 12 S,R 1250R,https://www.motorcyclespecs.co.za/model/bmw/bmw-r1250r-23.html,58,LOW,NUMBER_MISMATCH
000122,BMW,R 12 S,R 1250R,https://www.motorcyclespecs.co.za/model/bmw/bmw-r1250r_20.html,58,LOW,NUMBER_MISMATCH
000122,BMW,R 12 S,R 1200RT,https://www.motorcyclespecs.co.za/model/bmw/bmw-r1200rt-05.html,57,LOW,NUMBER_MISMATCH
000122,BMW,R 12 S,R 1200RT,https://www.motorcyclespecs.co.za/model/bmw/bmw-r1200rt-06.html,57,LOW,NUMBER_MISMATCH
000122,BMW,R 12 S,R 1200RT,https://www.motorcyclespecs.co.za/model/bmw/bmw-r1200rt-07.html,57,LOW,NUMBER_MISMATCH
000122,BMW,R 12 S,R 1200RT,https://www.motorcyclespecs.co.za/model/bmw/bmw-r1200rt-08.html,57,LOW,NUMBER_MISMATCH
000122,BMW,R 12 S,R 1200RT,https://www.motorcyclespecs.co.za/model/bmw/bmw-r1200rt-09.html,57,LOW,NUMBER_MISMATCH
000122,BMW,R 12 S,R 1200RT,https://www.motorcyclespecs.co.za/model/bmw/bmw-r1200rt-10.html,57,LOW,NUMBER_MISMATCH
000122,BMW,R 12 S,R 1200RT,https://www.motorcyclespecs.co.za/model/bmw/bmw-r1200rt-11.html,57,LOW,NUMBER_MISMATCH
000122,BMW,R 12 S,R 1200RT,https://www.motorcyclespecs.co.za/model/bmw/bmw-r1200rt-12.html,57,LOW,NUMBER_MISMATCH
000122,BMW,R 12 S,R 1200RT,https://www.motorcyclespecs.co.za/model/bmw/bmw-r1200rt-13.html,57,LOW,NUMBER_MISMATCH
000122,BMW,R 12 S,R 12 5 0RT,https://www.motorcyclespecs.co.za/model/bmw/bmw-r1250rt-19.html,57,LOW,NUMBER_MISMATCH
000122,BMW,R 12 S,R 1250RT,https://www.motorcyclespecs.co.za/model/bmw/bmw-r1250rt-20.html,57,LOW,NUMBER_MISMATCH
000122,BMW,R 12 S,R 1250RT,https://www.motorcyclespecs.co.za/model/bmw/bmw-r1250rt-22.html,57,LOW,NUMBER_MISMATCH
000122,BMW,R 12 S,R 1200C,https://www.motorcyclespecs.co.za/model/bmw/bmw-r1200c-00.html,56,LOW,NUMBER_MISMATCH
000122,BMW,R 12 S,R 1200C,https://www.motorcyclespecs.co.za/model/bmw/bmw-r1200c-03.html,56,LOW,NUMBER_MISMATCH
000122,BMW,R 12 S,R 1200C,https://www.motorcyclespecs.co.za/model/bmw/bmw-r1200c-98.html,56,LOW,NUMBER_MISMATCH
000122,BMW,R 12 S,R 1200C,https://www.motorcyclespecs.co.za/model/bmw/bmw-r1200c.html,56,LOW,NUMBER_MISMATCH
000122,BMW,R 12 S,R 12 5 0R T Sport,https://www.motorcyclespecs.co.za/model/bmw/bmw-r1250rt-sp-19.html,54,LOW,NUMBER_MISMATCH
000122,BMW,R 12 S,R 1200CL,https://www.motorcyclespecs.co.za/model/bmw/bmw-r1200cl-04.html,53,LOW,NUMBER_MISMATCH
000122,BMW,R 12 S,R 1200CL,https://www.motorcyclespecs.co.za/model/bmw/bmw-r1200cl-05.html,53,LOW,NUMBER_MISMATCH
000122,BMW,R 12 S,R 1200CL,https://www.motorcyclespecs.co.za/model/bmw/bmw-r1200cl.html,53,LOW,NUMBER_MISMATCH
000122,BMW,R 12 S,R 1200GS LC,https://www.motorcyclespecs.co.za/model/bmw/bmw-r1200gs-13.html,53,LOW,NUMBER_MISMATCH
000122,BMW,R 12 S,R 1200GS LC,https://www.motorcyclespecs.co.za/model/bmw/bmw-r1200gs-14.html,53,LOW,NUMBER_MISMATCH
000122,BMW,R 12 S,R 1200GS LC,https://www.motorcyclespecs.co.za/model/bmw/bmw-r1200gs-15.html,53,LOW,NUMBER_MISMATCH
000122,BMW,R 12 S,R 1200GS LC,https://www.motorcyclespecs.co.za/model/bmw/bmw-r1200gs-16.html,53,LOW,NUMBER_MISMATCH
000122,BMW,R 12 S,R 1250GS HP,https://www.motorcyclespecs.co.za/model/bmw/bmw-r1250gs-hp-19.html,53,LOW,NUMBER_MISMATCH
000122,BMW,R 12 S,R 1200RT LC,https://www.motorcyclespecs.co.za/model/bmw/bmw-r1200rt-14.html,52,LOW,NUMBER_MISMATCH
000122,BMW,R 12 S,R 1200RT LC,https://www.motorcyclespecs.co.za/model/bmw/bmw-r1200rt-15.html,52,LOW,NUMBER_MISMATCH
000122,BMW,R 12 S,R 1200RT LC,https://www.motorcyclespecs.co.za/model/bmw/bmw-r1200rt-16.html,52,LOW,NUMBER_MISMATCH
000122,BMW,R 12 S,R 1200RT LC,https://www.motorcyclespecs.co.za/model/bmw/bmw-r1200rt-17.html,52,LOW,NUMBER_MISMATCH
000122,BMW,R 12 S,R 1200RT LC,https://www.motorcyclespecs.co.za/model/bmw/bmw-r1200rt-18.html,52,LOW,NUMBER_MISMATCH
000122,BMW,R 12 S,R 1200R LC,https://www.motorcyclespecs.co.za/model/bmw/bmw-r1200r-15.html,51,LOW,NUMBER_MISMATCH
000122,BMW,R 12 S,R 1200R LC,https://www.motorcyclespecs.co.za/model/bmw/bmw-r1200r-16.html,51,LOW,NUMBER_MISMATCH
000122,BMW,R 12 S,R 1200R LC,https://www.motorcyclespecs.co.za/model/bmw/bmw-r1200r-17.html,51,LOW,NUMBER_MISMATCH
000122,BMW,R 12 S,R 1200R LC,https://www.motorcyclespecs.co.za/model/bmw/bmw-r1200r-18.html,51,LOW,NUMBER_MISMATCH
000122,BMW,R 12 S,"R 
		1200GS Rallye",https://www.motorcyclespecs.co.za/model/bmw/bmw-r1200gs-rally-12.html,50,LOW,NUMBER_MISMATCH
000122,BMW,R 12 S,R 1200GS Adventure,https://www.motorcyclespecs.co.za/model/bmw/bmw-r1200gs-adventure-06.html,49,LOW,NUMBER_MISMATCH
000122,BMW,R 12 S,R 1200GS Adventure,https://www.motorcyclespecs.co.za/model/bmw/bmw-r1200gs-adventure-07.html,49,LOW,NUMBER_MISMATCH
000122,BMW,R 12 S,R 1200GS Adventure,https://www.motorcyclespecs.co.za/model/bmw/bmw-r1200gs-adventure-08.html,49,LOW,NUMBER_MISMATCH
000122,BMW,R 12 S,"R 
		1200GS Adventure",https://www.motorcyclespecs.co.za/model/bmw/bmw-r1200gs-adventure-09.html,49,LOW,NUMBER_MISMATCH
000122,BMW,R 12 S,R 1200GS Adventure,https://www.motorcyclespecs.co.za/model/bmw/bmw-r1200gs-adventure-10.html,49,LOW,NUMBER_MISMATCH
000122,BMW,R 12 S,"R 
		1200GS Adventure",https://www.motorcyclespecs.co.za/model/bmw/bmw-r1200gs-adventure-11.html,49,LOW,NUMBER_MISMATCH
000122,BMW,R 12 S,"R 
		1200GS Adventure",https://www.motorcyclespecs.co.za/model/bmw/bmw-r1200gs-adventure-12.html,49,LOW,NUMBER_MISMATCH
000122,BMW,R 12 S,"R 
		1200GS Adventure",https://www.motorcyclespecs.co.za/model/bmw/bmw-r1200gs-adventure-13.html,49,LOW,NUMBER_MISMATCH
000122,BMW,R 12 S,R 1200GS Adventure,https://www.motorcyclespecs.co.za/model/bmw/bmw-r1200gs-adventure-heroes-legend.html,49,LOW,NUMBER_MISMATCH
000122,BMW,R 12 S,R 1200RT Fire,https://www.motorcyclespecs.co.za/model/bmw/bmw-r1200rt-fire.html,49,LOW,NUMBER_MISMATCH
000122,BMW,R 12 S,"R 
		1250GS Adventure",https://www.motorcyclespecs.co.za/model/bmw/bmw-r1250gs-adven-20.html,49,LOW,NUMBER_MISMATCH
000122,BMW,R 12 S,"R 
		1250GS Adventure",https://www.motorcyclespecs.co.za/model/bmw/bmw-r1250gs-adven-21.html,49,LOW,NUMBER_MISMATCH
000122,BMW,R 12 S,"R 
		1250GS Adventure",https://www.motorcyclespecs.co.za/model/bmw/bmw-r250gs_adven-19.html,49,LOW,NUMBER_MISMATCH
000122,BMW,R 12 S,"R 
		1200R Classic",https://www.motorcyclespecs.co.za/model/bmw/bmw-r1200r-classic-11.html,48,LOW,NUMBER_MISMATCH
000122,BMW,R 12 S,"R 
		1200R Classic",https://www.motorcyclespecs.co.za/model/bmw/bmw-r1200r-classic-12.html,48,LOW,NUMBER_MISMATCH
000122,BMW,R 12 S,R 1200GS LC Rallye,https://www.motorcyclespecs.co.za/model/bmw/bmw-r1200gs-17.html,47,LOW,NUMBER_MISMATCH
000122,BMW,R 12 S,R 1200GS LC Rallye,https://www.motorcyclespecs.co.za/model/bmw/bmw-r1200gs-rally-18.html,47,LOW,NUMBER_MISMATCH
000122,BMW,R 12 S,"R 1250GS 
		Exclusive",https://www.motorcyclespecs.co.za/model/bmw/bmw-r1250gs-ex-19.html,47,LOW,NUMBER_MISMATCH
000122,BMW,R 12 S,"R 
		1200GS LC Adventure",https://www.motorcyclespecs.co.za/model/bmw/bmw-r1200gs-adventure-14.html,46,LOW,NUMBER_MISMATCH
000122,BMW,R 12 S,"R 
		1200GS LC Adventure",https://www.motorcyclespecs.co.za/model/bmw/bmw-r1200gs-adventure-15.html,46,LOW,NUMBER_MISMATCH
000122,BMW,R 12 S,"R 
		1200GS LC Adventure",https://www.motorcyclespecs.co.za/model/bmw/bmw-r1200gs-adventure-16.html,46,LOW,NUMBER_MISMATCH
000122,BMW,R 12 S,"R 1200GS 
		LC Adventure",https://www.motorcyclespecs.co.za/model/bmw/bmw-r1200gs-adventure-18.html,46,LOW,NUMBER_MISMATCH
000122,BMW,R 12 S,"R 
		1200RT Police",https://www.motorcyclespecs.co.za/model/bmw/bmw-r1200rt-police.html,46,LOW,NUMBER_MISMATCH
000122,BMW,R 12 S,"R 
		1200R Touring Special",https://www.motorcyclespecs.co.za/model/bmw/bmw-r1200r-special-10.html,45,LOW,NUMBER_MISMATCH
000122,BMW,R 12 S,R 1250GS 40 Years Edition,https://www.motorcyclespecs.co.za/model/bmw/bmw-r1250gs-40th-21.html,45,LOW,NUMBER_MISMATCH
000122,BMW,R 12 S,"R 1200C 
	Montauk",https://www.motorcyclespecs.co.za/model/bmw/bmw-r1200c-montauk-03.html,44,LOW,NUMBER_MISMATCH
000122,BMW,R 12 S,"R 
		1200R 90th Anniversary",https://www.motorcyclespecs.co.za/model/bmw/bmw-r1200r-90th-ani.html,44,LOW,NUMBER_MISMATCH
000122,BMW,R 12 S,R 1200RT Touring Special,https://www.motorcyclespecs.co.za/model/bmw/bmw-r1200rt-se-09.html,44,LOW,NUMBER_MISMATCH
000122,BMW,R 12 S,"R 1200ST Limited 
		Edition",https://www.motorcyclespecs.co.za/model/bmw/bmw-r1200st-le-07.html,44,LOW,NUMBER_MISMATCH
000122,BMW,R 12 S,"R 1250GS / 
		Exclusive / HP",https://www.motorcyclespecs.co.za/model/bmw/bmw-r1250gs-20.html,44,LOW,NUMBER_MISMATCH
000122,BMW,R 12 S,R 12 5 0RT Elegance,https://www.motorcyclespecs.co.za/model/bmw/bmw-r1250rt-ela-19.html,44,LOW,NUMBER_MISMATCH
000122,BMW,R 12 S,R 1200C Aventgarde,https://www.motorcyclespecs.co.za/model/bmw/bmw-r1200c-avantgarde-02.html,43,LOW,NUMBER_MISMATCH
000122,BMW,R 12 S,R 1200GS LC TE Exclusive,https://www.motorcyclespecs.co.za/model/bmw/bmw-r1200gs-ex-17.html,43,LOW,NUMBER_MISMATCH
000122,BMW,R 12 S,R 1200GS LC TE Exclusive,https://www.motorcyclespecs.co.za/model/bmw/bmw-r1200gs-ex-18.html,43,LOW,NUMBER_MISMATCH
000122,BMW,R 12 S,R 1200RT 90th Anniversary,https://www.motorcyclespecs.co.za/model/bmw/bmw-r1200rt-90th-anniversary.html,42,LOW,NUMBER_MISMATCH
000122,BMW,R 12 S,R 1200C Independent,https://www.motorcyclespecs.co.za/model/bmw/bmw-r1200c-independent-02.html,41,LOW,NUMBER_MISMATCH
000122,BMW,R 12 S,R 1200GS Adventure Triple Black,https://www.motorcyclespecs.co.za/model/bmw/bmw-r1200gs-adventure-black.html,41,LOW,NUMBER_MISMATCH
000122,BMW,R 12 S,"R 1200GS 
		LC Adventure Black Edition",https://www.motorcyclespecs.co.za/model/bmw/bmw-r1200gs-adventure-black-18.html,40,LOW,NUMBER_MISMATCH
000122,BMW,R 12 S,"R 1200GS 
		LC Adventure Triple Black",https://www.motorcyclespecs.co.za/model/bmw/bmw-r1200gs-adventure-triple-black.html,40,LOW,NUMBER_MISMATCH
000122,BMW,R 12 S,"R 
		1200GS 30th Anniversary Special",https://www.motorcyclespecs.co.za/model/bmw/bmw-r1200gs-special-10.html,40,LOW,NUMBER_MISMATCH
000122,BMW,R 12 S,"R 1200R ""Dark White"" Special Edition",https://www.motorcyclespecs.co.za/model/bmw/bmw-r1200r-dark.html,40,LOW,NUMBER_MISMATCH
000122,BMW,R 12 S,"R 1200RS LC Iconic 
		Limited Edition",https://www.motorcyclespecs.co.za/model/bmw/bmw-r1200rs-lc-iconic-16.html,40,LOW,NUMBER_MISMATCH
000122,BMW,R 12 S,"R 
		1250GS Adventure 40 Years Edition",https://www.motorcyclespecs.co.za/model/bmw/bmw-r1250gs-adven-40th-21.html,40,LOW,NUMBER_MISMATCH
000122,BMW,R 12 S,R 1200GS Tom Luthi Limited Edition,https://www.motorcyclespecs.co.za/model/bmw/bmw-r1200gs-Luthi-ie.html,39,LOW,NUMBER_MISMATCH
000122,BMW,R 12 S,R 1200GS Adventure Long Way Down Replicas,https://www.motorcyclespecs.co.za/model/bmw/bmw-r1200gs-adventure-long-way.html,39,LOW,NUMBER_MISMATCH
000122,BMW,R 12 S,"R 
		1200GS Triple Black Special Edition",https://www.motorcyclespecs.co.za/model/bmw/bmw-r1200gs-black-11.html,39,LOW,NUMBER_MISMATCH
000122,BMW,R 12 S,R 1200GS LC Iconic Limited Edition,https://www.motorcyclespecs.co.za/model/bmw/bmw-r1200gs-iconic.html,39,LOW,NUMBER_MISMATCH
000122,BMW,R 12 S,R 1200GS LC Triple Black Special Edition,https://www.motorcyclespecs.co.za/model/bmw/bmw-r1200gs-lc-triole-black.html,39,LOW,NUMBER_MISMATCH
000122,BMW,R 12 S,"R 
		1200GS Alpine White Special Version",https://www.motorcyclespecs.co.za/model/bmw/bmw-r1200gs-special-09.html,39,LOW,NUMBER_MISMATCH
000122,BMW,R 12 S,R 1200GS Adventure 90th Anniversary Special,https://www.motorcyclespecs.co.za/model/bmw/bmw-r1200gs-90th-anniversary.html,38,LOW,NUMBER_MISMATCH
000122,BMW,R 12 S,R 1200GS LC Adventure Iconic Limited Edition,https://www.motorcyclespecs.co.za/model/bmw/bmw-r1200gs-adventure-iconic-16.html,38,LOW,NUMBER_MISMATCH
000122,BMW,R 12 S,R 1200GS Adventure 30th Anniversary Special,https://www.motorcyclespecs.co.za/model/bmw/bmw-r1200gs-adventure-special-10.html,38,LOW,NUMBER_MISMATCH
000122,BMW,R 12 S,"R 1200RT LC Iconic 
		Limited Edition",https://www.motorcyclespecs.co.za/model/bmw/bmw-r1200rt-iconic-16.html,37,LOW,NUMBER_MISMATCH
000122,BMW,R 12 S,"R 1200R LC 
		Black Edition (Italy only)",https://www.motorcyclespecs.co.za/model/bmw/bmw-r1200r-black-17.html,36,LOW,NUMBER_MISMATCH
000123,BMW,R 18,R 18,https://www.motorcyclespecs.co.za/model/bmw/bmw-r18-20.html,95,HIGH,EXACT
000123,BMW,R 18,R 18,https://www.motorcyclespecs.co.za/model/bmw/bmw-r18-22.html,95,HIGH,EXACT
000123,BMW,R 18,R 18 B,https://www.motorcyclespecs.co.za/model/bmw/bmw-r18-b-22.html,82,LOW,REVIEW
000123,BMW,R 18,R 18 Classic,https://www.motorcyclespecs.co.za/model/bmw/bmw-r18-classic-21.html,63,LOW,MODEL_MISMATCH
000123,BMW,R 18,R 18 Classic,https://www.motorcyclespecs.co.za/model/bmw/bmw-r18-classic-22.html,63,LOW,MODEL_MISMATCH
000123,BMW,R 18,R 18 Roctane,https://www.motorcyclespecs.co.za/model/bmw/bmw-r18-roctane-2023.html,63,LOW,MODEL_MISMATCH
000123,BMW,R 18,R 18 Transcontinental,https://www.motorcyclespecs.co.za/model/bmw/bmw-r18-transcontinental-22.html,55,LOW,MODEL_MISMATCH
000123,BMW,R 18,"R 18 Classic 
		First Edition",https://www.motorcyclespecs.co.za/model/bmw/bmw-r18-classic-first-edition-21.html,54,LOW,MODEL_MISMATCH
000123,BMW,R 18,R 1200R LC,https://www.motorcyclespecs.co.za/model/bmw/bmw-r1200r-18.html,53,LOW,NUMBER_MISMATCH
000123,BMW,R 18,R 1200RS LC,https://www.motorcyclespecs.co.za/model/bmw/bmw-r1200rs-18.html,49,LOW,NUMBER_MISMATCH
000123,BMW,R 18,R 1200RT LC,https://www.motorcyclespecs.co.za/model/bmw/bmw-r1200rt-18.html,49,LOW,NUMBER_MISMATCH
000123,BMW,R 18,R nineT,https://www.motorcyclespecs.co.za/model/bmw/bmw-r-ninet-18.html,45,LOW,NUMBER_MISMATCH
000123,BMW,R 18,"R 18 100th 
		Anniversary",https://www.motorcyclespecs.co.za/model/bmw/bmw-r18-100th-anniversary-23.html,45,LOW,NUMBER_MISMATCH
000123,BMW,R 18,R 1200GS LC Rallye,https://www.motorcyclespecs.co.za/model/bmw/bmw-r1200gs-rally-18.html,43,LOW,NUMBER_MISMATCH
000123,BMW,R 18,R 1200GS LC TE Exclusive,https://www.motorcyclespecs.co.za/model/bmw/bmw-r1200gs-ex-18.html,41,LOW,NUMBER_MISMATCH
000123,BMW,R 18,"R 1200GS 
		LC Adventure",https://www.motorcyclespecs.co.za/model/bmw/bmw-r1200gs-adventure-18.html,37,LOW,NUMBER_MISMATCH
000123,BMW,R 18,"R 1200GS 
		LC Adventure Black Edition",https://www.motorcyclespecs.co.za/model/bmw/bmw-r1200gs-adventure-black-18.html,34,LOW,NUMBER_MISMATCH
000124,BMW,R 18 100 Years,"R 18 100th 
		Anniversary",https://www.motorcyclespecs.co.za/model/bmw/bmw-r18-100th-anniversary-23.html,69,LOW,MODEL_MISMATCH
000125,BMW,R 18 B,R 18 B,https://www.motorcyclespecs.co.za/model/bmw/bmw-r18-b-22.html,95,HIGH,EXACT
000125,BMW,R 18 B,R 18,https://www.motorcyclespecs.co.za/model/bmw/bmw-r18-20.html,82,LOW,REVIEW
000125,BMW,R 18 B,R 18,https://www.motorcyclespecs.co.za/model/bmw/bmw-r18-22.html,82,LOW,REVIEW
000125,BMW,R 18 B,R 18 Roctane,https://www.motorcyclespecs.co.za/model/bmw/bmw-r18-roctane-2023.html,65,LOW,MODEL_MISMATCH
000125,BMW,R 18 B,R 18 Classic,https://www.motorcyclespecs.co.za/model/bmw/bmw-r18-classic-21.html,62,LOW,MODEL_MISMATCH
000125,BMW,R 18 B,R 18 Classic,https://www.motorcyclespecs.co.za/model/bmw/bmw-r18-classic-22.html,62,LOW,MODEL_MISMATCH
000125,BMW,R 18 B,R 18 Transcontinental,https://www.motorcyclespecs.co.za/model/bmw/bmw-r18-transcontinental-22.html,56,LOW,MODEL_MISMATCH
000125,BMW,R 18 B,"R 18 Classic 
		First Edition",https://www.motorcyclespecs.co.za/model/bmw/bmw-r18-classic-first-edition-21.html,55,LOW,MODEL_MISMATCH
000125,BMW,R 18 B,R 1200RS LC,https://www.motorcyclespecs.co.za/model/bmw/bmw-r1200rs-18.html,51,LOW,NUMBER_MISMATCH
000125,BMW,R 18 B,R 1200RT LC,https://www.motorcyclespecs.co.za/model/bmw/bmw-r1200rt-18.html,51,LOW,NUMBER_MISMATCH
000125,BMW,R 18 B,R 1200R LC,https://www.motorcyclespecs.co.za/model/bmw/bmw-r1200r-18.html,50,LOW,NUMBER_MISMATCH
000125,BMW,R 18 B,"R 18 100th 
		Anniversary",https://www.motorcyclespecs.co.za/model/bmw/bmw-r18-100th-anniversary-23.html,47,LOW,NUMBER_MISMATCH
000125,BMW,R 18 B,R 1200GS LC Rallye,https://www.motorcyclespecs.co.za/model/bmw/bmw-r1200gs-rally-18.html,45,LOW,NUMBER_MISMATCH
000125,BMW,R 18 B,R nineT,https://www.motorcyclespecs.co.za/model/bmw/bmw-r-ninet-18.html,44,LOW,NUMBER_MISMATCH
000125,BMW,R 18 B,R 1200GS LC TE Exclusive,https://www.motorcyclespecs.co.za/model/bmw/bmw-r1200gs-ex-18.html,42,LOW,NUMBER_MISMATCH
000125,BMW,R 18 B,"R 1200GS 
		LC Adventure",https://www.motorcyclespecs.co.za/model/bmw/bmw-r1200gs-adventure-18.html,38,LOW,NUMBER_MISMATCH
000125,BMW,R 18 B,"R 1200GS 
		LC Adventure Black Edition",https://www.motorcyclespecs.co.za/model/bmw/bmw-r1200gs-adventure-black-18.html,38,LOW,NUMBER_MISMATCH
000126,BMW,R 18 Classic,R 18 Classic,https://www.motorcyclespecs.co.za/model/bmw/bmw-r18-classic-21.html,95,HIGH,EXACT
000126,BMW,R 18 Classic,R 18 Classic,https://www.motorcyclespecs.co.za/model/bmw/bmw-r18-classic-22.html,95,HIGH,EXACT
000126,BMW,R 18 Classic,"R 18 Classic 
		First Edition",https://www.motorcyclespecs.co.za/model/bmw/bmw-r18-classic-first-edition-21.html,72,LOW,REVIEW
000126,BMW,R 18 Classic,R 18 Roctane,https://www.motorcyclespecs.co.za/model/bmw/bmw-r18-roctane-2023.html,68,LOW,MODEL_MISMATCH
000126,BMW,R 18 Classic,R 18 Transcontinental,https://www.motorcyclespecs.co.za/model/bmw/bmw-r18-transcontinental-22.html,64,LOW,MODEL_MISMATCH
000126,BMW,R 18 Classic,R 18,https://www.motorcyclespecs.co.za/model/bmw/bmw-r18-20.html,63,LOW,MODEL_MISMATCH
000126,BMW,R 18 Classic,R 18,https://www.motorcyclespecs.co.za/model/bmw/bmw-r18-22.html,63,LOW,MODEL_MISMATCH
000126,BMW,R 18 Classic,R 18 B,https://www.motorcyclespecs.co.za/model/bmw/bmw-r18-b-22.html,62,LOW,MODEL_MISMATCH
000126,BMW,R 18 Classic,R 1200GS LC TE Exclusive,https://www.motorcyclespecs.co.za/model/bmw/bmw-r1200gs-ex-18.html,54,LOW,NUMBER_MISMATCH
000126,BMW,R 18 Classic,R 1200R LC,https://www.motorcyclespecs.co.za/model/bmw/bmw-r1200r-18.html,54,LOW,NUMBER_MISMATCH
000126,BMW,R 18 Classic,R 1200RS LC,https://www.motorcyclespecs.co.za/model/bmw/bmw-r1200rs-18.html,54,LOW,NUMBER_MISMATCH
000126,BMW,R 18 Classic,R 1200RT LC,https://www.motorcyclespecs.co.za/model/bmw/bmw-r1200rt-18.html,52,LOW,NUMBER_MISMATCH
000126,BMW,R 18 Classic,R 1200GS LC Rallye,https://www.motorcyclespecs.co.za/model/bmw/bmw-r1200gs-rally-18.html,49,LOW,NUMBER_MISMATCH
000126,BMW,R 18 Classic,"R 18 100th 
		Anniversary",https://www.motorcyclespecs.co.za/model/bmw/bmw-r18-100th-anniversary-23.html,48,LOW,NUMBER_MISMATCH
000126,BMW,R 18 Classic,R nineT,https://www.motorcyclespecs.co.za/model/bmw/bmw-r-ninet-18.html,44,LOW,NUMBER_MISMATCH
000126,BMW,R 18 Classic,"R 1200GS 
		LC Adventure",https://www.motorcyclespecs.co.za/model/bmw/bmw-r1200gs-adventure-18.html,44,LOW,NUMBER_MISMATCH
000126,BMW,R 18 Classic,"R 1200GS 
		LC Adventure Black Edition",https://www.motorcyclespecs.co.za/model/bmw/bmw-r1200gs-adventure-black-18.html,44,LOW,NUMBER_MISMATCH
000127,BMW,R 18 First Edition,"R 18 Classic 
		First Edition",https://www.motorcyclespecs.co.za/model/bmw/bmw-r18-classic-first-edition-21.html,80,LOW,REVIEW
000127,BMW,R 18 First Edition,R 18 Roctane,https://www.motorcyclespecs.co.za/model/bmw/bmw-r18-roctane-2023.html,67,LOW,MODEL_MISMATCH
000127,BMW,R 18 First Edition,R 18 Transcontinental,https://www.motorcyclespecs.co.za/model/bmw/bmw-r18-transcontinental-22.html,67,LOW,MODEL_MISMATCH
000127,BMW,R 18 First Edition,R 18 Classic,https://www.motorcyclespecs.co.za/model/bmw/bmw-r18-classic-21.html,61,LOW,MODEL_MISMATCH
000127,BMW,R 18 First Edition,R 18 Classic,https://www.motorcyclespecs.co.za/model/bmw/bmw-r18-classic-22.html,61,LOW,MODEL_MISMATCH
000127,BMW,R 18 First Edition,R 18 B,https://www.motorcyclespecs.co.za/model/bmw/bmw-r18-b-22.html,59,LOW,MODEL_MISMATCH
000127,BMW,R 18 First Edition,R 18,https://www.motorcyclespecs.co.za/model/bmw/bmw-r18-20.html,57,LOW,MODEL_MISMATCH
000127,BMW,R 18 First Edition,R 18,https://www.motorcyclespecs.co.za/model/bmw/bmw-r18-22.html,57,LOW,MODEL_MISMATCH
000127,BMW,R 18 First Edition,"R 1200GS 
		LC Adventure Black Edition",https://www.motorcyclespecs.co.za/model/bmw/bmw-r1200gs-adventure-black-18.html,53,LOW,NUMBER_MISMATCH
000127,BMW,R 18 First Edition,R nineT,https://www.motorcyclespecs.co.za/model/bmw/bmw-r-ninet-18.html,52,LOW,NUMBER_MISMATCH
000127,BMW,R 18 First Edition,R 1200RS LC,https://www.motorcyclespecs.co.za/model/bmw/bmw-r1200rs-18.html,51,LOW,NUMBER_MISMATCH
000127,BMW,R 18 First Edition,R 1200RT LC,https://www.motorcyclespecs.co.za/model/bmw/bmw-r1200rt-18.html,51,LOW,NUMBER_MISMATCH
000127,BMW,R 18 First Edition,"R 18 100th 
		Anniversary",https://www.motorcyclespecs.co.za/model/bmw/bmw-r18-100th-anniversary-23.html,51,LOW,NUMBER_MISMATCH
000127,BMW,R 18 First Edition,R 1200GS LC TE Exclusive,https://www.motorcyclespecs.co.za/model/bmw/bmw-r1200gs-ex-18.html,49,LOW,NUMBER_MISMATCH
000127,BMW,R 18 First Edition,R 1200GS LC Rallye,https://www.motorcyclespecs.co.za/model/bmw/bmw-r1200gs-rally-18.html,48,LOW,NUMBER_MISMATCH
000127,BMW,R 18 First Edition,R 1200R LC,https://www.motorcyclespecs.co.za/model/bmw/bmw-r1200r-18.html,47,LOW,NUMBER_MISMATCH
000127,BMW,R 18 First Edition,"R 1200GS 
		LC Adventure",https://www.motorcyclespecs.co.za/model/bmw/bmw-r1200gs-adventure-18.html,43,LOW,NUMBER_MISMATCH
000128,BMW,R 18 Roctane,R 18 Roctane,https://www.motorcyclespecs.co.za/model/bmw/bmw-r18-roctane-2023.html,95,HIGH,EXACT
000128,BMW,R 18 Roctane,R 18 Transcontinental,https://www.motorcyclespecs.co.za/model/bmw/bmw-r18-transcontinental-22.html,71,LOW,REVIEW
000128,BMW,R 18 Roctane,R 18 B,https://www.motorcyclespecs.co.za/model/bmw/bmw-r18-b-22.html,65,LOW,MODEL_MISMATCH
000128,BMW,R 18 Roctane,R 18 Classic,https://www.motorcyclespecs.co.za/model/bmw/bmw-r18-classic-21.html,65,LOW,MODEL_MISMATCH
000128,BMW,R 18 Roctane,R 18 Classic,https://www.motorcyclespecs.co.za/model/bmw/bmw-r18-classic-22.html,65,LOW,MODEL_MISMATCH
000128,BMW,R 18 Roctane,R 18,https://www.motorcyclespecs.co.za/model/bmw/bmw-r18-20.html,63,LOW,MODEL_MISMATCH
000128,BMW,R 18 Roctane,R 18,https://www.motorcyclespecs.co.za/model/bmw/bmw-r18-22.html,63,LOW,MODEL_MISMATCH
000128,BMW,R 18 Roctane,"R 18 Classic 
		First Edition",https://www.motorcyclespecs.co.za/model/bmw/bmw-r18-classic-first-edition-21.html,60,LOW,MODEL_MISMATCH
000128,BMW,R 18 Roctane,R 1200RT LC,https://www.motorcyclespecs.co.za/model/bmw/bmw-r1200rt-18.html,56,LOW,NUMBER_MISMATCH
000128,BMW,R 18 Roctane,R 1200GS LC Rallye,https://www.motorcyclespecs.co.za/model/bmw/bmw-r1200gs-rally-18.html,55,LOW,NUMBER_MISMATCH
000128,BMW,R 18 Roctane,"R 18 100th 
		Anniversary",https://www.motorcyclespecs.co.za/model/bmw/bmw-r18-100th-anniversary-23.html,55,LOW,NUMBER_MISMATCH
000128,BMW,R 18 Roctane,R 1200R LC,https://www.motorcyclespecs.co.za/model/bmw/bmw-r1200r-18.html,54,LOW,NUMBER_MISMATCH
000128,BMW,R 18 Roctane,R 1200RS LC,https://www.motorcyclespecs.co.za/model/bmw/bmw-r1200rs-18.html,54,LOW,NUMBER_MISMATCH
000128,BMW,R 18 Roctane,R nineT,https://www.motorcyclespecs.co.za/model/bmw/bmw-r-ninet-18.html,51,LOW,NUMBER_MISMATCH
000128,BMW,R 18 Roctane,R 1200GS LC TE Exclusive,https://www.motorcyclespecs.co.za/model/bmw/bmw-r1200gs-ex-18.html,50,LOW,NUMBER_MISMATCH
000128,BMW,R 18 Roctane,"R 1200GS 
		LC Adventure",https://www.motorcyclespecs.co.za/model/bmw/bmw-r1200gs-adventure-18.html,48,LOW,NUMBER_MISMATCH
000128,BMW,R 18 Roctane,"R 1200GS 
		LC Adventure Black Edition",https://www.motorcyclespecs.co.za/model/bmw/bmw-r1200gs-adventure-black-18.html,43,LOW,NUMBER_MISMATCH
000129,BMW,R 18 Transcontinental,R 18 Transcontinental,https://www.motorcyclespecs.co.za/model/bmw/bmw-r18-transcontinental-22.html,95,HIGH,EXACT
000129,BMW,R 18 Transcontinental,R 18 Roctane,https://www.motorcyclespecs.co.za/model/bmw/bmw-r18-roctane-2023.html,71,LOW,REVIEW
000129,BMW,R 18 Transcontinental,"R 18 Classic 
		First Edition",https://www.motorcyclespecs.co.za/model/bmw/bmw-r18-classic-first-edition-21.html,65,LOW,MODEL_MISMATCH
000129,BMW,R 18 Transcontinental,R 18 Classic,https://www.motorcyclespecs.co.za/model/bmw/bmw-r18-classic-21.html,62,LOW,MODEL_MISMATCH
000129,BMW,R 18 Transcontinental,R 18 Classic,https://www.motorcyclespecs.co.za/model/bmw/bmw-r18-classic-22.html,62,LOW,MODEL_MISMATCH
000129,BMW,R 18 Transcontinental,"R 18 100th 
		Anniversary",https://www.motorcyclespecs.co.za/model/bmw/bmw-r18-100th-anniversary-23.html,58,LOW,NUMBER_MISMATCH
000129,BMW,R 18 Transcontinental,R nineT,https://www.motorcyclespecs.co.za/model/bmw/bmw-r-ninet-18.html,57,LOW,NUMBER_MISMATCH
000129,BMW,R 18 Transcontinental,R 18 B,https://www.motorcyclespecs.co.za/model/bmw/bmw-r18-b-22.html,56,LOW,MODEL_MISMATCH
000129,BMW,R 18 Transcontinental,R 18,https://www.motorcyclespecs.co.za/model/bmw/bmw-r18-20.html,55,LOW,MODEL_MISMATCH
000129,BMW,R 18 Transcontinental,R 18,https://www.motorcyclespecs.co.za/model/bmw/bmw-r18-22.html,55,LOW,MODEL_MISMATCH
000129,BMW,R 18 Transcontinental,R 1200GS LC Rallye,https://www.motorcyclespecs.co.za/model/bmw/bmw-r1200gs-rally-18.html,51,LOW,NUMBER_MISMATCH
000129,BMW,R 18 Transcontinental,R 1200RS LC,https://www.motorcyclespecs.co.za/model/bmw/bmw-r1200rs-18.html,51,LOW,NUMBER_MISMATCH
000129,BMW,R 18 Transcontinental,R 1200RT LC,https://www.motorcyclespecs.co.za/model/bmw/bmw-r1200rt-18.html,51,LOW,NUMBER_MISMATCH
000129,BMW,R 18 Transcontinental,R 1200GS LC TE Exclusive,https://www.motorcyclespecs.co.za/model/bmw/bmw-r1200gs-ex-18.html,50,LOW,NUMBER_MISMATCH
000129,BMW,R 18 Transcontinental,"R 1200GS 
		LC Adventure",https://www.motorcyclespecs.co.za/model/bmw/bmw-r1200gs-adventure-18.html,47,LOW,NUMBER_MISMATCH
000129,BMW,R 18 Transcontinental,R 1200R LC,https://www.motorcyclespecs.co.za/model/bmw/bmw-r1200r-18.html,47,LOW,NUMBER_MISMATCH
000129,BMW,R 18 Transcontinental,"R 1200GS 
		LC Adventure Black Edition",https://www.motorcyclespecs.co.za/model/bmw/bmw-r1200gs-adventure-black-18.html,46,LOW,NUMBER_MISMATCH
000130,BMW,R 18 Transcontinental First Edition,R 18 Transcontinental,https://www.motorcyclespecs.co.za/model/bmw/bmw-r18-transcontinental-22.html,81,LOW,REVIEW
000130,BMW,R 18 Transcontinental First Edition,"R 18 Classic 
		First Edition",https://www.motorcyclespecs.co.za/model/bmw/bmw-r18-classic-first-edition-21.html,75,LOW,REVIEW
000130,BMW,R 18 Transcontinental First Edition,R 18 Roctane,https://www.motorcyclespecs.co.za/model/bmw/bmw-r18-roctane-2023.html,63,LOW,MODEL_MISMATCH
000130,BMW,R 18 Transcontinental First Edition,R 18 Classic,https://www.motorcyclespecs.co.za/model/bmw/bmw-r18-classic-21.html,59,LOW,MODEL_MISMATCH
000130,BMW,R 18 Transcontinental First Edition,R 18 Classic,https://www.motorcyclespecs.co.za/model/bmw/bmw-r18-classic-22.html,59,LOW,MODEL_MISMATCH
000130,BMW,R 18 Transcontinental First Edition,"R 18 100th 
		Anniversary",https://www.motorcyclespecs.co.za/model/bmw/bmw-r18-100th-anniversary-23.html,56,LOW,NUMBER_MISMATCH
000130,BMW,R 18 Transcontinental First Edition,"R 1200GS 
		LC Adventure Black Edition",https://www.motorcyclespecs.co.za/model/bmw/bmw-r1200gs-adventure-black-18.html,53,LOW,NUMBER_MISMATCH
000130,BMW,R 18 Transcontinental First Edition,R nineT,https://www.motorcyclespecs.co.za/model/bmw/bmw-r-ninet-18.html,51,LOW,NUMBER_MISMATCH
000130,BMW,R 18 Transcontinental First Edition,R 1200GS LC TE Exclusive,https://www.motorcyclespecs.co.za/model/bmw/bmw-r1200gs-ex-18.html,51,LOW,NUMBER_MISMATCH
000130,BMW,R 18 Transcontinental First Edition,R 18,https://www.motorcyclespecs.co.za/model/bmw/bmw-r18-20.html,51,LOW,MODEL_MISMATCH
000130,BMW,R 18 Transcontinental First Edition,R 18,https://www.motorcyclespecs.co.za/model/bmw/bmw-r18-22.html,51,LOW,MODEL_MISMATCH
000130,BMW,R 18 Transcontinental First Edition,R 18 B,https://www.motorcyclespecs.co.za/model/bmw/bmw-r18-b-22.html,51,LOW,MODEL_MISMATCH
000130,BMW,R 18 Transcontinental First Edition,R 1200GS LC Rallye,https://www.motorcyclespecs.co.za/model/bmw/bmw-r1200gs-rally-18.html,48,LOW,NUMBER_MISMATCH
000130,BMW,R 18 Transcontinental First Edition,"R 1200GS 
		LC Adventure",https://www.motorcyclespecs.co.za/model/bmw/bmw-r1200gs-adventure-18.html,46,LOW,NUMBER_MISMATCH
000130,BMW,R 18 Transcontinental First Edition,R 1200RS LC,https://www.motorcyclespecs.co.za/model/bmw/bmw-r1200rs-18.html,46,LOW,NUMBER_MISMATCH
000130,BMW,R 18 Transcontinental First Edition,R 1200RT LC,https://www.motorcyclespecs.co.za/model/bmw/bmw-r1200rt-18.html,46,LOW,NUMBER_MISMATCH
000130,BMW,R 18 Transcontinental First Edition,R 1200R LC,https://www.motorcyclespecs.co.za/model/bmw/bmw-r1200r-18.html,44,LOW,NUMBER_MISMATCH
000131,BMW,R nine T,R nineT,https://www.motorcyclespecs.co.za/model/bmw/bmw-r-ninet-14.html,95,HIGH,EXACT
000131,BMW,R nine T,R nineT,https://www.motorcyclespecs.co.za/model/bmw/bmw-r-ninet-16.html,95,HIGH,EXACT
000131,BMW,R nine T,R nineT,https://www.motorcyclespecs.co.za/model/bmw/bmw-r-ninet-18.html,95,HIGH,EXACT
000131,BMW,R nine T,R nineT,https://www.motorcyclespecs.co.za/model/bmw/bmw-r-ninet-19.html,95,HIGH,EXACT
000131,BMW,R nine T,R nineT,https://www.motorcyclespecs.co.za/model/bmw/bmw-r-ninet-21.html,95,HIGH,EXACT
000131,BMW,R nine T,R nineT R12,https://www.motorcyclespecs.co.za/model/bmw/bmw-r12-nineT-2023.html,83,LOW,REVIEW
000131,BMW,R nine T,R nineT Pure,https://www.motorcyclespecs.co.za/model/bmw/bmw-r-ninet-pure-17.html,78,LOW,REVIEW
000131,BMW,R nine T,R nineT Pure,https://www.motorcyclespecs.co.za/model/bmw/bmw-r-ninet-pure-19.html,78,LOW,REVIEW
000131,BMW,R nine T,R nineT Pure,https://www.motorcyclespecs.co.za/model/bmw/bmw-r-ninet-pure-21.html,78,LOW,REVIEW
000131,BMW,R nine T,R nineT Racer,https://www.motorcyclespecs.co.za/model/bmw/bmw-r-ninet-racer-17.html,76,LOW,REVIEW
000131,BMW,R nine T,R nineT Racer,https://www.motorcyclespecs.co.za/model/bmw/bmw-r-ninet-racer-19.html,76,LOW,REVIEW
000131,BMW,R nine T,R nineT Boxer Cup 2-0,https://www.motorcyclespecs.co.za/model/bmw/bmw-r9t-boxer-cup-2-0.html,72,LOW,REVIEW
000131,BMW,R nine T,R nineT Scrambler,https://www.motorcyclespecs.co.za/model/bmw/bmw-r-ninet-scrambler-16.html,70,LOW,REVIEW
000131,BMW,R nine T,R nineT Scrambler,https://www.motorcyclespecs.co.za/model/bmw/bmw-r-ninet-scrambler-19.html,70,LOW,REVIEW
000131,BMW,R nine T,R nineT Scrambler,https://www.motorcyclespecs.co.za/model/bmw/bmw-r-ninet-scrambler-20.html,70,LOW,REVIEW
000131,BMW,R nine T,R nineT Scrambler,https://www.motorcyclespecs.co.za/model/bmw/bmw-r-ninet-scrambler-21.html,70,LOW,REVIEW
000131,BMW,R nine T,R nineT Concept,https://www.motorcyclespecs.co.za/model/bmw/bmw-ninet-concept.html,69,LOW,MODEL_MISMATCH
000131,BMW,R nine T,R nineT Urban G/S,https://www.motorcyclespecs.co.za/model/bmw/bmw-r-ninet-urban-gs-17.html,69,LOW,MODEL_MISMATCH
000131,BMW,R nine T,R nineT Urban G/S,https://www.motorcyclespecs.co.za/model/bmw/bmw-r-ninet-urban-gs-19.html,69,LOW,MODEL_MISMATCH
000131,BMW,R nine T,R nineT Urban G/S,https://www.motorcyclespecs.co.za/model/bmw/bmw-r-ninet-urban-gs-21.html,69,LOW,MODEL_MISMATCH
000131,BMW,R nine T,R nineT Urban G/S,https://www.motorcyclespecs.co.za/model/bmw/bmw-r-ninet-urban-gs-22.html,69,LOW,MODEL_MISMATCH
000131,BMW,R nine T,R 18 Transcontinental,https://www.motorcyclespecs.co.za/model/bmw/bmw-r18-transcontinental-22.html,69,LOW,MODEL_MISMATCH
000131,BMW,R nine T,"R nineT 100th 
Anniversary",https://www.motorcyclespecs.co.za/model/bmw/bmw-r-ninet-100th-Anniversary-23.html,68,LOW,MODEL_MISMATCH
000131,BMW,R nine T,"R 
		nineT Special Edition",https://www.motorcyclespecs.co.za/model/bmw/bmw-r-ninet-se-16.html,66,LOW,MODEL_MISMATCH
000131,BMW,R nine T,R 1200C Independent,https://www.motorcyclespecs.co.za/model/bmw/bmw-r1200c-independent-02.html,66,LOW,MODEL_MISMATCH
000131,BMW,R nine T,R 100T,https://www.motorcyclespecs.co.za/model/bmw/bmw-r100t-78.html,65,LOW,MODEL_MISMATCH
000131,BMW,R nine T,R 12 Cruiser,https://www.motorcyclespecs.co.za/model/bmw/bmw-r12-Cruiser-2024.html,65,LOW,MODEL_MISMATCH
000131,BMW,R nine T,R 18 Roctane,https://www.motorcyclespecs.co.za/model/bmw/bmw-r18-roctane-2023.html,65,LOW,MODEL_MISMATCH
000131,BMW,R nine T,R75 Sidecar,https://www.motorcyclespecs.co.za/model/bmw/bmw-r75-sidecar.html,65,LOW,MODEL_MISMATCH
000131,BMW,R nine T,R 1200RT Fire,https://www.motorcyclespecs.co.za/model/bmw/bmw-r1200rt-fire.html,64,LOW,MODEL_MISMATCH
000131,BMW,R nine T,R 80RT,https://www.motorcyclespecs.co.za/model/bmw/bmw-r80rt-82.html,64,LOW,MODEL_MISMATCH
000131,BMW,R nine T,R 80ST,https://www.motorcyclespecs.co.za/model/bmw/bmw-r80st-82.html,64,LOW,MODEL_MISMATCH
000131,BMW,R nine T,R 80ST,https://www.motorcyclespecs.co.za/model/bmw/bmw-r80st-83.html,64,LOW,MODEL_MISMATCH
000131,BMW,R nine T,R 80RT,https://www.motorcyclespecs.co.za/model/bmw/bmw-r80t-81.html,64,LOW,MODEL_MISMATCH
000131,BMW,R nine T,R 100RT,https://www.motorcyclespecs.co.za/model/bmw/bmw-r100rt-78.html,63,LOW,MODEL_MISMATCH
000131,BMW,R nine T,R 100RT,https://www.motorcyclespecs.co.za/model/bmw/bmw-r100rt-80.html,63,LOW,MODEL_MISMATCH
000131,BMW,R nine T,R 100RT,https://www.motorcyclespecs.co.za/model/bmw/bmw-r100rt-81.html,63,LOW,MODEL_MISMATCH
000131,BMW,R nine T,R 100RT,https://www.motorcyclespecs.co.za/model/bmw/bmw-r100rt-84.html,63,LOW,MODEL_MISMATCH
000131,BMW,R nine T,"R 60/2 with 
		Sidecar",https://www.motorcyclespecs.co.za/model/bmw/bmw-r60-2-sidecar.html,63,LOW,MODEL_MISMATCH
000131,BMW,R nine T,"R 
		67/3 with Sidecar",https://www.motorcyclespecs.co.za/model/bmw/bmw-r67-3.html,63,LOW,MODEL_MISMATCH
000131,BMW,R nine T,R 850RT,https://www.motorcyclespecs.co.za/model/bmw/bmw-r850rt-02.html,63,LOW,MODEL_MISMATCH
000131,BMW,R nine T,"R 
		850RT",https://www.motorcyclespecs.co.za/model/bmw/bmw-r850rt.html,63,LOW,MODEL_MISMATCH
000131,BMW,R nine T,R20 Concept,https://www.motorcyclespecs.co.za/model/bmw/BMW-R20-Concept-2024.html,62,LOW,MODEL_MISMATCH
000131,BMW,R nine T,"R nineT /5 50th 
Anniversary Edition",https://www.motorcyclespecs.co.za/model/bmw/bmw-r-ninet-50th-anniv-19.html,62,LOW,MODEL_MISMATCH
000131,BMW,R nine T,R 1100RT,https://www.motorcyclespecs.co.za/model/bmw/bmw-r1100rt-95.html,62,LOW,MODEL_MISMATCH
000131,BMW,R nine T,R 1100RT,https://www.motorcyclespecs.co.za/model/bmw/bmw-r1100rt-97.html,62,LOW,MODEL_MISMATCH
000131,BMW,R nine T,R 1100RT,https://www.motorcyclespecs.co.za/model/bmw/bmw-r1100rt-98.html,62,LOW,MODEL_MISMATCH
000131,BMW,R nine T,R 1100RT,https://www.motorcyclespecs.co.za/model/bmw/bmw-r1100rt-99.html,62,LOW,MODEL_MISMATCH
000131,BMW,R nine T,R 1150RT,https://www.motorcyclespecs.co.za/model/bmw/bmw-r1150rt-03.html,62,LOW,MODEL_MISMATCH
000131,BMW,R nine T,R 1150RT,https://www.motorcyclespecs.co.za/model/bmw/bmw-r1150rt.html,62,LOW,MODEL_MISMATCH
000131,BMW,R nine T,R 1200RT,https://www.motorcyclespecs.co.za/model/bmw/bmw-r1200rt-05.html,62,LOW,MODEL_MISMATCH
000131,BMW,R nine T,R 1200RT,https://www.motorcyclespecs.co.za/model/bmw/bmw-r1200rt-06.html,62,LOW,MODEL_MISMATCH
000131,BMW,R nine T,R 1200RT,https://www.motorcyclespecs.co.za/model/bmw/bmw-r1200rt-07.html,62,LOW,MODEL_MISMATCH
000131,BMW,R nine T,R 1200RT,https://www.motorcyclespecs.co.za/model/bmw/bmw-r1200rt-08.html,62,LOW,MODEL_MISMATCH
000131,BMW,R nine T,R 1200RT,https://www.motorcyclespecs.co.za/model/bmw/bmw-r1200rt-09.html,62,LOW,MODEL_MISMATCH
000131,BMW,R nine T,R 1200RT,https://www.motorcyclespecs.co.za/model/bmw/bmw-r1200rt-10.html,62,LOW,MODEL_MISMATCH
000131,BMW,R nine T,R 1200RT,https://www.motorcyclespecs.co.za/model/bmw/bmw-r1200rt-11.html,62,LOW,MODEL_MISMATCH
000131,BMW,R nine T,R 1200RT,https://www.motorcyclespecs.co.za/model/bmw/bmw-r1200rt-12.html,62,LOW,MODEL_MISMATCH
000131,BMW,R nine T,R 1200RT,https://www.motorcyclespecs.co.za/model/bmw/bmw-r1200rt-13.html,62,LOW,MODEL_MISMATCH
000131,BMW,R nine T,"R 
		1200RT Police",https://www.motorcyclespecs.co.za/model/bmw/bmw-r1200rt-police.html,62,LOW,MODEL_MISMATCH
000131,BMW,R nine T,R 1200ST,https://www.motorcyclespecs.co.za/model/bmw/bmw-r1200st-05.html,62,LOW,MODEL_MISMATCH
000131,BMW,R nine T,R 1200ST,https://www.motorcyclespecs.co.za/model/bmw/bmw-r1200st-06.html,62,LOW,MODEL_MISMATCH
000131,BMW,R nine T,R 1200ST,https://www.motorcyclespecs.co.za/model/bmw/bmw-r1200st-07.html,62,LOW,MODEL_MISMATCH
000131,BMW,R nine T,R 12 5 0RT,https://www.motorcyclespecs.co.za/model/bmw/bmw-r1250rt-19.html,62,LOW,MODEL_MISMATCH
000131,BMW,R nine T,R 1250RT,https://www.motorcyclespecs.co.za/model/bmw/bmw-r1250rt-20.html,62,LOW,MODEL_MISMATCH
000131,BMW,R nine T,R 1250RT,https://www.motorcyclespecs.co.za/model/bmw/bmw-r1250rt-22.html,62,LOW,MODEL_MISMATCH
000131,BMW,R nine T,R 1300RT,https://www.motorcyclespecs.co.za/model/bmw/bmw-r1300rt-2025.html,62,LOW,MODEL_MISMATCH
000131,BMW,R nine T,"R 18 100th 
		Anniversary",https://www.motorcyclespecs.co.za/model/bmw/bmw-r18-100th-anniversary-23.html,62,LOW,MODEL_MISMATCH
000131,BMW,R nine T,"R 
		1100R 75th Anniversary",https://www.motorcyclespecs.co.za/model/bmw/bmw-r1100r-75th-anniversary.html,61,LOW,MODEL_MISMATCH
000131,BMW,R nine T,"R 
		1200R 90th Anniversary",https://www.motorcyclespecs.co.za/model/bmw/bmw-r1200r-90th-ani.html,61,LOW,MODEL_MISMATCH
000131,BMW,R nine T,"R 
		1100GS 75th Anniversary",https://www.motorcyclespecs.co.za/model/bmw/bmw-r1100gs-75th-anniversary.html,60,LOW,MODEL_MISMATCH
000131,BMW,R nine T,"R 
		1100RS 75th Anniversary",https://www.motorcyclespecs.co.za/model/bmw/bmw-r1100rs-75th-anniversary.html,60,LOW,MODEL_MISMATCH
000131,BMW,R nine T,"R 
		1100RT 75th Anniversary",https://www.motorcyclespecs.co.za/model/bmw/bmw-r1100rt-75th-anniversary.html,60,LOW,MODEL_MISMATCH
000131,BMW,R nine T,"R 1200C 
	Montauk",https://www.motorcyclespecs.co.za/model/bmw/bmw-r1200c-montauk-03.html,60,LOW,MODEL_MISMATCH
000131,BMW,R nine T,R 1200RT LC,https://www.motorcyclespecs.co.za/model/bmw/bmw-r1200rt-14.html,60,LOW,MODEL_MISMATCH
000131,BMW,R nine T,R 1200RT LC,https://www.motorcyclespecs.co.za/model/bmw/bmw-r1200rt-15.html,60,LOW,MODEL_MISMATCH
000131,BMW,R nine T,R 1200RT LC,https://www.motorcyclespecs.co.za/model/bmw/bmw-r1200rt-16.html,60,LOW,MODEL_MISMATCH
000131,BMW,R nine T,R 1200RT LC,https://www.motorcyclespecs.co.za/model/bmw/bmw-r1200rt-17.html,60,LOW,MODEL_MISMATCH
000131,BMW,R nine T,R 1200RT LC,https://www.motorcyclespecs.co.za/model/bmw/bmw-r1200rt-18.html,60,LOW,MODEL_MISMATCH
000131,BMW,R nine T,R 1200RT 90th Anniversary,https://www.motorcyclespecs.co.za/model/bmw/bmw-r1200rt-90th-anniversary.html,60,LOW,MODEL_MISMATCH
000131,BMW,R nine T,"R 1200ST Limited 
		Edition",https://www.motorcyclespecs.co.za/model/bmw/bmw-r1200st-le-07.html,60,LOW,MODEL_MISMATCH
000131,BMW,R nine T,R 12 5 0RT Elegance,https://www.motorcyclespecs.co.za/model/bmw/bmw-r1250rt-ela-19.html,60,LOW,MODEL_MISMATCH
000131,BMW,R nine T,R 100RS Turbo,https://www.motorcyclespecs.co.za/model/bmw/bmw-r100rs-turbo.html,59,LOW,MODEL_MISMATCH
000131,BMW,R nine T,"R 1200RT LC Iconic 
		Limited Edition",https://www.motorcyclespecs.co.za/model/bmw/bmw-r1200rt-iconic-16.html,59,LOW,MODEL_MISMATCH
000131,BMW,R nine T,"R 18 Classic 
		First Edition",https://www.motorcyclespecs.co.za/model/bmw/bmw-r18-classic-first-edition-21.html,59,LOW,MODEL_MISMATCH
000131,BMW,R nine T,R 65 Mono,https://www.motorcyclespecs.co.za/model/bmw/bmw-r65-85.html,59,LOW,MODEL_MISMATCH
000131,BMW,R nine T,R 65RT Mono,https://www.motorcyclespecs.co.za/model/bmw/bmw-r65rt-85.html,59,LOW,MODEL_MISMATCH
000131,BMW,R nine T,R 80 Mono,https://www.motorcyclespecs.co.za/model/bmw/bmw-r80-84.html,59,LOW,MODEL_MISMATCH
000131,BMW,R nine T,R 80RT Mono,https://www.motorcyclespecs.co.za/model/bmw/bmw-r80rt-85.html,59,LOW,MODEL_MISMATCH
000131,BMW,R nine T,R 100RT Mono,https://www.motorcyclespecs.co.za/model/bmw/bmw-r100rt-87.html,58,LOW,MODEL_MISMATCH
000131,BMW,R nine T,R 100RT Mono,https://www.motorcyclespecs.co.za/model/bmw/bmw-r100rt-90.html,58,LOW,MODEL_MISMATCH
000131,BMW,R nine T,R 12 Roadster,https://www.motorcyclespecs.co.za/model/bmw/bmw-r12-nineT-2024.html,58,LOW,MODEL_MISMATCH
000131,BMW,R nine T,R 1200C Aventgarde,https://www.motorcyclespecs.co.za/model/bmw/bmw-r1200c-avantgarde-02.html,58,LOW,MODEL_MISMATCH
000131,BMW,R nine T,R 1200GS LC Iconic Limited Edition,https://www.motorcyclespecs.co.za/model/bmw/bmw-r1200gs-iconic.html,58,LOW,MODEL_MISMATCH
000131,BMW,R nine T,"R 
		1200GS Alpine White Special Version",https://www.motorcyclespecs.co.za/model/bmw/bmw-r1200gs-special-09.html,58,LOW,MODEL_MISMATCH
000131,BMW,R nine T,"R 1200R ""Dark White"" Special Edition",https://www.motorcyclespecs.co.za/model/bmw/bmw-r1200r-dark.html,58,LOW,MODEL_MISMATCH
000131,BMW,R nine T,"R 1200RS LC Iconic 
		Limited Edition",https://www.motorcyclespecs.co.za/model/bmw/bmw-r1200rs-lc-iconic-16.html,58,LOW,MODEL_MISMATCH
000131,BMW,R nine T,"R 1250GS 
		Exclusive",https://www.motorcyclespecs.co.za/model/bmw/bmw-r1250gs-ex-19.html,58,LOW,MODEL_MISMATCH
000131,BMW,R nine T,"R 
		1300R Superhooligan",https://www.motorcyclespecs.co.za/model/bmw/bmw-r1300r-superhooligan-2026.html,58,LOW,MODEL_MISMATCH
000131,BMW,R nine T,"R nineT Scrambler 
Concept Path 22",https://www.motorcyclespecs.co.za/model/bmw/bmw-concept-ninet-parth-22.html,57,LOW,MODEL_MISMATCH
000131,BMW,R nine T,R1 Prototype,https://www.motorcyclespecs.co.za/model/bmw/bmw-r1-prototype.html,57,LOW,MODEL_MISMATCH
000131,BMW,R nine T,R 1200GS LC TE Exclusive,https://www.motorcyclespecs.co.za/model/bmw/bmw-r1200gs-ex-17.html,57,LOW,MODEL_MISMATCH
000131,BMW,R nine T,R 1200GS LC TE Exclusive,https://www.motorcyclespecs.co.za/model/bmw/bmw-r1200gs-ex-18.html,57,LOW,MODEL_MISMATCH
000131,BMW,R nine T,"R 
		1200GS 30th Anniversary Special",https://www.motorcyclespecs.co.za/model/bmw/bmw-r1200gs-special-10.html,57,LOW,MODEL_MISMATCH
000131,BMW,R nine T,"R 1200R LC 
		Black Edition (Italy only)",https://www.motorcyclespecs.co.za/model/bmw/bmw-r1200r-black-17.html,57,LOW,MODEL_MISMATCH
000131,BMW,R nine T,"R 
		1300R Roadster",https://www.motorcyclespecs.co.za/model/bmw/bmw-r1300r-2025.html,57,LOW,MODEL_MISMATCH
000131,BMW,R nine T,R 850C / R 850C Avantgarde,https://www.motorcyclespecs.co.za/model/bmw/bmw-r850c-98.html,57,LOW,MODEL_MISMATCH
000131,BMW,R nine T,R nineT Urban G/S 40 Years Edition,https://www.motorcyclespecs.co.za/model/bmw/bmw-r-ninet-urban-gs-40th-21.html,56,LOW,MODEL_MISMATCH
000131,BMW,R nine T,R 100GS Paris Dakar,https://www.motorcyclespecs.co.za/model/bmw/bmw-r100gs-pd-88.html,56,LOW,MODEL_MISMATCH
000131,BMW,R nine T,R 100GS Paris Dakar,https://www.motorcyclespecs.co.za/model/bmw/bmw-r100gs-pd-89.html,56,LOW,MODEL_MISMATCH
000131,BMW,R nine T,R 100GS Paris Dakar,https://www.motorcyclespecs.co.za/model/bmw/bmw-r100gs-pd-93.html,56,LOW,MODEL_MISMATCH
000131,BMW,R nine T,R 100R Mystic,https://www.motorcyclespecs.co.za/model/bmw/bmw-r100r-mystic-93.html,56,LOW,MODEL_MISMATCH
000131,BMW,R nine T,R 100RS Mono,https://www.motorcyclespecs.co.za/model/bmw/bmw-r100rs-86.html,56,LOW,MODEL_MISMATCH
000131,BMW,R nine T,R 100RS Mono,https://www.motorcyclespecs.co.za/model/bmw/bmw-r100rs-90.html,56,LOW,MODEL_MISMATCH
000131,BMW,R nine T,"R 
		100RT Classic",https://www.motorcyclespecs.co.za/model/bmw/bmw-r100rt-classic-95.html,56,LOW,MODEL_MISMATCH
000131,BMW,R nine T,R 1150R Rockster Edition 80,https://www.motorcyclespecs.co.za/model/bmw/bmw-r1150r-prototype-03.html,56,LOW,MODEL_MISMATCH
000131,BMW,R nine T,R 1200GS Tom Luthi Limited Edition,https://www.motorcyclespecs.co.za/model/bmw/bmw-r1200gs-Luthi-ie.html,56,LOW,MODEL_MISMATCH
000131,BMW,R nine T,"R 
		1200GS Triple Black Special Edition",https://www.motorcyclespecs.co.za/model/bmw/bmw-r1200gs-black-11.html,56,LOW,MODEL_MISMATCH
000131,BMW,R nine T,R 1200GS LC Triple Black Special Edition,https://www.motorcyclespecs.co.za/model/bmw/bmw-r1200gs-lc-triole-black.html,56,LOW,MODEL_MISMATCH
000131,BMW,R nine T,"R 
		1200GS Rallye",https://www.motorcyclespecs.co.za/model/bmw/bmw-r1200gs-rally-12.html,56,LOW,MODEL_MISMATCH
000131,BMW,R nine T,"R 
		1200R Touring Special",https://www.motorcyclespecs.co.za/model/bmw/bmw-r1200r-special-10.html,56,LOW,MODEL_MISMATCH
000131,BMW,R nine T,"R 1250GS / 
		Exclusive / HP",https://www.motorcyclespecs.co.za/model/bmw/bmw-r1250gs-20.html,56,LOW,MODEL_MISMATCH
000131,BMW,R nine T,R 18 Classic,https://www.motorcyclespecs.co.za/model/bmw/bmw-r18-classic-21.html,56,LOW,MODEL_MISMATCH
000131,BMW,R nine T,R 18 Classic,https://www.motorcyclespecs.co.za/model/bmw/bmw-r18-classic-22.html,56,LOW,MODEL_MISMATCH
000131,BMW,R nine T,R 2,https://www.motorcyclespecs.co.za/model/bmw/bmw-r2.html,56,LOW,MODEL_MISMATCH
000131,BMW,R nine T,R 3,https://www.motorcyclespecs.co.za/model/bmw/bmw-r3.html,56,LOW,MODEL_MISMATCH
000131,BMW,R nine T,R 4,https://www.motorcyclespecs.co.za/model/bmw/bmw-r4.html,56,LOW,MODEL_MISMATCH
000131,BMW,R nine T,R 5,https://www.motorcyclespecs.co.za/model/bmw/bmw-r5.html,56,LOW,MODEL_MISMATCH
000131,BMW,R nine T,"R 
		50US",https://www.motorcyclespecs.co.za/model/bmw/bmw-r50us.html,56,LOW,MODEL_MISMATCH
000131,BMW,R nine T,R 6,https://www.motorcyclespecs.co.za/model/bmw/bmw-r6.html,56,LOW,MODEL_MISMATCH
000131,BMW,R nine T,R 60US,https://www.motorcyclespecs.co.za/model/bmw/bmw-r60-us.html,56,LOW,MODEL_MISMATCH
000131,BMW,R nine T,R 68 SDT Special,https://www.motorcyclespecs.co.za/model/bmw/bmw-r68-sdt.html,56,LOW,MODEL_MISMATCH
000131,BMW,R nine T,"R 
		69US",https://www.motorcyclespecs.co.za/model/bmw/bmw-r69.html,56,LOW,MODEL_MISMATCH
000131,BMW,R nine T,"R 80GS 
		Basic",https://www.motorcyclespecs.co.za/model/bmw/bmw-r80gs-basic-97.html,56,LOW,MODEL_MISMATCH
000131,BMW,R nine T,R 80GS Kalahari,https://www.motorcyclespecs.co.za/model/bmw/bmw-r80gs-kalahari.html,56,LOW,MODEL_MISMATCH
000131,BMW,R nine T,R nineT Urban G/S Dakar Hubert Auriol,https://www.motorcyclespecs.co.za/model/bmw/bmw-r-ninet-urban-gs-hubert.html,55,LOW,MODEL_MISMATCH
000131,BMW,R nine T,R 100,https://www.motorcyclespecs.co.za/model/bmw/bmw-r100-80.html,55,LOW,MODEL_MISMATCH
000131,BMW,R nine T,R 100,https://www.motorcyclespecs.co.za/model/bmw/bmw-r100-82.html,55,LOW,MODEL_MISMATCH
000131,BMW,R nine T,"R 100R 
		Classic",https://www.motorcyclespecs.co.za/model/bmw/bmw-r100r-classic-95.html,55,LOW,MODEL_MISMATCH
000131,BMW,R nine T,R 100RS,https://www.motorcyclespecs.co.za/model/bmw/bmw-r100rs-76.html,55,LOW,MODEL_MISMATCH
000131,BMW,R nine T,R 100RS,https://www.motorcyclespecs.co.za/model/bmw/bmw-r100rs-77.html,55,LOW,MODEL_MISMATCH
000131,BMW,R nine T,R 100RS,https://www.motorcyclespecs.co.za/model/bmw/bmw-r100rs-78.html,55,LOW,MODEL_MISMATCH
000131,BMW,R nine T,R 100RS,https://www.motorcyclespecs.co.za/model/bmw/bmw-r100rs-80.html,55,LOW,MODEL_MISMATCH
000131,BMW,R nine T,R 100RS,https://www.motorcyclespecs.co.za/model/bmw/bmw-r100rs-82.html,55,LOW,MODEL_MISMATCH
000131,BMW,R nine T,R 100RS,https://www.motorcyclespecs.co.za/model/bmw/bmw-r100rs-83.html,55,LOW,MODEL_MISMATCH
000131,BMW,R nine T,"R 100RS 
		Motorsport Special Edition",https://www.motorcyclespecs.co.za/model/bmw/bmw-r100rs-le-78..html,55,LOW,MODEL_MISMATCH
000131,BMW,R nine T,R 11,https://www.motorcyclespecs.co.za/model/bmw/bmw-r11.html,55,LOW,MODEL_MISMATCH
000131,BMW,R nine T,R 1100RS,https://www.motorcyclespecs.co.za/model/bmw/bmw-r1100rs-93.html,55,LOW,MODEL_MISMATCH
000131,BMW,R nine T,R 1100RS,https://www.motorcyclespecs.co.za/model/bmw/bmw-r1100rs-94.html,55,LOW,MODEL_MISMATCH
000131,BMW,R nine T,R 1100RS,https://www.motorcyclespecs.co.za/model/bmw/bmw-r1100rs-96.html,55,LOW,MODEL_MISMATCH
000131,BMW,R nine T,R 1100RS,https://www.motorcyclespecs.co.za/model/bmw/bmw-r1100rs-99.html,55,LOW,MODEL_MISMATCH
000131,BMW,R nine T,R 1150RS,https://www.motorcyclespecs.co.za/model/bmw/bmw-r1150rs-02.html,55,LOW,MODEL_MISMATCH
000131,BMW,R nine T,R 1150RS,https://www.motorcyclespecs.co.za/model/bmw/bmw-r1150rs.html,55,LOW,MODEL_MISMATCH
000131,BMW,R nine T,R 12,https://www.motorcyclespecs.co.za/model/bmw/bmw-r12-twin-carb.html,55,LOW,MODEL_MISMATCH
000131,BMW,R nine T,R 1200GS LC Rallye,https://www.motorcyclespecs.co.za/model/bmw/bmw-r1200gs-17.html,55,LOW,MODEL_MISMATCH
000131,BMW,R nine T,R 1200GS LC Rallye,https://www.motorcyclespecs.co.za/model/bmw/bmw-r1200gs-rally-18.html,55,LOW,MODEL_MISMATCH
000131,BMW,R nine T,"R 
		1200R Classic",https://www.motorcyclespecs.co.za/model/bmw/bmw-r1200r-classic-11.html,55,LOW,MODEL_MISMATCH
000131,BMW,R nine T,"R 
		1200R Classic",https://www.motorcyclespecs.co.za/model/bmw/bmw-r1200r-classic-12.html,55,LOW,MODEL_MISMATCH
000131,BMW,R nine T,R 1200RT Touring Special,https://www.motorcyclespecs.co.za/model/bmw/bmw-r1200rt-se-09.html,55,LOW,MODEL_MISMATCH
000131,BMW,R nine T,R 1250GS 40 Years Edition,https://www.motorcyclespecs.co.za/model/bmw/bmw-r1250gs-40th-21.html,55,LOW,MODEL_MISMATCH
000131,BMW,R nine T,R 1250RS,https://www.motorcyclespecs.co.za/model/bmw/bmw-r1250rs-19.html,55,LOW,MODEL_MISMATCH
000131,BMW,R nine T,R 1250RS,https://www.motorcyclespecs.co.za/model/bmw/bmw-r1250rs-20.html,55,LOW,MODEL_MISMATCH
000131,BMW,R nine T,R 1250RS,https://www.motorcyclespecs.co.za/model/bmw/bmw-r1250rs-21.html,55,LOW,MODEL_MISMATCH
000131,BMW,R nine T,R 1250RS,https://www.motorcyclespecs.co.za/model/bmw/bmw-r1250rs-22.html,55,LOW,MODEL_MISMATCH
000131,BMW,R nine T,R 1250RS,https://www.motorcyclespecs.co.za/model/bmw/bmw-r1250rs-23.html,55,LOW,MODEL_MISMATCH
000131,BMW,R nine T,R 1250RS,https://www.motorcyclespecs.co.za/model/bmw/bmw-r1250rt-21.html,55,LOW,MODEL_MISMATCH
000131,BMW,R nine T,"R 
		1300RS",https://www.motorcyclespecs.co.za/model/bmw/bmw-r1300rs-2025.html,55,LOW,MODEL_MISMATCH
000131,BMW,R nine T,"R 
		1300RS",https://www.motorcyclespecs.co.za/model/bmw/bmw-r1300rs-2027.html,55,LOW,MODEL_MISMATCH
000131,BMW,R nine T,R 16,https://www.motorcyclespecs.co.za/model/bmw/bmw-r16.html,55,LOW,MODEL_MISMATCH
000131,BMW,R nine T,R 17,https://www.motorcyclespecs.co.za/model/bmw/bmw-r17.html,55,LOW,MODEL_MISMATCH
000131,BMW,R nine T,R 18,https://www.motorcyclespecs.co.za/model/bmw/bmw-r18-20.html,55,LOW,MODEL_MISMATCH
000131,BMW,R nine T,R 18,https://www.motorcyclespecs.co.za/model/bmw/bmw-r18-22.html,55,LOW,MODEL_MISMATCH
000131,BMW,R nine T,R 20,https://www.motorcyclespecs.co.za/model/bmw/bmw-r20.html,55,LOW,MODEL_MISMATCH
000131,BMW,R nine T,R 23,https://www.motorcyclespecs.co.za/model/bmw/bmw-r23.html,55,LOW,MODEL_MISMATCH
000131,BMW,R nine T,R 24,https://www.motorcyclespecs.co.za/model/bmw/bmw-r24.html,55,LOW,MODEL_MISMATCH
000131,BMW,R nine T,R 25/2,https://www.motorcyclespecs.co.za/model/bmw/bmw-r25-2.html,55,LOW,MODEL_MISMATCH
000131,BMW,R nine T,R 25/3,https://www.motorcyclespecs.co.za/model/bmw/bmw-r25-3.html,55,LOW,MODEL_MISMATCH
000131,BMW,R nine T,R 25,https://www.motorcyclespecs.co.za/model/bmw/bmw-r25.html,55,LOW,MODEL_MISMATCH
000131,BMW,R nine T,R 26,https://www.motorcyclespecs.co.za/model/bmw/bmw-r26.html,55,LOW,MODEL_MISMATCH
000131,BMW,R nine T,R 27,https://www.motorcyclespecs.co.za/model/bmw/bmw-r27.html,55,LOW,MODEL_MISMATCH
000131,BMW,R nine T,R 32,https://www.motorcyclespecs.co.za/model/bmw/bmw-r32.html,55,LOW,MODEL_MISMATCH
000131,BMW,R nine T,R 35,https://www.motorcyclespecs.co.za/model/bmw/bmw-r35.html,55,LOW,MODEL_MISMATCH
000131,BMW,R nine T,R 37,https://www.motorcyclespecs.co.za/model/bmw/bmw-r37.html,55,LOW,MODEL_MISMATCH
000131,BMW,R nine T,R 39,https://www.motorcyclespecs.co.za/model/bmw/bmw-r39.html,55,LOW,MODEL_MISMATCH
000131,BMW,R nine T,R 42,https://www.motorcyclespecs.co.za/model/bmw/bmw-r42.html,55,LOW,MODEL_MISMATCH
000131,BMW,R nine T,R 45,https://www.motorcyclespecs.co.za/model/bmw/bmw-r45-78.html,55,LOW,MODEL_MISMATCH
000131,BMW,R nine T,R 45,https://www.motorcyclespecs.co.za/model/bmw/bmw-r45-80.html,55,LOW,MODEL_MISMATCH
000131,BMW,R nine T,R 45,https://www.motorcyclespecs.co.za/model/bmw/bmw-r45-82.html,55,LOW,MODEL_MISMATCH
000131,BMW,R nine T,R 47,https://www.motorcyclespecs.co.za/model/bmw/bmw-r47.html,55,LOW,MODEL_MISMATCH
000131,BMW,R nine T,"R 
		50/2",https://www.motorcyclespecs.co.za/model/bmw/bmw-r50-2.html,55,LOW,MODEL_MISMATCH
000131,BMW,R nine T,R 50/5,https://www.motorcyclespecs.co.za/model/bmw/bmw-r50-5-69.html,55,LOW,MODEL_MISMATCH
000131,BMW,R nine T,R 50,https://www.motorcyclespecs.co.za/model/bmw/bmw-r50-55.html,55,LOW,MODEL_MISMATCH
000131,BMW,R nine T,"R 
		51/2",https://www.motorcyclespecs.co.za/model/bmw/bmw-r51-2.html,55,LOW,MODEL_MISMATCH
000131,BMW,R nine T,"R 
		51/3",https://www.motorcyclespecs.co.za/model/bmw/bmw-r51-3.html,55,LOW,MODEL_MISMATCH
000131,BMW,R nine T,R 51,https://www.motorcyclespecs.co.za/model/bmw/bmw-r51.html,55,LOW,MODEL_MISMATCH
000131,BMW,R nine T,R 52,https://www.motorcyclespecs.co.za/model/bmw/bmw-r52.html,55,LOW,MODEL_MISMATCH
000131,BMW,R nine T,R 57,https://www.motorcyclespecs.co.za/model/bmw/bmw-r57.html,55,LOW,MODEL_MISMATCH
000131,BMW,R nine T,R 60/2,https://www.motorcyclespecs.co.za/model/bmw/bmw-r60-2-66.html,55,LOW,MODEL_MISMATCH
000131,BMW,R nine T,"R 
		60/",https://www.motorcyclespecs.co.za/model/bmw/bmw-r60-2.html,55,LOW,MODEL_MISMATCH
000131,BMW,R nine T,R 60/5,https://www.motorcyclespecs.co.za/model/bmw/bmw-r60-5-69.html,55,LOW,MODEL_MISMATCH
000131,BMW,R nine T,R 60/5,https://www.motorcyclespecs.co.za/model/bmw/bmw-r60-5-71.html,55,LOW,MODEL_MISMATCH
000131,BMW,R nine T,R 60/5,https://www.motorcyclespecs.co.za/model/bmw/bmw-r60-5-72.html,55,LOW,MODEL_MISMATCH
000131,BMW,R nine T,R 60/6,https://www.motorcyclespecs.co.za/model/bmw/bmw-r60-6-73.html,55,LOW,MODEL_MISMATCH
000131,BMW,R nine T,R 60/7,https://www.motorcyclespecs.co.za/model/bmw/bmw-r60-7-76.html,55,LOW,MODEL_MISMATCH
000131,BMW,R nine T,R 60,https://www.motorcyclespecs.co.za/model/bmw/bmw-r60.html,55,LOW,MODEL_MISMATCH
000131,BMW,R nine T,R 61,https://www.motorcyclespecs.co.za/model/bmw/bmw-r61.html,55,LOW,MODEL_MISMATCH
000131,BMW,R nine T,R 62,https://www.motorcyclespecs.co.za/model/bmw/bmw-r62.html,55,LOW,MODEL_MISMATCH
000131,BMW,R nine T,R 63,https://www.motorcyclespecs.co.za/model/bmw/bmw-r63.html,55,LOW,MODEL_MISMATCH
000131,BMW,R nine T,R 65,https://www.motorcyclespecs.co.za/model/bmw/bmw-r65-78.html,55,LOW,MODEL_MISMATCH
000131,BMW,R nine T,R 65,https://www.motorcyclespecs.co.za/model/bmw/bmw-r65-80.html,55,LOW,MODEL_MISMATCH
000131,BMW,R nine T,R 66,https://www.motorcyclespecs.co.za/model/bmw/bmw-r66.html,55,LOW,MODEL_MISMATCH
000131,BMW,R nine T,"R 
		67/2",https://www.motorcyclespecs.co.za/model/bmw/bmw-r67-2.html,55,LOW,MODEL_MISMATCH
000131,BMW,R nine T,R 67,https://www.motorcyclespecs.co.za/model/bmw/bmw-r67.html,55,LOW,MODEL_MISMATCH
000131,BMW,R nine T,R 68,https://www.motorcyclespecs.co.za/model/bmw/bmw-r68.html,55,LOW,MODEL_MISMATCH
000131,BMW,R nine T,R 69,https://www.motorcyclespecs.co.za/model/bmw/bmw-r69-55.html,55,LOW,MODEL_MISMATCH
000131,BMW,R nine T,R 69,https://www.motorcyclespecs.co.za/model/bmw/bmw-r69-57.html,55,LOW,MODEL_MISMATCH
000131,BMW,R nine T,R 71,https://www.motorcyclespecs.co.za/model/bmw/bmw-r71.html,55,LOW,MODEL_MISMATCH
000131,BMW,R nine T,R 75/5,https://www.motorcyclespecs.co.za/model/bmw/bmw-r75-5-70.html,55,LOW,MODEL_MISMATCH
000131,BMW,R nine T,R 75/6,https://www.motorcyclespecs.co.za/model/bmw/bmw-r75-6-73.html,55,LOW,MODEL_MISMATCH
000131,BMW,R nine T,R 75/6,https://www.motorcyclespecs.co.za/model/bmw/bmw-r75-6-75.html,55,LOW,MODEL_MISMATCH
000131,BMW,R nine T,R 75/5,https://www.motorcyclespecs.co.za/model/bmw/bmw-r75-69.html,55,LOW,MODEL_MISMATCH
000131,BMW,R nine T,R 75/7,https://www.motorcyclespecs.co.za/model/bmw/bmw-r75-7-76.html,55,LOW,MODEL_MISMATCH
000131,BMW,R nine T,R 80/7,https://www.motorcyclespecs.co.za/model/bmw/bmw-r80-7-77.html,55,LOW,MODEL_MISMATCH
000131,BMW,R nine T,R 80/7,https://www.motorcyclespecs.co.za/model/bmw/bmw-r80-7-80.html,55,LOW,MODEL_MISMATCH
000131,BMW,R nine T,R 80,https://www.motorcyclespecs.co.za/model/bmw/bmw-r80-81.html,55,LOW,MODEL_MISMATCH
000131,BMW,R nine T,R 80R,https://www.motorcyclespecs.co.za/model/bmw/bmw-r80r-91.html,55,LOW,MODEL_MISMATCH
000131,BMW,R nine T,R 90/6,https://www.motorcyclespecs.co.za/model/bmw/bmw-r90-6-74.html,55,LOW,MODEL_MISMATCH
000131,BMW,R nine T,R 75/5,https://www.motorcyclespecs.co.za/model/bmw/bmw_r75-72.html,55,LOW,MODEL_MISMATCH
000131,BMW,R nine T,R 100/7,https://www.motorcyclespecs.co.za/model/bmw/bmw-r100-7-78.html,54,LOW,MODEL_MISMATCH
000131,BMW,R nine T,"R 
		100/7",https://www.motorcyclespecs.co.za/model/bmw/bmw-r100-7.html,54,LOW,MODEL_MISMATCH
000131,BMW,R nine T,R 100GS Bumble Bee,https://www.motorcyclespecs.co.za/model/bmw/bmw-r100gs-88.html,54,LOW,MODEL_MISMATCH
000131,BMW,R nine T,R 100R,https://www.motorcyclespecs.co.za/model/bmw/bmw-r100r-92.html,54,LOW,MODEL_MISMATCH
000131,BMW,R nine T,R 100R,https://www.motorcyclespecs.co.za/model/bmw/bmw-r100r-94.html,54,LOW,MODEL_MISMATCH
000131,BMW,R nine T,R 12 5 0R T Sport,https://www.motorcyclespecs.co.za/model/bmw/bmw-r1250rt-sp-19.html,54,LOW,MODEL_MISMATCH
000131,BMW,R nine T,R 18 B,https://www.motorcyclespecs.co.za/model/bmw/bmw-r18-b-22.html,54,LOW,MODEL_MISMATCH
000131,BMW,R nine T,R 850R,https://www.motorcyclespecs.co.za/model/bmw/bmw-r850r-94.html,54,LOW,MODEL_MISMATCH
000131,BMW,R nine T,R 850R,https://www.motorcyclespecs.co.za/model/bmw/bmw-r850r-98.html,54,LOW,MODEL_MISMATCH
000131,BMW,R nine T,R 850R,https://www.motorcyclespecs.co.za/model/bmw/bmw-r850r-con-03.html,54,LOW,MODEL_MISMATCH
000131,BMW,R nine T,R 1100R,https://www.motorcyclespecs.co.za/model/bmw/bmw-r1100r-94.html,53,LOW,MODEL_MISMATCH
000131,BMW,R nine T,R 1100R,https://www.motorcyclespecs.co.za/model/bmw/bmw-r1100r-96.html,53,LOW,MODEL_MISMATCH
000131,BMW,R nine T,R 1100R,https://www.motorcyclespecs.co.za/model/bmw/bmw-r1100r-98.html,53,LOW,MODEL_MISMATCH
000131,BMW,R nine T,R 1150GS Adventure,https://www.motorcyclespecs.co.za/model/bmw/bmw-r1150gs-adven-03.html,53,LOW,MODEL_MISMATCH
000131,BMW,R nine T,R 1150GS Adventure,https://www.motorcyclespecs.co.za/model/bmw/bmw-r1150gs-adven-04.html,53,LOW,MODEL_MISMATCH
000131,BMW,R nine T,R 1150GS Adventure,https://www.motorcyclespecs.co.za/model/bmw/bmw-r1150gs-adven-05.html,53,LOW,MODEL_MISMATCH
000131,BMW,R nine T,R 1150GS Adventure,https://www.motorcyclespecs.co.za/model/bmw/bmw-r1150gs-adven-bub-03.html,53,LOW,MODEL_MISMATCH
000131,BMW,R nine T,R 1150GS Adventure,https://www.motorcyclespecs.co.za/model/bmw/bmw-r1150gs-adven.html,53,LOW,MODEL_MISMATCH
000131,BMW,R nine T,R 1150R,https://www.motorcyclespecs.co.za/model/bmw/bmw-r1150r-01.html,53,LOW,MODEL_MISMATCH
000131,BMW,R nine T,R 1150R,https://www.motorcyclespecs.co.za/model/bmw/bmw-r1150r-03.html,53,LOW,MODEL_MISMATCH
000131,BMW,R nine T,R 1150R,https://www.motorcyclespecs.co.za/model/bmw/bmw-r1150r-05.html,53,LOW,MODEL_MISMATCH
000131,BMW,R nine T,R 1150R,https://www.motorcyclespecs.co.za/model/bmw/bmw-r1150r.html,53,LOW,MODEL_MISMATCH
000131,BMW,R nine T,R 12GS,https://www.motorcyclespecs.co.za/model/bmw/bmw-r12-gs-2025.html,53,LOW,MODEL_MISMATCH
000131,BMW,R nine T,R 1200GS LC,https://www.motorcyclespecs.co.za/model/bmw/bmw-r1200gs-13.html,53,LOW,MODEL_MISMATCH
000131,BMW,R nine T,R 1200GS LC,https://www.motorcyclespecs.co.za/model/bmw/bmw-r1200gs-14.html,53,LOW,MODEL_MISMATCH
000131,BMW,R nine T,R 1200GS LC,https://www.motorcyclespecs.co.za/model/bmw/bmw-r1200gs-15.html,53,LOW,MODEL_MISMATCH
000131,BMW,R nine T,R 1200GS LC,https://www.motorcyclespecs.co.za/model/bmw/bmw-r1200gs-16.html,53,LOW,MODEL_MISMATCH
000131,BMW,R nine T,R 1200GS Adventure,https://www.motorcyclespecs.co.za/model/bmw/bmw-r1200gs-adventure-06.html,53,LOW,MODEL_MISMATCH
000131,BMW,R nine T,R 1200GS Adventure,https://www.motorcyclespecs.co.za/model/bmw/bmw-r1200gs-adventure-07.html,53,LOW,MODEL_MISMATCH
000131,BMW,R nine T,R 1200GS Adventure,https://www.motorcyclespecs.co.za/model/bmw/bmw-r1200gs-adventure-08.html,53,LOW,MODEL_MISMATCH
000131,BMW,R nine T,"R 
		1200GS Adventure",https://www.motorcyclespecs.co.za/model/bmw/bmw-r1200gs-adventure-09.html,53,LOW,MODEL_MISMATCH
000131,BMW,R nine T,R 1200GS Adventure,https://www.motorcyclespecs.co.za/model/bmw/bmw-r1200gs-adventure-10.html,53,LOW,MODEL_MISMATCH
000131,BMW,R nine T,"R 
		1200GS Adventure",https://www.motorcyclespecs.co.za/model/bmw/bmw-r1200gs-adventure-11.html,53,LOW,MODEL_MISMATCH
000131,BMW,R nine T,"R 
		1200GS Adventure",https://www.motorcyclespecs.co.za/model/bmw/bmw-r1200gs-adventure-12.html,53,LOW,MODEL_MISMATCH
000131,BMW,R nine T,"R 
		1200GS Adventure",https://www.motorcyclespecs.co.za/model/bmw/bmw-r1200gs-adventure-13.html,53,LOW,MODEL_MISMATCH
000131,BMW,R nine T,R 1200GS Adventure,https://www.motorcyclespecs.co.za/model/bmw/bmw-r1200gs-adventure-heroes-legend.html,53,LOW,MODEL_MISMATCH
000131,BMW,R nine T,R 1200GS LC Adventure Iconic Limited Edition,https://www.motorcyclespecs.co.za/model/bmw/bmw-r1200gs-adventure-iconic-16.html,53,LOW,MODEL_MISMATCH
000131,BMW,R nine T,R 1200R,https://www.motorcyclespecs.co.za/model/bmw/bmw-r1200r-07.html,53,LOW,MODEL_MISMATCH
000131,BMW,R nine T,R 1200R,https://www.motorcyclespecs.co.za/model/bmw/bmw-r1200r-08.html,53,LOW,MODEL_MISMATCH
000131,BMW,R nine T,R 1200R,https://www.motorcyclespecs.co.za/model/bmw/bmw-r1200r-09.html,53,LOW,MODEL_MISMATCH
000131,BMW,R nine T,R 1200R,https://www.motorcyclespecs.co.za/model/bmw/bmw-r1200r-10.html,53,LOW,MODEL_MISMATCH
000131,BMW,R nine T,R 1200R,https://www.motorcyclespecs.co.za/model/bmw/bmw-r1200r-11.html,53,LOW,MODEL_MISMATCH
000131,BMW,R nine T,R 1200R,https://www.motorcyclespecs.co.za/model/bmw/bmw-r1200r-12.html,53,LOW,MODEL_MISMATCH
000131,BMW,R nine T,R 1200R,https://www.motorcyclespecs.co.za/model/bmw/bmw-r1200r-13.html,53,LOW,MODEL_MISMATCH
000131,BMW,R nine T,R 1200R,https://www.motorcyclespecs.co.za/model/bmw/bmw-r1200r-14.html,53,LOW,MODEL_MISMATCH
000131,BMW,R nine T,R 1200RS LC,https://www.motorcyclespecs.co.za/model/bmw/bmw-r1200rs-15.html,53,LOW,MODEL_MISMATCH
000131,BMW,R nine T,R 1200RS LC,https://www.motorcyclespecs.co.za/model/bmw/bmw-r1200rs-16.html,53,LOW,MODEL_MISMATCH
000131,BMW,R nine T,R 1200RS LC,https://www.motorcyclespecs.co.za/model/bmw/bmw-r1200rs-17.html,53,LOW,MODEL_MISMATCH
000131,BMW,R nine T,R 1200RS LC,https://www.motorcyclespecs.co.za/model/bmw/bmw-r1200rs-18.html,53,LOW,MODEL_MISMATCH
000131,BMW,R nine T,"R 
		1250GS Adventure",https://www.motorcyclespecs.co.za/model/bmw/bmw-r1250gs-adven-20.html,53,LOW,MODEL_MISMATCH
000131,BMW,R nine T,"R 
		1250GS Adventure",https://www.motorcyclespecs.co.za/model/bmw/bmw-r1250gs-adven-21.html,53,LOW,MODEL_MISMATCH
000131,BMW,R nine T,R 1250GS HP,https://www.motorcyclespecs.co.za/model/bmw/bmw-r1250gs-hp-19.html,53,LOW,MODEL_MISMATCH
000131,BMW,R nine T,R 1250R,https://www.motorcyclespecs.co.za/model/bmw/bmw-r1250r-19.html,53,LOW,MODEL_MISMATCH
000131,BMW,R nine T,R 1250R,https://www.motorcyclespecs.co.za/model/bmw/bmw-r1250r-21.html,53,LOW,MODEL_MISMATCH
000131,BMW,R nine T,R 1250R,https://www.motorcyclespecs.co.za/model/bmw/bmw-r1250r-23.html,53,LOW,MODEL_MISMATCH
000131,BMW,R nine T,R 1250R,https://www.motorcyclespecs.co.za/model/bmw/bmw-r1250r_20.html,53,LOW,MODEL_MISMATCH
000131,BMW,R nine T,"R 
		1250GS Adventure",https://www.motorcyclespecs.co.za/model/bmw/bmw-r250gs_adven-19.html,53,LOW,MODEL_MISMATCH
000131,BMW,R nine T,"R 
		65GS",https://www.motorcyclespecs.co.za/model/bmw/bmw-r65gs.html,53,LOW,MODEL_MISMATCH
000131,BMW,R nine T,R 65LS,https://www.motorcyclespecs.co.za/model/bmw/bmw-r65ls-81.html,53,LOW,MODEL_MISMATCH
000131,BMW,R nine T,R 80GS,https://www.motorcyclespecs.co.za/model/bmw/bmw-r80gs-86.html,53,LOW,MODEL_MISMATCH
000131,BMW,R nine T,R 80GS,https://www.motorcyclespecs.co.za/model/bmw/bmw-r80gs-88.html,53,LOW,MODEL_MISMATCH
000131,BMW,R nine T,R 80GS,https://www.motorcyclespecs.co.za/model/bmw/bmw-r80gs-89.html,53,LOW,MODEL_MISMATCH
000131,BMW,R nine T,R 80GS,https://www.motorcyclespecs.co.za/model/bmw/bmw-r80gs-90.html,53,LOW,MODEL_MISMATCH
000131,BMW,R nine T,R 80GS,https://www.motorcyclespecs.co.za/model/bmw/bmw-r80gs-91.html,53,LOW,MODEL_MISMATCH
000131,BMW,R nine T,bmw r100gs,https://www.motorcyclespecs.co.za/model/Custom/bmw-r100gs.html,52,LOW,MODEL_MISMATCH
000131,BMW,R nine T,R 100CS,https://www.motorcyclespecs.co.za/model/bmw/bmw-r100cs-77.html,52,LOW,MODEL_MISMATCH
000131,BMW,R nine T,R 100CS,https://www.motorcyclespecs.co.za/model/bmw/bmw-r100cs-81.html,52,LOW,MODEL_MISMATCH
000131,BMW,R nine T,R 100CS,https://www.motorcyclespecs.co.za/model/bmw/bmw-r100cs-82.html,52,LOW,MODEL_MISMATCH
000131,BMW,R nine T,R 100GS,https://www.motorcyclespecs.co.za/model/bmw/bmw-r100gs-87.html,52,LOW,MODEL_MISMATCH
000131,BMW,R nine T,R 100GS,https://www.motorcyclespecs.co.za/model/bmw/bmw-r100gs-89.html,52,LOW,MODEL_MISMATCH
000131,BMW,R nine T,R 100GS,https://www.motorcyclespecs.co.za/model/bmw/bmw-r100gs-90.html,52,LOW,MODEL_MISMATCH
000131,BMW,R nine T,R 100GS,https://www.motorcyclespecs.co.za/model/bmw/bmw-r100gs-91.html,52,LOW,MODEL_MISMATCH
000131,BMW,R nine T,"R 100GS 
		Paris Dakar Classic",https://www.motorcyclespecs.co.za/model/bmw/bmw-r100gs-pd-classic.html,52,LOW,MODEL_MISMATCH
000131,BMW,R nine T,R 1100GS,https://www.motorcyclespecs.co.za/model/bmw/bmw-r1100gs-94.html,52,LOW,MODEL_MISMATCH
000131,BMW,R nine T,R 1100GS,https://www.motorcyclespecs.co.za/model/bmw/bmw-r1100gs-95.html,52,LOW,MODEL_MISMATCH
000131,BMW,R nine T,R 1100GS,https://www.motorcyclespecs.co.za/model/bmw/bmw-r1100gs-96.html,52,LOW,MODEL_MISMATCH
000131,BMW,R nine T,R 1100GS,https://www.motorcyclespecs.co.za/model/bmw/bmw-r1100gs-97.html,52,LOW,MODEL_MISMATCH
000131,BMW,R nine T,R 1100GS,https://www.motorcyclespecs.co.za/model/bmw/bmw-r1100gs-98.html,52,LOW,MODEL_MISMATCH
000131,BMW,R nine T,R 1150GS,https://www.motorcyclespecs.co.za/model/bmw/bmw-r1150gs-00.html,52,LOW,MODEL_MISMATCH
000131,BMW,R nine T,R 1150GS,https://www.motorcyclespecs.co.za/model/bmw/bmw-r1150gs-01.html,52,LOW,MODEL_MISMATCH
000131,BMW,R nine T,R 1150GS,https://www.motorcyclespecs.co.za/model/bmw/bmw-r1150gs-02.html,52,LOW,MODEL_MISMATCH
000131,BMW,R nine T,R 1150GS,https://www.motorcyclespecs.co.za/model/bmw/bmw-r1150gs-03.html,52,LOW,MODEL_MISMATCH
000131,BMW,R nine T,R 1150GS Adventure Special Edition,https://www.motorcyclespecs.co.za/model/bmw/bmw-r1150gs-adv-spec.html,52,LOW,MODEL_MISMATCH
000131,BMW,R nine T,R 1150GS,https://www.motorcyclespecs.co.za/model/bmw/bmw-r1150gs.html,52,LOW,MODEL_MISMATCH
000131,BMW,R nine T,R 12 S,https://www.motorcyclespecs.co.za/model/bmw/bmw-r12-ninet-s-2025.html,52,LOW,MODEL_MISMATCH
000131,BMW,R nine T,R 1200C,https://www.motorcyclespecs.co.za/model/bmw/bmw-r1200c-00.html,52,LOW,MODEL_MISMATCH
000131,BMW,R nine T,R 1200C,https://www.motorcyclespecs.co.za/model/bmw/bmw-r1200c-03.html,52,LOW,MODEL_MISMATCH
000131,BMW,R nine T,R 1200C,https://www.motorcyclespecs.co.za/model/bmw/bmw-r1200c-98.html,52,LOW,MODEL_MISMATCH
000131,BMW,R nine T,R 1200C,https://www.motorcyclespecs.co.za/model/bmw/bmw-r1200c.html,52,LOW,MODEL_MISMATCH
000131,BMW,R nine T,R 1200CL,https://www.motorcyclespecs.co.za/model/bmw/bmw-r1200cl-04.html,52,LOW,MODEL_MISMATCH
000131,BMW,R nine T,R 1200CL,https://www.motorcyclespecs.co.za/model/bmw/bmw-r1200cl-05.html,52,LOW,MODEL_MISMATCH
000131,BMW,R nine T,R 1200CL,https://www.motorcyclespecs.co.za/model/bmw/bmw-r1200cl.html,52,LOW,MODEL_MISMATCH
000131,BMW,R nine T,R 1200GS,https://www.motorcyclespecs.co.za/model/bmw/bmw-r1200gs-04.html,52,LOW,MODEL_MISMATCH
000131,BMW,R nine T,R 1200GS,https://www.motorcyclespecs.co.za/model/bmw/bmw-r1200gs-05.html,52,LOW,MODEL_MISMATCH
000131,BMW,R nine T,R 1200GS,https://www.motorcyclespecs.co.za/model/bmw/bmw-r1200gs-06.html,52,LOW,MODEL_MISMATCH
000131,BMW,R nine T,R 1200GS,https://www.motorcyclespecs.co.za/model/bmw/bmw-r1200gs-07.html,52,LOW,MODEL_MISMATCH
000131,BMW,R nine T,R 1200GS,https://www.motorcyclespecs.co.za/model/bmw/bmw-r1200gs-08.html,52,LOW,MODEL_MISMATCH
000131,BMW,R nine T,R 1200GS,https://www.motorcyclespecs.co.za/model/bmw/bmw-r1200gs-10.html,52,LOW,MODEL_MISMATCH
000131,BMW,R nine T,R 1200GS,https://www.motorcyclespecs.co.za/model/bmw/bmw-r1200gs-11.html,52,LOW,MODEL_MISMATCH
000131,BMW,R nine T,R 1200GS,https://www.motorcyclespecs.co.za/model/bmw/bmw-r1200gs-12.html,52,LOW,MODEL_MISMATCH
000131,BMW,R nine T,R 1250GS,https://www.motorcyclespecs.co.za/model/bmw/bmw-r1250gs-19.html,52,LOW,MODEL_MISMATCH
000131,BMW,R nine T,R 1250GS,https://www.motorcyclespecs.co.za/model/bmw/bmw-r1250gs-21.html,52,LOW,MODEL_MISMATCH
000131,BMW,R nine T,"R 
		1300GS",https://www.motorcyclespecs.co.za/model/bmw/bmw-r1300gs-2024.html,52,LOW,MODEL_MISMATCH
000131,BMW,R nine T,R 50S,https://www.motorcyclespecs.co.za/model/bmw/bmw-r50S-55.html,52,LOW,MODEL_MISMATCH
000131,BMW,R nine T,R 69S,https://www.motorcyclespecs.co.za/model/bmw/bmw-r69S-63.html,52,LOW,MODEL_MISMATCH
000131,BMW,R nine T,R 69S,https://www.motorcyclespecs.co.za/model/bmw/bmw-r69S-66.html,52,LOW,MODEL_MISMATCH
000131,BMW,R nine T,"R 
		69S",https://www.motorcyclespecs.co.za/model/bmw/bmw-r69S.html,52,LOW,MODEL_MISMATCH
000131,BMW,R nine T,R 850GS,https://www.motorcyclespecs.co.za/model/bmw/bmw-r850gs-99.html,52,LOW,MODEL_MISMATCH
000131,BMW,R nine T,R 850GS,https://www.motorcyclespecs.co.za/model/bmw/bmw-r850gs.html,52,LOW,MODEL_MISMATCH
000131,BMW,R nine T,R 90S,https://www.motorcyclespecs.co.za/model/bmw/bmw-r90s-74.html,52,LOW,MODEL_MISMATCH
000131,BMW,R nine T,R 100S,https://www.motorcyclespecs.co.za/model/bmw/bmw-r100s-77.html,51,LOW,MODEL_MISMATCH
000131,BMW,R nine T,R 100S,https://www.motorcyclespecs.co.za/model/bmw/bmw-r100s-78.html,51,LOW,MODEL_MISMATCH
000131,BMW,R nine T,R 100S,https://www.motorcyclespecs.co.za/model/bmw/bmw-r100s-79.html,51,LOW,MODEL_MISMATCH
000131,BMW,R nine T,"R 
		100S Willi Michel Racer",https://www.motorcyclespecs.co.za/model/bmw/bmw-r100s-willi-michel-racer.html,51,LOW,MODEL_MISMATCH
000131,BMW,R nine T,"R 
		1200GS LC Adventure",https://www.motorcyclespecs.co.za/model/bmw/bmw-r1200gs-adventure-14.html,51,LOW,MODEL_MISMATCH
000131,BMW,R nine T,"R 
		1200GS LC Adventure",https://www.motorcyclespecs.co.za/model/bmw/bmw-r1200gs-adventure-15.html,51,LOW,MODEL_MISMATCH
000131,BMW,R nine T,"R 
		1200GS LC Adventure",https://www.motorcyclespecs.co.za/model/bmw/bmw-r1200gs-adventure-16.html,51,LOW,MODEL_MISMATCH
000131,BMW,R nine T,"R 1200GS 
		LC Adventure",https://www.motorcyclespecs.co.za/model/bmw/bmw-r1200gs-adventure-18.html,51,LOW,MODEL_MISMATCH
000131,BMW,R nine T,R 1200GS Adventure Triple Black,https://www.motorcyclespecs.co.za/model/bmw/bmw-r1200gs-adventure-black.html,51,LOW,MODEL_MISMATCH
000131,BMW,R nine T,R 1200GS Adventure Long Way Down Replicas,https://www.motorcyclespecs.co.za/model/bmw/bmw-r1200gs-adventure-long-way.html,51,LOW,MODEL_MISMATCH
000131,BMW,R nine T,"R 1200GS 
		LC Adventure Triple Black",https://www.motorcyclespecs.co.za/model/bmw/bmw-r1200gs-adventure-triple-black.html,51,LOW,MODEL_MISMATCH
000131,BMW,R nine T,R 1200R LC,https://www.motorcyclespecs.co.za/model/bmw/bmw-r1200r-15.html,51,LOW,MODEL_MISMATCH
000131,BMW,R nine T,R 1200R LC,https://www.motorcyclespecs.co.za/model/bmw/bmw-r1200r-16.html,51,LOW,MODEL_MISMATCH
000131,BMW,R nine T,R 1200R LC,https://www.motorcyclespecs.co.za/model/bmw/bmw-r1200r-17.html,51,LOW,MODEL_MISMATCH
000131,BMW,R nine T,R 1200R LC,https://www.motorcyclespecs.co.za/model/bmw/bmw-r1200r-18.html,51,LOW,MODEL_MISMATCH
000131,BMW,R nine T,"R 
		1250GS Adventure 40 Years Edition",https://www.motorcyclespecs.co.za/model/bmw/bmw-r1250gs-adven-40th-21.html,51,LOW,MODEL_MISMATCH
000131,BMW,R nine T,"R 1300GS 
		Adventure/Trophy/Triple Black",https://www.motorcyclespecs.co.za/model/bmw/bmw-r1300gs-adventure-2024.html,51,LOW,MODEL_MISMATCH
000131,BMW,R nine T,R 1100S,https://www.motorcyclespecs.co.za/model/bmw/bmw-r1100s-01.html,50,LOW,MODEL_MISMATCH
000131,BMW,R nine T,R 1100S,https://www.motorcyclespecs.co.za/model/bmw/bmw-r1100s-04.html,50,LOW,MODEL_MISMATCH
000131,BMW,R nine T,R 1100S,https://www.motorcyclespecs.co.za/model/bmw/bmw-r1100s-06.html,50,LOW,MODEL_MISMATCH
000131,BMW,R nine T,R 1100S,https://www.motorcyclespecs.co.za/model/bmw/bmw-r1100s-99.html,50,LOW,MODEL_MISMATCH
000131,BMW,R nine T,R 1200GS Adventure 90th Anniversary Special,https://www.motorcyclespecs.co.za/model/bmw/bmw-r1200gs-90th-anniversary.html,50,LOW,MODEL_MISMATCH
000131,BMW,R nine T,"R 1200GS 
		LC Adventure Black Edition",https://www.motorcyclespecs.co.za/model/bmw/bmw-r1200gs-adventure-black-18.html,50,LOW,MODEL_MISMATCH
000131,BMW,R nine T,R 1200GS Adventure 30th Anniversary Special,https://www.motorcyclespecs.co.za/model/bmw/bmw-r1200gs-adventure-special-10.html,50,LOW,MODEL_MISMATCH
000131,BMW,R nine T,R 1200S,https://www.motorcyclespecs.co.za/model/bmw/bmw-r1200s-06.html,50,LOW,MODEL_MISMATCH
000131,BMW,R nine T,R 1200S,https://www.motorcyclespecs.co.za/model/bmw/bmw-r1200s-07.html,50,LOW,MODEL_MISMATCH
000131,BMW,R nine T,R 1200S,https://www.motorcyclespecs.co.za/model/bmw/bmw-r1200s-08.html,50,LOW,MODEL_MISMATCH
000131,BMW,R nine T,"R 1300GS 
		Adventure Dark (France only)",https://www.motorcyclespecs.co.za/model/bmw/bmw-r1300gs-adventure-dark-2026.html,50,LOW,MODEL_MISMATCH
000131,BMW,R nine T,R 80G/S,https://www.motorcyclespecs.co.za/model/bmw/bmw-r80gS-80.html,50,LOW,MODEL_MISMATCH
000131,BMW,R nine T,R 80G/S,https://www.motorcyclespecs.co.za/model/bmw/bmw-r80gS-81.html,50,LOW,MODEL_MISMATCH
000131,BMW,R nine T,R 80G/S,https://www.motorcyclespecs.co.za/model/bmw/bmw-r80gS-82.html,50,LOW,MODEL_MISMATCH
000131,BMW,R nine T,R 80G/S,https://www.motorcyclespecs.co.za/model/bmw/bmw-r80gS-83.html,50,LOW,MODEL_MISMATCH
000131,BMW,R nine T,R 80G/S,https://www.motorcyclespecs.co.za/model/bmw/bmw-r80gs-84.html,50,LOW,MODEL_MISMATCH
000131,BMW,R nine T,R 80G/S Paris Dakar,https://www.motorcyclespecs.co.za/model/bmw/bmw-r80gs-pd-84.html,50,LOW,MODEL_MISMATCH
000131,BMW,R nine T,R 80G/S Prototype,https://www.motorcyclespecs.co.za/model/bmw/bmw-r80gs-prototype.html,50,LOW,MODEL_MISMATCH
000131,BMW,R nine T,R 1100S Boxer Cup Replica,https://www.motorcyclespecs.co.za/model/bmw/bmw-r1100s-boxer-cup.html,49,LOW,MODEL_MISMATCH
000131,BMW,R nine T,R 1100S Boxer Cup Replica,https://www.motorcyclespecs.co.za/model/bmw/bmw-r1100s-replica-04.html,49,LOW,MODEL_MISMATCH
000131,BMW,R nine T,R 900RR Dakar,https://www.motorcyclespecs.co.za/model/bmw/bmw-r900gs-rally-99.html,49,LOW,MODEL_MISMATCH
000131,BMW,R nine T,R 1100RR Rally,https://www.motorcyclespecs.co.za/model/bmw/bmw-r1100gs-rally.html,48,LOW,MODEL_MISMATCH
000131,BMW,R nine T,R 80G/S Dakar GS80R-GS980R,https://www.motorcyclespecs.co.za/model/bmw/bmw-r80gs-paris.html,46,LOW,MODEL_MISMATCH
000132,BMW,R nine T /5,R 5,https://www.motorcyclespecs.co.za/model/bmw/bmw-r5.html,63,LOW,MODEL_MISMATCH
000132,BMW,R nine T /5,"R nineT /5 50th 
Anniversary Edition",https://www.motorcyclespecs.co.za/model/bmw/bmw-r-ninet-50th-anniv-19.html,54,LOW,NUMBER_MISMATCH
000132,BMW,R nine T /5,R75 Sidecar,https://www.motorcyclespecs.co.za/model/bmw/bmw-r75-sidecar.html,54,LOW,NUMBER_MISMATCH
000132,BMW,R nine T /5,R 1100RT,https://www.motorcyclespecs.co.za/model/bmw/bmw-r1100rt-95.html,52,LOW,NUMBER_MISMATCH
000132,BMW,R nine T /5,R 1150RT,https://www.motorcyclespecs.co.za/model/bmw/bmw-r1150rt-03.html,52,LOW,NUMBER_MISMATCH
000132,BMW,R nine T /5,R 1150RT,https://www.motorcyclespecs.co.za/model/bmw/bmw-r1150rt.html,52,LOW,NUMBER_MISMATCH
000132,BMW,R nine T /5,R 1200RT,https://www.motorcyclespecs.co.za/model/bmw/bmw-r1200rt-05.html,52,LOW,NUMBER_MISMATCH
000132,BMW,R nine T /5,R 1200ST,https://www.motorcyclespecs.co.za/model/bmw/bmw-r1200st-05.html,52,LOW,NUMBER_MISMATCH
000132,BMW,R nine T /5,R 12 5 0RT,https://www.motorcyclespecs.co.za/model/bmw/bmw-r1250rt-19.html,52,LOW,NUMBER_MISMATCH
000132,BMW,R nine T /5,R 1250RT,https://www.motorcyclespecs.co.za/model/bmw/bmw-r1250rt-20.html,52,LOW,NUMBER_MISMATCH
000132,BMW,R nine T /5,R 1250RT,https://www.motorcyclespecs.co.za/model/bmw/bmw-r1250rt-22.html,52,LOW,NUMBER_MISMATCH
000132,BMW,R nine T /5,R 1300RT,https://www.motorcyclespecs.co.za/model/bmw/bmw-r1300rt-2025.html,52,LOW,NUMBER_MISMATCH
000132,BMW,R nine T /5,R 25,https://www.motorcyclespecs.co.za/model/bmw/bmw-r25.html,52,LOW,NUMBER_MISMATCH
000132,BMW,R nine T /5,R 35,https://www.motorcyclespecs.co.za/model/bmw/bmw-r35.html,52,LOW,NUMBER_MISMATCH
000132,BMW,R nine T /5,R 45,https://www.motorcyclespecs.co.za/model/bmw/bmw-r45-78.html,52,LOW,NUMBER_MISMATCH
000132,BMW,R nine T /5,R 45,https://www.motorcyclespecs.co.za/model/bmw/bmw-r45-80.html,52,LOW,NUMBER_MISMATCH
000132,BMW,R nine T /5,R 45,https://www.motorcyclespecs.co.za/model/bmw/bmw-r45-82.html,52,LOW,NUMBER_MISMATCH
000132,BMW,R nine T /5,R 50,https://www.motorcyclespecs.co.za/model/bmw/bmw-r50-55.html,52,LOW,NUMBER_MISMATCH
000132,BMW,R nine T /5,R 51,https://www.motorcyclespecs.co.za/model/bmw/bmw-r51.html,52,LOW,NUMBER_MISMATCH
000132,BMW,R nine T /5,R 52,https://www.motorcyclespecs.co.za/model/bmw/bmw-r52.html,52,LOW,NUMBER_MISMATCH
000132,BMW,R nine T /5,R 57,https://www.motorcyclespecs.co.za/model/bmw/bmw-r57.html,52,LOW,NUMBER_MISMATCH
000132,BMW,R nine T /5,R 65,https://www.motorcyclespecs.co.za/model/bmw/bmw-r65-78.html,52,LOW,NUMBER_MISMATCH
000132,BMW,R nine T /5,R 65,https://www.motorcyclespecs.co.za/model/bmw/bmw-r65-80.html,52,LOW,NUMBER_MISMATCH
000132,BMW,R nine T /5,R 850RT,https://www.motorcyclespecs.co.za/model/bmw/bmw-r850rt-02.html,52,LOW,NUMBER_MISMATCH
000132,BMW,R nine T /5,"R 
		850RT",https://www.motorcyclespecs.co.za/model/bmw/bmw-r850rt.html,52,LOW,NUMBER_MISMATCH
000132,BMW,R nine T /5,"R 
		1100R 75th Anniversary",https://www.motorcyclespecs.co.za/model/bmw/bmw-r1100r-75th-anniversary.html,51,LOW,NUMBER_MISMATCH
000132,BMW,R nine T /5,"R 
		50US",https://www.motorcyclespecs.co.za/model/bmw/bmw-r50us.html,51,LOW,NUMBER_MISMATCH
000132,BMW,R nine T /5,R 1150RS,https://www.motorcyclespecs.co.za/model/bmw/bmw-r1150rs-02.html,50,LOW,NUMBER_MISMATCH
000132,BMW,R nine T /5,R 1150RS,https://www.motorcyclespecs.co.za/model/bmw/bmw-r1150rs.html,50,LOW,NUMBER_MISMATCH
000132,BMW,R nine T /5,R 1250RS,https://www.motorcyclespecs.co.za/model/bmw/bmw-r1250rs-19.html,50,LOW,NUMBER_MISMATCH
000132,BMW,R nine T /5,R 1250RS,https://www.motorcyclespecs.co.za/model/bmw/bmw-r1250rs-20.html,50,LOW,NUMBER_MISMATCH
000132,BMW,R nine T /5,R 1250RS,https://www.motorcyclespecs.co.za/model/bmw/bmw-r1250rs-21.html,50,LOW,NUMBER_MISMATCH
000132,BMW,R nine T /5,R 1250RS,https://www.motorcyclespecs.co.za/model/bmw/bmw-r1250rs-22.html,50,LOW,NUMBER_MISMATCH
000132,BMW,R nine T /5,R 1250RS,https://www.motorcyclespecs.co.za/model/bmw/bmw-r1250rs-23.html,50,LOW,NUMBER_MISMATCH
000132,BMW,R nine T /5,R 1250RS,https://www.motorcyclespecs.co.za/model/bmw/bmw-r1250rt-21.html,50,LOW,NUMBER_MISMATCH
000132,BMW,R nine T /5,R 25/2,https://www.motorcyclespecs.co.za/model/bmw/bmw-r25-2.html,50,LOW,NUMBER_MISMATCH
000132,BMW,R nine T /5,R 25/3,https://www.motorcyclespecs.co.za/model/bmw/bmw-r25-3.html,50,LOW,NUMBER_MISMATCH
000132,BMW,R nine T /5,"R 
		50/2",https://www.motorcyclespecs.co.za/model/bmw/bmw-r50-2.html,50,LOW,NUMBER_MISMATCH
000132,BMW,R nine T /5,R 50/5,https://www.motorcyclespecs.co.za/model/bmw/bmw-r50-5-69.html,50,LOW,NUMBER_MISMATCH
000132,BMW,R nine T /5,"R 
		51/2",https://www.motorcyclespecs.co.za/model/bmw/bmw-r51-2.html,50,LOW,NUMBER_MISMATCH
000132,BMW,R nine T /5,"R 
		51/3",https://www.motorcyclespecs.co.za/model/bmw/bmw-r51-3.html,50,LOW,NUMBER_MISMATCH
000132,BMW,R nine T /5,R 60/5,https://www.motorcyclespecs.co.za/model/bmw/bmw-r60-5-69.html,50,LOW,NUMBER_MISMATCH
000132,BMW,R nine T /5,R 60/5,https://www.motorcyclespecs.co.za/model/bmw/bmw-r60-5-71.html,50,LOW,NUMBER_MISMATCH
000132,BMW,R nine T /5,R 60/5,https://www.motorcyclespecs.co.za/model/bmw/bmw-r60-5-72.html,50,LOW,NUMBER_MISMATCH
000132,BMW,R nine T /5,R 75/5,https://www.motorcyclespecs.co.za/model/bmw/bmw-r75-5-70.html,50,LOW,NUMBER_MISMATCH
000132,BMW,R nine T /5,R 75/6,https://www.motorcyclespecs.co.za/model/bmw/bmw-r75-6-73.html,50,LOW,NUMBER_MISMATCH
000132,BMW,R nine T /5,R 75/6,https://www.motorcyclespecs.co.za/model/bmw/bmw-r75-6-75.html,50,LOW,NUMBER_MISMATCH
000132,BMW,R nine T /5,R 75/5,https://www.motorcyclespecs.co.za/model/bmw/bmw-r75-69.html,50,LOW,NUMBER_MISMATCH
000132,BMW,R nine T /5,R 75/7,https://www.motorcyclespecs.co.za/model/bmw/bmw-r75-7-76.html,50,LOW,NUMBER_MISMATCH
000132,BMW,R nine T /5,R 75/5,https://www.motorcyclespecs.co.za/model/bmw/bmw_r75-72.html,50,LOW,NUMBER_MISMATCH
000132,BMW,R nine T /5,"R 
		1100GS 75th Anniversary",https://www.motorcyclespecs.co.za/model/bmw/bmw-r1100gs-75th-anniversary.html,49,LOW,NUMBER_MISMATCH
000132,BMW,R nine T /5,"R 
		1100RS 75th Anniversary",https://www.motorcyclespecs.co.za/model/bmw/bmw-r1100rs-75th-anniversary.html,49,LOW,NUMBER_MISMATCH
000132,BMW,R nine T /5,"R 
		1100RT 75th Anniversary",https://www.motorcyclespecs.co.za/model/bmw/bmw-r1100rt-75th-anniversary.html,49,LOW,NUMBER_MISMATCH
000132,BMW,R nine T /5,R 1200RT LC,https://www.motorcyclespecs.co.za/model/bmw/bmw-r1200rt-15.html,49,LOW,NUMBER_MISMATCH
000132,BMW,R nine T /5,R 12 5 0RT Elegance,https://www.motorcyclespecs.co.za/model/bmw/bmw-r1250rt-ela-19.html,49,LOW,NUMBER_MISMATCH
000132,BMW,R nine T /5,R 65 Mono,https://www.motorcyclespecs.co.za/model/bmw/bmw-r65-85.html,49,LOW,NUMBER_MISMATCH
000132,BMW,R nine T /5,R 850R,https://www.motorcyclespecs.co.za/model/bmw/bmw-r850r-94.html,49,LOW,NUMBER_MISMATCH
000132,BMW,R nine T /5,R 850R,https://www.motorcyclespecs.co.za/model/bmw/bmw-r850r-98.html,49,LOW,NUMBER_MISMATCH
000132,BMW,R nine T /5,R 850R,https://www.motorcyclespecs.co.za/model/bmw/bmw-r850r-con-03.html,49,LOW,NUMBER_MISMATCH
000132,BMW,R nine T /5,R 1150R,https://www.motorcyclespecs.co.za/model/bmw/bmw-r1150r-01.html,48,LOW,NUMBER_MISMATCH
000132,BMW,R nine T /5,R 1150R,https://www.motorcyclespecs.co.za/model/bmw/bmw-r1150r-03.html,48,LOW,NUMBER_MISMATCH
000132,BMW,R nine T /5,R 1150R,https://www.motorcyclespecs.co.za/model/bmw/bmw-r1150r-05.html,48,LOW,NUMBER_MISMATCH
000132,BMW,R nine T /5,R 1150R,https://www.motorcyclespecs.co.za/model/bmw/bmw-r1150r.html,48,LOW,NUMBER_MISMATCH
000132,BMW,R nine T /5,"R 1250GS 
		Exclusive",https://www.motorcyclespecs.co.za/model/bmw/bmw-r1250gs-ex-19.html,48,LOW,NUMBER_MISMATCH
000132,BMW,R nine T /5,R 1250R,https://www.motorcyclespecs.co.za/model/bmw/bmw-r1250r-19.html,48,LOW,NUMBER_MISMATCH
000132,BMW,R nine T /5,R 1250R,https://www.motorcyclespecs.co.za/model/bmw/bmw-r1250r-21.html,48,LOW,NUMBER_MISMATCH
000132,BMW,R nine T /5,R 1250R,https://www.motorcyclespecs.co.za/model/bmw/bmw-r1250r-23.html,48,LOW,NUMBER_MISMATCH
000132,BMW,R nine T /5,R 1250R,https://www.motorcyclespecs.co.za/model/bmw/bmw-r1250r_20.html,48,LOW,NUMBER_MISMATCH
000132,BMW,R nine T /5,"R 
		65GS",https://www.motorcyclespecs.co.za/model/bmw/bmw-r65gs.html,48,LOW,NUMBER_MISMATCH
000132,BMW,R nine T /5,R 65LS,https://www.motorcyclespecs.co.za/model/bmw/bmw-r65ls-81.html,48,LOW,NUMBER_MISMATCH
000132,BMW,R nine T /5,R 65RT Mono,https://www.motorcyclespecs.co.za/model/bmw/bmw-r65rt-85.html,48,LOW,NUMBER_MISMATCH
000132,BMW,R nine T /5,R 80RT Mono,https://www.motorcyclespecs.co.za/model/bmw/bmw-r80rt-85.html,48,LOW,NUMBER_MISMATCH
000132,BMW,R nine T /5,R 1150GS,https://www.motorcyclespecs.co.za/model/bmw/bmw-r1150gs-00.html,47,LOW,NUMBER_MISMATCH
000132,BMW,R nine T /5,R 1150GS,https://www.motorcyclespecs.co.za/model/bmw/bmw-r1150gs-01.html,47,LOW,NUMBER_MISMATCH
000132,BMW,R nine T /5,R 1150GS,https://www.motorcyclespecs.co.za/model/bmw/bmw-r1150gs-02.html,47,LOW,NUMBER_MISMATCH
000132,BMW,R nine T /5,R 1150GS,https://www.motorcyclespecs.co.za/model/bmw/bmw-r1150gs-03.html,47,LOW,NUMBER_MISMATCH
000132,BMW,R nine T /5,R 1150GS,https://www.motorcyclespecs.co.za/model/bmw/bmw-r1150gs.html,47,LOW,NUMBER_MISMATCH
000132,BMW,R nine T /5,R 1250GS,https://www.motorcyclespecs.co.za/model/bmw/bmw-r1250gs-19.html,47,LOW,NUMBER_MISMATCH
000132,BMW,R nine T /5,R 1250GS,https://www.motorcyclespecs.co.za/model/bmw/bmw-r1250gs-21.html,47,LOW,NUMBER_MISMATCH
000132,BMW,R nine T /5,R 1250GS HP,https://www.motorcyclespecs.co.za/model/bmw/bmw-r1250gs-hp-19.html,47,LOW,NUMBER_MISMATCH
000132,BMW,R nine T /5,R 50S,https://www.motorcyclespecs.co.za/model/bmw/bmw-r50S-55.html,47,LOW,NUMBER_MISMATCH
000132,BMW,R nine T /5,R 850GS,https://www.motorcyclespecs.co.za/model/bmw/bmw-r850gs-99.html,47,LOW,NUMBER_MISMATCH
000132,BMW,R nine T /5,R 850GS,https://www.motorcyclespecs.co.za/model/bmw/bmw-r850gs.html,47,LOW,NUMBER_MISMATCH
000132,BMW,R nine T /5,"R 
		100RT Classic",https://www.motorcyclespecs.co.za/model/bmw/bmw-r100rt-classic-95.html,46,LOW,NUMBER_MISMATCH
000132,BMW,R nine T /5,R 1150R Rockster Edition 80,https://www.motorcyclespecs.co.za/model/bmw/bmw-r1150r-prototype-03.html,46,LOW,NUMBER_MISMATCH
000132,BMW,R nine T /5,"R 1250GS / 
		Exclusive / HP",https://www.motorcyclespecs.co.za/model/bmw/bmw-r1250gs-20.html,46,LOW,NUMBER_MISMATCH
000132,BMW,R nine T /5,"R 
		1300R Roadster",https://www.motorcyclespecs.co.za/model/bmw/bmw-r1300r-2025.html,46,LOW,NUMBER_MISMATCH
000132,BMW,R nine T /5,R 850C / R 850C Avantgarde,https://www.motorcyclespecs.co.za/model/bmw/bmw-r850c-98.html,46,LOW,NUMBER_MISMATCH
000132,BMW,R nine T /5,"R 100R 
		Classic",https://www.motorcyclespecs.co.za/model/bmw/bmw-r100r-classic-95.html,45,LOW,NUMBER_MISMATCH
000132,BMW,R nine T /5,R 1250GS 40 Years Edition,https://www.motorcyclespecs.co.za/model/bmw/bmw-r1250gs-40th-21.html,45,LOW,NUMBER_MISMATCH
000132,BMW,R nine T /5,R 69,https://www.motorcyclespecs.co.za/model/bmw/bmw-r69-55.html,45,LOW,NUMBER_MISMATCH
000132,BMW,R nine T /5,R 69,https://www.motorcyclespecs.co.za/model/bmw/bmw-r69-57.html,45,LOW,NUMBER_MISMATCH
000132,BMW,R nine T /5,R 12 5 0R T Sport,https://www.motorcyclespecs.co.za/model/bmw/bmw-r1250rt-sp-19.html,44,LOW,NUMBER_MISMATCH
000132,BMW,R nine T /5,"R 
		1300RS",https://www.motorcyclespecs.co.za/model/bmw/bmw-r1300rs-2025.html,44,LOW,NUMBER_MISMATCH
000132,BMW,R nine T /5,R 1150GS Adventure,https://www.motorcyclespecs.co.za/model/bmw/bmw-r1150gs-adven-03.html,43,LOW,NUMBER_MISMATCH
000132,BMW,R nine T /5,R 1150GS Adventure,https://www.motorcyclespecs.co.za/model/bmw/bmw-r1150gs-adven-04.html,43,LOW,NUMBER_MISMATCH
000132,BMW,R nine T /5,R 1150GS Adventure,https://www.motorcyclespecs.co.za/model/bmw/bmw-r1150gs-adven-05.html,43,LOW,NUMBER_MISMATCH
000132,BMW,R nine T /5,R 1150GS Adventure,https://www.motorcyclespecs.co.za/model/bmw/bmw-r1150gs-adven-bub-03.html,43,LOW,NUMBER_MISMATCH
000132,BMW,R nine T /5,R 1150GS Adventure,https://www.motorcyclespecs.co.za/model/bmw/bmw-r1150gs-adven.html,43,LOW,NUMBER_MISMATCH
000132,BMW,R nine T /5,R 1200GS LC,https://www.motorcyclespecs.co.za/model/bmw/bmw-r1200gs-15.html,43,LOW,NUMBER_MISMATCH
000132,BMW,R nine T /5,R 1200RS LC,https://www.motorcyclespecs.co.za/model/bmw/bmw-r1200rs-15.html,43,LOW,NUMBER_MISMATCH
000132,BMW,R nine T /5,"R 
		1250GS Adventure",https://www.motorcyclespecs.co.za/model/bmw/bmw-r1250gs-adven-20.html,43,LOW,NUMBER_MISMATCH
000132,BMW,R nine T /5,"R 
		1250GS Adventure",https://www.motorcyclespecs.co.za/model/bmw/bmw-r1250gs-adven-21.html,43,LOW,NUMBER_MISMATCH
000132,BMW,R nine T /5,"R 
		1250GS Adventure",https://www.motorcyclespecs.co.za/model/bmw/bmw-r250gs_adven-19.html,43,LOW,NUMBER_MISMATCH
000132,BMW,R nine T /5,R 1150GS Adventure Special Edition,https://www.motorcyclespecs.co.za/model/bmw/bmw-r1150gs-adv-spec.html,42,LOW,NUMBER_MISMATCH
000132,BMW,R nine T /5,R 12GS,https://www.motorcyclespecs.co.za/model/bmw/bmw-r12-gs-2025.html,42,LOW,NUMBER_MISMATCH
000132,BMW,R nine T /5,R 1100GS,https://www.motorcyclespecs.co.za/model/bmw/bmw-r1100gs-95.html,41,LOW,NUMBER_MISMATCH
000132,BMW,R nine T /5,R 12 S,https://www.motorcyclespecs.co.za/model/bmw/bmw-r12-ninet-s-2025.html,41,LOW,NUMBER_MISMATCH
000132,BMW,R nine T /5,R 1200CL,https://www.motorcyclespecs.co.za/model/bmw/bmw-r1200cl-05.html,41,LOW,NUMBER_MISMATCH
000132,BMW,R nine T /5,R 1200GS,https://www.motorcyclespecs.co.za/model/bmw/bmw-r1200gs-05.html,41,LOW,NUMBER_MISMATCH
000132,BMW,R nine T /5,"R 
		1200GS LC Adventure",https://www.motorcyclespecs.co.za/model/bmw/bmw-r1200gs-adventure-15.html,41,LOW,NUMBER_MISMATCH
000132,BMW,R nine T /5,R 1200R LC,https://www.motorcyclespecs.co.za/model/bmw/bmw-r1200r-15.html,41,LOW,NUMBER_MISMATCH
000132,BMW,R nine T /5,"R 
		1250GS Adventure 40 Years Edition",https://www.motorcyclespecs.co.za/model/bmw/bmw-r1250gs-adven-40th-21.html,41,LOW,NUMBER_MISMATCH
000133,BMW,R nine T 100 Years,"R nineT 100th 
Anniversary",https://www.motorcyclespecs.co.za/model/bmw/bmw-r-ninet-100th-Anniversary-23.html,75,LOW,REVIEW
000133,BMW,R nine T 100 Years,R 100RS,https://www.motorcyclespecs.co.za/model/bmw/bmw-r100rs-76.html,72,LOW,REVIEW
000133,BMW,R nine T 100 Years,R 100RS,https://www.motorcyclespecs.co.za/model/bmw/bmw-r100rs-77.html,72,LOW,REVIEW
000133,BMW,R nine T 100 Years,R 100RS,https://www.motorcyclespecs.co.za/model/bmw/bmw-r100rs-78.html,72,LOW,REVIEW
000133,BMW,R nine T 100 Years,R 100RS,https://www.motorcyclespecs.co.za/model/bmw/bmw-r100rs-80.html,72,LOW,REVIEW
000133,BMW,R nine T 100 Years,R 100RS,https://www.motorcyclespecs.co.za/model/bmw/bmw-r100rs-82.html,72,LOW,REVIEW
000133,BMW,R nine T 100 Years,R 100RS,https://www.motorcyclespecs.co.za/model/bmw/bmw-r100rs-83.html,72,LOW,REVIEW
000133,BMW,R nine T 100 Years,R 100RS Mono,https://www.motorcyclespecs.co.za/model/bmw/bmw-r100rs-86.html,68,LOW,MODEL_MISMATCH
000133,BMW,R nine T 100 Years,R 100RS Mono,https://www.motorcyclespecs.co.za/model/bmw/bmw-r100rs-90.html,68,LOW,MODEL_MISMATCH
000133,BMW,R nine T 100 Years,R 100GS Paris Dakar,https://www.motorcyclespecs.co.za/model/bmw/bmw-r100gs-pd-88.html,67,LOW,MODEL_MISMATCH
000133,BMW,R nine T 100 Years,R 100GS Paris Dakar,https://www.motorcyclespecs.co.za/model/bmw/bmw-r100gs-pd-89.html,67,LOW,MODEL_MISMATCH
000133,BMW,R nine T 100 Years,R 100GS Paris Dakar,https://www.motorcyclespecs.co.za/model/bmw/bmw-r100gs-pd-93.html,67,LOW,MODEL_MISMATCH
000133,BMW,R nine T 100 Years,R 100RS Turbo,https://www.motorcyclespecs.co.za/model/bmw/bmw-r100rs-turbo.html,67,LOW,MODEL_MISMATCH
000133,BMW,R nine T 100 Years,R 100RT,https://www.motorcyclespecs.co.za/model/bmw/bmw-r100rt-78.html,67,LOW,MODEL_MISMATCH
000133,BMW,R nine T 100 Years,R 100RT,https://www.motorcyclespecs.co.za/model/bmw/bmw-r100rt-80.html,67,LOW,MODEL_MISMATCH
000133,BMW,R nine T 100 Years,R 100RT,https://www.motorcyclespecs.co.za/model/bmw/bmw-r100rt-81.html,67,LOW,MODEL_MISMATCH
000133,BMW,R nine T 100 Years,R 100RT,https://www.motorcyclespecs.co.za/model/bmw/bmw-r100rt-84.html,67,LOW,MODEL_MISMATCH
000133,BMW,R nine T 100 Years,bmw r100gs,https://www.motorcyclespecs.co.za/model/Custom/bmw-r100gs.html,65,LOW,MODEL_MISMATCH
000133,BMW,R nine T 100 Years,R 100CS,https://www.motorcyclespecs.co.za/model/bmw/bmw-r100cs-77.html,65,LOW,MODEL_MISMATCH
000133,BMW,R nine T 100 Years,R 100CS,https://www.motorcyclespecs.co.za/model/bmw/bmw-r100cs-81.html,65,LOW,MODEL_MISMATCH
000133,BMW,R nine T 100 Years,R 100CS,https://www.motorcyclespecs.co.za/model/bmw/bmw-r100cs-82.html,65,LOW,MODEL_MISMATCH
000133,BMW,R nine T 100 Years,R 100GS,https://www.motorcyclespecs.co.za/model/bmw/bmw-r100gs-87.html,65,LOW,MODEL_MISMATCH
000133,BMW,R nine T 100 Years,R 100GS,https://www.motorcyclespecs.co.za/model/bmw/bmw-r100gs-89.html,65,LOW,MODEL_MISMATCH
000133,BMW,R nine T 100 Years,R 100GS,https://www.motorcyclespecs.co.za/model/bmw/bmw-r100gs-90.html,65,LOW,MODEL_MISMATCH
000133,BMW,R nine T 100 Years,R 100GS,https://www.motorcyclespecs.co.za/model/bmw/bmw-r100gs-91.html,65,LOW,MODEL_MISMATCH
000133,BMW,R nine T 100 Years,R 100R Mystic,https://www.motorcyclespecs.co.za/model/bmw/bmw-r100r-mystic-93.html,65,LOW,MODEL_MISMATCH
000133,BMW,R nine T 100 Years,R 100R,https://www.motorcyclespecs.co.za/model/bmw/bmw-r100r-92.html,64,LOW,MODEL_MISMATCH
000133,BMW,R nine T 100 Years,R 100R,https://www.motorcyclespecs.co.za/model/bmw/bmw-r100r-94.html,64,LOW,MODEL_MISMATCH
000133,BMW,R nine T 100 Years,"R 100R 
		Classic",https://www.motorcyclespecs.co.za/model/bmw/bmw-r100r-classic-95.html,64,LOW,MODEL_MISMATCH
000133,BMW,R nine T 100 Years,R 100RT Mono,https://www.motorcyclespecs.co.za/model/bmw/bmw-r100rt-87.html,64,LOW,MODEL_MISMATCH
000133,BMW,R nine T 100 Years,R 100RT Mono,https://www.motorcyclespecs.co.za/model/bmw/bmw-r100rt-90.html,64,LOW,MODEL_MISMATCH
000133,BMW,R nine T 100 Years,"R 
		100RT Classic",https://www.motorcyclespecs.co.za/model/bmw/bmw-r100rt-classic-95.html,64,LOW,MODEL_MISMATCH
000133,BMW,R nine T 100 Years,R 100T,https://www.motorcyclespecs.co.za/model/bmw/bmw-r100t-78.html,64,LOW,MODEL_MISMATCH
000133,BMW,R nine T 100 Years,R 100S,https://www.motorcyclespecs.co.za/model/bmw/bmw-r100s-77.html,63,LOW,MODEL_MISMATCH
000133,BMW,R nine T 100 Years,R 100S,https://www.motorcyclespecs.co.za/model/bmw/bmw-r100s-78.html,63,LOW,MODEL_MISMATCH
000133,BMW,R nine T 100 Years,R 100S,https://www.motorcyclespecs.co.za/model/bmw/bmw-r100s-79.html,63,LOW,MODEL_MISMATCH
000133,BMW,R nine T 100 Years,"R 100GS 
		Paris Dakar Classic",https://www.motorcyclespecs.co.za/model/bmw/bmw-r100gs-pd-classic.html,62,LOW,MODEL_MISMATCH
000133,BMW,R nine T 100 Years,R 100,https://www.motorcyclespecs.co.za/model/bmw/bmw-r100-80.html,61,LOW,MODEL_MISMATCH
000133,BMW,R nine T 100 Years,R 100,https://www.motorcyclespecs.co.za/model/bmw/bmw-r100-82.html,61,LOW,MODEL_MISMATCH
000133,BMW,R nine T 100 Years,R 100GS Bumble Bee,https://www.motorcyclespecs.co.za/model/bmw/bmw-r100gs-88.html,61,LOW,MODEL_MISMATCH
000133,BMW,R nine T 100 Years,R 1100RS,https://www.motorcyclespecs.co.za/model/bmw/bmw-r1100rs-93.html,60,LOW,NUMBER_MISMATCH
000133,BMW,R nine T 100 Years,R 1100RS,https://www.motorcyclespecs.co.za/model/bmw/bmw-r1100rs-94.html,60,LOW,NUMBER_MISMATCH
000133,BMW,R nine T 100 Years,R 1100RS,https://www.motorcyclespecs.co.za/model/bmw/bmw-r1100rs-96.html,60,LOW,NUMBER_MISMATCH
000133,BMW,R nine T 100 Years,R 1100RS,https://www.motorcyclespecs.co.za/model/bmw/bmw-r1100rs-99.html,60,LOW,NUMBER_MISMATCH
000133,BMW,R nine T 100 Years,"R 
		100S Willi Michel Racer",https://www.motorcyclespecs.co.za/model/bmw/bmw-r100s-willi-michel-racer.html,59,LOW,MODEL_MISMATCH
000133,BMW,R nine T 100 Years,"R 100RS 
		Motorsport Special Edition",https://www.motorcyclespecs.co.za/model/bmw/bmw-r100rs-le-78..html,58,LOW,MODEL_MISMATCH
000133,BMW,R nine T 100 Years,R 1100RT,https://www.motorcyclespecs.co.za/model/bmw/bmw-r1100rt-95.html,56,LOW,NUMBER_MISMATCH
000133,BMW,R nine T 100 Years,R 1100RT,https://www.motorcyclespecs.co.za/model/bmw/bmw-r1100rt-97.html,56,LOW,NUMBER_MISMATCH
000133,BMW,R nine T 100 Years,R 1100RT,https://www.motorcyclespecs.co.za/model/bmw/bmw-r1100rt-98.html,56,LOW,NUMBER_MISMATCH
000133,BMW,R nine T 100 Years,R 1100RT,https://www.motorcyclespecs.co.za/model/bmw/bmw-r1100rt-99.html,56,LOW,NUMBER_MISMATCH
000133,BMW,R nine T 100 Years,R 1100GS,https://www.motorcyclespecs.co.za/model/bmw/bmw-r1100gs-94.html,54,LOW,NUMBER_MISMATCH
000133,BMW,R nine T 100 Years,R 1100GS,https://www.motorcyclespecs.co.za/model/bmw/bmw-r1100gs-95.html,54,LOW,NUMBER_MISMATCH
000133,BMW,R nine T 100 Years,R 1100GS,https://www.motorcyclespecs.co.za/model/bmw/bmw-r1100gs-96.html,54,LOW,NUMBER_MISMATCH
000133,BMW,R nine T 100 Years,R 1100GS,https://www.motorcyclespecs.co.za/model/bmw/bmw-r1100gs-97.html,54,LOW,NUMBER_MISMATCH
000133,BMW,R nine T 100 Years,R 1100GS,https://www.motorcyclespecs.co.za/model/bmw/bmw-r1100gs-98.html,54,LOW,NUMBER_MISMATCH
000133,BMW,R nine T 100 Years,"R 
		1100R 75th Anniversary",https://www.motorcyclespecs.co.za/model/bmw/bmw-r1100r-75th-anniversary.html,54,LOW,NUMBER_MISMATCH
000133,BMW,R nine T 100 Years,"R 
		1100RS 75th Anniversary",https://www.motorcyclespecs.co.za/model/bmw/bmw-r1100rs-75th-anniversary.html,54,LOW,NUMBER_MISMATCH
000133,BMW,R nine T 100 Years,"R 18 100th 
		Anniversary",https://www.motorcyclespecs.co.za/model/bmw/bmw-r18-100th-anniversary-23.html,54,LOW,NUMBER_MISMATCH
000133,BMW,R nine T 100 Years,"R 
		1100GS 75th Anniversary",https://www.motorcyclespecs.co.za/model/bmw/bmw-r1100gs-75th-anniversary.html,53,LOW,NUMBER_MISMATCH
000133,BMW,R nine T 100 Years,R 1100R,https://www.motorcyclespecs.co.za/model/bmw/bmw-r1100r-94.html,53,LOW,NUMBER_MISMATCH
000133,BMW,R nine T 100 Years,R 1100R,https://www.motorcyclespecs.co.za/model/bmw/bmw-r1100r-96.html,53,LOW,NUMBER_MISMATCH
000133,BMW,R nine T 100 Years,R 1100R,https://www.motorcyclespecs.co.za/model/bmw/bmw-r1100r-98.html,53,LOW,NUMBER_MISMATCH
000133,BMW,R nine T 100 Years,"R 
		1100RT 75th Anniversary",https://www.motorcyclespecs.co.za/model/bmw/bmw-r1100rt-75th-anniversary.html,53,LOW,NUMBER_MISMATCH
000133,BMW,R nine T 100 Years,R 1100S,https://www.motorcyclespecs.co.za/model/bmw/bmw-r1100s-01.html,52,LOW,NUMBER_MISMATCH
000133,BMW,R nine T 100 Years,R 1100S,https://www.motorcyclespecs.co.za/model/bmw/bmw-r1100s-04.html,52,LOW,NUMBER_MISMATCH
000133,BMW,R nine T 100 Years,R 1100S,https://www.motorcyclespecs.co.za/model/bmw/bmw-r1100s-06.html,52,LOW,NUMBER_MISMATCH
000133,BMW,R nine T 100 Years,R 1100S,https://www.motorcyclespecs.co.za/model/bmw/bmw-r1100s-99.html,52,LOW,NUMBER_MISMATCH
000133,BMW,R nine T 100 Years,R 100/7,https://www.motorcyclespecs.co.za/model/bmw/bmw-r100-7-78.html,50,LOW,NUMBER_MISMATCH
000133,BMW,R nine T 100 Years,"R 
		100/7",https://www.motorcyclespecs.co.za/model/bmw/bmw-r100-7.html,50,LOW,NUMBER_MISMATCH
000133,BMW,R nine T 100 Years,R 1100RR Rally,https://www.motorcyclespecs.co.za/model/bmw/bmw-r1100gs-rally.html,48,LOW,NUMBER_MISMATCH
000133,BMW,R nine T 100 Years,R 1100S Boxer Cup Replica,https://www.motorcyclespecs.co.za/model/bmw/bmw-r1100s-boxer-cup.html,47,LOW,NUMBER_MISMATCH
000133,BMW,R nine T 100 Years,R 1100S Boxer Cup Replica,https://www.motorcyclespecs.co.za/model/bmw/bmw-r1100s-replica-04.html,47,LOW,NUMBER_MISMATCH
000134,BMW,R nine T Pure,R nineT Pure,https://www.motorcyclespecs.co.za/model/bmw/bmw-r-ninet-pure-17.html,95,HIGH,EXACT
000134,BMW,R nine T Pure,R nineT Pure,https://www.motorcyclespecs.co.za/model/bmw/bmw-r-ninet-pure-19.html,95,HIGH,EXACT
000134,BMW,R nine T Pure,R nineT Pure,https://www.motorcyclespecs.co.za/model/bmw/bmw-r-ninet-pure-21.html,95,HIGH,EXACT
000134,BMW,R nine T Pure,R nineT,https://www.motorcyclespecs.co.za/model/bmw/bmw-r-ninet-14.html,81,LOW,REVIEW
000134,BMW,R nine T Pure,R nineT,https://www.motorcyclespecs.co.za/model/bmw/bmw-r-ninet-16.html,81,LOW,REVIEW
000134,BMW,R nine T Pure,R nineT,https://www.motorcyclespecs.co.za/model/bmw/bmw-r-ninet-18.html,81,LOW,REVIEW
000134,BMW,R nine T Pure,R nineT,https://www.motorcyclespecs.co.za/model/bmw/bmw-r-ninet-19.html,81,LOW,REVIEW
000134,BMW,R nine T Pure,R nineT,https://www.motorcyclespecs.co.za/model/bmw/bmw-r-ninet-21.html,81,LOW,REVIEW
000134,BMW,R nine T Pure,R nineT Racer,https://www.motorcyclespecs.co.za/model/bmw/bmw-r-ninet-racer-17.html,80,LOW,REVIEW
000134,BMW,R nine T Pure,R nineT Racer,https://www.motorcyclespecs.co.za/model/bmw/bmw-r-ninet-racer-19.html,80,LOW,REVIEW
000134,BMW,R nine T Pure,R nineT R12,https://www.motorcyclespecs.co.za/model/bmw/bmw-r12-nineT-2023.html,80,LOW,REVIEW
000134,BMW,R nine T Pure,R nineT Scrambler,https://www.motorcyclespecs.co.za/model/bmw/bmw-r-ninet-scrambler-16.html,75,LOW,REVIEW
000134,BMW,R nine T Pure,R nineT Scrambler,https://www.motorcyclespecs.co.za/model/bmw/bmw-r-ninet-scrambler-19.html,75,LOW,REVIEW
000134,BMW,R nine T Pure,R nineT Scrambler,https://www.motorcyclespecs.co.za/model/bmw/bmw-r-ninet-scrambler-20.html,75,LOW,REVIEW
000134,BMW,R nine T Pure,R nineT Scrambler,https://www.motorcyclespecs.co.za/model/bmw/bmw-r-ninet-scrambler-21.html,75,LOW,REVIEW
000134,BMW,R nine T Pure,R nineT Urban G/S,https://www.motorcyclespecs.co.za/model/bmw/bmw-r-ninet-urban-gs-17.html,73,LOW,REVIEW
000134,BMW,R nine T Pure,R nineT Urban G/S,https://www.motorcyclespecs.co.za/model/bmw/bmw-r-ninet-urban-gs-19.html,73,LOW,REVIEW
000134,BMW,R nine T Pure,R nineT Urban G/S,https://www.motorcyclespecs.co.za/model/bmw/bmw-r-ninet-urban-gs-21.html,73,LOW,REVIEW
000134,BMW,R nine T Pure,R nineT Urban G/S,https://www.motorcyclespecs.co.za/model/bmw/bmw-r-ninet-urban-gs-22.html,73,LOW,REVIEW
000134,BMW,R nine T Pure,R nineT Boxer Cup 2-0,https://www.motorcyclespecs.co.za/model/bmw/bmw-r9t-boxer-cup-2-0.html,72,LOW,REVIEW
000134,BMW,R nine T Pure,"R 
		nineT Special Edition",https://www.motorcyclespecs.co.za/model/bmw/bmw-r-ninet-se-16.html,70,LOW,REVIEW
000134,BMW,R nine T Pure,R nineT Concept,https://www.motorcyclespecs.co.za/model/bmw/bmw-ninet-concept.html,69,LOW,MODEL_MISMATCH
000134,BMW,R nine T Pure,"R nineT 100th 
Anniversary",https://www.motorcyclespecs.co.za/model/bmw/bmw-r-ninet-100th-Anniversary-23.html,67,LOW,MODEL_MISMATCH
000134,BMW,R nine T Pure,R 1200C Independent,https://www.motorcyclespecs.co.za/model/bmw/bmw-r1200c-independent-02.html,67,LOW,MODEL_MISMATCH
000134,BMW,R nine T Pure,"R nineT /5 50th 
Anniversary Edition",https://www.motorcyclespecs.co.za/model/bmw/bmw-r-ninet-50th-anniv-19.html,65,LOW,MODEL_MISMATCH
000134,BMW,R nine T Pure,R 100RS Turbo,https://www.motorcyclespecs.co.za/model/bmw/bmw-r100rs-turbo.html,65,LOW,MODEL_MISMATCH
000134,BMW,R nine T Pure,R 12 Cruiser,https://www.motorcyclespecs.co.za/model/bmw/bmw-r12-Cruiser-2024.html,65,LOW,MODEL_MISMATCH
000134,BMW,R nine T Pure,R 18 Transcontinental,https://www.motorcyclespecs.co.za/model/bmw/bmw-r18-transcontinental-22.html,65,LOW,MODEL_MISMATCH
000134,BMW,R nine T Pure,R75 Sidecar,https://www.motorcyclespecs.co.za/model/bmw/bmw-r75-sidecar.html,65,LOW,MODEL_MISMATCH
000134,BMW,R nine T Pure,R 1200RT Fire,https://www.motorcyclespecs.co.za/model/bmw/bmw-r1200rt-fire.html,64,LOW,MODEL_MISMATCH
000134,BMW,R nine T Pure,R nineT Urban G/S 40 Years Edition,https://www.motorcyclespecs.co.za/model/bmw/bmw-r-ninet-urban-gs-40th-21.html,63,LOW,MODEL_MISMATCH
000134,BMW,R nine T Pure,R1 Prototype,https://www.motorcyclespecs.co.za/model/bmw/bmw-r1-prototype.html,63,LOW,MODEL_MISMATCH
000134,BMW,R nine T Pure,R 1200C Aventgarde,https://www.motorcyclespecs.co.za/model/bmw/bmw-r1200c-avantgarde-02.html,63,LOW,MODEL_MISMATCH
000134,BMW,R nine T Pure,"R 1200C 
	Montauk",https://www.motorcyclespecs.co.za/model/bmw/bmw-r1200c-montauk-03.html,63,LOW,MODEL_MISMATCH
000134,BMW,R nine T Pure,"R 
		1200RT Police",https://www.motorcyclespecs.co.za/model/bmw/bmw-r1200rt-police.html,63,LOW,MODEL_MISMATCH
000134,BMW,R nine T Pure,R 68 SDT Special,https://www.motorcyclespecs.co.za/model/bmw/bmw-r68-sdt.html,63,LOW,MODEL_MISMATCH
000134,BMW,R nine T Pure,"R 60/2 with 
		Sidecar",https://www.motorcyclespecs.co.za/model/bmw/bmw-r60-2-sidecar.html,62,LOW,MODEL_MISMATCH
000134,BMW,R nine T Pure,"R 
		67/3 with Sidecar",https://www.motorcyclespecs.co.za/model/bmw/bmw-r67-3.html,62,LOW,MODEL_MISMATCH
000134,BMW,R nine T Pure,R nineT Urban G/S Dakar Hubert Auriol,https://www.motorcyclespecs.co.za/model/bmw/bmw-r-ninet-urban-gs-hubert.html,61,LOW,MODEL_MISMATCH
000134,BMW,R nine T Pure,"R 
		1100R 75th Anniversary",https://www.motorcyclespecs.co.za/model/bmw/bmw-r1100r-75th-anniversary.html,61,LOW,MODEL_MISMATCH
000134,BMW,R nine T Pure,R 1150GS Adventure,https://www.motorcyclespecs.co.za/model/bmw/bmw-r1150gs-adven-03.html,61,LOW,MODEL_MISMATCH
000134,BMW,R nine T Pure,R 1150GS Adventure,https://www.motorcyclespecs.co.za/model/bmw/bmw-r1150gs-adven-04.html,61,LOW,MODEL_MISMATCH
000134,BMW,R nine T Pure,R 1150GS Adventure,https://www.motorcyclespecs.co.za/model/bmw/bmw-r1150gs-adven-05.html,61,LOW,MODEL_MISMATCH
000134,BMW,R nine T Pure,R 1150GS Adventure,https://www.motorcyclespecs.co.za/model/bmw/bmw-r1150gs-adven-bub-03.html,61,LOW,MODEL_MISMATCH
000134,BMW,R nine T Pure,R 1150GS Adventure,https://www.motorcyclespecs.co.za/model/bmw/bmw-r1150gs-adven.html,61,LOW,MODEL_MISMATCH
000134,BMW,R nine T Pure,R 1200GS Adventure,https://www.motorcyclespecs.co.za/model/bmw/bmw-r1200gs-adventure-06.html,61,LOW,MODEL_MISMATCH
000134,BMW,R nine T Pure,R 1200GS Adventure,https://www.motorcyclespecs.co.za/model/bmw/bmw-r1200gs-adventure-07.html,61,LOW,MODEL_MISMATCH
000134,BMW,R nine T Pure,R 1200GS Adventure,https://www.motorcyclespecs.co.za/model/bmw/bmw-r1200gs-adventure-08.html,61,LOW,MODEL_MISMATCH
000134,BMW,R nine T Pure,"R 
		1200GS Adventure",https://www.motorcyclespecs.co.za/model/bmw/bmw-r1200gs-adventure-09.html,61,LOW,MODEL_MISMATCH
000134,BMW,R nine T Pure,R 1200GS Adventure,https://www.motorcyclespecs.co.za/model/bmw/bmw-r1200gs-adventure-10.html,61,LOW,MODEL_MISMATCH
000134,BMW,R nine T Pure,"R 
		1200GS Adventure",https://www.motorcyclespecs.co.za/model/bmw/bmw-r1200gs-adventure-11.html,61,LOW,MODEL_MISMATCH
000134,BMW,R nine T Pure,"R 
		1200GS Adventure",https://www.motorcyclespecs.co.za/model/bmw/bmw-r1200gs-adventure-12.html,61,LOW,MODEL_MISMATCH
000134,BMW,R nine T Pure,"R 
		1200GS Adventure",https://www.motorcyclespecs.co.za/model/bmw/bmw-r1200gs-adventure-13.html,61,LOW,MODEL_MISMATCH
000134,BMW,R nine T Pure,R 1200GS Adventure,https://www.motorcyclespecs.co.za/model/bmw/bmw-r1200gs-adventure-heroes-legend.html,61,LOW,MODEL_MISMATCH
000134,BMW,R nine T Pure,"R 
		1200GS Alpine White Special Version",https://www.motorcyclespecs.co.za/model/bmw/bmw-r1200gs-special-09.html,61,LOW,MODEL_MISMATCH
000134,BMW,R nine T Pure,"R 
		1200R 90th Anniversary",https://www.motorcyclespecs.co.za/model/bmw/bmw-r1200r-90th-ani.html,61,LOW,MODEL_MISMATCH
000134,BMW,R nine T Pure,"R 1250GS / 
		Exclusive / HP",https://www.motorcyclespecs.co.za/model/bmw/bmw-r1250gs-20.html,61,LOW,MODEL_MISMATCH
000134,BMW,R nine T Pure,"R 
		1250GS Adventure",https://www.motorcyclespecs.co.za/model/bmw/bmw-r1250gs-adven-20.html,61,LOW,MODEL_MISMATCH
000134,BMW,R nine T Pure,"R 
		1250GS Adventure",https://www.motorcyclespecs.co.za/model/bmw/bmw-r1250gs-adven-21.html,61,LOW,MODEL_MISMATCH
000134,BMW,R nine T Pure,"R 18 100th 
		Anniversary",https://www.motorcyclespecs.co.za/model/bmw/bmw-r18-100th-anniversary-23.html,61,LOW,MODEL_MISMATCH
000134,BMW,R nine T Pure,"R 
		1250GS Adventure",https://www.motorcyclespecs.co.za/model/bmw/bmw-r250gs_adven-19.html,61,LOW,MODEL_MISMATCH
000134,BMW,R nine T Pure,R 850C / R 850C Avantgarde,https://www.motorcyclespecs.co.za/model/bmw/bmw-r850c-98.html,61,LOW,MODEL_MISMATCH
000134,BMW,R nine T Pure,R20 Concept,https://www.motorcyclespecs.co.za/model/bmw/BMW-R20-Concept-2024.html,60,LOW,MODEL_MISMATCH
000134,BMW,R nine T Pure,"R nineT Scrambler 
Concept Path 22",https://www.motorcyclespecs.co.za/model/bmw/bmw-concept-ninet-parth-22.html,60,LOW,MODEL_MISMATCH
000134,BMW,R nine T Pure,"R 
		1100GS 75th Anniversary",https://www.motorcyclespecs.co.za/model/bmw/bmw-r1100gs-75th-anniversary.html,60,LOW,MODEL_MISMATCH
000134,BMW,R nine T Pure,"R 
		1100RS 75th Anniversary",https://www.motorcyclespecs.co.za/model/bmw/bmw-r1100rs-75th-anniversary.html,60,LOW,MODEL_MISMATCH
000134,BMW,R nine T Pure,"R 
		1100RT 75th Anniversary",https://www.motorcyclespecs.co.za/model/bmw/bmw-r1100rt-75th-anniversary.html,60,LOW,MODEL_MISMATCH
000134,BMW,R nine T Pure,R 12 Roadster,https://www.motorcyclespecs.co.za/model/bmw/bmw-r12-nineT-2024.html,60,LOW,MODEL_MISMATCH
000134,BMW,R nine T Pure,"R 
		1200GS LC Adventure",https://www.motorcyclespecs.co.za/model/bmw/bmw-r1200gs-adventure-14.html,60,LOW,MODEL_MISMATCH
000134,BMW,R nine T Pure,"R 
		1200GS LC Adventure",https://www.motorcyclespecs.co.za/model/bmw/bmw-r1200gs-adventure-15.html,60,LOW,MODEL_MISMATCH
000134,BMW,R nine T Pure,"R 
		1200GS LC Adventure",https://www.motorcyclespecs.co.za/model/bmw/bmw-r1200gs-adventure-16.html,60,LOW,MODEL_MISMATCH
000134,BMW,R nine T Pure,"R 1200GS 
		LC Adventure",https://www.motorcyclespecs.co.za/model/bmw/bmw-r1200gs-adventure-18.html,60,LOW,MODEL_MISMATCH
000134,BMW,R nine T Pure,"R 
		1200GS 30th Anniversary Special",https://www.motorcyclespecs.co.za/model/bmw/bmw-r1200gs-special-10.html,60,LOW,MODEL_MISMATCH
000134,BMW,R nine T Pure,R 1200RT 90th Anniversary,https://www.motorcyclespecs.co.za/model/bmw/bmw-r1200rt-90th-anniversary.html,60,LOW,MODEL_MISMATCH
000134,BMW,R nine T Pure,"R 1250GS 
		Exclusive",https://www.motorcyclespecs.co.za/model/bmw/bmw-r1250gs-ex-19.html,60,LOW,MODEL_MISMATCH
000134,BMW,R nine T Pure,R 18 Roctane,https://www.motorcyclespecs.co.za/model/bmw/bmw-r18-roctane-2023.html,60,LOW,MODEL_MISMATCH
000134,BMW,R nine T Pure,R 100T,https://www.motorcyclespecs.co.za/model/bmw/bmw-r100t-78.html,59,LOW,MODEL_MISMATCH
000134,BMW,R nine T Pure,R 1200GS LC TE Exclusive,https://www.motorcyclespecs.co.za/model/bmw/bmw-r1200gs-ex-17.html,59,LOW,MODEL_MISMATCH
000134,BMW,R nine T Pure,R 1200GS LC TE Exclusive,https://www.motorcyclespecs.co.za/model/bmw/bmw-r1200gs-ex-18.html,59,LOW,MODEL_MISMATCH
000134,BMW,R nine T Pure,"R 
		1200GS Rallye",https://www.motorcyclespecs.co.za/model/bmw/bmw-r1200gs-rally-12.html,59,LOW,MODEL_MISMATCH
000134,BMW,R nine T Pure,"R 1200R ""Dark White"" Special Edition",https://www.motorcyclespecs.co.za/model/bmw/bmw-r1200r-dark.html,59,LOW,MODEL_MISMATCH
000134,BMW,R nine T Pure,"R 1200ST Limited 
		Edition",https://www.motorcyclespecs.co.za/model/bmw/bmw-r1200st-le-07.html,59,LOW,MODEL_MISMATCH
000134,BMW,R nine T Pure,R 1250GS 40 Years Edition,https://www.motorcyclespecs.co.za/model/bmw/bmw-r1250gs-40th-21.html,59,LOW,MODEL_MISMATCH
000134,BMW,R nine T Pure,"R 
		50US",https://www.motorcyclespecs.co.za/model/bmw/bmw-r50us.html,59,LOW,MODEL_MISMATCH
000134,BMW,R nine T Pure,R 60US,https://www.motorcyclespecs.co.za/model/bmw/bmw-r60-us.html,59,LOW,MODEL_MISMATCH
000134,BMW,R nine T Pure,"R 
		69US",https://www.motorcyclespecs.co.za/model/bmw/bmw-r69.html,59,LOW,MODEL_MISMATCH
000134,BMW,R nine T Pure,R 80RT,https://www.motorcyclespecs.co.za/model/bmw/bmw-r80rt-82.html,59,LOW,MODEL_MISMATCH
000134,BMW,R nine T Pure,R 80ST,https://www.motorcyclespecs.co.za/model/bmw/bmw-r80st-82.html,59,LOW,MODEL_MISMATCH
000134,BMW,R nine T Pure,R 80ST,https://www.motorcyclespecs.co.za/model/bmw/bmw-r80st-83.html,59,LOW,MODEL_MISMATCH
000134,BMW,R nine T Pure,R 80RT,https://www.motorcyclespecs.co.za/model/bmw/bmw-r80t-81.html,59,LOW,MODEL_MISMATCH
000134,BMW,R nine T Pure,R 100GS Bumble Bee,https://www.motorcyclespecs.co.za/model/bmw/bmw-r100gs-88.html,58,LOW,MODEL_MISMATCH
000134,BMW,R nine T Pure,R 100GS Paris Dakar,https://www.motorcyclespecs.co.za/model/bmw/bmw-r100gs-pd-88.html,58,LOW,MODEL_MISMATCH
000134,BMW,R nine T Pure,R 100GS Paris Dakar,https://www.motorcyclespecs.co.za/model/bmw/bmw-r100gs-pd-89.html,58,LOW,MODEL_MISMATCH
000134,BMW,R nine T Pure,R 100GS Paris Dakar,https://www.motorcyclespecs.co.za/model/bmw/bmw-r100gs-pd-93.html,58,LOW,MODEL_MISMATCH
000134,BMW,R nine T Pure,R 100RS,https://www.motorcyclespecs.co.za/model/bmw/bmw-r100rs-76.html,58,LOW,MODEL_MISMATCH
000134,BMW,R nine T Pure,R 100RS,https://www.motorcyclespecs.co.za/model/bmw/bmw-r100rs-77.html,58,LOW,MODEL_MISMATCH
000134,BMW,R nine T Pure,R 100RS,https://www.motorcyclespecs.co.za/model/bmw/bmw-r100rs-78.html,58,LOW,MODEL_MISMATCH
000134,BMW,R nine T Pure,R 100RS,https://www.motorcyclespecs.co.za/model/bmw/bmw-r100rs-80.html,58,LOW,MODEL_MISMATCH
000134,BMW,R nine T Pure,R 100RS,https://www.motorcyclespecs.co.za/model/bmw/bmw-r100rs-82.html,58,LOW,MODEL_MISMATCH
000134,BMW,R nine T Pure,R 100RS,https://www.motorcyclespecs.co.za/model/bmw/bmw-r100rs-83.html,58,LOW,MODEL_MISMATCH
000134,BMW,R nine T Pure,R 100RT,https://www.motorcyclespecs.co.za/model/bmw/bmw-r100rt-78.html,58,LOW,MODEL_MISMATCH
000134,BMW,R nine T Pure,R 100RT,https://www.motorcyclespecs.co.za/model/bmw/bmw-r100rt-80.html,58,LOW,MODEL_MISMATCH
000134,BMW,R nine T Pure,R 100RT,https://www.motorcyclespecs.co.za/model/bmw/bmw-r100rt-81.html,58,LOW,MODEL_MISMATCH
000134,BMW,R nine T Pure,R 100RT,https://www.motorcyclespecs.co.za/model/bmw/bmw-r100rt-84.html,58,LOW,MODEL_MISMATCH
000134,BMW,R nine T Pure,R 1100RS,https://www.motorcyclespecs.co.za/model/bmw/bmw-r1100rs-93.html,58,LOW,MODEL_MISMATCH
000134,BMW,R nine T Pure,R 1100RS,https://www.motorcyclespecs.co.za/model/bmw/bmw-r1100rs-94.html,58,LOW,MODEL_MISMATCH
000134,BMW,R nine T Pure,R 1100RS,https://www.motorcyclespecs.co.za/model/bmw/bmw-r1100rs-96.html,58,LOW,MODEL_MISMATCH
000134,BMW,R nine T Pure,R 1100RS,https://www.motorcyclespecs.co.za/model/bmw/bmw-r1100rs-99.html,58,LOW,MODEL_MISMATCH
000134,BMW,R nine T Pure,R 1100RT,https://www.motorcyclespecs.co.za/model/bmw/bmw-r1100rt-95.html,58,LOW,MODEL_MISMATCH
000134,BMW,R nine T Pure,R 1100RT,https://www.motorcyclespecs.co.za/model/bmw/bmw-r1100rt-97.html,58,LOW,MODEL_MISMATCH
000134,BMW,R nine T Pure,R 1100RT,https://www.motorcyclespecs.co.za/model/bmw/bmw-r1100rt-98.html,58,LOW,MODEL_MISMATCH
000134,BMW,R nine T Pure,R 1100RT,https://www.motorcyclespecs.co.za/model/bmw/bmw-r1100rt-99.html,58,LOW,MODEL_MISMATCH
000134,BMW,R nine T Pure,R 1150R Rockster Edition 80,https://www.motorcyclespecs.co.za/model/bmw/bmw-r1150r-prototype-03.html,58,LOW,MODEL_MISMATCH
000134,BMW,R nine T Pure,R 1150RS,https://www.motorcyclespecs.co.za/model/bmw/bmw-r1150rs-02.html,58,LOW,MODEL_MISMATCH
000134,BMW,R nine T Pure,R 1150RS,https://www.motorcyclespecs.co.za/model/bmw/bmw-r1150rs.html,58,LOW,MODEL_MISMATCH
000134,BMW,R nine T Pure,R 1150RT,https://www.motorcyclespecs.co.za/model/bmw/bmw-r1150rt-03.html,58,LOW,MODEL_MISMATCH
000134,BMW,R nine T Pure,R 1150RT,https://www.motorcyclespecs.co.za/model/bmw/bmw-r1150rt.html,58,LOW,MODEL_MISMATCH
000134,BMW,R nine T Pure,R 1200GS LC Rallye,https://www.motorcyclespecs.co.za/model/bmw/bmw-r1200gs-17.html,58,LOW,MODEL_MISMATCH
000134,BMW,R nine T Pure,"R 
		1200GS Triple Black Special Edition",https://www.motorcyclespecs.co.za/model/bmw/bmw-r1200gs-black-11.html,58,LOW,MODEL_MISMATCH
000134,BMW,R nine T Pure,R 1200GS LC Iconic Limited Edition,https://www.motorcyclespecs.co.za/model/bmw/bmw-r1200gs-iconic.html,58,LOW,MODEL_MISMATCH
000134,BMW,R nine T Pure,R 1200GS LC Rallye,https://www.motorcyclespecs.co.za/model/bmw/bmw-r1200gs-rally-18.html,58,LOW,MODEL_MISMATCH
000134,BMW,R nine T Pure,"R 1200RS LC Iconic 
		Limited Edition",https://www.motorcyclespecs.co.za/model/bmw/bmw-r1200rs-lc-iconic-16.html,58,LOW,MODEL_MISMATCH
000134,BMW,R nine T Pure,R 1200RT,https://www.motorcyclespecs.co.za/model/bmw/bmw-r1200rt-05.html,58,LOW,MODEL_MISMATCH
000134,BMW,R nine T Pure,R 1200RT,https://www.motorcyclespecs.co.za/model/bmw/bmw-r1200rt-06.html,58,LOW,MODEL_MISMATCH
000134,BMW,R nine T Pure,R 1200RT,https://www.motorcyclespecs.co.za/model/bmw/bmw-r1200rt-07.html,58,LOW,MODEL_MISMATCH
000134,BMW,R nine T Pure,R 1200RT,https://www.motorcyclespecs.co.za/model/bmw/bmw-r1200rt-08.html,58,LOW,MODEL_MISMATCH
000134,BMW,R nine T Pure,R 1200RT,https://www.motorcyclespecs.co.za/model/bmw/bmw-r1200rt-09.html,58,LOW,MODEL_MISMATCH
000134,BMW,R nine T Pure,R 1200RT,https://www.motorcyclespecs.co.za/model/bmw/bmw-r1200rt-10.html,58,LOW,MODEL_MISMATCH
000134,BMW,R nine T Pure,R 1200RT,https://www.motorcyclespecs.co.za/model/bmw/bmw-r1200rt-11.html,58,LOW,MODEL_MISMATCH
000134,BMW,R nine T Pure,R 1200RT,https://www.motorcyclespecs.co.za/model/bmw/bmw-r1200rt-12.html,58,LOW,MODEL_MISMATCH
000134,BMW,R nine T Pure,R 1200RT,https://www.motorcyclespecs.co.za/model/bmw/bmw-r1200rt-13.html,58,LOW,MODEL_MISMATCH
000134,BMW,R nine T Pure,"R 1200RT LC Iconic 
		Limited Edition",https://www.motorcyclespecs.co.za/model/bmw/bmw-r1200rt-iconic-16.html,58,LOW,MODEL_MISMATCH
000134,BMW,R nine T Pure,R 1200ST,https://www.motorcyclespecs.co.za/model/bmw/bmw-r1200st-05.html,58,LOW,MODEL_MISMATCH
000134,BMW,R nine T Pure,R 1200ST,https://www.motorcyclespecs.co.za/model/bmw/bmw-r1200st-06.html,58,LOW,MODEL_MISMATCH
000134,BMW,R nine T Pure,R 1200ST,https://www.motorcyclespecs.co.za/model/bmw/bmw-r1200st-07.html,58,LOW,MODEL_MISMATCH
000134,BMW,R nine T Pure,R 1250RS,https://www.motorcyclespecs.co.za/model/bmw/bmw-r1250rs-19.html,58,LOW,MODEL_MISMATCH
000134,BMW,R nine T Pure,R 1250RS,https://www.motorcyclespecs.co.za/model/bmw/bmw-r1250rs-20.html,58,LOW,MODEL_MISMATCH
000134,BMW,R nine T Pure,R 1250RS,https://www.motorcyclespecs.co.za/model/bmw/bmw-r1250rs-21.html,58,LOW,MODEL_MISMATCH
000134,BMW,R nine T Pure,R 1250RS,https://www.motorcyclespecs.co.za/model/bmw/bmw-r1250rs-22.html,58,LOW,MODEL_MISMATCH
000134,BMW,R nine T Pure,R 1250RS,https://www.motorcyclespecs.co.za/model/bmw/bmw-r1250rs-23.html,58,LOW,MODEL_MISMATCH
000134,BMW,R nine T Pure,R 12 5 0RT,https://www.motorcyclespecs.co.za/model/bmw/bmw-r1250rt-19.html,58,LOW,MODEL_MISMATCH
000134,BMW,R nine T Pure,R 1250RT,https://www.motorcyclespecs.co.za/model/bmw/bmw-r1250rt-20.html,58,LOW,MODEL_MISMATCH
000134,BMW,R nine T Pure,R 1250RS,https://www.motorcyclespecs.co.za/model/bmw/bmw-r1250rt-21.html,58,LOW,MODEL_MISMATCH
000134,BMW,R nine T Pure,R 1250RT,https://www.motorcyclespecs.co.za/model/bmw/bmw-r1250rt-22.html,58,LOW,MODEL_MISMATCH
000134,BMW,R nine T Pure,R 12 5 0RT Elegance,https://www.motorcyclespecs.co.za/model/bmw/bmw-r1250rt-ela-19.html,58,LOW,MODEL_MISMATCH
000134,BMW,R nine T Pure,"R 
		1300R Roadster",https://www.motorcyclespecs.co.za/model/bmw/bmw-r1300r-2025.html,58,LOW,MODEL_MISMATCH
000134,BMW,R nine T Pure,"R 
		1300RS",https://www.motorcyclespecs.co.za/model/bmw/bmw-r1300rs-2025.html,58,LOW,MODEL_MISMATCH
000134,BMW,R nine T Pure,"R 
		1300RS",https://www.motorcyclespecs.co.za/model/bmw/bmw-r1300rs-2027.html,58,LOW,MODEL_MISMATCH
000134,BMW,R nine T Pure,R 1300RT,https://www.motorcyclespecs.co.za/model/bmw/bmw-r1300rt-2025.html,58,LOW,MODEL_MISMATCH
000134,BMW,R nine T Pure,"R 18 Classic 
		First Edition",https://www.motorcyclespecs.co.za/model/bmw/bmw-r18-classic-first-edition-21.html,58,LOW,MODEL_MISMATCH
000134,BMW,R nine T Pure,R 850RT,https://www.motorcyclespecs.co.za/model/bmw/bmw-r850rt-02.html,58,LOW,MODEL_MISMATCH
000134,BMW,R nine T Pure,"R 
		850RT",https://www.motorcyclespecs.co.za/model/bmw/bmw-r850rt.html,58,LOW,MODEL_MISMATCH
000134,BMW,R nine T Pure,R 100RS Mono,https://www.motorcyclespecs.co.za/model/bmw/bmw-r100rs-86.html,57,LOW,MODEL_MISMATCH
000134,BMW,R nine T Pure,R 100RS Mono,https://www.motorcyclespecs.co.za/model/bmw/bmw-r100rs-90.html,57,LOW,MODEL_MISMATCH
000134,BMW,R nine T Pure,"R 100RS 
		Motorsport Special Edition",https://www.motorcyclespecs.co.za/model/bmw/bmw-r100rs-le-78..html,57,LOW,MODEL_MISMATCH
000134,BMW,R nine T Pure,R 100RT Mono,https://www.motorcyclespecs.co.za/model/bmw/bmw-r100rt-87.html,57,LOW,MODEL_MISMATCH
000134,BMW,R nine T Pure,R 100RT Mono,https://www.motorcyclespecs.co.za/model/bmw/bmw-r100rt-90.html,57,LOW,MODEL_MISMATCH
000134,BMW,R nine T Pure,R 1200GS LC Triple Black Special Edition,https://www.motorcyclespecs.co.za/model/bmw/bmw-r1200gs-lc-triole-black.html,57,LOW,MODEL_MISMATCH
000134,BMW,R nine T Pure,"R 1200R LC 
		Black Edition (Italy only)",https://www.motorcyclespecs.co.za/model/bmw/bmw-r1200r-black-17.html,57,LOW,MODEL_MISMATCH
000134,BMW,R nine T Pure,"R 
		1200R Touring Special",https://www.motorcyclespecs.co.za/model/bmw/bmw-r1200r-special-10.html,57,LOW,MODEL_MISMATCH
000134,BMW,R nine T Pure,R 1200RT Touring Special,https://www.motorcyclespecs.co.za/model/bmw/bmw-r1200rt-se-09.html,57,LOW,MODEL_MISMATCH
000134,BMW,R nine T Pure,R 12 5 0R T Sport,https://www.motorcyclespecs.co.za/model/bmw/bmw-r1250rt-sp-19.html,57,LOW,MODEL_MISMATCH
000134,BMW,R nine T Pure,R 65 Mono,https://www.motorcyclespecs.co.za/model/bmw/bmw-r65-85.html,57,LOW,MODEL_MISMATCH
000134,BMW,R nine T Pure,R 65RT Mono,https://www.motorcyclespecs.co.za/model/bmw/bmw-r65rt-85.html,57,LOW,MODEL_MISMATCH
000134,BMW,R nine T Pure,R 80 Mono,https://www.motorcyclespecs.co.za/model/bmw/bmw-r80-84.html,57,LOW,MODEL_MISMATCH
000134,BMW,R nine T Pure,"R 80GS 
		Basic",https://www.motorcyclespecs.co.za/model/bmw/bmw-r80gs-basic-97.html,57,LOW,MODEL_MISMATCH
000134,BMW,R nine T Pure,R 80R,https://www.motorcyclespecs.co.za/model/bmw/bmw-r80r-91.html,57,LOW,MODEL_MISMATCH
000134,BMW,R nine T Pure,R 80RT Mono,https://www.motorcyclespecs.co.za/model/bmw/bmw-r80rt-85.html,57,LOW,MODEL_MISMATCH
000134,BMW,R nine T Pure,R 100R,https://www.motorcyclespecs.co.za/model/bmw/bmw-r100r-92.html,56,LOW,MODEL_MISMATCH
000134,BMW,R nine T Pure,R 100R,https://www.motorcyclespecs.co.za/model/bmw/bmw-r100r-94.html,56,LOW,MODEL_MISMATCH
000134,BMW,R nine T Pure,"R 
		100S Willi Michel Racer",https://www.motorcyclespecs.co.za/model/bmw/bmw-r100s-willi-michel-racer.html,56,LOW,MODEL_MISMATCH
000134,BMW,R nine T Pure,R 1100S Boxer Cup Replica,https://www.motorcyclespecs.co.za/model/bmw/bmw-r1100s-boxer-cup.html,56,LOW,MODEL_MISMATCH
000134,BMW,R nine T Pure,R 1100S Boxer Cup Replica,https://www.motorcyclespecs.co.za/model/bmw/bmw-r1100s-replica-04.html,56,LOW,MODEL_MISMATCH
000134,BMW,R nine T Pure,R 1200GS Tom Luthi Limited Edition,https://www.motorcyclespecs.co.za/model/bmw/bmw-r1200gs-Luthi-ie.html,56,LOW,MODEL_MISMATCH
000134,BMW,R nine T Pure,R 1200RS LC,https://www.motorcyclespecs.co.za/model/bmw/bmw-r1200rs-15.html,56,LOW,MODEL_MISMATCH
000134,BMW,R nine T Pure,R 1200RS LC,https://www.motorcyclespecs.co.za/model/bmw/bmw-r1200rs-16.html,56,LOW,MODEL_MISMATCH
000134,BMW,R nine T Pure,R 1200RS LC,https://www.motorcyclespecs.co.za/model/bmw/bmw-r1200rs-17.html,56,LOW,MODEL_MISMATCH
000134,BMW,R nine T Pure,R 1200RS LC,https://www.motorcyclespecs.co.za/model/bmw/bmw-r1200rs-18.html,56,LOW,MODEL_MISMATCH
000134,BMW,R nine T Pure,R 1200RT LC,https://www.motorcyclespecs.co.za/model/bmw/bmw-r1200rt-14.html,56,LOW,MODEL_MISMATCH
000134,BMW,R nine T Pure,R 1200RT LC,https://www.motorcyclespecs.co.za/model/bmw/bmw-r1200rt-15.html,56,LOW,MODEL_MISMATCH
000134,BMW,R nine T Pure,R 1200RT LC,https://www.motorcyclespecs.co.za/model/bmw/bmw-r1200rt-16.html,56,LOW,MODEL_MISMATCH
000134,BMW,R nine T Pure,R 1200RT LC,https://www.motorcyclespecs.co.za/model/bmw/bmw-r1200rt-17.html,56,LOW,MODEL_MISMATCH
000134,BMW,R nine T Pure,R 1200RT LC,https://www.motorcyclespecs.co.za/model/bmw/bmw-r1200rt-18.html,56,LOW,MODEL_MISMATCH
000134,BMW,R nine T Pure,R 1250GS HP,https://www.motorcyclespecs.co.za/model/bmw/bmw-r1250gs-hp-19.html,56,LOW,MODEL_MISMATCH
000134,BMW,R nine T Pure,"R 
		1300R Superhooligan",https://www.motorcyclespecs.co.za/model/bmw/bmw-r1300r-superhooligan-2026.html,56,LOW,MODEL_MISMATCH
000134,BMW,R nine T Pure,R 18 Classic,https://www.motorcyclespecs.co.za/model/bmw/bmw-r18-classic-21.html,56,LOW,MODEL_MISMATCH
000134,BMW,R nine T Pure,R 18 Classic,https://www.motorcyclespecs.co.za/model/bmw/bmw-r18-classic-22.html,56,LOW,MODEL_MISMATCH
000134,BMW,R nine T Pure,R 850R,https://www.motorcyclespecs.co.za/model/bmw/bmw-r850r-94.html,56,LOW,MODEL_MISMATCH
000134,BMW,R nine T Pure,R 850R,https://www.motorcyclespecs.co.za/model/bmw/bmw-r850r-98.html,56,LOW,MODEL_MISMATCH
000134,BMW,R nine T Pure,R 850R,https://www.motorcyclespecs.co.za/model/bmw/bmw-r850r-con-03.html,56,LOW,MODEL_MISMATCH
000134,BMW,R nine T Pure,"R 100GS 
		Paris Dakar Classic",https://www.motorcyclespecs.co.za/model/bmw/bmw-r100gs-pd-classic.html,55,LOW,MODEL_MISMATCH
000134,BMW,R nine T Pure,"R 100R 
		Classic",https://www.motorcyclespecs.co.za/model/bmw/bmw-r100r-classic-95.html,55,LOW,MODEL_MISMATCH
000134,BMW,R nine T Pure,R 100R Mystic,https://www.motorcyclespecs.co.za/model/bmw/bmw-r100r-mystic-93.html,55,LOW,MODEL_MISMATCH
000134,BMW,R nine T Pure,R 1100R,https://www.motorcyclespecs.co.za/model/bmw/bmw-r1100r-94.html,55,LOW,MODEL_MISMATCH
000134,BMW,R nine T Pure,R 1100R,https://www.motorcyclespecs.co.za/model/bmw/bmw-r1100r-96.html,55,LOW,MODEL_MISMATCH
000134,BMW,R nine T Pure,R 1100R,https://www.motorcyclespecs.co.za/model/bmw/bmw-r1100r-98.html,55,LOW,MODEL_MISMATCH
000134,BMW,R nine T Pure,R 1150GS Adventure Special Edition,https://www.motorcyclespecs.co.za/model/bmw/bmw-r1150gs-adv-spec.html,55,LOW,MODEL_MISMATCH
000134,BMW,R nine T Pure,R 1150R,https://www.motorcyclespecs.co.za/model/bmw/bmw-r1150r-01.html,55,LOW,MODEL_MISMATCH
000134,BMW,R nine T Pure,R 1150R,https://www.motorcyclespecs.co.za/model/bmw/bmw-r1150r-03.html,55,LOW,MODEL_MISMATCH
000134,BMW,R nine T Pure,R 1150R,https://www.motorcyclespecs.co.za/model/bmw/bmw-r1150r-05.html,55,LOW,MODEL_MISMATCH
000134,BMW,R nine T Pure,R 1150R,https://www.motorcyclespecs.co.za/model/bmw/bmw-r1150r.html,55,LOW,MODEL_MISMATCH
000134,BMW,R nine T Pure,R 1200GS Adventure Triple Black,https://www.motorcyclespecs.co.za/model/bmw/bmw-r1200gs-adventure-black.html,55,LOW,MODEL_MISMATCH
000134,BMW,R nine T Pure,R 1200R,https://www.motorcyclespecs.co.za/model/bmw/bmw-r1200r-07.html,55,LOW,MODEL_MISMATCH
000134,BMW,R nine T Pure,R 1200R,https://www.motorcyclespecs.co.za/model/bmw/bmw-r1200r-08.html,55,LOW,MODEL_MISMATCH
000134,BMW,R nine T Pure,R 1200R,https://www.motorcyclespecs.co.za/model/bmw/bmw-r1200r-09.html,55,LOW,MODEL_MISMATCH
000134,BMW,R nine T Pure,R 1200R,https://www.motorcyclespecs.co.za/model/bmw/bmw-r1200r-10.html,55,LOW,MODEL_MISMATCH
000134,BMW,R nine T Pure,R 1200R,https://www.motorcyclespecs.co.za/model/bmw/bmw-r1200r-11.html,55,LOW,MODEL_MISMATCH
000134,BMW,R nine T Pure,R 1200R,https://www.motorcyclespecs.co.za/model/bmw/bmw-r1200r-12.html,55,LOW,MODEL_MISMATCH
000134,BMW,R nine T Pure,R 1200R,https://www.motorcyclespecs.co.za/model/bmw/bmw-r1200r-13.html,55,LOW,MODEL_MISMATCH
000134,BMW,R nine T Pure,R 1200R,https://www.motorcyclespecs.co.za/model/bmw/bmw-r1200r-14.html,55,LOW,MODEL_MISMATCH
000134,BMW,R nine T Pure,R 1200R LC,https://www.motorcyclespecs.co.za/model/bmw/bmw-r1200r-15.html,55,LOW,MODEL_MISMATCH
000134,BMW,R nine T Pure,R 1200R LC,https://www.motorcyclespecs.co.za/model/bmw/bmw-r1200r-16.html,55,LOW,MODEL_MISMATCH
000134,BMW,R nine T Pure,R 1200R LC,https://www.motorcyclespecs.co.za/model/bmw/bmw-r1200r-17.html,55,LOW,MODEL_MISMATCH
000134,BMW,R nine T Pure,R 1200R LC,https://www.motorcyclespecs.co.za/model/bmw/bmw-r1200r-18.html,55,LOW,MODEL_MISMATCH
000134,BMW,R nine T Pure,"R 
		1250GS Adventure 40 Years Edition",https://www.motorcyclespecs.co.za/model/bmw/bmw-r1250gs-adven-40th-21.html,55,LOW,MODEL_MISMATCH
000134,BMW,R nine T Pure,R 1250R,https://www.motorcyclespecs.co.za/model/bmw/bmw-r1250r-19.html,55,LOW,MODEL_MISMATCH
000134,BMW,R nine T Pure,R 1250R,https://www.motorcyclespecs.co.za/model/bmw/bmw-r1250r-21.html,55,LOW,MODEL_MISMATCH
000134,BMW,R nine T Pure,R 1250R,https://www.motorcyclespecs.co.za/model/bmw/bmw-r1250r-23.html,55,LOW,MODEL_MISMATCH
000134,BMW,R nine T Pure,R 1250R,https://www.motorcyclespecs.co.za/model/bmw/bmw-r1250r_20.html,55,LOW,MODEL_MISMATCH
000134,BMW,R nine T Pure,"R 1300GS 
		Adventure/Trophy/Triple Black",https://www.motorcyclespecs.co.za/model/bmw/bmw-r1300gs-adventure-2024.html,55,LOW,MODEL_MISMATCH
000134,BMW,R nine T Pure,R 80G/S Prototype,https://www.motorcyclespecs.co.za/model/bmw/bmw-r80gs-prototype.html,55,LOW,MODEL_MISMATCH
000134,BMW,R nine T Pure,"R 
		100RT Classic",https://www.motorcyclespecs.co.za/model/bmw/bmw-r100rt-classic-95.html,54,LOW,MODEL_MISMATCH
000134,BMW,R nine T Pure,"R 1200GS 
		LC Adventure Black Edition",https://www.motorcyclespecs.co.za/model/bmw/bmw-r1200gs-adventure-black-18.html,54,LOW,MODEL_MISMATCH
000134,BMW,R nine T Pure,"R 1200GS 
		LC Adventure Triple Black",https://www.motorcyclespecs.co.za/model/bmw/bmw-r1200gs-adventure-triple-black.html,54,LOW,MODEL_MISMATCH
000134,BMW,R nine T Pure,"R 
		1200R Classic",https://www.motorcyclespecs.co.za/model/bmw/bmw-r1200r-classic-11.html,54,LOW,MODEL_MISMATCH
000134,BMW,R nine T Pure,"R 
		1200R Classic",https://www.motorcyclespecs.co.za/model/bmw/bmw-r1200r-classic-12.html,54,LOW,MODEL_MISMATCH
000134,BMW,R nine T Pure,"R 1300GS 
		Adventure Dark (France only)",https://www.motorcyclespecs.co.za/model/bmw/bmw-r1300gs-adventure-dark-2026.html,54,LOW,MODEL_MISMATCH
000134,BMW,R nine T Pure,R 80GS Kalahari,https://www.motorcyclespecs.co.za/model/bmw/bmw-r80gs-kalahari.html,54,LOW,MODEL_MISMATCH
000134,BMW,R nine T Pure,R 1200GS Adventure 90th Anniversary Special,https://www.motorcyclespecs.co.za/model/bmw/bmw-r1200gs-90th-anniversary.html,53,LOW,MODEL_MISMATCH
000134,BMW,R nine T Pure,R 1200GS LC Adventure Iconic Limited Edition,https://www.motorcyclespecs.co.za/model/bmw/bmw-r1200gs-adventure-iconic-16.html,53,LOW,MODEL_MISMATCH
000134,BMW,R nine T Pure,R 1200GS Adventure Long Way Down Replicas,https://www.motorcyclespecs.co.za/model/bmw/bmw-r1200gs-adventure-long-way.html,53,LOW,MODEL_MISMATCH
000134,BMW,R nine T Pure,R 1200GS Adventure 30th Anniversary Special,https://www.motorcyclespecs.co.za/model/bmw/bmw-r1200gs-adventure-special-10.html,53,LOW,MODEL_MISMATCH
000134,BMW,R nine T Pure,R 80G/S Paris Dakar,https://www.motorcyclespecs.co.za/model/bmw/bmw-r80gs-pd-84.html,53,LOW,MODEL_MISMATCH
000134,BMW,R nine T Pure,bmw r100gs,https://www.motorcyclespecs.co.za/model/Custom/bmw-r100gs.html,52,LOW,MODEL_MISMATCH
000134,BMW,R nine T Pure,R 100CS,https://www.motorcyclespecs.co.za/model/bmw/bmw-r100cs-77.html,52,LOW,MODEL_MISMATCH
000134,BMW,R nine T Pure,R 100CS,https://www.motorcyclespecs.co.za/model/bmw/bmw-r100cs-81.html,52,LOW,MODEL_MISMATCH
000134,BMW,R nine T Pure,R 100CS,https://www.motorcyclespecs.co.za/model/bmw/bmw-r100cs-82.html,52,LOW,MODEL_MISMATCH
000134,BMW,R nine T Pure,R 100GS,https://www.motorcyclespecs.co.za/model/bmw/bmw-r100gs-87.html,52,LOW,MODEL_MISMATCH
000134,BMW,R nine T Pure,R 100GS,https://www.motorcyclespecs.co.za/model/bmw/bmw-r100gs-89.html,52,LOW,MODEL_MISMATCH
000134,BMW,R nine T Pure,R 100GS,https://www.motorcyclespecs.co.za/model/bmw/bmw-r100gs-90.html,52,LOW,MODEL_MISMATCH
000134,BMW,R nine T Pure,R 100GS,https://www.motorcyclespecs.co.za/model/bmw/bmw-r100gs-91.html,52,LOW,MODEL_MISMATCH
000134,BMW,R nine T Pure,R 11,https://www.motorcyclespecs.co.za/model/bmw/bmw-r11.html,52,LOW,MODEL_MISMATCH
000134,BMW,R nine T Pure,R 1100GS,https://www.motorcyclespecs.co.za/model/bmw/bmw-r1100gs-94.html,52,LOW,MODEL_MISMATCH
000134,BMW,R nine T Pure,R 1100GS,https://www.motorcyclespecs.co.za/model/bmw/bmw-r1100gs-95.html,52,LOW,MODEL_MISMATCH
000134,BMW,R nine T Pure,R 1100GS,https://www.motorcyclespecs.co.za/model/bmw/bmw-r1100gs-96.html,52,LOW,MODEL_MISMATCH
000134,BMW,R nine T Pure,R 1100GS,https://www.motorcyclespecs.co.za/model/bmw/bmw-r1100gs-97.html,52,LOW,MODEL_MISMATCH
000134,BMW,R nine T Pure,R 1100GS,https://www.motorcyclespecs.co.za/model/bmw/bmw-r1100gs-98.html,52,LOW,MODEL_MISMATCH
000134,BMW,R nine T Pure,R 1150GS,https://www.motorcyclespecs.co.za/model/bmw/bmw-r1150gs-00.html,52,LOW,MODEL_MISMATCH
000134,BMW,R nine T Pure,R 1150GS,https://www.motorcyclespecs.co.za/model/bmw/bmw-r1150gs-01.html,52,LOW,MODEL_MISMATCH
000134,BMW,R nine T Pure,R 1150GS,https://www.motorcyclespecs.co.za/model/bmw/bmw-r1150gs-02.html,52,LOW,MODEL_MISMATCH
000134,BMW,R nine T Pure,R 1150GS,https://www.motorcyclespecs.co.za/model/bmw/bmw-r1150gs-03.html,52,LOW,MODEL_MISMATCH
000134,BMW,R nine T Pure,R 1150GS,https://www.motorcyclespecs.co.za/model/bmw/bmw-r1150gs.html,52,LOW,MODEL_MISMATCH
000134,BMW,R nine T Pure,R 12GS,https://www.motorcyclespecs.co.za/model/bmw/bmw-r12-gs-2025.html,52,LOW,MODEL_MISMATCH
000134,BMW,R nine T Pure,R 12,https://www.motorcyclespecs.co.za/model/bmw/bmw-r12-twin-carb.html,52,LOW,MODEL_MISMATCH
000134,BMW,R nine T Pure,R 1200C,https://www.motorcyclespecs.co.za/model/bmw/bmw-r1200c-00.html,52,LOW,MODEL_MISMATCH
000134,BMW,R nine T Pure,R 1200C,https://www.motorcyclespecs.co.za/model/bmw/bmw-r1200c-03.html,52,LOW,MODEL_MISMATCH
000134,BMW,R nine T Pure,R 1200C,https://www.motorcyclespecs.co.za/model/bmw/bmw-r1200c-98.html,52,LOW,MODEL_MISMATCH
000134,BMW,R nine T Pure,R 1200C,https://www.motorcyclespecs.co.za/model/bmw/bmw-r1200c.html,52,LOW,MODEL_MISMATCH
000134,BMW,R nine T Pure,R 1200CL,https://www.motorcyclespecs.co.za/model/bmw/bmw-r1200cl-04.html,52,LOW,MODEL_MISMATCH
000134,BMW,R nine T Pure,R 1200CL,https://www.motorcyclespecs.co.za/model/bmw/bmw-r1200cl-05.html,52,LOW,MODEL_MISMATCH
000134,BMW,R nine T Pure,R 1200CL,https://www.motorcyclespecs.co.za/model/bmw/bmw-r1200cl.html,52,LOW,MODEL_MISMATCH
000134,BMW,R nine T Pure,R 1200GS,https://www.motorcyclespecs.co.za/model/bmw/bmw-r1200gs-04.html,52,LOW,MODEL_MISMATCH
000134,BMW,R nine T Pure,R 1200GS,https://www.motorcyclespecs.co.za/model/bmw/bmw-r1200gs-05.html,52,LOW,MODEL_MISMATCH
000134,BMW,R nine T Pure,R 1200GS,https://www.motorcyclespecs.co.za/model/bmw/bmw-r1200gs-06.html,52,LOW,MODEL_MISMATCH
000134,BMW,R nine T Pure,R 1200GS,https://www.motorcyclespecs.co.za/model/bmw/bmw-r1200gs-07.html,52,LOW,MODEL_MISMATCH
000134,BMW,R nine T Pure,R 1200GS,https://www.motorcyclespecs.co.za/model/bmw/bmw-r1200gs-08.html,52,LOW,MODEL_MISMATCH
000134,BMW,R nine T Pure,R 1200GS,https://www.motorcyclespecs.co.za/model/bmw/bmw-r1200gs-10.html,52,LOW,MODEL_MISMATCH
000134,BMW,R nine T Pure,R 1200GS,https://www.motorcyclespecs.co.za/model/bmw/bmw-r1200gs-11.html,52,LOW,MODEL_MISMATCH
000134,BMW,R nine T Pure,R 1200GS,https://www.motorcyclespecs.co.za/model/bmw/bmw-r1200gs-12.html,52,LOW,MODEL_MISMATCH
000134,BMW,R nine T Pure,R 1200GS LC,https://www.motorcyclespecs.co.za/model/bmw/bmw-r1200gs-13.html,52,LOW,MODEL_MISMATCH
000134,BMW,R nine T Pure,R 1200GS LC,https://www.motorcyclespecs.co.za/model/bmw/bmw-r1200gs-14.html,52,LOW,MODEL_MISMATCH
000134,BMW,R nine T Pure,R 1200GS LC,https://www.motorcyclespecs.co.za/model/bmw/bmw-r1200gs-15.html,52,LOW,MODEL_MISMATCH
000134,BMW,R nine T Pure,R 1200GS LC,https://www.motorcyclespecs.co.za/model/bmw/bmw-r1200gs-16.html,52,LOW,MODEL_MISMATCH
000134,BMW,R nine T Pure,R 1250GS,https://www.motorcyclespecs.co.za/model/bmw/bmw-r1250gs-19.html,52,LOW,MODEL_MISMATCH
000134,BMW,R nine T Pure,R 1250GS,https://www.motorcyclespecs.co.za/model/bmw/bmw-r1250gs-21.html,52,LOW,MODEL_MISMATCH
000134,BMW,R nine T Pure,"R 
		1300GS",https://www.motorcyclespecs.co.za/model/bmw/bmw-r1300gs-2024.html,52,LOW,MODEL_MISMATCH
000134,BMW,R nine T Pure,R 16,https://www.motorcyclespecs.co.za/model/bmw/bmw-r16.html,52,LOW,MODEL_MISMATCH
000134,BMW,R nine T Pure,R 17,https://www.motorcyclespecs.co.za/model/bmw/bmw-r17.html,52,LOW,MODEL_MISMATCH
000134,BMW,R nine T Pure,R 18,https://www.motorcyclespecs.co.za/model/bmw/bmw-r18-20.html,52,LOW,MODEL_MISMATCH
000134,BMW,R nine T Pure,R 18,https://www.motorcyclespecs.co.za/model/bmw/bmw-r18-22.html,52,LOW,MODEL_MISMATCH
000134,BMW,R nine T Pure,R 18 B,https://www.motorcyclespecs.co.za/model/bmw/bmw-r18-b-22.html,52,LOW,MODEL_MISMATCH
000134,BMW,R nine T Pure,R 2,https://www.motorcyclespecs.co.za/model/bmw/bmw-r2.html,52,LOW,MODEL_MISMATCH
000134,BMW,R nine T Pure,R 20,https://www.motorcyclespecs.co.za/model/bmw/bmw-r20.html,52,LOW,MODEL_MISMATCH
000134,BMW,R nine T Pure,R 23,https://www.motorcyclespecs.co.za/model/bmw/bmw-r23.html,52,LOW,MODEL_MISMATCH
000134,BMW,R nine T Pure,R 24,https://www.motorcyclespecs.co.za/model/bmw/bmw-r24.html,52,LOW,MODEL_MISMATCH
000134,BMW,R nine T Pure,R 25,https://www.motorcyclespecs.co.za/model/bmw/bmw-r25.html,52,LOW,MODEL_MISMATCH
000134,BMW,R nine T Pure,R 26,https://www.motorcyclespecs.co.za/model/bmw/bmw-r26.html,52,LOW,MODEL_MISMATCH
000134,BMW,R nine T Pure,R 27,https://www.motorcyclespecs.co.za/model/bmw/bmw-r27.html,52,LOW,MODEL_MISMATCH
000134,BMW,R nine T Pure,R 3,https://www.motorcyclespecs.co.za/model/bmw/bmw-r3.html,52,LOW,MODEL_MISMATCH
000134,BMW,R nine T Pure,R 32,https://www.motorcyclespecs.co.za/model/bmw/bmw-r32.html,52,LOW,MODEL_MISMATCH
000134,BMW,R nine T Pure,R 35,https://www.motorcyclespecs.co.za/model/bmw/bmw-r35.html,52,LOW,MODEL_MISMATCH
000134,BMW,R nine T Pure,R 37,https://www.motorcyclespecs.co.za/model/bmw/bmw-r37.html,52,LOW,MODEL_MISMATCH
000134,BMW,R nine T Pure,R 39,https://www.motorcyclespecs.co.za/model/bmw/bmw-r39.html,52,LOW,MODEL_MISMATCH
000134,BMW,R nine T Pure,R 4,https://www.motorcyclespecs.co.za/model/bmw/bmw-r4.html,52,LOW,MODEL_MISMATCH
000134,BMW,R nine T Pure,R 42,https://www.motorcyclespecs.co.za/model/bmw/bmw-r42.html,52,LOW,MODEL_MISMATCH
000134,BMW,R nine T Pure,R 45,https://www.motorcyclespecs.co.za/model/bmw/bmw-r45-78.html,52,LOW,MODEL_MISMATCH
000134,BMW,R nine T Pure,R 45,https://www.motorcyclespecs.co.za/model/bmw/bmw-r45-80.html,52,LOW,MODEL_MISMATCH
000134,BMW,R nine T Pure,R 45,https://www.motorcyclespecs.co.za/model/bmw/bmw-r45-82.html,52,LOW,MODEL_MISMATCH
000134,BMW,R nine T Pure,R 47,https://www.motorcyclespecs.co.za/model/bmw/bmw-r47.html,52,LOW,MODEL_MISMATCH
000134,BMW,R nine T Pure,R 5,https://www.motorcyclespecs.co.za/model/bmw/bmw-r5.html,52,LOW,MODEL_MISMATCH
000134,BMW,R nine T Pure,R 50,https://www.motorcyclespecs.co.za/model/bmw/bmw-r50-55.html,52,LOW,MODEL_MISMATCH
000134,BMW,R nine T Pure,R 51,https://www.motorcyclespecs.co.za/model/bmw/bmw-r51.html,52,LOW,MODEL_MISMATCH
000134,BMW,R nine T Pure,R 52,https://www.motorcyclespecs.co.za/model/bmw/bmw-r52.html,52,LOW,MODEL_MISMATCH
000134,BMW,R nine T Pure,R 57,https://www.motorcyclespecs.co.za/model/bmw/bmw-r57.html,52,LOW,MODEL_MISMATCH
000134,BMW,R nine T Pure,R 6,https://www.motorcyclespecs.co.za/model/bmw/bmw-r6.html,52,LOW,MODEL_MISMATCH
000134,BMW,R nine T Pure,"R 
		60/",https://www.motorcyclespecs.co.za/model/bmw/bmw-r60-2.html,52,LOW,MODEL_MISMATCH
000134,BMW,R nine T Pure,R 60,https://www.motorcyclespecs.co.za/model/bmw/bmw-r60.html,52,LOW,MODEL_MISMATCH
000134,BMW,R nine T Pure,R 61,https://www.motorcyclespecs.co.za/model/bmw/bmw-r61.html,52,LOW,MODEL_MISMATCH
000134,BMW,R nine T Pure,R 62,https://www.motorcyclespecs.co.za/model/bmw/bmw-r62.html,52,LOW,MODEL_MISMATCH
000134,BMW,R nine T Pure,R 63,https://www.motorcyclespecs.co.za/model/bmw/bmw-r63.html,52,LOW,MODEL_MISMATCH
000134,BMW,R nine T Pure,R 65,https://www.motorcyclespecs.co.za/model/bmw/bmw-r65-78.html,52,LOW,MODEL_MISMATCH
000134,BMW,R nine T Pure,R 65,https://www.motorcyclespecs.co.za/model/bmw/bmw-r65-80.html,52,LOW,MODEL_MISMATCH
000134,BMW,R nine T Pure,"R 
		65GS",https://www.motorcyclespecs.co.za/model/bmw/bmw-r65gs.html,52,LOW,MODEL_MISMATCH
000134,BMW,R nine T Pure,R 65LS,https://www.motorcyclespecs.co.za/model/bmw/bmw-r65ls-81.html,52,LOW,MODEL_MISMATCH
000134,BMW,R nine T Pure,R 66,https://www.motorcyclespecs.co.za/model/bmw/bmw-r66.html,52,LOW,MODEL_MISMATCH
000134,BMW,R nine T Pure,R 67,https://www.motorcyclespecs.co.za/model/bmw/bmw-r67.html,52,LOW,MODEL_MISMATCH
000134,BMW,R nine T Pure,R 68,https://www.motorcyclespecs.co.za/model/bmw/bmw-r68.html,52,LOW,MODEL_MISMATCH
000134,BMW,R nine T Pure,R 69,https://www.motorcyclespecs.co.za/model/bmw/bmw-r69-55.html,52,LOW,MODEL_MISMATCH
000134,BMW,R nine T Pure,R 69,https://www.motorcyclespecs.co.za/model/bmw/bmw-r69-57.html,52,LOW,MODEL_MISMATCH
000134,BMW,R nine T Pure,R 71,https://www.motorcyclespecs.co.za/model/bmw/bmw-r71.html,52,LOW,MODEL_MISMATCH
000134,BMW,R nine T Pure,R 80,https://www.motorcyclespecs.co.za/model/bmw/bmw-r80-81.html,52,LOW,MODEL_MISMATCH
000134,BMW,R nine T Pure,R 80GS,https://www.motorcyclespecs.co.za/model/bmw/bmw-r80gs-86.html,52,LOW,MODEL_MISMATCH
000134,BMW,R nine T Pure,R 80GS,https://www.motorcyclespecs.co.za/model/bmw/bmw-r80gs-88.html,52,LOW,MODEL_MISMATCH
000134,BMW,R nine T Pure,R 80GS,https://www.motorcyclespecs.co.za/model/bmw/bmw-r80gs-89.html,52,LOW,MODEL_MISMATCH
000134,BMW,R nine T Pure,R 80GS,https://www.motorcyclespecs.co.za/model/bmw/bmw-r80gs-90.html,52,LOW,MODEL_MISMATCH
000134,BMW,R nine T Pure,R 80GS,https://www.motorcyclespecs.co.za/model/bmw/bmw-r80gs-91.html,52,LOW,MODEL_MISMATCH
000134,BMW,R nine T Pure,R 850GS,https://www.motorcyclespecs.co.za/model/bmw/bmw-r850gs-99.html,52,LOW,MODEL_MISMATCH
000134,BMW,R nine T Pure,R 850GS,https://www.motorcyclespecs.co.za/model/bmw/bmw-r850gs.html,52,LOW,MODEL_MISMATCH
000134,BMW,R nine T Pure,R 100/7,https://www.motorcyclespecs.co.za/model/bmw/bmw-r100-7-78.html,51,LOW,MODEL_MISMATCH
000134,BMW,R nine T Pure,"R 
		100/7",https://www.motorcyclespecs.co.za/model/bmw/bmw-r100-7.html,51,LOW,MODEL_MISMATCH
000134,BMW,R nine T Pure,R 100,https://www.motorcyclespecs.co.za/model/bmw/bmw-r100-80.html,51,LOW,MODEL_MISMATCH
000134,BMW,R nine T Pure,R 100,https://www.motorcyclespecs.co.za/model/bmw/bmw-r100-82.html,51,LOW,MODEL_MISMATCH
000134,BMW,R nine T Pure,R 1100RR Rally,https://www.motorcyclespecs.co.za/model/bmw/bmw-r1100gs-rally.html,51,LOW,MODEL_MISMATCH
000134,BMW,R nine T Pure,R 25/2,https://www.motorcyclespecs.co.za/model/bmw/bmw-r25-2.html,51,LOW,MODEL_MISMATCH
000134,BMW,R nine T Pure,R 25/3,https://www.motorcyclespecs.co.za/model/bmw/bmw-r25-3.html,51,LOW,MODEL_MISMATCH
000134,BMW,R nine T Pure,"R 
		50/2",https://www.motorcyclespecs.co.za/model/bmw/bmw-r50-2.html,51,LOW,MODEL_MISMATCH
000134,BMW,R nine T Pure,R 50/5,https://www.motorcyclespecs.co.za/model/bmw/bmw-r50-5-69.html,51,LOW,MODEL_MISMATCH
000134,BMW,R nine T Pure,"R 
		51/2",https://www.motorcyclespecs.co.za/model/bmw/bmw-r51-2.html,51,LOW,MODEL_MISMATCH
000134,BMW,R nine T Pure,"R 
		51/3",https://www.motorcyclespecs.co.za/model/bmw/bmw-r51-3.html,51,LOW,MODEL_MISMATCH
000134,BMW,R nine T Pure,R 60/2,https://www.motorcyclespecs.co.za/model/bmw/bmw-r60-2-66.html,51,LOW,MODEL_MISMATCH
000134,BMW,R nine T Pure,R 60/5,https://www.motorcyclespecs.co.za/model/bmw/bmw-r60-5-69.html,51,LOW,MODEL_MISMATCH
000134,BMW,R nine T Pure,R 60/5,https://www.motorcyclespecs.co.za/model/bmw/bmw-r60-5-71.html,51,LOW,MODEL_MISMATCH
000134,BMW,R nine T Pure,R 60/5,https://www.motorcyclespecs.co.za/model/bmw/bmw-r60-5-72.html,51,LOW,MODEL_MISMATCH
000134,BMW,R nine T Pure,R 60/6,https://www.motorcyclespecs.co.za/model/bmw/bmw-r60-6-73.html,51,LOW,MODEL_MISMATCH
000134,BMW,R nine T Pure,R 60/7,https://www.motorcyclespecs.co.za/model/bmw/bmw-r60-7-76.html,51,LOW,MODEL_MISMATCH
000134,BMW,R nine T Pure,"R 
		67/2",https://www.motorcyclespecs.co.za/model/bmw/bmw-r67-2.html,51,LOW,MODEL_MISMATCH
000134,BMW,R nine T Pure,R 75/5,https://www.motorcyclespecs.co.za/model/bmw/bmw-r75-5-70.html,51,LOW,MODEL_MISMATCH
000134,BMW,R nine T Pure,R 75/6,https://www.motorcyclespecs.co.za/model/bmw/bmw-r75-6-73.html,51,LOW,MODEL_MISMATCH
000134,BMW,R nine T Pure,R 75/6,https://www.motorcyclespecs.co.za/model/bmw/bmw-r75-6-75.html,51,LOW,MODEL_MISMATCH
000134,BMW,R nine T Pure,R 75/5,https://www.motorcyclespecs.co.za/model/bmw/bmw-r75-69.html,51,LOW,MODEL_MISMATCH
000134,BMW,R nine T Pure,R 75/7,https://www.motorcyclespecs.co.za/model/bmw/bmw-r75-7-76.html,51,LOW,MODEL_MISMATCH
000134,BMW,R nine T Pure,R 80/7,https://www.motorcyclespecs.co.za/model/bmw/bmw-r80-7-77.html,51,LOW,MODEL_MISMATCH
000134,BMW,R nine T Pure,R 80/7,https://www.motorcyclespecs.co.za/model/bmw/bmw-r80-7-80.html,51,LOW,MODEL_MISMATCH
000134,BMW,R nine T Pure,R 90/6,https://www.motorcyclespecs.co.za/model/bmw/bmw-r90-6-74.html,51,LOW,MODEL_MISMATCH
000134,BMW,R nine T Pure,R 900RR Dakar,https://www.motorcyclespecs.co.za/model/bmw/bmw-r900gs-rally-99.html,51,LOW,MODEL_MISMATCH
000134,BMW,R nine T Pure,R 75/5,https://www.motorcyclespecs.co.za/model/bmw/bmw_r75-72.html,51,LOW,MODEL_MISMATCH
000134,BMW,R nine T Pure,R 80G/S Dakar GS80R-GS980R,https://www.motorcyclespecs.co.za/model/bmw/bmw-r80gs-paris.html,49,LOW,MODEL_MISMATCH
000134,BMW,R nine T Pure,R 100S,https://www.motorcyclespecs.co.za/model/bmw/bmw-r100s-77.html,47,LOW,MODEL_MISMATCH
000134,BMW,R nine T Pure,R 100S,https://www.motorcyclespecs.co.za/model/bmw/bmw-r100s-78.html,47,LOW,MODEL_MISMATCH
000134,BMW,R nine T Pure,R 100S,https://www.motorcyclespecs.co.za/model/bmw/bmw-r100s-79.html,47,LOW,MODEL_MISMATCH
000134,BMW,R nine T Pure,R 1100S,https://www.motorcyclespecs.co.za/model/bmw/bmw-r1100s-01.html,47,LOW,MODEL_MISMATCH
000134,BMW,R nine T Pure,R 1100S,https://www.motorcyclespecs.co.za/model/bmw/bmw-r1100s-04.html,47,LOW,MODEL_MISMATCH
000134,BMW,R nine T Pure,R 1100S,https://www.motorcyclespecs.co.za/model/bmw/bmw-r1100s-06.html,47,LOW,MODEL_MISMATCH
000134,BMW,R nine T Pure,R 1100S,https://www.motorcyclespecs.co.za/model/bmw/bmw-r1100s-99.html,47,LOW,MODEL_MISMATCH
000134,BMW,R nine T Pure,R 12 S,https://www.motorcyclespecs.co.za/model/bmw/bmw-r12-ninet-s-2025.html,47,LOW,MODEL_MISMATCH
000134,BMW,R nine T Pure,R 1200S,https://www.motorcyclespecs.co.za/model/bmw/bmw-r1200s-06.html,47,LOW,MODEL_MISMATCH
000134,BMW,R nine T Pure,R 1200S,https://www.motorcyclespecs.co.za/model/bmw/bmw-r1200s-07.html,47,LOW,MODEL_MISMATCH
000134,BMW,R nine T Pure,R 1200S,https://www.motorcyclespecs.co.za/model/bmw/bmw-r1200s-08.html,47,LOW,MODEL_MISMATCH
000134,BMW,R nine T Pure,R 50S,https://www.motorcyclespecs.co.za/model/bmw/bmw-r50S-55.html,47,LOW,MODEL_MISMATCH
000134,BMW,R nine T Pure,R 69S,https://www.motorcyclespecs.co.za/model/bmw/bmw-r69S-63.html,47,LOW,MODEL_MISMATCH
000134,BMW,R nine T Pure,R 69S,https://www.motorcyclespecs.co.za/model/bmw/bmw-r69S-66.html,47,LOW,MODEL_MISMATCH
000134,BMW,R nine T Pure,"R 
		69S",https://www.motorcyclespecs.co.za/model/bmw/bmw-r69S.html,47,LOW,MODEL_MISMATCH
000134,BMW,R nine T Pure,R 80G/S,https://www.motorcyclespecs.co.za/model/bmw/bmw-r80gS-80.html,47,LOW,MODEL_MISMATCH
000134,BMW,R nine T Pure,R 80G/S,https://www.motorcyclespecs.co.za/model/bmw/bmw-r80gS-81.html,47,LOW,MODEL_MISMATCH
000134,BMW,R nine T Pure,R 80G/S,https://www.motorcyclespecs.co.za/model/bmw/bmw-r80gS-82.html,47,LOW,MODEL_MISMATCH
000134,BMW,R nine T Pure,R 80G/S,https://www.motorcyclespecs.co.za/model/bmw/bmw-r80gS-83.html,47,LOW,MODEL_MISMATCH
000134,BMW,R nine T Pure,R 80G/S,https://www.motorcyclespecs.co.za/model/bmw/bmw-r80gs-84.html,47,LOW,MODEL_MISMATCH
000134,BMW,R nine T Pure,R 90S,https://www.motorcyclespecs.co.za/model/bmw/bmw-r90s-74.html,47,LOW,MODEL_MISMATCH
000135,BMW,R nine T Racer,R nineT Racer,https://www.motorcyclespecs.co.za/model/bmw/bmw-r-ninet-racer-17.html,95,HIGH,EXACT
000135,BMW,R nine T Racer,R nineT Racer,https://www.motorcyclespecs.co.za/model/bmw/bmw-r-ninet-racer-19.html,95,HIGH,EXACT
000135,BMW,R nine T Racer,R nineT Pure,https://www.motorcyclespecs.co.za/model/bmw/bmw-r-ninet-pure-17.html,81,LOW,REVIEW
000135,BMW,R nine T Racer,R nineT Pure,https://www.motorcyclespecs.co.za/model/bmw/bmw-r-ninet-pure-19.html,81,LOW,REVIEW
000135,BMW,R nine T Racer,R nineT Pure,https://www.motorcyclespecs.co.za/model/bmw/bmw-r-ninet-pure-21.html,81,LOW,REVIEW
000135,BMW,R nine T Racer,R nineT Scrambler,https://www.motorcyclespecs.co.za/model/bmw/bmw-r-ninet-scrambler-16.html,80,LOW,REVIEW
000135,BMW,R nine T Racer,R nineT Scrambler,https://www.motorcyclespecs.co.za/model/bmw/bmw-r-ninet-scrambler-19.html,80,LOW,REVIEW
000135,BMW,R nine T Racer,R nineT Scrambler,https://www.motorcyclespecs.co.za/model/bmw/bmw-r-ninet-scrambler-20.html,80,LOW,REVIEW
000135,BMW,R nine T Racer,R nineT Scrambler,https://www.motorcyclespecs.co.za/model/bmw/bmw-r-ninet-scrambler-21.html,80,LOW,REVIEW
000135,BMW,R nine T Racer,R nineT,https://www.motorcyclespecs.co.za/model/bmw/bmw-r-ninet-14.html,79,LOW,REVIEW
000135,BMW,R nine T Racer,R nineT,https://www.motorcyclespecs.co.za/model/bmw/bmw-r-ninet-16.html,79,LOW,REVIEW
000135,BMW,R nine T Racer,R nineT,https://www.motorcyclespecs.co.za/model/bmw/bmw-r-ninet-18.html,79,LOW,REVIEW
000135,BMW,R nine T Racer,R nineT,https://www.motorcyclespecs.co.za/model/bmw/bmw-r-ninet-19.html,79,LOW,REVIEW
000135,BMW,R nine T Racer,R nineT,https://www.motorcyclespecs.co.za/model/bmw/bmw-r-ninet-21.html,79,LOW,REVIEW
000135,BMW,R nine T Racer,R nineT R12,https://www.motorcyclespecs.co.za/model/bmw/bmw-r12-nineT-2023.html,79,LOW,REVIEW
000135,BMW,R nine T Racer,R nineT Boxer Cup 2-0,https://www.motorcyclespecs.co.za/model/bmw/bmw-r9t-boxer-cup-2-0.html,73,LOW,REVIEW
000135,BMW,R nine T Racer,R nineT Concept,https://www.motorcyclespecs.co.za/model/bmw/bmw-ninet-concept.html,71,LOW,REVIEW
000135,BMW,R nine T Racer,"R nineT 100th 
Anniversary",https://www.motorcyclespecs.co.za/model/bmw/bmw-r-ninet-100th-Anniversary-23.html,71,LOW,REVIEW
000135,BMW,R nine T Racer,R nineT Urban G/S,https://www.motorcyclespecs.co.za/model/bmw/bmw-r-ninet-urban-gs-17.html,71,LOW,REVIEW
000135,BMW,R nine T Racer,R nineT Urban G/S,https://www.motorcyclespecs.co.za/model/bmw/bmw-r-ninet-urban-gs-19.html,71,LOW,REVIEW
000135,BMW,R nine T Racer,R nineT Urban G/S,https://www.motorcyclespecs.co.za/model/bmw/bmw-r-ninet-urban-gs-21.html,71,LOW,REVIEW
000135,BMW,R nine T Racer,R nineT Urban G/S,https://www.motorcyclespecs.co.za/model/bmw/bmw-r-ninet-urban-gs-22.html,71,LOW,REVIEW
000135,BMW,R nine T Racer,"R 
		nineT Special Edition",https://www.motorcyclespecs.co.za/model/bmw/bmw-r-ninet-se-16.html,70,LOW,REVIEW
000135,BMW,R nine T Racer,R 18 Transcontinental,https://www.motorcyclespecs.co.za/model/bmw/bmw-r18-transcontinental-22.html,68,LOW,MODEL_MISMATCH
000135,BMW,R nine T Racer,R75 Sidecar,https://www.motorcyclespecs.co.za/model/bmw/bmw-r75-sidecar.html,68,LOW,MODEL_MISMATCH
000135,BMW,R nine T Racer,R 12 Roadster,https://www.motorcyclespecs.co.za/model/bmw/bmw-r12-nineT-2024.html,67,LOW,MODEL_MISMATCH
000135,BMW,R nine T Racer,"R 18 100th 
		Anniversary",https://www.motorcyclespecs.co.za/model/bmw/bmw-r18-100th-anniversary-23.html,67,LOW,MODEL_MISMATCH
000135,BMW,R nine T Racer,"R nineT /5 50th 
Anniversary Edition",https://www.motorcyclespecs.co.za/model/bmw/bmw-r-ninet-50th-anniv-19.html,66,LOW,MODEL_MISMATCH
000135,BMW,R nine T Racer,"R 
		1100R 75th Anniversary",https://www.motorcyclespecs.co.za/model/bmw/bmw-r1100r-75th-anniversary.html,66,LOW,MODEL_MISMATCH
000135,BMW,R nine T Racer,"R 
		1200R 90th Anniversary",https://www.motorcyclespecs.co.za/model/bmw/bmw-r1200r-90th-ani.html,66,LOW,MODEL_MISMATCH
000135,BMW,R nine T Racer,"R 
		1300R Roadster",https://www.motorcyclespecs.co.za/model/bmw/bmw-r1300r-2025.html,66,LOW,MODEL_MISMATCH
000135,BMW,R nine T Racer,"R nineT Scrambler 
Concept Path 22",https://www.motorcyclespecs.co.za/model/bmw/bmw-concept-ninet-parth-22.html,65,LOW,MODEL_MISMATCH
000135,BMW,R nine T Racer,R nineT Urban G/S 40 Years Edition,https://www.motorcyclespecs.co.za/model/bmw/bmw-r-ninet-urban-gs-40th-21.html,65,LOW,MODEL_MISMATCH
000135,BMW,R nine T Racer,"R 
		100S Willi Michel Racer",https://www.motorcyclespecs.co.za/model/bmw/bmw-r100s-willi-michel-racer.html,64,LOW,MODEL_MISMATCH
000135,BMW,R nine T Racer,"R 
		1100GS 75th Anniversary",https://www.motorcyclespecs.co.za/model/bmw/bmw-r1100gs-75th-anniversary.html,64,LOW,MODEL_MISMATCH
000135,BMW,R nine T Racer,"R 
		1100RS 75th Anniversary",https://www.motorcyclespecs.co.za/model/bmw/bmw-r1100rs-75th-anniversary.html,64,LOW,MODEL_MISMATCH
000135,BMW,R nine T Racer,"R 
		1100RT 75th Anniversary",https://www.motorcyclespecs.co.za/model/bmw/bmw-r1100rt-75th-anniversary.html,64,LOW,MODEL_MISMATCH
000135,BMW,R nine T Racer,R 12 Cruiser,https://www.motorcyclespecs.co.za/model/bmw/bmw-r12-Cruiser-2024.html,64,LOW,MODEL_MISMATCH
000135,BMW,R nine T Racer,R 1200C Independent,https://www.motorcyclespecs.co.za/model/bmw/bmw-r1200c-independent-02.html,64,LOW,MODEL_MISMATCH
000135,BMW,R nine T Racer,R 1200RT 90th Anniversary,https://www.motorcyclespecs.co.za/model/bmw/bmw-r1200rt-90th-anniversary.html,64,LOW,MODEL_MISMATCH
000135,BMW,R nine T Racer,R 18 Roctane,https://www.motorcyclespecs.co.za/model/bmw/bmw-r18-roctane-2023.html,64,LOW,MODEL_MISMATCH
000135,BMW,R nine T Racer,"R 60/2 with 
		Sidecar",https://www.motorcyclespecs.co.za/model/bmw/bmw-r60-2-sidecar.html,64,LOW,MODEL_MISMATCH
000135,BMW,R nine T Racer,"R 
		67/3 with Sidecar",https://www.motorcyclespecs.co.za/model/bmw/bmw-r67-3.html,64,LOW,MODEL_MISMATCH
000135,BMW,R nine T Racer,R 1200RT Fire,https://www.motorcyclespecs.co.za/model/bmw/bmw-r1200rt-fire.html,63,LOW,MODEL_MISMATCH
000135,BMW,R nine T Racer,R 12 5 0RT Elegance,https://www.motorcyclespecs.co.za/model/bmw/bmw-r1250rt-ela-19.html,63,LOW,MODEL_MISMATCH
000135,BMW,R nine T Racer,R nineT Urban G/S Dakar Hubert Auriol,https://www.motorcyclespecs.co.za/model/bmw/bmw-r-ninet-urban-gs-hubert.html,62,LOW,MODEL_MISMATCH
000135,BMW,R nine T Racer,R 1150R Rockster Edition 80,https://www.motorcyclespecs.co.za/model/bmw/bmw-r1150r-prototype-03.html,62,LOW,MODEL_MISMATCH
000135,BMW,R nine T Racer,R 1200C Aventgarde,https://www.motorcyclespecs.co.za/model/bmw/bmw-r1200c-avantgarde-02.html,62,LOW,MODEL_MISMATCH
000135,BMW,R nine T Racer,"R 1200C 
	Montauk",https://www.motorcyclespecs.co.za/model/bmw/bmw-r1200c-montauk-03.html,62,LOW,MODEL_MISMATCH
000135,BMW,R nine T Racer,"R 
		1200GS Rallye",https://www.motorcyclespecs.co.za/model/bmw/bmw-r1200gs-rally-12.html,62,LOW,MODEL_MISMATCH
000135,BMW,R nine T Racer,"R 
		1200GS Alpine White Special Version",https://www.motorcyclespecs.co.za/model/bmw/bmw-r1200gs-special-09.html,62,LOW,MODEL_MISMATCH
000135,BMW,R nine T Racer,"R 
		1200GS 30th Anniversary Special",https://www.motorcyclespecs.co.za/model/bmw/bmw-r1200gs-special-10.html,62,LOW,MODEL_MISMATCH
000135,BMW,R nine T Racer,"R 
		1200RT Police",https://www.motorcyclespecs.co.za/model/bmw/bmw-r1200rt-police.html,62,LOW,MODEL_MISMATCH
000135,BMW,R nine T Racer,R 1200GS LC Rallye,https://www.motorcyclespecs.co.za/model/bmw/bmw-r1200gs-17.html,61,LOW,MODEL_MISMATCH
000135,BMW,R nine T Racer,R 1200GS LC Rallye,https://www.motorcyclespecs.co.za/model/bmw/bmw-r1200gs-rally-18.html,61,LOW,MODEL_MISMATCH
000135,BMW,R nine T Racer,R 850C / R 850C Avantgarde,https://www.motorcyclespecs.co.za/model/bmw/bmw-r850c-98.html,61,LOW,MODEL_MISMATCH
000135,BMW,R nine T Racer,R 100GS Paris Dakar,https://www.motorcyclespecs.co.za/model/bmw/bmw-r100gs-pd-88.html,60,LOW,MODEL_MISMATCH
000135,BMW,R nine T Racer,R 100GS Paris Dakar,https://www.motorcyclespecs.co.za/model/bmw/bmw-r100gs-pd-89.html,60,LOW,MODEL_MISMATCH
000135,BMW,R nine T Racer,R 100GS Paris Dakar,https://www.motorcyclespecs.co.za/model/bmw/bmw-r100gs-pd-93.html,60,LOW,MODEL_MISMATCH
000135,BMW,R nine T Racer,"R 100R 
		Classic",https://www.motorcyclespecs.co.za/model/bmw/bmw-r100r-classic-95.html,60,LOW,MODEL_MISMATCH
000135,BMW,R nine T Racer,R 100RS Turbo,https://www.motorcyclespecs.co.za/model/bmw/bmw-r100rs-turbo.html,60,LOW,MODEL_MISMATCH
000135,BMW,R nine T Racer,"R 
		100RT Classic",https://www.motorcyclespecs.co.za/model/bmw/bmw-r100rt-classic-95.html,60,LOW,MODEL_MISMATCH
000135,BMW,R nine T Racer,"R 1250GS 
		Exclusive",https://www.motorcyclespecs.co.za/model/bmw/bmw-r1250gs-ex-19.html,60,LOW,MODEL_MISMATCH
000135,BMW,R nine T Racer,"R 80GS 
		Basic",https://www.motorcyclespecs.co.za/model/bmw/bmw-r80gs-basic-97.html,60,LOW,MODEL_MISMATCH
000135,BMW,R nine T Racer,R20 Concept,https://www.motorcyclespecs.co.za/model/bmw/BMW-R20-Concept-2024.html,59,LOW,MODEL_MISMATCH
000135,BMW,R nine T Racer,"R 
		1200GS Triple Black Special Edition",https://www.motorcyclespecs.co.za/model/bmw/bmw-r1200gs-black-11.html,59,LOW,MODEL_MISMATCH
000135,BMW,R nine T Racer,R 1200GS LC TE Exclusive,https://www.motorcyclespecs.co.za/model/bmw/bmw-r1200gs-ex-17.html,59,LOW,MODEL_MISMATCH
000135,BMW,R nine T Racer,R 1200GS LC TE Exclusive,https://www.motorcyclespecs.co.za/model/bmw/bmw-r1200gs-ex-18.html,59,LOW,MODEL_MISMATCH
000135,BMW,R nine T Racer,R 1200R LC,https://www.motorcyclespecs.co.za/model/bmw/bmw-r1200r-15.html,59,LOW,MODEL_MISMATCH
000135,BMW,R nine T Racer,R 1200R LC,https://www.motorcyclespecs.co.za/model/bmw/bmw-r1200r-16.html,59,LOW,MODEL_MISMATCH
000135,BMW,R nine T Racer,R 1200R LC,https://www.motorcyclespecs.co.za/model/bmw/bmw-r1200r-17.html,59,LOW,MODEL_MISMATCH
000135,BMW,R nine T Racer,R 1200R LC,https://www.motorcyclespecs.co.za/model/bmw/bmw-r1200r-18.html,59,LOW,MODEL_MISMATCH
000135,BMW,R nine T Racer,"R 
		1200R Classic",https://www.motorcyclespecs.co.za/model/bmw/bmw-r1200r-classic-11.html,59,LOW,MODEL_MISMATCH
000135,BMW,R nine T Racer,"R 
		1200R Classic",https://www.motorcyclespecs.co.za/model/bmw/bmw-r1200r-classic-12.html,59,LOW,MODEL_MISMATCH
000135,BMW,R nine T Racer,R 1200RS LC,https://www.motorcyclespecs.co.za/model/bmw/bmw-r1200rs-15.html,59,LOW,MODEL_MISMATCH
000135,BMW,R nine T Racer,R 1200RS LC,https://www.motorcyclespecs.co.za/model/bmw/bmw-r1200rs-16.html,59,LOW,MODEL_MISMATCH
000135,BMW,R nine T Racer,R 1200RS LC,https://www.motorcyclespecs.co.za/model/bmw/bmw-r1200rs-17.html,59,LOW,MODEL_MISMATCH
000135,BMW,R nine T Racer,R 1200RS LC,https://www.motorcyclespecs.co.za/model/bmw/bmw-r1200rs-18.html,59,LOW,MODEL_MISMATCH
000135,BMW,R nine T Racer,R 1200RT LC,https://www.motorcyclespecs.co.za/model/bmw/bmw-r1200rt-14.html,59,LOW,MODEL_MISMATCH
000135,BMW,R nine T Racer,R 1200RT LC,https://www.motorcyclespecs.co.za/model/bmw/bmw-r1200rt-15.html,59,LOW,MODEL_MISMATCH
000135,BMW,R nine T Racer,R 1200RT LC,https://www.motorcyclespecs.co.za/model/bmw/bmw-r1200rt-16.html,59,LOW,MODEL_MISMATCH
000135,BMW,R nine T Racer,R 1200RT LC,https://www.motorcyclespecs.co.za/model/bmw/bmw-r1200rt-17.html,59,LOW,MODEL_MISMATCH
000135,BMW,R nine T Racer,R 1200RT LC,https://www.motorcyclespecs.co.za/model/bmw/bmw-r1200rt-18.html,59,LOW,MODEL_MISMATCH
000135,BMW,R nine T Racer,R 1250GS 40 Years Edition,https://www.motorcyclespecs.co.za/model/bmw/bmw-r1250gs-40th-21.html,59,LOW,MODEL_MISMATCH
000135,BMW,R nine T Racer,"R 
		1300R Superhooligan",https://www.motorcyclespecs.co.za/model/bmw/bmw-r1300r-superhooligan-2026.html,59,LOW,MODEL_MISMATCH
000135,BMW,R nine T Racer,R1 Prototype,https://www.motorcyclespecs.co.za/model/bmw/bmw-r1-prototype.html,58,LOW,MODEL_MISMATCH
000135,BMW,R nine T Racer,R 100GS Bumble Bee,https://www.motorcyclespecs.co.za/model/bmw/bmw-r100gs-88.html,58,LOW,MODEL_MISMATCH
000135,BMW,R nine T Racer,"R 100GS 
		Paris Dakar Classic",https://www.motorcyclespecs.co.za/model/bmw/bmw-r100gs-pd-classic.html,58,LOW,MODEL_MISMATCH
000135,BMW,R nine T Racer,R 100R Mystic,https://www.motorcyclespecs.co.za/model/bmw/bmw-r100r-mystic-93.html,58,LOW,MODEL_MISMATCH
000135,BMW,R nine T Racer,R 100RS,https://www.motorcyclespecs.co.za/model/bmw/bmw-r100rs-76.html,58,LOW,MODEL_MISMATCH
000135,BMW,R nine T Racer,R 100RS,https://www.motorcyclespecs.co.za/model/bmw/bmw-r100rs-77.html,58,LOW,MODEL_MISMATCH
000135,BMW,R nine T Racer,R 100RS,https://www.motorcyclespecs.co.za/model/bmw/bmw-r100rs-78.html,58,LOW,MODEL_MISMATCH
000135,BMW,R nine T Racer,R 100RS,https://www.motorcyclespecs.co.za/model/bmw/bmw-r100rs-80.html,58,LOW,MODEL_MISMATCH
000135,BMW,R nine T Racer,R 100RS,https://www.motorcyclespecs.co.za/model/bmw/bmw-r100rs-82.html,58,LOW,MODEL_MISMATCH
000135,BMW,R nine T Racer,R 100RS,https://www.motorcyclespecs.co.za/model/bmw/bmw-r100rs-83.html,58,LOW,MODEL_MISMATCH
000135,BMW,R nine T Racer,R 100RT,https://www.motorcyclespecs.co.za/model/bmw/bmw-r100rt-78.html,58,LOW,MODEL_MISMATCH
000135,BMW,R nine T Racer,R 100RT,https://www.motorcyclespecs.co.za/model/bmw/bmw-r100rt-80.html,58,LOW,MODEL_MISMATCH
000135,BMW,R nine T Racer,R 100RT,https://www.motorcyclespecs.co.za/model/bmw/bmw-r100rt-81.html,58,LOW,MODEL_MISMATCH
000135,BMW,R nine T Racer,R 100RT,https://www.motorcyclespecs.co.za/model/bmw/bmw-r100rt-84.html,58,LOW,MODEL_MISMATCH
000135,BMW,R nine T Racer,R 100T,https://www.motorcyclespecs.co.za/model/bmw/bmw-r100t-78.html,58,LOW,MODEL_MISMATCH
000135,BMW,R nine T Racer,R 1200GS LC Triple Black Special Edition,https://www.motorcyclespecs.co.za/model/bmw/bmw-r1200gs-lc-triole-black.html,58,LOW,MODEL_MISMATCH
000135,BMW,R nine T Racer,"R 1200R LC 
		Black Edition (Italy only)",https://www.motorcyclespecs.co.za/model/bmw/bmw-r1200r-black-17.html,58,LOW,MODEL_MISMATCH
000135,BMW,R nine T Racer,"R 1200R ""Dark White"" Special Edition",https://www.motorcyclespecs.co.za/model/bmw/bmw-r1200r-dark.html,58,LOW,MODEL_MISMATCH
000135,BMW,R nine T Racer,"R 1200RS LC Iconic 
		Limited Edition",https://www.motorcyclespecs.co.za/model/bmw/bmw-r1200rs-lc-iconic-16.html,58,LOW,MODEL_MISMATCH
000135,BMW,R nine T Racer,"R 1200RT LC Iconic 
		Limited Edition",https://www.motorcyclespecs.co.za/model/bmw/bmw-r1200rt-iconic-16.html,58,LOW,MODEL_MISMATCH
000135,BMW,R nine T Racer,"R 1200ST Limited 
		Edition",https://www.motorcyclespecs.co.za/model/bmw/bmw-r1200st-le-07.html,58,LOW,MODEL_MISMATCH
000135,BMW,R nine T Racer,"R 1250GS / 
		Exclusive / HP",https://www.motorcyclespecs.co.za/model/bmw/bmw-r1250gs-20.html,58,LOW,MODEL_MISMATCH
000135,BMW,R nine T Racer,R 18 Classic,https://www.motorcyclespecs.co.za/model/bmw/bmw-r18-classic-21.html,58,LOW,MODEL_MISMATCH
000135,BMW,R nine T Racer,R 18 Classic,https://www.motorcyclespecs.co.za/model/bmw/bmw-r18-classic-22.html,58,LOW,MODEL_MISMATCH
000135,BMW,R nine T Racer,"R 18 Classic 
		First Edition",https://www.motorcyclespecs.co.za/model/bmw/bmw-r18-classic-first-edition-21.html,58,LOW,MODEL_MISMATCH
000135,BMW,R nine T Racer,R 68 SDT Special,https://www.motorcyclespecs.co.za/model/bmw/bmw-r68-sdt.html,58,LOW,MODEL_MISMATCH
000135,BMW,R nine T Racer,R 80RT,https://www.motorcyclespecs.co.za/model/bmw/bmw-r80rt-82.html,58,LOW,MODEL_MISMATCH
000135,BMW,R nine T Racer,R 80ST,https://www.motorcyclespecs.co.za/model/bmw/bmw-r80st-82.html,58,LOW,MODEL_MISMATCH
000135,BMW,R nine T Racer,R 80ST,https://www.motorcyclespecs.co.za/model/bmw/bmw-r80st-83.html,58,LOW,MODEL_MISMATCH
000135,BMW,R nine T Racer,R 80RT,https://www.motorcyclespecs.co.za/model/bmw/bmw-r80t-81.html,58,LOW,MODEL_MISMATCH
000135,BMW,R nine T Racer,R 850RT,https://www.motorcyclespecs.co.za/model/bmw/bmw-r850rt-02.html,58,LOW,MODEL_MISMATCH
000135,BMW,R nine T Racer,"R 
		850RT",https://www.motorcyclespecs.co.za/model/bmw/bmw-r850rt.html,58,LOW,MODEL_MISMATCH
000135,BMW,R nine T Racer,R 900RR Dakar,https://www.motorcyclespecs.co.za/model/bmw/bmw-r900gs-rally-99.html,58,LOW,MODEL_MISMATCH
000135,BMW,R nine T Racer,"R 100RS 
		Motorsport Special Edition",https://www.motorcyclespecs.co.za/model/bmw/bmw-r100rs-le-78..html,57,LOW,MODEL_MISMATCH
000135,BMW,R nine T Racer,R 1100RS,https://www.motorcyclespecs.co.za/model/bmw/bmw-r1100rs-93.html,57,LOW,MODEL_MISMATCH
000135,BMW,R nine T Racer,R 1100RS,https://www.motorcyclespecs.co.za/model/bmw/bmw-r1100rs-94.html,57,LOW,MODEL_MISMATCH
000135,BMW,R nine T Racer,R 1100RS,https://www.motorcyclespecs.co.za/model/bmw/bmw-r1100rs-96.html,57,LOW,MODEL_MISMATCH
000135,BMW,R nine T Racer,R 1100RS,https://www.motorcyclespecs.co.za/model/bmw/bmw-r1100rs-99.html,57,LOW,MODEL_MISMATCH
000135,BMW,R nine T Racer,R 1100RT,https://www.motorcyclespecs.co.za/model/bmw/bmw-r1100rt-95.html,57,LOW,MODEL_MISMATCH
000135,BMW,R nine T Racer,R 1100RT,https://www.motorcyclespecs.co.za/model/bmw/bmw-r1100rt-97.html,57,LOW,MODEL_MISMATCH
000135,BMW,R nine T Racer,R 1100RT,https://www.motorcyclespecs.co.za/model/bmw/bmw-r1100rt-98.html,57,LOW,MODEL_MISMATCH
000135,BMW,R nine T Racer,R 1100RT,https://www.motorcyclespecs.co.za/model/bmw/bmw-r1100rt-99.html,57,LOW,MODEL_MISMATCH
000135,BMW,R nine T Racer,R 1150GS Adventure,https://www.motorcyclespecs.co.za/model/bmw/bmw-r1150gs-adven-03.html,57,LOW,MODEL_MISMATCH
000135,BMW,R nine T Racer,R 1150GS Adventure,https://www.motorcyclespecs.co.za/model/bmw/bmw-r1150gs-adven-04.html,57,LOW,MODEL_MISMATCH
000135,BMW,R nine T Racer,R 1150GS Adventure,https://www.motorcyclespecs.co.za/model/bmw/bmw-r1150gs-adven-05.html,57,LOW,MODEL_MISMATCH
000135,BMW,R nine T Racer,R 1150GS Adventure,https://www.motorcyclespecs.co.za/model/bmw/bmw-r1150gs-adven-bub-03.html,57,LOW,MODEL_MISMATCH
000135,BMW,R nine T Racer,R 1150GS Adventure,https://www.motorcyclespecs.co.za/model/bmw/bmw-r1150gs-adven.html,57,LOW,MODEL_MISMATCH
000135,BMW,R nine T Racer,R 1150RS,https://www.motorcyclespecs.co.za/model/bmw/bmw-r1150rs-02.html,57,LOW,MODEL_MISMATCH
000135,BMW,R nine T Racer,R 1150RS,https://www.motorcyclespecs.co.za/model/bmw/bmw-r1150rs.html,57,LOW,MODEL_MISMATCH
000135,BMW,R nine T Racer,R 1150RT,https://www.motorcyclespecs.co.za/model/bmw/bmw-r1150rt-03.html,57,LOW,MODEL_MISMATCH
000135,BMW,R nine T Racer,R 1150RT,https://www.motorcyclespecs.co.za/model/bmw/bmw-r1150rt.html,57,LOW,MODEL_MISMATCH
000135,BMW,R nine T Racer,R 1200GS Adventure,https://www.motorcyclespecs.co.za/model/bmw/bmw-r1200gs-adventure-06.html,57,LOW,MODEL_MISMATCH
000135,BMW,R nine T Racer,R 1200GS Adventure,https://www.motorcyclespecs.co.za/model/bmw/bmw-r1200gs-adventure-07.html,57,LOW,MODEL_MISMATCH
000135,BMW,R nine T Racer,R 1200GS Adventure,https://www.motorcyclespecs.co.za/model/bmw/bmw-r1200gs-adventure-08.html,57,LOW,MODEL_MISMATCH
000135,BMW,R nine T Racer,"R 
		1200GS Adventure",https://www.motorcyclespecs.co.za/model/bmw/bmw-r1200gs-adventure-09.html,57,LOW,MODEL_MISMATCH
000135,BMW,R nine T Racer,R 1200GS Adventure,https://www.motorcyclespecs.co.za/model/bmw/bmw-r1200gs-adventure-10.html,57,LOW,MODEL_MISMATCH
000135,BMW,R nine T Racer,"R 
		1200GS Adventure",https://www.motorcyclespecs.co.za/model/bmw/bmw-r1200gs-adventure-11.html,57,LOW,MODEL_MISMATCH
000135,BMW,R nine T Racer,"R 
		1200GS Adventure",https://www.motorcyclespecs.co.za/model/bmw/bmw-r1200gs-adventure-12.html,57,LOW,MODEL_MISMATCH
000135,BMW,R nine T Racer,"R 
		1200GS Adventure",https://www.motorcyclespecs.co.za/model/bmw/bmw-r1200gs-adventure-13.html,57,LOW,MODEL_MISMATCH
000135,BMW,R nine T Racer,R 1200GS Adventure,https://www.motorcyclespecs.co.za/model/bmw/bmw-r1200gs-adventure-heroes-legend.html,57,LOW,MODEL_MISMATCH
000135,BMW,R nine T Racer,R 1200GS LC Iconic Limited Edition,https://www.motorcyclespecs.co.za/model/bmw/bmw-r1200gs-iconic.html,57,LOW,MODEL_MISMATCH
000135,BMW,R nine T Racer,R 1200RT,https://www.motorcyclespecs.co.za/model/bmw/bmw-r1200rt-05.html,57,LOW,MODEL_MISMATCH
000135,BMW,R nine T Racer,R 1200RT,https://www.motorcyclespecs.co.za/model/bmw/bmw-r1200rt-06.html,57,LOW,MODEL_MISMATCH
000135,BMW,R nine T Racer,R 1200RT,https://www.motorcyclespecs.co.za/model/bmw/bmw-r1200rt-07.html,57,LOW,MODEL_MISMATCH
000135,BMW,R nine T Racer,R 1200RT,https://www.motorcyclespecs.co.za/model/bmw/bmw-r1200rt-08.html,57,LOW,MODEL_MISMATCH
000135,BMW,R nine T Racer,R 1200RT,https://www.motorcyclespecs.co.za/model/bmw/bmw-r1200rt-09.html,57,LOW,MODEL_MISMATCH
000135,BMW,R nine T Racer,R 1200RT,https://www.motorcyclespecs.co.za/model/bmw/bmw-r1200rt-10.html,57,LOW,MODEL_MISMATCH
000135,BMW,R nine T Racer,R 1200RT,https://www.motorcyclespecs.co.za/model/bmw/bmw-r1200rt-11.html,57,LOW,MODEL_MISMATCH
000135,BMW,R nine T Racer,R 1200RT,https://www.motorcyclespecs.co.za/model/bmw/bmw-r1200rt-12.html,57,LOW,MODEL_MISMATCH
000135,BMW,R nine T Racer,R 1200RT,https://www.motorcyclespecs.co.za/model/bmw/bmw-r1200rt-13.html,57,LOW,MODEL_MISMATCH
000135,BMW,R nine T Racer,R 1200ST,https://www.motorcyclespecs.co.za/model/bmw/bmw-r1200st-05.html,57,LOW,MODEL_MISMATCH
000135,BMW,R nine T Racer,R 1200ST,https://www.motorcyclespecs.co.za/model/bmw/bmw-r1200st-06.html,57,LOW,MODEL_MISMATCH
000135,BMW,R nine T Racer,R 1200ST,https://www.motorcyclespecs.co.za/model/bmw/bmw-r1200st-07.html,57,LOW,MODEL_MISMATCH
000135,BMW,R nine T Racer,"R 
		1250GS Adventure",https://www.motorcyclespecs.co.za/model/bmw/bmw-r1250gs-adven-20.html,57,LOW,MODEL_MISMATCH
000135,BMW,R nine T Racer,"R 
		1250GS Adventure",https://www.motorcyclespecs.co.za/model/bmw/bmw-r1250gs-adven-21.html,57,LOW,MODEL_MISMATCH
000135,BMW,R nine T Racer,R 1250RS,https://www.motorcyclespecs.co.za/model/bmw/bmw-r1250rs-19.html,57,LOW,MODEL_MISMATCH
000135,BMW,R nine T Racer,R 1250RS,https://www.motorcyclespecs.co.za/model/bmw/bmw-r1250rs-20.html,57,LOW,MODEL_MISMATCH
000135,BMW,R nine T Racer,R 1250RS,https://www.motorcyclespecs.co.za/model/bmw/bmw-r1250rs-21.html,57,LOW,MODEL_MISMATCH
000135,BMW,R nine T Racer,R 1250RS,https://www.motorcyclespecs.co.za/model/bmw/bmw-r1250rs-22.html,57,LOW,MODEL_MISMATCH
000135,BMW,R nine T Racer,R 1250RS,https://www.motorcyclespecs.co.za/model/bmw/bmw-r1250rs-23.html,57,LOW,MODEL_MISMATCH
000135,BMW,R nine T Racer,R 12 5 0RT,https://www.motorcyclespecs.co.za/model/bmw/bmw-r1250rt-19.html,57,LOW,MODEL_MISMATCH
000135,BMW,R nine T Racer,R 1250RT,https://www.motorcyclespecs.co.za/model/bmw/bmw-r1250rt-20.html,57,LOW,MODEL_MISMATCH
000135,BMW,R nine T Racer,R 1250RS,https://www.motorcyclespecs.co.za/model/bmw/bmw-r1250rt-21.html,57,LOW,MODEL_MISMATCH
000135,BMW,R nine T Racer,R 1250RT,https://www.motorcyclespecs.co.za/model/bmw/bmw-r1250rt-22.html,57,LOW,MODEL_MISMATCH
000135,BMW,R nine T Racer,"R 1300GS 
		Adventure Dark (France only)",https://www.motorcyclespecs.co.za/model/bmw/bmw-r1300gs-adventure-dark-2026.html,57,LOW,MODEL_MISMATCH
000135,BMW,R nine T Racer,"R 
		1300RS",https://www.motorcyclespecs.co.za/model/bmw/bmw-r1300rs-2025.html,57,LOW,MODEL_MISMATCH
000135,BMW,R nine T Racer,"R 
		1300RS",https://www.motorcyclespecs.co.za/model/bmw/bmw-r1300rs-2027.html,57,LOW,MODEL_MISMATCH
000135,BMW,R nine T Racer,R 1300RT,https://www.motorcyclespecs.co.za/model/bmw/bmw-r1300rt-2025.html,57,LOW,MODEL_MISMATCH
000135,BMW,R nine T Racer,"R 
		1250GS Adventure",https://www.motorcyclespecs.co.za/model/bmw/bmw-r250gs_adven-19.html,57,LOW,MODEL_MISMATCH
000135,BMW,R nine T Racer,R 65RT Mono,https://www.motorcyclespecs.co.za/model/bmw/bmw-r65rt-85.html,57,LOW,MODEL_MISMATCH
000135,BMW,R nine T Racer,R 80GS Kalahari,https://www.motorcyclespecs.co.za/model/bmw/bmw-r80gs-kalahari.html,57,LOW,MODEL_MISMATCH
000135,BMW,R nine T Racer,R 80RT Mono,https://www.motorcyclespecs.co.za/model/bmw/bmw-r80rt-85.html,57,LOW,MODEL_MISMATCH
000135,BMW,R nine T Racer,R 100CS,https://www.motorcyclespecs.co.za/model/bmw/bmw-r100cs-77.html,56,LOW,MODEL_MISMATCH
000135,BMW,R nine T Racer,R 100CS,https://www.motorcyclespecs.co.za/model/bmw/bmw-r100cs-81.html,56,LOW,MODEL_MISMATCH
000135,BMW,R nine T Racer,R 100CS,https://www.motorcyclespecs.co.za/model/bmw/bmw-r100cs-82.html,56,LOW,MODEL_MISMATCH
000135,BMW,R nine T Racer,R 100RS Mono,https://www.motorcyclespecs.co.za/model/bmw/bmw-r100rs-86.html,56,LOW,MODEL_MISMATCH
000135,BMW,R nine T Racer,R 100RS Mono,https://www.motorcyclespecs.co.za/model/bmw/bmw-r100rs-90.html,56,LOW,MODEL_MISMATCH
000135,BMW,R nine T Racer,R 100RT Mono,https://www.motorcyclespecs.co.za/model/bmw/bmw-r100rt-87.html,56,LOW,MODEL_MISMATCH
000135,BMW,R nine T Racer,R 100RT Mono,https://www.motorcyclespecs.co.za/model/bmw/bmw-r100rt-90.html,56,LOW,MODEL_MISMATCH
000135,BMW,R nine T Racer,R 1200C,https://www.motorcyclespecs.co.za/model/bmw/bmw-r1200c-00.html,56,LOW,MODEL_MISMATCH
000135,BMW,R nine T Racer,R 1200C,https://www.motorcyclespecs.co.za/model/bmw/bmw-r1200c-03.html,56,LOW,MODEL_MISMATCH
000135,BMW,R nine T Racer,R 1200C,https://www.motorcyclespecs.co.za/model/bmw/bmw-r1200c-98.html,56,LOW,MODEL_MISMATCH
000135,BMW,R nine T Racer,R 1200C,https://www.motorcyclespecs.co.za/model/bmw/bmw-r1200c.html,56,LOW,MODEL_MISMATCH
000135,BMW,R nine T Racer,R 1200GS LC,https://www.motorcyclespecs.co.za/model/bmw/bmw-r1200gs-13.html,56,LOW,MODEL_MISMATCH
000135,BMW,R nine T Racer,R 1200GS LC,https://www.motorcyclespecs.co.za/model/bmw/bmw-r1200gs-14.html,56,LOW,MODEL_MISMATCH
000135,BMW,R nine T Racer,R 1200GS LC,https://www.motorcyclespecs.co.za/model/bmw/bmw-r1200gs-15.html,56,LOW,MODEL_MISMATCH
000135,BMW,R nine T Racer,R 1200GS LC,https://www.motorcyclespecs.co.za/model/bmw/bmw-r1200gs-16.html,56,LOW,MODEL_MISMATCH
000135,BMW,R nine T Racer,R 1200GS Tom Luthi Limited Edition,https://www.motorcyclespecs.co.za/model/bmw/bmw-r1200gs-Luthi-ie.html,56,LOW,MODEL_MISMATCH
000135,BMW,R nine T Racer,"R 
		1200GS LC Adventure",https://www.motorcyclespecs.co.za/model/bmw/bmw-r1200gs-adventure-14.html,56,LOW,MODEL_MISMATCH
000135,BMW,R nine T Racer,"R 
		1200GS LC Adventure",https://www.motorcyclespecs.co.za/model/bmw/bmw-r1200gs-adventure-15.html,56,LOW,MODEL_MISMATCH
000135,BMW,R nine T Racer,"R 
		1200GS LC Adventure",https://www.motorcyclespecs.co.za/model/bmw/bmw-r1200gs-adventure-16.html,56,LOW,MODEL_MISMATCH
000135,BMW,R nine T Racer,"R 1200GS 
		LC Adventure",https://www.motorcyclespecs.co.za/model/bmw/bmw-r1200gs-adventure-18.html,56,LOW,MODEL_MISMATCH
000135,BMW,R nine T Racer,"R 1200GS 
		LC Adventure Black Edition",https://www.motorcyclespecs.co.za/model/bmw/bmw-r1200gs-adventure-black-18.html,56,LOW,MODEL_MISMATCH
000135,BMW,R nine T Racer,R 1200GS Adventure Triple Black,https://www.motorcyclespecs.co.za/model/bmw/bmw-r1200gs-adventure-black.html,56,LOW,MODEL_MISMATCH
000135,BMW,R nine T Racer,"R 1200GS 
		LC Adventure Triple Black",https://www.motorcyclespecs.co.za/model/bmw/bmw-r1200gs-adventure-triple-black.html,56,LOW,MODEL_MISMATCH
000135,BMW,R nine T Racer,"R 
		1200R Touring Special",https://www.motorcyclespecs.co.za/model/bmw/bmw-r1200r-special-10.html,56,LOW,MODEL_MISMATCH
000135,BMW,R nine T Racer,"R 
		1250GS Adventure 40 Years Edition",https://www.motorcyclespecs.co.za/model/bmw/bmw-r1250gs-adven-40th-21.html,56,LOW,MODEL_MISMATCH
000135,BMW,R nine T Racer,R 65 Mono,https://www.motorcyclespecs.co.za/model/bmw/bmw-r65-85.html,56,LOW,MODEL_MISMATCH
000135,BMW,R nine T Racer,R 80 Mono,https://www.motorcyclespecs.co.za/model/bmw/bmw-r80-84.html,56,LOW,MODEL_MISMATCH
000135,BMW,R nine T Racer,R 1100RR Rally,https://www.motorcyclespecs.co.za/model/bmw/bmw-r1100gs-rally.html,55,LOW,MODEL_MISMATCH
000135,BMW,R nine T Racer,R 1100S Boxer Cup Replica,https://www.motorcyclespecs.co.za/model/bmw/bmw-r1100s-boxer-cup.html,55,LOW,MODEL_MISMATCH
000135,BMW,R nine T Racer,R 1100S Boxer Cup Replica,https://www.motorcyclespecs.co.za/model/bmw/bmw-r1100s-replica-04.html,55,LOW,MODEL_MISMATCH
000135,BMW,R nine T Racer,R 1150GS Adventure Special Edition,https://www.motorcyclespecs.co.za/model/bmw/bmw-r1150gs-adv-spec.html,55,LOW,MODEL_MISMATCH
000135,BMW,R nine T Racer,R 1200CL,https://www.motorcyclespecs.co.za/model/bmw/bmw-r1200cl-04.html,55,LOW,MODEL_MISMATCH
000135,BMW,R nine T Racer,R 1200CL,https://www.motorcyclespecs.co.za/model/bmw/bmw-r1200cl-05.html,55,LOW,MODEL_MISMATCH
000135,BMW,R nine T Racer,R 1200CL,https://www.motorcyclespecs.co.za/model/bmw/bmw-r1200cl.html,55,LOW,MODEL_MISMATCH
000135,BMW,R nine T Racer,R 1200GS Adventure 90th Anniversary Special,https://www.motorcyclespecs.co.za/model/bmw/bmw-r1200gs-90th-anniversary.html,55,LOW,MODEL_MISMATCH
000135,BMW,R nine T Racer,R 1200GS Adventure 30th Anniversary Special,https://www.motorcyclespecs.co.za/model/bmw/bmw-r1200gs-adventure-special-10.html,55,LOW,MODEL_MISMATCH
000135,BMW,R nine T Racer,R 1200RT Touring Special,https://www.motorcyclespecs.co.za/model/bmw/bmw-r1200rt-se-09.html,55,LOW,MODEL_MISMATCH
000135,BMW,R nine T Racer,"R 1300GS 
		Adventure/Trophy/Triple Black",https://www.motorcyclespecs.co.za/model/bmw/bmw-r1300gs-adventure-2024.html,55,LOW,MODEL_MISMATCH
000135,BMW,R nine T Racer,R 80R,https://www.motorcyclespecs.co.za/model/bmw/bmw-r80r-91.html,55,LOW,MODEL_MISMATCH
000135,BMW,R nine T Racer,R 100R,https://www.motorcyclespecs.co.za/model/bmw/bmw-r100r-92.html,54,LOW,MODEL_MISMATCH
000135,BMW,R nine T Racer,R 100R,https://www.motorcyclespecs.co.za/model/bmw/bmw-r100r-94.html,54,LOW,MODEL_MISMATCH
000135,BMW,R nine T Racer,R 1100R,https://www.motorcyclespecs.co.za/model/bmw/bmw-r1100r-94.html,54,LOW,MODEL_MISMATCH
000135,BMW,R nine T Racer,R 1100R,https://www.motorcyclespecs.co.za/model/bmw/bmw-r1100r-96.html,54,LOW,MODEL_MISMATCH
000135,BMW,R nine T Racer,R 1100R,https://www.motorcyclespecs.co.za/model/bmw/bmw-r1100r-98.html,54,LOW,MODEL_MISMATCH
000135,BMW,R nine T Racer,R 1150R,https://www.motorcyclespecs.co.za/model/bmw/bmw-r1150r-01.html,54,LOW,MODEL_MISMATCH
000135,BMW,R nine T Racer,R 1150R,https://www.motorcyclespecs.co.za/model/bmw/bmw-r1150r-03.html,54,LOW,MODEL_MISMATCH
000135,BMW,R nine T Racer,R 1150R,https://www.motorcyclespecs.co.za/model/bmw/bmw-r1150r-05.html,54,LOW,MODEL_MISMATCH
000135,BMW,R nine T Racer,R 1150R,https://www.motorcyclespecs.co.za/model/bmw/bmw-r1150r.html,54,LOW,MODEL_MISMATCH
000135,BMW,R nine T Racer,R 1200R,https://www.motorcyclespecs.co.za/model/bmw/bmw-r1200r-07.html,54,LOW,MODEL_MISMATCH
000135,BMW,R nine T Racer,R 1200R,https://www.motorcyclespecs.co.za/model/bmw/bmw-r1200r-08.html,54,LOW,MODEL_MISMATCH
000135,BMW,R nine T Racer,R 1200R,https://www.motorcyclespecs.co.za/model/bmw/bmw-r1200r-09.html,54,LOW,MODEL_MISMATCH
000135,BMW,R nine T Racer,R 1200R,https://www.motorcyclespecs.co.za/model/bmw/bmw-r1200r-10.html,54,LOW,MODEL_MISMATCH
000135,BMW,R nine T Racer,R 1200R,https://www.motorcyclespecs.co.za/model/bmw/bmw-r1200r-11.html,54,LOW,MODEL_MISMATCH
000135,BMW,R nine T Racer,R 1200R,https://www.motorcyclespecs.co.za/model/bmw/bmw-r1200r-12.html,54,LOW,MODEL_MISMATCH
000135,BMW,R nine T Racer,R 1200R,https://www.motorcyclespecs.co.za/model/bmw/bmw-r1200r-13.html,54,LOW,MODEL_MISMATCH
000135,BMW,R nine T Racer,R 1200R,https://www.motorcyclespecs.co.za/model/bmw/bmw-r1200r-14.html,54,LOW,MODEL_MISMATCH
000135,BMW,R nine T Racer,R 1250R,https://www.motorcyclespecs.co.za/model/bmw/bmw-r1250r-19.html,54,LOW,MODEL_MISMATCH
000135,BMW,R nine T Racer,R 1250R,https://www.motorcyclespecs.co.za/model/bmw/bmw-r1250r-21.html,54,LOW,MODEL_MISMATCH
000135,BMW,R nine T Racer,R 1250R,https://www.motorcyclespecs.co.za/model/bmw/bmw-r1250r-23.html,54,LOW,MODEL_MISMATCH
000135,BMW,R nine T Racer,R 1250R,https://www.motorcyclespecs.co.za/model/bmw/bmw-r1250r_20.html,54,LOW,MODEL_MISMATCH
000135,BMW,R nine T Racer,R 12 5 0R T Sport,https://www.motorcyclespecs.co.za/model/bmw/bmw-r1250rt-sp-19.html,54,LOW,MODEL_MISMATCH
000135,BMW,R nine T Racer,R 80G/S Paris Dakar,https://www.motorcyclespecs.co.za/model/bmw/bmw-r80gs-pd-84.html,54,LOW,MODEL_MISMATCH
000135,BMW,R nine T Racer,R 850R,https://www.motorcyclespecs.co.za/model/bmw/bmw-r850r-94.html,54,LOW,MODEL_MISMATCH
000135,BMW,R nine T Racer,R 850R,https://www.motorcyclespecs.co.za/model/bmw/bmw-r850r-98.html,54,LOW,MODEL_MISMATCH
000135,BMW,R nine T Racer,R 850R,https://www.motorcyclespecs.co.za/model/bmw/bmw-r850r-con-03.html,54,LOW,MODEL_MISMATCH
000135,BMW,R nine T Racer,R 1200GS LC Adventure Iconic Limited Edition,https://www.motorcyclespecs.co.za/model/bmw/bmw-r1200gs-adventure-iconic-16.html,53,LOW,MODEL_MISMATCH
000135,BMW,R nine T Racer,R 1200GS Adventure Long Way Down Replicas,https://www.motorcyclespecs.co.za/model/bmw/bmw-r1200gs-adventure-long-way.html,53,LOW,MODEL_MISMATCH
000135,BMW,R nine T Racer,bmw r100gs,https://www.motorcyclespecs.co.za/model/Custom/bmw-r100gs.html,52,LOW,MODEL_MISMATCH
000135,BMW,R nine T Racer,R 100GS,https://www.motorcyclespecs.co.za/model/bmw/bmw-r100gs-87.html,52,LOW,MODEL_MISMATCH
000135,BMW,R nine T Racer,R 100GS,https://www.motorcyclespecs.co.za/model/bmw/bmw-r100gs-89.html,52,LOW,MODEL_MISMATCH
000135,BMW,R nine T Racer,R 100GS,https://www.motorcyclespecs.co.za/model/bmw/bmw-r100gs-90.html,52,LOW,MODEL_MISMATCH
000135,BMW,R nine T Racer,R 100GS,https://www.motorcyclespecs.co.za/model/bmw/bmw-r100gs-91.html,52,LOW,MODEL_MISMATCH
000135,BMW,R nine T Racer,R 12GS,https://www.motorcyclespecs.co.za/model/bmw/bmw-r12-gs-2025.html,52,LOW,MODEL_MISMATCH
000135,BMW,R nine T Racer,R 1250GS HP,https://www.motorcyclespecs.co.za/model/bmw/bmw-r1250gs-hp-19.html,52,LOW,MODEL_MISMATCH
000135,BMW,R nine T Racer,R 18 B,https://www.motorcyclespecs.co.za/model/bmw/bmw-r18-b-22.html,52,LOW,MODEL_MISMATCH
000135,BMW,R nine T Racer,"R 
		50US",https://www.motorcyclespecs.co.za/model/bmw/bmw-r50us.html,52,LOW,MODEL_MISMATCH
000135,BMW,R nine T Racer,R 60US,https://www.motorcyclespecs.co.za/model/bmw/bmw-r60-us.html,52,LOW,MODEL_MISMATCH
000135,BMW,R nine T Racer,"R 
		65GS",https://www.motorcyclespecs.co.za/model/bmw/bmw-r65gs.html,52,LOW,MODEL_MISMATCH
000135,BMW,R nine T Racer,R 65LS,https://www.motorcyclespecs.co.za/model/bmw/bmw-r65ls-81.html,52,LOW,MODEL_MISMATCH
000135,BMW,R nine T Racer,"R 
		69US",https://www.motorcyclespecs.co.za/model/bmw/bmw-r69.html,52,LOW,MODEL_MISMATCH
000135,BMW,R nine T Racer,R 80GS,https://www.motorcyclespecs.co.za/model/bmw/bmw-r80gs-86.html,52,LOW,MODEL_MISMATCH
000135,BMW,R nine T Racer,R 80GS,https://www.motorcyclespecs.co.za/model/bmw/bmw-r80gs-88.html,52,LOW,MODEL_MISMATCH
000135,BMW,R nine T Racer,R 80GS,https://www.motorcyclespecs.co.za/model/bmw/bmw-r80gs-89.html,52,LOW,MODEL_MISMATCH
000135,BMW,R nine T Racer,R 80GS,https://www.motorcyclespecs.co.za/model/bmw/bmw-r80gs-90.html,52,LOW,MODEL_MISMATCH
000135,BMW,R nine T Racer,R 80GS,https://www.motorcyclespecs.co.za/model/bmw/bmw-r80gs-91.html,52,LOW,MODEL_MISMATCH
000135,BMW,R nine T Racer,R 80G/S Prototype,https://www.motorcyclespecs.co.za/model/bmw/bmw-r80gs-prototype.html,52,LOW,MODEL_MISMATCH
000135,BMW,R nine T Racer,R 850GS,https://www.motorcyclespecs.co.za/model/bmw/bmw-r850gs-99.html,52,LOW,MODEL_MISMATCH
000135,BMW,R nine T Racer,R 850GS,https://www.motorcyclespecs.co.za/model/bmw/bmw-r850gs.html,52,LOW,MODEL_MISMATCH
000135,BMW,R nine T Racer,R 1100GS,https://www.motorcyclespecs.co.za/model/bmw/bmw-r1100gs-94.html,51,LOW,MODEL_MISMATCH
000135,BMW,R nine T Racer,R 1100GS,https://www.motorcyclespecs.co.za/model/bmw/bmw-r1100gs-95.html,51,LOW,MODEL_MISMATCH
000135,BMW,R nine T Racer,R 1100GS,https://www.motorcyclespecs.co.za/model/bmw/bmw-r1100gs-96.html,51,LOW,MODEL_MISMATCH
000135,BMW,R nine T Racer,R 1100GS,https://www.motorcyclespecs.co.za/model/bmw/bmw-r1100gs-97.html,51,LOW,MODEL_MISMATCH
000135,BMW,R nine T Racer,R 1100GS,https://www.motorcyclespecs.co.za/model/bmw/bmw-r1100gs-98.html,51,LOW,MODEL_MISMATCH
000135,BMW,R nine T Racer,R 1150GS,https://www.motorcyclespecs.co.za/model/bmw/bmw-r1150gs-00.html,51,LOW,MODEL_MISMATCH
000135,BMW,R nine T Racer,R 1150GS,https://www.motorcyclespecs.co.za/model/bmw/bmw-r1150gs-01.html,51,LOW,MODEL_MISMATCH
000135,BMW,R nine T Racer,R 1150GS,https://www.motorcyclespecs.co.za/model/bmw/bmw-r1150gs-02.html,51,LOW,MODEL_MISMATCH
000135,BMW,R nine T Racer,R 1150GS,https://www.motorcyclespecs.co.za/model/bmw/bmw-r1150gs-03.html,51,LOW,MODEL_MISMATCH
000135,BMW,R nine T Racer,R 1150GS,https://www.motorcyclespecs.co.za/model/bmw/bmw-r1150gs.html,51,LOW,MODEL_MISMATCH
000135,BMW,R nine T Racer,R 1200GS,https://www.motorcyclespecs.co.za/model/bmw/bmw-r1200gs-04.html,51,LOW,MODEL_MISMATCH
000135,BMW,R nine T Racer,R 1200GS,https://www.motorcyclespecs.co.za/model/bmw/bmw-r1200gs-05.html,51,LOW,MODEL_MISMATCH
000135,BMW,R nine T Racer,R 1200GS,https://www.motorcyclespecs.co.za/model/bmw/bmw-r1200gs-06.html,51,LOW,MODEL_MISMATCH
000135,BMW,R nine T Racer,R 1200GS,https://www.motorcyclespecs.co.za/model/bmw/bmw-r1200gs-07.html,51,LOW,MODEL_MISMATCH
000135,BMW,R nine T Racer,R 1200GS,https://www.motorcyclespecs.co.za/model/bmw/bmw-r1200gs-08.html,51,LOW,MODEL_MISMATCH
000135,BMW,R nine T Racer,R 1200GS,https://www.motorcyclespecs.co.za/model/bmw/bmw-r1200gs-10.html,51,LOW,MODEL_MISMATCH
000135,BMW,R nine T Racer,R 1200GS,https://www.motorcyclespecs.co.za/model/bmw/bmw-r1200gs-11.html,51,LOW,MODEL_MISMATCH
000135,BMW,R nine T Racer,R 1200GS,https://www.motorcyclespecs.co.za/model/bmw/bmw-r1200gs-12.html,51,LOW,MODEL_MISMATCH
000135,BMW,R nine T Racer,R 1250GS,https://www.motorcyclespecs.co.za/model/bmw/bmw-r1250gs-19.html,51,LOW,MODEL_MISMATCH
000135,BMW,R nine T Racer,R 1250GS,https://www.motorcyclespecs.co.za/model/bmw/bmw-r1250gs-21.html,51,LOW,MODEL_MISMATCH
000135,BMW,R nine T Racer,"R 
		1300GS",https://www.motorcyclespecs.co.za/model/bmw/bmw-r1300gs-2024.html,51,LOW,MODEL_MISMATCH
000135,BMW,R nine T Racer,R 2,https://www.motorcyclespecs.co.za/model/bmw/bmw-r2.html,51,LOW,MODEL_MISMATCH
000135,BMW,R nine T Racer,R 3,https://www.motorcyclespecs.co.za/model/bmw/bmw-r3.html,51,LOW,MODEL_MISMATCH
000135,BMW,R nine T Racer,R 4,https://www.motorcyclespecs.co.za/model/bmw/bmw-r4.html,51,LOW,MODEL_MISMATCH
000135,BMW,R nine T Racer,R 5,https://www.motorcyclespecs.co.za/model/bmw/bmw-r5.html,51,LOW,MODEL_MISMATCH
000135,BMW,R nine T Racer,R 6,https://www.motorcyclespecs.co.za/model/bmw/bmw-r6.html,51,LOW,MODEL_MISMATCH
000135,BMW,R nine T Racer,R 80G/S Dakar GS80R-GS980R,https://www.motorcyclespecs.co.za/model/bmw/bmw-r80gs-paris.html,51,LOW,MODEL_MISMATCH
000135,BMW,R nine T Racer,R 100/7,https://www.motorcyclespecs.co.za/model/bmw/bmw-r100-7-78.html,50,LOW,MODEL_MISMATCH
000135,BMW,R nine T Racer,"R 
		100/7",https://www.motorcyclespecs.co.za/model/bmw/bmw-r100-7.html,50,LOW,MODEL_MISMATCH
000135,BMW,R nine T Racer,R 100,https://www.motorcyclespecs.co.za/model/bmw/bmw-r100-80.html,50,LOW,MODEL_MISMATCH
000135,BMW,R nine T Racer,R 100,https://www.motorcyclespecs.co.za/model/bmw/bmw-r100-82.html,50,LOW,MODEL_MISMATCH
000135,BMW,R nine T Racer,R 11,https://www.motorcyclespecs.co.za/model/bmw/bmw-r11.html,50,LOW,MODEL_MISMATCH
000135,BMW,R nine T Racer,R 12,https://www.motorcyclespecs.co.za/model/bmw/bmw-r12-twin-carb.html,50,LOW,MODEL_MISMATCH
000135,BMW,R nine T Racer,R 16,https://www.motorcyclespecs.co.za/model/bmw/bmw-r16.html,50,LOW,MODEL_MISMATCH
000135,BMW,R nine T Racer,R 17,https://www.motorcyclespecs.co.za/model/bmw/bmw-r17.html,50,LOW,MODEL_MISMATCH
000135,BMW,R nine T Racer,R 18,https://www.motorcyclespecs.co.za/model/bmw/bmw-r18-20.html,50,LOW,MODEL_MISMATCH
000135,BMW,R nine T Racer,R 18,https://www.motorcyclespecs.co.za/model/bmw/bmw-r18-22.html,50,LOW,MODEL_MISMATCH
000135,BMW,R nine T Racer,R 20,https://www.motorcyclespecs.co.za/model/bmw/bmw-r20.html,50,LOW,MODEL_MISMATCH
000135,BMW,R nine T Racer,R 23,https://www.motorcyclespecs.co.za/model/bmw/bmw-r23.html,50,LOW,MODEL_MISMATCH
000135,BMW,R nine T Racer,R 24,https://www.motorcyclespecs.co.za/model/bmw/bmw-r24.html,50,LOW,MODEL_MISMATCH
000135,BMW,R nine T Racer,R 25/2,https://www.motorcyclespecs.co.za/model/bmw/bmw-r25-2.html,50,LOW,MODEL_MISMATCH
000135,BMW,R nine T Racer,R 25/3,https://www.motorcyclespecs.co.za/model/bmw/bmw-r25-3.html,50,LOW,MODEL_MISMATCH
000135,BMW,R nine T Racer,R 25,https://www.motorcyclespecs.co.za/model/bmw/bmw-r25.html,50,LOW,MODEL_MISMATCH
000135,BMW,R nine T Racer,R 26,https://www.motorcyclespecs.co.za/model/bmw/bmw-r26.html,50,LOW,MODEL_MISMATCH
000135,BMW,R nine T Racer,R 27,https://www.motorcyclespecs.co.za/model/bmw/bmw-r27.html,50,LOW,MODEL_MISMATCH
000135,BMW,R nine T Racer,R 32,https://www.motorcyclespecs.co.za/model/bmw/bmw-r32.html,50,LOW,MODEL_MISMATCH
000135,BMW,R nine T Racer,R 35,https://www.motorcyclespecs.co.za/model/bmw/bmw-r35.html,50,LOW,MODEL_MISMATCH
000135,BMW,R nine T Racer,R 37,https://www.motorcyclespecs.co.za/model/bmw/bmw-r37.html,50,LOW,MODEL_MISMATCH
000135,BMW,R nine T Racer,R 39,https://www.motorcyclespecs.co.za/model/bmw/bmw-r39.html,50,LOW,MODEL_MISMATCH
000135,BMW,R nine T Racer,R 42,https://www.motorcyclespecs.co.za/model/bmw/bmw-r42.html,50,LOW,MODEL_MISMATCH
000135,BMW,R nine T Racer,R 45,https://www.motorcyclespecs.co.za/model/bmw/bmw-r45-78.html,50,LOW,MODEL_MISMATCH
000135,BMW,R nine T Racer,R 45,https://www.motorcyclespecs.co.za/model/bmw/bmw-r45-80.html,50,LOW,MODEL_MISMATCH
000135,BMW,R nine T Racer,R 45,https://www.motorcyclespecs.co.za/model/bmw/bmw-r45-82.html,50,LOW,MODEL_MISMATCH
000135,BMW,R nine T Racer,R 47,https://www.motorcyclespecs.co.za/model/bmw/bmw-r47.html,50,LOW,MODEL_MISMATCH
000135,BMW,R nine T Racer,"R 
		50/2",https://www.motorcyclespecs.co.za/model/bmw/bmw-r50-2.html,50,LOW,MODEL_MISMATCH
000135,BMW,R nine T Racer,R 50/5,https://www.motorcyclespecs.co.za/model/bmw/bmw-r50-5-69.html,50,LOW,MODEL_MISMATCH
000135,BMW,R nine T Racer,R 50,https://www.motorcyclespecs.co.za/model/bmw/bmw-r50-55.html,50,LOW,MODEL_MISMATCH
000135,BMW,R nine T Racer,"R 
		51/2",https://www.motorcyclespecs.co.za/model/bmw/bmw-r51-2.html,50,LOW,MODEL_MISMATCH
000135,BMW,R nine T Racer,"R 
		51/3",https://www.motorcyclespecs.co.za/model/bmw/bmw-r51-3.html,50,LOW,MODEL_MISMATCH
000135,BMW,R nine T Racer,R 51,https://www.motorcyclespecs.co.za/model/bmw/bmw-r51.html,50,LOW,MODEL_MISMATCH
000135,BMW,R nine T Racer,R 52,https://www.motorcyclespecs.co.za/model/bmw/bmw-r52.html,50,LOW,MODEL_MISMATCH
000135,BMW,R nine T Racer,R 57,https://www.motorcyclespecs.co.za/model/bmw/bmw-r57.html,50,LOW,MODEL_MISMATCH
000135,BMW,R nine T Racer,R 60/2,https://www.motorcyclespecs.co.za/model/bmw/bmw-r60-2-66.html,50,LOW,MODEL_MISMATCH
000135,BMW,R nine T Racer,"R 
		60/",https://www.motorcyclespecs.co.za/model/bmw/bmw-r60-2.html,50,LOW,MODEL_MISMATCH
000135,BMW,R nine T Racer,R 60/5,https://www.motorcyclespecs.co.za/model/bmw/bmw-r60-5-69.html,50,LOW,MODEL_MISMATCH
000135,BMW,R nine T Racer,R 60/5,https://www.motorcyclespecs.co.za/model/bmw/bmw-r60-5-71.html,50,LOW,MODEL_MISMATCH
000135,BMW,R nine T Racer,R 60/5,https://www.motorcyclespecs.co.za/model/bmw/bmw-r60-5-72.html,50,LOW,MODEL_MISMATCH
000135,BMW,R nine T Racer,R 60/6,https://www.motorcyclespecs.co.za/model/bmw/bmw-r60-6-73.html,50,LOW,MODEL_MISMATCH
000135,BMW,R nine T Racer,R 60/7,https://www.motorcyclespecs.co.za/model/bmw/bmw-r60-7-76.html,50,LOW,MODEL_MISMATCH
000135,BMW,R nine T Racer,R 60,https://www.motorcyclespecs.co.za/model/bmw/bmw-r60.html,50,LOW,MODEL_MISMATCH
000135,BMW,R nine T Racer,R 61,https://www.motorcyclespecs.co.za/model/bmw/bmw-r61.html,50,LOW,MODEL_MISMATCH
000135,BMW,R nine T Racer,R 62,https://www.motorcyclespecs.co.za/model/bmw/bmw-r62.html,50,LOW,MODEL_MISMATCH
000135,BMW,R nine T Racer,R 63,https://www.motorcyclespecs.co.za/model/bmw/bmw-r63.html,50,LOW,MODEL_MISMATCH
000135,BMW,R nine T Racer,R 65,https://www.motorcyclespecs.co.za/model/bmw/bmw-r65-78.html,50,LOW,MODEL_MISMATCH
000135,BMW,R nine T Racer,R 65,https://www.motorcyclespecs.co.za/model/bmw/bmw-r65-80.html,50,LOW,MODEL_MISMATCH
000135,BMW,R nine T Racer,R 66,https://www.motorcyclespecs.co.za/model/bmw/bmw-r66.html,50,LOW,MODEL_MISMATCH
000135,BMW,R nine T Racer,"R 
		67/2",https://www.motorcyclespecs.co.za/model/bmw/bmw-r67-2.html,50,LOW,MODEL_MISMATCH
000135,BMW,R nine T Racer,R 67,https://www.motorcyclespecs.co.za/model/bmw/bmw-r67.html,50,LOW,MODEL_MISMATCH
000135,BMW,R nine T Racer,R 68,https://www.motorcyclespecs.co.za/model/bmw/bmw-r68.html,50,LOW,MODEL_MISMATCH
000135,BMW,R nine T Racer,R 69,https://www.motorcyclespecs.co.za/model/bmw/bmw-r69-55.html,50,LOW,MODEL_MISMATCH
000135,BMW,R nine T Racer,R 69,https://www.motorcyclespecs.co.za/model/bmw/bmw-r69-57.html,50,LOW,MODEL_MISMATCH
000135,BMW,R nine T Racer,R 71,https://www.motorcyclespecs.co.za/model/bmw/bmw-r71.html,50,LOW,MODEL_MISMATCH
000135,BMW,R nine T Racer,R 75/5,https://www.motorcyclespecs.co.za/model/bmw/bmw-r75-5-70.html,50,LOW,MODEL_MISMATCH
000135,BMW,R nine T Racer,R 75/6,https://www.motorcyclespecs.co.za/model/bmw/bmw-r75-6-73.html,50,LOW,MODEL_MISMATCH
000135,BMW,R nine T Racer,R 75/6,https://www.motorcyclespecs.co.za/model/bmw/bmw-r75-6-75.html,50,LOW,MODEL_MISMATCH
000135,BMW,R nine T Racer,R 75/5,https://www.motorcyclespecs.co.za/model/bmw/bmw-r75-69.html,50,LOW,MODEL_MISMATCH
000135,BMW,R nine T Racer,R 75/7,https://www.motorcyclespecs.co.za/model/bmw/bmw-r75-7-76.html,50,LOW,MODEL_MISMATCH
000135,BMW,R nine T Racer,R 80/7,https://www.motorcyclespecs.co.za/model/bmw/bmw-r80-7-77.html,50,LOW,MODEL_MISMATCH
000135,BMW,R nine T Racer,R 80/7,https://www.motorcyclespecs.co.za/model/bmw/bmw-r80-7-80.html,50,LOW,MODEL_MISMATCH
000135,BMW,R nine T Racer,R 80,https://www.motorcyclespecs.co.za/model/bmw/bmw-r80-81.html,50,LOW,MODEL_MISMATCH
000135,BMW,R nine T Racer,R 90/6,https://www.motorcyclespecs.co.za/model/bmw/bmw-r90-6-74.html,50,LOW,MODEL_MISMATCH
000135,BMW,R nine T Racer,R 75/5,https://www.motorcyclespecs.co.za/model/bmw/bmw_r75-72.html,50,LOW,MODEL_MISMATCH
000135,BMW,R nine T Racer,R 100S,https://www.motorcyclespecs.co.za/model/bmw/bmw-r100s-77.html,47,LOW,MODEL_MISMATCH
000135,BMW,R nine T Racer,R 100S,https://www.motorcyclespecs.co.za/model/bmw/bmw-r100s-78.html,47,LOW,MODEL_MISMATCH
000135,BMW,R nine T Racer,R 100S,https://www.motorcyclespecs.co.za/model/bmw/bmw-r100s-79.html,47,LOW,MODEL_MISMATCH
000135,BMW,R nine T Racer,R 1100S,https://www.motorcyclespecs.co.za/model/bmw/bmw-r1100s-01.html,47,LOW,MODEL_MISMATCH
000135,BMW,R nine T Racer,R 1100S,https://www.motorcyclespecs.co.za/model/bmw/bmw-r1100s-04.html,47,LOW,MODEL_MISMATCH
000135,BMW,R nine T Racer,R 1100S,https://www.motorcyclespecs.co.za/model/bmw/bmw-r1100s-06.html,47,LOW,MODEL_MISMATCH
000135,BMW,R nine T Racer,R 1100S,https://www.motorcyclespecs.co.za/model/bmw/bmw-r1100s-99.html,47,LOW,MODEL_MISMATCH
000135,BMW,R nine T Racer,R 12 S,https://www.motorcyclespecs.co.za/model/bmw/bmw-r12-ninet-s-2025.html,47,LOW,MODEL_MISMATCH
000135,BMW,R nine T Racer,R 1200S,https://www.motorcyclespecs.co.za/model/bmw/bmw-r1200s-06.html,47,LOW,MODEL_MISMATCH
000135,BMW,R nine T Racer,R 1200S,https://www.motorcyclespecs.co.za/model/bmw/bmw-r1200s-07.html,47,LOW,MODEL_MISMATCH
000135,BMW,R nine T Racer,R 1200S,https://www.motorcyclespecs.co.za/model/bmw/bmw-r1200s-08.html,47,LOW,MODEL_MISMATCH
000135,BMW,R nine T Racer,R 50S,https://www.motorcyclespecs.co.za/model/bmw/bmw-r50S-55.html,47,LOW,MODEL_MISMATCH
000135,BMW,R nine T Racer,R 69S,https://www.motorcyclespecs.co.za/model/bmw/bmw-r69S-63.html,47,LOW,MODEL_MISMATCH
000135,BMW,R nine T Racer,R 69S,https://www.motorcyclespecs.co.za/model/bmw/bmw-r69S-66.html,47,LOW,MODEL_MISMATCH
000135,BMW,R nine T Racer,"R 
		69S",https://www.motorcyclespecs.co.za/model/bmw/bmw-r69S.html,47,LOW,MODEL_MISMATCH
000135,BMW,R nine T Racer,R 80G/S,https://www.motorcyclespecs.co.za/model/bmw/bmw-r80gS-80.html,47,LOW,MODEL_MISMATCH
000135,BMW,R nine T Racer,R 80G/S,https://www.motorcyclespecs.co.za/model/bmw/bmw-r80gS-81.html,47,LOW,MODEL_MISMATCH
000135,BMW,R nine T Racer,R 80G/S,https://www.motorcyclespecs.co.za/model/bmw/bmw-r80gS-82.html,47,LOW,MODEL_MISMATCH
000135,BMW,R nine T Racer,R 80G/S,https://www.motorcyclespecs.co.za/model/bmw/bmw-r80gS-83.html,47,LOW,MODEL_MISMATCH
000135,BMW,R nine T Racer,R 80G/S,https://www.motorcyclespecs.co.za/model/bmw/bmw-r80gs-84.html,47,LOW,MODEL_MISMATCH
000135,BMW,R nine T Racer,R 90S,https://www.motorcyclespecs.co.za/model/bmw/bmw-r90s-74.html,47,LOW,MODEL_MISMATCH
000136,BMW,R nine T Scrambler,R nineT Scrambler,https://www.motorcyclespecs.co.za/model/bmw/bmw-r-ninet-scrambler-16.html,95,HIGH,EXACT
000136,BMW,R nine T Scrambler,R nineT Scrambler,https://www.motorcyclespecs.co.za/model/bmw/bmw-r-ninet-scrambler-19.html,95,HIGH,EXACT
000136,BMW,R nine T Scrambler,R nineT Scrambler,https://www.motorcyclespecs.co.za/model/bmw/bmw-r-ninet-scrambler-20.html,95,HIGH,EXACT
000136,BMW,R nine T Scrambler,R nineT Scrambler,https://www.motorcyclespecs.co.za/model/bmw/bmw-r-ninet-scrambler-21.html,95,HIGH,EXACT
000136,BMW,R nine T Scrambler,R nineT Racer,https://www.motorcyclespecs.co.za/model/bmw/bmw-r-ninet-racer-17.html,80,LOW,REVIEW
000136,BMW,R nine T Scrambler,R nineT Racer,https://www.motorcyclespecs.co.za/model/bmw/bmw-r-ninet-racer-19.html,80,LOW,REVIEW
000136,BMW,R nine T Scrambler,R nineT Pure,https://www.motorcyclespecs.co.za/model/bmw/bmw-r-ninet-pure-17.html,76,LOW,REVIEW
000136,BMW,R nine T Scrambler,R nineT Pure,https://www.motorcyclespecs.co.za/model/bmw/bmw-r-ninet-pure-19.html,76,LOW,REVIEW
000136,BMW,R nine T Scrambler,R nineT Pure,https://www.motorcyclespecs.co.za/model/bmw/bmw-r-ninet-pure-21.html,76,LOW,REVIEW
000136,BMW,R nine T Scrambler,"R 
		nineT Special Edition",https://www.motorcyclespecs.co.za/model/bmw/bmw-r-ninet-se-16.html,75,LOW,REVIEW
000136,BMW,R nine T Scrambler,"R nineT Scrambler 
Concept Path 22",https://www.motorcyclespecs.co.za/model/bmw/bmw-concept-ninet-parth-22.html,74,LOW,REVIEW
000136,BMW,R nine T Scrambler,R nineT R12,https://www.motorcyclespecs.co.za/model/bmw/bmw-r12-nineT-2023.html,73,LOW,REVIEW
000136,BMW,R nine T Scrambler,R nineT,https://www.motorcyclespecs.co.za/model/bmw/bmw-r-ninet-14.html,72,LOW,REVIEW
000136,BMW,R nine T Scrambler,R nineT,https://www.motorcyclespecs.co.za/model/bmw/bmw-r-ninet-16.html,72,LOW,REVIEW
000136,BMW,R nine T Scrambler,R nineT,https://www.motorcyclespecs.co.za/model/bmw/bmw-r-ninet-18.html,72,LOW,REVIEW
000136,BMW,R nine T Scrambler,R nineT,https://www.motorcyclespecs.co.za/model/bmw/bmw-r-ninet-19.html,72,LOW,REVIEW
000136,BMW,R nine T Scrambler,R nineT,https://www.motorcyclespecs.co.za/model/bmw/bmw-r-ninet-21.html,72,LOW,REVIEW
000136,BMW,R nine T Scrambler,R nineT Boxer Cup 2-0,https://www.motorcyclespecs.co.za/model/bmw/bmw-r9t-boxer-cup-2-0.html,72,LOW,REVIEW
000136,BMW,R nine T Scrambler,"R nineT 100th 
Anniversary",https://www.motorcyclespecs.co.za/model/bmw/bmw-r-ninet-100th-Anniversary-23.html,68,LOW,MODEL_MISMATCH
000136,BMW,R nine T Scrambler,R 18 Transcontinental,https://www.motorcyclespecs.co.za/model/bmw/bmw-r18-transcontinental-22.html,68,LOW,MODEL_MISMATCH
000136,BMW,R nine T Scrambler,R75 Sidecar,https://www.motorcyclespecs.co.za/model/bmw/bmw-r75-sidecar.html,68,LOW,MODEL_MISMATCH
000136,BMW,R nine T Scrambler,R nineT Urban G/S,https://www.motorcyclespecs.co.za/model/bmw/bmw-r-ninet-urban-gs-17.html,67,LOW,MODEL_MISMATCH
000136,BMW,R nine T Scrambler,R nineT Urban G/S,https://www.motorcyclespecs.co.za/model/bmw/bmw-r-ninet-urban-gs-19.html,67,LOW,MODEL_MISMATCH
000136,BMW,R nine T Scrambler,R nineT Urban G/S,https://www.motorcyclespecs.co.za/model/bmw/bmw-r-ninet-urban-gs-21.html,67,LOW,MODEL_MISMATCH
000136,BMW,R nine T Scrambler,R nineT Urban G/S,https://www.motorcyclespecs.co.za/model/bmw/bmw-r-ninet-urban-gs-22.html,67,LOW,MODEL_MISMATCH
000136,BMW,R nine T Scrambler,R 1200GS LC Rallye,https://www.motorcyclespecs.co.za/model/bmw/bmw-r1200gs-17.html,67,LOW,MODEL_MISMATCH
000136,BMW,R nine T Scrambler,R 1200GS LC Rallye,https://www.motorcyclespecs.co.za/model/bmw/bmw-r1200gs-rally-18.html,67,LOW,MODEL_MISMATCH
000136,BMW,R nine T Scrambler,"R 
		1200GS Alpine White Special Version",https://www.motorcyclespecs.co.za/model/bmw/bmw-r1200gs-special-09.html,67,LOW,MODEL_MISMATCH
000136,BMW,R nine T Scrambler,"R 60/2 with 
		Sidecar",https://www.motorcyclespecs.co.za/model/bmw/bmw-r60-2-sidecar.html,67,LOW,MODEL_MISMATCH
000136,BMW,R nine T Scrambler,"R 
		67/3 with Sidecar",https://www.motorcyclespecs.co.za/model/bmw/bmw-r67-3.html,67,LOW,MODEL_MISMATCH
000136,BMW,R nine T Scrambler,R 68 SDT Special,https://www.motorcyclespecs.co.za/model/bmw/bmw-r68-sdt.html,67,LOW,MODEL_MISMATCH
000136,BMW,R nine T Scrambler,R nineT Concept,https://www.motorcyclespecs.co.za/model/bmw/bmw-ninet-concept.html,66,LOW,MODEL_MISMATCH
000136,BMW,R nine T Scrambler,"R 
		1200GS Rallye",https://www.motorcyclespecs.co.za/model/bmw/bmw-r1200gs-rally-12.html,66,LOW,MODEL_MISMATCH
000136,BMW,R nine T Scrambler,R 100GS Bumble Bee,https://www.motorcyclespecs.co.za/model/bmw/bmw-r100gs-88.html,65,LOW,MODEL_MISMATCH
000136,BMW,R nine T Scrambler,"R nineT /5 50th 
Anniversary Edition",https://www.motorcyclespecs.co.za/model/bmw/bmw-r-ninet-50th-anniv-19.html,64,LOW,MODEL_MISMATCH
000136,BMW,R nine T Scrambler,R 12 Cruiser,https://www.motorcyclespecs.co.za/model/bmw/bmw-r12-Cruiser-2024.html,64,LOW,MODEL_MISMATCH
000136,BMW,R nine T Scrambler,R 12 Roadster,https://www.motorcyclespecs.co.za/model/bmw/bmw-r12-nineT-2024.html,64,LOW,MODEL_MISMATCH
000136,BMW,R nine T Scrambler,"R 1200R ""Dark White"" Special Edition",https://www.motorcyclespecs.co.za/model/bmw/bmw-r1200r-dark.html,64,LOW,MODEL_MISMATCH
000136,BMW,R nine T Scrambler,"R 18 100th 
		Anniversary",https://www.motorcyclespecs.co.za/model/bmw/bmw-r18-100th-anniversary-23.html,64,LOW,MODEL_MISMATCH
000136,BMW,R nine T Scrambler,R nineT Urban G/S 40 Years Edition,https://www.motorcyclespecs.co.za/model/bmw/bmw-r-ninet-urban-gs-40th-21.html,63,LOW,MODEL_MISMATCH
000136,BMW,R nine T Scrambler,R nineT Urban G/S Dakar Hubert Auriol,https://www.motorcyclespecs.co.za/model/bmw/bmw-r-ninet-urban-gs-hubert.html,63,LOW,MODEL_MISMATCH
000136,BMW,R nine T Scrambler,"R 
		1100R 75th Anniversary",https://www.motorcyclespecs.co.za/model/bmw/bmw-r1100r-75th-anniversary.html,63,LOW,MODEL_MISMATCH
000136,BMW,R nine T Scrambler,"R 
		1200GS 30th Anniversary Special",https://www.motorcyclespecs.co.za/model/bmw/bmw-r1200gs-special-10.html,63,LOW,MODEL_MISMATCH
000136,BMW,R nine T Scrambler,"R 
		1200R 90th Anniversary",https://www.motorcyclespecs.co.za/model/bmw/bmw-r1200r-90th-ani.html,63,LOW,MODEL_MISMATCH
000136,BMW,R nine T Scrambler,"R 
		1100GS 75th Anniversary",https://www.motorcyclespecs.co.za/model/bmw/bmw-r1100gs-75th-anniversary.html,62,LOW,MODEL_MISMATCH
000136,BMW,R nine T Scrambler,"R 
		1100RS 75th Anniversary",https://www.motorcyclespecs.co.za/model/bmw/bmw-r1100rs-75th-anniversary.html,62,LOW,MODEL_MISMATCH
000136,BMW,R nine T Scrambler,"R 
		1100RT 75th Anniversary",https://www.motorcyclespecs.co.za/model/bmw/bmw-r1100rt-75th-anniversary.html,62,LOW,MODEL_MISMATCH
000136,BMW,R nine T Scrambler,R 1200RT 90th Anniversary,https://www.motorcyclespecs.co.za/model/bmw/bmw-r1200rt-90th-anniversary.html,62,LOW,MODEL_MISMATCH
000136,BMW,R nine T Scrambler,"R 
		1300R Roadster",https://www.motorcyclespecs.co.za/model/bmw/bmw-r1300r-2025.html,62,LOW,MODEL_MISMATCH
000136,BMW,R nine T Scrambler,R 100RS Turbo,https://www.motorcyclespecs.co.za/model/bmw/bmw-r100rs-turbo.html,61,LOW,MODEL_MISMATCH
000136,BMW,R nine T Scrambler,R 1200C Independent,https://www.motorcyclespecs.co.za/model/bmw/bmw-r1200c-independent-02.html,61,LOW,MODEL_MISMATCH
000136,BMW,R nine T Scrambler,"R 
		1200GS Triple Black Special Edition",https://www.motorcyclespecs.co.za/model/bmw/bmw-r1200gs-black-11.html,61,LOW,MODEL_MISMATCH
000136,BMW,R nine T Scrambler,R 1200GS LC Triple Black Special Edition,https://www.motorcyclespecs.co.za/model/bmw/bmw-r1200gs-lc-triole-black.html,61,LOW,MODEL_MISMATCH
000136,BMW,R nine T Scrambler,R 18 Roctane,https://www.motorcyclespecs.co.za/model/bmw/bmw-r18-roctane-2023.html,61,LOW,MODEL_MISMATCH
000136,BMW,R nine T Scrambler,R 100GS Paris Dakar,https://www.motorcyclespecs.co.za/model/bmw/bmw-r100gs-pd-88.html,60,LOW,MODEL_MISMATCH
000136,BMW,R nine T Scrambler,R 100GS Paris Dakar,https://www.motorcyclespecs.co.za/model/bmw/bmw-r100gs-pd-89.html,60,LOW,MODEL_MISMATCH
000136,BMW,R nine T Scrambler,R 100GS Paris Dakar,https://www.motorcyclespecs.co.za/model/bmw/bmw-r100gs-pd-93.html,60,LOW,MODEL_MISMATCH
000136,BMW,R nine T Scrambler,"R 100RS 
		Motorsport Special Edition",https://www.motorcyclespecs.co.za/model/bmw/bmw-r100rs-le-78..html,60,LOW,MODEL_MISMATCH
000136,BMW,R nine T Scrambler,R 1200C Aventgarde,https://www.motorcyclespecs.co.za/model/bmw/bmw-r1200c-avantgarde-02.html,60,LOW,MODEL_MISMATCH
000136,BMW,R nine T Scrambler,"R 1200C 
	Montauk",https://www.motorcyclespecs.co.za/model/bmw/bmw-r1200c-montauk-03.html,60,LOW,MODEL_MISMATCH
000136,BMW,R nine T Scrambler,R 1200GS LC TE Exclusive,https://www.motorcyclespecs.co.za/model/bmw/bmw-r1200gs-ex-17.html,60,LOW,MODEL_MISMATCH
000136,BMW,R nine T Scrambler,R 1200GS LC TE Exclusive,https://www.motorcyclespecs.co.za/model/bmw/bmw-r1200gs-ex-18.html,60,LOW,MODEL_MISMATCH
000136,BMW,R nine T Scrambler,"R 
		1200R Touring Special",https://www.motorcyclespecs.co.za/model/bmw/bmw-r1200r-special-10.html,60,LOW,MODEL_MISMATCH
000136,BMW,R nine T Scrambler,R 1200RT Fire,https://www.motorcyclespecs.co.za/model/bmw/bmw-r1200rt-fire.html,60,LOW,MODEL_MISMATCH
000136,BMW,R nine T Scrambler,"R 
		1200RT Police",https://www.motorcyclespecs.co.za/model/bmw/bmw-r1200rt-police.html,60,LOW,MODEL_MISMATCH
000136,BMW,R nine T Scrambler,R 1200RT Touring Special,https://www.motorcyclespecs.co.za/model/bmw/bmw-r1200rt-se-09.html,60,LOW,MODEL_MISMATCH
000136,BMW,R nine T Scrambler,"R 1250GS 
		Exclusive",https://www.motorcyclespecs.co.za/model/bmw/bmw-r1250gs-ex-19.html,60,LOW,MODEL_MISMATCH
000136,BMW,R nine T Scrambler,R 80GS Kalahari,https://www.motorcyclespecs.co.za/model/bmw/bmw-r80gs-kalahari.html,60,LOW,MODEL_MISMATCH
000136,BMW,R nine T Scrambler,"R 
		100RT Classic",https://www.motorcyclespecs.co.za/model/bmw/bmw-r100rt-classic-95.html,59,LOW,MODEL_MISMATCH
000136,BMW,R nine T Scrambler,"R 
		100S Willi Michel Racer",https://www.motorcyclespecs.co.za/model/bmw/bmw-r100s-willi-michel-racer.html,59,LOW,MODEL_MISMATCH
000136,BMW,R nine T Scrambler,R 1200GS LC Iconic Limited Edition,https://www.motorcyclespecs.co.za/model/bmw/bmw-r1200gs-iconic.html,59,LOW,MODEL_MISMATCH
000136,BMW,R nine T Scrambler,"R 1200R LC 
		Black Edition (Italy only)",https://www.motorcyclespecs.co.za/model/bmw/bmw-r1200r-black-17.html,59,LOW,MODEL_MISMATCH
000136,BMW,R nine T Scrambler,"R 1200RS LC Iconic 
		Limited Edition",https://www.motorcyclespecs.co.za/model/bmw/bmw-r1200rs-lc-iconic-16.html,59,LOW,MODEL_MISMATCH
000136,BMW,R nine T Scrambler,"R 1200RT LC Iconic 
		Limited Edition",https://www.motorcyclespecs.co.za/model/bmw/bmw-r1200rt-iconic-16.html,59,LOW,MODEL_MISMATCH
000136,BMW,R nine T Scrambler,"R 1250GS / 
		Exclusive / HP",https://www.motorcyclespecs.co.za/model/bmw/bmw-r1250gs-20.html,59,LOW,MODEL_MISMATCH
000136,BMW,R nine T Scrambler,"R 18 Classic 
		First Edition",https://www.motorcyclespecs.co.za/model/bmw/bmw-r18-classic-first-edition-21.html,59,LOW,MODEL_MISMATCH
000136,BMW,R nine T Scrambler,R 850C / R 850C Avantgarde,https://www.motorcyclespecs.co.za/model/bmw/bmw-r850c-98.html,59,LOW,MODEL_MISMATCH
000136,BMW,R nine T Scrambler,"R 100GS 
		Paris Dakar Classic",https://www.motorcyclespecs.co.za/model/bmw/bmw-r100gs-pd-classic.html,58,LOW,MODEL_MISMATCH
000136,BMW,R nine T Scrambler,R 1150GS Adventure Special Edition,https://www.motorcyclespecs.co.za/model/bmw/bmw-r1150gs-adv-spec.html,58,LOW,MODEL_MISMATCH
000136,BMW,R nine T Scrambler,R 1200CL,https://www.motorcyclespecs.co.za/model/bmw/bmw-r1200cl-04.html,58,LOW,MODEL_MISMATCH
000136,BMW,R nine T Scrambler,R 1200CL,https://www.motorcyclespecs.co.za/model/bmw/bmw-r1200cl-05.html,58,LOW,MODEL_MISMATCH
000136,BMW,R nine T Scrambler,R 1200CL,https://www.motorcyclespecs.co.za/model/bmw/bmw-r1200cl.html,58,LOW,MODEL_MISMATCH
000136,BMW,R nine T Scrambler,R 1200GS Tom Luthi Limited Edition,https://www.motorcyclespecs.co.za/model/bmw/bmw-r1200gs-Luthi-ie.html,58,LOW,MODEL_MISMATCH
000136,BMW,R nine T Scrambler,R 12 5 0RT Elegance,https://www.motorcyclespecs.co.za/model/bmw/bmw-r1250rt-ela-19.html,58,LOW,MODEL_MISMATCH
000136,BMW,R nine T Scrambler,R1 Prototype,https://www.motorcyclespecs.co.za/model/bmw/bmw-r1-prototype.html,57,LOW,MODEL_MISMATCH
000136,BMW,R nine T Scrambler,R 100RS Mono,https://www.motorcyclespecs.co.za/model/bmw/bmw-r100rs-86.html,57,LOW,MODEL_MISMATCH
000136,BMW,R nine T Scrambler,R 100RS Mono,https://www.motorcyclespecs.co.za/model/bmw/bmw-r100rs-90.html,57,LOW,MODEL_MISMATCH
000136,BMW,R nine T Scrambler,R 100RT Mono,https://www.motorcyclespecs.co.za/model/bmw/bmw-r100rt-87.html,57,LOW,MODEL_MISMATCH
000136,BMW,R nine T Scrambler,R 100RT Mono,https://www.motorcyclespecs.co.za/model/bmw/bmw-r100rt-90.html,57,LOW,MODEL_MISMATCH
000136,BMW,R nine T Scrambler,R 1150R Rockster Edition 80,https://www.motorcyclespecs.co.za/model/bmw/bmw-r1150r-prototype-03.html,57,LOW,MODEL_MISMATCH
000136,BMW,R nine T Scrambler,"R 
		1200GS LC Adventure",https://www.motorcyclespecs.co.za/model/bmw/bmw-r1200gs-adventure-14.html,57,LOW,MODEL_MISMATCH
000136,BMW,R nine T Scrambler,"R 
		1200GS LC Adventure",https://www.motorcyclespecs.co.za/model/bmw/bmw-r1200gs-adventure-15.html,57,LOW,MODEL_MISMATCH
000136,BMW,R nine T Scrambler,"R 
		1200GS LC Adventure",https://www.motorcyclespecs.co.za/model/bmw/bmw-r1200gs-adventure-16.html,57,LOW,MODEL_MISMATCH
000136,BMW,R nine T Scrambler,"R 1200GS 
		LC Adventure",https://www.motorcyclespecs.co.za/model/bmw/bmw-r1200gs-adventure-18.html,57,LOW,MODEL_MISMATCH
000136,BMW,R nine T Scrambler,R 1250GS 40 Years Edition,https://www.motorcyclespecs.co.za/model/bmw/bmw-r1250gs-40th-21.html,57,LOW,MODEL_MISMATCH
000136,BMW,R nine T Scrambler,"R 
		1300R Superhooligan",https://www.motorcyclespecs.co.za/model/bmw/bmw-r1300r-superhooligan-2026.html,57,LOW,MODEL_MISMATCH
000136,BMW,R nine T Scrambler,R 65RT Mono,https://www.motorcyclespecs.co.za/model/bmw/bmw-r65rt-85.html,57,LOW,MODEL_MISMATCH
000136,BMW,R nine T Scrambler,"R 80GS 
		Basic",https://www.motorcyclespecs.co.za/model/bmw/bmw-r80gs-basic-97.html,57,LOW,MODEL_MISMATCH
000136,BMW,R nine T Scrambler,R 80RT Mono,https://www.motorcyclespecs.co.za/model/bmw/bmw-r80rt-85.html,57,LOW,MODEL_MISMATCH
000136,BMW,R nine T Scrambler,R20 Concept,https://www.motorcyclespecs.co.za/model/bmw/BMW-R20-Concept-2024.html,56,LOW,MODEL_MISMATCH
000136,BMW,R nine T Scrambler,R 100R Mystic,https://www.motorcyclespecs.co.za/model/bmw/bmw-r100r-mystic-93.html,56,LOW,MODEL_MISMATCH
000136,BMW,R nine T Scrambler,R 100T,https://www.motorcyclespecs.co.za/model/bmw/bmw-r100t-78.html,56,LOW,MODEL_MISMATCH
000136,BMW,R nine T Scrambler,R 1100RR Rally,https://www.motorcyclespecs.co.za/model/bmw/bmw-r1100gs-rally.html,56,LOW,MODEL_MISMATCH
000136,BMW,R nine T Scrambler,R 1200GS LC,https://www.motorcyclespecs.co.za/model/bmw/bmw-r1200gs-13.html,56,LOW,MODEL_MISMATCH
000136,BMW,R nine T Scrambler,R 1200GS LC,https://www.motorcyclespecs.co.za/model/bmw/bmw-r1200gs-14.html,56,LOW,MODEL_MISMATCH
000136,BMW,R nine T Scrambler,R 1200GS LC,https://www.motorcyclespecs.co.za/model/bmw/bmw-r1200gs-15.html,56,LOW,MODEL_MISMATCH
000136,BMW,R nine T Scrambler,R 1200GS LC,https://www.motorcyclespecs.co.za/model/bmw/bmw-r1200gs-16.html,56,LOW,MODEL_MISMATCH
000136,BMW,R nine T Scrambler,R 1200GS Adventure 90th Anniversary Special,https://www.motorcyclespecs.co.za/model/bmw/bmw-r1200gs-90th-anniversary.html,56,LOW,MODEL_MISMATCH
000136,BMW,R nine T Scrambler,R 1200GS Adventure Triple Black,https://www.motorcyclespecs.co.za/model/bmw/bmw-r1200gs-adventure-black.html,56,LOW,MODEL_MISMATCH
000136,BMW,R nine T Scrambler,R 1200GS Adventure 30th Anniversary Special,https://www.motorcyclespecs.co.za/model/bmw/bmw-r1200gs-adventure-special-10.html,56,LOW,MODEL_MISMATCH
000136,BMW,R nine T Scrambler,"R 1200GS 
		LC Adventure Triple Black",https://www.motorcyclespecs.co.za/model/bmw/bmw-r1200gs-adventure-triple-black.html,56,LOW,MODEL_MISMATCH
000136,BMW,R nine T Scrambler,R 1200R LC,https://www.motorcyclespecs.co.za/model/bmw/bmw-r1200r-15.html,56,LOW,MODEL_MISMATCH
000136,BMW,R nine T Scrambler,R 1200R LC,https://www.motorcyclespecs.co.za/model/bmw/bmw-r1200r-16.html,56,LOW,MODEL_MISMATCH
000136,BMW,R nine T Scrambler,R 1200R LC,https://www.motorcyclespecs.co.za/model/bmw/bmw-r1200r-17.html,56,LOW,MODEL_MISMATCH
000136,BMW,R nine T Scrambler,R 1200R LC,https://www.motorcyclespecs.co.za/model/bmw/bmw-r1200r-18.html,56,LOW,MODEL_MISMATCH
000136,BMW,R nine T Scrambler,R 1200RS LC,https://www.motorcyclespecs.co.za/model/bmw/bmw-r1200rs-15.html,56,LOW,MODEL_MISMATCH
000136,BMW,R nine T Scrambler,R 1200RS LC,https://www.motorcyclespecs.co.za/model/bmw/bmw-r1200rs-16.html,56,LOW,MODEL_MISMATCH
000136,BMW,R nine T Scrambler,R 1200RS LC,https://www.motorcyclespecs.co.za/model/bmw/bmw-r1200rs-17.html,56,LOW,MODEL_MISMATCH
000136,BMW,R nine T Scrambler,R 1200RS LC,https://www.motorcyclespecs.co.za/model/bmw/bmw-r1200rs-18.html,56,LOW,MODEL_MISMATCH
000136,BMW,R nine T Scrambler,R 1200RT LC,https://www.motorcyclespecs.co.za/model/bmw/bmw-r1200rt-14.html,56,LOW,MODEL_MISMATCH
000136,BMW,R nine T Scrambler,R 1200RT LC,https://www.motorcyclespecs.co.za/model/bmw/bmw-r1200rt-15.html,56,LOW,MODEL_MISMATCH
000136,BMW,R nine T Scrambler,R 1200RT LC,https://www.motorcyclespecs.co.za/model/bmw/bmw-r1200rt-16.html,56,LOW,MODEL_MISMATCH
000136,BMW,R nine T Scrambler,R 1200RT LC,https://www.motorcyclespecs.co.za/model/bmw/bmw-r1200rt-17.html,56,LOW,MODEL_MISMATCH
000136,BMW,R nine T Scrambler,R 1200RT LC,https://www.motorcyclespecs.co.za/model/bmw/bmw-r1200rt-18.html,56,LOW,MODEL_MISMATCH
000136,BMW,R nine T Scrambler,"R 1200ST Limited 
		Edition",https://www.motorcyclespecs.co.za/model/bmw/bmw-r1200st-le-07.html,56,LOW,MODEL_MISMATCH
000136,BMW,R nine T Scrambler,R 18 Classic,https://www.motorcyclespecs.co.za/model/bmw/bmw-r18-classic-21.html,56,LOW,MODEL_MISMATCH
000136,BMW,R nine T Scrambler,R 18 Classic,https://www.motorcyclespecs.co.za/model/bmw/bmw-r18-classic-22.html,56,LOW,MODEL_MISMATCH
000136,BMW,R nine T Scrambler,"R 
		50US",https://www.motorcyclespecs.co.za/model/bmw/bmw-r50us.html,56,LOW,MODEL_MISMATCH
000136,BMW,R nine T Scrambler,R 60US,https://www.motorcyclespecs.co.za/model/bmw/bmw-r60-us.html,56,LOW,MODEL_MISMATCH
000136,BMW,R nine T Scrambler,"R 
		69US",https://www.motorcyclespecs.co.za/model/bmw/bmw-r69.html,56,LOW,MODEL_MISMATCH
000136,BMW,R nine T Scrambler,R 80G/S Paris Dakar,https://www.motorcyclespecs.co.za/model/bmw/bmw-r80gs-pd-84.html,56,LOW,MODEL_MISMATCH
000136,BMW,R nine T Scrambler,R 80RT,https://www.motorcyclespecs.co.za/model/bmw/bmw-r80rt-82.html,56,LOW,MODEL_MISMATCH
000136,BMW,R nine T Scrambler,R 80ST,https://www.motorcyclespecs.co.za/model/bmw/bmw-r80st-82.html,56,LOW,MODEL_MISMATCH
000136,BMW,R nine T Scrambler,R 80ST,https://www.motorcyclespecs.co.za/model/bmw/bmw-r80st-83.html,56,LOW,MODEL_MISMATCH
000136,BMW,R nine T Scrambler,R 80RT,https://www.motorcyclespecs.co.za/model/bmw/bmw-r80t-81.html,56,LOW,MODEL_MISMATCH
000136,BMW,R nine T Scrambler,"R 100R 
		Classic",https://www.motorcyclespecs.co.za/model/bmw/bmw-r100r-classic-95.html,55,LOW,MODEL_MISMATCH
000136,BMW,R nine T Scrambler,R 100RS,https://www.motorcyclespecs.co.za/model/bmw/bmw-r100rs-76.html,55,LOW,MODEL_MISMATCH
000136,BMW,R nine T Scrambler,R 100RS,https://www.motorcyclespecs.co.za/model/bmw/bmw-r100rs-77.html,55,LOW,MODEL_MISMATCH
000136,BMW,R nine T Scrambler,R 100RS,https://www.motorcyclespecs.co.za/model/bmw/bmw-r100rs-78.html,55,LOW,MODEL_MISMATCH
000136,BMW,R nine T Scrambler,R 100RS,https://www.motorcyclespecs.co.za/model/bmw/bmw-r100rs-80.html,55,LOW,MODEL_MISMATCH
000136,BMW,R nine T Scrambler,R 100RS,https://www.motorcyclespecs.co.za/model/bmw/bmw-r100rs-82.html,55,LOW,MODEL_MISMATCH
000136,BMW,R nine T Scrambler,R 100RS,https://www.motorcyclespecs.co.za/model/bmw/bmw-r100rs-83.html,55,LOW,MODEL_MISMATCH
000136,BMW,R nine T Scrambler,R 100RT,https://www.motorcyclespecs.co.za/model/bmw/bmw-r100rt-78.html,55,LOW,MODEL_MISMATCH
000136,BMW,R nine T Scrambler,R 100RT,https://www.motorcyclespecs.co.za/model/bmw/bmw-r100rt-80.html,55,LOW,MODEL_MISMATCH
000136,BMW,R nine T Scrambler,R 100RT,https://www.motorcyclespecs.co.za/model/bmw/bmw-r100rt-81.html,55,LOW,MODEL_MISMATCH
000136,BMW,R nine T Scrambler,R 100RT,https://www.motorcyclespecs.co.za/model/bmw/bmw-r100rt-84.html,55,LOW,MODEL_MISMATCH
000136,BMW,R nine T Scrambler,R 1100RS,https://www.motorcyclespecs.co.za/model/bmw/bmw-r1100rs-93.html,55,LOW,MODEL_MISMATCH
000136,BMW,R nine T Scrambler,R 1100RS,https://www.motorcyclespecs.co.za/model/bmw/bmw-r1100rs-94.html,55,LOW,MODEL_MISMATCH
000136,BMW,R nine T Scrambler,R 1100RS,https://www.motorcyclespecs.co.za/model/bmw/bmw-r1100rs-96.html,55,LOW,MODEL_MISMATCH
000136,BMW,R nine T Scrambler,R 1100RS,https://www.motorcyclespecs.co.za/model/bmw/bmw-r1100rs-99.html,55,LOW,MODEL_MISMATCH
000136,BMW,R nine T Scrambler,R 1100RT,https://www.motorcyclespecs.co.za/model/bmw/bmw-r1100rt-95.html,55,LOW,MODEL_MISMATCH
000136,BMW,R nine T Scrambler,R 1100RT,https://www.motorcyclespecs.co.za/model/bmw/bmw-r1100rt-97.html,55,LOW,MODEL_MISMATCH
000136,BMW,R nine T Scrambler,R 1100RT,https://www.motorcyclespecs.co.za/model/bmw/bmw-r1100rt-98.html,55,LOW,MODEL_MISMATCH
000136,BMW,R nine T Scrambler,R 1100RT,https://www.motorcyclespecs.co.za/model/bmw/bmw-r1100rt-99.html,55,LOW,MODEL_MISMATCH
000136,BMW,R nine T Scrambler,R 1150GS Adventure,https://www.motorcyclespecs.co.za/model/bmw/bmw-r1150gs-adven-03.html,55,LOW,MODEL_MISMATCH
000136,BMW,R nine T Scrambler,R 1150GS Adventure,https://www.motorcyclespecs.co.za/model/bmw/bmw-r1150gs-adven-04.html,55,LOW,MODEL_MISMATCH
000136,BMW,R nine T Scrambler,R 1150GS Adventure,https://www.motorcyclespecs.co.za/model/bmw/bmw-r1150gs-adven-05.html,55,LOW,MODEL_MISMATCH
000136,BMW,R nine T Scrambler,R 1150GS Adventure,https://www.motorcyclespecs.co.za/model/bmw/bmw-r1150gs-adven-bub-03.html,55,LOW,MODEL_MISMATCH
000136,BMW,R nine T Scrambler,R 1150GS Adventure,https://www.motorcyclespecs.co.za/model/bmw/bmw-r1150gs-adven.html,55,LOW,MODEL_MISMATCH
000136,BMW,R nine T Scrambler,R 1150RS,https://www.motorcyclespecs.co.za/model/bmw/bmw-r1150rs-02.html,55,LOW,MODEL_MISMATCH
000136,BMW,R nine T Scrambler,R 1150RS,https://www.motorcyclespecs.co.za/model/bmw/bmw-r1150rs.html,55,LOW,MODEL_MISMATCH
000136,BMW,R nine T Scrambler,R 1150RT,https://www.motorcyclespecs.co.za/model/bmw/bmw-r1150rt-03.html,55,LOW,MODEL_MISMATCH
000136,BMW,R nine T Scrambler,R 1150RT,https://www.motorcyclespecs.co.za/model/bmw/bmw-r1150rt.html,55,LOW,MODEL_MISMATCH
000136,BMW,R nine T Scrambler,R 1200GS Adventure,https://www.motorcyclespecs.co.za/model/bmw/bmw-r1200gs-adventure-06.html,55,LOW,MODEL_MISMATCH
000136,BMW,R nine T Scrambler,R 1200GS Adventure,https://www.motorcyclespecs.co.za/model/bmw/bmw-r1200gs-adventure-07.html,55,LOW,MODEL_MISMATCH
000136,BMW,R nine T Scrambler,R 1200GS Adventure,https://www.motorcyclespecs.co.za/model/bmw/bmw-r1200gs-adventure-08.html,55,LOW,MODEL_MISMATCH
000136,BMW,R nine T Scrambler,"R 
		1200GS Adventure",https://www.motorcyclespecs.co.za/model/bmw/bmw-r1200gs-adventure-09.html,55,LOW,MODEL_MISMATCH
000136,BMW,R nine T Scrambler,R 1200GS Adventure,https://www.motorcyclespecs.co.za/model/bmw/bmw-r1200gs-adventure-10.html,55,LOW,MODEL_MISMATCH
000136,BMW,R nine T Scrambler,"R 
		1200GS Adventure",https://www.motorcyclespecs.co.za/model/bmw/bmw-r1200gs-adventure-11.html,55,LOW,MODEL_MISMATCH
000136,BMW,R nine T Scrambler,"R 
		1200GS Adventure",https://www.motorcyclespecs.co.za/model/bmw/bmw-r1200gs-adventure-12.html,55,LOW,MODEL_MISMATCH
000136,BMW,R nine T Scrambler,"R 
		1200GS Adventure",https://www.motorcyclespecs.co.za/model/bmw/bmw-r1200gs-adventure-13.html,55,LOW,MODEL_MISMATCH
000136,BMW,R nine T Scrambler,R 1200GS Adventure,https://www.motorcyclespecs.co.za/model/bmw/bmw-r1200gs-adventure-heroes-legend.html,55,LOW,MODEL_MISMATCH
000136,BMW,R nine T Scrambler,"R 
		1200R Classic",https://www.motorcyclespecs.co.za/model/bmw/bmw-r1200r-classic-11.html,55,LOW,MODEL_MISMATCH
000136,BMW,R nine T Scrambler,"R 
		1200R Classic",https://www.motorcyclespecs.co.za/model/bmw/bmw-r1200r-classic-12.html,55,LOW,MODEL_MISMATCH
000136,BMW,R nine T Scrambler,R 1200RT,https://www.motorcyclespecs.co.za/model/bmw/bmw-r1200rt-05.html,55,LOW,MODEL_MISMATCH
000136,BMW,R nine T Scrambler,R 1200RT,https://www.motorcyclespecs.co.za/model/bmw/bmw-r1200rt-06.html,55,LOW,MODEL_MISMATCH
000136,BMW,R nine T Scrambler,R 1200RT,https://www.motorcyclespecs.co.za/model/bmw/bmw-r1200rt-07.html,55,LOW,MODEL_MISMATCH
000136,BMW,R nine T Scrambler,R 1200RT,https://www.motorcyclespecs.co.za/model/bmw/bmw-r1200rt-08.html,55,LOW,MODEL_MISMATCH
000136,BMW,R nine T Scrambler,R 1200RT,https://www.motorcyclespecs.co.za/model/bmw/bmw-r1200rt-09.html,55,LOW,MODEL_MISMATCH
000136,BMW,R nine T Scrambler,R 1200RT,https://www.motorcyclespecs.co.za/model/bmw/bmw-r1200rt-10.html,55,LOW,MODEL_MISMATCH
000136,BMW,R nine T Scrambler,R 1200RT,https://www.motorcyclespecs.co.za/model/bmw/bmw-r1200rt-11.html,55,LOW,MODEL_MISMATCH
000136,BMW,R nine T Scrambler,R 1200RT,https://www.motorcyclespecs.co.za/model/bmw/bmw-r1200rt-12.html,55,LOW,MODEL_MISMATCH
000136,BMW,R nine T Scrambler,R 1200RT,https://www.motorcyclespecs.co.za/model/bmw/bmw-r1200rt-13.html,55,LOW,MODEL_MISMATCH
000136,BMW,R nine T Scrambler,R 1200ST,https://www.motorcyclespecs.co.za/model/bmw/bmw-r1200st-05.html,55,LOW,MODEL_MISMATCH
000136,BMW,R nine T Scrambler,R 1200ST,https://www.motorcyclespecs.co.za/model/bmw/bmw-r1200st-06.html,55,LOW,MODEL_MISMATCH
000136,BMW,R nine T Scrambler,R 1200ST,https://www.motorcyclespecs.co.za/model/bmw/bmw-r1200st-07.html,55,LOW,MODEL_MISMATCH
000136,BMW,R nine T Scrambler,"R 
		1250GS Adventure",https://www.motorcyclespecs.co.za/model/bmw/bmw-r1250gs-adven-20.html,55,LOW,MODEL_MISMATCH
000136,BMW,R nine T Scrambler,"R 
		1250GS Adventure",https://www.motorcyclespecs.co.za/model/bmw/bmw-r1250gs-adven-21.html,55,LOW,MODEL_MISMATCH
000136,BMW,R nine T Scrambler,R 1250RS,https://www.motorcyclespecs.co.za/model/bmw/bmw-r1250rs-19.html,55,LOW,MODEL_MISMATCH
000136,BMW,R nine T Scrambler,R 1250RS,https://www.motorcyclespecs.co.za/model/bmw/bmw-r1250rs-20.html,55,LOW,MODEL_MISMATCH
000136,BMW,R nine T Scrambler,R 1250RS,https://www.motorcyclespecs.co.za/model/bmw/bmw-r1250rs-21.html,55,LOW,MODEL_MISMATCH
000136,BMW,R nine T Scrambler,R 1250RS,https://www.motorcyclespecs.co.za/model/bmw/bmw-r1250rs-22.html,55,LOW,MODEL_MISMATCH
000136,BMW,R nine T Scrambler,R 1250RS,https://www.motorcyclespecs.co.za/model/bmw/bmw-r1250rs-23.html,55,LOW,MODEL_MISMATCH
000136,BMW,R nine T Scrambler,R 12 5 0RT,https://www.motorcyclespecs.co.za/model/bmw/bmw-r1250rt-19.html,55,LOW,MODEL_MISMATCH
000136,BMW,R nine T Scrambler,R 1250RT,https://www.motorcyclespecs.co.za/model/bmw/bmw-r1250rt-20.html,55,LOW,MODEL_MISMATCH
000136,BMW,R nine T Scrambler,R 1250RS,https://www.motorcyclespecs.co.za/model/bmw/bmw-r1250rt-21.html,55,LOW,MODEL_MISMATCH
000136,BMW,R nine T Scrambler,R 1250RT,https://www.motorcyclespecs.co.za/model/bmw/bmw-r1250rt-22.html,55,LOW,MODEL_MISMATCH
000136,BMW,R nine T Scrambler,"R 1300GS 
		Adventure/Trophy/Triple Black",https://www.motorcyclespecs.co.za/model/bmw/bmw-r1300gs-adventure-2024.html,55,LOW,MODEL_MISMATCH
000136,BMW,R nine T Scrambler,"R 
		1300RS",https://www.motorcyclespecs.co.za/model/bmw/bmw-r1300rs-2025.html,55,LOW,MODEL_MISMATCH
000136,BMW,R nine T Scrambler,"R 
		1300RS",https://www.motorcyclespecs.co.za/model/bmw/bmw-r1300rs-2027.html,55,LOW,MODEL_MISMATCH
000136,BMW,R nine T Scrambler,R 1300RT,https://www.motorcyclespecs.co.za/model/bmw/bmw-r1300rt-2025.html,55,LOW,MODEL_MISMATCH
000136,BMW,R nine T Scrambler,"R 
		1250GS Adventure",https://www.motorcyclespecs.co.za/model/bmw/bmw-r250gs_adven-19.html,55,LOW,MODEL_MISMATCH
000136,BMW,R nine T Scrambler,R 850RT,https://www.motorcyclespecs.co.za/model/bmw/bmw-r850rt-02.html,55,LOW,MODEL_MISMATCH
000136,BMW,R nine T Scrambler,"R 
		850RT",https://www.motorcyclespecs.co.za/model/bmw/bmw-r850rt.html,55,LOW,MODEL_MISMATCH
000136,BMW,R nine T Scrambler,R 900RR Dakar,https://www.motorcyclespecs.co.za/model/bmw/bmw-r900gs-rally-99.html,55,LOW,MODEL_MISMATCH
000136,BMW,R nine T Scrambler,R 12GS,https://www.motorcyclespecs.co.za/model/bmw/bmw-r12-gs-2025.html,54,LOW,MODEL_MISMATCH
000136,BMW,R nine T Scrambler,"R 1200GS 
		LC Adventure Black Edition",https://www.motorcyclespecs.co.za/model/bmw/bmw-r1200gs-adventure-black-18.html,54,LOW,MODEL_MISMATCH
000136,BMW,R nine T Scrambler,R 1200GS LC Adventure Iconic Limited Edition,https://www.motorcyclespecs.co.za/model/bmw/bmw-r1200gs-adventure-iconic-16.html,54,LOW,MODEL_MISMATCH
000136,BMW,R nine T Scrambler,"R 
		1250GS Adventure 40 Years Edition",https://www.motorcyclespecs.co.za/model/bmw/bmw-r1250gs-adven-40th-21.html,54,LOW,MODEL_MISMATCH
000136,BMW,R nine T Scrambler,R 12 5 0R T Sport,https://www.motorcyclespecs.co.za/model/bmw/bmw-r1250rt-sp-19.html,54,LOW,MODEL_MISMATCH
000136,BMW,R nine T Scrambler,R 18 B,https://www.motorcyclespecs.co.za/model/bmw/bmw-r18-b-22.html,54,LOW,MODEL_MISMATCH
000136,BMW,R nine T Scrambler,R 65 Mono,https://www.motorcyclespecs.co.za/model/bmw/bmw-r65-85.html,54,LOW,MODEL_MISMATCH
000136,BMW,R nine T Scrambler,"R 
		65GS",https://www.motorcyclespecs.co.za/model/bmw/bmw-r65gs.html,54,LOW,MODEL_MISMATCH
000136,BMW,R nine T Scrambler,R 65LS,https://www.motorcyclespecs.co.za/model/bmw/bmw-r65ls-81.html,54,LOW,MODEL_MISMATCH
000136,BMW,R nine T Scrambler,R 80 Mono,https://www.motorcyclespecs.co.za/model/bmw/bmw-r80-84.html,54,LOW,MODEL_MISMATCH
000136,BMW,R nine T Scrambler,R 80GS,https://www.motorcyclespecs.co.za/model/bmw/bmw-r80gs-86.html,54,LOW,MODEL_MISMATCH
000136,BMW,R nine T Scrambler,R 80GS,https://www.motorcyclespecs.co.za/model/bmw/bmw-r80gs-88.html,54,LOW,MODEL_MISMATCH
000136,BMW,R nine T Scrambler,R 80GS,https://www.motorcyclespecs.co.za/model/bmw/bmw-r80gs-89.html,54,LOW,MODEL_MISMATCH
000136,BMW,R nine T Scrambler,R 80GS,https://www.motorcyclespecs.co.za/model/bmw/bmw-r80gs-90.html,54,LOW,MODEL_MISMATCH
000136,BMW,R nine T Scrambler,R 80GS,https://www.motorcyclespecs.co.za/model/bmw/bmw-r80gs-91.html,54,LOW,MODEL_MISMATCH
000136,BMW,R nine T Scrambler,bmw r100gs,https://www.motorcyclespecs.co.za/model/Custom/bmw-r100gs.html,53,LOW,MODEL_MISMATCH
000136,BMW,R nine T Scrambler,R 100CS,https://www.motorcyclespecs.co.za/model/bmw/bmw-r100cs-77.html,53,LOW,MODEL_MISMATCH
000136,BMW,R nine T Scrambler,R 100CS,https://www.motorcyclespecs.co.za/model/bmw/bmw-r100cs-81.html,53,LOW,MODEL_MISMATCH
000136,BMW,R nine T Scrambler,R 100CS,https://www.motorcyclespecs.co.za/model/bmw/bmw-r100cs-82.html,53,LOW,MODEL_MISMATCH
000136,BMW,R nine T Scrambler,R 100GS,https://www.motorcyclespecs.co.za/model/bmw/bmw-r100gs-87.html,53,LOW,MODEL_MISMATCH
000136,BMW,R nine T Scrambler,R 100GS,https://www.motorcyclespecs.co.za/model/bmw/bmw-r100gs-89.html,53,LOW,MODEL_MISMATCH
000136,BMW,R nine T Scrambler,R 100GS,https://www.motorcyclespecs.co.za/model/bmw/bmw-r100gs-90.html,53,LOW,MODEL_MISMATCH
000136,BMW,R nine T Scrambler,R 100GS,https://www.motorcyclespecs.co.za/model/bmw/bmw-r100gs-91.html,53,LOW,MODEL_MISMATCH
000136,BMW,R nine T Scrambler,R 100R,https://www.motorcyclespecs.co.za/model/bmw/bmw-r100r-92.html,53,LOW,MODEL_MISMATCH
000136,BMW,R nine T Scrambler,R 100R,https://www.motorcyclespecs.co.za/model/bmw/bmw-r100r-94.html,53,LOW,MODEL_MISMATCH
000136,BMW,R nine T Scrambler,R 1100GS,https://www.motorcyclespecs.co.za/model/bmw/bmw-r1100gs-94.html,53,LOW,MODEL_MISMATCH
000136,BMW,R nine T Scrambler,R 1100GS,https://www.motorcyclespecs.co.za/model/bmw/bmw-r1100gs-95.html,53,LOW,MODEL_MISMATCH
000136,BMW,R nine T Scrambler,R 1100GS,https://www.motorcyclespecs.co.za/model/bmw/bmw-r1100gs-96.html,53,LOW,MODEL_MISMATCH
000136,BMW,R nine T Scrambler,R 1100GS,https://www.motorcyclespecs.co.za/model/bmw/bmw-r1100gs-97.html,53,LOW,MODEL_MISMATCH
000136,BMW,R nine T Scrambler,R 1100GS,https://www.motorcyclespecs.co.za/model/bmw/bmw-r1100gs-98.html,53,LOW,MODEL_MISMATCH
000136,BMW,R nine T Scrambler,R 1100S Boxer Cup Replica,https://www.motorcyclespecs.co.za/model/bmw/bmw-r1100s-boxer-cup.html,53,LOW,MODEL_MISMATCH
000136,BMW,R nine T Scrambler,R 1100S Boxer Cup Replica,https://www.motorcyclespecs.co.za/model/bmw/bmw-r1100s-replica-04.html,53,LOW,MODEL_MISMATCH
000136,BMW,R nine T Scrambler,R 1150GS,https://www.motorcyclespecs.co.za/model/bmw/bmw-r1150gs-00.html,53,LOW,MODEL_MISMATCH
000136,BMW,R nine T Scrambler,R 1150GS,https://www.motorcyclespecs.co.za/model/bmw/bmw-r1150gs-01.html,53,LOW,MODEL_MISMATCH
000136,BMW,R nine T Scrambler,R 1150GS,https://www.motorcyclespecs.co.za/model/bmw/bmw-r1150gs-02.html,53,LOW,MODEL_MISMATCH
000136,BMW,R nine T Scrambler,R 1150GS,https://www.motorcyclespecs.co.za/model/bmw/bmw-r1150gs-03.html,53,LOW,MODEL_MISMATCH
000136,BMW,R nine T Scrambler,R 1150GS,https://www.motorcyclespecs.co.za/model/bmw/bmw-r1150gs.html,53,LOW,MODEL_MISMATCH
000136,BMW,R nine T Scrambler,R 1200C,https://www.motorcyclespecs.co.za/model/bmw/bmw-r1200c-00.html,53,LOW,MODEL_MISMATCH
000136,BMW,R nine T Scrambler,R 1200C,https://www.motorcyclespecs.co.za/model/bmw/bmw-r1200c-03.html,53,LOW,MODEL_MISMATCH
000136,BMW,R nine T Scrambler,R 1200C,https://www.motorcyclespecs.co.za/model/bmw/bmw-r1200c-98.html,53,LOW,MODEL_MISMATCH
000136,BMW,R nine T Scrambler,R 1200C,https://www.motorcyclespecs.co.za/model/bmw/bmw-r1200c.html,53,LOW,MODEL_MISMATCH
000136,BMW,R nine T Scrambler,R 1200GS,https://www.motorcyclespecs.co.za/model/bmw/bmw-r1200gs-04.html,53,LOW,MODEL_MISMATCH
000136,BMW,R nine T Scrambler,R 1200GS,https://www.motorcyclespecs.co.za/model/bmw/bmw-r1200gs-05.html,53,LOW,MODEL_MISMATCH
000136,BMW,R nine T Scrambler,R 1200GS,https://www.motorcyclespecs.co.za/model/bmw/bmw-r1200gs-06.html,53,LOW,MODEL_MISMATCH
000136,BMW,R nine T Scrambler,R 1200GS,https://www.motorcyclespecs.co.za/model/bmw/bmw-r1200gs-07.html,53,LOW,MODEL_MISMATCH
000136,BMW,R nine T Scrambler,R 1200GS,https://www.motorcyclespecs.co.za/model/bmw/bmw-r1200gs-08.html,53,LOW,MODEL_MISMATCH
000136,BMW,R nine T Scrambler,R 1200GS,https://www.motorcyclespecs.co.za/model/bmw/bmw-r1200gs-10.html,53,LOW,MODEL_MISMATCH
000136,BMW,R nine T Scrambler,R 1200GS,https://www.motorcyclespecs.co.za/model/bmw/bmw-r1200gs-11.html,53,LOW,MODEL_MISMATCH
000136,BMW,R nine T Scrambler,R 1200GS,https://www.motorcyclespecs.co.za/model/bmw/bmw-r1200gs-12.html,53,LOW,MODEL_MISMATCH
000136,BMW,R nine T Scrambler,R 1250GS,https://www.motorcyclespecs.co.za/model/bmw/bmw-r1250gs-19.html,53,LOW,MODEL_MISMATCH
000136,BMW,R nine T Scrambler,R 1250GS,https://www.motorcyclespecs.co.za/model/bmw/bmw-r1250gs-21.html,53,LOW,MODEL_MISMATCH
000136,BMW,R nine T Scrambler,R 1250GS HP,https://www.motorcyclespecs.co.za/model/bmw/bmw-r1250gs-hp-19.html,53,LOW,MODEL_MISMATCH
000136,BMW,R nine T Scrambler,"R 
		1300GS",https://www.motorcyclespecs.co.za/model/bmw/bmw-r1300gs-2024.html,53,LOW,MODEL_MISMATCH
000136,BMW,R nine T Scrambler,"R 1300GS 
		Adventure Dark (France only)",https://www.motorcyclespecs.co.za/model/bmw/bmw-r1300gs-adventure-dark-2026.html,53,LOW,MODEL_MISMATCH
000136,BMW,R nine T Scrambler,R 80G/S Prototype,https://www.motorcyclespecs.co.za/model/bmw/bmw-r80gs-prototype.html,53,LOW,MODEL_MISMATCH
000136,BMW,R nine T Scrambler,R 80R,https://www.motorcyclespecs.co.za/model/bmw/bmw-r80r-91.html,53,LOW,MODEL_MISMATCH
000136,BMW,R nine T Scrambler,R 850GS,https://www.motorcyclespecs.co.za/model/bmw/bmw-r850gs-99.html,53,LOW,MODEL_MISMATCH
000136,BMW,R nine T Scrambler,R 850GS,https://www.motorcyclespecs.co.za/model/bmw/bmw-r850gs.html,53,LOW,MODEL_MISMATCH
000136,BMW,R nine T Scrambler,R 850R,https://www.motorcyclespecs.co.za/model/bmw/bmw-r850r-94.html,53,LOW,MODEL_MISMATCH
000136,BMW,R nine T Scrambler,R 850R,https://www.motorcyclespecs.co.za/model/bmw/bmw-r850r-98.html,53,LOW,MODEL_MISMATCH
000136,BMW,R nine T Scrambler,R 850R,https://www.motorcyclespecs.co.za/model/bmw/bmw-r850r-con-03.html,53,LOW,MODEL_MISMATCH
000136,BMW,R nine T Scrambler,R 1100R,https://www.motorcyclespecs.co.za/model/bmw/bmw-r1100r-94.html,52,LOW,MODEL_MISMATCH
000136,BMW,R nine T Scrambler,R 1100R,https://www.motorcyclespecs.co.za/model/bmw/bmw-r1100r-96.html,52,LOW,MODEL_MISMATCH
000136,BMW,R nine T Scrambler,R 1100R,https://www.motorcyclespecs.co.za/model/bmw/bmw-r1100r-98.html,52,LOW,MODEL_MISMATCH
000136,BMW,R nine T Scrambler,R 1150R,https://www.motorcyclespecs.co.za/model/bmw/bmw-r1150r-01.html,52,LOW,MODEL_MISMATCH
000136,BMW,R nine T Scrambler,R 1150R,https://www.motorcyclespecs.co.za/model/bmw/bmw-r1150r-03.html,52,LOW,MODEL_MISMATCH
000136,BMW,R nine T Scrambler,R 1150R,https://www.motorcyclespecs.co.za/model/bmw/bmw-r1150r-05.html,52,LOW,MODEL_MISMATCH
000136,BMW,R nine T Scrambler,R 1150R,https://www.motorcyclespecs.co.za/model/bmw/bmw-r1150r.html,52,LOW,MODEL_MISMATCH
000136,BMW,R nine T Scrambler,R 1200GS Adventure Long Way Down Replicas,https://www.motorcyclespecs.co.za/model/bmw/bmw-r1200gs-adventure-long-way.html,52,LOW,MODEL_MISMATCH
000136,BMW,R nine T Scrambler,R 1200R,https://www.motorcyclespecs.co.za/model/bmw/bmw-r1200r-07.html,52,LOW,MODEL_MISMATCH
000136,BMW,R nine T Scrambler,R 1200R,https://www.motorcyclespecs.co.za/model/bmw/bmw-r1200r-08.html,52,LOW,MODEL_MISMATCH
000136,BMW,R nine T Scrambler,R 1200R,https://www.motorcyclespecs.co.za/model/bmw/bmw-r1200r-09.html,52,LOW,MODEL_MISMATCH
000136,BMW,R nine T Scrambler,R 1200R,https://www.motorcyclespecs.co.za/model/bmw/bmw-r1200r-10.html,52,LOW,MODEL_MISMATCH
000136,BMW,R nine T Scrambler,R 1200R,https://www.motorcyclespecs.co.za/model/bmw/bmw-r1200r-11.html,52,LOW,MODEL_MISMATCH
000136,BMW,R nine T Scrambler,R 1200R,https://www.motorcyclespecs.co.za/model/bmw/bmw-r1200r-12.html,52,LOW,MODEL_MISMATCH
000136,BMW,R nine T Scrambler,R 1200R,https://www.motorcyclespecs.co.za/model/bmw/bmw-r1200r-13.html,52,LOW,MODEL_MISMATCH
000136,BMW,R nine T Scrambler,R 1200R,https://www.motorcyclespecs.co.za/model/bmw/bmw-r1200r-14.html,52,LOW,MODEL_MISMATCH
000136,BMW,R nine T Scrambler,R 1250R,https://www.motorcyclespecs.co.za/model/bmw/bmw-r1250r-19.html,52,LOW,MODEL_MISMATCH
000136,BMW,R nine T Scrambler,R 1250R,https://www.motorcyclespecs.co.za/model/bmw/bmw-r1250r-21.html,52,LOW,MODEL_MISMATCH
000136,BMW,R nine T Scrambler,R 1250R,https://www.motorcyclespecs.co.za/model/bmw/bmw-r1250r-23.html,52,LOW,MODEL_MISMATCH
000136,BMW,R nine T Scrambler,R 1250R,https://www.motorcyclespecs.co.za/model/bmw/bmw-r1250r_20.html,52,LOW,MODEL_MISMATCH
000136,BMW,R nine T Scrambler,R 100S,https://www.motorcyclespecs.co.za/model/bmw/bmw-r100s-77.html,51,LOW,MODEL_MISMATCH
000136,BMW,R nine T Scrambler,R 100S,https://www.motorcyclespecs.co.za/model/bmw/bmw-r100s-78.html,51,LOW,MODEL_MISMATCH
000136,BMW,R nine T Scrambler,R 100S,https://www.motorcyclespecs.co.za/model/bmw/bmw-r100s-79.html,51,LOW,MODEL_MISMATCH
000136,BMW,R nine T Scrambler,R 12 S,https://www.motorcyclespecs.co.za/model/bmw/bmw-r12-ninet-s-2025.html,51,LOW,MODEL_MISMATCH
000136,BMW,R nine T Scrambler,R 50S,https://www.motorcyclespecs.co.za/model/bmw/bmw-r50S-55.html,51,LOW,MODEL_MISMATCH
000136,BMW,R nine T Scrambler,R 69S,https://www.motorcyclespecs.co.za/model/bmw/bmw-r69S-63.html,51,LOW,MODEL_MISMATCH
000136,BMW,R nine T Scrambler,R 69S,https://www.motorcyclespecs.co.za/model/bmw/bmw-r69S-66.html,51,LOW,MODEL_MISMATCH
000136,BMW,R nine T Scrambler,"R 
		69S",https://www.motorcyclespecs.co.za/model/bmw/bmw-r69S.html,51,LOW,MODEL_MISMATCH
000136,BMW,R nine T Scrambler,R 80G/S Dakar GS80R-GS980R,https://www.motorcyclespecs.co.za/model/bmw/bmw-r80gs-paris.html,51,LOW,MODEL_MISMATCH
000136,BMW,R nine T Scrambler,R 90S,https://www.motorcyclespecs.co.za/model/bmw/bmw-r90s-74.html,51,LOW,MODEL_MISMATCH
000136,BMW,R nine T Scrambler,R 1100S,https://www.motorcyclespecs.co.za/model/bmw/bmw-r1100s-01.html,50,LOW,MODEL_MISMATCH
000136,BMW,R nine T Scrambler,R 1100S,https://www.motorcyclespecs.co.za/model/bmw/bmw-r1100s-04.html,50,LOW,MODEL_MISMATCH
000136,BMW,R nine T Scrambler,R 1100S,https://www.motorcyclespecs.co.za/model/bmw/bmw-r1100s-06.html,50,LOW,MODEL_MISMATCH
000136,BMW,R nine T Scrambler,R 1100S,https://www.motorcyclespecs.co.za/model/bmw/bmw-r1100s-99.html,50,LOW,MODEL_MISMATCH
000136,BMW,R nine T Scrambler,R 1200S,https://www.motorcyclespecs.co.za/model/bmw/bmw-r1200s-06.html,50,LOW,MODEL_MISMATCH
000136,BMW,R nine T Scrambler,R 1200S,https://www.motorcyclespecs.co.za/model/bmw/bmw-r1200s-07.html,50,LOW,MODEL_MISMATCH
000136,BMW,R nine T Scrambler,R 1200S,https://www.motorcyclespecs.co.za/model/bmw/bmw-r1200s-08.html,50,LOW,MODEL_MISMATCH
000136,BMW,R nine T Scrambler,R 2,https://www.motorcyclespecs.co.za/model/bmw/bmw-r2.html,50,LOW,MODEL_MISMATCH
000136,BMW,R nine T Scrambler,R 3,https://www.motorcyclespecs.co.za/model/bmw/bmw-r3.html,50,LOW,MODEL_MISMATCH
000136,BMW,R nine T Scrambler,R 4,https://www.motorcyclespecs.co.za/model/bmw/bmw-r4.html,50,LOW,MODEL_MISMATCH
000136,BMW,R nine T Scrambler,R 5,https://www.motorcyclespecs.co.za/model/bmw/bmw-r5.html,50,LOW,MODEL_MISMATCH
000136,BMW,R nine T Scrambler,R 6,https://www.motorcyclespecs.co.za/model/bmw/bmw-r6.html,50,LOW,MODEL_MISMATCH
000136,BMW,R nine T Scrambler,R 80G/S,https://www.motorcyclespecs.co.za/model/bmw/bmw-r80gS-80.html,50,LOW,MODEL_MISMATCH
000136,BMW,R nine T Scrambler,R 80G/S,https://www.motorcyclespecs.co.za/model/bmw/bmw-r80gS-81.html,50,LOW,MODEL_MISMATCH
000136,BMW,R nine T Scrambler,R 80G/S,https://www.motorcyclespecs.co.za/model/bmw/bmw-r80gS-82.html,50,LOW,MODEL_MISMATCH
000136,BMW,R nine T Scrambler,R 80G/S,https://www.motorcyclespecs.co.za/model/bmw/bmw-r80gS-83.html,50,LOW,MODEL_MISMATCH
000136,BMW,R nine T Scrambler,R 80G/S,https://www.motorcyclespecs.co.za/model/bmw/bmw-r80gs-84.html,50,LOW,MODEL_MISMATCH
000136,BMW,R nine T Scrambler,R 100/7,https://www.motorcyclespecs.co.za/model/bmw/bmw-r100-7-78.html,49,LOW,MODEL_MISMATCH
000136,BMW,R nine T Scrambler,"R 
		100/7",https://www.motorcyclespecs.co.za/model/bmw/bmw-r100-7.html,49,LOW,MODEL_MISMATCH
000136,BMW,R nine T Scrambler,R 100,https://www.motorcyclespecs.co.za/model/bmw/bmw-r100-80.html,49,LOW,MODEL_MISMATCH
000136,BMW,R nine T Scrambler,R 100,https://www.motorcyclespecs.co.za/model/bmw/bmw-r100-82.html,49,LOW,MODEL_MISMATCH
000136,BMW,R nine T Scrambler,R 11,https://www.motorcyclespecs.co.za/model/bmw/bmw-r11.html,49,LOW,MODEL_MISMATCH
000136,BMW,R nine T Scrambler,R 12,https://www.motorcyclespecs.co.za/model/bmw/bmw-r12-twin-carb.html,49,LOW,MODEL_MISMATCH
000136,BMW,R nine T Scrambler,R 16,https://www.motorcyclespecs.co.za/model/bmw/bmw-r16.html,49,LOW,MODEL_MISMATCH
000136,BMW,R nine T Scrambler,R 17,https://www.motorcyclespecs.co.za/model/bmw/bmw-r17.html,49,LOW,MODEL_MISMATCH
000136,BMW,R nine T Scrambler,R 18,https://www.motorcyclespecs.co.za/model/bmw/bmw-r18-20.html,49,LOW,MODEL_MISMATCH
000136,BMW,R nine T Scrambler,R 18,https://www.motorcyclespecs.co.za/model/bmw/bmw-r18-22.html,49,LOW,MODEL_MISMATCH
000136,BMW,R nine T Scrambler,R 20,https://www.motorcyclespecs.co.za/model/bmw/bmw-r20.html,49,LOW,MODEL_MISMATCH
000136,BMW,R nine T Scrambler,R 23,https://www.motorcyclespecs.co.za/model/bmw/bmw-r23.html,49,LOW,MODEL_MISMATCH
000136,BMW,R nine T Scrambler,R 24,https://www.motorcyclespecs.co.za/model/bmw/bmw-r24.html,49,LOW,MODEL_MISMATCH
000136,BMW,R nine T Scrambler,R 25/2,https://www.motorcyclespecs.co.za/model/bmw/bmw-r25-2.html,49,LOW,MODEL_MISMATCH
000136,BMW,R nine T Scrambler,R 25/3,https://www.motorcyclespecs.co.za/model/bmw/bmw-r25-3.html,49,LOW,MODEL_MISMATCH
000136,BMW,R nine T Scrambler,R 25,https://www.motorcyclespecs.co.za/model/bmw/bmw-r25.html,49,LOW,MODEL_MISMATCH
000136,BMW,R nine T Scrambler,R 26,https://www.motorcyclespecs.co.za/model/bmw/bmw-r26.html,49,LOW,MODEL_MISMATCH
000136,BMW,R nine T Scrambler,R 27,https://www.motorcyclespecs.co.za/model/bmw/bmw-r27.html,49,LOW,MODEL_MISMATCH
000136,BMW,R nine T Scrambler,R 32,https://www.motorcyclespecs.co.za/model/bmw/bmw-r32.html,49,LOW,MODEL_MISMATCH
000136,BMW,R nine T Scrambler,R 35,https://www.motorcyclespecs.co.za/model/bmw/bmw-r35.html,49,LOW,MODEL_MISMATCH
000136,BMW,R nine T Scrambler,R 37,https://www.motorcyclespecs.co.za/model/bmw/bmw-r37.html,49,LOW,MODEL_MISMATCH
000136,BMW,R nine T Scrambler,R 39,https://www.motorcyclespecs.co.za/model/bmw/bmw-r39.html,49,LOW,MODEL_MISMATCH
000136,BMW,R nine T Scrambler,R 42,https://www.motorcyclespecs.co.za/model/bmw/bmw-r42.html,49,LOW,MODEL_MISMATCH
000136,BMW,R nine T Scrambler,R 45,https://www.motorcyclespecs.co.za/model/bmw/bmw-r45-78.html,49,LOW,MODEL_MISMATCH
000136,BMW,R nine T Scrambler,R 45,https://www.motorcyclespecs.co.za/model/bmw/bmw-r45-80.html,49,LOW,MODEL_MISMATCH
000136,BMW,R nine T Scrambler,R 45,https://www.motorcyclespecs.co.za/model/bmw/bmw-r45-82.html,49,LOW,MODEL_MISMATCH
000136,BMW,R nine T Scrambler,R 47,https://www.motorcyclespecs.co.za/model/bmw/bmw-r47.html,49,LOW,MODEL_MISMATCH
000136,BMW,R nine T Scrambler,"R 
		50/2",https://www.motorcyclespecs.co.za/model/bmw/bmw-r50-2.html,49,LOW,MODEL_MISMATCH
000136,BMW,R nine T Scrambler,R 50/5,https://www.motorcyclespecs.co.za/model/bmw/bmw-r50-5-69.html,49,LOW,MODEL_MISMATCH
000136,BMW,R nine T Scrambler,R 50,https://www.motorcyclespecs.co.za/model/bmw/bmw-r50-55.html,49,LOW,MODEL_MISMATCH
000136,BMW,R nine T Scrambler,"R 
		51/2",https://www.motorcyclespecs.co.za/model/bmw/bmw-r51-2.html,49,LOW,MODEL_MISMATCH
000136,BMW,R nine T Scrambler,"R 
		51/3",https://www.motorcyclespecs.co.za/model/bmw/bmw-r51-3.html,49,LOW,MODEL_MISMATCH
000136,BMW,R nine T Scrambler,R 51,https://www.motorcyclespecs.co.za/model/bmw/bmw-r51.html,49,LOW,MODEL_MISMATCH
000136,BMW,R nine T Scrambler,R 52,https://www.motorcyclespecs.co.za/model/bmw/bmw-r52.html,49,LOW,MODEL_MISMATCH
000136,BMW,R nine T Scrambler,R 57,https://www.motorcyclespecs.co.za/model/bmw/bmw-r57.html,49,LOW,MODEL_MISMATCH
000136,BMW,R nine T Scrambler,R 60/2,https://www.motorcyclespecs.co.za/model/bmw/bmw-r60-2-66.html,49,LOW,MODEL_MISMATCH
000136,BMW,R nine T Scrambler,"R 
		60/",https://www.motorcyclespecs.co.za/model/bmw/bmw-r60-2.html,49,LOW,MODEL_MISMATCH
000136,BMW,R nine T Scrambler,R 60/5,https://www.motorcyclespecs.co.za/model/bmw/bmw-r60-5-69.html,49,LOW,MODEL_MISMATCH
000136,BMW,R nine T Scrambler,R 60/5,https://www.motorcyclespecs.co.za/model/bmw/bmw-r60-5-71.html,49,LOW,MODEL_MISMATCH
000136,BMW,R nine T Scrambler,R 60/5,https://www.motorcyclespecs.co.za/model/bmw/bmw-r60-5-72.html,49,LOW,MODEL_MISMATCH
000136,BMW,R nine T Scrambler,R 60/6,https://www.motorcyclespecs.co.za/model/bmw/bmw-r60-6-73.html,49,LOW,MODEL_MISMATCH
000136,BMW,R nine T Scrambler,R 60/7,https://www.motorcyclespecs.co.za/model/bmw/bmw-r60-7-76.html,49,LOW,MODEL_MISMATCH
000136,BMW,R nine T Scrambler,R 60,https://www.motorcyclespecs.co.za/model/bmw/bmw-r60.html,49,LOW,MODEL_MISMATCH
000136,BMW,R nine T Scrambler,R 61,https://www.motorcyclespecs.co.za/model/bmw/bmw-r61.html,49,LOW,MODEL_MISMATCH
000136,BMW,R nine T Scrambler,R 62,https://www.motorcyclespecs.co.za/model/bmw/bmw-r62.html,49,LOW,MODEL_MISMATCH
000136,BMW,R nine T Scrambler,R 63,https://www.motorcyclespecs.co.za/model/bmw/bmw-r63.html,49,LOW,MODEL_MISMATCH
000136,BMW,R nine T Scrambler,R 65,https://www.motorcyclespecs.co.za/model/bmw/bmw-r65-78.html,49,LOW,MODEL_MISMATCH
000136,BMW,R nine T Scrambler,R 65,https://www.motorcyclespecs.co.za/model/bmw/bmw-r65-80.html,49,LOW,MODEL_MISMATCH
000136,BMW,R nine T Scrambler,R 66,https://www.motorcyclespecs.co.za/model/bmw/bmw-r66.html,49,LOW,MODEL_MISMATCH
000136,BMW,R nine T Scrambler,"R 
		67/2",https://www.motorcyclespecs.co.za/model/bmw/bmw-r67-2.html,49,LOW,MODEL_MISMATCH
000136,BMW,R nine T Scrambler,R 67,https://www.motorcyclespecs.co.za/model/bmw/bmw-r67.html,49,LOW,MODEL_MISMATCH
000136,BMW,R nine T Scrambler,R 68,https://www.motorcyclespecs.co.za/model/bmw/bmw-r68.html,49,LOW,MODEL_MISMATCH
000136,BMW,R nine T Scrambler,R 69,https://www.motorcyclespecs.co.za/model/bmw/bmw-r69-55.html,49,LOW,MODEL_MISMATCH
000136,BMW,R nine T Scrambler,R 69,https://www.motorcyclespecs.co.za/model/bmw/bmw-r69-57.html,49,LOW,MODEL_MISMATCH
000136,BMW,R nine T Scrambler,R 71,https://www.motorcyclespecs.co.za/model/bmw/bmw-r71.html,49,LOW,MODEL_MISMATCH
000136,BMW,R nine T Scrambler,R 75/5,https://www.motorcyclespecs.co.za/model/bmw/bmw-r75-5-70.html,49,LOW,MODEL_MISMATCH
000136,BMW,R nine T Scrambler,R 75/6,https://www.motorcyclespecs.co.za/model/bmw/bmw-r75-6-73.html,49,LOW,MODEL_MISMATCH
000136,BMW,R nine T Scrambler,R 75/6,https://www.motorcyclespecs.co.za/model/bmw/bmw-r75-6-75.html,49,LOW,MODEL_MISMATCH
000136,BMW,R nine T Scrambler,R 75/5,https://www.motorcyclespecs.co.za/model/bmw/bmw-r75-69.html,49,LOW,MODEL_MISMATCH
000136,BMW,R nine T Scrambler,R 75/7,https://www.motorcyclespecs.co.za/model/bmw/bmw-r75-7-76.html,49,LOW,MODEL_MISMATCH
000136,BMW,R nine T Scrambler,R 80/7,https://www.motorcyclespecs.co.za/model/bmw/bmw-r80-7-77.html,49,LOW,MODEL_MISMATCH
000136,BMW,R nine T Scrambler,R 80/7,https://www.motorcyclespecs.co.za/model/bmw/bmw-r80-7-80.html,49,LOW,MODEL_MISMATCH
000136,BMW,R nine T Scrambler,R 80,https://www.motorcyclespecs.co.za/model/bmw/bmw-r80-81.html,49,LOW,MODEL_MISMATCH
000136,BMW,R nine T Scrambler,R 90/6,https://www.motorcyclespecs.co.za/model/bmw/bmw-r90-6-74.html,49,LOW,MODEL_MISMATCH
000136,BMW,R nine T Scrambler,R 75/5,https://www.motorcyclespecs.co.za/model/bmw/bmw_r75-72.html,49,LOW,MODEL_MISMATCH
000137,BMW,R nine T Urban G/S,R nineT Urban G/S,https://www.motorcyclespecs.co.za/model/bmw/bmw-r-ninet-urban-gs-17.html,95,HIGH,EXACT
000137,BMW,R nine T Urban G/S,R nineT Urban G/S,https://www.motorcyclespecs.co.za/model/bmw/bmw-r-ninet-urban-gs-19.html,95,HIGH,EXACT
000137,BMW,R nine T Urban G/S,R nineT Urban G/S,https://www.motorcyclespecs.co.za/model/bmw/bmw-r-ninet-urban-gs-21.html,95,HIGH,EXACT
000137,BMW,R nine T Urban G/S,R nineT Urban G/S,https://www.motorcyclespecs.co.za/model/bmw/bmw-r-ninet-urban-gs-22.html,95,HIGH,EXACT
000137,BMW,R nine T Urban G/S,R nineT Urban G/S 40 Years Edition,https://www.motorcyclespecs.co.za/model/bmw/bmw-r-ninet-urban-gs-40th-21.html,75,LOW,REVIEW
000137,BMW,R nine T Urban G/S,R nineT Pure,https://www.motorcyclespecs.co.za/model/bmw/bmw-r-ninet-pure-17.html,73,LOW,REVIEW
000137,BMW,R nine T Urban G/S,R nineT Pure,https://www.motorcyclespecs.co.za/model/bmw/bmw-r-ninet-pure-19.html,73,LOW,REVIEW
000137,BMW,R nine T Urban G/S,R nineT Pure,https://www.motorcyclespecs.co.za/model/bmw/bmw-r-ninet-pure-21.html,73,LOW,REVIEW
000137,BMW,R nine T Urban G/S,R nineT Urban G/S Dakar Hubert Auriol,https://www.motorcyclespecs.co.za/model/bmw/bmw-r-ninet-urban-gs-hubert.html,73,LOW,REVIEW
000137,BMW,R nine T Urban G/S,R nineT,https://www.motorcyclespecs.co.za/model/bmw/bmw-r-ninet-14.html,70,LOW,REVIEW
000137,BMW,R nine T Urban G/S,R nineT,https://www.motorcyclespecs.co.za/model/bmw/bmw-r-ninet-16.html,70,LOW,REVIEW
000137,BMW,R nine T Urban G/S,R nineT,https://www.motorcyclespecs.co.za/model/bmw/bmw-r-ninet-18.html,70,LOW,REVIEW
000137,BMW,R nine T Urban G/S,R nineT,https://www.motorcyclespecs.co.za/model/bmw/bmw-r-ninet-19.html,70,LOW,REVIEW
000137,BMW,R nine T Urban G/S,R nineT,https://www.motorcyclespecs.co.za/model/bmw/bmw-r-ninet-21.html,70,LOW,REVIEW
000137,BMW,R nine T Urban G/S,R nineT Racer,https://www.motorcyclespecs.co.za/model/bmw/bmw-r-ninet-racer-17.html,70,LOW,REVIEW
000137,BMW,R nine T Urban G/S,R nineT Racer,https://www.motorcyclespecs.co.za/model/bmw/bmw-r-ninet-racer-19.html,70,LOW,REVIEW
000137,BMW,R nine T Urban G/S,R nineT R12,https://www.motorcyclespecs.co.za/model/bmw/bmw-r12-nineT-2023.html,70,LOW,REVIEW
000137,BMW,R nine T Urban G/S,R nineT Scrambler,https://www.motorcyclespecs.co.za/model/bmw/bmw-r-ninet-scrambler-16.html,66,LOW,MODEL_MISMATCH
000137,BMW,R nine T Urban G/S,R nineT Scrambler,https://www.motorcyclespecs.co.za/model/bmw/bmw-r-ninet-scrambler-19.html,66,LOW,MODEL_MISMATCH
000137,BMW,R nine T Urban G/S,R nineT Scrambler,https://www.motorcyclespecs.co.za/model/bmw/bmw-r-ninet-scrambler-20.html,66,LOW,MODEL_MISMATCH
000137,BMW,R nine T Urban G/S,R nineT Scrambler,https://www.motorcyclespecs.co.za/model/bmw/bmw-r-ninet-scrambler-21.html,66,LOW,MODEL_MISMATCH
000137,BMW,R nine T Urban G/S,R nineT Concept,https://www.motorcyclespecs.co.za/model/bmw/bmw-ninet-concept.html,65,LOW,MODEL_MISMATCH
000137,BMW,R nine T Urban G/S,"R nineT 100th 
Anniversary",https://www.motorcyclespecs.co.za/model/bmw/bmw-r-ninet-100th-Anniversary-23.html,64,LOW,MODEL_MISMATCH
000137,BMW,R nine T Urban G/S,"R 
		nineT Special Edition",https://www.motorcyclespecs.co.za/model/bmw/bmw-r-ninet-se-16.html,63,LOW,MODEL_MISMATCH
000137,BMW,R nine T Urban G/S,R nineT Boxer Cup 2-0,https://www.motorcyclespecs.co.za/model/bmw/bmw-r9t-boxer-cup-2-0.html,63,LOW,MODEL_MISMATCH
000137,BMW,R nine T Urban G/S,"R nineT Scrambler 
Concept Path 22",https://www.motorcyclespecs.co.za/model/bmw/bmw-concept-ninet-parth-22.html,61,LOW,MODEL_MISMATCH
000137,BMW,R nine T Urban G/S,"R nineT /5 50th 
Anniversary Edition",https://www.motorcyclespecs.co.za/model/bmw/bmw-r-ninet-50th-anniv-19.html,61,LOW,MODEL_MISMATCH
000137,BMW,R nine T Urban G/S,R 100RS Turbo,https://www.motorcyclespecs.co.za/model/bmw/bmw-r100rs-turbo.html,61,LOW,MODEL_MISMATCH
000137,BMW,R nine T Urban G/S,"R 
		100S Willi Michel Racer",https://www.motorcyclespecs.co.za/model/bmw/bmw-r100s-willi-michel-racer.html,61,LOW,MODEL_MISMATCH
000137,BMW,R nine T Urban G/S,R 1100S Boxer Cup Replica,https://www.motorcyclespecs.co.za/model/bmw/bmw-r1100s-boxer-cup.html,61,LOW,MODEL_MISMATCH
000137,BMW,R nine T Urban G/S,R 1100S Boxer Cup Replica,https://www.motorcyclespecs.co.za/model/bmw/bmw-r1100s-replica-04.html,61,LOW,MODEL_MISMATCH
000137,BMW,R nine T Urban G/S,"R 
		1200R Touring Special",https://www.motorcyclespecs.co.za/model/bmw/bmw-r1200r-special-10.html,61,LOW,MODEL_MISMATCH
000137,BMW,R nine T Urban G/S,R 1200RT Touring Special,https://www.motorcyclespecs.co.za/model/bmw/bmw-r1200rt-se-09.html,61,LOW,MODEL_MISMATCH
000137,BMW,R nine T Urban G/S,R 18 Transcontinental,https://www.motorcyclespecs.co.za/model/bmw/bmw-r18-transcontinental-22.html,61,LOW,MODEL_MISMATCH
000137,BMW,R nine T Urban G/S,R 80G/S,https://www.motorcyclespecs.co.za/model/bmw/bmw-r80gS-80.html,61,LOW,MODEL_MISMATCH
000137,BMW,R nine T Urban G/S,R 80G/S,https://www.motorcyclespecs.co.za/model/bmw/bmw-r80gS-81.html,61,LOW,MODEL_MISMATCH
000137,BMW,R nine T Urban G/S,R 80G/S,https://www.motorcyclespecs.co.za/model/bmw/bmw-r80gS-82.html,61,LOW,MODEL_MISMATCH
000137,BMW,R nine T Urban G/S,R 80G/S,https://www.motorcyclespecs.co.za/model/bmw/bmw-r80gS-83.html,61,LOW,MODEL_MISMATCH
000137,BMW,R nine T Urban G/S,R 80G/S,https://www.motorcyclespecs.co.za/model/bmw/bmw-r80gs-84.html,61,LOW,MODEL_MISMATCH
000137,BMW,R nine T Urban G/S,"R 18 100th 
		Anniversary",https://www.motorcyclespecs.co.za/model/bmw/bmw-r18-100th-anniversary-23.html,59,LOW,MODEL_MISMATCH
000137,BMW,R nine T Urban G/S,R 80G/S Dakar GS80R-GS980R,https://www.motorcyclespecs.co.za/model/bmw/bmw-r80gs-paris.html,59,LOW,MODEL_MISMATCH
000137,BMW,R nine T Urban G/S,"R 
		1100R 75th Anniversary",https://www.motorcyclespecs.co.za/model/bmw/bmw-r1100r-75th-anniversary.html,58,LOW,MODEL_MISMATCH
000137,BMW,R nine T Urban G/S,"R 1200GS 
		LC Adventure Black Edition",https://www.motorcyclespecs.co.za/model/bmw/bmw-r1200gs-adventure-black-18.html,58,LOW,MODEL_MISMATCH
000137,BMW,R nine T Urban G/S,R 1200GS Adventure Triple Black,https://www.motorcyclespecs.co.za/model/bmw/bmw-r1200gs-adventure-black.html,58,LOW,MODEL_MISMATCH
000137,BMW,R nine T Urban G/S,"R 
		1200R 90th Anniversary",https://www.motorcyclespecs.co.za/model/bmw/bmw-r1200r-90th-ani.html,58,LOW,MODEL_MISMATCH
000137,BMW,R nine T Urban G/S,R 80G/S Paris Dakar,https://www.motorcyclespecs.co.za/model/bmw/bmw-r80gs-pd-84.html,58,LOW,MODEL_MISMATCH
000137,BMW,R nine T Urban G/S,R20 Concept,https://www.motorcyclespecs.co.za/model/bmw/BMW-R20-Concept-2024.html,57,LOW,MODEL_MISMATCH
000137,BMW,R nine T Urban G/S,"R 
		1100GS 75th Anniversary",https://www.motorcyclespecs.co.za/model/bmw/bmw-r1100gs-75th-anniversary.html,57,LOW,MODEL_MISMATCH
000137,BMW,R nine T Urban G/S,"R 
		1100RS 75th Anniversary",https://www.motorcyclespecs.co.za/model/bmw/bmw-r1100rs-75th-anniversary.html,57,LOW,MODEL_MISMATCH
000137,BMW,R nine T Urban G/S,R 1150GS Adventure,https://www.motorcyclespecs.co.za/model/bmw/bmw-r1150gs-adven-03.html,57,LOW,MODEL_MISMATCH
000137,BMW,R nine T Urban G/S,R 1150GS Adventure,https://www.motorcyclespecs.co.za/model/bmw/bmw-r1150gs-adven-04.html,57,LOW,MODEL_MISMATCH
000137,BMW,R nine T Urban G/S,R 1150GS Adventure,https://www.motorcyclespecs.co.za/model/bmw/bmw-r1150gs-adven-05.html,57,LOW,MODEL_MISMATCH
000137,BMW,R nine T Urban G/S,R 1150GS Adventure,https://www.motorcyclespecs.co.za/model/bmw/bmw-r1150gs-adven-bub-03.html,57,LOW,MODEL_MISMATCH
000137,BMW,R nine T Urban G/S,R 1150GS Adventure,https://www.motorcyclespecs.co.za/model/bmw/bmw-r1150gs-adven.html,57,LOW,MODEL_MISMATCH
000137,BMW,R nine T Urban G/S,R 12 Cruiser,https://www.motorcyclespecs.co.za/model/bmw/bmw-r12-Cruiser-2024.html,57,LOW,MODEL_MISMATCH
000137,BMW,R nine T Urban G/S,R 12 S,https://www.motorcyclespecs.co.za/model/bmw/bmw-r12-ninet-s-2025.html,57,LOW,MODEL_MISMATCH
000137,BMW,R nine T Urban G/S,R 1200C Independent,https://www.motorcyclespecs.co.za/model/bmw/bmw-r1200c-independent-02.html,57,LOW,MODEL_MISMATCH
000137,BMW,R nine T Urban G/S,R 1200GS Adventure,https://www.motorcyclespecs.co.za/model/bmw/bmw-r1200gs-adventure-06.html,57,LOW,MODEL_MISMATCH
000137,BMW,R nine T Urban G/S,R 1200GS Adventure,https://www.motorcyclespecs.co.za/model/bmw/bmw-r1200gs-adventure-07.html,57,LOW,MODEL_MISMATCH
000137,BMW,R nine T Urban G/S,R 1200GS Adventure,https://www.motorcyclespecs.co.za/model/bmw/bmw-r1200gs-adventure-08.html,57,LOW,MODEL_MISMATCH
000137,BMW,R nine T Urban G/S,"R 
		1200GS Adventure",https://www.motorcyclespecs.co.za/model/bmw/bmw-r1200gs-adventure-09.html,57,LOW,MODEL_MISMATCH
000137,BMW,R nine T Urban G/S,R 1200GS Adventure,https://www.motorcyclespecs.co.za/model/bmw/bmw-r1200gs-adventure-10.html,57,LOW,MODEL_MISMATCH
000137,BMW,R nine T Urban G/S,"R 
		1200GS Adventure",https://www.motorcyclespecs.co.za/model/bmw/bmw-r1200gs-adventure-11.html,57,LOW,MODEL_MISMATCH
000137,BMW,R nine T Urban G/S,"R 
		1200GS Adventure",https://www.motorcyclespecs.co.za/model/bmw/bmw-r1200gs-adventure-12.html,57,LOW,MODEL_MISMATCH
000137,BMW,R nine T Urban G/S,"R 
		1200GS Adventure",https://www.motorcyclespecs.co.za/model/bmw/bmw-r1200gs-adventure-13.html,57,LOW,MODEL_MISMATCH
000137,BMW,R nine T Urban G/S,"R 
		1200GS LC Adventure",https://www.motorcyclespecs.co.za/model/bmw/bmw-r1200gs-adventure-14.html,57,LOW,MODEL_MISMATCH
000137,BMW,R nine T Urban G/S,"R 
		1200GS LC Adventure",https://www.motorcyclespecs.co.za/model/bmw/bmw-r1200gs-adventure-15.html,57,LOW,MODEL_MISMATCH
000137,BMW,R nine T Urban G/S,"R 
		1200GS LC Adventure",https://www.motorcyclespecs.co.za/model/bmw/bmw-r1200gs-adventure-16.html,57,LOW,MODEL_MISMATCH
000137,BMW,R nine T Urban G/S,"R 1200GS 
		LC Adventure",https://www.motorcyclespecs.co.za/model/bmw/bmw-r1200gs-adventure-18.html,57,LOW,MODEL_MISMATCH
000137,BMW,R nine T Urban G/S,R 1200GS Adventure,https://www.motorcyclespecs.co.za/model/bmw/bmw-r1200gs-adventure-heroes-legend.html,57,LOW,MODEL_MISMATCH
000137,BMW,R nine T Urban G/S,"R 
		1200GS 30th Anniversary Special",https://www.motorcyclespecs.co.za/model/bmw/bmw-r1200gs-special-10.html,57,LOW,MODEL_MISMATCH
000137,BMW,R nine T Urban G/S,"R 
		1250GS Adventure",https://www.motorcyclespecs.co.za/model/bmw/bmw-r1250gs-adven-20.html,57,LOW,MODEL_MISMATCH
000137,BMW,R nine T Urban G/S,"R 
		1250GS Adventure",https://www.motorcyclespecs.co.za/model/bmw/bmw-r1250gs-adven-21.html,57,LOW,MODEL_MISMATCH
000137,BMW,R nine T Urban G/S,"R 1300GS 
		Adventure Dark (France only)",https://www.motorcyclespecs.co.za/model/bmw/bmw-r1300gs-adventure-dark-2026.html,57,LOW,MODEL_MISMATCH
000137,BMW,R nine T Urban G/S,R 18 Roctane,https://www.motorcyclespecs.co.za/model/bmw/bmw-r18-roctane-2023.html,57,LOW,MODEL_MISMATCH
000137,BMW,R nine T Urban G/S,"R 
		1250GS Adventure",https://www.motorcyclespecs.co.za/model/bmw/bmw-r250gs_adven-19.html,57,LOW,MODEL_MISMATCH
000137,BMW,R nine T Urban G/S,R 50S,https://www.motorcyclespecs.co.za/model/bmw/bmw-r50S-55.html,57,LOW,MODEL_MISMATCH
000137,BMW,R nine T Urban G/S,R 69S,https://www.motorcyclespecs.co.za/model/bmw/bmw-r69S-63.html,57,LOW,MODEL_MISMATCH
000137,BMW,R nine T Urban G/S,R 69S,https://www.motorcyclespecs.co.za/model/bmw/bmw-r69S-66.html,57,LOW,MODEL_MISMATCH
000137,BMW,R nine T Urban G/S,"R 
		69S",https://www.motorcyclespecs.co.za/model/bmw/bmw-r69S.html,57,LOW,MODEL_MISMATCH
000137,BMW,R nine T Urban G/S,R75 Sidecar,https://www.motorcyclespecs.co.za/model/bmw/bmw-r75-sidecar.html,57,LOW,MODEL_MISMATCH
000137,BMW,R nine T Urban G/S,"R 80GS 
		Basic",https://www.motorcyclespecs.co.za/model/bmw/bmw-r80gs-basic-97.html,57,LOW,MODEL_MISMATCH
000137,BMW,R nine T Urban G/S,R 80G/S Prototype,https://www.motorcyclespecs.co.za/model/bmw/bmw-r80gs-prototype.html,57,LOW,MODEL_MISMATCH
000137,BMW,R nine T Urban G/S,R 90S,https://www.motorcyclespecs.co.za/model/bmw/bmw-r90s-74.html,57,LOW,MODEL_MISMATCH
000137,BMW,R nine T Urban G/S,R 100RS,https://www.motorcyclespecs.co.za/model/bmw/bmw-r100rs-76.html,56,LOW,MODEL_MISMATCH
000137,BMW,R nine T Urban G/S,R 100RS,https://www.motorcyclespecs.co.za/model/bmw/bmw-r100rs-77.html,56,LOW,MODEL_MISMATCH
000137,BMW,R nine T Urban G/S,R 100RS,https://www.motorcyclespecs.co.za/model/bmw/bmw-r100rs-78.html,56,LOW,MODEL_MISMATCH
000137,BMW,R nine T Urban G/S,R 100RS,https://www.motorcyclespecs.co.za/model/bmw/bmw-r100rs-80.html,56,LOW,MODEL_MISMATCH
000137,BMW,R nine T Urban G/S,R 100RS,https://www.motorcyclespecs.co.za/model/bmw/bmw-r100rs-82.html,56,LOW,MODEL_MISMATCH
000137,BMW,R nine T Urban G/S,R 100RS,https://www.motorcyclespecs.co.za/model/bmw/bmw-r100rs-83.html,56,LOW,MODEL_MISMATCH
000137,BMW,R nine T Urban G/S,R 100S,https://www.motorcyclespecs.co.za/model/bmw/bmw-r100s-77.html,56,LOW,MODEL_MISMATCH
000137,BMW,R nine T Urban G/S,R 100S,https://www.motorcyclespecs.co.za/model/bmw/bmw-r100s-78.html,56,LOW,MODEL_MISMATCH
000137,BMW,R nine T Urban G/S,R 100S,https://www.motorcyclespecs.co.za/model/bmw/bmw-r100s-79.html,56,LOW,MODEL_MISMATCH
000137,BMW,R nine T Urban G/S,"R 
		1100RT 75th Anniversary",https://www.motorcyclespecs.co.za/model/bmw/bmw-r1100rt-75th-anniversary.html,56,LOW,MODEL_MISMATCH
000137,BMW,R nine T Urban G/S,R 1100S,https://www.motorcyclespecs.co.za/model/bmw/bmw-r1100s-01.html,56,LOW,MODEL_MISMATCH
000137,BMW,R nine T Urban G/S,R 1100S,https://www.motorcyclespecs.co.za/model/bmw/bmw-r1100s-04.html,56,LOW,MODEL_MISMATCH
000137,BMW,R nine T Urban G/S,R 1100S,https://www.motorcyclespecs.co.za/model/bmw/bmw-r1100s-06.html,56,LOW,MODEL_MISMATCH
000137,BMW,R nine T Urban G/S,R 1100S,https://www.motorcyclespecs.co.za/model/bmw/bmw-r1100s-99.html,56,LOW,MODEL_MISMATCH
000137,BMW,R nine T Urban G/S,R 1150GS Adventure Special Edition,https://www.motorcyclespecs.co.za/model/bmw/bmw-r1150gs-adv-spec.html,56,LOW,MODEL_MISMATCH
000137,BMW,R nine T Urban G/S,R 12 Roadster,https://www.motorcyclespecs.co.za/model/bmw/bmw-r12-nineT-2024.html,56,LOW,MODEL_MISMATCH
000137,BMW,R nine T Urban G/S,R 1200GS Adventure 90th Anniversary Special,https://www.motorcyclespecs.co.za/model/bmw/bmw-r1200gs-90th-anniversary.html,56,LOW,MODEL_MISMATCH
000137,BMW,R nine T Urban G/S,R 1200GS Adventure 30th Anniversary Special,https://www.motorcyclespecs.co.za/model/bmw/bmw-r1200gs-adventure-special-10.html,56,LOW,MODEL_MISMATCH
000137,BMW,R nine T Urban G/S,"R 1200GS 
		LC Adventure Triple Black",https://www.motorcyclespecs.co.za/model/bmw/bmw-r1200gs-adventure-triple-black.html,56,LOW,MODEL_MISMATCH
000137,BMW,R nine T Urban G/S,R 1200RT 90th Anniversary,https://www.motorcyclespecs.co.za/model/bmw/bmw-r1200rt-90th-anniversary.html,56,LOW,MODEL_MISMATCH
000137,BMW,R nine T Urban G/S,R 1200S,https://www.motorcyclespecs.co.za/model/bmw/bmw-r1200s-06.html,56,LOW,MODEL_MISMATCH
000137,BMW,R nine T Urban G/S,R 1200S,https://www.motorcyclespecs.co.za/model/bmw/bmw-r1200s-07.html,56,LOW,MODEL_MISMATCH
000137,BMW,R nine T Urban G/S,R 1200S,https://www.motorcyclespecs.co.za/model/bmw/bmw-r1200s-08.html,56,LOW,MODEL_MISMATCH
000137,BMW,R nine T Urban G/S,"R 1200ST Limited 
		Edition",https://www.motorcyclespecs.co.za/model/bmw/bmw-r1200st-le-07.html,56,LOW,MODEL_MISMATCH
000137,BMW,R nine T Urban G/S,"R 
		1250GS Adventure 40 Years Edition",https://www.motorcyclespecs.co.za/model/bmw/bmw-r1250gs-adven-40th-21.html,56,LOW,MODEL_MISMATCH
000137,BMW,R nine T Urban G/S,"R 
		50US",https://www.motorcyclespecs.co.za/model/bmw/bmw-r50us.html,56,LOW,MODEL_MISMATCH
000137,BMW,R nine T Urban G/S,R 60US,https://www.motorcyclespecs.co.za/model/bmw/bmw-r60-us.html,56,LOW,MODEL_MISMATCH
000137,BMW,R nine T Urban G/S,"R 
		69US",https://www.motorcyclespecs.co.za/model/bmw/bmw-r69.html,56,LOW,MODEL_MISMATCH
000137,BMW,R nine T Urban G/S,R 1100RS,https://www.motorcyclespecs.co.za/model/bmw/bmw-r1100rs-93.html,55,LOW,MODEL_MISMATCH
000137,BMW,R nine T Urban G/S,R 1100RS,https://www.motorcyclespecs.co.za/model/bmw/bmw-r1100rs-94.html,55,LOW,MODEL_MISMATCH
000137,BMW,R nine T Urban G/S,R 1100RS,https://www.motorcyclespecs.co.za/model/bmw/bmw-r1100rs-96.html,55,LOW,MODEL_MISMATCH
000137,BMW,R nine T Urban G/S,R 1100RS,https://www.motorcyclespecs.co.za/model/bmw/bmw-r1100rs-99.html,55,LOW,MODEL_MISMATCH
000137,BMW,R nine T Urban G/S,R 1150RS,https://www.motorcyclespecs.co.za/model/bmw/bmw-r1150rs-02.html,55,LOW,MODEL_MISMATCH
000137,BMW,R nine T Urban G/S,R 1150RS,https://www.motorcyclespecs.co.za/model/bmw/bmw-r1150rs.html,55,LOW,MODEL_MISMATCH
000137,BMW,R nine T Urban G/S,"R 1200C 
	Montauk",https://www.motorcyclespecs.co.za/model/bmw/bmw-r1200c-montauk-03.html,55,LOW,MODEL_MISMATCH
000137,BMW,R nine T Urban G/S,R 1200GS Adventure Long Way Down Replicas,https://www.motorcyclespecs.co.za/model/bmw/bmw-r1200gs-adventure-long-way.html,55,LOW,MODEL_MISMATCH
000137,BMW,R nine T Urban G/S,"R 
		1200GS Alpine White Special Version",https://www.motorcyclespecs.co.za/model/bmw/bmw-r1200gs-special-09.html,55,LOW,MODEL_MISMATCH
000137,BMW,R nine T Urban G/S,"R 1200R LC 
		Black Edition (Italy only)",https://www.motorcyclespecs.co.za/model/bmw/bmw-r1200r-black-17.html,55,LOW,MODEL_MISMATCH
000137,BMW,R nine T Urban G/S,"R 1200RS LC Iconic 
		Limited Edition",https://www.motorcyclespecs.co.za/model/bmw/bmw-r1200rs-lc-iconic-16.html,55,LOW,MODEL_MISMATCH
000137,BMW,R nine T Urban G/S,"R 1200RT LC Iconic 
		Limited Edition",https://www.motorcyclespecs.co.za/model/bmw/bmw-r1200rt-iconic-16.html,55,LOW,MODEL_MISMATCH
000137,BMW,R nine T Urban G/S,R 1250RS,https://www.motorcyclespecs.co.za/model/bmw/bmw-r1250rs-19.html,55,LOW,MODEL_MISMATCH
000137,BMW,R nine T Urban G/S,R 1250RS,https://www.motorcyclespecs.co.za/model/bmw/bmw-r1250rs-20.html,55,LOW,MODEL_MISMATCH
000137,BMW,R nine T Urban G/S,R 1250RS,https://www.motorcyclespecs.co.za/model/bmw/bmw-r1250rs-21.html,55,LOW,MODEL_MISMATCH
000137,BMW,R nine T Urban G/S,R 1250RS,https://www.motorcyclespecs.co.za/model/bmw/bmw-r1250rs-22.html,55,LOW,MODEL_MISMATCH
000137,BMW,R nine T Urban G/S,R 1250RS,https://www.motorcyclespecs.co.za/model/bmw/bmw-r1250rs-23.html,55,LOW,MODEL_MISMATCH
000137,BMW,R nine T Urban G/S,R 1250RS,https://www.motorcyclespecs.co.za/model/bmw/bmw-r1250rt-21.html,55,LOW,MODEL_MISMATCH
000137,BMW,R nine T Urban G/S,"R 1300GS 
		Adventure/Trophy/Triple Black",https://www.motorcyclespecs.co.za/model/bmw/bmw-r1300gs-adventure-2024.html,55,LOW,MODEL_MISMATCH
000137,BMW,R nine T Urban G/S,"R 
		1300R Roadster",https://www.motorcyclespecs.co.za/model/bmw/bmw-r1300r-2025.html,55,LOW,MODEL_MISMATCH
000137,BMW,R nine T Urban G/S,"R 
		1300R Superhooligan",https://www.motorcyclespecs.co.za/model/bmw/bmw-r1300r-superhooligan-2026.html,55,LOW,MODEL_MISMATCH
000137,BMW,R nine T Urban G/S,"R 
		1300RS",https://www.motorcyclespecs.co.za/model/bmw/bmw-r1300rs-2025.html,55,LOW,MODEL_MISMATCH
000137,BMW,R nine T Urban G/S,"R 
		1300RS",https://www.motorcyclespecs.co.za/model/bmw/bmw-r1300rs-2027.html,55,LOW,MODEL_MISMATCH
000137,BMW,R nine T Urban G/S,"R 18 Classic 
		First Edition",https://www.motorcyclespecs.co.za/model/bmw/bmw-r18-classic-first-edition-21.html,55,LOW,MODEL_MISMATCH
000137,BMW,R nine T Urban G/S,"R 60/2 with 
		Sidecar",https://www.motorcyclespecs.co.za/model/bmw/bmw-r60-2-sidecar.html,55,LOW,MODEL_MISMATCH
000137,BMW,R nine T Urban G/S,"R 
		67/3 with Sidecar",https://www.motorcyclespecs.co.za/model/bmw/bmw-r67-3.html,55,LOW,MODEL_MISMATCH
000137,BMW,R nine T Urban G/S,"R 100GS 
		Paris Dakar Classic",https://www.motorcyclespecs.co.za/model/bmw/bmw-r100gs-pd-classic.html,54,LOW,MODEL_MISMATCH
000137,BMW,R nine T Urban G/S,"R 100R 
		Classic",https://www.motorcyclespecs.co.za/model/bmw/bmw-r100r-classic-95.html,54,LOW,MODEL_MISMATCH
000137,BMW,R nine T Urban G/S,R 100RS Mono,https://www.motorcyclespecs.co.za/model/bmw/bmw-r100rs-86.html,54,LOW,MODEL_MISMATCH
000137,BMW,R nine T Urban G/S,R 100RS Mono,https://www.motorcyclespecs.co.za/model/bmw/bmw-r100rs-90.html,54,LOW,MODEL_MISMATCH
000137,BMW,R nine T Urban G/S,"R 
		100RT Classic",https://www.motorcyclespecs.co.za/model/bmw/bmw-r100rt-classic-95.html,54,LOW,MODEL_MISMATCH
000137,BMW,R nine T Urban G/S,R 1200GS LC Iconic Limited Edition,https://www.motorcyclespecs.co.za/model/bmw/bmw-r1200gs-iconic.html,54,LOW,MODEL_MISMATCH
000137,BMW,R nine T Urban G/S,R 12 5 0RT Elegance,https://www.motorcyclespecs.co.za/model/bmw/bmw-r1250rt-ela-19.html,54,LOW,MODEL_MISMATCH
000137,BMW,R nine T Urban G/S,R 850C / R 850C Avantgarde,https://www.motorcyclespecs.co.za/model/bmw/bmw-r850c-98.html,54,LOW,MODEL_MISMATCH
000137,BMW,R nine T Urban G/S,bmw r100gs,https://www.motorcyclespecs.co.za/model/Custom/bmw-r100gs.html,53,LOW,MODEL_MISMATCH
000137,BMW,R nine T Urban G/S,R 100GS,https://www.motorcyclespecs.co.za/model/bmw/bmw-r100gs-87.html,53,LOW,MODEL_MISMATCH
000137,BMW,R nine T Urban G/S,R 100GS Bumble Bee,https://www.motorcyclespecs.co.za/model/bmw/bmw-r100gs-88.html,53,LOW,MODEL_MISMATCH
000137,BMW,R nine T Urban G/S,R 100GS,https://www.motorcyclespecs.co.za/model/bmw/bmw-r100gs-89.html,53,LOW,MODEL_MISMATCH
000137,BMW,R nine T Urban G/S,R 100GS,https://www.motorcyclespecs.co.za/model/bmw/bmw-r100gs-90.html,53,LOW,MODEL_MISMATCH
000137,BMW,R nine T Urban G/S,R 100GS,https://www.motorcyclespecs.co.za/model/bmw/bmw-r100gs-91.html,53,LOW,MODEL_MISMATCH
000137,BMW,R nine T Urban G/S,"R 100RS 
		Motorsport Special Edition",https://www.motorcyclespecs.co.za/model/bmw/bmw-r100rs-le-78..html,53,LOW,MODEL_MISMATCH
000137,BMW,R nine T Urban G/S,R 100RT Mono,https://www.motorcyclespecs.co.za/model/bmw/bmw-r100rt-87.html,53,LOW,MODEL_MISMATCH
000137,BMW,R nine T Urban G/S,R 100RT Mono,https://www.motorcyclespecs.co.za/model/bmw/bmw-r100rt-90.html,53,LOW,MODEL_MISMATCH
000137,BMW,R nine T Urban G/S,R 1100RR Rally,https://www.motorcyclespecs.co.za/model/bmw/bmw-r1100gs-rally.html,53,LOW,MODEL_MISMATCH
000137,BMW,R nine T Urban G/S,R 12GS,https://www.motorcyclespecs.co.za/model/bmw/bmw-r12-gs-2025.html,53,LOW,MODEL_MISMATCH
000137,BMW,R nine T Urban G/S,R 1200C Aventgarde,https://www.motorcyclespecs.co.za/model/bmw/bmw-r1200c-avantgarde-02.html,53,LOW,MODEL_MISMATCH
000137,BMW,R nine T Urban G/S,R 1200GS Tom Luthi Limited Edition,https://www.motorcyclespecs.co.za/model/bmw/bmw-r1200gs-Luthi-ie.html,53,LOW,MODEL_MISMATCH
000137,BMW,R nine T Urban G/S,R 1200GS LC Adventure Iconic Limited Edition,https://www.motorcyclespecs.co.za/model/bmw/bmw-r1200gs-adventure-iconic-16.html,53,LOW,MODEL_MISMATCH
000137,BMW,R nine T Urban G/S,"R 
		1200GS Triple Black Special Edition",https://www.motorcyclespecs.co.za/model/bmw/bmw-r1200gs-black-11.html,53,LOW,MODEL_MISMATCH
000137,BMW,R nine T Urban G/S,R 1200GS LC Triple Black Special Edition,https://www.motorcyclespecs.co.za/model/bmw/bmw-r1200gs-lc-triole-black.html,53,LOW,MODEL_MISMATCH
000137,BMW,R nine T Urban G/S,"R 
		1200R Classic",https://www.motorcyclespecs.co.za/model/bmw/bmw-r1200r-classic-11.html,53,LOW,MODEL_MISMATCH
000137,BMW,R nine T Urban G/S,"R 
		1200R Classic",https://www.motorcyclespecs.co.za/model/bmw/bmw-r1200r-classic-12.html,53,LOW,MODEL_MISMATCH
000137,BMW,R nine T Urban G/S,"R 1200R ""Dark White"" Special Edition",https://www.motorcyclespecs.co.za/model/bmw/bmw-r1200r-dark.html,53,LOW,MODEL_MISMATCH
000137,BMW,R nine T Urban G/S,R 1200RS LC,https://www.motorcyclespecs.co.za/model/bmw/bmw-r1200rs-15.html,53,LOW,MODEL_MISMATCH
000137,BMW,R nine T Urban G/S,R 1200RS LC,https://www.motorcyclespecs.co.za/model/bmw/bmw-r1200rs-16.html,53,LOW,MODEL_MISMATCH
000137,BMW,R nine T Urban G/S,R 1200RS LC,https://www.motorcyclespecs.co.za/model/bmw/bmw-r1200rs-17.html,53,LOW,MODEL_MISMATCH
000137,BMW,R nine T Urban G/S,R 1200RS LC,https://www.motorcyclespecs.co.za/model/bmw/bmw-r1200rs-18.html,53,LOW,MODEL_MISMATCH
000137,BMW,R nine T Urban G/S,R 1200RT Fire,https://www.motorcyclespecs.co.za/model/bmw/bmw-r1200rt-fire.html,53,LOW,MODEL_MISMATCH
000137,BMW,R nine T Urban G/S,"R 
		1200RT Police",https://www.motorcyclespecs.co.za/model/bmw/bmw-r1200rt-police.html,53,LOW,MODEL_MISMATCH
000137,BMW,R nine T Urban G/S,"R 1250GS / 
		Exclusive / HP",https://www.motorcyclespecs.co.za/model/bmw/bmw-r1250gs-20.html,53,LOW,MODEL_MISMATCH
000137,BMW,R nine T Urban G/S,R 1250GS 40 Years Edition,https://www.motorcyclespecs.co.za/model/bmw/bmw-r1250gs-40th-21.html,53,LOW,MODEL_MISMATCH
000137,BMW,R nine T Urban G/S,"R 1250GS 
		Exclusive",https://www.motorcyclespecs.co.za/model/bmw/bmw-r1250gs-ex-19.html,53,LOW,MODEL_MISMATCH
000137,BMW,R nine T Urban G/S,"R 
		65GS",https://www.motorcyclespecs.co.za/model/bmw/bmw-r65gs.html,53,LOW,MODEL_MISMATCH
000137,BMW,R nine T Urban G/S,R 65RT Mono,https://www.motorcyclespecs.co.za/model/bmw/bmw-r65rt-85.html,53,LOW,MODEL_MISMATCH
000137,BMW,R nine T Urban G/S,R 80GS,https://www.motorcyclespecs.co.za/model/bmw/bmw-r80gs-86.html,53,LOW,MODEL_MISMATCH
000137,BMW,R nine T Urban G/S,R 80GS,https://www.motorcyclespecs.co.za/model/bmw/bmw-r80gs-88.html,53,LOW,MODEL_MISMATCH
000137,BMW,R nine T Urban G/S,R 80GS,https://www.motorcyclespecs.co.za/model/bmw/bmw-r80gs-89.html,53,LOW,MODEL_MISMATCH
000137,BMW,R nine T Urban G/S,R 80GS,https://www.motorcyclespecs.co.za/model/bmw/bmw-r80gs-90.html,53,LOW,MODEL_MISMATCH
000137,BMW,R nine T Urban G/S,R 80GS,https://www.motorcyclespecs.co.za/model/bmw/bmw-r80gs-91.html,53,LOW,MODEL_MISMATCH
000137,BMW,R nine T Urban G/S,R 80RT Mono,https://www.motorcyclespecs.co.za/model/bmw/bmw-r80rt-85.html,53,LOW,MODEL_MISMATCH
000137,BMW,R nine T Urban G/S,R 850GS,https://www.motorcyclespecs.co.za/model/bmw/bmw-r850gs-99.html,53,LOW,MODEL_MISMATCH
000137,BMW,R nine T Urban G/S,R 850GS,https://www.motorcyclespecs.co.za/model/bmw/bmw-r850gs.html,53,LOW,MODEL_MISMATCH
000137,BMW,R nine T Urban G/S,R 1100GS,https://www.motorcyclespecs.co.za/model/bmw/bmw-r1100gs-94.html,52,LOW,MODEL_MISMATCH
000137,BMW,R nine T Urban G/S,R 1100GS,https://www.motorcyclespecs.co.za/model/bmw/bmw-r1100gs-95.html,52,LOW,MODEL_MISMATCH
000137,BMW,R nine T Urban G/S,R 1100GS,https://www.motorcyclespecs.co.za/model/bmw/bmw-r1100gs-96.html,52,LOW,MODEL_MISMATCH
000137,BMW,R nine T Urban G/S,R 1100GS,https://www.motorcyclespecs.co.za/model/bmw/bmw-r1100gs-97.html,52,LOW,MODEL_MISMATCH
000137,BMW,R nine T Urban G/S,R 1100GS,https://www.motorcyclespecs.co.za/model/bmw/bmw-r1100gs-98.html,52,LOW,MODEL_MISMATCH
000137,BMW,R nine T Urban G/S,R 1150GS,https://www.motorcyclespecs.co.za/model/bmw/bmw-r1150gs-00.html,52,LOW,MODEL_MISMATCH
000137,BMW,R nine T Urban G/S,R 1150GS,https://www.motorcyclespecs.co.za/model/bmw/bmw-r1150gs-01.html,52,LOW,MODEL_MISMATCH
000137,BMW,R nine T Urban G/S,R 1150GS,https://www.motorcyclespecs.co.za/model/bmw/bmw-r1150gs-02.html,52,LOW,MODEL_MISMATCH
000137,BMW,R nine T Urban G/S,R 1150GS,https://www.motorcyclespecs.co.za/model/bmw/bmw-r1150gs-03.html,52,LOW,MODEL_MISMATCH
000137,BMW,R nine T Urban G/S,R 1150GS,https://www.motorcyclespecs.co.za/model/bmw/bmw-r1150gs.html,52,LOW,MODEL_MISMATCH
000137,BMW,R nine T Urban G/S,R 1150R Rockster Edition 80,https://www.motorcyclespecs.co.za/model/bmw/bmw-r1150r-prototype-03.html,52,LOW,MODEL_MISMATCH
000137,BMW,R nine T Urban G/S,R 1200GS,https://www.motorcyclespecs.co.za/model/bmw/bmw-r1200gs-04.html,52,LOW,MODEL_MISMATCH
000137,BMW,R nine T Urban G/S,R 1200GS,https://www.motorcyclespecs.co.za/model/bmw/bmw-r1200gs-05.html,52,LOW,MODEL_MISMATCH
000137,BMW,R nine T Urban G/S,R 1200GS,https://www.motorcyclespecs.co.za/model/bmw/bmw-r1200gs-06.html,52,LOW,MODEL_MISMATCH
000137,BMW,R nine T Urban G/S,R 1200GS,https://www.motorcyclespecs.co.za/model/bmw/bmw-r1200gs-07.html,52,LOW,MODEL_MISMATCH
000137,BMW,R nine T Urban G/S,R 1200GS,https://www.motorcyclespecs.co.za/model/bmw/bmw-r1200gs-08.html,52,LOW,MODEL_MISMATCH
000137,BMW,R nine T Urban G/S,R 1200GS,https://www.motorcyclespecs.co.za/model/bmw/bmw-r1200gs-10.html,52,LOW,MODEL_MISMATCH
000137,BMW,R nine T Urban G/S,R 1200GS,https://www.motorcyclespecs.co.za/model/bmw/bmw-r1200gs-11.html,52,LOW,MODEL_MISMATCH
000137,BMW,R nine T Urban G/S,R 1200GS,https://www.motorcyclespecs.co.za/model/bmw/bmw-r1200gs-12.html,52,LOW,MODEL_MISMATCH
000137,BMW,R nine T Urban G/S,R 1200GS LC,https://www.motorcyclespecs.co.za/model/bmw/bmw-r1200gs-13.html,52,LOW,MODEL_MISMATCH
000137,BMW,R nine T Urban G/S,R 1200GS LC,https://www.motorcyclespecs.co.za/model/bmw/bmw-r1200gs-14.html,52,LOW,MODEL_MISMATCH
000137,BMW,R nine T Urban G/S,R 1200GS LC,https://www.motorcyclespecs.co.za/model/bmw/bmw-r1200gs-15.html,52,LOW,MODEL_MISMATCH
000137,BMW,R nine T Urban G/S,R 1200GS LC,https://www.motorcyclespecs.co.za/model/bmw/bmw-r1200gs-16.html,52,LOW,MODEL_MISMATCH
000137,BMW,R nine T Urban G/S,R 1200GS LC TE Exclusive,https://www.motorcyclespecs.co.za/model/bmw/bmw-r1200gs-ex-17.html,52,LOW,MODEL_MISMATCH
000137,BMW,R nine T Urban G/S,R 1200GS LC TE Exclusive,https://www.motorcyclespecs.co.za/model/bmw/bmw-r1200gs-ex-18.html,52,LOW,MODEL_MISMATCH
000137,BMW,R nine T Urban G/S,"R 
		1200GS Rallye",https://www.motorcyclespecs.co.za/model/bmw/bmw-r1200gs-rally-12.html,52,LOW,MODEL_MISMATCH
000137,BMW,R nine T Urban G/S,R 1250GS,https://www.motorcyclespecs.co.za/model/bmw/bmw-r1250gs-19.html,52,LOW,MODEL_MISMATCH
000137,BMW,R nine T Urban G/S,R 1250GS,https://www.motorcyclespecs.co.za/model/bmw/bmw-r1250gs-21.html,52,LOW,MODEL_MISMATCH
000137,BMW,R nine T Urban G/S,R 1250GS HP,https://www.motorcyclespecs.co.za/model/bmw/bmw-r1250gs-hp-19.html,52,LOW,MODEL_MISMATCH
000137,BMW,R nine T Urban G/S,R 12 5 0R T Sport,https://www.motorcyclespecs.co.za/model/bmw/bmw-r1250rt-sp-19.html,52,LOW,MODEL_MISMATCH
000137,BMW,R nine T Urban G/S,"R 
		1300GS",https://www.motorcyclespecs.co.za/model/bmw/bmw-r1300gs-2024.html,52,LOW,MODEL_MISMATCH
000137,BMW,R nine T Urban G/S,R 18 Classic,https://www.motorcyclespecs.co.za/model/bmw/bmw-r18-classic-21.html,52,LOW,MODEL_MISMATCH
000137,BMW,R nine T Urban G/S,R 18 Classic,https://www.motorcyclespecs.co.za/model/bmw/bmw-r18-classic-22.html,52,LOW,MODEL_MISMATCH
000137,BMW,R nine T Urban G/S,R 68 SDT Special,https://www.motorcyclespecs.co.za/model/bmw/bmw-r68-sdt.html,52,LOW,MODEL_MISMATCH
000137,BMW,R nine T Urban G/S,R 900RR Dakar,https://www.motorcyclespecs.co.za/model/bmw/bmw-r900gs-rally-99.html,52,LOW,MODEL_MISMATCH
000137,BMW,R nine T Urban G/S,R 100GS Paris Dakar,https://www.motorcyclespecs.co.za/model/bmw/bmw-r100gs-pd-88.html,51,LOW,MODEL_MISMATCH
000137,BMW,R nine T Urban G/S,R 100GS Paris Dakar,https://www.motorcyclespecs.co.za/model/bmw/bmw-r100gs-pd-89.html,51,LOW,MODEL_MISMATCH
000137,BMW,R nine T Urban G/S,R 100GS Paris Dakar,https://www.motorcyclespecs.co.za/model/bmw/bmw-r100gs-pd-93.html,51,LOW,MODEL_MISMATCH
000137,BMW,R nine T Urban G/S,R 100R Mystic,https://www.motorcyclespecs.co.za/model/bmw/bmw-r100r-mystic-93.html,51,LOW,MODEL_MISMATCH
000137,BMW,R nine T Urban G/S,R 100RT,https://www.motorcyclespecs.co.za/model/bmw/bmw-r100rt-78.html,51,LOW,MODEL_MISMATCH
000137,BMW,R nine T Urban G/S,R 100RT,https://www.motorcyclespecs.co.za/model/bmw/bmw-r100rt-80.html,51,LOW,MODEL_MISMATCH
000137,BMW,R nine T Urban G/S,R 100RT,https://www.motorcyclespecs.co.za/model/bmw/bmw-r100rt-81.html,51,LOW,MODEL_MISMATCH
000137,BMW,R nine T Urban G/S,R 100RT,https://www.motorcyclespecs.co.za/model/bmw/bmw-r100rt-84.html,51,LOW,MODEL_MISMATCH
000137,BMW,R nine T Urban G/S,R 100T,https://www.motorcyclespecs.co.za/model/bmw/bmw-r100t-78.html,51,LOW,MODEL_MISMATCH
000137,BMW,R nine T Urban G/S,R 1100RT,https://www.motorcyclespecs.co.za/model/bmw/bmw-r1100rt-95.html,51,LOW,MODEL_MISMATCH
000137,BMW,R nine T Urban G/S,R 1100RT,https://www.motorcyclespecs.co.za/model/bmw/bmw-r1100rt-97.html,51,LOW,MODEL_MISMATCH
000137,BMW,R nine T Urban G/S,R 1100RT,https://www.motorcyclespecs.co.za/model/bmw/bmw-r1100rt-98.html,51,LOW,MODEL_MISMATCH
000137,BMW,R nine T Urban G/S,R 1100RT,https://www.motorcyclespecs.co.za/model/bmw/bmw-r1100rt-99.html,51,LOW,MODEL_MISMATCH
000137,BMW,R nine T Urban G/S,R 1150RT,https://www.motorcyclespecs.co.za/model/bmw/bmw-r1150rt-03.html,51,LOW,MODEL_MISMATCH
000137,BMW,R nine T Urban G/S,R 1150RT,https://www.motorcyclespecs.co.za/model/bmw/bmw-r1150rt.html,51,LOW,MODEL_MISMATCH
000137,BMW,R nine T Urban G/S,R 1200GS LC Rallye,https://www.motorcyclespecs.co.za/model/bmw/bmw-r1200gs-17.html,51,LOW,MODEL_MISMATCH
000137,BMW,R nine T Urban G/S,R 1200GS LC Rallye,https://www.motorcyclespecs.co.za/model/bmw/bmw-r1200gs-rally-18.html,51,LOW,MODEL_MISMATCH
000137,BMW,R nine T Urban G/S,R 1200RT,https://www.motorcyclespecs.co.za/model/bmw/bmw-r1200rt-05.html,51,LOW,MODEL_MISMATCH
000137,BMW,R nine T Urban G/S,R 1200RT,https://www.motorcyclespecs.co.za/model/bmw/bmw-r1200rt-06.html,51,LOW,MODEL_MISMATCH
000137,BMW,R nine T Urban G/S,R 1200RT,https://www.motorcyclespecs.co.za/model/bmw/bmw-r1200rt-07.html,51,LOW,MODEL_MISMATCH
000137,BMW,R nine T Urban G/S,R 1200RT,https://www.motorcyclespecs.co.za/model/bmw/bmw-r1200rt-08.html,51,LOW,MODEL_MISMATCH
000137,BMW,R nine T Urban G/S,R 1200RT,https://www.motorcyclespecs.co.za/model/bmw/bmw-r1200rt-09.html,51,LOW,MODEL_MISMATCH
000137,BMW,R nine T Urban G/S,R 1200RT,https://www.motorcyclespecs.co.za/model/bmw/bmw-r1200rt-10.html,51,LOW,MODEL_MISMATCH
000137,BMW,R nine T Urban G/S,R 1200RT,https://www.motorcyclespecs.co.za/model/bmw/bmw-r1200rt-11.html,51,LOW,MODEL_MISMATCH
000137,BMW,R nine T Urban G/S,R 1200RT,https://www.motorcyclespecs.co.za/model/bmw/bmw-r1200rt-12.html,51,LOW,MODEL_MISMATCH
000137,BMW,R nine T Urban G/S,R 1200RT,https://www.motorcyclespecs.co.za/model/bmw/bmw-r1200rt-13.html,51,LOW,MODEL_MISMATCH
000137,BMW,R nine T Urban G/S,R 1200ST,https://www.motorcyclespecs.co.za/model/bmw/bmw-r1200st-05.html,51,LOW,MODEL_MISMATCH
000137,BMW,R nine T Urban G/S,R 1200ST,https://www.motorcyclespecs.co.za/model/bmw/bmw-r1200st-06.html,51,LOW,MODEL_MISMATCH
000137,BMW,R nine T Urban G/S,R 1200ST,https://www.motorcyclespecs.co.za/model/bmw/bmw-r1200st-07.html,51,LOW,MODEL_MISMATCH
000137,BMW,R nine T Urban G/S,R 12 5 0RT,https://www.motorcyclespecs.co.za/model/bmw/bmw-r1250rt-19.html,51,LOW,MODEL_MISMATCH
000137,BMW,R nine T Urban G/S,R 1250RT,https://www.motorcyclespecs.co.za/model/bmw/bmw-r1250rt-20.html,51,LOW,MODEL_MISMATCH
000137,BMW,R nine T Urban G/S,R 1250RT,https://www.motorcyclespecs.co.za/model/bmw/bmw-r1250rt-22.html,51,LOW,MODEL_MISMATCH
000137,BMW,R nine T Urban G/S,R 1300RT,https://www.motorcyclespecs.co.za/model/bmw/bmw-r1300rt-2025.html,51,LOW,MODEL_MISMATCH
000137,BMW,R nine T Urban G/S,R 80GS Kalahari,https://www.motorcyclespecs.co.za/model/bmw/bmw-r80gs-kalahari.html,51,LOW,MODEL_MISMATCH
000137,BMW,R nine T Urban G/S,R 80RT,https://www.motorcyclespecs.co.za/model/bmw/bmw-r80rt-82.html,51,LOW,MODEL_MISMATCH
000137,BMW,R nine T Urban G/S,R 80ST,https://www.motorcyclespecs.co.za/model/bmw/bmw-r80st-82.html,51,LOW,MODEL_MISMATCH
000137,BMW,R nine T Urban G/S,R 80ST,https://www.motorcyclespecs.co.za/model/bmw/bmw-r80st-83.html,51,LOW,MODEL_MISMATCH
000137,BMW,R nine T Urban G/S,R 80RT,https://www.motorcyclespecs.co.za/model/bmw/bmw-r80t-81.html,51,LOW,MODEL_MISMATCH
000137,BMW,R nine T Urban G/S,R 850RT,https://www.motorcyclespecs.co.za/model/bmw/bmw-r850rt-02.html,51,LOW,MODEL_MISMATCH
000137,BMW,R nine T Urban G/S,"R 
		850RT",https://www.motorcyclespecs.co.za/model/bmw/bmw-r850rt.html,51,LOW,MODEL_MISMATCH
000137,BMW,R nine T Urban G/S,R 18 B,https://www.motorcyclespecs.co.za/model/bmw/bmw-r18-b-22.html,50,LOW,MODEL_MISMATCH
000137,BMW,R nine T Urban G/S,R 65 Mono,https://www.motorcyclespecs.co.za/model/bmw/bmw-r65-85.html,50,LOW,MODEL_MISMATCH
000137,BMW,R nine T Urban G/S,R 80 Mono,https://www.motorcyclespecs.co.za/model/bmw/bmw-r80-84.html,50,LOW,MODEL_MISMATCH
000137,BMW,R nine T Urban G/S,R1 Prototype,https://www.motorcyclespecs.co.za/model/bmw/bmw-r1-prototype.html,49,LOW,MODEL_MISMATCH
000137,BMW,R nine T Urban G/S,R 100CS,https://www.motorcyclespecs.co.za/model/bmw/bmw-r100cs-77.html,49,LOW,MODEL_MISMATCH
000137,BMW,R nine T Urban G/S,R 100CS,https://www.motorcyclespecs.co.za/model/bmw/bmw-r100cs-81.html,49,LOW,MODEL_MISMATCH
000137,BMW,R nine T Urban G/S,R 100CS,https://www.motorcyclespecs.co.za/model/bmw/bmw-r100cs-82.html,49,LOW,MODEL_MISMATCH
000137,BMW,R nine T Urban G/S,R 1200RT LC,https://www.motorcyclespecs.co.za/model/bmw/bmw-r1200rt-14.html,49,LOW,MODEL_MISMATCH
000137,BMW,R nine T Urban G/S,R 1200RT LC,https://www.motorcyclespecs.co.za/model/bmw/bmw-r1200rt-15.html,49,LOW,MODEL_MISMATCH
000137,BMW,R nine T Urban G/S,R 1200RT LC,https://www.motorcyclespecs.co.za/model/bmw/bmw-r1200rt-16.html,49,LOW,MODEL_MISMATCH
000137,BMW,R nine T Urban G/S,R 1200RT LC,https://www.motorcyclespecs.co.za/model/bmw/bmw-r1200rt-17.html,49,LOW,MODEL_MISMATCH
000137,BMW,R nine T Urban G/S,R 1200RT LC,https://www.motorcyclespecs.co.za/model/bmw/bmw-r1200rt-18.html,49,LOW,MODEL_MISMATCH
000137,BMW,R nine T Urban G/S,R 65LS,https://www.motorcyclespecs.co.za/model/bmw/bmw-r65ls-81.html,49,LOW,MODEL_MISMATCH
000137,BMW,R nine T Urban G/S,R 80R,https://www.motorcyclespecs.co.za/model/bmw/bmw-r80r-91.html,49,LOW,MODEL_MISMATCH
000137,BMW,R nine T Urban G/S,R 100R,https://www.motorcyclespecs.co.za/model/bmw/bmw-r100r-92.html,48,LOW,MODEL_MISMATCH
000137,BMW,R nine T Urban G/S,R 100R,https://www.motorcyclespecs.co.za/model/bmw/bmw-r100r-94.html,48,LOW,MODEL_MISMATCH
000137,BMW,R nine T Urban G/S,R 1100R,https://www.motorcyclespecs.co.za/model/bmw/bmw-r1100r-94.html,48,LOW,MODEL_MISMATCH
000137,BMW,R nine T Urban G/S,R 1100R,https://www.motorcyclespecs.co.za/model/bmw/bmw-r1100r-96.html,48,LOW,MODEL_MISMATCH
000137,BMW,R nine T Urban G/S,R 1100R,https://www.motorcyclespecs.co.za/model/bmw/bmw-r1100r-98.html,48,LOW,MODEL_MISMATCH
000137,BMW,R nine T Urban G/S,R 1150R,https://www.motorcyclespecs.co.za/model/bmw/bmw-r1150r-01.html,48,LOW,MODEL_MISMATCH
000137,BMW,R nine T Urban G/S,R 1150R,https://www.motorcyclespecs.co.za/model/bmw/bmw-r1150r-03.html,48,LOW,MODEL_MISMATCH
000137,BMW,R nine T Urban G/S,R 1150R,https://www.motorcyclespecs.co.za/model/bmw/bmw-r1150r-05.html,48,LOW,MODEL_MISMATCH
000137,BMW,R nine T Urban G/S,R 1150R,https://www.motorcyclespecs.co.za/model/bmw/bmw-r1150r.html,48,LOW,MODEL_MISMATCH
000137,BMW,R nine T Urban G/S,R 1200R,https://www.motorcyclespecs.co.za/model/bmw/bmw-r1200r-07.html,48,LOW,MODEL_MISMATCH
000137,BMW,R nine T Urban G/S,R 1200R,https://www.motorcyclespecs.co.za/model/bmw/bmw-r1200r-08.html,48,LOW,MODEL_MISMATCH
000137,BMW,R nine T Urban G/S,R 1200R,https://www.motorcyclespecs.co.za/model/bmw/bmw-r1200r-09.html,48,LOW,MODEL_MISMATCH
000137,BMW,R nine T Urban G/S,R 1200R,https://www.motorcyclespecs.co.za/model/bmw/bmw-r1200r-10.html,48,LOW,MODEL_MISMATCH
000137,BMW,R nine T Urban G/S,R 1200R,https://www.motorcyclespecs.co.za/model/bmw/bmw-r1200r-11.html,48,LOW,MODEL_MISMATCH
000137,BMW,R nine T Urban G/S,R 1200R,https://www.motorcyclespecs.co.za/model/bmw/bmw-r1200r-12.html,48,LOW,MODEL_MISMATCH
000137,BMW,R nine T Urban G/S,R 1200R,https://www.motorcyclespecs.co.za/model/bmw/bmw-r1200r-13.html,48,LOW,MODEL_MISMATCH
000137,BMW,R nine T Urban G/S,R 1200R,https://www.motorcyclespecs.co.za/model/bmw/bmw-r1200r-14.html,48,LOW,MODEL_MISMATCH
000137,BMW,R nine T Urban G/S,R 1200R LC,https://www.motorcyclespecs.co.za/model/bmw/bmw-r1200r-15.html,48,LOW,MODEL_MISMATCH
000137,BMW,R nine T Urban G/S,R 1200R LC,https://www.motorcyclespecs.co.za/model/bmw/bmw-r1200r-16.html,48,LOW,MODEL_MISMATCH
000137,BMW,R nine T Urban G/S,R 1200R LC,https://www.motorcyclespecs.co.za/model/bmw/bmw-r1200r-17.html,48,LOW,MODEL_MISMATCH
000137,BMW,R nine T Urban G/S,R 1200R LC,https://www.motorcyclespecs.co.za/model/bmw/bmw-r1200r-18.html,48,LOW,MODEL_MISMATCH
000137,BMW,R nine T Urban G/S,R 1250R,https://www.motorcyclespecs.co.za/model/bmw/bmw-r1250r-19.html,48,LOW,MODEL_MISMATCH
000137,BMW,R nine T Urban G/S,R 1250R,https://www.motorcyclespecs.co.za/model/bmw/bmw-r1250r-21.html,48,LOW,MODEL_MISMATCH
000137,BMW,R nine T Urban G/S,R 1250R,https://www.motorcyclespecs.co.za/model/bmw/bmw-r1250r-23.html,48,LOW,MODEL_MISMATCH
000137,BMW,R nine T Urban G/S,R 1250R,https://www.motorcyclespecs.co.za/model/bmw/bmw-r1250r_20.html,48,LOW,MODEL_MISMATCH
000137,BMW,R nine T Urban G/S,R 850R,https://www.motorcyclespecs.co.za/model/bmw/bmw-r850r-94.html,48,LOW,MODEL_MISMATCH
000137,BMW,R nine T Urban G/S,R 850R,https://www.motorcyclespecs.co.za/model/bmw/bmw-r850r-98.html,48,LOW,MODEL_MISMATCH
000137,BMW,R nine T Urban G/S,R 850R,https://www.motorcyclespecs.co.za/model/bmw/bmw-r850r-con-03.html,48,LOW,MODEL_MISMATCH
000137,BMW,R nine T Urban G/S,R 100,https://www.motorcyclespecs.co.za/model/bmw/bmw-r100-80.html,45,LOW,MODEL_MISMATCH
000137,BMW,R nine T Urban G/S,R 100,https://www.motorcyclespecs.co.za/model/bmw/bmw-r100-82.html,45,LOW,MODEL_MISMATCH
000137,BMW,R nine T Urban G/S,R 11,https://www.motorcyclespecs.co.za/model/bmw/bmw-r11.html,45,LOW,MODEL_MISMATCH
000137,BMW,R nine T Urban G/S,R 12,https://www.motorcyclespecs.co.za/model/bmw/bmw-r12-twin-carb.html,45,LOW,MODEL_MISMATCH
000137,BMW,R nine T Urban G/S,R 1200C,https://www.motorcyclespecs.co.za/model/bmw/bmw-r1200c-00.html,45,LOW,MODEL_MISMATCH
000137,BMW,R nine T Urban G/S,R 1200C,https://www.motorcyclespecs.co.za/model/bmw/bmw-r1200c-03.html,45,LOW,MODEL_MISMATCH
000137,BMW,R nine T Urban G/S,R 1200C,https://www.motorcyclespecs.co.za/model/bmw/bmw-r1200c-98.html,45,LOW,MODEL_MISMATCH
000137,BMW,R nine T Urban G/S,R 1200C,https://www.motorcyclespecs.co.za/model/bmw/bmw-r1200c.html,45,LOW,MODEL_MISMATCH
000137,BMW,R nine T Urban G/S,R 1200CL,https://www.motorcyclespecs.co.za/model/bmw/bmw-r1200cl-04.html,45,LOW,MODEL_MISMATCH
000137,BMW,R nine T Urban G/S,R 1200CL,https://www.motorcyclespecs.co.za/model/bmw/bmw-r1200cl-05.html,45,LOW,MODEL_MISMATCH
000137,BMW,R nine T Urban G/S,R 1200CL,https://www.motorcyclespecs.co.za/model/bmw/bmw-r1200cl.html,45,LOW,MODEL_MISMATCH
000137,BMW,R nine T Urban G/S,R 16,https://www.motorcyclespecs.co.za/model/bmw/bmw-r16.html,45,LOW,MODEL_MISMATCH
000137,BMW,R nine T Urban G/S,R 17,https://www.motorcyclespecs.co.za/model/bmw/bmw-r17.html,45,LOW,MODEL_MISMATCH
000137,BMW,R nine T Urban G/S,R 18,https://www.motorcyclespecs.co.za/model/bmw/bmw-r18-20.html,45,LOW,MODEL_MISMATCH
000137,BMW,R nine T Urban G/S,R 18,https://www.motorcyclespecs.co.za/model/bmw/bmw-r18-22.html,45,LOW,MODEL_MISMATCH
000137,BMW,R nine T Urban G/S,R 2,https://www.motorcyclespecs.co.za/model/bmw/bmw-r2.html,45,LOW,MODEL_MISMATCH
000137,BMW,R nine T Urban G/S,R 20,https://www.motorcyclespecs.co.za/model/bmw/bmw-r20.html,45,LOW,MODEL_MISMATCH
000137,BMW,R nine T Urban G/S,R 23,https://www.motorcyclespecs.co.za/model/bmw/bmw-r23.html,45,LOW,MODEL_MISMATCH
000137,BMW,R nine T Urban G/S,R 24,https://www.motorcyclespecs.co.za/model/bmw/bmw-r24.html,45,LOW,MODEL_MISMATCH
000137,BMW,R nine T Urban G/S,R 25/2,https://www.motorcyclespecs.co.za/model/bmw/bmw-r25-2.html,45,LOW,MODEL_MISMATCH
000137,BMW,R nine T Urban G/S,R 25/3,https://www.motorcyclespecs.co.za/model/bmw/bmw-r25-3.html,45,LOW,MODEL_MISMATCH
000137,BMW,R nine T Urban G/S,R 25,https://www.motorcyclespecs.co.za/model/bmw/bmw-r25.html,45,LOW,MODEL_MISMATCH
000137,BMW,R nine T Urban G/S,R 26,https://www.motorcyclespecs.co.za/model/bmw/bmw-r26.html,45,LOW,MODEL_MISMATCH
000137,BMW,R nine T Urban G/S,R 27,https://www.motorcyclespecs.co.za/model/bmw/bmw-r27.html,45,LOW,MODEL_MISMATCH
000137,BMW,R nine T Urban G/S,R 3,https://www.motorcyclespecs.co.za/model/bmw/bmw-r3.html,45,LOW,MODEL_MISMATCH
000137,BMW,R nine T Urban G/S,R 32,https://www.motorcyclespecs.co.za/model/bmw/bmw-r32.html,45,LOW,MODEL_MISMATCH
000137,BMW,R nine T Urban G/S,R 35,https://www.motorcyclespecs.co.za/model/bmw/bmw-r35.html,45,LOW,MODEL_MISMATCH
000137,BMW,R nine T Urban G/S,R 37,https://www.motorcyclespecs.co.za/model/bmw/bmw-r37.html,45,LOW,MODEL_MISMATCH
000137,BMW,R nine T Urban G/S,R 39,https://www.motorcyclespecs.co.za/model/bmw/bmw-r39.html,45,LOW,MODEL_MISMATCH
000137,BMW,R nine T Urban G/S,R 4,https://www.motorcyclespecs.co.za/model/bmw/bmw-r4.html,45,LOW,MODEL_MISMATCH
000137,BMW,R nine T Urban G/S,R 42,https://www.motorcyclespecs.co.za/model/bmw/bmw-r42.html,45,LOW,MODEL_MISMATCH
000137,BMW,R nine T Urban G/S,R 45,https://www.motorcyclespecs.co.za/model/bmw/bmw-r45-78.html,45,LOW,MODEL_MISMATCH
000137,BMW,R nine T Urban G/S,R 45,https://www.motorcyclespecs.co.za/model/bmw/bmw-r45-80.html,45,LOW,MODEL_MISMATCH
000137,BMW,R nine T Urban G/S,R 45,https://www.motorcyclespecs.co.za/model/bmw/bmw-r45-82.html,45,LOW,MODEL_MISMATCH
000137,BMW,R nine T Urban G/S,R 47,https://www.motorcyclespecs.co.za/model/bmw/bmw-r47.html,45,LOW,MODEL_MISMATCH
000137,BMW,R nine T Urban G/S,R 5,https://www.motorcyclespecs.co.za/model/bmw/bmw-r5.html,45,LOW,MODEL_MISMATCH
000137,BMW,R nine T Urban G/S,"R 
		50/2",https://www.motorcyclespecs.co.za/model/bmw/bmw-r50-2.html,45,LOW,MODEL_MISMATCH
000137,BMW,R nine T Urban G/S,R 50/5,https://www.motorcyclespecs.co.za/model/bmw/bmw-r50-5-69.html,45,LOW,MODEL_MISMATCH
000137,BMW,R nine T Urban G/S,R 50,https://www.motorcyclespecs.co.za/model/bmw/bmw-r50-55.html,45,LOW,MODEL_MISMATCH
000137,BMW,R nine T Urban G/S,"R 
		51/2",https://www.motorcyclespecs.co.za/model/bmw/bmw-r51-2.html,45,LOW,MODEL_MISMATCH
000137,BMW,R nine T Urban G/S,"R 
		51/3",https://www.motorcyclespecs.co.za/model/bmw/bmw-r51-3.html,45,LOW,MODEL_MISMATCH
000137,BMW,R nine T Urban G/S,R 51,https://www.motorcyclespecs.co.za/model/bmw/bmw-r51.html,45,LOW,MODEL_MISMATCH
000137,BMW,R nine T Urban G/S,R 52,https://www.motorcyclespecs.co.za/model/bmw/bmw-r52.html,45,LOW,MODEL_MISMATCH
000137,BMW,R nine T Urban G/S,R 57,https://www.motorcyclespecs.co.za/model/bmw/bmw-r57.html,45,LOW,MODEL_MISMATCH
000137,BMW,R nine T Urban G/S,R 6,https://www.motorcyclespecs.co.za/model/bmw/bmw-r6.html,45,LOW,MODEL_MISMATCH
000137,BMW,R nine T Urban G/S,R 60/2,https://www.motorcyclespecs.co.za/model/bmw/bmw-r60-2-66.html,45,LOW,MODEL_MISMATCH
000137,BMW,R nine T Urban G/S,"R 
		60/",https://www.motorcyclespecs.co.za/model/bmw/bmw-r60-2.html,45,LOW,MODEL_MISMATCH
000137,BMW,R nine T Urban G/S,R 60/5,https://www.motorcyclespecs.co.za/model/bmw/bmw-r60-5-69.html,45,LOW,MODEL_MISMATCH
000137,BMW,R nine T Urban G/S,R 60/5,https://www.motorcyclespecs.co.za/model/bmw/bmw-r60-5-71.html,45,LOW,MODEL_MISMATCH
000137,BMW,R nine T Urban G/S,R 60/5,https://www.motorcyclespecs.co.za/model/bmw/bmw-r60-5-72.html,45,LOW,MODEL_MISMATCH
000137,BMW,R nine T Urban G/S,R 60/6,https://www.motorcyclespecs.co.za/model/bmw/bmw-r60-6-73.html,45,LOW,MODEL_MISMATCH
000137,BMW,R nine T Urban G/S,R 60/7,https://www.motorcyclespecs.co.za/model/bmw/bmw-r60-7-76.html,45,LOW,MODEL_MISMATCH
000137,BMW,R nine T Urban G/S,R 60,https://www.motorcyclespecs.co.za/model/bmw/bmw-r60.html,45,LOW,MODEL_MISMATCH
000137,BMW,R nine T Urban G/S,R 61,https://www.motorcyclespecs.co.za/model/bmw/bmw-r61.html,45,LOW,MODEL_MISMATCH
000137,BMW,R nine T Urban G/S,R 62,https://www.motorcyclespecs.co.za/model/bmw/bmw-r62.html,45,LOW,MODEL_MISMATCH
000137,BMW,R nine T Urban G/S,R 63,https://www.motorcyclespecs.co.za/model/bmw/bmw-r63.html,45,LOW,MODEL_MISMATCH
000137,BMW,R nine T Urban G/S,R 65,https://www.motorcyclespecs.co.za/model/bmw/bmw-r65-78.html,45,LOW,MODEL_MISMATCH
000137,BMW,R nine T Urban G/S,R 65,https://www.motorcyclespecs.co.za/model/bmw/bmw-r65-80.html,45,LOW,MODEL_MISMATCH
000137,BMW,R nine T Urban G/S,R 66,https://www.motorcyclespecs.co.za/model/bmw/bmw-r66.html,45,LOW,MODEL_MISMATCH
000137,BMW,R nine T Urban G/S,"R 
		67/2",https://www.motorcyclespecs.co.za/model/bmw/bmw-r67-2.html,45,LOW,MODEL_MISMATCH
000137,BMW,R nine T Urban G/S,R 67,https://www.motorcyclespecs.co.za/model/bmw/bmw-r67.html,45,LOW,MODEL_MISMATCH
000137,BMW,R nine T Urban G/S,R 68,https://www.motorcyclespecs.co.za/model/bmw/bmw-r68.html,45,LOW,MODEL_MISMATCH
000137,BMW,R nine T Urban G/S,R 69,https://www.motorcyclespecs.co.za/model/bmw/bmw-r69-55.html,45,LOW,MODEL_MISMATCH
000137,BMW,R nine T Urban G/S,R 69,https://www.motorcyclespecs.co.za/model/bmw/bmw-r69-57.html,45,LOW,MODEL_MISMATCH
000137,BMW,R nine T Urban G/S,R 71,https://www.motorcyclespecs.co.za/model/bmw/bmw-r71.html,45,LOW,MODEL_MISMATCH
000137,BMW,R nine T Urban G/S,R 75/5,https://www.motorcyclespecs.co.za/model/bmw/bmw-r75-5-70.html,45,LOW,MODEL_MISMATCH
000137,BMW,R nine T Urban G/S,R 75/6,https://www.motorcyclespecs.co.za/model/bmw/bmw-r75-6-73.html,45,LOW,MODEL_MISMATCH
000137,BMW,R nine T Urban G/S,R 75/6,https://www.motorcyclespecs.co.za/model/bmw/bmw-r75-6-75.html,45,LOW,MODEL_MISMATCH
000137,BMW,R nine T Urban G/S,R 75/5,https://www.motorcyclespecs.co.za/model/bmw/bmw-r75-69.html,45,LOW,MODEL_MISMATCH
000137,BMW,R nine T Urban G/S,R 75/7,https://www.motorcyclespecs.co.za/model/bmw/bmw-r75-7-76.html,45,LOW,MODEL_MISMATCH
000137,BMW,R nine T Urban G/S,R 80/7,https://www.motorcyclespecs.co.za/model/bmw/bmw-r80-7-77.html,45,LOW,MODEL_MISMATCH
000137,BMW,R nine T Urban G/S,R 80/7,https://www.motorcyclespecs.co.za/model/bmw/bmw-r80-7-80.html,45,LOW,MODEL_MISMATCH
000137,BMW,R nine T Urban G/S,R 80,https://www.motorcyclespecs.co.za/model/bmw/bmw-r80-81.html,45,LOW,MODEL_MISMATCH
000137,BMW,R nine T Urban G/S,R 90/6,https://www.motorcyclespecs.co.za/model/bmw/bmw-r90-6-74.html,45,LOW,MODEL_MISMATCH
000137,BMW,R nine T Urban G/S,R 75/5,https://www.motorcyclespecs.co.za/model/bmw/bmw_r75-72.html,45,LOW,MODEL_MISMATCH
000137,BMW,R nine T Urban G/S,R 100/7,https://www.motorcyclespecs.co.za/model/bmw/bmw-r100-7-78.html,44,LOW,MODEL_MISMATCH
000137,BMW,R nine T Urban G/S,"R 
		100/7",https://www.motorcyclespecs.co.za/model/bmw/bmw-r100-7.html,44,LOW,MODEL_MISMATCH
000138,BMW,R nine T Urban G/S 40 Years GS Edition,R nineT Urban G/S 40 Years Edition,https://www.motorcyclespecs.co.za/model/bmw/bmw-r-ninet-urban-gs-40th-21.html,86,LOW,REVIEW
000138,BMW,R nine T Urban G/S 40 Years GS Edition,R 1250GS 40 Years Edition,https://www.motorcyclespecs.co.za/model/bmw/bmw-r1250gs-40th-21.html,59,LOW,NUMBER_MISMATCH
000138,BMW,R nine T Urban G/S 40 Years GS Edition,"R 
		1250GS Adventure 40 Years Edition",https://www.motorcyclespecs.co.za/model/bmw/bmw-r1250gs-adven-40th-21.html,58,LOW,NUMBER_MISMATCH
000139,BMW,R100,R 100,https://www.motorcyclespecs.co.za/model/bmw/bmw-r100-80.html,95,HIGH,EXACT
000139,BMW,R100,R 100,https://www.motorcyclespecs.co.za/model/bmw/bmw-r100-82.html,95,HIGH,EXACT
000139,BMW,R100,R 100R,https://www.motorcyclespecs.co.za/model/bmw/bmw-r100r-92.html,91,LOW,REVIEW
000139,BMW,R100,R 100R,https://www.motorcyclespecs.co.za/model/bmw/bmw-r100r-94.html,91,LOW,REVIEW
000139,BMW,R100,R 100T,https://www.motorcyclespecs.co.za/model/bmw/bmw-r100t-78.html,83,LOW,REVIEW
000139,BMW,R100,bmw r100gs,https://www.motorcyclespecs.co.za/model/Custom/bmw-r100gs.html,79,LOW,REVIEW
000139,BMW,R100,R 100CS,https://www.motorcyclespecs.co.za/model/bmw/bmw-r100cs-77.html,79,LOW,REVIEW
000139,BMW,R100,R 100CS,https://www.motorcyclespecs.co.za/model/bmw/bmw-r100cs-81.html,79,LOW,REVIEW
000139,BMW,R100,R 100CS,https://www.motorcyclespecs.co.za/model/bmw/bmw-r100cs-82.html,79,LOW,REVIEW
000139,BMW,R100,R 100GS,https://www.motorcyclespecs.co.za/model/bmw/bmw-r100gs-87.html,79,LOW,REVIEW
000139,BMW,R100,R 100GS,https://www.motorcyclespecs.co.za/model/bmw/bmw-r100gs-89.html,79,LOW,REVIEW
000139,BMW,R100,R 100GS,https://www.motorcyclespecs.co.za/model/bmw/bmw-r100gs-90.html,79,LOW,REVIEW
000139,BMW,R100,R 100GS,https://www.motorcyclespecs.co.za/model/bmw/bmw-r100gs-91.html,79,LOW,REVIEW
000139,BMW,R100,R 100RS,https://www.motorcyclespecs.co.za/model/bmw/bmw-r100rs-76.html,79,LOW,REVIEW
000139,BMW,R100,R 100RS,https://www.motorcyclespecs.co.za/model/bmw/bmw-r100rs-77.html,79,LOW,REVIEW
000139,BMW,R100,R 100RS,https://www.motorcyclespecs.co.za/model/bmw/bmw-r100rs-78.html,79,LOW,REVIEW
000139,BMW,R100,R 100RS,https://www.motorcyclespecs.co.za/model/bmw/bmw-r100rs-80.html,79,LOW,REVIEW
000139,BMW,R100,R 100RS,https://www.motorcyclespecs.co.za/model/bmw/bmw-r100rs-82.html,79,LOW,REVIEW
000139,BMW,R100,R 100RS,https://www.motorcyclespecs.co.za/model/bmw/bmw-r100rs-83.html,79,LOW,REVIEW
000139,BMW,R100,R 100RT,https://www.motorcyclespecs.co.za/model/bmw/bmw-r100rt-78.html,79,LOW,REVIEW
000139,BMW,R100,R 100RT,https://www.motorcyclespecs.co.za/model/bmw/bmw-r100rt-80.html,79,LOW,REVIEW
000139,BMW,R100,R 100RT,https://www.motorcyclespecs.co.za/model/bmw/bmw-r100rt-81.html,79,LOW,REVIEW
000139,BMW,R100,R 100RT,https://www.motorcyclespecs.co.za/model/bmw/bmw-r100rt-84.html,79,LOW,REVIEW
000139,BMW,R100,R 100S,https://www.motorcyclespecs.co.za/model/bmw/bmw-r100s-77.html,78,LOW,REVIEW
000139,BMW,R100,R 100S,https://www.motorcyclespecs.co.za/model/bmw/bmw-r100s-78.html,78,LOW,REVIEW
000139,BMW,R100,R 100S,https://www.motorcyclespecs.co.za/model/bmw/bmw-r100s-79.html,78,LOW,REVIEW
000139,BMW,R100,R 100R Mystic,https://www.motorcyclespecs.co.za/model/bmw/bmw-r100r-mystic-93.html,66,LOW,MODEL_MISMATCH
000139,BMW,R100,R 100RS Mono,https://www.motorcyclespecs.co.za/model/bmw/bmw-r100rs-86.html,66,LOW,MODEL_MISMATCH
000139,BMW,R100,R 100RS Mono,https://www.motorcyclespecs.co.za/model/bmw/bmw-r100rs-90.html,66,LOW,MODEL_MISMATCH
000139,BMW,R100,R 100RT Mono,https://www.motorcyclespecs.co.za/model/bmw/bmw-r100rt-87.html,66,LOW,MODEL_MISMATCH
000139,BMW,R100,R 100RT Mono,https://www.motorcyclespecs.co.za/model/bmw/bmw-r100rt-90.html,66,LOW,MODEL_MISMATCH
000139,BMW,R100,R 100/7,https://www.motorcyclespecs.co.za/model/bmw/bmw-r100-7-78.html,65,LOW,NUMBER_MISMATCH
000139,BMW,R100,"R 
		100/7",https://www.motorcyclespecs.co.za/model/bmw/bmw-r100-7.html,65,LOW,NUMBER_MISMATCH
000139,BMW,R100,R 100RS Turbo,https://www.motorcyclespecs.co.za/model/bmw/bmw-r100rs-turbo.html,65,LOW,MODEL_MISMATCH
000139,BMW,R100,R 1100GS,https://www.motorcyclespecs.co.za/model/bmw/bmw-r1100gs-94.html,65,LOW,NUMBER_MISMATCH
000139,BMW,R100,R 1100GS,https://www.motorcyclespecs.co.za/model/bmw/bmw-r1100gs-95.html,65,LOW,NUMBER_MISMATCH
000139,BMW,R100,R 1100GS,https://www.motorcyclespecs.co.za/model/bmw/bmw-r1100gs-96.html,65,LOW,NUMBER_MISMATCH
000139,BMW,R100,R 1100GS,https://www.motorcyclespecs.co.za/model/bmw/bmw-r1100gs-97.html,65,LOW,NUMBER_MISMATCH
000139,BMW,R100,R 1100GS,https://www.motorcyclespecs.co.za/model/bmw/bmw-r1100gs-98.html,65,LOW,NUMBER_MISMATCH
000139,BMW,R100,R 1100R,https://www.motorcyclespecs.co.za/model/bmw/bmw-r1100r-94.html,65,LOW,NUMBER_MISMATCH
000139,BMW,R100,R 1100R,https://www.motorcyclespecs.co.za/model/bmw/bmw-r1100r-96.html,65,LOW,NUMBER_MISMATCH
000139,BMW,R100,R 1100R,https://www.motorcyclespecs.co.za/model/bmw/bmw-r1100r-98.html,65,LOW,NUMBER_MISMATCH
000139,BMW,R100,R 1100RS,https://www.motorcyclespecs.co.za/model/bmw/bmw-r1100rs-93.html,65,LOW,NUMBER_MISMATCH
000139,BMW,R100,R 1100RS,https://www.motorcyclespecs.co.za/model/bmw/bmw-r1100rs-94.html,65,LOW,NUMBER_MISMATCH
000139,BMW,R100,R 1100RS,https://www.motorcyclespecs.co.za/model/bmw/bmw-r1100rs-96.html,65,LOW,NUMBER_MISMATCH
000139,BMW,R100,R 1100RS,https://www.motorcyclespecs.co.za/model/bmw/bmw-r1100rs-99.html,65,LOW,NUMBER_MISMATCH
000139,BMW,R100,R 1100RT,https://www.motorcyclespecs.co.za/model/bmw/bmw-r1100rt-95.html,65,LOW,NUMBER_MISMATCH
000139,BMW,R100,R 1100RT,https://www.motorcyclespecs.co.za/model/bmw/bmw-r1100rt-97.html,65,LOW,NUMBER_MISMATCH
000139,BMW,R100,R 1100RT,https://www.motorcyclespecs.co.za/model/bmw/bmw-r1100rt-98.html,65,LOW,NUMBER_MISMATCH
000139,BMW,R100,R 1100RT,https://www.motorcyclespecs.co.za/model/bmw/bmw-r1100rt-99.html,65,LOW,NUMBER_MISMATCH
000139,BMW,R100,R 1100S,https://www.motorcyclespecs.co.za/model/bmw/bmw-r1100s-01.html,65,LOW,NUMBER_MISMATCH
000139,BMW,R100,R 1100S,https://www.motorcyclespecs.co.za/model/bmw/bmw-r1100s-04.html,65,LOW,NUMBER_MISMATCH
000139,BMW,R100,R 1100S,https://www.motorcyclespecs.co.za/model/bmw/bmw-r1100s-06.html,65,LOW,NUMBER_MISMATCH
000139,BMW,R100,R 1100S,https://www.motorcyclespecs.co.za/model/bmw/bmw-r1100s-99.html,65,LOW,NUMBER_MISMATCH
000139,BMW,R100,"R 100R 
		Classic",https://www.motorcyclespecs.co.za/model/bmw/bmw-r100r-classic-95.html,64,LOW,MODEL_MISMATCH
000139,BMW,R100,"R 
		100RT Classic",https://www.motorcyclespecs.co.za/model/bmw/bmw-r100rt-classic-95.html,63,LOW,MODEL_MISMATCH
000139,BMW,R100,R 100GS Bumble Bee,https://www.motorcyclespecs.co.za/model/bmw/bmw-r100gs-88.html,60,LOW,MODEL_MISMATCH
000139,BMW,R100,R 100GS Paris Dakar,https://www.motorcyclespecs.co.za/model/bmw/bmw-r100gs-pd-88.html,60,LOW,MODEL_MISMATCH
000139,BMW,R100,R 100GS Paris Dakar,https://www.motorcyclespecs.co.za/model/bmw/bmw-r100gs-pd-89.html,60,LOW,MODEL_MISMATCH
000139,BMW,R100,R 100GS Paris Dakar,https://www.motorcyclespecs.co.za/model/bmw/bmw-r100gs-pd-93.html,60,LOW,MODEL_MISMATCH
000139,BMW,R100,"R nineT 100th 
Anniversary",https://www.motorcyclespecs.co.za/model/bmw/bmw-r-ninet-100th-Anniversary-23.html,56,LOW,MODEL_MISMATCH
000139,BMW,R100,"R 100GS 
		Paris Dakar Classic",https://www.motorcyclespecs.co.za/model/bmw/bmw-r100gs-pd-classic.html,56,LOW,MODEL_MISMATCH
000139,BMW,R100,"R 100RS 
		Motorsport Special Edition",https://www.motorcyclespecs.co.za/model/bmw/bmw-r100rs-le-78..html,53,LOW,MODEL_MISMATCH
000139,BMW,R100,"R 
		100S Willi Michel Racer",https://www.motorcyclespecs.co.za/model/bmw/bmw-r100s-willi-michel-racer.html,52,LOW,MODEL_MISMATCH
000139,BMW,R100,R 1100RR Rally,https://www.motorcyclespecs.co.za/model/bmw/bmw-r1100gs-rally.html,49,LOW,NUMBER_MISMATCH
000139,BMW,R100,"R 18 100th 
		Anniversary",https://www.motorcyclespecs.co.za/model/bmw/bmw-r18-100th-anniversary-23.html,48,LOW,NUMBER_MISMATCH
000139,BMW,R100,"R 
		1100R 75th Anniversary",https://www.motorcyclespecs.co.za/model/bmw/bmw-r1100r-75th-anniversary.html,47,LOW,NUMBER_MISMATCH
000139,BMW,R100,"R 
		1100GS 75th Anniversary",https://www.motorcyclespecs.co.za/model/bmw/bmw-r1100gs-75th-anniversary.html,46,LOW,NUMBER_MISMATCH
000139,BMW,R100,"R 
		1100RS 75th Anniversary",https://www.motorcyclespecs.co.za/model/bmw/bmw-r1100rs-75th-anniversary.html,46,LOW,NUMBER_MISMATCH
000139,BMW,R100,"R 
		1100RT 75th Anniversary",https://www.motorcyclespecs.co.za/model/bmw/bmw-r1100rt-75th-anniversary.html,46,LOW,NUMBER_MISMATCH
000139,BMW,R100,R 1100S Boxer Cup Replica,https://www.motorcyclespecs.co.za/model/bmw/bmw-r1100s-boxer-cup.html,42,LOW,NUMBER_MISMATCH
000139,BMW,R100,R 1100S Boxer Cup Replica,https://www.motorcyclespecs.co.za/model/bmw/bmw-r1100s-replica-04.html,42,LOW,NUMBER_MISMATCH
000140,BMW,R100/7,R 100/7,https://www.motorcyclespecs.co.za/model/bmw/bmw-r100-7-78.html,95,HIGH,EXACT
000140,BMW,R100/7,"R 
		100/7",https://www.motorcyclespecs.co.za/model/bmw/bmw-r100-7.html,95,HIGH,EXACT
000140,BMW,R100/7,R 100CS,https://www.motorcyclespecs.co.za/model/bmw/bmw-r100cs-77.html,65,LOW,NUMBER_MISMATCH
000140,BMW,R100/7,R 100GS,https://www.motorcyclespecs.co.za/model/bmw/bmw-r100gs-87.html,65,LOW,NUMBER_MISMATCH
000140,BMW,R100/7,R 100RS,https://www.motorcyclespecs.co.za/model/bmw/bmw-r100rs-76.html,65,LOW,NUMBER_MISMATCH
000140,BMW,R100/7,R 100RS,https://www.motorcyclespecs.co.za/model/bmw/bmw-r100rs-77.html,65,LOW,NUMBER_MISMATCH
000140,BMW,R100/7,R 100RS,https://www.motorcyclespecs.co.za/model/bmw/bmw-r100rs-78.html,65,LOW,NUMBER_MISMATCH
000140,BMW,R100/7,R 100RT,https://www.motorcyclespecs.co.za/model/bmw/bmw-r100rt-78.html,65,LOW,NUMBER_MISMATCH
000140,BMW,R100/7,R 100S,https://www.motorcyclespecs.co.za/model/bmw/bmw-r100s-77.html,65,LOW,NUMBER_MISMATCH
000140,BMW,R100/7,R 100S,https://www.motorcyclespecs.co.za/model/bmw/bmw-r100s-78.html,65,LOW,NUMBER_MISMATCH
000140,BMW,R100/7,R 100S,https://www.motorcyclespecs.co.za/model/bmw/bmw-r100s-79.html,65,LOW,NUMBER_MISMATCH
000140,BMW,R100/7,R 100T,https://www.motorcyclespecs.co.za/model/bmw/bmw-r100t-78.html,65,LOW,NUMBER_MISMATCH
000140,BMW,R100/7,R 1100GS,https://www.motorcyclespecs.co.za/model/bmw/bmw-r1100gs-97.html,64,LOW,NUMBER_MISMATCH
000140,BMW,R100/7,R 1100RT,https://www.motorcyclespecs.co.za/model/bmw/bmw-r1100rt-97.html,64,LOW,NUMBER_MISMATCH
000140,BMW,R100/7,R 100RT Mono,https://www.motorcyclespecs.co.za/model/bmw/bmw-r100rt-87.html,55,LOW,NUMBER_MISMATCH
000140,BMW,R100/7,"R 
		1100R 75th Anniversary",https://www.motorcyclespecs.co.za/model/bmw/bmw-r1100r-75th-anniversary.html,49,LOW,NUMBER_MISMATCH
000140,BMW,R100/7,"R 
		1100GS 75th Anniversary",https://www.motorcyclespecs.co.za/model/bmw/bmw-r1100gs-75th-anniversary.html,48,LOW,NUMBER_MISMATCH
000140,BMW,R100/7,"R 
		1100RS 75th Anniversary",https://www.motorcyclespecs.co.za/model/bmw/bmw-r1100rs-75th-anniversary.html,48,LOW,NUMBER_MISMATCH
000140,BMW,R100/7,"R 
		1100RT 75th Anniversary",https://www.motorcyclespecs.co.za/model/bmw/bmw-r1100rt-75th-anniversary.html,48,LOW,NUMBER_MISMATCH
000140,BMW,R100/7,"R 100RS 
		Motorsport Special Edition",https://www.motorcyclespecs.co.za/model/bmw/bmw-r100rs-le-78..html,43,LOW,NUMBER_MISMATCH
000141,BMW,R100CS,R 100CS,https://www.motorcyclespecs.co.za/model/bmw/bmw-r100cs-77.html,95,HIGH,EXACT
000141,BMW,R100CS,R 100CS,https://www.motorcyclespecs.co.za/model/bmw/bmw-r100cs-81.html,95,HIGH,EXACT
000141,BMW,R100CS,R 100CS,https://www.motorcyclespecs.co.za/model/bmw/bmw-r100cs-82.html,95,HIGH,EXACT
000141,BMW,R100CS,R 100RS,https://www.motorcyclespecs.co.za/model/bmw/bmw-r100rs-76.html,85,LOW,REVIEW
000141,BMW,R100CS,R 100RS,https://www.motorcyclespecs.co.za/model/bmw/bmw-r100rs-77.html,85,LOW,REVIEW
000141,BMW,R100CS,R 100RS,https://www.motorcyclespecs.co.za/model/bmw/bmw-r100rs-78.html,85,LOW,REVIEW
000141,BMW,R100CS,R 100RS,https://www.motorcyclespecs.co.za/model/bmw/bmw-r100rs-80.html,85,LOW,REVIEW
000141,BMW,R100CS,R 100RS,https://www.motorcyclespecs.co.za/model/bmw/bmw-r100rs-82.html,85,LOW,REVIEW
000141,BMW,R100CS,R 100RS,https://www.motorcyclespecs.co.za/model/bmw/bmw-r100rs-83.html,85,LOW,REVIEW
000141,BMW,R100CS,R 100S,https://www.motorcyclespecs.co.za/model/bmw/bmw-r100s-77.html,83,LOW,REVIEW
000141,BMW,R100CS,R 100S,https://www.motorcyclespecs.co.za/model/bmw/bmw-r100s-78.html,83,LOW,REVIEW
000141,BMW,R100CS,R 100S,https://www.motorcyclespecs.co.za/model/bmw/bmw-r100s-79.html,83,LOW,REVIEW
000141,BMW,R100CS,R 100,https://www.motorcyclespecs.co.za/model/bmw/bmw-r100-80.html,79,LOW,REVIEW
000141,BMW,R100CS,R 100,https://www.motorcyclespecs.co.za/model/bmw/bmw-r100-82.html,79,LOW,REVIEW
000141,BMW,R100CS,R 100T,https://www.motorcyclespecs.co.za/model/bmw/bmw-r100t-78.html,78,LOW,REVIEW
000141,BMW,R100CS,bmw r100gs,https://www.motorcyclespecs.co.za/model/Custom/bmw-r100gs.html,77,LOW,REVIEW
000141,BMW,R100CS,R 100GS,https://www.motorcyclespecs.co.za/model/bmw/bmw-r100gs-87.html,77,LOW,REVIEW
000141,BMW,R100CS,R 100GS,https://www.motorcyclespecs.co.za/model/bmw/bmw-r100gs-89.html,77,LOW,REVIEW
000141,BMW,R100CS,R 100GS,https://www.motorcyclespecs.co.za/model/bmw/bmw-r100gs-90.html,77,LOW,REVIEW
000141,BMW,R100CS,R 100GS,https://www.motorcyclespecs.co.za/model/bmw/bmw-r100gs-91.html,77,LOW,REVIEW
000141,BMW,R100CS,R 100R,https://www.motorcyclespecs.co.za/model/bmw/bmw-r100r-92.html,76,LOW,REVIEW
000141,BMW,R100CS,R 100R,https://www.motorcyclespecs.co.za/model/bmw/bmw-r100r-94.html,76,LOW,REVIEW
000141,BMW,R100CS,R 100RT,https://www.motorcyclespecs.co.za/model/bmw/bmw-r100rt-78.html,75,LOW,REVIEW
000141,BMW,R100CS,R 100RT,https://www.motorcyclespecs.co.za/model/bmw/bmw-r100rt-80.html,75,LOW,REVIEW
000141,BMW,R100CS,R 100RT,https://www.motorcyclespecs.co.za/model/bmw/bmw-r100rt-81.html,75,LOW,REVIEW
000141,BMW,R100CS,R 100RT,https://www.motorcyclespecs.co.za/model/bmw/bmw-r100rt-84.html,75,LOW,REVIEW
000141,BMW,R100CS,"R 100R 
		Classic",https://www.motorcyclespecs.co.za/model/bmw/bmw-r100r-classic-95.html,72,LOW,REVIEW
000141,BMW,R100CS,R 100RS Mono,https://www.motorcyclespecs.co.za/model/bmw/bmw-r100rs-86.html,72,LOW,REVIEW
000141,BMW,R100CS,R 100RS Mono,https://www.motorcyclespecs.co.za/model/bmw/bmw-r100rs-90.html,72,LOW,REVIEW
000141,BMW,R100CS,R 100RS Turbo,https://www.motorcyclespecs.co.za/model/bmw/bmw-r100rs-turbo.html,71,LOW,REVIEW
000141,BMW,R100CS,"R 
		100RT Classic",https://www.motorcyclespecs.co.za/model/bmw/bmw-r100rt-classic-95.html,70,LOW,REVIEW
000141,BMW,R100CS,R 100R Mystic,https://www.motorcyclespecs.co.za/model/bmw/bmw-r100r-mystic-93.html,67,LOW,MODEL_MISMATCH
000141,BMW,R100CS,R 100RT Mono,https://www.motorcyclespecs.co.za/model/bmw/bmw-r100rt-87.html,66,LOW,MODEL_MISMATCH
000141,BMW,R100CS,R 100RT Mono,https://www.motorcyclespecs.co.za/model/bmw/bmw-r100rt-90.html,66,LOW,MODEL_MISMATCH
000141,BMW,R100CS,R 100/7,https://www.motorcyclespecs.co.za/model/bmw/bmw-r100-7-78.html,65,LOW,NUMBER_MISMATCH
000141,BMW,R100CS,"R 
		100/7",https://www.motorcyclespecs.co.za/model/bmw/bmw-r100-7.html,65,LOW,NUMBER_MISMATCH
000141,BMW,R100CS,R 1100RS,https://www.motorcyclespecs.co.za/model/bmw/bmw-r1100rs-93.html,65,LOW,NUMBER_MISMATCH
000141,BMW,R100CS,R 1100RS,https://www.motorcyclespecs.co.za/model/bmw/bmw-r1100rs-94.html,65,LOW,NUMBER_MISMATCH
000141,BMW,R100CS,R 1100RS,https://www.motorcyclespecs.co.za/model/bmw/bmw-r1100rs-96.html,65,LOW,NUMBER_MISMATCH
000141,BMW,R100CS,R 1100RS,https://www.motorcyclespecs.co.za/model/bmw/bmw-r1100rs-99.html,65,LOW,NUMBER_MISMATCH
000141,BMW,R100CS,R 1100S,https://www.motorcyclespecs.co.za/model/bmw/bmw-r1100s-01.html,65,LOW,NUMBER_MISMATCH
000141,BMW,R100CS,R 1100S,https://www.motorcyclespecs.co.za/model/bmw/bmw-r1100s-04.html,65,LOW,NUMBER_MISMATCH
000141,BMW,R100CS,R 1100S,https://www.motorcyclespecs.co.za/model/bmw/bmw-r1100s-06.html,65,LOW,NUMBER_MISMATCH
000141,BMW,R100CS,R 1100S,https://www.motorcyclespecs.co.za/model/bmw/bmw-r1100s-99.html,65,LOW,NUMBER_MISMATCH
000141,BMW,R100CS,R 100GS Bumble Bee,https://www.motorcyclespecs.co.za/model/bmw/bmw-r100gs-88.html,64,LOW,MODEL_MISMATCH
000141,BMW,R100CS,R 100GS Paris Dakar,https://www.motorcyclespecs.co.za/model/bmw/bmw-r100gs-pd-88.html,64,LOW,MODEL_MISMATCH
000141,BMW,R100CS,R 100GS Paris Dakar,https://www.motorcyclespecs.co.za/model/bmw/bmw-r100gs-pd-89.html,64,LOW,MODEL_MISMATCH
000141,BMW,R100CS,R 100GS Paris Dakar,https://www.motorcyclespecs.co.za/model/bmw/bmw-r100gs-pd-93.html,64,LOW,MODEL_MISMATCH
000141,BMW,R100CS,R 1100GS,https://www.motorcyclespecs.co.za/model/bmw/bmw-r1100gs-94.html,64,LOW,NUMBER_MISMATCH
000141,BMW,R100CS,R 1100GS,https://www.motorcyclespecs.co.za/model/bmw/bmw-r1100gs-95.html,64,LOW,NUMBER_MISMATCH
000141,BMW,R100CS,R 1100GS,https://www.motorcyclespecs.co.za/model/bmw/bmw-r1100gs-96.html,64,LOW,NUMBER_MISMATCH
000141,BMW,R100CS,R 1100GS,https://www.motorcyclespecs.co.za/model/bmw/bmw-r1100gs-97.html,64,LOW,NUMBER_MISMATCH
000141,BMW,R100CS,R 1100GS,https://www.motorcyclespecs.co.za/model/bmw/bmw-r1100gs-98.html,64,LOW,NUMBER_MISMATCH
000141,BMW,R100CS,R 1100R,https://www.motorcyclespecs.co.za/model/bmw/bmw-r1100r-94.html,64,LOW,NUMBER_MISMATCH
000141,BMW,R100CS,R 1100R,https://www.motorcyclespecs.co.za/model/bmw/bmw-r1100r-96.html,64,LOW,NUMBER_MISMATCH
000141,BMW,R100CS,R 1100R,https://www.motorcyclespecs.co.za/model/bmw/bmw-r1100r-98.html,64,LOW,NUMBER_MISMATCH
000141,BMW,R100CS,R 1100RT,https://www.motorcyclespecs.co.za/model/bmw/bmw-r1100rt-95.html,63,LOW,NUMBER_MISMATCH
000141,BMW,R100CS,R 1100RT,https://www.motorcyclespecs.co.za/model/bmw/bmw-r1100rt-97.html,63,LOW,NUMBER_MISMATCH
000141,BMW,R100CS,R 1100RT,https://www.motorcyclespecs.co.za/model/bmw/bmw-r1100rt-98.html,63,LOW,NUMBER_MISMATCH
000141,BMW,R100CS,R 1100RT,https://www.motorcyclespecs.co.za/model/bmw/bmw-r1100rt-99.html,63,LOW,NUMBER_MISMATCH
000141,BMW,R100CS,"R 100GS 
		Paris Dakar Classic",https://www.motorcyclespecs.co.za/model/bmw/bmw-r100gs-pd-classic.html,62,LOW,MODEL_MISMATCH
000141,BMW,R100CS,"R nineT 100th 
Anniversary",https://www.motorcyclespecs.co.za/model/bmw/bmw-r-ninet-100th-Anniversary-23.html,59,LOW,MODEL_MISMATCH
000141,BMW,R100CS,"R 100RS 
		Motorsport Special Edition",https://www.motorcyclespecs.co.za/model/bmw/bmw-r100rs-le-78..html,56,LOW,MODEL_MISMATCH
000141,BMW,R100CS,"R 
		100S Willi Michel Racer",https://www.motorcyclespecs.co.za/model/bmw/bmw-r100s-willi-michel-racer.html,56,LOW,MODEL_MISMATCH
000141,BMW,R100CS,"R 18 100th 
		Anniversary",https://www.motorcyclespecs.co.za/model/bmw/bmw-r18-100th-anniversary-23.html,51,LOW,NUMBER_MISMATCH
000141,BMW,R100CS,"R 
		1100GS 75th Anniversary",https://www.motorcyclespecs.co.za/model/bmw/bmw-r1100gs-75th-anniversary.html,50,LOW,NUMBER_MISMATCH
000141,BMW,R100CS,"R 
		1100RS 75th Anniversary",https://www.motorcyclespecs.co.za/model/bmw/bmw-r1100rs-75th-anniversary.html,50,LOW,NUMBER_MISMATCH
000141,BMW,R100CS,R 1100RR Rally,https://www.motorcyclespecs.co.za/model/bmw/bmw-r1100gs-rally.html,49,LOW,NUMBER_MISMATCH
000141,BMW,R100CS,"R 
		1100R 75th Anniversary",https://www.motorcyclespecs.co.za/model/bmw/bmw-r1100r-75th-anniversary.html,49,LOW,NUMBER_MISMATCH
000141,BMW,R100CS,"R 
		1100RT 75th Anniversary",https://www.motorcyclespecs.co.za/model/bmw/bmw-r1100rt-75th-anniversary.html,49,LOW,NUMBER_MISMATCH
000141,BMW,R100CS,R 1100S Boxer Cup Replica,https://www.motorcyclespecs.co.za/model/bmw/bmw-r1100s-boxer-cup.html,46,LOW,NUMBER_MISMATCH
000141,BMW,R100CS,R 1100S Boxer Cup Replica,https://www.motorcyclespecs.co.za/model/bmw/bmw-r1100s-replica-04.html,46,LOW,NUMBER_MISMATCH
000142,BMW,R100GS,bmw r100gs,https://www.motorcyclespecs.co.za/model/Custom/bmw-r100gs.html,95,LOW,MULTIPLE
000142,BMW,R100GS,R 100GS,https://www.motorcyclespecs.co.za/model/bmw/bmw-r100gs-87.html,95,LOW,MULTIPLE
000142,BMW,R100GS,R 100GS,https://www.motorcyclespecs.co.za/model/bmw/bmw-r100gs-89.html,95,LOW,MULTIPLE
000142,BMW,R100GS,R 100GS,https://www.motorcyclespecs.co.za/model/bmw/bmw-r100gs-90.html,95,LOW,MULTIPLE
000142,BMW,R100GS,R 100GS,https://www.motorcyclespecs.co.za/model/bmw/bmw-r100gs-91.html,95,LOW,MULTIPLE
000142,BMW,R100GS,R 100RS,https://www.motorcyclespecs.co.za/model/bmw/bmw-r100rs-76.html,85,LOW,REVIEW
000142,BMW,R100GS,R 100RS,https://www.motorcyclespecs.co.za/model/bmw/bmw-r100rs-77.html,85,LOW,REVIEW
000142,BMW,R100GS,R 100RS,https://www.motorcyclespecs.co.za/model/bmw/bmw-r100rs-78.html,85,LOW,REVIEW
000142,BMW,R100GS,R 100RS,https://www.motorcyclespecs.co.za/model/bmw/bmw-r100rs-80.html,85,LOW,REVIEW
000142,BMW,R100GS,R 100RS,https://www.motorcyclespecs.co.za/model/bmw/bmw-r100rs-82.html,85,LOW,REVIEW
000142,BMW,R100GS,R 100RS,https://www.motorcyclespecs.co.za/model/bmw/bmw-r100rs-83.html,85,LOW,REVIEW
000142,BMW,R100GS,R 100S,https://www.motorcyclespecs.co.za/model/bmw/bmw-r100s-77.html,83,LOW,REVIEW
000142,BMW,R100GS,R 100S,https://www.motorcyclespecs.co.za/model/bmw/bmw-r100s-78.html,83,LOW,REVIEW
000142,BMW,R100GS,R 100S,https://www.motorcyclespecs.co.za/model/bmw/bmw-r100s-79.html,83,LOW,REVIEW
000142,BMW,R100GS,R 100,https://www.motorcyclespecs.co.za/model/bmw/bmw-r100-80.html,79,LOW,REVIEW
000142,BMW,R100GS,R 100,https://www.motorcyclespecs.co.za/model/bmw/bmw-r100-82.html,79,LOW,REVIEW
000142,BMW,R100GS,R 100T,https://www.motorcyclespecs.co.za/model/bmw/bmw-r100t-78.html,78,LOW,REVIEW
000142,BMW,R100GS,R 100CS,https://www.motorcyclespecs.co.za/model/bmw/bmw-r100cs-77.html,77,LOW,REVIEW
000142,BMW,R100GS,R 100CS,https://www.motorcyclespecs.co.za/model/bmw/bmw-r100cs-81.html,77,LOW,REVIEW
000142,BMW,R100GS,R 100CS,https://www.motorcyclespecs.co.za/model/bmw/bmw-r100cs-82.html,77,LOW,REVIEW
000142,BMW,R100GS,R 100R,https://www.motorcyclespecs.co.za/model/bmw/bmw-r100r-92.html,76,LOW,REVIEW
000142,BMW,R100GS,R 100R,https://www.motorcyclespecs.co.za/model/bmw/bmw-r100r-94.html,76,LOW,REVIEW
000142,BMW,R100GS,R 100RT,https://www.motorcyclespecs.co.za/model/bmw/bmw-r100rt-78.html,75,LOW,REVIEW
000142,BMW,R100GS,R 100RT,https://www.motorcyclespecs.co.za/model/bmw/bmw-r100rt-80.html,75,LOW,REVIEW
000142,BMW,R100GS,R 100RT,https://www.motorcyclespecs.co.za/model/bmw/bmw-r100rt-81.html,75,LOW,REVIEW
000142,BMW,R100GS,R 100RT,https://www.motorcyclespecs.co.za/model/bmw/bmw-r100rt-84.html,75,LOW,REVIEW
000142,BMW,R100GS,R 100RS Mono,https://www.motorcyclespecs.co.za/model/bmw/bmw-r100rs-86.html,72,LOW,REVIEW
000142,BMW,R100GS,R 100RS Mono,https://www.motorcyclespecs.co.za/model/bmw/bmw-r100rs-90.html,72,LOW,REVIEW
000142,BMW,R100GS,R 100RS Turbo,https://www.motorcyclespecs.co.za/model/bmw/bmw-r100rs-turbo.html,71,LOW,REVIEW
000142,BMW,R100GS,R 100GS Paris Dakar,https://www.motorcyclespecs.co.za/model/bmw/bmw-r100gs-pd-88.html,70,LOW,REVIEW
000142,BMW,R100GS,R 100GS Paris Dakar,https://www.motorcyclespecs.co.za/model/bmw/bmw-r100gs-pd-89.html,70,LOW,REVIEW
000142,BMW,R100GS,R 100GS Paris Dakar,https://www.motorcyclespecs.co.za/model/bmw/bmw-r100gs-pd-93.html,70,LOW,REVIEW
000142,BMW,R100GS,R 100GS Bumble Bee,https://www.motorcyclespecs.co.za/model/bmw/bmw-r100gs-88.html,68,LOW,MODEL_MISMATCH
000142,BMW,R100GS,R 100R Mystic,https://www.motorcyclespecs.co.za/model/bmw/bmw-r100r-mystic-93.html,67,LOW,MODEL_MISMATCH
000142,BMW,R100GS,"R 100R 
		Classic",https://www.motorcyclespecs.co.za/model/bmw/bmw-r100r-classic-95.html,66,LOW,MODEL_MISMATCH
000142,BMW,R100GS,R 100RT Mono,https://www.motorcyclespecs.co.za/model/bmw/bmw-r100rt-87.html,66,LOW,MODEL_MISMATCH
000142,BMW,R100GS,R 100RT Mono,https://www.motorcyclespecs.co.za/model/bmw/bmw-r100rt-90.html,66,LOW,MODEL_MISMATCH
000142,BMW,R100GS,"R 
		100RT Classic",https://www.motorcyclespecs.co.za/model/bmw/bmw-r100rt-classic-95.html,66,LOW,MODEL_MISMATCH
000142,BMW,R100GS,R 100/7,https://www.motorcyclespecs.co.za/model/bmw/bmw-r100-7-78.html,65,LOW,NUMBER_MISMATCH
000142,BMW,R100GS,"R 
		100/7",https://www.motorcyclespecs.co.za/model/bmw/bmw-r100-7.html,65,LOW,NUMBER_MISMATCH
000142,BMW,R100GS,R 1100GS,https://www.motorcyclespecs.co.za/model/bmw/bmw-r1100gs-94.html,65,LOW,NUMBER_MISMATCH
000142,BMW,R100GS,R 1100GS,https://www.motorcyclespecs.co.za/model/bmw/bmw-r1100gs-95.html,65,LOW,NUMBER_MISMATCH
000142,BMW,R100GS,R 1100GS,https://www.motorcyclespecs.co.za/model/bmw/bmw-r1100gs-96.html,65,LOW,NUMBER_MISMATCH
000142,BMW,R100GS,R 1100GS,https://www.motorcyclespecs.co.za/model/bmw/bmw-r1100gs-97.html,65,LOW,NUMBER_MISMATCH
000142,BMW,R100GS,R 1100GS,https://www.motorcyclespecs.co.za/model/bmw/bmw-r1100gs-98.html,65,LOW,NUMBER_MISMATCH
000142,BMW,R100GS,R 1100RS,https://www.motorcyclespecs.co.za/model/bmw/bmw-r1100rs-93.html,65,LOW,NUMBER_MISMATCH
000142,BMW,R100GS,R 1100RS,https://www.motorcyclespecs.co.za/model/bmw/bmw-r1100rs-94.html,65,LOW,NUMBER_MISMATCH
000142,BMW,R100GS,R 1100RS,https://www.motorcyclespecs.co.za/model/bmw/bmw-r1100rs-96.html,65,LOW,NUMBER_MISMATCH
000142,BMW,R100GS,R 1100RS,https://www.motorcyclespecs.co.za/model/bmw/bmw-r1100rs-99.html,65,LOW,NUMBER_MISMATCH
000142,BMW,R100GS,R 1100S,https://www.motorcyclespecs.co.za/model/bmw/bmw-r1100s-01.html,65,LOW,NUMBER_MISMATCH
000142,BMW,R100GS,R 1100S,https://www.motorcyclespecs.co.za/model/bmw/bmw-r1100s-04.html,65,LOW,NUMBER_MISMATCH
000142,BMW,R100GS,R 1100S,https://www.motorcyclespecs.co.za/model/bmw/bmw-r1100s-06.html,65,LOW,NUMBER_MISMATCH
000142,BMW,R100GS,R 1100S,https://www.motorcyclespecs.co.za/model/bmw/bmw-r1100s-99.html,65,LOW,NUMBER_MISMATCH
000142,BMW,R100GS,R 1100R,https://www.motorcyclespecs.co.za/model/bmw/bmw-r1100r-94.html,64,LOW,NUMBER_MISMATCH
000142,BMW,R100GS,R 1100R,https://www.motorcyclespecs.co.za/model/bmw/bmw-r1100r-96.html,64,LOW,NUMBER_MISMATCH
000142,BMW,R100GS,R 1100R,https://www.motorcyclespecs.co.za/model/bmw/bmw-r1100r-98.html,64,LOW,NUMBER_MISMATCH
000142,BMW,R100GS,"R 100GS 
		Paris Dakar Classic",https://www.motorcyclespecs.co.za/model/bmw/bmw-r100gs-pd-classic.html,63,LOW,MODEL_MISMATCH
000142,BMW,R100GS,R 1100RT,https://www.motorcyclespecs.co.za/model/bmw/bmw-r1100rt-95.html,63,LOW,NUMBER_MISMATCH
000142,BMW,R100GS,R 1100RT,https://www.motorcyclespecs.co.za/model/bmw/bmw-r1100rt-97.html,63,LOW,NUMBER_MISMATCH
000142,BMW,R100GS,R 1100RT,https://www.motorcyclespecs.co.za/model/bmw/bmw-r1100rt-98.html,63,LOW,NUMBER_MISMATCH
000142,BMW,R100GS,R 1100RT,https://www.motorcyclespecs.co.za/model/bmw/bmw-r1100rt-99.html,63,LOW,NUMBER_MISMATCH
000142,BMW,R100GS,"R nineT 100th 
Anniversary",https://www.motorcyclespecs.co.za/model/bmw/bmw-r-ninet-100th-Anniversary-23.html,59,LOW,MODEL_MISMATCH
000142,BMW,R100GS,"R 100RS 
		Motorsport Special Edition",https://www.motorcyclespecs.co.za/model/bmw/bmw-r100rs-le-78..html,56,LOW,MODEL_MISMATCH
000142,BMW,R100GS,"R 
		100S Willi Michel Racer",https://www.motorcyclespecs.co.za/model/bmw/bmw-r100s-willi-michel-racer.html,55,LOW,MODEL_MISMATCH
000142,BMW,R100GS,"R 
		1100GS 75th Anniversary",https://www.motorcyclespecs.co.za/model/bmw/bmw-r1100gs-75th-anniversary.html,55,LOW,NUMBER_MISMATCH
000142,BMW,R100GS,"R 18 100th 
		Anniversary",https://www.motorcyclespecs.co.za/model/bmw/bmw-r18-100th-anniversary-23.html,51,LOW,NUMBER_MISMATCH
000142,BMW,R100GS,"R 
		1100RS 75th Anniversary",https://www.motorcyclespecs.co.za/model/bmw/bmw-r1100rs-75th-anniversary.html,50,LOW,NUMBER_MISMATCH
000142,BMW,R100GS,R 1100RR Rally,https://www.motorcyclespecs.co.za/model/bmw/bmw-r1100gs-rally.html,49,LOW,NUMBER_MISMATCH
000142,BMW,R100GS,"R 
		1100R 75th Anniversary",https://www.motorcyclespecs.co.za/model/bmw/bmw-r1100r-75th-anniversary.html,49,LOW,NUMBER_MISMATCH
000142,BMW,R100GS,"R 
		1100RT 75th Anniversary",https://www.motorcyclespecs.co.za/model/bmw/bmw-r1100rt-75th-anniversary.html,49,LOW,NUMBER_MISMATCH
000142,BMW,R100GS,R 1100S Boxer Cup Replica,https://www.motorcyclespecs.co.za/model/bmw/bmw-r1100s-boxer-cup.html,45,LOW,NUMBER_MISMATCH
000142,BMW,R100GS,R 1100S Boxer Cup Replica,https://www.motorcyclespecs.co.za/model/bmw/bmw-r1100s-replica-04.html,45,LOW,NUMBER_MISMATCH
000143,BMW,R100GS Paris-Dakar,R 100GS Paris Dakar,https://www.motorcyclespecs.co.za/model/bmw/bmw-r100gs-pd-88.html,95,HIGH,EXACT
000143,BMW,R100GS Paris-Dakar,R 100GS Paris Dakar,https://www.motorcyclespecs.co.za/model/bmw/bmw-r100gs-pd-89.html,95,HIGH,EXACT
000143,BMW,R100GS Paris-Dakar,R 100GS Paris Dakar,https://www.motorcyclespecs.co.za/model/bmw/bmw-r100gs-pd-93.html,95,HIGH,EXACT
000143,BMW,R100GS Paris-Dakar,"R 100GS 
		Paris Dakar Classic",https://www.motorcyclespecs.co.za/model/bmw/bmw-r100gs-pd-classic.html,82,LOW,REVIEW
000143,BMW,R100GS Paris-Dakar,bmw r100gs,https://www.motorcyclespecs.co.za/model/Custom/bmw-r100gs.html,70,LOW,REVIEW
000143,BMW,R100GS Paris-Dakar,R 100GS,https://www.motorcyclespecs.co.za/model/bmw/bmw-r100gs-87.html,70,LOW,REVIEW
000143,BMW,R100GS Paris-Dakar,R 100GS,https://www.motorcyclespecs.co.za/model/bmw/bmw-r100gs-89.html,70,LOW,REVIEW
000143,BMW,R100GS Paris-Dakar,R 100GS,https://www.motorcyclespecs.co.za/model/bmw/bmw-r100gs-90.html,70,LOW,REVIEW
000143,BMW,R100GS Paris-Dakar,R 100GS,https://www.motorcyclespecs.co.za/model/bmw/bmw-r100gs-91.html,70,LOW,REVIEW
000143,BMW,R100GS Paris-Dakar,R 100RS,https://www.motorcyclespecs.co.za/model/bmw/bmw-r100rs-76.html,70,LOW,REVIEW
000143,BMW,R100GS Paris-Dakar,R 100RS,https://www.motorcyclespecs.co.za/model/bmw/bmw-r100rs-77.html,70,LOW,REVIEW
000143,BMW,R100GS Paris-Dakar,R 100RS,https://www.motorcyclespecs.co.za/model/bmw/bmw-r100rs-78.html,70,LOW,REVIEW
000143,BMW,R100GS Paris-Dakar,R 100RS,https://www.motorcyclespecs.co.za/model/bmw/bmw-r100rs-80.html,70,LOW,REVIEW
000143,BMW,R100GS Paris-Dakar,R 100RS,https://www.motorcyclespecs.co.za/model/bmw/bmw-r100rs-82.html,70,LOW,REVIEW
000143,BMW,R100GS Paris-Dakar,R 100RS,https://www.motorcyclespecs.co.za/model/bmw/bmw-r100rs-83.html,70,LOW,REVIEW
000143,BMW,R100GS Paris-Dakar,R 100RS Turbo,https://www.motorcyclespecs.co.za/model/bmw/bmw-r100rs-turbo.html,69,LOW,MODEL_MISMATCH
000143,BMW,R100GS Paris-Dakar,"R nineT 100th 
Anniversary",https://www.motorcyclespecs.co.za/model/bmw/bmw-r-ninet-100th-Anniversary-23.html,66,LOW,MODEL_MISMATCH
000143,BMW,R100GS Paris-Dakar,R 100R Mystic,https://www.motorcyclespecs.co.za/model/bmw/bmw-r100r-mystic-93.html,65,LOW,MODEL_MISMATCH
000143,BMW,R100GS Paris-Dakar,R 100RS Mono,https://www.motorcyclespecs.co.za/model/bmw/bmw-r100rs-86.html,65,LOW,MODEL_MISMATCH
000143,BMW,R100GS Paris-Dakar,R 100RS Mono,https://www.motorcyclespecs.co.za/model/bmw/bmw-r100rs-90.html,65,LOW,MODEL_MISMATCH
000143,BMW,R100GS Paris-Dakar,R 100CS,https://www.motorcyclespecs.co.za/model/bmw/bmw-r100cs-77.html,64,LOW,MODEL_MISMATCH
000143,BMW,R100GS Paris-Dakar,R 100CS,https://www.motorcyclespecs.co.za/model/bmw/bmw-r100cs-81.html,64,LOW,MODEL_MISMATCH
000143,BMW,R100GS Paris-Dakar,R 100CS,https://www.motorcyclespecs.co.za/model/bmw/bmw-r100cs-82.html,64,LOW,MODEL_MISMATCH
000143,BMW,R100GS Paris-Dakar,"R 100R 
		Classic",https://www.motorcyclespecs.co.za/model/bmw/bmw-r100r-classic-95.html,64,LOW,MODEL_MISMATCH
000143,BMW,R100GS Paris-Dakar,R 100RT,https://www.motorcyclespecs.co.za/model/bmw/bmw-r100rt-78.html,64,LOW,MODEL_MISMATCH
000143,BMW,R100GS Paris-Dakar,R 100RT,https://www.motorcyclespecs.co.za/model/bmw/bmw-r100rt-80.html,64,LOW,MODEL_MISMATCH
000143,BMW,R100GS Paris-Dakar,R 100RT,https://www.motorcyclespecs.co.za/model/bmw/bmw-r100rt-81.html,64,LOW,MODEL_MISMATCH
000143,BMW,R100GS Paris-Dakar,R 100RT,https://www.motorcyclespecs.co.za/model/bmw/bmw-r100rt-84.html,64,LOW,MODEL_MISMATCH
000143,BMW,R100GS Paris-Dakar,"R 
		100RT Classic",https://www.motorcyclespecs.co.za/model/bmw/bmw-r100rt-classic-95.html,64,LOW,MODEL_MISMATCH
000143,BMW,R100GS Paris-Dakar,R 100GS Bumble Bee,https://www.motorcyclespecs.co.za/model/bmw/bmw-r100gs-88.html,62,LOW,MODEL_MISMATCH
000143,BMW,R100GS Paris-Dakar,R 100R,https://www.motorcyclespecs.co.za/model/bmw/bmw-r100r-92.html,62,LOW,MODEL_MISMATCH
000143,BMW,R100GS Paris-Dakar,R 100R,https://www.motorcyclespecs.co.za/model/bmw/bmw-r100r-94.html,62,LOW,MODEL_MISMATCH
000143,BMW,R100GS Paris-Dakar,"R 100RS 
		Motorsport Special Edition",https://www.motorcyclespecs.co.za/model/bmw/bmw-r100rs-le-78..html,62,LOW,MODEL_MISMATCH
000143,BMW,R100GS Paris-Dakar,R 100RT Mono,https://www.motorcyclespecs.co.za/model/bmw/bmw-r100rt-87.html,62,LOW,MODEL_MISMATCH
000143,BMW,R100GS Paris-Dakar,R 100RT Mono,https://www.motorcyclespecs.co.za/model/bmw/bmw-r100rt-90.html,62,LOW,MODEL_MISMATCH
000143,BMW,R100GS Paris-Dakar,R 100T,https://www.motorcyclespecs.co.za/model/bmw/bmw-r100t-78.html,61,LOW,MODEL_MISMATCH
000143,BMW,R100GS Paris-Dakar,"R 
		1100GS 75th Anniversary",https://www.motorcyclespecs.co.za/model/bmw/bmw-r1100gs-75th-anniversary.html,61,LOW,NUMBER_MISMATCH
000143,BMW,R100GS Paris-Dakar,R 100,https://www.motorcyclespecs.co.za/model/bmw/bmw-r100-80.html,60,LOW,MODEL_MISMATCH
000143,BMW,R100GS Paris-Dakar,R 100,https://www.motorcyclespecs.co.za/model/bmw/bmw-r100-82.html,60,LOW,MODEL_MISMATCH
000143,BMW,R100GS Paris-Dakar,R 100S,https://www.motorcyclespecs.co.za/model/bmw/bmw-r100s-77.html,60,LOW,MODEL_MISMATCH
000143,BMW,R100GS Paris-Dakar,R 100S,https://www.motorcyclespecs.co.za/model/bmw/bmw-r100s-78.html,60,LOW,MODEL_MISMATCH
000143,BMW,R100GS Paris-Dakar,R 100S,https://www.motorcyclespecs.co.za/model/bmw/bmw-r100s-79.html,60,LOW,MODEL_MISMATCH
000143,BMW,R100GS Paris-Dakar,"R 
		100S Willi Michel Racer",https://www.motorcyclespecs.co.za/model/bmw/bmw-r100s-willi-michel-racer.html,59,LOW,MODEL_MISMATCH
000143,BMW,R100GS Paris-Dakar,R 1100GS,https://www.motorcyclespecs.co.za/model/bmw/bmw-r1100gs-94.html,59,LOW,NUMBER_MISMATCH
000143,BMW,R100GS Paris-Dakar,R 1100GS,https://www.motorcyclespecs.co.za/model/bmw/bmw-r1100gs-95.html,59,LOW,NUMBER_MISMATCH
000143,BMW,R100GS Paris-Dakar,R 1100GS,https://www.motorcyclespecs.co.za/model/bmw/bmw-r1100gs-96.html,59,LOW,NUMBER_MISMATCH
000143,BMW,R100GS Paris-Dakar,R 1100GS,https://www.motorcyclespecs.co.za/model/bmw/bmw-r1100gs-97.html,59,LOW,NUMBER_MISMATCH
000143,BMW,R100GS Paris-Dakar,R 1100GS,https://www.motorcyclespecs.co.za/model/bmw/bmw-r1100gs-98.html,59,LOW,NUMBER_MISMATCH
000143,BMW,R100GS Paris-Dakar,R 1100RS,https://www.motorcyclespecs.co.za/model/bmw/bmw-r1100rs-93.html,59,LOW,NUMBER_MISMATCH
000143,BMW,R100GS Paris-Dakar,R 1100RS,https://www.motorcyclespecs.co.za/model/bmw/bmw-r1100rs-94.html,59,LOW,NUMBER_MISMATCH
000143,BMW,R100GS Paris-Dakar,R 1100RS,https://www.motorcyclespecs.co.za/model/bmw/bmw-r1100rs-96.html,59,LOW,NUMBER_MISMATCH
000143,BMW,R100GS Paris-Dakar,R 1100RS,https://www.motorcyclespecs.co.za/model/bmw/bmw-r1100rs-99.html,59,LOW,NUMBER_MISMATCH
000143,BMW,R100GS Paris-Dakar,"R 
		1100RS 75th Anniversary",https://www.motorcyclespecs.co.za/model/bmw/bmw-r1100rs-75th-anniversary.html,58,LOW,NUMBER_MISMATCH
000143,BMW,R100GS Paris-Dakar,"R 
		1100R 75th Anniversary",https://www.motorcyclespecs.co.za/model/bmw/bmw-r1100r-75th-anniversary.html,57,LOW,NUMBER_MISMATCH
000143,BMW,R100GS Paris-Dakar,"R 18 100th 
		Anniversary",https://www.motorcyclespecs.co.za/model/bmw/bmw-r18-100th-anniversary-23.html,57,LOW,NUMBER_MISMATCH
000143,BMW,R100GS Paris-Dakar,"R 
		1100RT 75th Anniversary",https://www.motorcyclespecs.co.za/model/bmw/bmw-r1100rt-75th-anniversary.html,56,LOW,NUMBER_MISMATCH
000143,BMW,R100GS Paris-Dakar,R 1100RT,https://www.motorcyclespecs.co.za/model/bmw/bmw-r1100rt-95.html,54,LOW,NUMBER_MISMATCH
000143,BMW,R100GS Paris-Dakar,R 1100RT,https://www.motorcyclespecs.co.za/model/bmw/bmw-r1100rt-97.html,54,LOW,NUMBER_MISMATCH
000143,BMW,R100GS Paris-Dakar,R 1100RT,https://www.motorcyclespecs.co.za/model/bmw/bmw-r1100rt-98.html,54,LOW,NUMBER_MISMATCH
000143,BMW,R100GS Paris-Dakar,R 1100RT,https://www.motorcyclespecs.co.za/model/bmw/bmw-r1100rt-99.html,54,LOW,NUMBER_MISMATCH
000143,BMW,R100GS Paris-Dakar,R 1100R,https://www.motorcyclespecs.co.za/model/bmw/bmw-r1100r-94.html,51,LOW,NUMBER_MISMATCH
000143,BMW,R100GS Paris-Dakar,R 1100R,https://www.motorcyclespecs.co.za/model/bmw/bmw-r1100r-96.html,51,LOW,NUMBER_MISMATCH
000143,BMW,R100GS Paris-Dakar,R 1100R,https://www.motorcyclespecs.co.za/model/bmw/bmw-r1100r-98.html,51,LOW,NUMBER_MISMATCH
000143,BMW,R100GS Paris-Dakar,R 1100S Boxer Cup Replica,https://www.motorcyclespecs.co.za/model/bmw/bmw-r1100s-boxer-cup.html,51,LOW,NUMBER_MISMATCH
000143,BMW,R100GS Paris-Dakar,R 1100S Boxer Cup Replica,https://www.motorcyclespecs.co.za/model/bmw/bmw-r1100s-replica-04.html,51,LOW,NUMBER_MISMATCH
000143,BMW,R100GS Paris-Dakar,R 1100RR Rally,https://www.motorcyclespecs.co.za/model/bmw/bmw-r1100gs-rally.html,50,LOW,NUMBER_MISMATCH
000143,BMW,R100GS Paris-Dakar,R 100/7,https://www.motorcyclespecs.co.za/model/bmw/bmw-r100-7-78.html,49,LOW,NUMBER_MISMATCH
000143,BMW,R100GS Paris-Dakar,"R 
		100/7",https://www.motorcyclespecs.co.za/model/bmw/bmw-r100-7.html,49,LOW,NUMBER_MISMATCH
000143,BMW,R100GS Paris-Dakar,R 1100S,https://www.motorcyclespecs.co.za/model/bmw/bmw-r1100s-01.html,49,LOW,NUMBER_MISMATCH
000143,BMW,R100GS Paris-Dakar,R 1100S,https://www.motorcyclespecs.co.za/model/bmw/bmw-r1100s-04.html,49,LOW,NUMBER_MISMATCH
000143,BMW,R100GS Paris-Dakar,R 1100S,https://www.motorcyclespecs.co.za/model/bmw/bmw-r1100s-06.html,49,LOW,NUMBER_MISMATCH
000143,BMW,R100GS Paris-Dakar,R 1100S,https://www.motorcyclespecs.co.za/model/bmw/bmw-r1100s-99.html,49,LOW,NUMBER_MISMATCH
000144,BMW,R100R,R 100R,https://www.motorcyclespecs.co.za/model/bmw/bmw-r100r-92.html,95,HIGH,EXACT
000144,BMW,R100R,R 100R,https://www.motorcyclespecs.co.za/model/bmw/bmw-r100r-94.html,95,HIGH,EXACT
000144,BMW,R100R,R 100RS,https://www.motorcyclespecs.co.za/model/bmw/bmw-r100rs-76.html,88,LOW,REVIEW
000144,BMW,R100R,R 100RS,https://www.motorcyclespecs.co.za/model/bmw/bmw-r100rs-77.html,88,LOW,REVIEW
000144,BMW,R100R,R 100RS,https://www.motorcyclespecs.co.za/model/bmw/bmw-r100rs-78.html,88,LOW,REVIEW
000144,BMW,R100R,R 100RS,https://www.motorcyclespecs.co.za/model/bmw/bmw-r100rs-80.html,88,LOW,REVIEW
000144,BMW,R100R,R 100RS,https://www.motorcyclespecs.co.za/model/bmw/bmw-r100rs-82.html,88,LOW,REVIEW
000144,BMW,R100R,R 100RS,https://www.motorcyclespecs.co.za/model/bmw/bmw-r100rs-83.html,88,LOW,REVIEW
000144,BMW,R100R,R 100RT,https://www.motorcyclespecs.co.za/model/bmw/bmw-r100rt-78.html,88,LOW,REVIEW
000144,BMW,R100R,R 100RT,https://www.motorcyclespecs.co.za/model/bmw/bmw-r100rt-80.html,88,LOW,REVIEW
000144,BMW,R100R,R 100RT,https://www.motorcyclespecs.co.za/model/bmw/bmw-r100rt-81.html,88,LOW,REVIEW
000144,BMW,R100R,R 100RT,https://www.motorcyclespecs.co.za/model/bmw/bmw-r100rt-84.html,88,LOW,REVIEW
000144,BMW,R100R,R 100,https://www.motorcyclespecs.co.za/model/bmw/bmw-r100-80.html,83,LOW,REVIEW
000144,BMW,R100R,R 100,https://www.motorcyclespecs.co.za/model/bmw/bmw-r100-82.html,83,LOW,REVIEW
000144,BMW,R100R,R 100T,https://www.motorcyclespecs.co.za/model/bmw/bmw-r100t-78.html,83,LOW,REVIEW
000144,BMW,R100R,bmw r100gs,https://www.motorcyclespecs.co.za/model/Custom/bmw-r100gs.html,78,LOW,REVIEW
000144,BMW,R100R,R 100CS,https://www.motorcyclespecs.co.za/model/bmw/bmw-r100cs-77.html,78,LOW,REVIEW
000144,BMW,R100R,R 100CS,https://www.motorcyclespecs.co.za/model/bmw/bmw-r100cs-81.html,78,LOW,REVIEW
000144,BMW,R100R,R 100CS,https://www.motorcyclespecs.co.za/model/bmw/bmw-r100cs-82.html,78,LOW,REVIEW
000144,BMW,R100R,R 100GS,https://www.motorcyclespecs.co.za/model/bmw/bmw-r100gs-87.html,78,LOW,REVIEW
000144,BMW,R100R,R 100GS,https://www.motorcyclespecs.co.za/model/bmw/bmw-r100gs-89.html,78,LOW,REVIEW
000144,BMW,R100R,R 100GS,https://www.motorcyclespecs.co.za/model/bmw/bmw-r100gs-90.html,78,LOW,REVIEW
000144,BMW,R100R,R 100GS,https://www.motorcyclespecs.co.za/model/bmw/bmw-r100gs-91.html,78,LOW,REVIEW
000144,BMW,R100R,R 100S,https://www.motorcyclespecs.co.za/model/bmw/bmw-r100s-77.html,78,LOW,REVIEW
000144,BMW,R100R,R 100S,https://www.motorcyclespecs.co.za/model/bmw/bmw-r100s-78.html,78,LOW,REVIEW
000144,BMW,R100R,R 100S,https://www.motorcyclespecs.co.za/model/bmw/bmw-r100s-79.html,78,LOW,REVIEW
000144,BMW,R100R,R 100RS Mono,https://www.motorcyclespecs.co.za/model/bmw/bmw-r100rs-86.html,75,LOW,REVIEW
000144,BMW,R100R,R 100RS Mono,https://www.motorcyclespecs.co.za/model/bmw/bmw-r100rs-90.html,75,LOW,REVIEW
000144,BMW,R100R,R 100RT Mono,https://www.motorcyclespecs.co.za/model/bmw/bmw-r100rt-87.html,75,LOW,REVIEW
000144,BMW,R100R,R 100RT Mono,https://www.motorcyclespecs.co.za/model/bmw/bmw-r100rt-90.html,75,LOW,REVIEW
000144,BMW,R100R,R 100RS Turbo,https://www.motorcyclespecs.co.za/model/bmw/bmw-r100rs-turbo.html,72,LOW,REVIEW
000144,BMW,R100R,R 100R Mystic,https://www.motorcyclespecs.co.za/model/bmw/bmw-r100r-mystic-93.html,71,LOW,REVIEW
000144,BMW,R100R,"R 100R 
		Classic",https://www.motorcyclespecs.co.za/model/bmw/bmw-r100r-classic-95.html,70,LOW,REVIEW
000144,BMW,R100R,"R 
		100RT Classic",https://www.motorcyclespecs.co.za/model/bmw/bmw-r100rt-classic-95.html,70,LOW,REVIEW
000144,BMW,R100R,R 100/7,https://www.motorcyclespecs.co.za/model/bmw/bmw-r100-7-78.html,65,LOW,NUMBER_MISMATCH
000144,BMW,R100R,"R 
		100/7",https://www.motorcyclespecs.co.za/model/bmw/bmw-r100-7.html,65,LOW,NUMBER_MISMATCH
000144,BMW,R100R,R 100GS Paris Dakar,https://www.motorcyclespecs.co.za/model/bmw/bmw-r100gs-pd-88.html,65,LOW,MODEL_MISMATCH
000144,BMW,R100R,R 100GS Paris Dakar,https://www.motorcyclespecs.co.za/model/bmw/bmw-r100gs-pd-89.html,65,LOW,MODEL_MISMATCH
000144,BMW,R100R,R 100GS Paris Dakar,https://www.motorcyclespecs.co.za/model/bmw/bmw-r100gs-pd-93.html,65,LOW,MODEL_MISMATCH
000144,BMW,R100R,R 1100GS,https://www.motorcyclespecs.co.za/model/bmw/bmw-r1100gs-94.html,65,LOW,NUMBER_MISMATCH
000144,BMW,R100R,R 1100GS,https://www.motorcyclespecs.co.za/model/bmw/bmw-r1100gs-95.html,65,LOW,NUMBER_MISMATCH
000144,BMW,R100R,R 1100GS,https://www.motorcyclespecs.co.za/model/bmw/bmw-r1100gs-96.html,65,LOW,NUMBER_MISMATCH
000144,BMW,R100R,R 1100GS,https://www.motorcyclespecs.co.za/model/bmw/bmw-r1100gs-97.html,65,LOW,NUMBER_MISMATCH
000144,BMW,R100R,R 1100GS,https://www.motorcyclespecs.co.za/model/bmw/bmw-r1100gs-98.html,65,LOW,NUMBER_MISMATCH
000144,BMW,R100R,R 1100R,https://www.motorcyclespecs.co.za/model/bmw/bmw-r1100r-94.html,65,LOW,NUMBER_MISMATCH
000144,BMW,R100R,R 1100R,https://www.motorcyclespecs.co.za/model/bmw/bmw-r1100r-96.html,65,LOW,NUMBER_MISMATCH
000144,BMW,R100R,R 1100R,https://www.motorcyclespecs.co.za/model/bmw/bmw-r1100r-98.html,65,LOW,NUMBER_MISMATCH
000144,BMW,R100R,R 1100RS,https://www.motorcyclespecs.co.za/model/bmw/bmw-r1100rs-93.html,65,LOW,NUMBER_MISMATCH
000144,BMW,R100R,R 1100RS,https://www.motorcyclespecs.co.za/model/bmw/bmw-r1100rs-94.html,65,LOW,NUMBER_MISMATCH
000144,BMW,R100R,R 1100RS,https://www.motorcyclespecs.co.za/model/bmw/bmw-r1100rs-96.html,65,LOW,NUMBER_MISMATCH
000144,BMW,R100R,R 1100RS,https://www.motorcyclespecs.co.za/model/bmw/bmw-r1100rs-99.html,65,LOW,NUMBER_MISMATCH
000144,BMW,R100R,R 1100RT,https://www.motorcyclespecs.co.za/model/bmw/bmw-r1100rt-95.html,65,LOW,NUMBER_MISMATCH
000144,BMW,R100R,R 1100RT,https://www.motorcyclespecs.co.za/model/bmw/bmw-r1100rt-97.html,65,LOW,NUMBER_MISMATCH
000144,BMW,R100R,R 1100RT,https://www.motorcyclespecs.co.za/model/bmw/bmw-r1100rt-98.html,65,LOW,NUMBER_MISMATCH
000144,BMW,R100R,R 1100RT,https://www.motorcyclespecs.co.za/model/bmw/bmw-r1100rt-99.html,65,LOW,NUMBER_MISMATCH
000144,BMW,R100R,R 1100S,https://www.motorcyclespecs.co.za/model/bmw/bmw-r1100s-01.html,65,LOW,NUMBER_MISMATCH
000144,BMW,R100R,R 1100S,https://www.motorcyclespecs.co.za/model/bmw/bmw-r1100s-04.html,65,LOW,NUMBER_MISMATCH
000144,BMW,R100R,R 1100S,https://www.motorcyclespecs.co.za/model/bmw/bmw-r1100s-06.html,65,LOW,NUMBER_MISMATCH
000144,BMW,R100R,R 1100S,https://www.motorcyclespecs.co.za/model/bmw/bmw-r1100s-99.html,65,LOW,NUMBER_MISMATCH
000144,BMW,R100R,R 100GS Bumble Bee,https://www.motorcyclespecs.co.za/model/bmw/bmw-r100gs-88.html,62,LOW,MODEL_MISMATCH
000144,BMW,R100R,"R nineT 100th 
Anniversary",https://www.motorcyclespecs.co.za/model/bmw/bmw-r-ninet-100th-Anniversary-23.html,60,LOW,MODEL_MISMATCH
000144,BMW,R100R,"R 100GS 
		Paris Dakar Classic",https://www.motorcyclespecs.co.za/model/bmw/bmw-r100gs-pd-classic.html,60,LOW,MODEL_MISMATCH
000144,BMW,R100R,"R 100RS 
		Motorsport Special Edition",https://www.motorcyclespecs.co.za/model/bmw/bmw-r100rs-le-78..html,57,LOW,MODEL_MISMATCH
000144,BMW,R100R,"R 
		100S Willi Michel Racer",https://www.motorcyclespecs.co.za/model/bmw/bmw-r100s-willi-michel-racer.html,56,LOW,MODEL_MISMATCH
000144,BMW,R100R,R 1100RR Rally,https://www.motorcyclespecs.co.za/model/bmw/bmw-r1100gs-rally.html,56,LOW,NUMBER_MISMATCH
000144,BMW,R100R,"R 18 100th 
		Anniversary",https://www.motorcyclespecs.co.za/model/bmw/bmw-r18-100th-anniversary-23.html,53,LOW,NUMBER_MISMATCH
000144,BMW,R100R,"R 
		1100R 75th Anniversary",https://www.motorcyclespecs.co.za/model/bmw/bmw-r1100r-75th-anniversary.html,52,LOW,NUMBER_MISMATCH
000144,BMW,R100R,"R 
		1100GS 75th Anniversary",https://www.motorcyclespecs.co.za/model/bmw/bmw-r1100gs-75th-anniversary.html,51,LOW,NUMBER_MISMATCH
000144,BMW,R100R,"R 
		1100RS 75th Anniversary",https://www.motorcyclespecs.co.za/model/bmw/bmw-r1100rs-75th-anniversary.html,51,LOW,NUMBER_MISMATCH
000144,BMW,R100R,"R 
		1100RT 75th Anniversary",https://www.motorcyclespecs.co.za/model/bmw/bmw-r1100rt-75th-anniversary.html,51,LOW,NUMBER_MISMATCH
000144,BMW,R100R,R 1100S Boxer Cup Replica,https://www.motorcyclespecs.co.za/model/bmw/bmw-r1100s-boxer-cup.html,46,LOW,NUMBER_MISMATCH
000144,BMW,R100R,R 1100S Boxer Cup Replica,https://www.motorcyclespecs.co.za/model/bmw/bmw-r1100s-replica-04.html,46,LOW,NUMBER_MISMATCH
000145,BMW,R100RS,R 100RS,https://www.motorcyclespecs.co.za/model/bmw/bmw-r100rs-76.html,95,HIGH,EXACT
000145,BMW,R100RS,R 100RS,https://www.motorcyclespecs.co.za/model/bmw/bmw-r100rs-77.html,95,HIGH,EXACT
000145,BMW,R100RS,R 100RS,https://www.motorcyclespecs.co.za/model/bmw/bmw-r100rs-78.html,95,HIGH,EXACT
000145,BMW,R100RS,R 100RS,https://www.motorcyclespecs.co.za/model/bmw/bmw-r100rs-80.html,95,HIGH,EXACT
000145,BMW,R100RS,R 100RS,https://www.motorcyclespecs.co.za/model/bmw/bmw-r100rs-82.html,95,HIGH,EXACT
000145,BMW,R100RS,R 100RS,https://www.motorcyclespecs.co.za/model/bmw/bmw-r100rs-83.html,95,HIGH,EXACT
000145,BMW,R100RS,R 100RT,https://www.motorcyclespecs.co.za/model/bmw/bmw-r100rt-78.html,85,LOW,REVIEW
000145,BMW,R100RS,R 100RT,https://www.motorcyclespecs.co.za/model/bmw/bmw-r100rt-80.html,85,LOW,REVIEW
000145,BMW,R100RS,R 100RT,https://www.motorcyclespecs.co.za/model/bmw/bmw-r100rt-81.html,85,LOW,REVIEW
000145,BMW,R100RS,R 100RT,https://www.motorcyclespecs.co.za/model/bmw/bmw-r100rt-84.html,85,LOW,REVIEW
000145,BMW,R100RS,R 100S,https://www.motorcyclespecs.co.za/model/bmw/bmw-r100s-77.html,83,LOW,REVIEW
000145,BMW,R100RS,R 100S,https://www.motorcyclespecs.co.za/model/bmw/bmw-r100s-78.html,83,LOW,REVIEW
000145,BMW,R100RS,R 100S,https://www.motorcyclespecs.co.za/model/bmw/bmw-r100s-79.html,83,LOW,REVIEW
000145,BMW,R100RS,R 100R,https://www.motorcyclespecs.co.za/model/bmw/bmw-r100r-92.html,82,LOW,REVIEW
000145,BMW,R100RS,R 100R,https://www.motorcyclespecs.co.za/model/bmw/bmw-r100r-94.html,82,LOW,REVIEW
000145,BMW,R100RS,bmw r100gs,https://www.motorcyclespecs.co.za/model/Custom/bmw-r100gs.html,81,LOW,REVIEW
000145,BMW,R100RS,R 100CS,https://www.motorcyclespecs.co.za/model/bmw/bmw-r100cs-77.html,81,LOW,REVIEW
000145,BMW,R100RS,R 100CS,https://www.motorcyclespecs.co.za/model/bmw/bmw-r100cs-81.html,81,LOW,REVIEW
000145,BMW,R100RS,R 100CS,https://www.motorcyclespecs.co.za/model/bmw/bmw-r100cs-82.html,81,LOW,REVIEW
000145,BMW,R100RS,R 100GS,https://www.motorcyclespecs.co.za/model/bmw/bmw-r100gs-87.html,81,LOW,REVIEW
000145,BMW,R100RS,R 100GS,https://www.motorcyclespecs.co.za/model/bmw/bmw-r100gs-89.html,81,LOW,REVIEW
000145,BMW,R100RS,R 100GS,https://www.motorcyclespecs.co.za/model/bmw/bmw-r100gs-90.html,81,LOW,REVIEW
000145,BMW,R100RS,R 100GS,https://www.motorcyclespecs.co.za/model/bmw/bmw-r100gs-91.html,81,LOW,REVIEW
000145,BMW,R100RS,R 100RS Mono,https://www.motorcyclespecs.co.za/model/bmw/bmw-r100rs-86.html,80,LOW,REVIEW
000145,BMW,R100RS,R 100RS Mono,https://www.motorcyclespecs.co.za/model/bmw/bmw-r100rs-90.html,80,LOW,REVIEW
000145,BMW,R100RS,R 100,https://www.motorcyclespecs.co.za/model/bmw/bmw-r100-80.html,79,LOW,REVIEW
000145,BMW,R100RS,R 100,https://www.motorcyclespecs.co.za/model/bmw/bmw-r100-82.html,79,LOW,REVIEW
000145,BMW,R100RS,R 100T,https://www.motorcyclespecs.co.za/model/bmw/bmw-r100t-78.html,78,LOW,REVIEW
000145,BMW,R100RS,R 100RS Turbo,https://www.motorcyclespecs.co.za/model/bmw/bmw-r100rs-turbo.html,77,LOW,REVIEW
000145,BMW,R100RS,R 100R Mystic,https://www.motorcyclespecs.co.za/model/bmw/bmw-r100r-mystic-93.html,74,LOW,REVIEW
000145,BMW,R100RS,"R 100R 
		Classic",https://www.motorcyclespecs.co.za/model/bmw/bmw-r100r-classic-95.html,72,LOW,REVIEW
000145,BMW,R100RS,R 100RT Mono,https://www.motorcyclespecs.co.za/model/bmw/bmw-r100rt-87.html,72,LOW,REVIEW
000145,BMW,R100RS,R 100RT Mono,https://www.motorcyclespecs.co.za/model/bmw/bmw-r100rt-90.html,72,LOW,REVIEW
000145,BMW,R100RS,"R 
		100RT Classic",https://www.motorcyclespecs.co.za/model/bmw/bmw-r100rt-classic-95.html,72,LOW,REVIEW
000145,BMW,R100RS,R 100GS Paris Dakar,https://www.motorcyclespecs.co.za/model/bmw/bmw-r100gs-pd-88.html,70,LOW,REVIEW
000145,BMW,R100RS,R 100GS Paris Dakar,https://www.motorcyclespecs.co.za/model/bmw/bmw-r100gs-pd-89.html,70,LOW,REVIEW
000145,BMW,R100RS,R 100GS Paris Dakar,https://www.motorcyclespecs.co.za/model/bmw/bmw-r100gs-pd-93.html,70,LOW,REVIEW
000145,BMW,R100RS,R 100/7,https://www.motorcyclespecs.co.za/model/bmw/bmw-r100-7-78.html,65,LOW,NUMBER_MISMATCH
000145,BMW,R100RS,"R 
		100/7",https://www.motorcyclespecs.co.za/model/bmw/bmw-r100-7.html,65,LOW,NUMBER_MISMATCH
000145,BMW,R100RS,R 1100GS,https://www.motorcyclespecs.co.za/model/bmw/bmw-r1100gs-94.html,65,LOW,NUMBER_MISMATCH
000145,BMW,R100RS,R 1100GS,https://www.motorcyclespecs.co.za/model/bmw/bmw-r1100gs-95.html,65,LOW,NUMBER_MISMATCH
000145,BMW,R100RS,R 1100GS,https://www.motorcyclespecs.co.za/model/bmw/bmw-r1100gs-96.html,65,LOW,NUMBER_MISMATCH
000145,BMW,R100RS,R 1100GS,https://www.motorcyclespecs.co.za/model/bmw/bmw-r1100gs-97.html,65,LOW,NUMBER_MISMATCH
000145,BMW,R100RS,R 1100GS,https://www.motorcyclespecs.co.za/model/bmw/bmw-r1100gs-98.html,65,LOW,NUMBER_MISMATCH
000145,BMW,R100RS,R 1100R,https://www.motorcyclespecs.co.za/model/bmw/bmw-r1100r-94.html,65,LOW,NUMBER_MISMATCH
000145,BMW,R100RS,R 1100R,https://www.motorcyclespecs.co.za/model/bmw/bmw-r1100r-96.html,65,LOW,NUMBER_MISMATCH
000145,BMW,R100RS,R 1100R,https://www.motorcyclespecs.co.za/model/bmw/bmw-r1100r-98.html,65,LOW,NUMBER_MISMATCH
000145,BMW,R100RS,R 1100RS,https://www.motorcyclespecs.co.za/model/bmw/bmw-r1100rs-93.html,65,LOW,NUMBER_MISMATCH
000145,BMW,R100RS,R 1100RS,https://www.motorcyclespecs.co.za/model/bmw/bmw-r1100rs-94.html,65,LOW,NUMBER_MISMATCH
000145,BMW,R100RS,R 1100RS,https://www.motorcyclespecs.co.za/model/bmw/bmw-r1100rs-96.html,65,LOW,NUMBER_MISMATCH
000145,BMW,R100RS,R 1100RS,https://www.motorcyclespecs.co.za/model/bmw/bmw-r1100rs-99.html,65,LOW,NUMBER_MISMATCH
000145,BMW,R100RS,R 1100RT,https://www.motorcyclespecs.co.za/model/bmw/bmw-r1100rt-95.html,65,LOW,NUMBER_MISMATCH
000145,BMW,R100RS,R 1100RT,https://www.motorcyclespecs.co.za/model/bmw/bmw-r1100rt-97.html,65,LOW,NUMBER_MISMATCH
000145,BMW,R100RS,R 1100RT,https://www.motorcyclespecs.co.za/model/bmw/bmw-r1100rt-98.html,65,LOW,NUMBER_MISMATCH
000145,BMW,R100RS,R 1100RT,https://www.motorcyclespecs.co.za/model/bmw/bmw-r1100rt-99.html,65,LOW,NUMBER_MISMATCH
000145,BMW,R100RS,R 1100S,https://www.motorcyclespecs.co.za/model/bmw/bmw-r1100s-01.html,65,LOW,NUMBER_MISMATCH
000145,BMW,R100RS,R 1100S,https://www.motorcyclespecs.co.za/model/bmw/bmw-r1100s-04.html,65,LOW,NUMBER_MISMATCH
000145,BMW,R100RS,R 1100S,https://www.motorcyclespecs.co.za/model/bmw/bmw-r1100s-06.html,65,LOW,NUMBER_MISMATCH
000145,BMW,R100RS,R 1100S,https://www.motorcyclespecs.co.za/model/bmw/bmw-r1100s-99.html,65,LOW,NUMBER_MISMATCH
000145,BMW,R100RS,R 100GS Bumble Bee,https://www.motorcyclespecs.co.za/model/bmw/bmw-r100gs-88.html,64,LOW,MODEL_MISMATCH
000145,BMW,R100RS,"R nineT 100th 
Anniversary",https://www.motorcyclespecs.co.za/model/bmw/bmw-r-ninet-100th-Anniversary-23.html,63,LOW,MODEL_MISMATCH
000145,BMW,R100RS,"R 100GS 
		Paris Dakar Classic",https://www.motorcyclespecs.co.za/model/bmw/bmw-r100gs-pd-classic.html,63,LOW,MODEL_MISMATCH
000145,BMW,R100RS,"R 100RS 
		Motorsport Special Edition",https://www.motorcyclespecs.co.za/model/bmw/bmw-r100rs-le-78..html,59,LOW,MODEL_MISMATCH
000145,BMW,R100RS,"R 
		100S Willi Michel Racer",https://www.motorcyclespecs.co.za/model/bmw/bmw-r100s-willi-michel-racer.html,56,LOW,MODEL_MISMATCH
000145,BMW,R100RS,R 1100RR Rally,https://www.motorcyclespecs.co.za/model/bmw/bmw-r1100gs-rally.html,55,LOW,NUMBER_MISMATCH
000145,BMW,R100RS,"R 
		1100RS 75th Anniversary",https://www.motorcyclespecs.co.za/model/bmw/bmw-r1100rs-75th-anniversary.html,55,LOW,NUMBER_MISMATCH
000145,BMW,R100RS,"R 18 100th 
		Anniversary",https://www.motorcyclespecs.co.za/model/bmw/bmw-r18-100th-anniversary-23.html,55,LOW,NUMBER_MISMATCH
000145,BMW,R100RS,"R 
		1100R 75th Anniversary",https://www.motorcyclespecs.co.za/model/bmw/bmw-r1100r-75th-anniversary.html,54,LOW,NUMBER_MISMATCH
000145,BMW,R100RS,"R 
		1100GS 75th Anniversary",https://www.motorcyclespecs.co.za/model/bmw/bmw-r1100gs-75th-anniversary.html,53,LOW,NUMBER_MISMATCH
000145,BMW,R100RS,"R 
		1100RT 75th Anniversary",https://www.motorcyclespecs.co.za/model/bmw/bmw-r1100rt-75th-anniversary.html,53,LOW,NUMBER_MISMATCH
000145,BMW,R100RS,R 1100S Boxer Cup Replica,https://www.motorcyclespecs.co.za/model/bmw/bmw-r1100s-boxer-cup.html,46,LOW,NUMBER_MISMATCH
000145,BMW,R100RS,R 1100S Boxer Cup Replica,https://www.motorcyclespecs.co.za/model/bmw/bmw-r1100s-replica-04.html,46,LOW,NUMBER_MISMATCH
000146,BMW,R100RT,R 100RT,https://www.motorcyclespecs.co.za/model/bmw/bmw-r100rt-78.html,95,HIGH,EXACT
000146,BMW,R100RT,R 100RT,https://www.motorcyclespecs.co.za/model/bmw/bmw-r100rt-80.html,95,HIGH,EXACT
000146,BMW,R100RT,R 100RT,https://www.motorcyclespecs.co.za/model/bmw/bmw-r100rt-81.html,95,HIGH,EXACT
000146,BMW,R100RT,R 100RT,https://www.motorcyclespecs.co.za/model/bmw/bmw-r100rt-84.html,95,HIGH,EXACT
000146,BMW,R100RT,R 100T,https://www.motorcyclespecs.co.za/model/bmw/bmw-r100t-78.html,88,LOW,REVIEW
000146,BMW,R100RT,R 100RS,https://www.motorcyclespecs.co.za/model/bmw/bmw-r100rs-76.html,85,LOW,REVIEW
000146,BMW,R100RT,R 100RS,https://www.motorcyclespecs.co.za/model/bmw/bmw-r100rs-77.html,85,LOW,REVIEW
000146,BMW,R100RT,R 100RS,https://www.motorcyclespecs.co.za/model/bmw/bmw-r100rs-78.html,85,LOW,REVIEW
000146,BMW,R100RT,R 100RS,https://www.motorcyclespecs.co.za/model/bmw/bmw-r100rs-80.html,85,LOW,REVIEW
000146,BMW,R100RT,R 100RS,https://www.motorcyclespecs.co.za/model/bmw/bmw-r100rs-82.html,85,LOW,REVIEW
000146,BMW,R100RT,R 100RS,https://www.motorcyclespecs.co.za/model/bmw/bmw-r100rs-83.html,85,LOW,REVIEW
000146,BMW,R100RT,R 100R,https://www.motorcyclespecs.co.za/model/bmw/bmw-r100r-92.html,82,LOW,REVIEW
000146,BMW,R100RT,R 100R,https://www.motorcyclespecs.co.za/model/bmw/bmw-r100r-94.html,82,LOW,REVIEW
000146,BMW,R100RT,R 100RT Mono,https://www.motorcyclespecs.co.za/model/bmw/bmw-r100rt-87.html,80,LOW,REVIEW
000146,BMW,R100RT,R 100RT Mono,https://www.motorcyclespecs.co.za/model/bmw/bmw-r100rt-90.html,80,LOW,REVIEW
000146,BMW,R100RT,R 100,https://www.motorcyclespecs.co.za/model/bmw/bmw-r100-80.html,79,LOW,REVIEW
000146,BMW,R100RT,R 100,https://www.motorcyclespecs.co.za/model/bmw/bmw-r100-82.html,79,LOW,REVIEW
000146,BMW,R100RT,R 100RS Turbo,https://www.motorcyclespecs.co.za/model/bmw/bmw-r100rs-turbo.html,77,LOW,REVIEW
000146,BMW,R100RT,bmw r100gs,https://www.motorcyclespecs.co.za/model/Custom/bmw-r100gs.html,75,LOW,REVIEW
000146,BMW,R100RT,R 100CS,https://www.motorcyclespecs.co.za/model/bmw/bmw-r100cs-77.html,75,LOW,REVIEW
000146,BMW,R100RT,R 100CS,https://www.motorcyclespecs.co.za/model/bmw/bmw-r100cs-81.html,75,LOW,REVIEW
000146,BMW,R100RT,R 100CS,https://www.motorcyclespecs.co.za/model/bmw/bmw-r100cs-82.html,75,LOW,REVIEW
000146,BMW,R100RT,R 100GS,https://www.motorcyclespecs.co.za/model/bmw/bmw-r100gs-87.html,75,LOW,REVIEW
000146,BMW,R100RT,R 100GS,https://www.motorcyclespecs.co.za/model/bmw/bmw-r100gs-89.html,75,LOW,REVIEW
000146,BMW,R100RT,R 100GS,https://www.motorcyclespecs.co.za/model/bmw/bmw-r100gs-90.html,75,LOW,REVIEW
000146,BMW,R100RT,R 100GS,https://www.motorcyclespecs.co.za/model/bmw/bmw-r100gs-91.html,75,LOW,REVIEW
000146,BMW,R100RT,R 100R Mystic,https://www.motorcyclespecs.co.za/model/bmw/bmw-r100r-mystic-93.html,74,LOW,REVIEW
000146,BMW,R100RT,"R 
		100RT Classic",https://www.motorcyclespecs.co.za/model/bmw/bmw-r100rt-classic-95.html,74,LOW,REVIEW
000146,BMW,R100RT,R 100S,https://www.motorcyclespecs.co.za/model/bmw/bmw-r100s-77.html,73,LOW,REVIEW
000146,BMW,R100RT,R 100S,https://www.motorcyclespecs.co.za/model/bmw/bmw-r100s-78.html,73,LOW,REVIEW
000146,BMW,R100RT,R 100S,https://www.motorcyclespecs.co.za/model/bmw/bmw-r100s-79.html,73,LOW,REVIEW
000146,BMW,R100RT,R 100RS Mono,https://www.motorcyclespecs.co.za/model/bmw/bmw-r100rs-86.html,72,LOW,REVIEW
000146,BMW,R100RT,R 100RS Mono,https://www.motorcyclespecs.co.za/model/bmw/bmw-r100rs-90.html,72,LOW,REVIEW
000146,BMW,R100RT,"R 100R 
		Classic",https://www.motorcyclespecs.co.za/model/bmw/bmw-r100r-classic-95.html,68,LOW,MODEL_MISMATCH
000146,BMW,R100RT,R 100/7,https://www.motorcyclespecs.co.za/model/bmw/bmw-r100-7-78.html,65,LOW,NUMBER_MISMATCH
000146,BMW,R100RT,"R 
		100/7",https://www.motorcyclespecs.co.za/model/bmw/bmw-r100-7.html,65,LOW,NUMBER_MISMATCH
000146,BMW,R100RT,R 1100R,https://www.motorcyclespecs.co.za/model/bmw/bmw-r1100r-94.html,65,LOW,NUMBER_MISMATCH
000146,BMW,R100RT,R 1100R,https://www.motorcyclespecs.co.za/model/bmw/bmw-r1100r-96.html,65,LOW,NUMBER_MISMATCH
000146,BMW,R100RT,R 1100R,https://www.motorcyclespecs.co.za/model/bmw/bmw-r1100r-98.html,65,LOW,NUMBER_MISMATCH
000146,BMW,R100RT,R 1100RS,https://www.motorcyclespecs.co.za/model/bmw/bmw-r1100rs-93.html,65,LOW,NUMBER_MISMATCH
000146,BMW,R100RT,R 1100RS,https://www.motorcyclespecs.co.za/model/bmw/bmw-r1100rs-94.html,65,LOW,NUMBER_MISMATCH
000146,BMW,R100RT,R 1100RS,https://www.motorcyclespecs.co.za/model/bmw/bmw-r1100rs-96.html,65,LOW,NUMBER_MISMATCH
000146,BMW,R100RT,R 1100RS,https://www.motorcyclespecs.co.za/model/bmw/bmw-r1100rs-99.html,65,LOW,NUMBER_MISMATCH
000146,BMW,R100RT,R 1100RT,https://www.motorcyclespecs.co.za/model/bmw/bmw-r1100rt-95.html,65,LOW,NUMBER_MISMATCH
000146,BMW,R100RT,R 1100RT,https://www.motorcyclespecs.co.za/model/bmw/bmw-r1100rt-97.html,65,LOW,NUMBER_MISMATCH
000146,BMW,R100RT,R 1100RT,https://www.motorcyclespecs.co.za/model/bmw/bmw-r1100rt-98.html,65,LOW,NUMBER_MISMATCH
000146,BMW,R100RT,R 1100RT,https://www.motorcyclespecs.co.za/model/bmw/bmw-r1100rt-99.html,65,LOW,NUMBER_MISMATCH
000146,BMW,R100RT,R 100GS Paris Dakar,https://www.motorcyclespecs.co.za/model/bmw/bmw-r100gs-pd-88.html,64,LOW,MODEL_MISMATCH
000146,BMW,R100RT,R 100GS Paris Dakar,https://www.motorcyclespecs.co.za/model/bmw/bmw-r100gs-pd-89.html,64,LOW,MODEL_MISMATCH
000146,BMW,R100RT,R 100GS Paris Dakar,https://www.motorcyclespecs.co.za/model/bmw/bmw-r100gs-pd-93.html,64,LOW,MODEL_MISMATCH
000146,BMW,R100RT,R 1100GS,https://www.motorcyclespecs.co.za/model/bmw/bmw-r1100gs-94.html,63,LOW,NUMBER_MISMATCH
000146,BMW,R100RT,R 1100GS,https://www.motorcyclespecs.co.za/model/bmw/bmw-r1100gs-95.html,63,LOW,NUMBER_MISMATCH
000146,BMW,R100RT,R 1100GS,https://www.motorcyclespecs.co.za/model/bmw/bmw-r1100gs-96.html,63,LOW,NUMBER_MISMATCH
000146,BMW,R100RT,R 1100GS,https://www.motorcyclespecs.co.za/model/bmw/bmw-r1100gs-97.html,63,LOW,NUMBER_MISMATCH
000146,BMW,R100RT,R 1100GS,https://www.motorcyclespecs.co.za/model/bmw/bmw-r1100gs-98.html,63,LOW,NUMBER_MISMATCH
000146,BMW,R100RT,"R nineT 100th 
Anniversary",https://www.motorcyclespecs.co.za/model/bmw/bmw-r-ninet-100th-Anniversary-23.html,61,LOW,MODEL_MISMATCH
000146,BMW,R100RT,R 100GS Bumble Bee,https://www.motorcyclespecs.co.za/model/bmw/bmw-r100gs-88.html,61,LOW,MODEL_MISMATCH
000146,BMW,R100RT,R 1100S,https://www.motorcyclespecs.co.za/model/bmw/bmw-r1100s-01.html,61,LOW,NUMBER_MISMATCH
000146,BMW,R100RT,R 1100S,https://www.motorcyclespecs.co.za/model/bmw/bmw-r1100s-04.html,61,LOW,NUMBER_MISMATCH
000146,BMW,R100RT,R 1100S,https://www.motorcyclespecs.co.za/model/bmw/bmw-r1100s-06.html,61,LOW,NUMBER_MISMATCH
000146,BMW,R100RT,R 1100S,https://www.motorcyclespecs.co.za/model/bmw/bmw-r1100s-99.html,61,LOW,NUMBER_MISMATCH
000146,BMW,R100RT,"R 100GS 
		Paris Dakar Classic",https://www.motorcyclespecs.co.za/model/bmw/bmw-r100gs-pd-classic.html,59,LOW,MODEL_MISMATCH
000146,BMW,R100RT,"R 100RS 
		Motorsport Special Edition",https://www.motorcyclespecs.co.za/model/bmw/bmw-r100rs-le-78..html,58,LOW,MODEL_MISMATCH
000146,BMW,R100RT,"R 
		1100R 75th Anniversary",https://www.motorcyclespecs.co.za/model/bmw/bmw-r1100r-75th-anniversary.html,56,LOW,NUMBER_MISMATCH
000146,BMW,R100RT,"R 
		100S Willi Michel Racer",https://www.motorcyclespecs.co.za/model/bmw/bmw-r100s-willi-michel-racer.html,55,LOW,MODEL_MISMATCH
000146,BMW,R100RT,R 1100RR Rally,https://www.motorcyclespecs.co.za/model/bmw/bmw-r1100gs-rally.html,55,LOW,NUMBER_MISMATCH
000146,BMW,R100RT,"R 
		1100RS 75th Anniversary",https://www.motorcyclespecs.co.za/model/bmw/bmw-r1100rs-75th-anniversary.html,55,LOW,NUMBER_MISMATCH
000146,BMW,R100RT,"R 
		1100RT 75th Anniversary",https://www.motorcyclespecs.co.za/model/bmw/bmw-r1100rt-75th-anniversary.html,55,LOW,NUMBER_MISMATCH
000146,BMW,R100RT,"R 18 100th 
		Anniversary",https://www.motorcyclespecs.co.za/model/bmw/bmw-r18-100th-anniversary-23.html,55,LOW,NUMBER_MISMATCH
000146,BMW,R100RT,"R 
		1100GS 75th Anniversary",https://www.motorcyclespecs.co.za/model/bmw/bmw-r1100gs-75th-anniversary.html,52,LOW,NUMBER_MISMATCH
000146,BMW,R100RT,R 1100S Boxer Cup Replica,https://www.motorcyclespecs.co.za/model/bmw/bmw-r1100s-boxer-cup.html,45,LOW,NUMBER_MISMATCH
000146,BMW,R100RT,R 1100S Boxer Cup Replica,https://www.motorcyclespecs.co.za/model/bmw/bmw-r1100s-replica-04.html,45,LOW,NUMBER_MISMATCH
000147,BMW,R100S,R 100S,https://www.motorcyclespecs.co.za/model/bmw/bmw-r100s-77.html,95,HIGH,EXACT
000147,BMW,R100S,R 100S,https://www.motorcyclespecs.co.za/model/bmw/bmw-r100s-78.html,95,HIGH,EXACT
000147,BMW,R100S,R 100S,https://www.motorcyclespecs.co.za/model/bmw/bmw-r100s-79.html,95,HIGH,EXACT
000147,BMW,R100S,R 100RS,https://www.motorcyclespecs.co.za/model/bmw/bmw-r100rs-76.html,83,LOW,REVIEW
000147,BMW,R100S,R 100RS,https://www.motorcyclespecs.co.za/model/bmw/bmw-r100rs-77.html,83,LOW,REVIEW
000147,BMW,R100S,R 100RS,https://www.motorcyclespecs.co.za/model/bmw/bmw-r100rs-78.html,83,LOW,REVIEW
000147,BMW,R100S,R 100RS,https://www.motorcyclespecs.co.za/model/bmw/bmw-r100rs-80.html,83,LOW,REVIEW
000147,BMW,R100S,R 100RS,https://www.motorcyclespecs.co.za/model/bmw/bmw-r100rs-82.html,83,LOW,REVIEW
000147,BMW,R100S,R 100RS,https://www.motorcyclespecs.co.za/model/bmw/bmw-r100rs-83.html,83,LOW,REVIEW
000147,BMW,R100S,R 100,https://www.motorcyclespecs.co.za/model/bmw/bmw-r100-80.html,78,LOW,REVIEW
000147,BMW,R100S,R 100,https://www.motorcyclespecs.co.za/model/bmw/bmw-r100-82.html,78,LOW,REVIEW
000147,BMW,R100S,R 100T,https://www.motorcyclespecs.co.za/model/bmw/bmw-r100t-78.html,78,LOW,REVIEW
000147,BMW,R100S,bmw r100gs,https://www.motorcyclespecs.co.za/model/Custom/bmw-r100gs.html,75,LOW,REVIEW
000147,BMW,R100S,R 100CS,https://www.motorcyclespecs.co.za/model/bmw/bmw-r100cs-77.html,75,LOW,REVIEW
000147,BMW,R100S,R 100CS,https://www.motorcyclespecs.co.za/model/bmw/bmw-r100cs-81.html,75,LOW,REVIEW
000147,BMW,R100S,R 100CS,https://www.motorcyclespecs.co.za/model/bmw/bmw-r100cs-82.html,75,LOW,REVIEW
000147,BMW,R100S,R 100GS,https://www.motorcyclespecs.co.za/model/bmw/bmw-r100gs-87.html,75,LOW,REVIEW
000147,BMW,R100S,R 100GS,https://www.motorcyclespecs.co.za/model/bmw/bmw-r100gs-89.html,75,LOW,REVIEW
000147,BMW,R100S,R 100GS,https://www.motorcyclespecs.co.za/model/bmw/bmw-r100gs-90.html,75,LOW,REVIEW
000147,BMW,R100S,R 100GS,https://www.motorcyclespecs.co.za/model/bmw/bmw-r100gs-91.html,75,LOW,REVIEW
000147,BMW,R100S,R 100R,https://www.motorcyclespecs.co.za/model/bmw/bmw-r100r-92.html,75,LOW,REVIEW
000147,BMW,R100S,R 100R,https://www.motorcyclespecs.co.za/model/bmw/bmw-r100r-94.html,75,LOW,REVIEW
000147,BMW,R100S,R 100RT,https://www.motorcyclespecs.co.za/model/bmw/bmw-r100rt-78.html,73,LOW,REVIEW
000147,BMW,R100S,R 100RT,https://www.motorcyclespecs.co.za/model/bmw/bmw-r100rt-80.html,73,LOW,REVIEW
000147,BMW,R100S,R 100RT,https://www.motorcyclespecs.co.za/model/bmw/bmw-r100rt-81.html,73,LOW,REVIEW
000147,BMW,R100S,R 100RT,https://www.motorcyclespecs.co.za/model/bmw/bmw-r100rt-84.html,73,LOW,REVIEW
000147,BMW,R100S,R 100RS Mono,https://www.motorcyclespecs.co.za/model/bmw/bmw-r100rs-86.html,70,LOW,REVIEW
000147,BMW,R100S,R 100RS Mono,https://www.motorcyclespecs.co.za/model/bmw/bmw-r100rs-90.html,70,LOW,REVIEW
000147,BMW,R100S,R 100RS Turbo,https://www.motorcyclespecs.co.za/model/bmw/bmw-r100rs-turbo.html,67,LOW,MODEL_MISMATCH
000147,BMW,R100S,R 100/7,https://www.motorcyclespecs.co.za/model/bmw/bmw-r100-7-78.html,65,LOW,NUMBER_MISMATCH
000147,BMW,R100S,"R 
		100/7",https://www.motorcyclespecs.co.za/model/bmw/bmw-r100-7.html,65,LOW,NUMBER_MISMATCH
000147,BMW,R100S,R 1100RS,https://www.motorcyclespecs.co.za/model/bmw/bmw-r1100rs-93.html,65,LOW,NUMBER_MISMATCH
000147,BMW,R100S,R 1100RS,https://www.motorcyclespecs.co.za/model/bmw/bmw-r1100rs-94.html,65,LOW,NUMBER_MISMATCH
000147,BMW,R100S,R 1100RS,https://www.motorcyclespecs.co.za/model/bmw/bmw-r1100rs-96.html,65,LOW,NUMBER_MISMATCH
000147,BMW,R100S,R 1100RS,https://www.motorcyclespecs.co.za/model/bmw/bmw-r1100rs-99.html,65,LOW,NUMBER_MISMATCH
000147,BMW,R100S,R 1100S,https://www.motorcyclespecs.co.za/model/bmw/bmw-r1100s-01.html,65,LOW,NUMBER_MISMATCH
000147,BMW,R100S,R 1100S,https://www.motorcyclespecs.co.za/model/bmw/bmw-r1100s-04.html,65,LOW,NUMBER_MISMATCH
000147,BMW,R100S,R 1100S,https://www.motorcyclespecs.co.za/model/bmw/bmw-r1100s-06.html,65,LOW,NUMBER_MISMATCH
000147,BMW,R100S,R 1100S,https://www.motorcyclespecs.co.za/model/bmw/bmw-r1100s-99.html,65,LOW,NUMBER_MISMATCH
000147,BMW,R100S,R 100R Mystic,https://www.motorcyclespecs.co.za/model/bmw/bmw-r100r-mystic-93.html,63,LOW,MODEL_MISMATCH
000147,BMW,R100S,R 100RT Mono,https://www.motorcyclespecs.co.za/model/bmw/bmw-r100rt-87.html,63,LOW,MODEL_MISMATCH
000147,BMW,R100S,R 100RT Mono,https://www.motorcyclespecs.co.za/model/bmw/bmw-r100rt-90.html,63,LOW,MODEL_MISMATCH
000147,BMW,R100S,"R 
		100RT Classic",https://www.motorcyclespecs.co.za/model/bmw/bmw-r100rt-classic-95.html,63,LOW,MODEL_MISMATCH
000147,BMW,R100S,R 1100GS,https://www.motorcyclespecs.co.za/model/bmw/bmw-r1100gs-94.html,63,LOW,NUMBER_MISMATCH
000147,BMW,R100S,R 1100GS,https://www.motorcyclespecs.co.za/model/bmw/bmw-r1100gs-95.html,63,LOW,NUMBER_MISMATCH
000147,BMW,R100S,R 1100GS,https://www.motorcyclespecs.co.za/model/bmw/bmw-r1100gs-96.html,63,LOW,NUMBER_MISMATCH
000147,BMW,R100S,R 1100GS,https://www.motorcyclespecs.co.za/model/bmw/bmw-r1100gs-97.html,63,LOW,NUMBER_MISMATCH
000147,BMW,R100S,R 1100GS,https://www.motorcyclespecs.co.za/model/bmw/bmw-r1100gs-98.html,63,LOW,NUMBER_MISMATCH
000147,BMW,R100S,"R 100R 
		Classic",https://www.motorcyclespecs.co.za/model/bmw/bmw-r100r-classic-95.html,62,LOW,MODEL_MISMATCH
000147,BMW,R100S,R 1100R,https://www.motorcyclespecs.co.za/model/bmw/bmw-r1100r-94.html,62,LOW,NUMBER_MISMATCH
000147,BMW,R100S,R 1100R,https://www.motorcyclespecs.co.za/model/bmw/bmw-r1100r-96.html,62,LOW,NUMBER_MISMATCH
000147,BMW,R100S,R 1100R,https://www.motorcyclespecs.co.za/model/bmw/bmw-r1100r-98.html,62,LOW,NUMBER_MISMATCH
000147,BMW,R100S,"R 
		100S Willi Michel Racer",https://www.motorcyclespecs.co.za/model/bmw/bmw-r100s-willi-michel-racer.html,61,LOW,MODEL_MISMATCH
000147,BMW,R100S,R 1100RT,https://www.motorcyclespecs.co.za/model/bmw/bmw-r1100rt-95.html,61,LOW,NUMBER_MISMATCH
000147,BMW,R100S,R 1100RT,https://www.motorcyclespecs.co.za/model/bmw/bmw-r1100rt-97.html,61,LOW,NUMBER_MISMATCH
000147,BMW,R100S,R 1100RT,https://www.motorcyclespecs.co.za/model/bmw/bmw-r1100rt-98.html,61,LOW,NUMBER_MISMATCH
000147,BMW,R100S,R 1100RT,https://www.motorcyclespecs.co.za/model/bmw/bmw-r1100rt-99.html,61,LOW,NUMBER_MISMATCH
000147,BMW,R100S,R 100GS Bumble Bee,https://www.motorcyclespecs.co.za/model/bmw/bmw-r100gs-88.html,60,LOW,MODEL_MISMATCH
000147,BMW,R100S,R 100GS Paris Dakar,https://www.motorcyclespecs.co.za/model/bmw/bmw-r100gs-pd-88.html,60,LOW,MODEL_MISMATCH
000147,BMW,R100S,R 100GS Paris Dakar,https://www.motorcyclespecs.co.za/model/bmw/bmw-r100gs-pd-89.html,60,LOW,MODEL_MISMATCH
000147,BMW,R100S,R 100GS Paris Dakar,https://www.motorcyclespecs.co.za/model/bmw/bmw-r100gs-pd-93.html,60,LOW,MODEL_MISMATCH
000147,BMW,R100S,"R 100GS 
		Paris Dakar Classic",https://www.motorcyclespecs.co.za/model/bmw/bmw-r100gs-pd-classic.html,55,LOW,MODEL_MISMATCH
000147,BMW,R100S,"R nineT 100th 
Anniversary",https://www.motorcyclespecs.co.za/model/bmw/bmw-r-ninet-100th-Anniversary-23.html,54,LOW,MODEL_MISMATCH
000147,BMW,R100S,"R 100RS 
		Motorsport Special Edition",https://www.motorcyclespecs.co.za/model/bmw/bmw-r100rs-le-78..html,52,LOW,MODEL_MISMATCH
000147,BMW,R100S,R 1100S Boxer Cup Replica,https://www.motorcyclespecs.co.za/model/bmw/bmw-r1100s-boxer-cup.html,51,LOW,NUMBER_MISMATCH
000147,BMW,R100S,R 1100S Boxer Cup Replica,https://www.motorcyclespecs.co.za/model/bmw/bmw-r1100s-replica-04.html,51,LOW,NUMBER_MISMATCH
000147,BMW,R100S,R 1100RR Rally,https://www.motorcyclespecs.co.za/model/bmw/bmw-r1100gs-rally.html,50,LOW,NUMBER_MISMATCH
000147,BMW,R100S,"R 18 100th 
		Anniversary",https://www.motorcyclespecs.co.za/model/bmw/bmw-r18-100th-anniversary-23.html,47,LOW,NUMBER_MISMATCH
000147,BMW,R100S,"R 
		1100GS 75th Anniversary",https://www.motorcyclespecs.co.za/model/bmw/bmw-r1100gs-75th-anniversary.html,46,LOW,NUMBER_MISMATCH
000147,BMW,R100S,"R 
		1100R 75th Anniversary",https://www.motorcyclespecs.co.za/model/bmw/bmw-r1100r-75th-anniversary.html,46,LOW,NUMBER_MISMATCH
000147,BMW,R100S,"R 
		1100RS 75th Anniversary",https://www.motorcyclespecs.co.za/model/bmw/bmw-r1100rs-75th-anniversary.html,46,LOW,NUMBER_MISMATCH
000147,BMW,R100S,"R 
		1100RT 75th Anniversary",https://www.motorcyclespecs.co.za/model/bmw/bmw-r1100rt-75th-anniversary.html,44,LOW,NUMBER_MISMATCH
000148,BMW,R100T,R 100T,https://www.motorcyclespecs.co.za/model/bmw/bmw-r100t-78.html,95,HIGH,EXACT
000148,BMW,R100T,R 100RT,https://www.motorcyclespecs.co.za/model/bmw/bmw-r100rt-78.html,88,LOW,REVIEW
000148,BMW,R100T,R 100RT,https://www.motorcyclespecs.co.za/model/bmw/bmw-r100rt-80.html,88,LOW,REVIEW
000148,BMW,R100T,R 100RT,https://www.motorcyclespecs.co.za/model/bmw/bmw-r100rt-81.html,88,LOW,REVIEW
000148,BMW,R100T,R 100RT,https://www.motorcyclespecs.co.za/model/bmw/bmw-r100rt-84.html,88,LOW,REVIEW
000148,BMW,R100T,R 100,https://www.motorcyclespecs.co.za/model/bmw/bmw-r100-80.html,83,LOW,REVIEW
000148,BMW,R100T,R 100,https://www.motorcyclespecs.co.za/model/bmw/bmw-r100-82.html,83,LOW,REVIEW
000148,BMW,R100T,R 100R,https://www.motorcyclespecs.co.za/model/bmw/bmw-r100r-92.html,80,LOW,REVIEW
000148,BMW,R100T,R 100R,https://www.motorcyclespecs.co.za/model/bmw/bmw-r100r-94.html,80,LOW,REVIEW
000148,BMW,R100T,R 100RS,https://www.motorcyclespecs.co.za/model/bmw/bmw-r100rs-76.html,78,LOW,REVIEW
000148,BMW,R100T,R 100RS,https://www.motorcyclespecs.co.za/model/bmw/bmw-r100rs-77.html,78,LOW,REVIEW
000148,BMW,R100T,R 100RS,https://www.motorcyclespecs.co.za/model/bmw/bmw-r100rs-78.html,78,LOW,REVIEW
000148,BMW,R100T,R 100RS,https://www.motorcyclespecs.co.za/model/bmw/bmw-r100rs-80.html,78,LOW,REVIEW
000148,BMW,R100T,R 100RS,https://www.motorcyclespecs.co.za/model/bmw/bmw-r100rs-82.html,78,LOW,REVIEW
000148,BMW,R100T,R 100RS,https://www.motorcyclespecs.co.za/model/bmw/bmw-r100rs-83.html,78,LOW,REVIEW
000148,BMW,R100T,R 100S,https://www.motorcyclespecs.co.za/model/bmw/bmw-r100s-77.html,78,LOW,REVIEW
000148,BMW,R100T,R 100S,https://www.motorcyclespecs.co.za/model/bmw/bmw-r100s-78.html,78,LOW,REVIEW
000148,BMW,R100T,R 100S,https://www.motorcyclespecs.co.za/model/bmw/bmw-r100s-79.html,78,LOW,REVIEW
000148,BMW,R100T,R 100RT Mono,https://www.motorcyclespecs.co.za/model/bmw/bmw-r100rt-87.html,75,LOW,REVIEW
000148,BMW,R100T,R 100RT Mono,https://www.motorcyclespecs.co.za/model/bmw/bmw-r100rt-90.html,75,LOW,REVIEW
000148,BMW,R100T,bmw r100gs,https://www.motorcyclespecs.co.za/model/Custom/bmw-r100gs.html,74,LOW,REVIEW
000148,BMW,R100T,R 100CS,https://www.motorcyclespecs.co.za/model/bmw/bmw-r100cs-77.html,74,LOW,REVIEW
000148,BMW,R100T,R 100CS,https://www.motorcyclespecs.co.za/model/bmw/bmw-r100cs-81.html,74,LOW,REVIEW
000148,BMW,R100T,R 100CS,https://www.motorcyclespecs.co.za/model/bmw/bmw-r100cs-82.html,74,LOW,REVIEW
000148,BMW,R100T,R 100GS,https://www.motorcyclespecs.co.za/model/bmw/bmw-r100gs-87.html,74,LOW,REVIEW
000148,BMW,R100T,R 100GS,https://www.motorcyclespecs.co.za/model/bmw/bmw-r100gs-89.html,74,LOW,REVIEW
000148,BMW,R100T,R 100GS,https://www.motorcyclespecs.co.za/model/bmw/bmw-r100gs-90.html,74,LOW,REVIEW
000148,BMW,R100T,R 100GS,https://www.motorcyclespecs.co.za/model/bmw/bmw-r100gs-91.html,74,LOW,REVIEW
000148,BMW,R100T,R 100RS Turbo,https://www.motorcyclespecs.co.za/model/bmw/bmw-r100rs-turbo.html,72,LOW,REVIEW
000148,BMW,R100T,"R 
		100RT Classic",https://www.motorcyclespecs.co.za/model/bmw/bmw-r100rt-classic-95.html,70,LOW,REVIEW
000148,BMW,R100T,R 100R Mystic,https://www.motorcyclespecs.co.za/model/bmw/bmw-r100r-mystic-93.html,68,LOW,MODEL_MISMATCH
000148,BMW,R100T,R 100RS Mono,https://www.motorcyclespecs.co.za/model/bmw/bmw-r100rs-86.html,68,LOW,MODEL_MISMATCH
000148,BMW,R100T,R 100RS Mono,https://www.motorcyclespecs.co.za/model/bmw/bmw-r100rs-90.html,68,LOW,MODEL_MISMATCH
000148,BMW,R100T,R 100/7,https://www.motorcyclespecs.co.za/model/bmw/bmw-r100-7-78.html,65,LOW,NUMBER_MISMATCH
000148,BMW,R100T,"R 
		100/7",https://www.motorcyclespecs.co.za/model/bmw/bmw-r100-7.html,65,LOW,NUMBER_MISMATCH
000148,BMW,R100T,R 1100R,https://www.motorcyclespecs.co.za/model/bmw/bmw-r1100r-94.html,65,LOW,NUMBER_MISMATCH
000148,BMW,R100T,R 1100R,https://www.motorcyclespecs.co.za/model/bmw/bmw-r1100r-96.html,65,LOW,NUMBER_MISMATCH
000148,BMW,R100T,R 1100R,https://www.motorcyclespecs.co.za/model/bmw/bmw-r1100r-98.html,65,LOW,NUMBER_MISMATCH
000148,BMW,R100T,R 1100RS,https://www.motorcyclespecs.co.za/model/bmw/bmw-r1100rs-93.html,65,LOW,NUMBER_MISMATCH
000148,BMW,R100T,R 1100RS,https://www.motorcyclespecs.co.za/model/bmw/bmw-r1100rs-94.html,65,LOW,NUMBER_MISMATCH
000148,BMW,R100T,R 1100RS,https://www.motorcyclespecs.co.za/model/bmw/bmw-r1100rs-96.html,65,LOW,NUMBER_MISMATCH
000148,BMW,R100T,R 1100RS,https://www.motorcyclespecs.co.za/model/bmw/bmw-r1100rs-99.html,65,LOW,NUMBER_MISMATCH
000148,BMW,R100T,R 1100RT,https://www.motorcyclespecs.co.za/model/bmw/bmw-r1100rt-95.html,65,LOW,NUMBER_MISMATCH
000148,BMW,R100T,R 1100RT,https://www.motorcyclespecs.co.za/model/bmw/bmw-r1100rt-97.html,65,LOW,NUMBER_MISMATCH
000148,BMW,R100T,R 1100RT,https://www.motorcyclespecs.co.za/model/bmw/bmw-r1100rt-98.html,65,LOW,NUMBER_MISMATCH
000148,BMW,R100T,R 1100RT,https://www.motorcyclespecs.co.za/model/bmw/bmw-r1100rt-99.html,65,LOW,NUMBER_MISMATCH
000148,BMW,R100T,R 1100S,https://www.motorcyclespecs.co.za/model/bmw/bmw-r1100s-01.html,65,LOW,NUMBER_MISMATCH
000148,BMW,R100T,R 1100S,https://www.motorcyclespecs.co.za/model/bmw/bmw-r1100s-04.html,65,LOW,NUMBER_MISMATCH
000148,BMW,R100T,R 1100S,https://www.motorcyclespecs.co.za/model/bmw/bmw-r1100s-06.html,65,LOW,NUMBER_MISMATCH
000148,BMW,R100T,R 1100S,https://www.motorcyclespecs.co.za/model/bmw/bmw-r1100s-99.html,65,LOW,NUMBER_MISMATCH
000148,BMW,R100T,"R 100R 
		Classic",https://www.motorcyclespecs.co.za/model/bmw/bmw-r100r-classic-95.html,63,LOW,MODEL_MISMATCH
000148,BMW,R100T,R 1100GS,https://www.motorcyclespecs.co.za/model/bmw/bmw-r1100gs-94.html,62,LOW,NUMBER_MISMATCH
000148,BMW,R100T,R 1100GS,https://www.motorcyclespecs.co.za/model/bmw/bmw-r1100gs-95.html,62,LOW,NUMBER_MISMATCH
000148,BMW,R100T,R 1100GS,https://www.motorcyclespecs.co.za/model/bmw/bmw-r1100gs-96.html,62,LOW,NUMBER_MISMATCH
000148,BMW,R100T,R 1100GS,https://www.motorcyclespecs.co.za/model/bmw/bmw-r1100gs-97.html,62,LOW,NUMBER_MISMATCH
000148,BMW,R100T,R 1100GS,https://www.motorcyclespecs.co.za/model/bmw/bmw-r1100gs-98.html,62,LOW,NUMBER_MISMATCH
000148,BMW,R100T,R 100GS Paris Dakar,https://www.motorcyclespecs.co.za/model/bmw/bmw-r100gs-pd-88.html,61,LOW,MODEL_MISMATCH
000148,BMW,R100T,R 100GS Paris Dakar,https://www.motorcyclespecs.co.za/model/bmw/bmw-r100gs-pd-89.html,61,LOW,MODEL_MISMATCH
000148,BMW,R100T,R 100GS Paris Dakar,https://www.motorcyclespecs.co.za/model/bmw/bmw-r100gs-pd-93.html,61,LOW,MODEL_MISMATCH
000148,BMW,R100T,"R nineT 100th 
Anniversary",https://www.motorcyclespecs.co.za/model/bmw/bmw-r-ninet-100th-Anniversary-23.html,60,LOW,MODEL_MISMATCH
000148,BMW,R100T,R 100GS Bumble Bee,https://www.motorcyclespecs.co.za/model/bmw/bmw-r100gs-88.html,60,LOW,MODEL_MISMATCH
000148,BMW,R100T,"R 100GS 
		Paris Dakar Classic",https://www.motorcyclespecs.co.za/model/bmw/bmw-r100gs-pd-classic.html,57,LOW,MODEL_MISMATCH
000148,BMW,R100T,"R 100RS 
		Motorsport Special Edition",https://www.motorcyclespecs.co.za/model/bmw/bmw-r100rs-le-78..html,56,LOW,MODEL_MISMATCH
000148,BMW,R100T,"R 18 100th 
		Anniversary",https://www.motorcyclespecs.co.za/model/bmw/bmw-r18-100th-anniversary-23.html,53,LOW,NUMBER_MISMATCH
000148,BMW,R100T,"R 
		100S Willi Michel Racer",https://www.motorcyclespecs.co.za/model/bmw/bmw-r100s-willi-michel-racer.html,52,LOW,MODEL_MISMATCH
000148,BMW,R100T,"R 
		1100R 75th Anniversary",https://www.motorcyclespecs.co.za/model/bmw/bmw-r1100r-75th-anniversary.html,52,LOW,NUMBER_MISMATCH
000148,BMW,R100T,"R 
		1100GS 75th Anniversary",https://www.motorcyclespecs.co.za/model/bmw/bmw-r1100gs-75th-anniversary.html,51,LOW,NUMBER_MISMATCH
000148,BMW,R100T,"R 
		1100RS 75th Anniversary",https://www.motorcyclespecs.co.za/model/bmw/bmw-r1100rs-75th-anniversary.html,51,LOW,NUMBER_MISMATCH
000148,BMW,R100T,"R 
		1100RT 75th Anniversary",https://www.motorcyclespecs.co.za/model/bmw/bmw-r1100rt-75th-anniversary.html,51,LOW,NUMBER_MISMATCH
000148,BMW,R100T,R 1100RR Rally,https://www.motorcyclespecs.co.za/model/bmw/bmw-r1100gs-rally.html,50,LOW,NUMBER_MISMATCH
000148,BMW,R100T,R 1100S Boxer Cup Replica,https://www.motorcyclespecs.co.za/model/bmw/bmw-r1100s-boxer-cup.html,42,LOW,NUMBER_MISMATCH
000148,BMW,R100T,R 1100S Boxer Cup Replica,https://www.motorcyclespecs.co.za/model/bmw/bmw-r1100s-replica-04.html,42,LOW,NUMBER_MISMATCH
000149,BMW,R1100GS,R 1100GS,https://www.motorcyclespecs.co.za/model/bmw/bmw-r1100gs-94.html,95,HIGH,EXACT
000149,BMW,R1100GS,R 1100GS,https://www.motorcyclespecs.co.za/model/bmw/bmw-r1100gs-95.html,95,HIGH,EXACT
000149,BMW,R1100GS,R 1100GS,https://www.motorcyclespecs.co.za/model/bmw/bmw-r1100gs-96.html,95,HIGH,EXACT
000149,BMW,R1100GS,R 1100GS,https://www.motorcyclespecs.co.za/model/bmw/bmw-r1100gs-97.html,95,HIGH,EXACT
000149,BMW,R1100GS,R 1100GS,https://www.motorcyclespecs.co.za/model/bmw/bmw-r1100gs-98.html,95,HIGH,EXACT
000149,BMW,R1100GS,R 1100RS,https://www.motorcyclespecs.co.za/model/bmw/bmw-r1100rs-93.html,86,LOW,REVIEW
000149,BMW,R1100GS,R 1100RS,https://www.motorcyclespecs.co.za/model/bmw/bmw-r1100rs-94.html,86,LOW,REVIEW
000149,BMW,R1100GS,R 1100RS,https://www.motorcyclespecs.co.za/model/bmw/bmw-r1100rs-96.html,86,LOW,REVIEW
000149,BMW,R1100GS,R 1100RS,https://www.motorcyclespecs.co.za/model/bmw/bmw-r1100rs-99.html,86,LOW,REVIEW
000149,BMW,R1100GS,R 1100S,https://www.motorcyclespecs.co.za/model/bmw/bmw-r1100s-01.html,84,LOW,REVIEW
000149,BMW,R1100GS,R 1100S,https://www.motorcyclespecs.co.za/model/bmw/bmw-r1100s-04.html,84,LOW,REVIEW
000149,BMW,R1100GS,R 1100S,https://www.motorcyclespecs.co.za/model/bmw/bmw-r1100s-06.html,84,LOW,REVIEW
000149,BMW,R1100GS,R 1100S,https://www.motorcyclespecs.co.za/model/bmw/bmw-r1100s-99.html,84,LOW,REVIEW
000149,BMW,R1100GS,R 1100R,https://www.motorcyclespecs.co.za/model/bmw/bmw-r1100r-94.html,77,LOW,REVIEW
000149,BMW,R1100GS,R 1100R,https://www.motorcyclespecs.co.za/model/bmw/bmw-r1100r-96.html,77,LOW,REVIEW
000149,BMW,R1100GS,R 1100R,https://www.motorcyclespecs.co.za/model/bmw/bmw-r1100r-98.html,77,LOW,REVIEW
000149,BMW,R1100GS,R 1100RT,https://www.motorcyclespecs.co.za/model/bmw/bmw-r1100rt-95.html,76,LOW,REVIEW
000149,BMW,R1100GS,R 1100RT,https://www.motorcyclespecs.co.za/model/bmw/bmw-r1100rt-97.html,76,LOW,REVIEW
000149,BMW,R1100GS,R 1100RT,https://www.motorcyclespecs.co.za/model/bmw/bmw-r1100rt-98.html,76,LOW,REVIEW
000149,BMW,R1100GS,R 1100RT,https://www.motorcyclespecs.co.za/model/bmw/bmw-r1100rt-99.html,76,LOW,REVIEW
000149,BMW,R1100GS,R 1100RR Rally,https://www.motorcyclespecs.co.za/model/bmw/bmw-r1100gs-rally.html,62,LOW,MODEL_MISMATCH
000149,BMW,R1100GS,R 1100S Boxer Cup Replica,https://www.motorcyclespecs.co.za/model/bmw/bmw-r1100s-boxer-cup.html,58,LOW,MODEL_MISMATCH
000149,BMW,R1100GS,R 1100S Boxer Cup Replica,https://www.motorcyclespecs.co.za/model/bmw/bmw-r1100s-replica-04.html,58,LOW,MODEL_MISMATCH
000149,BMW,R1100GS,"R 
		1100GS 75th Anniversary",https://www.motorcyclespecs.co.za/model/bmw/bmw-r1100gs-75th-anniversary.html,56,LOW,NUMBER_MISMATCH
000149,BMW,R1100GS,"R 
		1100R 75th Anniversary",https://www.motorcyclespecs.co.za/model/bmw/bmw-r1100r-75th-anniversary.html,52,LOW,NUMBER_MISMATCH
000149,BMW,R1100GS,"R 
		1100RS 75th Anniversary",https://www.motorcyclespecs.co.za/model/bmw/bmw-r1100rs-75th-anniversary.html,52,LOW,NUMBER_MISMATCH
000149,BMW,R1100GS,"R 
		1100RT 75th Anniversary",https://www.motorcyclespecs.co.za/model/bmw/bmw-r1100rt-75th-anniversary.html,51,LOW,NUMBER_MISMATCH
000150,BMW,R1100GS ABS,R 1100GS,https://www.motorcyclespecs.co.za/model/bmw/bmw-r1100gs-94.html,75,LOW,REVIEW
000150,BMW,R1100GS ABS,R 1100GS,https://www.motorcyclespecs.co.za/model/bmw/bmw-r1100gs-95.html,75,LOW,REVIEW
000150,BMW,R1100GS ABS,R 1100GS,https://www.motorcyclespecs.co.za/model/bmw/bmw-r1100gs-96.html,75,LOW,REVIEW
000150,BMW,R1100GS ABS,R 1100GS,https://www.motorcyclespecs.co.za/model/bmw/bmw-r1100gs-97.html,75,LOW,REVIEW
000150,BMW,R1100GS ABS,R 1100GS,https://www.motorcyclespecs.co.za/model/bmw/bmw-r1100gs-98.html,75,LOW,REVIEW
000150,BMW,R1100GS ABS,R 1100S,https://www.motorcyclespecs.co.za/model/bmw/bmw-r1100s-01.html,74,LOW,REVIEW
000150,BMW,R1100GS ABS,R 1100S,https://www.motorcyclespecs.co.za/model/bmw/bmw-r1100s-04.html,74,LOW,REVIEW
000150,BMW,R1100GS ABS,R 1100S,https://www.motorcyclespecs.co.za/model/bmw/bmw-r1100s-06.html,74,LOW,REVIEW
000150,BMW,R1100GS ABS,R 1100S,https://www.motorcyclespecs.co.za/model/bmw/bmw-r1100s-99.html,74,LOW,REVIEW
000150,BMW,R1100GS ABS,R 1100RS,https://www.motorcyclespecs.co.za/model/bmw/bmw-r1100rs-93.html,71,LOW,REVIEW
000150,BMW,R1100GS ABS,R 1100RS,https://www.motorcyclespecs.co.za/model/bmw/bmw-r1100rs-94.html,71,LOW,REVIEW
000150,BMW,R1100GS ABS,R 1100RS,https://www.motorcyclespecs.co.za/model/bmw/bmw-r1100rs-96.html,71,LOW,REVIEW
000150,BMW,R1100GS ABS,R 1100RS,https://www.motorcyclespecs.co.za/model/bmw/bmw-r1100rs-99.html,71,LOW,REVIEW
000150,BMW,R1100GS ABS,R 1100RT,https://www.motorcyclespecs.co.za/model/bmw/bmw-r1100rt-95.html,65,LOW,MODEL_MISMATCH
000150,BMW,R1100GS ABS,R 1100RT,https://www.motorcyclespecs.co.za/model/bmw/bmw-r1100rt-97.html,65,LOW,MODEL_MISMATCH
000150,BMW,R1100GS ABS,R 1100RT,https://www.motorcyclespecs.co.za/model/bmw/bmw-r1100rt-98.html,65,LOW,MODEL_MISMATCH
000150,BMW,R1100GS ABS,R 1100RT,https://www.motorcyclespecs.co.za/model/bmw/bmw-r1100rt-99.html,65,LOW,MODEL_MISMATCH
000150,BMW,R1100GS ABS,R 1100RR Rally,https://www.motorcyclespecs.co.za/model/bmw/bmw-r1100gs-rally.html,64,LOW,MODEL_MISMATCH
000150,BMW,R1100GS ABS,R 1100R,https://www.motorcyclespecs.co.za/model/bmw/bmw-r1100r-94.html,64,LOW,MODEL_MISMATCH
000150,BMW,R1100GS ABS,R 1100R,https://www.motorcyclespecs.co.za/model/bmw/bmw-r1100r-96.html,64,LOW,MODEL_MISMATCH
000150,BMW,R1100GS ABS,R 1100R,https://www.motorcyclespecs.co.za/model/bmw/bmw-r1100r-98.html,64,LOW,MODEL_MISMATCH
000150,BMW,R1100GS ABS,R 1100S Boxer Cup Replica,https://www.motorcyclespecs.co.za/model/bmw/bmw-r1100s-boxer-cup.html,60,LOW,MODEL_MISMATCH
000150,BMW,R1100GS ABS,R 1100S Boxer Cup Replica,https://www.motorcyclespecs.co.za/model/bmw/bmw-r1100s-replica-04.html,60,LOW,MODEL_MISMATCH
000150,BMW,R1100GS ABS,"R 
		1100GS 75th Anniversary",https://www.motorcyclespecs.co.za/model/bmw/bmw-r1100gs-75th-anniversary.html,54,LOW,NUMBER_MISMATCH
000150,BMW,R1100GS ABS,"R 
		1100RS 75th Anniversary",https://www.motorcyclespecs.co.za/model/bmw/bmw-r1100rs-75th-anniversary.html,51,LOW,NUMBER_MISMATCH
000150,BMW,R1100GS ABS,"R 
		1100R 75th Anniversary",https://www.motorcyclespecs.co.za/model/bmw/bmw-r1100r-75th-anniversary.html,48,LOW,NUMBER_MISMATCH
000150,BMW,R1100GS ABS,"R 
		1100RT 75th Anniversary",https://www.motorcyclespecs.co.za/model/bmw/bmw-r1100rt-75th-anniversary.html,48,LOW,NUMBER_MISMATCH
000105,BMW,K75/3,NOT_FOUND,,,LOW,NOT_FOUND
000106,BMW,K75/3A,NOT_FOUND,,,LOW,NOT_FOUND
000107,BMW,K75A,NOT_FOUND,https://www.motorcyclespecs.co.za/model/bmw/bmw-k75sa-94.html,88,LOW,NOT_FOUND
000110,BMW,K75RT ABS,NOT_FOUND,https://www.motorcyclespecs.co.za/model/bmw/bmw-k75rta-94.html,81,LOW,NOT_FOUND
000112,BMW,K75S ABS,NOT_FOUND,https://www.motorcyclespecs.co.za/model/bmw/bmw-k75sa-94.html,79,LOW,NOT_FOUND
000116,BMW,M1000RR 50 Years M,NOT_FOUND,https://www.motorcyclespecs.co.za/model/bmw/bmw-m1000rr-50-years-22.html,83,LOW,NOT_FOUND
000119,BMW,R 12 G/S,NOT_FOUND,https://www.motorcyclespecs.co.za/model/bmw/bmw-r12-gs-2025.html,90,LOW,NOT_FOUND
000120,BMW,R 12 nine T,NOT_FOUND,https://www.motorcyclespecs.co.za/model/bmw/bmw-r12-nineT-2023.html,79,LOW,NOT_FOUND
000121,BMW,R 12 nineT,NOT_FOUND,https://www.motorcyclespecs.co.za/model/bmw/bmw-r12-nineT-2023.html,79,LOW,NOT_FOUND
000124,BMW,R 18 100 Years,NOT_FOUND,,,LOW,NOT_FOUND
000127,BMW,R 18 First Edition,NOT_FOUND,https://www.motorcyclespecs.co.za/model/bmw/bmw-r18-classic-first-edition-21.html,80,LOW,NOT_FOUND
000130,BMW,R 18 Transcontinental First Edition,NOT_FOUND,https://www.motorcyclespecs.co.za/model/bmw/bmw-r18-transcontinental-22.html,81,LOW,NOT_FOUND
000132,BMW,R nine T /5,NOT_FOUND,,,LOW,NOT_FOUND
000133,BMW,R nine T 100 Years,NOT_FOUND,https://www.motorcyclespecs.co.za/model/bmw/bmw-r-ninet-100th-Anniversary-23.html,75,LOW,NOT_FOUND
000138,BMW,R nine T Urban G/S 40 Years GS Edition,NOT_FOUND,https://www.motorcyclespecs.co.za/model/bmw/bmw-r-ninet-urban-gs-40th-21.html,86,LOW,NOT_FOUND
000150,BMW,R1100GS ABS,NOT_FOUND,https://www.motorcyclespecs.co.za/model/bmw/bmw-r1100gs-94.html,75,LOW,NOT_FOUND
