DIMENSION_GROUP_ID	LengthMM	WidthMM	HeightMM	DimensionSource	SourceURL
EU-ABARTH-500-312-PREFL-HATCHBACK-01	3657	1627	1485	Automobile-Catalog 2010 Abarth 500 specifications	https://www.automobile-catalog.com/car/2010/728645/abarth_500.html
EU-ABARTH-595-312-FACELIFT-HATCHBACK-01	3660	1627	1485	New Abarth 595 official technical specifications	https://www.media.stellantis.com/uploads/em/2016/ABARTH/Schde_tecniche/160607_Abarth_595_Technical-Specs_ENG.pdf
EU-ABARTH-500C-312-PREFL-CONVERTIBLE-01	3657	1627	1488	Auto-Data Abarth 500C generation specifications	https://www.auto-data.net/en/abarth-500c-generation-8152
EU-ABARTH-595C-312-FACELIFT-CONVERTIBLE-01	3660	1627	1485	New Abarth 595 official technical specifications	https://www.media.stellantis.com/uploads/em/2016/ABARTH/Schde_tecniche/160607_Abarth_595_Technical-Specs_ENG.pdf
EU-ABARTH-500E-332-HATCHBACK-01	3673	1682	1518	ADAC Abarth 500e technical data	https://www.adac.de/rund-ums-fahrzeug/autokatalog/marken-modelle/abarth/500-595-695/2generation/328228/
EU-ABARTH-500E-332-CONVERTIBLE-01	3673	1682	1518	ADAC Abarth 500e Cabrio technical data	https://www.adac.de/rund-ums-fahrzeug/autokatalog/marken-modelle/abarth/500-595-695/2generation/328231/
EU-ABARTH-600E-365-SUV-01	4187	1779	1502	Abarth 600e official technical sheet; Automobile-Catalog Abarth 600e Scorpionissima specifications	https://www.media.stellantis.com/uploads/it/model-document/abarth600e_technicalsheet-6720bb5f92145.pdf;https://www.automobile-catalog.com/car/2024/3380030/abarth_600e_scorpionissima.html
EU-ABARTH-PUNTO-199-HATCHBACK-01	4065	1726	1490	Automobile-Catalog 2014 Abarth Punto Supersport specifications	https://www.automobile-catalog.com/car/2014/1759490/abarth_punto_supersport.html
EU-ABARTH-RITMO-I-HATCHBACK-01	3937	1687	1370	Automobile-Catalog 1981 Fiat Ritmo Abarth 125 TC specifications	https://www.automobile-catalog.com/car/1981/714170/fiat_ritmo_abarth_125_tc.html
EU-AC-428-FRUA-CONVERTIBLE-01	4420	1702	1295	Automobile-Catalog 1966 AC 428 Frua Convertible specifications	https://www.automobile-catalog.com/car/1966/64805/ac_428_convertible.html
EU-AC-ACE-III-CONVERTIBLE-01	4420	1870	1300	Automobile-Catalog AC Ace 4.9L and 4.6L specifications	https://www.automobile-catalog.com/car/1995/213185/ac_ace_4_9l_v-8.html;https://www.automobile-catalog.com/car/1998/213290/ac_ace_4_6l_v-8_32v.html
EU-AC-ACECA-III-COUPE-01	4660	1890	1340	Automobile-Catalog 1998 AC Aceca 4.6L specifications	https://www.automobile-catalog.com/car/1998/213305/ac_aceca_4_6l_v-8_32v.html
EU-AC-COBRA-IV-291F-STANDARD-CONVERTIBLE-01	4115	1735	1245	Automobile-Catalog 1990 AC Cobra Mk IV specifications	https://www.automobile-catalog.com/car/1990/212960/ac_cobra_mk_iv.html
EU-AC-COBRA-IV-291F-LIGHTWEIGHT-CONVERTIBLE-01	4155	1745	1230	Auto-Data AC Cobra Mk IV Lightweight specifications	https://www.auto-data.net/en/ac-cobra-mk-iv-4.9-i-v8-lightweight-340hp-10
EU-AC-COBRA-IV-291F-COMPETITION-CONVERTIBLE-01	4115	1735	1245	Automobile-Catalog 1990 AC Cobra Mk IV Competition 5.8L specifications	https://www.automobile-catalog.com/car/1990/213050/ac_cobra_mk_iv_competition_5_8l.html
EU-AC-COBRA-IV-291N-SUPERBLOWER-CONVERTIBLE-01	4200	1745	1200	Auto-Data AC Cobra Mk IV Superblower specifications	https://www.auto-data.net/en/ac-cobra-mk-iv-4.9-i-v8-superblower-326hp-11
EU-ADDAX-MT-FLATBED-01	3590	1500	1990	Addax Motors official MT10/MT15 brochure; KOMUFA Addax MT15 vehicle data	https://www.hh-garden.be/wp-content/uploads/2020/04/Flyer_Addax_NL.pdf;https://komufa.de/addax-elektrotransporter.html?___from_store=en&___store=de
EU-ADDAX-MTN-FLATBED-01	3655	1450	1990	Addax Motors MT15n official flatbed technical sheet	https://www.addaxmotors.com/uploads/files/Technical-sheet/MT15n_Flatbed.pdf
EU-ADDAX-MTX-LWB-FLATBED-01	4165	1450	1990	ISEKI MT15x COMBI technical sheet	https://www.iseki.fr/wp-content/uploads/2022/09/MT15x_COMBI.pdf
EU-AEOLUS-YIXUAN-I-MACH-SEDAN-01	4670	1812	1490	CarNewsChina Aeolus Yixuan Mach Edition specifications	https://carnewschina.com/2022/10/29/dongfeng-aeolus-yixuan-mach-edition-launched-in-china-price-starts-at-8900-usd/
EU-AION-HYPTEC-HT-SUV-01	4935	1920	1700	GAC official HYPTEC HT specifications	https://www.gacgroup.com/en-hk/configuration/hyptec-ht/2024
EU-AION-V-II-EU-SUV-01	4605	1854	1686	GAC Europe official AION V specifications	https://www.gacgroup.com/en-eu/configuration/aion-v/2024
EU-AIWAYS-U6-SUV-01	4805	1880	1641	EV Database Aiways U6 specifications	https://ev-database.org/car/1766/Aiways-U6
EU-AIXAM-CITY-IMPULSION-HATCHBACK-01	2720	1500	1470	Aixam City and Crossline workshop manual	https://manualzz.com/doc/7220729/aixam-city-workshop-manual
EU-AIXAM-CROSSLINE-IMPULSION-HATCHBACK-01	2990	1500	1540	Aixam City and Crossline workshop manual	https://manualzz.com/doc/7220729/aixam-city-workshop-manual
EU-AIXAM-CROSSOVER-IMPULSION-HATCHBACK-01	3095	1500	1565	Aixam City Crossline and Crossover owners manual	https://www.onlymanuals.com/index.php/aixam/crossline/aixam_crossline_owners_manual_1992_1992
EU-AIXAM-D-TRUCK-I-VAN-01	3317	1500	1815	Aixam Pro D-Truck official technical specifications	https://www.aixam-pro.com/ressources/brochures/technical_specifications.pdf
EU-AIXAM-D-TRUCK-I-PICKUP-01	3272	1500	1750	Aixam Pro D-Truck official technical specifications	https://www.aixam-pro.com/ressources/brochures/technical_specifications.pdf
EU-AIXAM-D-TRUCK-I-DROPSIDE-01	3385	1500	1750	Aixam Pro D-Truck official technical specifications	https://www.aixam-pro.com/ressources/brochures/technical_specifications.pdf
EU-AIXAM-E-TRUCK-RS-VAN-01	3000	1500	1830	Aixam Germany official Pro Diesel and Electric specifications	https://aixam.de/wp-content/uploads/Aixam-Pro-Ausstattung.pdf
EU-AIXAM-E-TRUCK-RS-DROPSIDE-01	3000	1500	1750	Aixam Germany official Pro Diesel and Electric specifications	https://aixam.de/wp-content/uploads/Aixam-Pro-Ausstattung.pdf
EU-MEGA-E-SCOUTY-HATCHBACK-01	2650	1500	1480	Aixam-Mega E-Scouty official technical sheet	https://www.aixam.com/force_dl.php?fichier=ressources%2Fgammes%2Faixam_mega_escouty_ft_2025_web.pdf
EU-AIXAM-MINAUTO-II-HATCHBACK-01	2759	1500	1470	Aixam Germany official Minauto equipment sheet;Auto-Data Aixam MINAUTO II eMINAUTO specifications;Brno University of Technology small-city-vehicle frame study	https://aixam.de/wp-content/uploads/Ausstattung-Minauto.pdf;https://www.auto-data.net/en/aixam-minauto-ii-eminauto-5.44-kwh-8hp-53013;https://www.vut.cz/www_base/zav_prace_soubor_verejne.php?file_id=282856
EU-AIXAM-ROADLINE-I-HATCHBACK-01	2897	1474	1440	Motoro.ch Swiss type-approved AIXAM Roadline specifications	https://motoro.ch/en/fiche-technique/aixam/roadline
EU-AIXAM-SCOUTY-I-CONVERTIBLE-01	2674	1474	1480	Auta5P Aixam Scouty specifications;Dauto.ch Swiss type approval	https://auta5p.eu/lang/en/katalog/auto.php?idf=Aixam-Scouty-272;https://www.dauto.ch/typenscheine/aixam-scouty-gtr-6aa749-vlgl09vbac3-e2-2002-24-2002-24-0016
EU-ALFA-ROMEO-33-905-PREFL-HATCHBACK-01	4015	1612	1303	Automobile-Catalog 1983 Alfa Romeo 33 1.3 specifications	https://www.automobile-catalog.com/car/1983/214760/alfa_romeo_33_1_3.html
EU-ALFA-ROMEO-33-905-FACELIFT-HATCHBACK-01	4015	1612	1345	Automobile-Catalog 1987 Alfa Romeo 33 1.3 S specifications	https://www.automobile-catalog.com/car/1987/215000/alfa_romeo_33_1_3_s.html
EU-ALFA-ROMEO-33-907A-HATCHBACK-01	4075	1614	1350	Automobile-Catalog 1990 Alfa Romeo 33 1.5 specifications	https://www.automobile-catalog.com/car/1990/216740/alfa_romeo_33_1_5.html
EU-ALFA-ROMEO-33-907B-4X4-WAGON-01	4200	1614	1350	Auto-Data Alfa Romeo 33 Sport Wagon 1.7 16V 4x4 specifications	https://www.auto-data.net/en/alfa-romeo-33-sport-wagon-907b-1.7-16v-129hp-4x4-1393
EU-ALFA-ROMEO-145-930-PREFL-HATCHBACK-01	4093	1712	1427	Automobile-Catalog 1997 Alfa Romeo 145 1.6 Twin Spark 16V specifications	https://www.automobile-catalog.com/car/1997/218135/alfa_romeo_145_1_6_twin_spark_16v.html
EU-ALFA-ROMEO-145-930-FACELIFT-HATCHBACK-01	4061	1712	1431	Automobile-Catalog 1999 Alfa Romeo 145 1.9 JTD specifications	https://www.automobile-catalog.com/car/1999/218225/alfa_romeo_145_1_9_jtd.html
EU-ALFA-ROMEO-146-930-PREFL-HATCHBACK-01	4257	1712	1425	Automobile-Catalog 1998 Alfa Romeo 146 1.6 Twin Spark 16V specifications	https://www.automobile-catalog.com/car/1998/218180/alfa_romeo_146_1_6_twin_spark_16v.html
EU-ALFA-ROMEO-146-930-FACELIFT-HATCHBACK-01	4235	1712	1425	Automobile-Catalog 1999 Alfa Romeo 146 1.9 JTD specifications	https://www.automobile-catalog.com/car/1999/218360/alfa_romeo_146_1_9_jtd.html
EU-ALFA-ROMEO-147-937-PREFL-HATCHBACK-01	4170	1729	1442	Alfa Romeo 147 official technical specifications	https://www.media.stellantis.com/uk-en/alfa-romeo/press/new-performance-diesel-for-alfa-147
EU-ALFA-ROMEO-147-937-FACELIFT-HATCHBACK-01	4223	1729	1442	Alfa Romeo New 147 official technical specifications	https://www.media.stellantis.com/it-it/alfa-romeo/press/la-nuova-gamma-di-alfa-147
EU-ALFA-ROMEO-147-937-PREFL-LOW-HATCHBACK-01	4170	1729	1421	Alfa Romeo 147 official technical specifications	https://www.media.stellantis.com/uk-en/alfa-romeo/press/new-performance-diesel-for-alfa-147
EU-ALFA-ROMEO-147-GTA-937-HATCHBACK-01	4213	1764	1412	Alfa Romeo 147 GTA official press information; Automobile-Catalog 2003 Alfa Romeo 147 GTA specifications	https://www.media.stellantis.com/uk-en/alfa-romeo/press/alfa-romeo-147-gta-in-uk;https://www.automobile-catalog.com/car/2003/221360/alfa_romeo_147_gta.html
EU-ALFA-ROMEO-155-167-SEDAN-01	4443	1730	1425	Automobile-Catalog 1996 Alfa Romeo 155 1.6 Twin Spark 16V specifications	https://www.automobile-catalog.com/car/1996/217640/alfa_romeo_155_1_6_twin_spark_16v.html
EU-ALFA-ROMEO-156-932-PREFL-SEDAN-01	4430	1745	1415	Automobile-Catalog 1998 Alfa Romeo 156 1.6 Twin Spark specifications	https://www.automobile-catalog.com/car/1998/218735/alfa_romeo_156_1_6_twin_spark_16v.html
EU-ALFA-ROMEO-156-932-FACELIFT-SEDAN-01	4435	1743	1390	Automobile-Catalog 2005 Alfa Romeo 156 1.6 Twin Spark specifications	https://www.automobile-catalog.com/car/2005/220565/alfa_romeo_156_1_6_twin_spark_16v_impression_business__base.html
EU-ALFA-ROMEO-156-932-PREFL-WAGON-01	4430	1745	1420	Automobile-Catalog 2000 Alfa Romeo 156 Sportwagon 1.6 Twin Spark specifications	https://www.automobile-catalog.com/car/2000/218855/alfa_romeo_156_sportwagon_1_6_twin_spark_16v.html
EU-ALFA-ROMEO-156-932-FACELIFT-WAGON-01	4441	1743	1390	Automobile-Catalog 2004 Alfa Romeo 156 Sportwagon 2.4 JTD specifications	https://www.automobile-catalog.com/car/2004/220265/alfa_romeo_156_sportwagon_2_4_jtd_20v_distinctive_exclusive__lusso.html
EU-ALFA-ROMEO-156-932-Q4-WAGON-01	4441	1743	1458	Automobile-Catalog 2004 Alfa Romeo 156 Sportwagon Q4 specifications	https://www.automobile-catalog.com/car/2004/220610/alfa_romeo_156_sportwagon_q4.html
EU-ALFA-ROMEO-156-GTA-932-SEDAN-01	4430	1765	1402	Automobile-Catalog Alfa Romeo 156 GTA	https://www.automobile-catalog.com/car/2002/219980/alfa_romeo_156_gta.html
EU-ALFA-ROMEO-156-GTA-932-WAGON-01	4430	1765	1411	Automobile-Catalog Alfa Romeo 156 Sportwagon GTA	https://www.automobile-catalog.com/car/2002/219965/alfa_romeo_156_sportwagon_gta.html
EU-ALFA-ROMEO-159-939-SEDAN-01	4660	1828	1417	Stellantis Media Alfa 159	https://www.media.stellantis.com/em-en/alfa-romeo/press/alfa-159-4
EU-ALFA-ROMEO-166-936-PREFL-SEDAN-01	4720	1815	1416	Automobile-Catalog Alfa Romeo 166 2.4 JTD	https://www.automobile-catalog.com/car/1999/220730/alfa_romeo_166_2_4_jtd.html
EU-ALFA-ROMEO-166-936-FACELIFT-SEDAN-01	4720	1800	1416	Stellantis Media Revised Alfa 166	https://www.media.stellantis.com/uk-en/alfa-romeo/press/revised-alfa-166-in-the-uk
EU-ALFA-ROMEO-4C-960-COUPE-01	3989	1864	1183	Stellantis Media Alfa Romeo 4C technical specification	https://www.media.stellantis.com/uploads/uk/UK/2013/ALFA_ROMEO/PRESS/71157alf%20-TECH_SPEC.doc
EU-ALFA-ROMEO-4C-960-CONVERTIBLE-01	3989	1864	1183	Auto-Data Alfa Romeo 4C Spider	https://www.auto-data.net/en/alfa-romeo-4c-spider-1.7-240hp-tct-22095
EU-ALFA-ROMEO-ALFASUD-SPRINT-902-SERIES-1-COUPE-01	4019	1610	1305	Automobile-Catalog 1980 Alfa Romeo Alfasud Sprint 1.5	https://www.automobile-catalog.com/car/1980/35930/alfa_romeo_alfasud_sprint_1_5.html
EU-ALFA-ROMEO-SPRINT-902-FACELIFT-COUPE-01	4024	1620	1305	Automobile-Catalog 1983 Alfa Romeo Sprint 1.5	https://www.automobile-catalog.com/car/1983/214550/alfa_romeo_sprint_1_5.html
EU-ALFA-ROMEO-ARNA-920-HATCHBACK-3D-01	4000	1651	1367	Automobile-Catalog 1983 Alfa Romeo Arna 1.2 L	https://www.automobile-catalog.com/car/1983/214655/alfa_romeo_arna_1_2_l.html
EU-ALFA-ROMEO-2000-BERLINA-105-SEDAN-01	4390	1565	1430	Automobile-Catalog 1972 Alfa Romeo 2000 Berlina	https://www.automobile-catalog.com/car/1972/71840/alfa_romeo_2000_berlina.html
EU-ALFA-ROMEO-GIULIA-SPIDER-101-CONVERTIBLE-01	3900	1540	1290	Automobile-Catalog 1963 Alfa Romeo Giulia 1600 Spider Tipo 101.23	https://www.automobile-catalog.com/car/1963/214055/alfa_romeo_giulia_1600_spider_tipo_101_23.html
EU-ALFA-ROMEO-GIULIA-952-SEDAN-RWD-01	4643	1860	1436	Alfa Romeo Canada 2019 Giulia official specifications	https://www.alfaromeo.ca/documents/alfaromeo/specifications/2019-alfaromeo-giulia-specifications-en.pdf
EU-ALFA-ROMEO-GIULIA-952-SEDAN-Q4-01	4643	1860	1450	Alfa Romeo Canada 2019 Giulia official specifications	https://www.alfaromeo.ca/documents/alfaromeo/specifications/2019-alfaromeo-giulia-specifications-en.pdf
EU-ALFA-ROMEO-GIULIA-952-QUADRIFOGLIO-SEDAN-01	4639	1873	1426	Automobile-Catalog 2018 Alfa Romeo Giulia Quadrifoglio	https://www.automobile-catalog.com/car/2018/2455370/alfa_romeo_giulia_quadrifoglio.html
EU-ALFA-ROMEO-GIULIA-105-1300-SEDAN-01	4115	1560	1430	Automobile-Catalog 1965 Alfa Romeo Giulia 1300	https://www.automobile-catalog.com/car/1965/64835/alfa_romeo_giulia_1300.html
EU-ALFA-ROMEO-GIULIA-105-EARLY-SEDAN-01	4140	1560	1430	Automobile-Catalog 1962 Alfa Romeo Giulia 1600 TI	https://www.automobile-catalog.com/car/1962/55550/alfa_romeo_giulia_1600_ti.html
EU-ALFA-ROMEO-GIULIA-105-MID-SEDAN-01	4160	1560	1430	Automobile-Catalog 1967 Alfa Romeo Giulia 1600 TI	https://www.automobile-catalog.com/car/1967/1375115/alfa_romeo_giulia_1600_ti.html
EU-ALFA-ROMEO-GIULIA-105-NUOVA-SEDAN-01	4185	1560	1430	Automobile-Catalog 1976 Alfa Romeo Giulia Diesel	https://www.automobile-catalog.com/car/1976/143525/alfa_romeo_giulia_diesel.html
EU-ALFA-ROMEO-GIULIA-SPRINT-101-COUPE-01	3980	1540	1348	Automobile-Catalog 1962 Alfa Romeo Giulia 1600 Sprint	https://www.automobile-catalog.com/car/1962/214040/alfa_romeo_giulia_1600_sprint.html
EU-ALFA-ROMEO-GIULIETTA-116-SEDAN-01	4210	1650	1400	Automobile-Catalog 1983 Alfa Romeo Giulietta 1.8 L	https://www.automobile-catalog.com/car/1983/144515/alfa_romeo_giulietta_1_8_l.html
EU-ALFA-ROMEO-GIULIETTA-940-HATCHBACK-01	4351	1798	1465	Stellantis Media Alfa Romeo Giulietta technical specification	https://www.media.stellantis.com/uploads/pl/PL/2011/ALFA_ROMEO/SPECIFICATIONS/100413_AR_Giulietta_wyposazenie_TS.pdf
EU-ALFA-ROMEO-GT-937-COUPE-STANDARD-01	4489	1763	1362	Stellantis Media New Alfa GT in the UK	https://www.media.stellantis.com/uk-en/alfa-romeo/press/new-alfa-gt-in-the-uk
EU-ALFA-ROMEO-GT-937-COUPE-JTD-01	4489	1763	1366	Stellantis Media New Alfa GT in the UK	https://www.media.stellantis.com/uk-en/alfa-romeo/press/new-alfa-gt-in-the-uk
EU-ALFA-ROMEO-GT-937-COUPE-GTA-01	4489	1763	1355	Stellantis Media New Alfa GT in the UK	https://www.media.stellantis.com/uk-en/alfa-romeo/press/new-alfa-gt-in-the-uk
EU-ALFA-ROMEO-GTA-1300-JUNIOR-105-COUPE-01	4080	1580	1315	Alfa Romeo Museum GTA 1300 Junior	https://www.museoalfaromeo.com/en-us/collezione/Pages/GTA-1300-Junior-.aspx
EU-ALFA-ROMEO-GTV-916-PREFL-COUPE-01	4285	1780	1318	Automobile-Catalog 1997 Alfa Romeo GTV 3.0 V6 24V	https://www.automobile-catalog.com/car/1997/218405/alfa_romeo_gtv_3_0_v6_24v.html
EU-ALFA-ROMEO-GTV-916-FACELIFT-COUPE-01	4299	1776	1318	Automobile-Catalog 2003 Alfa Romeo GTV 2.0 JTS	https://www.automobile-catalog.com/car/2003/218660/alfa_romeo_gtv_2_0_jts_16v.html
EU-ALFA-ROMEO-ALFETTA-GTV-116-TURBODELTA-COUPE-01	4205	1660	1330	Automobile-Catalog 1980 Alfa Romeo Alfetta GTV 2000 Turbodelta	https://www.automobile-catalog.com/car/1980/144065/alfa_romeo_alfetta_gtv_2000_turbodelta.html
EU-ALFA-ROMEO-JUNIOR-I-SUV-ELETTRICA-01	4173	1781	1532	Stellantis Media Alfa Romeo Junior technical specification	https://www.media.stellantis.com/uploads/uk/model-pricelist/junior-6a27e1a856441.pdf
EU-ALFA-ROMEO-JUNIOR-I-SUV-VELOCE-01	4173	1781	1505	Stellantis Media Alfa Romeo Junior technical specification	https://www.media.stellantis.com/uploads/uk/model-pricelist/junior-6a27e1a856441.pdf
EU-ALFA-ROMEO-JUNIOR-I-SUV-IBRIDA-01	4173	1781	1539	Stellantis Media Alfa Romeo Junior technical specification	https://www.media.stellantis.com/uploads/uk/model-pricelist/junior-6a27e1a856441.pdf
EU-ALFA-ROMEO-JUNIOR-I-SUV-Q4-01	4173	1781	1544	Alfa Romeo France Junior official tariff April 2025	https://www.media.stellantis.com/uploads/fr/attachment//tarifpublicalfaromeogammemy2520250401-67ff6ae22a234.pdf
EU-ALFA-ROMEO-MITO-955-HATCHBACK-01	4063	1720	1446	Stellantis Media New Alfa MiTo MultiAir in UK	https://www.media.stellantis.com/uk-en/alfa-romeo/press/new-alfa-mito-multiair-in-uk
EU-ALFA-ROMEO-2000-SPIDER-102-CONVERTIBLE-01	4500	1660	1330	Automobile-Catalog 1958 Alfa Romeo 2000 Spider	https://www.automobile-catalog.com/car/1958/213845/alfa_romeo_2000_spider.html
EU-ALFA-ROMEO-SPIDER-105-115-SERIES-2-CONVERTIBLE-01	4120	1630	1290	Automobile-Catalog 1975 Alfa Romeo Spider Veloce 2000 Europe	https://www.automobile-catalog.com/car/1975/27245/alfa_romeo_spider_veloce_2000.html
EU-ALFA-ROMEO-SPIDER-105-115-SERIES-3-CONVERTIBLE-01	4245	1630	1290	Automobile-Catalog 1984 Alfa Romeo Spider 2.0 Europe Germany	https://www.automobile-catalog.com/car/1984/214310/alfa_romeo_spider_2_0.html
EU-ALFA-ROMEO-SPIDER-105-115-SERIES-4-CONVERTIBLE-01	4258	1630	1290	Automobile-Catalog 1990 Alfa Romeo Spider 2.0 Europe	https://www.automobile-catalog.com/car/1990/217295/alfa_romeo_spider_2_0.html
EU-ALFA-ROMEO-SPIDER-916-PREFL-CONVERTIBLE-01	4285	1780	1315	Automobile-Catalog 1997 Alfa Romeo Spider 3.0 V6	https://www.automobile-catalog.com/car/1997/218435/alfa_romeo_spider_3_0_v6.html
EU-ALFA-ROMEO-SPIDER-916-FACELIFT-CONVERTIBLE-01	4299	1776	1315	Auto-Data Alfa Romeo Spider 916 facelift 3.2 V6	https://www.auto-data.net/de/alfa-romeo-spider-916-facelift-2003-3.2-v6-240hp-1450
EU-ALFA-ROMEO-STELVIO-949-SUV-01	4687	1903	1671	Stellantis Media Alfa Romeo Stelvio First Edition	https://www.media.stellantis.com/nl-nl/alfa-romeo/press/de-alfa-romeo-stelvio-first-edition-is-nu-bestelbaar
EU-ALFA-ROMEO-TONALE-I-SUV-PHEV-PREFL-01	4528	1841	1614	Alfa Romeo Tonale MY22 official price list and technical specification	https://www.media.stellantis.com/uploads/uk/model-pricelist/316671alfaromeotonalepricelistmy23_april-644269c82fa26.pdf
EU-ALFA-ROMEO-TONALE-I-SUV-PHEV-FACELIFT-01	4522	1841	1614	Alfa Romeo Tonale official technical sheet (2025 update)	https://www.media.stellantis.com/uploads/em/attachment/12347/newtonaletechnicalsheet_1-68f118f94faf3.pdf
EU-ALFA-ROMEO-TONALE-I-SUV-STANDARD-PREFL-01	4528	1841	1601	Alfa Romeo Tonale MY22 official price list and technical specification	https://www.media.stellantis.com/uploads/uk/model-pricelist/316671alfaromeotonalepricelistmy23_april-644269c82fa26.pdf
EU-ALFA-ROMEO-TONALE-I-SUV-STANDARD-FACELIFT-01	4522	1841	1601	Alfa Romeo Tonale official technical sheet (2025 update)	https://www.media.stellantis.com/uploads/em/attachment/12347/newtonaletechnicalsheet_1-68f118f94faf3.pdf
EU-ALPINA-B10-E39-SEDAN-01	4775	1800	1415	Auto-Data Alpina B10 E39 generation specifications	https://www.auto-data.net/en/alpina-b10-e39-generation-431
EU-ALPINA-B10-E39-WAGON-01	4805	1800	1420	Auto-Data Alpina B10 Touring E39 generation specifications	https://www.auto-data.net/en/alpina-b10-touring-e39-generation-432
EU-ALPINA-B10-E34-SEDAN-01	4720	1751	1400	UltimateSpecs Alpina E34 5 Series specifications	https://www.ultimatespecs.com/car-specs/Alpina/M11356/E34-5-Series
EU-ALPINA-B10-E34-WAGON-01	4720	1751	1400	Auto-Data Alpina B10 Touring E34 generation specifications	https://www.auto-data.net/en/alpina-b10-touring-e34-generation-434
EU-ALPINA-B11-E32-SEDAN-01	4910	1845	1411	ALPINA E32 official model history; Drom Alpina B11 dimensions	https://www.alpina-automobiles.li/en/product-world/model-history/bmw-7-series/bmw-7-series-e32/;https://www.drom.ru/catalog/alpina/b11/specs/dimensions/
EU-ALPINA-B12-E31-COUPE-01	4780	1855	1330	Auto-Data Alpina B12 Coupe E31 specifications	https://www.auto-data.net/en/alpina-b12-coupe-e31-5.0-i-v12-350hp-1675
EU-ALPINA-B12-E32-SEDAN-01	4910	1845	1391	ALPINA E32 official model history; Automobile-Catalog Alpina B12 5.0 specifications	https://www.alpina-automobiles.li/en/product-world/model-history/bmw-7-series/bmw-7-series-e32/;https://www.automobile-catalog.com/car/1993/286985/alpina_b12_5_0.html
EU-ALPINA-B12-E38-SEDAN-01	4984	1862	1415	Auto-Data Alpina B12 E38 generation specifications	https://www.auto-data.net/en/alpina-b12-e38-generation-455
EU-ALPINA-B3-E30-SEDAN-2D-01	4325	1645	1355	Automobile-Catalog Alpina B3 2.7 E30 Sedan specifications	https://www.automobile-catalog.com/car/1990/286505/alpina_b3_2_7_cat.html
EU-ALPINA-B3-E30-SEDAN-4D-01	4325	1645	1355	Automobile-Catalog Alpina B3 2.7 E30 Sedan specifications	https://www.automobile-catalog.com/car/1990/286505/alpina_b3_2_7_cat.html
EU-ALPINA-B3-E30-WAGON-01	4325	1645	1355	Automobile-Catalog Alpina B3 2.7 Touring E30 specifications	https://www.automobile-catalog.com/car/1990/286595/alpina_b3_2_7_touring_cat.html
EU-ALPINA-B3-E30-CONVERTIBLE-01	4325	1645	1345	Automobile-Catalog Alpina B3 2.7 Cabrio E30 specifications	https://www.automobile-catalog.com/car/1990/286610/alpina_b3_2_7_cabrio_cat.html
EU-ALPINA-B3-E36-SEDAN-01	4433	1698	1378	Automobile-Catalog Alpina B3 3.0 E36 Sedan specifications	https://www.automobile-catalog.com/car/1994/287180/alpina_b3_3_0.html
EU-ALPINA-B3-E36-WAGON-01	4433	1698	1371	Automobile-Catalog Alpina B3 3.0 Touring E36 specifications	https://www.automobile-catalog.com/car/1995/287240/alpina_b3_3_0_touring.html
EU-ALPINA-B3-E36-CONVERTIBLE-01	4433	1710	1328	Automobile-Catalog Alpina B3 3.0 Cabrio E36 specifications	https://www.automobile-catalog.com/car/1994/287210/alpina_b3_3_0_cabrio.html
EU-ALPINA-B3-E46-SEDAN-01	4471	1739	1395	Automobile-Catalog Alpina B3 3.3 Sedan; Automobile-Catalog Alpina B3 S Sedan	https://www.automobile-catalog.com/car/2001/287855/alpina_b3_3_3.html;https://www.automobile-catalog.com/car/2004/288065/alpina_b3_s.html
EU-ALPINA-B3-E46-COUPE-01	4488	1757	1367	Automobile-Catalog Alpina B3 3.3 Coupe; Automobile-Catalog Alpina B3 S Coupe	https://www.automobile-catalog.com/car/1999/287885/alpina_b3_3_3_coupe.html;https://www.automobile-catalog.com/car/2004/288095/alpina_b3_s_coupe.html
EU-ALPINA-B3-E46-WAGON-01	4478	1739	1389	Automobile-Catalog Alpina B3 3.3 Touring; Automobile-Catalog Alpina B3 S Touring	https://www.automobile-catalog.com/car/2000/287945/alpina_b3_3_3_touring.html;https://www.automobile-catalog.com/car/2004/288155/alpina_b3_s_touring.html
EU-ALPINA-B3-E46-CONVERTIBLE-01	4488	1757	1372	Automobile-Catalog Alpina B3 3.3 Cabrio; Automobile-Catalog Alpina B3 S Cabrio	https://www.automobile-catalog.com/car/2001/288020/alpina_b3_3_3_cabrio_switch-tronic.html;https://www.automobile-catalog.com/car/2004/288125/alpina_b3_s_cabrio.html
EU-ALPINA-B3-E30-SEDAN-2D-AWD-01	4325	1662	1400	Automobile-Catalog Alpina B3 2.7 Allrad E30 Sedan specifications	https://www.automobile-catalog.com/car/1987/286625/alpina_b3_2_7_allrad_cat.html
EU-ALPINA-B3-E30-SEDAN-4D-AWD-01	4325	1662	1400	Automobile-Catalog Alpina B3 2.7 Allrad E30 Sedan specifications	https://www.automobile-catalog.com/car/1987/286625/alpina_b3_2_7_allrad_cat.html
EU-ALPINA-B3-E93-CONVERTIBLE-01	4580	1782	1395	Auto-Data Alpina B3 Cabrio E93 specifications	https://www.auto-data.net/en/alpina-b3-cabrio-e93-3.0i-biturbo-360hp-swtch-tronic-1699
EU-ALPINA-B3-F30-SEDAN-PREFL-01	4628	1811	1409	BMW ALPINA B3 BiTurbo official technical brochure	https://blog.le-parnass.com/catalogue_pdf/bmw_alpina_b3_biturbo_saloon_touring.pdf
EU-ALPINA-B3-F30-SEDAN-FACELIFT-01	4632	1811	1431	BMW ALPINA B3 S BiTurbo official technical brochure	https://i.i-sgcm.com/new_cars/cars/12239/brochures/brochure_20180129122504.pdf
EU-ALPINA-B3-F31-WAGON-PREFL-01	4628	1811	1410	BMW ALPINA B3 BiTurbo official technical brochure	https://blog.le-parnass.com/catalogue_pdf/bmw_alpina_b3_biturbo_saloon_touring.pdf
EU-ALPINA-B3-F31-WAGON-FACELIFT-01	4632	1811	1431	BMW ALPINA B3 S BiTurbo official technical brochure	https://i.i-sgcm.com/new_cars/cars/12239/brochures/brochure_20180129122504.pdf
EU-ALPINA-B3-E92-COUPE-01	4578	1782	1395	Encycarpedia Alpina B3 Biturbo Coupe E92 specifications; Encycarpedia Alpina B3 Biturbo Coupe Allrad E92 specifications	https://www.encycarpedia.com/alpina/07-b3-biturbo-coupe-e92;https://www.encycarpedia.com/alpina/08-b3-biturbo-coupe-allrad-e92
EU-ALPINA-B3-E91-WAGON-RWD-01	4541	1817	1450	Automobile-Catalog Alpina B3 Biturbo Touring specifications	https://www.automobile-catalog.com/car/2009/1186025/alpina_b3_biturbo_touring.html
EU-ALPINA-B3-E90-SEDAN-PREFL-01	4520	1817	1422	Encycarpedia Alpina B3 Biturbo E90 pre-facelift specifications	https://www.encycarpedia.com/alpina/07-b3-biturbo-e90-saloon
EU-ALPINA-B3-E90-SEDAN-FACELIFT-01	4545	1817	1422	Automobile-Catalog Alpina B3 Biturbo E90 phase II specifications	https://www.automobile-catalog.com/make/alpina/3-series_e90_e91_e92_e93_alpina/3-series_e90-2_sedan_alpina/2008.html
EU-ALPINA-B3-G21-WAGON-LCI-01	4723	1827	1438	ALPINA Automobiles B3 official technical data	https://www.alpinaautomobiles.com.au/models/b3/technical-data/
EU-ALPINA-B3-G20-SEDAN-LCI-01	4723	1827	1440	ALPINA Automobiles B3 official technical data	https://www.alpinaautomobiles.com.au/models/b3/technical-data/
EU-ALPINA-B3-E91-WAGON-AWD-01	4541	1817	1465	Automobile-Catalog Alpina B3 Biturbo Touring Allrad specifications	https://www.automobile-catalog.com/car/2008/1186040/alpina_b3_biturbo_touring_allrad.html
EU-ALPINA-B3-E90-SEDAN-AWD-01	4545	1817	1437	Encycarpedia Alpina B3 Biturbo Allrad E90 specifications	https://www.encycarpedia.com/alpina/08-b3-biturbo-allrad-e90-saloon
EU-ALPINA-B4-F32-COUPE-01	4640	1825	1373	BMW ALPINA B4 BiTurbo official technical data; BMW ALPINA B4 S BiTurbo official brochure	https://www.7-forum.com/news/2013/alpina/b4_biturbo_technische_daten.pdf;https://i.i-sgcm.com/new_cars/cars/12240/brochures/brochure_20180129030056.pdf
EU-ALPINA-B4-F33-CONVERTIBLE-01	4640	1825	1380	BMW ALPINA B4 S BiTurbo official brochure	https://i.i-sgcm.com/new_cars/cars/12240/brochures/brochure_20180129030056.pdf
EU-ALPINA-B4-G26-GRAN-COUPE-PREFL-01	4792	1850	1440	BMW ALPINA B4 Gran Coupe official press release and technical data	https://www.autoevolution.com/pdf/news_attachements/2023-alpina-b4-gran-coupe-debuts-with-more-torque-than-bmw-m4-competition-185238.pdf
EU-ALPINA-B4-G26-GRAN-COUPE-FACELIFT-01	4800	1850	1440	Auto-Data Alpina B4 Gran Coupe G26 facelift specifications	https://www.auto-data.net/en/alpina-b4-gran-coupe-g26-facelift-2024-generation-10266
EU-ALPINA-B5-E60-SEDAN-01	4841	1846	1468	BMW ALPINA B5 official sales brochure	https://www.thealpinaregister.com/downloads/brochures/alpina_b5_2005couk.pdf
EU-ALPINA-B5-E61-WAGON-01	4843	1846	1491	BMW ALPINA B5 official sales brochure	https://www.thealpinaregister.com/downloads/brochures/alpina_b5_2005couk.pdf
EU-ALPINA-B5-F11-WAGON-PREFL-01	4913	1860	1453	Auto-Data Alpina B5 Touring F11 specifications	https://www.auto-data.net/en/alpina-b5-touring-f11-generation-4040
EU-ALPINA-B5-F10-SEDAN-PREFL-01	4905	1860	1469	Auto-Data Alpina B5 Sedan F10 specifications	https://www.auto-data.net/en/alpina-b5-sedan-f10-generation-4041
EU-ALPINA-B5-F10-SEDAN-FACELIFT-01	4913	1860	1469	Auto-Data Alpina B5 Sedan F10 LCI specifications	https://www.auto-data.net/en/alpina-b5-sedan-f10-lci-facelift-2013-generation-4879
EU-ALPINA-B5-F11-WAGON-FACELIFT-01	4913	1860	1480	Auto-Data Alpina B5 Touring F11 LCI specifications	https://www.auto-data.net/en/alpina-b5-touring-f11-lci-facelift-2013-generation-4878
EU-ALPINA-B5-G30-SEDAN-PREFL-01	4956	1868	1466	BMW ALPINA B5 BiTurbo AWD official technical brochure	https://i.i-sgcm.com/new_cars/cars/11859/brochures/brochure_20180130093637.pdf
EU-ALPINA-B5-G31-WAGON-PREFL-01	4956	1868	1466	BMW ALPINA B5 BiTurbo AWD official technical brochure	https://i.i-sgcm.com/new_cars/cars/11859/brochures/brochure_20180130093637.pdf
EU-ALPINA-B5-G30-SEDAN-FACELIFT-01	4978	1868	1466	Auto-Data Alpina B5 Sedan G30 facelift specifications	https://www.auto-data.net/en/alpina-b5-sedan-g30-facelift-2020-generation-8272
EU-ALPINA-B5-G31-WAGON-FACELIFT-01	4978	1868	1466	Auto-Data Alpina B5 Touring G31 facelift specifications	https://www.auto-data.net/en/alpina-b5-touring-g31-facelift-2020-generation-8271
EU-ALPINA-B6-E21-SEDAN-01	4355	1610	1360	UltimateSpecs Alpina E21 B6 2.8 specifications	https://www.ultimatespecs.com/car-specs/Alpina/109860/Alpina-E21-3-Series-B6-28.html
EU-ALPINA-B6-E30-SEDAN-2D-01	4325	1645	1350	Automobile-Catalog Alpina B6 2.8 E30 specifications	https://www.automobile-catalog.com/car/1984/286460/alpina_b6_2_8.html
EU-ALPINA-B6-E36-SEDAN-01	4433	1698	1373	Encycarpedia Alpina B6 2.8 E36 Sedan specifications	https://www.encycarpedia.com/alpina/91-b6-2-8-e36-saloon
EU-ALPINA-B6-E30-SEDAN-2D-02	4325	1645	1355	Automobile-Catalog Alpina B6 3.5 E30 specifications	https://www.automobile-catalog.com/car/1987/286670/alpina_b6_3_5.html
EU-ALPINA-B6-E30-SEDAN-4D-01	4325	1645	1355	Automobile-Catalog Alpina B6 3.5 E30 specifications	https://www.automobile-catalog.com/car/1987/286670/alpina_b6_3_5.html
EU-ALPINA-B6-E64-CONVERTIBLE-01	4820	1855	1371	Auto-Data Alpina B6 Cabrio E64 specifications	https://www.auto-data.net/en/alpina-b6-cabrio-e64-4.4-v8-500hp-switch-tronic-1661
EU-ALPINA-B6-E63-COUPE-01	4820	1855	1371	Auto-Data Alpina B6 Coupe E63 specifications	https://www.auto-data.net/en/alpina-b6-coupe-e63-4.4-v8-500hp-1659
EU-ALPINA-B6-F13-COUPE-PREFL-01	4894	1894	1377	BMW ALPINA B6 Bi-Turbo official brochure, March 2013	https://blog.le-parnass.com/catalogue_pdf/bmw_alpina_b6_biturbo_coupe_convertible.pdf
EU-ALPINA-B6-F12-CONVERTIBLE-PREFL-01	4894	1894	1373	BMW ALPINA B6 Bi-Turbo official brochure, March 2013	https://blog.le-parnass.com/catalogue_pdf/bmw_alpina_b6_biturbo_coupe_convertible.pdf
EU-ALPINA-B6-F13-COUPE-FACELIFT-01	4894	1894	1375	BMW ALPINA B6 Bi-Turbo official brochure, March 2017	https://i.i-sgcm.com/new_cars/cars/11863/brochures/brochure_20180129033803.pdf
EU-ALPINA-B6-F12-CONVERTIBLE-FACELIFT-01	4894	1894	1371	BMW ALPINA B6 Bi-Turbo official brochure, March 2017	https://i.i-sgcm.com/new_cars/cars/11863/brochures/brochure_20180129033803.pdf
EU-ALPINA-B6-F06-GRAN-COUPE-PREFL-01	5007	1894	1392	Car and Driver 2015 BMW Alpina B6 xDrive Gran Coupe test	https://www.caranddriver.com/reviews/a15107156/2015-bmw-alpina-b6-gran-coupe-test-review/
EU-ALPINA-B6-F06-GRAN-COUPE-FACELIFT-01	5007	1894	1398	BMW Group Canada ALPINA B6 2018MY Product Guide	https://www.press.bmwgroup.com/canada/article/attachment/T0269584EN/391264
EU-ALPINA-B7-E12-SEDAN-01	4620	1690	1405	EncyCARpedia Alpina B7 Turbo E12 specifications; UltimateSpecs Alpina B7 S Turbo E12 specifications	https://www.encycarpedia.com/alpina/78-b7-turbo-e12-saloon;https://www.ultimatespecs.com/car-specs/Alpina/119631/Alpina-E12-5-Series-B7-S-Turbo.html
EU-ALPINA-B7-E24-COUPE-PREFL-01	4755	1725	1345	UltimateSpecs Alpina E24 B7 Turbo Coupé specifications	https://www.ultimatespecs.com/car-specs/Alpina/123619/Alpina-E24-6-Series-B7-Turbo-Coupe.html
EU-ALPINA-B7-E24-COUPE-FACELIFT-01	4755	1725	1345	UltimateSpecs Alpina E24/1 B7 Turbo Coupé specifications	https://www.ultimatespecs.com/car-specs/Alpina/123622/Alpina-E24-1-6-Series-B7-Turbo-Coupe.html
EU-ALPINA-B7-E28-SEDAN-01	4620	1700	1395	UltimateSpecs Alpina E28 B7 Turbo/1 specifications	https://www.ultimatespecs.com/car-specs/Alpina/119627/Alpina-E28-5-Series-B7-Turbo-1-300HP.html
EU-ALPINA-B7-E65-SEDAN-01	5029	1902	1477	UltimateSpecs Alpina E65 B7 specifications	https://www.ultimatespecs.com/car-specs/Alpina/M11388/E65-7-Series
EU-ALPINA-B7-F01-SEDAN-RWD-01	5092	1902	1485	BMW ALPINA B7 Bi-Turbo official brochure, April 2013	https://blog.le-parnass.com/catalogue_pdf/bmw_alpina_b7_biturbo_saloon.pdf
EU-ALPINA-B7-F02-SEDAN-LWB-01	5232	1902	1484	Automobile-Catalog 2014 Alpina B7 Bi-Turbo L specifications; Edmunds 2013 BMW ALPINA B7 LWB xDrive specifications	https://www.automobile-catalog.com/car/2014/1762190/alpina_b7_biturbo_l.html;https://www.edmunds.com/bmw/alpina-b7/2013/st-401657909/features-specs/
EU-ALPINA-B7-F01-SEDAN-AWD-01	5093	1902	1491	Edmunds 2014 BMW ALPINA B7 SWB xDrive specifications	https://www.edmunds.com/bmw/alpina-b7/2014/st-200491673/features-specs/
EU-ALPINA-B7-G12-SEDAN-PREFL-01	5250	1902	1491	BMW Group Canada 2018 ALPINA B7 Product Guide	https://www.press.bmwgroup.com/canada/article/attachment/T0276855EN/399017
EU-ALPINA-B7-G12-SEDAN-FACELIFT-01	5268	1902	1491	Goo-net BMW ALPINA B7 Bi-Turbo Limousine Allrad catalogue	https://www.goo-net-exchange.com/catalog/BMW_ALPINA__B7/10142951/
EU-ALPINA-B8-E36-SEDAN-01	4433	1698	1373	Auto-Data Alpina B8 E36 4.6 Sedan specifications	https://www.auto-data.net/en/alpina-b8-e36-4.6-i-v8-32v-333hp-1643
EU-ALPINA-B8-E36-WAGON-01	4433	1698	1371	UltimateSpecs Alpina E36 Touring B8 4.6 specifications	https://www.ultimatespecs.com/car-specs/Alpina/119039/Alpina-E36-3-Series-Touring-B8-46.html
EU-ALPINA-B8-E36-COUPE-01	4433	1710	1346	Auto-Data Alpina B8 E36 4.6 Coupe specifications	https://www.auto-data.net/en/alpina-b8-coupe-e36-4.6-i-v8-24v-333hp-1646
EU-ALPINA-B8-E36-CONVERTIBLE-01	4433	1710	1328	UltimateSpecs Alpina E36 Cabriolet B8 4.6 specifications	https://www.ultimatespecs.com/car-specs/Alpina/119037/Alpina-E36-3-Series-Cabriolet-B8-46.html
EU-ALPINA-B8-G16-GRAN-COUPE-PREFL-01	5092	1932	1423	BMW Group Canada MY22 ALPINA B8 Gran Coupé Product Guide	https://www.press.bmwgroup.com/canada/article/attachment/T0338596EN/486423
EU-ALPINA-B8-G16-GRAN-COUPE-FACELIFT-01	5092	1932	1428	ALPINA BMW ALPINA B8 official brochure, February 2022	https://www.alpina-automobiles.com/fileadmin/user_upload/PDF_Brochure/ALPINA_Models/2022_02_DE/B8/index.html
EU-ALPINA-B8-G16-GRAN-COUPE-GT-01	5092	1932	1428	ALPINA BMW ALPINA B8 GT official technical data	https://b8gt.alpina.de/wp-content/uploads/2025/01/BMW_ALPINA_B8_GT_Technical_Data.pdf
EU-ALPINA-C1-E30-SEDAN-2D-01	4325	1645	1380	UltimateSpecs Alpina E30 C1 2.5 2-door specifications	https://www.ultimatespecs.com/car-specs/Alpina/123088/Alpina-E30-3-Series-C1-25-2-door.html
EU-ALPINA-C1-E30-SEDAN-4D-01	4325	1645	1380	UltimateSpecs Alpina E30 C1 2.5 4-door specifications	https://www.ultimatespecs.com/car-specs/Alpina/123089/Alpina-E30-3-Series-C1-25-4-door.html
EU-ALPINA-C2-E30-CONVERTIBLE-01	4325	1645	1345	UltimateSpecs Alpina E30 Convertible C2 2.7 specifications	https://www.ultimatespecs.com/car-specs/Alpina/123092/Alpina-E30-3-Series-Convertible-C2-27-210HP.html
EU-ALPINA-C2-E30-SEDAN-2D-AWD-01	4325	1662	1380	UltimateSpecs Alpina E30 C2 2.7 2-door Allrad specifications	https://www.ultimatespecs.com/car-specs/Alpina/123406/Alpina-E30-3-Series-C2-27-2-door-Allrad.html
EU-ALPINA-D10-E39-SEDAN-01	4775	1800	1415	Automobile-Catalog 2001 Alpina D10 Biturbo specifications	https://www.automobile-catalog.com/car/2001/287735/alpina_d10_biturbo.html
EU-ALPINA-D10-E39-WAGON-01	4805	1800	1420	Automobile-Catalog 2001 Alpina D10 Biturbo Touring specifications	https://www.automobile-catalog.com/car/2001/287765/alpina_d10_biturbo_touring.html
EU-ALPINA-D3-E90-SEDAN-01	4520	1817	1413	Automobile-Catalog 2005 Alpina D3 specifications	https://www.automobile-catalog.com/car/2005/288515/alpina_d3.html
EU-ALPINA-D3-E91-WAGON-01	4520	1817	1418	Automobile-Catalog 2007 Alpina D3 Touring specifications	https://www.automobile-catalog.com/car/2007/288530/alpina_d3_touring.html
EU-ALPINA-D3-F30-SEDAN-PREFL-01	4628	1811	1428	Automobile-Catalog 2014 Alpina D3 Biturbo Limousine specifications	https://www.automobile-catalog.com/car/2014/1953200/alpina_d3_biturbo_limousine.html
EU-ALPINA-D3-F30-SEDAN-FACELIFT-01	4632	1811	1428	Automobile-Catalog 2016 Alpina D3 Biturbo Limousine specifications	https://www.automobile-catalog.com/car/2016/2501780/alpina_d3_biturbo_limousine.html
EU-ALPINA-D3-F31-WAGON-RWD-PREFL-01	4628	1811	1428	Automobile-Catalog 2014 Alpina D3 Biturbo Touring specifications	https://www.automobile-catalog.com/car/2014/1953215/alpina_d3_biturbo_touring.html
EU-ALPINA-D3-F31-WAGON-RWD-FACELIFT-01	4632	1811	1428	Automobile-Catalog 2016 Alpina D3 Biturbo Touring specifications	https://www.automobile-catalog.com/car/2016/2501825/alpina_d3_biturbo_touring.html
EU-ALPINA-D3-F31-WAGON-AWD-PREFL-01	4628	1811	1431	Automobile-Catalog 2014 Alpina D3 Biturbo Touring Allrad specifications	https://www.automobile-catalog.com/car/2014/1953230/alpina_d3_biturbo_touring_allrad.html
EU-ALPINA-D3-F31-WAGON-AWD-FACELIFT-01	4632	1811	1431	Automobile-Catalog 2016 Alpina D3 Biturbo Touring Allrad specifications	https://www.automobile-catalog.com/car/2016/2501855/alpina_d3_biturbo_touring_allrad.html
EU-ALPINA-D4-F32-COUPE-01	4640	1825	1382	Auto-Data Alpina D4 Coupe F32 specifications; Auto-Data Alpina D4 Coupe F32 facelift specifications	https://www.auto-data.net/en/alpina-d4-coupe-f32-3.0d-350hp-switch-tronic-24156;https://www.auto-data.net/en/alpina-d4-coupe-f32-facelift-2017-3.0d-350hp-switch-tronic-37428
EU-ALPINA-D4-F33-CONVERTIBLE-PREFL-01	4640	1825	1382	Auto-Data Alpina D4 Cabrio F33 specifications	https://www.auto-data.net/en/alpina-d4-cabrio-f33-3.0d-350hp-switch-tronic-24225
EU-ALPINA-D4-F33-CONVERTIBLE-FACELIFT-01	4640	1825	1378	Auto-Data Alpina D4 Cabrio F33 facelift specifications	https://www.auto-data.net/en/alpina-d4-cabrio-f33-facelift-2017-3.0d-350hp-switch-tronic-37429
EU-ALPINA-D4-G26-GRAN-COUPE-01	4792	1850	1440	BMW ALPINA D4 S Gran Coupé official brochure; Auto-Data Alpina D4 Gran Coupe G26 facelift specifications	https://www.alpina-automobiles.com/fileadmin/user_upload/PDF_Brochure/ALPINA_Models/2022_06_INT/D4_S/epaper/ausgabe.pdf;https://www.auto-data.net/en/alpina-d4-gran-coupe-g26-facelift-2024-s-3.0-355hp-mild-hybrid-awd-switch-tronic-53137
EU-ALPINA-D5-F10-SEDAN-01	4905	1860	1469	BMW ALPINA D5 Bi-Turbo official brochure, March 2013	https://blog.le-parnass.com/catalogue_pdf/bmw_alpina_d5_biturbo_saloon_touring.pdf
EU-ALPINA-D5-G30-SEDAN-PREFL-01	4956	1868	1466	BMW ALPINA D5 S official brochure, July 2017	https://blog.le-parnass.com/catalogue_pdf/bmw_alpina_d5_s201707_g.pdf
EU-ALPINA-D5-G31-WAGON-PREFL-01	4956	1868	1466	BMW ALPINA D5 S official brochure, July 2017	https://blog.le-parnass.com/catalogue_pdf/bmw_alpina_d5_s201707_g.pdf
EU-ALPINA-D5-G30-SEDAN-FACELIFT-01	4978	1868	1466	BMW ALPINA D5 S official brochure, June 2020	https://www.alpina-automobiles.com/fileadmin/user_upload/PDF_Brochure/ALPINA_Models/2020_06_INT/D5_S/epaper/BMW_ALPINA_D5S.pdf
EU-ALPINA-D5-G31-WAGON-FACELIFT-01	4978	1868	1466	BMW ALPINA D5 S official brochure, June 2020	https://www.alpina-automobiles.com/fileadmin/user_upload/PDF_Brochure/ALPINA_Models/2020_06_INT/D5_S/epaper/BMW_ALPINA_D5S.pdf
EU-ALPINA-RLE-Z1-CONVERTIBLE-01	3921	1690	1262	UltimateSpecs Alpina Z1 Roadster Limited Edition RLE specifications	https://www.ultimatespecs.com/car-specs/Alpina/123678/Alpina-Z1-Roadster-Limited-Edition-RLE.html
EU-ALPINA-ROADSTER-S-E85-CONVERTIBLE-01	4091	1781	1299	EncyCARpedia 2003 Alpina Roadster S E85 specifications	https://www.encycarpedia.com/alpina/03-z4-roadster-s-e85
EU-ALPINA-ROADSTER-V8-E52-CONVERTIBLE-01	4400	1830	1317	BMW Z8 Club Alpina Roadster V8 technical data	https://www.bmwz8club.com/en/alpina-roadster-v8/
EU-ALPINA-XB7-G07-SUV-FACELIFT-01	5178	2000	1797	Carsales 2023 Alpina XB7 specifications	https://www.carsales.com.au/research/alpina/xb7/2023/
EU-ALPINA-XD3-F25-SUV-01	4647	1901	1670	Auto-Data Alpina XD3 F25 Bi-Turbo specifications	https://www.auto-data.net/en/alpina-xd3-f25-3.0-350hp-biturbo-18316
EU-ALPINA-XD3-G01-SUV-FACELIFT-01	4715	1897	1665	ALPINA Automobiles Australia XD3 technical data	https://www.alpinaautomobiles.com.au/models/xd3/technical-data/
EU-ALPINA-XD3-G01-SUV-PREFL-01	4718	1897	1655	BMW ALPINA XD3 official brochure, September 2019	https://i.i-sgcm.com/new_cars/cars/12797/brochures/brochure_20210320115459.pdf
EU-ALPINA-XD4-G02-SUV-FACELIFT-01	4751	1927	1615	Auto-Data Alpina XD4 G02 LCI specifications	https://www.auto-data.net/en/alpina-xd4-model-2489
EU-ALPINE-A110-II-COUPE-GT-01	4181	1798	1252	Alpine A110 official brochure, April 2022	https://www.alpinecars.com/assets/docs/PL-BrochureAlpineA110_04.2022.pdf
EU-ALPINE-A110-II-COUPE-R-ULTIME-01	4258	1798	1234	Alpine A110 R Ultime official user manual	https://www.user-manual.alpinecars.com/zh-hans/node/1594
EU-ALPINE-A290-HATCHBACK-01	3990	1820	1520	Alpine A290 official launch specifications	https://media.alpinecars.com/alpine-a290-orders-now-being-taken-and-prices-for-france/?lang=eng
EU-ALPINE-A390-SUV-01	4615	1885	1530	Alpine A390 official user manual	https://www.user-manual.alpinecars.com/en/information-about-the-vehicle/dimensions-metres-0
EU-ARO-10-10-1-CONVERTIBLE-01	3835	1644	1655	Automobile-Catalog 1989 ARO 10.1 1.4 specifications	https://www.automobile-catalog.com/car/1989/1763270/aro_10_1_1_4.html
EU-ARO-24-243-SUV-PREFL-01	4140	1775	1980	Automobile-Catalog ARO 243 early body specifications	https://www.automobile-catalog.com/car/1986/51530/aro_243_d_2_7.html
EU-ARO-24-244-SUV-PREFL-01	4140	1775	1880	Automobile-Catalog 1986 ARO 244 D 2.7 specifications	https://www.automobile-catalog.com/car/1986/1762640/aro_244_d_2_7.html
EU-ARO-24-243-SUV-FACELIFT-01	4102	1775	1980	Automobile-Catalog 1991 ARO 243 D 2.5 specifications	https://www.automobile-catalog.com/car/1991/1763495/aro_243_d_2_5.html
EU-ARO-24-244-SUV-FACELIFT-01	4102	1775	1880	Automobile-Catalog 1991 ARO 244 D 2.5 specifications	https://www.automobile-catalog.com/car/1991/1763555/aro_244_d_2_5.html
EU-ARO-SPARTANA-CONVERTIBLE-01	3680	1640	1660	Automobile-Catalog 1997 ARO Spartana specifications	https://www.automobile-catalog.com/car/1997/1763930/aro_spartana.html
EU-ARTEGA-GT-COUPE-01	4015	1882	1180	Automobile-Catalog 2012 Artega GT specifications	https://www.automobile-catalog.com/car/2012/1582280/artega_gt.html
EU-ASIA-MOTORS-HI-TOPIC-AM725-MPV-01	5260	1690	2040	iCarros Asia Hi-Topic DLX 2.7 1993–1997 specifications	https://www.icarros.com.br/catalogo-zero-km/marcas/asia/hi-topic/dlx-2.7-1993-1997
EU-ASIA-MOTORS-ROCSTA-SUV-01	3585	1688	1820	Automobile-Catalog 1995 Asia Rocsta 1.8 specifications	https://www.automobile-catalog.com/car/1995/3158750/asia_rocsta_1_8_86.html
EU-ASTON-MARTIN-DB12-COUPE-01	4725	1980	1295	Aston Martin DB12 official specifications	https://www.astonmartin.com/en/models/db12
EU-ASTON-MARTIN-DB12-VOLANTE-01	4725	1980	1295	Aston Martin DB12 Volante official specifications	https://www.astonmartin.com/en/models/db12-volante
EU-ASTON-MARTIN-DB6-VANTAGE-COUPE-01	4623	1676	1384	Automobile-Catalog 1968 Aston Martin DB6 Vantage specifications	https://www.automobile-catalog.com/car/1968/34715/aston_martin_db6_vantage.html
EU-ASTON-MARTIN-DB6-VOLANTE-CONVERTIBLE-01	4623	1676	1359	Automobile-Catalog 1968 Aston Martin DB6 Volante specifications	https://www.automobile-catalog.com/car/1968/74060/aston_martin_db6_volante.html
EU-ASTON-MARTIN-DB7-VANTAGE-COUPE-01	4666	1830	1238	Automobile-Catalog 2001 Aston Martin DB7 Vantage specifications	https://www.automobile-catalog.com/car/2001/228650/aston_martin_db7_vantage.html
EU-ASTON-MARTIN-DB7-I6-VOLANTE-CONVERTIBLE-01	4646	1830	1265	Automobile-Catalog 1997 Aston Martin DB7 Volante specifications	https://www.automobile-catalog.com/car/1997/228620/aston_martin_db7_volante.html
EU-ASTON-MARTIN-DB9-COUPE-PREFL-01	4710	1875	1270	Aston Martin DB9 official brochure 2009	https://autocatalogarchive.com/wp-content/uploads/2016/07/Aston-Martin-DB9-2009.pdf
EU-ASTON-MARTIN-DB9-COUPE-FACELIFT-01	4720	1905	1282	Aston Martin DB9 13MY official specification; CarsGuide DB9 2014 dimensions	https://astonmartin.blob.core.windows.net/sitefinity/media-centre/Models/Press%20Releases/DB9.pdf;https://www.carsguide.com.au/aston-martin/db9/car-dimensions/2014
EU-ASTON-MARTIN-DB9-VOLANTE-FACELIFT-01	4720	1905	1282	Aston Martin DB9 13MY official specification; The Car Guide DB9 Volante 2014 specifications	https://astonmartin.blob.core.windows.net/sitefinity/media-centre/Models/Press%20Releases/DB9.pdf;https://www.guideautoweb.com/en/makes/aston-martin/db9/2014/specifications/volante/
EU-ASTON-MARTIN-DB9-VOLANTE-PREFL-01	4710	1875	1270	Aston Martin DB9 official brochure 2009; Aston Martins DB9 Volante 2009MY specifications	https://autocatalogarchive.com/wp-content/uploads/2016/07/Aston-Martin-DB9-2009.pdf;https://astonmartins.com/car/db9-volante-my2009/
EU-ASTON-MARTIN-DBS-770-ULTIMATE-COUPE-01	4715	1970	1285	Aston Martin DBS 770 Ultimate official brochure; Automobile-Catalog 2023 Aston Martin DBS 770 Ultimate Coupe specifications	https://www.astonmartin.com/en/models/brochures/dbs-770-ultimate-brochure;https://www.automobile-catalog.com/car/2023/3172190/aston_martin_dbs_770_ultimate_coupe.html
EU-ASTON-MARTIN-DBS-CLASSIC-I6-COUPE-01	4585	1829	1327	Automobile-Catalog 1969 Aston Martin DBS specifications	https://www.automobile-catalog.com/car/1969/74165/aston_martin_dbs.html
EU-ASTON-MARTIN-DBS-CLASSIC-V8-COUPE-01	4585	1829	1327	Automobile-Catalog 1971 Aston Martin DBS V8 specifications	https://www.automobile-catalog.com/car/1971/74225/aston_martin_dbs_v8.html
EU-ASTON-MARTIN-DBS-V12-COUPE-01	4721	1905	1280	Aston Martin DBS official brochure	https://astonmartins.com/wp-content/uploads/2013/01/AstonMartin-DBS-Brochure.pdf
EU-ASTON-MARTIN-DBS-770-ULTIMATE-VOLANTE-01	4715	1970	1295	Aston Martin DBS 770 Ultimate official brochure; Automobile-Catalog 2023 Aston Martin DBS 770 Ultimate Volante specifications	https://www.astonmartin.com/en/models/brochures/dbs-770-ultimate-brochure;https://www.automobile-catalog.com/car/2023/3172205/aston_martin_dbs_770_ultimate_volante.html
EU-ASTON-MARTIN-DBS-V12-VOLANTE-01	4721	1905	1280	Aston Martin DBS official brochure	https://astonmartins.com/wp-content/uploads/2013/01/AstonMartin-DBS-Brochure.pdf
EU-ASTON-MARTIN-DBX-SUV-01	5039	1998	1680	Auto-Data Aston Martin DBX specifications	https://www.auto-data.net/en/aston-martin-dbx-model-2759
EU-ASTON-MARTIN-DBX-S-SUV-01	5039	1998	1680	Aston Martin DBX S official specifications; Goo-net Aston Martin DBX S catalogue	https://www.astonmartin.com/en/models/dbx-s;https://www.goo-net-exchange.com/catalog/ASTON_MARTIN__DBX/10158026/
EU-ASTON-MARTIN-LAGONDA-S2-S3-SEDAN-01	5283	1816	1302	Aston Martin Lagonda official heritage specifications	https://www.astonmartin.com/en/models/past-models/lagonda
EU-ASTON-MARTIN-LAGONDA-S4-SEDAN-01	5283	1816	1302	Aston Martin Lagonda official heritage specifications; UltimateSpecs Lagonda Series 4 specifications	https://www.astonmartin.com/en/models/past-models/lagonda;https://www.ultimatespecs.com/car-specs/Aston-Martin/375/Aston-Martin-Lagonda-Series-4.html
EU-ASTON-MARTIN-LAGONDA-S3-SHOOTING-BRAKE-01	5283	1816	1302	Aston Martins Lagonda V8 Shooting Brake by Roos; Auta5P Aston Martin Lagonda Shooting Brake specifications	https://astonmartins.com/car/lagonda-v8-shooting-brake-by-roos/;https://auta5p.eu/lang/en/katalog/auto.php?idf=Aston-Martin-Lagonda-Shooting-Brake-19998
EU-ASTON-MARTIN-RAPIDE-S-HATCHBACK-01	5019	1929	1360	Aston Martin Rapide S official brochure 2013	https://autocatalogarchive.com/wp-content/uploads/2016/07/Aston-Martin-Rapide-S-2013.pdf
EU-ASTON-MARTIN-TICKFORD-CAPRI-COUPE-01	4390	1698	1346	Automobile-Catalog 1984 Ford Capri Tickford Turbo specifications	https://www.automobile-catalog.com/car/1984/929360/ford_capri_tickford_turbo.html
EU-ASTON-MARTIN-V12-SPEEDSTER-CONVERTIBLE-01	4525	1990	1195	Automobile-Catalog 2021 Aston Martin V12 Speedster specifications	https://www.automobile-catalog.com/car/2021/3313490/aston_martin_v12_speedster.html
EU-ASTON-MARTIN-AM-V8-VANTAGE-COUPE-01	4667	1829	1327	Automobile-Catalog 1978 Aston Martin V8 Vantage specifications	https://www.automobile-catalog.com/car/1978/164870/aston_martin_v8_vantage.html
EU-ASTON-MARTIN-AM-V8-VANTAGE-XPACK-COUPE-01	4667	1890	1327	Automobile-Catalog 1988 Aston Martin V8 Vantage X-Pack specifications	https://www.automobile-catalog.com/car/1988/227300/aston_martin_v8_vantage_x-pack.html
EU-ASTON-MARTIN-V8-VOLANTE-CONVERTIBLE-01	4667	1829	1370	Automobile-Catalog 1988 Aston Martin V8 Volante specifications	https://www.automobile-catalog.com/car/1988/227195/aston_martin_v8_volante.html
EU-ASTON-MARTIN-VALHALLA-COUPE-01	4748	2014	1161	Aston Martin Boston Valhalla production specifications; Motor1 Valhalla final production specifications	https://www.astonmartinboston.com/exploring-the-aston-martin-valhalla-the-future-of-hybrid-hypercars/;https://www.motor1.com/news/743877/aston-martin-valhalla-supercar-alonso/
EU-ASTON-MARTIN-VALIANT-COUPE-01	4600	2000	1250	Automobile-Catalog 2024 Aston Martin Valiant specifications	https://www.automobile-catalog.com/car/2024/3377975/aston_martin_valiant.html
EU-ASTON-MARTIN-VALKYRIE-COUPE-01	4500	1922	1070	Automobile-Catalog 2021 Aston Martin Valkyrie specifications	https://www.automobile-catalog.com/car/2021/3086090/aston_martin_valkyrie.html
EU-ASTON-MARTIN-VALOUR-COUPE-01	4599	1987	1274	Auto-Data Aston Martin Valour specifications	https://www.auto-data.net/en/aston-martin-valour-5.2-v12-715hp-52251
EU-ASTON-MARTIN-VANQUISH-2024-COUPE-01	4855	2044	1290	Aston Martin Vanquish official specifications; Car and Driver 2025 Vanquish specifications	https://www.astonmartin.com/en/models/vanquish;https://www.caranddriver.com/aston-martin/vanquish/specs/2025/aston-martin_vanquish_aston-martin-vanquish_2025
EU-ASTON-MARTIN-VANQUISH-2024-CONVERTIBLE-01	4855	2044	1295	Aston Martin Vanquish Volante official specifications; Automobile-Catalog Vanquish Volante specifications	https://www.astonmartin.com/en/models/vanquish-volante;https://www.automobile-catalog.com/car/2025/3429140/aston_martin_vanquish_volante.html
EU-ASTON-MARTIN-VANQUISH-2012-COUPE-01	4720	1912	1294	Automobile-Catalog 2013 Aston Martin Vanquish specifications	https://www.automobile-catalog.com/car/2013/1764185/aston_martin_vanquish.html
EU-ASTON-MARTIN-VANQUISH-2012-CONVERTIBLE-01	4728	1912	1294	Automobile-Catalog 2013 Aston Martin Vanquish Volante specifications	https://www.automobile-catalog.com/car/2013/1913090/aston_martin_vanquish_volante.html
EU-ASTON-MARTIN-VANQUISH-2001-COUPE-01	4665	1923	1318	Auto-Data Aston Martin V12 Vanquish specifications	https://www.auto-data.net/en/aston-martin-v12-vanquish-generation-4916
EU-ASTON-MARTIN-VANQUISH-2012-S-COUPE-01	4745	1910	1295	Automobile-Catalog 2017 Aston Martin Vanquish S specifications	https://www.automobile-catalog.com/car/2017/2515070/aston_martin_vanquish_s.html
EU-ASTON-MARTIN-VANQUISH-2012-S-CONVERTIBLE-01	4745	1910	1295	Automobile-Catalog 2017 Aston Martin Vanquish S Volante specifications	https://www.automobile-catalog.com/car/2017/2607410/aston_martin_vanquish_s_volante.html
EU-ASTON-MARTIN-VANTAGE-2005-V8-CONVERTIBLE-01	4380	1865	1265	Automobile-Catalog 2009 Aston Martin V8 Vantage Roadster specifications	https://www.automobile-catalog.com/car/2009/229220/aston_martin_v8_vantage_roadster.html
EU-ASTON-MARTIN-VANTAGE-2005-V12-CONVERTIBLE-01	4385	1865	1256	Automobile-Catalog 2012 Aston Martin V12 Vantage Roadster specifications	https://www.automobile-catalog.com/car/2012/1764140/aston_martin_v12_vantage_roadster.html
EU-ASTON-MARTIN-VANTAGE-2005-V8-COUPE-01	4380	1865	1255	Aston Martin V8 Vantage N400 brochure; Automobile-Catalog 2014 Aston Martin V8 Vantage specifications	https://autocatalogarchive.com/wp-content/uploads/2016/07/Aston-Martin-Vantage-N400-2007.pdf;https://www.automobile-catalog.com/car/2014/1437905/aston_martin_v8_vantage.html
EU-ASTON-MARTIN-VANTAGE-2005-GT8-COUPE-01	4540	1915	1250	Automobile-Catalog 2016 Aston Martin V8 Vantage GT8 specifications	https://www.automobile-catalog.com/car/2016/2515100/aston_martin_v8_vantage_gt8.html
EU-ASTON-MARTIN-VANTAGE-2005-V12-COUPE-01	4385	1865	1241	Automobile-Catalog 2010 Aston Martin V12 Vantage specifications	https://www.automobile-catalog.com/car/2010/1186325/aston_martin_v12_vantage.html
EU-ASTON-MARTIN-VANTAGE-2005-V12S-COUPE-01	4385	1865	1241	Automobile-Catalog 2013 Aston Martin V12 Vantage S Coupe specifications	https://www.automobile-catalog.com/car/2013/1912025/aston_martin_v12_vantage.html
EU-ASTON-MARTIN-VANTAGE-2005-V12S-CONVERTIBLE-01	4385	1865	1260	Automobile-Catalog 2015 Aston Martin V12 Vantage S Roadster specifications	https://www.automobile-catalog.com/car/2015/2071070/aston_martin_v12_vantage_s_roadster.html
EU-ASTON-MARTIN-VANTAGE-2018-V12-COUPE-01	4514	1982	1274	Automobile-Catalog 2022 Aston Martin V12 Vantage Coupe specifications	https://www.automobile-catalog.com/car/2022/3086015/aston_martin_v12_vantage.html
EU-ASTON-MARTIN-VANTAGE-2018-V12-CONVERTIBLE-01	4514	1982	1274	Automobile-Catalog 2022 Aston Martin V12 Vantage Roadster specifications	https://www.automobile-catalog.com/car/2022/3172355/aston_martin_v12_vantage_roadster.html
EU-ASTON-MARTIN-VANTAGE-2005-V12-AMR-COUPE-01	4385	1865	1250	CarsGuide 2017 Aston Martin V12 Vantage AMR dimensions; Car and Driver 2017 V12 Vantage S exterior dimensions	https://www.carsguide.com.au/aston-martin/v12/car-dimensions/2017;https://www.caranddriver.com/aston-martin/vantage/specs/2017/aston-martin_vantage_aston-martin-v12-vantage-coupe_2017
EU-ASTON-MARTIN-VANTAGE-2018-COUPE-01	4465	1942	1274	Automobile-Catalog 2021 Aston Martin Vantage Coupe specifications	https://www.automobile-catalog.com/car/2021/2616650/aston_martin_vantage.html
EU-ASTON-MARTIN-VANTAGE-2018-CONVERTIBLE-01	4465	1942	1274	Automobile-Catalog 2021 Aston Martin Vantage Roadster specifications	https://www.automobile-catalog.com/car/2021/2920340/aston_martin_vantage_roadster.html
EU-ASTON-MARTIN-VANTAGE-2024-COUPE-01	4495	1980	1275	Aston Martin Vantage official specifications	https://www.astonmartin.com/en-gb/models/vantage-coupe
EU-ASTON-MARTIN-VANTAGE-2024-CONVERTIBLE-01	4495	1980	1275	Aston Martin Vantage Roadster official specifications	https://www.astonmartin.com/en-gb/models/vantage-roadster
EU-ASTON-MARTIN-VIRAGE-LIMITED-EDITION-COUPE-01	4745	1920	1330	Automobile-Catalog 1994 Aston Martin Virage Limited Edition Coupe specifications	https://www.automobile-catalog.com/car/1994/228095/aston_martin_virage_limited_edition_coupe.html
EU-ASTON-MARTIN-VIRAGE-LAGONDA-SEDAN-01	5055	1895	1360	Automobile-Catalog 1993 Aston Martin Lagonda Saloon 5.3 specifications; Automobile-Catalog 1994 Aston Martin Lagonda Saloon 6.3 specifications	https://www.automobile-catalog.com/car/1993/228185/aston_martin_lagonda_saloon_automatic.html;https://www.automobile-catalog.com/car/1994/228230/aston_martin_lagonda_saloon_6_3_automatic.html
EU-ASTON-MARTIN-VIRAGE-1989-SHOOTING-BRAKE-01	4745	1855	1320	Automobile-Catalog 1993 Aston Martin Virage Shooting Brake specifications; EncyCARpedia 1992 Virage Shooting Brake specifications	https://www.automobile-catalog.com/car/1993/227870/aston_martin_virage_shooting_brake.html;https://www.encycarpedia.com/aston-martin/92-virage-shooting-brake-estate
EU-ASTON-MARTIN-VIRAGE-LAGONDA-WAGON-01	5055	1905	1360	Automobile-Catalog 1994 Aston Martin Lagonda Shooting Brake 6.3 specifications	https://www.automobile-catalog.com/car/1994/228275/aston_martin_lagonda_shooting_brake_6_3.html
EU-ASTON-MARTIN-VIRAGE-1989-COUPE-01	4745	1856	1320	Automobile-Catalog 1993 Aston Martin Virage specifications	https://www.automobile-catalog.com/car/1993/227735/aston_martin_virage_automatic.html
EU-ASTON-MARTIN-VIRAGE-VANTAGE-1993-COUPE-01	4745	1924	1330	Automobile-Catalog 1993 Aston Martin Virage Vantage specifications	https://www.automobile-catalog.com/car/1993/228320/aston_martin_virage_vantage.html
EU-ASTON-MARTIN-VIRAGE-1989-CONVERTIBLE-01	4745	1856	1320	Automobile-Catalog 1993 Aston Martin Virage Volante specifications	https://www.automobile-catalog.com/car/1993/227795/aston_martin_virage_volante.html
EU-ASTON-MARTIN-VIRAGE-1989-CONVERTIBLE-WIDEBODY-01	4745	1905	1320	Automobile-Catalog 1993 Aston Martin Virage Volante 6.3 specifications	https://www.automobile-catalog.com/car/1993/228020/aston_martin_virage_volante_6_3.html
EU-ASTON-MARTIN-V8-ZAGATO-COUPE-01	4390	1860	1295	AstonMartins.com V8 Vantage Zagato specifications; Automobile-Catalog 1988 Vantage Zagato specifications	https://astonmartins.com/car/v8-vantage-zagato/;https://www.automobile-catalog.com/car/1988/53795/aston_martin_vantage_zagato.html
EU-ASTON-MARTIN-V8-ZAGATO-CONVERTIBLE-01	4480	1860	1300	Automobile-Catalog 1988 Aston Martin Volante Zagato specifications	https://www.automobile-catalog.com/car/1988/54935/aston_martin_volante_zagato.html
EU-AUDI-60-F103-WAGON-01	4380	1626	1456	Automobile-Catalog 1969 Audi 60 Variant specifications	https://www.automobile-catalog.com/car/1969/74465/audi_60_variant.html
EU-AUDI-80-B2-SEDAN-PREFL-01	4383	1682	1365	Automobile-Catalog 1979 Audi 80 1.3 specifications	https://www.automobile-catalog.com/car/1979/34805/audi_80_1_3.html
EU-AUDI-80-B3-SEDAN-PHASE1-01	4393	1695	1397	Automobile-Catalog 1987 Audi 80 1.6 specifications	https://www.automobile-catalog.com/car/1987/234845/audi_80_1_6_automatic.html
EU-AUDI-80-B2-SEDAN-FACELIFT-01	4406	1682	1365	Automobile-Catalog 1984 Audi 80 1.6 CC specifications	https://www.automobile-catalog.com/car/1984/230975/audi_80_1_6_cc.html
EU-AUDI-80-B3-SEDAN-PHASE2-01	4403	1695	1397	Automobile-Catalog 1991 Audi 80 1.6 specifications	https://www.automobile-catalog.com/car/1991/235445/audi_80_1_6_cat.html
EU-AUDI-80-B4-WAGON-01	4482	1695	1408	Automobile-Catalog 1992 Audi 80 Avant 2.0 E specifications	https://www.automobile-catalog.com/car/1992/236720/audi_80_avant_2_0_e.html
EU-AUDI-80-B2-GTE-SEDAN-01	4406	1682	1345	Automobile-Catalog 1984 Audi 80 GTE specifications	https://www.automobile-catalog.com/car/1984/50645/audi_80_gte.html
EU-AUDI-80-B4-SEDAN-01	4482	1695	1406	Automobile-Catalog 1992 Audi 80 16V specifications	https://www.automobile-catalog.com/car/1992/236480/audi_80_16v.html
EU-AUDI-90-B2-SEDAN-2WD-01	4465	1682	1365	Automobile-Catalog 1986 Audi 90 2.0 E specifications	https://www.automobile-catalog.com/car/1986/51500/audi_90_2_0_e.html
EU-AUDI-90-B3-SEDAN-STANDARD-01	4393	1695	1397	Automobile-Catalog 1987 Audi 90 2.2 E specifications	https://www.automobile-catalog.com/car/1987/235670/audi_90_2_2_e.html
EU-AUDI-90-B3-20V-SEDAN-2WD-01	4393	1695	1371	Automobile-Catalog 1988 Audi 90 20V specifications	https://www.automobile-catalog.com/car/1988/235790/audi_90_20v.html
EU-AUDI-90-B3-20V-SEDAN-QUATTRO-01	4393	1695	1372	Automobile-Catalog 1988 Audi 90 Quattro 20V catalyst specifications	https://www.automobile-catalog.com/car/1988/235775/audi_90_quattro_20v_cat.html
EU-AUDI-90-B2-SEDAN-QUATTRO-01	4465	1682	1376	Automobile-Catalog 1986 Audi 90 Quattro specifications	https://www.automobile-catalog.com/car/1986/52850/audi_90_quattro.html
EU-AUDI-100-C3-SEDAN-PREFL-01	4793	1814	1422	Automobile-Catalog 1987 Audi 100 1.8 specifications	https://www.automobile-catalog.com/car/1987/232610/audi_100_1_8_5-speed.html
EU-AUDI-100-C3-SEDAN-FACELIFT-01	4793	1814	1421	Automobile-Catalog 1989 Audi 100 1.8 specifications	https://www.automobile-catalog.com/car/1989/233045/audi_100_1_8.html
EU-AUDI-100-C3-WAGON-PREFL-01	4793	1814	1422	Automobile-Catalog 1987 Audi 100 Avant 2.2 E specifications	https://www.automobile-catalog.com/car/1987/232430/audi_100_avant_2_2_e_cc_automatic.html
EU-AUDI-100-C3-WAGON-FACELIFT-01	4793	1814	1421	Automobile-Catalog 1989 Audi 100 Avant 1.8 specifications	https://www.automobile-catalog.com/car/1989/233495/audi_100_avant_1_8.html
EU-AUDI-100-C2-SEDAN-01	4683	1768	1390	Automobile-Catalog 1981 Audi 100 C Diesel specifications	https://www.automobile-catalog.com/car/1981/167345/audi_100_c_diesel.html
EU-AUDI-100-C4-SEDAN-01	4790	1777	1431	Automobile-Catalog 1992 Audi 100 2.0 16V specifications	https://www.automobile-catalog.com/car/1992/238700/audi_100_2_0_16v.html
EU-AUDI-200-C2-SEDAN-01	4695	1768	1390	Automobile-Catalog 1980 Audi 200 5T specifications	https://www.automobile-catalog.com/car/1980/167870/audi_200_5t.html
EU-AUDI-200-C3-SEDAN-PREFL-01	4807	1814	1422	Automobile-Catalog 1983 Audi 200 specifications	https://www.automobile-catalog.com/car/1983/254780/audi_200.html
EU-AUDI-200-C3-SEDAN-FACELIFT-01	4793	1814	1421	Automobile-Catalog 1989 Audi 200 Turbo specifications	https://www.automobile-catalog.com/car/1989/234140/audi_200_turbo_automatic.html
EU-AUDI-200-C3-WAGON-PREFL-01	4807	1814	1422	Sauto Audi 200 Avant 2.3 specifications	https://www.sauto.cz/katalog-modelu/41-audi/500-200/1080-200-avant-c3-typ-4444q/4283-24
EU-AUDI-200-C3-WAGON-FACELIFT-01	4793	1814	1421	Automobile-Catalog 1990 Audi 200 Avant Turbo specifications	https://www.automobile-catalog.com/car/1990/234110/audi_200_avant_turbo_quattro_cat.html
EU-AUDI-A1-8X-HATCHBACK-FACELIFT-01	3973	1740	1416	Automobile-Catalog 2015 Audi A1 1.0 TFSI specifications	https://www.automobile-catalog.com/car/2015/2170865/audi_a1_1_0_tfsi_ultra_95.html
EU-AUDI-A1-8X-SPORTBACK-FACELIFT-01	3973	1746	1422	Automobile-Catalog 2015 Audi A1 Sportback 1.0 TFSI specifications	https://www.automobile-catalog.com/car/2015/2170910/audi_a1_sportback_1_0_tfsi_ultra_95_s-tronic.html
EU-AUDI-A1-8X-SPORTBACK-PREFL-01	3954	1746	1422	Audi UK A1 Sportback 1.2 TFSI technical data	https://press.audi.co.uk/assets/documents/original/9692-AudiUK00000044A1Sportback12TFSITechnical.pdf
EU-AUDI-A1-8X-HATCHBACK-PREFL-01	3954	1740	1416	Audi UK A1 1.4 TFSI technical data	https://press.audi.co.uk/assets/documents/original/9526-AudiUK00000108A114TFSIStronic119g.pdf
EU-AUDI-A1-8X-HATCHBACK-QUATTRO-01	3987	1740	1416	Automobile-Catalog Audi A1 quattro 2012	https://www.automobile-catalog.com/car/2012/1588895/audi_a1_quattro.html
EU-AUDI-A1-GB-ALLSTREET-01	4046	1756	1459	Audi MediaCenter A1 allstreet dimensions	https://www.audi-mediacenter.com/de/publikationen/abmessungen/abmessungen-a1-allstreet-1381/download
EU-AUDI-A1-GB-SPORTBACK-01	4029	1740	1409	Audi MediaCenter A1 Sportback dimensions	https://www.audi-mediacenter.com/en/publications/dimensions/dimensions-a1-sportback-1382/download
EU-AUDI-A1-8X-S1-HATCHBACK-3D-01	3975	1740	1417	Audi UK S1 quattro technical data	https://press.audi.co.uk/assets/documents/original/9866-AudiUK00016114AudiS1quattro231PSTechnical.pdf
EU-AUDI-A1-8X-S1-SPORTBACK-5D-01	3975	1746	1423	Audi UK A1 and S1 pricing guide	https://press.audi.co.uk/assets/documents/original/9533-AudiUK00016267AudiA1PricingandSpecification.pdf
EU-AUDI-A2-8Z-HATCHBACK-01	3826	1673	1553	AudiWorld Audi A2 specifications	https://www.audiworld.com/model/a2/specs.shtml
EU-AUDI-A3-8L-HATCHBACK-01	4152	1735	1427	AudiWorld Audi A3 specifications	https://www.audiworld.com/model/a3/specs.shtml
EU-AUDI-A3-8P-HATCHBACK-PREFL-01	4203	1765	1421	Audi UK Technical Data - Audi A3 1.6	https://press.audi.co.uk/assets/documents/original/10210-AudiUK00001056A316TechnicalSpecification.pdf
EU-AUDI-A3-8P-HATCHBACK-FACELIFT-2005-01	4214	1765	1421	Automobile-Catalog 2005 Audi A3 1.6	https://www.automobile-catalog.com/car/2005/250835/audi_a3_1_6.html
EU-AUDI-A3-8P-HATCHBACK-FACELIFT-2008-01	4238	1765	1421	Audi UK Technical Data - Audi A3 1.4 TFSI	https://press.audi.co.uk/assets/documents/original/10237-AudiUK00000233A314TFSITechnicalData.pdf
EU-AUDI-A3-8PA-SPORTBACK-PREFL-01	4286	1765	1423	Auto-Data Audi A3 Sportback 8PA	https://www.auto-data.net/en/audi-a3-sportback-8pa-generation-1067
EU-AUDI-A3-8PA-SPORTBACK-FACELIFT-2008-01	4292	1765	1423	Audi UK Technical Data - Audi A3 Sportback 1.6	https://press.audi.co.uk/assets/documents/original/10794-AudiUK00000232A3Sportback16Technical.pdf
EU-AUDI-A3-8P7-CABRIOLET-FACELIFT-2008-01	4238	1765	1424	Auto-Data Audi A3 Cabriolet 8P facelift 2008	https://www.auto-data.net/en/audi-a3-cabriolet-8p-facelift-2008-generation-1068
EU-AUDI-A3-8V-HATCHBACK-PREFL-01	4237	1777	1421	Audi UK A3 1.4 TFSI technical data	https://press.audi.co.uk/assets/documents/original/10684-AudiUK00000033A314TFSI122PSTechnical.pdf
EU-AUDI-A3-8V-HATCHBACK-FACELIFT-01	4241	1777	1424	Audi UK A3 and S3 pricing and specification guide	https://press.audi.co.uk/assets/documents/original/10695-AudiUK00001699AudiA3andS33doorand.pdf
EU-AUDI-A3-8V-SPORTBACK-PREFL-01	4310	1785	1425	Audi UK A3 Sportback 1.4 TFSI technical data	https://press.audi.co.uk/assets/documents/original/11085-AudiUK00000020A3Sportback14TFSI122PS.pdf
EU-AUDI-A3-8V-SPORTBACK-FACELIFT-01	4313	1785	1426	Audi UK A3 and S3 pricing and specification guide	https://press.audi.co.uk/assets/documents/original/10695-AudiUK00001699AudiA3andS33doorand.pdf
EU-AUDI-A3-8V-SEDAN-PREFL-01	4456	1796	1416	Audi UK A3 and S3 Saloon range pricing guide	https://press.audi.co.uk/assets/documents/original/11593-AudiUK00000347AudiA3andS3Saloonrange.pdf
EU-AUDI-A3-8V-SEDAN-FACELIFT-01	4458	1796	1416	Audi UK A3 and S3 Saloon pricing guide	https://press.audi.co.uk/assets/documents/original/11602-AudiUK00016439AudiA3andS3SaloonPricing.pdf
EU-AUDI-A3-8V-CABRIOLET-PREFL-01	4421	1793	1409	Audi UK A3 and S3 Cabriolet pricing guide	https://press.audi.co.uk/assets/documents/original/11383-AudiUK00000353AudiA3andS3Cabriolet.pdf
EU-AUDI-A3-8V-CABRIOLET-FACELIFT-01	4423	1793	1409	Audi UK A3 and S3 Cabriolet pricing guide	https://press.audi.co.uk/assets/documents/original/11398-AudiUK00019076AudiA3andS3Cabriolet.pdf
EU-AUDI-A3-8V-SPORTBACK-ETRON-PREFL-01	4312	1785	1424	Audi UK A3 Sportback e-tron press information	https://press.audi.co.uk/assets/documents/original/11271-AudiUK00000441A3SportbacketronFullUK.pdf
EU-AUDI-A3-8V-SPORTBACK-ETRON-FACELIFT-01	4311	1785	1426	Audi UK A3 and S3 pricing and specification guide	https://press.audi.co.uk/assets/documents/original/10695-AudiUK00001699AudiA3andS33doorand.pdf
EU-AUDI-A3-8Y-SEDAN-FACELIFT-2024-01	4504	1816	1417	Auto-Data Audi A3 Sedan 8Y facelift 2024 technical specifications	https://www.auto-data.net/en/audi-a3-sedan-8y-facelift-2024-35-tfsi-150hp-52194
EU-AUDI-A3-8Y-SPORTBACK-FACELIFT-2024-01	4352	1816	1441	Auto-Data Audi A3 Sportback 8Y facelift 2024 technical specifications	https://www.auto-data.net/en/audi-a3-sportback-8y-facelift-2024-35-tfsi-150hp-52191
EU-AUDI-A3-8Y-SPORTBACK-PREFL-01	4343	1816	1449	Auto-Data Audi A3 Sportback 8Y 35 TDI technical specifications	https://www.auto-data.net/en/audi-a3-sportback-8y-35-tdi-150hp-49020
EU-AUDI-A3-8Y-SEDAN-PREFL-01	4495	1816	1425	Auto-Data Audi A3 Sedan 8Y 35 TFSI technical specifications	https://www.auto-data.net/en/audi-a3-sedan-8y-35-tfsi-150hp-39703
EU-AUDI-A3-8Y-SPORTBACK-PHEV-FACELIFT-2024-01	4352	1816	1451	Auto-Data Audi A3 Sportback 8Y facelift 2024 40 TFSI e technical specifications	https://www.auto-data.net/en/audi-a3-sportback-8y-facelift-2024-40-tfsi-e-204hp-plug-in-hybrid-s-tronic-52953
EU-AUDI-A3-8Y-SPORTBACK-PHEV-PREFL-01	4343	1816	1458	Auto-Data Audi A3 Sportback 8Y 40 TFSI e technical specifications	https://www.auto-data.net/en/audi-a3-sportback-8y-40-tfsi-e-204hp-plug-in-hybrid-s-tronic-41343
EU-AUDI-A3-8PA-RS3-SPORTBACK-01	4302	1794	1402	Audi UK RS 3 Sportback Technical Data	https://press.audi.co.uk/assets/documents/original/12016-AudiUK00000104RS3SportbackTechnicalData.pdf
EU-AUDI-A3-8VA-RS3-SPORTBACK-PREFL-01	4343	1800	1411	Audi UK RS 3 Sportback Technical Data	https://press.audi.co.uk/assets/documents/original/12064-AudiUK00000312AudiRS3Sportback25.pdf
EU-AUDI-A3-8VF-RS3-SPORTBACK-FACELIFT-01	4335	1800	1411	Audi UK RS 3 Sportback Technical Data	https://press.audi.co.uk/assets/documents/original/12143-AudiUK00018633AudiRS3Sportback25.pdf
EU-AUDI-A3-8VM-RS3-SEDAN-FACELIFT-01	4479	1802	1397	Audi UK RS 3 Saloon Technical Data	https://press.audi.co.uk/assets/documents/original/12241-AudiUK00017565AudiRS3SaloonTechnical.pdf
EU-AUDI-A3-8Y-RS3-SEDAN-PREFL-01	4542	1851	1412	Audi MediaCenter RS 3 Sedan technical data	https://www.audi-mediacenter.com/system/production/car_motorizations/468/file_en/1d135b0858d0dbde3c70b0690ae8652197730017/eTD-Audi-RS3-Sedan-TFSI_231027.pdf?1698933729=&disposition=attachment
EU-AUDI-A3-8Y-RS3-SPORTBACK-PREFL-01	4389	1851	1436	Audi MediaCenter RS 3 Sportback technical data	https://www.audi-mediacenter.com/system/production/car_motorizations/241/file_en/28776b93cf213d6a3c2e4336e62484200208389e/eTD-Audi-RS3-Sportback-TFSI_231027.pdf?1698933692=&disposition=attachment
EU-AUDI-A3-8L-S3-HATCHBACK-01	4159	1763	1415	Audi UK S3 225bhp Technical Specification	https://press.audi.co.uk/assets/documents/original/11660-AudiUK00001906S3225bhpTechnicalSpecification.pdf
EU-AUDI-A3-8VS-S3-SEDAN-PREFL-01	4469	1796	1392	Auto-Data Audi S3 Sedan 8V technical specifications	https://www.auto-data.net/en/audi-s3-sedan-8v-generation-4080
EU-AUDI-A3-8VM-S3-SEDAN-FACELIFT-01	4466	1796	1392	Auto-Data Audi S3 Sedan 8V facelift 2016 technical specifications	https://www.auto-data.net/en/audi-s3-sedan-8v-facelift-2016-generation-4780
EU-AUDI-A3-8V-S3-HATCHBACK-PREFL-01	4254	1777	1401	Auto-Data Audi S3 8V technical specifications	https://www.auto-data.net/en/audi-s3-8v-generation-3991
EU-AUDI-A3-8VA-S3-SPORTBACK-PREFL-01	4324	1785	1404	Auto-Data Audi S3 Sportback 8V technical specifications	https://www.auto-data.net/en/audi-s3-sportback-8v-generation-4017
EU-AUDI-A3-8VF-S3-SPORTBACK-FACELIFT-01	4322	1785	1404	Auto-Data Audi S3 Sportback 8V facelift 2016 technical specifications	https://www.auto-data.net/en/audi-s3-sportback-8v-facelift-2016-generation-4782
EU-AUDI-A3-8V7-S3-CABRIOLET-PREFL-01	4434	1793	1388	Auto-Data Audi S3 Cabriolet 8V technical specifications	https://www.auto-data.net/en/audi-s3-cabriolet-8v-generation-4638
EU-AUDI-A3-8VE-S3-CABRIOLET-FACELIFT-01	4431	1793	1388	Auto-Data Audi S3 Cabriolet 8V facelift 2016 technical specifications	https://www.auto-data.net/en/audi-s3-cabriolet-8v-facelift-2016-generation-4779
EU-AUDI-A3-8V-S3-HATCHBACK-FACELIFT-01	4252	1777	1401	Auto-Data Audi S3 8V facelift 2016 technical specifications	https://www.auto-data.net/en/audi-s3-8v-facelift-2016-generation-4781
EU-AUDI-A3-8Y-S3-SPORTBACK-FACELIFT-2024-01	4352	1816	1415	Audi MediaCenter S3 Sportback technical data, status 09/24/2024; base technical-data values	https://uploads.audi-mediacenter.com/system/production/car_motorizations/1379/file_en/e2281ed9fb8afcc729639afaf68c9f7dd649d659/eTD-Audi-S3-Sportback-TFSI_240924.pdf?1729259375=
EU-AUDI-A3-8Y-S3-SEDAN-FACELIFT-2024-01	4504	1816	1391	Audi MediaCenter S3 Sedan technical data, status 09/24/2024; base technical-data values	https://uploads.audi-mediacenter.com/system/production/car_motorizations/1379/file_en/e2281ed9fb8afcc729639afaf68c9f7dd649d659/eTD-Audi-S3-Sedan-TFSI_240924.pdf?1737969115=
EU-AUDI-A4-ALLROAD-B8-8KH-WAGON-FACELIFT-01	4721	1841	1495	Audi UK Technical Data – Audi A4 allroad quattro 2.0 TDI	https://press.audi.co.uk/assets/documents/original/14326-AudiUK00000198A4allroad20TDIquattro.pdf
EU-AUDI-A4-ALLROAD-B9-8WH-WAGON-PREFL-01	4750	1842	1493	Automobile-Catalog 2017 Audi A4 allroad quattro specifications	https://www.automobile-catalog.com/car/2017/2325860/audi_a4_allroad_2_0_tdi_163_quattro_s-tronic.html
EU-AUDI-A4-ALLROAD-B9-8WH-WAGON-FACELIFT-01	4762	1847	1493	Automobile-Catalog 2020 Audi A4 allroad quattro specifications	https://www.automobile-catalog.com/car/2020/2913425/audi_a4_allroad_quattro_40_tdi.html
EU-AUDI-A4-B5-SEDAN-4D-01	4479	1733	1415	Automobile-Catalog 2000 Audi A4 1.6 specifications	https://www.automobile-catalog.com/car/2000/241835/audi_a4_1_6.html
EU-AUDI-A4-B5-S4-SEDAN-01	4483	1733	1396	Automobile-Catalog 1999 Audi S4 specifications	https://www.automobile-catalog.com/car/1999/242705/audi_s4.html
EU-AUDI-A4-B5-8D5-AVANT-WAGON-01	4479	1733	1417	Automobile-Catalog 2000 Audi A4 Avant 1.9 TDI specifications	https://www.automobile-catalog.com/car/2000/242525/audi_a4_avant_1_9_tdi_115.html
EU-AUDI-A4-B5-RS4-AVANT-WAGON-01	4525	1799	1386	Automobile-Catalog 2000 Audi RS4 Avant specifications	https://www.automobile-catalog.com/car/2000/242735/audi_rs4_avant.html
EU-AUDI-A4-B5-S4-AVANT-WAGON-01	4488	1733	1396	Automobile-Catalog 2001 Audi S4 Avant specifications	https://www.automobile-catalog.com/car/2001/242720/audi_s4_avant.html
EU-AUDI-A4-B6-8E2-SEDAN-01	4548	1772	1428	Automobile-Catalog 2004 Audi A4 1.8 T specifications	https://www.automobile-catalog.com/car/2004/246515/audi_a4_1_8_t.html
EU-AUDI-A4-B6-8H7-CABRIOLET-01	4573	1777	1391	Automobile-Catalog 2004 Audi A4 Cabriolet 1.8 T specifications	https://www.automobile-catalog.com/car/2004/248585/audi_a4_cabriolet_1_8_t.html
EU-AUDI-A4-B6-S4-8E2-SEDAN-01	4575	1781	1415	Automobile-Catalog 2004 Audi S4 specifications	https://www.automobile-catalog.com/car/2004/247295/audi_s4.html
EU-AUDI-A4-B6-S4-8H7-CABRIOLET-01	4573	1778	1391	Automobile-Catalog 2005 Audi S4 Cabriolet specifications	https://www.automobile-catalog.com/car/2005/1766555/audi_s4_cabriolet.html
EU-AUDI-A4-B6-8E5-AVANT-WAGON-01	4548	1772	1428	Automobile-Catalog 2004 Audi A4 Avant 1.6 specifications	https://www.automobile-catalog.com/car/2004/246410/audi_a4_avant_1_6.html
EU-AUDI-A4-B6-S4-8E5-AVANT-WAGON-01	4575	1781	1440	Automobile-Catalog 2004 Audi S4 Avant specifications	https://www.automobile-catalog.com/car/2004/249590/audi_s4_avant.html
EU-AUDI-A4-B7-8EC-SEDAN-01	4586	1772	1427	Automobile-Catalog 2008 Audi A4 1.6 specifications	https://www.automobile-catalog.com/car/2008/247415/audi_a4_1_6.html
EU-AUDI-A4-B7-8HE-CABRIOLET-01	4573	1777	1391	Automobile-Catalog 2006 Audi A4 Cabriolet 1.8 T specifications	https://www.automobile-catalog.com/car/2006/248630/audi_a4_cabriolet_1_8_t.html
EU-AUDI-A4-B7-8EC-RS4-SEDAN-01	4586	1816	1415	Automobile-Catalog Audi RS4 Europe specifications	https://www.automobile-catalog.com/car/2007/248555/audi_rs4.html
EU-AUDI-A4-B7-8ED-WAGON-01	4586	1772	1453	Automobile-Catalog Audi A4 Avant Europe specifications	https://www.automobile-catalog.com/car/2007/248195/audi_a4_avant_2_0_tdi_170.html
EU-AUDI-A4-B8-8K2-SEDAN-FACELIFT-01	4701	1826	1427	Audi UK A4 3.0 TDI quattro technical data	https://press.audi.co.uk/assets/documents/original/13834-AudiUK00000070A430TDIquattroStronic.pdf
EU-AUDI-A4-B8-8K2-SEDAN-PREFL-01	4703	1826	1427	Audi UK A4/A4 allroad/S4 pricing and specification guide	https://press.audi.co.uk/assets/documents/original/13843-AudiUK00000124A4A4allroadandS4Saloon.pdf
EU-AUDI-A4-B8-8K5-WAGON-FACELIFT-01	4699	1826	1436	Audi UK A4/A4 allroad pricing and specification guide	https://press.audi.co.uk/assets/documents/original/14112-AudiUK00000386AudiA4A4allroadand.pdf
EU-AUDI-RS4-B8-8K5-WAGON-FACELIFT-01	4719	1850	1416	Auto-Data Audi RS4 specifications	https://www.auto-data.net/en/audi-rs4-model-508
EU-AUDI-A4-B9-8W2-SEDAN-PREFL-01	4726	1842	1427	Audi UK A4 Saloon 3.0 TDI quattro technical data	https://press.audi.co.uk/assets/documents/original/13004-AudiUK00016109AudiA4Saloon30TDIquattro.pdf
EU-AUDI-A4-B9-8W2-SEDAN-FACELIFT-01	4762	1847	1428	Automobile-Catalog Audi A4 40 TDI Europe specifications	https://www.automobile-catalog.com/car/2021/2979290/audi_a4_40_tdi_s-tronic.html
EU-AUDI-S4-B9-8W2-SEDAN-FACELIFT-01	4770	1847	1404	Auto-Data Audi S4 specifications	https://www.auto-data.net/en/audi-s4-model-499
EU-AUDI-S4-B9-8W2-SEDAN-PREFL-01	4745	1842	1404	Audi UK A4 and S4 Saloon and Avant pricelist	https://press.audi.co.uk/assets/documents/original/13977-AudiUK00017943AudiA4andS4Saloonand.pdf
EU-AUDI-A4-B9-8W5-WAGON-PREFL-01	4725	1842	1434	Audi UK A4 Avant 2.0 TDI ultra technical data	https://press.audi.co.uk/assets/documents/original/13513-AudiUK00016104AudiA4Avant20TDIultra.pdf
EU-AUDI-A4-B9-8W5-WAGON-FACELIFT-01	4762	1847	1435	Automoli Audi A4 Avant B9 facelift specifications	https://www.automoli.com/en/vehicles/audi/a4/a4-avant-b9-8w-facelift-2019-7120/
EU-AUDI-RS4-B9-8W5-WAGON-FACELIFT-01	4782	1866	1414	Automobile-Catalog Audi RS4 Avant Europe specifications	https://www.automobile-catalog.com/car/2024/3005525/audi_rs4_avant.html
EU-AUDI-S4-B9-8W5-WAGON-FACELIFT-01	4770	1847	1433	Auto-Data Audi S4 specifications	https://www.auto-data.net/en/audi-s4-model-499
EU-AUDI-S4-B9-8W5-WAGON-PREFL-01	4745	1842	1411	Audi UK A4 and S4 Saloon and Avant pricelist	https://press.audi.co.uk/assets/documents/original/13977-AudiUK00017943AudiA4andS4Saloonand.pdf
EU-AUDI-A5-II-F53-COUPE-PREFL-01	4673	1846	1371	Audi UK A5/S5 Coupe and Sportback pricelist	https://press.audi.co.uk/assets/documents/original/16746-AudiUK00001804AudiA5andS5Coup%C3%A9and.pdf
EU-AUDI-A5-II-F5A-HATCHBACK-PREFL-01	4733	1843	1386	Audi UK A5/S5 Coupe and Sportback pricelist	https://press.audi.co.uk/assets/documents/original/16746-AudiUK00001804AudiA5andS5Coup%C3%A9and.pdf
EU-AUDI-A5-I-8TA-HATCHBACK-FACELIFT-01	4712	1854	1391	Audi UK A5 Sportback 1.8 TFSI technical data	https://press.audi.co.uk/assets/documents/original/16150-AudiUK00000133A5Sportback18TFSI.pdf
EU-AUDI-A5-I-8F7-CABRIOLET-FACELIFT-01	4626	1854	1383	Audi UK A5/S5 Cabriolet pricing and specification guide	https://press.audi.co.uk/assets/documents/original/16369-AudiUK00000349AudiA5andS5Cabriolet.pdf
EU-AUDI-A5-I-8T3-COUPE-FACELIFT-01	4626	1854	1372	Audi UK A5 Coupe 2.0 TFSI technical data	https://press.audi.co.uk/assets/documents/original/15958-AudiUK00000141A5PICoup%C3%A920TFSI211PS.pdf
EU-AUDI-A5-II-F57-CABRIOLET-PREFL-01	4673	1846	1383	Auto-Data Audi A5 Cabriolet (F5) 2.0 TFSI	https://www.auto-data.net/en/audi-a5-cabriolet-f5-2.0-tfsi-190hp-28388
EU-AUDI-A5-III-FU2-HATCHBACK-01	4829	1860	1444	Audi MediaCenter official A5 Sedan dimensions	https://www.audi-mediacenter.com/en/publications/dimensions/dimensions-audi-a5-sedan-1528/download
EU-AUDI-A5-III-FU5-WAGON-01	4829	1860	1460	Audi MediaCenter official A5 Avant dimensions	https://www.audi-mediacenter.com/en/publications/dimensions/dimensions-audi-a5-avant-1529/download
EU-AUDI-A5-II-F5P-COUPE-FACELIFT-01	4697	1846	1371	Audi MediaCenter official A5 Coupe dimensions	https://www.audi-mediacenter.com/en/publications/dimensions/dimensions-a5-coupe-1395/download
EU-AUDI-A5-II-F5E-CABRIOLET-FACELIFT-01	4697	1846	1384	Audi official A5 Cabriolet facelift dimensions	https://www.audi.com/en/the-audi-a5-new-look-and-new-technologies-2020-12622/the-audi-a5-cabriolet-and-s5-cabriolet-12630
EU-AUDI-RS5-III-FU5-WAGON-01	4896	1952	1446	Audi official RS 5 Sedan/Avant price list MY2026	https://www.audi.com/de/publikationen/preislisten/preisliste-audi-rs-5-limousine-avant-modelljahr-2026-273/download
EU-AUDI-RS5-III-FU2-HATCHBACK-01	4896	1952	1428	Audi official RS 5 Sedan/Avant price list MY2026	https://www.audi.com/de/publikationen/preislisten/preisliste-audi-rs-5-limousine-avant-modelljahr-2026-273/download
EU-AUDI-A5-II-F5F-HATCHBACK-FACELIFT-01	4757	1843	1386	Audi MediaCenter official A5 Sportback dimensions	https://www.audi-mediacenter.com/en/publications/dimensions/dimensions-a5-sportback-1393/download
EU-AUDI-RS5-I-8F7-CABRIOLET-FACELIFT-01	4649	1860	1380	Audi MediaCenter official RS 5 Cabriolet press information	https://www.audi-mediacenter.com/en/dynamic-performance-where-the-skys-the-limit-the-audi-rs-5-cabriolet-2965/download
EU-AUDI-RS5-II-F53-COUPE-PREFL-01	4723	1861	1360	Auto-Data Audi RS 5 Coupe II (F5) generation	https://www.auto-data.net/en/audi-rs-5-coupe-ii-f5-generation-5398
EU-AUDI-RS5-II-F5P-COUPE-FACELIFT-01	4723	1866	1372	Audi MediaCenter official RS 5 Coupe/Sportback press information	https://www.audi-mediacenter.com/en/the-sporty-spearhead-of-the-product-line-with-a-new-look-the-rs-5-coupe-and-rs-5-sportback-12728/download
EU-AUDI-RS5-II-F5F-HATCHBACK-PERFORMANCE-01	4777	1866	1370	Audi MediaCenter official RS 5 Sportback performance edition technical data	https://uploads.audi-mediacenter.com/system/production/car_motorizations/1388/file_en/660a1f28f8c26dd1438cc9ee418e9ee7736dede1/eTD-Audi-RS5-Sportback-performance-edition_240528.pdf?1717137247=&disposition=attachment
EU-AUDI-S5-I-8T3-COUPE-FACELIFT-01	4640	1854	1369	Auto-Data Audi S5 Coupe (8T) facelift generation	https://www.auto-data.net/en/audi-s5-coupe-8t-facelift-2011-generation-4155
EU-AUDI-S5-II-F5P-COUPE-FACELIFT-01	4705	1846	1368	Audi MediaCenter official S5 Coupe TDI dimensions	https://www.audi-mediacenter.com/en/publications/dimensions/dimensions-s5-coupe-tdi-1397/download
EU-AUDI-S5-II-F5F-HATCHBACK-FACELIFT-01	4765	1843	1384	Audi MediaCenter official S5 Sportback TDI dimensions	https://www.audi-mediacenter.com/en/publications/dimensions/dimensions-s5-sportback-tdi-1398/download
EU-AUDI-S5-III-FU2-HATCHBACK-01	4835	1860	1429	Audi MediaCenter official S5 Sedan dimensions	https://www.audi-mediacenter.com/en/publications/dimensions/dimensions-audi-s5-sedan-1527/download
EU-AUDI-S5-III-FU5-WAGON-01	4835	1860	1444	Audi official S5 Avant dimensions	https://www.audi.de/content/dam/nemo/models/a5/s5-avant/my-2025/PDF/S5%20Avant%20Abmessungen.pdf
EU-AUDI-S5-II-F53-COUPE-PREFL-01	4692	1846	1368	Auto-Data Audi S5 Coupe (F5) generation	https://www.auto-data.net/en/audi-s5-coupe-f5-generation-4936
EU-AUDI-S5-II-F57-CABRIOLET-PREFL-01	4692	1846	1382	Auto-Data Audi S5 Cabriolet (F5) generation	https://www.auto-data.net/en/audi-s5-cabriolet-f5-generation-5209
EU-AUDI-S5-II-F5E-CABRIOLET-FACELIFT-01	4705	1846	1382	Auto-Data Audi S5 Cabriolet (F5 facelift) 3.0 TFSI	https://www.auto-data.net/en/audi-s5-cabriolet-f5-facelift-2019-3.0-tfsi-v6-354hp-quattro-tiptronic-41382
EU-AUDI-A6-ALLROAD-C7-4G-WAGON-FACELIFT-01	4938	1898	1474	Audi UK official A6 allroad quattro price list	https://press.audi.co.uk/assets/documents/original/18554-AudiUK00019243AudiA6allroadquattroPricelist.pdf
EU-AUDI-A6-ALLROAD-C7-4G-WAGON-PREFL-01	4940	1898	1474	Auto-Data Audi A6 allroad (4G C7) 3.0 TDI quattro	https://www.auto-data.net/en/audi-a6-allroad-4g-c7-3.0-tdi-v6-245hp-quattro-s-tronic-19120
EU-AUDI-A6-ALLROAD-C8-4K-WAGON-01	4951	1902	1497	Audi official A6 allroad dimensions	https://www.audi.com/en/publications/dimensions/dimensions-audi-a6-allroad-1598/download
EU-AUDI-A6-C4-4A2-SEDAN-01	4797	1783	1430	Auto-Data Audi A6 (4A C4) 2.5 TDI quattro	https://www.auto-data.net/en/audi-a6-4a-c4-2.5-tdi-140hp-quattro-4755
EU-AUDI-A6-C4-4A5-WAGON-01	4797	1783	1440	Auto-Data Audi A6 Avant (4A C4) 2.5 TDI quattro	https://www.auto-data.net/en/audi-a6-avant-4a-c4-2.5-tdi-140hp-quattro-4773
EU-AUDI-A6-C5-4B2-SEDAN-01	4796	1810	1452	Auto-Data Audi A6 (4B C5) 1.8	https://www.auto-data.net/en/audi-a6-4b-c5-1.8-125hp-4692
EU-AUDI-A6-C5-4B2-SEDAN-02	4796	1810	1453	Auto-Data Audi A6 (4B C5) 2.4; Auto-Data Audi A6 (4B C5) facelift 2.0	https://www.auto-data.net/en/audi-a6-4b-c5-2.4-v6-30v-165hp-4701;https://www.auto-data.net/en/audi-a6-4b-c5-facelift-2001-2.0-130hp-4699
EU-AUDI-A6-C5-4B2-SEDAN-WIDEBODY-01	4833	1850	1453	Audi UK A6 4.2 quattro Technical Specification	https://press.audi.co.uk/assets/documents/original/17212-AudiUK00001916A642quattroTechnicalSpecification.pdf
EU-AUDI-A6-C5-4B2-SEDAN-RS6-01	4858	1850	1426	Auto-Data Audi RS 6 (4B,C5) 4.2 BiTurbo V8 technical data; Audi UK RS 6 Saloon Technical Data	https://www.auto-data.net/en/audi-rs-6-4b-c5-4.2-biturbo-v8-450hp-quattro-tiptronic-4787; https://press.audi.co.uk/assets/documents/original/18764-AudiUK00001903RS6SaloonTechnicalSpecification.pdf
EU-AUDI-A6-C5-4B2-SEDAN-S6-01	4833	1850	1443	Audi UK S6 quattro Saloon Technical Data	https://press.audi.co.uk/assets/documents/original/18578-AudiUK00001925S6quattroSaloonTechnical.pdf
EU-AUDI-A6-C5-4B5-AVANT-FACELIFT-01	4796	1810	1477	Audi UK A6 Avant 2.0 Technical Specification	https://press.audi.co.uk/assets/documents/original/17205-AudiUK00001041AudiA6Avant20Technical.pdf
EU-AUDI-A6-C5-4B5-AVANT-PREFL-01	4796	1810	1479	EncyCARpedia Audi A6 Avant 2.4 technical specifications	https://www.encycarpedia.com/audi/98-a6-avant-2-4-estate
EU-AUDI-A6-C5-4B5-AVANT-WIDEBODY-01	4833	1850	1465	Auto-Data Audi A6 Avant 4.2 V8 technical data; Auto-Data Audi A6 Avant facelift 4.2 V8 technical data	https://www.auto-data.net/en/audi-a6-avant-4b-c5-4.2-v8-40v-300hp-quattro-tiptronic-4743; https://www.auto-data.net/en/audi-a6-avant-4b-c5-facelift-2001-4.2-v8-40v-300hp-quattro-tiptronic-27032
EU-AUDI-A6-C5-4B5-AVANT-RS6-PLUS-01	4858	1850	1425	Automobile-Catalog Audi RS6 Avant Plus technical data	https://www.automobile-catalog.com/car/2004/245615/audi_rs6_avant_plus_tiptronic.html
EU-AUDI-A6-C5-4B5-AVANT-RS6-01	4852	1850	1430	Audi UK RS 6 Avant Technical Data (maximum stated height)	https://press.audi.co.uk/assets/documents/original/18763-AudiUK00001901RS6AvantTechnicalSpecification.pdf
EU-AUDI-A6-C5-4B5-AVANT-S6-01	4833	1850	1465	Audi UK S6 Avant quattro Technical Data	https://press.audi.co.uk/assets/documents/original/18577-AudiUK00001924S6AvantquattroTechnical.pdf
EU-AUDI-A6-C6-4F2-SEDAN-PREFL-01	4916	1855	1459	Audi UK A6 3.2 FSI Technical Data	https://press.audi.co.uk/assets/documents/original/17190-AudiUK00000988A632FSITechnicalData.pdf
EU-AUDI-A6-C6-4F2-SEDAN-FACELIFT-01	4927	1855	1459	Audi UK A6 3.0 TFSI quattro Technical Data	https://press.audi.co.uk/assets/documents/original/17242-AudiUK00000223A630TFSIquattroTechnical.pdf
EU-AUDI-A6-C6-4F5-AVANT-PREFL-01	4933	1855	1463	Audi UK A6 Avant 2.0 TDI Technical Data	https://press.audi.co.uk/assets/documents/original/18179-AudiUK00000889A6Avant20TDITechnical.pdf
EU-AUDI-A6-C6-4F5-AVANT-FACELIFT-01	4927	1855	1463	Audi UK A6 Avant 2.0 TDI 136PS Technical Data	https://press.audi.co.uk/assets/documents/original/18164-AudiUK00000204A6Avant20TDI136PSTechnical.pdf
EU-AUDI-A6-C7-4GC-SEDAN-FACELIFT-01	4933	1874	1455	Audi UK Audi A6 Range Technical Data	https://press.audi.co.uk/assets/documents/original/17375-AudiUK00000414AudiA6RangeTechnicalData.pdf
EU-AUDI-A6-C7-4G2-SEDAN-PREFL-01	4915	1874	1455	Audi UK A6 Saloon and Avant Pricing and Specification Guide	https://press.audi.co.uk/assets/documents/original/18291-AudiUK00000123A6SaloonandAvantPricing.pdf
EU-AUDI-A6-C7-S6-4G2-SEDAN-PREFL-01	4931	1874	1440	Audi S6 C7 Technical Data UK	https://press.audi.co.uk/assets/documents/original/18642-AudiUK00000036S6C7TechnicalDataUK.pdf
EU-AUDI-A6-C7-S6-4GC-SEDAN-FACELIFT-01	4931	1874	1430	Audi A6/S6 Saloon and Avant UK brochure (2015)	https://xr793.com/wp-content/uploads/2022/10/2015-Audi-A6-S6-Saloon-Avant-UK.pdf
EU-AUDI-A6-C7-4GD-WAGON-FACELIFT-01	4943	1874	1461	Audi A6/S6 Saloon and Avant UK brochure (2015)	https://xr793.com/wp-content/uploads/2022/10/2015-Audi-A6-S6-Saloon-Avant-UK.pdf
EU-AUDI-A6-C7-4G5-WAGON-PREFL-01	4926	1874	1461	Audi A6 Saloon and Avant official UK brochure	https://press.audi.co.uk/assets/documents/original/18291-AudiUK00000123A6SaloonandAvantPricing.pdf
EU-AUDI-A6-C7-RS6-WAGON-01	4979	1936	1461	Audi RS 6 Avant technical data	https://www.ausmotive.com/downloads/Audi/RS6-Avant-AU-tech-data-July2013.pdf
EU-AUDI-A6-C7-S6-4G5-WAGON-PREFL-01	4934	1874	1446	Audi S6 C7 Technical Data UK	https://press.audi.co.uk/assets/documents/original/18642-AudiUK00000036S6C7TechnicalDataUK.pdf
EU-AUDI-A6-C7-S6-4GD-WAGON-FACELIFT-01	4942	1874	1436	Audi A6/S6 Saloon and Avant UK brochure (2015)	https://xr793.com/wp-content/uploads/2022/10/2015-Audi-A6-S6-Saloon-Avant-UK.pdf
EU-AUDI-A6-C8-4A2-SEDAN-01	4939	1886	1457	Audi A6 Sedan official dimensions	https://www.audi.com/en/publications/dimensions/dimensions-a6-sedan-1403/download
EU-AUDI-A6-C8-S6-4A2-SEDAN-01	4964	1886	1446	Audi S6 Sedan TDI official dimensions	https://www.audi.com/en/publications/dimensions/dimensions-s6-sedan-tdi-1405/download
EU-AUDI-A6-C8-4A5-WAGON-01	4939	1886	1494	Audi A6 Avant official dimensions	https://www.audi.com/de/publikationen/abmessungen/abmessungen-a6-avant-1400/download
EU-AUDI-A6-C8-RS6-4A5-WAGON-01	4995	1951	1460	Audi RS 6 Avant official dimensions	https://www.audi.com/en/publications/dimensions/dimensions-rs-6-avant-1431/download
EU-AUDI-A6-C8-S6-4A5-WAGON-01	4964	1886	1481	Audi S6 Avant TDI official dimensions	https://www.audi.com/en/publications/dimensions/dimensions-s6-avant-tdi-1404/download
EU-AUDI-A6-C9-SEDAN-01	4999	1875	1452	Audi A6 Sedan official technical data (2025)	https://emea-dam.audi.com/adobe/assets/urn%3Aaaid%3Aaem%3Ad1fc5489-95a6-422d-9f73-b345904e94df/original/as/AudiA6-%28C9%29_2025_EN_Public_NoPR.pdf
EU-AUDI-A6-C9-WAGON-01	4999	1897	1472	Audi A6 Avant official dimensions (2025)	https://media.audi.com/is/content/audi/nemo/models/a6/a6-avant/my-2025-nf/dimensions/a6-avant-dimensions-1.pdf
EU-AUDI-A6-E-TRON-WAGON-01	4928	1923	1527	Audi A6 e-tron official press kit	https://www.audi-mediacenter.com/en/the-audi-a6-e-tron-the-new-electric-avant-garde-16391/download
EU-AUDI-A6-E-TRON-SPORTBACK-01	4928	1923	1487	Audi A6 e-tron official press kit	https://www.audi-mediacenter.com/en/the-audi-a6-e-tron-the-new-electric-avant-garde-16391/download
EU-AUDI-A7-C7-SPORTBACK-FACELIFT-01	4974	1911	1420	Audi A7 Sportback official UK press information	https://press.audi.co.uk/assets/documents/original/19236-AudiUK00000403AudiA7SportbackFullUK.pdf
EU-AUDI-A7-C7-SPORTBACK-PREFL-01	4969	1911	1420	Audi A7 Sportback official UK brochure (2010)	https://xr793.com/wp-content/uploads/2022/10/2010-Audi-A7-Sept-10-UK.pdf
EU-AUDI-A7-C8-4KA-SPORTBACK-01	4969	1908	1422	Audi A7 Sportback official dimensions	https://www.audi.com/en/publications/dimensions/dimensions-a7-sportback-1406/download
EU-AUDI-A7-II-4KA-HATCHBACK-01	4969	1908	1422	Audi MediaCenter A7 Sportback dimensions	https://www.audi-mediacenter.com/de/publikationen/abmessungen/abmessungen-a7-sportback-1406/download
EU-AUDI-A7-II-4K8-RS7-HATCHBACK-01	5009	1950	1424	Audi MediaCenter RS 7 Sportback technical data	https://www.audi-mediacenter.com/system/production/car_motorizations/1185/file_en/8e06a44da501d26d1aa26806c124c1e4b90d507f/eTD-Audi-RS7-Sportback-TFSI_231027.pdf
EU-AUDI-A7-C7-4G8-RS7-HATCHBACK-01	5012	1911	1419	Audi Press UK RS 7 Sportback technical data	https://press.audi.co.uk/assets/documents/original/19283-AudiUK00000008RS7SportbackTechnicalData.pdf
EU-AUDI-A7-C7-4G8-S7-HATCHBACK-01	4980	1911	1408	Audi Press UK S7 Sportback technical data	https://press.audi.co.uk/assets/documents/original/19221-AudiUK00000035S7SportbackTechnicalData.pdf
EU-AUDI-A7-II-4KA-S7-HATCHBACK-01	4980	1908	1417	Audi MediaCenter S7 Sportback TDI dimensions	https://www.audi-mediacenter.com/de/publikationen/abmessungen/abmessungen-s7-sportback-tdi-1408/download
EU-AUDI-A8-D2-4D-SEDAN-01	5034	1880	1438	Automobile-Catalog 2001 Audi A8 3.7 Quattro; Automobile-Catalog 2001 Audi A8 6.0 Quattro; Automobile-Catalog 2001 Audi S8	https://www.automobile-catalog.com/car/2001/240575/audi_a8_3_7_quattro_tiptronic.html;https://www.automobile-catalog.com/car/2001/240620/audi_a8_6_0_quattro_tiptronic.html;https://www.automobile-catalog.com/car/2001/240770/audi_s8_tiptronic.html
EU-AUDI-A8-D3-4E-SEDAN-PREFL-01	5051	1894	1444	Automobile-Catalog 2004 Audi A8 4.2 Quattro	https://www.automobile-catalog.com/car/2004/252665/audi_a8_4_2_quattro.html
EU-AUDI-A8-D3-4E-SEDAN-FACELIFT-01	5062	1894	1444	Automobile-Catalog Audi A8 D3 phase II; Automobile-Catalog 2004 Audi A8 6.0 Quattro	https://www.automobile-catalog.com/make/audi/a8_d3/a8_d3_series_ii/2005.html;https://www.automobile-catalog.com/car/2004/252740/audi_a8_6_0_quattro.html
EU-AUDI-A8-D4-4H-SEDAN-PREFL-01	5137	1949	1460	Auto-Data Audi A8 D4 3.0 TFSI quattro specifications	https://www.auto-data.net/en/audi-a8-d4-4h-3.0-tfsi-v6-333hp-quattro-tiptronic-53561
EU-AUDI-A8-D4-4H-SEDAN-FACELIFT-01	5135	1949	1460	Audi UK A8 and S8 Pricing and Specification Guide	https://press.audi.co.uk/assets/documents/original/19790-AudiUK00016077AudiA8andS8Pricingand.pdf
EU-AUDI-A8-D4-4H-SEDAN-LWB-PREFL-01	5267	1949	1471	Auto-Data Audi A8L D4 2.5 FSI specifications	https://www.auto-data.net/en/audi-a8l-d4-4h-2.5-fsi-v6-204hp-tiptronic-27135
EU-AUDI-A8-D4-4H-SEDAN-LWB-FACELIFT-01	5265	1949	1471	Auto-Data Audi A8L D4 facelift 3.0 TFSI specifications	https://www.auto-data.net/en/audi-a8l-d4-4h-facelift-2013-3.0-tfsi-v6-310hp-quattro-tiptronic-19141
EU-AUDI-A8-D4-4H-S8-SEDAN-FACELIFT-01	5147	1949	1458	Audi UK A8 and S8 Pricing and Specification Guide	https://press.audi.co.uk/assets/documents/original/19790-AudiUK00016077AudiA8andS8Pricingand.pdf
EU-AUDI-A8-D4-4H-S8-SEDAN-PREFL-01	5146	1949	1458	Auto-Data Audi S8 D4 4.0 TFSI specifications	https://www.auto-data.net/en/audi-s8-d4-4.0-tfsi-v8-520hp-quattro-tiptronic-19144
EU-AUDI-A8-D5-4N-SEDAN-FACELIFT-01	5190	1945	1473	Audi MediaCenter enhanced A8 press release; Auto-Data Audi A8 D5 facelift 60 TFSI e specifications	https://www.audi-mediacenter.com/en/press-releases/sharpened-design-and-innovative-technologies-for-the-flagship-the-enhanced-audi-a8-14358;https://www.auto-data.net/en/audi-a8-d5-facelift-2021-60-tfsi-e-v6-462hp-plug-in-hybrid-quattro-tiptronic-52201
EU-AUDI-ALLROAD-C5-4BH-WAGON-01	4810	1852	1551	Audi Press UK allroad quattro 2.5 TDI technical data	https://press.audi.co.uk/assets/documents/original/18362-AudiUK00001044Audiallroadquattro25TDI.pdf
EU-AUDI-COUPE-B2-COUPE-PREFL-01	4349	1682	1350	Auto-Data Audi Coupe B2 specifications	https://www.auto-data.net/en/audi-coupe-model-502
EU-AUDI-COUPE-B2-COUPE-FACELIFT-01	4421	1682	1350	Auto-Data Audi Coupe B2 facelift specifications	https://www.auto-data.net/en/audi-coupe-model-502
EU-AUDI-COUPE-B3-89-COUPE-PREFL-01	4366	1716	1370	Automobile-Catalog 1990 Audi Coupe 2.0 E specifications	https://www.automobile-catalog.com/car/1990/236270/audi_coupe_2_0_e_cat.html
EU-AUDI-CABRIOLET-8G-CONVERTIBLE-01	4366	1716	1379	Automobile-Catalog 1995 Audi Cabriolet 1.9 TDI specifications	https://www.automobile-catalog.com/car/1995/237575/audi_cabriolet_1_9_tdi.html
EU-AUDI-COUPE-B3-8B-COUPE-FACELIFT-01	4366	1716	1375	Automobile-Catalog 1992 Audi Coupe 16V specifications	https://www.automobile-catalog.com/car/1992/237290/audi_coupe_16v.html
EU-AUDI-E-TRON-GT-I-F8-SEDAN-PREFL-01	4989	1964	1413	Audi Singapore e-tron GT quattro specification sheet	https://s7test3.scene7.com/is/content/audi/nemo/sg/Models/etronGT/Audi%20e-tron%20GT%20-%20Digital%20Spec%20sheet%20%28Feb%2024%29.pdf
EU-AUDI-E-TRON-GT-I-F8-SEDAN-FACELIFT-01	5004	1964	1402	Audi MediaCenter e-tron GT quattro technical data	https://uploads.audi-mediacenter.com/system/production/car_motorizations/1544/file_en/99b3ba2115bf1328f670ae087320f1022152ddcc/eTD-Audi-e-tron-GT-quattro-370kW_260202.pdf
EU-AUDI-E-TRON-GT-I-F8-RS-SEDAN-FACELIFT-01	4997	1964	1394	Audi MediaCenter RS e-tron GT performance technical data	https://uploads.audi-mediacenter.com/system/production/car_motorizations/1392/file_en/91bfc69ec55530e277b5023245b77c1c82772920/eTD-Audi-RS-e-tron-GT-performance-550kW_240725.pdf
EU-AUDI-E-TRON-GT-I-F8-RS-SEDAN-PREFL-01	4989	1964	1414	Audi Singapore RS e-tron GT specification sheet	https://emea-dam.audi.com/adobe/assets/urn:aaid:aem:f18d3834-58ca-4c89-ba91-0dc37841d39b/original/as/Audi_RS_e-tron_GT_Digital_Spec_Sheet_Dec_23_for_Jan_24.pdf
EU-AUDI-E-TRON-I-GE-S-SUV-01	4902	1976	1664	Audi USA 2022 e-tron S Model Line Technical Specifications	https://media.audiusa.com/assets/documents/original/8949-2022etronSetronSSportbackTechSpecs.pdf
EU-AUDI-E-TRON-GT-I-F8-S-SEDAN-FACELIFT-01	5004	1964	1394	Audi MediaCenter S e-tron GT technical data	https://uploads.audi-mediacenter.com/system/production/car_motorizations/1391/file_en/086ccaba000dff5b2356c64762667387000f86a3/eTD-Audi-S-e-tron-GT-435kW_250515.pdf
EU-AUDI-Q2-I-GA-SUV-PREFL-01	4191	1794	1508	Auto-Data Audi Q2 2016-2020 specifications	https://www.auto-data.net/en/audi-q2-generation-4712
EU-AUDI-Q2-I-GA-SUV-FACELIFT-01	4208	1794	1508	Audi MediaCenter Q2 facelift dimensions	https://www.audi-mediacenter.com/de/publikationen/abmessungen/abmessungen-q2-1411/download
EU-AUDI-Q3-I-8U-SUV-FACELIFT-01	4388	1831	1608	Audi UK Q3 Pricing and Specification Guide	https://press.audi.co.uk/assets/documents/original/20423-AudiUK00017558AudiQ3PricingandSpecification.pdf
EU-AUDI-Q3-I-8U-SUV-PREFL-01	4385	1831	1608	Automobile-Catalog 2012 Audi Q3 2.0 TFSI quattro specifications	https://www.automobile-catalog.com/car/2012/1586090/audi_q3_2_0_tfsi_quattro_170_s-tronic.html
EU-AUDI-Q3-III-FJ-SUV-01	4531	1859	1623	Audi MediaCenter Q3 SUV TFSI technical data; Audi MediaCenter Q3 SUV TDI technical data	https://uploads.audi-mediacenter.com/system/production/car_motorizations/1551/file_de/61ce1d412c7c0dcc4d612645bda9190777cefca8/TD-Audi-Q3-SUV-TFSI-S_tronic-110kW_250616.pdf;https://uploads.audi-mediacenter.com/system/production/car_motorizations/1550/file_en/9293f8e1d514537805c8faea19ce68c53a377c97/eTD-Audi-Q3-SUV-TDI-S_tronic-110kW_250616.pdf
EU-AUDI-Q3-II-F3-SUV-01	4484	1849	1616	Audi Q3 official importer technical data	https://media.audi.com/is/content/audi/country/vn/assets/catalogs/audi-q3/AudiQ3_2024_ENG_NoPR_06Aug24.pdf
EU-AUDI-RS-Q3-I-8U-SUV-01	4410	1841	1580	Automobile-Catalog 2013 Audi RS Q3; Auto-Data Audi RSQ3 facelift 2015	https://www.automobile-catalog.com/car/2013/2043605/audi_rs_q3.html;https://www.auto-data.net/en/audi-rsq3-facelift-2015-generation-4774
EU-AUDI-Q4-E-TRON-I-F4-SUV-01	4588	1865	1632	Audi MediaCenter Q4 e-tron dimensions	https://www.audi-mediacenter.com/de/publikationen/abmessungen/abmessungen-q4-e-tron-1416/download
EU-AUDI-Q4-E-TRON-I-F4-SPORTBACK-01	4588	1865	1614	Audi MediaCenter Q4 Sportback e-tron dimensions	https://www.audi-mediacenter.com/de/publikationen/abmessungen/abmessungen-q4-sportback-e-tron-1415/download
EU-AUDI-Q5-I-8R-SUV-PREFL-01	4629	1880	1653	Audi Q5 official technical data	https://press.audi.co.uk/assets/documents/original/20864-AudiUK00000227Q520TDIquattroTechnical.pdf
EU-AUDI-Q5-I-8R-SUV-FACELIFT-01	4629	1898	1655	Audi Q5 and SQ5 official pricing and specification guide	https://press.audi.co.uk/assets/documents/original/21340-AudiUK00016145AudiQ5andSQ5Pricing.pdf
EU-AUDI-Q5-II-FY-SUV-01	4663	1893	1659	Audi Q5 and SQ5 official technical data	https://press.audi.co.uk/assets/documents/original/21087-AudiUK00017568AudiSQ5TFSIQ520TDI.pdf
EU-AUDI-Q5-III-GUB-SUV-01	4717	1900	1647	Audi Q5 official dimensions and price list	https://emea-dam.audi.com/adobe/assets/urn%3Aaaid%3Aaem%3Accde3a87-2a39-49d6-9859-784514c213ce/original/as/preisliste_q5-suv_q5-sportback_sq5-suv_sq5-sportback_q5-suv-e-hybrid_q5-sportback-e-hybrid.pdf
EU-AUDI-Q5-III-GUN-SPORTBACK-01	4717	1900	1642	Audi Q5 Sportback official dimensions	https://media.audi.com/is/content/audi/country/nl/assets/pdf/afmetingen/afmetingen-q5-sportback.pdf
EU-AUDI-Q5-II-FY-SQ5-SUV-01	4671	1893	1635	Audi Q5 and SQ5 official technical data	https://press.audi.co.uk/assets/documents/original/21087-AudiUK00017568AudiSQ5TFSIQ520TDI.pdf
EU-AUDI-SQ5-I-8R-SUV-01	4644	1911	1624	Audi SQ5 TDI plus official technical data	https://press.audi.co.uk/assets/documents/original/21339-AudiUK00016124AudiSQ5TDIplus340PS.pdf
EU-AUDI-Q5-II-FY-SUV-FACELIFT-01	4682	1893	1662	Audi Q5 official dimensions	https://www.audi.com/en/publications/dimensions/dimensions-audi-q5-suv-until-2024-1602/download
EU-AUDI-Q5-II-FYT-SPORTBACK-01	4689	1893	1660	Audi Q5 Sportback official technical data	https://media.audi.com/is/content/audi/nemo/ee/Mudelikataloogid/tehniline_info/Tehniline_info_Q5%20Sportback.pdf
EU-AUDI-Q5-II-FY-SQ5-SUV-FACELIFT-01	4682	1893	1635	Audi SQ5 TDI official technical data	https://press.audi.co.uk/assets/documents/original/34217-AudiSQ5TDITechDataUKAugust2023.pdf
EU-AUDI-Q5-II-FYT-SQ5-SPORTBACK-01	4689	1893	1633	Audi SQ5 Sportback official technical data	https://press.audi.co.uk/assets/documents/original/29922-AudiSQ5SportbackTDI341PSUKTechnicalDataMay2022.pdf
EU-AUDI-Q5-I-8R-SQ5-SUV-01	4644	1911	1624	Audi UK SQ5 TDI plus technical data	https://press.audi.co.uk/assets/documents/original/21339-AudiUK00016124AudiSQ5TDIplus340PS.pdf
EU-AUDI-Q6-E-TRON-I-SUV-01	4771	1939	1648	Audi MediaCenter Q6 e-tron official press information	https://www.audi-mediacenter.com/en/the-audi-q6-e-tron-electric-mobility-on-a-new-level-15929/the-new-audi-q6-e-tron-experience-vorsprung-durch-technik-15930
EU-AUDI-Q6-E-TRON-I-SPORTBACK-01	4771	1965	1665	Audi MediaCenter Q6 Sportback e-tron official press release	https://www.audi-mediacenter.com/en/press-releases/exciting-design-and-longest-range-in-the-model-family-the-new-audi-q6-sportback-e-tron-16295
EU-AUDI-Q7-II-4M-SUV-PREFL-01	5052	1968	1741	Audi UK Q7 3.0 TDI quattro technical data	https://press.audi.co.uk/assets/documents/original/21929-AudiUK00016118AudiQ730TDIquattro.pdf
EU-AUDI-Q7-I-4L-SUV-01	5086	1983	1737	Audi UK Q7 3.0 TDI quattro technical data	https://press.audi.co.uk/assets/documents/original/21722-AudiUK00000879Q730TDIquattrotechdata.pdf
EU-AUDI-Q7-II-4M-SQ7-SUV-PREFL-01	5069	1968	1741	Audi UK SQ7 TDI technical data	https://press.audi.co.uk/assets/documents/original/22075-AudiUK00016128AudiSQ7TDI40litre.pdf
EU-AUDI-Q7-II-4M-SUV-FACELIFT-01	5063	1970	1740	Audi UK Q7 50 TDI quattro technical data October 2019	https://press.audi.co.uk/assets/documents/original/7057-AudiQ750TDIquattrotiptronicTechnicalDataUKOctober2019.pdf
EU-AUDI-Q7-II-4M-SUV-FACELIFT2-01	5072	1970	1748	Audi MediaCenter revised Q7 official press release	https://www.audi-mediacenter.com/en/press-releases/strong-in-design-comfort-and-technologythe-revised-audi-q7-15849
EU-AUDI-Q7-I-4L-V12-SUV-01	5063	2000	1697	Automobile-Catalog Audi Q7 V12 TDI; EncyCARpedia Audi Q7 V12 TDI	https://www.automobile-catalog.com/car/2008/1192460/audi_q7_v12_tdi_quattro.html;https://www.encycarpedia.com/audi/09-q7-v12-tdi-suv
EU-AUDI-Q8-I-F1-SUV-PREFL-01	4986	1995	1705	Automobile-Catalog Audi Q8 45 TDI 2023	https://www.automobile-catalog.com/car/2023/2979965/audi_q8_45_tdi_quattro.html
EU-AUDI-Q8-E-TRON-I-GE-SUV-01	4915	1937	1633	Audi MediaCenter Q8 e-tron official facts	https://www.audi-mediacenter.com/en/the-audi-q8-e-tron-until-2025-15069/the-facts-15071
EU-AUDI-Q8-I-F1-SUV-FACELIFT-PHEV-01	4992	1995	1717	Automobile-Catalog Audi Q8 55 TFSI e 2024	https://www.automobile-catalog.com/car/2024/3343520/audi_q8_suv_55_tfsi_e_quattro.html
EU-AUDI-Q8-I-F1-RS-PERFORMANCE-SUV-01	5022	2007	1699	Audi Norway RS Q8 performance official price and specification guide	https://media.audi.com/is/content/audi/country/no/assets/prislister/Prisliste-Audi-RS-Q8.pdf
EU-AUDI-Q8-E-TRON-I-GE-SQ8-SUV-01	4915	1976	1631	Audi MediaCenter Q8 e-tron official facts	https://www.audi-mediacenter.com/en/the-audi-q8-e-tron-until-2025-15069/the-facts-15071
EU-AUDI-QUATTRO-B2-85-COUPE-01	4404	1723	1344	Audi UK quattro brochure excerpt	https://press.audi.co.uk/assets/documents/original/28155-AudiUK00026353Audiquattrobrochureexcerpt.pdf
EU-AUDI-R8-I-42-SPYDER-V10-01	4440	1904	1244	Audi UK R8 pricing and specification guide	https://press.audi.co.uk/assets/documents/original/24231-AudiUK00001684AudiR8PricingandSpecification.pdf
EU-AUDI-R8-II-4S-COUPE-FACELIFT-01	4429	1940	1236	Audi UK R8 Coupe V10 RWD technical data July 2021	https://press.audi.co.uk/assets/documents/original/16970-AudiR8CoupeV10RWDStronicUKTechnicalDataJuly2021.pdf
EU-AUDI-R8-II-4S-SPYDER-FACELIFT-01	4429	1940	1242	Audi R8 Spyder V10 performance RWD official technical data	https://www.audi.com/system/production/car_motorizations/1326/file_en/f2481a78151e2a6496424fd169fdc2fbfe10498b/eTD_Audi_R8_Spyder_V10performance_RWD_419_kW_230113.pdf?1698163997=&disposition=attachment
EU-AUDI-R8-II-4S-COUPE-PREFL-01	4426	1940	1240	Audi UK R8 V10 plus Coupe technical data	https://press.audi.co.uk/assets/documents/original/25790-AudiUKAudiR8V10plusCoupe610.pdf
EU-AUDI-R8-I-42-COUPE-V10-01	4440	1929	1252	Audi UK R8 pricing and specification guide	https://press.audi.co.uk/assets/documents/original/24231-AudiUK00001684AudiR8PricingandSpecification.pdf
EU-AUDI-R8-II-4S-SPYDER-PREFL-01	4426	1940	1244	Audi UK R8 Spyder V10 technical data	https://press.audi.co.uk/assets/documents/original/26274-AudiUK00017613AudiR8SpyderV10540PS.pdf
EU-AUDI-SUPER-90-F103-SEDAN-01	4380	1626	1451	Automobile-Catalog Audi Super 90	https://www.automobile-catalog.com/car/1966/74330/audi_super_90.html
EU-AUDI-TT-I-8N-ROADSTER-FWD-01	4041	1764	1349	Audi UK TT Roadster 1.8 T 150PS technical data	https://press.audi.co.uk/assets/documents/original/22740-AudiUK00001067AudiTTRoadster18T150PS.pdf
EU-AUDI-TT-I-8N-COUPE-FWD-01	4041	1764	1346	Audi UK TT Coupe technical data	https://press.audi.co.uk/assets/documents/original/22250-AudiUK00000887TechnicalDataAudiTTCoup%C3%A9.pdf
EU-AUDI-TT-I-8N-ROADSTER-QUATTRO-01	4041	1764	1348	Audi UK TT Roadster 1.8 T quattro technical data	https://press.audi.co.uk/assets/documents/original/22263-AudiUK00001054AudiTTRoadster225PSGerman.pdf
EU-AUDI-TT-I-8N-COUPE-QUATTRO-01	4041	1764	1345	Audi UK TT Coupe technical data	https://press.audi.co.uk/assets/documents/original/22250-AudiUK00000887TechnicalDataAudiTTCoup%C3%A9.pdf
EU-AUDI-TT-III-8S-COUPE-01	4177	1832	1353	Audi UK TT Coupe technical data	https://press.audi.co.uk/assets/documents/original/22721-AudiUK00000450AudiTTCoupeTechnicalData.pdf
EU-AUDI-TT-III-8S-ROADSTER-01	4177	1832	1355	Audi UK TT Roadster technical data	https://press.audi.co.uk/assets/documents/original/22926-AudiUK00000396.pdf
EU-AUDI-TT-III-8S-TTS-COUPE-01	4191	1832	1343	Auto-Data Audi TT model specifications	https://www.auto-data.net/en/audi-tt-model-519
EU-AUDI-TT-III-8S-TTS-ROADSTER-01	4191	1832	1345	Auto-Data Audi TT model specifications	https://www.auto-data.net/en/audi-tt-model-519
EU-AUDI-TT-II-8J-RS-COUPE-01	4198	1842	1342	Automobile-Catalog 2014 Audi TT RS Coupe	https://www.automobile-catalog.com/car/2014/1438205/audi_tt_rs_coupe.html
EU-AUDI-TT-II-8J-RS-ROADSTER-01	4189	1842	1348	Automobile-Catalog 2014 Audi TT RS Roadster	https://www.automobile-catalog.com/car/2014/1438220/audi_tt_rs_roadster.html
EU-AUDI-TT-III-8S-RS-COUPE-01	4191	1832	1344	Audi UK TT RS official pricelist	https://press.audi.co.uk/assets/documents/original/23309-AudiUK00019252AudiTTRSCoup%C3%A9andRoadster.pdf
EU-AUDI-TT-III-8S-RS-ROADSTER-01	4191	1832	1346	Audi UK TT RS Roadster technical data	https://press.audi.co.uk/assets/documents/original/23564-AudiUK00001393AudiTTRSRoadsterStronic.pdf
EU-AUSTIN-ALLEGRO-I-ADO67-SEDAN-SERIES-3-01	3908	1613	1393	Automobile-Catalog 1980 Austin Allegro 1.3 L	https://www.automobile-catalog.com/car/1980/256595/austin_allegro_1_3_l.html
EU-AUSTIN-ALLEGRO-I-ADO67-SEDAN-EARLY-01	3855	1613	1397	Carfolio Austin Allegro 1300	https://www.carfolio.com/austin-allegro-1300-53097
EU-AUSTIN-ALLEGRO-I-ADO67-WAGON-SERIES-3-01	3995	1630	1440	Automobile-Catalog 1980 Austin Allegro Estate 1.5 HL	https://www.automobile-catalog.com/car/1980/256745/austin_allegro_estate_1_5_hl.html
EU-AUSTIN-AMBASSADOR-I-HATCHBACK-01	4555	1730	1400	Automobile-Catalog 1982 Austin Ambassador 2.0 HLS	https://www.automobile-catalog.com/car/1982/257450/austin_ambassador_2_0_hls_automatic.html
EU-AUSTIN-APACHE-I-SEDAN-01	4060	1530	1340	Carfolio 1977 Leyland Austin Apache TC	https://www.carfolio.com/leyland-austin-apache-tc-114378
EU-AUSTIN-MAXI-II-HATCHBACK-01	4022	1629	1404	Automobile-Catalog 1981 Austin Maxi 2 1750 HLS	https://www.automobile-catalog.com/car/1981/256550/austin_maxi_2_1750_hls.html
EU-AUSTIN-METRO-I-HATCHBACK-3D-01	3405	1549	1369	Automobile-Catalog 1981 Austin Metro 1.3 S	https://www.automobile-catalog.com/car/1981/257015/austin_metro_1_3_s.html
EU-AUSTIN-MINI-ADO20-SEDAN-2D-01	3054	1410	1346	Automobile-Catalog 1969 Austin Mini 850 Mk II	https://www.automobile-catalog.com/car/1969/256370/austin_mini_850_mk_ii.html
EU-AUSTIN-MONTEGO-I-LM11-SEDAN-LOW-01	4468	1710	1418	Automobile-Catalog 1984 Austin Montego 1.3	https://www.automobile-catalog.com/car/1984/62645/austin_montego_1_3.html
EU-AUSTIN-MONTEGO-I-LM11-WAGON-PREFL-01	4468	1710	1447	Automobile-Catalog 1984 Austin Montego Estate 1.6	https://www.automobile-catalog.com/car/1984/30680/austin_montego_estate_1_6_5-speed.html
EU-AUSTIN-MONTEGO-I-LM11-WAGON-FACELIFT-01	4465	1710	1447	Automobile-Catalog 1989 Montego Estate 2.0 GSi	https://www.automobile-catalog.com/car/1989/1701080/montego_estate_2_0_gsi.html
EU-AUSTIN-MONTEGO-I-LM11-SEDAN-PREFL-01	4468	1710	1420	Automobile-Catalog 1984 Austin Montego 2.0 HLS	https://www.automobile-catalog.com/car/1984/258125/austin_montego_2_0_hls.html
EU-AUSTIN-MONTEGO-I-LM11-SEDAN-FACELIFT-01	4465	1710	1420	Automobile-Catalog 1989 Montego 2.0 SL	https://www.automobile-catalog.com/car/1989/1700765/montego_2_0_sl.html
EU-AUSTIN-PRINCESS-I-SEDAN-01	4455	1730	1409	Automobile-Catalog 1980 Princess 2200 HLS	https://www.automobile-catalog.com/car/1980/168575/princess_2200_hls_automatic.html
EU-AUSTIN-HEALEY-100-SIX-CONVERTIBLE-01	4001	1537	1244	Automobile-Catalog 1957 Austin-Healey 100 Six	https://www.automobile-catalog.com/car/1957/258620/austin-healey_100_six.html
EU-AUSTIN-HEALEY-3000-MK-I-CONVERTIBLE-01	4001	1524	1250	Automobile-Catalog 1959 Austin-Healey 3000 2+2	https://www.automobile-catalog.com/car/1959/258740/austin-healey_3000_22.html
EU-AUSTIN-HEALEY-3000-MK-III-CONVERTIBLE-01	4001	1540	1240	Automobile-Catalog 1965 Austin-Healey 3000 Mk III	https://www.automobile-catalog.com/car/1965/258860/austin-healey_3000_mk_iii.html
EU-AUSTIN-HEALEY-SPRITE-MK-III-CONVERTIBLE-01	3496	1346	1264	Automobile-Catalog 1965 Austin-Healey Sprite Mk III	https://www.automobile-catalog.com/car/1965/75695/austin-healey_sprite_mk_iii.html
EU-AUSTIN-HEALEY-SPRITE-MK-IV-CONVERTIBLE-01	3496	1394	1200	Automobile-Catalog 1969 Austin-Healey Sprite Mk IV	https://www.automobile-catalog.com/car/1969/1698665/austin-healey_sprite_mk_iv.html
EU-AUTOBIANCHI-PRIMULA-I-COUPE-01	3785	1580	1350	Automobile-Catalog 1968 Autobianchi Primula Coupe	https://www.automobile-catalog.com/car/1968/259160/autobianchi_primula_coupe.html
EU-AUTOBIANCHI-Y10-II-156-HATCHBACK-FWD-01	3392	1507	1440	Automobile-Catalog 1990 Lancia Y10 Fire 1.1 i.e. LX	https://www.automobile-catalog.com/car/1990/1381220/lancia_y10_fire_1_1_i_e__lx_cat.html
EU-AUTOBIANCHI-Y10-II-156-HATCHBACK-4WD-01	3392	1537	1460	Automobile-Catalog 1990 Lancia Y10 4WD i.e.	https://www.automobile-catalog.com/car/1990/1381160/lancia_y10_4wd_i_e_.html
EU-BAC-MONO-I-ROADSTER-01	3952	1836	1110	Encycarpedia BAC Mono 2.5	https://www.encycarpedia.com/bac/16-mono-2-5-roadster
EU-BAC-MONO-R-I-ROADSTER-01	3977	1836	1090	Carfolio BAC Mono R	https://www.carfolio.com/bac-mono-r-618563
EU-BAIC-X55-II-SUV-01	4620	1886	1680	BAIC Switzerland X55 II specifications	https://www.baic-schweiz.ch/x55
EU-BAIC-BJ30-II-SUV-01	4730	1910	1790	BAIC Qatar BJ30 specifications	https://www.baic.qa/models/BJ30
EU-BAIC-BJ60-I-SUV-01	5040	1955	1925	BAIC Group B60 official specifications	https://www.baicglobal.com/models/31
EU-BAIC-SENOVA-X25-I-SUV-01	4110	1750	1545	BAIC X25 official brochure	https://cache1.pakwheels.com/system/brochures/605/original/X25_Brochure.pdf
EU-BAIC-SENOVA-X35-I-SUV-01	4300	1815	1640	17VIN 2016 BAIC Senova X35 specification	https://en.17vin.com/model/jg6ol.html
EU-BAIC-SENOVA-X65-I-SUV-01	4654	1816	1680	Zigwheels BAIC X65 2.0T specification	https://www.zigwheels.vn/en/new-cars/baic/x65/2-0t-at-premium
EU-BAIC-X35-II-SUV-01	4325	1830	1640	BAIC Group X35 official specification PDF	https://www.baicglobal.com/file/upload/2022/08/12/X35%20Specifications_20220812131259A118.pdf
EU-BAIC-X75-I-SUV-01	4745	1892	1715	BAIC Switzerland X75 specifications	https://www.baic-schweiz.ch/x75
EU-BARKAS-B1000-VAN-01	4520	1860	1850	Barkas B 1000 technical overview	https://de.wikipedia.org/wiki/Barkas_B_1000
EU-BARKAS-B1000-MINIBUS-01	4520	1860	1910	WheelsAge Barkas B1000 KB Kleinbus specifications	https://en.wheelsage.org/barkas/b1000/kb_kleinbus/specifications
EU-BAW-BJ212-CLASSIC-SUV-01	4080	1840	1870	CarNewsChina BAW BJ212 2.0 specification	https://carnewschina.com/2017/05/10/good-old-beijing-auto-works-bj212-alive-kicking/
EU-BAW-PONY-I-HATCHBACK-01	3162	1498	1585	BAW International Pony official specifications	https://bawauto.com/pony/
EU-BEIJING-X7-I-SUV-01	4710	1892	1715	China Daily Beijing X7 launch specifications	https://epaper.chinadaily.com.cn/a/202006/29/WS5ef92c0ea3107831ec75310f.html
EU-BENTLEY-ARNAGE-I-SEDAN-01	5390	1932	1515	Automobile-Catalog 2000 Bentley Arnage Green Label	https://www.automobile-catalog.com/car/2000/261035/bentley_arnage_green_label.html
EU-BENTLEY-ARNAGE-I-T-SEDAN-01	5400	1932	1515	Automobile-Catalog 2003 Bentley Arnage T	https://www.automobile-catalog.com/car/2003/261095/bentley_arnage_t.html
EU-BENTLEY-AZURE-II-CONVERTIBLE-01	5410	1900	1492	Automobile-Catalog 2006 Bentley Azure	https://www.automobile-catalog.com/car/2006/261245/bentley_azure.html
EU-BENTLEY-AZURE-I-CONVERTIBLE-01	5342	1878	1475	Automobile-Catalog 1999 Bentley Azure	https://www.automobile-catalog.com/car/1999/260960/bentley_azure.html
EU-BENTLEY-BENTAYGA-I-SUV-PREFL-01	5140	1998	1742	Automobile-Catalog 2016 Bentley Bentayga	https://www.automobile-catalog.com/car/2016/2210120/bentley_bentayga.html
EU-BENTLEY-BENTAYGA-I-SUV-FACELIFT-HYBRID-01	5125	2010	1710	Edmunds 2023 Bentley Bentayga Hybrid specifications	https://www.edmunds.com/bentley/bentayga/2023/st-401934848/features-specs/
EU-BENTLEY-BENTAYGA-I-SUV-SPEED-MY26-01	5144	2010	1728	CarExpert 2026 Bentley Bentayga Speed specifications	https://www.carexpert.com.au/bentley/bentayga/2026-speed-4l-suv-4x4-petrol-automatic-jsgwsgwg20250909
EU-BENTLEY-BROOKLANDS-II-COUPE-01	5411	1900	1473	Automobile-Catalog 2010 Bentley Brooklands	https://www.automobile-catalog.com/car/2010/1373480/bentley_brooklands.html
EU-BENTLEY-BROOKLANDS-I-R-SEDAN-01	5295	1914	1486	Automobile-Catalog 1997 Bentley Brooklands R	https://www.automobile-catalog.com/car/1997/260795/bentley_brooklands_r.html
EU-BENTLEY-CONTINENTAL-GT-II-COUPE-01	4806	1944	1404	Automobile-Catalog 2012 Bentley Continental GT W12	https://www.automobile-catalog.com/car/2012/1767680/bentley_continental_gt_w12.html
EU-BENTLEY-CONTINENTAL-FLYING-SPUR-I-SEDAN-PREFL-01	5307	1916	1479	Automobile-Catalog 2005 Bentley Continental Flying Spur	https://www.automobile-catalog.com/car/2005/261320/bentley_continental_flying_spur.html
EU-BENTLEY-CONTINENTAL-FLYING-SPUR-I-SEDAN-FACELIFT-01	5290	1916	1475	Automobile-Catalog 2010 Bentley Continental Flying Spur	https://www.automobile-catalog.com/car/2010/1193525/bentley_continental_flying_spur.html
EU-BENTLEY-CONTINENTAL-GTC-II-CONVERTIBLE-01	4806	1944	1403	Automobile-Catalog 2012 Bentley Continental GTC W12	https://www.automobile-catalog.com/car/2012/1614950/bentley_continental_gtc_6_0_litre_w12.html
EU-BENTLEY-CONTINENTAL-GTC-I-SUPERSPORTS-ISR-01	4804	1916	1388	Automobile-Catalog 2011 Bentley Continental Supersports Convertible	https://www.automobile-catalog.com/car/2011/1373075/bentley_continental_supersports_convertible.html
EU-BENTLEY-CONTINENTAL-GT-I-COUPE-01	4804	1916	1390	Automobile-Catalog 2008 Bentley Continental GT	https://www.automobile-catalog.com/car/2008/1193420/bentley_continental_gt.html
EU-BENTLEY-CONTINENTAL-GTC-I-CONVERTIBLE-01	4804	1916	1398	Automobile-Catalog 2008 Bentley Continental GTC	https://www.automobile-catalog.com/car/2008/1193435/bentley_continental_gtc.html
EU-BENTLEY-CONTINENTAL-GTC-II-SPEED-CONVERTIBLE-01	4806	1943	1393	Carsales 2013 Bentley Continental GTC Speed specifications	https://www.carsales.com.au/research/bentley/continental/2013/gtc-speed/
EU-BENTLEY-CONTINENTAL-GTC-I-SPEED-CONVERTIBLE-01	4804	1916	1388	Automobile-Catalog 2010 Bentley Continental GTC Speed	https://www.automobile-catalog.com/car/2010/1193450/bentley_continental_gtc_speed.html
EU-BENTLEY-CONTINENTAL-FLYING-SPUR-I-SPEED-SEDAN-FACELIFT-01	5290	1916	1465	Bentley Continental Flying Spur 2008 official brochure; EncyCARpedia Bentley Continental Flying Spur Speed	https://autocatalogarchive.com/wp-content/uploads/2016/05/Bentley-Continental-Flying-Spur-2008.pdf;https://www.encycarpedia.com/bentley/08-continental-flying-spur-speed-saloon
EU-BENTLEY-CONTINENTAL-GT-I-SUPERSPORTS-COUPE-01	4804	1945	1380	Bentley Heritage Collection; carsales	https://www.bentleymedia.com/en/heritage-collection/2011-continental-supersports-dk12fzm;https://www.carsales.com.au/research/bentley/continental/2009/supersports/
EU-BENTLEY-CONTINENTAL-GT-III-COUPE-01	4850	1954	1405	Automobile-Catalog	https://www.automobile-catalog.com/car/2021/2606630/bentley_continental_gt.html
EU-BENTLEY-CONTINENTAL-R-I-COUPE-01	5342	1872	1462	Automobile-Catalog Bentley Continental R; Automobile-Catalog Bentley Continental S	https://www.automobile-catalog.com/car/1996/260825/bentley_continental_r.html;https://www.automobile-catalog.com/car/1994/2993630/bentley_continental_s.html
EU-BENTLEY-CONTINENTAL-T-I-MULLINER-COUPE-01	5222	1872	1447	Automobile-Catalog Bentley Continental T Mulliner	https://www.automobile-catalog.com/car/1999/261020/bentley_continental_t_mulliner.html
EU-BENTLEY-CONTINENTAL-GTC-IV-CONVERTIBLE-01	4895	1966	1392	Bentley Motors; Edmunds	https://www.bentleymotors.com/en/models/continental-gtc/continental-gtc.html;https://www.edmunds.com/bentley/continental/2025/st-402064474/features-specs/
EU-BENTLEY-CONTINENTAL-GT-IV-COUPE-01	4895	1966	1397	Bentley Motors; Automobile-Catalog	https://www.bentleymotors.com/en/models/continental-gt/continental-gt.html;https://www.automobile-catalog.com/car/2025/3342005/bentley_continental_gt_speed.html
EU-BENTLEY-FLYING-SPUR-III-SEDAN-01	5316	1978	1483	Bentley Flying Spur official brochure	https://cdn.bentleymotors.com/downloads/en/brochure/global/flying-spur/BEN-FS-21-017_FlyingSpurMullinerCustomerBookUpdate_EN_v17_AW%28Digital%29_clean.pdf
EU-BENTLEY-FLYING-SPUR-II-SEDAN-01	5295	1976	1488	Automobile-Catalog	https://www.automobile-catalog.com/car/2014/1830305/bentley_flying_spur.html
EU-BENTLEY-FLYING-SPUR-III-SEDAN-FACELIFT-01	5316	1988	1474	Bentley Media technical specifications	https://www.bentleymedia.com/attachment/7b743a18-74d8-4a2b-89c6-5eee8377392f
EU-BENTLEY-MULSANNE-II-SEDAN-01	5575	1926	1521	Bentley Heritage Collection; Automobile-Catalog Bentley Mulsanne	https://www.bentleymedia.com/en/heritage-collection/2010-mulsanne-dk10fej;https://www.automobile-catalog.com/car/2010/1193390/bentley_mulsanne.html
EU-BENTLEY-MULSANNE-TURBO-I-SEDAN-01	5309	1887	1485	Automobile-Catalog Bentley Mulsanne Turbo	https://www.automobile-catalog.com/car/1984/260240/bentley_mulsanne_turbo.html
EU-BENTLEY-T1-I-SEDAN-01	5169	1803	1518	Bentley Heritage Collection; Automobile-Catalog Bentley T	https://www.bentleymedia.com/en/heritage-collection/1965-t-series-saloon;https://www.automobile-catalog.com/car/1976/76205/bentley_t.html
EU-BENTLEY-TURBO-R-I-SEDAN-FACELIFT-01	5295	1914	1480	Automobile-Catalog Bentley Turbo R	https://www.automobile-catalog.com/car/1995/260840/bentley_turbo_r.html
EU-BENTLEY-TURBO-S-I-SEDAN-01	5268	1887	1480	Automobile-Catalog Bentley Turbo S	https://www.automobile-catalog.com/car/1995/1767995/bentley_turbo_s.html
EU-BERTONE-FREECLIMBER-II-SUV-3D-01	3785	1740	1720	UltimateSpecs	https://www.ultimatespecs.com/car-specs/Bertone/18094/Bertone-Freeclimber-16-Si.html
EU-BERTONE-FREECLIMBER-I-SUV-3D-01	3995	1650	1650	Drive.Place Bertone Freeclimber I; Auto-Data Bertone Freeclimber	https://bertone.drive.place/freeclimber/i/group_offroad_3d/357942;https://www.auto-data.net/en/bertone-freeclimber-generation-1641
EU-BESTUNE-B70-III-HATCHBACK-FACELIFT-01	4810	1840	1455	BESTUNE Russia official specification	https://bestune.ru/B70_Price_01_11_2025_6557653825203732106.pdf
EU-BESTUNE-YUEYI-07-I-SUV-01	4745	1880	1710	Auto-Data	https://www.auto-data.net/en/bestune-yueyi-07-generation-10854
EU-BESTUNE-T77-I-SUV-FACELIFT-01	4525	1845	1615	Bestune Qatar official specification	https://www.bestune-qatar.com/en/car/t77
EU-BESTUNE-T90-I-SUV-01	4718	1880	1710	BESTUNE Russia official specification	https://bestune.ru/models/new-bestune-t90/t90-tth/
EU-BITTER-TYPE-3-I-CONVERTIBLE-PREFL-01	4450	1765	1395	1988 Bitter Type 3 US brochure	https://www.carbackcatalogue.com/cars/bitter/models/type-3/1980-1989/1988/1988-bitter-type-3-us-brochure-specs-info.html
EU-BMC-MEGASTAR-I-VAN-290V-LOWROOF-01	4784	1958	2220	BMC Megastar 290 V/360 V official brochure; BMC Megastar 290 V Kombi Van official brochure	https://www.dersadiesel.com/files/290v_360V_panel_van.pdf;https://www.dersadiesel.com/files/290v_kombi_van.pdf
EU-BMC-MEGASTAR-I-PICKUP-310P-01	5326	1958	2220	BMC Megastar 310 P/360 P official brochure	https://www.dersadiesel.com/files/310p_360p_tek_sira.pdf
EU-BMC-MEGASTAR-I-VAN-360V-LOWROOF-PREFL-01	5484	1958	2220	BMC Megastar 290 V/360 V official brochure	https://www.dersadiesel.com/files/290v_360V_panel_van.pdf
EU-BMC-MEGASTAR-I-VAN-360V-LOWROOF-FACELIFT-01	5502	1958	2255	BMC Megastar 360 V/360 VH official brochure	https://www.dersadiesel.com/files/360vh_panel_van.pdf
EU-BMC-MEGASTAR-I-VAN-360VH-HIGHROOF-01	5502	1958	2445	BMC Megastar 360 V/360 VH official brochure	https://www.dersadiesel.com/files/360vh_panel_van.pdf
EU-BMC-MEGASTAR-I-PICKUP-360P-01	5826	1958	2220	BMC Megastar 310 P/360 P official brochure	https://www.dersadiesel.com/files/310p_360p_tek_sira.pdf
EU-BMW-1-SERIES-F70-HATCHBACK-5D-01	4361	1800	1459	BMW Group technical specifications	https://www.press.bmwgroup.com/global/article/attachment/T0446043EN/624101
EU-BMW-1-SERIES-F20-HATCHBACK-5D-PREFL-01	4324	1765	1421	BMW Group official technical specifications – BMW 1 Series F20 5 Door	https://www.press.bmwgroup.com/global/article/attachment/T0132458EN/199449
EU-BMW-1-SERIES-F21-HATCHBACK-3D-PREFL-01	4324	1765	1421	BMW Group official technical specifications – BMW 1 Series F21 3 Door	https://www.press.bmwgroup.com/global/article/attachment/T0132455EN/199443
EU-BMW-1-SERIES-F21-HATCHBACK-3D-FACELIFT-01	4329	1765	1421	BMW Group official technical specifications – BMW 1 Series F21 LCI 3 Door	https://www.press.bmwgroup.com/global/article/attachment/T0286379EN/419629
EU-BMW-1-SERIES-F20-HATCHBACK-5D-FACELIFT-01	4329	1765	1421	BMW Group official technical specifications – BMW 1 Series F20 LCI 5 Door	https://www.press.bmwgroup.com/global/article/attachment/T0286379EN/419630
EU-BMW-1-SERIES-E87-HATCHBACK-5D-FACELIFT-01	4239	1748	1421	BMW Group official technical specifications – BMW 1 Series 5 Door	https://www.press.bmwgroup.com/netherlands/article/attachment/T0024402NL/44288
EU-BMW-1-SERIES-E81-HATCHBACK-3D-01	4239	1748	1421	BMW Group official technical specifications – BMW 1 Series 3 Door	https://www.press.bmwgroup.com/netherlands/article/attachment/T0024402NL/44288
EU-BMW-1-SERIES-E87-HATCHBACK-5D-PREFL-01	4227	1751	1430	BMW Group official technical specifications – BMW 1 Series 5 Door Pre-Facelift	https://www.press.bmwgroup.com/united-kingdom/article/attachment/T0013432EN_GB/30291
EU-BMW-1-SERIES-E82-COUPE-01	4360	1748	1423	BMW Group official technical specifications – BMW 1 Series Coupe	https://www.press.bmwgroup.com/global/article/attachment/T0095893EN/142801
EU-BMW-1-SERIES-E88-CONVERTIBLE-01	4360	1748	1411	BMW Group official technical specifications – BMW 1 Series Convertible	https://www.press.bmwgroup.com/global/article/attachment/T0095873EN/142796
EU-BMW-1-SERIES-F20-HATCHBACK-5D-MPERFORMANCE-PREFL-01	4340	1765	1411	BMW Group PressClub — BMW M135i five-door technical data	https://www.press.bmwgroup.com/global/article/attachment/T0126696EN/207829
EU-BMW-1-SERIES-F21-HATCHBACK-3D-MPERFORMANCE-PREFL-01	4340	1765	1411	BMW Group PressClub — BMW M135i three-door technical data	https://www.press.bmwgroup.com/greece/article/attachment/T0128334EL/192583
EU-BMW-1-SERIES-F21-HATCHBACK-3D-MPERFORMANCE-FACELIFT-01	4324	1765	1411	BMW Group PressClub — BMW UK 1 Series F20/F21 LCI technical data	https://www.press.bmwgroup.com/united-kingdom/article/attachment/T0274992EN_GB/395392
EU-BMW-1-SERIES-F20-HATCHBACK-5D-MPERFORMANCE-FACELIFT-01	4324	1765	1411	BMW Group PressClub — BMW UK 1 Series F20/F21 LCI technical data	https://www.press.bmwgroup.com/united-kingdom/article/attachment/T0274992EN_GB/395392
EU-BMW-2-SERIES-F74-GRAN-COUPE-01	4546	1800	1445	BMW Group PressClub — The new BMW 2 Series Gran Coupé	https://www.press.bmwgroup.com/ireland/article/detail/T0445719EN/the-new-bmw-2-series-gran-coup%C3%A9?language=en
EU-BMW-2-SERIES-F45-MPV-PREFL-01	4342	1800	1555	BMW Group PressClub — The new BMW 2 Series Active Tourer	https://www.press.bmwgroup.com/global/article/detail/T0186826EN/the-new-bmw-2-series-active-tourer?language=en
EU-BMW-2-SERIES-F46-MPV-PREFL-01	4556	1800	1612	BMW Group PressClub — The new BMW 216i Gran Tourer	https://www.press.bmwgroup.com/asia/article/detail/T0274133EN/the-new-bmw-216i-gran-tourer-now-available-in-singapore?language=en
EU-BMW-2-SERIES-F45-MPV-FACELIFT-01	4354	1800	1555	BMW Group PressClub — Specifications BMW 2 Series Active Tourer, 09/2018	https://www.press.bmwgroup.com/global/article/detail/T0286423EN/specifications-of-the-bmw-2-series-active-tourer-valid-from-september-2018?language=en
EU-BMW-2-SERIES-F46-MPV-FACELIFT-01	4568	1800	1612	BMW Group PressClub — Specifications BMW 2 Series Gran Tourer, 09/2018	https://www.press.bmwgroup.com/global/article/detail/T0286424EN/specifications-of-the-bmw-2-series-gran-tourer-valid-from-september-2018?language=en
EU-BMW-2-SERIES-U06-MPV-01	4386	1824	1576	BMW Group PressClub — The new BMW 2 Series Active Tourer	https://www.press.bmwgroup.com/czech/article/detail/T0347812CS/nov%C3%A9-bmw-%C5%99ady-2-active-tourer?language=cs
EU-BMW-2-SERIES-F22-COUPE-01	4432	1774	1418	BMW Group PressClub — A new dimension in dynamics: the BMW 2 Series Coupé	https://www.press.bmwgroup.com/global/article/detail/T0151285EN/a-new-dimension-in-dynamics-the-bmw-2-series-coupe?language=en
EU-BMW-2-SERIES-F23-CONVERTIBLE-01	4432	1774	1413	BMW Group PressClub — BMW 2 Series Convertible technical data	https://www.press.bmwgroup.com/global/article/attachment/T0192483EN/295142
EU-BMW-2-SERIES-G42-COUPE-01	4537	1838	1390	BMW Group PressClub — The all-new BMW 2 Series Coupé	https://www.press.bmwgroup.com/united-kingdom/article/detail/T0337149EN_GB/the-all-new-bmw-2-series-coup%C3%A9?language=en_GB
EU-BMW-2-SERIES-F44-GRAN-COUPE-01	4526	1800	1420	BMW Group PressClub first BMW 2 Series Gran Coupé press kit	https://www.press.bmwgroup.com/poland/article/detail/T0301802PL/pierwsze-w-historii-bmw-serii-2-gran-coupe?language=pl
EU-BMW-2-SERIES-F22-MPERFORMANCE-COUPE-01	4454	1774	1408	BMW M235i Coupé official technical specifications; BMW M240i Coupé official technical specifications	https://www.press.bmwgroup.com/global/article/attachment/T0165234EN/250291;https://www.press.bmwgroup.com/global/article/attachment/T0270425EN/401705
EU-BMW-2-SERIES-F23-MPERFORMANCE-CONVERTIBLE-01	4454	1774	1403	BMW M235i Convertible official technical specifications; BMW M240i Convertible official technical specifications	https://www.press.bmwgroup.com/global/article/attachment/T0202265EN/293527;https://www.press.bmwgroup.com/global/article/attachment/T0327250EN/473317
EU-BMW-M2-F87-COUPE-01	4468	1854	1410	BMW M2 Coupé official technical specifications	https://www.press.bmwgroup.com/asia/article/attachment/T0238704EN/332758
EU-BMW-M2-G87-COUPE-01	4580	1887	1403	BMW Group PressClub Canada 2025 BMW M2 press kit	https://www.press.bmwgroup.com/canada/article/detail/T0443109EN/the-new-2025-bmw-m2?language=en
EU-BMW-M2-G87-CS-COUPE-01	4587	1887	1395	BMW M2 CS official technical specifications 05/2025	https://www.press.bmwgroup.com/global/article/attachment/T0450299EN/632433
EU-BMW-2-SERIES-G42-M240I-RWD-COUPE-01	4548	1838	1397	BMW M240i Coupé official technical specifications valid 05/2022	https://www.press.bmwgroup.com/global/article/attachment/T0393118EN/552858
EU-BMW-2-SERIES-G42-M240I-XDRIVE-COUPE-01	4548	1838	1404	BMW 2 Series Coupé M240i xDrive official technical specifications 06/2024	https://www.press.bmwgroup.com/asia/article/attachment/T0443240EN/618422
EU-BMW-3-E46-COUPE-01	4488	1757	1369	BMW E46 Coupé official technical data	https://www.press.bmwgroup.com/italy/article/attachment/T0144010IT/220376
EU-BMW-3-E91-WAGON-FACELIFT-01	4527	1817	1418	BMW 3 Series Touring E91 facelift official specifications	https://www.press.bmwgroup.com/global/article/attachment/T0039740EN/60981
EU-BMW-3-F31-WAGON-RWD-PREFL-01	4624	1811	1429	BMW 316d/318d Touring official specifications valid 11/2012	https://www.press.bmwgroup.com/global/article/attachment/T0132112EN/207744/Specifications_BMW_3_Series_Touring_316d_318d_11_2012.pdf
EU-BMW-3-F31-WAGON-RWD-FACELIFT-01	4633	1811	1429	BMW 3 Series Touring facelift official specifications	https://www.press.bmwgroup.com/global/article/attachment/T0234765EN/349813/The_new_BMW_3_Series_Sedan_The_new_BMW_3_Series_Touring_Specifications_EN.pdf
EU-BMW-3-G20-SEDAN-RWD-PREFL-01	4709	1827	1435	BMW 3 Series Sedan G20 official technical specifications	https://www.press.bmwgroup.com/global/article/attachment/T0299451EN/437354
EU-BMW-3-G20-SEDAN-RWD-FACELIFT-01	4713	1827	1440	BMW 318d Sedan official technical specifications 05/2024	https://www.press.bmwgroup.com/global/article/attachment/T0442333EN/620072
EU-BMW-3-G21-WAGON-RWD-PREFL-01	4709	1827	1440	BMW 3 Series Touring G21 official technical specifications	https://www.press.bmwgroup.com/global/article/attachment/T0297109EN/432678/The_new_BMW_3_Series_Touring_Specifications.pdf
EU-BMW-3-G21-WAGON-RWD-FACELIFT-01	4713	1827	1440	BMW 3 Series Touring official technical specifications 05/2024	https://www.press.bmwgroup.com/global/article/attachment/T0442333EN/620073
EU-BMW-3-E46-SEDAN-01	4471	1739	1415	BMW E46 Sedan official technical data	https://www.press.bmwgroup.com/korea/article/detail/T0045096KO/bmw-325i-330i-%EC%B6%9C%EC%8B%9C-3%EC%8B%9C%EB%A6%AC%EC%A6%88-%EC%A0%84-%EB%AA%A8%EB%8D%B8-%EA%B5%AC%EC%B6%95?language=ko
EU-BMW-3-E36-COMPACT-HATCHBACK-3D-01	4210	1698	1393	Automobile-Catalog BMW 316i Compact specifications	https://www.automobile-catalog.com/car/1994/269855/bmw_316i_compact.html
EU-BMW-3-E36-TOURING-WAGON-01	4433	1698	1391	Automobile-Catalog BMW 316i Touring specifications	https://www.automobile-catalog.com/car/1995/270695/bmw_316i_touring.html
EU-BMW-3-E30-TOURING-WAGON-01	4325	1645	1380	Automobile-Catalog BMW E30 Touring specifications	https://www.automobile-catalog.com/car/1991/266480/bmw_324td_touring.html
EU-BMW-3-E46-TOURING-WAGON-01	4478	1739	1409	BMW E46 Touring official technical data	https://www.press.bmwgroup.com/belux/article/attachment/T0032927FR/53363
EU-BMW-3-E92-COUPE-PREFL-01	4580	1782	1395	BMW 3 Series Coupé E92 official specifications	https://www.press.bmwgroup.com/south-africa/article/attachment/T0129163EN/195139
EU-BMW-3-E92-COUPE-FACELIFT-01	4612	1782	1395	BMW 3 Series Coupé E92 facelift official specifications	https://www.press.bmwgroup.com/portugal/article/attachment/T0127866PT/193969
EU-BMW-3-F30-SEDAN-RWD-PREFL-01	4624	1811	1429	BMW 316i Sedan official specifications valid 11/2012	https://www.press.bmwgroup.com/global/article/attachment/T0131800EN/207748/Specifications_BMW_3_Series_Sedan_316i_11_2012.pdf
EU-BMW-3-F30-SEDAN-RWD-FACELIFT-01	4633	1811	1429	BMW 3 Series Sedan facelift official specifications	https://www.press.bmwgroup.com/global/article/attachment/T0234765EN/349813/The_new_BMW_3_Series_Sedan_The_new_BMW_3_Series_Touring_Specifications_EN.pdf
EU-BMW-3-E30-BAUR-TC-CONVERTIBLE-01	4325	1645	1380	BMW Group Classic E30 Baur Topcabriolet; BMWman E30 Baur dimensions	https://www.bmwgroup-classic.com/en/models/bmw-classics/product-description-page.ad-907-1.bmw-3-series-baur-topcabriolet-e30.html;https://www.bmwman.ru/blog/models/item/avtomobil-bmw-3-y-serii-e30-325i-baur-topcabriolet-1985-1991-gody
EU-BMW-3-E46-COMPACT-HATCHBACK-3D-01	4262	1751	1408	BMW E46 Compact official technical data	https://www.press.bmwgroup.com/belux/article/attachment/T0032927FR/53363
EU-BMW-3-E46-CONVERTIBLE-01	4488	1757	1372	Automobile-Catalog BMW E46 Cabrio specifications	https://www.automobile-catalog.com/car/2001/276350/bmw_318ci_cabrio.html
EU-BMW-3-E90-SEDAN-PREFL-01	4520	1817	1421	BMW 3 Series Sedan E90 official specifications	https://www.press.bmwgroup.com/south-africa/article/attachment/T0129152EN/195123
EU-BMW-3-E90-SEDAN-FACELIFT-01	4531	1817	1421	BMW 3 Series Sedan E90 facelift official specifications	https://www.press.bmwgroup.com/global/article/attachment/T0039673EN/60844
EU-BMW-3-F34-GRAN-TURISMO-HATCHBACK-01	4824	1828	1508	BMW 3 Series Gran Turismo official press kit; BMW 3 Series Gran Turismo facelift official press kit	https://www.press.bmwgroup.com/global/article/attachment/T0136657EN/256325/The_new_BMW_3_Series_Gran_Turismo.pdf;https://www.press.bmwgroup.com/slovak/article/attachment/T0260376SK/359995
EU-BMW-3-F30-SEDAN-XDRIVE-PREFL-01	4624	1811	1434	BMW 3 Series Sedan xDrive official specifications	https://www.press.bmwgroup.com/global/article/attachment/T0127960EN/191798
EU-BMW-3-F31-WAGON-XDRIVE-PREFL-01	4624	1811	1434	BMW 320d xDrive Touring official specifications valid 03/2013	https://www.press.bmwgroup.com/global/article/attachment/T0137145EN/208688/Specifications_BMW_3_Series_Touring_320d_xDrive_03_2013.pdf
EU-BMW-3-F30-SEDAN-XDRIVE-FACELIFT-01	4633	1811	1434	BMW 3 Series Sedan xDrive facelift official specifications	https://www.press.bmwgroup.com/global/article/attachment/T0234765EN/349813/The_new_BMW_3_Series_Sedan_The_new_BMW_3_Series_Touring_Specifications_EN.pdf
EU-BMW-3-F31-WAGON-XDRIVE-FACELIFT-01	4633	1811	1434	BMW Group PressClub – new BMW 3 Series Sedan/Touring specifications	https://www.press.bmwgroup.com/global/article/attachment/T0234765EN/349813/The_new_BMW_3_Series_Sedan_The_new_BMW_3_Series_Touring_Specifications_EN.pdf
EU-BMW-3-E91-WAGON-PREFL-01	4520	1817	1418	BMW Group PressClub Asia – new BMW 3 Series Touring	https://www.press.bmwgroup.com/asia/article/detail/T0045359EN/dynamic-versatile-elegant%3A-the-new-bmw-3-series-touring?language=en
EU-BMW-3-E93-CONVERTIBLE-FACELIFT-01	4612	1782	1384	BMW Group PressClub – BMW 3 Series Convertible specifications	https://www.press.bmwgroup.com/global/article/attachment/T0077073EN/112931
EU-BMW-3-E36-SEDAN-01	4433	1698	1393	AutoData1 BMW E36 3 Series Sedan 318i	https://www.autodata1.com/en/car/bmw/3-series/3-series-sedan-e36-318i-113-hp-automatic
EU-BMW-3-E36-COUPE-01	4433	1710	1366	Auto-Data BMW E36 323i Coupe	https://www.auto-data.net/en/bmw-3-series-coupe-e36-323i-170hp-10053
EU-BMW-3-E93-CONVERTIBLE-PREFL-01	4580	1782	1384	BMW Group PressClub – BMW 3 Series Convertible specifications	https://www.press.bmwgroup.com/global/article/attachment/T0039874EN/61178
EU-BMW-3-G21-WAGON-XDRIVE-PHEV-PREFL-01	4709	1827	1442	BMW Group PressClub – BMW 320e xDrive Touring specifications 03/2021	https://www.press.bmwgroup.com/global/article/attachment/T0325532EN/471539
EU-BMW-3-G21-WAGON-XDRIVE-PHEV-FACELIFT-01	4713	1827	1442	Automobile-Catalog BMW 320e xDrive Touring 2024	https://www.automobile-catalog.com/car/2024/3085265/bmw_320e_xdrive_touring.html
EU-BMW-3-E30-SEDAN-320IS-01	4325	1645	1380	BMW E30 320iS technical data; BMW Group Classic 320is	https://www.bmwe21.net/?page_id=173;https://www.bmwgroup-classic.com/en/models/bmw-classics/product-description-page.ad-95-1.-bmw-320is-e30-italy-model.html
EU-BMW-3-E36-CONVERTIBLE-01	4433	1710	1348	Automobile-Catalog BMW E36 328i Convertible	https://www.automobile-catalog.com/car/1999/1508705/bmw_328i_convertible.html
EU-BMW-3-E46-SEDAN-XDRIVE-01	4471	1739	1434	Auto-Data BMW E46 330xi Sedan; Auto-Data BMW E46 330xd Sedan	https://www.auto-data.net/en/bmw-3-series-sedan-e46-330xi-231hp-automatic-21147; https://www.auto-data.net/en/bmw-3-series-sedan-e46-330xd-184hp-9992
EU-BMW-3-E46-TOURING-WAGON-XDRIVE-01	4478	1739	1429	Auto-Data BMW 3 Series Touring E46 facelift 330xi	https://www.auto-data.net/en/bmw-3-series-touring-e46-facelift-2001-330xi-231hp-42595
EU-BMW-3-G21-WAGON-XDRIVE-PREFL-01	4709	1827	1445	BMW PressClub G21 technical specifications	https://www.press.bmwgroup.com/global/article/attachment/T0297109EN/432678/The_new_BMW_3_Series_Touring_Specifications.pdf
EU-BMW-3-G21-WAGON-XDRIVE-FACELIFT-01	4713	1827	1445	BMW PressClub G21 LCI technical specifications	https://www.press.bmwgroup.com/global/article/attachment/T0442333EN/620073
EU-BMW-3-G20-SEDAN-XDRIVE-FACELIFT-01	4713	1827	1445	BMW PressClub G20 LCI technical specifications	https://www.press.bmwgroup.com/czech/article/attachment/T0442604CS/616678
EU-BMW-3-G20-SEDAN-XDRIVE-PREFL-01	4709	1827	1440	BMW Group PressClub G20 technical specifications	https://www.press.bmwgroup.com/global/article/detail/T0305731EN/specifications-of-the-new-bmw-3-series-sedan-320d-and-the-new-bmw-3-series-sedan-320d-xdrive-valid-from-03/2020?language=en
EU-BMW-3-E46-M3-COUPE-01	4492	1780	1372	BMW 25 Years M3 official technical specifications	https://www.press.bmwgroup.com/italy/article/attachment/T0082320IT/125300
EU-BMW-3-E46-M3-CONVERTIBLE-01	4492	1780	1372	BMW 25 Years M3 official technical specifications	https://www.press.bmwgroup.com/italy/article/attachment/T0082320IT/125300
EU-BMW-3-F80-M3-SEDAN-01	4671	1877	1430	BMW Group PressClub F80 M3 technical specifications	https://www.press.bmwgroup.com/global/article/detail/T0179962EN/specifications-of-the-new-bmw-m3-sedan-and-the-new-bmw-m4-coupe-valid-from-03/2014?language=en
EU-BMW-3-E30-M3-CONVERTIBLE-01	4345	1680	1370	BMW 25 Years M3 official technical specifications	https://www.press.bmwgroup.com/italy/article/attachment/T0082320IT/125300
EU-BMW-3-E36-M3-SEDAN-01	4433	1698	1365	BMW 25 Years M3 official technical specifications	https://www.press.bmwgroup.com/italy/article/attachment/T0082320IT/125300
EU-BMW-3-E36-M3-COUPE-01	4433	1710	1335	BMW 25 Years M3 official technical specifications	https://www.press.bmwgroup.com/italy/article/attachment/T0082320IT/125300
EU-BMW-3-E36-M3-CONVERTIBLE-01	4433	1710	1340	BMW 25 Years M3 official technical specifications	https://www.press.bmwgroup.com/italy/article/attachment/T0082320IT/125300
EU-BMW-3-G80-M3-SEDAN-XDRIVE-01	4794	1903	1433	BMW Group PressClub G80 M3 technical specifications	https://www.press.bmwgroup.com/global/article/attachment/T0316649EN/476823
EU-BMW-3-G81-M3-TOURING-XDRIVE-01	4794	1903	1446	BMW Group PressClub G81 M3 Touring technical specifications	https://www.press.bmwgroup.com/united-kingdom/article/detail/T0401213EN_GB/the-new-bmw-m3-competition-touring-with-m-xdrive-%E2%80%93-the-first-ever-bmw-m3-touring?language=en_GB
EU-BMW-3-E90-M3-CRT-SEDAN-01	4614	1817	1416	BMW M3 CRT official technical specifications	https://www.press.bmwgroup.com/middle-east/article/attachment/T0117882EN/171189
EU-BMW-3-E46-M3-CSL-COUPE-01	4492	1780	1365	BMW 25 Years M3 official technical specifications	https://www.press.bmwgroup.com/italy/article/attachment/T0082320IT/125300
EU-BMW-3-E92-M3-GTS-COUPE-01	4645	1804	1387	BMW M3 GTS official technical specifications	https://www.press.bmwgroup.com/global/article/attachment/T0080423EN/120831
EU-BMW-4-3-0-CSL-COUPE-01	4794	1921	1386	UltimateSpecs BMW CSL 3.0 dimensions; BMW Group PressClub 3.0 CSL model boundary	https://www.ultimatespecs.com/car-specs/BMW/138093/BMW-CSL-30.html;https://www.press.bmwgroup.com/global/article/detail/T0405918EN/the-bmw-3-0-csl?language=en
EU-BMW-4-F32-COUPE-RWD-01	4638	1825	1362	BMW Group PressClub F32 Coupe technical specifications	https://www.press.bmwgroup.com/global/article/attachment/T0142634EN/256334
EU-BMW-4-F33-CONVERTIBLE-01	4638	1825	1384	BMW Group PressClub F33 Convertible technical specifications	https://www.press.bmwgroup.com/global/article/detail/T0149105EN/the-new-bmw-4-series-convertible?language=en
EU-BMW-4-G23-CONVERTIBLE-01	4768	1852	1384	BMW Group PressClub G23 Convertible technical specifications	https://www.press.bmwgroup.com/global/article/attachment/T0317628EN/472045
EU-BMW-4-G22-COUPE-RWD-01	4768	1852	1383	BMW Group PressClub G22 Coupe technical specifications	https://www.press.bmwgroup.com/netherlands/article/attachment/T0309157NL/451837
EU-BMW-4-G22-COUPE-XDRIVE-01	4768	1852	1390	BMW Group PressClub G22 Coupe technical specifications	https://www.press.bmwgroup.com/netherlands/article/attachment/T0309157NL/451837
EU-BMW-4-F32-COUPE-XDRIVE-01	4638	1825	1377	BMW Group PressClub F32 Coupe technical specifications	https://www.press.bmwgroup.com/global/article/attachment/T0142634EN/256334
EU-BMW-4-F33-CONVERTIBLE-XDRIVE-01	4638	1825	1399	BMW Group PressClub technical specifications	https://www.press.bmwgroup.com/global/article/attachment/T0252344EN/348100
EU-BMW-4-G23-CONVERTIBLE-XDRIVE-01	4768	1852	1391	BMW Group PressClub technical specifications	https://www.press.bmwgroup.com/global/article/attachment/T0439260EN/632532
EU-BMW-I4-G26-GRAN-COUPE-01	4783	1852	1448	BMW Group PressClub technical specifications; BMW UK official technical data	https://www.press.bmwgroup.com/global/article/attachment/T0441229EN/617130;https://www.bmw.co.uk/en/all-models/m-models/bmw-i4-m60/bmw-i4-m60-xdrive-gran-coupe-technical-data.html
EU-BMW-4-G22-M440I-COUPE-RWD-01	4770	1852	1386	BMW Group PressClub technical specifications	https://www.press.bmwgroup.com/global/article/attachment/T0333558EN/480212
EU-BMW-4-G23-M440I-CONVERTIBLE-RWD-01	4770	1852	1387	Automobile-Catalog European specifications	https://www.automobile-catalog.com/car/2023/3047120/bmw_m440i_cabrio.html
EU-BMW-4-G23-M440I-CONVERTIBLE-XDRIVE-01	4770	1852	1394	BMW Group PressClub technical specifications	https://www.press.bmwgroup.com/global/article/attachment/T0439260EN/632532
EU-BMW-4-G22-M440I-COUPE-XDRIVE-01	4770	1852	1393	BMW Group PressClub technical specifications	https://www.press.bmwgroup.com/global/article/attachment/T0439260EN/632531
EU-BMW-M4-F82-COUPE-01	4671	1870	1383	BMW Group PressClub technical specifications	https://www.press.bmwgroup.com/czech/article/attachment/T0286620CS/417940
EU-BMW-M4-F83-CONVERTIBLE-01	4671	1870	1386	BMW Group PressClub technical specifications	https://www.press.bmwgroup.com/czech/article/attachment/T0286619CS/417939
EU-BMW-M4-G82-COUPE-XDRIVE-PREFL-01	4794	1887	1394	BMW Group PressClub technical specifications	https://www.press.bmwgroup.com/deutschland/article/attachment/T0329893DE/477737
EU-BMW-M4-G83-CONVERTIBLE-XDRIVE-PREFL-01	4794	1887	1395	BMW Group PressClub technical specifications	https://www.press.bmwgroup.com/italy/article/attachment/T0333554IT/480716
EU-BMW-M4-G82-COUPE-XDRIVE-FACELIFT-01	4801	1887	1398	BMW Group PressClub technical specifications	https://www.press.bmwgroup.com/belux/article/attachment/T0439390FR/611365
EU-BMW-M4-G83-CONVERTIBLE-XDRIVE-FACELIFT-01	4801	1887	1399	BMW Group PressClub technical specifications	https://www.press.bmwgroup.com/belux/article/attachment/T0439390FR/611364
EU-BMW-M4-F82-CS-COUPE-01	4672	1870	1392	BMW Group PressClub technical specifications	https://www.press.bmwgroup.com/global/article/attachment/T0269820EN/386745
EU-BMW-4-G82-M4-CS-COUPE-01	4801	1918	1399	BMW Group PressClub BMW M4 CS official technical specifications	https://www.press.bmwgroup.com/global/article/attachment/T0441542EN/615500
EU-BMW-4-F82-M4-GTS-COUPE-01	4689	1870	1383	BMW Group PressClub BMW M4 GTS official specifications	https://www.press.bmwgroup.com/global/article/attachment/T0236962EN/385978
EU-BMW-5-F11-WAGON-01	4907	1860	1462	BMW Group PressClub The New BMW 5 Series Touring official press kit; BMW Group PressClub BMW 518d and 520d official specifications	https://www.press.bmwgroup.com/global/article/attachment/T0078341EN/132719;https://www.press.bmwgroup.com/global/article/attachment/T0193460EN/281508
EU-BMW-5-F10-SEDAN-FACELIFT-01	4907	1860	1464	BMW Group PressClub Specifications of the BMW 5 Series Sedan valid from July 2013	https://www.press.bmwgroup.com/global/article/attachment/T0143206EN/224272
EU-BMW-5-E34-WAGON-01	4720	1751	1417	ADAC BMW 518i Touring E34 technical data	https://www.adac.de/rund-ums-fahrzeug/autokatalog/marken-modelle/bmw/5er-reihe/e34-e34s-e345s/285746/
EU-BMW-5-E12-SEDAN-01	4620	1690	1425	Automobile-Catalog 1979 BMW 518i technical specifications	https://www.automobile-catalog.com/car/1979/170480/bmw_518i.html
EU-BMW-5-E28-SEDAN-01	4620	1700	1415	ADAC BMW 518i E28 technical data	https://www.adac.de/rund-ums-fahrzeug/autokatalog/marken-modelle/bmw/5er-reihe/e28-e28s/254414/
EU-BMW-5-E39-SEDAN-01	4775	1800	1435	ADAC BMW 520d E39 technical data	https://www.adac.de/rund-ums-fahrzeug/autokatalog/marken-modelle/bmw/5er-reihe/e39-e39s-facelift/112777/
EU-BMW-5-E39-WAGON-01	4805	1800	1445	ADAC BMW 520d Touring E39 technical data	https://www.adac.de/rund-ums-fahrzeug/autokatalog/marken-modelle/bmw/5er-reihe/e39-e39s-facelift/108048/
EU-BMW-5-E60-SEDAN-01	4841	1846	1468	ADAC BMW 520d E60 technical data	https://www.adac.de/rund-ums-fahrzeug/autokatalog/marken-modelle/bmw/5er-reihe/e60-e61-facelift/221929/
EU-BMW-5-F07-HATCHBACK-PREFL-01	4998	1901	1559	BMW Group PressClub BMW 520d Gran Turismo official specifications	https://www.press.bmwgroup.com/global/article/attachment/T0126736EN/207765
EU-BMW-5-F07-HATCHBACK-FACELIFT-01	5004	1901	1559	BMW Group PressClub BMW 5 Series Gran Turismo official specifications	https://www.press.bmwgroup.com/global/article/attachment/T0143207EN/219005
EU-BMW-5-F10-SEDAN-PREFL-01	4899	1860	1464	BMW Group PressClub The New BMW 5 Series Sedan official press kit	https://www.press.bmwgroup.com/global/article/attachment/T0076602EN/132811
EU-BMW-5-G30-SEDAN-PREFL-01	4936	1868	1479	BMW Group PressClub BMW 520i Sedan official specifications valid from 07/2017	https://www.press.bmwgroup.com/global/article/attachment/T0270585EN/384942
EU-BMW-5-G30-SEDAN-FACELIFT-01	4963	1868	1479	BMW Group PressClub BMW 5 Series Sedan official specifications valid from 03/2021	https://www.press.bmwgroup.com/global/article/attachment/T0325537EN/471546
EU-BMW-5-G31-WAGON-PREFL-01	4942	1868	1498	BMW Group PressClub BMW 520i Touring official specifications valid from 07/2017	https://www.press.bmwgroup.com/global/article/attachment/T0270513EN/385112
EU-BMW-5-G31-WAGON-FACELIFT-01	4963	1868	1498	BMW Group PressClub BMW 5 Series Touring official specifications valid from 03/2021	https://www.press.bmwgroup.com/global/article/attachment/T0325535EN/471544
EU-BMW-5-G60-SEDAN-01	5060	1900	1515	BMW Group PressClub The new BMW 5 Series Sedan official press release	https://www.press.bmwgroup.com/global/article/detail/T0416261EN/the-new-bmw-5-series-sedan?language=en
EU-BMW-5-G61-WAGON-01	5060	1900	1515	BMW Group PressClub The new BMW 5 Series Touring official press release	https://www.press.bmwgroup.com/global/article/detail/T0439374EN/the-new-bmw-5-series-touring?language=en
EU-BMW-5-G30-SEDAN-PHEV-FACELIFT-01	4963	1868	1483	BMW Group PressClub BMW 520e Sedan official specifications valid from 03/2021	https://www.press.bmwgroup.com/global/article/attachment/T0325537EN/471546
EU-BMW-5-E61-WAGON-01	4843	1846	1491	ADAC BMW 520d Touring E61 technical data	https://www.adac.de/rund-ums-fahrzeug/autokatalog/marken-modelle/bmw/5er-reihe/e60-e61-facelift/221931/
EU-BMW-5-G30-SEDAN-PHEV-PREFL-01	4936	1868	1483	ADAC BMW 530e G30 technical data	https://www.adac.de/rund-ums-fahrzeug/autokatalog/marken-modelle/bmw/5er-reihe/g30-g31-f90/300225/
EU-BMW-5-G60-SEDAN-M60-01	5060	1900	1505	BMW Group G60 i5 M60 xDrive Sedan technical specifications	https://www.press.bmwgroup.com/global/article/attachment/T0416261EN/587401
EU-BMW-5-G61-WAGON-M60-01	5060	1900	1505	BMW Group G61 i5 M60 xDrive Touring technical specifications	https://www.press.bmwgroup.com/global/article/attachment/T0443471EN/629036
EU-BMW-5-G99-M5-WAGON-01	5096	1970	1516	BMW Group The all-new BMW M5 Touring	https://www.press.bmwgroup.com/ireland/article/detail/T0444474EN/the-all-new-bmw-m5-touring?language=en
EU-BMW-5-G31-M550D-WAGON-01	4962	1868	1488	BMW Group M550d xDrive Touring technical specifications	https://www.press.bmwgroup.com/global/article/attachment/T0292710EN/426040
EU-BMW-5-G30-M550D-SEDAN-01	4962	1868	1467	BMW Group M550d xDrive Sedan technical specifications	https://www.press.bmwgroup.com/global/article/attachment/T0292707EN/426035
EU-BMW-5-E39-M5-SEDAN-01	4784	1800	1437	BMW Group 30 years of the BMW M5	https://www.press.bmwgroup.com/deutschland/article/attachment/T0178809DE/265156
EU-BMW-5-F10-M5-SEDAN-PREFL-01	4910	1891	1456	BMW Group The new BMW M5 specifications	https://www.press.bmwgroup.com/global/article/attachment/T0122682EN/178942
EU-BMW-5-F10-M5-SEDAN-FACELIFT-01	4910	1891	1467	BMW Group 30 years of the BMW M5	https://www.press.bmwgroup.com/deutschland/article/attachment/T0178809DE/265156
EU-BMW-5-E60-M5-SEDAN-01	4855	1846	1469	BMW Group 30 years of the BMW M5	https://www.press.bmwgroup.com/deutschland/article/attachment/T0178809DE/265156
EU-BMW-5-F90-M5-SEDAN-PREFL-01	4966	1903	1473	BMW Group BMW M5 specifications valid from September 2018	https://www.press.bmwgroup.com/global/article/attachment/T0286586EN/419604
EU-BMW-5-F90-M5-SEDAN-FACELIFT-01	4983	1903	1473	BMW Group BMW M5 specifications valid from June 2020	https://www.press.bmwgroup.com/global/article/attachment/T0314287EN/457877
EU-BMW-5-F10-M5-SEDAN-COMPETITION-01	4910	1891	1457	BMW Group 30 years of the BMW M5	https://www.press.bmwgroup.com/global/article/attachment/T0178809EN/265157
EU-BMW-5-F90-M5-CS-SEDAN-01	5001	1903	1468	BMW Group The new BMW M5 CS specifications	https://www.press.bmwgroup.com/asia/article/attachment/T0325152EN/471027
EU-BMW-5-G90-M5-SEDAN-01	5096	1970	1510	BMW Group The All-New 2025 BMW M5	https://www.press.bmwgroup.com/canada/article/detail/T0443398EN/the-all-new-2025-bmw-m5?language=en
EU-BMW-6-E24-COUPE-01	4755	1725	1365	Auto-Data BMW 630CS; Auto-Data BMW 635CSi	https://www.auto-data.net/en/bmw-6-series-e24-630cs-185hp-9849;https://www.auto-data.net/en/bmw-6-series-e24-facelift-1982-635csi-218hp-9854
EU-BMW-6-G32-HATCHBACK-01	5091	1902	1538	BMW Group The new BMW 6 Series Gran Turismo specifications	https://www.press.bmwgroup.com/global/article/attachment/T0271424EN/394380
EU-BMW-6-E63-COUPE-01	4820	1855	1373	BMW Group The New BMW 6 Series Coupé	https://www.press.bmwgroup.com/deutschland/article/detail/T0007568DE/the-new-bmw-6-series-coup%C3%A9?language=de
EU-BMW-6-E64-CONVERTIBLE-01	4820	1855	1373	BMW Group BMW 6 Series Convertible specifications	https://www.press.bmwgroup.com/global/article/attachment/T0039575EN/60697
EU-BMW-6-E24-COUPE-02	4815	1725	1365	Automobile-Catalog 1989 BMW 635 CSi Europe	https://www.automobile-catalog.com/car/1989/264185/bmw_635_csi.html
EU-BMW-6-F12-CONVERTIBLE-01	4894	1894	1365	BMW Group Specifications—The new BMW 6 Series Convertible, valid from July 2012	https://www.press.bmwgroup.com/global/article/attachment/T0127532EN/207801
EU-BMW-6-F13-COUPE-01	4894	1894	1369	BMW Group Specifications—The new BMW 6 Series Coupe 640d, valid from July 2012	https://www.press.bmwgroup.com/global/article/attachment/T0127532EN/207796
EU-BMW-6-F13-M6-COUPE-01	4898	1899	1374	BMW Group BMW M6 Coupe official specifications 07/2012; BMW Group M6 facelift official technical specifications 12/2014	https://www.press.bmwgroup.com/global/article/attachment/T0128492EN/193095;https://www.press.bmwgroup.com/global/article/attachment/T0197553EN/287655
EU-BMW-6-F12-M6-CONVERTIBLE-01	4898	1899	1368	BMW Group BMW M6 Coupe and Convertible official press kit 02/2012; BMW Group M6 facelift official technical specifications 12/2014	https://www.press.bmwgroup.com/global/article/attachment/T0124722EN/185103;https://www.press.bmwgroup.com/global/article/attachment/T0197553EN/287655
EU-BMW-7-G11-SEDAN-PREFL-01	5098	1902	1478	BMW Group BMW 7 Series technical specifications, pre-facelift	https://www.press.bmwgroup.com/global/article/attachment/T0235242EN/336671
EU-BMW-7-G12-SEDAN-PREFL-01	5238	1902	1485	BMW Group BMW 7 Series technical specifications, pre-facelift	https://www.press.bmwgroup.com/global/article/attachment/T0235242EN/336671
EU-BMW-7-E38-SEDAN-SWB-01	4984	1862	1435	Auto-Data BMW 7 Series E38 facelift 728i	https://www.auto-data.net/en/bmw-7-series-e38-facelift-1998-728i-193hp-steptronic-28372
EU-BMW-7-E38-SEDAN-LWB-01	5124	1862	1425	Auto-Data BMW 7 Series Long E38 facelift 728iL	https://www.auto-data.net/en/bmw-7-series-long-e38-facelift-1998-728il-193hp-steptronic-23826
EU-BMW-7-E65-SEDAN-PREFL-01	5029	1902	1492	Auto-Data BMW 7 Series E65 730d	https://www.auto-data.net/en/bmw-7-series-e65-730d-218hp-steptronic-9707
EU-BMW-7-E65-SEDAN-FACELIFT-01	5039	1902	1491	Auto-Data BMW 7 Series E65 facelift 730d	https://www.auto-data.net/en/bmw-7-series-e65-facelift-2005-730d-231hp-steptronic-9708
EU-BMW-7-F01-SEDAN-PREFL-01	5072	1902	1479	Autodata1 BMW 7 Series F01 730d	https://www.autodata1.com/en/car/bmw/7-series/7-series-f01-730d-245-hp-steptronic-dpf
EU-BMW-7-F01-SEDAN-FACELIFT-01	5079	1902	1471	Autodata1 BMW 7 Series F01 LCI 730d xDrive	https://www.autodata1.com/en/car/bmw/7-series/7-series-f01-lci-facelift-2012-730d-258-hp-xdrive-steptronic
EU-BMW-7-G11-SEDAN-FACELIFT-01	5120	1902	1467	BMW Group BMW 7 Series technical specifications, facelift	https://www.press.bmwgroup.com/global/article/attachment/T0289615EN/426493
EU-BMW-7-G12-SEDAN-FACELIFT-01	5260	1902	1479	BMW Group BMW 7 Series technical specifications, facelift	https://www.press.bmwgroup.com/global/article/attachment/T0289615EN/426493
EU-BMW-7-E66-SEDAN-PREFL-01	5169	1902	1492	Auto-Data BMW 7 Series Long E66 735Li	https://www.auto-data.net/en/bmw-7-series-long-e66-735li-272hp-steptronic-9714
EU-BMW-7-E66-SEDAN-FACELIFT-01	5179	1902	1484	Auto-Data BMW 7 Series Long E66 facelift 730Li	https://www.auto-data.net/en/bmw-7-series-long-e66-facelift-2005-730li-258hp-steptronic-9712
EU-BMW-7-G70-SEDAN-01	5391	1950	1544	BMW Group BMW 7 Series G70 technical specifications	https://www.press.bmwgroup.com/global/article/attachment/T0380173EN/568614
EU-BMW-7-F02-SEDAN-FACELIFT-01	5220	1902	1481	BMW Canada MY2015 7 Series technical specifications	https://www.press.bmwgroup.com/canada/article/attachment/T0195810EN/285267
EU-BMW-7-F04-SEDAN-PREFL-01	5072	1902	1485	BMW Ibérica BMW ActiveHybrid 7 F04 technical data	https://www.press.bmwgroup.com/spain/article/attachment/T0125287ES/185380
EU-BMW-8-E31-COUPE-01	4780	1855	1340	Auto-Data BMW 8 Series E31 840Ci 4.4 V8	https://www.auto-data.net/en/bmw-8-series-e31-840ci-4.4-v8-286hp-automatic-9859
EU-BMW-8-G15-COUPE-01	4843	1902	1341	BMW Group PressClub BMW 840i Coupe specifications 03/2021	https://www.press.bmwgroup.com/global/article/attachment/T0329192EN/475821
EU-BMW-8-G14-CONVERTIBLE-01	4843	1902	1339	BMW Group PressClub BMW 840i Convertible specifications 03/2021	https://www.press.bmwgroup.com/global/article/attachment/T0329191EN/475819
EU-BMW-8-G16-GRAN-COUPE-01	5074	1932	1401	BMW Group PressClub BMW 840i Gran Coupe specifications 03/2021	https://www.press.bmwgroup.com/global/article/attachment/T0329193EN/475823
EU-BMW-315-319-SPORT-CONVERTIBLE-2D-01	3900	1440	1550	BMW Group Archive BMW 315 Sports Convertible; BMW Group Archive BMW 319 Sports Convertible; BMW Historic Motor Club BMW 315 technical data; BMW 319 technical data	https://www.bmwgroup-classic.com/en/models/bmw-classics/product-description-page.ad-1549-1.bmw-315-convertible-2-seater-sports-convertible.html;https://www.bmwgroup-classic.com/en/models/bmw-classics/product-description-page.ad-804-1.bmw-319-convertible-2-seater-sports-convertible.html;https://bmwhistoricmotorclub.co.uk/cars/bmw-315/;https://de.wikipedia.org/wiki/BMW_319
EU-BMW-315-319-DRAUZ-CONVERTIBLE-2D-01	3900	1440	1550	BMW Group Archive BMW 315 Drauz Convertible; BMW Group Archive BMW 319 Drauz Convertible; BMW Historic Motor Club BMW 315 technical data; BMW 319 technical data	https://www.bmwgroup-classic.com/en/models/bmw-classics/product-description-page.ad-1553-1.bmw-315-convertible-2-seater-drauz-convertible.html;https://www.bmwgroup-classic.com/en/models/bmw-classics/product-description-page.ad-1550-1.bmw-319-convertible-2-seater-drauz-convertible.html;https://bmwhistoricmotorclub.co.uk/cars/bmw-315/;https://de.wikipedia.org/wiki/BMW_319
EU-BMW-315-319-CONVERTIBLE-4WINDOW-01	3900	1440	1550	BMW Group Archive BMW 315 Convertible 4-seater; BMW Group Archive BMW 319 Convertible 4-seater; BMW 315 technical summary; BMW 319 technical summary	https://www.bmwgroup-classic.com/en/models/bmw-classics/product-description-page.ad-281-1.bmw-315-convertible-4-seater.html;https://www.bmwgroup-classic.com/en/models/bmw-classics/product-description-page.ad-286-2.bmw-319-convertible-4-seater.html;https://de.wikipedia.org/wiki/BMW_315;https://de.wikipedia.org/wiki/BMW_319
EU-BMW-315-319-CONVERTIBLE-SEDAN-01	3900	1440	1550	BMW Group Archive BMW 315 Convertible Sedan; BMW Group Archive BMW 319 Convertible Sedan; Traumautoarchiv BMW 315 Cabrio-Limousine	https://www.bmwgroup-classic.com/en/models/bmw-classics/product-description-page.ad-568-1.bmw-315-convertible-sedan.html;https://www.bmwgroup-classic.com/en/models/bmw-classics/product-description-page.ad-569-1.bmw-319-convertible-sedan.html;https://www.traumautoarchiv.de/html/5997.html
EU-BMW-315-319-SEDAN-01	3900	1440	1550	BMW Group Archive BMW 315 Limousine; BMW Group Archive BMW 319 Limousine; BMW 315 technical summary; BMW 319 technical summary	https://www.bmwgroup-classic.com/de/modelle/bmw-klassiker/product-description-page.ad-280-1.bmw-315-limousine.html;https://www.bmwgroup-classic.com/de/modelle/bmw-klassiker/product-description-page.ad-285-2.bmw-319-limousine.html;https://de.wikipedia.org/wiki/BMW_315;https://de.wikipedia.org/wiki/BMW_319
EU-BMW-315-319-TOURER-01	3900	1440	1550	BMW Group Archive BMW 315 Tourenwagen; BMW Group Archive BMW 319 Tourenwagen; BMW 315 technical summary; BMW 319 technical summary	https://www.bmwgroup-classic.com/de/modelle/bmw-klassiker/product-description-page.ad-282-1.bmw-315-tourenwagen.html;https://www.bmwgroup-classic.com/de/modelle/bmw-klassiker/product-description-page.ad-287-2.bmw-319-tourenwagen.html;https://de.wikipedia.org/wiki/BMW_315;https://de.wikipedia.org/wiki/BMW_319
EU-BMW-320-CONVERTIBLE-01	4500	1540	1500	BMW Group Archive BMW 320 Convertible; Auta5P BMW 320 Cabriolet 1937	https://www.bmwgroup-classic.com/en/models/bmw-classics/product-description-page.ad-292-2.bmw-320-convertible.html;https://auta5p.eu/lang/en/katalog/auto.php?idf=BMW-320-Cabriolet-23609
EU-BMW-320-SEDAN-01	4500	1540	1500	BMW Group Archive BMW 320 Limousine; Carspector BMW 320 Saloon 1937	https://www.bmwgroup-classic.com/de/modelle/bmw-klassiker/product-description-page.ad-291-2.bmw-320-limousine.html;https://carspector.com/car/bmw/006727/
EU-BMW-320-REUTTER-CONVERTIBLE-01	4500	1540	1500	BMW Group Archive BMW 320 model; Auta5P BMW 320 Cabriolet 1937	https://www.bmwgroup-classic.com/en/models/bmw-classics/product-description-page.ad-99-1.bmw-320-model.html;https://auta5p.eu/lang/en/katalog/auto.php?idf=BMW-320-Cabriolet-23609
EU-BMW-321-CONVERTIBLE-01	4500	1540	1500	BMW Group Archive BMW 321 Convertible; Conceptcarz BMW 321 Cabriolet specifications	https://www.bmwgroup-classic.com/en/models/bmw-classics/product-description-page.ad-300-2.bmw-321-convertible.html;https://www.conceptcarz.com/s28445/bmw-321.aspx
EU-BMW-321-SEDAN-01	4500	1540	1500	BMW Group Archive BMW 321 Sedan; BMW 321 technical data	https://www.bmwgroup-classic.com/en/models/bmw-classics/product-description-page.ad-299-2.bmw-321-sedan.html;https://en.wikipedia.org/wiki/BMW_321
EU-BMW-326-CONVERTIBLE-2D-01	4600	1600	1540	BMW Group Archive BMW 326 Convertible 2-door; BMW Historic Motor Club BMW 326 specifications	https://www.bmwgroup-classic.com/en/models/bmw-classics/product-description-page.ad-1551-1.bmw-326-convertible-2-door.html;https://www.bmwhistoricmotorclub.co.uk/cars/bmw-326/
EU-BMW-326-CONVERTIBLE-4D-01	4600	1600	1540	BMW Group Archive BMW 326 Convertible 4-door; BMW Historic Motor Club BMW 326 specifications	https://www.bmwgroup-classic.com/en/models/bmw-classics/product-description-page.ad-290-1.bmw-326-convertible-4-door.html;https://www.bmwhistoricmotorclub.co.uk/cars/bmw-326/
EU-BMW-326-SEDAN-01	4600	1600	1540	BMW Group Archive BMW 326 Limousine; BMW Historic Motor Club BMW 326 specifications	https://www.bmwgroup-classic.com/de/modelle/bmw-klassiker/product-description-page.ad-289-2.bmw-326-limousine.html;https://www.bmwhistoricmotorclub.co.uk/cars/bmw-326/
EU-BMW-340-SEDAN-01	4600	1765	1630	Automobile-Catalog BMW 340 Europe 1949	https://www.automobile-catalog.com/car/1949/2065490/bmw_340.html
EU-BMW-501-502-SEDAN-01	4730	1780	1530	Automobile-Catalog BMW 501 1952; Automobile-Catalog BMW 502 2.6L 1954; Automobile-Catalog BMW 502 3.2L 1955	https://www.automobile-catalog.com/car/1952/262010/bmw_501.html;https://www.automobile-catalog.com/car/1954/262055/bmw_502_2_6l.html;https://www.automobile-catalog.com/car/1955/262100/bmw_502_3_2l.html
EU-BMW-507-ROADSTER-01	4380	1650	1260	BMW Classic BMW 507 technical data	https://www.press.bmwgroup.com/united-kingdom/article/attachment/T0261151EN_GB/362378
EU-BMW-600-HATCHBACK-01	2900	1400	1375	Automobile-Catalog BMW 600 Europe 1959	https://www.automobile-catalog.com/car/1959/262475/bmw_600.html
EU-BMW-700-E107-COUPE-01	3540	1480	1270	BMW 700 technical data	https://de.wikipedia.org/wiki/BMW_700
EU-BMW-700-SEDAN-SWB-01	3540	1480	1345	BMW 700 technical data	https://de.wikipedia.org/wiki/BMW_700
EU-BMW-700-LS-SEDAN-LWB-01	3860	1480	1360	Automobile-Catalog BMW LS Europe 1963	https://www.automobile-catalog.com/car/1963/1449020/bmw_ls.html
EU-BMW-700-E107-SPORT-COUPE-01	3540	1480	1250	Automobile-Catalog BMW 700 Sport Europe 1960	https://www.automobile-catalog.com/car/1960/262535/bmw_700_sport.html
EU-BMW-02-E10-SEDAN-01	4230	1590	1410	Automobile-Catalog BMW 1502; Automobile-Catalog BMW 1602; Automobile-Catalog BMW 1802; Automobile-Catalog BMW 2002; Automobile-Catalog BMW 2002tii	https://www.automobile-catalog.com/car/1975/76940/bmw_1502.html;https://www.automobile-catalog.com/car/1971/76565/bmw_1602.html;https://www.automobile-catalog.com/car/1972/76625/bmw_1802.html;https://www.automobile-catalog.com/car/1968/131930/bmw_2002.html;https://www.automobile-catalog.com/car/1972/76760/bmw_2002tii.html
EU-BMW-02-BAUR-CONVERTIBLE-01	4230	1590	1360	Automobile-Catalog BMW 2002 Cabriolet Europe 1971	https://www.automobile-catalog.com/car/1971/77165/bmw_2002_cabriolet.html
EU-BMW-02-E20-TURBO-SEDAN-01	4220	1620	1410	BMW 2002 Turbo Technical Supplement; Automobile-Catalog BMW 2002 Turbo Europe 1973	https://www.yumpu.com/en/document/view/32986324/bmw-2002-turbo-technical-supplement;https://www.automobile-catalog.com/car/1973/26645/bmw_2002_turbo.html
EU-BMW-315-319-1-ROADSTER-01	3800	1440	1350	Automobile-Catalog BMW 315/1 Sport specifications; BMW 319/1 technical data	https://www.automobile-catalog.com/car/1934/36635/bmw_3151_sport.html;https://de.wikipedia.org/wiki/BMW_319/1
EU-BMW-GLAS-V8-COUPE-01	4600	1750	1380	Glas Automobil Club International GLAS V8 technical description	https://www.glasclub.de/index.php/en/glas-vehicles/glas-v8/description
EU-BMW-I3-NEUE-KLASSE-SEDAN-01	4760	1865	1480	BMW Group PressClub The new BMW i3 03/2026	https://www.press.bmwgroup.com/global/article/attachment/T0456164EN/645706
EU-BMW-I3-I01-HATCHBACK-PREFL-01	3999	1775	1597	BMW Group PressClub BMW i3 technical information 07/2013; BMW UK BMW i3 Product Library 07/2013	https://www.press.bmwgroup.com/global/article/attachment/T0143924EN/222601;https://www.press.bmwgroup.com/united-kingdom/article/attachment/T0154004EN_GB/234889
EU-BMW-I3-I01-HATCHBACK-FACELIFT-01	4011	1775	1598	BMW Group PressClub BMW i3 and i3 Range Extender specifications 11/2017	https://www.press.bmwgroup.com/global/article/attachment/T0280411EN/406749
EU-BMW-I3-I01S-HATCHBACK-01	4006	1791	1590	BMW Group PressClub BMW i3s specifications 11/2018	https://www.press.bmwgroup.com/global/article/attachment/T0285608EN/415907
EU-BMW-I8-I12-COUPE-01	4689	1942	1293	BMW Group PressClub BMW i8 technical specifications 03/2014	https://www.press.bmwgroup.com/italy/article/attachment/T0172106IT/255567
EU-BMW-IX-I20-SUV-PREFL-01	4953	1967	1696	BMW Group PressClub BMW iX xDrive50 specifications 06/2021; BMW Canada iX xDrive40 and iX M60 specifications 01/2022	https://www.press.bmwgroup.com/global/article/attachment/T0333569EN/513674;https://www.press.bmwgroup.com/canada/article/attachment/T0363604EN/516926
EU-BMW-IX-I20-SUV-FACELIFT-01	4965	1970	1695	BMW Group PressClub BMW iX technical specifications 01/2025	https://www.press.bmwgroup.com/global/article/attachment/T0447642EN/630684
EU-BMW-IX3-NA5-SUV-01	4782	1895	1635	BMW Group PressClub BMW iX3 50 xDrive technical specifications 09/2025	https://www.press.bmwgroup.com/global/article/attachment/T0451998EN/636975
EU-BMW-502-COUPE-01	4730	1780	1530	BMW Group Archive BMW 502 Coupe; Ultimatecarpage BMW 502 Coupe specifications	https://www.bmwgroup-classic.com/en/models/bmw-classics/product-description-page.ad-309-1.bmw-502-coupe.html;https://www.ultimatecarpage.com/spec/3660/BMW-502-Coupe.html
EU-BMW-IX1-U11-SUV-01	4500	1845	1616	BMW Group PressClub BMW iX1 xDrive30 technical specifications 11/2022; BMW Asia BMW iX1 eDrive20 specifications 01/2024	https://www.press.bmwgroup.com/global/article/attachment/T0393974EN/567425;https://www.press.bmwgroup.com/asia/article/attachment/T0439090EN/613747
EU-BMW-X1-U11-SUV-STANDARD-01	4500	1845	1642	BMW Group PressClub – The all-new BMW X1 and first-ever BMW iX1	https://www.press.bmwgroup.com/global/article/attachment/T0393974EN/567416
EU-BMW-X1-U11-SUV-M35I-01	4505	1845	1642	BMW Group PressClub Canada – The all-new BMW X1 M35i xDrive	https://www.press.bmwgroup.com/canada/article/detail/T0422262EN/the-all-new-bmw-x1-m35i-xdrive?language=en
EU-BMW-X1-E84-SUV-01	4454	1798	1545	BMW Group PressClub – The new BMW X1 xDrive28i with BMW TwinPower Turbo	https://www.press.bmwgroup.com/global/article/detail/T0093016EN/the-new-bmw-x1-xdrive28i-with-bmw-twinpower-turbo?language=en
EU-BMW-X1-F48-SUV-PREFL-01	4439	1821	1598	BMW Group PressClub – BMW X1 technical specifications 09/2018	https://www.press.bmwgroup.com/global/article/attachment/T0286555EN/419620
EU-BMW-X1-F48-SUV-FACELIFT-01	4447	1821	1598	BMW Group PressClub – BMW X1 specifications 03/2021	https://www.press.bmwgroup.com/global/article/attachment/T0327516EN/473615
EU-BMW-X2-U10-SUV-IX2-01	4554	1845	1560	BMW Group PressClub – BMW X2 technical specifications 10/2023	https://www.press.bmwgroup.com/global/article/attachment/T0437451EN/608982
EU-BMW-X2-U10-SUV-STANDARD-01	4554	1845	1590	BMW Group PressClub – BMW X2 technical specifications 10/2023	https://www.press.bmwgroup.com/global/article/attachment/T0437451EN/608982
EU-BMW-X2-U10-SUV-M35I-01	4567	1845	1575	BMW Group PressClub – BMW X2 technical specifications 10/2023	https://www.press.bmwgroup.com/global/article/attachment/T0437451EN/608982
EU-BMW-X3-G45-SUV-STANDARD-01	4755	1920	1660	BMW Group PressClub Canada – The all-new 2025 BMW X3	https://www.press.bmwgroup.com/canada/article/detail/T0443201EN/the-all-new-2025-bmw-x3?language=en
EU-BMW-X3-E83-SUV-PREFL-01	4565	1853	1674	BMW Group PressClub South Africa – BMW X3 SAV E83 Technical Data MY05	https://www.press.bmwgroup.com/south-africa/article/attachment/T0129403EN/195455
EU-BMW-X3-E83-SUV-FACELIFT-01	4569	1853	1674	BMW Group PressClub USA – 2010 BMW X3 Sports Activity Vehicle Technical Data	https://www.press.bmwgroup.com/usa/article/attachment/T0076689EN_US/111730
EU-BMW-X3-F25-SUV-PREFL-01	4648	1881	1661	BMW Group PressClub – Specifications BMW X3 xDrive20d 09/2011	https://www.press.bmwgroup.com/global/article/attachment/T0118790EN/175705
EU-BMW-X3-F25-SUV-FACELIFT-01	4657	1881	1661	BMW Group PressClub – Specifications of the new BMW X3 04/2014	https://www.press.bmwgroup.com/global/article/attachment/T0165242EN/250217
EU-BMW-X3-G01-SUV-STANDARD-01	4708	1891	1676	BMW Group PressClub – Specifications BMW X3 03/2021	https://www.press.bmwgroup.com/global/article/attachment/T0329598EN/476186
EU-BMW-X3-G01-SUV-M40I-01	4716	1897	1676	BMW Group PressClub – Specifications BMW X3 03/2021	https://www.press.bmwgroup.com/global/article/attachment/T0329598EN/476186
EU-BMW-X3-G45-SUV-M50-01	4755	1920	1660	BMW Group PressClub Canada – The all-new 2025 BMW X3	https://www.press.bmwgroup.com/canada/article/detail/T0443201EN/the-all-new-2025-bmw-x3?language=en
EU-BMW-X4-F26-SUV-M40I-01	4671	1901	1624	BMW Group PressClub – The new BMW X4 M40i technical specifications	https://www.press.bmwgroup.com/global/article/attachment/T0235883EN/351960
EU-BMW-X4-F26-SUV-STANDARD-01	4671	1881	1624	BMW Group PressClub – The new BMW X4 technical specifications	https://www.press.bmwgroup.com/czech/article/attachment/T0170829CS/282587
EU-BMW-X4-G02-SUV-STANDARD-01	4752	1918	1621	BMW X4 official technical specifications, valid 03/2021	https://www.press.bmwgroup.com/global/article/attachment/T0329599EN/476188
EU-BMW-X5-E70-SUV-STANDARD-01	4854	1933	1776	BMW X5 xDrive30d/xDrive40d official specifications, valid 09/2011	https://www.press.bmwgroup.com/global/article/attachment/T0122149EN/177871
EU-BMW-X5-E53-SUV-SIX-CYLINDER-01	4667	1872	1715	BMW 2002 X5 Series specifications; BMW 2006 X5 Series technical specifications	https://www.press.bmwgroup.com/usa/article/attachment/T0022132EN_US/41413;https://www.press.bmwgroup.com/usa/article/attachment/T0019119EN_US/37445
EU-BMW-X5-E53-SUV-V8-01	4667	1872	1707	BMW 2002 X5 Series specifications; BMW 2006 X5 Series technical specifications	https://www.press.bmwgroup.com/usa/article/attachment/T0022132EN_US/41413;https://www.press.bmwgroup.com/usa/article/attachment/T0019119EN_US/37445
EU-BMW-X5-F85-SUV-M-01	4880	1985	1754	BMW X5 M official technical specifications	https://www.press.bmwgroup.com/india/article/attachment/T0259568EN/424166
EU-BMW-X5-E70-SUV-M50D-01	4857	2010	1766	BMW X5 M50d official specifications, valid 04/2012	https://www.press.bmwgroup.com/global/article/attachment/T0124400EN/207833
EU-BMW-X5-F95-SUV-M-COMPETITION-01	4948	2015	1762	BMW X5 M Competition official technical data	https://www.bmw.co.uk/en/all-models/m-models/bmw-x5-m/bmw-x5m-technical-data.html
EU-BMW-X5-F15-SUV-STANDARD-01	4886	1938	1762	BMW X5 2013 official specifications	https://www.press.bmwgroup.com/asia/article/attachment/T0195402EN/284591
EU-BMW-X5-G05-SUV-FACELIFT-01	4935	2004	1765	BMW X5 official technical specifications, valid 02/2023	https://www.press.bmwgroup.com/global/article/attachment/T0408159EN/649226
EU-BMW-X5-G05-SUV-PREFL-01	4922	2004	1745	BMW X5 xDrive30d official specifications, valid 08/2020	https://www.press.bmwgroup.com/global/article/attachment/T0309613EN/452651
EU-BMW-X5-G05-SUV-FACELIFT-50E-01	4935	2004	1755	BMW X5 xDrive50e official technical specifications, valid 02/2023	https://www.press.bmwgroup.com/global/article/attachment/T0408159EN/649226
EU-BMW-X6-E72-SUV-ACTIVEHYBRID-01	4877	1983	1697	BMW ActiveHybrid X6 official specifications	https://www.press.bmwgroup.com/global/article/attachment/T0038993EN/59979
EU-BMW-X6-F86-SUV-M-01	4909	1989	1689	BMW X6 M official technical specifications	https://www.press.bmwgroup.com/india/article/attachment/T0259568EN/424166
EU-BMW-X6-E71-SUV-FACELIFT-01	4877	1983	1699	BMW X6 xDrive35i and xDrive50i official specifications, valid 04/2012	https://www.press.bmwgroup.com/global/article/attachment/T0124596EN/207899
EU-BMW-X6-F16-SUV-STANDARD-01	4909	1989	1702	BMW 15 years of BMW X models official specifications	https://www.press.bmwgroup.com/asia/article/attachment/T0195402EN/284591
EU-BMW-X6-F96-SUV-M-COMPETITION-01	4948	2019	1695	BMW X6 M Competition official specifications	https://www.press.bmwgroup.com/canada/article/detail/T0409475EN/the-new-bmw-x5-m-competition-and-the-new-bmw-x6-m-competition?language=en
EU-BMW-X6-G06-SUV-FACELIFT-01	4960	2004	1700	BMW X6 official technical specifications, valid 02/2023	https://www.press.bmwgroup.com/france/article/attachment/T0408501FR/573646
EU-BMW-X6-E71-SUV-PREFL-01	4877	1983	1690	BMW X6 official technical specifications, 03/2008	https://www.press.bmwgroup.com/global/article/attachment/T0074093EN/110912
EU-BMW-X6-G06-SUV-PREFL-01	4935	2004	1696	BMW The new BMW X6 official press kit	https://www.press.bmwgroup.com/asia/article/detail/T0298164EN/the-new-bmw-x6-a-leader-with-broad-shoulders?language=en
EU-BMW-X7-G07-SUV-FACELIFT-01	5181	2000	1835	BMW X7 official technical specifications, valid 04/2022	https://www.press.bmwgroup.com/global/article/attachment/T0378353EN/555263
EU-BMW-X7-G07-SUV-PREFL-01	5151	2000	1805	BMW X7 xDrive40d official specifications, valid 08/2020	https://www.press.bmwgroup.com/global/article/attachment/T0309530EN/452542
EU-BMW-XM-G09-SUV-STANDARD-01	5110	2005	1755	BMW XM official technical specifications, 09/2022	https://www.press.bmwgroup.com/global/article/attachment/T0403971EN/572783
EU-BMW-Z3-E36-8-COUPE-STANDARD-01	4026	1740	1306	BMW 2001 Z3 Series specifications	https://www.press.bmwgroup.com/usa/article/attachment/T0021978EN_US/41275
EU-BMW-Z3-E36-8-COUPE-M-01	4025	1740	1280	BMW Z3 owner's manual, 07/1998	https://www.manualslib.de/manual/1195789/Bmw-Z3-Roadster-1-8-1998.html
EU-BMW-Z3-E36-7-CONVERTIBLE-PREFL-NARROW-01	4025	1692	1293	BMW Z3 owner's manual, 02/1998	https://www.adkusters.dsmynas.com/Website%20mynas/BMW%20Z3%20handleidingen/Ownersmanual%20Z3%201998%20Duits.pdf
EU-BMW-Z3-E36-7-CONVERTIBLE-FACELIFT-01	4049	1740	1293	BMW 2001 Z3 Series specifications	https://www.press.bmwgroup.com/usa/article/attachment/T0021978EN_US/41275
EU-BMW-Z3-E36-7-CONVERTIBLE-M-01	4025	1740	1266	BMW Z3 owner's manual, 07/1998	https://www.manualslib.de/manual/1195789/Bmw-Z3-Roadster-1-8-1998.html
EU-BMW-Z4-E85-CONVERTIBLE-STANDARD-01	4091	1781	1299	BMW Z4 Roadster official technical specifications	https://www.press.bmwgroup.com/china/article/attachment/T0018685ZH_CN/36711
EU-BMW-Z4-E89-CONVERTIBLE-STANDARD-01	4239	1790	1291	BMW Z4 official technical specifications, 04/2013	https://www.press.bmwgroup.com/global/article/attachment/T0139857EN/213510
EU-BMW-Z4-E89-CONVERTIBLE-35IS-01	4244	1790	1284	BMW Z4 sDrive35is official technical specifications, 04/2013	https://www.press.bmwgroup.com/global/article/attachment/T0139857EN/213510
EU-BMW-Z8-E52-CONVERTIBLE-01	4400	1830	1317	BMW Z8 official technical brochure	https://www.bmwz8.us/pdf/ET_Z8_GE.PDF
EU-B-ON-GIGA-WORK-L-PICKUP-01	5840	1814	1859	StreetScooter WORK/WORK L official brochure	https://www.streetscooter.com/wp-content/uploads/2019/03/StreetScooter-Broschuere_Web_EN.pdf
EU-B-ON-GIGA-WORK-L-CHASSIS-01	5784	1796	1867	StreetScooter WORK/WORK L official brochure	https://www.streetscooter.com/wp-content/uploads/2019/03/StreetScooter-Broschuere_Web_EN.pdf
EU-B-ON-MAX-WORK-PICKUP-01	4741	1814	1859	StreetScooter WORK/WORK L official brochure	https://www.streetscooter.com/wp-content/uploads/2019/03/StreetScooter-Broschuere_Web_EN.pdf
EU-B-ON-MAX-WORK-CHASSIS-01	4676	1796	1861	StreetScooter WORK/WORK L official brochure	https://www.streetscooter.com/wp-content/uploads/2019/03/StreetScooter-Broschuere_Web_EN.pdf
EU-BORGWARD-BX7-BX7-SUV-01	4715	1911	1690	Auto-Data Borgward BX7 generation specifications	https://www.auto-data.net/en/borgward-bx7-generation-5860
EU-BORGWARD-ISABELLA-SERIES-I-COUPE-01	4390	1720	1350	Automobile-Catalog 1957 Borgward Isabella Coupe	https://www.automobile-catalog.com/car/1957/59255/borgward_isabella_coupe.html
EU-BORGWARD-ISABELLA-SERIES-II-COUPE-01	4400	1730	1380	Automobile-Catalog 1960 Borgward Isabella Coupe	https://www.automobile-catalog.com/car/1960/289295/borgward_isabella_coupe.html
EU-BORGWARD-ISABELLA-SERIES-I-SEDAN-01	4390	1705	1480	Automobile-Catalog 1955 Borgward Isabella TS	https://www.automobile-catalog.com/car/1955/289235/borgward_isabella_ts.html
EU-BORGWARD-ISABELLA-SERIES-II-SEDAN-01	4400	1760	1500	Automobile-Catalog 1959 Borgward Isabella TS de Luxe	https://www.automobile-catalog.com/car/1959/289325/borgward_isabella_ts_de_luxe.html
EU-BRILLIANCE-BS4-BS4-SEDAN-01	4648	1800	1450	Auto-Data Brilliance M2 (JunJie/BS4) generation specifications	https://www.auto-data.net/en/brilliance-m2-junjie-generation-2078
EU-BRILLIANCE-BS6-BS6-SEDAN-01	4880	1800	1450	Autozine 2007 Brilliance BS6 specifications; UltimateSpecs Brilliance BS6 2.4 specifications	https://www.autozine.org/Archive/Brilliance/old/Zhonghua.html;https://www.ultimatespecs.com/car-specs/Brilliance/32909/Brilliance-BS6-24.html
EU-BRISTOL-411-SERIES-IV-V-COUPE-01	4940	1727	1460	Automobile-Catalog Bristol 411 Series IV; Automobile-Catalog Bristol 411 Series V	https://www.automobile-catalog.com/car/1973/78860/bristol_411_series_iv.html;https://www.automobile-catalog.com/car/1975/78875/bristol_411_series_v.html
EU-BUGATTI-CHIRON-CHIRON-COUPE-01	4544	2038	1212	Bugatti Chiron official technical specifications	https://bugatti-newsroom.imgix.net/66703700d9bf8f4b7ce9211c/211122_BU_Chiron%20ENG.pdf
EU-BUGATTI-CHIRON-SUPER-SPORT-COUPE-01	4733	2038	1212	Bugatti Chiron Super Sport official technical specifications; Autocar Bugatti Chiron review	https://bugatti-newsroom.imgix.net/6673edce31d99cf64fc74087/211122_BU_Chiron%20Super%20Sport_ENG.pdf;https://www.autocar.co.uk/car-review/bugatti/chiron
EU-BUGATTI-EB110-GT-COUPE-01	4400	1940	1125	Auto-Data Bugatti EB 110 GT specifications	https://www.auto-data.net/en/bugatti-eb-110-gt-559hp-10857
EU-BUGATTI-EB110-SS-COUPE-01	4400	1960	1125	Auto-Data Bugatti EB 110 SS specifications	https://www.auto-data.net/en/bugatti-eb-110-ss-620hp-10858
EU-BUGATTI-MISTRAL-W16-MISTRAL-CONVERTIBLE-01	4694	2034	1209	Bugatti W16 Mistral official technical specifications	https://bugatti-newsroom.imgix.net/687a1f84e4a10282f1c9db98/technical-specifications-w16-mistral-en.pdf
EU-BUGATTI-VEYRON-VEYRON-COUPE-01	4462	1998	1204	Auto-Data Bugatti Veyron Coupe specifications	https://www.auto-data.net/en/bugatti-veyron-coupe-8.0-w16-1001hp-awd-dsg-10860
EU-BUGATTI-VEYRON-SUPER-SPORT-COUPE-01	4462	1998	1190	Auto-Data Bugatti Veyron Super Sport specifications	https://www.auto-data.net/en/bugatti-veyron-coupe-super-sport-8.0-w16-1200hp-awd-dsg-23277
EU-BUGATTI-VEYRON-GRAND-SPORT-TARGA-01	4462	1998	1204	Auto-Data Bugatti Veyron Grand Sport specifications	https://www.auto-data.net/en/bugatti-veyron-targa-grand-sport-8.0-w16-1001hp-awd-dsg-23586
EU-BUGATTI-VEYRON-GRAND-SPORT-VITESSE-TARGA-01	4462	1998	1190	Auto-Data Bugatti Veyron Grand Sport Vitesse specifications	https://www.auto-data.net/en/bugatti-veyron-targa-grand-sport-vitesse-8.0-w16-1200hp-awd-dsg-23596
EU-BUICK-ENCLAVE-I-SUV-01	5126	2007	1834	Edmunds 2008 Buick Enclave specifications	https://www.edmunds.com/buick/enclave/2008/features-specs/
EU-BUICK-LESABRE-VIII-SEDAN-01	5080	1867	1448	Edmunds 2000 Buick LeSabre specifications; Automobile-Catalog 2000 Buick LeSabre Limited	https://www.edmunds.com/buick/lesabre/2000/features-specs/;https://www.automobile-catalog.com/car/2000/323690/buick_le_sabre_limited.html
EU-BYD-ATTO-2-DM-I-SUV-01	4330	1830	1675	BYD ATTO 2 DM-i official launch specifications	https://media.byd.com/its-not-a-car-its-a-byd-super-hybrid-atto-2-dm-i-arrives-to-redefine-the-compact-suv/
EU-BYD-ATTO-2-EV-SUV-01	4310	1830	1675	BYD ATTO 2 official European launch specifications	https://media.byd.com/byd-introduces-atto-2-compact-suv-in-europe
EU-BYD-ATTO-3-EV-SUV-01	4455	1875	1615	BYD European passenger-car range official specifications	https://media.byd.com/byd-lance-une-gamme-innovante-de-voitures-de-tourisme-electriques-sur-de-nouveaux-marches-europeens-384480/
EU-BYD-ATTO-3-EVO-SUV-01	4455	1875	1615	BYD ATTO 3 EVO official launch specifications	https://media.byd.com/new-byd-atto-3-evo-redefines-electric-family-suvs-with-awd-510km-of-range-and-220kw-charging/?lang=eng
EU-BYD-DOLPHIN-2021-95HP-HATCHBACK-01	4070	1770	1570	Auto-Data BYD Dolphin 44.9 kWh 95 hp specifications	https://www.auto-data.net/en/byd-dolphin-44.9-kwh-95hp-bev-45632
EU-BYD-DOLPHIN-2021-177HP-HATCHBACK-01	4150	1770	1570	Auto-Data BYD Dolphin 44.9 kWh 177 hp specifications	https://www.auto-data.net/en/byd-dolphin-44.9-kwh-177hp-bev-48442
EU-BYD-DOLPHIN-GLOBAL-HATCHBACK-01	4290	1770	1570	Auto-Data BYD Dolphin generation specifications; Automobile Dimension BYD Dolphin dimensions	https://www.auto-data.net/en/byd-dolphin-generation-8817;https://www.automobiledimension.com/model/byd/dolphin
EU-BYD-DOLPHIN-SURF-HATCHBACK-01	3990	1720	1590	BYD DOLPHIN SURF official specifications	https://www.byd.com/material/byd-site/cz/pdfs/BYD_DOLPHIN%20SURF_CZ.pdf
EU-BYD-ETP3-VAN-01	4460	1720	1875	BYD Commercial ETP3 technical data; Automobile Propre BYD ETP3 specifications	https://bydcommercial.gr/en/trucks/etp3/;https://www.automobile-propre.com/voitures/byd-etp3/fiche-technique/
EU-BYD-HAN-EV-SEDAN-01	4995	1910	1495	BYD European passenger-car range official specifications	https://media.byd.com/byd-lance-une-gamme-innovante-de-voitures-de-tourisme-electriques-sur-de-nouveaux-marches-europeens-384480/
EU-BYD-SEAL-5-DM-I-SEDAN-01	4780	1837	1515	BYD SEAL 5 DM-i official launch specifications	https://media.byd.com/byd-launches-seal-5-dm-i-offering-long-range-super-dm-hybrid-tech-and-low-running-costs
EU-BYD-SEAL-U-DM-I-SUV-01	4775	1890	1670	BYD SEAL U DM-i official specifications	https://bydukmedia.com/en/news-articles/byd-presents-seal-u-dm-i-ideal-for-eco-conscious-mobility-and-long-range-journeys.html
EU-BYD-SEAL-EV-SEDAN-01	4800	1875	1460	BYD SEAL official European specifications	https://media.byd.com/byd-seal-arrives-in-europe-setting-the-standard-in-breakthrough-technology-and-stunning-design
EU-BYD-SEAL-U-EV-SUV-01	4785	1890	1668	BYD SEAL U EV official specifications	https://media.byd.com/byd-expands-european-portfolio-with-new-byd-seal-u-practical-spacious-comfortable-family-oriented-and-eco-conscious-electric-suv
EU-BYD-SEAL-DM-I-SEDAN-01	4980	1890	1495	Auto-Data BYD SEAL DM-i specifications; CarNewsChina BYD SEAL DM-i launch specifications	https://www.auto-data.net/en/byd-seal-dm-i-1.5t-17.6-kwh-218hp-plug-in-hybrid-e-cvt-51281;https://carnewschina.com/2023/08/25/byd-seal-dm-i-sedan-starts-pre-sale-for-24300-usd-in-china/
EU-BYD-SEAL-6-DM-I-TOURING-01	4840	1875	1505	BYD SEAL 6 DM-i official launch specifications	https://media.byd.com/byd-launches-seal-6-dm-i-sedan-and-wagon-bringing-the-freedom-of-super-hybrid-technology-415821/
EU-BYD-SEAL-6-DM-I-SEDAN-01	4840	1875	1495	BYD SEAL 6 DM-i official launch specifications	https://media.byd.com/byd-launches-seal-6-dm-i-sedan-and-wagon-bringing-the-freedom-of-super-hybrid-technology-415821/
EU-BYD-SEALION-7-EV-SUV-01	4830	1925	1620	BYD SEALION 7 official European specifications	https://www.byd.com/eu/news-list/byd-introduces-sporty-byd-sealion-7-to-european-market
EU-BYD-SONG-PRO-2025-DM-I-SUV-01	4738	1860	1710	BYD SEALION 5 DM-i official specifications for equivalent Song Pro body	https://media.byd.com/byd-launches-sealion-5-dm-i-the-family-suv-with-super-hybrid-real-world-flexibility
EU-BYD-TANG-2021-EV-SUV-01	4870	1950	1725	BYD European passenger-car range official specifications	https://media.byd.com/byd-lance-une-gamme-innovante-de-voitures-de-tourisme-electriques-sur-de-nouveaux-marches-europeens-384480/
EU-BYD-TANG-2024-EV-SUV-01	4970	1955	1745	BYD TANG 2024 official European specifications	https://media.byd.com/all-new-pure-electric-suv-byd-tang-advances-sustainable-goals-at-uefa-euro-2024tm
EU-CADILLAC-ATS-I-SEDAN-01	4644	1805	1427	Cadillac ATS official technical data	https://media.gm.com/dld/content/media/intl/en/cadillac/vehicles/ats/2015/_jcr_content/rightpar/sectioncontainer_576461190/par/download_991477124/file.res/EN-Cadillac-ATS-TechData.pdf
EU-CADILLAC-ATS-I-COUPE-01	4663	1842	1392	Edmunds 2015 Cadillac ATS Coupe specifications	https://www.edmunds.com/cadillac/ats-coupe/2015/features-specs/
EU-CADILLAC-ATS-V-I-COUPE-01	4691	1842	1384	Edmunds 2016 Cadillac ATS-V Coupe specifications	https://www.edmunds.com/cadillac/ats-v/2016/coupe/features-specs/
EU-CADILLAC-ATS-V-I-SEDAN-01	4674	1811	1415	Edmunds 2016 Cadillac ATS-V Sedan specifications	https://www.edmunds.com/cadillac/ats-v/2016/sedan/features-specs/
EU-CADILLAC-CT6-I-SEDAN-PREFL-01	5184	1880	1472	Cadillac CT6 official technical data	https://media.cadillac.com/content/dam/Media/documents/INTL/cadillac/2018/passenger-cars/ct6/Cadillac-CT6-TechData-en_082017.pdf
EU-CADILLAC-CT6-I-SEDAN-FACELIFT-01	5227	1880	1473	Edmunds 2019 Cadillac CT6 specifications	https://www.edmunds.com/cadillac/ct6/2019/features-specs/
EU-CADILLAC-CTS-I-SEDAN-01	4829	1793	1440	Edmunds 2007 Cadillac CTS Sedan specifications	https://www.edmunds.com/cadillac/cts/2007/sedan/st-100717104/features-specs/
EU-CADILLAC-CTS-II-COUPE-01	4788	1882	1422	Edmunds 2012 Cadillac CTS Coupe specifications	https://www.edmunds.com/cadillac/cts-coupe/2012/features-specs/
EU-CADILLAC-CTS-II-WAGON-01	4877	1842	1473	Edmunds 2012 Cadillac CTS Wagon specifications; Edmunds 2012 Cadillac CTS-V Wagon specifications	https://www.edmunds.com/cadillac/cts-wagon/2012/st-101397084/features-specs/;https://www.edmunds.com/cadillac/cts-v-wagon/2012/st-101397664/features-specs/
EU-CADILLAC-CTS-II-SEDAN-01	4859	1842	1473	Edmunds 2012 Cadillac CTS Sedan specifications	https://www.edmunds.com/cadillac/cts/2012/sedan/features-specs/
EU-CADILLAC-CTS-V-I-SEDAN-01	4864	1793	1455	Edmunds 2005 Cadillac CTS-V specifications	https://www.edmunds.com/cadillac/cts-v/2005/features-specs/
EU-CADILLAC-CTS-III-SEDAN-01	4966	1834	1453	Edmunds 2015 Cadillac CTS specifications	https://www.edmunds.com/cadillac/cts/2015/features-specs/
EU-CADILLAC-CTS-V-III-SEDAN-01	5021	1833	1454	Automobile-Catalog 2016 Cadillac CTS-V specifications	https://www.automobile-catalog.com/car/2016/2094365/cadillac_cts-v.html
EU-CADILLAC-DEVILLE-1977-1984-COUPE-01	5618	1943	1382	Automobile-Catalog 1979 Cadillac Coupe de Ville specifications	https://www.automobile-catalog.com/make/cadillac/de_ville_1977-1984/de_ville_1977-1984_coupe/1979.html
EU-CADILLAC-DEVILLE-1994-1999-SEDAN-01	5329	1943	1422	Edmunds 1998 Cadillac DeVille specifications	https://www.edmunds.com/cadillac/deville/1998/sedan/features-specs/
EU-CADILLAC-DEVILLE-1977-1984-SEDAN-01	5618	1943	1382	Automobile-Catalog 1977 Cadillac Sedan de Ville specifications	https://www.automobile-catalog.com/make/cadillac/de_ville_1977-1984/de_ville_1977-1984_sedan/1977.html
EU-CADILLAC-ELDORADO-X-COUPE-01	5194	1793	1402	Auto-Data Cadillac Eldorado X specifications	https://www.auto-data.net/en/cadillac-eldorado-x-4.1-v8-127hp-automatic-44410
EU-CADILLAC-ELDORADO-XI-COUPE-01	4780	1811	1346	Automobile-Catalog 1987 Cadillac Eldorado specifications	https://www.automobile-catalog.com/make/cadillac/eldorado_1986-1991/eldorado_1986-1991_coupe/1987.html
EU-CADILLAC-ELDORADO-XII-COUPE-PREFL-01	5144	1918	1361	Edmunds 1995 Cadillac Eldorado specifications	https://www.edmunds.com/cadillac/eldorado/1995/features-specs/
EU-CADILLAC-ELDORADO-IX-CONVERTIBLE-01	5692	2027	1380	Carfolio 1975 Cadillac Fleetwood Eldorado Convertible specifications	https://www.carfolio.com/cadillac-fleetwood-eldorado-convertible-518540
EU-CADILLAC-ELDORADO-IX-COUPE-01	5692	2027	1374	Automobile-Catalog 1975 Cadillac Fleetwood Eldorado Coupe specifications	https://www.automobile-catalog.com/make/cadillac/eldorado_1971-1978/eldorado_1971-1978_hardtop/1975.html
EU-CADILLAC-ELDORADO-XII-COUPE-MIDFL-01	5085	1918	1361	Edmunds 1997 Cadillac Eldorado specifications	https://www.edmunds.com/cadillac/eldorado/1997/coupe/st-17749/features-specs/
EU-CADILLAC-ELDORADO-XII-COUPE-LATEFL-01	5095	1918	1361	Edmunds 2002 Cadillac Eldorado specifications	https://www.edmunds.com/cadillac/eldorado/2002/st-19034/features-specs/
EU-CADILLAC-ESCALADE-II-SUV-01	5052	2004	1943	Edmunds 2003 Cadillac Escalade specifications	https://www.edmunds.com/cadillac/escalade/2003/features-specs/
EU-CADILLAC-ESCALADE-I-SUV-01	5110	1956	1887	Edmunds 2000 Cadillac Escalade specifications	https://www.edmunds.com/cadillac/escalade/2000/suv/features-specs/
EU-CADILLAC-ESCALADE-III-SUV-01	5144	2007	1928	Edmunds 2011 Cadillac Escalade and Escalade Hybrid specifications	https://www.edmunds.com/cadillac/escalade/2011/suv/st-101352619/features-specs/;https://www.edmunds.com/cadillac/escalade-hybrid/2011/suv/features-specs/
EU-CADILLAC-ESCALADE-IV-SUV-01	5179	2045	1890	Edmunds 2015 Cadillac Escalade specifications	https://www.edmunds.com/cadillac/escalade/2015/features-specs/
EU-CADILLAC-ESCALADE-IQ-I-SUV-01	5697	2093	1933	Cadillac 2026 Escalade IQ official specifications;Edmunds 2026 Cadillac Escalade IQ specifications	https://www.cadillac.com/electric/escalade-iq/specs;https://www.edmunds.com/cadillac/escalade-iq/2026/features-specs/
EU-CADILLAC-FLEETWOOD-BROUGHAM-V-SEDAN-01	5613	1913	1440	Automobile-Catalog 1983 Cadillac Fleetwood Brougham Sedan 4.1	https://www.automobile-catalog.com/car/1983/331250/cadillac_fleetwood_brougham_sedan_4_1l_v-8_ht-4100.html
EU-CADILLAC-FLEETWOOD-BROUGHAM-1977-SEDAN-01	5618	1941	1453	Automobile-Catalog 1977 Cadillac Fleetwood Brougham 7.0	https://www.automobile-catalog.com/car/1977/186650/cadillac_fleetwood_brougham_7_0l_v-8.html
EU-CADILLAC-FLEETWOOD-SIXTY-SPECIAL-1971-SEDAN-01	5936	2027	1405	Automobile-Catalog 1975 Cadillac Fleetwood Sixty Special Brougham	https://www.automobile-catalog.com/car/1975/185975/cadillac_fleetwood_sixty_special_brougham.html
EU-CADILLAC-FLEETWOOD-BROUGHAM-V-COUPE-01	5613	1915	1387	Automobile-Catalog 1982 Cadillac Fleetwood Brougham Coupe 5.7 Diesel	https://www.automobile-catalog.com/car/1982/331040/cadillac_fleetwood_brougham_coupe_5_7l_v-8_diesel.html
EU-CADILLAC-LYRIQ-I-SUV-01	4996	1977	1623	Cadillac Newsroom 2023 LYRIQ preliminary specifications	https://news.cadillac.com/newsroom.detail.html/Pages/news/us/en/2021/apr/0421-lyriq.html
EU-CADILLAC-OPTIQ-I-SUV-01	4821	1913	1643	Cadillac 2026 OPTIQ official configurator specifications	https://www.cadillac.com/shopping/configurator/electric/2026/optiq/optiq/compare
EU-CADILLAC-OPTIQ-V-I-SUV-01	4820	1913	1644	Cadillac Newsroom 2026 OPTIQ-V specifications;Edmunds 2026 Cadillac OPTIQ-V specifications	https://news.cadillac.com/newsroom.detail.html/Pages/news/us/en/2025/jun/0609-optiq-v.html;https://www.edmunds.com/cadillac/optiq/2026/v/features-specs/
EU-CADILLAC-SEVILLE-II-SEDAN-01	5202	1801	1379	Automobile-Catalog 1983 Cadillac Seville 4.1	https://www.automobile-catalog.com/car/1983/330545/cadillac_seville_4_1l_v-8_ht-4100.html
EU-CADILLAC-SEVILLE-IV-SEDAN-01	5189	1887	1369	Automobile-Catalog 1992 Cadillac Seville STS 4.9 Europe	https://www.automobile-catalog.com/car/1992/333515/cadillac_seville_sts.html
EU-CADILLAC-SEVILLE-V-SEDAN-01	4991	1897	1428	Automobile-Catalog 1998 Cadillac Seville SLS Europe;Automobile-Catalog 1998 Cadillac Seville STS Europe	https://www.automobile-catalog.com/car/1998/334070/cadillac_seville_sls.html;https://www.automobile-catalog.com/car/1998/334085/cadillac_seville_sts.html
EU-CADILLAC-SRX-I-SUV-01	4950	1844	1722	Edmunds 2008 Cadillac SRX specifications	https://www.edmunds.com/cadillac/srx/2008/suv/features-specs/
EU-CADILLAC-SRX-II-SUV-01	4834	1910	1669	Edmunds 2013 Cadillac SRX specifications	https://www.edmunds.com/cadillac/srx/2013/features-specs/
EU-CADILLAC-STS-I-SEDAN-01	4996	1844	1463	Edmunds 2008 Cadillac STS specifications	https://www.edmunds.com/cadillac/sts/2008/features-specs/
EU-CADILLAC-STS-V-I-SEDAN-01	5019	1844	1478	Edmunds 2007 Cadillac STS-V specifications	https://www.edmunds.com/cadillac/sts-v/2007/sedan/features-specs/
EU-CADILLAC-VISTIQ-I-SUV-01	5222	2026	1804	Cadillac Newsroom 2026 VISTIQ specifications	https://news.cadillac.com/newsroom.detail.html/Pages/news/us/en/2024/nov/1112-vistiq.html
EU-CADILLAC-XLR-I-CONVERTIBLE-01	4514	1836	1280	Edmunds 2008 Cadillac XLR specifications	https://www.edmunds.com/cadillac/xlr/2008/features-specs/
EU-CADILLAC-XT4-I-SUV-01	4593	1881	1612	Cadillac XT4 Diesel official technical data	https://media.cadillac.com/content/dam/Media/documents/INTL/cadillac/2021/crossovers-suvs/xt4/Cadillac%20XT4%20TechData%20EN_Diesel.pdf
EU-CADILLAC-XT5-I-SUV-01	4815	1903	1675	Cadillac XT5 Specifications Europe	https://media.gmc.com/content/dam/Media/documents/INTL/cadillac/2019/crossover-suv/xt5/Tech-Data-Cadillac-XT5-EN.pdf
EU-CALLAWAY-C12-I-COUPE-01	4850	2000	1200	Auto-Data Callaway C12 Coupe;Callaway Cars C12 official project page	https://www.auto-data.net/en/callaway-c12-coupe-generation-2554;https://www.callawaycars.com/homepage/the-company/callaway-c-projects/c12/
EU-CALLAWAY-C12-I-CONVERTIBLE-01	4850	2000	1200	Auto-Data Callaway C12 Cabrio;Callaway Cars C12 official project page	https://www.auto-data.net/en/callaway-c12-cabrio-generation-2553;https://www.callawaycars.com/homepage/the-company/callaway-c-projects/c12/
EU-CATERHAM-SEVEN-160-CONVERTIBLE-01	3100	1470	1090	Caterham Cars Japan Seven 160 official specifications	https://www.caterham-cars.jp/news/2014/
EU-CATERHAM-SEVEN-170-CONVERTIBLE-01	3180	1470	1090	Caterham Cars Seven 170 official specifications	https://caterhamcars.com/tw/models/the-range/seven-170
EU-CATERHAM-SEVEN-275-CONVERTIBLE-01	3180	1575	1090	Automobile-Catalog Caterham Seven 275 Europe specifications	https://www.automobile-catalog.com/car/2018/2969990/caterham_seven_275.html
EU-CATERHAM-SUPER-SEVEN-1600-CONVERTIBLE-01	3378	1575	1040	Automobile-Catalog 1986 Caterham Super Seven 1600 GT specifications	https://www.automobile-catalog.com/car/1986/336815/caterham_super_seven_1600_gt.html
EU-CATERHAM-SEVEN-420-CONVERTIBLE-01	3180	1470	1090	Caterham Cars Seven 420 official specifications	https://caterhamcars.com/en/models/the-range/seven-420
EU-CATERHAM-SEVEN-1-8-K-SERIES-CONVERTIBLE-01	3100	1575	1115	Automobile-Catalog 2001 Caterham 7 Superlight R300 specifications	https://www.automobile-catalog.com/car/2001/337925/caterham_7_superlight_r300.html
EU-CENNTRO-LOGISTAR-100-I-VAN-01	3664	1610	1689	Cenntro Logistar 100 technical specifications	https://cenntro.nl/media/pages/modellen/logistar-100/25e076d43a-1699967916/2022-09-15_en_flyer_cenntrologistar100.pdf
EU-CENNTRO-LOGISTAR-200-I-PICKUP-01	4770	1640	1991	Cenntro Europe Logistar 200 official technical data	https://cenntro-europe.com/wp-content/uploads/2023/05/DE_CENN_200_ALL-1.pdf
EU-CENNTRO-LOGISTAR-200-I-VAN-01	4421	1677	1902	Cenntro Logistar 200 official technical specifications	https://www.cenntro.nl/media/pages/modellen/logistar-200-van/274cf7a578-1698766079/logistar-specs.pdf
EU-CENNTRO-LOGISTAR-260-I-VAN-01	5457	1850	2046	Cenntro Logistar 260 official specifications	https://cenntroauto.com/vehicles/logistar-260/
EU-CENNTRO-LOGISTAR-400-I-PICKUP-01	5994	2057	2718	Cenntro Logistar 400 official specifications	https://cenntroauto.com/vehicles/logistar-400/
EU-CENNTRO-LOGISTAR-400-I-VAN-01	5994	2057	2718	Cenntro Logistar 400 official specifications	https://cenntroauto.com/vehicles/logistar-400/
EU-CENNTRO-METRO-I-PICKUP-01	3700	1400	1905	Cenntro Metro electric utility truck regional specifications	https://electricvan-inc.com/1-metro-series-electric-vehicle.html
EU-CENNTRO-METRO-I-VAN-01	3910	1400	1905	Cenntro Metro official specifications	https://cenntroauto.com/vehicles/metro/
EU-CENNTRO-NEIBOR-200-I-VAN-01	3500	1480	1490	Cenntro Neibor 200 regional product specifications	https://electricvan-inc.fr/products.html
EU-CENNTRO-ORV-I-PICKUP-01	4010	1600	2150	Cenntro TeeMak ORV official specifications	https://cenntroauto.com/vehicles/orv/
EU-CHANGAN-X5-PLUS-I-SUV-01	4540	1860	1620	AutoCango 2025 Changan X5 Plus specifications	https://www.autocango.com/carspecs-detail/ChangAn-X5-PLUS-BXND3W
EU-CHATENET-CH40-I-HATCHBACK-01	2977	1492	1457	Automobiles Chatenet CH40-CH46 official owner notice	https://www.automobiles-chatenet.com/service-apres-vente.html?file=files%2Fpack%2Fcontenu%2FPDF-technique%2F2025%2FNOTICE+CH40-CH46+V2.pdf
EU-CHATENET-CH46-I-HATCHBACK-01	2882	1500	1453	Automobiles Chatenet CH40-CH46 official owner notice	https://www.automobiles-chatenet.com/service-apres-vente.html?file=files%2Fpack%2Fcontenu%2FPDF-technique%2F2025%2FNOTICE+CH40-CH46+V2.pdf
EU-CHERY-OMODA-5-I-SUV-01	4400	1830	1588	Chery International OMODA official specifications	https://www.cheryinternational.com/omoda/
EU-CHERY-TIGGO-4-I-SUV-01	4320	1831	1652	Chery International TIGGO 4 CSH official specifications	https://www.cheryinternational.com/pc/models/tiggo/tiggo4_csh/index.shtml
EU-CHERY-TIGGO-7-II-SUV-01	4553	1862	1696	Chery International TIGGO 7 CSH official specifications	https://www.cheryinternational.com/pc/models/tiggo/tiggo7_csh/index.shtml
EU-CHERY-TIGGO-8-I-FACELIFT-SUV-01	4725	1860	1705	Chery International Tiggo 8 official specifications	https://www.cheryinternational.com/pc/models/tiggo/tiggo8proe/index.shtml
EU-CHERY-TIGGO-9-I-SUV-01	4810	1925	1741	Chery Lithuania TIGGO 9 PHEV official specifications	https://cherymotor.lt/en/tiggo-9-phev/
EU-CHEVROLET-ALERO-I-SEDAN-01	4742	1780	1399	Automobile-Catalog 1999 Chevrolet Alero 2.4 16V Europe	https://www.automobile-catalog.com/car/1999/2406875/chevrolet_alero_2_4_16v.html
EU-CHEVROLET-ASTRO-II-CARGO-VAN-01	4821	1969	1905	Edmunds 2005 Chevrolet Astro Cargo specifications	https://www.edmunds.com/chevrolet/astro-cargo/2005/features-specs/
EU-CHEVROLET-AVALANCHE-I-PICKUP-PREFL-01	5631	2027	1862	Edmunds 2003 Chevrolet Avalanche specifications	https://www.edmunds.com/chevrolet/avalanche/2003/features-specs/
EU-CHEVROLET-AVALANCHE-I-PICKUP-FACELIFT-01	5629	2027	1869	Edmunds 2006 Chevrolet Avalanche 1500 specifications	https://www.edmunds.com/chevrolet/avalanche/2006/st-100580431/features-specs/
EU-CHEVROLET-AVALANCHE-II-PICKUP-01	5621	2009	1946	Edmunds 2011 Chevrolet Avalanche specifications	https://www.edmunds.com/chevrolet/avalanche/2011/features-specs/
EU-CHEVROLET-AVEO-II-T300-HATCHBACK-01	4039	1735	1517	Automobile-Catalog 2011 Chevrolet Aveo 1.4 LT Hatchback	https://www.automobile-catalog.com/car/2011/1568495/chevrolet_aveo_1_4_lt_hatchback.html
EU-CHEVROLET-AVEO-II-T300-SEDAN-01	4399	1735	1517	Automobile-Catalog 2012 Chevrolet Aveo 1.4 LT Sedan	https://www.automobile-catalog.com/car/2012/1568630/chevrolet_aveo_1_4_lt_sedan.html
EU-CHEVROLET-AVEO-KALOS-T200-HATCHBACK-3D-01	3880	1670	1495	Automobile-Catalog 2006 Chevrolet Kalos 1.2 SE Hatchback Europe	https://www.automobile-catalog.com/car/2006/559025/chevrolet_kalos_1_2_se_hatchback.html
EU-CHEVROLET-AVEO-KALOS-T200-HATCHBACK-5D-01	3880	1670	1495	Automobile-Catalog 2006 Chevrolet Kalos 1.2 SE Hatchback Europe	https://www.automobile-catalog.com/car/2006/559025/chevrolet_kalos_1_2_se_hatchback.html
EU-CHEVROLET-AVEO-KALOS-T200-SEDAN-01	4235	1670	1495	Automobile-Catalog 2005 Chevrolet Kalos 1.4 16V SX Sedan Europe	https://www.automobile-catalog.com/car/2005/559085/chevrolet_kalos_1_4_16v_sx_sedan_automatic.html
EU-CHEVROLET-AVEO-T250-HATCHBACK-3D-01	3920	1680	1505	Automobile-Catalog 2009 Chevrolet Aveo 1.2 Hatchback Europe	https://www.automobile-catalog.com/car/2009/1209830/chevrolet_aveo_1_2_hatchback.html
EU-CHEVROLET-AVEO-T250-HATCHBACK-5D-01	3920	1680	1505	Automobile-Catalog 2009 Chevrolet Aveo 1.2 Hatchback Europe	https://www.automobile-catalog.com/car/2009/1209830/chevrolet_aveo_1_2_hatchback.html
EU-CHEVROLET-AVEO-T250-SEDAN-01	4310	1710	1505	Automobile-Catalog 2009 Chevrolet Aveo 1.4 LT Sedan Europe	https://www.automobile-catalog.com/car/2009/559175/chevrolet_aveo_1_4_lt_sedan.html
EU-CHEVROLET-BEL-AIR-VII-SEDAN-1973-01	5636	2019	1384	Chevrolet 1973 Caprice/Impala/Bel Air official brochure;Automobile-Catalog 1973 Chevrolet Bel Air 4-Door Sedan specifications	https://xr793.com/wp-content/uploads/2021/01/1973-Chevrolet-Caprice-Impala-Bel-Air-v2.pdf;https://www.automobile-catalog.com/car/1973/115955/chevrolet_bel_air_4-door_sedan_350-4_v-8_turbo-fire_hydra-matic.html
EU-CHEVROLET-BEL-AIR-VII-SEDAN-1974-01	5657	2019	1384	Chevrolet 1974 Caprice Classic/Impala/Bel Air official brochure;Automobile-Catalog 1974 Chevrolet Bel Air 4-Door Sedan specifications	https://autocatalogarchive.com/wp-content/uploads/2025/09/Chevrolet-Caprice-Impala-1974-USA.pdf;https://www.automobile-catalog.com/car/1974/116705/chevrolet_bel_air_4-door_sedan_454-4_v-8_turbo-jet_hydra-matic.html
EU-CHEVROLET-BEL-AIR-VII-SEDAN-1975-01	5659	2019	1384	Chevrolet 1975 Caprice Classic/Impala/Bel Air official brochure;Automobile-Catalog 1975 Chevrolet Bel Air 4-Door Sedan specifications	https://xr793.com/wp-content/uploads/2017/07/1975-Chevrolet-Caprice-Impala-Bel-Air.pdf;https://www.automobile-catalog.com/car/1975/117410/chevrolet_bel_air_4-door_sedan_350-4_v-8_turbo-fire_hydra-matic.html
EU-CHEVROLET-BLAZER-S10-II-SUV-3D-PREFL-01	4437	1722	1699	GM Heritage 1995 Chevrolet Blazer vehicle information kit	https://news.chevrolet.com/content/dam/company/no_search/heritage-archive-docs/vehicle-information-kits/chevrolet/1995-Chevrolet-Blazer.pdf
EU-CHEVROLET-BLAZER-S10-II-SUV-3D-FACELIFT-01	4437	1736	1770	Automobile-Catalog 1998 Chevrolet Blazer 2-Door 4WD specifications	https://www.automobile-catalog.com/car/1998/483860/chevrolet_blazer_2-door_4wd_automatic.html
EU-CHEVROLET-BLAZER-S10-II-SUV-5D-PREFL-01	4602	1722	1702	GM Heritage 1995 Chevrolet Blazer vehicle information kit	https://news.chevrolet.com/content/dam/company/no_search/heritage-archive-docs/vehicle-information-kits/chevrolet/1995-Chevrolet-Blazer.pdf
EU-CHEVROLET-BLAZER-S10-II-SUV-5D-FACELIFT-01	4656	1722	1633	Auto-Data Chevrolet Blazer II 4-door facelift 1998 specifications	https://www.auto-data.net/en/chevrolet-blazer-ii-4-door-facelift-1998-generation-8282
EU-CHEVROLET-C1500-GMT400-EXTENDED-CAB-SWB-2WD-01	5548	1951	1788	Kelley Blue Book 1996 Chevrolet 1500 Extended Cab Short Bed specifications	https://www.kbb.com/chevrolet/1500-extended-cab/1996/short-bed/
EU-CHEVROLET-C1500-GMT400-EXTENDED-CAB-LWB-2WD-01	6022	1951	1788	Chevrolet 1996 C/K official brochure;Edmunds 1996 Chevrolet C/K 1500 Extended Cab specifications	https://www.auto-brochures.com/makes/Chevrolet/Silverado/Chevrolet_US%20Silverado_1996.pdf;https://www.edmunds.com/chevrolet/ck-1500-series/1996/extended-cab/features-specs/
EU-CHEVROLET-C1500-GMT400-STANDARD-CAB-SWB-2WD-01	4940	1951	1788	Edmunds 1996 Chevrolet C/K 1500 Series Regular Cab specifications	https://www.edmunds.com/chevrolet/ck-1500-series/1996/features-specs/
EU-CHEVROLET-C1500-GMT400-STANDARD-CAB-LWB-2WD-01	5413	1951	1788	Edmunds 1996 Chevrolet C/K 1500 Series Regular Cab Long Bed specifications	https://www.edmunds.com/chevrolet/ck-1500-series/1996/regular-cab/st-14005/features-specs/
EU-CHEVROLET-CAMARO-III-COUPE-BASE-PREFL-01	4775	1849	1270	Automobile-Catalog 1985 Chevrolet Camaro Sport Coupe specifications	https://www.automobile-catalog.com/car/1985/458690/chevrolet_camaro_sport_coupe_2_8l_v-6_mfi_automatic.html
EU-CHEVROLET-CAMARO-III-COUPE-RS-PREFL-01	4877	1849	1278	Automobile-Catalog 1990 Chevrolet Camaro RS specifications	https://www.automobile-catalog.com/car/1990/459935/chevrolet_camaro_rs_3_1l_v-6_mfi_automatic.html
EU-CHEVROLET-CAMARO-III-COUPE-RS-FACELIFT-01	4892	1839	1280	Automobile-Catalog 1991 Chevrolet Camaro RS specifications	https://www.automobile-catalog.com/car/1991/460130/chevrolet_camaro_rs_3_1l_v-6_mfi_automatic.html
EU-CHEVROLET-CAMARO-V-COUPE-PREFL-01	4836	1918	1376	General Motors 2011 Camaro Coupe and Convertible specifications	https://www.prnewswire.com/news-releases/new-camaro-convertible-blends-top-down-driving-fun-with-precise-engineering-108379814.html
EU-CHEVROLET-CAMARO-V-COUPE-FACELIFT-01	4841	1918	1376	GM Canada 2014 Camaro Quick Facts;Chevrolet 2015 Camaro ZL1 official specifications	https://media.gm.ca/content/dam/Media/microsites/product/canada_retiree/Documents/en/Products/Pamphlets/2014/2014_Chevrolet_Camaro.pdf;https://autoinfo.jp/release/MY15_Camaro_ZL1.pdf
EU-CHEVROLET-CAMARO-V-CONVERTIBLE-PREFL-01	4836	1918	1389	General Motors 2011 Camaro Coupe and Convertible specifications	https://www.prnewswire.com/news-releases/new-camaro-convertible-blends-top-down-driving-fun-with-precise-engineering-108379814.html
EU-CHEVROLET-CAMARO-V-CONVERTIBLE-FACELIFT-01	4841	1918	1389	GM Canada 2014 Camaro Quick Facts;Chevrolet 2015 Camaro ZL1 official specifications	https://media.gm.ca/content/dam/Media/microsites/product/canada_retiree/Documents/en/Products/Pamphlets/2014/2014_Chevrolet_Camaro.pdf;https://autoinfo.jp/release/MY15_Camaro_ZL1.pdf
EU-CHEVROLET-CAMARO-IV-COUPE-FACELIFT-01	4915	1882	1303	GM Heritage 1998 Chevrolet Camaro vehicle information kit;Automobile-Catalog 1998 Camaro specifications	https://www.gm.com/content/dam/company/no_search/heritage-archive-docs/vehicle-information-kits/chevrolet/1998-Chevrolet-Camaro.pdf;https://www.automobile-catalog.com/car/1998/473135/chevrolet_camaro_z28_ss.html
EU-CHEVROLET-CAMARO-II-COUPE-1972-01	4775	1890	1247	Chevrolet 1972 Camaro official brochure;Automobile-Catalog 1972 Camaro SS specifications	https://autocatalogarchive.com/wp-content/uploads/2024/09/Chevrolet-Camaro-1972-USA.pdf;https://www.automobile-catalog.com/car/1972/101480/chevrolet_camaro_ss_396.html
EU-CHEVROLET-CAMARO-II-COUPE-1973-01	4785	1890	1247	Chevrolet 1973 Camaro official brochure;Automobile-Catalog 1973 Camaro specifications	https://autocatalogarchive.com/wp-content/uploads/2016/07/Chevrolet-Camaro-1973.pdf;https://www.automobile-catalog.com/make/chevrolet_usa/camaro_2gen/camaro_2gen_lt/1973.html
EU-CHEVROLET-CAMARO-II-COUPE-1974-01	4963	1890	1247	Chevrolet 1974 Camaro official brochure	https://autocatalogarchive.com/wp-content/uploads/2024/09/Chevrolet-Camaro-1974-USA-.pdf
EU-CHEVROLET-CAMARO-II-COUPE-1975-01	4963	1890	1247	Chevrolet 1975 Camaro official brochure	https://autocatalogarchive.com/wp-content/uploads/2024/10/Chevrolet-Camaro-1975-USA.pdf
EU-CHEVROLET-CAMARO-II-COUPE-1976-01	4963	1890	1250	Chevrolet 1976 Camaro official brochure;Automobile-Catalog 1976 Camaro specifications	https://autocatalogarchive.com/wp-content/uploads/2024/10/Chevrolet-Camaro-1976-USA.pdf;https://www.automobile-catalog.com/car/1976/205475/chevrolet_camaro_type_lt_350-4_v-8_hydra-matic.html
EU-CHEVROLET-CAMARO-VI-COUPE-01	4783	1897	1349	Chevrolet 2019 Camaro official catalog;Car and Driver 2016 Camaro Coupe specifications	https://dealerinspire-brochure.s3.amazonaws.com/1785.pdf;https://www.caranddriver.com/chevrolet/camaro/specs/2016/chevrolet_camaro_chevrolet-camaro-ss-coupe_2016
EU-CHEVROLET-CAMARO-VI-CONVERTIBLE-01	4783	1897	1344	Chevrolet 2019 Camaro official catalog;Car and Driver 2016 Camaro Convertible specifications	https://dealerinspire-brochure.s3.amazonaws.com/1785.pdf;https://www.caranddriver.com/chevrolet/camaro/specs/2016/chevrolet_camaro_chevrolet-camaro-ss-convertible_2016
EU-CHEVROLET-CAMARO-IV-COUPE-PREFL-01	4907	1882	1303	GM Heritage 1993 Chevrolet Camaro vehicle information kit;Automobile-Catalog 1995 Camaro specifications	https://www.gm.com/content/dam/company/no_search/heritage-archive-docs/vehicle-information-kits/chevrolet/1993-Chevrolet-Camaro.pdf;https://www.automobile-catalog.com/car/1995/1503620/chevrolet_camaro_z28.html
EU-CHEVROLET-CAMARO-IV-CONVERTIBLE-FACELIFT-01	4915	1882	1321	GM Heritage 1998 Chevrolet Camaro vehicle information kit;Edmunds 1998 Camaro Convertible specifications	https://www.gm.com/content/dam/company/no_search/heritage-archive-docs/vehicle-information-kits/chevrolet/1998-Chevrolet-Camaro.pdf;https://www.edmunds.com/chevrolet/camaro/1998/convertible/features-specs/
EU-CHEVROLET-CAMARO-III-CONVERTIBLE-Z28-PREFL-01	4877	1849	1278	Automobile-Catalog 1987 Chevrolet Camaro Z28 Convertible specifications	https://www.automobile-catalog.com/car/1987/459290/chevrolet_camaro_z28_convertible_5_0l_v-8.html
EU-CHEVROLET-CAPRICE-III-SEDAN-1977-01	5387	1918	1422	Automobile-Catalog 1977 Chevrolet Caprice Classic Sedan specifications	https://www.automobile-catalog.com/car/1977/208100/chevrolet_caprice_classic_sedan_350-4_v-8_hydra-matic.html
EU-CHEVROLET-CAPRICE-III-SEDAN-1978-1979-01	5387	1930	1422	Automobile-Catalog 1979 Chevrolet Caprice Classic Sedan specifications	https://www.automobile-catalog.com/car/1979/208910/chevrolet_caprice_classic_sedan_4_1l_automatic.html
EU-CHEVROLET-CAPRICE-III-SEDAN-1980-1984-01	5387	1913	1420	Automobile-Catalog 1980 Chevrolet Caprice Classic Sedan specifications	https://www.automobile-catalog.com/car/1980/209465/chevrolet_caprice_classic_sedan_4_4l_v-8_automatic.html
EU-CHEVROLET-CAPRICE-III-SEDAN-1985-1987-01	5405	1915	1433	Automobile-Catalog 1985 Chevrolet Caprice Classic Sedan 5.0L specifications	https://www.automobile-catalog.com/car/1985/461825/chevrolet_caprice_classic_sedan_5_0l_v-8_automatic_overdrive.html
EU-CHEVROLET-CAPRICE-III-COUPE-1977-01	5387	1918	1405	Automobile-Catalog 1977 Chevrolet Caprice Classic Coupe 5.7 specifications	https://www.automobile-catalog.com/car/1977/208055/chevrolet_caprice_classic_coupe_350-4_v-8_hydra-matic.html
EU-CHEVROLET-CAPRICE-III-COUPE-1978-1979-01	5387	1930	1405	Automobile-Catalog 1978 Chevrolet Caprice Classic Coupe 5.7 specifications	https://www.automobile-catalog.com/car/1978/208430/chevrolet_caprice_classic_coupe_350-4_v-8_automatic.html
EU-CHEVROLET-CAPRICE-II-SEDAN-1975-01	5659	2019	1384	Chevrolet 1975 Caprice Classic/Impala/Bel Air official brochure;Automobile-Catalog 1975 Chevrolet Caprice Classic 4-Door Sedan specifications	https://xr793.com/wp-content/uploads/2017/07/1975-Chevrolet-Caprice-Impala-Bel-Air.pdf;https://www.automobile-catalog.com/car/1975/117695/chevrolet_caprice_4-door_sedan_350_v-8_turbo-fire_hydra-matic.html
EU-CHEVROLET-CAPRICE-II-COUPE-1975-01	5659	2019	1364	Chevrolet 1975 Caprice Classic/Impala/Bel Air official brochure;Automobile-Catalog 1975 Chevrolet Caprice Classic Coupe specifications	https://xr793.com/wp-content/uploads/2017/07/1975-Chevrolet-Caprice-Impala-Bel-Air.pdf;https://www.automobile-catalog.com/car/1975/117815/chevrolet_caprice_coupe_350_v-8_turbo-fire_hydra-matic.html
EU-CHEVROLET-CAPRICE-II-COUPE-1976-01	5662	2019	1364	Chevrolet 1976 Caprice Classic/Impala official brochure;Automobile-Catalog 1976 Chevrolet Caprice Classic Coupe specifications	https://xr793.com/wp-content/uploads/2017/07/1976-Chevroloet-Caprice-Classic-Impala.pdf;https://www.automobile-catalog.com/car/1976/207440/chevrolet_caprice_classic_coupe_400-4_v-8_turbo-jet_hydra-matic.html
EU-CHEVROLET-CAPRICE-II-SEDAN-1974-01	5657	2019	1384	Chevrolet 1974 Caprice Classic/Impala/Bel Air official brochure	https://autocatalogarchive.com/wp-content/uploads/2025/09/Chevrolet-Caprice-Impala-1974-USA.pdf
EU-CHEVROLET-CAPTIVA-I-SUV-FACELIFT-01	4673	1849	1727	Chevrolet UK 2014 Captiva official specifications	https://xr793.com/wp-content/uploads/2022/10/2014-Chevrolet-Captiva-UK.pdf
EU-CHEVROLET-CAPTIVA-I-SUV-PREFL-01	4635	1850	1720	Automobile-Catalog 2007 Chevrolet Europe Captiva specifications;Auto-Data Chevrolet Captiva I specifications	https://www.automobile-catalog.com/make/chevrolet_europe/windstorm_captiva_europe/windstorm_captiva_eu/2007.html;https://www.auto-data.net/en/chevrolet-captiva-model-1623
EU-CHEVROLET-CELEBRITY-I-SEDAN-1982-1983-01	4783	1748	1364	Chevrolet 1982 Celebrity official brochure;Automobile-Catalog 1983 Chevrolet Celebrity Sedan 2.8L specifications	https://xr793.com/wp-content/uploads/2017/07/1982-Chevrolet-Celebrity.pdf;https://www.automobile-catalog.com/car/1983/456335/chevrolet_celebrity_sedan_2_8l_v-6_automatic.html
EU-CHEVROLET-CELEBRITY-I-SEDAN-1984-1985-01	4783	1760	1369	Automobile-Catalog 1984 Chevrolet Celebrity Sedan 2.8L specifications;Chevrolet 1985 Celebrity official brochure	https://www.automobile-catalog.com/car/1984/456605/chevrolet_celebrity_sedan_2_8l_v-6_high_output_automatic.html;https://xr793.com/wp-content/uploads/2017/07/1985-Chevrolet-Celebrity.pdf
EU-CHEVROLET-CELEBRITY-I-SEDAN-1986-01	4783	1760	1374	Automobile-Catalog 1986 Chevrolet Celebrity Sedan 2.8L specifications	https://www.automobile-catalog.com/car/1986/457280/chevrolet_celebrity_sedan_2_8l_v-6_automatic.html
EU-CHEVROLET-CHEYENNE-III-CREW-CAB-SHORTBOX-4WD-01	5847	2032	1872	Lista de Carros Chevrolet Cheyenne 2015 dimensions;Automobile-Catalog 2014 Chevrolet Silverado 1500 Crew Cab Short Box 4x4 6.2L specifications	https://www.listadecarros.com/chevrolet/chevrolet-cheyenne-2015-capacidad-lujo-y-elegancia/;https://www.automobile-catalog.com/car/2014/3077300/chevrolet_silverado_1500_crew_cab_short_box_4x4_6_2-liter_v-8.html
EU-CHEVROLET-CHEYENNE-III-STANDARD-CAB-SHORTBOX-4WD-01	5222	2029	1869	Lista de Carros Chevrolet Cheyenne 2015 dimensions	https://www.listadecarros.com/chevrolet/chevrolet-cheyenne-2015-capacidad-lujo-y-elegancia/
EU-CHEVROLET-COLORADO-I-CREW-CAB-2WD-01	5260	1717	1656	Chevrolet 2004 Colorado official brochure;Edmunds 2006 Chevrolet Colorado Crew Cab specifications	https://www.auto-brochures.com/makes/Chevrolet/Colorado/Chevrolet_US%20Colorado_2004.pdf;https://www.edmunds.com/chevrolet/colorado/2006/crew-cab/features-specs/
EU-CHEVROLET-COLORADO-I-EXTENDED-CAB-2WD-01	5260	1717	1648	Chevrolet 2004 Colorado official brochure;Edmunds 2006 Chevrolet Colorado Extended Cab Base specifications	https://www.auto-brochures.com/makes/Chevrolet/Colorado/Chevrolet_US%20Colorado_2004.pdf;https://www.edmunds.com/chevrolet/colorado/2006/extended-cab/st-100563864/features-specs/
EU-CHEVROLET-COLORADO-I-STANDARD-CAB-2WD-01	4887	1717	1648	Chevrolet 2004 Colorado official brochure;Edmunds 2006 Chevrolet Colorado Regular Cab Work Truck specifications	https://www.auto-brochures.com/makes/Chevrolet/Colorado/Chevrolet_US%20Colorado_2004.pdf;https://www.edmunds.com/chevrolet/colorado/2006/regular-cab/st-100563860/features-specs/
EU-CHEVROLET-COLORADO-I-CREW-CAB-4WD-01	5260	1742	1725	Chevrolet 2004 Colorado official brochure;Edmunds 2010 Chevrolet Colorado Crew Cab 4WD specifications	https://www.auto-brochures.com/makes/Chevrolet/Colorado/Chevrolet_US%20Colorado_2004.pdf;https://www.edmunds.com/chevrolet/colorado/2010/crew-cab/features-specs/
EU-CHEVROLET-COLORADO-I-EXTENDED-CAB-4WD-01	5260	1742	1717	Chevrolet 2004 Colorado official brochure;Edmunds 2010 Chevrolet Colorado Extended Cab 4WD specifications	https://www.auto-brochures.com/makes/Chevrolet/Colorado/Chevrolet_US%20Colorado_2004.pdf;https://www.edmunds.com/chevrolet/colorado/2010/extended-cab/features-specs/
EU-CHEVROLET-COLORADO-I-STANDARD-CAB-4WD-01	4887	1742	1717	Chevrolet 2004 Colorado official brochure;Edmunds 2006 Chevrolet Colorado Regular Cab 4WD Work Truck specifications	https://www.auto-brochures.com/makes/Chevrolet/Colorado/Chevrolet_US%20Colorado_2004.pdf;https://www.edmunds.com/chevrolet/colorado/2006/st-100563861/features-specs/
EU-CHEVROLET-CORVETTE-C5-CONVERTIBLE-01	4564	1869	1214	Edmunds 2004 Chevrolet Corvette Convertible specifications	https://www.edmunds.com/chevrolet/corvette/2004/convertible/features-specs/
EU-CHEVROLET-CORVETTE-C3-COUPE-1976-1977-01	4704	1753	1219	GM Heritage 1976 Chevrolet Corvette vehicle information kit;GM Heritage 1977 Chevrolet Corvette vehicle information kit	https://www.gm.com/content/dam/company/no_search/heritage-archive-docs/vehicle-information-kits/chevrolet/1976-Chevrolet-Corvette.pdf;https://www.gm.com/content/dam/company/no_search/heritage-archive-docs/vehicle-information-kits/chevrolet/1977-Chevrolet-Corvette.pdf
EU-CHEVROLET-CORVETTE-C3-COUPE-1978-01	4704	1753	1219	GM Heritage 1978 Chevrolet Corvette vehicle information kit	https://www.gm.com/content/dam/company/no_search/heritage-archive-docs/vehicle-information-kits/chevrolet/1978-Chevrolet-Corvette.pdf
EU-CHEVROLET-CORVETTE-C4-COUPE-PREFL-01	4483	1803	1186	Automobile-Catalog 1984 Chevrolet Corvette specifications;Chevrolet 1989 Corvette brochure	https://www.automobile-catalog.com/car/1984/29570/chevrolet_corvette.html;https://autocatalogarchive.com/wp-content/uploads/2016/07/Chevrolet-Corvette-1989-.pdf
EU-CHEVROLET-CORVETTE-C4-COUPE-FACELIFT-01	4483	1803	1186	GM Heritage 1991 Chevrolet Corvette vehicle information kit;Corvsport 1991 Corvette specifications	https://www.gm.com/content/dam/company/no_search/heritage-archive-docs/vehicle-information-kits/chevrolet/1991-Chevrolet-Corvette.pdf;https://www.corvsport.com/1991-corvette-specifications/
EU-CHEVROLET-CORVETTE-C5-COUPE-01	4564	1869	1212	Edmunds 2004 Chevrolet Corvette Coupe specifications	https://www.edmunds.com/chevrolet/corvette/2004/coupe/features-specs/
EU-CHEVROLET-CORVETTE-C3-COUPE-1975-01	4704	1753	1222	GM Heritage 1975 Chevrolet Corvette vehicle information kit	https://www.gm.com/content/dam/company/no_search/heritage-archive-docs/vehicle-information-kits/chevrolet/1975-Chevrolet-Corvette.pdf
EU-CHEVROLET-CORVETTE-C6-COUPE-01	4435	1844	1247	Chevrolet 2013 Corvette official order guide	https://www.corvetteactioncenter.com/specs/c6/2013/2013_Corvette_Order_Guide.pdf
EU-CHEVROLET-CORVETTE-C7-COUPE-STINGRAY-01	4492	1872	1239	Chevrolet Corvette Stingray official technical data	https://media.gm.com/content/dam/Media/documents/INTL/chevrolet/tech-data/corvette-stingray/Chevrolet-Corvette-Stingray-Technical-Data_en.pdf
EU-CHEVROLET-CORVETTE-C7-CONVERTIBLE-STINGRAY-01	4492	1872	1243	Chevrolet Corvette Stingray official technical data	https://media.gm.com/content/dam/Media/documents/INTL/chevrolet/tech-data/corvette-stingray/Chevrolet-Corvette-Stingray-Technical-Data_en.pdf
EU-CHEVROLET-CORVETTE-C8-COUPE-STINGRAY-01	4634	1934	1235	Chevrolet Corvette Stingray official European technical specifications;Edmunds 2022 Corvette Coupe specifications	https://media.chevrolet.com/content/dam/Media/documents/INTL/chevrolet/tech-data/corvette-stingray/Chevrolet-Corvette-Stingray-TechSpecs_EN.pdf;https://www.edmunds.com/chevrolet/corvette/2022/coupe/features-specs/
EU-CHEVROLET-CORVETTE-C8-CONVERTIBLE-STINGRAY-01	4634	1934	1234	Chevrolet Corvette Stingray official European technical specifications;Edmunds 2022 Corvette Convertible specifications	https://media.chevrolet.com/content/dam/Media/documents/INTL/chevrolet/tech-data/corvette-stingray/Chevrolet-Corvette-Stingray-TechSpecs_EN.pdf;https://www.edmunds.com/chevrolet/corvette/2022/convertible/st-401899994/features-specs/
EU-CHEVROLET-CORVETTE-C3-COUPE-1972-01	4636	1753	1214	Chevrolet 1972 Corvette official brochure;Corvsport 1972 Corvette specifications	https://xr793.com/wp-content/uploads/2017/07/1972-Chevrolet-Corvette.pdf;https://www.corvsport.com/1972-corvette-specifications/
EU-CHEVROLET-CORVETTE-C3-COUPE-1973-01	4691	1753	1212	Chevrolet 1973 Corvette official brochure	https://xr793.com/wp-content/uploads/2017/07/1973-Chevrolet-Corvette.pdf
EU-CHEVROLET-CORVETTE-C3-COUPE-1974-01	4712	1753	1214	Chevrolet 1974 Corvette official brochure;Carfolio 1974 Corvette specifications	https://autocatalogarchive.com/wp-content/uploads/2018/02/Chevrolet-Corvette-1974-USA.pdf;https://www.carfolio.com/chevrolet-corvette-stingray-90013
EU-CHEVROLET-CORVETTE-C4-COUPE-ZR1-01	4506	1880	1189	Automobile-Catalog 1990 Chevrolet Corvette ZR-1 specifications	https://www.automobile-catalog.com/car/1990/463655/chevrolet_corvette_zr-1.html
EU-CHEVROLET-CORVETTE-C8-COUPE-ERAY-01	4734	2024	1237	Chevrolet Europe Corvette E-Ray official specifications	https://www.chevroleteurope.com/content/dam/chevrolet/eu/master/en/index/share-assets/pdf/specs/Chevrolet_Corvette_E-Ray_Specifications.pdf
EU-CHEVROLET-CORVETTE-C8-CONVERTIBLE-ERAY-01	4734	2024	1236	Chevrolet Europe Corvette E-Ray official specifications	https://www.chevroleteurope.com/content/dam/chevrolet/eu/master/en/index/share-assets/pdf/specs/Chevrolet_Corvette_E-Ray_Specifications.pdf
EU-CHEVROLET-CORVETTE-C7-CONVERTIBLE-Z06-01	4514	1965	1243	Chevrolet Corvette Z06 official technical data	https://media.gm.com/content/dam/Media/documents/INTL/chevrolet/2019/vehicles/corvette-z06/Tech-Data-Chevrolet-Corvette-Z06.pdf
EU-CHEVROLET-CORVETTE-C7-COUPE-Z06-01	4514	1965	1239	Chevrolet Corvette Z06 official technical data	https://media.gm.com/content/dam/Media/documents/INTL/chevrolet/2019/vehicles/corvette-z06/Tech-Data-Chevrolet-Corvette-Z06.pdf
EU-CHEVROLET-CORVETTE-C6-COUPE-ZR1-01	4476	1928	1244	Automobile-Catalog 2009 Chevrolet Corvette ZR1 specifications	https://www.automobile-catalog.com/car/2009/479435/chevrolet_corvette_zr1.html
EU-CHEVROLET-CORVETTE-C8-CONVERTIBLE-Z06-01	4734	2024	1236	Chevrolet Europe Corvette Z06 official specifications	https://www.chevroleteurope.com/content/dam/chevrolet/eu/master/en/index/share-assets/pdf/specs/Chevrolet_Corvette_Z06_Specifications_2025.pdf
EU-CHEVROLET-CORVETTE-C8-COUPE-Z06-01	4734	2024	1237	Chevrolet Europe Corvette Z06 official specifications	https://www.chevroleteurope.com/content/dam/chevrolet/eu/master/en/index/share-assets/pdf/specs/Chevrolet_Corvette_Z06_Specifications_2025.pdf
EU-CHEVROLET-CORVETTE-C6-COUPE-Z06-01	4460	1928	1237	Chevrolet 2013 Corvette official order guide	https://www.corvetteactioncenter.com/specs/c6/2013/2013_Corvette_Order_Guide.pdf
EU-CHEVROLET-CRUZE-I-SEDAN-PREFL-01	4597	1788	1477	Chevrolet Cruze 2010 official brochure;Automobile-Catalog 2009 Chevrolet Cruze 1.6 specifications	https://autocatalogarchive.com/wp-content/uploads/2021/11/Chevrolet-Cruze-2010-IN.pdf;https://www.automobile-catalog.com/car/2009/1210010/chevrolet_cruze_1_6.html
EU-CHEVROLET-CRUZE-I-SEDAN-FACELIFT-01	4603	1797	1477	Chevrolet UK 2014 Cruze 4-Door official brochure	https://xr793.com/wp-content/uploads/2022/10/2014-Chevrolet-Cruze-4-Door-UK.pdf
EU-CHEVROLET-CRUZE-I-HATCHBACK-FACELIFT-01	4514	1797	1477	Chevrolet UK 2014 Cruze 5-Door official brochure	https://xr793.com/wp-content/uploads/2022/10/2014-Chevrolet-Cruze-5-Door-UK.pdf
EU-CHEVROLET-CRUZE-I-WAGON-01	4681	1797	1521	Chevrolet UK 2014 Cruze Station Wagon official brochure	https://xr793.com/wp-content/uploads/2022/10/2014-Chevrolet-Cruze-Station-Wagon-UK.pdf
EU-CHEVROLET-CRUZE-I-HATCHBACK-PREFL-01	4510	1797	1477	GM Chevrolet Cruze Hatchback Specifications and Features	https://media.gm.com/content/dam/Media/documents/CN/Vehicle_Spec/Chevrolet/Chevrolet%20Cruze%20Hatchback%20Specifications%20and%20Features.pdf
EU-CHEVROLET-SILVERADO-HD-II-PICKUP-CREW-STD-SRW-11UP-01	6101	2032	1875	Chevrolet 2013 Silverado HD official brochure	https://www.auto-brochures.com/makes/Chevrolet/Silverado/Chevrolet_US%20SilveradoHD_2013.pdf
EU-CHEVROLET-SILVERADO-HD-II-PICKUP-CREW-LONG-SRW-11UP-01	6581	2032	1875	Chevrolet 2013 Silverado HD official brochure	https://www.auto-brochures.com/makes/Chevrolet/Silverado/Chevrolet_US%20SilveradoHD_2013.pdf
EU-CHEVROLET-SILVERADO-HD-II-PICKUP-EXT-STD-SRW-PRE11-01	5839	2029	1959	Chevrolet 2010 Silverado official brochure	https://xr793.com/wp-content/uploads/2022/07/2010-Chevrolet-Silverado-CN.pdf
EU-CHEVROLET-SILVERADO-HD-II-PICKUP-EXT-LONG-SRW-PRE11-01	6320	2029	1959	Chevrolet 2010 Silverado official brochure	https://xr793.com/wp-content/uploads/2022/07/2010-Chevrolet-Silverado-CN.pdf
EU-CHEVROLET-SILVERADO-HD-II-PICKUP-EXT-STD-SRW-11UP-01	5857	2032	1875	Chevrolet 2013 Silverado HD official brochure	https://www.auto-brochures.com/makes/Chevrolet/Silverado/Chevrolet_US%20SilveradoHD_2013.pdf
EU-CHEVROLET-SILVERADO-HD-II-PICKUP-EXT-LONG-SRW-11UP-01	6337	2032	1875	Chevrolet 2013 Silverado HD official brochure	https://www.auto-brochures.com/makes/Chevrolet/Silverado/Chevrolet_US%20SilveradoHD_2013.pdf
EU-CHEVROLET-SILVERADO-HD-II-PICKUP-REG-LONG-SRW-PRE11-01	5702	2029	1959	Chevrolet 2010 Silverado official brochure	https://xr793.com/wp-content/uploads/2022/07/2010-Chevrolet-Silverado-CN.pdf
EU-CHEVROLET-SILVERADO-HD-II-PICKUP-REG-LONG-SRW-11UP-01	5728	2032	1979	Chevrolet 2013 Silverado HD official brochure	https://www.auto-brochures.com/makes/Chevrolet/Silverado/Chevrolet_US%20SilveradoHD_2013.pdf
EU-CHEVROLET-SILVERADO-II-PICKUP-REG-STD-01	5222	2029	1875	Chevrolet 2013 Silverado official brochure	https://www.centuryu.com/uploads/1/4/4/6/144698822/2013_silverado.pdf
EU-CHEVROLET-SILVERADO-II-PICKUP-REG-LONG-01	5702	2029	1875	Chevrolet 2013 Silverado official brochure	https://www.centuryu.com/uploads/1/4/4/6/144698822/2013_silverado.pdf
EU-CHEVROLET-SILVERADO-2500-I-PICKUP-REG-LONG-2WD-01	5644	1994	1808	Chevrolet 2004 Silverado official specifications	https://news.chevrolet.com/content/dam/company/no_search/heritage-archive-docs/vehicle-information-kits/chevrolet/2004-Chevrolet-Silverado.pdf
EU-CHEVROLET-SILVERADO-III-PICKUP-REG-STD-4WD-01	5222	2032	1882	Automobile-Catalog 2015 Chevrolet Silverado 1500 Regular Cab Standard Box 4x4 5.3	https://www.automobile-catalog.com/car/2015/3077720/chevrolet_silverado_1500_regular_cab_standard_box_4x4_5_3-liter_v-8.html
EU-CHEVROLET-SILVERADO-III-PICKUP-REG-LONG-4WD-01	5700	2032	1875	Automobile-Catalog 2014 Chevrolet Silverado 1500 Regular Cab Long Box 4x4 5.3	https://www.automobile-catalog.com/car/2014/3077270/chevrolet_silverado_1500_regular_cab_long_box_4x4_5_3-liter_v-8.html
EU-CHEVROLET-SILVERADO-2500-I-PICKUP-REG-LONG-4WD-01	5644	1994	1872	Chevrolet 2004 Silverado official specifications	https://news.chevrolet.com/content/dam/company/no_search/heritage-archive-docs/vehicle-information-kits/chevrolet/2004-Chevrolet-Silverado.pdf
EU-CHEVROLET-SILVERADO-3500-I-PICKUP-REG-LONG-SRW-4WD-01	5641	2024	1948	Chevrolet 2004 Silverado official specifications	https://news.chevrolet.com/content/dam/company/no_search/heritage-archive-docs/vehicle-information-kits/chevrolet/2004-Chevrolet-Silverado.pdf
EU-CHEVROLET-SILVERADO-3500-I-PICKUP-REG-LONG-DRW-4WD-01	5641	2441	1948	Chevrolet 2004 Silverado official specifications	https://news.chevrolet.com/content/dam/company/no_search/heritage-archive-docs/vehicle-information-kits/chevrolet/2004-Chevrolet-Silverado.pdf
EU-CHEVROLET-SILVERADO-3500-I-PICKUP-EXT-LONG-SRW-4WD-01	6264	2024	1948	Chevrolet 2004 Silverado official specifications	https://news.chevrolet.com/content/dam/company/no_search/heritage-archive-docs/vehicle-information-kits/chevrolet/2004-Chevrolet-Silverado.pdf
EU-CHEVROLET-SILVERADO-3500-I-PICKUP-EXT-LONG-DRW-4WD-01	6264	2441	1948	Chevrolet 2004 Silverado official specifications	https://news.chevrolet.com/content/dam/company/no_search/heritage-archive-docs/vehicle-information-kits/chevrolet/2004-Chevrolet-Silverado.pdf
EU-CHEVROLET-SILVERADO-3500-I-PICKUP-CREW-LONG-SRW-4WD-01	6507	2024	1963	Chevrolet 2004 Silverado official specifications	https://news.chevrolet.com/content/dam/company/no_search/heritage-archive-docs/vehicle-information-kits/chevrolet/2004-Chevrolet-Silverado.pdf
EU-CHEVROLET-SILVERADO-3500-I-PICKUP-CREW-LONG-DRW-4WD-01	6507	2441	1963	Chevrolet 2004 Silverado official specifications	https://news.chevrolet.com/content/dam/company/no_search/heritage-archive-docs/vehicle-information-kits/chevrolet/2004-Chevrolet-Silverado.pdf
EU-CHEVROLET-SILVERADO-HD-II-PICKUP-CREW-LONG-SRW-PRE11-01	6572	2029	1959	Chevrolet 2010 Silverado official brochure	https://xr793.com/wp-content/uploads/2022/07/2010-Chevrolet-Silverado-CN.pdf
EU-CHEVROLET-SILVERADO-HD-II-PICKUP-CREW-LONG-DRW-PRE11-01	6572	2436	1933	Chevrolet 2010 Silverado official brochure	https://xr793.com/wp-content/uploads/2022/07/2010-Chevrolet-Silverado-CN.pdf
EU-CHEVROLET-SILVERADO-HD-II-PICKUP-CREW-LONG-DRW-11UP-01	6581	2436	1875	Chevrolet 2013 Silverado HD official brochure	https://www.auto-brochures.com/makes/Chevrolet/Silverado/Chevrolet_US%20SilveradoHD_2013.pdf
EU-CHEVROLET-SILVERADO-HD-II-PICKUP-EXT-LONG-DRW-PRE11-01	6320	2436	1933	Chevrolet 2010 Silverado official brochure	https://xr793.com/wp-content/uploads/2022/07/2010-Chevrolet-Silverado-CN.pdf
EU-CHEVROLET-SILVERADO-HD-II-PICKUP-EXT-LONG-DRW-11UP-01	6337	2436	1875	Chevrolet 2013 Silverado HD official brochure	https://www.auto-brochures.com/makes/Chevrolet/Silverado/Chevrolet_US%20SilveradoHD_2013.pdf
EU-CHEVROLET-SILVERADO-HD-II-PICKUP-REG-LONG-DRW-PRE11-01	5702	2436	1933	Chevrolet 2010 Silverado official brochure	https://xr793.com/wp-content/uploads/2022/07/2010-Chevrolet-Silverado-CN.pdf
EU-CHEVROLET-SILVERADO-HD-II-PICKUP-REG-LONG-DRW-11UP-01	5728	2436	1979	Chevrolet 2013 Silverado HD official brochure	https://www.auto-brochures.com/makes/Chevrolet/Silverado/Chevrolet_US%20SilveradoHD_2013.pdf
EU-CHEVROLET-SPARK-III-HATCHBACK-PREFL-01	3640	1597	1522	Chevrolet Spark 2011 official brochure; Auto-Data Chevrolet Spark III	https://autocatalogarchive.com/wp-content/uploads/2016/07/Chevrolet-Spark-2011.pdf;https://www.auto-data.net/en/chevrolet-spark-model-1611
EU-CHEVROLET-SPARK-III-HATCHBACK-FACELIFT-01	3595	1597	1522	Chevrolet Spark 2014 official specifications; Automobile-Catalog 2014 Chevrolet Spark 1.0 LT	https://xr793.com/wp-content/uploads/2022/10/2014-Chevrolet-Spark-Specs-UK.pdf;https://www.automobile-catalog.com/car/2014/1777385/chevrolet_spark_1_0_lt.html
EU-CHEVROLET-SPARK-II-HATCHBACK-01	3495	1495	1500	Automobile-Catalog 2006 Chevrolet Matiz 1.0 SX	https://www.automobile-catalog.com/car/2006/1209815/chevrolet_matiz_1_0_sx.html
EU-CHEVROLET-TAHOE-III-SUV-2WD-01	5130	2007	1954	Automobile-Catalog 2007 Chevrolet Tahoe LT 2WD	https://www.automobile-catalog.com/car/2007/1203050/chevrolet_tahoe_lt_2wd_5_3l_v-8.html
EU-CHEVROLET-TAHOE-I-SUV-3D-4WD-01	4788	1958	1839	Automobile-Catalog 1995 Chevrolet Tahoe K1500 2-Door	https://www.automobile-catalog.com/car/1995/483965/chevrolet_tahoe_k1500_2-door_5_7l_v-8_efi_automatic.html
EU-CHEVROLET-TAHOE-I-SUV-5D-4WD-01	5057	1941	1783	Automobile-Catalog 1995 Chevrolet Tahoe K1500 4-Door	https://www.automobile-catalog.com/car/1995/484025/chevrolet_tahoe_k1500_4-door_5_7l_v-8_efi_automatic.html
EU-CHEVROLET-TAHOE-II-SUV-4WD-PREFL-01	5052	2004	1938	Automobile-Catalog 2001 Chevrolet Tahoe LT 4x4 5.3	https://www.automobile-catalog.com/car/2001/1202735/chevrolet_tahoe_lt_4x4_5300_v-8_sfi_automatic.html
EU-CHEVROLET-TAHOE-II-SUV-4WD-FACELIFT-01	5001	2004	1948	Automobile-Catalog 2006 Chevrolet Tahoe LT 4WD 5.3	https://www.automobile-catalog.com/car/2006/1202855/chevrolet_tahoe_lt_4wd_5300_v-8_sfi_automatic.html
EU-CHEVROLET-TAHOE-III-SUV-4WD-01	5130	2007	1955	Automobile-Catalog 2007 Chevrolet Tahoe Z71	https://www.automobile-catalog.com/car/2007/1430270/chevrolet_tahoe_z71.html
EU-CHEVROLET-TAHOE-IV-SUV-4WD-01	5181	2044	1889	Automobile-Catalog 2016 Chevrolet Tahoe 4WD	https://www.automobile-catalog.com/car/2016/1939640/chevrolet_tahoe_4wd.html
EU-CHEVROLET-TRAILBLAZER-I-SUV-2WD-01	4893	1905	1826	Automobile-Catalog 2002 Chevrolet Trailblazer LT	https://www.automobile-catalog.com/car/2002/485135/chevrolet_trailblazer_lt.html
EU-CHEVROLET-TRAILBLAZER-I-SS-SUV-01	4872	1895	1723	Automobile-Catalog 2006 Chevrolet Trailblazer SS AWD	https://www.automobile-catalog.com/car/2006/485030/chevrolet_trailblazer_ss_awd.html
EU-CHEVROLET-TRAILBLAZER-I-SUV-4WD-01	4871	1897	1892	Automobile-Catalog 2007 Chevrolet Trailblazer LT 4WD	https://www.automobile-catalog.com/car/2007/1203875/chevrolet_trailblazer_lt_4wd_4200_v-8.html
EU-CHEVROLET-TRANS-SPORT-II-MPV-PREFL-01	5113	1850	1730	Auto-Data Chevrolet Trans Sport U 3.4 V6	https://www.auto-data.net/en/chevrolet-trans-sport-u-3.4-i-v6-186hp-14448
EU-CHEVROLET-TRANS-SPORT-II-MPV-FACELIFT-01	5114	1847	1801	Automobile-Catalog 2003 Chevrolet Trans Sport	https://www.automobile-catalog.com/car/2003/485405/chevrolet_trans_sport.html
EU-CHEVROLET-TRAX-I-SUV-PREFL-01	4248	1776	1674	Automobile-Catalog 2013 Chevrolet Trax 1.4 T AWD	https://www.automobile-catalog.com/car/2013/1777655/chevrolet_trax_1_4_t_awd.html
EU-CHEVROLET-TRAX-I-SUV-FACELIFT-01	4257	1775	1646	Auto-Data Chevrolet Trax I facelift 2017	https://www.auto-data.net/en/chevrolet-trax-model-1954
EU-CHRYSLER-300C-I-SEDAN-01	5015	1880	1475	Automobile-Catalog 2005 Chrysler 300C 2.7	https://www.automobile-catalog.com/car/2005/524225/chrysler_300c_2_7.html
EU-CHRYSLER-300C-I-WAGON-RWD-01	5015	1880	1481	Automobile-Catalog 2005 Chrysler 300C Touring 3.0 CRD	https://www.automobile-catalog.com/car/2005/524330/chrysler_300c_touring_3_0_crd.html
EU-CHRYSLER-300C-II-SEDAN-01	5044	1902	1485	Automobile-Catalog 2012 Chrysler 300 Limited	https://www.automobile-catalog.com/car/2012/1570985/chrysler_300_limited.html
EU-CHRYSLER-300C-I-WAGON-AWD-01	5015	1880	1507	Automobile-Catalog 2005 Chrysler 300C Touring 5.7 AWD	https://www.automobile-catalog.com/car/2005/524435/chrysler_300c_touring_5_7_v8_hemi_awd.html
EU-CHRYSLER-300M-I-SEDAN-EU-01	5000	1920	1416	Automobile-Catalog 2001 Chrysler 300M 3.5 V6 Europe	https://www.automobile-catalog.com/car/2001/520325/chrysler_300m_3_5_v6.html
EU-CHRYSLER-CROSSFIRE-I-COUPE-01	4059	1765	1308	Chrysler 2006 Crossfire official brochure	https://www.auto-brochures.com/makes/Chrysler/Crossfire/Chrysler_US%20Crossfire_2006.pdf
EU-CHRYSLER-CROSSFIRE-I-ROADSTER-01	4059	1765	1316	Chrysler 2006 Crossfire official brochure	https://www.auto-brochures.com/makes/Chrysler/Crossfire/Chrysler_US%20Crossfire_2006.pdf
EU-CHRYSLER-CROSSFIRE-I-SRT6-COUPE-01	4058	1766	1296	Automobile-Catalog 2005 Chrysler Crossfire SRT-6 Coupe	https://www.automobile-catalog.com/car/2005/523685/chrysler_crossfire_srt-6_coupe.html
EU-CHRYSLER-CROSSFIRE-I-SRT6-ROADSTER-01	4058	1766	1315	Automobile-Catalog 2006 Chrysler Crossfire SRT6 Roadster	https://www.automobile-catalog.com/car/2006/523610/chrysler_crossfire_srt6_roadster.html
EU-CHRYSLER-ES-I-HATCHBACK-3D-01	4361	1710	1339	Automobile-Catalog 1989 Chrysler ES 2.5 Turbo	https://www.automobile-catalog.com/car/1989/516260/chrysler_es_2_5l_turbo.html
EU-CHRYSLER-GRAND-VOYAGER-III-MPV-LWB-01	5070	1950	1740	Automobile-Catalog 1998 Chrysler Grand Voyager 3.3	https://www.automobile-catalog.com/car/1998/519995/chrysler_grand_voyager_se_3_3_v6_automatic.html
EU-CHRYSLER-GRAND-VOYAGER-V-MPV-01	5218	1998	1750	Automobile-Catalog 2011 Lancia Voyager 3.6 V6 RT	https://www.automobile-catalog.com/car/2011/1577150/lancia_voyager_3_6_v6.html
EU-CHRYSLER-LE-BARON-III-COUPE-PREFL-01	4696	1739	1294	Automobile-Catalog 1988 Chrysler Le Baron Coupe 2.5L Europe	https://www.automobile-catalog.com/car/1988/515780/chrysler_le_baron_coupe_2_5l.html
EU-CHRYSLER-LE-BARON-III-COUPE-FACELIFT-01	4694	1758	1354	Automobile-Catalog 1992 Chrysler Le Baron Coupe GTC 2.5L	https://www.automobile-catalog.com/car/1992/517385/chrysler_le_baron_coupe_gtc_2_5l_turbo_i_automatic.html
EU-CHRYSLER-NEON-II-SEDAN-01	4390	1715	1421	Automobile-Catalog 2003 Chrysler Neon 2.0 LX	https://www.automobile-catalog.com/car/2003/520505/chrysler_neon_2_0_lx.html
EU-CHRYSLER-NEON-I-SEDAN-01	4364	1714	1392	Automobile-Catalog 1997 Chrysler Neon 1.8 LE	https://www.automobile-catalog.com/car/1997/518750/chrysler_neon_1_8_le.html
EU-CHRYSLER-NEW-YORKER-XIII-SEDAN-01	4917	1740	1359	Automobile-Catalog 1989 Chrysler New Yorker Landau 3.0	https://www.automobile-catalog.com/car/1989/516320/chrysler_new_yorker_landau_3_0l_v-6_automatic.html
EU-CHRYSLER-NEW-YORKER-XIV-SEDAN-01	5268	1890	1415	Automobile-Catalog 1994 Chrysler New Yorker	https://www.automobile-catalog.com/car/1994/518555/chrysler_new_yorker.html
EU-CHRYSLER-PT-CRUISER-I-WAGON-PREFL-01	4288	1704	1601	Automobile-Catalog 2001 Chrysler PT Cruiser 2.0	https://www.automobile-catalog.com/car/2001/521255/chrysler_pt_cruiser_limited_2_0.html
EU-CHRYSLER-PT-CRUISER-I-WAGON-FACELIFT-01	4290	1704	1600	Chrysler 2008 PT Cruiser official brochure	https://www.auto-brochures.com/makes/Chrysler/PT%20Cruiser/Chrysler_US%20PTCruiser_2008.pdf
EU-CHRYSLER-PT-CRUISER-I-CONVERTIBLE-PREFL-01	4288	1705	1539	Automobile-Catalog 2005 Chrysler PT Cruiser GT Convertible	https://www.automobile-catalog.com/car/2005/520760/chrysler_pt_cruiser_gt_convertible_automatic.html
EU-CHRYSLER-PT-CRUISER-I-CONVERTIBLE-FACELIFT-01	4288	1748	1539	Automobile-Catalog 2007 Chrysler PT Cruiser Cabrio Limited	https://www.automobile-catalog.com/car/2007/521660/chrysler_pt_cruiser_cabrio_limited_2_4.html
EU-CHRYSLER-SARATOGA-I-SEDAN-01	4602	1731	1410	Automobile-Catalog 1990 Chrysler Saratoga 2.5	https://www.automobile-catalog.com/car/1990/517910/chrysler_saratoga_s_2_5.html
EU-CHRYSLER-SEBRING-II-SEDAN-01	4844	1792	1394	Automobile-Catalog 2002 Chrysler Sebring LE 2.0	https://www.automobile-catalog.com/car/2002/522155/chrysler_sebring_le_2_0.html
EU-CHRYSLER-SEBRING-II-CONVERTIBLE-EU-01	4921	1792	1401	Automobile-Catalog 2003 Chrysler Sebring Cabrio LX 2.0	https://www.automobile-catalog.com/car/2003/522290/chrysler_sebring_cabrio_lx_2_0.html
EU-CHRYSLER-SEBRING-III-SEDAN-EU-01	4850	1843	1497	Automobile-Catalog 2009 Chrysler Sebring Touring 2.4	https://www.automobile-catalog.com/car/2009/1211615/chrysler_sebring_touring_2_4_16v.html
EU-CHRYSLER-SEBRING-III-CONVERTIBLE-01	4922	1816	1485	Chrysler 2009 Sebring Convertible official specifications	https://s3.amazonaws.com/chryslermedia.iconicweb.com/mediasite/specs/2009_ChryslerSebringConvertibleSpecifications.pdf
EU-CHRYSLER-STRATUS-I-SEDAN-01	4746	1822	1374	Auto-Data Chrysler Stratus (JA) specifications	https://www.auto-data.net/en/chrysler-stratus-ja-generation-3236
EU-CHRYSLER-VIPER-SR-II-COUPE-01	4488	1923	1194	Edmunds 1998 Dodge Viper GTS specifications	https://www.edmunds.com/dodge/viper/1998/st-13055/features-specs/
EU-CHRYSLER-VIPER-SR-II-CONVERTIBLE-01	4448	1923	1118	Edmunds 1998 Dodge Viper RT/10 specifications	https://www.edmunds.com/dodge/viper/1998/st-13057/features-specs/
EU-CHRYSLER-VIPER-SR-I-CONVERTIBLE-01	4448	1924	1117	Automobile-Catalog 1995 Chrysler Viper RT/10 Europe specifications	https://www.automobile-catalog.com/car/1995/685385/chrysler_viper_rt10.html
EU-CHRYSLER-VOYAGER-II-SWB-01	4525	1830	1707	Automobile-Catalog 1994 Chrysler Voyager 2.5 TD specifications	https://www.automobile-catalog.com/car/1994/518180/chrysler_voyager_2_5_td.html
EU-CHRYSLER-VOYAGER-II-LWB-01	4896	1830	1707	Automobile-Catalog 1993 Chrysler Grand Voyager 2.5 TD specifications	https://www.automobile-catalog.com/car/1993/518315/chrysler_grand_voyager_le_2_5_td.html
EU-CHRYSLER-VOYAGER-III-SWB-01	4733	1950	1740	Chrysler manufacturer body-code filing; Automobile-Catalog 1999 Chrysler Voyager specifications	https://www.nhtsa.gov/file-downloads/download?p=nhtsa%2Fdownloads%2FMfrMail%2F01-22-N11B-6012.pdf;https://www.automobile-catalog.com/car/1999/519860/chrysler_voyager_family_2_4.html
EU-CHRYSLER-VOYAGER-III-LWB-01	5070	1950	1740	Chrysler manufacturer body-code filing; Automobile-Catalog 1999 Chrysler Grand Voyager specifications	https://www.nhtsa.gov/file-downloads/download?p=nhtsa%2Fdownloads%2FMfrMail%2F01-22-N11B-6012.pdf;https://www.automobile-catalog.com/car/1999/519980/chrysler_grand_voyager_se_2_4.html
EU-CHRYSLER-VOYAGER-IV-SWB-PREFL-01	4803	1996	1750	Automobile-Catalog 2001 Chrysler Voyager 2.4L specifications	https://www.automobile-catalog.com/car/2001/522350/chrysler_voyager_2_4l_automatic.html
EU-CHRYSLER-VOYAGER-IV-SWB-FACELIFT-01	4810	1997	1749	DaimlerChrysler 2005 Chrysler Voyager and Grand Voyager Europe press specifications	https://s3.amazonaws.com/chryslermedia.iconicweb.com/mediasite/attachments/ChryslerGrandVoyagerEnglish.pdf
EU-CHRYSLER-VOYAGER-IV-LWB-PREFL-01	5049	1997	1749	Automobile-Catalog 2001 Chrysler Grand Voyager 2.5 CRD specifications	https://www.automobile-catalog.com/car/2001/522980/chrysler_grand_voyager_limited_2_5_crd.html
EU-CHRYSLER-VOYAGER-IV-LWB-FACELIFT-01	5096	1997	1749	DaimlerChrysler 2005 Chrysler Voyager and Grand Voyager Europe press specifications	https://s3.amazonaws.com/chryslermedia.iconicweb.com/mediasite/attachments/ChryslerGrandVoyagerEnglish.pdf
EU-CITROEN-ACADIANE-VAN-01	4030	1500	1825	Auto-Data Citroen Acadiane specifications	https://www.auto-data.net/en/citroen-acadiane-generation-3299
EU-CITROEN-AMI-I-HATCHBACK-01	2410	1390	1520	Citroën Stellantis Media Ami official technical characteristics	https://www.media.stellantis.com/em-en/citroen/press/ami-100-electric-mobility-accessible-to-all
EU-CITROEN-AMI-I-FACELIFT-HATCHBACK-01	2460	1390	1525	Citroën official Ami technical characteristics July-November 2025	https://www.media.stellantis.com/uploads/fr/model-document/caracteristiques_techniques_ami_1125-69a99a625a11c.pdf
EU-CITROEN-AX-HATCHBACK-01	3495	1596	1355	Auto-Data Citroen AX specifications	https://www.auto-data.net/en/citroen-ax-generation-3321
EU-CITROEN-BERLINGO-I-M49-EARLY-01	4108	1698	1802	Automobile-Catalog 1998 Citroen Berlingo Multispace specifications	https://www.automobile-catalog.com/car/1998/547775/citroen_berlingo_multispace_1_9_d.html
EU-CITROEN-BERLINGO-I-M49-LATE-01	4108	1719	1802	Automobile-Catalog 2001 Citroen Berlingo Multispace specifications	https://www.automobile-catalog.com/car/2001/547850/citroen_berlingo_multispace_1_9_d.html
EU-CITROEN-BERLINGO-I-M59-FACELIFT-01	4137	1724	1810	Automobile-Catalog 2005 Citroen Berlingo Multispace specifications	https://www.automobile-catalog.com/car/2005/550205/citroen_berlingo_multispace_1_9_d.html
EU-CITROEN-BERLINGO-II-B9-MPV-01	4380	1810	1852	Citroën Berlingo Multispace 2012 official UK brochure	https://autocatalogarchive.com/wp-content/uploads/2022/08/Citroen-Berlingo-Multispace-2012-UK.pdf
EU-CITROEN-BERLINGO-II-B9-VAN-L1-LOW-01	4380	1810	1801	Citroën Berlingo 2010 and 2015 official UK brochures	https://xr793.com/wp-content/uploads/2022/09/2010-Citroen-Berlingo-UK.pdf;https://xr793.com/wp-content/uploads/2020/09/2015-Citroen-Berlingo-Van.pdf
EU-CITROEN-BERLINGO-II-B9-VAN-L2-01	4628	1810	1828	Citroën Berlingo 2010 and 2015 official UK brochures	https://xr793.com/wp-content/uploads/2022/09/2010-Citroen-Berlingo-UK.pdf;https://xr793.com/wp-content/uploads/2020/09/2015-Citroen-Berlingo-Van.pdf
EU-CITROEN-BERLINGO-II-B9-PLATFORM-CAB-01	4237	1810	1828	Citroën Berlingo 2010 official UK brochure	https://xr793.com/wp-content/uploads/2022/09/2010-Citroen-Berlingo-UK.pdf
EU-CITROEN-BERLINGO-II-B9-4X4-L1-01	4380	1810	1865	UltimateSpecs Citroën Berlingo II Multispace HDi 90 4x4 Dangel specifications	https://www.ultimatespecs.com/car-specs/Citroen/64893/Citroen-Berlingo-II-Multispace-Tonic-HDi-90-4x4-Dangel.html
EU-CITROEN-BERLINGO-II-B9-VAN-L1-HIGH-01	4380	1810	1828	Citroën Berlingo 2010 and 2015 official UK brochures	https://xr793.com/wp-content/uploads/2022/09/2010-Citroen-Berlingo-UK.pdf;https://xr793.com/wp-content/uploads/2020/09/2015-Citroen-Berlingo-Van.pdf
EU-CITROEN-BERLINGO-II-B9-VAN-L1-XTR-01	4380	1810	1831	Citroën Berlingo 2010 official UK brochure	https://xr793.com/wp-content/uploads/2022/09/2010-Citroen-Berlingo-UK.pdf
EU-CITROEN-BERLINGO-III-K9-MPV-M-01	4403	1848	1844	Citroën ë-Berlingo January 2023 official specifications; Auto-Data Citroen Berlingo III specifications	https://www.media.stellantis.com/uploads/uk/model-pricelist/citroeneberlingopricespecjan2023-63a9af48b0fcd.pdf;https://www.auto-data.net/en/citroen-berlingo-model-1694
EU-CITROEN-BERLINGO-III-K9-MPV-XL-01	4753	1848	1849	Citroën ë-Berlingo January 2023 official specifications; Auto-Data Citroen Berlingo III specifications	https://www.media.stellantis.com/uploads/uk/model-pricelist/citroeneberlingopricespecjan2023-63a9af48b0fcd.pdf;https://www.auto-data.net/en/citroen-berlingo-model-1694
EU-CITROEN-BERLINGO-I-M49-DANGEL-4X4-01	4123	1719	1912	Swiss FEDRO type approval via Motoro	https://v2.motoro.ch/en/fiche-technique/citroen/berlingo-1-9d-4x4
EU-CITROEN-BERLINGO-I-M59-DANGEL-4X4-01	4137	1724	1950	ParuVendu Dangel Berlingo 4x4 2.0 HDi 2004 specifications	https://www.paruvendu.fr/fiches-techniques-auto/dangel-berlingo/4x4-2-0-hdi-bivouac-performance-6-cv-diesel/1089926/
EU-CITROEN-BERLINGO-III-K9-VAN-M-LOW-01	4403	1848	1796	Citroën ë-Berlingo and Berlingo Van official specifications	https://www.citroen.co.uk/content/dam/citroen/uk/b2c/tools/brochure/pdf/brochures/new-brochures/cars/berlingo/Berlingo-price-and-specification-guide.pdf
EU-CITROEN-BERLINGO-III-K9-VAN-M-HIGH-01	4403	1848	1860	Citroën ë-Berlingo and Berlingo Van official specifications	https://www.citroen.co.uk/content/dam/citroen/uk/b2c/tools/brochure/pdf/brochures/new-brochures/cars/berlingo/Berlingo-price-and-specification-guide.pdf
EU-CITROEN-BERLINGO-III-K9-VAN-XL-LOW-01	4753	1848	1812	Citroën ë-Berlingo and Berlingo Van official specifications	https://www.citroen.co.uk/content/dam/citroen/uk/b2c/tools/brochure/pdf/brochures/new-brochures/cars/berlingo/Berlingo-price-and-specification-guide.pdf
EU-CITROEN-BERLINGO-III-K9-VAN-XL-HIGH-01	4753	1848	1860	Citroën ë-Berlingo and Berlingo Van official specifications	https://www.citroen.co.uk/content/dam/citroen/uk/b2c/tools/brochure/pdf/brochures/new-brochures/cars/berlingo/Berlingo-price-and-specification-guide.pdf
EU-CITROEN-BERLINGO-III-K9-FACELIFT-VAN-M-LOW-01	4401	1848	1796	Citroën ë-Berlingo and Berlingo Van MY24A official specifications	https://www.media.stellantis.com/uploads/uk/attachment/5204/citroenberlingoeberlingopricespecguide-65f8777a5c552.pdf
EU-CITROEN-BERLINGO-III-K9-FACELIFT-VAN-M-HIGH-01	4401	1848	1860	Citroën ë-Berlingo and Berlingo Van MY24A official specifications	https://www.media.stellantis.com/uploads/uk/attachment/5204/citroenberlingoeberlingopricespecguide-65f8777a5c552.pdf
EU-CITROEN-BERLINGO-III-K9-FACELIFT-VAN-XL-LOW-01	4751	1848	1812	Citroën ë-Berlingo and Berlingo Van MY24A official specifications	https://www.media.stellantis.com/uploads/uk/attachment/5204/citroenberlingoeberlingopricespecguide-65f8777a5c552.pdf
EU-CITROEN-BERLINGO-III-K9-FACELIFT-VAN-XL-HIGH-01	4751	1848	1860	Citroën ë-Berlingo and Berlingo Van MY24A official specifications	https://www.media.stellantis.com/uploads/uk/attachment/5204/citroenberlingoeberlingopricespecguide-65f8777a5c552.pdf
EU-CITROEN-BERLINGO-III-K9-4X4-VAN-M-01	4403	1848	1895	Swiss FEDRO approved Citroen-Dangel Berlingo 4x4 specifications; Automobiles Dangel conversion price list	https://motoro.ch/en/fiche-technique/citroen-dangel/berlingo-4x4;https://www.dangel.com/sites/www.dangel.fr/files/Pricelist%20Dangel%20from%2001_08_2025.pdf
EU-CITROEN-BERLINGO-III-K9-4X4-VAN-XL-01	4753	1848	1895	Swiss FEDRO approved Citroen-Dangel Berlingo 4x4 specifications; Automobiles Dangel conversion price list	https://motoro.ch/en/fiche-technique/citroen-dangel/berlingo-4x4;https://www.dangel.com/sites/www.dangel.fr/files/Pricelist%20Dangel%20from%2001_08_2025.pdf
EU-CITROEN-BX-I-PHASE-II-HATCHBACK-5D-01	4237	1682	1361	Auto-Data; Citroënët	https://www.auto-data.net/en/citroen-bx-i-phase-ii-1987-19-tzi-109hp-cat-15254;https://www.citroenet.org.uk/passenger-cars/psa/bx/bx-16.html
EU-CITROEN-BX-I-PHASE-II-WAGON-5D-01	4399	1682	1431	Auto-Data; Citroënët	https://www.auto-data.net/en/citroen-bx-i-break-phase-ii-1987-14-e-72hp-15266;https://www.citroenet.org.uk/passenger-cars/psa/bx/bx-16.html
EU-CITROEN-BX-I-PHASE-I-WAGON-5D-01	4399	1660	1431	Automobile-Catalog; Citroënët	https://www.automobile-catalog.com/car/1985/54530/citroen_bx_break_19_rd.html;https://www.citroenet.org.uk/passenger-cars/psa/bx/bx-16.html
EU-CITROEN-BX-I-PHASE-I-HATCHBACK-5D-01	4230	1650	1365	Automobile-Catalog; Citroënët	https://www.automobile-catalog.com/car/1985/2029220/citroen_bx_19_d.html;https://www.citroenet.org.uk/passenger-cars/psa/bx/bx-16.html
EU-CITROEN-C1-I-HATCHBACK-01	3435	1630	1465	Citroën C1 2010 official technical specification	https://xr793.com/wp-content/uploads/2022/09/2010-Citroen-C1-UK.pdf
EU-CITROEN-C1-II-HATCHBACK-01	3465	1615	1460	Citroën C1 official brochure	https://autocatalogarchive.com/wp-content/uploads/2016/11/Citroen-C1-2014-UK.pdf
EU-CITROEN-C15-I-VAN-01	3995	1636	1801	Citroën Vans 2005 technical specifications	https://xr793.com/wp-content/uploads/2022/09/2005-Citroen-Van-Tech-Specs-UK.pdf
EU-CITROEN-C2-I-HATCHBACK-3D-01	3666	1659	1477	Citroën C2 2009 official brochure	https://autocatalogarchive.com/wp-content/uploads/2017/07/Citroen-C2-2009-UK.pdf
EU-CITROEN-C25-I-DANGEL-4X4-BUS-01	4765	1965	2100	Citroën C25 workshop manual; Autocasión C25 1400 4x4 vehicle specification	https://ckc.dk/pubs/MAN008900-C25.pdf;https://www.autocasion.com/marcas/citroen/c25-industrial/c-25-furgon-1400-4x4-4-puertas-15686
EU-CITROEN-C3-AIRCROSS-I-SUV-5D-01	4155	1765	1637	Citroën UK C3 Aircross official price and specification guide	https://www.citroen.co.uk/content/dam/citroen/uk/view-price---spec-guide/C3_Aircross_Price_Specification_guide.pdf
EU-CITROEN-C3-AIRCROSS-II-SUV-5D-01	4395	1795	1660	Citroën UK New C3 Aircross official price and specification guide; Automobile Dimension	https://www.media.stellantis.com/uploads/uk/attachment/5583/newc3aircrosspricespecificationguide-67a0b03e58700.pdf;https://www.automobiledimension.com/model/citroen/c3-aircross
EU-CITROEN-C3-I-PHASE-I-HATCHBACK-5D-01	3850	1667	1529	Automobile-Catalog	https://www.automobile-catalog.com/car/2004/548285/citroen_c3_1_4i_16v_sx.html
EU-CITROEN-C3-I-PHASE-II-HATCHBACK-5D-01	3860	1667	1510	Automobile-Catalog	https://www.automobile-catalog.com/car/2007/548615/citroen_c3_1_4i_16v_exclusive_senso_drive.html
EU-CITROEN-C3-II-PHASE-I-HATCHBACK-5D-01	3941	1728	1524	Automobile-Catalog	https://www.automobile-catalog.com/car/2009/1213280/citroen_c3_1_4i_sx.html
EU-CITROEN-C3-II-PHASE-II-HATCHBACK-5D-01	3941	1728	1538	Auto-Data	https://www.auto-data.net/en/citroen-c3-ii-phase-ii-2013-1.0-puretech-68hp-27457
EU-CITROEN-C3-III-HATCHBACK-5D-01	3996	1749	1474	Citroën New Zealand C3 official specifications	https://www.citroen.co.nz/content/dam/citroen/new_zealand/documents/2024/citroen-c3-prices-and-specifications-01-2024-CZQ-engine.pdf
EU-CITROEN-C3-IV-HATCHBACK-5D-01	4015	1755	1577	Citroën UK New C3 official price and specification guide; Citroën Türkiye New ë-C3 digital catalogue	https://www.citroen.co.uk/content/dam/citroen/uk/b2c/tools/brochure/pdf/car-range/New-C3-price-and-specification-guide.pdf;https://talep.citroen.com.tr/dijital-katalog/yeni-ec3
EU-CITROEN-C3-PICASSO-I-MPV-5D-01	4078	1766	1631	Automobile-Catalog	https://www.automobile-catalog.com/car/2015/2140025/citroen_c3_picasso_bluehdi_100_exclusive.html
EU-CITROEN-C3-PLURIEL-I-CONVERTIBLE-2D-01	3934	1700	1563	Citroën C3 Pluriel product and technical brochure	https://c3pluriel.fr/wp-content/uploads/2024/05/Brochure-c3-pluriel-2006-cote-azur-GB.pdf
EU-CITROEN-C35-I-PLATFORM-CAB-SWB-01	4948	1990	2370	Citroën C35 workshop manual; Citroën Range Vans 1979 official brochure	https://ckc.dk/pubs/MAN008900-C35.pdf;https://autocatalogarchive.com/wp-content/uploads/2023/09/Citroen-Range-Vans-1979-FR.pdf
EU-CITROEN-C35-I-PLATFORM-CAB-LWB-01	5948	1990	2370	Citroën C35 workshop manual; Citroën Range Vans 1979 official brochure	https://ckc.dk/pubs/MAN008900-C35.pdf;https://autocatalogarchive.com/wp-content/uploads/2023/09/Citroen-Range-Vans-1979-FR.pdf
EU-CITROEN-C4-I-LA-COUPE-3D-PHASE-I-01	4273	1769	1458	Automobile-Catalog	https://www.automobile-catalog.com/car/2007/551405/citroen_c4_coupe_1_6i_16v_vtr.html
EU-CITROEN-C4-I-LA-COUPE-3D-PHASE-II-01	4288	1769	1458	Automobile-Catalog	https://www.automobile-catalog.com/car/2010/1214945/citroen_c4_coupe_1_4_16v_vtr.html
EU-CITROEN-C4-AIRCROSS-I-SUV-5D-01	4341	1800	1625	ADAC vehicle catalogue	https://www.adac.de/rund-ums-fahrzeug/autokatalog/marken-modelle/citroen/c4-aircross/1generation/232295/
EU-CITROEN-C4-CACTUS-I-PHASE-I-HATCHBACK-LOW-01	4157	1729	1480	Citroën C4 Cactus 2015 official brochure	https://xr793.com/wp-content/uploads/2022/09/2015-Citroen-C4-Cactus-UK.pdf
EU-CITROEN-C4-CACTUS-I-PHASE-I-HATCHBACK-ROOFRAILS-01	4157	1729	1530	Citroën C4 Cactus 2015 official brochure	https://xr793.com/wp-content/uploads/2022/09/2015-Citroen-C4-Cactus-UK.pdf
EU-CITROEN-C4-CACTUS-I-PHASE-II-HATCHBACK-LOW-01	4169	1729	1480	Citroën C4 Cactus 2020 official range brochure	https://d1amhj1m505d5v.cloudfront.net/wp-content/uploads/sites/21/2020/02/citroen-c4-cactus-range-brochure-february-2020.pdf
EU-CITROEN-C4-CACTUS-I-PHASE-II-HATCHBACK-ROOFRAILS-01	4169	1729	1530	Citroën C4 Cactus 2020 official range brochure	https://d1amhj1m505d5v.cloudfront.net/wp-content/uploads/sites/21/2020/02/citroen-c4-cactus-range-brochure-february-2020.pdf
EU-CITROEN-C4-GRAND-PICASSO-II-PHASE-I-MPV-5D-01	4597	1826	1644	Citroën C4 Picasso and Grand C4 Picasso official brochure	https://manualmachine.com/citroen/c4picasso/1971866-brochure/
EU-CITROEN-C4-GRAND-PICASSO-II-PHASE-II-MPV-5D-01	4602	1826	1644	Citroën New Grand C4 Picasso official brochure	https://web-assets.cdn.dealersolutions.com.au/modular.multisite.dealer.solutions/wp-content/uploads/2018/05/18114317/citroen-grand-c4-picasso-brochure-sep17.pdf
EU-CITROEN-C4-I-LC-HATCHBACK-5D-PHASE-I-01	4260	1773	1458	Automobile-Catalog	https://www.automobile-catalog.com/car/2007/551210/citroen_c4_2_0i_16v_style.html
EU-CITROEN-C4-I-LC-HATCHBACK-5D-PHASE-II-01	4275	1773	1458	Automobile-Catalog	https://www.automobile-catalog.com/car/2010/1214780/citroen_c4_hdi_90_fap_comfort.html
EU-CITROEN-C4-I-SEDAN-4D-01	4770	1770	1510	Automobile-Catalog	https://www.automobile-catalog.com/car/2008/1218635/citroen_c4_sedan_2_0i_16v_sx.html
EU-CITROEN-C4-II-NC-SEDAN-4D-PHASE-I-01	4621	1789	1496	Citroën Auto Premium C4 Sedan specification;C4 Sedan technical specifications	https://citroen-ap.ru/about-company/news/avtomobili-citroen/citroen-c4-sedan-harakteristiki-i-opisanie-modeli;https://www.c4-sedan.ru/viewpage.php?page_id=4
EU-CITROEN-C4-II-HATCHBACK-5D-01	4329	1789	1489	Citroën C4 2015 UK brochure	https://xr793.com/wp-content/uploads/2020/09/2015-Citroen-C4.pdf
EU-CITROEN-C4-III-HATCHBACK-5D-01	4360	1800	1525	Citroën New C4 price and specification guide Dec 2024	https://www.media.stellantis.com/uploads/uk/attachment//new_c4_price_specification_guide_dec24-67559cbff19b7.pdf
EU-CITROEN-C4-PICASSO-I-MPV-5D-01	4470	1830	1680	Citroën C4 Picasso 2009 UK brochure	https://xr793.us/wp-content/uploads/2022/09/2009-Citroen-C4-Picasso-UK.pdf
EU-CITROEN-C4-PICASSO-II-MPV-5D-PHASE-II-01	4438	1826	1610	Citroën C4 Picasso 2017 UK brochure	https://xr793.com/wp-content/uploads/2022/09/2017-Citroen-C4-Picasso-UK.pdf
EU-CITROEN-C4-PICASSO-II-MPV-5D-PHASE-I-01	4428	1826	1610	Citroën C4 Picasso & Grand C4 Picasso 2014 UK brochure	https://xr793.com/wp-content/uploads/2020/09/2014-Citroen-C4-Picasso-Grand-C4-Picasso.pdf
EU-CITROEN-C4-X-I-FASTBACK-4D-PHASE-I-01	4600	1834	1525	Citroën C4 X price and specification guide Nov 2023	https://www.citroen.co.uk/content/dam/citroen/uk/b2c/tools/brochure/pdf/price-lists/11-23/C4X-price-and-specification-guide.pdf
EU-CITROEN-C4-X-I-FASTBACK-4D-PHASE-II-01	4580	1834	1525	Citroën New C4 X price and specification guide Dec 2024	https://www.media.stellantis.com/uploads/uk/attachment//new_c4x_price_specification_guide_dec24-67559cc003745.pdf
EU-CITROEN-C5-AIRCROSS-II-SUV-5D-ELECTRIC-01	4652	1902	1691	Citroën New C5 Aircross price and specification guide;Stellantis Media New C5 Aircross launch	https://www.citroen.co.uk/content/dam/citroen/uk/b2c/tools/brochure/pdf/brochures/new-brochures/cars/c5-ac/New-C5-Aircross-price-and-specification-guide.pdf;https://www.media.stellantis.com/uk-en/citroen/press/citroen-reveals-new-c5-aircross-offering-greater-peace-of-mind-more-space-comfort-technology-range-now-available-in-electric-1
EU-CITROEN-C5-AIRCROSS-I-SUV-5D-PHASE-II-01	4500	1840	1689	Citroën C5 Aircross price and specification guide;Stellantis Media New C5 Aircross 2022 technical characteristics	https://www.citroen.co.uk/content/dam/citroen/uk/b2c/tools/brochure/pdf/brochures/new-brochures/cars/c5-ac/C5-Aircross-price-and-specification-guide.pdf;https://www.media.stellantis.com/be-fr/citroen/press/nouveau-citroen-c5-aircross-le-confort-absolu-dans-un-design-plus-affirme-et-statutaire
EU-CITROEN-C5-X-I-ND-WAGON-5D-01	4805	1865	1485	Citroën C5 X price and specification guide	https://www.citroen.co.uk/content/dam/citroen/uk/b2c/tools/brochure/pdf/brochures/new-brochures/cars/c5x/C5-X-price-and-specification-guide.pdf
EU-CITROEN-C5-AIRCROSS-II-SUV-5D-HYBRID-01	4652	1902	1688	Citroën New C5 Aircross price and specification guide;Stellantis Media New C5 Aircross launch	https://www.citroen.co.uk/content/dam/citroen/uk/b2c/tools/brochure/pdf/brochures/new-brochures/cars/c5-ac/New-C5-Aircross-price-and-specification-guide.pdf;https://www.media.stellantis.com/uk-en/citroen/press/citroen-reveals-new-c5-aircross-offering-greater-peace-of-mind-more-space-comfort-technology-range-now-available-in-electric-1
EU-CITROEN-C5-I-RC-HATCHBACK-5D-PHASE-II-01	4745	1780	1475	Automobile-Catalog 2006 Citroën C5 2.0i 16V Tendance	https://www.automobile-catalog.com/car/2006/549515/citroen_c5_2_0i_16v_tendance.html
EU-CITROEN-C5-I-RE-WAGON-5D-PHASE-II-01	4839	1780	1555	Automobile-Catalog 2006 Citroën C5 Break 2.0 HDi 135 FAP	https://www.automobile-catalog.com/car/2006/549995/citroen_c5_break_2_0_hdi_135_fap_exclusive_automatic.html
EU-CITROEN-C5-II-X7-RD-SEDAN-4D-01	4779	1860	1458	Citroën C5 2009 UK brochure	https://autocatalogarchive.com/wp-content/uploads/2016/08/Citroen-C5-2009-UK.pdf
EU-CITROEN-C5-II-X7-TD-WAGON-5D-01	4829	1860	1495	Citroën C5 2009 UK brochure	https://autocatalogarchive.com/wp-content/uploads/2016/08/Citroen-C5-2009-UK.pdf
EU-CITROEN-C5-AIRCROSS-II-SUV-5D-PHEV-01	4652	1902	1690	Citroën New C5 Aircross price and specification guide;Stellantis Media New C5 Aircross launch	https://www.citroen.co.uk/content/dam/citroen/uk/b2c/tools/brochure/pdf/brochures/new-brochures/cars/c5-ac/New-C5-Aircross-price-and-specification-guide.pdf;https://www.media.stellantis.com/uk-en/citroen/press/citroen-reveals-new-c5-aircross-offering-greater-peace-of-mind-more-space-comfort-technology-range-now-available-in-electric-1
EU-CITROEN-C5-I-DC-HATCHBACK-5D-PHASE-I-01	4618	1770	1476	Automobile-Catalog 2003 Citroën C5 Exclusive 2.0 16V	https://www.automobile-catalog.com/car/2003/1218365/citroen_c5_exclusive_2_0_16v.html
EU-CITROEN-C5-I-DE-WAGON-5D-PHASE-I-01	4756	1770	1516	Automobile-Catalog 2003 Citroën C5 Break 2.0 HDi 110 SX	https://www.automobile-catalog.com/car/2003/549365/citroen_c5_break_2_0_hdi_110_sx.html
EU-CITROEN-C6-I-TD-SEDAN-4D-01	4908	1860	1464	Automobile-Catalog Citroën C6 technical data	https://www.automobile-catalog.com/car/2012/1453025/citroen_c6_v6_hdi_240_exclusive_automatic.html
EU-CITROEN-C8-I-MPV-5D-01	4726	1854	1752	Citroën C8 technical information	https://www.citroenet.org.uk/passenger-cars/psa/c8/c8-14.html
EU-CITROEN-C-CROSSER-I-EP-SUV-5D-01	4646	1806	1670	Automobile-Catalog Citroën C-Crosser technical data	https://www.automobile-catalog.com/car/2007/552620/citroen_c-crosser_hdi_155_fap_exclusive.html
EU-CITROEN-C-ELYSEE-II-DD-SEDAN-4D-PHASE-I-01	4427	1748	1466	Citroën C-Elysée official technical specifications	https://files.citroen.ua/th/C-ELYSEE.PDF
EU-CITROEN-CX-I-SEDAN-4D-PRE82-01	4659	1734	1360	Auto-Data Citroën CX I 2400 technical data	https://www.auto-data.net/en/citroen-cx-i-2400-120hp-15017
EU-CITROEN-CX-I-SEDAN-4D-PHASE-1982-01	4659	1770	1360	Auto-Data Citroën CX I Phase 1982 25 D Turbo technical data	https://www.auto-data.net/en/citroen-cx-i-phase-i-1982-25-d-turbo-95hp-28143
EU-CITROEN-CX-I-WAGON-5D-PRE82-01	4952	1734	1465	Automobile-Catalog Citroën CX Break 2400 Super technical data	https://www.automobile-catalog.com/car/1981/532850/citroen_cx_break_2400_super.html
EU-CITROEN-CX-I-WAGON-5D-PHASE-1982-01	4952	1770	1465	Auto-Data Citroën CX I Break Phase 1982 generation specifications	https://www.auto-data.net/en/citroen-cx-i-break-phase-i-1982-generation-5370
EU-CITROEN-CX-I-WAGON-5D-EARLY-01	4922	1734	1465	Automobile-Catalog Citroën CX Break 2200 Diesel Confort technical data	https://www.automobile-catalog.com/car/1977/532250/citroen_cx_break_2200_diesel_confort.html
EU-CITROEN-CX-II-SEDAN-4D-01	4650	1770	1360	Auto-Data Citroën CX II 22 TRS technical data	https://www.auto-data.net/en/citroen-cx-ii-22-trs-115hp-14993
EU-CITROEN-CX-II-WAGON-5D-01	4930	1770	1460	Automobile-Catalog Citroën CX Break 22 RS technical data; Automobile-Catalog Citroën CX Break 25 TRD Turbo technical data	https://www.automobile-catalog.com/car/1988/540485/citroen_cx_break_22_rs.html;https://www.automobile-catalog.com/car/1986/540185/citroen_cx_break_25_trd_turbo.html
EU-CITROEN-C-ZERO-I-HATCHBACK-5D-01	3475	1475	1600	Citroën C-Zero UK brochure	https://autocatalogarchive.com/wp-content/uploads/2018/02/Citroen-C-Zero-2017-UK.pdf
EU-CITROEN-DS-I-CONVERTIBLE-2D-01	4840	1790	1420	Carfolio Citroën DS 21 Cabriolet technical data	https://www.carfolio.com/citroen-ds-21-cabriolet-749859
EU-CITROEN-DS-I-WAGON-5D-01	5026	1803	1530	Automobile-Catalog Citroën DS 23 Break technical data	https://www.automobile-catalog.com/car/1972/127775/citroen_ds_23_break.html
EU-CITROEN-DS3-I-SB-CONVERTIBLE-2D-01	3948	1715	1483	Citroën DS3 Cabrio UK official brochure	https://autocatalogarchive.com/wp-content/uploads/2016/08/Citroen-DS3-Cabrio-2012-UK.pdf
EU-CITROEN-DS3-I-SA-HATCHBACK-3D-01	3948	1715	1458	Automobile-Catalog Citroën DS3 technical data	https://www.automobile-catalog.com/car/2011/1214165/citroen_ds3_thp_150_sportchic.html
EU-CITROEN-DS3-I-SA-HATCHBACK-3D-RACING-01	3962	1717	1443	Automobile-Catalog Citroën DS3 Racing technical data	https://www.automobile-catalog.com/car/2011/1451810/citroen_ds3_racing.html
EU-CITROEN-DS3-I-SB-CONVERTIBLE-2D-RACING-01	3962	1717	1443	Automobile-Catalog Citroën DS3 Cabrio Racing technical data	https://www.automobile-catalog.com/car/2014/2086055/citroen_ds3_cabrio_racing.html
EU-CITROEN-DS4-I-NX-HATCHBACK-5D-01	4275	1810	1523	Citroën DS4 UK official brochure	https://autocatalogarchive.com/wp-content/uploads/2016/08/Citroen-DS4-2011-UK.pdf
EU-CITROEN-DS5-I-KF-HATCHBACK-5D-01	4530	1871	1504	Automobile-Catalog Citroën DS5 technical data	https://www.automobile-catalog.com/car/2012/1694900/citroen_ds5_thp_155_sochic_automatic.html
EU-CITROEN-DS5-I-KF-HATCHBACK-5D-HYBRID4-01	4530	1871	1513	Automobile-Catalog Citroën DS5 Hybrid4 technical data	https://www.automobile-catalog.com/car/2012/1695095/citroen_ds5_hybrid4_airdream_sportchic.html
EU-CITROEN-DYANE-I-HATCHBACK-5D-PHASE-I-01	3905	1500	1540	Auto-Data Citroën Dyane generation specifications	https://www.auto-data.net/en/citroen-dyane-model-1696
EU-CITROEN-DYANE-I-HATCHBACK-5D-PHASE-II-01	3870	1500	1540	Auto-Data Citroën Dyane generation specifications	https://www.auto-data.net/en/citroen-dyane-model-1696
EU-CITROEN-DYANE-I-HATCHBACK-5D-PHASE-III-01	3874	1500	1525	Auto-Data Citroën Dyane generation specifications	https://www.auto-data.net/en/citroen-dyane-model-1696
EU-CITROEN-E-MEHARI-I-CONVERTIBLE-2D-01	3809	1728	1653	Automobile Dimensions Citroën E-Méhari	https://www.automobiledimension.com/model/citroen/e-mehari
EU-CITROEN-EVASION-I-MPV-5D-01	4454	1812	1710	Automobile-Catalog Citroën Evasion 1.9 Turbo D; Automobile-Catalog Citroën Evasion 2.0i 16V	https://www.automobile-catalog.com/car/1995/545450/citroen_evasion_1_9_turbo_d_sx.html;https://www.automobile-catalog.com/car/1998/545540/citroen_evasion_2_0i_16v_x.html
EU-CITROEN-EVASION-I-MPV-5D-02	4454	1834	1714	Auto-Data Citroën Evasion (22) 2.1 TD	https://www.auto-data.net/en/citroen-evasion-22-2.1-td-109hp-14907
EU-CITROEN-JUMPER-I-230-PLATFORM-CAB-MWB-01	5010	2000	2150	ParuVendu Citroën Jumper 31 M 2.0 E chassis cab	https://www.paruvendu.fr/fiches-techniques-utilitaire/citroen-jumper/31-m-2-0-e-10-cv-essence/3057558/
EU-CITROEN-JUMPER-I-230P-MPV-SWB-LOWROOF-01	4680	1998	2102	Transit Center Citroën Jumper I body dimensions	https://www.transitcenter.uk/citroen-jumper-1-data-specification.php
EU-CITROEN-JUMPER-I-230P-MPV-MWB-LOWROOF-01	5099	1998	2102	Transit Center Citroën Jumper I body dimensions	https://www.transitcenter.uk/citroen-jumper-1-data-specification.php
EU-CITROEN-JUMPER-I-230P-MPV-MWB-HIGHROOF-01	5099	1998	2420	Transit Center Citroën Jumper I body dimensions	https://www.transitcenter.uk/citroen-jumper-1-data-specification.php
EU-CITROEN-JUMPER-I-230L-VAN-SWB-LOWROOF-01	4680	1998	2102	Transit Center Citroën Jumper I body dimensions	https://www.transitcenter.uk/citroen-jumper-1-data-specification.php
EU-CITROEN-JUMPER-I-230L-VAN-SWB-HIGHROOF-01	4680	1998	2420	Transit Center Citroën Jumper I body dimensions	https://www.transitcenter.uk/citroen-jumper-1-data-specification.php
EU-CITROEN-JUMPER-I-230L-VAN-MWB-LOWROOF-01	5099	1998	2102	Transit Center Citroën Jumper I body dimensions	https://www.transitcenter.uk/citroen-jumper-1-data-specification.php
EU-CITROEN-JUMPER-I-230L-VAN-MWB-HIGHROOF-01	5099	1998	2420	Transit Center Citroën Jumper I body dimensions	https://www.transitcenter.uk/citroen-jumper-1-data-specification.php
EU-CITROEN-JUMPER-I-230L-VAN-LWB-HIGHROOF-01	5599	1998	2420	Transit Center Citroën Jumper I body dimensions	https://www.transitcenter.uk/citroen-jumper-1-data-specification.php
EU-CITROEN-JUMPER-I-230L-VAN-4X4-SWB-LOWROOF-01	4680	1998	2102	Transit Center Citroën Jumper I body dimensions	https://www.transitcenter.uk/citroen-jumper-1-data-specification.php
EU-CITROEN-JUMPER-I-230L-VAN-4X4-MWB-HIGHROOF-01	5099	1998	2420	Transit Center Citroën Jumper I body dimensions	https://www.transitcenter.uk/citroen-jumper-1-data-specification.php
EU-CITROEN-JUMPER-I-230L-VAN-4X4-MWB-EXTRAHIGHROOF-01	5099	1998	2735	Truck1 Citroën Jumper 35MS exterior dimensions	https://www.truck1.eu/blog/citroen-jumper-van-35ms-2-8-hdi-127-hp-tech-specs-t28881
EU-CITROEN-JUMPER-II-244-VAN-4X4-SWB-LOWROOF-01	4749	2024	2145	ParuVendu Citroën Jumper TOLE 33 C 2.8 HDi 4X4	https://www.paruvendu.fr/fiches-techniques-utilitaire/citroen-jumper/tole-33-c-2-8-hdi-4x4-9-cv-diesel/3076073/
EU-CITROEN-JUMPER-II-244-VAN-4X4-SWB-HIGHROOF-01	4749	2024	2475	ParuVendu Citroën Jumper TOLE 33 CH 2.8 HDi	https://www.paruvendu.fr/fiches-techniques-utilitaire/citroen-jumper/tole-33-ch-2-8-hdi-9-cv-diesel/3076077/
EU-CITROEN-JUMPER-II-244-VAN-4X4-MWB-HIGHROOF-01	5099	2024	2475	ParuVendu Citroën Jumper TOLE 33 MH 2.8 HDi 4X4 CONFORT	https://www.paruvendu.fr/fiches-techniques-utilitaire/citroen-jumper/tole-33-mh-2-8-hdi-4x4-confort-9-cv-diesel/3091095/
EU-CITROEN-JUMPER-II-244-VAN-4X4-LWB-HIGHROOF-01	5599	2024	2470	ParuVendu Citroën Jumper TOLE 35 LH 2.8 HDi 4X4 CONFORT	https://www.paruvendu.fr/fiches-techniques-utilitaire/citroen-jumper/tole-35-lh-2-8-hdi-4x4-confort-9-cv-diesel/3091097/
EU-CITROEN-JUMPER-III-MPV-L2H1-01	5413	2050	2254	Citroën Jumper Technical Characteristics, March 2016	https://www.attardigroup.it/sites/default/files/brochures/ct_jumper.225509.pdf
EU-CITROEN-JUMPER-III-PLATFORM-CAB-L1-01	4908	2050	2153	Citroën Jumper Technical Data, December 2016	https://www.fabian.hu/wp-content/uploads/2015/06/JUMPER_muszaki_12_16.pdf
EU-CITROEN-JUMPER-III-PLATFORM-CAB-L2-01	5358	2050	2153	Citroën Jumper Technical Data, December 2016	https://www.fabian.hu/wp-content/uploads/2015/06/JUMPER_muszaki_12_16.pdf
EU-CITROEN-JUMPER-III-PLATFORM-CAB-L2S-01	5708	2050	2153	Citroën Jumper Technical Data, December 2016	https://www.fabian.hu/wp-content/uploads/2015/06/JUMPER_muszaki_12_16.pdf
EU-CITROEN-JUMPER-III-MPV-L2H2-01	5413	2050	2522	Citroën Jumper Technical Characteristics, March 2016	https://www.attardigroup.it/sites/default/files/brochures/ct_jumper.225509.pdf
EU-CITROEN-JUMPER-III-PLATFORM-CAB-L3-01	5943	2050	2153	Citroën Jumper Technical Data, December 2016	https://www.fabian.hu/wp-content/uploads/2015/06/JUMPER_muszaki_12_16.pdf
EU-CITROEN-JUMPER-III-PLATFORM-CAB-L4-01	6308	2050	2153	Citroën Jumper Technical Data, December 2016	https://www.fabian.hu/wp-content/uploads/2015/06/JUMPER_muszaki_12_16.pdf
EU-CITROEN-JUMPER-III-VAN-L1H1-01	4963	2050	2254	Citroën Jumper 2017 Technical Data	https://westrum.no/wp-content/uploads/2017/08/Citroen-Jumper-2017-utdrag-tekniske-data.pdf
EU-CITROEN-JUMPER-III-VAN-L2H1-01	5413	2050	2254	Citroën Jumper 2017 Technical Data	https://westrum.no/wp-content/uploads/2017/08/Citroen-Jumper-2017-utdrag-tekniske-data.pdf
EU-CITROEN-JUMPER-III-VAN-L2H2-01	5413	2050	2524	Citroën Jumper 2017 Technical Data	https://westrum.no/wp-content/uploads/2017/08/Citroen-Jumper-2017-utdrag-tekniske-data.pdf
EU-CITROEN-JUMPER-III-VAN-L3H2-01	5998	2050	2524	Citroën Jumper 2017 Technical Data	https://westrum.no/wp-content/uploads/2017/08/Citroen-Jumper-2017-utdrag-tekniske-data.pdf
EU-CITROEN-JUMPER-III-VAN-L3H3-01	5998	2050	2764	Citroën Jumper 2017 Technical Data	https://westrum.no/wp-content/uploads/2017/08/Citroen-Jumper-2017-utdrag-tekniske-data.pdf
EU-CITROEN-JUMPER-III-VAN-L4H2-01	6363	2050	2524	Citroën Jumper 2017 Technical Data	https://westrum.no/wp-content/uploads/2017/08/Citroen-Jumper-2017-utdrag-tekniske-data.pdf
EU-CITROEN-JUMPER-III-VAN-L4H3-01	6363	2050	2764	Citroën Jumper 2017 Technical Data	https://westrum.no/wp-content/uploads/2017/08/Citroen-Jumper-2017-utdrag-tekniske-data.pdf
EU-CITROEN-JUMPY-I-PLATFORM-CAB-01	4440	1810	1927	Auto-Data Citroën Jumpy I 1.9 TD body dimensions	https://www.auto-data.net/en/citroen-jumpy-i-1.9td-90hp-46343
EU-CITROEN-JUMPY-I-SHELL-PREFL-01	4440	1810	1927	Auto-Data.net	https://www.auto-data.net/en/citroen-jumpy-model-1980
EU-CITROEN-JUMPY-I-BUS-FACELIFT-01	4522	1844	1936	Auto-Data.net	https://www.auto-data.net/en/citroen-jumpy-model-1980
EU-CITROEN-JUMPY-I-VAN-FACELIFT-01	4922	1844	1936	Auto-Data.net	https://www.auto-data.net/en/citroen-jumpy-model-1980
EU-CITROEN-JUMPY-II-BUS-L2H1-01	5135	1895	1880	Auto-Data.net	https://www.auto-data.net/en/citroen-jumpy-ii-2.0-hdi-120hp-l2h1-dpf-46314
EU-CITROEN-JUMPY-II-VAN-L2H2-01	5135	1895	2190	Auto-Data.net	https://www.auto-data.net/en/citroen-jumpy-ii-2.0-hdi-120hp-l2h2-46312
EU-CITROEN-JUMPY-II-PLATFORM-CAB-L1H1-01	4805	1895	1880	Auto-Data.net	https://www.auto-data.net/en/citroen-jumpy-ii-2.0-16v-140hp-l1h1-46277
EU-CITROEN-JUMPY-III-M-SHELL-PREFL-01	4959	1920	1877	Auto-Data.net	https://www.auto-data.net/en/citroen-jumpy-iii-m-generation-8416
EU-CITROEN-JUMPY-III-M-PLATFORM-CAB-PREFL-01	4959	1920	1877	Auto-Data.net	https://www.auto-data.net/en/citroen-jumpy-iii-m-generation-8416
EU-CITROEN-JUMPY-III-M-SHELL-FACELIFT-01	4983	1920	1895	EspacioFurgo dimensional table	https://www.espaciofurgo.com/en/ficha/citroen-jumpy/
EU-CITROEN-JUMPY-III-M-PLATFORM-CAB-FACELIFT-01	4983	1920	1895	EspacioFurgo dimensional table	https://www.espaciofurgo.com/en/ficha/citroen-jumpy/
EU-CITROEN-LNA-HATCHBACK-01	3427	1540	1380	Auto-Data.net	https://www.auto-data.net/en/citroen-ln-model-1692
EU-CITROEN-MEHARI-CONVERTIBLE-2WD-01	3520	1530	1640	Carfolio	https://www.carfolio.com/citroen-mehari-73480
EU-CITROEN-MEHARI-CONVERTIBLE-4X4-01	3520	1530	1635	Automobile-Catalog	https://www.automobile-catalog.com/car/1982/36695/citroen_mehari_4x4.html
EU-CITROEN-NEMO-VAN-01	3864	1716	1721	Auto-Data.net	https://www.auto-data.net/en/citroen-nemo-model-3756
EU-CITROEN-NEMO-MULTISPACE-MPV-01	3959	1716	1721	Auto-Data.net	https://www.auto-data.net/en/citroen-nemo-model-3756
EU-CITROEN-SAXO-PHASE-I-HATCHBACK-5D-01	3718	1595	1390	Auto-Data.net	https://www.auto-data.net/en/citroen-saxo-model-1697
EU-CITROEN-SAXO-PHASE-II-HATCHBACK-5D-01	3718	1595	1368	Auto-Data.net	https://www.auto-data.net/en/citroen-saxo-model-1697
EU-CITROEN-SAXO-PHASE-II-HATCHBACK-3D-01	3718	1620	1370	Auto-Data.net	https://www.auto-data.net/en/citroen-saxo-model-1697
EU-CITROEN-SM-COUPE-01	4893	1836	1324	Auto-Data.net	https://www.auto-data.net/en/citroen-sm-model-2918
EU-CITROEN-SPACETOURER-M-PREFL-01	4959	1920	1950	Auto-Data.net	https://www.auto-data.net/en/citroen-spacetourer-model-2302
EU-CITROEN-SPACETOURER-M-FACELIFT-01	4983	1920	1890	Auto-Data.net	https://www.auto-data.net/en/citroen-spacetourer-model-2302
EU-CITROEN-VISA-CABRIOLET-01	3690	1535	1410	Auto-Data.net	https://www.auto-data.net/en/citroen-visa-model-1678
EU-CITROEN-VISA-PHASE-I-HATCHBACK-01	3690	1535	1415	Auto-Data.net	https://www.auto-data.net/en/citroen-visa-model-1678
EU-CITROEN-XANTIA-X1-WAGON-01	4660	1755	1416	Auto-Data.net	https://www.auto-data.net/en/citroen-xantia-model-1683
EU-CITROEN-XANTIA-X2-WAGON-01	4712	1760	1420	Auto-Data.net	https://www.auto-data.net/en/citroen-xantia-model-1683
EU-CITROEN-XANTIA-X1-HATCHBACK-01	4444	1755	1399	Auto-Data.net	https://www.auto-data.net/en/citroen-xantia-model-1683
EU-CITROEN-XANTIA-X2-HATCHBACK-01	4524	1795	1410	Auto-Data.net	https://www.auto-data.net/en/citroen-xantia-model-1683
EU-CITROEN-XM-Y3-HATCHBACK-01	4708	1794	1385	Auto-Data.net	https://www.auto-data.net/en/citroen-xm-model-1688
EU-CITROEN-XM-Y3-WAGON-01	4963	1794	1385	Auto-Data.net	https://www.auto-data.net/en/citroen-xm-model-1688
EU-CITROEN-XM-Y4-WAGON-01	4963	1794	1467	Auto-Data.net	https://www.auto-data.net/en/citroen-xm-model-1688
EU-CITROEN-XSARA-N2-PHASE-II-III-WAGON-01	4369	1705	1420	Auto-Data.net	https://www.auto-data.net/en/citroen-xsara-model-1693
EU-CITROEN-XSARA-PICASSO-N68-MPV-01	4276	1751	1637	Auto-Data.net	https://www.auto-data.net/en/citroen-xsara-picasso-model-4080
EU-CITROEN-XSARA-N1-PHASE-II-III-HATCHBACK-01	4188	1705	1405	Auto-Data.net	https://www.auto-data.net/en/citroen-xsara-model-1693
EU-CITROEN-XSARA-N0-PHASE-II-III-COUPE-01	4188	1705	1405	Auto-Data.net	https://www.auto-data.net/en/citroen-xsara-model-1693
EU-CITROEN-XSARA-N1-PHASE-I-HATCHBACK-01	4167	1700	1405	Auto-Data.net	https://www.auto-data.net/en/citroen-xsara-model-1693
EU-CITROEN-XSARA-N2-PHASE-I-WAGON-01	4354	1698	1426	Auto-Data.net	https://www.auto-data.net/en/citroen-xsara-model-1693
EU-CITROEN-XSARA-N0-PHASE-I-COUPE-01	4167	1698	1405	Auto-Data.net	https://www.auto-data.net/en/citroen-xsara-model-1693
EU-CITROEN-ZX-N2-HATCHBACK-01	4071	1702	1399	Automobile-Catalog — 1995 Citroën ZX Exclusive 1.8i	https://www.automobile-catalog.com/car/1995/1450760/citroen_zx_exclusive_1_8i.html
EU-CITROEN-ZX-N2-WAGON-01	4260	1702	1421	Automobile-Catalog — 1994 Citroën ZX Break 1.9 D	https://www.automobile-catalog.com/car/1994/1454660/citroen_zx_break_fugue_avantage_1_9_d.html
EU-CMC-VERYCA-A190-PICKUP-01	4190	1580	1910	CMC official Super Veryca specification brochure	https://www.cmc-motor.com/download/20191127_Veryca.pdf
EU-CUPRA-ATECA-I-SUV-01	4381	1841	1613	CUPRA official Ateca model page	https://www.cupra.com/en/cars/ateca/ateca
EU-CUPRA-BORN-K11-HATCHBACK-PREFACELIFT-01	4324	1809	1540	CUPRA UK official Born price list and technical data	https://www.cupraofficial.co.uk/content/dam/countries/gb/cupra-website/download-documents/2023/v1_cars_models_cupra_born-pricelist-K11-04-2023.pdf
EU-CUPRA-BORN-K11-HATCHBACK-FACELIFT-01	4336	1809	1543	CUPRA official Born 2026 model page	https://www.cupra.com/en/cars/born
EU-CUPRA-FORMENTOR-KM7-SUV-PREFACELIFT-01	4450	1839	1511	CUPRA official Formentor 2021 technical specifications	https://www.cupra.com/content/dam/public/cupra-website/generic/pdf/cupra-formentor-2021.pdf
EU-CUPRA-FORMENTOR-KM7-SUV-FACELIFT-01	4451	1839	1520	CUPRA official Formentor MY2026 technical brochure	https://www.cupra.com/content/dam/public/cupra-website/cars/formentor-new/brochure/en-cupra-forparg-my26w48-online.pdf
EU-CUPRA-FORMENTOR-KM7-SUV-VZ5-01	4468	1852	1505	CUPRA official Formentor 2022 technical specifications	https://www.cupra.com/content/dam/public/cupra-website/generic/pdf/cupra-formentor-2022.pdf
EU-CUPRA-LEON-IV-HATCHBACK-PREFACELIFT-01	4398	1799	1442	CUPRA official Leon 2023 technical specifications	https://www.cupraofficial.com/content/dam/public/cupra-website/generic/pdf/cupra-leon-brochure-2023.pdf
EU-CUPRA-LEON-IV-WAGON-PREFACELIFT-01	4657	1799	1437	CUPRA official Leon 2023 technical specifications	https://www.cupraofficial.com/content/dam/public/cupra-website/generic/pdf/cupra-leon-brochure-2023.pdf
EU-CUPRA-LEON-IV-HATCHBACK-FACELIFT-01	4398	1799	1444	CUPRA Ireland official Leon PA product guide 2025	https://www.cupra.com/content/dam/countries/ie/cupra-website/brochure/leon/20250711-cupra-ireland-product-guide-leon-pa.pdf
EU-CUPRA-LEON-IV-WAGON-FACELIFT-01	4656	1799	1438	CUPRA Ireland official Leon PA product guide 2025	https://www.cupra.com/content/dam/countries/ie/cupra-website/brochure/leon/20250711-cupra-ireland-product-guide-leon-pa.pdf
EU-CUPRA-RAVAL-I-HATCHBACK-01	4046	1784	1514	CUPRA official Raval model page	https://www.cupra.com/en/cars/raval
EU-CUPRA-TAVASCAN-I-SUV-01	4644	1861	1598	CUPRA official Tavascan model page	https://www.cupra.com/en/cars/tavascan
EU-CUPRA-TERRAMAR-I-SUV-01	4519	1863	1584	CUPRA official Terramar model page	https://www.cupra.com/en/cars/terramar/terramar
EU-DACIA-1100-I-SEDAN-01	3990	1490	1410	Auto-Data — Dacia 1100 generation	https://www.auto-data.net/en/dacia-1100-generation-10931
EU-DACIA-BIGSTER-I-SUV-01	4570	1813	1662	Auto-Data — Dacia Bigster 1.2 TCe ECO-G 140	https://www.auto-data.net/en/dacia-bigster-1.2-tce-eco-g-140hp-mild-hybrid-lpg-53508
EU-DACIA-BIGSTER-I-SUV-02	4570	1813	1657	Dacia Bigster technical specifications	https://media.dacia.com/wp-content/uploads/2025/04/b3e0c681657af5e1839ccc4fc06c962d.pdf
EU-DACIA-DOKKER-I-MPV-01	4363	1751	1814	Automobile-Catalog Dacia Dokker specifications	https://www.automobile-catalog.com/car/2017/2513900/dacia_dokker_tce_115.html
EU-DACIA-DOKKER-I-VAN-01	4363	1751	1809	Renault Dokker Van official dimensions	https://www.renault.ga/cars/DokkerVanF67Ph1/dimensions.html
EU-DACIA-DOKKER-I-PICKUP-01	4363	1751	1804	Swiss type approval 3DC631	https://typenscheinschweiz.ch/typenschein/auto/3DC631
EU-DACIA-DUSTER-I-SUV-01	4315	1822	1625	Dacia Duster official brochure	https://nd-mediagallery2-public-production.s3.amazonaws.com/b7a219e92f8ca44a055d0259ac6c56ea/dacia_duster.pdf
EU-DACIA-DUSTER-II-SUV-4X2-01	4341	1804	1693	Dacia Duster official dimensions brochure (4x2)	https://www.autosales.com.mt/brochures/dacia_New_Duster_EXTREME.pdf
EU-DACIA-DUSTER-II-SUV-4X4-01	4341	1804	1682	Dacia Duster official dimensions brochure (4x4)	https://www.autosales.com.mt/brochures/dacia_New_Duster_EXTREME.pdf
EU-DACIA-DUSTER-III-SUV-4X2-01	4343	1813	1616	Dacia Duster Cargo official brochure	https://cdn.group.renault.com/dac/gb/transversal-assets/brochures/model-brochures/Duster-Cargo-eBrochure.pdf.asset.pdf/66e09685b1.pdf
EU-DACIA-DUSTER-III-SUV-4X4-01	4343	1813	1621	Dacia Duster Cargo official brochure	https://cdn.group.renault.com/dac/gb/transversal-assets/brochures/model-brochures/Duster-Cargo-eBrochure.pdf.asset.pdf/66e09685b1.pdf
EU-DACIA-JOGGER-I-MPV-01	4547	1784	1674	Dacia Jogger official brochure	https://cdn.group.renault.com/dac/ie/transversal-assets/brochures/model-brochures/Jogger-eBrochure.pdf.asset.pdf/84fd03cd8b.pdf
EU-DACIA-LODGY-I-MPV-01	4498	1751	1680	Dacia Lodgy official brochure	https://cdn.group.renault.com/dac/be/dacia-new-cars/documents/vn/fr/LODGY_FR.pdf
EU-DACIA-LOGAN-I-SEDAN-PREFL-01	4250	1735	1525	Automoli Dacia Logan I specifications	https://www.automoli.com/en/vehicles/dacia/logan/logan-i-3531/
EU-DACIA-LOGAN-I-SEDAN-FL-01	4290	1740	1534	Automoli Dacia Logan I facelift specifications	https://www.automoli.com/en/vehicles/dacia/logan/logan-i-facelift-2008-3957/
EU-DACIA-LOGAN-I-VAN-01	4450	1740	1640	Auto-Data Dacia Logan model specifications	https://www.auto-data.net/en/dacia-logan-model-1791
EU-DACIA-LOGAN-I-PICKUP-01	4499	1735	1554	Auto-Data Dacia Logan I Pick-up specifications	https://www.auto-data.net/en/dacia-logan-i-pick-up-generation-11311
EU-DACIA-LOGAN-II-SEDAN-PREFL-01	4347	1733	1517	Automobile-Catalog Dacia Logan II specifications	https://www.automobile-catalog.com/car/2015/1783220/dacia_logan_dci_90_eco2.html
EU-DACIA-LOGAN-II-SEDAN-FL-01	4358	1733	1517	Automoli Dacia Logan II facelift specifications	https://www.automoli.com/en/vehicles/dacia/logan/logan-ii-facelift-2016-5283/
EU-DACIA-LOGAN-II-WAGON-PREFL-01	4492	1733	1550	Automobile-Catalog Dacia Logan II MCV specifications	https://www.automobile-catalog.com/car/2014/1856600/dacia_logan_mcv_dci_90_eco2.html
EU-DACIA-LOGAN-II-WAGON-FL-01	4501	1733	1552	Dacia Logan MCV official brochure	https://cdn.group.renault.com/dac/ie/transversal-assets/brochures/model-brochures/logan-mcv-brochure-oct.pdf
EU-DACIA-LOGAN-III-SEDAN-01	4396	1784	1501	Automobile-Catalog Dacia Logan III specifications	https://www.automobile-catalog.com/car/2025/3119540/dacia_logan_eco-g_100.html
EU-DACIA-LOGAN-I-WAGON-FL-01	4473	1740	1662	Automobile-Catalog 2010 Dacia Logan MCV 1.6 MPI LPG	https://www.automobile-catalog.com/car/2010/1221785/dacia_logan_mcv_1_6_mpi_ambiance_lpg.html
EU-DACIA-SANDERO-I-HATCHBACK-01	4020	1746	1534	Auto-Data	https://www.auto-data.net/en/dacia-sandero-i-generation-3953
EU-DACIA-SANDERO-II-HATCHBACK-01	4057	1733	1523	Auto-Data	https://www.auto-data.net/en/dacia-sandero-ii-generation-3954
EU-DACIA-SANDERO-III-HATCHBACK-01	4088	1784	1499	Dacia technical specifications	https://media.dacia.com/wp-content/uploads/2022/07/08f707cf52f86dc7ae62ab61ff61071c-keeexed.pdf
EU-DACIA-SANDERO-III-HATCHBACK-FL2025-01	4102	1784	1496	Automobile-Catalog	https://www.automobile-catalog.com/car/2026/3569165/dacia_sandero_tce_100.html
EU-DACIA-SPRING-I-HATCHBACK-FL2022-01	3734	1579	1516	Auto-Data	https://www.auto-data.net/en/dacia-spring-facelift-2022-generation-9085
EU-DACIA-SPRING-I-HATCHBACK-FL2024-01	3701	1583	1519	Auto-Data	https://www.auto-data.net/en/dacia-spring-model-2829
EU-DAEWOO-ESPERO-KLEJ-SEDAN-01	4615	1718	1388	Auto-Data	https://www.auto-data.net/en/daewoo-espero-klej-2.0-i-105hp-16343
EU-DAEWOO-EVANDA-SEDAN-01	4770	1815	1440	Auto-Data	https://www.auto-data.net/en/daewoo-evanda-2.0-i-16v-131hp-16367
EU-DAEWOO-KALOS-T200-HATCHBACK-01	3880	1670	1495	Auto-Data	https://www.auto-data.net/en/daewoo-kalos-1.4-i-16v-94hp-16312
EU-DAEWOO-KORANDO-KJ-SUV-01	4330	1841	1840	Automobile-Catalog	https://www.automobile-catalog.com/car/1999/3161570/ssangyong_daewoo_korando_e32.html
EU-DAEWOO-KORANDO-KJ-CONVERTIBLE-01	4330	1841	1840	Automobile-Catalog	https://www.automobile-catalog.com/car/1999/3161600/ssangyong_daewoo_korando_soft-top_2_9_turbo_diesel.html
EU-DAEWOO-LACETTI-J200-HATCHBACK-01	4295	1725	1445	Auto-Data	https://www.auto-data.net/en/daewoo-lacetti-generation-3672
EU-DAEWOO-LANOS-KLAT-SEDAN-01	4237	1678	1432	Auto-Data	https://www.auto-data.net/en/daewoo-lanos-klat-1.6-16v-106hp-17470
EU-DAEWOO-LEGANZA-KLAV-SEDAN-01	4671	1779	1437	Auto-Data	https://www.auto-data.net/en/daewoo-leganza-klav-2.2-133hp-16322
EU-DAEWOO-MATIZ-M100-HATCHBACK-01	3495	1495	1480	Auto-Data	https://www.auto-data.net/en/daewoo-matiz-i-0.8-i-52hp-16373
EU-DAEWOO-MATIZ-M150-HATCHBACK-01	3495	1495	1485	Auto-Data	https://www.auto-data.net/en/daewoo-matiz-i-facelift-2000-1.0-i-64hp-16372
EU-DAEWOO-MUSSO-FJ-SUV-01	4640	1864	1735	Auto-Data	https://www.auto-data.net/en/daewoo-musso-fj-generation-3643
EU-DAEWOO-NEXIA-KLETN-SEDAN-01	4482	1662	1394	Auto-Data	https://www.auto-data.net/en/daewoo-nexia-kletn-generation-3649
EU-DAEWOO-NUBIRA-III-SEDAN-01	4500	1725	1445	Auto-Data	https://www.auto-data.net/en/daewoo-nubira-iii-1.6-i-16v-110hp-16323
EU-DAEWOO-NUBIRA-KLAJ-HATCHBACK-01	4250	1700	1430	Auto-Data	https://www.auto-data.net/en/daewoo-nubira-hatchback-klaj-1.6-i-16v-106hp-16335
EU-DAEWOO-RACER-HATCHBACK-01	4158	1663	1360	Auto-Data	https://www.auto-data.net/en/daewoo-racer-hatchback-1.5-89hp-16375
EU-DAEWOO-REXTON-I-SUV-01	4720	1870	1760	Auto-Data	https://www.auto-data.net/en/ssangyong-rexton-i-rx-320-220hp-16029
EU-DAEWOO-REZZO-KLAU-MPV-01	4350	1755	1580	Auto-Data	https://www.auto-data.net/en/daewoo-rezzo-klau-generation-3644
EU-DAF-400-SERIES-VAN-01	4770	2260	2320	DAF 400 / LDV Convoy specifications	https://all-andorra.com/daf-400-ldv-convoy/
EU-DAIHATSU-APPLAUSE-II-HATCHBACK-01	4350	1660	1385	Auto-Data	https://www.auto-data.net/en/daihatsu-applause-ii-generation-9
EU-DAIHATSU-CHARADE-III-SEDAN-01	3995	1615	1385	Automobile-Catalog	https://www.automobile-catalog.com/car/1990/563720/daihatsu_charade_1_3_sg_sedan.html
EU-DAIHATSU-CHARADE-IV-HATCHBACK-01	3750	1620	1390	Automobile-Catalog	https://www.automobile-catalog.com/make/daihatsu/charade_4gen/charade_4gen_series_i_hatchback/1994.html
EU-DAIHATSU-CHARADE-VIII-HATCHBACK-01	3785	1695	1530	Engine in Detail	https://www.engineindetail.com/pa/daihatsu-charade-1-33-top-2011
EU-DAIHATSU-COPEN-L8-CONVERTIBLE-01	3395	1475	1245	Auto-Data	https://www.auto-data.net/en/daihatsu-copen-l8-generation-11
EU-DAIHATSU-CUORE-VI-L251-HATCHBACK-01	3410	1475	1500	Auto-Data	https://www.auto-data.net/en/daihatsu-cuore-l251-1.0-i-58hp-50
EU-DAIHATSU-EXTOL-VAN-01	3765	1515	1895	Auto-Data	https://www.auto-data.net/en/daihatsu-atrai-extol-generation-17
EU-DAIHATSU-GRAN-MOVE-I-MPV-01	4100	1640	1600	UltimateSpecs	https://www.ultimatespecs.com/car-specs/Daihatsu/4839/Daihatsu-Grand-Move-16i.html
EU-DAIHATSU-HIJET-S80-VAN-01	3265	1395	1870	CarsGuide	https://www.carsguide.com.au/daihatsu/hi-jet/car-dimensions/1988
EU-DAIHATSU-HIJET-S82-S85-VAN-01	3295	1395	1870	Drive.Place	https://daihatsu.drive.place/hijet/viii/group_furgon/625461
EU-DAIHATSU-HIJET-PORTER-VAN-01	3370	1395	1870	VehicleScore	https://vehiclescore.co.uk/car-dimensions-check/daihatsu/hi%20jet
EU-DAIHATSU-MOVE-L9-MPV-01	3410	1475	1695	Auto-Data	https://www.auto-data.net/en/daihatsu-move-l9-1.0-i-12v-56hp-automatic-24534
EU-DAIHATSU-ROCKY-F7-F8-SUV-01	3840	1690	1850	Auto-Data	https://www.auto-data.net/en/daihatsu-rocky-hard-top-f7-f8-2.8-td-98hp-65
EU-DAIHATSU-SIRION-M2-HATCHBACK-01	3600	1665	1550	Auto-Data	https://www.auto-data.net/en/daihatsu-sirion-model-22
EU-DAIHATSU-SIRION-M1-HATCHBACK-01	3675	1595	1450	Auto-Data	https://www.auto-data.net/en/daihatsu-sirion-m1-generation-33
EU-DAIHATSU-SPARCAR-S70-VAN-01	3195	1395	1885	CarsGuide	https://www.carsguide.com.au/daihatsu/hi-jet/car-dimensions/1983
EU-DAIHATSU-TERIOS-J100-SUV-01	3845	1555	1695	Auto-Data: Daihatsu Terios I (J100) 1.3 4WD	https://www.auto-data.net/en/daihatsu-terios-i-j100-1.3-i-16v-4wd-86hp-43
EU-DAIHATSU-TERIOS-J200-SUV-RWD-01	4055	1695	1740	Auto-Data: Daihatsu Terios II (J200) 1.5 RWD	https://www.auto-data.net/en/daihatsu-terios-ii-j200-1.5-i-16v-105hp-41
EU-DAIHATSU-YRV-M200-MPV-01	3765	1625	1550	Auto-Data: Daihatsu YRV 1.3 Turbo	https://www.auto-data.net/en/daihatsu-yrv-1.3-i-16v-turbo-140hp-120
EU-DAIMLER-XJ-X300-SEDAN-SIX-01	5024	1799	1314	Automobile-Catalog: Daimler Six 4.0	https://www.automobile-catalog.com/car/1995/1285715/daimler_six.html
EU-DAIMLER-XJ-X308-SEDAN-SUPER-V8-01	5148	1798	1380	Auto-Data: Daimler 4.0 V8 Super	https://www.auto-data.net/en/daimler-daimler-x300-4.0-i-v8-32v-super-363hp-1113
EU-DELOREAN-DMC12-COUPE-01	4267	1989	1140	Automobile-Catalog: 1982 De Lorean DMC-12; width without mirrors	https://www.automobile-catalog.com/car/1982/587540/de_lorean_dmc-12.html
EU-DETOMASO-DEAUVILLE-SERIES1-SEDAN-01	4851	1880	1372	Carfolio: De Tomaso Deauville	https://www.carfolio.com/de-tomaso-deauville-46475
EU-DEEPAL-S05-1-SUV-01	4620	1900	1600	Changan Singapore official: Deepal S05 specifications	https://www.changan.sg/s05/
EU-DEEPAL-S07-1-SUV-01	4750	1930	1625	Changan Europe official: Deepal S07 specifications	https://www.changaneurope.com/gr/en/Models/Changan-Deepal-S07/Specifications
EU-DFSK-580-1-SUV-01	4680	1845	1715	Auto-Data: DFSK 580 generation	https://www.auto-data.net/en/dfsk-580-generation-8609
EU-DFSK-C31-1-PICKUP-01	4730	1655	1890	DFSK Morocco official: C31 specifications	https://www.dfsk.ma/v%C3%A9hicules/c31
EU-DFSK-C32-1-PICKUP-01	4940	1655	1910	DFSK Tunisia: C32 specifications	https://dfsk.tn/dfsk-c32/
EU-DFSK-C35-1-VAN-01	4500	1680	2000	DFSK Morocco official: C35 specifications	https://www.dfsk.ma/ar/node/20
EU-DFSK-E5-1-SUV-01	4760	1865	1710	Auto-Data: DFSK E5 generation	https://www.auto-data.net/en/dfsk-e5-generation-11038
EU-DFSK-EC75-1-VAN-01	5130	1860	2020	DFSK Sweden official: EC75 specifications	https://dfsksweden.com/products/dfsk-ec75/
EU-DFSK-FENGON5-1-SUV-01	4685	1865	1645	Auto-Data: DFSK F5/Fengon 5 generation	https://www.auto-data.net/en/dfsk-f5-generation-8605
EU-DFSK-FENGON500-1-SUV-01	4385	1850	1645	DFSK Estonia official distributor: DFSK 500 specifications	https://dfskestonia.com/products/dfsk-500/
EU-DFSK-FENGON6-1-SUV-01	4720	1865	1710	DFSK Sweden official: DFSK 600 specifications	https://dfsksweden.com/products/dfsk-600/
EU-DFSK-FENGON7-1-SUV-01	4930	1935	1765	ADAC vehicle catalogue: DFSK Fengon 7	https://www.adac.de/rund-ums-fahrzeug/autokatalog/marken-modelle/dfsk/fengon-7/1generation/345123/
EU-DFSK-FORTHING9-1-MPV-01	5251	1920	1820	Forthing official: V9/Forthing 9 specifications	https://www.forthingmotor.com/v9-product/
EU-DFSK-KSERIES-K01-PICKUP-01	3960	1560	1825	DFSK Motor product specification: K01 mini truck	https://www.dfsk-motor.com/truck/mini-truck/dfsk-k01-mini-truck-2-seater.html
EU-DFSK-KSERIES-K05-VAN-01	3795	1560	1925	DFSK specification sheet: K05/K07 van	https://dfsk.motordeal.co.za/wp-content/uploads/2012/10/dfsk.pdf
EU-DFSK-KSERIES-K01H-PICKUP-01	4035	1560	1825	DFSK Morocco official: K01H specifications	https://www.dfsk.ma/ar/node/22
EU-DFSK-KSERIES-K01HE-PICKUP-01	4280	1560	1825	Autocasion specification: DFSK K01HE electric pickup	https://www.autocasion.com/marcas/dfsk/serie-k-industrial/serie-k-pick-up-k01he-2-puertas-74118
EU-DFSK-VSERIES-V21-PICKUP-01	4625	1635	1890	RIM3 commercial catalogue: DFSK V21 single-cab	https://rim3.ru/comauto/catalog/dongfeng/
EU-DFSK-VSERIES-V22-PICKUP-01	4640	1635	1920	RIM3 commercial catalogue: DFSK V22 double-cab	https://rim3.ru/comauto/catalog/dongfeng/
EU-DFSK-VSERIES-V25-VAN-01	3905	1634	1960	RIM3 commercial catalogue: DFSK V25 van	https://rim3.ru/comauto/catalog/dongfeng/
EU-DODGE-ASPEN-F-COUPE-01	5016	1849	1349	Automobile-Catalog: 1976 Dodge Aspen R/T Coupe 318 V8	https://www.automobile-catalog.com/car/1976/661805/dodge_aspen_rt_coupe_318_v-8.html
EU-DODGE-AVENGER-JS-FACELIFT-SEDAN-01	4892	1850	1483	Auto-Data: Dodge Avenger facelift 3.6	https://www.auto-data.net/en/dodge-avenger-sedan-facelift-2010-3.6-v6-283hp-autostick-51164
EU-DODGE-CALIBER-PM-HATCHBACK-AWD-01	4415	1800	1535	CarsGuide: 2007 Dodge Caliber R/T 2.4 dimensions	https://www.carsguide.com.au/dodge/caliber/car-dimensions/2007
EU-DODGE-CARAVAN-RS-MPV-SWB-01	4803	1996	1750	Auto-Data: Dodge Caravan IV SWB generation	https://www.auto-data.net/en/dodge-caravan-iv-swb-generation-690
EU-DODGE-CARAVAN-NS-MPV-SWB-01	4733	1920	1740	Auto-Data: Dodge Caravan III SWB generation	https://www.auto-data.net/en/dodge-caravan-iii-swb-generation-691
EU-DODGE-CHALLENGER-LC-COUPE-PREFL-01	5023	1923	1449	Auto-Data: Dodge Challenger III 3.6/5.7 standard body	https://www.auto-data.net/en/dodge-challenger-iii-3.6-pentastar-v6-305hp-automatic-46099
EU-DODGE-CHALLENGER-LC-COUPE-FACELIFT-01	5027	1923	1460	Auto-Data: Dodge Challenger III facelift R/T 5.7	https://www.auto-data.net/en/dodge-challenger-iii-facelift-2014-r-t-5.7-hemi-v8-375hp-32893
EU-DODGE-CHALLENGER-LC-COUPE-HELLCAT-01	5018	1923	1454	Automobile-Catalog: 2019 Challenger Hellcat Redeye standard body; width without mirrors	https://www.automobile-catalog.com/car/2019/2760260/dodge_challenger_srt_hellcat_redeye.html
EU-DODGE-CHARGER-LD-SEDAN-PREFL-01	5077	1905	1482	Auto-Data: Dodge Charger VII LD SE 3.6	https://www.auto-data.net/en/dodge-charger-vii-ld-se-3.6-296hp-automatic-2884
EU-DODGE-CHARGER-LD-SEDAN-FACELIFT-01	5040	1905	1479	Auto-Data: Dodge Charger VII facelift 2015 SE 3.6	https://www.auto-data.net/en/dodge-charger-vii-ld-facelift-2015-se-3.6-pentastar-v6-292hp-automatic-35143
EU-DODGE-CHARGER-LD-SEDAN-FACELIFT2019-01	5040	1905	1467	Auto-Data: Dodge Charger VII facelift 2019 SXT 3.6	https://www.auto-data.net/en/dodge-charger-vii-ld-facelift-2019-sxt-3.6-pentastar-v6-292hp-automatic-38967
EU-DODGE-CHARGER-B-COUPE-01	5283	1946	1351	1969 Dodge Charger factory brochure specifications	https://xr793.com/wp-content/uploads/2017/01/1969-Dodge-Charger.pdf
EU-DODGE-CHARGER-LD-SEDAN-FACELIFT-SRT-01	5100	1905	1480	Auto-Data: Dodge Charger VII facelift 2015 SRT Hellcat	https://www.auto-data.net/en/dodge-charger-vii-ld-facelift-2015-srt-hellcat-6.2-hemi-v8-707hp-automatic-35140
EU-DODGE-CHARGER-LD-SEDAN-WIDEBODY-01	5105	1989	1462	Auto-Data: Dodge Charger Hellcat Redeye Widebody	https://www.auto-data.net/en/dodge-charger-vii-ld-facelift-2019-srt-hellcat-redeye-6.2-v8-797hp-widebody-automatic-45690
EU-DODGE-CHARGER-LD-SEDAN-PREFL-SRT-01	5088	1886	1480	Auto-Data: Dodge Charger VII LD SRT8 6.4	https://www.auto-data.net/en/dodge-charger-vii-ld-srt8-6.4-477hp-automatic-35125
EU-DODGE-DURANGO-WD-SUV-PREFL-01	5075	1925	1801	Auto-Data: Dodge Durango III WD 3.6	https://www.auto-data.net/en/dodge-durango-iii-wd-3.6-v6-290hp-36153
EU-DODGE-DURANGO-WD-SUV-FACELIFT-01	5110	1925	1801	Auto-Data: Dodge Durango III facelift 2014 3.6	https://www.auto-data.net/en/dodge-durango-iii-wd-facelift-2014-3.6-v6-293hp-36202
EU-DODGE-DURANGO-WD-SUV-FACELIFT2021-RWD-01	5101	1924	1831	Auto-Data: Dodge Durango facelift 2021 3.6 RWD	https://www.auto-data.net/en/dodge-durango-iii-wd-facelift-2021-3.6-pentastar-v6-295hp-torqueflite-43651
EU-DODGE-DURANGO-DN-SUV-01	4910	1810	1804	Auto-Data: Dodge Durango I DN 5.2 AWD	https://www.auto-data.net/en/dodge-durango-i-dn-5.2-awd-236hp-3015
EU-DODGE-DURANGO-WD-SUV-FACELIFT2021-AWD-01	5101	1924	1851	Auto-Data: Dodge Durango facelift 2021 3.6 AWD	https://www.auto-data.net/en/dodge-durango-iii-wd-facelift-2021-3.6-pentastar-v6-295hp-awd-torqueflite-43654
EU-DODGE-DURANGO-WD-SUV-HELLCAT-01	5104	1940	1831	Auto-Data: Dodge Durango facelift 2021 Hellcat	https://www.auto-data.net/en/dodge-durango-iii-wd-facelift-2021-hellcat-6.2-hemi-v8-710hp-awd-torqueflite-43657
EU-DODGE-GRANDCARAVAN-RT-MPV-FACELIFT-01	5151	1998	1725	Auto-Data: Dodge Caravan V facelift 2011 3.6	https://www.auto-data.net/en/dodge-caravan-v-facelift-2011-3.6-v6-287hp-automatic-30987
EU-DODGE-JOURNEY-JC-MPV-PREFL-01	4888	1878	1691	Auto-Data: Dodge Journey 2.4 pre-facelift	https://www.auto-data.net/en/dodge-journey-2.4-i-16v-170hp-2928
EU-DODGE-JOURNEY-JC-MPV-FACELIFT-01	4887	1834	1692	Auto-Data: Dodge Journey facelift 2010 2.4	https://www.auto-data.net/en/dodge-journey-facelift-2010-2.4-173hp-automatic-47968
EU-DODGE-NITRO-KA-SUV-STANDARD-01	4584	1856	1755	Auto-Data Dodge Nitro 3.7 specifications	https://www.auto-data.net/en/dodge-nitro-3.7-i-v6-12v-213hp-2931
EU-DODGE-NITRO-KA-SUV-RT-01	4544	1857	1778	Auto-Data Dodge Nitro 4.0 R/T specifications	https://www.auto-data.net/en/dodge-nitro-4.0-i-v6-24v-4wd-258hp-2934
EU-DODGE-RAM1500-BR-PICKUP-REGCAB-SHORTBOX-01	5184	2017	1826	Edmunds 1999 Dodge Ram 1500 Regular Cab specifications	https://www.edmunds.com/dodge/ram-pickup-1500/1999/st-8083/features-specs/
EU-DODGE-RAM1500-DH-PICKUP-REGCAB-SHORTBOX-2WD-01	5276	2029	1890	Edmunds 2004 Dodge Ram 1500 Regular Cab 2WD specifications	https://www.edmunds.com/dodge/ram-pickup-1500/2004/regular-cab/st-100289700/features-specs/
EU-DODGE-RAM1500-DH-PICKUP-REGCAB-SHORTBOX-4WD-01	5276	2029	1946	Edmunds 2004 Dodge Ram 1500 Regular Cab 4WD specifications	https://www.edmunds.com/dodge/ram-pickup-1500/2004/st-100289703/features-specs/
EU-DODGE-RAM1500-DS-PICKUP-REGCAB-SHORTBOX-2WD-01	5309	2017	1915	RAM 1500 official dimensions sheet	https://www.ramtrucks.com/assets/pdf/specsheet/ram_1500_dimensions.pdf
EU-DODGE-RAM1500-DS-PICKUP-REGCAB-SHORTBOX-4WD-01	5309	2017	1941	RAM 1500 official dimensions sheet	https://www.ramtrucks.com/assets/pdf/specsheet/ram_1500_dimensions.pdf
EU-DODGE-RAM1500-DS-PICKUP-CREWCAB-SHORTBOX-2WD-01	5817	2017	1928	RAM 1500 official dimensions sheet	https://www.ramtrucks.com/assets/pdf/specsheet/ram_1500_dimensions.pdf
EU-DODGE-RAM1500-DS-PICKUP-CREWCAB-SHORTBOX-4WD-01	5817	2017	1953	RAM 1500 official dimensions sheet	https://www.ramtrucks.com/assets/pdf/specsheet/ram_1500_dimensions.pdf
EU-DODGE-RAM1500-DS-PICKUP-QUADCAB-STDBOX-2WD-01	5817	2017	1928	RAM 1500 official dimensions sheet	https://www.ramtrucks.com/assets/pdf/specsheet/ram_1500_dimensions.pdf
EU-DODGE-RAM1500-DS-PICKUP-QUADCAB-STDBOX-4WD-01	5817	2017	1951	RAM 1500 official dimensions sheet	https://www.ramtrucks.com/assets/pdf/specsheet/ram_1500_dimensions.pdf
EU-DODGE-RAM2500-BR-PICKUP-REGCAB-LONGBOX-2WD-01	5692	2017	1831	Edmunds 1999 Dodge Ram 2500 Regular Cab 2WD specifications	https://www.edmunds.com/dodge/ram-pickup-2500/1999/regular-cab/features-specs/
EU-DODGE-RAM2500-BR-PICKUP-REGCAB-LONGBOX-4WD-01	5692	2017	1908	Edmunds 1999 Dodge Ram 2500 Regular Cab 4WD specifications	https://www.edmunds.com/dodge/ram-pickup-2500/1999/st-3451/features-specs/
EU-DODGE-RAM2500-DH-PICKUP-REGCAB-LONGBOX-2WD-01	5834	2029	1875	Edmunds 2004 Dodge Ram 2500 Regular Cab 2WD specifications	https://www.edmunds.com/dodge/ram-pickup-2500/2004/regular-cab/st-100301494/features-specs/
EU-DODGE-RAM2500-DH-PICKUP-REGCAB-LONGBOX-4WD-01	5834	2029	1981	Edmunds 2004 Dodge Ram 2500 Regular Cab 4WD specifications	https://www.edmunds.com/dodge/ram-pickup-2500/2004/regular-cab/features-specs/
EU-DODGE-RAM2500-DJ-PICKUP-REGCAB-LONGBOX-2WD-01	5852	2017	1875	RAM 2500 official dimensions sheet	https://www.ramtrucks.com/assets/pdf/specsheet/ram_2500_dimensions.pdf
EU-DODGE-RAM2500-DJ-PICKUP-REGCAB-LONGBOX-4WD-01	5852	2017	1981	RAM 2500 official dimensions sheet	https://www.ramtrucks.com/assets/pdf/specsheet/ram_2500_dimensions.pdf
EU-DODGE-RAM4000-DC-PICKUP-REGCAB-CHASSIS-01	5951	2019	1999	Dodge 2007 Ram 3500 Chassis Cab official specifications	https://s3.amazonaws.com/chryslermedia.iconicweb.com/mediasite/specs/2007DodgeRam3500ChassCabFASpecifications.pdf
EU-DODGE-RAMCHARGER-BR-SUV-STANDARD-01	5029	2014	1895	Consumer Guide target-model length + Edmunds same-platform width/height	https://blog.consumerguide.com/too-spicy-for-america-the-mexico-only-1999-2001-dodge-ramcharger/ ; https://www.edmunds.com/dodge/ram-pickup-1500/2000/features-specs/
EU-DODGE-STRATUS-JR-SEDAN-STANDARD-01	4856	1793	1394	Edmunds 2001 Dodge Stratus specifications	https://www.edmunds.com/dodge/stratus/2001/features-specs/
EU-DODGE-VIPER-ZB1-CONVERTIBLE-STANDARD-01	4460	1910	1209	Automobile-Catalog 2003 Dodge Viper SRT-10 Roadster	https://www.automobile-catalog.com/car/2003/689360/dodge_viper_srt10_roadster.html
EU-DODGE-VIPER-ZB1-COUPE-STANDARD-01	4460	1910	1234	Automobile-Catalog 2006 Dodge Viper SRT-10 Coupe	https://www.automobile-catalog.com/car/2006/689390/dodge_viper_srt10_coupe.html
EU-DODGE-VIPER-ZB2-COUPE-STANDARD-01	4463	1910	1234	Car and Driver 2008 Dodge Viper SRT10 Coupe specifications	https://www.caranddriver.com/dodge/viper/specs/2008/dodge_viper_dodge-viper-srt10-coupe_2008
EU-DODGE-VIPER-ZB2-CONVERTIBLE-STANDARD-01	4460	1911	1209	Automobile-Catalog 2008 Dodge Viper SRT-10 Roadster	https://www.automobile-catalog.com/car/2008/689405/dodge_viper_srt10_roadster.html
EU-DONGFENG-BOX-CURRENT-HATCHBACK-STANDARD-01	4030	1810	1570	Dongfeng Singapore Box specifications	https://dongfeng.sg/autoapp-dongfeng-box-review/
EU-DONGFENG-HUGE-CURRENT-SUV-STANDARD-01	4720	1910	1702	Dongfeng Motors Philippines Aeolus Huge specifications	https://dongfengmotorsph.com/vehicles/aeolus-huge/
EU-DONGFENG-MAGE-CURRENT-SUV-STANDARD-01	4650	1905	1630	Dongfeng Motors Philippines Aeolus Mage specifications	https://dongfengmotorsph.com/vehicles/aeolus-mage/
EU-DONGFENG-SHINE-CURRENT-SEDAN-STANDARD-01	4670	1812	1490	Dongfeng Estonia Shine specifications	https://dongfengmotor.ee/en/dongfeng/dongfeng-shine/
EU-DFSK-K02-GEN1-PICKUP-CREWCAB-01	4600	1560	1840	AutoCango DFSK K02 specifications	https://www.autocango.com/pt/carspecs-detail/DongFeng-DFSK-K02-QEGN47
EU-DONKERVOORT-D8-GTO-CONVERTIBLE-STANDARD-01	3740	1850	1140	Donkervoort D8 GTO heritage specifications	https://www.donkervoort.com/en/models/heritage/donkervoort-d8-gto/
EU-DONKERVOORT-D8-GTO-RS-CONVERTIBLE-STANDARD-01	3833	1850	1122	Auto-Data Donkervoort D8 GTO-RS specifications	https://www.auto-data.net/en/donkervoort-d8-gto-gto-rs-2.5-tfsi-386hp-33980
EU-DONKERVOORT-D8-JD70-CONVERTIBLE-STANDARD-01	3836	1850	1081	Donkervoort D8 GTO-JD70 heritage specifications	https://www.donkervoort.com/en/models/heritage/d8-gto-jd70/
EU-DONKERVOORT-F22-GEN1-CONVERTIBLE-STANDARD-01	4039	1912	1105	MotorTrend Donkervoort F22 specifications	https://www.motortrend.com/features/2023-donkervoort-f22-first-look-review
EU-DR-DR1-EV-HATCHBACK-STANDARD-01	3200	1670	1590	DR Automobiles DR 1.0 EV official specifications	https://drautomobiles.com/dr1ev/
EU-DR-DR3-GEN1-SUV-STANDARD-01	4170	1760	1570	Auto-Data DR 3.0 model specifications	https://www.auto-data.net/en/dr-3.0-model-3183
EU-DR-DR4-GEN1-SUV-STANDARD-01	4345	1765	1640	Auto-Data DR 4 model specifications	https://www.auto-data.net/en/dr-4-model-2598
EU-DR-DR4-0-GEN1-SUV-STANDARD-01	4318	1808	1670	Carsized DR 4.0 dimensions	https://www.carsized.com/en/cars/compare/dr-automobiles-dr4-2021-suv-vs-renault-4-2025-5-door-hatchback/
EU-DR-DR5-STILNOVO-SUV-STANDARD-01	4330	1825	1660	DR Automobiles DR 5 Stilnovo official specifications	https://drautomobiles.com/dr-5-stilnovo/
EU-DR-DR5-GEN1-SUV-STANDARD-01	4318	1831	1670	Auto-Data DR 5.0 facelift specifications	https://www.auto-data.net/en/dr-5.0-facelift-2021-generation-8956
EU-DR-DR5-COLLECTION-SUV-STANDARD-01	4318	1831	1662	DR Automobiles DR 5 Collection official specifications	https://drautomobiles.com/dr-5-collection/
EU-DR-DR5-FULLHYBRID-SUV-STANDARD-01	4320	1831	1653	DR Automobiles DR 5 Full Hybrid Collection official specifications	https://drautomobiles.com/dr-5-full-hybrid-collection/
EU-DR-DR6-STILNOVO-SUV-STANDARD-01	4515	1865	1680	DR Automobiles DR 6 Stilnovo official specifications	https://drautomobiles.com/dr-6-stilnovo/
EU-DR-DR6-GEN1-SUV-STANDARD-01	4500	1842	1705	Auto-Data DR 6.0 specifications	https://www.auto-data.net/en/dr-6.0-1.5-turbo-154hp-cvt-47319
EU-DR-DR6-COLLECTION-SUV-STANDARD-01	4553	1862	1696	DR Automobiles DR 6 Collection official specifications	https://drautomobiles.com/dr-6-collection/
EU-DR-DR7-GEN1-SUV-STANDARD-01	4700	1860	1705	Auto-Data DR 7.0 model specifications	https://www.auto-data.net/en/dr-7.0-model-3144
EU-DR-DR7-COLLECTION-SUV-STANDARD-01	4720	1860	1705	DR Automobiles DR 7 Collection official specifications	https://drautomobiles.com/dr-7-collection/
EU-DR-F35-GEN1-SUV-STANDARD-01	4432	1837	1670	Auto-Data DR F35 specifications	https://www.auto-data.net/en/dr-f35-1.5-acteco-turbo-150hp-lpg-46046
EU-DR-PK8-GEN1-PICKUP-CREWCAB-01	5315	1830	1815	DR Automobiles DR PK8 official specifications	https://drautomobiles.com/en/dr-pk8/scheda-tecnica/
EU-DS-DS3-A55-HATCHBACK-STANDARD-01	3948	1715	1458	Automobile-Catalog 2015 DS 3 Hatchback specifications	https://www.automobile-catalog.com/car/2015/2085935/citroen_ds3_bluehdi_120_sportchic.html
EU-DS-DS3-A55-CONVERTIBLE-STANDARD-01	3948	1715	1483	Automobile-Catalog 2015 DS 3 Cabrio specifications	https://www.automobile-catalog.com/car/2015/1842530/citroen_ds3_cabrio_puretech_vti_82_sochic.html
EU-DS-DS3-D34-HATCHBACK-STANDARD-01	4118	1791	1534	Automobile-Catalog 2024 DS 3 Hybrid specifications	https://www.automobile-catalog.com/car/2024/3378410/ds_3_hybrid_136_e-dsc6.html
EU-DS-DS4-GEN2-HATCHBACK-STANDARD-01	4400	1830	1470	DS Automobiles official N°4 specifications	https://www.dsautomobiles.co.uk/models/dsn4/e-tense.html
EU-DS-DS9-GEN1-SEDAN-STANDARD-01	4930	1930	1460	DS Automobiles / Stellantis official technical data	https://www.media.stellantis.com/em-en/ds/press/ds-9-the-power-of-elegance-1632575108-1619424000
EU-DS-DS7-GEN1-SUV-PREFACELIFT-01	4570	1890	1620	DS Automobiles / Stellantis official technical data	https://www.media.stellantis.com/uk-en/ds/press/ds-7-crossback-the-first-new-generation-ds
EU-DS-DS7-GEN1-SUV-FACELIFT-01	4595	1906	1620	DS Automobiles / Stellantis official price and specification guide	https://www.media.stellantis.com/uploads/uk/model-pricelist/ds7priceandspecificationguidejuly2023-650ad2f64b001.pdf
EU-DS-N7-GEN1-SUV-STANDARD-01	4660	1900	1630	DS Automobiles / Stellantis official technical data	https://www.media.stellantis.com/uk-en/ds/press/ds-n07-first-class-suv
EU-DS-N8-GEN1-COUPE-STANDARD-01	4820	1900	1580	DS Automobiles / Stellantis official technical data	https://www.media.stellantis.com/em-en/ds/press/ds-n08-the-electric-journey-starts-now
EU-DSK-Q51-GEN1-PICKUP-STANDARD-01	5555	1830	2055	DFSK Q51 dealer technical sheet	https://grupomamsa.com/descubre-el-nuevo-q51-dfsk/
EU-EGO-EWAVEX-GEN1-HATCHBACK-STANDARD-01	3360	1814	1638	UltimateSpecs	https://www.ultimatespecs.com/car-specs/eGO-Mobile/133505/eGO-Mobile-ewave-X-30kWh.html
EU-EBRO-S400-GEN1-SUV-STANDARD-01	4320	1831	1646	EBRO official specifications	https://www.ebroauto.com/modelos/s400-hev/especificaciones
EU-EBRO-S700-GEN1-SUV-STANDARD-01	4553	1862	1696	Auto-Data	https://www.auto-data.net/en/ebro-s700-1.5-tgdi-279hp-plug-in-hybrid-dht-54949
EU-ELARIS-BEO-GEN1-SUV-STANDARD-01	4698	1908	1696	Auto-Data	https://www.auto-data.net/en/elaris-beo-86-kwh-204hp-50300
EU-ELARIS-CARO-GEN1-VAN-STANDARD-01	5915	2040	2632	UltimateSpecs	https://www.ultimatespecs.com/car-specs/Elaris/138571/Elaris-Caro-Caro-875-kWh.html
EU-ELARIS-DYO-GEN1-HATCHBACK-STANDARD-01	2871	1563	1568	Auto-Data	https://www.auto-data.net/en/elaris-dyo-30-kwh-48hp-50308
EU-ELARIS-FINN-GEN1-HATCHBACK-STANDARD-01	2871	1563	1568	Auto-Data	https://www.auto-data.net/en/elaris-finn-31.5-kwh-48hp-50309
EU-ELARIS-LEO-GEN1-SUV-STANDARD-01	4602	1900	1645	Auto-Data	https://www.auto-data.net/en/elaris-leo-ii-64.6-kwh-184hp-50311
EU-ELARIS-PIO-GEN1-HATCHBACK-STANDARD-01	2811	1540	1555	EngineInDetail	https://www.engineindetail.com/pae/elaris-pio-2021
EU-EMC-4-GEN1-SUV-STANDARD-01	4005	1760	1575	EMC official specifications	https://emcauto.it/veicoli/emc-quattro/
EU-EMC-6-GEN1-SUV-2024-01	4440	1831	1665	Auto-Data	https://www.auto-data.net/en/emc-6-sei-1.5-113hp-55784
EU-EMC-7-GEN1-SUV-STANDARD-01	4535	1845	1725	EMC official specifications	https://emcauto.it/veicoli/emc-sette/
EU-EMC-212-GEN1-SUV-STANDARD-01	4705	1895	1936	EMC official specifications	https://emcauto.it/veicoli/emc-212/
EU-EMC-WAVE3-GEN1-SUV-STANDARD-01	4440	1831	1665	Jolly Auto Wave 3 technical data	https://www.jollyauto.com/wave3/
EU-EMC-YUDO-GEN1-SUV-STANDARD-01	4035	1736	1625	Auto-Data	https://www.auto-data.net/en/emc-yudo-41.7-kwh-95hp-55800
EU-EMW-340-GEN1-SEDAN-STANDARD-01	4600	1765	1630	Carfolio	https://www.carfolio.com/emw-340-360800
EU-EON-WEEZ-GEN1-HATCHBACK-CITYPRO-01	3000	1500	1660	L'Argus	https://www.largus.fr/actualite-automobile/essai-eon-weez-city-pro-le-livreur-urbain-avec-un-moteur-electrique-par-roue-30026112.html
EU-EVO-CROSS4-GEN1-PICKUP-DOUBLECAB-01	5315	1880	1830	EVO official specifications	https://www.auto-evo.com/modello/evo-cross-4/
EU-EVO-CUATRO-GEN1-SUV-STANDARD-01	4400	1831	1653	Auto-Data	https://www.auto-data.net/en/evo-cuatro-1.5l-117hp-55509
EU-EVO-EVO3-GEN1-HATCHBACK-STANDARD-01	4135	1750	1568	EVO official specifications	https://www.auto-evo.com/modello/evo3/
EU-EVO-EVO4-GEN1-SUV-STANDARD-01	4325	1765	1640	EVO official specifications	https://www.auto-evo.eu/modello/evo-4-4/
EU-EVO-EVO5-GEN1-SUV-STANDARD-01	4325	1815	1640	EVO official specifications	https://www.auto-evo.com/modello/evo-5-4/
EU-EVO-EVO6-GEN1-SUV-STANDARD-01	4565	1860	1690	EVO official specifications	https://www.auto-evo.com/modello/evo-6-benzina/
EU-EVO-EVO7-GEN1-SUV-STANDARD-01	4795	1870	1758	EVO official specifications	https://www.auto-evo.eu/modello/evo-7-3/
EU-EVO-SPAZIO-GEN1-MPV-STANDARD-01	4850	1900	1715	EVO official specifications	https://www.auto-evo.com/modello/evo-spazio-ita-bz/
EU-EVUM-ACAR-GEN1-PICKUP-STANDARD-01	4000	1500	2000	Engineering for Change product profile	https://www.engineeringforchange.org/solutions/product/evum-acar/
EU-EXLANTIX-ES-GEN1-SEDAN-STANDARD-01	4945	1978	1480	Segmenty automotive technical report	https://segmenty.com/GenerateNewsStaticJsps/Exeed_Exlantix_ES_enters_local_market.html
EU-EXLANTIX-ET-GEN1-SUV-STANDARD-01	4955	1975	1698	CarNewsChina technical report	https://carnewschina.com/2023/10/16/cherys-exeed-exlantix-et-is-li-auto-l7-for-the-overseas-markets/
EU-FAAM-ECOMILE-GEN1-PICKUP-STANDARD-01	3915	1560	1825	Daihatsu Zebra model reference (FAAM Ecomile rebadge)	https://en.wikipedia.org/wiki/Daihatsu_Zebra
EU-FAAM-JOLLY2000-GEN1-PICKUP-STANDARD-01	4770	1560	1950	FAAM / i-moving Jolly 2000 chassis technical brochure	https://asset.moto.it/pricelist/auto/74b79c45fa49eb0b32337db2fdabed63/brochure-2016.pdf
EU-FAAM-JOLLY-2000-I-PICKUP-01	4770	2000	4000	FAAM technical sheet	https://www.electricmotornews.com/wp-content/uploads/2013/02/SCHEDA-TECNICA-FAAM-JOLLY-2000.pdf
EU-FAAM-SMILE-I-PICKUP-01	2900	1240	1775	FAAM technical sheet	https://www.electricmotornews.com/wp-content/uploads/2013/02/CARATTERISTICHE-TECNICHE-SMILE.pdf
EU-FARIZON-SUPERVAN-I-VAN-SWB-LR-01	4990	1980	1980	CarsGuide specifications	https://www.carsguide.com.au/farizon/supervan/car-dimensions/2025
EU-FARIZON-V6E-I-VAN-01	4845	1730	1985	Farizon V6E owner manual	https://www.farizonauto.si/uploads/source/farizonsn-documentum/Farizon_V6E_user_manual/V6E_OM_EN_20241105.pdf
EU-FEIDI-3MX-I-PICKUP-01	3980	1830	1970	Wuzheng official specifications	https://www.wuzheng.com/business/3-wheel-vehicles/3mx-ev
EU-FEIDI-ENTER-I-PICKUP-01	4900	1710	2010	Feidi Enter customer care manual	https://www.wuzheng.com/services/images/download/FEIDI-Enter-CustomerCare-Manual.pdf
EU-FEIDI-ENTER-I-VAN-01	4460	1640	1980	Feidi Enter customer care manual	https://www.wuzheng.com/services/images/download/FEIDI-Enter-CustomerCare-Manual.pdf
EU-FENGON-GLORY-600-I-SUV-01	4720	1865	1710	DFSK Finland official distributor	https://dfskfinland.com/products/dfsk-600/
EU-FERRARI-12CILINDRI-I-COUPE-01	4733	2000	1292	Automobile-Catalog	https://www.automobile-catalog.com/car/2024/3377210/ferrari_12cilindri.html
EU-FERRARI-12CILINDRI-I-CONVERTIBLE-01	4733	2000	1292	Automobile-Catalog	https://www.automobile-catalog.com/car/2024/3377225/ferrari_12cilindri_spider.html
EU-FERRARI-360-I-CONVERTIBLE-01	4477	1922	1235	Automobile-Catalog	https://www.automobile-catalog.com/car/2000/707135/ferrari_360_spider_f1.html
EU-FERRARI-360-CHALLENGE-COUPE-01	4477	1992	1184	Ferrari official model archive	https://www.ferrari.com/en-EN/auto/360-challenge
EU-FERRARI-360-CHALLENGE-STRADALE-COUPE-01	4477	1922	1199	Ferrari official model archive	https://www.ferrari.com/en-EN/auto/challenge-stradale
EU-FERRARI-360-I-COUPE-01	4477	1922	1214	Automobile-Catalog	https://www.automobile-catalog.com/car/1999/707075/ferrari_360_modena.html
EU-FERRARI-400-SERIES-I-COUPE-01	4300	1680	1310	Automobile-Catalog	https://www.automobile-catalog.com/car/1960/705260/ferrari_400_superamerica_series_i.html
EU-FERRARI-400-SERIES-I-CONVERTIBLE-01	4300	1680	1310	Automobile-Catalog	https://www.automobile-catalog.com/car/1960/705260/ferrari_400_superamerica_series_i.html
EU-FERRARI-400-SERIES-II-COUPE-01	4670	1770	1300	Wikipedia technical specifications	https://de.wikipedia.org/wiki/Ferrari_400_Superamerica
EU-FERRARI-400-SERIES-II-CONVERTIBLE-01	4670	1770	1300	Wikipedia technical specifications	https://de.wikipedia.org/wiki/Ferrari_400_Superamerica
EU-FERRARI-458-I-CONVERTIBLE-01	4527	1937	1211	UltimateSpecs	https://www.ultimatespecs.com/car-specs/Ferrari/138040/Ferrari-458-Italia-Spider.html
EU-FERRARI-458-I-COUPE-01	4527	1937	1213	UltimateSpecs	https://www.ultimatespecs.com/car-specs/Ferrari/35710/Ferrari-458-Italia-.html
EU-FERRARI-208-308-I-COUPE-01	4230	1720	1120	Automobile-Catalog	https://www.automobile-catalog.com/car/1980/705995/ferrari_308_gtbi.html
EU-FERRARI-208-308-I-CONVERTIBLE-01	4230	1720	1120	Automobile-Catalog	https://www.automobile-catalog.com/car/1980/705995/ferrari_308_gtbi.html
EU-FERRARI-275-I-COUPE-01	4325	1725	1245	Automobile-Catalog	https://www.automobile-catalog.com/car/1964/28085/ferrari_275_gtb.html
EU-FERRARI-275-I-CONVERTIBLE-01	4350	1675	1250	Automobile-Catalog	https://www.automobile-catalog.com/car/1964/705470/ferrari_275_gts.html
EU-FERRARI-296-I-COUPE-01	4565	1958	1187	Automobile-Catalog	https://www.automobile-catalog.com/car/2024/3008810/ferrari_296_gtb.html
EU-FERRARI-296-SPECIALE-COUPE-01	4625	1968	1181	AutoTijd dimensions	https://autotijd.be/en/dimensions/ferrari/296-speciale
EU-FERRARI-296-I-CONVERTIBLE-01	4565	1958	1191	Automobile-Catalog	https://www.automobile-catalog.com/car/2023/3085940/ferrari_296_gts.html
EU-FERRARI-488-I-COUPE-01	4568	1952	1213	Automobile-Catalog	https://www.automobile-catalog.com/car/2018/2232020/ferrari_488_gtb.html
EU-FERRARI-488-I-CONVERTIBLE-01	4568	1952	1211	Automobile-Catalog	https://www.automobile-catalog.com/car/2018/2232035/ferrari_488_spider.html
EU-FERRARI-550-575-MARANELLO-COUPE-01	4550	1935	1277	Automobile-Catalog	https://www.automobile-catalog.com/car/1996/707015/ferrari_550_maranello.html
EU-FERRARI-550-BARCHETTA-CONVERTIBLE-01	4550	1935	1258	Automobile-Catalog	https://www.automobile-catalog.com/car/2000/707165/ferrari_550_barchetta.html
EU-FERRARI-599-GTO-COUPE-01	4710	1962	1310	Automobile-Catalog	https://www.automobile-catalog.com/car/2010/1372805/ferrari_599_gto.html
EU-FERRARI-599-SA-APERTA-CONVERTIBLE-01	4700	1962	1300	Automobile-Catalog	https://www.automobile-catalog.com/car/2011/1455395/ferrari_sa_aperta_pininfarina.html
EU-FERRARI-612-I-COUPE-01	4902	1957	1344	Automobile-Catalog	https://www.automobile-catalog.com/car/2004/1221050/ferrari_612_scaglietti.html
EU-FERRARI-812-SUPERFAST-COUPE-01	4657	1971	1276	Automobile-Catalog	https://www.automobile-catalog.com/car/2017/2746265/ferrari_812_superfast.html
EU-FERRARI-812-COMPETIZIONE-COUPE-01	4696	1971	1276	Automobile-Catalog	https://www.automobile-catalog.com/car/2021/3008825/ferrari_812_competizione.html
EU-FERRARI-812-COMPETIZIONE-A-CONVERTIBLE-01	4696	1971	1276	Automobile-Catalog	https://www.automobile-catalog.com/car/2021/3008825/ferrari_812_competizione.html
EU-FERRARI-849-TESTAROSSA-COUPE-01	4718	1999	1225	CarWale dimensions	https://www.carwale.com/compare-cars/ferrari-849-testarossa-vs-aston-martin-dbx-vs-ferrari-purosangue-suv/
EU-FERRARI-849-TESTAROSSA-CONVERTIBLE-01	4718	1999	1186	CarWale dimensions	https://www.carwale.com/compare-cars/ferrari-849-testarossa-vs-aston-martin-dbx-vs-ferrari-purosangue-suv/
EU-FERRARI-AMALFI-I-COUPE-01	4660	1974	1301	Automobile-Catalog	https://www.automobile-catalog.com/car/2026/3460685/ferrari_amalfi.html
EU-FERRARI-CALIFORNIA-T-CONVERTIBLE-01	4570	1910	1322	Automobile-Catalog	https://www.automobile-catalog.com/car/2014/2044070/ferrari_california_t.html
EU-FERRARI-DAYTONA-SP3-CONVERTIBLE-01	4686	2050	1142	Ferrari official article	https://www.ferrari.com/en-EN/corporate/articles/ferrari-unveils-an-exclusive-tailor-made-daytona-sp3
EU-FERRARI-ENZO-I-COUPE-01	4702	2035	1147	Automobile-Catalog	https://www.automobile-catalog.com/car/2004/707255/ferrari_enzo.html
EU-FERRARI-F12-I-COUPE-01	4618	1942	1273	Automobile-Catalog	https://www.automobile-catalog.com/car/2016/1613015/ferrari_f12_berlinetta.html
EU-FERRARI-F12-TDF-COUPE-01	4656	1961	1273	Automobile-Catalog	https://www.automobile-catalog.com/car/2018/2232050/ferrari_f12tdf.html
EU-FERRARI-F355-GTS-CONVERTIBLE-01	4250	1900	1170	Automobile-Catalog	https://www.automobile-catalog.com/car/1994/706925/ferrari_f355_gts.html
EU-FERRARI-F430-I-CONVERTIBLE-01	4512	1923	1234	Automobile-Catalog	https://www.automobile-catalog.com/car/2008/707390/ferrari_f430_spider_f1.html
EU-FERRARI-F430-I-COUPE-01	4512	1923	1214	Automobile-Catalog	https://www.automobile-catalog.com/car/2008/707345/ferrari_f430_berlinetta.html
EU-FERRARI-F80-I-COUPE-01	4840	2060	1138	Automobile-Catalog	https://www.automobile-catalog.com/car/2025/3377195/ferrari_f80.html
EU-FERRARI-FF-I-COUPE-01	4907	1953	1379	Automobile-Catalog	https://www.automobile-catalog.com/car/2016/1455380/ferrari_ff.html
EU-FERRARI-GTC4LUSSO-I-COUPE-01	4922	1980	1383	Automobile-Catalog	https://www.automobile-catalog.com/car/2017/2513720/ferrari_gtc4lusso.html
EU-FERRARI-LAFERRARI-I-COUPE-01	4702	1992	1116	Automobile-Catalog	https://www.automobile-catalog.com/car/2015/1842590/laferrari.html
EU-FERRARI-MONDIAL-3-2-CONVERTIBLE-01	4535	1795	1265	Automobile-Catalog	https://www.automobile-catalog.com/car/1987/706385/ferrari_mondial_3_2_cabriolet.html
EU-FERRARI-MONDIAL-3-2-COUPE-01	4535	1795	1235	Automobile-Catalog	https://www.automobile-catalog.com/car/1988/706370/ferrari_mondial_3_2.html
EU-FERRARI-PORTOFINO-M-CONVERTIBLE-01	4594	1938	1318	Automobile-Catalog	https://www.automobile-catalog.com/car/2021/2975525/ferrari_portofino_m.html
EU-FERRARI-PUROSANGUE-I-SUV-01	4973	2028	1589	AutoTijd dimensions	https://autotijd.be/en/dimensions/ferrari/purosangue
EU-FERRARI-ROMA-SPIDER-CONVERTIBLE-01	4656	1974	1306	AutoTijd dimensions	https://autotijd.be/en/dimensions/ferrari/roma-spider
EU-FERRARI-SF90-I-CONVERTIBLE-01	4704	1973	1191	Automobile-Catalog	https://www.automobile-catalog.com/car/2023/2975540/ferrari_sf90_spider.html
EU-FERRARI-SF90-XX-CONVERTIBLE-01	4850	2014	1225	Automobile-Catalog	https://www.automobile-catalog.com/car/2026/3570665/ferrari_sf90_xx_spider.html
EU-FERRARI-SF90-XX-COUPE-01	4850	2014	1225	Automobile-Catalog	https://www.automobile-catalog.com/car/2026/3570665/ferrari_sf90_xx_spider.html
EU-FEST-E-BOX-M-I-VAN-01	4525	1610	1900	Fest official specifications	https://fest-auto-en.webflow.io/e-box-m
EU-FIAT-124-I-SEDAN-01	4030	1625	1420	Automobile-Catalog	https://www.automobile-catalog.com/car/1967/709760/fiat_124.html
EU-FIAT-124-I-WAGON-01	4045	1625	1440	Wikipedia technical specifications	https://en.wikipedia.org/wiki/Fiat_124
EU-FIAT-124-SPORT-SPIDER-CONVERTIBLE-01	3970	1613	1250	AutoEvolution	https://www.autoevolution.com/cars/fiat-124-sport-spider-1969.html
EU-FIAT-124-SPORT-COUPE-CC-01	4176	1669	1341	AutoEvolution	https://www.autoevolution.com/cars/fiat-124-sport-coupe-cc-1972.html
EU-FIAT-126-I-HATCHBACK-01	3054	1377	1335	Automobile-Catalog	https://www.automobile-catalog.com/car/1983/40415/polski_fiat_126p_650.html
EU-FIAT-130-I-SEDAN-01	4750	1805	1440	Automobile-Catalog	https://www.automobile-catalog.com/car/1969/713720/fiat_130.html
EU-FIAT-131-SERIES-I-SEDAN-01	4265	1651	1382	AutoEvolution	https://www.autoevolution.com/cars/fiat-131-mirafiori-4-doors-1978.html
EU-FIAT-131-SERIES-I-WAGON-01	4264	1650	1400	Automoli specifications	https://www.automoli.com/us/vehicles/fiat/131/131-familiarepanorama-1608/
EU-FIAT-131-SERIES-III-WAGON-01	4231	1645	1420	Autotecnica historical specifications	https://www.autotecnica.org/fiat-131-terza-serie-indimenticabile/
EU-FIAT-131-SERIES-II-III-SEDAN-01	4231	1651	1381	Automobile-Catalog	https://www.automobile-catalog.com/car/1979/36710/fiat_131_diesel_2500_super.html
EU-FIAT-131-SERIES-II-WAGON-01	4264	1651	1389	Automobile-Catalog	https://www.automobile-catalog.com/car/1979/712550/fiat_131_panorama_l_1300.html
EU-FIAT-131-ABARTH-RALLY-SEDAN-01	4190	1720	1360	AutoZine historical specifications	https://www.autozine.org/Archive/Fiat/classic/131.html
EU-FIAT-132-SERIES-III-SEDAN-01	4390	1640	1430	Carfolio specifications	https://www.carfolio.com/fiat-132-diesel-2500-37906
EU-FIAT-238-I-MPV-01	4600	1835	1980	Drive.Place specifications	https://fiat.drive.place/238/i/group_minivan/380686
EU-FIAT-242-I-VAN-01	4961	1990	2356	KFZ-Tech historical specifications	https://www.kfz-tech.de/Engl/Hersteller/Fiat/Fiat2421975.htm
EU-FIAT-242-I-MPV-01	4961	1990	2356	KFZ-Tech historical specifications	https://www.kfz-tech.de/Engl/Hersteller/Fiat/Fiat2421975.htm
EU-CHEVROLET-CRUZE-I-WAGON-02	4681	1797	1484	Automobile-Catalog 2013 Chevrolet Cruze 1.7 D LT Station Wagon specifications	https://www.automobile-catalog.com/car/2013/1777310/chevrolet_cruze_1_7_d_lt_station_wagon.html
EU-CHEVROLET-CRUZE-I-SEDAN-FACELIFT-02	4603	1788	1477	Automobile-Catalog 2013 Chevrolet Cruze 1.6 LT Sedan specifications	https://www.automobile-catalog.com/car/2013/1776965/chevrolet_cruze_1_6_lt_sedan.html
EU-CHEVROLET-S10-II-PICKUP-REGCAB-SHORT-1995-01	4801	1725	1577	GM Heritage Archive 1995 Chevrolet S-10 vehicle information kit; Edmunds 1995 Chevrolet S-10 Regular Cab specifications	https://www.gm.com/content/dam/company/no_search/heritage-archive-docs/vehicle-information-kits/chevrolet/1995-Chevrolet-S-10.pdf;https://www.edmunds.com/chevrolet/s-10/1995/regular-cab/st-12935/features-specs/
EU-CHEVROLET-S10-II-PICKUP-REGCAB-LONG-1995-01	5204	1725	1577	GM Heritage Archive 1995 Chevrolet S-10 vehicle information kit; Edmunds 1995 Chevrolet S-10 Regular Cab long-box specifications	https://www.gm.com/content/dam/company/no_search/heritage-archive-docs/vehicle-information-kits/chevrolet/1995-Chevrolet-S-10.pdf;https://www.edmunds.com/chevrolet/s-10/1995/st-12933/features-specs/
EU-CHEVROLET-S10-II-PICKUP-REGCAB-SHORT-1996-01	4790	1725	1577	Edmunds 1996 Chevrolet S-10 Regular Cab short-box specifications	https://www.edmunds.com/chevrolet/s-10/1996/st-12857/features-specs/
EU-CHEVROLET-S10-II-PICKUP-REGCAB-LONG-1996-01	5197	1725	1577	Edmunds 1996 Chevrolet S-10 Regular Cab long-box specifications	https://www.edmunds.com/chevrolet/s-10/1996/regular-cab/st-12855/features-specs/
EU-CHEVROLET-S10-II-PICKUP-EXTCAB-4WD-1995-01	5164	1725	1572	Edmunds 1995 Chevrolet S-10 Extended Cab LS 4WD specifications	https://www.edmunds.com/chevrolet/s-10/1995/extended-cab/st-13023/features-specs/
EU-CHEVROLET-S10-II-PICKUP-EXTCAB-4WD-1996-01	5164	1725	1621	Edmunds 1996 Chevrolet S-10 Extended Cab 4WD specifications	https://www.edmunds.com/chevrolet/s-10/1996/extended-cab/features-specs/
EU-CHEVROLET-S10-II-PICKUP-EXTCAB-4WD-1997-01	5164	1725	1623	Edmunds 1997 Chevrolet S-10 Extended Cab LS 4WD specifications	https://www.edmunds.com/chevrolet/s-10/1997/extended-cab/st-12637/features-specs/
EU-CHEVROLET-S10-II-PICKUP-EXTCAB-4WD-1998-01	5202	1725	1610	Edmunds 1998 Chevrolet S-10 Extended Cab LS 4WD specifications	https://www.edmunds.com/chevrolet/s-10/1998/extended-cab/st-10779/features-specs/
EU-CHEVROLET-S10-II-PICKUP-EXTCAB-4WD-1999-2000-01	5199	1725	1610	Edmunds 1999 Chevrolet S-10 Extended Cab LS 4WD specifications; Edmunds 2000 Chevrolet S-10 Extended Cab LS 4WD specifications	https://www.edmunds.com/chevrolet/s-10/1999/extended-cab/st-14652/features-specs/;https://www.edmunds.com/chevrolet/s-10/2000/extended-cab/st-1698/features-specs/
EU-CHEVROLET-S10-II-PICKUP-EXTCAB-4WD-2001-2002-01	5215	1725	1610	Edmunds 2001 Chevrolet S-10 Extended Cab Base 4WD specifications; Edmunds 2002 Chevrolet S-10 Extended Cab Base 4WD specifications	https://www.edmunds.com/chevrolet/s-10/2001/extended-cab/st-100000617/features-specs/;https://www.edmunds.com/chevrolet/s-10/2002/st-100002764/features-specs/
EU-CHEVROLET-S10-II-PICKUP-EXTCAB-ZR2-1998-01	5202	1725	1610	Edmunds 1998 Chevrolet S-10 Extended Cab ZR2 specifications	https://www.edmunds.com/chevrolet/s-10/1998/extended-cab/st-17430/features-specs/
EU-CHEVROLET-S10-II-PICKUP-EXTCAB-ZR2-2002-01	5215	1725	1687	Edmunds 2002 Chevrolet S-10 Extended Cab LS ZR2 specifications	https://www.edmunds.com/chevrolet/s-10/2002/extended-cab/st-100002838/features-specs/
EU-CHEVROLET-S10-II-PICKUP-EXTCAB-ZR2-1999-2000-01	5199	1826	1633	Edmunds 1999 Chevrolet S-10 Extended Cab LS Wide Stance specifications; Edmunds 2000 Chevrolet S-10 Extended Cab LS Wide Stance specifications	https://www.edmunds.com/chevrolet/s-10/1999/extended-cab/st-14654/features-specs/;https://www.edmunds.com/chevrolet/s-10/2000/extended-cab/st-1699/features-specs/
EU-CHEVROLET-S10-II-PICKUP-EXTCAB-ZR2-2001-01	5201	1725	1685	GM Heritage Archive 2001 Chevrolet S-10 vehicle information kit; Cars.com 2001 Chevrolet S-10 LS w/ZR2 specifications	https://news.chevrolet.com/content/dam/company/no_search/heritage-archive-docs/vehicle-information-kits/chevrolet/2001-Chevrolet-S-10.pdf;https://www.cars.com/research/chevrolet-s_10-2001/specs/5690/
EU-CHEVROLET-S10-II-PICKUP-REGCAB-2WD-SHORT-1994-01	4796	1725	1600	Edmunds 1994 Chevrolet S-10 Regular Cab Base 2WD short-bed specifications	https://www.edmunds.com/chevrolet/s-10/1994/regular-cab/st-12394/features-specs/
EU-CHEVROLET-S10-II-PICKUP-REGCAB-2WD-LONG-1994-01	5199	1725	1600	Edmunds 1994 Chevrolet S-10 Regular Cab 2WD long-bed specifications	https://www.edmunds.com/chevrolet/s-10/1994/regular-cab/features-specs/
EU-CHEVROLET-S10-II-PICKUP-REGCAB-2WD-SHORT-1997-01	4790	1725	1605	Edmunds 1997 Chevrolet S-10 Regular Cab Base 2WD short-bed specifications	https://www.edmunds.com/chevrolet/s-10/1997/regular-cab/features-specs/
EU-CHEVROLET-S10-II-PICKUP-REGCAB-2WD-LONG-1997-01	5197	1725	1605	Edmunds 1997 Chevrolet S-10 Regular Cab Base 2WD long-bed specifications	https://www.edmunds.com/chevrolet/s-10/1997/regular-cab/st-13580/features-specs/
EU-CHEVROLET-S10-II-PICKUP-REGCAB-2WD-SHORT-1998-1999-01	4829	1725	1575	Edmunds 1998 Chevrolet S-10 Regular Cab LS 2WD short-bed specifications; Edmunds 1999 Chevrolet S-10 Regular Cab Base 2WD short-bed specifications	https://www.edmunds.com/chevrolet/s-10/1998/regular-cab/st-10777/features-specs/;https://www.edmunds.com/chevrolet/s-10/1999/regular-cab/st-8149/features-specs/
EU-CHEVROLET-S10-II-PICKUP-REGCAB-2WD-LONG-1998-2000-01	5235	1725	1598	Edmunds 1998 Chevrolet S-10 Regular Cab 2WD long-bed specifications; Edmunds 2000 Chevrolet S-10 Regular Cab LS 2WD long-bed specifications	https://www.edmunds.com/chevrolet/s-10/1998/regular-cab/features-specs/;https://www.edmunds.com/chevrolet/s-10/2000/regular-cab/features-specs/
EU-CHEVROLET-S10-II-PICKUP-REGCAB-2WD-SHORT-2001-01	4829	1725	1577	Cars.com 2001 Chevrolet S-10 Regular Cab 108-inch wheelbase specifications	https://www.cars.com/research/chevrolet-s_10-2001/specs/
EU-CHEVROLET-S10-II-PICKUP-REGCAB-2WD-LONG-2001-2003-01	5232	1725	1598	Edmunds 2001 Chevrolet S-10 Regular Cab 2WD long-bed specifications; Edmunds 2003 Chevrolet S-10 Regular Cab RWD long-bed specifications	https://www.edmunds.com/chevrolet/s-10/2001/regular-cab/features-specs/;https://www.edmunds.com/chevrolet/s-10/2003/regular-cab/features-specs/
EU-CHEVROLET-S10-II-PICKUP-REGCAB-2WD-SHORT-2002-2003-01	4826	1725	1575	Edmunds 2002 Chevrolet S-10 Regular Cab Base 2WD short-bed specifications; Edmunds 2003 Chevrolet S-10 Regular Cab Base RWD short-bed specifications	https://www.edmunds.com/chevrolet/s-10/2002/regular-cab/st-100002768/features-specs/;https://www.edmunds.com/chevrolet/s-10/2003/regular-cab/st-100167029/features-specs/
EU-CHEVROLET-K2500-GMT400-PICKUP-EXTCAB-4WD-LONG-1996-01	6022	1951	1875	Edmunds 1996 Chevrolet C/K 2500 Extended Cab specifications	https://www.edmunds.com/chevrolet/ck-2500-series/1996/extended-cab/features-specs/
EU-CHEVROLET-K2500-GMT400-PICKUP-EXTCAB-4WD-LONG-1998-01	6030	1951	1930	Edmunds 1998 Chevrolet C/K 2500 HD Silverado Extended Cab 4WD Long Bed specifications	https://www.edmunds.com/chevrolet/ck-2500-series/1998/extended-cab/features-specs/
EU-CHEVROLET-K2500-GMT400-PICKUP-EXTCAB-4WD-LONG-2000-01	6030	1956	1930	Edmunds 2000 Chevrolet C/K 2500 Extended Cab 4WD Long Bed specifications	https://www.edmunds.com/chevrolet/ck-2500-series/2000/extended-cab/features-specs/
EU-CHEVROLET-K2500-GMT400-PICKUP-EXTCAB-4WD-SHORT-1999-01	5563	1956	1880	Cars.com 1999 Chevrolet Silverado 2500 HD Extended Cab 141.5-inch WB 4WD C6P specifications	https://www.cars.com/research/chevrolet-silverado_2500-1999/specs/106439/
EU-CHEVROLET-K2500-GMT400-PICKUP-EXTCAB-4WD-LONG-1999-01	6020	1956	1880	Cars.com 1999 Chevrolet Silverado 2500 HD Extended Cab 155.5-inch WB 4WD C6P specifications	https://www.cars.com/research/chevrolet-silverado_2500-1999/specs/106438/
EU-CHEVROLET-K2500-GMT400-PICKUP-EXTCAB-4WD-SHORT-1996-01	5537	1951	1925	AutoDetective 1996 Chevrolet C/K 2500 Extended Cab 6.5-ft Bed 4WD specifications; Edmunds 1996 C/K 2500 Extended Cab width-without-mirrors confirmation	https://www.autodetective.com/directory/1996/chevrolet/ck-2500/trim/ext-cab-65-ft-bed-4wd/;https://www.edmunds.com/chevrolet/ck-2500-series/1996/extended-cab/st-8729/features-specs/
EU-CHEVROLET-K2500-GMT400-PICKUP-EXTCAB-4WD-SHORT-1998-01	5550	1951	1872	AutoDetective 1998 Chevrolet C/K 2500 Extended Cab 6.5-ft Bed 4WD specifications; Edmunds 1998 C/K 2500 Extended Cab width-without-mirrors confirmation	https://www.autodetective.com/directory/1998/chevrolet/ck-2500/trim/ext-cab-65-ft-bed-4wd/;https://www.edmunds.com/chevrolet/ck-2500-series/1998/extended-cab/features-specs/
EU-CHEVROLET-K2500-GMT400-PICKUP-EXTCAB-4WD-SHORT-2000-01	5550	1956	1872	AutoDetective 2000 Chevrolet C/K 2500 Extended Cab Short Bed 4WD specifications; Edmunds 2000 C/K 2500 Extended Cab width-without-mirrors confirmation	https://www.autodetective.com/directory/2000/chevrolet/ck-2500/trim/ext-cab-short-bed-4wd/;https://www.edmunds.com/chevrolet/ck-2500-series/2000/extended-cab/st-8904/features-specs/
EU-CHEVROLET-MONZA-H-BODY-COUPE-2PLUS2-1977-1978-01	4554	1661	1275	Automobile-Catalog 1977 Chevrolet Monza 2+2 Hatchback Coupe 305 V-8 specifications; Auta5p 1978 Chevrolet Monza 2+2 Sport Coupe V8 305 specifications	https://www.automobile-catalog.com/car/1977/191570/chevrolet_monza_22_hatchback_coupe_305_v-8.html;https://auta5p.eu/lang/en/katalog/auto.php?idf=Chevrolet-Monza-2%2B2-Sport-Coupe-V8-305-29868
EU-CHEVROLET-SILVERADO1500-K2XX-PICKUP-CREWCAB-4WD-SHORT-01	5843	2032	1879	Chevrolet Product Information 2015 Silverado 1500 Crew Cab 4WD specifications; Edmunds 2015 Chevrolet Silverado 1500 Crew Cab 4WD short-box specifications	https://media.gm.com/dld/content/media/us/en/chevrolet/spec-tables/2015/1500-regular-cab/_jcr_content/par/sectioncontainer/par/download_0/file.res/15-PG-SILVERADO-1500-SPECS-082014.pdf;https://www.edmunds.com/chevrolet/silverado-1500/2015/crew-cab/features-specs/
EU-CHEVROLET-SILVERADO1500-K2XX-PICKUP-DOUBLECAB-4WD-STANDARD-01	5843	2032	1877	Chevrolet Product Information 2015 Silverado 1500 Double Cab 4WD specifications; Edmunds 2015 Chevrolet Silverado 1500 Double Cab 4WD specifications	https://media.gm.com/dld/content/media/us/en/chevrolet/spec-tables/2015/1500-regular-cab/_jcr_content/par/sectioncontainer/par/download_0/file.res/15-PG-SILVERADO-1500-SPECS-082014.pdf;https://www.edmunds.com/chevrolet/silverado-1500/2015/double-cab/features-specs/
EU-CHEVROLET-SILVERADO1500-K2XX-PICKUP-REGCAB-4WD-SHORT-01	5221	2032	1883	Chevrolet Product Information 2015 Silverado 1500 Regular Cab 4WD 6-foot-6-inch box specifications; Edmunds 2015 Chevrolet Silverado 1500 Regular Cab width-without-mirrors confirmation	https://media.gm.com/dld/content/media/us/en/chevrolet/spec-tables/2015/1500-regular-cab/_jcr_content/par/sectioncontainer/par/download_0/file.res/15-PG-SILVERADO-1500-SPECS-082014.pdf;https://www.edmunds.com/chevrolet/silverado-1500/2015/regular-cab/features-specs/
EU-CHEVROLET-SILVERADO1500-GMT900-PICKUP-CREWCAB-4WD-SHORT-01	5847	2032	1872	Edmunds 2011 Chevrolet Silverado 1500 Crew Cab LTZ 4WD short-bed specifications	https://www.edmunds.com/chevrolet/silverado-1500/2011/crew-cab/st-101341175/features-specs/
EU-CHEVROLET-SILVERADO1500-GMT900-PICKUP-CREWCAB-2WD-SHORT-01	5847	2032	1875	Edmunds 2011 Chevrolet Silverado 1500 Crew Cab LT 2WD short-bed specifications	https://www.edmunds.com/chevrolet/silverado-1500/2011/crew-cab/st-101341172/features-specs/
EU-CHEVROLET-SILVERADO1500-GMT900-PICKUP-CREWCAB-HYBRID-2WD-SHORT-01	5839	2032	1875	Edmunds 2009 Chevrolet Silverado 1500 Hybrid Crew Cab specifications	https://www.edmunds.com/chevrolet/silverado-1500-hybrid/2009/crew-cab/features-specs/
EU-CHEVROLET-SILVERADO1500-GMT900-PICKUP-EXTCAB-2WD-STANDARD-01	5847	2029	1877	Edmunds 2011 Chevrolet Silverado 1500 Extended Cab 2WD standard-bed specifications	https://www.edmunds.com/chevrolet/silverado-1500/2011/extended-cab/st-101341154/features-specs/
EU-CHEVROLET-SILVERADO1500-GMT900-PICKUP-EXTCAB-4WD-STANDARD-01	5847	2029	1872	Edmunds 2011 Chevrolet Silverado 1500 Extended Cab 4WD standard-bed specifications	https://www.edmunds.com/chevrolet/silverado-1500/2011/extended-cab/st-101341156/features-specs/
EU-CHEVROLET-SILVERADO2500-GMT800-PICKUP-REGCAB-RWD-LONG-1999-2004-01	5641	1994	1885	Edmunds 2004 Chevrolet Silverado 2500 Regular Cab RWD long-bed specifications	https://www.edmunds.com/chevrolet/silverado-2500/2004/regular-cab/st-100275367/features-specs/
EU-CHEVROLET-SILVERADO2500HD-GMT800-PICKUP-REGCAB-LONG-2001-2006-01	5641	2024	1935	Edmunds 2004 Chevrolet Silverado 2500HD Regular Cab RWD and 4WD long-bed specifications	https://www.edmunds.com/chevrolet/silverado-2500hd/2004/regular-cab/st-100275377/features-specs/;https://www.edmunds.com/chevrolet/silverado-2500hd/2004/regular-cab/st-100275380/features-specs/
EU-CHEVROLET-SILVERADO2500-GMT800-PICKUP-CREWCAB-RWD-STANDARD-2003-2004-01	6025	2024	1956	Edmunds 2004 Chevrolet Silverado 2500 Crew Cab RWD standard-bed specifications	https://www.edmunds.com/chevrolet/silverado-2500/2004/crew-cab/st-100275375/features-specs/
EU-CHEVROLET-SILVERADO2500-GMT800-PICKUP-CREWCAB-4WD-STANDARD-2003-2004-01	6025	2009	1963	Edmunds 2004 Chevrolet Silverado 2500 Crew Cab 4WD standard-bed specifications	https://www.edmunds.com/chevrolet/silverado-2500/2004/crew-cab/features-specs/
EU-CHEVROLET-SILVERADO2500HD-GMT800-PICKUP-EXTCAB-STANDARD-1999-2004-01	5784	2024	1935	Edmunds 2004 Chevrolet Silverado 2500HD Extended Cab RWD and 4WD standard-bed specifications	https://www.edmunds.com/chevrolet/silverado-2500hd/2004/extended-cab/st-100275383/features-specs/;https://www.edmunds.com/chevrolet/silverado-2500hd/2004/extended-cab/st-100275389/features-specs/
EU-CHEVROLET-SILVERADO2500HD-GMT900-PICKUP-CREWCAB-4WD-STANDARD-2008-2013-01	6101	2032	1989	Edmunds 2011 Chevrolet Silverado 2500HD Crew Cab 4WD standard-bed specifications	https://www.edmunds.com/chevrolet/silverado-2500hd/2011/crew-cab/features-specs/
EU-CHEVROLET-ORLANDO-I-MPV-01	4652	1836	1633	Chevrolet UK 2014 Orlando official brochure	https://xr793.com/wp-content/uploads/2022/10/2014-Chevrolet-Orlando-UK.pdf
EU-CHEVROLET-LACETTI-J200-HATCHBACK-01	4295	1725	1445	Swiss type approval 1CA647	https://typenscheinschweiz.ch/pdf/auto/1CA647
EU-CHEVROLET-LACETTI-NUBIRA-J200-SEDAN-01	4515	1725	1445	Swiss type approval 1CA668	https://typenscheinschweiz.ch/pdf/auto/1CA668
EU-CHEVROLET-LACETTI-NUBIRA-J200-WAGON-01	4580	1725	1460	Swiss type approval 1CA645; Chevrolet Lacetti official owner's manual	https://typenscheinschweiz.ch/pdf/auto/1CA645;https://chevrolet.dixi-car.pl/doc/Lacetti_J221E-75_PL.pdf
EU-CHEVROLET-HHR-I-WAGON-01	4475	1755	1603	Chevrolet 2006 HHR official brochure	https://xr793.com/wp-content/uploads/2017/07/2006-Chevrolet-HHR-CN.pdf
EU-CHEVROLET-EVANDA-I-SEDAN-01	4770	1815	1440	Automobile-Catalog Chevrolet Evanda 2.0 SX 2005	https://www.automobile-catalog.com/car/2005/557705/chevrolet_evanda_2_0_sx.html
EU-CHEVROLET-MALIBU-VIII-SEDAN-01	4865	1855	1465	Chevrolet Malibu 2012 official French brochure; Cataloge.eu Chevrolet Malibu technical data	https://autocatalogarchive.com/wp-content/uploads/2018/02/Chevrolet-Malibu-2012-FR.pdf;https://www.cataloge.eu/chevrolet/malibu-2011
EU-CHEVROLET-MATIZ-II-HATCHBACK-01	3495	1495	1500	Automobile-Catalog Chevrolet Matiz 1.0 SE 2005; ADAC Chevrolet Matiz II facelift technical data	https://www.automobile-catalog.com/car/2005/559490/chevrolet_matiz_1_0_se.html;https://www.adac.de/rund-ums-fahrzeug/autokatalog/marken-modelle/chevrolet/matiz/2generation-facelift/341316/
EU-CHEVROLET-REZZO-I-MPV-01	4350	1755	1580	Automobile-Catalog Chevrolet Rezzo-Tacuma 1.6 SX 2005	https://www.automobile-catalog.com/car/2005/557885/chevrolet_rezzo-tacuma_1_6_sx.html
EU-CHEVROLET-IMPALA-VIII-SEDAN-01	5081	1853	1456	General Motors of Canada 2004 Chevrolet Impala official brochure	https://xr793.com/wp-content/uploads/2019/12/2004-Chevrolet-Impala-CN.pdf
EU-CHEVROLET-LUMINA-APV-I-MPV-PREFL-01	4933	1878	1670	GM Heritage Archive 1993 Chevrolet Lumina APV vehicle information kit	https://www.gm.com/content/dam/company/no_search/heritage-archive-docs/vehicle-information-kits/chevrolet/1993-Chevrolet-LuminaAPV.pdf
EU-CHEVROLET-LUMINA-APV-I-MPV-FACELIFT-01	4863	1878	1670	GM Heritage Archive 1995 Chevrolet Lumina APV vehicle information kit	https://www.gm.com/content/dam/company/no_search/heritage-archive-docs/vehicle-information-kits/chevrolet/1995-Chevrolet-LuminaAPV.pdf
EU-CHEVROLET-EXPRESS-GMT610-VAN-SWB-01	5692	2017	2073	Edmunds 2004 Chevrolet Express Cargo 2500 specifications; Edmunds 2004 Chevrolet Express Cargo 3500 specifications	https://www.edmunds.com/chevrolet/express-cargo/2004/st-100274054/features-specs/;https://www.edmunds.com/chevrolet/express-cargo/2004/st-100274057/features-specs/
EU-CHEVROLET-EXPRESS-GMT610-VAN-LWB-01	6200	2017	2083	Edmunds 2004 Chevrolet Express Cargo 2500 extended specifications; Edmunds 2009 Chevrolet Express Cargo 3500 extended specifications	https://www.edmunds.com/chevrolet/express-cargo/2004/st-100274056/features-specs/;https://www.edmunds.com/chevrolet/express-cargo/2009/van/st-101068175/features-specs/
EU-CHEVROLET-G20-G-SERIES-III-VAN-LWB-01	5192	2019	2024	Edmunds 1995 Chevrolet Chevy Van G20 specifications	https://www.edmunds.com/chevrolet/chevy-van/1995/st-11929/features-specs/
EU-CHEVROLET-EXPRESS-GMT610-VAN-LWB-02	6200	2012	2083	Edmunds 2013 Chevrolet Express Cargo 2500 extended specifications	https://www.edmunds.com/chevrolet/express-cargo/2013/st-200462769/features-specs/
EU-CHEVROLET-EXPRESS-GMT610-VAN-LWB-03	6200	2012	2141	GM Upfitter 2015 Express Cargo Van official specification guide; Edmunds 2014 Chevrolet Express Cargo 2500 extended specifications	https://www.gmupfitter.com/wp-content/uploads/2021/05/2015_express_cargo_specification_guide_4_10.pdf;https://www.edmunds.com/chevrolet/express-cargo/2014/st-200473172/features-specs/
EU-CHEVROLET-EXPRESS-GMT610-VAN-SWB-02	5692	2012	2149	GM Upfitter 2015 Express Cargo Van official specification guide	https://www.gmupfitter.com/wp-content/uploads/2021/05/2015_express_cargo_specification_guide_4_10.pdf
EU-CHEVROLET-EXPRESS-GMT610-VAN-SWB-03	5692	2012	2146	GM Upfitter 2015 Express Cargo Van official specification guide	https://www.gmupfitter.com/wp-content/uploads/2021/05/2015_express_cargo_specification_guide_4_10.pdf
EU-CHEVROLET-IMPALA-V-SEDAN-01	5662	2019	1382	Automobile-Catalog 1976 Chevrolet Impala 4-Door Sedan specifications	https://www.automobile-catalog.com/car/1976/207800/chevrolet_impala_4-door_sedan_350_v-8-2_turbo-fire_hydra-matic.html
EU-CHEVROLET-IMPALA-VI-SEDAN-01	5387	1918	1422	Automobile-Catalog 1977 Chevrolet Impala Sedan specifications	https://www.automobile-catalog.com/car/1977/207965/chevrolet_impala_sedan_305_v-8_hydra-matic.html
EU-CHEVROLET-MALIBU-III-SEDAN-01	4895	1816	1377	Automobile-Catalog 1978 Chevrolet Malibu Sedan specifications; Automobile-Catalog 1980 Chevrolet Malibu Sedan specifications	https://www.automobile-catalog.com/car/1978/201185/chevrolet_malibu_sedan_305_v-8_automatic.html;https://www.automobile-catalog.com/car/1980/203015/chevrolet_malibu_sedan_5_0l_v-8_automatic.html
EU-CHEVROLET-MONTE-CARLO-III-COUPE-01	5090	1816	1369	Automobile-Catalog 1979 Chevrolet Monte Carlo specifications	https://www.automobile-catalog.com/car/1979/204920/chevrolet_monte_carlo_5_0l_v-8_automatic.html
EU-CHEVROLET-MONTE-CARLO-II-COUPE-1974-01	5403	1971	1339	Automobile-Catalog 1974 Chevrolet Monte Carlo specifications	https://www.automobile-catalog.com/car/1974/113795/chevrolet_monte_carlo_350_v-8_turbo-fire.html
EU-CHEVROLET-MONTE-CARLO-II-COUPE-1975-01	5418	1971	1339	Automobile-Catalog 1975 Chevrolet Monte Carlo specifications	https://www.automobile-catalog.com/car/1975/113960/chevrolet_monte_carlo_400_v-8_turbo-jet_hydra-matic.html
EU-CHEVROLET-MONTE-CARLO-II-COUPE-1976-01	5403	1971	1339	Automobile-Catalog 1976 Chevrolet Monte Carlo specifications	https://www.automobile-catalog.com/car/1976/204485/chevrolet_monte_carlo_s_400-4_v-8_turbo-jet_hydra-matic.html
EU-CHEVROLET-NOVA-IV-COUPE-01	4996	1834	1339	Automobile-Catalog 1977 Chevrolet Nova Coupe specifications; Automobile-Catalog 1979 Chevrolet Nova Coupe specifications	https://www.automobile-catalog.com/car/1977/196370/chevrolet_nova_2-door_coupe_350-4_v-8_4-speed.html;https://www.automobile-catalog.com/car/1979/198305/chevrolet_nova_2-door_coupe_5_0l_v-8_4-speed.html
EU-CHEVROLET-NOVA-IV-SEDAN-01	4996	1834	1361	Automobile-Catalog 1977 Chevrolet Nova Sedan specifications; Automobile-Catalog 1979 Chevrolet Nova Sedan specifications	https://www.automobile-catalog.com/car/1977/196730/chevrolet_nova_4-door_sedan_350-4_v-8_4-speed.html;https://www.automobile-catalog.com/car/1979/198590/chevrolet_nova_4-door_sedan_5_0l_v-8_automatic.html
EU-CHEVROLET-IMPALA-VII-SEDAN-01	5438	1956	1415	Chevrolet 1994 Impala SS official specifications; Edmunds 1994 Chevrolet Impala SS specifications	https://news.chevrolet.com/content/dam/company/no_search/heritage-archive-docs/vehicle-information-kits/chevrolet/1994-Chevrolet-Impala.pdf;https://www.edmunds.com/chevrolet/impala/1994/st-13291/features-specs/
EU-CHEVROLET-MALIBU-III-COUPE-01	4895	1816	1354	Chevrolet 1980 Malibu official brochure; Automobile-Catalog 1980 Chevrolet Malibu Classic Sport Coupe 5.0 V8	https://xr793.com/wp-content/uploads/2023/08/1980-Chevrolet-Malibu-CN.pdf;https://www.automobile-catalog.com/car/1980/202760/chevrolet_malibu_classic_sport_coupe_5_0l_v-8_4-speed.html
EU-CHEVROLET-S10-II-PICKUP-CREWCAB-01	5215	1725	1610	Edmunds 2003 Chevrolet S-10 Crew Cab specifications; Edmunds 2004 Chevrolet S-10 Crew Cab specifications	https://www.edmunds.com/chevrolet/s-10/2003/crew-cab/features-specs/;https://www.edmunds.com/chevrolet/s-10/2004/crew-cab/st-100275052/features-specs/
EU-CHEVROLET-S10-II-PICKUP-REGCAB-4WD-SHORT-01	4790	1725	1621	GM Heritage Archive 1996 Chevrolet S-10 vehicle information kit; Edmunds 1996 Chevrolet S-10 Regular Cab 4WD short-box specifications	https://www.gm.com/content/dam/company/no_search/heritage-archive-docs/vehicle-information-kits/chevrolet/1996-Chevrolet-S-10.pdf;https://www.edmunds.com/chevrolet/s-10/1996/st-12870/features-specs/
EU-CHEVROLET-S10-II-PICKUP-REGCAB-4WD-LONG-01	5197	1725	1661	GM Heritage Archive 1996 Chevrolet S-10 vehicle information kit; Edmunds 1996 Chevrolet S-10 Regular Cab 4WD long-box specifications	https://www.gm.com/content/dam/company/no_search/heritage-archive-docs/vehicle-information-kits/chevrolet/1996-Chevrolet-S-10.pdf;https://www.edmunds.com/chevrolet/s-10/1996/regular-cab/features-specs/
EU-CHEVROLET-S10-II-PICKUP-REGCAB-ZR2-PREFL-01	4790	1826	1697	GM Heritage Archive 1996 Chevrolet S-10 vehicle information kit; Edmunds 1998 Chevrolet S-10 Regular Cab ZR2 specifications	https://news.chevrolet.com/content/dam/company/no_search/heritage-archive-docs/vehicle-information-kits/chevrolet/1996-Chevrolet-S-10.pdf;https://www.edmunds.com/chevrolet/s-10/1998/regular-cab/st-17432/features-specs/
EU-CHEVROLET-S10-II-PICKUP-EXTCAB-2WD-1994-01	5166	1725	1572	Edmunds 1994 Chevrolet S-10 Extended Cab 2WD specifications	https://www.edmunds.com/chevrolet/s-10/1994/extended-cab/features-specs/
EU-CHEVROLET-S10-II-PICKUP-EXTCAB-2WD-1995-01	5164	1725	1572	Edmunds 1995 Chevrolet S-10 Extended Cab 2WD specifications	https://www.edmunds.com/chevrolet/s-10/1995/extended-cab/features-specs/
EU-CHEVROLET-S10-II-PICKUP-EXTCAB-2WD-1997-01	5164	1725	1608	Edmunds 1997 Chevrolet S-10 Extended Cab 2WD specifications	https://www.edmunds.com/chevrolet/s-10/1997/extended-cab/st-11243/features-specs/
EU-CHEVROLET-S10-II-PICKUP-EXTCAB-2WD-1998-01	5202	1725	1593	Edmunds 1998 Chevrolet S-10 Extended Cab 2WD specifications	https://www.edmunds.com/chevrolet/s-10/1998/extended-cab/features-specs/
EU-CHEVROLET-S10-II-PICKUP-EXTCAB-2WD-1999-2000-01	5199	1725	1593	Edmunds 1999 Chevrolet S-10 Extended Cab 2WD specifications; Edmunds 2000 Chevrolet S-10 Extended Cab 2WD specifications	https://www.edmunds.com/chevrolet/s-10/1999/extended-cab/st-8034/features-specs/;https://www.edmunds.com/chevrolet/s-10/2000/extended-cab/features-specs/
EU-CHEVROLET-S10-II-PICKUP-EXTCAB-2WD-2001-2003-01	5215	1725	1593	Edmunds 2001 Chevrolet S-10 Extended Cab 2WD specifications; Edmunds 2002 Chevrolet S-10 Extended Cab 2WD specifications; Edmunds 2003 Chevrolet S-10 LS ZQ8 specifications	https://www.edmunds.com/chevrolet/s-10/2001/extended-cab/features-specs/;https://www.edmunds.com/chevrolet/s-10/2002/extended-cab/st-100002836/features-specs/;https://www.edmunds.com/chevrolet/s-10/2003/st-100167037/features-specs/
EU-CHEVROLET-S10-II-PICKUP-EXTCAB-2WD-1996-01	5164	1725	1572	Auto123 1996 Chevrolet S-10 LS 2WD Extended Cab technical specifications; GM Heritage Archive 1996 Chevrolet S-10 vehicle information kit	https://www.auto123.com/en/new-cars/technical-specs/chevrolet/s-10/1996/2wd-extended-cab/ls/;https://news.chevrolet.com/content/dam/company/no_search/heritage-archive-docs/vehicle-information-kits/chevrolet/1996-Chevrolet-S-10.pdf
EU-CHEVROLET-S10-II-PICKUP-REGCAB-4WD-SHORT-1998-01	4790	1725	1623	GM Heritage Archive 1998 Chevrolet S-10 vehicle information kit	https://www.gm.com/content/dam/company/no_search/heritage-archive-docs/vehicle-information-kits/chevrolet/1998-Chevrolet-S-10.pdf
EU-CHEVROLET-S10-II-PICKUP-REGCAB-4WD-LONG-1998-01	5197	1725	1651	GM Heritage Archive 1998 Chevrolet S-10 vehicle information kit	https://www.gm.com/content/dam/company/no_search/heritage-archive-docs/vehicle-information-kits/chevrolet/1998-Chevrolet-S-10.pdf
EU-CHEVROLET-S10-II-PICKUP-REGCAB-4WD-SHORT-1999-01	4829	1725	1610	GM Heritage Archive 1999 Chevrolet S-10 product information guide	https://www.gm.com/content/dam/company/no_search/heritage-archive-docs/vehicle-information-kits/chevrolet/1999-Chevrolet-S-10.pdf
EU-CHEVROLET-S10-II-PICKUP-REGCAB-4WD-LONG-1999-01	5235	1725	1636	GM Heritage Archive 1999 Chevrolet S-10 product information guide	https://www.gm.com/content/dam/company/no_search/heritage-archive-docs/vehicle-information-kits/chevrolet/1999-Chevrolet-S-10.pdf
EU-CHEVROLET-S10-II-PICKUP-REGCAB-ZR2-1999-01	4829	1828	1633	GM Heritage Archive 1999 Chevrolet S-10 product information guide	https://www.gm.com/content/dam/company/no_search/heritage-archive-docs/vehicle-information-kits/chevrolet/1999-Chevrolet-S-10.pdf
EU-CHEVROLET-S10-II-PICKUP-REGCAB-ZR2-1998-01	4829	1826	1633	Edmunds 1998 Chevrolet S-10 Regular Cab ZR2 specifications	https://www.edmunds.com/chevrolet/s-10/1998/regular-cab/st-17432/features-specs/
EU-CHEVROLET-S10-II-PICKUP-REGCAB-4WD-SHORT-2000-01	4829	1725	1610	Edmunds 2000 Chevrolet S-10 Regular Cab LS 4WD specifications; Cars.com 2000 Chevrolet S-10 trim configurations	https://www.edmunds.com/chevrolet/s-10/2000/regular-cab/st-18703/features-specs/;https://www.cars.com/research/chevrolet-s_10-2000/trims/
EU-CHEVROLET-K2500-GMT400-PICKUP-CREWCAB-SHORT-1999-01	5890	1956	1890	Edmunds 1999 Chevrolet C/K 2500 Crew Cab 4WD Short Bed specifications; Carweek 1999 Chevrolet C/K 2500 trim comparison	https://www.edmunds.com/chevrolet/ck-2500-series/1999/crew-cab/features-specs/;https://www.carweek.com/research/chevrolet/c-k-2500-series/1999/compare
EU-CHEVROLET-K2500-GMT400-PICKUP-CREWCAB-SHORT-2000-01	5890	1956	1892	Edmunds 2000 Chevrolet C/K 2500 Crew Cab 4WD Short Bed specifications	https://www.edmunds.com/chevrolet/ck-2500-series/2000/features-specs/
EU-CHEVROLET-K2500-GMT400-PICKUP-REGCAB-4WD-LONG-1996-01	5413	1951	1875	Edmunds 1996 Chevrolet C/K 2500 Silverado Regular Cab 4WD Long Bed specifications	https://www.edmunds.com/chevrolet/ck-2500-series/1996/regular-cab/st-7057/features-specs/
EU-CHEVROLET-K2500-GMT400-PICKUP-REGCAB-4WD-LONG-1997-01	5420	1951	1808	Edmunds 1997 Chevrolet C/K 2500 HD Cheyenne Regular Cab 4WD Long Bed specifications	https://www.edmunds.com/chevrolet/ck-2500-series/1997/regular-cab/features-specs/
EU-CHEVROLET-K2500-GMT400-PICKUP-REGCAB-4WD-LONG-1998-01	5537	1951	1808	Edmunds 1998 Chevrolet C/K 2500 HD Cheyenne Regular Cab 4WD Long Bed specifications	https://www.edmunds.com/chevrolet/ck-2500-series/1998/st-14045/features-specs/
EU-CHEVROLET-K2500-GMT400-PICKUP-REGCAB-4WD-LONG-2000-01	5413	1956	1808	Edmunds 2000 Chevrolet C/K 2500 Regular Cab 4WD Long Bed specifications	https://www.edmunds.com/chevrolet/ck-2500-series/2000/regular-cab/features-specs/
EU-CHEVROLET-K2500-GMT400-PICKUP-REGCAB-4WD-LONG-1999-01	5410	1956	1930	Cars.com 1999 Chevrolet Silverado 2500 HD Regular Cab 131.5-inch WB 4WD C6P specifications	https://www.cars.com/research/chevrolet-silverado_2500-1999/specs/106437/
