id	Ktype	NormalizedBodyStyle	Generation	BodyCode	Doors	DIMENSION_GROUP_ID	MatchConfidence	Notes	IterationStatus
119943	119943	SUV	EcoSport II		5	EU-FORD-ECOSPORT-II-SUV-01	MEDIUM	五门SUV物理外廓。	READY
119944	119944	Wagon	V90 II	235	5	EU-VOLVO-V90-II-WAGON-01	HIGH	235旅行车物理外廓。	READY
119945	119945	Wagon	V90 II	235	5	EU-VOLVO-V90-II-WAGON-01	HIGH	235旅行车物理外廓。	READY
119946	119946	Wagon	V90 II	235	5	EU-VOLVO-V90-II-WAGON-01	HIGH	235旅行车物理外廓。	READY
119947	119947	Wagon	V90 II	235	5	EU-VOLVO-V90-II-WAGON-01	HIGH	235旅行车物理外廓。	READY
119948	119948	Wagon	V90 II	235	5	EU-VOLVO-V90-II-WAGON-01	HIGH	235旅行车物理外廓。	READY
119949	119949	Sedan	S90 II	234	4	EU-VOLVO-S90-II-SEDAN-01	HIGH	234四门轿车外廓。	READY
119950	119950	Sedan	S90 II	234	4	EU-VOLVO-S90-II-SEDAN-01	HIGH	234四门轿车外廓。	READY
119951	119951	Sedan	S90 II	234	4	EU-VOLVO-S90-II-SEDAN-01	HIGH	234四门轿车外廓。	READY
119958	119958	Sedan	Giulia 952	952	4	EU-ALFA-ROMEO-GIULIA-952-SEDAN-01	HIGH	952四门轿车物理外廓。	READY
119959	119959	Sedan	Giulia 952	952	4	EU-ALFA-ROMEO-GIULIA-952-SEDAN-01	HIGH	952四门轿车物理外廓。	READY
119960	119960	SUV	Q2 GA pre-facelift	GA	5	EU-AUDI-Q2-GA-SUV-PREFL-01	HIGH	GA前期型五门外廓。	READY
119962	119962	SUV	Q2 GA pre-facelift	GA	5	EU-AUDI-Q2-GA-SUV-PREFL-01	HIGH	GA前期型五门外廓。	READY
119964	119964	SUV	Q2 GA pre-facelift	GA	5	EU-AUDI-Q2-GA-SUV-PREFL-01	HIGH	GA前期型五门外廓。	READY
119965	119965	SUV	Q2 GA pre-facelift	GA	5	EU-AUDI-Q2-GA-SUV-PREFL-01	HIGH	GA前期型五门外廓。	READY
119966	119966	SUV	Q2 GA pre-facelift	GA	5	EU-AUDI-Q2-GA-SUV-PREFL-01	HIGH	GA前期型五门外廓。	READY
119967	119967	SUV	Q2 GA pre-facelift	GA	5	EU-AUDI-Q2-GA-SUV-PREFL-01	HIGH	GA前期型五门外廓。	READY
119968	119968	MPV	C4 Picasso II facelift		5	EU-CITROEN-C4-PICASSO-II-MPV-FACELIFT-01	HIGH	改款后五门短轴C4 Picasso外廓。	READY
119981	119981	Coupe	Fortwo III	C453	2	EU-SMART-FORTWO-III-COUPE-01	HIGH	C453双门硬顶外廓。	READY
119983	119983	Hatchback	Forfour II	W453	5	EU-SMART-FORFOUR-II-HATCHBACK-01	HIGH	W453五门掀背外廓。	READY
119985	119985	Convertible	Fortwo III	A453	2	EU-SMART-FORTWO-III-CONVERTIBLE-01	HIGH	A453双门敞篷外廓。	READY
120007	120007	Van	Highway Van (Trajet FO)	FO	5	EU-HYUNDAI-HIGHWAY-VAN-FO-VAN-PREFL-01	HIGH	Trajet FO前期型商用Van外廓。	READY
120008	120008	Van	Highway Van (Trajet FO)	FO	5	EU-HYUNDAI-HIGHWAY-VAN-FO-VAN-PREFL-01	HIGH	Trajet FO前期型商用Van外廓。	READY
120019	120019	Sedan	Sonata VI (YF)	YF	4	EU-HYUNDAI-SONATA-VI-YF-SEDAN-01	MEDIUM	YF四门混合动力轿车外廓。	READY
120075_compact	120075	Van	Expert III	K0		EU-PEUGEOT-EXPERT-III-VAN-COMPACT-01	HIGH	Compact普通载荷货车外廓。	READY
120075_standard	120075	Van	Expert III	K0		EU-PEUGEOT-EXPERT-III-VAN-STANDARD-01	HIGH	Standard普通载荷货车外廓。	READY
120075_long	120075	Van	Expert III	K0		EU-PEUGEOT-EXPERT-III-VAN-LONG-HIGH-01	HIGH	Long高载荷货车外廓。	READY
120076_compact	120076	Van	Expert III	K0		EU-PEUGEOT-EXPERT-III-VAN-COMPACT-01	HIGH	Compact普通载荷货车外廓。	READY
120076_standard	120076	Van	Expert III	K0		EU-PEUGEOT-EXPERT-III-VAN-STANDARD-01	HIGH	Standard普通载荷货车外廓。	READY
120077_compact	120077	Van	Expert III	K0		EU-PEUGEOT-EXPERT-III-VAN-COMPACT-HIGH-01	HIGH	Compact高载荷货车外廓。	READY
120077_standard	120077	Van	Expert III	K0		EU-PEUGEOT-EXPERT-III-VAN-STANDARD-HIGH-01	HIGH	Standard高载荷货车外廓。	READY
120077_long	120077	Van	Expert III	K0		EU-PEUGEOT-EXPERT-III-VAN-LONG-HIGH-01	HIGH	Long高载荷货车外廓。	READY
120078_compact	120078	Van	Expert III	K0		EU-PEUGEOT-EXPERT-III-VAN-COMPACT-HIGH-01	HIGH	Compact高载荷货车外廓。	READY
120078_standard	120078	Van	Expert III	K0		EU-PEUGEOT-EXPERT-III-VAN-STANDARD-HIGH-01	HIGH	Standard高载荷货车外廓。	READY
120078_long	120078	Van	Expert III	K0		EU-PEUGEOT-EXPERT-III-VAN-LONG-HIGH-01	HIGH	Long高载荷货车外廓。	READY
120079_compact	120079	Van	Expert III	K0		EU-PEUGEOT-EXPERT-III-VAN-COMPACT-HIGH-01	HIGH	Compact高载荷货车外廓。	READY
120079_standard	120079	Van	Expert III	K0		EU-PEUGEOT-EXPERT-III-VAN-STANDARD-HIGH-01	HIGH	Standard高载荷货车外廓。	READY
120079_long	120079	Van	Expert III	K0		EU-PEUGEOT-EXPERT-III-VAN-LONG-HIGH-01	HIGH	Long高载荷货车外廓。	READY
120080	120080	Hatchback	595 facelift 2016		3	EU-ABARTH-595-FACELIFT-2016-HATCHBACK-01	HIGH	输入500对应2016改款595三门掀背外廓。	READY
120081	120081	Hatchback	595 facelift 2016		3	EU-ABARTH-595-FACELIFT-2016-HATCHBACK-01	HIGH	输入500对应2016改款595三门掀背外廓。	READY
120121	120121	Convertible	C-Class A205	A205	2	EU-MERCEDES-BENZ-C-CLASS-A205-CONVERTIBLE-01	HIGH	A205普通敞篷外廓。	READY
120122	120122	Convertible	C-Class A205	A205	2	EU-MERCEDES-BENZ-C-CLASS-A205-CONVERTIBLE-01	HIGH	A205普通敞篷外廓。	READY
120123	120123	Convertible	C-Class A205	A205	2	EU-MERCEDES-BENZ-C-CLASS-A205-CONVERTIBLE-01	HIGH	A205普通敞篷外廓。	READY
120124	120124	Convertible	C-Class A205	A205	2	EU-MERCEDES-BENZ-C-CLASS-A205-CONVERTIBLE-01	HIGH	A205普通敞篷外廓。	READY
120125	120125	Convertible	C-Class A205	A205	2	EU-MERCEDES-BENZ-C-CLASS-A205-CONVERTIBLE-01	HIGH	A205普通敞篷外廓。	READY
120126	120126	Convertible	C-Class A205	A205	2	EU-MERCEDES-BENZ-C-CLASS-A205-CONVERTIBLE-01	HIGH	A205普通敞篷外廓。	READY
120127	120127	Convertible	C-Class A205	A205	2	EU-MERCEDES-BENZ-C-CLASS-A205-CONVERTIBLE-C43-01	HIGH	A205 AMG C43外廓。	READY
120128_prefl	120128	Convertible	C-Class A205 pre-facelift	A205	2	EU-MERCEDES-BENZ-C-CLASS-A205-CONVERTIBLE-C63-PREFL-01	HIGH	C63改款前外廓。	READY
120128_facelift	120128	Convertible	C-Class A205 facelift	A205	2	EU-MERCEDES-BENZ-C-CLASS-A205-CONVERTIBLE-AMG-V8-FACELIFT-01	HIGH	C63改款后外廓。	READY
120129_prefl	120129	Convertible	C-Class A205 pre-facelift	A205	2	EU-MERCEDES-BENZ-C-CLASS-A205-CONVERTIBLE-C63S-PREFL-01	HIGH	C63 S改款前外廓。	READY
120129_facelift	120129	Convertible	C-Class A205 facelift	A205	2	EU-MERCEDES-BENZ-C-CLASS-A205-CONVERTIBLE-AMG-V8-FACELIFT-01	HIGH	C63 S改款后外廓。	READY
120130	120130	Convertible	C-Class A205	A205	2	EU-MERCEDES-BENZ-C-CLASS-A205-CONVERTIBLE-01	HIGH	A205普通敞篷外廓。	READY
120131	120131	Convertible	C-Class A205	A205	2	EU-MERCEDES-BENZ-C-CLASS-A205-CONVERTIBLE-01	HIGH	A205普通敞篷外廓。	READY
120132	120132	Convertible	C-Class A205	A205	2	EU-MERCEDES-BENZ-C-CLASS-A205-CONVERTIBLE-01	HIGH	A205普通敞篷外廓。	READY
120133	120133	Coupe	Centenario		2	EU-LAMBORGHINI-CENTENARIO-COUPE-01	HIGH	双门Coupe物理外廓。	READY
120177	120177	Convertible	Aventador LP750-4 SV Roadster		2	EU-LAMBORGHINI-AVENTADOR-LP750-SV-ROADSTER-01	MEDIUM	双门可拆卸车顶Roadster外廓。	READY
120178	120178	MPV	Sharan II facelift	7N	5	EU-VOLKSWAGEN-SHARAN-II-MPV-FACELIFT-01	HIGH	7N改款五门MPV外廓。	READY
120179	120179	MPV	Alhambra II facelift	7N	5	EU-SEAT-ALHAMBRA-II-MPV-FACELIFT-01	HIGH	7N改款五门MPV外廓。	READY
120193	120193	Hatchback	Golf VII GTI Clubsport S		3	EU-VOLKSWAGEN-GOLF-VII-GTI-CLUBSPORT-S-HATCHBACK-01	HIGH	三门Clubsport S物理外廓。	READY
120195	120195	Pickup	Amarok I facelift		4	EU-VOLKSWAGEN-AMAROK-I-PICKUP-DOUBLE-CAB-FACELIFT-01	HIGH	四门Double Cab物理外廓。	READY
120206_prefl	120206	Hatchback	Octavia III pre-facelift	5E	5	EU-SKODA-OCTAVIA-III-HATCHBACK-PREFL-01	HIGH	5E五门掀背改款前外廓。	READY
120206_facelift	120206	Hatchback	Octavia III facelift	5E	5	EU-SKODA-OCTAVIA-III-HATCHBACK-FACELIFT-01	HIGH	5E五门掀背改款后外廓。	READY
120207_prefl	120207	Wagon	Octavia III Combi pre-facelift	5E	5	EU-SKODA-OCTAVIA-III-WAGON-PREFL-01	HIGH	5E五门旅行车改款前外廓。	READY
120207_facelift	120207	Wagon	Octavia III Combi facelift	5E	5	EU-SKODA-OCTAVIA-III-WAGON-FACELIFT-01	HIGH	5E五门旅行车改款后外廓。	READY
120208	120208	MPV	Touran II	5T	5	EU-VOLKSWAGEN-TOURAN-II-MPV-01	HIGH	5T五门MPV外廓。	READY
120209	120209	SUV	Tiguan II pre-facelift		5	EU-VOLKSWAGEN-TIGUAN-II-SUV-PREFL-4MOTION-01	HIGH	1.4 TSI 4MOTION前期型外廓。	READY
120210	120210	SUV	Tiguan II pre-facelift		5	EU-VOLKSWAGEN-TIGUAN-II-SUV-PREFL-FWD-01	HIGH	前驱五门前期型SUV外廓。	READY
120212_standard_normal	120212	Van	Sprinter II (906)	906.653		EU-MERCEDES-BENZ-SPRINTER-906-VAN-STANDARD-NORMALROOF-01	HIGH	标准轴距普通顶外廓。	READY
120212_standard_high	120212	Van	Sprinter II (906)	906.653		EU-MERCEDES-BENZ-SPRINTER-906-VAN-STANDARD-HIGHROOF-01	HIGH	标准轴距高顶外廓。	READY
120212_standard_superhigh	120212	Van	Sprinter II (906)	906.653		EU-MERCEDES-BENZ-SPRINTER-906-VAN-STANDARD-SUPERHIGHROOF-01	HIGH	标准轴距超高顶外廓。	READY
120212_long_high	120212	Van	Sprinter II (906)	906.655		EU-MERCEDES-BENZ-SPRINTER-906-VAN-LONG-HIGHROOF-01	HIGH	长轴距高顶外廓。	READY
120212_long_superhigh	120212	Van	Sprinter II (906)	906.655		EU-MERCEDES-BENZ-SPRINTER-906-VAN-LONG-SUPERHIGHROOF-01	HIGH	长轴距超高顶外廓。	READY
120212_extralong_high	120212	Van	Sprinter II (906)	906.657		EU-MERCEDES-BENZ-SPRINTER-906-VAN-EXTRALONG-HIGHROOF-01	HIGH	加长后悬高顶外廓。	READY
120212_extralong_superhigh	120212	Van	Sprinter II (906)	906.657		EU-MERCEDES-BENZ-SPRINTER-906-VAN-EXTRALONG-SUPERHIGHROOF-01	HIGH	加长后悬超高顶外廓。	READY
120213	120213	Sedan	Giulia 952	952	4	EU-ALFA-ROMEO-GIULIA-952-SEDAN-01	HIGH	952四门轿车物理外廓。	READY
120218	120218	Hatchback	Jazz I (GD)		5	EU-HONDA-JAZZ-I-GD-HATCHBACK-01	MEDIUM	生产年月与功率对应GD五门外廓。	READY
120222_van_l1h1	120222	Van	Combo D	X12		EU-OPEL-COMBO-D-X12-BODY-L1H1-01	MEDIUM	L1H1短轴低顶货车外廓。	READY
120222_mpv_l1h1	120222	MPV	Combo D	X12		EU-OPEL-COMBO-D-X12-BODY-L1H1-01	MEDIUM	L1H1短轴低顶乘用车身外廓。	READY
120222_van_l2h1	120222	Van	Combo D	X12		EU-OPEL-COMBO-D-X12-BODY-L2H1-01	MEDIUM	L2H1长轴低顶货车外廓。	READY
120222_mpv_l2h1	120222	MPV	Combo D	X12		EU-OPEL-COMBO-D-X12-BODY-L2H1-01	MEDIUM	L2H1长轴低顶乘用车身外廓。	READY
120226	120226	Hatchback	1 Series F21 LCI	F21	3	EU-BMW-1-F21-HATCHBACK-3D-01	HIGH	F21三门普通外廓。	READY
120228	120228	Hatchback	MiTo 955	955	3	EU-ALFA-ROMEO-MITO-955-HATCHBACK-01	MEDIUM	955三门BiFuel外廓。	READY
120229	120229	Hatchback	1 Series F21 LCI	F21	3	EU-BMW-1-F21-HATCHBACK-3D-01	HIGH	F21三门普通外廓。	READY
120235	120235	Hatchback	1 Series F21 LCI	F21	3	EU-BMW-1-F21-HATCHBACK-3D-M140-01	HIGH	F21三门M140i外廓。	READY
120236	120236	Hatchback	1 Series F21 LCI	F21	3	EU-BMW-1-F21-HATCHBACK-3D-M140-01	HIGH	F21三门M140i外廓。	READY
120237_l1h1	120237	Van	Trafic III	X82		EU-RENAULT-TRAFIC-III-X82-VAN-L1H1-01	HIGH	L1H1短轴低顶货车外廓。	READY
120237_l2h1	120237	Van	Trafic III	X82		EU-RENAULT-TRAFIC-III-X82-VAN-L2H1-01	HIGH	L2H1长轴低顶货车外廓。	READY
120239_l1h1	120239	Van	Trafic III	X82		EU-RENAULT-TRAFIC-III-X82-VAN-L1H1-01	HIGH	L1H1短轴低顶货车外廓。	READY
120239_l2h1	120239	Van	Trafic III	X82		EU-RENAULT-TRAFIC-III-X82-VAN-L2H1-01	HIGH	L2H1长轴低顶货车外廓。	READY
120239_l1h2	120239	Van	Trafic III	X82		EU-RENAULT-TRAFIC-III-X82-VAN-L1H2-01	HIGH	L1H2短轴高顶货车外廓。	READY
120239_l2h2	120239	Van	Trafic III	X82		EU-RENAULT-TRAFIC-III-X82-VAN-L2H2-01	HIGH	L2H2长轴高顶货车外廓。	READY
120240	120240	Hatchback	1 Series F20 LCI	F20	5	EU-BMW-1-F20-HATCHBACK-5D-01	HIGH	F20五门普通外廓。	READY
120241_l1h1	120241	Van	Trafic III	X82		EU-RENAULT-TRAFIC-III-X82-VAN-L1H1-01	HIGH	L1H1短轴低顶货车外廓。	READY
120241_l2h1	120241	Van	Trafic III	X82		EU-RENAULT-TRAFIC-III-X82-VAN-L2H1-01	HIGH	L2H1长轴低顶货车外廓。	READY
120241_l1h2	120241	Van	Trafic III	X82		EU-RENAULT-TRAFIC-III-X82-VAN-L1H2-01	HIGH	L1H2短轴高顶货车外廓。	READY
120241_l2h2	120241	Van	Trafic III	X82		EU-RENAULT-TRAFIC-III-X82-VAN-L2H2-01	HIGH	L2H2长轴高顶货车外廓。	READY
120242	120242	Hatchback	1 Series F20 LCI	F20	5	EU-BMW-1-F20-HATCHBACK-5D-01	HIGH	F20五门普通外廓。	READY
120244	120244	Hatchback	1 Series F20 LCI	F20	5	EU-BMW-1-F20-HATCHBACK-5D-M140-01	HIGH	F20五门M140i外廓。	READY
120245	120245	Hatchback	1 Series F20 LCI	F20	5	EU-BMW-1-F20-HATCHBACK-5D-M140-01	HIGH	F20五门M140i外廓。	READY
120246	120246	Coupe	2 Series F22	F22	2	EU-BMW-2-F22-COUPE-01	HIGH	F22双门普通外廓。	READY
120247	120247	Coupe	2 Series F22	F22	2	EU-BMW-2-F22-COUPE-01	HIGH	F22双门普通外廓。	READY
120248	120248	Coupe	2 Series F22	F22	2	EU-BMW-2-F22-COUPE-M240-01	HIGH	F22双门M240i外廓。	READY
120249	120249	Coupe	2 Series F22	F22	2	EU-BMW-2-F22-COUPE-M240-01	HIGH	F22双门M240i外廓。	READY
120250	120250	Convertible	2 Series F23	F23	2	EU-BMW-2-F23-CONVERTIBLE-01	HIGH	F23双门普通敞篷外廓。	READY
120251	120251	Convertible	2 Series F23	F23	2	EU-BMW-2-F23-CONVERTIBLE-01	HIGH	F23双门普通敞篷外廓。	READY
120252	120252	Convertible	2 Series F23	F23	2	EU-BMW-2-F23-CONVERTIBLE-M240-01	HIGH	F23双门M240i敞篷外廓。	READY
120253	120253	Convertible	2 Series F23	F23	2	EU-BMW-2-F23-CONVERTIBLE-M240-01	HIGH	F23双门M240i敞篷外廓。	READY
120259_compact	120259	Van	Proace II			EU-TOYOTA-PROACE-II-BODY-COMPACT-01	HIGH	Compact短轴货车外廓。	READY
120259_medium	120259	Van	Proace II			EU-TOYOTA-PROACE-II-BODY-MEDIUM-01	HIGH	Medium标准轴距货车外廓。	READY
120259_long	120259	Van	Proace II			EU-TOYOTA-PROACE-II-VAN-LONG-01	HIGH	Long长车身货车外廓。	READY
120260_compact	120260	Van	Proace II			EU-TOYOTA-PROACE-II-BODY-COMPACT-01	HIGH	Compact短轴货车外廓。	READY
120260_medium	120260	Van	Proace II			EU-TOYOTA-PROACE-II-BODY-MEDIUM-01	HIGH	Medium标准轴距货车外廓。	READY
120261_compact	120261	Van	Proace II			EU-TOYOTA-PROACE-II-BODY-COMPACT-01	HIGH	Compact短轴货车外廓。	READY
120261_medium	120261	Van	Proace II			EU-TOYOTA-PROACE-II-BODY-MEDIUM-01	HIGH	Medium标准轴距货车外廓。	READY
120261_long	120261	Van	Proace II			EU-TOYOTA-PROACE-II-VAN-LONG-01	HIGH	Long长车身货车外廓。	READY
120263_compact	120263	MPV	Proace II			EU-TOYOTA-PROACE-II-BODY-COMPACT-01	HIGH	Compact短轴乘用车身外廓。	READY
120263_medium	120263	MPV	Proace II			EU-TOYOTA-PROACE-II-BODY-MEDIUM-01	HIGH	Medium标准轴距乘用车身外廓。	READY
120263_long	120263	MPV	Proace II			EU-TOYOTA-PROACE-II-MPV-LONG-01	HIGH	Long长车身乘用外廓。	READY
120264_compact	120264	Van	Proace II			EU-TOYOTA-PROACE-II-BODY-COMPACT-01	HIGH	Compact短轴货车外廓。	READY
120264_medium	120264	Van	Proace II			EU-TOYOTA-PROACE-II-VAN-MEDIUM-HIGH-01	HIGH	Medium车身2.0 D-4D增高外廓。	READY
120264_long	120264	Van	Proace II			EU-TOYOTA-PROACE-II-VAN-LONG-01	HIGH	Long长车身货车外廓。	READY
120265	120265	Hatchback	3 Series Gran Turismo F34 LCI	F34	5	EU-BMW-3-F34-GRAN-TURISMO-01	HIGH	F34改款五门Gran Turismo外廓。	READY
120266	120266	Hatchback	3 Series Gran Turismo F34 LCI	F34	5	EU-BMW-3-F34-GRAN-TURISMO-01	HIGH	F34改款五门Gran Turismo外廓。	READY
120267	120267	Hatchback	3 Series Gran Turismo F34 LCI	F34	5	EU-BMW-3-F34-GRAN-TURISMO-01	HIGH	F34改款五门Gran Turismo外廓。	READY
120268	120268	Hatchback	3 Series Gran Turismo F34 LCI	F34	5	EU-BMW-3-F34-GRAN-TURISMO-01	HIGH	F34改款五门Gran Turismo外廓。	READY
120270	120270	Hatchback	Megane IV GT	BFB	5	EU-RENAULT-MEGANE-IV-GT-HATCHBACK-01	HIGH	BFB五门GT掀背外廓。	READY
120272	120272	Wagon	Megane IV Grandtour pre-facelift	KFB	5	EU-RENAULT-MEGANE-IV-GRANDTOUR-WAGON-01	HIGH	KFB普通旅行车外廓。	READY
120273	120273	Wagon	Megane IV Grandtour pre-facelift	KFB	5	EU-RENAULT-MEGANE-IV-GRANDTOUR-WAGON-01	HIGH	KFB普通旅行车外廓。	READY
120274	120274	Wagon	Megane IV Grandtour GT	KFB	5	EU-RENAULT-MEGANE-IV-GRANDTOUR-GT-WAGON-01	HIGH	KFB五门GT旅行车外廓。	READY
120275	120275	Wagon	Megane IV Grandtour pre-facelift	KFB	5	EU-RENAULT-MEGANE-IV-GRANDTOUR-WAGON-01	HIGH	KFB普通旅行车外廓。	READY
120276	120276	Wagon	Megane IV Grandtour pre-facelift	KFB	5	EU-RENAULT-MEGANE-IV-GRANDTOUR-WAGON-01	HIGH	KFB普通旅行车外廓。	READY
120277	120277	Wagon	Megane IV Grandtour pre-facelift	KFB	5	EU-RENAULT-MEGANE-IV-GRANDTOUR-WAGON-01	HIGH	KFB普通旅行车外廓。	READY
120279	120279	Wagon	Megane IV Grandtour GT	KFB	5	EU-RENAULT-MEGANE-IV-GRANDTOUR-GT-WAGON-01	HIGH	KFB五门GT旅行车外廓。	READY
120283	120283	SUV	GLC X253 pre-facelift	X253	5	EU-MERCEDES-BENZ-GLC-X253-SUV-PREFL-01	HIGH	X253前期型SUV外廓。	READY
120285	120285	SUV	GLC X253 pre-facelift	X253	5	EU-MERCEDES-BENZ-GLC-X253-SUV-PREFL-01	HIGH	X253前期型SUV外廓。	READY
120286	120286	SUV	GLC X253 pre-facelift	X253	5	EU-MERCEDES-BENZ-GLC-X253-SUV-PREFL-01	HIGH	X253前期型SUV外廓。	READY
120288	120288	Sedan	7 Series G12 pre-facelift	G12	4	EU-BMW-7-G12-SEDAN-PREFL-01	HIGH	M760i与M760Li市场命名均对应G12长轴外廓。	READY
120295_swb	120295	Sedan	7 Series G11 pre-facelift	G11	4	EU-BMW-7-G11-SEDAN-PREFL-01	HIGH	750d xDrive标准轴距外廓。	READY
120295_lwb	120295	Sedan	7 Series G12 pre-facelift	G12	4	EU-BMW-7-G12-SEDAN-PREFL-01	HIGH	750Ld xDrive长轴距外廓。	READY
120297	120297	Pickup	Doblò II	263	2	EU-FIAT-DOBLO-II-263-WORK-UP-PICKUP-01	MEDIUM	263 Work Up平台货斗外廓。	READY
120298	120298	Pickup	Doblò II	263	2	EU-FIAT-DOBLO-II-263-WORK-UP-PICKUP-01	MEDIUM	263 Work Up平台货斗外廓。	READY
120299	120299	Wagon	Legacy V facelift	BR	5	EU-SUBARU-LEGACY-V-FACELIFT-WAGON-01	HIGH	BR五门旅行车外廓。	READY
120309_prefl	120309	SUV	Qashqai II J11 pre-facelift	J11	5	EU-NISSAN-QASHQAI-II-J11-SUV-PREFL-01	HIGH	生产区间覆盖2017年改款前外廓。	READY
120309_facelift	120309	SUV	Qashqai II J11 facelift	J11	5	EU-NISSAN-QASHQAI-II-J11-SUV-FACELIFT-01	HIGH	生产区间覆盖2017年改款后外廓。	READY
120326	120326	MPV	Proace II	MPY	5	EU-TOYOTA-PROACE-II-BODY-MEDIUM-01	HIGH	1.6 D-4D 95中车身乘用版。	READY
120328	120328	MPV	Proace II	MPY	5	EU-TOYOTA-PROACE-II-BODY-MEDIUM-01	HIGH	1.6 D-4D 115/116中车身Combi版。	READY
120331_compact	120331	MPV	Proace II	MPY	5	EU-TOYOTA-PROACE-II-BODY-COMPACT-01	HIGH	2.0 D-4D 150紧凑车身分支。	READY
120331_medium	120331	MPV	Proace II	MPY	5	EU-TOYOTA-PROACE-II-BODY-MEDIUM-01	HIGH	2.0 D-4D 150中车身分支。	READY
120331_long	120331	MPV	Proace II	MPY	5	EU-TOYOTA-PROACE-II-MPV-LONG-01	HIGH	2.0 D-4D 150长车身分支。	READY
120340	120340	SUV	Mokka X		5	EU-OPEL-MOKKA-X-SUV-01	HIGH	Mokka X五门SUV外廓。	READY
120359_3dr	120359	Hatchback	Corsa E		3	EU-OPEL-CORSA-E-HATCHBACK-3D-01	HIGH	三门LPG车身分支。	READY
120359_5dr	120359	Hatchback	Corsa E		5	EU-OPEL-CORSA-E-HATCHBACK-5D-01	HIGH	五门LPG车身分支。	READY
120372	120372	Hatchback	Model X I		5	EU-TESLA-MODEL-X-I-SUV-01	HIGH	Model X五门车身。	READY
120389	120389	Coupe	570GT		2	EU-MCLAREN-570GT-COUPE-01	HIGH	双门GT车身外廓。	READY
120391	120391	Convertible	675LT Spider		2	EU-MCLAREN-675LT-SPIDER-CONVERTIBLE-01	HIGH	双门Spider外廓。	READY
120496	120496	Coupe	Camaro VI		2	EU-CHEVROLET-CAMARO-VI-COUPE-01	HIGH	第六代双门Coupe外廓。	READY
120497	120497	Convertible	Camaro VI		2	EU-CHEVROLET-CAMARO-VI-CONVERTIBLE-01	HIGH	第六代双门敞篷外廓。	READY
120501	120501	SUV	X5 E70 LCI	E70	5	EU-BMW-X5-E70-LCI-SUV-01	MEDIUM	输入版本名称存在差异；物理边界为E70 LCI五门SUV。	READY
120503_prefl	120503	Hatchback	Ka+ III pre-facelift		5	EU-FORD-KA-PLUS-III-HATCHBACK-PREFL-01	HIGH	2016至2018改款前外廓。	READY
120503_facelift	120503	Hatchback	Ka+ III facelift		5	EU-FORD-KA-PLUS-III-HATCHBACK-FACELIFT-01	HIGH	2018至2020改款后外廓。	READY
120504_prefl	120504	Hatchback	Ka+ III pre-facelift		5	EU-FORD-KA-PLUS-III-HATCHBACK-PREFL-01	HIGH	2016至2018改款前外廓。	READY
120504_facelift	120504	Hatchback	Ka+ III facelift		5	EU-FORD-KA-PLUS-III-HATCHBACK-FACELIFT-01	HIGH	2018至2020改款后外廓。	READY
120505	120505	Pickup	H2 SUT	GMT913	4	EU-HUMMER-H2-SUT-PICKUP-01	HIGH	GMT913四门SUT外廓。	READY
120506	120506	Sedan	S90 II	234	4	EU-VOLVO-S90-II-SEDAN-01	HIGH	S90 II四门轿车。	READY
120516	120516	Sedan	S80 II facelift	124	4	EU-VOLVO-S80-II-FACELIFT-SEDAN-01	HIGH	124四门轿车外廓。	READY
120517	120517	Hatchback	3 Series Gran Turismo F34	F34	5	EU-BMW-3-F34-GRAN-TURISMO-01	HIGH	F34 Gran Turismo五门外廓。	READY
120518	120518	Hatchback	3 Series Gran Turismo F34	F34	5	EU-BMW-3-F34-GRAN-TURISMO-01	HIGH	F34 Gran Turismo五门外廓。	READY
120519	120519	Hatchback	Ioniq I	AE	5	EU-HYUNDAI-IONIQ-I-HATCHBACK-01	HIGH	AE五门掀背外廓。	READY
120520	120520	Hatchback	Ioniq I	AE	5	EU-HYUNDAI-IONIQ-I-HATCHBACK-01	HIGH	AE五门掀背外廓。	READY
120522	120522	SUV	XC90 II		5	EU-VOLVO-XC90-II-SUV-01	HIGH	XC90 II五门SUV外廓。	READY
120524	120524	Wagon	V60 I facelift	155	5	EU-VOLVO-V60-I-FACELIFT-POLESTAR-WAGON-01	HIGH	Polestar旅行车外廓。	READY
120525	120525	Sedan	S60 II facelift	134	4	EU-VOLVO-S60-II-FACELIFT-POLESTAR-SEDAN-01	HIGH	Polestar四门轿车外廓。	READY
120531	120531	Hatchback	Model S facelift 2016		5	EU-TESLA-MODEL-S-FACELIFT-2016-HATCHBACK-01	HIGH	2016 facelift五门掀背外廓。	READY
120532	120532	Hatchback	Model S facelift 2016		5	EU-TESLA-MODEL-S-FACELIFT-2016-HATCHBACK-01	HIGH	2016 facelift五门掀背外廓。	READY
120539	120539	Coupe	4 Series F32	F32	2	EU-BMW-4-F32-COUPE-01	HIGH	F32双门Coupe外廓。	READY
120542	120542	Hatchback	3 Series Gran Turismo F34	F34	5	EU-BMW-3-F34-GRAN-TURISMO-01	HIGH	F34 Gran Turismo五门外廓。	READY
120545	120545	SUV	BX7 I		5	EU-BORGWARD-BX7-I-SUV-01	HIGH	BX7五门SUV外廓。	READY
120549	120549	SUV	BX7 I		5	EU-BORGWARD-BX7-I-SUV-01	HIGH	BX7五门SUV外廓。	READY
120565	120565	Wagon	A4 B9	8W	5	EU-AUDI-A4-B9-AVANT-WAGON-01	HIGH	8W Avant五门旅行车。	READY
120566	120566	SUV	Levante I	M161	5	EU-MASERATI-LEVANTE-I-SUV-01	HIGH	M161五门SUV外廓。	READY
120567	120567	Wagon	A4 B9	8W	5	EU-AUDI-A4-B9-AVANT-WAGON-01	HIGH	8W Avant五门旅行车。	READY
120574	120574	SUV	XLV I		5	EU-SSANGYONG-XLV-I-SUV-01	HIGH	XLV五门长车身SUV。	READY
120575	120575	SUV	XLV I		5	EU-SSANGYONG-XLV-I-SUV-01	HIGH	XLV五门长车身SUV。	READY
120576	120576	SUV	XLV I		5	EU-SSANGYONG-XLV-I-SUV-01	HIGH	XLV五门长车身SUV。	READY
120577	120577	SUV	XLV I		5	EU-SSANGYONG-XLV-I-SUV-01	HIGH	XLV五门长车身SUV。	READY
120590	120590	SUV	SQ7 4M	4M	5	EU-AUDI-SQ7-4M-SUV-01	HIGH	SQ7 4M改款前外廓。	READY
120591	120591	MPV	Porter S85 Euro 6	S85	5	EU-PIAGGIO-PORTER-S85-VAN-BODY-01	HIGH	玻璃客运车身外廓。	READY
120592	120592	Van	Porter S85 Euro 6	S85	5	EU-PIAGGIO-PORTER-S85-VAN-BODY-01	HIGH	封闭式厢式车身外廓。	READY
120594_pickup	120594	Pickup	Porter S85 Euro 6	S85	2	EU-PIAGGIO-PORTER-S85-PICKUP-01	HIGH	标准货斗分支。	READY
120594_chassis	120594	Pickup	Porter S85 Euro 6	S85	2	EU-PIAGGIO-PORTER-S85-CHASSIS-01	HIGH	裸底盘分支。	READY
120595	120595	SUV	Q3 I facelift	8U	5	EU-AUDI-Q3-8U-FACELIFT-SUV-01	HIGH	8U改款后五门SUV。	READY
120596	120596	Hatchback	Twingo III		5	EU-RENAULT-TWINGO-III-HATCHBACK-01	HIGH	Twingo III五门车身。	READY
120597_l1h1	120597	Van	Jumper III facelift			EU-CITROEN-JUMPER-III-FACELIFT-VAN-L1H1-01	HIGH	L1H1低顶短车身。	READY
120597_l1h2	120597	Van	Jumper III facelift			EU-CITROEN-JUMPER-III-FACELIFT-VAN-L1H2-01	HIGH	L1H2高顶短车身。	READY
120597_l2h1	120597	Van	Jumper III facelift			EU-CITROEN-JUMPER-III-FACELIFT-VAN-L2H1-01	HIGH	L2H1低顶中车身。	READY
120597_l2h2	120597	Van	Jumper III facelift			EU-CITROEN-JUMPER-III-FACELIFT-VAN-L2H2-01	HIGH	L2H2中顶中车身。	READY
120597_l3h2	120597	Van	Jumper III facelift			EU-CITROEN-JUMPER-III-FACELIFT-VAN-L3H2-01	HIGH	L3H2中顶长车身。	READY
120598_l1h1	120598	Van	Jumper III facelift			EU-CITROEN-JUMPER-III-FACELIFT-VAN-L1H1-01	HIGH	L1H1低顶短车身。	READY
120598_l1h2	120598	Van	Jumper III facelift			EU-CITROEN-JUMPER-III-FACELIFT-VAN-L1H2-01	HIGH	L1H2高顶短车身。	READY
120598_l2h1	120598	Van	Jumper III facelift			EU-CITROEN-JUMPER-III-FACELIFT-VAN-L2H1-01	HIGH	L2H1低顶中车身。	READY
120598_l2h2	120598	Van	Jumper III facelift			EU-CITROEN-JUMPER-III-FACELIFT-VAN-L2H2-01	HIGH	L2H2中顶中车身。	READY
120598_l3h2	120598	Van	Jumper III facelift			EU-CITROEN-JUMPER-III-FACELIFT-VAN-L3H2-01	HIGH	L3H2中顶长车身。	READY
120598_l3h3	120598	Van	Jumper III facelift			EU-CITROEN-JUMPER-III-FACELIFT-VAN-L3H3-01	HIGH	L3H3高顶长车身。	READY
120598_l4h2	120598	Van	Jumper III facelift			EU-CITROEN-JUMPER-III-FACELIFT-VAN-L4H2-01	HIGH	L4H2中顶超长车身。	READY
120598_l4h3	120598	Van	Jumper III facelift			EU-CITROEN-JUMPER-III-FACELIFT-VAN-L4H3-35-01	HIGH	L4H3 35 Heavy高顶超长车身。	READY
120599_l1h1	120599	Van	Jumper III facelift			EU-CITROEN-JUMPER-III-FACELIFT-VAN-L1H1-01	HIGH	L1H1低顶短车身。	READY
120599_l1h2	120599	Van	Jumper III facelift			EU-CITROEN-JUMPER-III-FACELIFT-VAN-L1H2-01	HIGH	L1H2高顶短车身。	READY
120599_l2h1	120599	Van	Jumper III facelift			EU-CITROEN-JUMPER-III-FACELIFT-VAN-L2H1-01	HIGH	L2H1低顶中车身。	READY
120599_l2h2	120599	Van	Jumper III facelift			EU-CITROEN-JUMPER-III-FACELIFT-VAN-L2H2-01	HIGH	L2H2中顶中车身。	READY
120599_l3h2	120599	Van	Jumper III facelift			EU-CITROEN-JUMPER-III-FACELIFT-VAN-L3H2-01	HIGH	L3H2中顶长车身。	READY
120599_l3h3	120599	Van	Jumper III facelift			EU-CITROEN-JUMPER-III-FACELIFT-VAN-L3H3-01	HIGH	L3H3高顶长车身。	READY
120599_l4h2	120599	Van	Jumper III facelift			EU-CITROEN-JUMPER-III-FACELIFT-VAN-L4H2-01	HIGH	L4H2中顶超长车身。	READY
120599_l4h3	120599	Van	Jumper III facelift			EU-CITROEN-JUMPER-III-FACELIFT-VAN-L4H3-35-01	HIGH	L4H3 35 Heavy高顶超长车身。	READY
120599_l4h3_40	120599	Van	Jumper III facelift			EU-CITROEN-JUMPER-III-FACELIFT-VAN-L4H3-40-01	HIGH	L4H3 40 Heavy高顶超长车身。	READY
120601_scab_l1	120601	Pickup	Jumper III facelift		2	EU-CITROEN-JUMPER-III-FACELIFT-CHASSIS-SCAB-L1-01	HIGH	单排驾驶室L1底盘。	READY
120601_scab_l2	120601	Pickup	Jumper III facelift		2	EU-CITROEN-JUMPER-III-FACELIFT-CHASSIS-SCAB-L2-01	HIGH	单排驾驶室L2底盘。	READY
120601_scab_l2s	120601	Pickup	Jumper III facelift		2	EU-CITROEN-JUMPER-III-FACELIFT-CHASSIS-SCAB-L2S-01	HIGH	单排驾驶室L2S底盘。	READY
120601_dcab_l3	120601	Pickup	Jumper III facelift		4	EU-CITROEN-JUMPER-III-FACELIFT-CHASSIS-DCAB-L3-01	HIGH	双排驾驶室L3底盘。	READY
120602_scab_l1	120602	Pickup	Jumper III facelift		2	EU-CITROEN-JUMPER-III-FACELIFT-CHASSIS-SCAB-L1-01	HIGH	单排驾驶室L1底盘。	READY
120602_scab_l2	120602	Pickup	Jumper III facelift		2	EU-CITROEN-JUMPER-III-FACELIFT-CHASSIS-SCAB-L2-01	HIGH	单排驾驶室L2底盘。	READY
120602_scab_l2s	120602	Pickup	Jumper III facelift		2	EU-CITROEN-JUMPER-III-FACELIFT-CHASSIS-SCAB-L2S-01	HIGH	单排驾驶室L2S底盘。	READY
120602_scab_l3	120602	Pickup	Jumper III facelift		2	EU-CITROEN-JUMPER-III-FACELIFT-CHASSIS-SCAB-L3-01	HIGH	单排驾驶室L3底盘。	READY
120602_scab_l4	120602	Pickup	Jumper III facelift		2	EU-CITROEN-JUMPER-III-FACELIFT-CHASSIS-SCAB-L4-01	HIGH	单排驾驶室L4底盘。	READY
120602_dcab_l2	120602	Pickup	Jumper III facelift		4	EU-CITROEN-JUMPER-III-FACELIFT-CHASSIS-DCAB-L2-01	HIGH	双排驾驶室L2底盘。	READY
120602_dcab_l3	120602	Pickup	Jumper III facelift		4	EU-CITROEN-JUMPER-III-FACELIFT-CHASSIS-DCAB-L3-01	HIGH	双排驾驶室L3/L4同外廓底盘。	READY
120603_scab_l1	120603	Pickup	Jumper III facelift		2	EU-CITROEN-JUMPER-III-FACELIFT-CHASSIS-SCAB-L1-01	HIGH	单排驾驶室L1底盘。	READY
120603_scab_l2	120603	Pickup	Jumper III facelift		2	EU-CITROEN-JUMPER-III-FACELIFT-CHASSIS-SCAB-L2-01	HIGH	单排驾驶室L2底盘。	READY
120603_scab_l2s	120603	Pickup	Jumper III facelift		2	EU-CITROEN-JUMPER-III-FACELIFT-CHASSIS-SCAB-L2S-01	HIGH	单排驾驶室L2S底盘。	READY
120603_scab_l3	120603	Pickup	Jumper III facelift		2	EU-CITROEN-JUMPER-III-FACELIFT-CHASSIS-SCAB-L3-01	HIGH	单排驾驶室L3底盘。	READY
120603_scab_l4	120603	Pickup	Jumper III facelift		2	EU-CITROEN-JUMPER-III-FACELIFT-CHASSIS-SCAB-L4-01	HIGH	单排驾驶室L4底盘。	READY
120603_dcab_l2	120603	Pickup	Jumper III facelift		4	EU-CITROEN-JUMPER-III-FACELIFT-CHASSIS-DCAB-L2-01	HIGH	双排驾驶室L2底盘。	READY
120603_dcab_l3	120603	Pickup	Jumper III facelift		4	EU-CITROEN-JUMPER-III-FACELIFT-CHASSIS-DCAB-L3-01	HIGH	双排驾驶室L3/L4同外廓底盘。	READY
120604	120604	Hatchback	A3 8V facelift	8V	3	EU-AUDI-A3-8V-FACELIFT-HATCHBACK-3D-01	HIGH	三门车身分支。	READY
120605	120605	Hatchback	A3 8V facelift	8V	5	EU-AUDI-A3-8V-FACELIFT-SPORTBACK-5D-01	HIGH	Sportback五门车身分支。	READY
120606	120606	Sedan	A3 8V facelift	8V	4	EU-AUDI-A3-8V-FACELIFT-SEDAN-01	HIGH	四门轿车外廓。	READY
120607	120607	Hatchback	S3 8V facelift	8V	3	EU-AUDI-S3-8V-FACELIFT-HATCHBACK-3D-01	HIGH	S3三门车身分支。	READY
120608	120608	Hatchback	S3 8V facelift	8V	5	EU-AUDI-S3-8V-FACELIFT-SPORTBACK-5D-01	HIGH	S3 Sportback五门车身分支。	READY
120609	120609	Sedan	S3 8V facelift	8V	4	EU-AUDI-S3-8V-FACELIFT-SEDAN-01	HIGH	S3四门轿车外廓。	READY
120613	120613	Convertible	S3 8V facelift	8V	2	EU-AUDI-S3-8V-FACELIFT-CONVERTIBLE-01	HIGH	S3双门敞篷外廓。	READY
120616	120616	Hatchback	A3 8V facelift	8V	3	EU-AUDI-A3-8V-FACELIFT-HATCHBACK-3D-01	HIGH	三门车身分支。	READY
120617	120617	Hatchback	A3 8V facelift	8V	5	EU-AUDI-A3-8V-FACELIFT-SPORTBACK-5D-01	HIGH	Sportback五门车身分支。	READY
120618	120618	Sedan	A3 8V facelift	8V	4	EU-AUDI-A3-8V-FACELIFT-SEDAN-01	HIGH	四门轿车外廓。	READY
120620	120620	Convertible	A3 8V facelift	8V	2	EU-AUDI-A3-8V-FACELIFT-CONVERTIBLE-01	HIGH	双门敞篷外廓。	READY
120627	120627	Hatchback	A3 8V facelift	8V	3	EU-AUDI-A3-8V-FACELIFT-HATCHBACK-3D-01	HIGH	三门车身分支。	READY
120629	120629	Hatchback	A3 8V facelift	8V	5	EU-AUDI-A3-8V-FACELIFT-SPORTBACK-5D-01	HIGH	Sportback五门车身分支。	READY
120632	120632	Sedan	A3 8V facelift	8V	4	EU-AUDI-A3-8V-FACELIFT-SEDAN-01	HIGH	四门轿车外廓。	READY
120633	120633	Convertible	A3 8V facelift	8V	2	EU-AUDI-A3-8V-FACELIFT-CONVERTIBLE-01	HIGH	双门敞篷外廓。	READY
120653	120653	MPV	Talento 296	296	5	EU-FIAT-TALENTO-296-MPV-SWB-01	HIGH	L1H1短轴Combi外廓。	READY
120654_swb	120654	Van	Talento 296	296	5	EU-FIAT-TALENTO-296-VAN-SWB-LOWROOF-01	MEDIUM	L1H1短轴低顶分支。	READY
120654_lwb	120654	Van	Talento 296	296	5	EU-FIAT-TALENTO-296-VAN-LWB-LOWROOF-01	MEDIUM	L2H1长轴低顶分支。	READY
120655_swb	120655	MPV	Talento 296	296	5	EU-FIAT-TALENTO-296-MPV-SWB-01	HIGH	L1H1短轴Combi分支。	READY
120655_lwb	120655	MPV	Talento 296	296	5	EU-FIAT-TALENTO-296-MPV-LWB-01	HIGH	L2H1长轴Combi分支。	READY
120656_swb	120656	MPV	Talento 296	296	5	EU-FIAT-TALENTO-296-MPV-SWB-01	HIGH	L1H1短轴Combi分支。	READY
120656_lwb	120656	MPV	Talento 296	296	5	EU-FIAT-TALENTO-296-MPV-LWB-01	HIGH	L2H1长轴Combi分支。	READY
120661_swb	120661	Van	Talento 296	296	5	EU-FIAT-TALENTO-296-VAN-SWB-LOWROOF-01	HIGH	L1H1短轴低顶分支。	READY
120661_lwb	120661	Van	Talento 296	296	5	EU-FIAT-TALENTO-296-VAN-LWB-LOWROOF-01	HIGH	L2H1长轴低顶分支。	READY
120662_swb	120662	Van	Talento 296	296	5	EU-FIAT-TALENTO-296-VAN-SWB-LOWROOF-01	HIGH	L1H1短轴低顶分支。	READY
120662_lwb	120662	Van	Talento 296	296	5	EU-FIAT-TALENTO-296-VAN-LWB-LOWROOF-01	HIGH	L2H1长轴低顶分支。	READY
120663_swb_lowroof	120663	Van	Talento 296	296	5	EU-FIAT-TALENTO-296-VAN-SWB-LOWROOF-01	HIGH	L1H1短轴低顶分支。	READY
120663_swb_highroof	120663	Van	Talento 296	296	5	EU-FIAT-TALENTO-296-VAN-SWB-HIGHROOF-01	HIGH	L1H2短轴高顶分支。	READY
120663_lwb_lowroof	120663	Van	Talento 296	296	5	EU-FIAT-TALENTO-296-VAN-LWB-LOWROOF-01	HIGH	L2H1长轴低顶分支。	READY
120663_lwb_highroof	120663	Van	Talento 296	296	5	EU-FIAT-TALENTO-296-VAN-LWB-HIGHROOF-01	HIGH	L2H2长轴高顶分支。	READY
120664_swb_lowroof	120664	Van	Talento 296	296	5	EU-FIAT-TALENTO-296-VAN-SWB-LOWROOF-01	HIGH	L1H1短轴低顶分支。	READY
120664_swb_highroof	120664	Van	Talento 296	296	5	EU-FIAT-TALENTO-296-VAN-SWB-HIGHROOF-01	HIGH	L1H2短轴高顶分支。	READY
120664_lwb_lowroof	120664	Van	Talento 296	296	5	EU-FIAT-TALENTO-296-VAN-LWB-LOWROOF-01	HIGH	L2H1长轴低顶分支。	READY
120664_lwb_highroof	120664	Van	Talento 296	296	5	EU-FIAT-TALENTO-296-VAN-LWB-HIGHROOF-01	HIGH	L2H2长轴高顶分支。	READY
120665	120665	Pickup	Talento 296	296	2	EU-FIAT-TALENTO-296-CHASSIS-LWB-01	HIGH	L2H1长轴Platform Cab外廓。	READY
120666	120666	Pickup	Talento 296	296	2	EU-FIAT-TALENTO-296-CHASSIS-LWB-01	HIGH	L2H1长轴Platform Cab外廓。	READY
120670	120670	Sedan	Corolla XI E170	E170	4	EU-TOYOTA-COROLLA-XI-E170-SEDAN-01	HIGH	E170改款前后共用同一三维。	READY
120679_prefl	120679	Hatchback	i10 I pre-facelift	PA	5	EU-HYUNDAI-I10-I-HATCHBACK-PREFL-01	HIGH	2008至2010改款前外廓。	READY
120679_facelift	120679	Hatchback	i10 I facelift	PA	5	EU-HYUNDAI-I10-I-HATCHBACK-FACELIFT-01	HIGH	2011至2013改款后外廓。	READY
120689	120689	SUV	Senova X35 I		5	EU-BAIC-SENOVA-X35-I-SUV-01	HIGH	第一代五门SUV外廓。	READY
120699	120699	Hatchback	Soul II facelift	PS	5	EU-KIA-SOUL-II-FACELIFT-HATCHBACK-01	HIGH	PS改款后五门车身。	READY
120708	120708	Sedan	Cerato III facelift	YD	4	EU-KIA-CERATO-III-FACELIFT-SEDAN-01	HIGH	YD改款后四门轿车。	READY
120716	120716	Convertible	R8 II Spyder	4S	2	EU-AUDI-R8-II-4S-SPYDER-01	HIGH	4S双门Spyder外廓。	READY
120717	120717	Hatchback	Up! I facelift		5	EU-VW-UP-I-FACELIFT-HATCHBACK-01	HIGH	2016 facelift五门车身。	READY
120718_l1h1	120718	Van	Boxer II facelift			EU-PEUGEOT-BOXER-II-FACELIFT-VAN-L1H1-01	HIGH	L1H1低顶短车身。	READY
120718_l1h2	120718	Van	Boxer II facelift			EU-PEUGEOT-BOXER-II-FACELIFT-VAN-L1H2-01	HIGH	L1H2高顶短车身。	READY
120718_l2h1	120718	Van	Boxer II facelift			EU-PEUGEOT-BOXER-II-FACELIFT-VAN-L2H1-01	HIGH	L2H1低顶中车身。	READY
120718_l2h2	120718	Van	Boxer II facelift			EU-PEUGEOT-BOXER-II-FACELIFT-VAN-L2H2-01	HIGH	L2H2中顶中车身。	READY
120718_l3h2	120718	Van	Boxer II facelift			EU-PEUGEOT-BOXER-II-FACELIFT-VAN-L3H2-01	HIGH	L3H2中顶长车身。	READY
120719_l1h1	120719	Van	Boxer II facelift			EU-PEUGEOT-BOXER-II-FACELIFT-VAN-L1H1-01	HIGH	L1H1低顶短车身。	READY
120719_l1h2	120719	Van	Boxer II facelift			EU-PEUGEOT-BOXER-II-FACELIFT-VAN-L1H2-01	HIGH	L1H2高顶短车身。	READY
120719_l2h1	120719	Van	Boxer II facelift			EU-PEUGEOT-BOXER-II-FACELIFT-VAN-L2H1-01	HIGH	L2H1低顶中车身。	READY
120719_l2h2	120719	Van	Boxer II facelift			EU-PEUGEOT-BOXER-II-FACELIFT-VAN-L2H2-01	HIGH	L2H2中顶中车身。	READY
120719_l3h2	120719	Van	Boxer II facelift			EU-PEUGEOT-BOXER-II-FACELIFT-VAN-L3H2-01	HIGH	L3H2中顶长车身。	READY
120719_l3h3	120719	Van	Boxer II facelift			EU-PEUGEOT-BOXER-II-FACELIFT-VAN-L3H3-01	HIGH	L3H3高顶长车身。	READY
120719_l4h2	120719	Van	Boxer II facelift			EU-PEUGEOT-BOXER-II-FACELIFT-VAN-L4H2-01	HIGH	L4H2中顶超长车身。	READY
120719_l4h3	120719	Van	Boxer II facelift			EU-PEUGEOT-BOXER-II-FACELIFT-VAN-L4H3-01	HIGH	L4H3高顶超长车身。	READY
120720_l1h1	120720	Van	Boxer II facelift			EU-PEUGEOT-BOXER-II-FACELIFT-VAN-L1H1-01	HIGH	L1H1低顶短车身。	READY
120720_l1h2	120720	Van	Boxer II facelift			EU-PEUGEOT-BOXER-II-FACELIFT-VAN-L1H2-01	HIGH	L1H2高顶短车身。	READY
120720_l2h1	120720	Van	Boxer II facelift			EU-PEUGEOT-BOXER-II-FACELIFT-VAN-L2H1-01	HIGH	L2H1低顶中车身。	READY
120720_l2h2	120720	Van	Boxer II facelift			EU-PEUGEOT-BOXER-II-FACELIFT-VAN-L2H2-01	HIGH	L2H2中顶中车身。	READY
120720_l3h2	120720	Van	Boxer II facelift			EU-PEUGEOT-BOXER-II-FACELIFT-VAN-L3H2-01	HIGH	L3H2中顶长车身。	READY
120720_l3h3	120720	Van	Boxer II facelift			EU-PEUGEOT-BOXER-II-FACELIFT-VAN-L3H3-01	HIGH	L3H3高顶长车身。	READY
120720_l4h2	120720	Van	Boxer II facelift			EU-PEUGEOT-BOXER-II-FACELIFT-VAN-L4H2-01	HIGH	L4H2中顶超长车身。	READY
120720_l4h3	120720	Van	Boxer II facelift			EU-PEUGEOT-BOXER-II-FACELIFT-VAN-L4H3-01	HIGH	L4H3高顶超长车身。	READY
120721	120721	Hatchback	Tipo 357	357	5	EU-FIAT-TIPO-357-HATCHBACK-01	HIGH	357五门掀背外廓。	READY
120722	120722	Wagon	E-Class S213	S213	5	EU-MERCEDES-BENZ-E-CLASS-S213-WAGON-01	HIGH	S213五门旅行车。	READY
120723	120723	Wagon	Tipo 358	358	5	EU-FIAT-TIPO-358-WAGON-01	HIGH	358五门旅行车外廓。	READY
120724	120724	Wagon	E-Class S213	S213	5	EU-MERCEDES-BENZ-E-CLASS-S213-WAGON-01	HIGH	S213五门旅行车。	READY
120725	120725	Wagon	E-Class S213	S213	5	EU-MERCEDES-BENZ-E-CLASS-S213-WAGON-01	HIGH	S213五门旅行车。	READY
120726	120726	Sedan	E-Class W213	W213	4	EU-MERCEDES-BENZ-E-CLASS-W213-SEDAN-01	HIGH	W213四门轿车。	READY
120727	120727	Sedan	E-Class W213	W213	4	EU-MERCEDES-BENZ-E-CLASS-W213-SEDAN-01	HIGH	W213四门轿车。	READY
120730	120730	Sedan	E-Class W213	W213	4	EU-MERCEDES-BENZ-E-CLASS-W213-SEDAN-01	HIGH	W213四门轿车。	READY
120738	120738	Sedan	E-Class W213	W213	4	EU-MERCEDES-BENZ-E-CLASS-W213-SEDAN-01	HIGH	W213四门轿车。	READY
120740	120740	Sedan	E-Class W213	W213	4	EU-MERCEDES-BENZ-E-CLASS-W213-SEDAN-01	HIGH	W213四门轿车。	READY
120741	120741	Sedan	E-Class W213	W213	4	EU-MERCEDES-BENZ-E-CLASS-W213-SEDAN-01	HIGH	W213四门轿车。	READY
120746	120746	Sedan	E-Class W213	W213	4	EU-MERCEDES-BENZ-E-CLASS-W213-SEDAN-01	HIGH	W213四门轿车。	READY
120770	120770	Hatchback	Punto 199 facelift	199	5	EU-FIAT-PUNTO-199-HATCHBACK-01	HIGH	199五门改款后外廓。	READY
120778_noroofbars	120778	Hatchback	Soul II	PS	5	EU-KIA-SOUL-II-HATCHBACK-NO-ROOF-BARS-01	MEDIUM	16英寸车轮且无车顶杆的标准高度分支。	READY
120778_roofbars	120778	Hatchback	Soul II	PS	5	EU-KIA-SOUL-II-FACELIFT-HATCHBACK-01	MEDIUM	18英寸车轮且带车顶杆的高位分支。	READY
120779_singlecab_chassis	120779	Pickup	Transporter T6		2	EU-VW-TRANSPORTER-T6-CHASSIS-SINGLECAB-LWB-01	MEDIUM	长轴单排驾驶室裸底盘分支。	READY
120779_doublecab_chassis	120779	Pickup	Transporter T6		4	EU-VW-TRANSPORTER-T6-CHASSIS-DOUBLECAB-LWB-01	MEDIUM	长轴双排驾驶室裸底盘分支。	READY
120779_singlecab_dropside	120779	Pickup	Transporter T6		2	EU-VW-TRANSPORTER-T6-DROPSIDE-SINGLECAB-LWB-01	MEDIUM	长轴单排驾驶室栏板分支。	READY
120779_doublecab_dropside	120779	Pickup	Transporter T6		4	EU-VW-TRANSPORTER-T6-DROPSIDE-DOUBLECAB-LWB-01	MEDIUM	长轴双排驾驶室栏板分支。	READY
120784	120784	SUV	Forester IV (SJ)	SJ	5	EU-SUBARU-FORESTER-SJ-SUV-01	HIGH		READY
120799_prefl	120799	Hatchback	Model S pre-facelift		5	EU-TESLA-MODEL-S-PREFL-HATCHBACK-01	MEDIUM	跨2016改款，拆分改款前物理外廓。	READY
120799_facelift	120799	Hatchback	Model S facelift 2016		5	EU-TESLA-MODEL-S-FACELIFT-2016-HATCHBACK-01	MEDIUM	跨2016改款，拆分改款后物理外廓。	READY
120800_prefl	120800	Hatchback	Model S pre-facelift		5	EU-TESLA-MODEL-S-PREFL-HATCHBACK-01	MEDIUM	跨2016改款，拆分改款前物理外廓。	READY
120800_facelift	120800	Hatchback	Model S facelift 2016		5	EU-TESLA-MODEL-S-FACELIFT-2016-HATCHBACK-01	MEDIUM	跨2016改款，拆分改款后物理外廓。	READY
120803	120803	MPV	Multivan T6			EU-VW-TRANSPORTER-T6-BUS-SWB-01	MEDIUM	Multivan短轴乘用车身。	READY
120808_swb	120808	MPV	Transporter T6			EU-VW-TRANSPORTER-T6-BUS-SWB-01	HIGH	Caravelle/Bus短轴分支。	READY
120808_lwb	120808	MPV	Transporter T6			EU-VW-TRANSPORTER-T6-BUS-LWB-01	HIGH	Caravelle/Bus长轴分支。	READY
120813_swb_lowroof	120813	Van	Transporter T6			EU-VW-TRANSPORTER-T6-VAN-SWB-LOWROOF-01	HIGH	短轴低顶板式货车。	READY
120813_swb_medroof	120813	Van	Transporter T6			EU-VW-TRANSPORTER-T6-VAN-SWB-MEDROOF-01	HIGH	短轴中顶板式货车。	READY
120813_lwb_lowroof	120813	Van	Transporter T6			EU-VW-TRANSPORTER-T6-VAN-LWB-LOWROOF-01	HIGH	长轴低顶板式货车。	READY
120813_lwb_medroof	120813	Van	Transporter T6			EU-VW-TRANSPORTER-T6-VAN-LWB-MEDROOF-01	HIGH	长轴中顶板式货车。	READY
120813_lwb_highroof	120813	Van	Transporter T6			EU-VW-TRANSPORTER-T6-VAN-LWB-HIGHROOF-01	HIGH	长轴高顶板式货车。	READY
120815_singlecab_chassis	120815	Pickup	Transporter T6		2	EU-VW-TRANSPORTER-T6-CHASSIS-SINGLECAB-LWB-01	MEDIUM	长轴单排驾驶室裸底盘分支。	READY
120815_doublecab_chassis	120815	Pickup	Transporter T6		4	EU-VW-TRANSPORTER-T6-CHASSIS-DOUBLECAB-LWB-01	MEDIUM	长轴双排驾驶室裸底盘分支。	READY
120815_singlecab_dropside	120815	Pickup	Transporter T6		2	EU-VW-TRANSPORTER-T6-DROPSIDE-SINGLECAB-LWB-01	MEDIUM	长轴单排驾驶室栏板分支。	READY
120815_doublecab_dropside	120815	Pickup	Transporter T6		4	EU-VW-TRANSPORTER-T6-DROPSIDE-DOUBLECAB-LWB-01	MEDIUM	长轴双排驾驶室栏板分支。	READY
120822_singlecab_chassis	120822	Pickup	Transporter T6		2	EU-VW-TRANSPORTER-T6-CHASSIS-SINGLECAB-LWB-01	MEDIUM	长轴单排驾驶室裸底盘分支。	READY
120822_doublecab_chassis	120822	Pickup	Transporter T6		4	EU-VW-TRANSPORTER-T6-CHASSIS-DOUBLECAB-LWB-01	MEDIUM	长轴双排驾驶室裸底盘分支。	READY
120822_singlecab_dropside	120822	Pickup	Transporter T6		2	EU-VW-TRANSPORTER-T6-DROPSIDE-SINGLECAB-LWB-01	MEDIUM	长轴单排驾驶室栏板分支。	READY
120822_doublecab_dropside	120822	Pickup	Transporter T6		4	EU-VW-TRANSPORTER-T6-DROPSIDE-DOUBLECAB-LWB-01	MEDIUM	长轴双排驾驶室栏板分支。	READY
120823_singlecab_chassis	120823	Pickup	Transporter T6		2	EU-VW-TRANSPORTER-T6-CHASSIS-SINGLECAB-LWB-01	MEDIUM	长轴单排驾驶室裸底盘分支。	READY
120823_doublecab_chassis	120823	Pickup	Transporter T6		4	EU-VW-TRANSPORTER-T6-CHASSIS-DOUBLECAB-LWB-01	MEDIUM	长轴双排驾驶室裸底盘分支。	READY
120823_singlecab_dropside	120823	Pickup	Transporter T6		2	EU-VW-TRANSPORTER-T6-DROPSIDE-SINGLECAB-LWB-01	MEDIUM	长轴单排驾驶室栏板分支。	READY
120823_doublecab_dropside	120823	Pickup	Transporter T6		4	EU-VW-TRANSPORTER-T6-DROPSIDE-DOUBLECAB-LWB-01	MEDIUM	长轴双排驾驶室栏板分支。	READY
120842	120842	Sedan	Optima IV (JF)	JF	4	EU-KIA-OPTIMA-JF-SEDAN-01	HIGH		READY
120843	120843	SUV	Niro I	DE	5	EU-KIA-NIRO-I-PHEV-SUV-01	HIGH		READY
120845_singlecab_l2	120845	Pickup	Boxer II facelift		2	EU-PEUGEOT-BOXER-II-FACELIFT-CHASSIS-CAB-L2-01	MEDIUM	L2单排驾驶室底盘分支。	READY
120845_singlecab_l3	120845	Pickup	Boxer II facelift		2	EU-PEUGEOT-BOXER-II-FACELIFT-CHASSIS-CAB-L3-01	MEDIUM	L3单排驾驶室底盘分支。	READY
120845_doublecab_l3	120845	Pickup	Boxer II facelift		4	EU-PEUGEOT-BOXER-II-FACELIFT-CHASSIS-CREW-CAB-L3-01	MEDIUM	L3双排驾驶室底盘分支。	READY
120846_singlecab_l2	120846	Pickup	Boxer II facelift		2	EU-PEUGEOT-BOXER-II-FACELIFT-CHASSIS-CAB-L2-01	HIGH	L2单排驾驶室底盘分支。	READY
120846_singlecab_l3	120846	Pickup	Boxer II facelift		2	EU-PEUGEOT-BOXER-II-FACELIFT-CHASSIS-CAB-L3-01	HIGH	L3单排驾驶室底盘分支。	READY
120846_doublecab_l3	120846	Pickup	Boxer II facelift		4	EU-PEUGEOT-BOXER-II-FACELIFT-CHASSIS-CREW-CAB-L3-01	HIGH	L3双排驾驶室底盘分支。	READY
120847_singlecab_l2	120847	Pickup	Boxer II facelift		2	EU-PEUGEOT-BOXER-II-FACELIFT-CHASSIS-CAB-L2-01	HIGH	L2单排驾驶室底盘分支。	READY
120847_singlecab_l3	120847	Pickup	Boxer II facelift		2	EU-PEUGEOT-BOXER-II-FACELIFT-CHASSIS-CAB-L3-01	HIGH	L3单排驾驶室底盘分支。	READY
120847_singlecab_l4	120847	Pickup	Boxer II facelift		2	EU-PEUGEOT-BOXER-II-FACELIFT-CHASSIS-CAB-L4-01	HIGH	L4单排驾驶室底盘分支。	READY
120847_doublecab_l3	120847	Pickup	Boxer II facelift		4	EU-PEUGEOT-BOXER-II-FACELIFT-CHASSIS-CREW-CAB-L3-01	HIGH	L3双排驾驶室底盘分支。	READY
120851	120851	Sedan	Mondeo IV facelift	BA7	4	EU-FORD-MONDEO-IV-FACELIFT-SEDAN-01	HIGH		READY
120853	120853	Sedan	Legacy VI	BN	4	EU-SUBARU-LEGACY-BN-SEDAN-01	HIGH		READY
120880_swb	120880	Pickup	K-Series I	EQ1021NF	4	EU-DONGFENG-XIAOKANG-K02-PICKUP-SWB-01	MEDIUM	1.0短轴双排皮卡分支。	READY
120880_stdwb	120880	Pickup	K-Series I	EQ1021NF	4	EU-DONGFENG-XIAOKANG-K02-PICKUP-STANDARD-WB-01	MEDIUM	1.0标准轴距双排皮卡分支。	READY
120892	120892	Wagon	Passat B8 Alltrack	3G5	5	EU-VW-PASSAT-B8-ALLTRACK-WAGON-01	HIGH		READY
120900	120900	Sedan	S4 B9	B9	4	EU-AUDI-S4-B9-SEDAN-01	HIGH		READY
120901	120901	Wagon	S4 B9	8W5	5	EU-AUDI-S4-B9-AVANT-WAGON-01	HIGH		READY
120920	120920	Coupe	Chiron I		2	EU-BUGATTI-CHIRON-COUPE-01	HIGH		READY
121049	121049	Convertible	E-Mehari		2	EU-CITROEN-E-MEHARI-CONVERTIBLE-01	HIGH		READY
121091	121091	Coupe	i20 II	GB	3	EU-HYUNDAI-I20-II-COUPE-3D-01	HIGH		READY
121094	121094	Coupe	i20 II	GB	3	EU-HYUNDAI-I20-II-COUPE-3D-01	HIGH		READY
121100_prefl	121100	Convertible	3 Series E93 pre-facelift	E93	2	EU-BMW-3-E93-CONVERTIBLE-PREFL-01	HIGH	2010 LCI前物理外廓。	READY
121100_facelift	121100	Convertible	3 Series E93 facelift	E93	2	EU-BMW-3-E93-CONVERTIBLE-FACELIFT-01	HIGH	2010 LCI后物理外廓。	READY
121102_prefl	121102	Convertible	3 Series E93 pre-facelift	E93	2	EU-BMW-3-E93-CONVERTIBLE-PREFL-01	HIGH	2010 LCI前物理外廓。	READY
121102_facelift	121102	Convertible	3 Series E93 facelift	E93	2	EU-BMW-3-E93-CONVERTIBLE-FACELIFT-01	HIGH	2010 LCI后物理外廓。	READY
121109	121109	SUV	Creta I	GS	5	EU-HYUNDAI-CRETA-I-SUV-01	HIGH	2.0前驱五门分支。	READY
121146	121146	Sedan	Giulia 952	952	4	EU-ALFA-ROMEO-GIULIA-952-SEDAN-01	HIGH		READY
121173	121173	SUV	3008 II		5	EU-PEUGEOT-3008-II-SUV-01	HIGH		READY
121176	121176	Van	Polo V facelift	6C1	3	EU-VW-POLO-V-FACELIFT-CITYVAN-3D-01	MEDIUM	CityVan三门商用外廓。	READY
121177	121177	Van	Polo V facelift	6C1	3	EU-VW-POLO-V-FACELIFT-CITYVAN-3D-01	MEDIUM	CityVan三门商用外廓。	READY
121180	121180	Van	Polo V facelift	6C1	3	EU-VW-POLO-V-FACELIFT-CITYVAN-3D-01	MEDIUM	CityVan三门商用外廓。	READY
121181	121181	Van	Polo V facelift	6C1	3	EU-VW-POLO-V-FACELIFT-CITYVAN-3D-01	MEDIUM	CityVan三门商用外廓。	READY
121182	121182	Van	Polo V facelift	6C1	3	EU-VW-POLO-V-FACELIFT-CITYVAN-3D-01	MEDIUM	CityVan三门商用外廓。	READY
121183	121183	Van	Polo V facelift	6C1	3	EU-VW-POLO-V-FACELIFT-CITYVAN-BLUEGT-3D-01	MEDIUM	1.4 TSI 150 PS对应BlueGT高度分支。	READY
121186	121186	Van	Polo V facelift	6C1	3	EU-VW-POLO-V-FACELIFT-CITYVAN-3D-01	MEDIUM	CityVan三门商用外廓。	READY
121188	121188	Van	Polo V facelift	6C1	3	EU-VW-POLO-V-FACELIFT-CITYVAN-3D-01	MEDIUM	CityVan三门商用外廓。	READY
121201	121201	Sedan	CT6 I		4	EU-CADILLAC-CT6-I-SEDAN-01	HIGH		READY
121220	121220	SUV	C-HR I	NGX10	5	EU-TOYOTA-C-HR-I-SUV-01	HIGH	前驱1.2T NGX10分支。	READY
121226_van_l1	121226	Van	Transit Connect II	V408		EU-FORD-TRANSIT-CONNECT-V408-VAN-L1-01	HIGH	短轴板式货车分支。	READY
121226_van_l2	121226	Van	Transit Connect II	V408		EU-FORD-TRANSIT-CONNECT-V408-VAN-L2-01	HIGH	长轴板式货车分支。	READY
121226_dciv_l1	121226	MPV	Transit Connect II	V408		EU-FORD-TRANSIT-CONNECT-V408-DCIV-L1-01	HIGH	短轴双排座厢式车分支。	READY
121226_dciv_l2	121226	MPV	Transit Connect II	V408		EU-FORD-TRANSIT-CONNECT-V408-DCIV-L2-01	HIGH	长轴双排座厢式车分支。	READY
121226_kombi_l2	121226	MPV	Transit Connect II	V408		EU-FORD-TRANSIT-CONNECT-V408-KOMBI-L2-01	HIGH	长轴七座Kombi分支。	READY
121228	121228	Coupe	C8 Preliator		2	EU-SPYKER-C8-PRELIATOR-COUPE-01	HIGH		READY
121230	121230	SUV	Vitara IV	LY	5	EU-SUZUKI-VITARA-IV-SUV-01	HIGH		READY
121235	121235	Convertible	595C facelift	312	2	EU-ABARTH-595C-312-FACELIFT-CONVERTIBLE-01	HIGH		READY
121236_prefl	121236	Van	Focus III pre-facelift	DYB	5	EU-FORD-FOCUS-III-FACELIFT-VAN-5D-01	MEDIUM	Kasten/Schrägheck五门商用外廓；改款前分支。	READY
121236_facelift	121236	Van	Focus III facelift	DYB	5	EU-FORD-FOCUS-III-FACELIFT-VAN-5D-01	MEDIUM	Kasten/Schrägheck五门商用外廓；改款后分支。	READY
121237_prefl	121237	Van	Focus III pre-facelift	DYB	5	EU-FORD-FOCUS-III-FACELIFT-VAN-5D-01	MEDIUM	Kasten/Schrägheck五门商用外廓；改款前分支。	READY
121237_facelift	121237	Van	Focus III facelift	DYB	5	EU-FORD-FOCUS-III-FACELIFT-VAN-5D-01	MEDIUM	Kasten/Schrägheck五门商用外廓；改款后分支。	READY
121238	121238	Van	Focus III facelift	DYB	5	EU-FORD-FOCUS-III-FACELIFT-VAN-5D-01	MEDIUM	Kasten/Schrägheck按五门商用外廓。	READY
121239	121239	Van	Focus III facelift	DYB	5	EU-FORD-FOCUS-III-FACELIFT-VAN-5D-01	MEDIUM	Kasten/Schrägheck按五门商用外廓。	READY
121240	121240	Van	Focus III facelift	DYB	5	EU-FORD-FOCUS-III-FACELIFT-VAN-5D-01	MEDIUM	Kasten/Schrägheck按五门商用外廓。	READY
121242	121242	Van	Focus III facelift	DYB	5	EU-FORD-FOCUS-III-FACELIFT-VAN-5D-01	MEDIUM	Kasten/Schrägheck按五门商用外廓。	READY
121243	121243	Van	Focus III facelift	DYB	5	EU-FORD-FOCUS-III-FACELIFT-VAN-5D-01	MEDIUM	Kasten/Schrägheck按五门商用外廓。	READY
121249	121249	Sedan	Civic IX	FB	4	EU-HONDA-CIVIC-IX-SEDAN-01	HIGH		READY
121297	121297	Convertible	Spider Series 2	105	2	EU-ALFA-ROMEO-SPIDER-105-SERIES-2-CONVERTIBLE-01	HIGH	2000 Veloce方尾第二系列。	READY
121304	121304	Coupe	V8 Vantage N400		2	EU-ASTON-MARTIN-V8-VANTAGE-N400-COUPE-01	HIGH		READY
121337	121337	Convertible	3 Series E30 Baur TC	E30	2	EU-BMW-3-E30-BAUR-TC-CONVERTIBLE-01	HIGH	Baur Top-Cabrio物理外廓。	READY
121416	121416	Coupe	A5 II (F5)	F5	2	EU-AUDI-A5-F5-COUPE-01	HIGH		READY
121440	121440	Van	Proace II			EU-TOYOTA-PROACE-II-VAN-MEDIUM-01	HIGH	2.0D 180板式Kasten对应Medium车身。	READY
121442	121442	Sedan	Tipo II	356	4	EU-FIAT-TIPO-356-SEDAN-01	HIGH		READY
121445	121445	Hatchback	500 facelift	312	3	EU-FIAT-500-312-FACELIFT-HATCHBACK-3D-01	HIGH		READY
121446	121446	Hatchback	595 facelift	312	3	EU-ABARTH-595-312-FACELIFT-HATCHBACK-3D-01	HIGH		READY
121480_regular_longbed	121480	Pickup	Silverado 2500HD I	GMT800	2	EU-CHEVROLET-SILVERADO-2500HD-GMT800-PICKUP-REGULARCAB-LONGBED-RWD-01	MEDIUM	后驱Regular Cab长货斗分支。	READY
121480_extended_shortbed	121480	Pickup	Silverado 2500HD I	GMT800	4	EU-CHEVROLET-SILVERADO-2500HD-GMT800-PICKUP-EXTENDEDCAB-SHORTBED-01	MEDIUM	Extended Cab标准货斗分支。	READY
121480_extended_longbed	121480	Pickup	Silverado 2500HD I	GMT800	4	EU-CHEVROLET-SILVERADO-2500HD-GMT800-PICKUP-EXTENDEDCAB-LONGBED-01	MEDIUM	Extended Cab长货斗分支。	READY
121480_crew_shortbed	121480	Pickup	Silverado 2500HD I	GMT800	4	EU-CHEVROLET-SILVERADO-2500HD-GMT800-PICKUP-CREWCAB-SHORTBED-01	MEDIUM	Crew Cab标准货斗分支。	READY
121480_crew_longbed	121480	Pickup	Silverado 2500HD I	GMT800	4	EU-CHEVROLET-SILVERADO-2500HD-GMT800-PICKUP-CREWCAB-LONGBED-01	MEDIUM	Crew Cab长货斗分支。	READY
121481_regular_longbed	121481	Pickup	Silverado 2500HD I	GMT800	2	EU-CHEVROLET-SILVERADO-2500HD-GMT800-PICKUP-REGULARCAB-LONGBED-4WD-01	MEDIUM	四驱Regular Cab长货斗分支。	READY
121481_extended_shortbed	121481	Pickup	Silverado 2500HD I	GMT800	4	EU-CHEVROLET-SILVERADO-2500HD-GMT800-PICKUP-EXTENDEDCAB-SHORTBED-01	MEDIUM	四驱Extended Cab标准货斗分支。	READY
121481_extended_longbed	121481	Pickup	Silverado 2500HD I	GMT800	4	EU-CHEVROLET-SILVERADO-2500HD-GMT800-PICKUP-EXTENDEDCAB-LONGBED-01	MEDIUM	四驱Extended Cab长货斗分支。	READY
121481_crew_shortbed	121481	Pickup	Silverado 2500HD I	GMT800	4	EU-CHEVROLET-SILVERADO-2500HD-GMT800-PICKUP-CREWCAB-SHORTBED-01	MEDIUM	四驱Crew Cab标准货斗分支。	READY
121481_crew_longbed	121481	Pickup	Silverado 2500HD I	GMT800	4	EU-CHEVROLET-SILVERADO-2500HD-GMT800-PICKUP-CREWCAB-LONGBED-01	MEDIUM	四驱Crew Cab长货斗分支。	READY
121493	121493	Coupe	S5 II (F5)	F5	2	EU-AUDI-S5-F5-COUPE-01	HIGH		READY
121494	121494	Coupe	A5 II (F5)	F5	2	EU-AUDI-A5-F5-COUPE-01	HIGH		READY
121495	121495	Coupe	A5 II (F5)	F5	2	EU-AUDI-A5-F5-COUPE-01	HIGH		READY
121496	121496	Pickup	Avalanche II	GMT900	4	EU-CHEVROLET-AVALANCHE-II-PICKUP-01	HIGH		READY
121499	121499	Pickup	Courier Brazil Mk V		2	EU-FORD-COURIER-BRAZIL-MK-V-PICKUP-01	HIGH	巴西版Fiesta衍生单排皮卡。	READY
121500	121500	Hatchback	Twizy I	X09	2	EU-RENAULT-TWIZY-X09-HATCHBACK-01	MEDIUM	Twizy双座四轮车按输入Schrägheck归入Hatchback。	READY
121502	121502	SUV	Cherokee XJ	XJ	5	EU-JEEP-CHEROKEE-XJ-SUV-5D-01	MEDIUM	欧洲2.5五门分支。	READY
121536	121536	Convertible	Fortwo I facelift	A450	2	EU-SMART-FORTWO-A450-CONVERTIBLE-01	HIGH	450系列Cabrio外廓。	READY
121578	121578	MPV	Altea 5P	5P	5	EU-SEAT-ALTEA-5P-MPV-01	HIGH		READY
121586	121586	SUV	SX4 S-Cross I facelift		5	EU-SUZUKI-SX4-S-CROSS-I-FACELIFT-SUV-01	HIGH		READY
121587	121587	SUV	SX4 S-Cross I facelift		5	EU-SUZUKI-SX4-S-CROSS-I-FACELIFT-SUV-01	HIGH		READY
121601	121601	Hatchback	A3 8V facelift	8V	3	EU-AUDI-A3-8V-FACELIFT-HATCHBACK-3D-01	HIGH	三门分支。	READY
121603	121603	Hatchback	A3 8V facelift	8V	5	EU-AUDI-A3-8V-FACELIFT-SPORTBACK-5D-01	HIGH	Sportback五门分支。	READY
121604	121604	Sedan	A3 8V facelift	8V	4	EU-AUDI-A3-8V-FACELIFT-SEDAN-01	HIGH		READY
121605	121605	Convertible	A3 8V facelift	8V	2	EU-AUDI-A3-8V-FACELIFT-CONVERTIBLE-01	HIGH		READY
121616_swb	121616	Sedan	7 Series G11 pre-facelift	G11	4	EU-BMW-7-G11-SEDAN-PREFL-01	HIGH	725d短轴G11分支。	READY
121616_lwb	121616	Sedan	7 Series G12 pre-facelift	G12	4	EU-BMW-7-G12-SEDAN-PREFL-01	HIGH	725Ld长轴G12分支。	READY
121617	121617	SUV	X3 F25 facelift	F25	5	EU-BMW-X3-F25-FACELIFT-SUV-01	HIGH		READY
121618	121618	SUV	X4 F26	F26	5	EU-BMW-X4-F26-SUV-01	HIGH		READY
121619_singlecab_mwb_chassis	121619	Pickup	Sprinter II	W906	2	EU-MERCEDES-BENZ-SPRINTER-W906-CHASSIS-SINGLECAB-MWB-01	MEDIUM	中轴单排驾驶室裸底盘。	READY
121619_singlecab_lwb_chassis	121619	Pickup	Sprinter II	W906	2	EU-MERCEDES-BENZ-SPRINTER-W906-CHASSIS-SINGLECAB-LWB-01	MEDIUM	长轴单排驾驶室裸底盘。	READY
121619_doublecab_mwb_chassis	121619	Pickup	Sprinter II	W906	4	EU-MERCEDES-BENZ-SPRINTER-W906-CHASSIS-DOUBLECAB-MWB-01	MEDIUM	中轴双排驾驶室裸底盘。	READY
121619_doublecab_lwb_chassis	121619	Pickup	Sprinter II	W906	4	EU-MERCEDES-BENZ-SPRINTER-W906-CHASSIS-DOUBLECAB-LWB-01	MEDIUM	长轴双排驾驶室裸底盘。	READY
121619_singlecab_mwb_dropside	121619	Pickup	Sprinter II	W906	2	EU-MERCEDES-BENZ-SPRINTER-W906-DROPSIDE-SINGLECAB-MWB-01	MEDIUM	中轴单排驾驶室原厂栏板。	READY
121619_singlecab_lwb_dropside	121619	Pickup	Sprinter II	W906	2	EU-MERCEDES-BENZ-SPRINTER-W906-DROPSIDE-SINGLECAB-LWB-01	MEDIUM	长轴单排驾驶室原厂栏板。	READY
121619_doublecab_mwb_dropside	121619	Pickup	Sprinter II	W906	4	EU-MERCEDES-BENZ-SPRINTER-W906-DROPSIDE-DOUBLECAB-MWB-01	MEDIUM	中轴双排驾驶室原厂栏板。	READY
121619_doublecab_lwb_dropside	121619	Pickup	Sprinter II	W906	4	EU-MERCEDES-BENZ-SPRINTER-W906-DROPSIDE-DOUBLECAB-LWB-01	MEDIUM	长轴双排驾驶室原厂栏板。	READY
121620	121620	Coupe	GT-R R35 phase III	R35	2	EU-NISSAN-GT-R-R35-PHASE-III-COUPE-01	HIGH		READY
121636	121636	Pickup	Dyna 100 Y100	LY100	2	EU-TOYOTA-DYNA-100-LY100-PICKUP-01	MEDIUM	LY100单排平台/栏板外廓。	READY
121645	121645	Wagon	Clio IV facelift	K98	5	EU-RENAULT-CLIO-IV-FACELIFT-WAGON-01	HIGH		READY
121646	121646	SUV	3008 II		5	EU-PEUGEOT-3008-II-SUV-01	HIGH		READY
121648	121648	SUV	3008 II		5	EU-PEUGEOT-3008-II-SUV-01	HIGH		READY
121649	121649	SUV	3008 II		5	EU-PEUGEOT-3008-II-SUV-01	HIGH		READY
121650	121650	SUV	3008 II		5	EU-PEUGEOT-3008-II-SUV-01	HIGH		READY
121651	121651	Pickup	Trafic III	X82	2	EU-RENAULT-TRAFIC-III-X82-PLATFORM-CAB-L2-01	HIGH	L2H1单排Platform Cab分支。	READY
121652	121652	Pickup	Trafic III	X82	2	EU-RENAULT-TRAFIC-III-X82-PLATFORM-CAB-L2-01	HIGH	L2H1单排Platform Cab分支。	READY
121671	121671	Coupe	SLS AMG Electric Drive	N197	2	EU-MERCEDES-BENZ-SLS-AMG-197-COUPE-01	MEDIUM	Electric Drive N197采用197系列量产双门外廓。	READY
121687	121687	Wagon	ZX	N2	5	EU-CITROEN-ZX-N2-WAGON-01	HIGH	Break五门外廓。	READY
121688_3dr_prefl	121688	Hatchback	ZX Phase I	N2	3	EU-CITROEN-ZX-N2-HATCHBACK-3D-PREFL-01	MEDIUM	三门改款前分支。	READY
121688_5dr_prefl	121688	Hatchback	ZX Phase I	N2	5	EU-CITROEN-ZX-N2-HATCHBACK-5D-PREFL-01	MEDIUM	五门改款前分支。	READY
121688_3dr_facelift	121688	Hatchback	ZX Phase II	N2	3	EU-CITROEN-ZX-N2-HATCHBACK-3D-FACELIFT-01	MEDIUM	三门改款后分支。	READY
121688_5dr_facelift	121688	Hatchback	ZX Phase II	N2	5	EU-CITROEN-ZX-N2-HATCHBACK-5D-FACELIFT-01	MEDIUM	五门改款后分支。	READY
121698	121698	Sedan	Giulia 952	952	4	EU-ALFA-ROMEO-GIULIA-952-SEDAN-01	HIGH		READY
121704	121704	Coupe	Camaro VI		2	EU-CHEVROLET-CAMARO-VI-COUPE-01	HIGH		READY
121706	121706	Convertible	Camaro VI		2	EU-CHEVROLET-CAMARO-VI-CONVERTIBLE-01	HIGH		READY
121722	121722	Hatchback	Megane III	BZ0	5	EU-RENAULT-MEGANE-III-HATCHBACK-5D-01	HIGH		READY
121726	121726	Sedan	E-Class W213 pre-facelift	W213	4	EU-MERCEDES-BENZ-E-CLASS-W213-SEDAN-PREFL-01	HIGH		READY
121773_prefl	121773	Wagon	E-Class S213 pre-facelift	S213	5	EU-MERCEDES-BENZ-E-CLASS-S213-WAGON-PREFL-01	HIGH	改款前物理外廓。	READY
121773_facelift	121773	Wagon	E-Class S213 facelift	S213	5	EU-MERCEDES-BENZ-E-CLASS-S213-WAGON-FACELIFT-01	HIGH	2020改款后物理外廓。	READY
121778_scab_l2	121778	Pickup	Master III Phase II	X62		EU-RENAULT-MASTER-III-X62-PHASE-II-CHASSIS-SCAB-L2-01	HIGH	单排驾驶室L2底盘分支。	READY
121778_scab_l3	121778	Pickup	Master III Phase II	X62		EU-RENAULT-MASTER-III-X62-PHASE-II-CHASSIS-SCAB-L3-01	HIGH	单排驾驶室L3底盘分支。	READY
121778_dcab_l2	121778	Pickup	Master III Phase II	X62		EU-RENAULT-MASTER-III-X62-PHASE-II-CHASSIS-DCAB-L2-01	HIGH	双排驾驶室L2底盘分支。	READY
121778_dcab_l3	121778	Pickup	Master III Phase II	X62		EU-RENAULT-MASTER-III-X62-PHASE-II-CHASSIS-DCAB-L3-01	HIGH	双排驾驶室L3底盘分支。	READY
121779_l1h1	121779	Van	Master III Phase II	X62		EU-RENAULT-MASTER-III-X62-PHASE-II-VAN-L1H1-01	HIGH	L1H1厢式分支。	READY
121779_l1h2	121779	Van	Master III Phase II	X62		EU-RENAULT-MASTER-III-X62-PHASE-II-VAN-L1H2-01	HIGH	L1H2厢式分支。	READY
121779_l2h2	121779	Van	Master III Phase II	X62		EU-RENAULT-MASTER-III-X62-PHASE-II-VAN-L2H2-01	HIGH	L2H2厢式分支。	READY
121779_l2h3	121779	Van	Master III Phase II	X62		EU-RENAULT-MASTER-III-X62-PHASE-II-VAN-L2H3-01	HIGH	L2H3厢式分支。	READY
121779_l3h2	121779	Van	Master III Phase II	X62		EU-RENAULT-MASTER-III-X62-PHASE-II-VAN-L3H2-01	HIGH	L3H2厢式分支。	READY
121779_l3h3	121779	Van	Master III Phase II	X62		EU-RENAULT-MASTER-III-X62-PHASE-II-VAN-L3H3-01	HIGH	L3H3厢式分支。	READY
121780	121780	Pickup	Actyon Sports II		4	EU-SSANGYONG-ACTYON-SPORTS-II-PICKUP-01	HIGH	双排驾驶室皮卡外廓。	READY
121781	121781	SUV	SX4 S-Cross I facelift	JY	5	EU-SUZUKI-SX4-S-CROSS-I-FACELIFT-SUV-01	HIGH		READY
121782	121782	Pickup	Actyon Sports II		4	EU-SSANGYONG-ACTYON-SPORTS-II-PICKUP-01	HIGH	双排驾驶室皮卡外廓。	READY
121807	121807	Hatchback	Sierra Mk II facelift	GBC	5	EU-FORD-SIERRA-MK2-HATCHBACK-5D-01	MEDIUM	五门掀背车身。	READY
121827	121827	Hatchback	Soul II	PS	5	EU-KIA-SOUL-II-HATCHBACK-NO-ROOF-BARS-01	HIGH		READY
121838	121838	Sedan	Accord V facelift	CE9	4	EU-HONDA-ACCORD-V-CE9-SEDAN-FACELIFT-01	HIGH	输入起始年月早于2.2i VTEC实际上市阶段。	READY
121841	121841	SUV	Tiguan II	AD1	5	EU-VW-TIGUAN-II-AD1-SUV-4MOTION-PREFL-01	HIGH	162 kW版本对应改款前4MOTION外廓。	READY
121875	121875	Coupe	T350	T350C	2	EU-TVR-T350-T350C-COUPE-01	MEDIUM	无镜车身宽度采用1715 mm；与原厂1835 mm含镜宽度区分。	READY
121892	121892	Hatchback	C30 I	M	3	EU-VOLVO-C30-M-HATCHBACK-FACELIFT-01	HIGH		READY
121894_prefl	121894	Wagon	760	765	5	EU-VOLVO-760-765-WAGON-PREFL-01	HIGH	Ktype覆盖改款前760 Estate外廓。	READY
121894_facelift	121894	Wagon	760	765	5	EU-VOLVO-760-765-WAGON-FACELIFT-01	HIGH	Ktype覆盖1988年后改款760 Estate外廓。	READY
121895_prefl	121895	Hatchback	C30 I	M	3	EU-VOLVO-C30-M-HATCHBACK-PREFL-01	MEDIUM	Ktype生产区间跨越外观改款；改款前外廓。	READY
121895_facelift	121895	Hatchback	C30 I	M	3	EU-VOLVO-C30-M-HATCHBACK-FACELIFT-01	MEDIUM	Ktype生产区间跨越外观改款；改款后外廓。	READY
121899	121899	Coupe	Mustang VI	S550	2	EU-FORD-USA-MUSTANG-S550-GT-COUPE-PREFL-01	HIGH	改款前GT Fastback外廓。	READY
121901	121901	SUV	GAZ-69	69M	2	EU-GAZ-69-69M-OPEN-SUV-01	HIGH	69M二门开放式车身，标准侧置备胎外廓。	READY
121918_prefl	121918	Sedan	3 Series E90	E90	4	EU-BMW-3-E90-SEDAN-PREFL-01	HIGH	Ktype生产区间跨越改款；改款前外廓。	READY
121918_facelift	121918	Sedan	3 Series E90	E90	4	EU-BMW-3-E90-SEDAN-FACELIFT-01	HIGH	Ktype生产区间跨越改款；改款后外廓。	READY
121922_swb	121922	SUV	Trooper II phase II		3	EU-ISUZU-TROOPER-II-PHASE-II-SUV-3D-SWB-01	MEDIUM	三门短轴物理外廓。	READY
121922_lwb	121922	SUV	Trooper II phase II		5	EU-ISUZU-TROOPER-II-PHASE-II-SUV-5D-LWB-01	MEDIUM	五门长轴物理外廓。	READY
121925	121925	Sedan	800 R17	R17	4	EU-ROVER-800-R17-SEDAN-01	MEDIUM		READY
121950_swb	121950	Sedan	7 Series E38	E38	4	EU-BMW-7-E38-SEDAN-SWB-01	HIGH	735i短轴车身。	READY
121950_lwb	121950	Sedan	7 Series E38	E38	4	EU-BMW-7-E38-SEDAN-LWB-01	HIGH	735iL长轴车身。	READY
121951	121951	Sedan	Beta Berlina II	828	4	EU-LANCIA-BETA-828-BERLINA-SEDAN-01	MEDIUM	输入结束年月晚于Beta Berlina生产期；按1600 Berlina物理外廓关联。	READY
121954	121954	Coupe	Silvia S15	S15	2	EU-NISSAN-SILVIA-S15-COUPE-01	HIGH		READY
121955	121955	Coupe	Silvia S15	S15	2	EU-NISSAN-SILVIA-S15-COUPE-01	HIGH		READY
121956	121956	Coupe	TT III	8S	2	EU-AUDI-TT-8S-RS-COUPE-01	HIGH		READY
121959	121959	Convertible	TT III	8S	2	EU-AUDI-TT-8S-RS-ROADSTER-01	HIGH		READY
121960_l1h1	121960	Van	Vivaro B	X82		EU-OPEL-VIVARO-B-VAN-L1H1-01	HIGH	L1H1厢式车身。	READY
121960_l2h1	121960	Van	Vivaro B	X82		EU-OPEL-VIVARO-B-VAN-L2H1-01	HIGH	L2H1厢式车身。	READY
121962_l1h1	121962	Van	Vivaro B	X82		EU-OPEL-VIVARO-B-VAN-L1H1-01	HIGH	L1H1厢式车身。	READY
121962_l1h2	121962	Van	Vivaro B	X82		EU-OPEL-VIVARO-B-VAN-L1H2-01	HIGH	L1H2高顶厢式车身。	READY
121962_l2h1	121962	Van	Vivaro B	X82		EU-OPEL-VIVARO-B-VAN-L2H1-01	HIGH	L2H1厢式车身。	READY
121962_l2h2	121962	Van	Vivaro B	X82		EU-OPEL-VIVARO-B-VAN-L2H2-01	HIGH	L2H2高顶厢式车身。	READY
121963_l1h1	121963	Van	Vivaro B	X82		EU-OPEL-VIVARO-B-VAN-L1H1-01	HIGH	L1H1厢式车身。	READY
121963_l2h1	121963	Van	Vivaro B	X82		EU-OPEL-VIVARO-B-VAN-L2H1-01	HIGH	L2H1厢式车身。	READY
121964	121964	Hatchback	MINI Hatch F56	F56	3	EU-MINI-MINI-F56-HATCHBACK-COOPER-S-01	HIGH		READY
121966	121966	Sedan	5 Series E60	E60	4	EU-BMW-5-E60-SEDAN-01	MEDIUM		READY
121967	121967	Sedan	3 Series E46	E46	4	EU-BMW-3-E46-SEDAN-FACELIFT-01	MEDIUM		READY
121968	121968	Hatchback	3 Series E36 Compact	E36/5	3	EU-BMW-3-E36-COMPACT-HATCHBACK-01	MEDIUM		READY
121969	121969	Sedan	7 Series E65	E65	4	EU-BMW-7-E65-SEDAN-PREFL-01	MEDIUM		READY
121970	121970	SUV	SX4 S-Cross I facelift	JY	5	EU-SUZUKI-SX4-S-CROSS-I-FACELIFT-SUV-01	HIGH		READY
121971	121971	Convertible	Z3 E36/7	E36/7	2	EU-BMW-Z3-E36-7-ROADSTER-FACELIFT-01	MEDIUM		READY
121982	121982	Hatchback	C3 III		5	EU-CITROEN-C3-III-HATCHBACK-PREFL-01	HIGH		READY
121983	121983	Coupe	Glas V8		2	EU-BMW-GLAS-V8-COUPE-01	HIGH	输入车身类型为Stufenheck；可靠资料确认为二门Coupe。	READY
121986	121986	Coupe	Q60 II	CV37	2	EU-INFINITI-Q60-CV37-COUPE-01	HIGH		READY
121988	121988	Coupe	Glas V8		2	EU-BMW-GLAS-V8-COUPE-01	HIGH	输入车身类型为Stufenheck；可靠资料确认为二门Coupe。	READY
121989	121989	Coupe	Q60 II	CV37	2	EU-INFINITI-Q60-CV37-COUPE-01	HIGH		READY
121991_2dr	121991	Sedan	Taunus TC I	TC1	2	EU-FORD-TAUNUS-TC1-SEDAN-2D-01	MEDIUM	2300 GT/GXL覆盖二门三厢车身。	READY
121991_4dr	121991	Sedan	Taunus TC I	TC1	4	EU-FORD-TAUNUS-TC1-SEDAN-4D-01	MEDIUM	2300 GT/GXL覆盖四门三厢车身。	READY
121993	121993	Sedan	5 Series E60	E60	4	EU-BMW-5-E60-SEDAN-01	MEDIUM		READY
121994	121994	Sedan	A8 D4 facelift		4	EU-AUDI-A8-D4-FACELIFT-SEDAN-SWB-01	HIGH	标准轴距车身。	READY
121998_prefl	121998	Sedan	3 Series E90	E90	4	EU-BMW-3-E90-SEDAN-PREFL-01	HIGH	Ktype生产区间跨越改款；改款前外廓。	READY
121998_facelift	121998	Sedan	3 Series E90	E90	4	EU-BMW-3-E90-SEDAN-FACELIFT-01	HIGH	Ktype生产区间跨越改款；改款后外廓。	READY
122003	122003	Wagon	Optima JF	JF	5	EU-KIA-OPTIMA-JF-SPORTSWAGON-01	HIGH		READY
122004	122004	Wagon	Optima JF	JF	5	EU-KIA-OPTIMA-JF-SPORTSWAGON-GT-01	HIGH	GT低悬外廓分支。	READY
122006	122006	Wagon	Optima JF	JF	5	EU-KIA-OPTIMA-JF-SPORTSWAGON-01	HIGH		READY
122007	122007	SUV	Tiguan II	AD1	5	EU-VW-TIGUAN-II-AD1-SUV-FWD-PREFL-01	HIGH	改款前前驱标准高度外廓。	READY
122008	122008	Convertible	3 Series E46	E46/2C	2	EU-BMW-3-E46-CONVERTIBLE-PREFL-01	MEDIUM	323Ci改款前敞篷车身。	READY
122014	122014	Targa	914	914	2	EU-PORSCHE-914-TARGA-01	HIGH	可拆卸硬顶Targa车身。	READY
122015	122015	Coupe	Ghibli II	AM336	2	EU-MASERATI-GHIBLI-II-AM336-CUP-COUPE-01	HIGH	243 kW版本对应Ghibli Cup外廓。	READY
122016	122016	Targa	914	914	2	EU-PORSCHE-914-TARGA-01	HIGH	可拆卸硬顶Targa车身。	READY
122017	122017	Coupe	Sport Prinz		2	EU-NSU-SPORTPRINZ-COUPE-01	HIGH		READY
122018	122018	Sedan	Prinz 1000		2	EU-NSU-PRINZ-1000-SEDAN-01	MEDIUM	32 kW版本对应Prinz 1000。	READY
122020_prefl	122020	Wagon	3 Series E91	E91	5	EU-BMW-3-E91-WAGON-PREFL-01	HIGH	Ktype生产区间跨越改款；改款前外廓。	READY
122020_facelift	122020	Wagon	3 Series E91	E91	5	EU-BMW-3-E91-WAGON-FACELIFT-01	HIGH	Ktype生产区间跨越改款；改款后外廓。	READY
122021	122021	Wagon	3 Series E91	E91	5	EU-BMW-3-E91-WAGON-FACELIFT-01	HIGH		READY
122022	122022	Coupe	1 Series E82	E82	2	EU-BMW-1-E82-COUPE-01	HIGH		READY
122024	122024	SUV	C-HR I	NGX50	5	EU-TOYOTA-C-HR-I-SUV-01	HIGH		READY
122033	122033	SUV	Edge II		5	EU-FORD-USA-EDGE-II-SUV-01	HIGH		READY
122034	122034	SUV	Edge II		5	EU-FORD-USA-EDGE-II-SUV-01	HIGH		READY
122038	122038	Hatchback	Tipo II	357	5	EU-FIAT-TIPO-357-HATCHBACK-01	HIGH		READY
122039	122039	Wagon	Tipo II	358	5	EU-FIAT-TIPO-358-WAGON-01	HIGH		READY
122059	122059	Sedan	A4 B9	8W2	4	EU-AUDI-A4-B9-SEDAN-PREFL-01	HIGH	B9改款前外廓。	READY
122060	122060	Sedan	Cadenza II	YG	4	EU-KIA-CADENZA-II-YG-SEDAN-01	HIGH		READY
122061	122061	Wagon	A4 B9	8W5	5	EU-AUDI-A4-B9-AVANT-WAGON-01	HIGH		READY
122062	122062	Sedan	Cadenza II	YG	4	EU-KIA-CADENZA-II-YG-SEDAN-01	HIGH		READY
122065_3dr	122065	Hatchback	208 I facelift		3	EU-PEUGEOT-208-I-FACELIFT-HATCHBACK-3D-01	MEDIUM	GPL Ktype覆盖三门车身。	READY
122065_5dr	122065	Hatchback	208 I facelift		5	EU-PEUGEOT-208-I-FACELIFT-HATCHBACK-5D-01	MEDIUM	GPL Ktype覆盖五门车身。	READY
122082	122082	Convertible	595 facelift		2	EU-ABARTH-595C-FACELIFT-CONVERTIBLE-01	HIGH		READY
122101	122101	MPV	Berlingo II	B9	5	EU-CITROEN-BERLINGO-II-B9-MPV-4X4-01	HIGH		READY
122102	122102	MPV	Berlingo II	B9	5	EU-CITROEN-BERLINGO-II-B9-MPV-4X4-01	MEDIUM		READY
122103_van_l1	122103	Van	Berlingo II	B9		EU-CITROEN-BERLINGO-II-B9-VAN-L1-4X4-01	HIGH	4×4 L1厢式分支。	READY
122103_van_l2	122103	Van	Berlingo II	B9		EU-CITROEN-BERLINGO-II-B9-VAN-L2-4X4-01	MEDIUM	4×4 L2厢式分支。	READY
122104_van_l1	122104	Van	Berlingo II	B9		EU-CITROEN-BERLINGO-II-B9-VAN-L1-4X4-01	HIGH	4×4 L1厢式分支。	READY
122104_van_l2	122104	Van	Berlingo II	B9		EU-CITROEN-BERLINGO-II-B9-VAN-L2-4X4-01	MEDIUM	4×4 L2厢式分支。	READY
122105_van_l1	122105	Van	Berlingo II	B9		EU-CITROEN-BERLINGO-II-B9-VAN-L1-4X4-01	HIGH	4×4 L1厢式分支。	READY
122105_van_l2	122105	Van	Berlingo II	B9		EU-CITROEN-BERLINGO-II-B9-VAN-L2-4X4-01	MEDIUM	4×4 L2厢式分支。	READY
122106_van_l1	122106	Van	Berlingo II	B9		EU-CITROEN-BERLINGO-II-B9-VAN-L1-4X4-01	HIGH	4×4 L1厢式分支。	READY
122106_van_l2	122106	Van	Berlingo II	B9		EU-CITROEN-BERLINGO-II-B9-VAN-L2-4X4-01	MEDIUM	4×4 L2厢式分支。	READY
122112_scab_l1	122112	Pickup	Jumper III facelift			EU-CITROEN-JUMPER-III-FACELIFT-CHASSIS-SCAB-L1-01	MEDIUM	单排驾驶室L1底盘分支。	READY
122112_scab_l2	122112	Pickup	Jumper III facelift			EU-CITROEN-JUMPER-III-FACELIFT-CHASSIS-SCAB-L2-01	MEDIUM	单排驾驶室L2底盘分支。	READY
122112_scab_l2s	122112	Pickup	Jumper III facelift			EU-CITROEN-JUMPER-III-FACELIFT-CHASSIS-SCAB-L2S-01	MEDIUM	单排驾驶室L2S加长底盘分支。	READY
122112_scab_l3	122112	Pickup	Jumper III facelift			EU-CITROEN-JUMPER-III-FACELIFT-CHASSIS-SCAB-L3-01	MEDIUM	单排驾驶室L3底盘分支。	READY
122112_scab_l4	122112	Pickup	Jumper III facelift			EU-CITROEN-JUMPER-III-FACELIFT-CHASSIS-SCAB-L4-01	MEDIUM	单排驾驶室L4底盘分支。	READY
122112_dcab_l2	122112	Pickup	Jumper III facelift			EU-CITROEN-JUMPER-III-FACELIFT-CHASSIS-DCAB-L2-01	MEDIUM	双排驾驶室L2底盘分支。	READY
122112_dcab_l3	122112	Pickup	Jumper III facelift			EU-CITROEN-JUMPER-III-FACELIFT-CHASSIS-DCAB-L3-01	MEDIUM	双排驾驶室L3底盘分支。	READY
122113_l1h1	122113	Van	Jumper III facelift			EU-CITROEN-JUMPER-III-FACELIFT-VAN-L1H1-01	HIGH	L1H1厢式分支。	READY
122113_l1h2	122113	Van	Jumper III facelift			EU-CITROEN-JUMPER-III-FACELIFT-VAN-L1H2-01	HIGH	L1H2厢式分支。	READY
122113_l2h1	122113	Van	Jumper III facelift			EU-CITROEN-JUMPER-III-FACELIFT-VAN-L2H1-01	HIGH	L2H1厢式分支。	READY
122113_l2h2	122113	Van	Jumper III facelift			EU-CITROEN-JUMPER-III-FACELIFT-VAN-L2H2-01	HIGH	L2H2厢式分支。	READY
122113_l3h2	122113	Van	Jumper III facelift			EU-CITROEN-JUMPER-III-FACELIFT-VAN-L3H2-01	HIGH	L3H2厢式分支。	READY
122113_l3h3	122113	Van	Jumper III facelift			EU-CITROEN-JUMPER-III-FACELIFT-VAN-L3H3-01	HIGH	L3H3厢式分支。	READY
122113_l4h2	122113	Van	Jumper III facelift			EU-CITROEN-JUMPER-III-FACELIFT-VAN-L4H2-01	HIGH	L4H2厢式分支。	READY
122113_l4h3_35	122113	Van	Jumper III facelift			EU-CITROEN-JUMPER-III-FACELIFT-VAN-L4H3-35-01	HIGH	L4H3 3.5吨厢式分支。	READY
122113_l4h3_40	122113	Van	Jumper III facelift			EU-CITROEN-JUMPER-III-FACELIFT-VAN-L4H3-40-01	HIGH	L4H3 4.0吨厢式分支。	READY
122114_scab_l1	122114	Pickup	Jumper III facelift			EU-CITROEN-JUMPER-III-FACELIFT-CHASSIS-SCAB-L1-01	HIGH	单排驾驶室L1底盘分支。	READY
122114_scab_l2	122114	Pickup	Jumper III facelift			EU-CITROEN-JUMPER-III-FACELIFT-CHASSIS-SCAB-L2-01	HIGH	单排驾驶室L2底盘分支。	READY
122114_scab_l2s	122114	Pickup	Jumper III facelift			EU-CITROEN-JUMPER-III-FACELIFT-CHASSIS-SCAB-L2S-01	HIGH	单排驾驶室L2S加长底盘分支。	READY
122114_scab_l3	122114	Pickup	Jumper III facelift			EU-CITROEN-JUMPER-III-FACELIFT-CHASSIS-SCAB-L3-01	HIGH	单排驾驶室L3底盘分支。	READY
122114_scab_l4	122114	Pickup	Jumper III facelift			EU-CITROEN-JUMPER-III-FACELIFT-CHASSIS-SCAB-L4-01	HIGH	单排驾驶室L4底盘分支。	READY
122114_dcab_l2	122114	Pickup	Jumper III facelift			EU-CITROEN-JUMPER-III-FACELIFT-CHASSIS-DCAB-L2-01	HIGH	双排驾驶室L2底盘分支。	READY
122114_dcab_l3	122114	Pickup	Jumper III facelift			EU-CITROEN-JUMPER-III-FACELIFT-CHASSIS-DCAB-L3-01	HIGH	双排驾驶室L3底盘分支。	READY
122119	122119	Coupe	Continental GT II		2	EU-BENTLEY-CONTINENTAL-GT-II-V8S-COUPE-01	MEDIUM	528 hp对应V8 S车身。	READY
122120	122120	Convertible	Continental GT II		2	EU-BENTLEY-CONTINENTAL-GT-II-V8S-CONVERTIBLE-01	MEDIUM	528 hp对应V8 S敞篷车身。	READY
122123	122123	Van	Type 147 Fridolin	147		EU-VW-TYPE-147-FRIDOLIN-VAN-01	HIGH		READY
122125_l1h1	122125	Van	Jumpy II			EU-CITROEN-JUMPY-II-VAN-L1H1-4X4-01	MEDIUM	L1H1 4×4厢式分支。	READY
122125_l2h1	122125	Van	Jumpy II			EU-CITROEN-JUMPY-II-VAN-L2H1-4X4-01	MEDIUM	L2H1 4×4厢式分支。	READY
122129_l1h1	122129	Van	Master III Phase II	X62		EU-RENAULT-MASTER-III-X62-PHASE-II-VAN-L1H1-01	HIGH	L1H1厢式分支。	READY
122129_l1h2	122129	Van	Master III Phase II	X62		EU-RENAULT-MASTER-III-X62-PHASE-II-VAN-L1H2-01	HIGH	L1H2厢式分支。	READY
122129_l2h2	122129	Van	Master III Phase II	X62		EU-RENAULT-MASTER-III-X62-PHASE-II-VAN-L2H2-01	HIGH	L2H2厢式分支。	READY
122129_l2h3	122129	Van	Master III Phase II	X62		EU-RENAULT-MASTER-III-X62-PHASE-II-VAN-L2H3-01	HIGH	L2H3厢式分支。	READY
122129_l3h2	122129	Van	Master III Phase II	X62		EU-RENAULT-MASTER-III-X62-PHASE-II-VAN-L3H2-01	HIGH	L3H2厢式分支。	READY
122129_l3h3	122129	Van	Master III Phase II	X62		EU-RENAULT-MASTER-III-X62-PHASE-II-VAN-L3H3-01	HIGH	L3H3厢式分支。	READY
122130	122130	Hatchback	Clio IV facelift	X98	5	EU-RENAULT-CLIO-IV-FACELIFT-HATCHBACK-01	HIGH		READY
122135	122135	MPV	Scénic IV		5	EU-RENAULT-SCENIC-IV-MPV-01	HIGH		READY
122136	122136	MPV	Grand Scénic IV		5	EU-RENAULT-GRAND-SCENIC-IV-MPV-01	HIGH		READY
122138	122138	MPV	Scénic IV		5	EU-RENAULT-SCENIC-IV-MPV-01	HIGH		READY
122139	122139	MPV	Grand Scénic IV		5	EU-RENAULT-GRAND-SCENIC-IV-MPV-01	HIGH		READY
122140	122140	MPV	Scénic IV		5	EU-RENAULT-SCENIC-IV-MPV-01	HIGH		READY
122141	122141	MPV	Scénic IV		5	EU-RENAULT-SCENIC-IV-MPV-01	HIGH		READY
122142	122142	Hatchback	i20 II	GB	5	EU-HYUNDAI-I20-GB-ACTIVE-HATCHBACK-01	HIGH	Active跨界车身外廓。	READY
122143	122143	MPV	Grand Scénic IV		5	EU-RENAULT-GRAND-SCENIC-IV-MPV-01	HIGH		READY
122144	122144	MPV	Scénic IV		5	EU-RENAULT-SCENIC-IV-MPV-01	HIGH		READY
122145	122145	Hatchback	i20 II	GB	5	EU-HYUNDAI-I20-GB-ACTIVE-HATCHBACK-01	HIGH	Active跨界车身外廓。	READY
122147	122147	MPV	Grand Scénic IV		5	EU-RENAULT-GRAND-SCENIC-IV-MPV-01	HIGH		READY
122149	122149	MPV	Scénic IV		5	EU-RENAULT-SCENIC-IV-MPV-01	HIGH		READY
122150	122150	Hatchback	i20 II	GB	5	EU-HYUNDAI-I20-GB-ACTIVE-HATCHBACK-01	HIGH	Active跨界车身外廓。	READY
122151	122151	MPV	Grand Scénic IV		5	EU-RENAULT-GRAND-SCENIC-IV-MPV-01	HIGH		READY
122152	122152	Sedan	Corolla VIII E110		4	EU-TOYOTA-COROLLA-VIII-E110-SEDAN-01	MEDIUM	输入排量与欧洲81 kW版本资料不一致；四门三厢外廓已确认。	READY
122156_2108_3dr	122156	Hatchback	Samara I	2108	3	EU-LADA-SAMARA-2108-HATCHBACK-3D-01	MEDIUM	2108三门改款前车身。	READY
122156_2109_5dr	122156	Hatchback	Samara I	2109	5	EU-LADA-SAMARA-2109-HATCHBACK-5D-01	MEDIUM	2109五门改款前车身。	READY
122156_2113_3dr	122156	Hatchback	Samara II	2113	3	EU-LADA-SAMARA-2113-HATCHBACK-3D-01	MEDIUM	2113三门改款后车身。	READY
122156_2114_5dr	122156	Hatchback	Samara II	2114	5	EU-LADA-SAMARA-2114-HATCHBACK-5D-01	MEDIUM	2114五门改款后车身。	READY
122160	122160	Sedan	CTS I	GMX320	4	EU-CADILLAC-CTS-I-GMX320-V-SEDAN-01	HIGH	5.7升版本对应CTS-V。	READY
122175	122175	Hatchback	Lacetti I	J200	5	EU-DAEWOO-LACETTI-J200-HATCHBACK-01	HIGH		READY
123345_prefl	123345	Sedan	5 Series G30	G30	4	EU-BMW-5-G30-SEDAN-PREFL-01	HIGH	同一Ktype覆盖G30改款前后外廓，按长度变化拆分。	READY
123345_facelift	123345	Sedan	5 Series G30	G30	4	EU-BMW-5-G30-SEDAN-FACELIFT-01	HIGH	同一Ktype覆盖G30改款前后外廓，按长度变化拆分。	READY
123346_prefl	123346	Sedan	5 Series G30	G30	4	EU-BMW-5-G30-SEDAN-PREFL-01	HIGH	同一Ktype覆盖G30改款前后外廓，按长度变化拆分。	READY
123346_facelift	123346	Sedan	5 Series G30	G30	4	EU-BMW-5-G30-SEDAN-FACELIFT-01	HIGH	同一Ktype覆盖G30改款前后外廓，按长度变化拆分。	READY
123348	123348	Sedan	5 Series G30	G30	4	EU-BMW-5-G30-SEDAN-PREFL-01	HIGH		READY
123349	123349	Sedan	5 Series G30	G30	4	EU-BMW-5-G30-SEDAN-PREFL-01	HIGH		READY
123350	123350	Wagon	MINI Clubman F54	F54	6	EU-MINI-MINI-F54-WAGON-01	HIGH	F54 Clubman六门外廓（四侧门及双开尾门）。	READY
123356	123356	Wagon	MINI Clubman F54	F54	6	EU-MINI-MINI-F54-WAGON-01	HIGH	F54 Clubman六门外廓（四侧门及双开尾门）。	READY
123357	123357	Wagon	MINI Clubman F54	F54	6	EU-MINI-MINI-F54-WAGON-01	HIGH	F54 Clubman六门外廓（四侧门及双开尾门）。	READY
123358	123358	Wagon	MINI Clubman F54	F54	6	EU-MINI-MINI-F54-WAGON-01	HIGH	F54 Clubman六门外廓（四侧门及双开尾门）。	READY
123359_scab_l2	123359	Chassis Cab	Movano B	X62	2	EU-RENAULT-MASTER-III-X62-PHASE-II-CHASSIS-SCAB-L2-01	HIGH	输入未区分单排驾驶室与底盘长度。	READY
123359_scab_l3	123359	Chassis Cab	Movano B	X62	2	EU-RENAULT-MASTER-III-X62-PHASE-II-CHASSIS-SCAB-L3-01	HIGH	输入未区分单排驾驶室与底盘长度。	READY
123359_dcab_l2	123359	Chassis Cab	Movano B	X62	4	EU-RENAULT-MASTER-III-X62-PHASE-II-CHASSIS-DCAB-L2-01	HIGH	输入未区分双排驾驶室与底盘长度。	READY
123359_dcab_l3	123359	Chassis Cab	Movano B	X62	4	EU-RENAULT-MASTER-III-X62-PHASE-II-CHASSIS-DCAB-L3-01	HIGH	输入未区分双排驾驶室与底盘长度。	READY
123360_scab_l2	123360	Chassis Cab	Movano B	X62	2	EU-RENAULT-MASTER-III-X62-PHASE-II-CHASSIS-SCAB-L2-01	HIGH	输入未区分单排驾驶室与底盘长度。	READY
123360_scab_l3	123360	Chassis Cab	Movano B	X62	2	EU-RENAULT-MASTER-III-X62-PHASE-II-CHASSIS-SCAB-L3-01	HIGH	输入未区分单排驾驶室与底盘长度。	READY
123360_dcab_l2	123360	Chassis Cab	Movano B	X62	4	EU-RENAULT-MASTER-III-X62-PHASE-II-CHASSIS-DCAB-L2-01	HIGH	输入未区分双排驾驶室与底盘长度。	READY
123360_dcab_l3	123360	Chassis Cab	Movano B	X62	4	EU-RENAULT-MASTER-III-X62-PHASE-II-CHASSIS-DCAB-L3-01	HIGH	输入未区分双排驾驶室与底盘长度。	READY
123361_scab_l2	123361	Chassis Cab	Movano B	X62	2	EU-OPEL-MOVANO-B-X62-CHASSIS-SCAB-L2-RWD-01	HIGH	输入未区分驾驶室、长度及后轮形式。	READY
123361_scab_l3_srw	123361	Chassis Cab	Movano B	X62	2	EU-OPEL-MOVANO-B-X62-CHASSIS-SCAB-L3-SRW-01	HIGH	输入未区分驾驶室、长度及后轮形式。	READY
123361_scab_l3_drw	123361	Chassis Cab	Movano B	X62	2	EU-OPEL-MOVANO-B-X62-CHASSIS-SCAB-L3-DRW-01	HIGH	输入未区分驾驶室、长度及后轮形式。	READY
123361_scab_l4_drw	123361	Chassis Cab	Movano B	X62	2	EU-OPEL-MOVANO-B-X62-CHASSIS-SCAB-L4-DRW-01	HIGH	输入未区分驾驶室、长度及后轮形式。	READY
123361_dcab_l2_srw	123361	Chassis Cab	Movano B	X62	4	EU-OPEL-MOVANO-B-X62-CHASSIS-DCAB-L2-SRW-01	HIGH	输入未区分驾驶室、长度及后轮形式。	READY
123361_dcab_l2_drw	123361	Chassis Cab	Movano B	X62	4	EU-OPEL-MOVANO-B-X62-CHASSIS-DCAB-L2-DRW-01	HIGH	输入未区分驾驶室、长度及后轮形式。	READY
123361_dcab_l3_srw	123361	Chassis Cab	Movano B	X62	4	EU-OPEL-MOVANO-B-X62-CHASSIS-DCAB-L3-SRW-01	HIGH	输入未区分驾驶室、长度及后轮形式。	READY
123361_dcab_l3_drw	123361	Chassis Cab	Movano B	X62	4	EU-OPEL-MOVANO-B-X62-CHASSIS-DCAB-L3-DRW-01	HIGH	输入未区分驾驶室、长度及后轮形式。	READY
123361_dcab_l4_drw	123361	Chassis Cab	Movano B	X62	4	EU-OPEL-MOVANO-B-X62-CHASSIS-DCAB-L4-DRW-01	HIGH	输入未区分驾驶室、长度及后轮形式。	READY
123362	123362	Wagon	MINI Clubman F54	F54	6	EU-MINI-MINI-F54-WAGON-01	HIGH	F54 Clubman六门外廓（四侧门及双开尾门）。	READY
123363_l1h1	123363	Van	Movano B	X62		EU-RENAULT-MASTER-III-X62-PHASE-II-VAN-L1H1-01	HIGH	输入未区分长度和车顶高度。	READY
123363_l1h2	123363	Van	Movano B	X62		EU-RENAULT-MASTER-III-X62-PHASE-II-VAN-L1H2-01	HIGH	输入未区分长度和车顶高度。	READY
123363_l2h2	123363	Van	Movano B	X62		EU-RENAULT-MASTER-III-X62-PHASE-II-VAN-L2H2-01	HIGH	输入未区分长度和车顶高度。	READY
123363_l2h3	123363	Van	Movano B	X62		EU-RENAULT-MASTER-III-X62-PHASE-II-VAN-L2H3-01	HIGH	输入未区分长度和车顶高度。	READY
123363_l3h2	123363	Van	Movano B	X62		EU-RENAULT-MASTER-III-X62-PHASE-II-VAN-L3H2-01	HIGH	输入未区分长度和车顶高度。	READY
123363_l3h3	123363	Van	Movano B	X62		EU-RENAULT-MASTER-III-X62-PHASE-II-VAN-L3H3-01	HIGH	输入未区分长度和车顶高度。	READY
123364	123364	Wagon	MINI Clubman F54	F54	6	EU-MINI-MINI-F54-WAGON-01	HIGH	F54 Clubman六门外廓（四侧门及双开尾门）。	READY
123365_l1h1	123365	Van	Movano B	X62		EU-RENAULT-MASTER-III-X62-PHASE-II-VAN-L1H1-01	HIGH	输入未区分长度和车顶高度。	READY
123365_l1h2	123365	Van	Movano B	X62		EU-RENAULT-MASTER-III-X62-PHASE-II-VAN-L1H2-01	HIGH	输入未区分长度和车顶高度。	READY
123365_l2h2	123365	Van	Movano B	X62		EU-RENAULT-MASTER-III-X62-PHASE-II-VAN-L2H2-01	HIGH	输入未区分长度和车顶高度。	READY
123365_l2h3	123365	Van	Movano B	X62		EU-RENAULT-MASTER-III-X62-PHASE-II-VAN-L2H3-01	HIGH	输入未区分长度和车顶高度。	READY
123365_l3h2	123365	Van	Movano B	X62		EU-RENAULT-MASTER-III-X62-PHASE-II-VAN-L3H2-01	HIGH	输入未区分长度和车顶高度。	READY
123365_l3h3	123365	Van	Movano B	X62		EU-RENAULT-MASTER-III-X62-PHASE-II-VAN-L3H3-01	HIGH	输入未区分长度和车顶高度。	READY
123366_l3h2_srw	123366	Van	Movano B	X62		EU-OPEL-MOVANO-B-X62-VAN-L3H2-SRW-01	HIGH	输入未区分长度、车顶高度及后轮形式。	READY
123366_l3h3_srw	123366	Van	Movano B	X62		EU-OPEL-MOVANO-B-X62-VAN-L3H3-SRW-01	HIGH	输入未区分长度、车顶高度及后轮形式。	READY
123366_l3h2_drw	123366	Van	Movano B	X62		EU-OPEL-MOVANO-B-X62-VAN-L3H2-DRW-01	HIGH	输入未区分长度、车顶高度及后轮形式。	READY
123366_l3h3_drw	123366	Van	Movano B	X62		EU-OPEL-MOVANO-B-X62-VAN-L3H3-DRW-01	HIGH	输入未区分长度、车顶高度及后轮形式。	READY
123366_l4h2_drw	123366	Van	Movano B	X62		EU-OPEL-MOVANO-B-X62-VAN-L4H2-DRW-01	HIGH	输入未区分长度、车顶高度及后轮形式。	READY
123366_l4h3_drw	123366	Van	Movano B	X62		EU-OPEL-MOVANO-B-X62-VAN-L4H3-DRW-01	HIGH	输入未区分长度、车顶高度及后轮形式。	READY
123367	123367	MPV	Zafira C	P12	5	EU-OPEL-ZAFIRA-C-P12-MPV-01	HIGH		READY
123369	123369	Wagon	MINI Clubman F54	F54	6	EU-MINI-MINI-F54-WAGON-01	HIGH	F54 Clubman六门外廓（四侧门及双开尾门）。	READY
123370	123370	Wagon	MINI Clubman F54	F54	6	EU-MINI-MINI-F54-WAGON-01	HIGH	F54 Clubman六门外廓（四侧门及双开尾门）。	READY
123385	123385	SUV	Q5 I	8R	5	EU-AUDI-Q5-I-8R-SUV-01	HIGH		READY
123387	123387	SUV	Q5 I	8R	5	EU-AUDI-Q5-I-8R-SUV-01	HIGH		READY
123388	123388	Sedan	Giulia 952	952	4	EU-ALFA-ROMEO-GIULIA-952-SEDAN-01	HIGH		READY
123395	123395	Sedan	Tipo 356	356	4	EU-FIAT-TIPO-356-SEDAN-01	HIGH		READY
123396	123396	Hatchback	Tipo 357	357	5	EU-FIAT-TIPO-357-HATCHBACK-01	HIGH		READY
123397	123397	SUV	Q5 II	FY	5	EU-AUDI-Q5-II-FY-SUV-01	HIGH		READY
123398	123398	Wagon	Tipo 358	358	5	EU-FIAT-TIPO-358-WAGON-01	HIGH		READY
123400	123400	SUV	Q5 II	FY	5	EU-AUDI-Q5-II-FY-SUV-01	HIGH		READY
123422	123422	SUV	Kodiaq I	NS7	5	EU-SKODA-KODIAQ-I-NS7-SUV-PREFL-01	HIGH		READY
123424	123424	SUV	Kodiaq I	NS7	5	EU-SKODA-KODIAQ-I-NS7-SUV-PREFL-01	HIGH		READY
123425	123425	SUV	Kodiaq I	NS7	5	EU-SKODA-KODIAQ-I-NS7-SUV-PREFL-01	HIGH		READY
123426	123426	SUV	Kodiaq I	NS7	5	EU-SKODA-KODIAQ-I-NS7-SUV-PREFL-01	HIGH		READY
123427	123427	SUV	Kodiaq I	NS7	5	EU-SKODA-KODIAQ-I-NS7-SUV-PREFL-01	HIGH		READY
123431	123431	Chassis Cab	Vivaro B	X82	2	EU-OPEL-VIVARO-B-X82-PLATFORM-CAB-L2-01	HIGH	L2 Platform Cab单一外廓。	READY
123432	123432	Chassis Cab	Vivaro B	X82	2	EU-OPEL-VIVARO-B-X82-PLATFORM-CAB-L2-01	HIGH	L2 Platform Cab单一外廓。	READY
123438	123438	Wagon	MINI Clubman F54	F54	6	EU-MINI-MINI-F54-WAGON-01	HIGH	F54 Clubman六门外廓（四侧门及双开尾门）。	READY
123447_scab_l2	123447	Chassis Cab	Master III X62 Phase II	X62	2	EU-RENAULT-MASTER-III-X62-PHASE-II-CHASSIS-SCAB-L2-01	HIGH	输入未区分驾驶室与车长，按SCAB/DCAB及L2/L3外廓拆分。	READY
123447_scab_l3	123447	Chassis Cab	Master III X62 Phase II	X62	2	EU-RENAULT-MASTER-III-X62-PHASE-II-CHASSIS-SCAB-L3-01	HIGH	输入未区分驾驶室与车长，按SCAB/DCAB及L2/L3外廓拆分。	READY
123447_dcab_l2	123447	Chassis Cab	Master III X62 Phase II	X62	4	EU-RENAULT-MASTER-III-X62-PHASE-II-CHASSIS-DCAB-L2-01	HIGH	输入未区分驾驶室与车长，按SCAB/DCAB及L2/L3外廓拆分。	READY
123447_dcab_l3	123447	Chassis Cab	Master III X62 Phase II	X62	4	EU-RENAULT-MASTER-III-X62-PHASE-II-CHASSIS-DCAB-L3-01	HIGH	输入未区分驾驶室与车长，按SCAB/DCAB及L2/L3外廓拆分。	READY
123503	123503	Sedan	S-Class W221 Facelift	W221	4	EU-MERCEDES-BENZ-S-CLASS-W221-SEDAN-FACELIFT-01	HIGH	211 PS标注存在上游功率偏差，但生产期与车型边界对应W221改款版。	READY
123530	123530	Sedan	Premio II	ZRT260	4	EU-TOYOTA-PREMIO-II-ZRT260-SEDAN-01	HIGH	1.8升前驱对应ZRT260车身。	READY
123531_l3h2	123531	Van	Crafter II			EU-VW-CRAFTER-II-VAN-L3H2-01	HIGH	输入未区分长度和车顶高度。	READY
123531_l3h3	123531	Van	Crafter II			EU-VW-CRAFTER-II-VAN-L3H3-01	HIGH	输入未区分长度和车顶高度。	READY
123531_l4h3	123531	Van	Crafter II			EU-VW-CRAFTER-II-VAN-L4H3-01	HIGH	输入未区分长度和车顶高度。	READY
123531_l4h4	123531	Van	Crafter II			EU-VW-CRAFTER-II-VAN-L4H4-01	HIGH	输入未区分长度和车顶高度。	READY
123531_l5h3	123531	Van	Crafter II			EU-VW-CRAFTER-II-VAN-L5H3-01	HIGH	输入未区分长度和车顶高度。	READY
123531_l5h4	123531	Van	Crafter II			EU-VW-CRAFTER-II-VAN-L5H4-01	HIGH	输入未区分长度和车顶高度。	READY
123535_l3h2	123535	Van	Crafter II			EU-VW-CRAFTER-II-VAN-L3H2-01	HIGH	输入未区分长度和车顶高度。	READY
123535_l3h3	123535	Van	Crafter II			EU-VW-CRAFTER-II-VAN-L3H3-01	HIGH	输入未区分长度和车顶高度。	READY
123535_l4h3	123535	Van	Crafter II			EU-VW-CRAFTER-II-VAN-L4H3-01	HIGH	输入未区分长度和车顶高度。	READY
123535_l4h4	123535	Van	Crafter II			EU-VW-CRAFTER-II-VAN-L4H4-01	HIGH	输入未区分长度和车顶高度。	READY
123535_l5h3	123535	Van	Crafter II			EU-VW-CRAFTER-II-VAN-L5H3-01	HIGH	输入未区分长度和车顶高度。	READY
123535_l5h4	123535	Van	Crafter II			EU-VW-CRAFTER-II-VAN-L5H4-01	HIGH	输入未区分长度和车顶高度。	READY
123537_l3h2	123537	Van	Crafter II			EU-VW-CRAFTER-II-VAN-L3H2-01	HIGH	输入未区分长度和车顶高度。	READY
123537_l3h3	123537	Van	Crafter II			EU-VW-CRAFTER-II-VAN-L3H3-01	HIGH	输入未区分长度和车顶高度。	READY
123537_l4h3	123537	Van	Crafter II			EU-VW-CRAFTER-II-VAN-L4H3-01	HIGH	输入未区分长度和车顶高度。	READY
123537_l4h4	123537	Van	Crafter II			EU-VW-CRAFTER-II-VAN-L4H4-01	HIGH	输入未区分长度和车顶高度。	READY
123537_l5h3	123537	Van	Crafter II			EU-VW-CRAFTER-II-VAN-L5H3-01	HIGH	输入未区分长度和车顶高度。	READY
123537_l5h4	123537	Van	Crafter II			EU-VW-CRAFTER-II-VAN-L5H4-01	HIGH	输入未区分长度和车顶高度。	READY
123538_scab_l3	123538	Chassis Cab	Crafter II		2	EU-VW-CRAFTER-II-CHASSIS-SCAB-L3-01	HIGH	输入未区分驾驶室和底盘长度。	READY
123538_scab_l4	123538	Chassis Cab	Crafter II		2	EU-VW-CRAFTER-II-CHASSIS-SCAB-L4-01	HIGH	输入未区分驾驶室和底盘长度。	READY
123538_scab_l5	123538	Chassis Cab	Crafter II		2	EU-VW-CRAFTER-II-CHASSIS-SCAB-L5-01	HIGH	输入未区分驾驶室和底盘长度。	READY
123538_dcab_l3	123538	Chassis Cab	Crafter II		4	EU-VW-CRAFTER-II-CHASSIS-DCAB-L3-01	HIGH	输入未区分驾驶室和底盘长度。	READY
123538_dcab_l4	123538	Chassis Cab	Crafter II		4	EU-VW-CRAFTER-II-CHASSIS-DCAB-L4-01	HIGH	输入未区分驾驶室和底盘长度。	READY
123539_scab_l3	123539	Chassis Cab	Crafter II		2	EU-VW-CRAFTER-II-CHASSIS-SCAB-L3-01	HIGH	输入未区分驾驶室和底盘长度。	READY
123539_scab_l4	123539	Chassis Cab	Crafter II		2	EU-VW-CRAFTER-II-CHASSIS-SCAB-L4-01	HIGH	输入未区分驾驶室和底盘长度。	READY
123539_scab_l5	123539	Chassis Cab	Crafter II		2	EU-VW-CRAFTER-II-CHASSIS-SCAB-L5-01	HIGH	输入未区分驾驶室和底盘长度。	READY
123539_dcab_l3	123539	Chassis Cab	Crafter II		4	EU-VW-CRAFTER-II-CHASSIS-DCAB-L3-01	HIGH	输入未区分驾驶室和底盘长度。	READY
123539_dcab_l4	123539	Chassis Cab	Crafter II		4	EU-VW-CRAFTER-II-CHASSIS-DCAB-L4-01	HIGH	输入未区分驾驶室和底盘长度。	READY
123540_scab_l3	123540	Chassis Cab	Crafter II		2	EU-VW-CRAFTER-II-CHASSIS-SCAB-L3-01	HIGH	输入未区分驾驶室和底盘长度。	READY
123540_scab_l4	123540	Chassis Cab	Crafter II		2	EU-VW-CRAFTER-II-CHASSIS-SCAB-L4-01	HIGH	输入未区分驾驶室和底盘长度。	READY
123540_scab_l5	123540	Chassis Cab	Crafter II		2	EU-VW-CRAFTER-II-CHASSIS-SCAB-L5-01	HIGH	输入未区分驾驶室和底盘长度。	READY
123540_dcab_l3	123540	Chassis Cab	Crafter II		4	EU-VW-CRAFTER-II-CHASSIS-DCAB-L3-01	HIGH	输入未区分驾驶室和底盘长度。	READY
123540_dcab_l4	123540	Chassis Cab	Crafter II		4	EU-VW-CRAFTER-II-CHASSIS-DCAB-L4-01	HIGH	输入未区分驾驶室和底盘长度。	READY
123561_l1h1	123561	Van	Transporter T5 Facelift	7H		EU-VW-TRANSPORTER-T5-FACELIFT-VAN-L1H1-01	MEDIUM	输入未区分轴距和车顶高度。	READY
123561_l1h2	123561	Van	Transporter T5 Facelift	7H		EU-VW-TRANSPORTER-T5-FACELIFT-VAN-L1H2-01	MEDIUM	输入未区分轴距和车顶高度。	READY
123561_l2h1	123561	Van	Transporter T5 Facelift	7H		EU-VW-TRANSPORTER-T5-FACELIFT-VAN-L2H1-01	MEDIUM	输入未区分轴距和车顶高度。	READY
123561_l2h2	123561	Van	Transporter T5 Facelift	7H		EU-VW-TRANSPORTER-T5-FACELIFT-VAN-L2H2-01	MEDIUM	输入未区分轴距和车顶高度。	READY
123561_l2h3	123561	Van	Transporter T5 Facelift	7H		EU-VW-TRANSPORTER-T5-FACELIFT-VAN-L2H3-01	MEDIUM	输入未区分轴距和车顶高度。	READY
123577	123577	Hatchback	D2S		3	EU-ZD-D2S-HATCHBACK-01	MEDIUM	欧洲L7e双座三门城市电动车。	READY
123729	123729	Hatchback	Rapid I Spaceback		5	EU-SKODA-RAPID-I-SPACEBACK-HATCHBACK-01	HIGH	输入Schrägheck对应Rapid Spaceback。	READY
123743	123743	Coupe	AMG GT I	C190	2	EU-MERCEDES-BENZ-AMG-GT-I-C190-COUPE-GTR-01	HIGH	GT R宽体外廓。	READY
123745	123745	Convertible	AMG GT I	R190	2	EU-MERCEDES-BENZ-AMG-GT-I-R190-ROADSTER-01	HIGH	基础GT Roadster窄体外廓。	READY
123747	123747	Convertible	AMG GT I	R190	2	EU-MERCEDES-BENZ-AMG-GT-I-R190-ROADSTER-GTC-01	HIGH	GT C宽体Roadster外廓。	READY
123758_3dr_prefl	123758	Hatchback	Swift II		3	EU-SUZUKI-SWIFT-II-HATCHBACK-3D-PREFL-01	MEDIUM	输入Sedan与1.0 39 kW欧洲车型不符；按三门Hatchback改款前外廓修正。	READY
123758_5dr_prefl	123758	Hatchback	Swift II		5	EU-SUZUKI-SWIFT-II-HATCHBACK-5D-PREFL-01	MEDIUM	输入Sedan与1.0 39 kW欧洲车型不符；按五门Hatchback改款前外廓修正。	READY
123758_3dr_facelift	123758	Hatchback	Swift II		3	EU-SUZUKI-SWIFT-II-HATCHBACK-3D-FACELIFT-01	MEDIUM	输入Sedan与1.0 39 kW欧洲车型不符；按三门Hatchback改款后外廓修正。	READY
123758_5dr_facelift	123758	Hatchback	Swift II		5	EU-SUZUKI-SWIFT-II-HATCHBACK-5D-FACELIFT-01	MEDIUM	输入Sedan与1.0 39 kW欧洲车型不符；按五门Hatchback改款后外廓修正。	READY
123760	123760	Sedan	Corolla VIII E110	E110	4	EU-TOYOTA-COROLLA-VIII-E110-SEDAN-01	HIGH		READY
123770	123770	Sedan	Nova 2105	VAZ-2105	4	EU-LADA-NOVA-2105-SEDAN-01	HIGH	Nova 1300对应VAZ-2105轿车。	READY
123772	123772	Targa	F355	F129	2	EU-FERRARI-F355-F129-TARGA-01	HIGH	F355 GTS可拆卸硬顶车身。	READY
123799_l1h1	123799	MPV	NV300	X82		EU-NISSAN-NV300-X82-COMBI-L1H1-01	HIGH	输入未区分L1与L2车长。	READY
123799_l2h1	123799	MPV	NV300	X82		EU-NISSAN-NV300-X82-COMBI-L2H1-01	HIGH	输入未区分L1与L2车长。	READY
123810_prefl	123810	SUV	Sorento III	UM	5	EU-KIA-SORENTO-III-UM-SUV-PREFL-01	HIGH	同一Ktype跨越UM改款，按车长变化拆分。	READY
123810_facelift	123810	SUV	Sorento III	UM	5	EU-KIA-SORENTO-III-UM-SUV-FACELIFT-01	HIGH	同一Ktype跨越UM改款，按车长变化拆分。	READY
123815	123815	Wagon	MINI Clubman F54	F54	6	EU-MINI-MINI-F54-WAGON-01	HIGH	F54 Clubman六门外廓（四侧门及双开尾门）。	READY
123816	123816	Wagon	MINI Clubman F54	F54	6	EU-MINI-MINI-F54-WAGON-01	HIGH	F54 Clubman六门外廓（四侧门及双开尾门）。	READY
123817	123817	Wagon	MINI Clubman F54	F54	6	EU-MINI-MINI-F54-WAGON-01	HIGH	F54 Clubman六门外廓（四侧门及双开尾门）。	READY
123819	123819	Wagon	MINI Clubman F54	F54	6	EU-MINI-MINI-F54-WAGON-01	HIGH	F54 Clubman六门外廓（四侧门及双开尾门）。	READY
123820	123820	Wagon	MINI Clubman F54	F54	6	EU-MINI-MINI-F54-WAGON-01	HIGH	F54 Clubman六门外廓（四侧门及双开尾门）。	READY
123821	123821	Wagon	MINI Clubman F54	F54	6	EU-MINI-MINI-F54-WAGON-01	HIGH	F54 Clubman六门外廓（四侧门及双开尾门）。	READY
123822_prefl	123822	Sedan	5 Series G30	G30	4	EU-BMW-5-G30-SEDAN-PREFL-01	HIGH	同一Ktype覆盖G30改款前后外廓，按长度变化拆分。	READY
123822_facelift	123822	Sedan	5 Series G30	G30	4	EU-BMW-5-G30-SEDAN-FACELIFT-01	HIGH	同一Ktype覆盖G30改款前后外廓，按长度变化拆分。	READY
123823_prefl	123823	Sedan	5 Series G30	G30	4	EU-BMW-5-G30-SEDAN-PREFL-01	HIGH	同一Ktype覆盖G30改款前后外廓，按长度变化拆分。	READY
123823_facelift	123823	Sedan	5 Series G30	G30	4	EU-BMW-5-G30-SEDAN-FACELIFT-01	HIGH	同一Ktype覆盖G30改款前后外廓，按长度变化拆分。	READY
123824	123824	Sedan	5 Series G30	G30	4	EU-BMW-5-G30-SEDAN-PREFL-01	HIGH		READY
123825	123825	Sedan	5 Series G30	G30	4	EU-BMW-5-G30-SEDAN-PREFL-01	HIGH		READY
123826	123826	Hatchback	Micra V	K14	5	EU-NISSAN-MICRA-V-K14-HATCHBACK-01	HIGH		READY
123827	123827	SUV	Sportage IV	QL	5	EU-KIA-SPORTAGE-IV-QL-SUV-01	HIGH		READY
123828	123828	Hatchback	Soul II Facelift	PS	5	EU-KIA-SOUL-II-FACELIFT-HATCHBACK-01	HIGH		READY
123830	123830	Hatchback	BX		5	EU-CITROEN-BX-HATCHBACK-19-01	MEDIUM	对应BX 19 Hatchback外廓。	READY
123831	123831	Wagon	BX		5	EU-CITROEN-BX-WAGON-19-01	MEDIUM	对应BX 19 Break/Wagon外廓。	READY
123835	123835	Hatchback	Micra V	K14	5	EU-NISSAN-MICRA-V-K14-HATCHBACK-01	HIGH		READY
123836	123836	Hatchback	Micra V	K14	5	EU-NISSAN-MICRA-V-K14-HATCHBACK-01	HIGH		READY
123876	123876	Coupe	DBS V8		2	EU-ASTON-MARTIN-DBS-V8-COUPE-01	MEDIUM	5.3升V8对应DBS V8；输入车型名含Vantage但发动机和功率不对应直六DBS Vantage。	READY
123896	123896	Hatchback	Model S Facelift 2016		5	EU-TESLA-MODEL-S-FACELIFT-2016-HATCHBACK-01	HIGH		READY
123897	123897	Hatchback	Model S Facelift 2016		5	EU-TESLA-MODEL-S-FACELIFT-2016-HATCHBACK-01	HIGH		READY
123898	123898	Hatchback	Model S Facelift 2016		5	EU-TESLA-MODEL-S-FACELIFT-2016-HATCHBACK-01	HIGH		READY
123910_2500	123910	Van	Express GMT610	GMT610		EU-CHEVROLET-EXPRESS-GMT610-CARGO-STANDARD-2500-01	MEDIUM	标准轴距Cargo输入未区分2500与3500载重级别。	READY
123910_3500	123910	Van	Express GMT610	GMT610		EU-CHEVROLET-EXPRESS-GMT610-CARGO-STANDARD-3500-01	MEDIUM	标准轴距Cargo输入未区分2500与3500载重级别。	READY
123923	123923	Sedan	Giulia 952	952	4	EU-ALFA-ROMEO-GIULIA-952-SEDAN-01	HIGH		READY
123925	123925	Sedan	Quattroporte VI	M156	4	EU-MASERATI-QUATTROPORTE-VI-M156-SEDAN-01	HIGH		READY
123933	123933	SUV	Kodiaq I	NS7	5	EU-SKODA-KODIAQ-I-NS7-SUV-PREFL-01	HIGH		READY
123934	123934	SUV	Kodiaq I	NS7	5	EU-SKODA-KODIAQ-I-NS7-SUV-PREFL-01	HIGH		READY
123947	123947	Sedan	Elantra VI	AD	4	EU-HYUNDAI-ELANTRA-VI-AD-SEDAN-SR-01	HIGH	澳洲市场SR Turbo外廓。	READY
123958_3dr_prefl	123958	Hatchback	Micra III	K12	3	EU-NISSAN-MICRA-III-K12-HATCHBACK-3D-PREFL-01	MEDIUM	输入未区分门数且跨越改款，保留三门改款前分支。	READY
123958_5dr_prefl	123958	Hatchback	Micra III	K12	5	EU-NISSAN-MICRA-III-K12-HATCHBACK-5D-PREFL-01	MEDIUM	输入未区分门数且跨越改款，保留五门改款前分支。	READY
123958_3dr_facelift	123958	Hatchback	Micra III	K12	3	EU-NISSAN-MICRA-III-K12-HATCHBACK-3D-FACELIFT-01	MEDIUM	输入未区分门数且跨越改款，保留三门改款后分支。	READY
123958_5dr_facelift	123958	Hatchback	Micra III	K12	5	EU-NISSAN-MICRA-III-K12-HATCHBACK-5D-FACELIFT-01	MEDIUM	输入未区分门数且跨越改款，保留五门改款后分支。	READY
123991	123991	Convertible	A5 II	F5	2	EU-AUDI-A5-II-F5-CABRIOLET-01	HIGH		READY
123992	123992	Convertible	A5 II	F5	2	EU-AUDI-S5-II-F5-CABRIOLET-01	HIGH	S5前后保险杠外廓与普通A5不同。	READY
123993	123993	Convertible	A5 II	F5	2	EU-AUDI-A5-II-F5-CABRIOLET-01	HIGH		READY
123994	123994	Convertible	A5 II	F5	2	EU-AUDI-A5-II-F5-CABRIOLET-01	HIGH		READY
123999	123999	Wagon	V90 II		5	EU-VOLVO-V90-II-WAGON-01	HIGH		READY
124000	124000	Wagon	V90 II		5	EU-VOLVO-V90-II-WAGON-01	HIGH		READY
124001	124001	Wagon	V90 II		5	EU-VOLVO-V90-II-WAGON-01	HIGH		READY
124002	124002	Wagon	V90 II Cross Country		5	EU-VOLVO-V90-II-CROSS-COUNTRY-WAGON-01	HIGH	Cross Country升高车身，不复用普通V90尺寸组。	READY
124006	124006	Sedan	S90 II		4	EU-VOLVO-S90-II-SEDAN-01	HIGH		READY
124007	124007	Sedan	S90 II		4	EU-VOLVO-S90-II-SEDAN-01	HIGH		READY
124009	124009	Coupe	i30 II	GD	3	EU-HYUNDAI-I30-II-GD-COUPE-01	HIGH	GD三门Coupe物理外廓。	READY
124036_scab	124036	Pickup	Hilux VI	LN145	2	EU-TOYOTA-HILUX-VI-LN145-PICKUP-REGULAR-CAB-01	HIGH	输入未区分驾驶室；对应单排驾驶室分支。	READY
124036_xtracab	124036	Pickup	Hilux VI	LN150	2	EU-TOYOTA-HILUX-VI-LN150-PICKUP-XTRACAB-01	MEDIUM	输入未区分驾驶室；对应加长驾驶室分支。	READY
124036_dcab	124036	Pickup	Hilux VI	LN145	4	EU-TOYOTA-HILUX-VI-LN145-PICKUP-DOUBLE-CAB-01	HIGH	输入未区分驾驶室；对应双排驾驶室分支。	READY
124050_3dr	124050	Hatchback	Leon III Facelift	5F	3	EU-SEAT-LEON-III-5F-HATCHBACK-3D-FACELIFT-01	MEDIUM	输入未区分SC三门与五门车身。	READY
124050_5dr	124050	Hatchback	Leon III Facelift	5F	5	EU-SEAT-LEON-III-5F-HATCHBACK-5D-FACELIFT-01	MEDIUM	输入未区分SC三门与五门车身。	READY
124051	124051	Wagon	Leon III	5F	5	EU-SEAT-LEON-III-5F-WAGON-FACELIFT-01	HIGH		READY
124068	124068	SUV	Tiguan II	AD1	5	EU-VW-TIGUAN-II-AD1-SUV-FWD-PREFL-01	HIGH		READY
124077	124077	SUV	Tiguan II	AD1	5	EU-VW-TIGUAN-II-AD1-SUV-4MOTION-PREFL-01	HIGH		READY
124130	124130	SUV	Crossroad II	RT3	5	EU-HONDA-CROSSROAD-II-RT3-SUV-01	HIGH	2.0前驱版本对应RT3车身。	READY
124153	124153	Sedan	Dacia 1100		4	EU-DACIA-1100-SEDAN-01	MEDIUM	输入开始月份早于资料所载量产年份，物理外廓对应Dacia 1100四门轿车。	READY
124160	124160	Sedan	Deauville		4	EU-DE-TOMASO-DEAUVILLE-SEDAN-01	HIGH		READY
124173	124173	Wagon	Logan I MCV facelift		5	EU-DACIA-LOGAN-I-MCV-FACELIFT-01	HIGH		READY
124175	124175	Sedan	Quattroporte V	M139	4	EU-MASERATI-QUATTROPORTE-V-M139-SEDAN-01	HIGH		READY
124178	124178	SUV	Ateca I		5	EU-SEAT-ATECA-I-SUV-PREFL-01	MEDIUM		READY
124179	124179	SUV	Ateca I		5	EU-SEAT-ATECA-I-SUV-PREFL-01	MEDIUM		READY
124181	124181	Coupe	626 I	CB2	2	EU-MAZDA-626-I-CB2-COUPE-01	HIGH		READY
124197	124197	Hatchback	Colt VI	Z30	5	EU-MITSUBISHI-COLT-VI-Z30-RALLIART-HATCHBACK-01	MEDIUM	180 PS Ralliart版本对应Z30五门宽体外廓。	READY
124200	124200	SUV	Discovery V	L462	5	EU-LAND-ROVER-DISCOVERY-V-L462-SUV-01	HIGH		READY
124201	124201	SUV	Discovery V	L462	5	EU-LAND-ROVER-DISCOVERY-V-L462-SUV-01	HIGH		READY
124205	124205	Sedan	Lancer Evolution X	CZ4A	4	EU-MITSUBISHI-LANCER-EVOLUTION-X-CZ4A-SEDAN-01	MEDIUM	输入Model代际标签与EVO X版本不一致，按CZ4A物理外廓映射。	READY
124209	124209	Convertible	4/4 Sigma		2	EU-MORGAN-4-4-SIGMA-CONVERTIBLE-01	HIGH		READY
124212	124212	Hatchback	3 Series Compact E46	E46/5	3	EU-BMW-3-E46-COMPACT-HATCHBACK-01	HIGH		READY
124225	124225	MPV	Golf VII Sportsvan facelift	AM1	5	EU-VW-GOLF-VII-SPORTSVAN-FACELIFT-01	MEDIUM	85 kW柴油版本对应改款Sportsvan五门外廓。	READY
124231	124231	Coupe	LC I		2	EU-LEXUS-LC-I-COUPE-01	HIGH		READY
124234_prefl	124234	Sedan	Fluence I	L30	4	EU-RENAULT-FLUENCE-I-L30-SEDAN-PREFL-01	MEDIUM	生产区间覆盖改款前外廓。	READY
124234_facelift	124234	Sedan	Fluence I facelift	L30	4	EU-RENAULT-FLUENCE-I-L30-SEDAN-FACELIFT-01	MEDIUM	生产区间覆盖改款后外廓。	READY
124237	124237	Wagon	MINI Clubman II	F54	5	EU-MINI-MINI-F54-WAGON-01	MEDIUM	Clubman F54旅行车外廓。	READY
124238_normaldeck	124238	Pickup	Ape TM		2	EU-PIAGGIO-APE-TM-PICKUP-NORMAL-DECK-01	HIGH	标准货台外廓。	READY
124238_longdeck	124238	Pickup	Ape TM		2	EU-PIAGGIO-APE-TM-PICKUP-LONG-DECK-01	HIGH	长货台外廓。	READY
124238_tipper	124238	Pickup	Ape TM		2	EU-PIAGGIO-APE-TM-PICKUP-TIPPER-01	HIGH	汽油倾卸货台外廓。	READY
124238_chassis_handlebar	124238	Pickup	Ape TM		2	EU-PIAGGIO-APE-TM-CHASSIS-HANDLEBAR-01	MEDIUM	手把式裸底盘外廓。	READY
124238_chassis_steering	124238	Pickup	Ape TM		2	EU-PIAGGIO-APE-TM-CHASSIS-STEERING-01	MEDIUM	方向盘式裸底盘外廓。	READY
124239	124239	Hatchback	Golf VII facelift	5G1	5	EU-VW-GOLF-VII-HATCHBACK-5D-FACELIFT-01	HIGH		READY
124240	124240	Hatchback	Golf VII facelift	5G1	5	EU-VW-GOLF-VII-HATCHBACK-5D-FACELIFT-01	HIGH		READY
124242	124242	Wagon	Golf VII Variant facelift	BA5	5	EU-VW-GOLF-VII-VARIANT-FACELIFT-01	HIGH		READY
124243	124243	Wagon	Golf VII Variant facelift	BA5	5	EU-VW-GOLF-VII-VARIANT-FACELIFT-01	HIGH		READY
124246	124246	Wagon	MINI Clubman II	F54	5	EU-MINI-MINI-F54-WAGON-01	HIGH	Clubman F54旅行车外廓。	READY
124249	124249	Wagon	MINI Clubman II	F54	5	EU-MINI-MINI-F54-WAGON-01	MEDIUM	Clubman F54旅行车外廓。	READY
124251	124251	Wagon	MINI Clubman II	F54	5	EU-MINI-MINI-F54-WAGON-01	HIGH	ALL4不改变F54车身外廓。	READY
124252	124252	Wagon	MINI Clubman II	F54	5	EU-MINI-MINI-F54-WAGON-01	HIGH	ALL4不改变F54车身外廓。	READY
124255	124255	Coupe	SVX	CXW	2	EU-SUBARU-SVX-CXW-COUPE-01	HIGH		READY
124256	124256	Hatchback	MINI Hatch III	F56	3	EU-MINI-MINI-F56-HATCHBACK-COOPER-S-01	MEDIUM	F56三门运动外廓。	READY
124257	124257	Hatchback	MINI Hatch III	F56	3	EU-MINI-MINI-F56-HATCHBACK-COOPER-S-01	MEDIUM	Cooper SD与F56 Cooper S共用该外廓。	READY
124267	124267	Convertible	MINI Convertible F57	F57	2	EU-MINI-MINI-F57-CONVERTIBLE-01	MEDIUM	输入功率与常见F57铭牌功率存在差异，Ktype车身边界对应F57。	READY
124270	124270	Convertible	MINI Convertible F57	F57	2	EU-MINI-MINI-F57-CONVERTIBLE-01	MEDIUM	输入功率与常见F57铭牌功率存在差异，Ktype车身边界对应F57。	READY
124286	124286	Sedan	Skyline XII	KV36	4	EU-NISSAN-SKYLINE-XII-KV36-SEDAN-01	HIGH	370GT后驱轿车对应KV36。	READY
124320	124320	Hatchback	Twingo III		5	EU-RENAULT-TWINGO-III-HATCHBACK-01	HIGH		READY
124358_s3	124358	Convertible	Seven 485	S3	2	EU-CATERHAM-SEVEN-485-CONVERTIBLE-S3-01	HIGH	S3标准车身。	READY
124358_sv	124358	Convertible	Seven 485	SV	2	EU-CATERHAM-SEVEN-485-CONVERTIBLE-SV-01	HIGH	SV宽体车身。	READY
124364	124364	Hatchback	Impreza V		5	EU-SUBARU-IMPREZA-V-HATCHBACK-01	MEDIUM	前驱版本与同代五门车身共用外廓。	READY
124365	124365	Hatchback	Impreza V		5	EU-SUBARU-IMPREZA-V-HATCHBACK-01	HIGH		READY
124370	124370	Coupe	Paceman	R61	3	EU-MINI-MINI-R61-PACEMAN-COUPE-01	MEDIUM	R61三门Paceman外廓。	READY
124371	124371	Coupe	Paceman	R61	3	EU-MINI-MINI-R61-PACEMAN-COUPE-01	MEDIUM	R61三门Paceman外廓。	READY
124381	124381	Convertible	C-Class Cabriolet	A205	2	EU-MERCEDES-BENZ-C-A205-CABRIOLET-01	MEDIUM		READY
124432_prefl	124432	Hatchback	SX4 I	YA11S	5	EU-SUZUKI-SX4-I-HATCHBACK-PREFL-01	MEDIUM	生产区间覆盖改款前外廓。	READY
124432_facelift	124432	Hatchback	SX4 I facelift	YA11S	5	EU-SUZUKI-SX4-I-HATCHBACK-FACELIFT-01	MEDIUM	生产区间覆盖改款后外廓。	READY
124452_prefl	124452	Sedan	Integra III	DB8	4	EU-HONDA-INTEGRA-III-DB8-SEDAN-PREFL-01	MEDIUM	147 kW版本对应DB8 Type R；生产区间覆盖前期外廓。	READY
124452_facelift	124452	Sedan	Integra III facelift	DB8	4	EU-HONDA-INTEGRA-III-DB8-SEDAN-FACELIFT-01	MEDIUM	147 kW版本对应DB8 Type R；生产区间覆盖后期外廓。	READY
124525	124525	Coupe	AZ-1	PG6SA	2	EU-MAZDA-AZ1-PG6SA-COUPE-01	HIGH		READY
124551	124551	Sedan	Teana II	TNJ32	4	EU-NISSAN-TEANA-II-TNJ32-SEDAN-01	HIGH	四驱版本对应TNJ32车身。	READY
124554	124554	Sedan	XG facelift	XG	4	EU-HYUNDAI-XG-FACELIFT-SEDAN-01	HIGH		READY
124646	124646	Sedan	Tercel II	AL20	4	EU-TOYOTA-TERCEL-II-AL20-SEDAN-01	HIGH		READY
124722	124722	Hatchback	Sandero I		5	EU-DACIA-SANDERO-I-HATCHBACK-01	HIGH		READY
124730	124730	Wagon	MINI Clubman	R55	5	EU-MINI-MINI-R55-CLUBMAN-WAGON-01	MEDIUM	R55 Clubman旅行车外廓。	READY
124736	124736	Hatchback	Megane IV		5	EU-RENAULT-MEGANE-IV-HATCHBACK-01	HIGH	非GT标准五门外廓。	READY
124738	124738	Van	Dokker I		5	EU-DACIA-DOKKER-I-VAN-01	HIGH		READY
124739	124739	Hatchback	1 Series E87 facelift	E87	5	EU-BMW-1-E87-HATCHBACK-5D-FACELIFT-01	MEDIUM		READY
124747	124747	Convertible	MF3		2	EU-WIESMANN-MF3-ROADSTER-01	MEDIUM		READY
124748	124748	Hatchback	Zero		2	EU-TAZZARI-ZERO-HATCHBACK-01	MEDIUM	输入BodyStyle为Stufenheck，按资料确认的两门掀背外廓归类。	READY
124751	124751	SUV	Bentayga I	4V	5	EU-BENTLEY-BENTAYGA-I-SUV-01	HIGH		READY
124760_prefl	124760	Convertible	MINI Convertible R57	R57	2	EU-MINI-MINI-R57-CONVERTIBLE-COOPER-S-PREFL-01	HIGH	生产区间覆盖改款前Cooper S外廓。	READY
124760_facelift	124760	Convertible	MINI Convertible R57 facelift	R57	2	EU-MINI-MINI-R57-CONVERTIBLE-COOPER-S-FACELIFT-01	HIGH	生产区间覆盖改款后Cooper S外廓。	READY
124763_prefl	124763	Wagon	3 Series Touring E91	E91	5	EU-BMW-3-E91-WAGON-PREFL-01	HIGH	生产区间覆盖改款前外廓。	READY
124763_facelift	124763	Wagon	3 Series Touring E91 facelift	E91	5	EU-BMW-3-E91-WAGON-FACELIFT-01	HIGH	生产区间覆盖改款后外廓。	READY
124765_prefl	124765	Coupe	3 Series Coupe E46	E46	2	EU-BMW-3-E46-COUPE-PREFL-01	HIGH	生产区间覆盖改款前外廓。	READY
124765_facelift	124765	Coupe	3 Series Coupe E46 facelift	E46	2	EU-BMW-3-E46-COUPE-FACELIFT-01	HIGH	生产区间覆盖改款后外廓。	READY
124766	124766	Coupe	Thunderbird X	MN12	2	EU-FORD-THUNDERBIRD-X-MN12-COUPE-01	HIGH		READY
124771_prefl	124771	Coupe	3 Series Coupe E46	E46	2	EU-BMW-3-E46-COUPE-PREFL-01	HIGH	生产区间覆盖改款前外廓。	READY
124771_facelift	124771	Coupe	3 Series Coupe E46 facelift	E46	2	EU-BMW-3-E46-COUPE-FACELIFT-01	HIGH	生产区间覆盖改款后外廓。	READY
124773	124773	Sedan	Mondeo V	CD391	4	EU-FORD-MONDEO-V-CD391-SEDAN-01	HIGH	欧洲Mondeo V四门轿车外廓。	READY
124776_prefl	124776	Wagon	3 Series Touring E91	E91	5	EU-BMW-3-E91-WAGON-PREFL-01	HIGH	生产区间覆盖改款前外廓。	READY
124776_facelift	124776	Wagon	3 Series Touring E91 facelift	E91	5	EU-BMW-3-E91-WAGON-FACELIFT-01	HIGH	生产区间覆盖改款后外廓。	READY
124777_prefl	124777	Sedan	3 Series Sedan E90	E90	4	EU-BMW-3-E90-SEDAN-PREFL-01	HIGH	生产区间覆盖改款前外廓。	READY
124777_facelift	124777	Sedan	3 Series Sedan E90 facelift	E90	4	EU-BMW-3-E90-SEDAN-FACELIFT-01	HIGH	生产区间覆盖改款后外廓。	READY
124779	124779	Sedan	Mondeo V	CD391	4	EU-FORD-MONDEO-V-CD391-SEDAN-01	HIGH	欧洲Mondeo V四门轿车外廓。	READY
124781	124781	Hatchback	1 Series E87	E87	5	EU-BMW-1-E87-HATCHBACK-5D-PREFL-01	HIGH		READY
124783	124783	Sedan	Mondeo V	CD391	4	EU-FORD-MONDEO-V-CD391-SEDAN-01	HIGH	欧洲Mondeo V四门轿车外廓。	READY
124784	124784	Sedan	Mondeo V	CD391	4	EU-FORD-MONDEO-V-CD391-SEDAN-01	HIGH	欧洲Mondeo V四门轿车外廓。	READY
124786	124786	Sedan	Mondeo V	CD391	4	EU-FORD-MONDEO-V-CD391-SEDAN-01	HIGH	四驱不改变CD391四门车身外廓。	READY
124806	124806	Hatchback	Panamera II	971	5	EU-PORSCHE-PANAMERA-II-971-LIFTBACK-01	HIGH		READY
124807	124807	Hatchback	Panamera II	971	5	EU-PORSCHE-PANAMERA-II-971-LIFTBACK-01	HIGH	四驱不改变标准轴距971车身外廓。	READY
124817	124817	Van	Ducato I	280	4	EU-FIAT-DUCATO-I-280-VAN-SWB-LOWROOF-01	HIGH	1.8汽油Kasten对应标准短轴低顶厢式车外廓。	READY
124818	124818	Coupe	E-Class Coupe	C238	2	EU-MERCEDES-BENZ-E-C238-COUPE-01	HIGH		READY
124820	124820	Coupe	E-Class Coupe	C238	2	EU-MERCEDES-BENZ-E-C238-COUPE-01	HIGH		READY
124821	124821	Coupe	E-Class Coupe	C238	2	EU-MERCEDES-BENZ-E-C238-COUPE-01	HIGH		READY
124822	124822	Coupe	E-Class Coupe	C238	2	EU-MERCEDES-BENZ-E-C238-COUPE-01	HIGH	4MATIC不改变C238标准车身外廓。	READY
124833	124833	Hatchback	i30 III	PD	5	EU-HYUNDAI-I30-III-PD-HATCHBACK-5D-01	HIGH		READY
124834	124834	Hatchback	i30 III	PD	5	EU-HYUNDAI-I30-III-PD-HATCHBACK-5D-01	HIGH		READY
124836	124836	Hatchback	i30 III	PD	5	EU-HYUNDAI-I30-III-PD-HATCHBACK-5D-01	HIGH		READY
124837	124837	Hatchback	i30 III	PD	5	EU-HYUNDAI-I30-III-PD-HATCHBACK-5D-01	HIGH		READY
124839	124839	Hatchback	i30 III	PD	5	EU-HYUNDAI-I30-III-PD-HATCHBACK-5D-01	HIGH		READY
124849	124849	Convertible	Sebring II	JS	2	EU-CHRYSLER-SEBRING-JS-CONVERTIBLE-01	HIGH		READY
124858	124858	Wagon	A4 Allroad B9	8W	5	EU-AUDI-A4-B9-ALLROAD-WAGON-01	MEDIUM		READY
124859	124859	Wagon	A4 Allroad B9	8W	5	EU-AUDI-A4-B9-ALLROAD-WAGON-01	MEDIUM		READY
124860	124860	Hatchback	Leon III facelift	5F5	3	EU-SEAT-LEON-III-5F-HATCHBACK-3D-FACELIFT-01	HIGH	Leon SC三门外廓。	READY
124862	124862	Sedan	Neon II	PL	4	EU-CHRYSLER-NEON-II-PL-SEDAN-01	HIGH		READY
124864_prefl	124864	Sedan	Fluence I	L30	4	EU-RENAULT-FLUENCE-I-L30-SEDAN-PREFL-01	MEDIUM	生产区间覆盖改款前外廓。	READY
124864_facelift	124864	Sedan	Fluence I facelift	L30	4	EU-RENAULT-FLUENCE-I-L30-SEDAN-FACELIFT-01	MEDIUM	生产区间覆盖改款后外廓。	READY
124865	124865	Wagon	Megane II Grandtour Phase II	KM	5	EU-RENAULT-MEGANE-II-GRANDTOUR-PHASE-II-WAGON-01	HIGH		READY
124871	124871	Van	Clio IV		5	EU-RENAULT-CLIO-IV-FACELIFT-HATCHBACK-01	MEDIUM	货运改装保留五门掀背车外廓。	READY
124872	124872	Van	Clio IV		5	EU-RENAULT-CLIO-IV-FACELIFT-HATCHBACK-01	MEDIUM	货运改装保留五门掀背车外廓。	READY
124874	124874	Van	Clio IV		5	EU-RENAULT-CLIO-IV-FACELIFT-HATCHBACK-01	MEDIUM	货运改装保留五门掀背车外廓。	READY
124875	124875	Van	Clio IV		5	EU-RENAULT-CLIO-IV-FACELIFT-HATCHBACK-01	MEDIUM	货运改装保留五门掀背车外廓。	READY
124878	124878	Sedan	Latitude	X43	4	EU-RENAULT-LATITUDE-X43-SEDAN-01	HIGH		READY
124913	124913	Wagon	Logan II MCV		5	EU-DACIA-LOGAN-II-MCV-WAGON-01	HIGH		READY
124914	124914	Sedan	Logan II		4	EU-DACIA-LOGAN-II-SEDAN-PREFL-01	HIGH		READY
124918	124918	Hatchback	Sandero I		5	EU-DACIA-SANDERO-I-HATCHBACK-01	HIGH		READY
124925	124925	Coupe	A5 II	F53	2	EU-AUDI-A5-F5-COUPE-01	HIGH		READY
124926	124926	Hatchback	A5 II Sportback	F5A	5	EU-AUDI-A5-F5-SPORTBACK-01	HIGH	F5 Sportback五门快背外廓。	READY
124945	124945	SUV	5008 II Phase I		5	EU-PEUGEOT-5008-II-PHASE-I-SUV-01	HIGH	第二代5008按SUV物理车身归类。	READY
124949	124949	SUV	5008 II Phase I		5	EU-PEUGEOT-5008-II-PHASE-I-SUV-01	HIGH	第二代5008按SUV物理车身归类。	READY
124950	124950	SUV	5008 II Phase I		5	EU-PEUGEOT-5008-II-PHASE-I-SUV-01	HIGH	第二代5008按SUV物理车身归类。	READY
124951	124951	SUV	5008 II Phase I		5	EU-PEUGEOT-5008-II-PHASE-I-SUV-01	HIGH	第二代5008按SUV物理车身归类。	READY
124952	124952	SUV	5008 II		5	EU-PEUGEOT-5008-II-PHASE-I-SUV-01	MEDIUM	输入Großraumlimousine，按第二代5008五门SUV外廓归类。	READY
124953	124953	SUV	5008 II		5	EU-PEUGEOT-5008-II-PHASE-I-SUV-01	MEDIUM	输入Großraumlimousine，按第二代5008五门SUV外廓归类。	READY
124959_xs	124959	MPV	Jumpy III	K0	5	EU-CITROEN-JUMPY-III-BUS-XS-01	HIGH	XS乘用Bus物理分支。	READY
124959_m	124959	MPV	Jumpy III	K0	5	EU-CITROEN-JUMPY-III-BUS-M-01	HIGH	M乘用Bus物理分支。	READY
124959_xl	124959	MPV	Jumpy III	K0	5	EU-CITROEN-JUMPY-III-BUS-XL-01	HIGH	XL乘用Bus物理分支。	READY
124975_prefl	124975	Van	Clio III		3	EU-RENAULT-CLIO-III-VAN-3D-PREFL-01	HIGH	三门商用版改款前物理外廓。	READY
124975_facelift	124975	Van	Clio III		3	EU-RENAULT-CLIO-III-VAN-3D-FACELIFT-01	HIGH	同一Ktype跨越2009年外廓变化改款。	READY
124977_prefl	124977	Van	Clio III		3	EU-RENAULT-CLIO-III-VAN-3D-PREFL-01	HIGH	三门商用版改款前物理外廓。	READY
124977_facelift	124977	Van	Clio III		3	EU-RENAULT-CLIO-III-VAN-3D-FACELIFT-01	HIGH	同一Ktype跨越2009年外廓变化改款。	READY
124994	124994	Wagon	5 Series V	E61	5	EU-BMW-5-E61-WAGON-01	HIGH	E61 Touring物理外廓。	READY
124998	124998	Coupe	GTC4Lusso			EU-FERRARI-GTC4LUSSO-T-COUPE-01	HIGH	GTC4Lusso T三门掀背式Coupe外廓。	READY
125041	125041	Wagon	5 Series VI	F11	5	EU-BMW-5-F11-WAGON-FACELIFT-01	HIGH	F11改款旅行车物理外廓。	READY
125056	125056	Convertible	MX-5 IV	ND	2	EU-MAZDA-MX-5-ND-RF-01	HIGH	RF电动硬顶车身外廓。	READY
125059	125059	Wagon	5 Series VI	F11	5	EU-BMW-5-F11-WAGON-FACELIFT-01	HIGH	F11改款旅行车物理外廓。	READY
125091	125091	Wagon	5 Series VI	F11	5	EU-BMW-5-F11-WAGON-FACELIFT-01	HIGH	F11前期与现有尺寸组外廓三维一致。	READY
125092_l3h2	125092	MPV	Crafter II	SY		EU-VW-CRAFTER-II-VAN-L3H2-01	MEDIUM	L3H2 Bus物理分支。	READY
125092_l3h3	125092	MPV	Crafter II	SY		EU-VW-CRAFTER-II-VAN-L3H3-01	MEDIUM	L3H3 Bus物理分支。	READY
125092_l4h3	125092	MPV	Crafter II	SY		EU-VW-CRAFTER-II-VAN-L4H3-01	MEDIUM	L4H3 Bus物理分支。	READY
125092_l4h4	125092	MPV	Crafter II	SY		EU-VW-CRAFTER-II-VAN-L4H4-01	MEDIUM	L4H4 Bus物理分支。	READY
125092_l5h3	125092	MPV	Crafter II	SY		EU-VW-CRAFTER-II-VAN-L5H3-01	MEDIUM	L5H3 Bus物理分支。	READY
125092_l5h4	125092	MPV	Crafter II	SY		EU-VW-CRAFTER-II-VAN-L5H4-01	MEDIUM	L5H4 Bus物理分支。	READY
125093_l3h2	125093	MPV	Crafter II	SY		EU-VW-CRAFTER-II-VAN-L3H2-01	MEDIUM	L3H2 Bus物理分支。	READY
125093_l3h3	125093	MPV	Crafter II	SY		EU-VW-CRAFTER-II-VAN-L3H3-01	MEDIUM	L3H3 Bus物理分支。	READY
125093_l4h3	125093	MPV	Crafter II	SY		EU-VW-CRAFTER-II-VAN-L4H3-01	MEDIUM	L4H3 Bus物理分支。	READY
125093_l4h4	125093	MPV	Crafter II	SY		EU-VW-CRAFTER-II-VAN-L4H4-01	MEDIUM	L4H4 Bus物理分支。	READY
125093_l5h3	125093	MPV	Crafter II	SY		EU-VW-CRAFTER-II-VAN-L5H3-01	MEDIUM	L5H3 Bus物理分支。	READY
125093_l5h4	125093	MPV	Crafter II	SY		EU-VW-CRAFTER-II-VAN-L5H4-01	MEDIUM	L5H4 Bus物理分支。	READY
125094_l3h2	125094	MPV	Crafter II	SY		EU-VW-CRAFTER-II-VAN-L3H2-01	MEDIUM	L3H2 Bus物理分支。	READY
125094_l3h3	125094	MPV	Crafter II	SY		EU-VW-CRAFTER-II-VAN-L3H3-01	MEDIUM	L3H3 Bus物理分支。	READY
125094_l4h3	125094	MPV	Crafter II	SY		EU-VW-CRAFTER-II-VAN-L4H3-01	MEDIUM	L4H3 Bus物理分支。	READY
125094_l4h4	125094	MPV	Crafter II	SY		EU-VW-CRAFTER-II-VAN-L4H4-01	MEDIUM	L4H4 Bus物理分支。	READY
125094_l5h3	125094	MPV	Crafter II	SY		EU-VW-CRAFTER-II-VAN-L5H3-01	MEDIUM	L5H3 Bus物理分支。	READY
125094_l5h4	125094	MPV	Crafter II	SY		EU-VW-CRAFTER-II-VAN-L5H4-01	MEDIUM	L5H4 Bus物理分支。	READY
125098	125098	Sedan	5 Series VI	F10	4	EU-BMW-5-F10-SEDAN-PREFL-01	HIGH	F10改款前三厢外廓。	READY
125102	125102	Sedan	5 Series VI	F10	4	EU-BMW-5-F10-SEDAN-PREFL-01	HIGH	F10改款前三厢外廓。	READY
125105	125105	Sedan	5 Series VI	F10	4	EU-BMW-5-F10-SEDAN-FACELIFT-01	HIGH	F10改款三厢物理外廓。	READY
125126	125126	Hatchback	Rapide S		5	EU-ASTON-MARTIN-RAPIDE-S-HATCHBACK-01	HIGH	Rapide S五门掀背外廓。	READY
125128	125128	Hatchback	5 Series VI	F07	5	EU-BMW-5-F07-GRAN-TURISMO-FACELIFT-01	HIGH	F07 Gran Turismo五门掀背物理外廓。	READY
125133	125133	Pickup	Expert III	K0	2	EU-PSA-EXPERT-JUMPY-III-K0-PLATFORM-CAB-01	HIGH	中轴距Platform Cab物理外廓。	READY
125134	125134	Pickup	Expert III	K0	2	EU-PSA-EXPERT-JUMPY-III-K0-PLATFORM-CAB-01	HIGH	中轴距Platform Cab物理外廓。	READY
125135	125135	Pickup	Expert III	K0	2	EU-PSA-EXPERT-JUMPY-III-K0-PLATFORM-CAB-01	HIGH	中轴距Platform Cab物理外廓。	READY
125153	125153	Coupe	A5 II (F5)	F5	2	EU-AUDI-A5-F5-COUPE-01	HIGH	F5双门Coupe物理外廓。	READY
125154	125154	Hatchback	A5 II (F5)	F5	5	EU-AUDI-A5-F5-SPORTBACK-01	HIGH	F5 Sportback五门掀背物理外廓。	READY
125157	125157	SUV	Stelvio I	949	5	EU-ALFA-ROMEO-STELVIO-949-SUV-01	HIGH		READY
125163	125163	Wagon	E-Class V	S213	5	EU-MERCEDES-BENZ-E-CLASS-S213-WAGON-PREFL-01	HIGH	S213改款前旅行车外廓。	READY
125164_prefl	125164	Wagon	E-Class V	S213	5	EU-MERCEDES-BENZ-E-CLASS-S213-WAGON-PREFL-01	HIGH	同一Ktype跨越外廓尺寸变化改款，拆分改款前分支。	READY
125164_facelift	125164	Wagon	E-Class V	S213	5	EU-MERCEDES-BENZ-E-CLASS-S213-WAGON-FACELIFT-01	HIGH	同一Ktype跨越外廓尺寸变化改款，拆分改款后分支。	READY
125165_prefl	125165	Wagon	E-Class V	S213	5	EU-MERCEDES-BENZ-E-CLASS-S213-WAGON-PREFL-01	HIGH	同一Ktype跨越外廓尺寸变化改款，拆分改款前分支。	READY
125165_facelift	125165	Wagon	E-Class V	S213	5	EU-MERCEDES-BENZ-E-CLASS-S213-WAGON-FACELIFT-01	HIGH	同一Ktype跨越外廓尺寸变化改款，拆分改款后分支。	READY
125169	125169	Sedan	E-Class V	W213	4	EU-MERCEDES-BENZ-E-CLASS-W213-AMG-E63-SEDAN-PREFL-01	HIGH	W213 AMG E 63改款前宽体三厢外廓。	READY
125170_prefl	125170	Sedan	E-Class V	W213	4	EU-MERCEDES-BENZ-E-CLASS-W213-AMG-E63S-SEDAN-PREFL-01	HIGH	同一Ktype跨越外廓尺寸变化改款，拆分改款前分支。	READY
125170_facelift	125170	Sedan	E-Class V	W213	4	EU-MERCEDES-BENZ-E-CLASS-W213-AMG-E63S-SEDAN-FACELIFT-01	HIGH	同一Ktype跨越外廓尺寸变化改款，拆分改款后分支。	READY
125171	125171	Wagon	3 Series VI	F31	5	EU-BMW-3-F31-WAGON-PREFL-RWD-01	HIGH	F31改款前后驱旅行车外廓。	READY
125172	125172	Wagon	3 Series VI	F31	5	EU-BMW-3-F31-WAGON-PREFL-XDRIVE-01	HIGH	xDrive车身高度与后驱版本不同。	READY
125183	125183	SUV	Q5 II	FY	5	EU-AUDI-Q5-II-FY-SUV-01	HIGH		READY
125184	125184	SUV	Q5 II	FY	5	EU-AUDI-Q5-II-FY-SQ5-SUV-01	HIGH	SQ5专属外廓高度。	READY
125199	125199	SUV	Q5 II	FY	5	EU-AUDI-Q5-II-FY-SUV-01	HIGH		READY
125208	125208	Pickup	Jumpy III	K0	2	EU-PSA-EXPERT-JUMPY-III-K0-PLATFORM-CAB-01	HIGH	中轴距Platform Cab物理外廓。	READY
125212	125212	Coupe	Corolla VI	AE92	2	EU-TOYOTA-COROLLA-VI-AE92-COUPE-01	MEDIUM	生产期与功率对应AE92自然吸气双门Coupe；输入驱动字段与该车身资料不一致。	READY
125213	125213	Pickup	Jumpy III	K0	2	EU-PSA-EXPERT-JUMPY-III-K0-PLATFORM-CAB-01	HIGH	中轴距Platform Cab物理外廓。	READY
125214	125214	Pickup	Jumpy III	K0	2	EU-PSA-EXPERT-JUMPY-III-K0-PLATFORM-CAB-01	HIGH	中轴距Platform Cab物理外廓。	READY
125220	125220	SUV	ix35 I facelift		5	EU-HYUNDAI-IX35-I-SUV-FACELIFT-01	MEDIUM	ix35改款后五门SUV外廓。	READY
125249	125249	Sedan	Jetta VI facelift		4	EU-VW-JETTA-VI-SEDAN-FACELIFT-01	HIGH	输入代际标签与生产期不一致，按Jetta VI改款车型归类。	READY
125265	125265	SUV	CR-V V		5	EU-HONDA-CR-V-V-SUV-01	MEDIUM	CR-V第五代五门SUV外廓。	READY
125291	125291	Convertible	500	312	3	EU-FIAT-500-312-CABRIOLET-PREFL-01	MEDIUM	500 C改款前软顶车身外廓。	READY
125292	125292	Sedan	Polo IV	9N2	4	EU-VW-POLO-IV-9N2-SEDAN-01	MEDIUM	输入结束期晚于欧洲官方生产资料，按9N2四门Sedan外廓。	READY
125303	125303	Wagon	XM I	Y3	5	EU-CITROEN-XM-Y3-WAGON-01	HIGH	Y3 Break物理外廓。	READY
125321	125321	Hatchback	Clio IV		5	EU-RENAULT-CLIO-IV-FACELIFT-HATCHBACK-01	MEDIUM	改款前后外廓三维一致，复用稳定尺寸组。	READY
125328	125328	Pickup	Dyna 100	LY100	2	EU-TOYOTA-DYNA-100-LY100-PICKUP-01	HIGH	LY100单排底盘车外廓。	READY
125336	125336	Wagon	5 Series VII	G31	5	EU-BMW-5-G31-WAGON-PREFL-01	HIGH	G31改款前旅行车物理外廓。	READY
125337	125337	Wagon	5 Series VII	G31	5	EU-BMW-5-G31-WAGON-PREFL-01	HIGH	G31改款前旅行车物理外廓。	READY
125338	125338	Wagon	5 Series VII	G31	5	EU-BMW-5-G31-WAGON-PREFL-01	HIGH	G31改款前旅行车物理外廓。	READY
125339_prefl	125339	Wagon	5 Series VII	G31	5	EU-BMW-5-G31-WAGON-PREFL-01	HIGH	同一Ktype跨越外廓尺寸变化改款，拆分改款前分支。	READY
125339_facelift	125339	Wagon	5 Series VII	G31	5	EU-BMW-5-G31-WAGON-FACELIFT-01	HIGH	同一Ktype跨越外廓尺寸变化改款，拆分改款后分支。	READY
125340	125340	Wagon	5 Series VII	G31	5	EU-BMW-5-G31-WAGON-PREFL-01	HIGH	G31改款前旅行车物理外廓。	READY
125341	125341	Wagon	5 Series VII	G31	5	EU-BMW-5-G31-WAGON-PREFL-01	HIGH	G31改款前旅行车物理外廓。	READY
125343	125343	Sedan	5 Series VII	G30	4	EU-BMW-5-G30-SEDAN-PREFL-01	HIGH	G30改款前三厢物理外廓。	READY
125345_prefl	125345	Sedan	5 Series VII	G30	4	EU-BMW-5-G30-SEDAN-PREFL-01	HIGH	同一Ktype跨越外廓尺寸变化改款，拆分改款前分支。	READY
125345_facelift	125345	Sedan	5 Series VII	G30	4	EU-BMW-5-G30-SEDAN-FACELIFT-01	HIGH	同一Ktype跨越外廓尺寸变化改款，拆分改款后分支。	READY
125347	125347	Wagon	MINI III	F54	5	EU-MINI-MINI-F54-WAGON-01	HIGH	F54 Clubman外廓。	READY
125348	125348	Wagon	MINI III	F54	5	EU-MINI-MINI-F54-WAGON-01	HIGH	F54 Clubman外廓。	READY
125349_prefl	125349	SUV	X-Trail III	T32	5	EU-NISSAN-X-TRAIL-III-T32-SUV-PREFL-01	HIGH	同一Ktype跨越外廓尺寸变化改款，拆分改款前分支。	READY
125349_facelift	125349	SUV	X-Trail III	T32	5	EU-NISSAN-X-TRAIL-III-T32-SUV-FACELIFT-01	HIGH	同一Ktype跨越外廓尺寸变化改款，拆分改款后分支。	READY
125350_prefl	125350	SUV	X-Trail III	T32	5	EU-NISSAN-X-TRAIL-III-T32-SUV-PREFL-01	HIGH	同一Ktype跨越外廓尺寸变化改款，拆分改款前分支。	READY
125350_facelift	125350	SUV	X-Trail III	T32	5	EU-NISSAN-X-TRAIL-III-T32-SUV-FACELIFT-01	HIGH	同一Ktype跨越外廓尺寸变化改款，拆分改款后分支。	READY
125351	125351	Coupe	TT III	8S	3	EU-AUDI-TT-8S-COUPE-01	HIGH	8S三门Coupe外廓。	READY
125352	125352	Convertible	TT III	8S	2	EU-AUDI-TT-8S-ROADSTER-01	HIGH	8S双门Roadster外廓。	READY
125427_prefl	125427	Coupe	3000GT I	Z16A	3	EU-MITSUBISHI-3000GT-I-COUPE-PREFL-01	HIGH	同一Ktype跨越外廓尺寸变化改款，拆分改款前分支。	READY
125427_facelift	125427	Coupe	3000GT I	Z16A	3	EU-MITSUBISHI-3000GT-I-COUPE-FACELIFT-01	HIGH	同一Ktype跨越外廓尺寸变化改款，拆分改款后分支。	READY
125430	125430	Coupe	3000GT I	Z15A	3	EU-MITSUBISHI-3000GT-I-COUPE-PREFL-01	MEDIUM	前驱自然吸气早期车身外廓。	READY
125438_regularcab_longbed	125438	Pickup	Silverado 2500HD	GMT800		EU-CHEVROLET-SILVERADO-2500HD-GMT800-PICKUP-REGULARCAB-LONGBED-4WD-01	MEDIUM	Regular Cab Long Bed 4WD物理分支。	READY
125438_extendedcab_shortbed	125438	Pickup	Silverado 2500HD	GMT800		EU-CHEVROLET-SILVERADO-2500HD-GMT800-PICKUP-EXTENDEDCAB-SHORTBED-01	MEDIUM	Extended Cab Short Bed 4WD物理分支。	READY
125438_extendedcab_longbed	125438	Pickup	Silverado 2500HD	GMT800		EU-CHEVROLET-SILVERADO-2500HD-GMT800-PICKUP-EXTENDEDCAB-LONGBED-01	MEDIUM	Extended Cab Long Bed 4WD物理分支。	READY
125438_crewcab_shortbed	125438	Pickup	Silverado 2500HD	GMT800		EU-CHEVROLET-SILVERADO-2500HD-GMT800-PICKUP-CREWCAB-SHORTBED-01	MEDIUM	Crew Cab Short Bed 4WD物理分支。	READY
125438_crewcab_longbed	125438	Pickup	Silverado 2500HD	GMT800		EU-CHEVROLET-SILVERADO-2500HD-GMT800-PICKUP-CREWCAB-LONGBED-01	MEDIUM	Crew Cab Long Bed 4WD物理分支。	READY
125440	125440	Sedan	Galant VIII		4	EU-MITSUBISHI-GALANT-VIII-SEDAN-3.0-01	MEDIUM	3.0升前驱四门车身；输入功率与直接规格页标注存在小幅差异。	READY
125446	125446	Coupe	MR2 II	SW21	2	EU-TOYOTA-MR2-II-SW21-COUPE-01	HIGH	2.2升SW21双门车身外廓。	READY
125474	125474	Pickup	Scudo I	220	2	EU-FIAT-SCUDO-I-220-PLATFORM-CHASSIS-01	HIGH	第一代220短轴Platform/Chassis双门外廓。	READY
125493	125493	SUV	Tahoe IV	K2UC	5	EU-CHEVROLET-TAHOE-IV-K2UC-SUV-01	MEDIUM	K2UC五门SUV外廓。	READY
125500	125500	Coupe	Corvette C3	C3	2	EU-CHEVROLET-CORVETTE-C3-COUPE-1975-01	HIGH	1975年C3 Coupe外廓。	READY
125504	125504	Coupe	Corvette C4	C4	2	EU-CHEVROLET-CORVETTE-C4-COUPE-BASE-1990-01	HIGH	1990年普通版C4 Coupe外廓。	READY
125505	125505	Coupe	Corvette C4	C4	2	EU-CHEVROLET-CORVETTE-C4-ZR1-COUPE-1990-01	HIGH	ZR-1宽体外廓。	READY
125527	125527	Sedan	Caprice II		4	EU-CHEVROLET-CAPRICE-II-SEDAN-1975-01	HIGH	1975年四门Sedan外廓。	READY
125528	125528	Sedan	Lancer Evolution IV	CN9A	4	EU-MITSUBISHI-LANCER-EVOLUTION-IV-CN9A-SEDAN-01	HIGH		READY
125554	125554	Sedan	Malibu III		4	EU-CHEVROLET-MALIBU-III-SEDAN-PHASE-I-01	HIGH	第三代前期四门Sedan外廓。	READY
125565_prefl	125565	Coupe	Malibu III		2	EU-CHEVROLET-MALIBU-III-COUPE-PHASE-I-01	HIGH	同一Ktype跨越外廓尺寸变化，拆分前期Coupe分支。	READY
125565_facelift	125565	Coupe	Malibu III		2	EU-CHEVROLET-MALIBU-III-COUPE-PHASE-II-01	HIGH	同一Ktype跨越外廓尺寸变化，拆分后期Coupe分支。	READY
125584	125584	Sedan	Lancer Evolution VII	CT9A	4	EU-MITSUBISHI-LANCER-EVOLUTION-VII-CT9A-SEDAN-01	HIGH		READY
125588_prefl	125588	SUV	Sorento III	UM	5	EU-KIA-SORENTO-III-UM-SUV-PREFL-01	HIGH	同一Ktype覆盖Sorento III改款前外廓。	READY
125588_facelift	125588	SUV	Sorento III	UM	5	EU-KIA-SORENTO-III-UM-SUV-FACELIFT-01	HIGH	同一Ktype覆盖Sorento III改款后外廓。	READY
125591	125591	SUV	Sportage IV	QL	5	EU-KIA-SPORTAGE-IV-QL-SUV-01	HIGH		READY
125592	125592	Sedan	Lancer Evolution VIII	CT9A	4	EU-MITSUBISHI-LANCER-EVOLUTION-VIII-CT9A-SEDAN-01	HIGH	按VariantName识别为Evolution VIII。	READY
125593	125593	Sedan	Lancer Evolution VIII	CT9A	4	EU-MITSUBISHI-LANCER-EVOLUTION-VIII-CT9A-SEDAN-01	HIGH	按VariantName识别为Evolution VIII FQ-300。	READY
125594	125594	Sedan	Lancer Evolution VIII	CT9A	4	EU-MITSUBISHI-LANCER-EVOLUTION-VIII-CT9A-SEDAN-01	HIGH	按VariantName识别为Evolution VIII FQ-300。	READY
125596	125596	Sedan	Lancer Evolution VIII	CT9A	4	EU-MITSUBISHI-LANCER-EVOLUTION-VIII-CT9A-SEDAN-01	HIGH	按VariantName识别为Evolution VIII FQ-330。	READY
125600	125600	Sedan	Lancer Evolution VIII	CT9A	4	EU-MITSUBISHI-LANCER-EVOLUTION-VIII-CT9A-SEDAN-01	HIGH	按VariantName识别为Evolution VIII FQ-340。	READY
125602	125602	Sedan	Lancer Evolution VIII	CT9A	4	EU-MITSUBISHI-LANCER-EVOLUTION-VIII-CT9A-SEDAN-01	HIGH	按VariantName识别为Evolution VIII FQ-400。	READY
125608	125608	Sedan	Lancer Evolution IX	CT9A	4	EU-MITSUBISHI-LANCER-EVOLUTION-IX-CT9A-FQ360-SEDAN-01	HIGH	按VariantName识别为Evolution IX FQ-360。	READY
125609	125609	Wagon	Thema I	834	5	EU-LANCIA-THEMA-834-WAGON-01	HIGH	Thema Station Wagon物理外廓。	READY
125693	125693	Hatchback	F8C	F8C	3	EU-MICROCAR-F8C-HATCHBACK-01	MEDIUM	F8C三门微型车外廓。	READY
125694	125694	Hatchback	F8C	F8C	3	EU-MICROCAR-F8C-HATCHBACK-01	MEDIUM	F8C三门微型车外廓。	READY
125703	125703	Hatchback	Leon III	5F	5	EU-SEAT-LEON-III-5F-HATCHBACK-5D-FACELIFT-01	HIGH	Leon 5F改款五门掀背外廓。	READY
125718	125718	Coupe	Leon III	5F	3	EU-SEAT-LEON-III-5F-HATCHBACK-3D-FACELIFT-01	HIGH	Leon SC改款三门外廓。	READY
125719	125719	Wagon	Leon III	5F	5	EU-SEAT-LEON-III-5F-WAGON-FACELIFT-01	HIGH	Leon ST改款旅行车外廓。	READY
125720	125720	Wagon	Leon III	5F	5	EU-SEAT-LEON-III-5F-WAGON-FACELIFT-01	HIGH	Leon ST改款旅行车外廓。	READY
125748	125748	Pickup	L200 IV facelift		4	EU-MITSUBISHI-L200-IV-PICKUP-DOUBLECAB-FACELIFT-01	HIGH	178 HP Double Cab改款车身。	READY
125793	125793	Hatchback	Gemini II	JT150	3	EU-ISUZU-GEMINI-II-HATCHBACK-PREFL-01	HIGH	第二代前期三门Hatchback外廓。	READY
125799	125799	Hatchback	Gemini II	JT190	3	EU-ISUZU-GEMINI-II-HATCHBACK-FACELIFT-01	HIGH	GTI 16V改款三门Hatchback外廓。	READY
125804	125804	Coupe	Piazza I	JR120	3	EU-ISUZU-PIAZZA-I-JR120-COUPE-01	HIGH	JR120三门Coupe外廓。	READY
125811	125811	SUV	Maverick II		5	EU-FORD-MAVERICK-II-SUV-01	HIGH		READY
125812	125812	SUV	Maverick II		5	EU-FORD-MAVERICK-II-SUV-01	MEDIUM	输入驱动信息与常见3.0 V6配置不一致；不影响五门车身外廓边界。	READY
125814_2dr	125814	Sedan	Escort II		2	EU-FORD-ESCORT-II-SEDAN-1.6-01	MEDIUM	两门Sedan物理分支。	READY
125814_4dr	125814	Sedan	Escort II		4	EU-FORD-ESCORT-II-SEDAN-1.6-01	MEDIUM	四门Sedan外廓三维与两门分支一致。	READY
125815	125815	Coupe	F-Type facelift	X152	2	EU-JAGUAR-F-TYPE-X152-COUPE-FACELIFT-01	HIGH	400 Sport改款双门Coupe外廓。	READY
125817	125817	Coupe	F-Type I facelift	X152	2	EU-JAGUAR-F-TYPE-X152-COUPE-FACELIFT-01	HIGH		READY
125818	125818	Convertible	F-Type I facelift	X152	2	EU-JAGUAR-F-TYPE-X152-CONVERTIBLE-FACELIFT-01	HIGH		READY
125819	125819	Convertible	F-Type I facelift	X152	2	EU-JAGUAR-F-TYPE-X152-CONVERTIBLE-FACELIFT-01	HIGH		READY
125827_2d	125827	Sedan	Taunus TC2	GBTS	2	EU-FORD-TAUNUS-TC2-SEDAN-2D-01	HIGH	同一Ktype覆盖二门和四门轿车；二门分支。	READY
125827_4d	125827	Sedan	Taunus TC2	GBTS	4	EU-FORD-TAUNUS-TC2-SEDAN-4D-01	HIGH	同一Ktype覆盖二门和四门轿车；四门分支。	READY
125828_2d	125828	Sedan	Taunus TC2	GBTS	2	EU-FORD-TAUNUS-TC2-SEDAN-2D-01	HIGH	同一Ktype覆盖二门和四门轿车；二门分支。	READY
125828_4d	125828	Sedan	Taunus TC2	GBTS	4	EU-FORD-TAUNUS-TC2-SEDAN-4D-01	HIGH	同一Ktype覆盖二门和四门轿车；四门分支。	READY
125829	125829	Wagon	Taunus TC2	GBNS	5	EU-FORD-TAUNUS-TC2-WAGON-5D-01	HIGH	Turnier五门外廓。	READY
125830	125830	Coupe	Taunus TC1	GBCK	2	EU-FORD-TAUNUS-TC1-COUPE-01	HIGH		READY
125838_2d	125838	Sedan	Taunus TC3	GBFS	2	EU-FORD-TAUNUS-TC3-SEDAN-2D-01	HIGH	同一Ktype覆盖二门和四门轿车；二门分支。	READY
125838_4d	125838	Sedan	Taunus TC3	GBFS	4	EU-FORD-TAUNUS-TC3-SEDAN-4D-01	HIGH	同一Ktype覆盖二门和四门轿车；四门分支。	READY
125839	125839	Hatchback	Rio IV	YB	5	EU-KIA-RIO-IV-YB-HATCHBACK-5D-PREFL-01	HIGH		READY
125840	125840	Hatchback	Rio IV	YB	5	EU-KIA-RIO-IV-YB-HATCHBACK-5D-PREFL-01	HIGH		READY
125841	125841	Hatchback	Rio IV	YB	5	EU-KIA-RIO-IV-YB-HATCHBACK-5D-PREFL-01	HIGH		READY
125842	125842	Hatchback	Rio IV	YB	5	EU-KIA-RIO-IV-YB-HATCHBACK-5D-PREFL-01	HIGH		READY
125843	125843	Hatchback	Rio IV	YB	5	EU-KIA-RIO-IV-YB-HATCHBACK-5D-PREFL-01	HIGH		READY
125844	125844	Hatchback	Rio IV	YB	5	EU-KIA-RIO-IV-YB-HATCHBACK-5D-PREFL-01	HIGH		READY
125847	125847	Sedan	Sylphy B17	B17	4	EU-NISSAN-SYLPHY-B17-SEDAN-01	MEDIUM	Bluebird名称对应B17 Sylphy四门车身。	READY
125852	125852	Van	Focus III pre-facelift	DYB	5	EU-FORD-FOCUS-III-PREFL-VAN-5D-01	HIGH	五门厢式车外廓。	READY
125853_prefl	125853	Van	Focus III pre-facelift	DYB	5	EU-FORD-FOCUS-III-PREFL-VAN-5D-01	HIGH	Ktype生产区间跨越改款；改款前分支。	READY
125853_facelift	125853	Van	Focus III facelift	DYB	5	EU-FORD-FOCUS-III-FACELIFT-VAN-5D-01	HIGH	Ktype生产区间跨越改款；改款后分支。	READY
125855	125855	Van	Focus III pre-facelift	DYB	5	EU-FORD-FOCUS-III-PREFL-VAN-5D-01	HIGH	五门厢式车外廓。	READY
125881	125881	Wagon	Lagonda Series 3 Shooting Brake		5	EU-ASTON-MARTIN-LAGONDA-SERIES-3-SHOOTING-BRAKE-01	MEDIUM	Roos Engineering单一Shooting Brake改装车身。	READY
125883	125883	Coupe	V8 Vantage I facelift	VH2	2	EU-ASTON-MARTIN-VANTAGE-VH2-GT8-COUPE-01	HIGH	GT8宽体空气动力学外廓。	READY
125897	125897	Coupe	626 I	CB2	2	EU-MAZDA-626-I-CB2-COUPE-01	HIGH		READY
125898_prefl	125898	Coupe	818 I pre-facelift		2	EU-MAZDA-818-I-COUPE-PREFL-01	MEDIUM	Ktype生产区间跨越车身改款；改款前分支。	READY
125898_facelift	125898	Coupe	818 I facelift		2	EU-MAZDA-818-I-COUPE-FACELIFT-01	HIGH	Ktype生产区间跨越车身改款；改款后分支。	READY
125909	125909	SUV	RX IV	GYL20	5	EU-LEXUS-RX-IV-AL20-SUV-PREFL-01	MEDIUM	GYL20前驱混动车身边界。	READY
125923_swb_pre87	125923	SUV	G-Class W460	460.230	3	EU-MERCEDES-BENZ-G-W460-SUV-SWB-PRE87-01	MEDIUM	输入版本名与功率不一致；按官方230 G短轴封闭式、1987年10月前外廓。	READY
125923_swb_post87	125923	SUV	G-Class W460	460.230	3	EU-MERCEDES-BENZ-G-W460-SUV-SWB-POST87-01	MEDIUM	输入版本名与功率不一致；按官方230 G短轴封闭式、1987年10月后外廓。	READY
125923_lwb_pre87	125923	SUV	G-Class W460	460.231	5	EU-MERCEDES-BENZ-G-W460-SUV-LWB-PRE87-01	MEDIUM	输入版本名与功率不一致；按官方230 G长轴封闭式、1987年10月前外廓。	READY
125923_lwb_post87	125923	SUV	G-Class W460	460.231	5	EU-MERCEDES-BENZ-G-W460-SUV-LWB-POST87-01	MEDIUM	输入版本名与功率不一致；按官方230 G长轴封闭式、1987年10月后外廓。	READY
125925	125925	Convertible	G-Class W463	463.303	3	EU-MERCEDES-BENZ-G-W463-CONVERTIBLE-SWB-01	HIGH	短轴Cabriolet外廓。	READY
125926_swb	125926	SUV	G-Class W463	463.340	3	EU-MERCEDES-BENZ-G-W463-SUV-SWB-01	HIGH	短轴封闭式外廓。	READY
125926_lwb	125926	SUV	G-Class W463	463.341	5	EU-MERCEDES-BENZ-G-W463-SUV-LWB-01	HIGH	长轴封闭式外廓。	READY
125927	125927	Wagon	33 Tipo 907 Series 2	907B1H	5	EU-ALFA-ROMEO-33-907-SPORTWAGON-4X4-01	HIGH	907B1H五门四驱Sportwagon外廓。	READY
125932	125932	Coupe	911 (991.2)	991.2	2	EU-PORSCHE-911-991-2-CARRERA-GTS-COUPE-RWD-01	HIGH		READY
125933	125933	Coupe	911 (991.2)	991.2	2	EU-PORSCHE-911-991-2-CARRERA-4-GTS-COUPE-AWD-01	HIGH		READY
125934	125934	Convertible	911 (991.2)	991.2	2	EU-PORSCHE-911-991-2-CARRERA-GTS-CONVERTIBLE-RWD-01	HIGH		READY
125935	125935	Convertible	911 (991.2)	991.2	2	EU-PORSCHE-911-991-2-CARRERA-4-GTS-CONVERTIBLE-AWD-01	HIGH		READY
125936	125936	Targa	911 (991.2)	991.2	2	EU-PORSCHE-911-991-2-TARGA-4-GTS-01	HIGH	独立Targa车顶外廓。	READY
125937	125937	Coupe	S-Class W126 facelift	C126	2	EU-MERCEDES-BENZ-S-CLASS-C126-COUPE-FACELIFT-01	HIGH		READY
125938	125938	Convertible	SL R107	R107	2	EU-MERCEDES-BENZ-SL-R107-CONVERTIBLE-01	HIGH		READY
125940	125940	SUV	GL-Class II	X166	5	EU-MERCEDES-BENZ-GL-X166-SUV-AMG-PREFL-01	HIGH		READY
125941	125941	Hatchback	Zoe I	X10	5	EU-RENAULT-ZOE-I-X10-HATCHBACK-5D-PREFL-01	HIGH		READY
125942_mwb	125942	Van	T1/TN	W611.367		EU-MERCEDES-BENZ-T1-W611-VAN-MWB-HIGHROOF-01	MEDIUM	Ktype覆盖3350和3700 mm轴距；3350 mm高顶厢式分支。	READY
125942_lwb	125942	Van	T1/TN	W611.368		EU-MERCEDES-BENZ-T1-W611-VAN-LWB-HIGHROOF-01	MEDIUM	Ktype覆盖3350和3700 mm轴距；3700 mm高顶厢式分支。	READY
125943	125943	Hatchback	Golf VII facelift		5	EU-VW-GOLF-VII-HATCHBACK-5D-FACELIFT-01	HIGH		READY
125944	125944	Wagon	Golf VII facelift		5	EU-VW-GOLF-VII-VARIANT-FACELIFT-01	HIGH		READY
125949	125949	Wagon	Astra J		5	EU-OPEL-ASTRA-J-SPORTS-TOURER-01	HIGH		READY
125956	125956	Sedan	Diplomat B		4	EU-OPEL-DIPLOMAT-B-SEDAN-01	HIGH		READY
125980_prefl	125980	Hatchback	Bluebird T12	T12	5	EU-NISSAN-BLUEBIRD-T12-HATCHBACK-5D-PREFL-01	HIGH	Ktype生产区间跨越1988年改款；改款前分支。	READY
125980_facelift	125980	Hatchback	Bluebird T72	T72	5	EU-NISSAN-BLUEBIRD-T72-HATCHBACK-5D-FACELIFT-01	HIGH	Ktype生产区间跨越1988年改款；改款后分支。	READY
125992	125992	SUV	Kadjar I		5	EU-RENAULT-KADJAR-I-SUV-PREFL-01	HIGH		READY
125995	125995	Hatchback	Golf VII facelift		5	EU-VW-GOLF-VII-HATCHBACK-5D-FACELIFT-01	HIGH		READY
125996	125996	Wagon	Golf VII facelift		5	EU-VW-GOLF-VII-VARIANT-FACELIFT-01	HIGH		READY
125997	125997	Hatchback	Golf VII facelift		5	EU-VW-GOLF-VII-HATCHBACK-5D-FACELIFT-01	HIGH		READY
125998	125998	Wagon	Golf VII facelift		5	EU-VW-GOLF-VII-VARIANT-FACELIFT-01	HIGH		READY
126000	126000	Hatchback	Octavia III facelift	5E3	5	EU-SKODA-OCTAVIA-III-HATCHBACK-FACELIFT-01	HIGH	五门liftback外廓。	READY
126001	126001	Wagon	Octavia III facelift	5E5	5	EU-SKODA-OCTAVIA-III-WAGON-FACELIFT-01	HIGH		READY
126002	126002	Hatchback	Octavia III facelift	5E3	5	EU-SKODA-OCTAVIA-III-HATCHBACK-FACELIFT-01	HIGH	五门liftback外廓。	READY
126003	126003	Wagon	Octavia III facelift	5E5	5	EU-SKODA-OCTAVIA-III-WAGON-FACELIFT-01	HIGH		READY
126004_swb	126004	Pickup	Daily VI 4x4		2	EU-IVECO-DAILY-VI-4X4-CHASSIS-SWB-01	MEDIUM	同一Ktype覆盖多轴距底盘驾驶室；短轴分支。	READY
126004_mwb	126004	Pickup	Daily VI 4x4		2	EU-IVECO-DAILY-VI-4X4-CHASSIS-MWB-01	MEDIUM	同一Ktype覆盖多轴距底盘驾驶室；中轴分支。	READY
126004_lwb	126004	Pickup	Daily VI 4x4		2	EU-IVECO-DAILY-VI-4X4-CHASSIS-LWB-01	MEDIUM	同一Ktype覆盖多轴距底盘驾驶室；长轴分支。	READY
126006	126006	Sedan	E-Class W213 pre-facelift	W213	4	EU-MERCEDES-BENZ-E-CLASS-W213-SEDAN-PREFL-RWD-01	HIGH		READY
126007	126007	Hatchback	Golf VII facelift		5	EU-VW-GOLF-VII-HATCHBACK-5D-FACELIFT-01	HIGH		READY
126008_prefl	126008	Sedan	E-Class W213 pre-facelift	W213	4	EU-MERCEDES-BENZ-E-CLASS-W213-SEDAN-PREFL-4MATIC-01	HIGH	Ktype生产区间跨越W213改款；改款前分支。	READY
126008_facelift	126008	Sedan	E-Class W213 facelift	W213	4	EU-MERCEDES-BENZ-E-CLASS-W213-SEDAN-FACELIFT-4MATIC-01	HIGH	Ktype生产区间跨越W213改款；改款后分支。	READY
126010_prefl	126010	Convertible	3 Series E46 pre-facelift	E46/2C	2	EU-BMW-3-E46-CONVERTIBLE-PREFL-01	HIGH	Ktype生产区间跨越Cabriolet改款；改款前分支。	READY
126010_facelift	126010	Convertible	3 Series E46 facelift	E46/2C	2	EU-BMW-3-E46-CONVERTIBLE-FACELIFT-01	HIGH	Ktype生产区间跨越Cabriolet改款；改款后分支。	READY
126011	126011	Coupe	Gamma Coupe Series 2	830	2	EU-LANCIA-GAMMA-830-COUPE-SERIES-2-01	HIGH	第二系列双门Coupe外廓。	READY
126013	126013	SUV	Stelvio I	949	5	EU-ALFA-ROMEO-STELVIO-949-SUV-01	HIGH		READY
126014_90	126014	SUV	Defender I	L316	3	EU-LAND-ROVER-DEFENDER-I-STATION-WAGON-90-01	HIGH	Ktype覆盖90与110 Station Wagon；90短轴分支。	READY
126014_110	126014	SUV	Defender I	L316	5	EU-LAND-ROVER-DEFENDER-I-STATION-WAGON-110-01	HIGH	Ktype覆盖90与110 Station Wagon；110长轴分支。	READY
126015_110	126015	SUV	Land Rover One Ten	LDH	5	EU-LAND-ROVER-ONE-TEN-STATION-WAGON-110-01	HIGH	LDH覆盖110与127；110 Station Wagon分支。	READY
126015_127	126015	Pickup	Land Rover One Two Seven	LDH	4	EU-LAND-ROVER-ONE-TWO-SEVEN-DOUBLE-CAB-127-01	MEDIUM	LDH覆盖110与127；127 Double Cab Pickup分支。	READY
126020	126020	SUV	F-Pace I pre-facelift	X761	5	EU-JAGUAR-F-PACE-X761-SUV-PREFL-01	HIGH		READY
126021	126021	SUV	F-Pace I pre-facelift	X761	5	EU-JAGUAR-F-PACE-X761-SUV-PREFL-01	HIGH		READY
126022	126022	SUV	F-Pace I pre-facelift	X761	5	EU-JAGUAR-F-PACE-X761-SUV-PREFL-01	HIGH		READY
126023	126023	Hatchback	Stromos		5	EU-GERMAN-E-CARS-STROMOS-HATCHBACK-5D-01	HIGH	五门Stromos电动车身。	READY
126024	126024	Hatchback	Cetos		5	EU-GERMAN-E-CARS-CETOS-HATCHBACK-5D-01	MEDIUM	基于五门Opel Corsa D车身。	READY
126025	126025	Van	Plantos (Sprinter W906)	W906		EU-GERMAN-E-CARS-PLANTOS-W906-VAN-LWB-SUPERHIGH-01	MEDIUM	5.0 t长轴超高顶厢式配置。	READY
126026	126026	Pickup	Plantos (Sprinter W906)	W906	2	EU-GERMAN-E-CARS-PLANTOS-W906-CHASSIS-LWB-01	MEDIUM	5.0 t长轴底盘驾驶室/平台分支。	READY
126051	126051	Pickup	D-Max II facelift		2	EU-ISUZU-D-MAX-II-PICKUP-4X2-SINGLECAB-01	HIGH	4×2 Single Cab外廓。	READY
126055_singlecab	126055	Pickup	D-Max II facelift		2	EU-ISUZU-D-MAX-II-PICKUP-4X4-SINGLECAB-01	HIGH	4×4 Single Cab外廓。	READY
126055_extendedcab_utility	126055	Pickup	D-Max II facelift		4	EU-ISUZU-D-MAX-II-PICKUP-4X4-EXTENDEDCAB-UTILITY-01	HIGH	4×4 Extended Cab Utility车高分支。	READY
126055_extendedcab_hightrim	126055	Pickup	D-Max II facelift		4	EU-ISUZU-D-MAX-II-PICKUP-4X4-EXTENDEDCAB-HIGHTRIM-01	HIGH	4×4 Extended Cab高配置车高分支。	READY
126055_doublecab_utility	126055	Pickup	D-Max II facelift		4	EU-ISUZU-D-MAX-II-PICKUP-4X4-DOUBLECAB-UTILITY-01	HIGH	4×4 Double Cab Utility/Eiger车高分支。	READY
126055_doublecab_hightrim	126055	Pickup	D-Max II facelift		4	EU-ISUZU-D-MAX-II-PICKUP-4X4-DOUBLECAB-HIGHTRIM-01	HIGH	4×4 Double Cab Yukon/Utah/Blade车高分支。	READY
126060	126060	MPV	Partner II facelift	B9	5	EU-PEUGEOT-PARTNER-II-B9-TEPEE-4X4-01	MEDIUM	Dangel四驱Tepee外廓。	READY
126064	126064	Wagon	5 Series E60/E61	E61	5	EU-BMW-5-E61-WAGON-01	HIGH		READY
126065	126065	Sedan	604		4	EU-PEUGEOT-604-SEDAN-01	HIGH		READY
126072	126072	Convertible	Z4 I facelift	E85	2	EU-BMW-Z4-E85-CONVERTIBLE-FACELIFT-01	HIGH	E85改款后Roadster外廓。	READY
126075_prefl	126075	Wagon	3 Series E46 pre-facelift	E46/3	5	EU-BMW-3-E46-WAGON-PREFL-01	HIGH	Ktype生产区间跨越Touring改款；改款前分支。	READY
126075_facelift	126075	Wagon	3 Series E46 facelift	E46/3	5	EU-BMW-3-E46-WAGON-FACELIFT-01	HIGH	Ktype生产区间跨越Touring改款；改款后分支。	READY
126076_prefl	126076	Sedan	3 Series E46 pre-facelift	E46/4	4	EU-BMW-3-E46-SEDAN-PREFL-01	HIGH	Ktype生产区间跨越Sedan改款；改款前分支。	READY
126076_facelift	126076	Sedan	3 Series E46 facelift	E46/4	4	EU-BMW-3-E46-SEDAN-FACELIFT-01	HIGH	Ktype生产区间跨越Sedan改款；改款后分支。	READY
126077	126077	Wagon	5 Series E39 facelift	E39	5	EU-BMW-5-E39-WAGON-FACELIFT-01	HIGH		READY
126078	126078	Sedan	5 Series E39 facelift	E39	4	EU-BMW-5-E39-SEDAN-FACELIFT-01	HIGH		READY
126079	126079	Hatchback	A3 8V facelift	8V1	3	EU-AUDI-A3-8V-FACELIFT-HATCHBACK-3D-01	HIGH	三门外廓。	READY
126080	126080	Wagon	5 Series E39 pre-facelift	E39	5	EU-BMW-5-E39-WAGON-PREFL-01	HIGH		READY
126081	126081	Hatchback	A3 8V facelift	8VA	5	EU-AUDI-A3-8V-FACELIFT-SPORTBACK-5D-01	HIGH	五门Sportback外廓。	READY
126082	126082	Sedan	A3 8V facelift	8VS	4	EU-AUDI-A3-8V-FACELIFT-SEDAN-01	HIGH		READY
126106	126106	MPV	Libero E10		4	EU-SUBARU-LIBERO-E10-MICROVAN-01	MEDIUM	E10客运车身。	READY
126107	126107	Coupe	3 Series E46	E46	2	EU-BMW-3-E46-COUPE-PREFL-01	HIGH		READY
126109	126109	Coupe	Leone III		3	EU-SUBARU-LEONE-III-COUPE-4WD-01	HIGH	三门Coupe外廓。	READY
126118	126118	Coupe	3 Series E46	E46	2	EU-BMW-3-E46-COUPE-PREFL-01	HIGH		READY
126122	126122	Sedan	3 Series E46 pre-facelift	E46/4	4	EU-BMW-3-E46-SEDAN-PREFL-01	HIGH		READY
126128	126128	Van	Libero E10		4	EU-SUBARU-LIBERO-E10-MICROVAN-01	MEDIUM	E10货运车身。	READY
126132	126132	Coupe	6 Series E24 facelift	E24	2	EU-BMW-6-E24-COUPE-FACELIFT-01	HIGH	1987年后期E24外廓。	READY
126135	126135	Convertible	507	507	2	EU-BMW-507-CONVERTIBLE-01	HIGH		READY
126137	126137	Convertible	507	507	2	EU-BMW-507-CONVERTIBLE-01	HIGH		READY
126142	126142	Sedan	502	502	4	EU-BMW-502-SEDAN-01	HIGH		READY
126143	126143	Sedan	502	502	4	EU-BMW-502-SEDAN-01	HIGH		READY
126144	126144	Sedan	502	502	4	EU-BMW-502-SEDAN-01	HIGH		READY
126152	126152	Sedan	340	340	4	EU-BMW-340-SEDAN-01	HIGH		READY
126159	126159	Convertible	A5 II (F5)	F57	2	EU-AUDI-A5-II-F5-CABRIOLET-01	HIGH		READY
126160	126160	Convertible	A5 II (F5)	F57	2	EU-AUDI-A5-II-F5-CABRIOLET-01	HIGH		READY
126161	126161	Convertible	A5 II (F5)	F57	2	EU-AUDI-A5-II-F5-CABRIOLET-01	HIGH		READY
126162	126162	Convertible	A5 II (F5)	F57	2	EU-AUDI-A5-II-F5-CABRIOLET-01	HIGH		READY
126163	126163	Hatchback	A5 II (F5)	F5A	5	EU-AUDI-A5-F5-SPORTBACK-01	HIGH	五门Sportback外廓。	READY
126164	126164	SUV	C-HR I	ZYX10	5	EU-TOYOTA-C-HR-I-SUV-01	HIGH		READY
126165	126165	Hatchback	A5 F5	F5A	5	EU-AUDI-A5-F5-SPORTBACK-01	HIGH	Sportback 五门外廓。	READY
126168	126168	Hatchback	3 Series Gran Turismo (F34)	F34	5	EU-BMW-3-F34-GRAN-TURISMO-01	HIGH	F34 五门 Gran Turismo 外廓。	READY
126169	126169	Hatchback	3 Series Gran Turismo (F34)	F34	5	EU-BMW-3-F34-GRAN-TURISMO-01	HIGH	F34 五门 Gran Turismo 外廓。	READY
126175	126175	Convertible	Plus 4		2	EU-MORGAN-PLUS-4-CONVERTIBLE-01	MEDIUM	输入 Four/2 与 Plus 4 2.0 版本对应。	READY
126179	126179	SUV	Goa		5	EU-MAHINDRA-GOA-SUV-01	HIGH	五门 Goa SUV 外廓。	READY
126180	126180	Hatchback	A5 F5	F5A	5	EU-AUDI-A5-F5-SPORTBACK-01	HIGH	Sportback 五门外廓。	READY
126181	126181	Sedan	B7 (G12)	G12	4	EU-ALPINA-B7-G12-SEDAN-01	MEDIUM	G12 长轴轿车外廓；驱动差异不单独建组。	READY
126182	126182	Sedan	A4 B9	8W2	4	EU-AUDI-A4-B9-SEDAN-PREFL-01	HIGH	改款前 B9 轿车外廓。	READY
126183	126183	Wagon	A4 B9 Avant	8W5	5	EU-AUDI-A4-B9-AVANT-WAGON-01	HIGH	B9 Avant 外廓。	READY
126184	126184	Wagon	A4 B9 Avant	8W5	5	EU-AUDI-A4-B9-AVANT-WAGON-01	HIGH	B9 Avant 外廓。	READY
126185	126185	Wagon	5 Series Touring (G31)	G31	5	EU-BMW-5-G31-WAGON-PREFL-01	HIGH	G31 改款前 Touring 外廓。	READY
126186	126186	Hatchback	Clio IV facelift	X98	5	EU-RENAULT-CLIO-IV-FACELIFT-HATCHBACK-01	HIGH	Clio IV 改款后五门外廓。	READY
126187	126187	SUV	3008 II	P84	5	EU-PEUGEOT-3008-II-SUV-01	HIGH	第二代 3008 SUV 外廓。	READY
126188	126188	SUV	3008 II	P84	5	EU-PEUGEOT-3008-II-SUV-01	HIGH	第二代 3008 SUV 外廓。	READY
126189	126189	SUV	3008 II	P84	5	EU-PEUGEOT-3008-II-SUV-01	HIGH	第二代 3008 SUV 外廓。	READY
126190	126190	SUV	5008 II Phase I	P87	5	EU-PEUGEOT-5008-II-PHASE-I-SUV-01	HIGH	输入 MPV 标签按第二代 5008 的 SUV 物理车身归一。	READY
126191	126191	SUV	5008 II Phase I	P87	5	EU-PEUGEOT-5008-II-PHASE-I-SUV-01	HIGH	输入 MPV 标签按第二代 5008 的 SUV 物理车身归一。	READY
126196	126196	Hatchback	Model S pre-facelift		5	EU-TESLA-MODEL-S-PREFL-HATCHBACK-01	HIGH	2016 外观改款前 Model S 外廓。	READY
126198	126198	Hatchback	Model S pre-facelift		5	EU-TESLA-MODEL-S-PREFL-HATCHBACK-01	HIGH	2016 外观改款前 Model S 外廓。	READY
126200	126200	Hatchback	Model S pre-facelift		5	EU-TESLA-MODEL-S-PREFL-HATCHBACK-01	HIGH	2016 外观改款前 Model S 外廓。	READY
126214	126214	Hatchback	Sandero II facelift	B52	5	EU-DACIA-SANDERO-II-FACELIFT-HATCHBACK-01	HIGH	第二代 Sandero 改款后外廓。	READY
126215	126215	Wagon	Logan II MCV	K52	5	EU-DACIA-LOGAN-II-MCV-WAGON-01	HIGH	第二代 Logan MCV 外廓。	READY
126216	126216	Sedan	B5 (G30)	G30	4	EU-ALPINA-B5-G30-SEDAN-01	HIGH	G30 轿车外廓。	READY
126217	126217	Wagon	B5 Touring (G31)	G31	5	EU-ALPINA-B5-G31-WAGON-01	HIGH	G31 Touring 外廓。	READY
126218_l1h1	126218	Van	Primastar I facelift	X83		EU-NISSAN-PRIMASTAR-X83-VAN-L1H1-01	MEDIUM	输入未区分轴距与车顶；L1H1分支。	READY
126218_l1h2	126218	Van	Primastar I facelift	X83		EU-NISSAN-PRIMASTAR-X83-VAN-L1H2-01	MEDIUM	输入未区分轴距与车顶；L1H2分支。	READY
126218_l2h1	126218	Van	Primastar I facelift	X83		EU-NISSAN-PRIMASTAR-X83-VAN-L2H1-01	MEDIUM	输入未区分轴距与车顶；L2H1分支。	READY
126218_l2h2	126218	Van	Primastar I facelift	X83		EU-NISSAN-PRIMASTAR-X83-VAN-L2H2-01	MEDIUM	输入未区分轴距与车顶；L2H2分支。	READY
126219_l1_6seat	126219	MPV	Primastar I facelift	X83	4	EU-NISSAN-PRIMASTAR-X83-MINIBUS-L1H1-6SEAT-01	HIGH	L1H1六座Minibus外廓。	READY
126219_l1_9seat	126219	MPV	Primastar I facelift	X83	4	EU-NISSAN-PRIMASTAR-X83-MINIBUS-L1H1-9SEAT-01	HIGH	L1H1九座Minibus外廓。	READY
126219_l2_6seat	126219	MPV	Primastar I facelift	X83	4	EU-NISSAN-PRIMASTAR-X83-MINIBUS-L2H1-6SEAT-01	HIGH	L2H1六座Minibus外廓。	READY
126219_l2_9seat	126219	MPV	Primastar I facelift	X83	4	EU-NISSAN-PRIMASTAR-X83-MINIBUS-L2H1-9SEAT-01	HIGH	L2H1九座Minibus外廓。	READY
126220_dropside	126220	Pickup	Primastar I pre-facelift	X83	2	EU-NISSAN-PRIMASTAR-X83-DROPSIDE-L2-01	MEDIUM	长轴Dropside外廓。	READY
126221_dropside	126221	Pickup	Primastar I facelift	X83	2	EU-NISSAN-PRIMASTAR-X83-DROPSIDE-L2-01	MEDIUM	长轴Dropside外廓。	READY
126257	126257	Sedan	5 Series (G30)	G30	4	EU-BMW-5-G30-SEDAN-PREFL-01	HIGH	G30 改款前轿车外廓。	READY
126259	126259	SUV	Range Rover Velar I	L560	5	EU-LAND-ROVER-RANGE-ROVER-VELAR-L560-SUV-01	HIGH	L560 标准车身外廓。	READY
126260	126260	SUV	Range Rover Velar I	L560	5	EU-LAND-ROVER-RANGE-ROVER-VELAR-L560-SUV-01	HIGH	L560 标准车身外廓。	READY
126261	126261	SUV	Range Rover Velar I	L560	5	EU-LAND-ROVER-RANGE-ROVER-VELAR-L560-SUV-01	HIGH	L560 标准车身外廓。	READY
126262	126262	SUV	Range Rover Velar I	L560	5	EU-LAND-ROVER-RANGE-ROVER-VELAR-L560-SUV-01	HIGH	L560 标准车身外廓。	READY
126318	126318	SUV	Compass II	MP	5	EU-JEEP-COMPASS-II-MP-SUV-01	HIGH	第二代 Compass MP 四驱外廓。	READY
126341_swb	126341	MPV	Caddy IV	SAB	5	EU-VW-CADDY-IV-MPV-SWB-01	MEDIUM	标准轴距乘用车外廓。	READY
126341_maxi	126341	MPV	Caddy IV	SAJ	5	EU-VW-CADDY-IV-MPV-MAXI-01	MEDIUM	Maxi长轴乘用车外廓。	READY
126342_swb	126342	Van	Caddy IV	SAA		EU-VW-CADDY-IV-VAN-SWB-01	MEDIUM	标准轴距厢式车外廓。	READY
126342_maxi	126342	Van	Caddy IV	SAH		EU-VW-CADDY-IV-VAN-MAXI-01	MEDIUM	Maxi长轴厢式车外廓。	READY
126344	126344	Coupe	Huayra		2	EU-PAGANI-HUAYRA-COUPE-01	HIGH	Huayra Coupe 标准外廓。	READY
126370	126370	Convertible	D8 GTO		2	EU-DONKERVOORT-D8-GTO-CONVERTIBLE-01	HIGH	D8 GTO Performance 外廓。	READY
126388_mia	126388	Hatchback	Mia		3	EU-MIA-ELECTRIC-MIA-HATCHBACK-SHORT-01	HIGH	短车身 mia。	READY
126388_mial	126388	Hatchback	Mia L		3	EU-MIA-ELECTRIC-MIA-LONG-01	HIGH	长车身 mia L。	READY
126388_miau	126388	Van	Mia U		3	EU-MIA-ELECTRIC-MIA-LONG-01	HIGH	长车身商用 mia U。	READY
126404	126404	Hatchback	Clio IV facelift	X98	5	EU-RENAULT-CLIO-IV-FACELIFT-HATCHBACK-01	HIGH	Clio IV 改款后五门外廓。	READY
126414	126414	SUV	Crossland X	P17	5	EU-OPEL-CROSSLAND-X-P17-SUV-01	HIGH	Crossland X P17 标准外廓。	READY
126415	126415	SUV	Crossland X	P17	5	EU-OPEL-CROSSLAND-X-P17-SUV-01	HIGH	Crossland X P17 标准外廓。	READY
126416	126416	SUV	Crossland X	P17	5	EU-OPEL-CROSSLAND-X-P17-SUV-01	HIGH	Crossland X P17 标准外廓。	READY
126417	126417	SUV	Crossland X	P17	5	EU-OPEL-CROSSLAND-X-P17-SUV-01	HIGH	Crossland X P17 标准外廓。	READY
126418	126418	SUV	Crossland X	P17	5	EU-OPEL-CROSSLAND-X-P17-SUV-01	HIGH	Crossland X P17 标准外廓。	READY
126475	126475	Sedan	Quattroporte VI	M156	4	EU-MASERATI-QUATTROPORTE-VI-M156-SEDAN-01	HIGH	M156 轿车外廓。	READY
126478	126478	SUV	XC60 II		5	EU-VOLVO-XC60-II-SUV-01	HIGH	第二代 XC60 标准外廓。	READY
126479	126479	SUV	XC60 II		5	EU-VOLVO-XC60-II-SUV-01	HIGH	第二代 XC60 标准外廓。	READY
126480	126480	SUV	XC60 II		5	EU-VOLVO-XC60-II-SUV-01	HIGH	第二代 XC60 标准外廓。	READY
126481	126481	SUV	XC60 II		5	EU-VOLVO-XC60-II-SUV-01	HIGH	第二代 XC60 标准外廓。	READY
126482	126482	SUV	XC60 II		5	EU-VOLVO-XC60-II-SUV-01	HIGH	第二代 XC60 标准外廓。	READY
126495	126495	Hatchback	1 Series (E87) pre-facelift	E87	5	EU-BMW-1-E87-HATCHBACK-5D-PREFL-01	HIGH	E87 五门改款前外廓。	READY
126522	126522	Hatchback	Civic X	FK7	5	EU-HONDA-CIVIC-X-HATCHBACK-01	HIGH	1.5 VTEC 五门掀背 FK7。	READY
126524	126524	Hatchback	Civic X	FK6	5	EU-HONDA-CIVIC-X-HATCHBACK-01	HIGH	1.0 VTEC 五门掀背 FK6，与 FK7 共用外廓。	READY
126526	126526	SUV	Range Rover Velar I	L560	5	EU-LAND-ROVER-RANGE-ROVER-VELAR-L560-SUV-01	HIGH	L560 标准车身外廓。	READY
126554_3dr	126554	Hatchback	Fiesta VII		3	EU-FORD-FIESTA-VII-HATCHBACK-3D-01	MEDIUM	输入未区分门数；按三门外廓派生。	READY
126554_5dr	126554	Hatchback	Fiesta VII		5	EU-FORD-FIESTA-VII-HATCHBACK-5D-01	MEDIUM	输入未区分门数；按五门外廓派生。	READY
126555_3dr	126555	Hatchback	Fiesta VII		3	EU-FORD-FIESTA-VII-HATCHBACK-3D-01	MEDIUM	输入未区分门数；按三门外廓派生。	READY
126555_5dr	126555	Hatchback	Fiesta VII		5	EU-FORD-FIESTA-VII-HATCHBACK-5D-01	MEDIUM	输入未区分门数；按五门外廓派生。	READY
126556_3dr	126556	Hatchback	Fiesta VII		3	EU-FORD-FIESTA-VII-HATCHBACK-3D-01	MEDIUM	输入未区分门数；按三门外廓派生。	READY
126556_5dr	126556	Hatchback	Fiesta VII		5	EU-FORD-FIESTA-VII-HATCHBACK-5D-01	MEDIUM	输入未区分门数；按五门外廓派生。	READY
126557_3dr	126557	Hatchback	Fiesta VII		3	EU-FORD-FIESTA-VII-HATCHBACK-3D-01	MEDIUM	输入未区分门数；按三门外廓派生。	READY
126557_5dr	126557	Hatchback	Fiesta VII		5	EU-FORD-FIESTA-VII-HATCHBACK-5D-01	MEDIUM	输入未区分门数；按五门外廓派生。	READY
126566_3dr	126566	Hatchback	Fiesta VII		3	EU-FORD-FIESTA-VII-HATCHBACK-3D-01	MEDIUM	输入未区分门数；按三门外廓派生。	READY
126566_5dr	126566	Hatchback	Fiesta VII		5	EU-FORD-FIESTA-VII-HATCHBACK-5D-01	MEDIUM	输入未区分门数；按五门外廓派生。	READY
126567_3dr	126567	Hatchback	Fiesta VII		3	EU-FORD-FIESTA-VII-HATCHBACK-3D-01	MEDIUM	输入未区分门数；按三门外廓派生。	READY
126567_5dr	126567	Hatchback	Fiesta VII		5	EU-FORD-FIESTA-VII-HATCHBACK-5D-01	MEDIUM	输入未区分门数；按五门外廓派生。	READY
126569	126569	Coupe	Ford GT II		2	EU-FORD-GT-II-COUPE-01	HIGH	第二代 Ford GT 标准外廓。	READY
126571_l3h2	126571	Van	TGE I			EU-VW-CRAFTER-II-VAN-L3H2-01	MEDIUM	输入未区分车长与车顶；L3H2 分支。	READY
126571_l3h3	126571	Van	TGE I			EU-VW-CRAFTER-II-VAN-L3H3-01	MEDIUM	输入未区分车长与车顶；L3H3 分支。	READY
126571_l4h3	126571	Van	TGE I			EU-VW-CRAFTER-II-VAN-L4H3-01	MEDIUM	输入未区分车长与车顶；L4H3 分支。	READY
126571_l4h4	126571	Van	TGE I			EU-VW-CRAFTER-II-VAN-L4H4-01	MEDIUM	输入未区分车长与车顶；L4H4 分支。	READY
126571_l5h3	126571	Van	TGE I			EU-VW-CRAFTER-II-VAN-L5H3-01	MEDIUM	输入未区分车长与车顶；L5H3 分支。	READY
126571_l5h4	126571	Van	TGE I			EU-VW-CRAFTER-II-VAN-L5H4-01	MEDIUM	输入未区分车长与车顶；L5H4 分支。	READY
126572_l3h2	126572	Van	TGE I			EU-VW-CRAFTER-II-VAN-L3H2-01	MEDIUM	输入未区分车长与车顶；L3H2 分支。	READY
126572_l3h3	126572	Van	TGE I			EU-VW-CRAFTER-II-VAN-L3H3-01	MEDIUM	输入未区分车长与车顶；L3H3 分支。	READY
126572_l4h3	126572	Van	TGE I			EU-VW-CRAFTER-II-VAN-L4H3-01	MEDIUM	输入未区分车长与车顶；L4H3 分支。	READY
126572_l4h4	126572	Van	TGE I			EU-VW-CRAFTER-II-VAN-L4H4-01	MEDIUM	输入未区分车长与车顶；L4H4 分支。	READY
126572_l5h3	126572	Van	TGE I			EU-VW-CRAFTER-II-VAN-L5H3-01	MEDIUM	输入未区分车长与车顶；L5H3 分支。	READY
126572_l5h4	126572	Van	TGE I			EU-VW-CRAFTER-II-VAN-L5H4-01	MEDIUM	输入未区分车长与车顶；L5H4 分支。	READY
126573_l3h2	126573	Van	TGE I			EU-VW-CRAFTER-II-VAN-L3H2-01	MEDIUM	输入未区分车长与车顶；L3H2 分支。	READY
126573_l3h3	126573	Van	TGE I			EU-VW-CRAFTER-II-VAN-L3H3-01	MEDIUM	输入未区分车长与车顶；L3H3 分支。	READY
126573_l4h3	126573	Van	TGE I			EU-VW-CRAFTER-II-VAN-L4H3-01	MEDIUM	输入未区分车长与车顶；L4H3 分支。	READY
126573_l4h4	126573	Van	TGE I			EU-VW-CRAFTER-II-VAN-L4H4-01	MEDIUM	输入未区分车长与车顶；L4H4 分支。	READY
126573_l5h3	126573	Van	TGE I			EU-VW-CRAFTER-II-VAN-L5H3-01	MEDIUM	输入未区分车长与车顶；L5H3 分支。	READY
126573_l5h4	126573	Van	TGE I			EU-VW-CRAFTER-II-VAN-L5H4-01	MEDIUM	输入未区分车长与车顶；L5H4 分支。	READY
126577_l3h2	126577	Van	TGE I			EU-VW-CRAFTER-II-VAN-L3H2-01	MEDIUM	输入未区分车长与车顶；4x4 L3H2分支。	READY
126577_l3h3	126577	Van	TGE I			EU-VW-CRAFTER-II-VAN-L3H3-01	MEDIUM	输入未区分车长与车顶；4x4 L3H3分支。	READY
126577_l4h3	126577	Van	TGE I			EU-VW-CRAFTER-II-VAN-L4H3-01	MEDIUM	输入未区分车长与车顶；4x4 L4H3分支。	READY
126577_l4h4	126577	Van	TGE I			EU-VW-CRAFTER-II-VAN-L4H4-01	MEDIUM	输入未区分车长与车顶；4x4 L4H4分支。	READY
126577_l5h3	126577	Van	TGE I			EU-VW-CRAFTER-II-VAN-L5H3-01	MEDIUM	输入未区分车长与车顶；4x4 L5H3分支。	READY
126577_l5h4	126577	Van	TGE I			EU-VW-CRAFTER-II-VAN-L5H4-01	MEDIUM	输入未区分车长与车顶；4x4 L5H4分支。	READY
126578_l3h2	126578	Van	TGE I			EU-VW-CRAFTER-II-VAN-L3H2-01	MEDIUM	输入未区分车长与车顶；4x4 L3H2分支。	READY
126578_l3h3	126578	Van	TGE I			EU-VW-CRAFTER-II-VAN-L3H3-01	MEDIUM	输入未区分车长与车顶；4x4 L3H3分支。	READY
126578_l4h3	126578	Van	TGE I			EU-VW-CRAFTER-II-VAN-L4H3-01	MEDIUM	输入未区分车长与车顶；4x4 L4H3分支。	READY
126578_l4h4	126578	Van	TGE I			EU-VW-CRAFTER-II-VAN-L4H4-01	MEDIUM	输入未区分车长与车顶；4x4 L4H4分支。	READY
126578_l5h3	126578	Van	TGE I			EU-VW-CRAFTER-II-VAN-L5H3-01	MEDIUM	输入未区分车长与车顶；4x4 L5H3分支。	READY
126578_l5h4	126578	Van	TGE I			EU-VW-CRAFTER-II-VAN-L5H4-01	MEDIUM	输入未区分车长与车顶；4x4 L5H4分支。	READY
126581_scab_l3	126581	Pickup	TGE I		2	EU-MAN-TGE-I-CHASSIS-SCAB-L3-01	MEDIUM	输入未区分驾驶室与车架长度；单排驾驶室 L3 分支。	READY
126581_scab_l4	126581	Pickup	TGE I		2	EU-MAN-TGE-I-CHASSIS-SCAB-L4-01	MEDIUM	输入未区分驾驶室与车架长度；单排驾驶室 L4 分支。	READY
126581_dcab_l3	126581	Pickup	TGE I		4	EU-MAN-TGE-I-CHASSIS-DCAB-L3-01	MEDIUM	输入未区分驾驶室与车架长度；双排驾驶室 L3 分支。	READY
126581_dcab_l4	126581	Pickup	TGE I		4	EU-MAN-TGE-I-CHASSIS-DCAB-L4-01	MEDIUM	输入未区分驾驶室与车架长度；双排驾驶室 L4 分支。	READY
126582_scab_l3	126582	Pickup	TGE I		2	EU-MAN-TGE-I-CHASSIS-SCAB-L3-01	MEDIUM	输入未区分驾驶室与车架长度；单排驾驶室 L3 分支。	READY
126582_scab_l4	126582	Pickup	TGE I		2	EU-MAN-TGE-I-CHASSIS-SCAB-L4-01	MEDIUM	输入未区分驾驶室与车架长度；单排驾驶室 L4 分支。	READY
126582_dcab_l3	126582	Pickup	TGE I		4	EU-MAN-TGE-I-CHASSIS-DCAB-L3-01	MEDIUM	输入未区分驾驶室与车架长度；双排驾驶室 L3 分支。	READY
126582_dcab_l4	126582	Pickup	TGE I		4	EU-MAN-TGE-I-CHASSIS-DCAB-L4-01	MEDIUM	输入未区分驾驶室与车架长度；双排驾驶室 L4 分支。	READY
126583_scab_l3	126583	Pickup	TGE I		2	EU-MAN-TGE-I-CHASSIS-SCAB-L3-01	MEDIUM	输入未区分驾驶室与车架长度；单排驾驶室 L3 分支。	READY
126583_scab_l4	126583	Pickup	TGE I		2	EU-MAN-TGE-I-CHASSIS-SCAB-L4-01	MEDIUM	输入未区分驾驶室与车架长度；单排驾驶室 L4 分支。	READY
126583_dcab_l3	126583	Pickup	TGE I		4	EU-MAN-TGE-I-CHASSIS-DCAB-L3-01	MEDIUM	输入未区分驾驶室与车架长度；双排驾驶室 L3 分支。	READY
126583_dcab_l4	126583	Pickup	TGE I		4	EU-MAN-TGE-I-CHASSIS-DCAB-L4-01	MEDIUM	输入未区分驾驶室与车架长度；双排驾驶室 L4 分支。	READY
126593	126593	Hatchback	Insignia B Grand Sport	Z18	5	EU-OPEL-INSIGNIA-B-GRAND-SPORT-HATCHBACK-01	HIGH	Grand Sport 五门掀背外廓。	READY
126596	126596	Hatchback	Insignia B Grand Sport	Z18	5	EU-OPEL-INSIGNIA-B-GRAND-SPORT-HATCHBACK-01	HIGH	Grand Sport 五门掀背外廓。	READY
126598	126598	Hatchback	Insignia B Grand Sport	Z18	5	EU-OPEL-INSIGNIA-B-GRAND-SPORT-HATCHBACK-01	HIGH	Grand Sport 五门掀背外廓。	READY
126599	126599	Hatchback	Insignia B Grand Sport	Z18	5	EU-OPEL-INSIGNIA-B-GRAND-SPORT-HATCHBACK-01	HIGH	Grand Sport 五门掀背外廓。	READY
126600	126600	Hatchback	Insignia B Grand Sport	Z18	5	EU-OPEL-INSIGNIA-B-GRAND-SPORT-HATCHBACK-01	HIGH	Grand Sport 五门掀背外廓。	READY
126601	126601	Hatchback	Insignia B Grand Sport	Z18	5	EU-OPEL-INSIGNIA-B-GRAND-SPORT-HATCHBACK-01	HIGH	Grand Sport 五门掀背外廓。	READY
126602_l3h2	126602	Van	Crafter II			EU-VW-CRAFTER-II-VAN-L3H2-01	MEDIUM	输入未区分车长与车顶；4Motion L3H2分支。	READY
126602_l3h3	126602	Van	Crafter II			EU-VW-CRAFTER-II-VAN-L3H3-01	MEDIUM	输入未区分车长与车顶；4Motion L3H3分支。	READY
126602_l4h3	126602	Van	Crafter II			EU-VW-CRAFTER-II-VAN-L4H3-01	MEDIUM	输入未区分车长与车顶；4Motion L4H3分支。	READY
126602_l4h4	126602	Van	Crafter II			EU-VW-CRAFTER-II-VAN-L4H4-01	MEDIUM	输入未区分车长与车顶；4Motion L4H4分支。	READY
126602_l5h3	126602	Van	Crafter II			EU-VW-CRAFTER-II-VAN-L5H3-01	MEDIUM	输入未区分车长与车顶；4Motion L5H3分支。	READY
126602_l5h4	126602	Van	Crafter II			EU-VW-CRAFTER-II-VAN-L5H4-01	MEDIUM	输入未区分车长与车顶；4Motion L5H4分支。	READY
126603	126603	Hatchback	Insignia B Grand Sport	Z18	5	EU-OPEL-INSIGNIA-B-GRAND-SPORT-HATCHBACK-01	HIGH	Grand Sport 五门掀背外廓。	READY
126609	126609	Wagon	Insignia B Sports Tourer	Z18	5	EU-OPEL-INSIGNIA-B-SPORTS-TOURER-WAGON-01	HIGH	Sports Tourer 旅行车外廓。	READY
126610	126610	Wagon	Insignia B Sports Tourer	Z18	5	EU-OPEL-INSIGNIA-B-SPORTS-TOURER-WAGON-01	HIGH	Sports Tourer 旅行车外廓。	READY
126611	126611	Wagon	Insignia B Sports Tourer	Z18	5	EU-OPEL-INSIGNIA-B-SPORTS-TOURER-WAGON-01	HIGH	Sports Tourer 旅行车外廓。	READY
126612	126612	Wagon	Insignia B Sports Tourer	Z18	5	EU-OPEL-INSIGNIA-B-SPORTS-TOURER-WAGON-01	HIGH	Sports Tourer 旅行车外廓。	READY
126615	126615	Wagon	Insignia B Sports Tourer	Z18	5	EU-OPEL-INSIGNIA-B-SPORTS-TOURER-WAGON-01	HIGH	Sports Tourer 旅行车外廓。	READY
126616	126616	Wagon	Insignia B Sports Tourer	Z18	5	EU-OPEL-INSIGNIA-B-SPORTS-TOURER-WAGON-01	HIGH	Sports Tourer 旅行车外廓。	READY
126617	126617	Wagon	Insignia B Sports Tourer	Z18	5	EU-OPEL-INSIGNIA-B-SPORTS-TOURER-WAGON-01	HIGH	Sports Tourer 旅行车外廓。	READY
126622	126622	Coupe	A5 F5	F53	2	EU-AUDI-A5-F5-COUPE-01	HIGH	F5 Coupe 外廓。	READY
126623	126623	Hatchback	A5 F5	F5A	5	EU-AUDI-A5-F5-SPORTBACK-01	HIGH	F5 Sportback 五门外廓。	READY
126624	126624	Convertible	A5 F5 Cabriolet	F57	2	EU-AUDI-A5-II-F5-CABRIOLET-01	HIGH	F5 Cabriolet 外廓。	READY
126625	126625	Hatchback	Golf VII facelift	5G1	5	EU-VW-GOLF-VII-HATCHBACK-5D-FACELIFT-01	HIGH	改款后 e-Golf 五门外廓。	READY
126627	126627	SUV	Duster I facelift	H79	5	EU-DACIA-DUSTER-I-FACELIFT-SUV-01	HIGH	第一代 Duster 改款后 4x2 外廓。	READY
126641	126641	Pickup	NV300	X82	2	EU-NISSAN-NV300-X82-PLATFORM-CAB-L2H1-01	HIGH	L2H1 Platform Cab外廓。	READY
126643	126643	Pickup	NV300	X82	2	EU-NISSAN-NV300-X82-PLATFORM-CAB-L2H1-01	HIGH	L2H1 Platform Cab外廓。	READY
126646	126646	Hatchback	Astra J	P10	5	EU-OPEL-ASTRA-J-HATCHBACK-5D-01	MEDIUM	输入驱动字段异常；五门车身边界明确。	READY
126647_facelift	126647	Hatchback	Twingo II facelift	CN0	3	EU-RENAULT-TWINGO-II-HATCHBACK-FACELIFT-01	MEDIUM	生产区间跨越外观改款；改款后分支。	READY
126647_prefl	126647	Hatchback	Twingo II	CN0	3	EU-RENAULT-TWINGO-II-HATCHBACK-PREFL-01	MEDIUM	生产区间跨越外观改款；改款前分支。	READY
126648_3dr	126648	Hatchback	Focus I pre-facelift	DBW	3	EU-FORD-FOCUS-I-HATCHBACK-PREFL-01	MEDIUM	输入驱动字段异常；三门分支。	READY
126648_5dr	126648	Hatchback	Focus I pre-facelift	DAW	5	EU-FORD-FOCUS-I-HATCHBACK-PREFL-01	MEDIUM	输入驱动字段异常；五门分支。	READY
126649_3dr	126649	Hatchback	Polo III	6N1	3	EU-VW-POLO-III-6N1-HATCHBACK-01	MEDIUM	输入驱动字段异常；三门分支。	READY
126649_5dr	126649	Hatchback	Polo III	6N1	5	EU-VW-POLO-III-6N1-HATCHBACK-01	MEDIUM	输入驱动字段异常；五门分支。	READY
126650	126650	Sedan	Legacy IV	BL	4	EU-SUBARU-LEGACY-IV-BL-SEDAN-01	MEDIUM	输入驱动字段异常；BL轿车外廓明确。	READY
126651_prefl	126651	Sedan	Camry XV50	XV50	4	EU-TOYOTA-CAMRY-XV50-SEDAN-PREFL-01	MEDIUM	生产区间跨越改款；改款前分支。	READY
126651_facelift	126651	Sedan	Camry XV50 facelift	XV50	4	EU-TOYOTA-CAMRY-XV50-SEDAN-FACELIFT-01	MEDIUM	生产区间跨越改款；改款后分支。	READY
126659	126659	Pickup	L200 IV	KA4T	2	EU-MITSUBISHI-L200-IV-PICKUP-SINGLECAB-2WD-01	HIGH	KA4T后驱单排驾驶室外廓。	READY
126681_prefl	126681	SUV	Outlander III	GF8W	5	EU-MITSUBISHI-OUTLANDER-III-SUV-PREFL-01	MEDIUM	生产区间跨越外廓改款；改款前分支。	READY
126681_facelift	126681	SUV	Outlander III facelift	GF8W	5	EU-MITSUBISHI-OUTLANDER-III-SUV-FACELIFT-01	MEDIUM	生产区间跨越外廓改款；改款后分支。	READY
126682_prefl	126682	SUV	Outlander III		5	EU-MITSUBISHI-OUTLANDER-III-SUV-PREFL-01	HIGH	生产区间跨越外观改款，拆分改款前物理外廓。	READY
126682_facelift	126682	SUV	Outlander III facelift		5	EU-MITSUBISHI-OUTLANDER-III-SUV-FACELIFT-01	HIGH	生产区间跨越外观改款，拆分改款后物理外廓。	READY
126684_prefl	126684	SUV	Outlander III		5	EU-MITSUBISHI-OUTLANDER-III-SUV-PREFL-01	HIGH	生产区间跨越外观改款，拆分改款前物理外廓。	READY
126684_facelift	126684	SUV	Outlander III facelift		5	EU-MITSUBISHI-OUTLANDER-III-SUV-FACELIFT-01	HIGH	生产区间跨越外观改款，拆分改款后物理外廓。	READY
126685_3dr	126685	Hatchback	208 I facelift	CA	3	EU-PEUGEOT-208-I-FACELIFT-HATCHBACK-3D-01	MEDIUM	输入未区分门数；按改款期三门物理分支拆分。	READY
126685_5dr	126685	Hatchback	208 I facelift	CC	5	EU-PEUGEOT-208-I-FACELIFT-HATCHBACK-5D-01	MEDIUM	输入未区分门数；按改款期五门物理分支拆分。	READY
126711	126711	Sedan	Giulia 952	952	4	EU-ALFA-ROMEO-GIULIA-952-SEDAN-01	HIGH		READY
126724	126724	SUV	CX-5 I	KE	5	EU-MAZDA-CX-5-I-KE-SUV-01	HIGH		READY
126725	126725	SUV	CX-5 I	KE	5	EU-MAZDA-CX-5-I-KE-SUV-01	HIGH		READY
126745	126745	Sedan	XE	X760	4	EU-JAGUAR-XE-X760-SEDAN-01	HIGH		READY
126746	126746	Sedan	XE	X760	4	EU-JAGUAR-XE-X760-SEDAN-01	HIGH		READY
126747	126747	Sedan	XE	X760	4	EU-JAGUAR-XE-X760-SEDAN-01	HIGH		READY
126748	126748	Sedan	XE	X760	4	EU-JAGUAR-XE-X760-SEDAN-01	HIGH		READY
126749	126749	Sedan	XF II	X260	4	EU-JAGUAR-XF-II-X260-SEDAN-01	HIGH		READY
126750	126750	Sedan	XF II	X260	4	EU-JAGUAR-XF-II-X260-SEDAN-01	HIGH		READY
126751	126751	Sedan	XF II	X260	4	EU-JAGUAR-XF-II-X260-SEDAN-01	HIGH		READY
126752	126752	Sedan	XF II	X260	4	EU-JAGUAR-XF-II-X260-SEDAN-01	HIGH		READY
126753	126753	Sedan	XF II	X260	4	EU-JAGUAR-XF-II-X260-SEDAN-01	HIGH		READY
126755	126755	Coupe	AMG GT I facelift	C190	2	EU-MERCEDES-BENZ-AMG-GT-I-C190-COUPE-FACELIFT-STANDARD-01	HIGH	标准车身外廓。	READY
126756	126756	Coupe	AMG GT I facelift	C190	2	EU-MERCEDES-BENZ-AMG-GT-I-C190-COUPE-FACELIFT-STANDARD-01	HIGH	标准车身外廓。	READY
126757_prefl	126757	Coupe	E-Class C238	C238	2	EU-MERCEDES-BENZ-E-CLASS-C238-COUPE-PREFL-01	HIGH	生产区间跨越2020年改款，拆分改款前物理外廓。	READY
126757_facelift	126757	Coupe	E-Class C238 facelift	C238	2	EU-MERCEDES-BENZ-E-CLASS-C238-COUPE-FACELIFT-01	HIGH	生产区间跨越2020年改款，拆分改款后物理外廓。	READY
126774	126774	Coupe	RX-8 facelift	SE3P	4	EU-MAZDA-RX-8-SE3P-COUPE-FACELIFT-01	HIGH		READY
126827	126827	Hatchback	Jazz III facelift	GK5	5	EU-HONDA-JAZZ-III-GK5-HATCHBACK-FACELIFT-01	HIGH		READY
126829	126829	Liftback	Arteon I	3H	5	EU-VW-ARTEON-I-3H-LIFTBACK-PREFL-01	HIGH	280 PS 4MOTION 分支属于改款前外廓。	READY
126831	126831	Liftback	Arteon I	3H	5	EU-VW-ARTEON-I-3H-LIFTBACK-PREFL-01	HIGH		READY
126840	126840	Hatchback	Golf VII facelift	5G	5	EU-VW-GOLF-VII-HATCHBACK-5D-FACELIFT-01	HIGH		READY
126844	126844	Wagon	Golf VII Variant facelift		5	EU-VW-GOLF-VII-VARIANT-FACELIFT-01	HIGH		READY
126845	126845	Convertible	A3 8V facelift	8V7	2	EU-AUDI-A3-8V-FACELIFT-CONVERTIBLE-01	HIGH		READY
126863	126863	SUV	Tivoli I	X100	5	EU-SSANGYONG-TIVOLI-I-X100-SUV-01	HIGH		READY
126874	126874	Sedan	Mondeo IV facelift	BA7	4	EU-FORD-MONDEO-IV-FACELIFT-SEDAN-01	HIGH		READY
126875	126875	Hatchback	RS3 8V facelift	8VA	5	EU-AUDI-RS3-8V-FACELIFT-SPORTBACK-01	HIGH	RS专属宽体外廓。	READY
126876	126876	Sedan	RS3 8V facelift	8VS	4	EU-AUDI-RS3-8V-FACELIFT-SEDAN-01	HIGH	RS专属宽体外廓。	READY
126877	126877	Sedan	Mondeo IV facelift	BA7	4	EU-FORD-MONDEO-IV-FACELIFT-SEDAN-01	HIGH		READY
126881	126881	Coupe	RS5 F5	F5	2	EU-AUDI-RS5-F5-COUPE-01	HIGH	RS宽体双门外廓。	READY
126883	126883	Hatchback	i30 III	PD	5	EU-HYUNDAI-I30-III-PD-HATCHBACK-5D-01	HIGH		READY
126886	126886	Sedan	Civic X Sedan	FC	4	EU-HONDA-CIVIC-X-FC-SEDAN-01	HIGH		READY
126887	126887	Coupe	F-Type X152 facelift	X152	2	EU-JAGUAR-F-TYPE-X152-COUPE-FACELIFT-01	HIGH		READY
126888	126888	Convertible	F-Type X152 facelift	X152	2	EU-JAGUAR-F-TYPE-X152-CONVERTIBLE-FACELIFT-01	HIGH		READY
126889	126889	Hatchback	Yaris III facelift	XP130	5	EU-TOYOTA-YARIS-III-XP130-HATCHBACK-FACELIFT-01	HIGH		READY
126894	126894	Wagon	Panamera II Sport Turismo	971	5	EU-PORSCHE-PANAMERA-II-971-SPORT-TURISMO-STANDARD-01	HIGH		READY
126896	126896	Wagon	Panamera II Sport Turismo	971	5	EU-PORSCHE-PANAMERA-II-971-SPORT-TURISMO-STANDARD-01	HIGH		READY
126897	126897	Wagon	Panamera II Sport Turismo	971	5	EU-PORSCHE-PANAMERA-II-971-SPORT-TURISMO-STANDARD-01	HIGH		READY
126898	126898	Wagon	Panamera II Sport Turismo	971	5	EU-PORSCHE-PANAMERA-II-971-SPORT-TURISMO-TURBO-01	HIGH	Turbo车身高度分支。	READY
126899	126899	Wagon	Panamera II Sport Turismo	971	5	EU-PORSCHE-PANAMERA-II-971-SPORT-TURISMO-STANDARD-01	HIGH		READY
126908	126908	Liftback	Panamera II	971	5	EU-PORSCHE-PANAMERA-II-971-LIFTBACK-01	HIGH		READY
126913	126913	SUV	Juke I	F15	5	EU-NISSAN-JUKE-I-F15-SUV-01	HIGH		READY
126919	126919	Hatchback	Swift V	A2L	5	EU-SUZUKI-SWIFT-V-A2L-HATCHBACK-FWD-01	HIGH		READY
126920	126920	Hatchback	Swift V	A2L	5	EU-SUZUKI-SWIFT-V-A2L-HATCHBACK-FWD-01	HIGH		READY
126921	126921	Hatchback	Swift V	A2L	5	EU-SUZUKI-SWIFT-V-A2L-HATCHBACK-FWD-01	HIGH		READY
126922	126922	Hatchback	Swift V	A2L	5	EU-SUZUKI-SWIFT-V-A2L-HATCHBACK-FWD-01	HIGH		READY
126923	126923	Hatchback	Swift V	A2L	5	EU-SUZUKI-SWIFT-V-A2L-HATCHBACK-ALLGRIP-01	HIGH	AllGrip高度分支。	READY
126924	126924	Hatchback	Swift V	A2L	5	EU-SUZUKI-SWIFT-V-A2L-HATCHBACK-ALLGRIP-01	HIGH	AllGrip高度分支。	READY
126953_prefl	126953	SUV	Grand Cherokee IV	WK2	5	EU-JEEP-GRAND-CHEROKEE-IV-WK2-SUV-PREFL-01	HIGH	生产区间跨越2013年改款，拆分改款前外廓。	READY
126953_facelift	126953	SUV	Grand Cherokee IV facelift	WK2	5	EU-JEEP-GRAND-CHEROKEE-IV-WK2-SUV-FACELIFT-2013-01	HIGH	生产区间跨越2013年改款，拆分改款后外廓。	READY
126958	126958	SUV	Stelvio 949	949	5	EU-ALFA-ROMEO-STELVIO-949-SUV-01	HIGH		READY
126959	126959	SUV	Stelvio 949	949	5	EU-ALFA-ROMEO-STELVIO-949-SUV-01	HIGH		READY
126960	126960	Hatchback	Micra V	K14	5	EU-NISSAN-MICRA-V-K14-HATCHBACK-01	HIGH		READY
126963	126963	Convertible	Vanquish II	VH310	2	EU-ASTON-MARTIN-VANQUISH-II-VOLANTE-CONVERTIBLE-01	HIGH		READY
126998	126998	Hatchback	Ampera-e		5	EU-OPEL-AMPERA-E-HATCHBACK-01	HIGH		READY
127022	127022	Sedan	C4 L Phase I	B7	4	EU-CITROEN-C4-L-PHASE-I-SEDAN-01	MEDIUM	标准车身高度配置。	READY
127056_prefl	127056	Liftback	Arteon I	3H	5	EU-VW-ARTEON-I-3H-LIFTBACK-PREFL-01	HIGH	生产区间跨越2020年改款，拆分改款前外廓。	READY
127056_facelift	127056	Liftback	Arteon I facelift	3H	5	EU-VW-ARTEON-I-3H-LIFTBACK-FACELIFT-01	HIGH	生产区间跨越2020年改款，拆分改款后外廓。	READY
127057_prefl	127057	SUV	CX-5 II	KF	5	EU-MAZDA-CX-5-II-KF-SUV-PREFL-01	HIGH	生产区间跨越2021年改款，拆分改款前物理外廓。	READY
127057_facelift	127057	SUV	CX-5 II facelift	KF	5	EU-MAZDA-CX-5-II-KF-SUV-FACELIFT-01	HIGH	生产区间跨越2021年改款，拆分改款后物理外廓。	READY
127058_prefl	127058	SUV	CX-5 II	KF	5	EU-MAZDA-CX-5-II-KF-SUV-PREFL-01	HIGH	生产区间跨越2021年改款，拆分改款前物理外廓。	READY
127058_facelift	127058	SUV	CX-5 II facelift	KF	5	EU-MAZDA-CX-5-II-KF-SUV-FACELIFT-01	HIGH	生产区间跨越2021年改款，拆分改款后物理外廓。	READY
127059_prefl	127059	SUV	CX-5 II	KF	5	EU-MAZDA-CX-5-II-KF-SUV-PREFL-01	HIGH	生产区间跨越2021年改款，拆分改款前物理外廓。	READY
127059_facelift	127059	SUV	CX-5 II facelift	KF	5	EU-MAZDA-CX-5-II-KF-SUV-FACELIFT-01	HIGH	生产区间跨越2021年改款，拆分改款后物理外廓。	READY
127060_prefl	127060	SUV	CX-5 II	KF	5	EU-MAZDA-CX-5-II-KF-SUV-PREFL-01	HIGH	生产区间跨越2021年改款，拆分改款前物理外廓。	READY
127060_facelift	127060	SUV	CX-5 II facelift	KF	5	EU-MAZDA-CX-5-II-KF-SUV-FACELIFT-01	HIGH	生产区间跨越2021年改款，拆分改款后物理外廓。	READY
127061_prefl	127061	SUV	CX-5 II	KF	5	EU-MAZDA-CX-5-II-KF-SUV-PREFL-01	HIGH	生产区间跨越2021年改款，拆分改款前物理外廓。	READY
127061_facelift	127061	SUV	CX-5 II facelift	KF	5	EU-MAZDA-CX-5-II-KF-SUV-FACELIFT-01	HIGH	生产区间跨越2021年改款，拆分改款后物理外廓。	READY
127062	127062	SUV	CX-5 II	KF	5	EU-MAZDA-CX-5-II-KF-SUV-PREFL-01	HIGH	生产区间止于首次外观改款前。	READY
127065	127065	Hatchback	Picanto III	JA	5	EU-KIA-PICANTO-III-JA-HATCHBACK-01	HIGH		READY
127066	127066	Hatchback	Picanto III	JA	5	EU-KIA-PICANTO-III-JA-HATCHBACK-01	HIGH		READY
127078	127078	Hatchback	Soul II facelift	PS	5	EU-KIA-SOUL-II-FACELIFT-HATCHBACK-01	HIGH		READY
127084	127084	SUV	Koleos II		5	EU-RENAULT-KOLEOS-II-SUV-01	HIGH		READY
127085	127085	SUV	Koleos II		5	EU-RENAULT-KOLEOS-II-SUV-01	HIGH		READY
127092	127092	Coupe	Exige III		2	EU-LOTUS-EXIGE-III-SPORT-380-COUPE-01	HIGH	Sport 380外廓。	READY
127095	127095	Convertible	3 Series E30 M3	E30	2	EU-BMW-3-E30-M3-CONVERTIBLE-01	HIGH		READY
127108	127108	Convertible	Spider Series 4	115	2	EU-ALFA-ROMEO-SPIDER-115-SERIES-4-CONVERTIBLE-01	HIGH		READY
127111	127111	Convertible	V8 Vantage	VH2	2	EU-ASTON-MARTIN-VANTAGE-VH2-ROADSTER-01	HIGH		READY
127112	127112	Coupe	Virage I		2	EU-ASTON-MARTIN-VIRAGE-I-COUPE-01	HIGH		READY
127122	127122	SUV	Land Cruiser Prado J120	GRJ125	3	EU-TOYOTA-LAND-CRUISER-PRADO-J120-SUV-3D-01	HIGH	GRJ125短轴三门外廓。	READY
127127	127127	Sedan	Logan II facelift		4	EU-DACIA-LOGAN-II-SEDAN-FACELIFT-01	HIGH		READY
127129	127129	SUV	CX-9 II	TC	5	EU-MAZDA-CX-9-II-TC-SUV-01	HIGH		READY
127130	127130	Hatchback	Impreza V	GT	5	EU-SUBARU-IMPREZA-V-HATCHBACK-01	HIGH		READY
127157	127157	SUV	Sportage III facelift	SL	5	EU-KIA-SPORTAGE-III-SUV-FACELIFT-01	HIGH		READY
127183_905	127183	Hatchback	33 905	905	5	EU-ALFA-ROMEO-33-905-HATCHBACK-EARLY-01	HIGH	生产区间跨越1990年换代，拆分905外廓。	READY
127183_907a	127183	Hatchback	33 907A	907A	5	EU-ALFA-ROMEO-33-907A-HATCHBACK-01	HIGH	生产区间跨越1990年换代，拆分907A外廓。	READY
127184_series2	127184	Convertible	Spider Series 2	115	2	EU-ALFA-ROMEO-SPIDER-105-SERIES-2-CONVERTIBLE-01	HIGH	生产区间跨越Series 2与Series 3，拆分Series 2外廓。	READY
127184_series3	127184	Convertible	Spider Series 3	115	2	EU-ALFA-ROMEO-SPIDER-115-SERIES-3-CONVERTIBLE-01	HIGH	生产区间跨越Series 2与Series 3，拆分Series 3外廓。	READY
127185_series2	127185	Convertible	Spider Series 2	115	2	EU-ALFA-ROMEO-SPIDER-105-SERIES-2-CONVERTIBLE-01	HIGH	生产区间跨越Series 2与Series 3，拆分Series 2外廓。	READY
127185_series3	127185	Convertible	Spider Series 3	115	2	EU-ALFA-ROMEO-SPIDER-115-SERIES-3-CONVERTIBLE-01	HIGH	生产区间跨越Series 2与Series 3，拆分Series 3外廓。	READY
127188	127188	Coupe	Alfasud Sprint	902A	3	EU-ALFA-ROMEO-ALFASUD-SPRINT-902A-COUPE-01	HIGH		READY
127199	127199	Coupe	720S	P14	2	EU-MCLAREN-720S-P14-COUPE-01	HIGH		READY
127200	127200	Coupe	NSX II	NC1	2	EU-HONDA-NSX-II-NC1-COUPE-01	HIGH		READY
127205	127205	Pickup	Trafic III	X82	2	EU-RENAULT-TRAFIC-III-X82-PLATFORM-CAB-L2-01	MEDIUM	X82平台驾驶室按L2物理外廓关联。	READY
127206	127206	Pickup	Trafic III	X82	2	EU-RENAULT-TRAFIC-III-X82-PLATFORM-CAB-L2-01	MEDIUM	X82平台驾驶室按L2物理外廓关联。	READY
127208	127208	Hatchback	Ibiza V	KJ1	5	EU-SEAT-IBIZA-V-KJ1-HATCHBACK-01	HIGH		READY
127209	127209	Hatchback	Ibiza V	KJ1	5	EU-SEAT-IBIZA-V-KJ1-HATCHBACK-01	HIGH		READY
127210	127210	Hatchback	Ibiza V	KJ1	5	EU-SEAT-IBIZA-V-KJ1-HATCHBACK-01	HIGH		READY
127211_prefl	127211	SUV	Santa Fe III	DM	5	EU-HYUNDAI-SANTA-FE-III-DM-SUV-PREFL-01	HIGH	生产区间跨越2015年改款，拆分改款前外廓。	READY
127211_facelift	127211	SUV	Santa Fe III facelift	DM	5	EU-HYUNDAI-SANTA-FE-III-DM-SUV-FACELIFT-01	HIGH	生产区间跨越2015年改款，拆分改款后外廓。	READY
127213	127213	Hatchback	Ibiza V	KJ1	5	EU-SEAT-IBIZA-V-KJ1-HATCHBACK-01	HIGH		READY
127217	127217	Wagon	Megane IV Grandtour	KFB	5	EU-RENAULT-MEGANE-IV-GRANDTOUR-WAGON-01	HIGH		READY
127221	127221	Hatchback	Crossline S8	S8	3	EU-AIXAM-CROSSLINE-S8-HATCHBACK-01	MEDIUM	S8时期Crossline外廓。	READY
127222	127222	Pickup	Spartana		2	EU-ARO-SPARTANA-PICKUP-01	MEDIUM	开放式双门Spartana Pick-up外廓。	READY
127239	127239	SUV	500X I	334	5	EU-FIAT-500X-I-SUV-PREFL-01	HIGH		READY
127241_prefl	127241	Sedan	Montego I	LM11	4	EU-AUSTIN-MONTEGO-I-SEDAN-PREFL-01	HIGH	生产区间跨越1988年改款，拆分改款前外廓。	READY
127241_facelift	127241	Sedan	Montego I facelift	LM11	4	EU-AUSTIN-MONTEGO-I-SEDAN-FACELIFT-01	HIGH	生产区间跨越1988年改款，拆分改款后外廓。	READY
127242	127242	Sedan	Allegro I	ADO67	4	EU-AUSTIN-ALLEGRO-I-ADO67-SEDAN-EARLY-01	HIGH		READY
127243_early	127243	Sedan	Allegro I	ADO67	4	EU-AUSTIN-ALLEGRO-I-ADO67-SEDAN-EARLY-01	HIGH	生产区间跨越Series 3外观更新，拆分早期外廓。	READY
127243_series3	127243	Sedan	Allegro Series 3	ADO67	4	EU-AUSTIN-ALLEGRO-ADO67-SEDAN-SERIES-3-01	HIGH	生产区间跨越Series 3外观更新，拆分Series 3外廓。	READY
127244	127244	Wagon	Allegro Series 3	ADO67	5	EU-AUSTIN-ALLEGRO-ADO67-WAGON-SERIES-3-01	HIGH		READY
127249	127249	Convertible	Austin-Healey 3000 Mk I		2	EU-AUSTIN-HEALEY-3000-MK-I-CONVERTIBLE-01	HIGH	BN7与BT7共享外廓，车身代码留空。	READY
127250	127250	Convertible	100-Six		2	EU-AUSTIN-HEALEY-100-SIX-CONVERTIBLE-01	MEDIUM	BN4与BN6不在本行强行合并填写BodyCode；确认外廓一致。	READY
127251	127251	Convertible	Sprite Mk IV	HAN9	2	EU-AUSTIN-HEALEY-SPRITE-MK-IV-CONVERTIBLE-01	HIGH		READY
127252	127252	Coupe	Primula Coupé		2	EU-AUTOBIANCHI-PRIMULA-COUPE-01	MEDIUM	1.2升双门Coupé物理外廓。	READY
127253	127253	Hatchback	Y10 Series II		3	EU-AUTOBIANCHI-Y10-SERIES-II-HATCHBACK-4WD-01	HIGH	4WD版具有独立宽度和高度外廓。	READY
127254	127254	Hatchback	Y10 Series II		3	EU-AUTOBIANCHI-Y10-SERIES-II-HATCHBACK-FWD-01	HIGH	前驱版外廓。	READY
127260	127260	Sedan	2107	21073	4	EU-LADA-2107-21073-SEDAN-01	HIGH	1.7升21073外廓。	READY
127261	127261	Convertible	Type 3		2	EU-BITTER-TYPE-3-CONVERTIBLE-01	HIGH		READY
127267	127267	Convertible	Seven S3	S3	2	EU-CATERHAM-SEVEN-S3-CONVERTIBLE-01	MEDIUM	1986至1991年S3窄体车架。	READY
127270	127270	Convertible	308 GTBi/GTSi		2	EU-FERRARI-308-GTSI-TARGA-01	HIGH	Targa车身独立于GTBi Coupe。	READY
127271	127271	Coupe	308 GTBi/GTSi		2	EU-FERRARI-308-GTBI-COUPE-01	HIGH		READY
127274	127274	Convertible	Mondial 3.2		2	EU-FERRARI-MONDIAL-3-2-CONVERTIBLE-01	HIGH		READY
127275	127275	Coupe	Mondial 3.2		2	EU-FERRARI-MONDIAL-3-2-COUPE-01	HIGH		READY
127296_3dr	127296	Hatchback	Samara 2	2113	3	EU-LADA-SAMARA-2113-HATCHBACK-3D-01	HIGH	拆分为2113三门物理外廓。	READY
127296_5dr	127296	Hatchback	Samara 2	2114	5	EU-LADA-SAMARA-2114-HATCHBACK-5D-01	HIGH	拆分为2114五门物理外廓。	READY
127297	127297	Sedan	2107	21074	4	EU-LADA-2107-21074-SEDAN-01	HIGH	1.6升21074外廓。	READY
127326	127326	MPV	Scénic IV		5	EU-RENAULT-SCENIC-IV-MPV-01	HIGH		READY
127327	127327	MPV	Grand Scénic IV		5	EU-RENAULT-GRAND-SCENIC-IV-MPV-01	HIGH		READY
127328	127328	Sedan	S-Class VI Facelift	W222	4	EU-MERCEDES-BENZ-S-CLASS-W222-FACELIFT-SEDAN-SWB-01	HIGH	标准轴距W222外廓。	READY
127329	127329	Sedan	S-Class VI Facelift	W222	4	EU-MERCEDES-BENZ-S-CLASS-W222-FACELIFT-SEDAN-SWB-01	HIGH	标准轴距W222外廓。	READY
127330	127330	Sedan	S-Class VI Facelift	W222	4	EU-MERCEDES-BENZ-S-CLASS-W222-FACELIFT-SEDAN-SWB-01	HIGH	标准轴距W222外廓。	READY
127331	127331	Sedan	S-Class VI Facelift	V222	4	EU-MERCEDES-AMG-S63-V222-FACELIFT-SEDAN-LWB-01	HIGH	AMG S63长轴距外廓。	READY
127332	127332	Sedan	Mercedes-Maybach S-Class Facelift	X222	4	EU-MERCEDES-MAYBACH-S560-X222-FACELIFT-SEDAN-01	HIGH	Maybach加长车身外廓。	READY
127339	127339	Wagon	E-Class V	S213	5	EU-MERCEDES-AMG-E63-S213-WAGON-01	HIGH		READY
127340	127340	Wagon	E-Class V	S213	5	EU-MERCEDES-AMG-E63-S213-WAGON-01	HIGH		READY
127341	127341	Sedan	B3 S	F30	4	EU-ALPINA-B3-S-F30-SEDAN-01	HIGH		READY
127342	127342	Sedan	B3 S	F30	4	EU-ALPINA-B3-S-F30-SEDAN-01	HIGH		READY
127343	127343	Wagon	B3 S	F31	5	EU-ALPINA-B3-S-F31-WAGON-01	HIGH		READY
127344	127344	Wagon	B3 S	F31	5	EU-ALPINA-B3-S-F31-WAGON-01	HIGH		READY
127345	127345	Coupe	B4 S	F32	2	EU-ALPINA-B4-S-F32-COUPE-01	HIGH		READY
127346	127346	Coupe	B4 S	F32	2	EU-ALPINA-B4-S-F32-COUPE-01	HIGH		READY
127347	127347	Convertible	B4 S	F33	2	EU-ALPINA-B4-S-F33-CONVERTIBLE-01	HIGH		READY
127348	127348	Coupe	Fortwo III	C453	2	EU-SMART-FORTWO-III-COUPE-01	HIGH		READY
127350	127350	Coupe	Fortwo III	C453	2	EU-SMART-FORTWO-III-COUPE-01	HIGH		READY
127352	127352	Hatchback	Forfour II	W453	5	EU-SMART-FORFOUR-II-HATCHBACK-01	HIGH		READY
127353	127353	Hatchback	Forfour II	W453	5	EU-SMART-FORFOUR-II-HATCHBACK-01	HIGH		READY
127355	127355	Convertible	Fortwo III	A453	2	EU-SMART-FORTWO-III-CONVERTIBLE-01	HIGH		READY
127356	127356	Coupe	E-Class C238	C238	2	EU-MERCEDES-BENZ-E-CLASS-C238-COUPE-01	HIGH		READY
127357	127357	Wagon	i30 III	PD	5	EU-HYUNDAI-I30-III-PD-WAGON-01	HIGH		READY
127358	127358	Wagon	i30 III	PD	5	EU-HYUNDAI-I30-III-PD-WAGON-01	HIGH		READY
127359	127359	Wagon	i30 III	PD	5	EU-HYUNDAI-I30-III-PD-WAGON-01	HIGH		READY
127360	127360	Wagon	i30 III	PD	5	EU-HYUNDAI-I30-III-PD-WAGON-01	HIGH		READY
127368	127368	SUV	Stelvio 949	949	5	EU-ALFA-ROMEO-STELVIO-949-SUV-01	HIGH		READY
127369	127369	SUV	Stelvio 949	949	5	EU-ALFA-ROMEO-STELVIO-949-SUV-01	HIGH		READY
127378	127378	SUV	Grand Vitara II	JT	5	EU-SUZUKI-GRAND-VITARA-II-JT-SUV-5D-01	HIGH		READY
127384	127384	SUV	Discovery Sport I	L550	5	EU-LAND-ROVER-DISCOVERY-SPORT-I-L550-SUV-01	HIGH		READY
127386	127386	SUV	Range Rover Evoque I	L538	5	EU-LAND-ROVER-RANGE-ROVER-EVOQUE-I-L538-SUV-5D-01	HIGH		READY
127390	127390	SUV	Discovery Sport I	L550	5	EU-LAND-ROVER-DISCOVERY-SPORT-I-L550-SUV-01	HIGH		READY
127398	127398	Van	Xsara I Facelift	N2	5	EU-CITROEN-XSARA-I-FACELIFT-VAN-WAGON-01	MEDIUM	N2旅行车式商用外廓。	READY
127402	127402	Hatchback	Granta I		5	EU-LADA-GRANTA-I-LIFTBACK-01	HIGH		READY
127408	127408	Van	Xsara I Facelift	N1	5	EU-CITROEN-XSARA-I-FACELIFT-VAN-HATCHBACK-01	MEDIUM	N1掀背式商用外廓。	READY
127412_3dr	127412	SUV	Vitara I		3	EU-SUZUKI-VITARA-I-SUV-3D-01	HIGH	三门短轴物理外廓。	READY
127412_5dr	127412	SUV	Vitara I		5	EU-SUZUKI-VITARA-I-SUV-5D-01	HIGH	五门长轴物理外廓。	READY
127454	127454	Hatchback	iEV6E I		5	EU-JAC-IEV6E-I-HATCHBACK-01	MEDIUM		READY
127507	127507	Hatchback	Insignia B		5	EU-OPEL-INSIGNIA-B-GRAND-SPORT-HATCHBACK-01	HIGH		READY
127508	127508	Wagon	Insignia B		5	EU-OPEL-INSIGNIA-B-SPORTS-TOURER-WAGON-01	HIGH		READY
127510	127510	Hatchback	500L Facelift 2017		5	EU-FIAT-500L-FACELIFT-2017-HATCHBACK-01	HIGH		READY
127518_3dr	127518	Hatchback	Fiesta VII		3	EU-FORD-FIESTA-VII-HATCHBACK-3D-01	HIGH	拆分为三门物理外廓。	READY
127518_5dr	127518	Hatchback	Fiesta VII		5	EU-FORD-FIESTA-VII-HATCHBACK-5D-01	HIGH	拆分为五门物理外廓。	READY
127519	127519	SUV	Compass II	MP	5	EU-JEEP-COMPASS-II-MP-SUV-01	HIGH		READY
127520	127520	SUV	Compass II	MP	5	EU-JEEP-COMPASS-II-MP-SUV-01	HIGH		READY
127521	127521	SUV	Compass II	MP	5	EU-JEEP-COMPASS-II-MP-SUV-01	HIGH		READY
127522	127522	SUV	Compass II	MP	5	EU-JEEP-COMPASS-II-MP-SUV-01	HIGH		READY
127526	127526	Wagon	XF II	X260	5	EU-JAGUAR-XF-II-X260-SPORTBRAKE-WAGON-01	HIGH		READY
127527	127527	Wagon	XF II	X260	5	EU-JAGUAR-XF-II-X260-SPORTBRAKE-WAGON-01	HIGH		READY
127528	127528	Wagon	XF II	X260	5	EU-JAGUAR-XF-II-X260-SPORTBRAKE-WAGON-01	HIGH		READY
127529	127529	Wagon	XF II	X260	5	EU-JAGUAR-XF-II-X260-SPORTBRAKE-WAGON-01	HIGH		READY
127530	127530	Wagon	XF II	X260	5	EU-JAGUAR-XF-II-X260-SPORTBRAKE-WAGON-01	HIGH		READY
127534	127534	Wagon	XF II	X260	5	EU-JAGUAR-XF-II-X260-SPORTBRAKE-WAGON-01	HIGH		READY
127609_v7	127609	Van	Daily VI		4	EU-IVECO-DAILY-VI-ELECTRIC-VAN-V7-01	HIGH	V7短轴低顶厢式车外廓。	READY
127609_v9	127609	Van	Daily VI		4	EU-IVECO-DAILY-VI-ELECTRIC-VAN-V9-01	HIGH	V9中轴低顶厢式车外廓。	READY
127609_v11	127609	Van	Daily VI		4	EU-IVECO-DAILY-VI-ELECTRIC-VAN-V11-01	HIGH	V11中轴高顶厢式车外廓。	READY
127609_v12	127609	Van	Daily VI		4	EU-IVECO-DAILY-VI-ELECTRIC-VAN-V12-01	HIGH	V12加长中轴高顶厢式车外廓。	READY
127609_v13	127609	Van	Daily VI		4	EU-IVECO-DAILY-VI-ELECTRIC-VAN-V13-01	HIGH	V13加长中轴超高顶厢式车外廓。	READY
127609_v16	127609	Van	Daily VI		4	EU-IVECO-DAILY-VI-ELECTRIC-VAN-V16-01	HIGH	V16长轴高顶厢式车外廓。	READY
127609_v18	127609	Van	Daily VI		4	EU-IVECO-DAILY-VI-ELECTRIC-VAN-V18-01	HIGH	V18长轴超高顶厢式车外廓。	READY
127611_v16	127611	Van	Daily VI		4	EU-IVECO-DAILY-VI-ELECTRIC-VAN-V16-01	HIGH	V16长轴高顶厢式车外廓。	READY
127611_v18	127611	Van	Daily VI		4	EU-IVECO-DAILY-VI-ELECTRIC-VAN-V18-01	HIGH	V18长轴超高顶厢式车外廓。	READY
127615_srw_wb3000	127615	Pickup	Daily VI		2	EU-IVECO-DAILY-VI-ELECTRIC-CHASSIS-SRW-WB3000-01	HIGH	35S60E单后轮、3000毫米轴距底盘。	READY
127615_srw_wb3450	127615	Pickup	Daily VI		2	EU-IVECO-DAILY-VI-ELECTRIC-CHASSIS-SRW-WB3450-01	HIGH	35S60E单后轮、3450毫米轴距底盘。	READY
127615_srw_wb3750	127615	Pickup	Daily VI		2	EU-IVECO-DAILY-VI-ELECTRIC-CHASSIS-SRW-WB3750-01	HIGH	35S60E单后轮、3750毫米轴距底盘。	READY
127615_srw_wb4100	127615	Pickup	Daily VI		2	EU-IVECO-DAILY-VI-ELECTRIC-CHASSIS-SRW-WB4100-01	HIGH	35S60E单后轮、4100毫米轴距底盘。	READY
127615_drw_wb3450	127615	Pickup	Daily VI		2	EU-IVECO-DAILY-VI-ELECTRIC-CHASSIS-DRW-WB3450-01	HIGH	35C60E双后轮、3450毫米轴距底盘。	READY
127615_drw_wb3750	127615	Pickup	Daily VI		2	EU-IVECO-DAILY-VI-ELECTRIC-CHASSIS-DRW-WB3750-01	HIGH	35C60E双后轮、3750毫米轴距底盘。	READY
127615_drw_wb4100	127615	Pickup	Daily VI		2	EU-IVECO-DAILY-VI-ELECTRIC-CHASSIS-DRW-WB4100-01	HIGH	35C60E双后轮、4100毫米轴距底盘。	READY
127618_drw_wb3450	127618	Pickup	Daily VI		2	EU-IVECO-DAILY-VI-ELECTRIC-CHASSIS-DRW-WB3450-01	HIGH	45C80E/50C80E双后轮、3450毫米轴距底盘。	READY
127618_drw_wb3750	127618	Pickup	Daily VI		2	EU-IVECO-DAILY-VI-ELECTRIC-CHASSIS-DRW-WB3750-01	HIGH	45C80E/50C80E双后轮、3750毫米轴距底盘。	READY
127618_drw_wb4100	127618	Pickup	Daily VI		2	EU-IVECO-DAILY-VI-ELECTRIC-CHASSIS-DRW-WB4100-01	HIGH	45C80E/50C80E双后轮、4100毫米轴距底盘。	READY
127634	127634	Convertible	E-Class A238	A238	2	EU-MERCEDES-BENZ-E-CLASS-A238-CONVERTIBLE-01	HIGH		READY
127635	127635	Convertible	E-Class A238	A238	2	EU-MERCEDES-BENZ-E-CLASS-A238-CONVERTIBLE-01	HIGH		READY
127636	127636	Convertible	E-Class A238	A238	2	EU-MERCEDES-BENZ-E-CLASS-A238-CONVERTIBLE-01	HIGH		READY
127637	127637	Convertible	E-Class A238	A238	2	EU-MERCEDES-BENZ-E-CLASS-A238-CONVERTIBLE-01	HIGH		READY
127646_wb3520l	127646	Bus	Daily VI			EU-IVECO-DAILY-VI-MINIBUS-WB3520L-01	HIGH	3520L短车身Minibus外廓。	READY
127646_wb4100	127646	Bus	Daily VI			EU-IVECO-DAILY-VI-MINIBUS-WB4100-01	HIGH	4100长车身Minibus外廓。	READY
127646_wb4100l	127646	Bus	Daily VI			EU-IVECO-DAILY-VI-MINIBUS-WB4100L-01	HIGH	4100L加长高顶Minibus外廓。	READY
127648_wb3520l	127648	Bus	Daily VI			EU-IVECO-DAILY-VI-MINIBUS-WB3520L-01	HIGH	3520L短车身Minibus外廓。	READY
127648_wb4100	127648	Bus	Daily VI			EU-IVECO-DAILY-VI-MINIBUS-WB4100-01	HIGH	4100长车身Minibus外廓。	READY
127648_wb4100l	127648	Bus	Daily VI			EU-IVECO-DAILY-VI-MINIBUS-WB4100L-01	HIGH	4100L加长高顶Minibus外廓。	READY
127656	127656	Wagon	404		5	EU-PEUGEOT-404-WAGON-01	MEDIUM	Break与Familiale在该发动机Ktype下按共同Wagon外廓映射。	READY
127663	127663	Coupe	Aventador S		2	EU-LAMBORGHINI-AVENTADOR-S-COUPE-01	HIGH		READY
127664	127664	Coupe	Huracán Performante		2	EU-LAMBORGHINI-HURACAN-PERFORMANTE-COUPE-01	HIGH		READY
127675	127675	Convertible	E-Class A238	A238	2	EU-MERCEDES-BENZ-E-CLASS-A238-CONVERTIBLE-01	HIGH		READY
127680	127680	Coupe	E-Class C238	C238	2	EU-MERCEDES-BENZ-E-CLASS-C238-COUPE-01	HIGH		READY
127681	127681	Wagon	E-Class S213	S213	5	EU-MERCEDES-BENZ-E-CLASS-S213-WAGON-01	HIGH		READY
127682	127682	Wagon	E-Class S213	S213	5	EU-MERCEDES-BENZ-E-CLASS-S213-WAGON-01	HIGH		READY
127683	127683	SUV	GLC X253	X253	5	EU-MERCEDES-AMG-GLC-X253-SUV-01	HIGH		READY
127685	127685	SUV	GLC X253	X253	5	EU-MERCEDES-AMG-GLC-X253-SUV-01	HIGH		READY
127686	127686	SUV	GLC X253	X253	5	EU-MERCEDES-AMG-GLC-X253-SUV-01	HIGH		READY
127687	127687	SUV	GLC X253	X253	5	EU-MERCEDES-AMG-GLC-X253-SUV-01	HIGH		READY
127689	127689	SUV	Grandland X I		5	EU-OPEL-GRANDLAND-X-I-SUV-01	HIGH		READY
127690	127690	SUV	Grandland X I		5	EU-OPEL-GRANDLAND-X-I-SUV-01	HIGH		READY
127693	127693	SUV	GLE I	W166	5	EU-MERCEDES-AMG-GLE43-W166-SUV-01	MEDIUM	W166常规SUV分支。	READY
127701	127701	Sedan	300C I Facelift	LX	4	EU-CHRYSLER-300C-I-FACELIFT-SEDAN-01	HIGH		READY
127721	127721	SUV	GLE I Coupe	C292	5	EU-MERCEDES-AMG-GLE43-C292-SUV-COUPE-01	MEDIUM	C292 SUV-Coupe分支。	READY
127736	127736	Sedan	S-Class VI Facelift	W222	4	EU-MERCEDES-BENZ-S-CLASS-W222-FACELIFT-SEDAN-SWB-01	HIGH	标准轴距W222外廓。	READY
127739	127739	Sedan	S-Class VI Facelift	W222	4	EU-MERCEDES-BENZ-S-CLASS-W222-FACELIFT-SEDAN-SWB-01	HIGH	标准轴距W222外廓。	READY
127741_3dr	127741	SUV	Explorer II		3	EU-FORD-USA-EXPLORER-II-SUV-3D-01	MEDIUM	4.0 SOHC三门Sport物理外廓。	READY
127741_5dr	127741	SUV	Explorer II		5	EU-FORD-USA-EXPLORER-II-SUV-5D-01	MEDIUM	4.0 SOHC五门物理外廓。	READY
127812	127812	Pickup	Proace II		2	EU-TOYOTA-PROACE-II-BODY-MEDIUM-01	HIGH	Medium Platform Cab物理外廓。	READY
127817	127817	Hatchback	Civic X	FK8	5	EU-HONDA-CIVIC-X-FK8-TYPE-R-HATCHBACK-01	HIGH	Type R宽体外廓独立于普通Civic X Hatchback。	READY
127825	127825	Hatchback	6 Series Gran Turismo I	G32	5	EU-BMW-6-G32-GRAN-TURISMO-HATCHBACK-01	HIGH		READY
127827	127827	Hatchback	6 Series Gran Turismo I	G32	5	EU-BMW-6-G32-GRAN-TURISMO-HATCHBACK-01	HIGH		READY
127828	127828	Hatchback	6 Series Gran Turismo I	G32	5	EU-BMW-6-G32-GRAN-TURISMO-HATCHBACK-01	HIGH		READY
127829	127829	Hatchback	6 Series Gran Turismo I	G32	5	EU-BMW-6-G32-GRAN-TURISMO-HATCHBACK-01	HIGH		READY
127830	127830	Hatchback	6 Series G32	G32	5	EU-BMW-6-G32-GRAN-TURISMO-HATCHBACK-01	HIGH		READY
127852	127852	SUV	X3 G01	G01	5	EU-BMW-X3-G01-SUV-M40I-01	HIGH	M40i专属外廓。	READY
127854	127854	SUV	X3 G01	G01	5	EU-BMW-X3-G01-SUV-STANDARD-01	HIGH		READY
127855	127855	SUV	X3 G01	G01	5	EU-BMW-X3-G01-SUV-STANDARD-01	HIGH		READY
127856	127856	SUV	X3 G01	G01	5	EU-BMW-X3-G01-SUV-STANDARD-01	HIGH		READY
127857	127857	SUV	X3 G01	G01	5	EU-BMW-X3-G01-SUV-STANDARD-01	HIGH		READY
127858_prefl	127858	SUV	X1 F48	F48	5	EU-BMW-X1-F48-SUV-PREFL-01	HIGH	Ktype覆盖改款前外廓。	READY
127858_facelift	127858	SUV	X1 F48	F48	5	EU-BMW-X1-F48-SUV-FACELIFT-01	HIGH	Ktype覆盖2019年改款后外廓。	READY
127860	127860	Coupe	M4 F82	F82	2	EU-BMW-4-F82-COUPE-M4-CS-01	HIGH	M4 CS专属外廓。	READY
127861	127861	Wagon	MINI Clubman F54	F54	6	EU-MINI-MINI-F54-WAGON-01	HIGH		READY
127864	127864	Wagon	MINI Clubman F54	F54	6	EU-MINI-MINI-F54-WAGON-01	HIGH		READY
127891_swb	127891	Pickup	Hilux IV N50	LN51	2	EU-TOYOTA-HILUX-IV-N50-PICKUP-LN51-SWB-01	MEDIUM	LN51标准轴距单排驾驶室外廓。	READY
127891_lwb	127891	Pickup	Hilux IV N60	LN56	2	EU-TOYOTA-HILUX-IV-N60-PICKUP-LN56-LWB-01	MEDIUM	LN56长轴单排驾驶室外廓。	READY
127901	127901	Convertible	4 Series F33	F33	2	EU-BMW-4-F33-CONVERTIBLE-01	HIGH		READY
127902	127902	SUV	Kyron I facelift	DJ	5	EU-SSANGYONG-KYRON-I-SUV-FACELIFT-01	HIGH		READY
127905	127905	SUV	Ateca I		5	EU-SEAT-ATECA-I-SUV-PREFL-01	HIGH		READY
127908	127908	Coupe	4 Series F32	F32	2	EU-BMW-4-F32-COUPE-01	HIGH		READY
127909	127909	Coupe	4 Series F32	F32	2	EU-BMW-4-F32-COUPE-01	HIGH		READY
127911	127911	Coupe	4 Series F32	F32	2	EU-BMW-4-F32-COUPE-01	HIGH		READY
127912	127912	Coupe	4 Series F32	F32	2	EU-BMW-4-F32-COUPE-01	HIGH		READY
127924	127924	Hatchback	A3 8V facelift	8V1	3	EU-AUDI-A3-8V-FACELIFT-HATCHBACK-3D-01	HIGH		READY
127927	127927	Hatchback	A3 8V facelift	8VA	5	EU-AUDI-A3-8V-FACELIFT-SPORTBACK-5D-01	HIGH		READY
127928	127928	Sedan	A3 8V facelift	8VS	4	EU-AUDI-A3-8V-FACELIFT-SEDAN-01	HIGH		READY
127929	127929	Convertible	A3 8V facelift	8V7	2	EU-AUDI-A3-8V-FACELIFT-CONVERTIBLE-01	HIGH		READY
127941	127941	Hatchback	Fabia III		5	EU-SKODA-FABIA-III-HATCHBACK-01	HIGH		READY
127942	127942	Wagon	Fabia III		5	EU-SKODA-FABIA-III-WAGON-01	HIGH		READY
127965	127965	SUV	Koleos II		5	EU-RENAULT-KOLEOS-II-SUV-01	HIGH		READY
127969	127969	Sedan	2106	2106	4	EU-LADA-2106-SEDAN-01	HIGH		READY
127970	127970	Sedan	Nova 2105	2105	4	EU-LADA-NOVA-2105-SEDAN-01	HIGH		READY
127972	127972	Hatchback	Kalina II	2192	5	EU-LADA-KALINA-II-2192-HATCHBACK-SPORT-01	HIGH	Sport专属保险杠和离地高度外廓。	READY
127973	127973	SUV	E-Pace X540	X540	5	EU-JAGUAR-E-PACE-X540-SUV-01	HIGH		READY
127974	127974	SUV	E-Pace X540	X540	5	EU-JAGUAR-E-PACE-X540-SUV-01	HIGH		READY
127975	127975	SUV	E-Pace X540	X540	5	EU-JAGUAR-E-PACE-X540-SUV-01	HIGH		READY
127976	127976	SUV	E-Pace X540	X540	5	EU-JAGUAR-E-PACE-X540-SUV-01	HIGH		READY
127977	127977	SUV	E-Pace X540	X540	5	EU-JAGUAR-E-PACE-X540-SUV-01	HIGH		READY
127978	127978	SUV	E-Pace X540	X540	5	EU-JAGUAR-E-PACE-X540-SUV-01	HIGH		READY
127983	127983	Wagon	5 Series G31	G31	5	EU-BMW-5-G31-WAGON-M550D-01	HIGH	M550d专属前后保险杠外廓。	READY
127984	127984	Wagon	5 Series G31	G31	5	EU-BMW-5-G31-WAGON-PREFL-01	HIGH		READY
127985	127985	Wagon	5 Series G31	G31	5	EU-BMW-5-G31-WAGON-PREFL-01	HIGH		READY
127986	127986	Wagon	5 Series G31	G31	5	EU-BMW-5-G31-WAGON-PREFL-01	HIGH		READY
127987	127987	Wagon	5 Series G31	G31	5	EU-BMW-5-G31-WAGON-PREFL-01	HIGH		READY
127990	127990	SUV	F-Pace X761	X761	5	EU-JAGUAR-F-PACE-X761-SUV-PREFL-01	HIGH		READY
127991	127991	Sedan	XE X760	X760	4	EU-JAGUAR-XE-X760-SEDAN-01	HIGH		READY
127992	127992	Sedan	XE X760	X760	4	EU-JAGUAR-XE-X760-SEDAN-PROJECT-8-01	HIGH	Project 8专属宽体外廓。	READY
127993	127993	Sedan	XF II X260	X260	4	EU-JAGUAR-XF-II-X260-SEDAN-01	HIGH		READY
127995	127995	SUV	Range Rover Velar L560	L560	5	EU-LAND-ROVER-RANGE-ROVER-VELAR-L560-SUV-01	HIGH		READY
128002	128002	Sedan	Elantra VI AD	AD	4	EU-HYUNDAI-ELANTRA-VI-AD-SEDAN-STANDARD-01	HIGH	标准版外廓，不复用SR组。	READY
128009	128009	Wagon	2102	2102	5	EU-LADA-2102-WAGON-01	HIGH		READY
128014	128014	Sedan	Maybach S-Class X222 facelift	X222	4	EU-MERCEDES-BENZ-MAYBACH-S-CLASS-X222-SEDAN-FACELIFT-01	HIGH		READY
128015	128015	Sedan	Maybach S-Class X222 facelift	X222	4	EU-MERCEDES-BENZ-MAYBACH-S-CLASS-X222-SEDAN-FACELIFT-01	HIGH		READY
128016	128016	Sedan	S-Class W222 facelift	W222	4	EU-MERCEDES-BENZ-S-CLASS-W222-SEDAN-FACELIFT-01	HIGH		READY
128017	128017	Sedan	S-Class W222 facelift	W222	4	EU-MERCEDES-BENZ-S-CLASS-W222-SEDAN-FACELIFT-01	HIGH		READY
128020	128020	Wagon	5 Series G31	G31	5	EU-BMW-5-G31-WAGON-PREFL-01	HIGH		READY
128023	128023	SUV	XV II		5	EU-SUBARU-XV-II-SUV-01	HIGH		READY
128024	128024	Sedan	E-Class W213	W213	4	EU-MERCEDES-BENZ-E-CLASS-W213-SEDAN-PREFL-01	HIGH		READY
128025_3dr	128025	SUV	Pajero IV facelift	V8_W	3	EU-MITSUBISHI-PAJERO-IV-FACELIFT-SUV-3D-01	HIGH	Ktype覆盖三门短轴外廓。	READY
128025_5dr	128025	SUV	Pajero IV facelift	V9_W	5	EU-MITSUBISHI-PAJERO-IV-FACELIFT-SUV-5D-01	HIGH	Ktype覆盖五门长轴外廓。	READY
128026	128026	Sedan	5 Series G30	G30	4	EU-BMW-5-G30-SEDAN-PREFL-01	HIGH		READY
128029	128029	Sedan	5 Series G30	G30	4	EU-BMW-5-G30-SEDAN-PREFL-01	HIGH		READY
128030	128030	SUV	Kona I	OS	5	EU-HYUNDAI-KONA-I-OS-SUV-PREFL-01	HIGH		READY
128046	128046	Coupe	AMG GT I facelift	C190	2	EU-MERCEDES-BENZ-AMG-GT-I-C190-COUPE-GTC-01	HIGH	GT C宽体外廓。	READY
128047	128047	Hatchback	A5 II F5	F5A	5	EU-AUDI-A5-F5-SPORTBACK-01	HIGH		READY
128048	128048	Hatchback	A5 II F5	F5A	5	EU-AUDI-A5-F5-SPORTBACK-01	HIGH		READY
128049	128049	Coupe	A5 II F5	F53	2	EU-AUDI-A5-F5-COUPE-01	HIGH		READY
128056_l1	128056	MPV	Combo D X12		5	EU-OPEL-COMBO-D-X12-TOUR-L1H1-01	HIGH	L1乘用车外廓。	READY
128056_l2	128056	MPV	Combo D X12		5	EU-OPEL-COMBO-D-X12-TOUR-L2H1-01	HIGH	L2乘用车外廓。	READY
128057_l1	128057	Van	Combo D X12	B05		EU-OPEL-COMBO-D-X12-BODY-L1H1-01	HIGH	L1货运车身外廓。	READY
128057_l2	128057	Van	Combo D X12	B05		EU-OPEL-COMBO-D-X12-BODY-L2H1-01	HIGH	L2货运车身外廓。	READY
128084	128084	Wagon	V60 I facelift		5	EU-VOLVO-V60-I-FACELIFT-WAGON-STANDARD-01	HIGH		READY
128085	128085	Wagon	V60 I facelift		5	EU-VOLVO-V60-I-FACELIFT-WAGON-STANDARD-01	HIGH		READY
128089	128089	Sedan	S-Class W222 facelift	W222	4	EU-MERCEDES-BENZ-S-CLASS-W222-SEDAN-FACELIFT-01	HIGH		READY
128090	128090	Sedan	5 Series G30	G30	4	EU-BMW-5-G30-SEDAN-M550D-01	HIGH	M550d专属前后保险杠外廓。	READY
128091	128091	Sedan	5 Series G30	G30	4	EU-BMW-5-G30-SEDAN-PREFL-01	HIGH		READY
128106	128106	Sedan	Solaris II		4	EU-HYUNDAI-SOLARIS-II-SEDAN-01	HIGH		READY
128113	128113	MPV	2 Series Gran Tourer F46 facelift	F46	5	EU-BMW-2-F46-GRAN-TOURER-MPV-FACELIFT-01	HIGH		READY
128114	128114	SUV	XC60 II		5	EU-VOLVO-XC60-II-SUV-01	HIGH		READY
128117	128117	Convertible	3-Eleven		2	EU-LOTUS-3-ELEVEN-ROAD-CONVERTIBLE-01	HIGH	开放式Road版本。	READY
128126	128126	Coupe	Vanquish II S		2	EU-ASTON-MARTIN-VANQUISH-II-S-COUPE-01	HIGH		READY
128127	128127	Convertible	Vanquish II S Volante		2	EU-ASTON-MARTIN-VANQUISH-II-VOLANTE-CONVERTIBLE-01	HIGH		READY
128130	128130	Hatchback	Prius IV XW50	XW50	5	EU-TOYOTA-PRIUS-IV-XW50-PLUG-IN-HATCHBACK-01	HIGH		READY
128132	128132	Convertible	D8 GTO		2	EU-DONKERVOORT-D8-GTO-CONVERTIBLE-01	HIGH		READY
128133	128133	SUV	C3 Aircross I		5	EU-CITROEN-C3-AIRCROSS-I-SUV-PREFL-01	HIGH		READY
128134	128134	SUV	C3 Aircross I		5	EU-CITROEN-C3-AIRCROSS-I-SUV-PREFL-01	HIGH		READY
128135	128135	SUV	C3 Aircross I		5	EU-CITROEN-C3-AIRCROSS-I-SUV-PREFL-01	HIGH		READY
128136	128136	SUV	C3 Aircross I		5	EU-CITROEN-C3-AIRCROSS-I-SUV-PREFL-01	HIGH		READY
128141	128141	Hatchback	Fabia III		5	EU-SKODA-FABIA-III-HATCHBACK-01	HIGH		READY
128142	128142	Wagon	Fabia III		5	EU-SKODA-FABIA-III-WAGON-01	HIGH		READY
128144	128144	Convertible	Dawn		2	EU-ROLLS-ROYCE-DAWN-CONVERTIBLE-01	HIGH		READY
128145	128145	Convertible	Range Rover Evoque I facelift	L538	2	EU-LAND-ROVER-RANGE-ROVER-EVOQUE-I-L538-CONVERTIBLE-01	HIGH	两门敞篷物理外廓。	READY
128146_prefl	128146	Sedan	5 Series G30	G30	4	EU-BMW-5-G30-SEDAN-PREFL-01	HIGH	Ktype覆盖改款前外廓。	READY
128146_facelift	128146	Sedan	5 Series G30 facelift	G30	4	EU-BMW-5-G30-SEDAN-FACELIFT-01	HIGH	Ktype覆盖2020年改款后外廓。	READY
128150	128150	Convertible	R8 II 4S	4S	2	EU-AUDI-R8-II-4S-SPYDER-01	HIGH		READY
128151	128151	Sedan	5 Series G30	G30	4	EU-BMW-5-G30-SEDAN-PREFL-01	HIGH		READY
128152	128152	Wagon	5 Series G31	G31	5	EU-BMW-5-G31-WAGON-PREFL-01	HIGH		READY
128153	128153	Sedan	5 Series G30	G30	4	EU-BMW-5-G30-SEDAN-PREFL-01	HIGH		READY
128154	128154	Wagon	5 Series G31	G31	5	EU-BMW-5-G31-WAGON-PREFL-01	HIGH		READY
128155	128155	SUV	X3 G01	G01	5	EU-BMW-X3-G01-SUV-STANDARD-01	HIGH		READY
128156	128156	Hatchback	Toledo IV	NH	5	EU-SEAT-TOLEDO-IV-NH-LIFTBACK-01	HIGH	五门掀背式三厢外廓。	READY
128157	128157	Hatchback	Toledo IV	NH	5	EU-SEAT-TOLEDO-IV-NH-LIFTBACK-01	HIGH	五门掀背式三厢外廓。	READY
128158	128158	Coupe	812 Superfast	F152M	2	EU-FERRARI-812-SUPERFAST-COUPE-01	HIGH		READY
128179_prefl	128179	Hatchback	Arteon I 3H	3H	5	EU-VW-ARTEON-I-3H-LIFTBACK-PREFL-01	HIGH	Ktype覆盖改款前Liftback外廓。	READY
128179_facelift	128179	Hatchback	Arteon I 3H facelift	3H	5	EU-VW-ARTEON-I-3H-LIFTBACK-FACELIFT-01	HIGH	Ktype覆盖2020年改款后Liftback外廓。	READY
128180_prefl	128180	Hatchback	Arteon I 3H	3H	5	EU-VW-ARTEON-I-3H-LIFTBACK-PREFL-01	HIGH	Ktype覆盖改款前Liftback外廓。	READY
128180_facelift	128180	Hatchback	Arteon I 3H facelift	3H	5	EU-VW-ARTEON-I-3H-LIFTBACK-FACELIFT-01	HIGH	Ktype覆盖2020年改款后Liftback外廓。	READY
128181_prefl	128181	Hatchback	Arteon I 3H	3H	5	EU-VW-ARTEON-I-3H-LIFTBACK-PREFL-01	HIGH	Ktype覆盖改款前Liftback外廓。	READY
128181_facelift	128181	Hatchback	Arteon I 3H facelift	3H	5	EU-VW-ARTEON-I-3H-LIFTBACK-FACELIFT-01	HIGH	Ktype覆盖2020年改款后Liftback外廓。	READY
128183_prefl	128183	Sedan	M5 F90	F90	4	EU-BMW-M5-F90-SEDAN-PREFL-01	HIGH	Ktype覆盖改款前外廓。	READY
128183_facelift	128183	Sedan	M5 F90 facelift	F90	4	EU-BMW-M5-F90-SEDAN-FACELIFT-01	HIGH	Ktype覆盖2020年改款后外廓。	READY
128184	128184	SUV	C3 Aircross I		5	EU-CITROEN-C3-AIRCROSS-I-SUV-PREFL-01	HIGH		READY
128185	128185	SUV	C3 Aircross I		5	EU-CITROEN-C3-AIRCROSS-I-SUV-PREFL-01	HIGH		READY
128186	128186	SUV	Crossland X I	P17	5	EU-OPEL-CROSSLAND-X-P17-SUV-01	HIGH		READY
128188	128188	SUV	Tiguan II	AD1	5	EU-VW-TIGUAN-II-AD1-SUV-FWD-PREFL-01	HIGH	前驱外廓高度分支。	READY
128189	128189	SUV	Tiguan II	AD1	5	EU-VW-TIGUAN-II-AD1-SUV-4MOTION-PREFL-01	HIGH	4Motion外廓高度分支。	READY
128190	128190	SUV	Tiguan II	AD1	5	EU-VW-TIGUAN-II-AD1-SUV-FWD-PREFL-01	HIGH	前驱外廓高度分支。	READY
128191	128191	SUV	Tiguan II	AD1	5	EU-VW-TIGUAN-II-AD1-SUV-4MOTION-PREFL-01	HIGH	4Motion外廓高度分支。	READY
128192	128192	SUV	Tiguan II	AD1	5	EU-VW-TIGUAN-II-AD1-SUV-4MOTION-PREFL-01	HIGH	4Motion外廓高度分支。	READY
128193	128193	SUV	Tiguan II	AD1	5	EU-VW-TIGUAN-II-AD1-SUV-4MOTION-PREFL-01	HIGH	4Motion外廓高度分支。	READY
128213	128213	Hatchback	Polo VI	AW1	5	EU-VW-POLO-VI-AW1-HATCHBACK-01	HIGH		READY
128214	128214	Hatchback	Polo VI	AW1	5	EU-VW-POLO-VI-AW1-HATCHBACK-01	HIGH		READY
128215	128215	Hatchback	Polo VI	AW1	5	EU-VW-POLO-VI-AW1-HATCHBACK-01	HIGH		READY
128219	128219	Sedan	Kalos/Aveo T200	T200	4	EU-CHEVROLET-KALOS-AVEO-T200-SEDAN-01	MEDIUM	T200四门轿车物理外廓。	READY
128221	128221	SUV	Range Rover Evoque I	L538	5	EU-LAND-ROVER-RANGE-ROVER-EVOQUE-I-L538-SUV-5D-01	HIGH		READY
128228	128228	MPV	Rezzo I	U100	5	EU-CHEVROLET-REZZO-I-U100-MPV-01	HIGH		READY
128231	128231	Convertible	Range Rover Evoque I	L538	2	EU-LAND-ROVER-RANGE-ROVER-EVOQUE-I-L538-CONVERTIBLE-01	HIGH	两门敞篷物理外廓。	READY
128232	128232	Hatchback	Stinger I	CK	5	EU-KIA-STINGER-I-CK-HATCHBACK-01	HIGH		READY
128235	128235	Hatchback	Stinger I	CK	5	EU-KIA-STINGER-I-CK-HATCHBACK-01	HIGH		READY
128236	128236	SUV	ix35 I	LM	5	EU-HYUNDAI-IX35-I-SUV-FACELIFT-01	HIGH		READY
128257_prefl	128257	SUV	Pilot II	YF4	5	EU-HONDA-PILOT-II-YF4-SUV-PREFL-01	HIGH	2010-2011改款前4WD物理外廓。	READY
128257_facelift	128257	SUV	Pilot II Facelift	YF4	5	EU-HONDA-PILOT-II-YF4-SUV-FACELIFT-01	HIGH	2012-2015改款后4WD物理外廓。	READY
128259	128259	Hatchback	Stinger I	CK	5	EU-KIA-STINGER-I-CK-HATCHBACK-01	HIGH		READY
128261	128261	Sedan	Elantra VI	AD	4	EU-HYUNDAI-ELANTRA-VI-AD-SEDAN-STANDARD-01	HIGH	标准车身外廓。	READY
128275	128275	SUV	Arona I	KJ7	5	EU-SEAT-ARONA-I-KJ7-SUV-01	HIGH		READY
128277	128277	SUV	Arona I	KJ7	5	EU-SEAT-ARONA-I-KJ7-SUV-01	HIGH		READY
128278	128278	SUV	Arona I	KJ7	5	EU-SEAT-ARONA-I-KJ7-SUV-01	HIGH		READY
128280	128280	SUV	Arona I	KJ7	5	EU-SEAT-ARONA-I-KJ7-SUV-01	HIGH		READY
128286	128286	SUV	Karoq I	NU7	5	EU-SKODA-KAROQ-I-NU7-SUV-FWD-01	HIGH	前驱外廓高度分支。	READY
128287	128287	SUV	Karoq I	NU7	5	EU-SKODA-KAROQ-I-NU7-SUV-FWD-01	HIGH	前驱外廓高度分支。	READY
128288	128288	SUV	Karoq I	NU7	5	EU-SKODA-KAROQ-I-NU7-SUV-FWD-01	HIGH	前驱外廓高度分支。	READY
128289	128289	SUV	Karoq I	NU7	5	EU-SKODA-KAROQ-I-NU7-SUV-AWD-01	HIGH	4×4外廓高度分支。	READY
128291	128291	Wagon	i30 III	PD	5	EU-HYUNDAI-I30-III-PD-WAGON-01	HIGH		READY
128292	128292	SUV	Kona I	OS	5	EU-HYUNDAI-KONA-I-OS-SUV-PREFL-01	HIGH		READY
128293	128293	SUV	Kona I	OS	5	EU-HYUNDAI-KONA-I-OS-SUV-PREFL-01	HIGH		READY
128294	128294	SUV	Q5 II	FY	5	EU-AUDI-Q5-II-FY-SUV-01	HIGH		READY
128298	128298	Hatchback	Golf VII Sportsvan	AM1	5	EU-VW-GOLF-VII-SPORTSVAN-FACELIFT-01	HIGH		READY
128299	128299	Hatchback	Golf VII Sportsvan	AM1	5	EU-VW-GOLF-VII-SPORTSVAN-FACELIFT-01	HIGH		READY
128300	128300	Hatchback	Golf VII Sportsvan	AM1	5	EU-VW-GOLF-VII-SPORTSVAN-FACELIFT-01	HIGH		READY
128301	128301	Hatchback	Golf VII Sportsvan	AM1	5	EU-VW-GOLF-VII-SPORTSVAN-FACELIFT-01	HIGH		READY
128303_standard	128303	SUV	Cherokee V	KL	5	EU-JEEP-CHEROKEE-V-KL-SUV-STANDARD-01	MEDIUM	Longitude/Limited标准3.2 AWD外廓。	READY
128303_trailhawk	128303	SUV	Cherokee V	KL	5	EU-JEEP-CHEROKEE-V-KL-SUV-TRAILHAWK-01	MEDIUM	Trailhawk专用悬架及保险杠外廓。	READY
128304	128304	Hatchback	Ibiza V	KJ1	5	EU-SEAT-IBIZA-V-KJ1-HATCHBACK-01	HIGH		READY
128305	128305	Hatchback	Ibiza V	KJ1	5	EU-SEAT-IBIZA-V-KJ1-HATCHBACK-01	HIGH		READY
128315	128315	Sedan	XF II	X260	4	EU-JAGUAR-XF-II-X260-SEDAN-01	HIGH		READY
128340	128340	Wagon	Golf VII	BA5	5	EU-VW-GOLF-VII-VARIANT-FACELIFT-01	HIGH		READY
128344	128344	Hatchback	Golf VII	5G1	5	EU-VW-GOLF-VII-HATCHBACK-5D-FACELIFT-01	HIGH	五门掀背物理外廓。	READY
128357	128357	Targa	MX-5 IV RF	ND	2	EU-MAZDA-MX-5-IV-ND-RF-TARGA-01	HIGH	RF可伸缩硬顶物理外廓。	READY
128375	128375	Pickup	F-150 XIII	P552	4	EU-FORD-USA-F150-XIII-P552-RAPTOR-SUPERCAB-01	HIGH	Extended Cab/SuperCab物理外廓。	READY
128377	128377	Pickup	F-150 XIII	P552	4	EU-FORD-USA-F150-XIII-P552-RAPTOR-SUPERCREW-01	HIGH	Crew Cab/SuperCrew物理外廓。	READY
128394	128394	Wagon	Megane IV	K9A	5	EU-RENAULT-MEGANE-IV-GRANDTOUR-WAGON-01	HIGH		READY
128418	128418	Hatchback	Octavia III	5E3	5	EU-SKODA-OCTAVIA-III-HATCHBACK-FACELIFT-01	HIGH		READY
128420	128420	Wagon	Octavia III	5E5	5	EU-SKODA-OCTAVIA-III-WAGON-FACELIFT-01	HIGH		READY
128430	128430	Coupe	Evora I GT430	122	2	EU-LOTUS-EVORA-I-TYPE-122-GT430-COUPE-01	HIGH	GT430专用空气动力外廓。	READY
128437	128437	Convertible	E-Class V	A238	2	EU-MERCEDES-BENZ-E-CLASS-V-A238-CONVERTIBLE-01	HIGH	A238双门敞篷物理外廓。	READY
128451	128451	Convertible	A5 II	F57	2	EU-AUDI-A5-II-F5-CABRIOLET-01	HIGH	两门敞篷物理外廓。	READY
128454	128454	Hatchback	A5 II	F5A	5	EU-AUDI-A5-F5-SPORTBACK-01	HIGH	五门Sportback物理外廓。	READY
128457	128457	Coupe	911 VII Facelift	991	2	EU-PORSCHE-911-991-2-TURBO-S-EXCLUSIVE-COUPE-AWD-01	HIGH	991.2 Turbo S Exclusive Series宽体外廓。	READY
128458	128458	Hatchback	i3 I	I01	5	EU-BMW-I3-I01-HATCHBACK-S-01	HIGH	i3s运动外廓。	READY
128459	128459	Hatchback	i3 I	I01	5	EU-BMW-I3-I01-HATCHBACK-S-01	HIGH	i3s运动外廓。	READY
128460	128460	Hatchback	i3 I	I01	5	EU-BMW-I3-I01-HATCHBACK-S-01	HIGH	i3s运动外廓。	READY
128462_swb	128462	Sedan	S-Class VI Facelift	W222	4	EU-MERCEDES-BENZ-S-CLASS-VI-W222-SEDAN-FACELIFT-01	HIGH	车身代码222.058短轴外廓。	READY
128462_lwb	128462	Sedan	S-Class VI Facelift	V222	4	EU-MERCEDES-BENZ-S-CLASS-VI-V222-SEDAN-LWB-FACELIFT-01	HIGH	车身代码222.158长轴外廓。	READY
128463_swb	128463	Sedan	S-Class VI Facelift	W222	4	EU-MERCEDES-BENZ-S-CLASS-VI-W222-SEDAN-FACELIFT-01	HIGH	车身代码222.059短轴外廓。	READY
128463_lwb	128463	Sedan	S-Class VI Facelift	V222	4	EU-MERCEDES-BENZ-S-CLASS-VI-V222-SEDAN-LWB-FACELIFT-01	HIGH	车身代码222.159长轴外廓。	READY
128464_swb	128464	Sedan	S-Class VI Facelift	W222	4	EU-MERCEDES-BENZ-S-CLASS-VI-W222-SEDAN-FACELIFT-01	HIGH	车身代码222.060短轴外廓。	READY
128464_lwb	128464	Sedan	S-Class VI Facelift	V222	4	EU-MERCEDES-BENZ-S-CLASS-VI-V222-SEDAN-LWB-FACELIFT-01	HIGH	车身代码222.160长轴外廓。	READY
128465	128465	Hatchback	Rapid I	NH1	5	EU-SKODA-RAPID-I-SPACEBACK-HATCHBACK-01	HIGH	Spaceback物理外廓。	READY
128467	128467	Hatchback	Rapid I	NH1	5	EU-SKODA-RAPID-I-SPACEBACK-HATCHBACK-01	HIGH	Spaceback物理外廓。	READY
128469	128469	Hatchback	Rapid I	NH1	5	EU-SKODA-RAPID-I-SPACEBACK-HATCHBACK-01	HIGH	Spaceback物理外廓。	READY
128470	128470	Hatchback	Rapid I	NH1	5	EU-SKODA-RAPID-I-SPACEBACK-HATCHBACK-01	HIGH	Spaceback物理外廓。	READY
128471	128471	SUV	Karoq I	NU7	5	EU-SKODA-KAROQ-I-NU7-SUV-AWD-01	HIGH	4×4外廓高度分支。	READY
128472	128472	Hatchback	Megane IV	B9A	5	EU-RENAULT-MEGANE-IV-HATCHBACK-01	HIGH		READY
128473	128473	MPV	Kangoo II Facelift	K61	5	EU-RENAULT-KANGOO-II-K61-MPV-FACELIFT-01	HIGH	标准轴距乘用版改款外廓。	READY
128488	128488	Sedan	9-3 II Facelift	YS3F	4	EU-SAAB-9-3-II-FACELIFT-SEDAN-01	HIGH		READY
128489	128489	Wagon	9-3 II Facelift	YS3F	5	EU-SAAB-9-3-II-FACELIFT-SPORTCOMBI-WAGON-01	HIGH	SportCombi物理外廓。	READY
128490	128490	Convertible	MINI Convertible II	R57	2	EU-MINI-MINI-R57-CONVERTIBLE-COOPER-S-FACELIFT-01	HIGH		READY
128491	128491	MPV	Kangoo II	K61	5	EU-RENAULT-KANGOO-II-K61-MPV-PREFL-01	HIGH	标准轴距乘用版改款前外廓。	READY
128492	128492	Convertible	Megane III CC		2	EU-RENAULT-MEGANE-III-CC-CONVERTIBLE-01	HIGH	双门硬顶敞篷物理外廓。	READY
128493	128493	SUV	T-Roc I	A11	5	EU-VW-T-ROC-I-A11-SUV-01	HIGH		READY
128494	128494	Sedan	Mondeo IV	BA7	4	EU-FORD-MONDEO-IV-FACELIFT-SEDAN-01	HIGH		READY
128495	128495	SUV	T-Roc I	A11	5	EU-VW-T-ROC-I-A11-SUV-01	HIGH		READY
128496	128496	Sedan	Mondeo IV	BA7	4	EU-FORD-MONDEO-IV-FACELIFT-SEDAN-01	HIGH		READY
128498	128498	Hatchback	Stinger I	CK	5	EU-KIA-STINGER-I-CK-HATCHBACK-01	HIGH		READY
128499	128499	Hatchback	Stinger I	CK	5	EU-KIA-STINGER-I-CK-HATCHBACK-01	HIGH		READY
128500	128500	Sedan	D5 S	G30	4	EU-ALPINA-D5-S-G30-SEDAN-01	HIGH	四门Limousine物理外廓。	READY
128501_prefl	128501	Sedan	S40 I	644	4	EU-VOLVO-S40-I-644-SEDAN-PREFL-01	HIGH	2000年Phase II改款前物理外廓。	READY
128501_facelift	128501	Sedan	S40 I Facelift	644	4	EU-VOLVO-S40-I-644-SEDAN-FACELIFT-01	HIGH	2000年Phase II改款后物理外廓。	READY
128502	128502	MPV	Zafira B Facelift	A05	5	EU-OPEL-ZAFIRA-B-A05-MPV-FACELIFT-01	HIGH		READY
128503_prefl	128503	Wagon	V40 I	645	5	EU-VOLVO-V40-I-645-WAGON-PREFL-01	HIGH	2000年Phase II改款前物理外廓。	READY
128503_facelift	128503	Wagon	V40 I Facelift	645	5	EU-VOLVO-V40-I-645-WAGON-FACELIFT-01	HIGH	2000年Phase II改款后物理外廓。	READY
128504_prefl	128504	Wagon	V50 I	MW	5	EU-VOLVO-V50-I-MW-WAGON-PREFL-01	HIGH	改款前物理外廓。	READY
128504_facelift	128504	Wagon	V50 I Facelift	MW	5	EU-VOLVO-V50-I-MW-WAGON-FACELIFT-01	HIGH	改款后物理外廓。	READY
128505	128505	Wagon	D5 S	G31	5	EU-ALPINA-D5-S-G31-WAGON-01	HIGH	Touring物理外廓。	READY
128506	128506	SUV	Stonic I	YB	5	EU-KIA-STONIC-I-YB-SUV-01	HIGH	输入Schrägheck按厂商跨界SUV车身归类。	READY
128507	128507	SUV	Stonic I	YB	5	EU-KIA-STONIC-I-YB-SUV-01	HIGH	输入Schrägheck按厂商跨界SUV车身归类。	READY
128508	128508	SUV	Stonic I	YB	5	EU-KIA-STONIC-I-YB-SUV-01	HIGH	输入Schrägheck按厂商跨界SUV车身归类。	READY
128510	128510	SUV	Stonic I	YB	5	EU-KIA-STONIC-I-YB-SUV-01	HIGH	输入Schrägheck按厂商跨界SUV车身归类。	READY
128511	128511	SUV	Atlas I	CA1	5	EU-VW-ATLAS-I-CA1-SUV-4MOTION-PREFL-01	HIGH	4Motion改款前物理外廓。	READY
128514_swb	128514	Sedan	S-Class V Facelift	W221	4	EU-MERCEDES-BENZ-S-CLASS-V-W221-SEDAN-FACELIFT-01	HIGH	车身代码221.028短轴外廓。	READY
128514_lwb	128514	Sedan	S-Class V Facelift	V221	4	EU-MERCEDES-BENZ-S-CLASS-V-V221-SEDAN-LWB-FACELIFT-01	HIGH	车身代码221.128长轴外廓。	READY
128519	128519	Hatchback	Picanto III	JA	5	EU-KIA-PICANTO-III-JA-HATCHBACK-01	HIGH		READY
128525	128525	Hatchback	Ka+ III	B562	5	EU-FORD-KA-PLUS-III-B562-HATCHBACK-01	HIGH	输入为Stufenheck，车型资料确认五门掀背外廓。	READY
128534	128534	SUV	M-Class II	W164	5	EU-MERCEDES-BENZ-M-CLASS-II-W164-SUV-01	HIGH		READY
128563_singlecab_3665	128563	Pickup	Sprinter II	906.153	2	EU-MERCEDES-BENZ-SPRINTER-II-B906-PICKUP-SINGLE-3665-01	MEDIUM	单排驾驶室、3665 mm轴距底盘外廓。	READY
128563_singlecab_4325	128563	Pickup	Sprinter II	906.155	2	EU-MERCEDES-BENZ-SPRINTER-II-B906-PICKUP-SINGLE-4325-01	MEDIUM	单排驾驶室、4325 mm轴距底盘外廓。	READY
128563_crewcab_3665	128563	Pickup	Sprinter II	906.253	4	EU-MERCEDES-BENZ-SPRINTER-II-B906-PICKUP-CREW-3665-01	MEDIUM	双排驾驶室、3665 mm轴距底盘外廓。	READY
128563_crewcab_4325	128563	Pickup	Sprinter II	906.255	4	EU-MERCEDES-BENZ-SPRINTER-II-B906-PICKUP-CREW-4325-01	MEDIUM	双排驾驶室、4325 mm轴距底盘外廓。	READY
128567	128567	Wagon	XF II Sportbrake	X260	5	EU-JAGUAR-XF-II-X260-SPORTBRAKE-WAGON-01	HIGH	Sportbrake物理外廓。	READY
128568	128568	Wagon	XF II Sportbrake	X260	5	EU-JAGUAR-XF-II-X260-SPORTBRAKE-WAGON-01	HIGH	Sportbrake物理外廓。	READY
128569	128569	Coupe	Continental GT III		2	EU-BENTLEY-CONTINENTAL-GT-III-COUPE-W12-01	HIGH	第三代W12双门物理外廓。	READY
128571_swb	128571	Sedan	XJ X351 Facelift	X351	4	EU-JAGUAR-XJ-X351-XJR575-SEDAN-SWB-01	MEDIUM	XJR575标准轴距物理外廓。	READY
128571_lwb	128571	Sedan	XJ X351 Facelift	X351	4	EU-JAGUAR-XJ-X351-XJR575-SEDAN-LWB-01	MEDIUM	XJR575长轴距物理外廓。	READY
128572_swb_prefl	128572	Sedan	S-Class IV	W220	4	EU-MERCEDES-BENZ-S-CLASS-IV-W220-SEDAN-PREFL-01	HIGH	220.075短轴改款前物理外廓。	READY
128572_swb_facelift	128572	Sedan	S-Class IV Facelift	W220	4	EU-MERCEDES-BENZ-S-CLASS-IV-W220-SEDAN-FACELIFT-01	HIGH	220.075短轴改款后物理外廓。	READY
128572_lwb_prefl	128572	Sedan	S-Class IV	V220	4	EU-MERCEDES-BENZ-S-CLASS-IV-V220-SEDAN-LWB-PREFL-01	HIGH	220.175长轴改款前物理外廓。	READY
128572_lwb_facelift	128572	Sedan	S-Class IV Facelift	V220	4	EU-MERCEDES-BENZ-S-CLASS-IV-V220-SEDAN-LWB-FACELIFT-01	HIGH	220.175长轴改款后物理外廓。	READY
128572_pullman	128572	Sedan	S-Class IV Pullman	VV220	4	EU-MERCEDES-BENZ-S-CLASS-IV-VV220-PULLMAN-SEDAN-01	HIGH	220.875 Pullman加长物理外廓。	READY
128574	128574	Sedan	Megane IV	L9A	4	EU-RENAULT-MEGANE-IV-SEDAN-01	HIGH	四门Grand Coupé物理外廓。	READY
128575	128575	Sedan	Megane IV	L9A	4	EU-RENAULT-MEGANE-IV-SEDAN-01	HIGH	四门Grand Coupé物理外廓。	READY
142959	142959	SUV	Korando III facelift	C200	5	EU-SSANGYONG-KORANDO-III-C200-SUV-FACELIFT-01	HIGH	商用化版本沿用五门SUV外廓。	READY
142960	142960	SUV	Rexton II	Y400	5	EU-SSANGYONG-REXTON-II-Y400-SUV-01	HIGH	后驱版本与四驱版本共用外廓。	READY
142961	142961	SUV	Rexton II	Y400	5	EU-SSANGYONG-REXTON-II-Y400-SUV-01	HIGH	后驱版本与四驱版本共用外廓。	READY
142962	142962	SUV	Rexton II	Y250	5	EU-SSANGYONG-REXTON-II-Y250-SUV-01	MEDIUM	RX270 XDI五门SUV外廓。	READY
142963	142963	SUV	Rexton II	Y250	5	EU-SSANGYONG-REXTON-II-Y250-SUV-01	MEDIUM	RX270 XDI五门SUV外廓。	READY
142964	142964	SUV	Rexton W		5	EU-SSANGYONG-REXTON-W-SUV-01	HIGH	后驱版本与四驱版本共用外廓。	READY
142965	142965	SUV	Rexton W		5	EU-SSANGYONG-REXTON-W-SUV-01	HIGH	后驱版本与四驱版本共用外廓。	READY
142966	142966	MPV	Rodius II	A150	5	EU-SSANGYONG-RODIUS-II-A150-MPV-01	HIGH	商用化版本沿用Rodius II五门MPV外廓。	READY
142967	142967	MPV	Rodius II	A150	5	EU-SSANGYONG-RODIUS-II-A150-MPV-01	HIGH	商用化版本沿用Rodius II五门MPV外廓。	READY
142968	142968	SUV	XLV I		5	EU-SSANGYONG-XLV-I-SUV-02	HIGH	商用化版本沿用XLV五门SUV外廓。	READY
142969	142969	SUV	XLV I		5	EU-SSANGYONG-XLV-I-SUV-02	HIGH	商用化版本沿用XLV五门SUV外廓。	READY
142970	142970	SUV	XLV I		5	EU-SSANGYONG-XLV-I-SUV-02	HIGH	商用化版本沿用XLV五门SUV外廓。	READY
142971	142971	SUV	XLV I		5	EU-SSANGYONG-XLV-I-SUV-02	HIGH	商用化版本沿用XLV五门SUV外廓。	READY
142972_prefl	142972	SUV	RAV4 IV	XA40	5	EU-TOYOTA-RAV4-IV-XA40-SUV-PREFL-01	HIGH	改款前商用Van沿用五门SUV外廓。	READY
142972_facelift	142972	SUV	RAV4 IV	XA40	5	EU-TOYOTA-RAV4-IV-XA40-SUV-FACELIFT-01	HIGH	改款后商用Van沿用五门SUV外廓。	READY
142973_prefl	142973	SUV	RAV4 IV	XA40	5	EU-TOYOTA-RAV4-IV-XA40-SUV-PREFL-01	HIGH	改款前商用Van沿用五门SUV外廓。	READY
142973_facelift	142973	SUV	RAV4 IV	XA40	5	EU-TOYOTA-RAV4-IV-XA40-SUV-FACELIFT-01	HIGH	改款后商用Van沿用五门SUV外廓。	READY
142974_prefl	142974	SUV	RAV4 IV	XA40	5	EU-TOYOTA-RAV4-IV-XA40-SUV-PREFL-01	HIGH	改款前商用Van沿用五门SUV外廓。	READY
142974_facelift	142974	SUV	RAV4 IV	XA40	5	EU-TOYOTA-RAV4-IV-XA40-SUV-FACELIFT-01	HIGH	改款后商用Van沿用五门SUV外廓。	READY
142975_prefl	142975	SUV	RAV4 IV	XA40	5	EU-TOYOTA-RAV4-IV-XA40-SUV-PREFL-01	HIGH	改款前商用Van沿用五门SUV外廓。	READY
142975_facelift	142975	SUV	RAV4 IV	XA40	5	EU-TOYOTA-RAV4-IV-XA40-SUV-FACELIFT-01	HIGH	改款后商用Van沿用五门SUV外廓。	READY
142976	142976	SUV	RAV4 IV	XA40	5	EU-TOYOTA-RAV4-IV-XA40-SUV-FACELIFT-01	HIGH	改款后商用Van沿用五门SUV外廓。	READY
142977_prefl	142977	SUV	RAV4 IV	XA40	5	EU-TOYOTA-RAV4-IV-XA40-SUV-PREFL-01	HIGH	改款前商用Van沿用五门SUV外廓。	READY
142977_facelift	142977	SUV	RAV4 IV	XA40	5	EU-TOYOTA-RAV4-IV-XA40-SUV-FACELIFT-01	HIGH	改款后商用Van沿用五门SUV外廓。	READY
142978	142978	Hatchback	Tipo II	357	5	EU-FIAT-TIPO-357-HATCHBACK-01	HIGH		READY
142979	142979	SUV	RAV4 V	XA50	5	EU-TOYOTA-RAV4-V-XA50-SUV-01	HIGH	商用Van沿用XA50五门SUV外廓。	READY
142980	142980	SUV	RAV4 V	XA50	5	EU-TOYOTA-RAV4-V-XA50-SUV-01	HIGH	商用Van沿用XA50五门SUV外廓。	READY
142981	142981	Wagon	Tipo II	358	5	EU-FIAT-TIPO-358-WAGON-01	HIGH		READY
142982	142982	SUV	RAV4 V	XA50	5	EU-TOYOTA-RAV4-V-XA50-SUV-01	HIGH	商用Van沿用XA50五门SUV外廓。	READY
142983	142983	SUV	RAV4 V	XA50	5	EU-TOYOTA-RAV4-V-XA50-SUV-01	HIGH	商用Van沿用XA50五门SUV外廓。	READY
142989_prefl	142989	MPV	Verso II		5	EU-TOYOTA-VERSO-II-MPV-PREFL-01	HIGH	2009-2012改款前五门MPV外廓。	READY
142989_facelift	142989	MPV	Verso II		5	EU-TOYOTA-VERSO-II-MPV-FACELIFT-01	HIGH	2013年起改款后五门MPV外廓。	READY
142990_prefl	142990	MPV	Verso II		5	EU-TOYOTA-VERSO-II-MPV-PREFL-01	HIGH	2009-2012改款前五门MPV外廓。	READY
142990_facelift	142990	MPV	Verso II		5	EU-TOYOTA-VERSO-II-MPV-FACELIFT-01	HIGH	2013年起改款后五门MPV外廓。	READY
142991	142991	SUV	Santa Fe IV facelift	TM	5	EU-HYUNDAI-SANTA-FE-IV-TM-SUV-FACELIFT-01	HIGH	改款后五门SUV外廓。	READY
142992	142992	SUV	Santa Fe IV facelift	TM	5	EU-HYUNDAI-SANTA-FE-IV-TM-SUV-FACELIFT-01	HIGH	改款后五门SUV外廓。	READY
142993	142993	MPV	Verso II		5	EU-TOYOTA-VERSO-II-MPV-FACELIFT-01	HIGH	2013年起改款后五门MPV外廓。	READY
142994_prefl	142994	MPV	Verso II		5	EU-TOYOTA-VERSO-II-MPV-PREFL-01	HIGH	2012年末改款前外廓。	READY
142994_facelift	142994	MPV	Verso II		5	EU-TOYOTA-VERSO-II-MPV-FACELIFT-01	HIGH	2013年起改款后五门MPV外廓。	READY
142995_prefl	142995	MPV	Verso II		5	EU-TOYOTA-VERSO-II-MPV-PREFL-01	HIGH	2009-2012改款前五门MPV外廓。	READY
142995_facelift	142995	MPV	Verso II		5	EU-TOYOTA-VERSO-II-MPV-FACELIFT-01	HIGH	2013年起改款后五门MPV外廓。	READY
142996	142996	SUV	XC60 I facelift		5	EU-VOLVO-XC60-I-SUV-FACELIFT-01	HIGH	商用化版本沿用改款后五门SUV外廓。	READY
142997	142997	SUV	XC60 I facelift		5	EU-VOLVO-XC60-I-SUV-FACELIFT-01	HIGH	商用化版本沿用改款后五门SUV外廓。	READY
142998	142998	SUV	XC60 I facelift		5	EU-VOLVO-XC60-I-SUV-FACELIFT-01	HIGH	商用化版本沿用改款后五门SUV外廓。	READY
142999	142999	SUV	XC60 I facelift		5	EU-VOLVO-XC60-I-SUV-FACELIFT-01	HIGH	商用化版本沿用改款后五门SUV外廓。	READY
143001	143001	SUV	Sorento IV	MQ4	5	EU-KIA-SORENTO-IV-MQ4-SUV-01	HIGH	MQ4五门SUV外廓。	READY
143002	143002	SUV	Qashqai II	J11	5	EU-NISSAN-QASHQAI-II-J11-SUV-FACELIFT-01	HIGH	J11改款后五门SUV外廓。	READY
143003	143003	Sedan	Ghibli III	M157	4	EU-MASERATI-GHIBLI-III-M157-SEDAN-TROFEO-01	HIGH	M157 Trofeo四门轿车外廓。	READY
143004	143004	MPV	Sharan II	7N	5	EU-VW-SHARAN-II-7N-MPV-PREFL-01	HIGH	改款前五门MPV外廓。	READY
143005	143005	MPV	Sharan II	7N	5	EU-VW-SHARAN-II-7N-MPV-PREFL-01	HIGH	改款前五门MPV外廓。	READY
143006	143006	MPV	Sharan II	7N	5	EU-VW-SHARAN-II-7N-MPV-PREFL-01	HIGH	改款前五门MPV外廓。	READY
143007	143007	MPV	Sharan II	7N	5	EU-VW-SHARAN-II-7N-MPV-PREFL-01	HIGH	改款前五门MPV外廓。	READY
143008	143008	MPV	Sharan II	7N	5	EU-VW-SHARAN-II-7N-MPV-PREFL-01	HIGH	改款前五门MPV外廓。	READY
143009	143009	MPV	Sharan II	7N	5	EU-VW-SHARAN-II-7N-MPV-PREFL-01	HIGH	改款前五门MPV外廓。	READY
143010	143010	Sedan	Quattroporte VI	M156	4	EU-MASERATI-QUATTROPORTE-VI-M156-SEDAN-01	HIGH		READY
143011	143011	SUV	e-tron I	GE	5	EU-AUDI-E-TRON-I-GE-SUV-S-01	HIGH	S版本宽体五门SUV外廓。	READY
143012_prefl	143012	MPV	Sharan I	7M8	5	EU-VW-SHARAN-I-7M8-MPV-PREFL-01	HIGH	7M8改款前物理外廓。	READY
143012_facelift	143012	MPV	Sharan I	7M9	5	EU-VW-SHARAN-I-7M9-MPV-FACELIFT-01	HIGH	7M9首次改款物理外廓。	READY
143013	143013	MPV	Sharan I	7M8	5	EU-VW-SHARAN-I-7M8-MPV-PREFL-01	HIGH	7M8改款前物理外廓。	READY
143014	143014	MPV	Sharan I	7M9	5	EU-VW-SHARAN-I-7M9-MPV-FACELIFT-01	HIGH	7M9首次改款物理外廓。	READY
143015_prefl	143015	MPV	Sharan I	7M8	5	EU-VW-SHARAN-I-7M8-MPV-PREFL-01	HIGH	7M8改款前物理外廓。	READY
143015_facelift	143015	MPV	Sharan I	7M9	5	EU-VW-SHARAN-I-7M9-MPV-FACELIFT-01	HIGH	7M9首次改款物理外廓。	READY
143016_prefl	143016	MPV	Sharan I	7M8	5	EU-VW-SHARAN-I-7M8-MPV-PREFL-01	HIGH	7M8改款前物理外廓。	READY
143016_facelift	143016	MPV	Sharan I	7M9	5	EU-VW-SHARAN-I-7M9-MPV-FACELIFT-01	HIGH	7M9首次改款物理外廓。	READY
143017_7m9	143017	MPV	Sharan I	7M9	5	EU-VW-SHARAN-I-7M9-MPV-FACELIFT-01	HIGH	7M9首次改款物理外廓。	READY
143017_7m6	143017	MPV	Sharan I	7M6	5	EU-VW-SHARAN-I-7M6-MPV-FACELIFT2-01	HIGH	7M6后期改款物理外廓。	READY
143018	143018	MPV	Sharan I	7M9	5	EU-VW-SHARAN-I-7M9-MPV-FACELIFT-01	HIGH	7M9首次改款物理外廓。	READY
143019	143019	SUV	Tiguan I	5N	5	EU-VW-TIGUAN-I-5N-SUV-PREFL-01	HIGH	2011改款前五门SUV外廓。	READY
143020	143020	SUV	Tiguan I	5N	5	EU-VW-TIGUAN-I-5N-SUV-PREFL-01	HIGH	2011改款前五门SUV外廓。	READY
143021	143021	SUV	Tiguan I facelift	5N	5	EU-VW-TIGUAN-I-5N-SUV-FACELIFT-01	HIGH	2011改款后五门SUV外廓。	READY
143022	143022	SUV	Tiguan I facelift	5N	5	EU-VW-TIGUAN-I-5N-SUV-FACELIFT-01	HIGH	2011改款后五门SUV外廓。	READY
143023	143023	Coupe	8 Series II	G15	2	EU-BMW-8-G15-COUPE-01	HIGH	G15两门Coupe外廓。	READY
143024	143024	Coupe	8 Series II	G15	2	EU-BMW-8-G15-COUPE-01	HIGH	G15两门Coupe外廓。	READY
143025	143025	Convertible	8 Series II	G14	2	EU-BMW-8-G14-CONVERTIBLE-01	HIGH	G14两门Convertible外廓。	READY
143026	143026	Convertible	8 Series II	G14	2	EU-BMW-8-G14-CONVERTIBLE-01	HIGH	G14两门Convertible外廓。	READY
143027	143027	Coupe	8 Series II	G15	2	EU-BMW-8-G15-COUPE-01	HIGH	G15两门Coupe外廓。	READY
143028	143028	Coupe	8 Series II	G15	2	EU-BMW-8-G15-COUPE-01	HIGH	G15两门Coupe外廓。	READY
143029	143029	SUV	X7 I	G07	5	EU-BMW-X7-G07-SUV-PREFL-01	HIGH	G07改款前五门SUV外廓。	READY
143030	143030	SUV	X6 III	G06	5	EU-BMW-X6-G06-SUV-PREFL-01	HIGH	G06改款前五门SUV外廓。	READY
143031	143031	SUV	X5 IV	G05	5	EU-BMW-X5-G05-SUV-PREFL-01	HIGH	G05改款前五门SUV外廓。	READY
143032_s	143032	MPV	Zafira Life I	K0		EU-OPEL-ZAFIRA-LIFE-K0-MPV-S-01	HIGH	K0短车身乘用厢式外廓。	READY
143032_m	143032	MPV	Zafira Life I	K0		EU-OPEL-ZAFIRA-LIFE-K0-MPV-M-01	HIGH	K0中车身乘用厢式外廓。	READY
143032_l	143032	MPV	Zafira Life I	K0		EU-OPEL-ZAFIRA-LIFE-K0-MPV-L-01	HIGH	K0长车身乘用厢式外廓。	READY
143036_s	143036	MPV	Vivaro C	K0		EU-OPEL-VIVARO-C-K0-MPV-S-01	HIGH	K0短车身Combi外廓。	READY
143036_m	143036	MPV	Vivaro C	K0		EU-OPEL-VIVARO-C-K0-MPV-M-01	HIGH	K0中车身Combi外廓。	READY
143036_l	143036	MPV	Vivaro C	K0		EU-OPEL-VIVARO-C-K0-MPV-L-01	HIGH	K0长车身Combi外廓。	READY
143037	143037	SUV	Tiguan I	5N	5	EU-VW-TIGUAN-I-5N-SUV-PREFL-01	HIGH	2011改款前五门SUV外廓。	READY
143038	143038	SUV	Tiguan I	5N	5	EU-VW-TIGUAN-I-5N-SUV-PREFL-01	HIGH	2011改款前五门SUV外廓。	READY
143039	143039	SUV	Tiguan I facelift	5N	5	EU-VW-TIGUAN-I-5N-SUV-FACELIFT-01	HIGH	2011改款后五门SUV外廓。	READY
143040_prefl	143040	SUV	Tiguan I	5N	5	EU-VW-TIGUAN-I-5N-SUV-PREFL-01	HIGH	2011改款前五门SUV外廓。	READY
143040_facelift	143040	SUV	Tiguan I facelift	5N	5	EU-VW-TIGUAN-I-5N-SUV-FACELIFT-01	HIGH	2011改款后五门SUV外廓。	READY
143041_prefl	143041	SUV	Tiguan I	5N	5	EU-VW-TIGUAN-I-5N-SUV-PREFL-01	HIGH	2011改款前五门SUV外廓。	READY
143041_facelift	143041	SUV	Tiguan I facelift	5N	5	EU-VW-TIGUAN-I-5N-SUV-FACELIFT-01	HIGH	2011改款后五门SUV外廓。	READY
143042_prefl	143042	SUV	Tiguan I	5N	5	EU-VW-TIGUAN-I-5N-SUV-PREFL-01	HIGH	2011改款前五门SUV外廓。	READY
143042_facelift	143042	SUV	Tiguan I facelift	5N	5	EU-VW-TIGUAN-I-5N-SUV-FACELIFT-01	HIGH	2011改款后五门SUV外廓。	READY
143043_prefl	143043	SUV	Tiguan I	5N	5	EU-VW-TIGUAN-I-5N-SUV-PREFL-01	HIGH	2011改款前五门SUV外廓。	READY
143043_facelift	143043	SUV	Tiguan I facelift	5N	5	EU-VW-TIGUAN-I-5N-SUV-FACELIFT-01	HIGH	2011改款后五门SUV外廓。	READY
143044	143044	SUV	Tiguan I facelift	5N	5	EU-VW-TIGUAN-I-5N-SUV-FACELIFT-01	HIGH	2011改款后五门SUV外廓。	READY
143045	143045	MPV	Touran I facelift II	1T3	5	EU-VW-TOURAN-I-1T3-MPV-FACELIFT2-01	HIGH	2010年第二次改款五门MPV外廓。	READY
143046_compact	143046	MPV	Proace II	K0		EU-TOYOTA-PROACE-II-BODY-COMPACT-01	HIGH	Compact乘用Bus外廓。	READY
143046_medium	143046	MPV	Proace II	K0		EU-TOYOTA-PROACE-II-BODY-MEDIUM-01	HIGH	Medium乘用Bus外廓。	READY
143046_long	143046	MPV	Proace II	K0		EU-TOYOTA-PROACE-II-MPV-LONG-01	HIGH	Long乘用Bus外廓。	READY
143047	143047	MPV	Touran I facelift II	1T3	5	EU-VW-TOURAN-I-1T3-MPV-FACELIFT2-01	HIGH	2010年第二次改款五门MPV外廓。	READY
143048_compact	143048	MPV	Proace Verso I	K0		EU-TOYOTA-PROACE-II-BODY-COMPACT-01	HIGH	Compact乘用MPV外廓。	READY
143048_medium	143048	MPV	Proace Verso I	K0		EU-TOYOTA-PROACE-II-BODY-MEDIUM-01	HIGH	Medium乘用MPV外廓。	READY
143048_long	143048	MPV	Proace Verso I	K0		EU-TOYOTA-PROACE-II-MPV-LONG-01	HIGH	Long乘用MPV外廓。	READY
143049	143049	MPV	Touran I facelift II	1T3	5	EU-VW-TOURAN-I-1T3-MPV-FACELIFT2-01	HIGH	2010年第二次改款五门MPV外廓。	READY
143050	143050	MPV	Touran I facelift II	1T3	5	EU-VW-TOURAN-I-1T3-MPV-FACELIFT2-01	HIGH	2010年第二次改款五门MPV外廓。	READY
143051	143051	MPV	Touran I	1T1	5	EU-VW-TOURAN-I-1T1-MPV-PREFL-01	HIGH	2006改款前五门MPV外廓。	READY
143052	143052	MPV	Touran I	1T1	5	EU-VW-TOURAN-I-1T1-MPV-PREFL-01	HIGH	2006改款前五门MPV外廓。	READY
143053_prefl	143053	MPV	Touran I	1T1	5	EU-VW-TOURAN-I-1T1-MPV-PREFL-01	HIGH	2006改款前五门MPV外廓。	READY
143053_facelift	143053	MPV	Touran I facelift	1T2	5	EU-VW-TOURAN-I-1T2-MPV-FACELIFT-01	HIGH	2006年首次改款五门MPV外廓。	READY
143054	143054	MPV	Touran I	1T1	5	EU-VW-TOURAN-I-1T1-MPV-PREFL-01	HIGH	2006改款前五门MPV外廓。	READY
143055	143055	MPV	Touran I	1T1	5	EU-VW-TOURAN-I-1T1-MPV-PREFL-01	HIGH	2006改款前五门MPV外廓。	READY
143056_prefl	143056	MPV	Touran I	1T1	5	EU-VW-TOURAN-I-1T1-MPV-PREFL-01	HIGH	2006改款前五门MPV外廓。	READY
143056_facelift	143056	MPV	Touran I facelift	1T2	5	EU-VW-TOURAN-I-1T2-MPV-FACELIFT-01	HIGH	2006年首次改款五门MPV外廓。	READY
143057	143057	SUV	Touareg II	7P	5	EU-VW-TOUAREG-II-7P-SUV-PREFL-01	HIGH	7P改款前五门SUV外廓。	READY
143058	143058	Sedan	A6 C8	4A2	4	EU-AUDI-A6-C8-4A2-SEDAN-01	HIGH	4A2四门Sedan外廓。	READY
143059	143059	Wagon	A6 C8	4A5	5	EU-AUDI-A6-C8-4A5-WAGON-01	HIGH	4A5五门Avant外廓。	READY
143060	143060	Wagon	A6 allroad C8	4AH	5	EU-AUDI-A6-C8-4AH-WAGON-ALLROAD-01	HIGH	4AH allroad五门Wagon外廓。	READY
143061	143061	Hatchback	A7 Sportback II	4KA	5	EU-AUDI-A7-II-4KA-HATCHBACK-01	HIGH	4KA五门Sportback外廓。	READY
143062	143062	Hatchback	S7 Sportback II	4KA	5	EU-AUDI-A7-II-4KA-HATCHBACK-S7-01	HIGH	S7 TDI五门Sportback外廓。	READY
143063	143063	SUV	ix35 I facelift	LM	5	EU-HYUNDAI-IX35-I-SUV-FACELIFT-01	HIGH	改款后五门SUV外廓。	READY
143065	143065	SUV	XC90 I facelift		5	EU-VOLVO-XC90-I-SUV-FACELIFT-01	MEDIUM	商用化版本沿用末期五门SUV外廓。	READY
143066	143066	SUV	XC90 I facelift		5	EU-VOLVO-XC90-I-SUV-FACELIFT-01	MEDIUM	商用化版本沿用末期五门SUV外廓。	READY
143071	143071	MPV	Caravan III	NS		EU-DODGE-CARAVAN-III-NS-MPV-SWB-01	MEDIUM	NS短轴MPV外廓。	READY
143072	143072	MPV	Caravan III	NS		EU-DODGE-CARAVAN-III-NS-MPV-SWB-01	MEDIUM	NS短轴MPV外廓。	READY
143073	143073	MPV	Journey I (JC)	JC	5	EU-DODGE-JOURNEY-I-JC-MPV-PREFL-01	HIGH	改款前外廓。	READY
143074_prefl	143074	MPV	Journey I (JC)	JC	5	EU-DODGE-JOURNEY-I-JC-MPV-PREFL-01	MEDIUM	Ktype生产区间跨2011改款；本行为改款前外廓。	READY
143074_facelift	143074	MPV	Journey I (JC) facelift	JC	5	EU-DODGE-JOURNEY-I-JC-MPV-FACELIFT-01	MEDIUM	Ktype生产区间跨2011改款；本行为改款后外廓。	READY
143075	143075	MPV	Journey I (JC)	JC	5	EU-DODGE-JOURNEY-I-JC-MPV-PREFL-01	HIGH	改款前外廓。	READY
143076	143076	MPV	Journey I (JC) facelift	JC	5	EU-DODGE-JOURNEY-I-JC-MPV-FACELIFT-01	MEDIUM	2011改款后的3.6 AWD车身分支。	READY
143078	143078	SUV	Nitro (KA)	KA	5	EU-DODGE-NITRO-KA-SUV-STANDARD-01	HIGH	欧洲市场外廓。	READY
143079	143079	SUV	Nitro (KA)	KA	5	EU-DODGE-NITRO-KA-SUV-STANDARD-01	HIGH	欧洲市场外廓。	READY
143080	143080	MPV	Multipla I (186)	186	5	EU-FIAT-MULTIPLA-I-186-MPV-PREFL-01	HIGH	2004改款前外廓。	READY
143081	143081	MPV	Multipla I (186)	186	5	EU-FIAT-MULTIPLA-I-186-MPV-FACELIFT-01	HIGH	2004改款后外廓。	READY
143082_prefl	143082	MPV	Multipla I (186)	186	5	EU-FIAT-MULTIPLA-I-186-MPV-PREFL-01	MEDIUM	Ktype生产区间跨2004改款；本行为改款前外廓。	READY
143082_facelift	143082	MPV	Multipla I (186)	186	5	EU-FIAT-MULTIPLA-I-186-MPV-FACELIFT-01	MEDIUM	Ktype生产区间跨2004改款；本行为改款后外廓。	READY
143083_prefl	143083	MPV	Multipla I (186)	186	5	EU-FIAT-MULTIPLA-I-186-MPV-PREFL-01	MEDIUM	Ktype生产区间跨2004改款；本行为改款前外廓。	READY
143083_facelift	143083	MPV	Multipla I (186)	186	5	EU-FIAT-MULTIPLA-I-186-MPV-FACELIFT-01	MEDIUM	Ktype生产区间跨2004改款；本行为改款后外廓。	READY
143084_prefl	143084	MPV	Multipla I (186)	186	5	EU-FIAT-MULTIPLA-I-186-MPV-PREFL-01	MEDIUM	Ktype生产区间跨2004改款；本行为改款前外廓。	READY
143084_facelift	143084	MPV	Multipla I (186)	186	5	EU-FIAT-MULTIPLA-I-186-MPV-FACELIFT-01	MEDIUM	Ktype生产区间跨2004改款；本行为改款后外廓。	READY
143085	143085	MPV	S-Max I (WA6) facelift	WA6	5	EU-FORD-S-MAX-I-WA6-MPV-FACELIFT-01	HIGH	2010改款后外廓。	READY
143086	143086	MPV	S-Max I (WA6) facelift	WA6	5	EU-FORD-S-MAX-I-WA6-MPV-FACELIFT-01	HIGH	2010改款后外廓。	READY
143087	143087	MPV	S-Max I (WA6) facelift	WA6	5	EU-FORD-S-MAX-I-WA6-MPV-FACELIFT-01	HIGH	2010改款后外廓。	READY
143088	143088	MPV	S-Max I (WA6) facelift	WA6	5	EU-FORD-S-MAX-I-WA6-MPV-FACELIFT-01	HIGH	2010改款后外廓。	READY
143089_prefl	143089	MPV	S-Max I (WA6)	WA6	5	EU-FORD-S-MAX-I-WA6-MPV-PREFL-01	MEDIUM	Ktype生产区间跨2010改款；本行为改款前外廓。	READY
143089_facelift	143089	MPV	S-Max I (WA6) facelift	WA6	5	EU-FORD-S-MAX-I-WA6-MPV-FACELIFT-01	MEDIUM	Ktype生产区间跨2010改款；本行为改款后外廓。	READY
143090	143090	MPV	S-Max I (WA6) facelift	WA6	5	EU-FORD-S-MAX-I-WA6-MPV-FACELIFT-01	HIGH	2010改款后外廓。	READY
143091	143091	MPV	S-Max I (WA6) facelift	WA6	5	EU-FORD-S-MAX-I-WA6-MPV-FACELIFT-01	HIGH	2010改款后外廓。	READY
143095	143095	Convertible	A4 B7 Cabriolet	8H	2	EU-AUDI-A4-B7-8H-CONVERTIBLE-01	HIGH		READY
143097	143097	Convertible	A4 B7 Cabriolet	8HE	2	EU-AUDI-A4-B7-8H-CONVERTIBLE-01	HIGH	S4 Cabriolet与同代A4 Cabriolet共用外廓尺寸组。	READY
143099_standard	143099	SUV	Cherokee V (KL) pre-facelift	KL	5	EU-JEEP-CHEROKEE-V-KL-SUV-STANDARD-01	MEDIUM	标准4×4外廓分支。	READY
143099_trailhawk	143099	SUV	Cherokee V (KL) pre-facelift	KL	5	EU-JEEP-CHEROKEE-V-KL-SUV-TRAILHAWK-01	MEDIUM	Trailhawk外廓分支。	READY
143100	143100	SUV	Cherokee V (KL) pre-facelift	KL	5	EU-JEEP-CHEROKEE-V-KL-SUV-STANDARD-01	HIGH	前驱标准车身分支。	READY
143101	143101	SUV	Cherokee V (KL) pre-facelift	KL	5	EU-JEEP-CHEROKEE-V-KL-SUV-STANDARD-01	MEDIUM	185 PS标准车身分支。	READY
143102_standard	143102	SUV	Cherokee V (KL) pre-facelift	KL	5	EU-JEEP-CHEROKEE-V-KL-SUV-STANDARD-01	MEDIUM	标准4×4外廓分支。	READY
143102_trailhawk	143102	SUV	Cherokee V (KL) pre-facelift	KL	5	EU-JEEP-CHEROKEE-V-KL-SUV-TRAILHAWK-01	MEDIUM	Trailhawk外廓分支。	READY
143107	143107	SUV	Commander I (XK)	XK	5	EU-JEEP-COMMANDER-I-XK-SUV-01	HIGH		READY
143108	143108	SUV	Commander I (XK)	XK	5	EU-JEEP-COMMANDER-I-XK-SUV-01	HIGH		READY
143109_prefl	143109	Coupe	RX-4 Phase I		2	EU-MAZDA-RX-4-PHASE-I-COUPE-01	MEDIUM	Ktype生产区间跨1975年外观变更；本行为Phase I两门Hardtop外廓。	READY
143109_facelift	143109	Coupe	RX-4 Phase II		2	EU-MAZDA-RX-4-PHASE-II-COUPE-01	MEDIUM	Ktype生产区间跨1975年外观变更；本行为Phase II两门Hardtop外廓。	READY
143110	143110	SUV	Grand Cherokee IV (WK2) facelift	WK2	5	EU-JEEP-GRAND-CHEROKEE-IV-WK2-SUV-FACELIFT-01	HIGH		READY
143111	143111	SUV	Grand Cherokee IV (WK2) facelift	WK2	5	EU-JEEP-GRAND-CHEROKEE-IV-WK2-SUV-FACELIFT-01	HIGH		READY
143113	143113	SUV	Grand Cherokee IV (WK2) facelift	WK2	5	EU-JEEP-GRAND-CHEROKEE-IV-WK2-SUV-FACELIFT-01	HIGH		READY
143114	143114	SUV	Grand Cherokee IV (WK2) facelift	WK2	5	EU-JEEP-GRAND-CHEROKEE-IV-WK2-SUV-FACELIFT-01	HIGH		READY
143117	143117	SUV	Renegade I (BU)	BU	5	EU-JEEP-RENEGADE-I-BU-SUV-FWD-01	HIGH	前驱外廓。	READY
143118	143118	SUV	Renegade I (BU)	BU	5	EU-JEEP-RENEGADE-I-BU-SUV-4X4-01	HIGH	四驱车高分支。	READY
143119	143119	SUV	Renegade I (BU)	BU	5	EU-JEEP-RENEGADE-I-BU-SUV-FWD-01	HIGH	前驱外廓。	READY
143131	143131	SUV	Sportage I (K00)	K00	5	EU-KIA-SPORTAGE-I-K00-SUV-EARLY-01	HIGH	早期五门标准车身。	READY
143132	143132	SUV	Sportage I (K00)	K00	5	EU-KIA-SPORTAGE-I-K00-SUV-TD-WAGON-01	HIGH	TD Wagon长车身外廓。	READY
143133	143133	SUV	Sportage II facelift	KM	5	EU-KIA-SPORTAGE-II-KM-SUV-FACELIFT-01	HIGH		READY
143134	143134	SUV	Sportage II facelift	KM	5	EU-KIA-SPORTAGE-II-KM-SUV-FACELIFT-01	HIGH		READY
143135	143135	SUV	Qashqai I facelift	J10	5	EU-NISSAN-QASHQAI-I-J10-SUV-FACELIFT-01	MEDIUM	五门J10标准外廓。	READY
143136	143136	SUV	Qashqai I facelift	J10	5	EU-NISSAN-QASHQAI-I-J10-SUV-FACELIFT-01	MEDIUM	五门J10标准外廓。	READY
143137	143137	SUV	Qashqai I facelift	J10	5	EU-NISSAN-QASHQAI-I-J10-SUV-FACELIFT-01	MEDIUM	五门J10标准外廓。	READY
143138	143138	SUV	Qashqai I facelift	J10	5	EU-NISSAN-QASHQAI-I-J10-SUV-FACELIFT-01	MEDIUM	五门J10标准外廓。	READY
143139	143139	SUV	Qashqai I facelift	J10	5	EU-NISSAN-QASHQAI-I-J10-SUV-FACELIFT-01	MEDIUM	五门J10标准外廓。	READY
143140	143140	SUV	Qashqai I facelift	J10	5	EU-NISSAN-QASHQAI-I-J10-SUV-FACELIFT-01	MEDIUM	五门J10标准外廓。	READY
143141	143141	SUV	Qashqai I facelift	J10	5	EU-NISSAN-QASHQAI-I-J10-SUV-FACELIFT-01	MEDIUM	五门J10标准外廓。	READY
143152	143152	SUV	Q5 II (FY) facelift	FY	5	EU-AUDI-Q5-II-FY-SUV-02	HIGH	2020改款后标准Q5外廓。	READY
143155	143155	SUV	Q5 II (FY) facelift	FY	5	EU-AUDI-Q5-II-FY-SUV-02	HIGH	2020改款后标准Q5外廓。	READY
143156_prefl	143156	MPV	Meriva B		5	EU-OPEL-MERIVA-B-MPV-PREFL-01	MEDIUM	Ktype生产区间跨2014改款；本行为改款前外廓。	READY
143156_facelift	143156	MPV	Meriva B facelift		5	EU-OPEL-MERIVA-B-MPV-FACELIFT-01	MEDIUM	Ktype生产区间跨2014改款；本行为改款后外廓。	READY
143157_prefl	143157	MPV	Meriva B		5	EU-OPEL-MERIVA-B-MPV-PREFL-01	MEDIUM	Ktype生产区间跨2014改款；本行为改款前外廓。	READY
143157_facelift	143157	MPV	Meriva B facelift		5	EU-OPEL-MERIVA-B-MPV-FACELIFT-01	MEDIUM	Ktype生产区间跨2014改款；本行为改款后外廓。	READY
143158	143158	MPV	Meriva B facelift		5	EU-OPEL-MERIVA-B-MPV-FACELIFT-01	HIGH		READY
143159	143159	MPV	Meriva B facelift		5	EU-OPEL-MERIVA-B-MPV-FACELIFT-01	HIGH		READY
143160_prefl	143160	MPV	Meriva B		5	EU-OPEL-MERIVA-B-MPV-PREFL-01	MEDIUM	Ktype生产区间跨2014改款；本行为改款前外廓。	READY
143160_facelift	143160	MPV	Meriva B facelift		5	EU-OPEL-MERIVA-B-MPV-FACELIFT-01	MEDIUM	Ktype生产区间跨2014改款；本行为改款后外廓。	READY
143161	143161	MPV	Meriva B		5	EU-OPEL-MERIVA-B-MPV-PREFL-01	HIGH		READY
143162	143162	MPV	Meriva B		5	EU-OPEL-MERIVA-B-MPV-PREFL-01	HIGH		READY
143163	143163	SUV	Q5 II (FY) facelift	FY	5	EU-AUDI-Q5-II-FY-SUV-02	HIGH	2020改款后标准Q5外廓。	READY
143165	143165	MPV	Zafira C (P12)	P12	5	EU-OPEL-ZAFIRA-C-P12-MPV-01	HIGH		READY
143166	143166	MPV	Zafira C (P12)	P12	5	EU-OPEL-ZAFIRA-C-P12-MPV-01	HIGH		READY
143167	143167	MPV	Zafira C (P12)	P12	5	EU-OPEL-ZAFIRA-C-P12-MPV-01	HIGH		READY
143168	143168	MPV	Scénic I Phase II		5	EU-RENAULT-SCENIC-I-MPV-PHASE-II-01	HIGH		READY
143169	143169	MPV	Scénic I Phase II		5	EU-RENAULT-SCENIC-I-MPV-PHASE-II-01	HIGH		READY
143170	143170	MPV	Scénic III Phase II/III		5	EU-RENAULT-SCENIC-III-MPV-PHASE-II-III-01	HIGH		READY
143171	143171	MPV	Scénic III Phase II/III		5	EU-RENAULT-SCENIC-III-MPV-PHASE-II-III-01	HIGH		READY
143172	143172	MPV	Scénic III Phase II/III		5	EU-RENAULT-SCENIC-III-MPV-PHASE-II-III-01	HIGH		READY
143173_prefl	143173	MPV	Scénic III Phase I		5	EU-RENAULT-SCENIC-III-MPV-PHASE-I-01	MEDIUM	Ktype生产区间覆盖Phase I；本行为早期外廓。	READY
143173_facelift	143173	MPV	Scénic III Phase II/III		5	EU-RENAULT-SCENIC-III-MPV-PHASE-II-III-01	MEDIUM	Ktype生产区间覆盖Phase II/III；本行为后期外廓。	READY
143175	143175	MPV	Scénic III Phase II/III		5	EU-RENAULT-SCENIC-III-MPV-PHASE-II-III-01	HIGH		READY
143176	143176	MPV	Scénic III Phase II/III		5	EU-RENAULT-SCENIC-III-MPV-PHASE-II-III-01	MEDIUM		READY
143177	143177	Hatchback	Prius III (XW30)	ZVW30	5	EU-TOYOTA-PRIUS-III-XW30-HATCHBACK-01	HIGH		READY
143178_prefl	143178	SUV	C-HR I (AX10)	AX10	5	EU-TOYOTA-C-HR-I-SUV-02	MEDIUM	Ktype生产区间覆盖改款前1.8 Hybrid外廓。	READY
143178_facelift	143178	SUV	C-HR I (AX10) facelift	AX10	5	EU-TOYOTA-C-HR-I-SUV-03	MEDIUM	Ktype生产区间覆盖2020改款后1.8 Hybrid外廓。	READY
143179	143179	MPV	Mégane Scénic I Phase I		5	EU-RENAULT-MEGANE-SCENIC-I-MPV-PHASE-I-01	HIGH		READY
143180	143180	MPV	Mégane Scénic I Phase I		5	EU-RENAULT-MEGANE-SCENIC-I-MPV-PHASE-I-01	HIGH		READY
143181	143181	MPV	Espace II (J63)	J63	5	EU-RENAULT-ESPACE-II-J63-MPV-01	HIGH		READY
143182	143182	MPV	Espace II (J63)	J63	5	EU-RENAULT-ESPACE-II-J63-MPV-01	HIGH		READY
143183	143183	SUV	Murano II (Z51) facelift	Z51	5	EU-NISSAN-MURANO-II-Z51-SUV-FACELIFT-01	HIGH		READY
143184	143184	SUV	Murano II (Z51) facelift	Z51	5	EU-NISSAN-MURANO-II-Z51-SUV-FACELIFT-01	HIGH		READY
143186	143186	SUV	Pathfinder III (R51) facelift	R51	5	EU-NISSAN-PATHFINDER-III-R51-SUV-FACELIFT-2.5DCI-01	HIGH	2.5 dCi认证车高分支。	READY
143187	143187	SUV	Pathfinder III (R51) facelift	R51	5	EU-NISSAN-PATHFINDER-III-R51-SUV-FACELIFT-3.0DCI-01	HIGH	3.0 dCi认证车高分支。	READY
143190	143190	MPV	Serena (C23M)	C23M	4	EU-NISSAN-SERENA-C23M-MPV-PETROL-01	HIGH	1.6汽油车身外廓。	READY
143191	143191	MPV	Serena (C23M)	C23M	4	EU-NISSAN-SERENA-C23M-MPV-PETROL-01	MEDIUM	同代1.6汽油车身外廓。	READY
143192	143192	MPV	Serena (C23M)	C23M	4	EU-NISSAN-SERENA-C23M-MPV-DIESEL-01	MEDIUM	同代柴油车身外廓。	READY
143193	143193	MPV	Serena (C23M)	C23M	4	EU-NISSAN-SERENA-C23M-MPV-DIESEL-01	HIGH	2.3柴油车身外廓。	READY
143197	143197	Hatchback	Zoe I (X10)	X10	5	EU-RENAULT-ZOE-I-X10-HATCHBACK-5D-PREFL-01	HIGH	2019改款前外廓。	READY
143198	143198	Hatchback	Zoe I (X10)	X10	5	EU-RENAULT-ZOE-I-X10-HATCHBACK-5D-PREFL-01	HIGH	2019改款前外廓。	READY
143199_prefl	143199	Hatchback	Zoe I (X10)	X10	5	EU-RENAULT-ZOE-I-X10-HATCHBACK-5D-PREFL-01	MEDIUM	80 kW版本跨2019外观改款；本行为改款前外廓。	READY
143199_facelift	143199	Hatchback	Zoe I (X10) facelift	X10	5	EU-RENAULT-ZOE-I-X10-HATCHBACK-5D-FACELIFT-01	MEDIUM	80 kW版本跨2019外观改款；本行为改款后外廓。	READY
143200	143200	Hatchback	Zoe I (X10) facelift	X10	5	EU-RENAULT-ZOE-I-X10-HATCHBACK-5D-FACELIFT-01	HIGH	100 kW R135改款后外廓。	READY
143202	143202	MPV	Space Wagon I (D00)	D05V	5	EU-MITSUBISHI-SPACE-WAGON-I-D00-MPV-FWD-01	HIGH		READY
143203	143203	MPV	Space Wagon I (D00)	D09W	5	EU-MITSUBISHI-SPACE-WAGON-I-D00-MPV-FWD-01	MEDIUM	D09W柴油版本与同代前驱车身共用外廓。	READY
143204	143204	SUV	Sorento I (BL)	BL	5	EU-KIA-SORENTO-I-BL-SUV-PREFL-01	HIGH		READY
143205	143205	Wagon	XC70 II facelift	P24	5	EU-VOLVO-XC70-II-P24-WAGON-FACELIFT-01	HIGH		READY
143206	143206	Wagon	XC70 II facelift	P24	5	EU-VOLVO-XC70-II-P24-WAGON-FACELIFT-01	HIGH		READY
143207	143207	Wagon	XC70 II facelift	P24	5	EU-VOLVO-XC70-II-P24-WAGON-FACELIFT-01	HIGH		READY
143208	143208	MPV	Voyager III (GS)	GS	5	EU-CHRYSLER-VOYAGER-III-GS-MPV-01	HIGH		READY
143209	143209	MPV	Voyager III (GS)	GS	5	EU-CHRYSLER-VOYAGER-III-GS-MPV-01	HIGH		READY
143210	143210	MPV	Voyager III (GS)	GS	5	EU-CHRYSLER-VOYAGER-III-GS-MPV-01	HIGH		READY
143211	143211	MPV	Voyager III (GS)	GS	5	EU-CHRYSLER-VOYAGER-III-GS-MPV-01	HIGH		READY
143212	143212	MPV	Voyager III (GS)	GS	5	EU-CHRYSLER-VOYAGER-III-GS-MPV-01	HIGH		READY
143213	143213	MPV	Trans Sport I (GMT199)	GMT199	4	EU-PONTIAC-TRANS-SPORT-I-GMT199-MPV-EU-01	HIGH	欧洲规格车身外廓。	READY
143214	143214	MPV	Trans Sport I (GMT199)	GMT199	4	EU-PONTIAC-TRANS-SPORT-I-GMT199-MPV-EU-01	MEDIUM	欧洲规格3.1车身外廓。	READY
143215	143215	MPV	Trans Sport I (GMT199)	GMT199	4	EU-PONTIAC-TRANS-SPORT-I-GMT199-MPV-EU-01	MEDIUM	欧洲规格3.1车身外廓。	READY
143216	143216	MPV	Trans Sport I (GMT199)	GMT199	4	EU-PONTIAC-TRANS-SPORT-I-GMT199-MPV-EU-01	HIGH	欧洲规格车身外廓。	READY
143217	143217	MPV	Trans Sport I (GMT199)	GMT199	4	EU-PONTIAC-TRANS-SPORT-I-GMT199-MPV-EU-01	HIGH	欧洲规格车身外廓。	READY
143218	143218	MPV	Trans Sport I	GMT199	4	EU-PONTIAC-TRANS-SPORT-I-MPV-01	HIGH		READY
143238	143238	MPV	Windstar I	WIN88	4	EU-FORD-USA-WINDSTAR-I-MPV-01	HIGH		READY
143239	143239	Wagon	Swace I		5	EU-SUZUKI-SWACE-I-WAGON-01	HIGH		READY
143242_prefl	143242	Wagon	3 Series E91	E91	5	EU-BMW-3-E91-WAGON-PREFL-01	HIGH	改款前物理外廓。	READY
143242_facelift	143242	Wagon	3 Series E91	E91	5	EU-BMW-3-E91-WAGON-FACELIFT-01	HIGH	改款后物理外廓。	READY
143244	143244	MPV	Fiorino 147	147		EU-FIAT-FIORINO-147-MPV-01	HIGH		READY
143245	143245	MPV	Fiorino 147	147		EU-FIAT-FIORINO-147-MPV-01	HIGH		READY
143246	143246	MPV	Voyager IV	RG	5	EU-CHRYSLER-VOYAGER-IV-RG-MPV-SWB-01	HIGH		READY
143247	143247	MPV	Voyager IV	RG	5	EU-CHRYSLER-VOYAGER-IV-RG-MPV-SWB-01	HIGH		READY
143248	143248	MPV	Voyager IV	RG	5	EU-CHRYSLER-VOYAGER-IV-RG-MPV-SWB-01	HIGH		READY
143251	143251	Hatchback	DS 3 Crossback I		5	EU-DS-DS3-CROSSBACK-I-HATCHBACK-01	HIGH		READY
143253	143253	SUV	Tiguan II Facelift	AD1	5	EU-VW-TIGUAN-II-AD1-SUV-FACELIFT-4MOTION-01	HIGH		READY
143254	143254	SUV	2008 II	P24	5	EU-PEUGEOT-2008-II-P24-SUV-01	HIGH		READY
143255	143255	SUV	Touareg III	CR	5	EU-VW-TOUAREG-III-CR-SUV-PREFL-01	HIGH		READY
143256	143256	SUV	Touareg III	CR	5	EU-VW-TOUAREG-III-CR-SUV-PREFL-01	HIGH	R eHybrid与同代标准轴距外廓一致。	READY
143258	143258	SUV	Tiguan II Facelift	AD1	5	EU-VW-TIGUAN-II-AD1-SUV-FACELIFT-FWD-01	HIGH		READY
143259	143259	SUV	Eclipse Cross I Facelift		5	EU-MITSUBISHI-ECLIPSE-CROSS-I-FACELIFT-SUV-01	HIGH		READY
143260_van_swb	143260	Van	Caddy V	SB		EU-VW-CADDY-V-VAN-SWB-01	MEDIUM	标准轴距厢式外廓。	READY
143260_mpv_swb	143260	MPV	Caddy V	SB	5	EU-VW-CADDY-V-MPV-SWB-01	MEDIUM	标准轴距乘用外廓。	READY
143260_van_lwb	143260	Van	Caddy V	SB		EU-VW-CADDY-V-VAN-LWB-01	MEDIUM	Maxi长轴厢式外廓。	READY
143260_mpv_lwb	143260	MPV	Caddy V	SB	5	EU-VW-CADDY-V-MPV-LWB-01	MEDIUM	Maxi长轴乘用外廓。	READY
143261	143261	Sedan	Tipo II	356	4	EU-FIAT-TIPO-356-SEDAN-01	HIGH	356四门轿车外廓。	READY
143264_swb	143264	MPV	Caddy V	SB	5	EU-VW-CADDY-V-MPV-SWB-01	HIGH	标准轴距乘用外廓。	READY
143264_lwb	143264	MPV	Caddy V	SB	5	EU-VW-CADDY-V-MPV-LWB-01	HIGH	Maxi长轴乘用外廓。	READY
143265	143265	Sedan	A3 8Y	8Y	4	EU-AUDI-A3-8Y-SEDAN-01	HIGH		READY
143266	143266	Hatchback	A3 8Y	8Y	5	EU-AUDI-A3-8Y-SPORTBACK-5D-01	HIGH		READY
143268	143268	Wagon	Golf VIII Variant		5	EU-VW-GOLF-VIII-VARIANT-WAGON-01	HIGH		READY
143269	143269	Wagon	Golf VIII Variant		5	EU-VW-GOLF-VIII-VARIANT-WAGON-01	HIGH		READY
143270	143270	Van	Fiesta VII		3	EU-FORD-FIESTA-VII-HATCHBACK-3D-01	MEDIUM	三门厢式衍生车，复用相同三门外廓。	READY
143274_long	143274	MPV	V-Class W447 Facelift	W447	5	EU-MERCEDES-BENZ-V-CLASS-W447-MPV-LONG-01	HIGH	长轴乘用外廓。	READY
143274_extralong	143274	MPV	V-Class W447 Facelift	W447	5	EU-MERCEDES-BENZ-V-CLASS-W447-MPV-EXTRALONG-01	HIGH	超长轴乘用外廓。	READY
143279_long	143279	MPV	V-Class W447 Facelift	W447	5	EU-MERCEDES-BENZ-V-CLASS-W447-MPV-LONG-01	HIGH	长轴四驱乘用外廓。	READY
143279_extralong	143279	MPV	V-Class W447 Facelift	W447	5	EU-MERCEDES-BENZ-V-CLASS-W447-MPV-EXTRALONG-01	HIGH	超长轴四驱乘用外廓。	READY
143280	143280	MPV	Marco Polo W447 Facelift	W447	4	EU-MERCEDES-BENZ-MARCO-POLO-W447-CAMPER-LONG-01	MEDIUM	长轴升顶露营车外廓。	READY
143281	143281	MPV	Marco Polo W447 Facelift	W447	4	EU-MERCEDES-BENZ-MARCO-POLO-W447-CAMPER-LONG-01	MEDIUM	长轴四驱升顶露营车外廓。	READY
143282_l1	143282	MPV	Vito W447 Facelift	W447		EU-MERCEDES-BENZ-VITO-W447-BODY-L1-01	MEDIUM	L1短轴乘用外廓。	READY
143282_l2	143282	MPV	Vito W447 Facelift	W447		EU-MERCEDES-BENZ-VITO-W447-BODY-L2-01	MEDIUM	L2长轴乘用外廓。	READY
143282_l3	143282	MPV	Vito W447 Facelift	W447		EU-MERCEDES-BENZ-VITO-W447-BODY-L3-01	MEDIUM	L3超长轴乘用外廓。	READY
143283_l1	143283	MPV	Vito W447 Facelift	W447		EU-MERCEDES-BENZ-VITO-W447-BODY-L1-01	MEDIUM	L1短轴四驱乘用外廓。	READY
143283_l2	143283	MPV	Vito W447 Facelift	W447		EU-MERCEDES-BENZ-VITO-W447-BODY-L2-01	MEDIUM	L2长轴四驱乘用外廓。	READY
143283_l3	143283	MPV	Vito W447 Facelift	W447		EU-MERCEDES-BENZ-VITO-W447-BODY-L3-01	MEDIUM	L3超长轴四驱乘用外廓。	READY
143284_l1	143284	Van	Vito W447 Facelift	W447		EU-MERCEDES-BENZ-VITO-W447-BODY-L1-01	MEDIUM	L1短轴Mixto外廓。	READY
143284_l2	143284	Van	Vito W447 Facelift	W447		EU-MERCEDES-BENZ-VITO-W447-BODY-L2-01	MEDIUM	L2长轴Mixto外廓。	READY
143284_l3	143284	Van	Vito W447 Facelift	W447		EU-MERCEDES-BENZ-VITO-W447-BODY-L3-01	MEDIUM	L3超长轴Mixto外廓。	READY
143285_l1	143285	Van	Vito W447 Facelift	W447		EU-MERCEDES-BENZ-VITO-W447-BODY-L1-01	MEDIUM	L1短轴四驱Mixto外廓。	READY
143285_l2	143285	Van	Vito W447 Facelift	W447		EU-MERCEDES-BENZ-VITO-W447-BODY-L2-01	MEDIUM	L2长轴四驱Mixto外廓。	READY
143285_l3	143285	Van	Vito W447 Facelift	W447		EU-MERCEDES-BENZ-VITO-W447-BODY-L3-01	MEDIUM	L3超长轴四驱Mixto外廓。	READY
143287	143287	Convertible	Sián Roadster		2	EU-LAMBORGHINI-SIAN-ROADSTER-CONVERTIBLE-01	HIGH	Roadster两门开放式外廓。	READY
143290	143290	Sedan	ET7 I		4	EU-NIO-ET7-I-SEDAN-01	HIGH		READY
143294	143294	Wagon	Golf VIII Alltrack	CG5	5	EU-VW-GOLF-VIII-ALLTRACK-WAGON-01	HIGH	Alltrack抬高旅行车外廓。	READY
143296	143296	Convertible	D8 GTO		2	EU-DONKERVOORT-D8-GTO-CONVERTIBLE-01	HIGH	GTO-RS两门开放式外廓。	READY
143297	143297	Convertible	D8 GTO		2	EU-DONKERVOORT-D8-GTO-CONVERTIBLE-01	HIGH	GTO-JD70两门开放式外廓。	READY
143298	143298	SUV	Tang II Facelift		5	EU-BYD-TANG-II-FACELIFT-SUV-01	HIGH		READY
143303	143303	Sedan	S60 III		4	EU-VOLVO-S60-III-SEDAN-01	HIGH		READY
143304	143304	Sedan	S90 II		4	EU-VOLVO-S90-II-SEDAN-01	HIGH		READY
143314_medium	143314	MPV	Proace II	K0	5	EU-TOYOTA-PROACE-II-BODY-MEDIUM-01	MEDIUM	Medium电动乘用外廓。	READY
143314_long	143314	MPV	Proace II	K0	5	EU-TOYOTA-PROACE-II-MPV-LONG-01	MEDIUM	Long电动乘用外廓。	READY
143315_medium	143315	MPV	Proace Verso II	K0	5	EU-TOYOTA-PROACE-II-BODY-MEDIUM-01	HIGH	Medium电动乘用外廓。	READY
143315_long	143315	MPV	Proace Verso II	K0	5	EU-TOYOTA-PROACE-II-MPV-LONG-01	HIGH	Long电动乘用外廓。	READY
143317	143317	Wagon	Favorit Forman	785	5	EU-SKODA-FAVORIT-FORMAN-785-WAGON-01	HIGH	Forman及其厢式衍生车共用外廓。	READY
143318	143318	Wagon	Favorit Forman	785	5	EU-SKODA-FAVORIT-FORMAN-785-WAGON-01	MEDIUM	Forman及其厢式衍生车共用外廓。	READY
143332	143332	Hatchback	Ceed III	CD	5	EU-KIA-CEED-III-HATCHBACK-01	HIGH		READY
143333	143333	Wagon	Ceed III Sportswagon	CD	5	EU-KIA-CEED-III-WAGON-01	HIGH		READY
143334	143334	SUV	XCeed I	CD	5	EU-KIA-XCEED-I-SUV-01	HIGH		READY
143335	143335	Wagon	ProCeed III	CD	5	EU-KIA-PROCEED-III-WAGON-01	HIGH	五门shooting-brake外廓。	READY
143339	143339	SUV	HS I Facelift		5	EU-MG-HS-I-FACELIFT-SUV-01	HIGH		READY
143342	143342	Hatchback	Classic Mini		2	EU-AUSTIN-MINI-CLASSIC-HATCHBACK-01	MEDIUM	覆盖Mk II末期及后续经典Mini，外廓尺寸一致。	READY
143350	143350	Hatchback	ID.3 I Pre-facelift	E11	5	EU-VW-ID3-I-HATCHBACK-PREFL-01	HIGH	2020-2023改款前五门车身。	READY
143380	143380	Wagon	Tempra	159	5	EU-FIAT-TEMPRA-159-WAGON-01	MEDIUM	Tempra SW及Marengo厢式衍生车共用外廓。	READY
143381	143381	Wagon	Tempra	159	5	EU-FIAT-TEMPRA-159-WAGON-01	MEDIUM	Tempra SW及Marengo厢式衍生车共用外廓。	READY
143382	143382	Wagon	Tempra	159	5	EU-FIAT-TEMPRA-159-WAGON-01	MEDIUM	Tempra SW及Marengo厢式衍生车共用外廓。	READY
143384	143384	Sedan	S-Class V223	223.163	4	EU-MERCEDES-BENZ-S-CLASS-V223-SEDAN-01	HIGH		READY
143385	143385	Sedan	S-Class V223	223.161	4	EU-MERCEDES-BENZ-S-CLASS-V223-SEDAN-01	HIGH		READY
143386	143386	Hatchback	Ami I		2	EU-CITROEN-AMI-I-HATCHBACK-01	HIGH	双门轻型四轮车外廓。	READY
143387	143387	Sedan	S-Class V223	223.130	4	EU-MERCEDES-BENZ-S-CLASS-V223-SEDAN-01	HIGH		READY
143388	143388	Sedan	S-Class V223	223.131	4	EU-MERCEDES-BENZ-S-CLASS-V223-SEDAN-01	HIGH		READY
143389	143389	Sedan	S-Class V223	223.133	4	EU-MERCEDES-BENZ-S-CLASS-V223-SEDAN-01	HIGH		READY
143390	143390	Hatchback	C4 III Phase I	C41	5	EU-CITROEN-C4-III-C41-HATCHBACK-01	HIGH	按输入Schrägheck归一为Hatchback。	READY
143391_swb	143391	SUV	G-Class W463	W463	3	EU-MERCEDES-BENZ-G-CLASS-W463-SUV-SWB-01	HIGH	短轴三门封闭车身。	READY
143391_lwb	143391	SUV	G-Class W463	W463	5	EU-MERCEDES-BENZ-G-CLASS-W463-SUV-LWB-01	HIGH	长轴五门封闭车身。	READY
143392	143392	Convertible	G-Class W463	W463	2	EU-MERCEDES-BENZ-G-CLASS-W463-CONVERTIBLE-SWB-01	HIGH	短轴双门开放式车身。	READY
143399	143399	SUV	Model X I		5	EU-TESLA-MODEL-X-I-SUV-01	HIGH		READY
143400	143400	SUV	Model X I		5	EU-TESLA-MODEL-X-I-SUV-01	HIGH		READY
143402	143402	Sedan	S60 III		4	EU-VOLVO-S60-III-SEDAN-01	HIGH		READY
143409	143409	Convertible	R8 I 42 Facelift		2	EU-AUDI-R8-I-42-SPYDER-FACELIFT-01	HIGH		READY
143416	143416	Sedan	M5 F90 CS	F90	4	EU-BMW-5-F90-M5-CS-SEDAN-01	HIGH		READY
143418	143418	Hatchback	Fiesta VII Active		5	EU-FORD-FIESTA-VII-ACTIVE-HATCHBACK-01	HIGH	Active五门抬高车身。	READY
143419	143419	Hatchback	Fiesta VII Active		5	EU-FORD-FIESTA-VII-ACTIVE-HATCHBACK-01	HIGH	Active五门抬高车身。	READY
143421	143421	Hatchback	Focus IV Active		5	EU-FORD-FOCUS-IV-ACTIVE-HATCHBACK-01	HIGH	Active五门抬高车身。	READY
143425	143425	Hatchback	Octavia IV	NX	5	EU-SKODA-OCTAVIA-IV-HATCHBACK-PREFL-01	HIGH		READY
143426	143426	Wagon	Octavia IV Combi	NX	5	EU-SKODA-OCTAVIA-IV-WAGON-PREFL-01	HIGH		READY
143428	143428	Convertible	R8 I 42 Facelift		2	EU-AUDI-R8-I-42-SPYDER-FACELIFT-01	HIGH		READY
143429	143429	Sedan	S60 II Facelift	134	4	EU-VOLVO-S60-II-FACELIFT-POLESTAR-SEDAN-01	HIGH		READY
143433	143433	Wagon	V90 II		5	EU-VOLVO-V90-II-WAGON-01	HIGH		READY
143447_l2h1_47kwh_n1	143447	Van	E-Ducato X290	X290		EU-FIAT-E-DUCATO-X290-VAN-L2H1-47KWH-N1-01	HIGH	L2H1 47 kWh N1厢式外廓。	READY
143447_l2h2_47kwh_n1	143447	Van	E-Ducato X290	X290		EU-FIAT-E-DUCATO-X290-VAN-L2H2-47KWH-N1-01	HIGH	L2H2 47 kWh N1厢式外廓。	READY
143447_l2h2_79kwh	143447	Van	E-Ducato X290	X290		EU-FIAT-E-DUCATO-X290-VAN-L2H2-79KWH-01	HIGH	L2H2 79 kWh厢式外廓。	READY
143447_l2h2_47kwh_n2	143447	Van	E-Ducato X290	X290		EU-FIAT-E-DUCATO-X290-VAN-L2H2-47KWH-N2-01	HIGH	L2H2 47 kWh N2厢式外廓。	READY
143447_l3h2_47kwh_n1	143447	Van	E-Ducato X290	X290		EU-FIAT-E-DUCATO-X290-VAN-L3H2-47KWH-N1-01	HIGH	L3H2 47 kWh N1厢式外廓。	READY
143447_l3h2_79kwh	143447	Van	E-Ducato X290	X290		EU-FIAT-E-DUCATO-X290-VAN-L3H2-79KWH-01	HIGH	L3H2 79 kWh厢式外廓。	READY
143447_l3h2_47kwh_n2	143447	Van	E-Ducato X290	X290		EU-FIAT-E-DUCATO-X290-VAN-L3H2-47KWH-N2-01	HIGH	L3H2 47 kWh N2厢式外廓。	READY
143447_l3h3_47kwh_n1	143447	Van	E-Ducato X290	X290		EU-FIAT-E-DUCATO-X290-VAN-L3H3-47KWH-N1-01	HIGH	L3H3 47 kWh N1厢式外廓。	READY
143447_l3h3_79kwh	143447	Van	E-Ducato X290	X290		EU-FIAT-E-DUCATO-X290-VAN-L3H3-79KWH-01	HIGH	L3H3 79 kWh厢式外廓。	READY
143447_l3h3_47kwh_n2	143447	Van	E-Ducato X290	X290		EU-FIAT-E-DUCATO-X290-VAN-L3H3-47KWH-N2-01	HIGH	L3H3 47 kWh N2厢式外廓。	READY
143447_l4h2_47kwh_n1	143447	Van	E-Ducato X290	X290		EU-FIAT-E-DUCATO-X290-VAN-L4H2-47KWH-N1-01	HIGH	L4H2 47 kWh N1厢式外廓。	READY
143447_l4h2_79kwh	143447	Van	E-Ducato X290	X290		EU-FIAT-E-DUCATO-X290-VAN-L4H2-79KWH-01	HIGH	L4H2 79 kWh厢式外廓。	READY
143447_l4h2_47kwh_n2	143447	Van	E-Ducato X290	X290		EU-FIAT-E-DUCATO-X290-VAN-L4H2-47KWH-N2-01	HIGH	L4H2 47 kWh N2厢式外廓。	READY
143447_l4h3_47kwh_n1	143447	Van	E-Ducato X290	X290		EU-FIAT-E-DUCATO-X290-VAN-L4H3-47KWH-N1-01	HIGH	L4H3 47 kWh N1厢式外廓。	READY
143447_l4h3_79kwh	143447	Van	E-Ducato X290	X290		EU-FIAT-E-DUCATO-X290-VAN-L4H3-79KWH-01	HIGH	L4H3 79 kWh厢式外廓。	READY
143447_l4h3_47kwh_n2	143447	Van	E-Ducato X290	X290		EU-FIAT-E-DUCATO-X290-VAN-L4H3-47KWH-N2-01	HIGH	L4H3 47 kWh N2厢式外廓。	READY
143449	143449	SUV	Kuga II Facelift		5	EU-FORD-KUGA-II-SUV-FACELIFT-01	HIGH		READY
143450	143450	SUV	XC60 II		5	EU-VOLVO-XC60-II-SUV-01	MEDIUM	Polestar Engineered未形成已确认的独立外廓分支。	READY
143451	143451	Coupe	2 Series G42	G42	2	EU-BMW-2-G42-COUPE-01	MEDIUM	输入220i xDrive动力标签与欧洲常见配置不一致；物理车身按G42 Coupe闭合。	READY
143452	143452	SUV	XC40 I		5	EU-VOLVO-XC40-I-SUV-01	HIGH		READY
143457	143457	Wagon	3 Series G21 Pre-facelift	G21	5	EU-BMW-3-G21-WAGON-PREFL-PHEV-XDRIVE-01	HIGH		READY
143459	143459	Wagon	5 Series G31 Facelift	G31	5	EU-BMW-5-G31-WAGON-FACELIFT-01	HIGH	G31改款后五门旅行车。	READY
143463	143463	Hatchback	Model S I Facelift 2016		5	EU-TESLA-MODEL-S-FACELIFT-2016-HATCHBACK-01	HIGH		READY
143472	143472	Wagon	A6 allroad C8		5	EU-AUDI-A6-C8-ALLROAD-WAGON-01	HIGH	Allroad抬高旅行车外廓。	READY
143474	143474	Sedan	Model 3 I Facelift 2020		4	EU-TESLA-MODEL-3-I-SEDAN-FACELIFT-2020-01	HIGH	2020改款后四门外廓。	READY
143475	143475	Sedan	Model 3 I Pre-facelift		4	EU-TESLA-MODEL-3-I-SEDAN-PREFL-01	HIGH	改款前四门外廓。	READY
143476	143476	Sedan	Model 3 I Pre-facelift		4	EU-TESLA-MODEL-3-I-SEDAN-PREFL-01	HIGH	改款前四门外廓。	READY
143477	143477	Sedan	Model 3 I Pre-facelift		4	EU-TESLA-MODEL-3-I-SEDAN-PREFL-01	HIGH	改款前四门外廓。	READY
143478	143478	Sedan	Model 3 I Pre-facelift		4	EU-TESLA-MODEL-3-I-SEDAN-PREFL-01	HIGH	改款前四门外廓。	READY
143479	143479	Sedan	Model 3 I Pre-facelift		4	EU-TESLA-MODEL-3-I-SEDAN-PREFL-01	HIGH	改款前四门外廓。	READY
143480	143480	Sedan	Model 3 I Pre-facelift		4	EU-TESLA-MODEL-3-I-SEDAN-PREFL-01	HIGH	改款前四门外廓。	READY
143481	143481	SUV	T-Roc I	A11	5	EU-VW-T-ROC-I-A11-SUV-01	HIGH		READY
143485	143485	SUV	EQA I	H243	5	EU-MERCEDES-BENZ-EQA-I-H243-SUV-01	HIGH		READY
143488	143488	Hatchback	Megane IV Phase II		5	EU-RENAULT-MEGANE-IV-HATCHBACK-01	HIGH	Phase II五门掀背车。	READY
143490	143490	Convertible	TTS 8S Facelift	8S	2	EU-AUDI-TT-8S-FACELIFT-TTS-ROADSTER-01	HIGH		READY
143491	143491	Wagon	E-Class S213 Facelift	S213	5	EU-MERCEDES-BENZ-E-CLASS-S213-WAGON-FACELIFT-01	HIGH		READY
143492	143492	Sedan	e-tron GT I	F83	4	EU-AUDI-E-TRON-GT-I-RS-SEDAN-01	HIGH	RS四门GT外廓。	READY
143493	143493	Wagon	S6 C8 Avant	4K5	5	EU-AUDI-S6-C8-AVANT-WAGON-01	HIGH		READY
143498	143498	Sedan	E-Class W213 Facelift	213.019	4	EU-MERCEDES-BENZ-E-CLASS-W213-SEDAN-FACELIFT-01	HIGH		READY
143499	143499	SUV	Q3 II	F3	5	EU-AUDI-Q3-II-F3-SUV-01	HIGH	F3五门SUV外廓。	READY
143500	143500	SUV	Q3 II	F3	5	EU-AUDI-Q3-II-F3-SUV-01	HIGH	F3五门SUV外廓。	READY
143501	143501	SUV	Q5 II	FY	5	EU-AUDI-Q5-II-FY-SQ5-SUV-02	HIGH	FY改款SQ5五门SUV外廓。	READY
143502	143502	SUV	Q5 II (FY)	FY	5	EU-AUDI-Q5-II-FY-SUV-02	HIGH	FY改款标准SUV外廓。	READY
143503	143503	SUV	Q5 II	FY	5	EU-AUDI-Q5-II-FY-SQ5-SUV-02	HIGH	FY改款SQ5五门SUV外廓。	READY
143518	143518	Wagon	Octavia IV	NX5	5	EU-SKODA-OCTAVIA-IV-WAGON-PREFL-01	HIGH	Octavia IV Combi四驱外廓。	READY
143519	143519	Wagon	Octavia IV	NX5	5	EU-SKODA-OCTAVIA-IV-WAGON-PREFL-01	HIGH	Octavia IV Combi四驱外廓。	READY
143527	143527	Hatchback	Golf VIII		5	EU-VW-GOLF-VIII-HATCHBACK-GTD-01	HIGH	GTD五门运动悬架外廓。	READY
143531	143531	SUV	Ateca I		5	EU-SEAT-ATECA-I-FACELIFT-SUV-01	HIGH	改款五门SUV外廓。	READY
143535	143535	SUV	Compass II	MP	5	EU-JEEP-COMPASS-II-MP-SUV-01	HIGH	MP五门SUV外廓。	READY
143537	143537	SUV	Formentor I		5	EU-CUPRA-FORMENTOR-I-SUV-FWD-01	HIGH	前驱五门SUV外廓。	READY
143539	143539	SUV	Formentor I		5	EU-CUPRA-FORMENTOR-I-SUV-4DRIVE-01	HIGH	4Drive柴油五门SUV外廓。	READY
143541	143541	SUV	Formentor I		5	EU-CUPRA-FORMENTOR-I-SUV-EHYBRID-01	HIGH	e-Hybrid五门SUV外廓。	READY
143542	143542	SUV	Formentor I		5	EU-CUPRA-FORMENTOR-I-SUV-FWD-01	HIGH	前驱VZ五门SUV外廓。	READY
143543	143543	SUV	Formentor I		5	EU-CUPRA-FORMENTOR-I-SUV-EHYBRID-01	HIGH	e-Hybrid VZ五门SUV外廓。	READY
143544	143544	SUV	Formentor I		5	EU-CUPRA-FORMENTOR-I-SUV-4DRIVE-02	HIGH	4Drive汽油五门SUV外廓。	READY
143547	143547	SUV	Kuga III		5	EU-FORD-KUGA-III-SUV-FHEV-AWD-01	HIGH	FHEV四驱五门SUV外廓。	READY
143548_stline	143548	SUV	Kuga III		5	EU-FORD-KUGA-III-SUV-STLINE-01	HIGH	FHEV前驱ST-Line外廓。	READY
143548_vignale	143548	SUV	Kuga III		5	EU-FORD-KUGA-III-SUV-VIGNALE-01	HIGH	FHEV前驱Vignale外廓。	READY
143549	143549	SUV	Stelvio	949	5	EU-ALFA-ROMEO-STELVIO-949-SUV-01	HIGH	949标准SUV外廓。	READY
143551	143551	SUV	Tarraco I		5	EU-SEAT-TARRACO-I-SUV-01	HIGH	五门SUV外廓。	READY
143552	143552	Wagon	V90 II		5	EU-VOLVO-V90-II-WAGON-01	HIGH	V90 II标准旅行车外廓。	READY
143575	143575	Coupe	B8 Gran Coupé	G16	4	EU-ALPINA-B8-G16-GRAN-COUPE-01	HIGH	G16四门Gran Coupé外廓。	READY
143576	143576	Sedan	C-Class W206	W206	4	EU-MERCEDES-BENZ-C-CLASS-W206-SEDAN-01	HIGH	W206四门三厢外廓。	READY
143578	143578	Sedan	C-Class W206	W206	4	EU-MERCEDES-BENZ-C-CLASS-W206-SEDAN-01	HIGH	W206四门三厢外廓。	READY
143579	143579	Sedan	C-Class W206	W206	4	EU-MERCEDES-BENZ-C-CLASS-W206-SEDAN-01	HIGH	W206四门三厢外廓。	READY
143580	143580	Sedan	C-Class W206	W206	4	EU-MERCEDES-BENZ-C-CLASS-W206-SEDAN-01	HIGH	W206四门三厢外廓。	READY
143581	143581	Sedan	C-Class W206	W206	4	EU-MERCEDES-BENZ-C-CLASS-W206-SEDAN-01	HIGH	W206四门三厢外廓。	READY
143607	143607	Sedan	5 Series G30	G30	4	EU-BMW-5-G30-SEDAN-FACELIFT-02	HIGH	G30改款520e PHEV增高外廓。	READY
143610	143610	Convertible	Portofino M		2	EU-FERRARI-PORTOFINO-M-CONVERTIBLE-01	HIGH	Portofino M双门敞篷外廓。	READY
143622	143622	Sedan	A6 C8	4A2	4	EU-AUDI-A6-C8-4A2-SEDAN-01	HIGH	C8 4A2三厢外廓。	READY
143623	143623	Sedan	A6 C8	4A2	4	EU-AUDI-A6-C8-4A2-SEDAN-01	HIGH	C8 4A2三厢外廓。	READY
143625	143625	Wagon	A6 C8	4A5	5	EU-AUDI-A6-C8-4A5-WAGON-01	HIGH	C8 4A5 Avant外廓。	READY
143630	143630	Sedan	C-Class W206	W206	4	EU-MERCEDES-BENZ-C-CLASS-W206-SEDAN-01	HIGH	W206四门三厢外廓。	READY
143631	143631	Sedan	C-Class W206	W206	4	EU-MERCEDES-BENZ-C-CLASS-W206-SEDAN-01	HIGH	W206四门三厢外廓。	READY
143633	143633	Wagon	C-Class S206	S206	5	EU-MERCEDES-BENZ-C-CLASS-S206-WAGON-01	HIGH	S206五门旅行车外廓。	READY
143634	143634	Wagon	C-Class S206	S206	5	EU-MERCEDES-BENZ-C-CLASS-S206-WAGON-01	HIGH	S206五门旅行车外廓。	READY
143635	143635	Wagon	C-Class S206	S206	5	EU-MERCEDES-BENZ-C-CLASS-S206-WAGON-01	HIGH	S206五门旅行车外廓。	READY
143649_l2h2	143649	Van	eDeliver 9 I			EU-MAXUS-EDELIVER-9-I-VAN-L2H2-01	HIGH	中轴中顶厢式车外廓。	READY
143649_l3h2	143649	Van	eDeliver 9 I			EU-MAXUS-EDELIVER-9-I-VAN-L3H2-01	HIGH	长轴中顶厢式车外廓。	READY
143677_standard	143677	Hatchback	Leon IV	KL1	5	EU-SEAT-LEON-IV-KL1-HATCHBACK-STANDARD-01	HIGH	普通悬架五门外廓。	READY
143677_fr	143677	Hatchback	Leon IV	KL1	5	EU-SEAT-LEON-IV-KL1-HATCHBACK-FR-01	HIGH	FR低悬架五门外廓。	READY
143678	143678	Hatchback	Leon IV	KL1	5	EU-SEAT-LEON-IV-KL1-HATCHBACK-FR-01	HIGH	2.0 TSI FR五门外廓。	READY
143680_standard	143680	Wagon	Leon IV	KL8	5	EU-SEAT-LEON-IV-KL8-WAGON-STANDARD-01	HIGH	普通悬架Sportstourer外廓。	READY
143680_fr	143680	Wagon	Leon IV	KL8	5	EU-SEAT-LEON-IV-KL8-WAGON-FR-01	HIGH	FR低悬架Sportstourer外廓。	READY
143681_standard	143681	Wagon	Leon IV	KL8	5	EU-SEAT-LEON-IV-KL8-WAGON-STANDARD-01	HIGH	普通悬架Sportstourer外廓。	READY
143681_fr	143681	Wagon	Leon IV	KL8	5	EU-SEAT-LEON-IV-KL8-WAGON-FR-01	HIGH	FR低悬架Sportstourer外廓。	READY
143695_flatbed_srw_wb2650	143695	Pickup	Porter NP6	NP6	2	EU-PIAGGIO-PORTER-NP6-PICKUP-SRW-WB2650-01	HIGH	短轴单后轮固定货台外廓。	READY
143695_flatbed_srw_wb3070_std	143695	Pickup	Porter NP6	NP6	2	EU-PIAGGIO-PORTER-NP6-PICKUP-SRW-WB3070-STDBED-01	HIGH	长轴单后轮标准货台外廓。	READY
143695_flatbed_srw_wb3070_long	143695	Pickup	Porter NP6	NP6	2	EU-PIAGGIO-PORTER-NP6-PICKUP-SRW-WB3070-LONGBED-01	HIGH	长轴单后轮加长货台外廓。	READY
143695_flatbed_drw_wb3000_std	143695	Pickup	Porter NP6	NP6	2	EU-PIAGGIO-PORTER-NP6-PICKUP-DRW-WB3000-STDBED-01	HIGH	双后轮标准货台外廓。	READY
143695_flatbed_drw_wb3000_long	143695	Pickup	Porter NP6	NP6	2	EU-PIAGGIO-PORTER-NP6-PICKUP-DRW-WB3000-LONGBED-01	HIGH	双后轮加长货台外廓。	READY
143695_flatbed_drw_wb3250	143695	Pickup	Porter NP6	NP6	2	EU-PIAGGIO-PORTER-NP6-PICKUP-DRW-WB3250-01	HIGH	超长轴双后轮固定货台外廓。	READY
143695_chassis_srw_wb2650	143695	Chassis Cab	Porter NP6	NP6	2	EU-PIAGGIO-PORTER-NP6-CHASSIS-SRW-WB2650-01	HIGH	短轴单后轮底盘驾驶室外廓。	READY
143695_chassis_srw_wb3070	143695	Chassis Cab	Porter NP6	NP6	2	EU-PIAGGIO-PORTER-NP6-CHASSIS-SRW-WB3070-01	HIGH	长轴单后轮底盘驾驶室外廓。	READY
143695_chassis_drw_wb3000	143695	Chassis Cab	Porter NP6	NP6	2	EU-PIAGGIO-PORTER-NP6-CHASSIS-DRW-WB3000-01	HIGH	长轴双后轮底盘驾驶室外廓。	READY
143695_chassis_drw_wb3250	143695	Chassis Cab	Porter NP6	NP6	2	EU-PIAGGIO-PORTER-NP6-CHASSIS-DRW-WB3250-01	HIGH	超长轴双后轮底盘驾驶室外廓。	READY
143697_flatbed_srw_wb2650	143697	Pickup	Porter NP6	NP6	2	EU-PIAGGIO-PORTER-NP6-PICKUP-SRW-WB2650-01	HIGH	短轴单后轮固定货台外廓。	READY
143697_flatbed_srw_wb3070_std	143697	Pickup	Porter NP6	NP6	2	EU-PIAGGIO-PORTER-NP6-PICKUP-SRW-WB3070-STDBED-01	HIGH	长轴单后轮标准货台外廓。	READY
143697_flatbed_srw_wb3070_long	143697	Pickup	Porter NP6	NP6	2	EU-PIAGGIO-PORTER-NP6-PICKUP-SRW-WB3070-LONGBED-01	HIGH	长轴单后轮加长货台外廓。	READY
143697_flatbed_drw_wb3000_std	143697	Pickup	Porter NP6	NP6	2	EU-PIAGGIO-PORTER-NP6-PICKUP-DRW-WB3000-STDBED-01	HIGH	双后轮标准货台外廓。	READY
143697_flatbed_drw_wb3000_long	143697	Pickup	Porter NP6	NP6	2	EU-PIAGGIO-PORTER-NP6-PICKUP-DRW-WB3000-LONGBED-01	HIGH	双后轮加长货台外廓。	READY
143697_flatbed_drw_wb3250	143697	Pickup	Porter NP6	NP6	2	EU-PIAGGIO-PORTER-NP6-PICKUP-DRW-WB3250-01	HIGH	超长轴双后轮固定货台外廓。	READY
143697_chassis_srw_wb2650	143697	Chassis Cab	Porter NP6	NP6	2	EU-PIAGGIO-PORTER-NP6-CHASSIS-SRW-WB2650-01	HIGH	短轴单后轮底盘驾驶室外廓。	READY
143697_chassis_srw_wb3070	143697	Chassis Cab	Porter NP6	NP6	2	EU-PIAGGIO-PORTER-NP6-CHASSIS-SRW-WB3070-01	HIGH	长轴单后轮底盘驾驶室外廓。	READY
143697_chassis_drw_wb3000	143697	Chassis Cab	Porter NP6	NP6	2	EU-PIAGGIO-PORTER-NP6-CHASSIS-DRW-WB3000-01	HIGH	长轴双后轮底盘驾驶室外廓。	READY
143697_chassis_drw_wb3250	143697	Chassis Cab	Porter NP6	NP6	2	EU-PIAGGIO-PORTER-NP6-CHASSIS-DRW-WB3250-01	HIGH	超长轴双后轮底盘驾驶室外廓。	READY
143717	143717	Hatchback	Insignia B	Z18	5	EU-OPEL-INSIGNIA-B-GRAND-SPORT-HATCHBACK-01	HIGH	Grand Sport五门liftback外廓。	READY
143725	143725	Coupe	CLS C257	C257	4	EU-MERCEDES-BENZ-CLS-C257-COUPE-FACELIFT-01	HIGH	C257改款四门轿跑外廓。	READY
143728	143728	Convertible	E-Class A238	A238	2	EU-MERCEDES-BENZ-E-CLASS-A238-CONVERTIBLE-FACELIFT-01	HIGH	A238改款双门敞篷外廓。	READY
143729	143729	Coupe	E-Class C238	C238	2	EU-MERCEDES-BENZ-E-CLASS-C238-COUPE-FACELIFT-01	HIGH	C238改款双门轿跑外廓。	READY
143732	143732	SUV	Santa Fe IV	TM	5	EU-HYUNDAI-SANTA-FE-IV-TM-SUV-FACELIFT-01	HIGH	TM改款标准SUV外廓。	READY
143733	143733	Hatchback	Space Star VI		5	EU-MITSUBISHI-SPACE-STAR-VI-HATCHBACK-FACELIFT-01	MEDIUM	2019改款五门两厢外廓。	READY
143737	143737	Hatchback	Insignia B	Z18	5	EU-OPEL-INSIGNIA-B-GRAND-SPORT-HATCHBACK-01	HIGH	Grand Sport五门liftback外廓。	READY
143738	143738	Hatchback	Insignia B	Z18	5	EU-OPEL-INSIGNIA-B-GRAND-SPORT-HATCHBACK-01	HIGH	Grand Sport五门liftback外廓。	READY
143743	143743	SUV	CR-V V		5	EU-HONDA-CR-V-V-SUV-01	HIGH	第五代Hybrid AWD五门SUV外廓。	READY
143769	143769	Sedan	M3 G80	G80	4	EU-BMW-M3-G80-SEDAN-01	HIGH	G80四门三厢外廓。	READY
143770	143770	Coupe	M4 G82	G82	2	EU-BMW-M4-G82-COUPE-01	HIGH	G82双门轿跑外廓。	READY
143775_swb	143775	MPV	Caddy V	SB	5	EU-VW-CADDY-V-MPV-SWB-01	HIGH	SWB乘用版外廓。	READY
143775_lwb	143775	MPV	Caddy V	SB	5	EU-VW-CADDY-V-MPV-LWB-01	HIGH	LWB乘用版外廓。	READY
143793_standard	143793	SUV	Kuga III		5	EU-FORD-KUGA-III-SUV-STANDARD-01	HIGH	EcoBoost标准外观外廓。	READY
143793_stline	143793	SUV	Kuga III		5	EU-FORD-KUGA-III-SUV-STLINE-01	HIGH	EcoBoost ST-Line外廓。	READY
143793_vignale	143793	SUV	Kuga III		5	EU-FORD-KUGA-III-SUV-VIGNALE-01	HIGH	EcoBoost Vignale外廓。	READY
143798	143798	Sedan	S-Class W223	W223	4	EU-MERCEDES-BENZ-S-CLASS-W223-SEDAN-01	HIGH	W223标准轴距四门三厢外廓。	READY
143809_mpv_swb	143809	MPV	Caddy V	SB	5	EU-VW-CADDY-V-MPV-SWB-01	MEDIUM	SWB乘用版外廓。	READY
143809_mpv_lwb	143809	MPV	Caddy V	SB	5	EU-VW-CADDY-V-MPV-LWB-01	MEDIUM	LWB乘用版外廓。	READY
143809_van_swb	143809	Van	Caddy V	SB		EU-VW-CADDY-V-VAN-SWB-01	MEDIUM	SWB厢式版外廓。	READY
143809_van_lwb	143809	Van	Caddy V	SB		EU-VW-CADDY-V-VAN-LWB-01	MEDIUM	LWB厢式版外廓。	READY
143819_standard	143819	SUV	Kuga III		5	EU-FORD-KUGA-III-SUV-STANDARD-01	MEDIUM	183 hp前驱标准外观分支。	READY
143819_stline	143819	SUV	Kuga III		5	EU-FORD-KUGA-III-SUV-STLINE-01	MEDIUM	183 hp前驱ST-Line分支。	READY
143819_vignale	143819	SUV	Kuga III		5	EU-FORD-KUGA-III-SUV-VIGNALE-01	MEDIUM	183 hp前驱Vignale分支。	READY
143831	143831	Hatchback	A1 II	GB	5	EU-AUDI-A1-GB-HATCHBACK-01	HIGH	GB五门Sportback外廓。	READY
143835	143835	Hatchback	Arteon I	3H	5	EU-VW-ARTEON-I-3H-LIFTBACK-FACELIFT-01	HIGH	3H改款五门liftback外廓。	READY
143836	143836	Hatchback	Arteon I	3H	5	EU-VW-ARTEON-I-3H-LIFTBACK-R-01	HIGH	改款R五门liftback外廓。	READY
143837	143837	Wagon	Arteon I	3H	5	EU-VW-ARTEON-I-3H-SHOOTING-BRAKE-R-01	HIGH	R版Shooting Brake外廓。	READY
143838	143838	Wagon	Arteon I	3H	5	EU-VW-ARTEON-I-3H-SHOOTING-BRAKE-EHYBRID-01	HIGH	eHybrid Shooting Brake外廓。	READY
143870	143870	SUV	Mustang Mach-E I		5	EU-FORD-MUSTANG-MACH-E-I-SUV-01	HIGH	标准五门电动SUV外廓。	READY
143871	143871	SUV	Mustang Mach-E I		5	EU-FORD-MUSTANG-MACH-E-I-SUV-01	HIGH	标准五门电动SUV外廓。	READY
143872	143872	SUV	Mustang Mach-E I		5	EU-FORD-MUSTANG-MACH-E-I-SUV-01	HIGH	GT五门电动SUV外廓。	READY
143873	143873	SUV	Mustang Mach-E I		5	EU-FORD-MUSTANG-MACH-E-I-SUV-01	HIGH	标准五门电动SUV外廓。	READY
143874	143874	SUV	Mustang Mach-E I		5	EU-FORD-MUSTANG-MACH-E-I-SUV-01	HIGH	标准五门电动SUV外廓。	READY
143876	143876	SUV	Mustang Mach-E I		5	EU-FORD-MUSTANG-MACH-E-I-SUV-01	HIGH	标准五门电动SUV外廓。	READY
143879	143879	Hatchback	Polestar 2 I		5	EU-POLESTAR-POLESTAR-2-I-FASTBACK-01	HIGH	五门fastback标准悬架外廓。	READY
143880	143880	Hatchback	Polo VI	AW1	5	EU-VW-POLO-VI-AW1-GTI-HATCHBACK-FACELIFT-01	HIGH	改款GTI五门两厢外廓。	READY
143943	143943	Pickup	T90 I		4	EU-MAXUS-T90-EV-PICKUP-01	HIGH	双排座标准货箱电动皮卡外廓。	READY
143949	143949	Sedan	A6 C8	4A2	4	EU-AUDI-A6-C8-4A2-SEDAN-01	HIGH	C8 4A2三厢外廓。	READY
143950	143950	Wagon	A6 C8	4A5	5	EU-AUDI-A6-C8-4A5-WAGON-01	HIGH	C8 4A5 Avant外廓。	READY
143951	143951	Wagon	A6 C8	4A5	5	EU-AUDI-A6-C8-4A5-WAGON-01	HIGH	C8 4A5 Avant外廓。	READY
143953	143953	Hatchback	A7 C7	4G8	5	EU-AUDI-A7-C7-4G8-LIFTBACK-FACELIFT-01	HIGH	C7改款五门Sportback外廓。	READY
143954	143954	Hatchback	A7 C8		5	EU-AUDI-A7-C8-LIFTBACK-PHEV-01	HIGH	插混五门liftback外廓。	READY
143961	143961	Hatchback	C4 III	C41	5	EU-CITROEN-C4-III-C41-HATCHBACK-01	HIGH	C41五门两厢外廓。	READY
143981	143981	Wagon	Corolla IX (E120)	NZE120	5	EU-TOYOTA-COROLLA-IX-E120-WAGON-01	HIGH	NZE120五门旅行车外廓。	READY
143996	143996	Sedan	E-Class W212	W212	4	EU-MERCEDES-BENZ-E-CLASS-W212-SEDAN-PREFL-01	HIGH	W212改款前四门三厢外廓。	READY
144010	144010	Hatchback	Finn I		3	EU-ELARIS-FINN-I-HATCHBACK-01	HIGH	三门双座微型两厢外廓。	READY
144054_sport	144054	SUV	500X I	334	5	EU-FIAT-500X-I-334-SUV-FACELIFT-SPORT-01	MEDIUM	Sport低悬架外廓分支。	READY
144054_cross	144054	SUV	500X I	334	5	EU-FIAT-500X-I-334-SUV-FACELIFT-CROSS-01	MEDIUM	Cross外廓分支。	READY
144058	144058	Wagon	S4 B9	8W5	5	EU-AUDI-S4-B9-8W5-WAGON-FACELIFT-01	HIGH	B9改款S4 Avant外廓。	READY
144059	144059	Convertible	A5 II (F5)	F57	2	EU-AUDI-A5-II-F5-CABRIOLET-01	HIGH	F57双门敞篷外廓。	READY
144060	144060	Coupe	S5 F5	F53	2	EU-AUDI-S5-F5-F53-COUPE-FACELIFT-01	HIGH	F5改款双门轿跑外廓。	READY
144061	144061	Hatchback	S5 F5	F5A	5	EU-AUDI-S5-F5-F5A-SPORTBACK-FACELIFT-01	HIGH	F5改款五门Sportback外廓。	READY
144062	144062	Sedan	S6 C8	4A2	4	EU-AUDI-S6-C8-4A2-SEDAN-01	HIGH	C8 S6四门三厢外廓。	READY
144063	144063	Sedan	A6 C8	4A2	4	EU-AUDI-A6-C8-4A2-SEDAN-01	HIGH	C8 4A2三厢外廓。	READY
144064	144064	Sedan	A6 C8	4A2	4	EU-AUDI-A6-C8-4A2-SEDAN-01	HIGH	C8 4A2三厢外廓。	READY
144083_hardtop	144083	Pickup	Gladiator JT	JT	4	EU-JEEP-GLADIATOR-JT-PICKUP-HARDTOP-01	HIGH	四门硬顶皮卡外廓。	READY
144083_softtop	144083	Pickup	Gladiator JT	JT	4	EU-JEEP-GLADIATOR-JT-PICKUP-SOFTTOP-01	HIGH	四门软顶皮卡外廓。	READY
144084	144084	Hatchback	Golf VIII		5	EU-VW-GOLF-VIII-HATCHBACK-GTE-01	HIGH	GTE五门插混外廓。	READY
144087	144087	Coupe	Huracán STO		2	EU-LAMBORGHINI-HURACAN-STO-COUPE-01	HIGH	STO后驱双门轿跑外廓。	READY
144107	144107	SUV	Q5 II	FY	5	EU-AUDI-Q5-II-FY-PHEV-SUV-01	HIGH	FY改款TFSI e五门SUV外廓。	READY
144108	144108	SUV	Q5 II	FY	5	EU-AUDI-Q5-II-FY-PHEV-SUV-01	HIGH	FY改款TFSI e五门SUV外廓。	READY
144112	144112	SUV	Renegade I	BU	5	EU-JEEP-RENEGADE-I-BU-SUV-FWD-01	HIGH	BU前驱五门SUV外廓。	READY
144113	144113	SUV	Renegade I	BU	5	EU-JEEP-RENEGADE-I-BU-SUV-4X4-01	HIGH	BU 4xe四驱五门SUV外廓。	READY
144116	144116	Hatchback	Scala I		5	EU-SKODA-SCALA-I-HATCHBACK-01	MEDIUM	五门两厢外廓。	READY
144122	144122	SUV	Sorento IV	MQ4	5	EU-KIA-SORENTO-IV-MQ4-SUV-01	HIGH	MQ4标准SUV外廓。	READY
144663_prefl	144663	Hatchback	SD1 Series 1	SD1	5	EU-ROVER-SD1-SERIES-1-HATCHBACK-01	MEDIUM	Series 1外廓分支。	READY
144663_facelift	144663	Hatchback	SD1 Series 2	SD1	5	EU-ROVER-SD1-SERIES-2-HATCHBACK-01	MEDIUM	Series 2改款外廓分支。	READY
144667	144667	SUV	Cayenne III Coupe		5	EU-PORSCHE-CAYENNE-III-COUPE-TURBO-GT-SUV-01	HIGH		READY
144672_standard	144672	Wagon	Leon IV Sportstourer	KL8	5	EU-SEAT-LEON-IV-KL8-WAGON-STANDARD-01	HIGH	标准悬架外廓分支。	READY
144672_fr	144672	Wagon	Leon IV Sportstourer	KL8	5	EU-SEAT-LEON-IV-KL8-WAGON-FR-01	HIGH	FR低悬架外廓分支。	READY
144673_singlecab_l2_chassis	144673	Pickup	Transit V363	V363	2	EU-FORD-TRANSIT-V363-CHASSIS-SINGLECAB-L2-FWD-01	HIGH	单排驾驶室L2前驱裸底盘外廓。	READY
144673_singlecab_l2_platform	144673	Pickup	Transit V363	V363	2	EU-FORD-TRANSIT-V363-PLATFORM-SINGLECAB-L2-FWD-01	HIGH	单排驾驶室L2前驱原厂平台外廓。	READY
144673_singlecab_l3_chassis	144673	Pickup	Transit V363	V363	2	EU-FORD-TRANSIT-V363-CHASSIS-SINGLECAB-L3-FWD-01	HIGH	单排驾驶室L3前驱裸底盘外廓。	READY
144673_singlecab_l3_platform	144673	Pickup	Transit V363	V363	2	EU-FORD-TRANSIT-V363-PLATFORM-SINGLECAB-L3-FWD-01	HIGH	单排驾驶室L3前驱原厂平台外廓。	READY
144673_singlecab_l4_chassis	144673	Pickup	Transit V363	V363	2	EU-FORD-TRANSIT-V363-CHASSIS-SINGLECAB-L4-FWD-01	HIGH	单排驾驶室L4前驱裸底盘外廓。	READY
144673_singlecab_l4_platform	144673	Pickup	Transit V363	V363	2	EU-FORD-TRANSIT-V363-PLATFORM-SINGLECAB-L4-FWD-01	HIGH	单排驾驶室L4前驱原厂平台外廓。	READY
144673_doublecab_l2_chassis	144673	Pickup	Transit V363	V363	4	EU-FORD-TRANSIT-V363-CHASSIS-DOUBLECAB-L2-FWD-01	HIGH	双排驾驶室L2前驱裸底盘外廓。	READY
144673_doublecab_l2_platform	144673	Pickup	Transit V363	V363	4	EU-FORD-TRANSIT-V363-PLATFORM-DOUBLECAB-L2-FWD-01	HIGH	双排驾驶室L2前驱原厂平台外廓。	READY
144673_doublecab_l3_chassis	144673	Pickup	Transit V363	V363	4	EU-FORD-TRANSIT-V363-CHASSIS-DOUBLECAB-L3-FWD-01	HIGH	双排驾驶室L3前驱裸底盘外廓。	READY
144673_doublecab_l3_platform	144673	Pickup	Transit V363	V363	4	EU-FORD-TRANSIT-V363-PLATFORM-DOUBLECAB-L3-FWD-01	HIGH	双排驾驶室L3前驱原厂平台外廓。	READY
144674_l2h2	144674	Van	Transit V363	V363		EU-FORD-TRANSIT-V363-VAN-L2H2-FWD-01	HIGH	L2H2前驱厢式车外廓。	READY
144674_l2h3	144674	Van	Transit V363	V363		EU-FORD-TRANSIT-V363-VAN-L2H3-FWD-01	HIGH	L2H3前驱厢式车外廓。	READY
144674_l3h2	144674	Van	Transit V363	V363		EU-FORD-TRANSIT-V363-VAN-L3H2-FWD-01	HIGH	L3H2前驱厢式车外廓。	READY
144674_l3h3	144674	Van	Transit V363	V363		EU-FORD-TRANSIT-V363-VAN-L3H3-FWD-01	HIGH	L3H3前驱厢式车外廓。	READY
144686	144686	SUV	iX I20	I20	5	EU-BMW-IX-I20-SUV-01	HIGH		READY
144687	144687	SUV	iX I20	I20	5	EU-BMW-IX-I20-SUV-01	HIGH		READY
144688	144688	Coupe	i4 G26	G26	5	EU-BMW-I4-G26-GRAN-COUPE-01	HIGH	G26五门Gran Coupé外廓。	READY
144689	144689	Coupe	i4 G26	G26	5	EU-BMW-I4-G26-GRAN-COUPE-01	HIGH	G26五门Gran Coupé外廓。	READY
144692	144692	Coupe	4 Series Coupe G22	G22	2	EU-BMW-4-G22-COUPE-STANDARD-01	HIGH		READY
144693	144693	Coupe	4 Series Coupe G22	G22	2	EU-BMW-4-G22-COUPE-STANDARD-01	HIGH		READY
144694	144694	Coupe	4 Series Coupe G22	G22	2	EU-BMW-4-G22-COUPE-M440I-XDRIVE-01	HIGH	M440i xDrive外廓。	READY
144695	144695	Coupe	4 Series Coupe G22	G22	2	EU-BMW-4-G22-COUPE-STANDARD-01	HIGH		READY
144696	144696	Coupe	4 Series Coupe G22	G22	2	EU-BMW-4-G22-COUPE-STANDARD-01	HIGH		READY
144697	144697	Coupe	2 Series Coupe G42	G42	2	EU-BMW-2-G42-COUPE-01	HIGH		READY
144698	144698	Coupe	2 Series Coupe G42	G42	2	EU-BMW-2-G42-COUPE-M240I-XDRIVE-01	HIGH	M240i xDrive外廓。	READY
144700	144700	Coupe	2 Series Coupe G42	G42	2	EU-BMW-2-G42-COUPE-01	HIGH		READY
144723	144723	Coupe	4 Series Coupe G22	G22	2	EU-BMW-4-G22-COUPE-STANDARD-01	HIGH		READY
144724	144724	Coupe	4 Series Coupe G22	G22	2	EU-BMW-4-G22-COUPE-M440I-RWD-01	HIGH	M440i后驱外廓。	READY
144729	144729	Hatchback	Model S facelift 2021		5	EU-TESLA-MODEL-S-FACELIFT-2021-HATCHBACK-01	HIGH		READY
144730	144730	Hatchback	Model S facelift 2021		5	EU-TESLA-MODEL-S-FACELIFT-2021-HATCHBACK-01	HIGH		READY
144731	144731	SUV	Model X facelift 2021		5	EU-TESLA-MODEL-X-FACELIFT-2021-SUV-01	HIGH		READY
144732	144732	SUV	Model X facelift 2021		5	EU-TESLA-MODEL-X-FACELIFT-2021-SUV-01	HIGH		READY
144737	144737	Wagon	Outback VI BT	BT	5	EU-SUBARU-OUTBACK-VI-BT-WAGON-01	HIGH		READY
144747	144747	SUV	Karoq I	NU7	5	EU-SKODA-KAROQ-I-NU7-SUV-FWD-01	HIGH		READY
144752	144752	MPV	5008 I Phase II		5	EU-PEUGEOT-5008-I-PHASE-II-MPV-01	HIGH		READY
144761	144761	SUV	Tiguan II facelift	AD1	5	EU-VW-TIGUAN-II-AD1-SUV-FACELIFT-4MOTION-01	HIGH		READY
144783	144783	Coupe	Vantage 2018 F1 Edition		2	EU-ASTON-MARTIN-VANTAGE-2018-F1-COUPE-01	HIGH	535 hp F1 Edition Coupé外廓。	READY
144784	144784	Convertible	Vantage Roadster 2018 F1 Edition		2	EU-ASTON-MARTIN-VANTAGE-2018-F1-ROADSTER-01	HIGH	535 hp F1 Edition Roadster外廓。	READY
144791	144791	Convertible	SF90 Spider	F173	2	EU-FERRARI-SF90-SPIDER-F173-CONVERTIBLE-01	HIGH		READY
144801	144801	Wagon	Arteon I Shooting Brake facelift	3H	5	EU-VW-ARTEON-I-3H-SHOOTING-BRAKE-EHYBRID-01	HIGH	同三维Shooting Brake外廓，复用既有组。	READY
144806	144806	SUV	Tiguan II facelift	AD1	5	EU-VW-TIGUAN-II-AD1-SUV-FACELIFT-4MOTION-01	HIGH		READY
144807	144807	Wagon	Passat B8 Alltrack facelift	3G5	5	EU-VW-PASSAT-B8-ALLTRACK-FACELIFT-WAGON-01	HIGH		READY
144808_l1h1	144808	Van	Ducato III Series 8	X290		EU-FIAT-DUCATO-III-X290-VAN-L1H1-01	HIGH	L1H1厢式车外廓。	READY
144808_l1h2	144808	Van	Ducato III Series 8	X290		EU-FIAT-DUCATO-III-X290-VAN-L1H2-01	HIGH	L1H2厢式车外廓。	READY
144808_l2h1	144808	Van	Ducato III Series 8	X290		EU-FIAT-DUCATO-III-X290-VAN-L2H1-01	HIGH	L2H1厢式车外廓。	READY
144808_l2h2	144808	Van	Ducato III Series 8	X290		EU-FIAT-DUCATO-III-X290-VAN-L2H2-01	HIGH	L2H2厢式车外廓。	READY
144808_l3h2	144808	Van	Ducato III Series 8	X290		EU-FIAT-DUCATO-III-X290-VAN-L3H2-01	HIGH	L3H2厢式车外廓。	READY
144808_l3h3	144808	Van	Ducato III Series 8	X290		EU-FIAT-DUCATO-III-X290-VAN-L3H3-01	HIGH	L3H3厢式车外廓。	READY
144808_l4h2	144808	Van	Ducato III Series 8	X290		EU-FIAT-DUCATO-III-X290-VAN-L4H2-01	HIGH	L4H2加长厢式车外廓。	READY
144808_l4h3	144808	Van	Ducato III Series 8	X290		EU-FIAT-DUCATO-III-X290-VAN-L4H3-01	HIGH	L4H3加长厢式车外廓。	READY
144809_l1h1	144809	Van	Ducato III Series 8	X290		EU-FIAT-DUCATO-III-X290-VAN-L1H1-01	HIGH	L1H1厢式车外廓。	READY
144809_l1h2	144809	Van	Ducato III Series 8	X290		EU-FIAT-DUCATO-III-X290-VAN-L1H2-01	HIGH	L1H2厢式车外廓。	READY
144809_l2h1	144809	Van	Ducato III Series 8	X290		EU-FIAT-DUCATO-III-X290-VAN-L2H1-01	HIGH	L2H1厢式车外廓。	READY
144809_l2h2	144809	Van	Ducato III Series 8	X290		EU-FIAT-DUCATO-III-X290-VAN-L2H2-01	HIGH	L2H2厢式车外廓。	READY
144809_l3h2	144809	Van	Ducato III Series 8	X290		EU-FIAT-DUCATO-III-X290-VAN-L3H2-01	HIGH	L3H2厢式车外廓。	READY
144809_l3h3	144809	Van	Ducato III Series 8	X290		EU-FIAT-DUCATO-III-X290-VAN-L3H3-01	HIGH	L3H3厢式车外廓。	READY
144809_l4h2	144809	Van	Ducato III Series 8	X290		EU-FIAT-DUCATO-III-X290-VAN-L4H2-01	HIGH	L4H2加长厢式车外廓。	READY
144809_l4h3	144809	Van	Ducato III Series 8	X290		EU-FIAT-DUCATO-III-X290-VAN-L4H3-01	HIGH	L4H3加长厢式车外廓。	READY
144810_l1h1	144810	Van	Ducato III Series 8	X290		EU-FIAT-DUCATO-III-X290-VAN-L1H1-01	HIGH	L1H1厢式车外廓。	READY
144810_l1h2	144810	Van	Ducato III Series 8	X290		EU-FIAT-DUCATO-III-X290-VAN-L1H2-01	HIGH	L1H2厢式车外廓。	READY
144810_l2h1	144810	Van	Ducato III Series 8	X290		EU-FIAT-DUCATO-III-X290-VAN-L2H1-01	HIGH	L2H1厢式车外廓。	READY
144810_l2h2	144810	Van	Ducato III Series 8	X290		EU-FIAT-DUCATO-III-X290-VAN-L2H2-01	HIGH	L2H2厢式车外廓。	READY
144810_l3h2	144810	Van	Ducato III Series 8	X290		EU-FIAT-DUCATO-III-X290-VAN-L3H2-01	HIGH	L3H2厢式车外廓。	READY
144810_l3h3	144810	Van	Ducato III Series 8	X290		EU-FIAT-DUCATO-III-X290-VAN-L3H3-01	HIGH	L3H3厢式车外廓。	READY
144810_l4h2	144810	Van	Ducato III Series 8	X290		EU-FIAT-DUCATO-III-X290-VAN-L4H2-01	HIGH	L4H2加长厢式车外廓。	READY
144810_l4h3	144810	Van	Ducato III Series 8	X290		EU-FIAT-DUCATO-III-X290-VAN-L4H3-01	HIGH	L4H3加长厢式车外廓。	READY
144812_l1h1	144812	Van	Ducato III Series 8	X290		EU-FIAT-DUCATO-III-X290-VAN-L1H1-01	HIGH	L1H1厢式车外廓。	READY
144812_l1h2	144812	Van	Ducato III Series 8	X290		EU-FIAT-DUCATO-III-X290-VAN-L1H2-01	HIGH	L1H2厢式车外廓。	READY
144812_l2h1	144812	Van	Ducato III Series 8	X290		EU-FIAT-DUCATO-III-X290-VAN-L2H1-01	HIGH	L2H1厢式车外廓。	READY
144812_l2h2	144812	Van	Ducato III Series 8	X290		EU-FIAT-DUCATO-III-X290-VAN-L2H2-01	HIGH	L2H2厢式车外廓。	READY
144812_l3h2	144812	Van	Ducato III Series 8	X290		EU-FIAT-DUCATO-III-X290-VAN-L3H2-01	HIGH	L3H2厢式车外廓。	READY
144812_l3h3	144812	Van	Ducato III Series 8	X290		EU-FIAT-DUCATO-III-X290-VAN-L3H3-01	HIGH	L3H3厢式车外廓。	READY
144812_l4h2	144812	Van	Ducato III Series 8	X290		EU-FIAT-DUCATO-III-X290-VAN-L4H2-01	HIGH	L4H2加长厢式车外廓。	READY
144812_l4h3	144812	Van	Ducato III Series 8	X290		EU-FIAT-DUCATO-III-X290-VAN-L4H3-01	HIGH	L4H3加长厢式车外廓。	READY
144817	144817	SUV	Model Y I		5	EU-TESLA-MODEL-Y-I-SUV-01	HIGH		READY
144818	144818	SUV	Model Y I		5	EU-TESLA-MODEL-Y-I-SUV-01	HIGH		READY
144824	144824	Sedan	S-Class W223	W223	4	EU-MERCEDES-BENZ-S-CLASS-W223-SEDAN-S580E-01	HIGH	标准轴距W223。	READY
144826	144826	Sedan	S-Class Long V223	V223	4	EU-MERCEDES-BENZ-S-CLASS-V223-LWB-SEDAN-S580E-01	HIGH	长轴距V223。	READY
144835	144835	Hatchback	Polestar 2 I		5	EU-POLESTAR-POLESTAR-2-I-FASTBACK-01	HIGH		READY
144843	144843	Wagon	Octavia IV		5	EU-SKODA-OCTAVIA-IV-WAGON-PREFL-01	HIGH		READY
144844	144844	Hatchback	Zeekr 001 I		5	EU-ZEEKR-001-I-LIFTBACK-01	MEDIUM	早期车型外廓按001初代量产车闭合。	READY
144846	144846	Hatchback	Zeekr 001 I		5	EU-ZEEKR-001-I-LIFTBACK-01	MEDIUM	早期车型外廓按001初代量产车闭合。	READY
144856	144856	SUV	ID.4 I		5	EU-VW-ID4-I-SUV-PURE-01	HIGH		READY
144861_standard	144861	MPV	Expert III		5	EU-PEUGEOT-EXPERT-III-COMBI-STANDARD-01	HIGH	Standard L2乘用版外廓。	READY
144861_long	144861	MPV	Expert III		5	EU-PEUGEOT-EXPERT-III-COMBI-LONG-01	HIGH	Long L3乘用版外廓。	READY
144862	144862	Hatchback	ID.3 I		5	EU-VW-ID3-I-HATCHBACK-01	HIGH		READY
144863_standard	144863	MPV	Expert III		5	EU-PEUGEOT-EXPERT-III-COMBI-STANDARD-01	HIGH	Standard L2乘用版外廓。	READY
144863_long	144863	MPV	Expert III		5	EU-PEUGEOT-EXPERT-III-COMBI-LONG-01	HIGH	Long L3乘用版外廓。	READY
144864	144864	SUV	ID.4 I		5	EU-VW-ID4-I-SUV-PURE-01	HIGH		READY
144886	144886	Wagon	Golf VIII Variant		5	EU-VW-GOLF-VIII-VARIANT-WAGON-01	HIGH		READY
144887	144887	SUV	ID.4 GTX I		5	EU-VW-ID4-I-GTX-SUV-01	HIGH	GTX独立外廓高度。	READY
144888	144888	SUV	Tucson IV	NX4	5	EU-HYUNDAI-TUCSON-IV-NX4-SUV-FWD-01	HIGH		READY
144894	144894	SUV	Arkana I		5	EU-RENAULT-ARKANA-I-SUV-01	HIGH		READY
144895	144895	SUV	Arkana I		5	EU-RENAULT-ARKANA-I-SUV-01	HIGH		READY
144896	144896	SUV	Arkana I		5	EU-RENAULT-ARKANA-I-SUV-01	HIGH		READY
144901	144901	Sedan	G80 II	RG3	4	EU-GENESIS-G80-II-RG3-SEDAN-01	HIGH		READY
144927_swb	144927	MPV	Trafic III facelift 2021	X82		EU-RENAULT-TRAFIC-III-X82-PASSENGER-L1H1-01	HIGH	L1H1短轴乘用版外廓。	READY
144927_lwb	144927	MPV	Trafic III facelift 2021	X82		EU-RENAULT-TRAFIC-III-X82-PASSENGER-L2H1-01	HIGH	L2H1长轴乘用版外廓。	READY
144928	144928	Hatchback	Octavia IV		5	EU-SKODA-OCTAVIA-IV-HATCHBACK-PREFL-01	HIGH		READY
144929	144929	Sedan	A3 8Y	8Y	4	EU-AUDI-A3-8Y-SEDAN-01	HIGH		READY
144930	144930	Hatchback	A3 8Y Sportback	8Y	5	EU-AUDI-A3-8Y-SPORTBACK-5D-01	HIGH		READY
144931	144931	Hatchback	A3 8Y Sportback	8Y	5	EU-AUDI-A3-8Y-SPORTBACK-5D-01	HIGH		READY
144932	144932	Sedan	S4 B9 facelift	B9	4	EU-AUDI-S4-B9-FACELIFT-SEDAN-01	HIGH		READY
144934	144934	SUV	Q3 II F3	F3	5	EU-AUDI-Q3-II-F3-PHEV-SUV-01	HIGH		READY
144935	144935	SUV	Q3 II F3	F3	5	EU-AUDI-Q3-II-F3-PHEV-SUV-01	HIGH		READY
144941	144941	SUV	GV70 I	JK1	5	EU-GENESIS-GV70-I-JK1-SUV-01	HIGH		READY
144942	144942	SUV	GV70 I	JK1	5	EU-GENESIS-GV70-I-JK1-SUV-01	HIGH		READY
144946_swb	144946	MPV	NV300 Kombi X82	X82		EU-NISSAN-NV300-X82-COMBI-L1H1-01	HIGH	L1H1短轴乘用版外廓。	READY
144946_lwb	144946	MPV	NV300 Kombi X82	X82		EU-NISSAN-NV300-X82-COMBI-L2H1-01	HIGH	L2H1长轴乘用版外廓。	READY
144947_swb	144947	MPV	NV300 Kombi X82	X82		EU-NISSAN-NV300-X82-COMBI-L1H1-01	HIGH	L1H1短轴乘用版外廓。	READY
144947_lwb	144947	MPV	NV300 Kombi X82	X82		EU-NISSAN-NV300-X82-COMBI-L2H1-01	HIGH	L2H1长轴乘用版外廓。	READY
144949	144949	SUV	XC60 II		5	EU-VOLVO-XC60-II-SUV-01	HIGH		READY
144993	144993	Hatchback	Golf VIII	CD1	5	EU-VW-GOLF-VIII-CD1-HATCHBACK-STANDARD-01	MEDIUM	CD1标准外廓。	READY
144996	144996	SUV	Defender 110 L663	L663	5	EU-LAND-ROVER-DEFENDER-110-L663-P525-SUV-01	HIGH		READY
145004	145004	Hatchback	i30 III PD facelift N	PD	5	EU-HYUNDAI-I30-III-PD-FACELIFT-N-HATCHBACK-01	HIGH		READY
145008	145008	Hatchback	Cupra Leon IV	KL1	5	EU-CUPRA-LEON-IV-KL1-HATCHBACK-01	HIGH		READY
145009	145009	Hatchback	Cupra Leon IV	KL1	5	EU-CUPRA-LEON-IV-KL1-HATCHBACK-01	HIGH		READY
145010	145010	Wagon	Cupra Leon IV Sportstourer	KL8	5	EU-CUPRA-LEON-IV-KL8-SPORTSTOURER-01	HIGH		READY
145011	145011	Wagon	Cupra Leon IV Sportstourer	KL8	5	EU-CUPRA-LEON-IV-KL8-SPORTSTOURER-01	HIGH		READY
145012	145012	Wagon	Cupra Leon IV Sportstourer	KL8	5	EU-CUPRA-LEON-IV-KL8-SPORTSTOURER-01	HIGH		READY
145013	145013	Hatchback	Octavia IV		5	EU-SKODA-OCTAVIA-IV-HATCHBACK-PREFL-01	HIGH		READY
145016	145016	SUV	Kodiaq I facelift 2021	NS7	5	EU-SKODA-KODIAQ-I-NS7-SUV-RS-FACELIFT-01	HIGH	RS改款外廓。	READY
145017	145017	Hatchback	Fabia IV		5	EU-SKODA-FABIA-IV-HATCHBACK-01	HIGH		READY
145018	145018	Hatchback	Fabia IV		5	EU-SKODA-FABIA-IV-HATCHBACK-01	HIGH		READY
145019	145019	Hatchback	Fabia IV		5	EU-SKODA-FABIA-IV-HATCHBACK-01	HIGH		READY
145020	145020	SUV	Q5 II FY facelift PHEV	FY	5	EU-AUDI-Q5-II-FY-PHEV-SUV-01	HIGH		READY
145025	145025	Hatchback	Sandero III		5	EU-DACIA-SANDERO-III-HATCHBACK-01	HIGH		READY
145026	145026	Hatchback	Sandero III		5	EU-DACIA-SANDERO-III-HATCHBACK-01	HIGH		READY
145027	145027	Hatchback	Sandero III		5	EU-DACIA-SANDERO-III-HATCHBACK-01	HIGH		READY
145028	145028	Hatchback	Sandero III		5	EU-DACIA-SANDERO-III-HATCHBACK-01	HIGH		READY
145029	145029	Hatchback	Sandero III		5	EU-DACIA-SANDERO-III-HATCHBACK-01	HIGH		READY
145033	145033	Coupe	MC20 I	M240	2	EU-MASERATI-MC20-I-M240-COUPE-01	HIGH		READY
145034	145034	Hatchback	Golf VIII	CD1	5	EU-VW-GOLF-VIII-CD1-HATCHBACK-STANDARD-01	MEDIUM	CD1标准外廓。	READY
145035	145035	Hatchback	Golf VIII	CD1	5	EU-VW-GOLF-VIII-CD1-HATCHBACK-STANDARD-01	MEDIUM	CD1标准外廓。	READY
145036	145036	Wagon	Golf VIII Variant		5	EU-VW-GOLF-VIII-VARIANT-WAGON-01	HIGH		READY
145037	145037	Coupe	Exige III		2	EU-LOTUS-EXIGE-III-SPORT-380-COUPE-01	MEDIUM	Exige III固定车身外廓复用既有组。	READY
145038	145038	Wagon	Golf VIII Variant		5	EU-VW-GOLF-VIII-VARIANT-WAGON-01	HIGH		READY
145039	145039	Coupe	Exige III		2	EU-LOTUS-EXIGE-III-SPORT-380-COUPE-01	MEDIUM	Exige III固定车身外廓复用既有组。	READY
145045_swb	145045	MPV	Trafic III facelift 2021	X82		EU-RENAULT-TRAFIC-III-X82-PASSENGER-L1H1-01	HIGH	L1H1短轴乘用版外廓。	READY
145045_lwb	145045	MPV	Trafic III facelift 2021	X82		EU-RENAULT-TRAFIC-III-X82-PASSENGER-L2H1-01	HIGH	L2H1长轴乘用版外廓。	READY
145046	145046	SUV	X-Trail III T32 facelift	T32	5	EU-NISSAN-X-TRAIL-III-T32-SUV-FACELIFT-01	HIGH		READY
145048	145048	SUV	Taigo I		5	EU-VW-TAIGO-I-SUV-01	HIGH		READY
145049	145049	SUV	Taigo I		5	EU-VW-TAIGO-I-SUV-01	HIGH		READY
