id	Ktype	NormalizedBodyStyle	Generation	BodyCode	Doors	DIMENSION_GROUP_ID	MatchConfidence	Notes	IterationStatus
14198	14198	Van	242	242		EU-FIAT-242-242-STANDARD-01	MEDIUM	标准量产厢式车外廓。	READY
14201	14201	MPV	242	242		EU-FIAT-242-242-STANDARD-01	MEDIUM	标准量产客车与厢式车共用车身外廓。	READY
14199	14199	Van	242	242		EU-FIAT-242-242-STANDARD-01	MEDIUM	标准量产厢式车外廓。	READY
14200	14200	Van	242	242		EU-FIAT-242-242-STANDARD-01	MEDIUM	标准量产厢式车外廓。	READY
56744	56744	Hatchback	500 (312)	312	3	EU-FIAT-500-312-HATCHBACK-PREFL-01	HIGH	改款前312三门掀背。	READY
56745	56745	Convertible	500 C (312)	312	3	EU-FIAT-500-312-CONVERTIBLE-PREFL-01	HIGH	改款前312敞篷车身。	READY
100339	100339	Hatchback	500 (312)	312	3	EU-FIAT-500-312-HATCHBACK-PREFL-01	HIGH	改款前312三门掀背。	READY
100781	100781	Hatchback	500 (312)	312	3	EU-FIAT-500-312-HATCHBACK-PREFL-01	HIGH	改款前312三门掀背。	READY
100782	100782	Hatchback	500 (312)	312	3	EU-FIAT-500-312-HATCHBACK-PREFL-01	HIGH	改款前312三门掀背。	READY
100810	100810	Convertible	500 C (312)	312	3	EU-FIAT-500-312-CONVERTIBLE-PREFL-01	HIGH	改款前312敞篷车身。	READY
114584	114584	Convertible	500 C (312)	312	3	EU-FIAT-500-312-CONVERTIBLE-PREFL-01	HIGH	改款前312敞篷车身。	READY
125291	125291	Convertible	500 C (312)	312	3	EU-FIAT-500-312-CONVERTIBLE-PREFL-01	HIGH	改款前312敞篷车身。	READY
50282	50282	Hatchback	500 (312)	312	3	EU-FIAT-500-312-HATCHBACK-PREFL-01	HIGH	改款前312三门掀背。	READY
108260	108260	Convertible	500 C (312)	312	3	EU-FIAT-500-312-CONVERTIBLE-PREFL-01	HIGH	改款前312敞篷车身。	READY
163221	163221	Convertible	500 (332) Hybrid	332	3	EU-FIAT-500-332-CONVERTIBLE-HYBRID-01	HIGH	332轻混敞篷车身。	READY
800118	800118	Hatchback	500 (312, facelift 2015)	312	3	EU-FIAT-500-312-HATCHBACK-HYBRID-01	HIGH	312改款后轻混掀背。	READY
802520	802520	Hatchback	500 (332) Hybrid	332	3	EU-FIAT-500-332-HATCHBACK-HYBRID-01	HIGH	332轻混三门掀背。	READY
121445	121445	Hatchback	500 (312, facelift 2015)	312	3	EU-FIAT-500-312-HATCHBACK-DIESEL-01	HIGH	312改款后柴油掀背。	READY
105957	105957	Hatchback	500e (312)	312	3	EU-FIAT-500E-312-HATCHBACK-01	HIGH	北美500e（312）车身。	READY
5062	5062	Coupe	850 Sport Coupe		2	EU-FIAT-850-SPORT-COUPE-01	HIGH	Sport Coupe物理外廓。	READY
5063	5063	Convertible	850 Sport Spider		2	EU-FIAT-850-SPORT-SPIDER-01	HIGH	Sport Spider物理外廓。	READY
158500	158500	Hatchback	500 (332)	332	3	EU-FIAT-500-332-HATCHBACK-ELECTRIC-01	HIGH	332纯电三门掀背。	READY
55635	55635	MPV	500L (330)	330	5	EU-FIAT-500L-330-MPV-01	HIGH	输入Schrägheck按500L量产车身标准化为MPV。	READY
55634	55634	MPV	500L (330)	330	5	EU-FIAT-500L-330-MPV-01	HIGH	输入Schrägheck按500L量产车身标准化为MPV。	READY
100340	100340	MPV	500L (330)	330	5	EU-FIAT-500L-330-MPV-01	HIGH	输入Schrägheck按500L量产车身标准化为MPV。	READY
58792	58792	MPV	500L (330)	330	5	EU-FIAT-500L-330-MPV-01	HIGH	输入Schrägheck按500L量产车身标准化为MPV。	READY
127510	127510	MPV	500L (330)	330	5	EU-FIAT-500L-330-MPV-01	HIGH	输入Schrägheck按500L量产车身标准化为MPV。	READY
55636	55636	MPV	500L (330)	330	5	EU-FIAT-500L-330-MPV-01	HIGH	输入Schrägheck按500L量产车身标准化为MPV。	READY
107522	107522	MPV	500L (330)	330	5	EU-FIAT-500L-330-MPV-01	HIGH	输入Schrägheck按500L量产车身标准化为MPV。	READY
100859	100859	MPV	500L (330)	330	5	EU-FIAT-500L-330-MPV-01	HIGH	输入Schrägheck按500L量产车身标准化为MPV。	READY
52464	52464	MPV	500L (330)	330	5	EU-FIAT-500L-330-MPV-01	HIGH	输入Schrägheck按500L量产车身标准化为MPV。	READY
58528	58528	MPV	500L (330)	330	5	EU-FIAT-500L-330-MPV-01	HIGH	输入Schrägheck按500L量产车身标准化为MPV。	READY
108300	108300	SUV	500X (334)	334	5	EU-FIAT-500X-334-SUV-PREFL-01	HIGH	2014-2018原始外廓。	READY
108486	108486	SUV	500X (334)	334	5	EU-FIAT-500X-334-SUV-PREFL-01	HIGH	2014-2018原始外廓。	READY
111083	111083	SUV	500X (334)	334	5	EU-FIAT-500X-334-SUV-PREFL-01	HIGH	2014-2018原始外廓。	READY
115781	115781	SUV	500X (334)	334	5	EU-FIAT-500X-334-SUV-PREFL-01	HIGH	2014-2018原始外廓。	READY
112193	112193	SUV	500X (334)	334	5	EU-FIAT-500X-334-SUV-PREFL-01	HIGH	2014-2018原始外廓。	READY
112194	112194	SUV	500X (334)	334	5	EU-FIAT-500X-334-SUV-PREFL-01	HIGH	2014-2018原始外廓。	READY
127239	127239	SUV	500X (334)	334	5	EU-FIAT-500X-334-SUV-PREFL-01	HIGH	2014-2018原始外廓。	READY
147201_urban	147201	SUV	500X (334, facelift)	334	5	EU-FIAT-500X-334-SUV-FACELIFT-URBAN-01	HIGH	Urban外观物理外廓。	READY
147201_cross	147201	SUV	500X (334, facelift)	334	5	EU-FIAT-500X-334-SUV-FACELIFT-CROSS-01	HIGH	Cross外观物理外廓。	READY
147201_sport	147201	SUV	500X (334, facelift)	334	5	EU-FIAT-500X-334-SUV-FACELIFT-SPORT-01	HIGH	Sport外观物理外廓。	READY
108301	108301	SUV	500X (334)	334	5	EU-FIAT-500X-334-SUV-PREFL-01	HIGH	2014-2018原始外廓。	READY
108484	108484	SUV	500X (334)	334	5	EU-FIAT-500X-334-SUV-PREFL-01	HIGH	2014-2018原始外廓。	READY
144054_urban	144054	SUV	500X (334, facelift)	334	5	EU-FIAT-500X-334-SUV-FACELIFT-URBAN-01	HIGH	Urban外观物理外廓。	READY
144054_cross	144054	SUV	500X (334, facelift)	334	5	EU-FIAT-500X-334-SUV-FACELIFT-CROSS-01	HIGH	Cross外观物理外廓。	READY
144054_sport	144054	SUV	500X (334, facelift)	334	5	EU-FIAT-500X-334-SUV-FACELIFT-SPORT-01	HIGH	Sport外观物理外廓。	READY
108302	108302	SUV	500X (334)	334	5	EU-FIAT-500X-334-SUV-PREFL-01	HIGH	2014-2018原始外廓。	READY
108488	108488	SUV	500X (334)	334	5	EU-FIAT-500X-334-SUV-PREFL-01	HIGH	2014-2018原始外廓。	READY
155217	155217	SUV	600 (2023)		5	EU-FIAT-600-2023-SUV-01	HIGH	2023款600量产车身。	READY
156874	156874	SUV	600 (2023)		5	EU-FIAT-600-2023-SUV-01	HIGH	2023款600量产车身。	READY
800119	800119	SUV	600 (2023)		5	EU-FIAT-600-2023-SUV-01	HIGH	2023款600量产车身。	READY
801962	801962	SUV	600 (2023)		5	EU-FIAT-600-2023-SUV-02	HIGH	2025技术规格外廓。	READY
801963	801963	SUV	600 (2023)		5	EU-FIAT-600-2023-SUV-02	HIGH	2025技术规格外廓。	READY
14409	14409	MPV	900 T/E Panorama	200		EU-FIAT-900-TE-200-MPV-01	HIGH	900 T/E小型客车标准外廓。	READY
14408	14408	MPV	900 T/E Pulmino	200		EU-FIAT-900-TE-200-MPV-01	HIGH	900 T/E小型客车标准外廓。	READY
14460	14460	Sedan	Argenta (132A)	132A	4	EU-FIAT-ARGENTA-132A-SEDAN-01	HIGH	132A四门轿车外廓。	READY
14465	14465	Sedan	Argenta (132A)	132A	4	EU-FIAT-ARGENTA-132A-SEDAN-01	HIGH	132A四门轿车外廓。	READY
5150	5150	Hatchback	Brava (182)	182	5	EU-FIAT-BRAVA-182-HATCHBACK-14-01	HIGH	1.4 75版本外廓。	READY
10683	10683	Hatchback	Brava (182)	182	5	EU-FIAT-BRAVA-182-HATCHBACK-STANDARD-01	HIGH	1.2 16V外廓。	READY
15563	15563	Hatchback	Brava (182)	182	5	EU-FIAT-BRAVA-182-HATCHBACK-STANDARD-01	HIGH	1.2 16V外廓。	READY
5738	5738	Hatchback	Brava (182)	182	5	EU-FIAT-BRAVA-182-HATCHBACK-14-12V-01	HIGH	1.4 12V外廓独立。	READY
5151	5151	Hatchback	Brava (182)	182	5	EU-FIAT-BRAVA-182-HATCHBACK-STANDARD-01	HIGH	标准五门外廓。	READY
10583	10583	Hatchback	Brava (182)	182	5	EU-FIAT-BRAVA-182-HATCHBACK-STANDARD-01	HIGH	标准五门外廓。	READY
5739	5739	Hatchback	Brava (182)	182	5	EU-FIAT-BRAVA-182-HATCHBACK-STANDARD-01	HIGH	标准五门外廓。	READY
5740	5740	Hatchback	Brava (182)	182	5	EU-FIAT-BRAVA-182-HATCHBACK-STANDARD-01	HIGH	标准五门外廓。	READY
5741	5741	Hatchback	Bravo I (182)	182	3	EU-FIAT-BRAVO-182-HATCHBACK-STANDARD-01	HIGH	标准三门外廓。	READY
10684	10684	Hatchback	Bravo I (182)	182	3	EU-FIAT-BRAVO-182-HATCHBACK-STANDARD-01	HIGH	标准三门外廓。	READY
15564	15564	Hatchback	Bravo I (182)	182	3	EU-FIAT-BRAVO-182-HATCHBACK-STANDARD-01	HIGH	标准三门外廓。	READY
10582	10582	Hatchback	Bravo I (182)	182	3	EU-FIAT-BRAVO-182-HATCHBACK-STANDARD-01	HIGH	标准三门外廓。	READY
5743	5743	Hatchback	Bravo I (182)	182	3	EU-FIAT-BRAVO-182-HATCHBACK-STANDARD-01	HIGH	标准三门外廓。	READY
5746	5746	Hatchback	Bravo I (182)	182	3	EU-FIAT-BRAVO-182-HATCHBACK-STANDARD-01	HIGH	标准三门外廓。	READY
11287	11287	Hatchback	Bravo I (182)	182	3	EU-FIAT-BRAVO-182-HATCHBACK-HGT-01	HIGH	HGT加长外廓。	READY
11008	11008	Hatchback	Bravo II (198)	198	5	EU-FIAT-BRAVO-II-198-HATCHBACK-01	HIGH	Bravo II五门外廓。	READY
14477	14477	Hatchback	Cinquecento (170)	170	3	EU-FIAT-CINQUECENTO-170-HATCHBACK-01	HIGH	标准三门外廓。	READY
14479	14479	Hatchback	Cinquecento (170)	170	3	EU-FIAT-CINQUECENTO-170-HATCHBACK-01	HIGH	标准三门外廓。	READY
15823	15823	Hatchback	Cinquecento (170)	170	3	EU-FIAT-CINQUECENTO-170-HATCHBACK-09IE-01	HIGH	0.9 i.e.外廓记录。	READY
10235	10235	Coupe	Coupe (FA/175)	175	2	EU-FIAT-COUPE-175-COUPE-01	HIGH	FA/175双门Coupe。	READY
11653	11653	Hatchback	Croma I (154)	154	5	EU-FIAT-CROMA-I-154-HATCHBACK-01	HIGH	第一代五门掀背。	READY
12052	12052	Wagon	Croma II (194)	194	5	EU-FIAT-CROMA-II-194-WAGON-PREFL-01	HIGH	2005-2007改款前外廓。	READY
18903_prefl	18903	Wagon	Croma II (194)	194	5	EU-FIAT-CROMA-II-194-WAGON-PREFL-01	HIGH	同一Ktype跨2007改款，拆分改款前。	READY
18903_facelift	18903	Wagon	Croma II (194)	194	5	EU-FIAT-CROMA-II-194-WAGON-FACELIFT-01	HIGH	同一Ktype跨2007改款，拆分改款后。	READY
18904_prefl	18904	Wagon	Croma II (194)	194	5	EU-FIAT-CROMA-II-194-WAGON-PREFL-01	HIGH	同一Ktype跨2007改款，拆分改款前。	READY
18904_facelift	18904	Wagon	Croma II (194)	194	5	EU-FIAT-CROMA-II-194-WAGON-FACELIFT-01	HIGH	同一Ktype跨2007改款，拆分改款后。	READY
18889_prefl	18889	Wagon	Croma II (194)	194	5	EU-FIAT-CROMA-II-194-WAGON-PREFL-01	HIGH	同一Ktype跨2007改款，拆分改款前。	READY
18889_facelift	18889	Wagon	Croma II (194)	194	5	EU-FIAT-CROMA-II-194-WAGON-FACELIFT-01	HIGH	同一Ktype跨2007改款，拆分改款后。	READY
18905_prefl	18905	Wagon	Croma II (194)	194	5	EU-FIAT-CROMA-II-194-WAGON-PREFL-01	HIGH	同一Ktype跨2007改款，拆分改款前。	READY
18905_facelift	18905	Wagon	Croma II (194)	194	5	EU-FIAT-CROMA-II-194-WAGON-FACELIFT-01	HIGH	同一Ktype跨2007改款，拆分改款后。	READY
6002	6002	Hatchback	Croma I (154)	154	5	EU-FIAT-CROMA-I-154-HATCHBACK-01	HIGH	第一代五门掀背。	READY
14487	14487	Hatchback	Croma I (154)	154	5	EU-FIAT-CROMA-I-154-HATCHBACK-01	HIGH	第一代五门掀背。	READY
15625	15625	MPV	Doblo I (223)	223	5	EU-FIAT-DOBLO-I-223-MPV-PREFL-01	HIGH	改款前乘用车身。	READY
15627	15627	Van/MPV	Doblo I (223)	223		EU-FIAT-DOBLO-I-223-MPV-PREFL-01	MEDIUM	输入同时覆盖Kasten/Großraumlimousine，外廓共用。	READY
120297_swb_prefl	120297	Pickup	Doblo II (263)	263	2	EU-FIAT-DOBLO-II-263-PICKUP-CHASSIS-SWB-PREFL-01	HIGH	改款前短轴平台驾驶室。	READY
120297_lwb_prefl	120297	Pickup	Doblo II (263)	263	2	EU-FIAT-DOBLO-II-263-PICKUP-CHASSIS-LWB-PREFL-01	HIGH	改款前长轴平台驾驶室。	READY
120297_swb_facelift	120297	Pickup	Doblo II (263, facelift 2015)	263	2	EU-FIAT-DOBLO-II-263-PICKUP-CHASSIS-SWB-FACELIFT-01	HIGH	2015改款后短轴平台驾驶室。	READY
120297_lwb_facelift	120297	Pickup	Doblo II (263, facelift 2015)	263	2	EU-FIAT-DOBLO-II-263-PICKUP-CHASSIS-LWB-FACELIFT-01	HIGH	2015改款后长轴平台驾驶室。	READY
100767_swb_prefl	100767	Pickup	Doblo II (263)	263	2	EU-FIAT-DOBLO-II-263-PICKUP-CHASSIS-SWB-PREFL-01	HIGH	改款前短轴平台驾驶室。	READY
100767_lwb_prefl	100767	Pickup	Doblo II (263)	263	2	EU-FIAT-DOBLO-II-263-PICKUP-CHASSIS-LWB-PREFL-01	HIGH	改款前长轴平台驾驶室。	READY
100767_workup_prefl	100767	Pickup	Doblo II (263)	263	2	EU-FIAT-DOBLO-II-263-PICKUP-WORKUP-PREFL-01	HIGH	改款前Work Up货斗外廓。	READY
100767_swb_facelift	100767	Pickup	Doblo II (263, facelift 2015)	263	2	EU-FIAT-DOBLO-II-263-PICKUP-CHASSIS-SWB-FACELIFT-01	HIGH	2015改款后短轴平台驾驶室。	READY
100767_lwb_facelift	100767	Pickup	Doblo II (263, facelift 2015)	263	2	EU-FIAT-DOBLO-II-263-PICKUP-CHASSIS-LWB-FACELIFT-01	HIGH	2015改款后长轴平台驾驶室。	READY
100767_workup_facelift	100767	Pickup	Doblo II (263, facelift 2015)	263	2	EU-FIAT-DOBLO-II-263-PICKUP-WORKUP-FACELIFT-01	HIGH	2015改款后Work Up货斗外廓。	READY
119855_swb	119855	Pickup	Doblo II (263, facelift 2015)	263	2	EU-FIAT-DOBLO-II-263-PICKUP-CHASSIS-SWB-FACELIFT-01	HIGH	2015改款后短轴平台驾驶室。	READY
119855_lwb	119855	Pickup	Doblo II (263, facelift 2015)	263	2	EU-FIAT-DOBLO-II-263-PICKUP-CHASSIS-LWB-FACELIFT-01	HIGH	2015改款后长轴平台驾驶室。	READY
119855_workup	119855	Pickup	Doblo II (263, facelift 2015)	263	2	EU-FIAT-DOBLO-II-263-PICKUP-WORKUP-FACELIFT-01	HIGH	2015改款后Work Up货斗外廓。	READY
119856_swb	119856	Pickup	Doblo II (263, facelift 2015)	263	2	EU-FIAT-DOBLO-II-263-PICKUP-CHASSIS-SWB-FACELIFT-01	HIGH	2015改款后短轴平台驾驶室。	READY
119856_lwb	119856	Pickup	Doblo II (263, facelift 2015)	263	2	EU-FIAT-DOBLO-II-263-PICKUP-CHASSIS-LWB-FACELIFT-01	HIGH	2015改款后长轴平台驾驶室。	READY
119856_workup	119856	Pickup	Doblo II (263, facelift 2015)	263	2	EU-FIAT-DOBLO-II-263-PICKUP-WORKUP-FACELIFT-01	HIGH	2015改款后Work Up货斗外廓。	READY
18206_prefl	18206	Van/MPV	Doblo I (223)	223		EU-FIAT-DOBLO-I-223-MPV-PREFL-01	MEDIUM	同一Ktype跨2005改款，拆分改款前。	READY
18206_facelift	18206	Van/MPV	Doblo I (223, facelift 2005)	223		EU-FIAT-DOBLO-I-223-MPV-FACELIFT-01	MEDIUM	同一Ktype跨2005改款，拆分改款后。	READY
58735	58735	MPV	Doblo I (223)	223	5	EU-FIAT-DOBLO-I-223-MPV-PREFL-01	HIGH	改款前乘用车身。	READY
120298_swb_prefl	120298	Pickup	Doblo II (263)	263	2	EU-FIAT-DOBLO-II-263-PICKUP-CHASSIS-SWB-PREFL-01	HIGH	改款前短轴平台驾驶室。	READY
120298_lwb_prefl	120298	Pickup	Doblo II (263)	263	2	EU-FIAT-DOBLO-II-263-PICKUP-CHASSIS-LWB-PREFL-01	HIGH	改款前长轴平台驾驶室。	READY
120298_swb_facelift	120298	Pickup	Doblo II (263, facelift 2015)	263	2	EU-FIAT-DOBLO-II-263-PICKUP-CHASSIS-SWB-FACELIFT-01	HIGH	2015改款后短轴平台驾驶室。	READY
120298_lwb_facelift	120298	Pickup	Doblo II (263, facelift 2015)	263	2	EU-FIAT-DOBLO-II-263-PICKUP-CHASSIS-LWB-FACELIFT-01	HIGH	2015改款后长轴平台驾驶室。	READY
16513	16513	MPV	Doblo I (223)	223	5	EU-FIAT-DOBLO-I-223-MPV-PREFL-01	HIGH	改款前乘用车身。	READY
16660	16660	Van/MPV	Doblo I (223)	223		EU-FIAT-DOBLO-I-223-MPV-PREFL-01	MEDIUM	输入同时覆盖Kasten/Großraumlimousine，外廓共用。	READY
10543_swb_prefl	10543	Pickup	Doblo II (263)	263	2	EU-FIAT-DOBLO-II-263-PICKUP-CHASSIS-SWB-PREFL-01	HIGH	改款前短轴平台驾驶室。	READY
10543_lwb_prefl	10543	Pickup	Doblo II (263)	263	2	EU-FIAT-DOBLO-II-263-PICKUP-CHASSIS-LWB-PREFL-01	HIGH	改款前长轴平台驾驶室。	READY
10543_workup_prefl	10543	Pickup	Doblo II (263)	263	2	EU-FIAT-DOBLO-II-263-PICKUP-WORKUP-PREFL-01	HIGH	改款前Work Up货斗外廓。	READY
10543_swb_facelift	10543	Pickup	Doblo II (263, facelift 2015)	263	2	EU-FIAT-DOBLO-II-263-PICKUP-CHASSIS-SWB-FACELIFT-01	HIGH	2015改款后短轴平台驾驶室。	READY
10543_lwb_facelift	10543	Pickup	Doblo II (263, facelift 2015)	263	2	EU-FIAT-DOBLO-II-263-PICKUP-CHASSIS-LWB-FACELIFT-01	HIGH	2015改款后长轴平台驾驶室。	READY
10543_workup_facelift	10543	Pickup	Doblo II (263, facelift 2015)	263	2	EU-FIAT-DOBLO-II-263-PICKUP-WORKUP-FACELIFT-01	HIGH	2015改款后Work Up货斗外廓。	READY
12206_swb_prefl	12206	Pickup	Doblo II (263)	263	2	EU-FIAT-DOBLO-II-263-PICKUP-CHASSIS-SWB-PREFL-01	HIGH	改款前短轴平台驾驶室。	READY
12206_lwb_prefl	12206	Pickup	Doblo II (263)	263	2	EU-FIAT-DOBLO-II-263-PICKUP-CHASSIS-LWB-PREFL-01	HIGH	改款前长轴平台驾驶室。	READY
12206_workup_prefl	12206	Pickup	Doblo II (263)	263	2	EU-FIAT-DOBLO-II-263-PICKUP-WORKUP-PREFL-01	HIGH	改款前Work Up货斗外廓。	READY
12206_swb_facelift	12206	Pickup	Doblo II (263, facelift 2015)	263	2	EU-FIAT-DOBLO-II-263-PICKUP-CHASSIS-SWB-FACELIFT-01	HIGH	2015改款后短轴平台驾驶室。	READY
12206_lwb_facelift	12206	Pickup	Doblo II (263, facelift 2015)	263	2	EU-FIAT-DOBLO-II-263-PICKUP-CHASSIS-LWB-FACELIFT-01	HIGH	2015改款后长轴平台驾驶室。	READY
12206_workup_facelift	12206	Pickup	Doblo II (263, facelift 2015)	263	2	EU-FIAT-DOBLO-II-263-PICKUP-WORKUP-FACELIFT-01	HIGH	2015改款后Work Up货斗外廓。	READY
119851_swb	119851	Pickup	Doblo II (263, facelift 2015)	263	2	EU-FIAT-DOBLO-II-263-PICKUP-CHASSIS-SWB-FACELIFT-01	HIGH	2015改款后短轴平台驾驶室。	READY
119851_lwb	119851	Pickup	Doblo II (263, facelift 2015)	263	2	EU-FIAT-DOBLO-II-263-PICKUP-CHASSIS-LWB-FACELIFT-01	HIGH	2015改款后长轴平台驾驶室。	READY
119851_workup	119851	Pickup	Doblo II (263, facelift 2015)	263	2	EU-FIAT-DOBLO-II-263-PICKUP-WORKUP-FACELIFT-01	HIGH	2015改款后Work Up货斗外廓。	READY
15626	15626	MPV	Doblo I (223)	223	5	EU-FIAT-DOBLO-I-223-MPV-PREFL-01	HIGH	改款前乘用车身。	READY
15628	15628	Van/MPV	Doblo I (223)	223		EU-FIAT-DOBLO-I-223-MPV-PREFL-01	MEDIUM	输入同时覆盖Kasten/Großraumlimousine，外廓共用。	READY
16457	16457	MPV	Doblo I (223)	223	5	EU-FIAT-DOBLO-I-223-MPV-PREFL-01	HIGH	改款前乘用车身。	READY
16661	16661	Van/MPV	Doblo I (223)	223		EU-FIAT-DOBLO-I-223-MPV-PREFL-01	MEDIUM	输入同时覆盖Kasten/Großraumlimousine，外廓共用。	READY
17978	17978	MPV	Doblò I pre-facelift	223	5	EU-FIAT-DOBLO-I-223-MPV-PREFL-01	HIGH	223乘用型标准外廓。	READY
17979_swb_prefl	17979	Van	Doblò I pre-facelift	223		EU-FIAT-DOBLO-I-223-MPV-PREFL-01	HIGH	改款前标准轴距低顶外廓。	READY
17979_swb_facelift	17979	Van	Doblò I facelift	223		EU-FIAT-DOBLO-I-223-VAN-SWB-FACELIFT-01	HIGH	改款后标准轴距低顶。	READY
17979_swb_highroof_facelift	17979	Van	Doblò I facelift	223		EU-FIAT-DOBLO-I-223-VAN-SWB-HIGHROOF-FACELIFT-01	HIGH	改款后标准轴距高顶。	READY
17979_lwb_facelift	17979	Van	Doblò I facelift	223		EU-FIAT-DOBLO-I-223-VAN-LWB-FACELIFT-01	HIGH	改款后长轴低顶。	READY
149150	149150	MPV	Doblò III pre-facelift	K9	5	EU-FIAT-DOBLO-III-K9-MPV-ICE-SWB-01	HIGH	K9燃油乘用型标准轴距。	READY
149158_swb	149158	Van	Doblò III pre-facelift	K9		EU-FIAT-DOBLO-III-K9-VAN-SWB-01	HIGH	标准轴距厢式车。	READY
149158_lwb	149158	Van	Doblò III pre-facelift	K9		EU-FIAT-DOBLO-III-K9-VAN-LWB-01	HIGH	Maxi长轴厢式车。	READY
149151	149151	MPV	Doblò III pre-facelift	K9	5	EU-FIAT-DOBLO-III-K9-MPV-ICE-SWB-01	HIGH	K9燃油乘用型标准轴距。	READY
149160_swb	149160	Van	Doblò III pre-facelift	K9		EU-FIAT-DOBLO-III-K9-VAN-SWB-01	HIGH	标准轴距厢式车。	READY
149160_lwb	149160	Van	Doblò III pre-facelift	K9		EU-FIAT-DOBLO-III-K9-VAN-LWB-01	HIGH	Maxi长轴厢式车。	READY
801407_swb	801407	Van	Doblò III facelift	K9		EU-FIAT-DOBLO-III-K9-VAN-SWB-4X4-FACELIFT-01	HIGH	Dangel 4WD短轴厢式车。	READY
801407_lwb	801407	Van	Doblò III facelift	K9		EU-FIAT-DOBLO-III-K9-VAN-LWB-4X4-FACELIFT-01	HIGH	Dangel 4WD长轴厢式车。	READY
149149	149149	MPV	Doblò III pre-facelift	K9	5	EU-FIAT-DOBLO-III-K9-MPV-ELECTRIC-SWB-01	HIGH	K9电动乘用型标准轴距。	READY
149153_swb	149153	Van	Doblò III pre-facelift	K9		EU-FIAT-DOBLO-III-K9-VAN-SWB-01	HIGH	标准轴距厢式车。	READY
149153_lwb	149153	Van	Doblò III pre-facelift	K9		EU-FIAT-DOBLO-III-K9-VAN-LWB-01	HIGH	Maxi长轴厢式车。	READY
158238	158238	MPV	Doblò III facelift	K9	5	EU-FIAT-DOBLO-III-K9-MPV-ELECTRIC-SWB-01	MEDIUM	K9改款电动乘用型标准轴距。	READY
158239_swb	158239	Van	Doblò III facelift	K9		EU-FIAT-DOBLO-III-K9-VAN-SWB-01	HIGH	标准轴距厢式车。	READY
158239_lwb	158239	Van	Doblò III facelift	K9		EU-FIAT-DOBLO-III-K9-VAN-LWB-01	HIGH	Maxi长轴厢式车。	READY
801408_swb	801408	Van	Doblò III facelift	K9		EU-FIAT-DOBLO-III-K9-VAN-SWB-4X4-FACELIFT-01	HIGH	电动4WD短轴厢式车。	READY
801408_lwb	801408	Van	Doblò III facelift	K9		EU-FIAT-DOBLO-III-K9-VAN-LWB-4X4-FACELIFT-01	HIGH	电动4WD长轴厢式车。	READY
149152	149152	MPV	Doblò III pre-facelift	K9	5	EU-FIAT-DOBLO-III-K9-MPV-ICE-SWB-01	HIGH	K9燃油乘用型标准轴距。	READY
149155_swb	149155	Van	Doblò III pre-facelift	K9		EU-FIAT-DOBLO-III-K9-VAN-SWB-01	HIGH	标准轴距厢式车。	READY
149155_lwb	149155	Van	Doblò III pre-facelift	K9		EU-FIAT-DOBLO-III-K9-VAN-LWB-01	HIGH	Maxi长轴厢式车。	READY
100768_swb_prefl	100768	Van	Doblò II pre-facelift	263		EU-FIAT-DOBLO-II-263-VAN-SWB-PREFL-01	HIGH	75 PS Cargo改款前L1H1。	READY
100768_swb_facelift	100768	Van	Doblò II facelift	263		EU-FIAT-DOBLO-II-263-VAN-SWB-FACELIFT-01	HIGH	75 PS Cargo改款后L1H1。	READY
119852_swb	119852	Van	Doblò II facelift	263		EU-FIAT-DOBLO-II-263-VAN-SWB-FACELIFT-01	HIGH	Cargo L1H1。	READY
119852_lwb	119852	Van	Doblò II facelift	263		EU-FIAT-DOBLO-II-263-VAN-LWB-FACELIFT-01	HIGH	Cargo L2H1。	READY
119854_swb	119854	Van	Doblò II facelift	263		EU-FIAT-DOBLO-II-263-VAN-SWB-FACELIFT-01	HIGH	Cargo L1H1。	READY
119854_lwb	119854	Van	Doblò II facelift	263		EU-FIAT-DOBLO-II-263-VAN-LWB-FACELIFT-01	HIGH	Cargo L2H1。	READY
119850_swb	119850	Van	Doblò II facelift	263		EU-FIAT-DOBLO-II-263-VAN-SWB-FACELIFT-01	HIGH	120 PS Cargo L1H1。	READY
119850_lwb	119850	Van	Doblò II facelift	263		EU-FIAT-DOBLO-II-263-VAN-LWB-FACELIFT-01	HIGH	120 PS Cargo L2H1。	READY
119850_lwb_highroof	119850	Van	Doblò II facelift	263		EU-FIAT-DOBLO-II-263-VAN-LWB-HIGHROOF-FACELIFT-01	HIGH	120 PS Cargo L2H2高顶。	READY
119853	119853	MPV	Doblò II facelift	263		EU-FIAT-DOBLO-II-263-VAN-SWB-FACELIFT-01	HIGH	95 PS Combi L1H1。	READY
113175_swb	113175	MPV	Doblò II facelift	263		EU-FIAT-DOBLO-II-263-VAN-SWB-FACELIFT-01	MEDIUM	95 PS Kombi短轴外廓。	READY
113175_lwb	113175	MPV	Doblò II facelift	263		EU-FIAT-DOBLO-II-263-VAN-LWB-FACELIFT-01	MEDIUM	95 PS Kombi长轴外廓。	READY
113191_swb	113191	MPV	Doblò II facelift	263		EU-FIAT-DOBLO-II-263-VAN-SWB-FACELIFT-01	MEDIUM	120 PS Kombi短轴外廓。	READY
113191_lwb	113191	MPV	Doblò II facelift	263		EU-FIAT-DOBLO-II-263-VAN-LWB-FACELIFT-01	MEDIUM	120 PS Kombi长轴外廓。	READY
119865_swb	119865	MPV	Doblò II facelift	263		EU-FIAT-DOBLO-II-263-VAN-SWB-FACELIFT-01	MEDIUM	100 PS Kombi短轴外廓。	READY
119865_lwb	119865	MPV	Doblò II facelift	263		EU-FIAT-DOBLO-II-263-VAN-LWB-FACELIFT-01	MEDIUM	100 PS Kombi长轴外廓。	READY
124817_lowroof	124817	Van	Ducato I pre-facelift	280		EU-FIAT-DUCATO-I-280-VAN-LOWROOF-01	HIGH	280前驱标准顶厢式车。	READY
124817_highroof	124817	Van	Ducato I pre-facelift	280		EU-FIAT-DUCATO-I-280-VAN-HIGHROOF-01	HIGH	280前驱高顶厢式车。	READY
7793_swb	7793	Pickup	Ducato I facelift	290	2	EU-FIAT-DUCATO-I-290-PICKUP-SWB-01	MEDIUM	短轴原厂平板。	READY
7793_lwb	7793	Pickup	Ducato I facelift	290	2	EU-FIAT-DUCATO-I-290-PICKUP-LWB-01	MEDIUM	长轴原厂平板。	READY
11847_swb	11847	Pickup	Ducato II	230	2	EU-FIAT-DUCATO-II-230-PICKUP-SWB-01	MEDIUM	短轴原厂平板。	READY
11847_mwb	11847	Pickup	Ducato II	230	2	EU-FIAT-DUCATO-II-230-PICKUP-MWB-01	MEDIUM	中轴原厂平板。	READY
14369_lwb_doublecab	14369	Pickup	Ducato I pre-facelift	280	4	EU-FIAT-DUCATO-I-280-CHASSIS-LWB-DOUBLECAB-01	HIGH	长轴双排座底盘。	READY
14375_swb	14375	Pickup	Ducato I pre-facelift	280	2	EU-FIAT-DUCATO-I-280-PICKUP-SWB-01	MEDIUM	短轴原厂平板。	READY
14375_maxi	14375	Pickup	Ducato I pre-facelift	280	2	EU-FIAT-DUCATO-I-280-PICKUP-MAXI-01	MEDIUM	Maxi原厂平板。	READY
16648_swb_lowroof	16648	Van	Ducato II facelift	244		EU-FIAT-DUCATO-II-244-VAN-SWB-LOWROOF-01	HIGH	短轴标准顶厢式车。	READY
16648_swb_highroof	16648	Van	Ducato II facelift	244		EU-FIAT-DUCATO-II-244-VAN-SWB-HIGHROOF-01	HIGH	短轴高顶厢式车。	READY
16648_mwb_lowroof	16648	Van	Ducato II facelift	244		EU-FIAT-DUCATO-II-244-VAN-MWB-LOWROOF-01	HIGH	中轴标准顶厢式车。	READY
16648_mwb_highroof	16648	Van	Ducato II facelift	244		EU-FIAT-DUCATO-II-244-VAN-MWB-HIGHROOF-01	HIGH	中轴高顶厢式车。	READY
16648_mwb_superhighroof	16648	Van	Ducato II facelift	244		EU-FIAT-DUCATO-II-244-VAN-MWB-SUPERHIGHROOF-01	HIGH	中轴超高顶厢式车。	READY
16648_mwb_maxi_lowroof	16648	Van	Ducato II facelift	244		EU-FIAT-DUCATO-II-244-VAN-MWB-MAXI-LOWROOF-01	HIGH	MAXI中轴标准顶厢式车。	READY
16648_mwb_maxi_highroof	16648	Van	Ducato II facelift	244		EU-FIAT-DUCATO-II-244-VAN-MWB-MAXI-HIGHROOF-01	HIGH	MAXI中轴高顶厢式车。	READY
16648_mwb_maxi_superhighroof	16648	Van	Ducato II facelift	244		EU-FIAT-DUCATO-II-244-VAN-MWB-MAXI-SUPERHIGHROOF-01	HIGH	MAXI中轴超高顶厢式车。	READY
16648_lwb_highroof	16648	Van	Ducato II facelift	244		EU-FIAT-DUCATO-II-244-VAN-LWB-HIGHROOF-01	HIGH	长轴高顶厢式车。	READY
16648_lwb_superhighroof	16648	Van	Ducato II facelift	244		EU-FIAT-DUCATO-II-244-VAN-LWB-SUPERHIGHROOF-01	HIGH	长轴超高顶厢式车。	READY
16652_swb_lowroof	16652	MPV	Ducato II facelift	244	4	EU-FIAT-DUCATO-II-244-VAN-SWB-LOWROOF-01	HIGH	短轴乘用型标准顶。	READY
16652_mwb_lowroof	16652	MPV	Ducato II facelift	244	4	EU-FIAT-DUCATO-II-244-VAN-MWB-LOWROOF-01	HIGH	中轴乘用型标准顶。	READY
16652_mwb_highroof	16652	MPV	Ducato II facelift	244	4	EU-FIAT-DUCATO-II-244-VAN-MWB-HIGHROOF-01	MEDIUM	中轴乘用型高顶。	READY
58734_swb	58734	Pickup	Ducato II facelift	244	2	EU-FIAT-DUCATO-II-244-PICKUP-SWB-01	HIGH	短轴原厂平板。	READY
58734_mwb	58734	Pickup	Ducato II facelift	244	2	EU-FIAT-DUCATO-II-244-PICKUP-MWB-01	HIGH	中轴原厂平板。	READY
58734_lwb	58734	Pickup	Ducato II facelift	244	2	EU-FIAT-DUCATO-II-244-PICKUP-LWB-01	HIGH	长轴原厂平板。	READY
58734_mwb_maxi	58734	Pickup	Ducato II facelift	244	2	EU-FIAT-DUCATO-II-244-PICKUP-MWB-MAXI-01	HIGH	MAXI中轴原厂平板。	READY
58734_lwb_maxi	58734	Pickup	Ducato II facelift	244	2	EU-FIAT-DUCATO-II-244-PICKUP-LWB-MAXI-01	HIGH	MAXI长轴原厂平板。	READY
7796_lowroof	7796	Van	Ducato I facelift	290		EU-FIAT-DUCATO-I-290-VAN-LOWROOF-01	HIGH	290前驱标准顶厢式车。	READY
7796_highroof	7796	Van	Ducato I facelift	290		EU-FIAT-DUCATO-I-290-VAN-HIGHROOF-01	HIGH	290前驱高顶厢式车。	READY
11409	11409	MPV	Ducato II	230		EU-FIAT-DUCATO-II-230-VAN-MWB-LOWROOF-01	MEDIUM	230中轴乘用型标准顶外廓。	READY
11843_swb_lowroof	11843	Van	Ducato II	230		EU-FIAT-DUCATO-II-230-VAN-SWB-LOWROOF-01	MEDIUM	230短轴标准顶厢式车。	READY
11843_swb_highroof	11843	Van	Ducato II	230		EU-FIAT-DUCATO-II-230-VAN-SWB-HIGHROOF-01	MEDIUM	230短轴高顶厢式车。	READY
11843_mwb_lowroof	11843	Van	Ducato II	230		EU-FIAT-DUCATO-II-230-VAN-MWB-LOWROOF-01	MEDIUM	230中轴标准顶厢式车。	READY
11843_mwb_highroof	11843	Van	Ducato II	230		EU-FIAT-DUCATO-II-230-VAN-MWB-HIGHROOF-01	MEDIUM	230中轴高顶厢式车。	READY
11849_swb	11849	Pickup	Ducato II	230	2	EU-FIAT-DUCATO-II-230-PICKUP-SWB-01	MEDIUM	短轴原厂平板。	READY
11849_mwb	11849	Pickup	Ducato II	230	2	EU-FIAT-DUCATO-II-230-PICKUP-MWB-01	MEDIUM	中轴原厂平板。	READY
14372_swb	14372	Pickup	Ducato I pre-facelift	280	2	EU-FIAT-DUCATO-I-280-PICKUP-SWB-01	MEDIUM	短轴原厂平板。	READY
14372_maxi	14372	Pickup	Ducato I pre-facelift	280	2	EU-FIAT-DUCATO-I-280-PICKUP-MAXI-01	MEDIUM	Maxi原厂平板。	READY
14464_swb	14464	Pickup	Ducato II	230	2	EU-FIAT-DUCATO-II-230-PICKUP-SWB-01	MEDIUM	短轴原厂平板。	READY
14464_mwb	14464	Pickup	Ducato II	230	2	EU-FIAT-DUCATO-II-230-PICKUP-MWB-01	MEDIUM	中轴原厂平板。	READY
57973_swb	57973	Pickup	Ducato I facelift	290	2	EU-FIAT-DUCATO-I-290-PICKUP-SWB-01	MEDIUM	短轴原厂平板。	READY
57973_lwb	57973	Pickup	Ducato I facelift	290	2	EU-FIAT-DUCATO-I-290-PICKUP-LWB-01	MEDIUM	长轴原厂平板。	READY
7792_lowroof	7792	Van	Ducato I facelift	290		EU-FIAT-DUCATO-I-290-VAN-LOWROOF-01	HIGH	290前驱标准顶厢式车。	READY
7792_highroof	7792	Van	Ducato I facelift	290		EU-FIAT-DUCATO-I-290-VAN-HIGHROOF-01	HIGH	290前驱高顶厢式车。	READY
11090_swb	11090	Pickup	Ducato I facelift	290	2	EU-FIAT-DUCATO-I-290-PICKUP-SWB-01	HIGH	短轴原厂平板。	READY
11090_lwb	11090	Pickup	Ducato I facelift	290	2	EU-FIAT-DUCATO-I-290-PICKUP-LWB-01	HIGH	长轴原厂平板。	READY
11410	11410	MPV	Ducato II	230		EU-FIAT-DUCATO-II-230-VAN-MWB-LOWROOF-01	MEDIUM	230中轴乘用型标准顶外廓。	READY
11842_swb_lowroof	11842	Van	Ducato II	230		EU-FIAT-DUCATO-II-230-VAN-SWB-LOWROOF-01	MEDIUM	230短轴标准顶厢式车。	READY
11842_swb_highroof	11842	Van	Ducato II	230		EU-FIAT-DUCATO-II-230-VAN-SWB-HIGHROOF-01	MEDIUM	230短轴高顶厢式车。	READY
11842_mwb_lowroof	11842	Van	Ducato II	230		EU-FIAT-DUCATO-II-230-VAN-MWB-LOWROOF-01	MEDIUM	230中轴标准顶厢式车。	READY
11842_mwb_highroof	11842	Van	Ducato II	230		EU-FIAT-DUCATO-II-230-VAN-MWB-HIGHROOF-01	MEDIUM	230中轴高顶厢式车。	READY
11848_swb_lowroof	11848	Van	Ducato II	230		EU-FIAT-DUCATO-II-230-VAN-SWB-LOWROOF-01	HIGH	230短轴标准顶厢式车。	READY
11848_swb_highroof	11848	Van	Ducato II	230		EU-FIAT-DUCATO-II-230-VAN-SWB-HIGHROOF-01	HIGH	230短轴高顶厢式车。	READY
11848_mwb_lowroof	11848	Van	Ducato II	230		EU-FIAT-DUCATO-II-230-VAN-MWB-LOWROOF-01	HIGH	230中轴标准顶厢式车。	READY
11848_mwb_highroof	11848	Van	Ducato II	230		EU-FIAT-DUCATO-II-230-VAN-MWB-HIGHROOF-01	HIGH	230中轴高顶厢式车。	READY
11850_swb	11850	Pickup	Ducato II	230	2	EU-FIAT-DUCATO-II-230-PICKUP-SWB-01	MEDIUM	短轴原厂平板。	READY
11850_mwb	11850	Pickup	Ducato II	230	2	EU-FIAT-DUCATO-II-230-PICKUP-MWB-01	MEDIUM	中轴原厂平板。	READY
14373_swb	14373	Pickup	Ducato I pre-facelift	280	2	EU-FIAT-DUCATO-I-280-PICKUP-SWB-01	MEDIUM	短轴原厂平板。	READY
14373_maxi	14373	Pickup	Ducato I pre-facelift	280	2	EU-FIAT-DUCATO-I-280-PICKUP-MAXI-01	MEDIUM	Maxi原厂平板。	READY
14466_swb	14466	Pickup	Ducato II	230	2	EU-FIAT-DUCATO-II-230-PICKUP-SWB-01	HIGH	短轴原厂平板。	READY
14466_mwb	14466	Pickup	Ducato II	230	2	EU-FIAT-DUCATO-II-230-PICKUP-MWB-01	HIGH	中轴原厂平板。	READY
10696_swb_lowroof	10696	Van	Ducato II	230		EU-FIAT-DUCATO-II-230-VAN-SWB-LOWROOF-01	HIGH	230短轴标准顶厢式车。	READY
10696_swb_highroof	10696	Van	Ducato II	230		EU-FIAT-DUCATO-II-230-VAN-SWB-HIGHROOF-01	HIGH	230短轴高顶厢式车。	READY
10696_mwb_lowroof	10696	Van	Ducato II	230		EU-FIAT-DUCATO-II-230-VAN-MWB-LOWROOF-01	HIGH	230中轴标准顶厢式车。	READY
10696_mwb_highroof	10696	Van	Ducato II	230		EU-FIAT-DUCATO-II-230-VAN-MWB-HIGHROOF-01	HIGH	230中轴高顶厢式车。	READY
11851_swb	11851	Pickup	Ducato II	230	2	EU-FIAT-DUCATO-II-230-PICKUP-SWB-01	MEDIUM	短轴原厂平板。	READY
11851_mwb	11851	Pickup	Ducato II	230	2	EU-FIAT-DUCATO-II-230-PICKUP-MWB-01	MEDIUM	中轴原厂平板。	READY
15957	15957	MPV	Ducato III pre-facelift	250	4	EU-FIAT-DUCATO-III-250-VAN-SWB-LOWROOF-01	MEDIUM	110 Multijet短轴标准顶Bus外廓。	READY
15958_swb_lowroof	15958	Van	Ducato III pre-facelift	250		EU-FIAT-DUCATO-III-250-VAN-SWB-LOWROOF-01	MEDIUM	L1H1短轴标准顶。	READY
15958_swb_highroof	15958	Van	Ducato III pre-facelift	250		EU-FIAT-DUCATO-III-250-VAN-SWB-HIGHROOF-01	MEDIUM	L1H2短轴高顶。	READY
15958_mwb_lowroof	15958	Van	Ducato III pre-facelift	250		EU-FIAT-DUCATO-III-250-VAN-MWB-LOWROOF-01	MEDIUM	L2H1中轴标准顶。	READY
15958_mwb_highroof	15958	Van	Ducato III pre-facelift	250		EU-FIAT-DUCATO-III-250-VAN-MWB-HIGHROOF-01	MEDIUM	L2H2中轴高顶。	READY
15959_swb	15959	Pickup	Ducato III pre-facelift	250	2	EU-FIAT-DUCATO-III-250-PICKUP-SWB-02	MEDIUM	110 Multijet短轴原厂平板。	READY
15959_mwb	15959	Pickup	Ducato III pre-facelift	250	2	EU-FIAT-DUCATO-III-250-PICKUP-MWB-02	MEDIUM	110 Multijet中轴原厂平板。	READY
15959_lwb	15959	Pickup	Ducato III pre-facelift	250	2	EU-FIAT-DUCATO-III-250-PICKUP-LWB-02	MEDIUM	110 Multijet 4035轴距原厂平板。	READY
10201	10201	MPV	Ducato III pre-facelift	250	4	EU-FIAT-DUCATO-III-250-VAN-SWB-LOWROOF-01	MEDIUM	115 Multijet短轴标准顶Kombi外廓。	READY
10203_swb_lowroof	10203	Van	Ducato III pre-facelift	250		EU-FIAT-DUCATO-III-250-VAN-SWB-LOWROOF-01	HIGH	L1H1短轴标准顶。	READY
10203_swb_highroof	10203	Van	Ducato III pre-facelift	250		EU-FIAT-DUCATO-III-250-VAN-SWB-HIGHROOF-01	HIGH	L1H2短轴高顶。	READY
10203_mwb_lowroof	10203	Van	Ducato III pre-facelift	250		EU-FIAT-DUCATO-III-250-VAN-MWB-LOWROOF-01	HIGH	L2H1中轴标准顶。	READY
10203_mwb_highroof	10203	Van	Ducato III pre-facelift	250		EU-FIAT-DUCATO-III-250-VAN-MWB-HIGHROOF-01	HIGH	L2H2中轴高顶。	READY
10204_swb	10204	Pickup	Ducato III pre-facelift	250	2	EU-FIAT-DUCATO-III-250-PICKUP-SWB-02	HIGH	115 Multijet短轴原厂平板。	READY
10204_mwb	10204	Pickup	Ducato III pre-facelift	250	2	EU-FIAT-DUCATO-III-250-PICKUP-MWB-02	HIGH	115 Multijet中轴原厂平板。	READY
10204_lwb	10204	Pickup	Ducato III pre-facelift	250	2	EU-FIAT-DUCATO-III-250-PICKUP-LWB-02	HIGH	115 Multijet 4035轴距原厂平板。	READY
144808_swb_lowroof	144808	Van	Ducato III facelift	290		EU-FIAT-DUCATO-III-290-MPV-SWB-LOWROOF-01	HIGH	Series 8短轴标准顶。	READY
144808_swb_highroof	144808	Van	Ducato III facelift	290		EU-FIAT-DUCATO-III-290-MPV-SWB-HIGHROOF-01	HIGH	Series 8短轴高顶。	READY
144808_mwb_lowroof	144808	Van	Ducato III facelift	290		EU-FIAT-DUCATO-III-290-MPV-MWB-LOWROOF-01	HIGH	Series 8中轴标准顶。	READY
144808_mwb_highroof	144808	Van	Ducato III facelift	290		EU-FIAT-DUCATO-III-290-MPV-MWB-HIGHROOF-01	HIGH	Series 8中轴高顶。	READY
144808_lwb_highroof	144808	Van	Ducato III facelift	290		EU-FIAT-DUCATO-III-290-MPV-LWB-HIGHROOF-01	HIGH	Series 8长轴高顶。	READY
144808_lwb_superhighroof	144808	Van	Ducato III facelift	290		EU-FIAT-DUCATO-III-290-MPV-LWB-SUPERHIGHROOF-01	HIGH	Series 8长轴超高顶。	READY
145286_mwb_chassis	145286	Pickup	Ducato III facelift	290	2	EU-FIAT-DUCATO-III-290-PICKUP-CHASSIS-CAB-MWB-01	HIGH	Series 8 M单排座底盘。	READY
145286_mlwb_chassis	145286	Pickup	Ducato III facelift	290	2	EU-FIAT-DUCATO-III-290-PICKUP-CHASSIS-CAB-MLWB-01	HIGH	Series 8 ML单排座底盘。	READY
145286_lwb_chassis	145286	Pickup	Ducato III facelift	290	2	EU-FIAT-DUCATO-III-290-PICKUP-CHASSIS-CAB-LWB-01	HIGH	Series 8 L单排座底盘。	READY
145286_xl_chassis	145286	Pickup	Ducato III facelift	290	2	EU-FIAT-DUCATO-III-290-PICKUP-CHASSIS-CAB-XL-01	HIGH	Series 8 XL单排座底盘。	READY
12026	12026	Pickup	Ducato III pre-facelift	250	2	EU-FIAT-DUCATO-III-250-PICKUP-MWB-4X4-01	HIGH	Dangel 4×4 L2 Heavy原厂平板。	READY
12028_lowroof	12028	Van	Ducato III pre-facelift	250		EU-FIAT-DUCATO-III-250-VAN-MWB-4X4-LOWROOF-01	HIGH	Dangel 4×4 L2H1厢式车。	READY
12028_highroof	12028	Van	Ducato III pre-facelift	250		EU-FIAT-DUCATO-III-250-VAN-MWB-4X4-HIGHROOF-01	HIGH	Dangel 4×4 L2H2厢式车。	READY
10205	10205	MPV	Ducato III pre-facelift	250		EU-FIAT-DUCATO-III-250-VAN-SWB-LOWROOF-01	HIGH	130 Multijet L1H1短轴标准顶乘用外廓。	READY
144809_swb_lowroof	144809	Van	Ducato III facelift	290		EU-FIAT-DUCATO-III-290-MPV-SWB-LOWROOF-01	HIGH	Series 8短轴标准顶。	READY
144809_swb_highroof	144809	Van	Ducato III facelift	290		EU-FIAT-DUCATO-III-290-MPV-SWB-HIGHROOF-01	HIGH	Series 8短轴高顶。	READY
144809_mwb_lowroof	144809	Van	Ducato III facelift	290		EU-FIAT-DUCATO-III-290-MPV-MWB-LOWROOF-01	HIGH	Series 8中轴标准顶。	READY
144809_mwb_highroof	144809	Van	Ducato III facelift	290		EU-FIAT-DUCATO-III-290-MPV-MWB-HIGHROOF-01	HIGH	Series 8中轴高顶。	READY
144809_lwb_highroof	144809	Van	Ducato III facelift	290		EU-FIAT-DUCATO-III-290-MPV-LWB-HIGHROOF-01	HIGH	Series 8长轴高顶。	READY
144809_lwb_superhighroof	144809	Van	Ducato III facelift	290		EU-FIAT-DUCATO-III-290-MPV-LWB-SUPERHIGHROOF-01	HIGH	Series 8长轴超高顶。	READY
144809_xl_highroof	144809	Van	Ducato III facelift	290		EU-FIAT-DUCATO-III-290-VAN-XL-HIGHROOF-01	HIGH	Series 8 XL加长高顶。	READY
144809_xl_superhighroof	144809	Van	Ducato III facelift	290		EU-FIAT-DUCATO-III-290-VAN-XL-SUPERHIGHROOF-01	HIGH	Series 8 XL加长超高顶。	READY
145287_mwb_chassis	145287	Pickup	Ducato III facelift	290	2	EU-FIAT-DUCATO-III-290-PICKUP-CHASSIS-CAB-MWB-01	HIGH	Series 8 M单排座底盘。	READY
145287_mlwb_chassis	145287	Pickup	Ducato III facelift	290	2	EU-FIAT-DUCATO-III-290-PICKUP-CHASSIS-CAB-MLWB-01	HIGH	Series 8 ML单排座底盘。	READY
145287_lwb_chassis	145287	Pickup	Ducato III facelift	290	2	EU-FIAT-DUCATO-III-290-PICKUP-CHASSIS-CAB-LWB-01	HIGH	Series 8 L单排座底盘。	READY
145287_xl_chassis	145287	Pickup	Ducato III facelift	290	2	EU-FIAT-DUCATO-III-290-PICKUP-CHASSIS-CAB-XL-01	HIGH	Series 8 XL单排座底盘。	READY
145288_mwb_highroof	145288	MPV	Ducato III facelift	290	4	EU-FIAT-DUCATO-III-290-MPV-MWB-HIGHROOF-01	HIGH	Series 8中轴高顶Bus。	READY
145288_lwb_highroof	145288	MPV	Ducato III facelift	290	4	EU-FIAT-DUCATO-III-290-MPV-LWB-HIGHROOF-01	HIGH	Series 8长轴高顶Bus。	READY
155950_swb_lowroof	155950	Van	Ducato III facelift	290		EU-FIAT-DUCATO-III-290-MPV-SWB-LOWROOF-01	MEDIUM	后期140 Multijet短轴标准顶。	READY
155950_swb_highroof	155950	Van	Ducato III facelift	290		EU-FIAT-DUCATO-III-290-MPV-SWB-HIGHROOF-01	MEDIUM	后期140 Multijet短轴高顶。	READY
155950_mwb_lowroof	155950	Van	Ducato III facelift	290		EU-FIAT-DUCATO-III-290-MPV-MWB-LOWROOF-01	MEDIUM	后期140 Multijet中轴标准顶。	READY
155950_mwb_highroof	155950	Van	Ducato III facelift	290		EU-FIAT-DUCATO-III-290-MPV-MWB-HIGHROOF-01	MEDIUM	后期140 Multijet中轴高顶。	READY
155950_lwb_highroof	155950	Van	Ducato III facelift	290		EU-FIAT-DUCATO-III-290-MPV-LWB-HIGHROOF-01	MEDIUM	后期140 Multijet长轴高顶。	READY
155950_lwb_superhighroof	155950	Van	Ducato III facelift	290		EU-FIAT-DUCATO-III-290-MPV-LWB-SUPERHIGHROOF-01	MEDIUM	后期140 Multijet长轴超高顶。	READY
155950_xl_highroof	155950	Van	Ducato III facelift	290		EU-FIAT-DUCATO-III-290-VAN-XL-HIGHROOF-01	MEDIUM	后期140 Multijet XL加长高顶。	READY
155950_xl_superhighroof	155950	Van	Ducato III facelift	290		EU-FIAT-DUCATO-III-290-VAN-XL-SUPERHIGHROOF-01	MEDIUM	后期140 Multijet XL加长超高顶。	READY
57682_mwb_prefl	57682	Pickup	Ducato III pre-facelift	250	2	EU-FIAT-DUCATO-III-250-PICKUP-CHASSIS-CAB-MWB-01	MEDIUM	250改款前L2平地板单排座底盘。	READY
57682_lwb_prefl	57682	Pickup	Ducato III pre-facelift	250	2	EU-FIAT-DUCATO-III-250-PICKUP-CHASSIS-CAB-LWB-01	MEDIUM	250改款前L4平地板单排座底盘。	READY
57682_mwb_facelift	57682	Pickup	Ducato III facelift	290	2	EU-FIAT-DUCATO-III-290-PICKUP-CHASSIS-CAB-MWB-01	HIGH	290改款后L2平地板单排座底盘。	READY
57682_lwb_facelift	57682	Pickup	Ducato III facelift	290	2	EU-FIAT-DUCATO-III-290-PICKUP-CHASSIS-CAB-LWB-01	HIGH	290改款后L4平地板单排座底盘。	READY
10206	10206	MPV	Ducato III pre-facelift	250		EU-FIAT-DUCATO-III-250-VAN-MWB-HIGHROOF-01	HIGH	150 Multijet L2H2中轴高顶乘用外廓。	READY
10207_xl_highroof	10207	Van	Ducato III pre-facelift	250		EU-FIAT-DUCATO-III-250-VAN-XL-HIGHROOF-01	HIGH	150 Multijet L4H2加长后悬高顶。	READY
10207_xl_superhighroof	10207	Van	Ducato III pre-facelift	250		EU-FIAT-DUCATO-III-250-VAN-XL-SUPERHIGHROOF-01	HIGH	150 Multijet L4H3加长后悬超高顶。	READY
10208_swb	10208	Pickup	Ducato III pre-facelift	250	2	EU-FIAT-DUCATO-III-250-PICKUP-SWB-02	HIGH	150 Multijet短轴原厂平板。	READY
10208_mwb	10208	Pickup	Ducato III pre-facelift	250	2	EU-FIAT-DUCATO-III-250-PICKUP-MWB-02	HIGH	150 Multijet中轴原厂平板。	READY
10208_lwb	10208	Pickup	Ducato III pre-facelift	250	2	EU-FIAT-DUCATO-III-250-PICKUP-LWB-02	HIGH	150 Multijet 4035轴距原厂平板。	READY
116551_swb_lowroof	116551	MPV	Ducato III facelift	290		EU-FIAT-DUCATO-III-290-MPV-SWB-LOWROOF-01	MEDIUM	3000轴距标准顶乘用外廓。	READY
116551_swb_highroof	116551	MPV	Ducato III facelift	290		EU-FIAT-DUCATO-III-290-MPV-SWB-HIGHROOF-01	MEDIUM	3000轴距高顶乘用外廓。	READY
116551_mwb_lowroof	116551	MPV	Ducato III facelift	290		EU-FIAT-DUCATO-III-290-MPV-MWB-LOWROOF-01	MEDIUM	3450轴距标准顶乘用外廓。	READY
116551_mwb_highroof	116551	MPV	Ducato III facelift	290		EU-FIAT-DUCATO-III-290-MPV-MWB-HIGHROOF-01	MEDIUM	3450轴距高顶乘用外廓。	READY
116551_mwb_maxi_highroof	116551	MPV	Ducato III facelift	290		EU-FIAT-DUCATO-III-290-MPV-MWB-MAXI-HIGHROOF-01	MEDIUM	MAXI 3450轴距高顶乘用外廓。	READY
116551_lwb_highroof	116551	MPV	Ducato III facelift	290		EU-FIAT-DUCATO-III-290-MPV-LWB-HIGHROOF-01	MEDIUM	4035轴距高顶乘用外廓。	READY
116551_lwb_superhighroof	116551	MPV	Ducato III facelift	290		EU-FIAT-DUCATO-III-290-MPV-LWB-SUPERHIGHROOF-01	MEDIUM	4035轴距超高顶乘用外廓。	READY
116551_lwb_maxi_highroof	116551	MPV	Ducato III facelift	290		EU-FIAT-DUCATO-III-290-MPV-LWB-MAXI-HIGHROOF-01	MEDIUM	MAXI 4035轴距高顶乘用外廓。	READY
116551_lwb_maxi_superhighroof	116551	MPV	Ducato III facelift	290		EU-FIAT-DUCATO-III-290-MPV-LWB-MAXI-SUPERHIGHROOF-01	MEDIUM	MAXI 4035轴距超高顶乘用外廓。	READY
116551_xl_maxi_highroof	116551	MPV	Ducato III facelift	290		EU-FIAT-DUCATO-III-290-MPV-XL-MAXI-HIGHROOF-01	MEDIUM	MAXI XL加长高顶乘用外廓。	READY
144810_swb_lowroof	144810	Van	Ducato III facelift	290		EU-FIAT-DUCATO-III-290-MPV-SWB-LOWROOF-01	HIGH	Series 8短轴标准顶。	READY
144810_swb_highroof	144810	Van	Ducato III facelift	290		EU-FIAT-DUCATO-III-290-MPV-SWB-HIGHROOF-01	HIGH	Series 8短轴高顶。	READY
144810_mwb_lowroof	144810	Van	Ducato III facelift	290		EU-FIAT-DUCATO-III-290-MPV-MWB-LOWROOF-01	HIGH	Series 8中轴标准顶。	READY
144810_mwb_highroof	144810	Van	Ducato III facelift	290		EU-FIAT-DUCATO-III-290-MPV-MWB-HIGHROOF-01	HIGH	Series 8中轴高顶。	READY
144810_lwb_highroof	144810	Van	Ducato III facelift	290		EU-FIAT-DUCATO-III-290-MPV-LWB-HIGHROOF-01	HIGH	Series 8长轴高顶。	READY
144810_lwb_superhighroof	144810	Van	Ducato III facelift	290		EU-FIAT-DUCATO-III-290-MPV-LWB-SUPERHIGHROOF-01	HIGH	Series 8长轴超高顶。	READY
144810_xl_highroof	144810	Van	Ducato III facelift	290		EU-FIAT-DUCATO-III-290-VAN-XL-HIGHROOF-01	HIGH	Series 8 XL加长高顶。	READY
144810_xl_superhighroof	144810	Van	Ducato III facelift	290		EU-FIAT-DUCATO-III-290-VAN-XL-SUPERHIGHROOF-01	HIGH	Series 8 XL加长超高顶。	READY
145289_mwb_chassis	145289	Pickup	Ducato III facelift	290	2	EU-FIAT-DUCATO-III-290-PICKUP-CHASSIS-CAB-MWB-01	HIGH	Series 8 M单排座底盘。	READY
145289_mlwb_chassis	145289	Pickup	Ducato III facelift	290	2	EU-FIAT-DUCATO-III-290-PICKUP-CHASSIS-CAB-MLWB-01	HIGH	Series 8 ML单排座底盘。	READY
145289_lwb_chassis	145289	Pickup	Ducato III facelift	290	2	EU-FIAT-DUCATO-III-290-PICKUP-CHASSIS-CAB-LWB-01	HIGH	Series 8 L单排座底盘。	READY
145289_xl_chassis	145289	Pickup	Ducato III facelift	290	2	EU-FIAT-DUCATO-III-290-PICKUP-CHASSIS-CAB-XL-01	HIGH	Series 8 XL单排座底盘。	READY
145289_xl_flatbed	145289	Pickup	Ducato III facelift	295	2	EU-FIAT-DUCATO-III-290-PICKUP-XL-01	HIGH	Series 8 XL原厂平板。	READY
57446_swb_lowroof	57446	Van	Ducato III pre-facelift	250		EU-FIAT-DUCATO-III-250-VAN-SWB-LOWROOF-01	HIGH	160 Multijet L1H1短轴标准顶。	READY
57446_mwb_lowroof	57446	Van	Ducato III pre-facelift	250		EU-FIAT-DUCATO-III-250-VAN-MWB-LOWROOF-01	HIGH	160 Multijet L2H1中轴标准顶。	READY
57446_mwb_highroof	57446	Van	Ducato III pre-facelift	250		EU-FIAT-DUCATO-III-250-VAN-MWB-HIGHROOF-01	HIGH	160 Multijet L2H2中轴高顶。	READY
57446_lwb_highroof	57446	Van	Ducato III pre-facelift	250		EU-FIAT-DUCATO-III-250-VAN-LWB-HIGHROOF-01	HIGH	160 Multijet 4035轴距高顶。	READY
57446_lwb_superhighroof	57446	Van	Ducato III pre-facelift	250		EU-FIAT-DUCATO-III-250-VAN-LWB-SUPERHIGHROOF-01	HIGH	160 Multijet 4035轴距超高顶。	READY
57446_xl_highroof	57446	Van	Ducato III pre-facelift	250		EU-FIAT-DUCATO-III-250-VAN-XL-HIGHROOF-01	HIGH	160 Multijet加长后悬高顶。	READY
57446_xl_superhighroof	57446	Van	Ducato III pre-facelift	250		EU-FIAT-DUCATO-III-250-VAN-XL-SUPERHIGHROOF-01	HIGH	160 Multijet加长后悬超高顶。	READY
57448_mwb	57448	Pickup	Ducato III pre-facelift	250	2	EU-FIAT-DUCATO-III-250-PICKUP-MWB-02	HIGH	160 Multijet 3450轴距原厂平板。	READY
57448_3800	57448	Pickup	Ducato III pre-facelift	250	2	EU-FIAT-DUCATO-III-250-PICKUP-3800-01	HIGH	160 Multijet 3800轴距原厂平板。	READY
57448_lwb	57448	Pickup	Ducato III pre-facelift	250	2	EU-FIAT-DUCATO-III-250-PICKUP-LWB-02	HIGH	160 Multijet 4035轴距原厂平板。	READY
57448_xl	57448	Pickup	Ducato III pre-facelift	250	2	EU-FIAT-DUCATO-III-250-PICKUP-XL-01	HIGH	160 Multijet 4035轴距加长后悬原厂平板。	READY
59928_mwb_highroof	59928	MPV	Ducato III pre-facelift	250		EU-FIAT-DUCATO-III-250-VAN-MWB-HIGHROOF-01	HIGH	160 Multijet中轴高顶乘用外廓。	READY
59928_lwb_highroof	59928	MPV	Ducato III pre-facelift	250		EU-FIAT-DUCATO-III-250-VAN-LWB-HIGHROOF-01	HIGH	160 Multijet 4035轴距高顶乘用外廓。	READY
59928_lwb_superhighroof	59928	MPV	Ducato III pre-facelift	250		EU-FIAT-DUCATO-III-250-VAN-LWB-SUPERHIGHROOF-01	HIGH	160 Multijet 4035轴距超高顶乘用外廓。	READY
59928_xl_highroof	59928	MPV	Ducato III pre-facelift	250		EU-FIAT-DUCATO-III-250-VAN-XL-HIGHROOF-01	HIGH	160 Multijet加长后悬高顶乘用外廓。	READY
144812_swb_lowroof	144812	Van	Ducato III facelift	290		EU-FIAT-DUCATO-III-290-MPV-SWB-LOWROOF-01	HIGH	Series 8短轴标准顶。	READY
144812_swb_highroof	144812	Van	Ducato III facelift	290		EU-FIAT-DUCATO-III-290-MPV-SWB-HIGHROOF-01	HIGH	Series 8短轴高顶。	READY
144812_mwb_lowroof	144812	Van	Ducato III facelift	290		EU-FIAT-DUCATO-III-290-MPV-MWB-LOWROOF-01	HIGH	Series 8中轴标准顶。	READY
144812_mwb_highroof	144812	Van	Ducato III facelift	290		EU-FIAT-DUCATO-III-290-MPV-MWB-HIGHROOF-01	HIGH	Series 8中轴高顶。	READY
144812_lwb_highroof	144812	Van	Ducato III facelift	290		EU-FIAT-DUCATO-III-290-MPV-LWB-HIGHROOF-01	HIGH	Series 8长轴高顶。	READY
144812_lwb_superhighroof	144812	Van	Ducato III facelift	290		EU-FIAT-DUCATO-III-290-MPV-LWB-SUPERHIGHROOF-01	HIGH	Series 8长轴超高顶。	READY
144812_xl_highroof	144812	Van	Ducato III facelift	290		EU-FIAT-DUCATO-III-290-VAN-XL-HIGHROOF-01	HIGH	Series 8 XL加长高顶。	READY
144812_xl_superhighroof	144812	Van	Ducato III facelift	290		EU-FIAT-DUCATO-III-290-VAN-XL-SUPERHIGHROOF-01	HIGH	Series 8 XL加长超高顶。	READY
145290_mwb_chassis	145290	Pickup	Ducato III facelift	290	2	EU-FIAT-DUCATO-III-290-PICKUP-CHASSIS-CAB-MWB-01	HIGH	Series 8 M单排座底盘。	READY
145290_mlwb_chassis	145290	Pickup	Ducato III facelift	290	2	EU-FIAT-DUCATO-III-290-PICKUP-CHASSIS-CAB-MLWB-01	HIGH	Series 8 ML单排座底盘。	READY
145290_lwb_chassis	145290	Pickup	Ducato III facelift	290	2	EU-FIAT-DUCATO-III-290-PICKUP-CHASSIS-CAB-LWB-01	HIGH	Series 8 L单排座底盘。	READY
145290_xl_chassis	145290	Pickup	Ducato III facelift	290	2	EU-FIAT-DUCATO-III-290-PICKUP-CHASSIS-CAB-XL-01	HIGH	Series 8 XL单排座底盘。	READY
10209	10209	MPV	Ducato III pre-facelift	250	4	EU-FIAT-DUCATO-III-250-VAN-SWB-LOWROOF-01	MEDIUM	180 Multijet Kombi 30 L1H1乘用外廓。	READY
10210_xl_highroof	10210	Van	Ducato III pre-facelift	250		EU-FIAT-DUCATO-III-250-VAN-XL-HIGHROOF-01	HIGH	180 Multijet L4H2加长后悬高顶。	READY
10210_xl_superhighroof	10210	Van	Ducato III pre-facelift	250		EU-FIAT-DUCATO-III-250-VAN-XL-SUPERHIGHROOF-01	HIGH	180 Multijet L4H3加长后悬超高顶。	READY
10211_swb	10211	Pickup	Ducato III pre-facelift	250	2	EU-FIAT-DUCATO-III-250-PICKUP-SWB-02	HIGH	180 Multijet短轴原厂平板。	READY
10211_mwb	10211	Pickup	Ducato III pre-facelift	250	2	EU-FIAT-DUCATO-III-250-PICKUP-MWB-02	HIGH	180 Multijet中轴原厂平板。	READY
10211_lwb	10211	Pickup	Ducato III pre-facelift	250	2	EU-FIAT-DUCATO-III-250-PICKUP-LWB-02	HIGH	180 Multijet 4035轴距原厂平板。	READY
17607_mwb_highroof	17607	Van	Ducato II facelift	244		EU-FIAT-DUCATO-II-244-VAN-MWB-HIGHROOF-01	HIGH	中轴高顶Bipower厢式车。	READY
17607_mwb_superhighroof	17607	Van	Ducato II facelift	244		EU-FIAT-DUCATO-II-244-VAN-MWB-SUPERHIGHROOF-01	HIGH	中轴超高顶Bipower厢式车。	READY
17607_mwb_maxi_highroof	17607	Van	Ducato II facelift	244		EU-FIAT-DUCATO-II-244-VAN-MWB-MAXI-HIGHROOF-01	HIGH	MAXI中轴高顶Bipower厢式车。	READY
17607_mwb_maxi_superhighroof	17607	Van	Ducato II facelift	244		EU-FIAT-DUCATO-II-244-VAN-MWB-MAXI-SUPERHIGHROOF-01	HIGH	MAXI中轴超高顶Bipower厢式车。	READY
17607_lwb_highroof	17607	Van	Ducato II facelift	244		EU-FIAT-DUCATO-II-244-VAN-LWB-HIGHROOF-01	HIGH	长轴高顶Bipower厢式车。	READY
17607_lwb_superhighroof	17607	Van	Ducato II facelift	244		EU-FIAT-DUCATO-II-244-VAN-LWB-SUPERHIGHROOF-01	HIGH	长轴超高顶Bipower厢式车。	READY
17608	17608	MPV	Ducato II facelift	244	4	EU-FIAT-DUCATO-II-244-VAN-MWB-LOWROOF-01	MEDIUM	2.0 Bipower中轴标准顶乘用型。	READY
16486_swb_lowroof	16486	Van	Ducato II	230		EU-FIAT-DUCATO-II-230-VAN-SWB-LOWROOF-01	HIGH	230短轴标准顶厢式车。	READY
16486_swb_highroof	16486	Van	Ducato II	230		EU-FIAT-DUCATO-II-230-VAN-SWB-HIGHROOF-01	HIGH	230短轴高顶厢式车。	READY
16486_mwb_lowroof	16486	Van	Ducato II	230		EU-FIAT-DUCATO-II-230-VAN-MWB-LOWROOF-01	HIGH	230中轴标准顶厢式车。	READY
16486_mwb_highroof	16486	Van	Ducato II	230		EU-FIAT-DUCATO-II-230-VAN-MWB-HIGHROOF-01	HIGH	230中轴高顶厢式车。	READY
16487	16487	MPV	Ducato II	230		EU-FIAT-DUCATO-II-230-VAN-MWB-LOWROOF-01	MEDIUM	230中轴乘用型标准顶外廓。	READY
16649_swb_lowroof	16649	Van	Ducato II facelift	244		EU-FIAT-DUCATO-II-244-VAN-SWB-LOWROOF-01	HIGH	短轴标准顶厢式车。	READY
16649_swb_highroof	16649	Van	Ducato II facelift	244		EU-FIAT-DUCATO-II-244-VAN-SWB-HIGHROOF-01	HIGH	短轴高顶厢式车。	READY
16649_mwb_lowroof	16649	Van	Ducato II facelift	244		EU-FIAT-DUCATO-II-244-VAN-MWB-LOWROOF-01	HIGH	中轴标准顶厢式车。	READY
16649_mwb_highroof	16649	Van	Ducato II facelift	244		EU-FIAT-DUCATO-II-244-VAN-MWB-HIGHROOF-01	HIGH	中轴高顶厢式车。	READY
16649_mwb_superhighroof	16649	Van	Ducato II facelift	244		EU-FIAT-DUCATO-II-244-VAN-MWB-SUPERHIGHROOF-01	HIGH	中轴超高顶厢式车。	READY
16649_lwb_highroof	16649	Van	Ducato II facelift	244		EU-FIAT-DUCATO-II-244-VAN-LWB-HIGHROOF-01	HIGH	长轴高顶厢式车。	READY
16649_lwb_superhighroof	16649	Van	Ducato II facelift	244		EU-FIAT-DUCATO-II-244-VAN-LWB-SUPERHIGHROOF-01	HIGH	长轴超高顶厢式车。	READY
16653_swb_lowroof	16653	MPV	Ducato II facelift	244	4	EU-FIAT-DUCATO-II-244-VAN-SWB-LOWROOF-01	HIGH	短轴乘用型标准顶。	READY
16653_mwb_lowroof	16653	MPV	Ducato II facelift	244	4	EU-FIAT-DUCATO-II-244-VAN-MWB-LOWROOF-01	HIGH	中轴乘用型标准顶。	READY
16653_mwb_highroof	16653	MPV	Ducato II facelift	244	4	EU-FIAT-DUCATO-II-244-VAN-MWB-HIGHROOF-01	MEDIUM	中轴乘用型高顶。	READY
16738_swb	16738	Pickup	Ducato II facelift	244	2	EU-FIAT-DUCATO-II-244-PICKUP-SWB-01	HIGH	2.0 JTD短轴原厂平板。	READY
16738_mwb	16738	Pickup	Ducato II facelift	244	2	EU-FIAT-DUCATO-II-244-PICKUP-MWB-01	HIGH	2.0 JTD中轴原厂平板。	READY
16738_lwb	16738	Pickup	Ducato II facelift	244	2	EU-FIAT-DUCATO-II-244-PICKUP-LWB-01	HIGH	2.0 JTD长轴原厂平板。	READY
58732_swb	58732	Pickup	Ducato II	230	2	EU-FIAT-DUCATO-II-230-PICKUP-SWB-01	MEDIUM	短轴原厂平板。	READY
58732_mwb	58732	Pickup	Ducato II	230	2	EU-FIAT-DUCATO-II-230-PICKUP-MWB-01	MEDIUM	中轴原厂平板。	READY
16650_swb_lowroof	16650	Van	Ducato II facelift	244		EU-FIAT-DUCATO-II-244-VAN-SWB-LOWROOF-01	HIGH	短轴标准顶厢式车。	READY
16650_swb_highroof	16650	Van	Ducato II facelift	244		EU-FIAT-DUCATO-II-244-VAN-SWB-HIGHROOF-01	HIGH	短轴高顶厢式车。	READY
16650_mwb_lowroof	16650	Van	Ducato II facelift	244		EU-FIAT-DUCATO-II-244-VAN-MWB-LOWROOF-01	HIGH	中轴标准顶厢式车。	READY
16650_mwb_highroof	16650	Van	Ducato II facelift	244		EU-FIAT-DUCATO-II-244-VAN-MWB-HIGHROOF-01	HIGH	中轴高顶厢式车。	READY
16650_mwb_superhighroof	16650	Van	Ducato II facelift	244		EU-FIAT-DUCATO-II-244-VAN-MWB-SUPERHIGHROOF-01	HIGH	中轴超高顶厢式车。	READY
16650_mwb_maxi_lowroof	16650	Van	Ducato II facelift	244		EU-FIAT-DUCATO-II-244-VAN-MWB-MAXI-LOWROOF-01	HIGH	MAXI中轴标准顶厢式车。	READY
16650_mwb_maxi_highroof	16650	Van	Ducato II facelift	244		EU-FIAT-DUCATO-II-244-VAN-MWB-MAXI-HIGHROOF-01	HIGH	MAXI中轴高顶厢式车。	READY
16650_mwb_maxi_superhighroof	16650	Van	Ducato II facelift	244		EU-FIAT-DUCATO-II-244-VAN-MWB-MAXI-SUPERHIGHROOF-01	HIGH	MAXI中轴超高顶厢式车。	READY
16650_lwb_highroof	16650	Van	Ducato II facelift	244		EU-FIAT-DUCATO-II-244-VAN-LWB-HIGHROOF-01	HIGH	长轴高顶厢式车。	READY
16650_lwb_superhighroof	16650	Van	Ducato II facelift	244		EU-FIAT-DUCATO-II-244-VAN-LWB-SUPERHIGHROOF-01	HIGH	长轴超高顶厢式车。	READY
16654_swb_lowroof	16654	MPV	Ducato II facelift	244	4	EU-FIAT-DUCATO-II-244-VAN-SWB-LOWROOF-01	HIGH	短轴乘用型标准顶。	READY
16654_mwb_lowroof	16654	MPV	Ducato II facelift	244	4	EU-FIAT-DUCATO-II-244-VAN-MWB-LOWROOF-01	HIGH	中轴乘用型标准顶。	READY
16654_mwb_highroof	16654	MPV	Ducato II facelift	244	4	EU-FIAT-DUCATO-II-244-VAN-MWB-HIGHROOF-01	HIGH	中轴乘用型高顶。	READY
16739_swb	16739	Pickup	Ducato II facelift	244	2	EU-FIAT-DUCATO-II-244-PICKUP-SWB-01	HIGH	2.3 JTD短轴原厂平板。	READY
16739_mwb	16739	Pickup	Ducato II facelift	244	2	EU-FIAT-DUCATO-II-244-PICKUP-MWB-01	HIGH	2.3 JTD中轴原厂平板。	READY
16739_lwb	16739	Pickup	Ducato II facelift	244	2	EU-FIAT-DUCATO-II-244-PICKUP-LWB-01	HIGH	2.3 JTD长轴原厂平板。	READY
16739_4050	16739	Pickup	Ducato II facelift	244	2	EU-FIAT-DUCATO-II-244-PICKUP-4050-01	HIGH	4050轴距原厂平板。	READY
16739_mwb_maxi	16739	Pickup	Ducato II facelift	244	2	EU-FIAT-DUCATO-II-244-PICKUP-MWB-MAXI-01	HIGH	MAXI中轴原厂平板。	READY
16739_lwb_maxi	16739	Pickup	Ducato II facelift	244	2	EU-FIAT-DUCATO-II-244-PICKUP-LWB-MAXI-01	HIGH	MAXI长轴原厂平板。	READY
16739_4050_maxi	16739	Pickup	Ducato II facelift	244	2	EU-FIAT-DUCATO-II-244-PICKUP-4050-MAXI-01	HIGH	MAXI 4050轴距原厂平板。	READY
7795_swb	7795	Pickup	Ducato I facelift	290	2	EU-FIAT-DUCATO-I-290-PICKUP-SWB-01	MEDIUM	短轴原厂平板。	READY
7795_lwb	7795	Pickup	Ducato I facelift	290	2	EU-FIAT-DUCATO-I-290-PICKUP-LWB-01	MEDIUM	长轴原厂平板。	READY
11091_swb_flatbed	11091	Pickup	Ducato II	230	2	EU-FIAT-DUCATO-II-230-PICKUP-SWB-01	HIGH	短轴原厂平板。	READY
11091_mwb_flatbed	11091	Pickup	Ducato II	230	2	EU-FIAT-DUCATO-II-230-PICKUP-MWB-01	HIGH	中轴原厂平板。	READY
11091_lwb_flatbed	11091	Pickup	Ducato II	230	2	EU-FIAT-DUCATO-II-230-PICKUP-LWB-01	HIGH	长轴原厂平板。	READY
14370_swb_flatbed	14370	Pickup	Ducato I pre-facelift	280	2	EU-FIAT-DUCATO-I-280-PICKUP-SWB-01	HIGH	短轴原厂平板。	READY
14370_maxi_flatbed	14370	Pickup	Ducato I pre-facelift	280	2	EU-FIAT-DUCATO-I-280-PICKUP-MAXI-01	HIGH	Maxi长轴原厂平板。	READY
14362_lowroof	14362	Van	Ducato I pre-facelift	280		EU-FIAT-DUCATO-I-280-VAN-4X4-LOWROOF-01	HIGH	四驱标准顶厢式车。	READY
14362_highroof	14362	Van	Ducato I pre-facelift	280		EU-FIAT-DUCATO-I-280-VAN-4X4-HIGHROOF-01	HIGH	四驱高顶厢式车。	READY
14363	14363	Pickup	Ducato I facelift	290	2	EU-FIAT-DUCATO-I-290-PICKUP-SWB-4X4-01	MEDIUM	2.5 D 4X4短轴原厂平板。	READY
14365_lowroof	14365	Van	Ducato I facelift	290		EU-FIAT-DUCATO-I-290-VAN-4X4-LOWROOF-01	HIGH	四驱标准顶厢式车。	READY
14365_highroof	14365	Van	Ducato I facelift	290		EU-FIAT-DUCATO-I-290-VAN-4X4-HIGHROOF-01	HIGH	四驱高顶厢式车。	READY
14374	14374	Pickup	Ducato I pre-facelift	280	2	EU-FIAT-DUCATO-I-280-PICKUP-SWB-4X4-01	MEDIUM	2.5 D 4X4短轴原厂平板。	READY
14863_mwb_flatbed	14863	Pickup	Ducato II	230	2	EU-FIAT-DUCATO-II-230-PICKUP-MWB-01	MEDIUM	四驱中轴原厂平板。	READY
14863_lwb_flatbed	14863	Pickup	Ducato II	230	2	EU-FIAT-DUCATO-II-230-PICKUP-LWB-01	MEDIUM	四驱长轴原厂平板。	READY
116060	116060	Van	Ducato II	230L	4	EU-FIAT-DUCATO-II-230-VAN-LWB-4X4-HIGHROOF-01	MEDIUM	KBA 4001/589/004对应Maxi 10高顶四驱外廓。	READY
11089_swb	11089	Pickup	Ducato I facelift	290	2	EU-FIAT-DUCATO-I-290-PICKUP-SWB-01	MEDIUM	短轴原厂平板。	READY
11089_lwb	11089	Pickup	Ducato I facelift	290	2	EU-FIAT-DUCATO-I-290-PICKUP-LWB-01	MEDIUM	长轴原厂平板。	READY
59931_swb	59931	Pickup	Ducato I pre-facelift	280	2	EU-FIAT-DUCATO-I-280-PICKUP-SWB-01	MEDIUM	短轴原厂平板。	READY
59931_maxi	59931	Pickup	Ducato I pre-facelift	280	2	EU-FIAT-DUCATO-I-280-PICKUP-MAXI-01	MEDIUM	Maxi原厂平板。	READY
14364	14364	Pickup	Ducato I (290)	290	2	EU-FIAT-DUCATO-I-290-PICKUP-SWB-4X4-01	HIGH	SWB四驱物理分支。	READY
118573	118573	Pickup	Ducato I (280)	280	2	EU-FIAT-DUCATO-I-280-PICKUP-SWB-4X4-01	HIGH	SWB四驱物理分支。	READY
6003_swb_lowroof	6003	Van	Ducato II (230)	230L		EU-FIAT-DUCATO-II-230-VAN-SWB-LOWROOF-01	HIGH	SWB低顶物理分支。	READY
6003_swb_highroof	6003	Van	Ducato II (230)	230L		EU-FIAT-DUCATO-II-230-VAN-SWB-HIGHROOF-01	HIGH	SWB高顶物理分支。	READY
6003_mwb_lowroof	6003	Van	Ducato II (230)	230L		EU-FIAT-DUCATO-II-230-VAN-MWB-LOWROOF-01	HIGH	MWB低顶物理分支。	READY
6003_mwb_highroof	6003	Van	Ducato II (230)	230L		EU-FIAT-DUCATO-II-230-VAN-MWB-HIGHROOF-01	HIGH	MWB高顶物理分支。	READY
6003_lwb_highroof	6003	Van	Ducato II (230)	230L		EU-FIAT-DUCATO-II-230-VAN-LWB-HIGHROOF-01	HIGH	LWB高顶物理分支。	READY
14366_swb	14366	Pickup	Ducato II (230)	230	2	EU-FIAT-DUCATO-II-230-PICKUP-SWB-01	HIGH	SWB物理分支。	READY
14366_mwb	14366	Pickup	Ducato II (230)	230	2	EU-FIAT-DUCATO-II-230-PICKUP-MWB-01	HIGH	MWB物理分支。	READY
14366_lwb	14366	Pickup	Ducato II (230)	230	2	EU-FIAT-DUCATO-II-230-PICKUP-LWB-01	HIGH	LWB物理分支。	READY
14367	14367	Van	Ducato II (230)	230L		EU-FIAT-DUCATO-II-230-VAN-LWB-4X4-HIGHROOF-01	HIGH		READY
14368	14368	MPV	Ducato II (230)	230	4	EU-FIAT-DUCATO-II-230-VAN-LWB-4X4-HIGHROOF-01	MEDIUM	LWB四驱高顶Bus外廓。	READY
14864_swb	14864	Pickup	Ducato II (230)	230	2	EU-FIAT-DUCATO-II-230-PICKUP-SWB-01	MEDIUM	SWB四驱物理分支。	READY
14864_mwb	14864	Pickup	Ducato II (230)	230	2	EU-FIAT-DUCATO-II-230-PICKUP-MWB-01	MEDIUM	MWB四驱物理分支。	READY
14864_lwb	14864	Pickup	Ducato II (230)	230	2	EU-FIAT-DUCATO-II-230-PICKUP-LWB-01	MEDIUM	LWB四驱物理分支。	READY
11408_swb	11408	MPV	Ducato II (230)	230	4	EU-FIAT-DUCATO-II-230-VAN-SWB-LOWROOF-01	MEDIUM	SWB Panorama物理外廓分支。	READY
11408_lwb_highroof	11408	MPV	Ducato II (230)	230	4	EU-FIAT-DUCATO-II-230-MPV-LWB-HIGHROOF-01	MEDIUM	LWB高顶Minibus物理外廓分支。	READY
11841_swb_lowroof	11841	Van	Ducato II (230)	230L		EU-FIAT-DUCATO-II-230-VAN-SWB-LOWROOF-01	HIGH	SWB低顶物理分支。	READY
11841_swb_highroof	11841	Van	Ducato II (230)	230L		EU-FIAT-DUCATO-II-230-VAN-SWB-HIGHROOF-01	HIGH	SWB高顶物理分支。	READY
11841_mwb_lowroof	11841	Van	Ducato II (230)	230L		EU-FIAT-DUCATO-II-230-VAN-MWB-LOWROOF-01	HIGH	MWB低顶物理分支。	READY
11841_mwb_highroof	11841	Van	Ducato II (230)	230L		EU-FIAT-DUCATO-II-230-VAN-MWB-HIGHROOF-01	HIGH	MWB高顶物理分支。	READY
11841_lwb_highroof	11841	Van	Ducato II (230)	230L		EU-FIAT-DUCATO-II-230-VAN-LWB-HIGHROOF-01	HIGH	LWB高顶物理分支。	READY
11844_swb	11844	Pickup	Ducato II (230)	230	2	EU-FIAT-DUCATO-II-230-PICKUP-SWB-01	HIGH	SWB物理分支。	READY
11844_mwb	11844	Pickup	Ducato II (230)	230	2	EU-FIAT-DUCATO-II-230-PICKUP-MWB-01	HIGH	MWB物理分支。	READY
11844_lwb	11844	Pickup	Ducato II (230)	230	2	EU-FIAT-DUCATO-II-230-PICKUP-LWB-01	HIGH	LWB物理分支。	READY
15706	15706	Van	Ducato II (230)	230L		EU-FIAT-DUCATO-II-230-VAN-LWB-4X4-HIGHROOF-01	HIGH		READY
16158_swb	16158	MPV	Ducato II (230)	230	4	EU-FIAT-DUCATO-II-230-VAN-SWB-LOWROOF-01	MEDIUM	SWB Panorama物理外廓分支。	READY
16158_lwb_highroof	16158	MPV	Ducato II (230)	230	4	EU-FIAT-DUCATO-II-230-MPV-LWB-HIGHROOF-01	MEDIUM	LWB高顶Minibus物理外廓分支。	READY
16160_swb_lowroof	16160	Van	Ducato II (230)	230L		EU-FIAT-DUCATO-II-230-VAN-SWB-LOWROOF-01	HIGH	SWB低顶物理分支。	READY
16160_swb_highroof	16160	Van	Ducato II (230)	230L		EU-FIAT-DUCATO-II-230-VAN-SWB-HIGHROOF-01	HIGH	SWB高顶物理分支。	READY
16160_mwb_lowroof	16160	Van	Ducato II (230)	230L		EU-FIAT-DUCATO-II-230-VAN-MWB-LOWROOF-01	HIGH	MWB低顶物理分支。	READY
16160_mwb_highroof	16160	Van	Ducato II (230)	230L		EU-FIAT-DUCATO-II-230-VAN-MWB-HIGHROOF-01	HIGH	MWB高顶物理分支。	READY
16160_lwb_highroof	16160	Van	Ducato II (230)	230L		EU-FIAT-DUCATO-II-230-VAN-LWB-HIGHROOF-01	HIGH	LWB高顶物理分支。	READY
16162_swb	16162	Pickup	Ducato II (230)	230	2	EU-FIAT-DUCATO-II-230-PICKUP-SWB-01	HIGH	SWB物理分支。	READY
16162_mwb	16162	Pickup	Ducato II (230)	230	2	EU-FIAT-DUCATO-II-230-PICKUP-MWB-01	HIGH	MWB物理分支。	READY
16162_lwb	16162	Pickup	Ducato II (230)	230	2	EU-FIAT-DUCATO-II-230-PICKUP-LWB-01	HIGH	LWB物理分支。	READY
16651_swb_lowroof	16651	Van	Ducato II (244)	244		EU-FIAT-DUCATO-II-244-VAN-SWB-LOWROOF-01	HIGH	SWB低顶物理分支。	READY
16651_swb_highroof	16651	Van	Ducato II (244)	244		EU-FIAT-DUCATO-II-244-VAN-SWB-HIGHROOF-01	HIGH	SWB高顶物理分支。	READY
16651_mwb_lowroof	16651	Van	Ducato II (244)	244		EU-FIAT-DUCATO-II-244-VAN-MWB-LOWROOF-01	HIGH	MWB低顶物理分支。	READY
16651_mwb_highroof	16651	Van	Ducato II (244)	244		EU-FIAT-DUCATO-II-244-VAN-MWB-HIGHROOF-01	HIGH	MWB高顶物理分支。	READY
16651_mwb_superhighroof	16651	Van	Ducato II (244)	244		EU-FIAT-DUCATO-II-244-VAN-MWB-SUPERHIGHROOF-01	HIGH	MWB超高顶物理分支。	READY
16651_mwb_maxi_lowroof	16651	Van	Ducato II (244)	244		EU-FIAT-DUCATO-II-244-VAN-MWB-MAXI-LOWROOF-01	HIGH	MWB Maxi低顶物理分支。	READY
16651_mwb_maxi_highroof	16651	Van	Ducato II (244)	244		EU-FIAT-DUCATO-II-244-VAN-MWB-MAXI-HIGHROOF-01	HIGH	MWB Maxi高顶物理分支。	READY
16651_mwb_maxi_superhighroof	16651	Van	Ducato II (244)	244		EU-FIAT-DUCATO-II-244-VAN-MWB-MAXI-SUPERHIGHROOF-01	HIGH	MWB Maxi超高顶物理分支。	READY
16651_lwb_highroof	16651	Van	Ducato II (244)	244		EU-FIAT-DUCATO-II-244-VAN-LWB-HIGHROOF-01	HIGH	LWB高顶物理分支。	READY
16651_lwb_superhighroof	16651	Van	Ducato II (244)	244		EU-FIAT-DUCATO-II-244-VAN-LWB-SUPERHIGHROOF-01	HIGH	LWB超高顶物理分支。	READY
16655_swb_lowroof	16655	MPV	Ducato II (244)	244	4	EU-FIAT-DUCATO-II-244-VAN-SWB-LOWROOF-01	MEDIUM	SWB低顶Bus物理分支。	READY
16655_swb_highroof	16655	MPV	Ducato II (244)	244	4	EU-FIAT-DUCATO-II-244-VAN-SWB-HIGHROOF-01	MEDIUM	SWB高顶Bus物理分支。	READY
16655_mwb_lowroof	16655	MPV	Ducato II (244)	244	4	EU-FIAT-DUCATO-II-244-VAN-MWB-LOWROOF-01	MEDIUM	MWB低顶Bus物理分支。	READY
16655_mwb_highroof	16655	MPV	Ducato II (244)	244	4	EU-FIAT-DUCATO-II-244-VAN-MWB-HIGHROOF-01	MEDIUM	MWB高顶Bus物理分支。	READY
16655_lwb_highroof	16655	MPV	Ducato II (244)	244	4	EU-FIAT-DUCATO-II-244-VAN-LWB-HIGHROOF-01	MEDIUM	LWB高顶Bus物理分支。	READY
16740_swb	16740	Pickup	Ducato II (244)	244	2	EU-FIAT-DUCATO-II-244-PICKUP-SWB-01	HIGH	SWB物理分支。	READY
16740_mwb	16740	Pickup	Ducato II (244)	244	2	EU-FIAT-DUCATO-II-244-PICKUP-MWB-01	HIGH	MWB物理分支。	READY
16740_mwb_maxi	16740	Pickup	Ducato II (244)	244	2	EU-FIAT-DUCATO-II-244-PICKUP-MWB-MAXI-01	HIGH	MWB Maxi物理分支。	READY
16740_lwb	16740	Pickup	Ducato II (244)	244	2	EU-FIAT-DUCATO-II-244-PICKUP-LWB-01	HIGH	LWB物理分支。	READY
16740_lwb_maxi	16740	Pickup	Ducato II (244)	244	2	EU-FIAT-DUCATO-II-244-PICKUP-LWB-MAXI-01	HIGH	LWB Maxi物理分支。	READY
16740_4050	16740	Pickup	Ducato II (244)	244	2	EU-FIAT-DUCATO-II-244-PICKUP-4050-01	HIGH	4050轴距物理分支。	READY
16740_4050_maxi	16740	Pickup	Ducato II (244)	244	2	EU-FIAT-DUCATO-II-244-PICKUP-4050-MAXI-01	HIGH	4050轴距Maxi物理分支。	READY
16159	16159	MPV	Ducato II (230)	230	4	EU-FIAT-DUCATO-II-230-VAN-LWB-4X4-HIGHROOF-01	MEDIUM	LWB四驱高顶Bus外廓。	READY
16161	16161	Van	Ducato II (230)	230L		EU-FIAT-DUCATO-II-230-VAN-LWB-4X4-HIGHROOF-01	HIGH		READY
16866_swb_lowroof	16866	MPV	Ducato II (244)	244	4	EU-FIAT-DUCATO-II-244-VAN-SWB-LOWROOF-01	MEDIUM	SWB低顶4X4 Bus物理分支。	READY
16866_swb_highroof	16866	MPV	Ducato II (244)	244	4	EU-FIAT-DUCATO-II-244-VAN-SWB-HIGHROOF-01	MEDIUM	SWB高顶4X4 Bus物理分支。	READY
16866_mwb_lowroof	16866	MPV	Ducato II (244)	244	4	EU-FIAT-DUCATO-II-244-VAN-MWB-LOWROOF-01	MEDIUM	MWB低顶4X4 Bus物理分支。	READY
16866_mwb_highroof	16866	MPV	Ducato II (244)	244	4	EU-FIAT-DUCATO-II-244-VAN-MWB-HIGHROOF-01	MEDIUM	MWB高顶4X4 Bus物理分支。	READY
16866_lwb_highroof	16866	MPV	Ducato II (244)	244	4	EU-FIAT-DUCATO-II-244-VAN-LWB-HIGHROOF-01	MEDIUM	LWB高顶4X4 Bus物理分支。	READY
16867_swb_lowroof	16867	Van	Ducato II (244)	244		EU-FIAT-DUCATO-II-244-VAN-SWB-LOWROOF-01	HIGH	SWB低顶4X4物理分支。	READY
16867_swb_highroof	16867	Van	Ducato II (244)	244		EU-FIAT-DUCATO-II-244-VAN-SWB-HIGHROOF-01	HIGH	SWB高顶4X4物理分支。	READY
16867_mwb_lowroof	16867	Van	Ducato II (244)	244		EU-FIAT-DUCATO-II-244-VAN-MWB-LOWROOF-01	HIGH	MWB低顶4X4物理分支。	READY
16867_mwb_highroof	16867	Van	Ducato II (244)	244		EU-FIAT-DUCATO-II-244-VAN-MWB-HIGHROOF-01	HIGH	MWB高顶4X4物理分支。	READY
16867_mwb_superhighroof	16867	Van	Ducato II (244)	244		EU-FIAT-DUCATO-II-244-VAN-MWB-SUPERHIGHROOF-01	HIGH	MWB超高顶4X4物理分支。	READY
16867_mwb_maxi_lowroof	16867	Van	Ducato II (244)	244		EU-FIAT-DUCATO-II-244-VAN-MWB-MAXI-LOWROOF-01	HIGH	MWB Maxi低顶4X4物理分支。	READY
16867_mwb_maxi_highroof	16867	Van	Ducato II (244)	244		EU-FIAT-DUCATO-II-244-VAN-MWB-MAXI-HIGHROOF-01	HIGH	MWB Maxi高顶4X4物理分支。	READY
16867_mwb_maxi_superhighroof	16867	Van	Ducato II (244)	244		EU-FIAT-DUCATO-II-244-VAN-MWB-MAXI-SUPERHIGHROOF-01	HIGH	MWB Maxi超高顶4X4物理分支。	READY
16867_lwb_highroof	16867	Van	Ducato II (244)	244		EU-FIAT-DUCATO-II-244-VAN-LWB-HIGHROOF-01	HIGH	LWB高顶4X4物理分支。	READY
16867_lwb_superhighroof	16867	Van	Ducato II (244)	244		EU-FIAT-DUCATO-II-244-VAN-LWB-SUPERHIGHROOF-01	HIGH	LWB超高顶4X4物理分支。	READY
16868_swb	16868	Pickup	Ducato II (244)	244	2	EU-FIAT-DUCATO-II-244-PICKUP-SWB-02	HIGH	SWB 4X4 Truck物理分支。	READY
16868_mwb	16868	Pickup	Ducato II (244)	244	2	EU-FIAT-DUCATO-II-244-PICKUP-MWB-02	HIGH	MWB 4X4 Truck物理分支。	READY
16868_mwb_maxi	16868	Pickup	Ducato II (244)	244	2	EU-FIAT-DUCATO-II-244-PICKUP-MWB-MAXI-02	HIGH	MWB Maxi 4X4 Truck物理分支。	READY
16868_lwb	16868	Pickup	Ducato II (244)	244	2	EU-FIAT-DUCATO-II-244-PICKUP-LWB-02	HIGH	LWB 4X4 Truck物理分支。	READY
16868_lwb_maxi	16868	Pickup	Ducato II (244)	244	2	EU-FIAT-DUCATO-II-244-PICKUP-LWB-MAXI-02	HIGH	LWB Maxi 4X4 Truck物理分支。	READY
58733_swb	58733	Pickup	Ducato II (230)	230	2	EU-FIAT-DUCATO-II-230-PICKUP-SWB-01	MEDIUM	SWB四驱物理分支。	READY
58733_mwb	58733	Pickup	Ducato II (230)	230	2	EU-FIAT-DUCATO-II-230-PICKUP-MWB-01	MEDIUM	MWB四驱物理分支。	READY
58733_lwb	58733	Pickup	Ducato II (230)	230	2	EU-FIAT-DUCATO-II-230-PICKUP-LWB-01	MEDIUM	LWB四驱物理分支。	READY
10695_swb_lowroof	10695	Van	Ducato II (230)	230L		EU-FIAT-DUCATO-II-230-VAN-SWB-LOWROOF-01	HIGH	SWB低顶物理分支。	READY
10695_swb_highroof	10695	Van	Ducato II (230)	230L		EU-FIAT-DUCATO-II-230-VAN-SWB-HIGHROOF-01	HIGH	SWB高顶物理分支。	READY
10695_mwb_lowroof	10695	Van	Ducato II (230)	230L		EU-FIAT-DUCATO-II-230-VAN-MWB-LOWROOF-01	HIGH	MWB低顶物理分支。	READY
10695_mwb_highroof	10695	Van	Ducato II (230)	230L		EU-FIAT-DUCATO-II-230-VAN-MWB-HIGHROOF-01	HIGH	MWB高顶物理分支。	READY
10695_lwb_highroof	10695	Van	Ducato II (230)	230L		EU-FIAT-DUCATO-II-230-VAN-LWB-HIGHROOF-01	HIGH	LWB高顶物理分支。	READY
11845_swb	11845	Pickup	Ducato II (230)	230	2	EU-FIAT-DUCATO-II-230-PICKUP-SWB-01	HIGH	SWB物理分支。	READY
11845_mwb	11845	Pickup	Ducato II (230)	230	2	EU-FIAT-DUCATO-II-230-PICKUP-MWB-01	HIGH	MWB物理分支。	READY
11845_lwb	11845	Pickup	Ducato II (230)	230	2	EU-FIAT-DUCATO-II-230-PICKUP-LWB-01	HIGH	LWB物理分支。	READY
14463	14463	Van	Ducato II (230)	230L		EU-FIAT-DUCATO-II-230-VAN-LWB-4X4-HIGHROOF-01	HIGH		READY
15592	15592	MPV	Ducato II (230)	230	4	EU-FIAT-DUCATO-II-230-VAN-LWB-4X4-HIGHROOF-01	MEDIUM	LWB四驱高顶Bus外廓。	READY
143447_l2h1_35t_47kwh	143447	Van	Ducato III E-Ducato (250)	250		EU-FIAT-DUCATO-III-250-VAN-EDUCATO-L2H1-35T-47KWH-01	HIGH	L2H1、3.5 t、47 kWh物理外廓分支。	READY
143447_l2h1_35t_79kwh	143447	Van	Ducato III E-Ducato (250)	250		EU-FIAT-DUCATO-III-250-VAN-EDUCATO-L2H1-35T-79KWH-01	HIGH	L2H1、3.5 t、79 kWh物理外廓分支。	READY
143447_l2h2_35t_47kwh	143447	Van	Ducato III E-Ducato (250)	250		EU-FIAT-DUCATO-III-250-VAN-EDUCATO-L2H2-35T-47KWH-01	HIGH	L2H2、3.5 t、47 kWh物理外廓分支。	READY
143447_l2h2_35t_79kwh	143447	Van	Ducato III E-Ducato (250)	250		EU-FIAT-DUCATO-III-250-VAN-EDUCATO-L2H2-35T-79KWH-01	HIGH	L2H2、3.5 t、79 kWh物理外廓分支。	READY
143447_l3h2_35t_47kwh	143447	Van	Ducato III E-Ducato (250)	250		EU-FIAT-DUCATO-III-250-VAN-EDUCATO-L3H2-35T-47KWH-01	HIGH	L3H2、3.5 t、47 kWh物理外廓分支。	READY
143447_l3h2_35t_79kwh	143447	Van	Ducato III E-Ducato (250)	250		EU-FIAT-DUCATO-III-250-VAN-EDUCATO-L3H2-35T-79KWH-01	HIGH	L3H2、3.5 t、79 kWh物理外廓分支。	READY
143447_l3h3_35t_47kwh	143447	Van	Ducato III E-Ducato (250)	250		EU-FIAT-DUCATO-III-250-VAN-EDUCATO-L3H3-35T-47KWH-01	HIGH	L3H3、3.5 t、47 kWh物理外廓分支。	READY
143447_l3h3_35t_79kwh	143447	Van	Ducato III E-Ducato (250)	250		EU-FIAT-DUCATO-III-250-VAN-EDUCATO-L3H3-35T-79KWH-01	HIGH	L3H3、3.5 t、79 kWh物理外廓分支。	READY
143447_l4h2_35t_47kwh	143447	Van	Ducato III E-Ducato (250)	250		EU-FIAT-DUCATO-III-250-VAN-EDUCATO-L4H2-35T-47KWH-01	HIGH	L4H2、3.5 t、47 kWh物理外廓分支。	READY
143447_l4h2_35t_79kwh	143447	Van	Ducato III E-Ducato (250)	250		EU-FIAT-DUCATO-III-250-VAN-EDUCATO-L4H2-35T-79KWH-01	HIGH	L4H2、3.5 t、79 kWh物理外廓分支。	READY
143447_l4h3_35t_47kwh	143447	Van	Ducato III E-Ducato (250)	250		EU-FIAT-DUCATO-III-250-VAN-EDUCATO-L4H3-35T-47KWH-01	HIGH	L4H3、3.5 t、47 kWh物理外廓分支。	READY
143447_l4h3_35t_79kwh	143447	Van	Ducato III E-Ducato (250)	250		EU-FIAT-DUCATO-III-250-VAN-EDUCATO-L4H3-35T-79KWH-01	HIGH	L4H3、3.5 t、79 kWh物理外廓分支。	READY
143447_l2h1_425t_47kwh	143447	Van	Ducato III E-Ducato (250)	250		EU-FIAT-DUCATO-III-250-VAN-EDUCATO-L2H1-425T-47KWH-01	HIGH	L2H1、4.25 t、47 kWh物理外廓分支。	READY
143447_l2h1_425t_79kwh	143447	Van	Ducato III E-Ducato (250)	250		EU-FIAT-DUCATO-III-250-VAN-EDUCATO-L2H1-425T-79KWH-01	HIGH	L2H1、4.25 t、79 kWh物理外廓分支。	READY
143447_l2h2_425t_47kwh	143447	Van	Ducato III E-Ducato (250)	250		EU-FIAT-DUCATO-III-250-VAN-EDUCATO-L2H2-425T-47KWH-01	HIGH	L2H2、4.25 t、47 kWh物理外廓分支。	READY
143447_l2h2_425t_79kwh	143447	Van	Ducato III E-Ducato (250)	250		EU-FIAT-DUCATO-III-250-VAN-EDUCATO-L2H2-425T-79KWH-01	HIGH	L2H2、4.25 t、79 kWh物理外廓分支。	READY
143447_l3h2_425t_47kwh	143447	Van	Ducato III E-Ducato (250)	250		EU-FIAT-DUCATO-III-250-VAN-EDUCATO-L3H2-425T-47KWH-01	HIGH	L3H2、4.25 t、47 kWh物理外廓分支。	READY
143447_l3h2_425t_79kwh	143447	Van	Ducato III E-Ducato (250)	250		EU-FIAT-DUCATO-III-250-VAN-EDUCATO-L3H2-425T-79KWH-01	HIGH	L3H2、4.25 t、79 kWh物理外廓分支。	READY
143447_l3h3_425t_47kwh	143447	Van	Ducato III E-Ducato (250)	250		EU-FIAT-DUCATO-III-250-VAN-EDUCATO-L3H3-425T-47KWH-01	HIGH	L3H3、4.25 t、47 kWh物理外廓分支。	READY
143447_l3h3_425t_79kwh	143447	Van	Ducato III E-Ducato (250)	250		EU-FIAT-DUCATO-III-250-VAN-EDUCATO-L3H3-425T-79KWH-01	HIGH	L3H3、4.25 t、79 kWh物理外廓分支。	READY
143447_l4h2_425t_47kwh	143447	Van	Ducato III E-Ducato (250)	250		EU-FIAT-DUCATO-III-250-VAN-EDUCATO-L4H2-425T-47KWH-01	HIGH	L4H2、4.25 t、47 kWh物理外廓分支。	READY
143447_l4h2_425t_79kwh	143447	Van	Ducato III E-Ducato (250)	250		EU-FIAT-DUCATO-III-250-VAN-EDUCATO-L4H2-425T-79KWH-01	HIGH	L4H2、4.25 t、79 kWh物理外廓分支。	READY
143447_l4h3_425t_47kwh	143447	Van	Ducato III E-Ducato (250)	250		EU-FIAT-DUCATO-III-250-VAN-EDUCATO-L4H3-425T-47KWH-01	HIGH	L4H3、4.25 t、47 kWh物理外廓分支。	READY
143447_l4h3_425t_79kwh	143447	Van	Ducato III E-Ducato (250)	250		EU-FIAT-DUCATO-III-250-VAN-EDUCATO-L4H3-425T-79KWH-01	HIGH	L4H3、4.25 t、79 kWh物理外廓分支。	READY
145334_mwb	145334	Pickup	Ducato III (290)	290	2	EU-FIAT-DUCATO-III-290-PICKUP-CHASSIS-CAB-MWB-01	HIGH	L2单排底盘驾驶室分支。	READY
145334_mlwb	145334	Pickup	Ducato III (290)	290	2	EU-FIAT-DUCATO-III-290-PICKUP-CHASSIS-CAB-MLWB-01	HIGH	L2+单排底盘驾驶室分支。	READY
145334_lwb	145334	Pickup	Ducato III (290)	290	2	EU-FIAT-DUCATO-III-290-PICKUP-CHASSIS-CAB-LWB-01	HIGH	L3单排底盘驾驶室分支。	READY
145334_xl	145334	Pickup	Ducato III (290)	290	2	EU-FIAT-DUCATO-III-290-PICKUP-CHASSIS-CAB-XL-01	HIGH	L4单排底盘驾驶室分支。	READY
145335_47kwh	145335	MPV	Ducato III E-Ducato (250)	250		EU-FIAT-DUCATO-III-250-MPV-EDUCATO-L2H2-47KWH-01	HIGH	47 kWh乘用版车高分支。	READY
145335_79kwh	145335	MPV	Ducato III E-Ducato (250)	250		EU-FIAT-DUCATO-III-250-MPV-EDUCATO-L2H2-79KWH-01	HIGH	79 kWh乘用版车高分支。	READY
157721_lwb_highroof	157721	Van	Ducato III E-Ducato (250)	250		EU-FIAT-DUCATO-III-250-VAN-LWB-HIGHROOF-02	HIGH	L3H2物理外廓。	READY
157721_lwb_superhighroof	157721	Van	Ducato III E-Ducato (250)	250		EU-FIAT-DUCATO-III-250-VAN-LWB-SUPERHIGHROOF-02	HIGH	L3H3物理外廓。	READY
157721_xl_highroof	157721	Van	Ducato III E-Ducato (250)	250		EU-FIAT-DUCATO-III-250-VAN-XL-HIGHROOF-02	HIGH	L4H2物理外廓。	READY
157721_xl_superhighroof	157721	Van	Ducato III E-Ducato (250)	250		EU-FIAT-DUCATO-III-250-VAN-XL-SUPERHIGHROOF-02	HIGH	L4H3物理外廓。	READY
157722	157722	Pickup	Ducato III E-Ducato (250)	250	2	EU-FIAT-DUCATO-III-250-PICKUP-CHASSIS-CAB-LWB-01	HIGH	L3H1单排底盘驾驶室。	READY
802128_lwb_highroof	802128	Van	Ducato III E-Ducato Hydrogen (250)	250		EU-FIAT-DUCATO-III-250-VAN-LWB-HIGHROOF-02	HIGH	L3H2氢燃料厢式车分支。	READY
802128_lwb_superhighroof	802128	Van	Ducato III E-Ducato Hydrogen (250)	250		EU-FIAT-DUCATO-III-250-VAN-LWB-SUPERHIGHROOF-02	HIGH	L3H3氢燃料厢式车分支。	READY
802128_xl_highroof	802128	Van	Ducato III E-Ducato Hydrogen (250)	250		EU-FIAT-DUCATO-III-250-VAN-XL-HIGHROOF-02	HIGH	L4H2氢燃料厢式车分支。	READY
802128_xl_superhighroof	802128	Van	Ducato III E-Ducato Hydrogen (250)	250		EU-FIAT-DUCATO-III-250-VAN-XL-SUPERHIGHROOF-02	HIGH	L4H3氢燃料厢式车分支。	READY
14241	14241	MPV	Ducato I (280)	280		EU-FIAT-DUCATO-I-280-VAN-LOWROOF-01	MEDIUM	Panorama低顶乘用车身。	READY
6004	6004	MPV	Ducato I (290)	290		EU-FIAT-DUCATO-I-290-VAN-LOWROOF-01	MEDIUM	Panorama低顶乘用车身。	READY
7791	7791	MPV	Ducato I (290)	290		EU-FIAT-DUCATO-I-290-VAN-LOWROOF-01	MEDIUM	Panorama低顶乘用车身。	READY
7787	7787	MPV	Ducato I (290)	290		EU-FIAT-DUCATO-I-290-VAN-LOWROOF-01	MEDIUM	Panorama低顶乘用车身。	READY
7790	7790	MPV	Ducato I (290)	290		EU-FIAT-DUCATO-I-290-VAN-4X4-LOWROOF-01	MEDIUM	Panorama四驱低顶乘用车身。	READY
7788	7788	MPV	Ducato I (290)	290		EU-FIAT-DUCATO-I-290-VAN-LOWROOF-01	MEDIUM	Panorama低顶乘用车身。	READY
7789	7789	MPV	Ducato I (290)	290		EU-FIAT-DUCATO-I-290-VAN-4X4-LOWROOF-01	MEDIUM	Panorama四驱低顶乘用车身。	READY
14226	14226	Pickup	Fiorino I (147)	147	2	EU-FIAT-FIORINO-I-147-PICKUP-01	HIGH	两门Pick-up City物理外廓。	READY
14260	14260	Pickup	Fiorino I (147)	147	2	EU-FIAT-FIORINO-I-147-PICKUP-01	HIGH	两门Pick-up City物理外廓。	READY
142876	142876	MPV	Fiorino II (146)	146	3	EU-FIAT-FIORINO-II-146-MPV-VAN-01	HIGH		READY
18814_prefl	18814	Pickup	Fiorino II (146)	146	2	EU-FIAT-FIORINO-II-146-PICKUP-PREFL-01	HIGH	1988—1993短轴Pickup物理分支。	READY
18814_facelift	18814	Pickup	Fiorino II (146)	146	2	EU-FIAT-FIORINO-II-146-PICKUP-FACELIFT-01	HIGH	1994年后加长Pickup物理分支。	READY
14846	14846	Pickup	Fiorino II (146)	146	2	EU-FIAT-FIORINO-II-146-PICKUP-FACELIFT-01	HIGH	1994年后加长Pickup外廓。	READY
115777_van	115777	Van	Fiorino III	225		EU-FIAT-FIORINO-225-VAN-PREFL-01	HIGH	改款前Cargo物理外廓。	READY
115777_mpv	115777	MPV	Qubo I	225	5	EU-FIAT-FIORINO-225-MPV-PREFL-01	HIGH	改款前乘用MPV物理外廓。	READY
142883	142883	MPV	Qubo I	225	5	EU-FIAT-FIORINO-225-MPV-PREFL-01	HIGH		READY
142885	142885	MPV	Qubo I	225	5	EU-FIAT-FIORINO-225-MPV-PREFL-01	HIGH		READY
143245	143245	MPV	Fiorino II (146)	146	3	EU-FIAT-FIORINO-II-146-MPV-VAN-01	HIGH		READY
142878	142878	MPV	Fiorino II (146)	146	3	EU-FIAT-FIORINO-II-146-MPV-VAN-01	HIGH		READY
14225	14225	Pickup	Fiorino II (146)	146	2	EU-FIAT-FIORINO-II-146-PICKUP-FACELIFT-01	HIGH	1994年后加长Pickup外廓。	READY
14231	14231	Pickup	Fiorino I (147)	147	2	EU-FIAT-FIORINO-I-147-PICKUP-01	HIGH	两门Pick-up City物理外廓。	READY
115153_van	115153	Van	Fiorino III	225		EU-FIAT-FIORINO-225-VAN-PREFL-01	HIGH	改款前Cargo物理外廓。	READY
115153_mpv	115153	MPV	Qubo I	225	5	EU-FIAT-FIORINO-225-MPV-PREFL-01	HIGH	改款前乘用MPV物理外廓。	READY
142884	142884	MPV	Qubo I	225	5	EU-FIAT-FIORINO-225-MPV-PREFL-01	HIGH		READY
142888	142888	MPV	Qubo I	225	5	EU-FIAT-FIORINO-225-MPV-PREFL-01	HIGH		READY
152921	152921	MPV	Fiorino/Qubo MY2016	225	5	EU-FIAT-FIORINO-225-MPV-FACELIFT-01	HIGH	MY2016改款后乘用MPV外廓。	READY
142886	142886	MPV	Qubo I	225	5	EU-FIAT-FIORINO-225-MPV-PREFL-01	HIGH		READY
142887	142887	MPV	Qubo I	225	5	EU-FIAT-FIORINO-225-MPV-PREFL-01	HIGH		READY
143244	143244	MPV	Fiorino II (146)	146	3	EU-FIAT-FIORINO-II-146-MPV-VAN-01	HIGH		READY
14232_prefl	14232	Pickup	Fiorino II (146)	146	2	EU-FIAT-FIORINO-II-146-PICKUP-PREFL-01	HIGH	1988—1993短轴Pickup物理分支。	READY
14232_facelift	14232	Pickup	Fiorino II (146)	146	2	EU-FIAT-FIORINO-II-146-PICKUP-FACELIFT-01	HIGH	1994年后加长Pickup物理分支。	READY
14233_prefl	14233	Pickup	Fiorino II (146)	146	2	EU-FIAT-FIORINO-II-146-PICKUP-PREFL-01	HIGH	1988—1993短轴Pickup物理分支。	READY
14233_facelift	14233	Pickup	Fiorino II (146)	146	2	EU-FIAT-FIORINO-II-146-PICKUP-FACELIFT-01	HIGH	1994年后加长Pickup物理分支。	READY
14234	14234	Pickup	Fiorino II (146)	146	2	EU-FIAT-FIORINO-II-146-PICKUP-FACELIFT-01	HIGH	1994年后加长Pickup外廓。	READY
14492_mpv	14492	MPV	Fiorino II (146)	146	3	EU-FIAT-FIORINO-II-146-MPV-VAN-01	HIGH	乘用MPV物理分支。	READY
14492_van	14492	Van	Fiorino II (146)	146	3	EU-FIAT-FIORINO-II-146-MPV-VAN-01	HIGH	厢式车物理分支。	READY
56895	56895	MPV	Freemont I		5	EU-FIAT-FREEMONT-I-MPV-01	HIGH		READY
12110	12110	MPV	Freemont I		5	EU-FIAT-FREEMONT-I-MPV-01	HIGH		READY
13300	13300	MPV	Freemont I		5	EU-FIAT-FREEMONT-I-MPV-01	HIGH		READY
118973	118973	Pickup	Fullback I	503		EU-FIAT-FULLBACK-I-PICKUP-DOUBLECAB-SX-01	HIGH	503 Double Cab；官方2WD分支。	READY
118974_extcab	118974	Pickup	Fullback I	502		EU-FIAT-FULLBACK-I-PICKUP-EXTCAB-SX-01	HIGH	502 Extended Cab；4WD 154 PS分支。	READY
118974_doublecab	118974	Pickup	Fullback I	503		EU-FIAT-FULLBACK-I-PICKUP-DOUBLECAB-SX-01	HIGH	503 Double Cab；4WD 154 PS分支。	READY
118975_extcab	118975	Pickup	Fullback I	502		EU-FIAT-FULLBACK-I-PICKUP-EXTCAB-LX-01	HIGH	502 Extended Cab；4WD 181 PS分支。	READY
118975_doublecab	118975	Pickup	Fullback I	503		EU-FIAT-FULLBACK-I-PICKUP-DOUBLECAB-LX-01	HIGH	503 Double Cab；4WD 181 PS分支。	READY
162578_16in	162578	Hatchback	Grande Panda I		5	EU-FIAT-GRANDE-PANDA-I-HATCHBACK-HYBRID-16IN-01	MEDIUM	16英寸轮组物理分支。	READY
162578_17in	162578	Hatchback	Grande Panda I		5	EU-FIAT-GRANDE-PANDA-I-HATCHBACK-HYBRID-17IN-01	MEDIUM	17英寸轮组物理分支。	READY
160543_16in	160543	Hatchback	Grande Panda I		5	EU-FIAT-GRANDE-PANDA-I-HATCHBACK-HYBRID-16IN-01	HIGH	官方16英寸轮组外廓。	READY
160543_17in	160543	Hatchback	Grande Panda I		5	EU-FIAT-GRANDE-PANDA-I-HATCHBACK-HYBRID-17IN-01	HIGH	官方17英寸轮组外廓。	READY
160141_16in	160141	Hatchback	Grande Panda I		5	EU-FIAT-GRANDE-PANDA-I-HATCHBACK-ELECTRIC-16IN-01	HIGH	官方16英寸轮组外廓。	READY
160141_17in	160141	Hatchback	Grande Panda I		5	EU-FIAT-GRANDE-PANDA-I-HATCHBACK-ELECTRIC-17IN-01	HIGH	官方17英寸轮组外廓。	READY
1940_3dr	1940	Hatchback	Grande Punto (199)	199	3	EU-FIAT-GRANDE-PUNTO-199-HATCHBACK-3D-01	HIGH	三门物理车身分支。	READY
1940_5dr	1940	Hatchback	Grande Punto (199)	199	5	EU-FIAT-GRANDE-PUNTO-199-HATCHBACK-5D-01	HIGH	五门物理车身分支。	READY
18897_3dr	18897	Hatchback	Grande Punto (199)	199	3	EU-FIAT-GRANDE-PUNTO-199-HATCHBACK-3D-01	HIGH	三门物理车身分支。	READY
18897_5dr	18897	Hatchback	Grande Punto (199)	199	5	EU-FIAT-GRANDE-PUNTO-199-HATCHBACK-5D-01	HIGH	五门物理车身分支。	READY
18898_3dr	18898	Hatchback	Grande Punto (199)	199	3	EU-FIAT-GRANDE-PUNTO-199-HATCHBACK-3D-01	HIGH	三门物理车身分支。	READY
18898_5dr	18898	Hatchback	Grande Punto (199)	199	5	EU-FIAT-GRANDE-PUNTO-199-HATCHBACK-5D-01	HIGH	五门物理车身分支。	READY
18899_3dr	18899	Hatchback	Grande Punto (199)	199	3	EU-FIAT-GRANDE-PUNTO-199-HATCHBACK-3D-01	HIGH	三门物理车身分支。	READY
18899_5dr	18899	Hatchback	Grande Punto (199)	199	5	EU-FIAT-GRANDE-PUNTO-199-HATCHBACK-5D-01	HIGH	五门物理车身分支。	READY
18900_3dr	18900	Hatchback	Grande Punto (199)	199	3	EU-FIAT-GRANDE-PUNTO-199-HATCHBACK-3D-01	HIGH	三门物理车身分支。	READY
18900_5dr	18900	Hatchback	Grande Punto (199)	199	5	EU-FIAT-GRANDE-PUNTO-199-HATCHBACK-5D-01	HIGH	五门物理车身分支。	READY
18901_3dr	18901	Hatchback	Grande Punto (199)	199	3	EU-FIAT-GRANDE-PUNTO-199-HATCHBACK-3D-01	HIGH	三门物理车身分支。	READY
18901_5dr	18901	Hatchback	Grande Punto (199)	199	5	EU-FIAT-GRANDE-PUNTO-199-HATCHBACK-5D-01	HIGH	五门物理车身分支。	READY
18902_3dr	18902	Hatchback	Grande Punto (199)	199	3	EU-FIAT-GRANDE-PUNTO-199-HATCHBACK-3D-01	HIGH	三门物理车身分支。	READY
18902_5dr	18902	Hatchback	Grande Punto (199)	199	5	EU-FIAT-GRANDE-PUNTO-199-HATCHBACK-5D-01	HIGH	五门物理车身分支。	READY
142890_mpv	142890	MPV	Idea (350)	350	5	EU-FIAT-IDEA-350-MPV-01	HIGH	输入车身类型同时覆盖乘用MPV与厢式用途，拆分为MPV分支。	READY
142890_van	142890	Van	Idea (350)	350	5	EU-FIAT-IDEA-350-MPV-01	HIGH	输入车身类型同时覆盖乘用MPV与厢式用途，拆分为Van分支。	READY
17839	17839	MPV	Idea (350)	350	5	EU-FIAT-IDEA-350-MPV-01	HIGH		READY
17841	17841	MPV	Idea (350)	350	5	EU-FIAT-IDEA-350-MPV-01	HIGH		READY
17840	17840	MPV	Idea (350)	350	5	EU-FIAT-IDEA-350-MPV-01	HIGH		READY
17842	17842	MPV	Idea (350)	350	5	EU-FIAT-IDEA-350-MPV-01	HIGH		READY
142891_mpv	142891	MPV	Idea (350)	350	5	EU-FIAT-IDEA-350-MPV-01	HIGH	输入车身类型同时覆盖乘用MPV与厢式用途，拆分为MPV分支。	READY
142891_van	142891	Van	Idea (350)	350	5	EU-FIAT-IDEA-350-MPV-01	HIGH	输入车身类型同时覆盖乘用MPV与厢式用途，拆分为Van分支。	READY
142892_mpv	142892	MPV	Idea (350)	350	5	EU-FIAT-IDEA-350-MPV-01	HIGH	输入车身类型同时覆盖乘用MPV与厢式用途，拆分为MPV分支。	READY
142892_van	142892	Van	Idea (350)	350	5	EU-FIAT-IDEA-350-MPV-01	HIGH	输入车身类型同时覆盖乘用MPV与厢式用途，拆分为Van分支。	READY
142893_mpv	142893	MPV	Idea (350)	350	5	EU-FIAT-IDEA-350-MPV-01	HIGH	输入车身类型同时覆盖乘用MPV与厢式用途，拆分为MPV分支。	READY
142893_van	142893	Van	Idea (350)	350	5	EU-FIAT-IDEA-350-MPV-01	HIGH	输入车身类型同时覆盖乘用MPV与厢式用途，拆分为Van分支。	READY
13980	13980	Sedan	Linea I		4	EU-FIAT-LINEA-I-SEDAN-01	HIGH		READY
15699	15699	Sedan	Marea (185)	185	4	EU-FIAT-MAREA-185-SEDAN-FACELIFT-01	HIGH	改款后四门Sedan外廓。	READY
15700	15700	Wagon	Marea Weekend (185)	185	5	EU-FIAT-MAREA-185-WAGON-FACELIFT-01	HIGH	改款后五门Wagon外廓。	READY
5751	5751	Sedan	Marea (185)	185	4	EU-FIAT-MAREA-185-SEDAN-PREFL-01	HIGH	改款前四门Sedan外廓。	READY
5775	5775	Wagon	Marea Weekend (185)	185	5	EU-FIAT-MAREA-185-WAGON-PREFL-01	HIGH	改款前五门Wagon外廓。	READY
5757_prefl	5757	Sedan	Marea (185)	185	4	EU-FIAT-MAREA-185-SEDAN-PREFL-01	HIGH	Ktype覆盖改款前外廓。	READY
5757_facelift	5757	Sedan	Marea (185)	185	4	EU-FIAT-MAREA-185-SEDAN-FACELIFT-01	HIGH	Ktype覆盖改款后外廓。	READY
5776_prefl	5776	Wagon	Marea Weekend (185)	185	5	EU-FIAT-MAREA-185-WAGON-PREFL-01	HIGH	Ktype覆盖改款前外廓。	READY
5776_facelift	5776	Wagon	Marea Weekend (185)	185	5	EU-FIAT-MAREA-185-WAGON-FACELIFT-01	HIGH	Ktype覆盖改款后外廓。	READY
14927	14927	Sedan	Marea (185)	185	4	EU-FIAT-MAREA-185-SEDAN-FACELIFT-01	HIGH	改款后四门Sedan外廓。	READY
5760_prefl	5760	Sedan	Marea (185)	185	4	EU-FIAT-MAREA-185-SEDAN-PREFL-01	HIGH	Ktype覆盖改款前外廓。	READY
5760_facelift	5760	Sedan	Marea (185)	185	4	EU-FIAT-MAREA-185-SEDAN-FACELIFT-01	HIGH	Ktype覆盖改款后外廓。	READY
5777_prefl	5777	Wagon	Marea Weekend (185)	185	5	EU-FIAT-MAREA-185-WAGON-PREFL-01	HIGH	Ktype覆盖改款前外廓。	READY
5777_facelift	5777	Wagon	Marea Weekend (185)	185	5	EU-FIAT-MAREA-185-WAGON-FACELIFT-01	HIGH	Ktype覆盖改款后外廓。	READY
12039	12039	Sedan	Marea (185)	185	4	EU-FIAT-MAREA-185-SEDAN-FACELIFT-01	HIGH	改款后四门Sedan外廓。	READY
12042	12042	Wagon	Marea Weekend (185)	185	5	EU-FIAT-MAREA-185-WAGON-FACELIFT-01	HIGH	改款后五门Wagon外廓。	READY
15826	15826	Sedan	Marea (185)	185	4	EU-FIAT-MAREA-185-SEDAN-FACELIFT-01	HIGH	改款后四门Sedan外廓。	READY
15827	15827	Wagon	Marea 185	185	5	EU-FIAT-MAREA-185-WAGON-FACELIFT-01	HIGH	Series II Weekend五门外廓。	READY
5765	5765	Sedan	Marea 185	185	4	EU-FIAT-MAREA-185-SEDAN-PREFL-01	MEDIUM	TD 100仅对应改款前四门外廓；输入结束月晚于该版本实际供应期。	READY
5764_prefl	5764	Sedan	Marea 185	185	4	EU-FIAT-MAREA-185-SEDAN-PREFL-01	HIGH	TD 75覆盖Series I改款前四门外廓。	READY
5764_facelift	5764	Sedan	Marea 185	185	4	EU-FIAT-MAREA-185-SEDAN-FACELIFT-01	HIGH	TD 75覆盖Series II改款后四门外廓。	READY
5761	5761	Sedan	Marea 185	185	4	EU-FIAT-MAREA-185-SEDAN-PREFL-01	HIGH	改款前四门外廓。	READY
5778	5778	Wagon	Marea 185	185	5	EU-FIAT-MAREA-185-WAGON-PREFL-01	HIGH	改款前Weekend五门外廓。	READY
15824	15824	Sedan	Marea 185	185	4	EU-FIAT-MAREA-185-SEDAN-FACELIFT-01	HIGH	Series II四门外廓。	READY
15825	15825	Wagon	Marea 185	185	5	EU-FIAT-MAREA-185-WAGON-FACELIFT-01	HIGH	Series II Weekend五门外廓。	READY
12041	12041	Sedan	Marea 185	185	4	EU-FIAT-MAREA-185-SEDAN-FACELIFT-01	HIGH	155 20V Series II四门外廓。	READY
12044	12044	Wagon	Marea 185	185	5	EU-FIAT-MAREA-185-WAGON-FACELIFT-01	HIGH	155 20V Series II Weekend五门外廓。	READY
12040	12040	Sedan	Marea 185	185	4	EU-FIAT-MAREA-185-SEDAN-FACELIFT-01	HIGH	JTD 130 Series II四门外廓。	READY
12043	12043	Wagon	Marea 185	185	5	EU-FIAT-MAREA-185-WAGON-FACELIFT-01	HIGH	JTD 130 Series II Weekend五门外廓。	READY
5774	5774	Sedan	Marea 185	185	4	EU-FIAT-MAREA-185-SEDAN-PREFL-01	HIGH	TD 125改款前四门外廓。	READY
143084_prefl	143084	MPV	Multipla 186	186	5	EU-FIAT-MULTIPLA-186-MPV-PREFL-01	HIGH	改款前商用登记五门MPV外廓。	READY
143084_facelift	143084	MPV	Multipla 186	186	5	EU-FIAT-MULTIPLA-186-MPV-FACELIFT-01	HIGH	改款后商用登记五门MPV外廓。	READY
10499	10499	MPV	Multipla 186	186	5	EU-FIAT-MULTIPLA-186-MPV-PREFL-01	HIGH	改款前五门MPV外廓。	READY
11759	11759	MPV	Multipla 186	186	5	EU-FIAT-MULTIPLA-186-MPV-PREFL-01	HIGH	改款前Bipower五门外廓。	READY
16589_prefl	16589	MPV	Multipla 186	186	5	EU-FIAT-MULTIPLA-186-MPV-PREFL-01	HIGH	改款前Bipower五门外廓。	READY
16589_facelift	16589	MPV	Multipla 186	186	5	EU-FIAT-MULTIPLA-186-MPV-FACELIFT-CNG-01	HIGH	改款后Bipower气体燃料五门外廓。	READY
113442_prefl	113442	MPV	Multipla 186	186	5	EU-FIAT-MULTIPLA-186-MPV-PREFL-01	HIGH	改款前GPL五门外廓。	READY
113442_facelift	113442	MPV	Multipla 186	186	5	EU-FIAT-MULTIPLA-186-MPV-FACELIFT-01	HIGH	改款后GPL五门外廓。	READY
11159	11159	MPV	Multipla 186	186	5	EU-FIAT-MULTIPLA-186-MPV-PREFL-01	HIGH	改款前Blupower五门外廓。	READY
143080	143080	MPV	Multipla 186	186	5	EU-FIAT-MULTIPLA-186-MPV-PREFL-01	HIGH	改款前商用登记五门MPV外廓。	READY
143081	143081	MPV	Multipla 186	186	5	EU-FIAT-MULTIPLA-186-MPV-FACELIFT-01	HIGH	改款后商用登记五门MPV外廓。	READY
143082_prefl	143082	MPV	Multipla 186	186	5	EU-FIAT-MULTIPLA-186-MPV-PREFL-01	HIGH	改款前商用登记五门MPV外廓。	READY
143082_facelift	143082	MPV	Multipla 186	186	5	EU-FIAT-MULTIPLA-186-MPV-FACELIFT-01	HIGH	改款后商用登记五门MPV外廓。	READY
10500	10500	MPV	Multipla 186	186	5	EU-FIAT-MULTIPLA-186-MPV-PREFL-01	HIGH	改款前五门MPV外廓。	READY
15828	15828	MPV	Multipla 186	186	5	EU-FIAT-MULTIPLA-186-MPV-PREFL-01	HIGH	改款前五门MPV外廓。	READY
16862_prefl	16862	MPV	Multipla 186	186	5	EU-FIAT-MULTIPLA-186-MPV-PREFL-01	HIGH	改款前五门MPV外廓。	READY
16862_facelift	16862	MPV	Multipla 186	186	5	EU-FIAT-MULTIPLA-186-MPV-FACELIFT-01	HIGH	改款后五门MPV外廓。	READY
143083_prefl	143083	MPV	Multipla 186	186	5	EU-FIAT-MULTIPLA-186-MPV-PREFL-01	MEDIUM	上游能源标记异常；改款前Bipower五门外廓。	READY
143083_facelift	143083	MPV	Multipla 186	186	5	EU-FIAT-MULTIPLA-186-MPV-FACELIFT-CNG-01	MEDIUM	上游能源标记异常；改款后Bipower气体燃料五门外廓。	READY
8781_prefl	8781	Wagon	Palio Weekend 178 Series I	178DX	5	EU-FIAT-PALIO-178-WAGON-PREFL-01	MEDIUM	Series I五门旅行车外廓。	READY
8781_facelift	8781	Wagon	Palio Weekend 178 Series II	178DX	5	EU-FIAT-PALIO-178-WAGON-FACELIFT-01	MEDIUM	Series II五门旅行车外廓。	READY
16092_prefl	16092	Wagon	Palio Weekend 178 Series I	178DX	5	EU-FIAT-PALIO-178-WAGON-PREFL-01	MEDIUM	Series I五门旅行车外廓。	READY
16092_facelift	16092	Wagon	Palio Weekend 178 Series II	178DX	5	EU-FIAT-PALIO-178-WAGON-FACELIFT-01	MEDIUM	Series II五门旅行车外廓。	READY
8782	8782	Wagon	Palio Weekend 178 Series I	178DX	5	EU-FIAT-PALIO-178-WAGON-PREFL-01	HIGH	Series I五门旅行车外廓。	READY
16093_series2	16093	Wagon	Palio Weekend 178 Series II	178DX	5	EU-FIAT-PALIO-178-WAGON-FACELIFT-01	MEDIUM	Series II五门旅行车外廓。	READY
16093_series3	16093	Wagon	Palio Weekend 178 Series III	178DX	5	EU-FIAT-PALIO-178-WAGON-SERIES-III-01	MEDIUM	2004年第二次改款五门旅行车外廓。	READY
16093_series4	16093	Wagon	Palio Weekend 178 Series IV	178DX	5	EU-FIAT-PALIO-178-WAGON-SERIES-IV-01	MEDIUM	2007年改款五门旅行车外廓。	READY
8783	8783	Wagon	Palio Weekend 178 Series I	178DX	5	EU-FIAT-PALIO-178-WAGON-PREFL-01	HIGH	Series I五门旅行车外廓。	READY
16091_series2	16091	Wagon	Palio Weekend 178 Series II	178DX	5	EU-FIAT-PALIO-178-WAGON-FACELIFT-01	MEDIUM	Series II五门旅行车外廓。	READY
16091_series3	16091	Wagon	Palio Weekend 178 Series III	178DX	5	EU-FIAT-PALIO-178-WAGON-SERIES-III-01	MEDIUM	2004年第二次改款五门旅行车外廓。	READY
16091_series4	16091	Wagon	Palio Weekend 178 Series IV	178DX	5	EU-FIAT-PALIO-178-WAGON-SERIES-IV-01	MEDIUM	2007年改款五门旅行车外廓。	READY
14015_standard	14015	Hatchback	Panda 319	312PXG1A	5	EU-FIAT-PANDA-319-HATCHBACK-4X2-01	MEDIUM	普通前驱五门外廓。	READY
14015_trekking	14015	Hatchback	Panda 319	312PXG1A	5	EU-FIAT-PANDA-319-HATCHBACK-4X4-01	MEDIUM	Trekking前驱外廓。	READY
54902	54902	Hatchback	Panda 319		5	EU-FIAT-PANDA-319-HATCHBACK-4X2-01	HIGH	普通前驱五门外廓。	READY
100778	100778	Hatchback	Panda 319	312PXP1A	5	EU-FIAT-PANDA-319-HATCHBACK-4X2-01	HIGH	普通前驱五门外廓。	READY
100779	100779	Hatchback	Panda 319		5	EU-FIAT-PANDA-319-HATCHBACK-4X2-01	HIGH	普通前驱五门外廓。	READY
111896	111896	Van	Panda 319		5	EU-FIAT-PANDA-319-HATCHBACK-4X2-01	HIGH	商用登记，沿用普通前驱五门外廓。	READY
111897	111897	Van	Panda 319	312DXG1A	5	EU-FIAT-PANDA-319-HATCHBACK-4X2-01	HIGH	商用登记，沿用普通前驱五门外廓。	READY
118549	118549	Van	Panda 319		5	EU-FIAT-PANDA-319-HATCHBACK-4X2-01	HIGH	商用登记，沿用普通前驱五门外廓。	READY
17627	17627	Hatchback	Panda 169	169	5	EU-FIAT-PANDA-169-HATCHBACK-4X2-01	HIGH	普通前驱五门外廓。	READY
59291	59291	Van	Panda 169	169	5	EU-FIAT-PANDA-169-HATCHBACK-4X2-01	HIGH	商用登记，沿用普通前驱五门外廓。	READY
12192	12192	Van	Panda 169	169	5	EU-FIAT-PANDA-169-HATCHBACK-4X2-01	HIGH	商用登记，沿用普通前驱五门外廓。	READY
14002	14002	Hatchback	Panda 319	319	5	EU-FIAT-PANDA-319-HATCHBACK-4X2-01	HIGH	普通前驱五门外廓。	READY
17628	17628	Hatchback	Panda 169	169	5	EU-FIAT-PANDA-169-HATCHBACK-4X2-01	HIGH	普通前驱五门外廓。	READY
111899	111899	Van	Panda 319	319	5	EU-FIAT-PANDA-319-HATCHBACK-4X2-01	HIGH	商用登记，沿用普通前驱五门外廓。	READY
16946	16946	Hatchback	Panda 141 Series I	141	3	EU-FIAT-PANDA-141-HATCHBACK-SERIES-I-01	HIGH	早期三门前驱外廓。	READY
56748	56748	Hatchback	Panda 319	319	5	EU-FIAT-PANDA-319-HATCHBACK-4X4-01	HIGH	标准4x4五门外廓。	READY
108019	108019	Hatchback	Panda 319	312PXR2B	5	EU-FIAT-PANDA-319-HATCHBACK-CROSS-01	HIGH	Cross四驱外廓。	READY
111898	111898	Van	Panda 319	319	5	EU-FIAT-PANDA-319-HATCHBACK-4X4-01	HIGH	商用登记，沿用标准4x4五门外廓。	READY
56739_standard	56739	Hatchback	Panda 319		5	EU-FIAT-PANDA-319-HATCHBACK-NATURAL-POWER-01	MEDIUM	Natural Power普通五门外廓。	READY
56739_trekking	56739	Hatchback	Panda 319		5	EU-FIAT-PANDA-319-HATCHBACK-4X4-01	MEDIUM	Natural Power Trekking前驱外廓。	READY
111089_standard	111089	Hatchback	Panda 319	312PXN1A	5	EU-FIAT-PANDA-319-HATCHBACK-NATURAL-POWER-01	MEDIUM	Natural Power普通五门外廓。	READY
111089_trekking	111089	Hatchback	Panda 319	312PXN1A	5	EU-FIAT-PANDA-319-HATCHBACK-4X4-01	MEDIUM	Natural Power Trekking前驱外廓。	READY
118547	118547	Van	Panda 319		5	EU-FIAT-PANDA-319-HATCHBACK-NATURAL-POWER-01	HIGH	商用登记，沿用Natural Power普通五门外廓。	READY
118550	118550	Van	Panda 319		5	EU-FIAT-PANDA-319-HATCHBACK-NATURAL-POWER-01	HIGH	商用登记，沿用Natural Power普通五门外廓。	READY
800120_standard	800120	Hatchback	Panda 319 facelift 2020	319	5	EU-FIAT-PANDA-319-HATCHBACK-4X2-01	HIGH	普通前驱五门外廓。	READY
800120_citycross	800120	Hatchback	Panda 319 facelift 2020	319	5	EU-FIAT-PANDA-319-HATCHBACK-CITY-CROSS-01	HIGH	City Cross前驱五门外廓。	READY
12193	12193	Van	Panda 169	169	5	EU-FIAT-PANDA-169-HATCHBACK-4X4-01	HIGH	商用登记，沿用标准4x4五门外廓。	READY
18093	18093	Hatchback	Panda 169	169	5	EU-FIAT-PANDA-169-HATCHBACK-4X4-01	HIGH	标准4x4五门外廓。	READY
12204	12204	Van	Panda 169	169	5	EU-FIAT-PANDA-169-HATCHBACK-4X2-01	HIGH	LPG商用登记，沿用普通前驱五门外廓。	READY
56749	56749	Hatchback	Panda 319	319	5	EU-FIAT-PANDA-319-HATCHBACK-4X2-01	HIGH	EasyPower普通前驱五门外廓。	READY
110001	110001	Van	Panda 169	169	5	EU-FIAT-PANDA-169-HATCHBACK-4X2-01	HIGH	LPG商用登记，沿用普通前驱五门外廓。	READY
111900	111900	Van	Panda 319	319	5	EU-FIAT-PANDA-319-HATCHBACK-4X2-01	HIGH	商用登记，沿用EasyPower普通前驱五门外廓。	READY
109999	109999	Van	Panda 169	169	5	EU-FIAT-PANDA-169-HATCHBACK-NATURAL-POWER-01	HIGH	Natural Power商用登记五门外廓。	READY
14008_standard	14008	Hatchback	Panda 319	312PXL1A	5	EU-FIAT-PANDA-319-HATCHBACK-4X2-01	MEDIUM	普通前驱五门外廓。	READY
14008_trekking	14008	Hatchback	Panda 319	312PXL1A	5	EU-FIAT-PANDA-319-HATCHBACK-4X4-01	MEDIUM	Trekking前驱外廓。	READY
17640	17640	Hatchback	Panda 169	169	5	EU-FIAT-PANDA-169-HATCHBACK-4X2-01	HIGH	普通前驱五门外廓。	READY
111901	111901	Van	Panda 319		5	EU-FIAT-PANDA-319-HATCHBACK-4X2-01	HIGH	商用登记，沿用普通前驱五门外廓。	READY
114582_standard	114582	Hatchback	Panda 319	319	5	EU-FIAT-PANDA-319-HATCHBACK-4X2-01	MEDIUM	普通前驱五门外廓。	READY
114582_trekking	114582	Hatchback	Panda 319	319	5	EU-FIAT-PANDA-319-HATCHBACK-4X4-01	MEDIUM	Trekking前驱五门外廓。	READY
114582_citycross	114582	Hatchback	Panda 319	319	5	EU-FIAT-PANDA-319-HATCHBACK-CITY-CROSS-01	MEDIUM	City Cross前驱五门外廓。	READY
118551	118551	Van	Panda 319	319	5	EU-FIAT-PANDA-319-HATCHBACK-4X2-01	HIGH	商用登记，沿用普通前驱五门外廓。	READY
12194	12194	Van	Panda 169	169	5	EU-FIAT-PANDA-169-HATCHBACK-4X4-01	HIGH	商用登记，沿用标准4x4五门外廓。	READY
18092_4x4	18092	Hatchback	Panda 169	169	5	EU-FIAT-PANDA-169-HATCHBACK-4X4-01	HIGH	标准4x4五门分支。	READY
18092_cross	18092	Hatchback	Panda 169	169	5	EU-FIAT-PANDA-169-HATCHBACK-CROSS-01	HIGH	Cross五门分支。	READY
56740	56740	Hatchback	Panda 319	319	5	EU-FIAT-PANDA-319-HATCHBACK-4X4-01	HIGH	标准4x4五门外廓。	READY
108020	108020	Hatchback	Panda 319	312PXS2A	5	EU-FIAT-PANDA-319-HATCHBACK-CROSS-01	HIGH	Cross四驱外廓。	READY
110002	110002	Van	Panda 169	169	5	EU-FIAT-PANDA-169-HATCHBACK-4X4-01	HIGH	商用登记，沿用标准4x4五门外廓。	READY
111902	111902	Van	Panda 319	319	5	EU-FIAT-PANDA-319-HATCHBACK-4X4-01	HIGH	商用登记，沿用标准4x4五门外廓。	READY
114583_4x4	114583	Hatchback	Panda 319	312PXU1A	5	EU-FIAT-PANDA-319-HATCHBACK-4X4-01	MEDIUM	普通4x4五门外廓。	READY
114583_cross	114583	Hatchback	Panda 319	312PXU1A	5	EU-FIAT-PANDA-319-HATCHBACK-CROSS-01	MEDIUM	Cross四驱外廓。	READY
118552	118552	Van	Panda 319		5	EU-FIAT-PANDA-319-HATCHBACK-4X4-01	HIGH	商用登记，沿用标准4x4五门外廓。	READY
14143	14143	Van	Panda 141A	141A	3	EU-FIAT-PANDA-141A-HATCHBACK-4X2-01	MEDIUM	商用登记，沿用三门量产车身外廓。	READY
14481	14481	Hatchback	Panda 141A	141A	3	EU-FIAT-PANDA-141A-HATCHBACK-4X2-01	HIGH	1986年改款后三门前驱外廓。	READY
163519	163519	Hatchback	Pandina 319	319	5	EU-FIAT-PANDA-319-HATCHBACK-CROSS-01	HIGH	Pandina五门Cross外廓。	READY
163523_standard	163523	Hatchback	Pandina 319	319	5	EU-FIAT-PANDA-319-HATCHBACK-4X2-01	HIGH	POP与ICON普通五门外廓。	READY
163523_cross	163523	Hatchback	Pandina 319	319	5	EU-FIAT-PANDA-319-HATCHBACK-CROSS-01	HIGH	CROSS五门外廓。	READY
52465_3dr	52465	Hatchback	Punto 199 2012	199	3	EU-FIAT-PUNTO-199-HATCHBACK-2012-3D-01	HIGH	2012版三门外廓。	READY
52465_5dr	52465	Hatchback	Punto 199 2012	199	5	EU-FIAT-PUNTO-199-HATCHBACK-2012-5D-01	HIGH	2012版五门外廓。	READY
100770_3dr	100770	Hatchback	Punto 199 2012	199	3	EU-FIAT-PUNTO-199-HATCHBACK-2012-3D-01	HIGH	2012版三门外廓。	READY
100770_5dr	100770	Hatchback	Punto 199 2012	199	5	EU-FIAT-PUNTO-199-HATCHBACK-2012-5D-01	HIGH	2012版五门外廓。	READY
8908	8908	Van	Punto 176	176	3	EU-FIAT-PUNTO-176-HATCHBACK-3D-01	HIGH	三门商用钢板侧窗外廓。	READY
100883_3dr	100883	Hatchback	Punto 199 2012	199	3	EU-FIAT-PUNTO-199-HATCHBACK-2012-3D-01	HIGH	2012版三门外廓。	READY
100883_5dr	100883	Hatchback	Punto 199 2012	199	5	EU-FIAT-PUNTO-199-HATCHBACK-2012-5D-01	HIGH	2012版五门外廓。	READY
17779_3dr	17779	Hatchback	Punto 188 facelift	188	3	EU-FIAT-PUNTO-188-HATCHBACK-FACELIFT-3D-01	HIGH	改款后三门外廓。	READY
17779_5dr	17779	Hatchback	Punto 188 facelift	188	5	EU-FIAT-PUNTO-188-HATCHBACK-FACELIFT-5D-01	HIGH	改款后五门外廓。	READY
13959_3dr	13959	Hatchback	Punto 199 2012	199	3	EU-FIAT-PUNTO-199-HATCHBACK-2012-3D-01	MEDIUM	2012版Bifuel三门外廓。	READY
13959_5dr	13959	Hatchback	Punto 199 2012	199	5	EU-FIAT-PUNTO-199-HATCHBACK-2012-5D-01	MEDIUM	2012版Bifuel五门外廓。	READY
12752_3dr_prefl	12752	Hatchback	Punto 188 Series I	188	3	EU-FIAT-PUNTO-188-HATCHBACK-PREFL-3D-01	HIGH	Series I三门外廓。	READY
12752_5dr_prefl	12752	Hatchback	Punto 188 Series I	188	5	EU-FIAT-PUNTO-188-HATCHBACK-PREFL-5D-01	HIGH	Series I五门外廓。	READY
12752_3dr_facelift	12752	Hatchback	Punto 188 facelift	188	3	EU-FIAT-PUNTO-188-HATCHBACK-FACELIFT-3D-01	HIGH	2003年改款后三门外廓。	READY
12752_5dr_facelift	12752	Hatchback	Punto 188 facelift	188	5	EU-FIAT-PUNTO-188-HATCHBACK-FACELIFT-5D-01	HIGH	2003年改款后五门外廓。	READY
12751_3dr_prefl	12751	Hatchback	Punto 188 Series I	188	3	EU-FIAT-PUNTO-188-HATCHBACK-PREFL-3D-01	HIGH	Series I三门外廓。	READY
12751_5dr_prefl	12751	Hatchback	Punto 188 Series I	188	5	EU-FIAT-PUNTO-188-HATCHBACK-PREFL-5D-01	HIGH	Series I五门外廓。	READY
12751_3dr_facelift	12751	Hatchback	Punto 188 facelift	188	3	EU-FIAT-PUNTO-188-HATCHBACK-FACELIFT-3D-01	HIGH	2003年改款后三门外廓。	READY
12751_5dr_facelift	12751	Hatchback	Punto 188 facelift	188	5	EU-FIAT-PUNTO-188-HATCHBACK-FACELIFT-5D-01	HIGH	2003年改款后五门外廓。	READY
15891_prefl	15891	Van	Punto 188 Van Series I	188AX	3	EU-FIAT-PUNTO-188-HATCHBACK-PREFL-3D-01	HIGH	Series I三门商用车身外廓。	READY
15891_facelift	15891	Van	Punto 188 Van facelift	188AX	3	EU-FIAT-PUNTO-188-HATCHBACK-FACELIFT-3D-01	HIGH	2003年改款后三门商用车身外廓。	READY
55446	55446	Hatchback	Punto 188 facelift	188	5	EU-FIAT-PUNTO-188-HATCHBACK-FACELIFT-5D-01	HIGH	Bifuel五门外廓。	READY
17780	17780	Hatchback	Punto 188 facelift	188	5	EU-FIAT-PUNTO-188-HATCHBACK-FACELIFT-5D-01	HIGH	Natural Power五门外廓。	READY
7864_grande	7864	Van	Grande Punto 199	199	3	EU-FIAT-PUNTO-199-HATCHBACK-GRANDE-3D-01	MEDIUM	Grande Punto 199三门商用车身外廓。	READY
7864_evo	7864	Van	Punto Evo 199	199	3	EU-FIAT-PUNTO-199-HATCHBACK-EVO-3D-01	MEDIUM	Punto Evo 199三门商用车身外廓。	READY
7864_2012	7864	Van	Punto 199 2012	199	3	EU-FIAT-PUNTO-199-HATCHBACK-2012-3D-01	MEDIUM	Punto 199 2012三门商用车身外廓。	READY
12203_grande	12203	Van	Grande Punto 199	199	3	EU-FIAT-PUNTO-199-HATCHBACK-GRANDE-3D-01	MEDIUM	Grande Punto 199三门商用车身外廓。	READY
12203_evo	12203	Van	Punto Evo 199	199	3	EU-FIAT-PUNTO-199-HATCHBACK-EVO-3D-01	MEDIUM	Punto Evo 199三门商用车身外廓。	READY
12203_2012	12203	Van	Punto 199 2012	199	3	EU-FIAT-PUNTO-199-HATCHBACK-2012-3D-01	MEDIUM	Punto 199 2012三门商用车身外廓。	READY
58730_grande	58730	Van	Grande Punto 199	199	3	EU-FIAT-PUNTO-199-HATCHBACK-GRANDE-3D-01	MEDIUM	Grande Punto 199三门商用车身外廓。	READY
58730_evo	58730	Van	Punto Evo 199	199	3	EU-FIAT-PUNTO-199-HATCHBACK-EVO-3D-01	MEDIUM	Punto Evo 199三门商用车身外廓。	READY
58730_2012	58730	Van	Punto 199 2012	199	3	EU-FIAT-PUNTO-199-HATCHBACK-2012-3D-01	MEDIUM	Punto 199 2012三门商用车身外廓。	READY
100780_3dr	100780	Hatchback	Punto 199 2012	199	3	EU-FIAT-PUNTO-199-HATCHBACK-2012-3D-01	HIGH	2012版三门外廓。	READY
100780_5dr	100780	Hatchback	Punto 199 2012	199	5	EU-FIAT-PUNTO-199-HATCHBACK-2012-5D-01	HIGH	2012版五门外廓。	READY
17392_3dr	17392	Hatchback	Punto 188 facelift	188	3	EU-FIAT-PUNTO-188-HATCHBACK-FACELIFT-3D-01	HIGH	Multijet三门外廓。	READY
17392_5dr	17392	Hatchback	Punto 188 facelift	188	5	EU-FIAT-PUNTO-188-HATCHBACK-FACELIFT-5D-01	HIGH	Multijet五门外廓。	READY
120770	120770	Hatchback	Punto 199 2012	199	5	EU-FIAT-PUNTO-199-HATCHBACK-2012-5D-01	HIGH	2018年仅五门量产外廓。	READY
55441_3dr	55441	Hatchback	Punto 199 2012	199	3	EU-FIAT-PUNTO-199-HATCHBACK-2012-3D-01	HIGH	EasyPower三门外廓。	READY
55441_5dr	55441	Hatchback	Punto 199 2012	199	5	EU-FIAT-PUNTO-199-HATCHBACK-2012-5D-01	HIGH	EasyPower五门外廓。	READY
12208_3dr_grande	12208	Hatchback	Grande Punto 199	199	3	EU-FIAT-PUNTO-199-HATCHBACK-GRANDE-3D-01	MEDIUM	Grande Punto 199 LPG三门外廓。	READY
12208_5dr_grande	12208	Hatchback	Grande Punto 199	199	5	EU-FIAT-PUNTO-199-HATCHBACK-GRANDE-5D-01	MEDIUM	Grande Punto 199 LPG五门外廓。	READY
12208_3dr_evo	12208	Hatchback	Punto Evo 199	199	3	EU-FIAT-PUNTO-199-HATCHBACK-EVO-3D-01	MEDIUM	Punto Evo 199 LPG三门外廓。	READY
12208_5dr_evo	12208	Hatchback	Punto Evo 199	199	5	EU-FIAT-PUNTO-199-HATCHBACK-EVO-5D-01	MEDIUM	Punto Evo 199 LPG五门外廓。	READY
12208_3dr_2012	12208	Hatchback	Punto 199 2012	199	3	EU-FIAT-PUNTO-199-HATCHBACK-2012-3D-01	MEDIUM	Punto 199 2012 LPG三门外廓。	READY
12208_5dr_2012	12208	Hatchback	Punto 199 2012	199	5	EU-FIAT-PUNTO-199-HATCHBACK-2012-5D-01	MEDIUM	Punto 199 2012 LPG五门外廓。	READY
12196_grande	12196	Van	Grande Punto 199	199	3	EU-FIAT-PUNTO-199-HATCHBACK-GRANDE-3D-01	MEDIUM	Grande Punto 199 Natural Power三门商用车身外廓。	READY
12196_evo	12196	Van	Punto Evo 199	199	3	EU-FIAT-PUNTO-199-HATCHBACK-EVO-3D-01	MEDIUM	Punto Evo 199 Natural Power三门商用车身外廓。	READY
12196_2012	12196	Van	Punto 199 2012	199	3	EU-FIAT-PUNTO-199-HATCHBACK-2012-3D-01	MEDIUM	Punto 199 2012 Natural Power三门商用车身外廓。	READY
8909	8909	Van	Punto 176	176	3	EU-FIAT-PUNTO-176-HATCHBACK-3D-01	HIGH	三门商用钢板侧窗外廓。	READY
11799_3dr	11799	Hatchback	Punto 176	176	3	EU-FIAT-PUNTO-176-HATCHBACK-3D-01	MEDIUM	第一代三门柴油外廓。	READY
11799_5dr	11799	Hatchback	Punto 176	176	5	EU-FIAT-PUNTO-176-HATCHBACK-5D-01	MEDIUM	第一代五门柴油外廓。	READY
8910	8910	Van	Punto 176	176	3	EU-FIAT-PUNTO-176-HATCHBACK-3D-01	HIGH	三门商用钢板侧窗外廓。	READY
12753_3dr_prefl	12753	Hatchback	Punto II (188)	188	3	EU-FIAT-PUNTO-188-HATCHBACK-PREFL-3D-01	HIGH	HGT三门改款前车身。	READY
12753_3dr_facelift	12753	Hatchback	Punto II (188) facelift	188	3	EU-FIAT-PUNTO-188-HATCHBACK-FACELIFT-3D-01	HIGH	HGT三门改款后车身。	READY
15892_3dr_prefl	15892	Van	Punto II Van (188)	188	3	EU-FIAT-PUNTO-188-HATCHBACK-PREFL-3D-01	MEDIUM	三门封闭式商用车改款前分支。	READY
15892_3dr_facelift	15892	Van	Punto II Van (188) facelift	188	3	EU-FIAT-PUNTO-188-HATCHBACK-FACELIFT-3D-01	MEDIUM	三门封闭式商用车改款后分支。	READY
13620_3dr_prefl	13620	Hatchback	Punto II (188)	188	3	EU-FIAT-PUNTO-188-HATCHBACK-PREFL-3D-01	MEDIUM	改款前三门车身。	READY
13620_5dr_prefl	13620	Hatchback	Punto II (188)	188	5	EU-FIAT-PUNTO-188-HATCHBACK-PREFL-5D-01	MEDIUM	改款前五门车身。	READY
16673_3dr_prefl	16673	Hatchback	Punto II (188)	188	3	EU-FIAT-PUNTO-188-HATCHBACK-PREFL-3D-01	HIGH	改款前三门车身。	READY
16673_5dr_prefl	16673	Hatchback	Punto II (188)	188	5	EU-FIAT-PUNTO-188-HATCHBACK-PREFL-5D-01	HIGH	改款前五门车身。	READY
16673_3dr_facelift	16673	Hatchback	Punto II (188) facelift	188	3	EU-FIAT-PUNTO-188-HATCHBACK-FACELIFT-3D-01	HIGH	改款后三门车身。	READY
16673_5dr_facelift	16673	Hatchback	Punto II (188) facelift	188	5	EU-FIAT-PUNTO-188-HATCHBACK-FACELIFT-5D-01	HIGH	改款后五门车身。	READY
16835_3dr_prefl	16835	Van	Punto II Van (188)	188	3	EU-FIAT-PUNTO-188-HATCHBACK-PREFL-3D-01	MEDIUM	三门封闭式商用车改款前分支。	READY
16835_3dr_facelift	16835	Van	Punto II Van (188) facelift	188	3	EU-FIAT-PUNTO-188-HATCHBACK-FACELIFT-3D-01	MEDIUM	三门封闭式商用车改款后分支。	READY
18029_3dr_facelift	18029	Hatchback	Punto II (188) facelift	188	3	EU-FIAT-PUNTO-188-HATCHBACK-FACELIFT-3D-01	HIGH	改款后三门车身。	READY
18029_5dr_facelift	18029	Hatchback	Punto II (188) facelift	188	5	EU-FIAT-PUNTO-188-HATCHBACK-FACELIFT-5D-01	HIGH	改款后五门车身。	READY
12754_3dr_prefl	12754	Hatchback	Punto II (188)	188	3	EU-FIAT-PUNTO-188-HATCHBACK-PREFL-3D-01	HIGH	80马力版本改款前三门车身。	READY
12754_5dr_prefl	12754	Hatchback	Punto II (188)	188	5	EU-FIAT-PUNTO-188-HATCHBACK-PREFL-5D-01	HIGH	80马力版本改款前五门车身。	READY
5149	5149	Convertible	Punto 176	176C	2	EU-FIAT-PUNTO-176-CONVERTIBLE-01	HIGH	176C双门敞篷车身。	READY
115776_prefl	115776	MPV	Qubo (225)	225	5	EU-FIAT-QUBO-225-MPV-PREFL-01	MEDIUM	Ktype跨改款前车身。	READY
115776_facelift	115776	MPV	Qubo (225) facelift	225	5	EU-FIAT-QUBO-225-MPV-FACELIFT-01	MEDIUM	Ktype跨改款后车身。	READY
115155_prefl	115155	MPV	Qubo (225)	225	5	EU-FIAT-QUBO-225-MPV-PREFL-01	MEDIUM	Ktype跨改款前车身。	READY
115155_facelift	115155	MPV	Qubo (225) facelift	225	5	EU-FIAT-QUBO-225-MPV-FACELIFT-01	MEDIUM	Ktype跨改款后车身。	READY
803147_swb	803147	MPV	Qubo L	K9	5	EU-FIAT-QUBO-L-K9-MPV-SWB-01	HIGH	Qubo L五座短轴分支。	READY
803147_lwb	803147	MPV	Qubo L	K9	5	EU-FIAT-QUBO-L-K9-MPV-LWB-01	HIGH	Qubo L七座长轴分支。	READY
803148_swb	803148	MPV	Qubo L	K9	5	EU-FIAT-QUBO-L-K9-MPV-SWB-01	HIGH	Qubo L五座短轴分支。	READY
803148_lwb	803148	MPV	Qubo L	K9	5	EU-FIAT-QUBO-L-K9-MPV-LWB-01	HIGH	Qubo L七座长轴分支。	READY
803205	803205	MPV	Qubo L	K9	5	EU-FIAT-QUBO-L-K9-MPV-SWB-01	HIGH	电动版仅确认五座短轴车身。	READY
803146_swb	803146	MPV	Qubo L	K9	5	EU-FIAT-QUBO-L-K9-MPV-SWB-01	HIGH	Qubo L五座短轴分支。	READY
803146_lwb	803146	MPV	Qubo L	K9	5	EU-FIAT-QUBO-L-K9-MPV-LWB-01	HIGH	Qubo L七座长轴分支。	READY
14405	14405	Sedan	Regata (138)	138	4	EU-FIAT-REGATA-138-SEDAN-01	HIGH	138型四门轿车车身。	READY
14514	14514	Wagon	Regata (138)	138	5	EU-FIAT-REGATA-138-WAGON-01	HIGH	138型五门旅行车车身。	READY
14510	14510	Sedan	Regata (138)	138	4	EU-FIAT-REGATA-138-SEDAN-01	HIGH	138型四门轿车车身。	READY
14512	14512	Wagon	Regata (138)	138	5	EU-FIAT-REGATA-138-WAGON-01	HIGH	138型五门旅行车车身。	READY
14516	14516	Hatchback	Ritmo III (138A)	138A	5	EU-FIAT-RITMO-138A-HATCHBACK-1985-5D-01	HIGH	1985年改款后的五门车身。	READY
14517	14517	Hatchback	Ritmo II (138A)	138A	3	EU-FIAT-RITMO-138A-HATCHBACK-105-3D-01	MEDIUM	生产期对应105 1.6三门车身。	READY
14641	14641	Convertible	Ritmo Bertone Cabrio	138A	2	EU-FIAT-RITMO-138A-CONVERTIBLE-01	HIGH	Bertone双门敞篷车身。	READY
14642	14642	Convertible	Ritmo Bertone Cabrio	138A	2	EU-FIAT-RITMO-138A-CONVERTIBLE-01	HIGH	Bertone双门敞篷车身。	READY
10698_swb	10698	Van	Scudo I (220)	220		EU-FIAT-SCUDO-220-VAN-SWB-01	MEDIUM	标准轴封闭式厢式车分支。	READY
10698_lwb	10698	Van	Scudo I (220)	220		EU-FIAT-SCUDO-220-VAN-LWB-01	MEDIUM	长轴封闭式厢式车分支。	READY
125474	125474	Pickup	Scudo I (220)	220	2	EU-FIAT-SCUDO-220-CHASSISCAB-SWB-01	HIGH	标准轴平台底盘驾驶室。	READY
17467_swb	17467	Van	Scudo I (220)	220		EU-FIAT-SCUDO-220-VAN-SWB-01	MEDIUM	标准轴封闭式厢式车分支。	READY
17467_lwb	17467	Van	Scudo I (220)	220		EU-FIAT-SCUDO-220-VAN-LWB-01	MEDIUM	长轴封闭式厢式车分支。	READY
147258_standard_prefl	147258	Van	Scudo III			EU-FIAT-SCUDO-III-VAN-STANDARD-PREFL-01	MEDIUM	Ktype覆盖改款前Standard车身。	READY
147258_maxi_prefl	147258	Van	Scudo III			EU-FIAT-SCUDO-III-VAN-MAXI-PREFL-01	MEDIUM	Ktype覆盖改款前Maxi车身。	READY
147258_standard_facelift	147258	Van	Scudo III facelift			EU-FIAT-SCUDO-III-VAN-STANDARD-FACELIFT-01	MEDIUM	Ktype覆盖改款后Standard车身。	READY
147258_maxi_facelift	147258	Van	Scudo III facelift			EU-FIAT-SCUDO-III-VAN-MAXI-FACELIFT-01	MEDIUM	Ktype覆盖改款后Maxi车身。	READY
147259_standard_prefl	147259	Van	Scudo III			EU-FIAT-SCUDO-III-VAN-STANDARD-PREFL-01	MEDIUM	Ktype覆盖改款前Standard车身。	READY
147259_maxi_prefl	147259	Van	Scudo III			EU-FIAT-SCUDO-III-VAN-MAXI-PREFL-01	MEDIUM	Ktype覆盖改款前Maxi车身。	READY
147259_standard_facelift	147259	Van	Scudo III facelift			EU-FIAT-SCUDO-III-VAN-STANDARD-FACELIFT-01	MEDIUM	Ktype覆盖改款后Standard车身。	READY
147259_maxi_facelift	147259	Van	Scudo III facelift			EU-FIAT-SCUDO-III-VAN-MAXI-FACELIFT-01	MEDIUM	Ktype覆盖改款后Maxi车身。	READY
117954_swb	117954	MPV	Scudo II			EU-FIAT-SCUDO-II-MPV-SWB-01	MEDIUM	标准轴乘用型Bus分支。	READY
117954_lwb	117954	MPV	Scudo II			EU-FIAT-SCUDO-II-MPV-LWB-01	MEDIUM	长轴乘用型Bus分支。	READY
117955_swb_lowroof	117955	Van	Scudo II			EU-FIAT-SCUDO-II-VAN-SWB-LOWROOF-01	MEDIUM	标准轴低顶封闭式厢式车。	READY
117955_lwb_lowroof	117955	Van	Scudo II			EU-FIAT-SCUDO-II-VAN-LWB-LOWROOF-01	MEDIUM	长轴低顶封闭式厢式车。	READY
10699_swb	10699	Van	Scudo I (220)	220		EU-FIAT-SCUDO-220-VAN-SWB-01	MEDIUM	标准轴封闭式厢式车分支。	READY
10699_lwb	10699	Van	Scudo I (220)	220		EU-FIAT-SCUDO-220-VAN-LWB-01	MEDIUM	长轴封闭式厢式车分支。	READY
14435_swb	14435	MPV	Scudo I (220)	220		EU-FIAT-SCUDO-220-MPV-SWB-01	MEDIUM	标准轴乘用型Bus分支。	READY
14435_lwb	14435	MPV	Scudo I (220)	220		EU-FIAT-SCUDO-220-MPV-LWB-01	MEDIUM	长轴乘用型Bus分支。	READY
16456_swb	16456	Van	Scudo I (220)	220		EU-FIAT-SCUDO-220-VAN-SWB-01	MEDIUM	标准轴封闭式厢式车分支。	READY
16456_lwb	16456	Van	Scudo I (220)	220		EU-FIAT-SCUDO-220-VAN-LWB-01	MEDIUM	长轴封闭式厢式车分支。	READY
10697_swb	10697	Van	Scudo I (220)	220		EU-FIAT-SCUDO-220-VAN-SWB-01	MEDIUM	标准轴封闭式厢式车分支。	READY
10697_lwb	10697	Van	Scudo I (220)	220		EU-FIAT-SCUDO-220-VAN-LWB-01	MEDIUM	长轴封闭式厢式车分支。	READY
11852_swb	11852	Van	Scudo I (220)	220		EU-FIAT-SCUDO-220-VAN-SWB-01	MEDIUM	标准轴封闭式厢式车分支。	READY
11852_lwb	11852	Van	Scudo I (220)	220		EU-FIAT-SCUDO-220-VAN-LWB-01	MEDIUM	长轴封闭式厢式车分支。	READY
118580	118580	Pickup	Scudo I (220)	220	2	EU-FIAT-SCUDO-220-CHASSISCAB-SWB-01	HIGH	标准轴平台底盘驾驶室。	READY
11088_swb	11088	MPV	Scudo I (220)	220		EU-FIAT-SCUDO-220-MPV-SWB-01	MEDIUM	标准轴乘用型Bus分支。	READY
11088_lwb	11088	MPV	Scudo I (220)	220		EU-FIAT-SCUDO-220-MPV-LWB-01	MEDIUM	长轴乘用型Bus分支。	READY
16157_swb	16157	MPV	Scudo I (220)	220		EU-FIAT-SCUDO-220-MPV-SWB-01	MEDIUM	标准轴乘用型Bus分支。	READY
16157_lwb	16157	MPV	Scudo I (220)	220		EU-FIAT-SCUDO-220-MPV-LWB-01	MEDIUM	长轴乘用型Bus分支。	READY
1978_swb	1978	MPV	Scudo II			EU-FIAT-SCUDO-II-MPV-SWB-01	MEDIUM	标准轴乘用型Bus分支。	READY
1978_lwb	1978	MPV	Scudo II			EU-FIAT-SCUDO-II-MPV-LWB-01	MEDIUM	长轴乘用型Bus分支。	READY
10864_swb	10864	MPV	Scudo II			EU-FIAT-SCUDO-II-MPV-SWB-01	MEDIUM	标准轴乘用型Bus分支。	READY
10864_lwb	10864	MPV	Scudo II			EU-FIAT-SCUDO-II-MPV-LWB-01	MEDIUM	长轴乘用型Bus分支。	READY
12207	12207	Pickup	Scudo II			EU-FIAT-SCUDO-II-CHASSISCAB-LWB-01	HIGH	长轴平台式底盘驾驶室。	READY
13960_swb_lowroof	13960	Van	Scudo II			EU-FIAT-SCUDO-II-VAN-SWB-LOWROOF-01	MEDIUM	标准轴低顶封闭式厢式车。	READY
13960_lwb_lowroof	13960	Van	Scudo II			EU-FIAT-SCUDO-II-VAN-LWB-LOWROOF-01	MEDIUM	长轴低顶封闭式厢式车。	READY
13960_lwb_highroof	13960	Van	Scudo II			EU-FIAT-SCUDO-II-VAN-LWB-HIGHROOF-01	MEDIUM	长轴高顶封闭式厢式车。	READY
57671	57671	Pickup	Scudo II			EU-FIAT-SCUDO-II-CHASSISCAB-LWB-01	HIGH	长轴平台式底盘驾驶室。	READY
12144	12144	MPV	Scudo II			EU-FIAT-SCUDO-II-4X4-SWB-01	HIGH	五座短轴4×4车身。	READY
12145_swb	12145	Van	Scudo II			EU-FIAT-SCUDO-II-4X4-SWB-01	MEDIUM	两座短轴标准顶4×4分支。	READY
12145_lwb_highroof	12145	Van	Scudo II			EU-FIAT-SCUDO-II-4X4-LWB-HIGHROOF-01	MEDIUM	两座长轴高顶4×4分支。	READY
14904_swb	14904	MPV	Scudo I (220)	220		EU-FIAT-SCUDO-220-MPV-SWB-01	MEDIUM	标准轴乘用型Bus分支。	READY
14904_lwb	14904	MPV	Scudo I (220)	220		EU-FIAT-SCUDO-220-MPV-LWB-01	MEDIUM	长轴乘用型Bus分支。	READY
14905_swb	14905	Van	Scudo I (220)	220		EU-FIAT-SCUDO-220-VAN-SWB-01	MEDIUM	标准轴封闭式厢式车分支。	READY
14905_lwb	14905	Van	Scudo I (220)	220		EU-FIAT-SCUDO-220-VAN-LWB-01	MEDIUM	长轴封闭式厢式车分支。	READY
17495_swb	17495	Van	Scudo I (220)	220		EU-FIAT-SCUDO-220-VAN-SWB-01	MEDIUM	标准轴封闭式厢式车分支。	READY
17495_lwb	17495	Van	Scudo I (220)	220		EU-FIAT-SCUDO-220-VAN-LWB-01	MEDIUM	长轴封闭式厢式车分支。	READY
118581_swb	118581	Pickup	Scudo I (220)	220	2	EU-FIAT-SCUDO-220-CHASSISCAB-SWB-01	HIGH	标准轴平台底盘驾驶室。	READY
118581_lwb	118581	Pickup	Scudo I (220)	220	2	EU-FIAT-SCUDO-220-CHASSISCAB-LWB-01	HIGH	长轴平台底盘驾驶室。	READY
11751_swb	11751	MPV	Scudo I (220)	220		EU-FIAT-SCUDO-220-MPV-SWB-01	MEDIUM	标准轴乘用型Bus分支。	READY
11751_lwb	11751	MPV	Scudo I (220)	220		EU-FIAT-SCUDO-220-MPV-LWB-01	MEDIUM	长轴乘用型Bus分支。	READY
11752_swb	11752	Van	Scudo I (220)	220		EU-FIAT-SCUDO-220-VAN-SWB-01	MEDIUM	标准轴封闭式厢式车分支。	READY
11752_lwb	11752	Van	Scudo I (220)	220		EU-FIAT-SCUDO-220-VAN-LWB-01	MEDIUM	长轴封闭式厢式车分支。	READY
118582_swb	118582	Pickup	Scudo I (220)	220	2	EU-FIAT-SCUDO-220-CHASSISCAB-SWB-01	HIGH	标准轴平台底盘驾驶室。	READY
118582_lwb	118582	Pickup	Scudo I (220)	220	2	EU-FIAT-SCUDO-220-CHASSISCAB-LWB-01	HIGH	长轴平台底盘驾驶室。	READY
147260_standard_prefl	147260	Van	Scudo III			EU-FIAT-SCUDO-III-VAN-STANDARD-PREFL-01	MEDIUM	Ktype覆盖改款前Standard车身。	READY
147260_maxi_prefl	147260	Van	Scudo III			EU-FIAT-SCUDO-III-VAN-MAXI-PREFL-01	MEDIUM	Ktype覆盖改款前Maxi车身。	READY
147260_standard_facelift	147260	Van	Scudo III facelift			EU-FIAT-SCUDO-III-VAN-STANDARD-FACELIFT-01	MEDIUM	Ktype覆盖改款后Standard车身。	READY
147260_maxi_facelift	147260	Van	Scudo III facelift			EU-FIAT-SCUDO-III-VAN-MAXI-FACELIFT-01	MEDIUM	Ktype覆盖改款后Maxi车身。	READY
147262	147262	Pickup	Scudo III			EU-FIAT-SCUDO-III-CHASSISCAB-PREFL-01	HIGH	改款前L2平地板平台底盘。	READY
147261_standard_prefl	147261	Van	Scudo III			EU-FIAT-SCUDO-III-VAN-STANDARD-PREFL-01	MEDIUM	Ktype覆盖改款前Standard车身。	READY
147261_maxi_prefl	147261	Van	Scudo III			EU-FIAT-SCUDO-III-VAN-MAXI-PREFL-01	MEDIUM	Ktype覆盖改款前Maxi车身。	READY
147261_standard_facelift	147261	Van	Scudo III facelift			EU-FIAT-SCUDO-III-VAN-STANDARD-FACELIFT-01	MEDIUM	Ktype覆盖改款后Standard车身。	READY
147261_maxi_facelift	147261	Van	Scudo III facelift			EU-FIAT-SCUDO-III-VAN-MAXI-FACELIFT-01	MEDIUM	Ktype覆盖改款后Maxi车身。	READY
158255_standard_facelift	158255	MPV	Scudo III facelift			EU-FIAT-SCUDO-III-VAN-STANDARD-FACELIFT-01	MEDIUM	改款后Standard乘用型Bus分支。	READY
158255_maxi_facelift	158255	MPV	Scudo III facelift			EU-FIAT-SCUDO-III-VAN-MAXI-FACELIFT-01	MEDIUM	改款后Maxi乘用型Bus分支。	READY
802037_standard_facelift	802037	Van	Scudo III facelift			EU-FIAT-SCUDO-III-VAN-STANDARD-FACELIFT-01	MEDIUM	改款后Standard车身。	READY
802037_maxi_facelift	802037	Van	Scudo III facelift			EU-FIAT-SCUDO-III-VAN-MAXI-FACELIFT-01	MEDIUM	改款后Maxi车身。	READY
802300	802300	Pickup	Scudo III facelift			EU-FIAT-SCUDO-III-CHASSISCAB-FACELIFT-01	HIGH	改款后平台底盘驾驶室。	READY
802878_standard_facelift	802878	MPV	Scudo III facelift			EU-FIAT-SCUDO-III-VAN-STANDARD-FACELIFT-01	MEDIUM	改款后Standard乘用型Bus分支。	READY
802878_maxi_facelift	802878	MPV	Scudo III facelift			EU-FIAT-SCUDO-III-VAN-MAXI-FACELIFT-01	MEDIUM	改款后Maxi乘用型Bus分支。	READY
802299_standard_facelift	802299	Van	Scudo III facelift			EU-FIAT-SCUDO-III-VAN-STANDARD-FACELIFT-01	MEDIUM	改款后Standard车身。	READY
802299_maxi_facelift	802299	Van	Scudo III facelift			EU-FIAT-SCUDO-III-VAN-MAXI-FACELIFT-01	MEDIUM	改款后Maxi车身。	READY
802303_standard_facelift	802303	MPV	Scudo III facelift			EU-FIAT-SCUDO-III-VAN-STANDARD-FACELIFT-01	MEDIUM	改款后Standard乘用型Bus分支。	READY
802303_maxi_facelift	802303	MPV	Scudo III facelift			EU-FIAT-SCUDO-III-VAN-MAXI-FACELIFT-01	MEDIUM	改款后Maxi乘用型Bus分支。	READY
147257_standard_prefl	147257	Van	Scudo III			EU-FIAT-SCUDO-III-VAN-STANDARD-PREFL-01	HIGH	改款前E-Scudo Standard车身。	READY
147257_maxi_prefl	147257	Van	Scudo III			EU-FIAT-SCUDO-III-VAN-MAXI-PREFL-01	HIGH	改款前E-Scudo Maxi车身。	READY
147263	147263	Pickup	Scudo III			EU-FIAT-SCUDO-III-CHASSISCAB-PREFL-01	HIGH	改款前E-Scudo L2平地板平台底盘。	READY
147264_standard_prefl	147264	MPV	Scudo III			EU-FIAT-SCUDO-III-VAN-STANDARD-PREFL-01	MEDIUM	改款前E-Scudo Standard乘用型Bus分支。	READY
147264_maxi_prefl	147264	MPV	Scudo III			EU-FIAT-SCUDO-III-VAN-MAXI-PREFL-01	MEDIUM	改款前E-Scudo Maxi乘用型Bus分支。	READY
158246_standard_facelift	158246	MPV	Scudo III facelift			EU-FIAT-SCUDO-III-VAN-STANDARD-FACELIFT-01	MEDIUM	改款后E-Scudo Standard乘用型Bus分支。	READY
158246_maxi_facelift	158246	MPV	Scudo III facelift			EU-FIAT-SCUDO-III-VAN-MAXI-FACELIFT-01	MEDIUM	改款后E-Scudo Maxi乘用型Bus分支。	READY
158248_standard_facelift	158248	Van	Scudo III facelift			EU-FIAT-SCUDO-III-VAN-STANDARD-FACELIFT-01	HIGH	改款后E-Scudo Standard车身。	READY
158248_maxi_facelift	158248	Van	Scudo III facelift			EU-FIAT-SCUDO-III-VAN-MAXI-FACELIFT-01	HIGH	改款后E-Scudo Maxi车身。	READY
158251	158251	Pickup	Scudo III facelift			EU-FIAT-SCUDO-III-CHASSISCAB-FACELIFT-01	MEDIUM	改款后E-Scudo平台底盘驾驶室。	READY
801469_standard	801469	Van	Scudo III facelift	507		EU-FIAT-SCUDO-III-4X4-STANDARD-FACELIFT-01	MEDIUM	Dangel电动四驱Standard车身。	READY
801469_maxi	801469	Van	Scudo III facelift	507		EU-FIAT-SCUDO-III-4X4-MAXI-FACELIFT-01	MEDIUM	Dangel电动四驱Maxi车身。	READY
16053_3dr	16053	Hatchback	Stilo (192)	192	3	EU-FIAT-STILO-192-HATCHBACK-3D-01	MEDIUM	Ktype覆盖三门与五门车身，按物理外廓拆分。	READY
16053_5dr	16053	Hatchback	Stilo (192)	192	5	EU-FIAT-STILO-192-HATCHBACK-5D-01	MEDIUM	Ktype覆盖三门与五门车身，按物理外廓拆分。	READY
17907_3dr	17907	Hatchback	Stilo (192)	192	3	EU-FIAT-STILO-192-HATCHBACK-3D-01	MEDIUM	Ktype覆盖三门与五门车身，按物理外廓拆分。	READY
17907_5dr	17907	Hatchback	Stilo (192)	192	5	EU-FIAT-STILO-192-HATCHBACK-5D-01	MEDIUM	Ktype覆盖三门与五门车身，按物理外廓拆分。	READY
17910	17910	Wagon	Stilo Multi Wagon (192)	192	5	EU-FIAT-STILO-192-WAGON-01	HIGH	Multi Wagon五门车身。	READY
18906_3dr	18906	Hatchback	Stilo (192)	192	3	EU-FIAT-STILO-192-HATCHBACK-3D-01	MEDIUM	Ktype覆盖三门与五门车身，按物理外廓拆分。	READY
18906_5dr	18906	Hatchback	Stilo (192)	192	5	EU-FIAT-STILO-192-HATCHBACK-5D-01	MEDIUM	Ktype覆盖三门与五门车身，按物理外廓拆分。	READY
18910	18910	Wagon	Stilo Multi Wagon (192)	192	5	EU-FIAT-STILO-192-WAGON-01	HIGH	Multi Wagon五门车身。	READY
16054_3dr	16054	Hatchback	Stilo (192)	192	3	EU-FIAT-STILO-192-HATCHBACK-3D-01	MEDIUM	Ktype覆盖三门与五门车身，按物理外廓拆分。	READY
16054_5dr	16054	Hatchback	Stilo (192)	192	5	EU-FIAT-STILO-192-HATCHBACK-5D-01	MEDIUM	Ktype覆盖三门与五门车身，按物理外廓拆分。	READY
17134	17134	Wagon	Stilo Multi Wagon (192)	192	5	EU-FIAT-STILO-192-WAGON-01	HIGH	Multi Wagon五门车身。	READY
59259	59259	Wagon	Stilo Multi Wagon (192)	192	5	EU-FIAT-STILO-192-WAGON-01	HIGH	Multi Wagon五门车身。	READY
16055_3dr	16055	Hatchback	Stilo (192)	192	3	EU-FIAT-STILO-192-HATCHBACK-3D-01	MEDIUM	Ktype覆盖三门与五门车身，按物理外廓拆分。	READY
16055_5dr	16055	Hatchback	Stilo (192)	192	5	EU-FIAT-STILO-192-HATCHBACK-5D-01	MEDIUM	Ktype覆盖三门与五门车身，按物理外廓拆分。	READY
17135	17135	Wagon	Stilo Multi Wagon (192)	192	5	EU-FIAT-STILO-192-WAGON-01	HIGH	Multi Wagon五门车身。	READY
18907_3dr	18907	Hatchback	Stilo (192)	192	3	EU-FIAT-STILO-192-HATCHBACK-3D-01	MEDIUM	Ktype覆盖三门与五门车身，按物理外廓拆分。	READY
18907_5dr	18907	Hatchback	Stilo (192)	192	5	EU-FIAT-STILO-192-HATCHBACK-5D-01	MEDIUM	Ktype覆盖三门与五门车身，按物理外廓拆分。	READY
18908_3dr	18908	Hatchback	Stilo (192)	192	3	EU-FIAT-STILO-192-HATCHBACK-3D-01	MEDIUM	Ktype覆盖三门与五门车身，按物理外廓拆分。	READY
18908_5dr	18908	Hatchback	Stilo (192)	192	5	EU-FIAT-STILO-192-HATCHBACK-5D-01	MEDIUM	Ktype覆盖三门与五门车身，按物理外廓拆分。	READY
18909_3dr	18909	Hatchback	Stilo (192)	192	3	EU-FIAT-STILO-192-HATCHBACK-3D-01	MEDIUM	Ktype覆盖三门与五门车身，按物理外廓拆分。	READY
18909_5dr	18909	Hatchback	Stilo (192)	192	5	EU-FIAT-STILO-192-HATCHBACK-5D-01	MEDIUM	Ktype覆盖三门与五门车身，按物理外廓拆分。	READY
18911	18911	Wagon	Stilo Multi Wagon (192)	192	5	EU-FIAT-STILO-192-WAGON-01	HIGH	Multi Wagon五门车身。	READY
18912	18912	Wagon	Stilo Multi Wagon (192)	192	5	EU-FIAT-STILO-192-WAGON-01	HIGH	Multi Wagon五门车身。	READY
18913	18913	Wagon	Stilo Multi Wagon (192)	192	5	EU-FIAT-STILO-192-WAGON-01	HIGH	Multi Wagon五门车身。	READY
16056_3dr	16056	Hatchback	Stilo (192)	192	3	EU-FIAT-STILO-192-HATCHBACK-3D-01	MEDIUM	Ktype覆盖三门与五门车身，按物理外廓拆分。	READY
16056_5dr	16056	Hatchback	Stilo (192)	192	5	EU-FIAT-STILO-192-HATCHBACK-5D-01	MEDIUM	Ktype覆盖三门与五门车身，按物理外廓拆分。	READY
16057_3dr	16057	Hatchback	Stilo (192)	192	3	EU-FIAT-STILO-192-HATCHBACK-3D-01	MEDIUM	Ktype覆盖三门与五门车身，按物理外廓拆分。	READY
16057_5dr	16057	Hatchback	Stilo (192)	192	5	EU-FIAT-STILO-192-HATCHBACK-5D-01	MEDIUM	Ktype覆盖三门与五门车身，按物理外廓拆分。	READY
17136	17136	Wagon	Stilo Multi Wagon (192)	192	5	EU-FIAT-STILO-192-WAGON-01	HIGH	Multi Wagon五门车身。	READY
17137	17137	Wagon	Stilo Multi Wagon (192)	192	5	EU-FIAT-STILO-192-WAGON-01	HIGH	Multi Wagon五门车身。	READY
17908_3dr	17908	Hatchback	Stilo (192)	192	3	EU-FIAT-STILO-192-HATCHBACK-3D-01	MEDIUM	Ktype覆盖三门与五门车身，按物理外廓拆分。	READY
17908_5dr	17908	Hatchback	Stilo (192)	192	5	EU-FIAT-STILO-192-HATCHBACK-5D-01	MEDIUM	Ktype覆盖三门与五门车身，按物理外廓拆分。	READY
17909	17909	Wagon	Stilo Multi Wagon (192)	192	5	EU-FIAT-STILO-192-WAGON-01	HIGH	Multi Wagon五门车身。	READY
12239_shortcab_prefl	12239	Pickup	Strada I (178)	178	2	EU-FIAT-STRADA-178-PICKUP-SHORTCAB-PREFL-01	HIGH	初期短舱车身。	READY
12239_shortcab_facelift	12239	Pickup	Strada I facelift (278)	278	2	EU-FIAT-STRADA-278-PICKUP-SHORTCAB-FACELIFT-01	HIGH	改款后短舱车身。	READY
17493	17493	Pickup	Strada I facelift (278)	278	2	EU-FIAT-STRADA-278-PICKUP-SHORTCAB-FACELIFT-01	HIGH	改款后短舱车身。	READY
12240	12240	Pickup	Strada I (178)	178	2	EU-FIAT-STRADA-178-PICKUP-SHORTCAB-PREFL-01	HIGH	初期短舱车身。	READY
17463_shortcab_prefl	17463	Pickup	Strada I (178)	178	2	EU-FIAT-STRADA-178-PICKUP-SHORTCAB-PREFL-01	MEDIUM	生产期覆盖初期短舱车身。	READY
17463_shortcab_facelift	17463	Pickup	Strada I facelift (278)	278	2	EU-FIAT-STRADA-278-PICKUP-SHORTCAB-FACELIFT-01	MEDIUM	生产期覆盖改款后短舱车身。	READY
17482_shortcab	17482	Pickup	Strada I facelift (278)	278	2	EU-FIAT-STRADA-278-PICKUP-SHORTCAB-FACELIFT-01	HIGH	1.9 JTD短舱分支。	READY
17482_longcab	17482	Pickup	Strada I facelift (278)	278	2	EU-FIAT-STRADA-278-PICKUP-LONGCAB-FACELIFT-01	HIGH	1.9 JTD长舱分支。	READY
15935	15935	Van	Talento I (290)	290		EU-FIAT-TALENTO-290-STANDARD-BODY-01	MEDIUM	短轴标准顶封闭式厢式车。	READY
15936	15936	Pickup	Talento I (290)	290	2	EU-FIAT-TALENTO-290-CHASSISCAB-01	MEDIUM	短轴平台底盘驾驶室。	READY
15940	15940	MPV	Talento I (290)	290		EU-FIAT-TALENTO-290-STANDARD-BODY-01	MEDIUM	短轴标准顶Bus车身。	READY
120653_swb	120653	MPV	Talento II (296)	296		EU-FIAT-TALENTO-296-MPV-SWB-LOWROOF-01	MEDIUM	短轴低顶Bus分支。	READY
120653_lwb	120653	MPV	Talento II (296)	296		EU-FIAT-TALENTO-296-MPV-LWB-LOWROOF-01	MEDIUM	长轴低顶Bus分支。	READY
120654_swb_lowroof	120654	Van	Talento II (296)	296		EU-FIAT-TALENTO-296-VAN-SWB-LOWROOF-01	MEDIUM	短轴低顶封闭式厢式车分支。	READY
120654_lwb_lowroof	120654	Van	Talento II (296)	296		EU-FIAT-TALENTO-296-VAN-LWB-LOWROOF-01	MEDIUM	长轴低顶封闭式厢式车分支。	READY
120654_swb_highroof	120654	Van	Talento II (296)	296		EU-FIAT-TALENTO-296-VAN-SWB-HIGHROOF-01	MEDIUM	短轴高顶封闭式厢式车分支。	READY
120654_lwb_highroof	120654	Van	Talento II (296)	296		EU-FIAT-TALENTO-296-VAN-LWB-HIGHROOF-01	MEDIUM	长轴高顶封闭式厢式车分支。	READY
120655_swb	120655	MPV	Talento II (296)	296		EU-FIAT-TALENTO-296-MPV-SWB-LOWROOF-01	MEDIUM	短轴低顶Bus分支。	READY
120655_lwb	120655	MPV	Talento II (296)	296		EU-FIAT-TALENTO-296-MPV-LWB-LOWROOF-01	MEDIUM	长轴低顶Bus分支。	READY
120656_swb	120656	MPV	Talento II	296		EU-FIAT-TALENTO-296-MPV-SWB-LOWROOF-01	MEDIUM	SWB低顶客车物理外廓。	READY
120656_lwb	120656	MPV	Talento II	296		EU-FIAT-TALENTO-296-MPV-LWB-LOWROOF-01	MEDIUM	LWB低顶客车物理外廓。	READY
120661_swb_lowroof	120661	Van	Talento II	296		EU-FIAT-TALENTO-296-VAN-SWB-LOWROOF-01	MEDIUM	SWB低顶厢式车物理外廓。	READY
120661_swb_highroof	120661	Van	Talento II	296		EU-FIAT-TALENTO-296-VAN-SWB-HIGHROOF-01	MEDIUM	SWB高顶厢式车物理外廓。	READY
120661_lwb_lowroof	120661	Van	Talento II	296		EU-FIAT-TALENTO-296-VAN-LWB-LOWROOF-01	MEDIUM	LWB低顶厢式车物理外廓。	READY
120661_lwb_highroof	120661	Van	Talento II	296		EU-FIAT-TALENTO-296-VAN-LWB-HIGHROOF-01	MEDIUM	LWB高顶厢式车物理外廓。	READY
120662_swb_lowroof	120662	Van	Talento II	296		EU-FIAT-TALENTO-296-VAN-SWB-LOWROOF-01	MEDIUM	SWB低顶厢式车物理外廓。	READY
120662_swb_highroof	120662	Van	Talento II	296		EU-FIAT-TALENTO-296-VAN-SWB-HIGHROOF-01	MEDIUM	SWB高顶厢式车物理外廓。	READY
120662_lwb_lowroof	120662	Van	Talento II	296		EU-FIAT-TALENTO-296-VAN-LWB-LOWROOF-01	MEDIUM	LWB低顶厢式车物理外廓。	READY
120662_lwb_highroof	120662	Van	Talento II	296		EU-FIAT-TALENTO-296-VAN-LWB-HIGHROOF-01	MEDIUM	LWB高顶厢式车物理外廓。	READY
120663_swb_lowroof	120663	Van	Talento II	296		EU-FIAT-TALENTO-296-VAN-SWB-LOWROOF-01	MEDIUM	SWB低顶厢式车物理外廓。	READY
120663_swb_highroof	120663	Van	Talento II	296		EU-FIAT-TALENTO-296-VAN-SWB-HIGHROOF-01	MEDIUM	SWB高顶厢式车物理外廓。	READY
120663_lwb_lowroof	120663	Van	Talento II	296		EU-FIAT-TALENTO-296-VAN-LWB-LOWROOF-01	MEDIUM	LWB低顶厢式车物理外廓。	READY
120663_lwb_highroof	120663	Van	Talento II	296		EU-FIAT-TALENTO-296-VAN-LWB-HIGHROOF-01	MEDIUM	LWB高顶厢式车物理外廓。	READY
120664_swb_lowroof	120664	Van	Talento II	296		EU-FIAT-TALENTO-296-VAN-SWB-LOWROOF-01	MEDIUM	SWB低顶厢式车物理外廓。	READY
120664_swb_highroof	120664	Van	Talento II	296		EU-FIAT-TALENTO-296-VAN-SWB-HIGHROOF-01	MEDIUM	SWB高顶厢式车物理外廓。	READY
120664_lwb_lowroof	120664	Van	Talento II	296		EU-FIAT-TALENTO-296-VAN-LWB-LOWROOF-01	MEDIUM	LWB低顶厢式车物理外廓。	READY
120664_lwb_highroof	120664	Van	Talento II	296		EU-FIAT-TALENTO-296-VAN-LWB-HIGHROOF-01	MEDIUM	LWB高顶厢式车物理外廓。	READY
120665	120665	Pickup	Talento II	296	2	EU-FIAT-TALENTO-296-FLOORCAB-01	HIGH	296长轴低顶平台底盘。	READY
120666	120666	Pickup	Talento II	296	2	EU-FIAT-TALENTO-296-FLOORCAB-01	HIGH	296长轴低顶平台底盘。	READY
145404_swb	145404	MPV	Talento II	296		EU-FIAT-TALENTO-296-MPV-SWB-LOWROOF-01	MEDIUM	SWB低顶客车物理外廓。	READY
145404_lwb	145404	MPV	Talento II	296		EU-FIAT-TALENTO-296-MPV-LWB-LOWROOF-01	MEDIUM	LWB低顶客车物理外廓。	READY
15922	15922	Van	Talento I	290		EU-FIAT-TALENTO-290-STANDARD-BODY-01	HIGH	290 标准车身厢式车。	READY
15923	15923	Pickup	Talento I	290	2	EU-FIAT-TALENTO-290-CHASSISCAB-01	HIGH	290 底盘驾驶室物理车身。	READY
15939	15939	MPV	Talento I	290		EU-FIAT-TALENTO-290-STANDARD-BODY-01	HIGH	290 客车复用标准车身外廓。	READY
143380	143380	Van	Tempra I	159	5	EU-FIAT-TEMPRA-159-VAN-01	HIGH	Tempra旅行车基础商用车外廓。	READY
143381	143381	Van	Tempra I	159	5	EU-FIAT-TEMPRA-159-VAN-01	HIGH	Tempra旅行车基础商用车外廓。	READY
143382	143382	Van	Tempra I	159	5	EU-FIAT-TEMPRA-159-VAN-01	HIGH	Tempra旅行车基础商用车外廓。	READY
142956	142956	Hatchback	Tipo II	357	5	EU-FIAT-TIPO-357-HATCHBACK-01	HIGH	改款标准五门掀背车身。	READY
142958	142958	Wagon	Tipo II	357	5	EU-FIAT-TIPO-357-WAGON-01	HIGH	改款标准五门旅行车车身。	READY
143261	143261	Sedan	Tipo II	356	4	EU-FIAT-TIPO-356-SEDAN-01	HIGH	改款标准四门三厢车身。	READY
117867	117867	Sedan	Tipo II	356	4	EU-FIAT-TIPO-356-SEDAN-01	HIGH	四门三厢物理车身。	READY
119838	119838	Hatchback	Tipo II	357	5	EU-FIAT-TIPO-357-HATCHBACK-01	HIGH	五门掀背物理车身。	READY
119841	119841	Hatchback	Tipo II	357	5	EU-FIAT-TIPO-357-HATCHBACK-01	HIGH	五门掀背物理车身。	READY
119843	119843	Wagon	Tipo II	357	5	EU-FIAT-TIPO-357-WAGON-01	HIGH	五门旅行车物理车身。	READY
119849	119849	Wagon	Tipo II	357	5	EU-FIAT-TIPO-357-WAGON-01	HIGH	五门旅行车物理车身。	READY
117868	117868	Sedan	Tipo II	356	4	EU-FIAT-TIPO-356-SEDAN-01	HIGH	四门三厢物理车身。	READY
122038	122038	Hatchback	Tipo II	357	5	EU-FIAT-TIPO-357-HATCHBACK-01	HIGH	五门掀背物理车身。	READY
122039	122039	Wagon	Tipo II	357	5	EU-FIAT-TIPO-357-WAGON-01	HIGH	五门旅行车物理车身。	READY
117869	117869	Sedan	Tipo II	356	4	EU-FIAT-TIPO-356-SEDAN-01	HIGH	四门三厢物理车身。	READY
119840	119840	Hatchback	Tipo II	357	5	EU-FIAT-TIPO-357-HATCHBACK-01	HIGH	五门掀背物理车身。	READY
119848	119848	Wagon	Tipo II	357	5	EU-FIAT-TIPO-357-WAGON-01	HIGH	五门旅行车物理车身。	READY
14646	14646	Hatchback	Tipo I	160		EU-FIAT-TIPO-160-HATCHBACK-01	HIGH	三门与五门版本共用同一外廓。	READY
120721	120721	Hatchback	Tipo II	357	5	EU-FIAT-TIPO-357-HATCHBACK-01	HIGH	五门掀背物理车身。	READY
120723	120723	Wagon	Tipo II	357	5	EU-FIAT-TIPO-357-WAGON-01	HIGH	五门旅行车物理车身。	READY
121442	121442	Sedan	Tipo II	356	4	EU-FIAT-TIPO-356-SEDAN-01	HIGH	四门三厢物理车身。	READY
147199	147199	Hatchback	Tipo II	357	5	EU-FIAT-TIPO-357-HATCHBACK-01	HIGH	改款标准五门掀背车身。	READY
147200	147200	Wagon	Tipo II	357	5	EU-FIAT-TIPO-357-WAGON-01	HIGH	改款标准五门旅行车车身。	READY
147708	147708	Sedan	Tipo II	356	4	EU-FIAT-TIPO-356-SEDAN-01	HIGH	改款标准四门三厢车身。	READY
117870	117870	Sedan	Tipo II	356	4	EU-FIAT-TIPO-356-SEDAN-01	HIGH	四门三厢物理车身。	READY
119839	119839	Hatchback	Tipo II	357	5	EU-FIAT-TIPO-357-HATCHBACK-01	HIGH	五门掀背物理车身。	READY
119847	119847	Wagon	Tipo II	357	5	EU-FIAT-TIPO-357-WAGON-01	HIGH	五门旅行车物理车身。	READY
123395	123395	Sedan	Tipo II	356	4	EU-FIAT-TIPO-356-SEDAN-01	HIGH	四门三厢物理车身。	READY
123396	123396	Hatchback	Tipo II	357	5	EU-FIAT-TIPO-357-HATCHBACK-01	HIGH	五门掀背物理车身。	READY
123398	123398	Wagon	Tipo II	357	5	EU-FIAT-TIPO-357-WAGON-01	HIGH	五门旅行车物理车身。	READY
142978	142978	Hatchback	Tipo II	357	5	EU-FIAT-TIPO-357-HATCHBACK-01	HIGH	改款标准五门掀背车身。	READY
142981	142981	Wagon	Tipo II	357	5	EU-FIAT-TIPO-357-WAGON-01	HIGH	改款标准五门旅行车车身。	READY
146860	146860	Sedan	Tipo II	356	4	EU-FIAT-TIPO-356-SEDAN-01	HIGH	改款标准四门三厢车身。	READY
18925	18925	Hatchback	Tipo I	160	3	EU-FIAT-TIPO-160-HATCHBACK-01	HIGH	改款三门掀背车身。	READY
14643	14643	Hatchback	Tipo I	160	5	EU-FIAT-TIPO-160-HATCHBACK-01	HIGH	五门掀背车身。	READY
13280	13280	Hatchback	Tipo I	160	5	EU-FIAT-TIPO-160-HATCHBACK-01	HIGH	五门16V运动版车身。	READY
156216	156216	Hatchback	Topolino (2023)		2	EU-FIAT-TOPOLINO-2023-HATCHBACK-01	HIGH	封闭式双门微型车身。	READY
8847	8847	MPV	Ulysse I	220	5	EU-FIAT-ULYSSE-220-MPV-01	HIGH	Ulysse第一代五门MPV。	READY
16892	16892	MPV	Ulysse II	179	5	EU-FIAT-ULYSSE-179-MPV-01	HIGH	Ulysse第二代五门MPV。	READY
16893	16893	MPV	Ulysse II	179	5	EU-FIAT-ULYSSE-179-MPV-01	HIGH	Ulysse第二代五门MPV。	READY
116063	116063	MPV	Ulysse I	220	5	EU-FIAT-ULYSSE-220-MPV-01	HIGH	Ulysse第一代五门MPV。	READY
11372	11372	MPV	Ulysse I	220	5	EU-FIAT-ULYSSE-220-MPV-01	HIGH	Ulysse第一代五门MPV。	READY
15815	15815	MPV	Ulysse I	220	5	EU-FIAT-ULYSSE-220-MPV-01	HIGH	Ulysse第一代五门MPV。	READY
14159	14159	MPV	Ulysse I	220	5	EU-FIAT-ULYSSE-220-MPV-01	HIGH	Ulysse第一代五门MPV。	READY
16894	16894	MPV	Ulysse II	179	5	EU-FIAT-ULYSSE-179-MPV-01	HIGH	Ulysse第二代五门MPV。	READY
17494	17494	MPV	Ulysse II	179	5	EU-FIAT-ULYSSE-179-MPV-01	HIGH	Ulysse第二代五门MPV。	READY
11753	11753	MPV	Ulysse I	220	5	EU-FIAT-ULYSSE-220-MPV-01	HIGH	Ulysse第一代五门MPV。	READY
157532_standard_prefl	157532	MPV	Ulysse III		5	EU-FIAT-ULYSSE-III-MPV-STANDARD-PREFACELIFT-01	MEDIUM	标准车长改款前物理外廓。	READY
157532_standard_facelift	157532	MPV	Ulysse III		5	EU-FIAT-ULYSSE-III-MPV-STANDARD-FACELIFT-01	MEDIUM	标准车长改款后物理外廓。	READY
157532_long_prefl	157532	MPV	Ulysse III		5	EU-FIAT-ULYSSE-III-MPV-LONG-PREFACELIFT-01	MEDIUM	长车身改款前物理外廓。	READY
157532_long_facelift	157532	MPV	Ulysse III		5	EU-FIAT-ULYSSE-III-MPV-LONG-FACELIFT-01	MEDIUM	长车身改款后物理外廓。	READY
5737	5737	MPV	Ulysse I	220	5	EU-FIAT-ULYSSE-220-MPV-01	HIGH	Ulysse第一代五门MPV。	READY
16895	16895	MPV	Ulysse II	179	5	EU-FIAT-ULYSSE-179-MPV-01	HIGH	Ulysse第二代五门MPV。	READY
802879_standard	802879	MPV	Ulysse III		5	EU-FIAT-ULYSSE-III-MPV-STANDARD-FACELIFT-01	HIGH	标准车长改款后物理外廓。	READY
802879_long	802879	MPV	Ulysse III		5	EU-FIAT-ULYSSE-III-MPV-LONG-FACELIFT-01	HIGH	长车身改款后物理外廓。	READY
802302_standard	802302	MPV	Ulysse III		5	EU-FIAT-ULYSSE-III-MPV-STANDARD-FACELIFT-01	HIGH	标准车长改款后物理外廓。	READY
802302_long	802302	MPV	Ulysse III		5	EU-FIAT-ULYSSE-III-MPV-LONG-FACELIFT-01	HIGH	长车身改款后物理外廓。	READY
147265_standard	147265	MPV	Ulysse III		5	EU-FIAT-ULYSSE-III-MPV-STANDARD-PREFACELIFT-01	HIGH	标准车长车身。	READY
147265_long	147265	MPV	Ulysse III		5	EU-FIAT-ULYSSE-III-MPV-LONG-PREFACELIFT-01	HIGH	长车身。	READY
158247_standard	158247	MPV	Ulysse III		5	EU-FIAT-ULYSSE-III-MPV-STANDARD-FACELIFT-01	HIGH	标准车长改款后物理外廓。	READY
158247_long	158247	MPV	Ulysse III		5	EU-FIAT-ULYSSE-III-MPV-LONG-FACELIFT-01	HIGH	长车身改款后物理外廓。	READY
55918_prefl	55918	Hatchback	Uno I	146		EU-FIAT-UNO-146-HATCHBACK-PREFACELIFT-01	MEDIUM	1989年改款前物理外廓。	READY
55918_facelift	55918	Hatchback	Uno I	146		EU-FIAT-UNO-146-HATCHBACK-FACELIFT-01	MEDIUM	1989年改款后物理外廓。	READY
58803_prefl	58803	Hatchback	Uno I	146		EU-FIAT-UNO-146-HATCHBACK-PREFACELIFT-01	MEDIUM	1989年改款前物理外廓。	READY
58803_facelift	58803	Hatchback	Uno I	146		EU-FIAT-UNO-146-HATCHBACK-FACELIFT-01	MEDIUM	1989年改款后物理外廓。	READY
14547	14547	Hatchback	Uno I	146	3	EU-FIAT-UNO-146-HATCHBACK-FACELIFT-01	HIGH	改款后三门Turbo车身。	READY
8862	8862	Hatchback	Uno I	146		EU-FIAT-UNO-146-HATCHBACK-FACELIFT-01	MEDIUM	1989年改款后物理外廓。	READY
14545_prefl	14545	Hatchback	Uno I	146		EU-FIAT-UNO-146-HATCHBACK-PREFACELIFT-01	MEDIUM	1989年改款前物理外廓。	READY
14545_facelift	14545	Hatchback	Uno I	146		EU-FIAT-UNO-146-HATCHBACK-FACELIFT-01	MEDIUM	1989年改款后物理外廓。	READY
14546	14546	Hatchback	Uno I	146		EU-FIAT-UNO-146-HATCHBACK-FACELIFT-01	MEDIUM	1989年改款后物理外廓。	READY
15896_prefl	15896	Hatchback	Uno I	146		EU-FIAT-UNO-146-HATCHBACK-PREFACELIFT-01	MEDIUM	1989年改款前物理外廓。	READY
15896_facelift	15896	Hatchback	Uno I	146		EU-FIAT-UNO-146-HATCHBACK-FACELIFT-01	MEDIUM	1989年改款后物理外廓。	READY
161560	161560	Hatchback	Firefly I		5	EU-FIREFLY-FIREFLY-I-HATCHBACK-01	HIGH	五门纯电掀背车物理外廓。	READY
55253	55253	Sedan	Karma I		4	EU-FISKER-KARMA-I-SEDAN-01	HIGH	四门量产轿车物理外廓。	READY
157313	157313	SUV	Ocean I	FM29	5	EU-FISKER-OCEAN-I-SUV-01	HIGH	量产SUV标准物理外廓。	READY
151939	151939	SUV	Ocean I	FM29	5	EU-FISKER-OCEAN-I-SUV-01	HIGH	量产SUV标准物理外廓。	READY
155605	155605	SUV	Ocean I	FM29	5	EU-FISKER-OCEAN-I-SUV-01	HIGH	量产SUV标准物理外廓。	READY
151940	151940	SUV	Ocean I	FM29	5	EU-FISKER-OCEAN-I-SUV-01	HIGH	量产SUV标准物理外廓。	READY
151941	151941	SUV	Ocean I	FM29	5	EU-FISKER-OCEAN-I-SUV-01	HIGH	量产SUV标准物理外廓。	READY
156213_swb	156213	Pickup	A-Series	A0406	2	EU-FORD-A-SERIES-A0406-PICKUP-SWB-01	HIGH	A0406短轴分支，轴距3050 mm。	READY
156213_lwb	156213	Pickup	A-Series	A0406	2	EU-FORD-A-SERIES-A0406-PICKUP-LWB-01	HIGH	A0406长轴分支，轴距3680 mm。	READY
156214_swb	156214	Pickup	A-Series	A0506	2	EU-FORD-A-SERIES-A0506-PICKUP-SWB-01	HIGH	A0506短轴分支，轴距3300 mm。	READY
156214_mwb	156214	Pickup	A-Series	A0506	2	EU-FORD-A-SERIES-A0506-PICKUP-MWB-01	HIGH	A0506中轴分支，轴距3680 mm。	READY
156214_lwb	156214	Pickup	A-Series	A0506	2	EU-FORD-A-SERIES-A0506-PICKUP-LWB-01	HIGH	A0506长轴分支，轴距3960 mm。	READY
55466	55466	MPV	B-Max I	B232	5	EU-FORD-B-MAX-B232-MPV-01	HIGH	五门 MPV 物理车身。	READY
108801	108801	Van	B-Max I	B232	5	EU-FORD-B-MAX-B232-MPV-01	MEDIUM	厢式衍生版复用 B-Max 外廓。	READY
55105	55105	MPV	B-Max I	B232	5	EU-FORD-B-MAX-B232-MPV-01	HIGH	五门 MPV 物理车身。	READY
55106	55106	MPV	B-Max I	B232	5	EU-FORD-B-MAX-B232-MPV-01	HIGH	五门 MPV 物理车身。	READY
59492	59492	MPV	B-Max I	B232	5	EU-FORD-B-MAX-B232-MPV-01	HIGH	五门 MPV 物理车身。	READY
108797	108797	Van	B-Max I	B232	5	EU-FORD-B-MAX-B232-MPV-01	MEDIUM	厢式衍生版复用 B-Max 外廓。	READY
108800	108800	Van	B-Max I	B232	5	EU-FORD-B-MAX-B232-MPV-01	MEDIUM	厢式衍生版复用 B-Max 外廓。	READY
118618	118618	MPV	B-Max I	B232	5	EU-FORD-B-MAX-B232-MPV-01	HIGH	五门 MPV 物理车身。	READY
142732	142732	Van	B-Max I	B232	5	EU-FORD-B-MAX-B232-MPV-01	MEDIUM	厢式衍生版复用 B-Max 外廓。	READY
105988	105988	MPV	B-Max I	B232	5	EU-FORD-B-MAX-B232-MPV-01	HIGH	五门 MPV 物理车身。	READY
142735	142735	Van	B-Max I	B232	5	EU-FORD-B-MAX-B232-MPV-01	MEDIUM	厢式衍生版复用 B-Max 外廓。	READY
55537	55537	MPV	B-Max I	B232	5	EU-FORD-B-MAX-B232-MPV-01	HIGH	五门 MPV 物理车身。	READY
108803	108803	Van	B-Max I	B232	5	EU-FORD-B-MAX-B232-MPV-01	MEDIUM	厢式衍生版复用 B-Max 外廓。	READY
113165	113165	MPV	B-Max I	B232	5	EU-FORD-B-MAX-B232-MPV-01	HIGH	五门 MPV 物理车身。	READY
113677	113677	Van	B-Max I	B232	5	EU-FORD-B-MAX-B232-MPV-01	MEDIUM	厢式衍生版复用 B-Max 外廓。	READY
55108	55108	MPV	B-Max I	B232	5	EU-FORD-B-MAX-B232-MPV-01	HIGH	五门 MPV 物理车身。	READY
108804	108804	Van	B-Max I	B232	5	EU-FORD-B-MAX-B232-MPV-01	MEDIUM	厢式衍生版复用 B-Max 外廓。	READY
55107	55107	MPV	B-Max I	B232	5	EU-FORD-B-MAX-B232-MPV-01	HIGH	五门 MPV 物理车身。	READY
108802	108802	Van	B-Max I	B232	5	EU-FORD-B-MAX-B232-MPV-01	MEDIUM	厢式衍生版复用 B-Max 外廓。	READY
11162_prefl	11162	Coupe	Capri II pre-facelift		3	EU-FORD-CAPRI-II-PREFACELIFT-COUPE-01	HIGH	跨越Capri II改款，改款前外廓。	READY
11162_facelift	11162	Coupe	Capri II facelift		3	EU-FORD-CAPRI-II-FACELIFT-COUPE-01	HIGH	跨越Capri II改款，改款后外廓。	READY
14257	14257	Coupe	Capri III	GECP	3	EU-FORD-CAPRI-III-COUPE-01	HIGH	1.3标准三门车身。	READY
14948_prefl	14948	Coupe	Capri II pre-facelift		3	EU-FORD-CAPRI-II-PREFACELIFT-COUPE-01	HIGH	跨越Capri II改款，改款前外廓。	READY
14948_facelift	14948	Coupe	Capri II facelift		3	EU-FORD-CAPRI-II-FACELIFT-COUPE-01	HIGH	跨越Capri II改款，改款后外廓。	READY
11027_prefl	11027	Coupe	Capri II pre-facelift		3	EU-FORD-CAPRI-II-PREFACELIFT-COUPE-01	HIGH	跨越Capri II改款，改款前外廓。	READY
11027_facelift	11027	Coupe	Capri II facelift		3	EU-FORD-CAPRI-II-FACELIFT-COUPE-01	HIGH	跨越Capri II改款，改款后外廓。	READY
14949	14949	Coupe	Capri III	GECP	3	EU-FORD-CAPRI-III-COUPE-01	HIGH	2.0标准三门车身。	READY
15164	15164	Coupe	Capri III	GECP	3	EU-FORD-CAPRI-III-COUPE-01	HIGH	2.0标准三门车身。	READY
14947	14947	Coupe	Capri III	GECP	3	EU-FORD-CAPRI-III-COUPE-01	HIGH	3.0 S工厂配置；最大三维与标准车身一致。	READY
15152_prefl	15152	Coupe	Capri Mk I pre-facelift		2	EU-FORD-CAPRI-MK-I-PREFACELIFT-COUPE-01	HIGH	跨越Mk I改款，改款前外廓。	READY
15152_facelift	15152	Coupe	Capri Mk I facelift		2	EU-FORD-CAPRI-MK-I-FACELIFT-COUPE-01	HIGH	跨越Mk I改款，改款后外廓。	READY
15153	15153	Coupe	Capri Mk I facelift		2	EU-FORD-CAPRI-MK-I-FACELIFT-COUPE-01	HIGH	Mk I改款后双门快背车身。	READY
15154	15154	Coupe	Capri Mk I facelift		2	EU-FORD-CAPRI-MK-I-FACELIFT-COUPE-01	HIGH	Mk I改款后双门快背车身。	READY
15155	15155	Coupe	Capri Mk I pre-facelift		2	EU-FORD-CAPRI-MK-I-PREFACELIFT-COUPE-01	HIGH	Mk I改款前双门快背车身。	READY
15159_prefl	15159	Coupe	Capri Mk I pre-facelift		2	EU-FORD-CAPRI-MK-I-PREFACELIFT-COUPE-01	HIGH	跨越Mk I改款，改款前外廓。	READY
15159_facelift	15159	Coupe	Capri Mk I facelift		2	EU-FORD-CAPRI-MK-I-FACELIFT-COUPE-01	HIGH	跨越Mk I改款，改款后外廓。	READY
11025	11025	Coupe	Capri Mk I facelift		2	EU-FORD-CAPRI-MK-I-FACELIFT-COUPE-01	HIGH	Mk I改款后双门快背车身。	READY
14942	14942	Coupe	Capri Mk I facelift		2	EU-FORD-CAPRI-MK-I-FACELIFT-COUPE-01	HIGH	Mk I改款后双门快背车身。	READY
11026	11026	Coupe	Capri Mk I facelift		2	EU-FORD-CAPRI-MK-I-FACELIFT-COUPE-01	HIGH	Mk I改款后双门快背车身。	READY
15165	15165	Coupe	Capri III	GECP	3	EU-FORD-CAPRI-III-TURBO-WIDEBODY-COUPE-01	HIGH	2.8 i Turbo宽体外廓。	READY
11024_prefl	11024	Coupe	Capri RS 2600 pre-facelift		2	EU-FORD-CAPRI-RS2600-PREFACELIFT-COUPE-01	HIGH	跨越Mk I改款，RS 2600改款前低车身外廓。	READY
11024_facelift	11024	Coupe	Capri RS 2600 facelift		2	EU-FORD-CAPRI-RS2600-FACELIFT-COUPE-01	HIGH	跨越Mk I改款，RS 2600改款后低车身外廓。	READY
159788	159788	SUV	Capri EV		5	EU-FORD-CAPRI-EV-SUV-01	HIGH	五门SUV车身；后驱与四驱外廓一致。	READY
159790	159790	SUV	Capri EV		5	EU-FORD-CAPRI-EV-SUV-01	HIGH	五门SUV车身；后驱与四驱外廓一致。	READY
164017	164017	SUV	Capri EV		5	EU-FORD-CAPRI-EV-SUV-01	HIGH	五门SUV车身；后驱与四驱外廓一致。	READY
159789	159789	SUV	Capri EV		5	EU-FORD-CAPRI-EV-SUV-01	HIGH	五门SUV车身；后驱与四驱外廓一致。	READY
113250	113250	MPV	C-MAX I facelift		5	EU-FORD-C-MAX-I-FACELIFT-MPV-01	HIGH	2007改款五门MPV。	READY
10288	10288	MPV	C-MAX I facelift		5	EU-FORD-C-MAX-I-FACELIFT-MPV-01	HIGH	2007改款五门MPV。	READY
56757_prefl	56757	MPV	C-MAX II pre-facelift		5	EU-FORD-C-MAX-II-PREFACELIFT-MPV-01	HIGH	跨越2015改款，改款前外廓。	READY
56757_facelift	56757	MPV	C-MAX II facelift		5	EU-FORD-C-MAX-II-FACELIFT-MPV-01	HIGH	跨越2015改款，改款后外廓。	READY
56760_prefl	56760	MPV	C-MAX II pre-facelift		5	EU-FORD-C-MAX-II-PREFACELIFT-MPV-01	HIGH	跨越2015改款，改款前外廓。	READY
56760_facelift	56760	MPV	C-MAX II facelift		5	EU-FORD-C-MAX-II-FACELIFT-MPV-01	HIGH	跨越2015改款，改款后外廓。	READY
108790_prefl	108790	MPV	C-MAX II pre-facelift		5	EU-FORD-C-MAX-II-PREFACELIFT-MPV-01	HIGH	货运登记；跨越2015改款，改款前外廓。	READY
108790_facelift	108790	MPV	C-MAX II facelift		5	EU-FORD-C-MAX-II-FACELIFT-MPV-01	HIGH	货运登记；跨越2015改款，改款后外廓。	READY
108791_prefl	108791	MPV	C-MAX II pre-facelift		5	EU-FORD-C-MAX-II-PREFACELIFT-MPV-01	HIGH	货运登记；跨越2015改款，改款前外廓。	READY
108791_facelift	108791	MPV	C-MAX II facelift		5	EU-FORD-C-MAX-II-FACELIFT-MPV-01	HIGH	货运登记；跨越2015改款，改款后外廓。	READY
145790	145790	MPV	C-MAX II facelift		5	EU-FORD-C-MAX-II-FACELIFT-MPV-01	HIGH	2015改款五门MPV。	READY
145827	145827	MPV	C-MAX II facelift		5	EU-FORD-C-MAX-II-FACELIFT-MPV-01	HIGH	2015改款五门MPV。	READY
111749	111749	MPV	C-MAX II facelift		5	EU-FORD-C-MAX-II-FACELIFT-MPV-01	HIGH	2015改款五门MPV。	READY
111753	111753	MPV	C-MAX II facelift		5	EU-FORD-C-MAX-II-FACELIFT-MPV-01	HIGH	2015改款五门MPV。	READY
113252	113252	MPV	C-MAX II facelift		5	EU-FORD-C-MAX-II-FACELIFT-MPV-01	HIGH	货运登记不改变五门车身外廓。	READY
113253	113253	MPV	C-MAX II facelift		5	EU-FORD-C-MAX-II-FACELIFT-MPV-01	HIGH	货运登记不改变五门车身外廓。	READY
111755	111755	MPV	C-MAX II facelift		5	EU-FORD-C-MAX-II-FACELIFT-MPV-01	HIGH	2015改款五门MPV。	READY
111765	111765	MPV	C-MAX II facelift		5	EU-FORD-C-MAX-II-FACELIFT-MPV-01	HIGH	2015改款五门MPV。	READY
111764	111764	MPV	C-MAX II facelift		5	EU-FORD-C-MAX-II-FACELIFT-MPV-01	HIGH	2015改款五门MPV。	READY
113264	113264	MPV	C-MAX II facelift		5	EU-FORD-C-MAX-II-FACELIFT-MPV-01	HIGH	货运登记不改变五门车身外廓。	READY
108792_prefl	108792	MPV	C-MAX II pre-facelift		5	EU-FORD-C-MAX-II-PREFACELIFT-MPV-01	HIGH	货运登记；跨越2015改款，改款前外廓。	READY
108792_facelift	108792	MPV	C-MAX II facelift		5	EU-FORD-C-MAX-II-FACELIFT-MPV-01	HIGH	货运登记；跨越2015改款，改款后外廓。	READY
142731_prefl	142731	MPV	C-MAX II pre-facelift		5	EU-FORD-C-MAX-II-PREFACELIFT-MPV-01	HIGH	货运登记；跨越2015改款，改款前外廓。	READY
142731_facelift	142731	MPV	C-MAX II facelift		5	EU-FORD-C-MAX-II-FACELIFT-MPV-01	HIGH	货运登记；跨越2015改款，改款后外廓。	READY
11922_prefl	11922	MPV	C-MAX II pre-facelift		5	EU-FORD-C-MAX-II-PREFACELIFT-MPV-01	HIGH	跨越2015改款，改款前外廓。	READY
11922_facelift	11922	MPV	C-MAX II facelift		5	EU-FORD-C-MAX-II-FACELIFT-MPV-01	HIGH	跨越2015改款，改款后外廓。	READY
55512_prefl	55512	MPV	C-MAX II pre-facelift		5	EU-FORD-C-MAX-II-PREFACELIFT-MPV-01	HIGH	跨越2015改款，改款前外廓。	READY
55512_facelift	55512	MPV	C-MAX II facelift		5	EU-FORD-C-MAX-II-FACELIFT-MPV-01	HIGH	跨越2015改款，改款后外廓。	READY
106025_prefl	106025	MPV	C-MAX II pre-facelift		5	EU-FORD-C-MAX-II-PREFACELIFT-MPV-01	HIGH	跨越2015改款，改款前外廓。	READY
106025_facelift	106025	MPV	C-MAX II facelift		5	EU-FORD-C-MAX-II-FACELIFT-MPV-01	HIGH	跨越2015改款，改款后外廓。	READY
11895	11895	MPV	C-MAX I facelift		5	EU-FORD-C-MAX-I-FACELIFT-MPV-01	HIGH	2007改款五门MPV。	READY
108814_prefl	108814	MPV	C-MAX II pre-facelift		5	EU-FORD-C-MAX-II-PREFACELIFT-MPV-01	HIGH	货运登记；跨越2015改款，改款前外廓。	READY
108814_facelift	108814	MPV	C-MAX II facelift		5	EU-FORD-C-MAX-II-FACELIFT-MPV-01	HIGH	货运登记；跨越2015改款，改款后外廓。	READY
108815_prefl	108815	MPV	C-MAX II pre-facelift		5	EU-FORD-C-MAX-II-PREFACELIFT-MPV-01	HIGH	货运登记；跨越2015改款，改款前外廓。	READY
108815_facelift	108815	MPV	C-MAX II facelift		5	EU-FORD-C-MAX-II-FACELIFT-MPV-01	HIGH	货运登记；跨越2015改款，改款后外廓。	READY
14793_prefl	14793	MPV	C-MAX II pre-facelift		5	EU-FORD-C-MAX-II-PREFACELIFT-MPV-01	HIGH	跨越2015改款，改款前外廓。	READY
14793_facelift	14793	MPV	C-MAX II facelift		5	EU-FORD-C-MAX-II-FACELIFT-MPV-01	HIGH	跨越2015改款，改款后外廓。	READY
113147_prefl	113147	MPV	C-MAX II pre-facelift		5	EU-FORD-C-MAX-II-PREFACELIFT-MPV-01	HIGH	跨越2015改款，改款前外廓。	READY
113147_facelift	113147	MPV	C-MAX II facelift		5	EU-FORD-C-MAX-II-FACELIFT-MPV-01	HIGH	跨越2015改款，改款后外廓。	READY
142729_prefl	142729	MPV	C-MAX II pre-facelift		5	EU-FORD-C-MAX-II-PREFACELIFT-MPV-01	HIGH	货运登记；跨越2015改款，改款前外廓。	READY
142729_facelift	142729	MPV	C-MAX II facelift		5	EU-FORD-C-MAX-II-FACELIFT-MPV-01	HIGH	货运登记；跨越2015改款，改款后外廓。	READY
118794	118794	MPV	C-MAX II Energi		5	EU-FORD-C-MAX-II-ENERGI-MPV-01	HIGH	北美版插电混动车身外廓。	READY
10196_prefl	10196	MPV	C-MAX II pre-facelift		5	EU-FORD-C-MAX-II-PREFACELIFT-MPV-01	HIGH	跨越2015改款，改款前外廓。	READY
10196_facelift	10196	MPV	C-MAX II facelift		5	EU-FORD-C-MAX-II-FACELIFT-MPV-01	HIGH	跨越2015改款，改款后外廓。	READY
11894	11894	MPV	C-MAX I facelift		5	EU-FORD-C-MAX-I-FACELIFT-MPV-01	HIGH	2007改款五门MPV。	READY
108816_prefl	108816	MPV	C-MAX II pre-facelift		5	EU-FORD-C-MAX-II-PREFACELIFT-MPV-01	HIGH	货运登记；跨越2015改款，改款前外廓。	READY
108816_facelift	108816	MPV	C-MAX II facelift		5	EU-FORD-C-MAX-II-FACELIFT-MPV-01	HIGH	货运登记；跨越2015改款，改款后外廓。	READY
108817_prefl	108817	MPV	C-MAX II pre-facelift		5	EU-FORD-C-MAX-II-PREFACELIFT-MPV-01	HIGH	货运登记；跨越2015改款，改款前外廓。	READY
108817_facelift	108817	MPV	C-MAX II facelift		5	EU-FORD-C-MAX-II-FACELIFT-MPV-01	HIGH	货运登记；跨越2015改款，改款后外廓。	READY
108818_prefl	108818	MPV	C-MAX II pre-facelift		5	EU-FORD-C-MAX-II-PREFACELIFT-MPV-01	HIGH	货运登记；跨越2015改款，改款前外廓。	READY
108818_facelift	108818	MPV	C-MAX II facelift		5	EU-FORD-C-MAX-II-FACELIFT-MPV-01	HIGH	货运登记；跨越2015改款，改款后外廓。	READY
111766	111766	MPV	C-MAX II facelift		5	EU-FORD-C-MAX-II-FACELIFT-MPV-01	HIGH	2015改款五门MPV。	READY
111767	111767	MPV	C-MAX II facelift		5	EU-FORD-C-MAX-II-FACELIFT-MPV-01	HIGH	2015改款五门MPV。	READY
113287	113287	MPV	C-MAX II facelift		5	EU-FORD-C-MAX-II-FACELIFT-MPV-01	HIGH	货运登记不改变五门车身外廓。	READY
113292	113292	MPV	C-MAX II facelift		5	EU-FORD-C-MAX-II-FACELIFT-MPV-01	HIGH	货运登记不改变五门车身外廓。	READY
6592	6592	Sedan	Consul Mk I			EU-FORD-CONSUL-MK-I-SEDAN-01	HIGH	两门与四门轿车共用外廓；输入未区分门数。	READY
6596	6596	Coupe	Consul Mk I		2	EU-FORD-CONSUL-MK-I-COUPE-01	HIGH	双门快背轿跑车身。	READY
6599	6599	Wagon	Consul Mk I		5	EU-FORD-CONSUL-MK-I-WAGON-01	HIGH	五门旅行车车身。	READY
14950	14950	Sedan	Consul Mk I			EU-FORD-CONSUL-MK-I-SEDAN-01	HIGH	两门与四门轿车共用外廓；输入未区分门数。	READY
14951	14951	Wagon	Consul Mk I		5	EU-FORD-CONSUL-MK-I-WAGON-01	HIGH	五门旅行车车身。	READY
14952	14952	Coupe	Consul Mk I		2	EU-FORD-CONSUL-MK-I-COUPE-01	HIGH	双门快背轿跑车身。	READY
6593	6593	Sedan	Consul Mk I			EU-FORD-CONSUL-MK-I-SEDAN-01	HIGH	两门与四门轿车共用外廓；输入未区分门数。	READY
6594	6594	Sedan	Consul Mk I			EU-FORD-CONSUL-MK-I-SEDAN-01	HIGH	两门与四门轿车共用外廓；输入未区分门数。	READY
6597	6597	Coupe	Consul Mk I		2	EU-FORD-CONSUL-MK-I-COUPE-01	HIGH	双门快背轿跑车身。	READY
6600	6600	Wagon	Consul Mk I		5	EU-FORD-CONSUL-MK-I-WAGON-01	HIGH	五门旅行车车身。	READY
6595	6595	Sedan	Consul Mk I			EU-FORD-CONSUL-MK-I-SEDAN-01	HIGH	两门与四门轿车共用外廓；输入未区分门数。	READY
6598	6598	Coupe	Consul Mk I		2	EU-FORD-CONSUL-MK-I-COUPE-01	HIGH	双门快背轿跑车身。	READY
6601	6601	Wagon	Consul Mk I		5	EU-FORD-CONSUL-MK-I-WAGON-01	HIGH	五门旅行车车身。	READY
15169	15169	Sedan	Consul Mk I			EU-FORD-CONSUL-MK-I-SEDAN-01	HIGH	两门与四门轿车共用外廓；输入未区分门数。	READY
15170	15170	Coupe	Consul Mk I		2	EU-FORD-CONSUL-MK-I-COUPE-01	HIGH	双门快背轿跑车身。	READY
15172	15172	Wagon	Consul Mk I		5	EU-FORD-CONSUL-MK-I-WAGON-01	HIGH	五门旅行车车身。	READY
14592	14592	Coupe	Cougar I		3	EU-FORD-COUGAR-I-COUPE-01	HIGH	欧洲版三门掀背轿跑车身。	READY
15441	15441	Coupe	Cougar I		3	EU-FORD-COUGAR-I-COUPE-01	HIGH	欧洲版三门掀背轿跑车身。	READY
121499	121499	Pickup	Courier Brazil		2	EU-FORD-COURIER-BRAZIL-PICKUP-01	HIGH	巴西版双门单排小型皮卡外廓。	READY
5742	5742	Van	Courier Europe			EU-FORD-COURIER-EUROPE-VAN-01	HIGH	Fiesta平台厢式车外廓。	READY
15829	15829	Van	Courier Europe			EU-FORD-COURIER-EUROPE-VAN-01	HIGH	Fiesta平台厢式车外廓。	READY
11095	11095	Van	Econovan KAA	KAA		EU-FORD-ECONOVAN-KAA-VAN-01	HIGH	KAA厢式车身；发动机差异不改变外廓。	READY
11096	11096	Van	Econovan KAA	KAA		EU-FORD-ECONOVAN-KAA-VAN-01	HIGH	KAA厢式车身；发动机差异不改变外廓。	READY
38703_prefl	38703	SUV	EcoSport II pre-facelift		5	EU-FORD-ECOSPORT-II-PREFACELIFT-SUV-01	HIGH	跨越2017改款，改款前外廓。	READY
38703_facelift	38703	SUV	EcoSport II facelift		5	EU-FORD-ECOSPORT-II-FACELIFT-SUV-01	HIGH	跨越2017改款，改款后外廓。	READY
118620_prefl	118620	SUV	EcoSport II pre-facelift		5	EU-FORD-ECOSPORT-II-PREFACELIFT-SUV-01	HIGH	跨越2017改款，改款前外廓。	READY
118620_facelift	118620	SUV	EcoSport II facelift		5	EU-FORD-ECOSPORT-II-FACELIFT-SUV-01	HIGH	跨越2017改款，改款后外廓。	READY
113168_prefl	113168	SUV	EcoSport II pre-facelift		5	EU-FORD-ECOSPORT-II-PREFACELIFT-SUV-01	HIGH	跨越2017改款，改款前外廓。	READY
113168_facelift	113168	SUV	EcoSport II facelift		5	EU-FORD-ECOSPORT-II-FACELIFT-SUV-01	HIGH	跨越2017改款，改款后外廓。	READY
39881	39881	SUV	EcoSport II pre-facelift		5	EU-FORD-ECOSPORT-II-PREFACELIFT-SUV-01	HIGH	90 PS版本止于2017改款前外廓。	READY
119943_prefl	119943	SUV	EcoSport II pre-facelift		5	EU-FORD-ECOSPORT-II-PREFACELIFT-SUV-01	HIGH	跨越2017改款，改款前外廓。	READY
119943_facelift	119943	SUV	EcoSport II facelift		5	EU-FORD-ECOSPORT-II-FACELIFT-SUV-01	HIGH	跨越2017改款，改款后外廓。	READY
39840_prefl	39840	SUV	EcoSport II pre-facelift		5	EU-FORD-ECOSPORT-II-PREFACELIFT-SUV-01	HIGH	跨越2017改款，改款前外廓。	READY
39840_facelift	39840	SUV	EcoSport II facelift		5	EU-FORD-ECOSPORT-II-FACELIFT-SUV-01	HIGH	跨越2017改款，改款后外廓。	READY
15373	15373	Hatchback	Escort Mk VI Classic		5	EU-FORD-ESCORT-CLASSIC-HATCHBACK-01	HIGH	五门Classic掀背车身。	READY
15372	15372	Hatchback	Escort Mk VI Classic		5	EU-FORD-ESCORT-CLASSIC-HATCHBACK-01	HIGH	五门Classic掀背车身。	READY
15374	15374	Wagon	Escort Mk VI Classic	ANL	5	EU-FORD-ESCORT-CLASSIC-WAGON-01	HIGH	Classic Turnier五门旅行车身。	READY
15375	15375	Wagon	Escort Mk VI Classic	ANL	5	EU-FORD-ESCORT-CLASSIC-WAGON-01	HIGH	Classic Turnier五门旅行车身。	READY
15244	15244	Sedan	Escort Mk I			EU-FORD-ESCORT-MK-I-SEDAN-01	MEDIUM	输入未区分两门或四门；使用标准轿车外廓。	READY
15245	15245	Sedan	Escort Mk I			EU-FORD-ESCORT-MK-I-SEDAN-01	MEDIUM	输入未区分两门或四门；使用标准轿车外廓。	READY
125814	125814	Sedan	Escort Mk II	ATH		EU-FORD-ESCORT-MK-II-SEDAN-01	HIGH	ATH轿车；两门与四门共用外廓，输入未区分门数。	READY
15252	15252	Wagon	Escort Mk II		3	EU-FORD-ESCORT-MK-II-WAGON-01	HIGH	三门Turnier旅行车身。	READY
15253	15253	Wagon	Escort Mk II		3	EU-FORD-ESCORT-MK-II-WAGON-01	HIGH	三门Turnier旅行车身。	READY
14954	14954	Wagon	Escort Mk II		3	EU-FORD-ESCORT-MK-II-WAGON-01	HIGH	三门Turnier旅行车身。	READY
10223	10223	Hatchback	Escort Mk III	GAA		EU-FORD-ESCORT-MK-III-HATCHBACK-01	HIGH	GAA标准掀背车身；输入未区分门数。	READY
14953	14953	Hatchback	Escort Mk III	GAA	3	EU-FORD-ESCORT-MK-III-RS-HATCHBACK-01	HIGH	RS 1600i三门外廓。	READY
6050	6050	Hatchback	Escort Mk IV			EU-FORD-ESCORT-MK-IV-HATCHBACK-01	MEDIUM	标准三门与五门掀背外廓一致；输入未区分门数。	READY
11031	11031	Van	Escort IV	AVF	3	EU-FORD-ESCORT-IV-EXPRESS-VAN-01	HIGH		READY
11035	11035	Van	Escort IV	AVF	3	EU-FORD-ESCORT-IV-EXPRESS-VAN-01	HIGH		READY
11032	11032	Van	Escort IV	AVF	3	EU-FORD-ESCORT-IV-EXPRESS-VAN-01	HIGH		READY
15255_3dr	15255	Wagon	Escort IV		3	EU-FORD-ESCORT-IV-WAGON-3D-01	MEDIUM	同一 Ktype 覆盖三门/五门旅行车，按门数拆分。	READY
15255_5dr	15255	Wagon	Escort IV		5	EU-FORD-ESCORT-IV-WAGON-5D-01	MEDIUM	同一 Ktype 覆盖三门/五门旅行车，按门数拆分。	READY
12422	12422	Sedan	Escort V facelift (Mk Vb)	GAL	4	EU-FORD-ESCORT-V-FACELIFT-SEDAN-01	HIGH		READY
12435	12435	Sedan	Escort V facelift (Mk Vb)	GAL	4	EU-FORD-ESCORT-V-FACELIFT-SEDAN-01	HIGH		READY
10426	10426	Sedan	Escort V facelift (Mk Vb)	GAL	4	EU-FORD-ESCORT-V-FACELIFT-SEDAN-01	HIGH		READY
14271	14271	Sedan	Escort V facelift (Mk Vb)	GAL	4	EU-FORD-ESCORT-V-FACELIFT-SEDAN-01	HIGH		READY
12381	12381	Sedan	Escort V facelift (Mk Vb)	GAL	4	EU-FORD-ESCORT-V-FACELIFT-SEDAN-01	HIGH		READY
12438	12438	Sedan	Escort V facelift (Mk Vb)	GAL	4	EU-FORD-ESCORT-V-FACELIFT-SEDAN-01	HIGH		READY
1963	1963	Wagon	Escort V facelift (Mk Vb)	GAL	5	EU-FORD-ESCORT-V-FACELIFT-WAGON-01	HIGH		READY
1964	1964	Wagon	Escort V facelift (Mk Vb)	GAL	5	EU-FORD-ESCORT-V-FACELIFT-WAGON-01	HIGH		READY
1962	1962	Wagon	Escort V facelift (Mk Vb)	GAL	5	EU-FORD-ESCORT-V-FACELIFT-WAGON-01	HIGH		READY
12433	12433	Sedan	Escort VI (Mk VI)		4	EU-FORD-ESCORT-VI-SEDAN-01	HIGH		READY
117953_3dr	117953	Hatchback	Escort VI (Mk VI)		3	EU-FORD-ESCORT-VI-HATCHBACK-3D-01	MEDIUM	同一 Ktype 覆盖三门/五门外廓，按门数拆分。	READY
117953_5dr	117953	Hatchback	Escort VI (Mk VI)		5	EU-FORD-ESCORT-VI-HATCHBACK-5D-01	MEDIUM	同一 Ktype 覆盖三门/五门外廓，按门数拆分。	READY
10427	10427	Sedan	Escort VI (Mk VI)		4	EU-FORD-ESCORT-VI-SEDAN-01	HIGH		READY
12441_3dr	12441	Hatchback	Escort VI (Mk VI)		3	EU-FORD-ESCORT-VI-HATCHBACK-3D-01	MEDIUM	同一 Ktype 覆盖三门/五门外廓，按门数拆分。	READY
12441_5dr	12441	Hatchback	Escort VI (Mk VI)		5	EU-FORD-ESCORT-VI-HATCHBACK-5D-01	MEDIUM	同一 Ktype 覆盖三门/五门外廓，按门数拆分。	READY
12445	12445	Sedan	Escort VI (Mk VI)		4	EU-FORD-ESCORT-VI-SEDAN-01	HIGH		READY
12382_3dr	12382	Hatchback	Escort VI (Mk VI)		3	EU-FORD-ESCORT-VI-HATCHBACK-3D-01	MEDIUM	同一 Ktype 覆盖三门/五门外廓，按门数拆分。	READY
12382_5dr	12382	Hatchback	Escort VI (Mk VI)		5	EU-FORD-ESCORT-VI-HATCHBACK-5D-01	MEDIUM	同一 Ktype 覆盖三门/五门外廓，按门数拆分。	READY
12384	12384	Sedan	Escort VI (Mk VI)		4	EU-FORD-ESCORT-VI-SEDAN-01	HIGH		READY
15258	15258	Convertible	Escort VI (Mk VI)		2	EU-FORD-ESCORT-VI-CONVERTIBLE-01	HIGH		READY
15259	15259	Convertible	Escort VI (Mk VI)		2	EU-FORD-ESCORT-VI-CONVERTIBLE-01	HIGH		READY
14270_3dr	14270	Hatchback	Escort VI (Mk VI)		3	EU-FORD-ESCORT-VI-HATCHBACK-3D-01	MEDIUM	同一 Ktype 覆盖三门/五门外廓，按门数拆分。	READY
14270_5dr	14270	Hatchback	Escort VI (Mk VI)		5	EU-FORD-ESCORT-VI-HATCHBACK-5D-01	MEDIUM	同一 Ktype 覆盖三门/五门外廓，按门数拆分。	READY
14272	14272	Sedan	Escort VI (Mk VI)		4	EU-FORD-ESCORT-VI-SEDAN-01	HIGH		READY
11225	11225	Sedan	Escort VI (Mk VI)		4	EU-FORD-ESCORT-VI-SEDAN-01	HIGH		READY
7809	7809	Convertible	Escort VI (Mk VI)		2	EU-FORD-ESCORT-VI-CONVERTIBLE-01	HIGH		READY
14263	14263	Hatchback	Escort VI (Mk VI)		3	EU-FORD-ESCORT-VI-HATCHBACK-RS2000-3D-01	HIGH	RS 2000 仅三门，性能版高度独立。	READY
11224	11224	Van	Escort VI (Mk VI)	AVL	5	EU-FORD-ESCORT-VI-WAGON-01	HIGH		READY
11226	11226	Wagon	Escort VI (Mk VI)		5	EU-FORD-ESCORT-VI-WAGON-01	HIGH		READY
12446	12446	Wagon	Escort VI (Mk VI)		5	EU-FORD-ESCORT-VI-WAGON-01	HIGH		READY
12383	12383	Wagon	Escort VI (Mk VI)		5	EU-FORD-ESCORT-VI-WAGON-01	HIGH		READY
15260	15260	Wagon	Escort VI (Mk VI)		5	EU-FORD-ESCORT-VI-WAGON-01	HIGH		READY
11022	11022	Van	Fiesta III	FVD	3	EU-FORD-FIESTA-III-VAN-3D-01	MEDIUM	FVD 三门掀背式厢式车。	READY
11023	11023	Van	Fiesta IV		3	EU-FORD-FIESTA-IV-VAN-3D-01	HIGH		READY
18316	18316	Van	Fiesta IV		3	EU-FORD-FIESTA-IV-VAN-3D-01	HIGH		READY
18816	18816	Hatchback	Fiesta II		3	EU-FORD-FIESTA-II-HATCHBACK-3D-01	HIGH		READY
1960	1960	Hatchback	Fiesta II		3	EU-FORD-FIESTA-II-HATCHBACK-XR2-3D-01	HIGH	XR2 宽体外部套件。	READY
8860_3dr	8860	Hatchback	Fiesta III facelift	GFJ	3	EU-FORD-FIESTA-III-FACELIFT-HATCHBACK-3D-01	MEDIUM	同一 Ktype 覆盖三门和五门，按门数拆分。	READY
8860_5dr	8860	Hatchback	Fiesta III facelift	GFJ	5	EU-FORD-FIESTA-III-FACELIFT-HATCHBACK-5D-01	MEDIUM	同一 Ktype 覆盖三门和五门，按门数拆分。	READY
5736_3dr	5736	Hatchback	Fiesta IV		3	EU-FORD-FIESTA-IV-HATCHBACK-3D-01	MEDIUM	同一 Ktype 覆盖三门和五门，按门数拆分。	READY
5736_5dr	5736	Hatchback	Fiesta IV		5	EU-FORD-FIESTA-IV-HATCHBACK-5D-01	MEDIUM	同一 Ktype 覆盖三门和五门，按门数拆分。	READY
13657	13657	Hatchback	Fiesta IV		3	EU-FORD-FIESTA-IV-HATCHBACK-SPORT-3D-01	HIGH	Sport 三门外部套件。	READY
14813_3dr	14813	Hatchback	Fiesta IV		3	EU-FORD-FIESTA-IV-HATCHBACK-3D-01	MEDIUM	同一 Ktype 覆盖三门和五门，按门数拆分。	READY
14813_5dr	14813	Hatchback	Fiesta IV		5	EU-FORD-FIESTA-IV-HATCHBACK-5D-01	MEDIUM	同一 Ktype 覆盖三门和五门，按门数拆分。	READY
17702_3dr	17702	Hatchback	Fiesta V		3	EU-FORD-FIESTA-V-HATCHBACK-3D-01	MEDIUM	同一 Ktype 覆盖三门和五门，按门数拆分。	READY
17702_5dr	17702	Hatchback	Fiesta V		5	EU-FORD-FIESTA-V-HATCHBACK-5D-01	MEDIUM	同一 Ktype 覆盖三门和五门，按门数拆分。	READY
17703_3dr	17703	Hatchback	Fiesta V		3	EU-FORD-FIESTA-V-HATCHBACK-3D-01	MEDIUM	同一 Ktype 覆盖三门和五门，按门数拆分。	READY
17703_5dr	17703	Hatchback	Fiesta V		5	EU-FORD-FIESTA-V-HATCHBACK-5D-01	MEDIUM	同一 Ktype 覆盖三门和五门，按门数拆分。	READY
16085_3dr	16085	Hatchback	Fiesta V		3	EU-FORD-FIESTA-V-HATCHBACK-3D-01	MEDIUM	同一 Ktype 覆盖三门和五门，按门数拆分。	READY
16085_5dr	16085	Hatchback	Fiesta V		5	EU-FORD-FIESTA-V-HATCHBACK-5D-01	MEDIUM	同一 Ktype 覆盖三门和五门，按门数拆分。	READY
16102_3dr	16102	Hatchback	Fiesta V		3	EU-FORD-FIESTA-V-HATCHBACK-3D-01	MEDIUM	同一 Ktype 覆盖三门和五门，按门数拆分。	READY
16102_5dr	16102	Hatchback	Fiesta V		5	EU-FORD-FIESTA-V-HATCHBACK-5D-01	MEDIUM	同一 Ktype 覆盖三门和五门，按门数拆分。	READY
18329_3dr	18329	Hatchback	Fiesta V		3	EU-FORD-FIESTA-V-HATCHBACK-3D-01	MEDIUM	同一 Ktype 覆盖三门和五门，按门数拆分。	READY
18329_5dr	18329	Hatchback	Fiesta V		5	EU-FORD-FIESTA-V-HATCHBACK-5D-01	MEDIUM	同一 Ktype 覆盖三门和五门，按门数拆分。	READY
18499	18499	Hatchback	Fiesta V		3	EU-FORD-FIESTA-V-HATCHBACK-ST-3D-01	HIGH	ST150 三门性能外廓。	READY
115004	115004	Van	Fiesta V		3	EU-FORD-FIESTA-V-VAN-3D-01	HIGH		READY
58966_3dr_facelift	58966	Hatchback	Fiesta VI		3	EU-FORD-FIESTA-VI-HATCHBACK-3D-FACELIFT-01	MEDIUM	同一 Ktype 覆盖三门和五门，按门数拆分。	READY
58966_5dr_facelift	58966	Hatchback	Fiesta VI		5	EU-FORD-FIESTA-VI-HATCHBACK-5D-FACELIFT-01	MEDIUM	同一 Ktype 覆盖三门和五门，按门数拆分。	READY
58970_3dr_facelift	58970	Hatchback	Fiesta VI		3	EU-FORD-FIESTA-VI-HATCHBACK-3D-FACELIFT-01	MEDIUM	同一 Ktype 覆盖三门和五门，按门数拆分。	READY
58970_5dr_facelift	58970	Hatchback	Fiesta VI		5	EU-FORD-FIESTA-VI-HATCHBACK-5D-FACELIFT-01	MEDIUM	同一 Ktype 覆盖三门和五门，按门数拆分。	READY
58967_3dr_facelift	58967	Hatchback	Fiesta VI		3	EU-FORD-FIESTA-VI-HATCHBACK-3D-FACELIFT-01	MEDIUM	同一 Ktype 覆盖三门和五门，按门数拆分。	READY
58967_5dr_facelift	58967	Hatchback	Fiesta VI		5	EU-FORD-FIESTA-VI-HATCHBACK-5D-FACELIFT-01	MEDIUM	同一 Ktype 覆盖三门和五门，按门数拆分。	READY
58968_3dr_facelift	58968	Hatchback	Fiesta VI		3	EU-FORD-FIESTA-VI-HATCHBACK-3D-FACELIFT-01	MEDIUM	同一 Ktype 覆盖三门和五门，按门数拆分。	READY
58968_5dr_facelift	58968	Hatchback	Fiesta VI		5	EU-FORD-FIESTA-VI-HATCHBACK-5D-FACELIFT-01	MEDIUM	同一 Ktype 覆盖三门和五门，按门数拆分。	READY
106349	106349	Hatchback	Fiesta VI		3	EU-FORD-FIESTA-VI-HATCHBACK-SPORT-3D-01	HIGH	Sport 三门外部套件外廓。	READY
58972_3dr_prefl	58972	Hatchback	Fiesta VI		3	EU-FORD-FIESTA-VI-HATCHBACK-3D-PREFL-01	MEDIUM	跨改款且覆盖三门和五门，按改款阶段与门数拆分。	READY
58972_3dr_facelift	58972	Hatchback	Fiesta VI		3	EU-FORD-FIESTA-VI-HATCHBACK-3D-FACELIFT-01	MEDIUM	跨改款且覆盖三门和五门，按改款阶段与门数拆分。	READY
58972_5dr_prefl	58972	Hatchback	Fiesta VI		5	EU-FORD-FIESTA-VI-HATCHBACK-5D-PREFL-01	MEDIUM	跨改款且覆盖三门和五门，按改款阶段与门数拆分。	READY
58972_5dr_facelift	58972	Hatchback	Fiesta VI		5	EU-FORD-FIESTA-VI-HATCHBACK-5D-FACELIFT-01	MEDIUM	跨改款且覆盖三门和五门，按改款阶段与门数拆分。	READY
10105_3dr_prefl	10105	Hatchback	Fiesta VI		3	EU-FORD-FIESTA-VI-HATCHBACK-3D-PREFL-01	MEDIUM	同一 Ktype 覆盖三门和五门，按门数拆分。	READY
10105_5dr_prefl	10105	Hatchback	Fiesta VI		5	EU-FORD-FIESTA-VI-HATCHBACK-5D-PREFL-01	MEDIUM	同一 Ktype 覆盖三门和五门，按门数拆分。	READY
58971_3dr_facelift	58971	Hatchback	Fiesta VI		3	EU-FORD-FIESTA-VI-HATCHBACK-3D-FACELIFT-01	MEDIUM	同一 Ktype 覆盖三门和五门，按门数拆分。	READY
58971_5dr_facelift	58971	Hatchback	Fiesta VI		5	EU-FORD-FIESTA-VI-HATCHBACK-5D-FACELIFT-01	MEDIUM	同一 Ktype 覆盖三门和五门，按门数拆分。	READY
113318_3dr_facelift	113318	Hatchback	Fiesta VI		3	EU-FORD-FIESTA-VI-HATCHBACK-3D-FACELIFT-01	MEDIUM	同一 Ktype 覆盖三门和五门，按门数拆分。	READY
113318_5dr_facelift	113318	Hatchback	Fiesta VI		5	EU-FORD-FIESTA-VI-HATCHBACK-5D-FACELIFT-01	MEDIUM	同一 Ktype 覆盖三门和五门，按门数拆分。	READY
59076	59076	Hatchback	Fiesta VI		3	EU-FORD-FIESTA-VI-HATCHBACK-SPORT-3D-01	HIGH	ST 三门性能外廓。	READY
107028	107028	Hatchback	Fiesta VI		3	EU-FORD-FIESTA-VI-HATCHBACK-SPORT-3D-01	HIGH	ST200 三门性能外廓。	READY
157626_3dr_prefl	157626	Hatchback	Fiesta VI		3	EU-FORD-FIESTA-VI-HATCHBACK-3D-PREFL-01	MEDIUM	跨改款且覆盖三门和五门，按改款阶段与门数拆分。	READY
157626_3dr_facelift	157626	Hatchback	Fiesta VI		3	EU-FORD-FIESTA-VI-HATCHBACK-3D-FACELIFT-01	MEDIUM	跨改款且覆盖三门和五门，按改款阶段与门数拆分。	READY
157626_5dr_prefl	157626	Hatchback	Fiesta VI		5	EU-FORD-FIESTA-VI-HATCHBACK-5D-PREFL-01	MEDIUM	跨改款且覆盖三门和五门，按改款阶段与门数拆分。	READY
157626_5dr_facelift	157626	Hatchback	Fiesta VI		5	EU-FORD-FIESTA-VI-HATCHBACK-5D-FACELIFT-01	MEDIUM	跨改款且覆盖三门和五门，按改款阶段与门数拆分。	READY
10098_3dr_prefl	10098	Hatchback	Fiesta VI		3	EU-FORD-FIESTA-VI-HATCHBACK-3D-PREFL-01	MEDIUM	跨改款且覆盖三门和五门，按改款阶段与门数拆分。	READY
10098_3dr_facelift	10098	Hatchback	Fiesta VI		3	EU-FORD-FIESTA-VI-HATCHBACK-3D-FACELIFT-01	MEDIUM	跨改款且覆盖三门和五门，按改款阶段与门数拆分。	READY
10098_5dr_prefl	10098	Hatchback	Fiesta VI		5	EU-FORD-FIESTA-VI-HATCHBACK-5D-PREFL-01	MEDIUM	跨改款且覆盖三门和五门，按改款阶段与门数拆分。	READY
10098_5dr_facelift	10098	Hatchback	Fiesta VI		5	EU-FORD-FIESTA-VI-HATCHBACK-5D-FACELIFT-01	MEDIUM	跨改款且覆盖三门和五门，按改款阶段与门数拆分。	READY
58969_3dr_facelift	58969	Hatchback	Fiesta VI		3	EU-FORD-FIESTA-VI-HATCHBACK-3D-FACELIFT-01	MEDIUM	同一 Ktype 覆盖三门和五门，按门数拆分。	READY
58969_5dr_facelift	58969	Hatchback	Fiesta VI		5	EU-FORD-FIESTA-VI-HATCHBACK-5D-FACELIFT-01	MEDIUM	同一 Ktype 覆盖三门和五门，按门数拆分。	READY
116223	116223	Van	Fiesta VI		3	EU-FORD-FIESTA-VI-VAN-FACELIFT-3D-01	HIGH		READY
108808	108808	Van	Fiesta VI		3	EU-FORD-FIESTA-VI-VAN-FACELIFT-3D-01	HIGH		READY
108813	108813	Van	Fiesta VI		3	EU-FORD-FIESTA-VI-VAN-FACELIFT-3D-01	HIGH		READY
10198_prefl	10198	Van	Fiesta VI		3	EU-FORD-FIESTA-VI-VAN-PREFL-3D-01	MEDIUM	跨改款且外廓变化，按改款阶段拆分。	READY
10198_facelift	10198	Van	Fiesta VI		3	EU-FORD-FIESTA-VI-VAN-FACELIFT-3D-01	MEDIUM	跨改款且外廓变化，按改款阶段拆分。	READY
59493	59493	Van	Fiesta VI		3	EU-FORD-FIESTA-VI-VAN-FACELIFT-3D-01	HIGH		READY
113319	113319	Van	Fiesta VI		3	EU-FORD-FIESTA-VI-VAN-FACELIFT-3D-01	HIGH		READY
10202_prefl	10202	Van	Fiesta VI		3	EU-FORD-FIESTA-VI-VAN-PREFL-3D-01	MEDIUM	跨改款且外廓变化，按改款阶段拆分。	READY
10202_facelift	10202	Van	Fiesta VI		3	EU-FORD-FIESTA-VI-VAN-FACELIFT-3D-01	MEDIUM	跨改款且外廓变化，按改款阶段拆分。	READY
126554_3dr	126554	Hatchback	Fiesta VII		3	EU-FORD-FIESTA-VII-HATCHBACK-3D-01	MEDIUM	同一 Ktype 覆盖三门/五门外廓，按门数拆分。	READY
126554_5dr	126554	Hatchback	Fiesta VII		5	EU-FORD-FIESTA-VII-HATCHBACK-5D-01	MEDIUM	同一 Ktype 覆盖三门/五门外廓，按门数拆分。	READY
126555_3dr	126555	Hatchback	Fiesta VII		3	EU-FORD-FIESTA-VII-HATCHBACK-3D-01	MEDIUM	同一 Ktype 覆盖三门/五门外廓，按门数拆分。	READY
126555_5dr	126555	Hatchback	Fiesta VII		5	EU-FORD-FIESTA-VII-HATCHBACK-5D-01	MEDIUM	同一 Ktype 覆盖三门/五门外廓，按门数拆分。	READY
127518_3dr	127518	Hatchback	Fiesta VII		3	EU-FORD-FIESTA-VII-HATCHBACK-3D-01	MEDIUM	同一 Ktype 覆盖三门/五门外廓，按门数拆分。	READY
127518_5dr	127518	Hatchback	Fiesta VII		5	EU-FORD-FIESTA-VII-HATCHBACK-5D-01	MEDIUM	同一 Ktype 覆盖三门/五门外廓，按门数拆分。	READY
145869_3dr	145869	Hatchback	Fiesta VII		3	EU-FORD-FIESTA-VII-HATCHBACK-3D-01	MEDIUM	同一 Ktype 覆盖三门/五门外廓，按门数拆分。	READY
145869_5dr	145869	Hatchback	Fiesta VII		5	EU-FORD-FIESTA-VII-HATCHBACK-5D-01	MEDIUM	同一 Ktype 覆盖三门/五门外廓，按门数拆分。	READY
145758	145758	Hatchback	Fiesta VII		5	EU-FORD-FIESTA-VII-HATCHBACK-ACTIVE-5D-01	HIGH		READY
145759	145759	Hatchback	Fiesta VII		5	EU-FORD-FIESTA-VII-HATCHBACK-ACTIVE-5D-01	HIGH		READY
145760	145760	Hatchback	Fiesta VII		5	EU-FORD-FIESTA-VII-HATCHBACK-ACTIVE-5D-01	HIGH		READY
153507_3dr	153507	Hatchback	Fiesta VII		3	EU-FORD-FIESTA-VII-HATCHBACK-3D-01	MEDIUM	同一 Ktype 覆盖三门/五门外廓，按门数拆分。	READY
153507_5dr	153507	Hatchback	Fiesta VII		5	EU-FORD-FIESTA-VII-HATCHBACK-5D-01	MEDIUM	同一 Ktype 覆盖三门/五门外廓，按门数拆分。	READY
143418	143418	Hatchback	Fiesta VII		5	EU-FORD-FIESTA-VII-HATCHBACK-ACTIVE-5D-01	HIGH		READY
143419	143419	Hatchback	Fiesta VII		5	EU-FORD-FIESTA-VII-HATCHBACK-ACTIVE-5D-01	HIGH		READY
126566_3dr	126566	Hatchback	Fiesta VII		3	EU-FORD-FIESTA-VII-HATCHBACK-3D-01	MEDIUM	同一 Ktype 覆盖三门/五门外廓，按门数拆分。	READY
126566_5dr	126566	Hatchback	Fiesta VII		5	EU-FORD-FIESTA-VII-HATCHBACK-5D-01	MEDIUM	同一 Ktype 覆盖三门/五门外廓，按门数拆分。	READY
126567_3dr	126567	Hatchback	Fiesta VII		3	EU-FORD-FIESTA-VII-HATCHBACK-3D-01	MEDIUM	同一 Ktype 覆盖三门/五门外廓，按门数拆分。	READY
126567_5dr	126567	Hatchback	Fiesta VII		5	EU-FORD-FIESTA-VII-HATCHBACK-5D-01	MEDIUM	同一 Ktype 覆盖三门/五门外廓，按门数拆分。	READY
126556_3dr	126556	Hatchback	Fiesta VII		3	EU-FORD-FIESTA-VII-HATCHBACK-3D-01	MEDIUM	同一 Ktype 覆盖三门/五门外廓，按门数拆分。	READY
126556_5dr	126556	Hatchback	Fiesta VII		5	EU-FORD-FIESTA-VII-HATCHBACK-5D-01	MEDIUM	同一 Ktype 覆盖三门/五门外廓，按门数拆分。	READY
126557_3dr	126557	Hatchback	Fiesta VII		3	EU-FORD-FIESTA-VII-HATCHBACK-3D-01	MEDIUM	同一 Ktype 覆盖三门/五门外廓，按门数拆分。	READY
126557_5dr	126557	Hatchback	Fiesta VII		5	EU-FORD-FIESTA-VII-HATCHBACK-5D-01	MEDIUM	同一 Ktype 覆盖三门/五门外廓，按门数拆分。	READY
145769	145769	Hatchback	Fiesta VII		5	EU-FORD-FIESTA-VII-HATCHBACK-ACTIVE-5D-01	HIGH		READY
145771	145771	Hatchback	Fiesta VII		5	EU-FORD-FIESTA-VII-HATCHBACK-ACTIVE-5D-01	HIGH		READY
143270_trend	143270	Van	Fiesta VII		3	EU-FORD-FIESTA-VII-VAN-TREND-3D-01	MEDIUM	同一 Ktype 覆盖 Trend/Sport 外部套件，按外廓拆分。	READY
143270_sport	143270	Van	Fiesta VII		3	EU-FORD-FIESTA-VII-VAN-SPORT-3D-01	MEDIUM	同一 Ktype 覆盖 Trend/Sport 外部套件，按外廓拆分。	READY
154578_trend	154578	Van	Fiesta VII		3	EU-FORD-FIESTA-VII-VAN-TREND-3D-01	MEDIUM	同一 Ktype 覆盖 Trend/Sport 外部套件，按外廓拆分。	READY
154578_sport	154578	Van	Fiesta VII		3	EU-FORD-FIESTA-VII-VAN-SPORT-3D-01	MEDIUM	同一 Ktype 覆盖 Trend/Sport 外部套件，按外廓拆分。	READY
145818_trend	145818	Van	Fiesta VII		3	EU-FORD-FIESTA-VII-VAN-TREND-3D-01	MEDIUM	同一 Ktype 覆盖 Trend/Sport 外部套件，按外廓拆分。	READY
145818_sport	145818	Van	Fiesta VII		3	EU-FORD-FIESTA-VII-VAN-SPORT-3D-01	MEDIUM	同一 Ktype 覆盖 Trend/Sport 外部套件，按外廓拆分。	READY
17745	17745	MPV	Focus C-MAX I	DM2	5	EU-FORD-FOCUS-C-MAX-I-MPV-01	HIGH		READY
17630	17630	MPV	Focus C-MAX I	DM2	5	EU-FORD-FOCUS-C-MAX-I-MPV-01	HIGH		READY
18096	18096	MPV	Focus C-MAX I	DM2	5	EU-FORD-FOCUS-C-MAX-I-MPV-01	HIGH		READY
58566	58566	MPV	Focus C-MAX I	DM2	5	EU-FORD-FOCUS-C-MAX-I-MPV-01	HIGH		READY
18095	18095	MPV	Focus C-MAX I	DM2	5	EU-FORD-FOCUS-C-MAX-I-MPV-01	HIGH		READY
17631	17631	MPV	Focus C-MAX I	DM2	5	EU-FORD-FOCUS-C-MAX-I-MPV-01	HIGH		READY
18501	18501	MPV	Focus C-MAX I	DM2	5	EU-FORD-FOCUS-C-MAX-I-MPV-01	HIGH		READY
18500	18500	MPV	Focus C-MAX I	DM2	5	EU-FORD-FOCUS-C-MAX-I-MPV-01	HIGH		READY
18937	18937	MPV	Focus C-MAX I	DM2	5	EU-FORD-FOCUS-C-MAX-I-MPV-01	HIGH		READY
11893	11893	MPV	Focus C-MAX I	DM2	5	EU-FORD-FOCUS-C-MAX-I-MPV-01	HIGH		READY
17632	17632	MPV	Focus C-MAX I	DM2	5	EU-FORD-FOCUS-C-MAX-I-MPV-01	HIGH		READY
126648_3dr	126648	Hatchback	Focus I	DBW	3	EU-FORD-FOCUS-I-HATCHBACK-3D-01	MEDIUM	同一 Ktype 覆盖 DBW 三门和 DAW 五门，按门数拆分。	READY
126648_5dr	126648	Hatchback	Focus I	DAW	5	EU-FORD-FOCUS-I-HATCHBACK-5D-01	MEDIUM	同一 Ktype 覆盖 DBW 三门和 DAW 五门，按门数拆分。	READY
14485_3dr_prefl	14485	Hatchback	Focus I	DBW	3	EU-FORD-FOCUS-I-HATCHBACK-3D-02	MEDIUM	三门、改款前物理外廓。	READY
14485_3dr_facelift	14485	Hatchback	Focus I	DBW	3	EU-FORD-FOCUS-I-HATCHBACK-3D-FACELIFT-01	MEDIUM	三门、改款后物理外廓。	READY
14485_5dr_prefl	14485	Hatchback	Focus I	DAW	5	EU-FORD-FOCUS-I-HATCHBACK-5D-02	MEDIUM	五门、改款前物理外廓。	READY
14485_5dr_facelift	14485	Hatchback	Focus I	DAW	5	EU-FORD-FOCUS-I-HATCHBACK-5D-FACELIFT-01	MEDIUM	五门、改款后物理外廓。	READY
15810_3dr_prefl	15810	Hatchback	Focus I	DBW	3	EU-FORD-FOCUS-I-HATCHBACK-3D-02	MEDIUM	三门、改款前物理外廓。	READY
15810_3dr_facelift	15810	Hatchback	Focus I	DBW	3	EU-FORD-FOCUS-I-HATCHBACK-3D-FACELIFT-01	MEDIUM	三门、改款后物理外廓。	READY
15810_5dr_prefl	15810	Hatchback	Focus I	DAW	5	EU-FORD-FOCUS-I-HATCHBACK-5D-02	MEDIUM	五门、改款前物理外廓。	READY
15810_5dr_facelift	15810	Hatchback	Focus I	DAW	5	EU-FORD-FOCUS-I-HATCHBACK-5D-FACELIFT-01	MEDIUM	五门、改款后物理外廓。	READY
15811_prefl	15811	Sedan	Focus I	DFW	4	EU-FORD-FOCUS-I-SEDAN-PREFL-01	MEDIUM	四门轿车、改款前物理外廓。	READY
15811_facelift	15811	Sedan	Focus I	DFW	4	EU-FORD-FOCUS-I-SEDAN-FACELIFT-01	MEDIUM	四门轿车、改款后物理外廓。	READY
16967_3dr	16967	Hatchback	Focus I	DBW	3	EU-FORD-FOCUS-I-HATCHBACK-3D-FACELIFT-01	HIGH	三门、改款后物理外廓。	READY
16967_5dr	16967	Hatchback	Focus I	DAW	5	EU-FORD-FOCUS-I-HATCHBACK-5D-FACELIFT-01	HIGH	五门、改款后物理外廓。	READY
16969	16969	Sedan	Focus I	DFW	4	EU-FORD-FOCUS-I-SEDAN-FACELIFT-01	HIGH	四门轿车、改款后物理外廓。	READY
10041_prefl	10041	Sedan	Focus I	DFW	4	EU-FORD-FOCUS-I-SEDAN-PREFL-01	MEDIUM	四门轿车、改款前物理外廓。	READY
10041_facelift	10041	Sedan	Focus I	DFW	4	EU-FORD-FOCUS-I-SEDAN-FACELIFT-01	MEDIUM	四门轿车、改款后物理外廓。	READY
10040_prefl	10040	Sedan	Focus I	DFW	4	EU-FORD-FOCUS-I-SEDAN-PREFL-01	MEDIUM	四门轿车、改款前物理外廓。	READY
10040_facelift	10040	Sedan	Focus I	DFW	4	EU-FORD-FOCUS-I-SEDAN-FACELIFT-01	MEDIUM	四门轿车、改款后物理外廓。	READY
17012	17012	Hatchback	Focus I	DBW	3	EU-FORD-FOCUS-I-HATCHBACK-3D-RS-01	HIGH	RS三门宽体物理外廓。	READY
16631_3dr	16631	Hatchback	Focus I	DBW	3	EU-FORD-FOCUS-I-HATCHBACK-3D-FACELIFT-01	MEDIUM	ST170三门物理外廓。	READY
16631_5dr	16631	Hatchback	Focus I	DAW	5	EU-FORD-FOCUS-I-HATCHBACK-5D-FACELIFT-01	MEDIUM	ST170五门物理外廓。	READY
14486_prefl	14486	Wagon	Focus I	DNW	5	EU-FORD-FOCUS-I-WAGON-PREFL-01	MEDIUM	五门旅行版、改款前物理外廓。	READY
14486_facelift	14486	Wagon	Focus I	DNW	5	EU-FORD-FOCUS-I-WAGON-FACELIFT-01	MEDIUM	五门旅行版、改款后物理外廓。	READY
15812_prefl	15812	Wagon	Focus I	DNW	5	EU-FORD-FOCUS-I-WAGON-PREFL-01	MEDIUM	五门旅行版、改款前物理外廓。	READY
15812_facelift	15812	Wagon	Focus I	DNW	5	EU-FORD-FOCUS-I-WAGON-FACELIFT-01	MEDIUM	五门旅行版、改款后物理外廓。	READY
16970	16970	Wagon	Focus I	DNW	5	EU-FORD-FOCUS-I-WAGON-FACELIFT-01	HIGH	五门旅行版、改款后物理外廓。	READY
10043_prefl	10043	Wagon	Focus I	DNW	5	EU-FORD-FOCUS-I-WAGON-PREFL-01	MEDIUM	五门旅行版、改款前物理外廓。	READY
10043_facelift	10043	Wagon	Focus I	DNW	5	EU-FORD-FOCUS-I-WAGON-FACELIFT-01	MEDIUM	五门旅行版、改款后物理外廓。	READY
10042_prefl	10042	Wagon	Focus I	DNW	5	EU-FORD-FOCUS-I-WAGON-PREFL-01	MEDIUM	五门旅行版、改款前物理外廓。	READY
10042_facelift	10042	Wagon	Focus I	DNW	5	EU-FORD-FOCUS-I-WAGON-FACELIFT-01	MEDIUM	五门旅行版、改款后物理外廓。	READY
16968	16968	Wagon	Focus I	DNW	5	EU-FORD-FOCUS-I-WAGON-FACELIFT-01	HIGH	ST170五门旅行版物理外廓。	READY
18305_3dr_prefl	18305	Hatchback	Focus II	C307	3	EU-FORD-FOCUS-II-HATCHBACK-3D-PREFL-01	MEDIUM	三门、改款前物理外廓。	READY
18305_3dr_facelift	18305	Hatchback	Focus II	C307	3	EU-FORD-FOCUS-II-HATCHBACK-3D-FACELIFT-01	MEDIUM	三门、改款后物理外廓。	READY
18305_5dr_prefl	18305	Hatchback	Focus II	C307	5	EU-FORD-FOCUS-II-HATCHBACK-5D-PREFL-01	MEDIUM	五门、改款前物理外廓。	READY
18305_5dr_facelift	18305	Hatchback	Focus II	C307	5	EU-FORD-FOCUS-II-HATCHBACK-5D-FACELIFT-01	MEDIUM	五门、改款后物理外廓。	READY
18952_prefl	18952	Sedan	Focus II	C307	4	EU-FORD-FOCUS-II-SEDAN-PREFL-01	MEDIUM	四门轿车、改款前物理外廓。	READY
18952_facelift	18952	Sedan	Focus II	C307	4	EU-FORD-FOCUS-II-SEDAN-FACELIFT-01	MEDIUM	四门轿车、改款后物理外廓。	READY
18302_3dr_prefl	18302	Hatchback	Focus II	C307	3	EU-FORD-FOCUS-II-HATCHBACK-3D-PREFL-01	MEDIUM	三门、改款前物理外廓。	READY
18302_3dr_facelift	18302	Hatchback	Focus II	C307	3	EU-FORD-FOCUS-II-HATCHBACK-3D-FACELIFT-01	MEDIUM	三门、改款后物理外廓。	READY
18302_5dr_prefl	18302	Hatchback	Focus II	C307	5	EU-FORD-FOCUS-II-HATCHBACK-5D-PREFL-01	MEDIUM	五门、改款前物理外廓。	READY
18302_5dr_facelift	18302	Hatchback	Focus II	C307	5	EU-FORD-FOCUS-II-HATCHBACK-5D-FACELIFT-01	MEDIUM	五门、改款后物理外廓。	READY
18953_prefl	18953	Sedan	Focus II	C307	4	EU-FORD-FOCUS-II-SEDAN-PREFL-01	MEDIUM	四门轿车、改款前物理外廓。	READY
18953_facelift	18953	Sedan	Focus II	C307	4	EU-FORD-FOCUS-II-SEDAN-FACELIFT-01	MEDIUM	四门轿车、改款后物理外廓。	READY
18304_3dr_prefl	18304	Hatchback	Focus II	C307	3	EU-FORD-FOCUS-II-HATCHBACK-3D-PREFL-01	MEDIUM	三门、改款前物理外廓。	READY
18304_3dr_facelift	18304	Hatchback	Focus II	C307	3	EU-FORD-FOCUS-II-HATCHBACK-3D-FACELIFT-01	MEDIUM	三门、改款后物理外廓。	READY
18304_5dr_prefl	18304	Hatchback	Focus II	C307	5	EU-FORD-FOCUS-II-HATCHBACK-5D-PREFL-01	MEDIUM	五门、改款前物理外廓。	READY
18304_5dr_facelift	18304	Hatchback	Focus II	C307	5	EU-FORD-FOCUS-II-HATCHBACK-5D-FACELIFT-01	MEDIUM	五门、改款后物理外廓。	READY
18955_prefl	18955	Sedan	Focus II	C307	4	EU-FORD-FOCUS-II-SEDAN-PREFL-01	MEDIUM	四门轿车、改款前物理外廓。	READY
18955_facelift	18955	Sedan	Focus II	C307	4	EU-FORD-FOCUS-II-SEDAN-FACELIFT-01	MEDIUM	四门轿车、改款后物理外廓。	READY
10323_3dr_prefl	10323	Hatchback	Focus II	C307	3	EU-FORD-FOCUS-II-HATCHBACK-3D-PREFL-01	MEDIUM	三门、改款前物理外廓。	READY
10323_3dr_facelift	10323	Hatchback	Focus II	C307	3	EU-FORD-FOCUS-II-HATCHBACK-3D-FACELIFT-01	MEDIUM	三门、改款后物理外廓。	READY
10323_5dr_prefl	10323	Hatchback	Focus II	C307	5	EU-FORD-FOCUS-II-HATCHBACK-5D-PREFL-01	MEDIUM	五门、改款前物理外廓。	READY
10323_5dr_facelift	10323	Hatchback	Focus II	C307	5	EU-FORD-FOCUS-II-HATCHBACK-5D-FACELIFT-01	MEDIUM	五门、改款后物理外廓。	READY
18275_prefl	18275	Sedan	Focus II	C307	4	EU-FORD-FOCUS-II-SEDAN-PREFL-01	MEDIUM	四门轿车、改款前物理外廓。	READY
18275_facelift	18275	Sedan	Focus II	C307	4	EU-FORD-FOCUS-II-SEDAN-FACELIFT-01	MEDIUM	四门轿车、改款后物理外廓。	READY
18378_3dr_prefl	18378	Hatchback	Focus II	C307	3	EU-FORD-FOCUS-II-HATCHBACK-3D-PREFL-01	MEDIUM	三门、改款前物理外廓。	READY
18378_3dr_facelift	18378	Hatchback	Focus II	C307	3	EU-FORD-FOCUS-II-HATCHBACK-3D-FACELIFT-01	MEDIUM	三门、改款后物理外廓。	READY
18378_5dr_prefl	18378	Hatchback	Focus II	C307	5	EU-FORD-FOCUS-II-HATCHBACK-5D-PREFL-01	MEDIUM	五门、改款前物理外廓。	READY
18378_5dr_facelift	18378	Hatchback	Focus II	C307	5	EU-FORD-FOCUS-II-HATCHBACK-5D-FACELIFT-01	MEDIUM	五门、改款后物理外廓。	READY
18934_3dr_prefl	18934	Hatchback	Focus II	C307	3	EU-FORD-FOCUS-II-HATCHBACK-3D-PREFL-01	MEDIUM	三门、改款前物理外廓。	READY
18934_3dr_facelift	18934	Hatchback	Focus II	C307	3	EU-FORD-FOCUS-II-HATCHBACK-3D-FACELIFT-01	MEDIUM	三门、改款后物理外廓。	READY
18934_5dr_prefl	18934	Hatchback	Focus II	C307	5	EU-FORD-FOCUS-II-HATCHBACK-5D-PREFL-01	MEDIUM	五门、改款前物理外廓。	READY
18934_5dr_facelift	18934	Hatchback	Focus II	C307	5	EU-FORD-FOCUS-II-HATCHBACK-5D-FACELIFT-01	MEDIUM	五门、改款后物理外廓。	READY
18956_prefl	18956	Sedan	Focus II	C307	4	EU-FORD-FOCUS-II-SEDAN-PREFL-01	MEDIUM	四门轿车、改款前物理外廓。	READY
18956_facelift	18956	Sedan	Focus II	C307	4	EU-FORD-FOCUS-II-SEDAN-FACELIFT-01	MEDIUM	四门轿车、改款后物理外廓。	READY
18957_prefl	18957	Sedan	Focus II	C307	4	EU-FORD-FOCUS-II-SEDAN-PREFL-01	MEDIUM	四门轿车、改款前物理外廓。	READY
18957_facelift	18957	Sedan	Focus II	C307	4	EU-FORD-FOCUS-II-SEDAN-FACELIFT-01	MEDIUM	四门轿车、改款后物理外廓。	READY
18303_3dr_prefl	18303	Hatchback	Focus II	C307	3	EU-FORD-FOCUS-II-HATCHBACK-3D-PREFL-01	MEDIUM	三门、改款前物理外廓。	READY
18303_3dr_facelift	18303	Hatchback	Focus II	C307	3	EU-FORD-FOCUS-II-HATCHBACK-3D-FACELIFT-01	MEDIUM	三门、改款后物理外廓。	READY
18303_5dr_prefl	18303	Hatchback	Focus II	C307	5	EU-FORD-FOCUS-II-HATCHBACK-5D-PREFL-01	MEDIUM	五门、改款前物理外廓。	READY
18303_5dr_facelift	18303	Hatchback	Focus II	C307	5	EU-FORD-FOCUS-II-HATCHBACK-5D-FACELIFT-01	MEDIUM	五门、改款后物理外廓。	READY
18954_prefl	18954	Sedan	Focus II	C307	4	EU-FORD-FOCUS-II-SEDAN-PREFL-01	MEDIUM	四门轿车、改款前物理外廓。	READY
18954_facelift	18954	Sedan	Focus II	C307	4	EU-FORD-FOCUS-II-SEDAN-FACELIFT-01	MEDIUM	四门轿车、改款后物理外廓。	READY
18935_3dr_prefl	18935	Hatchback	Focus II	C307	3	EU-FORD-FOCUS-II-HATCHBACK-3D-PREFL-01	MEDIUM	三门、改款前物理外廓。	READY
18935_3dr_facelift	18935	Hatchback	Focus II	C307	3	EU-FORD-FOCUS-II-HATCHBACK-3D-FACELIFT-01	MEDIUM	三门、改款后物理外廓。	READY
18935_5dr_prefl	18935	Hatchback	Focus II	C307	5	EU-FORD-FOCUS-II-HATCHBACK-5D-PREFL-01	MEDIUM	五门、改款前物理外廓。	READY
18935_5dr_facelift	18935	Hatchback	Focus II	C307	5	EU-FORD-FOCUS-II-HATCHBACK-5D-FACELIFT-01	MEDIUM	五门、改款后物理外廓。	READY
18958_prefl	18958	Sedan	Focus II	C307	4	EU-FORD-FOCUS-II-SEDAN-PREFL-01	MEDIUM	四门轿车、改款前物理外廓。	READY
18958_facelift	18958	Sedan	Focus II	C307	4	EU-FORD-FOCUS-II-SEDAN-FACELIFT-01	MEDIUM	四门轿车、改款后物理外廓。	READY
10324_3dr_prefl	10324	Hatchback	Focus II	C307	3	EU-FORD-FOCUS-II-HATCHBACK-3D-PREFL-01	MEDIUM	三门、改款前物理外廓。	READY
10324_5dr_prefl	10324	Hatchback	Focus II	C307	5	EU-FORD-FOCUS-II-HATCHBACK-5D-PREFL-01	MEDIUM	五门、改款前物理外廓。	READY
18379_3dr_prefl	18379	Hatchback	Focus II	C307	3	EU-FORD-FOCUS-II-HATCHBACK-3D-PREFL-01	MEDIUM	三门、改款前物理外廓。	READY
18379_3dr_facelift	18379	Hatchback	Focus II	C307	3	EU-FORD-FOCUS-II-HATCHBACK-3D-FACELIFT-01	MEDIUM	三门、改款后物理外廓。	READY
18379_5dr_prefl	18379	Hatchback	Focus II	C307	5	EU-FORD-FOCUS-II-HATCHBACK-5D-PREFL-01	MEDIUM	五门、改款前物理外廓。	READY
18379_5dr_facelift	18379	Hatchback	Focus II	C307	5	EU-FORD-FOCUS-II-HATCHBACK-5D-FACELIFT-01	MEDIUM	五门、改款后物理外廓。	READY
18959_prefl	18959	Sedan	Focus II	C307	4	EU-FORD-FOCUS-II-SEDAN-PREFL-01	MEDIUM	四门轿车、改款前物理外廓。	READY
18959_facelift	18959	Sedan	Focus II	C307	4	EU-FORD-FOCUS-II-SEDAN-FACELIFT-01	MEDIUM	四门轿车、改款后物理外廓。	READY
18513_prefl	18513	Wagon	Focus II	C307	5	EU-FORD-FOCUS-II-WAGON-PREFL-01	MEDIUM	五门旅行版、改款前物理外廓。	READY
18513_facelift	18513	Wagon	Focus II	C307	5	EU-FORD-FOCUS-II-WAGON-FACELIFT-01	MEDIUM	五门旅行版、改款后物理外廓。	READY
18514_prefl	18514	Wagon	Focus II	C307	5	EU-FORD-FOCUS-II-WAGON-PREFL-01	MEDIUM	五门旅行版、改款前物理外廓。	READY
18514_facelift	18514	Wagon	Focus II	C307	5	EU-FORD-FOCUS-II-WAGON-FACELIFT-01	MEDIUM	五门旅行版、改款后物理外廓。	READY
18516_prefl	18516	Wagon	Focus II	C307	5	EU-FORD-FOCUS-II-WAGON-PREFL-01	MEDIUM	五门旅行版、改款前物理外廓。	READY
18516_facelift	18516	Wagon	Focus II	C307	5	EU-FORD-FOCUS-II-WAGON-FACELIFT-01	MEDIUM	五门旅行版、改款后物理外廓。	READY
10304_prefl	10304	Wagon	Focus II	C307	5	EU-FORD-FOCUS-II-WAGON-PREFL-01	MEDIUM	五门旅行版、改款前物理外廓。	READY
10304_facelift	10304	Wagon	Focus II	C307	5	EU-FORD-FOCUS-II-WAGON-FACELIFT-01	MEDIUM	五门旅行版、改款后物理外廓。	READY
18517_prefl	18517	Wagon	Focus II	C307	5	EU-FORD-FOCUS-II-WAGON-PREFL-01	MEDIUM	五门旅行版、改款前物理外廓。	READY
18517_facelift	18517	Wagon	Focus II	C307	5	EU-FORD-FOCUS-II-WAGON-FACELIFT-01	MEDIUM	五门旅行版、改款后物理外廓。	READY
18519_prefl	18519	Wagon	Focus II	C307	5	EU-FORD-FOCUS-II-WAGON-PREFL-01	MEDIUM	五门旅行版、改款前物理外廓。	READY
18519_facelift	18519	Wagon	Focus II	C307	5	EU-FORD-FOCUS-II-WAGON-FACELIFT-01	MEDIUM	五门旅行版、改款后物理外廓。	READY
18515_prefl	18515	Wagon	Focus II	C307	5	EU-FORD-FOCUS-II-WAGON-PREFL-01	MEDIUM	五门旅行版、改款前物理外廓。	READY
18515_facelift	18515	Wagon	Focus II	C307	5	EU-FORD-FOCUS-II-WAGON-FACELIFT-01	MEDIUM	五门旅行版、改款后物理外廓。	READY
18936_prefl	18936	Wagon	Focus II	C307	5	EU-FORD-FOCUS-II-WAGON-PREFL-01	MEDIUM	五门旅行版、改款前物理外廓。	READY
18936_facelift	18936	Wagon	Focus II	C307	5	EU-FORD-FOCUS-II-WAGON-FACELIFT-01	MEDIUM	五门旅行版、改款后物理外廓。	READY
10322	10322	Wagon	Focus II	C307	5	EU-FORD-FOCUS-II-WAGON-PREFL-01	HIGH	五门旅行版、改款前物理外廓。	READY
18518_prefl	18518	Wagon	Focus II	C307	5	EU-FORD-FOCUS-II-WAGON-PREFL-01	MEDIUM	五门旅行版、改款前物理外廓。	READY
18518_facelift	18518	Wagon	Focus II	C307	5	EU-FORD-FOCUS-II-WAGON-FACELIFT-01	MEDIUM	五门旅行版、改款后物理外廓。	READY
106504_prefl	106504	Hatchback	Focus III	DYB	5	EU-FORD-FOCUS-III-HATCHBACK-PREFL-01	MEDIUM	五门掀背、改款前物理外廓。	READY
106504_facelift	106504	Hatchback	Focus III	DYB	5	EU-FORD-FOCUS-III-HATCHBACK-FACELIFT-01	MEDIUM	五门掀背、改款后物理外廓。	READY
106505_prefl	106505	Sedan	Focus III	DYB	4	EU-FORD-FOCUS-III-SEDAN-PREFL-01	MEDIUM	四门轿车、改款前物理外廓。	READY
106505_facelift	106505	Sedan	Focus III	DYB	4	EU-FORD-FOCUS-III-SEDAN-FACELIFT-01	MEDIUM	四门轿车、改款后物理外廓。	READY
113328_prefl	113328	Van	Focus III	DYB	5	EU-FORD-FOCUS-III-WAGON-PREFL-01	MEDIUM	五门厢式旅行版、改款前物理外廓。	READY
113328_facelift	113328	Van	Focus III	DYB	5	EU-FORD-FOCUS-III-WAGON-FACELIFT-01	MEDIUM	五门厢式旅行版、改款后物理外廓。	READY
113330_prefl	113330	Van	Focus III	DYB	5	EU-FORD-FOCUS-III-WAGON-PREFL-01	MEDIUM	五门厢式旅行版、改款前物理外廓。	READY
113330_facelift	113330	Van	Focus III	DYB	5	EU-FORD-FOCUS-III-WAGON-FACELIFT-01	MEDIUM	五门厢式旅行版、改款后物理外廓。	READY
121236_prefl	121236	Van	Focus III	DYB	5	EU-FORD-FOCUS-III-HATCHBACK-PREFL-01	MEDIUM	五门厢式掀背版、改款前物理外廓。	READY
121236_facelift	121236	Van	Focus III	DYB	5	EU-FORD-FOCUS-III-HATCHBACK-FACELIFT-01	MEDIUM	五门厢式掀背版、改款后物理外廓。	READY
121237_prefl	121237	Van	Focus III	DYB	5	EU-FORD-FOCUS-III-HATCHBACK-PREFL-01	MEDIUM	五门厢式掀背版、改款前物理外廓。	READY
121237_facelift	121237	Van	Focus III	DYB	5	EU-FORD-FOCUS-III-HATCHBACK-FACELIFT-01	MEDIUM	五门厢式掀背版、改款后物理外廓。	READY
107871	107871	Hatchback	Focus III	DYB	5	EU-FORD-FOCUS-III-HATCHBACK-FACELIFT-01	HIGH	五门掀背、改款后物理外廓。	READY
107872	107872	Hatchback	Focus III	DYB	5	EU-FORD-FOCUS-III-HATCHBACK-FACELIFT-01	HIGH	五门掀背、改款后物理外廓。	READY
108562	108562	Sedan	Focus III	DYB	4	EU-FORD-FOCUS-III-SEDAN-FACELIFT-01	HIGH	四门轿车、改款后物理外廓。	READY
108564	108564	Sedan	Focus III	DYB	4	EU-FORD-FOCUS-III-SEDAN-FACELIFT-01	HIGH	四门轿车、改款后物理外廓。	READY
113332	113332	Van	Focus III	DYB	5	EU-FORD-FOCUS-III-WAGON-FACELIFT-01	HIGH	五门厢式旅行版、改款后物理外廓。	READY
113333	113333	Van	Focus III	DYB	5	EU-FORD-FOCUS-III-WAGON-FACELIFT-01	HIGH	五门厢式旅行版、改款后物理外廓。	READY
121238	121238	Van	Focus III	DYB	5	EU-FORD-FOCUS-III-HATCHBACK-FACELIFT-01	HIGH	五门厢式掀背版、改款后物理外廓。	READY
121239	121239	Van	Focus III	DYB	5	EU-FORD-FOCUS-III-HATCHBACK-FACELIFT-01	HIGH	五门厢式掀背版、改款后物理外廓。	READY
107880	107880	Hatchback	Focus III	DYB	5	EU-FORD-FOCUS-III-HATCHBACK-FACELIFT-01	HIGH	五门掀背、改款后物理外廓。	READY
107885	107885	Hatchback	Focus III	DYB	5	EU-FORD-FOCUS-III-HATCHBACK-FACELIFT-01	HIGH	五门掀背、改款后物理外廓。	READY
108567	108567	Sedan	Focus III	DYB	4	EU-FORD-FOCUS-III-SEDAN-FACELIFT-01	HIGH	四门轿车、改款后物理外廓。	READY
108571	108571	Sedan	Focus III	DYB	4	EU-FORD-FOCUS-III-SEDAN-FACELIFT-01	HIGH	四门轿车、改款后物理外廓。	READY
113336	113336	Van	Focus III	DYB	5	EU-FORD-FOCUS-III-WAGON-FACELIFT-01	HIGH	五门厢式旅行版、改款后物理外廓。	READY
113343	113343	Van	Focus III	DYB	5	EU-FORD-FOCUS-III-WAGON-FACELIFT-01	HIGH	五门厢式旅行版、改款后物理外廓。	READY
121240	121240	Van	Focus III	DYB	5	EU-FORD-FOCUS-III-HATCHBACK-FACELIFT-01	HIGH	五门厢式掀背版、改款后物理外廓。	READY
121242	121242	Van	Focus III	DYB	5	EU-FORD-FOCUS-III-HATCHBACK-FACELIFT-01	HIGH	五门厢式掀背版、改款后物理外廓。	READY
107882	107882	Hatchback	Focus III	DYB	5	EU-FORD-FOCUS-III-HATCHBACK-FACELIFT-01	HIGH	五门掀背、改款后物理外廓。	READY
108570	108570	Sedan	Focus III	DYB	4	EU-FORD-FOCUS-III-SEDAN-FACELIFT-01	HIGH	四门轿车、改款后物理外廓。	READY
8019	8019	Hatchback	Focus III	DYB	5	EU-FORD-FOCUS-III-HATCHBACK-PREFL-01	HIGH	五门掀背、改款前物理外廓。	READY
8022	8022	Hatchback	Focus III	DYB	5	EU-FORD-FOCUS-III-HATCHBACK-PREFL-01	HIGH	五门掀背、改款前物理外廓。	READY
125855	125855	Van	Focus III	DYB	5	EU-FORD-FOCUS-III-HATCHBACK-PREFL-01	HIGH	五门厢式掀背版、改款前物理外廓。	READY
8017_prefl	8017	Hatchback	Focus III	DYB	5	EU-FORD-FOCUS-III-HATCHBACK-PREFL-01	MEDIUM	五门掀背、改款前物理外廓。	READY
8017_facelift	8017	Hatchback	Focus III	DYB	5	EU-FORD-FOCUS-III-HATCHBACK-FACELIFT-01	MEDIUM	五门掀背、改款后物理外廓。	READY
39979_prefl	39979	Sedan	Focus III	DYB	4	EU-FORD-FOCUS-III-SEDAN-PREFL-01	MEDIUM	四门轿车、改款前物理外廓。	READY
39979_facelift	39979	Sedan	Focus III	DYB	4	EU-FORD-FOCUS-III-SEDAN-FACELIFT-01	MEDIUM	四门轿车、改款后物理外廓。	READY
52071_prefl	52071	Hatchback	Focus III	DYB	5	EU-FORD-FOCUS-III-HATCHBACK-PREFL-01	MEDIUM	五门掀背、改款前物理外廓。	READY
52071_facelift	52071	Hatchback	Focus III	DYB	5	EU-FORD-FOCUS-III-HATCHBACK-FACELIFT-01	MEDIUM	五门掀背、改款后物理外廓。	READY
106488_prefl	106488	Hatchback	Focus III	DYB	5	EU-FORD-FOCUS-III-HATCHBACK-PREFL-01	MEDIUM	五门掀背、改款前物理外廓。	READY
106488_facelift	106488	Hatchback	Focus III	DYB	5	EU-FORD-FOCUS-III-HATCHBACK-FACELIFT-01	MEDIUM	五门掀背、改款后物理外廓。	READY
8027_prefl	8027	Hatchback	Focus III	DYB	5	EU-FORD-FOCUS-III-HATCHBACK-PREFL-01	MEDIUM	五门掀背、改款前物理外廓。	READY
8027_facelift	8027	Hatchback	Focus III	DYB	5	EU-FORD-FOCUS-III-HATCHBACK-FACELIFT-01	MEDIUM	五门掀背、改款后物理外廓。	READY
8039_prefl	8039	Hatchback	Focus III	DYB	5	EU-FORD-FOCUS-III-HATCHBACK-PREFL-01	MEDIUM	五门掀背、改款前物理外廓。	READY
8039_facelift	8039	Hatchback	Focus III	DYB	5	EU-FORD-FOCUS-III-HATCHBACK-FACELIFT-01	MEDIUM	五门掀背、改款后物理外廓。	READY
117059_prefl	117059	Sedan	Focus III	DYB	4	EU-FORD-FOCUS-III-SEDAN-PREFL-01	MEDIUM	四门轿车、改款前物理外廓。	READY
117059_facelift	117059	Sedan	Focus III	DYB	4	EU-FORD-FOCUS-III-SEDAN-FACELIFT-01	MEDIUM	四门轿车、改款后物理外廓。	READY
55514_prefl	55514	Hatchback	Focus III	DYB	5	EU-FORD-FOCUS-III-HATCHBACK-PREFL-01	MEDIUM	五门掀背、改款前物理外廓。	READY
55514_facelift	55514	Hatchback	Focus III	DYB	5	EU-FORD-FOCUS-III-HATCHBACK-FACELIFT-01	MEDIUM	五门掀背、改款后物理外廓。	READY
8014_prefl	8014	Hatchback	Focus III	DYB	5	EU-FORD-FOCUS-III-HATCHBACK-PREFL-01	MEDIUM	五门掀背、改款前物理外廓。	READY
8014_facelift	8014	Hatchback	Focus III	DYB	5	EU-FORD-FOCUS-III-HATCHBACK-FACELIFT-01	MEDIUM	五门掀背、改款后物理外廓。	READY
8015_prefl	8015	Hatchback	Focus III	DYB	5	EU-FORD-FOCUS-III-HATCHBACK-PREFL-01	MEDIUM	五门掀背、改款前物理外廓。	READY
8015_facelift	8015	Hatchback	Focus III	DYB	5	EU-FORD-FOCUS-III-HATCHBACK-FACELIFT-01	MEDIUM	五门掀背、改款后物理外廓。	READY
14799_prefl	14799	Hatchback	Focus III	DYB	5	EU-FORD-FOCUS-III-HATCHBACK-PREFL-01	MEDIUM	五门掀背、改款前物理外廓。	READY
14799_facelift	14799	Hatchback	Focus III	DYB	5	EU-FORD-FOCUS-III-HATCHBACK-FACELIFT-01	MEDIUM	五门掀背、改款后物理外廓。	READY
109854_prefl	109854	Hatchback	Focus III	DYB	5	EU-FORD-FOCUS-III-HATCHBACK-PREFL-01	MEDIUM	五门掀背、改款前物理外廓。	READY
109854_facelift	109854	Hatchback	Focus III	DYB	5	EU-FORD-FOCUS-III-HATCHBACK-FACELIFT-01	MEDIUM	五门掀背、改款后物理外廓。	READY
125853_prefl	125853	Van	Focus III	DYB	5	EU-FORD-FOCUS-III-HATCHBACK-PREFL-01	MEDIUM	五门厢式掀背版、改款前物理外廓。	READY
125853_facelift	125853	Van	Focus III	DYB	5	EU-FORD-FOCUS-III-HATCHBACK-FACELIFT-01	MEDIUM	五门厢式掀背版、改款后物理外廓。	READY
57327_prefl	57327	Sedan	Focus III	DYB	4	EU-FORD-FOCUS-III-SEDAN-PREFL-01	MEDIUM	四门轿车、改款前物理外廓。	READY
57327_facelift	57327	Sedan	Focus III	DYB	4	EU-FORD-FOCUS-III-SEDAN-FACELIFT-01	MEDIUM	四门轿车、改款后物理外廓。	READY
55540_prefl	55540	Hatchback	Focus III	DYB	5	EU-FORD-FOCUS-III-HATCHBACK-ST-PREFL-01	MEDIUM	ST五门改款前物理外廓。	READY
55540_facelift	55540	Hatchback	Focus III	DYB	5	EU-FORD-FOCUS-III-HATCHBACK-ST-FACELIFT-01	MEDIUM	ST五门改款后物理外廓。	READY
7997	7997	Sedan	Focus III	DYB	4	EU-FORD-FOCUS-III-SEDAN-PREFL-01	HIGH	四门轿车、改款前物理外廓。	READY
8011	8011	Sedan	Focus III	DYB	4	EU-FORD-FOCUS-III-SEDAN-PREFL-01	HIGH	四门轿车、改款前物理外廓。	READY
8013	8013	Sedan	Focus III	DYB	4	EU-FORD-FOCUS-III-SEDAN-PREFL-01	HIGH	四门轿车、改款前物理外廓。	READY
8041	8041	Hatchback	Focus III	DYB	5	EU-FORD-FOCUS-III-HATCHBACK-PREFL-01	HIGH	五门掀背、改款前物理外廓。	READY
8058	8058	Hatchback	Focus III	DYB	5	EU-FORD-FOCUS-III-HATCHBACK-PREFL-01	HIGH	五门掀背、改款前物理外廓。	READY
8077	8077	Hatchback	Focus III	DYB	5	EU-FORD-FOCUS-III-HATCHBACK-PREFL-01	HIGH	五门掀背、改款前物理外廓。	READY
11892	11892	Hatchback	Focus III	DYB	5	EU-FORD-FOCUS-III-HATCHBACK-PREFL-01	HIGH	五门掀背、改款前物理外廓。	READY
108572	108572	Sedan	Focus III	DYB	4	EU-FORD-FOCUS-III-SEDAN-FACELIFT-01	HIGH	四门轿车、改款后物理外廓。	READY
108574	108574	Hatchback	Focus III	DYB	5	EU-FORD-FOCUS-III-HATCHBACK-FACELIFT-01	HIGH	五门掀背、改款后物理外廓。	READY
113344	113344	Van	Focus III	DYB	5	EU-FORD-FOCUS-III-WAGON-FACELIFT-01	HIGH	五门厢式旅行版、改款后物理外廓。	READY
121243	121243	Van	Focus III	DYB	5	EU-FORD-FOCUS-III-HATCHBACK-FACELIFT-01	HIGH	五门厢式掀背版、改款后物理外廓。	READY
125852	125852	Van	Focus III	DYB	5	EU-FORD-FOCUS-III-HATCHBACK-PREFL-01	HIGH	五门厢式掀背版、改款前物理外廓。	READY
108575	108575	Hatchback	Focus III	DYB	5	EU-FORD-FOCUS-III-HATCHBACK-ST-FACELIFT-01	HIGH	ST五门改款后物理外廓。	READY
57326_prefl	57326	Hatchback	Focus III	DYB	5	EU-FORD-FOCUS-III-HATCHBACK-PREFL-01	MEDIUM	五门掀背、改款前物理外廓。	READY
57326_facelift	57326	Hatchback	Focus III	DYB	5	EU-FORD-FOCUS-III-HATCHBACK-FACELIFT-01	MEDIUM	五门掀背、改款后物理外廓。	READY
117983	117983	Hatchback	Focus III		5	EU-FORD-FOCUS-III-HATCHBACK-RS-FACELIFT-01	HIGH	RS专属外廓。	READY
100022	100022	Hatchback	Focus III		5	EU-FORD-FOCUS-III-HATCHBACK-ELECTRIC-01	HIGH	Electric专属外廓。	READY
107886	107886	Wagon	Focus III		5	EU-FORD-FOCUS-III-WAGON-FACELIFT-01	HIGH		READY
107888	107888	Wagon	Focus III		5	EU-FORD-FOCUS-III-WAGON-FACELIFT-01	HIGH		READY
107889	107889	Wagon	Focus III		5	EU-FORD-FOCUS-III-WAGON-FACELIFT-01	HIGH		READY
107892	107892	Wagon	Focus III		5	EU-FORD-FOCUS-III-WAGON-FACELIFT-01	HIGH		READY
107891	107891	Wagon	Focus III		5	EU-FORD-FOCUS-III-WAGON-FACELIFT-01	HIGH		READY
8151	8151	Wagon	Focus III		5	EU-FORD-FOCUS-III-WAGON-PREFL-01	HIGH		READY
8165	8165	Wagon	Focus III		5	EU-FORD-FOCUS-III-WAGON-PREFL-01	HIGH		READY
8150_prefl	8150	Wagon	Focus III		5	EU-FORD-FOCUS-III-WAGON-PREFL-01	HIGH	Ktype跨改款，按外廓拆分。	READY
8150_facelift	8150	Wagon	Focus III		5	EU-FORD-FOCUS-III-WAGON-FACELIFT-01	HIGH	Ktype跨改款，按外廓拆分。	READY
39963_prefl	39963	Wagon	Focus III		5	EU-FORD-FOCUS-III-WAGON-PREFL-01	HIGH	Ktype跨改款，按外廓拆分。	READY
39963_facelift	39963	Wagon	Focus III		5	EU-FORD-FOCUS-III-WAGON-FACELIFT-01	HIGH	Ktype跨改款，按外廓拆分。	READY
106487_prefl	106487	Wagon	Focus III		5	EU-FORD-FOCUS-III-WAGON-PREFL-01	HIGH	Ktype跨改款，按外廓拆分。	READY
106487_facelift	106487	Wagon	Focus III		5	EU-FORD-FOCUS-III-WAGON-FACELIFT-01	HIGH	Ktype跨改款，按外廓拆分。	READY
8170_prefl	8170	Wagon	Focus III		5	EU-FORD-FOCUS-III-WAGON-PREFL-01	HIGH	Ktype跨改款，按外廓拆分。	READY
8170_facelift	8170	Wagon	Focus III		5	EU-FORD-FOCUS-III-WAGON-FACELIFT-01	HIGH	Ktype跨改款，按外廓拆分。	READY
8175_prefl	8175	Wagon	Focus III		5	EU-FORD-FOCUS-III-WAGON-PREFL-01	HIGH	Ktype跨改款，按外廓拆分。	READY
8175_facelift	8175	Wagon	Focus III		5	EU-FORD-FOCUS-III-WAGON-FACELIFT-01	HIGH	Ktype跨改款，按外廓拆分。	READY
55511_prefl	55511	Wagon	Focus III		5	EU-FORD-FOCUS-III-WAGON-PREFL-01	HIGH	Ktype跨改款，按外廓拆分。	READY
55511_facelift	55511	Wagon	Focus III		5	EU-FORD-FOCUS-III-WAGON-FACELIFT-01	HIGH	Ktype跨改款，按外廓拆分。	READY
8096_prefl	8096	Wagon	Focus III		5	EU-FORD-FOCUS-III-WAGON-PREFL-01	HIGH	Ktype跨改款，按外廓拆分。	READY
8096_facelift	8096	Wagon	Focus III		5	EU-FORD-FOCUS-III-WAGON-FACELIFT-01	HIGH	Ktype跨改款，按外廓拆分。	READY
8111_prefl	8111	Wagon	Focus III		5	EU-FORD-FOCUS-III-WAGON-PREFL-01	HIGH	Ktype跨改款，按外廓拆分。	READY
8111_facelift	8111	Wagon	Focus III		5	EU-FORD-FOCUS-III-WAGON-FACELIFT-01	HIGH	Ktype跨改款，按外廓拆分。	READY
109855_prefl	109855	Wagon	Focus III		5	EU-FORD-FOCUS-III-WAGON-PREFL-01	HIGH	Ktype跨改款，按外廓拆分。	READY
109855_facelift	109855	Wagon	Focus III		5	EU-FORD-FOCUS-III-WAGON-FACELIFT-01	HIGH	Ktype跨改款，按外廓拆分。	READY
55485_prefl	55485	Wagon	Focus III		5	EU-FORD-FOCUS-III-WAGON-ST-PREFL-01	HIGH	Ktype跨改款，ST外廓拆分。	READY
55485_facelift	55485	Wagon	Focus III		5	EU-FORD-FOCUS-III-WAGON-ST-FACELIFT-01	HIGH	Ktype跨改款，ST外廓拆分。	READY
108576	108576	Wagon	Focus III		5	EU-FORD-FOCUS-III-WAGON-FACELIFT-01	HIGH		READY
108577	108577	Wagon	Focus III		5	EU-FORD-FOCUS-III-WAGON-ST-FACELIFT-01	HIGH	ST专属外廓。	READY
51968_prefl	51968	Wagon	Focus III		5	EU-FORD-FOCUS-III-WAGON-PREFL-01	HIGH	Ktype跨改款，按外廓拆分。	READY
51968_facelift	51968	Wagon	Focus III		5	EU-FORD-FOCUS-III-WAGON-FACELIFT-01	HIGH	Ktype跨改款，按外廓拆分。	READY
143421_prefl	143421	Hatchback	Focus IV		5	EU-FORD-FOCUS-IV-HATCHBACK-ACTIVE-PREFL-01	MEDIUM	Ktype跨改款，Active外廓拆分。	READY
143421_facelift	143421	Hatchback	Focus IV		5	EU-FORD-FOCUS-IV-HATCHBACK-ACTIVE-FACELIFT-01	MEDIUM	Ktype跨改款，Active外廓拆分。	READY
153469	153469	Hatchback	Focus IV		5	EU-FORD-FOCUS-IV-HATCHBACK-FACELIFT-01	HIGH		READY
151776	151776	Hatchback	Focus IV		5	EU-FORD-FOCUS-IV-HATCHBACK-FACELIFT-01	HIGH		READY
158634	158634	Sedan	Focus IV		4	EU-FORD-FOCUS-IV-SEDAN-FACELIFT-01	HIGH		READY
153471	153471	Wagon	Focus IV		5	EU-FORD-FOCUS-IV-WAGON-FACELIFT-01	HIGH		READY
151777	151777	Wagon	Focus IV		5	EU-FORD-FOCUS-IV-WAGON-FACELIFT-01	HIGH		READY
18692_prefl	18692	MPV	Fusion I	JU2	5	EU-FORD-FUSION-I-MPV-PREFL-01	HIGH	Ktype跨改款，按外廓拆分。	READY
18692_facelift	18692	MPV	Fusion I	JU2	5	EU-FORD-FUSION-I-MPV-FACELIFT-01	HIGH	Ktype跨改款，按外廓拆分。	READY
16624_prefl	16624	MPV	Fusion I	JU2	5	EU-FORD-FUSION-I-MPV-PREFL-01	HIGH	Ktype跨改款，按外廓拆分。	READY
16624_facelift	16624	MPV	Fusion I	JU2	5	EU-FORD-FUSION-I-MPV-FACELIFT-01	HIGH	Ktype跨改款，按外廓拆分。	READY
16625_prefl	16625	MPV	Fusion I	JU2	5	EU-FORD-FUSION-I-MPV-PREFL-01	HIGH	Ktype跨改款，按外廓拆分。	READY
16625_facelift	16625	MPV	Fusion I	JU2	5	EU-FORD-FUSION-I-MPV-FACELIFT-01	HIGH	Ktype跨改款，按外廓拆分。	READY
56585	56585	MPV	Fusion I	JU2	5	EU-FORD-FUSION-I-MPV-FACELIFT-01	HIGH		READY
16626_prefl	16626	MPV	Fusion I	JU2	5	EU-FORD-FUSION-I-MPV-PREFL-01	HIGH	Ktype跨改款，按外廓拆分。	READY
16626_facelift	16626	MPV	Fusion I	JU2	5	EU-FORD-FUSION-I-MPV-FACELIFT-01	HIGH	Ktype跨改款，按外廓拆分。	READY
18330_prefl	18330	MPV	Fusion I	JU2	5	EU-FORD-FUSION-I-MPV-PREFL-01	HIGH	Ktype跨改款，按外廓拆分。	READY
18330_facelift	18330	MPV	Fusion I	JU2	5	EU-FORD-FUSION-I-MPV-FACELIFT-01	HIGH	Ktype跨改款，按外廓拆分。	READY
8835	8835	MPV	Galaxy I	WGR	5	EU-FORD-GALAXY-I-MPV-PREFL-01	HIGH		READY
14797	14797	MPV	Galaxy I	WGR	5	EU-FORD-GALAXY-I-MPV-FACELIFT-01	HIGH		READY
17611	17611	MPV	Galaxy I	WGR	5	EU-FORD-GALAXY-I-MPV-FACELIFT-01	HIGH		READY
18755	18755	MPV	Galaxy I	WGR	5	EU-FORD-GALAXY-I-MPV-FACELIFT-01	HIGH		READY
7812_prefl	7812	MPV	Galaxy I	WGR	5	EU-FORD-GALAXY-I-MPV-PREFL-01	HIGH	Ktype跨改款，按外廓拆分。	READY
7812_facelift	7812	MPV	Galaxy I	WGR	5	EU-FORD-GALAXY-I-MPV-FACELIFT-01	HIGH	Ktype跨改款，按外廓拆分。	READY
17307	17307	MPV	Galaxy I	WGR	5	EU-FORD-GALAXY-I-MPV-FACELIFT-01	HIGH		READY
14796	14796	MPV	Galaxy I	WGR	5	EU-FORD-GALAXY-I-MPV-FACELIFT-01	HIGH		READY
59494	59494	MPV	Galaxy II	WA6	5	EU-FORD-GALAXY-II-MPV-FACELIFT-01	HIGH		READY
112237	112237	MPV	Galaxy III	CK	5	EU-FORD-GALAXY-III-MPV-01	HIGH		READY
112239	112239	MPV	Galaxy III	CK	5	EU-FORD-GALAXY-III-MPV-01	HIGH		READY
112242	112242	MPV	Galaxy III	CK	5	EU-FORD-GALAXY-III-MPV-01	HIGH		READY
112243	112243	MPV	Galaxy III	CK	5	EU-FORD-GALAXY-III-MPV-01	HIGH		READY
112245	112245	MPV	Galaxy III	CK	5	EU-FORD-GALAXY-III-MPV-01	HIGH		READY
115107	115107	MPV	Galaxy III	CK	5	EU-FORD-GALAXY-III-MPV-01	HIGH		READY
115110	115110	MPV	Galaxy III	CK	5	EU-FORD-GALAXY-III-MPV-01	HIGH		READY
112247	112247	MPV	Galaxy III	CK	5	EU-FORD-GALAXY-III-MPV-01	HIGH		READY
145520	145520	MPV	Galaxy III	CK	5	EU-FORD-GALAXY-III-MPV-01	HIGH		READY
142751_prefl	142751	Van	Galaxy I	WGR	5	EU-FORD-GALAXY-I-MPV-PREFL-01	HIGH	Ktype跨改款，按外廓拆分。	READY
142751_facelift	142751	Van	Galaxy I	WGR	5	EU-FORD-GALAXY-I-MPV-FACELIFT-01	HIGH	Ktype跨改款，按外廓拆分。	READY
142755	142755	Van	Galaxy I	WGR	5	EU-FORD-GALAXY-I-MPV-FACELIFT-01	HIGH		READY
142756	142756	Van	Galaxy I	WGR	5	EU-FORD-GALAXY-I-MPV-FACELIFT-01	HIGH		READY
142760_prefl	142760	Van	Galaxy I	WGR	5	EU-FORD-GALAXY-I-MPV-PREFL-01	HIGH	Ktype跨改款，按外廓拆分。	READY
142760_facelift	142760	Van	Galaxy I	WGR	5	EU-FORD-GALAXY-I-MPV-FACELIFT-01	HIGH	Ktype跨改款，按外廓拆分。	READY
142761	142761	Van	Galaxy I	WGR	5	EU-FORD-GALAXY-I-MPV-FACELIFT-01	HIGH		READY
142762_prefl	142762	Van	Galaxy I	WGR	5	EU-FORD-GALAXY-I-MPV-PREFL-01	HIGH	Ktype跨改款，按外廓拆分。	READY
142762_facelift	142762	Van	Galaxy I	WGR	5	EU-FORD-GALAXY-I-MPV-FACELIFT-01	HIGH	Ktype跨改款，按外廓拆分。	READY
142763	142763	Van	Galaxy I	WGR	5	EU-FORD-GALAXY-I-MPV-FACELIFT-01	HIGH		READY
142738_prefl	142738	Van	Galaxy II	WA6	5	EU-FORD-GALAXY-II-MPV-PREFL-01	HIGH	Ktype跨改款，按外廓拆分。	READY
142738_facelift	142738	Van	Galaxy II	WA6	5	EU-FORD-GALAXY-II-MPV-FACELIFT-01	HIGH	Ktype跨改款，按外廓拆分。	READY
142744	142744	Van	Galaxy II	WA6	5	EU-FORD-GALAXY-II-MPV-FACELIFT-01	HIGH		READY
142746_prefl	142746	Van	Galaxy II	WA6	5	EU-FORD-GALAXY-II-MPV-PREFL-01	HIGH	Ktype跨改款，按外廓拆分。	READY
142746_facelift	142746	Van	Galaxy II	WA6	5	EU-FORD-GALAXY-II-MPV-FACELIFT-01	HIGH	Ktype跨改款，按外廓拆分。	READY
142748_prefl	142748	Van	Galaxy II	WA6	5	EU-FORD-GALAXY-II-MPV-PREFL-01	HIGH	Ktype跨改款，按外廓拆分。	READY
142748_facelift	142748	Van	Galaxy II	WA6	5	EU-FORD-GALAXY-II-MPV-FACELIFT-01	HIGH	Ktype跨改款，按外廓拆分。	READY
142750	142750	Van	Galaxy II	WA6	5	EU-FORD-GALAXY-II-MPV-FACELIFT-01	HIGH		READY
11165	11165	Sedan	Granada II	GU	4	EU-FORD-GRANADA-II-SEDAN-FACELIFT-01	HIGH		READY
11560_prefl	11560	Sedan	Granada I	GGFL	4	EU-FORD-GRANADA-I-SEDAN-PREFL-01	MEDIUM	Ktype跨1975年外观修订，按外廓拆分。	READY
11560_facelift	11560	Sedan	Granada I	GGFL	4	EU-FORD-GRANADA-I-SEDAN-FACELIFT-01	MEDIUM	Ktype跨1975年外观修订，按外廓拆分。	READY
11561_prefl	11561	Wagon	Granada I	GGNL	5	EU-FORD-GRANADA-I-WAGON-PREFL-01	MEDIUM	Ktype跨1975年外观修订，按外廓拆分。	READY
11561_facelift	11561	Wagon	Granada I	GGNL	5	EU-FORD-GRANADA-I-WAGON-FACELIFT-01	MEDIUM	Ktype跨1975年外观修订，按外廓拆分。	READY
14968	14968	Sedan	Granada I	GGFL	4	EU-FORD-GRANADA-I-SEDAN-PREFL-01	MEDIUM		READY
14969	14969	Wagon	Granada I	GGNL	5	EU-FORD-GRANADA-I-WAGON-PREFL-01	MEDIUM		READY
14970_early	14970	Coupe	Granada I	GGCL	2	EU-FORD-GRANADA-I-COUPE-EARLY-01	MEDIUM	Ktype跨1974年Coupe车身修订，按外廓拆分。	READY
14970_series2	14970	Coupe	Granada I	GGCL	2	EU-FORD-GRANADA-I-COUPE-SERIES2-PREFL-01	MEDIUM	Ktype跨1974年Coupe车身修订，按外廓拆分。	READY
14971_prefl	14971	Sedan	Granada II	GU	4	EU-FORD-GRANADA-II-SEDAN-PREFL-01	MEDIUM	Ktype跨1981年改款，按外廓拆分。	READY
14971_facelift	14971	Sedan	Granada II	GU	4	EU-FORD-GRANADA-II-SEDAN-FACELIFT-01	MEDIUM	Ktype跨1981年改款，按外廓拆分。	READY
15275_early	15275	Coupe	Granada I	GGCL	2	EU-FORD-GRANADA-I-COUPE-EARLY-01	MEDIUM	Ktype跨1974年Coupe车身修订，按外廓拆分。	READY
15275_series2	15275	Coupe	Granada I	GGCL	2	EU-FORD-GRANADA-I-COUPE-SERIES2-PREFL-01	MEDIUM	Ktype跨1974年Coupe车身修订，按外廓拆分。	READY
17041_prefl	17041	Sedan	Granada I	GGFL	4	EU-FORD-GRANADA-I-SEDAN-PREFL-01	MEDIUM	Ktype跨1975年外观修订，按外廓拆分。	READY
17041_facelift	17041	Sedan	Granada I	GGFL	4	EU-FORD-GRANADA-I-SEDAN-FACELIFT-01	MEDIUM	Ktype跨1975年外观修订，按外廓拆分。	READY
6602_prefl	6602	Sedan	Granada I	GGFL	4	EU-FORD-GRANADA-I-SEDAN-PREFL-01	MEDIUM	Ktype跨1975年外观修订，按外廓拆分。	READY
6602_facelift	6602	Sedan	Granada I	GGFL	4	EU-FORD-GRANADA-I-SEDAN-FACELIFT-01	MEDIUM	Ktype跨1975年外观修订，按外廓拆分。	READY
6605_early	6605	Coupe	Granada I	GGCL	2	EU-FORD-GRANADA-I-COUPE-EARLY-01	MEDIUM	Ktype跨Coupe车身修订，按外廓拆分。	READY
6605_series2_prefl	6605	Coupe	Granada I	GGCL	2	EU-FORD-GRANADA-I-COUPE-SERIES2-PREFL-01	MEDIUM	Ktype跨Coupe车身修订，按外廓拆分。	READY
6605_series2_facelift	6605	Coupe	Granada I	GGCL	2	EU-FORD-GRANADA-I-COUPE-SERIES2-FACELIFT-01	MEDIUM	Ktype跨Coupe车身修订，按外廓拆分。	READY
6608_prefl	6608	Wagon	Granada I	GGNL	5	EU-FORD-GRANADA-I-WAGON-PREFL-01	MEDIUM	Ktype跨1975年外观修订，按外廓拆分。	READY
6608_facelift	6608	Wagon	Granada I	GGNL	5	EU-FORD-GRANADA-I-WAGON-FACELIFT-01	MEDIUM	Ktype跨1975年外观修订，按外廓拆分。	READY
6603_prefl	6603	Sedan	Granada I	GGFL	4	EU-FORD-GRANADA-I-SEDAN-PREFL-01	MEDIUM	Ktype跨1975年外观修订，按外廓拆分。	READY
6603_facelift	6603	Sedan	Granada I	GGFL	4	EU-FORD-GRANADA-I-SEDAN-FACELIFT-01	MEDIUM	Ktype跨1975年外观修订，按外廓拆分。	READY
6606_early	6606	Coupe	Granada I	GGCL	2	EU-FORD-GRANADA-I-COUPE-EARLY-01	MEDIUM	Ktype跨Coupe车身修订，按外廓拆分。	READY
6606_series2_prefl	6606	Coupe	Granada I	GGCL	2	EU-FORD-GRANADA-I-COUPE-SERIES2-PREFL-01	MEDIUM	Ktype跨Coupe车身修订，按外廓拆分。	READY
6606_series2_facelift	6606	Coupe	Granada I	GGCL	2	EU-FORD-GRANADA-I-COUPE-SERIES2-FACELIFT-01	MEDIUM	Ktype跨Coupe车身修订，按外廓拆分。	READY
15277_prefl	15277	Wagon	Granada I	GGNL	5	EU-FORD-GRANADA-I-WAGON-PREFL-01	MEDIUM	Ktype跨1975年外观修订，按外廓拆分。	READY
15277_facelift	15277	Wagon	Granada I	GGNL	5	EU-FORD-GRANADA-I-WAGON-FACELIFT-01	MEDIUM	Ktype跨1975年外观修订，按外廓拆分。	READY
6604_prefl	6604	Sedan	Granada I	GGFL	4	EU-FORD-GRANADA-I-SEDAN-PREFL-01	MEDIUM	Ktype跨1975年外观修订，按外廓拆分。	READY
6604_facelift	6604	Sedan	Granada I	GGFL	4	EU-FORD-GRANADA-I-SEDAN-FACELIFT-01	MEDIUM	Ktype跨1975年外观修订，按外廓拆分。	READY
6607_early	6607	Coupe	Granada I	GGCL	2	EU-FORD-GRANADA-I-COUPE-EARLY-01	MEDIUM	Ktype跨Coupe车身修订，按外廓拆分。	READY
6607_series2_prefl	6607	Coupe	Granada I	GGCL	2	EU-FORD-GRANADA-I-COUPE-SERIES2-PREFL-01	MEDIUM	Ktype跨Coupe车身修订，按外廓拆分。	READY
6607_series2_facelift	6607	Coupe	Granada I	GGCL	2	EU-FORD-GRANADA-I-COUPE-SERIES2-FACELIFT-01	MEDIUM	Ktype跨Coupe车身修订，按外廓拆分。	READY
6609_prefl	6609	Wagon	Granada I	GGNL	5	EU-FORD-GRANADA-I-WAGON-PREFL-01	MEDIUM	Ktype跨1975年外观修订，按外廓拆分。	READY
6609_facelift	6609	Wagon	Granada I	GGNL	5	EU-FORD-GRANADA-I-WAGON-FACELIFT-01	MEDIUM	Ktype跨1975年外观修订，按外廓拆分。	READY
15278_prefl	15278	Sedan	Granada II	GU	4	EU-FORD-GRANADA-II-SEDAN-PREFL-01	MEDIUM	Ktype跨1981年改款，按外廓拆分。	READY
15278_facelift	15278	Sedan	Granada II	GU	4	EU-FORD-GRANADA-II-SEDAN-FACELIFT-01	MEDIUM	Ktype跨1981年改款，按外廓拆分。	READY
56758_prefl	56758	MPV	Grand C-Max II		5	EU-FORD-GRAND-C-MAX-II-MPV-PREFL-01	HIGH	Ktype跨改款，按外廓拆分。	READY
56758_facelift	56758	MPV	Grand C-Max II		5	EU-FORD-GRAND-C-MAX-II-MPV-FACELIFT-01	HIGH	Ktype跨改款，按外廓拆分。	READY
56761_prefl	56761	MPV	Grand C-Max II		5	EU-FORD-GRAND-C-MAX-II-MPV-PREFL-01	HIGH	Ktype跨改款，按外廓拆分。	READY
56761_facelift	56761	MPV	Grand C-Max II		5	EU-FORD-GRAND-C-MAX-II-MPV-FACELIFT-01	HIGH	Ktype跨改款，按外廓拆分。	READY
145823	145823	MPV	Grand C-Max II		5	EU-FORD-GRAND-C-MAX-II-MPV-FACELIFT-01	HIGH		READY
145825	145825	MPV	Grand C-Max II		5	EU-FORD-GRAND-C-MAX-II-MPV-FACELIFT-01	HIGH		READY
111780	111780	MPV	Grand C-Max II		5	EU-FORD-GRAND-C-MAX-II-MPV-FACELIFT-01	HIGH		READY
111781	111781	MPV	Grand C-Max II		5	EU-FORD-GRAND-C-MAX-II-MPV-FACELIFT-01	HIGH		READY
111782	111782	MPV	Grand C-Max II		5	EU-FORD-GRAND-C-MAX-II-MPV-FACELIFT-01	HIGH		READY
111783	111783	MPV	Grand C-Max II		5	EU-FORD-GRAND-C-MAX-II-MPV-FACELIFT-01	HIGH		READY
10247_prefl	10247	MPV	Grand C-Max II		5	EU-FORD-GRAND-C-MAX-II-MPV-PREFL-01	HIGH	Ktype跨改款，按外廓拆分。	READY
10247_facelift	10247	MPV	Grand C-Max II		5	EU-FORD-GRAND-C-MAX-II-MPV-FACELIFT-01	HIGH	Ktype跨改款，按外廓拆分。	READY
111784	111784	MPV	Grand C-Max II		5	EU-FORD-GRAND-C-MAX-II-MPV-FACELIFT-01	HIGH		READY
111785	111785	MPV	Grand C-Max II		5	EU-FORD-GRAND-C-MAX-II-MPV-FACELIFT-01	HIGH		READY
108777_prefl	108777	Van	Grand C-Max II		5	EU-FORD-GRAND-C-MAX-II-MPV-PREFL-01	HIGH	Ktype跨改款，按外廓拆分。	READY
108777_facelift	108777	Van	Grand C-Max II		5	EU-FORD-GRAND-C-MAX-II-MPV-FACELIFT-01	HIGH	Ktype跨改款，按外廓拆分。	READY
108778_prefl	108778	Van	Grand C-Max II		5	EU-FORD-GRAND-C-MAX-II-MPV-PREFL-01	HIGH	Ktype跨改款，按外廓拆分。	READY
108778_facelift	108778	Van	Grand C-Max II		5	EU-FORD-GRAND-C-MAX-II-MPV-FACELIFT-01	HIGH	Ktype跨改款，按外廓拆分。	READY
113257	113257	Van	Grand C-Max II		5	EU-FORD-GRAND-C-MAX-II-MPV-FACELIFT-01	HIGH		READY
113297	113297	Van	Grand C-Max II		5	EU-FORD-GRAND-C-MAX-II-MPV-FACELIFT-01	HIGH		READY
108779_prefl	108779	Van	Grand C-Max II		5	EU-FORD-GRAND-C-MAX-II-MPV-PREFL-01	HIGH	Ktype跨改款，按外廓拆分。	READY
108779_facelift	108779	Van	Grand C-Max II		5	EU-FORD-GRAND-C-MAX-II-MPV-FACELIFT-01	HIGH	Ktype跨改款，按外廓拆分。	READY
142765_prefl	142765	Van	Grand C-Max II		5	EU-FORD-GRAND-C-MAX-II-MPV-PREFL-01	HIGH	Ktype跨改款，按外廓拆分。	READY
142765_facelift	142765	Van	Grand C-Max II		5	EU-FORD-GRAND-C-MAX-II-MPV-FACELIFT-01	HIGH	Ktype跨改款，按外廓拆分。	READY
108780_prefl	108780	Van	Grand C-Max II		5	EU-FORD-GRAND-C-MAX-II-MPV-PREFL-01	HIGH	Ktype跨改款，按外廓拆分。	READY
108780_facelift	108780	Van	Grand C-Max II		5	EU-FORD-GRAND-C-MAX-II-MPV-FACELIFT-01	HIGH	Ktype跨改款，按外廓拆分。	READY
108784_prefl	108784	MPV	Grand C-Max II		5	EU-FORD-GRAND-C-MAX-II-MPV-PREFL-01	HIGH	跨改款生产期，拆分为改款前外廓。	READY
108784_facelift	108784	MPV	Grand C-Max II		5	EU-FORD-GRAND-C-MAX-II-MPV-FACELIFT-01	HIGH	跨改款生产期，拆分为改款后外廓。	READY
142764	142764	MPV	Grand C-Max II		5	EU-FORD-GRAND-C-MAX-II-MPV-PREFL-01	HIGH	改款前 Grand C-Max 五门外廓。	READY
108786_prefl	108786	MPV	Grand C-Max II		5	EU-FORD-GRAND-C-MAX-II-MPV-PREFL-01	HIGH	跨改款生产期，拆分为改款前外廓。	READY
108786_facelift	108786	MPV	Grand C-Max II		5	EU-FORD-GRAND-C-MAX-II-MPV-FACELIFT-01	HIGH	跨改款生产期，拆分为改款后外廓。	READY
108788_prefl	108788	MPV	Grand C-Max II		5	EU-FORD-GRAND-C-MAX-II-MPV-PREFL-01	HIGH	跨改款生产期，拆分为改款前外廓。	READY
108788_facelift	108788	MPV	Grand C-Max II		5	EU-FORD-GRAND-C-MAX-II-MPV-FACELIFT-01	HIGH	跨改款生产期，拆分为改款后外廓。	READY
108789_prefl	108789	MPV	Grand C-Max II		5	EU-FORD-GRAND-C-MAX-II-MPV-PREFL-01	HIGH	跨改款生产期，拆分为改款前外廓。	READY
108789_facelift	108789	MPV	Grand C-Max II		5	EU-FORD-GRAND-C-MAX-II-MPV-FACELIFT-01	HIGH	跨改款生产期，拆分为改款后外廓。	READY
113301	113301	MPV	Grand C-Max II		5	EU-FORD-GRAND-C-MAX-II-MPV-FACELIFT-01	HIGH	改款后 Grand C-Max 五门外廓。	READY
113302	113302	MPV	Grand C-Max II		5	EU-FORD-GRAND-C-MAX-II-MPV-FACELIFT-01	HIGH	改款后 Grand C-Max 五门外廓。	READY
18094	18094	Coupe	GT I		2	EU-FORD-GT-I-COUPE-2D-01	HIGH		READY
126569	126569	Coupe	GT II		2	EU-FORD-GT-II-COUPE-2D-01	HIGH		READY
146756	146756	Coupe	GT II		2	EU-FORD-GT-II-COUPE-2D-01	HIGH		READY
154611	154611	Coupe	GT II		2	EU-FORD-GT-II-COUPE-2D-01	HIGH		READY
12059	12059	Hatchback	Ka I	RB	3	EU-FORD-KA-I-RB-HATCHBACK-3D-01	HIGH		READY
12469	12469	Van	Ka I	RB	3	EU-FORD-KA-I-RB-HATCHBACK-3D-01	HIGH	Ka Van货运衍生型沿用标准三门外廓。	READY
17177	17177	Hatchback	Ka I	RB	3	EU-FORD-KA-I-RB-HATCHBACK-3D-01	HIGH		READY
17305	17305	Hatchback	Ka I	RB	3	EU-FORD-KA-I-RB-SPORT-HATCHBACK-3D-01	MEDIUM	1.6i版本对应SportKa外廓。	READY
120503_prefl	120503	Hatchback	Ka+ III	UK	5	EU-FORD-KA-PLUS-III-HATCHBACK-PREFL-01	HIGH	跨改款生产期，拆分为改款前外廓。	READY
120503_facelift	120503	Hatchback	Ka+ III	UK	5	EU-FORD-KA-PLUS-III-HATCHBACK-FACELIFT-01	HIGH	跨改款生产期，拆分为改款后外廓。	READY
128525	128525	Sedan	Ka+ III	TK	4	EU-FORD-KA-PLUS-III-SEDAN-4D-01	HIGH	TK四门短车身轿车外廓。	READY
120504_prefl	120504	Hatchback	Ka+ III	UK	5	EU-FORD-KA-PLUS-III-HATCHBACK-PREFL-01	HIGH	跨改款生产期，拆分为改款前外廓。	READY
120504_facelift	120504	Hatchback	Ka+ III	UK	5	EU-FORD-KA-PLUS-III-HATCHBACK-FACELIFT-01	HIGH	跨改款生产期，拆分为改款后外廓。	READY
142778	142778	SUV	Kuga I		5	EU-FORD-KUGA-I-SUV-5D-01	HIGH	Kasten/SUV货运衍生型沿用Kuga I五门外廓。	READY
142781	142781	SUV	Kuga I		5	EU-FORD-KUGA-I-SUV-5D-01	HIGH	Kasten/SUV货运衍生型沿用Kuga I五门外廓。	READY
142782	142782	SUV	Kuga I		5	EU-FORD-KUGA-I-SUV-5D-01	HIGH	Kasten/SUV货运衍生型沿用Kuga I五门外廓。	READY
142783	142783	SUV	Kuga I		5	EU-FORD-KUGA-I-SUV-5D-01	HIGH	Kasten/SUV货运衍生型沿用Kuga I五门外廓。	READY
117484	117484	SUV	Kuga II	DM2	5	EU-FORD-KUGA-II-DM2-SUV-5D-01	HIGH		READY
107967	107967	SUV	Kuga II	DM2	5	EU-FORD-KUGA-II-DM2-SUV-5D-01	HIGH		READY
118023	118023	SUV	Kuga II	DM2	5	EU-FORD-KUGA-II-DM2-SUV-5D-01	HIGH		READY
107968	107968	SUV	Kuga II	DM2	5	EU-FORD-KUGA-II-DM2-SUV-5D-01	HIGH		READY
143449	143449	SUV	Kuga II	DM2	5	EU-FORD-KUGA-II-DM2-SUV-5D-01	HIGH		READY
58546	58546	SUV	Kuga II	DM2	5	EU-FORD-KUGA-II-DM2-SUV-5D-01	HIGH		READY
58547	58547	SUV	Kuga II	DM2	5	EU-FORD-KUGA-II-DM2-SUV-5D-01	HIGH		READY
108072	108072	SUV	Kuga II	DM2	5	EU-FORD-KUGA-II-DM2-SUV-5D-01	HIGH		READY
58548	58548	SUV	Kuga II	DM2	5	EU-FORD-KUGA-II-DM2-SUV-5D-01	HIGH		READY
106502	106502	SUV	Kuga II	DM2	5	EU-FORD-KUGA-II-DM2-SUV-5D-01	HIGH		READY
107969	107969	SUV	Kuga II	DM2	5	EU-FORD-KUGA-II-DM2-SUV-5D-01	HIGH		READY
107970	107970	SUV	Kuga II	DM2	5	EU-FORD-KUGA-II-DM2-SUV-5D-01	HIGH		READY
113633	113633	SUV	Kuga II	DM2	5	EU-FORD-KUGA-II-DM2-SUV-5D-01	HIGH		READY
58549	58549	SUV	Kuga II	DM2	5	EU-FORD-KUGA-II-DM2-SUV-5D-01	HIGH		READY
58550	58550	SUV	Kuga II	DM2	5	EU-FORD-KUGA-II-DM2-SUV-5D-01	HIGH		READY
106503	106503	SUV	Kuga II	DM2	5	EU-FORD-KUGA-II-DM2-SUV-5D-01	HIGH		READY
107971	107971	SUV	Kuga II	DM2	5	EU-FORD-KUGA-II-DM2-SUV-5D-01	HIGH		READY
107972	107972	SUV	Kuga II	DM2	5	EU-FORD-KUGA-II-DM2-SUV-5D-01	HIGH		READY
108769	108769	SUV	Kuga II	DM2	5	EU-FORD-KUGA-II-DM2-SUV-5D-01	HIGH	Kasten/SUV 货运衍生型沿用 Kuga II 五门外廓。	READY
143793	143793	SUV	Kuga III	DFK	5	EU-FORD-KUGA-III-DFK-SUV-PREFL-01	HIGH		READY
143819	143819	SUV	Kuga III	DFK	5	EU-FORD-KUGA-III-DFK-SUV-PREFL-01	HIGH		READY
801443	801443	SUV	Kuga III	DFK	5	EU-FORD-KUGA-III-DFK-SUV-FACELIFT-01	HIGH	2024改款标准外廓。	READY
144146	144146	SUV	Kuga III	DFK	5	EU-FORD-KUGA-III-DFK-SUV-PREFL-01	HIGH		READY
151947	151947	SUV	Kuga III	DFK	5	EU-FORD-KUGA-III-DFK-SUV-PREFL-01	HIGH		READY
151948	151948	SUV	Kuga III	DFK	5	EU-FORD-KUGA-III-DFK-SUV-PREFL-01	HIGH		READY
157592	157592	SUV	Kuga III	DFK	5	EU-FORD-KUGA-III-DFK-SUV-FACELIFT-01	HIGH	2024改款标准外廓。	READY
157593	157593	SUV	Kuga III	DFK	5	EU-FORD-KUGA-III-DFK-SUV-FACELIFT-01	HIGH	2024改款标准外廓。	READY
157594	157594	SUV	Kuga III	DFK	5	EU-FORD-KUGA-III-DFK-SUV-FACELIFT-01	HIGH	2024改款标准外廓。	READY
154744	154744	SUV	Kuga III	DFK	5	EU-FORD-KUGA-III-DFK-SUV-PHEV-01	MEDIUM	输入为PHEV 4X4；外廓按PHEV车身。	READY
143548	143548	SUV	Kuga III	DFK	5	EU-FORD-KUGA-III-DFK-SUV-PREFL-01	HIGH		READY
143547	143547	SUV	Kuga III	DFK	5	EU-FORD-KUGA-III-DFK-SUV-PREFL-01	HIGH		READY
155319	155319	SUV	Kuga III	DFK	5	EU-FORD-KUGA-III-DFK-SUV-PREFL-01	HIGH		READY
14852	14852	SUV	Maverick II		5	EU-FORD-MAVERICK-II-SUV-PREFL-01	HIGH	改款前五门外廓。	READY
125811	125811	SUV	Maverick II		5	EU-FORD-MAVERICK-II-SUV-PREFL-01	HIGH	改款前五门外廓。	READY
17959	17959	SUV	Maverick II		5	EU-FORD-MAVERICK-II-SUV-FACELIFT-01	HIGH	改款后五门外廓。	READY
14851	14851	SUV	Maverick II		5	EU-FORD-MAVERICK-II-SUV-PREFL-01	HIGH	改款前五门外廓。	READY
17960	17960	SUV	Maverick II		5	EU-FORD-MAVERICK-II-SUV-FACELIFT-01	HIGH	改款后五门外廓。	READY
125812	125812	SUV	Maverick II		5	EU-FORD-MAVERICK-II-SUV-PREFL-01	HIGH	改款前五门外廓。	READY
15280	15280	Hatchback	Mondeo I	GBP	5	EU-FORD-MONDEO-I-GBP-HATCHBACK-5D-01	HIGH		READY
106758	106758	Hatchback	Mondeo I	GBP	5	EU-FORD-MONDEO-I-GBP-HATCHBACK-5D-01	HIGH		READY
15281	15281	Wagon	Mondeo I	BNP	5	EU-FORD-MONDEO-I-BNP-WAGON-5D-01	HIGH		READY
15282	15282	Wagon	Mondeo I	BNP	5	EU-FORD-MONDEO-I-BNP-WAGON-5D-01	HIGH		READY
10236	10236	Hatchback	Mondeo II	BAP	5	EU-FORD-MONDEO-II-BAP-HATCHBACK-5D-01	HIGH		READY
10237	10237	Sedan	Mondeo II	BFP	4	EU-FORD-MONDEO-II-BFP-SEDAN-4D-01	HIGH		READY
15438	15438	Hatchback	Mondeo II	BAP	5	EU-FORD-MONDEO-II-BAP-HATCHBACK-5D-01	HIGH		READY
15439	15439	Sedan	Mondeo II	BFP	4	EU-FORD-MONDEO-II-BFP-SEDAN-4D-01	HIGH		READY
11765	11765	Hatchback	Mondeo II	BAP	5	EU-FORD-MONDEO-II-BAP-HATCHBACK-5D-01	HIGH		READY
11766	11766	Sedan	Mondeo II	BFP	4	EU-FORD-MONDEO-II-BFP-SEDAN-4D-01	HIGH		READY
10238	10238	Wagon	Mondeo II	BNP	5	EU-FORD-MONDEO-II-BNP-WAGON-5D-01	HIGH		READY
15440	15440	Wagon	Mondeo II	BNP	5	EU-FORD-MONDEO-II-BNP-WAGON-5D-01	HIGH		READY
11767	11767	Wagon	Mondeo II	BNP	5	EU-FORD-MONDEO-II-BNP-WAGON-5D-01	HIGH		READY
15442	15442	Sedan	Mondeo III	B4Y	4	EU-FORD-MONDEO-III-B4Y-SEDAN-4D-01	HIGH		READY
15443	15443	Sedan	Mondeo III	B4Y	4	EU-FORD-MONDEO-III-B4Y-SEDAN-4D-01	HIGH		READY
15482	15482	Hatchback	Mondeo III	B5Y	5	EU-FORD-MONDEO-III-B5Y-HATCHBACK-5D-01	HIGH		READY
15484	15484	Hatchback	Mondeo III	B5Y	5	EU-FORD-MONDEO-III-B5Y-HATCHBACK-5D-01	HIGH		READY
17612	17612	Hatchback	Mondeo III	B5Y	5	EU-FORD-MONDEO-III-B5Y-HATCHBACK-5D-01	HIGH		READY
17614	17614	Sedan	Mondeo III	B4Y	4	EU-FORD-MONDEO-III-B4Y-SEDAN-4D-01	HIGH		READY
15444	15444	Sedan	Mondeo III	B4Y	4	EU-FORD-MONDEO-III-B4Y-SEDAN-4D-01	HIGH		READY
15486	15486	Hatchback	Mondeo III	B5Y	5	EU-FORD-MONDEO-III-B5Y-HATCHBACK-5D-01	HIGH		READY
15446	15446	Sedan	Mondeo III	B4Y	4	EU-FORD-MONDEO-III-B4Y-SEDAN-4D-01	HIGH		READY
15490	15490	Hatchback	Mondeo III	B5Y	5	EU-FORD-MONDEO-III-B5Y-HATCHBACK-5D-01	HIGH		READY
15447	15447	Sedan	Mondeo III	B4Y	4	EU-FORD-MONDEO-III-B4Y-SEDAN-4D-01	HIGH		READY
15492	15492	Hatchback	Mondeo III	B5Y	5	EU-FORD-MONDEO-III-B5Y-HATCHBACK-5D-01	HIGH		READY
16452	16452	Hatchback	Mondeo III	B5Y	5	EU-FORD-MONDEO-III-B5Y-HATCHBACK-5D-01	HIGH		READY
16453	16453	Sedan	Mondeo III	B4Y	4	EU-FORD-MONDEO-III-B4Y-SEDAN-4D-01	HIGH		READY
18269	18269	Hatchback	Mondeo III	B5Y	5	EU-FORD-MONDEO-III-B5Y-HATCHBACK-5D-01	HIGH		READY
18270	18270	Sedan	Mondeo III	B4Y	4	EU-FORD-MONDEO-III-B4Y-SEDAN-4D-01	HIGH		READY
39219	39219	Sedan	Mondeo III	B4Y	4	EU-FORD-MONDEO-III-B4Y-SEDAN-4D-01	HIGH		READY
15445	15445	Sedan	Mondeo III	B4Y	4	EU-FORD-MONDEO-III-B4Y-SEDAN-4D-01	HIGH		READY
15488	15488	Hatchback	Mondeo III	B5Y	5	EU-FORD-MONDEO-III-B5Y-HATCHBACK-5D-01	HIGH		READY
18272	18272	Hatchback	Mondeo III	B5Y	5	EU-FORD-MONDEO-III-B5Y-HATCHBACK-5D-01	HIGH		READY
18273	18273	Sedan	Mondeo III	B4Y	4	EU-FORD-MONDEO-III-B4Y-SEDAN-4D-01	HIGH		READY
16632	16632	Hatchback	Mondeo III	B5Y	5	EU-FORD-MONDEO-III-B5Y-ST220-HATCHBACK-5D-01	HIGH		READY
16633	16633	Sedan	Mondeo III	B4Y	4	EU-FORD-MONDEO-III-B4Y-ST220-SEDAN-4D-01	HIGH		READY
15483	15483	Wagon	Mondeo III	BWY	5	EU-FORD-MONDEO-III-BWY-WAGON-5D-01	HIGH		READY
15485	15485	Wagon	Mondeo III	BWY	5	EU-FORD-MONDEO-III-BWY-WAGON-5D-01	HIGH		READY
17613	17613	Wagon	Mondeo III	BWY	5	EU-FORD-MONDEO-III-BWY-WAGON-5D-01	HIGH		READY
15487	15487	Wagon	Mondeo III	BWY	5	EU-FORD-MONDEO-III-BWY-WAGON-5D-01	HIGH		READY
15491_prefl	15491	Wagon	Mondeo III	BWY	5	EU-FORD-MONDEO-III-WAGON-PREFL-01	HIGH	改款前BWY五门旅行车外廓。	READY
15491_facelift	15491	Wagon	Mondeo III facelift	BWY	5	EU-FORD-MONDEO-III-WAGON-FACELIFT-01	HIGH	改款后BWY五门旅行车外廓。	READY
15493_prefl	15493	Wagon	Mondeo III	BWY	5	EU-FORD-MONDEO-III-WAGON-PREFL-01	HIGH	改款前BWY五门旅行车外廓。	READY
15493_facelift	15493	Wagon	Mondeo III facelift	BWY	5	EU-FORD-MONDEO-III-WAGON-FACELIFT-01	HIGH	改款后BWY五门旅行车外廓。	READY
16454_prefl	16454	Wagon	Mondeo III	BWY	5	EU-FORD-MONDEO-III-WAGON-PREFL-01	HIGH	改款前BWY五门旅行车外廓。	READY
16454_facelift	16454	Wagon	Mondeo III facelift	BWY	5	EU-FORD-MONDEO-III-WAGON-FACELIFT-01	HIGH	改款后BWY五门旅行车外廓。	READY
10338	10338	Wagon	Mondeo III facelift	BWY	5	EU-FORD-MONDEO-III-WAGON-FACELIFT-01	HIGH	改款后BWY五门旅行车外廓。	READY
18271	18271	Wagon	Mondeo III facelift	BWY	5	EU-FORD-MONDEO-III-WAGON-FACELIFT-01	HIGH	改款后BWY五门旅行车外廓。	READY
15489_prefl	15489	Wagon	Mondeo III	BWY	5	EU-FORD-MONDEO-III-WAGON-PREFL-01	HIGH	改款前BWY五门旅行车外廓。	READY
15489_facelift	15489	Wagon	Mondeo III facelift	BWY	5	EU-FORD-MONDEO-III-WAGON-FACELIFT-01	HIGH	改款后BWY五门旅行车外廓。	READY
18274	18274	Wagon	Mondeo III facelift	BWY	5	EU-FORD-MONDEO-III-WAGON-FACELIFT-01	HIGH	改款后BWY五门旅行车外廓。	READY
16634_prefl	16634	Wagon	Mondeo III	BWY	5	EU-FORD-MONDEO-III-WAGON-PREFL-01	HIGH	改款前BWY五门旅行车外廓。	READY
16634_facelift	16634	Wagon	Mondeo III facelift	BWY	5	EU-FORD-MONDEO-III-WAGON-FACELIFT-01	HIGH	改款后BWY五门旅行车外廓。	READY
120851	120851	Sedan	Mondeo IV facelift	BA7	4	EU-FORD-MONDEO-IV-SEDAN-FACELIFT-01	HIGH	改款后物理外廓。	READY
100896	100896	Sedan	Mondeo IV facelift	BA7	4	EU-FORD-MONDEO-IV-SEDAN-FACELIFT-01	HIGH	改款后物理外廓。	READY
10343_prefl	10343	Sedan	Mondeo IV	BA7	4	EU-FORD-MONDEO-IV-SEDAN-PREFL-01	HIGH	改款前物理外廓。	READY
10343_facelift	10343	Sedan	Mondeo IV facelift	BA7	4	EU-FORD-MONDEO-IV-SEDAN-FACELIFT-01	HIGH	改款后物理外廓。	READY
128496_prefl	128496	Sedan	Mondeo IV	BA7	4	EU-FORD-MONDEO-IV-SEDAN-PREFL-01	HIGH	改款前物理外廓。	READY
128496_facelift	128496	Sedan	Mondeo IV facelift	BA7	4	EU-FORD-MONDEO-IV-SEDAN-FACELIFT-01	HIGH	改款后物理外廓。	READY
5136_prefl	5136	Hatchback	Mondeo IV	BA7	5	EU-FORD-MONDEO-IV-HATCHBACK-PREFL-01	HIGH	改款前物理外廓。	READY
5136_facelift	5136	Hatchback	Mondeo IV facelift	BA7	5	EU-FORD-MONDEO-IV-HATCHBACK-FACELIFT-01	HIGH	改款后物理外廓。	READY
128494_prefl	128494	Sedan	Mondeo IV	BA7	4	EU-FORD-MONDEO-IV-SEDAN-PREFL-01	HIGH	改款前物理外廓。	READY
128494_facelift	128494	Sedan	Mondeo IV facelift	BA7	4	EU-FORD-MONDEO-IV-SEDAN-FACELIFT-01	HIGH	改款后物理外廓。	READY
5137_prefl	5137	Hatchback	Mondeo IV	BA7	5	EU-FORD-MONDEO-IV-HATCHBACK-PREFL-01	HIGH	改款前物理外廓。	READY
5137_facelift	5137	Hatchback	Mondeo IV facelift	BA7	5	EU-FORD-MONDEO-IV-HATCHBACK-FACELIFT-01	HIGH	改款后物理外廓。	READY
54925_prefl	54925	Sedan	Mondeo IV	BA7	4	EU-FORD-MONDEO-IV-SEDAN-PREFL-01	HIGH	改款前物理外廓。	READY
54925_facelift	54925	Sedan	Mondeo IV facelift	BA7	4	EU-FORD-MONDEO-IV-SEDAN-FACELIFT-01	HIGH	改款后物理外廓。	READY
126877_prefl	126877	Sedan	Mondeo IV	BA7	4	EU-FORD-MONDEO-IV-SEDAN-PREFL-01	HIGH	改款前物理外廓。	READY
126877_facelift	126877	Sedan	Mondeo IV facelift	BA7	4	EU-FORD-MONDEO-IV-SEDAN-FACELIFT-01	HIGH	改款后物理外廓。	READY
126874	126874	Sedan	Mondeo IV facelift	BA7	4	EU-FORD-MONDEO-IV-SEDAN-FACELIFT-01	HIGH	改款后物理外廓。	READY
5086_prefl	5086	Wagon	Mondeo IV	BA7	5	EU-FORD-MONDEO-IV-WAGON-PREFL-01	HIGH	改款前物理外廓。	READY
5086_facelift	5086	Wagon	Mondeo IV facelift	BA7	5	EU-FORD-MONDEO-IV-WAGON-FACELIFT-01	HIGH	改款后物理外廓。	READY
5060_prefl	5060	Wagon	Mondeo IV	BA7	5	EU-FORD-MONDEO-IV-WAGON-PREFL-01	HIGH	改款前物理外廓。	READY
5060_facelift	5060	Wagon	Mondeo IV facelift	BA7	5	EU-FORD-MONDEO-IV-WAGON-FACELIFT-01	HIGH	改款后物理外廓。	READY
114355_prefl	114355	Sedan	Mondeo V		4	EU-FORD-MONDEO-V-PREFL-SEDAN-01	HIGH	改款前物理外廓。	READY
114355_facelift	114355	Sedan	Mondeo V facelift		4	EU-FORD-MONDEO-V-FACELIFT-SEDAN-01	HIGH	改款后物理外廓。	READY
111088_prefl	111088	Hatchback	Mondeo V		5	EU-FORD-MONDEO-V-PREFL-HATCHBACK-01	HIGH	改款前物理外廓。	READY
111088_facelift	111088	Hatchback	Mondeo V facelift		5	EU-FORD-MONDEO-V-FACELIFT-HATCHBACK-01	HIGH	改款后物理外廓。	READY
124773_prefl	124773	Sedan	Mondeo V		4	EU-FORD-MONDEO-V-PREFL-SEDAN-01	HIGH	改款前物理外廓。	READY
124773_facelift	124773	Sedan	Mondeo V facelift		4	EU-FORD-MONDEO-V-FACELIFT-SEDAN-01	HIGH	改款后物理外廓。	READY
107749_prefl	107749	Hatchback	Mondeo V		5	EU-FORD-MONDEO-V-PREFL-HATCHBACK-01	HIGH	改款前物理外廓。	READY
107749_facelift	107749	Hatchback	Mondeo V facelift		5	EU-FORD-MONDEO-V-FACELIFT-HATCHBACK-01	HIGH	改款后物理外廓。	READY
124779_prefl	124779	Sedan	Mondeo V		4	EU-FORD-MONDEO-V-PREFL-SEDAN-01	HIGH	改款前物理外廓。	READY
124779_facelift	124779	Sedan	Mondeo V facelift		4	EU-FORD-MONDEO-V-FACELIFT-SEDAN-01	HIGH	改款后物理外廓。	READY
111093_prefl	111093	Hatchback	Mondeo V		5	EU-FORD-MONDEO-V-PREFL-HATCHBACK-01	HIGH	改款前物理外廓。	READY
111093_facelift	111093	Hatchback	Mondeo V facelift		5	EU-FORD-MONDEO-V-FACELIFT-HATCHBACK-01	HIGH	改款后物理外廓。	READY
124783_prefl	124783	Sedan	Mondeo V		4	EU-FORD-MONDEO-V-PREFL-SEDAN-01	HIGH	改款前物理外廓。	READY
124783_facelift	124783	Sedan	Mondeo V facelift		4	EU-FORD-MONDEO-V-FACELIFT-SEDAN-01	HIGH	改款后物理外廓。	READY
107752_prefl	107752	Hatchback	Mondeo V		5	EU-FORD-MONDEO-V-PREFL-HATCHBACK-01	HIGH	改款前物理外廓。	READY
107752_facelift	107752	Hatchback	Mondeo V facelift		5	EU-FORD-MONDEO-V-FACELIFT-HATCHBACK-01	HIGH	改款后物理外廓。	READY
107750_prefl	107750	Hatchback	Mondeo V		5	EU-FORD-MONDEO-V-PREFL-HATCHBACK-01	HIGH	改款前物理外廓。	READY
107750_facelift	107750	Hatchback	Mondeo V facelift		5	EU-FORD-MONDEO-V-FACELIFT-HATCHBACK-01	HIGH	改款后物理外廓。	READY
107751_prefl	107751	Hatchback	Mondeo V		5	EU-FORD-MONDEO-V-PREFL-HATCHBACK-01	HIGH	改款前物理外廓。	READY
107751_facelift	107751	Hatchback	Mondeo V facelift		5	EU-FORD-MONDEO-V-FACELIFT-HATCHBACK-01	HIGH	改款后物理外廓。	READY
110544_prefl	110544	Sedan	Mondeo V		4	EU-FORD-MONDEO-V-PREFL-SEDAN-01	HIGH	改款前物理外廓。	READY
110544_facelift	110544	Sedan	Mondeo V facelift		4	EU-FORD-MONDEO-V-FACELIFT-SEDAN-01	HIGH	改款后物理外廓。	READY
114340_prefl	114340	Sedan	Mondeo V		4	EU-FORD-MONDEO-V-PREFL-SEDAN-01	HIGH	改款前物理外廓。	READY
114340_facelift	114340	Sedan	Mondeo V facelift		4	EU-FORD-MONDEO-V-FACELIFT-SEDAN-01	HIGH	改款后物理外廓。	READY
107748_prefl	107748	Sedan	Mondeo V		4	EU-FORD-MONDEO-V-PREFL-SEDAN-01	HIGH	改款前物理外廓。	READY
107748_facelift	107748	Sedan	Mondeo V facelift		4	EU-FORD-MONDEO-V-FACELIFT-SEDAN-01	HIGH	改款后物理外廓。	READY
108597_prefl	108597	Sedan	Mondeo V		4	EU-FORD-MONDEO-V-PREFL-SEDAN-01	HIGH	改款前物理外廓。	READY
108597_facelift	108597	Sedan	Mondeo V facelift		4	EU-FORD-MONDEO-V-FACELIFT-SEDAN-01	HIGH	改款后物理外廓。	READY
107753_prefl	107753	Hatchback	Mondeo V		5	EU-FORD-MONDEO-V-PREFL-HATCHBACK-01	HIGH	改款前物理外廓。	READY
107753_facelift	107753	Hatchback	Mondeo V facelift		5	EU-FORD-MONDEO-V-FACELIFT-HATCHBACK-01	HIGH	改款后物理外廓。	READY
107754_prefl	107754	Hatchback	Mondeo V		5	EU-FORD-MONDEO-V-PREFL-HATCHBACK-01	HIGH	改款前物理外廓。	READY
107754_facelift	107754	Hatchback	Mondeo V facelift		5	EU-FORD-MONDEO-V-FACELIFT-HATCHBACK-01	HIGH	改款后物理外廓。	READY
110549_prefl	110549	Sedan	Mondeo V		4	EU-FORD-MONDEO-V-PREFL-SEDAN-01	HIGH	改款前物理外廓。	READY
110549_facelift	110549	Sedan	Mondeo V facelift		4	EU-FORD-MONDEO-V-FACELIFT-SEDAN-01	HIGH	改款后物理外廓。	READY
124784_prefl	124784	Sedan	Mondeo V		4	EU-FORD-MONDEO-V-PREFL-SEDAN-01	HIGH	改款前物理外廓。	READY
124784_facelift	124784	Sedan	Mondeo V facelift		4	EU-FORD-MONDEO-V-FACELIFT-SEDAN-01	HIGH	改款后物理外廓。	READY
111097_prefl	111097	Hatchback	Mondeo V		5	EU-FORD-MONDEO-V-PREFL-HATCHBACK-01	HIGH	改款前物理外廓。	READY
111097_facelift	111097	Hatchback	Mondeo V facelift		5	EU-FORD-MONDEO-V-FACELIFT-HATCHBACK-01	HIGH	改款后物理外廓。	READY
111098_prefl	111098	Hatchback	Mondeo V		5	EU-FORD-MONDEO-V-PREFL-HATCHBACK-01	HIGH	改款前物理外廓。	READY
111098_facelift	111098	Hatchback	Mondeo V facelift		5	EU-FORD-MONDEO-V-FACELIFT-HATCHBACK-01	HIGH	改款后物理外廓。	READY
115100_prefl	115100	Sedan	Mondeo V		4	EU-FORD-MONDEO-V-PREFL-SEDAN-01	HIGH	改款前物理外廓。	READY
115100_facelift	115100	Sedan	Mondeo V facelift		4	EU-FORD-MONDEO-V-FACELIFT-SEDAN-01	HIGH	改款后物理外廓。	READY
124786_prefl	124786	Sedan	Mondeo V		4	EU-FORD-MONDEO-V-PREFL-SEDAN-01	HIGH	改款前物理外廓。	READY
124786_facelift	124786	Sedan	Mondeo V facelift		4	EU-FORD-MONDEO-V-FACELIFT-SEDAN-01	HIGH	改款后物理外廓。	READY
111096_prefl	111096	Hatchback	Mondeo V		5	EU-FORD-MONDEO-V-PREFL-HATCHBACK-01	HIGH	改款前物理外廓。	READY
111096_facelift	111096	Hatchback	Mondeo V facelift		5	EU-FORD-MONDEO-V-FACELIFT-HATCHBACK-01	HIGH	改款后物理外廓。	READY
115101_prefl	115101	Sedan	Mondeo V		4	EU-FORD-MONDEO-V-PREFL-SEDAN-01	HIGH	改款前物理外廓。	READY
115101_facelift	115101	Sedan	Mondeo V facelift		4	EU-FORD-MONDEO-V-FACELIFT-SEDAN-01	HIGH	改款后物理外廓。	READY
111103_prefl	111103	Wagon	Mondeo V		5	EU-FORD-MONDEO-V-PREFL-WAGON-01	HIGH	改款前物理外廓。	READY
111103_facelift	111103	Wagon	Mondeo V facelift		5	EU-FORD-MONDEO-V-FACELIFT-WAGON-01	HIGH	改款后物理外廓。	READY
107755_prefl	107755	Wagon	Mondeo V		5	EU-FORD-MONDEO-V-PREFL-WAGON-01	HIGH	改款前物理外廓。	READY
107755_facelift	107755	Wagon	Mondeo V facelift		5	EU-FORD-MONDEO-V-FACELIFT-WAGON-01	HIGH	改款后物理外廓。	READY
111105_prefl	111105	Wagon	Mondeo V		5	EU-FORD-MONDEO-V-PREFL-WAGON-01	HIGH	改款前物理外廓。	READY
111105_facelift	111105	Wagon	Mondeo V facelift		5	EU-FORD-MONDEO-V-FACELIFT-WAGON-01	HIGH	改款后物理外廓。	READY
107760_prefl	107760	Wagon	Mondeo V		5	EU-FORD-MONDEO-V-PREFL-WAGON-01	HIGH	改款前物理外廓。	READY
107760_facelift	107760	Wagon	Mondeo V facelift		5	EU-FORD-MONDEO-V-FACELIFT-WAGON-01	HIGH	改款后物理外廓。	READY
107756_prefl	107756	Wagon	Mondeo V		5	EU-FORD-MONDEO-V-PREFL-WAGON-01	HIGH	改款前物理外廓。	READY
107756_facelift	107756	Wagon	Mondeo V facelift		5	EU-FORD-MONDEO-V-FACELIFT-WAGON-01	HIGH	改款后物理外廓。	READY
107758_prefl	107758	Wagon	Mondeo V		5	EU-FORD-MONDEO-V-PREFL-WAGON-01	HIGH	改款前物理外廓。	READY
107758_facelift	107758	Wagon	Mondeo V facelift		5	EU-FORD-MONDEO-V-FACELIFT-WAGON-01	HIGH	改款后物理外廓。	READY
107761_prefl	107761	Wagon	Mondeo V		5	EU-FORD-MONDEO-V-PREFL-WAGON-01	HIGH	改款前物理外廓。	READY
107761_facelift	107761	Wagon	Mondeo V facelift		5	EU-FORD-MONDEO-V-FACELIFT-WAGON-01	HIGH	改款后物理外廓。	READY
107762_prefl	107762	Wagon	Mondeo V		5	EU-FORD-MONDEO-V-PREFL-WAGON-01	HIGH	改款前物理外廓。	READY
107762_facelift	107762	Wagon	Mondeo V facelift		5	EU-FORD-MONDEO-V-FACELIFT-WAGON-01	HIGH	改款后物理外廓。	READY
111110_prefl	111110	Wagon	Mondeo V		5	EU-FORD-MONDEO-V-PREFL-WAGON-01	HIGH	改款前物理外廓。	READY
111110_facelift	111110	Wagon	Mondeo V facelift		5	EU-FORD-MONDEO-V-FACELIFT-WAGON-01	HIGH	改款后物理外廓。	READY
111111_prefl	111111	Wagon	Mondeo V		5	EU-FORD-MONDEO-V-PREFL-WAGON-01	HIGH	改款前物理外廓。	READY
111111_facelift	111111	Wagon	Mondeo V facelift		5	EU-FORD-MONDEO-V-FACELIFT-WAGON-01	HIGH	改款后物理外廓。	READY
111107_prefl	111107	Wagon	Mondeo V		5	EU-FORD-MONDEO-V-PREFL-WAGON-01	HIGH	改款前物理外廓。	READY
111107_facelift	111107	Wagon	Mondeo V facelift		5	EU-FORD-MONDEO-V-FACELIFT-WAGON-01	HIGH	改款后物理外廓。	READY
11166	11166	Sedan	Orion II	AFF	4	EU-FORD-ORION-II-SEDAN-01	HIGH	四门轿车外廓。	READY
15289	15289	Sedan	Orion III	GAL	4	EU-FORD-ORION-III-SEDAN-01	HIGH	四门轿车外廓。	READY
15290	15290	Sedan	Orion III	GAL	4	EU-FORD-ORION-III-SEDAN-01	HIGH	四门轿车外廓。	READY
154593_base	154593	SUV	Puma II		5	EU-FORD-PUMA-II-SUV-01	HIGH	普通外观分支。	READY
154593_stline	154593	SUV	Puma II		5	EU-FORD-PUMA-II-SUV-STLINE-01	HIGH	ST-Line外观分支。	READY
146629_base	146629	SUV	Puma II		5	EU-FORD-PUMA-II-SUV-01	HIGH	普通外观分支。	READY
146629_stline	146629	SUV	Puma II		5	EU-FORD-PUMA-II-SUV-STLINE-01	HIGH	ST-Line外观分支。	READY
154601	154601	SUV	Puma II ST		5	EU-FORD-PUMA-II-SUV-ST-01	HIGH	ST专属外观分支。	READY
16032	16032	Coupe	Puma I	ECT	3	EU-FORD-PUMA-I-COUPE-01	HIGH	标准三门Coupe外廓。	READY
7813	7813	Coupe	Puma I	ECT	3	EU-FORD-PUMA-I-COUPE-01	HIGH	标准三门Coupe外廓。	READY
801248	801248	SUV	Puma Gen-E		5	EU-FORD-PUMA-GEN-E-SUV-01	HIGH	纯电五门SUV外廓。	READY
11764	11764	Coupe	Puma I Racing	ECT	3	EU-FORD-PUMA-I-RACING-COUPE-WIDEBODY-01	HIGH	Racing Puma原厂宽体外廓。	READY
155043_singlecab	155043	Pickup	Ranger IV	P703	2	EU-FORD-RANGER-P703-PICKUP-SINGLECAB-4X4-01	HIGH	Single Cab四驱外廓。	READY
155043_supercab	155043	Pickup	Ranger IV	P703	4	EU-FORD-RANGER-P703-PICKUP-SUPERCAB-4X4-01	HIGH	Super Cab四驱外廓。	READY
155043_doublecab	155043	Pickup	Ranger IV	P703	4	EU-FORD-RANGER-P703-PICKUP-DOUBLECAB-4X4-01	HIGH	Double Cab四驱外廓。	READY
12573	12573	Pickup	Ranger TKE pre-facelift	TKE	2	EU-FORD-RANGER-TKE-PICKUP-REGCAB-4X2-PREFL-01	HIGH	Regular Cab后驱外廓。	READY
55033	55033	Pickup	Ranger TKE pre-facelift	TKE	2	EU-FORD-RANGER-TKE-PICKUP-REGCAB-4X2-PREFL-01	MEDIUM	两门Regular Cab后驱外廓。	READY
57328	57328	Pickup	Ranger TKE pre-facelift	TKE	4	EU-FORD-RANGER-TKE-PICKUP-SUPERCAB-4X2-PREFL-01	HIGH	Super Cab后驱外廓。	READY
116217	116217	Pickup	Ranger TKE facelift	TKE	4	EU-FORD-RANGER-TKE-PICKUP-SUPERCAB-4X2-FACELIFT-01	HIGH	Super Cab后驱外廓。	READY
116220	116220	Pickup	Ranger TKE facelift	TKE	2	EU-FORD-RANGER-TKE-PICKUP-REGCAB-4X2-FACELIFT-01	HIGH	Regular Cab后驱外廓。	READY
12574_regcab	12574	Pickup	Ranger TKE pre-facelift	TKE	2	EU-FORD-RANGER-TKE-PICKUP-REGCAB-4X4-PREFL-01	HIGH	两门Regular Cab四驱外廓。	READY
12574_doublecab	12574	Pickup	Ranger TKE pre-facelift	TKE	4	EU-FORD-RANGER-TKE-PICKUP-DOUBLECAB-4X4-PREFL-01	HIGH	四门Double Cab标准四驱外廓。	READY
12605_regcab	12605	Pickup	Ranger TKE pre-facelift	TKE	2	EU-FORD-RANGER-TKE-PICKUP-REGCAB-4X4-PREFL-01	HIGH	两门Regular Cab四驱外廓。	READY
12605_supercab_std	12605	Pickup	Ranger TKE pre-facelift	TKE	4	EU-FORD-RANGER-TKE-PICKUP-SUPERCAB-4X4-PREFL-01	HIGH	Super Cab标准四驱外廓。	READY
12605_supercab_highspec	12605	Pickup	Ranger TKE pre-facelift	TKE	4	EU-FORD-RANGER-TKE-PICKUP-SUPERCAB-HIGHSPEC-4X4-PREFL-01	HIGH	Super Cab高配四驱外廓。	READY
12605_doublecab_std	12605	Pickup	Ranger TKE pre-facelift	TKE	4	EU-FORD-RANGER-TKE-PICKUP-DOUBLECAB-4X4-PREFL-01	HIGH	Double Cab标准四驱外廓。	READY
12605_doublecab_highspec	12605	Pickup	Ranger TKE pre-facelift	TKE	4	EU-FORD-RANGER-TKE-PICKUP-DOUBLECAB-HIGHSPEC-4X4-PREFL-01	HIGH	Double Cab高配四驱外廓。	READY
116219_regcab	116219	Pickup	Ranger TKE facelift	TKE	2	EU-FORD-RANGER-TKE-PICKUP-REGCAB-4X4-FACELIFT-01	HIGH	两门Regular Cab四驱外廓。	READY
116219_supercab_std	116219	Pickup	Ranger TKE facelift	TKE	4	EU-FORD-RANGER-TKE-PICKUP-SUPERCAB-4X4-FACELIFT-01	HIGH	Super Cab标准四驱外廓。	READY
116219_supercab_highspec	116219	Pickup	Ranger TKE facelift	TKE	4	EU-FORD-RANGER-TKE-PICKUP-SUPERCAB-HIGHSPEC-4X4-FACELIFT-01	HIGH	Super Cab高配四驱外廓。	READY
116219_doublecab_std	116219	Pickup	Ranger TKE facelift	TKE	4	EU-FORD-RANGER-TKE-PICKUP-DOUBLECAB-4X4-FACELIFT-01	HIGH	Double Cab标准四驱外廓。	READY
116219_doublecab_highspec	116219	Pickup	Ranger TKE facelift	TKE	4	EU-FORD-RANGER-TKE-PICKUP-DOUBLECAB-HIGHSPEC-4X4-FACELIFT-01	HIGH	Double Cab高配四驱外廓。	READY
116221_regcab	116221	Pickup	Ranger TKE facelift	TKE	2	EU-FORD-RANGER-TKE-PICKUP-REGCAB-4X4-FACELIFT-01	HIGH	Regular Cab四驱外廓。	READY
116221_supercab	116221	Pickup	Ranger TKE facelift	TKE	4	EU-FORD-RANGER-TKE-PICKUP-SUPERCAB-4X4-FACELIFT-01	HIGH	Super Cab标准四驱外廓。	READY
116221_doublecab	116221	Pickup	Ranger TKE facelift	TKE	4	EU-FORD-RANGER-TKE-PICKUP-DOUBLECAB-4X4-FACELIFT-01	HIGH	Double Cab标准四驱外廓。	READY
14164_regcab_prefl	14164	Pickup	Ranger ER/EQ		2	EU-FORD-RANGER-ER-EQ-PICKUP-REGCAB-4X2-PREFL-01	HIGH	改款前Regular Cab后驱外廓。	READY
14164_supercab_prefl	14164	Pickup	Ranger ER/EQ		2	EU-FORD-RANGER-ER-EQ-PICKUP-SUPERCAB-4X2-PREFL-01	HIGH	改款前Super Cab后驱外廓。	READY
14601_regcab_prefl	14601	Pickup	Ranger ER/EQ		2	EU-FORD-RANGER-ER-EQ-PICKUP-REGCAB-4X4-PREFL-01	HIGH	改款前Regular Cab四驱外廓。	READY
16871_regcab	16871	Pickup	Ranger ER/EQ/R_		2	EU-FORD-RANGER-ER-EQ-PICKUP-REGCAB-4X2-01	HIGH	两门Regular Cab 4x2外廓。	READY
16871_supercab	16871	Pickup	Ranger ER/EQ/R_		2	EU-FORD-RANGER-ER-EQ-PICKUP-SUPERCAB-4X2-01	HIGH	两门Super Cab 4x2外廓。	READY
14163_doublecab_prefl	14163	Pickup	Ranger ER/EQ		4	EU-FORD-RANGER-ER-EQ-PICKUP-DOUBLECAB-4X4-PREFL-01	HIGH	改款前Double Cab四驱外廓。	READY
14163_regcab_facelift	14163	Pickup	Ranger ER/EQ facelift		2	EU-FORD-RANGER-ER-EQ-PICKUP-REGCAB-4X4-01	HIGH	改款后Regular Cab四驱外廓。	READY
14163_supercab_facelift	14163	Pickup	Ranger ER/EQ facelift		4	EU-FORD-RANGER-ER-EQ-PICKUP-SUPERCAB-4X4-01	HIGH	改款后标准Super Cab四驱外廓。	READY
14163_supercab_xlt_facelift	14163	Pickup	Ranger ER/EQ facelift		4	EU-FORD-RANGER-ER-EQ-PICKUP-SUPERCAB-XLT-4X4-01	HIGH	改款后XLT加宽轮眉Super Cab外廓。	READY
14163_doublecab_facelift	14163	Pickup	Ranger ER/EQ facelift		4	EU-FORD-RANGER-ER-EQ-PICKUP-DOUBLECAB-4X4-01	HIGH	改款后标准Double Cab四驱外廓。	READY
14163_doublecab_xlt_facelift	14163	Pickup	Ranger ER/EQ facelift		4	EU-FORD-RANGER-ER-EQ-PICKUP-DOUBLECAB-XLT-4X4-01	HIGH	改款后XLT加宽轮眉Double Cab外廓。	READY
16872_regcab_facelift	16872	Pickup	Ranger ER/EQ facelift		2	EU-FORD-RANGER-ER-EQ-PICKUP-REGCAB-4X4-01	HIGH	改款后Regular Cab四驱外廓。	READY
16872_supercab_facelift	16872	Pickup	Ranger ER/EQ facelift		4	EU-FORD-RANGER-ER-EQ-PICKUP-SUPERCAB-4X4-01	HIGH	改款后标准Super Cab四驱外廓。	READY
16872_supercab_xlt_facelift	16872	Pickup	Ranger ER/EQ facelift		4	EU-FORD-RANGER-ER-EQ-PICKUP-SUPERCAB-XLT-4X4-01	HIGH	改款后XLT加宽轮眉Super Cab外廓。	READY
16872_doublecab_facelift	16872	Pickup	Ranger ER/EQ facelift		4	EU-FORD-RANGER-ER-EQ-PICKUP-DOUBLECAB-4X4-01	HIGH	改款后标准Double Cab四驱外廓。	READY
16872_doublecab_xlt_facelift	16872	Pickup	Ranger ER/EQ facelift		4	EU-FORD-RANGER-ER-EQ-PICKUP-DOUBLECAB-XLT-4X4-01	HIGH	改款后XLT加宽轮眉Double Cab外廓。	READY
12606	12606	Pickup	Ranger TKE pre-facelift	TKE	4	EU-FORD-RANGER-TKE-PICKUP-DOUBLECAB-HIGHSPEC-4X4-PREFL-01	HIGH	Double Cab高配四驱外廓。	READY
16737	16737	Sedan	Scorpio I	GGE	4	EU-FORD-SCORPIO-I-SEDAN-01	HIGH	四门轿车外廓。	READY
5744	5744	Sedan	Scorpio II		4	EU-FORD-SCORPIO-II-SEDAN-01	HIGH	四门轿车外廓。	READY
7810	7810	Sedan	Scorpio II		4	EU-FORD-SCORPIO-II-SEDAN-01	HIGH	四门轿车外廓。	READY
5747	5747	Wagon	Scorpio II		5	EU-FORD-SCORPIO-II-WAGON-01	HIGH	五门旅行车外廓。	READY
7811	7811	Wagon	Scorpio II		5	EU-FORD-SCORPIO-II-WAGON-01	HIGH	五门旅行车外廓。	READY
11562_3dr	11562	Hatchback	Sierra I		3	EU-FORD-SIERRA-I-HATCHBACK-3D-01	HIGH	三门掀背外廓。	READY
11562_5dr	11562	Hatchback	Sierra I		5	EU-FORD-SIERRA-I-HATCHBACK-5D-01	HIGH	五门掀背外廓。	READY
121807_3dr_prefl	121807	Hatchback	Sierra II		3	EU-FORD-SIERRA-II-HATCHBACK-3D-PREFL-01	HIGH	1990年更新前三门掀背外廓。	READY
121807_5dr_prefl	121807	Hatchback	Sierra II		5	EU-FORD-SIERRA-II-HATCHBACK-5D-PREFL-01	HIGH	1990年更新前五门掀背外廓。	READY
121807_3dr_facelift	121807	Hatchback	Sierra II facelift		3	EU-FORD-SIERRA-II-HATCHBACK-3D-FACELIFT-01	HIGH	1990年更新后三门掀背外廓。	READY
121807_5dr_facelift	121807	Hatchback	Sierra II facelift		5	EU-FORD-SIERRA-II-HATCHBACK-5D-FACELIFT-01	HIGH	1990年更新后五门掀背外廓。	READY
8736	8736	Sedan	Sierra RS Cosworth		4	EU-FORD-SIERRA-RS-COSWORTH-4X4-SEDAN-01	HIGH	输入车身标签与可靠车型资料不一致，按四门Cosworth轿车外廓映射。	READY
15021_prefl	15021	Sedan	Sierra II		4	EU-FORD-SIERRA-II-SEDAN-PREFL-01	HIGH	1990年中期外观更新前四门轿车外廓。	READY
15021_facelift	15021	Sedan	Sierra II facelift		4	EU-FORD-SIERRA-II-SEDAN-FACELIFT-01	HIGH	1990年中期外观更新后四门轿车外廓。	READY
15028_prefl	15028	Wagon	Sierra II	BNG	5	EU-FORD-SIERRA-II-WAGON-4X4-PREFL-01	MEDIUM	更新前五门四驱旅行车外廓。	READY
15028_facelift	15028	Wagon	Sierra II facelift	BNG	5	EU-FORD-SIERRA-II-WAGON-4X4-FACELIFT-01	HIGH	更新后五门四驱旅行车外廓。	READY
8733	8733	Sedan	Sierra II		4	EU-FORD-SIERRA-II-SEDAN-PREFL-01	HIGH	改款前四门轿车外廓。	READY
8734_3dr_prefl	8734	Hatchback	Sierra II		3	EU-FORD-SIERRA-II-HATCHBACK-3D-PREFL-01	HIGH	1990年更新前三门掀背外廓。	READY
8734_5dr_prefl	8734	Hatchback	Sierra II		5	EU-FORD-SIERRA-II-HATCHBACK-5D-PREFL-01	HIGH	1990年更新前五门掀背外廓。	READY
8734_3dr_facelift	8734	Hatchback	Sierra II facelift		3	EU-FORD-SIERRA-II-HATCHBACK-3D-FACELIFT-01	HIGH	1990年更新后三门掀背外廓。	READY
8734_5dr_facelift	8734	Hatchback	Sierra II facelift		5	EU-FORD-SIERRA-II-HATCHBACK-5D-FACELIFT-01	HIGH	1990年更新后五门掀背外廓。	READY
8735_prefl	8735	Wagon	Sierra II	BNG	5	EU-FORD-SIERRA-II-WAGON-PREFL-01	HIGH	更新前五门后驱旅行车外廓。	READY
8735_facelift	8735	Wagon	Sierra II facelift	BNG	5	EU-FORD-SIERRA-II-WAGON-FACELIFT-01	HIGH	更新后五门后驱旅行车外廓。	READY
15025_prefl	15025	Sedan	Sierra II		4	EU-FORD-SIERRA-II-SEDAN-PREFL-01	HIGH	1990年中期外观更新前四门轿车外廓。	READY
15025_facelift	15025	Sedan	Sierra II facelift		4	EU-FORD-SIERRA-II-SEDAN-FACELIFT-01	HIGH	1990年中期外观更新后四门轿车外廓。	READY
15027_prefl	15027	Wagon	Sierra II	BNG	5	EU-FORD-SIERRA-II-WAGON-PREFL-01	HIGH	更新前五门后驱旅行车外廓。	READY
15027_facelift	15027	Wagon	Sierra II facelift	BNG	5	EU-FORD-SIERRA-II-WAGON-FACELIFT-01	HIGH	更新后五门后驱旅行车外廓。	READY
16900	16900	Wagon	Sierra I	BNC	5	EU-FORD-SIERRA-I-WAGON-4X4-01	HIGH	五门四驱旅行车外廓。	READY
16901	16901	Wagon	Sierra I	BNC	5	EU-FORD-SIERRA-I-WAGON-4X4-01	HIGH	五门四驱旅行车外廓。	READY
16897_3dr	16897	Hatchback	Sierra I XR 4x4		3	EU-FORD-SIERRA-I-XR4X4-HATCHBACK-3D-01	HIGH	XR 4x4三门掀背外廓。	READY
16897_5dr	16897	Hatchback	Sierra I XR 4x4		5	EU-FORD-SIERRA-I-XR4X4-HATCHBACK-5D-01	HIGH	XR 4x4五门掀背外廓。	READY
15589	15589	Hatchback	Sierra I XR4i		3	EU-FORD-SIERRA-I-XR4I-HATCHBACK-3D-01	HIGH	XR4i三门专属外廓。	READY
15590	15590	Hatchback	Sierra I		3	EU-FORD-SIERRA-I-XR4I-HATCHBACK-3D-01	HIGH	输入Kombi修正为XR4i专用三门掀背外廓。	READY
15022_prefl	15022	Sedan	Sierra II		4	EU-FORD-SIERRA-II-SEDAN-PREFL-01	MEDIUM	生产区间跨改款，拆分为改款前四门轿车外廓。	READY
15022_facelift	15022	Sedan	Sierra II		4	EU-FORD-SIERRA-II-SEDAN-FACELIFT-01	MEDIUM	生产区间跨改款，拆分为改款后四门轿车外廓。	READY
15023_prefl	15023	Sedan	Sierra II		4	EU-FORD-SIERRA-II-SEDAN-PREFL-01	MEDIUM	生产区间跨改款，拆分为改款前四门轿车外廓。	READY
15023_facelift	15023	Sedan	Sierra II		4	EU-FORD-SIERRA-II-SEDAN-FACELIFT-01	MEDIUM	生产区间跨改款，拆分为改款后四门轿车外廓。	READY
15030_prefl	15030	Wagon	Sierra II		5	EU-FORD-SIERRA-II-WAGON-4X4-PREFL-01	MEDIUM	生产区间跨改款，拆分为改款前四驱五门旅行车外廓。	READY
15030_facelift	15030	Wagon	Sierra II		5	EU-FORD-SIERRA-II-WAGON-4X4-FACELIFT-01	MEDIUM	生产区间跨改款，拆分为改款后四驱五门旅行车外廓。	READY
15024_prefl	15024	Sedan	Sierra II		4	EU-FORD-SIERRA-II-SEDAN-PREFL-01	MEDIUM	生产区间跨改款，拆分为改款前四门轿车外廓。	READY
15024_facelift	15024	Sedan	Sierra II		4	EU-FORD-SIERRA-II-SEDAN-FACELIFT-01	MEDIUM	生产区间跨改款，拆分为改款后四门轿车外廓。	READY
15029_prefl	15029	Wagon	Sierra II		5	EU-FORD-SIERRA-II-WAGON-PREFL-01	MEDIUM	生产区间跨改款，拆分为改款前五门旅行车外廓。	READY
15029_facelift	15029	Wagon	Sierra II		5	EU-FORD-SIERRA-II-WAGON-FACELIFT-01	MEDIUM	生产区间跨改款，拆分为改款后五门旅行车外廓。	READY
143085	143085	MPV	S-MAX I	WA6	5	EU-FORD-S-MAX-I-MPV-01	HIGH	Kasten/Großraumlimousine按WA6五门MPV外廓归并。	READY
143086	143086	MPV	S-MAX I	WA6	5	EU-FORD-S-MAX-I-MPV-01	HIGH	Kasten/Großraumlimousine按WA6五门MPV外廓归并。	READY
111790	111790	MPV	S-MAX II	CJ	5	EU-FORD-S-MAX-II-MPV-PREFL-01	HIGH		READY
59495	59495	MPV	S-MAX I	WA6	5	EU-FORD-S-MAX-I-MPV-01	HIGH		READY
111791_prefl	111791	MPV	S-MAX II	CJ	5	EU-FORD-S-MAX-II-MPV-PREFL-01	HIGH	生产区间跨2019改款车身边界。	READY
111791_facelift	111791	MPV	S-MAX II	CJ	5	EU-FORD-S-MAX-II-MPV-FACELIFT-PETROL-01	HIGH	生产区间跨2019改款车身边界。	READY
143087	143087	MPV	S-MAX I	WA6	5	EU-FORD-S-MAX-I-MPV-01	HIGH	Kasten/Großraumlimousine按WA6五门MPV外廓归并。	READY
143088	143088	MPV	S-MAX I	WA6	5	EU-FORD-S-MAX-I-MPV-01	HIGH	Kasten/Großraumlimousine按WA6五门MPV外廓归并。	READY
111792	111792	MPV	S-MAX II	CJ	5	EU-FORD-S-MAX-II-MPV-PREFL-01	HIGH		READY
111794	111794	MPV	S-MAX II	CJ	5	EU-FORD-S-MAX-II-MPV-PREFL-01	HIGH		READY
111796	111796	MPV	S-MAX II	CJ	5	EU-FORD-S-MAX-II-MPV-PREFL-01	HIGH		READY
143089	143089	MPV	S-MAX I	WA6	5	EU-FORD-S-MAX-I-MPV-01	HIGH	Kasten/Großraumlimousine按WA6五门MPV外廓归并。	READY
143090	143090	MPV	S-MAX I	WA6	5	EU-FORD-S-MAX-I-MPV-01	HIGH	Kasten/Großraumlimousine按WA6五门MPV外廓归并。	READY
143091	143091	MPV	S-MAX I	WA6	5	EU-FORD-S-MAX-I-MPV-01	HIGH	Kasten/Großraumlimousine按WA6五门MPV外廓归并。	READY
111795	111795	MPV	S-MAX II	CJ	5	EU-FORD-S-MAX-II-MPV-PREFL-01	HIGH		READY
111797	111797	MPV	S-MAX II	CJ	5	EU-FORD-S-MAX-II-MPV-PREFL-01	HIGH		READY
111798	111798	MPV	S-MAX II	CJ	5	EU-FORD-S-MAX-II-MPV-PREFL-01	HIGH		READY
146681	146681	MPV	S-MAX II	CJ	5	EU-FORD-S-MAX-II-MPV-FACELIFT-HYBRID-01	HIGH	2019改款后FHEV五门MPV外廓。	READY
17114	17114	Convertible	StreetKa	RL2	2	EU-FORD-STREETKA-RL2-CONVERTIBLE-01	HIGH		READY
6569	6569	Sedan	Taunus TC2			EU-FORD-TAUNUS-TC2-SEDAN-01	HIGH		READY
125827	125827	Sedan	Taunus TC2			EU-FORD-TAUNUS-TC2-SEDAN-01	HIGH		READY
125828	125828	Sedan	Taunus TC2			EU-FORD-TAUNUS-TC2-SEDAN-01	HIGH		READY
125829	125829	Wagon	Taunus TC2			EU-FORD-TAUNUS-TC2-WAGON-STANDARD-01	MEDIUM	1.3标准保险杠旅行车外廓。	READY
125830	125830	Coupe	Taunus TC1		2	EU-FORD-TAUNUS-TC1-COUPE-01	HIGH		READY
125838	125838	Sedan	Taunus TC3			EU-FORD-TAUNUS-TC3-SEDAN-STANDARD-01	MEDIUM	1.3标准保险杠轿车外廓。	READY
6519	6519	Wagon	Taunus P5			EU-FORD-TAUNUS-P5-WAGON-01	HIGH		READY
6521_p7a	6521	Sedan	Taunus P7A			EU-FORD-TAUNUS-P7A-SEDAN-01	MEDIUM	生产区间跨P7A/P7B改款车身边界。	READY
6521_p7b	6521	Sedan	Taunus P7B			EU-FORD-TAUNUS-P7B-SEDAN-01	MEDIUM	生产区间跨P7A/P7B改款车身边界。	READY
6528_p7a	6528	Sedan	Taunus P7A			EU-FORD-TAUNUS-P7A-SEDAN-01	MEDIUM	生产区间跨P7A/P7B改款车身边界。	READY
6528_p7b	6528	Sedan	Taunus P7B			EU-FORD-TAUNUS-P7B-SEDAN-01	MEDIUM	生产区间跨P7A/P7B改款车身边界。	READY
6539_p7a	6539	Wagon	Taunus P7A			EU-FORD-TAUNUS-P7A-WAGON-01	MEDIUM	生产区间跨P7A/P7B改款车身边界。	READY
6539_p7b	6539	Wagon	Taunus P7B			EU-FORD-TAUNUS-P7B-WAGON-01	MEDIUM	生产区间跨P7A/P7B改款车身边界。	READY
17638	17638	Sedan	Taunus TC2			EU-FORD-TAUNUS-TC2-SEDAN-01	HIGH		READY
17639_standard	17639	Sedan	Taunus TC3			EU-FORD-TAUNUS-TC3-SEDAN-STANDARD-01	MEDIUM	TC3标准保险杠轿车外廓。	READY
17639_longbumper	17639	Sedan	Taunus TC3			EU-FORD-TAUNUS-TC3-SEDAN-LONGBUMPER-01	MEDIUM	TC3长保险杠轿车外廓。	READY
6520	6520	Wagon	Taunus P5			EU-FORD-TAUNUS-P5-WAGON-01	HIGH		READY
6522_p7a	6522	Sedan	Taunus P7A			EU-FORD-TAUNUS-P7A-SEDAN-01	MEDIUM	生产区间跨P7A/P7B改款车身边界。	READY
6522_p7b	6522	Sedan	Taunus P7B			EU-FORD-TAUNUS-P7B-SEDAN-01	MEDIUM	生产区间跨P7A/P7B改款车身边界。	READY
6523_p7a	6523	Sedan	Taunus P7A			EU-FORD-TAUNUS-P7A-SEDAN-01	MEDIUM	生产区间跨P7A/P7B改款车身边界。	READY
6523_p7b	6523	Sedan	Taunus P7B			EU-FORD-TAUNUS-P7B-SEDAN-01	MEDIUM	生产区间跨P7A/P7B改款车身边界。	READY
6524_p7a	6524	Sedan	Taunus P7A			EU-FORD-TAUNUS-P7A-SEDAN-01	MEDIUM	生产区间跨P7A/P7B改款车身边界。	READY
6524_p7b	6524	Sedan	Taunus P7B			EU-FORD-TAUNUS-P7B-SEDAN-01	MEDIUM	生产区间跨P7A/P7B改款车身边界。	READY
6529_p7a	6529	Sedan	Taunus P7A			EU-FORD-TAUNUS-P7A-SEDAN-01	MEDIUM	生产区间跨P7A/P7B改款车身边界。	READY
6529_p7b	6529	Sedan	Taunus P7B			EU-FORD-TAUNUS-P7B-SEDAN-01	MEDIUM	生产区间跨P7A/P7B改款车身边界。	READY
6530_p7a	6530	Sedan	Taunus P7A			EU-FORD-TAUNUS-P7A-SEDAN-01	MEDIUM	生产区间跨P7A/P7B改款车身边界。	READY
6530_p7b	6530	Sedan	Taunus P7B			EU-FORD-TAUNUS-P7B-SEDAN-01	MEDIUM	生产区间跨P7A/P7B改款车身边界。	READY
6531	6531	Sedan	Taunus P7B			EU-FORD-TAUNUS-P7B-SEDAN-01	HIGH		READY
6534_p7a	6534	Coupe	Taunus P7A		2	EU-FORD-TAUNUS-P7A-COUPE-01	MEDIUM	生产区间跨P7A/P7B改款车身边界。	READY
6534_p7b	6534	Coupe	Taunus P7B		2	EU-FORD-TAUNUS-P7B-COUPE-01	MEDIUM	生产区间跨P7A/P7B改款车身边界。	READY
6535	6535	Coupe	Taunus P7B		2	EU-FORD-TAUNUS-P7B-COUPE-01	HIGH		READY
6540_p7a	6540	Wagon	Taunus P7A			EU-FORD-TAUNUS-P7A-WAGON-01	MEDIUM	生产区间跨P7A/P7B改款车身边界。	READY
6540_p7b	6540	Wagon	Taunus P7B			EU-FORD-TAUNUS-P7B-WAGON-01	MEDIUM	生产区间跨P7A/P7B改款车身边界。	READY
6541_p7a	6541	Wagon	Taunus P7A			EU-FORD-TAUNUS-P7A-WAGON-01	MEDIUM	生产区间跨P7A/P7B改款车身边界。	READY
6541_p7b	6541	Wagon	Taunus P7B			EU-FORD-TAUNUS-P7B-WAGON-01	MEDIUM	生产区间跨P7A/P7B改款车身边界。	READY
6542_p7a	6542	Wagon	Taunus P7A			EU-FORD-TAUNUS-P7A-WAGON-01	MEDIUM	生产区间跨P7A/P7B改款车身边界。	READY
6542_p7b	6542	Wagon	Taunus P7B			EU-FORD-TAUNUS-P7B-WAGON-01	MEDIUM	生产区间跨P7A/P7B改款车身边界。	READY
6543	6543	Wagon	Taunus P7B			EU-FORD-TAUNUS-P7B-WAGON-01	HIGH		READY
6525_p7a	6525	Sedan	Taunus P7A			EU-FORD-TAUNUS-P7A-SEDAN-01	MEDIUM	生产区间跨P7A/P7B改款车身边界。	READY
6525_p7b	6525	Sedan	Taunus P7B			EU-FORD-TAUNUS-P7B-SEDAN-01	MEDIUM	生产区间跨P7A/P7B改款车身边界。	READY
6532	6532	Sedan	Taunus P7B			EU-FORD-TAUNUS-P7B-SEDAN-01	HIGH		READY
6536	6536	Coupe	Taunus P7B		2	EU-FORD-TAUNUS-P7B-COUPE-01	HIGH		READY
6544_p7a	6544	Wagon	Taunus P7A			EU-FORD-TAUNUS-P7A-WAGON-01	MEDIUM	生产区间跨P7A/P7B改款车身边界。	READY
6544_p7b	6544	Wagon	Taunus P7B			EU-FORD-TAUNUS-P7B-WAGON-01	MEDIUM	生产区间跨P7A/P7B改款车身边界。	READY
6526_p7a	6526	Sedan	Taunus P7A			EU-FORD-TAUNUS-P7A-SEDAN-01	MEDIUM	生产区间跨P7A/P7B改款车身边界。	READY
6526_p7b	6526	Sedan	Taunus P7B			EU-FORD-TAUNUS-P7B-SEDAN-01	MEDIUM	生产区间跨P7A/P7B改款车身边界。	READY
6527_p7a	6527	Sedan	Taunus P7A			EU-FORD-TAUNUS-P7A-SEDAN-01	MEDIUM	生产区间跨P7A/P7B改款车身边界。	READY
6527_p7b	6527	Sedan	Taunus P7B			EU-FORD-TAUNUS-P7B-SEDAN-01	MEDIUM	生产区间跨P7A/P7B改款车身边界。	READY
6533_p7a	6533	Sedan	Taunus P7A			EU-FORD-TAUNUS-P7A-SEDAN-01	MEDIUM	生产区间跨P7A/P7B改款车身边界。	READY
6533_p7b	6533	Sedan	Taunus P7B			EU-FORD-TAUNUS-P7B-SEDAN-01	MEDIUM	生产区间跨P7A/P7B改款车身边界。	READY
6537_p7a	6537	Coupe	Taunus P7A		2	EU-FORD-TAUNUS-P7A-COUPE-01	MEDIUM	生产区间跨P7A/P7B改款车身边界。	READY
6537_p7b	6537	Coupe	Taunus P7B		2	EU-FORD-TAUNUS-P7B-COUPE-01	MEDIUM	生产区间跨P7A/P7B改款车身边界。	READY
6545_p7a	6545	Wagon	Taunus P7A			EU-FORD-TAUNUS-P7A-WAGON-01	MEDIUM	生产区间跨P7A/P7B改款车身边界。	READY
6545_p7b	6545	Wagon	Taunus P7B			EU-FORD-TAUNUS-P7B-WAGON-01	MEDIUM	生产区间跨P7A/P7B改款车身边界。	READY
6546_p5	6546	Sedan	Taunus P5			EU-FORD-TAUNUS-P5-SEDAN-01	MEDIUM	生产区间跨P5/P7A车身边界。	READY
6546_p7a	6546	Sedan	Taunus P7A			EU-FORD-TAUNUS-P7A-SEDAN-01	MEDIUM	生产区间跨P5/P7A车身边界。	READY
6548_p5	6548	Wagon	Taunus P5			EU-FORD-TAUNUS-P5-WAGON-01	MEDIUM	生产区间跨P5/P7A车身边界。	READY
6548_p7a	6548	Wagon	Taunus P7A			EU-FORD-TAUNUS-P7A-WAGON-01	MEDIUM	生产区间跨P5/P7A车身边界。	READY
6549_p7a	6549	Sedan	Taunus P7A			EU-FORD-TAUNUS-P7A-SEDAN-01	MEDIUM	生产区间跨P7A/P7B改款车身边界。	READY
6549_p7b	6549	Sedan	Taunus P7B			EU-FORD-TAUNUS-P7B-SEDAN-01	MEDIUM	生产区间跨P7A/P7B改款车身边界。	READY
6550_p7a	6550	Sedan	Taunus P7A			EU-FORD-TAUNUS-P7A-SEDAN-01	MEDIUM	生产区间跨P7A/P7B改款车身边界。	READY
6550_p7b	6550	Sedan	Taunus P7B			EU-FORD-TAUNUS-P7B-SEDAN-01	MEDIUM	生产区间跨P7A/P7B改款车身边界。	READY
6552_p7a	6552	Sedan	Taunus P7A			EU-FORD-TAUNUS-P7A-SEDAN-01	MEDIUM	生产区间跨P7A/P7B改款车身边界。	READY
6552_p7b	6552	Sedan	Taunus P7B			EU-FORD-TAUNUS-P7B-SEDAN-01	MEDIUM	生产区间跨P7A/P7B改款车身边界。	READY
6553_p7a	6553	Sedan	Taunus P7A			EU-FORD-TAUNUS-P7A-SEDAN-01	MEDIUM	生产区间跨P7A/P7B改款车身边界。	READY
6553_p7b	6553	Sedan	Taunus P7B			EU-FORD-TAUNUS-P7B-SEDAN-01	MEDIUM	生产区间跨P7A/P7B改款车身边界。	READY
6556_p7a	6556	Wagon	Taunus P7A			EU-FORD-TAUNUS-P7A-WAGON-01	MEDIUM	生产区间跨P7A/P7B改款车身边界。	READY
6556_p7b	6556	Wagon	Taunus P7B			EU-FORD-TAUNUS-P7B-WAGON-01	MEDIUM	生产区间跨P7A/P7B改款车身边界。	READY
6557_p7a	6557	Wagon	Taunus P7A			EU-FORD-TAUNUS-P7A-WAGON-01	MEDIUM	生产区间跨P7A/P7B改款车身边界。	READY
6557_p7b	6557	Wagon	Taunus P7B			EU-FORD-TAUNUS-P7B-WAGON-01	MEDIUM	生产区间跨P7A/P7B改款车身边界。	READY
6559_p7a	6559	Sedan	Taunus P7A			EU-FORD-TAUNUS-P7A-SEDAN-01	MEDIUM	生产区间跨P7A/P7B改款车身边界。	READY
6559_p7b	6559	Sedan	Taunus P7B			EU-FORD-TAUNUS-P7B-SEDAN-01	MEDIUM	生产区间跨P7A/P7B改款车身边界。	READY
6560_p7a	6560	Sedan	Taunus P7A			EU-FORD-TAUNUS-P7A-SEDAN-01	MEDIUM	生产区间跨P7A/P7B改款车身边界。	READY
6560_p7b	6560	Sedan	Taunus P7B			EU-FORD-TAUNUS-P7B-SEDAN-01	MEDIUM	生产区间跨P7A/P7B改款车身边界。	READY
6562_p7a	6562	Sedan	Taunus P7A			EU-FORD-TAUNUS-P7A-SEDAN-01	MEDIUM	生产区间跨P7A/P7B改款车身边界。	READY
6562_p7b	6562	Sedan	Taunus P7B			EU-FORD-TAUNUS-P7B-SEDAN-01	MEDIUM	生产区间跨P7A/P7B改款车身边界。	READY
6563_p7a	6563	Sedan	Taunus P7A			EU-FORD-TAUNUS-P7A-SEDAN-01	MEDIUM	生产区间跨P7A/P7B改款车身边界。	READY
6563_p7b	6563	Sedan	Taunus P7B			EU-FORD-TAUNUS-P7B-SEDAN-01	MEDIUM	生产区间跨P7A/P7B改款车身边界。	READY
6565_p7a	6565	Coupe	Taunus P7A		2	EU-FORD-TAUNUS-P7A-COUPE-01	MEDIUM	生产区间跨P7A/P7B改款车身边界。	READY
6565_p7b	6565	Coupe	Taunus P7B		2	EU-FORD-TAUNUS-P7B-COUPE-01	MEDIUM	生产区间跨P7A/P7B改款车身边界。	READY
15505_standard	15505	Wagon	Taunus TC3			EU-FORD-TAUNUS-TC3-WAGON-STANDARD-01	MEDIUM	TC3标准保险杠旅行车外廓。	READY
15505_longbumper	15505	Wagon	Taunus TC3			EU-FORD-TAUNUS-TC3-WAGON-LONGBUMPER-01	MEDIUM	TC3长保险杠旅行车外廓。	READY
6551_p7a	6551	Sedan	Taunus P7A			EU-FORD-TAUNUS-P7A-SEDAN-01	MEDIUM	生产区间跨P7A/P7B改款车身边界。	READY
6551_p7b	6551	Sedan	Taunus P7B			EU-FORD-TAUNUS-P7B-SEDAN-01	MEDIUM	生产区间跨P7A/P7B改款车身边界。	READY
6554_p7a	6554	Sedan	Taunus P7A			EU-FORD-TAUNUS-P7A-SEDAN-01	MEDIUM	生产区间跨P7A/P7B改款车身边界。	READY
6554_p7b	6554	Sedan	Taunus P7B			EU-FORD-TAUNUS-P7B-SEDAN-01	MEDIUM	生产区间跨P7A/P7B改款车身边界。	READY
6555_p7a	6555	Coupe	Taunus P7A		2	EU-FORD-TAUNUS-P7A-COUPE-01	MEDIUM	生产区间跨P7A/P7B改款车身边界。	READY
6555_p7b	6555	Coupe	Taunus P7B		2	EU-FORD-TAUNUS-P7B-COUPE-01	MEDIUM	生产区间跨P7A/P7B改款车身边界。	READY
6558_p7a	6558	Wagon	Taunus P7A			EU-FORD-TAUNUS-P7A-WAGON-01	MEDIUM	生产区间跨P7A/P7B改款车身边界。	READY
6558_p7b	6558	Wagon	Taunus P7B			EU-FORD-TAUNUS-P7B-WAGON-01	MEDIUM	生产区间跨P7A/P7B改款车身边界。	READY
6561_p7a	6561	Sedan	Taunus P7A			EU-FORD-TAUNUS-P7A-SEDAN-01	MEDIUM	生产区间跨P7A/P7B改款车身边界。	READY
6561_p7b	6561	Sedan	Taunus P7B			EU-FORD-TAUNUS-P7B-SEDAN-01	MEDIUM	生产区间跨P7A/P7B改款车身边界。	READY
6564_p7a	6564	Sedan	Taunus P7A			EU-FORD-TAUNUS-P7A-SEDAN-01	MEDIUM	生产区间跨P7A/P7B改款车身边界。	READY
6564_p7b	6564	Sedan	Taunus P7B			EU-FORD-TAUNUS-P7B-SEDAN-01	MEDIUM	生产区间跨P7A/P7B改款车身边界。	READY
6566_p7a	6566	Coupe	Taunus P7A		2	EU-FORD-TAUNUS-P7A-COUPE-01	MEDIUM	生产区间跨P7A/P7B改款车身边界。	READY
6566_p7b	6566	Coupe	Taunus P7B		2	EU-FORD-TAUNUS-P7B-COUPE-01	MEDIUM	生产区间跨P7A/P7B改款车身边界。	READY
15232_tc1	15232	Wagon	Taunus TC1			EU-FORD-TAUNUS-TC1-WAGON-01	MEDIUM	生产区间跨TC1/TC2换代车身边界。	READY
15232_tc2	15232	Wagon	Taunus TC2			EU-FORD-TAUNUS-TC2-WAGON-LONGBUMPER-01	MEDIUM	生产区间跨TC1/TC2换代车身边界；2.3长保险杠外廓。	READY
15233	15233	Wagon	Taunus TC3			EU-FORD-TAUNUS-TC3-WAGON-LONGBUMPER-01	MEDIUM	2.3长保险杠旅行车外廓。	READY
6567	6567	Sedan	Taunus P7B			EU-FORD-TAUNUS-P7B-SEDAN-01	HIGH		READY
6568	6568	Coupe	Taunus P7B		2	EU-FORD-TAUNUS-P7B-COUPE-01	HIGH		READY
6572	6572	Coupe	Taunus TC1		2	EU-FORD-TAUNUS-TC1-COUPE-01	HIGH		READY
6578	6578	Sedan	Taunus TC1			EU-FORD-TAUNUS-TC1-SEDAN-01	HIGH		READY
6582	6582	Wagon	Taunus TC1			EU-FORD-TAUNUS-TC1-WAGON-01	HIGH		READY
6570	6570	Sedan	Taunus TC1			EU-FORD-TAUNUS-TC1-SEDAN-01	HIGH		READY
6573	6573	Coupe	Taunus TC1		2	EU-FORD-TAUNUS-TC1-COUPE-01	HIGH		READY
6574	6574	Coupe	Taunus TC1		2	EU-FORD-TAUNUS-TC1-COUPE-01	HIGH		READY
6579	6579	Sedan	Taunus TC1			EU-FORD-TAUNUS-TC1-SEDAN-01	HIGH		READY
6580	6580	Sedan	Taunus TC1			EU-FORD-TAUNUS-TC1-SEDAN-01	HIGH		READY
6583	6583	Wagon	Taunus TC1			EU-FORD-TAUNUS-TC1-WAGON-01	HIGH		READY
11163	11163	Sedan	Taunus TC1			EU-FORD-TAUNUS-TC1-SEDAN-01	HIGH		READY
11164	11164	Wagon	Taunus TC1			EU-FORD-TAUNUS-TC1-WAGON-01	HIGH		READY
6547_p5	6547	Sedan	Taunus P5			EU-FORD-TAUNUS-P5-SEDAN-01	MEDIUM	生产区间跨P5/P7A车身边界。	READY
6547_p7a	6547	Sedan	Taunus P7A			EU-FORD-TAUNUS-P7A-SEDAN-01	MEDIUM	生产区间跨P5/P7A车身边界。	READY
6571	6571	Sedan	Taunus TC1			EU-FORD-TAUNUS-TC1-SEDAN-01	HIGH		READY
6575	6575	Coupe	Taunus TC1		2	EU-FORD-TAUNUS-TC1-COUPE-01	HIGH		READY
6581	6581	Sedan	Taunus TC1			EU-FORD-TAUNUS-TC1-SEDAN-01	HIGH		READY
121991	121991	Sedan	Taunus TC1			EU-FORD-TAUNUS-TC1-SEDAN-01	HIGH		READY
6576	6576	Coupe	Taunus TC1		2	EU-FORD-TAUNUS-TC1-COUPE-01	HIGH		READY
16941_swb_prefl	16941	MPV	Tourneo Connect I		5	EU-FORD-TOURNEO-CONNECT-I-MPV-SWB-PREFL-01	MEDIUM	改款前短轴低顶五门车身。	READY
16941_lwb_prefl	16941	MPV	Tourneo Connect I		5	EU-FORD-TOURNEO-CONNECT-I-MPV-LWB-PREFL-01	MEDIUM	改款前长轴高顶五门车身。	READY
16940_swb_prefl	16940	MPV	Tourneo Connect I		5	EU-FORD-TOURNEO-CONNECT-I-MPV-SWB-PREFL-01	MEDIUM	改款前短轴低顶五门车身。	READY
16940_lwb_prefl	16940	MPV	Tourneo Connect I		5	EU-FORD-TOURNEO-CONNECT-I-MPV-LWB-PREFL-01	MEDIUM	改款前长轴高顶五门车身。	READY
16940_swb_facelift06	16940	MPV	Tourneo Connect I		5	EU-FORD-TOURNEO-CONNECT-I-MPV-SWB-FACELIFT06-01	MEDIUM	2006改款短轴低顶五门车身。	READY
16940_lwb_facelift06	16940	MPV	Tourneo Connect I		5	EU-FORD-TOURNEO-CONNECT-I-MPV-LWB-FACELIFT06-01	MEDIUM	2006改款长轴高顶五门车身。	READY
16940_swb_facelift09	16940	MPV	Tourneo Connect I		5	EU-FORD-TOURNEO-CONNECT-I-MPV-SWB-FACELIFT09-01	MEDIUM	2009改款短轴低顶五门车身。	READY
16940_lwb_facelift09	16940	MPV	Tourneo Connect I		5	EU-FORD-TOURNEO-CONNECT-I-MPV-LWB-FACELIFT09-01	MEDIUM	2009改款长轴高顶五门车身。	READY
16939_swb_prefl	16939	MPV	Tourneo Connect I		5	EU-FORD-TOURNEO-CONNECT-I-MPV-SWB-PREFL-01	MEDIUM	改款前短轴低顶五门车身。	READY
16939_swb_facelift06	16939	MPV	Tourneo Connect I		5	EU-FORD-TOURNEO-CONNECT-I-MPV-SWB-FACELIFT06-01	MEDIUM	2006改款短轴低顶五门车身。	READY
16939_swb_facelift09	16939	MPV	Tourneo Connect I		5	EU-FORD-TOURNEO-CONNECT-I-MPV-SWB-FACELIFT09-01	MEDIUM	2009改款短轴低顶五门车身。	READY
53336_swb_prefl	53336	MPV	Tourneo Connect II	V408	5	EU-FORD-TOURNEO-CONNECT-V408-MPV-SWB-PREFL-01	MEDIUM	短轴改款前乘用车身。	READY
53336_lwb_prefl	53336	MPV	Tourneo Connect II	V408	5	EU-FORD-TOURNEO-CONNECT-V408-MPV-LWB-PREFL-01	MEDIUM	长轴Grand改款前乘用车身。	READY
53336_swb_facelift	53336	MPV	Tourneo Connect II	V408	5	EU-FORD-TOURNEO-CONNECT-V408-MPV-SWB-FACELIFT-01	MEDIUM	短轴改款后乘用车身。	READY
53336_lwb_facelift	53336	MPV	Tourneo Connect II	V408	5	EU-FORD-TOURNEO-CONNECT-V408-MPV-LWB-FACELIFT-01	MEDIUM	长轴Grand改款后乘用车身。	READY
803381_swb_facelift	803381	MPV	Tourneo Connect II	V408	5	EU-FORD-TOURNEO-CONNECT-V408-MPV-SWB-FACELIFT-01	HIGH	短轴改款后乘用车身。	READY
803381_lwb_facelift	803381	MPV	Tourneo Connect II	V408	5	EU-FORD-TOURNEO-CONNECT-V408-MPV-LWB-FACELIFT-01	HIGH	长轴Grand改款后乘用车身。	READY
116185_swb_prefl	116185	MPV	Tourneo Connect II	V408	5	EU-FORD-TOURNEO-CONNECT-V408-MPV-SWB-PREFL-01	MEDIUM	短轴改款前乘用车身。	READY
116185_lwb_prefl	116185	MPV	Tourneo Connect II	V408	5	EU-FORD-TOURNEO-CONNECT-V408-MPV-LWB-PREFL-01	MEDIUM	长轴Grand改款前乘用车身。	READY
116185_swb_facelift	116185	MPV	Tourneo Connect II	V408	5	EU-FORD-TOURNEO-CONNECT-V408-MPV-SWB-FACELIFT-01	MEDIUM	短轴改款后乘用车身。	READY
116185_lwb_facelift	116185	MPV	Tourneo Connect II	V408	5	EU-FORD-TOURNEO-CONNECT-V408-MPV-LWB-FACELIFT-01	MEDIUM	长轴Grand改款后乘用车身。	READY
116186_swb_prefl	116186	MPV	Tourneo Connect II	V408	5	EU-FORD-TOURNEO-CONNECT-V408-MPV-SWB-PREFL-01	MEDIUM	短轴改款前乘用车身。	READY
116186_lwb_prefl	116186	MPV	Tourneo Connect II	V408	5	EU-FORD-TOURNEO-CONNECT-V408-MPV-LWB-PREFL-01	MEDIUM	长轴Grand改款前乘用车身。	READY
116186_swb_facelift	116186	MPV	Tourneo Connect II	V408	5	EU-FORD-TOURNEO-CONNECT-V408-MPV-SWB-FACELIFT-01	MEDIUM	短轴改款后乘用车身。	READY
116186_lwb_facelift	116186	MPV	Tourneo Connect II	V408	5	EU-FORD-TOURNEO-CONNECT-V408-MPV-LWB-FACELIFT-01	MEDIUM	长轴Grand改款后乘用车身。	READY
116187_swb_prefl	116187	MPV	Tourneo Connect II	V408	5	EU-FORD-TOURNEO-CONNECT-V408-MPV-SWB-PREFL-01	MEDIUM	短轴改款前乘用车身。	READY
116187_lwb_prefl	116187	MPV	Tourneo Connect II	V408	5	EU-FORD-TOURNEO-CONNECT-V408-MPV-LWB-PREFL-01	MEDIUM	长轴Grand改款前乘用车身。	READY
116187_swb_facelift	116187	MPV	Tourneo Connect II	V408	5	EU-FORD-TOURNEO-CONNECT-V408-MPV-SWB-FACELIFT-01	MEDIUM	短轴改款后乘用车身。	READY
116187_lwb_facelift	116187	MPV	Tourneo Connect II	V408	5	EU-FORD-TOURNEO-CONNECT-V408-MPV-LWB-FACELIFT-01	MEDIUM	长轴Grand改款后乘用车身。	READY
145751_swb_prefl	145751	MPV	Tourneo Connect II	V408	5	EU-FORD-TOURNEO-CONNECT-V408-MPV-SWB-PREFL-01	MEDIUM	短轴改款前乘用车身。	READY
145751_lwb_prefl	145751	MPV	Tourneo Connect II	V408	5	EU-FORD-TOURNEO-CONNECT-V408-MPV-LWB-PREFL-01	MEDIUM	长轴Grand改款前乘用车身。	READY
145751_swb_facelift	145751	MPV	Tourneo Connect II	V408	5	EU-FORD-TOURNEO-CONNECT-V408-MPV-SWB-FACELIFT-01	MEDIUM	短轴改款后乘用车身。	READY
145751_lwb_facelift	145751	MPV	Tourneo Connect II	V408	5	EU-FORD-TOURNEO-CONNECT-V408-MPV-LWB-FACELIFT-01	MEDIUM	长轴Grand改款后乘用车身。	READY
47547_swb_prefl	47547	MPV	Tourneo Connect II	V408	5	EU-FORD-TOURNEO-CONNECT-V408-MPV-SWB-PREFL-01	MEDIUM	短轴改款前乘用车身。	READY
47547_lwb_prefl	47547	MPV	Tourneo Connect II	V408	5	EU-FORD-TOURNEO-CONNECT-V408-MPV-LWB-PREFL-01	MEDIUM	长轴Grand改款前乘用车身。	READY
47547_swb_facelift	47547	MPV	Tourneo Connect II	V408	5	EU-FORD-TOURNEO-CONNECT-V408-MPV-SWB-FACELIFT-01	MEDIUM	短轴改款后乘用车身。	READY
47547_lwb_facelift	47547	MPV	Tourneo Connect II	V408	5	EU-FORD-TOURNEO-CONNECT-V408-MPV-LWB-FACELIFT-01	MEDIUM	长轴Grand改款后乘用车身。	READY
53335_swb_prefl	53335	MPV	Tourneo Connect II	V408	5	EU-FORD-TOURNEO-CONNECT-V408-MPV-SWB-PREFL-01	MEDIUM	短轴改款前乘用车身。	READY
53335_lwb_prefl	53335	MPV	Tourneo Connect II	V408	5	EU-FORD-TOURNEO-CONNECT-V408-MPV-LWB-PREFL-01	MEDIUM	长轴Grand改款前乘用车身。	READY
53335_swb_facelift	53335	MPV	Tourneo Connect II	V408	5	EU-FORD-TOURNEO-CONNECT-V408-MPV-SWB-FACELIFT-01	MEDIUM	短轴改款后乘用车身。	READY
53335_lwb_facelift	53335	MPV	Tourneo Connect II	V408	5	EU-FORD-TOURNEO-CONNECT-V408-MPV-LWB-FACELIFT-01	MEDIUM	长轴Grand改款后乘用车身。	READY
53339_swb_prefl	53339	MPV	Tourneo Connect II	V408	5	EU-FORD-TOURNEO-CONNECT-V408-MPV-SWB-PREFL-01	MEDIUM	短轴改款前乘用车身。	READY
53339_lwb_prefl	53339	MPV	Tourneo Connect II	V408	5	EU-FORD-TOURNEO-CONNECT-V408-MPV-LWB-PREFL-01	MEDIUM	长轴Grand改款前乘用车身。	READY
53339_swb_facelift	53339	MPV	Tourneo Connect II	V408	5	EU-FORD-TOURNEO-CONNECT-V408-MPV-SWB-FACELIFT-01	MEDIUM	短轴改款后乘用车身。	READY
53339_lwb_facelift	53339	MPV	Tourneo Connect II	V408	5	EU-FORD-TOURNEO-CONNECT-V408-MPV-LWB-FACELIFT-01	MEDIUM	长轴Grand改款后乘用车身。	READY
53397_swb_prefl	53397	MPV	Tourneo Connect II	V408	5	EU-FORD-TOURNEO-CONNECT-V408-MPV-SWB-PREFL-01	MEDIUM	短轴改款前乘用车身。	READY
53397_lwb_prefl	53397	MPV	Tourneo Connect II	V408	5	EU-FORD-TOURNEO-CONNECT-V408-MPV-LWB-PREFL-01	MEDIUM	长轴Grand改款前乘用车身。	READY
53397_swb_facelift	53397	MPV	Tourneo Connect II	V408	5	EU-FORD-TOURNEO-CONNECT-V408-MPV-SWB-FACELIFT-01	MEDIUM	短轴改款后乘用车身。	READY
53397_lwb_facelift	53397	MPV	Tourneo Connect II	V408	5	EU-FORD-TOURNEO-CONNECT-V408-MPV-LWB-FACELIFT-01	MEDIUM	长轴Grand改款后乘用车身。	READY
146893_swb	146893	MPV	Tourneo Connect III	V761	5	EU-FORD-TOURNEO-CONNECT-V761-MPV-SWB-01	HIGH	标准轴距五门乘用车身。	READY
146893_lwb	146893	MPV	Tourneo Connect III	V761	5	EU-FORD-TOURNEO-CONNECT-V761-MPV-LWB-01	HIGH	Grand长轴距五门乘用车身。	READY
800154_swb	800154	MPV	Tourneo Connect III	V761	5	EU-FORD-TOURNEO-CONNECT-V761-MPV-SWB-01	HIGH	标准轴距五门乘用车身。	READY
800154_lwb	800154	MPV	Tourneo Connect III	V761	5	EU-FORD-TOURNEO-CONNECT-V761-MPV-LWB-01	HIGH	Grand长轴距五门乘用车身。	READY
801049_swb	801049	MPV	Tourneo Connect III	V761	5	EU-FORD-TOURNEO-CONNECT-V761-MPV-SWB-01	HIGH	标准轴距五门乘用车身。	READY
801049_lwb	801049	MPV	Tourneo Connect III	V761	5	EU-FORD-TOURNEO-CONNECT-V761-MPV-LWB-01	HIGH	Grand长轴距五门乘用车身。	READY
146894_swb	146894	MPV	Tourneo Connect III	V761	5	EU-FORD-TOURNEO-CONNECT-V761-MPV-SWB-01	HIGH	标准轴距五门乘用车身。	READY
146894_lwb	146894	MPV	Tourneo Connect III	V761	5	EU-FORD-TOURNEO-CONNECT-V761-MPV-LWB-01	HIGH	Grand长轴距五门乘用车身。	READY
146895_swb	146895	MPV	Tourneo Connect III	V761	5	EU-FORD-TOURNEO-CONNECT-V761-MPV-SWB-01	HIGH	标准轴距五门乘用车身。	READY
146895_lwb	146895	MPV	Tourneo Connect III	V761	5	EU-FORD-TOURNEO-CONNECT-V761-MPV-LWB-01	HIGH	Grand长轴距五门乘用车身。	READY
146896_swb	146896	MPV	Tourneo Connect III	V761	5	EU-FORD-TOURNEO-CONNECT-V761-MPV-SWB-01	HIGH	标准轴距五门乘用车身。	READY
146896_lwb	146896	MPV	Tourneo Connect III	V761	5	EU-FORD-TOURNEO-CONNECT-V761-MPV-LWB-01	HIGH	Grand长轴距五门乘用车身。	READY
146897_swb	146897	MPV	Tourneo Connect III	V761	5	EU-FORD-TOURNEO-CONNECT-V761-MPV-SWB-01	HIGH	标准轴距五门乘用车身。	READY
146897_lwb	146897	MPV	Tourneo Connect III	V761	5	EU-FORD-TOURNEO-CONNECT-V761-MPV-LWB-01	HIGH	Grand长轴距五门乘用车身。	READY
802112_van_swb	802112	Van	Transit Connect III	V761		EU-FORD-TRANSIT-CONNECT-V761-VAN-SWB-01	MEDIUM	Kasten短轴车身。	READY
802112_van_lwb	802112	Van	Transit Connect III	V761		EU-FORD-TRANSIT-CONNECT-V761-VAN-LWB-01	MEDIUM	Kasten长轴车身。	READY
802112_mpv_swb	802112	MPV	Tourneo Connect III	V761	5	EU-FORD-TOURNEO-CONNECT-V761-MPV-SWB-01	MEDIUM	Großraumlimousine短轴五门车身。	READY
802112_mpv_lwb	802112	MPV	Tourneo Connect III	V761	5	EU-FORD-TOURNEO-CONNECT-V761-MPV-LWB-01	MEDIUM	Großraumlimousine长轴五门车身。	READY
802106_van_swb	802106	Van	Transit Connect III	V761		EU-FORD-TRANSIT-CONNECT-V761-VAN-SWB-01	MEDIUM	Kasten短轴车身。	READY
802106_van_lwb	802106	Van	Transit Connect III	V761		EU-FORD-TRANSIT-CONNECT-V761-VAN-LWB-01	MEDIUM	Kasten长轴车身。	READY
802106_mpv_swb	802106	MPV	Tourneo Connect III	V761	5	EU-FORD-TOURNEO-CONNECT-V761-MPV-SWB-01	MEDIUM	Großraumlimousine短轴五门车身。	READY
802106_mpv_lwb	802106	MPV	Tourneo Connect III	V761	5	EU-FORD-TOURNEO-CONNECT-V761-MPV-LWB-01	MEDIUM	Großraumlimousine长轴五门车身。	READY
802107_van_swb	802107	Van	Transit Connect III	V761		EU-FORD-TRANSIT-CONNECT-V761-VAN-SWB-01	MEDIUM	Kasten短轴车身。	READY
802107_van_lwb	802107	Van	Transit Connect III	V761		EU-FORD-TRANSIT-CONNECT-V761-VAN-LWB-01	MEDIUM	Kasten长轴车身。	READY
802107_mpv_swb	802107	MPV	Tourneo Connect III	V761	5	EU-FORD-TOURNEO-CONNECT-V761-MPV-SWB-01	MEDIUM	Großraumlimousine短轴五门车身。	READY
802107_mpv_lwb	802107	MPV	Tourneo Connect III	V761	5	EU-FORD-TOURNEO-CONNECT-V761-MPV-LWB-01	MEDIUM	Großraumlimousine长轴五门车身。	READY
802109_van_swb	802109	Van	Transit Connect III	V761		EU-FORD-TRANSIT-CONNECT-V761-VAN-SWB-01	MEDIUM	Kasten短轴车身。	READY
802109_van_lwb	802109	Van	Transit Connect III	V761		EU-FORD-TRANSIT-CONNECT-V761-VAN-LWB-01	MEDIUM	Kasten长轴车身。	READY
802109_mpv_swb	802109	MPV	Tourneo Connect III	V761	5	EU-FORD-TOURNEO-CONNECT-V761-MPV-SWB-01	MEDIUM	Großraumlimousine短轴五门车身。	READY
802109_mpv_lwb	802109	MPV	Tourneo Connect III	V761	5	EU-FORD-TOURNEO-CONNECT-V761-MPV-LWB-01	MEDIUM	Großraumlimousine长轴五门车身。	READY
802110_van_swb	802110	Van	Transit Connect III	V761		EU-FORD-TRANSIT-CONNECT-V761-VAN-SWB-01	MEDIUM	Kasten短轴四驱车身。	READY
802110_van_lwb	802110	Van	Transit Connect III	V761		EU-FORD-TRANSIT-CONNECT-V761-VAN-LWB-01	MEDIUM	Kasten长轴四驱车身。	READY
802110_mpv_swb	802110	MPV	Tourneo Connect III	V761	5	EU-FORD-TOURNEO-CONNECT-V761-MPV-SWB-01	MEDIUM	Großraumlimousine短轴五门四驱车身。	READY
802110_mpv_lwb	802110	MPV	Tourneo Connect III	V761	5	EU-FORD-TOURNEO-CONNECT-V761-MPV-LWB-01	MEDIUM	Großraumlimousine长轴五门四驱车身。	READY
802108_van_swb	802108	Van	Transit Connect III	V761		EU-FORD-TRANSIT-CONNECT-V761-VAN-SWB-01	MEDIUM	Kasten短轴车身。	READY
802108_van_lwb	802108	Van	Transit Connect III	V761		EU-FORD-TRANSIT-CONNECT-V761-VAN-LWB-01	MEDIUM	Kasten长轴车身。	READY
802108_mpv_swb	802108	MPV	Tourneo Connect III	V761	5	EU-FORD-TOURNEO-CONNECT-V761-MPV-SWB-01	MEDIUM	Großraumlimousine短轴五门车身。	READY
802108_mpv_lwb	802108	MPV	Tourneo Connect III	V761	5	EU-FORD-TOURNEO-CONNECT-V761-MPV-LWB-01	MEDIUM	Großraumlimousine长轴五门车身。	READY
802111_van_swb	802111	Van	Transit Connect III	V761		EU-FORD-TRANSIT-CONNECT-V761-VAN-SWB-01	MEDIUM	Kasten短轴车身。	READY
802111_van_lwb	802111	Van	Transit Connect III	V761		EU-FORD-TRANSIT-CONNECT-V761-VAN-LWB-01	MEDIUM	Kasten长轴车身。	READY
802111_mpv_swb	802111	MPV	Tourneo Connect III	V761	5	EU-FORD-TOURNEO-CONNECT-V761-MPV-SWB-01	MEDIUM	Großraumlimousine短轴五门车身。	READY
802111_mpv_lwb	802111	MPV	Tourneo Connect III	V761	5	EU-FORD-TOURNEO-CONNECT-V761-MPV-LWB-01	MEDIUM	Großraumlimousine长轴五门车身。	READY
101091	101091	MPV	Tourneo Courier I	B460	5	EU-FORD-TOURNEO-COURIER-B460-MPV-01	HIGH	B460五门乘用车身。	READY
101092	101092	MPV	Tourneo Courier I	B460	5	EU-FORD-TOURNEO-COURIER-B460-MPV-01	HIGH	B460五门乘用车身。	READY
115162	115162	MPV	Tourneo Courier I	B460	5	EU-FORD-TOURNEO-COURIER-B460-MPV-01	HIGH	B460五门乘用车身。	READY
101094	101094	MPV	Tourneo Courier I	B460	5	EU-FORD-TOURNEO-COURIER-B460-MPV-01	HIGH	B460五门乘用车身。	READY
155263_std	155263	MPV	Tourneo Courier II	V769	5	EU-FORD-TOURNEO-COURIER-V769-MPV-STANDARD-ICE-01	HIGH	标准外廓燃油乘用车身。	READY
155263_active	155263	MPV	Tourneo Courier II	V769	5	EU-FORD-TOURNEO-COURIER-V769-MPV-ACTIVE-01	HIGH	Active外廓燃油乘用车身。	READY
801231_std	801231	MPV	Tourneo Courier II	V769	5	EU-FORD-TOURNEO-COURIER-V769-MPV-STANDARD-BEV-01	HIGH	标准外廓纯电乘用车身。	READY
801231_active	801231	MPV	Tourneo Courier II	V769	5	EU-FORD-TOURNEO-COURIER-V769-MPV-ACTIVE-01	HIGH	Active外廓纯电乘用车身。	READY
118539_swb_prefl	118539	MPV	Tourneo Custom I	V362	5	EU-FORD-TOURNEO-CUSTOM-V362-MPV-SWB-PREFL-01	MEDIUM	短轴改款前乘用车身。	READY
118539_lwb_prefl	118539	MPV	Tourneo Custom I	V362	5	EU-FORD-TOURNEO-CUSTOM-V362-MPV-LWB-PREFL-01	MEDIUM	长轴改款前乘用车身。	READY
118539_swb_facelift	118539	MPV	Tourneo Custom I	V362	5	EU-FORD-TOURNEO-CUSTOM-V362-MPV-SWB-FACELIFT-01	MEDIUM	短轴改款后乘用车身。	READY
118539_lwb_facelift	118539	MPV	Tourneo Custom I	V362	5	EU-FORD-TOURNEO-CUSTOM-V362-MPV-LWB-FACELIFT-01	MEDIUM	长轴改款后乘用车身。	READY
118540_swb_prefl	118540	MPV	Tourneo Custom I	V362	5	EU-FORD-TOURNEO-CUSTOM-V362-MPV-SWB-PREFL-01	MEDIUM	短轴改款前乘用车身。	READY
118540_lwb_prefl	118540	MPV	Tourneo Custom I	V362	5	EU-FORD-TOURNEO-CUSTOM-V362-MPV-LWB-PREFL-01	MEDIUM	长轴改款前乘用车身。	READY
118540_swb_facelift	118540	MPV	Tourneo Custom I	V362	5	EU-FORD-TOURNEO-CUSTOM-V362-MPV-SWB-FACELIFT-01	MEDIUM	短轴改款后乘用车身。	READY
118540_lwb_facelift	118540	MPV	Tourneo Custom I	V362	5	EU-FORD-TOURNEO-CUSTOM-V362-MPV-LWB-FACELIFT-01	MEDIUM	长轴改款后乘用车身。	READY
118541_swb_prefl	118541	MPV	Tourneo Custom I	V362	5	EU-FORD-TOURNEO-CUSTOM-V362-MPV-SWB-PREFL-01	MEDIUM	短轴改款前乘用车身。	READY
118541_lwb_prefl	118541	MPV	Tourneo Custom I	V362	5	EU-FORD-TOURNEO-CUSTOM-V362-MPV-LWB-PREFL-01	MEDIUM	长轴改款前乘用车身。	READY
118541_swb_facelift	118541	MPV	Tourneo Custom I	V362	5	EU-FORD-TOURNEO-CUSTOM-V362-MPV-SWB-FACELIFT-01	MEDIUM	短轴改款后乘用车身。	READY
118541_lwb_facelift	118541	MPV	Tourneo Custom I	V362	5	EU-FORD-TOURNEO-CUSTOM-V362-MPV-LWB-FACELIFT-01	MEDIUM	长轴改款后乘用车身。	READY
147112_swb	147112	MPV	Tourneo Custom I	V362	5	EU-FORD-TOURNEO-CUSTOM-V362-MPV-SWB-FACELIFT-01	MEDIUM	短轴改款后乘用车身。	READY
147112_lwb	147112	MPV	Tourneo Custom I	V362	5	EU-FORD-TOURNEO-CUSTOM-V362-MPV-LWB-FACELIFT-01	MEDIUM	长轴改款后乘用车身。	READY
147116_swb	147116	MPV	Tourneo Custom I	V362	5	EU-FORD-TOURNEO-CUSTOM-V362-MPV-SWB-FACELIFT-01	MEDIUM	短轴改款后乘用车身。	READY
147116_lwb	147116	MPV	Tourneo Custom I	V362	5	EU-FORD-TOURNEO-CUSTOM-V362-MPV-LWB-FACELIFT-01	MEDIUM	长轴改款后乘用车身。	READY
58535_swb	58535	MPV	Tourneo Custom I	V362	5	EU-FORD-TOURNEO-CUSTOM-V362-MPV-SWB-PREFL-01	MEDIUM	短轴改款前乘用车身。	READY
58535_lwb	58535	MPV	Tourneo Custom I	V362	5	EU-FORD-TOURNEO-CUSTOM-V362-MPV-LWB-PREFL-01	MEDIUM	长轴改款前乘用车身。	READY
58536_swb	58536	MPV	Tourneo Custom I	V362	5	EU-FORD-TOURNEO-CUSTOM-V362-MPV-SWB-PREFL-01	MEDIUM	短轴改款前乘用车身。	READY
58536_lwb	58536	MPV	Tourneo Custom I	V362	5	EU-FORD-TOURNEO-CUSTOM-V362-MPV-LWB-PREFL-01	MEDIUM	长轴改款前乘用车身。	READY
58537_swb	58537	MPV	Tourneo Custom I	V362	5	EU-FORD-TOURNEO-CUSTOM-V362-MPV-SWB-PREFL-01	MEDIUM	短轴改款前乘用车身。	READY
58537_lwb	58537	MPV	Tourneo Custom I	V362	5	EU-FORD-TOURNEO-CUSTOM-V362-MPV-LWB-PREFL-01	MEDIUM	长轴改款前乘用车身。	READY
152508_swb	152508	MPV	Tourneo Custom II	V710	5	EU-FORD-TOURNEO-CUSTOM-V710-MPV-SWB-01	MEDIUM	短轴L1乘用车身。	READY
152508_lwb	152508	MPV	Tourneo Custom II	V710	5	EU-FORD-TOURNEO-CUSTOM-V710-MPV-LWB-01	MEDIUM	长轴L2乘用车身。	READY
152510_swb	152510	MPV	Tourneo Custom II	V710	5	EU-FORD-TOURNEO-CUSTOM-V710-MPV-SWB-01	MEDIUM	短轴L1乘用车身。	READY
152510_lwb	152510	MPV	Tourneo Custom II	V710	5	EU-FORD-TOURNEO-CUSTOM-V710-MPV-LWB-01	MEDIUM	长轴L2乘用车身。	READY
152511_swb	152511	MPV	Tourneo Custom II	V710	5	EU-FORD-TOURNEO-CUSTOM-V710-MPV-SWB-01	MEDIUM	短轴L1乘用车身。	READY
152511_lwb	152511	MPV	Tourneo Custom II	V710	5	EU-FORD-TOURNEO-CUSTOM-V710-MPV-LWB-01	MEDIUM	长轴L2乘用车身。	READY
156440_swb	156440	MPV	Tourneo Custom II	V710	5	EU-FORD-TOURNEO-CUSTOM-V710-MPV-SWB-01	MEDIUM	短轴L1乘用车身。	READY
156440_lwb	156440	MPV	Tourneo Custom II	V710	5	EU-FORD-TOURNEO-CUSTOM-V710-MPV-LWB-01	MEDIUM	长轴L2乘用车身。	READY
152509_swb	152509	MPV	Tourneo Custom II	V710	5	EU-FORD-TOURNEO-CUSTOM-V710-MPV-SWB-01	MEDIUM	短轴L1四驱乘用车身。	READY
152509_lwb	152509	MPV	Tourneo Custom II	V710	5	EU-FORD-TOURNEO-CUSTOM-V710-MPV-LWB-01	MEDIUM	长轴L2四驱乘用车身。	READY
152512_swb	152512	MPV	Tourneo Custom II	V710	5	EU-FORD-TOURNEO-CUSTOM-V710-MPV-SWB-01	MEDIUM	短轴L1四驱乘用车身。	READY
152512_lwb	152512	MPV	Tourneo Custom II	V710	5	EU-FORD-TOURNEO-CUSTOM-V710-MPV-LWB-01	MEDIUM	长轴L2四驱乘用车身。	READY
156207_swb	156207	MPV	Tourneo Custom II	V710	5	EU-FORD-TOURNEO-CUSTOM-V710-MPV-SWB-01	MEDIUM	短轴L1插混乘用车身。	READY
156207_lwb	156207	MPV	Tourneo Custom II	V710	5	EU-FORD-TOURNEO-CUSTOM-V710-MPV-LWB-01	MEDIUM	长轴L2插混乘用车身。	READY
156966_swb	156966	MPV	Tourneo Custom II	V710	5	EU-FORD-TOURNEO-CUSTOM-V710-MPV-SWB-01	MEDIUM	短轴L1纯电乘用车身。	READY
156966_lwb	156966	MPV	Tourneo Custom II	V710	5	EU-FORD-TOURNEO-CUSTOM-V710-MPV-LWB-01	MEDIUM	长轴L2纯电乘用车身。	READY
159169_swb	159169	MPV	Tourneo Custom II	V710	5	EU-FORD-TOURNEO-CUSTOM-V710-MPV-SWB-01	MEDIUM	短轴L1纯电乘用车身。	READY
159169_lwb	159169	MPV	Tourneo Custom II	V710	5	EU-FORD-TOURNEO-CUSTOM-V710-MPV-LWB-01	MEDIUM	长轴L2纯电乘用车身。	READY
801406_swb	801406	MPV	Tourneo Custom II	V710	5	EU-FORD-TOURNEO-CUSTOM-V710-MPV-SWB-01	MEDIUM	短轴L1纯电乘用车身。	READY
801406_lwb	801406	MPV	Tourneo Custom II	V710	5	EU-FORD-TOURNEO-CUSTOM-V710-MPV-LWB-01	MEDIUM	长轴L2纯电乘用车身。	READY
802765_swb	802765	MPV	Tourneo Custom II	V710	5	EU-FORD-TOURNEO-CUSTOM-V710-MPV-SWB-01	MEDIUM	短轴L1纯电四驱乘用车身。	READY
802765_lwb	802765	MPV	Tourneo Custom II	V710	5	EU-FORD-TOURNEO-CUSTOM-V710-MPV-LWB-01	MEDIUM	长轴L2纯电四驱乘用车身。	READY
802766_swb	802766	MPV	Tourneo Custom II	V710	5	EU-FORD-TOURNEO-CUSTOM-V710-MPV-SWB-01	MEDIUM	短轴L1纯电四驱乘用车身。	READY
802766_lwb	802766	MPV	Tourneo Custom II	V710	5	EU-FORD-TOURNEO-CUSTOM-V710-MPV-LWB-01	MEDIUM	长轴L2纯电四驱乘用车身。	READY
11167_swb	11167	Pickup	Transit Mk1	74E	2	EU-FORD-TRANSIT-MK1-CHASSIS-SWB-01	MEDIUM	1.5短轴单排底盘驾驶室。	READY
11167_lwb	11167	Pickup	Transit Mk1	74E	2	EU-FORD-TRANSIT-MK1-CHASSIS-LWB-01	MEDIUM	1.5长轴单排底盘驾驶室。	READY
8720	8720	Van	Transit Mk3	TAS		EU-FORD-TRANSIT-VE6-VAN-SWB-LOWROOF-01	HIGH	TAS短轴低顶Kasten车身。	READY
11019	11019	Pickup	Transit Mk2		2	EU-FORD-TRANSIT-MK2-CHASSIS-SWB-01	MEDIUM	1.6汽油短轴单排底盘驾驶室。	READY
8717	8717	Pickup	Transit Mk2		2	EU-FORD-TRANSIT-MK2-CHASSIS-LWB-01	MEDIUM	2.0汽油长轴单排底盘驾驶室。	READY
8718	8718	Pickup	Transit Mk2		2	EU-FORD-TRANSIT-MK2-CHASSIS-LWB-01	MEDIUM	2.0汽油长轴单排底盘驾驶室。	READY
8719	8719	Van	Transit Mk2			EU-FORD-TRANSIT-MK2-VAN-LWB-HIGHROOF-01	MEDIUM	2.0汽油长轴高顶Kasten。	READY
8728_swb	8728	Pickup	Transit Mk3	TTS	2	EU-FORD-TRANSIT-VE6-CHASSIS-SWB-01	MEDIUM	TTS短轴单排底盘驾驶室。	READY
8728_lwb	8728	Pickup	Transit Mk3	TTL	2	EU-FORD-TRANSIT-VE6-CHASSIS-LWB-01	MEDIUM	TTL长轴单排底盘驾驶室。	READY
8728_extended	8728	Pickup	Transit Mk3	TTE	2	EU-FORD-TRANSIT-VE6-CHASSIS-EXTENDED-01	MEDIUM	TTE加长轴距单排底盘驾驶室。	READY
8763_swb_singlecab	8763	Pickup	Transit Mk5	EMS	2	EU-FORD-TRANSIT-VE83-CHASSIS-SWB-01	HIGH	EMS短轴单排底盘驾驶室。	READY
8763_swb_doublecab	8763	Pickup	Transit Mk5	ENS	4	EU-FORD-TRANSIT-VE83-CHASSIS-SWB-01	HIGH	ENS短轴双排底盘驾驶室。	READY
8763_lwb_singlecab	8763	Pickup	Transit Mk5	EML	2	EU-FORD-TRANSIT-VE83-CHASSIS-LWB-01	HIGH	EML长轴标准车架单排底盘驾驶室。	READY
8763_lwb_doublecab	8763	Pickup	Transit Mk5	ENL	4	EU-FORD-TRANSIT-VE83-CHASSIS-LWB-01	HIGH	ENL长轴标准车架双排底盘驾驶室。	READY
8763_extended_singlecab	8763	Pickup	Transit Mk5	EME	2	EU-FORD-TRANSIT-VE83-CHASSIS-EXTENDED-01	HIGH	EME长轴加长车架单排底盘驾驶室。	READY
8763_extended_doublecab	8763	Pickup	Transit Mk5	ENE	4	EU-FORD-TRANSIT-VE83-CHASSIS-EXTENDED-01	HIGH	ENE长轴加长车架双排底盘驾驶室。	READY
8788_swb_singlecab	8788	Pickup	Transit Mk4	EMS	2	EU-FORD-TRANSIT-VE64-CHASSIS-SWB-01	HIGH	EMS短轴单排底盘驾驶室。	READY
8788_swb_doublecab	8788	Pickup	Transit Mk4	ENS	4	EU-FORD-TRANSIT-VE64-CHASSIS-SWB-01	HIGH	ENS短轴双排底盘驾驶室。	READY
8788_lwb_singlecab	8788	Pickup	Transit Mk4	EML	2	EU-FORD-TRANSIT-VE64-CHASSIS-LWB-01	HIGH	EML长轴标准车架单排底盘驾驶室。	READY
8788_lwb_doublecab	8788	Pickup	Transit Mk4	ENL	4	EU-FORD-TRANSIT-VE64-CHASSIS-LWB-01	HIGH	ENL长轴标准车架双排底盘驾驶室。	READY
8788_extended_singlecab	8788	Pickup	Transit Mk4	EME	2	EU-FORD-TRANSIT-VE64-CHASSIS-EXTENDED-01	HIGH	EME长轴加长车架单排底盘驾驶室。	READY
8788_extended_doublecab	8788	Pickup	Transit Mk4	ENE	4	EU-FORD-TRANSIT-VE64-CHASSIS-EXTENDED-01	HIGH	ENE长轴加长车架双排底盘驾驶室。	READY
6616	6616	MPV	Transit Mk1			EU-FORD-TRANSIT-MK1-SWB-LOWROOF-01	MEDIUM	短轴低顶1000级Bus车身。	READY
6618	6618	MPV	Transit Mk1			EU-FORD-TRANSIT-MK1-SWB-LOWROOF-01	MEDIUM	短轴低顶1100级Bus车身。	READY
6613	6613	MPV	Transit Mk1			EU-FORD-TRANSIT-MK1-SWB-LOWROOF-01	MEDIUM	短轴低顶900级Bus车身。	READY
6614	6614	MPV	Transit Mk1			EU-FORD-TRANSIT-MK1-SWB-LOWROOF-01	MEDIUM	短轴低顶900级Bus车身。	READY
6617	6617	MPV	Transit Mk1			EU-FORD-TRANSIT-MK1-SWB-LOWROOF-01	MEDIUM	短轴低顶1000级Bus车身。	READY
6615	6615	MPV	Transit Mk1			EU-FORD-TRANSIT-MK1-SWB-LOWROOF-01	MEDIUM	短轴低顶900级Bus车身。	READY
11819	11819	Van	Transit Mk1	FT100		EU-FORD-TRANSIT-MK1-SWB-LOWROOF-01	HIGH	FT100短轴低顶Kasten车身。	READY
11820	11820	Pickup	Transit Mk1	74E	2	EU-FORD-TRANSIT-MK1-CHASSIS-SWB-01	HIGH	FT100短轴单排底盘驾驶室。	READY
6611	6611	Van	Taunus Transit	FK1250 S2		EU-FORD-TAUNUS-TRANSIT-FK1250-VAN-01	MEDIUM	FK1250 S2独立于1965年后的Transit Mk1。	READY
8722_swb_lowroof	8722	MPV	Transit Mk3	TBS		EU-FORD-TRANSIT-VE6-MPV-SWB-LOWROOF-01	MEDIUM	TBS短轴低顶Bus外廓。	READY
8722_swb_highroof	8722	MPV	Transit Mk3	TCS		EU-FORD-TRANSIT-VE6-MPV-SWB-HIGHROOF-01	MEDIUM	TCS短轴高顶Bus外廓。	READY
8722_lwb_highroof	8722	MPV	Transit Mk3	TCL		EU-FORD-TRANSIT-VE6-MPV-LWB-HIGHROOF-01	MEDIUM	TCL长轴高顶Bus外廓。	READY
11020	11020	Pickup	Transit Mk3	TUL		EU-FORD-TRANSIT-VE6-CHASSIS-LWB-01	MEDIUM	TUL长轴底盘车身。	READY
16563_swb	16563	MPV	Transit Mk5			EU-FORD-TRANSIT-VE83-MPV-SWB-LOWROOF-CNG-01	MEDIUM	短轴低顶CNG Bus分支。	READY
16563_lwb	16563	MPV	Transit Mk5			EU-FORD-TRANSIT-VE83-MPV-LWB-MEDIUMROOF-CNG-01	MEDIUM	长轴中顶CNG Bus分支。	READY
15641_swb_lowroof	15641	MPV	Transit Mk6	V185		EU-FORD-TRANSIT-V185-SWB-LOWROOF-01	MEDIUM	前驱短轴低顶Bus车身。	READY
15641_mwb_mediumroof	15641	MPV	Transit Mk6	V185		EU-FORD-TRANSIT-V185-MWB-MEDIUMROOF-01	MEDIUM	前驱中轴中顶Bus车身。	READY
15641_lwb_mediumroof	15641	MPV	Transit Mk6	V185		EU-FORD-TRANSIT-V185-LWB-MEDIUMROOF-01	MEDIUM	前驱长轴中顶Bus车身。	READY
15642_swb_lowroof	15642	MPV	Transit Mk6	V185		EU-FORD-TRANSIT-V185-SWB-LOWROOF-01	MEDIUM	前驱短轴低顶Bus车身。	READY
15642_mwb_mediumroof	15642	MPV	Transit Mk6	V185		EU-FORD-TRANSIT-V185-MWB-MEDIUMROOF-01	MEDIUM	前驱中轴中顶Bus车身。	READY
15642_lwb_mediumroof	15642	MPV	Transit Mk6	V185		EU-FORD-TRANSIT-V185-LWB-MEDIUMROOF-01	MEDIUM	前驱长轴中顶Bus车身。	READY
15643_swb_lowroof	15643	Van	Transit Mk6	V185		EU-FORD-TRANSIT-V185-SWB-LOWROOF-01	HIGH	前驱短轴低顶Kasten车身。	READY
15643_swb_mediumroof	15643	Van	Transit Mk6	V185		EU-FORD-TRANSIT-V185-SWB-MEDIUMROOF-01	HIGH	前驱短轴中顶Kasten车身。	READY
15643_mwb_mediumroof	15643	Van	Transit Mk6	V185		EU-FORD-TRANSIT-V185-MWB-MEDIUMROOF-01	HIGH	前驱中轴中顶Kasten车身。	READY
15643_mwb_highroof	15643	Van	Transit Mk6	V185		EU-FORD-TRANSIT-V185-MWB-HIGHROOF-01	HIGH	前驱中轴高顶Kasten车身。	READY
15643_lwb_mediumroof	15643	Van	Transit Mk6	V185		EU-FORD-TRANSIT-V185-LWB-MEDIUMROOF-01	HIGH	前驱长轴中顶Kasten车身。	READY
15643_lwb_highroof	15643	Van	Transit Mk6	V185		EU-FORD-TRANSIT-V185-LWB-HIGHROOF-01	HIGH	前驱长轴高顶Kasten车身。	READY
15644_swb_lowroof	15644	Van	Transit Mk6	V185		EU-FORD-TRANSIT-V185-SWB-LOWROOF-01	HIGH	前驱短轴低顶Kasten车身。	READY
15644_swb_mediumroof	15644	Van	Transit Mk6	V185		EU-FORD-TRANSIT-V185-SWB-MEDIUMROOF-01	HIGH	前驱短轴中顶Kasten车身。	READY
15644_mwb_mediumroof	15644	Van	Transit Mk6	V185		EU-FORD-TRANSIT-V185-MWB-MEDIUMROOF-01	HIGH	前驱中轴中顶Kasten车身。	READY
15644_mwb_highroof	15644	Van	Transit Mk6	V185		EU-FORD-TRANSIT-V185-MWB-HIGHROOF-01	HIGH	前驱中轴高顶Kasten车身。	READY
15644_lwb_mediumroof	15644	Van	Transit Mk6	V185		EU-FORD-TRANSIT-V185-LWB-MEDIUMROOF-01	HIGH	前驱长轴中顶Kasten车身。	READY
15644_lwb_highroof	15644	Van	Transit Mk6	V185		EU-FORD-TRANSIT-V185-LWB-HIGHROOF-01	HIGH	前驱长轴高顶Kasten车身。	READY
15645_swb	15645	Pickup	Transit Mk6	F_E_	2	EU-FORD-TRANSIT-V185-CHASSIS-SWB-01	MEDIUM	F_E_短轴单排底盘驾驶室。	READY
15645_mwb	15645	Pickup	Transit Mk6	F_F_	2	EU-FORD-TRANSIT-V185-CHASSIS-MWB-01	MEDIUM	F_F_中轴单排底盘驾驶室。	READY
15646_swb	15646	Pickup	Transit Mk6	F_E_	2	EU-FORD-TRANSIT-V185-CHASSIS-SWB-01	MEDIUM	F_E_短轴单排底盘驾驶室。	READY
15646_mwb	15646	Pickup	Transit Mk6	F_F_	2	EU-FORD-TRANSIT-V185-CHASSIS-MWB-01	MEDIUM	F_F_中轴单排底盘驾驶室。	READY
16097_swb_lowroof	16097	MPV	Transit Mk6	V185		EU-FORD-TRANSIT-V185-SWB-LOWROOF-01	MEDIUM	前驱短轴低顶Bus车身。	READY
16097_mwb_mediumroof	16097	MPV	Transit Mk6	V185		EU-FORD-TRANSIT-V185-MWB-MEDIUMROOF-01	MEDIUM	前驱中轴中顶Bus车身。	READY
16097_lwb_mediumroof	16097	MPV	Transit Mk6	V185		EU-FORD-TRANSIT-V185-LWB-MEDIUMROOF-01	MEDIUM	前驱长轴中顶Bus车身。	READY
16098_swb_lowroof	16098	Van	Transit Mk6	V185		EU-FORD-TRANSIT-V185-SWB-LOWROOF-01	HIGH	前驱短轴低顶Kasten车身。	READY
16098_swb_mediumroof	16098	Van	Transit Mk6	V185		EU-FORD-TRANSIT-V185-SWB-MEDIUMROOF-01	HIGH	前驱短轴中顶Kasten车身。	READY
16098_mwb_mediumroof	16098	Van	Transit Mk6	V185		EU-FORD-TRANSIT-V185-MWB-MEDIUMROOF-01	HIGH	前驱中轴中顶Kasten车身。	READY
16098_mwb_highroof	16098	Van	Transit Mk6	V185		EU-FORD-TRANSIT-V185-MWB-HIGHROOF-01	HIGH	前驱中轴高顶Kasten车身。	READY
16098_lwb_mediumroof	16098	Van	Transit Mk6	V185		EU-FORD-TRANSIT-V185-LWB-MEDIUMROOF-01	HIGH	前驱长轴中顶Kasten车身。	READY
16098_lwb_highroof	16098	Van	Transit Mk6	V185		EU-FORD-TRANSIT-V185-LWB-HIGHROOF-01	HIGH	前驱长轴高顶Kasten车身。	READY
16100_swb	16100	Pickup	Transit Mk6	F_E_	2	EU-FORD-TRANSIT-V185-CHASSIS-SWB-01	MEDIUM	F_E_短轴单排底盘驾驶室。	READY
16100_mwb	16100	Pickup	Transit Mk6	F_F_	2	EU-FORD-TRANSIT-V185-CHASSIS-MWB-01	MEDIUM	F_F_中轴单排底盘驾驶室。	READY
16877_swb_lowroof	16877	MPV	Transit Mk6	V185		EU-FORD-TRANSIT-V185-SWB-LOWROOF-01	MEDIUM	前驱短轴低顶Bus车身。	READY
16877_mwb_mediumroof	16877	MPV	Transit Mk6	V185		EU-FORD-TRANSIT-V185-MWB-MEDIUMROOF-01	MEDIUM	前驱中轴中顶Bus车身。	READY
16877_lwb_mediumroof	16877	MPV	Transit Mk6	V185		EU-FORD-TRANSIT-V185-LWB-MEDIUMROOF-01	MEDIUM	前驱长轴中顶Bus车身。	READY
16878_swb	16878	Pickup	Transit Mk6	F_E_	2	EU-FORD-TRANSIT-V185-CHASSIS-SWB-01	MEDIUM	F_E_短轴单排底盘驾驶室。	READY
16878_mwb	16878	Pickup	Transit Mk6	F_F_	2	EU-FORD-TRANSIT-V185-CHASSIS-MWB-01	MEDIUM	F_F_中轴单排底盘驾驶室。	READY
16879_swb_lowroof	16879	Van	Transit Mk6	V185		EU-FORD-TRANSIT-V185-SWB-LOWROOF-01	HIGH	前驱短轴低顶Kasten车身。	READY
16879_swb_mediumroof	16879	Van	Transit Mk6	V185		EU-FORD-TRANSIT-V185-SWB-MEDIUMROOF-01	HIGH	前驱短轴中顶Kasten车身。	READY
16879_mwb_mediumroof	16879	Van	Transit Mk6	V185		EU-FORD-TRANSIT-V185-MWB-MEDIUMROOF-01	HIGH	前驱中轴中顶Kasten车身。	READY
16879_mwb_highroof	16879	Van	Transit Mk6	V185		EU-FORD-TRANSIT-V185-MWB-HIGHROOF-01	HIGH	前驱中轴高顶Kasten车身。	READY
16879_lwb_mediumroof	16879	Van	Transit Mk6	V185		EU-FORD-TRANSIT-V185-LWB-MEDIUMROOF-01	HIGH	前驱长轴中顶Kasten车身。	READY
16879_lwb_highroof	16879	Van	Transit Mk6	V185		EU-FORD-TRANSIT-V185-LWB-HIGHROOF-01	HIGH	前驱长轴高顶Kasten车身。	READY
11955_mwb_mediumroof	11955	MPV	Transit Mk7	V347		EU-FORD-TRANSIT-V347-VAN-MWB-MEDIUMROOF-01	MEDIUM	前驱9座中轴中顶Bus外廓。	READY
11956_mwb_mediumroof	11956	MPV	Transit Mk7	V347		EU-FORD-TRANSIT-V347-VAN-MWB-MEDIUMROOF-01	MEDIUM	前驱9座中轴中顶Bus外廓。	READY
11960_swb_lowroof	11960	Van	Transit Mk7	V347		EU-FORD-TRANSIT-V347-VAN-SWB-LOWROOF-01	MEDIUM	前驱短轴低顶Kasten。	READY
11960_swb_mediumroof	11960	Van	Transit Mk7	V347		EU-FORD-TRANSIT-V347-VAN-SWB-MEDIUMROOF-01	MEDIUM	前驱短轴中顶Kasten。	READY
11960_mwb_lowroof	11960	Van	Transit Mk7	V347		EU-FORD-TRANSIT-V347-VAN-MWB-LOWROOF-01	MEDIUM	前驱中轴低顶Kasten。	READY
11960_mwb_mediumroof	11960	Van	Transit Mk7	V347		EU-FORD-TRANSIT-V347-VAN-MWB-MEDIUMROOF-01	MEDIUM	前驱中轴中顶Kasten。	READY
11960_mwb_highroof	11960	Van	Transit Mk7	V347		EU-FORD-TRANSIT-V347-VAN-MWB-HIGHROOF-01	MEDIUM	前驱中轴高顶Kasten。	READY
11960_lwb_mediumroof	11960	Van	Transit Mk7	V347		EU-FORD-TRANSIT-V347-VAN-LWB-MEDIUMROOF-01	MEDIUM	前驱长轴中顶Kasten。	READY
11960_lwb_highroof	11960	Van	Transit Mk7	V347		EU-FORD-TRANSIT-V347-VAN-LWB-HIGHROOF-01	MEDIUM	前驱长轴高顶Kasten。	READY
11962_swb_lowroof	11962	Van	Transit Mk7	V347		EU-FORD-TRANSIT-V347-VAN-SWB-LOWROOF-01	MEDIUM	前驱短轴低顶Kasten。	READY
11962_swb_mediumroof	11962	Van	Transit Mk7	V347		EU-FORD-TRANSIT-V347-VAN-SWB-MEDIUMROOF-01	MEDIUM	前驱短轴中顶Kasten。	READY
11962_mwb_lowroof	11962	Van	Transit Mk7	V347		EU-FORD-TRANSIT-V347-VAN-MWB-LOWROOF-01	MEDIUM	前驱中轴低顶Kasten。	READY
11962_mwb_mediumroof	11962	Van	Transit Mk7	V347		EU-FORD-TRANSIT-V347-VAN-MWB-MEDIUMROOF-01	MEDIUM	前驱中轴中顶Kasten。	READY
11962_mwb_highroof	11962	Van	Transit Mk7	V347		EU-FORD-TRANSIT-V347-VAN-MWB-HIGHROOF-01	MEDIUM	前驱中轴高顶Kasten。	READY
11962_lwb_mediumroof	11962	Van	Transit Mk7	V347		EU-FORD-TRANSIT-V347-VAN-LWB-MEDIUMROOF-01	MEDIUM	前驱长轴中顶Kasten。	READY
11962_lwb_highroof	11962	Van	Transit Mk7	V347		EU-FORD-TRANSIT-V347-VAN-LWB-HIGHROOF-01	MEDIUM	前驱长轴高顶Kasten。	READY
11966_swb	11966	Pickup	Transit Mk7	V347	2	EU-FORD-TRANSIT-V347-CHASSIS-SWB-SRW-01	MEDIUM	前驱短轴单排底盘驾驶室。	READY
11966_mwb	11966	Pickup	Transit Mk7	V347	2	EU-FORD-TRANSIT-V347-CHASSIS-MWB-SRW-01	MEDIUM	前驱中轴单排底盘驾驶室。	READY
11966_lwb_ef	11966	Pickup	Transit Mk7	V347	2	EU-FORD-TRANSIT-V347-CHASSIS-LWB-EF-SRW-01	MEDIUM	前驱长轴加长车架单排底盘驾驶室。	READY
11968_swb	11968	Pickup	Transit Mk7	V347	2	EU-FORD-TRANSIT-V347-CHASSIS-SWB-SRW-01	MEDIUM	前驱短轴单排底盘驾驶室。	READY
11968_mwb	11968	Pickup	Transit Mk7	V347	2	EU-FORD-TRANSIT-V347-CHASSIS-MWB-SRW-01	MEDIUM	前驱中轴单排底盘驾驶室。	READY
11968_lwb_ef	11968	Pickup	Transit Mk7	V347	2	EU-FORD-TRANSIT-V347-CHASSIS-LWB-EF-SRW-01	MEDIUM	前驱长轴加长车架单排底盘驾驶室。	READY
11965_swb_lowroof	11965	Van	Transit Mk7	V348		EU-FORD-TRANSIT-V348-VAN-SWB-LOWROOF-01	MEDIUM	四驱短轴低顶Kasten。	READY
11965_swb_mediumroof	11965	Van	Transit Mk7	V348		EU-FORD-TRANSIT-V348-VAN-SWB-MEDIUMROOF-01	MEDIUM	四驱短轴中顶Kasten。	READY
11965_mwb_mediumroof	11965	Van	Transit Mk7	V348		EU-FORD-TRANSIT-V348-VAN-MWB-MEDIUMROOF-01	MEDIUM	四驱中轴中顶Kasten。	READY
11965_mwb_highroof	11965	Van	Transit Mk7	V348		EU-FORD-TRANSIT-V348-VAN-MWB-HIGHROOF-01	MEDIUM	四驱中轴高顶Kasten。	READY
11965_lwb_mediumroof	11965	Van	Transit Mk7	V348		EU-FORD-TRANSIT-V348-VAN-LWB-MEDIUMROOF-01	MEDIUM	四驱长轴中顶Kasten。	READY
11965_lwb_highroof	11965	Van	Transit Mk7	V348		EU-FORD-TRANSIT-V348-VAN-LWB-HIGHROOF-01	MEDIUM	四驱长轴高顶Kasten。	READY
11970_mwb	11970	Pickup	Transit Mk7	V348	2	EU-FORD-TRANSIT-V348-CHASSIS-MWB-SRW-01	MEDIUM	四驱中轴单后轮底盘驾驶室。	READY
11957_lwb_mediumroof_drw	11957	MPV	Transit Mk7	V348		EU-FORD-TRANSIT-V348-MPV-LWB-MEDIUMROOF-DRW-01	MEDIUM	后驱14座长轴中顶双后轮Bus。	READY
11957_el_mediumroof_drw	11957	MPV	Transit Mk7	V348		EU-FORD-TRANSIT-V348-MPV-EL-MEDIUMROOF-DRW-01	MEDIUM	后驱17座超长轴中顶双后轮Bus。	READY
11957_el_highroof_drw	11957	MPV	Transit Mk7	V348		EU-FORD-TRANSIT-V348-MPV-EL-HIGHROOF-DRW-01	MEDIUM	后驱17座超长轴高顶双后轮Bus。	READY
11958_lwb_mediumroof_drw	11958	MPV	Transit Mk7	V348		EU-FORD-TRANSIT-V348-MPV-LWB-MEDIUMROOF-DRW-01	MEDIUM	后驱14座长轴中顶双后轮Bus。	READY
11958_el_mediumroof_drw	11958	MPV	Transit Mk7	V348		EU-FORD-TRANSIT-V348-MPV-EL-MEDIUMROOF-DRW-01	MEDIUM	后驱17座超长轴中顶双后轮Bus。	READY
11958_el_highroof_drw	11958	MPV	Transit Mk7	V348		EU-FORD-TRANSIT-V348-MPV-EL-HIGHROOF-DRW-01	MEDIUM	后驱17座超长轴高顶双后轮Bus。	READY
11961_swb_lowroof	11961	Van	Transit Mk7	V348		EU-FORD-TRANSIT-V348-VAN-SWB-LOWROOF-01	MEDIUM	后驱短轴低顶Kasten。	READY
11961_swb_mediumroof	11961	Van	Transit Mk7	V348		EU-FORD-TRANSIT-V348-VAN-SWB-MEDIUMROOF-01	MEDIUM	后驱短轴中顶Kasten。	READY
11961_mwb_mediumroof	11961	Van	Transit Mk7	V348		EU-FORD-TRANSIT-V348-VAN-MWB-MEDIUMROOF-01	MEDIUM	后驱中轴中顶Kasten。	READY
11961_mwb_highroof	11961	Van	Transit Mk7	V348		EU-FORD-TRANSIT-V348-VAN-MWB-HIGHROOF-01	MEDIUM	后驱中轴高顶Kasten。	READY
11961_lwb_mediumroof	11961	Van	Transit Mk7	V348		EU-FORD-TRANSIT-V348-VAN-LWB-MEDIUMROOF-01	MEDIUM	后驱长轴中顶Kasten。	READY
11961_lwb_highroof	11961	Van	Transit Mk7	V348		EU-FORD-TRANSIT-V348-VAN-LWB-HIGHROOF-01	MEDIUM	后驱长轴高顶Kasten。	READY
11961_el_highroof_srw	11961	Van	Transit Mk7	V348		EU-FORD-TRANSIT-V348-VAN-EL-HIGHROOF-SRW-01	MEDIUM	后驱超长轴高顶单后轮Kasten。	READY
11961_el_highroof_drw	11961	Van	Transit Mk7	V348		EU-FORD-TRANSIT-V348-VAN-EL-HIGHROOF-DRW-01	MEDIUM	后驱超长轴高顶双后轮Kasten。	READY
11963_swb_lowroof	11963	Van	Transit Mk7	V348		EU-FORD-TRANSIT-V348-VAN-SWB-LOWROOF-01	MEDIUM	后驱短轴低顶Kasten。	READY
11963_swb_mediumroof	11963	Van	Transit Mk7	V348		EU-FORD-TRANSIT-V348-VAN-SWB-MEDIUMROOF-01	MEDIUM	后驱短轴中顶Kasten。	READY
11963_mwb_mediumroof	11963	Van	Transit Mk7	V348		EU-FORD-TRANSIT-V348-VAN-MWB-MEDIUMROOF-01	MEDIUM	后驱中轴中顶Kasten。	READY
11963_mwb_highroof	11963	Van	Transit Mk7	V348		EU-FORD-TRANSIT-V348-VAN-MWB-HIGHROOF-01	MEDIUM	后驱中轴高顶Kasten。	READY
11963_lwb_mediumroof	11963	Van	Transit Mk7	V348		EU-FORD-TRANSIT-V348-VAN-LWB-MEDIUMROOF-01	MEDIUM	后驱长轴中顶Kasten。	READY
11963_lwb_highroof	11963	Van	Transit Mk7	V348		EU-FORD-TRANSIT-V348-VAN-LWB-HIGHROOF-01	MEDIUM	后驱长轴高顶Kasten。	READY
11963_el_highroof_srw	11963	Van	Transit Mk7	V348		EU-FORD-TRANSIT-V348-VAN-EL-HIGHROOF-SRW-01	MEDIUM	后驱超长轴高顶单后轮Kasten。	READY
11963_el_highroof_drw	11963	Van	Transit Mk7	V348		EU-FORD-TRANSIT-V348-VAN-EL-HIGHROOF-DRW-01	MEDIUM	后驱超长轴高顶双后轮Kasten。	READY
11964_swb_lowroof	11964	Van	Transit Mk7	V348		EU-FORD-TRANSIT-V348-VAN-SWB-LOWROOF-01	MEDIUM	后驱短轴低顶Kasten。	READY
11964_swb_mediumroof	11964	Van	Transit Mk7	V348		EU-FORD-TRANSIT-V348-VAN-SWB-MEDIUMROOF-01	MEDIUM	后驱短轴中顶Kasten。	READY
11964_mwb_mediumroof	11964	Van	Transit Mk7	V348		EU-FORD-TRANSIT-V348-VAN-MWB-MEDIUMROOF-01	MEDIUM	后驱中轴中顶Kasten。	READY
11964_mwb_highroof	11964	Van	Transit Mk7	V348		EU-FORD-TRANSIT-V348-VAN-MWB-HIGHROOF-01	MEDIUM	后驱中轴高顶Kasten。	READY
11964_lwb_mediumroof	11964	Van	Transit Mk7	V348		EU-FORD-TRANSIT-V348-VAN-LWB-MEDIUMROOF-01	MEDIUM	后驱长轴中顶Kasten。	READY
11964_lwb_highroof	11964	Van	Transit Mk7	V348		EU-FORD-TRANSIT-V348-VAN-LWB-HIGHROOF-01	MEDIUM	后驱长轴高顶Kasten。	READY
11964_el_highroof_srw	11964	Van	Transit Mk7	V348		EU-FORD-TRANSIT-V348-VAN-EL-HIGHROOF-SRW-01	MEDIUM	后驱超长轴高顶单后轮Kasten。	READY
11964_el_highroof_drw	11964	Van	Transit Mk7	V348		EU-FORD-TRANSIT-V348-VAN-EL-HIGHROOF-DRW-01	MEDIUM	后驱超长轴高顶双后轮Kasten。	READY
11967_mwb_srw	11967	Pickup	Transit Mk7	V348	2	EU-FORD-TRANSIT-V348-CHASSIS-MWB-SRW-01	MEDIUM	后驱中轴单后轮底盘驾驶室。	READY
11967_mwb_drw	11967	Pickup	Transit Mk7	V348	2	EU-FORD-TRANSIT-V348-CHASSIS-MWB-DRW-01	MEDIUM	后驱中轴双后轮底盘驾驶室。	READY
11967_lwb_srw	11967	Pickup	Transit Mk7	V348	2	EU-FORD-TRANSIT-V348-CHASSIS-LWB-SRW-01	MEDIUM	后驱长轴单后轮底盘驾驶室。	READY
11967_lwb_drw	11967	Pickup	Transit Mk7	V348	2	EU-FORD-TRANSIT-V348-CHASSIS-LWB-DRW-01	MEDIUM	后驱长轴双后轮底盘驾驶室。	READY
11967_lwb_ef_srw	11967	Pickup	Transit Mk7	V348	2	EU-FORD-TRANSIT-V348-CHASSIS-LWB-EF-SRW-01	MEDIUM	后驱长轴加长车架单后轮底盘驾驶室。	READY
11967_lwb_ef_drw	11967	Pickup	Transit Mk7	V348	2	EU-FORD-TRANSIT-V348-CHASSIS-LWB-EF-DRW-01	MEDIUM	后驱长轴加长车架双后轮底盘驾驶室。	READY
11969_mwb_srw	11969	Pickup	Transit V348	V348		EU-FORD-TRANSIT-V348-CHASSIS-MWB-SRW-01	MEDIUM	中轴单后轮底盘外廓。	READY
11969_mwb_drw	11969	Pickup	Transit V348	V348		EU-FORD-TRANSIT-V348-CHASSIS-MWB-DRW-01	MEDIUM	中轴双后轮底盘外廓。	READY
11969_lwb_srw	11969	Pickup	Transit V348	V348		EU-FORD-TRANSIT-V348-CHASSIS-LWB-SRW-01	MEDIUM	长轴单后轮底盘外廓。	READY
11969_lwb_drw	11969	Pickup	Transit V348	V348		EU-FORD-TRANSIT-V348-CHASSIS-LWB-DRW-01	MEDIUM	长轴双后轮底盘外廓。	READY
11969_lwb_ef_srw	11969	Pickup	Transit V348	V348		EU-FORD-TRANSIT-V348-CHASSIS-LWB-EF-SRW-01	MEDIUM	加长轴单后轮底盘外廓。	READY
11969_lwb_ef_drw	11969	Pickup	Transit V348	V348		EU-FORD-TRANSIT-V348-CHASSIS-LWB-EF-DRW-01	MEDIUM	加长轴双后轮底盘外廓。	READY
11971_mwb_srw	11971	Pickup	Transit V348	V348		EU-FORD-TRANSIT-V348-CHASSIS-MWB-SRW-01	MEDIUM	中轴单后轮底盘外廓。	READY
11971_mwb_drw	11971	Pickup	Transit V348	V348		EU-FORD-TRANSIT-V348-CHASSIS-MWB-DRW-01	MEDIUM	中轴双后轮底盘外廓。	READY
11971_lwb_srw	11971	Pickup	Transit V348	V348		EU-FORD-TRANSIT-V348-CHASSIS-LWB-SRW-01	MEDIUM	长轴单后轮底盘外廓。	READY
11971_lwb_drw	11971	Pickup	Transit V348	V348		EU-FORD-TRANSIT-V348-CHASSIS-LWB-DRW-01	MEDIUM	长轴双后轮底盘外廓。	READY
11971_lwb_ef_srw	11971	Pickup	Transit V348	V348		EU-FORD-TRANSIT-V348-CHASSIS-LWB-EF-SRW-01	MEDIUM	加长轴单后轮底盘外廓。	READY
11971_lwb_ef_drw	11971	Pickup	Transit V348	V348		EU-FORD-TRANSIT-V348-CHASSIS-LWB-EF-DRW-01	MEDIUM	加长轴双后轮底盘外廓。	READY
54979_lwb_mediumroof	54979	MPV	Transit V348	V348		EU-FORD-TRANSIT-V348-MPV-LWB-MEDIUMROOF-DRW-01	MEDIUM	长轴中顶乘用外廓。	READY
54979_el_mediumroof	54979	MPV	Transit V348	V348		EU-FORD-TRANSIT-V348-MPV-EL-MEDIUMROOF-DRW-01	MEDIUM	加长轴中顶乘用外廓。	READY
54979_el_highroof	54979	MPV	Transit V348	V348		EU-FORD-TRANSIT-V348-MPV-EL-HIGHROOF-DRW-01	MEDIUM	加长轴高顶乘用外廓。	READY
145254_lwb_mediumroof	145254	MPV	Transit V348	V348		EU-FORD-TRANSIT-V348-MPV-LWB-MEDIUMROOF-DRW-01	MEDIUM	长轴中顶乘用外廓。	READY
145254_el_mediumroof	145254	MPV	Transit V348	V348		EU-FORD-TRANSIT-V348-MPV-EL-MEDIUMROOF-DRW-01	MEDIUM	加长轴中顶乘用外廓。	READY
145254_el_highroof	145254	MPV	Transit V348	V348		EU-FORD-TRANSIT-V348-MPV-EL-HIGHROOF-DRW-01	MEDIUM	加长轴高顶乘用外廓。	READY
16101_swb	16101	Pickup	Transit V185	V185		EU-FORD-TRANSIT-V185-CHASSIS-SWB-01	MEDIUM	短轴底盘外廓。	READY
16101_mwb	16101	Pickup	Transit V185	V185		EU-FORD-TRANSIT-V185-CHASSIS-MWB-01	MEDIUM	中轴底盘外廓。	READY
111065_mwb_srw	111065	Pickup	Transit V348	V348		EU-FORD-TRANSIT-V348-CHASSIS-MWB-SRW-01	MEDIUM	中轴单后轮底盘外廓。	READY
111065_mwb_drw	111065	Pickup	Transit V348	V348		EU-FORD-TRANSIT-V348-CHASSIS-MWB-DRW-01	MEDIUM	中轴双后轮底盘外廓。	READY
111065_lwb_srw	111065	Pickup	Transit V348	V348		EU-FORD-TRANSIT-V348-CHASSIS-LWB-SRW-01	MEDIUM	长轴单后轮底盘外廓。	READY
111065_lwb_drw	111065	Pickup	Transit V348	V348		EU-FORD-TRANSIT-V348-CHASSIS-LWB-DRW-01	MEDIUM	长轴双后轮底盘外廓。	READY
111065_lwb_ef_srw	111065	Pickup	Transit V348	V348		EU-FORD-TRANSIT-V348-CHASSIS-LWB-EF-SRW-01	MEDIUM	加长轴单后轮底盘外廓。	READY
111065_lwb_ef_drw	111065	Pickup	Transit V348	V348		EU-FORD-TRANSIT-V348-CHASSIS-LWB-EF-DRW-01	MEDIUM	加长轴双后轮底盘外廓。	READY
111066_swb_lowroof	111066	Van	Transit V348	V348		EU-FORD-TRANSIT-V348-VAN-SWB-LOWROOF-01	MEDIUM	短轴低顶厢式外廓。	READY
111066_swb_mediumroof	111066	Van	Transit V348	V348		EU-FORD-TRANSIT-V348-VAN-SWB-MEDIUMROOF-01	MEDIUM	短轴中顶厢式外廓。	READY
111066_mwb_mediumroof	111066	Van	Transit V348	V348		EU-FORD-TRANSIT-V348-VAN-MWB-MEDIUMROOF-01	MEDIUM	中轴中顶厢式外廓。	READY
111066_mwb_highroof	111066	Van	Transit V348	V348		EU-FORD-TRANSIT-V348-VAN-MWB-HIGHROOF-01	MEDIUM	中轴高顶厢式外廓。	READY
111066_lwb_mediumroof	111066	Van	Transit V348	V348		EU-FORD-TRANSIT-V348-VAN-LWB-MEDIUMROOF-01	MEDIUM	长轴中顶厢式外廓。	READY
111066_lwb_highroof	111066	Van	Transit V348	V348		EU-FORD-TRANSIT-V348-VAN-LWB-HIGHROOF-01	MEDIUM	长轴高顶厢式外廓。	READY
111063_mwb_srw	111063	Pickup	Transit V348	V348		EU-FORD-TRANSIT-V348-CHASSIS-MWB-SRW-01	MEDIUM	中轴单后轮底盘外廓。	READY
111063_mwb_drw	111063	Pickup	Transit V348	V348		EU-FORD-TRANSIT-V348-CHASSIS-MWB-DRW-01	MEDIUM	中轴双后轮底盘外廓。	READY
111063_lwb_srw	111063	Pickup	Transit V348	V348		EU-FORD-TRANSIT-V348-CHASSIS-LWB-SRW-01	MEDIUM	长轴单后轮底盘外廓。	READY
111063_lwb_drw	111063	Pickup	Transit V348	V348		EU-FORD-TRANSIT-V348-CHASSIS-LWB-DRW-01	MEDIUM	长轴双后轮底盘外廓。	READY
111063_lwb_ef_srw	111063	Pickup	Transit V348	V348		EU-FORD-TRANSIT-V348-CHASSIS-LWB-EF-SRW-01	MEDIUM	加长轴单后轮底盘外廓。	READY
111063_lwb_ef_drw	111063	Pickup	Transit V348	V348		EU-FORD-TRANSIT-V348-CHASSIS-LWB-EF-DRW-01	MEDIUM	加长轴双后轮底盘外廓。	READY
111064_swb_lowroof	111064	Van	Transit V348	V348		EU-FORD-TRANSIT-V348-VAN-SWB-LOWROOF-01	MEDIUM	短轴低顶厢式外廓。	READY
111064_swb_mediumroof	111064	Van	Transit V348	V348		EU-FORD-TRANSIT-V348-VAN-SWB-MEDIUMROOF-01	MEDIUM	短轴中顶厢式外廓。	READY
111064_mwb_mediumroof	111064	Van	Transit V348	V348		EU-FORD-TRANSIT-V348-VAN-MWB-MEDIUMROOF-01	MEDIUM	中轴中顶厢式外廓。	READY
111064_mwb_highroof	111064	Van	Transit V348	V348		EU-FORD-TRANSIT-V348-VAN-MWB-HIGHROOF-01	MEDIUM	中轴高顶厢式外廓。	READY
111064_lwb_mediumroof	111064	Van	Transit V348	V348		EU-FORD-TRANSIT-V348-VAN-LWB-MEDIUMROOF-01	MEDIUM	长轴中顶厢式外廓。	READY
111064_lwb_highroof	111064	Van	Transit V348	V348		EU-FORD-TRANSIT-V348-VAN-LWB-HIGHROOF-01	MEDIUM	长轴高顶厢式外廓。	READY
16096_swb_lowroof	16096	MPV	Transit V185	V185		EU-FORD-TRANSIT-V185-SWB-LOWROOF-01	MEDIUM	短轴低顶乘用外廓。	READY
16096_swb_mediumroof	16096	MPV	Transit V185	V185		EU-FORD-TRANSIT-V185-SWB-MEDIUMROOF-01	MEDIUM	短轴中顶乘用外廓。	READY
16096_mwb_mediumroof	16096	MPV	Transit V185	V185		EU-FORD-TRANSIT-V185-MWB-MEDIUMROOF-01	MEDIUM	中轴中顶乘用外廓。	READY
16096_mwb_highroof	16096	MPV	Transit V185	V185		EU-FORD-TRANSIT-V185-MWB-HIGHROOF-01	MEDIUM	中轴高顶乘用外廓。	READY
16096_lwb_mediumroof	16096	MPV	Transit V185	V185		EU-FORD-TRANSIT-V185-LWB-MEDIUMROOF-01	MEDIUM	长轴中顶乘用外廓。	READY
16096_lwb_highroof	16096	MPV	Transit V185	V185		EU-FORD-TRANSIT-V185-LWB-HIGHROOF-01	MEDIUM	长轴高顶乘用外廓。	READY
16099_swb_lowroof	16099	Van	Transit V185	V185		EU-FORD-TRANSIT-V185-SWB-LOWROOF-01	MEDIUM	短轴低顶厢式外廓。	READY
16099_swb_mediumroof	16099	Van	Transit V185	V185		EU-FORD-TRANSIT-V185-SWB-MEDIUMROOF-01	MEDIUM	短轴中顶厢式外廓。	READY
16099_mwb_mediumroof	16099	Van	Transit V185	V185		EU-FORD-TRANSIT-V185-MWB-MEDIUMROOF-01	MEDIUM	中轴中顶厢式外廓。	READY
16099_mwb_highroof	16099	Van	Transit V185	V185		EU-FORD-TRANSIT-V185-MWB-HIGHROOF-01	MEDIUM	中轴高顶厢式外廓。	READY
16099_lwb_mediumroof	16099	Van	Transit V185	V185		EU-FORD-TRANSIT-V185-LWB-MEDIUMROOF-01	MEDIUM	长轴中顶厢式外廓。	READY
16099_lwb_highroof	16099	Van	Transit V185	V185		EU-FORD-TRANSIT-V185-LWB-HIGHROOF-01	MEDIUM	长轴高顶厢式外廓。	READY
14730_swb_lowroof	14730	MPV	Transit V185	V185		EU-FORD-TRANSIT-V185-SWB-LOWROOF-01	MEDIUM	短轴低顶乘用外廓。	READY
14730_swb_mediumroof	14730	MPV	Transit V185	V185		EU-FORD-TRANSIT-V185-SWB-MEDIUMROOF-01	MEDIUM	短轴中顶乘用外廓。	READY
14730_mwb_mediumroof	14730	MPV	Transit V185	V185		EU-FORD-TRANSIT-V185-MWB-MEDIUMROOF-01	MEDIUM	中轴中顶乘用外廓。	READY
14730_mwb_highroof	14730	MPV	Transit V185	V185		EU-FORD-TRANSIT-V185-MWB-HIGHROOF-01	MEDIUM	中轴高顶乘用外廓。	READY
14730_lwb_mediumroof	14730	MPV	Transit V185	V185		EU-FORD-TRANSIT-V185-LWB-MEDIUMROOF-01	MEDIUM	长轴中顶乘用外廓。	READY
14730_lwb_highroof	14730	MPV	Transit V185	V185		EU-FORD-TRANSIT-V185-LWB-HIGHROOF-01	MEDIUM	长轴高顶乘用外廓。	READY
14731_swb_lowroof	14731	Van	Transit V185	V185		EU-FORD-TRANSIT-V185-SWB-LOWROOF-01	MEDIUM	短轴低顶厢式外廓。	READY
14731_swb_mediumroof	14731	Van	Transit V185	V185		EU-FORD-TRANSIT-V185-SWB-MEDIUMROOF-01	MEDIUM	短轴中顶厢式外廓。	READY
14731_mwb_mediumroof	14731	Van	Transit V185	V185		EU-FORD-TRANSIT-V185-MWB-MEDIUMROOF-01	MEDIUM	中轴中顶厢式外廓。	READY
14731_mwb_highroof	14731	Van	Transit V185	V185		EU-FORD-TRANSIT-V185-MWB-HIGHROOF-01	MEDIUM	中轴高顶厢式外廓。	READY
14731_lwb_mediumroof	14731	Van	Transit V185	V185		EU-FORD-TRANSIT-V185-LWB-MEDIUMROOF-01	MEDIUM	长轴中顶厢式外廓。	READY
14731_lwb_highroof	14731	Van	Transit V185	V185		EU-FORD-TRANSIT-V185-LWB-HIGHROOF-01	MEDIUM	长轴高顶厢式外廓。	READY
14733_swb	14733	Pickup	Transit V185	V185		EU-FORD-TRANSIT-V185-CHASSIS-SWB-01	MEDIUM	短轴底盘外廓。	READY
14733_mwb	14733	Pickup	Transit V185	V185		EU-FORD-TRANSIT-V185-CHASSIS-MWB-01	MEDIUM	中轴底盘外廓。	READY
14734_swb	14734	Pickup	Transit V185	V185		EU-FORD-TRANSIT-V185-CHASSIS-SWB-01	MEDIUM	短轴底盘外廓。	READY
14734_mwb	14734	Pickup	Transit V185	V185		EU-FORD-TRANSIT-V185-CHASSIS-MWB-01	MEDIUM	中轴底盘外廓。	READY
14850_swb	14850	Pickup	Transit V185	V185		EU-FORD-TRANSIT-V185-CHASSIS-SWB-01	MEDIUM	短轴底盘外廓。	READY
14850_mwb	14850	Pickup	Transit V185	V185		EU-FORD-TRANSIT-V185-CHASSIS-MWB-01	MEDIUM	中轴底盘外廓。	READY
14729_swb_lowroof	14729	MPV	Transit V185	V185		EU-FORD-TRANSIT-V185-SWB-LOWROOF-01	MEDIUM	短轴低顶乘用外廓。	READY
14729_swb_mediumroof	14729	MPV	Transit V185	V185		EU-FORD-TRANSIT-V185-SWB-MEDIUMROOF-01	MEDIUM	短轴中顶乘用外廓。	READY
14729_mwb_mediumroof	14729	MPV	Transit V185	V185		EU-FORD-TRANSIT-V185-MWB-MEDIUMROOF-01	MEDIUM	中轴中顶乘用外廓。	READY
14729_mwb_highroof	14729	MPV	Transit V185	V185		EU-FORD-TRANSIT-V185-MWB-HIGHROOF-01	MEDIUM	中轴高顶乘用外廓。	READY
14729_lwb_mediumroof	14729	MPV	Transit V185	V185		EU-FORD-TRANSIT-V185-LWB-MEDIUMROOF-01	MEDIUM	长轴中顶乘用外廓。	READY
14729_lwb_highroof	14729	MPV	Transit V185	V185		EU-FORD-TRANSIT-V185-LWB-HIGHROOF-01	MEDIUM	长轴高顶乘用外廓。	READY
14732_swb_lowroof	14732	Van	Transit V185	V185		EU-FORD-TRANSIT-V185-SWB-LOWROOF-01	MEDIUM	短轴低顶厢式外廓。	READY
14732_swb_mediumroof	14732	Van	Transit V185	V185		EU-FORD-TRANSIT-V185-SWB-MEDIUMROOF-01	MEDIUM	短轴中顶厢式外廓。	READY
14732_mwb_mediumroof	14732	Van	Transit V185	V185		EU-FORD-TRANSIT-V185-MWB-MEDIUMROOF-01	MEDIUM	中轴中顶厢式外廓。	READY
14732_mwb_highroof	14732	Van	Transit V185	V185		EU-FORD-TRANSIT-V185-MWB-HIGHROOF-01	MEDIUM	中轴高顶厢式外廓。	READY
14732_lwb_mediumroof	14732	Van	Transit V185	V185		EU-FORD-TRANSIT-V185-LWB-MEDIUMROOF-01	MEDIUM	长轴中顶厢式外廓。	READY
14732_lwb_highroof	14732	Van	Transit V185	V185		EU-FORD-TRANSIT-V185-LWB-HIGHROOF-01	MEDIUM	长轴高顶厢式外廓。	READY
14848_swb_lowroof	14848	MPV	Transit V185	V185		EU-FORD-TRANSIT-V185-SWB-LOWROOF-01	MEDIUM	短轴低顶乘用外廓。	READY
14848_swb_mediumroof	14848	MPV	Transit V185	V185		EU-FORD-TRANSIT-V185-SWB-MEDIUMROOF-01	MEDIUM	短轴中顶乘用外廓。	READY
14848_mwb_mediumroof	14848	MPV	Transit V185	V185		EU-FORD-TRANSIT-V185-MWB-MEDIUMROOF-01	MEDIUM	中轴中顶乘用外廓。	READY
14848_mwb_highroof	14848	MPV	Transit V185	V185		EU-FORD-TRANSIT-V185-MWB-HIGHROOF-01	MEDIUM	中轴高顶乘用外廓。	READY
14848_lwb_mediumroof	14848	MPV	Transit V185	V185		EU-FORD-TRANSIT-V185-LWB-MEDIUMROOF-01	MEDIUM	长轴中顶乘用外廓。	READY
14848_lwb_highroof	14848	MPV	Transit V185	V185		EU-FORD-TRANSIT-V185-LWB-HIGHROOF-01	MEDIUM	长轴高顶乘用外廓。	READY
14849_swb_lowroof	14849	Van	Transit V185	V185		EU-FORD-TRANSIT-V185-SWB-LOWROOF-01	MEDIUM	短轴低顶厢式外廓。	READY
14849_swb_mediumroof	14849	Van	Transit V185	V185		EU-FORD-TRANSIT-V185-SWB-MEDIUMROOF-01	MEDIUM	短轴中顶厢式外廓。	READY
14849_mwb_mediumroof	14849	Van	Transit V185	V185		EU-FORD-TRANSIT-V185-MWB-MEDIUMROOF-01	MEDIUM	中轴中顶厢式外廓。	READY
14849_mwb_highroof	14849	Van	Transit V185	V185		EU-FORD-TRANSIT-V185-MWB-HIGHROOF-01	MEDIUM	中轴高顶厢式外廓。	READY
14849_lwb_mediumroof	14849	Van	Transit V185	V185		EU-FORD-TRANSIT-V185-LWB-MEDIUMROOF-01	MEDIUM	长轴中顶厢式外廓。	READY
14849_lwb_highroof	14849	Van	Transit V185	V185		EU-FORD-TRANSIT-V185-LWB-HIGHROOF-01	MEDIUM	长轴高顶厢式外廓。	READY
18089_swb	18089	Pickup	Transit V185	V185		EU-FORD-TRANSIT-V185-CHASSIS-SWB-01	MEDIUM	短轴底盘外廓。	READY
18089_mwb	18089	Pickup	Transit V185	V185		EU-FORD-TRANSIT-V185-CHASSIS-MWB-01	MEDIUM	中轴底盘外廓。	READY
18090_swb_lowroof	18090	Van	Transit V185	V185		EU-FORD-TRANSIT-V185-SWB-LOWROOF-01	MEDIUM	短轴低顶厢式外廓。	READY
18090_swb_mediumroof	18090	Van	Transit V185	V185		EU-FORD-TRANSIT-V185-SWB-MEDIUMROOF-01	MEDIUM	短轴中顶厢式外廓。	READY
18090_mwb_mediumroof	18090	Van	Transit V185	V185		EU-FORD-TRANSIT-V185-MWB-MEDIUMROOF-01	MEDIUM	中轴中顶厢式外廓。	READY
18090_mwb_highroof	18090	Van	Transit V185	V185		EU-FORD-TRANSIT-V185-MWB-HIGHROOF-01	MEDIUM	中轴高顶厢式外廓。	READY
18090_lwb_mediumroof	18090	Van	Transit V185	V185		EU-FORD-TRANSIT-V185-LWB-MEDIUMROOF-01	MEDIUM	长轴中顶厢式外廓。	READY
18090_lwb_highroof	18090	Van	Transit V185	V185		EU-FORD-TRANSIT-V185-LWB-HIGHROOF-01	MEDIUM	长轴高顶厢式外廓。	READY
18091_swb_lowroof	18091	MPV	Transit V185	V185		EU-FORD-TRANSIT-V185-SWB-LOWROOF-01	MEDIUM	短轴低顶乘用外廓。	READY
18091_swb_mediumroof	18091	MPV	Transit V185	V185		EU-FORD-TRANSIT-V185-SWB-MEDIUMROOF-01	MEDIUM	短轴中顶乘用外廓。	READY
18091_mwb_mediumroof	18091	MPV	Transit V185	V185		EU-FORD-TRANSIT-V185-MWB-MEDIUMROOF-01	MEDIUM	中轴中顶乘用外廓。	READY
18091_mwb_highroof	18091	MPV	Transit V185	V185		EU-FORD-TRANSIT-V185-MWB-HIGHROOF-01	MEDIUM	中轴高顶乘用外廓。	READY
18091_lwb_mediumroof	18091	MPV	Transit V185	V185		EU-FORD-TRANSIT-V185-LWB-MEDIUMROOF-01	MEDIUM	长轴中顶乘用外廓。	READY
18091_lwb_highroof	18091	MPV	Transit V185	V185		EU-FORD-TRANSIT-V185-LWB-HIGHROOF-01	MEDIUM	长轴高顶乘用外廓。	READY
16551_swb_lowroof	16551	MPV	Transit V185	V185		EU-FORD-TRANSIT-V185-SWB-LOWROOF-01	MEDIUM	短轴低顶乘用外廓。	READY
16551_swb_mediumroof	16551	MPV	Transit V185	V185		EU-FORD-TRANSIT-V185-SWB-MEDIUMROOF-01	MEDIUM	短轴中顶乘用外廓。	READY
16551_mwb_mediumroof	16551	MPV	Transit V185	V185		EU-FORD-TRANSIT-V185-MWB-MEDIUMROOF-01	MEDIUM	中轴中顶乘用外廓。	READY
16551_mwb_highroof	16551	MPV	Transit V185	V185		EU-FORD-TRANSIT-V185-MWB-HIGHROOF-01	MEDIUM	中轴高顶乘用外廓。	READY
16551_lwb_mediumroof	16551	MPV	Transit V185	V185		EU-FORD-TRANSIT-V185-LWB-MEDIUMROOF-01	MEDIUM	长轴中顶乘用外廓。	READY
16551_lwb_highroof	16551	MPV	Transit V185	V185		EU-FORD-TRANSIT-V185-LWB-HIGHROOF-01	MEDIUM	长轴高顶乘用外廓。	READY
17781_swb	17781	Pickup	Transit V185	V185		EU-FORD-TRANSIT-V185-CHASSIS-SWB-01	MEDIUM	短轴底盘外廓。	READY
17781_mwb	17781	Pickup	Transit V185	V185		EU-FORD-TRANSIT-V185-CHASSIS-MWB-01	MEDIUM	中轴底盘外廓。	READY
17782_swb_lowroof	17782	Van	Transit V185	V185		EU-FORD-TRANSIT-V185-SWB-LOWROOF-01	MEDIUM	短轴低顶厢式外廓。	READY
17782_swb_mediumroof	17782	Van	Transit V185	V185		EU-FORD-TRANSIT-V185-SWB-MEDIUMROOF-01	MEDIUM	短轴中顶厢式外廓。	READY
17782_mwb_mediumroof	17782	Van	Transit V185	V185		EU-FORD-TRANSIT-V185-MWB-MEDIUMROOF-01	MEDIUM	中轴中顶厢式外廓。	READY
17782_mwb_highroof	17782	Van	Transit V185	V185		EU-FORD-TRANSIT-V185-MWB-HIGHROOF-01	MEDIUM	中轴高顶厢式外廓。	READY
17782_lwb_mediumroof	17782	Van	Transit V185	V185		EU-FORD-TRANSIT-V185-LWB-MEDIUMROOF-01	MEDIUM	长轴中顶厢式外廓。	READY
17782_lwb_highroof	17782	Van	Transit V185	V185		EU-FORD-TRANSIT-V185-LWB-HIGHROOF-01	MEDIUM	长轴高顶厢式外廓。	READY
18086_swb_lowroof	18086	MPV	Transit V185	V185		EU-FORD-TRANSIT-V185-SWB-LOWROOF-01	MEDIUM	短轴低顶乘用外廓。	READY
18086_swb_mediumroof	18086	MPV	Transit V185	V185		EU-FORD-TRANSIT-V185-SWB-MEDIUMROOF-01	MEDIUM	短轴中顶乘用外廓。	READY
18086_mwb_mediumroof	18086	MPV	Transit V185	V185		EU-FORD-TRANSIT-V185-MWB-MEDIUMROOF-01	MEDIUM	中轴中顶乘用外廓。	READY
18086_mwb_highroof	18086	MPV	Transit V185	V185		EU-FORD-TRANSIT-V185-MWB-HIGHROOF-01	MEDIUM	中轴高顶乘用外廓。	READY
18086_lwb_mediumroof	18086	MPV	Transit V185	V185		EU-FORD-TRANSIT-V185-LWB-MEDIUMROOF-01	MEDIUM	长轴中顶乘用外廓。	READY
18086_lwb_highroof	18086	MPV	Transit V185	V185		EU-FORD-TRANSIT-V185-LWB-HIGHROOF-01	MEDIUM	长轴高顶乘用外廓。	READY
18087_swb_lowroof	18087	Van	Transit V185	V185		EU-FORD-TRANSIT-V185-SWB-LOWROOF-01	MEDIUM	短轴低顶厢式外廓。	READY
18087_swb_mediumroof	18087	Van	Transit V185	V185		EU-FORD-TRANSIT-V185-SWB-MEDIUMROOF-01	MEDIUM	短轴中顶厢式外廓。	READY
18087_mwb_mediumroof	18087	Van	Transit V185	V185		EU-FORD-TRANSIT-V185-MWB-MEDIUMROOF-01	MEDIUM	中轴中顶厢式外廓。	READY
18087_mwb_highroof	18087	Van	Transit V185	V185		EU-FORD-TRANSIT-V185-MWB-HIGHROOF-01	MEDIUM	中轴高顶厢式外廓。	READY
18087_lwb_mediumroof	18087	Van	Transit V185	V185		EU-FORD-TRANSIT-V185-LWB-MEDIUMROOF-01	MEDIUM	长轴中顶厢式外廓。	READY
18087_lwb_highroof	18087	Van	Transit V185	V185		EU-FORD-TRANSIT-V185-LWB-HIGHROOF-01	MEDIUM	长轴高顶厢式外廓。	READY
18088_swb	18088	Pickup	Transit V185	V185		EU-FORD-TRANSIT-V185-CHASSIS-SWB-01	MEDIUM	短轴底盘外廓。	READY
18088_mwb	18088	Pickup	Transit V185	V185		EU-FORD-TRANSIT-V185-CHASSIS-MWB-01	MEDIUM	中轴底盘外廓。	READY
11021_swb	11021	Pickup	Transit VE6	VE6		EU-FORD-TRANSIT-VE6-CHASSIS-SWB-01	MEDIUM	短轴底盘外廓。	READY
11021_lwb	11021	Pickup	Transit VE6	VE6		EU-FORD-TRANSIT-VE6-CHASSIS-LWB-01	MEDIUM	长轴底盘外廓。	READY
11021_extended	11021	Pickup	Transit VE6	VE6		EU-FORD-TRANSIT-VE6-CHASSIS-EXTENDED-01	MEDIUM	加长底盘外廓。	READY
8727_swb_prefl	8727	Pickup	Transit VE6	VE6		EU-FORD-TRANSIT-VE6-CHASSIS-SWB-01	MEDIUM	1992年改款前短轴底盘外廓。	READY
8727_lwb_prefl	8727	Pickup	Transit VE6	VE6		EU-FORD-TRANSIT-VE6-CHASSIS-LWB-01	MEDIUM	1992年改款前长轴底盘外廓。	READY
8727_extended_prefl	8727	Pickup	Transit VE6	VE6		EU-FORD-TRANSIT-VE6-CHASSIS-EXTENDED-01	MEDIUM	1992年改款前加长底盘外廓。	READY
8727_swb_facelift	8727	Pickup	Transit VE64	VE64		EU-FORD-TRANSIT-VE64-CHASSIS-SWB-01	MEDIUM	1992年改款后短轴底盘外廓。	READY
8727_lwb_facelift	8727	Pickup	Transit VE64	VE64		EU-FORD-TRANSIT-VE64-CHASSIS-LWB-01	MEDIUM	1992年改款后长轴底盘外廓。	READY
8727_extended_facelift	8727	Pickup	Transit VE64	VE64		EU-FORD-TRANSIT-VE64-CHASSIS-EXTENDED-01	MEDIUM	1992年改款后加长底盘外廓。	READY
8764_swb	8764	Pickup	Transit VE83	VE83		EU-FORD-TRANSIT-VE83-CHASSIS-SWB-01	MEDIUM	短轴底盘外廓。	READY
8764_lwb	8764	Pickup	Transit VE83	VE83		EU-FORD-TRANSIT-VE83-CHASSIS-LWB-01	MEDIUM	长轴底盘外廓。	READY
8764_extended	8764	Pickup	Transit VE83	VE83		EU-FORD-TRANSIT-VE83-CHASSIS-EXTENDED-01	MEDIUM	加长底盘外廓。	READY
8765_swb	8765	Pickup	Transit VE64	VE64		EU-FORD-TRANSIT-VE64-CHASSIS-SWB-01	MEDIUM	短轴底盘外廓。	READY
8765_lwb	8765	Pickup	Transit VE64	VE64		EU-FORD-TRANSIT-VE64-CHASSIS-LWB-01	MEDIUM	长轴底盘外廓。	READY
8765_extended	8765	Pickup	Transit VE64	VE64		EU-FORD-TRANSIT-VE64-CHASSIS-EXTENDED-01	MEDIUM	加长底盘外廓。	READY
8790_swb	8790	Pickup	Transit VE83	VE83		EU-FORD-TRANSIT-VE83-CHASSIS-SWB-01	MEDIUM	短轴底盘外廓。	READY
8790_lwb	8790	Pickup	Transit VE83	VE83		EU-FORD-TRANSIT-VE83-CHASSIS-LWB-01	MEDIUM	长轴底盘外廓。	READY
8790_extended	8790	Pickup	Transit VE83	VE83		EU-FORD-TRANSIT-VE83-CHASSIS-EXTENDED-01	MEDIUM	加长底盘外廓。	READY
8793_swb	8793	Pickup	Transit VE64	VE64		EU-FORD-TRANSIT-VE64-CHASSIS-SWB-01	MEDIUM	短轴底盘外廓。	READY
8793_lwb	8793	Pickup	Transit VE64	VE64		EU-FORD-TRANSIT-VE64-CHASSIS-LWB-01	MEDIUM	长轴底盘外廓。	READY
8793_extended	8793	Pickup	Transit VE64	VE64		EU-FORD-TRANSIT-VE64-CHASSIS-EXTENDED-01	MEDIUM	加长底盘外廓。	READY
8794_swb_lowroof	8794	Van	Transit VE83	VE83		EU-FORD-TRANSIT-VE83-MPV-SWB-LOWROOF-CNG-01	MEDIUM	短轴低顶厢式外廓。	READY
8794_lwb_mediumroof	8794	Van	Transit VE83	VE83		EU-FORD-TRANSIT-VE83-MPV-LWB-MEDIUMROOF-CNG-01	MEDIUM	长轴中顶厢式外廓。	READY
8836_swb_lowroof	8836	MPV	Transit VE83	VE83		EU-FORD-TRANSIT-VE83-MPV-SWB-LOWROOF-CNG-01	MEDIUM	短轴低顶乘用外廓。	READY
8836_lwb_mediumroof	8836	MPV	Transit VE83	VE83		EU-FORD-TRANSIT-VE83-MPV-LWB-MEDIUMROOF-CNG-01	MEDIUM	长轴中顶乘用外廓。	READY
14735_swb_lowroof	14735	Van	Transit VE83	VE83		EU-FORD-TRANSIT-VE83-MPV-SWB-LOWROOF-CNG-01	MEDIUM	短轴低顶厢式外廓。	READY
14735_lwb_mediumroof	14735	Van	Transit VE83	VE83		EU-FORD-TRANSIT-VE83-MPV-LWB-MEDIUMROOF-CNG-01	MEDIUM	长轴中顶厢式外廓。	READY
14845_swb	14845	Pickup	Transit VE83	VE83		EU-FORD-TRANSIT-VE83-CHASSIS-SWB-01	MEDIUM	短轴底盘外廓。	READY
14845_lwb	14845	Pickup	Transit VE83	VE83		EU-FORD-TRANSIT-VE83-CHASSIS-LWB-01	MEDIUM	长轴底盘外廓。	READY
14845_extended	14845	Pickup	Transit VE83	VE83		EU-FORD-TRANSIT-VE83-CHASSIS-EXTENDED-01	MEDIUM	加长底盘外廓。	READY
8762_swb	8762	Pickup	Transit VE83	VE83		EU-FORD-TRANSIT-VE83-CHASSIS-SWB-01	MEDIUM	短轴底盘外廓。	READY
8762_lwb	8762	Pickup	Transit VE83	VE83		EU-FORD-TRANSIT-VE83-CHASSIS-LWB-01	MEDIUM	长轴底盘外廓。	READY
8762_extended	8762	Pickup	Transit VE83	VE83		EU-FORD-TRANSIT-VE83-CHASSIS-EXTENDED-01	MEDIUM	加长底盘外廓。	READY
8789_swb	8789	Pickup	Transit VE83	VE83		EU-FORD-TRANSIT-VE83-CHASSIS-SWB-01	MEDIUM	短轴底盘外廓。	READY
8789_lwb	8789	Pickup	Transit VE83	VE83		EU-FORD-TRANSIT-VE83-CHASSIS-LWB-01	MEDIUM	长轴底盘外廓。	READY
8789_extended	8789	Pickup	Transit VE83	VE83		EU-FORD-TRANSIT-VE83-CHASSIS-EXTENDED-01	MEDIUM	加长底盘外廓。	READY
8791_swb	8791	Pickup	Transit VE64	VE64		EU-FORD-TRANSIT-VE64-CHASSIS-SWB-01	MEDIUM	短轴底盘外廓。	READY
8791_lwb	8791	Pickup	Transit VE64	VE64		EU-FORD-TRANSIT-VE64-CHASSIS-LWB-01	MEDIUM	长轴底盘外廓。	READY
8791_extended	8791	Pickup	Transit VE64	VE64		EU-FORD-TRANSIT-VE64-CHASSIS-EXTENDED-01	MEDIUM	加长底盘外廓。	READY
8792_swb	8792	Pickup	Transit VE64	VE64		EU-FORD-TRANSIT-VE64-CHASSIS-SWB-01	MEDIUM	短轴底盘外廓。	READY
8792_lwb	8792	Pickup	Transit VE64	VE64		EU-FORD-TRANSIT-VE64-CHASSIS-LWB-01	MEDIUM	长轴底盘外廓。	READY
8792_extended	8792	Pickup	Transit VE64	VE64		EU-FORD-TRANSIT-VE64-CHASSIS-EXTENDED-01	MEDIUM	加长底盘外廓。	READY
16562_swb_lowroof_prefl	16562	MPV	Transit VE6	VE6		EU-FORD-TRANSIT-VE6-MPV-SWB-LOWROOF-01	MEDIUM	1992年改款前短轴低顶乘用外廓。	READY
16562_swb_highroof_prefl	16562	MPV	Transit VE6	VE6		EU-FORD-TRANSIT-VE6-MPV-SWB-HIGHROOF-01	MEDIUM	1992年改款前短轴高顶乘用外廓。	READY
16562_lwb_highroof_prefl	16562	MPV	Transit VE6	VE6		EU-FORD-TRANSIT-VE6-MPV-LWB-HIGHROOF-01	MEDIUM	1992年改款前长轴高顶乘用外廓。	READY
16562_swb_lowroof_facelift	16562	MPV	Transit VE64	VE64		EU-FORD-TRANSIT-VE64-MPV-SWB-LOWROOF-01	MEDIUM	1992年改款后短轴低顶乘用外廓。	READY
16562_swb_mediumroof_facelift	16562	MPV	Transit VE64	VE64		EU-FORD-TRANSIT-VE64-MPV-SWB-MEDIUMROOF-01	MEDIUM	1992年改款后短轴中顶乘用外廓。	READY
16562_swb_highroof_facelift	16562	MPV	Transit VE64	VE64		EU-FORD-TRANSIT-VE64-MPV-SWB-HIGHROOF-01	MEDIUM	1992年改款后短轴高顶乘用外廓。	READY
16562_lwb_mediumroof_facelift	16562	MPV	Transit VE64	VE64		EU-FORD-TRANSIT-VE64-MPV-LWB-MEDIUMROOF-01	MEDIUM	1992年改款后长轴中顶乘用外廓。	READY
16562_lwb_highroof_facelift	16562	MPV	Transit VE64	VE64		EU-FORD-TRANSIT-VE64-MPV-LWB-HIGHROOF-01	MEDIUM	1992年改款后长轴高顶乘用外廓。	READY
6610	6610	MPV	FK 1000/Taunus Transit			EU-FORD-TAUNUS-TRANSIT-FK1000-MPV-01	HIGH	1.5升小型客车标准外廓。	READY
164478_swb_lowroof	164478	Van	Transit City I			EU-FORD-TRANSIT-CITY-I-VAN-SWB-LOWROOF-01	HIGH	短轴低顶纯电厢式外廓。	READY
164478_lwb_highroof	164478	Van	Transit City I			EU-FORD-TRANSIT-CITY-I-VAN-LWB-HIGHROOF-01	HIGH	长轴高顶纯电厢式外廓。	READY
116212_swb	116212	MPV	Transit Connect II	V408	5	EU-FORD-TRANSIT-CONNECT-V408-MPV-SWB-PREFL-01	MEDIUM	短轴五座乘用外廓。	READY
116212_lwb_5seat	116212	MPV	Transit Connect II	V408	5	EU-FORD-TRANSIT-CONNECT-V408-MPV-LWB-5SEAT-PREFL-01	MEDIUM	长轴五座乘用外廓。	READY
116212_lwb_7seat	116212	MPV	Transit Connect II	V408	5	EU-FORD-TRANSIT-CONNECT-V408-MPV-LWB-7SEAT-PREFL-01	MEDIUM	长轴七座乘用外廓。	READY
116213_swb	116213	MPV	Transit Connect II	V408	5	EU-FORD-TRANSIT-CONNECT-V408-MPV-SWB-PREFL-01	MEDIUM	短轴五座乘用外廓。	READY
116213_lwb_5seat	116213	MPV	Transit Connect II	V408	5	EU-FORD-TRANSIT-CONNECT-V408-MPV-LWB-5SEAT-PREFL-01	MEDIUM	长轴五座乘用外廓。	READY
116213_lwb_7seat	116213	MPV	Transit Connect II	V408	5	EU-FORD-TRANSIT-CONNECT-V408-MPV-LWB-7SEAT-PREFL-01	MEDIUM	长轴七座乘用外廓。	READY
117100_swb	117100	MPV	Transit Connect II	V408	5	EU-FORD-TRANSIT-CONNECT-V408-MPV-SWB-PREFL-01	MEDIUM	短轴五座乘用外廓。	READY
117100_lwb_5seat	117100	MPV	Transit Connect II	V408	5	EU-FORD-TRANSIT-CONNECT-V408-MPV-LWB-5SEAT-PREFL-01	MEDIUM	长轴五座乘用外廓。	READY
117100_lwb_7seat	117100	MPV	Transit Connect II	V408	5	EU-FORD-TRANSIT-CONNECT-V408-MPV-LWB-7SEAT-PREFL-01	MEDIUM	长轴七座乘用外廓。	READY
100088_swb	100088	MPV	Transit Connect II	V408	5	EU-FORD-TRANSIT-CONNECT-V408-MPV-SWB-PREFL-01	MEDIUM	短轴五座乘用外廓。	READY
100088_lwb_5seat	100088	MPV	Transit Connect II	V408	5	EU-FORD-TRANSIT-CONNECT-V408-MPV-LWB-5SEAT-PREFL-01	MEDIUM	长轴五座乘用外廓。	READY
100088_lwb_7seat	100088	MPV	Transit Connect II	V408	5	EU-FORD-TRANSIT-CONNECT-V408-MPV-LWB-7SEAT-PREFL-01	MEDIUM	长轴七座乘用外廓。	READY
100089_swb	100089	MPV	Transit Connect II	V408	5	EU-FORD-TRANSIT-CONNECT-V408-MPV-SWB-PREFL-01	MEDIUM	短轴五座乘用外廓。	READY
100089_lwb_5seat	100089	MPV	Transit Connect II	V408	5	EU-FORD-TRANSIT-CONNECT-V408-MPV-LWB-5SEAT-PREFL-01	MEDIUM	长轴五座乘用外廓。	READY
100089_lwb_7seat	100089	MPV	Transit Connect II	V408	5	EU-FORD-TRANSIT-CONNECT-V408-MPV-LWB-7SEAT-PREFL-01	MEDIUM	长轴七座乘用外廓。	READY
100090_swb	100090	MPV	Transit Connect II	V408	5	EU-FORD-TRANSIT-CONNECT-V408-MPV-SWB-PREFL-01	MEDIUM	短轴五座乘用外廓。	READY
100090_lwb_5seat	100090	MPV	Transit Connect II	V408	5	EU-FORD-TRANSIT-CONNECT-V408-MPV-LWB-5SEAT-PREFL-01	MEDIUM	长轴五座乘用外廓。	READY
100090_lwb_7seat	100090	MPV	Transit Connect II	V408	5	EU-FORD-TRANSIT-CONNECT-V408-MPV-LWB-7SEAT-PREFL-01	MEDIUM	长轴七座乘用外廓。	READY
16965_van_swb	16965	Van	Transit Connect I			EU-FORD-TRANSIT-CONNECT-I-VAN-SWB-01	MEDIUM	短轴低顶厢式外廓。	READY
16965_van_lwb	16965	Van	Transit Connect I			EU-FORD-TRANSIT-CONNECT-I-VAN-LWB-01	MEDIUM	长轴高顶厢式外廓。	READY
16965_mpv_swb	16965	MPV	Transit Connect I			EU-FORD-TRANSIT-CONNECT-I-MPV-SWB-01	MEDIUM	短轴乘用外廓。	READY
16965_mpv_lwb	16965	MPV	Transit Connect I			EU-FORD-TRANSIT-CONNECT-I-MPV-LWB-01	MEDIUM	长轴高顶乘用外廓。	READY
12563_van_swb	12563	Van	Transit Connect I			EU-FORD-TRANSIT-CONNECT-I-VAN-SWB-01	MEDIUM	短轴低顶厢式外廓。	READY
12563_van_lwb	12563	Van	Transit Connect I			EU-FORD-TRANSIT-CONNECT-I-VAN-LWB-01	MEDIUM	长轴高顶厢式外廓。	READY
12563_mpv_swb	12563	MPV	Transit Connect I			EU-FORD-TRANSIT-CONNECT-I-MPV-SWB-01	MEDIUM	短轴乘用外廓。	READY
12563_mpv_lwb	12563	MPV	Transit Connect I			EU-FORD-TRANSIT-CONNECT-I-MPV-LWB-01	MEDIUM	长轴高顶乘用外廓。	READY
16966_van_swb	16966	Van	Transit Connect I			EU-FORD-TRANSIT-CONNECT-I-VAN-SWB-01	MEDIUM	短轴低顶厢式外廓。	READY
16966_van_lwb	16966	Van	Transit Connect I			EU-FORD-TRANSIT-CONNECT-I-VAN-LWB-01	MEDIUM	长轴高顶厢式外廓。	READY
16966_mpv_swb	16966	MPV	Transit Connect I			EU-FORD-TRANSIT-CONNECT-I-MPV-SWB-01	MEDIUM	短轴乘用外廓。	READY
16966_mpv_lwb	16966	MPV	Transit Connect I			EU-FORD-TRANSIT-CONNECT-I-MPV-LWB-01	MEDIUM	长轴高顶乘用外廓。	READY
17783_van_swb	17783	Van	Transit Connect I			EU-FORD-TRANSIT-CONNECT-I-VAN-SWB-01	MEDIUM	短轴低顶厢式外廓。	READY
17783_van_lwb	17783	Van	Transit Connect I			EU-FORD-TRANSIT-CONNECT-I-VAN-LWB-01	MEDIUM	长轴高顶厢式外廓。	READY
17783_mpv_swb	17783	MPV	Transit Connect I			EU-FORD-TRANSIT-CONNECT-I-MPV-SWB-01	MEDIUM	短轴乘用外廓。	READY
17783_mpv_lwb	17783	MPV	Transit Connect I			EU-FORD-TRANSIT-CONNECT-I-MPV-LWB-01	MEDIUM	长轴高顶乘用外廓。	READY
802191_lwb	802191	Van	Transit Connect I			EU-FORD-TRANSIT-CONNECT-I-VAN-LWB-01	MEDIUM	纯电长轴高顶厢式外廓。	READY
53399_swb_prefl	53399	Van	Transit Connect II	V408		EU-FORD-TRANSIT-CONNECT-V408-VAN-SWB-PREFL-01	HIGH	改款前短轴厢式外廓。	READY
53399_lwb_prefl	53399	Van	Transit Connect II	V408		EU-FORD-TRANSIT-CONNECT-V408-VAN-LWB-PREFL-01	HIGH	改款前长轴厢式外廓。	READY
803376_swb_facelift	803376	Van	Transit Connect II facelift	V408		EU-FORD-TRANSIT-CONNECT-V408-VAN-SWB-FACELIFT-01	HIGH	改款后短轴厢式外廓。	READY
803376_lwb_facelift	803376	Van	Transit Connect II facelift	V408		EU-FORD-TRANSIT-CONNECT-V408-VAN-LWB-FACELIFT-01	HIGH	改款后长轴厢式外廓。	READY
145154_swb_facelift	145154	Van	Transit Connect II facelift	V408		EU-FORD-TRANSIT-CONNECT-V408-VAN-SWB-FACELIFT-01	HIGH	改款后短轴厢式外廓。	READY
145154_lwb_facelift	145154	Van	Transit Connect II facelift	V408		EU-FORD-TRANSIT-CONNECT-V408-VAN-LWB-FACELIFT-01	HIGH	改款后长轴厢式外廓。	READY
116210_swb_prefl	116210	Van	Transit Connect II	V408		EU-FORD-TRANSIT-CONNECT-V408-VAN-SWB-PREFL-01	HIGH	改款前短轴厢式外廓。	READY
116210_lwb_prefl	116210	Van	Transit Connect II	V408		EU-FORD-TRANSIT-CONNECT-V408-VAN-LWB-PREFL-01	HIGH	改款前长轴厢式外廓。	READY
116211_swb_prefl	116211	Van	Transit Connect II	V408		EU-FORD-TRANSIT-CONNECT-V408-VAN-SWB-PREFL-01	HIGH	改款前短轴厢式外廓。	READY
116211_lwb_prefl	116211	Van	Transit Connect II	V408		EU-FORD-TRANSIT-CONNECT-V408-VAN-LWB-PREFL-01	HIGH	改款前长轴厢式外廓。	READY
121226_swb_prefl	121226	Van	Transit Connect II	V408		EU-FORD-TRANSIT-CONNECT-V408-VAN-SWB-PREFL-01	HIGH	改款前短轴厢式外廓。	READY
121226_lwb_prefl	121226	Van	Transit Connect II	V408		EU-FORD-TRANSIT-CONNECT-V408-VAN-LWB-PREFL-01	HIGH	改款前长轴厢式外廓。	READY
145750_swb_prefl	145750	Van	Transit Connect II	V408		EU-FORD-TRANSIT-CONNECT-V408-VAN-SWB-PREFL-01	HIGH	改款前短轴厢式外廓。	READY
145750_lwb_prefl	145750	Van	Transit Connect II	V408		EU-FORD-TRANSIT-CONNECT-V408-VAN-LWB-PREFL-01	HIGH	改款前长轴厢式外廓。	READY
53394_swb_prefl	53394	Van	Transit Connect II	V408		EU-FORD-TRANSIT-CONNECT-V408-VAN-SWB-PREFL-01	HIGH	改款前短轴厢式外廓。	READY
53394_lwb_prefl	53394	Van	Transit Connect II	V408		EU-FORD-TRANSIT-CONNECT-V408-VAN-LWB-PREFL-01	HIGH	改款前长轴厢式外廓。	READY
53389_swb_prefl	53389	Van	Transit Connect II	V408		EU-FORD-TRANSIT-CONNECT-V408-VAN-SWB-PREFL-01	HIGH	改款前短轴厢式外廓。	READY
53389_lwb_prefl	53389	Van	Transit Connect II	V408		EU-FORD-TRANSIT-CONNECT-V408-VAN-LWB-PREFL-01	HIGH	改款前长轴厢式外廓。	READY
53392_swb_prefl	53392	Van	Transit Connect II	V408		EU-FORD-TRANSIT-CONNECT-V408-VAN-SWB-PREFL-01	HIGH	改款前短轴厢式外廓。	READY
53392_lwb_prefl	53392	Van	Transit Connect II	V408		EU-FORD-TRANSIT-CONNECT-V408-VAN-LWB-PREFL-01	HIGH	改款前长轴厢式外廓。	READY
53393_swb_prefl	53393	Van	Transit Connect II	V408		EU-FORD-TRANSIT-CONNECT-V408-VAN-SWB-PREFL-01	HIGH	改款前短轴厢式外廓。	READY
53393_lwb_prefl	53393	Van	Transit Connect II	V408		EU-FORD-TRANSIT-CONNECT-V408-VAN-LWB-PREFL-01	HIGH	改款前长轴厢式外廓。	READY
801038_swb	801038	Van	Transit Connect V761	V761		EU-FORD-TRANSIT-CONNECT-V761-VAN-SWB-01	MEDIUM	短轴厢式物理外廓。	READY
801038_lwb	801038	Van	Transit Connect V761	V761		EU-FORD-TRANSIT-CONNECT-V761-VAN-LWB-01	MEDIUM	长轴厢式物理外廓。	READY
151572_swb	151572	Van	Transit Connect V761	V761		EU-FORD-TRANSIT-CONNECT-V761-VAN-SWB-01	MEDIUM	短轴厢式物理外廓。	READY
151572_lwb	151572	Van	Transit Connect V761	V761		EU-FORD-TRANSIT-CONNECT-V761-VAN-LWB-01	MEDIUM	长轴厢式物理外廓。	READY
151589_swb	151589	Van	Transit Connect V761	V761		EU-FORD-TRANSIT-CONNECT-V761-VAN-SWB-01	MEDIUM	短轴厢式物理外廓。	READY
151589_lwb	151589	Van	Transit Connect V761	V761		EU-FORD-TRANSIT-CONNECT-V761-VAN-LWB-01	MEDIUM	长轴厢式物理外廓。	READY
151625_swb	151625	Van	Transit Connect V761	V761		EU-FORD-TRANSIT-CONNECT-V761-VAN-SWB-01	MEDIUM	短轴厢式物理外廓。	READY
151625_lwb	151625	Van	Transit Connect V761	V761		EU-FORD-TRANSIT-CONNECT-V761-VAN-LWB-01	MEDIUM	长轴厢式物理外廓。	READY
151626_swb	151626	Van	Transit Connect V761	V761		EU-FORD-TRANSIT-CONNECT-V761-VAN-SWB-01	MEDIUM	短轴四驱厢式物理外廓。	READY
151626_lwb	151626	Van	Transit Connect V761	V761		EU-FORD-TRANSIT-CONNECT-V761-VAN-LWB-01	MEDIUM	长轴四驱厢式物理外廓。	READY
151590_swb	151590	Van	Transit Connect V761	V761		EU-FORD-TRANSIT-CONNECT-V761-VAN-SWB-01	MEDIUM	短轴厢式物理外廓。	READY
151590_lwb	151590	Van	Transit Connect V761	V761		EU-FORD-TRANSIT-CONNECT-V761-VAN-LWB-01	MEDIUM	长轴厢式物理外廓。	READY
800151_swb	800151	Van	Transit Connect V761	V761		EU-FORD-TRANSIT-CONNECT-V761-VAN-SWB-01	MEDIUM	短轴厢式物理外廓。	READY
800151_lwb	800151	Van	Transit Connect V761	V761		EU-FORD-TRANSIT-CONNECT-V761-VAN-LWB-01	MEDIUM	长轴厢式物理外廓。	READY
101057	101057	MPV	Transit Courier I	B460	5	EU-FORD-TRANSIT-COURIER-B460-MPV-01	HIGH	五门乘用外廓。	READY
101058_van	101058	Van	Transit Courier I	B460		EU-FORD-TRANSIT-COURIER-B460-VAN-01	HIGH	混合车身目录拆分为厢式外廓。	READY
101058_mpv	101058	MPV	Transit Courier I	B460	5	EU-FORD-TRANSIT-COURIER-B460-MPV-01	HIGH	混合车身目录拆分为乘用外廓。	READY
101055	101055	MPV	Transit Courier I	B460	5	EU-FORD-TRANSIT-COURIER-B460-MPV-01	HIGH	五门乘用外廓。	READY
101056_van	101056	Van	Transit Courier I	B460		EU-FORD-TRANSIT-COURIER-B460-VAN-01	HIGH	混合车身目录拆分为厢式外廓。	READY
101056_mpv	101056	MPV	Transit Courier I	B460	5	EU-FORD-TRANSIT-COURIER-B460-MPV-01	HIGH	混合车身目录拆分为乘用外廓。	READY
115170_van	115170	Van	Transit Courier I	B460		EU-FORD-TRANSIT-COURIER-B460-VAN-01	HIGH	混合车身目录拆分为厢式外廓。	READY
115170_mpv	115170	MPV	Transit Courier I	B460	5	EU-FORD-TRANSIT-COURIER-B460-MPV-01	HIGH	混合车身目录拆分为乘用外廓。	READY
115174	115174	MPV	Transit Courier I	B460	5	EU-FORD-TRANSIT-COURIER-B460-MPV-01	HIGH	五门乘用外廓。	READY
101053	101053	MPV	Transit Courier I	B460	5	EU-FORD-TRANSIT-COURIER-B460-MPV-01	HIGH	五门乘用外廓。	READY
101054_van	101054	Van	Transit Courier I	B460		EU-FORD-TRANSIT-COURIER-B460-VAN-01	HIGH	混合车身目录拆分为厢式外廓。	READY
101054_mpv	101054	MPV	Transit Courier I	B460	5	EU-FORD-TRANSIT-COURIER-B460-MPV-01	HIGH	混合车身目录拆分为乘用外廓。	READY
155264_van	155264	Van	Transit Courier II	V769		EU-FORD-TRANSIT-COURIER-V769-VAN-01	HIGH	混合车身目录拆分为厢式外廓。	READY
155264_mpv	155264	MPV	Transit Courier II	V769	5	EU-FORD-TRANSIT-COURIER-V769-MPV-01	HIGH	混合车身目录拆分为五门乘用外廓。	READY
155265_van	155265	Van	Transit Courier II	V769		EU-FORD-TRANSIT-COURIER-V769-VAN-01	HIGH	混合车身目录拆分为厢式外廓。	READY
155265_mpv	155265	MPV	Transit Courier II	V769	5	EU-FORD-TRANSIT-COURIER-V769-MPV-01	HIGH	混合车身目录拆分为五门乘用外廓。	READY
155266_van	155266	Van	Transit Courier II	V769		EU-FORD-TRANSIT-COURIER-V769-VAN-01	HIGH	混合车身目录拆分为厢式外廓。	READY
155266_mpv	155266	MPV	Transit Courier II	V769	5	EU-FORD-TRANSIT-COURIER-V769-MPV-01	HIGH	混合车身目录拆分为五门乘用外廓。	READY
801230	801230	Van	Transit Courier II	V769		EU-FORD-TRANSIT-COURIER-V769-VAN-01	HIGH	纯电厢式外廓。	READY
118533_l1h1_prefl	118533	Van	Transit Custom I	V362		EU-FORD-TRANSIT-CUSTOM-V362-L1-H1-PREFL-01	HIGH	改款前短轴低顶厢式外廓。	READY
118533_l1h2_prefl	118533	Van	Transit Custom I	V362		EU-FORD-TRANSIT-CUSTOM-V362-L1-H2-PREFL-01	HIGH	改款前短轴高顶厢式外廓。	READY
118533_l2h1_prefl	118533	Van	Transit Custom I	V362		EU-FORD-TRANSIT-CUSTOM-V362-L2-H1-PREFL-01	HIGH	改款前长轴低顶厢式外廓。	READY
118533_l2h2_prefl	118533	Van	Transit Custom I	V362		EU-FORD-TRANSIT-CUSTOM-V362-L2-H2-PREFL-01	HIGH	改款前长轴高顶厢式外廓。	READY
118533_l1h1_facelift	118533	Van	Transit Custom I facelift	V362		EU-FORD-TRANSIT-CUSTOM-V362-VAN-L1-H1-FACELIFT-01	HIGH	改款后短轴低顶厢式外廓。	READY
118533_l1h2_facelift	118533	Van	Transit Custom I facelift	V362		EU-FORD-TRANSIT-CUSTOM-V362-VAN-L1-H2-FACELIFT-01	HIGH	改款后短轴高顶厢式外廓。	READY
118533_l2h1_facelift	118533	Van	Transit Custom I facelift	V362		EU-FORD-TRANSIT-CUSTOM-V362-VAN-L2-H1-FACELIFT-01	HIGH	改款后长轴低顶厢式外廓。	READY
118533_l2h2_facelift	118533	Van	Transit Custom I facelift	V362		EU-FORD-TRANSIT-CUSTOM-V362-VAN-L2-H2-FACELIFT-01	HIGH	改款后长轴高顶厢式外廓。	READY
118534_l1h1_prefl	118534	Van	Transit Custom I	V362		EU-FORD-TRANSIT-CUSTOM-V362-L1-H1-PREFL-01	HIGH	改款前短轴低顶厢式外廓。	READY
118534_l1h2_prefl	118534	Van	Transit Custom I	V362		EU-FORD-TRANSIT-CUSTOM-V362-L1-H2-PREFL-01	HIGH	改款前短轴高顶厢式外廓。	READY
118534_l2h1_prefl	118534	Van	Transit Custom I	V362		EU-FORD-TRANSIT-CUSTOM-V362-L2-H1-PREFL-01	HIGH	改款前长轴低顶厢式外廓。	READY
118534_l2h2_prefl	118534	Van	Transit Custom I	V362		EU-FORD-TRANSIT-CUSTOM-V362-L2-H2-PREFL-01	HIGH	改款前长轴高顶厢式外廓。	READY
118534_l1h1_facelift	118534	Van	Transit Custom I facelift	V362		EU-FORD-TRANSIT-CUSTOM-V362-VAN-L1-H1-FACELIFT-01	HIGH	改款后短轴低顶厢式外廓。	READY
118534_l1h2_facelift	118534	Van	Transit Custom I facelift	V362		EU-FORD-TRANSIT-CUSTOM-V362-VAN-L1-H2-FACELIFT-01	HIGH	改款后短轴高顶厢式外廓。	READY
118534_l2h1_facelift	118534	Van	Transit Custom I facelift	V362		EU-FORD-TRANSIT-CUSTOM-V362-VAN-L2-H1-FACELIFT-01	HIGH	改款后长轴低顶厢式外廓。	READY
118534_l2h2_facelift	118534	Van	Transit Custom I facelift	V362		EU-FORD-TRANSIT-CUSTOM-V362-VAN-L2-H2-FACELIFT-01	HIGH	改款后长轴高顶厢式外廓。	READY
118535_l1h1_prefl	118535	Van	Transit Custom I	V362		EU-FORD-TRANSIT-CUSTOM-V362-L1-H1-PREFL-01	HIGH	改款前短轴低顶厢式外廓。	READY
118535_l1h2_prefl	118535	Van	Transit Custom I	V362		EU-FORD-TRANSIT-CUSTOM-V362-L1-H2-PREFL-01	HIGH	改款前短轴高顶厢式外廓。	READY
118535_l2h1_prefl	118535	Van	Transit Custom I	V362		EU-FORD-TRANSIT-CUSTOM-V362-L2-H1-PREFL-01	HIGH	改款前长轴低顶厢式外廓。	READY
118535_l2h2_prefl	118535	Van	Transit Custom I	V362		EU-FORD-TRANSIT-CUSTOM-V362-L2-H2-PREFL-01	HIGH	改款前长轴高顶厢式外廓。	READY
118535_l1h1_facelift	118535	Van	Transit Custom I facelift	V362		EU-FORD-TRANSIT-CUSTOM-V362-VAN-L1-H1-FACELIFT-01	HIGH	改款后短轴低顶厢式外廓。	READY
118535_l1h2_facelift	118535	Van	Transit Custom I facelift	V362		EU-FORD-TRANSIT-CUSTOM-V362-VAN-L1-H2-FACELIFT-01	HIGH	改款后短轴高顶厢式外廓。	READY
118535_l2h1_facelift	118535	Van	Transit Custom I facelift	V362		EU-FORD-TRANSIT-CUSTOM-V362-VAN-L2-H1-FACELIFT-01	HIGH	改款后长轴低顶厢式外廓。	READY
118535_l2h2_facelift	118535	Van	Transit Custom I facelift	V362		EU-FORD-TRANSIT-CUSTOM-V362-VAN-L2-H2-FACELIFT-01	HIGH	改款后长轴高顶厢式外廓。	READY
118536_l1h1_prefl	118536	MPV	Transit Custom I	V362		EU-FORD-TRANSIT-CUSTOM-V362-L1-H1-PREFL-01	HIGH	改款前短轴低顶乘用外廓。	READY
118536_l1h2_prefl	118536	MPV	Transit Custom I	V362		EU-FORD-TRANSIT-CUSTOM-V362-L1-H2-PREFL-01	HIGH	改款前短轴高顶乘用外廓。	READY
118536_l2h1_prefl	118536	MPV	Transit Custom I	V362		EU-FORD-TRANSIT-CUSTOM-V362-L2-H1-PREFL-01	HIGH	改款前长轴低顶乘用外廓。	READY
118536_l2h2_prefl	118536	MPV	Transit Custom I	V362		EU-FORD-TRANSIT-CUSTOM-V362-L2-H2-PREFL-01	HIGH	改款前长轴高顶乘用外廓。	READY
118536_l1h1_facelift	118536	MPV	Transit Custom I facelift	V362		EU-FORD-TRANSIT-CUSTOM-V362-MPV-L1-H1-FACELIFT-01	HIGH	改款后短轴低顶乘用外廓。	READY
118536_l1h2_facelift	118536	MPV	Transit Custom I facelift	V362		EU-FORD-TRANSIT-CUSTOM-V362-MPV-L1-H2-FACELIFT-01	HIGH	改款后短轴高顶乘用外廓。	READY
118536_l2h1_facelift	118536	MPV	Transit Custom I facelift	V362		EU-FORD-TRANSIT-CUSTOM-V362-MPV-L2-H1-FACELIFT-01	HIGH	改款后长轴低顶乘用外廓。	READY
118536_l2h2_facelift	118536	MPV	Transit Custom I facelift	V362		EU-FORD-TRANSIT-CUSTOM-V362-MPV-L2-H2-FACELIFT-01	HIGH	改款后长轴高顶乘用外廓。	READY
118537_l1h1_prefl	118537	MPV	Transit Custom I	V362		EU-FORD-TRANSIT-CUSTOM-V362-L1-H1-PREFL-01	HIGH	改款前短轴低顶乘用外廓。	READY
118537_l1h2_prefl	118537	MPV	Transit Custom I	V362		EU-FORD-TRANSIT-CUSTOM-V362-L1-H2-PREFL-01	HIGH	改款前短轴高顶乘用外廓。	READY
118537_l2h1_prefl	118537	MPV	Transit Custom I	V362		EU-FORD-TRANSIT-CUSTOM-V362-L2-H1-PREFL-01	HIGH	改款前长轴低顶乘用外廓。	READY
118537_l2h2_prefl	118537	MPV	Transit Custom I	V362		EU-FORD-TRANSIT-CUSTOM-V362-L2-H2-PREFL-01	HIGH	改款前长轴高顶乘用外廓。	READY
118537_l1h1_facelift	118537	MPV	Transit Custom I facelift	V362		EU-FORD-TRANSIT-CUSTOM-V362-MPV-L1-H1-FACELIFT-01	HIGH	改款后短轴低顶乘用外廓。	READY
118537_l1h2_facelift	118537	MPV	Transit Custom I facelift	V362		EU-FORD-TRANSIT-CUSTOM-V362-MPV-L1-H2-FACELIFT-01	HIGH	改款后短轴高顶乘用外廓。	READY
118537_l2h1_facelift	118537	MPV	Transit Custom I facelift	V362		EU-FORD-TRANSIT-CUSTOM-V362-MPV-L2-H1-FACELIFT-01	HIGH	改款后长轴低顶乘用外廓。	READY
118537_l2h2_facelift	118537	MPV	Transit Custom I facelift	V362		EU-FORD-TRANSIT-CUSTOM-V362-MPV-L2-H2-FACELIFT-01	HIGH	改款后长轴高顶乘用外廓。	READY
118538_l1h1_prefl	118538	MPV	Transit Custom I	V362		EU-FORD-TRANSIT-CUSTOM-V362-L1-H1-PREFL-01	HIGH	改款前短轴低顶乘用外廓。	READY
118538_l1h2_prefl	118538	MPV	Transit Custom I	V362		EU-FORD-TRANSIT-CUSTOM-V362-L1-H2-PREFL-01	HIGH	改款前短轴高顶乘用外廓。	READY
118538_l2h1_prefl	118538	MPV	Transit Custom I	V362		EU-FORD-TRANSIT-CUSTOM-V362-L2-H1-PREFL-01	HIGH	改款前长轴低顶乘用外廓。	READY
118538_l2h2_prefl	118538	MPV	Transit Custom I	V362		EU-FORD-TRANSIT-CUSTOM-V362-L2-H2-PREFL-01	HIGH	改款前长轴高顶乘用外廓。	READY
118538_l1h1_facelift	118538	MPV	Transit Custom I facelift	V362		EU-FORD-TRANSIT-CUSTOM-V362-MPV-L1-H1-FACELIFT-01	HIGH	改款后短轴低顶乘用外廓。	READY
118538_l1h2_facelift	118538	MPV	Transit Custom I facelift	V362		EU-FORD-TRANSIT-CUSTOM-V362-MPV-L1-H2-FACELIFT-01	HIGH	改款后短轴高顶乘用外廓。	READY
118538_l2h1_facelift	118538	MPV	Transit Custom I facelift	V362		EU-FORD-TRANSIT-CUSTOM-V362-MPV-L2-H1-FACELIFT-01	HIGH	改款后长轴低顶乘用外廓。	READY
118538_l2h2_facelift	118538	MPV	Transit Custom I facelift	V362		EU-FORD-TRANSIT-CUSTOM-V362-MPV-L2-H2-FACELIFT-01	HIGH	改款后长轴高顶乘用外廓。	READY
147111_l1h1_facelift	147111	MPV	Transit Custom I facelift	V362		EU-FORD-TRANSIT-CUSTOM-V362-MPV-L1-H1-FACELIFT-01	HIGH	改款后短轴低顶乘用外廓。	READY
147111_l1h2_facelift	147111	MPV	Transit Custom I facelift	V362		EU-FORD-TRANSIT-CUSTOM-V362-MPV-L1-H2-FACELIFT-01	HIGH	改款后短轴高顶乘用外廓。	READY
147111_l2h1_facelift	147111	MPV	Transit Custom I facelift	V362		EU-FORD-TRANSIT-CUSTOM-V362-MPV-L2-H1-FACELIFT-01	HIGH	改款后长轴低顶乘用外廓。	READY
147111_l2h2_facelift	147111	MPV	Transit Custom I facelift	V362		EU-FORD-TRANSIT-CUSTOM-V362-MPV-L2-H2-FACELIFT-01	HIGH	改款后长轴高顶乘用外廓。	READY
147115_l1h1_facelift	147115	MPV	Transit Custom I facelift	V362		EU-FORD-TRANSIT-CUSTOM-V362-MPV-L1-H1-FACELIFT-01	HIGH	改款后短轴低顶乘用外廓。	READY
147115_l1h2_facelift	147115	MPV	Transit Custom I facelift	V362		EU-FORD-TRANSIT-CUSTOM-V362-MPV-L1-H2-FACELIFT-01	HIGH	改款后短轴高顶乘用外廓。	READY
147115_l2h1_facelift	147115	MPV	Transit Custom I facelift	V362		EU-FORD-TRANSIT-CUSTOM-V362-MPV-L2-H1-FACELIFT-01	HIGH	改款后长轴低顶乘用外廓。	READY
147115_l2h2_facelift	147115	MPV	Transit Custom I facelift	V362		EU-FORD-TRANSIT-CUSTOM-V362-MPV-L2-H2-FACELIFT-01	HIGH	改款后长轴高顶乘用外廓。	READY
58539_l1h1_prefl	58539	MPV	Transit Custom I	V362		EU-FORD-TRANSIT-CUSTOM-V362-L1-H1-PREFL-01	HIGH	改款前短轴低顶乘用外廓。	READY
58539_l1h2_prefl	58539	MPV	Transit Custom I	V362		EU-FORD-TRANSIT-CUSTOM-V362-L1-H2-PREFL-01	HIGH	改款前短轴高顶乘用外廓。	READY
58539_l2h1_prefl	58539	MPV	Transit Custom I	V362		EU-FORD-TRANSIT-CUSTOM-V362-L2-H1-PREFL-01	HIGH	改款前长轴低顶乘用外廓。	READY
58539_l2h2_prefl	58539	MPV	Transit Custom I	V362		EU-FORD-TRANSIT-CUSTOM-V362-L2-H2-PREFL-01	HIGH	改款前长轴高顶乘用外廓。	READY
58540_l1h1_prefl	58540	MPV	Transit Custom I	V362		EU-FORD-TRANSIT-CUSTOM-V362-L1-H1-PREFL-01	HIGH	改款前短轴低顶乘用外廓。	READY
58540_l1h2_prefl	58540	MPV	Transit Custom I	V362		EU-FORD-TRANSIT-CUSTOM-V362-L1-H2-PREFL-01	HIGH	改款前短轴高顶乘用外廓。	READY
58540_l2h1_prefl	58540	MPV	Transit Custom I	V362		EU-FORD-TRANSIT-CUSTOM-V362-L2-H1-PREFL-01	HIGH	改款前长轴低顶乘用外廓。	READY
58540_l2h2_prefl	58540	MPV	Transit Custom I	V362		EU-FORD-TRANSIT-CUSTOM-V362-L2-H2-PREFL-01	HIGH	改款前长轴高顶乘用外廓。	READY
58541_l1h1_prefl	58541	MPV	Transit Custom I	V362		EU-FORD-TRANSIT-CUSTOM-V362-L1-H1-PREFL-01	HIGH	改款前短轴低顶乘用外廓。	READY
58541_l1h2_prefl	58541	MPV	Transit Custom I	V362		EU-FORD-TRANSIT-CUSTOM-V362-L1-H2-PREFL-01	HIGH	改款前短轴高顶乘用外廓。	READY
58541_l2h1_prefl	58541	MPV	Transit Custom I	V362		EU-FORD-TRANSIT-CUSTOM-V362-L2-H1-PREFL-01	HIGH	改款前长轴低顶乘用外廓。	READY
58541_l2h2_prefl	58541	MPV	Transit Custom I	V362		EU-FORD-TRANSIT-CUSTOM-V362-L2-H2-PREFL-01	HIGH	改款前长轴高顶乘用外廓。	READY
58543_l1h1_prefl	58543	Van	Transit Custom I	V362		EU-FORD-TRANSIT-CUSTOM-V362-L1-H1-PREFL-01	HIGH	改款前短轴低顶厢式外廓。	READY
58543_l1h2_prefl	58543	Van	Transit Custom I	V362		EU-FORD-TRANSIT-CUSTOM-V362-L1-H2-PREFL-01	HIGH	改款前短轴高顶厢式外廓。	READY
58543_l2h1_prefl	58543	Van	Transit Custom I	V362		EU-FORD-TRANSIT-CUSTOM-V362-L2-H1-PREFL-01	HIGH	改款前长轴低顶厢式外廓。	READY
58543_l2h2_prefl	58543	Van	Transit Custom I	V362		EU-FORD-TRANSIT-CUSTOM-V362-L2-H2-PREFL-01	HIGH	改款前长轴高顶厢式外廓。	READY
58544_l1h1_prefl	58544	Van	Transit Custom I	V362		EU-FORD-TRANSIT-CUSTOM-V362-L1-H1-PREFL-01	HIGH	改款前短轴低顶厢式外廓。	READY
58544_l1h2_prefl	58544	Van	Transit Custom I	V362		EU-FORD-TRANSIT-CUSTOM-V362-L1-H2-PREFL-01	HIGH	改款前短轴高顶厢式外廓。	READY
58544_l2h1_prefl	58544	Van	Transit Custom I	V362		EU-FORD-TRANSIT-CUSTOM-V362-L2-H1-PREFL-01	HIGH	改款前长轴低顶厢式外廓。	READY
58544_l2h2_prefl	58544	Van	Transit Custom I	V362		EU-FORD-TRANSIT-CUSTOM-V362-L2-H2-PREFL-01	HIGH	改款前长轴高顶厢式外廓。	READY
58545_l1h1	58545	Van	Transit Custom V362			EU-FORD-TRANSIT-CUSTOM-V362-L1-H1-PREFL-01	MEDIUM	L1H1 物理外廓分支。	READY
58545_l1h2	58545	Van	Transit Custom V362			EU-FORD-TRANSIT-CUSTOM-V362-L1-H2-PREFL-01	MEDIUM	L1H2 物理外廓分支。	READY
58545_l2h1	58545	Van	Transit Custom V362			EU-FORD-TRANSIT-CUSTOM-V362-L2-H1-PREFL-01	MEDIUM	L2H1 物理外廓分支。	READY
58545_l2h2	58545	Van	Transit Custom V362			EU-FORD-TRANSIT-CUSTOM-V362-L2-H2-PREFL-01	MEDIUM	L2H2 物理外廓分支。	READY
152502_l1h1	152502	Van	Transit Custom V710	NRN		EU-FORD-TRANSIT-CUSTOM-V710-VAN-L1-H1-01	HIGH	L1H1 物理外廓分支。	READY
152502_l2h1	152502	Van	Transit Custom V710	NRN		EU-FORD-TRANSIT-CUSTOM-V710-VAN-L2-H1-01	HIGH	L2H1 物理外廓分支。	READY
152503_l1h1	152503	Van	Transit Custom V710	NRN		EU-FORD-TRANSIT-CUSTOM-V710-VAN-L1-H1-01	HIGH	L1H1 物理外廓分支。	READY
152503_l2h1	152503	Van	Transit Custom V710	NRN		EU-FORD-TRANSIT-CUSTOM-V710-VAN-L2-H1-01	HIGH	L2H1 物理外廓分支。	READY
152505_l1h1	152505	Van	Transit Custom V710	NRN		EU-FORD-TRANSIT-CUSTOM-V710-VAN-L1-H1-01	HIGH	L1H1 物理外廓分支。	READY
152505_l2h1	152505	Van	Transit Custom V710	NRN		EU-FORD-TRANSIT-CUSTOM-V710-VAN-L2-H1-01	HIGH	L2H1 物理外廓分支。	READY
152506_l1h1	152506	Van	Transit Custom V710	NRN		EU-FORD-TRANSIT-CUSTOM-V710-VAN-L1-H1-01	HIGH	L1H1 物理外廓分支。	READY
152506_l2h1	152506	Van	Transit Custom V710	NRN		EU-FORD-TRANSIT-CUSTOM-V710-VAN-L2-H1-01	HIGH	L2H1 物理外廓分支。	READY
156272_l1h1	156272	MPV	Transit Custom V710	NXN		EU-FORD-TRANSIT-CUSTOM-V710-MPV-L1-H1-01	HIGH	L1H1 物理外廓分支。	READY
156272_l2h1	156272	MPV	Transit Custom V710	NXN		EU-FORD-TRANSIT-CUSTOM-V710-MPV-L2-H1-01	HIGH	L2H1 物理外廓分支。	READY
156273_l1h1	156273	MPV	Transit Custom V710	NXN		EU-FORD-TRANSIT-CUSTOM-V710-MPV-L1-H1-01	HIGH	L1H1 物理外廓分支。	READY
156273_l2h1	156273	MPV	Transit Custom V710	NXN		EU-FORD-TRANSIT-CUSTOM-V710-MPV-L2-H1-01	HIGH	L2H1 物理外廓分支。	READY
156275_l1h1	156275	MPV	Transit Custom V710	NXN		EU-FORD-TRANSIT-CUSTOM-V710-MPV-L1-H1-01	HIGH	L1H1 物理外廓分支。	READY
156275_l2h1	156275	MPV	Transit Custom V710	NXN		EU-FORD-TRANSIT-CUSTOM-V710-MPV-L2-H1-01	HIGH	L2H1 物理外廓分支。	READY
156276_l1h1	156276	MPV	Transit Custom V710	NXN		EU-FORD-TRANSIT-CUSTOM-V710-MPV-L1-H1-01	HIGH	L1H1 物理外廓分支。	READY
156276_l2h1	156276	MPV	Transit Custom V710	NXN		EU-FORD-TRANSIT-CUSTOM-V710-MPV-L2-H1-01	HIGH	L2H1 物理外廓分支。	READY
152504_l1h1	152504	Van	Transit Custom V710	NRN		EU-FORD-TRANSIT-CUSTOM-V710-VAN-L1-H1-01	HIGH	L1H1 物理外廓分支。	READY
152504_l2h1	152504	Van	Transit Custom V710	NRN		EU-FORD-TRANSIT-CUSTOM-V710-VAN-L2-H1-01	HIGH	L2H1 物理外廓分支。	READY
152507_l1h1	152507	Van	Transit Custom V710	NRN		EU-FORD-TRANSIT-CUSTOM-V710-VAN-L1-H1-01	HIGH	L1H1 物理外廓分支。	READY
152507_l2h1	152507	Van	Transit Custom V710	NRN		EU-FORD-TRANSIT-CUSTOM-V710-VAN-L2-H1-01	HIGH	L2H1 物理外廓分支。	READY
156274_l1h1	156274	MPV	Transit Custom V710	NXN		EU-FORD-TRANSIT-CUSTOM-V710-MPV-L1-H1-01	HIGH	L1H1 物理外廓分支。	READY
156274_l2h1	156274	MPV	Transit Custom V710	NXN		EU-FORD-TRANSIT-CUSTOM-V710-MPV-L2-H1-01	HIGH	L2H1 物理外廓分支。	READY
156277_l1h1	156277	MPV	Transit Custom V710	NXN		EU-FORD-TRANSIT-CUSTOM-V710-MPV-L1-H1-01	HIGH	L1H1 物理外廓分支。	READY
156277_l2h1	156277	MPV	Transit Custom V710	NXN		EU-FORD-TRANSIT-CUSTOM-V710-MPV-L2-H1-01	HIGH	L2H1 物理外廓分支。	READY
156208_l1h1	156208	Van	Transit Custom V710	NRN		EU-FORD-TRANSIT-CUSTOM-V710-VAN-L1-H1-01	HIGH	L1H1 物理外廓分支。	READY
156208_l2h1	156208	Van	Transit Custom V710	NRN		EU-FORD-TRANSIT-CUSTOM-V710-VAN-L2-H1-01	HIGH	L2H1 物理外廓分支。	READY
156278_l1h1	156278	MPV	Transit Custom V710	NXN		EU-FORD-TRANSIT-CUSTOM-V710-MPV-L1-H1-01	HIGH	L1H1 物理外廓分支。	READY
156278_l2h1	156278	MPV	Transit Custom V710	NXN		EU-FORD-TRANSIT-CUSTOM-V710-MPV-L2-H1-01	HIGH	L2H1 物理外廓分支。	READY
156963_l1h1	156963	Van	Transit Custom V710	NRN		EU-FORD-TRANSIT-CUSTOM-V710-VAN-L1-H1-01	HIGH	L1H1 物理外廓分支。	READY
156963_l2h1	156963	Van	Transit Custom V710	NRN		EU-FORD-TRANSIT-CUSTOM-V710-VAN-L2-H1-01	HIGH	L2H1 物理外廓分支。	READY
156964_l1h1	156964	Van	Transit Custom V710	NRN		EU-FORD-TRANSIT-CUSTOM-V710-VAN-L1-H1-01	HIGH	L1H1 物理外廓分支。	READY
156964_l2h1	156964	Van	Transit Custom V710	NRN		EU-FORD-TRANSIT-CUSTOM-V710-VAN-L2-H1-01	HIGH	L2H1 物理外廓分支。	READY
156965_l1h1	156965	MPV	Transit Custom V710	NXN		EU-FORD-TRANSIT-CUSTOM-V710-MPV-L1-H1-01	HIGH	L1H1 物理外廓分支。	READY
156965_l2h1	156965	MPV	Transit Custom V710	NXN		EU-FORD-TRANSIT-CUSTOM-V710-MPV-L2-H1-01	HIGH	L2H1 物理外廓分支。	READY
156967_l1h1	156967	Van	Transit Custom V710	NRN		EU-FORD-TRANSIT-CUSTOM-V710-VAN-L1-H1-01	HIGH	L1H1 物理外廓分支。	READY
156967_l2h1	156967	Van	Transit Custom V710	NRN		EU-FORD-TRANSIT-CUSTOM-V710-VAN-L2-H1-01	HIGH	L2H1 物理外廓分支。	READY
157679_l1h1	157679	MPV	Transit Custom V710	NXN		EU-FORD-TRANSIT-CUSTOM-V710-MPV-L1-H1-01	HIGH	L1H1 物理外廓分支。	READY
157679_l2h1	157679	MPV	Transit Custom V710	NXN		EU-FORD-TRANSIT-CUSTOM-V710-MPV-L2-H1-01	HIGH	L2H1 物理外廓分支。	READY
802761_l1h1	802761	Van	Transit Custom V710	NRN		EU-FORD-TRANSIT-CUSTOM-V710-VAN-L1-H1-01	HIGH	L1H1 物理外廓分支。	READY
802761_l2h1	802761	Van	Transit Custom V710	NRN		EU-FORD-TRANSIT-CUSTOM-V710-VAN-L2-H1-01	HIGH	L2H1 物理外廓分支。	READY
802762_l1h1	802762	Van	Transit Custom V710	NRN		EU-FORD-TRANSIT-CUSTOM-V710-VAN-L1-H1-01	HIGH	L1H1 物理外廓分支。	READY
802762_l2h1	802762	Van	Transit Custom V710	NRN		EU-FORD-TRANSIT-CUSTOM-V710-VAN-L2-H1-01	HIGH	L2H1 物理外廓分支。	READY
802763_l1h1	802763	Van	Transit Custom V710	NRN		EU-FORD-TRANSIT-CUSTOM-V710-VAN-L1-H1-01	HIGH	L1H1 物理外廓分支。	READY
802763_l2h1	802763	Van	Transit Custom V710	NRN		EU-FORD-TRANSIT-CUSTOM-V710-VAN-L2-H1-01	HIGH	L2H1 物理外廓分支。	READY
802764_l1h1	802764	MPV	Transit Custom V710	NXN		EU-FORD-TRANSIT-CUSTOM-V710-MPV-L1-H1-01	HIGH	L1H1 物理外廓分支。	READY
802764_l2h1	802764	MPV	Transit Custom V710	NXN		EU-FORD-TRANSIT-CUSTOM-V710-MPV-L2-H1-01	HIGH	L2H1 物理外廓分支。	READY
802899_l1h1	802899	MPV	Transit Custom V710	NXN		EU-FORD-TRANSIT-CUSTOM-V710-MPV-L1-H1-01	HIGH	L1H1 物理外廓分支。	READY
802899_l2h1	802899	MPV	Transit Custom V710	NXN		EU-FORD-TRANSIT-CUSTOM-V710-MPV-L2-H1-01	HIGH	L2H1 物理外廓分支。	READY
144673_chassis_sc_l2_fwd_srw	144673	Chassis Cab	Transit V363	V363	2	EU-FORD-TRANSIT-V363-CHASSIS-SC-L2-FWD-SRW-01	MEDIUM	Single-cab L2 FWD SRW chassis branch.	READY
144673_chassis_sc_l3_fwd_srw	144673	Chassis Cab	Transit V363	V363	2	EU-FORD-TRANSIT-V363-CHASSIS-SC-L3-FWD-SRW-01	MEDIUM	Single-cab L3 FWD SRW chassis branch.	READY
144673_chassis_sc_l4_fwd_srw	144673	Chassis Cab	Transit V363	V363	2	EU-FORD-TRANSIT-V363-CHASSIS-SC-L4-FWD-SRW-01	MEDIUM	Single-cab L4 FWD SRW chassis branch.	READY
144673_pickup_sc_l2_fwd_srw	144673	Pickup	Transit V363	V363	2	EU-FORD-TRANSIT-V363-PICKUP-SC-L2-FWD-SRW-01	MEDIUM	Single-cab L2 FWD SRW dropside branch.	READY
144673_pickup_sc_l3_fwd_srw	144673	Pickup	Transit V363	V363	2	EU-FORD-TRANSIT-V363-PICKUP-SC-L3-FWD-SRW-01	MEDIUM	Single-cab L3 FWD SRW dropside branch.	READY
144673_pickup_sc_l4_fwd_srw	144673	Pickup	Transit V363	V363	2	EU-FORD-TRANSIT-V363-PICKUP-SC-L4-FWD-SRW-01	MEDIUM	Single-cab L4 FWD SRW dropside branch.	READY
144673_chassis_dc_l2_fwd_srw	144673	Chassis Cab	Transit V363	V363	4	EU-FORD-TRANSIT-V363-CHASSIS-DC-L2-FWD-SRW-01	MEDIUM	Double-cab L2 FWD SRW chassis branch.	READY
144673_chassis_dc_l3_fwd_srw	144673	Chassis Cab	Transit V363	V363	4	EU-FORD-TRANSIT-V363-CHASSIS-DC-L3-FWD-SRW-01	MEDIUM	Double-cab L3 FWD SRW chassis branch.	READY
144673_pickup_dc_l2_fwd_srw	144673	Pickup	Transit V363	V363	4	EU-FORD-TRANSIT-V363-PICKUP-DC-L2-FWD-SRW-01	MEDIUM	Double-cab L2 FWD SRW dropside branch.	READY
144673_pickup_dc_l3_fwd_srw	144673	Pickup	Transit V363	V363	4	EU-FORD-TRANSIT-V363-PICKUP-DC-L3-FWD-SRW-01	MEDIUM	Double-cab L3 FWD SRW dropside branch.	READY
144674_l2h2	144674	Van	Transit V363			EU-FORD-TRANSIT-V363-VAN-L2-H2-FWD-01	MEDIUM	L2H2 FWD physical branch.	READY
144674_l2h3	144674	Van	Transit V363			EU-FORD-TRANSIT-V363-VAN-L2-H3-FWD-01	MEDIUM	L2H3 FWD physical branch.	READY
144674_l3h2	144674	Van	Transit V363			EU-FORD-TRANSIT-V363-VAN-L3-H2-FWD-01	MEDIUM	L3H2 FWD physical branch.	READY
144674_l3h3	144674	Van	Transit V363			EU-FORD-TRANSIT-V363-VAN-L3-H3-FWD-01	MEDIUM	L3H3 FWD physical branch.	READY
145764_l2h2	145764	MPV	Transit V363			EU-FORD-TRANSIT-V363-MPV-L2-H2-FWD-01	MEDIUM	L2H2 FWD passenger-body branch.	READY
145764_l2h3	145764	MPV	Transit V363			EU-FORD-TRANSIT-V363-MPV-L2-H3-FWD-01	MEDIUM	L2H3 FWD passenger-body branch.	READY
145764_l3h2	145764	MPV	Transit V363			EU-FORD-TRANSIT-V363-MPV-L3-H2-FWD-01	MEDIUM	L3H2 FWD passenger-body branch.	READY
145764_l3h3	145764	MPV	Transit V363			EU-FORD-TRANSIT-V363-MPV-L3-H3-FWD-01	MEDIUM	L3H3 FWD passenger-body branch.	READY
152699_l2h2	152699	Van	Transit V363			EU-FORD-TRANSIT-V363-VAN-L2-H2-FWD-01	MEDIUM	L2H2 FWD physical branch.	READY
152699_l2h3	152699	Van	Transit V363			EU-FORD-TRANSIT-V363-VAN-L2-H3-FWD-01	MEDIUM	L2H3 FWD physical branch.	READY
152699_l3h2	152699	Van	Transit V363			EU-FORD-TRANSIT-V363-VAN-L3-H2-FWD-01	MEDIUM	L3H2 FWD physical branch.	READY
152699_l3h3	152699	Van	Transit V363			EU-FORD-TRANSIT-V363-VAN-L3-H3-FWD-01	MEDIUM	L3H3 FWD physical branch.	READY
152700_chassis_sc_l2_fwd_srw	152700	Chassis Cab	Transit V363	V363	2	EU-FORD-TRANSIT-V363-CHASSIS-SC-L2-FWD-SRW-01	MEDIUM	Single-cab L2 FWD SRW chassis branch.	READY
152700_chassis_sc_l3_fwd_srw	152700	Chassis Cab	Transit V363	V363	2	EU-FORD-TRANSIT-V363-CHASSIS-SC-L3-FWD-SRW-01	MEDIUM	Single-cab L3 FWD SRW chassis branch.	READY
152700_chassis_sc_l4_fwd_srw	152700	Chassis Cab	Transit V363	V363	2	EU-FORD-TRANSIT-V363-CHASSIS-SC-L4-FWD-SRW-01	MEDIUM	Single-cab L4 FWD SRW chassis branch.	READY
152700_pickup_sc_l2_fwd_srw	152700	Pickup	Transit V363	V363	2	EU-FORD-TRANSIT-V363-PICKUP-SC-L2-FWD-SRW-01	MEDIUM	Single-cab L2 FWD SRW dropside branch.	READY
152700_pickup_sc_l3_fwd_srw	152700	Pickup	Transit V363	V363	2	EU-FORD-TRANSIT-V363-PICKUP-SC-L3-FWD-SRW-01	MEDIUM	Single-cab L3 FWD SRW dropside branch.	READY
152700_pickup_sc_l4_fwd_srw	152700	Pickup	Transit V363	V363	2	EU-FORD-TRANSIT-V363-PICKUP-SC-L4-FWD-SRW-01	MEDIUM	Single-cab L4 FWD SRW dropside branch.	READY
152700_chassis_dc_l2_fwd_srw	152700	Chassis Cab	Transit V363	V363	4	EU-FORD-TRANSIT-V363-CHASSIS-DC-L2-FWD-SRW-01	MEDIUM	Double-cab L2 FWD SRW chassis branch.	READY
152700_chassis_dc_l3_fwd_srw	152700	Chassis Cab	Transit V363	V363	4	EU-FORD-TRANSIT-V363-CHASSIS-DC-L3-FWD-SRW-01	MEDIUM	Double-cab L3 FWD SRW chassis branch.	READY
152700_pickup_dc_l2_fwd_srw	152700	Pickup	Transit V363	V363	4	EU-FORD-TRANSIT-V363-PICKUP-DC-L2-FWD-SRW-01	MEDIUM	Double-cab L2 FWD SRW dropside branch.	READY
152700_pickup_dc_l3_fwd_srw	152700	Pickup	Transit V363	V363	4	EU-FORD-TRANSIT-V363-PICKUP-DC-L3-FWD-SRW-01	MEDIUM	Double-cab L3 FWD SRW dropside branch.	READY
155574_l2h2	155574	Van	Transit V363			EU-FORD-TRANSIT-V363-VAN-L2-H2-FWD-01	MEDIUM	L2H2 FWD physical branch.	READY
155574_l2h3	155574	Van	Transit V363			EU-FORD-TRANSIT-V363-VAN-L2-H3-FWD-01	MEDIUM	L2H3 FWD physical branch.	READY
155574_l3h2	155574	Van	Transit V363			EU-FORD-TRANSIT-V363-VAN-L3-H2-FWD-01	MEDIUM	L3H2 FWD physical branch.	READY
155574_l3h3	155574	Van	Transit V363			EU-FORD-TRANSIT-V363-VAN-L3-H3-FWD-01	MEDIUM	L3H3 FWD physical branch.	READY
155576_chassis_sc_l2_fwd_srw	155576	Chassis Cab	Transit V363	V363	2	EU-FORD-TRANSIT-V363-CHASSIS-SC-L2-FWD-SRW-01	MEDIUM	Single-cab L2 FWD SRW chassis branch.	READY
155576_chassis_sc_l3_fwd_srw	155576	Chassis Cab	Transit V363	V363	2	EU-FORD-TRANSIT-V363-CHASSIS-SC-L3-FWD-SRW-01	MEDIUM	Single-cab L3 FWD SRW chassis branch.	READY
155576_chassis_sc_l4_fwd_srw	155576	Chassis Cab	Transit V363	V363	2	EU-FORD-TRANSIT-V363-CHASSIS-SC-L4-FWD-SRW-01	MEDIUM	Single-cab L4 FWD SRW chassis branch.	READY
155576_pickup_sc_l2_fwd_srw	155576	Pickup	Transit V363	V363	2	EU-FORD-TRANSIT-V363-PICKUP-SC-L2-FWD-SRW-01	MEDIUM	Single-cab L2 FWD SRW dropside branch.	READY
155576_pickup_sc_l3_fwd_srw	155576	Pickup	Transit V363	V363	2	EU-FORD-TRANSIT-V363-PICKUP-SC-L3-FWD-SRW-01	MEDIUM	Single-cab L3 FWD SRW dropside branch.	READY
155576_pickup_sc_l4_fwd_srw	155576	Pickup	Transit V363	V363	2	EU-FORD-TRANSIT-V363-PICKUP-SC-L4-FWD-SRW-01	MEDIUM	Single-cab L4 FWD SRW dropside branch.	READY
155576_chassis_dc_l2_fwd_srw	155576	Chassis Cab	Transit V363	V363	4	EU-FORD-TRANSIT-V363-CHASSIS-DC-L2-FWD-SRW-01	MEDIUM	Double-cab L2 FWD SRW chassis branch.	READY
155576_chassis_dc_l3_fwd_srw	155576	Chassis Cab	Transit V363	V363	4	EU-FORD-TRANSIT-V363-CHASSIS-DC-L3-FWD-SRW-01	MEDIUM	Double-cab L3 FWD SRW chassis branch.	READY
155576_pickup_dc_l2_fwd_srw	155576	Pickup	Transit V363	V363	4	EU-FORD-TRANSIT-V363-PICKUP-DC-L2-FWD-SRW-01	MEDIUM	Double-cab L2 FWD SRW dropside branch.	READY
155576_pickup_dc_l3_fwd_srw	155576	Pickup	Transit V363	V363	4	EU-FORD-TRANSIT-V363-PICKUP-DC-L3-FWD-SRW-01	MEDIUM	Double-cab L3 FWD SRW dropside branch.	READY
155578_l2h2	155578	MPV	Transit V363			EU-FORD-TRANSIT-V363-MPV-L2-H2-FWD-01	MEDIUM	L2H2 FWD passenger-body branch.	READY
155578_l2h3	155578	MPV	Transit V363			EU-FORD-TRANSIT-V363-MPV-L2-H3-FWD-01	MEDIUM	L2H3 FWD passenger-body branch.	READY
155578_l3h2	155578	MPV	Transit V363			EU-FORD-TRANSIT-V363-MPV-L3-H2-FWD-01	MEDIUM	L3H2 FWD passenger-body branch.	READY
155578_l3h3	155578	MPV	Transit V363			EU-FORD-TRANSIT-V363-MPV-L3-H3-FWD-01	MEDIUM	L3H3 FWD passenger-body branch.	READY
155575_l2h2	155575	Van	Transit V363			EU-FORD-TRANSIT-V363-VAN-L2-H2-RWD-AWD-01	MEDIUM	L2H2 RWD/AWD physical branch.	READY
155575_l2h3	155575	Van	Transit V363			EU-FORD-TRANSIT-V363-VAN-L2-H3-RWD-AWD-01	MEDIUM	L2H3 RWD/AWD physical branch.	READY
155575_l3h2	155575	Van	Transit V363			EU-FORD-TRANSIT-V363-VAN-L3-H2-RWD-AWD-01	MEDIUM	L3H2 RWD/AWD physical branch.	READY
155575_l3h3	155575	Van	Transit V363			EU-FORD-TRANSIT-V363-VAN-L3-H3-RWD-AWD-01	MEDIUM	L3H3 RWD/AWD physical branch.	READY
155575_l4h3_srw	155575	Van	Transit V363			EU-FORD-TRANSIT-V363-VAN-L4-H3-RWD-AWD-SRW-01	MEDIUM	L4H3 RWD/AWD SRW physical branch.	READY
155575_l4h3_drw	155575	Van	Transit V363			EU-FORD-TRANSIT-V363-VAN-L4-H3-RWD-AWD-DRW-01	MEDIUM	L4H3 RWD/AWD DRW physical branch.	READY
155577_chassis_sc_l2_awd_srw	155577	Chassis Cab	Transit V363	V363	2	EU-FORD-TRANSIT-V363-CHASSIS-SC-L2-RWD-AWD-SRW-01	MEDIUM	Single-cab L2 AWD SRW chassis branch.	READY
155577_chassis_sc_l3_awd_srw	155577	Chassis Cab	Transit V363	V363	2	EU-FORD-TRANSIT-V363-CHASSIS-SC-L3-RWD-AWD-SRW-01	MEDIUM	Single-cab L3 AWD SRW chassis branch.	READY
155577_chassis_sc_l4_awd_srw	155577	Chassis Cab	Transit V363	V363	2	EU-FORD-TRANSIT-V363-CHASSIS-SC-L4-RWD-AWD-SRW-01	MEDIUM	Single-cab L4 AWD SRW chassis branch.	READY
155577_pickup_sc_l2_awd_srw	155577	Pickup	Transit V363	V363	2	EU-FORD-TRANSIT-V363-PICKUP-SC-L2-RWD-AWD-SRW-01	MEDIUM	Single-cab L2 AWD SRW dropside branch.	READY
155577_pickup_sc_l3_awd_srw	155577	Pickup	Transit V363	V363	2	EU-FORD-TRANSIT-V363-PICKUP-SC-L3-RWD-AWD-SRW-01	MEDIUM	Single-cab L3 AWD SRW dropside branch.	READY
155577_pickup_sc_l4_awd_srw	155577	Pickup	Transit V363	V363	2	EU-FORD-TRANSIT-V363-PICKUP-SC-L4-RWD-AWD-SRW-01	MEDIUM	Single-cab L4 AWD SRW dropside branch.	READY
155577_chassis_dc_l2_awd_srw	155577	Chassis Cab	Transit V363	V363	4	EU-FORD-TRANSIT-V363-CHASSIS-DC-L2-RWD-AWD-SRW-01	MEDIUM	Double-cab L2 AWD SRW chassis branch.	READY
155577_chassis_dc_l3_awd_srw	155577	Chassis Cab	Transit V363	V363	4	EU-FORD-TRANSIT-V363-CHASSIS-DC-L3-RWD-AWD-SRW-01	MEDIUM	Double-cab L3 AWD SRW chassis branch.	READY
155577_chassis_dc_l4_awd_srw	155577	Chassis Cab	Transit V363	V363	4	EU-FORD-TRANSIT-V363-CHASSIS-DC-L4-RWD-AWD-SRW-01	MEDIUM	Double-cab L4 AWD SRW chassis branch.	READY
155577_pickup_dc_l2_awd_srw	155577	Pickup	Transit V363	V363	4	EU-FORD-TRANSIT-V363-PICKUP-DC-L2-RWD-AWD-SRW-01	MEDIUM	Double-cab L2 AWD SRW dropside branch.	READY
155577_pickup_dc_l3_awd_srw	155577	Pickup	Transit V363	V363	4	EU-FORD-TRANSIT-V363-PICKUP-DC-L3-RWD-AWD-SRW-01	MEDIUM	Double-cab L3 AWD SRW dropside branch.	READY
155577_pickup_dc_l4_awd_srw	155577	Pickup	Transit V363	V363	4	EU-FORD-TRANSIT-V363-PICKUP-DC-L4-RWD-AWD-SRW-01	MEDIUM	Double-cab L4 AWD SRW dropside branch.	READY
145763_l2h2	145763	MPV	Transit V363			EU-FORD-TRANSIT-V363-MPV-L2-H2-FWD-01	MEDIUM	L2H2 FWD passenger-body branch.	READY
145763_l2h3	145763	MPV	Transit V363			EU-FORD-TRANSIT-V363-MPV-L2-H3-FWD-01	MEDIUM	L2H3 FWD passenger-body branch.	READY
145763_l3h2	145763	MPV	Transit V363			EU-FORD-TRANSIT-V363-MPV-L3-H2-FWD-01	MEDIUM	L3H2 FWD passenger-body branch.	READY
145763_l3h3	145763	MPV	Transit V363			EU-FORD-TRANSIT-V363-MPV-L3-H3-FWD-01	MEDIUM	L3H3 FWD passenger-body branch.	READY
148379_chassis_sc_l2_rwd_srw	148379	Chassis Cab	Transit V363	V363	2	EU-FORD-TRANSIT-V363-CHASSIS-SC-L2-RWD-AWD-SRW-01	MEDIUM	Single-cab L2 RWD SRW chassis branch.	READY
148379_chassis_sc_l2_rwd_drw	148379	Chassis Cab	Transit V363	V363	2	EU-FORD-TRANSIT-V363-CHASSIS-SC-L2-RWD-AWD-DRW-01	MEDIUM	Single-cab L2 RWD DRW chassis branch.	READY
148379_chassis_sc_l3_rwd_srw	148379	Chassis Cab	Transit V363	V363	2	EU-FORD-TRANSIT-V363-CHASSIS-SC-L3-RWD-AWD-SRW-01	MEDIUM	Single-cab L3 RWD SRW chassis branch.	READY
148379_chassis_sc_l3_rwd_drw	148379	Chassis Cab	Transit V363	V363	2	EU-FORD-TRANSIT-V363-CHASSIS-SC-L3-RWD-AWD-DRW-01	MEDIUM	Single-cab L3 RWD DRW chassis branch.	READY
148379_chassis_sc_l4_rwd_srw	148379	Chassis Cab	Transit V363	V363	2	EU-FORD-TRANSIT-V363-CHASSIS-SC-L4-RWD-AWD-SRW-01	MEDIUM	Single-cab L4 RWD SRW chassis branch.	READY
148379_chassis_sc_l4_rwd_drw	148379	Chassis Cab	Transit V363	V363	2	EU-FORD-TRANSIT-V363-CHASSIS-SC-L4-RWD-AWD-DRW-01	MEDIUM	Single-cab L4 RWD DRW chassis branch.	READY
148379_chassis_sc_l5_rwd_srw	148379	Chassis Cab	Transit V363	V363	2	EU-FORD-TRANSIT-V363-CHASSIS-SC-L5-RWD-AWD-SRW-01	MEDIUM	Single-cab L5 RWD SRW chassis branch.	READY
148379_chassis_sc_l5_rwd_drw	148379	Chassis Cab	Transit V363	V363	2	EU-FORD-TRANSIT-V363-CHASSIS-SC-L5-RWD-AWD-DRW-01	MEDIUM	Single-cab L5 RWD DRW chassis branch.	READY
148379_pickup_sc_l2_rwd_srw	148379	Pickup	Transit V363	V363	2	EU-FORD-TRANSIT-V363-PICKUP-SC-L2-RWD-AWD-SRW-01	MEDIUM	Single-cab L2 RWD SRW dropside branch.	READY
148379_pickup_sc_l2_rwd_drw	148379	Pickup	Transit V363	V363	2	EU-FORD-TRANSIT-V363-PICKUP-SC-L2-RWD-AWD-DRW-01	MEDIUM	Single-cab L2 RWD DRW dropside branch.	READY
148379_pickup_sc_l3_rwd_srw	148379	Pickup	Transit V363	V363	2	EU-FORD-TRANSIT-V363-PICKUP-SC-L3-RWD-AWD-SRW-01	MEDIUM	Single-cab L3 RWD SRW dropside branch.	READY
148379_pickup_sc_l3_rwd_drw	148379	Pickup	Transit V363	V363	2	EU-FORD-TRANSIT-V363-PICKUP-SC-L3-RWD-AWD-DRW-01	MEDIUM	Single-cab L3 RWD DRW dropside branch.	READY
148379_pickup_sc_l4_rwd_srw	148379	Pickup	Transit V363	V363	2	EU-FORD-TRANSIT-V363-PICKUP-SC-L4-RWD-AWD-SRW-01	MEDIUM	Single-cab L4 RWD SRW dropside branch.	READY
148379_pickup_sc_l4_rwd_drw	148379	Pickup	Transit V363	V363	2	EU-FORD-TRANSIT-V363-PICKUP-SC-L4-RWD-AWD-DRW-01	MEDIUM	Single-cab L4 RWD DRW dropside branch.	READY
148379_pickup_sc_l5_rwd_srw	148379	Pickup	Transit V363	V363	2	EU-FORD-TRANSIT-V363-PICKUP-SC-L5-RWD-AWD-SRW-01	MEDIUM	Single-cab L5 RWD SRW dropside branch.	READY
148379_pickup_sc_l5_rwd_drw	148379	Pickup	Transit V363	V363	2	EU-FORD-TRANSIT-V363-PICKUP-SC-L5-RWD-AWD-DRW-01	MEDIUM	Single-cab L5 RWD DRW dropside branch.	READY
148379_chassis_dc_l2_rwd_srw	148379	Chassis Cab	Transit V363	V363	4	EU-FORD-TRANSIT-V363-CHASSIS-DC-L2-RWD-AWD-SRW-01	MEDIUM	Double-cab L2 RWD SRW chassis branch.	READY
148379_chassis_dc_l2_rwd_drw	148379	Chassis Cab	Transit V363	V363	4	EU-FORD-TRANSIT-V363-CHASSIS-DC-L2-RWD-AWD-DRW-01	MEDIUM	Double-cab L2 RWD DRW chassis branch.	READY
148379_chassis_dc_l3_rwd_srw	148379	Chassis Cab	Transit V363	V363	4	EU-FORD-TRANSIT-V363-CHASSIS-DC-L3-RWD-AWD-SRW-01	MEDIUM	Double-cab L3 RWD SRW chassis branch.	READY
148379_chassis_dc_l3_rwd_drw	148379	Chassis Cab	Transit V363	V363	4	EU-FORD-TRANSIT-V363-CHASSIS-DC-L3-RWD-AWD-DRW-01	MEDIUM	Double-cab L3 RWD DRW chassis branch.	READY
148379_chassis_dc_l4_rwd_srw	148379	Chassis Cab	Transit V363	V363	4	EU-FORD-TRANSIT-V363-CHASSIS-DC-L4-RWD-AWD-SRW-01	MEDIUM	Double-cab L4 RWD SRW chassis branch.	READY
148379_chassis_dc_l4_rwd_drw	148379	Chassis Cab	Transit V363	V363	4	EU-FORD-TRANSIT-V363-CHASSIS-DC-L4-RWD-AWD-DRW-01	MEDIUM	Double-cab L4 RWD DRW chassis branch.	READY
148379_chassis_dc_l5_rwd_srw	148379	Chassis Cab	Transit V363	V363	4	EU-FORD-TRANSIT-V363-CHASSIS-DC-L5-RWD-AWD-SRW-01	MEDIUM	Double-cab L5 RWD SRW chassis branch.	READY
148379_chassis_dc_l5_rwd_drw	148379	Chassis Cab	Transit V363	V363	4	EU-FORD-TRANSIT-V363-CHASSIS-DC-L5-RWD-AWD-DRW-01	MEDIUM	Double-cab L5 RWD DRW chassis branch.	READY
148379_pickup_dc_l2_rwd_srw	148379	Pickup	Transit V363	V363	4	EU-FORD-TRANSIT-V363-PICKUP-DC-L2-RWD-AWD-SRW-01	MEDIUM	Double-cab L2 RWD SRW dropside branch.	READY
148379_pickup_dc_l2_rwd_drw	148379	Pickup	Transit V363	V363	4	EU-FORD-TRANSIT-V363-PICKUP-DC-L2-RWD-AWD-DRW-01	MEDIUM	Double-cab L2 RWD DRW dropside branch.	READY
148379_pickup_dc_l3_rwd_srw	148379	Pickup	Transit V363	V363	4	EU-FORD-TRANSIT-V363-PICKUP-DC-L3-RWD-AWD-SRW-01	MEDIUM	Double-cab L3 RWD SRW dropside branch.	READY
148379_pickup_dc_l3_rwd_drw	148379	Pickup	Transit V363	V363	4	EU-FORD-TRANSIT-V363-PICKUP-DC-L3-RWD-AWD-DRW-01	MEDIUM	Double-cab L3 RWD DRW dropside branch.	READY
148379_pickup_dc_l4_rwd_srw	148379	Pickup	Transit V363	V363	4	EU-FORD-TRANSIT-V363-PICKUP-DC-L4-RWD-AWD-SRW-01	MEDIUM	Double-cab L4 RWD SRW dropside branch.	READY
148379_pickup_dc_l4_rwd_drw	148379	Pickup	Transit V363	V363	4	EU-FORD-TRANSIT-V363-PICKUP-DC-L4-RWD-AWD-DRW-01	MEDIUM	Double-cab L4 RWD DRW dropside branch.	READY
148379_pickup_dc_l5_rwd_srw	148379	Pickup	Transit V363	V363	4	EU-FORD-TRANSIT-V363-PICKUP-DC-L5-RWD-AWD-SRW-01	MEDIUM	Double-cab L5 RWD SRW dropside branch.	READY
148379_pickup_dc_l5_rwd_drw	148379	Pickup	Transit V363	V363	4	EU-FORD-TRANSIT-V363-PICKUP-DC-L5-RWD-AWD-DRW-01	MEDIUM	Double-cab L5 RWD DRW dropside branch.	READY
152697_l2h2	152697	MPV	Transit V363			EU-FORD-TRANSIT-V363-MPV-L2-H2-RWD-01	MEDIUM	L2H2 RWD passenger-body branch.	READY
152697_l3h2	152697	MPV	Transit V363			EU-FORD-TRANSIT-V363-MPV-L3-H2-RWD-01	MEDIUM	L3H2 RWD passenger-body branch.	READY
152697_l3h3	152697	MPV	Transit V363			EU-FORD-TRANSIT-V363-MPV-L3-H3-RWD-01	MEDIUM	L3H3 RWD passenger-body branch.	READY
152697_l4h3_drw	152697	MPV	Transit V363			EU-FORD-TRANSIT-V363-MPV-L4-H3-RWD-DRW-01	MEDIUM	L4H3 RWD DRW passenger-body branch.	READY
152698_l2h2	152698	Van	Transit V363			EU-FORD-TRANSIT-V363-VAN-L2-H2-RWD-AWD-01	MEDIUM	L2H2 RWD/AWD physical branch.	READY
152698_l2h3	152698	Van	Transit V363			EU-FORD-TRANSIT-V363-VAN-L2-H3-RWD-AWD-01	MEDIUM	L2H3 RWD/AWD physical branch.	READY
152698_l3h2	152698	Van	Transit V363			EU-FORD-TRANSIT-V363-VAN-L3-H2-RWD-AWD-01	MEDIUM	L3H2 RWD/AWD physical branch.	READY
152698_l3h3	152698	Van	Transit V363			EU-FORD-TRANSIT-V363-VAN-L3-H3-RWD-AWD-01	MEDIUM	L3H3 RWD/AWD physical branch.	READY
152698_l4h3_srw	152698	Van	Transit V363			EU-FORD-TRANSIT-V363-VAN-L4-H3-RWD-AWD-SRW-01	MEDIUM	L4H3 RWD/AWD SRW physical branch.	READY
152698_l4h3_drw	152698	Van	Transit V363			EU-FORD-TRANSIT-V363-VAN-L4-H3-RWD-AWD-DRW-01	MEDIUM	L4H3 RWD/AWD DRW physical branch.	READY
101104_l2h2	101104	Van	Transit V363	V363		EU-FORD-TRANSIT-V363-VAN-L2-H2-PREFL-01	HIGH	L2H2 pre-facelift physical branch.	READY
101104_l2h3	101104	Van	Transit V363	V363		EU-FORD-TRANSIT-V363-VAN-L2-H3-PREFL-01	HIGH	L2H3 pre-facelift physical branch.	READY
101104_l3h2	101104	Van	Transit V363	V363		EU-FORD-TRANSIT-V363-VAN-L3-H2-PREFL-01	HIGH	L3H2 pre-facelift physical branch.	READY
101104_l3h3	101104	Van	Transit V363	V363		EU-FORD-TRANSIT-V363-VAN-L3-H3-PREFL-01	HIGH	L3H3 pre-facelift physical branch.	READY
101108_l2h2	101108	Van	Transit V363	V363		EU-FORD-TRANSIT-V363-VAN-L2-H2-PREFL-01	HIGH	L2H2 pre-facelift physical branch.	READY
101108_l2h3	101108	Van	Transit V363	V363		EU-FORD-TRANSIT-V363-VAN-L2-H3-PREFL-01	HIGH	L2H3 pre-facelift physical branch.	READY
101108_l3h2	101108	Van	Transit V363	V363		EU-FORD-TRANSIT-V363-VAN-L3-H2-PREFL-01	HIGH	L3H2 pre-facelift physical branch.	READY
101108_l3h3	101108	Van	Transit V363	V363		EU-FORD-TRANSIT-V363-VAN-L3-H3-PREFL-01	HIGH	L3H3 pre-facelift physical branch.	READY
101110_l2h2	101110	Van	Transit V363	V363		EU-FORD-TRANSIT-V363-VAN-L2-H2-PREFL-01	HIGH	L2H2 pre-facelift physical branch.	READY
101110_l2h3	101110	Van	Transit V363	V363		EU-FORD-TRANSIT-V363-VAN-L2-H3-PREFL-01	HIGH	L2H3 pre-facelift physical branch.	READY
101110_l3h2	101110	Van	Transit V363	V363		EU-FORD-TRANSIT-V363-VAN-L3-H2-PREFL-01	HIGH	L3H2 pre-facelift physical branch.	READY
101110_l3h3	101110	Van	Transit V363	V363		EU-FORD-TRANSIT-V363-VAN-L3-H3-PREFL-01	HIGH	L3H3 pre-facelift physical branch.	READY
101112_chassis_sc_l2	101112	Chassis Cab	Transit V363	V363	2	EU-FORD-TRANSIT-V363-CHASSIS-SC-L2-PREFL-SRW-01	MEDIUM	Single-cab L2 chassis branch.	READY
101112_chassis_sc_l3	101112	Chassis Cab	Transit V363	V363	2	EU-FORD-TRANSIT-V363-CHASSIS-SC-L3-PREFL-SRW-01	MEDIUM	Single-cab L3 chassis branch.	READY
101112_chassis_sc_l4	101112	Chassis Cab	Transit V363	V363	2	EU-FORD-TRANSIT-V363-CHASSIS-SC-L4-PREFL-SRW-01	MEDIUM	Single-cab L4 chassis branch.	READY
101112_pickup_sc_l2	101112	Pickup	Transit V363	V363	2	EU-FORD-TRANSIT-V363-PICKUP-SC-L2-PREFL-SRW-01	MEDIUM	Single-cab L2 dropside branch.	READY
101112_pickup_sc_l3	101112	Pickup	Transit V363	V363	2	EU-FORD-TRANSIT-V363-PICKUP-SC-L3-PREFL-SRW-01	MEDIUM	Single-cab L3 dropside branch.	READY
101112_pickup_sc_l4	101112	Pickup	Transit V363	V363	2	EU-FORD-TRANSIT-V363-PICKUP-SC-L4-PREFL-SRW-01	MEDIUM	Single-cab L4 dropside branch.	READY
101114_chassis_sc_l2	101114	Chassis Cab	Transit V363	V363	2	EU-FORD-TRANSIT-V363-CHASSIS-SC-L2-PREFL-SRW-01	MEDIUM	Single-cab L2 chassis branch.	READY
101114_chassis_sc_l3	101114	Chassis Cab	Transit V363	V363	2	EU-FORD-TRANSIT-V363-CHASSIS-SC-L3-PREFL-SRW-01	MEDIUM	Single-cab L3 chassis branch.	READY
101114_chassis_sc_l4	101114	Chassis Cab	Transit V363	V363	2	EU-FORD-TRANSIT-V363-CHASSIS-SC-L4-PREFL-SRW-01	MEDIUM	Single-cab L4 chassis branch.	READY
101114_pickup_sc_l2	101114	Pickup	Transit V363	V363	2	EU-FORD-TRANSIT-V363-PICKUP-SC-L2-PREFL-SRW-01	MEDIUM	Single-cab L2 dropside branch.	READY
101114_pickup_sc_l3	101114	Pickup	Transit V363	V363	2	EU-FORD-TRANSIT-V363-PICKUP-SC-L3-PREFL-SRW-01	MEDIUM	Single-cab L3 dropside branch.	READY
101114_pickup_sc_l4	101114	Pickup	Transit V363	V363	2	EU-FORD-TRANSIT-V363-PICKUP-SC-L4-PREFL-SRW-01	MEDIUM	Single-cab L4 dropside branch.	READY
101118_chassis_sc_l2	101118	Chassis Cab	Transit V363	V363	2	EU-FORD-TRANSIT-V363-CHASSIS-SC-L2-PREFL-SRW-01	MEDIUM	Single-cab L2 chassis branch.	READY
101118_chassis_sc_l3	101118	Chassis Cab	Transit V363	V363	2	EU-FORD-TRANSIT-V363-CHASSIS-SC-L3-PREFL-SRW-01	MEDIUM	Single-cab L3 chassis branch.	READY
101118_chassis_sc_l4	101118	Chassis Cab	Transit V363	V363	2	EU-FORD-TRANSIT-V363-CHASSIS-SC-L4-PREFL-SRW-01	MEDIUM	Single-cab L4 chassis branch.	READY
101118_pickup_sc_l2	101118	Pickup	Transit V363	V363	2	EU-FORD-TRANSIT-V363-PICKUP-SC-L2-PREFL-SRW-01	MEDIUM	Single-cab L2 dropside branch.	READY
101118_pickup_sc_l3	101118	Pickup	Transit V363	V363	2	EU-FORD-TRANSIT-V363-PICKUP-SC-L3-PREFL-SRW-01	MEDIUM	Single-cab L3 dropside branch.	READY
101118_pickup_sc_l4	101118	Pickup	Transit V363	V363	2	EU-FORD-TRANSIT-V363-PICKUP-SC-L4-PREFL-SRW-01	MEDIUM	Single-cab L4 dropside branch.	READY
107811_l2h2	107811	MPV	Transit V363	V363		EU-FORD-TRANSIT-V363-VAN-L2-H2-PREFL-01	MEDIUM	L2H2 pre-facelift passenger-body branch.	READY
107811_l2h3	107811	MPV	Transit V363	V363		EU-FORD-TRANSIT-V363-VAN-L2-H3-PREFL-01	MEDIUM	L2H3 pre-facelift passenger-body branch.	READY
107811_l3h2	107811	MPV	Transit V363	V363		EU-FORD-TRANSIT-V363-VAN-L3-H2-PREFL-01	MEDIUM	L3H2 pre-facelift passenger-body branch.	READY
107811_l3h3	107811	MPV	Transit V363	V363		EU-FORD-TRANSIT-V363-VAN-L3-H3-PREFL-01	MEDIUM	L3H3 pre-facelift passenger-body branch.	READY
107814_l2h2	107814	MPV	Transit V363	V363		EU-FORD-TRANSIT-V363-VAN-L2-H2-PREFL-01	MEDIUM	L2H2 pre-facelift passenger-body branch.	READY
107814_l2h3	107814	MPV	Transit V363	V363		EU-FORD-TRANSIT-V363-VAN-L2-H3-PREFL-01	MEDIUM	L2H3 pre-facelift passenger-body branch.	READY
107814_l3h2	107814	MPV	Transit V363	V363		EU-FORD-TRANSIT-V363-VAN-L3-H2-PREFL-01	MEDIUM	L3H2 pre-facelift passenger-body branch.	READY
107814_l3h3	107814	MPV	Transit V363	V363		EU-FORD-TRANSIT-V363-VAN-L3-H3-PREFL-01	MEDIUM	L3H3 pre-facelift passenger-body branch.	READY
115815_l2h2	115815	MPV	Transit V363	V363		EU-FORD-TRANSIT-V363-VAN-L2-H2-PREFL-01	MEDIUM	L2H2 pre-facelift passenger-body branch.	READY
115815_l2h3	115815	MPV	Transit V363	V363		EU-FORD-TRANSIT-V363-VAN-L2-H3-PREFL-01	MEDIUM	L2H3 pre-facelift passenger-body branch.	READY
115815_l3h2	115815	MPV	Transit V363	V363		EU-FORD-TRANSIT-V363-VAN-L3-H2-PREFL-01	MEDIUM	L3H2 pre-facelift passenger-body branch.	READY
115815_l3h3	115815	MPV	Transit V363	V363		EU-FORD-TRANSIT-V363-VAN-L3-H3-PREFL-01	MEDIUM	L3H3 pre-facelift passenger-body branch.	READY
101103_l2h2	101103	Van	Transit V363	V363		EU-FORD-TRANSIT-V363-VAN-L2-H2-PREFL-01	HIGH	L2H2 pre-facelift AWD branch.	READY
101103_l2h3	101103	Van	Transit V363	V363		EU-FORD-TRANSIT-V363-VAN-L2-H3-PREFL-01	HIGH	L2H3 pre-facelift AWD branch.	READY
101103_l3h2	101103	Van	Transit V363	V363		EU-FORD-TRANSIT-V363-VAN-L3-H2-PREFL-01	HIGH	L3H2 pre-facelift AWD branch.	READY
101103_l3h3	101103	Van	Transit V363	V363		EU-FORD-TRANSIT-V363-VAN-L3-H3-PREFL-01	HIGH	L3H3 pre-facelift AWD branch.	READY
101109_l2h2	101109	Van	Transit V363	V363		EU-FORD-TRANSIT-V363-VAN-L2-H2-PREFL-01	HIGH	L2H2 pre-facelift AWD branch.	READY
101109_l2h3	101109	Van	Transit V363	V363		EU-FORD-TRANSIT-V363-VAN-L2-H3-PREFL-01	HIGH	L2H3 pre-facelift AWD branch.	READY
101109_l3h2	101109	Van	Transit V363	V363		EU-FORD-TRANSIT-V363-VAN-L3-H2-PREFL-01	HIGH	L3H2 pre-facelift AWD branch.	READY
101109_l3h3	101109	Van	Transit V363	V363		EU-FORD-TRANSIT-V363-VAN-L3-H3-PREFL-01	HIGH	L3H3 pre-facelift AWD branch.	READY
101117_chassis_sc_l2	101117	Chassis Cab	Transit V363	V363	2	EU-FORD-TRANSIT-V363-CHASSIS-SC-L2-PREFL-SRW-01	MEDIUM	Single-cab L2 AWD chassis branch.	READY
101117_chassis_sc_l3	101117	Chassis Cab	Transit V363	V363	2	EU-FORD-TRANSIT-V363-CHASSIS-SC-L3-PREFL-SRW-01	MEDIUM	Single-cab L3 AWD chassis branch.	READY
101117_pickup_sc_l2	101117	Pickup	Transit V363	V363	2	EU-FORD-TRANSIT-V363-PICKUP-SC-L2-PREFL-SRW-01	MEDIUM	Single-cab L2 AWD dropside branch.	READY
101117_pickup_sc_l3	101117	Pickup	Transit V363	V363	2	EU-FORD-TRANSIT-V363-PICKUP-SC-L3-PREFL-SRW-01	MEDIUM	Single-cab L3 AWD dropside branch.	READY
101122_chassis_sc_l2	101122	Chassis Cab	Transit V363	V363	2	EU-FORD-TRANSIT-V363-CHASSIS-SC-L2-PREFL-SRW-01	MEDIUM	Single-cab L2 AWD chassis branch.	READY
101122_chassis_sc_l3	101122	Chassis Cab	Transit V363	V363	2	EU-FORD-TRANSIT-V363-CHASSIS-SC-L3-PREFL-SRW-01	MEDIUM	Single-cab L3 AWD chassis branch.	READY
101122_pickup_sc_l2	101122	Pickup	Transit V363	V363	2	EU-FORD-TRANSIT-V363-PICKUP-SC-L2-PREFL-SRW-01	MEDIUM	Single-cab L2 AWD dropside branch.	READY
101122_pickup_sc_l3	101122	Pickup	Transit V363	V363	2	EU-FORD-TRANSIT-V363-PICKUP-SC-L3-PREFL-SRW-01	MEDIUM	Single-cab L3 AWD dropside branch.	READY
107819_l2h2	107819	MPV	Transit V363	V363		EU-FORD-TRANSIT-V363-VAN-L2-H2-PREFL-01	MEDIUM	L2H2 pre-facelift AWD passenger-body branch.	READY
107819_l2h3	107819	MPV	Transit V363	V363		EU-FORD-TRANSIT-V363-VAN-L2-H3-PREFL-01	MEDIUM	L2H3 pre-facelift AWD passenger-body branch.	READY
107819_l3h2	107819	MPV	Transit V363	V363		EU-FORD-TRANSIT-V363-VAN-L3-H2-PREFL-01	MEDIUM	L3H2 pre-facelift AWD passenger-body branch.	READY
107819_l3h3	107819	MPV	Transit V363	V363		EU-FORD-TRANSIT-V363-VAN-L3-H3-PREFL-01	MEDIUM	L3H3 pre-facelift AWD passenger-body branch.	READY
101100_l3h2	101100	MPV	Transit V363	V363		EU-FORD-TRANSIT-V363-MPV-L3-H2-PREFL-RWD-01	MEDIUM	L3H2 RWD pre-facelift minibus branch.	READY
101100_l3h3	101100	MPV	Transit V363	V363		EU-FORD-TRANSIT-V363-MPV-L3-H3-PREFL-RWD-01	MEDIUM	L3H3 RWD pre-facelift minibus branch.	READY
101100_l4h3_drw	101100	MPV	Transit V363	V363		EU-FORD-TRANSIT-V363-MPV-L4-H3-PREFL-RWD-DRW-01	MEDIUM	L4H3 RWD DRW pre-facelift minibus branch.	READY
101101_l3h2	101101	MPV	Transit V363	V363		EU-FORD-TRANSIT-V363-MPV-L3-H2-PREFL-RWD-01	MEDIUM	L3H2 RWD pre-facelift minibus branch.	READY
101101_l3h3	101101	MPV	Transit V363	V363		EU-FORD-TRANSIT-V363-MPV-L3-H3-PREFL-RWD-01	MEDIUM	L3H3 RWD pre-facelift minibus branch.	READY
101101_l4h3_drw	101101	MPV	Transit V363	V363		EU-FORD-TRANSIT-V363-MPV-L4-H3-PREFL-RWD-DRW-01	MEDIUM	L4H3 RWD DRW pre-facelift minibus branch.	READY
101102_l2h2	101102	Van	Transit V363	V363		EU-FORD-TRANSIT-V363-VAN-L2-H2-PREFL-01	HIGH	L2H2 pre-facelift RWD branch.	READY
101102_l2h3	101102	Van	Transit V363	V363		EU-FORD-TRANSIT-V363-VAN-L2-H3-PREFL-01	HIGH	L2H3 pre-facelift RWD branch.	READY
101102_l3h2	101102	Van	Transit V363	V363		EU-FORD-TRANSIT-V363-VAN-L3-H2-PREFL-01	HIGH	L3H2 pre-facelift RWD branch.	READY
101102_l3h3	101102	Van	Transit V363	V363		EU-FORD-TRANSIT-V363-VAN-L3-H3-PREFL-01	HIGH	L3H3 pre-facelift RWD branch.	READY
101102_l4h3_srw	101102	Van	Transit V363	V363		EU-FORD-TRANSIT-V363-VAN-L4-H3-PREFL-SRW-01	HIGH	L4H3 pre-facelift SRW branch.	READY
101102_l4h3_drw	101102	Van	Transit V363	V363		EU-FORD-TRANSIT-V363-VAN-L4-H3-PREFL-DRW-01	HIGH	L4H3 pre-facelift DRW branch.	READY
101106_l2h2	101106	Van	Transit V363	V363		EU-FORD-TRANSIT-V363-VAN-L2-H2-PREFL-01	HIGH	L2H2 pre-facelift RWD branch.	READY
101106_l2h3	101106	Van	Transit V363	V363		EU-FORD-TRANSIT-V363-VAN-L2-H3-PREFL-01	HIGH	L2H3 pre-facelift RWD branch.	READY
101106_l3h2	101106	Van	Transit V363	V363		EU-FORD-TRANSIT-V363-VAN-L3-H2-PREFL-01	HIGH	L3H2 pre-facelift RWD branch.	READY
101106_l3h3	101106	Van	Transit V363	V363		EU-FORD-TRANSIT-V363-VAN-L3-H3-PREFL-01	HIGH	L3H3 pre-facelift RWD branch.	READY
101106_l4h3_srw	101106	Van	Transit V363	V363		EU-FORD-TRANSIT-V363-VAN-L4-H3-PREFL-SRW-01	HIGH	L4H3 pre-facelift SRW branch.	READY
101106_l4h3_drw	101106	Van	Transit V363	V363		EU-FORD-TRANSIT-V363-VAN-L4-H3-PREFL-DRW-01	HIGH	L4H3 pre-facelift DRW branch.	READY
101111_l2h2	101111	Van	Transit V363	V363		EU-FORD-TRANSIT-V363-VAN-L2-H2-PREFL-01	HIGH	L2H2 pre-facelift RWD branch.	READY
101111_l2h3	101111	Van	Transit V363	V363		EU-FORD-TRANSIT-V363-VAN-L2-H3-PREFL-01	HIGH	L2H3 pre-facelift RWD branch.	READY
101111_l3h2	101111	Van	Transit V363	V363		EU-FORD-TRANSIT-V363-VAN-L3-H2-PREFL-01	HIGH	L3H2 pre-facelift RWD branch.	READY
101111_l3h3	101111	Van	Transit V363	V363		EU-FORD-TRANSIT-V363-VAN-L3-H3-PREFL-01	HIGH	L3H3 pre-facelift RWD branch.	READY
101111_l4h3_srw	101111	Van	Transit V363	V363		EU-FORD-TRANSIT-V363-VAN-L4-H3-PREFL-SRW-01	HIGH	L4H3 pre-facelift SRW branch.	READY
101111_l4h3_drw	101111	Van	Transit V363	V363		EU-FORD-TRANSIT-V363-VAN-L4-H3-PREFL-DRW-01	HIGH	L4H3 pre-facelift DRW branch.	READY
101113_chassis_sc_l1_srw	101113	Chassis Cab	Transit V363	V363	2	EU-FORD-TRANSIT-V363-CHASSIS-SC-L1-PREFL-SRW-01	MEDIUM	Single-cab L1 RWD SRW chassis branch.	READY
101113_chassis_sc_l2_srw	101113	Chassis Cab	Transit V363	V363	2	EU-FORD-TRANSIT-V363-CHASSIS-SC-L2-PREFL-SRW-01	MEDIUM	Single-cab L2 RWD SRW chassis branch.	READY
101113_chassis_sc_l2_drw	101113	Chassis Cab	Transit V363	V363	2	EU-FORD-TRANSIT-V363-CHASSIS-SC-L2-PREFL-DRW-01	MEDIUM	Single-cab L2 RWD DRW chassis branch.	READY
101113_chassis_sc_l3_srw	101113	Chassis Cab	Transit V363	V363	2	EU-FORD-TRANSIT-V363-CHASSIS-SC-L3-PREFL-SRW-01	MEDIUM	Single-cab L3 RWD SRW chassis branch.	READY
101113_chassis_sc_l3_drw	101113	Chassis Cab	Transit V363	V363	2	EU-FORD-TRANSIT-V363-CHASSIS-SC-L3-PREFL-DRW-01	MEDIUM	Single-cab L3 RWD DRW chassis branch.	READY
101113_chassis_sc_l4_srw	101113	Chassis Cab	Transit V363	V363	2	EU-FORD-TRANSIT-V363-CHASSIS-SC-L4-PREFL-SRW-01	MEDIUM	Single-cab L4 RWD SRW chassis branch.	READY
101113_chassis_sc_l4_drw	101113	Chassis Cab	Transit V363	V363	2	EU-FORD-TRANSIT-V363-CHASSIS-SC-L4-PREFL-DRW-01	MEDIUM	Single-cab L4 RWD DRW chassis branch.	READY
101113_pickup_sc_l1_srw	101113	Pickup	Transit V363	V363	2	EU-FORD-TRANSIT-V363-PICKUP-SC-L1-PREFL-SRW-01	MEDIUM	Single-cab L1 RWD SRW dropside branch.	READY
101113_pickup_sc_l2_srw	101113	Pickup	Transit V363	V363	2	EU-FORD-TRANSIT-V363-PICKUP-SC-L2-PREFL-SRW-01	MEDIUM	Single-cab L2 RWD SRW dropside branch.	READY
101113_pickup_sc_l2_drw	101113	Pickup	Transit V363	V363	2	EU-FORD-TRANSIT-V363-PICKUP-SC-L2-PREFL-DRW-01	MEDIUM	Single-cab L2 RWD DRW dropside branch.	READY
101113_pickup_sc_l3_srw	101113	Pickup	Transit V363	V363	2	EU-FORD-TRANSIT-V363-PICKUP-SC-L3-PREFL-SRW-01	MEDIUM	Single-cab L3 RWD SRW dropside branch.	READY
101113_pickup_sc_l3_drw	101113	Pickup	Transit V363	V363	2	EU-FORD-TRANSIT-V363-PICKUP-SC-L3-PREFL-DRW-01	MEDIUM	Single-cab L3 RWD DRW dropside branch.	READY
101113_pickup_sc_l4_srw	101113	Pickup	Transit V363	V363	2	EU-FORD-TRANSIT-V363-PICKUP-SC-L4-PREFL-SRW-01	MEDIUM	Single-cab L4 RWD SRW dropside branch.	READY
101113_pickup_sc_l4_drw	101113	Pickup	Transit V363	V363	2	EU-FORD-TRANSIT-V363-PICKUP-SC-L4-PREFL-DRW-01	MEDIUM	Single-cab L4 RWD DRW dropside branch.	READY
101115_chassis_sc_l1_srw	101115	Chassis Cab	Transit V363	V363	2	EU-FORD-TRANSIT-V363-CHASSIS-SC-L1-PREFL-SRW-01	MEDIUM	Single-cab L1 RWD SRW chassis branch.	READY
101115_chassis_sc_l2_srw	101115	Chassis Cab	Transit V363	V363	2	EU-FORD-TRANSIT-V363-CHASSIS-SC-L2-PREFL-SRW-01	MEDIUM	Single-cab L2 RWD SRW chassis branch.	READY
101115_chassis_sc_l2_drw	101115	Chassis Cab	Transit V363	V363	2	EU-FORD-TRANSIT-V363-CHASSIS-SC-L2-PREFL-DRW-01	MEDIUM	Single-cab L2 RWD DRW chassis branch.	READY
101115_chassis_sc_l3_srw	101115	Chassis Cab	Transit V363	V363	2	EU-FORD-TRANSIT-V363-CHASSIS-SC-L3-PREFL-SRW-01	MEDIUM	Single-cab L3 RWD SRW chassis branch.	READY
101115_chassis_sc_l3_drw	101115	Chassis Cab	Transit V363	V363	2	EU-FORD-TRANSIT-V363-CHASSIS-SC-L3-PREFL-DRW-01	MEDIUM	Single-cab L3 RWD DRW chassis branch.	READY
101115_chassis_sc_l4_srw	101115	Chassis Cab	Transit V363	V363	2	EU-FORD-TRANSIT-V363-CHASSIS-SC-L4-PREFL-SRW-01	MEDIUM	Single-cab L4 RWD SRW chassis branch.	READY
101115_chassis_sc_l4_drw	101115	Chassis Cab	Transit V363	V363	2	EU-FORD-TRANSIT-V363-CHASSIS-SC-L4-PREFL-DRW-01	MEDIUM	Single-cab L4 RWD DRW chassis branch.	READY
101115_pickup_sc_l1_srw	101115	Pickup	Transit V363	V363	2	EU-FORD-TRANSIT-V363-PICKUP-SC-L1-PREFL-SRW-01	MEDIUM	Single-cab L1 RWD SRW dropside branch.	READY
101115_pickup_sc_l2_srw	101115	Pickup	Transit V363	V363	2	EU-FORD-TRANSIT-V363-PICKUP-SC-L2-PREFL-SRW-01	MEDIUM	Single-cab L2 RWD SRW dropside branch.	READY
101115_pickup_sc_l2_drw	101115	Pickup	Transit V363	V363	2	EU-FORD-TRANSIT-V363-PICKUP-SC-L2-PREFL-DRW-01	MEDIUM	Single-cab L2 RWD DRW dropside branch.	READY
101115_pickup_sc_l3_srw	101115	Pickup	Transit V363	V363	2	EU-FORD-TRANSIT-V363-PICKUP-SC-L3-PREFL-SRW-01	MEDIUM	Single-cab L3 RWD SRW dropside branch.	READY
101115_pickup_sc_l3_drw	101115	Pickup	Transit V363	V363	2	EU-FORD-TRANSIT-V363-PICKUP-SC-L3-PREFL-DRW-01	MEDIUM	Single-cab L3 RWD DRW dropside branch.	READY
101115_pickup_sc_l4_srw	101115	Pickup	Transit V363	V363	2	EU-FORD-TRANSIT-V363-PICKUP-SC-L4-PREFL-SRW-01	MEDIUM	Single-cab L4 RWD SRW dropside branch.	READY
101115_pickup_sc_l4_drw	101115	Pickup	Transit V363	V363	2	EU-FORD-TRANSIT-V363-PICKUP-SC-L4-PREFL-DRW-01	MEDIUM	Single-cab L4 RWD DRW dropside branch.	READY
101119_chassis_sc_l1_srw	101119	Chassis Cab	Transit V363	V363	2	EU-FORD-TRANSIT-V363-CHASSIS-SC-L1-PREFL-SRW-01	MEDIUM	Single-cab L1 RWD SRW chassis branch.	READY
101119_chassis_sc_l2_srw	101119	Chassis Cab	Transit V363	V363	2	EU-FORD-TRANSIT-V363-CHASSIS-SC-L2-PREFL-SRW-01	MEDIUM	Single-cab L2 RWD SRW chassis branch.	READY
101119_chassis_sc_l2_drw	101119	Chassis Cab	Transit V363	V363	2	EU-FORD-TRANSIT-V363-CHASSIS-SC-L2-PREFL-DRW-01	MEDIUM	Single-cab L2 RWD DRW chassis branch.	READY
101119_chassis_sc_l3_srw	101119	Chassis Cab	Transit V363	V363	2	EU-FORD-TRANSIT-V363-CHASSIS-SC-L3-PREFL-SRW-01	MEDIUM	Single-cab L3 RWD SRW chassis branch.	READY
101119_chassis_sc_l3_drw	101119	Chassis Cab	Transit V363	V363	2	EU-FORD-TRANSIT-V363-CHASSIS-SC-L3-PREFL-DRW-01	MEDIUM	Single-cab L3 RWD DRW chassis branch.	READY
101119_chassis_sc_l4_srw	101119	Chassis Cab	Transit V363	V363	2	EU-FORD-TRANSIT-V363-CHASSIS-SC-L4-PREFL-SRW-01	MEDIUM	Single-cab L4 RWD SRW chassis branch.	READY
101119_chassis_sc_l4_drw	101119	Chassis Cab	Transit V363	V363	2	EU-FORD-TRANSIT-V363-CHASSIS-SC-L4-PREFL-DRW-01	MEDIUM	Single-cab L4 RWD DRW chassis branch.	READY
101119_pickup_sc_l1_srw	101119	Pickup	Transit V363	V363	2	EU-FORD-TRANSIT-V363-PICKUP-SC-L1-PREFL-SRW-01	MEDIUM	Single-cab L1 RWD SRW dropside branch.	READY
101119_pickup_sc_l2_srw	101119	Pickup	Transit V363	V363	2	EU-FORD-TRANSIT-V363-PICKUP-SC-L2-PREFL-SRW-01	MEDIUM	Single-cab L2 RWD SRW dropside branch.	READY
101119_pickup_sc_l2_drw	101119	Pickup	Transit V363	V363	2	EU-FORD-TRANSIT-V363-PICKUP-SC-L2-PREFL-DRW-01	MEDIUM	Single-cab L2 RWD DRW dropside branch.	READY
101119_pickup_sc_l3_srw	101119	Pickup	Transit V363	V363	2	EU-FORD-TRANSIT-V363-PICKUP-SC-L3-PREFL-SRW-01	MEDIUM	Single-cab L3 RWD SRW dropside branch.	READY
101119_pickup_sc_l3_drw	101119	Pickup	Transit V363	V363	2	EU-FORD-TRANSIT-V363-PICKUP-SC-L3-PREFL-DRW-01	MEDIUM	Single-cab L3 RWD DRW dropside branch.	READY
101119_pickup_sc_l4_srw	101119	Pickup	Transit V363	V363	2	EU-FORD-TRANSIT-V363-PICKUP-SC-L4-PREFL-SRW-01	MEDIUM	Single-cab L4 RWD SRW dropside branch.	READY
101119_pickup_sc_l4_drw	101119	Pickup	Transit V363	V363	2	EU-FORD-TRANSIT-V363-PICKUP-SC-L4-PREFL-DRW-01	MEDIUM	Single-cab L4 RWD DRW dropside branch.	READY
107657_l3h2	107657	MPV	Transit V363	V363		EU-FORD-TRANSIT-V363-MPV-L3-H2-PREFL-RWD-01	MEDIUM	L3H2 RWD pre-facelift minibus branch.	READY
107657_l3h3	107657	MPV	Transit V363	V363		EU-FORD-TRANSIT-V363-MPV-L3-H3-PREFL-RWD-01	MEDIUM	L3H3 RWD pre-facelift minibus branch.	READY
107657_l4h3_drw	107657	MPV	Transit V363	V363		EU-FORD-TRANSIT-V363-MPV-L4-H3-PREFL-RWD-DRW-01	MEDIUM	L4H3 RWD DRW pre-facelift minibus branch.	READY
147339_l2h2	147339	Van	Transit V363	V363		EU-FORD-TRANSIT-V363-VAN-L2-H2-RWD-AWD-01	HIGH	L2H2 electric van branch.	READY
147339_l2h3	147339	Van	Transit V363	V363		EU-FORD-TRANSIT-V363-VAN-L2-H3-RWD-AWD-01	HIGH	L2H3 electric van branch.	READY
147339_l3h2	147339	Van	Transit V363	V363		EU-FORD-TRANSIT-V363-VAN-L3-H2-RWD-AWD-01	HIGH	L3H2 electric van branch.	READY
147339_l3h3	147339	Van	Transit V363	V363		EU-FORD-TRANSIT-V363-VAN-L3-H3-RWD-AWD-01	HIGH	L3H3 electric van branch.	READY
147339_l4h3_srw	147339	Van	Transit V363	V363		EU-FORD-TRANSIT-V363-VAN-L4-H3-RWD-AWD-SRW-01	HIGH	L4H3 SRW electric van branch.	READY
147340_l2h2	147340	Van	Transit V363	V363		EU-FORD-TRANSIT-V363-VAN-L2-H2-RWD-AWD-01	HIGH	L2H2 electric van branch.	READY
147340_l2h3	147340	Van	Transit V363	V363		EU-FORD-TRANSIT-V363-VAN-L2-H3-RWD-AWD-01	HIGH	L2H3 electric van branch.	READY
147340_l3h2	147340	Van	Transit V363	V363		EU-FORD-TRANSIT-V363-VAN-L3-H2-RWD-AWD-01	HIGH	L3H2 electric van branch.	READY
147340_l3h3	147340	Van	Transit V363	V363		EU-FORD-TRANSIT-V363-VAN-L3-H3-RWD-AWD-01	HIGH	L3H3 electric van branch.	READY
147340_l4h3_srw	147340	Van	Transit V363	V363		EU-FORD-TRANSIT-V363-VAN-L4-H3-RWD-AWD-SRW-01	HIGH	L4H3 SRW electric van branch.	READY
147357_chassis_sc_l3	147357	Chassis Cab	Transit V363	V363	2	EU-FORD-TRANSIT-V363-CHASSIS-SC-L3-RWD-AWD-SRW-01	HIGH	Single-cab L3 electric chassis branch.	READY
147357_chassis_sc_l4	147357	Chassis Cab	Transit V363	V363	2	EU-FORD-TRANSIT-V363-CHASSIS-SC-L4-RWD-AWD-SRW-01	HIGH	Single-cab L4 electric chassis branch.	READY
147357_pickup_sc_l3	147357	Pickup	Transit V363	V363	2	EU-FORD-TRANSIT-V363-PICKUP-SC-L3-RWD-AWD-SRW-01	HIGH	Single-cab L3 electric dropside branch.	READY
147357_pickup_sc_l4	147357	Pickup	Transit V363	V363	2	EU-FORD-TRANSIT-V363-PICKUP-SC-L4-RWD-AWD-SRW-01	HIGH	Single-cab L4 electric dropside branch.	READY
147358_chassis_sc_l3	147358	Chassis Cab	Transit V363	V363	2	EU-FORD-TRANSIT-V363-CHASSIS-SC-L3-RWD-AWD-SRW-01	HIGH	Single-cab L3 electric chassis branch.	READY
147358_chassis_sc_l4	147358	Chassis Cab	Transit V363	V363	2	EU-FORD-TRANSIT-V363-CHASSIS-SC-L4-RWD-AWD-SRW-01	HIGH	Single-cab L4 electric chassis branch.	READY
147358_pickup_sc_l3	147358	Pickup	Transit V363	V363	2	EU-FORD-TRANSIT-V363-PICKUP-SC-L3-RWD-AWD-SRW-01	HIGH	Single-cab L3 electric dropside branch.	READY
147358_pickup_sc_l4	147358	Pickup	Transit V363	V363	2	EU-FORD-TRANSIT-V363-PICKUP-SC-L4-RWD-AWD-SRW-01	HIGH	Single-cab L4 electric dropside branch.	READY
802564_l2h2	802564	Van	Transit V363	V363		EU-FORD-TRANSIT-V363-VAN-L2-H2-RWD-AWD-01	HIGH	L2H2 electric van branch.	READY
802564_l2h3	802564	Van	Transit V363	V363		EU-FORD-TRANSIT-V363-VAN-L2-H3-RWD-AWD-01	HIGH	L2H3 electric van branch.	READY
802564_l3h2	802564	Van	Transit V363	V363		EU-FORD-TRANSIT-V363-VAN-L3-H2-RWD-AWD-01	HIGH	L3H2 electric van branch.	READY
802564_l3h3	802564	Van	Transit V363	V363		EU-FORD-TRANSIT-V363-VAN-L3-H3-RWD-AWD-01	HIGH	L3H3 electric van branch.	READY
802564_l4h3_srw	802564	Van	Transit V363	V363		EU-FORD-TRANSIT-V363-VAN-L4-H3-RWD-AWD-SRW-01	HIGH	L4H3 SRW electric van branch.	READY
802565_l2h2	802565	Van	Transit V363	V363		EU-FORD-TRANSIT-V363-VAN-L2-H2-RWD-AWD-01	HIGH	L2H2 electric van branch.	READY
802565_l2h3	802565	Van	Transit V363	V363		EU-FORD-TRANSIT-V363-VAN-L2-H3-RWD-AWD-01	HIGH	L2H3 electric van branch.	READY
802565_l3h2	802565	Van	Transit V363	V363		EU-FORD-TRANSIT-V363-VAN-L3-H2-RWD-AWD-01	HIGH	L3H2 electric van branch.	READY
802565_l3h3	802565	Van	Transit V363	V363		EU-FORD-TRANSIT-V363-VAN-L3-H3-RWD-AWD-01	HIGH	L3H3 electric van branch.	READY
802565_l4h3_srw	802565	Van	Transit V363	V363		EU-FORD-TRANSIT-V363-VAN-L4-H3-RWD-AWD-SRW-01	HIGH	L4H3 SRW electric van branch.	READY
802566_chassis_sc_l3	802566	Chassis Cab	Transit V363	V363	2	EU-FORD-TRANSIT-V363-CHASSIS-SC-L3-RWD-AWD-SRW-01	HIGH	Single-cab L3 electric chassis branch.	READY
802566_chassis_sc_l4	802566	Chassis Cab	Transit V363	V363	2	EU-FORD-TRANSIT-V363-CHASSIS-SC-L4-RWD-AWD-SRW-01	HIGH	Single-cab L4 electric chassis branch.	READY
802566_pickup_sc_l3	802566	Pickup	Transit V363	V363	2	EU-FORD-TRANSIT-V363-PICKUP-SC-L3-RWD-AWD-SRW-01	HIGH	Single-cab L3 electric dropside branch.	READY
802566_pickup_sc_l4	802566	Pickup	Transit V363	V363	2	EU-FORD-TRANSIT-V363-PICKUP-SC-L4-RWD-AWD-SRW-01	HIGH	Single-cab L4 electric dropside branch.	READY
802567_chassis_sc_l3	802567	Chassis Cab	Transit V363	V363	2	EU-FORD-TRANSIT-V363-CHASSIS-SC-L3-RWD-AWD-SRW-01	HIGH	Single-cab L3 electric chassis branch.	READY
802567_chassis_sc_l4	802567	Chassis Cab	Transit V363	V363	2	EU-FORD-TRANSIT-V363-CHASSIS-SC-L4-RWD-AWD-SRW-01	HIGH	Single-cab L4 electric chassis branch.	READY
802567_pickup_sc_l3	802567	Pickup	Transit V363	V363	2	EU-FORD-TRANSIT-V363-PICKUP-SC-L3-RWD-AWD-SRW-01	HIGH	Single-cab L3 electric dropside branch.	READY
802567_pickup_sc_l4	802567	Pickup	Transit V363	V363	2	EU-FORD-TRANSIT-V363-PICKUP-SC-L4-RWD-AWD-SRW-01	HIGH	Single-cab L4 electric dropside branch.	READY
152107_2dr	152107	Convertible	Bronco VI		2	EU-FORD-USA-BRONCO-VI-CONVERTIBLE-2D-STANDARD-01	MEDIUM	Two-door standard-width removable-roof exterior.	READY
152107_2dr_widebody	152107	Convertible	Bronco VI		2	EU-FORD-USA-BRONCO-VI-CONVERTIBLE-2D-WIDEBODY-01	MEDIUM	Two-door widebody off-road exterior.	READY
152107_4dr	152107	Convertible	Bronco VI		4	EU-FORD-USA-BRONCO-VI-CONVERTIBLE-4D-STANDARD-01	MEDIUM	Four-door standard-width removable-roof exterior.	READY
152107_4dr_widebody	152107	Convertible	Bronco VI		4	EU-FORD-USA-BRONCO-VI-CONVERTIBLE-4D-WIDEBODY-01	MEDIUM	Four-door widebody off-road exterior.	READY
52532	52532	SUV	Bronco V		3	EU-FORD-USA-BRONCO-V-SUV-3D-01	HIGH	1995–1996 three-door exterior.	READY
803197_138_srw	803197	Van	E-Series III		2	EU-FORD-USA-E350-III-CUTAWAY-138-SRW-01	MEDIUM	138-inch wheelbase SRW commercial cutaway.	READY
803197_138_drw	803197	Van	E-Series III		2	EU-FORD-USA-E350-III-CUTAWAY-138-DRW-01	MEDIUM	138-inch wheelbase DRW commercial cutaway.	READY
803197_158_drw	803197	Van	E-Series III		2	EU-FORD-USA-E350-III-CUTAWAY-158-DRW-01	MEDIUM	158-inch wheelbase DRW commercial cutaway.	READY
109691	109691	SUV	Edge II	CD539	5	EU-FORD-USA-EDGE-II-SUV-NA-01	HIGH	North American second-generation exterior.	READY
122033	122033	SUV	Edge II	CD539	5	EU-FORD-USA-EDGE-II-SUV-NA-01	HIGH	North American second-generation exterior.	READY
57804	57804	SUV	Edge I facelift	U387	5	EU-FORD-USA-EDGE-I-SUV-FACELIFT-01	HIGH	First-generation facelift exterior.	READY
54159	54159	SUV	Edge I facelift	U387	5	EU-FORD-USA-EDGE-I-SUV-FACELIFT-01	HIGH	First-generation facelift exterior.	READY
122034	122034	SUV	Edge II	CD539	5	EU-FORD-USA-EDGE-II-SUV-NA-01	HIGH	North American second-generation exterior.	READY
117197	117197	SUV	Edge II	CD539	5	EU-FORD-USA-EDGE-II-SUV-EU-01	HIGH	European-market diesel exterior.	READY
117198	117198	SUV	Edge II	CD539	5	EU-FORD-USA-EDGE-II-SUV-EU-01	HIGH	European-market diesel exterior.	READY
57803	57803	SUV	Edge I facelift	U387	5	EU-FORD-USA-EDGE-I-SUV-FACELIFT-01	HIGH	First-generation facelift exterior.	READY
57806	57806	SUV	Edge I pre-facelift	U387	5	EU-FORD-USA-EDGE-I-SUV-PREFL-01	HIGH	First-generation pre-facelift exterior.	READY
50304	50304	SUV	Edge I facelift	U387	5	EU-FORD-USA-EDGE-I-SUV-FACELIFT-01	HIGH	First-generation facelift exterior.	READY
41134	41134	SUV	Escape I facelift		5	EU-FORD-USA-ESCAPE-I-SUV-FACELIFT-01	HIGH	4WD hybrid exterior.	READY
59389	59389	SUV	Explorer III	U152	5	EU-FORD-USA-EXPLORER-III-SUV-01	HIGH	U152 five-door exterior.	READY
54167_prefl	54167	SUV	Explorer V	U502	5	EU-FORD-USA-EXPLORER-V-SUV-PREFL-01	MEDIUM	Pre-facelift exterior branch.	READY
54167_facelift	54167	SUV	Explorer V	U502	5	EU-FORD-USA-EXPLORER-V-SUV-FACELIFT-01	MEDIUM	Facelift exterior branch.	READY
107221_prefl	107221	SUV	Explorer V	U502	5	EU-FORD-USA-EXPLORER-V-SUV-PREFL-01	MEDIUM	Pre-facelift exterior branch.	READY
107221_facelift	107221	SUV	Explorer V	U502	5	EU-FORD-USA-EXPLORER-V-SUV-FACELIFT-01	MEDIUM	Facelift exterior branch.	READY
58109	58109	SUV	Explorer IV		5	EU-FORD-USA-EXPLORER-IV-SUV-01	HIGH	Fourth-generation exterior.	READY
127741_facelift98	127741	SUV	Explorer II	UN105	5	EU-FORD-USA-EXPLORER-II-SUV-FACELIFT98-01	MEDIUM	1998-1999 exterior branch.	READY
127741_facelift00	127741	SUV	Explorer II	UN105	5	EU-FORD-USA-EXPLORER-II-SUV-FACELIFT00-01	MEDIUM	2000-2001 exterior branch.	READY
41205	41205	SUV	Explorer III	U152	5	EU-FORD-USA-EXPLORER-III-SUV-01	HIGH	U152 five-door exterior.	READY
10594_prefl	10594	SUV	Explorer II	UN105	5	EU-FORD-USA-EXPLORER-II-SUV-PREFL-01	MEDIUM	1995-1997 exterior branch.	READY
10594_facelift98	10594	SUV	Explorer II	UN105	5	EU-FORD-USA-EXPLORER-II-SUV-FACELIFT98-01	MEDIUM	1998-1999 exterior branch.	READY
10594_facelift00	10594	SUV	Explorer II	UN105	5	EU-FORD-USA-EXPLORER-II-SUV-FACELIFT00-01	MEDIUM	2000-2001 exterior branch.	READY
14433_facelift98	14433	SUV	Explorer II	UN105	5	EU-FORD-USA-EXPLORER-II-SUV-FACELIFT98-01	MEDIUM	1998-1999 exterior branch.	READY
14433_facelift00	14433	SUV	Explorer II	UN105	5	EU-FORD-USA-EXPLORER-II-SUV-FACELIFT00-01	MEDIUM	2000-2001 exterior branch.	READY
57899_prefl	57899	SUV	Explorer II	UN105	5	EU-FORD-USA-EXPLORER-II-SUV-PREFL-01	MEDIUM	1995-1997 exterior branch.	READY
57899_facelift98	57899	SUV	Explorer II	UN105	5	EU-FORD-USA-EXPLORER-II-SUV-FACELIFT98-01	MEDIUM	1998-1999 exterior branch.	READY
57899_facelift00	57899	SUV	Explorer II	UN105	5	EU-FORD-USA-EXPLORER-II-SUV-FACELIFT00-01	MEDIUM	2000-2001 exterior branch.	READY
108689	108689	SUV	Explorer II	UN105	5	EU-FORD-USA-EXPLORER-II-SUV-FACELIFT00-01	HIGH	2000-2001 exterior.	READY
8007_prefl	8007	SUV	Explorer II	UN105	5	EU-FORD-USA-EXPLORER-II-SUV-PREFL-01	MEDIUM	1995-1997 exterior branch.	READY
8007_facelift98	8007	SUV	Explorer II	UN105	5	EU-FORD-USA-EXPLORER-II-SUV-FACELIFT98-01	MEDIUM	1998-1999 exterior branch.	READY
8007_facelift00	8007	SUV	Explorer II	UN105	5	EU-FORD-USA-EXPLORER-II-SUV-FACELIFT00-01	MEDIUM	2000-2001 exterior branch.	READY
158272	158272	SUV	Explorer EV I		5	EU-FORD-USA-EXPLORER-EV-I-SUV-RWD-01	HIGH	RWD electric exterior.	READY
158273	158273	SUV	Explorer EV I		5	EU-FORD-USA-EXPLORER-EV-I-SUV-RWD-01	HIGH	RWD electric exterior.	READY
800866	800866	SUV	Explorer EV I		5	EU-FORD-USA-EXPLORER-EV-I-SUV-RWD-01	HIGH	RWD electric exterior.	READY
803193	803193	SUV	Explorer EV I		5	EU-FORD-USA-EXPLORER-EV-I-SUV-RWD-01	HIGH	RWD electric exterior.	READY
158274	158274	SUV	Explorer EV I		5	EU-FORD-USA-EXPLORER-EV-I-SUV-AWD-01	HIGH	AWD electric exterior.	READY
108101_6p5ft	108101	Pickup	F-150 XIII	P552	2	EU-FORD-USA-F-150-P552-PICKUP-REGULAR-CAB-6P5FT-01	HIGH	P552 Regular Cab 4x4 6.5-ft货斗外廓。	READY
108101_8ft	108101	Pickup	F-150 XIII	P552	2	EU-FORD-USA-F-150-P552-PICKUP-REGULAR-CAB-8FT-01	HIGH	P552 Regular Cab 4x4 8-ft货斗外廓。	READY
108103_5p5ft	108103	Pickup	F-150 XIII	P552	4	EU-FORD-USA-F-150-P552-PICKUP-SUPERCREW-5P5FT-01	HIGH	P552 SuperCrew 4x4 5.5-ft货斗外廓。	READY
108103_6p5ft	108103	Pickup	F-150 XIII	P552	4	EU-FORD-USA-F-150-P552-PICKUP-SUPERCREW-6P5FT-01	HIGH	P552 SuperCrew 4x4 6.5-ft货斗外廓。	READY
108105_6p5ft	108105	Pickup	F-150 XIII	P552	4	EU-FORD-USA-F-150-P552-PICKUP-SUPERCAB-6P5FT-01	HIGH	P552 SuperCab 4x4 6.5-ft货斗外廓。	READY
108105_8ft	108105	Pickup	F-150 XIII	P552	4	EU-FORD-USA-F-150-P552-PICKUP-SUPERCAB-8FT-01	HIGH	P552 SuperCab 4x4 8-ft货斗外廓。	READY
128375	128375	Pickup	F-150 XIII	P552	4	EU-FORD-USA-F-150-P552-PICKUP-RAPTOR-SUPERCAB-01	HIGH	P552 Raptor SuperCab 5.5-ft货斗宽体外廓。	READY
128377	128377	Pickup	F-150 XIII	P552	4	EU-FORD-USA-F-150-P552-PICKUP-RAPTOR-SUPERCREW-01	HIGH	P552 Raptor SuperCrew 5.5-ft货斗宽体外廓。	READY
51684_prefl_5p5ft	51684	Pickup	F-150 XII	P415	4	EU-FORD-USA-F-150-P415-PICKUP-SUPERCREW-5P5FT-PREFL-01	HIGH	P415改款前SuperCrew 4x4 5.5-ft货斗外廓。	READY
51684_facelift_5p5ft	51684	Pickup	F-150 XII	P415	4	EU-FORD-USA-F-150-P415-PICKUP-SUPERCREW-5P5FT-FACELIFT-01	HIGH	P415改款后SuperCrew 4x4 5.5-ft货斗外廓。	READY
51684_facelift_6p5ft	51684	Pickup	F-150 XII	P415	4	EU-FORD-USA-F-150-P415-PICKUP-SUPERCREW-6P5FT-FACELIFT-01	HIGH	P415改款后SuperCrew 4x4 6.5-ft货斗外廓。	READY
107127_6p5ft	107127	Pickup	F-150 XII	P415	2	EU-FORD-USA-F-150-P415-PICKUP-REGULAR-CAB-6P5FT-FACELIFT-01	MEDIUM	P415改款后Regular Cab 4x4 6.5-ft货斗外廓。	READY
107127_8ft	107127	Pickup	F-150 XII	P415	2	EU-FORD-USA-F-150-P415-PICKUP-REGULAR-CAB-8FT-FACELIFT-01	MEDIUM	P415改款后Regular Cab 4x4 8-ft货斗外廓。	READY
51477	51477	Pickup	F-150 XII	P415	4	EU-FORD-USA-F-150-P415-PICKUP-SVT-RAPTOR-SUPERCAB-01	HIGH	P415 SVT Raptor SuperCab 5.5-ft货斗宽体外廓。	READY
153141	153141	Pickup	F-150 Lightning I	P702	4	EU-FORD-USA-F-150-P702-LIGHTNING-SUPERCREW-01	HIGH	P702 Lightning SuperCrew 5.5-ft货斗外廓。	READY
50313	50313	SUV	Flex I		5	EU-FORD-USA-FLEX-I-SUV-01	HIGH	第一代Flex五门SUV外廓。	READY
150413_1965_66	150413	Convertible	Mustang I		2	EU-FORD-USA-MUSTANG-I-CONVERTIBLE-1965-66-01	HIGH	第一代Mustang 1965至1966 Convertible外廓。	READY
150413_1967_68	150413	Convertible	Mustang I		2	EU-FORD-USA-MUSTANG-I-CONVERTIBLE-1967-68-01	HIGH	第一代Mustang 1967至1968 Convertible外廓。	READY
150413_1969_70	150413	Convertible	Mustang I		2	EU-FORD-USA-MUSTANG-I-CONVERTIBLE-1969-70-01	HIGH	第一代Mustang 1969至1970 Convertible外廓。	READY
57967	57967	Coupe	Mustang V	S197	2	EU-FORD-USA-MUSTANG-S197-COUPE-V6-FACELIFT-01	HIGH	S197改款后V6 Coupe外廓。	READY
7998_prefl	7998	Coupe	Mustang IV	SN95	2	EU-FORD-USA-MUSTANG-SN95-COUPE-PREFL-01	HIGH	Ktype跨越1999外观改款，SN95前期Coupe外廓。	READY
7998_facelift	7998	Coupe	Mustang IV	SN95	2	EU-FORD-USA-MUSTANG-SN95-COUPE-NEW-EDGE-01	HIGH	Ktype跨越1999外观改款，New Edge Coupe外廓。	READY
8000	8000	Coupe	Mustang IV	SN95	2	EU-FORD-USA-MUSTANG-SN95-COUPE-PREFL-01	HIGH	SN95前期GT Coupe外廓。	READY
52839	52839	Coupe	Mustang IV	SN95	2	EU-FORD-USA-MUSTANG-SN95-COUPE-PREFL-01	HIGH	SN95前期GT Coupe外廓。	READY
57965	57965	Coupe	Mustang V	S197	2	EU-FORD-USA-MUSTANG-S197-COUPE-GT-FACELIFT-01	HIGH	S197改款后GT Coupe外廓。	READY
108767	108767	Coupe	Mustang V	S197	2	EU-FORD-USA-MUSTANG-S197-COUPE-GT500-PREFL-01	HIGH	S197前期Shelby GT500 Coupe专属外廓。	READY
108873_prefl	108873	Coupe	Mustang VI	S550	2	EU-FORD-USA-MUSTANG-S550-COUPE-PREFL-01	HIGH	Ktype跨越S550改款，前期Fastback外廓。	READY
108873_facelift	108873	Coupe	Mustang VI	S550	2	EU-FORD-USA-MUSTANG-S550-COUPE-FACELIFT-01	HIGH	Ktype跨越S550改款，改款后Fastback外廓。	READY
115865_prefl	115865	Coupe	Mustang VI	S550	2	EU-FORD-USA-MUSTANG-S550-COUPE-PREFL-01	HIGH	Ktype跨越S550改款，前期Fastback外廓。	READY
115865_facelift	115865	Coupe	Mustang VI	S550	2	EU-FORD-USA-MUSTANG-S550-COUPE-FACELIFT-01	HIGH	Ktype跨越S550改款，改款后Fastback外廓。	READY
157173	157173	Coupe	Mustang VII	S650	2	EU-FORD-USA-MUSTANG-S650-COUPE-01	HIGH	S650双门Fastback外廓。	READY
157194	157194	Convertible	Mustang VII	S650	2	EU-FORD-USA-MUSTANG-S650-CONVERTIBLE-01	HIGH	S650双门Convertible外廓。	READY
57964_prefl	57964	Coupe	Mustang V	S197	2	EU-FORD-USA-MUSTANG-S197-COUPE-GT-PREFL-01	HIGH	Ktype跨越改款，2009年前期GT Coupe外廓。	READY
57964_facelift	57964	Coupe	Mustang V	S197	2	EU-FORD-USA-MUSTANG-S197-COUPE-GT-2010-01	HIGH	Ktype跨越改款，2010款GT Coupe外廓。	READY
157192	157192	Coupe	Mustang VII	S650	2	EU-FORD-USA-MUSTANG-S650-COUPE-01	MEDIUM	输入版本名为Bullit；物理边界为S650双门Fastback。	READY
157793	157793	Coupe	Mustang VII	S650	2	EU-FORD-USA-MUSTANG-S650-COUPE-DARK-HORSE-01	HIGH	Dark Horse专属外廓。	READY
157179	157179	Coupe	Mustang VII	S650	2	EU-FORD-USA-MUSTANG-S650-COUPE-01	HIGH	S650双门Fastback外廓。	READY
157191	157191	Coupe	Mustang VII	S650	2	EU-FORD-USA-MUSTANG-S650-COUPE-01	HIGH	S650双门Fastback外廓。	READY
158167	158167	Coupe	Mustang VII	S650	2	EU-FORD-USA-MUSTANG-S650-COUPE-01	HIGH	S650双门Fastback外廓。	READY
158168	158168	Convertible	Mustang VII	S650	2	EU-FORD-USA-MUSTANG-S650-CONVERTIBLE-01	HIGH	S650双门Convertible外廓。	READY
109565_prefl	109565	Coupe	Mustang VI	S550	2	EU-FORD-USA-MUSTANG-S550-COUPE-PREFL-01	HIGH	Ktype跨越S550改款，前期Fastback外廓。	READY
109565_facelift	109565	Coupe	Mustang VI	S550	2	EU-FORD-USA-MUSTANG-S550-COUPE-FACELIFT-01	HIGH	Ktype跨越S550改款，改款后Fastback外廓。	READY
109962_prefl	109962	Coupe	Mustang VI	S550	2	EU-FORD-USA-MUSTANG-S550-COUPE-PREFL-01	HIGH	Ktype跨越S550改款，前期Fastback外廓。	READY
109962_facelift	109962	Coupe	Mustang VI	S550	2	EU-FORD-USA-MUSTANG-S550-COUPE-FACELIFT-01	HIGH	Ktype跨越S550改款，改款后Fastback外廓。	READY
121899_prefl	121899	Coupe	Mustang VI	S550	2	EU-FORD-USA-MUSTANG-S550-COUPE-PREFL-01	HIGH	Ktype跨越S550改款，前期Fastback外廓。	READY
121899_facelift	121899	Coupe	Mustang VI	S550	2	EU-FORD-USA-MUSTANG-S550-COUPE-FACELIFT-01	HIGH	Ktype跨越S550改款，改款后Fastback外廓。	READY
117269	117269	Coupe	Mustang VI	S550	2	EU-FORD-USA-MUSTANG-S550-COUPE-GT350-01	HIGH	Shelby GT350专属宽体Fastback外廓。	READY
57957	57957	Convertible	Mustang III	Fox	2	EU-FORD-USA-MUSTANG-FOX-CONVERTIBLE-01	HIGH	Fox-body Convertible外廓。	READY
57951	57951	Convertible	Mustang V	S197	2	EU-FORD-USA-MUSTANG-S197-CONVERTIBLE-V6-FACELIFT-01	HIGH	S197改款后V6 Convertible外廓。	READY
7999_prefl	7999	Convertible	Mustang IV	SN95	2	EU-FORD-USA-MUSTANG-SN95-CONVERTIBLE-PREFL-01	HIGH	Ktype跨越1999外观改款，SN95前期Convertible外廓。	READY
7999_facelift	7999	Convertible	Mustang IV	SN95	2	EU-FORD-USA-MUSTANG-SN95-CONVERTIBLE-NEW-EDGE-01	HIGH	Ktype跨越1999外观改款，New Edge Convertible外廓。	READY
8001	8001	Convertible	Mustang IV	SN95	2	EU-FORD-USA-MUSTANG-SN95-CONVERTIBLE-PREFL-01	HIGH	SN95前期GT Convertible外廓。	READY
57955	57955	Convertible	Mustang III	Fox	2	EU-FORD-USA-MUSTANG-FOX-CONVERTIBLE-01	HIGH	Fox-body Convertible外廓。	READY
55018	55018	Convertible	Mustang V	S197	2	EU-FORD-USA-MUSTANG-S197-CONVERTIBLE-GT-FACELIFT-01	HIGH	S197改款后GT Convertible外廓。	READY
57952	57952	Convertible	Mustang V	S197	2	EU-FORD-USA-MUSTANG-S197-CONVERTIBLE-GT-FACELIFT-01	HIGH	S197改款后GT Convertible外廓。	READY
105930	105930	Convertible	Mustang V	S197	2	EU-FORD-USA-MUSTANG-S197-CONVERTIBLE-GT500-2013-01	HIGH	2013至2014 Shelby GT500 Convertible外廓。	READY
108876_prefl	108876	Convertible	Mustang VI	S550	2	EU-FORD-USA-MUSTANG-S550-CONVERTIBLE-PREFL-01	HIGH	Ktype跨越S550改款，前期Convertible外廓。	READY
108876_facelift	108876	Convertible	Mustang VI	S550	2	EU-FORD-USA-MUSTANG-S550-CONVERTIBLE-FACELIFT-01	HIGH	Ktype跨越S550改款，改款后Convertible外廓。	READY
116599_prefl	116599	Convertible	Mustang VI	S550	2	EU-FORD-USA-MUSTANG-S550-CONVERTIBLE-PREFL-01	HIGH	Ktype跨越S550改款，前期Convertible外廓。	READY
116599_facelift	116599	Convertible	Mustang VI	S550	2	EU-FORD-USA-MUSTANG-S550-CONVERTIBLE-FACELIFT-01	HIGH	Ktype跨越S550改款，改款后Convertible外廓。	READY
108877	108877	Convertible	Mustang VI	S550	2	EU-FORD-USA-MUSTANG-S550-CONVERTIBLE-PREFL-01	HIGH	3.7 V6对应S550前期Convertible外廓。	READY
57950_prefl	57950	Convertible	Mustang V	S197	2	EU-FORD-USA-MUSTANG-S197-CONVERTIBLE-GT-PREFL-01	HIGH	2009款S197 GT Convertible前期外廓。	READY
57950_facelift	57950	Convertible	Mustang V	S197	2	EU-FORD-USA-MUSTANG-S197-CONVERTIBLE-GT-2010-01	HIGH	2010款S197 GT Convertible改款外廓。	READY
109564_prefl	109564	Convertible	Mustang VI	S550	2	EU-FORD-USA-MUSTANG-S550-CONVERTIBLE-PREFL-01	HIGH	Ktype跨越S550改款，前期Convertible外廓。	READY
109564_facelift	109564	Convertible	Mustang VI	S550	2	EU-FORD-USA-MUSTANG-S550-CONVERTIBLE-FACELIFT-01	HIGH	Ktype跨越S550改款，改款后Convertible外廓。	READY
115872_prefl	115872	Convertible	Mustang VI	S550	2	EU-FORD-USA-MUSTANG-S550-CONVERTIBLE-PREFL-01	HIGH	Ktype跨越S550改款，前期Convertible外廓。	READY
115872_facelift	115872	Convertible	Mustang VI	S550	2	EU-FORD-USA-MUSTANG-S550-CONVERTIBLE-FACELIFT-01	HIGH	Ktype跨越S550改款，改款后Convertible外廓。	READY
143871	143871	SUV	Mustang Mach-E I	CGW	5	EU-FORD-USA-MUSTANG-MACH-E-I-SUV-STANDARD-01	HIGH	CGW五门普通外廓。	READY
143876	143876	SUV	Mustang Mach-E I	CGW	5	EU-FORD-USA-MUSTANG-MACH-E-I-SUV-STANDARD-01	HIGH	CGW五门普通外廓。	READY
157623	157623	SUV	Mustang Mach-E I	CGW	5	EU-FORD-USA-MUSTANG-MACH-E-I-SUV-STANDARD-01	HIGH	CGW五门普通外廓。	READY
801866	801866	SUV	Mustang Mach-E I	CGW	5	EU-FORD-USA-MUSTANG-MACH-E-I-SUV-STANDARD-01	HIGH	CGW五门2025普通RWD外廓。	READY
143870	143870	SUV	Mustang Mach-E I	CGW	5	EU-FORD-USA-MUSTANG-MACH-E-I-SUV-STANDARD-01	HIGH	CGW五门普通外廓。	READY
143872	143872	SUV	Mustang Mach-E I	CGW	5	EU-FORD-USA-MUSTANG-MACH-E-I-SUV-STANDARD-01	HIGH	CGW五门普通外廓。	READY
143873	143873	SUV	Mustang Mach-E I	CGW	5	EU-FORD-USA-MUSTANG-MACH-E-I-SUV-STANDARD-01	HIGH	CGW五门普通外廓。	READY
143874	143874	SUV	Mustang Mach-E I	CGW	5	EU-FORD-USA-MUSTANG-MACH-E-I-SUV-STANDARD-01	HIGH	CGW五门普通外廓。	READY
156883	156883	SUV	Mustang Mach-E I	CGW	5	EU-FORD-USA-MUSTANG-MACH-E-I-SUV-STANDARD-01	HIGH	CGW五门普通外廓。	READY
157624	157624	SUV	Mustang Mach-E I	CGW	5	EU-FORD-USA-MUSTANG-MACH-E-I-SUV-STANDARD-01	HIGH	CGW五门普通外廓。	READY
801865	801865	SUV	Mustang Mach-E I	CGW	5	EU-FORD-USA-MUSTANG-MACH-E-I-SUV-STANDARD-01	HIGH	CGW五门2025普通AWD外廓。	READY
801881	801881	SUV	Mustang Mach-E I	CGW	5	EU-FORD-USA-MUSTANG-MACH-E-I-SUV-STANDARD-01	MEDIUM	CGW五门2025非GT AWD外廓。	READY
146215	146215	SUV	Mustang Mach-E I	CGW	5	EU-FORD-USA-MUSTANG-MACH-E-I-SUV-GT-01	MEDIUM	CGW五门GT外廓。	READY
800867	800867	SUV	Mustang Mach-E I	CGW	5	EU-FORD-USA-MUSTANG-MACH-E-I-SUV-GT-01	MEDIUM	CGW五门GT外廓。	READY
801301	801301	SUV	Mustang Mach-E I	CGW	5	EU-FORD-USA-MUSTANG-MACH-E-I-SUV-GT-01	MEDIUM	CGW五门GT外廓。	READY
152212	152212	Pickup	Ranger IV	P703	4	EU-FORD-USA-RANGER-P703-PICKUP-SUPER-CAB-01	HIGH	P703 Super Cab外廓。	READY
800093	800093	Pickup	Ranger IV	P703	2	EU-FORD-USA-RANGER-P703-PICKUP-SINGLE-CAB-01	HIGH	P703 Single Cab外廓。	READY
800094	800094	Pickup	Ranger IV	P703	2	EU-FORD-USA-RANGER-P703-CHASSIS-CAB-SINGLE-CAB-RWD-01	HIGH	P703单排后驱Chassis Cab外廓。	READY
152213	152213	Pickup	Ranger IV	P703	4	EU-FORD-USA-RANGER-P703-PICKUP-DOUBLE-CAB-01	HIGH	P703 Double Cab外廓。	READY
152273	152273	Pickup	Ranger IV	P703	2	EU-FORD-USA-RANGER-P703-PICKUP-SINGLE-CAB-01	HIGH	P703 Single Cab外廓。	READY
152630	152630	Pickup	Ranger IV	P703	2	EU-FORD-USA-RANGER-P703-CHASSIS-CAB-SINGLE-CAB-4X4-01	HIGH	P703单排四驱Chassis Cab外廓。	READY
152202	152202	Pickup	Ranger IV	P703	4	EU-FORD-USA-RANGER-P703-PICKUP-SUPER-CAB-01	HIGH	P703 Super Cab外廓。	READY
152670	152670	Pickup	Ranger IV	P703	4	EU-FORD-USA-RANGER-P703-PICKUP-SUPER-CAB-01	HIGH	P703 Super Cab外廓。	READY
157843	157843	Pickup	Ranger IV	P703	4	EU-FORD-USA-RANGER-P703-PICKUP-RAPTOR-01	HIGH	P703 Double Cab Raptor宽体外廓。	READY
801294_xlt	801294	Pickup	Ranger IV	P703	4	EU-FORD-USA-RANGER-P703-PICKUP-PHEV-XLT-01	HIGH	P703 Double Cab PHEV XLT外廓。	READY
801294_sport	801294	Pickup	Ranger IV	P703	4	EU-FORD-USA-RANGER-P703-PICKUP-PHEV-SPORT-01	HIGH	P703 Double Cab PHEV Sport外廓。	READY
801294_wildtrak_stormtrak	801294	Pickup	Ranger IV	P703	4	EU-FORD-USA-RANGER-P703-PICKUP-PHEV-WILDTRAK-STORMTRAK-01	HIGH	P703 Double Cab PHEV Wildtrak与Stormtrak共用外廓。	READY
152205	152205	Pickup	Ranger IV	P703	4	EU-FORD-USA-RANGER-P703-PICKUP-DOUBLE-CAB-01	HIGH	P703 Double Cab外廓。	READY
152214	152214	Pickup	Ranger IV	P703	4	EU-FORD-USA-RANGER-P703-PICKUP-RAPTOR-01	HIGH	P703 Double Cab Raptor宽体外廓。	READY
8002	8002	Sedan	Taurus III		4	EU-FORD-USA-TAURUS-III-SEDAN-01	HIGH	第三代Taurus四门Sedan外廓。	READY
8003	8003	Wagon	Taurus III		5	EU-FORD-USA-TAURUS-III-WAGON-01	HIGH	第三代Taurus五门Wagon外廓。	READY
47261	47261	Sedan	Taurus III		4	EU-FORD-USA-TAURUS-III-SEDAN-01	HIGH	第三代Taurus四门Sedan外廓。	READY
8004	8004	Sedan	Taurus III		4	EU-FORD-USA-TAURUS-III-SEDAN-01	HIGH	第三代Taurus四门Sedan外廓。	READY
8005	8005	Wagon	Taurus III		5	EU-FORD-USA-TAURUS-III-WAGON-01	HIGH	第三代Taurus五门Wagon外廓。	READY
109826	109826	Sedan	Taurus IV		4	EU-FORD-USA-TAURUS-IV-SEDAN-01	HIGH	第四代Taurus四门Sedan外廓。	READY
14654	14654	Sedan	Taurus III		4	EU-FORD-USA-TAURUS-III-SEDAN-01	HIGH	第三代Taurus四门Sedan外廓。	READY
14655	14655	Wagon	Taurus III		5	EU-FORD-USA-TAURUS-III-WAGON-01	HIGH	第三代Taurus五门Wagon外廓。	READY
124766	124766	Coupe	Thunderbird X	MN12	2	EU-FORD-USA-THUNDERBIRD-MN12-COUPE-FACELIFT-01	HIGH	MN12后期双门Coupe外廓。	READY
58103	58103	Coupe	Thunderbird X	MN12	2	EU-FORD-USA-THUNDERBIRD-MN12-COUPE-PREFL-01	MEDIUM	4.9发动机限定为MN12前期外廓；输入结束年月晚于该发动机实际边界。	READY
15370_gen1	15370	MPV	Windstar I		3	EU-FORD-USA-WINDSTAR-I-MPV-01	HIGH	Ktype跨越换代，第一代三门乘用MPV外廓。	READY
15370_gen2	15370	MPV	Windstar II		4	EU-FORD-USA-WINDSTAR-II-MPV-01	HIGH	Ktype跨越换代，第二代四门乘用MPV外廓。	READY
143238	143238	Van	Windstar I		3	EU-FORD-USA-WINDSTAR-I-VAN-01	HIGH	第一代三门Cargo Van外廓。	READY
8006	8006	MPV	Windstar I		3	EU-FORD-USA-WINDSTAR-I-MPV-01	HIGH	第一代三门乘用MPV外廓。	READY
157036	157036	SUV	T5 EVO I		5	EU-FORTHING-T5-EVO-I-SUV-01	HIGH	T5 EVO五门SUV外廓。	READY
157037	157037	SUV	T5 EVO I		5	EU-FORTHING-T5-EVO-I-SUV-01	HIGH	LPG版本未改变T5 EVO外廓。	READY
157038	157038	MPV	U-Tour I	M4	5	EU-FORTHING-U-TOUR-M4-MPV-01	HIGH	M4五门七座MPV外廓。	READY
802898	802898	MPV	U-Tour I	M4	5	EU-FORTHING-U-TOUR-M4-MPV-01	HIGH	HEV版本与U-Tour M4标准外廓一致。	READY
157039	157039	MPV	U-Tour I	M4	5	EU-FORTHING-U-TOUR-M4-MPV-01	HIGH	LPG版本未改变U-Tour M4外廓。	READY
801811_l2h2	801811	Van	eToano I			EU-FOTON-ETOANO-I-VAN-L2H2-01	MEDIUM	eToano标准轴距中顶货运外廓。	READY
801811_l2h3	801811	Van	eToano I			EU-FOTON-ETOANO-I-VAN-L2H3-01	MEDIUM	eToano标准轴距高顶货运外廓。	READY
801811_l3h2	801811	Van	eToano I			EU-FOTON-ETOANO-I-VAN-L3H2-01	MEDIUM	eToano长轴距中顶货运外廓。	READY
801811_l3h3	801811	Van	eToano I			EU-FOTON-ETOANO-I-VAN-L3H3-01	MEDIUM	eToano长轴距高顶货运外廓。	READY
146456	146456	Pickup	Tunland G7		4	EU-FOTON-TUNLAND-G7-PICKUP-DOUBLE-CAB-01	HIGH	Tunland G7四门Double Cab外廓。	READY
801495	801495	Pickup	Tunland G7		4	EU-FOTON-TUNLAND-G7-PICKUP-DOUBLE-CAB-01	HIGH	Tunland G7四门Double Cab外廓。	READY
12919	12919	Hatchback	126p I		2	EU-FSO-126P-I-HATCHBACK-01	HIGH	早期126p双门外廓。	READY
12920	12920	Hatchback	Polonez I		5	EU-FSO-POLONEZ-I-HATCHBACK-PREFL-01	HIGH	Polonez I早期五门外廓。	READY
12921_prefl	12921	Hatchback	Polonez I		5	EU-FSO-POLONEZ-I-HATCHBACK-PREFL-01	MEDIUM	Ktype覆盖Polonez I早期外廓阶段。	READY
12921_facelift	12921	Hatchback	Polonez I		5	EU-FSO-POLONEZ-I-HATCHBACK-FACELIFT-01	MEDIUM	Ktype覆盖Polonez I加长改款外廓阶段。	READY
12922_prefl	12922	Hatchback	Polonez I		5	EU-FSO-POLONEZ-I-HATCHBACK-PREFL-01	MEDIUM	Ktype覆盖Polonez I早期外廓阶段。	READY
12922_facelift	12922	Hatchback	Polonez I		5	EU-FSO-POLONEZ-I-HATCHBACK-FACELIFT-01	MEDIUM	Ktype覆盖Polonez I加长改款外廓阶段。	READY
160003	160003	SUV	Aion V II	AY5-G	5	EU-GAC-AION-V-II-SUV-01	HIGH	第二代Aion V国际版五门SUV外廓。	READY
151146	151146	SUV	Galloper II	KNE1CP	3	EU-GALLOPER-GALLOPER-II-SUV-3D-01	HIGH	KNE1CP三门短轴外廓。	READY
151144_3dr	151144	SUV	Galloper II	KNE1CP	3	EU-GALLOPER-GALLOPER-II-SUV-3D-02	HIGH	KNE1CP三门短轴外廓。	READY
151144_5dr	151144	SUV	Galloper II	KPE1CP	5	EU-GALLOPER-GALLOPER-II-SUV-5D-01	HIGH	KPE1CP五门长轴外廓。	READY
121901	121901	SUV	GAZ-69	69M	2	EU-GAZ-69-I-SUV-2D-01	MEDIUM	M型双门开放式车身外廓。	READY
55401_swb	55401	Pickup	Valdai I	GAZ-33106	2	EU-GAZ-VALDAI-I-PICKUP-SWB-01	HIGH	标准轴距单排驾驶室外廓。	READY
55401_lwb	55401	Pickup	Valdai I	GAZ-331061	2	EU-GAZ-VALDAI-I-PICKUP-LWB-01	HIGH	长轴距单排驾驶室外廓。	READY
55401_lwb_doublecab	55401	Pickup	Valdai I	GAZ-331063	4	EU-GAZ-VALDAI-I-PICKUP-LWB-DOUBLECAB-01	HIGH	长轴距双排驾驶室外廓。	READY
117551	117551	Wagon	Volga GAZ-24	24-02	5	EU-GAZ-VOLGA-GAZ-24-WAGON-01	HIGH	GAZ-24-02五门旅行车外廓。	READY
19071	19071	Coupe	Beauty Leopard I		2	EU-GEELY-BL-I-COUPE-01	HIGH	BL双门Coupe外廓。	READY
19072	19072	Coupe	Beauty Leopard I		2	EU-GEELY-BL-I-COUPE-01	HIGH	BL双门Coupe外廓。	READY
19073	19073	Sedan	CK I		4	EU-GEELY-CK-I-SEDAN-01	HIGH	CK第一代四门轿车外廓。	READY
19074	19074	Sedan	CK I		4	EU-GEELY-CK-I-SEDAN-01	HIGH	CK第一代四门轿车外廓。	READY
19075	19075	Sedan	CK I		4	EU-GEELY-CK-I-SEDAN-01	HIGH	CK第一代四门轿车外廓。	READY
160336	160336	SUV	EX5 I		5	EU-GEELY-EX5-I-SUV-01	HIGH	EX5第一代纯电五门SUV外廓。	READY
19081	19081	Wagon	HQ I SRV		5	EU-GEELY-HQ-I-SRV-WAGON-01	MEDIUM	HQ SRV五门旅行车外廓。	READY
19083	19083	Hatchback	MR I		5	EU-GEELY-MR-I-HATCHBACK-01	HIGH	MR五门掀背车外廓。	READY
19086	19086	Sedan	MR I		4	EU-GEELY-MR-I-SEDAN-01	HIGH	MR四门轿车外廓。	READY
19087	19087	Sedan	MR I		4	EU-GEELY-MR-I-SEDAN-01	HIGH	MR四门轿车外廓。	READY
19088	19088	Sedan	MR I		4	EU-GEELY-MR-I-SEDAN-01	HIGH	MR四门轿车外廓。	READY
19089	19089	Pickup	PU I	JL1010E1	2	EU-GEELY-PU-I-PICKUP-01	MEDIUM	两门Pickup外廓。	READY
19090	19090	Pickup	PU I	JL1010E1	2	EU-GEELY-PU-I-PICKUP-01	MEDIUM	两门Pickup外廓。	READY
19091	19091	Pickup	PU I	JL1010E1	2	EU-GEELY-PU-I-PICKUP-01	MEDIUM	两门Pickup外廓。	READY
803177	803177	SUV	Starray I		5	EU-GEELY-STARRAY-I-SUV-01	HIGH	Starray燃油版五门SUV外廓。	READY
803179	803179	SUV	Starray EM-i I		5	EU-GEELY-STARRAY-EMI-I-SUV-01	HIGH	EM-i使用独立车身外廓。	READY
803178	803178	SUV	Starray I		5	EU-GEELY-STARRAY-I-SUV-01	HIGH	Starray燃油版五门SUV外廓。	READY
145266	145266	Sedan	G70 I facelift		4	EU-GENESIS-G70-I-FACELIFT-SEDAN-01	HIGH	改款后四门轿车外廓。	READY
145271	145271	Sedan	G70 I facelift		4	EU-GENESIS-G70-I-FACELIFT-SEDAN-01	HIGH	改款后四门轿车外廓。	READY
145273	145273	Wagon	G70 I Shooting Brake		5	EU-GENESIS-G70-I-SHOOTING-BRAKE-WAGON-01	HIGH	Shooting Brake五门旅行车外廓。	READY
145278	145278	Wagon	G70 I Shooting Brake		5	EU-GENESIS-G70-I-SHOOTING-BRAKE-WAGON-01	HIGH	Shooting Brake五门旅行车外廓。	READY
145267	145267	Sedan	G70 I facelift		4	EU-GENESIS-G70-I-FACELIFT-SEDAN-01	HIGH	改款后四门轿车外廓。	READY
145272	145272	Sedan	G70 I facelift		4	EU-GENESIS-G70-I-FACELIFT-SEDAN-01	HIGH	改款后四门轿车外廓。	READY
145274	145274	Wagon	G70 I Shooting Brake		5	EU-GENESIS-G70-I-SHOOTING-BRAKE-WAGON-01	HIGH	Shooting Brake五门旅行车外廓。	READY
145279	145279	Wagon	G70 I Shooting Brake		5	EU-GENESIS-G70-I-SHOOTING-BRAKE-WAGON-01	HIGH	Shooting Brake五门旅行车外廓。	READY
145269	145269	Sedan	G70 I facelift		4	EU-GENESIS-G70-I-FACELIFT-SEDAN-01	HIGH	改款后四门轿车外廓。	READY
145275	145275	Wagon	G70 I Shooting Brake		5	EU-GENESIS-G70-I-SHOOTING-BRAKE-WAGON-01	HIGH	Shooting Brake五门旅行车外廓。	READY
145270	145270	Sedan	G70 I facelift		4	EU-GENESIS-G70-I-FACELIFT-SEDAN-01	HIGH	改款后四门轿车外廓。	READY
145277	145277	Wagon	G70 I Shooting Brake		5	EU-GENESIS-G70-I-SHOOTING-BRAKE-WAGON-01	HIGH	Shooting Brake五门旅行车外廓。	READY
145739	145739	Sedan	G80 II		4	EU-GENESIS-G80-II-SEDAN-01	HIGH	第二代G80四门轿车外廓。	READY
144901	144901	Sedan	G80 II		4	EU-GENESIS-G80-II-SEDAN-01	HIGH	第二代G80四门轿车外廓。	READY
145767	145767	Sedan	G80 II		4	EU-GENESIS-G80-II-SEDAN-01	HIGH	第二代G80四门轿车外廓。	READY
142615	142615	Sedan	G80 II		4	EU-GENESIS-G80-II-SEDAN-01	HIGH	第二代G80四门轿车外廓。	READY
146772	146772	Sedan	G80 II Electrified		4	EU-GENESIS-G80-II-ELECTRIFIED-SEDAN-01	HIGH	纯电版外廓与燃油版分组。	READY
151495	151495	Sedan	G90 II LWB	RS4	4	EU-GENESIS-G90-II-LWB-SEDAN-01	HIGH	RS4长轴距四门轿车外廓。	READY
145497	145497	SUV	GV60 I pre-facelift		5	EU-GENESIS-GV60-I-PREFL-SUV-01	HIGH	初期量产版五门SUV外廓。	READY
145498	145498	SUV	GV60 I pre-facelift		5	EU-GENESIS-GV60-I-PREFL-SUV-01	HIGH	初期量产版五门SUV外廓。	READY
145499	145499	SUV	GV60 I pre-facelift		5	EU-GENESIS-GV60-I-PREFL-SUV-01	HIGH	初期量产版五门SUV外廓。	READY
802802	802802	SUV	GV60 I Magma		5	EU-GENESIS-GV60-I-MAGMA-SUV-01	HIGH	Magma宽体及外部套件形成独立外廓。	READY
145264	145264	SUV	GV70 I		5	EU-GENESIS-GV70-I-SUV-01	HIGH	第一代燃油版五门SUV外廓。	READY
144942	144942	SUV	GV70 I		5	EU-GENESIS-GV70-I-SUV-01	HIGH	第一代燃油版五门SUV外廓。	READY
147724	147724	SUV	GV70 I		5	EU-GENESIS-GV70-I-SUV-01	HIGH	第一代燃油版五门SUV外廓。	READY
144941	144941	SUV	GV70 I		5	EU-GENESIS-GV70-I-SUV-01	HIGH	第一代燃油版五门SUV外廓。	READY
151412	151412	SUV	GV70 I Electrified		5	EU-GENESIS-GV70-I-ELECTRIFIED-SUV-01	HIGH	纯电版独立尺寸组。	READY
147725	147725	SUV	GV80 I pre-facelift		5	EU-GENESIS-GV80-I-PREFL-SUV-01	HIGH	改款前五门SUV外廓。	READY
145858	145858	SUV	EX3 I		5	EU-GEOMETRY-EX3-I-SUV-01	HIGH	EX3第一代五门SUV外廓。	READY
126024	126024	Hatchback	Cetos I		5	EU-GERMAN-E-CARS-CETOS-I-HATCHBACK-01	MEDIUM	Corsa D五门基础车身。	READY
126025	126025	Van	Plantos I	W906	4	EU-GERMAN-E-CARS-PLANTOS-I-VAN-LWB-SUPERHIGHROOF-01	MEDIUM	W906长轴超高顶厢式车外廓。	READY
126026	126026	Pickup	Plantos I	W906	2	EU-GERMAN-E-CARS-PLANTOS-I-PICKUP-LWB-CHASSIS-01	MEDIUM	W906长轴单排底盘外廓。	READY
126023	126023	Hatchback	Stromos I		5	EU-GERMAN-E-CARS-STROMOS-I-HATCHBACK-01	HIGH	Suzuki Splash五门基础车身。	READY
156402	156402	Pickup	Gladiator Evo	Evo 23	2	EU-GIOTTI-VICTORIA-GLADIATOR-EVO-PICKUP-CHASSIS-01	HIGH	Evo单排底盘外廓。	READY
156403	156403	Pickup	Gladiator Evo	Evo 23	2	EU-GIOTTI-VICTORIA-GLADIATOR-EVO-PICKUP-CHASSIS-01	HIGH	LPG动力共用Evo单排底盘外廓。	READY
156436	156436	Pickup	Gladiator Top	Top 30	2	EU-GIOTTI-VICTORIA-GLADIATOR-TOP-PICKUP-CHASSIS-01	HIGH	Top单排底盘外廓。	READY
156437	156437	Pickup	Gladiator Top	Top 30	2	EU-GIOTTI-VICTORIA-GLADIATOR-TOP-PICKUP-CHASSIS-01	HIGH	LPG动力共用Top单排底盘外廓。	READY
156438	156438	Pickup	Gladiator Top Electric		2	EU-GIOTTI-VICTORIA-GLADIATOR-TOP-ELECTRIC-PICKUP-CHASSIS-01	HIGH	Top Electric单排电动底盘外廓。	READY
156439	156439	Van	Gladiator Top Electric		4	EU-GIOTTI-VICTORIA-GLADIATOR-TOP-ELECTRIC-VAN-01	MEDIUM	Top Electric封闭式厢式车外廓。	READY
8832	8832	Sedan	1700		4	EU-GLAS-1700-I-SEDAN-01	HIGH	1700四门轿车外廓。	READY
107627	107627	SUV	Yukon III	GMT922	5	EU-GMC-YUKON-III-SUV-01	HIGH	标准轴距五门SUV外廓。	READY
53925	53925	SUV	Yukon III	GMT922	5	EU-GMC-YUKON-III-SUV-01	HIGH	6.2升版本共用标准轴距五门外廓。	READY
55219	55219	SUV	Yukon III	GMT922	5	EU-GMC-YUKON-III-SUV-01	HIGH	四驱版本共用标准轴距五门外廓。	READY
157902	157902	Hatchback	ORA 03 I		5	EU-GREAT-WALL-ORA-03-I-HATCHBACK-01	HIGH	300及300 PRO标准车身外廓。	READY
157903	157903	Hatchback	ORA 03 I		5	EU-GREAT-WALL-ORA-03-I-HATCHBACK-01	HIGH	400 PRO及400 PRO+标准车身外廓。	READY
157904	157904	Hatchback	ORA 03 I GT		5	EU-GREAT-WALL-ORA-03-I-GT-HATCHBACK-01	HIGH	GT外部造型造成独立外廓。	READY
162491	162491	Sedan	ORA 07 I		4	EU-GREAT-WALL-ORA-07-I-SEDAN-01	HIGH	前驱四门轿跑式轿车外廓。	READY
162492	162492	Sedan	ORA 07 I		4	EU-GREAT-WALL-ORA-07-I-SEDAN-01	HIGH	四驱版本共用四门车身外廓。	READY
158534	158534	SUV	WEY 03 I		5	EU-GREAT-WALL-WEY-03-I-SUV-01	HIGH	前驱五门SUV外廓。	READY
158587	158587	SUV	WEY 03 I		5	EU-GREAT-WALL-WEY-03-I-SUV-01	HIGH	四驱版本共用五门SUV外廓。	READY
158588	158588	SUV	WEY 05 I		5	EU-GREAT-WALL-WEY-05-I-SUV-01	HIGH	WEY 05五门SUV外廓。	READY
151790	151790	Pickup	Wingle 6 I	CC1031	4	EU-GREAT-WALL-WINGLE-6-I-DOUBLECAB-PICKUP-01	HIGH	双排四门Pickup外廓。	READY
154839	154839	SUV	H2 I		5	EU-HAVAL-H2-I-SUV-01	HIGH	LPG动力不改变H2五门SUV外廓。	READY
14669	14669	Wagon	Accord III Aerodeck		3	EU-HONDA-ACCORD-III-AERODECK-WAGON-01	HIGH	三门Aerodeck车身外廓。	READY
5056	5056	Wagon	Accord III Aerodeck		3	EU-HONDA-ACCORD-III-AERODECK-WAGON-01	HIGH	三门Aerodeck车身外廓。	READY
117564	117564	Sedan	Accord IX	CR2	4	EU-HONDA-ACCORD-IX-SEDAN-01	HIGH	CR2四缸四门轿车外廓。	READY
58318	58318	Sedan	Accord IX	CR3	4	EU-HONDA-ACCORD-IX-SEDAN-01	HIGH	CR3 V6四门轿车外廓。	READY
17641	17641	Coupe	Accord V		2	EU-HONDA-ACCORD-V-COUPE-01	HIGH	第五代双门Coupe外廓。	READY
121838	121838	Sedan	Accord V		4	EU-HONDA-ACCORD-V-SEDAN-01	HIGH	第五代四门轿车外廓。	READY
15817	15817	Sedan	Accord VI		4	EU-HONDA-ACCORD-VI-SEDAN-01	HIGH	2.3升四门轿车外廓。	READY
14899	14899	Sedan	Accord VI	CG7	4	EU-HONDA-ACCORD-VI-SEDAN-01	HIGH	CG7四门轿车外廓。	READY
10026	10026	Sedan	Accord VI	CG8	4	EU-HONDA-ACCORD-VI-SEDAN-01	HIGH	CG8四门轿车外廓。	READY
10027	10027	Sedan	Accord VI	CG9	4	EU-HONDA-ACCORD-VI-SEDAN-01	HIGH	CG9四门轿车外廓。	READY
10239	10239	Coupe	Accord VI	CG4	2	EU-HONDA-ACCORD-VI-COUPE-01	HIGH	CG4双门Coupe外廓。	READY
10299	10299	Sedan	Accord VI	CH2	4	EU-HONDA-ACCORD-VI-SEDAN-01	HIGH	CH2柴油四门轿车外廓。	READY
10028	10028	Sedan	Accord VI	CH1	4	EU-HONDA-ACCORD-VI-SEDAN-01	HIGH	CH1 Type-R四门轿车外廓。	READY
10240	10240	Coupe	Accord VI	CG2	2	EU-HONDA-ACCORD-VI-COUPE-01	HIGH	CG2 V6双门Coupe外廓。	READY
17715	17715	Hatchback	Accord VI Hatchback		5	EU-HONDA-ACCORD-VI-HATCHBACK-01	HIGH	五门Hatchback外廓。	READY
17714	17714	Hatchback	Accord VI Hatchback		5	EU-HONDA-ACCORD-VI-HATCHBACK-01	HIGH	五门Hatchback外廓。	READY
14411	14411	Hatchback	Accord VI Hatchback		5	EU-HONDA-ACCORD-VI-HATCHBACK-01	HIGH	五门Hatchback外廓。	READY
18865	18865	Hatchback	Accord VI Hatchback		5	EU-HONDA-ACCORD-VI-HATCHBACK-01	HIGH	五门Hatchback外廓。	READY
17126	17126	Sedan	Accord VII	CL7	4	EU-HONDA-ACCORD-VII-SEDAN-01	HIGH	CL7前驱四门轿车外廓。	READY
17127	17127	Sedan	Accord VII	CL9	4	EU-HONDA-ACCORD-VII-SEDAN-01	HIGH	CL9四门轿车外廓。	READY
17716	17716	Sedan	Accord VII	CL8	4	EU-HONDA-ACCORD-VII-SEDAN-01	HIGH	CL8四驱四门轿车外廓。	READY
17485	17485	Sedan	Accord VII	CN1	4	EU-HONDA-ACCORD-VII-SEDAN-01	HIGH	CN1柴油四门轿车外廓。	READY
17263	17263	Wagon	Accord VII Tourer	CM1	5	EU-HONDA-ACCORD-VII-TOURER-WAGON-01	HIGH	CM1五门Tourer外廓。	READY
17264	17264	Wagon	Accord VII Tourer	CM2	5	EU-HONDA-ACCORD-VII-TOURER-WAGON-01	HIGH	CM2五门Tourer外廓。	READY
17486	17486	Wagon	Accord VII Tourer	CN2	5	EU-HONDA-ACCORD-VII-TOURER-WAGON-01	HIGH	CN2柴油五门Tourer外廓。	READY
34928	34928	Sedan	Accord VIII	CU3	4	EU-HONDA-ACCORD-VIII-SEDAN-01	HIGH	CU3柴油四门轿车外廓。	READY
34929	34929	Wagon	Accord VIII Tourer	CW3	5	EU-HONDA-ACCORD-VIII-TOURER-WAGON-5D-01	HIGH	CW3五门Tourer外廓；改款前后外廓尺寸一致。	READY
34515_prefl	34515	Sedan	City V	GM2	4	EU-HONDA-CITY-V-SEDAN-4D-PREFL-01	HIGH	同一Ktype跨越改款，拆分改款前四门外廓。	READY
34515_facelift	34515	Sedan	City V facelift	GM2	4	EU-HONDA-CITY-V-SEDAN-4D-FACELIFT-01	HIGH	同一Ktype跨越改款，拆分改款后四门外廓。	READY
14663	14663	Sedan	Civic III		4	EU-HONDA-CIVIC-III-SEDAN-4D-01	MEDIUM	四门Sedan外廓。	READY
14664	14664	Sedan	Civic III		4	EU-HONDA-CIVIC-III-SEDAN-4D-01	MEDIUM	四门Sedan外廓。	READY
14665	14665	Sedan	Civic III		4	EU-HONDA-CIVIC-III-SEDAN-4D-01	MEDIUM	四门Sedan外廓。	READY
14667	14667	Sedan	Civic III		4	EU-HONDA-CIVIC-III-SEDAN-4D-01	MEDIUM	四门Sedan外廓。	READY
14666	14666	Sedan	Civic III		4	EU-HONDA-CIVIC-III-SEDAN-4D-01	MEDIUM	四门Sedan外廓。	READY
17634	17634	Sedan	Civic IV		4	EU-HONDA-CIVIC-IV-SEDAN-4D-01	MEDIUM	四门Sedan外廓。	READY
18019	18019	Sedan	Civic IV		4	EU-HONDA-CIVIC-IV-SEDAN-4D-01	HIGH	四门Sedan外廓。	READY
55637	55637	Sedan	Civic IV		4	EU-HONDA-CIVIC-IV-SEDAN-4D-01	HIGH	四驱未改变四门Sedan外廓。	READY
18018	18018	Hatchback	Civic IV Hatchback		3	EU-HONDA-CIVIC-IV-HATCHBACK-3D-01	HIGH	三门Hatchback外廓。	READY
18864	18864	Wagon	Civic IV Shuttle		5	EU-HONDA-CIVIC-IV-SHUTTLE-WAGON-5D-01	MEDIUM	五门Shuttle外廓。	READY
121249	121249	Sedan	Civic IX		4	EU-HONDA-CIVIC-IX-SEDAN-4D-01	MEDIUM	四门Sedan外廓。	READY
57475	57475	Sedan	Civic IX		4	EU-HONDA-CIVIC-IX-SEDAN-4D-01	HIGH	四门Sedan外廓。	READY
107634	107634	Sedan	Civic IX		4	EU-HONDA-CIVIC-IX-SEDAN-4D-01	HIGH	四门Sedan外廓。	READY
13918_prefl	13918	Hatchback	Civic IX Hatchback		5	EU-HONDA-CIVIC-IX-HATCHBACK-5D-PREFL-01	HIGH	同一Ktype跨越2014改款，拆分改款前五门外廓。	READY
13918_facelift	13918	Hatchback	Civic IX Hatchback facelift		5	EU-HONDA-CIVIC-IX-HATCHBACK-5D-FACELIFT-01	HIGH	同一Ktype跨越2014改款，拆分改款后五门外廓。	READY
58791_prefl	58791	Hatchback	Civic IX Hatchback		5	EU-HONDA-CIVIC-IX-HATCHBACK-5D-PREFL-01	HIGH	同一Ktype跨越2014改款，拆分改款前五门外廓。	READY
58791_facelift	58791	Hatchback	Civic IX Hatchback facelift		5	EU-HONDA-CIVIC-IX-HATCHBACK-5D-FACELIFT-01	HIGH	同一Ktype跨越2014改款，拆分改款后五门外廓。	READY
13926_prefl	13926	Hatchback	Civic IX Hatchback		5	EU-HONDA-CIVIC-IX-HATCHBACK-5D-PREFL-01	HIGH	同一Ktype跨越2014改款，拆分改款前五门外廓。	READY
13926_facelift	13926	Hatchback	Civic IX Hatchback facelift		5	EU-HONDA-CIVIC-IX-HATCHBACK-5D-FACELIFT-01	HIGH	同一Ktype跨越2014改款，拆分改款后五门外廓。	READY
116064	116064	Hatchback	Civic IX Type R	FK2	5	EU-HONDA-CIVIC-TYPE-R-FK2-HATCHBACK-5D-01	HIGH	FK2宽体五门外廓。	READY
13927	13927	Hatchback	Civic IX Hatchback		5	EU-HONDA-CIVIC-IX-HATCHBACK-5D-PREFL-01	HIGH	2.2 i-DTEC对应改款前五门外廓。	READY
100487_prefl	100487	Wagon	Civic IX Tourer		5	EU-HONDA-CIVIC-IX-TOURER-WAGON-5D-PREFL-01	HIGH	同一Ktype跨越改款，拆分改款前五门旅行车外廓。	READY
100487_facelift	100487	Wagon	Civic IX Tourer facelift		5	EU-HONDA-CIVIC-IX-TOURER-WAGON-5D-FACELIFT-01	HIGH	同一Ktype跨越改款，拆分改款后五门旅行车外廓。	READY
100489_prefl	100489	Wagon	Civic IX Tourer		5	EU-HONDA-CIVIC-IX-TOURER-WAGON-5D-PREFL-01	HIGH	同一Ktype跨越改款，拆分改款前五门旅行车外廓。	READY
100489_facelift	100489	Wagon	Civic IX Tourer facelift		5	EU-HONDA-CIVIC-IX-TOURER-WAGON-5D-FACELIFT-01	HIGH	同一Ktype跨越改款，拆分改款后五门旅行车外廓。	READY
55932	55932	Sedan	Civic V		4	EU-HONDA-CIVIC-V-SEDAN-4D-01	HIGH	四门Sedan外廓。	READY
18020	18020	Hatchback	Civic V Hatchback	EG4	3	EU-HONDA-CIVIC-V-HATCHBACK-3D-01	HIGH	EG4三门Hatchback外廓。	READY
17525	17525	Coupe	Civic VI Coupe	EJ6	2	EU-HONDA-CIVIC-VI-COUPE-2D-01	HIGH	EJ6双门Coupe外廓。	READY
14901	14901	Sedan	Civic VI Sedan	EK1	4	EU-HONDA-CIVIC-VI-SEDAN-4D-01	HIGH	EK1四门Sedan外廓。	READY
17524	17524	Coupe	Civic VI Coupe	EM1	2	EU-HONDA-CIVIC-VI-COUPE-2D-01	HIGH	EM1双门Coupe外廓。	READY
18832	18832	Coupe	Civic VI Coupe	EM1	2	EU-HONDA-CIVIC-VI-COUPE-2D-01	HIGH	EM1高功率双门Coupe外廓。	READY
54963	54963	Wagon	Civic VI Aerodeck	MC1	5	EU-HONDA-CIVIC-VI-AERODECK-WAGON-5D-01	HIGH	MC1五门Aerodeck外廓。	READY
7816	7816	Hatchback	Civic VI Fastback		5	EU-HONDA-CIVIC-VI-FASTBACK-HATCHBACK-5D-01	HIGH	五门Fastback外廓。	READY
7817	7817	Hatchback	Civic VI Fastback		5	EU-HONDA-CIVIC-VI-FASTBACK-HATCHBACK-5D-01	HIGH	五门Fastback外廓。	READY
11506	11506	Hatchback	Civic VI Fastback		5	EU-HONDA-CIVIC-VI-FASTBACK-HATCHBACK-5D-01	HIGH	五门Fastback外廓。	READY
7818	7818	Hatchback	Civic VI Fastback		5	EU-HONDA-CIVIC-VI-FASTBACK-HATCHBACK-5D-01	HIGH	五门Fastback外廓。	READY
7819	7819	Hatchback	Civic VI Fastback		5	EU-HONDA-CIVIC-VI-FASTBACK-HATCHBACK-5D-01	HIGH	五门Fastback外廓。	READY
54964	54964	Hatchback	Civic VI Fastback		5	EU-HONDA-CIVIC-VI-FASTBACK-HATCHBACK-5D-01	HIGH	五门Fastback外廓。	READY
18468	18468	Sedan	Civic VII Sedan	ES4	4	EU-HONDA-CIVIC-VII-SEDAN-4D-02	HIGH	按Honda欧洲四门规格修正尺寸组关联。	READY
59695	59695	Sedan	Civic VII Sedan	ES8	4	EU-HONDA-CIVIC-VII-SEDAN-4D-01	MEDIUM	ES8四门Sedan外廓。	READY
18469	18469	Sedan	Civic VII Sedan	ES5	4	EU-HONDA-CIVIC-VII-SEDAN-4D-02	HIGH	按Honda欧洲四门规格修正尺寸组关联。	READY
16103	16103	Sedan	Civic VII Sedan		4	EU-HONDA-CIVIC-VII-SEDAN-4D-01	MEDIUM	四门Sedan外廓。	READY
17802	17802	Sedan	Civic VII Sedan IMA		4	EU-HONDA-CIVIC-VII-SEDAN-IMA-4D-01	HIGH	IMA四门车身高度与常规Sedan不同。	READY
15527	15527	Coupe	Civic VII Coupe	EM2	2	EU-HONDA-CIVIC-VII-COUPE-2D-01	HIGH	EM2双门Coupe外廓。	READY
15934_3dr	15934	Hatchback	Civic VII Hatchback	EP1	3	EU-HONDA-CIVIC-VII-HATCHBACK-3D-01	HIGH	EP1三门外廓。	READY
15934_5dr_prefl	15934	Hatchback	Civic VII Hatchback	EU7	5	EU-HONDA-CIVIC-VII-HATCHBACK-5D-PREFL-01	HIGH	EU7五门改款前外廓。	READY
15934_5dr_facelift	15934	Hatchback	Civic VII Hatchback facelift	EU7	5	EU-HONDA-CIVIC-VII-HATCHBACK-5D-FACELIFT-01	HIGH	EU7五门改款后外廓。	READY
15525_3dr	15525	Hatchback	Civic VII Hatchback	EP1	3	EU-HONDA-CIVIC-VII-HATCHBACK-3D-01	HIGH	EP1三门外廓。	READY
15525_5dr_prefl	15525	Hatchback	Civic VII Hatchback		5	EU-HONDA-CIVIC-VII-HATCHBACK-5D-PREFL-01	HIGH	EU5/EU7五门改款前外廓。	READY
15525_5dr_facelift	15525	Hatchback	Civic VII Hatchback facelift		5	EU-HONDA-CIVIC-VII-HATCHBACK-5D-FACELIFT-01	HIGH	EU5/EU7五门改款后外廓。	READY
15526_3dr	15526	Hatchback	Civic VII Hatchback	EP2	3	EU-HONDA-CIVIC-VII-HATCHBACK-3D-01	HIGH	EP2三门外廓。	READY
15526_5dr_prefl	15526	Hatchback	Civic VII Hatchback		5	EU-HONDA-CIVIC-VII-HATCHBACK-5D-PREFL-01	HIGH	EU6/EU8五门改款前外廓。	READY
15526_5dr_facelift	15526	Hatchback	Civic VII Hatchback facelift		5	EU-HONDA-CIVIC-VII-HATCHBACK-5D-FACELIFT-01	HIGH	EU6/EU8五门改款后外廓。	READY
16522_3dr	16522	Hatchback	Civic VII Hatchback	EP4	3	EU-HONDA-CIVIC-VII-HATCHBACK-3D-01	HIGH	EP4三门外廓。	READY
16522_5dr_prefl	16522	Hatchback	Civic VII Hatchback	EU9	5	EU-HONDA-CIVIC-VII-HATCHBACK-5D-PREFL-01	HIGH	EU9五门改款前外廓。	READY
16522_5dr_facelift	16522	Hatchback	Civic VII Hatchback facelift	EU9	5	EU-HONDA-CIVIC-VII-HATCHBACK-5D-FACELIFT-01	HIGH	EU9五门改款后外廓。	READY
18063_5dr_prefl	18063	Hatchback	Civic VII Hatchback	EV1	5	EU-HONDA-CIVIC-VII-HATCHBACK-5D-PREFL-01	HIGH	EV1五门2.0 Sport改款前外廓。	READY
18063_5dr_facelift	18063	Hatchback	Civic VII Hatchback facelift	EV1	5	EU-HONDA-CIVIC-VII-HATCHBACK-5D-FACELIFT-01	HIGH	EV1五门2.0 Sport改款后外廓。	READY
55936	55936	Sedan	Civic VIII Sedan		4	EU-HONDA-CIVIC-VIII-SEDAN-4D-01	HIGH	常规四门Sedan外廓。	READY
17513	17513	Sedan	Civic VIII Sedan		4	EU-HONDA-CIVIC-VIII-SEDAN-IMA-4D-01	HIGH	IMA四门外廓与常规Sedan尺寸不同，独立建组。	READY
126524_prefl	126524	Hatchback	Civic X Hatchback		5	EU-HONDA-CIVIC-X-HATCHBACK-5D-PREFL-01	HIGH	五门改款前外廓。	READY
126524_facelift	126524	Hatchback	Civic X Hatchback facelift		5	EU-HONDA-CIVIC-X-HATCHBACK-5D-FACELIFT-01	HIGH	五门改款后外廓。	READY
126522_prefl	126522	Hatchback	Civic X Hatchback		5	EU-HONDA-CIVIC-X-HATCHBACK-5D-PREFL-01	HIGH	五门改款前外廓。	READY
126522_facelift	126522	Hatchback	Civic X Hatchback facelift		5	EU-HONDA-CIVIC-X-HATCHBACK-5D-FACELIFT-01	HIGH	五门改款后外廓。	READY
126886_prefl	126886	Sedan	Civic X Sedan	FC1	4	EU-HONDA-CIVIC-X-SEDAN-4D-PREFL-01	HIGH	FC1四门改款前外廓。	READY
126886_facelift	126886	Sedan	Civic X Sedan facelift	FC1	4	EU-HONDA-CIVIC-X-SEDAN-4D-FACELIFT-01	HIGH	FC1四门改款后外廓。	READY
127817	127817	Hatchback	Civic X Type R	FK8	5	EU-HONDA-CIVIC-TYPE-R-FK8-HATCHBACK-5D-01	HIGH	FK8宽体五门外廓。	READY
152669	152669	Sedan	Civic XI Sedan		4	EU-HONDA-CIVIC-XI-SEDAN-4D-01	HIGH	土耳其市场四门LPG Sedan外廓。	READY
149700	149700	Hatchback	Civic XI	FL4	5	EU-HONDA-CIVIC-XI-HATCHBACK-5D-01	HIGH	FL4五门e:HEV外廓。	READY
149691	149691	Hatchback	Civic XI Type R	FL5	5	EU-HONDA-CIVIC-TYPE-R-FL5-HATCHBACK-5D-01	HIGH	FL5宽体五门Type R外廓。	READY
14144	14144	Sedan	Concerto	HW	4	EU-HONDA-CONCERTO-HW-SEDAN-4D-01	HIGH	HW四门Sedan外廓。	READY
18833	18833	Hatchback	Concerto Hatch	HW	5	EU-HONDA-CONCERTO-HW-HATCHBACK-5D-01	HIGH	HW五门Hatchback外廓。	READY
18834	18834	Sedan	Concerto	HW	4	EU-HONDA-CONCERTO-HW-SEDAN-4D-01	HIGH	HW四门Sedan外廓。	READY
124130	124130	SUV	Crossroad II	RT3	5	EU-HONDA-CROSSROAD-II-RT3-SUV-5D-01	HIGH	RT3两驱五门SUV外廓。	READY
58323	58323	Hatchback	Crosstour I facelift	TF2	5	EU-HONDA-CROSSTOUR-I-FACELIFT-HATCHBACK-5D-01	HIGH	TF2四驱五门改款外廓。	READY
13180	13180	SUV	CR-V I	RD1	5	EU-HONDA-CR-V-I-RD1-SUV-5D-01	HIGH	RD1五门四驱SUV外廓。	READY
16573_prefl	16573	SUV	CR-V II		5	EU-HONDA-CR-V-II-SUV-5D-PREFL-01	HIGH	同一Ktype跨越改款，拆分改款前五门外廓。	READY
16573_facelift	16573	SUV	CR-V II facelift		5	EU-HONDA-CR-V-II-SUV-5D-FACELIFT-01	HIGH	同一Ktype跨越改款，拆分改款后五门外廓。	READY
18473	18473	SUV	CR-V II facelift	RD9	5	EU-HONDA-CR-V-II-SUV-5D-FACELIFT-01	HIGH	RD9柴油改款后五门外廓。	READY
57748_prefl	57748	SUV	CR-V III		5	EU-HONDA-CR-V-III-EU-SUV-5D-PREFL-01	HIGH	同一Ktype跨越改款，拆分欧洲规格改款前外廓。	READY
57748_facelift	57748	SUV	CR-V III facelift		5	EU-HONDA-CR-V-III-EU-SUV-5D-FACELIFT-01	HIGH	同一Ktype跨越改款，拆分欧洲规格改款后外廓。	READY
34931	34931	SUV	CR-V III facelift		5	EU-HONDA-CR-V-III-EU-SUV-5D-FACELIFT-01	HIGH	2.2 i-DTEC对应改款后欧洲规格外廓。	READY
57197_prefl	57197	SUV	CR-V III		5	EU-HONDA-CR-V-III-24-SUV-5D-PREFL-01	HIGH	2.4四驱改款前市场规格外廓。	READY
57197_facelift	57197	SUV	CR-V III facelift		5	EU-HONDA-CR-V-III-24-SUV-5D-FACELIFT-01	HIGH	2.4四驱改款后市场规格外廓。	READY
35422_prefl	35422	SUV	CR-V IV		5	EU-HONDA-CR-V-IV-SUV-5D-PREFL-01	HIGH	同一Ktype跨越改款，拆分改款前五门外廓。	READY
35422_facelift	35422	SUV	CR-V IV facelift		5	EU-HONDA-CR-V-IV-SUV-5D-FACELIFT-01	HIGH	同一Ktype跨越改款，拆分改款后五门外廓。	READY
112038	112038	SUV	CR-V IV facelift		5	EU-HONDA-CR-V-IV-SUV-5D-FACELIFT-01	HIGH	改款后五门AWD外廓。	READY
56765_prefl	56765	SUV	CR-V IV		5	EU-HONDA-CR-V-IV-SUV-5D-PREFL-01	HIGH	同一Ktype跨越改款，拆分改款前五门外廓。	READY
56765_facelift	56765	SUV	CR-V IV facelift		5	EU-HONDA-CR-V-IV-SUV-5D-FACELIFT-01	HIGH	同一Ktype跨越改款，拆分改款后五门外廓。	READY
56243_prefl	56243	SUV	CR-V IV		5	EU-HONDA-CR-V-IV-SUV-5D-PREFL-01	HIGH	同一Ktype跨越改款，拆分改款前五门外廓。	READY
56243_facelift	56243	SUV	CR-V IV facelift		5	EU-HONDA-CR-V-IV-SUV-5D-FACELIFT-01	HIGH	同一Ktype跨越改款，拆分改款后五门外廓。	READY
153051	153051	SUV	CR-V IV		5	EU-HONDA-CR-V-IV-SUV-5D-PREFL-01	HIGH	2.2 i-DTEC对应改款前五门外廓。	READY
125265	125265	SUV	CR-V V		5	EU-HONDA-CR-V-V-SUV-AWD-5D-01	HIGH	五门AWD外廓。	READY
143743	143743	SUV	CR-V V		5	EU-HONDA-CR-V-V-SUV-AWD-5D-01	HIGH	混动AWD与同代汽油AWD共用外廓。	READY
155906	155906	SUV	CR-V VI		5	EU-HONDA-CR-V-VI-EHEV-FWD-SUV-5D-01	HIGH	e:HEV前驱五门外廓。	READY
802282	802282	SUV	CR-V VI		5	EU-HONDA-CR-V-VI-EHEV-FWD-SUV-5D-01	HIGH	2025年e:HEV前驱版本复用同一外廓。	READY
155907	155907	SUV	CR-V VI		5	EU-HONDA-CR-V-VI-EHEV-AWD-SUV-5D-01	HIGH	e:HEV四驱五门外廓。	READY
802283	802283	SUV	CR-V VI		5	EU-HONDA-CR-V-VI-EHEV-AWD-SUV-5D-01	HIGH	2025年e:HEV四驱版本复用同一外廓。	READY
155908	155908	SUV	CR-V VI		5	EU-HONDA-CR-V-VI-EPHEV-FWD-SUV-5D-01	HIGH	e:PHEV前驱底盘高度不同，独立建组。	READY
14662	14662	Coupe	CRX I	AF	3	EU-HONDA-CRX-I-AF-COUPE-3D-01	HIGH	AF三门Coupe外廓。	READY
17067	17067	Coupe	CRX II		3	EU-HONDA-CRX-II-COUPE-3D-01	HIGH	非VTEC 1.6 i 16V三门外廓。	READY
58815	58815	Coupe	CR-Z facelift	ZF2	3	EU-HONDA-CR-Z-ZF2-COUPE-3D-01	HIGH	ZF2改款后三门Coupe外廓。	READY
107258	107258	Coupe	CR-Z	ZF1	3	EU-HONDA-CR-Z-ZF1-COUPE-3D-01	HIGH	ZF1改款前三门Coupe外廓。	READY
154952	154952	SUV	e:Ny1		5	EU-HONDA-ENY1-ELECTRIC-SUV-5D-01	HIGH	五门电动SUV外廓。	READY
18472	18472	MPV	FR-V		5	EU-HONDA-FR-V-MPV-5D-01	HIGH	五门六座MPV外廓。	READY
18471	18471	MPV	FR-V		5	EU-HONDA-FR-V-MPV-5D-01	HIGH	五门六座MPV外廓。	READY
18231	18231	MPV	FR-V		5	EU-HONDA-FR-V-MPV-5D-01	HIGH	柴油动力未改变五门MPV外廓。	READY
116068_prefl	116068	SUV	HR-V II		5	EU-HONDA-HR-V-II-SUV-5D-PREFL-01	HIGH	同一Ktype跨越改款，拆分改款前五门外廓。	READY
116068_facelift	116068	SUV	HR-V II facelift		5	EU-HONDA-HR-V-II-SUV-5D-FACELIFT-01	HIGH	同一Ktype跨越改款，拆分改款后五门外廓。	READY
146819	146819	SUV	HR-V III		5	EU-HONDA-HR-V-III-EHEV-SUV-5D-01	HIGH	e:HEV五门SUV外廓。	READY
14595	14595	SUV	HR-V I	GH1	3	EU-HONDA-HR-V-I-SUV-3D-01	HIGH	GH1前驱三门外廓。	READY
11121	11121	SUV	HR-V I	GH2	3	EU-HONDA-HR-V-I-SUV-3D-01	HIGH	GH2四驱三门外廓。	READY
14594	14594	SUV	HR-V I	GH4	5	EU-HONDA-HR-V-I-SUV-5D-01	HIGH	GH4四驱五门外廓。	READY
116067_prefl	116067	SUV	HR-V II		5	EU-HONDA-HR-V-II-SUV-5D-PREFL-01	HIGH	同一Ktype跨越改款，拆分改款前五门外廓。	READY
116067_facelift	116067	SUV	HR-V II facelift		5	EU-HONDA-HR-V-II-SUV-5D-FACELIFT-01	HIGH	同一Ktype跨越改款，拆分改款后五门外廓。	READY
14410	14410	Coupe	Insight I	ZE1	3	EU-HONDA-INSIGHT-I-ZE1-COUPE-3D-01	HIGH	ZE1三门双座Coupe外廓。	READY
56184	56184	Hatchback	Insight II	ZE2	5	EU-HONDA-INSIGHT-II-ZE2-HATCHBACK-5D-01	HIGH	ZE2五门Hybrid Hatchback外廓。	READY
17832	17832	Hatchback	Integra I	DA4	5	EU-HONDA-INTEGRA-I-DA-HATCHBACK-5D-01	HIGH	DA4五门Liftback外廓。	READY
17833	17833	Hatchback	Integra I		5	EU-HONDA-INTEGRA-I-DA-HATCHBACK-5D-01	HIGH	DA1/DA3共用五门Liftback外廓。	READY
124452	124452	Sedan	Integra III Sedan	DB7	4	EU-HONDA-INTEGRA-III-DB7-SEDAN-4D-01	HIGH	DB7四门Hardtop Sedan外廓。	READY
18564_prefl	18564	Coupe	Integra IV	DC5	3	EU-HONDA-INTEGRA-IV-DC5-COUPE-3D-PREFL-01	HIGH	DC5改款前三门Liftback外廓。	READY
18564_facelift	18564	Coupe	Integra IV facelift	DC5	3	EU-HONDA-INTEGRA-IV-DC5-COUPE-3D-FACELIFT-01	HIGH	DC5改款后三门Liftback高度变化，独立建组。	READY
11059	11059	Coupe	Integra III Type R	DC2	3	EU-HONDA-INTEGRA-III-TYPE-R-DC2-EU-COUPE-3D-01	HIGH	欧洲190 PS DC2 Type R三门外廓。	READY
57345_96spec	57345	Coupe	Integra III Type R 96 Spec	DC2	3	EU-HONDA-INTEGRA-III-TYPE-R-DC2-JDM-96SPEC-COUPE-3D-01	HIGH	JDM 96 Spec三门Type R外廓。	READY
57345_98spec	57345	Coupe	Integra III Type R 98 Spec	DC2	3	EU-HONDA-INTEGRA-III-TYPE-R-DC2-JDM-98SPEC-COUPE-3D-01	HIGH	JDM 98 Spec三门Type R高度变化。	READY
57289	57289	Coupe	Integra III	DC2	3	EU-HONDA-INTEGRA-III-DC2-VTIR-COUPE-3D-01	HIGH	DC2 VTi-R三门车身；与既有Type-R尺寸组分离。	READY
16597_prefl	16597	Coupe	Integra IV	DC5	3	EU-HONDA-INTEGRA-IV-DC5-COUPE-3D-PREFL-01	HIGH	改款前物理分支。	READY
16597_facelift	16597	Coupe	Integra IV	DC5	3	EU-HONDA-INTEGRA-IV-DC5-COUPE-3D-FACELIFT-01	HIGH	改款后物理分支。	READY
16816	16816	Hatchback	Jazz II	GD	5	EU-HONDA-JAZZ-II-GD-HATCHBACK-5D-01	HIGH		READY
120218	120218	Hatchback	Jazz II	GD	5	EU-HONDA-JAZZ-II-GD-HATCHBACK-5D-01	HIGH		READY
116390_prefl	116390	Hatchback	Jazz IV	GK	5	EU-HONDA-JAZZ-IV-GK-HATCHBACK-5D-PREFL-01	HIGH	2015至2017改款前外廓。	READY
116390_facelift	116390	Hatchback	Jazz IV	GK	5	EU-HONDA-JAZZ-IV-GK-HATCHBACK-5D-FACELIFT-02	HIGH	2017改款后1.3外廓；不复用既有1.5改款尺寸组。	READY
126827	126827	Hatchback	Jazz IV	GK	5	EU-HONDA-JAZZ-IV-GK-HATCHBACK-5D-FACELIFT-01	HIGH	2017改款五门车身。	READY
154977	154977	Hatchback	Jazz V		5	EU-HONDA-JAZZ-V-GR-HATCHBACK-5D-FACELIFT-01	HIGH	2023改款五门车身。	READY
11415	11415	Hatchback	Logo I	GA3	5	EU-HONDA-LOGO-I-GA3-HATCHBACK-5D-01	HIGH		READY
7822_prefl	7822	Coupe	NSX I	NA2	2	EU-HONDA-NSX-I-NA2-COUPE-2D-PREFL-01	HIGH	固定前照灯改款前分支。	READY
7822_facelift	7822	Coupe	NSX I	NA2	2	EU-HONDA-NSX-I-NA2-COUPE-2D-FACELIFT-01	HIGH	2002改款分支。	READY
7823_prefl	7823	Convertible	NSX I	NA2	2	EU-HONDA-NSX-I-NA2-CONVERTIBLE-2D-PREFL-01	HIGH	NSX-T 2002改款前物理外廓。	READY
7823_facelift	7823	Convertible	NSX I	NA2	2	EU-HONDA-NSX-I-NA2-CONVERTIBLE-2D-FACELIFT-01	HIGH	NSX-T 2002改款后物理外廓。	READY
127200	127200	Coupe	NSX II	NC1	2	EU-HONDA-NSX-II-NC1-COUPE-2D-01	HIGH		READY
44329_prefl	44329	MPV	Odyssey III	RL3	5	EU-HONDA-ODYSSEY-III-RL3-MPV-5D-PREFL-01	HIGH	RL3改款前物理外廓。	READY
44329_facelift	44329	MPV	Odyssey III	RL4	5	EU-HONDA-ODYSSEY-III-RL4-MPV-5D-FACELIFT-01	HIGH	RL4改款后物理外廓。	READY
55241_prefl	55241	MPV	Odyssey IV	RL5	5	EU-HONDA-ODYSSEY-IV-RL5-MPV-5D-PREFL-01	HIGH	RL5 2011至2013改款前外廓。	READY
55241_facelift	55241	MPV	Odyssey IV	RL5	5	EU-HONDA-ODYSSEY-IV-RL5-MPV-5D-FACELIFT-01	HIGH	RL5 2014改款后外廓。	READY
14686_prefl	14686	SUV	Pilot II	YF4	5	EU-HONDA-PILOT-II-SUV-5D-PREFL-01	HIGH	YF4四驱改款前物理外廓。	READY
14686_facelift	14686	SUV	Pilot II	YF4	5	EU-HONDA-PILOT-II-SUV-5D-FACELIFT-01	HIGH	YF4四驱2012改款后物理外廓。	READY
106543_prefl	106543	SUV	Pilot II	YF4	5	EU-HONDA-PILOT-II-SUV-5D-PREFL-01	HIGH	YF4四驱改款前物理外廓。	READY
106543_facelift	106543	SUV	Pilot II	YF4	5	EU-HONDA-PILOT-II-SUV-5D-FACELIFT-01	HIGH	YF4四驱2012改款后物理外廓。	READY
128257_prefl	128257	SUV	Pilot II	YF4	5	EU-HONDA-PILOT-II-SUV-5D-PREFL-01	HIGH	YF4四驱改款前物理外廓。	READY
128257_facelift	128257	SUV	Pilot II	YF4	5	EU-HONDA-PILOT-II-SUV-5D-FACELIFT-01	HIGH	YF4四驱2012改款后物理外廓。	READY
44336	44336	SUV	Pilot I		5	EU-HONDA-PILOT-I-SUV-5D-01	HIGH		READY
7820	7820	Coupe	Prelude V		2	EU-HONDA-PRELUDE-V-BB-COUPE-2D-01	HIGH		READY
162855	162855	Coupe	Prelude VI		3	EU-HONDA-PRELUDE-VI-COUPE-3D-01	HIGH	2026欧洲版三门掀背式Coupe车身。	READY
10581	10581	Coupe	Prelude III		2	EU-HONDA-PRELUDE-III-BA-COUPE-2D-01	HIGH		READY
7821	7821	Coupe	Prelude V		2	EU-HONDA-PRELUDE-V-BB-COUPE-2D-01	HIGH		READY
11510	11510	Coupe	Prelude V		2	EU-HONDA-PRELUDE-V-BB-COUPE-2D-01	HIGH		READY
10469_prefl	10469	Convertible	S2000 I	AP1	2	EU-HONDA-S2000-I-AP1-CONVERTIBLE-2D-PREFL-01	HIGH	2004改款前物理分支。	READY
10469_facelift	10469	Convertible	S2000 I	AP1	2	EU-HONDA-S2000-I-AP1-CONVERTIBLE-2D-FACELIFT-01	HIGH	2004改款后物理分支。	READY
15955	15955	MPV	Stream I		5	EU-HONDA-STREAM-I-MPV-5D-01	HIGH		READY
15956	15956	MPV	Stream I		5	EU-HONDA-STREAM-I-MPV-5D-01	HIGH		READY
154814	154814	SUV	ZR-V I		5	EU-HONDA-ZR-V-I-SUV-5D-01	HIGH		READY
158130	158130	Sedan	EH7 I		4	EU-HONGQI-EH7-I-SEDAN-4D-01	HIGH		READY
162809	162809	SUV	EHS7 I		5	EU-HONGQI-EHS7-I-SUV-5D-01	HIGH		READY
160687	160687	SUV	EHS7 I		5	EU-HONGQI-EHS7-I-SUV-5D-01	HIGH		READY
142868	142868	SUV	E-HS9 I		5	EU-HONGQI-E-HS9-I-SUV-5D-01	HIGH		READY
142869	142869	SUV	E-HS9 I		5	EU-HONGQI-E-HS9-I-SUV-5D-01	HIGH		READY
803442	803442	Hatchback	H6 I		5	EU-HONGQI-H6-I-HATCHBACK-5D-01	HIGH	五门掀背式车身。	READY
802897	802897	SUV	HS3 I		5	EU-HONGQI-HS3-I-SUV-5D-01	HIGH		READY
802896	802896	SUV	HS3 I		5	EU-HONGQI-HS3-I-SUV-5D-01	HIGH		READY
803374	803374	SUV	HS5 II		5	EU-HONGQI-HS5-II-SUV-5D-01	HIGH		READY
803375	803375	SUV	HS5 II		5	EU-HONGQI-HS5-II-SUV-5D-01	HIGH		READY
44427	44427	SUV	H1 I		4	EU-HUMMER-H1-I-SUV-4D-01	HIGH	四门封闭式车身。	READY
44431	44431	SUV	H2 I	GMT825	5	EU-HUMMER-H2-I-SUV-5D-01	HIGH		READY
12749	12749	SUV	H1 I		4	EU-HUMMER-H1-I-SUV-4D-01	HIGH	四门封闭式车身。	READY
12750	12750	SUV	H1 I		4	EU-HUMMER-H1-I-SUV-4D-01	HIGH	四门封闭式车身。	READY
18257	18257	SUV	H2 I	GMT825	5	EU-HUMMER-H2-I-SUV-5D-01	HIGH		READY
18443	18443	SUV	H2 I	GMT825	5	EU-HUMMER-H2-I-SUV-5D-01	HIGH		READY
18809	18809	Pickup	H2 I	GMT825	4	EU-HUMMER-H2-I-PICKUP-4D-01	HIGH	H2 SUT四门短货斗车身。	READY
120505	120505	Pickup	H2 I	GMT825	4	EU-HUMMER-H2-I-PICKUP-4D-01	HIGH	H2 SUT四门短货斗车身。	READY
18977	18977	SUV	H3 I	GMT345	5	EU-HUMMER-H3-I-SUV-5D-01	HIGH		READY
51049	51049	SUV	H3 I	GMT345	5	EU-HUMMER-H3-I-SUV-5D-01	HIGH		READY
53710	53710	Pickup	H3T I	GMT745	4	EU-HUMMER-H3T-I-PICKUP-4D-01	HIGH	四门乘员舱短货斗车身。	READY
14597_3dr_prefl	14597	Hatchback	Accent II	LC	3	EU-HYUNDAI-ACCENT-II-LC-HATCHBACK-3D-PREFL-01	HIGH	三门改款前外廓。	READY
14597_5dr_prefl	14597	Hatchback	Accent II	LC	5	EU-HYUNDAI-ACCENT-II-LC-HATCHBACK-5D-PREFL-01	HIGH	五门改款前外廓。	READY
14597_3dr_facelift	14597	Hatchback	Accent II	LC	3	EU-HYUNDAI-ACCENT-II-LC-HATCHBACK-3D-FACELIFT-01	HIGH	三门改款后外廓。	READY
14597_5dr_facelift	14597	Hatchback	Accent II	LC	5	EU-HYUNDAI-ACCENT-II-LC-HATCHBACK-5D-FACELIFT-01	HIGH	五门改款后外廓。	READY
15952_3dr_prefl	15952	Hatchback	Accent II	LC	3	EU-HYUNDAI-ACCENT-II-LC-HATCHBACK-3D-PREFL-01	HIGH	三门改款前外廓。	READY
15952_5dr_prefl	15952	Hatchback	Accent II	LC	5	EU-HYUNDAI-ACCENT-II-LC-HATCHBACK-5D-PREFL-01	HIGH	五门改款前外廓。	READY
15952_3dr_facelift	15952	Hatchback	Accent II	LC	3	EU-HYUNDAI-ACCENT-II-LC-HATCHBACK-3D-FACELIFT-01	HIGH	三门改款后外廓。	READY
15952_5dr_facelift	15952	Hatchback	Accent II	LC	5	EU-HYUNDAI-ACCENT-II-LC-HATCHBACK-5D-FACELIFT-01	HIGH	五门改款后外廓。	READY
17757_3dr_prefl	17757	Hatchback	Accent II	LC	3	EU-HYUNDAI-ACCENT-II-LC-HATCHBACK-3D-PREFL-01	HIGH	三门改款前外廓。	READY
17757_5dr_prefl	17757	Hatchback	Accent II	LC	5	EU-HYUNDAI-ACCENT-II-LC-HATCHBACK-5D-PREFL-01	HIGH	五门改款前外廓。	READY
17757_3dr_facelift	17757	Hatchback	Accent II	LC	3	EU-HYUNDAI-ACCENT-II-LC-HATCHBACK-3D-FACELIFT-01	HIGH	三门改款后外廓。	READY
17757_5dr_facelift	17757	Hatchback	Accent II	LC	5	EU-HYUNDAI-ACCENT-II-LC-HATCHBACK-5D-FACELIFT-01	HIGH	五门改款后外廓。	READY
18693_prefl	18693	Sedan	Accent II	LC	4	EU-HYUNDAI-ACCENT-II-LC-SEDAN-4D-PREFL-01	HIGH	改款前外廓。	READY
18693_facelift	18693	Sedan	Accent II	LC	4	EU-HYUNDAI-ACCENT-II-LC-SEDAN-4D-FACELIFT-01	HIGH	改款后外廓。	READY
18694_prefl	18694	Sedan	Accent II	LC	4	EU-HYUNDAI-ACCENT-II-LC-SEDAN-4D-PREFL-01	HIGH	改款前外廓。	READY
18694_facelift	18694	Sedan	Accent II	LC	4	EU-HYUNDAI-ACCENT-II-LC-SEDAN-4D-FACELIFT-01	HIGH	改款后外廓。	READY
15380_3dr_prefl	15380	Hatchback	Accent II	LC	3	EU-HYUNDAI-ACCENT-II-LC-HATCHBACK-3D-PREFL-01	HIGH	三门改款前外廓。	READY
15380_5dr_prefl	15380	Hatchback	Accent II	LC	5	EU-HYUNDAI-ACCENT-II-LC-HATCHBACK-5D-PREFL-01	HIGH	五门改款前外廓。	READY
16590_3dr_prefl	16590	Hatchback	Accent II	LC	3	EU-HYUNDAI-ACCENT-II-LC-HATCHBACK-3D-PREFL-01	HIGH	三门改款前外廓。	READY
16590_5dr_prefl	16590	Hatchback	Accent II	LC	5	EU-HYUNDAI-ACCENT-II-LC-HATCHBACK-5D-PREFL-01	HIGH	五门改款前外廓。	READY
16590_3dr_facelift	16590	Hatchback	Accent II	LC	3	EU-HYUNDAI-ACCENT-II-LC-HATCHBACK-3D-FACELIFT-01	HIGH	三门改款后外廓。	READY
16590_5dr_facelift	16590	Hatchback	Accent II	LC	5	EU-HYUNDAI-ACCENT-II-LC-HATCHBACK-5D-FACELIFT-01	HIGH	五门改款后外廓。	READY
16721_prefl	16721	Sedan	Accent II	LC	4	EU-HYUNDAI-ACCENT-II-LC-SEDAN-4D-PREFL-01	HIGH	改款前外廓。	READY
16721_facelift	16721	Sedan	Accent II	LC	4	EU-HYUNDAI-ACCENT-II-LC-SEDAN-4D-FACELIFT-01	HIGH	改款后外廓。	READY
55825	55825	Sedan	Accent II	LC	4	EU-HYUNDAI-ACCENT-II-LC-SEDAN-4D-PREFL-01	HIGH	改款前外廓。	READY
17767_3dr_facelift	17767	Hatchback	Accent II	LC	3	EU-HYUNDAI-ACCENT-II-LC-HATCHBACK-3D-FACELIFT-01	HIGH	三门改款后外廓。	READY
17767_5dr_facelift	17767	Hatchback	Accent II	LC	5	EU-HYUNDAI-ACCENT-II-LC-HATCHBACK-5D-FACELIFT-01	HIGH	五门改款后外廓。	READY
17769	17769	Sedan	Accent II	LC	4	EU-HYUNDAI-ACCENT-II-LC-SEDAN-4D-FACELIFT-01	HIGH	改款后外廓。	READY
16811_3dr_prefl	16811	Hatchback	Accent II	LC	3	EU-HYUNDAI-ACCENT-II-LC-HATCHBACK-3D-PREFL-01	HIGH	三门改款前外廓。	READY
16811_5dr_prefl	16811	Hatchback	Accent II	LC	5	EU-HYUNDAI-ACCENT-II-LC-HATCHBACK-5D-PREFL-01	HIGH	五门改款前外廓。	READY
16811_3dr_facelift	16811	Hatchback	Accent II	LC	3	EU-HYUNDAI-ACCENT-II-LC-HATCHBACK-3D-FACELIFT-01	HIGH	三门改款后外廓。	READY
16811_5dr_facelift	16811	Hatchback	Accent II	LC	5	EU-HYUNDAI-ACCENT-II-LC-HATCHBACK-5D-FACELIFT-01	HIGH	五门改款后外廓。	READY
18695_prefl	18695	Sedan	Accent II	LC	4	EU-HYUNDAI-ACCENT-II-LC-SEDAN-4D-PREFL-01	HIGH	改款前外廓。	READY
18695_facelift	18695	Sedan	Accent II	LC	4	EU-HYUNDAI-ACCENT-II-LC-SEDAN-4D-FACELIFT-01	HIGH	改款后外廓。	READY
55641	55641	Sedan	Accent IV		4	EU-HYUNDAI-ACCENT-IV-SEDAN-4D-01	HIGH		READY
106316	106316	Sedan	Accent IV		4	EU-HYUNDAI-ACCENT-IV-SEDAN-4D-01	HIGH		READY
55642	55642	Sedan	Accent IV		4	EU-HYUNDAI-ACCENT-IV-SEDAN-4D-01	HIGH		READY
55644	55644	Sedan	Accent IV		4	EU-HYUNDAI-ACCENT-IV-SEDAN-4D-01	HIGH		READY
55645	55645	Sedan	Accent IV		4	EU-HYUNDAI-ACCENT-IV-SEDAN-4D-01	HIGH		READY
109977	109977	Sedan	Accent IV		4	EU-HYUNDAI-ACCENT-IV-SEDAN-4D-01	HIGH		READY
16169	16169	Hatchback	Atos I		5	EU-HYUNDAI-ATOS-I-HATCHBACK-5D-01	HIGH		READY
145128	145128	SUV	Bayon I		5	EU-HYUNDAI-BAYON-I-SUV-5D-PREFL-01	MEDIUM	2021首发外廓；2024改款由后续新Ktype承接。	READY
802506	802506	SUV	Bayon I		5	EU-HYUNDAI-BAYON-I-SUV-5D-FACELIFT-01	HIGH	2024改款外廓。	READY
145129	145129	SUV	Bayon I		5	EU-HYUNDAI-BAYON-I-SUV-5D-PREFL-01	MEDIUM	2021首发外廓；2024改款由后续新Ktype承接。	READY
145131	145131	SUV	Bayon I		5	EU-HYUNDAI-BAYON-I-SUV-5D-PREFL-01	MEDIUM	2021首发外廓；2024改款由后续新Ktype承接。	READY
154573	154573	SUV	Bayon I		5	EU-HYUNDAI-BAYON-I-SUV-5D-PREFL-01	MEDIUM	2021首发外廓；2024改款由后续新Ktype承接。	READY
145123	145123	SUV	Bayon I		5	EU-HYUNDAI-BAYON-I-SUV-5D-PREFL-01	MEDIUM	2021首发外廓；2024改款由后续新Ktype承接。	READY
801327	801327	SUV	Bayon I		5	EU-HYUNDAI-BAYON-I-SUV-5D-FACELIFT-01	HIGH	2024改款外廓。	READY
145517	145517	SUV	Bayon I		5	EU-HYUNDAI-BAYON-I-SUV-5D-PREFL-01	MEDIUM	2021首发外廓；2024改款由后续新Ktype承接。	READY
121109	121109	SUV	Creta I		5	EU-HYUNDAI-CRETA-I-SUV-5D-01	HIGH		READY
15127_prefl	15127	Hatchback	Elantra III	XD	5	EU-HYUNDAI-ELANTRA-III-XD-HATCHBACK-5D-PREFL-01	HIGH	改款前外廓。	READY
15127_facelift	15127	Hatchback	Elantra III	XD	5	EU-HYUNDAI-ELANTRA-III-XD-HATCHBACK-5D-FACELIFT-01	HIGH	2003改款后外廓。	READY
15129_prefl	15129	Sedan	Elantra III	XD	4	EU-HYUNDAI-ELANTRA-III-XD-SEDAN-4D-PREFL-01	HIGH	改款前外廓。	READY
15129_facelift	15129	Sedan	Elantra III	XD	4	EU-HYUNDAI-ELANTRA-III-XD-SEDAN-4D-FACELIFT-01	HIGH	2003改款后外廓。	READY
17570	17570	Sedan	Elantra III	XD	4	EU-HYUNDAI-ELANTRA-III-XD-SEDAN-4D-FACELIFT-01	HIGH	2003改款后外廓。	READY
17571	17571	Hatchback	Elantra III	XD	5	EU-HYUNDAI-ELANTRA-III-XD-HATCHBACK-5D-FACELIFT-01	HIGH	2003改款后外廓。	READY
15948_prefl	15948	Sedan	Elantra III	XD	4	EU-HYUNDAI-ELANTRA-III-XD-SEDAN-4D-PREFL-01	HIGH	改款前外廓。	READY
15948_facelift	15948	Sedan	Elantra III	XD	4	EU-HYUNDAI-ELANTRA-III-XD-SEDAN-4D-FACELIFT-01	HIGH	2003改款后外廓。	READY
15949_prefl	15949	Hatchback	Elantra III	XD	5	EU-HYUNDAI-ELANTRA-III-XD-HATCHBACK-5D-PREFL-01	HIGH	改款前外廓。	READY
15949_facelift	15949	Hatchback	Elantra III	XD	5	EU-HYUNDAI-ELANTRA-III-XD-HATCHBACK-5D-FACELIFT-01	HIGH	2003改款后外廓。	READY
15128_prefl	15128	Hatchback	Elantra III	XD	5	EU-HYUNDAI-ELANTRA-III-XD-HATCHBACK-5D-PREFL-01	HIGH	改款前外廓。	READY
15128_facelift	15128	Hatchback	Elantra III	XD	5	EU-HYUNDAI-ELANTRA-III-XD-HATCHBACK-5D-FACELIFT-01	HIGH	2003改款后外廓。	READY
15130_prefl	15130	Sedan	Elantra III	XD	4	EU-HYUNDAI-ELANTRA-III-XD-SEDAN-4D-PREFL-01	HIGH	改款前外廓。	READY
15130_facelift	15130	Sedan	Elantra III	XD	4	EU-HYUNDAI-ELANTRA-III-XD-SEDAN-4D-FACELIFT-01	HIGH	2003改款后外廓。	READY
15950_prefl	15950	Sedan	Elantra III	XD	4	EU-HYUNDAI-ELANTRA-III-XD-SEDAN-4D-PREFL-01	HIGH	改款前外廓。	READY
15950_facelift	15950	Sedan	Elantra III	XD	4	EU-HYUNDAI-ELANTRA-III-XD-SEDAN-4D-FACELIFT-01	HIGH	2003改款后外廓。	READY
15951_prefl	15951	Hatchback	Elantra III	XD	5	EU-HYUNDAI-ELANTRA-III-XD-HATCHBACK-5D-PREFL-01	HIGH	改款前外廓。	READY
15951_facelift	15951	Hatchback	Elantra III	XD	5	EU-HYUNDAI-ELANTRA-III-XD-HATCHBACK-5D-FACELIFT-01	HIGH	2003改款后外廓。	READY
17496	17496	Sedan	Elantra III	XD	4	EU-HYUNDAI-ELANTRA-III-XD-SEDAN-4D-FACELIFT-01	HIGH	2003改款后外廓。	READY
17497	17497	Hatchback	Elantra III	XD	5	EU-HYUNDAI-ELANTRA-III-XD-HATCHBACK-5D-FACELIFT-01	HIGH	2003改款后外廓。	READY
15971_prefl	15971	Hatchback	Elantra III	XD	5	EU-HYUNDAI-ELANTRA-III-XD-HATCHBACK-5D-PREFL-01	HIGH	改款前外廓。	READY
15971_facelift	15971	Hatchback	Elantra III	XD	5	EU-HYUNDAI-ELANTRA-III-XD-HATCHBACK-5D-FACELIFT-01	HIGH	2003改款后外廓。	READY
15972_prefl	15972	Sedan	Elantra III	XD	4	EU-HYUNDAI-ELANTRA-III-XD-SEDAN-4D-PREFL-01	HIGH	改款前外廓。	READY
15972_facelift	15972	Sedan	Elantra III	XD	4	EU-HYUNDAI-ELANTRA-III-XD-SEDAN-4D-FACELIFT-01	HIGH	2003改款后外廓。	READY
110520	110520	Sedan	Elantra IV	HD	4	EU-HYUNDAI-ELANTRA-IV-HD-SEDAN-4D-01	HIGH		READY
18892	18892	Sedan	Elantra IV	HD	4	EU-HYUNDAI-ELANTRA-IV-HD-SEDAN-4D-01	HIGH		READY
55681_prefl	55681	Sedan	Elantra V	MD	4	EU-HYUNDAI-ELANTRA-V-MD-SEDAN-4D-PREFL-01	HIGH	2013改款前外廓。	READY
55681_facelift	55681	Sedan	Elantra V	MD	4	EU-HYUNDAI-ELANTRA-V-MD-SEDAN-4D-FACELIFT-01	HIGH	2013改款后外廓。	READY
58679_prefl	58679	Sedan	Elantra V	MD	4	EU-HYUNDAI-ELANTRA-V-MD-SEDAN-4D-PREFL-01	HIGH	2013改款前外廓。	READY
58679_facelift	58679	Sedan	Elantra V	MD	4	EU-HYUNDAI-ELANTRA-V-MD-SEDAN-4D-FACELIFT-01	HIGH	2013改款后外廓。	READY
17255_prefl	17255	Sedan	Elantra V	MD	4	EU-HYUNDAI-ELANTRA-V-MD-SEDAN-4D-PREFL-01	HIGH	2013改款前外廓。	READY
17255_facelift	17255	Sedan	Elantra V	MD	4	EU-HYUNDAI-ELANTRA-V-MD-SEDAN-4D-FACELIFT-01	HIGH	2013改款后外廓。	READY
128261_prefl	128261	Sedan	Elantra VI	AD	4	EU-HYUNDAI-ELANTRA-VI-AD-SEDAN-4D-PREFL-01	HIGH	2019改款前外廓。	READY
128261_facelift	128261	Sedan	Elantra VI	AD	4	EU-HYUNDAI-ELANTRA-VI-AD-SEDAN-4D-FACELIFT-01	HIGH	2019改款后外廓。	READY
119635_prefl	119635	Sedan	Elantra VI	AD	4	EU-HYUNDAI-ELANTRA-VI-AD-SEDAN-4D-PREFL-01	HIGH	2019改款前外廓。	READY
119635_facelift	119635	Sedan	Elantra VI	AD	4	EU-HYUNDAI-ELANTRA-VI-AD-SEDAN-4D-FACELIFT-01	HIGH	2019改款后外廓。	READY
128002_prefl	128002	Sedan	Elantra VI	AD	4	EU-HYUNDAI-ELANTRA-VI-AD-SEDAN-4D-PREFL-01	HIGH	2019改款前外廓。	READY
128002_facelift	128002	Sedan	Elantra VI	AD	4	EU-HYUNDAI-ELANTRA-VI-AD-SEDAN-4D-FACELIFT-01	HIGH	2019改款后外廓。	READY
123947_prefl	123947	Sedan	Elantra VI	AD	4	EU-HYUNDAI-ELANTRA-VI-AD-SR-SEDAN-4D-PREFL-01	HIGH	SR Turbo改款前外廓。	READY
123947_facelift	123947	Sedan	Elantra VI	AD	4	EU-HYUNDAI-ELANTRA-VI-AD-SR-SEDAN-4D-FACELIFT-01	HIGH	SR Turbo改款后外廓。	READY
54904_prefl	54904	Sedan	Equus II	VI	4	EU-HYUNDAI-EQUUS-II-VI-SEDAN-4D-PREFL-01	HIGH	2014改款前外廓。	READY
54904_facelift	54904	Sedan	Equus II	VI	4	EU-HYUNDAI-EQUUS-II-VI-SEDAN-4D-FACELIFT-01	HIGH	2014改款后外廓。	READY
111963_prefl	111963	Sedan	Equus I pre-facelift		4	EU-HYUNDAI-EQUUS-I-SEDAN-PREFL-01	MEDIUM	Ktype生产区间覆盖2003年改款前四门外廓。	READY
111963_facelift	111963	Sedan	Equus I facelift		4	EU-HYUNDAI-EQUUS-I-SEDAN-FACELIFT-01	MEDIUM	Ktype生产区间覆盖2003年改款后四门外廓。	READY
54907	54907	Sedan	Equus II		4	EU-HYUNDAI-EQUUS-II-SEDAN-01	HIGH	第二代四门标准轴距外廓。	READY
54905	54905	Sedan	Equus II		4	EU-HYUNDAI-EQUUS-II-SEDAN-01	HIGH	第二代四门标准轴距外廓。	READY
54906	54906	Sedan	Equus II		4	EU-HYUNDAI-EQUUS-II-SEDAN-01	HIGH	第二代四门标准轴距外廓。	READY
16943_swb	16943	SUV	Galloper II		3	EU-HYUNDAI-GALLOPER-II-SUV-SWB-01	MEDIUM	三门短轴外廓。	READY
16943_lwb	16943	SUV	Galloper II		5	EU-HYUNDAI-GALLOPER-II-SUV-LWB-01	MEDIUM	五门长轴外廓。	READY
15145_swb	15145	SUV	Galloper II		3	EU-HYUNDAI-GALLOPER-II-SUV-SWB-01	MEDIUM	三门短轴外廓。	READY
15145_lwb	15145	SUV	Galloper II		5	EU-HYUNDAI-GALLOPER-II-SUV-LWB-01	MEDIUM	五门长轴外廓。	READY
15144_swb	15144	SUV	Galloper II		3	EU-HYUNDAI-GALLOPER-II-SUV-SWB-01	MEDIUM	三门短轴外廓。	READY
15144_lwb	15144	SUV	Galloper II		5	EU-HYUNDAI-GALLOPER-II-SUV-LWB-01	MEDIUM	五门长轴外廓。	READY
117566	117566	Coupe	Genesis Coupe I facelift	BK	2	EU-HYUNDAI-GENESIS-COUPE-I-FACELIFT-2D-01	HIGH	BK改款双门Coupe外廓。	READY
55398	55398	Coupe	Genesis Coupe I facelift	BK	2	EU-HYUNDAI-GENESIS-COUPE-I-FACELIFT-2D-01	HIGH	BK改款双门Coupe外廓。	READY
59400	59400	Coupe	Genesis Coupe I facelift	BK	2	EU-HYUNDAI-GENESIS-COUPE-I-FACELIFT-2D-01	HIGH	BK改款双门Coupe外廓。	READY
108015	108015	Sedan	Genesis II	DH	4	EU-HYUNDAI-GENESIS-II-SEDAN-4D-01	HIGH	DH四门Sedan外廓。	READY
108016	108016	Sedan	Genesis II	DH	4	EU-HYUNDAI-GENESIS-II-SEDAN-4D-01	HIGH	DH四门Sedan外廓。	READY
111966_prefl	111966	Sedan	Genesis I pre-facelift	BH	4	EU-HYUNDAI-GENESIS-I-SEDAN-PREFL-01	MEDIUM	Ktype生产区间覆盖改款前外廓。	READY
111966_facelift	111966	Sedan	Genesis I facelift	BH	4	EU-HYUNDAI-GENESIS-I-SEDAN-FACELIFT-01	MEDIUM	Ktype生产区间覆盖改款后外廓。	READY
111979_prefl	111979	Sedan	Genesis I pre-facelift	BH	4	EU-HYUNDAI-GENESIS-I-SEDAN-PREFL-01	MEDIUM	Ktype生产区间覆盖改款前外廓。	READY
111979_facelift	111979	Sedan	Genesis I facelift	BH	4	EU-HYUNDAI-GENESIS-I-SEDAN-FACELIFT-01	MEDIUM	Ktype生产区间覆盖改款后外廓。	READY
53682	53682	Sedan	Genesis I facelift	BH	4	EU-HYUNDAI-GENESIS-I-SEDAN-FACELIFT-01	HIGH	3.8 GDI对应改款后四门外廓。	READY
116891	116891	Sedan	Genesis II	DH	4	EU-HYUNDAI-GENESIS-II-SEDAN-4D-01	HIGH	DH四门Sedan外廓。	READY
108014	108014	Sedan	Genesis II	DH	4	EU-HYUNDAI-GENESIS-II-SEDAN-4D-01	HIGH	DH四门Sedan外廓。	READY
52428_prefl	52428	Sedan	Genesis I pre-facelift	BH	4	EU-HYUNDAI-GENESIS-I-SEDAN-PREFL-01	MEDIUM	Ktype生产区间覆盖改款前外廓。	READY
52428_facelift	52428	Sedan	Genesis I facelift	BH	4	EU-HYUNDAI-GENESIS-I-SEDAN-FACELIFT-01	MEDIUM	Ktype生产区间覆盖改款后外廓。	READY
55397	55397	Coupe	Genesis Coupe I facelift	BK	2	EU-HYUNDAI-GENESIS-COUPE-I-FACELIFT-2D-01	HIGH	BK改款双门Coupe外廓。	READY
59399	59399	Coupe	Genesis Coupe I facelift	BK	2	EU-HYUNDAI-GENESIS-COUPE-I-FACELIFT-2D-01	HIGH	BK改款双门Coupe外廓。	READY
16978_3dr	16978	Hatchback	Getz I pre-facelift	TB	3	EU-HYUNDAI-GETZ-I-HATCHBACK-3D-PREFL-01	MEDIUM	TB改款前三门外廓。	READY
16978_5dr	16978	Hatchback	Getz I pre-facelift	TB	5	EU-HYUNDAI-GETZ-I-HATCHBACK-5D-PREFL-01	MEDIUM	TB改款前五门外廓。	READY
18027_3dr	18027	Hatchback	Getz I pre-facelift	TB	3	EU-HYUNDAI-GETZ-I-HATCHBACK-3D-PREFL-01	MEDIUM	TB改款前三门外廓。	READY
18027_5dr	18027	Hatchback	Getz I pre-facelift	TB	5	EU-HYUNDAI-GETZ-I-HATCHBACK-5D-PREFL-01	MEDIUM	TB改款前五门外廓。	READY
16813_3dr	16813	Hatchback	Getz I pre-facelift	TB	3	EU-HYUNDAI-GETZ-I-HATCHBACK-3D-PREFL-01	MEDIUM	TB改款前三门外廓。	READY
16813_5dr	16813	Hatchback	Getz I pre-facelift	TB	5	EU-HYUNDAI-GETZ-I-HATCHBACK-5D-PREFL-01	MEDIUM	TB改款前五门外廓。	READY
16814_3dr	16814	Hatchback	Getz I pre-facelift	TB	3	EU-HYUNDAI-GETZ-I-HATCHBACK-3D-PREFL-01	MEDIUM	TB改款前三门外廓。	READY
16814_5dr	16814	Hatchback	Getz I pre-facelift	TB	5	EU-HYUNDAI-GETZ-I-HATCHBACK-5D-PREFL-01	MEDIUM	TB改款前五门外廓。	READY
16812_3dr	16812	Hatchback	Getz I pre-facelift	TB	3	EU-HYUNDAI-GETZ-I-HATCHBACK-3D-PREFL-01	MEDIUM	TB改款前三门外廓。	READY
16812_5dr	16812	Hatchback	Getz I pre-facelift	TB	5	EU-HYUNDAI-GETZ-I-HATCHBACK-5D-PREFL-01	MEDIUM	TB改款前五门外廓。	READY
57620	57620	Van	H100 / Grace I	P		EU-HYUNDAI-H100-GRACE-I-VAN-01	MEDIUM	Grace/H100封闭式货运外廓。	READY
117567	117567	Van	H100 / Grace I	P		EU-HYUNDAI-H100-GRACE-I-VAN-01	MEDIUM	Grace/H100封闭式货运外廓。	READY
116960	116960	SUV	Grand Santa Fe III	NC	5	EU-HYUNDAI-GRAND-SANTA-FE-III-SUV-01	HIGH	NC长轴五门SUV外廓。	READY
100972	100972	SUV	Grand Santa Fe III	NC	5	EU-HYUNDAI-GRAND-SANTA-FE-III-SUV-01	HIGH	NC长轴五门SUV外廓。	READY
111975	111975	Sedan	Grandeur IV	TG	4	EU-HYUNDAI-GRANDEUR-IV-SEDAN-01	HIGH	TG四门Sedan外廓。	READY
154669	154669	Sedan	Grandeur VII	GN7	4	EU-HYUNDAI-GRANDEUR-VII-SEDAN-01	HIGH	GN7四门Hybrid Sedan外廓。	READY
111980	111980	Sedan	Grandeur V	HG	4	EU-HYUNDAI-GRANDEUR-V-SEDAN-01	HIGH	HG四门Sedan外廓。	READY
111981	111981	Sedan	Grandeur V	HG	4	EU-HYUNDAI-GRANDEUR-V-SEDAN-01	HIGH	HG四门Sedan外廓。	READY
14737	14737	Van	H-1 I	A1	4	EU-HYUNDAI-H1-I-VAN-LWB-01	HIGH	A1长轴封闭式货运外廓。	READY
17758	17758	Van	H-1 I	A1	4	EU-HYUNDAI-H1-I-VAN-LWB-01	HIGH	A1长轴封闭式货运外廓。	READY
14736	14736	Van	H-1 I	A1	4	EU-HYUNDAI-H1-I-VAN-LWB-01	MEDIUM	A1长轴封闭式货运外廓。	READY
15381	15381	Van	H-1 I	A1	4	EU-HYUNDAI-H1-I-VAN-LWB-01	HIGH	A1长轴封闭式货运外廓。	READY
17466	17466	Van	H-1 I	A1	4	EU-HYUNDAI-H1-I-VAN-LWB-01	HIGH	A1长轴封闭式货运外廓。	READY
54936	54936	MPV	H-1 I	A1	4	EU-HYUNDAI-H1-I-MPV-LWB-01	HIGH	A1长轴乘用Bus外廓。	READY
55576	55576	Van	H-1 II	TQ		EU-HYUNDAI-H1-II-VAN-CARGO-01	HIGH	TQ Cargo货运外廓。	READY
55577	55577	Van	H-1 II	TQ		EU-HYUNDAI-H1-II-VAN-CARGO-01	HIGH	TQ Cargo货运外廓。	READY
55578	55578	Van	H-1 II	TQ		EU-HYUNDAI-H1-II-VAN-CARGO-01	HIGH	TQ Cargo货运外廓。	READY
34959	34959	MPV	H-1 II	TQ	5	EU-HYUNDAI-H1-II-MPV-TRAVEL-01	HIGH	TQ Travel乘用外廓。	READY
11235	11235	MPV	H-1 II	TQ	5	EU-HYUNDAI-H1-II-MPV-TRAVEL-01	HIGH	TQ Travel乘用外廓。	READY
56114	56114	MPV	H-1 II	TQ	5	EU-HYUNDAI-H1-II-MPV-TRAVEL-01	HIGH	TQ Travel乘用外廓。	READY
57267	57267	MPV	H-1 II	TQ	5	EU-HYUNDAI-H1-II-MPV-TRAVEL-01	HIGH	TQ Travel乘用外廓。	READY
107665	107665	MPV	H-1 II	TQ	5	EU-HYUNDAI-H1-II-MPV-TRAVEL-01	HIGH	TQ Travel乘用外廓。	READY
14192	14192	MPV	H100 / Grace I	P		EU-HYUNDAI-H100-GRACE-I-MPV-01	MEDIUM	H100/Grace乘用Bus外廓。	READY
113299	113299	Van	H100 / Grace I	P		EU-HYUNDAI-H100-GRACE-I-VAN-01	MEDIUM	H100/Grace封闭式货运外廓。	READY
55625	55625	Pickup	H100 II / Porter II	HR	2	EU-HYUNDAI-H100-II-PICKUP-STDCAB-LWB-01	MEDIUM	HR标准驾驶室长轴低货台外廓。	READY
8169	8169	MPV	H100 / Grace I	P		EU-HYUNDAI-H100-GRACE-I-MPV-01	MEDIUM	H100/Grace乘用Bus外廓。	READY
10559	10559	Van	H100 / Grace I	P		EU-HYUNDAI-H100-GRACE-I-VAN-01	MEDIUM	H100/Grace封闭式货运外廓。	READY
10560	10560	Van	H100 / Grace I	P		EU-HYUNDAI-H100-GRACE-I-VAN-01	MEDIUM	H100/Grace封闭式货运外廓。	READY
15919	15919	MPV	H100 / Grace I	P		EU-HYUNDAI-H100-GRACE-I-MPV-01	MEDIUM	H100/Grace乘用Bus外廓。	READY
56036	56036	Van	H100 / Grace I	P		EU-HYUNDAI-H100-GRACE-I-VAN-01	MEDIUM	H100/Grace封闭式货运外廓。	READY
113116	113116	MPV	H350			EU-HYUNDAI-H350-BUS-LWB-01	HIGH	H350中轴Bus外廓。	READY
113118	113118	MPV	H350			EU-HYUNDAI-H350-BUS-LWB-01	HIGH	H350中轴Bus外廓。	READY
113119_swb	113119	Van	H350			EU-HYUNDAI-H350-VAN-SWB-01	HIGH	H350短轴封闭式货运车外廓。	READY
113119_lwb	113119	Van	H350			EU-HYUNDAI-H350-VAN-LWB-01	HIGH	H350中轴封闭式货运车外廓。	READY
113120_swb	113120	Van	H350			EU-HYUNDAI-H350-VAN-SWB-01	HIGH	H350短轴封闭式货运车外廓。	READY
113120_lwb	113120	Van	H350			EU-HYUNDAI-H350-VAN-LWB-01	HIGH	H350中轴封闭式货运车外廓。	READY
113122_lwb	113122	Pickup	H350			EU-HYUNDAI-H350-CHASSIS-LWB-01	HIGH	170 PS底盘车中轴驾驶室外廓。	READY
113123_swb	113123	Pickup	H350			EU-HYUNDAI-H350-CHASSIS-SWB-01	HIGH	150 PS底盘车短轴驾驶室外廓。	READY
113123_lwb	113123	Pickup	H350			EU-HYUNDAI-H350-CHASSIS-LWB-01	HIGH	150 PS底盘车中轴驾驶室外廓。	READY
120007	120007	MPV	Trajet I	FO	5	EU-HYUNDAI-TRAJET-I-MPV-01	HIGH	FO五门Highway Van外廓。	READY
120008	120008	MPV	Trajet I	FO	5	EU-HYUNDAI-TRAJET-I-MPV-01	HIGH	FO五门Highway Van外廓。	READY
10161_prefl	10161	Coupe	Coupe I pre-facelift	RD	3	EU-HYUNDAI-COUPE-I-COUPE-3D-PREFL-01	MEDIUM	Ktype生产区间覆盖RD改款前三门外廓。	READY
10161_facelift	10161	Coupe	Coupe I facelift	RD	3	EU-HYUNDAI-COUPE-I-COUPE-3D-FACELIFT-01	MEDIUM	Ktype生产区间覆盖RD改款后三门外廓。	READY
11139_prefl	11139	Coupe	Coupe I pre-facelift	RD	3	EU-HYUNDAI-COUPE-I-COUPE-3D-PREFL-01	MEDIUM	Ktype生产区间覆盖RD改款前三门外廓。	READY
11139_facelift	11139	Coupe	Coupe I facelift	RD	3	EU-HYUNDAI-COUPE-I-COUPE-3D-FACELIFT-01	MEDIUM	Ktype生产区间覆盖RD改款后三门外廓。	READY
55793	55793	Coupe	Coupe I facelift	RD	3	EU-HYUNDAI-COUPE-I-COUPE-3D-FACELIFT-01	HIGH	RD改款后三门外廓。	READY
16168	16168	Coupe	Coupe I facelift	RD	3	EU-HYUNDAI-COUPE-I-COUPE-3D-FACELIFT-01	HIGH	RD改款后三门外廓。	READY
59401	59401	Hatchback	i10 I	PA	5	EU-HYUNDAI-I10-I-HATCHBACK-5D-01	HIGH	PA五门外廓。	READY
120679	120679	Hatchback	i10 I	PA	5	EU-HYUNDAI-I10-I-HATCHBACK-5D-01	MEDIUM	PA五门外廓。	READY
14034	14034	Hatchback	i10 I	PA	5	EU-HYUNDAI-I10-I-HATCHBACK-5D-01	MEDIUM	PA五门外廓。	READY
100581	100581	Hatchback	i10 II	IA	5	EU-HYUNDAI-I10-II-HATCHBACK-5D-01	HIGH	IA五门外廓。	READY
100584	100584	Hatchback	i10 II	IA	5	EU-HYUNDAI-I10-II-HATCHBACK-5D-01	HIGH	IA五门外廓。	READY
115521	115521	Sedan	i10 II / Xcent	BA	4	EU-HYUNDAI-I10-II-SEDAN-4D-01	MEDIUM	BA四门Xcent Sedan外廓。	READY
100792	100792	Hatchback	i10 II	IA	5	EU-HYUNDAI-I10-II-HATCHBACK-5D-01	HIGH	IA五门外廓。	READY
800262	800262	Hatchback	i10 III		5	EU-HYUNDAI-I10-III-HATCHBACK-5D-01	HIGH	第三代五门标准外廓。	READY
800264	800264	Hatchback	i10 III		5	EU-HYUNDAI-I10-III-HATCHBACK-NLINE-01	HIGH	1.0 T-GDI对应N Line五门外廓。	READY
800263	800263	Hatchback	i10 III		5	EU-HYUNDAI-I10-III-HATCHBACK-5D-01	HIGH	第三代五门标准外廓。	READY
122142	122142	Hatchback	i20 II Active		5	EU-HYUNDAI-I20-II-HATCHBACK-ACTIVE-01	HIGH	Active加高五门外廓。	READY
122145	122145	Hatchback	i20 II Active		5	EU-HYUNDAI-I20-II-HATCHBACK-ACTIVE-01	HIGH	Active加高五门外廓。	READY
122150	122150	Hatchback	i20 II Active		5	EU-HYUNDAI-I20-II-HATCHBACK-ACTIVE-01	HIGH	Active加高五门外廓。	READY
57273_3dr	57273	Hatchback	i20 I facelift	PB	3	EU-HYUNDAI-I20-I-HATCHBACK-3D-FACELIFT-01	HIGH	PB改款后三门1.2外廓。	READY
57273_5dr	57273	Hatchback	i20 I facelift	PB	5	EU-HYUNDAI-I20-I-HATCHBACK-5D-FACELIFT-01	HIGH	PB改款后五门1.2外廓。	READY
57272	57272	Hatchback	i20 I facelift	PB	5	EU-HYUNDAI-I20-I-HATCHBACK-5D-FACELIFT-01	HIGH	PB改款后1.1 CRDi五门外廓。	READY
34801_prefl_3dr	34801	Hatchback	i20 I pre-facelift	PB	3	EU-HYUNDAI-I20-I-HATCHBACK-3D-PREFL-01	MEDIUM	Ktype生产区间覆盖PB改款前三门外廓。	READY
34801_prefl_5dr	34801	Hatchback	i20 I pre-facelift	PB	5	EU-HYUNDAI-I20-I-HATCHBACK-5D-PREFL-01	MEDIUM	Ktype生产区间覆盖PB改款前五门外廓。	READY
34801_facelift_5dr	34801	Hatchback	i20 I facelift	PB	5	EU-HYUNDAI-I20-I-HATCHBACK-5D-FACELIFT-01	MEDIUM	Ktype生产区间覆盖PB改款后1.4 CRDi五门外廓。	READY
59405_3dr	59405	Hatchback	i20 I pre-facelift	PB	3	EU-HYUNDAI-I20-I-HATCHBACK-3D-PREFL-01	MEDIUM	PB改款前1.6 CRDi三门外廓。	READY
59405_5dr	59405	Hatchback	i20 I pre-facelift	PB	5	EU-HYUNDAI-I20-I-HATCHBACK-5D-PREFL-01	MEDIUM	PB改款前1.6 CRDi五门外廓。	READY
108798	108798	Hatchback	i20 II		5	EU-HYUNDAI-I20-II-HATCHBACK-5D-01	HIGH	第二代五门外廓。	READY
108806	108806	Hatchback	i20 II		5	EU-HYUNDAI-I20-II-HATCHBACK-5D-01	HIGH	第二代五门外廓。	READY
121091	121091	Coupe	i20 II		3	EU-HYUNDAI-I20-II-COUPE-3D-01	HIGH	第二代三门Coupe独立外廓。	READY
108807	108807	Hatchback	i20 II		5	EU-HYUNDAI-I20-II-HATCHBACK-5D-01	HIGH	第二代五门外廓。	READY
114617	114617	Coupe	i20 II		3	EU-HYUNDAI-I20-II-COUPE-3D-01	HIGH	第二代三门Coupe独立外廓。	READY
118529	118529	Hatchback	i20 II		5	EU-HYUNDAI-I20-II-HATCHBACK-5D-01	HIGH	第二代五门外廓。	READY
118530	118530	Hatchback	i20 II		5	EU-HYUNDAI-I20-II-HATCHBACK-5D-01	HIGH	第二代五门外廓。	READY
108809	108809	Hatchback	i20 II		5	EU-HYUNDAI-I20-II-HATCHBACK-5D-01	HIGH	第二代五门外廓。	READY
121094	121094	Coupe	i20 II		3	EU-HYUNDAI-I20-II-COUPE-3D-01	HIGH	第二代三门Coupe独立外廓。	READY
108810	108810	Hatchback	i20 II		5	EU-HYUNDAI-I20-II-HATCHBACK-5D-01	HIGH	第二代五门外廓。	READY
114618	114618	Coupe	i20 II		3	EU-HYUNDAI-I20-II-COUPE-3D-01	HIGH	第二代三门Coupe独立外廓。	READY
159193	159193	Hatchback	i20 III		5	EU-HYUNDAI-I20-III-HATCHBACK-5D-02	HIGH	第三代五门改款后标准外廓。	READY
802507	802507	Hatchback	i20 III		5	EU-HYUNDAI-I20-III-HATCHBACK-5D-02	MEDIUM	2025年Ktype按第三代改款后标准五门外廓关联。	READY
801093	801093	Hatchback	i20 III		5	EU-HYUNDAI-I20-III-HATCHBACK-5D-02	HIGH	第三代五门改款后标准外廓。	READY
146414	146414	Hatchback	i20 III		5	EU-HYUNDAI-I20-III-HATCHBACK-5D-01	HIGH	第三代五门改款前标准外廓。	READY
145703	145703	Hatchback	i20 III		5	EU-HYUNDAI-I20-III-HATCHBACK-N-01	HIGH	N高性能版独立外廓。	READY
10609_prefl	10609	Wagon	i30 I	FD	5	EU-HYUNDAI-I30-I-FD-WAGON-PREFL-01	HIGH	改款前物理外廓。	READY
10609_facelift	10609	Wagon	i30 I	FD	5	EU-HYUNDAI-I30-I-FD-WAGON-FACELIFT-01	HIGH	改款后物理外廓。	READY
56798	56798	Wagon	i30 II	GD	5	EU-HYUNDAI-I30-II-GD-WAGON-01	HIGH		READY
59318	59318	Coupe	i30 II	GD	3	EU-HYUNDAI-I30-II-GD-COUPE-01	HIGH		READY
109978	109978	Wagon	i30 II	GD	5	EU-HYUNDAI-I30-II-GD-WAGON-01	HIGH		READY
111078	111078	Hatchback	i30 II	GD	5	EU-HYUNDAI-I30-II-GD-HATCHBACK-01	HIGH		READY
117970	117970	Coupe	i30 II	GD	3	EU-HYUNDAI-I30-II-GD-COUPE-01	HIGH		READY
55786	55786	Hatchback	i30 II	GD	5	EU-HYUNDAI-I30-II-GD-HATCHBACK-01	HIGH		READY
56799	56799	Wagon	i30 II	GD	5	EU-HYUNDAI-I30-II-GD-WAGON-01	HIGH		READY
56804	56804	Wagon	i30 II	GD	5	EU-HYUNDAI-I30-II-GD-WAGON-01	HIGH		READY
124834	124834	Hatchback	i30 III	PD	5	EU-HYUNDAI-I30-III-PD-HATCHBACK-01	HIGH		READY
127357	127357	Wagon	i30 III	PD	5	EU-HYUNDAI-I30-III-PD-WAGON-01	HIGH		READY
159195	159195	Hatchback	i30 III facelift 2024	PD	5	EU-HYUNDAI-I30-III-FL2024-HATCHBACK-H1455-01	HIGH		READY
159196	159196	Wagon	i30 III facelift 2024	PD	5	EU-HYUNDAI-I30-III-FL2024-WAGON-01	HIGH		READY
802827	802827	Hatchback	i30 III facelift 2024	PD	5	EU-HYUNDAI-I30-III-FL2024-HATCHBACK-H1465-01	MEDIUM	按该年款动力对应的已确认高车高外廓关联。	READY
802830	802830	Wagon	i30 III facelift 2024	PD	5	EU-HYUNDAI-I30-III-FL2024-WAGON-01	MEDIUM	按该年款动力对应的已确认旅行版外廓关联。	READY
801491	801491	Hatchback	i30 III facelift 2024	PD	5	EU-HYUNDAI-I30-III-FL2024-HATCHBACK-H1455-01	MEDIUM	按该年款动力对应的已确认低车高外廓关联。	READY
801952	801952	Wagon	i30 III facelift 2024	PD	5	EU-HYUNDAI-I30-III-FL2024-WAGON-01	MEDIUM	按该年款动力对应的已确认旅行版外廓关联。	READY
56801	56801	Wagon	i30 II	GD	5	EU-HYUNDAI-I30-II-GD-WAGON-01	HIGH		READY
59320	59320	Coupe	i30 II	GD	3	EU-HYUNDAI-I30-II-GD-COUPE-01	HIGH		READY
126883	126883	Hatchback	i30 III	PD	5	EU-HYUNDAI-I30-III-PD-HATCHBACK-01	HIGH		READY
128291	128291	Wagon	i30 III	PD	5	EU-HYUNDAI-I30-III-PD-WAGON-01	HIGH		READY
124836	124836	Hatchback	i30 III	PD	5	EU-HYUNDAI-I30-III-PD-HATCHBACK-01	HIGH		READY
127358	127358	Wagon	i30 III	PD	5	EU-HYUNDAI-I30-III-PD-WAGON-01	HIGH		READY
800065	800065	Wagon	i30 III facelift 2024	PD	5	EU-HYUNDAI-I30-III-FL2024-WAGON-01	HIGH		READY
800066	800066	Hatchback	i30 III facelift 2024	PD	5	EU-HYUNDAI-I30-III-FL2024-HATCHBACK-H1465-01	HIGH		READY
800067	800067	Hatchback	i30 III facelift 2024	PD	5	EU-HYUNDAI-I30-III-FL2024-HATCHBACK-H1465-01	HIGH		READY
159197	159197	Hatchback	i30 III facelift 2024	PD	5	EU-HYUNDAI-I30-III-FL2024-HATCHBACK-H1455-01	HIGH		READY
159198	159198	Wagon	i30 III facelift 2024	PD	5	EU-HYUNDAI-I30-III-FL2024-WAGON-01	HIGH		READY
801341	801341	Hatchback	i30 III facelift 2024	PD	5	EU-HYUNDAI-I30-III-FL2024-HATCHBACK-H1455-01	HIGH		READY
11146	11146	Hatchback	i30 I	FD	5	EU-HYUNDAI-I30-I-FD-HATCHBACK-FACELIFT-01	HIGH		READY
11147	11147	Wagon	i30 I	FD	5	EU-HYUNDAI-I30-I-FD-WAGON-FACELIFT-01	HIGH		READY
55571	55571	Hatchback	i30 II	GD	5	EU-HYUNDAI-I30-II-GD-HATCHBACK-01	HIGH		READY
56802	56802	Wagon	i30 II	GD	5	EU-HYUNDAI-I30-II-GD-WAGON-01	HIGH		READY
56803	56803	Wagon	i30 II	GD	5	EU-HYUNDAI-I30-II-GD-WAGON-01	HIGH		READY
56806	56806	Hatchback	i30 II	GD	5	EU-HYUNDAI-I30-II-GD-HATCHBACK-01	HIGH		READY
59321	59321	Coupe	i30 II	GD	3	EU-HYUNDAI-I30-II-GD-COUPE-01	HIGH		READY
109979	109979	Wagon	i30 II	GD	5	EU-HYUNDAI-I30-II-GD-WAGON-01	HIGH		READY
111071	111071	Hatchback	i30 II	GD	5	EU-HYUNDAI-I30-II-GD-HATCHBACK-01	HIGH		READY
117964	117964	Coupe	i30 II	GD	3	EU-HYUNDAI-I30-II-GD-COUPE-01	HIGH		READY
117967	117967	Coupe	i30 II	GD	3	EU-HYUNDAI-I30-II-GD-COUPE-01	HIGH		READY
124833	124833	Hatchback	i30 III	PD	5	EU-HYUNDAI-I30-III-PD-HATCHBACK-01	HIGH		READY
124837	124837	Hatchback	i30 III	PD	5	EU-HYUNDAI-I30-III-PD-HATCHBACK-01	HIGH		READY
124839	124839	Hatchback	i30 III	PD	5	EU-HYUNDAI-I30-III-PD-HATCHBACK-01	HIGH		READY
127359	127359	Wagon	i30 III	PD	5	EU-HYUNDAI-I30-III-PD-WAGON-01	HIGH		READY
127360	127360	Wagon	i30 III	PD	5	EU-HYUNDAI-I30-III-PD-WAGON-01	HIGH		READY
56800	56800	Wagon	i30 II	GD	5	EU-HYUNDAI-I30-II-GD-WAGON-01	HIGH		READY
59319	59319	Coupe	i30 II	GD	3	EU-HYUNDAI-I30-II-GD-COUPE-01	HIGH		READY
124009	124009	Coupe	i30 II	GD	3	EU-HYUNDAI-I30-II-GD-COUPE-01	HIGH		READY
109980	109980	Hatchback	i30 II	GD	5	EU-HYUNDAI-I30-II-GD-HATCHBACK-01	HIGH		READY
111156	111156	Coupe	i30 II	GD	3	EU-HYUNDAI-I30-II-GD-COUPE-01	HIGH		READY
801331	801331	Van	i30 II	GDE	5	EU-HYUNDAI-I30-II-GD-HATCHBACK-01	MEDIUM	GDE 五门厢式掀背外廓，与 GD 掀背尺寸组共用。	READY
802828	802828	Hatchback	i30 III facelift 2024	PD	5	EU-HYUNDAI-I30-III-FL2024-HATCHBACK-H1465-01	MEDIUM	按该年款动力对应的已确认高车高外廓关联。	READY
802829	802829	Wagon	i30 III facelift 2024	PD	5	EU-HYUNDAI-I30-III-FL2024-WAGON-01	MEDIUM	按该年款动力对应的已确认旅行版外廓关联。	READY
58603	58603	Hatchback	i30 I	FD	5	EU-HYUNDAI-I30-I-FD-HATCHBACK-PREFL-01	HIGH		READY
58604	58604	Wagon	i30 I	FD	5	EU-HYUNDAI-I30-I-FD-WAGON-PREFL-01	HIGH		READY
145004	145004	Hatchback	i30 III N	PD	5	EU-HYUNDAI-I30-III-N-PD-HATCHBACK-01	HIGH	2021 i30 N Performance Package 掀背外廓。	READY
145789	145789	Fastback	i30 III N Fastback	PDE	5	EU-HYUNDAI-I30-III-N-PDE-FASTBACK-01	HIGH	Ktype 对应五门 Fastback N，而非普通掀背外廓。	READY
55572_prefl	55572	Sedan	i40	VF	4	EU-HYUNDAI-I40-VF-SEDAN-PREFL-01	HIGH	改款前物理外廓。	READY
55572_facelift	55572	Sedan	i40	VF	4	EU-HYUNDAI-I40-VF-SEDAN-FACELIFT-01	HIGH	改款后物理外廓。	READY
55574_prefl	55574	Sedan	i40	VF	4	EU-HYUNDAI-I40-VF-SEDAN-PREFL-01	HIGH	改款前物理外廓。	READY
55574_facelift	55574	Sedan	i40	VF	4	EU-HYUNDAI-I40-VF-SEDAN-FACELIFT-01	HIGH	改款后物理外廓。	READY
55575_prefl	55575	Sedan	i40	VF	4	EU-HYUNDAI-I40-VF-SEDAN-PREFL-01	HIGH	改款前物理外廓。	READY
55575_facelift	55575	Sedan	i40	VF	4	EU-HYUNDAI-I40-VF-SEDAN-FACELIFT-01	HIGH	改款后物理外廓。	READY
115229	115229	Sedan	i40	VF	4	EU-HYUNDAI-I40-VF-SEDAN-FACELIFT-01	HIGH		READY
117569_prefl	117569	Sedan	i40	VF	4	EU-HYUNDAI-I40-VF-SEDAN-PREFL-01	HIGH	改款前物理外廓。	READY
117569_facelift	117569	Sedan	i40	VF	4	EU-HYUNDAI-I40-VF-SEDAN-FACELIFT-01	HIGH	改款后物理外廓。	READY
55573_prefl	55573	Sedan	i40	VF	4	EU-HYUNDAI-I40-VF-SEDAN-PREFL-01	HIGH	改款前物理外廓。	READY
55573_facelift	55573	Sedan	i40	VF	4	EU-HYUNDAI-I40-VF-SEDAN-FACELIFT-01	HIGH	改款后物理外廓。	READY
111080	111080	Sedan	i40	VF	4	EU-HYUNDAI-I40-VF-SEDAN-FACELIFT-01	HIGH		READY
10618_prefl	10618	Wagon	i40	VF	5	EU-HYUNDAI-I40-VF-WAGON-PREFL-01	HIGH	改款前物理外廓。	READY
10618_facelift	10618	Wagon	i40	VF	5	EU-HYUNDAI-I40-VF-WAGON-FACELIFT-01	HIGH	改款后物理外廓。	READY
10622_prefl	10622	Wagon	i40	VF	5	EU-HYUNDAI-I40-VF-WAGON-PREFL-01	HIGH	改款前物理外廓。	READY
10622_facelift	10622	Wagon	i40	VF	5	EU-HYUNDAI-I40-VF-WAGON-FACELIFT-01	HIGH	改款后物理外廓。	READY
10623_prefl	10623	Wagon	i40	VF	5	EU-HYUNDAI-I40-VF-WAGON-PREFL-01	HIGH	改款前物理外廓。	READY
10623_facelift	10623	Wagon	i40	VF	5	EU-HYUNDAI-I40-VF-WAGON-FACELIFT-01	HIGH	改款后物理外廓。	READY
113136	113136	Wagon	i40	VF	5	EU-HYUNDAI-I40-VF-WAGON-FACELIFT-01	HIGH		READY
117570_prefl	117570	Wagon	i40	VF	5	EU-HYUNDAI-I40-VF-WAGON-PREFL-01	HIGH	改款前物理外廓。	READY
117570_facelift	117570	Wagon	i40	VF	5	EU-HYUNDAI-I40-VF-WAGON-FACELIFT-01	HIGH	改款后物理外廓。	READY
10620_prefl	10620	Wagon	i40	VF	5	EU-HYUNDAI-I40-VF-WAGON-PREFL-01	HIGH	改款前物理外廓。	READY
10620_facelift	10620	Wagon	i40	VF	5	EU-HYUNDAI-I40-VF-WAGON-FACELIFT-01	HIGH	改款后物理外廓。	READY
115231	115231	Wagon	i40	VF	5	EU-HYUNDAI-I40-VF-WAGON-FACELIFT-01	HIGH		READY
18843	18843	Coupe	Coupe II	GK	3	EU-HYUNDAI-COUPE-II-GK-COUPE-01	HIGH		READY
18844	18844	Coupe	Coupe II	GK	3	EU-HYUNDAI-COUPE-II-GK-COUPE-01	HIGH		READY
17266	17266	Coupe	Coupe II	GK	3	EU-HYUNDAI-COUPE-II-GK-COUPE-01	HIGH		READY
800768	800768	Hatchback	Inster	AX1	5	EU-HYUNDAI-INSTER-AX1-HATCHBACK-H1575-01	HIGH		READY
800769_h1575	800769	Hatchback	Inster	AX1	5	EU-HYUNDAI-INSTER-AX1-HATCHBACK-H1575-01	HIGH	Long Range 的 INSTER 01 标准车高外廓。	READY
800769_h1610	800769	Hatchback	Inster	AX1	5	EU-HYUNDAI-INSTER-AX1-HATCHBACK-H1610-01	HIGH	Long Range 的 INSTER 02 17 英寸高车身外廓。	READY
120519	120519	Hatchback	Ioniq (AE)	AE	5	EU-HYUNDAI-IONIQ-AE-HATCHBACK-01	HIGH		READY
145292	145292	Hatchback	Ioniq (AE)	AE	5	EU-HYUNDAI-IONIQ-AE-HATCHBACK-01	HIGH		READY
120520	120520	Hatchback	Ioniq (AE)	AE	5	EU-HYUNDAI-IONIQ-AE-HATCHBACK-01	HIGH		READY
144143	144143	SUV	Ioniq 5	NE	5	EU-HYUNDAI-IONIQ-5-NE-SUV-PREFL-01	HIGH	输入掀背标签按 Ioniq 5 跨界 SUV 车身归一。	READY
144144	144144	SUV	Ioniq 5	NE	5	EU-HYUNDAI-IONIQ-5-NE-SUV-PREFL-01	HIGH	输入掀背标签按 Ioniq 5 跨界 SUV 车身归一。	READY
145667	145667	SUV	Ioniq 5	NE	5	EU-HYUNDAI-IONIQ-5-NE-SUV-PREFL-01	HIGH	输入掀背标签按 Ioniq 5 跨界 SUV 车身归一。	READY
151124	151124	SUV	Ioniq 5	NE	5	EU-HYUNDAI-IONIQ-5-NE-SUV-PREFL-01	HIGH	输入掀背标签按 Ioniq 5 跨界 SUV 车身归一。	READY
151126	151126	SUV	Ioniq 5	NE	5	EU-HYUNDAI-IONIQ-5-NE-SUV-PREFL-01	HIGH	输入掀背标签按 Ioniq 5 跨界 SUV 车身归一。	READY
161409	161409	SUV	Ioniq 9		5	EU-HYUNDAI-IONIQ-9-SUV-01	HIGH		READY
801318	801318	SUV	Ioniq 5	NE	5	EU-HYUNDAI-IONIQ-5-NE-SUV-PREFL-01	HIGH	输入掀背标签按 Ioniq 5 跨界 SUV 车身归一。	READY
802832	802832	SUV	Ioniq 5 facelift 2024	NE	5	EU-HYUNDAI-IONIQ-5-NE-SUV-FACELIFT-01	MEDIUM	按 2024 改款 Ioniq 5 外廓关联。	READY
144141	144141	SUV	Ioniq 5	NE	5	EU-HYUNDAI-IONIQ-5-NE-SUV-PREFL-01	HIGH	输入掀背标签按 Ioniq 5 跨界 SUV 车身归一。	READY
144142	144142	SUV	Ioniq 5	NE	5	EU-HYUNDAI-IONIQ-5-NE-SUV-PREFL-01	HIGH	输入掀背标签按 Ioniq 5 跨界 SUV 车身归一。	READY
145668	145668	SUV	Ioniq 5	NE	5	EU-HYUNDAI-IONIQ-5-NE-SUV-PREFL-01	HIGH	输入掀背标签按 Ioniq 5 跨界 SUV 车身归一。	READY
151129	151129	SUV	Ioniq 5	NE	5	EU-HYUNDAI-IONIQ-5-NE-SUV-PREFL-01	HIGH	输入掀背标签按 Ioniq 5 跨界 SUV 车身归一。	READY
161410	161410	SUV	Ioniq 9		5	EU-HYUNDAI-IONIQ-9-SUV-01	HIGH		READY
162084	162084	SUV	Ioniq 9		5	EU-HYUNDAI-IONIQ-9-SUV-01	HIGH		READY
162087	162087	SUV	Ioniq 9		5	EU-HYUNDAI-IONIQ-9-SUV-01	HIGH		READY
161411	161411	SUV	Ioniq 9		5	EU-HYUNDAI-IONIQ-9-SUV-01	HIGH		READY
162085	162085	SUV	Ioniq 9		5	EU-HYUNDAI-IONIQ-9-SUV-01	HIGH		READY
162086	162086	SUV	Ioniq 9		5	EU-HYUNDAI-IONIQ-9-SUV-01	HIGH		READY
156940	156940	SUV	Ioniq 5 N	NE	5	EU-HYUNDAI-IONIQ-5-N-NE-SUV-01	HIGH		READY
802730	802730	SUV	Ioniq 5 N	NE	5	EU-HYUNDAI-IONIQ-5-N-NE-SUV-01	MEDIUM		READY
10604_prefl	10604	MPV	ix20	JC	5	EU-HYUNDAI-IX20-JC-MPV-PREFL-01	HIGH	改款前物理外廓。	READY
10604_facelift	10604	MPV	ix20	JC	5	EU-HYUNDAI-IX20-JC-MPV-FACELIFT-01	HIGH	改款后物理外廓。	READY
10602_prefl	10602	MPV	ix20	JC	5	EU-HYUNDAI-IX20-JC-MPV-PREFL-01	MEDIUM	生产区间跨2015改款；改款前五门外廓。	READY
10602_facelift	10602	MPV	ix20	JC	5	EU-HYUNDAI-IX20-JC-MPV-FACELIFT-01	MEDIUM	生产区间跨2015改款；改款后五门外廓。	READY
59408_prefl	59408	MPV	ix20	JC	5	EU-HYUNDAI-IX20-JC-MPV-PREFL-01	MEDIUM	生产区间跨2015改款；改款前五门外廓。	READY
59408_facelift	59408	MPV	ix20	JC	5	EU-HYUNDAI-IX20-JC-MPV-FACELIFT-01	MEDIUM	生产区间跨2015改款；改款后五门外廓。	READY
125220	125220	SUV	ix35	LM	5	EU-HYUNDAI-IX35-LM-SUV-01	HIGH		READY
114089	114089	SUV	ix35	LM	5	EU-HYUNDAI-IX35-LM-SUV-01	HIGH		READY
128236	128236	SUV	ix35	LM	5	EU-HYUNDAI-IX35-LM-SUV-01	HIGH		READY
100807	100807	SUV	ix35	LM	5	EU-HYUNDAI-IX35-LM-SUV-01	HIGH		READY
100805	100805	SUV	ix35	LM	5	EU-HYUNDAI-IX35-LM-SUV-01	HIGH		READY
110519	110519	SUV	ix35	LM	5	EU-HYUNDAI-IX35-LM-SUV-01	HIGH		READY
142773	142773	Van	ix35	LM	5	EU-HYUNDAI-IX35-LM-SUV-01	MEDIUM	商用封窗/货运登记，复用LM乘用车身外廓。	READY
142776	142776	Van	ix35	LM	5	EU-HYUNDAI-IX35-LM-SUV-01	MEDIUM	商用封窗/货运登记，复用LM乘用车身外廓。	READY
143063	143063	Van	ix35	LM	5	EU-HYUNDAI-IX35-LM-SUV-01	MEDIUM	商用封窗/货运登记，复用LM乘用车身外廓。	READY
110481	110481	SUV	ix35	LM	5	EU-HYUNDAI-IX35-LM-SUV-FCEV-01	HIGH	燃料电池版独立外廓高度。	READY
109541	109541	SUV	ix35	LM	5	EU-HYUNDAI-IX35-LM-SUV-FCEV-01	HIGH	燃料电池版独立外廓高度。	READY
142769	142769	Van	ix35	LM	5	EU-HYUNDAI-IX35-LM-SUV-01	MEDIUM	商用封窗/货运登记，复用LM乘用车身外廓。	READY
12258	12258	SUV	ix55	EN	5	EU-HYUNDAI-IX55-EN-SUV-01	HIGH		READY
55399	55399	SUV	ix55	EN	5	EU-HYUNDAI-IX55-EN-SUV-01	HIGH		READY
55400	55400	SUV	ix55	EN	5	EU-HYUNDAI-IX55-EN-SUV-01	HIGH		READY
128293_prefl	128293	SUV	Kona I	OS	5	EU-HYUNDAI-KONA-I-OS-SUV-PREFL-01	MEDIUM	生产区间跨2020改款；改款前外廓。	READY
128293_facelift	128293	SUV	Kona I	OS	5	EU-HYUNDAI-KONA-I-OS-SUV-FACELIFT-01	MEDIUM	生产区间跨2020改款；改款后外廓。	READY
154502	154502	SUV	Kona II	SX2	5	EU-HYUNDAI-KONA-II-SX2-SUV-ICE-HEV-01	HIGH		READY
801332	801332	SUV	Kona II	SX2	5	EU-HYUNDAI-KONA-II-SX2-SUV-ICE-HEV-01	HIGH		READY
802217	802217	SUV	Kona II	SX2	5	EU-HYUNDAI-KONA-II-SX2-SUV-ICE-HEV-01	HIGH		READY
802519	802519	SUV	Kona II	SX2	5	EU-HYUNDAI-KONA-II-SX2-SUV-ICE-HEV-01	HIGH		READY
142767	142767	SUV	Kona I	OS	5	EU-HYUNDAI-KONA-I-OS-SUV-FACELIFT-01	HIGH		READY
153711	153711	SUV	Kona II	SX2	5	EU-HYUNDAI-KONA-II-SX2-SUV-ICE-HEV-01	HIGH		READY
801333	801333	SUV	Kona II	SX2	5	EU-HYUNDAI-KONA-II-SX2-SUV-ICE-HEV-01	HIGH		READY
142770	142770	SUV	Kona I	OS	5	EU-HYUNDAI-KONA-I-OS-SUV-FACELIFT-01	HIGH		READY
142777	142777	SUV	Kona I	OS	5	EU-HYUNDAI-KONA-I-OS-SUV-FACELIFT-01	HIGH		READY
801147	801147	SUV	Kona II	SX2	5	EU-HYUNDAI-KONA-II-SX2-SUV-ICE-HEV-01	HIGH		READY
128030	128030	SUV	Kona I	OS	5	EU-HYUNDAI-KONA-I-OS-SUV-PREFL-01	HIGH		READY
142772	142772	SUV	Kona I	OS	5	EU-HYUNDAI-KONA-I-OS-SUV-FACELIFT-01	HIGH		READY
154503	154503	SUV	Kona II	SX2	5	EU-HYUNDAI-KONA-II-SX2-SUV-ICE-HEV-01	HIGH		READY
801025	801025	SUV	Kona II	SX2	5	EU-HYUNDAI-KONA-II-SX2-SUV-ICE-HEV-01	HIGH		READY
801314	801314	SUV	Kona II	SX2	5	EU-HYUNDAI-KONA-II-SX2-SUV-ICE-HEV-01	HIGH		READY
802218	802218	SUV	Kona II	SX2	5	EU-HYUNDAI-KONA-II-SX2-SUV-ICE-HEV-01	HIGH		READY
802219	802219	SUV	Kona II	SX2	5	EU-HYUNDAI-KONA-II-SX2-SUV-ICE-HEV-01	HIGH		READY
128292_prefl	128292	SUV	Kona I	OS	5	EU-HYUNDAI-KONA-I-OS-SUV-PREFL-01	MEDIUM	生产区间跨2020改款；改款前外廓。	READY
128292_facelift	128292	SUV	Kona I	OS	5	EU-HYUNDAI-KONA-I-OS-SUV-FACELIFT-01	MEDIUM	生产区间跨2020改款；改款后外廓。	READY
142774	142774	SUV	Kona I	OS	5	EU-HYUNDAI-KONA-I-OS-SUV-FACELIFT-01	HIGH		READY
154505	154505	SUV	Kona II	SX2	5	EU-HYUNDAI-KONA-II-SX2-SUV-ICE-HEV-01	HIGH		READY
801313	801313	SUV	Kona II	SX2	5	EU-HYUNDAI-KONA-II-SX2-SUV-ICE-HEV-01	HIGH		READY
802220	802220	SUV	Kona II	SX2	5	EU-HYUNDAI-KONA-II-SX2-SUV-ICE-HEV-01	HIGH		READY
802221	802221	SUV	Kona II	SX2	5	EU-HYUNDAI-KONA-II-SX2-SUV-ICE-HEV-01	HIGH		READY
153710	153710	SUV	Kona II	SX2	5	EU-HYUNDAI-KONA-II-SX2-SUV-ICE-HEV-01	HIGH		READY
145514	145514	SUV	Kona I	OS	5	EU-HYUNDAI-KONA-I-OS-SUV-N-01	HIGH	KONA N专属保险杠外廓。	READY
155214	155214	SUV	Kona II	SX2	5	EU-HYUNDAI-KONA-II-SX2-SUV-EV-01	HIGH		READY
155215	155215	SUV	Kona II	SX2	5	EU-HYUNDAI-KONA-II-SX2-SUV-EV-01	HIGH		READY
157457	157457	SUV	Kona II	SX2	5	EU-HYUNDAI-KONA-II-SX2-SUV-EV-01	HIGH		READY
157520	157520	SUV	Kona II	SX2	5	EU-HYUNDAI-KONA-II-SX2-SUV-EV-01	HIGH		READY
157900	157900	SUV	Kona II	SX2	5	EU-HYUNDAI-KONA-II-SX2-SUV-EV-01	HIGH		READY
156030	156030	SUV	Kona II	SX2	5	EU-HYUNDAI-KONA-II-SX2-SUV-ICE-HEV-01	HIGH		READY
14769_prefl	14769	Sedan	Lantra II	J2	4	EU-HYUNDAI-LANTRA-II-J2-SEDAN-01	MEDIUM	生产区间跨1998改款；J2改款前外廓。	READY
14769_facelift	14769	Sedan	Lantra II	J3	4	EU-HYUNDAI-LANTRA-II-J3-SEDAN-01	MEDIUM	生产区间跨1998改款；J3改款后外廓。	READY
14770_prefl	14770	Wagon	Lantra II	J2	5	EU-HYUNDAI-LANTRA-II-J2-WAGON-01	MEDIUM	生产区间跨1998改款；J2改款前外廓。	READY
14770_facelift	14770	Wagon	Lantra II	J3	5	EU-HYUNDAI-LANTRA-II-J3-WAGON-01	MEDIUM	生产区间跨1998改款；J3改款后外廓。	READY
7824_prefl	7824	Sedan	Lantra II	J2	4	EU-HYUNDAI-LANTRA-II-J2-SEDAN-01	MEDIUM	生产区间跨1998改款；J2改款前外廓。	READY
7824_facelift	7824	Sedan	Lantra II	J3	4	EU-HYUNDAI-LANTRA-II-J3-SEDAN-01	MEDIUM	生产区间跨1998改款；J3改款后外廓。	READY
16001	16001	MPV	Matrix	FC	5	EU-HYUNDAI-MATRIX-FC-MPV-01	HIGH		READY
18753	18753	MPV	Matrix	FC	5	EU-HYUNDAI-MATRIX-FC-MPV-01	HIGH		READY
162910	162910	SUV	NEXO II	NH2	5	EU-HYUNDAI-NEXO-II-NH2-SUV-01	HIGH		READY
117370_supercab_lwb	117370	Pickup	Porter II	HR		EU-HYUNDAI-PORTER-II-HR-PICKUP-SUPERCAB-LWB-01	MEDIUM	Ktype覆盖多种后驱驾驶室/轴距；长轴Super Cab。	READY
117370_doublecab_lwb	117370	Pickup	Porter II	HR		EU-HYUNDAI-PORTER-II-HR-PICKUP-DOUBLECAB-LWB-01	MEDIUM	Ktype覆盖多种后驱驾驶室/轴距；长轴Double Cab。	READY
117370_standardcab_xlwb	117370	Pickup	Porter II	HR		EU-HYUNDAI-PORTER-II-HR-PICKUP-STANDARDCAB-XLWB-01	MEDIUM	Ktype覆盖多种后驱驾驶室/轴距；超长轴Standard Cab。	READY
117370_supercab_xlwb	117370	Pickup	Porter II	HR		EU-HYUNDAI-PORTER-II-HR-PICKUP-SUPERCAB-XLWB-01	MEDIUM	Ktype覆盖多种后驱驾驶室/轴距；超长轴Super Cab。	READY
117370_doublecab_xlwb	117370	Pickup	Porter II	HR		EU-HYUNDAI-PORTER-II-HR-PICKUP-DOUBLECAB-XLWB-01	MEDIUM	Ktype覆盖多种后驱驾驶室/轴距；超长轴Double Cab。	READY
18024	18024	SUV	Santa Fe I	SM	5	EU-HYUNDAI-SANTA-FE-I-SM-SUV-01	HIGH		READY
15974	15974	SUV	Santa Fe I	SM	5	EU-HYUNDAI-SANTA-FE-I-SM-SUV-01	HIGH		READY
15376	15376	SUV	Santa Fe I	SM	5	EU-HYUNDAI-SANTA-FE-I-SM-SUV-01	HIGH		READY
16171	16171	SUV	Santa Fe I	SM	5	EU-HYUNDAI-SANTA-FE-I-SM-SUV-01	HIGH		READY
16002	16002	SUV	Santa Fe I	SM	5	EU-HYUNDAI-SANTA-FE-I-SM-SUV-01	HIGH		READY
16172	16172	SUV	Santa Fe I	SM	5	EU-HYUNDAI-SANTA-FE-I-SM-SUV-01	HIGH		READY
142802	142802	Van	Santa Fe I	SM	5	EU-HYUNDAI-SANTA-FE-I-SM-SUV-01	MEDIUM	商用封窗/货运登记，复用SM乘用车身外廓。	READY
109535	109535	SUV	Santa Fe I	SM	5	EU-HYUNDAI-SANTA-FE-I-SM-SUV-01	HIGH		READY
15378	15378	SUV	Santa Fe I	SM	5	EU-HYUNDAI-SANTA-FE-I-SM-SUV-01	HIGH		READY
142804	142804	Van	Santa Fe I	SM	5	EU-HYUNDAI-SANTA-FE-I-SM-SUV-01	MEDIUM	商用封窗/货运登记，复用SM乘用车身外廓。	READY
142805	142805	Van	Santa Fe I	SM	5	EU-HYUNDAI-SANTA-FE-I-SM-SUV-01	MEDIUM	商用封窗/货运登记，复用SM乘用车身外廓。	READY
142806	142806	Van	Santa Fe I	SM	5	EU-HYUNDAI-SANTA-FE-I-SM-SUV-01	MEDIUM	商用封窗/货运登记，复用SM乘用车身外廓。	READY
111969_prefl	111969	SUV	Santa Fe II	CM	5	EU-HYUNDAI-SANTA-FE-II-CM-SUV-PREFL-01	MEDIUM	生产区间跨2009改款；改款前外廓。	READY
111969_facelift	111969	SUV	Santa Fe II	CM	5	EU-HYUNDAI-SANTA-FE-II-CM-SUV-FACELIFT-01	MEDIUM	生产区间跨2009改款；改款后外廓。	READY
34960_prefl	34960	SUV	Santa Fe II	CM	5	EU-HYUNDAI-SANTA-FE-II-CM-SUV-PREFL-01	MEDIUM	生产区间跨2009改款；改款前外廓。	READY
34960_facelift	34960	SUV	Santa Fe II	CM	5	EU-HYUNDAI-SANTA-FE-II-CM-SUV-FACELIFT-01	MEDIUM	生产区间跨2009改款；改款后外廓。	READY
34961_prefl	34961	SUV	Santa Fe II	CM	5	EU-HYUNDAI-SANTA-FE-II-CM-SUV-PREFL-01	MEDIUM	生产区间跨2009改款；改款前外廓。	READY
34961_facelift	34961	SUV	Santa Fe II	CM	5	EU-HYUNDAI-SANTA-FE-II-CM-SUV-FACELIFT-01	MEDIUM	生产区间跨2009改款；改款后外廓。	READY
34963	34963	SUV	Santa Fe II	CM	5	EU-HYUNDAI-SANTA-FE-II-CM-SUV-FACELIFT-01	HIGH		READY
142809_prefl	142809	Van	Santa Fe II	CM	5	EU-HYUNDAI-SANTA-FE-II-CM-SUV-PREFL-01	MEDIUM	生产区间跨2009改款；商用封窗/货运登记；改款前外廓。	READY
142809_facelift	142809	Van	Santa Fe II	CM	5	EU-HYUNDAI-SANTA-FE-II-CM-SUV-FACELIFT-01	MEDIUM	生产区间跨2009改款；商用封窗/货运登记；改款后外廓。	READY
142812_prefl	142812	Van	Santa Fe II	CM	5	EU-HYUNDAI-SANTA-FE-II-CM-SUV-PREFL-01	MEDIUM	生产区间跨2009改款；商用封窗/货运登记；改款前外廓。	READY
142812_facelift	142812	Van	Santa Fe II	CM	5	EU-HYUNDAI-SANTA-FE-II-CM-SUV-FACELIFT-01	MEDIUM	生产区间跨2009改款；商用封窗/货运登记；改款后外廓。	READY
142810_prefl	142810	Van	Santa Fe II	CM	5	EU-HYUNDAI-SANTA-FE-II-CM-SUV-PREFL-01	MEDIUM	生产区间跨2009改款；商用封窗/货运登记；改款前外廓。	READY
142810_facelift	142810	Van	Santa Fe II	CM	5	EU-HYUNDAI-SANTA-FE-II-CM-SUV-FACELIFT-01	MEDIUM	生产区间跨2009改款；商用封窗/货运登记；改款后外廓。	READY
142811_prefl	142811	Van	Santa Fe II	CM	5	EU-HYUNDAI-SANTA-FE-II-CM-SUV-PREFL-01	MEDIUM	生产区间跨2009改款；商用封窗/货运登记；改款前外廓。	READY
142811_facelift	142811	Van	Santa Fe II	CM	5	EU-HYUNDAI-SANTA-FE-II-CM-SUV-FACELIFT-01	MEDIUM	生产区间跨2009改款；商用封窗/货运登记；改款后外廓。	READY
142813_prefl	142813	Van	Santa Fe II	CM	5	EU-HYUNDAI-SANTA-FE-II-CM-SUV-PREFL-01	MEDIUM	生产区间跨2009改款；商用封窗/货运登记；改款前外廓。	READY
142813_facelift	142813	Van	Santa Fe II	CM	5	EU-HYUNDAI-SANTA-FE-II-CM-SUV-FACELIFT-01	MEDIUM	生产区间跨2009改款；商用封窗/货运登记；改款后外廓。	READY
55794	55794	SUV	Santa Fe III	DM	5	EU-HYUNDAI-SANTA-FE-III-DM-SUV-01	HIGH		READY
55795	55795	SUV	Santa Fe III	DM	5	EU-HYUNDAI-SANTA-FE-III-DM-SUV-01	HIGH		READY
117229	117229	SUV	Santa Fe III	DM	5	EU-HYUNDAI-SANTA-FE-III-DM-SUV-01	HIGH		READY
56797	56797	SUV	Santa Fe III	DM	5	EU-HYUNDAI-SANTA-FE-III-DM-SUV-01	HIGH		READY
127211	127211	SUV	Santa Fe III	DM	5	EU-HYUNDAI-SANTA-FE-III-DM-SUV-01	HIGH		READY
55796	55796	SUV	Santa Fe III	DM	5	EU-HYUNDAI-SANTA-FE-III-DM-SUV-01	HIGH		READY
117226	117226	SUV	Santa Fe III	DM	5	EU-HYUNDAI-SANTA-FE-III-DM-SUV-01	HIGH		READY
55797	55797	SUV	Santa Fe III	DM	5	EU-HYUNDAI-SANTA-FE-III-DM-SUV-01	HIGH		READY
116947	116947	SUV	Santa Fe III	DM	5	EU-HYUNDAI-SANTA-FE-III-DM-SUV-01	HIGH		READY
56796	56796	SUV	Santa Fe III	DM	5	EU-HYUNDAI-SANTA-FE-III-DM-SUV-01	HIGH		READY
117585	117585	SUV	Santa Fe III	DM	5	EU-HYUNDAI-SANTA-FE-III-DM-SUV-01	HIGH		READY
117223	117223	SUV	Santa Fe III	DM	5	EU-HYUNDAI-SANTA-FE-III-DM-SUV-01	HIGH		READY
117225	117225	SUV	Santa Fe III	DM	5	EU-HYUNDAI-SANTA-FE-III-DM-SUV-01	HIGH		READY
142814	142814	Van	Santa Fe III	DM	5	EU-HYUNDAI-SANTA-FE-III-DM-SUV-01	MEDIUM	商用封窗/货运登记，复用欧洲DM乘用车身外廓。	READY
142820	142820	SUV	Santa Fe IV	TM	5	EU-HYUNDAI-SANTA-FE-IV-TM-SUV-FACELIFT-01	HIGH		READY
142822	142822	SUV	Santa Fe IV	TM	5	EU-HYUNDAI-SANTA-FE-IV-TM-SUV-FACELIFT-01	HIGH		READY
145697	145697	SUV	Santa Fe IV	TM	5	EU-HYUNDAI-SANTA-FE-IV-TM-SUV-FACELIFT-01	HIGH		READY
142992	142992	SUV	Santa Fe IV	TM	5	EU-HYUNDAI-SANTA-FE-IV-TM-SUV-FACELIFT-01	HIGH		READY
147246	147246	SUV	Santa Fe IV	TM	5	EU-HYUNDAI-SANTA-FE-IV-TM-SUV-FACELIFT-01	HIGH		READY
142991	142991	SUV	Santa Fe IV	TM	5	EU-HYUNDAI-SANTA-FE-IV-TM-SUV-FACELIFT-01	HIGH		READY
147249	147249	SUV	Santa Fe IV	TM	5	EU-HYUNDAI-SANTA-FE-IV-TM-SUV-FACELIFT-01	HIGH		READY
143732	143732	SUV	Santa Fe IV	TM	5	EU-HYUNDAI-SANTA-FE-IV-TM-SUV-FACELIFT-01	HIGH		READY
146965	146965	SUV	Santa Fe IV	TM	5	EU-HYUNDAI-SANTA-FE-IV-TM-SUV-FACELIFT-01	HIGH		READY
158635	158635	SUV	Santa Fe V	MX5	5	EU-HYUNDAI-SANTA-FE-V-MX5-SUV-01	HIGH		READY
800238	800238	SUV	Santa Fe V	MX5	5	EU-HYUNDAI-SANTA-FE-V-MX5-SUV-01	HIGH		READY
802209	802209	SUV	Santa Fe V	MX5	5	EU-HYUNDAI-SANTA-FE-V-MX5-SUV-01	HIGH		READY
158636	158636	SUV	Santa Fe V	MX5	5	EU-HYUNDAI-SANTA-FE-V-MX5-SUV-01	HIGH		READY
800239	800239	SUV	Santa Fe V	MX5	5	EU-HYUNDAI-SANTA-FE-V-MX5-SUV-01	HIGH		READY
802210	802210	SUV	Santa Fe V	MX5	5	EU-HYUNDAI-SANTA-FE-V-MX5-SUV-01	HIGH		READY
800241	800241	SUV	Santa Fe V	MX5	5	EU-HYUNDAI-SANTA-FE-V-MX5-SUV-01	HIGH		READY
802657	802657	SUV	Santa Fe V	MX5	5	EU-HYUNDAI-SANTA-FE-V-MX5-SUV-01	HIGH		READY
15595	15595	MPV	Santamo I		5	EU-HYUNDAI-SANTAMO-I-MPV-01	HIGH		READY
15596	15596	MPV	Santamo I		5	EU-HYUNDAI-SANTAMO-I-MPV-01	HIGH		READY
128106	128106	Sedan	Solaris II	HCr	4	EU-HYUNDAI-SOLARIS-II-SEDAN-01	HIGH		READY
14193	14193	Sedan	Sonata III	Y3	4	EU-HYUNDAI-SONATA-III-Y3-SEDAN-FACELIFT-01	HIGH		READY
11513	11513	Sedan	Sonata IV	EF	4	EU-HYUNDAI-SONATA-IV-EF-SEDAN-PREFL-01	HIGH		READY
18696_prefl	18696	Sedan	Sonata V	NF	4	EU-HYUNDAI-SONATA-V-NF-SEDAN-PREFL-01	MEDIUM	生产区间跨越2008改款，按改款前外廓拆分。	READY
18696_facelift	18696	Sedan	Sonata V	NF	4	EU-HYUNDAI-SONATA-V-NF-SEDAN-FACELIFT-01	MEDIUM	生产区间跨越2008改款，按改款后外廓拆分。	READY
18697_prefl	18697	Sedan	Sonata V	NF	4	EU-HYUNDAI-SONATA-V-NF-SEDAN-PREFL-01	MEDIUM	生产区间跨越2008改款，按改款前外廓拆分。	READY
18697_facelift	18697	Sedan	Sonata V	NF	4	EU-HYUNDAI-SONATA-V-NF-SEDAN-FACELIFT-01	MEDIUM	生产区间跨越2008改款，按改款后外廓拆分。	READY
110555	110555	Sedan	Sonata V	NF	4	EU-HYUNDAI-SONATA-V-NF-SEDAN-FACELIFT-01	HIGH		READY
55638	55638	Sedan	Sonata VI	YF	4	EU-HYUNDAI-SONATA-VI-YF-SEDAN-01	HIGH		READY
120019	120019	Sedan	Sonata VI	YF	4	EU-HYUNDAI-SONATA-VI-YF-SEDAN-01	HIGH		READY
800932	800932	Van	Staria I	US4	5	EU-HYUNDAI-STARIA-I-US4-VAN-01	HIGH		READY
800954	800954	MPV	Staria I	US4	5	EU-HYUNDAI-STARIA-I-US4-MPV-01	HIGH		READY
145185	145185	Van	Staria I	US4	5	EU-HYUNDAI-STARIA-I-US4-VAN-01	HIGH		READY
145322	145322	MPV	Staria I	US4	5	EU-HYUNDAI-STARIA-I-US4-MPV-01	HIGH		READY
145316	145316	MPV	Staria I	US4	5	EU-HYUNDAI-STARIA-I-US4-MPV-01	HIGH		READY
17424	17424	SUV	Terracan I	HP	5	EU-HYUNDAI-TERRACAN-I-HP-SUV-01	HIGH		READY
18031	18031	SUV	Terracan I	HP	5	EU-HYUNDAI-TERRACAN-I-HP-SUV-01	HIGH		READY
17356	17356	SUV	Terracan I	HP	5	EU-HYUNDAI-TERRACAN-I-HP-SUV-01	HIGH		READY
18825	18825	SUV	Terracan I	HP	5	EU-HYUNDAI-TERRACAN-I-HP-SUV-01	HIGH		READY
58835	58835	Coupe	Tiburon II	GK	3	EU-HYUNDAI-TIBURON-II-GK-COUPE-FACELIFT-01	HIGH		READY
14749	14749	MPV	Trajet I	FO	5	EU-HYUNDAI-TRAJET-I-MPV-01	HIGH		READY
18028	18028	MPV	Trajet I	FO	5	EU-HYUNDAI-TRAJET-I-MPV-01	HIGH		READY
55836	55836	MPV	Trajet I	FO	5	EU-HYUNDAI-TRAJET-I-MPV-01	HIGH		READY
142815	142815	Van	Trajet I	FO	5	EU-HYUNDAI-TRAJET-I-MPV-01	HIGH	Kasten/MPV混合车身按商用车归一为Van。	READY
15973	15973	MPV	Trajet I	FO	5	EU-HYUNDAI-TRAJET-I-MPV-01	HIGH		READY
15377	15377	MPV	Trajet I	FO	5	EU-HYUNDAI-TRAJET-I-MPV-01	HIGH		READY
142819	142819	Van	Trajet I	FO	5	EU-HYUNDAI-TRAJET-I-MPV-01	HIGH	Kasten/MPV混合车身按商用车归一为Van。	READY
142816	142816	Van	Trajet I	FO	5	EU-HYUNDAI-TRAJET-I-MPV-01	HIGH	Kasten/MPV混合车身按商用车归一为Van。	READY
142817	142817	Van	Trajet I	FO	5	EU-HYUNDAI-TRAJET-I-MPV-01	HIGH	Kasten/MPV混合车身按商用车归一为Van。	READY
18207	18207	SUV	Tucson I	JM	5	EU-HYUNDAI-TUCSON-I-JM-SUV-01	HIGH		READY
117220_prefl	117220	SUV	Tucson III	TL	5	EU-HYUNDAI-TUCSON-III-TL-SUV-PREFL-01	MEDIUM	生产区间跨越2018改款，按改款前外廓拆分。	READY
117220_facelift	117220	SUV	Tucson III	TL	5	EU-HYUNDAI-TUCSON-III-TL-SUV-FACELIFT-01	MEDIUM	生产区间跨越2018改款，按改款后外廓拆分。	READY
145700	145700	SUV	Tucson IV	NX4	5	EU-HYUNDAI-TUCSON-IV-NX4-SUV-PREFL-01	HIGH		READY
154613	154613	SUV	Tucson IV	NX4	5	EU-HYUNDAI-TUCSON-IV-NX4-SUV-PREFL-01	HIGH		READY
803357	803357	Van	Tucson III	TL	5	EU-HYUNDAI-TUCSON-III-TL-SUV-FACELIFT-01	MEDIUM	Kasten/SUV混合车身按商用车归一为Van。	READY
154614	154614	SUV	Tucson IV	NX4	5	EU-HYUNDAI-TUCSON-IV-NX4-SUV-PREFL-01	HIGH		READY
142829	142829	SUV	Tucson IV	NX4	5	EU-HYUNDAI-TUCSON-IV-NX4-SUV-PREFL-01	HIGH		READY
142830	142830	SUV	Tucson IV	NX4	5	EU-HYUNDAI-TUCSON-IV-NX4-SUV-PREFL-01	HIGH		READY
115216_prefl	115216	SUV	Tucson III	TL	5	EU-HYUNDAI-TUCSON-III-TL-SUV-PREFL-01	MEDIUM	生产区间跨越2018改款，按改款前外廓拆分。	READY
115216_facelift	115216	SUV	Tucson III	TL	5	EU-HYUNDAI-TUCSON-III-TL-SUV-FACELIFT-01	MEDIUM	生产区间跨越2018改款，按改款后外廓拆分。	READY
115212_prefl	115212	SUV	Tucson III	TL	5	EU-HYUNDAI-TUCSON-III-TL-SUV-PREFL-01	MEDIUM	生产区间跨越2018改款，按改款前外廓拆分。	READY
115212_facelift	115212	SUV	Tucson III	TL	5	EU-HYUNDAI-TUCSON-III-TL-SUV-FACELIFT-01	MEDIUM	生产区间跨越2018改款，按改款后外廓拆分。	READY
144888	144888	SUV	Tucson IV	NX4	5	EU-HYUNDAI-TUCSON-IV-NX4-SUV-PREFL-01	HIGH		READY
145223	145223	SUV	Tucson IV	NX4	5	EU-HYUNDAI-TUCSON-IV-NX4-SUV-PREFL-01	HIGH		READY
159194	159194	SUV	Tucson IV	NX4	5	EU-HYUNDAI-TUCSON-IV-NX4-SUV-FACELIFT-01	HIGH		READY
114609_prefl	114609	SUV	Tucson III	TL	5	EU-HYUNDAI-TUCSON-III-TL-SUV-PREFL-01	MEDIUM	生产区间跨越2018改款，按改款前外廓拆分。	READY
114609_facelift	114609	SUV	Tucson III	TL	5	EU-HYUNDAI-TUCSON-III-TL-SUV-FACELIFT-01	MEDIUM	生产区间跨越2018改款，按改款后外廓拆分。	READY
144326	144326	SUV	Tucson IV	NX4	5	EU-HYUNDAI-TUCSON-IV-NX4-SUV-PREFL-01	HIGH		READY
146665	146665	SUV	Tucson IV	NX4	5	EU-HYUNDAI-TUCSON-IV-NX4-SUV-PREFL-01	HIGH		READY
142831	142831	SUV	Tucson IV	NX4	5	EU-HYUNDAI-TUCSON-IV-NX4-SUV-PREFL-01	HIGH		READY
800161	800161	SUV	Tucson IV	NX4	5	EU-HYUNDAI-TUCSON-IV-NX4-SUV-FACELIFT-01	HIGH		READY
802201	802201	SUV	Tucson IV	NX4	5	EU-HYUNDAI-TUCSON-IV-NX4-SUV-FACELIFT-01	HIGH		READY
142828	142828	SUV	Tucson IV	NX4	5	EU-HYUNDAI-TUCSON-IV-NX4-SUV-PREFL-01	HIGH		READY
146101	146101	SUV	Tucson IV	NX4	5	EU-HYUNDAI-TUCSON-IV-NX4-SUV-PREFL-01	HIGH		READY
800014	800014	SUV	Tucson IV	NX4	5	EU-HYUNDAI-TUCSON-IV-NX4-SUV-FACELIFT-01	HIGH		READY
800015	800015	SUV	Tucson IV	NX4	5	EU-HYUNDAI-TUCSON-IV-NX4-SUV-FACELIFT-01	HIGH		READY
145625	145625	SUV	Tucson IV	NX4	5	EU-HYUNDAI-TUCSON-IV-NX4-SUV-PREFL-01	HIGH		READY
800162	800162	SUV	Tucson IV	NX4	5	EU-HYUNDAI-TUCSON-IV-NX4-SUV-FACELIFT-01	HIGH		READY
802200	802200	SUV	Tucson IV	NX4	5	EU-HYUNDAI-TUCSON-IV-NX4-SUV-FACELIFT-01	HIGH		READY
142833	142833	SUV	Tucson IV	NX4	5	EU-HYUNDAI-TUCSON-IV-NX4-SUV-PREFL-01	HIGH		READY
800703	800703	SUV	Tucson IV	NX4	5	EU-HYUNDAI-TUCSON-IV-NX4-SUV-FACELIFT-01	HIGH		READY
802698	802698	SUV	Tucson IV	NX4	5	EU-HYUNDAI-TUCSON-IV-NX4-SUV-FACELIFT-01	HIGH		READY
800203	800203	SUV	Tucson IV	NX4	5	EU-HYUNDAI-TUCSON-IV-NX4-SUV-FACELIFT-01	HIGH		READY
802892	802892	SUV	Tucson IV	NX4	5	EU-HYUNDAI-TUCSON-IV-NX4-SUV-FACELIFT-01	HIGH		READY
145698	145698	SUV	Tucson IV	NX4	5	EU-HYUNDAI-TUCSON-IV-NX4-SUV-PREFL-01	HIGH		READY
115218_prefl	115218	SUV	Tucson III	TL	5	EU-HYUNDAI-TUCSON-III-TL-SUV-PREFL-01	MEDIUM	生产区间跨越2018改款，按改款前外廓拆分。	READY
115218_facelift	115218	SUV	Tucson III	TL	5	EU-HYUNDAI-TUCSON-III-TL-SUV-FACELIFT-01	MEDIUM	生产区间跨越2018改款，按改款后外廓拆分。	READY
18208	18208	SUV	Tucson I	JM	5	EU-HYUNDAI-TUCSON-I-JM-SUV-01	HIGH		READY
18210	18210	SUV	Tucson I	JM	5	EU-HYUNDAI-TUCSON-I-JM-SUV-01	HIGH		READY
115221_prefl	115221	SUV	Tucson III	TL	5	EU-HYUNDAI-TUCSON-III-TL-SUV-PREFL-01	MEDIUM	生产区间跨越2018改款，按改款前外廓拆分。	READY
115221_facelift	115221	SUV	Tucson III	TL	5	EU-HYUNDAI-TUCSON-III-TL-SUV-FACELIFT-01	MEDIUM	生产区间跨越2018改款，按改款后外廓拆分。	READY
119016_prefl	119016	SUV	Tucson III	TL	5	EU-HYUNDAI-TUCSON-III-TL-SUV-PREFL-01	MEDIUM	生产区间跨越2018改款，按改款前外廓拆分。	READY
119016_facelift	119016	SUV	Tucson III	TL	5	EU-HYUNDAI-TUCSON-III-TL-SUV-FACELIFT-01	MEDIUM	生产区间跨越2018改款，按改款后外廓拆分。	READY
18211	18211	SUV	Tucson I	JM	5	EU-HYUNDAI-TUCSON-I-JM-SUV-01	HIGH		READY
114608_prefl	114608	SUV	Tucson III	TL	5	EU-HYUNDAI-TUCSON-III-TL-SUV-PREFL-01	MEDIUM	生产区间跨越2018改款，按改款前外廓拆分。	READY
114608_facelift	114608	SUV	Tucson III	TL	5	EU-HYUNDAI-TUCSON-III-TL-SUV-FACELIFT-01	MEDIUM	生产区间跨越2018改款，按改款后外廓拆分。	READY
115220_prefl	115220	SUV	Tucson III	TL	5	EU-HYUNDAI-TUCSON-III-TL-SUV-PREFL-01	MEDIUM	生产区间跨越2018改款，按改款前外廓拆分。	READY
115220_facelift	115220	SUV	Tucson III	TL	5	EU-HYUNDAI-TUCSON-III-TL-SUV-FACELIFT-01	MEDIUM	生产区间跨越2018改款，按改款后外廓拆分。	READY
144327	144327	SUV	Tucson IV	NX4	5	EU-HYUNDAI-TUCSON-IV-NX4-SUV-PREFL-01	HIGH		READY
18209	18209	SUV	Tucson I	JM	5	EU-HYUNDAI-TUCSON-I-JM-SUV-01	HIGH		READY
142824	142824	Van	Tucson I	JM	5	EU-HYUNDAI-TUCSON-I-JM-SUV-01	MEDIUM	Kasten/SUV混合车身按商用车归一为Van。	READY
142825	142825	Van	Tucson I	JM	5	EU-HYUNDAI-TUCSON-I-JM-SUV-01	MEDIUM	Kasten/SUV混合车身按商用车归一为Van。	READY
142823	142823	Van	Tucson I	JM	5	EU-HYUNDAI-TUCSON-I-JM-SUV-01	MEDIUM	Kasten/SUV混合车身按商用车归一为Van。	READY
109975_prefl	109975	Coupe	Veloster I	FS	4	EU-HYUNDAI-VELOSTER-I-FS-COUPE-PREFL-01	MEDIUM	生产区间跨越2015改款，按改款前外廓拆分。	READY
109975_facelift	109975	Coupe	Veloster I	FS	4	EU-HYUNDAI-VELOSTER-I-FS-COUPE-FACELIFT-01	MEDIUM	生产区间跨越2015改款，按改款后外廓拆分。	READY
56736_prefl	56736	Coupe	Veloster I	FS	4	EU-HYUNDAI-VELOSTER-I-FS-COUPE-PREFL-01	MEDIUM	生产区间跨越2015改款，按改款前外廓拆分。	READY
56736_facelift	56736	Coupe	Veloster I	FS	4	EU-HYUNDAI-VELOSTER-I-FS-COUPE-FACELIFT-01	MEDIUM	生产区间跨越2015改款，按改款后外廓拆分。	READY
11512_prefl	11512	Sedan	XG I	XG	4	EU-HYUNDAI-XG-I-XG-SEDAN-PREFL-01	MEDIUM	生产区间跨越外廓改款，按改款前外廓拆分。	READY
11512_facelift	11512	Sedan	XG I	XG	4	EU-HYUNDAI-XG-I-XG-SEDAN-FACELIFT-01	MEDIUM	生产区间跨越外廓改款，按改款后外廓拆分。	READY
11511_prefl	11511	Sedan	XG I	XG	4	EU-HYUNDAI-XG-I-XG-SEDAN-PREFL-01	MEDIUM	生产区间跨越外廓改款，按改款前外廓拆分。	READY
11511_facelift	11511	Sedan	XG I	XG	4	EU-HYUNDAI-XG-I-XG-SEDAN-FACELIFT-01	MEDIUM	生产区间跨越外廓改款，按改款后外廓拆分。	READY
124554	124554	Sedan	XG I	XG	4	EU-HYUNDAI-XG-I-XG-SEDAN-FACELIFT-01	HIGH		READY
44565	44565	Sedan	XG I	XG	4	EU-HYUNDAI-XG-I-XG-SEDAN-PREFL-01	HIGH		READY
17756	17756	Sedan	XG I	XG	4	EU-HYUNDAI-XG-I-XG-SEDAN-FACELIFT-01	HIGH		READY
161484	161484	SUV	K3 I		5	EU-ICH-X-K3-I-SUV-01	HIGH		READY
161480	161480	SUV	K3 I		5	EU-ICH-X-K3-I-SUV-01	HIGH		READY
154933	154933	SUV	K2 I		5	EU-ICH-X-K2-I-SUV-01	HIGH	可拆式硬顶开放式车身。	READY
151057	151057	SUV	Grenadier I		5	EU-INEOS-GRENADIER-I-SUV-01	HIGH		READY
151854	151854	Van	Grenadier I		5	EU-INEOS-GRENADIER-I-SUV-01	HIGH	Kasten/SUV混合车身按商用车归一为Van。	READY
151058	151058	SUV	Grenadier I		5	EU-INEOS-GRENADIER-I-SUV-01	HIGH		READY
151853	151853	Van	Grenadier I		5	EU-INEOS-GRENADIER-I-SUV-01	HIGH	Kasten/SUV混合车身按商用车归一为Van。	READY
155202	155202	Pickup	Grenadier Quartermaster I		4	EU-INEOS-GRENADIER-QUARTERMASTER-I-PICKUP-01	HIGH		READY
158025	158025	Pickup	Grenadier Quartermaster I		4	EU-INEOS-GRENADIER-QUARTERMASTER-I-CHASSIS-CAB-01	HIGH	双排座底盘驾驶室物理边界。	READY
155203	155203	Pickup	Grenadier Quartermaster I		4	EU-INEOS-GRENADIER-QUARTERMASTER-I-PICKUP-01	HIGH		READY
158024	158024	Pickup	Grenadier Quartermaster I		4	EU-INEOS-GRENADIER-QUARTERMASTER-I-CHASSIS-CAB-01	HIGH	双排座底盘驾驶室物理边界。	READY
56851	56851	SUV	EX J50	J50	5	EU-INFINITI-EX-QX50-J50-SUV-04	MEDIUM	中国市场EX25外廓。	READY
14883	14883	SUV	EX J50	J50	5	EU-INFINITI-EX-QX50-J50-SUV-03	HIGH	北美EX35无车顶行李架外廓。	READY
34787	34787	SUV	EX J50	J50	5	EU-INFINITI-EX-QX50-J50-SUV-01	HIGH	J50五门汽油版外廓。	READY
18811	18811	SUV	FX I	S50	5	EU-INFINITI-FX-S50-SUV-01	HIGH	S50五门SUV外廓。	READY
18812	18812	SUV	FX I	S50	5	EU-INFINITI-FX-S50-SUV-01	HIGH	S50五门SUV外廓。	READY
59011	59011	SUV	FX II	S51	5	EU-INFINITI-FX-QX70-S51-SUV-01	HIGH	S51五门SUV外廓。	READY
14885	14885	Sedan	G35 V35	V35	4	EU-INFINITI-G35-V35-SEDAN-01	HIGH	V35四门轿车。	READY
34794	34794	Coupe	G37	CV36	2	EU-INFINITI-G-Q60-CV36-COUPE-01	HIGH	CV36双门轿跑。	READY
34797	34797	Convertible	G37	HV36	2	EU-INFINITI-G-Q60-HV36-CONVERTIBLE-01	HIGH	HV36双门敞篷车。	READY
14039	14039	Sedan	G20 P10	P10	4	EU-INFINITI-G20-P10-SEDAN-01	HIGH	P10四门轿车。	READY
14040	14040	Sedan	I30 A32	A32	4	EU-INFINITI-I30-A32-SEDAN-01	HIGH	A32四门轿车。	READY
14059	14059	Sedan	J30 Y32	Y32	4	EU-INFINITI-J30-Y32-SEDAN-01	HIGH	Y32四门轿车。	READY
34803	34803	Sedan	M Y51	Y51	4	EU-INFINITI-M-Q70-Y51-SEDAN-PREFL-01	HIGH	Y51改款前四门轿车。	READY
34804	34804	Sedan	M Y51	Y51	4	EU-INFINITI-M-Q70-Y51-SEDAN-PREFL-01	HIGH	Y51改款前四门轿车。	READY
14060	14060	Coupe	M30	F31	2	EU-INFINITI-M30-F31-COUPE-01	HIGH	F31双门轿跑。	READY
14061	14061	Convertible	M30	F31	2	EU-INFINITI-M30-F31-CONVERTIBLE-01	HIGH	F31双门敞篷外廓。	READY
117841	117841	Hatchback	Q30	H15	5	EU-INFINITI-Q30-H15-HATCHBACK-STANDARD-01	HIGH	90kW 1.6T标准悬架外廓。	READY
117842_standard	117842	Hatchback	Q30	H15	5	EU-INFINITI-Q30-H15-HATCHBACK-STANDARD-01	HIGH	115kW 1.6T标准悬架外廓。	READY
117842_sport	117842	Hatchback	Q30	H15	5	EU-INFINITI-Q30-H15-HATCHBACK-SPORT-01	HIGH	115kW 1.6T Sport降低悬架外廓。	READY
117844	117844	Hatchback	Q30	H15	5	EU-INFINITI-Q30-H15-HATCHBACK-STANDARD-01	HIGH	1.5D标准悬架外廓。	READY
118526	118526	Hatchback	Q30	H15	5	EU-INFINITI-Q30-H15-HATCHBACK-SPORT-01	HIGH	2.0T前驱Sport外廓。	READY
117843	117843	Hatchback	Q30	H15	5	EU-INFINITI-Q30-H15-HATCHBACK-SPORT-01	HIGH	2.0T四驱Sport外廓。	READY
117846_standard	117846	Hatchback	Q30	H15	5	EU-INFINITI-Q30-H15-HATCHBACK-STANDARD-01	HIGH	2.2D标准悬架外廓。	READY
117846_sport	117846	Hatchback	Q30	H15	5	EU-INFINITI-Q30-H15-HATCHBACK-SPORT-01	HIGH	2.2D Sport降低悬架外廓。	READY
117847_standard	117847	Hatchback	Q30	H15	5	EU-INFINITI-Q30-H15-HATCHBACK-STANDARD-01	HIGH	2.2D四驱标准悬架外廓。	READY
117847_sport	117847	Hatchback	Q30	H15	5	EU-INFINITI-Q30-H15-HATCHBACK-SPORT-01	HIGH	2.2D四驱Sport降低悬架外廓。	READY
14062	14062	Sedan	Q45 II	FY33	4	EU-INFINITI-Q45-FY33-SEDAN-PREFL-01	MEDIUM	4.1L发动机确认FY33；输入生产期为上游冲突。	READY
14063	14063	Sedan	Q45 G50	G50	4	EU-INFINITI-Q45-G50-SEDAN-01	HIGH	G50四门轿车。	READY
34771_prefl	34771	Sedan	Q45 II	FY33	4	EU-INFINITI-Q45-FY33-SEDAN-PREFL-01	HIGH	1997-1998改款前外廓。	READY
34771_facelift	34771	Sedan	Q45 II	FY33	4	EU-INFINITI-Q45-FY33-SEDAN-FACELIFT-01	HIGH	1999-2001改款后外廓。	READY
105688_standard	105688	Sedan	Q50	V37	4	EU-INFINITI-Q50-V37-SEDAN-STANDARD-01	HIGH	普通前后保险杠外廓。	READY
105688_sport	105688	Sedan	Q50	V37	4	EU-INFINITI-Q50-V37-SEDAN-SPORT-01	HIGH	Sport保险杠造成车长差异。	READY
119719	119719	Sedan	Q50	V37	4	EU-INFINITI-Q50-V37-SEDAN-REDSPORT-01	HIGH	Red Sport低车身外廓。	READY
100191	100191	Coupe	Q60 I	CV36	2	EU-INFINITI-G-Q60-CV36-COUPE-01	HIGH	CV36双门轿跑。	READY
100192	100192	Convertible	Q60 I	HV36	2	EU-INFINITI-G-Q60-HV36-CONVERTIBLE-01	HIGH	HV36双门敞篷车。	READY
121986	121986	Coupe	Q60 II	CV37	2	EU-INFINITI-Q60-CV37-COUPE-01	HIGH	CV37双门轿跑外廓。	READY
121989	121989	Coupe	Q60 II	CV37	2	EU-INFINITI-Q60-CV37-COUPE-01	HIGH	CV37双门轿跑外廓。	READY
100926	100926	Sedan	Q70	Y51	4	EU-INFINITI-M-Q70-Y51-SEDAN-PREFL-01	HIGH	Y51改款前四门轿车。	READY
100925	100925	Sedan	Q70	Y51	4	EU-INFINITI-M-Q70-Y51-SEDAN-PREFL-01	HIGH	Y51改款前四门轿车。	READY
110819	110819	Sedan	Q70	Y51	4	EU-INFINITI-M-Q70-Y51-SEDAN-FACELIFT-01	HIGH	Y51改款后四门轿车。	READY
107309	107309	Sedan	Q70	Y51	4	EU-INFINITI-M-Q70-Y51-SEDAN-PREFL-01	HIGH	Y51改款前四门轿车。	READY
14088	14088	SUV	QX4	JR50	5	EU-INFINITI-QX4-JR50-SUV-01	HIGH	JR50标准车顶五门SUV外廓。	READY
100723	100723	SUV	QX50 I	J50	5	EU-INFINITI-EX-QX50-J50-SUV-02	HIGH	J50五门3.0D外廓。	READY
100724	100724	SUV	QX50 I	J50	5	EU-INFINITI-EX-QX50-J50-SUV-01	HIGH	J50五门汽油版外廓。	READY
112948	112948	SUV	QX70	S51	5	EU-INFINITI-FX-QX70-S51-SUV-01	HIGH	S51五门SUV外廓。	READY
100721	100721	SUV	QX70	S51	5	EU-INFINITI-FX-QX70-S51-SUV-01	HIGH	S51五门SUV外廓。	READY
117608	117608	SUV	QX70	S51	5	EU-INFINITI-FX-QX70-S51-SUV-01	HIGH	S51五门SUV外廓。	READY
100722	100722	SUV	QX70	S51	5	EU-INFINITI-FX-QX70-S51-SUV-01	HIGH	S51五门SUV外廓。	READY
5079	5079	Hatchback	Mini 90/120		3	EU-INNOCENTI-MINI-90-120-HATCHBACK-01	HIGH	标准三门车身。	READY
5084	5084	Hatchback	Mini 90/120		3	EU-INNOCENTI-MINI-90-120-HATCHBACK-01	HIGH	标准三门车身。	READY
5080	5080	Hatchback	Mini 90/120		3	EU-INNOCENTI-MINI-90-120-HATCHBACK-01	HIGH	标准三门车身。	READY
5082	5082	Hatchback	Mini De Tomaso		3	EU-INNOCENTI-MINI-DE-TOMASO-HATCHBACK-01	HIGH	De Tomaso加宽三门车身。	READY
12679	12679	Coupe	Tigra A	S93	2	EU-IRMSCHER-TIGRA-A-COUPE-01	HIGH	Tigra A双门轿跑车身。	READY
12680	12680	Coupe	GT		2	EU-IRMSCHER-GT-COUPE-01	HIGH	Irmscher GT独立双门车身。	READY
12682_prefl	12682	Wagon	Omega A		5	EU-IRMSCHER-OMEGA-A-WAGON-PREFL-01	HIGH	1990年改款前Caravan外廓。	READY
12682_facelift	12682	Wagon	Omega A		5	EU-IRMSCHER-OMEGA-A-WAGON-FACELIFT-01	HIGH	1990年改款后Caravan外廓。	READY
12681	12681	Sedan	Senator B		4	EU-IRMSCHER-SENATOR-B-SEDAN-01	HIGH	Senator B四门轿车。	READY
12726	12726	Coupe	Commendatore 112i		2	EU-ISDERA-COMMENDATORE-112I-COUPE-01	HIGH	112i双门鸥翼轿跑外廓。	READY
12727	12727	Coupe	Imperator 108i Series II		2	EU-ISDERA-IMPERATOR-108I-SERIES-II-COUPE-01	HIGH	1991年改款后Series II外廓。	READY
147386	147386	Sedan	Fidia IR10	IR10	4	EU-ISORIVOLTA-FIDIA-IR10-SEDAN-01	HIGH	IR10四门轿车外廓。	READY
147385	147385	Coupe	Grifo IR8	IR8	2	EU-ISORIVOLTA-GRIFO-IR8-COUPE-01	HIGH	IR8双门轿跑外廓。	READY
147384	147384	Coupe	Lele IR6	IR6	2	EU-ISORIVOLTA-LELE-IR6-COUPE-01	HIGH	IR6双门2+2轿跑外廓。	READY
14245	14245	Pickup	Campo KB	KBD27	2	EU-ISUZU-CAMPO-KB-PICKUP-2WD-01	MEDIUM	KBD27后驱两门单排座Pickup。	READY
14246_kbd42	14246	Pickup	Campo KB	KBD42	2	EU-ISUZU-CAMPO-KB-PICKUP-4WD-KBD42-01	MEDIUM	KBD42四驱短轴两门Pickup。	READY
14246_kbd47	14246	Pickup	Campo KB	KBD47	2	EU-ISUZU-CAMPO-KB-PICKUP-4WD-KBD47-01	MEDIUM	KBD47四驱长轴两门Pickup。	READY
34517_singlecab	34517	Pickup	D-Max I	TFS85	2	EU-ISUZU-D-MAX-I-CHASSISCAB-SINGLECAB-4WD-01	MEDIUM	四驱Single Cab底盘车。	READY
34517_spacecab	34517	Pickup	D-Max I	TFS85	4	EU-ISUZU-D-MAX-I-CHASSISCAB-SPACECAB-4WD-01	MEDIUM	四驱Space Cab底盘车。	READY
34517_crewcab	34517	Pickup	D-Max I	TFS85	4	EU-ISUZU-D-MAX-I-CHASSISCAB-CREWCAB-4WD-01	MEDIUM	四驱Crew Cab底盘车。	READY
34518_singlecab	34518	Pickup	D-Max I	TFR85	2	EU-ISUZU-D-MAX-I-PICKUP-SINGLECAB-2WD-01	MEDIUM	TFR85后驱两门Single Cab物理分支。	READY
34518_doublecab_lowride	34518	Pickup	D-Max I	TFR85	4	EU-ISUZU-D-MAX-I-PICKUP-DOUBLECAB-2WD-LOWRIDE-01	HIGH	后驱低车身窄体Double Cab。	READY
34518_doublecab_highride	34518	Pickup	D-Max I	TFR85	4	EU-ISUZU-D-MAX-I-PICKUP-DOUBLECAB-2WD-HIGHRIDE-01	HIGH	后驱高车身宽体Double Cab。	READY
126051	126051	Pickup	D-Max II		2	EU-ISUZU-D-MAX-II-PICKUP-SINGLECAB-2WD-FACELIFT-01	HIGH	后驱Single Cab车身。	READY
126055_singlecab	126055	Pickup	D-Max II		2	EU-ISUZU-D-MAX-II-PICKUP-SINGLECAB-4WD-01	HIGH	四驱Single Cab车身。	READY
126055_extendedcab	126055	Pickup	D-Max II		4	EU-ISUZU-D-MAX-II-PICKUP-EXTENDEDCAB-4WD-01	HIGH	四驱Extended Cab车身。	READY
126055_doublecab	126055	Pickup	D-Max II		4	EU-ISUZU-D-MAX-II-PICKUP-DOUBLECAB-4WD-FACELIFT-01	HIGH	四驱Double Cab车身。	READY
55099	55099	Pickup	D-Max II		2	EU-ISUZU-D-MAX-II-PICKUP-SINGLECAB-2WD-PREFL-01	HIGH	后驱Single Cab车身。	READY
113463_singlecab_lowride	113463	Pickup	D-Max II		2	EU-ISUZU-D-MAX-II-CHASSISCAB-SINGLECAB-LOWRIDE-01	MEDIUM	后驱低车身Single Cab底盘车。	READY
113463_singlecab_highride	113463	Pickup	D-Max II		2	EU-ISUZU-D-MAX-II-CHASSISCAB-SINGLECAB-HIGHRIDE-01	MEDIUM	后驱高车身Single Cab底盘车。	READY
113463_crewcab	113463	Pickup	D-Max II		4	EU-ISUZU-D-MAX-II-CHASSISCAB-CREWCAB-HIGHRIDE-01	MEDIUM	后驱Crew Cab底盘车。	READY
113464_singlecab	113464	Pickup	D-Max II		2	EU-ISUZU-D-MAX-II-CHASSISCAB-SINGLECAB-HIGHRIDE-01	MEDIUM	四驱Single Cab底盘车。	READY
113464_spacecab	113464	Pickup	D-Max II		4	EU-ISUZU-D-MAX-II-CHASSISCAB-SPACECAB-HIGHRIDE-01	MEDIUM	四驱Space Cab底盘车。	READY
113464_crewcab	113464	Pickup	D-Max II		4	EU-ISUZU-D-MAX-II-CHASSISCAB-CREWCAB-HIGHRIDE-01	MEDIUM	四驱Crew Cab底盘车。	READY
55091_singlecab	55091	Pickup	D-Max II		2	EU-ISUZU-D-MAX-II-PICKUP-SINGLECAB-4WD-01	HIGH	四驱Single Cab车身。	READY
55091_extendedcab	55091	Pickup	D-Max II		4	EU-ISUZU-D-MAX-II-PICKUP-EXTENDEDCAB-4WD-01	HIGH	四驱Extended Cab车身。	READY
55091_doublecab	55091	Pickup	D-Max II		4	EU-ISUZU-D-MAX-II-PICKUP-DOUBLECAB-4WD-PREFL-01	HIGH	四驱Double Cab车身。	READY
146714	146714	Pickup	D-Max III		2	EU-ISUZU-D-MAX-III-PICKUP-SINGLECAB-PREFL-01	HIGH	改款前后驱Single Cab车身。	READY
146715_singlecab	146715	Pickup	D-Max III		2	EU-ISUZU-D-MAX-III-PICKUP-SINGLECAB-PREFL-01	HIGH	改款前四驱Single Cab车身。	READY
146715_extendedcab	146715	Pickup	D-Max III		4	EU-ISUZU-D-MAX-III-PICKUP-EXTENDEDCAB-PREFL-01	HIGH	改款前四驱Extended Cab车身。	READY
146715_doublecab	146715	Pickup	D-Max III		4	EU-ISUZU-D-MAX-III-PICKUP-DOUBLECAB-PREFL-01	HIGH	改款前四驱Double Cab车身。	READY
157597_singlecab	157597	Pickup	D-Max III		2	EU-ISUZU-D-MAX-III-CHASSISCAB-SINGLECAB-PREFL-01	MEDIUM	23MY四驱Single Cab底盘车。	READY
157597_spacecab	157597	Pickup	D-Max III		4	EU-ISUZU-D-MAX-III-CHASSISCAB-SPACECAB-PREFL-01	MEDIUM	23MY四驱Space Cab底盘车。	READY
157597_crewcab	157597	Pickup	D-Max III		4	EU-ISUZU-D-MAX-III-CHASSISCAB-CREWCAB-PREFL-01	MEDIUM	23MY四驱Crew Cab底盘车。	READY
801987	801987	Pickup	D-Max III EV		4	EU-ISUZU-D-MAX-III-EV-PICKUP-DOUBLECAB-01	HIGH	全时四驱Double Cab量产车身。	READY
802844	802844	Pickup	D-Max III EV		4	EU-ISUZU-D-MAX-III-EV-PICKUP-DOUBLECAB-01	HIGH	全时四驱Double Cab量产车身。	READY
801355	801355	Pickup	D-Max III		2	EU-ISUZU-D-MAX-III-PICKUP-SINGLECAB-FACELIFT-01	HIGH	改款后后驱Single Cab车身。	READY
802421_singlecab	802421	Pickup	D-Max III		2	EU-ISUZU-D-MAX-III-PICKUP-SINGLECAB-FACELIFT-01	HIGH	改款后四驱Single Cab车身。	READY
802421_extendedcab	802421	Pickup	D-Max III		4	EU-ISUZU-D-MAX-III-PICKUP-EXTENDEDCAB-FACELIFT-01	HIGH	改款后四驱Extended Cab车身。	READY
802421_doublecab	802421	Pickup	D-Max III		4	EU-ISUZU-D-MAX-III-PICKUP-DOUBLECAB-FACELIFT-01	HIGH	改款后四驱Double Cab车身。	READY
115533_nhr69	115533	Pickup	Elf V	NHR69	2	EU-ISUZU-ELF-V-CHASSISCAB-NHR69-01	MEDIUM	后驱窄体NHR69单排驾驶室底盘车。	READY
115533_nkr69	115533	Pickup	Elf V	NKR69	2	EU-ISUZU-ELF-V-CHASSISCAB-NKR69-01	MEDIUM	后驱窄体NKR69单排驾驶室底盘车。	READY
18647	18647	Hatchback	Gemini III	JT151F	3	EU-ISUZU-GEMINI-III-HATCHBACK-01	MEDIUM	第三代三门Hatchback外廓。	READY
125793_prefl	125793	Hatchback	Gemini II	JT150	3	EU-ISUZU-GEMINI-II-HATCHBACK-PREFL-01	HIGH	1985至1987年改款前普通三门车身。	READY
125793_facelift	125793	Hatchback	Gemini II	JT150	3	EU-ISUZU-GEMINI-II-HATCHBACK-FACELIFT-01	HIGH	1987年改款后普通三门车身。	READY
18648	18648	Hatchback	Gemini III	JT151F	3	EU-ISUZU-GEMINI-III-HATCHBACK-01	MEDIUM	第三代三门Hatchback外廓。	READY
18649	18649	Hatchback	Gemini III	JT191S	3	EU-ISUZU-GEMINI-III-HATCHBACK-01	HIGH	JT191S四驱三门Hatchback外廓。	READY
18650	18650	Hatchback	Gemini III	JT191F	3	EU-ISUZU-GEMINI-III-HATCHBACK-01	MEDIUM	第三代三门Hatchback外廓。	READY
18656	18656	Sedan	Gemini III	JT191F	4	EU-ISUZU-GEMINI-III-SEDAN-01	HIGH	JT191F四门Sedan外廓。	READY
18653	18653	Sedan	Gemini III	JT151F	4	EU-ISUZU-GEMINI-III-SEDAN-01	HIGH	JT151F四门Sedan外廓。	READY
125799	125799	Hatchback	Gemini II	JT190	3	EU-ISUZU-GEMINI-II-GTI-HATCHBACK-01	HIGH	JT190 GTI 16V三门低车身外廓。	READY
18654	18654	Sedan	Gemini III	JT151F	4	EU-ISUZU-GEMINI-III-SEDAN-01	MEDIUM	第三代四门Sedan外廓。	READY
18655	18655	Sedan	Gemini III	JT191S	4	EU-ISUZU-GEMINI-III-SEDAN-01	HIGH	JT191S四驱涡轮四门Sedan外廓。	READY
18651	18651	Sedan	Gemini III	JT641F	4	EU-ISUZU-GEMINI-III-DIESEL-SEDAN-01	MEDIUM	1.7 TD对应JT641F四门车身；输入Hatchback标注纠正。	READY
18652	18652	Sedan	Gemini III	JT641F	4	EU-ISUZU-GEMINI-III-DIESEL-SEDAN-01	HIGH	JT641F柴油四门Sedan外廓。	READY
18657	18657	Coupe	Impulse II	JT22	3	EU-ISUZU-IMPULSE-JT22-COUPE-01	HIGH	JT22三门轿跑车身。	READY
18658	18658	Coupe	Impulse II	JT22	3	EU-ISUZU-IMPULSE-JT22-COUPE-01	HIGH	JT22三门轿跑车身。	READY
7836	7836	Van	Midi I	98000	4	EU-ISUZU-MIDI-I-VAN-LWB-01	MEDIUM	98000后驱长轴厢式车身。	READY
10786	10786	Van	Midi I	94000	4	EU-ISUZU-MIDI-I-VAN-SWB-01	MEDIUM	94000四驱短轴厢式车身。	READY
8819	8819	Van	Midi I	98000	4	EU-ISUZU-MIDI-I-VAN-LWB-01	MEDIUM	98000后驱长轴厢式车身。	READY
10788	10788	Van	Midi I	94000	4	EU-ISUZU-MIDI-I-VAN-SWB-01	MEDIUM	94000四驱短轴厢式车身。	READY
10787	10787	Van	Midi I	98000N	4	EU-ISUZU-MIDI-I-VAN-LWB-01	MEDIUM	98000N后驱长轴厢式车身。	READY
125804	125804	Coupe	Piazza I	JR130	3	EU-ISUZU-PIAZZA-JR130-COUPE-01	HIGH	JR130三门轿跑车身。	READY
17437_3dr_swb	17437	SUV	Trooper I	UBS52	3	EU-ISUZU-TROOPER-I-SUV-3D-SWB-01	MEDIUM	三门短轴封闭式车身。	READY
17437_3dr_lwb	17437	SUV	Trooper I	UBS52	3	EU-ISUZU-TROOPER-I-SUV-3D-LWB-01	MEDIUM	三门长轴封闭式车身。	READY
17437_5dr_lwb	17437	SUV	Trooper I	UBS52	5	EU-ISUZU-TROOPER-I-SUV-5D-LWB-01	MEDIUM	五门长轴封闭式车身。	READY
17457	17457	SUV	Trooper I	UBS52	3	EU-ISUZU-TROOPER-I-SOFTTOP-SWB-01	HIGH	三门短轴软顶车身。	READY
17446	17446	SUV	Trooper II	UB	5	EU-ISUZU-TROOPER-II-SUV-LWB-01	HIGH	五门长轴封闭式车身。	READY
17447	17447	SUV	Trooper II	UB	3	EU-ISUZU-TROOPER-II-SUV-SWB-01	HIGH	TecDoc开放式越野车节点对应三门短轴固定车顶车身。	READY
17455	17455	SUV	Trooper III		3	EU-ISUZU-TROOPER-III-SUV-SWB-01	HIGH	三门短轴固定车顶车身。	READY
121922	121922	SUV	Trooper III		5	EU-ISUZU-TROOPER-III-SUV-LWB-01	HIGH	五门长轴封闭式车身。	READY
