来源文件	主车型	分类	品牌	车型名	结构	版本	代际	年份区间	驾驶室类型	货斗长度_ft	max_length_in	max_width_in	max_height_in	参考车型	备注	迭代状态
split_part_01_result_2.md	Kia Forte	三厢车	Kia	Forte	Sedan	Std.	gen2 compact	2014-2018			179.5	70.1	56.5	2014/2015/2016/2017/2018 Kia Forte Sedan	第二代 sedan；2014高度56.5，2015-2018高度56.3，取区间最大	可入库
split_part_01_result_2.md	Kia Forte	跑车	Kia	Forte	Coupe	Koup	gen2 compact	2014-2016			178.3	70.1	55.5	2014/2015/2016 Kia Forte Koup	双门 Koup，结构独立；2014-2016主三维一致	可入库
split_part_01_result_2.md	Kia Forte	两厢车	Kia	Forte	Hatchback	Forte5	gen2 compact	2014-2018			171.3	70.1	57.1	2014/2015/2016/2017/2018 Kia Forte5	五门 hatchback，后舱不同；2014-2018主三维一致	可入库
split_part_01_result_2.md	Kia Forte	三厢车	Kia	Forte	Sedan	Std.	gen3 compact	2019-2024			182.7	70.9	56.5	2019/2020/2021/2022/2023/2024 Kia Forte Sedan	第三代 sedan；2025 起由 K4 替代，本批不自动新增 K4；2019-2024主三维一致	可入库
split_part_01_result_2.md	Kia Forte	三厢车	Kia	Forte	Sedan	GT / GT-Line	gen3 compact	2020-2024			182.7	70.9	56.5	2020/2021/2022/2023/2024 Kia Forte GT / GT-Line	运动包围未导致主三维大于 Std.；2020-2024主三维一致	可入库
split_part_01_result_2.md	Kia K5	三厢车	Kia	K5	Sedan	Std.	gen1 midsize	2021-2024			193.1	73.2	56.9	2021/2022/2023/2024 Kia K5	美国 2021 起替代 Optima；2021-2024主三维一致	可入库
split_part_01_result_2.md	Kia K5	三厢车	Kia	K5	Sedan	GT / GT-Line	gen1 midsize	2021-2024			193.1	73.2	56.9	2021/2022/2023/2024 Kia K5 GT / GT-Line	运动前后包围未导致主三维大于 Std.；2021-2024主三维一致	可入库
split_part_01_result_2.md	Kia K5	三厢车	Kia	K5	Sedan	Std.	gen1 facelift midsize	2025-2026			193.1	73.2	56.9	2025/2026 Kia K5	2025 改款；2025-2026主三维一致	可入库
split_part_01_result_2.md	Kia K5	三厢车	Kia	K5	Sedan	GT / GT-Line	gen1 facelift midsize	2025-2026			193.1	73.2	56.9	2025/2026 Kia K5 GT / GT-Line	改款运动版包围未导致主三维大于 Std.；2025-2026主三维一致	可入库
split_part_02_result_2.md	Kia Optima	三厢车	Kia	Optima	Sedan	Std.	gen1 midsize	2001-2006			186.8	72.0	55.9	2001/2002/2003/2004/2005/2006 Kia Optima Sedan	第一代 Optima sedan；2001-2006 存在 185.8/186.2/186.8 与 71.5/71.7/72.0 多口径，按车罩安全最大值	可入库
split_part_02_result_2.md	Kia Optima	三厢车	Kia	Optima	Sedan	Std.	gen2 midsize	2006-2010			189.0	71.1	58.3	2006/2007/2008/2009/2010 Kia Optima Sedan	第二代 Optima sedan；2008 为 186.4 in，2009-2010 为 189.0 in，取当前全段最大值	可入库
split_part_02_result_2.md	Kia Optima	三厢车	Kia	Optima	Sedan	Std.	gen3 midsize	2011-2015			190.7	72.1	57.3	2011/2012/2013/2014/2015 Kia Optima Sedan	第三代 sedan；2011-2013 高度 57.3，2014-2015 高度 57.1，取全段最大值	可入库
split_part_02_result_2.md	Kia Optima	三厢车	Kia	Optima	Sedan	Hybrid	gen3 midsize	2011-2015			190.7	72.1	57.3	2011/2012/2013/2014/2015 Kia Optima Hybrid	混动版；2015 Kia Media 宽 72.1，Edmunds/KBB 有 72.0 口径，按最大安全值 72.1	可入库
split_part_02_result_2.md	Kia Optima	三厢车	Kia	Optima	Sedan	Std.	gen4 midsize	2016-2020			191.1	73.2	57.7	2016/2017/2018/2019/2020 Kia Optima Sedan	第四代 sedan；2021 起 K5 替代	可入库
split_part_02_result_2.md	Kia Optima	三厢车	Kia	Optima	Sedan	Hybrid	gen3 midsize carryover	2016			190.7	72.1	57.1	2016 Kia Optima Hybrid	2016 Hybrid 为旧车身 carryover，不能并入 2017-2020 gen4 Hybrid	可入库
split_part_02_result_2.md	Kia Optima	三厢车	Kia	Optima	Sedan	Hybrid	gen4 midsize	2017-2020			191.1	73.2	57.5	2017/2018/2019/2020 Kia Optima Hybrid	Hybrid 新车身；2017-2020 已逐年覆盖	可入库
split_part_02_result_2.md	Kia Optima	三厢车	Kia	Optima	Sedan	PHEV	gen4 midsize	2017-2020			191.1	73.2	57.5	2017/2018/2019/2020 Kia Optima Plug-In Hybrid	PHEV 新车身；2017-2020 已逐年覆盖	可入库
split_part_02_result_2.md	Kia Rio	三厢车	Kia	Rio	Sedan	Std.	gen1 subcompact	2001-2005			166.9	65.9	56.7	2001/2002/2003/2004/2005 Kia Rio Sedan	第一代 sedan；基础尺寸多源为 165.9/65.9/56.7，部分 2004/2005 样本长度 166.9，按安全最大长度	可入库
split_part_02_result_2.md	Kia Rio	两厢车	Kia	Rio	Wagon	5dr	gen1 subcompact	2001-2005			166.9	65.9	56.7	2001/2002/2003/2004/2005 Kia Rio Cinco/Wagon	早期 wagon/5-door 后部结构不同；分类由旅行车修正为两厢车；宽度按 without mirrors 65.9	可入库
split_part_02_result_2.md	Kia Rio	三厢车	Kia	Rio	Sedan	Std.	gen2 subcompact	2006-2011			167.3	66.7	57.9	2006/2007/2008/2009/2010/2011 Kia Rio Sedan	第二代 sedan；2010 长度 167.3 in，高于其余已核年份 166.9 in，取全段最大值	可入库
split_part_02_result_2.md	Kia Rio	两厢车	Kia	Rio	Hatchback	5dr	gen2 subcompact	2006-2011			158.5	66.7	57.9	2006/2007/2008/2009/2010/2011 Kia Rio5 Hatchback	五门 hatchback 后部结构不同；2010 Rio5 长度 158.5 in，2011 Rio5 长度 158.1 in，取全段最大值	可入库
split_part_03_result.md	Kia Rio	三厢车	Kia	Rio	Sedan	Std.	gen3 subcompact	2012-2017			172.0	67.7	57.3	2012/2013/2014/2015/2016/2017 Kia Rio Sedan, Edmunds	第三代 sedan；2016/2017 长度 172.0，车罩取本区间最大值	可入库
split_part_03_result.md	Kia Rio	两厢车	Kia	Rio	Hatchback	5-door	gen3 subcompact	2012-2017			159.4	67.7	57.3	2012/2013/2014/2015/2016/2017 Kia Rio Hatchback, Edmunds/Car and Driver	五门 hatchback，需独立；2016/2017 长度 159.4，车罩取本区间最大值	可入库
split_part_03_result.md	Kia Rio	三厢车	Kia	Rio	Sedan	Std.	gen4 subcompact	2018-2023			172.6	67.9	57.1	2018/2019/2020/2021/2022/2023 Kia Rio Sedan, Edmunds/Kia Media	第四代 sedan；美国 2023 后停用	可入库
split_part_03_result.md	Kia Rio	两厢车	Kia	Rio	Hatchback	5-door	gen4 subcompact	2018-2023			160.0	67.9	57.1	2018/2019/2020/2021/2022/2023 Kia Rio Hatchback/5-Door, Edmunds/Kia Media	五门 hatchback，需独立	可入库
split_part_03_result.md	Kia Stinger	跑车	Kia	Stinger	Liftback	Std.	gen1 midsize fastback	2018-2021			190.2	73.6	55.1	2018/2019/2020/2021 Kia Stinger GT-Line/Base, Edmunds	5-door liftback/fastback，不能按 sedan 简化；分类由掀背车修正为跑车	可入库
split_part_03_result.md	Kia Stinger	跑车	Kia	Stinger	Liftback	GT / GT1 / GT2	gen1 midsize fastback	2018-2021			190.2	73.6	55.1	2018/2019/2020/2021 Kia Stinger GT/GT1/GT2, Edmunds	性能版外观/轮胎/高度已按逐年样本确认未见三维增量；分类由掀背车修正为跑车	可入库
split_part_03_result.md	Kia Stinger	跑车	Kia	Stinger	Liftback	Std. facelift	gen1 facelift midsize fastback	2022-2023			190.2	73.6	55.1	2022/2023 Kia Stinger GT-Line, Edmunds/Kia Media	2022 改款；外观与动力更新；分类由掀背车修正为跑车	可入库
split_part_03_result.md	Kia Stinger	跑车	Kia	Stinger	Liftback	Scorpion / GT facelift	gen1 facelift midsize fastback	2022-2023			190.2	73.6	55.1	2022/2023 Kia Stinger GT/GT2, Edmunds/Kia Media	特殊外观套件未见三维增量；分类由掀背车修正为跑车	可入库
split_part_03_result.md	Mercedes-Benz A-Class	三厢车	Mercedes-Benz	A-Class	Sedan	Std.	gen4 compact luxury	2019-2022			179.1	70.7	56.9	2019/2020/2021/2022 Mercedes-Benz A 220 Sedan, Edmunds/MBUSA	美国只保留 A-Class Sedan；欧洲 hatchback 不入库	可入库
split_part_03_result.md	Mercedes-Benz A-Class	三厢车	Mercedes-Benz	A-Class	Sedan	AMG A35	gen4 compact luxury	2020-2021			179.4	70.7	56.9	2020/2021 Mercedes-AMG A35 Sedan, Edmunds/MBUSA/Car and Driver/JD Power	AMG 前后包围长度略增；2022 美国市场 AMG A35 已退出，原 2020-2022 范围缩小为 2020-2021；高度按 MBUSA 官方 56.9 保守取最大	可入库
split_part_04_result.md	Mercedes-Benz B-Class	两厢车	Mercedes-Benz	B-Class	MPV	B250e / Electric Drive	gen2 compact MPV EV	2014-2017			171.6	70.3	61.3	2014/2015/2016/2017 Mercedes-Benz B-Class Electric Drive / B250e	美国销售的 B-Class EV；燃油 B-Class 不入库	可入库
split_part_04_result.md	Mercedes-Benz C-Class	三厢车	Mercedes-Benz	C-Class	Sedan	Std.	gen1 compact executive	1994-1996			177.4	67.7	56.1	1994/1995/1996 Mercedes-Benz C-Class Sedan	W202 sedan 前期尺寸段；逐年参考已覆盖	可入库
split_part_04_result.md	Mercedes-Benz C-Class	三厢车	Mercedes-Benz	C-Class	Sedan	Std.	gen1 compact executive facelift	1997-2000			177.4	67.7	56.1	1997/1998/1999/2000 Mercedes-Benz C-Class Sedan	W202 sedan 后期尺寸段；逐年参考已覆盖	可入库
split_part_04_result.md	Mercedes-Benz C-Class	三厢车	Mercedes-Benz	C-Class	Sedan	AMG C36	gen1 compact executive	1995			177.4	67.7	55.6	1995 Mercedes-AMG C36 Sedan	AMG C36 1995 高度低于 1996-1997，单年拆出	可入库
split_part_04_result.md	Mercedes-Benz C-Class	三厢车	Mercedes-Benz	C-Class	Sedan	AMG C36	gen1 compact executive	1996-1997			177.4	67.7	56.1	1996/1997 Mercedes-AMG C36 Sedan	AMG C36 1996-1997 同组尺寸	可入库
split_part_04_result.md	Mercedes-Benz C-Class	三厢车	Mercedes-Benz	C-Class	Sedan	AMG C43	gen1 compact executive facelift	1998-2000			177.4	67.7	56.1	1998/1999/2000 Mercedes-AMG C43 Sedan	AMG C43 独立尺寸；逐年参考已覆盖	可入库
split_part_04_result.md	Mercedes-Benz C-Class	三厢车	Mercedes-Benz	C-Class	Sedan	Std.	gen2 compact executive	2001-2007			178.2	68.0	56.1	2001/2002/2003/2004/2005/2006/2007 Mercedes-Benz C-Class Sedan	W203 sedan	可入库
split_part_04_result.md	Mercedes-Benz C-Class	两厢车	Mercedes-Benz	C-Class	Wagon	Std.	gen2 compact executive	2002-2005			178.9	68.0	57.7	2002/2003/2004/2005 Mercedes-Benz C-Class Wagon	美国早期 C-Class wagon 后部结构不同	可入库
split_part_04_result.md	Mercedes-Benz C-Class	两厢车	Mercedes-Benz	C-Class	Hatchback	SportCoupe	gen2 compact executive	2002-2005			171.0	68.0	55.4	2002/2003/2004/2005 Mercedes-Benz C-Class SportCoupe	C-Class SportCoupe 为三门 fastback/hatchback，结构不同	可入库
split_part_04_result.md	Mercedes-Benz C-Class	三厢车	Mercedes-Benz	C-Class	Sedan	AMG C32	gen2 compact executive	2002-2004			178.2	68.0	55.1	2002/2003/2004 Mercedes-AMG C32 Sedan	AMG 包围/高度需核；逐年参考已覆盖	可入库
split_part_04_result.md	Mercedes-Benz C-Class	三厢车	Mercedes-Benz	C-Class	Sedan	AMG C55	gen2 compact executive facelift	2005-2006			181.8	68.0	55.6	2005/2006 Mercedes-AMG C55 Sedan	原 2002-2007 AMG C32/C55 行缩小为美国 C55 AMG sedan 覆盖年份；2007 当前 split 内不扩展	可入库
split_part_04_result.md	Mercedes-Benz C-Class	三厢车	Mercedes-Benz	C-Class	Sedan	Std.	gen3 compact executive	2008-2014			180.8	69.7	56.3	2008/2009/2010/2011/2012/2013/2014 Mercedes-Benz C-Class Sedan	W204 sedan	可入库
split_part_04_result.md	Mercedes-Benz C-Class	跑车	Mercedes-Benz	C-Class	Coupe	Std.	gen3 compact executive	2012-2015			180.7	69.7	55.8	2012/2013/2014/2015 Mercedes-Benz C-Class Coupe	C204 coupe 与 sedan 不同	可入库
split_part_04_result.md	Mercedes-Benz C-Class	三厢车	Mercedes-Benz	C-Class	Sedan	AMG C63	gen3 compact executive	2008-2011			186.0	70.7	56.6	2008/2009/2010/2011 Mercedes-AMG C63 Sedan	AMG 宽轮拱/包围；前期高度高于后期	可入库
split_part_04_result.md	Mercedes-Benz C-Class	三厢车	Mercedes-Benz	C-Class	Sedan	AMG C63	gen3 compact executive facelift	2012-2014			186.0	70.7	56.3	2012/2013/2014 Mercedes-AMG C63 Sedan	AMG 宽轮拱/包围；facelift 后期尺寸段	可入库
split_part_05_result.md	Mercedes-Benz C-Class	跑车	Mercedes-Benz	C-Class	Coupe	AMG C63	gen3 compact executive	2012-2015			185.3	69.7	56.3	2012-2015 Mercedes-AMG C63 Coupe	AMG coupe 独立核对；2012-2015 已逐年覆盖，按区间最大外廓入表	可入库
split_part_05_result.md	Mercedes-Benz C-Class	三厢车	Mercedes-Benz	C-Class	Sedan	Std.	gen4 compact executive	2015			184.5	71.3	56.8	2015 Mercedes-Benz C-Class Sedan	W205 sedan；2015 单年完整外廓已确认	可入库
split_part_05_result.md	Mercedes-Benz C-Class	三厢车	Mercedes-Benz	C-Class	Sedan	Std.	gen4 compact executive	2016-2021			184.5	71.3	56.8	2016-2021 Mercedes-Benz C-Class Sedan	W205 sedan；2016-2021 已逐年覆盖，按区间最大高度保守取值	可入库
split_part_05_result.md	Mercedes-Benz C-Class	跑车	Mercedes-Benz	C-Class	Coupe	Std.	gen4 compact executive	2017-2023			184.5	71.6	55.5	2017-2023 Mercedes-Benz C-Class Coupe	Coupe 后部结构不同；2024 起由 CLE 承接；2017-2023 已逐年覆盖，按区间最大值入表	可入库
split_part_05_result.md	Mercedes-Benz C-Class	跑车	Mercedes-Benz	C-Class	Convertible	Std.	gen4 compact executive	2017-2023			184.5	71.6	55.5	2017-2023 Mercedes-Benz C-Class Cabriolet	分类由敞篷车修正为跑车；Cabriolet 信息已由结构字段承载；2017-2023 已逐年覆盖，按区间最大值入表	可入库
split_part_05_result.md	Mercedes-Benz C-Class	三厢车	Mercedes-Benz	C-Class	Sedan	AMG	gen4 compact executive	2016-2021			187.0	72.4	56.5	2016-2021 Mercedes-AMG C-Class Sedan	由 AMG / PHEV 拆出；2016-2021 已逐年覆盖；按 AMG C43/C63 已查最大外廓入表	可入库
split_part_05_result.md	Mercedes-Benz C-Class	三厢车	Mercedes-Benz	C-Class	Sedan	PHEV	gen4 compact executive	2016-2018			184.5	72.1	56.9	2016-2018 Mercedes-Benz C350e Sedan	由 AMG / PHEV 拆出；2016/2017/2018 C350e 已覆盖，按 PHEV 最大外廓入表	可入库
split_part_05_result.md	Mercedes-Benz C-Class	三厢车	Mercedes-Benz	C-Class	Sedan	Std.	gen5 compact executive	2022-2026			187.0	74.4	56.6	2022-2026 Mercedes-Benz C300 Sedan	W206 sedan；Coupe/Cabrio 不再挂 C-Class 入库；2023/2024 已补齐	可入库
split_part_05_result.md	Mercedes-Benz C-Class	三厢车	Mercedes-Benz	C-Class	Sedan	AMG C43	gen5 compact executive	2023-2026			188.6	74.4	57.1	2023-2026 Mercedes-AMG C43 Sedan	由 AMG C43 / C63 S E Performance 拆出；2023-2026 已逐年覆盖，AMG C43 独立尺寸	可入库
split_part_05_result.md	Mercedes-Benz C-Class	三厢车	Mercedes-Benz	C-Class	Sedan	AMG C63 S E Performance	gen5 compact executive	2024-2026			190.6	74.4	57.4	2024-2026 Mercedes-AMG C63 S E Performance Sedan	由 AMG C43 / C63 S E Performance 拆出；2024-2026 已逐年覆盖	可入库
split_part_05_result.md	Mercedes-Benz CLA-Class	三厢车	Mercedes-Benz	CLA-Class	Sedan	Std.	gen1 subcompact luxury	2014-2019			182.3	70.0	56.6	2014-2019 Mercedes-Benz CLA250 Sedan	版本由 4-door coupe 修正为 Std.；四门 coupe 仅作营销描述；2014-2019 已逐年覆盖	可入库
split_part_05_result.md	Mercedes-Benz CLA-Class	三厢车	Mercedes-Benz	CLA-Class	Sedan	AMG CLA45	gen1 subcompact luxury	2014-2019			184.7	70.0	56.6	2014-2019 Mercedes-AMG CLA45 Sedan	2014-2019 已逐年覆盖；按 AMG CLA45 已查最大外廓入表	可入库
split_part_05_result.md	Mercedes-Benz CLA-Class	三厢车	Mercedes-Benz	CLA-Class	Sedan	Std.	gen2 subcompact luxury	2020-2025			184.6	72.0	56.7	2020-2025 Mercedes-Benz CLA250 Sedan	版本由 4-door coupe 修正为 Std.；C118 CLA；不保留欧洲 Shooting Brake；2026 已拆出为新一代 EV；2020-2025 已逐年覆盖	可入库
split_part_05_result.md	Mercedes-Benz CLA-Class	三厢车	Mercedes-Benz	CLA-Class	Sedan	EV	gen3 compact luxury EV	2026			185.9	73.0	57.8	2026 Mercedes-Benz CLA250+ EV Sedan	由原 2020-2026 CLA 行内拆出；2026 为新一代 CLA EV，MBUSA 官方外廓已确认	可入库
split_part_06_result.md	Mercedes-Benz CLA-Class	三厢车	Mercedes-Benz	CLA-Class	Sedan	AMG CLA35/CLA45	gen2 subcompact luxury	2020-2026			184.8	73.1	55.4	2020/2021/2022/2023/2024/2025 Mercedes-AMG CLA35/CLA45; 2026 Mercedes-AMG CLA35/CLA45 S	AMG 包围已按 CLA45 S 高度边界取值；2026 CLA45 S Final Edition 属二代末期	可入库
split_part_06_result.md	Mercedes-Benz CLA-Class	三厢车	Mercedes-Benz	CLA-Class	Sedan	EV / EQ Technology	gen3 compact luxury	2027-2027			185.9	73.0	57.8	2027 Mercedes-Benz CLA 350 4MATIC ELECTRIC Sedan; 2026 CLA 250+ EV / CLA 350 4MATIC EV dimensions	2027 美国官方配置页已出现；尺寸按新一代 CLA Electric 已公开规格取值	可入库
split_part_06_result.md	Mercedes-Benz CLC-Class	跑车	Mercedes-Benz	C-Class	Coupe	CLC alias / not US regular	gen2 compact executive	2008-2011					Mercedes-Benz CLC-Class	CLC 非美国常规销售名；不单独建主车型	别名/不入库	
split_part_06_result.md	Mercedes-Benz CLS-Class	三厢车	Mercedes-Benz	CLS-Class	Sedan	4-door coupe	gen1 executive fastback	2006-2011			193.3	73.7	54.7	2006/2007/2008/2009/2010/2011 Mercedes-Benz CLS-Class	C219 fastback，不能按 E-Class sedan 合并	可入库
split_part_06_result.md	Mercedes-Benz CLS-Class	三厢车	Mercedes-Benz	CLS-Class	Sedan	AMG CLS55/CLS63	gen1 executive fastback	2006-2011			194.0	73.7	54.7	2006/2007/2008 Mercedes-AMG CLS55; 2009/2010/2011 Mercedes-AMG CLS63	AMG 包围/轮胎已按更长车身边界取值	可入库
split_part_06_result.md	Mercedes-Benz CLS-Class	三厢车	Mercedes-Benz	CLS-Class	Sedan	4-door coupe	gen2 executive fastback	2012-2018			194.5	74.1	55.8	2012/2013/2014/2015/2016/2017/2018 Mercedes-Benz CLS-Class	C218 fastback；不保留欧洲 Shooting Brake	可入库
split_part_06_result.md	Mercedes-Benz CLS-Class	三厢车	Mercedes-Benz	CLS-Class	Sedan	AMG CLS63	gen2 executive fastback	2012-2018			196.7	74.1	55.4	2012/2013/2014/2015/2016/2017/2018 Mercedes-AMG CLS63	AMG 2015-2018 长度高于标准版，已按 AMG 边界取值	可入库
split_part_06_result.md	Mercedes-Benz CLS-Class	三厢车	Mercedes-Benz	CLS-Class	Sedan	4-door coupe	gen3 executive fastback	2019-2023			199.1	74.4	56.6	2019/2020/2021/2022/2023 Mercedes-Benz CLS-Class	C257 fastback；2023 后停产；已按 2019 长度与 2022-2023 高度边界取值	可入库
split_part_06_result.md	Mercedes-Benz CLS-Class	三厢车	Mercedes-Benz	CLS-Class	Sedan	AMG CLS53	gen3 executive fastback	2019-2021			199.1	74.6	56.0	2019/2020/2021 Mercedes-AMG CLS53	AMG CLS53 北美 2022 起不再提供，当前 split 原 2019-2023 范围内缩小为 2019-2021	可入库
split_part_06_result.md	Mercedes-Benz E-Class	三厢车	Mercedes-Benz	E-Class	Sedan	Std.	gen1 executive	1994-1995			187.2	68.5	56.3	1994/1995 Mercedes-Benz E-Class Sedan	W124 E-Class sedan	可入库
split_part_07_result.md	Mercedes-Benz E-Class	两厢车	Mercedes-Benz	E-Class	Wagon	Std.	gen1 executive	1994-1995			188.2	68.5	59.8	1994-1995 Mercedes-Benz E-Class Wagon	W124 wagon 后部结构不同；分类由旅行车修正为两厢车；1994/1995已逐年核对	可入库
split_part_07_result.md	Mercedes-Benz E-Class	跑车	Mercedes-Benz	E-Class	Coupe	Std.	gen1 executive	1994-1995			183.9	68.5	54.9	1994-1995 Mercedes-Benz E-Class Coupe	W124 coupe 结构不同；1994/1995已逐年核对	可入库
split_part_07_result.md	Mercedes-Benz E-Class	跑车	Mercedes-Benz	E-Class	Convertible	Cabriolet	gen1 executive	1994-1995			183.9	68.5	54.8	1994-1995 Mercedes-Benz E-Class Cabriolet	W124 cabriolet 结构不同；分类由敞篷车修正为跑车；1994/1995已逐年核对	可入库
split_part_07_result.md	Mercedes-Benz E-Class	三厢车	Mercedes-Benz	E-Class	Sedan	Std.	gen2 executive	1996-2002			190.4	70.8	57.6	1996/1997/1998/1999/2000/2001/2002 Mercedes-Benz E-Class Sedan	W210 sedan；最大长度按2000 E320 Sedan保守取值；高度按1999 AWD样本保守取值	可入库
split_part_07_result.md	Mercedes-Benz E-Class	两厢车	Mercedes-Benz	E-Class	Wagon	Std.	gen2 executive	1998-2003			190.5	70.8	59.3	1998/1999/2000/2001/2002/2003 Mercedes-Benz E-Class Wagon	W210 wagon 后部结构不同；分类由旅行车修正为两厢车	可入库
split_part_07_result.md	Mercedes-Benz E-Class	三厢车	Mercedes-Benz	E-Class	Sedan	AMG E55	gen2 executive	1999-2002			189.7	70.8	56.7	1999/2000/2001/2002 Mercedes-AMG E55 Sedan	AMG E55 已补齐1999-2002逐年参考；尺寸与W210 AMG样本一致，包围未形成更大三维	可入库
split_part_07_result.md	Mercedes-Benz E-Class	三厢车	Mercedes-Benz	E-Class	Sedan	Std.	gen3 executive	2003-2009			191.0	71.7	58.4	2003/2004/2005/2006/2007/2008/2009 Mercedes-Benz E-Class Sedan	W211 sedan；最大尺寸按2007-2009高值保守取值	可入库
split_part_07_result.md	Mercedes-Benz E-Class	两厢车	Mercedes-Benz	E-Class	Wagon	Std.	gen3 executive	2004-2009			192.3	71.7	59.3	2004/2005/2006/2007/2008/2009 Mercedes-Benz E-Class Wagon	W211 wagon 后部结构不同；分类由旅行车修正为两厢车	可入库
split_part_07_result.md	Mercedes-Benz E-Class	三厢车	Mercedes-Benz	E-Class	Sedan	AMG E55	gen3 executive	2003-2006			189.7	71.3	57.2	2003/2004/2005/2006 Mercedes-AMG E55 Sedan	由AMG E55/E63拆分；按AMG E55独立样本修正宽度与长度	可入库
split_part_07_result.md	Mercedes-Benz E-Class	三厢车	Mercedes-Benz	E-Class	Sedan	AMG E63	gen3 executive	2007-2009			191.0	71.7	58.4	2007/2008/2009 Mercedes-AMG E63 Sedan	由AMG E55/E63拆分；按E63 AMG高值修正尺寸	可入库
split_part_07_result.md	Mercedes-Benz E-Class	三厢车	Mercedes-Benz	E-Class	Sedan	Std.	gen4 executive	2010-2016			192.1	75.9	57.9	2010/2011/2012/2013/2014/2015/2016 Mercedes-Benz E-Class Sedan	W212 sedan；本轮补齐2011/2015/2016；宽度按2010-2012 without mirrors 75.9保守取最大，2015/2016样本为73.0但不作为整段最大值	可入库
split_part_08_result.md	Mercedes-Benz E-Class	两厢车	Mercedes-Benz	E-Class	Wagon	Std.	gen4 executive	2011-2016			192.7	73.0	58.9	2011/2012/2013/2014/2015/2016 Mercedes-Benz E-Class Wagon	W212/S212 wagon 后部结构不同；2011/2012/2014/2015/2016 普通 Wagon 已确认 192.7/73.0/58.9；2013 按同代普通 Wagon 外廓闭环处理，不采用 AMG Wagon 错配 trim 值	可入库
split_part_08_result.md	Mercedes-Benz E-Class	跑车	Mercedes-Benz	E-Class	Coupe	Std.	gen4 executive	2010-2017			185.0	70.3	55.0	2010/2011/2012/2013/2014/2015/2016/2017 Mercedes-Benz E-Class Coupe	C207 coupe 结构不同；2010 Coupe 为 185.0/70.3/55.0，2011-2017 Coupe 为 185.0/70.3/54.8，按区间最大高度 55.0 入表	可入库
split_part_08_result.md	Mercedes-Benz E-Class	跑车	Mercedes-Benz	E-Class	Convertible	Cabriolet	gen4 executive	2011-2017			185.0	70.3	55.2	2011/2012/2013/2014/2015/2016/2017 Mercedes-Benz E-Class Cabriolet	A207 cabriolet 软顶结构不同；2011 C/D 样本高度 55.2，2012-2017 Edmunds/MBUSA 主流值为 185.0/70.3/55.0；按安全最大高度 55.2 保留	可入库
split_part_08_result.md	Mercedes-Benz E-Class	三厢车	Mercedes-Benz	E-Class	Sedan	AMG E63	gen4 executive	2010-2016			192.9	73.7	57.7	2010/2011/2012/2013/2014/2015/2016 Mercedes-AMG E63 Sedan	AMG 包围/轮拱/高度已按 Sedan 安全最大值处理；2010/2011/2012 pre-facelift 不超过 192.6/73.7/56.8，2014-2016 facelift/4MATIC S 按 192.9/73.7/57.7 覆盖；不采用 Wagon/with-mirrors 高风险值	可入库
split_part_08_result.md	Mercedes-Benz E-Class	三厢车	Mercedes-Benz	E-Class	Sedan	Std.	gen5 executive	2017-2023			194.3	73.7	57.8	2017/2018/2019/2020/2021/2022/2023 Mercedes-Benz E-Class Sedan	W213 sedan；2017/2018/2019 为 193.8/72.9/57.8，2020-2023 最大外廓按 194.3/73.7/57.8 入表	可入库
split_part_08_result.md	Mercedes-Benz E-Class	两厢车	Mercedes-Benz	E-Class	Wagon	Std.	gen5 executive	2017-2020			194.2	73.7	58.1	2017/2018/2019/2020 Mercedes-Benz E-Class Wagon	W213/S213 wagon 后部结构不同；2018 MBUSA/C&D 为 194.2/72.9/58.1，2019 Edmunds 为 194.2/73.7/57.7，2020 Edmunds/C&D 确认 194.2 长，按区间安全最大值入表	可入库
split_part_08_result.md	Mercedes-Benz E-Class	两厢车	Mercedes-Benz	E-Class	Wagon	All-Terrain	gen5 executive	2021-2023			194.8	73.7	58.9	2021/2022/2023 Mercedes-Benz E-Class All-Terrain	All-Terrain 加高/包围，必须拆；2021/2022/2023 均按 194.8/73.7/58.9 覆盖	可入库
split_part_08_result.md	Mercedes-Benz E-Class	跑车	Mercedes-Benz	E-Class	Coupe	Std.	gen5 executive	2018-2023			190.4	73.2	56.7	2018/2019/2020/2021/2022/2023 Mercedes-Benz E-Class Coupe	C238 coupe 结构不同；2019 MBUSA 为 190.0/73.2/56.3，2021-2023 最大外廓按 190.4/73.1/56.7 覆盖，宽度取区间最大 73.2；2024 起由 CLE 承接	可入库
split_part_08_result.md	Mercedes-Benz E-Class	跑车	Mercedes-Benz	E-Class	Convertible	Cabriolet	gen5 executive	2018-2023			190.4	73.2	56.6	2018/2019/2020/2021/2022/2023 Mercedes-Benz E-Class Cabriolet	A238 cabriolet 软顶结构不同；已按普通 E 450 Cabriolet 逐年覆盖，未并入 AMG E53 Cabriolet 的额外长度	可入库
split_part_08_result.md	Mercedes-Benz E-Class	三厢车	Mercedes-Benz	E-Class	Sedan	AMG E43	gen5 executive	2017-2018			194.6	72.9	57.0	2017/2018 Mercedes-AMG E43 Sedan	由原 AMG E53/E63 混合行拆出；2017 Edmunds/MBUSA 与 2018 MBUSA 已确认长度和高度；按 without mirrors 最大宽度 72.9 入表	可入库
split_part_08_result.md	Mercedes-Benz E-Class	三厢车	Mercedes-Benz	E-Class	Sedan	AMG E63	gen5 executive	2018-2022			196.4	75.1	57.0	2018/2019/2020/2021/2022 Mercedes-AMG E63 Sedan	由原 AMG E53/E63 混合行拆出；2018-2020 为 196.4/75.1/56.6，2022 Cars.com 为约 196/75/57，按安全最大高 57.0 入表	可入库
split_part_08_result.md	Mercedes-Benz E-Class	三厢车	Mercedes-Benz	E-Class	Sedan	AMG E63	gen5 executive	2023			196.2	75.1	57.4	2023 Mercedes-AMG E63 Sedan	由原 AMG E53/E63 混合行拆出；2023 Edmunds 单年高度 57.4，高于 2018-2022，单独保留	可入库
split_part_08_result.md	Mercedes-Benz E-Class	三厢车	Mercedes-Benz	E-Class	Sedan	AMG E53	gen5 executive	2019-2023			195.2	73.2	57.0	2019/2020/2021/2022/2023 Mercedes-AMG E53 Sedan	由原 AMG E53/E63 混合行拆出；2019/2020/2021/2022/2023 样本覆盖；E53 与 E63 宽度不同，不可混用	可入库
split_part_09_result.md	Mercedes-Benz E-Class	三厢车	Mercedes-Benz	E-Class	Sedan	Std.	gen6 executive	2024-2026			194.9	74.0	57.9	2024/2025/2026 Mercedes-Benz E-Class Sedan	W214 sedan；2024-2026 已按同代 Sedan 尺寸补齐	可入库
split_part_09_result.md	Mercedes-Benz E-Class	两厢车	Mercedes-Benz	E-Class	Wagon	All-Terrain	gen6 executive	2024-2026			194.9	74.4	58.9	2024/2025/2026 Mercedes-Benz E450 4MATIC All-Terrain Wagon	All-Terrain wagon 后部+高度不同；2025 Edmunds 高度较低，本行按 2024/2026 官方高度取区间最大 58.9；分类由旅行车修正为两厢车	可入库
split_part_09_result.md	Mercedes-Benz E-Class	三厢车	Mercedes-Benz	E-Class	Sedan	AMG E53 Hybrid	gen6 executive	2025-2026			194.9	74.9	57.9	2025/2026 Mercedes-AMG E53 Hybrid Sedan	AMG PHEV 包围/宽度不同；2025-2026 已按 AMG E53 Hybrid Sedan 官方尺寸补齐	可入库
split_part_09_result.md	Mercedes-Benz E-Class	两厢车	Mercedes-Benz	E-Class	Wagon	AMG E53 Hybrid Wagon	gen6 executive	2026-2026			195.2	74.9	58.4	2026 Mercedes-AMG E53 Hybrid Wagon	AMG wagon 与 All-Terrain/普通 wagon 需拆；分类由旅行车修正为两厢车	可入库
split_part_09_result.md	Mercedes-Benz EQB	越野车	Mercedes-Benz	EQB	SUV	EV	gen1 compact electric SUV	2022-2023			184.4	72.2	65.6	2022/2023 Mercedes-Benz EQB	纯电 SUV；可选三排但外形同车身；分类由 SUV 修正为越野车	可入库
split_part_09_result.md	Mercedes-Benz EQB	越野车	Mercedes-Benz	EQB	SUV	EV facelift	gen1 facelift compact electric SUV	2024-2026			184.4	72.2	65.6	2024/2025/2026 Mercedes-Benz EQB	2024 改款；2024 高度 65.3、2025/2026 高度 65.6，本行取区间最大；分类由 SUV 修正为越野车	可入库
split_part_09_result.md	Mercedes-Benz GLA-Class	越野车	Mercedes-Benz	GLA-Class	SUV	Std.	gen1 subcompact SUV	2015-2020			173.9	71.0	60.0	2015/2016/2017/2018/2019/2020 Mercedes-Benz GLA 250 SUV	X156 小型 SUV；高车身；分类由 SUV 修正为越野车；2015-2020 普通 GLA 250 已覆盖	可入库
split_part_09_result.md	Mercedes-Benz GLA-Class	越野车	Mercedes-Benz	GLA-Class	SUV	AMG GLA45	gen1 subcompact SUV	2015-2019			176.4	71.0	58.2	2015/2016/2017/2018/2019 Mercedes-AMG GLA45	AMG 包围/长度不同；2020 美国市场 AMG GLA45 discontinued，原 2015-2020 缩小为 2015-2019；分类由 SUV 修正为越野车	可入库
split_part_09_result.md	Mercedes-Benz GLA-Class	越野车	Mercedes-Benz	GLA-Class	SUV	Std.	gen2 subcompact SUV	2021-2023			173.6	72.2	63.5	2021/2022/2023 Mercedes-Benz GLA 250 SUV	H247 换代，高度明显变化；分类由 SUV 修正为越野车	可入库
split_part_09_result.md	Mercedes-Benz GLA-Class	越野车	Mercedes-Benz	GLA-Class	SUV	AMG GLA35/GLA45	gen2 subcompact SUV	2021-2023			174.6	72.8	62.5	2021/2022/2023 Mercedes-AMG GLA35/GLA45	AMG 包围/宽度不同；已确认 2021-2023 AMG GLA35 与 GLA45 外廓尺寸一致，暂保留合并版本；分类由 SUV 修正为越野车	可入库
split_part_10_result.md	Mercedes-Benz GLA-Class	越野车	Mercedes-Benz	GLA-Class	SUV	Std. facelift	gen2 facelift subcompact SUV	2024-2026			173.6	72.2	63.5	2024/2025/2026 Mercedes-Benz GLA-Class GLA 250	2024 改款；普通 GLA 与 AMG GLA 尺寸不同，不合并	可入库
split_part_10_result.md	Mercedes-Benz GLA-Class	越野车	Mercedes-Benz	GLA-Class	SUV	AMG facelift	gen2 facelift subcompact SUV	2024-2026			174.6	72.8	62.5	2024/2025/2026 Mercedes-AMG GLA 35	AMG 改款较普通版更长更宽；2025 已补齐	可入库
split_part_10_result.md	Mercedes-Benz S-Class	三厢车	Mercedes-Benz	S-Class	Sedan	Std.	gen1 W140 full-size luxury	1994-1999			205.2	74.4	58.9	1994/1995/1996/1997/1998/1999 Mercedes-Benz S-Class Sedan	按 W140 sedan 区间最大值处理；1994-1999 已逐年覆盖	可入库
split_part_10_result.md	Mercedes-Benz S-Class	跑车	Mercedes-Benz	S-Class	Coupe	Std.	gen1 C140 full-size luxury coupe	1994-1995			199.4	75.3	57.2	1994/1995 Mercedes-Benz S-Class Coupe	C140 coupe；1996 后多归 CL-Class	可入库
split_part_10_result.md	Mercedes-Benz S-Class	三厢车	Mercedes-Benz	S-Class	Sedan	Std.	gen2 W220 full-size luxury	2000-2006			203.1	73.1	57.2	2000/2001/2002/2003/2004/2005/2006 Mercedes-Benz S-Class Sedan	W220 sedan；逐年覆盖后按区间最大值保留	可入库
split_part_10_result.md	Mercedes-Benz S-Class	三厢车	Mercedes-Benz	S-Class	Sedan	AMG S55/S65	gen2 W220 full-size luxury	2001-2006			203.3	73.1	57.2	2001/2002/2003/2004/2005/2006 Mercedes-Benz S55/S65 AMG	W220 AMG；逐年覆盖后按区间最大值保留	可入库
split_part_10_result.md	Mercedes-Benz S-Class	三厢车	Mercedes-Benz	S-Class	Sedan	Std.	gen3 W221 full-size luxury	2007-2013			206.5	73.7	58.0	2007/2008/2009/2010/2011/2012/2013 Mercedes-Benz S-Class S550 Sedan	W221 sedan；2010/2011 facelift LWB 长度更大，按区间最大值保留	可入库
split_part_10_result.md	Mercedes-Benz S-Class	三厢车	Mercedes-Benz	S-Class	Sedan	AMG / LWB variants	gen3 W221 full-size luxury	2007-2013			206.5	73.7	58.0	2007/2008/2009/2010/2011/2012/2013 Mercedes-Benz S63/S65 AMG / LWB	W221 AMG/LWB；逐年覆盖后按区间最大值保留	可入库
split_part_10_result.md	Mercedes-Benz S-Class	三厢车	Mercedes-Benz	S-Class	Sedan	Std.	gen4 W222 full-size luxury	2014-2020			206.9	74.8	58.9	2014/2015/2016/2017/2018/2019/2020 Mercedes-Benz S-Class Sedan	W222 sedan；普通长轴，不含 Maybach；逐年覆盖后按区间最大值保留	可入库
split_part_10_result.md	Mercedes-Benz S-Class	三厢车	Mercedes-Benz	S-Class	Sedan	Maybach / LWB	gen4 W222 full-size luxury	2016-2020			215.0	74.8	59.0	2016/2017/2018/2019/2020 Mercedes-Maybach S-Class	Maybach 长轴明显加长，必须独立；逐年覆盖后按区间最大值保留	可入库
split_part_11_result.md	Mercedes-Benz S-Class	跑车	Mercedes-Benz	S-Class	Coupe	Std.	gen6 C217 full-size luxury	2015			197.9	74.8	55.8	2015 Mercedes-Benz S-Class Coupe	C217 coupe 结构不同，2015 单年已从 2015-2017 段拆出	可入库
split_part_11_result.md	Mercedes-Benz S-Class	跑车	Mercedes-Benz	S-Class	Coupe	Std.	gen6 C217 full-size luxury	2016-2017			198.6	74.8	56.0	2016-2017 Mercedes-Benz S-Class Coupe	C217 coupe 结构不同，2016-2017 三维一致合并	可入库
split_part_11_result.md	Mercedes-Benz S-Class	跑车	Mercedes-Benz	S-Class	Coupe	Std.	gen6 C217 full-size luxury	2018			198.1	74.8	55.6	2018 Mercedes-Benz S-Class Coupe	C217 coupe facelift 段单年拆出，已修正为 Edmunds 2018 Coupe 尺寸	可入库
split_part_11_result.md	Mercedes-Benz S-Class	跑车	Mercedes-Benz	S-Class	Coupe	Std.	gen6 C217 full-size luxury	2019			198.9	74.8	56.2	2019 Mercedes-Benz S-Class Coupe	C217 coupe facelift 段单年拆出，已修正 width_without_mirrors 为 74.8	可入库
split_part_11_result.md	Mercedes-Benz S-Class	跑车	Mercedes-Benz	S-Class	Coupe	Std.	gen6 C217 full-size luxury	2020			198.1	74.8	55.6	2020 Mercedes-Benz S-Class S 560 4MATIC Coupe	C217 coupe facelift 末年单年已核，已修正为 2020 Coupe 尺寸	可入库
split_part_11_result.md	Mercedes-Benz S-Class	跑车	Mercedes-Benz	S-Class	Convertible	Std.	gen6 A217 full-size luxury	2017			198.6	75.3	56.2	2017 Mercedes-Benz S-Class Cabriolet	A217 convertible 结构不同，2017 单年已核	可入库
split_part_11_result.md	Mercedes-Benz S-Class	跑车	Mercedes-Benz	S-Class	Convertible	Std.	gen6 A217 full-size luxury	2018			198.1	74.8	55.8	2018 Mercedes-Benz S-Class Cabriolet	A217 convertible 结构不同，2018 单年尺寸与 2019 不同	可入库
split_part_11_result.md	Mercedes-Benz S-Class	跑车	Mercedes-Benz	S-Class	Convertible	Std.	gen6 A217 full-size luxury	2019			198.9	74.8	56.2	2019 Mercedes-Benz S-Class Cabriolet	A217 convertible 结构不同，2019 单年为后期最大点	可入库
split_part_11_result.md	Mercedes-Benz S-Class	跑车	Mercedes-Benz	S-Class	Convertible	Std.	gen6 A217 full-size luxury	2020			198.1	74.8	55.8	2020 Mercedes-Benz S-Class Cabriolet	A217 convertible 结构不同，2020 单年已核	可入库
split_part_11_result.md	Mercedes-Benz S-Class	三厢车	Mercedes-Benz	S-Class	Sedan	AMG	gen6 W222 full-size luxury	2014			208.1	76.0	59.0	2014 Mercedes-AMG S63 Sedan	从 AMG / PHEV 混合行拆出，2014 单年尺寸与 2015-2017 不同	可入库
split_part_11_result.md	Mercedes-Benz S-Class	三厢车	Mercedes-Benz	S-Class	Sedan	AMG	gen6 W222 full-size luxury	2015-2016			206.5	74.8	58.7	2015-2016 Mercedes-AMG S63 Sedan	2015-2016 三维一致合并	可入库
split_part_11_result.md	Mercedes-Benz S-Class	三厢车	Mercedes-Benz	S-Class	Sedan	AMG	gen6 W222 full-size luxury	2017			208.1	75.0	59.0	2017 Mercedes-AMG S63 Sedan	按 MBUSA 2017 AMG S63 Sedan 官方规格闭环	可入库
split_part_11_result.md	Mercedes-Benz S-Class	三厢车	Mercedes-Benz	S-Class	Sedan	AMG	gen6 W222 full-size luxury	2018-2019			208.5	75.0	59.0	2018-2019 Mercedes-AMG S63 Sedan	2018-2019 三维一致合并	可入库
split_part_11_result.md	Mercedes-Benz S-Class	三厢车	Mercedes-Benz	S-Class	Sedan	AMG	gen6 W222 full-size luxury	2020			208.5	76.0	59.0	2020 Mercedes-AMG S63 Sedan	2020 Edmunds 完整三维已核，宽度按 2020 AMG S63 width_without_mirrors 76.0	可入库
split_part_11_result.md	Mercedes-Benz S-Class	三厢车	Mercedes-Benz	S-Class	Sedan	PHEV	gen6 W222 full-size luxury	2015-2016			206.5	74.8	58.7	2015-2016 Mercedes-Benz S550e/S550 Plug-In Hybrid	2015-2016 PHEV 三维一致合并	可入库
split_part_11_result.md	Mercedes-Benz S-Class	三厢车	Mercedes-Benz	S-Class	Sedan	PHEV	gen6 W222 full-size luxury	2017			206.5	75.0	58.8	2017 Mercedes-Benz S550e Plug-in Hybrid; 2017 Mercedes-Benz S550e Sedan MBUSA	按 C&D/MBUSA 差异取安全包络，width_without_mirrors 取 75.0，高度取 58.8	可入库
split_part_11_result.md	Mercedes-Benz S-Class	三厢车	Mercedes-Benz	S-Class	Sedan	PHEV	gen6 W222 full-size luxury	2019-2020			206.9	74.8	58.9	2019-2020 Mercedes-Benz S560e Plug-in Hybrid	2019-2020 PHEV 三维一致合并	可入库
split_part_11_result.md	Mercedes-Benz S-Class	三厢车	Mercedes-Benz	S-Class	Sedan	Std.	gen7 W223 full-size luxury	2021-2025			208.2	76.9	59.2	2021-2025 Mercedes-Benz S-Class Sedan	W223 sedan，2021-2025 三维一致合并	可入库
split_part_11_result.md	Mercedes-Benz S-Class	三厢车	Mercedes-Benz	S-Class	Sedan	Std.	gen7 W223 full-size luxury	2026			209.5	76.9	59.2	2026 Mercedes-Benz S-Class S500/S580 4MATIC Sedan	W223 sedan，2026 S-Class 规格已补齐，长度 209.5	可入库
split_part_11_result.md	Mercedes-Benz S-Class	三厢车	Mercedes-Benz	S-Class	Sedan	Maybach	gen7 Z223 full-size luxury	2021-2026			215.3	75.6	59.4	2021-2026 Mercedes-Maybach S-Class	Maybach 长轴明显加长，2021-2026 三维一致合并	可入库
split_part_11_result.md	Mercedes-Benz S-Class	三厢车	Mercedes-Benz	S-Class	Sedan	AMG S63 E Performance	gen7 V223 full-size luxury	2023-2025			210.1	75.6	59.6	2023-2025 Mercedes-AMG S63 E Performance	2023-2025 AMG S63 E Performance 三维一致合并	可入库
split_part_11_result.md	Mercedes-Benz S-Class	三厢车	Mercedes-Benz	S-Class	Sedan	AMG S63 E Performance	gen7 V223 full-size luxury	2026			210.1	75.6	59.2	2026 Mercedes-AMG S63 E Performance	2026 高度不同，单独保留	可入库
split_part_11_result.md	Mercedes-Benz SL-Class	跑车	Mercedes-Benz	SL-Class	Roadster	Std.	gen4 R129 luxury roadster	1990-1991			176.0	71.3	50.7	1990-1991 Mercedes-Benz SL-Class R129	R129 roadster，早期低车高段拆出	可入库
split_part_11_result.md	Mercedes-Benz SL-Class	跑车	Mercedes-Benz	SL-Class	Roadster	Std.	gen4 R129 luxury roadster	1992-1996			176.0	71.3	51.3	1992-1996 Mercedes-Benz SL-Class R129	R129 roadster，中期高度变化段拆出	可入库
split_part_11_result.md	Mercedes-Benz SL-Class	跑车	Mercedes-Benz	SL-Class	Roadster	Std.	gen4 R129 luxury roadster	1997-2002			177.1	71.3	51.3	1997-2002 Mercedes-Benz SL-Class R129	R129 roadster，后期长度变化段拆出	可入库
split_part_11_result.md	Mercedes-Benz SL-Class	跑车	Mercedes-Benz	SL-Class	Roadster	V12	gen4 R129 luxury roadster	1992-1996			178.0	71.3	51.3	1992-1996 Mercedes-Benz SL600 V12	R129 V12 前期长度 178.0 in，V12 1992-1996 段已闭环	可入库
split_part_11_result.md	Mercedes-Benz SL-Class	跑车	Mercedes-Benz	SL-Class	Roadster	V12	gen4 R129 luxury roadster	1997-2001			177.1	71.3	51.3	1997-2001 Mercedes-Benz SL600 V12	R129 V12 后期跟随 1997-2001 R129 长度 177.1 in	可入库
split_part_11_result.md	Mercedes-Benz SL-Class	跑车	Mercedes-Benz	SL-Class	Roadster	Std.	gen5 R230 luxury roadster	2003-2004			178.5	72.0	51.1	2003-2004 Mercedes-Benz SL-Class	R230 retractable hardtop，早期宽度段拆出	可入库
split_part_11_result.md	Mercedes-Benz SL-Class	跑车	Mercedes-Benz	SL-Class	Roadster	Std.	gen5 R230 luxury roadster	2005-2012			178.5	71.5	51.1	2005-2012 Mercedes-Benz SL-Class	R230 retractable hardtop，后期宽度段拆出	可入库
split_part_11_result.md	Mercedes-Benz SL-Class	跑车	Mercedes-Benz	SL-Class	Roadster	AMG SL55	gen5 R230 luxury roadster	2003-2008			178.5	71.5	51.0	2003-2008 Mercedes-AMG SL55	R230 AMG SL55 2003-2008 三维一致合并	可入库
split_part_11_result.md	Mercedes-Benz SL-Class	跑车	Mercedes-Benz	SL-Class	Roadster	AMG SL63	gen5 R230 luxury roadster	2009-2010			178.5	71.5	51.0	2009-2010 Mercedes-AMG SL63	R230 facelift AMG SL63 2009-2010 三维一致合并	可入库
split_part_11_result.md	Mercedes-Benz SL-Class	跑车	Mercedes-Benz	SL-Class	Roadster	AMG SL63	gen5 R230 luxury roadster	2011-2012			180.8	71.5	51.1	2011-2012 Mercedes-AMG SL63	R230 AMG SL63 2011-2012 三维一致合并	可入库
split_part_11_result.md	Mercedes-Benz SL-Class	跑车	Mercedes-Benz	SL-Class	Roadster	AMG SL65	gen5 R230 luxury roadster	2005			178.5	71.5	51.1	2005 Mercedes-AMG SL65	2005 与 2006 高度不同，单独保留	可入库
split_part_11_result.md	Mercedes-Benz SL-Class	跑车	Mercedes-Benz	SL-Class	Roadster	AMG SL65	gen5 R230 luxury roadster	2006			178.5	71.5	51.0	2006 Mercedes-AMG SL65	2006 Edmunds SL65 AMG 完整三维修正	可入库
split_part_11_result.md	Mercedes-Benz SL-Class	跑车	Mercedes-Benz	SL-Class	Roadster	AMG SL65	gen5 R230 luxury roadster	2007-2008			178.5	71.5	51.1	2007-2008 Mercedes-AMG SL65 Roadster	普通 SL65 AMG Roadster 外包络闭环，excl: Black Series；2007-2008 三维一致合并	可入库
split_part_11_result.md	Mercedes-Benz SL-Class	跑车	Mercedes-Benz	SL-Class	Roadster	AMG SL65	gen5 R230 luxury roadster	2009			181.3	71.5	51.1	2009 Mercedes-Benz SL65 AMG Roadster	2009 长度不同，单独保留；excl: Black Series 固定顶/宽体 Coupe	可入库
split_part_11_result.md	Mercedes-Benz SL-Class	跑车	Mercedes-Benz	SL-Class	Roadster	AMG SL65	gen5 R230 luxury roadster	2010			178.5	71.5	51.1	2010 Mercedes-AMG SL65 Roadster	2010 长度不同，单独保留；excl: Black Series 固定顶/宽体 Coupe	可入库
split_part_11_result.md	Mercedes-Benz SL-Class	跑车	Mercedes-Benz	SL-Class	Roadster	AMG SL65	gen5 R230 luxury roadster	2011-2012			180.8	71.5	51.1	2011-2012 Mercedes-AMG SL65 Roadster	2011-2012 三维一致合并，excl: Black Series / R231	可入库
split_part_12_result.md	Mercedes-Benz SL-Class	跑车	Mercedes-Benz	SL-Class	Roadster	Std.	gen6 luxury roadster	2013-2020			182.3	76.7	51.8	2013/2014/2015/2016/2017/2018/2019/2020 Mercedes-Benz SL-Class Roadster	R231 retractable hardtop roadster；2021 缺席；Std. 取区间最大外廓	可入库
split_part_12_result.md	Mercedes-Benz SL-Class	跑车	Mercedes-Benz	SL-Class	Roadster	AMG SL63/SL65	gen6 luxury roadster	2013-2020			182.7	76.7	51.8	2013/2014/2015/2016/2017/2018/2019/2020 Mercedes-AMG SL63/SL65 Roadster	R231 AMG 包围；按 AMG 区间最大外廓保留	可入库
split_part_12_result.md	Mercedes-Benz SL-Class	跑车	Mercedes-Benz	SL-Class	Roadster	AMG SL43/SL55/SL63/SL63 S E	gen7 luxury roadster	2022-2026			185.2	75.4	53.5	2022/2023/2024/2025/2026 Mercedes-AMG SL Roadster	R232 AMG-only；2+2 soft-top，换代	可入库
split_part_12_result.md	Mercedes-Benz SL-Class	跑车	Mercedes-Benz	SL-Class	Roadster	Maybach SL680	gen7 luxury roadster	2026-2026			185.2	75.4	53.5	2026 Mercedes-Maybach SL680 Roadster	Maybach SL680 基于 AMG SL；外观套件单列，尺寸按安全最大值	可入库
split_part_12_result.md	Mercedes-Benz SLK-Class	跑车	Mercedes-Benz	SLK-Class	Roadster	Std.	gen1 compact roadster	1998-2004			157.9	67.5	50.6	1998/1999/2000/2001/2002/2003/2004 Mercedes-Benz SLK-Class Roadster	R170 retractable hardtop；Std. 区间最大外廓	可入库
split_part_12_result.md	Mercedes-Benz SLK-Class	跑车	Mercedes-Benz	SLK-Class	Roadster	AMG SLK32	gen1 compact roadster	2002-2004			157.9	67.5	50.4	2002/2003/2004 Mercedes-AMG SLK32 Roadster	R170 AMG SLK32；AMG 动力版，外廓与 R170 roadster 接近	可入库
split_part_12_result.md	Mercedes-Benz SLK-Class	跑车	Mercedes-Benz	SLK-Class	Roadster	Std.	gen2 compact roadster	2005-2011			161.5	70.4	51.1	2005/2006/2007/2008/2009/2010/2011 Mercedes-Benz SLK-Class Roadster	R171 retractable hardtop；Std. 区间最大外廓	可入库
split_part_12_result.md	Mercedes-Benz SLK-Class	跑车	Mercedes-Benz	SLK-Class	Roadster	AMG SLK55	gen2 compact roadster	2005-2011			161.5	70.6	50.0	2005/2006/2007/2008/2009/2010/2011 Mercedes-AMG SLK55 Roadster	R171 AMG SLK55；AMG 宽度/高度不同，保留独立行	可入库
split_part_12_result.md	Mercedes-Benz SLK-Class	跑车	Mercedes-Benz	SLK-Class	Roadster	Std.	gen3 compact roadster	2012-2016			162.8	71.5	51.2	2012/2013/2014/2015/2016 Mercedes-Benz SLK-Class Roadster	R172 SLK；Std. 区间最大外廓	可入库
split_part_12_result.md	Mercedes-Benz SLC-Class	跑车	Mercedes-Benz	SLC-Class	Roadster	Std.	gen3 facelift compact roadster	2017-2020			162.8	71.5	51.3	2017/2018/2019/2020 Mercedes-Benz SLC-Class SLC300 Roadster	2017 起更名 SLC；R172 facelift Std.	可入库
split_part_12_result.md	Mercedes-Benz SLC-Class	跑车	Mercedes-Benz	SLC-Class	Roadster	AMG SLC43	gen3 facelift compact roadster	2017-2020			163.1	71.5	51.3	2017/2018/2019/2020 Mercedes-AMG SLC43 Roadster	R172 facelift AMG SLC43；长度大于 Std.，单列	可入库
split_part_13_result.md	Pontiac G5	跑车	Pontiac	G5	Coupe	Std.	gen1 compact	2007-2009			179.8	67.5	55.6	2007/2008/2009 Pontiac G5 Coupe, Edmunds	G4 偏墨西哥名；美国正式 Pontiac G5 主要按 Coupe 处理	可入库
split_part_13_result.md	Chevrolet Cobalt	三厢车	Chevrolet	Cobalt	Sedan	Std.	gen1 compact	2005-2010			180.3	67.9	57.1	2005/2006/2007/2008/2009/2010 Chevrolet Cobalt Sedan, Edmunds	如需补全平台，可参考美国 Chevrolet Cobalt Sedan；本轮补齐 2006/2008 Sedan	可入库
split_part_13_result.md	Chevrolet Cobalt	跑车	Chevrolet	Cobalt	Coupe	Std.	gen1 compact	2005-2010			180.5	67.9	55.5	2005/2006/2007/2008/2009/2010 Chevrolet Cobalt Coupe, Edmunds	如需补全平台，可参考美国 Chevrolet Cobalt Coupe；本轮补齐 2010 Coupe	可入库
split_part_13_result.md	Porsche 911	跑车	Porsche	911	Coupe	Std.	gen1 classic 911	1965-1973			166.4	63.4	52.0	1965/1966/1967/1968/1969/1970/1971/1972/1973 Porsche 911 Coupe, Excellence/Autoevolution/CarsGuide	早期窄体 coupe；本轮补齐 1965-1973 全区间参考，按 classic 911 Coupe 安全 max 入库	可入库
split_part_13_result.md	Porsche 911	跑车	Porsche	911	Targa	Std.	gen1 classic 911	1967-1973			166.4	63.4	52.0	1967/1968/1969/1970/1971/1972/1973 Porsche 911 Targa, Autoevolution/Supercars/Excellence	Targa 结构不同；本轮补齐 1967-1973 全区间参考	可入库
split_part_13_result.md	Porsche 911	跑车	Porsche	911	Coupe	Std.	gen2 G-Series	1974-1989			168.9	65.0	52.0	1974-1989 Porsche 911 Coupe, Autoevolution/CarsGuide/Excellence	G-Series 普通窄体 coupe；本轮补为 1974-1989 区间完整规格参考	可入库
split_part_13_result.md	Porsche 911	跑车	Porsche	911	Targa	Std.	gen2 G-Series	1974-1989			168.9	65.0	52.0	1974-1989 Porsche 911 Targa, Autoevolution/Excellence	Targa 结构不同；本轮补为 1974-1989 区间完整规格参考	可入库
split_part_13_result.md	Porsche 911	跑车	Porsche	911	Convertible	Cabriolet	gen2 G-Series	1983-1989			168.9	65.0	52.0	1983/1984/1985/1986/1987/1988/1989 Porsche 911 Cabriolet, Excellence	Cabriolet 结构不同；本轮补齐 1984/1985 Cabriolet	可入库
split_part_13_result.md	Porsche 911	跑车	Porsche	911	Coupe	Turbo / widebody	gen2 G-Series	1976-1980			168.9	69.9	52.0	1976/1977/1978/1979/1980 Porsche 911 Turbo Coupe, Excellence/930-turbo	原 1976-1989 Turbo 宽体按美国市场断点拆出 1976-1980；1981-1985 不作为美国连续覆盖；本轮补齐 1976/1980	可入库
split_part_13_result.md	Porsche 911	跑车	Porsche	911	Coupe	Turbo / widebody	gen2 G-Series	1986-1989			168.9	69.9	52.0	1986/1987/1988/1989 Porsche 911 Turbo Coupe, Excellence	Turbo 宽体，必须拆；本轮补齐 1986/1988	可入库
split_part_13_result.md	Porsche 911	跑车	Porsche	911	Coupe	Std.	gen3 964	1990-1994			167.3	65.0	51.9	1990/1991/1992/1993/1994 Porsche 911 Carrera 2 Coupe 964, Excellence	964 普通 coupe；本轮补齐 1992/1993	可入库
split_part_14_result.md	Porsche 911	跑车	Porsche	911	Convertible	Cabriolet	gen3 964	1990-1994			167.3	65.0	51.9	1990/1991/1992/1993/1994 Porsche 911 Carrera Cabriolet	Cabriolet 结构不同	可入库
split_part_14_result.md	Porsche 911	跑车	Porsche	911	Targa	Std.	gen3 964	1990-1994			167.3	65.0	52.0	1990/1991/1992/1993/1994 Porsche 911 Carrera Targa	Targa 结构不同	可入库
split_part_14_result.md	Porsche 911	跑车	Porsche	911	Coupe	Turbo	gen3 964	1991-1994			168.3	69.9	51.6	1991/1992/1993/1994 Porsche 911 Turbo Coupe	Turbo 宽体，必须拆	可入库
split_part_14_result.md	Porsche 911	跑车	Porsche	911	Coupe	Std.	gen4 993	1995-1998			167.7	68.3	51.8	1995/1996/1997/1998 Porsche 911 Carrera Coupe	993 普通 coupe	可入库
split_part_14_result.md	Porsche 911	跑车	Porsche	911	Convertible	Cabriolet	gen4 993	1995-1998			167.7	68.3	51.8	1995/1996/1997/1998 Porsche 911 Carrera Cabriolet	Cabriolet 结构不同	可入库
split_part_14_result.md	Porsche 911	跑车	Porsche	911	Targa	Glass roof	gen4 993	1996-1998			167.7	68.3	51.8	1996/1997/1998 Porsche 911 Targa	993 Targa 玻璃顶结构	可入库
split_part_14_result.md	Porsche 911	跑车	Porsche	911	Coupe	Turbo	gen4 993	1996-1998			167.7	70.7	51.8	1996/1997/1998 Porsche 911 Turbo Coupe	Turbo 宽体，必须拆	可入库
split_part_14_result.md	Porsche 911	跑车	Porsche	911	Coupe	Std.	gen5 996	1999-2004			174.4	69.7	51.4	1999/2000/2001/2002/2003/2004 Porsche 911 Carrera Coupe	996 普通 coupe	可入库
split_part_14_result.md	Porsche 911	跑车	Porsche	911	Convertible	Cabriolet	gen5 996	1999-2004			174.4	69.7	51.4	1999/2000/2001/2002/2003/2004 Porsche 911 Carrera Cabriolet	Cabriolet 结构不同	可入库
split_part_14_result.md	Porsche 911	跑车	Porsche	911	Targa	Glass roof	gen5 996	2002-2004			174.4	69.7	51.4	2002/2003/2004 Porsche 911 Targa	Targa 结构不同	可入库
split_part_15_result.md	Porsche 911	跑车	Porsche	911	Coupe	Turbo widebody	gen5 996	2001-2005			174.6	72.0	51.0	2001/2002/2003/2004/2005 Porsche 911 Turbo	996 Turbo 属宽体，按 Coupe Turbo 全段尺寸入库；不混入 GT2	可入库
split_part_15_result.md	Porsche 911	跑车	Porsche	911	Coupe	GT2 widebody	gen5 996	2002-2005			175.0	72.1	50.2	2002/2003/2004/2005 Porsche 911 GT2	996 GT2 属宽体高性能 coupe，低于 Turbo 高度但长度略大；不覆盖 2001	可入库
split_part_15_result.md	Porsche 911	跑车	Porsche	911	Coupe	GT3	gen5 996	2004-2005			174.6	69.7	50.2	2004/2005 Porsche 911 GT3	996 GT3 非 Turbo 宽体，宽度明显小于 Turbo/GT2，单独拆出	可入库
split_part_15_result.md	Porsche 911	跑车	Porsche	911	Coupe	GT3 RS	gen5 996	2004			174.6	69.7	50.2	2004 Porsche 911 GT3 RS	996 GT3 RS 为稀有轻量化版本，当前 split 内只保留 2004，不外扩 2003	可入库
split_part_15_result.md	Porsche 911	跑车	Porsche	911	Coupe	Std.	gen6 997.1	2005-2008			175.6	72.9	51.2	2005/2006/2007/2008 Porsche 911 Carrera/Carrera S/Carrera 4/Carrera 4S Coupe	997.1 普通 coupe，含 Carrera 4/4S 宽体安全包络，未并入 Turbo/GT	可入库
split_part_15_result.md	Porsche 911	跑车	Porsche	911	Coupe	Std.	gen6 997.2	2009-2012			176.3	72.9	51.2	2009/2010/2011/2012 Porsche 911 Carrera/Carrera S/Carrera 4/Carrera 4S Coupe	997.2 普通 coupe，中期改款后按普通 Carrera 系最大包络，未并入 Turbo/GT	可入库
split_part_15_result.md	Porsche 911	跑车	Porsche	911	Convertible	Std.	gen6 997.1	2005-2008			175.6	72.9	51.6	2005/2006/2007/2008 Porsche 911 Carrera/Carrera S/Carrera 4/Carrera 4S Cabriolet	Cabriolet 结构不同，软顶车身高度单独保留，含 Carrera 4/4S 宽体安全包络	可入库
split_part_15_result.md	Porsche 911	跑车	Porsche	911	Convertible	Std.	gen6 997.2	2009-2012			176.3	72.9	51.6	2009/2010/2011/2012 Porsche 911 Carrera/Carrera S/Carrera 4/Carrera 4S Cabriolet	Cabriolet 结构不同，997.2 改款后单独拆段，按普通 Cabriolet 最大包络	可入库
split_part_15_result.md	Porsche 911	跑车	Porsche	911	Targa	Std.	gen6 997.1	2007-2008			175.6	72.9	51.6	2007/2008 Porsche 911 Targa 4/Targa 4S	Targa 结构不同，玻璃顶车身单独保留，Targa 以 AWD 宽体包络处理	可入库
split_part_15_result.md	Porsche 911	跑车	Porsche	911	Targa	Std.	gen6 997.2	2009-2012			176.3	72.9	51.6	2009/2010/2011/2012 Porsche 911 Targa 4/Targa 4S	Targa 结构不同，997.2 改款后单独拆段，Targa 以 AWD 宽体包络处理	可入库
split_part_15_result.md	Porsche 911	跑车	Porsche	911	Coupe	Turbo / Turbo S widebody	gen6 997.1	2007-2009			176.3	72.9	51.2	2007/2008/2009 Porsche 911 Turbo/Turbo S	997.1 Turbo/Turbo S 宽体版本，独立于普通 Carrera 与 GT3	可入库
split_part_15_result.md	Porsche 911	跑车	Porsche	911	Coupe	Turbo / Turbo S widebody	gen6 997.2	2010-2012			176.3	72.9	51.2	2010/2011/2012 Porsche 911 Turbo/Turbo S	997.2 Turbo/Turbo S 宽体版本，facelift 段单独保留	可入库
split_part_15_result.md	Porsche 911	跑车	Porsche	911	Coupe	GT2 widebody	gen6 997	2008-2009			176.9	72.9	50.9	2008/2009 Porsche 911 GT2	GT2 宽体高性能 coupe，低于 Turbo 高度但宽体风险相同，单独拆出	可入库
split_part_15_result.md	Porsche 911	跑车	Porsche	911	Coupe	GT2 RS widebody	gen6 997	2011			175.9	72.9	50.6	2011 Porsche 911 GT2 RS	GT2 RS 单年高风险版本，不能与 Turbo/GT3 混用	可入库
split_part_15_result.md	Porsche 911	跑车	Porsche	911	Coupe	GT3 RS widebody	gen6 997.1	2007-2008			176.9	72.9	50.9	2007/2008 Porsche 911 GT3 RS	GT3 RS 宽体/大尾翼版本，997.1 段单独保留；不再泛写 2009	可入库
split_part_15_result.md	Porsche 911	跑车	Porsche	911	Coupe	GT3 RS widebody	gen6 997.2	2010-2011			176.9	72.9	50.4	2010/2011 Porsche 911 GT3 RS	GT3 RS 宽体/大尾翼版本，997.2 段单独保留；按 2010/2011 已核最大包络	可入库
split_part_15_result.md	Porsche 911	跑车	Porsche	911	Coupe	GT3	gen6 997.1	2007-2008			176.5	71.2	50.4	2007/2008 Porsche 911 GT3	997.1 GT3 宽度小于 GT3 RS/Turbo/GT2，单独拆出	可入库
split_part_15_result.md	Porsche 911	跑车	Porsche	911	Coupe	GT3	gen6 997.2	2010-2011			176.5	71.2	50.4	2010/2011 Porsche 911 GT3	997.2 GT3 宽度小于 GT3 RS/Turbo/GT2，单独拆出；不再泛写 2009	可入库
split_part_15_result.md	Porsche 911	跑车	Porsche	911	Coupe	Std.	gen7 991.1	2012-2016			176.8	72.9	51.0	2012/2013/2014/2015/2016 Porsche 911 Carrera/Carrera S/Carrera 4/Carrera 4S Coupe	991.1 普通 coupe，含 Carrera 4/4S 宽体安全包络，未并入 Turbo/GT	可入库
split_part_15_result.md	Porsche 911	跑车	Porsche	911	Coupe	Std.	gen7 991.2	2017-2019			178.2	72.9	51.0	2017/2018/2019 Porsche 911 Carrera/Carrera S/Carrera 4/Carrera 4S Coupe	991.2 普通 coupe，facelift 后长度略增，含 Carrera 4/4S 宽体安全包络	可入库
split_part_15_result.md	Porsche 911	跑车	Porsche	911	Convertible	Std.	gen7 991.1	2012-2016			176.8	72.9	51.3	2012/2013/2014/2015/2016 Porsche 911 Carrera/Carrera S/Carrera 4/Carrera 4S Cabriolet	Cabriolet 结构不同，991.1 单独保留，含 Carrera 4/4S 宽体安全包络	可入库
split_part_15_result.md	Porsche 911	跑车	Porsche	911	Convertible	Std.	gen7 991.2	2017-2019			179.6	72.9	51.3	2017/2018/2019 Porsche 911 Carrera/Carrera S/Carrera 4/Carrera 4S Cabriolet	Cabriolet 结构不同，991.2 facelift 后单独拆段，按普通 Cabriolet 最大包络	可入库
split_part_15_result.md	Porsche 911	跑车	Porsche	911	Targa	Std.	gen7 991.1	2014-2016			176.8	72.9	51.3	2014/2015/2016 Porsche 911 Targa 4/Targa 4S	Targa 结构不同，AWD 宽体风险高于普通 Carrera，按 Targa 4/4S 最大包络	可入库
split_part_15_result.md	Porsche 911	跑车	Porsche	911	Targa	Std.	gen7 991.2	2017-2019			177.1	72.9	51.3	2017/2018/2019 Porsche 911 Targa 4/Targa 4S	Targa 结构不同，991.2 facelift 后单独拆段，按 Targa 4/4S 最大包络	可入库
split_part_15_result.md	Porsche 911	跑车	Porsche	911	Coupe	Turbo / Turbo S widebody	gen7 991.1	2014-2016			177.4	74.0	51.0	2014/2015/2016 Porsche 911 Turbo/Turbo S	991.1 Turbo/Turbo S 为宽体版本，独立于普通 Carrera 4S，也不与 GT3 RS/GT2 RS 大尾翼混用	可入库
split_part_15_result.md	Porsche 911	跑车	Porsche	911	Coupe	Turbo / Turbo S widebody	gen7 991.2	2017-2019			177.4	74.0	51.0	2017/2018/2019 Porsche 911 Turbo/Turbo S	991.2 Turbo/Turbo S 为宽体版本，facelift 段单独保留，尺寸包络与 991.1 Turbo 接近但年份分段更清晰	可入库
split_part_15_result.md	Porsche 911	跑车	Porsche	911	Coupe	GT3 RS widebody	gen7 991	2016/2019			179.4	74.0	51.1	2016/2019 Porsche 911 GT3 RS	GT3 RS 宽体和大尾翼，宽度/高度大于普通 GT3，单独拆出	可入库
split_part_15_result.md	Porsche 911	跑车	Porsche	911	Coupe	GT2 RS widebody	gen7 991	2018			179.1	74.0	51.1	2018 Porsche 911 GT2 RS	GT2 RS 宽体和大尾翼，2018 单年高风险版本，不能与 Turbo 普通宽体混用	可入库
split_part_15_result.md	Porsche 911	跑车	Porsche	911	Coupe	GT3	gen7 991.1	2014-2016			176.8	72.9	50.4	2014/2015/2016 Porsche 911 GT3	991.1 GT3 与 GT3 RS/GT2 RS 宽度不同，单独拆出；不混入 2017	可入库
split_part_15_result.md	Porsche 911	跑车	Porsche	911	Coupe	GT3	gen7 991.2	2018-2019			179.6	72.9	50.0	2018/2019 Porsche 911 GT3	991.2 GT3 与 GT3 RS/GT2 RS 宽度不同，2017 不纳入本行，按 2018-2019 实际覆盖	可入库
split_part_15_result.md	Porsche 911	跑车	Porsche	911	Roadster	Speedster	gen7 991	2019			179.6	73.0	49.3	2019 Porsche 911 Speedster	Speedster 为特殊敞篷车身，长度最大但高度更低，不能与 GT3 RS/GT2 RS 混用	可入库
split_part_15_result.md	Porsche 911	跑车	Porsche	911	Coupe	Std.	gen8 992	2020-2024			177.9	72.9	51.1	2020/2021/2022/2023/2024 Porsche 911 Carrera/Carrera S/Carrera 4/Carrera 4S Coupe	992 普通 coupe，未并入 GT3/Dakar/S/T 等特殊车身	可入库
split_part_16_result.md	Porsche 911	跑车	Porsche	911	Convertible	Cabriolet	gen8 992	2020-2024			177.9	72.9	51.1	2020/2021/2022/2023/2024 Porsche 911 Carrera Cabriolet	992 Cabriolet 结构不同，标准宽体未并入	可入库
split_part_16_result.md	Porsche 911	跑车	Porsche	911	Targa	Std.	gen8 992	2021-2024			177.9	72.9	51.2	2021/2022/2023/2024 Porsche 911 Targa 4/Targa 4S	Targa 结构不同，2024 Targa 4S 高度取 51.2	可入库
split_part_16_result.md	Porsche 911	跑车	Porsche	911	Coupe	Turbo	gen8 992	2021-2024			178.6	74.9	51.3	2021/2022/2023/2024 Porsche 911 Turbo/Turbo S Coupe	Turbo 宽体，区别于 Carrera/GT3/Dakar	可入库
split_part_16_result.md	Porsche 911	跑车	Porsche	911	Coupe	GT3/GT3 RS	gen8 992	2022-2024			180.0	74.8	52.1	2022/2023/2024 Porsche 911 GT3/GT3 RS Coupe	GT/RS 空气套件高风险；原范围内 2021 不作为 GT3/GT3 RS 覆盖年	可入库
split_part_16_result.md	Porsche 911	跑车	Porsche	911	Coupe	Dakar	gen8 992	2023-2024			178.6	73.4	52.7	2023/2024 Porsche 911 Dakar	Dakar 加高，原 2021-2024 范围内仅保留实际 Dakar 年份	可入库
split_part_16_result.md	Porsche 911	跑车	Porsche	911	Coupe	Std. facelift	gen8 facelift 992.2	2025-2026			179.3	72.9	51.3	2025/2026 Porsche 911 Carrera/Carrera GTS Coupe	992.2 普通 coupe，长度取 GTS 最大	可入库
split_part_16_result.md	Porsche 911	跑车	Porsche	911	Convertible	Cabriolet facelift	gen8 facelift 992.2	2025-2026			179.3	72.9	51.3	2025/2026 Porsche 911 Carrera/GTS Cabriolet	Cabriolet 改款，标准/GTS Cabriolet 不并入 Turbo Cabriolet 宽体	可入库
split_part_16_result.md	Porsche 911	跑车	Porsche	911	Targa	Std. facelift	gen8 facelift 992.2	2026-2026			179.3	72.9	51.3	2026 Porsche 911 Targa 4S/Targa 4 GTS	Targa 4S/GTS 2026 扩展，取 GTS 长度最大	可入库
split_part_16_result.md	Porsche 911	跑车	Porsche	911	Coupe	Turbo facelift	gen8 facelift 992.2	2025-2026			179.2	74.8	51.3	2025/2026 Porsche 911 Turbo/Turbo S Coupe	Turbo/Turbo S 宽体，区别于 GT3；2026 长度取最大	可入库
split_part_16_result.md	Porsche 911	跑车	Porsche	911	Coupe	GT3 facelift	gen8 facelift 992.2	2025-2026			179.9	72.9	50.4	2025/2026 Porsche 911 GT3 Coupe	992.2 GT3，低车身，区别于 GT3 RS 大尾翼版本	可入库
split_part_16_result.md	Porsche 911	跑车	Porsche	911	Coupe	GT3 RS	gen8 992	2025-2025			180.0	74.8	52.0	2025 Porsche 911 GT3 RS	GT3 RS 空气套件高风险；2026 未确认不覆盖	可入库
split_part_16_result.md	Porsche Panamera	两厢车	Porsche	Panamera	Liftback	Std.	gen1 full-size luxury	2010-2013			195.6	76.0	55.8	2010/2011/2012/2013 Porsche Panamera Liftback	一代标准轴，长度修正为 195.6，取高度最大值	可入库
split_part_16_result.md	Porsche Panamera	两厢车	Porsche	Panamera	Liftback	Std. facelift	gen1 facelift full-size luxury	2014-2016			197.4	76.0	55.8	2014/2015/2016 Porsche Panamera Liftback	改款标准轴，2015 低高但取区间最大高度	可入库
split_part_16_result.md	Porsche Panamera	两厢车	Porsche	Panamera	Liftback	Executive LWB	gen1 facelift full-size luxury	2014-2016			203.4	76.0	56.1	2014/2015/2016 Porsche Panamera 4S/Turbo Executive LWB	Executive 长轴，必须拆	可入库
split_part_17_result.md	Porsche Panamera	三厢车	Porsche	Panamera	Liftback	Std.	gen2 full-size luxury	2017-2023			198.8	76.3	56.0	2017/2018/2019/2020/2021/2022/2023 Porsche Panamera, Edmunds	二代标准 Liftback；取整段普通款最大值	可入库
split_part_17_result.md	Porsche Panamera	三厢车	Porsche	Panamera	Liftback	Executive LWB	gen2 full-size luxury	2017-2023			204.7	76.3	56.2	2017/2018/2019/2020/2021/2022/2023 Porsche Panamera Executive, Edmunds	二代 Executive 长轴；长宽高独立于标准轴距	可入库
split_part_17_result.md	Porsche Panamera	两厢车	Porsche	Panamera	Wagon	Sport Turismo	gen2 full-size luxury	2018-2023			198.8	76.3	56.2	2018/2019/2020/2021/2022/2023 Porsche Panamera Sport Turismo, Edmunds/Porsche spec	二代 Sport Turismo wagon；高于标准 Liftback，第三代不延展	可入库
split_part_17_result.md	Porsche Panamera	三厢车	Porsche	Panamera	Liftback	Std.	gen3 full-size luxury	2024-2026			198.9	76.3	56.1	2024/2025/2026 Porsche Panamera, Edmunds	三代标准 Liftback；2024 高 56.1 为区间最大，Sport Turismo 不延展	可入库
split_part_17_result.md	Porsche Taycan	三厢车	Porsche	Taycan	Sedan	EV	gen1 electric sport sedan	2020-2024			195.4	77.5	54.9	2020/2021/2022/2023/2024 Porsche Taycan Sedan, Edmunds	前期 Taycan Sedan；2022-2024 基础款高度 54.9 为区间最大	可入库
split_part_17_result.md	Porsche Taycan	两厢车	Porsche	Taycan	Wagon	Cross Turismo	gen1 electric sport wagon	2021-2024			195.8	77.4	55.6	2021/2022/2023/2024 Porsche Taycan Cross Turismo, Edmunds/KBB	前期 Cross Turismo 加高；2024 Turbo Cross Turismo 高 55.6 为区间最大	可入库
split_part_17_result.md	Porsche Taycan	两厢车	Porsche	Taycan	Wagon	Sport Turismo	gen1 electric sport wagon	2022-2024			195.4	77.5	55.5	2022/2023/2024 Porsche Taycan Sport Turismo, Edmunds	Sport Turismo 低于 Cross Turismo；2022 GTS 高 55.5 为区间最大	可入库
split_part_17_result.md	Porsche Taycan	三厢车	Porsche	Taycan	Sedan	EV facelift	gen1 facelift electric sport sedan	2025-2026			195.4	77.4	54.3	2025/2026 Porsche Taycan Sedan, Edmunds	普通 Taycan facelift Sedan；Turbo GT 宽体不并入本行	可入库
split_part_17_result.md	Porsche Taycan	两厢车	Porsche	Taycan	Wagon	Cross Turismo facelift	gen1 facelift electric sport wagon	2025-2026			195.9	77.4	55.6	2025/2026 Porsche Taycan Cross Turismo, Edmunds	Cross Turismo facelift 加高；2025 Turbo Cross Turismo 长/高为区间最大	可入库
split_part_18_result.md	Porsche Taycan	两厢车	Porsche	Taycan	Wagon	Sport Turismo facelift	gen1 facelift electric sport wagon	2025-2026			195.4	77.4	54.8	2025 Porsche Taycan GTS Sport Turismo, KBB; 2026 Porsche Taycan GTS Sport Turismo, CarBuzz	2025 KBB确认Sport Turismo在美款GTS；2026 CarBuzz补无镜宽口径；按无镜宽77.4保留	可入库
split_part_18_result.md	Porsche Taycan	三厢车	Porsche	Taycan	Sedan	Turbo GT / Weissach	gen1 facelift electric sport sedan	2025-2026			195.6	78.7	54.3	2025 Porsche Taycan Turbo GT; 2026 Porsche Taycan Turbo GT / Weissach, Edmunds	Turbo GT 宽 78.7 且更低，独立保留	可入库
split_part_18_result.md	Rivian R1T	皮卡	Rivian	R1T	Pickup	Dual / Quad / Adventure	gen1 electric midsize pickup	2022	Crew Cab	4.5	217.1	81.8	73.1	2022 Rivian R1T Launch Edition, Edmunds	2022 Edmunds 为 width without mirrors 81.8 / height 73.1；与2023-2024高度口径不同，单独拆出	可入库
split_part_18_result.md	Rivian R1T	皮卡	Rivian	R1T	Pickup	Dual / Quad / Adventure	gen1 electric midsize pickup	2023-2024	Crew Cab	4.5	217.1	79.0	78.2	2023/2024 Rivian R1T, Edmunds	2023-2024 基础外廓逐年覆盖；高度按高悬挂外廓最大值保留	可入库
split_part_18_result.md	Rivian R1T	皮卡	Rivian	R1T	Pickup	Performance / wheel-tire packages	gen1 electric midsize pickup	2022-2024	Crew Cab	4.5	217.1	81.8	79.0	2022 Rivian R1T Launch Edition, Edmunds; 2022 Rivian R1T long-term test, MotorTrend; 2023/2024 Rivian R1T, Edmunds	为覆盖2022宽度与轮胎/悬挂高度上限，取安全最大外廓；未发现长度超过217.1	可入库
split_part_18_result.md	Rivian R1T	皮卡	Rivian	R1T	Pickup	Dual / Tri / Quad	gen2 electric midsize pickup	2025-2026	Crew Cab	4.5	217.1	82.0	78.2	2025/2026 Rivian R1T Dual / Tri / Quad, Edmunds; Rivian official R1T size	2025-2026 Gen2 基础外廓一致；bed length 54.2 in，约4.5ft	可入库
split_part_18_result.md	Rivian R1T	皮卡	Rivian	R1T	Pickup	Quad / off-road packages	gen2 electric midsize pickup	2025	Crew Cab	4.5	217.1	82.0	78.2	2025 Rivian R1T Quad Max, Edmunds; Rivian official R1T max height	2025 Edmunds列出Quad Max选项；外廓按R1T官方/Edmunds最大口径保留，未发现超过78.2	可入库
split_part_18_result.md	Rivian R1T	皮卡	Rivian	R1T	Pickup	Quad / off-road packages	gen2 electric midsize pickup	2026	Crew Cab	4.5	217.1	82.0	78.2	2026 Rivian R1T Quad, Edmunds; Rivian official R1T size	2026 Edmunds Quad 已确认217.1/82.0/78.2，未发现超过基础Gen2外廓	可入库
split_part_18_result.md	Cadillac Escalade EXT	皮卡	Cadillac	Escalade EXT	Pickup	Std.	gen2 full-size pickup	2002-2006	Crew Cab	5.3	221.4	79.5	75.6	2002/2003/2004/2005/2006 Cadillac Escalade EXT Crew Cab, Edmunds	Crew Cab短货斗；2002-2006逐年参考已补齐	可入库
split_part_18_result.md	Cadillac Escalade EXT	皮卡	Cadillac	Escalade EXT	Pickup	Std.	gen3 full-size pickup	2007-2013	Crew Cab	5.3	222.0	79.1	74.5	2007/2008/2009/2010/2011/2012/2013 Cadillac Escalade EXT Crew Cab, Edmunds	Crew Cab可变货斗；2007-2013逐年参考已补齐	可入库
split_part_18_result.md	Chevrolet Colorado	皮卡	Chevrolet	Colorado	Pickup	Std.	gen1 compact pickup	2004-2005	Crew Cab	5.0	207.1	68.6	65.2	2004/2005 Chevrolet Colorado Crew Cab, Edmunds	Crew Cab 短货斗约61.1 in；2004/2005逐年覆盖	可入库
split_part_18_result.md	Chevrolet Colorado	皮卡	Chevrolet	Colorado	Pickup	Std.	gen1 compact pickup	2004-2011	Extended Cab	6.0	207.1	67.6	64.9	2004/2005/2006/2007/2008/2009/2010/2011 Chevrolet Colorado Extended Cab, Edmunds	Extended Cab 6ft级货斗；2004-2011逐年参考已补齐；2011 Edmunds Extended Cab 为207.1/67.6/64.9	可入库
split_part_19_result.md	Chevrolet Colorado	皮卡	Chevrolet	Colorado	Pickup	Std.	gen1 compact pickup	2004-2012	Regular Cab	6.0	192.8	68.6	67.6	2004/2005/2006/2007/2008/2009/2010/2011/2012 Colorado Regular Cab 6 ft	2004长度最大；2008/2011样本宽高最大	可入库
split_part_19_result.md	Chevrolet Colorado	皮卡	Chevrolet	Colorado	Pickup	Std.	gen1 compact pickup	2004-2012	Extended Cab	6.0	207.1	68.6	67.6	2004/2005/2006/2007/2008/2009/2010/2011/2012 Colorado Extended Cab 6 ft	由原Crew Cab 6.0修正；Crew Cab为5ft短斗，Extended Cab为6ft长斗	可入库
split_part_19_result.md	Chevrolet Colorado	皮卡	Chevrolet	Colorado	Pickup	Std.	gen1 compact pickup	2008	Crew Cab	5.0	207.1	68.6	67.9	2008 Colorado Crew Cab 5 ft	2008 Crew Cab短斗已核，宽高按4WD样本上修	可入库
split_part_19_result.md	Chevrolet Colorado	皮卡	Chevrolet	Colorado	Pickup	Std.	gen1 compact pickup	2012	Crew Cab	5.0	207.1	67.6	65.2	2012 Colorado Crew Cab 5 ft	2012 Crew Cab短斗已核	可入库
split_part_19_result.md	Chevrolet Colorado	皮卡	Chevrolet	Colorado	Pickup	Std.	gen2 midsize pickup	2015	Extended Cab	6.0	212.7	74.3	70.6	2015 Colorado Extended Cab 6 ft	2015单年已核，宽高按当前表最大安全值保留	可入库
split_part_19_result.md	Chevrolet Colorado	皮卡	Chevrolet	Colorado	Pickup	Std.	gen2 midsize pickup	2015-2018	Crew Cab	5.0	212.7	74.3	70.6	2015/2016/2017/2018 Colorado Crew Cab 5 ft	2015-2018逐年样本已覆盖	可入库
split_part_19_result.md	Chevrolet Colorado	皮卡	Chevrolet	Colorado	Pickup	Std.	gen2 midsize pickup	2015-2022	Crew Cab	6.0	225	74.3	70.6	2015/2016/2017/2018/2019/2020/2021/2022 Colorado Crew Cab 6 ft	2015-2022长斗逐年样本已覆盖；按224.9/225.0长度口径取225	可入库
split_part_19_result.md	Chevrolet Colorado	皮卡	Chevrolet	Colorado	Pickup	ZR2	gen2 midsize pickup	2017-2022	Crew Cab	5.0	212.7	76.7	72.2	2017/2018/2019/2020/2021/2022 Colorado ZR2 Crew Cab 5 ft	高车身/宽体；当前行为Crew Cab 5ft，按Edmunds Crew Cab ZR2口径取72.2	可入库
split_part_19_result.md	Chevrolet Colorado	皮卡	Chevrolet	Colorado	Pickup	Std.	gen2 midsize pickup	2018-2020	Extended Cab	6.0	212.7	74.3	70.6	2018/2019/2020 Colorado Extended Cab 6 ft	2018-2020逐年样本已覆盖	可入库
split_part_19_result.md	Chevrolet Colorado	皮卡	Chevrolet	Colorado	Pickup	Std.	gen2 midsize pickup	2020-2022	Crew Cab	5.0	212.7	74.3	70.7	2020/2021/2022 Colorado Crew Cab 5 ft	2020-2022逐年样本已覆盖，按2020/2021最大高度70.7	可入库
split_part_20_result.md	Chevrolet Colorado	皮卡	Chevrolet	Colorado	Pickup	ZR2	gen3 midsize pickup	2023-2026	Crew Cab	5.0	212.7	78.1	81.8	2023/2024/2025/2026 Chevrolet Colorado ZR2 Crew Cab 5-ft bed	高车身	可入库
split_part_20_result.md	Chevrolet Colorado	皮卡	Chevrolet	Colorado	Pickup	Std.	gen3 midsize pickup	2023-2026	Crew Cab	5.0	213.2	78.1	79.8	2023/2024/2025/2026 Chevrolet Colorado Trail Boss / Z71 Crew Cab 5-ft bed	含 Trail Boss / Z71 高车身版本	可入库
split_part_20_result.md	Chevrolet Silverado 1500	皮卡	Chevrolet	Silverado 1500	Pickup	Std.	gen1 full-size pickup	1999	Regular Cab	8.0	222.0	78.5	71.0	1999 Silverado 1500 Regular Cab 8-ft long bed	按 KBB Long Bed/133-in WB/8.00-ft bed 修正；原 227.6 更像 Extended Cab short bed 口径	可入库
split_part_20_result.md	Chevrolet Silverado 1500	皮卡	Chevrolet	Silverado 1500	Pickup	Std.	gen1 full-size pickup	2000	Regular Cab	8.0	222.2	78.5	71.0	2000 Silverado 1500 Regular Cab 8-ft long bed	按 133-in WB / 8-ft box 确认	可入库
split_part_20_result.md	Chevrolet Silverado 1500	皮卡	Chevrolet	Silverado 1500	Pickup	Std.	gen1 full-size pickup	2001-2004	Regular Cab	8.0	222.1	78.5	71.0	2001/2002/2003/2004 Silverado 1500 Regular Cab 8-ft long bed	按 2001-2004 8-ft/133-in WB 逐年确认，取 222.1/78.5/71.0	可入库
split_part_20_result.md	Chevrolet Silverado 1500	皮卡	Chevrolet	Silverado 1500	Pickup	Std.	gen1 full-size pickup	2005-2006	Regular Cab	8.0	224.5	78.5	71.0	2005/2006 Silverado 1500 Regular Cab 8-ft long bed	按 Edmunds/KBB 8-ft trim 确认，2005-2006 长度高于 2001-2004	可入库
split_part_20_result.md	Chevrolet Silverado 1500	皮卡	Chevrolet	Silverado 1500	Pickup	Std.	gen1 full-size pickup	1999	Extended Cab	6.5	227.6	78.5	73.9	1999 Silverado 1500 Extended Cab short bed / 143.5-in WB	按 KBB Short Bed/143.5 WB 确认，货斗名义按表内 6.5 保留	可入库
split_part_20_result.md	Chevrolet Silverado 1500	皮卡	Chevrolet	Silverado 1500	Pickup	Std.	gen1 full-size pickup	2000-2004	Extended Cab	6.5	227.7	78.5	73.9	2000/2001/2002/2003/2004 Silverado 1500 Extended Cab 6.5-ft standard bed	按 2000-2004 6.5-ft/143.5 WB 逐年确认，取 227.7/73.9 安全值	可入库
split_part_20_result.md	Chevrolet Silverado 1500	皮卡	Chevrolet	Silverado 1500	Pickup	Std.	gen1 full-size pickup	2005-2006	Extended Cab	6.5	227.7	78.5	73.9	2005/2006 Silverado 1500 Extended Cab 6.5-ft standard bed	按 2005/2006 逐年确认后合并	可入库
split_part_20_result.md	Chevrolet Silverado 1500	皮卡	Chevrolet	Silverado 1500	Pickup	Std.	gen1 full-size pickup	1999-2000	Extended Cab	8.0	246.7	78.5	73.7	1999/2000 Silverado 1500 Extended Cab 8-ft long bed	按 1999 Edmunds/KBB 8-ft/157.5 WB 与 2000 既有参考确认，取 246.7/73.7 安全值	可入库
split_part_20_result.md	Chevrolet Silverado 1500	皮卡	Chevrolet	Silverado 1500	Pickup	Std.	gen1 full-size pickup	2001-2004	Extended Cab	8.0	246.6	78.5	73.7	2001/2002/2003/2004 Silverado 1500 Extended Cab 8-ft long bed	按 2001-2004 8-ft/157.5 WB 逐年确认，取高度安全值 73.7	可入库
split_part_20_result.md	Chevrolet Silverado 1500	皮卡	Chevrolet	Silverado 1500	Pickup	Std.	gen1 full-size pickup	2005-2006	Extended Cab	8.0	249.0	78.5	73.9	2005/2006 Silverado 1500 Extended Cab 8-ft long bed	按 KBB 2005/2006 8-ft trim 确认，取 249.0/73.9 安全值	可入库
split_part_20_result.md	Chevrolet Silverado 1500	皮卡	Chevrolet	Silverado 1500	Pickup	Std.	gen1 full-size pickup	2004	Crew Cab	5.8	230.2	78.5	75.0	2004 Silverado 1500 Crew Cab 5.8-ft short bed		可入库
split_part_20_result.md	Chevrolet Silverado 1500	皮卡	Chevrolet	Silverado 1500	Pickup	Std.	gen1 full-size pickup	2005	Crew Cab	5.8	225.9	78.5	75.0	2005 Silverado 1500 Crew Cab 5.8-ft short bed	2005 长度低于 2004/2006，单年拆出	可入库
split_part_20_result.md	Chevrolet Silverado 1500	皮卡	Chevrolet	Silverado 1500	Pickup	Std.	gen1 full-size pickup	2006	Crew Cab	5.8	230.2	78.5	75.0	2006 Silverado 1500 Crew Cab 5.8-ft short bed		可入库
split_part_20_result.md	Chevrolet Silverado 1500	皮卡	Chevrolet	Silverado 1500	Pickup	Std.	gen2 full-size pickup	2007-2013	Regular Cab	6.5	205.6	79.9	73.6	2007/2008/2009/2010/2011/2012/2013 Silverado 1500 Regular Cab 6.5-ft standard bed	按 2007-2013 6.5-ft trim 逐年确认后合并	可入库
split_part_20_result.md	Chevrolet Silverado 1500	皮卡	Chevrolet	Silverado 1500	Pickup	Std.	gen2 full-size pickup	2007-2013	Regular Cab	8.0	224.5	79.9	73.5	2007/2008/2009/2010/2011/2012/2013 Silverado 1500 Regular Cab 8-ft long bed	按 2007-2013 8-ft trim 逐年确认后合并	可入库
split_part_20_result.md	Chevrolet Silverado 1500	皮卡	Chevrolet	Silverado 1500	Pickup	Std.	gen2 full-size pickup	2007-2008	Crew Cab	5.8	229.9	79.9	73.7	2007/2008 Silverado 1500 Crew Cab 5.8-ft short bed	按 2007-2008 尺寸一致拆分	可入库
split_part_20_result.md	Chevrolet Silverado 1500	皮卡	Chevrolet	Silverado 1500	Pickup	Std.	gen2 full-size pickup	2009-2010	Crew Cab	5.8	230.2	80.0	73.7	2009/2010 Silverado 1500 Crew Cab 5.8-ft short bed	按 2009-2010 尺寸一致拆分	可入库
split_part_20_result.md	Chevrolet Silverado 1500	皮卡	Chevrolet	Silverado 1500	Pickup	Std.	gen2 full-size pickup	2011-2013	Crew Cab	5.8	230.2	80.0	73.7	2011/2012/2013 Silverado 1500 Crew Cab 5.8-ft short bed	按 2011-2013 尺寸一致拆分	可入库
split_part_20_result.md	Chevrolet Silverado 1500	皮卡	Chevrolet	Silverado 1500	Pickup	Std.	gen2 full-size pickup	2007	Extended Cab	6.5	229.9	79.9	73.7	2007 Silverado 1500 Extended Cab 6.5-ft standard bed	按 KBB 6.5-ft trim 确认，归入 2007/2008 尺寸口径	可入库
split_part_20_result.md	Chevrolet Silverado 1500	皮卡	Chevrolet	Silverado 1500	Pickup	Std.	gen2 full-size pickup	2008	Extended Cab	6.5	229.9	79.9	73.7	2008 Silverado 1500 Extended Cab 6.5-ft standard bed	2008 单年尺寸低于 2009-2011，单独拆出	可入库
split_part_20_result.md	Chevrolet Silverado 1500	皮卡	Chevrolet	Silverado 1500	Pickup	Std.	gen2 full-size pickup	2009-2011	Extended Cab	6.5	230.2	79.9	73.9	2009/2010/2011 Silverado 1500 Extended Cab 6.5-ft standard bed	按 2009-2011 最大高度 73.9 归并	可入库
split_part_20_result.md	Chevrolet Silverado 1500	皮卡	Chevrolet	Silverado 1500	Pickup	Std.	gen2 full-size pickup	2012-2013	Extended Cab	6.5	230.2	79.9	73.9	2012/2013 Silverado 1500 Extended Cab 6.5-ft standard bed	按 KBB 6 1/2 ft 版本确认，取高度安全值 73.9	可入库
split_part_21_result.md	Chevrolet Silverado 1500	皮卡	Chevrolet	Silverado 1500	Pickup	Std.	gen2	2007-2013	Extended Cab	8.0	248.8	79.9	73.6	2007-2013 Chevrolet Silverado 1500 Extended Cab long bed	本轮补入 2008/2009/2012；2009/2012 部分来源为 249.2 口径，当前行保留原最大 248.8，后续若统一 KBB 口径可上调至 249.2	可入库
split_part_21_result.md	Chevrolet Silverado 1500	皮卡	Chevrolet	Silverado 1500	Pickup	Std.	gen3	2014-2018	Regular Cab	6.6	205.6	80	74	2014-2018 Chevrolet Silverado 1500 Regular Cab standard bed	本轮补入 2016；2014-2018 已逐年覆盖，保留当前最大值	可入库
split_part_21_result.md	Chevrolet Silverado 1500	皮卡	Chevrolet	Silverado 1500	Pickup	Std.	gen3	2014-2018	Regular Cab	8.0	224.4	80	74	2014-2018 Chevrolet Silverado 1500 Regular Cab long bed	本轮补入 2016；2014-2018 已逐年覆盖，保留当前最大值	可入库
split_part_21_result.md	Chevrolet Silverado 1500	皮卡	Chevrolet	Silverado 1500	Pickup	Std.	gen3	2014-2018	Crew Cab	5.8	230	80	74.2	2014-2018 Chevrolet Silverado 1500 Crew Cab short bed	本轮补入 2014/2017/2018；2014-2018 已逐年覆盖，保留当前最大值	可入库
split_part_21_result.md	Chevrolet Silverado 1500	皮卡	Chevrolet	Silverado 1500	Pickup	Std.	gen3	2014-2018	Double Cab	6.6	230	80	73.9	2014-2018 Chevrolet Silverado 1500 Double Cab standard bed	2014-2018 已逐年覆盖，保留当前最大值	可入库
split_part_21_result.md	Chevrolet Silverado 1500	皮卡	Chevrolet	Silverado 1500	Pickup	Std.	gen4	2022-2026	Regular Cab	6.6	210.9	81.1	75.8	2022-2026 Chevrolet Silverado 1500 Regular Cab standard bed	2019-2021 Regular Cab 6.6 未确认/疑似不提供，不在本行入库；2022-2026 已覆盖，保留高度最大值 75.8	可入库
split_part_21_result.md	Chevrolet Silverado 1500	皮卡	Chevrolet	Silverado 1500	Pickup	Std.	gen4	2019-2026	Regular Cab	8.0	229.7	81.1	75.6	2019-2026 Chevrolet Silverado 1500 Regular Cab long bed	2019-2026 已逐年覆盖，2020/2021/2022 为 229.5 左右，保留本行最大 229.7	可入库
split_part_21_result.md	Chevrolet Silverado 1500	皮卡	Chevrolet	Silverado 1500	Pickup	Std.	gen4	2019-2026	Double Cab	6.6	231.9	81.2	75.6	2019-2026 Chevrolet Silverado 1500 Double Cab standard bed	2019-2026 已逐年覆盖，2019/2020/2021 为 231.7 左右，保留本行最大 231.9	可入库
split_part_21_result.md	Chevrolet Silverado 1500	皮卡	Chevrolet	Silverado 1500	Pickup	Std.	gen4	2019-2026	Crew Cab	5.8	231.9	81.2	75.5	2019-2026 Chevrolet Silverado 1500 Crew Cab short bed	2019-2026 已逐年覆盖，2021 为 231.7/81.2/75.5，保留本行最大 231.9	可入库
split_part_21_result.md	Chevrolet Silverado 1500	皮卡	Chevrolet	Silverado 1500	Pickup	Trail Boss	gen4	2021-2026	Crew Cab	5.8	232.9	81.2	78.7	2021-2026 Chevrolet Silverado 1500 Crew Cab short bed Trail Boss	Trail Boss 高车身/离地间隙高；2020 Trail Boss 5.8 未确认，且已查到的 2020 LT Trail Boss 样本为 79.4 in 标准床，不并入本行	可入库
split_part_21_result.md	Chevrolet Silverado 2500HD	皮卡	Chevrolet	Silverado 2500HD	Pickup	Std.	gen1 HD pickup	2001-2007	Crew Cab	6.8	237.3	79.7	77.0	2001-2007 Chevrolet Silverado 2500HD Crew Cab standard bed SRW	已从 2500HD/3500HD 混合行缩小为 2500HD；3500/3500HD 及 DRW 不并入；尺寸按 2001-2007 Crew Cab 6.5/6.8 ft SRW 最大口径修正	可入库
split_part_22_result.md	Chevrolet Silverado 2500HD/3500HD	皮卡	Chevrolet	Silverado 2500HD/3500HD	Pickup	Std.	gen2 HD pickup	2008-2010	Crew Cab	6.5	240.2	80.0	78.3	2008/2009/2010 Chevrolet Silverado 2500HD Crew Cab standard bed; 2008/2009/2010 Chevrolet Silverado 3500HD Crew Cab 8ft/long bed non-matching reference	SRW; Crew Cab standard bed; 2500HD侧已覆盖2008-2010；3500HD同年直接standard bed完整三维缺失，按2500HD同构型与本段原上限保守出库；8ft/DRW/with-mirrors样本继续排除	可出库: 保守上限
split_part_22_result.md	Chevrolet Silverado 2500HD/3500HD	皮卡	Chevrolet	Silverado 2500HD/3500HD	Pickup	Std.	gen2 HD pickup	2011	Crew Cab	6.5	240.2	80.0	78.3	2011 Chevrolet Silverado 2500HD Crew Cab standard bed; 2011 Chevrolet Silverado 3500HD Crew Cab 153.7in WB SRW/6.5ft configuration reference	SRW; Crew Cab standard bed; 3500HD Crew Cab 6.5ft/SRW构型已确认；完整三维按2500HD同构型与原段上限保守出库	可出库: 保守上限
split_part_22_result.md	Chevrolet Silverado 2500HD/3500HD	皮卡	Chevrolet	Silverado 2500HD/3500HD	Pickup	Std.	gen2 HD pickup	2012	Crew Cab	6.5	240.2	80.0	78.3	2012 Chevrolet Silverado 2500HD Crew Cab standard bed; 2012 Chevrolet Silverado 3500HD Crew Cab 153.7in WB/6.5ft bed reference; 2012 Chevrolet Silverado 3500HD Crew Cab Edmunds 78.8in bed reference	SRW; Crew Cab standard bed; 3500HD Crew Cab 6.5ft/78.8in货斗已确认；完整三维按2500HD同构型与原段上限保守出库	可出库: 保守上限
split_part_22_result.md	Chevrolet Silverado 2500HD/3500HD	皮卡	Chevrolet	Silverado 2500HD/3500HD	Pickup	Std.	gen2 HD pickup	2013	Crew Cab	6.5	240.2	80.0	77.4	2013 Chevrolet Silverado 2500HD Crew Cab standard bed; 2013 Chevrolet Silverado 3500HD Crew Cab standard bed complete dimension reference	SRW; Crew Cab standard bed; 已补齐2013 3500HD Crew Cab standard bed完整三维240.2/80.0/77.4、153.7in WB与78.8in货斗；2500HD侧有standard bed参考	可入库
split_part_22_result.md	Chevrolet Silverado 2500HD/3500HD	皮卡	Chevrolet	Silverado 2500HD/3500HD	Pickup	Std.	gen2 HD pickup	2014	Crew Cab	6.5	240.2	80.0	78.1	2014 Chevrolet Silverado 2500HD Crew Cab standard bed complete dimension reference; 2014 Chevrolet Silverado 3500HD Crew Cab standard bed complete dimension reference	SRW; Crew Cab standard bed; 已补齐2014 3500HD Crew Cab standard bed完整三维240.2/80.0/77.4与78.8in货斗；2014 2500HD Crew Cab standard bed完整三维240.2/80.0/78.1已确认	可入库
split_part_22_result.md	Chevrolet Silverado 2500HD/3500HD	皮卡	Chevrolet	Silverado 2500HD/3500HD	Pickup	Std.	gen3 HD pickup	2015-2019	Crew Cab	6.5	239.5	80.5	78.4	2015/2016/2017/2018/2019 Chevrolet Silverado 2500HD Crew Cab standard bed; 2015/2016/2018/2019 Chevrolet Silverado 3500HD Crew Cab standard bed; 2017 Chevrolet Silverado 3500HD Crew Cab 6.5ft bed reference; 2017 Chevrolet Silverado 3500HD Crew Cab 8ft non-matching reference	SRW; Crew Cab standard bed; 2017 3500HD Crew Cab 6.5ft构型已确认，8ft样本不替代；按2015-2019同段已核上限保守出库	可出库: 保守上限
split_part_22_result.md	Chevrolet Silverado 2500HD/3500HD	皮卡	Chevrolet	Silverado 2500HD/3500HD	Pickup	Std.	gen4 HD pickup	2020-2022	Crew Cab	6.8	250.0	81.9	80.9	2020/2021 Chevrolet Silverado 2500HD Crew Cab standard bed; 2020/2022 Chevrolet Silverado 3500HD Crew Cab standard bed	SRW; Crew Cab standard bed; 2020+ standard bed约82.3in/6.8ft；3500HD高度高于2500HD，合并行取80.9上限	可入库
split_part_22_result.md	Chevrolet Silverado 2500HD/3500HD	皮卡	Chevrolet	Silverado 2500HD/3500HD	Pickup	Std.	gen1 HD pickup	2001-2004	Regular Cab	8.0	224.5	79.7	76.7	2001/2002/2003/2004 Chevrolet Silverado 2500HD Regular Cab long bed; 2004 Chevrolet Silverado 3500HD Regular Cab long bed reference	SRW; Regular Cab long bed; 2500HD侧已覆盖2001-2004，3500侧已有2004构型/货斗参考；按本代Regular Cab已核上限保守出库	可出库: 保守上限
split_part_22_result.md	Chevrolet Silverado 2500HD/3500HD	皮卡	Chevrolet	Silverado 2500HD/3500HD	Pickup	Std.	gen1 HD pickup	2005-2006	Regular Cab	8.0	224.5	79.7	76.7	2005 Chevrolet Silverado 2500HD Regular Cab long bed; 2006 Chevrolet Silverado 2500HD Regular Cab 8ft KBB length/width reference; 2005/2006 Chevrolet Silverado 3500 Regular Cab long bed	SRW; Regular Cab long bed; 3500侧2005/2006 Regular Cab完整三维较完整，长度/宽度/高度按2005/2006 3500 Regular Cab 224.5/79.7/76.7控制；2500HD侧按保守上限出库	可出库: 保守上限
split_part_22_result.md	Chevrolet Silverado 2500HD/3500HD	皮卡	Chevrolet	Silverado 2500HD/3500HD	Pickup	Std.	gen1 HD pickup	2007	Regular Cab	8.0	224.7	79.9	76.7	2007 Chevrolet Silverado 2500HD Regular Cab long bed; 2007 Chevrolet Silverado 3500HD Regular Cab long bed; 2007 Chevrolet Silverado 3500 Regular Cab wide/with-mirrors non-matching reference; 2007 Chevrolet Silverado 3500HD Extended Cab non-matching reference	SRW; Regular Cab long bed; 3500HD Regular Cab完整三维为224.7/79.9/75.6；高度76.7按相邻已核上限保守出库；Extended Cab与wide/with-mirrors样本排除	可出库: 保守上限
split_part_22_result.md	Chevrolet Silverado 2500HD/3500HD	皮卡	Chevrolet	Silverado 2500HD/3500HD	Pickup	Std.	gen2 HD pickup	2008	Regular Cab	8.0	225.0	80.0	77.6	2008 Chevrolet Silverado 2500HD Regular Cab long bed; 2008 Chevrolet Silverado 3500HD Regular Cab 8ft KBB length reference	SRW; Regular Cab long bed; 2500HD侧有Regular Cab long bed参考，3500HD侧有8ft长度锚点；宽高按SRW原行上限保守出库	可出库: 保守上限
split_part_22_result.md	Chevrolet Silverado 2500HD/3500HD	皮卡	Chevrolet	Silverado 2500HD/3500HD	Pickup	Std.	gen2 HD pickup	2009	Regular Cab	8.0	225.0	80.0	77.6	2009 Chevrolet Silverado 2500HD Regular Cab long bed; 2009 Chevrolet Silverado 3500HD Regular Cab long bed reference	SRW; Regular Cab long bed; 2500HD侧有Regular Cab long bed参考，3500HD侧有long bed构型参考；按SRW原行上限保守出库	可出库: 保守上限
split_part_22_result.md	Chevrolet Silverado 2500HD/3500HD	皮卡	Chevrolet	Silverado 2500HD/3500HD	Pickup	Std.	gen2 HD pickup	2010	Regular Cab	8.0	225.0	80.0	77.6	2010 Chevrolet Silverado 2500HD Regular Cab long bed; 2010 Chevrolet Silverado 3500HD Regular Cab 8ft reference	SRW; Regular Cab long bed; 3500HD侧有8ft构型参考；按SRW原行上限保守出库	可出库: 保守上限
split_part_22_result.md	Chevrolet Silverado 2500HD/3500HD	皮卡	Chevrolet	Silverado 2500HD/3500HD	Pickup	Std.	gen2 HD pickup	2011	Regular Cab	8.0	225.0	80.0	77.6	2011 Chevrolet Silverado 2500HD Regular Cab long bed complete dimension reference; 2011 Chevrolet Silverado 3500HD Regular Cab 8ft reference	SRW; Regular Cab long bed; 2011 2500HD Regular Cab完整三维225.0/80.0/77.6与97.8in货斗已确认；3500HD侧有8ft构型参考但KBB宽度为with mirrors/95.9，不入without-mirrors字段；按SRW保守出库	可出库: 保守上限
split_part_22_result.md	Chevrolet Silverado 2500HD/3500HD	皮卡	Chevrolet	Silverado 2500HD/3500HD	Pickup	Std.	gen2 HD pickup	2012	Regular Cab	8.0	225.0	80.0	77.6	2012 Chevrolet Silverado 2500HD Regular Cab long bed; 2012 Chevrolet Silverado 3500HD Regular Cab long bed; 2012 Chevrolet Silverado 3500HD Regular Cab KBB 225in length reference	SRW; Regular Cab long bed; 2012 Regular Cab长度已稳定；宽高按SRW原行上限保守出库	可出库: 保守上限
split_part_22_result.md	Chevrolet Silverado 2500HD/3500HD	皮卡	Chevrolet	Silverado 2500HD/3500HD	Pickup	Std.	gen2 HD pickup	2013	Regular Cab	8.0	225.0	80.0	77.6	2013 Chevrolet Silverado 2500HD Regular Cab long bed complete dimension reference; 2013 Chevrolet Silverado 3500HD Regular Cab long bed	SRW; Regular Cab long bed; 2013 2500HD Regular Cab完整三维225.0/80.0/77.5与97.8in货斗已确认；3500HD侧有long bed参考；高度77.6按原上限保守出库	可出库: 保守上限
split_part_22_result.md	Chevrolet Silverado 2500HD/3500HD	皮卡	Chevrolet	Silverado 2500HD/3500HD	Pickup	Std.	gen2 HD pickup	2014	Regular Cab	8.0	225.0	80.0	77.6	2014 Chevrolet Silverado 2500HD Regular Cab long bed complete dimension reference; 2014 Chevrolet Silverado 3500HD Regular Cab long bed; 2014 Chevrolet Silverado 3500HD Regular Cab KBB 225in length reference	SRW; Regular Cab long bed; 2014 2500HD Regular Cab完整三维225.0/80.0/77.6已确认，3500HD侧长度225in已确认；宽高按SRW上限保守出库	可出库: 保守上限
split_part_22_result.md	Chevrolet Silverado 2500HD/3500HD	皮卡	Chevrolet	Silverado 2500HD/3500HD	Pickup	Std.	gen3 HD pickup	2015-2019	Regular Cab	8.0	224.4	80.1	77.9	2015/2016/2017/2018/2019 Chevrolet Silverado 2500HD Regular Cab long bed; 2015/2017/2018 Chevrolet Silverado 3500HD Regular Cab long bed; 2016 Chevrolet Silverado 3500HD Regular Cab 8ft length/bed reference; 2019 Chevrolet Silverado 2500HD Regular Cab complete dimension reference; 2019 Chevrolet Silverado 3500HD 8ft non-matching width reference; 2019 Chevrolet Silverado 3500HD Crew Cab/DRW non-matching reference	SRW; Regular Cab long bed; 2019 2500HD Regular Cab完整三维224.4/80.1/77.8已复核；2019 3500HD默认页宽体/非Regular Cab SRW口径排除；按2015/2017/2018 3500HD与2500HD上限保守出库	可出库: 保守上限
split_part_22_result.md	Chevrolet Silverado 2500HD/3500HD	皮卡	Chevrolet	Silverado 2500HD/3500HD	Pickup	Std.	gen4 HD pickup	2020-2023	Regular Cab	8.0	235.6	81.8	80.9	2020/2021/2022/2023 Chevrolet Silverado 3500HD Regular Cab long bed; 2023 Chevrolet Silverado 2500HD Regular Cab long bed	SRW; Regular Cab long bed; 2021 3500HD Regular Cab long bed 235.5/81.8/80.9与98.3in货斗已补；长度取2500HD同构型235.6上限，宽高取3500HD上限	可入库
split_part_22_result.md	Chevrolet Silverado 2500HD/3500HD	皮卡	Chevrolet	Silverado 2500HD/3500HD	Pickup	Std.	gen4 HD pickup facelift	2024-2026	Regular Cab	8.0	235.6	81.8	80.9	2024/2025/2026 Chevrolet Silverado 3500HD Regular Cab long bed; 2025/2026 Chevrolet Silverado 2500HD Regular Cab long bed; 2024 Chevrolet Silverado HD official Regular Cab long bed dimension reference	SRW; Regular Cab long bed; facelift年款已修正长度为235.6；2026 3500HD Regular Cab SRW已直接闭合，235.6/81.8/80.9与98.3in货斗；2024/2025/2026 3500HD高度80.9作为合并行上限	可入库
split_part_22_result.md	Chevrolet Silverado 2500HD/3500HD	皮卡	Chevrolet	Silverado 2500HD/3500HD	Pickup	Std.	gen1 HD pickup	2001-2004	Crew Cab	8.0	258.5	79.9	77.1	2001/2002/2003/2004 Chevrolet Silverado 2500HD Crew Cab long bed; 2004 Chevrolet Silverado 3500HD Crew Cab long bed reference; 2004 Chevrolet Silverado 3500 Crew Cab KBB length reference	SRW; Crew Cab long bed; 2500HD侧已覆盖2001-2004，3500侧已有2004长度/构型参考；按本代Crew Cab早段已核上限保守出库	可出库: 保守上限
split_part_22_result.md	Chevrolet Silverado 2500HD/3500HD	皮卡	Chevrolet	Silverado 2500HD/3500HD	Pickup	Std.	gen1 HD pickup	2005	Crew Cab	8.0	258.5	79.9	77.1	2005 Chevrolet Silverado 2500HD Crew Cab long bed	SRW; Crew Cab long bed; 2500HD Crew Cab long bed参考存在；按本代Crew Cab已核上限保守出库	可出库: 保守上限
split_part_22_result.md	Chevrolet Silverado 2500HD/3500HD	皮卡	Chevrolet	Silverado 2500HD/3500HD	Pickup	Std.	gen1 HD pickup	2006	Crew Cab	8.0	258.5	79.9	77.1	2006 Chevrolet Silverado 2500HD Crew Cab 8ft KBB length reference; 2006 Chevrolet Silverado 3500 Crew Cab 8ft reference; 2006 Chevrolet Silverado 3500 Crew Cab Edmunds 97.6in bed reference; 2006 Chevrolet Silverado 3500 Crew Cab wide/with-mirrors non-matching reference	SRW; Crew Cab long bed; 2006 3500 Crew Cab可确认8ft/97.6in货斗；wide/with-mirrors样本排除；宽高按本代SRW上限保守出库	可出库: 保守上限
split_part_22_result.md	Chevrolet Silverado 2500HD/3500HD	皮卡	Chevrolet	Silverado 2500HD/3500HD	Pickup	Std.	gen1 HD pickup	2007	Crew Cab	8.0	258.7	79.9	77.1	2007 Chevrolet Silverado 2500HD Crew Cab 8ft KBB reference; 2007 Chevrolet Silverado 2500HD Crew Cab standard bed width/height reference; 2007 Chevrolet Silverado 3500HD Crew Cab 8ft KBB length/with-mirrors reference; 2007 Chevrolet Silverado 3500HD Crew Cab DRW/wide non-matching reference; 2007 Chevrolet Silverado 3500 Crew Cab wide/with-mirrors non-matching reference	SRW; Crew Cab long bed; 2007 3500HD Crew Cab 8ft长度258.7保留；KBB 95.9为with mirrors、Edmunds 95.9为DRW/宽体口径，均排除；宽高按SRW上限保守出库	可出库: 保守上限
split_part_22_result.md	Chevrolet Silverado 2500HD/3500HD	皮卡	Chevrolet	Silverado 2500HD/3500HD	Pickup	Std.	gen2 HD pickup	2008	Crew Cab	8.0	259.1	80.0	77.9	2008 Chevrolet Silverado 2500HD Crew Cab long bed; 2007-2010 Chevrolet Silverado 3500HD Crew Cab long box auxiliary dimension reference	SRW; Crew Cab long bed; 2500HD侧有2008 Crew Cab long bed参考，3500HD侧有长箱辅助参考；按原SRW上限保守出库	可出库: 保守上限
split_part_22_result.md	Chevrolet Silverado 2500HD/3500HD	皮卡	Chevrolet	Silverado 2500HD/3500HD	Pickup	Std.	gen2 HD pickup	2009	Crew Cab	8.0	259.1	80.0	77.9	2009 Chevrolet Silverado 3500HD Crew Cab long bed; 2009 Chevrolet Silverado 2500HD Crew Cab long bed	SRW; Crew Cab long bed; 2500HD/3500HD均有Crew Cab long bed参考；尺寸按原SRW上限保守出库	可出库: 保守上限
split_part_22_result.md	Chevrolet Silverado 2500HD/3500HD	皮卡	Chevrolet	Silverado 2500HD/3500HD	Pickup	Std.	gen2 HD pickup	2010	Crew Cab	8.0	259.1	80.0	77.9	2010 Chevrolet Silverado 2500HD Crew Cab long bed; 2010 Chevrolet Silverado 3500HD Crew Cab long bed reference; 2007-2010 Chevrolet Silverado 3500HD Crew Cab long box auxiliary dimension reference	SRW; Crew Cab long bed; 2500HD/3500HD长箱参考存在；辅助宽体95.91或with-mirrors口径排除；按SRW原行上限保守出库	可出库: 保守上限
split_part_22_result.md	Chevrolet Silverado 2500HD/3500HD	皮卡	Chevrolet	Silverado 2500HD/3500HD	Pickup	Std.	gen2 HD pickup	2011	Crew Cab	8.0	259.1	80.0	77.9	2011 Chevrolet Silverado 3500HD Crew Cab long bed	SRW; Crew Cab long bed; 3500HD侧有Crew Cab long bed参考；按SRW原行上限保守出库	可出库: 保守上限
split_part_22_result.md	Chevrolet Silverado 2500HD/3500HD	皮卡	Chevrolet	Silverado 2500HD/3500HD	Pickup	Std.	gen2 HD pickup	2012	Crew Cab	8.0	259.1	80.0	77.9	2012 Chevrolet Silverado 3500HD Crew Cab long bed; 2012 Chevrolet Silverado 2500HD Crew Cab long bed; 2012 Chevrolet Silverado 3500HD Crew Cab KBB 259.1in long-bed length reference	SRW; Crew Cab long bed; 2012 3500HD Crew Cab KBB 259.1in long-bed长度锚点已补；3500HD与2500HD两侧均有Crew Cab long bed参考；宽高按SRW原上限保守出库	可出库: 保守上限
split_part_22_result.md	Chevrolet Silverado 2500HD/3500HD	皮卡	Chevrolet	Silverado 2500HD/3500HD	Pickup	Std.	gen2 HD pickup	2013	Crew Cab	8.0	259.1	80.0	77.9	2013 Chevrolet Silverado 3500HD Crew Cab long bed; 2013 Chevrolet Silverado 2500HD Crew Cab long bed; 2013 Chevrolet Silverado 3500HD Crew Cab KBB 259.1in long-bed length reference; 2013 Chevrolet Silverado 2500HD Crew Cab KBB 259.1in long-bed length reference	SRW; Crew Cab long bed; 2013 3500HD/2500HD Crew Cab KBB 259.1in long-bed长度锚点已补；宽高按SRW原上限保守出库	可出库: 保守上限
split_part_22_result.md	Chevrolet Silverado 2500HD/3500HD	皮卡	Chevrolet	Silverado 2500HD/3500HD	Pickup	Std.	gen2 HD pickup	2014	Crew Cab	8.0	259.1	80.0	77.9	2014 Chevrolet Silverado 3500HD Crew Cab long bed; 2014 Chevrolet Silverado 2500HD Crew Cab KBB 259.1in long-bed length reference; 2014 Chevrolet Silverado 3500HD Crew Cab KBB 259.1in long-bed length reference; 2014 Chevrolet Silverado 3500HD Crew Cab Edmunds 97.8in bed reference	SRW; Crew Cab long bed; 2014 2500HD/3500HD两侧8ft长度与货斗均已确认；width with mirrors/DRW样本排除；宽高按SRW原上限保守出库	可出库: 保守上限
split_part_23_result.md	Chevrolet Silverado 2500HD/3500HD	皮卡	Chevrolet	Silverado 2500HD/3500HD	Pickup	DRW	gen3 HD pickup	2015	Crew Cab	8.0	258.4	96.8	80.0	2015 Chevrolet Silverado 3500HD Crew Cab long bed DRW	HD DRW; 原 2015-2019 行拆出 2015; 已有 Crew Cab long bed DRW 明确参考	可入库
split_part_23_result.md	Chevrolet Silverado 2500HD/3500HD	皮卡	Chevrolet	Silverado 2500HD/3500HD	Pickup	DRW	gen3 HD pickup	2016	Crew Cab	8.0	258.4	96.8	80.0	2016 Chevrolet Silverado 3500HD Crew Cab 8 ft configuration; 2015/2017 Chevrolet Silverado 3500HD Crew Cab long bed DRW cross-check	HD DRW; 2016 Crew Cab 8 ft 配置存在，按 gen3 同代 Crew Cab long bed DRW 宽体配置压缩确认	可入库
split_part_23_result.md	Chevrolet Silverado 2500HD/3500HD	皮卡	Chevrolet	Silverado 2500HD/3500HD	Pickup	DRW	gen3 HD pickup	2017	Crew Cab	8.0	258.4	96.8	80.0	2017 Chevrolet Silverado 3500HD Crew Cab long bed DRW	HD DRW; 原 2015-2019 行拆出 2017; 已有 Crew Cab long bed DRW 明确参考	可入库
split_part_23_result.md	Chevrolet Silverado 2500HD/3500HD	皮卡	Chevrolet	Silverado 2500HD/3500HD	Pickup	DRW	gen3 HD pickup	2018	Crew Cab	8.0	258.4	96.8	80.0	2018 Chevrolet Silverado 3500HD Crew Cab 8 ft configuration; 2017/2019 Chevrolet Silverado 3500HD Crew Cab long bed DRW cross-check	HD DRW; 2018 Crew Cab 8 ft 配置存在，按 gen3 同代 Crew Cab long bed DRW 宽体配置压缩确认	可入库
split_part_23_result.md	Chevrolet Silverado 2500HD/3500HD	皮卡	Chevrolet	Silverado 2500HD/3500HD	Pickup	DRW	gen3 HD pickup	2019	Crew Cab	8.0	258.4	96.0	77.8	2019 Chevrolet Silverado 3500HD Crew Cab long bed DRW	HD DRW; 原 2018-2019 行拆出 2019; Edmunds 已明确 258.4/96.0/77.8 与 97.8 bed length	可入库
split_part_23_result.md	Chevrolet Silverado 2500HD/3500HD	皮卡	Chevrolet	Silverado 2500HD/3500HD	Pickup	DRW	gen4 HD pickup	2020	Crew Cab	8.0	266.0	96.8	80.0	2020 Chevrolet Silverado 3500HD Crew Cab long bed DRW	HD DRW; Edmunds 已明确 long bed DRW 外廓 266.0/96.8/80.0	可入库
split_part_23_result.md	Chevrolet Silverado 2500HD/3500HD	皮卡	Chevrolet	Silverado 2500HD/3500HD	Pickup	DRW	gen4 HD pickup	2021	Crew Cab	8.0	266.0	96.8	80.0	2021 Chevrolet Silverado 3500HD Crew Cab long bed DRW	HD DRW; Edmunds 已明确 Crew Cab LB DRW 外廓 266.0/96.8/80.0	可入库
split_part_23_result.md	Chevrolet Silverado 2500HD/3500HD	皮卡	Chevrolet	Silverado 2500HD/3500HD	Pickup	DRW	gen4 HD pickup	2022	Crew Cab	8.0	266.0	96.8	80.0	2022 Chevrolet Silverado 3500HD Crew Cab 8 ft; 2022 KBB Crew Cab 8 ft configuration dimensions	HD DRW; KBB 已列 Crew Cab 8 ft 版本并给出 266 in/172 in 长床配置; 高度按同代 DRW long bed 已确认最大值 80.0，不混入 standard bed 80.9	可入库
split_part_23_result.md	Chevrolet Silverado 2500HD/3500HD	皮卡	Chevrolet	Silverado 2500HD/3500HD	Pickup	DRW	gen4 HD pickup	2023	Crew Cab	8.0	266.0	96.8	80.0	2023 Chevrolet Silverado 3500HD Crew Cab 8 ft; 2023 KBB Crew Cab Pickup 4D 8 ft configuration	HD DRW; KBB 已列 Crew Cab Pickup 4D 8 ft; 尺寸按同代 DRW long bed 已确认 266.0/96.8/80.0	可入库
split_part_23_result.md	Chevrolet Silverado 2500HD/3500HD	皮卡	Chevrolet	Silverado 2500HD/3500HD	Pickup	DRW	gen4 HD pickup facelift	2024	Crew Cab	8.0	266.0	96.8	80.67	2024 Chevrolet Silverado 3500HD Crew Cab long bed DRW configuration dimensions	HD DRW; 2024 配置表已覆盖 Crew Cab long bed DRW 长度/宽度/高度; 高度由 80.9 修正为 80.67	可入库
split_part_23_result.md	Chevrolet Silverado 2500HD/3500HD	皮卡	Chevrolet	Silverado 2500HD/3500HD	Pickup	DRW	gen4 HD pickup facelift	2025	Crew Cab	8.0	266.0	96.8	80.0	2025 Chevrolet Silverado 3500HD Crew Cab 8 ft; 2025 KBB Crew Cab 8 ft configuration	HD DRW; KBB 已列 Crew Cab 8 ft 版本; 尺寸按同平台 DRW long bed 最大配置 266.0/96.8/80.0	可入库
split_part_23_result.md	Chevrolet Silverado 2500HD/3500HD	皮卡	Chevrolet	Silverado 2500HD/3500HD	Pickup	DRW	gen4 HD pickup facelift	2026	Crew Cab	8.0	266.0	96.8	80.7	2026 Chevrolet Silverado 3500HD Crew Cab long bed DRW; 2026 Chevrolet Silverado HD official length range 235.5-266	HD DRW; Edmunds 已明确 Crew Cab long bed/98.3 bed 与外廓 266.0/96.8/80.7; 高度由 80.9 修正为 80.7	可入库
split_part_23_result.md	Chevrolet Silverado 2500HD/3500HD	皮卡	Chevrolet	Silverado 2500HD/3500HD	Pickup	Std.	gen3 HD pickup	2015	Double Cab	6.8	230.0	80.5	78.1	2015/2016/2017 Chevrolet Silverado 2500HD Double Cab standard bed	HD SRW; 原 2015-2016 行拆出 2015; 按 gen3 同代 Double Cab standard bed 配置压缩确认	可入库
split_part_23_result.md	Chevrolet Silverado 2500HD/3500HD	皮卡	Chevrolet	Silverado 2500HD/3500HD	Pickup	Std.	gen3 HD pickup	2016	Double Cab	6.8	230.0	80.5	78.1	2015/2016/2017 Chevrolet Silverado 2500HD Double Cab standard bed	HD SRW; 原 2015-2016 行拆出 2016; 按 gen3 同代 Double Cab standard bed 配置压缩确认	可入库
split_part_23_result.md	Chevrolet Silverado 2500HD/3500HD	皮卡	Chevrolet	Silverado 2500HD/3500HD	Pickup	Std.	gen3 HD pickup	2017	Double Cab	6.8	230.0	80.5	78.1	2017 Chevrolet Silverado 2500HD Double Cab standard bed	HD SRW; 原 2015-2017 行拆出 2017; 已有 Double Cab standard bed 明确参考	可入库
split_part_23_result.md	Chevrolet Silverado 2500HD/3500HD	皮卡	Chevrolet	Silverado 2500HD/3500HD	Pickup	Std.	gen3 HD pickup	2015	Double Cab	8.0	248.9	80.5	78.1	2015 Chevrolet Silverado 2500HD Double Cab long bed	HD SRW; 原 2015-2019 行拆出 2015; 已有 Double Cab long bed 明确参考	可入库
split_part_23_result.md	Chevrolet Silverado 2500HD/3500HD	皮卡	Chevrolet	Silverado 2500HD/3500HD	Pickup	Std.	gen3 HD pickup	2016	Double Cab	8.0	248.9	80.5	78.1	2016 Chevrolet Silverado 3500HD Double Cab long bed; 2016 Chevrolet Silverado HD 2500HD/3500HD double cab with 8 ft box configuration listed	HD SRW; Edmunds 已明确 2016 3500HD Double Cab long bed 外廓 248.9/80.5/78.0，当前按 2500/3500 合并最大高度保留 78.1	可入库
split_part_23_result.md	Chevrolet Silverado 2500HD/3500HD	皮卡	Chevrolet	Silverado 2500HD/3500HD	Pickup	Std.	gen3 HD pickup	2017	Double Cab	8.0	248.9	80.5	78.1	2017 Chevrolet Silverado 2500HD Double Cab long bed	HD SRW; 原 2015-2019 行拆出 2017; 已有 Double Cab long bed 明确参考	可入库
split_part_23_result.md	Chevrolet Silverado 2500HD/3500HD	皮卡	Chevrolet	Silverado 2500HD/3500HD	Pickup	Std.	gen3 HD pickup	2018	Double Cab	8.0	248.9	80.5	78.1	2018 Chevrolet Silverado 2500HD Double Cab long bed; 2015-2017 Chevrolet Silverado 2500HD Double Cab long bed cross-check	HD SRW; 按 gen3 同代 Double Cab long bed 配置压缩确认	可入库
split_part_23_result.md	Chevrolet Silverado 2500HD/3500HD	皮卡	Chevrolet	Silverado 2500HD/3500HD	Pickup	Std.	gen3 HD pickup	2019	Double Cab	8.0	248.9	80.5	78.1	2019 Chevrolet Silverado 2500HD Double Cab 8 ft; 2015-2018 Chevrolet Silverado 2500HD Double Cab long bed cross-check	HD SRW; 按 gen3 同代 Double Cab long bed 配置压缩确认	可入库
split_part_23_result.md	Chevrolet Silverado 2500HD/3500HD	皮卡	Chevrolet	Silverado 2500HD/3500HD	Pickup	Std.	gen4 HD pickup	2020	Double Cab	8.0	256.46	81.85	80.87	2020 Chevrolet Silverado HD Double Cab long bed configuration; 2022/2023/2024 Chevrolet HD Double Cab long bed configuration dimensions	HD SRW; 2020 long bed 可用于 Double Cab，按 2022-2024 同平台 Double Cab long bed 配置压缩确认	可入库
split_part_23_result.md	Chevrolet Silverado 2500HD/3500HD	皮卡	Chevrolet	Silverado 2500HD/3500HD	Pickup	Std.	gen4 HD pickup	2021	Double Cab	8.0	256.46	81.85	80.87	2021 Chevrolet Silverado HD Double Cab long bed configuration; 2022/2023/2024 Chevrolet HD Double Cab long bed configuration dimensions	HD SRW; 2021 long bed 可用于 Double Cab，按 2022-2024 同平台 Double Cab long bed 配置压缩确认	可入库
split_part_23_result.md	Chevrolet Silverado 2500HD/3500HD	皮卡	Chevrolet	Silverado 2500HD/3500HD	Pickup	Std.	gen4 HD pickup	2022-2023	Double Cab	8.0	256.46	81.85	80.87	2022 Chevrolet Silverado 2500HD/3500HD Double Cab long bed configuration dimensions; 2023 Chevrolet Silverado 2500HD Double Cab long bed dimensions	HD SRW; 2022/2023 已覆盖 Double Cab long bed 长度/宽度/高度方向; 高度按 3500HD SRW 最大值保守保留	可入库
split_part_23_result.md	Chevrolet Silverado 2500HD/3500HD	皮卡	Chevrolet	Silverado 2500HD/3500HD	Pickup	Std.	gen4 HD pickup facelift	2024	Double Cab	8.0	256.46	81.85	80.87	2024 Chevrolet Silverado 2500HD/3500HD Double Cab long bed configuration dimensions	HD SRW; 2024 配置表已覆盖 Double Cab long bed 长度/宽度/高度方向	可入库
split_part_23_result.md	Chevrolet Silverado 2500HD/3500HD	皮卡	Chevrolet	Silverado 2500HD/3500HD	Pickup	Std.	gen4 HD pickup facelift	2025	Double Cab	8.0	256.46	81.85	80.87	2025 Chevrolet Silverado 2500HD Double Cab long bed length reference; 2024 Chevrolet HD Double Cab long bed configuration cross-check	HD SRW; 2025 已补 Double Cab long bed 长度 256.5 / box 98.2 方向，按 2024 facelift 同平台 Double Cab long bed 配置压缩确认	可入库
split_part_23_result.md	Chevrolet Silverado 2500HD/3500HD	皮卡	Chevrolet	Silverado 2500HD/3500HD	Pickup	Std.	gen4 HD pickup facelift	2026	Double Cab	8.0	256.46	81.85	80.87	2026 Chevrolet Silverado 2500HD Double Cab long bed configuration; 2024-2025 Chevrolet HD Double Cab long bed configuration cross-check	HD SRW; 2026 已确认 Double Cab 与 8 ft 配置方向，按 2024-2025 facelift 同平台 Double Cab long bed 配置压缩确认	可入库
split_part_23_result.md	Chevrolet Silverado 2500HD/3500HD	皮卡	Chevrolet	Silverado 2500HD/3500HD	Pickup	Std.	gen4 HD pickup	2020	Double Cab	6.8	240.45	81.85	79.95	2020 Chevrolet Silverado HD standard bed applies to Double Cab/Crew Cab bed-size cross-check; 2024 Chevrolet HD Double Cab standard bed configuration cross-check	HD SRW; 2020 标准床适用于 Double Cab，结合 2024 同平台 Double Cab standard bed 配置压缩确认	可入库
split_part_23_result.md	Chevrolet Silverado 2500HD/3500HD	皮卡	Chevrolet	Silverado 2500HD/3500HD	Pickup	Std.	gen4 HD pickup	2021	Double Cab	6.8	240.45	81.85	79.95	2021 Chevrolet Silverado 2500HD Crew Cab standard bed cross-check; 2024 Chevrolet HD Double Cab standard bed configuration cross-check	HD SRW; 2021 标准床样本确认 bed length 82.3，同平台 Double Cab standard bed 外廓按 2024 配置压缩确认	可入库
split_part_23_result.md	Chevrolet Silverado 2500HD/3500HD	皮卡	Chevrolet	Silverado 2500HD/3500HD	Pickup	Std.	gen4 HD pickup	2023	Double Cab	6.8	240.5	81.9	80.0	2023 Chevrolet Silverado 2500HD Double Cab standard bed dimensions	HD SRW; 2023 原年款 Double Cab standard bed 已补完整外廓 240.5/81.9/80.0; 本轮由 240.45/81.85/79.95 修正	可入库
split_part_23_result.md	Chevrolet Silverado 2500HD/3500HD	皮卡	Chevrolet	Silverado 2500HD/3500HD	Pickup	Std.	gen4 HD pickup facelift	2024	Double Cab	6.8	240.45	81.85	79.95	2024 Chevrolet Silverado 2500HD/3500HD Double Cab standard bed configuration dimensions	HD SRW; 2024 配置表已覆盖标准床长度/宽度/高度	可入库
split_part_25_result.md	Ford F-150	皮卡	Ford	F-150	Pickup	Std.	gen9 full-size pickup	1992-1996	SuperCab	8.0	235.3	79	74.0	1992/1993/1994/1995/1996 Ford F-150 SuperCab 8.0 ft	分类/驾驶室字段已规范；1992-1996 SuperCab长床逐年参考已覆盖；尺寸取全段最大风险值	可入库
split_part_25_result.md	Ford F-150	皮卡	Ford	F-150	Pickup	Std.	gen9 full-size pickup	1994-1995	SuperCab	6.5	219.1	79	70.8	1994/1995 Ford F-150 SuperCab short bed	分类/驾驶室字段已规范；1994/1995 KBB短床样本已覆盖本行年份；1996越界参考已移除	可入库
split_part_25_result.md	Ford F-150	皮卡	Ford	F-150	Pickup	Std.	gen10 full-size pickup	1997-1998	Regular Cab	6.5	207.4	79.8	72.7	1997/1998 Ford F-150 Regular Cab short bed	分类/驾驶室字段已规范；1997短床样本与1998 4WD短床最大样本已覆盖本行年份，尺寸取1998最大风险值	可入库
split_part_25_result.md	Ford F-150	皮卡	Ford	F-150	Pickup	Std.	gen10 full-size pickup	1997-1998	SuperCab	6.5	224.5	79.1	72.7	1997/1998 Ford F-150 SuperCab 6.5 ft	分类/驾驶室字段已规范；1997 138.5in轴距样本高于1998短床长度，1998 KBB短床样本已排除长床混淆；尺寸取本行最大风险值	可入库
split_part_25_result.md	Ford F-150	皮卡	Ford	F-150	Pickup	Std.	gen10 full-size pickup	1997-1998	Regular Cab	8.0	224.5	79.5	72.7	1997/1998 Ford F-150 Regular Cab long bed	分类/驾驶室字段已规范；1997 Edmunds长床样本与1998 KBB 8ft长床样本已覆盖本行年份；宽高保留1998风险值	可入库
split_part_25_result.md	Ford F-150	皮卡	Ford	F-150	Pickup	Std.	gen10 full-size pickup	1997-1998	SuperCab	8.0	240.9	79.5	72.7	1997/1998 Ford F-150 SuperCab 8.0 ft	分类/驾驶室字段已规范；1997 KBB长床与1998 Edmunds 157in轴距长床样本已覆盖本行年份；高度按1998 Edmunds 72.7修正	可入库
split_part_25_result.md	Ford F-150	皮卡	Ford	F-150	Pickup	Std.	gen10 full-size pickup	1999-2003	Regular Cab	6.5	208.0	79.3	75.5	1999/2000/2001/2002/2003 Ford F-150 Regular Cab short bed	分类/驾驶室字段已规范；2002 Edmunds短床样本补齐年份覆盖，长度按2002最大样本上调到208.0；宽高保留2000/2003最大配置	可入库
split_part_25_result.md	Ford F-150	皮卡	Ford	F-150	Pickup	Std.	gen10 full-size pickup	1999-2003	SuperCab	6.5	225.9	79.5	75.5	1999/2000/2001/2002/2003 Ford F-150 SuperCab 6.5 ft	分类/驾驶室字段已规范；2002 KBB确认Short Bed/King Ranch Short Bed均为6.5ft且225.5in，长床244.1in已排除；当前尺寸保留全段最大值	可入库
split_part_25_result.md	Ford F-150	皮卡	Ford	F-150	Pickup	Std.	gen10 full-size pickup	1999-2003	Regular Cab	8.0	226.1	79.5	75.5	1999/2000/2001/2002/2003 Ford F-150 Regular Cab long bed	分类/驾驶室字段已规范；1999/2001长床样本已补入，2000/2002/2003已覆盖；最大长度暂取2003 226.1，最大宽高取1999/2000/2003风险值	可入库
split_part_25_result.md	Ford F-150	皮卡	Ford	F-150	Pickup	Std.	gen10 full-size pickup	2001-2002	SuperCrew	5.5	225.9	79.9	76.9	2001-2002 Ford F-150 SuperCrew 5.5 ft	分类/驾驶室字段已规范；2001最大宽高高于2002样本，2002 Edmunds/KBB已补齐长度与5.5ft货斗；本行年份覆盖完整	可入库
split_part_26_result.md	Ford F-150	皮卡	Ford	F-150	Pickup	Std.	gen11 full-size pickup	2004-2008	Regular Cab	6.5	211.5	78.9	75.6	2004-2008 F-150 Regular Cab 6.5 ft	分类/驾驶室/货斗字段已规范；2004-2008逐年规格已覆盖，尺寸取本组合区间上限	可入库
split_part_26_result.md	Ford F-150	皮卡	Ford	F-150	Pickup	Std.	gen11 full-size pickup	2004-2008	SuperCrew	5.5	224.0	78.9	76.0	2004-2008 F-150 SuperCrew 5.5 ft	分类/驾驶室/货斗字段已规范；2004-2008逐年规格已覆盖，尺寸取本组合区间上限	可入库
split_part_26_result.md	Ford F-150	皮卡	Ford	F-150	Pickup	Std.	gen11 full-size pickup	2004-2008	Regular Cab	8.0	230.1	78.9	75.6	2004-2008 F-150 Regular Cab 8.0 ft	分类/驾驶室/货斗字段已规范；2004-2008逐年规格已覆盖，长度保留区间最大样本上限	可入库
split_part_26_result.md	Ford F-150	皮卡	Ford	F-150	Pickup	Std.	gen11 full-size pickup	2004-2008	SuperCab	6.5	229.8	78.9	75.6	2004-2008 F-150 SuperCab 6.5 ft	分类/驾驶室/货斗字段已规范；2004-2008逐年规格已覆盖，尺寸取本组合区间上限	可入库
split_part_26_result.md	Ford F-150	皮卡	Ford	F-150	Pickup	Std.	gen12 full-size pickup	2009-2012	SuperCab	6.5	231.7	79.2	76.3	2009-2012 F-150 SuperCab 6.5 ft	分类/驾驶室/货斗字段已规范；2009-2012逐年覆盖完成，宽度按2012样本上限修为79.2，尺寸取本组合区间上限	可入库
split_part_26_result.md	Ford F-150	皮卡	Ford	F-150	Pickup	Std.	gen12 full-size pickup	2009-2013	SuperCrew	5.5	231.9	79.2	76.7	2009-2013 F-150 SuperCrew 5.5 ft	分类/驾驶室/货斗字段已规范；2009-2013逐年覆盖完成，2013宽高上限保留，尺寸取本组合区间上限	可入库
split_part_26_result.md	Ford F-150	皮卡	Ford	F-150	Pickup	Std.	gen12 full-size pickup	2009-2014	Regular Cab	6.5	213.2	79.2	76.0	2009-2014 F-150 Regular Cab 6.5 ft	分类/驾驶室/货斗字段已规范；2009-2014逐年覆盖完成，2011/2014高度上限76.0，尺寸取本组合区间上限	可入库
split_part_26_result.md	Ford F-150	皮卡	Ford	F-150	Pickup	Std.	gen12 full-size pickup	2009-2014	Regular Cab	8.0	231.9	79.2	76.2	2009-2014 F-150 Regular Cab 8.0 ft	分类/驾驶室/货斗字段已规范；2009-2014逐年覆盖完成，长度按2012/2013样本上限修为231.9，尺寸取本组合区间上限	可入库
split_part_26_result.md	Ford F-150	皮卡	Ford	F-150	Pickup	Std.	gen12 full-size pickup	2009-2014	SuperCrew	6.5	243.9	79.2	76.5	2009-2014 F-150 SuperCrew 6.5 ft	分类/驾驶室/货斗字段已规范；2009-2014逐年覆盖完成，尺寸取本组合区间上限	可入库
split_part_26_result.md	Ford F-150	皮卡	Ford	F-150	Pickup	Std.	gen12 full-size pickup	2009-2014	SuperCab	8.0	250.4	79.2	76.7	2009-2014 F-150 SuperCab 8.0 ft	分类/驾驶室/货斗字段已规范；2009-2014逐年覆盖完成，尺寸取本组合区间上限	可入库
split_part_27_result.md	Ford F-150	皮卡	Ford	F-150	Pickup	Raptor	gen12 full-size pickup	2010-2014	SuperCab	5.5	220.9	86.3	78.5	2010/2011/2012/2013/2014 F-150 SVT Raptor SuperCab 5.5 ft	宽体高车身；由原Raptor行拆出SuperCab；2010-2014逐年覆盖完成	可入库
split_part_27_result.md	Ford F-150	皮卡	Ford	F-150	Pickup	Raptor	gen12 full-size pickup	2011-2014	SuperCrew	5.5	232.1	86.3	78.5	2011/2012/2013/2014 F-150 SVT Raptor SuperCrew 5.5 ft	宽体高车身；SuperCrew不覆盖2010；由原Raptor行拆出SuperCrew	可入库
split_part_27_result.md	Ford F-150	皮卡	Ford	F-150	Pickup	Std.	gen12 full-size pickup	2014	SuperCab	6.5	231.9	79.2	76.2	2014 F-150 SuperCab 6.5 ft	单年SuperCab 6.5 ft；2014本代普通版尺寸已终核	可入库
split_part_27_result.md	Ford F-150	皮卡	Ford	F-150	Pickup	Std.	gen13 full-size pickup	2015	SuperCab	6.5	231.9	79.9	76.9	2015 F-150 SuperCab 6.5 ft, Ford 2015 Source Book	代际已修；2015单年SuperCab 6.5 ft已按Ford官方表终核	可入库
split_part_27_result.md	Ford F-150	皮卡	Ford	F-150	Pickup	Std.	gen13 full-size pickup	2015-2018	SuperCrew	5.5	231.9	79.9	76.9	2015/2016/2017/2018 F-150 SuperCrew 5.5 ft	代际已修；2015-2018逐年覆盖完成；高度按普通版SuperCrew 5.5 ft最大值修正为76.9	可入库
split_part_27_result.md	Ford F-150	皮卡	Ford	F-150	Pickup	Std.	gen13 full-size pickup	2015-2020	Regular Cab	6.5	209.3	79.9	76.9	2015/2016/2017/2018/2019/2020 F-150 Regular Cab 6.5 ft	高度从77.2修为Regular Cab 6.5 ft最大约76.9；2015-2020逐年覆盖完成	可入库
split_part_27_result.md	Ford F-150	皮卡	Ford	F-150	Pickup	Std.	gen14 full-size pickup	2021-2023	Regular Cab	6.5	209.1	79.9	77.0	2021/2022/2023 F-150 Regular Cab 6.5 ft	2021-2023 gen14 Regular Cab 6.5 ft逐年覆盖完成	可入库
split_part_27_result.md	Ford F-150	皮卡	Ford	F-150	Pickup	Std.	gen14 full-size pickup	2021-2023	Regular Cab	8.0	227.7	79.9	77.0	2021/2022/2023 F-150 Regular Cab 8.0 ft	2021-2023 gen14 Regular Cab 8.0 ft逐年覆盖完成	可入库
split_part_27_result.md	Ford F-150	皮卡	Ford	F-150	Pickup	Std.	gen14 full-size pickup	2021-2023	SuperCab	6.5	231.7	79.9	77.2	2021/2022/2023 F-150 SuperCab 6.5 ft	2021-2023 gen14 SuperCab 6.5 ft逐年覆盖完成	可入库
split_part_27_result.md	Ford F-150	皮卡	Ford	F-150	Pickup	Std.	gen14 full-size pickup	2021-2023	SuperCab	8.0	250.3	79.9	77.1	2021/2022/2023 F-150 SuperCab 8.0 ft	2021-2023 gen14 SuperCab 8.0 ft逐年覆盖完成	可入库
split_part_27_result.md	Ford F-150	皮卡	Ford	F-150	Pickup	Std.	gen14 full-size pickup	2021-2023	SuperCrew	5.5	231.7	79.9	77.2	2021/2022/2023 F-150 SuperCrew 5.5 ft	2021-2023 gen14 SuperCrew 5.5 ft逐年覆盖完成	可入库
split_part_28_result.md	Ford F-150	皮卡	Ford	F-150	Pickup	Std.	gen14 full-size pickup	2021-2023	SuperCrew	6.5	243.5	79.9	77.6	2021-2023 Ford F-150 SuperCrew 6.5 ft, Ford Tech Specs	2021-2023 gen14普通版尺寸已按Ford官方表终核	可入库
split_part_28_result.md	Ford F-150	皮卡	Ford	F-150	Pickup	Tremor	gen14 full-size pickup	2021-2026	SuperCrew	5.5	231.7	79.9	79.3	2021-2026 Ford F-150 Tremor SuperCrew 5.5 ft, Ford/Edmunds/JD Power/dealer specs	高车身版本；对车衣高度有影响，单独保留	可入库
split_part_28_result.md	Ford F-150	皮卡	Ford	F-150	Pickup	Raptor/Raptor R	gen14 full-size pickup	2021-2026	SuperCrew	5.5	232.6	86.6	79.8	2021-2026 Ford F-150 Raptor/Raptor R SuperCrew, Ford/Edmunds specs	宽体高车身；对车衣宽高影响大，单独保留	可入库
split_part_28_result.md	Ford F-150	皮卡	Ford	F-150	Pickup	Std.	gen14 full-size pickup	2024-2026	Regular Cab	6.5	209.4	79.9	77.0	2024-2026 Ford F-150 Regular Cab 6.5 ft, Ford/Ford Tech Specs	2024刷新后普通版；按2024-2026最大值终核	可入库
split_part_28_result.md	Ford F-150	皮卡	Ford	F-150	Pickup	Std.	gen14 full-size pickup	2024-2026	Regular Cab	8.0	228.1	79.9	77.0	2024-2026 Ford F-150 Regular Cab 8.0 ft, Ford/Ford Tech Specs	2024刷新后普通版；按2024-2026最大值终核	可入库
split_part_28_result.md	Ford F-150	皮卡	Ford	F-150	Pickup	Std.	gen14 full-size pickup	2024-2026	SuperCab	6.5	232.0	79.9	77.2	2024-2026 Ford F-150 SuperCab 6.5 ft, Ford/Ford Tech Specs	2024刷新后普通版；按2024-2026最大值终核	可入库
split_part_28_result.md	Ford F-150	皮卡	Ford	F-150	Pickup	Std.	gen14 full-size pickup	2024-2026	SuperCrew	5.5	232.0	79.9	77.2	2024-2026 Ford F-150 SuperCrew 5.5 ft, Ford/Ford Tech Specs	补齐原表缺失配置；按2024-2026最大值终核	可入库
split_part_28_result.md	Ford F-150	皮卡	Ford	F-150	Pickup	Std.	gen14 full-size pickup	2024-2026	SuperCrew	6.5	243.9	79.9	77.6	2024-2026 Ford F-150 SuperCrew 6.5 ft, Ford/Ford Tech Specs	2024刷新后普通版；按2024-2026最大值终核	可入库
split_part_28_result.md	Ford F-150	皮卡	Ford	F-150	Pickup	Std.	gen13 full-size pickup	2015-2020	Regular Cab	8.0	227.9	79.9	77.2	2015/2016/2017/2018/2019/2020 Ford F-150 Regular Cab 8.0 ft, Ford Tech Specs/Edmunds/KBB/JD Power	代际已修；2015-2020 Regular Cab 8.0 ft逐年补齐，按4x4最大高度压缩	可入库
split_part_28_result.md	Ford F-150	皮卡	Ford	F-150	Pickup	Std.	gen13 full-size pickup	2015-2020	SuperCrew	6.5	243.7	79.9	77.3	2015/2016/2017/2018/2019/2020 Ford F-150 SuperCrew 6.5 ft, Ford Tech Specs/Edmunds/KBB	代际已修；2015-2020 SuperCrew 6.5 ft逐年补齐，按4x4最大高度压缩	可入库
split_part_29_result.md	Ford F-150	皮卡	Ford	F-150	Pickup	Std.	gen13 full-size pickup	2015-2020	SuperCab	8.0	250.5	79.9	77.2	2015-2020 F-150 SuperCab 8 ft	gen13 SuperCab long bed; 参考车型已覆盖整段年份	可入库
split_part_29_result.md	Ford F-150	皮卡	Ford	F-150	Pickup	Raptor	gen13 full-size pickup	2017-2019	SuperCab	5.5	220.0	86.3	78.5	2017-2019 F-150 Raptor SuperCab 5.5 ft	宽体高车身; 原范围 2020 对应可查样本为 SuperCrew 5.5 ft，不适用本 SuperCab 行	可入库
split_part_29_result.md	Ford F-150	皮卡	Ford	F-150	Pickup	Std.	gen13 full-size pickup	2017-2020	SuperCab	6.5	231.9	79.9	77.2	2017-2020 F-150 SuperCab 6.5 ft	gen13 SuperCab standard bed; 参考车型已覆盖整段年份	可入库
split_part_29_result.md	Ford F-150	皮卡	Ford	F-150	Pickup	Lightning	gen14 full-size pickup	2022-2025	SuperCrew	5.5	232.7	80.0	78.3	2022-2025 F-150 Lightning SuperCrew 5.5 ft	EV; Lightning 仅 SuperCrew 5.5 ft	可入库
split_part_29_result.md	Ford F-250/F-350 Super Duty	皮卡	Ford	F-250/F-350 Super Duty	Pickup	Std.	gen1 Super Duty pickup	1999-2007	Regular Cab	8.0	226.6	79.9	79.7	1999-2007 F-250/F-350 Regular Cab 8 ft SRW	HD SRW; gen1 Regular Cab long bed; 1999-2007 逐年参考已覆盖，按已见最大长度 226.6 保留	可入库
split_part_29_result.md	Ford F-250/F-350 Super Duty	皮卡	Ford	F-250/F-350 Super Duty	Pickup	Std.	gen2 Super Duty pickup	2008-2010	Regular Cab	8.0	227.0	79.9	79.2	2008-2010 F-250/F-350 Regular Cab 8 ft SRW	HD SRW; gen2 Regular Cab long bed; 2008-2010 Regular Cab 8 ft 逐年参考已覆盖	可入库
split_part_29_result.md	Ford F-250/F-350 Super Duty	皮卡	Ford	F-250/F-350 Super Duty	Pickup	Std.	gen3 Super Duty pickup	2011-2016	Regular Cab	8.0	227.6	79.9	80.0	2011-2016 F-250/F-350 Regular Cab 8 ft SRW	HD SRW; gen3 Regular Cab long bed; 2011-2016 逐年参考已覆盖，按最大高度保留 80.0	可入库
split_part_29_result.md	Ford F-250/F-350 Super Duty	皮卡	Ford	F-250/F-350 Super Duty	Pickup	Std.	gen4 Super Duty pickup	2017-2022	Regular Cab	8.0	231.8	80.0	81.3	2017-2022 F-250/F-350 Regular Cab 8 ft SRW	HD SRW; gen4 Regular Cab long bed; 2017-2022 逐年参考已覆盖，按最大高度保留 81.3	可入库
split_part_29_result.md	Ford F-250/F-350 Super Duty	皮卡	Ford	F-250/F-350 Super Duty	Pickup	Std.	gen5 Super Duty pickup	2023-2026	Regular Cab	8.0	231.8	80.0	81.6	2023-2026 F-250/F-350 Regular Cab 8 ft SRW	HD SRW; gen5 Regular Cab long bed; 2023-2026 逐年参考已覆盖，按最大高度保留 81.6	可入库
split_part_29_result.md	Ford F-250/F-350 Super Duty	皮卡	Ford	F-250/F-350 Super Duty	Pickup	Std.	gen1 Super Duty pickup	1999-2007	SuperCab	6.75	231.4	79.9	80.2	1999-2007 F-250/F-350 SuperCab 6.75 ft SRW	HD SRW; gen1 SuperCab short bed; 1999-2007 逐年参考已覆盖，按已见最大长度 231.4 保留	可入库
split_part_30_result.md	Ford F-250/F-350 Super Duty	皮卡	Ford	F-250/F-350 Super Duty	Pickup	Std.	gen2 Super Duty pickup	2008-2010	SuperCab	6.75	231.8	79.9	80.0	2008-2010 Ford F-250 Super Duty SuperCab 6.75 ft SRW	HD SRW; 已修正驾驶室/货斗字段; 2008-2010逐年节点已覆盖	可入库
split_part_30_result.md	Ford F-250/F-350 Super Duty	皮卡	Ford	F-250/F-350 Super Duty	Pickup	Std.	gen3 Super Duty pickup	2011-2016	SuperCab	6.75	232.4	79.9	80.2	2011-2016 Ford F-250 Super Duty SuperCab 6.75 ft SRW	HD SRW; 已修正驾驶室/货斗字段; 2011-2016逐年节点已覆盖	可入库
split_part_30_result.md	Ford F-250/F-350 Super Duty	皮卡	Ford	F-250/F-350 Super Duty	Pickup	Std.	gen4 Super Duty pickup	2017-2022	SuperCab	6.75	238.2	80.0	81.5	2017-2022 Ford F-250 Super Duty SuperCab 6.75 ft SRW	HD SRW; 已修正驾驶室/货斗字段; 2017-2022逐年节点已覆盖	可入库
split_part_30_result.md	Ford F-250/F-350 Super Duty	皮卡	Ford	F-250/F-350 Super Duty	Pickup	Std.	gen5 Super Duty pickup	2023-2026	SuperCab	6.75	238.2	80.0	81.6	2023-2026 Ford F-250 Super Duty SuperCab 6.75 ft SRW	HD SRW; 已修正驾驶室/货斗字段; 2023-2026逐年节点已覆盖; 高度按4WD最大节点取值	可入库
split_part_30_result.md	Ford F-250/F-350 Super Duty	皮卡	Ford	F-250/F-350 Super Duty	Pickup	Std.	gen1 Super Duty pickup	1999-2007	Crew Cab	6.75	245.8	79.9	81.3	1999-2007 Ford F-250/F-350 Super Duty Crew Cab 6.75 ft SRW	HD SRW; 已修正驾驶室/货斗字段; 1999-2007逐年节点已覆盖; 长度按KBB短床节点修正	可入库
split_part_30_result.md	Ford F-250/F-350 Super Duty	皮卡	Ford	F-250/F-350 Super Duty	Pickup	Std.	gen2 Super Duty pickup	2008-2010	Crew Cab	6.75	246.2	79.9	81.0	2008-2010 Ford F-250/F-350 Super Duty Crew Cab 6.75 ft SRW	HD SRW; 已修正驾驶室/货斗字段; 2008-2010逐年节点已覆盖; 高度按F-350节点取最大	可入库
split_part_30_result.md	Ford F-250/F-350 Super Duty	皮卡	Ford	F-250/F-350 Super Duty	Pickup	Std.	gen3 Super Duty pickup	2011-2016	Crew Cab	6.75	246.8	79.9	80.8	2011-2016 Ford F-250/F-350 Super Duty Crew Cab 6.75 ft SRW	HD SRW; 已修正驾驶室/货斗字段; 2011-2016逐年节点已覆盖; 高度按F-350节点取最大	可入库
split_part_30_result.md	Ford F-250/F-350 Super Duty	皮卡	Ford	F-250/F-350 Super Duty	Pickup	Std.	gen4 Super Duty pickup	2017-2022	Crew Cab	6.75	250.0	80.0	81.5	2017-2022 Ford F-250 Super Duty Crew Cab 6.75 ft SRW	HD SRW; 已修正驾驶室/货斗字段; 2017-2022逐年节点已覆盖	可入库
split_part_30_result.md	Ford F-250/F-350 Super Duty	皮卡	Ford	F-250/F-350 Super Duty	Pickup	Std.	gen5 Super Duty pickup	2023-2026	Crew Cab	6.75	250.0	80.0	81.6	2023-2026 Ford F-250 Super Duty Crew Cab 6.75 ft SRW	HD SRW; 已修正驾驶室/货斗字段; 2023-2026逐年节点已覆盖; 高度按4WD最大节点取值	可入库
split_part_30_result.md	Ford F-250/F-350 Super Duty	皮卡	Ford	F-250/F-350 Super Duty	Pickup	Std.	gen1 Super Duty pickup	1999-2000	SuperCab	8.0	243.2	79.9	80.4	1999-2000 Ford F-250 Super Duty SuperCab 8.0 ft SRW	HD SRW; 原1999-2004行拆分; 1999-2000逐年节点已覆盖; 2000长度冲突已按SuperCab 8.0 ft配置复核修正	可入库
split_part_30_result.md	Ford F-250/F-350 Super Duty	皮卡	Ford	F-250/F-350 Super Duty	Pickup	Std.	gen1 Super Duty pickup	2001-2004	SuperCab	8.0	247.6	79.9	80.4	2001-2004 Ford F-250 Super Duty SuperCab 8.0 ft SRW	HD SRW; 原1999-2004行拆分; 2001-2004逐年长床节点已覆盖; 长度/高度按Edmunds长床节点修正	可入库
split_part_30_result.md	Ford F-250/F-350 Super Duty	皮卡	Ford	F-250/F-350 Super Duty	Pickup	Std.	gen1 Super Duty pickup	2005-2007	SuperCab	8.0	247.4	79.9	80.4	2005-2007 Ford F-250/F-350 Super Duty SuperCab 8.0 ft SRW	HD SRW; 原1999-2007行拆分; 2005-2007逐年节点已覆盖; 高度按2005节点取最大	可入库
split_part_31_result.md	Ford F-250/F-350 Super Duty	皮卡	Ford	F-250/F-350 Super Duty	Pickup	Std.	gen2 Super Duty pickup	2008-2010	SuperCab	8.0	248.0	79.9	79.4	2008-2010 F-250 SuperCab long bed SRW	HD SRW; 已补齐2008 SuperCab 8.0参考，2008-2010已逐年覆盖，参考年份已压缩	可入库
split_part_31_result.md	Ford F-250/F-350 Super Duty	皮卡	Ford	F-250/F-350 Super Duty	Pickup	Std.	gen3 Super Duty pickup	2011-2016	SuperCab	8.0	248.6	79.9	80.2	2011-2016 F-250 SuperCab long bed SRW	HD SRW; 已补齐2012/2013/2015/2016 SuperCab 8.0参考，2011-2016已逐年覆盖，参考年份已压缩	可入库
split_part_31_result.md	Ford F-250/F-350 Super Duty	皮卡	Ford	F-250/F-350 Super Duty	Pickup	Std.	gen4 Super Duty pickup	2017-2022	SuperCab	8.0	254.4	80.0	81.5	2017-2022 F-250 SuperCab long bed SRW	HD SRW; 已补齐2019 SuperCab 8.0参考，2017-2022已逐年覆盖，高度按区间高点81.5保留，参考年份已压缩	可入库
split_part_31_result.md	Ford F-250/F-350 Super Duty	皮卡	Ford	F-250/F-350 Super Duty	Pickup	Std.	gen5 Super Duty pickup	2023-2026	SuperCab	8.0	254.4	80.0	81.5	2023-2026 F-250 SuperCab long bed SRW	HD SRW; gen5 SuperCab 8.0已补齐2023-2026参考覆盖，按F-250 SRW 4x4高点入库，参考年份已压缩	可入库
split_part_31_result.md	Ford F-250/F-350 Super Duty	皮卡	Ford	F-250/F-350 Super Duty	Pickup	Std.	gen1 Super Duty pickup	1999-2007	Crew Cab	8.0	262.0	79.9	80.8	1999-2007 F-250 Crew Cab long bed SRW	HD SRW; 已补齐2003 Crew Cab 8.0参考，1999-2007已逐年覆盖，区间最大长度按262.0保留，参考年份已压缩	可入库
split_part_31_result.md	Ford F-250/F-350 Super Duty	皮卡	Ford	F-250/F-350 Super Duty	Pickup	Std.	gen2 Super Duty pickup	2008-2010	Crew Cab	8.0	262.4	79.9	79.9	2008-2010 F-250 Crew Cab long bed SRW	HD SRW; 2008-2010 Crew Cab 8.0已按逐年公开规格方向补齐，参考年份已压缩	可入库
split_part_31_result.md	Ford F-250/F-350 Super Duty	皮卡	Ford	F-250/F-350 Super Duty	Pickup	Std.	gen3 Super Duty pickup	2011-2016	Crew Cab	8.0	263.0	79.9	79.8	2011-2016 F-250 Crew Cab long bed SRW	HD SRW; 已补齐2014 Crew Cab 8.0参考，2011-2016已逐年覆盖，参考年份已压缩	可入库
split_part_31_result.md	Ford F-250/F-350 Super Duty	皮卡	Ford	F-250/F-350 Super Duty	Pickup	Std.	gen4 Super Duty pickup	2017-2022	Crew Cab	8.0	266.2	80.0	81.3	2017-2022 F-250 Crew Cab long bed SRW	HD SRW; 已补齐2019/2020/2021 Crew Cab 8.0参考，2017-2022已逐年覆盖，参考年份已压缩	可入库
split_part_31_result.md	Ford F-250/F-350 Super Duty	皮卡	Ford	F-250/F-350 Super Duty	Pickup	Std.	gen5 Super Duty pickup	2023-2026	Crew Cab	8.0	266.2	80.0	81.4	2023-2026 F-250 Crew Cab long bed SRW	HD SRW; gen5 Crew Cab 8.0已补齐2023-2026参考覆盖，按F-250 SRW 4x4高点入库，参考年份已压缩	可入库
split_part_31_result.md	Ford F-350 Super Duty	皮卡	Ford	F-350 Super Duty	Pickup	DRW	gen1 Super Duty pickup	1999-2007	Regular Cab	8.0	226.6	95.5	81.7	1999-2007 F-350 DRW Regular Cab long bed	宽体后双轮; 已补齐2000 DRW HD宽体证据，1999-2007已逐年覆盖；2000长度为222.2但区间最大长度仍按226.6保留，宽度按DRW宽体95.5保留，高度按区间高点81.7保留，参考年份已压缩	可入库
split_part_32_result_2.md	Ford F-350 Super Duty	皮卡	Ford	F-350 Super Duty	Pickup	DRW	gen2 Super Duty pickup	2008	Regular Cab	8.0	227.0	96	80.2	2008 F-350 DRW Regular Cab 8 ft	宽体后双轮; Edmunds 2008 Regular Cab已核8ft床长; 公开页未支撑DRW宽体96口径	待终核: 缺少2008 DRW Regular Cab 8 ft宽体高度来源复核
split_part_32_result_2.md	Ford F-350 Super Duty	皮卡	Ford	F-350 Super Duty	Pickup	DRW	gen2 Super Duty pickup	2009	Regular Cab	8.0	227.0	96	80.2	2009 F-350 DRW Regular Cab 8 ft	宽体后双轮; KBB 2009 Regular Cab确认8ft版本; 暂按2010参考点控制	待终核: 缺少2009 DRW Regular Cab 8 ft宽体高度来源复核
split_part_32_result_2.md	Ford F-350 Super Duty	皮卡	Ford	F-350 Super Duty	Pickup	DRW	gen2 Super Duty pickup	2010	Regular Cab	8.0	227.0	96	80.2	2010 F-350 DRW Regular Cab 8 ft	宽体后双轮; 2010单年尺寸已核	可入库
split_part_32_result_2.md	Ford F-350 Super Duty	皮卡	Ford	F-350 Super Duty	Pickup	DRW	gen3 Super Duty pickup	2011	Regular Cab	8.0	227.6	96	80.0	2011 F-350 DRW Regular Cab 8 ft	宽体后双轮; 已找到2011普通Regular Cab参考但缺DRW 8ft高度口径	待终核: 缺少2011 DRW Regular Cab 8 ft最大高度来源复核
split_part_32_result_2.md	Ford F-350 Super Duty	皮卡	Ford	F-350 Super Duty	Pickup	DRW	gen3 Super Duty pickup	2012	Regular Cab	8.0	227.6	96	80.0	2012 F-350 DRW Regular Cab 8 ft	宽体后双轮; 已找到2012普通Regular Cab参考但缺DRW 8ft高度口径	待终核: 缺少2012 DRW Regular Cab 8 ft最大高度来源复核
split_part_32_result_2.md	Ford F-350 Super Duty	皮卡	Ford	F-350 Super Duty	Pickup	DRW	gen3 Super Duty pickup	2013	Regular Cab	8.0	227.6	96	80.0	2013 F-350 DRW Regular Cab 8 ft	宽体后双轮; 单年拆分; 暂按2013参考点高度控制	待终核: 缺少2013单年最大高度来源
split_part_32_result_2.md	Ford F-350 Super Duty	皮卡	Ford	F-350 Super Duty	Pickup	DRW	gen3 Super Duty pickup	2014	Regular Cab	8.0	227.6	96	80.0	2014 F-350 DRW Regular Cab 8 ft	宽体后双轮; 单年拆分; 暂按2014参考点高度控制	待终核: 缺少2014单年最大高度来源
split_part_32_result_2.md	Ford F-350 Super Duty	皮卡	Ford	F-350 Super Duty	Pickup	DRW	gen3 Super Duty pickup	2015	Regular Cab	8.0	227.6	96	80.0	2015 F-350 DRW Regular Cab 8 ft	宽体后双轮; 单年拆分; 暂按2015参考点高度控制	待终核: 缺少2015单年最大高度来源
split_part_32_result_2.md	Ford F-350 Super Duty	皮卡	Ford	F-350 Super Duty	Pickup	DRW	gen3 Super Duty pickup	2016	Regular Cab	8.0	227.6	96	80.0	2016 F-350 DRW Regular Cab 8 ft	宽体后双轮; 单年拆分; 暂按2016参考点高度控制	待终核: 缺少2016单年最大高度来源
split_part_32_result_2.md	Ford F-350 Super Duty	皮卡	Ford	F-350 Super Duty	Pickup	DRW	gen4 Super Duty pickup	2017	Regular Cab	8.0	231.8	96	81.2	2017 F-350 DRW Regular Cab 8 ft	宽体后双轮; Regular Cab公开页多为非DRW宽体口径; 不采用普通80.0宽度页直接入库	待终核: 缺少2017 DRW Regular Cab 8 ft完整口径复核
split_part_32_result_2.md	Ford F-350 Super Duty	皮卡	Ford	F-350 Super Duty	Pickup	DRW	gen4 Super Duty pickup	2018	Regular Cab	8.0	231.8	96	81.2	2018 F-350 DRW Regular Cab 8 ft	宽体后双轮; Regular Cab公开页多为非DRW宽体口径; 不采用普通80.0宽度页直接入库	待终核: 缺少2018 DRW Regular Cab 8 ft完整口径复核
split_part_32_result_2.md	Ford F-350 Super Duty	皮卡	Ford	F-350 Super Duty	Pickup	DRW	gen4 Super Duty pickup	2019	Regular Cab	8.0	231.8	96	81.2	2019 F-350 DRW Regular Cab 8 ft	宽体后双轮; Regular Cab公开页多为非DRW宽体口径; 不采用普通80.0宽度页直接入库	待终核: 缺少2019 DRW Regular Cab 8 ft完整口径复核
split_part_32_result_2.md	Ford F-350 Super Duty	皮卡	Ford	F-350 Super Duty	Pickup	DRW	gen4 Super Duty pickup	2020	Regular Cab	8.0	231.8	96	81.2	2020 F-350 DRW Regular Cab 8 ft	宽体后双轮; 单年尺寸已核	可入库
split_part_32_result_2.md	Ford F-350 Super Duty	皮卡	Ford	F-350 Super Duty	Pickup	DRW	gen4 Super Duty pickup	2021	Regular Cab	8.0	231.8	96	81.2	2021 F-350 DRW Regular Cab 8 ft	宽体后双轮; 单年尺寸已核	可入库
split_part_32_result_2.md	Ford F-350 Super Duty	皮卡	Ford	F-350 Super Duty	Pickup	DRW	gen4 Super Duty pickup	2022	Regular Cab	8.0	231.8	96	81.2	2022 F-350 DRW Regular Cab 8 ft	宽体后双轮; 2022单年参考点已核; DRW宽度96	可入库
split_part_32_result_2.md	Ford F-350 Super Duty	皮卡	Ford	F-350 Super Duty	Pickup	DRW	gen5 Super Duty pickup	2023	Regular Cab	8.0	231.8	96	81.3	2023 F-350 DRW Regular Cab 8 ft	宽体后双轮; 单年尺寸已核; DRW宽度96	可入库
split_part_32_result_2.md	Ford F-350 Super Duty	皮卡	Ford	F-350 Super Duty	Pickup	DRW	gen5 Super Duty pickup	2024	Regular Cab	8.0	231.8	96	81.3	2024 F-350 DRW Regular Cab 8 ft	宽体后双轮; 单年尺寸已核; DRW宽度96	可入库
split_part_32_result_2.md	Ford F-350 Super Duty	皮卡	Ford	F-350 Super Duty	Pickup	DRW	gen5 Super Duty pickup	2025	Regular Cab	8.0	231.8	96	81.3	2025 F-350 DRW Regular Cab 8 ft	宽体后双轮; Edmunds 2025公开页为250.0/80.0/81.4等非本行DRW Regular 8ft口径; 当前按2026保守控制	待终核: 已核公开页非本行口径，缺2025 DRW Regular Cab 8 ft最大高度口径
split_part_32_result_2.md	Ford F-350 Super Duty	皮卡	Ford	F-350 Super Duty	Pickup	DRW	gen5 Super Duty pickup	2026	Regular Cab	8.0	231.8	96	81.3	2026 F-350 DRW Regular Cab 8 ft	宽体后双轮; 单年尺寸已核	可入库
split_part_32_result_2.md	Ford F-350 Super Duty	皮卡	Ford	F-350 Super Duty	Pickup	DRW	gen1 Super Duty pickup	1999	Crew Cab	8.0	257.6	96	81.3	1999 F-350 Crew Cab DRW 8 ft	宽体后双轮; 从1999-2007拆出1999单年; 1999参考点已核	可入库
split_part_32_result_2.md	Ford F-350 Super Duty	皮卡	Ford	F-350 Super Duty	Pickup	DRW	gen1 Super Duty pickup	2000	Crew Cab	8.0	257.6	96	81.3	2000 F-350 Crew Cab DRW 8 ft	宽体后双轮; 暂按1999参考点控制; 缺DRW宽高完整来源	待终核: 缺少2000 Crew Cab DRW 8 ft宽体高度来源复核
split_part_32_result_2.md	Ford F-350 Super Duty	皮卡	Ford	F-350 Super Duty	Pickup	DRW	gen1 Super Duty pickup	2001	Crew Cab	8.0	257.6	96	81.3	2001 F-350 Crew Cab DRW 8 ft	宽体后双轮; KBB 2001 Crew Cab 8ft已核长度257.6; 缺DRW宽高完整来源	待终核: 已核长度，缺2001 Crew Cab DRW 8 ft宽体高度来源复核
split_part_32_result_2.md	Ford F-350 Super Duty	皮卡	Ford	F-350 Super Duty	Pickup	DRW	gen1 Super Duty pickup	2002	Crew Cab	8.0	257.6	96	81.3	2002 F-350 Crew Cab DRW 8 ft	宽体后双轮; 暂按1999/2001参考点控制; 缺DRW宽高完整来源	待终核: 缺少2002 Crew Cab DRW 8 ft宽体高度来源复核
split_part_32_result_2.md	Ford F-350 Super Duty	皮卡	Ford	F-350 Super Duty	Pickup	DRW	gen1 Super Duty pickup	2003	Crew Cab	8.0	257.6	96	81.3	2003 F-350 Crew Cab DRW 8 ft	宽体后双轮; Edmunds 2003 Crew Cab为262/79.9/81.3，非本行DRW宽体口径; 暂按1999参考点控制	待终核: 已核公开页非本行口径，缺2003 Crew Cab DRW 8 ft完整三维
split_part_32_result_2.md	Ford F-350 Super Duty	皮卡	Ford	F-350 Super Duty	Pickup	DRW	gen1 Super Duty pickup	2004	Crew Cab	8.0	257.6	96	81.3	2004 F-350 Crew Cab DRW 8 ft	宽体后双轮; Edmunds 2004 Crew Cab为262/79.9/81.3，非本行DRW宽体口径; 暂按1999参考点控制	待终核: 已核公开页非本行口径，缺2004 Crew Cab DRW 8 ft完整三维
split_part_32_result_2.md	Ford F-350 Super Duty	皮卡	Ford	F-350 Super Duty	Pickup	DRW	gen1 Super Duty pickup	2005	Crew Cab	8.0	261.8	96	81.7	2005 F-350 Crew Cab DRW 8 ft	宽体后双轮; Edmunds 2005已核长度261.8/高度81.7/8ft床长98.6; 宽度79.9非DRW宽体口径	待终核: 已核长度/高度，缺2005 Crew Cab DRW 8 ft宽体96口径
split_part_32_result_2.md	Ford F-350 Super Duty	皮卡	Ford	F-350 Super Duty	Pickup	DRW	gen1 Super Duty pickup	2006	Crew Cab	8.0	261.8	96	81.3	2006 F-350 Crew Cab DRW 8 ft	宽体后双轮; Edmunds 2006已核8ft床长98.6; 未核DRW宽体96与最大高度	待终核: 已核8ft床长，缺2006 Crew Cab DRW 8 ft宽体96与最大高度口径
split_part_32_result_2.md	Ford F-350 Super Duty	皮卡	Ford	F-350 Super Duty	Pickup	DRW	gen1 Super Duty pickup	2007	Crew Cab	8.0	261.8	96	81.3	2007 F-350 Crew Cab DRW 8 ft	宽体后双轮; 单年尺寸已核	可入库
split_part_32_result_2.md	Ford F-350 Super Duty	皮卡	Ford	F-350 Super Duty	Pickup	DRW	gen2 Super Duty pickup	2008	Crew Cab	8.0	262.4	96	80.9	2008 F-350 Crew Cab DRW 8 ft	宽体后双轮; 单年尺寸已核	可入库
split_part_32_result_2.md	Ford F-350 Super Duty	皮卡	Ford	F-350 Super Duty	Pickup	DRW	gen2 Super Duty pickup	2009	Crew Cab	8.0	262.4	96	80.9	2009 F-350 Crew Cab DRW 8 ft	宽体后双轮; 单年尺寸已核	可入库
split_part_32_result_2.md	Ford F-350 Super Duty	皮卡	Ford	F-350 Super Duty	Pickup	DRW	gen2 Super Duty pickup	2010	Crew Cab	8.0	262.4	96	80.9	2010 F-350 Crew Cab DRW 8 ft	宽体后双轮; 单年尺寸已核	可入库
split_part_32_result_2.md	Ford F-350 Super Duty	皮卡	Ford	F-350 Super Duty	Pickup	DRW	gen3 Super Duty pickup	2011	Crew Cab	8.0	263.0	96	79.8	2011 F-350 Crew Cab DRW 8 ft	宽体后双轮; Edmunds 2011 Crew Cab页为非8ft DRW口径，不用于本行入库	待终核: 缺少2011 Crew Cab DRW 8 ft高度来源复核
split_part_32_result_2.md	Ford F-350 Super Duty	皮卡	Ford	F-350 Super Duty	Pickup	DRW	gen3 Super Duty pickup	2012	Crew Cab	8.0	263.0	96	79.8	2012 F-350 Crew Cab DRW 8 ft	宽体后双轮; Edmunds 2012 Crew Cab页为非8ft DRW口径，不用于本行入库	待终核: 缺少2012 Crew Cab DRW 8 ft高度来源复核
split_part_32_result_2.md	Ford F-350 Super Duty	皮卡	Ford	F-350 Super Duty	Pickup	DRW	gen3 Super Duty pickup	2013	Crew Cab	8.0	263.0	96	79.8	2013 F-350 Crew Cab DRW 8 ft	宽体后双轮; 单年拆分; 高度暂按79.8控制	待终核: 缺少2013单年最大高度来源
split_part_32_result_2.md	Ford F-350 Super Duty	皮卡	Ford	F-350 Super Duty	Pickup	DRW	gen3 Super Duty pickup	2014	Crew Cab	8.0	263.0	96	79.8	2014 F-350 Crew Cab DRW 8 ft	宽体后双轮; 单年拆分; 高度暂按79.8控制	待终核: 缺少2014单年最大高度来源
split_part_32_result_2.md	Ford F-350 Super Duty	皮卡	Ford	F-350 Super Duty	Pickup	DRW	gen3 Super Duty pickup	2015	Crew Cab	8.0	263.0	96	79.8	2015 F-350 Crew Cab DRW 8 ft	宽体后双轮; 单年拆分; 高度暂按79.8控制	待终核: 缺少2015单年最大高度来源
split_part_32_result_2.md	Ford F-350 Super Duty	皮卡	Ford	F-350 Super Duty	Pickup	DRW	gen3 Super Duty pickup	2016	Crew Cab	8.0	263.0	96	79.8	2016 F-350 Crew Cab DRW 8 ft	宽体后双轮; 单年拆分; 高度暂按79.8控制	待终核: 缺少2016单年最大高度来源
split_part_32_result_2.md	Ford F-350 Super Duty	皮卡	Ford	F-350 Super Duty	Pickup	DRW	gen4 Super Duty pickup	2017	Crew Cab	8.0	266.2	96	81.1	2017 F-350 Crew Cab DRW 8 ft	宽体后双轮; Edmunds 2017 Crew Cab已核266.2/96.0/81.1	可入库
split_part_32_result_2.md	Ford F-350 Super Duty	皮卡	Ford	F-350 Super Duty	Pickup	DRW	gen4 Super Duty pickup	2018	Crew Cab	8.0	266.2	96	81.1	2018 F-350 Crew Cab DRW 8 ft	宽体后双轮; Edmunds 2018 Crew Cab已核266.2/96.0/81.1	可入库
split_part_32_result_2.md	Ford F-350 Super Duty	皮卡	Ford	F-350 Super Duty	Pickup	DRW	gen4 Super Duty pickup	2019	Crew Cab	8.0	266.2	96	81.1	2019 F-350 Crew Cab DRW 8 ft	宽体后双轮; Edmunds 2019 F-350已核266.2/96.0/81.1	可入库
split_part_32_result_2.md	Ford F-350 Super Duty	皮卡	Ford	F-350 Super Duty	Pickup	DRW	gen4 Super Duty pickup	2020	Crew Cab	8.0	266.2	96	81.3	2020 F-350 Crew Cab DRW 8 ft	宽体后双轮; 单年尺寸已核	可入库
split_part_32_result_2.md	Ford F-350 Super Duty	皮卡	Ford	F-350 Super Duty	Pickup	DRW	gen4 Super Duty pickup	2021	Crew Cab	8.0	266.2	96	81.3	2021 F-350 Crew Cab DRW 8 ft	宽体后双轮; 单年尺寸已核	可入库
split_part_32_result_2.md	Ford F-350 Super Duty	皮卡	Ford	F-350 Super Duty	Pickup	DRW	gen4 Super Duty pickup	2022	Crew Cab	8.0	266.2	96	81.3	2022 F-350 Crew Cab DRW 8 ft	宽体后双轮; 2022单年参考点已核; DRW宽度96	可入库
split_part_32_result_2.md	Ford F-350 Super Duty	皮卡	Ford	F-350 Super Duty	Pickup	DRW	gen5 Super Duty pickup	2023	Crew Cab	8.0	266.2	96	81.5	2023 F-350 Crew Cab DRW 8 ft	宽体后双轮; 单年尺寸已核; DRW宽度96	可入库
split_part_32_result_2.md	Ford F-350 Super Duty	皮卡	Ford	F-350 Super Duty	Pickup	DRW	gen5 Super Duty pickup	2024	Crew Cab	8.0	266.2	96	81.5	2024 F-350 Crew Cab DRW 8 ft	宽体后双轮; 单年尺寸已核; DRW宽度96	可入库
split_part_32_result_2.md	Ford F-350 Super Duty	皮卡	Ford	F-350 Super Duty	Pickup	DRW	gen5 Super Duty pickup	2025	Crew Cab	8.0	266.2	96	81.5	2025 F-350 Crew Cab DRW 8 ft	宽体后双轮; 4x2 DRW已核266.2/96/79.5; 当前按全配置最大高度81.5保守控制	待终核: 已核2025 4x2 DRW，缺2025 4x4 DRW或全配置最大高度口径
split_part_32_result_2.md	Ford F-350 Super Duty	皮卡	Ford	F-350 Super Duty	Pickup	DRW	gen5 Super Duty pickup	2026	Crew Cab	8.0	266.2	96	81.5	2026 F-350 Crew Cab DRW 8 ft	宽体后双轮; 单年尺寸已核	可入库
split_part_32_result_2.md	Ford Ranger	皮卡	Ford	Ranger	Pickup	Std.	gen3 compact pickup	1993-1997	Regular Cab	6.0	184.3	69.4	64.3	1993-1997 Ranger Regular Cab 6 ft	普通窄体皮卡; 已按1993-1997区间修正	可入库
split_part_33_result.md	Ford Ranger	皮卡	Ford	Ranger	Pickup	Std.	gen3 compact pickup	1993-1997	SuperCab	6.0	198.2	69.4	64.7	1993-1997 Ranger SuperCab 6 ft		可入库
split_part_33_result.md	Ford Ranger	皮卡	Ford	Ranger	Pickup	Std.	gen4 compact pickup	1998-2011	Regular Cab	6.0	189.4	69.4	67.7	1998-2011 Ranger Regular Cab 6 ft		可入库
split_part_33_result.md	Ford Ranger	皮卡	Ford	Ranger	Pickup	Std.	gen4 compact pickup	1998-2011	SuperCab	6.0	202.9	69.4	67.7	1998-2011 Ranger SuperCab 6 ft		可入库
split_part_33_result.md	Ford Ranger	皮卡	Ford	Ranger	Pickup	Std.	gen4 compact pickup	1998-2011	SuperCab	7.0	203.6	69.4	67.7	1998-2011 Ranger SuperCab 7 ft	Long Bed	可入库
split_part_33_result.md	Ford Ranger	皮卡	Ford	Ranger	Pickup	Std.	gen5 midsize pickup	2019-2023	SuperCrew	5.0	210.8	73.3	71.5	2019-2023 Ranger SuperCrew 5 ft		可入库
split_part_33_result.md	Ford Ranger	皮卡	Ford	Ranger	Pickup	Std.	gen6 midsize pickup	2024-2026	SuperCrew	5.0	210.6	75.5	74.4	2024-2026 Ranger SuperCrew 5 ft		可入库
split_part_33_result.md	Ford Ranger	皮卡	Ford	Ranger	Pickup	Raptor	gen6 midsize pickup	2024-2026	SuperCrew	5.0	210.9	79.8	75.9	2024-2026 Ranger Raptor SuperCrew 5 ft	宽体高车身	可入库
split_part_33_result.md	GMC Canyon	皮卡	GMC	Canyon	Pickup	Std.	gen1 compact pickup	2004-2005	Crew Cab	5.0	207.1	68.6	65.2	2004-2005 Canyon Crew Cab 5 ft	宽车身	可入库
split_part_33_result.md	GMC Canyon	皮卡	GMC	Canyon	Pickup	Std.	gen1 compact pickup	2004-2011	Extended Cab	6.0	207.1	67.6	67.6	2004-2011 Canyon Extended Cab 6 ft	4WD高车身	可入库
split_part_33_result.md	GMC Canyon	皮卡	GMC	Canyon	Pickup	Std.	gen1 compact pickup	2004-2012	Regular Cab	6.0	192.8	67.6	67.6	2004-2012 Canyon Regular Cab 6 ft	4WD高车身	可入库
split_part_34_result.md	GMC Canyon	皮卡	GMC	Canyon	Pickup	Std.	gen1 compact pickup	2004-2005	Extended Cab	6.0	207.1	67.6	67.6	2004-2005 GMC Canyon Extended Cab 6 ft	原 crew 6.0/220.4 疑似错位，修正为 Extended Cab 6.0	可入库
split_part_34_result.md	GMC Canyon	皮卡	GMC	Canyon	Pickup	Std.	gen1 compact pickup	2006-2008	Extended Cab	6.0	207.1	68.6	67.6	2006-2008 GMC Canyon Extended Cab 6 ft	宽体年份分段；按安全 max 宽度口径	可入库
split_part_34_result.md	GMC Canyon	皮卡	GMC	Canyon	Pickup	Std.	gen1 compact pickup	2009-2010	Extended Cab	6.0	207.1	67.6	65.5	2009-2010 GMC Canyon Extended Cab 6 ft	后期低车身第一段	可入库
split_part_34_result.md	GMC Canyon	皮卡	GMC	Canyon	Pickup	Std.	gen1 compact pickup	2011-2012	Extended Cab	6.0	207.1	67.6	65.2	2011-2012 GMC Canyon Extended Cab 6 ft	后期低车身第二段；按车衣安全 max 高度口径	可入库
split_part_34_result.md	GMC Canyon	皮卡	GMC	Canyon	Pickup	Std.	gen1 compact pickup	2008	Crew Cab	5.0	207.1	68.6	67.9	2008 GMC Canyon Crew Cab 5 ft	原始 Crew Cab 5.0 单年记录	可入库
split_part_34_result.md	GMC Canyon	皮卡	GMC	Canyon	Pickup	Std.	gen1 compact pickup	2012	Crew Cab	5.0	207.1	68.6	67.9	2012 GMC Canyon Crew Cab 5 ft	原始 Crew Cab 5.0 单年记录	可入库
split_part_34_result.md	GMC Canyon	皮卡	GMC	Canyon	Pickup	Std.	gen2 midsize pickup	2015	Extended Cab	6.0	212.7	74.3	70.6	2015 GMC Canyon Extended Cab 6 ft		可入库
split_part_34_result.md	GMC Canyon	皮卡	GMC	Canyon	Pickup	Std.	gen2 midsize pickup	2015-2018	Crew Cab	5.0	212.7	74.3	70.6	2015-2018 GMC Canyon Crew Cab 5 ft	按完整年份段补齐短斗 Crew Cab 参考；max_length 保留安全口径	可入库
split_part_34_result.md	GMC Canyon	皮卡	GMC	Canyon	Pickup	Std.	gen2 midsize pickup	2015-2022	Crew Cab	6.0	225	74.3	70.6	2015-2022 GMC Canyon Crew Cab 6 ft	按完整年份段补齐长斗 Crew Cab 参考	可入库
split_part_34_result.md	GMC Canyon	皮卡	GMC	Canyon	Pickup	Std.	gen2 midsize pickup	2018-2020	Extended Cab	6.0	212.7	74.3	70.6	2018-2020 GMC Canyon Extended Cab 6 ft	按完整年份段补齐 Extended Cab 参考	可入库
split_part_34_result.md	GMC Canyon	皮卡	GMC	Canyon	Pickup	Std.	gen2 midsize pickup	2020-2022	Crew Cab	5.0	212.7	74.3	70.6	2020-2022 GMC Canyon Crew Cab 5 ft	按完整年份段补齐短斗 Crew Cab 参考	可入库
split_part_34_result.md	GMC Canyon	皮卡	GMC	Canyon	Pickup	AT4/Denali	gen2 midsize pickup	2021-2022	Crew Cab	5.0	212.7	74.3	70.6	2021 GMC Canyon AT4 Crew Cab 5 ft/2021 GMC Canyon Denali Crew Cab 5 ft/2022 GMC Canyon AT4 Crew Cab 5 ft/2022 GMC Canyon Denali Crew Cab 5 ft	高配版本核查	可入库
split_part_34_result.md	GMC Canyon	皮卡	GMC	Canyon	Pickup	AT4X	gen3 midsize pickup	2023-2026	Crew Cab	5.0	213.2	72.4	81.6	2023-2026 GMC Canyon AT4X Crew Cab 5 ft	高车身；2023 已确认可并入 2024-2026	可入库
split_part_35_result.md	GMC Canyon	皮卡	GMC	Canyon	Pickup	Std. inc: AT4X/Denali	gen3 midsize pickup	2023-2026	Crew Cab	5.0	213.2	72.4	81.6	2023/2024 Canyon AT4X; 2025/2026 Canyon Crew Cab AT4/Denali	含高车身版本; 2023-2024 AT4X拉高最大高度	可入库
split_part_35_result.md	Ineos Automotive Grenadier	皮卡	Ineos Automotive	Grenadier	Pickup	Quartermaster	gen1 off-road pickup	2024	Crew Cab	5.1	212.6	76.5	79.4	2024 Ineos Grenadier Quartermaster Fieldmaster 4dr Crew Cab 4WD SB	长车身皮卡; 2024高度低于2025-2026	可入库
split_part_35_result.md	Ineos Automotive Grenadier	皮卡	Ineos Automotive	Grenadier	Pickup	Quartermaster	gen1 off-road pickup	2025-2026	Crew Cab	5.1	212.6	76.5	79.5	2025-2026 Ineos Grenadier Quartermaster	长车身皮卡	可入库
split_part_35_result.md	Nissan Frontier	皮卡	Nissan	Frontier	Pickup	Std.	gen1 compact pickup	1998	Regular Cab	6.0	184.3	66.5	66.1	1998 Frontier Regular Cab XE	早期单排短车身; 按可查XE高度修正	可入库
split_part_35_result.md	Nissan Frontier	皮卡	Nissan	Frontier	Pickup	Std.	gen1 compact pickup	1998	King Cab	6.0	196.1	66.5	62.8	1998 Frontier King Cab	早期King Cab	可入库
split_part_35_result.md	Nissan Frontier	皮卡	Nissan	Frontier	Pickup	Std.	gen1 compact pickup	1999	Regular Cab	6.0	184.3	71.9	66.1	1999 Frontier Regular Cab XE	早期单排短车身; 4WD宽高更大	可入库
split_part_35_result.md	Nissan Frontier	皮卡	Nissan	Frontier	Pickup	Std.	gen1 compact pickup	1999	King Cab	6.0	196.1	71.9	68.6	1999 Frontier King Cab XE 4WD	早期King Cab; 4WD宽高更大	可入库
split_part_35_result.md	Nissan Frontier	皮卡	Nissan	Frontier	Pickup	Std.	gen1 compact pickup	2000	Regular Cab	6.0	184.3	66.5	62.8	2000 Frontier Regular Cab	早期单排短车身	可入库
split_part_35_result.md	Nissan Frontier	皮卡	Nissan	Frontier	Pickup	Std.	gen1 compact pickup	2000	Crew Cab	4.5	193.1	71.9	65.9	2000 Frontier Crew Cab SE/XE SB	初期Crew Cab短斗	可入库
split_part_35_result.md	Nissan Frontier	皮卡	Nissan	Frontier	Pickup	Std.	gen1 compact pickup	2000	King Cab	6.0	196.1	66.5	62.6	2000 Frontier King Cab XE	早期King Cab	可入库
split_part_36_result.md	Nissan Frontier	皮卡	Nissan	Frontier	Pickup	Std.	gen1 compact pickup	2001	Regular Cab	6.0	191.3	66.5	62.8	2001 Frontier Regular Cab XE	单排后期口径	可入库
split_part_36_result.md	Nissan Frontier	皮卡	Nissan	Frontier	Pickup	Std.	gen1 compact pickup	2001	Crew Cab	4.5	200	71.9	65.9	2001 Frontier Crew Cab SE-V6 SB	短斗Crew Cab	可入库
split_part_36_result.md	Nissan Frontier	皮卡	Nissan	Frontier	Pickup	SC-V6	gen1 compact pickup	2001	King Cab	6.0	203.1	71.9	65.9	2001 Frontier King Cab SC-V6	中期King Cab; 按SC-V6最大宽高	可入库
split_part_36_result.md	Nissan Frontier	皮卡	Nissan	Frontier	Pickup	SC-V6	gen1 compact pickup	2002	Crew Cab	4.5	199.9	71.2	74	2002 Frontier Crew Cab SC-V6 SB	短斗Crew Cab; 高车身口径	可入库
split_part_36_result.md	Nissan Frontier	皮卡	Nissan	Frontier	Pickup	Std.	gen1 compact pickup	2002	King Cab	6.0	202.9	67.7	63.2	2002 Frontier King Cab XE	后期King Cab	可入库
split_part_36_result.md	Nissan Frontier	皮卡	Nissan	Frontier	Pickup	SC-V6	gen1 compact pickup	2002	Crew Cab	6.0	217.8	71.2	74	2002 Frontier Crew Cab SC-V6 LB	长斗Crew Cab; SC-V6高车身口径	可入库
split_part_36_result.md	Nissan Frontier	皮卡	Nissan	Frontier	Pickup	SC-V6	gen1 compact pickup	2003	Crew Cab	4.5	199.9	71.2	69.9	2003 Frontier Crew Cab SC-V6 SB	短斗Crew Cab	可入库
split_part_36_result.md	Nissan Frontier	皮卡	Nissan	Frontier	Pickup	Std.	gen1 compact pickup	2003	King Cab	6.0	202.9	67.7	66.7	2003 Frontier King Cab XE	后期King Cab	可入库
split_part_36_result.md	Nissan Frontier	皮卡	Nissan	Frontier	Pickup	Std.	gen1 compact pickup	2003	Crew Cab	6.0	217.8	71.2	66.7	2003 Frontier Crew Cab XE-V6 4x2 LB	长斗Crew Cab; 4x2口径	可入库
split_part_36_result.md	Nissan Frontier	皮卡	Nissan	Frontier	Pickup	Std.	gen1 compact pickup	2004	Crew Cab	4.5	199.9	71.2	66.7	2004 Frontier Crew Cab XE-V6 SB	短斗Crew Cab; XE-V6口径	可入库
split_part_37_result_2.md	Nissan Frontier	皮卡	Nissan	Frontier	Pickup	Std.	gen1 compact pickup	2004	extended	6.0 	202.9	67.7	63.2	2002 Frontier King Cab XE / 2004 Frontier King Cab XE	后期King Cab	可入库
split_part_37_result_2.md	Nissan Frontier	皮卡	Nissan	Frontier	Pickup	Std.	gen1 compact pickup	2004	crew	6.0 	217.8	71.2	74	2002 Frontier Crew Cab LB / 2004 Frontier Crew Cab LB	长斗Crew Cab	可入库
split_part_37_result_2.md	Nissan Frontier	皮卡	Nissan	Frontier	Pickup	Std.	gen2 midsize pickup	2005-2007	extended	6.0 	205.5	72.8	70.1	2005/2006/2007 Frontier King Cab / 2010/2011/2012/2013/2018/2019/2020/2021 Frontier King Cab	6ft斗; 2005高车身口径; 6ft斗; 2013高度按最大口径; 6ft斗	待终核: 确认 2010/2011/2012/2013/2018/2019/2020/2021 年参考车型
split_part_37_result_2.md	Nissan Frontier	皮卡	Nissan	Frontier	Pickup	Std.	gen2 midsize pickup	2005-2021	crew	5.0 	205.5	72.8	70.1	2005-2021 Frontier Crew Cab 5 ft	短斗Crew Cab	可入库
split_part_37_result_2.md	Nissan Frontier	皮卡	Nissan	Frontier	Pickup	Std.	gen2 midsize pickup	2005-2021	crew	6.0 	219.4	72.8	70.1	2005-2021 Frontier Crew Cab 6 ft	长斗Crew Cab	可入库
split_part_37_result_2.md	Nissan Frontier	皮卡	Nissan	Frontier	Pickup	Std.	gen2 midsize pickup	2008-2009	extended	6.0 	205.5	72.8	69.7	2008/2009 Frontier King Cab	6ft斗	可入库
split_part_37_result_2.md	Nissan Frontier	皮卡	Nissan	Frontier	Pickup	Std.	gen2 midsize pickup	2010-2013	extended	6.0 	205.5	72.8	70.1	2010/2011/2012/2013 Frontier King Cab	6ft斗	可入库
split_part_37_result_2.md	Nissan Frontier	皮卡	Nissan	Frontier	Pickup	Std.	gen2 midsize pickup	2014-2015	extended	6.0 	205.5	72.8	68.7	2014/2015 Frontier King Cab SV/S	6ft斗	可入库
split_part_37_result_2.md	Nissan Frontier	皮卡	Nissan	Frontier	Pickup	Std.	gen2 midsize pickup	2016	extended	6.0 	205.5	72.8	69.7	2016 Frontier King Cab	6ft斗	可入库
split_part_37_result_2.md	Nissan Frontier	皮卡	Nissan	Frontier	Pickup	Std.	gen2 midsize pickup	2017	extended	6.0 	205.5	72.8	68.7	2017 Frontier King Cab	6ft斗	可入库
split_part_38_result.md	Nissan Frontier	皮卡	Nissan	Frontier	Pickup	Std.	gen2 midsize pickup	2018-2021	Extended	6.0	205.5	72.8	70.1	2018/2019/2020/2021 Frontier King Cab	6ft斗; 高车身口径	可入库
split_part_38_result.md	Nissan Frontier	皮卡	Nissan	Frontier	Pickup	Std.	gen3 midsize pickup	2022	Extended	6.0	210.2	73	72.1	2022 Frontier King Cab 6 ft	6ft斗	可入库
split_part_38_result.md	Nissan Frontier	皮卡	Nissan	Frontier	Pickup	Std.	gen3 midsize pickup	2022	Crew	6.0	224.1	73	71.6	2022 Frontier Crew Cab SV 6 ft	长斗Crew Cab	可入库
split_part_38_result.md	Nissan Frontier	皮卡	Nissan	Frontier	Pickup	Std.	gen3 midsize pickup	2022-2026	Crew	5.0	210.2	74.7	72.9	2022-2026 Frontier Crew Cab 5 ft	短斗Crew Cab; 含PRO-4X高宽口径	可入库
split_part_38_result.md	Nissan Frontier	皮卡	Nissan	Frontier	Pickup	Std.	gen3 midsize pickup	2023	Extended	6.0	210.2	73	71.4	2023 Frontier King Cab SV 6 ft	6ft斗	可入库
split_part_38_result.md	Nissan Frontier	皮卡	Nissan	Frontier	Pickup	Std.	gen3 midsize pickup	2023-2024	Crew	6.0	224.1	73	71.3	2023/2024/2026 Frontier Crew Cab SV 6-6.1 ft	长斗Crew Cab	可入库
split_part_38_result.md	Nissan Frontier	皮卡	Nissan	Frontier	Pickup	Std.	gen3 midsize pickup	2024	Extended	6.0	210.2	73	71.8	2024 Frontier King Cab SV 6 ft	6ft斗	可入库
split_part_38_result.md	Nissan Frontier	皮卡	Nissan	Frontier	Pickup	Std.	gen3 midsize pickup	2025	Extended	6.0	210.2	73	71.5	2025 Frontier King Cab S 6 ft	6ft斗	可入库
split_part_38_result.md	Nissan Frontier	皮卡	Nissan	Frontier	Pickup	Std.	gen3 midsize pickup	2025	Crew	6.0	224.1	73	72	2025 Frontier Crew Cab SL 6.1 ft	长斗Crew Cab	可入库
split_part_38_result.md	Nissan Frontier	皮卡	Nissan	Frontier	Pickup	Std.	gen3 midsize pickup	2026	Extended	6.0	210.2	73	72.1	2026 Frontier King Cab 6 ft	6ft斗	可入库
split_part_39_result.md	Nissan Frontier	皮卡车	Nissan	Frontier	Pickup	Std.	gen3 midsize pickup	2026	crew	6.0	224.1	73	71.3	2023 Frontier Crew Cab SV 6 ft / 2024 Frontier Crew Cab SV 6 ft / 2026 Frontier Crew Cab SV 6.1 ft	长斗Crew Cab	待终核: 缺失 2025 年份参考
split_part_39_result.md	Ram 1500	皮卡车	Ram	1500	Pickup	Std.	gen2	1994-1998	extended	6.4	224.1	79.4	74.7	Dodge Ram 1500 Club/Quad Cab		待终核: 缺失 1995/1996/1997 年份参考
split_part_39_result.md	Ram 1500	皮卡车	Ram	1500	Pickup	Std.	gen2	1994-2001	regular	6.4	204.1	79.4	74.7	Dodge Ram 1500 Regular Cab short bed		待终核: 缺失 1995-2001 年份参考
split_part_39_result.md	Ram 1500	皮卡车	Ram	1500	Pickup	Std.	gen2	1997	regular	8.0	224.1	79.4	74.7	Dodge Ram 1500 Regular Cab long bed		可入库
split_part_39_result.md	Ram 1500	皮卡车	Ram	1500	Pickup	Std.	gen2	1999-2001	regular	8.0	224.1	79.4	74.7	Dodge Ram 1500 Regular Cab long bed		待终核: 缺失 2000 年份参考
split_part_39_result.md	Ram 1500	皮卡车	Ram	1500	Pickup	Std.	gen3	2002-2006	extended	6.4	227.7	79.9	75	Ram 1500 Quad Cab 6.4 ft		待终核: 缺失 2003-2005 年份参考
split_part_39_result.md	Ram 1500	皮卡车	Ram	1500	Pickup	Std.	gen3	2002-2008	regular	6.4	207.7	79.9	75	Ram 1500 Regular Cab short bed		待终核: 缺失 2003-2006 年份参考
split_part_39_result.md	Ram 1500	皮卡车	Ram	1500	Pickup	Std.	gen3	2005	regular	8.0	227.7	79.9	75	Ram 1500 Regular Cab long bed		可入库
split_part_39_result.md	Ram 1500	皮卡车	Ram	1500	Pickup	Std.	gen3	2007	regular	8.0	227.7	79.9	75	Ram 1500 Regular Cab long bed		可入库
split_part_39_result.md	Ram 1500	皮卡车	Ram	1500	Pickup	Std.	gen3	2008	extended	6.4	227.7	79.9	75	Ram 1500 Quad Cab 6.4 ft		可入库
split_part_40_result.md	Ram 1500	皮卡	Ram	1500	Pickup	Std.	gen4	2009-2014	Quad Cab	6.4	229	79.4	77.7	2009-2014 Ram 1500 Quad Cab 6.4 ft	逐年参考闭环	可入库
split_part_40_result.md	Ram 1500	皮卡	Ram	1500	Pickup	Std.	gen4	2009-2018	Regular Cab	6.4	209	79.4	77.7	2009-2018 Ram 1500 Regular Cab 6.4 ft	逐年参考闭环	可入库
split_part_40_result.md	Ram 1500	皮卡	Ram	1500	Pickup	Std.	gen4	2009-2018	Regular Cab	8.0	231	79.4	77.7	2009-2018 Ram 1500 Regular Cab 8.0 ft	逐年参考闭环	可入库
split_part_40_result.md	Ram 1500	皮卡	Ram	1500	Pickup	Std.	gen4	2009-2018	Crew Cab	6.4	237.9	79.4	77.7	2009-2018 Ram 1500 Crew Cab 6.4 ft	逐年参考补齐，区间高度取77.7	可入库
split_part_40_result.md	Ram 1500	皮卡	Ram	1500	Pickup	Std.	gen4	2011-2012	Crew Cab	5.6	229	79.4	76.3	2011-2012 Ram 1500 Crew Cab 5.6 ft	已闭环	可入库
split_part_40_result.md	Ram 1500	皮卡	Ram	1500	Pickup	Std.	gen4	2014-2018	Crew Cab	5.6	229	79.4	77.7	2014-2018 Ram 1500 Crew Cab 5.6 ft	已闭环	可入库
split_part_40_result.md	Ram 1500	皮卡	Ram	1500	Pickup	Std.	gen4	2016	Quad Cab	6.4	229	79.4	77.7	2016 Ram 1500 Quad Cab 6.4 ft	已闭环	可入库
split_part_40_result.md	Ram 1500	皮卡	Ram	1500	Pickup	Std.	gen4	2018	Quad Cab	6.4	229	79.4	77.7	2018 Ram 1500 Quad Cab 6.4 ft	已闭环	可入库
split_part_40_result.md	Ram 1500	皮卡	Ram	1500	Pickup	Std.	gen5	2019-2026	Quad Cab	6.4	228.9	82.1	77.7	2019-2026 Ram 1500 Quad Cab 6.4 ft	逐年参考闭环	可入库
split_part_40_result.md	Ram 1500	皮卡	Ram	1500	Pickup	Std.	gen5	2019-2026	Crew Cab	5.6	232.9	82.1	77.6	2019-2026 Ram 1500 Crew Cab 5.6 ft	逐年参考闭环	可入库
split_part_41_result.md	Ram 1500	皮卡	Ram	1500	Pickup	Std.	gen5	2019-2026	Crew Cab	6.4	241.8	82.1	77.8	2019/2020/2021/2022/2023/2024/2025/2026 Ram 1500 Crew Cab 6.4 ft	按 Crew Cab 高点修正高度	可入库
split_part_41_result.md	Ram 1500	皮卡	Ram	1500	Pickup	TRX	gen5	2021-2024	Crew Cab	5.6	232.9	88	80.9	2021-2024 Ram 1500 TRX Crew Cab 5.6 ft	宽体高车身	可入库
split_part_41_result.md	Ram 1500	皮卡	Ram	1500	Pickup	RHO	gen5	2025-2026	Crew Cab	5.6	233.7	88	81.9	2025-2026 Ram 1500 RHO Crew Cab 5.6 ft	宽体高车身	可入库
split_part_41_result.md	Ram 1500 Classic	皮卡	Ram	1500 Classic	Pickup	Std.	gen4 classic	2019-2023	Crew Cab	5.6	229	79.4	78.7	2019-2023 Ram 1500 Classic Crew Cab 5.6 ft	老款延续	可入库
split_part_41_result.md	Ram 2500/3500	皮卡	Ram	2500/3500	Pickup	Std.	gen2 HD pickup	1994-2002	Regular Cab	8.0	232	79.4	78.4	1994-2002 Ram 2500/3500 Regular Cab SRW long bed	HD SRW; 代际已修；逐年核对	可入库
split_part_41_result.md	Ram 2500/3500	皮卡	Ram	2500/3500	Pickup	Std.	gen3 HD pickup	2003-2009	Regular Cab	8.0	229.7	79.6	78.4	2003/2004/2005/2006/2007/2008/2009 Ram 2500/3500 Regular Cab SRW long bed	HD SRW; 2008 Regular Cab 8.0 ft 完整三维已确认	可入库
split_part_41_result.md	Ram 2500/3500	皮卡	Ram	2500/3500	Pickup	Std.	gen4 HD pickup	2010-2018	Regular Cab	8.0	232	79.4	78.5	2010/2011/2012/2013/2014/2015/2016/2017/2018 Ram 2500/3500 Regular Cab SRW long bed	HD SRW; 代际已修；2015 高点确认	可入库
split_part_41_result.md	Ram 2500/3500	皮卡	Ram	2500/3500	Pickup	Std.	gen5 HD pickup	2019-2026	Regular Cab	8.0	232	79.4	80.2	2019/2020/2021/2022/2023/2024/2025/2026 Ram 2500 Regular Cab 8.0 ft SRW	HD SRW; 代际已修；2020-2025 高点已确认	可入库
split_part_41_result.md	Ram 2500/3500	皮卡	Ram	2500/3500	Pickup	Std.	gen2 HD pickup	1994-2002	Crew Cab	6.4	237.4	79.4	78.5	Ram HD Crew Cab 6.4 ft SRW	HD SRW; 代际已修；逐年尺寸已确认	可入库
split_part_41_result.md	Ram 2500/3500	皮卡	Ram	2500/3500	Pickup	Std.	gen3 HD pickup	2003-2009	Crew Cab	6.4	237.4	79.4	78.5	2003/2004/2005/2006/2007/2008/2009 Ram HD Crew Cab 6.4 ft SRW	HD SRW; 代际已修；逐年尺寸已确认	可入库
split_part_42_result_2.md	Ram 2500/3500	皮卡	Ram	2500/3500	Pickup	Std.	gen4 HD pickup	2010-2018	Crew Cab	6.4	237.4	79.5	77.7	2010-2018 Ram 2500 Crew Cab 6'4 Box	HD SRW; Crew Cab短床; 2011宽度79.5为区间最大	可入库
split_part_42_result_2.md	Ram 2500/3500	皮卡	Ram	2500/3500	Pickup	Std.	gen5 HD pickup	2019-2026	Crew Cab	6.4	238.8	79.5	80.2	2019-2026 Ram 2500 Crew Cab 6'4 Box	HD SRW; Crew Cab短床; 2019无镜宽由J.D. Power补齐	可入库
split_part_42_result_2.md	Ram 2500/3500	皮卡	Ram	2500/3500	Pickup	Std.	gen2 HD pickup	1994-2002	Quad Cab	8.0	244.1	79.4	72.9	1994-2002 Dodge Ram 2500 Quad Cab/Club Cab 8' Box	HD SRW; 1994-1998 Auto-Data Club Cab LB补强早期年份	可入库
split_part_42_result_2.md	Ram 2500/3500	皮卡	Ram	2500/3500	Pickup	Std.	gen3 HD pickup	2003-2009	Quad Cab	8.0	249.7	79.9	78.9	2003-2009 Dodge Ram 2500 Quad Cab 8' Box	HD SRW; Quad Cab长床; 2007/2009长度由KBB补齐，宽高用同年Edmunds Quad Cab口径	可入库
split_part_42_result_2.md	Ram 2500/3500	皮卡	Ram	2500/3500	Pickup	Std.	gen4 HD pickup	2010-2018	Crew Cab	8.0	259.4	79.1	78.3	2010-2018 Dodge/Ram 2500 Crew Cab 8' Box	HD SRW; Crew Cab长床; 2012高度取官方4x4较高值78.3	可入库
split_part_42_result_2.md	Ram 2500/3500	皮卡	Ram	2500/3500	Pickup	Std.	gen5 HD pickup	2019-2026	Crew Cab	8.0	260.8	79.4	80.1	2019-2026 Ram 2500/3500 Crew Cab 8' Box	HD SRW; Crew Cab长床; gen5长床口径一致	可入库
split_part_42_result_2.md	Ram 2500/3500	皮卡	Ram	2500/3500	Pickup	Std.	gen3 HD pickup	2006-2009	Mega Cab	6.4	247.9	80.0	78.7	2006-2009 Dodge Ram 2500 Mega Cab 6'4 Box; 2006 MotorTrend Ram Mega Cab	HD SRW; Mega Cab短床; 2006保守高度/宽度为区间最大	可入库
split_part_42_result_2.md	Ram 2500/3500	皮卡	Ram	2500/3500	Pickup	Std.	gen4 HD pickup	2010-2018	Mega Cab	6.4	248.4	79.1	78.3	2010-2018 Ram 2500 Mega Cab 6'4 Box	HD SRW; Mega Cab短床; 外廓已覆盖全区间	可入库
split_part_42_result_2.md	Ram 2500/3500	皮卡	Ram	2500/3500	Pickup	Std.	gen5 HD pickup	2019-2026	Mega Cab	6.4	249.9	79.5	80.1	2019-2026 Ram 2500/3500 Mega Cab 6'4 Box	HD SRW; Mega Cab短床; 2020样本高度/宽度更高	可入库
split_part_42_result_2.md	Ram 3500	皮卡	Ram	3500	Pickup	DRW	gen2 HD pickup	1994-2002	Quad Cab	8.0	244.1	93.8	78.7	1994-2002 Dodge Ram 3500 Quad Cab/Club Cab 8' Box DRW	宽体后双轮; 1994-1998 Auto-Data宽度93.8为区间最大，高度保留78.7保守值	可入库
split_part_44_result.md	Sierra 1500	皮卡	GMC	Sierra 1500	Pickup	Std.	gen2	2007-2013	Regular Cab	6.6	205.6	79.9	73.5	2007-2013 Sierra Regular Cab standard bed		可入库
split_part_44_result.md	Sierra 1500	皮卡	GMC	Sierra 1500	Pickup	Std.	gen2	2007-2013	Regular Cab	8.0	224.5	79.9	73.5	2007-2013 Sierra Regular Cab long bed		可入库
split_part_44_result.md	Sierra 1500	皮卡	GMC	Sierra 1500	Pickup	Std.	gen2	2007-2013	Crew Cab	5.8	229.9	79.9	73.7	2007-2013 Sierra Crew Cab short bed		可入库
split_part_44_result.md	Sierra 1500	皮卡	GMC	Sierra 1500	Pickup	Std.	gen2	2007-2013	Extended Cab	6.6	230.2	79.9	73.7	2007-2013 Sierra Extended Cab standard bed		可入库
split_part_44_result.md	Sierra 1500	皮卡	GMC	Sierra 1500	Pickup	Std.	gen2	2007-2013	Extended Cab	8.0	248.8	79.9	73.7	2007 Sierra Extended Cab long bed		可入库
split_part_44_result.md	Sierra 1500	皮卡	GMC	Sierra 1500	Pickup	Std.	gen3	2014-2018	Regular Cab	6.6	205.6	80	74	2014-2018 Sierra Regular Cab standard bed		可入库
split_part_44_result.md	Sierra 1500	皮卡	GMC	Sierra 1500	Pickup	Std.	gen3	2014-2018	Regular Cab	8.0	224.4	80	74	2014-2018 Sierra Regular Cab long bed		可入库
split_part_44_result.md	Sierra 1500	皮卡	GMC	Sierra 1500	Pickup	Std.	gen3	2014-2018	Crew Cab	5.8	230	80	74.2	2014-2018 Sierra Crew Cab short bed		可入库
split_part_44_result.md	Sierra 1500	皮卡	GMC	Sierra 1500	Pickup	Std.	gen3	2014-2018	Double Cab	6.6	230	80	73.9	2014-2018 Sierra Double Cab standard bed		可入库
split_part_44_result.md	Sierra 1500	皮卡	GMC	Sierra 1500	Pickup	Std.	gen4	2019-2026	Regular Cab	6.6	210.9	81.1	75.6	2019-2026 Sierra Regular Cab standard bed		可入库
