Make	Model	VariantName	BodyStyle	DriveType	Energy	EngineOutputKW	EngineOutputHP	Product Start Month-Year	Product End Month-Year	LastProcessedDate	Ktype
Opel	Signum cc	3.0 V6 Cdti	Schrägheck	Frontantrieb	Diesel	135	184	Sep 2005	Dec 2008	2024-03-01	19111
Opel	Astra h	1.3 Cdti	Schrägheck	Frontantrieb	Diesel	66	90	Aug 2005	Oct 2010	2024-03-01	19113
Opel	Astra h caravan	1.3 Cdti	Kombi	Frontantrieb	Diesel	66	90	Aug 2005	Oct 2010	2024-03-01	19115
Opel	Astra h	2.0 Turbo	Schrägheck	Frontantrieb	Benzin	177	240	Mar 2005	Oct 2010	2024-03-01	19116
Opel	Astra h	1.9 Cdti	Schrägheck	Frontantrieb	Diesel	88	120	Jun 2004	Oct 2010	2024-03-01	19117
Opel	Astra h caravan	1.9 Cdti	Kombi	Frontantrieb	Diesel	88	120	Sep 2005	Oct 2010	2024-03-01	19118
Opel	Astra h	1.9 Cdti	Schrägheck	Frontantrieb	Diesel	74	100	Sep 2005	Oct 2010	2024-03-01	19119
Opel	Astra h caravan	1.9 Cdti	Kombi	Frontantrieb	Diesel	74	100	Sep 2005	Oct 2010	2024-03-01	19120
Audi	A4 b8	3.0 TDI	Stufenheck	Frontantrieb	Diesel	150	204	Nov 2011	Dec 2015	2024-03-01	19124
Audi	A4 b8 avant	1.8 Tfsi	Kombi	Frontantrieb	Benzin	125	170	Nov 2011	Dec 2015	2024-03-01	19125
Opel	Vectra c	2.8 V6 Turbo	Stufenheck	Frontantrieb	Benzin	169	230	Aug 2005	Oct 2006	2024-03-01	19137
Opel	Vectra c	2.8 V6 Turbo	Stufenheck	Frontantrieb	Benzin	188	255	Aug 2005	Sep 2006	2024-03-01	19138
Opel	Vectra c cc	1.6	Schrägheck	Frontantrieb	Benzin	74	100	Aug 2005	Aug 2008	2024-03-01	19139
Opel	Vectra c cc	2.8 V6 Turbo	Schrägheck	Frontantrieb	Benzin	169	230	Aug 2005	Aug 2008	2024-03-01	19140
Opel	Vectra c cc	2.8 V6 Turbo	Schrägheck	Frontantrieb	Benzin	188	255	Aug 2005	Sep 2008	2024-03-01	19141
Opel	Vectra c caravan	2.8 V6 Turbo	Kombi	Frontantrieb	Benzin	169	230	Aug 2005	Oct 2008	2024-03-01	19143
Opel	Vectra c caravan	2.8 V6 Turbo	Kombi	Frontantrieb	Benzin	188	255	Aug 2005	Sep 2008	2024-03-01	19144
Opel	Corsa c	1.3 Cdti 16V	Kasten/Schrägheck	Frontantrieb	Diesel	51	69	Jul 2005	Jun 2006	2024-03-01	19145
Opel	Combo	1.4 16V	Kasten/Großraumlimousine	Frontantrieb	Benzin	66	90	Aug 2005	-	2024-03-01	19146
Opel	Combo	1.3 Cdti 16V	Kasten/Großraumlimousine	Frontantrieb	Diesel	51	69	Aug 2005	-	2024-03-01	19147
Proton	Gen 2	1.3	Schrägheck	Frontantrieb	Benzin	70	95	Jun 2004	Dec 2009	2024-03-01	19148
Proton	Gen 2	1.6	Schrägheck	Frontantrieb	Benzin	82	110	Jun 2004	-	2024-03-01	19149
Proton	Jumbuck	1.5	Pick-up	Frontantrieb	Benzin	64	86	May 2002	Dec 2008	2024-03-01	19150
Subaru	Impreza	2.0 I R AWD	Stufenheck	Allrad	Benzin	118	160	Sep 2005	Mar 2007	2024-03-01	19151
Subaru	Impreza	2.5 I WRX AWD	Stufenheck	Allrad	Benzin	169	230	Sep 2005	Dec 2008	2024-03-01	19152
Subaru	Impreza	2.5 WRX STI AWD	Stufenheck	Allrad	Benzin	206	280	Sep 2005	Dec 2007	2024-03-01	19153
Subaru	Impreza station wagon	2.0 I R AWD	Kombi	Allrad	Benzin	118	160	Dec 2000	Jun 2007	2025-02-03	19154
Subaru	Impreza station wagon	2.5 WRX AWD	Kombi	Allrad	Benzin	169	230	Sep 2005	Dec 2008	2024-03-01	19155
Subaru	Forester	2.0 X AWD	SUV	Allrad	Benzin	116	158	Jun 2005	May 2008	2024-03-01	19156
Subaru	Forester	2.5 AWD	SUV	Allrad	Benzin	169	230	Jun 2005	May 2008	2024-03-01	19157
Porsche	911	3.6 Carrera 4	Cabriolet	Allrad	Benzin	239	325	Apr 2005	Dec 2008	2024-03-01	19158
Porsche	911	3.8 Carrera 4S	Cabriolet	Allrad	Benzin	261	355	Apr 2005	Dec 2008	2024-03-01	19159
Cadillac	Sts	3.6	Stufenheck	Heckantrieb	Benzin	189	257	May 2005	Dec 2007	2024-03-01	19160
Cadillac	Sts	4.6	Stufenheck	Heckantrieb	Benzin	239	325	May 2005	Dec 2007	2024-03-01	19161
Cadillac	Sts	4.4 Kompressor	Stufenheck	Heckantrieb	Benzin	350	476	Sep 2005	Dec 2007	2024-03-01	19162
Alfa Romeo	Brera	2.2 JTS	Schrägheck	Frontantrieb	Benzin	136	185	Jan 2006	May 2011	2025-06-01	19163
Alfa Romeo	Brera	3.2 JTS Q4	Schrägheck	Allrad	Benzin	191	260	Jan 2006	May 2011	2024-03-01	19164
Jaguar	Xk ii	4.2 XK8	Coupe	Heckantrieb	Benzin	219	298	Mar 2006	Jul 2014	2024-03-01	19165
Jaguar	Xk ii	4.2 XKR	Coupe	Heckantrieb	Benzin	291	396	Mar 2006	Jul 2014	2024-03-01	19166
Ford	Focus ii	2.5 ST	Schrägheck	Frontantrieb	Benzin	166	225	Oct 2005	Sep 2012	2024-03-01	19167
Audi	A4 b7	3.2 FSI	Cabriolet	Frontantrieb	Benzin	188	255	Jan 2006	Mar 2009	2024-03-01	19169
Audi	A4 b7	3.2 FSI Quattro	Cabriolet	Allrad	Benzin	188	255	Jan 2006	Mar 2009	2024-03-01	19170
Audi	A4 b7	2.0 TDI	Cabriolet	Frontantrieb	Diesel	103	140	Jan 2006	Mar 2009	2024-03-01	19171
Audi	A4 b7	3.0 TDI Quattro	Cabriolet	Allrad	Diesel	171	233	Jan 2006	Mar 2009	2024-03-01	19172
Jaguar	Xk ii	4.2 XK8	Cabriolet	Heckantrieb	Benzin	219	298	Mar 2006	Jul 2014	2024-03-01	19173
Nissan	Note	1.4	Großraumlimousine	Frontantrieb	Benzin	65	88	Jan 2006	Aug 2013	2026-06-01	19174
Nissan	Note	1.6	Großraumlimousine	Frontantrieb	Benzin	81	110	Mar 2006	Jun 2012	2024-03-01	19175
Nissan	Note	1.5 DCI	Großraumlimousine	Frontantrieb	Diesel	50	68	Mar 2006	Jun 2012	2024-03-01	19176
Nissan	Note	1.5 DCI	Großraumlimousine	Frontantrieb	Diesel	63	86	Mar 2006	Jun 2012	2024-03-01	19177
Renault	Clio ii	1.5 DCI	Kasten/Schrägheck	Frontantrieb	Diesel	48	65	Jun 2001	-	2026-05-01	19178
VW	Jetta iii	2.0 Tfsi	Stufenheck	Frontantrieb	Benzin	147	200	Oct 2005	Oct 2010	2024-03-01	19179
Mazda	626 v	2.0 DI TD	Stufenheck	Frontantrieb	Diesel	66	90	Apr 1998	Oct 2002	2024-03-01	19180
KIA	Cerato i	1.5 Crdi	Stufenheck	Frontantrieb	Diesel	75	102	Jul 2005	Aug 2006	2024-03-01	19181
Nissan	Pathfinder iii	4.0 4WD	SUV	Allrad	Benzin	198	269	Sep 2005	-	2024-03-01	19182
Ssangyong	Kyron	2.0 XDI 4X4	SUV	Allrad	Diesel	104	141	May 2005	Dec 2014	2024-03-01	19183
Ssangyong	Kyron	2.0 XDI	SUV	Heckantrieb	Diesel	104	141	May 2005	Dec 2014	2024-03-01	19184
Hyundai	Grandeur	3.3	Stufenheck	Frontantrieb	Benzin	173	235	Apr 2005	Dec 2010	2024-03-01	19185
Jeep	Commander	3.7 V6 4X4	SUV	Allrad	Benzin	157	214	Sep 2005	Dec 2010	2024-03-01	19186
Jeep	Commander	4.7 V8 4X4	SUV	Allrad	Benzin	170	231	Sep 2005	Dec 2010	2024-03-01	19187
Jeep	Commander	5.7 V8 4X4	SUV	Allrad	Benzin	240	326	Sep 2005	Dec 2010	2024-03-01	19188
Marcos	Ts 500	5.0 V8	Cabriolet	Heckantrieb	Benzin	235	320	Nov 2002	Dec 2004	2024-03-01	19190
Marcos	Lm	4.0 Sport	Coupe	Heckantrieb	Benzin	220	299	Jan 1995	Nov 1999	2024-03-01	19191
Renault	Thalia i	1.5 DCI	Stufenheck	Frontantrieb	Diesel	60	82	Jun 2001	Feb 2009	2024-03-01	19192
Suzuki	Grand vitara ii	1.6 Allrad	Geländewagen geschlossen	Allrad	Benzin	78	106	Apr 2005	Feb 2015	2024-03-01	19193
Suzuki	Grand vitara ii	2.0 Allrad	Geländewagen geschlossen	Allrad	Benzin	103	140	Oct 2005	Feb 2015	2024-03-01	19194
KIA	Picanto i	1	Schrägheck	Frontantrieb	Benzin	45	61	Apr 2004	Apr 2011	2024-03-01	19195
Isuzu	D-Max i	2.5 Ditd 4X4	Pick-up	Allrad	Diesel	74	101	May 2002	Jun 2012	2024-03-01	19198
Isuzu	D-Max i	3.0 Ditd 4X4	Pick-up	Allrad	Diesel	96	131	May 2002	Jun 2012	2024-03-01	19199
VW	Passat b6 variant	2.0 TDI	Kombi	Frontantrieb	Diesel	125	170	Aug 2005	Nov 2010	2024-03-01	19200
BMW	6	M	Coupe	Heckantrieb	Benzin	373	507	Sep 2005	Jul 2010	2024-03-01	19201
Isuzu	Ascender	4.2 4WD	SUV	Allrad	Benzin	217	295	Mar 2003	-	2024-03-01	19202
Suzuki	Swift iii	1.3 Ddis	Schrägheck	Frontantrieb	Diesel	51	69	Aug 2005	Jun 2012	2026-05-01	19203
Isuzu	Ascender	5.3 4WD	SUV	Allrad	Benzin	224	305	Mar 2003	-	2024-03-01	19204
Suzuki	Swift iii	1.3 4X4	Schrägheck	Allrad	Benzin	66	90	Jan 2006	Jun 2012	2026-05-01	19205
Suzuki	Carry	1.3 16 V	Kasten	Heckantrieb	Benzin	58	79	Mar 2000	-	2024-03-01	19206
Subaru	Mv	1.6	Pick-up	Frontantrieb	Benzin	52	71	Jun 1978	Apr 1981	2024-03-01	19207
Subaru	Mv	1.8	Pick-up	Allrad	Benzin	60	82	May 1981	Aug 1986	2024-03-01	19208
KIA	Magentis ii	2	Stufenheck	Frontantrieb	Benzin	106	144	Nov 2005	Dec 2010	2024-03-01	19211
KIA	Magentis ii	2.7	Stufenheck	Frontantrieb	Benzin	138	188	Nov 2005	Dec 2010	2024-03-01	19212
KIA	Magentis ii	2.0 Crdi	Stufenheck	Frontantrieb	Diesel	103	140	Apr 2006	Dec 2010	2024-03-01	19213
KIA	Picanto i	1.1 Crdi	Schrägheck	Frontantrieb	Diesel	55	75	Oct 2005	Apr 2011	2024-03-01	19214
KIA	Sportage ii	2.0 Crdi 4WD	SUV	Allrad	Diesel	103	140	Jan 2006	Oct 2008	2024-05-01	19215
VW	Passat b6	1.6	Stufenheck	Frontantrieb	Benzin	75	102	May 2005	Jul 2010	2024-03-01	19216
KIA	K2700	2.7 D	Pritsche/Fahrgestell	Heckantrieb	Diesel	59	80	Oct 1999	-	2024-03-01	19217
Renault	Kangoo	1.5 DCI	Kasten/Großraumlimousine	Frontantrieb	Diesel	62	84	Jun 2005	-	2024-03-01	19218
Seat	Ibiza iii	1.4 TDI	Schrägheck	Frontantrieb	Diesel	51	70	May 2005	Nov 2009	2024-03-01	19219
Seat	Ibiza iii	1.4 TDI	Schrägheck	Frontantrieb	Diesel	59	80	Jun 2005	Nov 2009	2024-03-01	19220
Seat	Cordoba	1.4 TDI	Stufenheck	Frontantrieb	Diesel	51	70	May 2005	Nov 2009	2024-03-01	19221
Seat	Cordoba	1.4 TDI	Stufenheck	Frontantrieb	Diesel	59	80	Jun 2005	Nov 2009	2024-03-01	19222
BMW	5	520 D	Kombi	Heckantrieb	Diesel	120	163	Apr 2005	May 2010	2024-03-01	19223
Seat	Leon	1.9 TDI	Schrägheck	Frontantrieb	Diesel	74	100	Oct 2005	Jun 2006	2024-03-01	19224
Skoda	Fabia i	1.4 TDI	Schrägheck	Frontantrieb	Diesel	51	70	Oct 2005	Mar 2008	2024-03-01	19225
Skoda	Fabia i	1.4 TDI	Schrägheck	Frontantrieb	Diesel	59	80	Oct 2005	Mar 2008	2024-03-01	19226
Skoda	Fabia i	1.4 TDI	Stufenheck	Frontantrieb	Diesel	51	70	Oct 2005	Dec 2007	2024-03-01	19227
Skoda	Fabia i	1.4 TDI	Stufenheck	Frontantrieb	Diesel	59	80	Oct 2005	Dec 2007	2024-03-01	19228
Skoda	Fabia i combi	1.4 TDI	Kombi	Frontantrieb	Diesel	51	70	Oct 2005	Dec 2007	2024-03-01	19229
Skoda	Fabia i combi	1.4 TDI	Kombi	Frontantrieb	Diesel	59	80	Oct 2005	Dec 2007	2024-03-01	19230
Skoda	Fabia i praktik	1.4 TDI	Kasten/Kombi	Frontantrieb	Diesel	51	70	Oct 2005	Dec 2007	2024-03-01	19231
Audi	A6 c6	2.0 TDI	Stufenheck	Frontantrieb	Diesel	100	136	Jul 2004	Mar 2011	2024-03-01	19232
Audi	A6 c6 avant	2.0 TDI	Kombi	Frontantrieb	Diesel	100	136	Jun 2005	Aug 2011	2024-03-01	19233
Audi	A6 c6	2.7 TDI Quattro	Stufenheck	Allrad	Diesel	120	163	Jun 2005	Mar 2011	2024-03-01	19234
Audi	A6 c6 avant	2.7 TDI Quattro	Kombi	Allrad	Diesel	120	163	Jun 2005	Aug 2011	2024-03-01	19235
VW	Caddy iii	1.9 TDI	Großraumlimousine	Frontantrieb	Diesel	55	75	Sep 2005	Aug 2010	2024-03-01	19236
VW	New beetle	1.9 TDI	Schrägheck	Frontantrieb	Diesel	77	105	Jul 2005	Sep 2010	2024-03-01	19237
VW	New beetle	1.9 TDI	Cabriolet	Frontantrieb	Diesel	77	105	Jul 2005	Sep 2010	2024-03-01	19238
Audi	Tt	1.8 T	Cabriolet	Frontantrieb	Benzin	120	163	Sep 2005	Jun 2006	2024-03-01	19239
Honda	Civic viii hatchback	1.4	Schrägheck	Frontantrieb	Benzin	61	83	Sep 2005	Sep 2008	2024-03-01	19240
Honda	Civic viii hatchback	1.8	Schrägheck	Frontantrieb	Benzin	103	140	Sep 2005	Dec 2011	2024-03-01	19241
Honda	Civic viii hatchback	2.2 Ctdi	Schrägheck	Frontantrieb	Diesel	103	140	Sep 2005	Dec 2011	2024-03-01	19242
Toyota	Aygo	1.4 D-4d	Schrägheck	Frontantrieb	Diesel	40	54	Jul 2005	Aug 2010	2024-03-01	19243
Mazda	6	2.3 MPS Turbo	Stufenheck	Allrad	Benzin	191	260	Dec 2005	Aug 2007	2024-03-01	19244
Toyota	Corolla	2.2 D-4d	Großraumlimousine	Frontantrieb	Diesel	100	136	Oct 2005	Mar 2009	2024-03-01	19245
Toyota	Avensis	2.2 D-4d	Schrägheck	Frontantrieb	Diesel	110	150	Oct 2005	Nov 2008	2024-03-01	19246
Toyota	Avensis	2.2 D-4d	Stufenheck	Frontantrieb	Diesel	110	150	Oct 2005	Nov 2008	2024-03-01	19247
Toyota	Avensis	2.2 D-4d	Kombi	Frontantrieb	Diesel	110	150	Oct 2005	Nov 2008	2024-03-01	19248
Toyota	Avensis	2.2 D-cat	Schrägheck	Frontantrieb	Diesel	130	177	Jul 2005	Nov 2008	2024-03-01	19249
Toyota	Avensis	2.2 D-cat	Stufenheck	Frontantrieb	Diesel	130	177	Jul 2005	Nov 2008	2024-03-01	19250
Toyota	Avensis	2.2 D-cat	Kombi	Frontantrieb	Diesel	130	177	Jul 2005	Nov 2008	2024-03-01	19251
Toyota	Corolla	1.8 Vvtl-i TS	Schrägheck	Frontantrieb	Benzin	165	224	Feb 2005	Feb 2007	2024-03-01	19252
VW	Polo	1.8 GTI	Schrägheck	Frontantrieb	Benzin	110	150	Sep 2005	Nov 2009	2024-03-01	19253
Toyota	Yaris	1.0 Vvt-i	Schrägheck	Frontantrieb	Benzin	51	69	Aug 2005	Dec 2011	2024-03-01	19254
Toyota	Yaris	1.4 D-4d	Schrägheck	Frontantrieb	Diesel	66	90	Aug 2005	Dec 2012	2024-03-01	19255
Toyota	Yaris	1.3 Vvt-i	Schrägheck	Frontantrieb	Benzin	64	87	Aug 2005	Nov 2010	2024-03-01	19256
Mercedes-benz	C-Klasse	C 320 CDI	Kombi	Heckantrieb	Diesel	165	224	Jun 2005	Aug 2007	2024-03-01	19257
BMW	Z4 roadster	2.5 I	Cabriolet	Heckantrieb	Benzin	130	177	Sep 2005	Feb 2009	2024-03-01	19258
BMW	Z4 roadster	2.5 SI	Cabriolet	Heckantrieb	Benzin	160	218	Jan 2006	Aug 2008	2024-03-01	19259
BMW	Z4 roadster	3.0 SI	Cabriolet	Heckantrieb	Benzin	195	265	Jan 2006	Aug 2008	2024-03-01	19260
Opel	Zafira	2	Großraumlimousine	Frontantrieb	Benzin	177	241	Jan 2006	Dec 2010	2024-03-01	19261
Ford	Focus c-Max	1.8 Flexifuel	Großraumlimousine	Frontantrieb	Benzin/Ethanol	92	125	Jan 2006	Mar 2007	2024-03-01	19262
Mercedes-benz	E-Klasse	E 420 CDI	Stufenheck	Heckantrieb	Diesel	231	314	Jan 2006	Dec 2008	2024-03-01	19263
Ford	Focus ii	1.8 Flexifuel	Schrägheck	Frontantrieb	Benzin/Ethanol	92	125	Jan 2006	Sep 2012	2024-03-01	19264
Ford	Focus ii turnier	1.8 Flexifuel	Kombi	Frontantrieb	Benzin/Ethanol	92	125	Jan 2006	Sep 2012	2024-03-01	19265
Mercedes-benz	E-Klasse	E 280 4-matic	Stufenheck	Allrad	Benzin	170	231	Jan 2006	Dec 2008	2024-03-01	19266
Mercedes-benz	E-Klasse	E 350 4-matic	Stufenheck	Allrad	Benzin	200	272	Mar 2005	Dec 2008	2024-03-01	19267
Opel	Vectra c cc	1.8	Schrägheck	Frontantrieb	Benzin	103	140	Aug 2005	Aug 2008	2024-03-01	19268
Opel	Vectra c cc	1.6	Schrägheck	Frontantrieb	Benzin	77	105	Jan 2006	Aug 2008	2024-03-01	19269
Skoda	Fabia i combi	1.2	Kombi	Frontantrieb	Benzin	40	54	Jul 2001	Dec 2007	2024-03-01	19270
Skoda	Fabia i praktik	1.2	Kasten/Kombi	Frontantrieb	Benzin	40	54	Jul 2001	Dec 2007	2024-03-01	19271
Saab	9-3	2.8 Turbo V6	Cabriolet	Frontantrieb	Benzin	184	250	Feb 2006	Feb 2015	2024-03-01	19272
Skoda	Roomster	1.2	Großraumlimousine	Frontantrieb	Benzin	47	64	May 2006	Jan 2007	2024-03-01	19273
Skoda	Roomster	1.4	Großraumlimousine	Frontantrieb	Benzin	63	86	Sep 2006	May 2015	2024-03-01	19274
Skoda	Roomster	1.6	Großraumlimousine	Frontantrieb	Benzin	77	105	Sep 2006	May 2015	2024-03-01	19275
Skoda	Roomster	1.4 TDI	Großraumlimousine	Frontantrieb	Diesel	51	70	Jul 2006	Mar 2010	2024-03-01	19276
Skoda	Roomster	1.4 TDI	Großraumlimousine	Frontantrieb	Diesel	59	80	Sep 2006	Mar 2010	2024-03-01	19277
Skoda	Roomster	1.9 TDI	Großraumlimousine	Frontantrieb	Diesel	77	105	Sep 2006	Mar 2010	2024-03-01	19278
Opel	Corsa c	1.2	Kasten/Schrägheck	Frontantrieb	Benzin	59	80	Jul 2005	Jun 2006	2024-03-01	19279
Opel	Vectra c	1.6	Stufenheck	Frontantrieb	Benzin	77	105	Aug 2005	Aug 2008	2024-03-01	19280
Opel	Vectra c	1.8	Stufenheck	Frontantrieb	Benzin	103	140	Aug 2005	Aug 2008	2024-03-01	19281
Opel	Vectra c	3.0 Cdti	Stufenheck	Frontantrieb	Diesel	135	184	Aug 2005	Aug 2008	2024-03-01	19282
Opel	Vectra c cc	3.0 Cdti	Schrägheck	Frontantrieb	Diesel	135	184	Aug 2005	Aug 2008	2024-03-01	19283
Opel	Vectra c caravan	1.9 Cdti	Kombi	Frontantrieb	Diesel	74	100	Jun 2005	Aug 2008	2024-03-01	19284
Opel	Vectra c	1.9 Cdti	Stufenheck	Frontantrieb	Diesel	74	100	Oct 2005	Aug 2008	2024-03-01	19285
Opel	Vectra c cc	1.9 Cdti	Schrägheck	Frontantrieb	Diesel	74	100	Jun 2005	Aug 2008	2024-03-01	19286
Opel	Astra h gtc	1.9 Cdti	Schrägheck	Frontantrieb	Diesel	74	101	Jan 2006	Oct 2010	2024-03-01	19287
Alfa Romeo	Giulietta	1.4 Bifuel	Schrägheck	Frontantrieb	Benzin/Autogas (LPG)	88	120	Dec 2011	Feb 2017	2024-03-01	19288
Opel	Meriva a	1.6	Großraumlimousine	Frontantrieb	Benzin	77	105	Jan 2006	May 2010	2024-03-01	19289
Opel	Meriva a	1.3 Cdti	Großraumlimousine	Frontantrieb	Diesel	55	75	Sep 2003	May 2010	2024-03-01	19290
Mercedes-benz	E-Klasse	E 320 T CDI 4-matic	Kombi	Allrad	Diesel	165	224	Mar 2005	Jul 2009	2024-03-01	19291
Mercedes-benz	E-Klasse	E 350 T 4-matic	Kombi	Allrad	Benzin	200	272	Mar 2005	Jul 2009	2024-03-01	19292
Mercedes-benz	E-Klasse	E 320 CDI 4-matic	Stufenheck	Allrad	Diesel	165	224	Mar 2005	Dec 2008	2024-03-01	19293
Mercedes-benz	M-Klasse	ML 63 AMG 4-matic	SUV	Allrad	Benzin	375	510	Jan 2006	Dec 2011	2024-03-01	19294
Toyota	Rav 4 iii	2.0 4WD	SUV	Allrad	Benzin	112	152	Feb 2006	Jun 2013	2024-03-01	19295
Toyota	Rav 4 iii	2.2 D 4WD	SUV	Allrad	Diesel	100	136	Feb 2006	Dec 2012	2024-03-01	19296
Toyota	Rav 4 iii	2.2 D 4WD	SUV	Allrad	Diesel	130	177	Feb 2006	Jun 2013	2024-03-01	19297
BMW	3	318 D	Kombi	Heckantrieb	Diesel	90	122	Sep 2005	Aug 2007	2024-03-01	19298
BMW	3	318 I	Kombi	Heckantrieb	Benzin	95	129	Jan 2006	Aug 2007	2024-03-01	19299
BMW	Z4	3.0 SI	Coupe	Heckantrieb	Benzin	195	265	Apr 2006	Aug 2008	2024-03-01	19300
BMW	3	330 CD	Cabriolet	Heckantrieb	Diesel	150	204	Aug 2005	Dec 2007	2024-03-01	19301
Honda	Civic viii	1.3 IMA	Stufenheck	Frontantrieb	Benzin/Elektro	70	95	Jan 2006	Dec 2012	2024-03-01	19302
Mini	Mini	John Cooper Works	Cabriolet	Frontantrieb	Benzin	155	210	Jul 2004	Nov 2007	2024-03-01	19303
Mini	Mini	ONE D	Schrägheck	Frontantrieb	Diesel	65	88	Jun 2003	Sep 2006	2024-03-01	19304
Chrysler	Pt cruiser	2.4	Kombi	Frontantrieb	Benzin	105	143	Aug 2005	Dec 2010	2024-03-01	19305
Chrysler	Pt cruiser	2.2 CRD	Kombi	Frontantrieb	Diesel	110	150	Aug 2005	Dec 2010	2024-03-01	19306
Fiat	Ducato	2.8 JTD Power	Kasten	Frontantrieb	Diesel	107	146	Apr 2004	Jul 2006	2024-03-01	19312
Fiat	Ducato	2.8 JTD Power	Pritsche/Fahrgestell	Frontantrieb	Diesel	107	146	Apr 2004	Jul 2006	2024-03-01	19313
Fiat	Bravo i	1.9 JTD	Schrägheck	Frontantrieb	Diesel	74	100	Sep 2000	Oct 2001	2024-03-01	19314
Fiat	Brava	1.9 JTD	Schrägheck	Frontantrieb	Diesel	74	100	Sep 2000	Oct 2001	2024-03-01	19315
BMW	7	730 I, LI	Stufenheck	Heckantrieb	Benzin	190	258	Mar 2005	Aug 2008	2024-03-01	19316
Opel	Vectra c caravan	1.8	Kombi	Frontantrieb	Benzin	103	140	Aug 2005	Aug 2008	2024-03-01	19317
Daihatsu	Copen	1.3	Cabriolet	Frontantrieb	Benzin	64	87	Mar 2006	Sep 2012	2024-03-01	19318
Peugeot	307	2.0 HDI 110	Kombi	Frontantrieb	Diesel	79	107	Mar 2002	Dec 2009	2024-03-01	19319
Peugeot	607	3.0 V6 24V	Stufenheck	Frontantrieb	Benzin	155	211	Mar 2004	Jul 2011	2024-03-01	19320
Peugeot	5008	2.0 HDI 136 / Bluehdi 136	Großraumlimousine	Frontantrieb	Diesel	100	136	Feb 2012	Mar 2017	2024-03-01	19322
Smart	Forfour	1.1	Schrägheck	Frontantrieb	Benzin	47	64	Feb 2005	Jun 2006	2024-03-01	19323
Fiat	Doblo	1.3 D Multijet	Großraumlimousine	Frontantrieb	Diesel	62	84	Oct 2005	-	2024-03-01	19324
Fiat	Doblo	1.9 D Multijet	Großraumlimousine	Frontantrieb	Diesel	88	120	Oct 2005	-	2024-03-01	19325
Fiat	Doblo	1.4	Großraumlimousine	Frontantrieb	Benzin	57	77	Oct 2005	-	2024-03-01	19326
Fiat	Doblo	1.6 Natural Power	Großraumlimousine	Frontantrieb	Benzin/Erdgas (CNG)	76	103	Sep 2002	-	2024-03-01	19327
Fiat	Doblo	1.4	Kasten/Großraumlimousine	Frontantrieb	Benzin	57	77	Oct 2005	-	2024-03-01	19328
Fiat	Doblo	1.6 Natural Power	Kasten/Großraumlimousine	Frontantrieb	Benzin/Erdgas (CNG)	76	103	Sep 2002	-	2024-03-01	19329
Fiat	Doblo	1.3 D Multijet	Kasten/Großraumlimousine	Frontantrieb	Diesel	55	75	Oct 2005	Jan 2010	2024-03-01	19330
Opel	Astra h gtc	1.3 Cdti	Schrägheck	Frontantrieb	Diesel	66	90	Apr 2005	Oct 2010	2024-03-01	19331
VW	Golf v	2.0 TDI	Schrägheck	Frontantrieb	Diesel	100	136	Oct 2003	Nov 2008	2024-03-01	19332
VW	Golf plus v	2.0 TDI	Schrägheck	Frontantrieb	Diesel	100	136	May 2005	Dec 2013	2024-03-01	19333
BMW	3	318 CI	Cabriolet	Heckantrieb	Benzin	110	150	Mar 2004	Aug 2006	2024-03-01	19334
Skoda	Fabia i praktik	1.4	Kasten/Kombi	Frontantrieb	Benzin	50	68	Jul 2001	May 2003	2024-03-01	19335
Volvo	S80 ii	D5	Stufenheck	Frontantrieb	Diesel	136	185	Mar 2006	Aug 2009	2024-03-01	19336
Volvo	S80 ii	4.4 V8 AWD	Stufenheck	Allrad	Benzin	232	316	Mar 2006	Mar 2012	2024-03-01	19337
Lexus	Rx	350 AWD	SUV	Allrad	Benzin	203	276	Feb 2006	Dec 2008	2024-03-01	19339
Citroën	C3 i	1.6 16V HDI	Schrägheck	Frontantrieb	Diesel	66	90	Oct 2005	Dec 2009	2024-07-01	19340
Peugeot	307	1.6 HDI	Schrägheck	Frontantrieb	Diesel	66	90	Apr 2005	Mar 2009	2024-03-01	19341
Peugeot	Boxer	2.8 HDI	Kasten	Frontantrieb	Diesel	107	146	Apr 2004	Jun 2006	2024-03-01	19342
Peugeot	Boxer	2.8 HDI	Pritsche/Fahrgestell	Frontantrieb	Diesel	107	146	Apr 2004	Jun 2006	2024-03-01	19343
Mercedes-benz	Gl-Klasse	GL 450 4-matic	SUV	Allrad	Benzin	250	340	Sep 2006	Aug 2012	2024-03-01	19344
Mercedes-benz	Gl-Klasse	GL 500 4-matic	SUV	Allrad	Benzin	285	388	Sep 2006	Dec 2012	2024-03-01	19345
Mercedes-benz	Gl-Klasse	GL 420 CDI 4-matic	SUV	Allrad	Diesel	225	306	Sep 2006	May 2009	2024-03-01	19346
Mercedes-benz	Gl-Klasse	GL 320 CDI 4-matic	SUV	Allrad	Diesel	165	224	Sep 2006	May 2009	2024-03-01	19347
Peugeot	207/207+	1.4 16V	Schrägheck	Frontantrieb	Benzin	65	88	Feb 2006	Oct 2013	2024-03-01	19349
Peugeot	207/207+	1.6 16V	Schrägheck	Frontantrieb	Benzin	80	109	Feb 2006	Oct 2013	2024-03-01	19350
Peugeot	207/207+	1.6 16V Turbo	Schrägheck	Frontantrieb	Benzin	110	150	Feb 2006	Oct 2013	2024-03-01	19351
Peugeot	207/207+	1.6 HDI	Schrägheck	Frontantrieb	Diesel	66	90	Feb 2006	Oct 2013	2024-03-01	19352
Peugeot	207/207+	1.6 HDI	Schrägheck	Frontantrieb	Diesel	80	109	Feb 2006	Oct 2013	2024-03-01	19353
Peugeot	207/207+	1.4 HDI	Schrägheck	Frontantrieb	Diesel	50	68	Feb 2006	Dec 2015	2024-03-01	19354
Renault	Clio iii	2.0 16V Sport	Schrägheck	Frontantrieb	Benzin	145	197	Feb 2006	Dec 2012	2026-05-01	19355
Renault	Laguna ii	2.0 DCI	Schrägheck	Frontantrieb	Diesel	127	173	Jan 2006	Aug 2007	2024-03-01	19356
Renault	Laguna ii grandtour	2.0 DCI	Kombi	Frontantrieb	Diesel	127	173	Jan 2006	Dec 2007	2024-03-01	19357
Renault	Espace iv	2.0 DCI	Großraumlimousine	Frontantrieb	Diesel	110	150	Jan 2006	Dec 2015	2025-12-01	19358
Renault	Espace iv	2.0 DCI	Großraumlimousine	Frontantrieb	Diesel	127	173	Jan 2006	Dec 2015	2025-12-01	19359
Renault	Espace iv	3.0 DCI	Großraumlimousine	Frontantrieb	Diesel	133	181	Jan 2006	Jan 2015	2024-03-01	19360
Opel	Signum cc	1.8	Schrägheck	Frontantrieb	Benzin	103	140	Sep 2005	Dec 2008	2024-03-01	19361
Opel	Astra h twintop	1.8	Cabriolet	Frontantrieb	Benzin	103	140	Sep 2005	Oct 2010	2024-03-01	19362
Mitsubishi	Colt czc vi	1.5	Cabriolet	Frontantrieb	Benzin	80	109	May 2006	Jul 2009	2024-03-01	19363
Mitsubishi	Colt czc vi	1.5 Turbo	Cabriolet	Frontantrieb	Benzin	110	150	May 2006	Jul 2009	2024-03-01	19364
Mitsubishi	L200	2.5 Di-d 4WD	Pick-up	Allrad	Diesel	100	136	Nov 2005	Dec 2015	2024-03-01	19365
Mitsubishi	Lancer vii	EVO IX	Stufenheck	Allrad	Benzin	206	280	Jan 2005	Sep 2007	2024-03-01	19366
Lancia	Thesis	2.4 D Multijet	Stufenheck	Frontantrieb	Diesel	136	185	Apr 2006	Jul 2009	2024-03-01	19367
Dacia	Logan	1.6 16V	Stufenheck	Frontantrieb	Benzin	77	105	Feb 2006	-	2024-03-01	19368
Marcos	Tso convertible	5.7 V8	Cabriolet	Heckantrieb	Benzin	260	354	May 2004	-	2024-03-01	19369
Saab	9-3	1.9 TID	Cabriolet	Frontantrieb	Diesel	110	150	Jan 2006	Feb 2015	2024-03-01	19371
Marcos	Tso gt2	5.7 V8	Coupe	Heckantrieb	Benzin	354	481	Jul 2005	-	2024-03-01	19372
Saab	9-5	1.9 TID	Stufenheck	Frontantrieb	Diesel	110	150	Jan 2006	Dec 2009	2024-03-01	19374
VW	Derby	1.3	Stufenheck	Frontantrieb	Benzin	37	50	Aug 1983	Dec 1984	2024-03-01	19375
Saab	9-5	1.9 TID	Kombi	Frontantrieb	Diesel	110	150	Jan 2006	Dec 2009	2024-03-01	19376
Lotus	Exige	1.8 16V	Coupe	Heckantrieb	Benzin	163	222	Apr 2006	Jun 2012	2024-03-01	19378
Lamborghini	Murciélago	LP 640	Coupe	Allrad	Benzin	471	641	Apr 2006	-	2024-03-01	19379
Lamborghini	Gallardo	5	Cabriolet	Allrad	Benzin	382	520	Aug 2005	-	2024-03-01	19380
VW	Jetta i	1.3	Stufenheck	Frontantrieb	Benzin	43	58	Aug 1982	Feb 1984	2024-03-01	19382
VW	Golf ii	1.8 GTI	Schrägheck	Frontantrieb	Benzin	77	105	Jan 1985	Jul 1985	2024-03-01	19383
Peugeot	407	2.7 HDI	Stufenheck	Frontantrieb	Diesel	150	204	Oct 2005	Dec 2010	2024-03-01	19387
Peugeot	407	2.7 HDI	Kombi	Frontantrieb	Diesel	150	204	Oct 2005	Dec 2010	2024-03-01	19388
Mercedes-benz	Sl	350	Cabriolet	Heckantrieb	Benzin	200	272	Mar 2006	Jan 2012	2024-03-01	19389
Mercedes-benz	Sl	500	Cabriolet	Heckantrieb	Benzin	285	388	Mar 2006	Jan 2012	2024-03-01	19390
Mercedes-benz	Sl	600	Cabriolet	Heckantrieb	Benzin	380	517	Mar 2006	Jan 2012	2024-03-01	19391
Mercedes-benz	Sl	55 AMG	Cabriolet	Heckantrieb	Benzin	380	517	Mar 2006	Jan 2012	2024-03-01	19392
Suzuki	Grand vitara ii	1.9 Ddis Allrad	Geländewagen geschlossen	Allrad	Diesel	95	129	Oct 2005	Feb 2015	2024-03-01	19393
VW	Passat b6	2.0 Tfsi	Stufenheck	Frontantrieb	Benzin	147	200	Jul 2005	Jul 2010	2024-03-01	19395
VW	Passat b6 variant	2.0 Tfsi	Kombi	Frontantrieb	Benzin	147	200	Aug 2005	Nov 2010	2024-03-01	19396
Renault	Megane ii coupé-	1.9 DCI	Cabriolet	Frontantrieb	Diesel	81	110	May 2005	Mar 2009	2024-03-01	19397
Renault	Megane ii	2.0 DCI	Schrägheck	Frontantrieb	Diesel	110	150	Sep 2005	Feb 2008	2024-03-01	19398
Renault	Megane ii grandtour	2.0 DCI	Kombi	Frontantrieb	Diesel	110	150	Sep 2005	Jul 2009	2024-03-01	19399
Renault	Megane ii coupé-	2.0 DCI	Cabriolet	Frontantrieb	Diesel	110	150	Sep 2005	Mar 2009	2024-03-01	19400
Renault	Scénic ii	2.0 DCI	Großraumlimousine	Frontantrieb	Diesel	110	150	Sep 2005	Nov 2008	2024-03-01	19401
Volvo	V70 ii	D5	Kombi	Frontantrieb	Diesel	136	185	Apr 2005	Dec 2008	2024-03-01	19402
Volvo	V70 ii	D5 AWD	Kombi	Allrad	Diesel	136	185	May 2005	Aug 2007	2024-03-01	19403
Volvo	Xc70 i cross country	D5 AWD	Kombi	Allrad	Diesel	136	185	Dec 2005	Aug 2007	2024-03-01	19404
Peugeot	307	1.6 HDI	Kombi	Frontantrieb	Diesel	66	90	Apr 2005	Apr 2008	2024-03-01	19405
VW	Crafter 30-35	2.5 TDI	Bus	Heckantrieb	Diesel	65	88	Apr 2006	Jul 2011	2024-03-01	19406
VW	Crafter 30-35	2.5 TDI	Bus	Heckantrieb	Diesel	80	109	Apr 2006	May 2013	2024-03-01	19407
VW	Crafter 30-35	2.5 TDI	Bus	Heckantrieb	Diesel	100	136	Apr 2006	May 2013	2024-03-01	19408
VW	Crafter 30-35	2.5 TDI	Bus	Heckantrieb	Diesel	120	163	Apr 2006	Jul 2011	2024-03-01	19409
VW	Crafter 30-50	2.5 TDI	Kasten	Heckantrieb	Diesel	65	88	Apr 2006	Jul 2011	2024-03-01	19410
Citroën	Berlingo	1.6 16V	Kasten/Großraumlimousine	Frontantrieb	Benzin	80	109	Oct 2000	Mar 2008	2024-03-01	19411
VW	Crafter 30-50	2.5 TDI	Kasten	Heckantrieb	Diesel	80	109	Apr 2006	May 2013	2024-03-01	19412
VW	Crafter 30-50	2.5 TDI	Kasten	Heckantrieb	Diesel	100	136	Apr 2006	May 2013	2024-03-01	19413
VW	Crafter 30-50	2.5 TDI	Kasten	Heckantrieb	Diesel	120	163	Apr 2006	Jul 2011	2024-03-01	19414
VW	Crafter 30-50	2.5 TDI	Pritsche/Fahrgestell	Heckantrieb	Diesel	65	88	Apr 2006	Jul 2011	2024-03-01	19415
VW	Crafter 30-50	2.5 TDI	Pritsche/Fahrgestell	Heckantrieb	Diesel	80	109	Apr 2006	May 2013	2024-03-01	19416
VW	Crafter 30-50	2.5 TDI	Pritsche/Fahrgestell	Heckantrieb	Diesel	100	136	Apr 2006	May 2013	2024-03-01	19417
VW	Crafter 30-50	2.5 TDI	Pritsche/Fahrgestell	Heckantrieb	Diesel	120	163	Apr 2006	Jul 2011	2024-03-01	19418
VW	Golf i	1.6	Schrägheck	Frontantrieb	Benzin	55	75	Jan 1983	Feb 1984	2024-03-01	19419
Opel	Astra h	1.8	Schrägheck	Frontantrieb	Benzin	103	140	Jan 2006	Oct 2010	2024-03-01	19427
Opel	Astra h gtc	1.8	Schrägheck	Frontantrieb	Benzin	103	140	Jan 2006	Oct 2010	2024-03-01	19428
Daewoo	Leganza	2.0 16V	Stufenheck	Frontantrieb	Benzin	93	126	Jul 2000	Apr 2004	2024-03-01	19429
Daewoo	Nubira	2.0 16V	Stufenheck	Frontantrieb	Benzin	93	126	Dec 2000	-	2024-03-01	19430
Daewoo	Nubira	2.0 16V	Kombi	Frontantrieb	Benzin	93	126	Dec 2000	-	2024-03-01	19431
Daewoo	Nubira	1.6 16V	Kombi	Frontantrieb	Benzin	76	103	Dec 2000	-	2024-03-01	19432
Daewoo	Nubira	1.6 16V	Stufenheck	Frontantrieb	Benzin	76	103	Jul 2000	-	2024-03-01	19433
Daewoo	Nubira	1.6 16V	Kombi	Frontantrieb	Benzin	66	90	Jun 1997	-	2024-03-01	19434
Daewoo	Rezzo	1.8	Großraumlimousine	Frontantrieb	Benzin	67	91	Sep 2000	-	2024-03-01	19435
Saab	9-5	2.3 Turbo	Kombi	Frontantrieb	Benzin	191	260	Jan 2006	Dec 2009	2024-03-01	19436
Ford	Galaxy ii	2	Großraumlimousine	Frontantrieb	Benzin	107	145	May 2006	Jun 2015	2024-03-01	19437
Ford	Galaxy ii	1.8 Tdci	Großraumlimousine	Frontantrieb	Diesel	74	100	May 2006	Jun 2015	2024-03-01	19438
Ford	Galaxy ii	2.0 Tdci	Großraumlimousine	Frontantrieb	Diesel	96	130	May 2006	Jun 2015	2024-03-01	19439
Ford	Galaxy ii	2.0 Tdci	Großraumlimousine	Frontantrieb	Diesel	103	140	May 2006	Jun 2015	2024-03-01	19440
Ford	S-Max	2	Großraumlimousine	Frontantrieb	Benzin	107	145	May 2006	Dec 2014	2024-03-01	19441
Ford	S-Max	2.5 ST	Großraumlimousine	Frontantrieb	Benzin	162	220	May 2006	Dec 2014	2024-03-01	19442
Ford	S-Max	2.0 Tdci	Großraumlimousine	Frontantrieb	Diesel	96	130	May 2006	Dec 2014	2024-03-01	19443
Ford	S-Max	2.0 Tdci	Großraumlimousine	Frontantrieb	Diesel	103	140	May 2006	Dec 2014	2024-03-01	19444
Alfa Romeo	159	1.9 JTS	Kombi	Frontantrieb	Benzin	118	160	Mar 2006	Nov 2011	2024-03-01	19445
Alfa Romeo	159	2.2 JTS	Kombi	Frontantrieb	Benzin	136	185	Mar 2006	Nov 2011	2024-03-01	19446
Alfa Romeo	159	3.2 JTS Q4	Kombi	Allrad	Benzin	191	260	Mar 2006	Nov 2011	2024-03-01	19447
Alfa Romeo	159	1.9 Jtdm 8V	Kombi	Frontantrieb	Diesel	88	120	Mar 2006	Nov 2011	2024-03-01	19448
Alfa Romeo	159	1.9 Jtdm 16V	Kombi	Frontantrieb	Diesel	110	150	Mar 2006	Nov 2011	2024-03-01	19449
Alfa Romeo	159	2.4 Jtdm	Kombi	Frontantrieb	Diesel	147	200	Mar 2006	Nov 2011	2024-03-01	19450
Porsche	Cayenne	Turbo S 4.5	SUV	Allrad	Benzin	383	521	May 2002	May 2006	2025-06-01	19451
Porsche	911	3.6 Turbo	Coupe	Allrad	Benzin	353	480	Mar 2006	Dec 2009	2024-03-01	19452
Audi	Tt	2.0 Tfsi	Coupe	Frontantrieb	Benzin	147	200	Aug 2006	Jun 2010	2024-03-01	19453
Audi	Tt	3.2 V6 Quattro	Coupe	Allrad	Benzin	184	250	Aug 2006	Jun 2010	2024-03-01	19454
VW	Touareg	3.6 V6 FSI	SUV	Allrad	Benzin	206	280	Oct 2005	May 2010	2024-03-01	19455
Audi	A6 c6	S6 Quattro	Stufenheck	Allrad	Benzin	320	435	Mar 2006	Mar 2011	2024-03-01	19456
Audi	A6 c6 avant	S6 Quattro	Kombi	Allrad	Benzin	320	435	Mar 2006	Aug 2011	2024-03-01	19457
Skoda	Octavia	2.0 Tfsi	Schrägheck	Frontantrieb	Benzin	147	200	Oct 2005	Feb 2013	2024-03-01	19458
Skoda	Octavia	2.0 Tfsi	Kombi	Frontantrieb	Benzin	147	200	Oct 2005	Feb 2013	2024-03-01	19459
Audi	A8 d3	S8 Quattro	Stufenheck	Allrad	Benzin	331	450	Jun 2006	Jul 2010	2024-03-01	19460
Ford	Sierra	2.0 I Dohc	Schrägheck	Heckantrieb	Benzin	85	115	Dec 1991	Feb 1993	2024-03-01	19461
Ford	Sierra	2.0 I Dohc	Stufenheck	Heckantrieb	Benzin	85	115	Dec 1991	Feb 1993	2024-03-01	19462
Ford	Sierra	2.0 I Dohc	Kombi	Heckantrieb	Benzin	85	115	Dec 1991	Feb 1993	2024-03-01	19463
Opel	Astra h gtc	1.9 Cdti	Schrägheck	Frontantrieb	Diesel	88	120	Sep 2005	Oct 2010	2024-03-01	19464
VW	Golf plus v	1.4 16V	Schrägheck	Frontantrieb	Benzin	59	80	May 2006	Dec 2013	2024-03-01	19465
VW	Golf plus v	1.4 TSI	Schrägheck	Frontantrieb	Benzin	103	140	May 2006	Jun 2008	2024-03-01	19466
VW	Golf plus v	1.4 TSI	Schrägheck	Frontantrieb	Benzin	125	170	May 2006	Jun 2008	2024-03-01	19467
VW	Golf v	1.4 16V	Schrägheck	Frontantrieb	Benzin	59	80	May 2006	Nov 2008	2024-03-01	19468
VW	Golf v	1.4 TSI	Schrägheck	Frontantrieb	Benzin	103	140	May 2006	Nov 2008	2024-03-01	19469
Alfa Romeo	159	1.9 Jtdm 8V	Stufenheck	Frontantrieb	Diesel	85	115	Sep 2005	Nov 2011	2024-03-01	19470
Alfa Romeo	159	1.9 Jtdm 16V	Stufenheck	Frontantrieb	Diesel	100	136	Sep 2005	Nov 2011	2024-03-01	19471
Audi	A6 allroad c6	3.2 FSI Quattro	Kombi	Allrad	Benzin	188	255	May 2006	Oct 2008	2024-03-01	19472
Audi	A6 allroad c6	4.2 FSI Quattro	Kombi	Allrad	Benzin	257	350	May 2006	Dec 2010	2024-03-01	19473
Audi	A6 allroad c6	3.0 TDI Quattro	Kombi	Allrad	Diesel	171	233	May 2006	Oct 2008	2024-03-01	19474
Audi	A6 allroad c6	2.7 TDI Quattro	Kombi	Allrad	Diesel	132	180	Mar 2006	Oct 2008	2024-03-01	19475
Audi	A6 c6	4.2 FSI Quattro	Stufenheck	Allrad	Benzin	257	350	Jun 2006	Mar 2011	2024-03-01	19476
Audi	A6 c6	3.0 TDI Quattro	Stufenheck	Allrad	Diesel	171	233	Jun 2006	Oct 2008	2024-03-01	19477
Audi	A6 c6 avant	4.2 FSI Quattro	Kombi	Allrad	Benzin	257	350	Jun 2006	Aug 2011	2024-03-01	19478
Audi	A6 c6 avant	3.0 TDI Quattro	Kombi	Allrad	Diesel	171	233	Jun 2006	Oct 2008	2024-03-01	19479
Fiat	Stilo	1.9 JTD	Schrägheck	Frontantrieb	Diesel	93	126	Sep 2003	Nov 2006	2024-03-01	19480
Fiat	Stilo	1.9 JTD	Kombi	Frontantrieb	Diesel	93	126	Sep 2003	Aug 2008	2024-03-01	19481
VW	Passat b6	3.2 FSI 4motion	Stufenheck	Allrad	Benzin	184	250	Nov 2005	Jul 2010	2024-03-01	19485
VW	Passat b6 variant	3.2 FSI 4motion	Kombi	Allrad	Benzin	184	250	Nov 2005	Nov 2010	2024-03-01	19486
Audi	A4 b7	2.0 Tfsi 16V	Cabriolet	Frontantrieb	Benzin	147	200	Jan 2006	Mar 2009	2024-03-01	19487
Audi	A4 b7	2.7 TDI	Cabriolet	Frontantrieb	Diesel	132	180	Jun 2006	Mar 2009	2024-03-01	19488
Audi	A4 b7	RS4 Quattro	Cabriolet	Allrad	Benzin	309	420	Feb 2006	Dec 2008	2024-03-01	19489
Audi	A4 b7 avant	RS4 Quattro	Kombi	Allrad	Benzin	309	420	Sep 2005	Jun 2008	2024-03-01	19490
Chevrolet	Corvette	Z06 7.0	Coupe	Heckantrieb	Benzin	377	512	Mar 2006	Aug 2013	2024-03-01	19491
Chevrolet	Corvette	6	Cabriolet	Heckantrieb	Benzin	298	405	Sep 2004	Aug 2013	2024-03-01	19492
Opel	Antara a	2.4	SUV	Allrad	Benzin	104	141	Aug 2006	Dec 2011	2024-03-01	19493
Renault	19 i chamade	1.8 16V	Stufenheck	Frontantrieb	Benzin	101	137	Jun 1989	Aug 1990	2025-12-01	19494
Opel	Antara a	2.0 Cdti 4X4	SUV	Allrad	Diesel	110	150	Aug 2006	Dec 2011	2024-03-01	19495
BMW	3	320 SI	Stufenheck	Heckantrieb	Benzin	127	173	Sep 2005	Aug 2006	2024-03-01	19496
Mercedes-benz	R-Klasse	R 280 CDI 4-matic	Großraumlimousine	Allrad	Diesel	140	190	May 2006	Dec 2012	2024-03-01	19497
Seat	Leon	2.0 TDI	Schrägheck	Frontantrieb	Diesel	125	170	May 2006	Dec 2012	2024-03-01	19499
Chevrolet	Aveo / kalos	1.2	Stufenheck	Frontantrieb	Benzin	53	72	Mar 2005	Dec 2007	2024-03-01	19500
Chevrolet	Aveo / kalos	1.4	Stufenheck	Frontantrieb	Benzin	69	94	Mar 2005	May 2013	2024-03-01	19501
LDV	Maxus	2.5 D	Bus	Frontantrieb	Diesel	70	95	Feb 2005	Dec 2008	2024-03-01	19502
LDV	Maxus	2.5 D	Bus	Frontantrieb	Diesel	88	120	Feb 2005	Dec 2009	2024-03-01	19503
LDV	Maxus	2.5 D	Kasten	Frontantrieb	Diesel	70	95	Feb 2005	Dec 2008	2024-03-01	19504
KIA	Sorento i	2.5 Crdi	SUV	Allrad	Diesel	125	170	Dec 2006	Dec 2011	2024-03-01	19506
KIA	Carnival / grand iii	2.7 V6	Großraumlimousine	Frontantrieb	Benzin	139	189	Jun 2006	Jun 2015	2024-05-01	19507
KIA	Carnival / grand iii	2.9 Crdi	Großraumlimousine	Frontantrieb	Diesel	136	185	Apr 2006	Jun 2015	2024-05-01	19508
Renault	Trafic ii	2	Pritsche/Fahrgestell	Frontantrieb	Benzin	88	120	Mar 2001	Oct 2006	2024-03-01	19512
Renault	Trafic ii	1.9 DCI 80	Pritsche/Fahrgestell	Frontantrieb	Diesel	60	82	Mar 2001	Oct 2006	2024-03-01	19513
Renault	Trafic ii	1.9 DCI 100	Pritsche/Fahrgestell	Frontantrieb	Diesel	74	101	Mar 2001	Oct 2006	2024-03-01	19514
Renault	Trafic ii	2.5 DCI 135	Pritsche/Fahrgestell	Frontantrieb	Diesel	99	135	Mar 2001	Oct 2006	2024-03-01	19515
Fiat	Sedici	1.9 D Multijet 4X4	SUV	Allrad	Diesel	88	120	Jun 2006	Oct 2011	2024-03-01	19516
Fiat	Sedici	1.6 16V 4X4	SUV	Allrad	Benzin	79	107	Jun 2006	Oct 2014	2024-03-01	19517
Peugeot	Partner	1.6 HDI 90	Großraumlimousine	Frontantrieb	Diesel	66	90	Aug 2005	Dec 2015	2024-03-01	19518
Ford	Focus ii	1.6	Cabriolet	Frontantrieb	Benzin	74	100	Oct 2006	Sep 2010	2024-03-01	19519
Ford	Focus ii	2	Cabriolet	Frontantrieb	Benzin	107	145	Oct 2006	Sep 2010	2024-03-01	19520
Peugeot	Partner	1.6 HDI 75	Großraumlimousine	Frontantrieb	Diesel	55	75	Aug 2005	Jul 2008	2024-03-01	19521
Ford	Focus ii	2.0 Tdci	Cabriolet	Frontantrieb	Diesel	100	136	Oct 2006	Sep 2010	2024-03-01	19522
Peugeot	Partner	1.6 HDI 75	Kasten/Großraumlimousine	Frontantrieb	Diesel	55	75	Aug 2005	Dec 2011	2025-06-01	19523
Peugeot	Partner	1.6 HDI 90	Kasten/Großraumlimousine	Frontantrieb	Diesel	66	90	Aug 2005	Dec 2015	2024-03-01	19524
Peugeot	607	2.2 HDI	Stufenheck	Frontantrieb	Diesel	125	170	May 2006	Jun 2010	2024-03-01	19525
Lancia	Phedra	2.0 JTD	Großraumlimousine	Frontantrieb	Diesel	88	120	Jun 2006	Nov 2010	2024-03-01	19526
Ferrari	599 gtb/gto	6.0 GTB	Coupe	Heckantrieb	Benzin	456	620	Jun 2006	-	2024-03-01	19528
Porsche	911	3.6 GT3	Coupe	Heckantrieb	Benzin	305	415	Mar 2006	Dec 2009	2024-03-01	19545
Porsche	Cayman	2.7	Coupe	Heckantrieb	Benzin	180	245	Jul 2006	Dec 2009	2024-03-01	19546
Suzuki	Sx4 / classic	1.6 VVT 4X4	Schrägheck	Allrad	Benzin	79	107	Jun 2006	-	2024-03-01	19547
Suzuki	Sx4 / classic	1.9 Ddis 4X4	Schrägheck	Allrad	Diesel	88	120	Jun 2006	-	2024-03-01	19548
Suzuki	Sx4 / classic	1.5	Schrägheck	Frontantrieb	Benzin	73	99	Jun 2006	Jul 2010	2024-03-01	19549
Suzuki	Sx4 / classic	1.6 VVT	Schrägheck	Frontantrieb	Benzin	79	107	Jun 2006	-	2024-03-01	19550
Suzuki	Sx4 / classic	1.9 Ddis	Schrägheck	Frontantrieb	Diesel	88	120	Jun 2006	-	2024-03-01	19551
Alfa Romeo	Spider	2.2 JTS	Cabriolet	Frontantrieb	Benzin	136	185	Mar 2006	Mar 2011	2024-03-01	19552
Alfa Romeo	Spider	3.2 JTS Q4	Cabriolet	Allrad	Benzin	191	260	Mar 2006	Mar 2011	2024-03-01	19553
Renault	Vel satis	2.0 DCI	Schrägheck	Frontantrieb	Diesel	110	150	Aug 2005	Aug 2009	2025-12-01	19554
Renault	Vel satis	2.0 DCI	Schrägheck	Frontantrieb	Diesel	127	173	Jan 2006	Aug 2009	2025-12-01	19555
Renault	Vel satis	3.0 DCI	Schrägheck	Frontantrieb	Diesel	133	181	Jun 2006	Aug 2009	2024-03-01	19556
Seat	Altea	2.0 TDI	Großraumlimousine	Frontantrieb	Diesel	125	170	Mar 2006	May 2010	2024-05-01	19557
Seat	Altea	2.0 Tfsi	Großraumlimousine	Frontantrieb	Benzin	147	200	Apr 2006	May 2009	2024-03-01	19558
Nissan	350z	3.5	Coupe	Heckantrieb	Benzin	221	301	Sep 2002	Dec 2008	2024-03-01	19559
Jeep	Commander	3.0 CRD 4X4	SUV	Allrad	Diesel	160	218	Apr 2006	Dec 2010	2024-03-01	19560
Volvo	C70 ii	2.4	Cabriolet	Frontantrieb	Benzin	103	140	Mar 2006	Oct 2009	2024-03-01	19561
Volvo	C70 ii	2.4 I	Cabriolet	Frontantrieb	Benzin	125	170	Mar 2006	Oct 2009	2024-03-01	19562
Volvo	C70 ii	T5	Cabriolet	Frontantrieb	Benzin	162	220	Mar 2006	Feb 2007	2024-03-01	19563
Volvo	C70 ii	D5	Cabriolet	Frontantrieb	Diesel	132	180	Mar 2006	Jun 2013	2024-03-01	19564
Volvo	S60 i	D5	Stufenheck	Frontantrieb	Diesel	136	185	Mar 2005	Apr 2010	2024-03-01	19565
Volvo	S60 i	2.4 D	Stufenheck	Frontantrieb	Diesel	93	126	Mar 2005	Apr 2010	2024-03-01	19566
BMW	3	335 I	Coupe	Heckantrieb	Benzin	225	306	Jun 2006	Jun 2013	2024-03-01	19567
Peugeot	407	2.2 HDI 170	Stufenheck	Frontantrieb	Diesel	125	170	Mar 2006	Dec 2010	2024-03-01	19568
Ssangyong	Musso	2.9 D 4X4	Pick-up	Allrad	Diesel	88	120	Aug 2004	-	2024-03-01	19569
Ford	Transit tourneo	2.2 Tdci	Bus	Frontantrieb	Diesel	81	110	Jul 2006	Aug 2014	2024-03-01	19570
Ford	Transit tourneo	2.2 Tdci	Bus	Frontantrieb	Diesel	96	131	Jul 2006	Aug 2014	2024-03-01	19571
Ford	Transit	2.4 Tdci	Bus	Heckantrieb	Diesel	85	115	Apr 2006	Aug 2014	2024-03-01	19572
Ford	Transit	2.4 Tdci	Bus	Heckantrieb	Diesel	103	140	Apr 2006	Aug 2014	2024-03-01	19573
Ford	Transit	2.2 Tdci	Kasten	Frontantrieb	Diesel	81	110	Apr 2006	Aug 2014	2024-03-01	19574
Ford	Transit	2.2 Tdci	Kasten	Frontantrieb	Diesel	96	130	Apr 2006	Aug 2014	2024-03-01	19575
Ford	Transit	2.4 Tdci RWD	Kasten	Heckantrieb	Diesel	85	115	Apr 2006	Aug 2014	2024-03-01	19576
Ford	Transit	2.4 Tdci RWD	Kasten	Heckantrieb	Diesel	103	140	Apr 2006	Aug 2014	2024-03-01	19577
Citroën	Jumper iii	2.2 HDI 100	Bus	Frontantrieb	Diesel	74	101	Apr 2006	-	2025-12-01	19578
Citroën	Jumper iii	2.2 HDI 120	Bus	Frontantrieb	Diesel	88	120	Apr 2006	Dec 2016	2025-12-01	19579
Citroën	Jumper iii	3.0 HDI 160	Bus	Frontantrieb	Diesel	116	157	Sep 2006	-	2025-12-01	19580
Citroën	Jumper iii	2.2 HDI 100	Kasten	Frontantrieb	Diesel	74	101	Apr 2006	Dec 2012	2025-12-01	19581
Citroën	Jumper iii	2.2 HDI 120	Kasten	Frontantrieb	Diesel	88	120	Apr 2006	Dec 2016	2025-12-01	19582
Citroën	Jumper iii	3.0 HDI 160	Kasten	Frontantrieb	Diesel	116	157	Sep 2006	Dec 2015	2025-12-01	19583
Citroën	Jumper iii	2.2 HDI 100	Pritsche/Fahrgestell	Frontantrieb	Diesel	74	101	Apr 2006	-	2025-12-01	19584
Citroën	Jumper iii	2.2 HDI 120	Pritsche/Fahrgestell	Frontantrieb	Diesel	88	120	Apr 2006	Dec 2016	2025-12-01	19585
Ford	Transit	2.2 Tdci	Kasten	Frontantrieb	Diesel	63	85	Apr 2006	Aug 2014	2024-03-01	19586
Citroën	Jumper iii	3.0 HDI 160	Pritsche/Fahrgestell	Frontantrieb	Diesel	116	157	Sep 2006	Dec 2015	2025-12-01	19587
Ford	Transit	2.4 Tdci RWD	Kasten	Heckantrieb	Diesel	74	100	Apr 2006	Aug 2014	2024-03-01	19588
Ford	Transit	2.3 16V RWD	Kasten	Heckantrieb	Benzin	107	145	Apr 2006	Aug 2014	2024-03-01	19589
Ford	Transit	2.2 Tdci	Bus	Frontantrieb	Diesel	63	85	Apr 2006	Aug 2014	2024-03-01	19590
Ford	Transit	2.2 Tdci	Bus	Frontantrieb	Diesel	81	110	Apr 2006	Aug 2014	2024-03-01	19591
Ford	Transit	2.2 Tdci	Bus	Frontantrieb	Diesel	96	130	Apr 2006	Aug 2014	2024-03-01	19592
Ford	Transit	2.4 Tdci	Bus	Heckantrieb	Diesel	74	100	Apr 2006	Aug 2014	2024-03-01	19593
Opel	Combo tour	1.3 Cdti 16V	Großraumlimousine	Frontantrieb	Diesel	55	75	Oct 2005	Dec 2011	2024-03-01	19594
Opel	Combo	1.3 Cdti 16V	Kasten/Großraumlimousine	Frontantrieb	Diesel	55	75	Oct 2005	Dec 2012	2024-03-01	19595
Ford	Transit	2.3 16V RWD	Pritsche/Fahrgestell	Heckantrieb	Benzin	107	145	Apr 2006	Aug 2014	2024-03-01	19596
Ford	Transit	2.2 Tdci	Pritsche/Fahrgestell	Frontantrieb	Diesel	81	110	Apr 2006	Aug 2014	2024-03-01	19597
Ford	Transit	2.2 Tdci	Pritsche/Fahrgestell	Frontantrieb	Diesel	63	85	Apr 2006	Aug 2014	2024-03-01	19598
Ford	Transit	2.2 Tdci	Pritsche/Fahrgestell	Frontantrieb	Diesel	96	130	Apr 2006	Aug 2014	2024-03-01	19599
Ford	Transit	2.4 Tdci RWD	Pritsche/Fahrgestell	Heckantrieb	Diesel	74	100	Apr 2006	Aug 2014	2024-03-01	19600
Ford	Transit	2.4 Tdci RWD	Pritsche/Fahrgestell	Heckantrieb	Diesel	85	115	Apr 2006	Aug 2014	2024-03-01	19601
Ford	Transit	2.4 Tdci RWD	Pritsche/Fahrgestell	Heckantrieb	Diesel	103	140	Apr 2006	Aug 2014	2024-03-01	19602
Chevrolet	Epica	2	Stufenheck	Frontantrieb	Benzin	105	144	Jun 2006	Dec 2011	2024-03-01	19603
Chevrolet	Epica	2.5	Stufenheck	Frontantrieb	Benzin	115	156	Jun 2006	Dec 2011	2024-03-01	19604
Daihatsu	Terios	1.5 4X4	Geländewagen geschlossen	Allrad	Benzin	77	105	May 2006	-	2024-03-01	19605
Nissan	350z roadster	3.5	Cabriolet	Heckantrieb	Benzin	221	301	Nov 2004	Jan 2007	2024-03-01	19606
Hyundai	Santa fé i	2.0 Crdi 4X4	SUV	Allrad	Diesel	92	125	Aug 2003	Mar 2006	2024-03-01	19611
Toyota	Yaris	1.5	Schrägheck	Frontantrieb	Benzin	110	150	Mar 2000	Jul 2005	2024-03-01	19612
Bentley	Azure	6.8	Cabriolet	Heckantrieb	Benzin	336	456	Jun 2006	-	2024-03-01	19613
Audi	A3	2.0 TDI	Schrägheck	Frontantrieb	Diesel	125	170	Mar 2006	Aug 2012	2024-03-01	19614
Audi	A3	2.0 TDI Quattro	Schrägheck	Allrad	Diesel	125	170	Mar 2006	Aug 2012	2024-03-01	19615
Audi	A3	2.0 TDI	Schrägheck	Frontantrieb	Diesel	125	170	Mar 2006	Mar 2013	2024-03-01	19616
Audi	A3	2.0 TDI Quattro	Schrägheck	Allrad	Diesel	125	170	Mar 2006	Mar 2013	2024-03-01	19617
Opel	Combo	1.6 CNG 16V	Kasten/Großraumlimousine	Frontantrieb	Benzin/Erdgas (CNG)	69	94	Jun 2006	-	2024-03-01	19618
Opel	Combo tour	1.6 CNG	Großraumlimousine	Frontantrieb	Benzin/Erdgas (CNG)	69	94	Jun 2006	Dec 2011	2024-03-01	19619
KIA	Sportage ii	2.0 Crdi	SUV	Frontantrieb	Diesel	103	140	Jan 2006	Oct 2008	2024-05-01	19620
Audi	A8 d3	4.2 TDI Quattro	Stufenheck	Allrad	Diesel	240	326	Jul 2005	Jul 2010	2024-03-01	19621
Audi	A8 d3	4.2 FSI Quattro	Stufenheck	Allrad	Benzin	257	350	Jun 2006	Jul 2010	2024-03-01	19622
Hyundai	Tucson	2.0 Crdi	SUV	Frontantrieb	Diesel	103	140	Jan 2006	Mar 2010	2024-03-01	19623
Hyundai	Tucson	2.0 Crdi Allrad	SUV	Allrad	Diesel	103	140	Jan 2006	Mar 2010	2024-03-01	19624
Toyota	Hiace iv	2.5 D-4d 4WD	Kasten	Allrad	Diesel	75	102	Aug 2001	Aug 2006	2024-03-01	19625
VW	Multivan t5	1.9 TDI	Bus	Frontantrieb	Diesel	75	102	Jan 2006	Nov 2009	2024-11-01	19626
VW	Transporter t5	1.9 TDI	Bus	Frontantrieb	Diesel	75	102	Jan 2006	Nov 2009	2024-11-01	19627
VW	Transporter t5	1.9 TDI	Kasten	Frontantrieb	Diesel	75	102	Jan 2006	Nov 2009	2024-11-01	19628
VW	Transporter t5	1.9 TDI	Pritsche/Fahrgestell	Frontantrieb	Diesel	75	102	Jan 2006	Nov 2009	2024-11-01	19629
VW	Passat b6	2.0 TDI 16V 4motion	Stufenheck	Allrad	Diesel	103	140	Mar 2005	Aug 2010	2024-03-01	19630
VW	Passat b6	2.0 FSI 4motion	Stufenheck	Allrad	Benzin	110	150	Sep 2005	Jul 2010	2024-03-01	19631
VW	Passat b6 variant	2.0 TDI 16V 4motion	Kombi	Allrad	Diesel	103	140	Aug 2005	Nov 2010	2024-03-01	19632
Peugeot	407	2.2 HDI 170	Kombi	Frontantrieb	Diesel	125	170	Mar 2006	Dec 2010	2024-03-01	19633
VW	Touran	2.0 TDI	Großraumlimousine	Frontantrieb	Diesel	125	170	Dec 2005	May 2010	2024-03-01	19634
Mercedes-benz	Sprinter 3-T	224	Bus	Heckantrieb	Benzin	190	258	Jun 2006	Dec 2013	2024-03-01	19635
Mercedes-benz	Sprinter 3-T	224	Kasten	Heckantrieb	Benzin	190	258	Jun 2006	Dec 2016	2024-03-01	19636
Mercedes-benz	Sprinter 3-T	224	Pritsche/Fahrgestell	Heckantrieb	Benzin	190	258	Jun 2006	Dec 2016	2024-03-01	19637
VW	Touran	2.0 Ecofuel	Großraumlimousine	Frontantrieb	CNG	80	109	Feb 2006	May 2009	2024-03-01	19638
Mercedes-benz	Sprinter 3-T	209 CDI	Kasten	Heckantrieb	Diesel	65	88	Jun 2006	Dec 2009	2024-03-01	19639
Mercedes-benz	Sprinter 3-T	209 CDI	Pritsche/Fahrgestell	Heckantrieb	Diesel	65	88	Jun 2006	Dec 2009	2024-03-01	19640
Mercedes-benz	Sprinter 3-T	211 CDI	Bus	Heckantrieb	Diesel	80	109	Jun 2006	Dec 2009	2024-03-01	19641
Mercedes-benz	Sprinter 3-T	211 CDI	Kasten	Heckantrieb	Diesel	80	109	Jun 2006	Dec 2009	2024-03-01	19642
Mercedes-benz	Sprinter 3-T	211 CDI	Pritsche/Fahrgestell	Heckantrieb	Diesel	80	109	Jun 2006	Dec 2009	2024-03-01	19643
Mercedes-benz	Sprinter 3-T	213 CDI	Kasten	Heckantrieb	Diesel	95	129	Jun 2006	Dec 2009	2024-03-01	19644
Mercedes-benz	Sprinter 3-T	213 CDI	Pritsche/Fahrgestell	Heckantrieb	Diesel	95	129	Jun 2006	Dec 2009	2024-03-01	19645
Mercedes-benz	Sprinter 3-T	215 CDI	Bus	Heckantrieb	Diesel	110	150	Jun 2006	Dec 2009	2024-03-01	19646
Mercedes-benz	Sprinter 3-T	215 CDI	Kasten	Heckantrieb	Diesel	110	150	Jun 2006	Dec 2009	2024-03-01	19647
Mercedes-benz	Sprinter 3-T	215 CDI	Pritsche/Fahrgestell	Heckantrieb	Diesel	110	150	Jun 2006	Dec 2009	2024-03-01	19648
Mercedes-benz	Sprinter 3-T	218 CDI	Kasten	Heckantrieb	Diesel	135	184	Jun 2006	Dec 2009	2024-03-01	19649
Mercedes-benz	Sprinter 3-T	218 CDI	Pritsche/Fahrgestell	Heckantrieb	Diesel	135	184	Jun 2006	Dec 2009	2024-03-01	19650
VW	Touran	1.4 TSI	Großraumlimousine	Frontantrieb	Benzin	103	140	Feb 2006	May 2010	2024-03-01	19651
Mercedes-benz	Sprinter 3,5-T	324	Bus	Heckantrieb	Benzin	190	258	Jun 2006	Dec 2016	2024-03-01	19652
Mercedes-benz	Sprinter 3,5-T	311 CDI	Bus	Heckantrieb	Diesel	80	109	Jun 2006	Dec 2009	2024-03-01	19653
Mercedes-benz	Sprinter 3,5-T	315 CDI	Bus	Heckantrieb	Diesel	110	150	Jun 2006	Dec 2009	2024-03-01	19654
Mercedes-benz	Sprinter 3,5-T	324	Kasten	Heckantrieb	Benzin	190	258	Jun 2006	Dec 2016	2024-03-01	19655
Mercedes-benz	Sprinter 3,5-T	311 CDI	Kasten	Heckantrieb	Diesel	80	109	Jun 2006	Dec 2009	2024-03-01	19656
Mercedes-benz	Sprinter 3,5-T	315 CDI	Kasten	Heckantrieb	Diesel	110	150	Jun 2006	Dec 2009	2024-03-01	19657
Mercedes-benz	Sprinter 3,5-T	324	Pritsche/Fahrgestell	Heckantrieb	Benzin	190	258	Jun 2006	Dec 2016	2024-03-01	19658
Mercedes-benz	Sprinter 3,5-T	311 CDI	Pritsche/Fahrgestell	Heckantrieb	Diesel	80	109	Jun 2006	Dec 2009	2024-03-01	19659
Mercedes-benz	Sprinter 3,5-T	315 CDI	Pritsche/Fahrgestell	Heckantrieb	Diesel	110	150	Jun 2006	Dec 2009	2024-03-01	19660
Mercedes-benz	Sprinter 3,5-T	309 CDI	Kasten	Heckantrieb	Diesel	65	88	Jun 2006	Dec 2009	2024-03-01	19661
Mercedes-benz	Sprinter 3,5-T	309 CDI	Pritsche/Fahrgestell	Heckantrieb	Diesel	65	88	Jun 2006	Dec 2009	2024-03-01	19662
Mercedes-benz	Sprinter 3,5-T	318 CDI	Kasten	Heckantrieb	Diesel	135	184	Jun 2006	Dec 2009	2024-03-01	19663
Mercedes-benz	Sprinter 3,5-T	318 CDI	Pritsche/Fahrgestell	Heckantrieb	Diesel	135	184	Jun 2006	Dec 2009	2024-03-01	19664
Nissan	Interstar	DCI 100	Bus	Frontantrieb	Diesel	73	99	Nov 2003	Mar 2006	2024-03-01	19665
VW	Caddy iii	2.0 Ecofuel	Großraumlimousine	Frontantrieb	CNG	80	109	Apr 2006	May 2015	2024-03-01	19666
Mercedes-benz	Sprinter 5-T	509 CDI	Kasten	Heckantrieb	Diesel	65	88	Jun 2006	Dec 2009	2024-03-01	19667
Mercedes-benz	Sprinter 5-T	509 CDI	Pritsche/Fahrgestell	Heckantrieb	Diesel	65	88	Jun 2006	Dec 2009	2024-03-01	19668
Mercedes-benz	Sprinter 5-T	511 CDI	Kasten	Heckantrieb	Diesel	80	109	Jun 2006	Dec 2009	2024-03-01	19669
Mercedes-benz	Sprinter 5-T	511 CDI	Pritsche/Fahrgestell	Heckantrieb	Diesel	80	109	Jun 2006	Dec 2009	2024-03-01	19670
Mercedes-benz	Sprinter 5-T	515 CDI	Kasten	Heckantrieb	Diesel	110	150	Jun 2006	Dec 2009	2024-03-01	19671
Mercedes-benz	Sprinter 5-T	515 CDI	Pritsche/Fahrgestell	Heckantrieb	Diesel	110	150	Jun 2006	Dec 2009	2024-03-01	19672
Mercedes-benz	Sprinter 5-T	518 CDI	Kasten	Heckantrieb	Diesel	135	184	Jun 2006	Dec 2009	2024-03-01	19673
Mercedes-benz	Sprinter 5-T	518 CDI	Pritsche/Fahrgestell	Heckantrieb	Diesel	135	184	Jun 2006	Dec 2009	2024-03-01	19674
Renault	Espace iv	2.2 DCI	Großraumlimousine	Frontantrieb	Diesel	102	139	Feb 2006	Dec 2015	2025-12-01	19675
Renault	Thalia i	1.2 16V	Stufenheck	Frontantrieb	Benzin	55	75	Apr 2002	Feb 2009	2025-12-01	19676
Renault	Thalia i	1.5 DCI	Stufenheck	Frontantrieb	Diesel	50	68	Feb 2003	Feb 2009	2025-12-01	19677
Renault	Megane ii coupé-	1.5 DCI	Cabriolet	Frontantrieb	Diesel	78	106	Mar 2006	Jan 2009	2024-03-01	19678
Citroën	C5	2.2 HDI	Schrägheck	Frontantrieb	Diesel	125	170	Apr 2006	Aug 2008	2024-07-01	19679
Citroën	C5	2.2 HDI	Kombi	Frontantrieb	Diesel	125	170	Apr 2006	Aug 2008	2024-07-01	19680
Citroën	C8	2.0 HDI 135	Großraumlimousine	Frontantrieb	Diesel	100	136	Mar 2006	-	2024-03-01	19681
Citroën	C2	1.4 16V	Schrägheck	Frontantrieb	Benzin	65	90	Apr 2005	Dec 2009	2024-03-01	19682
Nissan	Patrol gr v wagon	3.0 DTI	Geländewagen geschlossen	Allrad	Diesel	118	160	May 2000	-	2024-03-01	19683
GAZ	Volga	2.5	Stufenheck	Heckantrieb	Benzin	77	105	Feb 1972	Jan 1993	2024-03-01	19684
GAZ	Volga	2.5	Kombi	Heckantrieb	Benzin	77	105	Feb 1972	Jan 1993	2024-03-01	19685
GAZ	Volga	2.5	Stufenheck	Heckantrieb	Benzin	67	91	Feb 1972	Jan 1993	2024-03-01	19686
GAZ	Volga	2.5	Kombi	Heckantrieb	Benzin	67	91	Feb 1972	Jan 1993	2024-03-01	19687
GAZ	Volga	2.1 D	Stufenheck	Heckantrieb	Diesel	45	61	Feb 1972	Sep 1985	2024-03-01	19688
GAZ	Volga	2.1 D	Kombi	Heckantrieb	Diesel	45	61	Feb 1972	Sep 1985	2024-03-01	19689
GAZ	Volga	2.3 D	Stufenheck	Heckantrieb	Diesel	51	69	Oct 1985	Jan 1993	2024-03-01	19690
GAZ	Volga	2.3 D	Kombi	Heckantrieb	Diesel	51	69	Oct 1985	Jan 1993	2024-03-01	19691
VW	Caddy iii	2.0 Ecofuel	Kasten/Großraumlimousine	Frontantrieb	CNG	80	109	Apr 2006	May 2015	2024-03-01	19692
VW	Caddy iii	1.4	Großraumlimousine	Frontantrieb	Benzin	59	80	May 2006	Aug 2010	2024-03-01	19693
VW	Caddy iii	1.4	Kasten/Großraumlimousine	Frontantrieb	Benzin	59	80	May 2006	Aug 2010	2024-03-01	19694
Daewoo	Tico	0.8	Schrägheck	Frontantrieb	Benzin	38	52	Jan 1996	Dec 2000	2024-03-01	19695
Nissan	Primera	1.6	Stufenheck	Frontantrieb	Benzin	75	102	Jun 1993	Jan 1996	2024-03-01	19696
VW	Polo	1.4 16V	Schrägheck	Frontantrieb	Benzin	59	80	May 2006	Nov 2009	2024-03-01	19697
VW	Polo	1.6 16V	Schrägheck	Frontantrieb	Benzin	77	105	May 2006	Nov 2009	2024-03-01	19698
Chevrolet	Captiva	2.4	SUV	Frontantrieb	Benzin	100	136	Jun 2006	Feb 2011	2024-03-01	19700
Chevrolet	Captiva	2.4 4WD	SUV	Allrad	Benzin	100	136	Jun 2006	Feb 2011	2024-03-01	19701
Chevrolet	Captiva	3.2 4WD	SUV	Allrad	Benzin	169	230	Jun 2006	-	2024-03-01	19702
VW	Passat b6 variant	2.0 FSI 4motion	Kombi	Allrad	Benzin	110	150	Sep 2005	Nov 2010	2024-03-01	19703
VW	Sharan	2.0 TDI	Großraumlimousine	Frontantrieb	Diesel	103	140	Nov 2005	Mar 2010	2024-03-01	19704
VW	Jetta iii	2.0 TDI	Stufenheck	Frontantrieb	Diesel	100	136	Sep 2005	Oct 2010	2024-03-01	19705
VW	Jetta iii	1.4 TSI	Stufenheck	Frontantrieb	Benzin	103	140	Jul 2006	Oct 2010	2024-03-01	19706
VW	Jetta iii	1.4 TSI	Stufenheck	Frontantrieb	Benzin	125	170	Jul 2006	Oct 2010	2024-03-01	19707
Ford	S-Max	1.8 Tdci	Großraumlimousine	Frontantrieb	Diesel	92	125	May 2006	Dec 2014	2024-03-01	19708
Mercedes-benz	S-Klasse	S 320 CDI	Stufenheck	Heckantrieb	Diesel	173	235	Dec 2005	Jun 2009	2024-03-01	19709
Mercedes-benz	S-Klasse	S 450, S 450 L	Stufenheck	Heckantrieb	Benzin	250	340	Dec 2005	Dec 2013	2025-02-03	19710
Mercedes-benz	S-Klasse	S 450 4-matic	Stufenheck	Allrad	Benzin	250	340	Dec 2005	Dec 2013	2024-03-01	19711
Mercedes-benz	S-Klasse	S 600	Stufenheck	Heckantrieb	Benzin	380	517	Dec 2005	Dec 2013	2024-03-01	19712
Mercedes-benz	S-Klasse	S 65 AMG	Stufenheck	Heckantrieb	Benzin	450	612	Dec 2005	Dec 2013	2024-03-01	19713
Ford	Galaxy ii	1.8 Tdci	Großraumlimousine	Frontantrieb	Diesel	92	125	May 2006	Jun 2015	2024-03-01	19714
Hyundai	Getz	1.1	Schrägheck	Frontantrieb	Benzin	49	67	Sep 2005	Jun 2009	2024-03-01	19715
Mitsubishi	L400	2	Kasten	Heckantrieb	Benzin	85	116	Jun 1996	Mar 2001	2024-03-01	19716
Jaguar	Xk ii	4.2 XKR	Coupe	Heckantrieb	Benzin	306	416	Mar 2006	Jul 2014	2024-03-01	19717
Jaguar	Xk ii	4.2 XKR	Cabriolet	Heckantrieb	Benzin	306	416	Mar 2006	Jul 2014	2024-03-01	19718
Mercedes-benz	Cls	CLS 350	Coupe	Heckantrieb	Benzin	215	292	Apr 2006	Dec 2010	2024-03-01	19719
Mercedes-benz	Cls	CLS 500	Coupe	Heckantrieb	Benzin	285	388	Apr 2006	Dec 2010	2024-03-01	19720
Mercedes-benz	Cls	CLS 63 AMG	Coupe	Heckantrieb	Benzin	378	514	Apr 2006	Dec 2010	2024-03-01	19721
Opel	Corsa d	1	Schrägheck	Frontantrieb	Benzin	44	60	Jul 2006	Dec 2010	2024-03-01	19722
Opel	Corsa d	1.2	Schrägheck	Frontantrieb	Benzin	59	80	Jul 2006	Aug 2014	2024-03-01	19723
Opel	Corsa d	1.4 LPG	Schrägheck	Frontantrieb	Benzin/Autogas (LPG)	66	90	Aug 2006	Dec 2011	2024-03-01	19724
Opel	Corsa d	1.3 Cdti	Schrägheck	Frontantrieb	Diesel	55	75	Jul 2006	Aug 2014	2024-03-01	19725
Opel	Corsa d	1.3 Cdti	Schrägheck	Frontantrieb	Diesel	66	90	Jul 2006	Jun 2011	2024-03-01	19726
Opel	Corsa d	1.7 Cdti	Schrägheck	Frontantrieb	Diesel	92	125	Aug 2006	Dec 2011	2024-03-01	19727
Mercedes-benz	S-Klasse	CL 500	Coupe	Heckantrieb	Benzin	285	388	Jun 2006	Dec 2013	2024-03-01	19728
Mercedes-benz	S-Klasse	CL 600	Coupe	Heckantrieb	Benzin	380	517	May 2006	Dec 2013	2024-03-01	19729
Hyundai	Santa fé ii	2.7 4X4	SUV	Allrad	Benzin	125	170	Mar 2006	Dec 2012	2024-03-01	19730
Hyundai	Santa fé ii	2.7	SUV	Frontantrieb	Benzin	125	170	Mar 2006	Dec 2012	2024-03-01	19731
Hyundai	Santa fé ii	2.2 Crdi	SUV	Frontantrieb	Diesel	102	139	Mar 2006	Dec 2012	2024-03-01	19732
Hyundai	Santa fé ii	2.2 Crdi 4X4	SUV	Allrad	Diesel	102	139	Mar 2006	Dec 2012	2024-03-01	19733
Mercedes-benz	A-Klasse	A 200 Turbo	Schrägheck	Frontantrieb	Benzin	142	193	Sep 2005	Jun 2012	2024-03-01	19734
Mercedes-benz	M-Klasse	ML 420 CDI 4-matic	SUV	Allrad	Diesel	225	306	Feb 2006	Sep 2009	2024-03-01	19735
Mercedes-benz	Viano	CDI 2.2 4-matic	Bus	Allrad	Diesel	80	109	Jul 2005	-	2025-06-01	19736
Mercedes-benz	Viano	CDI 2.2 4-matic	Bus	Allrad	Diesel	110	150	Jul 2005	-	2024-03-01	19737
Mercedes-benz	Viano	CDI 3.0	Bus	Heckantrieb	Diesel	150	204	Feb 2006	-	2025-04-01	19738
Audi	A4 b7	S4 Quattro	Stufenheck	Allrad	Benzin	253	344	Nov 2004	Jun 2008	2024-03-01	19739
Audi	A4 b7 avant	S4 Quattro	Kombi	Allrad	Benzin	253	344	Nov 2004	Jun 2008	2024-03-01	19740
Citroën	C4 picasso i	1.8 I 16V	Großraumlimousine	Frontantrieb	Benzin	92	125	Feb 2007	Dec 2011	2024-03-01	19747
Citroën	C4 picasso i	2.0 I 16V	Großraumlimousine	Frontantrieb	Benzin	103	140	Sep 2007	Aug 2013	2024-03-01	19748
Citroën	C4 picasso i	1.6 HDI	Großraumlimousine	Frontantrieb	Diesel	80	109	Feb 2007	Aug 2013	2024-03-01	19749
Citroën	C4 picasso i	2.0 HDI 138	Großraumlimousine	Frontantrieb	Diesel	100	136	Oct 2006	Aug 2013	2024-03-01	19750
KIA	Carens iii	2.0 Cvvt	Großraumlimousine	Frontantrieb	Benzin	106	144	Sep 2006	Jun 2013	2024-05-01	19751
KIA	Carens iii	2.0 Crdi 140	Großraumlimousine	Frontantrieb	Diesel	103	140	Sep 2006	Mar 2013	2024-05-01	19752
Volvo	S80 ii	2.5 T	Stufenheck	Frontantrieb	Benzin	147	200	Mar 2006	Dec 2011	2024-03-01	19753
Volvo	S80 ii	3.2	Stufenheck	Frontantrieb	Benzin	175	238	Mar 2006	Dec 2010	2024-03-01	19754
Land Rover	Freelander 2	3.2 4X4	Geländewagen geschlossen	Allrad	Benzin	171	233	Oct 2006	Oct 2014	2024-03-01	19755
Volvo	S80 ii	2.4 D	Stufenheck	Frontantrieb	Diesel	120	163	Mar 2006	Mar 2011	2024-03-01	19756
Land Rover	Freelander 2	2.2 TD4 4X4	Geländewagen geschlossen	Allrad	Diesel	118	160	Oct 2006	Oct 2014	2024-03-01	19757
Lotus	Exige	1.8 265 E	Coupe	Heckantrieb	Benzin	197	268	Aug 2006	Jun 2012	2024-03-01	19759
Lexus	Ls	460	Stufenheck	Heckantrieb	Benzin	280	381	Apr 2006	-	2024-03-01	19760
Jeep	Compass	2.4 4X4	SUV	Allrad	Benzin	125	170	Sep 2006	-	2024-03-01	19762
Jeep	Compass	2.0 CRD 4X4	SUV	Allrad	Diesel	103	140	Sep 2006	-	2024-03-01	19763
Ford	Mondeo iii	2.2 Tdci	Stufenheck	Frontantrieb	Diesel	110	150	Sep 2004	Mar 2007	2024-03-01	19764
Chevrolet	Rezzo	1.6	Großraumlimousine	Frontantrieb	Benzin	79	107	Aug 2005	-	2024-03-01	19767
Chevrolet	Rezzo	2	Großraumlimousine	Frontantrieb	Benzin	90	122	Aug 2005	Sep 2009	2024-03-01	19768
Chevrolet	Nubira	1.8	Kombi	Frontantrieb	Benzin	89	121	Aug 2005	Dec 2011	2024-03-01	19769
Chevrolet	Lacetti	1.8	Schrägheck	Frontantrieb	Benzin	89	121	Aug 2005	Dec 2011	2024-03-01	19770
Peugeot	807	2.0 HDI	Großraumlimousine	Frontantrieb	Diesel	100	136	Jun 2006	-	2024-03-01	19771
Saab	9-5	2.3 Turbo	Stufenheck	Frontantrieb	Benzin	191	260	Nov 2005	Dec 2009	2024-03-01	19772
Ford	Mondeo iii	2.2 Tdci	Schrägheck	Frontantrieb	Diesel	110	150	Sep 2004	Mar 2007	2024-03-01	19773
Citroën	C6	2.2 HDI	Stufenheck	Frontantrieb	Diesel	125	170	Jun 2006	Dec 2012	2024-03-01	19774
Mercedes-benz	Clk	CLK 63 AMG	Coupe	Heckantrieb	Benzin	354	481	Apr 2006	May 2009	2024-03-01	19775
Mercedes-benz	Clk	CLK 63 AMG	Cabriolet	Heckantrieb	Benzin	354	481	Apr 2006	Mar 2010	2024-03-01	19776
Mercedes-benz	E-Klasse	E 200 CDI	Stufenheck	Heckantrieb	Diesel	100	136	Apr 2006	Dec 2008	2024-03-01	19777
Mercedes-benz	E-Klasse	E 220 CDI	Stufenheck	Heckantrieb	Diesel	125	170	Apr 2006	Dec 2008	2024-03-01	19778
Mercedes-benz	E-Klasse	E 220 T CDI	Kombi	Heckantrieb	Diesel	125	170	Apr 2006	Jul 2009	2024-03-01	19779
Alfa Romeo	147	1.9 JTD 16V	Schrägheck	Frontantrieb	Diesel	93	126	Sep 2003	Sep 2004	2024-03-01	19780
Alfa Romeo	147	1.9 JTD 16V	Schrägheck	Frontantrieb	Diesel	100	136	Oct 2004	Mar 2010	2024-03-01	19781
Alfa Romeo	159	1.9 Jtdm 16V	Kombi	Frontantrieb	Diesel	100	136	Mar 2006	Nov 2011	2024-03-01	19783
Alfa Romeo	159	1.9 Jtdm 8V	Kombi	Frontantrieb	Diesel	85	115	Mar 2006	Nov 2011	2024-03-01	19784
Alfa Romeo	Brera	2.4 Jtdm 20V	Schrägheck	Frontantrieb	Diesel	147	200	Jan 2006	Mar 2011	2024-03-01	19785
Ford	Focus ii	1.8 Flexifuel	Stufenheck	Frontantrieb	Benzin/Ethanol	92	125	Jun 2006	Jul 2011	2024-03-01	19786
Saab	9-7x	4.2 AWD	SUV	Allrad	Benzin	213	290	Dec 2005	Jul 2012	2024-03-01	19787
Saab	9-7x	5.3 AWD	SUV	Allrad	Benzin	220	299	Jun 2004	Jul 2012	2024-03-01	19788
Mercedes-benz	E-Klasse	E 200 Kompressor	Stufenheck	Heckantrieb	Benzin	135	184	Apr 2006	Dec 2008	2024-03-01	19789
Mercedes-benz	E-Klasse	E 200 Kompressor	Kombi	Heckantrieb	Benzin	135	184	Apr 2006	Jul 2009	2024-03-01	19790
VW	New beetle	1.8 T	Schrägheck	Frontantrieb	Benzin	132	180	Nov 2001	Jun 2005	2024-03-01	19791
Mercedes-benz	E-Klasse	E 500 T	Kombi	Heckantrieb	Benzin	285	388	Apr 2006	Jul 2009	2024-03-01	19792
Mercedes-benz	E-Klasse	E 500 T 4-matic	Kombi	Allrad	Benzin	285	388	Apr 2006	Jul 2009	2024-03-01	19793
Mercedes-benz	E-Klasse	E 500 4-matic	Stufenheck	Allrad	Benzin	285	388	Apr 2006	Dec 2008	2024-03-01	19794
Mercedes-benz	E-Klasse	E 500	Stufenheck	Heckantrieb	Benzin	285	388	Apr 2006	Dec 2008	2024-03-01	19795
VW	Phaeton	6.0 W12 4motion	Stufenheck	Allrad	Benzin	331	450	May 2005	Mar 2016	2024-03-01	19796
KIA	Carnival ii	2.9 TDI	Großraumlimousine	Frontantrieb	Diesel	93	126	Aug 1999	Sep 2007	2024-03-01	19797
Audi	A4 b7	2.0 TDI Quattro	Stufenheck	Allrad	Diesel	103	140	Jan 2006	Jun 2008	2024-03-01	19798
Audi	A4 b7 avant	2.0 TDI Quattro	Kombi	Allrad	Diesel	103	140	Jan 2006	Jun 2008	2024-03-01	19799
Daewoo	Nubira	1.6	Kombi	Frontantrieb	Benzin	80	109	Jul 2003	-	2024-03-01	19800
Daewoo	Nubira	1.8	Kombi	Frontantrieb	Benzin	90	122	Jul 2003	-	2024-03-01	19801
KIA	Carens i	2.0 Crdi	Großraumlimousine	Frontantrieb	Diesel	103	140	Nov 2005	Apr 2006	2025-02-03	19802
Audi	Q7	3.6 FSI Quattro	SUV	Allrad	Benzin	206	280	Aug 2006	May 2010	2024-03-01	19803
Hyundai	Atos	1.1	Schrägheck	Frontantrieb	Benzin	46	63	Aug 2003	Dec 2008	2024-03-01	19804
Renault	Twizy	80	Schrägheck	Heckantrieb	Elektro	13	18	Apr 2012	-	2024-03-01	19805
Audi	Tt	2.0 Tfsi	Cabriolet	Frontantrieb	Benzin	147	200	Mar 2007	Jun 2010	2024-03-01	19806
Audi	Tt	3.2 V6 Quattro	Cabriolet	Allrad	Benzin	184	250	Mar 2007	Jun 2010	2024-03-01	19807
Volvo	C30	1.6	Schrägheck	Frontantrieb	Benzin	74	100	Oct 2006	Dec 2012	2024-03-01	19808
Volvo	C30	1.8	Schrägheck	Frontantrieb	Benzin	92	125	Oct 2006	Dec 2012	2024-03-01	19809
Volvo	C30	2	Schrägheck	Frontantrieb	Benzin	107	145	Oct 2006	Dec 2012	2024-03-01	19810
Volvo	C30	2.4 I	Schrägheck	Frontantrieb	Benzin	125	170	Oct 2006	Dec 2012	2024-03-01	19811
Volvo	C30	T5	Schrägheck	Frontantrieb	Benzin	162	220	Oct 2006	Dec 2012	2024-03-01	19812
Volvo	C30	1.6 D	Schrägheck	Frontantrieb	Diesel	80	109	Oct 2006	Dec 2012	2024-03-01	19813
Volvo	C30	2.0 D	Schrägheck	Frontantrieb	Diesel	100	136	Oct 2006	Dec 2012	2024-03-01	19814
Volvo	C30	D5	Schrägheck	Frontantrieb	Diesel	132	180	Oct 2006	Dec 2012	2024-03-01	19815
Fiat	Croma	1.8 16V	Kombi	Frontantrieb	Benzin	103	140	Dec 2005	Dec 2011	2024-03-01	19816
Fiat	Grande punto	1.4 16V	Schrägheck	Frontantrieb	Benzin	70	95	Oct 2005	Aug 2011	2024-03-01	19817
Peugeot	Expert	1.8	Bus	Frontantrieb	Benzin	74	101	Oct 1996	Sep 2000	2024-03-01	19818
Peugeot	Expert	1.8	Kasten	Frontantrieb	Benzin	74	101	Oct 1996	Sep 2000	2024-03-01	19819
Skoda	Octavia	1.4	Schrägheck	Frontantrieb	Benzin	59	80	Jun 2004	Apr 2013	2024-03-01	19820
Skoda	Octavia	2.0 TDI 4X4	Kombi	Allrad	Diesel	103	140	Jul 2006	May 2010	2024-03-01	19821
Chrysler	300c	5.7 AWD	Kombi	Allrad	Benzin	250	340	Apr 2005	Dec 2010	2024-03-01	19822
Chrysler	300c	6.1 Srt8	Kombi	Heckantrieb	Benzin	317	431	Jun 2005	Dec 2010	2024-03-01	19823
Audi	A4 b7 avant	2.0 Tfsi	Kombi	Frontantrieb	Benzin	162	220	Jun 2005	Jun 2008	2024-03-01	19825
Audi	A4 b7 avant	2.0 Tfsi Quattro	Kombi	Allrad	Benzin	162	220	Jun 2005	Jun 2008	2024-03-01	19826
BMW	X3	3.0 SI	SUV	Allrad	Benzin	200	272	Aug 2006	Aug 2008	2024-03-01	19827
BMW	X3	2.5 SI	SUV	Allrad	Benzin	160	218	Aug 2006	Aug 2008	2024-03-01	19828
BMW	X3	3.0 SD	SUV	Allrad	Diesel	210	286	Sep 2006	Aug 2008	2024-03-01	19829
Toyota	Avensis	2.0 D-4d	Schrägheck	Frontantrieb	Diesel	93	126	Mar 2006	Nov 2008	2024-03-01	19830
Toyota	Avensis	2.0 D-4d	Stufenheck	Frontantrieb	Diesel	93	126	Mar 2006	Oct 2008	2024-03-01	19831
Toyota	Avensis	2.0 D-4d	Kombi	Frontantrieb	Diesel	93	126	Mar 2006	Nov 2008	2024-03-01	19832
BMW	3	335 I	Stufenheck	Heckantrieb	Benzin	225	306	Sep 2006	Dec 2011	2024-03-01	19833
BMW	3	335 I	Kombi	Heckantrieb	Benzin	225	306	Sep 2006	Jun 2012	2024-03-01	19834
BMW	3	335 D	Coupe	Heckantrieb	Diesel	210	286	Mar 2006	Mar 2013	2024-03-01	19835
BMW	3	335 D	Kombi	Heckantrieb	Diesel	210	286	Sep 2006	Jun 2012	2024-03-01	19836
BMW	3	335 D	Stufenheck	Heckantrieb	Diesel	210	286	Sep 2006	Dec 2011	2024-03-01	19837
Hyundai	Santa fé ii	2.7 V6 GLS	SUV	Frontantrieb	Benzin	139	189	Mar 2006	Dec 2009	2024-03-01	19838
Hyundai	Santa fé ii	2.7 V6 GLS 4X4	SUV	Allrad	Benzin	139	189	Mar 2006	Dec 2009	2024-03-01	19839
Hyundai	Santa fé ii	2.2 Crdi GLS	SUV	Frontantrieb	Diesel	110	150	Mar 2006	Dec 2009	2024-03-01	19840
Hyundai	Santa fé ii	2.2 Crdi GLS 4X4	SUV	Allrad	Diesel	110	150	Mar 2006	Dec 2009	2024-03-01	19841
Audi	A4 b7	2.0 TDI	Stufenheck	Frontantrieb	Diesel	125	170	Jun 2006	Jun 2008	2024-03-01	19842
Audi	A4 b7	2.0 TDI Quattro	Stufenheck	Allrad	Diesel	125	170	Jun 2006	Jun 2008	2024-03-01	19843
Audi	A4 b7 avant	2.0 TDI	Kombi	Frontantrieb	Diesel	125	170	Jun 2006	Jun 2008	2024-03-01	19844
Audi	A4 b7 avant	2.0 TDI Quattro	Kombi	Allrad	Diesel	125	170	Jun 2006	Jun 2008	2024-03-01	19845
Audi	A4 b7	2.7 TDI	Stufenheck	Frontantrieb	Diesel	132	180	Jan 2006	Jun 2008	2024-03-01	19846
Audi	A4 b7 avant	2.7 TDI	Kombi	Frontantrieb	Diesel	132	180	Jan 2006	Jun 2008	2024-03-01	19847
Audi	A4 b7	3.0 TDI Quattro	Stufenheck	Allrad	Diesel	171	233	Jan 2006	Jun 2008	2024-03-01	19848
Audi	A4 b7 avant	2.0 TDI	Kombi	Frontantrieb	Diesel	100	136	Nov 2004	Jun 2008	2024-03-01	19849
Audi	A4 b7 avant	3.0 TDI Quattro	Kombi	Allrad	Diesel	171	233	Jan 2006	Jun 2008	2024-03-01	19850
Mercedes-benz	R-Klasse	R 63 AMG 4-matic	Großraumlimousine	Allrad	Benzin	375	510	Feb 2006	Dec 2010	2024-03-01	19851
Mercedes-benz	S-Klasse	S 320 CDI 4-matic	Stufenheck	Allrad	Diesel	173	235	Oct 2006	Dec 2013	2024-03-01	19852
Mercedes-benz	S-Klasse	S 420 CDI	Stufenheck	Heckantrieb	Diesel	235	320	Oct 2006	Dec 2009	2024-03-01	19853
Mercedes-benz	S-Klasse	S 500 4-matic	Stufenheck	Allrad	Benzin	285	388	Oct 2005	Dec 2013	2024-03-01	19854
Citroën	C4 i	2.0 16V	Schrägheck	Frontantrieb	Benzin	130	177	Nov 2004	Jul 2008	2024-03-01	19855
Renault	Trafic ii	2.0 DCI 90	Bus	Frontantrieb	Diesel	66	90	Aug 2006	-	2024-03-01	19856
Renault	Trafic ii	2.0 DCI 115	Bus	Frontantrieb	Diesel	84	114	Aug 2006	-	2024-03-01	19857
Renault	Trafic ii	2.5 DCI 145	Bus	Frontantrieb	Diesel	107	146	Aug 2006	-	2024-03-01	19858
Mini	Mini	Cooper	Schrägheck	Frontantrieb	Benzin	88	120	Oct 2006	Feb 2012	2024-03-01	19859
Renault	Trafic ii	2.0 DCI 90	Kasten	Frontantrieb	Diesel	66	90	Aug 2006	-	2024-03-01	19860
Renault	Trafic ii	2.0 DCI 115	Kasten	Frontantrieb	Diesel	84	114	Aug 2006	-	2024-03-01	19861
Mini	Mini	Cooper S	Schrägheck	Frontantrieb	Benzin	128	174	Oct 2006	Feb 2010	2024-03-01	19862
Renault	Trafic ii	2.5 DCI 145	Kasten	Frontantrieb	Diesel	107	146	Aug 2006	-	2024-03-01	19863
Renault	Trafic ii	2.0 DCI 90	Pritsche/Fahrgestell	Frontantrieb	Diesel	66	90	Aug 2006	-	2024-03-01	19864
Renault	Trafic ii	2.0 DCI 115	Pritsche/Fahrgestell	Frontantrieb	Diesel	84	114	Aug 2006	-	2024-03-01	19865
Renault	Trafic ii	2.5 DCI 145	Pritsche/Fahrgestell	Frontantrieb	Diesel	107	146	Aug 2006	-	2024-03-01	19866
Renault	Twingo	1.2 Turbo	Schrägheck	Frontantrieb	Benzin	74	100	Mar 2007	Sep 2014	2026-05-01	19867
Peugeot	Boxer	2.2 HDI 100	Bus	Frontantrieb	Diesel	74	101	Apr 2006	-	2024-03-01	19868
Peugeot	Boxer	2.2 HDI 120	Bus	Frontantrieb	Diesel	88	120	Apr 2006	Dec 2016	2024-05-01	19869
Peugeot	Boxer	3.0 HDI 160	Bus	Frontantrieb	Diesel	115	156	Apr 2006	Dec 2015	2024-03-01	19870
Peugeot	Boxer	2.2 HDI 100	Kasten	Frontantrieb	Diesel	74	101	Apr 2006	-	2024-03-01	19871
Peugeot	Boxer	2.2 HDI 120	Kasten	Frontantrieb	Diesel	88	120	Apr 2006	Dec 2016	2024-05-01	19872
Peugeot	Boxer	3.0 HDI 160	Kasten	Frontantrieb	Diesel	116	156	Apr 2006	Dec 2015	2024-03-01	19873
Peugeot	Boxer	2.2 HDI 100	Pritsche/Fahrgestell	Frontantrieb	Diesel	74	101	Apr 2006	-	2024-03-01	19874
Peugeot	Boxer	2.2 HDI 120	Pritsche/Fahrgestell	Frontantrieb	Diesel	88	120	Apr 2006	Dec 2016	2024-05-01	19875
Peugeot	Boxer	3.0 HDI 160	Pritsche/Fahrgestell	Frontantrieb	Diesel	116	156	Apr 2006	Dec 2015	2024-03-01	19876
Peugeot	607	2.0 HDI	Stufenheck	Frontantrieb	Diesel	79	107	Mar 2001	Sep 2004	2024-03-01	19877
Subaru	Tribeca	3	SUV	Allrad	Benzin	180	245	Oct 2006	-	2024-03-01	19878
Peugeot	206	1.4	Stufenheck	Frontantrieb	Benzin	55	75	Mar 2007	-	2024-03-01	19879
Subaru	Impreza	1.5 AWD	Stufenheck	Allrad	Benzin	77	105	May 2006	Mar 2007	2024-03-01	19880
Peugeot	206	1.6 16V	Stufenheck	Frontantrieb	Benzin	80	109	Mar 2007	-	2024-03-01	19881
Subaru	Impreza station wagon	1.5 AWD	Kombi	Allrad	Benzin	77	105	May 2006	Mar 2007	2024-03-01	19882
Nissan	Qashqai i	1.6	SUV	Frontantrieb	Benzin	84	114	Feb 2007	Dec 2013	2025-06-01	19883
Toyota	Land cruiser 200	4.5 D4-d	Geländewagen geschlossen	Allrad	Diesel	200	272	Jan 2012	-	2024-03-01	19884
Nissan	Qashqai i	1.5 DCI	SUV	Frontantrieb	Diesel	78	106	Nov 2006	Nov 2013	2025-06-01	19887
Nissan	Qashqai i	2.0 DCI	SUV	Frontantrieb	Diesel	110	150	Feb 2007	Dec 2013	2025-06-01	19888
Lada	Kalina	1.6	Schrägheck	Frontantrieb	Benzin	60	82	Oct 2004	Dec 2013	2024-03-01	19889
Lada	Kalina	1.6	Stufenheck	Frontantrieb	Benzin	60	82	Oct 2004	Dec 2013	2024-03-01	19891
Ssangyong	Actyon	200 XDI 4WD	SUV	Allrad	Diesel	104	141	Oct 2006	-	2025-12-01	19893
Ssangyong	Kyron	2.7 XDI 4X4	SUV	Allrad	Diesel	121	165	May 2005	Dec 2014	2024-03-01	19894
Lotus	Europa	2.0 Turbo	Coupe	Heckantrieb	Benzin	147	200	Jul 2006	-	2024-03-01	19895
Dacia	Logan	1.4	Kombi	Frontantrieb	Benzin	55	75	Feb 2007	-	2024-03-01	19896
Dacia	Logan	1.6	Kombi	Frontantrieb	Benzin	64	87	Feb 2007	Jun 2013	2024-03-01	19897
Dacia	Logan	1.6 16V	Kombi	Frontantrieb	Benzin	77	105	Feb 2007	-	2024-03-01	19898
Dacia	Logan	1.5 DCI	Kombi	Frontantrieb	Diesel	50	68	Feb 2007	-	2024-03-01	19899
Hyundai	Accent iii	1.4 GL	Schrägheck	Frontantrieb	Benzin	71	97	Nov 2005	Nov 2010	2024-03-01	19900
Skoda	Fabia i	1.4 16V	Stufenheck	Frontantrieb	Benzin	59	80	Apr 2006	Dec 2007	2024-03-01	19901
Hyundai	Accent iii	1.6 GLS	Schrägheck	Frontantrieb	Benzin	82	112	Nov 2005	Nov 2010	2024-03-01	19902
Hyundai	Accent iii	1.5 Crdi GLS	Schrägheck	Frontantrieb	Diesel	81	110	Nov 2005	Nov 2010	2024-03-01	19903
Hyundai	Accent iii	1.4 GL	Stufenheck	Frontantrieb	Benzin	71	97	Nov 2005	Nov 2010	2024-03-01	19904
Skoda	Fabia i combi	1.4 16V	Kombi	Frontantrieb	Benzin	59	80	Apr 2006	Dec 2007	2024-03-01	19905
Hyundai	Accent iii	1.6 GLS	Stufenheck	Frontantrieb	Benzin	82	112	Nov 2005	Nov 2010	2024-03-01	19906
Hyundai	Accent iii	1.5 Crdi GLS	Stufenheck	Frontantrieb	Diesel	81	110	Nov 2005	Nov 2010	2024-03-01	19907
BMW	Z4 roadster	M	Cabriolet	Heckantrieb	Benzin	252	343	Jan 2006	Aug 2008	2024-03-01	19908
BMW	Z4	M	Coupe	Heckantrieb	Benzin	252	343	Apr 2006	Aug 2008	2024-03-01	19909
BMW	6	M6	Cabriolet	Heckantrieb	Benzin	373	507	Sep 2006	Aug 2010	2024-03-01	19910
Audi	A3	S3 Quattro	Schrägheck	Allrad	Benzin	195	265	Nov 2006	Aug 2012	2024-03-01	19914
Jeep	Grand cherokee iii	6.1 Srt8 4X4	Geländewagen geschlossen	Allrad	Benzin	313	426	Mar 2006	Dec 2010	2024-03-01	19916
Hyundai	Getz	1.4 I	Schrägheck	Frontantrieb	Benzin	71	97	Aug 2005	Dec 2010	2024-03-01	19917
Hyundai	Getz	1.5 Crdi	Schrägheck	Frontantrieb	Diesel	65	88	Aug 2005	Jun 2009	2024-03-01	19918
BMW	3	325 I	Coupe	Heckantrieb	Benzin	160	218	Jun 2006	Feb 2010	2024-03-01	19919
BMW	3	330 I	Coupe	Heckantrieb	Benzin	200	272	Sep 2006	Feb 2010	2024-03-01	19920
BMW	3	330 D	Coupe	Heckantrieb	Diesel	170	231	Mar 2006	Aug 2008	2024-03-01	19921
Opel	Vivaro a	2.0 Cdti	Bus	Frontantrieb	Diesel	66	90	Aug 2006	Jul 2014	2024-03-01	19922
Opel	Vivaro a	2.0 Cdti	Bus	Frontantrieb	Diesel	84	114	Aug 2006	Jul 2014	2024-03-01	19923
Opel	Vivaro a	2.5 Cdti	Bus	Frontantrieb	Diesel	107	146	Aug 2006	Jul 2014	2024-03-01	19924
Opel	Vivaro a	2.0 Ecotec	Bus	Frontantrieb	Benzin	86	117	Aug 2006	Jul 2014	2024-03-01	19925
Opel	Vivaro a	2.0 Ecotec	Kasten	Frontantrieb	Benzin	86	117	Aug 2006	Jul 2014	2024-03-01	19926
Opel	Vivaro a	2.0 Cdti	Kasten	Frontantrieb	Diesel	66	90	Aug 2006	Jul 2014	2024-03-01	19927
Opel	Vivaro a	2.0 Cdti	Kasten	Frontantrieb	Diesel	84	114	Aug 2006	Jul 2014	2024-03-01	19928
Opel	Vivaro a	2.5 Cdti	Kasten	Frontantrieb	Diesel	107	146	Aug 2006	Jul 2014	2024-03-01	19929
BMW	3	325 XI	Coupe	Allrad	Benzin	160	218	Sep 2006	Feb 2010	2024-03-01	19930
BMW	3	330 XI	Coupe	Allrad	Benzin	200	272	Sep 2006	Aug 2007	2024-03-01	19931
BMW	3	330 XD	Coupe	Allrad	Diesel	170	231	Mar 2006	Aug 2008	2024-03-01	19932
Opel	Meriva a	1.6 Turbo	Großraumlimousine	Frontantrieb	Benzin	132	180	Sep 2005	May 2010	2024-03-01	19933
Opel	Meriva a	1.7 Cdti	Großraumlimousine	Frontantrieb	Diesel	92	125	Sep 2006	May 2010	2024-03-01	19934
Hyundai	Sonata v	2.0 Crdi	Stufenheck	Frontantrieb	Diesel	103	140	Feb 2006	Dec 2010	2024-03-01	19935
Dacia	Logan	1.5 DCI	Stufenheck	Frontantrieb	Diesel	50	68	Jan 2006	Dec 2012	2024-03-01	19936
Fiat	Strada	1.3 D Multijet	Pick-up	Frontantrieb	Diesel	62	85	May 2006	Aug 2012	2026-01-01	19937
KIA	Cee'd	1.4	Schrägheck	Frontantrieb	Benzin	80	109	Dec 2006	Dec 2012	2024-03-01	19938
KIA	Cee'd	1.6	Schrägheck	Frontantrieb	Benzin	90	122	Dec 2006	Dec 2012	2024-03-01	19939
KIA	Cee'd	2	Schrägheck	Frontantrieb	Benzin	105	143	Dec 2006	Dec 2012	2024-03-01	19940
KIA	Cee'd	1.6 Crdi 90	Schrägheck	Frontantrieb	Diesel	66	90	Dec 2006	Dec 2012	2024-03-01	19941
KIA	Cee'd	1.6 Crdi 115	Schrägheck	Frontantrieb	Diesel	85	115	Dec 2006	Dec 2012	2024-03-01	19942
Chevrolet	Captiva	2.0 D 4WD	SUV	Allrad	Diesel	110	150	Oct 2006	-	2024-03-01	19943
Dodge	Caliber	1.8	Schrägheck	Frontantrieb	Benzin	110	150	Jun 2006	Dec 2009	2024-03-01	19944
Dodge	Caliber	2	Schrägheck	Frontantrieb	Benzin	115	156	Jun 2006	-	2024-03-01	19945
Dodge	Caliber	2.4	Schrägheck	Frontantrieb	Benzin	125	170	Oct 2006	-	2024-03-01	19946
Dodge	Caliber	2.0 CRD	Schrägheck	Frontantrieb	Diesel	103	140	Jun 2006	-	2024-03-01	19947
Opel	Combo	1.7 Cdti 16V	Kasten/Großraumlimousine	Frontantrieb	Diesel	74	101	Dec 2004	-	2024-03-01	19948
BMW	5	525 D	Kombi	Heckantrieb	Diesel	120	163	Mar 2004	Mar 2007	2024-03-01	19949
BMW	5	525 D	Stufenheck	Heckantrieb	Diesel	120	163	Dec 2004	Mar 2010	2024-03-01	19950
BMW	3	318 CI	Coupe	Heckantrieb	Benzin	110	150	Mar 2004	May 2006	2024-03-01	19951
BMW	7	745 D	Stufenheck	Heckantrieb	Diesel	220	300	Mar 2005	Aug 2005	2024-03-01	19952
BMW	3	320 D	Stufenheck	Heckantrieb	Diesel	110	150	Dec 2004	Sep 2007	2024-03-01	19953
BMW	3	320 D	Kombi	Heckantrieb	Diesel	110	150	Dec 2004	Aug 2007	2024-03-01	19954
BMW	5	520 D	Stufenheck	Heckantrieb	Diesel	110	150	Sep 2005	Feb 2007	2024-03-01	19955
BMW	5	520 D	Kombi	Heckantrieb	Diesel	110	150	Sep 2005	Feb 2007	2024-03-01	19956
VW	Passat b6	2.0 TDI	Stufenheck	Frontantrieb	Diesel	103	140	Mar 2005	May 2009	2024-03-01	19957
VW	Passat b6	2.0 TDI 4motion	Stufenheck	Allrad	Diesel	103	140	Mar 2005	May 2009	2024-03-01	19958
VW	Passat b6 variant	2.0 TDI	Kombi	Frontantrieb	Diesel	103	140	Aug 2005	May 2009	2024-03-01	19959
VW	Passat b6 variant	2.0 TDI 4motion	Kombi	Allrad	Diesel	103	140	Aug 2005	May 2009	2024-03-01	19960
VW	Golf v	2.0 TDI	Schrägheck	Frontantrieb	Diesel	103	140	Dec 2004	Nov 2008	2024-03-01	19961
VW	Golf v	2.0 TDI 4motion	Schrägheck	Allrad	Diesel	103	140	Jan 2007	Nov 2008	2024-03-01	19962
VW	Golf plus v	2.0 TDI	Schrägheck	Frontantrieb	Diesel	103	140	Dec 2005	May 2011	2024-03-01	19963
VW	Touran	2.0 TDI	Großraumlimousine	Frontantrieb	Diesel	103	140	Dec 2005	May 2010	2024-03-01	19964
VW	Jetta iii	2.0 TDI	Stufenheck	Frontantrieb	Diesel	103	140	Oct 2005	Oct 2010	2024-03-01	19965
Audi	A3	2.0 TDI	Schrägheck	Frontantrieb	Diesel	103	140	Jun 2005	Jun 2008	2024-03-01	19966
Audi	A3	2.0 TDI Quattro	Schrägheck	Allrad	Diesel	103	140	Jan 2006	Jun 2008	2024-03-01	19967
Audi	A3	2.0 TDI	Schrägheck	Frontantrieb	Diesel	103	140	Jun 2005	Jun 2008	2024-03-01	19968
Audi	A3	2.0 TDI Quattro	Schrägheck	Allrad	Diesel	103	140	Jan 2006	Jun 2008	2024-03-01	19969
Audi	A4 b7	2.0 TDI	Stufenheck	Frontantrieb	Diesel	103	140	Nov 2004	Jun 2008	2024-03-01	19970
Audi	A4 b7 avant	2.0 TDI	Kombi	Frontantrieb	Diesel	103	140	Nov 2004	Jun 2008	2024-03-01	19971
Seat	Leon	2.0 TDI	Schrägheck	Frontantrieb	Diesel	103	140	Oct 2005	Oct 2010	2024-03-01	19972
Renault	19 ii chamade	1.7	Stufenheck	Frontantrieb	Benzin	66	90	Apr 1992	Dec 1995	2024-03-01	19973
Fiat	Ducato	100 Multijet 2,2 D	Bus	Frontantrieb	Diesel	74	101	Jul 2006	May 2011	2025-12-01	19974
Fiat	Ducato	120 Multijet 2,3 D	Bus	Frontantrieb	Diesel	88	120	Jul 2006	Oct 2013	2025-06-01	19975
Fiat	Ducato	160 Multijet 3,0 D	Bus	Frontantrieb	Diesel	116	158	Jul 2006	May 2011	2025-06-01	19976
Fiat	Ducato	100 Multijet 2,2 D	Kasten	Frontantrieb	Diesel	74	101	Jul 2006	May 2011	2025-12-01	19977
Fiat	Ducato	120 Multijet 2,3 D	Kasten	Frontantrieb	Diesel	88	120	Jul 2006	-	2024-03-01	19978
Fiat	Ducato	160 Multijet 3,0 D	Kasten	Frontantrieb	Diesel	116	158	Jul 2006	May 2011	2025-06-01	19979
Fiat	Ducato	100 Multijet 2,2 D	Pritsche/Fahrgestell	Frontantrieb	Diesel	74	101	Jul 2006	May 2011	2025-12-01	19980
Fiat	Ducato	120 Multijet 2,3 D	Pritsche/Fahrgestell	Frontantrieb	Diesel	88	120	Jul 2006	-	2024-03-01	19981
Fiat	Ducato	160 Multijet 3,0 D	Pritsche/Fahrgestell	Frontantrieb	Diesel	116	158	Jul 2006	May 2014	2025-06-01	19982
Fiat	Multipla	1.6 16V	Großraumlimousine	Frontantrieb	Benzin	70	95	Apr 2002	Jun 2010	2024-03-01	19983
Fiat	Multipla	1.9 JTD	Großraumlimousine	Frontantrieb	Diesel	88	120	Apr 2002	Jun 2010	2024-03-01	19984
Fiat	Stilo	1.9 JTD	Schrägheck	Frontantrieb	Diesel	66	90	Sep 2004	Nov 2006	2024-03-01	19985
Opel	Signum cc	1.9 Cdti	Schrägheck	Frontantrieb	Diesel	74	100	Aug 2005	Feb 2008	2024-03-01	19986
Opel	Vectra c caravan	3.0 V6 Cdti	Kombi	Frontantrieb	Diesel	135	184	Aug 2005	Aug 2008	2024-03-01	19987
Opel	Astra h gtc	2.0 Turbo	Schrägheck	Frontantrieb	Benzin	177	240	Aug 2005	Oct 2010	2024-03-01	19988
Volvo	V70 ii	2.4 D	Kombi	Frontantrieb	Diesel	93	126	Apr 2005	Dec 2008	2024-03-01	19989
Volvo	Xc90 i	D5 AWD	SUV	Allrad	Diesel	136	185	Apr 2005	Dec 2012	2024-07-01	19990
Suzuki	Jimny	1.3 16V 4X4	Geländewagen geschlossen	Allrad	Benzin	63	86	Aug 2005	-	2024-03-01	19991
Suzuki	Jimny	1.5 Ddis 4X4	Geländewagen geschlossen	Allrad	Diesel	63	86	Aug 2005	-	2024-03-01	19992
Opel	Movano a	3.0 DTI	Kasten	Frontantrieb	Diesel	100	136	Oct 2003	-	2024-03-01	19993
Suzuki	Wagon r+	1.3 4WD	Schrägheck	Allrad	Benzin	69	94	Sep 2003	-	2024-03-01	19994
BMW	3	325 D	Kombi	Heckantrieb	Diesel	145	197	Sep 2006	Jun 2012	2024-03-01	19995
Opel	Movano a	3.0 DTI	Bus	Frontantrieb	Diesel	100	136	Oct 2003	-	2024-03-01	19996
Opel	Movano a	2.5 DTI	Kasten	Frontantrieb	Diesel	73	99	Oct 2003	-	2024-03-01	19997
BMW	3	325 D	Stufenheck	Heckantrieb	Diesel	145	197	Sep 2006	Feb 2010	2024-03-01	19998
Skoda	Octavia	2.0 TDI	Schrägheck	Frontantrieb	Diesel	103	140	Nov 2005	May 2010	2024-03-01	20001
Skoda	Octavia	2.0 TDI	Kombi	Frontantrieb	Diesel	103	140	Nov 2005	May 2010	2024-03-01	20002
Skoda	Superb i	2.0 TDI	Stufenheck	Frontantrieb	Diesel	103	140	Oct 2005	Mar 2008	2024-03-01	20003
Ford USA	Mustang	4.0 V6	Coupe	Heckantrieb	Benzin	157	214	Dec 2004	Dec 2010	2024-03-01	20004
Ford USA	Mustang	4.6 V8	Coupe	Heckantrieb	Benzin	224	305	Dec 2004	-	2024-03-01	20005
Ford USA	Mustang	5.4 V8	Coupe	Heckantrieb	Benzin	355	483	Jan 2006	-	2024-03-01	20006
Ford USA	Mustang convertible	4.0 V6	Cabriolet	Heckantrieb	Benzin	157	214	Dec 2005	Dec 2010	2024-03-01	20007
Ford USA	Mustang convertible	4.6 V8	Cabriolet	Heckantrieb	Benzin	224	305	Sep 2005	-	2024-03-01	20008
Opel	Astra h caravan	1.8	Kombi	Frontantrieb	Benzin	103	140	Nov 2005	Oct 2010	2026-05-01	20010
Opel	Vectra c	2.8 V6 Turbo	Stufenheck	Frontantrieb	Benzin	184	250	Aug 2005	Aug 2008	2024-03-01	20011
Opel	Vectra c cc	2.8 V6 Turbo	Schrägheck	Frontantrieb	Benzin	184	250	Aug 2005	Aug 2008	2024-03-01	20012
Opel	Vectra c cc	2.8 V6 Turbo	Schrägheck	Frontantrieb	Benzin	206	280	Aug 2006	Aug 2008	2024-03-01	20013
Mercedes-benz	Slr	5.4 722 Edition	Coupe	Heckantrieb	Benzin	478	650	Oct 2006	-	2024-03-01	20014
Mercedes-benz	S-Klasse	S 63 AMG	Stufenheck	Heckantrieb	Benzin	386	525	Oct 2006	Dec 2013	2024-03-01	20015
Mercedes-benz	S-Klasse	CL 63 AMG	Coupe	Heckantrieb	Benzin	386	525	Oct 2006	Dec 2013	2024-03-01	20016
Mercedes-benz	S-Klasse	CL 65 AMG	Coupe	Heckantrieb	Benzin	450	612	Oct 2006	Dec 2010	2024-03-01	20017
GAZ	Gazelle	2.3	Bus	Heckantrieb	Benzin	96	131	Oct 1993	Aug 2001	2024-03-01	20018
GAZ	Gazelle	2.5 D	Bus	Heckantrieb	Diesel	67	91	Oct 1993	Aug 2001	2024-03-01	20019
GAZ	Gazelle	2.4	Kasten	Heckantrieb	Benzin	66	90	Oct 1993	Aug 2001	2024-03-01	20020
GAZ	Gazelle	2.5 D	Kasten	Heckantrieb	Diesel	67	91	Oct 1993	Aug 2001	2024-03-01	20021
GAZ	Gazelle	2.5 D	Pritsche/Fahrgestell	Heckantrieb	Diesel	67	91	Oct 1993	Aug 2001	2024-03-01	20022
GAZ	Gazelle	2.4	Pritsche/Fahrgestell	Heckantrieb	Benzin	66	90	Oct 1993	Aug 2001	2024-03-01	20023
Citroën	Berlingo	1.6 HDI 75	Kasten/Großraumlimousine	Frontantrieb	Diesel	55	75	Jul 2005	Dec 2011	2024-03-01	20025
Fiat	Scudo	2.0 JTD	Bus	Frontantrieb	Diesel	69	94	Jan 2004	Dec 2006	2024-03-01	20026
Peugeot	207 cc	1.6 16V	Cabriolet	Frontantrieb	Benzin	88	120	Feb 2007	Oct 2013	2024-03-01	20027
Peugeot	207 cc	1.6 16V Turbo	Cabriolet	Frontantrieb	Benzin	110	150	Feb 2007	Dec 2012	2024-03-01	20028
Lexus	Lfa	4.8	Coupe	Heckantrieb	Benzin	420	571	Nov 2011	Nov 2012	2024-03-01	20029
Peugeot	207 cc	1.6 HDI	Cabriolet	Frontantrieb	Diesel	80	109	Feb 2007	Jan 2015	2024-03-01	20030
VW	Jetta iii	2.0 TDI	Stufenheck	Frontantrieb	Diesel	125	170	Oct 2006	Oct 2010	2024-03-01	20031
Lancia	Ypsilon	1.4	Schrägheck	Frontantrieb	Benzin	57	78	Feb 2006	Dec 2011	2024-03-01	20032
Lancia	Ypsilon	1.3 D Multijet	Schrägheck	Frontantrieb	Diesel	55	75	Sep 2006	Dec 2011	2024-03-01	20033
Lancia	Ypsilon	1.3 D Multijet	Schrägheck	Frontantrieb	Diesel	66	90	Sep 2006	Dec 2011	2024-03-01	20034
Citroën	Jumpy ii	2.0 I	Bus	Frontantrieb	Benzin	103	140	Jan 2007	Mar 2016	2024-03-01	20035
Citroën	Jumpy ii	1.6 HDI 90 16V	Bus	Frontantrieb	Diesel	66	90	Jan 2007	Mar 2016	2024-03-01	20036
Citroën	Jumpy ii	2.0 HDI 120	Bus	Frontantrieb	Diesel	88	120	Jan 2007	Mar 2016	2024-03-01	20037
Citroën	Jumpy ii	2.0 HDI 140	Bus	Frontantrieb	Diesel	100	136	Jan 2007	Mar 2016	2024-03-01	20038
Citroën	Jumpy ii	2.0 I	Kasten	Frontantrieb	Benzin	103	140	Jan 2007	Mar 2016	2024-03-01	20039
Citroën	Jumpy ii	1.6 HDI 90 16V	Kasten	Frontantrieb	Diesel	66	90	Jan 2007	Mar 2016	2024-03-01	20040
Citroën	Jumpy ii	2.0 HDI 120	Kasten	Frontantrieb	Diesel	88	120	Jan 2007	Mar 2016	2024-03-01	20041
Citroën	Jumpy ii	2.0 HDI 140	Kasten	Frontantrieb	Diesel	100	136	Jan 2007	Mar 2016	2024-03-01	20042
Seat	Alhambra	2.0 TDI	Großraumlimousine	Frontantrieb	Diesel	103	140	Nov 2005	Mar 2010	2024-03-01	20043
Seat	Leon	2.0 Tfsi	Schrägheck	Frontantrieb	Benzin	147	200	May 2005	Mar 2009	2024-03-01	20048
Seat	Leon	2.0 Tfsi	Schrägheck	Frontantrieb	Benzin	177	240	Nov 2006	May 2011	2024-03-01	20049
Peugeot	Expert	1.6 HDI 90 16V	Bus	Frontantrieb	Diesel	66	90	Jan 2007	Mar 2016	2024-03-01	20050
Peugeot	Expert	2.0 HDI 120	Bus	Frontantrieb	Diesel	88	120	Jan 2007	Mar 2016	2024-03-01	20051
Peugeot	Expert	2.0 HDI 140	Bus	Frontantrieb	Diesel	100	136	Jan 2007	-	2024-03-01	20052
Seat	Ibiza iii	1.2 12V	Schrägheck	Frontantrieb	Benzin	51	70	May 2006	Nov 2009	2024-03-01	20053
Seat	Cordoba	1.2 12V	Stufenheck	Frontantrieb	Benzin	51	70	May 2006	Nov 2009	2024-03-01	20054
Seat	Cordoba	1.4 16V	Stufenheck	Frontantrieb	Benzin	63	86	May 2006	Nov 2009	2024-03-01	20055
Seat	Cordoba	1.6 16V	Stufenheck	Frontantrieb	Benzin	77	105	Nov 2006	Nov 2009	2024-03-01	20056
Seat	Ibiza iii	1.6 16V	Schrägheck	Frontantrieb	Benzin	77	105	Nov 2006	Nov 2009	2024-03-01	20057
Peugeot	Expert	1.6 HDI 90 16V	Kasten	Frontantrieb	Diesel	66	90	Jan 2007	-	2024-03-01	20058
Peugeot	Expert	2.0 HDI 120	Kasten	Frontantrieb	Diesel	88	120	Jan 2007	-	2024-03-01	20059
Peugeot	Expert	2.0 HDI 140	Kasten	Frontantrieb	Diesel	100	136	Jan 2007	-	2024-03-01	20060
Peugeot	Expert	1.6 HDI 90 16V	Pritsche/Fahrgestell	Frontantrieb	Diesel	66	90	Jan 2007	-	2024-03-01	20061
Peugeot	Expert	2.0 HDI 120	Pritsche/Fahrgestell	Frontantrieb	Diesel	88	120	Jan 2007	-	2024-03-01	20062
Peugeot	Expert	2.0 HDI 140	Pritsche/Fahrgestell	Frontantrieb	Diesel	100	136	Jan 2007	-	2024-03-01	20063
VW	Golf v	2.0 GTI	Schrägheck	Frontantrieb	Benzin	169	230	Sep 2006	Dec 2008	2024-03-01	20064
Renault	Kangoo	1.5 DCI	Kasten/Großraumlimousine	Frontantrieb	Diesel	50	68	Jun 2005	-	2024-03-01	20068
Honda	Legend iv	3.5 V6 4WD	Stufenheck	Allrad	Benzin	217	295	May 2006	Dec 2012	2024-03-01	20069
Mercedes-benz	E-Klasse	E 63 AMG	Stufenheck	Heckantrieb	Benzin	378	514	Mar 2006	Dec 2008	2024-03-01	20070
Mercedes-benz	E-Klasse	E 63 AMG	Kombi	Heckantrieb	Benzin	378	514	Mar 2006	Jul 2009	2024-03-01	20071
Mercedes-benz	G-Klasse	G 320 CDI	Geländewagen geschlossen	Allrad	Diesel	165	224	Sep 2006	Dec 2012	2024-03-01	20072
Alfa Romeo	166	2.4 JTD	Stufenheck	Frontantrieb	Diesel	132	180	Jul 2006	Jun 2007	2024-03-01	20073
Mercedes-benz	Vito	109 CDI	Bus	Heckantrieb	Diesel	70	95	Sep 2006	-	2024-03-01	20074
Alfa Romeo	166	2.4 JTD	Stufenheck	Frontantrieb	Diesel	136	185	Jul 2005	Jun 2007	2024-03-01	20075
Fiat	Scudo	1.6 D Multijet	Bus	Frontantrieb	Diesel	66	90	Jan 2007	Mar 2016	2024-03-01	20076
Fiat	Scudo	2.0 D Multijet	Bus	Frontantrieb	Diesel	88	120	Jan 2007	Mar 2016	2024-03-01	20077
Renault	Clio iii	1.5 DCI	Schrägheck	Frontantrieb	Diesel	76	103	Jun 2005	Dec 2012	2026-05-01	20078
Fiat	Scudo	2.0 D Multijet	Bus	Frontantrieb	Diesel	100	136	Jan 2007	Mar 2016	2024-03-01	20079
Nissan	Micra iii	1.5 DCI	Schrägheck	Frontantrieb	Diesel	50	68	Jun 2005	Jun 2010	2024-03-01	20080
Fiat	Scudo	1.6 D Multijet	Kasten	Frontantrieb	Diesel	66	90	Jan 2007	Mar 2016	2024-03-01	20081
Nissan	Micra iii	1.5 DCI	Schrägheck	Frontantrieb	Diesel	63	86	Jun 2005	Jun 2010	2024-03-01	20082
Fiat	Scudo	2.0 D Multijet	Kasten	Frontantrieb	Diesel	88	120	Jan 2007	Mar 2016	2024-03-01	20083
Fiat	Scudo	2.0 D Multijet	Kasten	Frontantrieb	Diesel	100	136	Jan 2007	Mar 2016	2024-03-01	20084
Fiat	Scudo	1.6 D Multijet	Pritsche/Fahrgestell	Frontantrieb	Diesel	66	90	Jan 2007	Mar 2016	2024-03-01	20085
Fiat	Scudo	2.0 D Multijet	Pritsche/Fahrgestell	Frontantrieb	Diesel	88	120	Jan 2007	Mar 2016	2024-03-01	20086
Fiat	Scudo	2.0 D Multijet	Pritsche/Fahrgestell	Frontantrieb	Diesel	100	136	Jan 2007	Mar 2016	2024-03-01	20087
Fiat	Idea	1.4	Großraumlimousine	Frontantrieb	Benzin	57	77	Oct 2005	-	2024-03-01	20088
Fiat	Idea	1.3 D Multijet	Großraumlimousine	Frontantrieb	Diesel	66	90	Oct 2005	-	2024-03-01	20089
Volvo	S40 ii	2	Stufenheck	Frontantrieb	Benzin	107	146	Oct 2006	Dec 2012	2024-03-01	20090
Renault	Twizy	45	Schrägheck	Heckantrieb	Elektro	4	5	Apr 2012	-	2024-03-01	20091
Volvo	V50	2	Kombi	Frontantrieb	Benzin	107	146	Oct 2006	Dec 2012	2024-03-01	20092
Toyota	Hilux iv	2.4 D 4WD	Pick-up	Allrad	Diesel	55	75	Aug 1983	Jul 1988	2024-03-01	20093
Nissan	Interstar	DCI 120	Bus	Frontantrieb	Diesel	88	120	Sep 2006	Mar 2011	2024-03-01	20094
Nissan	Interstar	DCI 120	Kasten	Frontantrieb	Diesel	88	120	Sep 2006	-	2024-03-01	20095
Nissan	Interstar	DCI 150	Bus	Frontantrieb	Diesel	107	145	Sep 2006	Mar 2011	2024-03-01	20096
Nissan	Interstar	DCI 150	Kasten	Frontantrieb	Diesel	107	145	Sep 2006	-	2024-03-01	20097
Nissan	Primastar	DCI 150	Bus	Frontantrieb	Diesel	107	145	Sep 2006	-	2024-03-01	20098
Nissan	Primastar	2.5 DCI 150	Kasten	Frontantrieb	Diesel	107	145	Sep 2006	-	2024-03-01	20099
Nissan	Primastar	DCI 120	Bus	Frontantrieb	Diesel	84	114	Sep 2006	-	2024-03-01	20100
Nissan	Primastar	2.0 DCI 115	Kasten	Frontantrieb	Diesel	84	114	Sep 2006	-	2024-03-01	20101
Nissan	Primastar	DCI 90	Bus	Frontantrieb	Diesel	66	90	Sep 2006	-	2024-03-01	20102
Nissan	Primastar	2.0 DCI 90	Kasten	Frontantrieb	Diesel	66	90	Sep 2006	-	2024-03-01	20103
Hyundai	Santa fé ii	2.2 Crdi	SUV	Frontantrieb	Diesel	114	155	Mar 2006	Dec 2009	2024-03-01	20104
Hyundai	Santa fé ii	2.2 Crdi 4X4	SUV	Allrad	Diesel	114	155	Mar 2006	Dec 2009	2024-03-01	20105
Audi	100	2.0 E 16V	Kombi	Frontantrieb	Benzin	103	140	Jul 1992	Jul 1994	2024-03-01	20106
Opel	Signum cc	2.8 V6 Turbo	Schrägheck	Frontantrieb	Benzin	184	250	Jan 2006	Dec 2008	2024-03-01	20108
Audi	A6 c6	2.8 FSI	Stufenheck	Frontantrieb	Benzin	154	210	Nov 2006	Oct 2008	2024-03-01	20109
Audi	A6 c6 avant	2.8 FSI	Kombi	Frontantrieb	Benzin	154	210	Nov 2006	Oct 2008	2024-03-01	20110
Opel	Zafira	1.6 CNG	Großraumlimousine	Frontantrieb	Benzin/Erdgas (CNG)	69	94	Jul 2005	Apr 2015	2024-03-01	20111
Porsche	Cayenne	3.6	SUV	Allrad	Benzin	213	290	Feb 2007	Sep 2010	2024-03-01	20112
Porsche	Cayenne	S 4.8	SUV	Allrad	Benzin	283	385	Feb 2007	Sep 2010	2024-03-01	20113
Porsche	Cayenne	Turbo S 4.8	SUV	Allrad	Benzin	368	500	Feb 2007	Sep 2010	2024-03-01	20114
Audi	A4 b8 avant	1.8 Tfsi Quattro	Kombi	Allrad	Benzin	125	170	Nov 2011	Dec 2015	2024-03-01	20115
Audi	A4 b8 avant	3.0 Tfsi Quattro	Kombi	Allrad	Benzin	200	272	Feb 2012	Dec 2015	2024-03-01	20116
Audi	A4 b8 avant	2.0 TDI	Kombi	Frontantrieb	Diesel	130	177	Nov 2011	Dec 2015	2024-03-01	20117
Audi	A4 b8 avant	2.0 TDI Quattro	Kombi	Allrad	Diesel	130	177	Nov 2011	Dec 2015	2024-03-01	20118
Audi	A4 b8 avant	3.0 TDI Quattro	Kombi	Allrad	Diesel	180	245	Nov 2011	Dec 2015	2024-03-01	20119
VW	Jetta i	1.6	Stufenheck	Frontantrieb	Benzin	55	75	Aug 1981	Jul 1983	2024-03-01	20120
Mercedes-benz	124	200 E	Stufenheck	Heckantrieb	Benzin	77	105	Nov 1992	May 1993	2024-03-01	20122
Mitsubishi	Colt iv	1.6 4WD	Schrägheck	Allrad	Benzin	84	114	Aug 1993	Aug 1995	2024-03-01	20133
Mercedes-benz	190	2.3	Stufenheck	Heckantrieb	Benzin	97	132	Sep 1987	Sep 1988	2024-03-01	20136
Mercedes-benz	190	2.3 E	Stufenheck	Heckantrieb	Benzin	100	136	Oct 1982	Sep 1988	2024-03-01	20137
Mercedes-benz	190	2.6	Stufenheck	Heckantrieb	Benzin	118	160	Oct 1982	Sep 1988	2024-03-01	20138
Seat	Cordoba	1.4	Stufenheck	Frontantrieb	Benzin	40	54	Dec 1997	Apr 1999	2024-03-01	20143
Citroën	Xm	3	Schrägheck	Frontantrieb	Benzin	123	167	May 1989	May 1994	2024-03-01	20152
Saab	9000	2.3	Stufenheck	Frontantrieb	Benzin	165	224	Sep 1990	Oct 1998	2024-03-01	20159
Porsche	911	3.6 S	Cabriolet	Heckantrieb	Benzin	331	450	Aug 2004	Aug 2005	2024-03-01	20165
Lada	Samara	1.5	Schrägheck	Frontantrieb	Benzin	56	76	Apr 1996	Dec 2013	2024-03-01	20166
Porsche	911	3.8 Carrera 4S	Cabriolet	Allrad	Benzin	280	381	Aug 2005	Dec 2008	2024-03-01	20170
Peugeot	205 i	1.1	Cabriolet	Frontantrieb	Benzin	40	54	Aug 1987	Dec 1994	2024-03-01	20195
Peugeot	205 ii	1	Schrägheck	Frontantrieb	Benzin	37	50	Aug 1992	May 1997	2024-03-01	20204
Peugeot	205 ii	1.1 XA	Schrägheck	Frontantrieb	Benzin	40	54	Jul 1987	Oct 1988	2024-03-01	20205
Volvo	960	2.3 Turbo	Stufenheck	Heckantrieb	Benzin	121	165	Sep 1990	Aug 1993	2024-03-01	20209
Volvo	960	2.8 GL	Stufenheck	Heckantrieb	Benzin	108	147	Sep 1990	May 1992	2024-03-01	20210
Volvo	960	2.3 Turbo	Kombi	Heckantrieb	Benzin	121	165	Sep 1990	Aug 1993	2024-03-01	20214
Fiat	Ducato	2.8 TD 4X4	Kasten	Allrad	Diesel	90	122	May 1998	Sep 2001	2024-03-01	20229
Mazda	323 ii	1.6 GLX	Stufenheck	Frontantrieb	Benzin	54	73	Jun 1986	Mar 1987	2024-03-01	20232
Mazda	323 iii	1.6 GLX	Stufenheck	Frontantrieb	Benzin	54	73	Jun 1986	Mar 1987	2024-03-01	20235
Fiat	Fiorino	1.7 TD	Kasten/Großraumlimousine	Frontantrieb	Diesel	46	63	Nov 1996	May 2000	2024-03-01	20266
Peugeot	605	3	Stufenheck	Frontantrieb	Benzin	123	167	Aug 1989	Jun 1994	2024-03-01	20280
Peugeot	605	3	Stufenheck	Frontantrieb	Benzin	147	200	Aug 1989	Jun 1994	2024-03-01	20281
Renault	19 i chamade	1.4	Stufenheck	Frontantrieb	Benzin	55	75	Sep 1990	Apr 1992	2024-03-01	20302
Volvo	740	2	Stufenheck	Heckantrieb	Benzin	82	111	Sep 1990	Aug 1992	2024-03-01	20317
Volvo	740	2.0 Turbo	Stufenheck	Heckantrieb	Benzin	114	155	Sep 1990	Aug 1991	2024-03-01	20319
Citroën	C25	2.5 D	Bus	Frontantrieb	Diesel	55	75	Nov 1981	Jan 1994	2024-03-01	20326
Toyota	Camry	2.4	Stufenheck	Frontantrieb	Benzin	116	158	Jan 2006	Sep 2011	2024-03-01	20332
Honda	Civic viii	1.8	Stufenheck	Frontantrieb	Benzin	103	140	Sep 2005	Feb 2012	2024-03-01	20348
Nissan	Laurel	2.0 GL	Stufenheck	Heckantrieb	Benzin	75	102	Nov 1984	Dec 1985	2024-03-01	20358
Nissan	Laurel	2.0 GL	Stufenheck	Heckantrieb	Benzin	75	102	Nov 1984	Dec 1985	2024-03-01	20361
Nissan	Sunny	1.6 4X4	Stufenheck	Allrad	Benzin	66	90	Jul 1986	Oct 1988	2024-03-01	20366
Nissan	Primera	1.6 Visia	Kombi	Frontantrieb	Benzin	80	109	Jan 2002	Apr 2006	2024-03-01	20403
Honda	Crx ii	1.4 GL	Coupe	Frontantrieb	Benzin	66	90	Jan 1990	Dec 1991	2024-03-01	20415
Subaru	Impreza	2.0 AWD	Stufenheck	Allrad	Benzin	206	280	Sep 1996	Sep 2000	2025-06-01	20427
KIA	Sportage ii	2.0 Crdi	SUV	Frontantrieb	Diesel	83	113	Feb 2005	Dec 2006	2024-05-01	20433
Maserati	Biturbo	430	Stufenheck	Heckantrieb	Benzin	165	224	Oct 1991	Sep 1994	2024-03-01	20436
Honda	Civic vi hatchback	1.6	Schrägheck	Frontantrieb	Benzin	92	125	Nov 1998	Mar 2001	2024-03-01	20440
Proton	Persona 400	1.8	Schrägheck	Frontantrieb	Benzin	99	135	Aug 2000	Dec 2001	2024-03-01	20442
Proton	Persona 400	416	Stufenheck	Frontantrieb	Benzin	70	95	Aug 2000	Feb 2002	2024-03-01	20443
Mitsubishi	Eclipse iv	2.4 GS	Coupe	Frontantrieb	Benzin	120	163	Apr 2005	Dec 2011	2024-03-01	20447
Volvo	S40 i	1.8	Stufenheck	Frontantrieb	Benzin	85	116	Jun 2001	Aug 2003	2024-03-01	20459
Mercedes-benz	C-Klasse	C 220	Coupe	Heckantrieb	Benzin	120	163	May 2002	May 2008	2024-03-01	20460
Peugeot	Expert	1.9 D	Bus	Frontantrieb	Diesel	51	69	Dec 2003	Dec 2006	2024-03-01	20469
Peugeot	Expert	2.0 HDI	Bus	Frontantrieb	Diesel	69	94	Oct 2000	Oct 2006	2024-03-01	20470
Mitsubishi	L200	2.5 TD	Pick-up	Heckantrieb	Diesel	66	90	Aug 2001	Nov 2005	2024-03-01	20474
Fiat	Panda	0.9	Schrägheck	Frontantrieb	Benzin	48	65	Feb 2012	-	2024-03-01	20475
Fiat	Marea	1.6 SX	Stufenheck	Frontantrieb	Benzin	72	98	Sep 2000	Aug 2002	2024-03-01	20481
VW	Transporter t5	VR6 3.2 4motion	Kasten	Allrad	Benzin	173	235	Nov 2003	Nov 2009	2024-03-01	20485
VW	Transporter t4	2.8	Pritsche/Fahrgestell	Frontantrieb	Benzin	103	140	May 1996	May 2000	2024-03-01	20486
Lada	Samara	1.5	Stufenheck	Frontantrieb	Benzin	57	78	Jan 2000	Dec 2006	2024-03-01	20498
Porsche	911	3.8 Carrera S	Cabriolet	Heckantrieb	Benzin	280	381	Aug 2005	Dec 2008	2024-03-01	20506
Honda	Civic vi fastback	1.6	Schrägheck	Frontantrieb	Benzin	92	125	Nov 1998	Feb 2001	2024-03-01	20511
Ford USA	Mustang	4.6	Coupe	Heckantrieb	Benzin	160	218	Nov 1995	May 1999	2024-03-01	20516
Ford USA	Mustang	4.6	Coupe	Heckantrieb	Benzin	225	306	Nov 1995	May 1999	2024-03-01	20517
Ford USA	Mustang convertible	4.6	Cabriolet	Heckantrieb	Benzin	160	218	Nov 1995	May 1999	2024-03-01	20518
Ford USA	Mustang convertible	4.6	Cabriolet	Heckantrieb	Benzin	228	310	Nov 1995	May 1999	2024-03-01	20519
Ssangyong	Korando	2.3 Tdic 4X4	Geländewagen geschlossen	Allrad	Diesel	74	101	Jul 1998	Nov 2006	2024-03-01	20521
Hyundai	H-1 / starex	2.5 TCI	Bus	Heckantrieb	Diesel	73	99	Oct 1997	Dec 2007	2024-03-01	20542
Hyundai	H-1 / starex	2.5 TCI	Bus	Heckantrieb	Diesel	74	101	May 2004	Dec 2007	2024-03-01	20543
Hyundai	H-1 / starex	2.5 Crdi	Bus	Heckantrieb	Diesel	103	140	Dec 2002	Sep 2007	2024-03-01	20544
Opel	Antara a	2.4 4X4	SUV	Allrad	Benzin	103	140	Aug 2006	Dec 2011	2024-03-01	20545
Hyundai	H-1 / starex	2.5 Crdi 4WD	Bus	Allrad	Diesel	103	140	Dec 2002	Apr 2004	2024-03-01	20546
Chevrolet	Beretta	2.8 GT	Coupe	Frontantrieb	Benzin	93	126	Oct 1988	Sep 1989	2024-03-01	20547
Chevrolet	Beretta	3.1 LT	Coupe	Frontantrieb	Benzin	103	140	Oct 1992	Sep 1993	2024-03-01	20548
Chevrolet	Beretta	3.1 Z26	Coupe	Frontantrieb	Benzin	119	162	Oct 1993	Sep 1996	2024-03-01	20549
Chevrolet	Corsica	3.1	Stufenheck	Frontantrieb	Benzin	106	144	Oct 1989	Sep 1992	2024-03-01	20553
VW	Golf iv variant	1.9 TDI	Kombi	Frontantrieb	Diesel	110	150	Jun 2001	Jun 2006	2024-03-01	20556
Saab	9-5	2.0 T	Stufenheck	Frontantrieb	Benzin	136	185	Jul 2000	Dec 2009	2024-03-01	20565
Saab	9-5	2.0 Turbo SE	Stufenheck	Frontantrieb	Benzin	141	192	Oct 1998	Jul 2000	2024-03-01	20566
Saab	9-5	2.3 Turbo	Stufenheck	Frontantrieb	Benzin	224	305	Jun 2003	Aug 2005	2024-03-01	20567
Fiat	Palio	1.2	Schrägheck	Frontantrieb	Benzin	44	60	Jul 1997	Aug 2002	2024-03-01	20569
Fiat	Palio	1.3	Kombi	Frontantrieb	Benzin	59	80	Sep 2001	Oct 2004	2024-11-01	20576
Fiat	Palio	1.9 JTD	Kombi	Frontantrieb	Diesel	59	80	Sep 2001	-	2024-03-01	20581
Daewoo	Nubira	2.0 CDX	Schrägheck	Frontantrieb	Benzin	93	126	Aug 2002	Jul 2003	2024-03-01	20586
Chrysler	Voyager ii	3	Großraumlimousine	Frontantrieb	Benzin	104	141	Oct 1990	Sep 1995	2024-03-01	20618
Buick	Park avenue	3.8 Supercharged	Stufenheck	Frontantrieb	Benzin	179	243	Oct 1996	Dec 2005	2024-03-01	20620
Hyundai	Atos	1.1	Schrägheck	Frontantrieb	Benzin	43	58	Aug 2003	Dec 2008	2024-03-01	20623
Citroën	C25	1.9 D 1400	Kasten	Frontantrieb	Diesel	51	69	Jan 1988	Jan 1994	2024-03-01	20628
Citroën	C25	2	Pritsche/Fahrgestell	Frontantrieb	Benzin	57	78	Nov 1981	Dec 1986	2024-03-01	20631
Citroën	C25	2.5 DT	Pritsche/Fahrgestell	Frontantrieb	Diesel	70	95	Jan 1987	Jan 1994	2024-03-01	20633
Daihatsu	Sirion	1.3 4WD	Schrägheck	Allrad	Benzin	64	87	Apr 2005	-	2024-03-01	20634
Saab	9-3	2.3	Schrägheck	Frontantrieb	Benzin	169	230	Sep 1999	Jan 2002	2024-03-01	20635
Saab	9-3	2.0 Turbo Performance	Cabriolet	Frontantrieb	Benzin	185	252	Apr 2004	Feb 2015	2024-03-01	20636
Saab	9-3	2.3	Cabriolet	Frontantrieb	Benzin	169	230	Sep 1999	Jan 2002	2024-03-01	20637
Mercedes-benz	Clk	CLK 320 CDI	Cabriolet	Heckantrieb	Diesel	165	224	Mar 2005	Mar 2010	2024-03-01	20640
Nissan	Pathfinder iii	2.5 DCI	SUV	Heckantrieb	Diesel	128	174	Jan 2005	Jan 2010	2024-05-01	20643
Toyota	Rav 4 iii	2.4	SUV	Frontantrieb	Benzin	125	170	Nov 2005	Dec 2013	2024-03-01	20645
Saab	9-5	2.0 T Biopower	Kombi	Frontantrieb	Benzin/Ethanol	132	179	Sep 2005	Dec 2009	2024-03-01	20646
Saab	9-5	2.0 T	Kombi	Frontantrieb	Benzin	136	185	Jul 2000	Jul 2001	2024-03-01	20647
Lotus	Esprit s4	2.0 GT3	Coupe	Heckantrieb	Benzin	179	243	Sep 1996	Jun 2000	2024-03-01	20649
Mazda	323 s vi	2.0 Ditd	Stufenheck	Frontantrieb	Diesel	74	101	Oct 2000	Oct 2002	2024-03-01	20654
VW	Vento	2.0 GL	Stufenheck	Frontantrieb	Benzin	79	107	May 1996	Dec 1997	2024-03-01	20659
VW	Transporter t5	3.2 V6 4motion	Bus	Allrad	Benzin	173	235	Nov 2003	Dec 2009	2024-03-01	20661
Honda	Accord vi	1.6 LS	Stufenheck	Frontantrieb	Benzin	79	107	Oct 1998	Dec 2002	2024-03-01	20663
Nissan	Patrol gr v wagon	4.8	Geländewagen geschlossen	Allrad	Benzin	180	245	Mar 2000	-	2024-03-01	20673
BMW	3	330 I	Coupe	Heckantrieb	Benzin	190	258	Mar 2010	Jun 2013	2024-03-01	20683
Peugeot	Boxer	2	Pritsche/Fahrgestell	Frontantrieb	Benzin	81	110	Dec 2001	Apr 2002	2024-03-01	20693
Fiat	Ducato	2.5 TD	Pritsche/Fahrgestell	Frontantrieb	Diesel	80	109	Jun 1994	Aug 1998	2024-03-01	20694
Fiat	Ducato	2.5 TD 4X4	Pritsche/Fahrgestell	Allrad	Diesel	80	109	Nov 1994	Apr 1998	2024-03-01	20695
Fiat	Ducato	2.5 TD	Pritsche/Fahrgestell	Frontantrieb	Diesel	85	116	Jun 1994	Apr 1998	2024-03-01	20696
Fiat	Ducato	2.8 Idtd 4X4	Pritsche/Fahrgestell	Allrad	Diesel	90	122	May 1998	Sep 2001	2024-03-01	20698
Citroën	Xsara	1.6 Chrono	Großraumlimousine	Frontantrieb	Benzin	74	101	Apr 2001	Oct 2004	2024-03-01	20706
Toyota	Hilux vii	2.5 D-4d	Pick-up	Heckantrieb	Diesel	106	144	Jan 2010	May 2015	2024-03-01	20709
Jeep	Wrangler i	4.2 2WD	Geländewagen offen	Heckantrieb	Benzin	82	111	Oct 1986	Sep 1990	2024-03-01	20716
Jeep	Cherokee	2.4 Laredo	Geländewagen geschlossen	Heckantrieb	Benzin	108	147	Oct 2001	Sep 2004	2024-03-01	20717
Jeep	Cherokee	3.7 Laredo	Geländewagen geschlossen	Heckantrieb	Benzin	150	204	Oct 2001	Sep 2004	2024-03-01	20718
Jeep	Grand cherokee i	4.0 Laredo	Geländewagen geschlossen	Heckantrieb	Benzin	131	178	Oct 1996	Sep 1998	2024-03-01	20719
Jeep	Grand cherokee i	5.2 Limited 4X4	Geländewagen geschlossen	Allrad	Benzin	136	185	Oct 1996	Sep 1998	2024-03-01	20721
Jeep	Grand cherokee i	2.5 TD Laredo	Geländewagen geschlossen	Heckantrieb	Diesel	85	115	Oct 1996	Sep 1998	2024-03-01	20722
Suzuki	Sx4 s-Cross	1.6 Ddis	Schrägheck	Frontantrieb	Diesel	88	120	Aug 2013	Jun 2022	2025-06-01	20735
Opel	Insignia a	2.0 Cdti	Stufenheck	Frontantrieb	Diesel	103	140	Jun 2013	Mar 2017	2024-03-01	20737
Opel	Insignia a	2.0 Cdti	Schrägheck	Frontantrieb	Diesel	103	140	Jun 2013	Mar 2017	2024-03-01	20739
Opel	Mokka	1.4	SUV	Frontantrieb	Benzin	103	140	Apr 2013	Dec 2019	2025-06-01	20740
BMW	X5	Xdrive 50 I	SUV	Allrad	Benzin	330	449	Aug 2013	Jul 2018	2024-03-01	20743
Ford	Ranger	2.5 Tdci	Pick-up	Heckantrieb	Diesel	105	143	May 2006	Jul 2012	2024-03-01	20754
Ford	Ranger	3.0 Tdci	Pick-up	Heckantrieb	Diesel	115	156	May 2006	Jul 2012	2024-03-01	20756
Cadillac	Seville	4.6	Stufenheck	Frontantrieb	Benzin	220	299	Oct 2000	Sep 2004	2024-03-01	20761
Fiat	Siena	1.3	Stufenheck	Frontantrieb	Benzin	44	60	Sep 2001	Dec 2012	2024-03-01	20763
Chrysler	Pt cruiser	2	Kombi	Frontantrieb	Benzin	100	136	Oct 2004	Dec 2010	2024-03-01	20769
AC	Cobra iv	6.2	Cabriolet	Heckantrieb	Benzin	325	442	Apr 2009	Jun 2015	2024-03-01	20772
AC	Cobra iv	6.2	Cabriolet	Heckantrieb	Benzin	410	558	Apr 2009	Jun 2013	2024-03-01	20773
Hyundai	Trajet	2.0 Crdi	Großraumlimousine	Frontantrieb	Diesel	92	125	Aug 2005	Jul 2008	2024-03-01	20776
Daewoo	Rezzo	1.6 SX	Großraumlimousine	Frontantrieb	Benzin	66	90	Aug 2001	Dec 2004	2024-03-01	20778
Tata	Indica	1.4	Schrägheck	Frontantrieb	Benzin	62	84	Jul 2003	-	2024-03-01	20785
Tata	Indica	D 1.4	Schrägheck	Frontantrieb	Diesel	37	50	Jul 2003	Feb 2008	2024-03-01	20786
Tata	Indica	1.4 TD	Schrägheck	Frontantrieb	Diesel	52	71	Jul 2003	-	2024-03-01	20787
Tata	Safari	2.0 TDI	SUV	Heckantrieb	Diesel	64	87	Nov 2003	-	2024-03-01	20788
Land Rover	Range rover i	2.5 TDI 4X4	Geländewagen geschlossen	Allrad	Diesel	83	113	Nov 1992	Apr 1996	2024-03-01	20795
Land Rover	Range rover i	2.5 TD 4X4	Geländewagen geschlossen	Allrad	Diesel	89	121	Oct 1989	Nov 1992	2024-03-01	20796
Land Rover	110/127	2.5 D 4X4	Geländewagen geschlossen	Allrad	Diesel	51	69	Sep 1983	Jul 1990	2024-03-01	20799
Renault	Scénic i	1.6	Großraumlimousine	Frontantrieb	Benzin	75	102	Mar 2001	Aug 2003	2024-03-01	20800
Ford	Mondeo iii	2.0 DI	Stufenheck	Frontantrieb	Diesel	92	125	Oct 2000	Mar 2007	2024-03-01	20812
Renault	Laguna ii	2.2 DCI	Schrägheck	Frontantrieb	Diesel	85	116	Apr 2004	Oct 2005	2024-03-01	20813
Renault	Laguna ii grandtour	2.2 DCI	Kombi	Frontantrieb	Diesel	85	116	Apr 2004	Oct 2005	2024-03-01	20814
KIA	Rio i	1.3	Stufenheck	Frontantrieb	Benzin	60	82	Aug 2002	Feb 2005	2024-03-01	20821
Nissan	X-Trail i	2.5 4X4	SUV	Allrad	Benzin	132	179	Nov 2002	Jan 2013	2024-03-01	20824
Hyundai	Matrix	1.5 Crdi VGT	Großraumlimousine	Frontantrieb	Diesel	81	110	Aug 2005	Aug 2010	2024-03-01	20825
Aston Martin	Vanquish	6.0 S	Coupe	Heckantrieb	Benzin	388	528	Nov 2004	Aug 2007	2025-11-01	20827
VW	Polo	1.8 GTI CUP Edition	Schrägheck	Frontantrieb	Benzin	132	180	May 2006	Nov 2009	2024-03-01	20832
Hyundai	Sonata iv	2.0 16V	Stufenheck	Frontantrieb	Benzin	106	144	Oct 2001	Nov 2004	2024-03-01	20839
Toyota	Corolla	2.0 D-4d	Stufenheck	Frontantrieb	Diesel	85	116	Jun 2004	Jul 2007	2024-03-01	20843
Dodge	Caravan	3.8 AWD	Großraumlimousine	Allrad	Benzin	153	208	Apr 2001	Dec 2007	2024-03-01	20845
Seat	Ibiza iii	2	Schrägheck	Frontantrieb	Benzin	85	116	Apr 2002	Nov 2009	2024-03-01	20846
Peugeot	307	1.4	Kombi	Frontantrieb	Benzin	55	75	Apr 2002	Sep 2003	2024-03-01	20847
Fiat	Ducato	2.8 TD	Bus	Frontantrieb	Diesel	90	122	Nov 2003	Jul 2006	2024-03-01	20848
Fiat	Ducato	2.8 TD 4X4	Bus	Allrad	Diesel	90	122	Nov 2003	Jul 2006	2024-03-01	20849
Fiat	Ducato	2.8 TD	Kasten	Frontantrieb	Diesel	90	122	Dec 2001	Jul 2006	2024-03-01	20850
Hyundai	Getz	1.5 Crdi GLS	Schrägheck	Frontantrieb	Diesel	75	102	Jul 2004	Aug 2005	2024-03-01	20852
Hyundai	Getz	1.5 Crdi GLS	Schrägheck	Frontantrieb	Diesel	81	110	Aug 2005	Jun 2009	2024-03-01	20853
Fiat	Ducato	2.8 JTD	Pritsche/Fahrgestell	Frontantrieb	Diesel	90	122	Nov 2003	Jul 2006	2024-03-01	20854
Lotus	Exige	1.8 CUP 240	Coupe	Heckantrieb	Benzin	181	246	Apr 2006	Jun 2012	2024-03-01	20856
Saab	9-3	2.0 Turbo Performance	Stufenheck	Frontantrieb	Benzin	185	252	Apr 2004	Feb 2015	2024-03-01	20857
Bentley	Continental	6.7 Turbo R	Coupe	Heckantrieb	Benzin	235	320	Oct 1991	Dec 2002	2024-03-01	20861
Ford	Transit connect	1.8 Tdci	Kasten/Großraumlimousine	Frontantrieb	Diesel	81	110	Aug 2006	Dec 2013	2024-03-01	20862
Subaru	Forester	2.5 RX Nato AWD	SUV	Allrad	Benzin	115	156	Nov 2002	Dec 2008	2024-03-01	20863
Audi	A3	1.8 Tfsi	Schrägheck	Frontantrieb	Benzin	118	160	Nov 2006	Aug 2012	2024-03-01	20864
Abarth	500c / 595c 695c	1.4	Cabriolet	Frontantrieb	Benzin	118	160	May 2011	-	2024-03-01	20872
Ssangyong	Rexton	2.3 Rx230 4X4	SUV	Allrad	Benzin	110	150	May 2002	Aug 2006	2024-03-01	20873
VW	Transporter t5	2.5 TDI	Bus	Frontantrieb	Diesel	120	163	Nov 2003	Nov 2009	2024-03-01	20881
Subaru	Legacy iv station wagon	2.0 AWD	Kombi	Allrad	Benzin	121	165	Jun 2005	Apr 2009	2024-03-01	20884
Renault	Megane ii	2.0 DCI	Stufenheck	Frontantrieb	Diesel	110	150	Sep 2005	-	2024-03-01	20890
Volvo	S40 ii	D5	Stufenheck	Frontantrieb	Diesel	132	179	Mar 2006	Dec 2010	2024-03-01	20891
Bentley	Continental	4.0 Flex AWD	Cabriolet	Allrad	Benzin/Ethanol	373	507	Feb 2012	Jul 2018	2024-03-01	20892
Volvo	V50	D5	Kombi	Frontantrieb	Diesel	132	179	Mar 2006	Dec 2010	2024-03-01	20893
Peugeot	307	1.4	Kombi	Frontantrieb	Benzin	55	75	Apr 2002	Sep 2003	2024-03-01	20894
Porsche	911	3.8 Carrera S	Coupe	Heckantrieb	Benzin	280	381	Aug 2005	Dec 2008	2024-03-01	20896
Porsche	911	3.8 Carrera 4S	Coupe	Allrad	Benzin	280	381	Aug 2005	Dec 2008	2024-03-01	20897
Audi	A3	1.8 Tfsi	Schrägheck	Frontantrieb	Benzin	118	160	Nov 2006	Mar 2013	2024-03-01	20898
Audi	A4 b7	2.0 Tfsi	Stufenheck	Frontantrieb	Benzin	125	170	Oct 2006	Jun 2008	2024-03-01	20910
Audi	A4 b7 avant	2.0 Tfsi	Kombi	Frontantrieb	Benzin	125	170	Oct 2006	Jun 2008	2024-03-01	20911
VW	Golf plus v	2.0 TDI	Schrägheck	Frontantrieb	Diesel	96	131	May 2005	May 2007	2024-03-01	20912
Citroën	C5	3.0 Carlsson HP	Schrägheck	Frontantrieb	Benzin	173	235	Sep 2004	Jan 2008	2024-07-01	20913
Hyundai	Sonata v	2.0 Vvti GLS	Stufenheck	Frontantrieb	Benzin	106	144	May 2005	Dec 2010	2024-03-01	20915
Toyota	Dyna	2.5 D4D	Pritsche/Fahrgestell	Heckantrieb	Diesel	65	88	Jul 2001	-	2024-03-01	20919
Toyota	Dyna	2.5 D4D	Pritsche/Fahrgestell	Heckantrieb	Diesel	75	102	Aug 2001	-	2024-03-01	20920
KIA	Carnival / grand iii	2.9 Crdi LX	Großraumlimousine	Frontantrieb	Diesel	141	192	Sep 2006	Jun 2015	2024-05-01	20928
BMW	X5	M 50 D	SUV	Allrad	Diesel	280	381	Dec 2013	Jul 2018	2024-03-01	20930
Ssangyong	Chairman	3.2	Stufenheck	Heckantrieb	Benzin	162	220	Jul 1997	-	2024-03-01	20983
Peugeot	106 i	Electric	Schrägheck	Frontantrieb	Elektro	20	27	Aug 1991	Mar 1996	2024-03-01	21079
Citroën	Saxo	1.1 Bifuel	Schrägheck	Frontantrieb	Benzin/Autogas (LPG)	44	60	Jul 2000	Jun 2003	2024-03-01	21089
Mini	Mini	Cooper S	Cabriolet	Frontantrieb	Benzin	120	163	Jul 2004	Nov 2007	2024-03-01	21092
Toyota	Corolla	1.6	Stufenheck	Frontantrieb	Benzin	85	116	May 1987	Apr 1994	2024-03-01	21097
Mazda	3	1.5	Schrägheck	Frontantrieb	Benzin	74	100	Sep 2013	May 2019	2024-03-01	21137
Mercedes-benz	Glk-Klasse	250 4-matic	SUV	Allrad	Benzin	155	211	Aug 2013	Jun 2015	2024-03-01	21140
Mazda	3	2	Schrägheck	Frontantrieb	Benzin	88	120	Sep 2013	May 2019	2024-03-01	21146
Mazda	3	2.2 D	Schrägheck	Frontantrieb	Diesel	110	150	Sep 2013	May 2019	2024-03-01	21148
Mazda	3	2	Schrägheck	Frontantrieb	Benzin	121	165	Jul 2013	May 2019	2024-03-01	21150
Mazda	3	2	Stufenheck	Frontantrieb	Benzin	88	120	Sep 2013	May 2019	2024-03-01	21156
Mazda	3	2.2 D	Stufenheck	Frontantrieb	Diesel	110	150	Sep 2013	May 2019	2024-03-01	21157
Bentley	Continental	4	Coupe	Allrad	Benzin	373	507	Sep 2011	Jul 2018	2024-03-01	21253
Mitsubishi	Pajero iii canvas top	2.5 TDI	Geländewagen offen	Allrad	Diesel	73	99	Apr 2000	Dec 2006	2024-03-01	21314
Mitsubishi	Pajero iii canvas top	2.5 TDI	Geländewagen offen	Allrad	Diesel	85	115	Sep 2001	Dec 2006	2024-03-01	21315
Audi	A6 c6	3.0 Quattro	Stufenheck	Allrad	Benzin	160	218	May 2004	May 2006	2024-03-01	21318
Audi	A6 c6 avant	3.0 Quattro	Kombi	Allrad	Benzin	160	218	Mar 2005	May 2006	2024-03-01	21319
Audi	A6 allroad c6	3.0 TDI Quattro	Kombi	Allrad	Diesel	155	211	May 2006	Aug 2011	2024-03-01	21320
Audi	A6 allroad c6	2.7 TDI Quattro	Kombi	Allrad	Diesel	120	163	May 2006	Aug 2011	2024-03-01	21321
Audi	A4 b7	3.0 TDI Quattro	Cabriolet	Allrad	Diesel	150	204	Jan 2006	Mar 2009	2024-03-01	21322
Audi	A6 c6	3.2 FSI Quattro	Stufenheck	Allrad	Benzin	183	249	Sep 2006	Oct 2008	2024-03-01	21323
Mitsubishi	L 300 iii	2.5 TD	Bus	Heckantrieb	Diesel	64	87	Feb 1987	May 2003	2024-03-01	21329
Jaguar	Xj	4	Coupe	Heckantrieb	Benzin	175	238	Oct 1986	Dec 1989	2024-03-01	21330
Jaguar	Xjsc convertible	4	Cabriolet	Heckantrieb	Benzin	175	238	Oct 1987	Dec 1989	2024-03-01	21335
Mitsubishi	Lancer v	1.3	Stufenheck	Frontantrieb	Benzin	55	75	Jun 1992	Feb 1995	2024-03-01	21346
Audi	A6 c4	2	Stufenheck	Frontantrieb	Benzin	79	107	Jun 1994	Jul 1995	2024-03-01	21350
Alfa Romeo	Spider	2	Cabriolet	Heckantrieb	Benzin	81	110	Jan 1974	Dec 1984	2024-03-01	21354
Toyota	Supra	3	Coupe	Heckantrieb	Benzin	140	190	Jan 1986	May 1993	2024-03-01	21355
Peugeot	405 i break	1.4	Kombi	Frontantrieb	Benzin	47	64	May 1988	Jul 1992	2024-03-01	21360
BMW	6	635 CSI	Coupe	Heckantrieb	Benzin	160	218	May 1982	Aug 1988	2024-11-01	21375
Maserati	Biturbo	E	Coupe	Heckantrieb	Benzin	139	189	Jun 1982	Oct 1987	2024-03-01	21401
Mitsubishi	Lancer vii	EVO IX	Stufenheck	Allrad	Benzin	213	290	Aug 2005	Sep 2006	2024-03-01	21408
Fiat	Ducato	2.0 4X4	Bus	Allrad	Benzin	80	109	Nov 1994	Nov 2001	2024-03-01	21437
Ford USA	Mustang	3.8	Coupe	Heckantrieb	Benzin	108	147	Jan 1994	May 1999	2024-03-01	21442
Ford USA	Mustang	4.6	Coupe	Heckantrieb	Benzin	165	224	Nov 1995	May 1999	2024-03-01	21443
Ford USA	Mustang convertible	3.8	Cabriolet	Heckantrieb	Benzin	108	147	Sep 1993	May 1999	2024-03-01	21444
Peugeot	Partner	1.9 D	Großraumlimousine	Frontantrieb	Diesel	51	69	May 1996	Dec 1998	2024-03-01	21448
Chevrolet	Lumina apv	3.8	Großraumlimousine	Frontantrieb	Benzin	123	167	Oct 1991	Sep 1995	2024-03-01	21450
Buick	Skylark	2.3 Limited	Stufenheck	Frontantrieb	Benzin	86	117	Sep 1992	Sep 1993	2024-03-01	21452
Cadillac	Seville	4.5	Stufenheck	Frontantrieb	Benzin	115	156	Oct 1987	Sep 1989	2024-03-01	21453
Cadillac	Seville	4.9	Stufenheck	Frontantrieb	Benzin	149	203	Oct 1990	Dec 1991	2024-03-01	21454
Hyundai	H-1 / starex	2.4	Bus	Heckantrieb	Benzin	101	137	Feb 2003	Apr 2004	2024-03-01	21455
Chevrolet	Camaro	3.1	Coupe	Heckantrieb	Benzin	103	140	Oct 1989	Sep 1992	2024-03-01	21464
Chevrolet	Camaro	5	Coupe	Heckantrieb	Benzin	127	173	Oct 1987	Sep 1992	2024-03-01	21465
Chevrolet	Camaro	5.7	Coupe	Heckantrieb	Benzin	168	228	Oct 1984	Sep 1992	2024-03-01	21466
Chevrolet	Camaro	3.8	Coupe	Heckantrieb	Benzin	149	203	Oct 1995	Sep 1997	2024-03-01	21467
Chevrolet	Caprice	5	Stufenheck	Heckantrieb	Benzin	110	150	Oct 1986	Sep 1988	2024-03-01	21469
Chevrolet	Corvette	5.7	Cabriolet	Heckantrieb	Benzin	179	243	Oct 1985	Sep 1989	2024-03-01	21472
Fiat	Palio	1.2	Schrägheck	Frontantrieb	Benzin	50	68	Jun 1999	Oct 2000	2024-03-01	21473
Suzuki	Wagon r	1	Schrägheck	Frontantrieb	Benzin	44	60	Jun 2004	Aug 2005	2024-03-01	21480
Suzuki	Wagon r	1.2	Schrägheck	Frontantrieb	Benzin	59	80	Jun 2004	Aug 2005	2024-03-01	21481
Buick	Park avenue	3.8	Stufenheck	Frontantrieb	Benzin	150	204	Oct 1994	Oct 1996	2024-03-01	21494
Mazda	Mx-5 ii	1.8	Cabriolet	Heckantrieb	Benzin	103	140	Jan 1998	Jul 2002	2024-03-01	21499
Mazda	Mx-5 ii	1.8	Cabriolet	Heckantrieb	Benzin	107	146	Aug 2002	Oct 2005	2024-03-01	21500
Peugeot	206	1.1	Schrägheck	Frontantrieb	Benzin	40	54	Aug 1998	Jul 2000	2024-03-01	21501
Mazda	2	1.6	Schrägheck	Frontantrieb	Benzin	74	101	Feb 2003	Jun 2007	2024-03-01	21509
Jeep	Cherokee	2.5 SE	Geländewagen geschlossen	Heckantrieb	Benzin	87	118	Oct 1996	Sep 1999	2024-03-01	21520
Jeep	Cherokee	2.5	Geländewagen geschlossen	Heckantrieb	Benzin	89	121	Oct 1990	Sep 1996	2024-03-01	21521
Jeep	Cherokee	2.5	Geländewagen geschlossen	Heckantrieb	Benzin	90	122	Oct 1986	Sep 1990	2024-03-01	21522
Jeep	Cherokee	2.5 4X4	Geländewagen geschlossen	Allrad	Benzin	90	122	Oct 1986	Sep 1990	2024-03-01	21523
Jeep	Cherokee	4	Geländewagen geschlossen	Heckantrieb	Benzin	131	178	Oct 1986	Sep 1990	2024-03-01	21524
Jeep	Cherokee	4.0 4X4	Geländewagen geschlossen	Allrad	Benzin	131	178	Oct 1986	Sep 1990	2024-03-01	21525
Jeep	Cherokee	2.1 D 4X4	Geländewagen geschlossen	Allrad	Diesel	59	80	Oct 1986	Sep 1992	2024-03-01	21526
Lamborghini	Diablo	5.7	Coupe	Heckantrieb	Benzin	361	491	Mar 1990	Jan 1999	2024-03-01	21533
Mitsubishi	L400	2	Bus	Heckantrieb	Benzin	83	113	Sep 1995	Oct 2002	2024-03-01	21535
Mitsubishi	L400	2.4	Bus	Heckantrieb	Benzin	97	132	May 1995	Oct 2002	2024-03-01	21536
Chevrolet	Tahoe	5.3	SUV	Heckantrieb	Benzin	201	273	May 2000	Sep 2002	2024-03-01	21543
Chevrolet	Tahoe	5.3	SUV	Heckantrieb	Benzin	213	290	Sep 1999	Dec 2006	2024-03-01	21544
Chevrolet	Tahoe	5.3 AWD	SUV	Allrad	Benzin	213	290	Oct 2002	Dec 2006	2024-03-01	21545
Mazda	Tribute	2.3 GX	SUV	Frontantrieb	Benzin	110	150	Dec 2003	Oct 2004	2024-03-01	21546
Tata	Indica	1.4 L	Schrägheck	Frontantrieb	Benzin	44	60	Jun 1998	Sep 2002	2024-03-01	21548
Aston Martin	Zagato vantage	6.0 V12	Coupe	Heckantrieb	Benzin	380	517	May 2012	-	2024-03-01	21550
Nissan	X-Trail i	2.0 4X4	SUV	Allrad	Benzin	110	150	Sep 2001	Jan 2013	2024-03-01	21555
Nissan	X-Trail i	2.2 DCI	SUV	Frontantrieb	Diesel	84	114	Oct 2004	Jan 2013	2024-03-01	21557
Hyundai	Terracan	2.5 D	SUV	Heckantrieb	Diesel	74	101	Jun 2001	Oct 2003	2024-03-01	21559
Honda	Jazz ii	1.5 Vtec	Schrägheck	Frontantrieb	Benzin	81	110	Apr 2002	Jul 2008	2024-03-01	21561
Renault	Thalia i	1.6	Stufenheck	Frontantrieb	Benzin	66	90	Mar 1998	Oct 2008	2025-12-01	21562
Mercedes-benz	Clk	CLK 500	Coupe	Heckantrieb	Benzin	285	388	Jun 2006	May 2009	2024-03-01	21568
Porsche	Cayenne	3.2	SUV	Allrad	Benzin	177	241	Aug 2003	Sep 2007	2024-03-01	21569
Renault	Espace iv	1.9 DCI	Großraumlimousine	Frontantrieb	Diesel	85	116	Apr 2003	Feb 2005	2024-03-01	21576
Chrysler	300c	6.1 Srt8	Stufenheck	Heckantrieb	Benzin	317	431	Jun 2005	Nov 2012	2024-03-01	21586
Infiniti	Fx	35	SUV	Heckantrieb	Benzin	206	280	Feb 2003	Dec 2008	2024-03-01	21587
Audi	Q7	3.0 TDI Quattro	SUV	Allrad	Diesel	155	211	Mar 2006	May 2010	2024-03-01	21589
Jeep	Compass	2.4	SUV	Frontantrieb	Benzin	125	170	Aug 2006	-	2024-03-01	21591
Jeep	Compass	2.0 CRD	SUV	Frontantrieb	Diesel	103	140	Aug 2006	-	2024-03-01	21592
Peugeot	Boxer	3.0 HDI 155	Kasten	Frontantrieb	Diesel	115	156	Jul 2006	Dec 2015	2024-03-01	21593
Peugeot	Boxer	3.0 HDI 155	Pritsche/Fahrgestell	Frontantrieb	Diesel	115	156	Apr 2006	Dec 2015	2024-03-01	21594
Cadillac	Allante	4.5	Cabriolet	Frontantrieb	Benzin	150	204	Oct 1988	Sep 1992	2024-03-01	21641
Cadillac	Allante	4.6	Cabriolet	Frontantrieb	Benzin	220	299	Oct 1992	Sep 1993	2024-03-01	21642
Cadillac	Allante	4.5	Coupe	Frontantrieb	Benzin	150	204	Jan 1991	Sep 1992	2024-03-01	21643
Cadillac	Allante	4.6	Coupe	Frontantrieb	Benzin	220	299	Oct 1992	Sep 1993	2024-03-01	21644
BMW	X5	Xdrive 30 D	SUV	Allrad	Diesel	190	258	Aug 2013	Jul 2018	2024-03-01	21691
Ford	Mondeo i	2.0 I 16V 4X4	Stufenheck	Allrad	Benzin	100	136	Feb 1993	Aug 1996	2024-03-01	21709
Chevrolet	Astro	4.3	Kasten	Heckantrieb	Benzin	103	140	Oct 1984	Sep 1985	2024-03-01	21714
Chevrolet	Astro	4.3	Bus	Heckantrieb	Benzin	112	152	Apr 1992	Sep 1994	2024-03-01	21717
Chevrolet	Astro	4.3 AWD	Bus	Allrad	Benzin	112	152	Apr 1992	Sep 1994	2024-03-01	21718
Chevrolet	Astro	4.3 Luxury	Bus	Heckantrieb	Benzin	119	162	Oct 1986	Sep 1994	2024-03-01	21719
Chevrolet	Astro	4.3 Luxury AWD	Bus	Allrad	Benzin	119	162	Oct 1989	Sep 1994	2024-03-01	21720
Chevrolet	Astro	4.3 AWD	Kasten	Allrad	Benzin	107	146	Oct 1989	Sep 1994	2024-03-01	21721
Chevrolet	Astro	4.3	Kasten	Heckantrieb	Benzin	119	162	Oct 1984	Sep 1994	2024-03-01	21722
Chevrolet	Astro	4.3 AWD	Kasten	Allrad	Benzin	119	162	Oct 1989	Sep 1994	2024-03-01	21723
Chevrolet	Astro	4.3	Kasten	Heckantrieb	Benzin	127	173	Oct 1994	Sep 1995	2024-03-01	21726
Chevrolet	Astro	4.3	Kasten	Heckantrieb	Benzin	142	193	Oct 1994	May 2005	2024-03-01	21727
Chevrolet	Astro	4.3 AWD	Kasten	Allrad	Benzin	142	193	Oct 1994	May 2005	2024-03-01	21728
Jeep	Wrangler iii	3.8 RWD	Geländewagen offen	Heckantrieb	Benzin	146	199	Oct 2007	Sep 2010	2024-03-01	21750
Honda	Beat	0.7	Cabriolet	Heckantrieb	Benzin	47	64	May 1991	Sep 1996	2024-03-01	21757
Daihatsu	Terios	1.5 Vvt-i RWD	Geländewagen geschlossen	Heckantrieb	Benzin	77	105	Nov 2005	-	2024-03-01	21760
Chevrolet	C1500	4.3	Pick-up	Heckantrieb	Benzin	119	162	Oct 1991	Sep 1996	2024-03-01	21786
Chevrolet	C1500	4.3	Pick-up	Heckantrieb	Benzin	149	203	Oct 1996	Sep 1999	2024-03-01	21788
Chevrolet	C1500	6.5 Tdic	Pick-up	Heckantrieb	Diesel	135	184	Oct 1996	Dec 2000	2024-03-01	21789
Chevrolet	C2500	6.5 Tdic	Pick-up	Heckantrieb	Diesel	135	184	Oct 1996	Dec 2001	2024-03-01	21796
Seat	Leon	1.4 TSI	Kombi	Frontantrieb	Benzin	103	140	Oct 2013	Aug 2020	2024-03-01	21803
Seat	Leon	2.0 TDI	Kombi	Frontantrieb	Diesel	110	150	Oct 2013	Aug 2020	2024-03-01	21804
Seat	Leon	2.0 TDI	Kombi	Frontantrieb	Diesel	105	143	Oct 2013	Aug 2018	2024-03-01	21805
Chevrolet	Caprice	5	Kombi	Heckantrieb	Benzin	112	152	Sep 1980	Dec 1984	2024-03-01	21821
Chevrolet	Caprice	5	Kombi	Heckantrieb	Benzin	114	155	Oct 1982	Sep 1986	2024-03-01	21822
Chevrolet	Caprice	5	Kombi	Heckantrieb	Benzin	100	136	Oct 1987	Sep 1990	2024-03-01	21823
Chevrolet	Caprice	5	Kombi	Heckantrieb	Benzin	104	141	Oct 1986	Sep 1989	2024-03-01	21824
Chevrolet	Caprice	4.3	Stufenheck	Heckantrieb	Benzin	149	203	Oct 1991	Sep 1996	2024-03-01	21825
Chevrolet	Caprice	5	Stufenheck	Heckantrieb	Benzin	127	173	Oct 1990	Sep 1993	2024-03-01	21826
Chevrolet	Caprice	5	Stufenheck	Heckantrieb	Benzin	170	231	Oct 1990	Sep 1993	2024-03-01	21827
Chevrolet	Caprice	5.7	Stufenheck	Heckantrieb	Benzin	138	188	Oct 1990	Sep 1992	2024-03-01	21828
Chevrolet	Caprice	5.7 LS	Stufenheck	Heckantrieb	Benzin	183	249	Oct 1993	Sep 1996	2024-03-01	21829
Chevrolet	Caprice	5	Kombi	Heckantrieb	Benzin	127	173	Oct 1990	Sep 1991	2024-03-01	21830
Chevrolet	Caprice	5.7	Kombi	Heckantrieb	Benzin	138	188	Oct 1991	Sep 1993	2024-03-01	21831
Chevrolet	Caprice	5.7	Kombi	Heckantrieb	Benzin	194	264	Oct 1993	Sep 1996	2024-03-01	21832
Chevrolet	Caprice	5.7	Kombi	Heckantrieb	Benzin	207	282	Oct 1993	Sep 1996	2024-03-01	21833
Chevrolet	Cavalier	2.2	Stufenheck	Frontantrieb	Benzin	71	97	Oct 1989	Sep 1991	2024-03-01	21834
Chevrolet	Cavalier	3.1	Coupe	Frontantrieb	Benzin	103	140	Oct 1989	Sep 1994	2024-03-01	21836
Chevrolet	Cavalier convertible	3.1	Cabriolet	Frontantrieb	Benzin	103	140	Oct 1989	Sep 1991	2024-03-01	21837
Chevrolet	Cavalier	2.2 RS	Stufenheck	Frontantrieb	Benzin	90	122	Oct 1991	Sep 1996	2024-03-01	21838
Buick	Century	2.8 Limited	Stufenheck	Frontantrieb	Benzin	82	112	Oct 1981	Aug 1986	2024-03-01	21845
Buick	Century	2.8 Custom	Kombi	Frontantrieb	Benzin	82	112	Sep 1983	Sep 1986	2024-03-01	21847
Buick	Century	3.3	Stufenheck	Frontantrieb	Benzin	119	162	Oct 1986	Dec 1990	2024-03-01	21850
Buick	Century	3.8 Custom	Stufenheck	Frontantrieb	Benzin	112	152	Sep 1985	Dec 1988	2024-03-01	21852
Buick	Century	3.3	Kombi	Frontantrieb	Benzin	119	162	Oct 1986	Sep 1991	2024-03-01	21854
Buick	Century	2.2 Special	Kombi	Frontantrieb	Benzin	87	118	Oct 1991	Dec 1996	2024-03-01	21858
Chrysler	Cirrus	2.0 LX	Stufenheck	Frontantrieb	Benzin	96	131	May 1994	Sep 1997	2024-03-01	21861
Chrysler	Cirrus	2.0 LX	Stufenheck	Frontantrieb	Benzin	98	133	Oct 1997	Sep 2000	2024-03-01	21862
Chrysler	Cirrus	2.5 LX	Stufenheck	Frontantrieb	Benzin	120	163	Oct 1994	Sep 2000	2024-03-01	21864
Honda	City	1.5	Stufenheck	Frontantrieb	Benzin	77	105	Feb 1997	Nov 1999	2024-03-01	21867
Honda	City	1.5	Stufenheck	Frontantrieb	Benzin	77	105	Dec 1999	Sep 2003	2024-03-01	21869
Honda	City	1.3	Stufenheck	Frontantrieb	Benzin	60	82	Oct 2005	Jul 2008	2024-03-01	21873
Lada	110	1.5	Stufenheck	Frontantrieb	Benzin	52	71	Jun 1996	Sep 2004	2024-03-01	21896
Seat	Leon	1.8 TSI	Kombi	Frontantrieb	Benzin	132	180	Oct 2013	Aug 2018	2024-03-01	21897
Chrysler	Concorde	3.3 LX	Stufenheck	Frontantrieb	Benzin	120	163	Oct 1992	Sep 1997	2024-03-01	21917
Chrysler	Concorde	2.7 LX	Stufenheck	Frontantrieb	Benzin	149	203	Oct 1997	Sep 2003	2024-03-01	21919
Chrysler	Concorde	3.5 LX	Stufenheck	Frontantrieb	Benzin	174	237	Oct 1997	Sep 2003	2024-03-01	21920
Chrysler	Concorde	3.5 LX Supercharged	Stufenheck	Frontantrieb	Benzin	186	253	Oct 1997	Sep 2003	2024-03-01	21921
Bentley	Continental	6.75	Cabriolet	Heckantrieb	Benzin	166	226	Oct 1989	Sep 1992	2024-03-01	21925
Chevrolet	Corsa	1	Stufenheck	Frontantrieb	Benzin	50	68	Aug 1997	Jul 2002	2024-03-01	21927
Chevrolet	Corsa	1.7 D	Stufenheck	Frontantrieb	Diesel	44	60	Aug 2000	Jul 2002	2024-03-01	21931
Cadillac	Deville	4.6 Concours	Stufenheck	Frontantrieb	Benzin	205	279	Oct 1993	Sep 1999	2024-03-01	21969
Cadillac	Deville	4.6	Stufenheck	Frontantrieb	Benzin	224	305	Oct 1993	Sep 1999	2024-03-01	21970
Cadillac	Deville	4.9	Stufenheck	Frontantrieb	Benzin	149	203	Oct 1993	Sep 1995	2024-03-01	21971
Cadillac	Deville	4.6	Stufenheck	Frontantrieb	Benzin	205	279	Oct 1999	Dec 2005	2024-03-01	21972
Cadillac	Deville	4.6	Stufenheck	Frontantrieb	Benzin	224	305	Oct 1999	Sep 2004	2024-03-01	21973
AMC	Eagle	4.2 4WD	Stufenheck	Allrad	Benzin	90	122	Oct 1979	Aug 1985	2024-03-01	21981
Buick	Electra	4.1	Stufenheck	Heckantrieb	Benzin	92	125	Oct 1981	Sep 1984	2024-03-01	21988
Lexus	Gs	250	Stufenheck	Heckantrieb	Benzin	154	209	Jan 2012	-	2024-03-01	21990
Buick	Electra	3.8	Stufenheck	Frontantrieb	Benzin	121	165	Oct 1986	Sep 1990	2024-03-01	21993
Buick	Electra	3	Stufenheck	Frontantrieb	Benzin	81	110	Oct 1984	Sep 1985	2024-03-01	21995
Buick	Electra	3.8	Stufenheck	Frontantrieb	Benzin	103	140	Oct 1984	Sep 1986	2024-03-01	21996
Buick	Electra	3.8	Stufenheck	Frontantrieb	Benzin	112	152	Oct 1986	Sep 1989	2024-03-01	21997
Buick	Electra	3.8	Stufenheck	Frontantrieb	Benzin	123	167	Oct 1984	Sep 1990	2024-03-01	21998
Buick	Electra	3.8	Stufenheck	Frontantrieb	Benzin	127	173	Oct 1990	Sep 1991	2024-03-01	21999
Honda	Element	2.4 Vtec 4X4	SUV	Allrad	Benzin	118	160	Jul 2002	Dec 2011	2024-03-01	22005
Chevrolet	Express	4.3	Kasten	Heckantrieb	Benzin	142	193	Oct 1995	Sep 1998	2024-03-01	22010
Cadillac	Fleetwood	4.9	Stufenheck	Frontantrieb	Benzin	149	203	Oct 1990	Sep 1993	2024-03-01	22013
Cadillac	Fleetwood	5.7 Brougham	Stufenheck	Heckantrieb	Benzin	130	177	Oct 1989	Sep 1993	2024-03-01	22014
Cadillac	Fleetwood	5.7 D	Stufenheck	Heckantrieb	Diesel	77	105	Oct 1979	Sep 1985	2026-06-01	22017
Cadillac	Fleetwood	5.7	Stufenheck	Heckantrieb	Benzin	138	188	Sep 1992	Sep 1994	2024-03-01	22019
Cadillac	Fleetwood	5.7	Stufenheck	Heckantrieb	Benzin	194	264	Oct 1994	Sep 1997	2024-03-01	22020
Jeep	Wrangler iii	3.8	Geländewagen offen	Allrad	Benzin	153	208	Apr 2007	Dec 2011	2024-03-01	22024
Jeep	Wrangler iii	3.8 RWD	Geländewagen offen	Heckantrieb	Benzin	153	208	Apr 2007	Dec 2010	2024-03-01	22026
Maserati	Gransport	4.2	Coupe	Heckantrieb	Benzin	295	400	Jun 2004	Nov 2007	2024-03-01	22051
Maserati	Gransport	4.2	Cabriolet	Heckantrieb	Benzin	295	400	Oct 2004	-	2024-03-01	22052
Hyundai	H-1	2.5 D	Pritsche/Fahrgestell	Heckantrieb	Diesel	73	99	Jun 2000	Oct 2006	2024-03-01	22054
Daihatsu	Hijet	1.3	Pritsche/Fahrgestell	Heckantrieb	Benzin	48	65	Jun 1998	-	2024-03-01	22061
GMC	S15 jimmy	4.3	SUV	Heckantrieb	Benzin	110	150	Jan 1989	Dec 1994	2024-03-01	22094
GMC	S15 jimmy	4.3 AWD	SUV	Allrad	Benzin	110	150	Jan 1989	Dec 1994	2024-03-01	22095
Buick	Lesabre	3.8	Stufenheck	Frontantrieb	Benzin	112	152	Oct 1986	Sep 1987	2024-03-01	22127
Buick	Lesabre	3.8	Stufenheck	Frontantrieb	Benzin	127	173	Oct 1991	Sep 1995	2024-03-01	22129
Chevrolet	Lumina	3.4 Z34	Stufenheck	Frontantrieb	Benzin	149	203	Oct 1989	Sep 1994	2024-03-01	22145
Chevrolet	Lumina	3.1	Stufenheck	Frontantrieb	Benzin	110	150	Oct 1994	Sep 1997	2024-03-01	22147
Bentley	Mulsanne	6.75 S	Stufenheck	Heckantrieb	Benzin	160	218	Oct 1989	Sep 1992	2024-07-01	22173
Buick	Regal	2.8	Stufenheck	Frontantrieb	Benzin	97	132	Oct 1987	Sep 1989	2024-03-01	22218
Buick	Regal	3.1	Stufenheck	Frontantrieb	Benzin	104	141	Oct 1988	Sep 1991	2024-03-01	22219
Buick	Regal	3.8	Stufenheck	Frontantrieb	Benzin	127	173	Oct 1989	Sep 1991	2024-03-01	22220
Buick	Regal	3.1	Stufenheck	Frontantrieb	Benzin	101	137	Oct 1991	Sep 1993	2024-03-01	22221
Buick	Regal	3.1	Stufenheck	Frontantrieb	Benzin	119	162	Oct 1993	Sep 1997	2024-03-01	22222
Buick	Regal	3.8	Stufenheck	Frontantrieb	Benzin	112	152	Oct 1991	Sep 1994	2024-03-01	22223
Buick	Regal	3.8	Stufenheck	Frontantrieb	Benzin	127	173	Oct 1991	Sep 1994	2024-03-01	22224
Buick	Regal	3.8	Stufenheck	Frontantrieb	Benzin	150	204	Oct 1991	Sep 1997	2024-03-01	22225
Buick	Roadmaster	5	Kombi	Heckantrieb	Benzin	127	173	Oct 1990	Sep 1992	2024-03-01	22234
Chevrolet	S10 pick up	4.3 AWD	Pick-up	Allrad	Benzin	119	162	Oct 1987	Sep 1991	2024-03-01	22243
Chevrolet	S10	2.2	Pick-up	Heckantrieb	Benzin	90	122	Oct 1994	Sep 1998	2024-03-01	22245
Chevrolet	S10	2.2 4X4	Pick-up	Allrad	Benzin	90	122	Oct 1994	Sep 1998	2024-03-01	22246
Chevrolet	S10	4.3 4X4	Pick-up	Allrad	Benzin	119	162	Oct 1994	Sep 1995	2024-03-01	22247
Mitsubishi	Eclipse i	2.0 Turbo	Coupe	Frontantrieb	Benzin	147	200	Dec 1989	Mar 1994	2024-03-01	22257
Renault	Laguna ii grandtour	1.6 Bifuel	Kombi	Frontantrieb	Benzin/Autogas (LPG)	79	107	Jun 2005	Dec 2007	2024-03-01	22259
Chrysler	Sebring	2.5 LE	Coupe	Frontantrieb	Benzin	120	163	May 1995	Dec 1996	2024-03-01	22285
Chevrolet	Spark	0.8	Schrägheck	Frontantrieb	Benzin	38	52	Sep 2000	Dec 2006	2024-03-01	22303
Chevrolet	Spark	0.8	Schrägheck	Frontantrieb	Benzin	37	50	May 2005	Feb 2010	2024-03-01	22305
Chevrolet	Spark	1.0 SX	Schrägheck	Frontantrieb	Benzin	46	63	May 2005	-	2024-03-01	22306
Maserati	Spyder	2.0 BI Turbo	Cabriolet	Heckantrieb	Benzin	177	241	Jun 1989	Sep 1996	2024-03-01	22307
Maserati	Spyder	2.8	Cabriolet	Heckantrieb	Benzin	165	224	Oct 1991	Sep 1995	2024-03-01	22309
Mercedes-benz	B-Klasse sports tourer	B 220 4-matic	Schrägheck	Allrad	Benzin	135	184	May 2013	Dec 2018	2024-03-01	22311
Ssangyong	Stavic	2.7 270 Sxdi	Großraumlimousine	Heckantrieb	Diesel	121	165	Feb 2005	Dec 2012	2026-06-01	22312
Ssangyong	Stavic	2.7 270 Sxdi 4X4	Großraumlimousine	Allrad	Diesel	121	165	Feb 2005	Dec 2012	2026-06-01	22313
Suzuki	Grand vitara ii	2	Geländewagen geschlossen	Heckantrieb	Benzin	103	140	Oct 2005	Feb 2015	2024-03-01	22327
Chevrolet	Tahoe	5.7 AWD	SUV	Allrad	Benzin	147	200	Oct 1994	Sep 1995	2024-03-01	22345
Chevrolet	Tahoe	6.5 Tdic	SUV	Heckantrieb	Diesel	135	184	Oct 1994	Sep 1996	2024-03-01	22346
Chevrolet	Tahoe	6.5 Tdic AWD	SUV	Allrad	Diesel	135	184	Oct 1994	Sep 1996	2024-03-01	22347
Bentley	Turbo r	6.7	Stufenheck	Heckantrieb	Benzin	235	320	Oct 1985	Jun 1997	2024-03-01	22381
Chevrolet	Zafira	2	Großraumlimousine	Frontantrieb	Benzin	100	136	Apr 2001	Jul 2012	2024-03-01	22433
Peugeot	106 i	1.4	Schrägheck	Frontantrieb	Benzin	51	69	Aug 1991	Mar 1996	2024-03-01	22443
Suzuki	Grand vitara ii	1.6	Geländewagen geschlossen	Heckantrieb	Benzin	78	106	Oct 2005	-	2024-03-01	22449
Suzuki	Grand vitara i	1.6 4X4	Geländewagen geschlossen	Allrad	Benzin	71	97	Sep 2003	Sep 2005	2024-03-01	22453
Mercedes-benz	C-Klasse	C 200 CDI	Stufenheck	Heckantrieb	Diesel	100	136	Jan 2007	Dec 2009	2024-03-01	22457
Mercedes-benz	C-Klasse	C 220 CDI	Stufenheck	Heckantrieb	Diesel	125	170	Jan 2007	Nov 2008	2024-03-01	22458
Mercedes-benz	C-Klasse	C 320 CDI	Stufenheck	Heckantrieb	Diesel	165	224	Jan 2007	Jan 2014	2024-03-01	22459
Mercedes-benz	C-Klasse	C 180 Kompressor	Stufenheck	Heckantrieb	Benzin	115	156	Jan 2007	Jan 2009	2025-06-01	22460
Mercedes-benz	C-Klasse	C 200 Kompressor	Stufenheck	Heckantrieb	Benzin	135	184	Jan 2007	Jan 2014	2024-03-01	22461
Mercedes-benz	C-Klasse	C 230	Stufenheck	Heckantrieb	Benzin	150	204	Jan 2007	Jan 2014	2024-03-01	22462
Daihatsu	Materia	1.3	Großraumlimousine	Frontantrieb	Benzin	67	91	Oct 2006	-	2024-03-01	22463
Daihatsu	Materia	1.5	Großraumlimousine	Frontantrieb	Benzin	76	103	Oct 2006	-	2024-03-01	22464
Toyota	Auris	2.2 D	Schrägheck	Frontantrieb	Diesel	130	177	Nov 2006	Sep 2012	2024-03-01	22465
Toyota	Auris	2.0 D-4d	Schrägheck	Frontantrieb	Diesel	93	126	Oct 2006	Sep 2012	2024-03-01	22466
Toyota	Auris	1.4 D-4d	Schrägheck	Frontantrieb	Diesel	66	90	Mar 2007	Sep 2012	2024-03-01	22467
Daihatsu	Materia	1.5 ECO 4WD	Großraumlimousine	Allrad	Benzin	76	103	Oct 2006	-	2024-03-01	22468
Toyota	Auris	1.6	Schrägheck	Frontantrieb	Benzin	91	124	Mar 2007	Sep 2012	2024-03-01	22469
Toyota	Auris	1.4	Schrägheck	Frontantrieb	Benzin	71	97	Mar 2007	Sep 2012	2024-03-01	22470
Daihatsu	Trevis	1	Schrägheck	Frontantrieb	Benzin	43	58	Jun 2006	-	2024-03-01	22471
Smart	Fortwo	1.0 Turbo	Coupe	Heckantrieb	Benzin	62	84	Jan 2007	-	2024-03-01	22472
Smart	Fortwo	1	Coupe	Heckantrieb	Benzin	45	61	Jan 2007	-	2024-03-01	22473
Smart	Fortwo	1	Coupe	Heckantrieb	Benzin	52	71	Jan 2007	-	2024-03-01	22474
Toyota	Yaris	1.8 Vvti	Schrägheck	Frontantrieb	Benzin	98	133	Jan 2007	Dec 2011	2024-03-01	22475
Smart	Fortwo	0.8 CDI	Coupe	Heckantrieb	Diesel	33	45	Jan 2007	-	2024-03-01	22476
Smart	Fortwo cabrio	1	Cabriolet	Heckantrieb	Benzin	52	71	Jan 2007	-	2024-03-01	22477
Smart	Fortwo cabrio	1.0 Turbo	Cabriolet	Heckantrieb	Benzin	62	84	Jan 2007	-	2024-03-01	22478
Smart	Fortwo cabrio	0.8 CDI	Cabriolet	Heckantrieb	Diesel	33	45	Jan 2007	-	2024-03-01	22479
Citroën	C-Crosser	2.2 HDI	SUV	Allrad	Diesel	115	156	Feb 2007	Dec 2012	2024-03-01	22480
Citroën	C4 grand picasso i	1.8 I 16V	Großraumlimousine	Frontantrieb	Benzin	92	125	Oct 2006	Dec 2010	2024-03-01	22481
Citroën	C4 grand picasso i	2.0 I 16V	Großraumlimousine	Frontantrieb	Benzin	103	140	Oct 2006	Aug 2013	2024-03-01	22482
Citroën	C4 grand picasso i	1.6 HDI	Großraumlimousine	Frontantrieb	Diesel	80	109	Oct 2006	Jun 2011	2024-03-01	22483
Citroën	C4 grand picasso i	2.0 HDI 138	Großraumlimousine	Frontantrieb	Diesel	100	136	Oct 2006	Dec 2013	2024-03-01	22484
Mini	Mini	ONE	Schrägheck	Frontantrieb	Benzin	70	95	Nov 2006	Mar 2010	2024-03-01	22485
Mini	Mini	Cooper D	Schrägheck	Frontantrieb	Diesel	80	109	Nov 2006	Sep 2010	2024-03-01	22486
Peugeot	4007	2.2 HDI	SUV	Allrad	Diesel	115	156	Feb 2007	Mar 2013	2024-03-01	22487
Renault	Espace iv	2.0 DCI	Großraumlimousine	Frontantrieb	Diesel	96	131	Jan 2006	Dec 2015	2025-12-01	22488
Renault	Trafic ii	2.0 16V	Bus	Frontantrieb	Benzin	86	117	Aug 2006	-	2024-03-01	22489
Renault	Trafic ii	2.0 16V	Kasten	Frontantrieb	Benzin	86	117	Aug 2006	-	2024-03-01	22490
Mitsubishi	Outlander ii	2.0 Di-d	SUV	Allrad	Diesel	103	140	Feb 2007	Nov 2012	2024-03-01	22491
Mitsubishi	Outlander ii	2.4 4WD	SUV	Allrad	Benzin	125	170	Sep 2007	Nov 2012	2024-03-01	22492
KIA	Cee'd	1.4	Kombi	Frontantrieb	Benzin	80	109	Sep 2007	Dec 2012	2024-03-01	22493
KIA	Cee'd	1.6	Kombi	Frontantrieb	Benzin	90	122	Sep 2007	Dec 2012	2024-03-01	22494
KIA	Cee'd	2	Kombi	Frontantrieb	Benzin	105	143	Sep 2007	Dec 2012	2024-03-01	22495
KIA	Cee'd	1.6 Crdi 90	Kombi	Frontantrieb	Diesel	66	90	Sep 2007	Dec 2012	2024-03-01	22496
KIA	Cee'd	1.6 Crdi 115	Kombi	Frontantrieb	Diesel	85	115	Sep 2007	Dec 2012	2024-03-01	22497
Isuzu	D-Max i	2.5 Ditd 4X4	Pick-up	Allrad	Diesel	100	136	Jan 2007	Jun 2012	2024-03-01	22498
Isuzu	D-Max i	3.0 Ditd 4X4	Pick-up	Allrad	Diesel	120	163	Jan 2007	Jun 2012	2024-03-01	22499
Seat	Altea	1.6	Großraumlimousine	Frontantrieb	Benzin	75	102	Oct 2006	Nov 2010	2024-05-01	22500
Seat	Altea	2.0 FSI	Großraumlimousine	Frontantrieb	Benzin	110	150	Oct 2006	Mar 2009	2024-03-01	22501
Seat	Altea	1.9 TDI	Großraumlimousine	Frontantrieb	Diesel	77	105	Oct 2006	Dec 2010	2024-03-01	22502
Seat	Altea	2.0 TDI 16V	Großraumlimousine	Frontantrieb	Diesel	103	140	Oct 2006	Jul 2015	2024-05-01	22503
Seat	Altea	2.0 TDI	Großraumlimousine	Frontantrieb	Diesel	103	140	Oct 2006	Nov 2010	2024-05-01	22504
Seat	Altea	2.0 TDI	Großraumlimousine	Frontantrieb	Diesel	103	140	Nov 2005	Nov 2010	2024-05-01	22505
Ford	Mondeo iv	1.6 TI	Schrägheck	Frontantrieb	Benzin	81	110	Mar 2007	Jan 2015	2024-03-01	22506
Ford	Mondeo iv	1.6 TI	Schrägheck	Frontantrieb	Benzin	92	125	Mar 2007	Jan 2015	2024-03-01	22507
Ford	Mondeo iv	2	Schrägheck	Frontantrieb	Benzin	107	145	Mar 2007	Jan 2015	2024-03-01	22508
Ford	Mondeo iv	2.5	Schrägheck	Frontantrieb	Benzin	162	220	Mar 2007	Jan 2015	2024-03-01	22509
Ford	Mondeo iv	1.8 Tdci	Schrägheck	Frontantrieb	Diesel	74	100	Mar 2007	Jan 2015	2024-03-01	22510
Ford	Mondeo iv	2.0 Tdci	Schrägheck	Frontantrieb	Diesel	96	130	Mar 2007	Jan 2015	2024-03-01	22511
Ford	Mondeo iv	2.0 Tdci	Schrägheck	Frontantrieb	Diesel	103	140	Mar 2007	Jan 2015	2024-03-01	22512
Ford	Mondeo iv turnier	1.6 TI	Kombi	Frontantrieb	Benzin	81	110	Mar 2007	Dec 2012	2024-03-01	22513
Ford	Mondeo iv turnier	1.6 TI	Kombi	Frontantrieb	Benzin	92	125	Mar 2007	Dec 2010	2024-03-01	22514
Ford	Mondeo iv turnier	2	Kombi	Frontantrieb	Benzin	107	145	Mar 2007	Jan 2015	2024-03-01	22515
Ford	Mondeo iv turnier	2.5	Kombi	Frontantrieb	Benzin	162	220	Mar 2007	Dec 2012	2024-03-01	22516
Ford	Mondeo iv turnier	1.8 Tdci	Kombi	Frontantrieb	Diesel	74	100	Mar 2007	Dec 2012	2024-03-01	22517
Ford	Mondeo iv turnier	2.0 Tdci	Kombi	Frontantrieb	Diesel	96	130	Mar 2007	Dec 2012	2024-03-01	22518
Ford	Mondeo iv turnier	2.0 Tdci	Kombi	Frontantrieb	Diesel	103	140	Mar 2007	Jan 2015	2024-03-01	22519
Ford	Mondeo iv	2	Stufenheck	Frontantrieb	Benzin	107	145	Mar 2007	Jan 2015	2024-03-01	22520
Ford	Mondeo iv	2.5	Stufenheck	Frontantrieb	Benzin	162	220	Mar 2007	Jan 2015	2024-03-01	22521
Ford	Mondeo iv	2.0 Tdci	Stufenheck	Frontantrieb	Diesel	96	130	Mar 2007	Jan 2015	2024-03-01	22522
Ford	Mondeo iv	2.0 Tdci	Stufenheck	Frontantrieb	Diesel	103	140	Mar 2007	Jan 2015	2024-03-01	22523
Ford	C-Max	1.6	Großraumlimousine	Frontantrieb	Benzin	74	100	Feb 2007	Sep 2010	2024-03-01	22524
Ford	C-Max	1.8	Großraumlimousine	Frontantrieb	Benzin	92	125	Feb 2007	Sep 2010	2024-03-01	22525
Ford	C-Max	1.8 Flexifuel	Großraumlimousine	Frontantrieb	Benzin/Ethanol	92	125	Feb 2007	Sep 2010	2024-03-01	22526
Ford	C-Max	2	Großraumlimousine	Frontantrieb	Benzin	107	145	Feb 2007	Sep 2010	2024-03-01	22527
Ford	C-Max	1.6 Tdci	Großraumlimousine	Frontantrieb	Diesel	66	90	Feb 2007	Sep 2010	2024-03-01	22528
Ford	C-Max	1.6 Tdci	Großraumlimousine	Frontantrieb	Diesel	80	109	Feb 2007	Sep 2010	2024-03-01	22529
Ford	C-Max	2.0 Tdci	Großraumlimousine	Frontantrieb	Diesel	100	136	Feb 2007	Sep 2010	2024-03-01	22530
VW	Passat b6	3.6 R36 4motion	Stufenheck	Allrad	Benzin	220	300	Apr 2007	Jul 2010	2024-03-01	22531
VW	Passat b6 variant	3.6 R36 4motion	Kombi	Allrad	Benzin	220	300	Apr 2007	Nov 2010	2024-03-01	22532
BMW	3	320 I	Coupe	Heckantrieb	Benzin	125	170	Mar 2007	Jun 2013	2024-03-01	22533
BMW	3	320 D	Coupe	Heckantrieb	Diesel	130	177	Sep 2006	Feb 2010	2024-03-01	22534
BMW	3	320 I	Cabriolet	Heckantrieb	Benzin	125	170	Mar 2007	Oct 2013	2024-03-01	22535
BMW	3	325 I	Cabriolet	Heckantrieb	Benzin	160	218	Mar 2007	Dec 2013	2024-03-01	22536
BMW	3	330 I	Cabriolet	Heckantrieb	Benzin	200	272	Mar 2007	Oct 2013	2024-03-01	22537
BMW	3	335 I	Cabriolet	Heckantrieb	Benzin	225	306	Dec 2006	Oct 2013	2024-03-01	22538
BMW	3	330 D	Cabriolet	Heckantrieb	Diesel	170	231	Mar 2007	Dec 2013	2024-03-01	22539
Fiat	Panda	1.4	Schrägheck	Frontantrieb	Benzin	74	100	Oct 2006	-	2024-03-01	22540
Porsche	Boxster	2.7	Cabriolet	Heckantrieb	Benzin	180	245	Jul 2006	Dec 2009	2024-03-01	22541
Porsche	Boxster	S 3.4	Cabriolet	Heckantrieb	Benzin	217	295	Jul 2006	Dec 2009	2024-03-01	22542
BMW	3	325 D	Coupe	Heckantrieb	Diesel	145	197	Feb 2007	Feb 2010	2024-03-01	22543
Fiat	Bravo ii	1.9 D Multijet	Schrägheck	Frontantrieb	Diesel	88	120	Apr 2007	Dec 2014	2024-03-01	22544
Fiat	Bravo ii	1.9 D Multijet	Schrägheck	Frontantrieb	Diesel	110	150	Apr 2007	Dec 2014	2024-03-01	22545
Fiat	Bravo ii	1.4	Schrägheck	Frontantrieb	Benzin	66	90	Apr 2007	Dec 2014	2024-03-01	22546
Audi	A5	1.8 Tfsi	Coupe	Frontantrieb	Benzin	125	170	Oct 2007	Jan 2017	2024-03-01	22547
Audi	A5	3.2 FSI	Coupe	Frontantrieb	Benzin	195	265	Jun 2007	Mar 2012	2024-03-01	22548
Audi	A5	S5 Quattro	Coupe	Allrad	Benzin	260	354	Jun 2007	Mar 2012	2024-03-01	22549
Audi	A5	2.7 TDI	Coupe	Frontantrieb	Diesel	140	190	Jun 2007	Mar 2012	2024-03-01	22550
Audi	A5	3.0 TDI Quattro	Coupe	Allrad	Diesel	176	240	Jun 2007	Mar 2012	2024-03-01	22551
Audi	R8	4.2 FSI Quattro	Coupe	Allrad	Benzin	309	420	Apr 2007	Sep 2010	2024-03-01	22552
VW	Golf v variant	1.6	Kombi	Frontantrieb	Benzin	75	102	Jun 2007	Jul 2009	2024-03-01	22553
VW	Golf v variant	1.4 TSI	Kombi	Frontantrieb	Benzin	103	140	Jun 2007	Jul 2009	2024-03-01	22554
VW	Golf v variant	1.9 TDI	Kombi	Frontantrieb	Diesel	77	105	Jun 2007	Jul 2009	2024-03-01	22555
VW	Golf v variant	2.0 TDI 16V	Kombi	Frontantrieb	Diesel	103	140	Jun 2007	Jul 2009	2024-03-01	22556
VW	Golf plus v	1.4 FSI	Schrägheck	Frontantrieb	Benzin	66	90	Jul 2005	Nov 2006	2024-03-01	22557
Audi	Q7	4.2 TDI Quattro	SUV	Allrad	Diesel	240	326	Mar 2007	Jun 2009	2024-03-01	22558
Mazda	Bt-50	2.5 Mrz-cd 4X4	Pick-up	Allrad	Diesel	105	143	Dec 2006	Dec 2015	2024-03-01	22559
Opel	Meriva a	1.3 Cdti	Großraumlimousine	Frontantrieb	Diesel	51	69	Apr 2005	May 2010	2024-03-01	22560
Smart	Forfour	1.5	Schrägheck	Frontantrieb	Benzin	90	122	Jan 2004	Jun 2006	2024-03-01	22561
Alfa Romeo	Spider	2.4 Jtdm	Cabriolet	Frontantrieb	Diesel	147	200	Mar 2006	Mar 2011	2024-03-01	22562
Chevrolet	Caprice	5.7 D	Stufenheck	Heckantrieb	Diesel	78	106	Oct 1979	Dec 1985	2024-03-01	22570
Chevrolet	Corvette	5.7	Cabriolet	Heckantrieb	Benzin	207	282	Oct 1991	Sep 1997	2024-03-01	22572
Daihatsu	Sirion	1	Schrägheck	Frontantrieb	Benzin	40	54	Apr 1998	Oct 2000	2024-03-01	22576
Chevrolet	Epica	2	Stufenheck	Frontantrieb	Benzin	98	133	Jan 2005	Dec 2006	2024-03-01	22591
Cadillac	Fleetwood	5	Stufenheck	Heckantrieb	Benzin	104	141	Oct 1985	Sep 1986	2024-03-01	22594
Cadillac	Fleetwood	5	Stufenheck	Heckantrieb	Benzin	127	173	Sep 1988	Sep 1990	2024-03-01	22595
VW	Passat b2	2	Stufenheck	Frontantrieb	Benzin	85	116	Aug 1984	Jul 1985	2024-03-01	22613
Volvo	740	2.0 GLE	Stufenheck	Heckantrieb	Benzin	85	116	Apr 1983	Jul 1984	2024-03-01	22616
Volvo	850	2.4 GLE	Stufenheck	Frontantrieb	Benzin	142	193	Sep 1993	Oct 1997	2024-03-01	22618
Daihatsu	Gran move	1.6 GX	Großraumlimousine	Frontantrieb	Benzin	67	91	Jun 1998	Jul 2002	2024-03-01	22623
Alfa Romeo	156	1.9 JTD	Kombi	Frontantrieb	Diesel	110	150	Mar 2005	May 2006	2024-03-01	22625
Volvo	S80 i	T5 AWD	Stufenheck	Allrad	Benzin	147	200	Apr 2000	Sep 2003	2024-03-01	22639
Volvo	S60 i	T5	Stufenheck	Frontantrieb	Benzin	195	265	Jul 2000	Sep 2002	2024-03-01	22640
Volvo	S70	2.3 T5 AWD	Stufenheck	Allrad	Benzin	177	241	Nov 1996	Sep 1998	2024-03-01	22641
Volvo	S70	2.4 T5 AWD	Stufenheck	Allrad	Benzin	142	193	Nov 1996	Apr 1999	2024-03-01	22644
Buick	Park avenue	3.8 Ultra	Stufenheck	Frontantrieb	Benzin	168	228	Oct 1990	Sep 1996	2024-03-01	22649
Honda	Cr-V iii	2.0 I-vtec 4WD	SUV	Allrad	Benzin	110	150	Oct 2006	Jun 2012	2024-03-01	22650
Honda	Cr-V iii	2.2 I-ctdi 4WD	SUV	Allrad	Diesel	103	140	Jan 2007	Feb 2010	2025-12-01	22651
Mitsubishi	Pajero iv	3.8 V6	SUV	Allrad	Benzin	184	250	Feb 2007	-	2024-03-01	22652
Mitsubishi	Pajero iv	3.2 Di-d	SUV	Allrad	Diesel	118	160	Feb 2007	-	2024-03-01	22653
Mitsubishi	Pajero iv	3.2 Di-d	SUV	Allrad	Diesel	125	170	Feb 2007	-	2024-03-01	22654
BMW	5	535 D	Stufenheck	Heckantrieb	Diesel	210	286	Jan 2007	Mar 2010	2024-03-01	22656
BMW	5	525 I	Stufenheck	Heckantrieb	Benzin	160	218	Jan 2007	Mar 2010	2024-03-01	22657
BMW	5	525 XI	Stufenheck	Allrad	Benzin	160	218	Mar 2007	Dec 2009	2024-03-01	22658
BMW	5	523 I	Stufenheck	Heckantrieb	Benzin	140	190	Mar 2007	Dec 2009	2024-03-01	22659
BMW	5	525 D	Stufenheck	Heckantrieb	Diesel	145	197	Jan 2007	Mar 2010	2024-03-01	22660
BMW	5	530 D	Stufenheck	Heckantrieb	Diesel	173	235	Feb 2007	Dec 2009	2024-03-01	22661
BMW	5	530 XD	Stufenheck	Allrad	Diesel	173	235	Mar 2007	Aug 2007	2024-03-01	22662
BMW	5	530 I	Stufenheck	Heckantrieb	Benzin	200	272	Mar 2007	Dec 2009	2024-03-01	22663
BMW	5	530 XI	Stufenheck	Allrad	Benzin	200	272	Feb 2007	Aug 2008	2024-03-01	22664
BMW	5	525 D	Kombi	Heckantrieb	Diesel	145	197	Mar 2007	May 2010	2024-03-01	22665
BMW	5	530 D	Kombi	Heckantrieb	Diesel	173	235	Feb 2007	May 2010	2024-03-01	22666
BMW	5	530 XD	Kombi	Allrad	Diesel	173	235	Mar 2007	Aug 2007	2024-03-01	22667
BMW	5	530 I	Kombi	Heckantrieb	Benzin	200	272	Jan 2007	Dec 2010	2024-03-01	22668
BMW	5	530 XI	Kombi	Allrad	Benzin	200	272	Mar 2007	May 2010	2024-03-01	22669
BMW	5	525 I	Kombi	Heckantrieb	Benzin	160	218	Jan 2007	Dec 2010	2024-03-01	22670
BMW	5	525 XI	Kombi	Allrad	Benzin	160	218	Jan 2007	Dec 2010	2024-03-01	22671
BMW	5	535 D	Kombi	Heckantrieb	Diesel	210	286	Jan 2007	Dec 2010	2024-03-01	22672
BMW	5	523 I	Kombi	Heckantrieb	Benzin	140	190	Mar 2007	Jan 2010	2024-03-01	22673
Renault	Clio iii	2.0 16V	Schrägheck	Frontantrieb	Benzin	102	139	Sep 2006	Dec 2014	2026-05-01	22674
Opel	Corsa d	1.6 Turbo	Schrägheck	Frontantrieb	Benzin	141	192	Nov 2006	Aug 2014	2024-03-01	22675
Opel	Astra h	1.6 Turbo	Schrägheck	Frontantrieb	Benzin	132	180	Feb 2007	Oct 2010	2024-03-01	22676
Opel	Astra h twintop	1.6 Turbo	Cabriolet	Frontantrieb	Benzin	132	180	Feb 2007	Oct 2010	2024-03-01	22677
Opel	Astra h caravan	1.6 Turbo	Kombi	Frontantrieb	Benzin	132	180	Feb 2007	Oct 2010	2024-03-01	22678
Opel	Astra h gtc	1.6 Turbo	Schrägheck	Frontantrieb	Benzin	132	180	Feb 2007	Oct 2010	2024-03-01	22679
Opel	Astra h gtc	1.6	Schrägheck	Frontantrieb	Benzin	85	116	Dec 2006	Oct 2010	2024-03-01	22680
Peugeot	207/207+	1.6 16V VTI	Schrägheck	Frontantrieb	Benzin	88	120	Feb 2007	Dec 2012	2024-03-01	22681
Opel	Astra h	1.6	Schrägheck	Frontantrieb	Benzin	85	116	Nov 2006	Sep 2009	2026-05-01	22682
Opel	Astra h caravan	1.6	Kombi	Frontantrieb	Benzin	85	116	Nov 2006	Oct 2010	2026-05-01	22683
Opel	Astra h twintop	1.6	Cabriolet	Frontantrieb	Benzin	85	116	Dec 2006	Oct 2010	2024-03-01	22684
Peugeot	207/207+	1.6 16V RC	Schrägheck	Frontantrieb	Benzin	128	174	Feb 2007	Dec 2012	2024-03-01	22685
Opel	Astra h	1.7 Cdti	Schrägheck	Frontantrieb	Diesel	81	110	Apr 2007	Sep 2009	2026-05-01	22686
Opel	Astra h gtc	1.7 Cdti	Schrägheck	Frontantrieb	Diesel	81	110	Feb 2007	Oct 2010	2024-03-01	22687
Opel	Astra h caravan	1.7 Cdti	Kombi	Frontantrieb	Diesel	81	110	Dec 2008	Oct 2010	2026-04-01	22688
Opel	Astra h	1.7 Cdti	Schrägheck	Frontantrieb	Diesel	92	125	Apr 2007	Sep 2009	2026-05-01	22689
Opel	Astra h gtc	1.7 Cdti	Schrägheck	Frontantrieb	Diesel	92	125	Feb 2007	Oct 2010	2024-03-01	22690
Opel	Astra h caravan	1.7 Cdti	Kombi	Frontantrieb	Diesel	92	125	Apr 2007	Oct 2010	2026-05-01	22691
Peugeot	Expert	2.0 16V	Bus	Frontantrieb	Benzin	103	140	Jan 2007	Mar 2016	2024-03-01	22692
Peugeot	Expert	2.0 16V	Kasten	Frontantrieb	Benzin	103	140	Jan 2007	-	2024-03-01	22693
Seat	Altea	2.0 TDI	Großraumlimousine	Frontantrieb	Diesel	125	170	Jun 2007	Dec 2013	2024-03-01	22694
Seat	Altea	1.8 Tfsi	Großraumlimousine	Frontantrieb	Benzin	118	160	Jan 2007	Jul 2015	2024-05-01	22695
BMW	5	M5	Kombi	Heckantrieb	Benzin	373	507	Feb 2007	Dec 2010	2024-03-01	22696
Toyota	Land cruiser prado	3.0 D-4d	Geländewagen geschlossen	Allrad	Diesel	127	173	Sep 2002	Dec 2010	2024-03-01	22697
Toyota	Hiace iv	2.5 D-4d	Bus	Heckantrieb	Diesel	70	95	Sep 2006	Dec 2012	2024-03-01	22698
Toyota	Hiace iv	2.5 D-4d	Bus	Heckantrieb	Diesel	86	117	Aug 2006	Dec 2012	2024-03-01	22699
Mercedes-benz	C-Klasse	C 280	Stufenheck	Heckantrieb	Benzin	170	231	Jan 2007	Jan 2014	2024-03-01	22700
Mercedes-benz	C-Klasse	C 350	Stufenheck	Heckantrieb	Benzin	200	272	Jan 2007	Jan 2014	2024-03-01	22701
Nissan	Cabstar	2	Pritsche/Fahrgestell	Heckantrieb	Benzin	66	90	Jan 1982	Jun 1992	2024-03-01	22714
Nissan	Cedric	3	Stufenheck	Heckantrieb	Benzin	132	179	Oct 1983	Aug 1987	2024-03-01	22723
Nissan	Cedric	3	Stufenheck	Heckantrieb	Benzin	118	160	Sep 1987	May 1991	2024-03-01	22725
Audi	A4 b8 avant	3.0 TDI	Kombi	Frontantrieb	Diesel	150	204	Nov 2011	Dec 2015	2024-03-01	22732
Fiat	Sedici	1.9 D Multijet	SUV	Frontantrieb	Diesel	88	120	Jun 2006	Oct 2011	2024-03-01	22740
Audi	A5	2.0 TDI	Cabriolet	Frontantrieb	Diesel	105	143	Oct 2011	May 2015	2024-03-01	22766
Audi	A5	2.0 TDI Quattro	Cabriolet	Allrad	Diesel	130	177	Jan 2012	May 2015	2024-03-01	22769
Toyota	Corona	1.6	Stufenheck	Frontantrieb	Benzin	73	99	Feb 1992	Sep 1997	2024-03-01	22795
Audi	A5	3.0 Tfsi Quattro	Cabriolet	Allrad	Benzin	200	272	Nov 2011	Jan 2017	2024-03-01	22808
Audi	A5	2.0 TDI Quattro	Coupe	Allrad	Diesel	130	177	Dec 2011	Jan 2017	2024-03-01	22826
Audi	A5	3.0 Tfsi Quattro	Coupe	Allrad	Benzin	200	272	Dec 2011	Jan 2017	2024-03-01	22836
Mazda	929 iv	3	Stufenheck	Heckantrieb	Benzin	123	167	Dec 1990	Sep 1992	2024-03-01	22865
KIA	Cerato i	1.6	Stufenheck	Frontantrieb	Benzin	90	122	May 2006	Dec 2009	2024-03-01	22922
Audi	A6 c7	2.0 TDI	Stufenheck	Frontantrieb	Diesel	100	136	Jan 2012	Sep 2018	2024-03-01	22928
Audi	A6 c7 avant	2.0 TDI	Kombi	Frontantrieb	Diesel	100	136	Jan 2012	Sep 2018	2024-03-01	22929
Ford USA	Bronco	5.0 XLT	SUV	Heckantrieb	Benzin	103	140	Oct 1977	Sep 1980	2024-03-01	22931
Ford USA	Bronco	5.0 XLT 4WD	SUV	Allrad	Benzin	103	140	Oct 1977	Sep 1980	2024-03-01	22932
Ford USA	Expedition	4.6 XLT	SUV	Heckantrieb	Benzin	158	215	Aug 1996	Sep 2002	2024-03-01	22933
Ford USA	Expedition	5.4 XLT	SUV	Heckantrieb	Benzin	194	264	Aug 1996	Sep 2002	2024-03-01	22934
VW	Amarok	2.0 Bitdi 4motion	Pick-up	Allrad	Diesel	132	180	Nov 2011	May 2022	2024-03-01	22936
BMW	3	M3	Coupe	Heckantrieb	Benzin	309	420	Jun 2007	Jun 2013	2024-03-01	22939
VW	Golf v variant	2.0 TDI	Kombi	Frontantrieb	Diesel	103	140	Jun 2007	Jul 2009	2024-03-01	22940
Opel	Antara a	3.2 V6	SUV	Allrad	Benzin	167	227	Aug 2006	Dec 2011	2024-03-01	22941
Nissan	Qashqai i	2.0 DCI Allrad	SUV	Allrad	Diesel	110	150	Feb 2007	Dec 2013	2025-06-01	22942
Skoda	Fabia ii	1.2	Schrägheck	Frontantrieb	Benzin	44	60	Dec 2006	Dec 2014	2024-03-01	22944
Skoda	Fabia ii	1.2	Schrägheck	Frontantrieb	Benzin	51	70	Jan 2007	Dec 2014	2024-03-01	22945
Skoda	Fabia ii	1.4	Schrägheck	Frontantrieb	Benzin	63	86	Jan 2007	Dec 2014	2024-03-01	22946
Skoda	Fabia ii	1.6	Schrägheck	Frontantrieb	Benzin	77	105	Apr 2007	Dec 2014	2024-03-01	22947
Skoda	Fabia ii	1.4 TDI	Schrägheck	Frontantrieb	Diesel	51	70	Feb 2007	Mar 2010	2024-03-01	22948
Skoda	Fabia ii	1.4 TDI	Schrägheck	Frontantrieb	Diesel	59	80	Jan 2007	Mar 2010	2024-03-01	22949
Skoda	Fabia ii	1.9 TDI	Schrägheck	Frontantrieb	Diesel	77	105	Apr 2007	Mar 2010	2024-03-01	22950
Alfa Romeo	159	2.4 Jtdm Q4	Kombi	Allrad	Diesel	154	210	May 2007	Nov 2011	2024-03-01	22951
Alfa Romeo	159	2.4 Jtdm Q4	Stufenheck	Allrad	Diesel	154	210	May 2007	Nov 2011	2024-03-01	22952
BMW	1	118 I	Schrägheck	Heckantrieb	Benzin	105	143	Sep 2006	Dec 2011	2024-03-01	22953
BMW	1	120 I	Schrägheck	Heckantrieb	Benzin	125	170	Mar 2007	Sep 2012	2024-03-01	22954
BMW	1	118 D	Schrägheck	Heckantrieb	Diesel	105	143	Sep 2006	Dec 2011	2024-03-01	22955
BMW	1	120 D	Schrägheck	Heckantrieb	Diesel	130	177	Mar 2007	Dec 2011	2024-03-01	22956
BMW	3	325 I	Cabriolet	Heckantrieb	Benzin	160	218	Dec 2006	Feb 2010	2024-03-01	22957
Mitsubishi	Diamante i	3	Stufenheck	Frontantrieb	Benzin	151	205	Oct 1992	Jul 1996	2024-03-01	22966
Honda	City	1.5 I-dsi	Stufenheck	Frontantrieb	Benzin	66	90	Dec 2002	Jul 2008	2024-03-01	22973
Honda	City	1.5 I-dsi	Stufenheck	Frontantrieb	Benzin	81	110	Oct 2004	Jul 2008	2024-03-01	22974
Toyota	Yaris	1.3	Stufenheck	Frontantrieb	Benzin	64	87	Sep 2005	Oct 2013	2024-03-01	22992
Toyota	Camry	2	Stufenheck	Frontantrieb	Benzin	110	150	Aug 2001	Nov 2006	2024-03-01	23011
Toyota	Camry	2.0 4WD	Stufenheck	Allrad	Benzin	94	128	Aug 1988	May 1991	2024-03-01	23014
Renault	Clio iii	1.2 16V	Schrägheck	Frontantrieb	Benzin	74	101	May 2007	Dec 2014	2026-05-01	23045
Renault	Modus / grand	1.2 16V	Schrägheck	Frontantrieb	Benzin	74	101	May 2007	Dec 2013	2025-12-01	23046
Renault	Modus / grand	1.5 DCI	Schrägheck	Frontantrieb	Diesel	76	103	May 2007	Dec 2013	2025-12-01	23047
Citroën	C8	2.0 HDI	Großraumlimousine	Frontantrieb	Diesel	88	120	Jul 2006	-	2024-03-01	23048
Land Rover	Freelander 2	2.2 TD4 4X4	Geländewagen geschlossen	Allrad	Diesel	112	152	Jan 2007	Oct 2014	2024-03-01	23049
Land Rover	Range rover iii	3.6 D 4X4	Geländewagen geschlossen	Allrad	Diesel	200	272	Apr 2006	Aug 2012	2024-03-01	23050
Land Rover	Range rover sport i	3.6 D 4X4	SUV	Allrad	Diesel	200	272	Apr 2006	Mar 2013	2024-03-01	23051
KIA	Opirus	3.8 V6	Stufenheck	Frontantrieb	Benzin	196	267	Oct 2006	Oct 2012	2024-05-01	23052
Nissan	Pathfinder iii	2.5 DCI 4WD	SUV	Allrad	Diesel	126	171	Oct 2006	-	2024-03-01	23053
Nissan	Navara	2.5 DCI 4WD	Pick-up	Allrad	Diesel	126	171	Oct 2006	-	2024-03-01	23054
Volvo	Xc90 i	3.2 AWD	SUV	Allrad	Benzin	175	238	Mar 2006	Dec 2010	2024-03-01	23056
Renault	Megane ii grandtour	1.6 16V	Kombi	Frontantrieb	Benzin	82	112	Jan 2006	Aug 2009	2024-03-01	23060
Renault	Megane ii grandtour	1.5 DCI	Kombi	Frontantrieb	Diesel	76	103	Jan 2007	Jul 2009	2024-03-01	23061
Renault	Megane ii	1.6 16V	Stufenheck	Frontantrieb	Benzin	82	112	Jan 2006	-	2024-03-01	23062
Renault	Megane ii	1.5 DCI	Stufenheck	Frontantrieb	Diesel	76	103	Oct 2003	Dec 2010	2024-03-01	23063
Renault	Megane ii	1.5 DCI	Schrägheck	Frontantrieb	Diesel	76	103	Jan 2007	Mar 2009	2024-03-01	23064
Renault	Megane ii	1.6 16V	Schrägheck	Frontantrieb	Benzin	82	112	Jan 2006	Jun 2008	2024-03-01	23065
Renault	Megane ii	2.0 DCI	Schrägheck	Frontantrieb	Diesel	127	173	Jan 2007	Feb 2008	2024-03-01	23066
Renault	Megane ii coupé-	1.6 16V	Cabriolet	Frontantrieb	Benzin	82	112	Jan 2006	Jun 2008	2024-03-01	23069
Renault	Megane ii coupé-	1.5 DCI	Cabriolet	Frontantrieb	Diesel	76	103	Jan 2007	Jun 2009	2024-03-01	23070
Renault	Scénic ii	1.5 DCI	Großraumlimousine	Frontantrieb	Diesel	76	103	Jan 2007	Nov 2008	2024-03-01	23071
Renault	Scénic ii	1.6 16V	Großraumlimousine	Frontantrieb	Benzin	82	112	Oct 2005	Nov 2008	2024-03-01	23072
Renault	Master ii	2.5 DCI	Bus	Frontantrieb	Diesel	74	101	Sep 2006	Jan 2010	2024-08-01	23073
Renault	Master ii	2.5 DCI	Bus	Frontantrieb	Diesel	88	120	Jun 2006	Jan 2010	2024-08-01	23074
Renault	Master ii	2.5 DCI	Bus	Frontantrieb	Diesel	107	146	Aug 2006	Jan 2010	2024-08-01	23075
Renault	Master ii	2.5 DCI	Kasten	Frontantrieb	Diesel	74	101	Aug 2006	Jan 2010	2024-03-01	23076
Renault	Master ii	2.5 DCI	Kasten	Frontantrieb	Diesel	88	120	Aug 2006	Jan 2010	2024-08-01	23077
Renault	Master ii	2.5 DCI	Kasten	Frontantrieb	Diesel	107	146	Aug 2006	Jan 2010	2024-08-01	23078
Renault	Master ii	2.5 DCI	Pritsche/Fahrgestell	Frontantrieb	Diesel	74	101	Aug 2006	Jan 2010	2024-08-01	23079
Renault	Master ii	2.5 DCI	Pritsche/Fahrgestell	Frontantrieb	Diesel	88	120	Aug 2006	Jan 2011	2024-08-01	23080
Renault	Master ii	2.5 DCI	Pritsche/Fahrgestell	Frontantrieb	Diesel	107	146	Aug 2006	Jan 2010	2024-08-01	23081
Isuzu	D-Max i	2.5 Ditd	Pick-up	Heckantrieb	Diesel	74	101	Oct 2002	Jun 2012	2024-03-01	23083
Jeep	Grand cherokee i	5.2	Geländewagen geschlossen	Heckantrieb	Benzin	164	223	Oct 1996	Sep 1998	2024-03-01	23092
Jeep	Grand cherokee i	5.2 4X4	Geländewagen geschlossen	Allrad	Benzin	164	223	Oct 1996	Sep 1998	2024-03-01	23093
Jeep	Cherokee	5.9 4X4	Geländewagen geschlossen	Allrad	Benzin	128	174	Oct 1980	Sep 1986	2024-03-01	23094
Jeep	Cherokee	4.2 4X4	Geländewagen geschlossen	Allrad	Benzin	76	103	Sep 1979	Dec 1983	2024-03-01	23095
Jeep	Grand wagoneer	2.5	Geländewagen geschlossen	Heckantrieb	Benzin	81	110	Oct 1983	Sep 1986	2024-03-01	23096
Jeep	Cherokee	2.5 4X4	Geländewagen geschlossen	Allrad	Benzin	87	118	Oct 1984	Sep 1986	2024-03-01	23097
Jeep	Grand wagoneer	2.8 4WD	Geländewagen geschlossen	Allrad	Benzin	81	110	Oct 1983	Sep 1986	2024-03-01	23098
Jeep	Grand wagoneer	4.2 4WD	Geländewagen geschlossen	Allrad	Benzin	81	110	Oct 1983	Sep 1986	2024-03-01	23099
Land Rover	Discovery i	3.5 4X4	Geländewagen geschlossen	Allrad	Benzin	98	133	Jun 1989	Aug 1990	2024-03-01	23102
Peugeot	309 i	1.6	Schrägheck	Frontantrieb	Benzin	83	113	Jul 1986	Jun 1989	2024-03-01	23127
Seat	Ibiza iii	1.4 16V	Schrägheck	Frontantrieb	Benzin	63	86	May 2006	Nov 2009	2024-03-01	23128
Opel	Combo tour	1.7 Cdti 16V	Großraumlimousine	Frontantrieb	Diesel	74	101	Jul 2004	Dec 2011	2024-03-01	23132
Mercedes-benz	124	250 TD Turbo	Kombi	Heckantrieb	Diesel	93	126	Mar 1988	Jul 1993	2024-03-01	23133
Mercedes-benz	C-Klasse	C 230 4-matic	Stufenheck	Allrad	Benzin	150	204	Jul 2007	Jan 2014	2024-03-01	23135
Mercedes-benz	C-Klasse	C 280 4-matic	Stufenheck	Allrad	Benzin	170	231	Jul 2007	Jan 2014	2024-03-01	23136
Mercedes-benz	C-Klasse	C 350 4-matic	Stufenheck	Allrad	Benzin	200	272	Jul 2007	Jan 2014	2024-03-01	23137
Mercedes-benz	C-Klasse	C 320 CDI 4-matic	Stufenheck	Allrad	Diesel	165	224	Jul 2007	Jan 2014	2024-03-01	23138
Ford	Tourneo connect	1.8 Tdci	Großraumlimousine	Frontantrieb	Diesel	81	110	Aug 2006	Dec 2013	2024-03-01	23139
Opel	Gt	2	Cabriolet	Heckantrieb	Benzin	194	264	Jun 2007	Dec 2011	2024-03-01	23140
Volvo	C30	T5	Schrägheck	Frontantrieb	Benzin	169	230	Mar 2007	Dec 2012	2024-03-01	23141
Volvo	S40 ii	T5	Stufenheck	Frontantrieb	Benzin	169	230	Mar 2007	Dec 2012	2024-03-01	23142
Volvo	S40 ii	T5 AWD	Stufenheck	Allrad	Benzin	169	230	Mar 2007	Dec 2010	2024-03-01	23143
Volvo	V50	T5	Kombi	Frontantrieb	Benzin	169	230	Mar 2007	Dec 2012	2024-03-01	23144
Volvo	V50	T5 AWD	Kombi	Allrad	Benzin	169	230	Mar 2007	Dec 2010	2024-03-01	23145
Volvo	S80 ii	3.2 AWD	Stufenheck	Allrad	Benzin	175	238	Jan 2007	Dec 2010	2024-03-01	23146
Volvo	S80 ii	T6 AWD	Stufenheck	Allrad	Benzin	210	286	Jan 2007	Dec 2010	2024-03-01	23147
Volvo	S80 ii	D5 AWD	Stufenheck	Allrad	Diesel	136	185	Jan 2007	May 2009	2024-03-01	23148
Volvo	C70 ii	T5	Cabriolet	Frontantrieb	Benzin	169	230	Mar 2007	Jun 2013	2024-03-01	23149
Volvo	V70 iii	2.5 T	Kombi	Frontantrieb	Benzin	147	200	Aug 2007	Dec 2009	2024-03-01	23150
Volvo	V70 iii	3.2 AWD	Kombi	Allrad	Benzin	175	238	Apr 2007	Dec 2010	2024-03-01	23151
Volvo	V70 iii	T6 AWD	Kombi	Allrad	Benzin	210	286	Aug 2007	Dec 2010	2024-03-01	23152
Volvo	V70 iii	2.4 D	Kombi	Frontantrieb	Diesel	120	163	Apr 2007	Dec 2010	2024-03-01	23153
Volvo	V70 iii	D5	Kombi	Frontantrieb	Diesel	136	185	Apr 2007	Dec 2009	2024-03-01	23154
Volvo	Xc70 ii	3.2 AWD	Kombi	Allrad	Benzin	175	238	Aug 2007	Dec 2011	2024-03-01	23155
Volvo	Xc70 ii	D5 AWD	Kombi	Allrad	Diesel	136	185	Apr 2007	Dec 2009	2024-03-01	23156
Mercedes-benz	Clk	CLK 200 Kompressor	Coupe	Heckantrieb	Benzin	135	184	Oct 2006	May 2009	2024-03-01	23157
Mercedes-benz	Clk	CLK 200 Kompressor	Cabriolet	Heckantrieb	Benzin	135	184	Oct 2006	Mar 2010	2024-03-01	23158
Mercedes-benz	Clk	CLK 500	Cabriolet	Heckantrieb	Benzin	285	388	Jun 2006	Mar 2010	2024-03-01	23159
Aston Martin	Vantage	4.3	Coupe	Heckantrieb	Benzin	283	385	Oct 2005	Dec 2008	2024-03-01	23160
Aston Martin	Vantage	4.3	Cabriolet	Heckantrieb	Benzin	283	385	Apr 2007	Dec 2008	2024-03-01	23161
VW	Golf v	1.4 TSI	Schrägheck	Frontantrieb	Benzin	90	122	May 2007	Nov 2008	2024-03-01	23162
VW	Golf v variant	1.4 TSI	Kombi	Frontantrieb	Benzin	90	122	Jun 2007	Jul 2009	2024-03-01	23163
VW	Golf plus v	1.4 TSI	Schrägheck	Frontantrieb	Benzin	90	122	Jun 2007	Dec 2013	2024-03-01	23164
Skoda	Fabia ii combi	1.2	Kombi	Frontantrieb	Benzin	51	70	Oct 2007	Dec 2014	2024-03-01	23165
Skoda	Fabia ii combi	1.4	Kombi	Frontantrieb	Benzin	63	86	Oct 2007	Dec 2014	2024-03-01	23166
Skoda	Fabia ii combi	1.6	Kombi	Frontantrieb	Benzin	77	105	Oct 2007	Dec 2014	2024-03-01	23167
Skoda	Fabia ii combi	1.4 TDI	Kombi	Frontantrieb	Diesel	51	70	Oct 2007	Mar 2010	2024-03-01	23168
Skoda	Fabia ii combi	1.4 TDI	Kombi	Frontantrieb	Diesel	59	80	Oct 2007	Mar 2010	2024-03-01	23169
Skoda	Fabia ii combi	1.9 TDI	Kombi	Frontantrieb	Diesel	77	105	Oct 2007	Mar 2010	2024-03-01	23170
Alfa Romeo	Brera	2.4 Jtdm 20V	Schrägheck	Frontantrieb	Diesel	154	210	May 2007	Mar 2011	2024-03-01	23171
Alfa Romeo	159	2.4 Jtdm	Stufenheck	Frontantrieb	Diesel	154	210	Jul 2007	Nov 2011	2024-03-01	23172
Alfa Romeo	159	2.4 Jtdm	Kombi	Frontantrieb	Diesel	154	210	May 2007	Dec 2012	2024-03-01	23173
Porsche	911	3.6 Turbo	Cabriolet	Allrad	Benzin	353	480	Sep 2007	Dec 2009	2024-03-01	23174
Fiat	500	1.2	Schrägheck	Frontantrieb	Benzin	51	69	Jul 2007	-	2024-03-01	23175
Fiat	500	1.4	Schrägheck	Frontantrieb	Benzin	74	100	Oct 2007	-	2024-03-01	23176
Fiat	500	1.3 D Multijet	Schrägheck	Frontantrieb	Diesel	55	75	Oct 2007	-	2024-03-01	23177
VW	Tiguan	2.0 TDI 4motion	SUV	Allrad	Diesel	103	140	Sep 2007	Jul 2018	2024-03-01	23178
VW	Tiguan	2.0 TDI 4motion	SUV	Allrad	Diesel	125	170	Sep 2007	Jul 2018	2024-03-01	23179
VW	Tiguan	2.0 Tfsi 4motion	SUV	Allrad	Benzin	147	200	Sep 2007	Jul 2018	2024-03-01	23180
VW	Tiguan	2.0 Tfsi 4motion	SUV	Allrad	Benzin	125	170	Sep 2007	Jul 2018	2024-03-01	23181
VW	Tiguan	1.4 TSI 4motion	SUV	Allrad	Benzin	110	150	Sep 2007	Jul 2018	2024-03-01	23182
Citroën	C3 i	1.4 I	Schrägheck	Frontantrieb	Benzin	54	73	Feb 2002	Nov 2010	2024-03-01	23183
Porsche	911	3.6 GT 2	Coupe	Heckantrieb	Benzin	390	530	Sep 2007	Dec 2012	2024-03-01	23184
Nissan	Primera	1.6	Stufenheck	Frontantrieb	Benzin	80	109	Jan 2002	Apr 2006	2024-03-01	23185
Nissan	Primera	1.6	Schrägheck	Frontantrieb	Benzin	80	109	Jul 2002	Apr 2006	2024-03-01	23186
Audi	A6 c6	2.8 FSI Quattro	Stufenheck	Allrad	Benzin	154	210	Jun 2007	Oct 2008	2024-03-01	23187
Audi	A6 c6 avant	2.8 FSI Quattro	Kombi	Allrad	Benzin	154	210	Jun 2007	Oct 2008	2024-03-01	23188
Audi	A8 d3	2.8 FSI	Stufenheck	Frontantrieb	Benzin	154	210	Aug 2007	Jul 2010	2024-03-01	23189
Cadillac	Bls	2.0 T	Stufenheck	Frontantrieb	Benzin	129	175	Apr 2006	Dec 2010	2024-03-01	23190
Cadillac	Bls	2.0 T	Stufenheck	Frontantrieb	Benzin	154	210	Apr 2006	-	2024-03-01	23191
Cadillac	Bls	2.8 T	Stufenheck	Frontantrieb	Benzin	188	255	Apr 2006	-	2024-03-01	23192
Cadillac	Bls	1.9 D	Stufenheck	Frontantrieb	Diesel	110	150	Apr 2006	-	2024-03-01	23193
Fiat	Grande punto	1.4 T-jet	Schrägheck	Frontantrieb	Benzin	88	120	Sep 2007	-	2024-03-01	23194
VW	Golf v variant	1.4 TSI	Kombi	Frontantrieb	Benzin	125	170	Jun 2007	Jul 2009	2024-03-01	23195
Nissan	X-Trail ii	2.0 DCI 4X4	SUV	Allrad	Diesel	127	173	Jun 2007	Nov 2013	2024-03-01	23196
Nissan	X-Trail ii	2.0 4X4	SUV	Allrad	Benzin	104	141	Jun 2007	Nov 2013	2024-03-01	23197
Nissan	X-Trail ii	2.0 DCI 4X4	SUV	Allrad	Diesel	110	150	Jun 2007	Nov 2013	2024-03-01	23198
Nissan	X-Trail ii	2.5 4X4	SUV	Allrad	Benzin	124	169	Jun 2007	Nov 2013	2024-03-01	23199
Nissan	Primera	1.9 DCI	Schrägheck	Frontantrieb	Diesel	85	116	Aug 2002	Oct 2007	2024-03-01	23200
Nissan	Primera	1.9 DCI	Stufenheck	Frontantrieb	Diesel	85	116	Aug 2002	Oct 2007	2024-03-01	23201
Nissan	Primera	1.9 DCI	Kombi	Frontantrieb	Diesel	85	116	Aug 2002	Oct 2007	2024-03-01	23202
VW	Polo	1.2	Schrägheck	Frontantrieb	Benzin	44	60	May 2007	Nov 2009	2024-03-01	23205
VW	Polo	1.2 12V	Schrägheck	Frontantrieb	Benzin	51	69	May 2007	Nov 2009	2024-03-01	23207
Fiat	Bravo ii	1.4 T-jet	Schrägheck	Frontantrieb	Benzin	88	120	Oct 2007	Dec 2014	2024-03-01	23225
Fiat	Bravo ii	1.4 T-jet	Schrägheck	Frontantrieb	Benzin	110	150	Sep 2007	Dec 2014	2024-03-01	23226
Fiat	Linea	1.3 D Multijet	Stufenheck	Frontantrieb	Diesel	66	90	Jun 2007	-	2024-03-01	23227
Fiat	Linea	1.4	Stufenheck	Frontantrieb	Benzin	57	77	Jun 2007	-	2024-03-01	23228
Fiat	Linea	1.4 T-jet	Stufenheck	Frontantrieb	Benzin	88	120	May 2007	-	2024-03-01	23229
Peugeot	1007	1.6 HDI	Schrägheck	Frontantrieb	Diesel	80	109	Jun 2007	-	2024-03-01	23230
Ford	Transit	2.4 Tdci 4X4	Bus	Allrad	Diesel	103	140	Nov 2006	Aug 2014	2024-03-01	23231
Seat	Altea	1.8 Tfsi	Großraumlimousine	Frontantrieb	Benzin	118	160	Jan 2007	Jul 2015	2024-05-01	23232
Seat	Toledo	1.8 Tfsi	Großraumlimousine	Frontantrieb	Benzin	118	160	Jan 2007	May 2009	2024-03-01	23233
Dodge	Avenger	2	Stufenheck	Frontantrieb	Benzin	115	156	Jun 2007	Dec 2011	2024-03-01	23234
Dodge	Avenger	2.0 CRD	Stufenheck	Frontantrieb	Diesel	103	140	Jun 2007	Dec 2011	2024-03-01	23235
Skoda	Roomster	1.2	Kasten/Kombi	Frontantrieb	Benzin	51	70	Mar 2007	May 2015	2024-03-01	23240
Skoda	Roomster	1.4	Kasten/Kombi	Frontantrieb	Benzin	63	86	Mar 2007	May 2015	2024-03-01	23243
Skoda	Roomster	1.4 TDI	Kasten/Kombi	Frontantrieb	Diesel	59	80	Mar 2007	Mar 2010	2024-03-01	23245
Skoda	Roomster	1.4 TDI	Kasten/Kombi	Frontantrieb	Diesel	51	70	Mar 2007	Mar 2010	2024-03-01	23247
VW	Golf v variant	1.4	Kombi	Frontantrieb	Benzin	59	80	Jun 2007	Jul 2009	2024-03-01	23263
Mazda	3	2.3 MPS Turbo	Schrägheck	Frontantrieb	Benzin	191	260	Dec 2006	Jun 2009	2024-03-01	23264
Opel	Movano a	2.5 DTI	Pritsche/Fahrgestell	Frontantrieb	Diesel	73	99	Oct 2003	-	2024-03-01	23265
Opel	Movano a	3.0 DTI	Pritsche/Fahrgestell	Frontantrieb	Diesel	100	136	Oct 2003	-	2024-03-01	23266
VW	Transporter t5	1.9 TDI	Kasten	Frontantrieb	Diesel	62	84	Jan 2006	Nov 2009	2024-03-01	23267
Skoda	Octavia	1.9 TDI	Kombi	Frontantrieb	Diesel	74	100	Aug 2000	Dec 2010	2024-03-01	23268
Opel	Vectra c caravan	2.8 V6 Turbo	Kombi	Frontantrieb	Benzin	206	280	Jul 2006	Aug 2008	2024-03-01	23276
Suzuki	Samurai	1.3 Allrad	Geländewagen geschlossen	Allrad	Benzin	59	80	Jan 2000	Dec 2004	2024-03-01	23277
Mercedes-benz	G-Klasse	G 320 CDI	Geländewagen offen	Allrad	Diesel	165	224	Sep 2006	Dec 2012	2024-03-01	23278
Smart	Roadster	0.7	Coupe	Heckantrieb	Benzin	45	61	Jun 2003	Nov 2005	2024-03-01	23279
BMW	X5	3.0 SI	SUV	Allrad	Benzin	200	272	Oct 2006	Sep 2008	2024-03-01	23280
BMW	X5	4.8 I Xdrive	SUV	Allrad	Benzin	261	355	Oct 2006	Sep 2008	2024-03-01	23281
BMW	X5	3.0 D	SUV	Allrad	Diesel	173	235	Dec 2006	Sep 2008	2024-03-01	23282
Mercedes-benz	E-Klasse	E 220 CDI	Stufenheck	Heckantrieb	Diesel	100	136	Mar 2002	Dec 2008	2024-03-01	23283
Mercedes-benz	E-Klasse	E 220 CDI	Kombi	Heckantrieb	Diesel	100	136	Mar 2003	Jul 2009	2024-03-01	23284
VW	Transporter t5	1.9 TDI	Bus	Frontantrieb	Diesel	62	84	Jan 2006	Nov 2009	2024-03-01	23285
VW	Transporter t5	1.9 TDI	Pritsche/Fahrgestell	Frontantrieb	Diesel	62	84	Jan 2006	Nov 2009	2024-03-01	23286
Bentley	Continental	6.0 AWD	Cabriolet	Allrad	Benzin	412	560	Jun 2006	Apr 2011	2024-03-01	23287
KIA	Cee'd	2.0 Crdi 140	Kombi	Frontantrieb	Diesel	103	140	Jul 2007	Dec 2012	2024-03-01	23288
KIA	Cee'd	2.0 Crdi 140	Schrägheck	Frontantrieb	Diesel	103	140	Sep 2007	Dec 2012	2024-03-01	23289
Skoda	Octavia	1.4	Kombi	Frontantrieb	Benzin	59	80	May 2006	Jun 2013	2024-03-01	23290
Skoda	Octavia	1.9 TDI	Schrägheck	Frontantrieb	Diesel	74	100	Oct 2005	Dec 2010	2024-03-01	23291
Skoda	Roomster	1.2	Großraumlimousine	Frontantrieb	Benzin	51	70	Jan 2007	May 2015	2024-03-01	23292
Skoda	Superb i	1.9 TDI	Stufenheck	Frontantrieb	Diesel	85	115	Jan 2007	Mar 2008	2024-03-01	23293
Skoda	Superb i	1.9 TDI	Stufenheck	Frontantrieb	Diesel	77	105	Oct 2005	May 2007	2024-03-01	23294
VW	Jetta iii	1.4 TSI	Stufenheck	Frontantrieb	Benzin	90	122	May 2007	Oct 2010	2024-03-01	23295
KIA	Cerato i	1.6 Crdi	Stufenheck	Frontantrieb	Diesel	85	115	Jun 2005	Dec 2009	2024-03-01	23296
KIA	Cerato i	1.6 Crdi	Schrägheck	Frontantrieb	Diesel	85	115	Jun 2005	Jun 2008	2024-03-01	23297
VW	Touareg	4.2 V8 FSI	SUV	Allrad	Benzin	257	350	Jun 2006	May 2010	2024-03-01	23298
Audi	A4 b8	1.8 Tfsi	Stufenheck	Frontantrieb	Benzin	118	160	Nov 2007	Mar 2012	2024-03-01	23299
Audi	A4 b8	3.2 FSI Quattro	Stufenheck	Allrad	Benzin	195	265	Nov 2007	Mar 2012	2024-03-01	23300
Audi	A4 b8	2.0 TDI	Stufenheck	Frontantrieb	Diesel	105	143	Nov 2007	Dec 2015	2024-03-01	23301
Audi	A4 b8	2.7 TDI	Stufenheck	Frontantrieb	Diesel	140	190	Nov 2007	Mar 2012	2024-03-01	23302
Audi	A4 b8	3.0 TDI Quattro	Stufenheck	Allrad	Diesel	176	240	Nov 2007	Mar 2012	2024-03-01	23303
Bentley	Continental	6.0 GT Speed	Coupe	Allrad	Benzin	449	610	Sep 2007	Dec 2011	2024-03-01	23304
Renault	Clio i	1.2	Schrägheck	Frontantrieb	Benzin	44	60	May 1990	Mar 1996	2026-05-01	23305
Hyundai	Grandeur	2.2 Crdi	Stufenheck	Frontantrieb	Diesel	110	150	Jun 2006	Dec 2011	2024-03-01	23306
Hyundai	Grandeur	2.2 Crdi	Stufenheck	Frontantrieb	Diesel	114	155	Jun 2006	Oct 2010	2024-03-01	23307
Hyundai	Tucson	2.0 Crdi	SUV	Frontantrieb	Diesel	100	136	Jan 2006	Mar 2010	2024-03-01	23308
Hyundai	Tucson	2.0 Crdi Allrad	SUV	Allrad	Diesel	100	136	Jan 2006	Mar 2010	2024-03-01	23309
Hyundai	H-1 / starex	2.5 TD 4WD	Bus	Allrad	Diesel	73	99	Mar 2001	Apr 2004	2024-03-01	23310
Hyundai	H-1 / starex	2.5 TD 4WD	Bus	Allrad	Diesel	74	101	Nov 2001	Apr 2004	2024-03-01	23311
Hyundai	H-1 / starex	2.5 Crdi	Bus	Heckantrieb	Diesel	81	110	Jun 2006	Dec 2007	2024-03-01	23312
Hyundai	Sonata v	2.0 Crdi	Stufenheck	Frontantrieb	Diesel	100	136	Feb 2006	Dec 2010	2024-03-01	23314
Hyundai	H-1	2.5 Crdi	Kasten	Heckantrieb	Diesel	81	110	Jul 2001	Apr 2004	2024-03-01	23317
LTI	Tx	2.4 TDI	Schrägheck	Heckantrieb	Diesel	66	90	Oct 2002	-	2024-03-01	23318
LTI	Tx	2.5 TD	Schrägheck	Heckantrieb	Diesel	75	102	Jan 2006	-	2024-03-01	23319
Mitsubishi	Eclipse i	1.8	Coupe	Frontantrieb	Benzin	68	92	Dec 1989	Mar 1994	2024-03-01	23338
Fiat	Ulysse	2.0 D Multijet	Großraumlimousine	Frontantrieb	Diesel	88	120	May 2006	Jun 2011	2024-03-01	23353
Fiat	Ulysse	2.0 D Multijet	Großraumlimousine	Frontantrieb	Diesel	100	136	May 2006	Jun 2011	2024-03-01	23354
Alfa Romeo	159	1.8 MPI	Kombi	Frontantrieb	Benzin	103	140	Jun 2005	Nov 2011	2024-03-01	23355
Alfa Romeo	159	1.8 MPI	Stufenheck	Frontantrieb	Benzin	103	140	Jun 2005	Nov 2011	2024-03-01	23356
Lancia	Musa	1.3 D Multijet	Großraumlimousine	Frontantrieb	Diesel	66	90	Sep 2006	Sep 2012	2024-03-01	23357
Lancia	Phedra	2.0 D Multijet	Großraumlimousine	Frontantrieb	Diesel	100	136	Jul 2006	Nov 2010	2024-03-01	23358
Renault	Laguna iii	2.0 16V	Schrägheck	Frontantrieb	Benzin	103	140	Oct 2007	Dec 2012	2024-03-01	23369
Renault	Laguna iii	2.0 16V Turbo	Schrägheck	Frontantrieb	Benzin	125	170	Oct 2007	Dec 2015	2024-03-01	23370
Renault	Laguna iii	1.5 DCI	Schrägheck	Frontantrieb	Diesel	81	110	Oct 2007	Dec 2015	2024-03-01	23371
Renault	Laguna iii	2.0 DCI	Schrägheck	Frontantrieb	Diesel	96	131	Oct 2007	Dec 2015	2024-03-01	23372
Renault	Laguna iii	2.0 DCI	Schrägheck	Frontantrieb	Diesel	110	150	Oct 2007	Dec 2015	2024-03-01	23373
Renault	Laguna iii grandtour	2.0 16V	Kombi	Frontantrieb	Benzin	103	140	Oct 2007	Dec 2015	2024-03-01	23374
Renault	Laguna iii grandtour	2.0 16V Turbo	Kombi	Frontantrieb	Benzin	125	170	Oct 2007	Dec 2015	2024-03-01	23375
Renault	Laguna iii grandtour	1.5 DCI	Kombi	Frontantrieb	Diesel	81	110	Oct 2007	Dec 2015	2024-03-01	23376
Renault	Laguna iii grandtour	2.0 DCI	Kombi	Frontantrieb	Diesel	96	131	Oct 2007	Dec 2015	2024-03-01	23377
Renault	Laguna iii grandtour	2.0 DCI	Kombi	Frontantrieb	Diesel	110	150	Oct 2007	Dec 2015	2024-03-01	23378
Peugeot	308 i	1.4 16V	Schrägheck	Frontantrieb	Benzin	70	95	Sep 2007	Oct 2014	2024-03-01	23379
Peugeot	308 i	1.6 16V	Schrägheck	Frontantrieb	Benzin	88	120	Sep 2007	Oct 2014	2024-03-01	23380
Peugeot	308 i	1.6 16V	Schrägheck	Frontantrieb	Benzin	110	150	Sep 2007	Oct 2014	2024-03-01	23381
Peugeot	308 i	1.6 HDI	Schrägheck	Frontantrieb	Diesel	66	90	Sep 2007	Oct 2014	2024-03-01	23382
Peugeot	308 i	1.6 HDI	Schrägheck	Frontantrieb	Diesel	80	109	Sep 2007	Oct 2014	2024-03-01	23383
Peugeot	308 i	2.0 HDI	Schrägheck	Frontantrieb	Diesel	100	136	Sep 2007	Oct 2014	2024-03-01	23384
Peugeot	207 sw	1.4	Kombi	Frontantrieb	Benzin	54	73	Jun 2007	Dec 2012	2024-03-01	23385
Peugeot	207 sw	1.4 16V	Kombi	Frontantrieb	Benzin	70	95	Jun 2007	Oct 2013	2024-03-01	23386
Peugeot	207 sw	1.6 16V	Kombi	Frontantrieb	Benzin	88	120	Jun 2007	Oct 2013	2024-03-01	23387
Peugeot	207 sw	1.6 HDI	Kombi	Frontantrieb	Diesel	66	90	Jun 2007	Dec 2012	2024-03-01	23388
Peugeot	207 sw	1.6 HDI	Kombi	Frontantrieb	Diesel	80	109	Jun 2007	Dec 2012	2024-03-01	23389
Mazda	Cx-7	2.3 MZR Disi Turbo AWD	SUV	Allrad	Benzin	190	258	Oct 2007	Aug 2009	2024-03-01	23395
Mazda	2	1.3	Schrägheck	Frontantrieb	Benzin	55	75	Oct 2007	Jun 2015	2024-03-01	23396
Mazda	2	1.5	Schrägheck	Frontantrieb	Benzin	76	103	Jul 2007	Jun 2015	2024-03-01	23397
Mazda	2	1.3	Schrägheck	Frontantrieb	Benzin	63	86	Oct 2007	Jun 2015	2024-03-01	23398
Mercedes-benz	C-Klasse	C 180 Kompressor	Kombi	Heckantrieb	Benzin	115	156	Aug 2007	Aug 2014	2024-03-01	23399
Mercedes-benz	C-Klasse	C 200 Kompressor	Kombi	Heckantrieb	Benzin	135	184	Aug 2007	Aug 2014	2024-03-01	23400
Mercedes-benz	C-Klasse	C 230	Kombi	Heckantrieb	Benzin	150	204	Aug 2007	Aug 2014	2024-03-01	23401
Mercedes-benz	C-Klasse	C 280	Kombi	Heckantrieb	Benzin	170	231	Aug 2007	Aug 2014	2024-03-01	23402
Mercedes-benz	C-Klasse	C 350	Kombi	Heckantrieb	Benzin	200	272	Aug 2007	Aug 2014	2024-03-01	23403
Mercedes-benz	C-Klasse	C 200 CDI	Kombi	Heckantrieb	Diesel	100	136	Aug 2007	Dec 2009	2024-03-01	23404
VW	Golf ii	1.8 GTI 16V	Schrägheck	Frontantrieb	Benzin	100	136	Aug 1986	Jul 1988	2024-03-01	23406
Mercedes-benz	C-Klasse	C 220 CDI	Kombi	Heckantrieb	Diesel	125	170	Aug 2007	Nov 2008	2024-03-01	23408
Land Rover	Range rover i	2.4 TD 4X4	Geländewagen geschlossen	Allrad	Diesel	78	106	Oct 1985	Sep 1989	2024-03-01	23411
Opel	Agila b	1	Schrägheck	Frontantrieb	Benzin	48	65	Apr 2008	Jun 2011	2025-06-01	23425
Opel	Agila b	1.2	Schrägheck	Frontantrieb	Benzin	63	86	Apr 2008	Oct 2012	2025-06-01	23426
Opel	Agila b	1.3 Cdti	Schrägheck	Frontantrieb	Diesel	55	75	Apr 2008	Apr 2010	2025-06-01	23427
Jaguar	X-Type i	2.1 V6	Kombi	Frontantrieb	Benzin	115	156	Nov 2003	Mar 2009	2024-03-01	23428
BMW	1	135 I	Coupe	Heckantrieb	Benzin	225	306	Oct 2007	Oct 2013	2024-03-01	23429
BMW	1	120 D	Coupe	Heckantrieb	Diesel	130	177	Sep 2007	Oct 2013	2024-03-01	23430
BMW	1	123 D	Coupe	Heckantrieb	Diesel	150	204	Oct 2007	Sep 2013	2024-03-01	23431
BMW	1	123 D	Schrägheck	Heckantrieb	Diesel	150	204	Mar 2007	Dec 2011	2024-03-01	23432
Hyundai	I30	1.4	Schrägheck	Frontantrieb	Benzin	80	109	Oct 2007	Nov 2011	2024-03-01	23433
Hyundai	I30	1.6	Schrägheck	Frontantrieb	Benzin	90	122	Oct 2007	Nov 2011	2024-03-01	23434
Hyundai	I30	2	Schrägheck	Frontantrieb	Benzin	105	143	Oct 2007	Nov 2011	2024-03-01	23435
Hyundai	I30	1.6 Crdi	Schrägheck	Frontantrieb	Diesel	85	116	Oct 2007	Nov 2011	2024-03-01	23436
Hyundai	I30	2.0 Crdi	Schrägheck	Frontantrieb	Diesel	103	140	Oct 2007	Nov 2011	2024-03-01	23437
Opel	Omega b	2.2 DTI 16V	Stufenheck	Heckantrieb	Diesel	81	110	Sep 2000	Jul 2003	2024-03-01	23438
Opel	Omega b caravan	2.2 DTI 16V	Kombi	Heckantrieb	Diesel	81	110	Sep 2000	Jul 2003	2024-03-01	23439
Citroën	C5	2.0 HDI	Schrägheck	Frontantrieb	Diesel	79	107	Mar 2001	Aug 2004	2024-07-01	23440
Citroën	C5	2.0 HDI	Kombi	Frontantrieb	Diesel	80	109	Jun 2001	Aug 2004	2024-07-01	23441
Chrysler	Grand voyager v	3.3	Großraumlimousine	Frontantrieb	Benzin	125	170	Jan 2008	-	2024-03-01	23442
Suzuki	Swift iii	1.6	Schrägheck	Frontantrieb	Benzin	92	125	May 2006	Dec 2015	2026-05-01	23443
Mini	Mini	Cooper S	Kombi	Frontantrieb	Benzin	120	163	Oct 2007	Jun 2014	2024-03-01	23444
Mini	Mini	Cooper S	Kombi	Frontantrieb	Benzin	128	174	Aug 2007	Jul 2010	2024-03-01	23445
Mini	Mini	Cooper	Kombi	Frontantrieb	Benzin	88	120	Oct 2007	Dec 2013	2024-03-01	23446
Mini	Mini	Cooper D	Kombi	Frontantrieb	Diesel	80	109	Oct 2007	Feb 2010	2024-03-01	23447
Lincoln	Ls	3.9 V8 32V	Stufenheck	Heckantrieb	Benzin	180	245	May 1998	-	2024-03-01	23448
Dacia	Solenza	1.4	Schrägheck	Frontantrieb	Benzin	55	75	Feb 2003	Oct 2005	2024-03-01	23449
Dacia	Solenza	1.9 D	Schrägheck	Frontantrieb	Diesel	46	63	Feb 2003	-	2024-03-01	23450
Renault	Clio iii grandtour	1.2 16V	Kombi	Frontantrieb	Benzin	55	75	Feb 2008	Dec 2014	2026-05-01	23451
Renault	Clio iii grandtour	1.2 16V	Kombi	Frontantrieb	Benzin	58	78	Nov 2007	Dec 2014	2026-05-01	23452
Renault	Clio iii grandtour	1.2 16V	Kombi	Frontantrieb	Benzin	74	101	Nov 2007	Dec 2012	2026-05-01	23453
Renault	Clio iii grandtour	1.6 16V	Kombi	Frontantrieb	Benzin	82	112	Nov 2007	Dec 2012	2026-05-01	23454
Renault	Clio iii grandtour	1.5 DCI	Kombi	Frontantrieb	Diesel	50	68	Nov 2007	Dec 2012	2026-05-01	23455
Renault	Clio iii grandtour	1.5 DCI	Kombi	Frontantrieb	Diesel	63	86	Nov 2007	Dec 2012	2026-05-01	23456
Renault	Clio iii grandtour	1.5 DCI	Kombi	Frontantrieb	Diesel	76	103	Nov 2007	Dec 2012	2026-05-01	23457
Renault	Clio iii grandtour	1.5 DCI	Kombi	Frontantrieb	Diesel	78	106	Feb 2008	Dec 2012	2026-05-01	23458
Mercedes-benz	C-Klasse	C 320 CDI	Kombi	Heckantrieb	Diesel	165	224	Aug 2007	Aug 2014	2024-03-01	23459
Renault	Kangoo	1.6	Großraumlimousine	Frontantrieb	Benzin	64	87	Feb 2008	-	2024-03-01	23460
Mercedes-benz	C-Klasse	C 320 CDI 4-matic	Kombi	Allrad	Diesel	165	224	Aug 2007	Dec 2011	2024-03-01	23461
Renault	Kangoo	1.6 16V	Großraumlimousine	Frontantrieb	Benzin	78	106	Feb 2008	-	2024-03-01	23462
Ferrari	F430	430 Scuderia	Coupe	Heckantrieb	Benzin	375	510	Sep 2007	Dec 2009	2024-03-01	23463
Renault	Kangoo	1.5 DCI 70	Großraumlimousine	Frontantrieb	Diesel	50	68	Feb 2008	-	2024-03-01	23464
Renault	Kangoo	1.5 DCI 85	Großraumlimousine	Frontantrieb	Diesel	63	86	Feb 2008	-	2024-03-01	23465
Renault	Kangoo	1.5 DCI 105	Großraumlimousine	Frontantrieb	Diesel	76	103	Feb 2008	-	2024-03-01	23466
Nissan	Tiida	1.6	Schrägheck	Frontantrieb	Benzin	81	110	Sep 2007	Dec 2011	2024-03-01	23467
Nissan	Tiida	1.8	Schrägheck	Frontantrieb	Benzin	93	126	Sep 2004	Dec 2011	2024-03-01	23468
Nissan	Tiida	1.5 DCI	Schrägheck	Frontantrieb	Diesel	78	106	Sep 2007	Dec 2011	2024-03-01	23469
KIA	Pro cee'd	1.4	Schrägheck	Frontantrieb	Benzin	80	109	Feb 2008	Sep 2012	2024-03-01	23470
KIA	Pro cee'd	1.6	Schrägheck	Frontantrieb	Benzin	90	122	Feb 2008	Sep 2012	2024-03-01	23471
KIA	Pro cee'd	2	Schrägheck	Frontantrieb	Benzin	105	143	Feb 2008	Sep 2012	2024-03-01	23472
Mercedes-benz	E-Klasse	E 350 CGI	Stufenheck	Heckantrieb	Benzin	215	292	Sep 2007	Dec 2008	2024-03-01	23473
KIA	Pro cee'd	1.6 Crdi 90	Schrägheck	Frontantrieb	Diesel	66	90	Feb 2008	Sep 2012	2024-03-01	23474
KIA	Pro cee'd	1.6 Crdi 115	Schrägheck	Frontantrieb	Diesel	85	115	Feb 2008	Sep 2012	2024-03-01	23475
KIA	Pro cee'd	2.0 Crdi 140	Schrägheck	Frontantrieb	Diesel	103	140	Feb 2008	Sep 2012	2024-03-01	23476
Mercedes-benz	E-Klasse	E 300 Bluetec	Stufenheck	Heckantrieb	Diesel	155	211	Sep 2007	Dec 2008	2024-03-01	23477
Santana	Ps10/anibal	2.8 D 4X4	Geländewagen geschlossen	Allrad	Diesel	78	106	Mar 2003	-	2024-03-01	23478
Santana	Ps10/anibal	2.8 TD	Geländewagen geschlossen	Heckantrieb	Diesel	92	125	Dec 2002	-	2024-03-01	23479
Santana	Ps10/anibal	2.8 D 4X4	Geländewagen geschlossen	Allrad	Diesel	92	125	Mar 2003	-	2024-03-01	23480
VW	Touareg	5.0 R50 TDI	SUV	Allrad	Diesel	257	350	Aug 2007	May 2010	2024-03-01	23481
Jaguar	Xk ii	3.6	Coupe	Heckantrieb	Benzin	190	258	Jul 2007	Jul 2014	2024-03-01	23482
Chevrolet	Hhr	2.4	Kombi	Frontantrieb	Benzin	125	170	Oct 2007	Dec 2011	2024-03-01	23483
Abarth	Grande punto	1.4	Schrägheck	Frontantrieb	Benzin	114	155	Jul 2007	Jun 2010	2024-03-01	23484
Renault	Twingo	1.2	Schrägheck	Frontantrieb	Benzin	43	58	Mar 2007	Sep 2014	2026-05-01	23485
Renault	Twingo	1.2 16V	Schrägheck	Frontantrieb	Benzin	56	76	Mar 2007	Oct 2010	2026-05-01	23486
Renault	Twingo	1.5 DCI	Schrägheck	Frontantrieb	Diesel	47	64	Mar 2007	Sep 2014	2026-05-01	23487
Nissan	Tiida	1.6	Stufenheck	Frontantrieb	Benzin	81	110	Sep 2007	Dec 2012	2024-03-01	23488
Nissan	Tiida	1.8	Stufenheck	Frontantrieb	Benzin	93	126	Sep 2007	Dec 2012	2024-03-01	23489
Nissan	Tiida	1.5 DCI	Stufenheck	Frontantrieb	Diesel	78	106	Sep 2007	Dec 2012	2024-03-01	23490
Renault	Kangoo	1.6	Kasten/Großraumlimousine	Frontantrieb	Benzin	64	87	Feb 2008	-	2024-03-01	23491
Renault	Kangoo	1.6 16V	Kasten/Großraumlimousine	Frontantrieb	Benzin	78	106	Feb 2008	-	2024-03-01	23492
Renault	Kangoo	1.5 DCI 70	Kasten/Großraumlimousine	Frontantrieb	Diesel	50	68	Feb 2008	-	2024-03-01	23493
Renault	Kangoo	1.5 DCI 85	Kasten/Großraumlimousine	Frontantrieb	Diesel	63	86	Feb 2008	-	2024-03-01	23494
Renault	Kangoo	1.5 DCI 105	Kasten/Großraumlimousine	Frontantrieb	Diesel	76	103	Feb 2008	-	2024-03-01	23495
Daihatsu	Cuore vii	1	Schrägheck	Frontantrieb	Benzin	51	70	Apr 2007	-	2024-03-01	23496
Opel	Corsa d	1.6 Turbo	Schrägheck	Frontantrieb	Benzin	110	150	May 2007	Aug 2014	2024-03-01	23497
Opel	Vivaro a	2.5 Cdti	Kasten	Frontantrieb	Diesel	84	114	Aug 2006	Mar 2010	2024-03-01	23498
Opel	Vivaro a	2.5 Cdti	Bus	Frontantrieb	Diesel	84	114	Aug 2006	Mar 2010	2024-03-01	23499
Opel	Movano a	2.5 Cdti	Kasten	Frontantrieb	Diesel	107	146	Oct 2003	-	2024-03-01	23500
Opel	Movano a	2.5 Cdti	Bus	Frontantrieb	Diesel	107	146	Aug 2006	-	2024-03-01	23501
Opel	Movano a	2.5 Cdti	Pritsche/Fahrgestell	Frontantrieb	Diesel	107	146	Aug 2006	-	2024-03-01	23502
Opel	Movano a	2.5 Cdti	Bus	Frontantrieb	Diesel	88	120	Aug 2006	-	2024-03-01	23503
Opel	Movano a	2.5 Cdti	Kasten	Frontantrieb	Diesel	88	120	Oct 2003	-	2024-03-01	23504
Opel	Movano a	2.5 Cdti	Pritsche/Fahrgestell	Frontantrieb	Diesel	88	120	Aug 2006	-	2024-03-01	23505
Renault	Rapid	1.4	Kasten/Großraumlimousine	Frontantrieb	Benzin	43	58	Sep 1991	Aug 1997	2024-03-01	23508
Jaguar	Xj	4	Stufenheck	Heckantrieb	Benzin	166	226	Oct 1989	Aug 1994	2024-03-01	23515
Saab	900 i	2	Stufenheck	Frontantrieb	Benzin	74	100	Jul 1982	Dec 1988	2024-03-01	23517
Citroën	Xm	3	Kombi	Frontantrieb	Benzin	123	167	May 1989	Jul 1994	2024-03-01	23524
Peugeot	306	1.8	Cabriolet	Frontantrieb	Benzin	74	101	May 1997	Apr 1999	2024-03-01	23539
Mazda	323 iii station wagon	1.6	Kombi	Frontantrieb	Benzin	63	86	Sep 1992	Oct 1995	2024-03-01	23547
Opel	Omega a caravan	2	Kombi	Heckantrieb	Benzin	85	116	Sep 1987	Apr 1994	2024-03-01	23549
Isuzu	Trooper i	2.6 4WD	Geländewagen geschlossen	Allrad	Benzin	85	116	Nov 1986	Jul 1991	2024-03-01	23576
Maserati	Biturbo	420 SI	Stufenheck	Heckantrieb	Benzin	162	220	Oct 1986	Sep 1988	2024-03-01	23586
Chrysler	Voyager / grand iii	2.4 AWD	Großraumlimousine	Allrad	Benzin	111	151	Feb 1997	Mar 2001	2024-03-01	23587
Pontiac	Trans sport	3.1	Großraumlimousine	Frontantrieb	Benzin	89	121	Aug 1989	Dec 1992	2024-03-01	23621
Ford USA	Taurus	3	Stufenheck	Frontantrieb	Benzin	95	129	Nov 1998	Dec 1999	2024-03-01	23624
Ford USA	Taurus	3	Kombi	Frontantrieb	Benzin	95	129	Nov 1998	Dec 1999	2024-03-01	23625
Chevrolet	Blazer s10	4.3 AWD	Geländewagen geschlossen	Allrad	Benzin	119	162	Oct 1994	Sep 1995	2024-03-01	23632
Buick	Skylark	2.3	Stufenheck	Frontantrieb	Benzin	90	122	Oct 1993	Sep 1994	2024-03-01	23634
Cadillac	Seville	4.9	Stufenheck	Frontantrieb	Benzin	150	204	Oct 1990	Sep 1991	2024-03-01	23636
Chevrolet	Beretta	2.3	Coupe	Frontantrieb	Benzin	134	182	Oct 1992	Sep 1996	2024-03-01	23638
Chevrolet	Corvette	5.7	Cabriolet	Heckantrieb	Benzin	186	253	Oct 1989	Sep 1991	2024-03-01	23642
Ford USA	Explorer	4	SUV	Heckantrieb	Benzin	152	207	Sep 1996	Aug 2002	2024-03-01	23643
Ford USA	Explorer	4	SUV	Heckantrieb	Benzin	150	204	Oct 1999	Aug 2002	2024-03-01	23644
Fiat	Doblo cargo	1.4	Kasten/Großraumlimousine	Frontantrieb	Benzin	88	120	Oct 2011	Dec 2023	2025-02-03	23647
Fiat	Palio	1.4	Schrägheck	Frontantrieb	Benzin	57	78	Oct 2005	-	2024-03-01	23650
Citroën	Jumper i	2.0 4X4	Kasten	Allrad	Benzin	80	109	Oct 1996	Jan 2002	2024-03-01	23657
Opel	Astra g cc	1.4	Schrägheck	Frontantrieb	Benzin	66	90	Sep 2007	Dec 2009	2024-03-01	23659
Opel	Astra g classic caravan	1.4	Kombi	Frontantrieb	Benzin	66	90	Oct 2007	Jul 2009	2024-03-01	23660
Daewoo	Nubira	1.6	Schrägheck	Frontantrieb	Benzin	76	103	Aug 2002	Jul 2003	2024-03-01	23661
KIA	Cee'd	1.4 Cvvt	Schrägheck	Frontantrieb	Benzin	66	90	May 2012	Jul 2018	2024-03-01	23662
Chrysler	Voyager i	3	Großraumlimousine	Frontantrieb	Benzin	100	136	Oct 1987	Sep 1990	2024-03-01	23674
Chrysler	Voyager i	3	Großraumlimousine	Frontantrieb	Benzin	101	137	Oct 1987	Sep 1990	2024-03-01	23675
Chrysler	Voyager i	3.3	Großraumlimousine	Frontantrieb	Benzin	112	152	Oct 1989	Sep 1990	2024-03-01	23678
Daewoo	Lanos	1.5	Schrägheck	Frontantrieb	Benzin	73	99	Oct 1997	Jun 1999	2024-03-01	23679
Citroën	C25	2.5 D	Pritsche/Fahrgestell	Frontantrieb	Diesel	55	75	Nov 1983	Jan 1994	2024-03-01	23681
Opel	Astra g	1.4	Stufenheck	Frontantrieb	Benzin	66	90	Sep 2007	Dec 2009	2024-03-01	23685
Seat	Leon	2.0 TDI	Kombi	Frontantrieb	Diesel	135	184	Aug 2013	Aug 2020	2024-03-01	23695
Morgan	Plus eight	3.9	Cabriolet	Heckantrieb	Benzin	140	190	May 1995	Oct 2004	2024-03-01	23697
Fiat	Panda	1.1	Kasten/Schrägheck	Frontantrieb	Benzin	40	54	Sep 2000	Feb 2004	2024-03-01	23700
Fiat	Panda	1.1 4X4	Kasten/Schrägheck	Allrad	Benzin	40	54	Sep 2000	Feb 2004	2024-03-01	23701
Fiat	Doblo kombi	1.4	Bus	Frontantrieb	Benzin	88	120	Oct 2011	Dec 2023	2025-02-03	23703
Hyundai	Elantra iii	1.6	Stufenheck	Frontantrieb	Benzin	66	90	Jun 2000	Jul 2006	2024-03-01	23718
Peugeot	307	1.6 HDI 90	Kombi	Frontantrieb	Diesel	66	90	Apr 2005	Apr 2008	2024-03-01	23722
Isuzu	Trooper ii	2.6 4X4	Geländewagen geschlossen	Allrad	Benzin	85	116	Aug 1991	Apr 1996	2024-03-01	23725
Isuzu	Trooper ii	2.6 4X4	Geländewagen offen	Allrad	Benzin	85	116	Aug 1991	Apr 1996	2024-03-01	23726
Audi	A6 c6	3	Stufenheck	Frontantrieb	Benzin	160	218	Aug 2004	May 2006	2024-03-01	23728
Nissan	350z roadster	3.5	Cabriolet	Heckantrieb	Benzin	230	313	Sep 2005	Dec 2009	2024-03-01	23729
Audi	A4 b7	3.0 Quattro	Stufenheck	Allrad	Benzin	160	218	Nov 2004	Jul 2006	2024-03-01	23735
Audi	A4 b7 avant	3.0 Quattro	Kombi	Allrad	Benzin	160	218	Nov 2004	Jul 2006	2024-03-01	23736
Chevrolet	Epica	2	Stufenheck	Frontantrieb	Benzin	94	128	Jan 2005	Dec 2006	2024-03-01	23739
Ssangyong	Actyon	2.3 4X4	SUV	Allrad	Benzin	110	150	Nov 2006	-	2025-12-01	23742
Mitsubishi	Eclipse	3	Cabriolet	Frontantrieb	Benzin	149	203	May 1999	Mar 2005	2024-03-01	23750
Mitsubishi	Eclipse	3	Cabriolet	Frontantrieb	Benzin	157	213	May 1999	Mar 2005	2024-03-01	23751
Chevrolet	Caprice	5.7	Stufenheck	Heckantrieb	Benzin	194	264	Oct 1993	Sep 1996	2024-03-01	23756
Buick	Century	2.5	Stufenheck	Frontantrieb	Benzin	66	90	Oct 1981	Sep 1986	2024-03-01	23757
Buick	Century	3	Stufenheck	Frontantrieb	Benzin	82	111	Oct 1981	Sep 1986	2024-03-01	23758
Buick	Century	3.8	Stufenheck	Frontantrieb	Benzin	94	128	Oct 1983	Sep 1986	2024-03-01	23759
Buick	Century	3	Kombi	Frontantrieb	Benzin	82	111	Oct 1981	Aug 1983	2024-03-01	23760
Buick	Century	3.8	Kombi	Frontantrieb	Benzin	112	152	Oct 1986	Sep 1988	2024-03-01	23761
Buick	Century	2.2	Stufenheck	Frontantrieb	Benzin	82	112	Oct 1991	Sep 1996	2024-03-01	23762
Buick	Century	3.1	Stufenheck	Frontantrieb	Benzin	130	177	Oct 1993	Sep 1996	2024-03-01	23763
Buick	Century	2.2	Kombi	Frontantrieb	Benzin	82	111	Oct 1991	Sep 1996	2024-03-01	23764
VW	Golf v variant	2.0 Tfsi	Kombi	Frontantrieb	Benzin	147	200	Jun 2007	Jul 2009	2024-03-01	23795
Chrysler	Voyager iv	2.5 CRD	Großraumlimousine	Frontantrieb	Diesel	88	120	Aug 2005	Dec 2008	2024-03-01	23796
Jeep	Grand cherokee ii	2.7 CRD 4X4	Geländewagen geschlossen	Allrad	Diesel	120	163	Oct 2004	Sep 2005	2024-03-01	23797
Hyundai	H-1	2.5 Crdi	Pritsche/Fahrgestell	Heckantrieb	Diesel	103	140	Dec 2002	Oct 2005	2024-03-01	23798
Mitsubishi	Pajero classic	3.2 Di-d	Geländewagen geschlossen	Allrad	Diesel	125	170	Sep 2006	-	2024-03-01	23808
Peugeot	J5	2.5 DT	Kasten	Frontantrieb	Diesel	70	95	Sep 1990	Jan 1994	2024-03-01	23812
Daihatsu	Cuore v	1.0 Dvvt	Schrägheck	Frontantrieb	Benzin	43	58	Oct 2000	Feb 2003	2024-03-01	23816
Daihatsu	Terios	1.3 Vvt-i 4X4	Geländewagen geschlossen	Allrad	Benzin	63	86	Nov 2005	-	2024-03-01	23818
Citroën	Saxo	Electric	Schrägheck	Frontantrieb	Elektro	20	27	Nov 1996	Jun 2003	2024-03-01	23825
Citroën	Berlingo	Electric	Kasten/Großraumlimousine	Frontantrieb	Elektro	28	38	Jul 2003	Dec 2005	2024-03-01	23826
Citroën	C3 i	1.4 HDI	Schrägheck	Frontantrieb	Diesel	55	75	May 2005	Dec 2009	2024-07-01	23829
Fiat	Ducato	2.8 JTD	Bus	Frontantrieb	Diesel	107	145	Apr 2004	Jul 2006	2024-03-01	23831
Lotus	Esprit s2	2.2 S2	Coupe	Heckantrieb	Benzin	118	160	Oct 1981	Aug 1984	2024-03-01	23834
VW	Lt 28-35 i	2.4 TD Syncro	Pritsche/Fahrgestell	Allrad	Diesel	70	95	Aug 1992	Apr 1996	2024-03-01	23844
VW	Lt 40-55 i	2.4 TD Syncro	Pritsche/Fahrgestell	Allrad	Diesel	70	95	Aug 1992	Apr 1996	2024-03-01	23846
Ford	Transit	2.4 TD	Kasten	Frontantrieb	Diesel	55	75	Aug 2000	Aug 2003	2024-03-01	23848
Opel	Insignia a sports tourer	2.0 Cdti 4X4	Kombi	Allrad	Diesel	120	163	Jul 2013	Jun 2015	2024-03-01	23849
VW	Lt 28-35 ii	2.8 TDI	Bus	Heckantrieb	Diesel	116	158	May 2001	Jun 2006	2024-03-01	23856
Fiat	Strada	1.3 D Multijet	Pick-up	Frontantrieb	Diesel	70	95	Oct 2010	-	2024-03-01	23857
Jeep	Cherokee	2.5 TDI 4X4	Geländewagen geschlossen	Allrad	Diesel	85	116	Oct 1996	Sep 2001	2024-03-01	23859
Chrysler	Voyager / grand iii	2.5 Tdic AWD	Großraumlimousine	Allrad	Diesel	85	116	Oct 1995	Mar 2001	2024-03-01	23861
Buick	Century	3.8 T-type	Kombi	Frontantrieb	Benzin	94	128	Oct 1986	Sep 1989	2024-03-01	23864
VW	New beetle	2.5	Schrägheck	Frontantrieb	Benzin	110	150	Jul 2005	Sep 2010	2024-03-01	23865
VW	New beetle	2.5	Cabriolet	Frontantrieb	Benzin	110	150	Jul 2005	Sep 2010	2024-03-01	23866
Morris	Mini	850	Schrägheck	Frontantrieb	Benzin	25	34	Jan 1967	Aug 1979	2024-03-01	24063
Renault	Thalia i	1.6	Stufenheck	Frontantrieb	Benzin	82	112	Jan 2004	Dec 2008	2024-03-01	24066
Jaguar	Xj	5.0 Scv8	Stufenheck	Heckantrieb	Benzin	405	550	Jun 2013	Dec 2019	2025-02-03	24106
VW	Beetle	1.4 TSI	Schrägheck	Frontantrieb	Benzin	118	160	Oct 2011	Jul 2016	2024-03-01	24176
VW	Beetle	1.6 TDI	Schrägheck	Frontantrieb	Diesel	77	105	Oct 2011	Jul 2016	2024-03-01	24177
Think	City	Electric	Schrägheck	Frontantrieb	Elektro	30	41	Jan 2008	-	2024-03-01	24178
VW	Beetle	2.0 TDI	Schrägheck	Frontantrieb	Diesel	103	140	Apr 2011	Jul 2016	2024-03-01	24179
Ferrari	348 spider	3.4	Cabriolet	Heckantrieb	Benzin	235	320	Mar 1993	Dec 1995	2024-03-01	24183
Subaru	Leone	1800 4WD	Schrägheck	Allrad	Benzin	66	90	Jan 1985	Dec 1989	2024-03-01	24185
Renault	19 i chamade	1.7	Stufenheck	Frontantrieb	Benzin	68	92	Sep 1988	Dec 1992	2024-03-01	24190
Renault	19 ii chamade	1.7	Stufenheck	Frontantrieb	Benzin	68	92	Jan 1993	Aug 1995	2024-03-01	24191
Nissan	Interstar	DCI 100	Bus	Frontantrieb	Diesel	74	101	Apr 2006	Mar 2011	2024-03-01	24194
Nissan	Interstar	DCI 100	Kasten	Frontantrieb	Diesel	74	101	Apr 2006	-	2024-03-01	24195
Nissan	Interstar	DCI 100	Pritsche/Fahrgestell	Frontantrieb	Diesel	73	99	Feb 2004	-	2024-03-01	24196
Nissan	Interstar	DCI 115	Pritsche/Fahrgestell	Frontantrieb	Diesel	84	115	Aug 2003	-	2024-03-01	24197
Nissan	Interstar	DCI 120	Pritsche/Fahrgestell	Frontantrieb	Diesel	88	120	Aug 2006	-	2024-03-01	24198
Nissan	Interstar	DCI 150	Pritsche/Fahrgestell	Frontantrieb	Diesel	107	145	Aug 2006	-	2024-03-01	24199
Nissan	Interstar	DCI 140	Pritsche/Fahrgestell	Frontantrieb	Diesel	100	136	Nov 2003	-	2024-03-01	24200
Renault	Laguna ii	1.9 DCI	Schrägheck	Frontantrieb	Diesel	79	107	Mar 2001	Sep 2007	2024-03-01	24201
Renault	Laguna ii grandtour	1.9 DCI	Kombi	Frontantrieb	Diesel	79	107	Mar 2001	Dec 2007	2024-03-01	24202
Seat	Altea	1.4 TSI	Großraumlimousine	Frontantrieb	Benzin	92	125	Nov 2007	Jul 2015	2024-05-01	24240
Seat	Altea	1.4 TSI	Großraumlimousine	Frontantrieb	Benzin	92	125	Nov 2007	Jul 2015	2024-05-01	24241
Seat	Altea	2.0 Tfsi 4X4	Großraumlimousine	Allrad	Benzin	147	200	Jun 2007	May 2009	2024-03-01	24242
Seat	Altea	2.0 TDI 4X4	Großraumlimousine	Allrad	Diesel	125	170	Jun 2007	Jun 2013	2024-03-01	24243
VW	Sharan	2.0 16V	Großraumlimousine	Frontantrieb	Benzin	110	150	Sep 1995	Feb 2000	2024-03-01	24248
VW	Polo	1.6	Stufenheck	Frontantrieb	Benzin	74	101	Sep 2002	-	2024-03-01	24253
VW	Passat b6	2.0 TDI	Stufenheck	Frontantrieb	Diesel	90	122	Aug 2005	Jul 2006	2024-03-01	24257
VW	Passat b6	2.0 TDI	Stufenheck	Frontantrieb	Diesel	120	163	Aug 2005	May 2009	2024-03-01	24259
Buick	Century	3.8 T-type	Coupe	Frontantrieb	Benzin	94	128	Oct 1986	Sep 1989	2024-03-01	24267
Buick	Century	3.8 Custom	Coupe	Frontantrieb	Benzin	112	152	Oct 1986	Sep 1988	2024-03-01	24268
Buick	Century	3.8 Special	Kombi	Heckantrieb	Benzin	78	106	Oct 1977	Dec 1981	2024-03-01	24269
Ferrari	F50	4.7	Targa	Heckantrieb	Benzin	383	521	May 1995	Oct 1997	2024-03-01	24276
Opel	Insignia a	2.0 Cdti	Schrägheck	Frontantrieb	Diesel	120	163	Jul 2013	Mar 2017	2024-03-01	24303
Seat	Leon	1.6 Multifuel	Schrägheck	Frontantrieb	Benzin/Ethanol	75	102	Jul 2005	Aug 2013	2024-03-01	24304
Ford	Mondeo v	2.0 Ecoboost	Stufenheck	Frontantrieb	Benzin	176	240	May 2015	Mar 2022	2026-04-01	24305
Suzuki	Jimny	1.3	Geländewagen geschlossen	Heckantrieb	Benzin	63	86	Aug 2004	-	2024-03-01	24313
Ssangyong	Musso	2.3 D	Geländewagen geschlossen	Allrad	Diesel	58	79	Mar 1993	Apr 1997	2024-03-01	24314
KIA	Bongo	2.4 Tdci	Pritsche/Fahrgestell	Heckantrieb	Diesel	69	94	Oct 2003	Dec 2012	2026-05-01	24327
Plymouth	Sundance	2.2	Coupe	Frontantrieb	Benzin	67	91	Oct 1989	Sep 1994	2024-03-01	24343
Plymouth	Sundance	2.2	Coupe	Frontantrieb	Benzin	72	98	Mar 1986	Sep 1989	2024-03-01	24344
Plymouth	Sundance	2.2 Turbo	Coupe	Frontantrieb	Benzin	109	148	Mar 1986	Sep 1989	2024-03-01	24345
Plymouth	Sundance	2.2 Turbo	Coupe	Frontantrieb	Benzin	129	175	Oct 1989	Sep 1991	2024-03-01	24346
Plymouth	Sundance	2.5 Duster	Coupe	Frontantrieb	Benzin	74	101	Oct 1989	Sep 1994	2024-03-01	24347
Plymouth	Sundance	2.5 Turbo	Coupe	Frontantrieb	Benzin	112	152	Oct 1989	Sep 1994	2024-03-01	24348
Plymouth	Sundance	3.0 Duster	Coupe	Frontantrieb	Benzin	104	141	Oct 1991	Sep 1994	2024-03-01	24349
Plymouth	Sundance	2.2	Stufenheck	Frontantrieb	Benzin	67	91	Oct 1989	Sep 1994	2024-03-01	24350
Plymouth	Sundance	2.2	Stufenheck	Frontantrieb	Benzin	72	98	Mar 1986	Sep 1989	2024-03-01	24351
Plymouth	Sundance	2.2 Turbo	Stufenheck	Frontantrieb	Benzin	109	148	Mar 1986	Sep 1989	2024-03-01	24352
Plymouth	Sundance	2.2 Turbo	Stufenheck	Frontantrieb	Benzin	129	175	Oct 1989	Sep 1991	2024-03-01	24353
Plymouth	Sundance	2.5 Duster	Stufenheck	Frontantrieb	Benzin	74	101	Oct 1989	Sep 1994	2024-03-01	24354
Plymouth	Sundance	2.5 Turbo	Stufenheck	Frontantrieb	Benzin	112	152	Oct 1989	Sep 1994	2024-03-01	24355
Plymouth	Sundance	3.0 Duster	Stufenheck	Frontantrieb	Benzin	104	141	Oct 1991	Sep 1994	2024-03-01	24356
Plymouth	Voyager / grand	3.3 LE	Großraumlimousine	Frontantrieb	Benzin	112	152	Oct 1989	Sep 1990	2024-03-01	24357
VW	Multivan t5	1.9 TDI	Bus	Frontantrieb	Diesel	63	85	Apr 2003	Nov 2009	2024-03-01	24367
VW	Transporter t5	2.0 TDI	Kasten	Frontantrieb	Diesel	84	114	May 2011	Aug 2015	2024-03-01	24375
BMW	I3	Electric	Schrägheck	Heckantrieb	Elektro	75	102	Aug 2013	-	2026-06-01	24378
Infiniti	Q50	50 D	Stufenheck	Heckantrieb	Diesel	125	170	Apr 2013	-	2024-03-01	24379
Fiat	Scudo	2.0 D Multijet 4X4	Bus	Allrad	Diesel	94	128	Apr 2011	Mar 2016	2024-03-01	24380
VW	Transporter t5	2.0 TDI	Pritsche/Fahrgestell	Frontantrieb	Diesel	84	114	May 2011	Aug 2015	2024-03-01	24388
Toyota	Wish	1.8 HI	Großraumlimousine	Frontantrieb	Benzin	97	132	Apr 2003	Mar 2009	2024-03-01	24398
Aixam	500	0.5 D	Schrägheck	Frontantrieb	Diesel	10	14	Dec 1997	Mar 2004	2024-03-01	24427
Aixam	A.721	0.4 D	Schrägheck	Frontantrieb	Diesel	4	5	Jan 2005	-	2024-03-01	24428
Aixam	A.741	0.4 D	Schrägheck	Frontantrieb	Diesel	4	5	Jan 2005	-	2024-03-01	24429
Aixam	A.751	0.5 D	Schrägheck	Frontantrieb	Diesel	10	14	Jan 2005	Mar 2010	2024-03-01	24430
Opel	Vivaro a	2.0 Cdti	Pritsche/Fahrgestell	Frontantrieb	Diesel	66	90	Jan 2006	Jul 2014	2024-03-01	24431
Opel	Vivaro a	2.0 Ecotec	Pritsche/Fahrgestell	Frontantrieb	Benzin	86	117	Aug 2006	Jul 2014	2024-03-01	24432
Opel	Vivaro a	2.0 Cdti	Pritsche/Fahrgestell	Frontantrieb	Diesel	84	114	Aug 2006	Jul 2014	2024-03-01	24433
Opel	Vivaro a	2.5 Cdti	Pritsche/Fahrgestell	Frontantrieb	Diesel	84	114	Aug 2006	Mar 2010	2024-03-01	24434
Opel	Vivaro a	2.5 Cdti	Pritsche/Fahrgestell	Frontantrieb	Diesel	107	146	Aug 2006	Jul 2014	2024-03-01	24435
Volvo	V70 iii	2	Kombi	Frontantrieb	Benzin	107	145	Oct 2007	Dec 2011	2024-03-01	24436
Volvo	V70 iii	3.2	Kombi	Frontantrieb	Benzin	175	238	Aug 2007	Dec 2010	2024-03-01	24437
Volvo	V70 iii	2.0 D	Kombi	Frontantrieb	Diesel	100	136	Oct 2007	Dec 2015	2024-03-01	24438
Volvo	V70 iii	D5 AWD	Kombi	Allrad	Diesel	136	185	Apr 2007	Dec 2009	2024-03-01	24439
BMW	1	120 I	Cabriolet	Heckantrieb	Benzin	125	170	Dec 2007	Oct 2013	2024-03-01	24440
BMW	1	125 I	Cabriolet	Heckantrieb	Benzin	160	218	Dec 2007	Oct 2013	2024-03-01	24441
Ford	Mondeo iv	2.3	Schrägheck	Frontantrieb	Benzin	118	160	Jul 2007	Jan 2015	2024-03-01	24450
Ford	Mondeo iv	2.0 Tdci	Schrägheck	Frontantrieb	Diesel	85	115	Nov 2007	Jan 2015	2024-03-01	24451
Ford	Mondeo iv	2.2 Tdci	Schrägheck	Frontantrieb	Diesel	129	175	Mar 2008	Oct 2010	2024-03-01	24452
Ford	Mondeo iv	2.2 Tdci	Stufenheck	Frontantrieb	Diesel	129	175	Mar 2008	Oct 2010	2024-03-01	24453
Ford	Mondeo iv turnier	2.2 Tdci	Kombi	Frontantrieb	Diesel	129	175	Mar 2008	Oct 2010	2024-03-01	24454
Ford	Mondeo iv	2.3	Stufenheck	Frontantrieb	Benzin	118	160	Jul 2007	Jan 2015	2024-03-01	24455
Ford	Mondeo iv turnier	2.3	Kombi	Frontantrieb	Benzin	118	160	Jul 2007	Jan 2015	2024-03-01	24456
Ford	Mondeo iv	2.0 Tdci	Stufenheck	Frontantrieb	Diesel	85	115	Nov 2007	Jan 2015	2024-03-01	24457
Ford	Mondeo iv turnier	2.0 Tdci	Kombi	Frontantrieb	Diesel	85	115	Nov 2007	Jan 2015	2024-03-01	24458
Ford	S-Max	2.2 Tdci	Großraumlimousine	Frontantrieb	Diesel	129	175	Mar 2008	Dec 2012	2024-03-01	24459
Ford	S-Max	2.3	Großraumlimousine	Frontantrieb	Benzin	118	160	Jul 2007	Dec 2014	2024-03-01	24460
Ford	S-Max	2.0 Tdci	Großraumlimousine	Frontantrieb	Diesel	85	115	Nov 2007	Dec 2014	2024-03-01	24461
Ford	Galaxy ii	2.3	Großraumlimousine	Frontantrieb	Benzin	118	160	Sep 2007	Jun 2015	2024-03-01	24462
Ford	Galaxy ii	2.0 Tdci	Großraumlimousine	Frontantrieb	Diesel	85	115	Nov 2007	Jun 2015	2024-03-01	24463
Ford	Galaxy ii	2.2 Tdci	Großraumlimousine	Frontantrieb	Diesel	129	175	Mar 2008	Dec 2012	2024-03-01	24464
VW	Caddy iii	1.9 TDI	Kasten/Großraumlimousine	Frontantrieb	Diesel	55	75	Sep 2005	Aug 2010	2024-03-01	24465
VW	Caddy iii	2.0 TDI	Großraumlimousine	Frontantrieb	Diesel	103	140	Sep 2007	Aug 2010	2024-03-01	24466
VW	Caddy iii	2.0 TDI	Kasten/Großraumlimousine	Frontantrieb	Diesel	103	140	Sep 2007	Aug 2010	2024-03-01	24467
Chevrolet	Nubira	2.0 D	Kombi	Frontantrieb	Diesel	89	121	Jan 2007	Dec 2011	2024-03-01	24468
Chevrolet	Lacetti	2.0 D	Schrägheck	Frontantrieb	Diesel	89	121	Jan 2007	-	2024-03-01	24469
Chevrolet	Epica	2.0 D	Stufenheck	Frontantrieb	Diesel	110	150	Jan 2007	Dec 2011	2024-03-01	24470
Chevrolet	Captiva	2.0 D	SUV	Frontantrieb	Diesel	110	150	Sep 2007	-	2024-03-01	24471
Audi	Tt	2.0 TTS Quattro	Coupe	Allrad	Benzin	200	272	May 2008	Jun 2014	2024-03-01	24472
Audi	Tt	2.0 TTS Quattro	Cabriolet	Allrad	Benzin	200	272	May 2008	Jun 2014	2024-03-01	24473
Jaguar	Xf i	3	Stufenheck	Heckantrieb	Benzin	175	238	Mar 2008	Apr 2015	2024-03-01	24474
Jaguar	Xf i	4.2	Stufenheck	Heckantrieb	Benzin	219	298	Mar 2008	Apr 2015	2024-03-01	24475
Jaguar	Xf i	4.2 Supercharged	Stufenheck	Heckantrieb	Benzin	306	416	Mar 2008	Apr 2015	2026-05-01	24476
Jaguar	Xf i	2.7 D	Stufenheck	Heckantrieb	Diesel	152	207	Mar 2008	Apr 2015	2024-03-01	24477
Porsche	Cayenne	GTS 4.8	SUV	Allrad	Benzin	298	405	Oct 2007	Sep 2010	2024-03-01	24478
Cadillac	Bls	2.0 T Flexpower	Stufenheck	Frontantrieb	Benzin/Ethanol	147	200	Dec 2007	-	2024-03-01	24479
Cadillac	Bls	1.9 D	Stufenheck	Frontantrieb	Diesel	132	180	Dec 2007	-	2024-03-01	24480
Cadillac	Bls	2.0 T	Kombi	Frontantrieb	Benzin	129	175	Dec 2007	Dec 2010	2024-03-01	24481
Cadillac	Bls	2.0 T Flexpower	Kombi	Frontantrieb	Benzin/Ethanol	147	200	Dec 2007	-	2024-03-01	24482
Cadillac	Bls	2.0 T	Kombi	Frontantrieb	Benzin	154	210	Dec 2007	-	2024-03-01	24483
Cadillac	Bls	2.8 T	Kombi	Frontantrieb	Benzin	188	255	Dec 2007	-	2024-03-01	24484
Cadillac	Bls	1.9 D	Kombi	Frontantrieb	Diesel	110	150	Dec 2007	-	2024-03-01	24485
Cadillac	Bls	1.9 D	Kombi	Frontantrieb	Diesel	132	180	Dec 2007	-	2024-03-01	24486
Cadillac	Cts	2.8	Stufenheck	Heckantrieb	Benzin	155	211	Jan 2008	Dec 2009	2024-03-01	24487
Cadillac	Cts	3.6	Stufenheck	Heckantrieb	Benzin	229	311	Jan 2008	Sep 2013	2024-03-01	24488
Cadillac	Cts	3.6 AWD	Stufenheck	Allrad	Benzin	229	311	Jan 2008	Sep 2013	2024-03-01	24489
Dacia	Logan	1.5 DCI	Stufenheck	Frontantrieb	Diesel	63	86	Sep 2007	Dec 2011	2024-03-01	24490
Dacia	Logan	1.5 DCI	Kombi	Frontantrieb	Diesel	63	86	Sep 2007	Dec 2012	2024-03-01	24491
VW	Golf v variant	1.9 TDI 4motion	Kombi	Allrad	Diesel	77	105	Jan 2008	Jul 2009	2024-03-01	24492
Audi	A3	1.8 Tfsi	Cabriolet	Frontantrieb	Benzin	118	160	Apr 2008	May 2013	2024-03-01	24493
Audi	A3	2.0 Tfsi	Cabriolet	Frontantrieb	Benzin	147	200	Apr 2008	May 2013	2024-03-01	24494
Audi	A3	1.9 TDI	Cabriolet	Frontantrieb	Diesel	77	105	Apr 2008	Oct 2009	2024-03-01	24495
Audi	A3	2.0 TDI	Cabriolet	Frontantrieb	Diesel	103	140	Apr 2008	May 2013	2024-03-01	24496
Audi	A6 c6 avant	RS6 Quattro	Kombi	Allrad	Benzin	426	580	Apr 2008	Aug 2010	2024-03-01	24497
Citroën	C5	1.8 16V	Stufenheck	Frontantrieb	Benzin	92	125	Feb 2008	Oct 2010	2024-07-01	24498
Citroën	C5	2.0 16V	Stufenheck	Frontantrieb	Benzin	103	140	Feb 2008	Oct 2014	2024-07-01	24499
Citroën	C5	3.0 V6	Stufenheck	Frontantrieb	Benzin	155	211	Feb 2008	Dec 2010	2024-07-01	24500
Citroën	C5	1.6 HDI 110	Stufenheck	Frontantrieb	Diesel	80	109	Feb 2008	Oct 2010	2024-07-01	24501
Citroën	C5	2.0 HDI	Stufenheck	Frontantrieb	Diesel	100	136	Feb 2008	Jun 2014	2024-07-01	24502
Citroën	C5	2.2 HDI	Stufenheck	Frontantrieb	Diesel	125	170	Feb 2008	Dec 2011	2024-07-01	24503
Citroën	C5	2.7 HDI	Stufenheck	Frontantrieb	Diesel	150	204	Feb 2008	Dec 2009	2024-07-01	24504
Citroën	C5	1.8 I 16V	Kombi	Frontantrieb	Benzin	92	125	Feb 2008	Oct 2010	2024-07-01	24505
Citroën	C5	2.0 I 16V	Kombi	Frontantrieb	Benzin	103	140	Feb 2008	Oct 2014	2024-07-01	24506
Citroën	C5	3.0 V6	Kombi	Frontantrieb	Benzin	155	211	Feb 2008	Dec 2010	2024-07-01	24507
Citroën	C5	1.6 HDI 110	Kombi	Frontantrieb	Diesel	80	109	Feb 2008	Oct 2010	2024-07-01	24508
Citroën	C5	2.0 HDI	Kombi	Frontantrieb	Diesel	100	136	Feb 2008	Jun 2014	2024-07-01	24509
Citroën	C5	2.2 HDI	Kombi	Frontantrieb	Diesel	125	170	Feb 2008	Dec 2011	2024-07-01	24510
Citroën	C5	2.7 HDI	Kombi	Frontantrieb	Diesel	150	204	Feb 2008	Oct 2009	2024-07-01	24511
Citroën	Berlingo	1.6	Großraumlimousine	Frontantrieb	Benzin	66	90	Apr 2008	Dec 2018	2026-05-01	24512
Citroën	Berlingo	1.6	Großraumlimousine	Frontantrieb	Benzin	80	109	Apr 2008	Dec 2018	2026-05-01	24513
Citroën	Berlingo	1.6 HDI 75 16V	Großraumlimousine	Frontantrieb	Diesel	55	75	Apr 2008	Dec 2018	2026-05-01	24514
Citroën	Berlingo	1.6 HDI 90	Großraumlimousine	Frontantrieb	Diesel	66	90	Apr 2008	Dec 2018	2026-05-01	24515
Citroën	Berlingo	1.6 HDI 110	Großraumlimousine	Frontantrieb	Diesel	80	109	Apr 2008	Dec 2018	2026-05-01	24516
Citroën	Berlingo	1.6	Kasten/Großraumlimousine	Frontantrieb	Benzin	66	90	Apr 2008	Dec 2018	2026-05-01	24517
Citroën	Berlingo	1.6	Kasten/Großraumlimousine	Frontantrieb	Benzin	80	109	Apr 2008	Dec 2018	2026-05-01	24518
Citroën	Berlingo	1.6 HDI 75	Kasten/Großraumlimousine	Frontantrieb	Diesel	55	75	Apr 2008	Dec 2018	2026-05-01	24519
Citroën	Berlingo	1.6 HDI 90 16V	Kasten/Großraumlimousine	Frontantrieb	Diesel	66	90	Apr 2008	Dec 2018	2026-05-01	24520
Citroën	Berlingo	1.6 HDI 110	Kasten/Großraumlimousine	Frontantrieb	Diesel	80	109	Apr 2008	Dec 2018	2026-05-01	24521
Citroën	Nemo	1.4	Kasten/Großraumlimousine	Frontantrieb	Benzin	54	73	Feb 2008	-	2024-03-01	24522
Citroën	Nemo	1.4 HDI	Kasten/Großraumlimousine	Frontantrieb	Diesel	50	68	Feb 2008	-	2024-03-01	24523
Renault	Logan	1.4	Stufenheck	Frontantrieb	Benzin	55	75	Sep 2004	-	2024-03-01	24524
Renault	Logan	1.6	Stufenheck	Frontantrieb	Benzin	64	87	Sep 2004	-	2024-03-01	24525
Peugeot	Bipper	1.4	Kasten/Großraumlimousine	Frontantrieb	Benzin	54	73	Feb 2008	-	2024-03-01	24527
Peugeot	Bipper	1.4 HDI	Kasten/Großraumlimousine	Frontantrieb	Diesel	50	68	Feb 2008	-	2024-03-01	24528
Peugeot	Partner tepee	1.6 VTI	Großraumlimousine	Frontantrieb	Benzin	66	90	Apr 2008	-	2024-03-01	24529
Peugeot	Partner tepee	1.6 VTI	Großraumlimousine	Frontantrieb	Benzin	80	109	Apr 2008	-	2024-03-01	24530
Peugeot	Partner tepee	1.6 HDI 16V	Großraumlimousine	Frontantrieb	Diesel	66	90	Apr 2008	-	2024-03-01	24532
Peugeot	Partner tepee	1.6 HDI	Großraumlimousine	Frontantrieb	Diesel	80	109	Apr 2008	-	2024-03-01	24533
Peugeot	Partner	1.6	Kasten/Großraumlimousine	Frontantrieb	Benzin	66	90	Apr 2008	-	2024-03-01	24534
Peugeot	Partner	1.6	Kasten/Großraumlimousine	Frontantrieb	Benzin	80	109	Apr 2008	-	2024-03-01	24535
Peugeot	Partner	1.6 HDI	Kasten/Großraumlimousine	Frontantrieb	Diesel	55	75	Apr 2008	-	2024-03-01	24536
Peugeot	Partner	1.6 HDI 16V	Kasten/Großraumlimousine	Frontantrieb	Diesel	66	90	Apr 2008	-	2024-03-01	24537
Peugeot	Partner	1.6 HDI	Kasten/Großraumlimousine	Frontantrieb	Diesel	80	109	Apr 2008	-	2024-03-01	24538
Jeep	Patriot	2.4 4X4	Geländewagen geschlossen	Allrad	Benzin	125	170	Jan 2008	Dec 2017	2024-03-01	24539
Jeep	Patriot	2.0 CRD 4X4	Geländewagen geschlossen	Allrad	Diesel	103	140	Feb 2007	Dec 2017	2024-03-01	24540
Mitsubishi	Lancer viii	1.8	Stufenheck	Frontantrieb	Benzin	105	143	Feb 2008	-	2024-03-01	24542
Mitsubishi	Lancer viii	2.0 Di-d	Stufenheck	Frontantrieb	Diesel	103	140	Jan 2008	-	2024-03-01	24543
Mitsubishi	L200	2.5 Di-d 4WD	Pick-up	Allrad	Diesel	123	167	Oct 2007	Dec 2015	2024-03-01	24544
Lexus	Is ii	IS F	Stufenheck	Heckantrieb	Benzin	311	423	Nov 2007	Mar 2013	2024-03-01	24545
Smart	Fortwo	1.0 Brabus	Coupe	Heckantrieb	Benzin	72	98	Jan 2008	-	2024-03-01	24547
Honda	Fr-V	1.8	Großraumlimousine	Frontantrieb	Benzin	103	140	Jan 2007	Dec 2009	2025-12-01	24548
Mitsubishi	Pajero ii	2.5 Tdic	Geländewagen geschlossen	Allrad	Diesel	73	99	Mar 1991	Aug 1999	2024-03-01	24555
Mitsubishi	Pajero ii canvas top	2.5 Tdic	Geländewagen offen	Allrad	Diesel	73	99	Mar 1991	Aug 1999	2024-03-01	24585
Jeep	Wrangler i	4.0 2WD	Geländewagen offen	Heckantrieb	Benzin	131	178	Oct 1986	Sep 1990	2024-03-01	24593
Jeep	Wrangler i	4.0 4X4	Geländewagen offen	Allrad	Benzin	131	178	Oct 1986	Sep 1990	2024-03-01	24594
Alfa Romeo	Giulietta	2.0 Jtdm	Schrägheck	Frontantrieb	Diesel	110	150	Aug 2013	Oct 2018	2024-03-01	24597
Lexus	Rx	300	SUV	Frontantrieb	Benzin	148	201	Jan 1998	Feb 2003	2024-03-01	24598
Honda	Concerto	1.6	Stufenheck	Frontantrieb	Benzin	96	131	Oct 1989	Oct 1992	2024-03-01	24599
Tata	Safari	2.0 TDI 4X4	SUV	Allrad	Diesel	64	87	Jul 2003	-	2024-03-01	24612
Land Rover	Defender cabrio	3.9 4X4	Geländewagen offen	Allrad	Benzin	134	182	Apr 1998	Sep 2000	2024-03-01	24616
Land Rover	Defender station wagon	3.9 4X4	Geländewagen geschlossen	Allrad	Benzin	134	182	Jan 1993	Sep 2000	2024-03-01	24617
Subaru	Impreza	2.5 AWD	Stufenheck	Allrad	Benzin	130	177	Mar 2001	Sep 2005	2024-03-01	24618
Subaru	Impreza	2.0 AWD	Stufenheck	Allrad	Benzin	184	250	Oct 2005	Mar 2007	2024-03-01	24621
Subaru	Impreza	2.5 AWD	Stufenheck	Allrad	Benzin	221	300	Oct 2005	Mar 2007	2024-03-01	24622
Subaru	Impreza station wagon	2.5 AWD	Kombi	Allrad	Benzin	221	300	Oct 2005	Mar 2007	2024-03-01	24627
Nissan	X-Trail i	2.2 DCI FWD	SUV	Frontantrieb	Diesel	84	114	Jun 2001	Sep 2004	2024-03-01	24628
Hyundai	Accent ii	1.5	Stufenheck	Frontantrieb	Benzin	75	102	Sep 1999	Oct 2002	2024-03-01	24636
Land Rover	Defender pick up	4.0 4X4	Geländewagen offen	Allrad	Benzin	134	182	Apr 1998	Sep 2000	2024-03-01	24641
Subaru	Forester	2.5 AWD	SUV	Allrad	Benzin	129	175	Jan 2005	Oct 2012	2024-03-01	24659
Lada	110	1.6	Stufenheck	Frontantrieb	Benzin	60	82	Jan 2000	Dec 2012	2024-03-01	24668
Lada	110	1.6	Stufenheck	Frontantrieb	Benzin	66	90	Jan 2000	Dec 2008	2024-03-01	24669
Chevrolet	Camaro	5.7	Cabriolet	Heckantrieb	Benzin	168	228	Oct 1988	Sep 1989	2024-03-01	24676
Chevrolet	Camaro	5.7	Cabriolet	Heckantrieb	Benzin	182	247	Oct 1988	Sep 1989	2024-03-01	24677
Chevrolet	Colorado	2.8	Pick-up	Heckantrieb	Benzin	130	177	Apr 2003	Sep 2006	2024-03-01	24700
Chevrolet	Colorado	3.5	Pick-up	Heckantrieb	Benzin	164	223	May 2005	Sep 2006	2024-03-01	24701
Chevrolet	Corvette	5.7	Coupe	Heckantrieb	Benzin	246	335	Sep 1995	Dec 1997	2026-06-01	24715
Chevrolet	Corvette	5.7	Coupe	Heckantrieb	Benzin	207	281	Oct 1991	Apr 1997	2024-03-01	24717
Chevrolet	Corvette	5.7	Coupe	Heckantrieb	Benzin	224	305	Oct 1991	Apr 1997	2024-03-01	24718
Chevrolet	Hhr	2.4	Kombi	Frontantrieb	Benzin	128	174	Jan 2006	Dec 2011	2024-03-01	24720
Chrysler	Pacifica	3.5	Großraumlimousine	Frontantrieb	Benzin	186	253	Aug 2003	Dec 2006	2024-03-01	24765
Dodge	Charger	3.5	Stufenheck	Heckantrieb	Benzin	186	253	Jun 2005	Dec 2010	2024-03-01	24770
Dodge	Durango	4.7	SUV	Heckantrieb	Benzin	172	234	Nov 2003	Dec 2009	2024-03-01	24778
Dodge	Ramcharger	5.2	SUV	Heckantrieb	Benzin	107	145	Oct 1983	Sep 1988	2024-03-01	24784
Dodge	Ramcharger	5.2	SUV	Heckantrieb	Benzin	127	173	Oct 1988	Sep 1993	2024-03-01	24785
Dodge	Ramcharger	5.9	SUV	Heckantrieb	Benzin	142	193	Oct 1988	Dec 1996	2024-03-01	24786
Dodge	Viper	8.0 Rt10	Cabriolet	Heckantrieb	Benzin	282	383	Oct 1997	Sep 2002	2024-03-01	24787
Dodge	Viper	8.0 Rt10	Cabriolet	Heckantrieb	Benzin	299	407	Oct 1991	Sep 1997	2024-03-01	24788
Dodge	Viper	8.0 Rt10 ACR	Cabriolet	Heckantrieb	Benzin	335	455	Oct 1997	Sep 2002	2024-03-01	24789
Dodge	Viper	8.0 Rt10	Coupe	Heckantrieb	Benzin	282	383	Oct 1997	Sep 2002	2024-03-01	24790
Dodge	Viper	8.0 Rt10	Coupe	Heckantrieb	Benzin	290	394	Oct 1991	Sep 1997	2024-03-01	24791
Dodge	Viper	8.0 Rt10 ACR	Coupe	Heckantrieb	Benzin	335	455	Oct 1997	Sep 2002	2024-03-01	24792
Ford USA	Contour	2.5 SE	Stufenheck	Frontantrieb	Benzin	127	173	Sep 1993	Aug 1996	2024-03-01	24796
Ford USA	Contour	2.5	Stufenheck	Frontantrieb	Benzin	127	173	Sep 1997	Aug 2000	2024-03-01	24798
Ford USA	Crown	4.6	Stufenheck	Heckantrieb	Benzin	142	193	Sep 1991	Apr 1998	2024-03-01	24801
Ford USA	Crown	4.6	Stufenheck	Heckantrieb	Benzin	157	213	Sep 1991	Apr 1998	2024-03-01	24802
Ford USA	Explorer	4	SUV	Heckantrieb	Benzin	157	213	Sep 2001	-	2024-03-01	24832
Ford USA	Thunderbird	4.0 Premium	Cabriolet	Heckantrieb	Benzin	209	284	Oct 2002	Sep 2005	2024-03-01	24864
Hyundai	Equus / centennial	3.5	Stufenheck	Frontantrieb	Benzin	155	211	Oct 1999	Mar 2009	2024-03-01	24880
Hyundai	Equus / centennial	4.5	Stufenheck	Frontantrieb	Benzin	195	265	Oct 1999	Sep 2003	2024-03-01	24881
Lincoln	Continental	4.6	Stufenheck	Frontantrieb	Benzin	202	275	Jun 1998	Dec 2002	2024-03-01	24892
Lincoln	Continental	4.6 Signature	Stufenheck	Heckantrieb	Benzin	157	213	Jan 1994	Oct 1999	2024-03-01	24894
Lincoln	Continental	4.6	Stufenheck	Heckantrieb	Benzin	142	193	Jan 1993	Jan 1994	2024-03-01	24896
Lincoln	Navigator	5.4	SUV	Heckantrieb	Benzin	224	305	May 1997	Dec 2002	2024-03-01	24899
Lincoln	Navigator	5.4 Allrad	SUV	Allrad	Benzin	224	305	May 1997	Dec 2002	2024-03-01	24900
Nissan	Quest	3.5	Großraumlimousine	Frontantrieb	Benzin	176	239	May 2003	-	2024-03-01	24920
VW	Golf vi	2.0 TDI	Cabriolet	Frontantrieb	Diesel	110	150	Nov 2013	May 2016	2024-03-01	24942
Peugeot	206	1.6 16V	Schrägheck	Frontantrieb	Benzin	79	107	Jun 2001	Apr 2009	2024-03-01	24944
VW	Passat b3/b4 variant	2	Kombi	Frontantrieb	Benzin	85	116	Oct 1993	Oct 1996	2024-03-01	25056
VW	Golf i	1.8	Cabriolet	Frontantrieb	Benzin	82	111	Aug 1983	Dec 1992	2024-03-01	25058
Fiat	Marea	1.6	Kombi	Frontantrieb	Benzin	76	103	Sep 2000	Aug 2002	2024-03-01	25062
Peugeot	Partner	1.6	Kasten/Großraumlimousine	Frontantrieb	Benzin	80	109	Sep 2000	Oct 2002	2024-03-01	25064
Chevrolet	Camaro	5	Coupe	Heckantrieb	Benzin	130	177	Oct 1981	Sep 1986	2024-03-01	25068
Chevrolet	Corvette	5.7	Cabriolet	Heckantrieb	Benzin	224	305	Oct 1991	Apr 1997	2024-03-01	25069
VW	Passat b5.5	2.8	Stufenheck	Frontantrieb	Benzin	142	193	May 2002	May 2003	2024-03-01	25083
Hummer	Hummer h2	6.0 AWD	Geländewagen geschlossen	Allrad	Benzin	232	315	Sep 2002	Sep 2004	2024-03-01	25089
Nissan	350z	3.5	Coupe	Heckantrieb	Benzin	230	313	Sep 2005	Dec 2008	2024-03-01	25093
Audi	A4 b7 avant	3	Kombi	Frontantrieb	Benzin	160	218	Nov 2004	May 2006	2024-03-01	25095
Lotus	Elise	1.8	Cabriolet	Heckantrieb	Benzin	140	190	Nov 2002	Oct 2013	2025-12-01	25103
Mitsubishi	Lancer viii	2	Stufenheck	Frontantrieb	Benzin	110	150	Jan 2013	-	2024-03-01	25106
Renault	Clio ii	1.6	Kasten/Schrägheck	Frontantrieb	Benzin	79	107	Nov 2003	-	2026-05-01	25107
Renault	Megane ii	1.6	Schrägheck	Frontantrieb	Benzin	77	105	Jun 2005	Feb 2008	2024-03-01	25108
Renault	Megane ii coupé-	1.6	Cabriolet	Frontantrieb	Benzin	77	105	Jun 2005	Mar 2009	2024-03-01	25109
Renault	Clio iii	1.2	Schrägheck	Frontantrieb	Benzin	57	78	Oct 2005	Dec 2012	2026-05-01	25110
VW	Golf ii	1.6	Schrägheck	Frontantrieb	Benzin	51	69	Aug 1986	Jul 1991	2024-03-01	25113
Honda	Odyssey	3.5	Großraumlimousine	Frontantrieb	Benzin	182	247	Sep 2005	-	2024-03-01	25123
Chevrolet	Camaro	5.7	Coupe	Heckantrieb	Benzin	182	247	May 1986	Sep 1989	2024-03-01	25133
Mini	Mini	S Works	Schrägheck	Frontantrieb	Benzin	149	203	Nov 2003	Jun 2005	2024-03-01	25139
Ford USA	Mustang	4.6	Coupe	Heckantrieb	Benzin	236	321	Jun 1999	Sep 2003	2024-03-01	25148
Ford USA	Mustang convertible	4.6	Cabriolet	Heckantrieb	Benzin	236	321	Jun 1999	Sep 2003	2024-03-01	25149
Chrysler	Sebring	2.4 Turbo	Stufenheck	Frontantrieb	Benzin	164	223	Sep 2001	Jun 2007	2024-03-01	25152
Alfa Romeo	156	2.0 JTS	Stufenheck	Frontantrieb	Benzin	119	162	Mar 2001	Sep 2005	2024-03-01	25154
Honda	Civic vi hatchback	1.5	Schrägheck	Frontantrieb	Benzin	66	90	Nov 1995	Dec 1996	2024-03-01	25155
Chevrolet	Camaro	5	Coupe	Heckantrieb	Benzin	119	162	Oct 1983	Sep 1986	2024-03-01	25158
Chevrolet	Camaro	5	Coupe	Heckantrieb	Benzin	160	218	Oct 1986	Sep 1989	2024-03-01	25160
Ford USA	Expedition	5.4 4X4	SUV	Allrad	Benzin	194	264	Oct 2002	Feb 2006	2024-03-01	25163
Ford USA	Explorer	4.0 4WD	SUV	Allrad	Benzin	157	213	Sep 2001	-	2024-03-01	25164
Ford USA	Explorer	4.6 4WD	SUV	Allrad	Benzin	178	242	Sep 2001	Dec 2005	2024-03-01	25165
Toyota	Hilux vii	2.5 D 4WD	Pick-up	Allrad	Diesel	75	102	Mar 2005	May 2015	2024-03-01	25198
Chevrolet	Colorado	3.5 4X4	Pick-up	Allrad	Benzin	164	223	May 2005	Sep 2006	2024-03-01	25202
Chrysler	Pacifica	3.5 AWD	Großraumlimousine	Allrad	Benzin	186	253	Aug 2003	Dec 2006	2024-03-01	25216
Dodge	Durango	5.7 AWD	SUV	Allrad	Benzin	257	349	Nov 2003	Dec 2010	2024-03-01	25222
Dodge	Ramcharger	5.2 4WD	SUV	Allrad	Benzin	107	145	Oct 1983	Sep 1988	2024-03-01	25223
Dodge	Ramcharger	5.9 4WD	SUV	Allrad	Benzin	130	177	Jan 1983	Sep 1988	2024-03-01	25224
Dodge	Ramcharger	5.2 4WD	SUV	Allrad	Benzin	127	173	Oct 1988	Sep 1993	2024-03-01	25225
Cadillac	Seville	4.6	Stufenheck	Frontantrieb	Benzin	205	279	Oct 1993	Sep 1997	2024-03-01	25236
Cadillac	Seville	4.6	Stufenheck	Frontantrieb	Benzin	220	299	Jun 1992	Sep 1997	2024-03-01	25237
Nissan	Cefiro ii	2	Stufenheck	Frontantrieb	Benzin	103	140	Oct 1994	Dec 1999	2024-03-01	25254
Nissan	Cefiro iii	3	Stufenheck	Frontantrieb	Benzin	147	200	Jan 2000	Sep 2003	2024-03-01	25258
Nissan	Skyline	2	Coupe	Heckantrieb	Benzin	114	155	Mar 1989	Jun 1993	2024-03-01	25282
Nissan	Skyline	2.0 Turbo	Coupe	Heckantrieb	Benzin	158	215	Mar 1989	Jun 1993	2024-03-01	25286
Nissan	Skyline	2.5	Coupe	Heckantrieb	Benzin	147	200	Jun 1998	Jul 2000	2024-03-01	25288
Toyota	Fortuner	2.7	SUV	Heckantrieb	Benzin	118	160	Jun 2004	May 2015	2024-03-01	25326
Nissan	Skyline	2.5 4X4	Coupe	Allrad	Benzin	140	190	Jul 1993	May 1998	2024-03-01	25342
Nissan	Skyline	2.0 Turbo 4X4	Stufenheck	Allrad	Benzin	158	215	Mar 1989	Jun 1993	2024-03-01	25346
Land Rover	Discovery iii	4.0 V6 4X4	Geländewagen geschlossen	Allrad	Benzin	160	218	Oct 2004	Sep 2009	2024-03-01	25392
Ssangyong	Korando	2.0 E-xdi	SUV	Frontantrieb	Diesel	110	150	Feb 2012	-	2024-03-01	25402
Ssangyong	Korando	2.0 E-xdi 4WD	SUV	Allrad	Diesel	110	150	Feb 2012	-	2024-03-01	25403
Hummer	Hummer h3	3.7 4WD	Geländewagen geschlossen	Allrad	Benzin	180	245	Jan 2007	-	2024-03-01	25435
Mercedes-benz	R-Klasse	R 280	Großraumlimousine	Heckantrieb	Benzin	170	231	Jan 2007	Dec 2014	2024-03-01	25438
Mercedes-benz	R-Klasse	R 350	Großraumlimousine	Heckantrieb	Benzin	200	272	Jan 2007	Dec 2012	2024-03-01	25439
Mercedes-benz	R-Klasse	R 500 4-matic	Großraumlimousine	Allrad	Benzin	285	388	May 2007	Dec 2014	2024-03-01	25440
Mercedes-benz	R-Klasse	R 280 CDI	Großraumlimousine	Heckantrieb	Diesel	140	190	May 2006	Dec 2012	2024-03-01	25441
BMW	1	125 I	Coupe	Heckantrieb	Benzin	160	218	Mar 2008	Oct 2013	2024-03-01	25442
BMW	1	118 I	Cabriolet	Heckantrieb	Benzin	105	143	Mar 2008	Oct 2013	2024-03-01	25443
BMW	1	135 I	Cabriolet	Heckantrieb	Benzin	225	306	Mar 2008	Oct 2013	2024-03-01	25444
BMW	1	120 D	Cabriolet	Heckantrieb	Diesel	130	177	Mar 2008	Dec 2013	2024-03-01	25445
BMW	5	525 XD	Stufenheck	Allrad	Diesel	145	197	Sep 2007	Aug 2008	2024-03-01	25446
BMW	5	525 XD	Kombi	Allrad	Diesel	145	197	Sep 2007	Sep 2008	2024-03-01	25447
Hyundai	I30	1.6	Kombi	Frontantrieb	Benzin	90	122	Feb 2008	Jun 2012	2024-03-01	25448
Hyundai	I30	2	Kombi	Frontantrieb	Benzin	105	143	Feb 2008	Jun 2012	2024-03-01	25449
Hyundai	I30	1.6 Crdi	Kombi	Frontantrieb	Diesel	85	116	Feb 2008	Jun 2012	2024-03-01	25450
Toyota	Hilux vii	2.5 D-4d 4WD	Pick-up	Allrad	Diesel	88	120	Jun 2006	May 2015	2024-03-01	25451
Toyota	Hilux vii	2.5 D-4d	Pick-up	Heckantrieb	Diesel	88	120	Jun 2006	May 2015	2024-03-01	25452
Toyota	Hilux vii	3.0 D-4d 4WD	Pick-up	Allrad	Diesel	126	171	Aug 2005	Sep 2015	2024-03-01	25453
Audi	A4 b8	2.0 TDI	Stufenheck	Frontantrieb	Diesel	100	136	Nov 2007	Dec 2015	2024-03-01	25454
Audi	A4 b8	2.7 TDI	Stufenheck	Frontantrieb	Diesel	120	163	Nov 2007	Mar 2012	2024-03-01	25455
Audi	A4 b8	1.8 Tfsi	Stufenheck	Frontantrieb	Benzin	88	120	Jan 2008	Dec 2015	2024-03-01	25456
Mazda	6	1.8 MZR	Stufenheck	Frontantrieb	Benzin	88	120	Aug 2007	Jul 2013	2024-03-01	25457
Mazda	6	2.0 MZR	Stufenheck	Frontantrieb	Benzin	108	147	Aug 2007	Dec 2012	2024-03-01	25458
Mazda	6	2.5 MZR	Stufenheck	Frontantrieb	Benzin	125	170	Aug 2007	Jul 2013	2024-03-01	25459
Mazda	6	2.0 Mzr-cd	Stufenheck	Frontantrieb	Diesel	103	140	Aug 2007	Oct 2010	2024-03-01	25460
Mazda	6	1.8 MZR	Schrägheck	Frontantrieb	Benzin	88	120	Aug 2007	Jul 2013	2024-03-01	25461
Mazda	6	2.0 MZR	Schrägheck	Frontantrieb	Benzin	108	147	Aug 2007	Jul 2013	2024-03-01	25462
Mazda	6	2.5 MZR	Schrägheck	Frontantrieb	Benzin	125	170	Aug 2007	Mar 2013	2024-03-01	25463
Mazda	6	2.0 Mzr-cd	Schrägheck	Frontantrieb	Diesel	103	140	Aug 2007	Oct 2009	2024-03-01	25464
BMW	3	318 I	Stufenheck	Heckantrieb	Benzin	105	143	Sep 2007	Oct 2011	2024-03-01	25465
BMW	3	318 D	Stufenheck	Heckantrieb	Diesel	105	143	Feb 2007	Oct 2011	2024-03-01	25466
BMW	3	335 XI	Stufenheck	Allrad	Benzin	225	306	Mar 2007	Aug 2008	2024-03-01	25467
BMW	3	325 I	Stufenheck	Heckantrieb	Benzin	160	218	Mar 2007	Dec 2011	2024-03-01	25468
BMW	3	325 XI	Stufenheck	Allrad	Benzin	160	218	Sep 2007	Aug 2008	2024-03-01	25469
BMW	3	320 I	Stufenheck	Heckantrieb	Benzin	125	170	Sep 2007	Oct 2011	2024-03-01	25470
BMW	3	320 D	Stufenheck	Heckantrieb	Diesel	130	177	Sep 2007	Feb 2010	2024-03-01	25471
BMW	3	330 I	Stufenheck	Heckantrieb	Benzin	200	272	Sep 2007	Oct 2011	2024-03-01	25472
BMW	3	330 XI	Stufenheck	Allrad	Benzin	200	272	Sep 2007	Aug 2008	2024-03-01	25473
BMW	3	318 I	Kombi	Heckantrieb	Benzin	105	143	May 2007	May 2012	2024-03-01	25474
BMW	3	318 D	Kombi	Heckantrieb	Diesel	105	143	Sep 2007	Jun 2012	2024-03-01	25475
BMW	3	320 I	Kombi	Heckantrieb	Benzin	125	170	Feb 2007	Dec 2012	2024-03-01	25476
BMW	3	335 XI	Kombi	Allrad	Benzin	225	306	Mar 2007	Aug 2008	2024-03-01	25477
BMW	3	330 I	Kombi	Heckantrieb	Benzin	200	272	Sep 2007	Jun 2012	2024-03-01	25478
BMW	3	330 XI	Kombi	Allrad	Benzin	200	272	Sep 2007	Jun 2012	2024-03-01	25479
BMW	3	325 I	Kombi	Heckantrieb	Benzin	160	218	Sep 2007	Jun 2012	2024-03-01	25480
BMW	3	325 XI	Kombi	Allrad	Benzin	160	218	Sep 2007	Aug 2008	2024-03-01	25481
BMW	3	320 D	Kombi	Heckantrieb	Diesel	130	177	Feb 2007	Dec 2010	2024-03-01	25482
BMW	3	325 I	Coupe	Heckantrieb	Benzin	160	218	Sep 2007	Jun 2013	2024-03-01	25483
BMW	3	325 XI	Coupe	Allrad	Benzin	160	218	Sep 2007	Aug 2008	2024-03-01	25484
BMW	3	335 XI	Coupe	Allrad	Benzin	225	306	Mar 2007	Feb 2010	2024-03-01	25485
BMW	3	325 D	Cabriolet	Heckantrieb	Diesel	145	197	Mar 2007	Dec 2010	2024-03-01	25486
BMW	3	320 D	Cabriolet	Heckantrieb	Diesel	130	177	Mar 2008	Feb 2010	2024-03-01	25487
BMW	1	116 I	Schrägheck	Heckantrieb	Benzin	90	122	Mar 2007	Dec 2011	2024-03-01	25488
BMW	5	520 D	Stufenheck	Heckantrieb	Diesel	130	177	Sep 2007	Dec 2009	2024-03-01	25489
BMW	5	520 D	Kombi	Heckantrieb	Diesel	130	177	Sep 2007	May 2010	2024-03-01	25490
BMW	5	520 I	Stufenheck	Heckantrieb	Benzin	125	170	Sep 2007	Dec 2009	2024-03-01	25491
BMW	5	520 I	Kombi	Heckantrieb	Benzin	125	170	Sep 2007	Dec 2010	2024-03-01	25492
BMW	6	630 I	Coupe	Heckantrieb	Benzin	200	272	Sep 2007	Aug 2010	2024-03-01	25493
BMW	6	635 D	Coupe	Heckantrieb	Diesel	210	286	Jul 2007	Jul 2010	2024-03-01	25494
BMW	6	635 D	Cabriolet	Heckantrieb	Diesel	210	286	Jul 2007	Jul 2010	2024-03-01	25495
BMW	6	630 I	Cabriolet	Heckantrieb	Benzin	200	272	Sep 2007	Aug 2010	2024-03-01	25496
BMW	X3	2.0 SD	SUV	Allrad	Diesel	130	177	Sep 2007	Aug 2008	2024-03-01	25497
BMW	X5	3.0 SD	SUV	Allrad	Diesel	210	286	Oct 2007	Sep 2008	2024-03-01	25498
Opel	Vectra c caravan	1.6	Kombi	Frontantrieb	Benzin	77	105	Dec 2005	Aug 2008	2024-03-01	25499
Opel	Vectra c caravan	2.8 V6 Turbo	Kombi	Frontantrieb	Benzin	184	250	Aug 2005	Aug 2008	2024-03-01	25500
Opel	Zafira	1.6	Großraumlimousine	Frontantrieb	Benzin	85	115	Jan 2008	Apr 2015	2024-03-01	25501
Opel	Zafira	1.7 Cdti	Großraumlimousine	Frontantrieb	Diesel	81	110	Jan 2008	Apr 2015	2024-03-01	25502
Opel	Zafira	1.7 Cdti	Großraumlimousine	Frontantrieb	Diesel	92	125	Mar 2007	Apr 2015	2024-03-01	25503
Opel	Antara a	2.0 Cdti	SUV	Allrad	Diesel	93	127	Mar 2007	Dec 2011	2024-03-01	25504
Mercedes-benz	E-Klasse	E 230	Stufenheck	Heckantrieb	Benzin	150	204	Sep 2007	Dec 2008	2024-03-01	25505
Audi	A4 b8 avant	1.8 Tfsi	Kombi	Frontantrieb	Benzin	118	160	Nov 2007	Mar 2012	2024-03-01	25506
Audi	A4 b8 avant	3.2 FSI Quattro	Kombi	Allrad	Benzin	195	265	Apr 2008	Mar 2012	2024-03-01	25507
Audi	A4 b8 avant	2.0 TDI	Kombi	Frontantrieb	Diesel	105	143	Apr 2008	Dec 2015	2024-03-01	25508
Audi	A4 b8 avant	3.0 TDI Quattro	Kombi	Allrad	Diesel	176	240	Apr 2008	Mar 2012	2024-03-01	25509
Audi	A4 b8 avant	2.0 TDI	Kombi	Frontantrieb	Diesel	125	170	Apr 2008	Mar 2012	2024-03-01	25510
Suzuki	Samurai	1.9 D Allrad	Geländewagen geschlossen	Allrad	Diesel	47	64	Nov 1998	Dec 2004	2024-03-01	25511
Lancia	Zeta	2.0 JTD	Großraumlimousine	Frontantrieb	Diesel	80	109	Sep 1999	Sep 2002	2024-03-01	25512
Toyota	Celica	2.2	Coupe	Frontantrieb	Benzin	100	136	Oct 1989	Dec 1994	2024-03-01	25519
Ford USA	Mustang	3.8	Coupe	Heckantrieb	Benzin	140	190	Sep 1998	Sep 2003	2024-03-01	25536
Ford USA	Mustang convertible	3.8	Cabriolet	Heckantrieb	Benzin	160	218	Jun 1999	Sep 2003	2024-03-01	25537
Nissan	Urvan	2	Kasten	Heckantrieb	Benzin	65	88	Jun 1986	Sep 1994	2024-03-01	25563
BMW	3	330 I	Cabriolet	Heckantrieb	Benzin	190	258	Mar 2010	Oct 2013	2024-03-01	25583
Nissan	X-Trail ii	2.0 FWD	SUV	Frontantrieb	Benzin	104	141	Mar 2007	Nov 2013	2024-03-01	25648
Audi	A6 c7	2.0 Tfsi Quattro	Stufenheck	Allrad	Benzin	155	211	May 2012	Apr 2015	2024-03-01	25658
Renault	Logan	1.5 DCI	Stufenheck	Frontantrieb	Diesel	50	68	Apr 2007	-	2024-03-01	25659
Renault	Logan	1.6	Stufenheck	Frontantrieb	Benzin	77	105	Apr 2007	Oct 2013	2024-03-01	25660
Chevrolet	Avalanche	5.3	Pick-up	Heckantrieb	Benzin	220	299	Oct 2000	Sep 2006	2024-03-01	25661
Chevrolet	Avalanche	8.1	Pick-up	Heckantrieb	Benzin	253	344	Oct 2000	Sep 2006	2024-03-01	25663
Chevrolet	Colorado	2.9	Pick-up	Heckantrieb	Benzin	139	189	Oct 2006	-	2024-03-01	25665
Chevrolet	Colorado	3.7	Pick-up	Heckantrieb	Benzin	181	246	Oct 2006	-	2024-03-01	25667
Chevrolet	Colorado	3.7 4X4	Pick-up	Allrad	Benzin	181	246	Oct 2006	-	2024-03-01	25668
Ford USA	Explorer	4.6 4WD	SUV	Allrad	Benzin	218	296	May 2006	Dec 2010	2024-03-01	25673
Audi	A6 c7	2.0 Tfsi	Stufenheck	Frontantrieb	Benzin	162	220	May 2013	Sep 2018	2024-03-01	25690
Ford USA	Thunderbird	3.8	Coupe	Heckantrieb	Benzin	104	141	Jan 1993	Dec 1996	2024-03-01	25743
Fiat	Punto	1.4 Multi AIR	Schrägheck	Frontantrieb	Benzin	77	105	Mar 2012	-	2024-03-01	25762
Chrysler	Sebring	2.7 VVT	Cabriolet	Frontantrieb	Benzin	141	192	Jul 2007	Dec 2010	2024-03-01	25886
Chrysler	Sebring	2.7 VVT	Stufenheck	Frontantrieb	Benzin	141	192	Sep 2006	Dec 2010	2024-03-01	25887
Fiat	Punto	1.4	Schrägheck	Frontantrieb	Benzin	57	78	Mar 2012	-	2024-03-01	25909
Hyundai	Elantra v	1.6 Crdi	Stufenheck	Frontantrieb	Diesel	94	128	Feb 2011	Dec 2015	2024-03-01	25918
Rolls-royce	Wraith	V12	Coupe	Heckantrieb	Benzin	465	632	Aug 2013	-	2024-03-01	25931
Toyota	Previa iii	2.4	Großraumlimousine	Frontantrieb	Benzin	125	170	Oct 2005	-	2024-03-01	25973
Fiat	Punto	1.2	Schrägheck	Frontantrieb	Benzin	51	69	Mar 2012	-	2024-03-01	26003
Fiat	Punto	1.4	Schrägheck	Frontantrieb	Benzin	55	75	Mar 2012	-	2024-03-01	26004
Mercedes-benz	Sprinter 3,5-T	313 CDI	Pritsche/Fahrgestell	Heckantrieb	Diesel	95	129	Jun 2006	Dec 2016	2024-03-01	26018
Toyota	Scepter	2.2	Stufenheck	Frontantrieb	Benzin	100	136	Nov 1992	Sep 1996	2024-03-01	26082
Toyota	Isis	1.8 Vvti	Großraumlimousine	Frontantrieb	Benzin	97	132	Jul 2004	Aug 2014	2024-03-01	26145
Toyota	Highlander	3.3	SUV	Frontantrieb	Benzin	171	233	Aug 2003	May 2007	2024-03-01	26163
Alfa Romeo	Giulietta	1.8 TBI	Schrägheck	Frontantrieb	Benzin	177	241	Sep 2013	Oct 2018	2024-03-01	26235
Nissan	Cima	4.1	Stufenheck	Heckantrieb	Benzin	198	269	Jul 1996	Feb 2001	2024-03-01	26308
Fiat	Punto	0.9 Twinair Turbo	Schrägheck	Frontantrieb	Benzin	63	86	Mar 2012	-	2024-03-01	26324
Toyota	Sprinter	1.6 GTI	Coupe	Frontantrieb	Benzin	91	124	Oct 1984	Jul 1987	2024-03-01	26357
Nissan	Cima	4.1	Stufenheck	Heckantrieb	Benzin	198	269	Sep 1991	Jun 1996	2024-03-01	26400
Toyota	Sienna	3	Großraumlimousine	Frontantrieb	Benzin	143	194	Aug 1997	Dec 2002	2024-03-01	26427
Daihatsu	Rugger	2.0 4X4	Geländewagen geschlossen	Allrad	Benzin	65	88	Apr 1984	Oct 1988	2024-03-01	26478
Daihatsu	Rugger	2.8 D 4X4	Geländewagen geschlossen	Allrad	Diesel	54	73	Apr 1984	Apr 1993	2024-03-01	26479
Daihatsu	Rugger	2.8 Tdic 4X4	Geländewagen geschlossen	Allrad	Diesel	75	102	May 1993	Jun 1996	2024-03-01	26485
Fiat	Punto	1.3 D Multijet	Schrägheck	Frontantrieb	Diesel	55	75	Mar 2012	-	2024-03-01	26491
Fiat	Punto	1.3 D Multijet	Schrägheck	Frontantrieb	Diesel	62	84	Mar 2012	-	2024-03-01	26492
Fiat	Punto	1.4 Turbo Multi AIR	Schrägheck	Frontantrieb	Benzin	99	135	Mar 2012	-	2024-03-01	26495
Fiat	Punto	1.3 D Multijet	Schrägheck	Frontantrieb	Diesel	70	95	Mar 2012	-	2024-03-01	26496
Renault	Logan	1.5 DCI	Kombi	Frontantrieb	Diesel	50	68	Apr 2007	-	2024-03-01	26543
Renault	Logan	1.6	Kombi	Frontantrieb	Benzin	64	87	Apr 2007	-	2024-03-01	26544
Renault	Logan	1.6	Kombi	Frontantrieb	Benzin	77	105	Apr 2007	-	2024-03-01	26545
Renault	Logan	1.4	Kombi	Frontantrieb	Benzin	55	75	Oct 2007	-	2024-03-01	26546
Audi	A4 b7	2.0 TDI	Stufenheck	Frontantrieb	Diesel	89	121	Sep 2005	Sep 2006	2024-03-01	26547
Audi	A4 b7 avant	2.0 TDI	Kombi	Frontantrieb	Diesel	89	121	Sep 2005	Sep 2006	2024-03-01	26548
Audi	A6 c6	2.0 TDI	Stufenheck	Frontantrieb	Diesel	89	121	Sep 2005	Jun 2006	2024-03-01	26549
Audi	A6 c6 avant	2.0 TDI	Kombi	Frontantrieb	Diesel	89	121	Sep 2005	Jun 2006	2024-03-01	26550
Seat	Altea	1.4 16V	Großraumlimousine	Frontantrieb	Benzin	63	86	May 2006	May 2011	2024-05-01	26551
Seat	Leon	1.4 16V	Schrägheck	Frontantrieb	Benzin	63	86	Jun 2006	Dec 2012	2024-03-01	26552
Audi	A4 b7	2.0 TDI	Stufenheck	Frontantrieb	Diesel	120	163	Jun 2006	Jun 2008	2024-03-01	26553
Audi	A4 b7	2.0 TDI Quattro	Stufenheck	Allrad	Diesel	120	163	Jun 2006	Jun 2008	2024-03-01	26554
Audi	A4 b7 avant	2.0 TDI	Kombi	Frontantrieb	Diesel	120	163	Jun 2006	Jun 2008	2024-03-01	26555
Audi	A4 b7 avant	2.0 TDI Quattro	Kombi	Allrad	Diesel	120	163	Jun 2006	Jun 2008	2024-03-01	26556
Seat	Toledo	2.0 TDI	Großraumlimousine	Frontantrieb	Diesel	125	170	Jan 2006	May 2009	2024-03-01	26557
Seat	Toledo	2.0 Tfsi	Großraumlimousine	Frontantrieb	Benzin	147	200	Nov 2005	May 2009	2024-03-01	26558
VW	Jetta iii	2.5	Stufenheck	Frontantrieb	Benzin	110	150	Jan 2006	Oct 2010	2024-03-01	26559
Citroën	Berlingo	1.6 HDI 90	Kasten/Großraumlimousine	Frontantrieb	Diesel	66	90	Jul 2005	Dec 2011	2024-03-01	26560
Seat	Toledo	2.0 TDI	Großraumlimousine	Frontantrieb	Diesel	103	140	Nov 2005	May 2009	2024-03-01	26561
Renault	Grand scénic ii	2.0 DCI	Großraumlimousine	Frontantrieb	Diesel	110	150	Sep 2005	Nov 2008	2024-03-01	26562
Audi	Q7	3.0 TDI Quattro	SUV	Allrad	Diesel	176	240	Nov 2007	Aug 2015	2024-03-01	26563
Mercedes-benz	Clc-Klasse	CLC 180 Kompressor	Coupe	Heckantrieb	Benzin	105	143	May 2008	Jun 2011	2024-03-01	26564
Mercedes-benz	Clc-Klasse	CLC 200 Kompressor	Coupe	Heckantrieb	Benzin	135	184	May 2008	Jun 2011	2024-03-01	26565
Mercedes-benz	Clc-Klasse	CLC 230	Coupe	Heckantrieb	Benzin	150	204	May 2008	Jun 2011	2024-03-01	26566
Mercedes-benz	Clc-Klasse	CLC 350	Coupe	Heckantrieb	Benzin	200	272	May 2008	Jun 2011	2024-03-01	26567
Mercedes-benz	Clc-Klasse	CLC 200 CDI	Coupe	Heckantrieb	Diesel	90	122	May 2008	Jun 2011	2024-03-01	26568
Mercedes-benz	Clc-Klasse	CLC 220 CDI	Coupe	Heckantrieb	Diesel	110	150	May 2008	Jun 2011	2024-03-01	26569
Ford	C-Max	2.0 Tdci	Großraumlimousine	Frontantrieb	Diesel	81	110	Feb 2008	Sep 2010	2024-03-01	26570
Mercedes-benz	C-Klasse	C 63 AMG	Stufenheck	Heckantrieb	Benzin	336	457	Feb 2008	Jan 2014	2024-03-01	26571
Mercedes-benz	C-Klasse	C 63 AMG	Kombi	Heckantrieb	Benzin	336	457	Feb 2008	Aug 2014	2024-03-01	26572
Mercedes-benz	M-Klasse	ML 500 4-matic	SUV	Allrad	Benzin	285	388	Dec 2007	Dec 2011	2024-03-01	26573
Mercedes-benz	Slr	5.4	Cabriolet	Heckantrieb	Benzin	460	626	Apr 2007	-	2024-03-01	26574
Mercedes-benz	S-Klasse	S 350 4-matic	Stufenheck	Allrad	Benzin	200	272	Feb 2008	Dec 2013	2024-03-01	26575
Mercedes-benz	Sl	350	Cabriolet	Heckantrieb	Benzin	232	316	Apr 2008	Jan 2012	2024-03-01	26576
Ford	Kuga i	2.0 Tdci	SUV	Frontantrieb	Diesel	100	136	Mar 2008	Nov 2012	2024-03-01	26577
Ford	Kuga i	2.0 Tdci 4X4	SUV	Allrad	Diesel	100	136	Mar 2008	Nov 2012	2024-03-01	26578
Mercedes-benz	Sl	63 AMG	Cabriolet	Heckantrieb	Benzin	386	525	Mar 2008	Jan 2012	2024-03-01	26579
Mercedes-benz	Sl	280	Cabriolet	Heckantrieb	Benzin	170	231	Mar 2008	Jan 2012	2024-03-01	26580
Audi	A3	1.4 Tfsi	Schrägheck	Frontantrieb	Benzin	92	125	Sep 2007	Aug 2012	2024-03-01	26581
Audi	A3	1.4 Tfsi	Schrägheck	Frontantrieb	Benzin	92	125	Sep 2007	Mar 2013	2024-03-01	26582
Mazda	2	1.4 Mzr-cd	Schrägheck	Frontantrieb	Diesel	50	68	Oct 2007	Dec 2010	2025-06-01	26583
Hyundai	I10 i	1.1	Schrägheck	Frontantrieb	Benzin	49	67	Jan 2008	Dec 2013	2024-03-01	26584
Hyundai	I10 i	1.1 Crdi	Schrägheck	Frontantrieb	Diesel	55	75	Jan 2008	Dec 2011	2024-03-01	26585
Mazda	3	2.0 Mzr-cd	Schrägheck	Frontantrieb	Diesel	105	143	Jul 2006	Jun 2009	2024-03-01	26586
Mazda	3	2.0 Mzr-cd	Stufenheck	Frontantrieb	Diesel	105	143	Dec 2006	Jun 2009	2024-03-01	26587
Honda	Civic viii hatchback	Type R	Schrägheck	Frontantrieb	Benzin	148	201	Sep 2006	Jan 2012	2024-03-01	26588
BMW	3	M3	Stufenheck	Heckantrieb	Benzin	309	420	Dec 2007	Oct 2011	2024-03-01	26589
BMW	3	M3	Cabriolet	Heckantrieb	Benzin	309	420	Mar 2008	Oct 2013	2024-03-01	26590
Saab	9-3	2.8 Turbo V6	Cabriolet	Frontantrieb	Benzin	188	256	Dec 2007	Feb 2015	2024-03-01	26591
Saab	9-3	2.8 Turbo V6	Stufenheck	Frontantrieb	Benzin	188	256	Dec 2007	Feb 2015	2024-03-01	26592
Saab	9-3	2.8 Turbo V6	Kombi	Frontantrieb	Benzin	188	256	Dec 2007	Feb 2015	2024-03-01	26593
Saab	9-3	1.9 Ttid	Stufenheck	Frontantrieb	Diesel	132	180	Dec 2007	Feb 2015	2024-03-01	26594
Saab	9-3	1.9 Ttid	Cabriolet	Frontantrieb	Diesel	132	180	Dec 2007	Feb 2015	2024-03-01	26595
Saab	9-3	1.9 Ttid	Kombi	Frontantrieb	Diesel	132	180	Dec 2007	Feb 2015	2024-03-01	26596
Mercedes-benz	E-Klasse	E 200 CDI	Kombi	Heckantrieb	Diesel	100	136	Apr 2006	Jul 2009	2024-03-01	26597
Smart	Fortwo cabrio	1.0 Brabus	Cabriolet	Heckantrieb	Benzin	72	98	Jan 2008	-	2024-03-01	26598
Alfa Romeo	Brera	3.2 JTS	Schrägheck	Frontantrieb	Benzin	191	260	Mar 2008	Jun 2010	2024-03-01	26599
Alfa Romeo	Spider	2.4 Jtdm	Cabriolet	Frontantrieb	Diesel	154	210	Mar 2008	Mar 2011	2024-03-01	26600
Alfa Romeo	Spider	3.2 JTS	Cabriolet	Frontantrieb	Benzin	191	260	Mar 2008	Mar 2011	2024-03-01	26601
Fiat	Bravo ii	1.6 D Multijet	Schrägheck	Frontantrieb	Diesel	77	105	Sep 2007	Dec 2014	2024-03-01	26602
Fiat	Bravo ii	1.6 D Multijet	Schrägheck	Frontantrieb	Diesel	88	120	Mar 2008	Dec 2014	2024-03-01	26603
Chevrolet	Aveo / kalos	1.4	Schrägheck	Frontantrieb	Benzin	74	101	Apr 2008	-	2024-03-01	26604
Chevrolet	Aveo / kalos	1.2	Schrägheck	Frontantrieb	Benzin	62	84	Apr 2008	-	2024-03-01	26605
Peugeot	308 i	1.6 16V	Schrägheck	Frontantrieb	Benzin	128	174	Mar 2008	Oct 2014	2024-03-01	26606
VW	Passat cc b6	1.8 TSI	Coupe	Frontantrieb	Benzin	118	160	Jun 2008	Jan 2012	2024-03-01	26607
VW	Passat cc b6	3.6 FSI 4motion	Coupe	Allrad	Benzin	220	300	Feb 2008	Dec 2011	2024-03-01	26608
VW	Passat cc b6	2.0 TDI	Coupe	Frontantrieb	Diesel	103	140	Jun 2008	Jan 2012	2024-03-01	26609
Peugeot	308 sw i	1.4 16V	Kombi	Frontantrieb	Benzin	70	95	Sep 2007	Oct 2014	2024-03-01	26610
Peugeot	308 sw i	1.6 16V	Kombi	Frontantrieb	Benzin	88	120	Sep 2007	Oct 2014	2024-03-01	26611
Peugeot	308 sw i	1.6 16V	Kombi	Frontantrieb	Benzin	110	150	Sep 2007	Oct 2014	2024-03-01	26612
Peugeot	308 sw i	1.6 16V	Kombi	Frontantrieb	Benzin	128	174	Mar 2008	Oct 2014	2024-03-01	26613
Peugeot	308 sw i	1.6 HDI	Kombi	Frontantrieb	Diesel	66	90	Sep 2007	Oct 2014	2024-03-01	26614
Peugeot	308 sw i	1.6 HDI	Kombi	Frontantrieb	Diesel	80	109	Sep 2007	Oct 2014	2024-03-01	26615
Peugeot	308 sw i	2.0 HDI	Kombi	Frontantrieb	Diesel	100	136	Sep 2007	Dec 2012	2024-03-01	26616
Hyundai	H-1 cargo	2.5 Crdi	Kasten	Heckantrieb	Diesel	125	170	Feb 2008	-	2024-03-01	26617
Daihatsu	Sirion	1.3	Schrägheck	Frontantrieb	Benzin	67	91	Mar 2008	-	2024-03-01	26618
Daihatsu	Sirion	1.3 4WD	Schrägheck	Allrad	Benzin	67	91	Mar 2008	-	2024-03-01	26619
Daihatsu	Sirion	1.5	Schrägheck	Frontantrieb	Benzin	76	103	Mar 2008	-	2024-03-01	26620
Fiat	Panda	1.2 Natural Power	Schrägheck	Frontantrieb	Benzin/Erdgas (CNG)	44	60	Jan 2007	Dec 2011	2024-03-01	26621
Fiat	Ulysse	2.2 D Multijet	Großraumlimousine	Frontantrieb	Diesel	125	170	Mar 2008	Jun 2011	2024-03-01	26622
Skoda	Octavia	2.0 TDI RS	Schrägheck	Frontantrieb	Diesel	125	170	Apr 2006	Feb 2013	2024-03-01	26623
Skoda	Octavia	2.0 TDI RS	Kombi	Frontantrieb	Diesel	125	170	Apr 2006	Feb 2013	2024-03-01	26624
Citroën	C2	1.6 HDI	Schrägheck	Frontantrieb	Diesel	80	109	Sep 2005	Dec 2009	2024-03-01	26625
Citroën	C8	2.2 HDI	Großraumlimousine	Frontantrieb	Diesel	125	170	Jun 2006	Dec 2012	2024-03-01	26626
Renault	Clio iii	1.5 DCI	Schrägheck	Frontantrieb	Diesel	47	64	Jun 2005	Dec 2012	2026-05-01	26627
Renault	Modus / grand	1.2	Schrägheck	Frontantrieb	Benzin	58	78	Dec 2004	Dec 2013	2025-12-01	26628
Renault	Modus / grand	1.5 DCI	Schrägheck	Frontantrieb	Diesel	48	65	Dec 2004	Dec 2013	2025-12-01	26629
Peugeot	207/207+	1.4 16V	Schrägheck	Frontantrieb	Benzin	70	95	Jun 2007	Oct 2013	2024-03-01	26630
Peugeot	407	2.0 HDI	Coupe	Frontantrieb	Diesel	100	136	Oct 2005	-	2024-03-01	26631
Peugeot	807	2.2 HDI	Großraumlimousine	Frontantrieb	Diesel	125	170	Jun 2006	Jun 2010	2024-03-01	26632
Mitsubishi	Outlander ii	2.2 Di-d 4WD	SUV	Allrad	Diesel	115	156	Aug 2007	Nov 2012	2024-03-01	26633
Mitsubishi	Grandis	2.0 Di-d	Großraumlimousine	Frontantrieb	Diesel	103	140	Feb 2007	Mar 2010	2024-03-01	26634
KIA	Pro cee'd	1.6	Schrägheck	Frontantrieb	Benzin	93	126	Feb 2008	Sep 2012	2024-03-01	26635
KIA	Cee'd	1.6	Kombi	Frontantrieb	Benzin	93	126	Sep 2007	Dec 2012	2024-03-01	26636
KIA	Cee'd	1.6	Schrägheck	Frontantrieb	Benzin	93	126	Feb 2008	Dec 2012	2024-03-01	26637
Lancia	Ypsilon	1.3 D Multijet	Schrägheck	Frontantrieb	Diesel	77	105	May 2007	Dec 2011	2024-03-01	26638
Mitsubishi	Lancer viii	EVO X	Stufenheck	Allrad	Benzin	217	295	Jun 2008	Dec 2015	2024-03-01	26643
Audi	A5	3.2 FSI Quattro	Coupe	Allrad	Benzin	195	265	Jun 2007	Mar 2012	2024-03-01	26644
Mitsubishi	Lancer viii sportback	1.8	Schrägheck	Frontantrieb	Benzin	105	143	Jun 2008	-	2024-03-01	26645
Mitsubishi	Lancer viii sportback	2.0 Di-d	Schrägheck	Frontantrieb	Diesel	103	140	Jun 2008	-	2024-03-01	26646
Mitsubishi	Lancer viii sportback	1.5	Schrägheck	Frontantrieb	Benzin	80	109	Jun 2008	-	2024-03-01	26647
Renault	Laguna iii	2.0 GT	Schrägheck	Frontantrieb	Benzin	150	204	Mar 2008	Dec 2015	2024-03-01	26648
Renault	Laguna iii	2.0 DCI GT	Schrägheck	Frontantrieb	Diesel	131	178	Mar 2008	Dec 2015	2024-03-01	26649
Renault	Laguna iii grandtour	2.0 GT	Kombi	Frontantrieb	Benzin	150	204	Mar 2008	Dec 2015	2024-03-01	26650
Renault	Laguna iii grandtour	2.0 DCI GT	Kombi	Frontantrieb	Diesel	131	178	Mar 2008	Dec 2015	2024-03-01	26651
Renault	Twingo	1.6 RS	Schrägheck	Frontantrieb	Benzin	98	133	May 2008	Sep 2014	2026-05-01	26652
Renault	Koleos i	2.0 DCI	SUV	Frontantrieb	Diesel	110	150	Sep 2008	-	2024-03-01	26653
Renault	Koleos i	2.0 DCI 4X4	SUV	Allrad	Diesel	110	150	Sep 2008	-	2024-03-01	26654
Renault	Koleos i	2.0 DCI 4X4	SUV	Allrad	Diesel	127	173	Sep 2008	-	2024-03-01	26655
Lada	Priora	1.6	Stufenheck	Frontantrieb	Benzin	72	98	Apr 2007	Jul 2018	2024-03-01	26656
Lada	Priora	1.6	Schrägheck	Frontantrieb	Benzin	72	98	Dec 2008	Dec 2015	2024-03-01	26657
Lada	Kalina	1.6	Kombi	Frontantrieb	Benzin	60	82	Oct 2007	Dec 2013	2024-03-01	26658
Fiat	Fiorino	1.4	Kasten/Großraumlimousine	Frontantrieb	Benzin	54	73	Nov 2007	-	2024-03-01	26659
Fiat	Fiorino	1.3 D Multijet	Kasten/Großraumlimousine	Frontantrieb	Diesel	55	75	Nov 2007	-	2024-03-01	26660
Suzuki	Ignis ii	1.3 4X4	Schrägheck	Allrad	Benzin	69	94	Sep 2003	-	2024-03-01	26661
Mercedes-benz	Slk	350	Cabriolet	Heckantrieb	Benzin	224	305	Jan 2008	Feb 2011	2024-03-01	26662
Mercedes-benz	Slk	200 Kompressor	Cabriolet	Heckantrieb	Benzin	135	184	Jan 2008	Feb 2011	2024-03-01	26663
Ford	Fiesta v van	1.3	Kasten/Schrägheck	Frontantrieb	Benzin	51	69	Oct 2003	Jul 2005	2024-03-01	26669
Ford	Fiesta v van	1.4 Tdci	Kasten/Schrägheck	Frontantrieb	Diesel	50	68	Oct 2003	Dec 2010	2024-03-01	26670
Cadillac	Escalade	6.2	SUV	Heckantrieb	Benzin	301	409	Oct 2006	Dec 2014	2024-03-01	26695
Cadillac	Escalade	6.2 AWD	SUV	Allrad	Benzin	301	409	Oct 2006	Dec 2014	2024-03-01	26696
VW	Cc b7	2.0 TDI	Coupe	Frontantrieb	Diesel	125	170	Nov 2011	Dec 2016	2024-03-01	26732
VW	Cc b7	3.6 FSI 4motion	Coupe	Allrad	Benzin	220	300	Nov 2011	Dec 2016	2024-03-01	26739
VW	Cc b7	2.0 TSI	Coupe	Frontantrieb	Benzin	155	210	Nov 2011	Dec 2016	2024-03-01	26740
Opel	Combo tour	1.4 CNG	Großraumlimousine	Frontantrieb	Benzin/Erdgas (CNG)	88	120	Feb 2012	-	2024-03-01	26742
VW	Golf vii variant	2.0 TDI 4motion	Kombi	Allrad	Diesel	110	150	Apr 2013	Aug 2020	2024-03-01	26743
VW	Cc b7	2.0 TDI	Coupe	Frontantrieb	Diesel	103	140	Nov 2011	Dec 2016	2024-03-01	26752
VW	Golf vii variant	1.4 TSI	Kombi	Frontantrieb	Benzin	103	140	May 2013	Aug 2020	2024-03-01	26753
Fiat	Ducato	2.0 4X4	Bus	Allrad	Benzin	81	110	May 2002	Jul 2006	2024-03-01	26754
Fiat	Ducato	2.0 4X4	Kasten	Allrad	Benzin	81	110	May 2002	Jul 2006	2024-03-01	26755
VW	Golf vii variant	1.6 TDI 4motion	Kombi	Allrad	Diesel	77	105	May 2013	Mar 2017	2024-03-01	26760
VW	Golf vii variant	1.6 TDI	Kombi	Frontantrieb	Diesel	66	90	May 2013	Jul 2018	2024-03-01	26762
Mercedes-benz	Cla	CLA 250 4-matic	Coupe	Allrad	Benzin	155	211	Jul 2013	Mar 2019	2024-03-01	26765
Cadillac	Escalade	6.0 AWD	SUV	Allrad	Benzin	257	349	Oct 2000	Dec 2006	2026-03-01	26773
Fiat	Ducato	2.0 4X4	Kasten	Allrad	Benzin	80	109	Nov 1994	Apr 2002	2024-03-01	26775
Chevrolet	Caprice	5	Stufenheck	Heckantrieb	Benzin	127	173	Oct 1987	Sep 1990	2024-03-01	26781
Cadillac	Escalade	6	SUV	Heckantrieb	Benzin	257	349	Jun 2001	Sep 2006	2024-03-01	26785
Mercedes-benz	Cla	CLA 45 AMG 4-matic	Coupe	Allrad	Benzin	265	360	Jul 2013	Mar 2019	2024-03-01	26787
Chevrolet	Tahoe	5.7	SUV	Heckantrieb	Benzin	147	200	Oct 1994	Sep 1995	2024-03-01	26792
Hyundai	I10 i	1.1	Schrägheck	Frontantrieb	Benzin	48	65	Dec 2007	Dec 2013	2024-03-01	26808
Infiniti	Q50	50 Hybrid AWD	Stufenheck	Allrad	Benzin/Elektro	268	364	Apr 2013	-	2024-03-01	26815
Bentley	Arnage	6.8	Coupe	Heckantrieb	Benzin	373	507	Sep 2006	-	2024-03-01	26816
Opel	Insignia a	2.0 Cdti	Stufenheck	Frontantrieb	Diesel	120	163	Jul 2013	Mar 2017	2024-03-01	26831
Bentley	Continental	6.0 GTC Speed Allrad	Cabriolet	Allrad	Benzin	448	610	Aug 2007	Apr 2011	2024-03-01	26835
Audi	A4 b8	2.0 TDI	Stufenheck	Frontantrieb	Diesel	125	170	Jan 2008	Mar 2012	2024-03-01	26836
Hyundai	Porter	2.5 TD	Pritsche/Fahrgestell	Heckantrieb	Diesel	73	99	Jul 1994	Apr 2004	2024-03-01	26837
Hyundai	Porter	2.5 TD	Kasten	Heckantrieb	Diesel	57	78	Jul 1994	Apr 2004	2024-03-01	26838
Hyundai	Porter	2.5 TD	Kasten	Heckantrieb	Diesel	73	99	Jul 1994	Apr 2004	2024-03-01	26840
Audi	A4 b8	2.0 TDI Quattro	Stufenheck	Allrad	Diesel	125	170	Jan 2008	Mar 2012	2024-03-01	26847
Audi	A4 b8	2.0 TDI	Stufenheck	Frontantrieb	Diesel	88	120	Jun 2008	Dec 2015	2024-03-01	26848
Audi	A4 b8 avant	2.7 TDI	Kombi	Frontantrieb	Diesel	120	163	Apr 2008	Mar 2012	2026-05-01	26852
Infiniti	Q50	50 Hybrid	Stufenheck	Heckantrieb	Benzin/Elektro	268	364	Apr 2013	-	2024-03-01	26859
VW	Golf vii variant	2.0 TDI	Kombi	Frontantrieb	Diesel	81	110	May 2013	Aug 2020	2024-03-01	26860
Dodge	Ram 2500	5.9 DI	Pick-up	Heckantrieb	Diesel	154	209	Oct 1996	May 2001	2024-03-01	26864
Hyundai	Porter	2.5 TD	Pritsche/Fahrgestell	Heckantrieb	Diesel	57	78	Jul 1994	Apr 2004	2024-03-01	26867
Dodge	Ram 2500	5.9 DI	Pick-up	Heckantrieb	Diesel	172	234	Jan 2002	Dec 2009	2024-03-01	26876
Opel	Insignia a sports tourer	2.0 Cdti	Kombi	Frontantrieb	Diesel	120	163	Jul 2013	Jun 2015	2024-03-01	26883
Mitsubishi	Galant vii	2	Stufenheck	Frontantrieb	Benzin	100	136	Nov 1992	Aug 1996	2024-03-01	26890
Lamborghini	Aventador	6.5 LP 700-4 AWD	Targa	Allrad	Benzin	515	700	Apr 2013	-	2024-03-01	26893
Audi	A4 b8	2.0 Tfsi	Stufenheck	Frontantrieb	Benzin	132	180	Jun 2008	Dec 2015	2024-03-01	26911
Audi	A4 b8	2.0 Tfsi	Stufenheck	Frontantrieb	Benzin	155	211	Jun 2008	May 2013	2024-03-01	26912
Audi	A4 b8	2.0 Tfsi Quattro	Stufenheck	Allrad	Benzin	155	211	Jun 2008	Dec 2015	2024-03-01	26913
Audi	A4 b8 avant	2.0 Tfsi	Kombi	Frontantrieb	Benzin	155	211	Jun 2008	May 2013	2024-03-01	26914
Audi	A4 b8 avant	1.8 Tfsi	Kombi	Frontantrieb	Benzin	88	120	Apr 2008	Dec 2015	2024-03-01	26916
Bentley	Flying spur	6.0 W12	Stufenheck	Allrad	Benzin	460	626	Mar 2013	Oct 2020	2024-03-01	26936
BMW	5	520 I	Stufenheck	Heckantrieb	Benzin	120	163	Dec 2006	Mar 2010	2024-03-01	26960
Hyundai	Elantra iv	2.0 Cvvt	Stufenheck	Frontantrieb	Benzin	105	143	Jun 2006	Jun 2011	2024-03-01	26970
VW	Golf vii variant	1.6 TDI	Kombi	Frontantrieb	Diesel	81	110	May 2013	Mar 2017	2024-03-01	26977
BMW	X1	Sdrive 18 I	SUV	Heckantrieb	Benzin	100	136	Mar 2010	Jun 2015	2024-03-01	26980
Mercedes-benz	Sprinter 4-T	414 D 4X4	Kasten	Allrad	Diesel	90	122	May 1997	May 2006	2024-03-01	26984
Mercedes-benz	Sprinter 3-T	310 D 2.9 4X4	Kasten	Allrad	Diesel	75	102	Jun 1997	Apr 2000	2024-03-01	26985
Mercedes-benz	Sprinter classic 3,5-T	311 CDI	Kasten	Heckantrieb	Diesel	80	109	Sep 2013	-	2024-03-01	26988
Hyundai	Porter	2.5 Crdi	Pritsche/Fahrgestell	Heckantrieb	Diesel	103	140	Feb 2003	Apr 2004	2024-03-01	26997
Hyundai	Porter	2.5 Crdi	Kasten	Heckantrieb	Diesel	103	140	Feb 2003	Apr 2004	2024-03-01	26998
Chevrolet	Aveo	1.4 Turbo	Schrägheck	Frontantrieb	Benzin	103	140	Aug 2013	-	2024-03-01	27004
VW	Golf vii variant	1.4 TGI CNG	Kombi	Frontantrieb	Benzin/Erdgas (CNG)	81	110	Sep 2013	Jul 2018	2024-03-01	27009
Shuanghuan	Ceo	2.4 Allrad	SUV	Allrad	Benzin	92	125	Jan 2005	Dec 2011	2024-03-01	27041
Mercedes-benz	G-Klasse	G 55 AMG	Geländewagen geschlossen	Allrad	Benzin	368	500	Aug 2006	Dec 2012	2024-03-01	27063
Saab	900 i	2	Cabriolet	Frontantrieb	Benzin	125	170	Oct 1989	Oct 1993	2024-03-01	27067
Saab	900 i combi coupe	2	Schrägheck	Frontantrieb	Benzin	74	100	Apr 1984	Oct 1991	2024-03-01	27068
Jaguar	Xj	3.6	Coupe	Heckantrieb	Benzin	168	228	Oct 1983	Dec 1989	2024-03-01	27077
Ford	Fiesta ii	1.3	Schrägheck	Frontantrieb	Benzin	51	69	Sep 1983	Sep 1989	2024-03-01	27098
Renault	19 i chamade	1.4	Stufenheck	Frontantrieb	Benzin	58	79	Jun 1989	Aug 1990	2024-03-01	27101
Seat	Ibiza ii	1.4	Schrägheck	Frontantrieb	Benzin	40	54	Dec 1997	Apr 1999	2024-03-01	27115
Suzuki	Swift ii	1.3	Schrägheck	Frontantrieb	Benzin	63	86	Jun 2001	Dec 2003	2024-03-01	27130
Suzuki	Samurai	1.9 D	Geländewagen geschlossen	Heckantrieb	Diesel	46	63	Sep 2000	Dec 2004	2024-03-01	27132
Rover	400	414	Schrägheck	Frontantrieb	Benzin	55	75	Mar 1996	Dec 1997	2024-03-01	27134
Fiat	Bravo i	1.6	Schrägheck	Frontantrieb	Benzin	76	103	Sep 2000	Oct 2001	2024-03-01	27141
Volvo	V40	1.8 Blu-fuel	Kombi	Frontantrieb	Benzin/Erdgas (CNG)	85	116	Jun 2001	Aug 2003	2024-03-01	27148
Volvo	V70 iii	2.0 Bifuel	Kombi	Frontantrieb	Benzin/Autogas (LPG)	157	214	Mar 2013	Dec 2015	2024-03-01	27154
Fiat	Ducato	2.5 TD 4X4	Bus	Allrad	Diesel	85	116	Jun 1994	Sep 2001	2024-03-01	27163
Fiat	Ducato	2.5 TD 4X4	Kasten	Allrad	Diesel	68	92	Sep 1986	Sep 1990	2024-03-01	27165
Mazda	323 s iv	1.6	Stufenheck	Frontantrieb	Benzin	64	87	Jun 1989	Mar 1991	2024-03-01	27166
VW	Multivan t5	2.0 TDI	Bus	Frontantrieb	Diesel	84	114	May 2011	Aug 2015	2024-03-01	27168
Peugeot	Partner	1.9 D	Kasten/Großraumlimousine	Frontantrieb	Diesel	50	68	Jun 1996	Dec 1998	2024-03-01	27169
Peugeot	Partner	1.8	Kasten/Großraumlimousine	Frontantrieb	Benzin	66	90	Mar 1997	Aug 2000	2024-03-01	27171
Peugeot	Expert	2.0 HDI	Pritsche/Fahrgestell	Frontantrieb	Diesel	69	94	Oct 2000	Oct 2006	2024-03-01	27173
Peugeot	Expert	2.0 HDI	Pritsche/Fahrgestell	Frontantrieb	Diesel	80	109	Oct 2000	Oct 2006	2024-03-01	27174
Peugeot	J5	2.5 D 4X4	Pritsche/Fahrgestell	Allrad	Diesel	54	73	Sep 1981	Aug 1990	2024-03-01	27175
Peugeot	J5	2.5 DT	Pritsche/Fahrgestell	Frontantrieb	Diesel	70	95	Sep 1981	Aug 1990	2024-03-01	27176
Mercedes-benz	Sprinter 3-T	310 D	Bus	Heckantrieb	Diesel	75	102	Jan 1997	Dec 1999	2024-03-01	27203
Alfa Romeo	156	1.9 JTD	Stufenheck	Frontantrieb	Diesel	93	126	Nov 2003	Sep 2005	2024-03-01	27206
Alfa Romeo	156	1.9 JTD	Stufenheck	Frontantrieb	Diesel	100	136	Nov 2002	Nov 2004	2024-03-01	27207
Alfa Romeo	156	1.9 JTD	Stufenheck	Frontantrieb	Diesel	110	150	Jul 2004	Sep 2005	2024-03-01	27208
Alfa Romeo	156	2.4 JTD	Stufenheck	Frontantrieb	Diesel	120	163	Jun 2003	Sep 2005	2024-03-01	27209
Renault	Sport spider	2	Cabriolet	Heckantrieb	Benzin	108	147	Dec 1995	Aug 1996	2024-03-01	27215
Toyota	Hiace iv	2.4 D	Kasten	Heckantrieb	Diesel	57	78	Sep 1989	Aug 1995	2024-03-01	27216
VW	Jetta ii	1.8	Stufenheck	Frontantrieb	Benzin	70	95	Aug 1984	Jul 1988	2024-05-01	27224
VW	Jetta ii	1.8	Stufenheck	Frontantrieb	Benzin	77	105	Jan 1985	Dec 1992	2024-03-01	27225
Ford	Focus i turnier	1.8 Bifuel	Kombi	Frontantrieb	Benzin/Autogas (LPG)	82	111	Feb 2003	Jan 2005	2024-03-01	27247
Toyota	Hiace iv	2.4 D	Kasten	Heckantrieb	Diesel	55	75	Aug 1995	Aug 2001	2024-03-01	27275
Toyota	Hiace iv	2.5 D-4d 4WD	Kasten	Allrad	Diesel	65	88	Aug 2001	Aug 2004	2024-03-01	27276
Toyota	Hiace v	2.5 D-4d	Kasten	Heckantrieb	Diesel	70	95	Sep 2006	-	2024-03-01	27277
Toyota	Hiace iv	2.5 D-4d	Kasten	Heckantrieb	Diesel	86	117	Sep 2006	Dec 2012	2024-03-01	27278
Toyota	Hiace iv	2.5 D-4d 4WD	Kasten	Allrad	Diesel	86	117	Sep 2006	Dec 2012	2024-03-01	27279
Fiat	Ducato	1.9 TD	Pritsche/Fahrgestell	Frontantrieb	Diesel	59	80	May 1998	Nov 2001	2024-03-01	27281
Fiat	Ducato	2.5 TD 4X4	Pritsche/Fahrgestell	Allrad	Diesel	85	116	Nov 1994	Apr 1998	2024-03-01	27282
Seat	Leon	2.8	Schrägheck	Frontantrieb	Benzin	150	204	May 2002	Jun 2004	2024-03-01	27288
Alfa Romeo	156	1.9 JTD	Kombi	Frontantrieb	Diesel	93	126	Nov 2003	May 2006	2024-03-01	27296
Alfa Romeo	156	1.9 JTD	Kombi	Frontantrieb	Diesel	100	136	Nov 2002	Nov 2004	2024-03-01	27297
Alfa Romeo	156	2.0 JTS	Kombi	Frontantrieb	Benzin	119	162	Mar 2002	May 2006	2024-03-01	27298
Alfa Romeo	156	2.4 JTD	Kombi	Frontantrieb	Diesel	120	163	Jun 2003	May 2006	2024-03-01	27299
Land Rover	Discovery i	2.5 TDI 4X4	Geländewagen geschlossen	Allrad	Diesel	90	122	Jun 1993	Oct 1998	2024-03-01	27305
Fiat	Punto	1.4 Natural Power	Schrägheck	Frontantrieb	Benzin/Erdgas (CNG)	57	78	Mar 2012	-	2024-03-01	27308
Renault	Clio ii	1.5 DCI	Kasten/Schrägheck	Frontantrieb	Diesel	50	68	Apr 2004	-	2026-05-01	27313
Mazda	6	2.3	Stufenheck	Frontantrieb	Benzin	120	163	Mar 2005	Jul 2007	2024-03-01	27317
Audi	A4 b7	2.0 TDI	Stufenheck	Frontantrieb	Diesel	93	126	Nov 2005	Nov 2006	2024-03-01	27326
Renault	Clio iii	1.2 16V	Schrägheck	Frontantrieb	Benzin	43	58	Jun 2006	Aug 2010	2026-05-01	27329
Suzuki	Swift iii	1.3 4X4	Schrägheck	Allrad	Benzin	68	92	Feb 2005	Jun 2012	2026-05-01	27332
Dodge	Ram 1500	5.7 4X4	Pick-up	Allrad	Benzin	257	350	Oct 2008	-	2024-03-01	27337
VW	Cc b7	1.8 TSI	Coupe	Frontantrieb	Benzin	118	160	Nov 2011	Dec 2016	2024-03-01	27347
Chevrolet	Tahoe	5.7 AWD	SUV	Allrad	Benzin	184	250	Oct 1995	Sep 1996	2024-03-01	27352
VW	Transporter t5	2.0 TSI	Bus	Frontantrieb	Benzin	150	204	May 2011	Aug 2015	2024-03-01	27394
VW	Transporter t5	2.0 TSI 4motion	Bus	Allrad	Benzin	150	204	Jul 2011	Aug 2015	2024-03-01	27396
Mercedes-benz	S-Klasse	S 500 4-matic	Stufenheck	Allrad	Benzin	335	455	May 2013	May 2017	2024-03-01	27400
VW	Transporter t5	2.0 TSI	Kasten	Frontantrieb	Benzin	150	204	May 2011	Aug 2015	2024-03-01	27402
VW	Transporter t5	2.0 TSI 4motion	Kasten	Allrad	Benzin	150	204	Jul 2011	Aug 2015	2024-03-01	27403
VW	Multivan t5	2.0 TSI	Bus	Frontantrieb	Benzin	150	204	May 2011	Aug 2015	2024-03-01	27416
VW	Multivan t5	2.0 TSI 4motion	Bus	Allrad	Benzin	150	204	Jul 2011	Aug 2015	2024-03-01	27456
Opel	Insignia a sports tourer	2.0 Cdti	Kombi	Frontantrieb	Diesel	103	140	Jul 2013	Jun 2015	2024-03-01	27483
Nissan	Quest	3	Großraumlimousine	Frontantrieb	Benzin	113	154	May 1992	Sep 1998	2024-03-01	27496
Opel	Movano a	2.5 Cdti	Kasten	Frontantrieb	Diesel	74	101	Oct 2003	-	2024-03-01	27512
Opel	Movano a	2.5 Cdti	Pritsche/Fahrgestell	Frontantrieb	Diesel	74	101	Aug 2006	-	2024-03-01	27513
Opel	Vivaro a	2.0 16V	Pritsche/Fahrgestell	Frontantrieb	Benzin	88	120	Jan 2002	Jul 2006	2024-03-01	27517
Opel	Vivaro a	1.9 DTI	Pritsche/Fahrgestell	Frontantrieb	Diesel	74	101	Feb 2001	Dec 2010	2024-03-01	27518
KIA	Sorento i	3.3 V6 4WD	SUV	Allrad	Benzin	182	248	Feb 2007	Dec 2011	2024-03-01	27519
Suzuki	Splash	1	Schrägheck	Frontantrieb	Benzin	48	65	Jan 2008	-	2024-03-01	27528
Suzuki	Splash	1.2	Schrägheck	Frontantrieb	Benzin	63	86	Jan 2008	-	2024-03-01	27529
Suzuki	Splash	1.3 Cdti	Schrägheck	Frontantrieb	Diesel	55	75	Jan 2008	-	2024-03-01	27530
Renault	Laguna iii	2.0 DCI	Schrägheck	Frontantrieb	Diesel	127	173	Jan 2008	Dec 2015	2024-03-01	27531
Renault	Laguna iii grandtour	2.0 DCI	Kombi	Frontantrieb	Diesel	127	173	Jan 2008	Dec 2015	2024-03-01	27532
Renault	Laguna	3.0 DCI	Coupe	Frontantrieb	Diesel	173	235	Sep 2008	Dec 2015	2024-03-01	27533
Renault	Laguna	2.0 16V Turbo	Coupe	Frontantrieb	Benzin	125	170	Sep 2008	Dec 2015	2024-03-01	27534
Renault	Laguna	2.0 DCI	Coupe	Frontantrieb	Diesel	127	173	Sep 2008	Dec 2015	2024-03-01	27535
VW	Golf plus v	1.4 TSI	Schrägheck	Frontantrieb	Benzin	118	160	Jun 2008	Dec 2013	2024-03-01	27537
VW	Golf v variant	1.4 TSI	Kombi	Frontantrieb	Benzin	118	160	Jul 2008	Jul 2009	2024-03-01	27539
VW	Passat b6 variant	1.4 TSI	Kombi	Frontantrieb	Benzin	90	122	May 2007	Nov 2010	2024-03-01	27540
VW	Passat b6 variant	1.8 TSI	Kombi	Frontantrieb	Benzin	118	160	May 2007	Oct 2011	2024-03-01	27541
VW	Passat b6	1.4 TSI	Stufenheck	Frontantrieb	Benzin	90	122	May 2007	Jul 2010	2024-03-01	27544
VW	Passat b6	1.8 TSI	Stufenheck	Frontantrieb	Benzin	118	160	May 2007	Jul 2010	2024-03-01	27545
VW	Passat b6	2.0 TDI	Stufenheck	Frontantrieb	Diesel	100	136	Mar 2005	Nov 2010	2024-03-01	27547
Renault	Koleos i	2.5	SUV	Frontantrieb	Benzin	126	171	Sep 2008	-	2024-03-01	27548
Renault	Koleos i	2.5 4X4	SUV	Allrad	Benzin	126	171	Sep 2008	-	2024-03-01	27549
Renault	Laguna	3.5 V6	Coupe	Frontantrieb	Benzin	175	238	Sep 2008	Dec 2015	2024-03-01	27550
Nissan	Gt-R	V6	Coupe	Allrad	Benzin	357	486	Dec 2007	Oct 2010	2024-03-01	27551
Lexus	Gs	460	Stufenheck	Heckantrieb	Benzin	255	347	Sep 2007	Nov 2011	2024-03-01	27554
BMW	3	316 I	Stufenheck	Heckantrieb	Benzin	85	115	Sep 2005	Oct 2011	2024-03-01	27555
Audi	A3	S3 Quattro	Schrägheck	Allrad	Benzin	195	265	Jun 2008	Mar 2013	2024-03-01	27562
Audi	Q5	2.0 Tfsi Quattro	SUV	Allrad	Benzin	155	211	Nov 2008	Sep 2012	2024-03-01	27563
Audi	Q5	2.0 TDI Quattro	SUV	Allrad	Diesel	125	170	Nov 2008	Sep 2012	2024-03-01	27564
Audi	Q5	3.0 TDI Quattro	SUV	Allrad	Diesel	176	240	Nov 2008	May 2017	2024-03-01	27565
Chevrolet	Avalanche	5.3 Flex-fuel	Pick-up	Heckantrieb	Benzin/Ethanol	235	320	Jun 2005	Jul 2007	2024-03-01	27566
Chevrolet	Avalanche	5.3 Flex-fuel AWD	Pick-up	Allrad	Benzin/Ethanol	231	314	Jan 2007	Dec 2013	2024-03-01	27567
Mitsubishi	Lancer viii	1.5	Stufenheck	Frontantrieb	Benzin	80	109	Jun 2008	-	2024-03-01	27568
Peugeot	4007	2.4 16V	SUV	Allrad	Benzin	125	170	Feb 2007	Mar 2013	2024-03-01	27569
Peugeot	807	2.0 HDI	Großraumlimousine	Frontantrieb	Diesel	88	120	Feb 2006	-	2024-03-01	27570
Chevrolet	Express	5.3 Flex-fuel	Bus	Heckantrieb	Benzin/Ethanol	216	294	Jan 2007	-	2024-03-01	27571
Chevrolet	Silverado 1500	5.3 Flexfuel AWD	Pick-up	Allrad	Benzin/Ethanol	232	316	Jan 2007	-	2024-03-01	27572
Chevrolet	Silverado 1500	5.3 AWD	Pick-up	Allrad	Benzin	232	316	Jan 2007	-	2024-03-01	27573
Chevrolet	Silverado 2500 hd	6.6 TD 4WD	Pick-up	Allrad	Diesel	268	364	Jan 2007	Dec 2007	2024-03-01	27574
Chevrolet	Suburban	5.3 Flex-fuel 4WD	SUV	Allrad	Benzin/Ethanol	228	310	Jan 2007	-	2024-03-01	27575
Dacia	Sandero	1.4	Schrägheck	Frontantrieb	Benzin	55	75	Jun 2008	Dec 2012	2025-12-01	27576
Dacia	Sandero	1.6	Schrägheck	Frontantrieb	Benzin	64	87	Jun 2008	Dec 2012	2025-12-01	27577
Citroën	C4 i	1.6 16V Bio-flex	Schrägheck	Frontantrieb	Benzin/Ethanol	80	109	Sep 2007	Jul 2008	2024-03-01	27579
Dodge	Avenger	2.7 Flex-fuel	Stufenheck	Frontantrieb	Benzin/Ethanol	139	189	Jun 2007	Dec 2009	2024-03-01	27580
Ford	Focus i	1.6 16V Flexifuel	Schrägheck	Frontantrieb	Benzin/Ethanol	75	102	Jan 2002	Nov 2004	2024-03-01	27581
Ford USA	Explorer	4.0 Flex-fuel 4WD	SUV	Allrad	Benzin/Ethanol	156	212	Jan 2002	-	2024-03-01	27583
Seat	Ibiza iv	1.2	Schrägheck	Frontantrieb	Benzin	51	70	Mar 2008	May 2015	2024-03-01	27584
Seat	Ibiza iv	1.4	Schrägheck	Frontantrieb	Benzin	63	85	Mar 2008	May 2015	2024-03-01	27585
Seat	Ibiza iv	1.4 TDI	Schrägheck	Frontantrieb	Diesel	59	80	Jul 2008	Jun 2010	2024-03-01	27586
Seat	Ibiza iv	1.9 TDI	Schrägheck	Frontantrieb	Diesel	66	90	Jul 2008	Jun 2010	2024-03-01	27587
Renault	Megane ii grandtour	1.6 16V Hi-flex	Kombi	Frontantrieb	Benzin/Ethanol	77	105	Feb 2008	Jul 2009	2024-03-01	27598
Renault	Megane ii	1.6 Flex-fuel	Schrägheck	Frontantrieb	Benzin/Ethanol	77	105	Jan 2007	Feb 2008	2024-03-01	27599
Saab	9-3	2.0 T Biopower	Kombi	Frontantrieb	Benzin/Ethanol	110	150	Jan 2007	Feb 2015	2024-03-01	27600
Saab	9-3	2.0 T Biopower	Kombi	Frontantrieb	Benzin/Ethanol	129	175	Jan 2007	Feb 2015	2024-03-01	27601
Saab	9-3	2.0 T Biopower	Cabriolet	Frontantrieb	Benzin/Ethanol	129	175	Jan 2007	Feb 2015	2024-03-01	27611
Saab	9-3	1,8t Biopower	Stufenheck	Frontantrieb	Benzin/Ethanol	110	150	Jan 2007	Feb 2015	2024-03-01	27612
Saab	9-3	2.0 T Biopower	Stufenheck	Frontantrieb	Benzin/Ethanol	129	175	Jan 2007	Feb 2015	2024-03-01	27613
Saab	9-5	2.0 T Biopower	Stufenheck	Frontantrieb	Benzin/Ethanol	110	150	Jan 2005	Dec 2009	2024-03-01	27614
Saab	9-5	2.0 T Biopower	Kombi	Frontantrieb	Benzin/Ethanol	110	150	Jan 2006	Dec 2009	2024-03-01	27615
Volvo	C30	1.8 Flexfuel	Schrägheck	Frontantrieb	Benzin/Ethanol	92	125	Jan 2007	Dec 2012	2024-03-01	27618
Volvo	S40 ii	1.8 Flexfuel	Stufenheck	Frontantrieb	Benzin/Ethanol	92	125	Jan 2006	Dec 2010	2024-03-01	27619
Volvo	S80 ii	2.5 T Flexfuel	Stufenheck	Frontantrieb	Benzin/Ethanol	147	200	May 2008	Dec 2011	2024-03-01	27620
Volvo	S80 ii	2.0 Flexfuel	Stufenheck	Frontantrieb	Benzin/Ethanol	107	146	Jan 2008	Dec 2011	2024-03-01	27622
Volvo	V50	1.8 Flexfuel	Kombi	Frontantrieb	Benzin/Ethanol	92	125	Jan 2005	Dec 2010	2024-03-01	27624
Volvo	V70 iii	2.5 T Flexifuel	Kombi	Frontantrieb	Benzin/Ethanol	147	200	May 2008	Dec 2009	2024-03-01	27625
Volvo	V70 iii	2.0 Flexifuel	Kombi	Frontantrieb	Benzin/Ethanol	107	146	Jan 2008	Dec 2011	2024-03-01	27626
Renault	Rapid	1.4	Kasten/Großraumlimousine	Frontantrieb	Benzin	59	80	May 1995	Aug 1997	2024-03-01	27628
Renault	Rapid	1.4	Kasten/Großraumlimousine	Frontantrieb	Benzin	54	73	Sep 1991	Aug 1993	2024-03-01	27630
Mercedes-benz	S-Klasse	3.8	Stufenheck	Heckantrieb	Benzin	160	218	Aug 1980	Aug 1984	2024-03-01	27632
Opel	Kadett d	1	Schrägheck	Frontantrieb	Benzin	30	41	Sep 1979	Aug 1982	2024-03-01	27635
Opel	Kadett d	1	Schrägheck	Frontantrieb	Benzin	33	45	Sep 1979	Aug 1984	2024-03-01	27636
Opel	Kadett e	2.0 GSI	Cabriolet	Frontantrieb	Benzin	115	156	Sep 1990	May 1992	2024-03-01	27639
Opel	Kadett e	2	Cabriolet	Frontantrieb	Benzin	110	150	Sep 1990	May 1992	2024-03-01	27640
Audi	90	2.0 Quattro	Stufenheck	Allrad	Benzin	85	116	Aug 1984	Aug 1986	2024-03-01	27641
Jaguar	Xj	2.8	Stufenheck	Heckantrieb	Benzin	132	179	Oct 1968	Oct 1973	2024-03-01	27647
Mitsubishi	L 300 / delica ii	1.8	Bus	Heckantrieb	Benzin	60	82	Mar 1983	Oct 1986	2024-03-01	27648
Porsche	911	2.3 S	Targa	Heckantrieb	Benzin	140	190	Sep 1971	Aug 1973	2024-03-01	27649
Peugeot	204	1.4 D	Stufenheck	Frontantrieb	Diesel	33	45	Sep 1973	Dec 1977	2024-03-01	27658
Volvo	240	2	Stufenheck	Heckantrieb	Benzin	89	121	Sep 1984	Dec 1993	2024-03-01	27659
Ford	Sierra	2.0 4X4	Schrägheck	Allrad	Benzin	88	120	Oct 1991	Mar 1993	2024-03-01	27668
BMW	3	320 I	Stufenheck	Heckantrieb	Benzin	135	184	Mar 2012	Oct 2018	2024-03-01	27670
Peugeot	305 ii	1.8 D	Stufenheck	Frontantrieb	Diesel	44	60	Nov 1982	Dec 1988	2024-03-01	27673
BMW	3	316 D	Stufenheck	Heckantrieb	Diesel	85	116	Mar 2012	Oct 2018	2024-03-01	27674
Opel	Manta b cc	2	Coupe	Heckantrieb	Benzin	92	125	Aug 1981	Jul 1988	2024-03-01	27675
Opel	Manta b cc	1.6	Coupe	Heckantrieb	Benzin	55	75	Aug 1977	Jul 1981	2024-03-01	27676
Austin	Mini	1.3	Schrägheck	Frontantrieb	Benzin	53	72	Sep 1969	Sep 1980	2024-03-01	27678
Peugeot	405 ii break	2.0 4X4	Kombi	Allrad	Benzin	144	196	Aug 1992	Dec 1995	2024-03-01	27692
Citroën	Ax	Electric	Schrägheck	Frontantrieb	Elektro	25	34	Apr 1993	Oct 1996	2024-03-01	27693
Citroën	Ax	Electric	Schrägheck	Frontantrieb	Elektro	28	38	Nov 1996	Apr 1997	2024-03-01	27694
Citroën	Bx	1.4	Kombi	Frontantrieb	Benzin	44	60	Jan 1987	Jan 1992	2024-03-01	27698
Citroën	Bx	1.9 D	Kombi	Frontantrieb	Diesel	52	71	Jan 1987	Jan 1992	2024-03-01	27699
Citroën	Bx	1.4	Kombi	Frontantrieb	Benzin	52	71	Jan 1987	Jan 1992	2024-03-01	27700
Triumph	Tr 6 i	2.5	Cabriolet	Heckantrieb	Benzin	121	165	Mar 1969	Jan 1974	2024-03-01	27702
Renault	Trafic	2.1 D 4X4	Bus	Allrad	Diesel	43	58	May 1985	Feb 1989	2024-03-01	27705
Renault	Trafic	2	Bus	Frontantrieb	Benzin	58	79	Jul 1980	Apr 1985	2024-03-01	27706
VW	Golf i	1.3	Cabriolet	Frontantrieb	Benzin	40	54	Aug 1983	Jul 1986	2024-03-01	27713
Renault	18	1.6 4X4	Kombi	Allrad	Benzin	58	79	Feb 1979	Jun 1981	2024-03-01	27714
Renault	18	1.6	Kombi	Frontantrieb	Benzin	82	111	Oct 1983	Sep 1986	2024-03-01	27715
Renault	21	2	Kombi	Frontantrieb	Benzin	86	117	Jul 1989	Jun 1992	2024-03-01	27716
Renault	21	2	Kombi	Frontantrieb	Benzin	75	102	Jun 1991	May 1993	2024-03-01	27717
Alfa Romeo	Gt	1.8	Coupe	Heckantrieb	Benzin	80	109	Apr 1968	Nov 1971	2024-03-01	27718
BMW	7	735 I	Stufenheck	Heckantrieb	Benzin	160	218	Sep 1979	Sep 1982	2024-03-01	27719
Renault	4	0.7	Schrägheck	Frontantrieb	Benzin	15	20	Apr 1962	Apr 1971	2024-03-01	27722
Volvo	740	2	Stufenheck	Heckantrieb	Benzin	147	200	Sep 1990	Aug 1992	2024-03-01	27724
Renault	5	1.4	Schrägheck	Heckantrieb	Benzin	118	160	Sep 1980	Mar 1985	2024-03-01	27725
Talbot	Horizon	1.6	Schrägheck	Frontantrieb	Benzin	54	73	Aug 1983	Jul 1985	2024-03-01	27727
Renault	Super 5	1.6 D	Schrägheck	Frontantrieb	Diesel	40	54	Apr 1985	Dec 1990	2024-03-01	27728
Volvo	760	2.3	Stufenheck	Heckantrieb	Benzin	84	114	Aug 1984	Aug 1987	2024-03-01	27731
Volvo	760	2.8	Stufenheck	Heckantrieb	Benzin	125	170	Sep 1987	Aug 1990	2024-03-01	27732
Renault	Master i	2.4 D	Kasten	Heckantrieb	Diesel	52	71	Jul 1983	Aug 1986	2024-03-01	27737
Renault	Master i	2.4 D	Kasten	Heckantrieb	Diesel	50	68	Jul 1980	Jun 1983	2024-03-01	27738
Renault	Master i	2.4 D	Kasten	Heckantrieb	Diesel	53	72	Sep 1986	Dec 1992	2024-03-01	27739
Nissan	Bluebird	2.0 TD	Stufenheck	Frontantrieb	Diesel	62	84	Nov 1983	Dec 1985	2024-03-01	27743
Nissan	Cherry	1	Coupe	Frontantrieb	Benzin	33	45	Aug 1978	Jul 1981	2024-03-01	27748
Honda	Accord iv	1.8	Stufenheck	Frontantrieb	Benzin	77	105	Jan 1990	Dec 1991	2024-03-01	27752
Maserati	Ghibli	2	Coupe	Heckantrieb	Benzin	236	321	May 1992	Sep 1994	2024-03-01	27755
Opel	Diplomat b	2.8	Stufenheck	Heckantrieb	Benzin	103	140	Sep 1972	Aug 1978	2024-03-01	27756
Opel	Vectra b cc	2.5	Schrägheck	Frontantrieb	Benzin	144	196	Oct 1999	Jun 2000	2024-03-01	27758
Honda	Civic vi hatchback	2.0 Tdic	Schrägheck	Frontantrieb	Diesel	77	105	Nov 1998	Oct 2000	2025-11-01	27760
BMW	3	318 D	Stufenheck	Heckantrieb	Diesel	105	143	Mar 2012	Jun 2015	2024-03-01	27765
VW	Transporter t5	2.0 TDI	Kasten	Frontantrieb	Diesel	100	136	May 2010	Aug 2015	2024-03-01	27769
Peugeot	106 ii	Electric	Schrägheck	Frontantrieb	Elektro	20	27	Apr 1996	Jul 2004	2024-03-01	27770
Citroën	Berlingo	1.4	Großraumlimousine	Frontantrieb	Benzin	53	72	Nov 2002	Oct 2005	2024-03-01	27771
VW	Transporter t5	2.0 TDI 4motion	Kasten	Allrad	Diesel	100	136	May 2010	Aug 2015	2024-03-01	27774
Fiat	Marea	1.6	Stufenheck	Frontantrieb	Benzin	76	103	Sep 2000	Aug 2002	2024-03-01	27778
Fiat	Ducato	2	Kasten	Frontantrieb	Benzin	63	86	Jun 1990	May 1994	2024-03-01	27780
VW	Transporter t4	2.8 VR6	Kasten	Frontantrieb	Benzin	150	204	Jun 2000	Apr 2003	2024-03-01	27782
VW	Transporter t4	2.8 VR6	Kasten	Frontantrieb	Benzin	103	140	May 1996	May 2000	2024-03-01	27783
VW	Lt 28-35 i	2.4 Syncro	Pritsche/Fahrgestell	Allrad	Benzin	70	95	Aug 1992	Jul 1994	2024-03-01	27785
VW	Lt 28-35 i	2.4 D Syncro	Pritsche/Fahrgestell	Allrad	Diesel	55	75	Aug 1991	Jul 1992	2024-03-01	27787
VW	Lt 28-35 i	2.4 D Syncro	Pritsche/Fahrgestell	Allrad	Diesel	51	69	Aug 1991	Jul 1992	2024-03-01	27788
Citroën	Ds	2.4	Kombi	Frontantrieb	Benzin	93	126	Jul 1972	Jun 1974	2024-03-01	27792
Ford	Taunus	2.6	Stufenheck	Heckantrieb	Benzin	92	125	Sep 1967	Aug 1971	2024-03-01	27794
Ford	Taunus	2.3	Stufenheck	Heckantrieb	Benzin	92	125	Sep 1967	Aug 1971	2024-03-01	27795
Ford	Taunus	2.6	Stufenheck	Heckantrieb	Benzin	92	125	Sep 1967	Aug 1971	2024-03-01	27796
Ford	Taunus	2.3	Stufenheck	Heckantrieb	Benzin	92	125	Sep 1967	Aug 1971	2024-03-01	27797
Ford	Taunus	2.6	Coupe	Heckantrieb	Benzin	92	125	Sep 1967	Aug 1971	2024-03-01	27798
Ford	Taunus	2.3	Coupe	Heckantrieb	Benzin	92	125	Sep 1967	Aug 1971	2024-03-01	27799
Opel	Rekord a	1.7	Stufenheck	Heckantrieb	Benzin	55	75	Apr 1964	Aug 1965	2024-03-01	27801
Opel	Rekord b	1.9	Stufenheck	Heckantrieb	Benzin	55	75	Sep 1965	Aug 1966	2024-03-01	27804
Mitsubishi	L 300 / delica ii	1.8	Kasten	Heckantrieb	Benzin	60	82	Mar 1983	Oct 1986	2024-03-01	27805
Mitsubishi	L 300 iii	2.0 4WD	Kasten	Allrad	Benzin	63	86	Aug 1988	May 1994	2024-03-01	27806
Alfa Romeo	1750-2000	1.7	Stufenheck	Heckantrieb	Benzin	80	109	Apr 1968	Nov 1971	2024-03-01	27808
Volvo	S90 i	2.5	Stufenheck	Heckantrieb	Benzin	125	170	Nov 1996	Oct 1998	2024-03-01	27810
Volvo	V90 i	2.5	Kombi	Heckantrieb	Benzin	125	170	Nov 1996	Oct 1998	2024-03-01	27812
Rover	Montego	1.6	Kombi	Frontantrieb	Benzin	61	83	Oct 1990	Sep 1992	2024-03-01	27818
Fiat	Ducato panorama	2.0 4X4	Bus	Allrad	Benzin	63	86	Jun 1990	May 1994	2024-03-01	27819
Fiat	Ducato	2.5 D 4X4	Kasten	Allrad	Diesel	55	75	Sep 1986	May 1990	2024-03-01	27820
Fiat	Ducato	2.5 D 4X4	Kasten	Allrad	Diesel	53	72	Sep 1986	Oct 1987	2024-03-01	27821
Honda	Civic vi fastback	2.0 Tdic	Schrägheck	Frontantrieb	Diesel	77	105	Nov 1998	Oct 2000	2024-03-01	27822
Renault	Espace iii	2.2 D	Großraumlimousine	Frontantrieb	Diesel	84	114	Nov 1997	Jan 2000	2024-03-01	27823
VW	Transporter t5	2.0 TDI	Pritsche/Fahrgestell	Frontantrieb	Diesel	100	136	May 2010	Aug 2015	2024-03-01	27824
Renault	Trafic	2	Kasten	Heckantrieb	Benzin	60	82	May 1985	Feb 1989	2024-03-01	27827
Renault	Trafic	2	Kasten	Heckantrieb	Benzin	58	79	Jul 1980	Apr 1985	2024-03-01	27828
Renault	Trafic	2	Kasten	Frontantrieb	Benzin	58	79	Jul 1980	Apr 1985	2024-03-01	27829
Peugeot	Boxer	2.0 4X4	Kasten	Allrad	Benzin	80	109	Mar 1996	Sep 1998	2024-03-01	27830
Peugeot	Partner	1.9 D 4X4	Großraumlimousine	Allrad	Diesel	51	69	Apr 2004	Aug 2005	2024-03-01	27836
Peugeot	Partner	1.4	Großraumlimousine	Frontantrieb	Benzin	54	73	Nov 2002	Oct 2006	2024-03-01	27837
Peugeot	Partner	2.0 HDI 4X4	Großraumlimousine	Allrad	Diesel	66	90	Apr 2004	Aug 2005	2024-03-01	27838
Mazda	E	E2000 4WD	Kasten	Allrad	Benzin	63	86	Nov 1987	Sep 1989	2024-03-01	27847
Ferrari	Mondial	3.2	Cabriolet	Heckantrieb	Benzin	188	256	Oct 1987	Sep 1989	2024-03-01	27849
VW	Lt 28-35 ii	2.8 TDI	Bus	Heckantrieb	Diesel	96	131	Jan 1999	Jan 2002	2024-03-01	27850
Citroën	Jumper i	2.5 DT 4X4	Kasten	Allrad	Diesel	76	103	Oct 1996	Aug 1997	2024-03-01	27854
Ford	Scorpio i turnier	2.5 D	Kombi	Heckantrieb	Diesel	51	69	Oct 1990	Aug 1992	2024-03-01	27862
Honda	Accord iii aerodeck	2	Kombi	Frontantrieb	Benzin	101	137	Jan 1986	Dec 1986	2024-03-01	27871
Volvo	S70	2.4 AWD	Stufenheck	Allrad	Benzin	103	140	Apr 1999	Sep 2000	2024-03-01	27874
Volvo	S70	2.4 AWD	Stufenheck	Allrad	Benzin	106	144	Nov 1996	May 1999	2024-03-01	27875
Volvo	S70	2.5 TDI AWD	Stufenheck	Allrad	Diesel	103	140	Oct 1999	Sep 2000	2024-03-01	27876
Volvo	S70	2.4 AWD	Stufenheck	Allrad	Benzin	121	165	Oct 1998	May 1999	2024-03-01	27877
Volvo	S70	2.3	Stufenheck	Frontantrieb	Benzin	195	265	Apr 1999	Sep 2000	2024-03-01	27878
Volvo	S70	2.4 AWD	Stufenheck	Allrad	Benzin	125	170	Apr 1999	Sep 2000	2024-03-01	27879
Fiat	Ducato	2.0 4X4	Pritsche/Fahrgestell	Allrad	Benzin	63	86	Jun 1990	May 1994	2024-03-01	27881
Citroën	C25	2.5 D 4X4	Kasten	Allrad	Diesel	55	75	Nov 1983	Dec 1986	2024-03-01	27884
Citroën	C25	1.9 DT	Pritsche/Fahrgestell	Frontantrieb	Diesel	60	82	Oct 1991	Jan 1994	2024-03-01	27885
Lancia	Lybra	1.6	Stufenheck	Frontantrieb	Benzin	76	103	Oct 2000	Oct 2005	2024-03-01	27898
Lancia	Lybra	1.6	Kombi	Frontantrieb	Benzin	76	103	Oct 2000	Oct 2005	2024-03-01	27899
Renault	Super 5	1.4	Kasten/Schrägheck	Frontantrieb	Benzin	44	60	Sep 1985	Jul 1986	2024-03-01	27902
Renault	Trafic	2.2	Pritsche/Fahrgestell	Frontantrieb	Benzin	74	101	Sep 1994	Apr 1998	2024-03-01	27914
Renault	Trafic	2.5 D	Pritsche/Fahrgestell	Frontantrieb	Diesel	58	79	Sep 1994	Apr 1998	2024-03-01	27917
Renault	Trafic	2.5 D	Pritsche/Fahrgestell	Frontantrieb	Diesel	56	76	Mar 1989	Aug 1994	2024-03-01	27918
Renault	Trafic	2.5 D 4X4	Pritsche/Fahrgestell	Allrad	Diesel	56	76	Mar 1989	Aug 1994	2024-03-01	27919
Renault	Trafic	2.1 D	Pritsche/Fahrgestell	Frontantrieb	Diesel	47	64	Sep 1994	Apr 1998	2024-03-01	27920
Renault	Trafic	2.1 D	Pritsche/Fahrgestell	Frontantrieb	Diesel	44	60	May 1985	Feb 1989	2024-03-01	27921
Renault	Trafic	2.1 D	Pritsche/Fahrgestell	Frontantrieb	Diesel	43	58	Jul 1980	Apr 1985	2024-03-01	27922
Renault	Trafic	2.1 D 4X4	Pritsche/Fahrgestell	Allrad	Diesel	43	58	May 1985	Feb 1989	2024-03-01	27923
Renault	Trafic	2.0 4X4	Pritsche/Fahrgestell	Allrad	Benzin	60	82	May 1985	Feb 1989	2024-03-01	27924
Renault	Master i	2.5 D	Pritsche/Fahrgestell	Frontantrieb	Diesel	55	75	Jul 1980	Oct 1989	2024-03-01	27926
Renault	Master i	2.5 DT	Pritsche/Fahrgestell	Frontantrieb	Diesel	69	94	Nov 1989	Oct 1993	2024-03-01	27927
Renault	Master i	2.4 D	Bus	Heckantrieb	Diesel	53	72	Sep 1986	Oct 1989	2024-03-01	27934
Rover	Montego	1.6	Stufenheck	Frontantrieb	Benzin	61	83	Oct 1990	Sep 1992	2024-03-01	27937
VW	Lt 40-55 i	2.4 Syncro	Pritsche/Fahrgestell	Allrad	Benzin	66	90	Dec 1982	Jul 1989	2024-03-01	27940
VW	Lt 40-55 i	2.4	Pritsche/Fahrgestell	Heckantrieb	Benzin	66	90	Aug 1985	Jul 1989	2024-03-01	27941
VW	Lt 40-55 i	2.4	Pritsche/Fahrgestell	Heckantrieb	Benzin	70	95	Aug 1988	Jul 1989	2024-03-01	27942
Subaru	Rex iii	0.7	Schrägheck	Frontantrieb	Benzin	47	64	Jul 1990	Feb 1992	2024-03-01	27947
Fiat	Panda	1.2 4X4	Kasten/Schrägheck	Allrad	Benzin	44	60	Sep 2004	-	2024-03-01	27949
Fiat	Panda	1.2	Kasten/Schrägheck	Frontantrieb	Benzin	44	60	Sep 2004	-	2024-03-01	27950
Fiat	Panda	1.3 D Multijet	Kasten/Schrägheck	Frontantrieb	Diesel	55	75	Jan 2006	-	2024-03-01	27951
Fiat	Panda	1.3 D Multijet	Kasten/Schrägheck	Frontantrieb	Diesel	51	70	Mar 2004	-	2024-03-01	27952
Rover	25	1.1	Schrägheck	Frontantrieb	Benzin	55	75	Sep 1999	Jun 2001	2024-03-01	27954
Citroën	Jumpy i	2	Pritsche/Fahrgestell	Frontantrieb	Benzin	100	136	Dec 2003	Oct 2006	2024-03-01	27964
Citroën	Jumpy i	2.0 HDI 110	Pritsche/Fahrgestell	Frontantrieb	Diesel	80	109	Dec 2003	Oct 2006	2024-03-01	27965
Renault	Scénic i	1.8 4X4	Großraumlimousine	Allrad	Benzin	85	116	Jul 2000	Apr 2001	2024-03-01	27966
Hyundai	Elantra iii	1.6	Schrägheck	Frontantrieb	Benzin	66	90	Jun 2000	Jul 2006	2024-03-01	27967
Mini	Mini	ONE	Schrägheck	Frontantrieb	Benzin	55	75	Apr 2003	Sep 2006	2024-03-01	27975
Fiat	Punto	1.3 JTD	Kasten/Schrägheck	Frontantrieb	Diesel	51	69	Jun 2003	Oct 2005	2024-03-01	27976
Renault	Clio ii	1.5 DCI	Kasten/Schrägheck	Frontantrieb	Diesel	60	82	Nov 2003	-	2026-05-01	27977
Renault	Clio ii	1.9 DTI	Kasten/Schrägheck	Frontantrieb	Diesel	59	80	Feb 2000	May 2001	2026-05-01	27978
Renault	Clio ii	1.5 DCI	Kasten/Schrägheck	Frontantrieb	Diesel	59	80	Jun 2001	Oct 2004	2026-05-01	27979
Opel	Corsa c	1.4	Kasten/Schrägheck	Frontantrieb	Benzin	66	90	Aug 2003	Jun 2012	2024-03-01	27980
Opel	Corsa c	1.7 Cdti	Kasten/Schrägheck	Frontantrieb	Diesel	74	101	Aug 2003	Dec 2012	2024-03-01	27981
Hyundai	Terracan	2.9 Crdi	SUV	Heckantrieb	Diesel	110	150	Nov 2001	Jul 2003	2024-03-01	27982
Peugeot	Boxer	2.8 HDI	Bus	Frontantrieb	Diesel	107	145	Apr 2004	Jun 2006	2024-03-01	27988
Hyundai	Getz	1.6	Schrägheck	Frontantrieb	Benzin	78	106	Jun 2005	Jun 2009	2024-03-01	27989
Citroën	Jumper ii	2.8 HDI 4X4	Pritsche/Fahrgestell	Allrad	Diesel	94	128	Feb 2002	Jun 2006	2025-12-01	27990
Smart	Fortwo	0.6	Coupe	Heckantrieb	Benzin	45	61	Jan 2004	Feb 2007	2024-03-01	27992
Renault	Espace iv	2	Großraumlimousine	Frontantrieb	Benzin	98	133	Nov 2002	Dec 2015	2024-03-01	27993
VW	Touran	1.4 TSI	Großraumlimousine	Frontantrieb	Benzin	125	170	Nov 2006	May 2010	2024-03-01	27994
Ssangyong	Rexton	2.7 D 4X4	SUV	Allrad	Diesel	137	186	Jun 2006	-	2024-03-01	27999
Ssangyong	Rexton	2.7 XDI	SUV	Heckantrieb	Diesel	121	165	Mar 2005	Aug 2006	2024-03-01	28000
Seat	850	0.9	Stufenheck	Heckantrieb	Benzin	38	52	Jul 1970	Oct 1975	2024-03-01	28003
Opel	Astra h	1.2	Schrägheck	Frontantrieb	Benzin	59	80	Aug 2005	Oct 2010	2024-03-01	28009
Cadillac	Srx	3.6	SUV	Heckantrieb	Benzin	190	258	Jan 2004	Dec 2008	2024-03-01	28013
Audi	A4 b7 avant	2.7 TDI	Kombi	Frontantrieb	Diesel	120	163	Nov 2005	Mar 2008	2024-03-01	28017
BMW	3	323 I	Stufenheck	Heckantrieb	Benzin	130	177	Sep 2005	Feb 2007	2024-03-01	28018
Chevrolet	Nubira	1.4	Stufenheck	Frontantrieb	Benzin	69	94	Jan 2005	Dec 2007	2024-03-01	28019
BMW	3	323 I	Kombi	Heckantrieb	Benzin	130	177	Apr 2006	Jun 2007	2024-03-01	28020
Opel	Kadett d	1	Stufenheck	Frontantrieb	Benzin	30	41	Sep 1979	Aug 1982	2024-03-01	28023
Opel	Kadett d	1	Stufenheck	Frontantrieb	Benzin	33	45	Sep 1979	Aug 1984	2024-03-01	28024
LDV	Maxus	2.5 D	Kasten	Frontantrieb	Diesel	88	120	Oct 2005	Dec 2009	2024-03-01	28031
Volvo	C30	D5	Schrägheck	Frontantrieb	Diesel	120	163	Oct 2006	Dec 2012	2024-03-01	28033
Daewoo	Kalos	1.4	Stufenheck	Frontantrieb	Benzin	61	83	Nov 2002	Dec 2004	2024-03-01	28036
Daewoo	Kalos	1.4	Stufenheck	Frontantrieb	Benzin	69	94	May 2003	Dec 2004	2024-03-01	28037
VW	Transporter t5	2.0 TDI 4motion	Pritsche/Fahrgestell	Allrad	Diesel	100	136	May 2010	Aug 2015	2024-03-01	28039
Daihatsu	Terios	1.5 Vvt-i 4X4	Geländewagen geschlossen	Allrad	Benzin	75	102	Sep 2010	-	2024-03-01	28040
Maserati	Spyder	2	Cabriolet	Heckantrieb	Benzin	162	220	Apr 1988	Sep 1996	2024-03-01	28042
Mitsubishi	Outlander ii	3.0 4WD	SUV	Allrad	Benzin	162	220	Nov 2006	Nov 2012	2024-03-01	28043
Mitsubishi	Outlander ii	2.4	SUV	Frontantrieb	Benzin	125	170	Nov 2006	Nov 2012	2024-03-01	28044
Seat	Altea	1.4 16V	Großraumlimousine	Frontantrieb	Benzin	63	86	Oct 2006	Jun 2013	2024-05-01	28045
Alfa Romeo	1900	1.9	Stufenheck	Heckantrieb	Benzin	59	80	Oct 1950	Jan 1954	2024-03-01	28081
Alfa Romeo	1900	1.9 Super	Stufenheck	Heckantrieb	Benzin	66	90	Jan 1954	Sep 1959	2024-03-01	28082
Alfa Romeo	1900	1.9 TI	Stufenheck	Heckantrieb	Benzin	74	100	Jan 1954	Sep 1959	2024-03-01	28083
Alfa Romeo	1900	1.9 TI Super	Stufenheck	Heckantrieb	Benzin	85	115	Jan 1954	Sep 1959	2024-03-01	28084
Alfa Romeo	2600 sprint	2.6	Coupe	Heckantrieb	Benzin	107	145	Jan 1962	Dec 1966	2024-03-01	28085
Alfa Romeo	2600 spider	2.6	Cabriolet	Heckantrieb	Benzin	107	145	Jan 1961	Dec 1965	2024-03-01	28086
Alfa Romeo	2600 berlina	2.6	Stufenheck	Heckantrieb	Benzin	96	130	Jan 1962	Dec 1969	2024-03-01	28087
Alfa Romeo	Giulietta	1.3	Coupe	Heckantrieb	Benzin	48	65	Jan 1954	Dec 1962	2024-03-01	28088
Alfa Romeo	Giulietta	1.3	Coupe	Heckantrieb	Benzin	59	80	Jan 1958	Dec 1962	2024-03-01	28089
Alfa Romeo	Giulietta	1.3	Coupe	Heckantrieb	Benzin	66	90	Jan 1956	Dec 1962	2024-03-01	28090
Alfa Romeo	Giulietta	1.3	Stufenheck	Heckantrieb	Benzin	37	50	Jan 1955	Dec 1957	2024-03-01	28091
Alfa Romeo	Giulietta	1.3	Stufenheck	Heckantrieb	Benzin	39	53	Jan 1958	Dec 1960	2024-03-01	28092
Alfa Romeo	Giulietta	1.3	Stufenheck	Heckantrieb	Benzin	46	62	Jan 1961	Dec 1962	2024-03-01	28093
Alfa Romeo	Giulietta	1.3 TI	Stufenheck	Heckantrieb	Benzin	48	65	Jan 1957	Dec 1960	2024-03-01	28094
Alfa Romeo	Giulietta	1.3 TI	Stufenheck	Heckantrieb	Benzin	55	74	Jan 1961	Dec 1962	2024-03-01	28095
Alfa Romeo	Giulietta	1.3	Cabriolet	Heckantrieb	Benzin	48	65	Jan 1955	Dec 1962	2024-03-01	28096
Alfa Romeo	Giulietta	1.3	Cabriolet	Heckantrieb	Benzin	59	80	Jan 1961	Dec 1962	2024-03-01	28097
Alfa Romeo	Giulietta	1.3	Cabriolet	Heckantrieb	Benzin	66	90	Jan 1956	Dec 1962	2024-03-01	28098
Alfa Romeo	Giulietta	1.3	Kombi	Heckantrieb	Benzin	37	50	Jan 1957	Dec 1962	2024-03-01	28099
Alfa Romeo	Giulietta	1.3	Kombi	Heckantrieb	Benzin	39	53	Jan 1959	Dec 1962	2024-03-01	28100
Alfa Romeo	Giulietta	1.3	Coupe	Heckantrieb	Benzin	74	100	Jan 1958	Dec 1961	2024-03-01	28101
Alfa Romeo	Giulietta	1.3	Coupe	Heckantrieb	Benzin	74	100	Jan 1958	Dec 1961	2024-03-01	28102
Alfa Romeo	Matta	1.9	Geländewagen offen	Allrad	Benzin	48	65	Jan 1952	Dec 1954	2024-03-01	28103
Autobianchi	Bianchina berlina	0.5	Stufenheck	Heckantrieb	Benzin	13	18	Jan 1962	Dec 1969	2024-03-01	28104
Autobianchi	Bianchina berlina	0.5	Stufenheck	Heckantrieb	Benzin	15	21	Jan 1965	Dec 1969	2024-03-01	28105
Autobianchi	Bianchina	0.5	Cabriolet	Heckantrieb	Benzin	15	21	Jan 1960	Dec 1969	2024-03-01	28106
Autobianchi	Bianchina	0.5	Coupe	Heckantrieb	Benzin	11	15	Jan 1957	Dec 1958	2024-03-01	28107
Autobianchi	Bianchina	0.5	Coupe	Heckantrieb	Benzin	12	17	Jan 1959	Dec 1959	2024-03-01	28108
Autobianchi	Bianchina	0.5	Coupe	Heckantrieb	Benzin	13	18	Jan 1960	Dec 1962	2024-03-01	28109
Autobianchi	Bianchina	0.5	Kombi	Heckantrieb	Benzin	16	22	Jan 1960	Dec 1969	2024-03-01	28110
Autobianchi	Primula berlina	1.2	Stufenheck	Frontantrieb	Benzin	43	59	Jan 1964	Dec 1967	2024-03-01	28111
Autobianchi	Primula berlina	1.2	Stufenheck	Frontantrieb	Benzin	48	65	Jan 1968	Dec 1970	2024-03-01	28112
Autobianchi	Primula	1.2	Coupe	Frontantrieb	Benzin	48	65	Jan 1964	Dec 1967	2024-03-01	28113
Autobianchi	Primula	1.4	Coupe	Frontantrieb	Benzin	55	75	Jan 1968	Dec 1970	2024-03-01	28114
Fiat	1100-1900	1400 A	Stufenheck	Heckantrieb	Benzin	37	50	Jan 1954	Dec 1955	2024-03-01	28115
Fiat	1100-1900	1400 B	Stufenheck	Heckantrieb	Benzin	43	58	Jan 1956	Dec 1958	2024-03-01	28116
Fiat	1100-1900	1900 A	Stufenheck	Heckantrieb	Benzin	51	70	Jan 1954	Dec 1959	2024-03-01	28117
Fiat	1100-1900	1900 B	Stufenheck	Heckantrieb	Benzin	59	80	Jan 1956	Dec 1958	2024-03-01	28118
Fiat	1900	1900 B	Coupe	Heckantrieb	Benzin	59	80	Jan 1956	Dec 1958	2024-03-01	28119
KIA	Pro cee'd	1.4 Cvvt	Schrägheck	Frontantrieb	Benzin	66	90	Jun 2010	Sep 2012	2024-03-01	28120
Subaru	Xv	1.6 I AWD	SUV	Allrad	Benzin	84	114	Mar 2012	Dec 2017	2025-06-01	28121
Subaru	Xv	2.0 I AWD	SUV	Allrad	Benzin	110	150	Mar 2012	Dec 2017	2025-06-01	28125
Innocenti	Regent	1.3	Schrägheck	Frontantrieb	Benzin	46	63	Jan 1974	Dec 1975	2024-03-01	28128
Innocenti	Regent	1.5	Schrägheck	Frontantrieb	Benzin	55	75	Jan 1974	Dec 1975	2024-03-01	28129
Seat	Ibiza iv sc	1.2	Schrägheck	Frontantrieb	Benzin	51	70	Jul 2008	May 2015	2025-06-01	28130
Seat	Ibiza iv sc	1.4	Schrägheck	Frontantrieb	Benzin	63	85	Jul 2008	May 2015	2025-06-01	28131
Seat	Ibiza iv sc	1.4 TDI	Schrägheck	Frontantrieb	Diesel	59	80	Jul 2008	Jun 2010	2025-06-01	28132
Seat	Ibiza iv sc	1.9 TDI	Schrägheck	Frontantrieb	Diesel	66	90	Jun 2008	Jun 2010	2025-06-01	28133
Lancia	Delta iii	1.4	Schrägheck	Frontantrieb	Benzin	88	120	Sep 2008	Aug 2014	2024-03-01	28134
Lancia	Delta iii	1.4	Schrägheck	Frontantrieb	Benzin	110	150	Sep 2008	Aug 2014	2024-03-01	28135
Lancia	Delta iii	1.6 D Multijet	Schrägheck	Frontantrieb	Diesel	88	120	Sep 2008	Aug 2014	2024-03-01	28136
Lancia	Delta iii	1.9 D Multijet	Schrägheck	Frontantrieb	Diesel	140	190	Jan 2009	Aug 2014	2024-03-01	28137
Lancia	Delta iii	2.0 D Multijet	Schrägheck	Frontantrieb	Diesel	121	165	Sep 2008	Aug 2014	2024-03-01	28138
Lancia	Delta iii	1.8	Schrägheck	Frontantrieb	Benzin	147	200	Jan 2009	Aug 2014	2024-03-01	28139
Peugeot	407	2.0 HDI	Stufenheck	Frontantrieb	Diesel	103	140	Jun 2009	Dec 2010	2024-03-01	28140
Peugeot	407	2.0 HDI	Kombi	Frontantrieb	Diesel	103	140	Aug 2008	Dec 2010	2024-03-01	28141
Lancia	Appia berlina	1.1	Stufenheck	Heckantrieb	Benzin	35	48	Mar 1959	Dec 1961	2024-03-01	28142
Lancia	Appia	1.1	Kombi	Heckantrieb	Benzin	35	48	Mar 1959	Dec 1961	2024-03-01	28143
Volvo	C70 ii	2.0 D	Cabriolet	Frontantrieb	Diesel	100	136	Jan 2008	Oct 2009	2024-03-01	28144
Volvo	Xc70 ii	2.4 D / D4 AWD	Kombi	Allrad	Diesel	120	163	Aug 2007	Apr 2016	2024-03-01	28145
Opel	Combo	1.6 CNG 16V	Kasten/Großraumlimousine	Frontantrieb	Benzin/Erdgas (CNG)	71	97	Apr 2005	-	2024-03-01	28147
Opel	Combo tour	1.6 CNG	Großraumlimousine	Frontantrieb	Benzin/Erdgas (CNG)	71	97	Apr 2005	Jan 2011	2024-03-01	28148
Suzuki	Swift iii	1.3 Ddis	Schrägheck	Frontantrieb	Diesel	55	75	Aug 2005	Dec 2011	2024-05-01	28149
Mazda	6	1.8 MZR	Kombi	Frontantrieb	Benzin	88	120	Feb 2008	Jul 2013	2024-03-01	28150
Mazda	6	2.0 MZR	Kombi	Frontantrieb	Benzin	108	147	Dec 2007	Jul 2013	2024-03-01	28151
Mazda	6	2.0 Mzr-cd	Kombi	Frontantrieb	Diesel	103	140	Dec 2007	Dec 2010	2024-03-01	28152
Mazda	6	2.5 MZR	Kombi	Frontantrieb	Benzin	125	170	Feb 2008	Jul 2013	2024-03-01	28153
Mercedes-benz	Vito	109 CDI 4X4	Bus	Allrad	Diesel	70	95	Sep 2007	Aug 2014	2024-03-01	28154
Mercedes-benz	Vito / mixto	111 CDI	Kasten	Heckantrieb	Diesel	85	116	Sep 2007	Aug 2014	2025-12-01	28155
Mercedes-benz	Vito / mixto	120 CDI	Kasten	Heckantrieb	Diesel	150	204	Mar 2006	Aug 2014	2025-12-01	28156
Mercedes-benz	Vito / mixto	111 CDI 4X4	Kasten	Allrad	Diesel	80	109	Sep 2007	Aug 2014	2025-12-01	28157
Mercedes-benz	Vito / mixto	115 CDI 4X4	Kasten	Allrad	Diesel	110	150	Jul 2006	Aug 2014	2025-12-01	28158
Mercedes-benz	Vito / mixto	126	Kasten	Heckantrieb	Benzin	190	258	Sep 2007	Aug 2014	2025-12-01	28159
Mercedes-benz	Vito	126	Bus	Heckantrieb	Benzin	190	258	Sep 2007	-	2024-03-01	28160
Mercedes-benz	Vito	111 CDI 4X4	Bus	Allrad	Diesel	80	109	Sep 2007	Aug 2014	2024-03-01	28161
Mercedes-benz	Vito	111 CDI	Bus	Heckantrieb	Diesel	85	116	Sep 2007	-	2024-03-01	28162
Mercedes-benz	Vito	115 CDI 4X4	Bus	Allrad	Diesel	110	150	Sep 2007	Aug 2014	2024-03-01	28163
Mercedes-benz	Vito	120 CDI	Bus	Heckantrieb	Diesel	150	204	Jul 2006	-	2024-03-01	28164
Audi	A4 b7	2.7 TDI	Stufenheck	Frontantrieb	Diesel	120	163	Nov 2005	Jun 2008	2024-03-01	28165
VW	Golf v variant	2.0 TDI	Kombi	Frontantrieb	Diesel	100	136	Jun 2007	Jul 2009	2024-03-01	28167
VW	Touareg	3.0 V6 TDI	SUV	Allrad	Diesel	176	240	Nov 2007	May 2010	2024-03-01	28168
Audi	A3	S3 Quattro	Schrägheck	Allrad	Benzin	188	256	Feb 2007	Aug 2012	2024-03-01	28169
Seat	Altea	2.0 TDI	Großraumlimousine	Frontantrieb	Diesel	100	136	Nov 2006	Mar 2009	2024-03-01	28170
Seat	Altea	2.0 TDI 4X4	Großraumlimousine	Allrad	Diesel	103	140	Jun 2007	Nov 2010	2024-05-01	28171
Seat	Leon	1.9 TDI	Schrägheck	Frontantrieb	Diesel	66	90	Jun 2007	Dec 2010	2024-03-01	28172
Seat	Leon	1.4 TSI	Schrägheck	Frontantrieb	Benzin	92	125	Nov 2007	Dec 2012	2024-03-01	28173
Seat	Leon	1.8 TSI	Schrägheck	Frontantrieb	Benzin	118	160	Jun 2007	Dec 2012	2024-03-01	28174
Skoda	Fabia ii combi	1.2	Kombi	Frontantrieb	Benzin	44	60	Oct 2007	Nov 2014	2024-03-01	28175
Ford	Transit	3.2 Tdci	Bus	Heckantrieb	Diesel	147	200	Feb 2008	Aug 2014	2024-03-01	28176
Ford	Transit	3.2 Tdci RWD	Kasten	Heckantrieb	Diesel	147	200	Sep 2007	Aug 2014	2024-03-01	28177
Ford	Transit	3.2 Tdci RWD	Pritsche/Fahrgestell	Heckantrieb	Diesel	147	200	Sep 2007	Aug 2014	2024-03-01	28178
Dodge	Journey	2.0 CRD	Großraumlimousine	Frontantrieb	Diesel	103	140	Jun 2008	-	2024-03-01	28179
Dodge	Nitro	2.8 CRD 4WD	SUV	Allrad	Diesel	130	177	Jun 2007	Dec 2012	2024-03-01	28180
Dodge	Nitro	2.8 CRD	SUV	Heckantrieb	Diesel	130	177	Jun 2007	Dec 2012	2024-03-01	28181
Jeep	Wrangler iii	3.8	Geländewagen offen	Allrad	Benzin	146	199	Apr 2007	-	2024-03-01	28182
Jeep	Wrangler iii	2.8 CRD	Geländewagen offen	Allrad	Diesel	130	177	Apr 2007	-	2024-03-01	28183
Citroën	Saxo	1.6	Schrägheck	Frontantrieb	Benzin	66	90	Feb 1996	Jun 2003	2024-03-01	28184
Citroën	Saxo	1.6	Schrägheck	Frontantrieb	Benzin	74	101	Feb 2001	Apr 2004	2024-03-01	28185
Citroën	Saxo	1.6	Schrägheck	Frontantrieb	Benzin	88	120	Feb 1996	Apr 2004	2024-03-01	28186
Morgan	Aeromax	4.4	Coupe	Heckantrieb	Benzin	245	333	Mar 2007	Aug 2009	2024-03-01	28190
Lexus	Ls	460	Stufenheck	Heckantrieb	Benzin	255	347	Aug 2006	-	2024-03-01	28197
Citroën	C3 picasso	1.4 VTI 95	Großraumlimousine	Frontantrieb	Benzin	70	95	Dec 2008	Dec 2015	2024-08-01	28198
Citroën	C3 picasso	1.6 VTI 120	Großraumlimousine	Frontantrieb	Benzin	88	120	Feb 2009	Jul 2015	2024-08-01	28199
Citroën	C3 picasso	1.6 HDI	Großraumlimousine	Frontantrieb	Diesel	80	109	Feb 2009	Dec 2010	2024-08-01	28200
Peugeot	308 cc	1.6 16V	Cabriolet	Frontantrieb	Benzin	110	150	Jun 2009	Dec 2014	2024-03-01	28201
Peugeot	308 cc	2.0 HDI	Cabriolet	Frontantrieb	Diesel	103	140	Apr 2009	Dec 2012	2024-03-01	28202
Skoda	Octavia	1.8 TSI	Schrägheck	Frontantrieb	Benzin	118	160	Jun 2007	Apr 2013	2024-03-01	28203
Skoda	Octavia	1.8 TSI	Kombi	Frontantrieb	Benzin	118	160	Jun 2007	Apr 2013	2024-03-01	28204
Mercedes-benz	S-Klasse	CL 500 4-matic	Coupe	Allrad	Benzin	285	388	Feb 2008	Dec 2013	2024-03-01	28205
Skoda	Octavia	2.0 TDI	Schrägheck	Frontantrieb	Diesel	100	136	Feb 2004	May 2010	2024-03-01	28206
Skoda	Octavia	2.0 TDI 16V	Kombi	Frontantrieb	Diesel	100	136	Feb 2004	May 2010	2024-03-01	28207
Mercedes-benz	Glk-Klasse	280 4-matic	SUV	Allrad	Benzin	170	231	Jun 2008	Jun 2009	2024-03-01	28208
Mercedes-benz	Glk-Klasse	350 4-matic	SUV	Allrad	Benzin	200	272	Jun 2008	Apr 2011	2024-03-01	28209
Mercedes-benz	Glk-Klasse	320 CDI 4-matic	SUV	Allrad	Diesel	165	224	Jun 2008	Jun 2015	2024-03-01	28210
VW	Multivan t5	1.9 TDI	Bus	Frontantrieb	Diesel	62	84	Jan 2006	Nov 2009	2024-03-01	28211
VW	Multivan t5	2.5 TDI	Bus	Frontantrieb	Diesel	120	163	Nov 2003	Nov 2009	2024-03-01	28212
VW	Transporter t5	2.5 TDI 4motion	Pritsche/Fahrgestell	Allrad	Diesel	128	174	Apr 2004	Nov 2009	2024-03-01	28213
Opel	Insignia a	1.6	Schrägheck	Frontantrieb	Benzin	85	116	Jul 2008	Mar 2017	2024-03-01	28214
Opel	Insignia a	1.8	Schrägheck	Frontantrieb	Benzin	103	140	Jul 2008	Mar 2017	2024-03-01	28215
Opel	Insignia a	2.0 Turbo	Schrägheck	Frontantrieb	Benzin	162	220	Jul 2008	Mar 2017	2024-03-01	28216
Opel	Insignia a	2.8 V6 Turbo 4X4	Schrägheck	Allrad	Benzin	191	260	Jul 2008	Mar 2017	2024-03-01	28217
Opel	Insignia a	2.0 Cdti	Schrägheck	Frontantrieb	Diesel	81	110	Jul 2008	Mar 2017	2024-03-01	28218
Opel	Insignia a	2.0 Cdti	Schrägheck	Frontantrieb	Diesel	96	131	Jul 2008	Mar 2017	2024-03-01	28219
Opel	Insignia a	2.0 Cdti	Schrägheck	Frontantrieb	Diesel	118	160	Jul 2008	Mar 2017	2024-03-01	28220
Opel	Insignia a	1.6	Stufenheck	Frontantrieb	Benzin	85	116	Jul 2008	Mar 2017	2024-03-01	28221
Opel	Insignia a	1.8	Stufenheck	Frontantrieb	Benzin	103	140	Jul 2008	Mar 2017	2024-03-01	28222
Opel	Insignia a	2.0 Turbo	Stufenheck	Frontantrieb	Benzin	162	220	Jul 2008	Mar 2017	2024-03-01	28223
Opel	Insignia a	2.8 V6 Turbo 4X4	Stufenheck	Allrad	Benzin	191	260	Jul 2008	Mar 2017	2024-03-01	28224
Opel	Insignia a	2.0 Cdti	Stufenheck	Frontantrieb	Diesel	81	110	Jul 2008	Mar 2017	2024-03-01	28225
Opel	Insignia a	2.0 Cdti	Stufenheck	Frontantrieb	Diesel	96	131	Jul 2008	Mar 2017	2024-03-01	28226
Opel	Insignia a	2.0 Cdti	Stufenheck	Frontantrieb	Diesel	118	160	Jul 2008	Mar 2017	2024-03-01	28227
Volvo	Xc60 i	T6 AWD	SUV	Allrad	Benzin	210	286	May 2008	Dec 2010	2024-03-01	28228
Volvo	Xc60 i	2.4 D / D3 / D4 AWD	SUV	Allrad	Diesel	120	163	May 2008	Feb 2017	2024-03-01	28229
Volvo	Xc60 i	D5 AWD	SUV	Allrad	Diesel	136	185	May 2008	Dec 2009	2024-03-01	28230
VW	Scirocco	1.4 TSI	Coupe	Frontantrieb	Benzin	118	160	May 2008	Nov 2017	2024-03-01	28231
VW	Scirocco	1.4 TSI	Coupe	Frontantrieb	Benzin	90	122	Aug 2008	Nov 2017	2024-03-01	28232
VW	Scirocco	2.0 TDI	Coupe	Frontantrieb	Diesel	103	140	Aug 2008	Nov 2017	2024-03-01	28233
VW	Scirocco	2.0 Tfsi	Coupe	Frontantrieb	Benzin	147	200	May 2008	Nov 2009	2024-03-01	28234
Ford	Fiesta vi	1.25	Schrägheck	Frontantrieb	Benzin	44	60	Jun 2008	Apr 2017	2024-03-01	28235
Ford	Fiesta vi	1.25	Schrägheck	Frontantrieb	Benzin	60	82	Jun 2008	Apr 2017	2024-03-01	28236
Ford	Fiesta vi	1.6 Tdci	Schrägheck	Frontantrieb	Diesel	66	90	Jun 2008	Dec 2012	2024-03-01	28237
Ford	Fiesta vi	1.4	Schrägheck	Frontantrieb	Benzin	71	97	Oct 2008	Dec 2017	2024-03-01	28238
Ford	Fiesta vi	1.6 TI	Schrägheck	Frontantrieb	Benzin	88	120	Jun 2008	Sep 2012	2024-03-01	28239
Porsche	911	3.6 Carrera	Coupe	Heckantrieb	Benzin	254	345	Jun 2008	Dec 2011	2024-03-01	28240
Porsche	911	3.8 Carrera S	Coupe	Heckantrieb	Benzin	283	385	Jun 2008	Dec 2011	2024-03-01	28241
Porsche	911	3.6 Carrera	Cabriolet	Heckantrieb	Benzin	254	345	Jun 2008	Dec 2011	2024-03-01	28242
Porsche	911	3.8 Carrera S	Cabriolet	Heckantrieb	Benzin	283	385	Jun 2008	Dec 2011	2024-03-01	28243
Porsche	911	3.6 Carrera 4	Targa	Allrad	Benzin	254	345	Oct 2008	Dec 2012	2024-03-01	28244
Porsche	911	3.8 Carrera 4S	Targa	Allrad	Benzin	283	385	Oct 2008	Dec 2012	2024-03-01	28245
Porsche	Cayman	S 3,4 Sport	Coupe	Heckantrieb	Benzin	223	303	Aug 2008	Dec 2012	2024-03-01	28246
Porsche	Boxster	S 3.4	Cabriolet	Heckantrieb	Benzin	223	303	Aug 2008	Dec 2009	2024-03-01	28247
Alfa Romeo	Mito	1.4	Schrägheck	Frontantrieb	Benzin	70	95	Sep 2008	Aug 2013	2024-03-01	28248
Alfa Romeo	Mito	1.4 Tjet	Schrägheck	Frontantrieb	Benzin	114	155	Aug 2008	Jun 2011	2024-03-01	28249
Alfa Romeo	Mito	1.6 Jtdm	Schrägheck	Frontantrieb	Diesel	88	120	Aug 2008	Aug 2015	2024-03-01	28250
Abarth	500	1.4	Schrägheck	Frontantrieb	Benzin	99	135	Aug 2008	-	2024-03-01	28251
Skoda	Superb ii	1.4 TSI	Schrägheck	Frontantrieb	Benzin	92	125	Jul 2008	May 2015	2024-03-01	28252
Skoda	Superb ii	1.8 TSI	Schrägheck	Frontantrieb	Benzin	118	160	Mar 2008	May 2015	2024-03-01	28253
Skoda	Superb ii	1.8 TSI 4X4	Schrägheck	Allrad	Benzin	118	160	Nov 2008	May 2015	2024-03-01	28254
Skoda	Superb ii	1.9 TDI	Schrägheck	Frontantrieb	Diesel	77	105	Mar 2008	Nov 2010	2024-03-01	28255
Skoda	Superb ii	2.0 TDI	Schrägheck	Frontantrieb	Diesel	103	140	Mar 2008	May 2010	2024-03-01	28256
Skoda	Superb ii	2.0 TDI	Schrägheck	Frontantrieb	Diesel	125	170	Jul 2008	May 2015	2024-03-01	28257
Skoda	Superb ii	3.6 FSI 4X4	Schrägheck	Allrad	Benzin	191	260	Nov 2008	May 2015	2024-03-01	28258
Ferrari	California	4.3	Cabriolet	Heckantrieb	Benzin	338	460	Jul 2008	-	2024-03-01	28259
Bentley	Continental	6.0 Flex	Stufenheck	Allrad	Benzin/Ethanol	449	610	Sep 2008	Feb 2013	2024-03-01	28260
Seat	Ibiza iv	1.9 TDI	Schrägheck	Frontantrieb	Diesel	77	105	Mar 2008	Jun 2010	2024-03-01	28261
Seat	Ibiza iv sc	1.9 TDI	Schrägheck	Frontantrieb	Diesel	77	105	Jul 2008	Jun 2010	2025-06-01	28262
Porsche	911	3.8 Carrera 4S	Coupe	Allrad	Benzin	283	385	Jun 2008	Dec 2012	2024-03-01	28263
Ford	Transit tourneo	2	Bus	Heckantrieb	Benzin	84	114	Nov 1994	Dec 2000	2024-03-01	28264
Ford	Transit tourneo	2.5 DI	Bus	Heckantrieb	Diesel	51	69	Nov 1994	Dec 2000	2024-03-01	28265
Ford	Transit tourneo	2.5 DI	Bus	Heckantrieb	Diesel	56	76	Nov 1994	Dec 2000	2024-03-01	28266
Ford	Transit tourneo	2.5 TD	Bus	Heckantrieb	Diesel	63	85	Nov 1994	Dec 2000	2024-03-01	28267
Ford	Transit tourneo	2.5 TD	Bus	Heckantrieb	Diesel	74	100	Apr 1998	Dec 2000	2024-03-01	28268
Subaru	Impreza	1.5 F	Schrägheck	Frontantrieb	Benzin	79	107	Sep 2007	Mar 2012	2024-03-01	28273
Audi	A4 b8 avant	2.0 Tfsi	Kombi	Frontantrieb	Benzin	132	180	Jun 2008	Dec 2015	2024-03-01	28276
Audi	A4 b8 avant	2.0 Tfsi Quattro	Kombi	Allrad	Benzin	155	211	Jun 2008	Dec 2015	2024-03-01	28277
Audi	Tt	1.8 Tfsi	Coupe	Frontantrieb	Benzin	118	160	Jun 2008	Jun 2014	2024-03-01	28278
Audi	Tt	2.0 TDI Quattro	Coupe	Allrad	Diesel	125	170	Jun 2008	Jun 2014	2024-03-01	28279
Audi	Tt	1.8 Tfsi	Cabriolet	Frontantrieb	Benzin	118	160	Jun 2008	Jun 2014	2024-03-01	28280
Audi	Tt	2.0 TDI Quattro	Cabriolet	Allrad	Diesel	125	170	Jun 2008	Jun 2014	2024-03-01	28281
Skoda	Superb ii	2.0 TDI 4X4	Schrägheck	Allrad	Diesel	125	170	Sep 2008	May 2015	2024-03-01	28282
VW	Passat cc b6	2.0 TDI	Coupe	Frontantrieb	Diesel	125	170	Jun 2008	Jan 2012	2024-03-01	28283
VW	Passat cc b6	2.0 Tfsi	Coupe	Frontantrieb	Benzin	147	200	Jun 2008	Jan 2012	2024-03-01	28284
VW	Passat cc b6	2.0 TDI	Coupe	Frontantrieb	Diesel	100	136	Jun 2008	May 2011	2024-03-01	28285
VW	Touareg	2.5 R5 TDI	SUV	Allrad	Diesel	120	163	Aug 2003	May 2010	2024-03-01	28286
Rover	800	2	Schrägheck	Frontantrieb	Benzin	100	136	Aug 1987	Sep 1988	2024-03-01	28291
Nissan	Primera	2.0 4X4	Stufenheck	Allrad	Benzin	110	150	Mar 1991	Apr 1993	2024-03-01	28308
Ford USA	Explorer	4	SUV	Heckantrieb	Benzin	115	156	Nov 1994	Aug 1996	2024-03-01	28332
Fiat	Multipla	1.6	Großraumlimousine	Frontantrieb	Benzin	76	103	Sep 2000	Jun 2010	2024-03-01	28345
Land Rover	110/127	2.3 D 4X4	Geländewagen geschlossen	Allrad	Diesel	46	63	Jun 1984	Aug 1987	2024-03-01	28359
Land Rover	90	2.3 4X4	Geländewagen geschlossen	Allrad	Benzin	52	71	Jan 1984	Aug 1987	2024-03-01	28360
Mini	Mini	John Cooper Works	Schrägheck	Frontantrieb	Benzin	160	218	Mar 2006	Sep 2006	2024-03-01	28363
Fiat	Stilo	1.6	Schrägheck	Frontantrieb	Benzin	100	136	Apr 2005	Nov 2006	2025-11-01	28364
Renault	Vel satis	3.5	Schrägheck	Frontantrieb	Benzin	170	231	Oct 2004	Aug 2009	2025-12-01	28369
Mercedes-benz	Clk	CLK 63 AMG	Coupe	Heckantrieb	Benzin	373	507	May 2007	May 2009	2024-03-01	28372
Mercedes-benz	E-Klasse	350 CGI	Kombi	Heckantrieb	Benzin	215	292	May 2006	Jul 2009	2024-03-01	28374
Mazda	Rx-8	1.3	Coupe	Heckantrieb	Benzin	177	241	Nov 2003	Jun 2012	2024-03-01	28376
Renault	Scénic ii	1.6	Großraumlimousine	Frontantrieb	Benzin	77	105	Jun 2006	Nov 2008	2024-03-01	28380
Subaru	Legacy iv	2.0 AWD	Stufenheck	Allrad	Benzin	121	165	Jun 2005	Apr 2009	2024-03-01	28382
Mitsubishi	Grandis	2.4 Mivec	Großraumlimousine	Frontantrieb	Benzin	130	177	Apr 2004	Dec 2011	2024-03-01	28393
Hummer	Hummer h3	3.7 4WD	Geländewagen geschlossen	Allrad	Benzin	180	245	Sep 2006	-	2024-03-01	28398
Jaguar	Xk ii	3.6	Cabriolet	Heckantrieb	Benzin	190	258	Oct 2007	Jul 2014	2024-03-01	28400
Audi	Tt	2.0 TTS Quattro	Coupe	Allrad	Benzin	195	265	May 2008	Jun 2014	2024-03-01	28404
Chevrolet	Captiva	2.0 D	SUV	Frontantrieb	Diesel	93	126	Oct 2006	Dec 2009	2024-03-01	28405
Jaguar	S-Type ii	4.2 Supercharged	Stufenheck	Heckantrieb	Benzin	298	405	Nov 2001	Dec 2008	2024-03-01	28427
Honda	Cr-V iii	2.4	SUV	Frontantrieb	Benzin	125	170	Apr 2007	Dec 2012	2025-12-01	28439
Jaguar	Mk ix	3.8	Stufenheck	Heckantrieb	Benzin	164	223	Oct 1958	Jul 1961	2024-03-01	28444
Dodge	Charger	6.1 Srt8	Stufenheck	Heckantrieb	Benzin	317	431	Sep 2005	Dec 2010	2024-03-01	28454
Dodge	Charger	2.7	Stufenheck	Heckantrieb	Benzin	141	192	Apr 2006	Dec 2010	2024-03-01	28455
Dodge	Durango	4.7 AWD	SUV	Allrad	Benzin	172	234	Nov 2003	Dec 2009	2024-03-01	28460
VW	Golf vi	2.0 TSI	Cabriolet	Frontantrieb	Benzin	162	220	Nov 2013	May 2016	2024-03-01	28480
Cadillac	Seville	4.6	Stufenheck	Frontantrieb	Benzin	224	305	Oct 1993	Sep 1997	2024-03-01	28494
Mitsubishi	Gto	3.0 AWD	Coupe	Allrad	Benzin	210	286	Jan 1994	Dec 2000	2024-03-01	28497
Mercedes-benz	Viano	CDI 2.2	Bus	Heckantrieb	Diesel	85	116	Aug 2005	-	2025-06-01	28506
Mercedes-benz	Vito / mixto	109 CDI	Kasten	Heckantrieb	Diesel	70	95	Aug 2006	Aug 2014	2025-12-01	28507
Toyota	Dyna	3.0 D4D	Pritsche/Fahrgestell	Heckantrieb	Diesel	80	109	Sep 2006	-	2024-03-01	28514
Toyota	Hilux vii	2.5 D-4d	Pick-up	Heckantrieb	Diesel	75	102	Mar 2005	May 2015	2024-03-01	28515
Renault	Trafic ii	2.5 DCI	Pritsche/Fahrgestell	Frontantrieb	Diesel	84	114	Aug 2007	-	2024-03-01	28516
Mitsubishi	L200	2.5 Di-d	Pick-up	Heckantrieb	Diesel	100	136	Nov 2005	Dec 2015	2024-03-01	28517
Jaguar	Mk x i	3.8	Stufenheck	Heckantrieb	Benzin	197	268	Oct 1961	Oct 1964	2024-05-01	28522
Fiat	Doblo	1.3 JTD	Großraumlimousine	Frontantrieb	Diesel	55	75	May 2005	-	2024-03-01	28536
VW	Lt 28-35 i	2.4 TD Syncro	Pritsche/Fahrgestell	Allrad	Diesel	68	92	Aug 1991	Jul 1992	2024-03-01	28543
VW	Lt 28-35 i	2.4 TD Syncro	Pritsche/Fahrgestell	Allrad	Diesel	75	102	Aug 1991	Jul 1992	2024-03-01	28544
VW	Lt 40-55 i	2.4 TD	Pritsche/Fahrgestell	Heckantrieb	Diesel	68	92	Aug 1988	Jul 1991	2024-03-01	28547
VW	Lt 40-55 i	2.4 TD Syncro	Pritsche/Fahrgestell	Allrad	Diesel	68	92	Aug 1991	Jul 1992	2024-03-01	28548
VW	Lt 40-55 i	2.4 TD Syncro	Pritsche/Fahrgestell	Allrad	Diesel	75	102	Dec 1982	Jul 1992	2024-03-01	28549
Ford	Focus i	1.8 Turbo DI / Tddi	Stufenheck	Frontantrieb	Diesel	55	75	Aug 2001	Mar 2005	2024-03-01	28562
VW	Lt 28-35 ii	2.8 TDI	Bus	Heckantrieb	Diesel	92	125	Jul 1997	May 2003	2024-03-01	28565
Volvo	V50	2.4 TDI	Kombi	Frontantrieb	Diesel	120	163	May 2007	Dec 2010	2024-03-01	28567
Audi	A4 b7 avant	2.0 TDI	Kombi	Frontantrieb	Diesel	93	126	Nov 2005	Nov 2006	2024-03-01	28568
VW	Passat b6	2.0 TDI	Stufenheck	Frontantrieb	Diesel	88	120	Nov 2005	May 2007	2024-03-01	28569
VW	Passat b6 variant	2.0 TDI	Kombi	Frontantrieb	Diesel	120	163	Aug 2005	May 2009	2024-03-01	28570
Volvo	S80 ii	2.0 TDI	Stufenheck	Frontantrieb	Diesel	100	136	Feb 2008	Mar 2011	2024-03-01	28571
VW	Transporter t4	2.8 VR6	Pritsche/Fahrgestell	Frontantrieb	Benzin	150	204	Jun 2000	Apr 2003	2024-03-01	28574
Audi	A6 c6	RS6 Quattro	Stufenheck	Allrad	Benzin	426	580	Sep 2008	Aug 2010	2024-03-01	28576
Hyundai	Tucson	2.0 Crdi	SUV	Frontantrieb	Diesel	88	120	Jan 2007	Mar 2010	2024-03-01	28577
Hyundai	Tucson	2.0 Crdi Allrad	SUV	Allrad	Diesel	88	120	Jan 2007	Mar 2010	2024-03-01	28578
Hyundai	I30	1.4	Schrägheck	Frontantrieb	Benzin	77	105	Oct 2007	Nov 2011	2024-03-01	28579
Hyundai	I30	1.6	Schrägheck	Frontantrieb	Benzin	85	116	Oct 2007	Nov 2011	2024-03-01	28580
Hyundai	I30	1.6 Crdi	Schrägheck	Frontantrieb	Diesel	66	90	Oct 2007	Nov 2011	2024-03-01	28581
Hyundai	I30	1.6	Kombi	Frontantrieb	Benzin	85	116	Feb 2008	Jun 2012	2024-03-01	28582
Hyundai	I30	1.6 Crdi	Kombi	Frontantrieb	Diesel	66	90	Feb 2008	Jun 2012	2024-03-01	28583
Hyundai	I30	2.0 Crdi	Kombi	Frontantrieb	Diesel	103	140	Feb 2008	Jun 2012	2024-03-01	28584
Hyundai	I30	1.6	Kombi	Frontantrieb	Benzin	93	126	Feb 2008	Jun 2012	2024-03-01	28585
Ford	Fiesta	1.6 TI	Stufenheck	Frontantrieb	Benzin	88	120	Apr 2010	Apr 2017	2024-07-01	28588
Citroën	C4 i	1.6 VTI 120	Schrägheck	Frontantrieb	Benzin	88	120	Jul 2008	Jul 2011	2024-03-01	28589
Citroën	C4 i	1.6 THP 150	Schrägheck	Frontantrieb	Benzin	110	150	Jul 2008	Jul 2011	2024-03-01	28590
Citroën	C4 i	1.6 THP 140	Schrägheck	Frontantrieb	Benzin	103	140	Jul 2008	Jul 2011	2024-03-01	28591
Citroën	C4	1.6 VTI 120	Coupe	Frontantrieb	Benzin	88	120	Jul 2008	Jul 2011	2024-03-01	28592
Citroën	C4	1.6 THP 150	Coupe	Frontantrieb	Benzin	110	150	Jul 2008	Jul 2011	2024-03-01	28593
Citroën	C4 grand picasso i	1.6 VTI 120	Großraumlimousine	Frontantrieb	Benzin	88	120	Jul 2008	Aug 2013	2024-03-01	28594
Citroën	C4 grand picasso i	1.6 16V	Großraumlimousine	Frontantrieb	Benzin	103	140	Jul 2008	Dec 2010	2024-03-01	28595
Citroën	C4 picasso i	1.6 VTI 120	Großraumlimousine	Frontantrieb	Benzin	88	120	Jul 2008	Aug 2013	2024-03-01	28596
Citroën	C4 picasso i	1.6 THP 140	Großraumlimousine	Frontantrieb	Benzin	103	140	Jul 2008	Aug 2013	2024-03-01	28597
Lancia	Musa	1.6 D Multijet	Großraumlimousine	Frontantrieb	Diesel	88	120	Jul 2008	Sep 2012	2024-03-01	28599
Maserati	Gran turismo i	4.2	Coupe	Heckantrieb	Benzin	298	405	Sep 2007	-	2024-03-01	28600
Maserati	Gran turismo i	4.7 S	Coupe	Heckantrieb	Benzin	323	439	Aug 2008	Dec 2012	2024-03-01	28601
Seat	Leon	2.0 TDI	Schrägheck	Frontantrieb	Diesel	100	136	Jul 2005	May 2010	2024-03-01	28602
Seat	Toledo	2.0 TDI	Großraumlimousine	Frontantrieb	Diesel	100	136	Sep 2004	May 2009	2024-03-01	28603
Infiniti	Fx	37 AWD	SUV	Allrad	Benzin	235	320	Oct 2008	-	2024-03-01	28604
Infiniti	Fx	50 AWD	SUV	Allrad	Benzin	287	390	Oct 2008	-	2024-03-01	28605
Infiniti	Ex	37	SUV	Allrad	Benzin	228	310	Oct 2008	-	2024-03-01	28606
Infiniti	G	37	Coupe	Heckantrieb	Benzin	243	330	Sep 2007	-	2024-03-01	28607
Infiniti	G	37	Stufenheck	Heckantrieb	Benzin	243	330	Oct 2008	-	2024-03-01	28608
Chevrolet	Aveo / kalos	1.4	Stufenheck	Frontantrieb	Benzin	74	101	Sep 2008	-	2024-03-01	28619
Hyundai	ii	2	Coupe	Frontantrieb	Benzin	100	136	Aug 2001	Aug 2009	2024-03-01	28620
Mercedes-benz	Viano	3.5	Bus	Heckantrieb	Benzin	190	258	Sep 2007	-	2024-03-01	28621
Renault	Rapid	1.1	Kasten/Großraumlimousine	Frontantrieb	Benzin	34	46	Sep 1985	Aug 1991	2024-03-01	28622
Renault	Rapid	1	Kasten/Großraumlimousine	Frontantrieb	Benzin	31	42	Sep 1985	Aug 1991	2024-03-01	28623
Citroën	Zx	2	Schrägheck	Frontantrieb	Benzin	122	166	Sep 1996	Oct 1997	2024-03-01	28626
Citroën	Zx	2	Schrägheck	Frontantrieb	Benzin	90	122	Jul 1994	Oct 1997	2024-03-01	28628
Citroën	Zx	1.8	Schrägheck	Frontantrieb	Benzin	76	103	Mar 1991	Oct 1997	2024-03-01	28629
Citroën	Zx	1.6	Schrägheck	Frontantrieb	Benzin	66	90	Jul 1994	Oct 1997	2024-03-01	28630
Citroën	Zx	1.9 DT	Schrägheck	Frontantrieb	Diesel	65	88	Jul 1994	Oct 1997	2024-03-01	28631
Citroën	Zx	1.9 DT	Schrägheck	Frontantrieb	Diesel	68	92	Jun 1992	Jun 1994	2024-03-01	28632
Renault	Laguna i	2	Schrägheck	Frontantrieb	Benzin	102	139	Sep 1999	Feb 2001	2024-03-01	28635
Renault	Laguna i	2	Schrägheck	Frontantrieb	Benzin	103	140	Jun 1995	Feb 2001	2024-03-01	28636
Renault	Laguna i	1.8	Schrägheck	Frontantrieb	Benzin	70	95	Jun 1995	Jun 1998	2024-03-01	28637
Renault	Laguna i	2	Schrägheck	Frontantrieb	Benzin	84	114	Jun 1995	Feb 2001	2024-03-01	28638
Renault	Laguna i	1.8	Schrägheck	Frontantrieb	Benzin	69	94	Jun 1995	Feb 2001	2024-03-01	28639
Volvo	940	2.3	Stufenheck	Heckantrieb	Benzin	118	160	Sep 1990	Sep 1993	2024-03-01	28640
Peugeot	205 i	1.9 CTI	Cabriolet	Frontantrieb	Benzin	74	101	Aug 1987	Jul 1990	2024-03-01	28641
Peugeot	205 ii	1.4	Schrägheck	Frontantrieb	Benzin	55	75	Jul 1988	Sep 1998	2024-03-01	28642
Peugeot	205 ii	1.8 XDT	Schrägheck	Frontantrieb	Diesel	58	79	Aug 1990	May 1997	2024-03-01	28643
Peugeot	205 ii	1.6	Schrägheck	Frontantrieb	Benzin	66	90	Aug 1990	Jul 1992	2024-03-01	28644
Volvo	240	2	Stufenheck	Heckantrieb	Benzin	82	111	Jan 1990	Dec 1993	2024-03-01	28645
Volvo	240	2	Kombi	Heckantrieb	Benzin	82	111	Sep 1988	Dec 1993	2024-03-01	28646
Peugeot	306	1.8	Stufenheck	Frontantrieb	Benzin	74	101	Jun 1994	May 2001	2024-03-01	28655
Alfa Romeo	164	3	Stufenheck	Frontantrieb	Benzin	138	188	Nov 1987	Sep 1991	2024-03-01	28662
Alfa Romeo	164	3	Stufenheck	Frontantrieb	Benzin	168	228	Apr 1993	Feb 1995	2024-03-01	28671
Mercedes-benz	Cla	CLA 180 CDI / D	Coupe	Frontantrieb	Diesel	80	109	Oct 2013	May 2018	2024-03-01	28672
Alfa Romeo	164	3.0 24V QV Allrad	Stufenheck	Allrad	Benzin	171	233	Nov 1992	Oct 1997	2024-03-01	28673
Austin	Montego	1.3	Stufenheck	Frontantrieb	Benzin	46	62	Apr 1984	Dec 1985	2024-03-01	28676
Austin	Montego	2.0 D	Kombi	Frontantrieb	Diesel	61	82	Dec 1988	Sep 1992	2024-03-01	28677
Peugeot	405 i break	1.6	Kombi	Frontantrieb	Benzin	68	92	May 1988	Jul 1992	2024-03-01	28678
Peugeot	405 i break	1.9	Kombi	Frontantrieb	Benzin	72	98	May 1988	Jul 1992	2024-03-01	28679
Peugeot	405 i break	1.9 Allrad	Kombi	Allrad	Benzin	77	105	Sep 1988	Jul 1992	2024-03-01	28680
Peugeot	405 ii break	1.4	Kombi	Frontantrieb	Benzin	58	79	Jul 1993	Jun 1994	2024-03-01	28682
Peugeot	405 ii break	1.9 D	Kombi	Frontantrieb	Diesel	51	69	Sep 1993	Dec 1995	2024-03-01	28683
Peugeot	Boxer	2.8 HDI	Bus	Frontantrieb	Diesel	93	126	Oct 2000	Nov 2001	2024-03-01	28684
Ford	Fiesta iii	1.6	Schrägheck	Frontantrieb	Benzin	66	90	Mar 1989	Dec 1992	2024-03-01	28685
Ford	Fiesta iii	1.3	Schrägheck	Frontantrieb	Benzin	44	60	Mar 1989	Dec 1995	2024-03-01	28686
Peugeot	504	1.8	Stufenheck	Heckantrieb	Benzin	55	75	Sep 1979	Aug 1982	2024-03-01	28688
Peugeot	504	2.1 D	Stufenheck	Heckantrieb	Diesel	49	67	Sep 1979	Aug 1982	2024-03-01	28689
Peugeot	504	2	Stufenheck	Heckantrieb	Benzin	69	94	Sep 1979	Aug 1982	2024-03-01	28690
Peugeot	504	2.1 D	Stufenheck	Heckantrieb	Diesel	43	58	Sep 1979	Aug 1982	2024-03-01	28691
Peugeot	505	2	Stufenheck	Heckantrieb	Benzin	69	94	Sep 1983	Sep 1985	2024-03-01	28692
Opel	Vectra a	1.6	Stufenheck	Frontantrieb	Benzin	51	69	Aug 1992	Jul 1993	2024-03-01	28697
Renault	19 ii chamade	1.8	Stufenheck	Frontantrieb	Benzin	79	107	May 1992	Nov 1995	2024-03-01	28701
Renault	19 ii chamade	1.8	Stufenheck	Frontantrieb	Benzin	67	91	May 1992	Sep 1994	2024-03-01	28702
Renault	19 ii chamade	1.7	Stufenheck	Frontantrieb	Benzin	55	75	May 1992	Nov 1995	2024-03-01	28703
Renault	19 ii chamade	1.9 D	Stufenheck	Frontantrieb	Diesel	68	92	May 1992	Nov 1995	2024-03-01	28704
Renault	19 ii chamade	1.4	Stufenheck	Frontantrieb	Benzin	57	78	Oct 1994	Nov 1995	2024-03-01	28705
Renault	19 ii chamade	1.4	Stufenheck	Frontantrieb	Benzin	44	60	May 1992	Sep 1994	2024-03-01	28706
Renault	21	2	Stufenheck	Frontantrieb	Benzin	86	117	Apr 1986	Jun 1989	2024-03-01	28707
Renault	21	2.1 TD	Stufenheck	Frontantrieb	Diesel	50	68	Apr 1986	Jun 1989	2024-03-01	28709
Ford USA	Expedition	5.4 XLT 4X4	SUV	Allrad	Benzin	224	305	Jan 2007	-	2024-03-01	28724
Citroën	Saxo	1.5 D	Schrägheck	Frontantrieb	Diesel	43	58	Jul 2001	Apr 2004	2024-03-01	28731
Chevrolet	Nova	5.7	Stufenheck	Heckantrieb	Benzin	119	162	Jan 1973	Dec 1979	2024-03-01	28733
Chevrolet	Nova	5.7	Coupe	Heckantrieb	Benzin	119	162	Sep 1973	Dec 1979	2024-03-01	28734
Volvo	V70 i	2.4 AWD	Kombi	Allrad	Benzin	121	165	Jun 1998	Dec 1999	2024-03-01	28741
Audi	A6 c5	3.0 Quattro	Stufenheck	Allrad	Benzin	160	218	Jun 2001	Jul 2004	2024-03-01	28743
Audi	A6 c5	2.8 Quattro	Stufenheck	Allrad	Benzin	140	190	Jul 1999	May 2001	2024-03-01	28744
Peugeot	Boxer	2.8 HDI	Kasten	Frontantrieb	Diesel	93	126	Oct 2000	Nov 2001	2024-03-01	28745
Asia Motors	Rocsta	2.2 D	Geländewagen offen	Heckantrieb	Diesel	45	61	Jul 1993	Dec 1998	2024-03-01	28746
Toyota	Corolla	1.6	Stufenheck	Frontantrieb	Benzin	85	115	May 1992	Apr 1997	2024-03-01	28759
Volvo	S70	2.4 Blu-fuel	Stufenheck	Frontantrieb	Benzin/Erdgas (CNG)	103	140	Jul 1997	Sep 2000	2024-03-01	28764
Renault	Clio ii	1.9 D	Schrägheck	Frontantrieb	Diesel	48	65	Feb 2000	May 2001	2026-05-01	28765
Renault	Clio ii	1.5 DCI	Schrägheck	Frontantrieb	Diesel	59	80	Jun 2001	Oct 2003	2026-05-01	28767
Renault	Clio ii	1.2 LPG	Schrägheck	Frontantrieb	Benzin/Autogas (LPG)	44	60	Mar 1999	May 2001	2026-05-01	28768
Renault	Clio ii	1.5 DCI	Schrägheck	Frontantrieb	Diesel	50	68	Aug 2004	Dec 2012	2026-05-01	28769
Toyota	Avensis	2.0 D	Schrägheck	Frontantrieb	Diesel	85	115	Sep 2002	Feb 2003	2024-03-01	28770
Renault	Kangoo	1.2	Kasten/Großraumlimousine	Frontantrieb	Benzin	44	60	Jul 1998	Jul 2001	2024-03-01	28772
Renault	Kangoo	1.9 D	Kasten/Großraumlimousine	Frontantrieb	Diesel	48	65	Sep 1999	Jun 2003	2024-03-01	28773
Nissan	Patrol gr v wagon	2.7 TD	Geländewagen geschlossen	Allrad	Diesel	73	99	May 1998	Jun 2001	2024-03-01	28783
Nissan	Urvan	2	Kasten	Heckantrieb	Benzin	66	90	Feb 1987	Jul 1994	2024-03-01	28789
Peugeot	Boxer	2.8 HDI	Pritsche/Fahrgestell	Frontantrieb	Diesel	93	126	Oct 2000	Nov 2001	2024-03-01	28794
Renault	Trafic	2.5 D	Pritsche/Fahrgestell	Frontantrieb	Diesel	55	75	May 1998	Mar 2001	2024-03-01	28807
Lancia	Lybra	2.4 20V	Stufenheck	Frontantrieb	Benzin	125	170	Oct 2001	Oct 2005	2024-03-01	28808
Hyundai	Santa fé i	2.0 Crdi Allrad	SUV	Allrad	Diesel	107	145	Nov 2003	Feb 2006	2024-03-01	28822
Renault	Clio ii	1.9 D	Kasten/Schrägheck	Frontantrieb	Diesel	48	65	Feb 2000	May 2001	2026-05-01	28823
Peugeot	807	2.0 HDI	Großraumlimousine	Frontantrieb	Diesel	80	109	Apr 2004	-	2024-03-01	28828
Fiat	Stilo	1.9 D	Kombi	Frontantrieb	Diesel	66	90	Sep 2004	Aug 2008	2024-03-01	28830
Dodge	Ram 2500	5.7	Pick-up	Heckantrieb	Benzin	291	396	Jan 2011	-	2024-03-01	28831
Renault	Scénic ii	1.9 D	Großraumlimousine	Frontantrieb	Diesel	85	116	Jun 2006	Nov 2008	2024-03-01	28834
Renault	Megane ii	1.6	Stufenheck	Frontantrieb	Benzin	77	105	May 2005	-	2024-03-01	28835
Renault	Clio iii	1.5 DCI	Schrägheck	Frontantrieb	Diesel	60	82	Nov 2007	Dec 2012	2026-05-01	28839
Audi	Tt	2.0 TTS Quattro	Cabriolet	Allrad	Benzin	195	265	May 2008	Jun 2014	2024-03-01	28844
Ford	Transit tourneo	2.4 D	Bus	Heckantrieb	Diesel	55	74	Aug 1994	Jun 2000	2024-03-01	28864
Citroën	C15	1.8 D	Kombi	Frontantrieb	Diesel	44	60	Apr 1987	Aug 2000	2024-03-01	28866
Citroën	C15	1.4	Kombi	Frontantrieb	Benzin	49	67	May 1987	Sep 1992	2024-03-01	28868
Citroën	C15	1.4	Kombi	Frontantrieb	Benzin	44	60	May 1987	Oct 1992	2024-03-01	28869
Citroën	C15	1.1	Kombi	Frontantrieb	Benzin	44	60	Aug 1988	Jul 1996	2024-03-01	28870
Citroën	C15	1.4	Kombi	Frontantrieb	Benzin	55	75	May 1991	Jul 1996	2024-03-01	28871
Nissan	Trade	3.0 Tdic	Bus	Heckantrieb	Diesel	78	106	Jun 1996	Oct 2001	2024-03-01	28910
Nissan	Trade	2.3 D	Pritsche/Fahrgestell	Heckantrieb	Diesel	55	75	Nov 1998	Apr 2001	2024-03-01	28912
Nissan	Vanette	1.5	Kasten	Heckantrieb	Benzin	49	67	Jul 1981	Jun 1987	2024-03-01	28915
Nissan	Vanette	2.0 D	Kasten	Heckantrieb	Diesel	43	58	Nov 1982	Jun 1987	2024-03-01	28916
Nissan	Trade	3.0 Tdic	Pritsche/Fahrgestell	Heckantrieb	Diesel	78	106	Jun 1996	Oct 2001	2024-03-01	28918
Nissan	Trade	3.0 Tdic	Kasten	Heckantrieb	Diesel	78	106	Jun 1996	Oct 2001	2024-03-01	28919
Nissan	Pathfinder i	2.4 4WD	Geländewagen geschlossen	Allrad	Benzin	74	101	Jul 1986	Oct 1995	2024-03-01	28922
Nissan	Trade	2.0 D	Pritsche/Fahrgestell	Heckantrieb	Diesel	49	67	Apr 1993	Oct 1998	2024-03-01	28923
Nissan	Trade	3.0 D	Pritsche/Fahrgestell	Heckantrieb	Diesel	63	86	Apr 1993	Oct 1998	2024-03-01	28924
Nissan	Trade	3.0 D	Kasten	Heckantrieb	Diesel	63	86	Apr 1993	Oct 1998	2024-03-01	28929
Nissan	Trade	2.0 D	Kasten	Heckantrieb	Diesel	49	67	Apr 1993	Oct 1998	2024-03-01	28930
Peugeot	205	1.1	Kasten/Schrägheck	Frontantrieb	Benzin	36	49	Feb 1983	Jul 1987	2024-03-01	28936
Peugeot	205	1.1	Kasten/Schrägheck	Frontantrieb	Benzin	40	54	Aug 1987	Jul 1990	2024-03-01	28937
Peugeot	205	1.8 D	Kasten/Schrägheck	Frontantrieb	Diesel	44	60	Feb 1983	Jul 1990	2024-03-01	28938
Peugeot	205	1.4	Kasten/Schrägheck	Frontantrieb	Benzin	44	60	Feb 1983	Jul 1987	2024-03-01	28939
KIA	Pregio	2.5 D	Bus	Heckantrieb	Diesel	69	94	Aug 1995	Sep 2004	2024-03-01	28964
Hyundai	H100	2.5 D	Pritsche/Fahrgestell	Heckantrieb	Diesel	57	78	Jul 1993	Dec 1997	2024-03-01	28982
Austin	Allegro i	1.3	Stufenheck	Frontantrieb	Benzin	46	63	Dec 1979	Dec 1984	2024-03-01	28992
LDV	400	2.5 D	Kasten	Heckantrieb	Diesel	71	97	Apr 1989	Mar 1996	2024-03-01	29017
Mercedes-benz	E-Klasse	E 200	Stufenheck	Heckantrieb	Benzin	135	184	Jan 2013	Dec 2016	2024-03-01	29269
Subaru	Xv	2.0 D AWD	SUV	Allrad	Diesel	108	147	Mar 2012	Dec 2017	2025-06-01	29286
Audi	A6 allroad c7	3.0 Tfsi Quattro	Kombi	Allrad	Benzin	228	310	Jan 2012	Dec 2014	2024-03-01	29290
Audi	A6 allroad c7	3.0 TDI Quattro	Kombi	Allrad	Diesel	150	204	Jan 2012	Dec 2014	2024-03-01	29292
Audi	A6 allroad c7	3.0 TDI Quattro	Kombi	Allrad	Diesel	180	245	Jan 2012	Jun 2016	2024-03-01	29298
Audi	A6 allroad c7	3.0 TDI Quattro	Kombi	Allrad	Diesel	230	313	Jan 2012	Dec 2014	2024-03-01	29300
VW	Passat alltrack b7 variant	2.0 TSI 4motion	Kombi	Allrad	Benzin	155	210	Jan 2012	Dec 2014	2025-12-01	29304
Porsche	Panamera	4.8 GTS	Schrägheck	Allrad	Benzin	316	430	Jan 2012	Dec 2015	2024-03-01	29315
Seat	Ibiza iv st	1.4 TSI	Kombi	Frontantrieb	Benzin	110	150	Feb 2012	May 2015	2024-03-01	29319
Opel	Adam	1.4 LPG	Schrägheck	Frontantrieb	Benzin/Autogas (LPG)	64	87	Jul 2013	Nov 2018	2024-03-01	29401
Honda	Accord viii	2.0 I	Stufenheck	Frontantrieb	Benzin	115	156	Jun 2008	Jun 2015	2024-03-01	29480
Honda	Accord viii	2.4 I	Stufenheck	Frontantrieb	Benzin	148	201	Jul 2008	Jun 2015	2024-03-01	29481
Honda	Accord viii	2.2 I-dtec	Stufenheck	Frontantrieb	Diesel	110	150	Jul 2008	Jun 2015	2024-03-01	29482
Honda	Accord viii tourer	2.0 I	Kombi	Frontantrieb	Benzin	115	156	Jul 2008	Jun 2015	2024-03-01	29483
Honda	Accord viii tourer	2.4 I	Kombi	Frontantrieb	Benzin	148	201	Jul 2008	Jun 2015	2025-12-01	29484
Honda	Accord viii tourer	2.2 I-dtec	Kombi	Frontantrieb	Diesel	110	150	Jul 2008	Jun 2015	2024-03-01	29485
Fiat	Qubo	1.4	Großraumlimousine	Frontantrieb	Benzin	54	73	Feb 2008	-	2024-03-01	29486
Fiat	Qubo	1.3 D Multijet	Großraumlimousine	Frontantrieb	Diesel	55	75	Feb 2008	-	2024-03-01	29487
Mercedes-benz	Cls	CLS 280	Coupe	Heckantrieb	Benzin	170	231	Jul 2008	Dec 2010	2024-03-01	29488
Nissan	X-Trail ii	2.0 FWD	SUV	Frontantrieb	Benzin	103	140	Jun 2008	Nov 2013	2024-03-01	29490
Nissan	X-Trail ii	2.0 4X4	SUV	Allrad	Benzin	103	140	Jun 2008	Nov 2013	2024-03-01	29491
Toyota	Land cruiser 200	4.7 V8	Geländewagen geschlossen	Allrad	Benzin	212	288	Jan 2008	-	2024-03-01	29492
Toyota	Land cruiser 200	4.5 D V8	Geländewagen geschlossen	Allrad	Diesel	210	286	Jan 2008	-	2024-03-01	29493
Toyota	Hilux v	2.4 D	Pick-up	Heckantrieb	Diesel	55	75	Oct 1988	Jul 1997	2024-03-01	29516
Volvo	760	2.3	Stufenheck	Heckantrieb	Benzin	127	173	Jan 1984	Mar 1986	2024-03-01	29523
Honda	Accord iii	2.0 12V	Stufenheck	Frontantrieb	Benzin	75	102	Jan 1986	Mar 1988	2024-03-01	29526
Honda	Accord iii	2.0 12V	Stufenheck	Frontantrieb	Benzin	85	116	Jan 1987	Dec 1989	2024-03-01	29527
Honda	Civic v	1.5	Stufenheck	Frontantrieb	Benzin	67	91	Oct 1993	Dec 1995	2024-03-01	29528
Honda	Civic v	1.5	Stufenheck	Frontantrieb	Benzin	74	101	Oct 1991	Dec 1995	2024-03-01	29531
Lamborghini	Gallardo	5.2 Lp560-4	Cabriolet	Allrad	Benzin	412	560	Nov 2008	-	2024-03-01	29534
Ford	Focus iii	1.0 Ecoboost	Schrägheck	Frontantrieb	Benzin	92	125	Feb 2012	Dec 2017	2024-03-01	29566
Ford	Focus iii	1.0 Ecoboost	Schrägheck	Frontantrieb	Benzin	74	100	Feb 2012	Dec 2017	2024-03-01	29567
Toyota	Venza	3.5 4WD	SUV	Allrad	Benzin	200	272	Nov 2008	Nov 2016	2024-03-01	29594
Peugeot	Boxer	2.0 Bifuel	Pritsche/Fahrgestell	Frontantrieb	Benzin/Autogas (LPG)	81	110	Dec 2001	Jun 2006	2024-03-01	29599
Suzuki	Grand vitara ii	1.6 Allrad	Geländewagen geschlossen	Allrad	Benzin	73	99	Sep 2005	Feb 2015	2024-03-01	29602
Toyota	Hilux vi	2.4 TD	Pick-up	Heckantrieb	Diesel	66	90	Aug 1997	Jul 2001	2024-03-01	29607
Mercedes-benz	Clc-Klasse	CLC 250	Coupe	Heckantrieb	Benzin	150	204	Jun 2009	Jun 2011	2024-03-01	29609
Hyundai	Accent ii	1.5	Schrägheck	Frontantrieb	Benzin	68	92	Jan 2000	Oct 2002	2024-03-01	29643
Lincoln	Mark viii	4.6	Coupe	Heckantrieb	Benzin	210	286	Feb 1993	Dec 1998	2024-03-01	29661
Ford USA	Mustang	4.9	Coupe	Heckantrieb	Benzin	170	231	Aug 1990	Dec 1993	2024-03-01	29664
Ford USA	Mustang	2.3	Coupe	Heckantrieb	Benzin	78	106	Aug 1990	Dec 1993	2024-03-01	29668
Volvo	V40 cross country	T4 AWD	Schrägheck	Allrad	Benzin	132	180	Jul 2013	Dec 2015	2024-03-01	29682
Seat	Leon	1.2 TSI	Kombi	Frontantrieb	Benzin	77	105	Aug 2013	Aug 2020	2024-03-01	29685
Ford	Focus iii	1.6 LPG	Schrägheck	Frontantrieb	Benzin/Autogas (LPG)	88	120	Feb 2012	Feb 2020	2024-03-01	29716
Dacia	Lodgy	1.6	Großraumlimousine	Frontantrieb	Benzin	61	83	Mar 2012	-	2024-03-01	29717
Seat	Leon	1.2 TSI	Kombi	Frontantrieb	Benzin	63	86	Nov 2013	Aug 2018	2024-03-01	29725
Subaru	Impreza	2.0 R AWD	Schrägheck	Allrad	Benzin	110	150	Jan 2008	Mar 2012	2024-03-01	29730
Subaru	Impreza	2.5 AWD	Schrägheck	Allrad	Benzin	169	230	Jan 2008	Sep 2011	2024-03-01	29731
Subaru	Impreza	2.5 WRX STI AWD	Schrägheck	Allrad	Benzin	221	301	Jan 2008	Aug 2013	2024-03-01	29732
Toyota	Venza	3.5	SUV	Frontantrieb	Benzin	200	272	Nov 2008	Nov 2016	2024-03-01	29743
Toyota	Venza	2.7	SUV	Frontantrieb	Benzin	136	185	Nov 2008	Nov 2016	2024-03-01	29747
Peugeot	Boxer	2.0 Bifuel	Bus	Frontantrieb	Benzin/Autogas (LPG)	81	110	Dec 2001	Jun 2006	2024-03-01	29748
Peugeot	Boxer	2.0 Bifuel	Kasten	Frontantrieb	Benzin/Autogas (LPG)	81	110	Dec 2001	Jun 2006	2024-03-01	29761
Peugeot	206	1.4 CNG	Schrägheck	Frontantrieb	Benzin/Erdgas (CNG)	55	75	May 2006	Sep 2007	2024-03-01	29794
Dacia	Lodgy	1.5 DCI	Großraumlimousine	Frontantrieb	Diesel	66	90	Mar 2012	-	2024-03-01	29803
Opel	Insignia a	2.0 Cdti 4X4	Schrägheck	Allrad	Diesel	120	163	Jul 2013	Mar 2017	2024-03-01	29806
Saab	9-5	2.3 T Biopower	Stufenheck	Frontantrieb	Benzin/Ethanol	152	207	Nov 2006	Dec 2009	2024-03-01	29885
Lotus	Esprit s4	2.2	Coupe	Heckantrieb	Benzin	170	231	Sep 1990	Dec 1991	2024-03-01	29890
Lotus	Esprit s4	2.2	Coupe	Heckantrieb	Benzin	160	218	Sep 1988	Mar 1992	2024-03-01	29891
Lotus	Elise	1.8	Cabriolet	Heckantrieb	Benzin	99	135	Oct 2003	-	2024-03-01	29910
Saab	9-3	2.8 Turbo V6	Stufenheck	Frontantrieb	Benzin	203	276	Apr 2008	Feb 2015	2024-03-01	29913
MG	Zr	2.0 TD	Schrägheck	Frontantrieb	Diesel	83	113	Dec 2002	Apr 2005	2025-12-01	29914
Renault	Grand scénic ii	1.5 DCI	Großraumlimousine	Frontantrieb	Diesel	78	106	May 2005	Jan 2009	2024-03-01	29917
Saab	9-3	2.8 Turbo V6	Kombi	Frontantrieb	Benzin	203	276	May 2008	Feb 2015	2024-03-01	29919
Opel	Insignia a sports tourer	1.6	Kombi	Frontantrieb	Benzin	85	116	Jul 2008	Jun 2012	2024-03-01	29923
Opel	Insignia a sports tourer	1.8	Kombi	Frontantrieb	Benzin	103	140	Jul 2008	Mar 2017	2024-03-01	29924
Opel	Insignia a sports tourer	2.0 Turbo	Kombi	Frontantrieb	Benzin	162	220	Jul 2008	Jun 2013	2024-03-01	29925
Opel	Insignia a sports tourer	2.8 V6 Turbo 4X4	Kombi	Allrad	Benzin	191	260	Oct 2008	Jun 2013	2024-03-01	29926
Opel	Insignia a sports tourer	2.0 Cdti	Kombi	Frontantrieb	Diesel	81	110	Jul 2008	Jun 2013	2024-03-01	29927
Opel	Insignia a sports tourer	2.0 Cdti	Kombi	Frontantrieb	Diesel	96	131	Jul 2008	Jun 2015	2024-03-01	29928
Opel	Insignia a sports tourer	2.0 Cdti	Kombi	Frontantrieb	Diesel	118	160	Jul 2008	Jun 2015	2024-03-01	29929
Opel	Insignia a	2.0 Biturbo Cdti	Schrägheck	Frontantrieb	Diesel	140	190	Jul 2008	Dec 2011	2024-03-01	29930
Opel	Insignia a sports tourer	2.0 Biturbo Cdti	Kombi	Frontantrieb	Diesel	140	190	Jul 2008	Mar 2017	2024-03-01	29932
BMW	1	118 D	Cabriolet	Heckantrieb	Diesel	105	143	Sep 2008	Dec 2013	2024-03-01	29943
BMW	1	123 D	Cabriolet	Heckantrieb	Diesel	150	204	Sep 2008	Dec 2013	2024-03-01	29944
BMW	7	740 I, LI	Stufenheck	Heckantrieb	Benzin	240	326	Sep 2008	Jun 2012	2024-03-01	29945
BMW	7	750 I, LI	Stufenheck	Heckantrieb	Benzin	300	408	Sep 2008	Jun 2012	2024-03-01	29946
BMW	7	730 D	Stufenheck	Heckantrieb	Diesel	180	245	Sep 2008	Jun 2012	2024-03-01	29947
Renault	Kangoo	1.6	Großraumlimousine	Frontantrieb	Benzin	78	106	Feb 2009	Dec 2012	2024-03-01	29948
Renault	Kangoo	1.5 DCI	Großraumlimousine	Frontantrieb	Diesel	76	103	Feb 2009	Dec 2012	2024-03-01	29949
Renault	Megane iii	1.6 16V	Schrägheck	Frontantrieb	Benzin	74	101	Nov 2008	Aug 2015	2024-03-01	29950
Renault	Megane iii	2.0 TCE	Schrägheck	Frontantrieb	Benzin	132	180	Nov 2008	Aug 2015	2024-03-01	29951
Renault	Megane iii	2.0 CVT	Schrägheck	Frontantrieb	Benzin	103	140	Feb 2009	Aug 2015	2024-03-01	29952
Renault	Megane iii	1.4 TCE	Schrägheck	Frontantrieb	Benzin	96	131	Apr 2009	Aug 2015	2024-03-01	29953
Renault	Megane iii	1.5 DCI	Schrägheck	Frontantrieb	Diesel	66	90	Nov 2008	Aug 2015	2024-03-01	29954
Renault	Megane iii	1.5 DCI	Schrägheck	Frontantrieb	Diesel	81	110	Feb 2009	Dec 2015	2024-03-01	29956
Renault	Megane iii	2.0 DCI	Schrägheck	Frontantrieb	Diesel	118	160	Apr 2009	Aug 2015	2024-03-01	29957
Renault	Megane iii	1.4 TCE	Coupe	Frontantrieb	Benzin	96	131	Apr 2009	Aug 2015	2024-03-01	29958
Renault	Megane iii	1.6 16V	Coupe	Frontantrieb	Benzin	74	101	Nov 2008	Aug 2015	2024-03-01	29959
Renault	Megane iii	2.0 TCE	Coupe	Frontantrieb	Benzin	132	180	Nov 2008	Aug 2015	2024-03-01	29960
Renault	Megane iii	1.5 DCI	Coupe	Frontantrieb	Diesel	66	90	Nov 2008	Aug 2015	2024-03-01	29961
Renault	Megane iii	1.5 DCI	Coupe	Frontantrieb	Diesel	81	110	Feb 2009	Aug 2015	2024-03-01	29962
Renault	Megane iii	2.0 DCI	Coupe	Frontantrieb	Diesel	118	160	Apr 2009	Aug 2015	2024-03-01	29963
Renault	Laguna	2.0 GT	Coupe	Frontantrieb	Benzin	150	204	Sep 2008	Dec 2015	2024-03-01	29964
Renault	Laguna	2.0 DCI	Coupe	Frontantrieb	Diesel	110	150	Sep 2008	Dec 2015	2024-03-01	29965
Renault	Laguna	2.0 DCI GT	Coupe	Frontantrieb	Diesel	131	178	Sep 2008	Dec 2015	2024-03-01	29966
Ford	Transit	2.4 Tdci 4X4	Kasten	Allrad	Diesel	103	140	Nov 2006	Aug 2014	2024-03-01	29967
Ford	Transit	2.4 Tdci 4X4	Pritsche/Fahrgestell	Allrad	Diesel	103	140	Nov 2006	Aug 2014	2024-03-01	29968
Ford	Transit	2.2 Tdci	Kasten	Frontantrieb	Diesel	103	140	Oct 2007	Aug 2014	2024-03-01	29969
Ford	Transit	2.2 Tdci	Bus	Frontantrieb	Diesel	103	140	Oct 2007	Aug 2014	2024-03-01	29970
Ford	Transit	2.2 Tdci	Pritsche/Fahrgestell	Frontantrieb	Diesel	103	140	Oct 2007	Aug 2014	2025-12-01	29971
Ford	Transit tourneo	2.2 Tdci	Bus	Frontantrieb	Diesel	103	140	Oct 2007	Aug 2014	2024-03-01	29972
Audi	A5	2.0 Tfsi	Coupe	Frontantrieb	Benzin	132	180	Nov 2008	Mar 2012	2024-03-01	29973
Audi	A5	2.0 Tfsi	Coupe	Frontantrieb	Benzin	155	211	Jun 2008	Nov 2013	2024-03-01	29974
Audi	A5	2.0 Tfsi Quattro	Coupe	Allrad	Benzin	155	211	Jun 2008	Jan 2017	2024-03-01	29975
Audi	A5	2.7 TDI	Coupe	Frontantrieb	Diesel	120	163	Sep 2007	Mar 2012	2024-03-01	29976
Audi	A5	3.0 TDI Quattro	Coupe	Allrad	Diesel	155	211	Mar 2008	May 2010	2024-03-01	29977
Audi	A4 b7	2.0 TDI	Cabriolet	Frontantrieb	Diesel	100	136	Jan 2006	Mar 2009	2024-03-01	29978
Hyundai	Sonata v	3.3	Stufenheck	Frontantrieb	Benzin	184	250	Jan 2008	Dec 2010	2024-03-01	29979
Hyundai	Sonata v	2.0 Vvti GLS	Stufenheck	Frontantrieb	Benzin	121	165	Jan 2008	Dec 2010	2024-03-01	29980
Land Rover	Defender cabrio	2.4 TD4 4X4	Geländewagen offen	Allrad	Diesel	90	122	May 2007	Feb 2016	2024-03-01	29982
Land Rover	Defender station wagon	2.4 TD4 4X4	Geländewagen geschlossen	Allrad	Diesel	90	122	Oct 2006	Feb 2016	2024-03-01	29983
Land Rover	Defender pick up	2.4 TD4 4X4	Geländewagen offen	Allrad	Diesel	90	122	May 2007	Feb 2016	2024-03-01	29984
Nissan	Murano ii	3.5 4X4	SUV	Allrad	Benzin	188	256	Oct 2008	Sep 2014	2024-03-01	29985
Alfa Romeo	Mito	1.4	Schrägheck	Frontantrieb	Benzin	58	78	Aug 2008	Aug 2013	2024-03-01	29986
Renault	Clio iii grandtour	1.2 16V Hi-flex	Kombi	Frontantrieb	Benzin/Ethanol	55	75	Jul 2008	Dec 2014	2026-05-01	29987
Renault	Clio iii	1.2 16V Hi-flex	Schrägheck	Frontantrieb	Benzin/Autogas (LPG)	55	75	Jul 2008	Dec 2014	2026-05-01	29988
Renault	Modus / grand	1.2 16V Hi-flex	Schrägheck	Frontantrieb	Benzin/Ethanol	55	75	Oct 2008	Dec 2013	2025-12-01	29989
VW	Golf vi	1.4	Schrägheck	Frontantrieb	Benzin	59	80	Oct 2008	Nov 2012	2024-03-01	29990
VW	Golf vi	1.6	Schrägheck	Frontantrieb	Benzin	75	102	Oct 2008	Nov 2012	2024-03-01	29991
VW	Golf vi	1.4 TSI	Schrägheck	Frontantrieb	Benzin	90	122	Oct 2008	Nov 2012	2024-03-01	29992
VW	Golf vi	1.4 TSI	Schrägheck	Frontantrieb	Benzin	118	160	Oct 2008	Nov 2012	2024-03-01	29993
VW	Golf vi	2.0 TDI	Schrägheck	Frontantrieb	Diesel	103	140	Oct 2008	May 2013	2024-03-01	29994
VW	Golf vi	2.0 TDI	Schrägheck	Frontantrieb	Diesel	81	110	Oct 2008	Nov 2012	2024-03-01	29995
VW	Tiguan	1.4 TSI	SUV	Frontantrieb	Benzin	110	150	May 2008	Jul 2018	2024-03-01	29996
VW	Tiguan	2.0 TDI	SUV	Frontantrieb	Diesel	103	140	Mar 2008	Jul 2018	2024-03-01	29997
Renault	Clio ii	1.5 DCI	Schrägheck	Frontantrieb	Diesel	47	64	Jun 2005	Dec 2010	2026-05-01	29998
Renault	Thalia i	1.5 DCI	Stufenheck	Frontantrieb	Diesel	47	64	Jun 2005	Feb 2009	2025-12-01	29999
Audi	A4 b8	1.8 Tfsi Quattro	Stufenheck	Allrad	Benzin	118	160	Sep 2008	Mar 2012	2024-03-01	30000
Audi	A4 b8	S4 Quattro	Stufenheck	Allrad	Benzin	245	333	Nov 2008	Dec 2015	2024-03-01	30001
Audi	A4 b8	2.0 TDI	Stufenheck	Frontantrieb	Diesel	120	163	Aug 2008	Dec 2015	2024-03-01	30002
Audi	A4 b8	3.0 TDI Quattro	Stufenheck	Allrad	Diesel	155	211	Jun 2008	May 2010	2024-03-01	30003
Audi	A4 b8 avant	1.8 Tfsi Quattro	Kombi	Allrad	Benzin	118	160	Sep 2008	Mar 2012	2024-03-01	30004
Audi	A4 b8 avant	S4 Quattro	Kombi	Allrad	Benzin	245	333	Nov 2008	Dec 2015	2024-03-01	30005
Audi	A4 b8 avant	2.0 TDI	Kombi	Frontantrieb	Diesel	100	136	Apr 2008	Dec 2015	2024-03-01	30006
Audi	A4 b8 avant	2.0 TDI Quattro	Kombi	Allrad	Diesel	125	170	Aug 2008	Mar 2012	2024-03-01	30007
Audi	A4 b8 avant	2.7 TDI	Kombi	Frontantrieb	Diesel	140	190	Apr 2008	Mar 2012	2024-03-01	30008
Mitsubishi	Lancer v	EVO I	Stufenheck	Allrad	Benzin	184	250	Oct 1992	Dec 1993	2024-03-01	30017
Peugeot	Partner	1.6 HDI 16V 4X4	Kasten/Großraumlimousine	Allrad	Diesel	66	90	Sep 2009	-	2025-11-01	30023
Jaguar	Xk 8	4	Coupe	Heckantrieb	Benzin	216	294	May 1996	Jul 2005	2024-03-01	30052
Jaguar	Xk 8 convertible	4	Cabriolet	Heckantrieb	Benzin	216	294	May 1996	Jul 1999	2024-03-01	30053
Ford USA	Mustang convertible	3.8	Cabriolet	Heckantrieb	Benzin	140	190	Jun 1999	Sep 2003	2024-03-01	30057
Ford USA	Windstar	3.8	Großraumlimousine	Frontantrieb	Benzin	127	173	Sep 2000	Aug 2004	2024-03-01	30058
Ford USA	Explorer	4.0 4WD	SUV	Allrad	Benzin	150	204	Oct 1999	Dec 2001	2024-03-01	30068
Mazda	323 ii hatchback	1.6	Schrägheck	Frontantrieb	Benzin	63	86	Jun 1986	Mar 1987	2024-03-01	30073
Nissan	Pathfinder ii	3.3	Geländewagen geschlossen	Heckantrieb	Benzin	125	170	May 1999	Dec 2004	2024-03-01	30094
Suzuki	Grand vitara i	2.7	Geländewagen geschlossen	Heckantrieb	Benzin	135	184	Sep 2003	Aug 2006	2024-03-01	30102
Cadillac	Eldorado	4.6	Coupe	Frontantrieb	Benzin	205	279	Oct 1993	Sep 2002	2024-03-01	30106
Subaru	Impreza	1.6	Stufenheck	Frontantrieb	Benzin	70	95	Jun 2001	Sep 2006	2024-03-01	30111
Renault	Megane ii	2	Schrägheck	Frontantrieb	Benzin	169	230	Aug 2006	Feb 2008	2024-03-01	30118
Toyota	4	2.7	SUV	Heckantrieb	Benzin	112	152	Nov 1995	Jul 2002	2024-03-01	30126
Mercedes-benz	Vito / mixto	123	Kasten	Heckantrieb	Benzin	170	231	Jun 2004	Jul 2008	2024-03-01	30127
Saab	9-3	2	Cabriolet	Frontantrieb	Benzin	143	194	Apr 2006	Sep 2007	2024-03-01	30128
Fiat	Idea	1.4	Großraumlimousine	Frontantrieb	Benzin	66	90	Dec 2003	-	2024-03-01	30129
Renault	Clio iii	1.5 DCI	Schrägheck	Frontantrieb	Diesel	48	65	May 2005	Nov 2010	2026-05-01	30141
Ssangyong	Actyon	2.0 XDI	SUV	Heckantrieb	Diesel	104	141	Nov 2005	-	2025-12-01	30143
Chevrolet	S10	4.3	Pick-up	Heckantrieb	Benzin	142	193	Oct 1994	Dec 2004	2024-03-01	30146
Chevrolet	S10	4.3 4X4	Pick-up	Allrad	Benzin	142	193	Oct 1994	Aug 2002	2024-03-01	30147
Honda	Cr-V iii	2.4 I-vtec 4WD	SUV	Allrad	Benzin	118	160	Oct 2006	Oct 2012	2025-12-01	30149
Toyota	Corona	2	Stufenheck	Frontantrieb	Benzin	98	133	Oct 1993	Sep 1995	2024-03-01	30156
Dodge	Ram 1500	5.9	Pick-up	Heckantrieb	Benzin	184	250	Jan 1993	Sep 2001	2024-03-01	30166
Dodge	Ram 2500	5.9 DI	Pick-up	Heckantrieb	Diesel	118	160	Jan 1993	Sep 1996	2024-03-01	30167
Dodge	Ram 2500	5.9 DI 4X4	Pick-up	Allrad	Diesel	154	209	Oct 1996	May 2001	2024-03-01	30168
Dodge	Ram 1500	5.9 4X4	Pick-up	Allrad	Benzin	184	250	Jan 1993	Sep 2001	2024-03-01	30169
Dodge	Ram 1500	5.2	Pick-up	Heckantrieb	Benzin	172	234	Jan 1993	Sep 2001	2024-03-01	30170
Dodge	Ram 2500	8	Pick-up	Heckantrieb	Benzin	221	300	Jan 1993	May 2001	2024-03-01	30171
Dodge	Ram 1500	5.2 4X4	Pick-up	Allrad	Benzin	172	234	Jan 1993	May 2001	2024-03-01	30172
Dodge	Ram 1500	3.9	Pick-up	Heckantrieb	Benzin	128	174	Jan 1993	May 2001	2024-03-01	30173
Dodge	Ram 1500	5.2	Pick-up	Heckantrieb	Benzin	164	223	Jan 1993	Jun 1998	2024-03-01	30174
Dodge	Ram 2500	5.9 DI 4X4	Pick-up	Allrad	Diesel	118	160	Jan 1993	Sep 1996	2024-03-01	30175
Dodge	Ram 2500	8.0 4X4	Pick-up	Allrad	Benzin	221	300	Jan 1993	May 2001	2024-03-01	30176
Dodge	Ram 2500	8.0 4X4	Pick-up	Allrad	Benzin	228	310	Jan 2002	Dec 2009	2024-03-01	30177
Dodge	Ram 1500	3.7	Pick-up	Heckantrieb	Benzin	157	213	Jun 2001	Sep 2008	2024-03-01	30179
Dodge	Ram 1500	4.7 4X4	Pick-up	Allrad	Benzin	172	234	Jun 2001	Sep 2008	2024-03-01	30180
Dodge	Ram 2500	5.9 DI 4X4	Pick-up	Allrad	Diesel	180	245	Jan 2002	Dec 2009	2024-03-01	30181
Dodge	Ram 1500	4.7	Pick-up	Heckantrieb	Benzin	172	234	Jun 2001	Sep 2008	2024-03-01	30182
Dodge	Ram 1500	5.9 4X4	Pick-up	Allrad	Benzin	180	245	Jun 2001	Sep 2008	2024-03-01	30183
Dodge	Ram	5.2	Bus	Heckantrieb	Benzin	107	145	Oct 1985	Sep 1987	2024-03-01	30186
Dodge	Ram	5.9	Bus	Heckantrieb	Benzin	130	177	Oct 1985	Sep 1988	2024-03-01	30187
Dodge	Ram	5.2	Bus	Heckantrieb	Benzin	127	173	Oct 1987	Sep 1993	2024-03-01	30188
Dodge	Ram van	5.2 CNG	Kasten	Heckantrieb	Benzin/Erdgas (CNG)	165	224	Aug 1999	Sep 2003	2024-03-01	30190
Dodge	Ram van	5.9	Kasten	Heckantrieb	Benzin	184	250	Aug 1993	Sep 2003	2024-03-01	30191
Dodge	Ram van	3.9	Kasten	Heckantrieb	Benzin	128	174	Aug 1993	Sep 2003	2024-03-01	30192
Dodge	Ram van	5.2 Flexfuel	Kasten	Heckantrieb	Benzin/Ethanol	162	220	Aug 1999	Sep 2003	2024-03-01	30193
Dodge	Ram van	5.2	Kasten	Heckantrieb	Benzin	172	234	Aug 1993	Sep 2003	2024-03-01	30194
Ford USA	Thunderbird	4.6	Coupe	Heckantrieb	Benzin	151	205	Jan 1993	Dec 1997	2024-03-01	30212
Mercedes-benz	Slr	5.4	Cabriolet	Heckantrieb	Benzin	478	650	Oct 2006	-	2024-03-01	30213
Bentley	Arnage	6.8	Coupe	Heckantrieb	Benzin	336	457	Sep 2005	-	2024-03-01	30214
Hyundai	Tiburon	2.0 Cvvt	Coupe	Frontantrieb	Benzin	105	143	Oct 2006	Dec 2008	2024-03-01	30235
Chevrolet	Avalanche	5.3 AWD	Pick-up	Allrad	Benzin	235	320	May 2006	Dec 2013	2024-03-01	30246
Nissan	Trade	2.3 D	Pritsche/Fahrgestell	Heckantrieb	Diesel	55	75	Jun 1996	Oct 2001	2024-03-01	30262
Chevrolet	Camaro	3.6	Coupe	Heckantrieb	Benzin	224	305	Sep 2009	Dec 2010	2024-03-01	30272
Nissan	Murano ii	3.5 4X4	SUV	Allrad	Benzin	195	265	Nov 2007	Sep 2014	2024-03-01	30282
Honda	Cr-V iii	2.4	SUV	Frontantrieb	Benzin	124	168	Jun 2006	Jun 2012	2025-12-01	30298
Ford USA	F-150	6.2 4X4	Pick-up	Allrad	Benzin	306	416	Jan 2010	-	2024-03-01	30301
Nissan	Skyline	2.6 Twin Turbo 4X4	Coupe	Allrad	Benzin	206	280	Apr 1989	Jun 1993	2024-03-01	30303
Nissan	Skyline	2.6 Twin Turbo 4X4	Coupe	Allrad	Benzin	206	280	Jul 1994	Sep 1999	2024-03-01	30304
BMW	3	330 CI	Coupe	Heckantrieb	Benzin	170	231	Jun 2000	May 2006	2024-03-01	30325
Fiat	Ducato	130 Multijet 2,3 D	Kasten	Frontantrieb	Diesel	96	131	Aug 2006	-	2024-03-01	30326
Fiat	Bravo ii	1.9 D Multijet	Schrägheck	Frontantrieb	Diesel	66	90	Apr 2007	Dec 2008	2024-03-01	30327
Ford	S-Max	2.0 Flexifuel	Großraumlimousine	Frontantrieb	Benzin/Ethanol	107	145	May 2006	Dec 2014	2024-03-01	30329
Ford	Mondeo iv turnier	2.0 Flexifuel	Kombi	Frontantrieb	Benzin/Ethanol	107	145	Mar 2009	Jan 2015	2024-03-01	30330
Ford	Mondeo iv	2.0 Flexifuel	Schrägheck	Frontantrieb	Benzin/Ethanol	107	145	Mar 2009	Jan 2015	2024-03-01	30331
Suzuki	Liana	1.6	Stufenheck	Frontantrieb	Benzin	79	107	Jan 2005	-	2024-03-01	30332
Suzuki	Liana	1.6 4WD	Stufenheck	Allrad	Benzin	79	107	Jan 2005	Dec 2007	2024-03-01	30333
Suzuki	Liana	1.6 4WD	Schrägheck	Allrad	Benzin	79	107	Jan 2005	Dec 2007	2024-03-01	30334
Suzuki	Liana	1.6	Schrägheck	Frontantrieb	Benzin	79	107	Jan 2005	Aug 2007	2024-03-01	30335
Fiat	Sedici	1.6 16V	SUV	Frontantrieb	Benzin	79	107	Jun 2006	Oct 2014	2024-03-01	30338
Jeep	Comanche	2.5 4X4	Pick-up	Allrad	Benzin	90	122	Oct 1986	Sep 1990	2024-03-01	30341
Nissan	Skyline	2.5	Coupe	Heckantrieb	Benzin	184	250	Jan 1994	Jul 2000	2024-03-01	30350
Opel	Vectra b caravan	1.7 TD	Kombi	Frontantrieb	Diesel	60	82	Nov 1996	Dec 1997	2024-03-01	30351
VW	Golf plus v	1.6 Multifuel	Schrägheck	Frontantrieb	Benzin/Ethanol	75	102	Nov 2007	Dec 2013	2024-03-01	30352
Subaru	Impreza	1.5 AWD	Schrägheck	Allrad	Benzin	79	107	Feb 2008	Mar 2012	2024-03-01	30355
Hyundai	Sonata v	3.3	Stufenheck	Frontantrieb	Benzin	173	235	Jun 2005	Dec 2010	2024-03-01	30356
Honda	Civic viii hatchback	1.4	Schrägheck	Frontantrieb	Benzin	73	100	Oct 2008	Dec 2011	2024-03-01	30357
Honda	Jazz iii	1.3 I	Schrägheck	Frontantrieb	Benzin	73	100	Jul 2008	Dec 2015	2025-12-01	30358
Honda	Jazz iii	1.2	Schrägheck	Frontantrieb	Benzin	66	90	Jul 2008	Dec 2015	2025-12-01	30359
Honda	Legend iv	3.7 Vtec V6 4WD	Stufenheck	Allrad	Benzin	217	295	Jul 2008	Dec 2012	2024-03-01	30360
Audi	A6 c6	2.0 TDI	Stufenheck	Frontantrieb	Diesel	125	170	Nov 2008	Mar 2011	2024-03-01	30361
Audi	A6 c6	2.7 TDI	Stufenheck	Frontantrieb	Diesel	140	190	Oct 2008	Mar 2011	2024-03-01	30362
Audi	A6 c6	2.7 TDI Quattro	Stufenheck	Allrad	Diesel	140	190	Oct 2008	Mar 2011	2024-03-01	30363
Audi	A6 c6	2.8 FSI	Stufenheck	Frontantrieb	Benzin	140	190	Oct 2008	Mar 2011	2024-03-01	30364
Audi	A6 c6	2.8 FSI Quattro	Stufenheck	Allrad	Benzin	140	190	Oct 2008	Mar 2011	2024-03-01	30365
Audi	A6 c6	2.8 FSI Quattro	Stufenheck	Allrad	Benzin	162	220	Oct 2008	Mar 2011	2024-03-01	30366
Audi	A6 c6	2.8 FSI	Stufenheck	Frontantrieb	Benzin	162	220	Oct 2008	Mar 2011	2024-03-01	30367
Mercedes-benz	C-Klasse	C 180 Kompressor	Stufenheck	Heckantrieb	Benzin	115	156	Jan 2008	Jan 2014	2024-03-01	30368
Audi	A6 c6	3.0 TDI Quattro	Stufenheck	Allrad	Diesel	176	240	Oct 2008	Mar 2011	2024-03-01	30369
Audi	A6 c6	3.0 Tfsi Quattro	Stufenheck	Allrad	Benzin	213	290	Oct 2008	Mar 2011	2024-03-01	30370
Mercedes-benz	C-Klasse	C 350 CGI	Stufenheck	Heckantrieb	Benzin	215	292	Sep 2008	Jan 2014	2024-03-01	30371
Mercedes-benz	C-Klasse	C 180 Kompressor	Kombi	Heckantrieb	Benzin	115	156	Jan 2008	Aug 2014	2024-03-01	30372
Audi	A6 c6 avant	2.0 TDI	Kombi	Frontantrieb	Diesel	125	170	Oct 2008	Aug 2011	2024-03-01	30373
Audi	A6 c6 avant	2.7 TDI	Kombi	Frontantrieb	Diesel	140	190	Oct 2008	Aug 2011	2024-03-01	30374
Audi	A6 c6 avant	2.7 TDI Quattro	Kombi	Allrad	Diesel	140	190	Oct 2008	Aug 2011	2024-03-01	30375
Audi	A6 c6 avant	2.8 FSI	Kombi	Frontantrieb	Benzin	140	190	Oct 2008	Aug 2011	2024-03-01	30376
Audi	A6 c6 avant	2.8 FSI	Kombi	Frontantrieb	Benzin	162	220	Oct 2008	Aug 2011	2024-03-01	30377
Audi	A6 c6 avant	2.8 FSI Quattro	Kombi	Allrad	Benzin	140	190	Oct 2008	Aug 2011	2024-03-01	30378
Audi	A6 c6 avant	2.8 FSI Quattro	Kombi	Allrad	Benzin	162	220	Oct 2008	Aug 2011	2024-03-01	30379
Audi	A6 c6 avant	3.0 TDI Quattro	Kombi	Allrad	Diesel	176	240	Oct 2008	Aug 2011	2024-03-01	30380
Audi	A6 c6 avant	3.0 Tfsi Quattro	Kombi	Allrad	Benzin	213	290	Oct 2008	Aug 2011	2024-03-01	30381
Audi	A6 allroad c6	2.7 TDI Quattro	Kombi	Allrad	Diesel	140	190	Oct 2008	Aug 2011	2024-03-01	30382
Audi	A6 allroad c6	3.0 TDI Quattro	Kombi	Allrad	Diesel	176	240	Oct 2008	Aug 2011	2024-03-01	30383
Audi	A6 allroad c6	3.0 Tfsi Quattro	Kombi	Allrad	Benzin	213	290	Oct 2008	Aug 2011	2024-03-01	30384
Citroën	C4 i	2.0 HDI	Schrägheck	Frontantrieb	Diesel	103	140	Jul 2008	Jul 2011	2024-03-01	30385
Citroën	C4	2.0 HDI	Coupe	Frontantrieb	Diesel	103	140	Jul 2008	Jul 2011	2024-03-01	30386
Ssangyong	Actyon	2.3	SUV	Heckantrieb	Benzin	110	150	Nov 2006	-	2025-12-01	30387
Renault	Kangoo	1.6 16V Flex	Großraumlimousine	Frontantrieb	Benzin/Ethanol	78	106	Feb 2008	-	2024-03-01	30388
Jeep	Patriot	2.4 ECO + 4X4	Geländewagen geschlossen	Allrad	Benzin/Autogas (LPG)	125	170	Jul 2008	Dec 2017	2024-03-01	30389
Audi	A4 b8 avant	2.0 TDI	Kombi	Frontantrieb	Diesel	88	120	Jun 2008	Dec 2015	2024-03-01	30390
Hummer	Hummer h3	5.3 V8 AWD	Geländewagen geschlossen	Allrad	Benzin	224	305	Oct 2008	-	2024-03-01	30391
Renault	Megane ii grandtour	1.6 16V	Kombi	Frontantrieb	Benzin	77	105	May 2005	Jul 2009	2024-03-01	30392
VW	Tiguan	2.0 TDI 4motion	SUV	Allrad	Diesel	100	136	Nov 2007	Jul 2018	2024-03-01	30397
VW	Touareg	3.0 TDI	SUV	Allrad	Diesel	155	211	Apr 2006	May 2010	2024-03-01	30398
Mercedes-benz	E-Klasse	E 230 T	Kombi	Heckantrieb	Benzin	150	204	May 2007	Jul 2009	2024-03-01	30399
VW	Caddy iii	1.9 TDI 4motion	Großraumlimousine	Allrad	Diesel	77	105	May 2008	Aug 2010	2024-03-01	30401
Mazda	Rx-7 ii	1.3 Turbo	Cabriolet	Heckantrieb	Benzin	147	200	Mar 1989	Dec 1991	2024-03-01	30402
Ford	C-Max	1.8 Tdci	Großraumlimousine	Frontantrieb	Diesel	85	115	Feb 2007	Sep 2010	2024-03-01	30403
Mitsubishi	Lancer v	EVO III	Stufenheck	Allrad	Benzin	198	269	Aug 1995	Jul 1996	2024-03-01	30404
Ford	Focus ii	2.0 Tdci	Schrägheck	Frontantrieb	Diesel	81	110	Feb 2008	Jul 2011	2024-03-01	30405
Ford	Focus ii	2.0 Tdci	Stufenheck	Frontantrieb	Diesel	81	110	Feb 2008	Jul 2011	2024-03-01	30406
Ford	Focus ii turnier	2.0 Tdci	Kombi	Frontantrieb	Diesel	81	110	Feb 2008	Jul 2011	2024-03-01	30407
Suzuki	Sx4 / classic	1.6 Ddis	Schrägheck	Frontantrieb	Diesel	66	90	Apr 2007	-	2024-03-01	30408
Renault	Laguna i grandtour	2	Kombi	Frontantrieb	Benzin	84	114	Oct 1998	Jan 2001	2024-03-01	30409
Land Rover	Range rover i	2.4 TD 4X4	Geländewagen geschlossen	Allrad	Diesel	83	113	Apr 1986	Jul 1994	2024-03-01	30410
Landwind (jmc)	Cv9	2	Großraumlimousine	Frontantrieb	Benzin	102	139	May 2006	Dec 2008	2024-03-01	30415
Ford	Transit tourneo	2.2 Tdci	Bus	Frontantrieb	Diesel	85	115	Oct 2008	Aug 2014	2024-03-01	30417
Ford	Transit	2.2 Tdci	Kasten	Frontantrieb	Diesel	85	115	Oct 2008	Aug 2014	2024-03-01	30418
Ford	Transit	2.2 Tdci	Bus	Frontantrieb	Diesel	85	115	Oct 2008	Aug 2014	2024-03-01	30419
Ford	Transit	2.2 Tdci	Pritsche/Fahrgestell	Frontantrieb	Diesel	85	115	Oct 2008	Aug 2014	2024-03-01	30420
Alfa Romeo	159	3.2 JTS	Stufenheck	Frontantrieb	Benzin	191	260	Jan 2008	Nov 2011	2024-03-01	30421
Alfa Romeo	159	3.2 JTS	Kombi	Frontantrieb	Benzin	191	260	Feb 2008	Nov 2011	2024-03-01	30422
VW	Polo	54 1.4	Stufenheck	Frontantrieb	Benzin	40	54	Jan 1998	Aug 1999	2024-03-01	30423
Porsche	911	3.6 Carrera 4	Coupe	Allrad	Benzin	254	345	Jun 2008	Dec 2012	2024-03-01	30424
Porsche	911	3.6 Carrera 4	Cabriolet	Allrad	Benzin	254	345	Jun 2008	Dec 2012	2024-03-01	30425
Porsche	911	3.8 Carrera 4S	Cabriolet	Allrad	Benzin	283	385	Jun 2008	Dec 2012	2024-03-01	30426
Porsche	911	3.6 Carrera 4	Targa	Allrad	Benzin	239	325	Jul 2006	Dec 2008	2024-03-01	30427
Porsche	911	3.8 Carrera 4S	Targa	Allrad	Benzin	261	355	Jul 2006	Dec 2008	2024-03-01	30428
Mazda	626 iii	2.2 12V 4WD	Stufenheck	Allrad	Benzin	85	115	Jan 1990	May 1992	2024-03-01	30429
Renault	Clio i	Electric	Schrägheck	Frontantrieb	Elektro	21	30	May 1996	Feb 1998	2026-05-01	30431
Subaru	Legacy iv station wagon	2.5 I AWD	Kombi	Allrad	Benzin	127	173	Jan 2008	Dec 2009	2024-03-01	30432
Saab	9-3	2.8 Turbo V6 XWD	Kombi	Allrad	Benzin	206	280	May 2008	Dec 2011	2024-03-01	30433
Saab	9-3	2.8 Turbo V6 XWD	Stufenheck	Allrad	Benzin	206	280	May 2008	Dec 2011	2024-03-01	30434
Subaru	Legacy iv station wagon	2.0 D AWD	Kombi	Allrad	Diesel	110	150	Feb 2008	Dec 2009	2024-03-01	30435
Subaru	Justy iv	1	Schrägheck	Frontantrieb	Benzin	51	69	Jan 2007	-	2024-03-01	30436
Ford	Focus iii turnier	1.6 TI	Kombi	Frontantrieb	Benzin	63	85	Aug 2011	Feb 2020	2024-03-01	30437
Ford	Focus iii turnier	1.0 Ecoboost	Kombi	Frontantrieb	Benzin	74	100	Feb 2012	Feb 2020	2024-03-01	30438
Ford	Focus iii turnier	1.6 LPG	Kombi	Frontantrieb	Benzin/Autogas (LPG)	88	120	Feb 2012	Feb 2020	2024-03-01	30439
Skoda	Octavia	1.6 Multifuel	Schrägheck	Frontantrieb	Benzin/Ethanol	75	102	Jan 2008	Jun 2013	2024-03-01	30441
Skoda	Octavia	1.6 Multifuel	Kombi	Frontantrieb	Benzin/Ethanol	75	102	Jan 2008	Jun 2013	2024-03-01	30442
Seat	Altea	1.6 Multifuel	Großraumlimousine	Frontantrieb	Benzin/Ethanol	75	102	Oct 2006	Nov 2010	2024-03-01	30446
Toyota	Land cruiser 200	4.5 D4-d	Geländewagen geschlossen	Allrad	Diesel	195	265	Sep 2007	-	2024-03-01	30453
Toyota	Land cruiser prado	3.0 D	Geländewagen geschlossen	Allrad	Diesel	92	125	Sep 2002	Jul 2009	2024-03-01	30469
Volvo	Xc70 ii	T6 AWD	Kombi	Allrad	Benzin	210	286	Jan 2008	Dec 2016	2024-03-01	30470
Fiat	Siena	1.4	Stufenheck	Frontantrieb	Benzin	57	77	Jan 2007	Dec 2009	2024-03-01	30471
Fiat	Ducato	130 Multijet 2,3 D	Pritsche/Fahrgestell	Frontantrieb	Diesel	96	131	Aug 2006	-	2024-03-01	30473
Opel	Astra h	1.6	Stufenheck	Frontantrieb	Benzin	85	116	Sep 2008	Jun 2010	2026-04-01	30474
Opel	Omega a caravan	3.0 24V Omega 3000	Kombi	Heckantrieb	Benzin	150	204	Sep 1988	Apr 1994	2024-03-01	30475
Chrysler	Le baron	3.0 I V6	Coupe	Frontantrieb	Benzin	105	143	Jan 1990	Dec 1993	2024-03-01	30476
Ford	Focus iii turnier	1.0 Ecoboost	Kombi	Frontantrieb	Benzin	92	125	Feb 2012	Feb 2020	2024-03-01	30487
Lamborghini	Diablo	6	Coupe	Heckantrieb	Benzin	434	590	Apr 2000	Aug 2003	2024-03-01	30495
BMW	1	120 I	Schrägheck	Heckantrieb	Benzin	115	156	Mar 2007	Dec 2011	2024-03-01	30506
Isuzu	D-Max i	2.5 Ditd	Pick-up	Heckantrieb	Diesel	100	136	Oct 2006	Jun 2012	2024-03-01	30514
Cadillac	Cts	3.6	Stufenheck	Heckantrieb	Benzin	196	266	Jan 2008	Dec 2010	2024-03-01	30524
Ford USA	Windstar	3.8	Großraumlimousine	Frontantrieb	Benzin	149	203	Feb 1999	Dec 2003	2024-03-01	30539
Isuzu	Elf	5.2 DI	Pritsche/Fahrgestell	Heckantrieb	Diesel	110	150	Oct 2003	-	2025-06-01	30556
Aston Martin	Vanquish	6	Cabriolet	Heckantrieb	Benzin	421	573	Sep 2013	-	2025-11-01	30565
Seat	Leon	1.4 TSI	Kombi	Frontantrieb	Benzin	90	122	Sep 2012	Jun 2015	2024-03-01	30569
Ford	Focus iii turnier	2.0 Tdci	Kombi	Frontantrieb	Diesel	100	136	Jul 2010	Jun 2014	2024-03-01	30637
Suzuki	Grand vitara i	2.0 TD 4X4	Geländewagen geschlossen	Allrad	Diesel	63	86	Apr 2000	Sep 2005	2024-03-01	30638
Nissan	Sunny	2	Stufenheck	Frontantrieb	Benzin	92	125	Sep 1997	Dec 1999	2024-03-01	30661
Toyota	Aurion	3.5	Stufenheck	Frontantrieb	Benzin	200	272	Mar 2006	Sep 2011	2024-03-01	30685
Chrysler	Sebring	2.0 VVT	Stufenheck	Frontantrieb	Benzin	115	156	Jul 2007	Dec 2010	2024-03-01	30688
Volvo	240	2.8	Stufenheck	Heckantrieb	Benzin	114	155	Oct 1982	Sep 1984	2024-03-01	30690
Audi	A4 b8 avant	2.0 TDI	Kombi	Frontantrieb	Diesel	120	163	Aug 2008	Dec 2015	2024-03-01	30691
Ssangyong	Actyon	2.0 XDI 4WD	Pick-up	Allrad	Diesel	104	141	Apr 2007	-	2025-12-01	30692
Audi	Q7	6.0 TDI Quattro	SUV	Allrad	Diesel	368	500	Sep 2008	May 2014	2024-03-01	30693
Fiat	Dino	2	Coupe	Heckantrieb	Benzin	118	160	Jan 1967	Dec 1968	2024-03-01	30694
Fiat	Dino	2.4	Coupe	Heckantrieb	Benzin	132	180	Jan 1969	Dec 1972	2024-03-01	30695
Fiat	Dino spider	2	Cabriolet	Heckantrieb	Benzin	118	160	Jul 1966	Dec 1968	2024-03-01	30696
Fiat	Dino spider	2.4	Cabriolet	Heckantrieb	Benzin	132	180	Jan 1969	Dec 1972	2024-03-01	30697
Lancia	Aurelia berlina	1.8	Stufenheck	Heckantrieb	Benzin	41	56	Jan 1950	Dec 1953	2024-03-01	30698
Lancia	Aurelia berlina	2	Stufenheck	Heckantrieb	Benzin	47	64	Jan 1952	Dec 1953	2024-03-01	30699
Lancia	Aurelia berlina	2	Stufenheck	Heckantrieb	Benzin	51	70	Jan 1951	Dec 1953	2024-03-01	30700
Lancia	Aurelia berlina	2	Stufenheck	Heckantrieb	Benzin	66	90	Jan 1952	Dec 1953	2024-03-01	30701
Lancia	Aurelia berlina	2.3	Stufenheck	Heckantrieb	Benzin	64	87	Jan 1954	Dec 1955	2024-03-01	30702
Lancia	Aurelia	2	Coupe	Heckantrieb	Benzin	59	80	Jan 1951	Dec 1953	2024-03-01	30703
Lancia	Aurelia	2.5	Coupe	Heckantrieb	Benzin	87	118	Jan 1953	Dec 1958	2024-03-01	30704
Lancia	Aurelia spider	2.5	Cabriolet	Heckantrieb	Benzin	87	118	Jan 1954	Dec 1955	2024-03-01	30705
Lancia	Aurelia	2.5	Cabriolet	Heckantrieb	Benzin	81	110	Jan 1956	Dec 1958	2024-03-01	30706
Lancia	Flaminia berlina	2.5	Stufenheck	Heckantrieb	Benzin	75	102	Jan 1957	Dec 1960	2024-03-01	30707
Lancia	Flaminia berlina	2.5	Stufenheck	Heckantrieb	Benzin	81	110	Dec 1961	Dec 1962	2024-03-01	30708
Lancia	Flaminia berlina	2.8	Stufenheck	Heckantrieb	Benzin	95	129	Aug 1963	Dec 1970	2024-03-01	30709
Lancia	Flaminia	2.5	Coupe	Heckantrieb	Benzin	88	119	Jan 1959	Dec 1961	2024-03-01	30710
Lancia	Flaminia	2.5	Coupe	Heckantrieb	Benzin	94	128	Aug 1962	Dec 1962	2024-03-01	30711
Lancia	Flaminia	2.8	Coupe	Heckantrieb	Benzin	103	140	Sep 1963	Dec 1967	2024-03-01	30712
Lancia	Flaminia gt	2.5	Coupe	Heckantrieb	Benzin	88	119	Jan 1959	Dec 1961	2024-03-01	30713
Lancia	Flaminia gt	2.5	Coupe	Heckantrieb	Benzin	103	140	Jan 1962	Dec 1963	2024-03-01	30714
Toyota	Corolla	2.0 D-4d	Stufenheck	Frontantrieb	Diesel	93	126	Nov 2006	Jul 2014	2024-03-01	30715
Toyota	Corolla	1.6 Dual Vvti	Stufenheck	Frontantrieb	Benzin	91	124	Jan 2007	Jul 2014	2024-03-01	30716
Lancia	Flavia berlina	1.5	Stufenheck	Frontantrieb	Benzin	57	78	Nov 1960	Nov 1963	2024-03-01	30717
Lancia	Flavia berlina	1.5	Stufenheck	Frontantrieb	Benzin	59	80	Nov 1963	Dec 1966	2024-03-01	30718
Subaru	Outback	2.0 D AWD	Kombi	Allrad	Diesel	110	150	Sep 2008	Sep 2009	2024-03-01	30719
Subaru	Outback	2.5 AWD	Kombi	Allrad	Benzin	127	173	Sep 2008	Sep 2009	2024-03-01	30720
KIA	Shuma i	1.6	Schrägheck	Frontantrieb	Benzin	75	101	Jan 2001	Dec 2001	2024-05-01	30722
Lancia	Flavia berlina	1.8	Stufenheck	Frontantrieb	Benzin	68	92	Aug 1963	Dec 1966	2024-03-01	30723
Lancia	Flavia berlina	1.8 I	Stufenheck	Frontantrieb	Benzin	75	102	Nov 1965	Dec 1966	2024-03-01	30724
Lancia	Flavia	1.5	Coupe	Frontantrieb	Benzin	66	90	Jan 1961	Dec 1964	2024-03-01	30725
Lancia	Flavia	1.8	Coupe	Frontantrieb	Benzin	68	92	Aug 1963	Dec 1968	2024-03-01	30726
Lancia	Flavia	1.8 I	Coupe	Frontantrieb	Benzin	75	102	Aug 1965	Apr 1968	2024-03-01	30727
Lancia	Flavia	2	Coupe	Frontantrieb	Benzin	96	131	Apr 1969	Dec 1971	2024-03-01	30728
Lancia	Flavia	2.0 I	Coupe	Frontantrieb	Benzin	103	140	Jan 1970	Dec 1971	2024-03-01	30729
Lancia	Flavia	2	Coupe	Frontantrieb	Benzin	85	115	May 1971	Dec 1973	2024-03-01	30730
Lancia	Flavia berlina	1.5	Stufenheck	Frontantrieb	Benzin	62	84	May 1967	Dec 1970	2024-03-01	30731
Lancia	Flavia berlina	1.8	Stufenheck	Frontantrieb	Benzin	71	96	May 1967	Dec 1970	2024-03-01	30732
Lancia	Flavia berlina	1.8 I	Stufenheck	Frontantrieb	Benzin	79	107	May 1967	Dec 1969	2024-03-01	30733
Lancia	Flavia berlina	2	Stufenheck	Frontantrieb	Benzin	96	131	Jun 1969	Dec 1970	2024-03-01	30734
Lancia	Flavia berlina	2	Stufenheck	Frontantrieb	Benzin	103	140	Aug 1969	Dec 1970	2024-03-01	30736
Lancia	Flavia berlina	2	Stufenheck	Frontantrieb	Benzin	85	115	May 1971	Dec 1974	2024-03-01	30737
Audi	A3	1.8 Tfsi Quattro	Schrägheck	Allrad	Benzin	118	160	Jul 2008	Aug 2012	2024-03-01	30738
Audi	A3	1.8 Tfsi Quattro	Schrägheck	Allrad	Benzin	118	160	Jul 2008	Mar 2013	2024-03-01	30739
Audi	Q5	3.2 FSI Quattro	SUV	Allrad	Benzin	199	270	Nov 2008	Dec 2012	2024-03-01	30740
Lancia	Fulvia berlina	1.1	Stufenheck	Frontantrieb	Benzin	52	71	Nov 1964	Dec 1969	2024-03-01	30741
Lancia	Fulvia berlina	1.2	Stufenheck	Frontantrieb	Benzin	64	87	Feb 1967	Dec 1969	2024-03-01	30742
Lancia	Fulvia berlina	1.2	Stufenheck	Frontantrieb	Benzin	64	87	Dec 1969	Dec 1970	2024-03-01	30743
Lancia	Fulvia berlina	1.3	Stufenheck	Frontantrieb	Benzin	70	95	Dec 1969	Dec 1970	2024-03-01	30744
Lancia	Fulvia berlina	1.2	Stufenheck	Frontantrieb	Benzin	58	79	Aug 1970	Dec 1972	2024-03-01	30745
Lancia	Fulvia berlina	1.3	Stufenheck	Frontantrieb	Benzin	62	84	Aug 1970	Dec 1972	2024-03-01	30746
Lancia	Fulvia	1.2	Coupe	Frontantrieb	Benzin	59	80	Apr 1965	Dec 1969	2024-03-01	30747
Lancia	Fulvia	1.2	Coupe	Frontantrieb	Benzin	65	88	Mar 1966	Dec 1967	2024-03-01	30748
Lancia	Fulvia	1.3	Coupe	Frontantrieb	Benzin	70	95	Feb 1967	Dec 1969	2024-03-01	30749
Lancia	Fulvia	1.3	Coupe	Frontantrieb	Benzin	74	101	Mar 1967	Dec 1969	2024-03-01	30750
Lancia	Fulvia	1.3	Coupe	Frontantrieb	Benzin	76	103	Dec 1968	Dec 1970	2024-03-01	30751
Lancia	Fulvia	1.6	Coupe	Frontantrieb	Benzin	96	130	Jun 1969	Dec 1970	2024-03-01	30752
Lancia	Fulvia	1.3	Coupe	Frontantrieb	Benzin	66	90	Aug 1970	Dec 1976	2024-03-01	30753
Lancia	Fulvia	1.6	Coupe	Frontantrieb	Benzin	84	114	Aug 1970	Dec 1973	2024-03-01	30754
Fiat	Panda	1.3 D Multijet	Schrägheck	Frontantrieb	Diesel	55	75	Jun 2006	Aug 2013	2024-03-01	30755
Iveco	Massif station wagon	3.0 HPI	Geländewagen geschlossen	Allrad	Diesel	107	146	Oct 2008	Feb 2011	2024-03-01	30756
Iveco	Massif station wagon	3.0 HPT	Geländewagen geschlossen	Allrad	Diesel	130	176	Oct 2008	Feb 2011	2024-03-01	30757
Iveco	Massif single cab	3.0 HPI	Pritsche/Fahrgestell	Allrad	Diesel	107	146	Oct 2008	Feb 2011	2024-03-01	30758
Iveco	Massif single cab	3.0 HPT	Pritsche/Fahrgestell	Allrad	Diesel	130	176	Oct 2008	Feb 2011	2024-03-01	30759
Iveco	Massif	3.0 HPI	Pick-up	Allrad	Diesel	107	146	Oct 2008	Feb 2011	2024-03-01	30760
Iveco	Massif	3.0 HPT	Pick-up	Allrad	Diesel	130	176	Oct 2008	Feb 2011	2024-03-01	30761
Opel	Antara a	2.0 Cdti	SUV	Frontantrieb	Diesel	93	127	Sep 2008	Dec 2011	2024-03-01	30762
Opel	Antara a	2.4	SUV	Frontantrieb	Benzin	103	140	Sep 2008	Dec 2011	2024-03-01	30763
Porsche	Cayenne	3.0 TDI	SUV	Allrad	Diesel	176	240	Feb 2009	Sep 2010	2024-03-01	30764
Opel	Zafira	1.6 CNG Turbo	Großraumlimousine	Frontantrieb	Benzin/Erdgas (CNG)	110	150	Apr 2010	Apr 2015	2024-03-01	30765
Suzuki	Sx4 s-Cross	1.6 Ddis Allgrip	Schrägheck	Allrad	Diesel	88	120	Aug 2013	Jun 2022	2025-06-01	30795
Citroën	Evasion	2.0 HDI 16V	Großraumlimousine	Frontantrieb	Diesel	80	109	Sep 1999	Jul 2002	2024-03-01	30812
Mazda	2	1.6 Mz-cd	Schrägheck	Frontantrieb	Diesel	66	90	Oct 2008	Jun 2015	2024-03-01	30813
Subaru	Forester	2.0 AWD	SUV	Allrad	Benzin	110	150	Jan 2008	Sep 2013	2024-03-01	30814
Subaru	Forester	2.0 D AWD	SUV	Allrad	Diesel	108	147	Sep 2008	Sep 2013	2024-03-01	30815
Subaru	Forester	2.5 AWD	SUV	Allrad	Benzin	169	230	Jun 2008	Sep 2013	2024-03-01	30816
Subaru	Legacy iv station wagon	2.0 R AWD	Kombi	Allrad	Benzin	110	150	Sep 2007	Dec 2009	2024-03-01	30817
Subaru	Legacy iv	2.0 R AWD	Stufenheck	Allrad	Benzin	110	150	Sep 2007	Dec 2009	2024-03-01	30818
Subaru	Legacy iv	2.0 D AWD	Stufenheck	Allrad	Diesel	110	150	Feb 2008	Dec 2009	2024-03-01	30819
Subaru	Legacy iv	2.5 I AWD	Stufenheck	Allrad	Benzin	127	173	Sep 2007	Dec 2009	2024-03-01	30820
Peugeot	3008 i	1.6 VTI	Großraumlimousine	Frontantrieb	Benzin	88	120	Jun 2009	Aug 2016	2024-11-01	30821
Peugeot	3008 i	1.6 THP	Großraumlimousine	Frontantrieb	Benzin	110	150	Jun 2009	Aug 2016	2024-11-01	30822
Peugeot	3008 i	1.6 HDI	Großraumlimousine	Frontantrieb	Diesel	80	109	Jun 2009	Aug 2016	2024-11-01	30823
Peugeot	3008 i	2.0 HDI 150 / Bluehdi 150	Großraumlimousine	Frontantrieb	Diesel	110	150	Jun 2009	Aug 2016	2024-11-01	30824
Nissan	Bluebird	1.6	Stufenheck	Heckantrieb	Benzin	60	82	Apr 1972	Apr 1977	2024-03-01	30828
Opel	Movano a	2.5 Cdti	Bus	Frontantrieb	Diesel	74	101	Sep 2007	-	2024-03-01	30833
Ford	Focus ii	1.8	Schrägheck	Frontantrieb	Benzin	92	125	Mar 2006	Sep 2012	2024-03-01	30834
Ford	Focus ii	1.8	Stufenheck	Frontantrieb	Benzin	92	125	Mar 2006	Sep 2012	2024-03-01	30835
Ford	Focus ii turnier	1.8	Kombi	Frontantrieb	Benzin	92	125	Mar 2006	Sep 2012	2024-03-01	30836
Ford	Focus ii	2.5 RS	Schrägheck	Frontantrieb	Benzin	224	305	Jan 2009	Jul 2011	2024-03-01	30837
Porsche	944	2.5 Turbo	Cabriolet	Heckantrieb	Benzin	184	250	Nov 1990	Jul 1991	2024-03-01	30838
Ford	Ka	1.2	Schrägheck	Frontantrieb	Benzin	51	69	Oct 2008	May 2016	2024-03-01	30839
Ford	Ka	1.3 Tdci	Schrägheck	Frontantrieb	Diesel	55	75	Oct 2008	May 2016	2024-03-01	30840
Ford	Fiesta vi	1.4 Tdci	Schrägheck	Frontantrieb	Diesel	50	68	Aug 2008	Sep 2012	2024-03-01	30841
Hyundai	I10 i	1.2	Schrägheck	Frontantrieb	Benzin	57	78	Nov 2008	Dec 2011	2024-03-01	30842
Mercedes-benz	B-Klasse sports tourer	B 170 NGT	Schrägheck	Frontantrieb	Benzin/Erdgas (CNG)	85	116	Apr 2008	Nov 2011	2024-03-01	30843
Saab	9-3	2.0 T XWD	Kombi	Allrad	Benzin	154	209	Jun 2008	Feb 2015	2024-03-01	30844
Toyota	Yaris	1.33 Vvt-i	Schrägheck	Frontantrieb	Benzin	74	100	Nov 2008	Dec 2011	2024-03-01	30845
Peugeot	308 i	1.6 16V	Schrägheck	Frontantrieb	Benzin	103	140	Sep 2007	Oct 2014	2024-03-01	30846
Peugeot	308 sw i	2.0 Bioflex	Kombi	Frontantrieb	Benzin/Ethanol	103	140	Jan 2008	Dec 2011	2024-03-01	30847
Peugeot	407	2.0 Bioflex	Kombi	Frontantrieb	Benzin/Ethanol	103	140	Jan 2008	Dec 2010	2024-03-01	30848
Citroën	C5	2.0 16V Bioflex	Kombi	Frontantrieb	Benzin/Ethanol	103	140	Feb 2008	Jun 2010	2024-07-01	30849
Citroën	C5	2.0 16V Bioflex	Stufenheck	Frontantrieb	Benzin/Ethanol	103	140	Feb 2008	Dec 2012	2024-07-01	30850
Dodge	Caliber	2.4 Turbo	Schrägheck	Frontantrieb	Benzin	217	295	Dec 2007	-	2024-03-01	30851
Dodge	Journey	2.7 Flexfuel	Großraumlimousine	Frontantrieb	Benzin/Ethanol	136	185	Jan 2009	Dec 2011	2024-03-01	30852
Dodge	Journey	2.4	Großraumlimousine	Frontantrieb	Benzin	125	170	Jan 2009	-	2024-03-01	30853
Suzuki	Sx4	1.6	Stufenheck	Frontantrieb	Benzin	79	107	Oct 2007	-	2024-03-01	30854
Suzuki	Sx4 / classic	2.0 4X4	Schrägheck	Allrad	Benzin	107	146	Jun 2006	-	2024-03-01	30857
Suzuki	Grand vitara ii	3.2 Allrad	Geländewagen geschlossen	Allrad	Benzin	171	233	Jan 2009	Feb 2015	2024-03-01	30861
Suzuki	Grand vitara ii	2.4 Allrad	Geländewagen geschlossen	Allrad	Benzin	124	169	Jan 2009	-	2024-03-01	30862
BMW	3	330 D	Cabriolet	Heckantrieb	Diesel	180	245	Jan 2009	Sep 2013	2024-03-01	30863
BMW	3	330 D	Stufenheck	Heckantrieb	Diesel	180	245	Sep 2008	Oct 2011	2024-03-01	30864
BMW	3	330 D	Kombi	Heckantrieb	Diesel	180	245	Feb 2008	May 2012	2024-03-01	30865
BMW	3	330 D	Coupe	Heckantrieb	Diesel	180	245	Jan 2009	Jun 2013	2024-03-01	30866
BMW	3	330 XD	Coupe	Allrad	Diesel	180	245	Mar 2008	Feb 2010	2024-03-01	30867
BMW	3	330 D Xdrive	Stufenheck	Allrad	Diesel	180	245	Sep 2008	Oct 2011	2024-03-01	30868
BMW	3	330 D Xdrive	Kombi	Allrad	Diesel	180	245	Jan 2009	Jun 2012	2024-03-01	30869
Mercedes-benz	C-Klasse	C 250 CDI	Stufenheck	Heckantrieb	Diesel	150	204	Aug 2008	Jan 2014	2024-03-01	30870
Toyota	Avensis	1.6 Vvt-i	Stufenheck	Frontantrieb	Benzin	97	132	Nov 2008	Oct 2018	2024-03-01	30874
Toyota	Avensis	1.8 Vvt-i	Stufenheck	Frontantrieb	Benzin	108	147	Nov 2008	Oct 2018	2024-03-01	30875
Toyota	Avensis	2.0 Vvt-i	Stufenheck	Frontantrieb	Benzin	112	152	Nov 2008	Oct 2018	2024-03-01	30876
Toyota	Avensis	2.0 D-4d	Stufenheck	Frontantrieb	Diesel	93	126	Nov 2008	Oct 2011	2026-04-01	30877
Toyota	Avensis	2.2 D-4d	Stufenheck	Frontantrieb	Diesel	110	150	Nov 2008	Oct 2018	2024-03-01	30878
Toyota	Avensis	2.2 D-4d	Stufenheck	Frontantrieb	Diesel	130	177	Nov 2008	Oct 2018	2024-03-01	30879
Toyota	Avensis	1.6 Vvt-i	Kombi	Frontantrieb	Benzin	97	132	Nov 2008	Oct 2018	2024-03-01	30880
Toyota	Avensis	1.8 Vvt-i	Kombi	Frontantrieb	Benzin	108	147	Nov 2008	Oct 2018	2024-03-01	30881
Toyota	Avensis	2.0 Vvt-i	Kombi	Frontantrieb	Benzin	112	152	Nov 2008	Oct 2018	2024-03-01	30882
Toyota	Avensis	2.0 D-4d	Kombi	Frontantrieb	Diesel	93	126	Nov 2008	Oct 2018	2024-03-01	30883
Toyota	Avensis	2.2 D-4d	Kombi	Frontantrieb	Diesel	110	150	Nov 2008	Oct 2018	2024-03-01	30884
Toyota	Avensis	2.2 D-4d	Kombi	Frontantrieb	Diesel	130	177	Nov 2008	Oct 2018	2024-03-01	30885
Opel	Insignia a	2.0 Turbo 4X4	Stufenheck	Allrad	Benzin	162	220	Jul 2008	Mar 2017	2024-03-01	30886
Opel	Insignia a sports tourer	2.0 Turbo 4X4	Kombi	Allrad	Benzin	162	220	Jul 2008	Jun 2011	2024-03-01	30887
Mazda	6	2.2 Mzr-cd	Stufenheck	Frontantrieb	Diesel	92	125	Jan 2009	Dec 2012	2024-03-01	30888
Mazda	6	2.2 Mzr-cd	Stufenheck	Frontantrieb	Diesel	120	163	Jan 2009	Dec 2012	2024-03-01	30889
Mazda	6	2.2 Mzr-cd	Stufenheck	Frontantrieb	Diesel	136	185	Jan 2009	Dec 2012	2024-03-01	30890
Mazda	6	2.2 Mzr-cd	Schrägheck	Frontantrieb	Diesel	136	185	Jan 2009	Dec 2012	2024-03-01	30891
Mazda	6	2.2 Mzr-cd	Schrägheck	Frontantrieb	Diesel	120	163	Jan 2009	Dec 2012	2024-03-01	30892
Mazda	6	2.2 Mzr-cd	Schrägheck	Frontantrieb	Diesel	92	125	Jan 2009	Dec 2012	2024-03-01	30893
Mazda	6	2.2 Mzr-cd	Kombi	Frontantrieb	Diesel	92	125	Jan 2009	Dec 2010	2024-03-01	30894
Mazda	6	2.2 Mzr-cd	Kombi	Frontantrieb	Diesel	120	163	Aug 2008	Jul 2013	2024-03-01	30895
Mazda	6	2.2 Mzr-cd	Kombi	Frontantrieb	Diesel	136	185	Aug 2008	Dec 2011	2024-03-01	30896
Subaru	Impreza	2.0 D AWD	Schrägheck	Allrad	Diesel	110	150	Jan 2009	Mar 2012	2024-03-01	30897
Mercedes-benz	G-Klasse	200 GE	Geländewagen offen	Allrad	Benzin	80	109	Jan 1990	Jul 1993	2024-03-01	30898
Ford	Kuga i	2.5 4X4	SUV	Allrad	Benzin	147	200	Feb 2008	Nov 2012	2024-03-01	30899
Hyundai	I30	1.6	Schrägheck	Frontantrieb	Benzin	93	126	Feb 2008	Nov 2011	2024-03-01	30900
Hyundai	I20 i	1.2	Schrägheck	Frontantrieb	Benzin	57	78	Sep 2008	Dec 2012	2024-03-01	30901
Hyundai	I20 i	1.4	Schrägheck	Frontantrieb	Benzin	74	101	Sep 2008	Dec 2015	2024-03-01	30902
Hyundai	I20 i	1.6	Schrägheck	Frontantrieb	Benzin	93	126	Sep 2008	Dec 2012	2024-03-01	30903
Hyundai	I20 i	1.6 Crdi	Schrägheck	Frontantrieb	Diesel	85	116	Sep 2008	Dec 2012	2024-03-01	30904
BMW	3	316 I	Stufenheck	Heckantrieb	Benzin	90	122	Sep 2007	Oct 2011	2024-03-01	30905
BMW	X5	Xdrive 30 I	SUV	Allrad	Benzin	200	272	Oct 2008	Mar 2010	2024-03-01	30906
BMW	X5	Xdrive 48 I	SUV	Allrad	Benzin	261	355	Oct 2008	Mar 2010	2024-03-01	30907
BMW	X5	Xdrive 30 D	SUV	Allrad	Diesel	173	235	Oct 2008	Mar 2010	2024-03-01	30908
BMW	X5	Xdrive 35 D	SUV	Allrad	Diesel	210	286	Oct 2008	Jul 2013	2024-03-01	30909
BMW	3	316 I	Kombi	Heckantrieb	Benzin	90	122	Sep 2008	Jun 2012	2024-03-01	30910
BMW	3	316 TI	Schrägheck	Heckantrieb	Benzin	85	115	Jun 2002	Feb 2005	2024-03-01	30911
Chrysler	Sebring	2.0 CRD	Stufenheck	Frontantrieb	Diesel	103	140	Jul 2007	Dec 2010	2024-03-01	30930
Chrysler	Sebring	2.0 CRD	Cabriolet	Frontantrieb	Diesel	103	140	Jul 2007	Dec 2010	2024-03-01	30931
Chrysler	Sebring	2.7	Cabriolet	Frontantrieb	Benzin	137	186	Jul 2007	Dec 2010	2024-03-01	30932
Opel	Astra h	1.8	Stufenheck	Frontantrieb	Benzin	103	140	Feb 2007	Jun 2010	2026-04-01	30933
Opel	Astra h	1.3 Cdti	Stufenheck	Frontantrieb	Diesel	66	90	Feb 2007	Oct 2010	2024-03-01	30934
Opel	Astra h	1.7 Cdti	Stufenheck	Frontantrieb	Diesel	74	101	Feb 2007	Oct 2010	2024-03-01	30935
Renault	Clio ii	1.5 DCI	Schrägheck	Frontantrieb	Diesel	62	84	Feb 2007	Jun 2009	2026-05-01	30936
Seat	Ibiza iii	1.2	Schrägheck	Frontantrieb	Benzin	44	60	Jun 2007	May 2008	2024-03-01	30937
Mercedes-benz	Sprinter 3,5-T	310 CDI	Pritsche/Fahrgestell	Heckantrieb	Diesel	70	95	Mar 2009	Dec 2016	2024-03-01	30938
Mercedes-benz	Sprinter 3,5-T	310 CDI	Bus	Heckantrieb	Diesel	70	95	Mar 2009	Dec 2016	2024-08-01	30939
Mercedes-benz	Sprinter 3,5-T	310 CDI	Kasten	Heckantrieb	Diesel	70	95	Mar 2009	Dec 2016	2024-03-01	30940
Mercedes-benz	Sprinter 3-T	210 CDI	Bus	Heckantrieb	Diesel	70	95	Mar 2009	Dec 2016	2024-08-01	30941
Mercedes-benz	Sprinter 3-T	210 CDI	Kasten	Heckantrieb	Diesel	70	95	Mar 2009	Dec 2016	2024-03-01	30942
Renault	Espace iii	2.2 DCI	Großraumlimousine	Frontantrieb	Diesel	85	115	Jul 2000	Oct 2002	2024-03-01	30945
Lada	1200-1600	1600	Stufenheck	Heckantrieb	Benzin	56	76	Jan 1984	Jan 1990	2024-03-01	30946
Fiat	Stilo	1.6 16V	Schrägheck	Frontantrieb	Benzin	77	105	May 2005	Nov 2006	2024-03-01	30950
Ford	Sierra	2.0 RS Cosworth	Stufenheck	Heckantrieb	Benzin	150	204	Jan 1987	Dec 1990	2024-03-01	30953
Ford	Sierra	2.0 16V Cosworth 4X4	Stufenheck	Allrad	Benzin	162	220	Jan 1990	Feb 1993	2024-03-01	30954
Peugeot	405 i	1.9	Stufenheck	Frontantrieb	Benzin	90	122	Jan 1989	Dec 1992	2024-03-01	30955
Opel	Insignia a	1.6 Turbo	Stufenheck	Frontantrieb	Benzin	132	180	Jul 2008	Mar 2017	2024-03-01	30962
Opel	Insignia a sports tourer	1.6 Turbo	Kombi	Frontantrieb	Benzin	132	180	Jan 2009	Jun 2013	2024-03-01	30963
Honda	Accord vi hatchback	1.6	Schrägheck	Frontantrieb	Benzin	85	116	Dec 1999	Dec 2002	2024-03-01	30967
Suzuki	Alto vii	1	Schrägheck	Frontantrieb	Benzin	50	68	Jan 2009	-	2024-03-01	30968
VW	Golf vi	2.0 TDI	Schrägheck	Frontantrieb	Diesel	125	170	Apr 2009	Nov 2012	2024-03-01	30969
VW	Golf vi	1.6 Bifuel	Schrägheck	Frontantrieb	Benzin/Autogas (LPG)	75	102	Mar 2009	Nov 2012	2024-03-01	30970
VW	Golf vi	2.0 GTI	Schrägheck	Frontantrieb	Benzin	155	210	Apr 2009	Nov 2012	2024-03-01	30971
VW	Polo	1.2	Schrägheck	Frontantrieb	Benzin	44	60	Jun 2009	May 2014	2024-03-01	30972
VW	Polo	1.2	Schrägheck	Frontantrieb	Benzin	51	70	Jun 2009	May 2014	2024-03-01	30973
VW	Polo	1.4	Schrägheck	Frontantrieb	Benzin	63	85	Mar 2009	May 2014	2024-03-01	30974
VW	Polo	1.6 TDI	Schrägheck	Frontantrieb	Diesel	55	75	Jun 2009	May 2014	2024-03-01	30975
VW	Passat b6	1.4 TSI Ecofuel	Stufenheck	Frontantrieb	Benzin/Erdgas (CNG)	110	150	Jan 2009	Jul 2010	2024-03-01	30976
VW	Passat b6 variant	1.4 TSI Ecofuel	Kombi	Frontantrieb	Benzin/Erdgas (CNG)	110	150	Jan 2009	Nov 2010	2024-03-01	30977
VW	Touran	1.4 TSI Ecofuel	Großraumlimousine	Frontantrieb	CNG	110	150	May 2009	May 2010	2024-03-01	30978
Audi	A5	2.0 Tfsi	Cabriolet	Frontantrieb	Benzin	132	180	Mar 2009	Mar 2012	2024-03-01	30979
Audi	A5	2.0 Tfsi	Cabriolet	Frontantrieb	Benzin	155	211	Mar 2009	Jun 2014	2024-03-01	30980
Audi	A5	2.0 Tfsi Quattro	Cabriolet	Allrad	Benzin	155	211	Mar 2009	Jan 2017	2024-03-01	30981
Audi	A5	3.2 FSI	Cabriolet	Frontantrieb	Benzin	195	265	Mar 2009	Mar 2012	2024-03-01	30982
Audi	A5	3.2 FSI Quattro	Cabriolet	Allrad	Benzin	195	265	Mar 2009	Mar 2012	2024-03-01	30983
Audi	A5	2.7 TDI	Cabriolet	Frontantrieb	Diesel	140	190	Mar 2009	Mar 2012	2024-03-01	30984
Audi	A5	3.0 TDI Quattro	Cabriolet	Allrad	Diesel	176	240	Mar 2009	Mar 2012	2024-03-01	30985
Audi	A5	2.0 TDI	Coupe	Frontantrieb	Diesel	125	170	Aug 2008	Mar 2012	2024-03-01	30986
Audi	A5	2.0 TDI	Cabriolet	Frontantrieb	Diesel	125	170	May 2009	Mar 2012	2024-03-01	30987
Audi	A5	S5 Quattro	Cabriolet	Allrad	Benzin	245	333	Jun 2009	Jan 2017	2024-03-01	30988
Audi	A5	2.0 TDI Quattro	Coupe	Allrad	Diesel	125	170	Aug 2008	Mar 2012	2024-03-01	30989
Audi	A4 allroad b8	2.0 Tfsi Quattro	Kombi	Allrad	Benzin	155	211	Apr 2009	May 2016	2024-03-01	30990
Audi	A4 allroad b8	2.0 TDI Quattro	Kombi	Allrad	Diesel	125	170	Apr 2009	May 2016	2024-03-01	30991
Audi	A4 allroad b8	3.0 TDI Quattro	Kombi	Allrad	Diesel	176	240	Apr 2009	Jan 2012	2024-03-01	30992
Audi	A4 b8	3.2 FSI	Stufenheck	Frontantrieb	Benzin	195	265	Sep 2008	Mar 2012	2024-03-01	30993
Audi	A4 b8	2.0 TDI Quattro	Stufenheck	Allrad	Diesel	105	143	Nov 2008	Dec 2015	2024-03-01	30994
Audi	A4 b8 avant	3.2 FSI	Kombi	Frontantrieb	Benzin	195	265	Sep 2008	Mar 2012	2024-03-01	30995
Audi	A4 b8 avant	2.0 TDI Quattro	Kombi	Allrad	Diesel	105	143	Apr 2008	Dec 2015	2024-03-01	30996
Seat	Exeo	1.6	Stufenheck	Frontantrieb	Benzin	75	102	Mar 2009	Sep 2010	2024-03-01	30997
Seat	Exeo	1.8 T	Stufenheck	Frontantrieb	Benzin	110	150	Dec 2008	May 2010	2024-03-01	30998
Seat	Exeo	2.0 Tfsi	Stufenheck	Frontantrieb	Benzin	147	200	Mar 2009	May 2013	2024-03-01	30999
Seat	Exeo	2.0 TDI	Stufenheck	Frontantrieb	Diesel	105	143	Dec 2008	May 2013	2024-03-01	31000
Seat	Exeo	2.0 TDI	Stufenheck	Frontantrieb	Diesel	125	170	Feb 2009	May 2013	2024-03-01	31001
Suzuki	Baleno	1.6 I 16V	Kombi	Frontantrieb	Benzin	73	99	Aug 1996	May 2002	2024-03-01	31002
Suzuki	Baleno	1.6 I 16V 4X4	Kombi	Allrad	Benzin	73	99	Aug 1996	May 2002	2024-03-01	31003
BMW	X6	Xdrive 35 I	SUV	Allrad	Benzin	225	306	Jan 2008	Jul 2014	2024-03-01	31004
BMW	X6	Xdrive 50 I	SUV	Allrad	Benzin	300	408	Jul 2008	Jul 2014	2024-03-01	31005
BMW	X6	Xdrive 30 D	SUV	Allrad	Diesel	173	235	Apr 2008	Mar 2010	2024-03-01	31006
BMW	X6	Xdrive 35 D	SUV	Allrad	Diesel	210	286	Jan 2008	Mar 2010	2024-03-01	31007
BMW	X3	Xdrive 20 I	SUV	Allrad	Benzin	110	150	Sep 2008	Aug 2011	2024-03-01	31008
BMW	X3	Xdrive 25 I	SUV	Allrad	Benzin	160	218	Sep 2008	Aug 2010	2024-03-01	31009
BMW	X3	Xdrive 30 I	SUV	Allrad	Benzin	200	272	Sep 2008	Aug 2010	2024-03-01	31010
BMW	X3	Xdrive 20 D	SUV	Allrad	Diesel	130	177	Sep 2008	Aug 2010	2024-03-01	31011
BMW	X3	Xdrive 18 D	SUV	Allrad	Diesel	105	143	Sep 2008	Dec 2011	2024-03-01	31012
BMW	X3	Xdrive 30 D	SUV	Allrad	Diesel	160	218	Sep 2008	Aug 2010	2024-03-01	31013
BMW	X3	Xdrive 35 D	SUV	Allrad	Diesel	210	286	Sep 2008	Aug 2011	2024-03-01	31014
KIA	Soul i	1.6 Cvvt	Schrägheck	Frontantrieb	Benzin	93	126	Feb 2009	Dec 2011	2024-03-01	31015
BMW	Z4 roadster	Sdrive 23 I	Cabriolet	Heckantrieb	Benzin	150	204	Mar 2009	Aug 2011	2024-03-01	31016
KIA	Soul i	1.6 Crdi 128	Schrägheck	Frontantrieb	Diesel	94	126	Feb 2009	Dec 2014	2024-03-01	31017
BMW	Z4 roadster	Sdrive 30 I	Cabriolet	Heckantrieb	Benzin	190	258	Feb 2009	Aug 2011	2024-03-01	31018
BMW	Z4 roadster	Sdrive 35 I	Cabriolet	Heckantrieb	Benzin	225	306	Feb 2009	Aug 2016	2024-03-01	31019
BMW	5	525 I Xdrive	Stufenheck	Allrad	Benzin	160	218	Sep 2008	Mar 2010	2024-03-01	31020
BMW	5	530 I Xdrive	Stufenheck	Allrad	Benzin	200	272	Sep 2008	Dec 2009	2024-03-01	31021
BMW	5	525 D Xdrive	Stufenheck	Allrad	Diesel	145	197	Sep 2008	Dec 2009	2024-03-01	31022
BMW	5	530 D Xdrive	Stufenheck	Allrad	Diesel	173	235	Sep 2007	Dec 2009	2024-03-01	31023
BMW	5	525 I Xdrive	Kombi	Allrad	Benzin	160	218	Sep 2008	Dec 2010	2024-03-01	31024
BMW	5	530 I Xdrive	Kombi	Allrad	Benzin	200	272	Sep 2008	May 2010	2024-03-01	31025
BMW	5	525 D Xdrive	Kombi	Allrad	Diesel	145	197	Sep 2008	May 2010	2024-03-01	31026
BMW	5	530 D Xdrive	Kombi	Allrad	Diesel	173	235	Sep 2007	May 2010	2024-03-01	31027
BMW	3	325 I Xdrive	Stufenheck	Allrad	Benzin	160	218	Sep 2008	Oct 2011	2024-03-01	31028
BMW	3	330 I Xdrive	Stufenheck	Allrad	Benzin	200	272	Sep 2008	Oct 2011	2024-03-01	31029
BMW	3	335 I Xdrive	Stufenheck	Allrad	Benzin	225	306	Sep 2008	Oct 2011	2024-03-01	31030
BMW	3	320 D Xdrive	Stufenheck	Allrad	Diesel	130	177	Sep 2008	Feb 2010	2024-03-01	31031
BMW	3	325 I Xdrive	Kombi	Allrad	Benzin	160	218	Sep 2008	Jun 2012	2024-03-01	31032
BMW	3	330 I Xdrive	Kombi	Allrad	Benzin	200	272	Sep 2007	Jun 2012	2024-03-01	31033
BMW	3	335 I Xdrive	Kombi	Allrad	Benzin	225	306	Sep 2008	Jun 2012	2024-03-01	31034
BMW	3	320 D Xdrive	Kombi	Allrad	Diesel	130	177	Sep 2008	Feb 2010	2024-03-01	31035
BMW	3	325 I Xdrive	Coupe	Allrad	Benzin	160	218	Sep 2008	Dec 2013	2024-03-01	31036
BMW	3	330 I Xdrive	Coupe	Allrad	Benzin	200	272	Mar 2010	Jun 2013	2024-03-01	31037
BMW	3	335 I Xdrive	Coupe	Allrad	Benzin	225	306	Nov 2008	Dec 2013	2024-03-01	31038
BMW	3	320 D Xdrive	Coupe	Allrad	Diesel	130	177	Sep 2008	Feb 2010	2024-03-01	31039
BMW	3	330 D Xdrive	Coupe	Allrad	Diesel	180	245	Feb 2010	Jun 2013	2024-03-01	31040
Mercedes-benz	B-Klasse sports tourer	B 180 NGT	Schrägheck	Frontantrieb	Benzin/Erdgas (CNG)	85	116	Apr 2008	Nov 2011	2024-03-01	31041
Mercedes-benz	E-Klasse	E 250 CGI	Stufenheck	Heckantrieb	Benzin	150	204	Jan 2009	Dec 2015	2024-03-01	31042
Mercedes-benz	E-Klasse	E 350 CGI	Stufenheck	Heckantrieb	Benzin	215	292	Jan 2009	Aug 2011	2024-03-01	31044
Mercedes-benz	E-Klasse	E 350 4-matic	Stufenheck	Allrad	Benzin	200	272	Jan 2009	Aug 2011	2024-03-01	31045
Mercedes-benz	E-Klasse	E 500	Stufenheck	Heckantrieb	Benzin	285	388	Jan 2009	Dec 2011	2024-03-01	31046
Mercedes-benz	E-Klasse	E 500 4-matic	Stufenheck	Allrad	Benzin	285	388	Jan 2009	Dec 2011	2024-03-01	31047
Mercedes-benz	E-Klasse	E 220 CDI / Bluetec	Stufenheck	Heckantrieb	Diesel	125	170	Jan 2009	Dec 2016	2024-03-01	31048
Mercedes-benz	E-Klasse	E 250 CDI / Bluetec	Stufenheck	Heckantrieb	Diesel	150	204	Jan 2009	Dec 2016	2024-03-01	31049
Mercedes-benz	E-Klasse	E 350 Bluetec	Stufenheck	Heckantrieb	Diesel	155	211	Jan 2009	Dec 2015	2024-03-01	31050
Mercedes-benz	E-Klasse	E 350 CDI	Stufenheck	Heckantrieb	Diesel	170	231	Jan 2009	Dec 2015	2024-03-01	31051
Mercedes-benz	E-Klasse	E 250 CGI	Coupe	Heckantrieb	Benzin	150	204	Jan 2009	Dec 2016	2024-03-01	31053
Mercedes-benz	E-Klasse	E 350 CGI	Coupe	Heckantrieb	Benzin	215	292	Jan 2009	Dec 2011	2024-03-01	31054
Mercedes-benz	E-Klasse	E 500	Coupe	Heckantrieb	Benzin	285	388	Jan 2009	Dec 2016	2024-03-01	31055
Mercedes-benz	E-Klasse	E 250 CDI / Bluetec / D	Coupe	Heckantrieb	Diesel	150	204	Jan 2009	Dec 2016	2024-03-01	31056
Mercedes-benz	E-Klasse	E 350 CDI	Coupe	Heckantrieb	Diesel	170	231	Jan 2009	Jun 2011	2024-03-01	31057
Nissan	Qashqai i	1.5 DCI	SUV	Frontantrieb	Diesel	76	103	Aug 2008	Jan 2010	2025-06-01	31058
Mercedes-benz	A-Klasse	A 160	Schrägheck	Frontantrieb	Benzin	70	95	Apr 2009	Jun 2012	2024-03-01	31059
Mercedes-benz	A-Klasse	A 180	Schrägheck	Frontantrieb	Benzin	85	116	Apr 2009	Jun 2012	2024-03-01	31060
Mercedes-benz	B-Klasse sports tourer	B 160	Schrägheck	Frontantrieb	Benzin	70	95	Apr 2009	Nov 2011	2024-03-01	31061
Mercedes-benz	B-Klasse sports tourer	B 180	Schrägheck	Frontantrieb	Benzin	85	116	Apr 2009	Nov 2011	2024-03-01	31062
Mercedes-benz	Cls	CLS 300	Coupe	Heckantrieb	Benzin	170	231	Apr 2009	Dec 2010	2024-03-01	31063
Mercedes-benz	Cls	CLS 350 CDI	Coupe	Heckantrieb	Diesel	165	224	Apr 2009	Dec 2010	2024-03-01	31064
Mercedes-benz	Sl	300	Cabriolet	Heckantrieb	Benzin	170	231	Apr 2009	Jan 2012	2024-03-01	31066
Mercedes-benz	Slk	300	Cabriolet	Heckantrieb	Benzin	170	231	Apr 2009	Feb 2011	2024-03-01	31067
Jaguar	X-Type i	2.2 D	Stufenheck	Frontantrieb	Diesel	107	146	Jan 2007	Nov 2009	2024-03-01	31068
Jaguar	X-Type i	2.2 D	Kombi	Frontantrieb	Diesel	107	146	Jan 2007	Dec 2009	2024-03-01	31069
VW	Jetta iii	1.4 TSI	Stufenheck	Frontantrieb	Benzin	118	160	Jul 2008	Oct 2010	2024-03-01	31070
Audi	Tt	2.0 Tfsi Quattro	Cabriolet	Allrad	Benzin	147	200	Jun 2008	Jun 2010	2024-03-01	31071
Audi	Tt	2.0 Tfsi Quattro	Coupe	Allrad	Benzin	147	200	Jun 2008	Jun 2010	2024-03-01	31072
Audi	A3	1.6	Cabriolet	Frontantrieb	Benzin	75	102	Sep 2008	May 2010	2024-03-01	31073
Mazda	3	1.6 MZR	Schrägheck	Frontantrieb	Benzin	77	105	Dec 2008	Sep 2014	2024-03-01	31074
Mazda	3	2.0 MZR Disi	Schrägheck	Frontantrieb	Benzin	111	151	Dec 2008	May 2013	2024-03-01	31075
Mazda	3	2.0 MZR	Schrägheck	Frontantrieb	Benzin	110	150	Jan 2009	Sep 2014	2024-03-01	31076
Mazda	3	1.6 Mz-cd	Schrägheck	Frontantrieb	Diesel	80	109	Dec 2008	May 2013	2024-03-01	31077
Mazda	3	2.2 MZR CD	Schrägheck	Frontantrieb	Diesel	110	150	Jan 2009	Oct 2013	2024-03-01	31078
Mazda	3	2.2 MZR CD	Schrägheck	Frontantrieb	Diesel	136	185	Jan 2009	May 2013	2024-03-01	31079
Mazda	3	1.6 MZR	Stufenheck	Frontantrieb	Benzin	77	105	Dec 2008	Sep 2014	2024-03-01	31080
Mazda	3	2.0 MZR	Stufenheck	Frontantrieb	Benzin	110	150	Mar 2009	Sep 2014	2024-03-01	31081
Mazda	3	2.0 MZR Disi	Stufenheck	Frontantrieb	Benzin	111	151	Feb 2009	May 2013	2024-03-01	31082
Dacia	Sandero	1.5 DCI	Schrägheck	Frontantrieb	Diesel	50	68	Nov 2008	Dec 2012	2025-12-01	31083
Dacia	Sandero	1.5 DCI	Schrägheck	Frontantrieb	Diesel	63	86	Nov 2008	Dec 2012	2025-12-01	31084
Dacia	Sandero	1.2 16V	Schrägheck	Frontantrieb	Benzin	55	75	Nov 2008	Jun 2013	2025-12-01	31086
Fiat	Bravo ii	2.0 D Multijet	Schrägheck	Frontantrieb	Diesel	121	165	Sep 2008	Dec 2014	2024-03-01	31091
Fiat	Linea	1.6 D Multijet	Stufenheck	Frontantrieb	Diesel	77	105	Jun 2009	-	2024-03-01	31092
Ford	Focus iii	1.6 TI	Stufenheck	Frontantrieb	Benzin	63	85	Aug 2011	Feb 2020	2024-03-01	31093
Ford	Focus iii	1.0 Ecoboost	Stufenheck	Frontantrieb	Benzin	74	100	Feb 2012	Feb 2020	2024-03-01	31094
Ford	Focus iii	1.0 Ecoboost	Stufenheck	Frontantrieb	Benzin	92	125	Feb 2012	Feb 2020	2024-03-01	31095
VW	Eos	1.4 TSI	Cabriolet	Frontantrieb	Benzin	90	122	Nov 2007	Aug 2015	2024-03-01	31096
VW	Eos	1.4 TSI	Cabriolet	Frontantrieb	Benzin	118	160	May 2008	Aug 2015	2024-03-01	31100
VW	Phaeton	3.6 V6 4motion	Stufenheck	Allrad	Benzin	206	280	Nov 2008	Mar 2016	2024-03-01	31101
VW	Phaeton	3.0 V6 TDI 4motion	Stufenheck	Allrad	Diesel	176	240	Nov 2008	Mar 2016	2024-03-01	31102
VW	Phaeton	3.0 V6 TDI 4motion	Stufenheck	Allrad	Diesel	171	233	Jun 2007	Nov 2008	2024-03-01	31103
Honda	Insight	1.3 IMA	Schrägheck	Frontantrieb	Benzin/Elektro	65	88	Apr 2009	Dec 2013	2025-12-01	31104
VW	Eos	3.6 V6	Cabriolet	Frontantrieb	Benzin	191	260	May 2009	Nov 2010	2024-03-01	31105
VW	Passat b6	2.0 TDI	Stufenheck	Frontantrieb	Diesel	81	110	Nov 2008	Jul 2010	2024-03-01	31106
VW	Passat b6 variant	2.0 TDI	Kombi	Frontantrieb	Diesel	81	110	Nov 2008	Nov 2010	2024-03-01	31107
VW	Passat b6 variant	2.0 Bluetdi	Kombi	Frontantrieb	Diesel	105	143	Jan 2009	Nov 2010	2024-03-01	31108
VW	Passat b6	2.0 Bluetdi	Stufenheck	Frontantrieb	Diesel	105	143	Jan 2009	Nov 2010	2024-03-01	31109
VW	Sharan	2.0 LPG	Großraumlimousine	Frontantrieb	Benzin/Autogas (LPG)	85	115	Apr 2006	Mar 2010	2024-03-01	31110
Mini	Mini	ONE	Schrägheck	Frontantrieb	Benzin	55	75	Mar 2009	Mar 2010	2024-03-01	31111
Seat	Ibiza iv	1.6	Schrägheck	Frontantrieb	Benzin	77	105	May 2008	Mar 2012	2024-03-01	31112
Seat	Ibiza iv sc	1.6	Schrägheck	Frontantrieb	Benzin	77	105	Jul 2008	May 2015	2025-06-01	31113
Seat	Leon	1.6	Schrägheck	Frontantrieb	Benzin	75	102	Oct 2005	Jun 2006	2024-03-01	31114
Toyota	Auris	1.33 Dual-vvti	Schrägheck	Frontantrieb	Benzin	74	101	May 2009	Sep 2012	2024-03-01	31115
Toyota	Auris	1.6	Schrägheck	Frontantrieb	Benzin	97	132	May 2009	Sep 2012	2024-03-01	31116
Renault	Kangoo	Elect'road RE	Großraumlimousine	Frontantrieb	Elektro	22	30	Jan 2002	Dec 2004	2024-03-01	31117
Opel	Insignia a	1.6 Turbo	Schrägheck	Frontantrieb	Benzin	132	180	Jul 2008	Mar 2017	2024-03-01	31120
Opel	Insignia a	2.0 Turbo 4X4	Schrägheck	Allrad	Benzin	162	220	Jul 2008	Mar 2017	2024-03-01	31121
Opel	Insignia a	2.0 Biturbo Cdti 4X4	Schrägheck	Allrad	Diesel	140	190	May 2009	Dec 2011	2024-03-01	31122
Opel	Insignia a	2.0 Biturbo Cdti 4X4	Stufenheck	Allrad	Diesel	140	190	Jul 2008	Dec 2011	2024-03-01	31123
Opel	Insignia a sports tourer	2.0 Biturbo Cdti 4X4	Kombi	Allrad	Diesel	140	190	Jul 2008	Mar 2017	2024-03-01	31124
Dacia	Logan	1.4	Kasten/Kombi	Frontantrieb	Benzin	55	75	Mar 2009	-	2024-03-01	31125
Dacia	Logan	1.6	Kasten/Kombi	Frontantrieb	Benzin	64	87	Mar 2009	-	2024-03-01	31126
Dacia	Logan	1.5 DCI	Kasten/Kombi	Frontantrieb	Diesel	50	68	Mar 2009	-	2024-03-01	31127
Dacia	Logan	1.5 DCI	Kasten/Kombi	Frontantrieb	Diesel	63	86	Mar 2009	-	2024-03-01	31128
Dacia	Logan	1.6	Pick-up	Frontantrieb	Benzin	64	87	Mar 2008	-	2024-03-01	31129
Dacia	Logan	1.5 DCI	Pick-up	Frontantrieb	Diesel	50	68	Mar 2008	-	2024-03-01	31130
Dacia	Logan	1.5 DCI	Pick-up	Frontantrieb	Diesel	63	86	Mar 2008	-	2024-03-01	31131
Hyundai	H-1 travel	2.5 Crdi	Bus	Heckantrieb	Diesel	125	170	May 2008	-	2024-03-01	31132
Hyundai	Matrix	1.6	Großraumlimousine	Frontantrieb	Benzin	66	90	Jan 2002	Dec 2005	2024-03-01	31133
Toyota	Rav 4 iii	2	SUV	Frontantrieb	Benzin	116	158	Dec 2008	Jun 2013	2024-03-01	31135
Toyota	Rav 4 iii	2.0 4WD	SUV	Allrad	Benzin	116	158	Dec 2008	Jun 2013	2024-03-01	31136
Citroën	Bx	19 4X4	Kombi	Allrad	Benzin	78	107	Jun 1989	May 1991	2024-03-01	31138
Toyota	Rav 4 iii	2.2 D 4WD	SUV	Allrad	Diesel	110	150	Dec 2008	Jun 2013	2024-03-01	31139
Mini	Mini	Cooper	Cabriolet	Frontantrieb	Benzin	88	120	Dec 2008	Jul 2010	2024-03-01	31140
Mini	Mini	Cooper S	Cabriolet	Frontantrieb	Benzin	128	174	Dec 2008	Jul 2010	2024-03-01	31141
Toyota	Iq	1	Schrägheck	Frontantrieb	Benzin	50	68	Jan 2009	Dec 2015	2024-03-01	31142
Toyota	Iq	1.33	Schrägheck	Frontantrieb	Benzin	72	98	Jan 2009	Dec 2015	2024-03-01	31143
Toyota	Iq	1.4 D-4d	Schrägheck	Frontantrieb	Diesel	66	90	Jan 2009	Dec 2015	2024-03-01	31144
Citroën	Xm	2	Schrägheck	Frontantrieb	Benzin	94	128	May 1989	Jun 1994	2024-03-01	31145
Toyota	Auris	1.8	Schrägheck	Frontantrieb	Benzin	108	147	Feb 2009	Sep 2012	2024-03-01	31147
Toyota	Corolla	1.3	Stufenheck	Frontantrieb	Benzin	74	101	Dec 2008	Jul 2014	2024-05-01	31148
Toyota	Corolla	1.6	Stufenheck	Frontantrieb	Benzin	97	132	Nov 2006	Nov 2013	2024-03-01	31149
Toyota	Corolla	1.4 D-4d	Stufenheck	Frontantrieb	Diesel	66	90	Oct 2006	Jul 2014	2024-03-01	31150
BMW	3	320 I	Cabriolet	Heckantrieb	Benzin	93	126	Jul 1987	Oct 1993	2024-03-01	31151
Mercedes-benz	C-Klasse	C 220 CDI	Stufenheck	Heckantrieb	Diesel	125	170	Dec 2008	Jan 2014	2024-03-01	31152
Mercedes-benz	C-Klasse	C 220 CDI	Kombi	Heckantrieb	Diesel	125	170	Dec 2008	Aug 2014	2024-03-01	31153
Citroën	Zx	1.9	Schrägheck	Frontantrieb	Benzin	93	126	Mar 1991	Jun 1997	2024-03-01	31154
Mercedes-benz	Clc-Klasse	CLC 160	Coupe	Heckantrieb	Benzin	95	129	Feb 2009	Jun 2011	2024-03-01	31155
Mercedes-benz	Sprinter 3,5-T	313 CDI	Kasten	Heckantrieb	Diesel	95	129	Jun 2006	Dec 2016	2024-03-01	31156
Mercedes-benz	Sprinter 3,5-T	313 CDI	Pritsche/Fahrgestell	Heckantrieb	Diesel	95	129	Jun 2006	May 2016	2024-03-01	31157
Saab	9-3	1,8t Biopower	Stufenheck	Frontantrieb	Benzin/Ethanol	129	175	May 2009	Dec 2011	2026-03-01	31158
Saab	9-3	2.0 T Biopower	Stufenheck	Frontantrieb	Benzin/Ethanol	147	200	May 2009	Feb 2015	2024-03-01	31159
Saab	9-3	2.0 T Biopower	Stufenheck	Frontantrieb	Benzin/Ethanol	154	210	Sep 2002	Feb 2015	2024-03-01	31160
Saab	9-3	2.0 T	Stufenheck	Frontantrieb	Benzin	177	241	May 2009	Feb 2015	2024-03-01	31161
Renault	Megane iii	1.6 16V	Schrägheck	Frontantrieb	Benzin	81	110	Nov 2008	Mar 2017	2024-08-01	31162
Renault	Megane iii	1.9 DCI	Schrägheck	Frontantrieb	Diesel	96	131	Nov 2008	Jan 2016	2024-03-01	31163
Renault	Megane iii	1.9 DCI	Coupe	Frontantrieb	Diesel	96	131	Nov 2008	Aug 2015	2024-03-01	31164
Renault	Megane iii	1.6 16V	Coupe	Frontantrieb	Benzin	81	110	Nov 2008	Aug 2015	2024-03-01	31165
Peugeot	308 sw i	1.6 16V	Kombi	Frontantrieb	Benzin	103	140	Sep 2007	Oct 2014	2024-03-01	31166
Peugeot	207 sw	1.6 16V RC	Kombi	Frontantrieb	Benzin	128	174	Feb 2007	Dec 2012	2024-03-01	31167
Saab	9-3	2.0 Turbo XWD	Stufenheck	Allrad	Benzin	154	210	Jan 2008	Feb 2015	2024-03-01	31168
Peugeot	Boxer	2.8 HDI 4X4	Kasten	Allrad	Diesel	94	128	Oct 2000	Apr 2002	2024-03-01	31169
Peugeot	Boxer	2.8 HDI 4X4	Bus	Allrad	Diesel	94	128	Oct 2000	Apr 2002	2024-03-01	31171
Nissan	Note	1.5 DCI	Großraumlimousine	Frontantrieb	Diesel	76	103	Jul 2008	Jun 2012	2024-03-01	31174
Citroën	C-Crosser	2.4 16V	SUV	Allrad	Benzin	125	170	Aug 2008	Dec 2012	2024-03-01	31175
KIA	Optima	2	Stufenheck	Frontantrieb	Benzin	125	170	Mar 2012	Dec 2015	2024-05-01	31178
Saab	9-3x	2.0 T XWD	Kombi	Allrad	Benzin	154	209	Feb 2009	Feb 2015	2024-03-01	31179
Saab	9-3x	2.0 T Biopower XWD	Kombi	Allrad	Benzin/Ethanol	154	209	Feb 2009	Dec 2012	2024-03-01	31180
Ford	Focus iii	2.0 Tdci	Stufenheck	Frontantrieb	Diesel	100	136	Jul 2010	Jun 2014	2024-03-01	31181
Saab	9-3x	1.9 Ttid AWD	Kombi	Allrad	Diesel	132	180	Feb 2009	Dec 2012	2025-12-01	31182
Saab	9-3	2.0 T Biopower	Cabriolet	Frontantrieb	Benzin/Ethanol	147	200	Jun 2007	Feb 2015	2024-03-01	31185
Saab	9-3	2.8 Turbo V6	Cabriolet	Frontantrieb	Benzin	203	276	Feb 2009	Feb 2015	2024-03-01	31186
Saab	9-3	1.8 T	Kombi	Frontantrieb	Benzin	110	150	Mar 2005	Feb 2015	2026-03-01	31187
Saab	9-3	2.0 T	Kombi	Frontantrieb	Benzin	147	200	Feb 2009	Feb 2015	2024-03-01	31188
KIA	Sportage ii	2.0 Crdi	SUV	Frontantrieb	Diesel	110	150	Sep 2007	Dec 2010	2024-05-01	31189
Saab	9-5	2.3 T Biopower	Kombi	Frontantrieb	Benzin/Ethanol	154	210	Nov 2006	Dec 2009	2024-03-01	31190
KIA	Sportage ii	2.0 Crdi 4WD	SUV	Allrad	Diesel	110	150	Sep 2008	May 2010	2024-03-01	31191
Saab	9-3	2.8 Turbo V6	Cabriolet	Frontantrieb	Benzin	206	280	Feb 2009	Feb 2015	2024-03-01	31192
Citroën	C4 grand picasso i	1.6 16V	Großraumlimousine	Frontantrieb	Benzin	110	150	Oct 2008	Aug 2013	2024-03-01	31193
Renault	Megane ii grandtour	1.9 DCI	Kombi	Frontantrieb	Diesel	66	90	Apr 2004	Dec 2005	2024-03-01	31195
Renault	Megane ii	1.9 DCI	Stufenheck	Frontantrieb	Diesel	66	90	Sep 2003	Dec 2005	2024-03-01	31196
Renault	Megane ii	1.9 DCI	Schrägheck	Frontantrieb	Diesel	66	90	Nov 2002	Dec 2005	2024-03-01	31197
Renault	Laguna iii	1.6 16V	Schrägheck	Frontantrieb	Benzin	81	110	Oct 2007	Dec 2015	2024-03-01	31198
Renault	Clio iii	1.6 16V GT	Schrägheck	Frontantrieb	Benzin	94	128	Jun 2009	Dec 2014	2026-05-01	31207
Renault	Twingo	1.5 DCI	Schrägheck	Frontantrieb	Diesel	62	84	Apr 2008	Sep 2014	2026-05-01	31208
Lotus	Evora	3.5	Coupe	Heckantrieb	Benzin	206	280	May 2009	Apr 2016	2024-03-01	31209
Nissan	370z	3.7 V6 Vvel	Coupe	Heckantrieb	Benzin	243	330	Jun 2009	-	2024-03-01	31210
Nissan	Pixo	1	Schrägheck	Frontantrieb	Benzin	50	68	Mar 2009	-	2024-03-01	31211
Hyundai	Ix55	3.0 V6 Crdi 4WD	SUV	Allrad	Diesel	176	239	Sep 2008	Dec 2011	2024-03-01	31215
Hyundai	Sonata v	2.0 Crdi	Stufenheck	Frontantrieb	Diesel	110	150	Mar 2009	Dec 2010	2024-03-01	31217
Santana	300/350	1.6 D 4X4	Geländewagen geschlossen	Allrad	Diesel	66	90	Sep 1998	-	2024-03-01	31230
Lada	111	1.6	Kombi	Frontantrieb	Benzin	60	82	Sep 2004	Feb 2009	2024-03-01	31242
Lada	111	1.6	Kombi	Frontantrieb	Benzin	66	90	Sep 2004	Dec 2007	2024-03-01	31244
Lada	112	1.6	Schrägheck	Frontantrieb	Benzin	66	90	Mar 2006	Dec 2008	2024-03-01	31249
Lada	112	1.6	Schrägheck	Frontantrieb	Benzin	60	82	Jan 2005	Dec 2011	2024-03-01	31250
Lada	Kalina	1.4 16V	Stufenheck	Frontantrieb	Benzin	66	90	Sep 2006	Dec 2013	2024-03-01	31251
Lada	Kalina	1.4 16V	Schrägheck	Frontantrieb	Benzin	66	90	Nov 2008	Dec 2013	2024-03-01	31252
Lada	Kalina	1.4 16V	Kombi	Frontantrieb	Benzin	66	90	Nov 2008	Dec 2013	2024-03-01	31253
Hyundai	Tucson	2.0 Crdi	SUV	Frontantrieb	Diesel	110	150	Jan 2009	Mar 2010	2024-03-01	31271
Hyundai	Tucson	2.0 Crdi Allrad	SUV	Allrad	Diesel	110	150	Jan 2009	Mar 2010	2024-03-01	31272
LDV	Maxus	2.5 D	Kasten	Frontantrieb	Diesel	99	135	Feb 2006	Dec 2009	2024-03-01	31273
LDV	Maxus	2.5 D	Pritsche/Fahrgestell	Frontantrieb	Diesel	70	95	Feb 2005	Dec 2008	2024-03-01	31275
LDV	Maxus	2.5 D	Pritsche/Fahrgestell	Frontantrieb	Diesel	88	120	Oct 2005	Dec 2009	2024-03-01	31276
LDV	Maxus	2.5 D	Pritsche/Fahrgestell	Frontantrieb	Diesel	99	135	Feb 2006	Dec 2009	2024-03-01	31277
Jeep	Cherokee	2.8 CRD 4X4	Geländewagen geschlossen	Allrad	Diesel	130	177	May 2008	-	2024-03-01	31278
Audi	A3	1.6 TDI	Schrägheck	Frontantrieb	Diesel	66	90	May 2009	Aug 2012	2024-03-01	31316
Audi	A3	1.6 TDI	Schrägheck	Frontantrieb	Diesel	77	105	May 2009	Aug 2012	2024-03-01	31317
Audi	A3	1.6 TDI	Schrägheck	Frontantrieb	Diesel	66	90	May 2009	Mar 2013	2024-03-01	31318
Audi	A3	1.6 TDI	Schrägheck	Frontantrieb	Diesel	77	105	May 2009	Mar 2013	2024-03-01	31319
Audi	A3	1.6 TDI	Cabriolet	Frontantrieb	Diesel	77	105	May 2009	May 2013	2024-03-01	31320
Audi	A5	1.8 Tfsi	Coupe	Frontantrieb	Benzin	118	160	May 2009	Sep 2011	2024-03-01	31321
Audi	A5	2.0 TDI	Cabriolet	Frontantrieb	Diesel	120	163	May 2009	Jun 2014	2024-03-01	31328
Audi	A5	2.7 TDI	Cabriolet	Frontantrieb	Diesel	120	163	May 2009	Mar 2012	2024-03-01	31334
VW	Golf plus v	2.0 TDI	Schrägheck	Frontantrieb	Diesel	81	110	Jan 2009	Dec 2013	2024-03-01	31338
VW	Golf vi	1.6 TDI	Schrägheck	Frontantrieb	Diesel	77	105	Feb 2009	Nov 2012	2024-03-01	31340
VW	Scirocco	2.0 TDI	Coupe	Frontantrieb	Diesel	125	170	May 2009	Nov 2017	2024-03-01	31341
Alfa Romeo	Spider	1.8 TBI	Cabriolet	Frontantrieb	Benzin	147	200	May 2009	Mar 2011	2024-03-01	31346
Seat	Exeo	1.6	Kombi	Frontantrieb	Benzin	75	102	Jun 2009	Sep 2010	2024-03-01	31347
Seat	Exeo	1.8 T	Kombi	Frontantrieb	Benzin	110	150	Jun 2009	May 2010	2024-03-01	31348
Seat	Exeo	2.0 Tfsi	Kombi	Frontantrieb	Benzin	147	200	Jun 2009	May 2013	2024-03-01	31349
Seat	Exeo	2.0 TDI	Kombi	Frontantrieb	Diesel	105	143	May 2009	May 2013	2024-03-01	31350
Seat	Exeo	2.0 TDI	Kombi	Frontantrieb	Diesel	125	170	May 2009	May 2013	2024-03-01	31351
Seat	Exeo	2.0 TDI	Kombi	Frontantrieb	Diesel	88	120	Jul 2009	May 2013	2024-03-01	31352
Alfa Romeo	Spider	2.0 Jtdm	Cabriolet	Frontantrieb	Diesel	125	170	May 2009	Jun 2010	2024-03-01	31353
Alfa Romeo	Brera	1.8 TBI	Schrägheck	Frontantrieb	Benzin	147	200	May 2009	Jun 2010	2024-03-01	31354
Alfa Romeo	Brera	2.0 Jtdm	Schrägheck	Frontantrieb	Diesel	125	170	May 2009	Jun 2010	2024-03-01	31355
Alfa Romeo	159	1.8 TBI	Stufenheck	Frontantrieb	Benzin	147	200	May 2009	Dec 2012	2024-03-01	31356
Alfa Romeo	159	2.0 Jtdm	Stufenheck	Frontantrieb	Diesel	125	170	May 2009	Nov 2011	2024-03-01	31357
Alfa Romeo	159	1.8 TBI	Kombi	Frontantrieb	Benzin	147	200	Jul 2009	Nov 2011	2024-03-01	31358
Alfa Romeo	159	2.0 Jtdm	Kombi	Frontantrieb	Diesel	125	170	Jul 2009	Nov 2011	2024-03-01	31359
Jaguar	Xf i	3.0 D	Stufenheck	Heckantrieb	Diesel	177	241	Mar 2009	Apr 2015	2024-03-01	31360
Jaguar	Xf i	3.0 D	Stufenheck	Heckantrieb	Diesel	202	275	Mar 2009	Apr 2015	2024-03-01	31361
Jaguar	Xf i	5	Stufenheck	Heckantrieb	Benzin	283	385	Mar 2009	Apr 2015	2024-03-01	31362
Jaguar	Xf i	5.0 Supercharged	Stufenheck	Heckantrieb	Benzin	375	510	Mar 2009	Apr 2015	2026-05-01	31363
Porsche	Boxster	S 3.4	Cabriolet	Heckantrieb	Benzin	228	310	Jun 2009	Dec 2011	2024-03-01	31364
Porsche	911	3.8 GT3	Coupe	Heckantrieb	Benzin	320	435	May 2009	Dec 2011	2024-03-01	31365
Cadillac	Cts	3.6 Vvti	Stufenheck	Heckantrieb	Benzin	227	309	Jan 2008	-	2024-03-01	31370
Seat	Leon	1.6 TDI	Kombi	Frontantrieb	Diesel	66	90	Nov 2013	Aug 2018	2024-03-01	31372
Seat	Leon	1.6 TDI	Kombi	Frontantrieb	Diesel	77	105	Oct 2013	Aug 2020	2024-03-01	31377
Suzuki	Grand vitara ii	2.4 Allrad	Geländewagen geschlossen	Allrad	Benzin	122	166	Jan 2009	-	2024-03-01	31383
Chrysler	Grand voyager v	3.8	Großraumlimousine	Frontantrieb	Benzin	142	193	Oct 2007	-	2024-03-01	31384
Subaru	Tribeca	3.6	SUV	Allrad	Benzin	190	258	Sep 2007	-	2024-03-01	31385
Nissan	370z	3.7	Coupe	Heckantrieb	Benzin	241	328	Jun 2009	-	2024-03-01	31387
Jaguar	Xk ii	5.0 XKR	Cabriolet	Heckantrieb	Benzin	375	510	Jan 2009	Jul 2014	2024-03-01	31401
Jaguar	Xk ii	5.0 XKR	Coupe	Heckantrieb	Benzin	375	510	Jan 2009	Jul 2014	2024-03-01	31403
Volvo	S80 ii	D3	Stufenheck	Frontantrieb	Diesel	100	136	May 2012	May 2014	2024-03-01	31406
Chevrolet	Corvette	6.2 ZR1	Coupe	Heckantrieb	Benzin	476	647	Sep 2008	Aug 2013	2024-03-01	31407
Mercedes-benz	Sl	65 AMG Black Series	Cabriolet	Heckantrieb	Benzin	493	670	Jul 2008	Jan 2012	2024-03-01	31408
Mercedes-benz	E-Klasse	E 36 AMG	Stufenheck	Heckantrieb	Benzin	200	272	Apr 1996	Jan 1998	2024-03-01	31412
Ferrari	Superamerica	575	Cabriolet	Heckantrieb	Benzin	397	540	Jan 2005	Apr 2006	2024-03-01	31418
Audi	Q7	4.2 TDI Quattro	SUV	Allrad	Diesel	250	340	May 2009	Aug 2015	2024-03-01	31430
Audi	Tt	2.5 RS Quattro	Coupe	Allrad	Benzin	250	340	Jul 2009	Jun 2014	2024-03-01	31438
Audi	Tt	2.5 RS Quattro	Cabriolet	Allrad	Benzin	250	340	Jul 2009	Jun 2014	2024-03-01	31439
Hyundai	Genesis	2.0 Cvvt	Coupe	Heckantrieb	Benzin	154	209	Jun 2008	Feb 2014	2024-03-01	31446
Chevrolet	Cruze	1.6	Stufenheck	Frontantrieb	Benzin	83	113	May 2009	-	2024-03-01	31469
Chevrolet	Cruze	1.8	Stufenheck	Frontantrieb	Benzin	104	141	May 2009	-	2024-03-01	31470
Chevrolet	Cruze	2.0 CDI	Stufenheck	Frontantrieb	Diesel	110	150	May 2009	-	2024-03-01	31471
Seat	Leon	2.0 TDI	Kombi	Frontantrieb	Diesel	81	110	Feb 2013	Dec 2016	2024-03-01	31476
Volvo	Xc90 i	D3 / D5	SUV	Frontantrieb	Diesel	120	163	Apr 2009	Dec 2014	2024-03-01	31478
Hyundai	H100	2.5 TD	Pritsche/Fahrgestell	Heckantrieb	Diesel	74	101	Nov 2006	-	2024-03-01	31489
Mercedes-benz	R-Klasse	R 300 CDI	Großraumlimousine	Heckantrieb	Diesel	140	190	Jul 2009	Dec 2012	2024-03-01	31493
Mercedes-benz	R-Klasse	R 300 CDI 4-matic	Großraumlimousine	Allrad	Diesel	140	190	Jul 2009	Dec 2012	2024-03-01	31494
Mercedes-benz	R-Klasse	R 350 CDI 4-matic	Großraumlimousine	Allrad	Diesel	165	224	Jul 2009	Dec 2012	2024-03-01	31495
Mercedes-benz	R-Klasse	R 350 CDI 4-matic	Großraumlimousine	Allrad	Diesel	155	211	Jan 2006	Dec 2014	2024-03-01	31496
Mercedes-benz	R-Klasse	R 300	Großraumlimousine	Heckantrieb	Benzin	170	231	Jul 2009	Dec 2014	2024-03-01	31497
Mercedes-benz	C-Klasse	C 350 CDI	Stufenheck	Heckantrieb	Diesel	165	224	Jul 2009	Jan 2014	2024-03-01	31499
Mercedes-benz	C-Klasse	C 350 CDI 4-matic	Stufenheck	Allrad	Diesel	165	224	Jul 2009	Jan 2014	2024-03-01	31500
Mercedes-benz	C-Klasse	C 250 CGI	Stufenheck	Heckantrieb	Benzin	150	204	Jul 2009	Jan 2014	2024-03-01	31501
Mercedes-benz	C-Klasse	C 300	Stufenheck	Heckantrieb	Benzin	170	231	Jul 2009	Jan 2014	2024-03-01	31502
Mercedes-benz	C-Klasse	C 300 4-matic	Stufenheck	Allrad	Benzin	170	231	Jul 2007	Jan 2014	2024-03-01	31503
Audi	A6 c6	2.0 TDI	Stufenheck	Frontantrieb	Diesel	120	163	Apr 2009	Mar 2011	2024-03-01	31513
Audi	A6 c6 avant	3	Kombi	Frontantrieb	Benzin	160	218	Mar 2005	May 2006	2024-03-01	31514
Audi	A6 c6 avant	2.0 TDI	Kombi	Frontantrieb	Diesel	120	163	Apr 2009	Aug 2011	2024-03-01	31517
Citroën	Nemo	1.4 HDI	Großraumlimousine	Frontantrieb	Diesel	50	68	Apr 2009	-	2024-03-01	31518
Citroën	Nemo	1.4	Großraumlimousine	Frontantrieb	Benzin	54	73	Apr 2009	-	2024-03-01	31519
Ford	Fiesta vi	1.6 Tdci	Schrägheck	Frontantrieb	Diesel	55	75	Jun 2008	Dec 2012	2024-03-01	31520
Peugeot	308 sw i	2.0 HDI	Kombi	Frontantrieb	Diesel	103	140	Sep 2007	Oct 2014	2024-03-01	31521
Peugeot	308 cc	1.6 16V	Cabriolet	Frontantrieb	Benzin	88	120	Jun 2009	Dec 2014	2024-03-01	31522
Peugeot	308 cc	1.6 HDI	Cabriolet	Frontantrieb	Diesel	82	112	Jun 2009	Dec 2014	2024-03-01	31523
Peugeot	3008 i	1.6 THP	Großraumlimousine	Frontantrieb	Benzin	115	156	Jun 2009	Aug 2016	2024-11-01	31524
Peugeot	Bipper	1.4	Großraumlimousine	Frontantrieb	Benzin	54	73	Apr 2008	-	2024-03-01	31525
Peugeot	Bipper	1.4 HDI	Großraumlimousine	Frontantrieb	Diesel	50	68	Apr 2008	-	2024-03-01	31526
Renault	Clio iii	2.0 16V Sport	Schrägheck	Frontantrieb	Benzin	148	200	Sep 2008	Dec 2014	2026-05-01	31527
Renault	Laguna iii	3.0 DCI	Schrägheck	Frontantrieb	Diesel	173	235	Sep 2008	Dec 2015	2024-03-01	31528
Renault	Laguna iii grandtour	1.6 16V	Kombi	Frontantrieb	Benzin	81	110	Oct 2007	Dec 2015	2024-03-01	31529
Renault	Laguna iii grandtour	3.0 DCI	Kombi	Frontantrieb	Diesel	173	235	Sep 2008	Dec 2015	2024-03-01	31530
Renault	Megane iii grandtour	1.6 16V	Kombi	Frontantrieb	Benzin	74	101	May 2009	Aug 2015	2024-03-01	31531
Renault	Megane iii grandtour	1.6 16V	Kombi	Frontantrieb	Benzin	81	110	May 2009	Aug 2015	2024-03-01	31532
Renault	Megane iii grandtour	2.0 CVT	Kombi	Frontantrieb	Benzin	103	140	May 2009	Aug 2015	2024-03-01	31533
Renault	Megane iii grandtour	1.4 TCE	Kombi	Frontantrieb	Benzin	96	130	May 2009	Aug 2015	2024-03-01	31534
Renault	Megane iii grandtour	1.5 DCI	Kombi	Frontantrieb	Diesel	66	90	May 2009	Aug 2015	2024-03-01	31535
Renault	Megane iii grandtour	1.5 DCI	Kombi	Frontantrieb	Diesel	81	110	Feb 2009	Aug 2015	2024-03-01	31536
Renault	Megane iii grandtour	1.9 DCI	Kombi	Frontantrieb	Diesel	96	131	May 2009	Aug 2015	2024-03-01	31537
Renault	Megane iii	2.0 CVT	Coupe	Frontantrieb	Benzin	103	140	May 2009	Aug 2015	2024-03-01	31538
Renault	Megane iii grandtour	2.0 DCI	Kombi	Frontantrieb	Diesel	118	160	Apr 2009	Aug 2015	2024-03-01	31541
Renault	Megane iii grandtour	2.0 TCE	Kombi	Frontantrieb	Benzin	132	180	Nov 2008	Aug 2015	2024-03-01	31542
Renault	Scénic iii	1.6 16V	Großraumlimousine	Frontantrieb	Benzin	81	110	Feb 2009	Sep 2016	2024-05-01	31543
Renault	Scénic iii	1.4 16V	Großraumlimousine	Frontantrieb	Benzin	96	131	Feb 2009	Sep 2016	2024-05-01	31544
Renault	Scénic iii	2.0 16V	Großraumlimousine	Frontantrieb	Benzin	103	140	Feb 2009	Sep 2016	2024-05-01	31545
Renault	Scénic iii	1.5 DCI	Großraumlimousine	Frontantrieb	Diesel	78	106	Feb 2009	Sep 2016	2024-05-01	31546
Renault	Scénic iii	2.0 DCI	Großraumlimousine	Frontantrieb	Diesel	110	150	Feb 2009	Sep 2016	2024-05-01	31547
Renault	Scénic iii	1.9 DCI	Großraumlimousine	Frontantrieb	Diesel	96	131	Feb 2009	Sep 2016	2024-05-01	31548
Renault	Scénic iii	2.0 DCI	Großraumlimousine	Frontantrieb	Diesel	118	160	Apr 2009	Sep 2016	2024-05-01	31549
Renault	Grand scénic iii	1.4 16V	Großraumlimousine	Frontantrieb	Benzin	96	131	Feb 2009	Sep 2016	2024-05-01	31550
Renault	Grand scénic iii	1.6 16V	Großraumlimousine	Frontantrieb	Benzin	81	109	Feb 2009	Sep 2016	2024-05-01	31551
Renault	Grand scénic iii	2.0 16V	Großraumlimousine	Frontantrieb	Benzin	103	140	Feb 2009	Sep 2016	2024-05-01	31552
Renault	Grand scénic iii	1.5 DCI	Großraumlimousine	Frontantrieb	Diesel	78	106	Feb 2009	Sep 2016	2024-05-01	31553
Renault	Grand scénic iii	1.9 DCI	Großraumlimousine	Frontantrieb	Diesel	96	131	Feb 2009	Sep 2016	2024-05-01	31554
Renault	Grand scénic iii	2.0 DCI	Großraumlimousine	Frontantrieb	Diesel	110	150	Feb 2009	Sep 2016	2024-05-01	31555
Renault	Grand scénic iii	2.0 DCI	Großraumlimousine	Frontantrieb	Diesel	118	160	Apr 2009	Sep 2016	2024-05-01	31556
Toyota	Verso	1.6	Großraumlimousine	Frontantrieb	Benzin	97	132	Apr 2009	Aug 2018	2024-03-01	31564
Toyota	Verso	1.8	Großraumlimousine	Frontantrieb	Benzin	108	147	Apr 2009	Aug 2018	2024-03-01	31565
Toyota	Verso	2.0 D-4d	Großraumlimousine	Frontantrieb	Diesel	93	126	Apr 2009	Aug 2018	2024-03-01	31566
Toyota	Verso	2.2 D-4d	Großraumlimousine	Frontantrieb	Diesel	110	150	Apr 2009	Aug 2018	2024-03-01	31567
Toyota	Verso	2.2 D-cat	Großraumlimousine	Frontantrieb	Diesel	130	177	Apr 2009	Aug 2018	2024-03-01	31568
Audi	A5	2.0 Tfsi	Schrägheck	Frontantrieb	Benzin	132	180	Sep 2009	Jun 2014	2024-03-01	31569
Audi	A5	2.0 Tfsi Quattro	Schrägheck	Allrad	Benzin	155	211	Sep 2009	Jan 2017	2024-03-01	31570
Audi	A5	3.2 FSI Quattro	Schrägheck	Allrad	Benzin	195	265	Sep 2009	Mar 2012	2024-03-01	31571
Audi	A5	2.0 TDI	Schrägheck	Frontantrieb	Diesel	125	170	Sep 2009	Mar 2012	2024-03-01	31572
Audi	A5	2.7 TDI	Schrägheck	Frontantrieb	Diesel	140	190	Sep 2009	Mar 2012	2024-03-01	31573
Audi	A5	3.0 TDI Quattro	Schrägheck	Allrad	Diesel	176	240	Sep 2009	Mar 2012	2024-03-01	31574
Mercedes-benz	E-Klasse	E 200 CDI / Bluetec	Kombi	Heckantrieb	Diesel	100	136	Nov 2009	Dec 2016	2024-03-01	31575
Mercedes-benz	E-Klasse	E 220 CDI / Bluetec	Kombi	Heckantrieb	Diesel	125	170	Nov 2009	Dec 2016	2024-03-01	31576
Mercedes-benz	E-Klasse	E 250 CDI / Bluetec	Kombi	Heckantrieb	Diesel	150	204	Nov 2009	Dec 2016	2024-03-01	31577
Mercedes-benz	E-Klasse	E 350 CDI	Kombi	Heckantrieb	Diesel	170	231	Nov 2009	Dec 2011	2024-03-01	31578
Mercedes-benz	E-Klasse	E 350 CDI 4-matic	Kombi	Allrad	Diesel	170	231	Nov 2009	Dec 2011	2024-03-01	31579
Mercedes-benz	E-Klasse	E 200 CGI	Kombi	Heckantrieb	Benzin	135	184	Nov 2009	Dec 2016	2024-03-01	31580
Mercedes-benz	E-Klasse	E 250 CGI	Kombi	Heckantrieb	Benzin	150	204	Nov 2009	Dec 2013	2024-03-01	31581
Mercedes-benz	E-Klasse	E 350 4-matic	Kombi	Allrad	Benzin	200	272	Nov 2009	Dec 2011	2024-03-01	31582
Mercedes-benz	E-Klasse	E 350 CGI	Kombi	Heckantrieb	Benzin	215	292	Nov 2009	Dec 2011	2024-03-01	31583
Mercedes-benz	E-Klasse	E 500	Kombi	Heckantrieb	Benzin	285	388	Nov 2009	Dec 2011	2024-03-01	31584
Audi	A4 allroad b8	2.0 TDI Quattro	Kombi	Allrad	Diesel	105	143	Sep 2009	May 2016	2024-03-01	31585
Seat	Leon	2.0 Tfsi	Schrägheck	Frontantrieb	Benzin	155	211	Jun 2009	Dec 2012	2024-03-01	31586
Seat	Leon	2.0 Cupra R	Schrägheck	Frontantrieb	Benzin	195	265	Sep 2009	Dec 2012	2024-03-01	31587
Seat	Exeo	2.0 TDI	Stufenheck	Frontantrieb	Diesel	88	120	Dec 2008	May 2013	2024-03-01	31588
Skoda	Octavia	1.6 TDI	Schrägheck	Frontantrieb	Diesel	77	105	Jun 2009	Apr 2013	2024-03-01	31590
Skoda	Octavia	1.6 TDI	Kombi	Frontantrieb	Diesel	77	105	Jun 2009	Apr 2013	2024-03-01	31591
Skoda	Octavia	1.4 TSI	Schrägheck	Frontantrieb	Benzin	90	122	Nov 2008	Jun 2013	2024-03-01	31592
Skoda	Octavia	1.4 TSI	Kombi	Frontantrieb	Benzin	90	122	Nov 2008	Jun 2013	2024-03-01	31593
Skoda	Octavia	1.8 TSI 4X4	Kombi	Allrad	Benzin	118	160	Nov 2008	Feb 2013	2024-03-01	31594
VW	Passat b6	1.6 TDI	Stufenheck	Frontantrieb	Diesel	77	105	Aug 2009	Jul 2010	2024-03-01	31595
VW	Passat b6 variant	1.6 TDI	Kombi	Frontantrieb	Diesel	77	105	Aug 2009	Nov 2010	2024-03-01	31596
Seat	Ibiza iv	1.4 TSI	Schrägheck	Frontantrieb	Benzin	110	150	Jun 2009	May 2015	2024-03-01	31599
Seat	Ibiza iv	1.6 TDI	Schrägheck	Frontantrieb	Diesel	66	90	May 2009	May 2015	2024-03-01	31600
Seat	Ibiza iv sc	1.2	Schrägheck	Frontantrieb	Benzin	44	60	Jul 2009	May 2015	2025-06-01	31601
Seat	Ibiza iv sc	1.4 TSI	Schrägheck	Frontantrieb	Benzin	110	150	Jan 2009	May 2015	2025-06-01	31602
Seat	Ibiza iv sc	1.4 TSI Cupra	Schrägheck	Frontantrieb	Benzin	132	180	Jun 2009	May 2015	2025-06-01	31603
Seat	Ibiza iv sc	1.6 TDI	Schrägheck	Frontantrieb	Diesel	66	90	May 2009	May 2015	2025-06-01	31604
VW	Golf plus v	1.6 TDI	Schrägheck	Frontantrieb	Diesel	77	105	Mar 2009	Dec 2013	2024-03-01	31605
VW	Polo	1.6 TDI	Schrägheck	Frontantrieb	Diesel	66	90	Jun 2009	May 2014	2024-03-01	31606
VW	Polo	1.6 TDI	Schrägheck	Frontantrieb	Diesel	77	105	Jun 2009	Aug 2015	2024-03-01	31607
Fiat	Ducato	140 Natural Power	Bus	Frontantrieb	CNG	100	136	Apr 2009	-	2024-03-01	31608
Fiat	Croma	1.9 D Multijet	Kombi	Frontantrieb	Diesel	85	115	Jun 2005	Dec 2011	2024-03-01	31616
Alfa Romeo	147	1.9 Jtdm 16V	Schrägheck	Frontantrieb	Diesel	125	170	Jun 2008	Mar 2010	2024-03-01	31643
Alfa Romeo	Gt	1.9 JTD	Coupe	Frontantrieb	Diesel	125	170	May 2008	Sep 2010	2024-03-01	31644
Alfa Romeo	Mito	1.4 Tjet	Schrägheck	Frontantrieb	Benzin	88	120	Aug 2008	Aug 2013	2024-03-01	31645
Alfa Romeo	Mito	1.3 Multijet	Schrägheck	Frontantrieb	Diesel	66	90	Aug 2008	Aug 2010	2024-03-01	31646
Hummer	Hummer h2	6.0 AWD	Geländewagen geschlossen	Allrad	Benzin	242	329	Oct 2004	Dec 2009	2024-03-01	31649
Subaru	Impreza	2.5 AWD	Stufenheck	Allrad	Benzin	169	230	Oct 2008	-	2024-03-01	31653
Mazda	Cx-7	2.3 Disi	SUV	Frontantrieb	Benzin	177	241	Jun 2006	Jun 2009	2024-03-01	31654
Porsche	911	3.6 Carrera	Coupe	Heckantrieb	Benzin	235	320	Aug 2004	Jul 2005	2024-03-01	31660
Porsche	911	3.6 Carrera	Cabriolet	Heckantrieb	Benzin	235	320	Apr 2005	Jul 2005	2024-03-01	31661
Volvo	V70 i	2.3	Kombi	Frontantrieb	Benzin	177	241	Nov 1996	Nov 2000	2024-03-01	31666
Bentley	Arnage	6.8 V8 T	Stufenheck	Heckantrieb	Benzin	373	507	Feb 2002	Oct 2009	2024-03-01	31669
BMW	1	116 I	Schrägheck	Heckantrieb	Benzin	90	122	Nov 2008	Dec 2011	2024-03-01	31671
BMW	1	116 D	Schrägheck	Heckantrieb	Diesel	85	116	Nov 2008	Dec 2011	2024-03-01	31672
BMW	1	130 I	Schrägheck	Heckantrieb	Benzin	190	258	Sep 2006	Dec 2011	2024-03-01	31673
Renault	Megane iii	1.6 16V Bifuel	Coupe	Frontantrieb	Benzin/Autogas (LPG)	81	110	Nov 2008	Aug 2015	2024-03-01	31692
Renault	Megane iii	1.6 16V Hi-flex	Schrägheck	Frontantrieb	Benzin/Ethanol	81	110	Nov 2008	Aug 2015	2024-03-01	31693
Renault	Megane iii grandtour	1.6 Bifuel	Kombi	Frontantrieb	Benzin/Autogas (LPG)	81	110	Nov 2008	Aug 2015	2024-03-01	31695
Seat	Leon	1.6 LPG	Schrägheck	Frontantrieb	Benzin/Autogas (LPG)	75	102	Dec 2009	Dec 2012	2024-03-01	31708
Lexus	Is c	250	Cabriolet	Heckantrieb	Benzin	153	208	Apr 2009	Jun 2015	2024-03-01	31715
Renault	Megane iii	2.0 DCI	Coupe	Frontantrieb	Diesel	110	150	Apr 2009	Aug 2015	2024-03-01	31717
Renault	Clio iii grandtour	1.6 16V	Kombi	Frontantrieb	Benzin	94	128	Nov 2007	Dec 2012	2026-05-01	31718
Renault	Fluence	1.6 16V	Stufenheck	Frontantrieb	Benzin	81	110	Feb 2010	-	2024-03-01	31722
Renault	Fluence	2.0 16V	Stufenheck	Frontantrieb	Benzin	103	140	Feb 2010	-	2024-03-01	31723
Renault	Fluence	1.5 DCI	Stufenheck	Frontantrieb	Diesel	66	90	Feb 2010	-	2024-03-01	31724
Renault	Fluence	1.5 DCI	Stufenheck	Frontantrieb	Diesel	81	110	Feb 2010	-	2024-03-01	31725
Peugeot	407	2.0 HDI	Coupe	Frontantrieb	Diesel	120	163	Jun 2009	-	2024-03-01	31727
Peugeot	407	3.0 HDI	Coupe	Frontantrieb	Diesel	177	241	Jun 2009	-	2024-03-01	31728
Peugeot	5008	1.6 16V	Großraumlimousine	Frontantrieb	Benzin	88	120	Sep 2009	Mar 2017	2024-03-01	31733
Peugeot	5008	1.6 16V	Großraumlimousine	Frontantrieb	Benzin	115	156	Sep 2009	Mar 2017	2024-03-01	31734
Peugeot	5008	1.6 HDI	Großraumlimousine	Frontantrieb	Diesel	80	110	Sep 2009	Mar 2017	2024-03-01	31737
Peugeot	5008	2.0 HDI 150 / Bluehdi 150	Großraumlimousine	Frontantrieb	Diesel	110	150	Jun 2009	Mar 2017	2024-03-01	31739
Peugeot	5008	2.0 HDI	Großraumlimousine	Frontantrieb	Diesel	120	163	Sep 2009	Mar 2017	2024-03-01	31740
Citroën	C3 picasso	1.6 HDI	Großraumlimousine	Frontantrieb	Diesel	66	90	Feb 2009	Mar 2015	2024-08-01	31742
Citroën	C4 picasso i	2.0 HDI 150	Großraumlimousine	Frontantrieb	Diesel	110	150	Jul 2009	Aug 2013	2024-03-01	31743
Citroën	C4 grand picasso i	2.0 HDI 150	Großraumlimousine	Frontantrieb	Diesel	110	150	Jul 2009	Aug 2013	2024-03-01	31745
Ford Australia	Mustang	4	Coupe	Heckantrieb	Benzin	157	214	Sep 2004	Jul 2014	2024-03-01	31819
Ford Australia	Mustang	4.6 V8	Coupe	Heckantrieb	Benzin	224	305	Sep 2004	Jul 2014	2024-03-01	31820
Audi	Q5	2.0 Tfsi Quattro	SUV	Allrad	Benzin	132	180	Aug 2009	May 2017	2024-03-01	31955
Audi	Q5	2.0 TDI Quattro	SUV	Allrad	Diesel	105	143	Aug 2009	May 2013	2024-03-01	31956
Audi	Q5	2.0 TDI Quattro	SUV	Allrad	Diesel	100	136	Aug 2009	May 2017	2024-03-01	31957
Cadillac	Cts	6.2	Stufenheck	Heckantrieb	Benzin	415	564	Jan 2009	-	2024-03-01	31958
Audi	Q5	2.0 TDI Quattro	SUV	Allrad	Diesel	120	163	Nov 2008	May 2017	2024-03-01	31959
BMW	X5	M	SUV	Allrad	Benzin	408	555	Jul 2009	Jul 2013	2024-03-01	31960
BMW	X6	M	SUV	Allrad	Benzin	408	555	Jul 2009	Jul 2014	2024-03-01	31961
Audi	Q5	3.0 TDI Quattro	SUV	Allrad	Diesel	155	211	Nov 2008	Sep 2012	2024-03-01	31962
Volvo	S70	2.3	Stufenheck	Frontantrieb	Benzin	177	241	Nov 1996	Nov 2000	2024-03-01	31963
Skoda	Superb ii	2.0 TDI 16V	Schrägheck	Frontantrieb	Diesel	103	140	Jan 2009	May 2015	2024-03-01	31965
Opel	Corsa d	1.2 LPG	Schrägheck	Frontantrieb	Benzin/Autogas (LPG)	59	80	Aug 2006	Aug 2014	2024-03-01	31968
Opel	Corsa d	1.4	Schrägheck	Frontantrieb	Benzin	64	87	Sep 2009	Aug 2014	2024-03-01	31969
VW	Passat cc b6	2.0 Bluetdi	Coupe	Frontantrieb	Diesel	105	143	May 2009	Nov 2010	2024-03-01	31972
VW	Passat cc b6	2.0 TDI 4motion	Coupe	Allrad	Diesel	103	140	Aug 2009	Jan 2012	2024-03-01	31974
VW	Golf vi	2.0 TDI 4motion	Schrägheck	Allrad	Diesel	103	140	May 2009	Nov 2012	2024-03-01	31992
Citroën	C2	1.4	Schrägheck	Frontantrieb	Benzin	55	75	Oct 2006	Dec 2009	2024-03-01	31995
Renault	Trafic ii	2.5 DCI	Kasten	Frontantrieb	Diesel	84	114	Aug 2007	-	2024-03-01	31996
Citroën	C5	2.0 HDI 140	Stufenheck	Frontantrieb	Diesel	103	140	Nov 2008	Jun 2015	2024-07-01	31997
Citroën	C5	2.0 HDI 140	Kombi	Frontantrieb	Diesel	103	140	Apr 2009	Jun 2015	2024-07-01	31998
Citroën	C5	3.0 HDI 240	Stufenheck	Frontantrieb	Diesel	177	241	Apr 2009	Oct 2014	2024-07-01	31999
Citroën	C5	3.0 HDI 240	Kombi	Frontantrieb	Diesel	177	241	Apr 2009	Oct 2014	2024-07-01	32000
Hyundai	ii	2.7 V6	Coupe	Frontantrieb	Benzin	121	165	Jan 2001	Aug 2009	2024-03-01	32001
Opel	Astra h gtc	1.7 Cdti	Schrägheck	Frontantrieb	Diesel	59	80	Mar 2005	Oct 2010	2024-03-01	32003
Opel	Corsa b caravan	1.4 I 16V	Kombi	Frontantrieb	Benzin	66	90	Jan 1999	Dec 2002	2024-03-01	32004
Opel	Corsa b caravan	1.7 D	Kombi	Frontantrieb	Diesel	44	60	Jan 1999	Dec 2002	2024-03-01	32005
Mini	Mini	John Cooper Works	Schrägheck	Frontantrieb	Benzin	155	211	Nov 2007	Nov 2013	2024-03-01	32009
Mini	Mini	John Cooper Works	Cabriolet	Frontantrieb	Benzin	155	211	Aug 2008	May 2015	2024-03-01	32010
Mini	Mini	John Cooper Works	Kombi	Frontantrieb	Benzin	155	211	Nov 2007	Jun 2014	2024-03-01	32012
Toyota	Urban cruiser	1.33	Schrägheck	Frontantrieb	Benzin	74	101	Apr 2009	Mar 2016	2024-03-01	32024
Toyota	Urban cruiser	1.4 D-4d	Schrägheck	Frontantrieb	Diesel	66	90	Jan 2009	Apr 2014	2024-03-01	32025
Toyota	Urban cruiser	1.4 D-4d 4WD	Schrägheck	Allrad	Diesel	66	90	Jan 2009	Apr 2014	2024-03-01	32026
Citroën	C3 ii	1.1 I	Schrägheck	Frontantrieb	Benzin	44	60	Sep 2009	Jan 2013	2024-03-01	32027
Citroën	C3 ii	1.4	Schrägheck	Frontantrieb	Benzin	54	73	Nov 2009	Sep 2016	2024-03-01	32028
Citroën	C3 ii	1.4 VTI 95	Schrägheck	Frontantrieb	Benzin	70	95	Nov 2009	Sep 2016	2024-07-01	32029
Citroën	C3 ii	1.6 VTI 120	Schrägheck	Frontantrieb	Benzin	88	120	Nov 2009	Sep 2016	2024-07-01	32030
Citroën	C3 ii	1.6 HDI	Schrägheck	Frontantrieb	Diesel	68	92	Nov 2009	Sep 2016	2024-03-01	32031
Citroën	C3 ii	1.6 HDI 110	Schrägheck	Frontantrieb	Diesel	82	112	Nov 2009	Sep 2016	2024-07-01	32032
Citroën	Ds3	1.4 VTI 95	Schrägheck	Frontantrieb	Benzin	70	95	Apr 2010	Jul 2015	2024-03-01	32033
Citroën	Ds3	1.6 VTI 120	Schrägheck	Frontantrieb	Benzin	88	120	Apr 2010	Jul 2015	2024-03-01	32034
Citroën	Ds3	1.6 THP 155	Schrägheck	Frontantrieb	Benzin	115	156	Apr 2010	Jul 2015	2024-03-01	32035
Citroën	Ds3	1.6 HDI 90	Schrägheck	Frontantrieb	Diesel	68	92	Nov 2009	Jul 2015	2024-03-01	32036
Citroën	Ds3	1.6 HDI 110	Schrägheck	Frontantrieb	Diesel	82	112	Nov 2009	Jul 2015	2024-03-01	32037
Peugeot	Rcz	1.6 16V	Coupe	Frontantrieb	Benzin	115	156	Mar 2010	Dec 2015	2024-03-01	32038
Peugeot	Rcz	1.6 16V	Coupe	Frontantrieb	Benzin	147	200	Jun 2010	Dec 2015	2024-03-01	32039
Peugeot	Rcz	2.0 HDI	Coupe	Frontantrieb	Diesel	120	163	Mar 2010	Dec 2015	2024-03-01	32040
KIA	Venga	1.4 Cvvt	Schrägheck	Frontantrieb	Benzin	66	90	Feb 2010	Mar 2019	2024-05-01	32041
KIA	Venga	1.6 Cvvt	Schrägheck	Frontantrieb	Benzin	92	125	Feb 2010	Mar 2019	2024-05-01	32042
KIA	Venga	1.4 Crdi 90	Schrägheck	Frontantrieb	Diesel	66	90	Feb 2010	Mar 2019	2024-05-01	32043
KIA	Venga	1.6 Crdi 128	Schrägheck	Frontantrieb	Diesel	94	128	Feb 2010	Mar 2019	2024-05-01	32044
KIA	Sorento ii	2.4 Cvvt	SUV	Frontantrieb	Benzin	128	174	Nov 2009	Dec 2015	2024-03-01	32045
KIA	Sorento ii	2.4 Cvvt 4WD	SUV	Allrad	Benzin	128	174	Nov 2009	Dec 2015	2024-03-01	32046
KIA	Sorento ii	2.2 Crdi	SUV	Frontantrieb	Diesel	145	197	Nov 2009	Dec 2015	2024-03-01	32047
KIA	Sorento ii	2.2 Crdi 4WD	SUV	Allrad	Diesel	145	197	Nov 2009	Dec 2015	2024-03-01	32048
Land Rover	Discovery iv	3.0 TD 4X4	Geländewagen geschlossen	Allrad	Diesel	180	245	Sep 2009	Dec 2018	2024-03-01	32050
Land Rover	Range rover iii	5.0 4X4	Geländewagen geschlossen	Allrad	Benzin	375	510	Sep 2009	Aug 2012	2024-03-01	32051
Land Rover	Range rover sport i	5.0 4X4	SUV	Allrad	Benzin	375	510	Sep 2009	Mar 2013	2024-03-01	32052
Land Rover	Range rover sport i	3.0 D 4X4	SUV	Allrad	Diesel	180	245	Sep 2009	Mar 2013	2024-03-01	32053
Lada	Niva	1.7 LPG	Geländewagen geschlossen	Allrad	Benzin/Autogas (LPG)	57	78	Sep 2002	Dec 2015	2024-03-01	32054
Lada	Priora	1.6 LPG	Stufenheck	Frontantrieb	Benzin/Autogas (LPG)	71	96	Mar 2009	Sep 2016	2024-03-01	32055
Lada	Priora	1.6 LPG	Schrägheck	Frontantrieb	Benzin/Autogas (LPG)	71	96	Dec 2008	Dec 2013	2024-03-01	32056
Lada	Kalina	1.4 16V LPG	Kombi	Frontantrieb	Benzin/Autogas (LPG)	65	88	Nov 2008	Dec 2013	2024-03-01	32057
Lada	Kalina	1.4 16V LPG	Stufenheck	Frontantrieb	Benzin/Autogas (LPG)	65	88	Nov 2008	Dec 2013	2024-03-01	32058
Lada	Kalina	1.4 16V LPG	Schrägheck	Frontantrieb	Benzin/Autogas (LPG)	65	88	Nov 2008	Dec 2013	2024-03-01	32059
Audi	R8	5.2 FSI Quattro	Coupe	Allrad	Benzin	386	525	Apr 2009	Jul 2015	2024-03-01	32060
Audi	R8	5.2 FSI Quattro	Cabriolet	Allrad	Benzin	386	525	Feb 2010	Jul 2015	2024-03-01	32062
VW	Golf vi	2.0 TDI	Schrägheck	Frontantrieb	Diesel	100	136	Oct 2008	Nov 2012	2024-03-01	32063
Porsche	Panamera	4.8 S	Schrägheck	Heckantrieb	Benzin	294	400	Sep 2009	Jul 2013	2024-03-01	32064
Porsche	Panamera	4.8 4S	Schrägheck	Allrad	Benzin	294	400	Sep 2009	Jul 2013	2024-03-01	32065
Porsche	Panamera	4.8 Turbo	Schrägheck	Allrad	Benzin	368	500	Sep 2009	Jul 2013	2024-03-01	32066
Renault	7	1	Stufenheck	Frontantrieb	Benzin	37	50	Mar 1975	Dec 1982	2024-03-01	32067
Porsche	Boxster	2.9	Cabriolet	Heckantrieb	Benzin	188	255	Jun 2009	Mar 2012	2024-03-01	32068
Opel	Insignia a	2.8 V6 Turbo OPC 4X4	Schrägheck	Allrad	Benzin	239	325	Jul 2009	Mar 2017	2024-03-01	32069
Opel	Insignia a	2.8 V6 Turbo OPC 4X4	Stufenheck	Allrad	Benzin	239	325	Jul 2009	Mar 2017	2024-03-01	32070
Opel	Insignia a sports tourer	2.8 V6 Turbo OPC 4X4	Kombi	Allrad	Benzin	239	325	Jul 2009	Mar 2017	2024-03-01	32071
Suzuki	Sx4 / classic	1.6 VVT	Schrägheck	Frontantrieb	Benzin	88	120	Jul 2009	-	2024-03-01	32072
Suzuki	Sx4 / classic	1.6 VVT 4X4	Schrägheck	Allrad	Benzin	88	120	Jul 2009	-	2024-03-01	32073
Suzuki	Sx4 / classic	2.0 Ddis	Schrägheck	Frontantrieb	Diesel	99	135	Jul 2009	-	2024-03-01	32074
Porsche	Cayman	2.9	Coupe	Heckantrieb	Benzin	195	265	Feb 2009	Dec 2012	2024-03-01	32075
Suzuki	Sx4 / classic	2.0 Ddis 4X4	Schrägheck	Allrad	Diesel	99	135	Jul 2009	-	2024-03-01	32076
Porsche	Cayman	S 3.4	Coupe	Heckantrieb	Benzin	235	320	Feb 2009	Jun 2013	2024-03-01	32077
Land Rover	Defender station wagon	2.5 D 4X4	Geländewagen geschlossen	Allrad	Diesel	51	69	Sep 1990	Jul 1994	2024-03-01	32080
Land Rover	Defender cabrio	2.5 D 4X4	Geländewagen offen	Allrad	Diesel	51	69	Sep 1990	Jul 1994	2024-03-01	32081
Porsche	Cayenne	Turbo S 4.8	SUV	Allrad	Benzin	404	550	Aug 2008	Sep 2010	2024-03-01	32082
Porsche	Cayenne	Turbo S 4.8	SUV	Allrad	Benzin	397	540	Feb 2007	Sep 2010	2024-03-01	32084
Opel	Astra j	1.4	Schrägheck	Frontantrieb	Benzin	64	87	Dec 2009	Oct 2015	2024-03-01	32085
Opel	Astra j	1.4	Schrägheck	Frontantrieb	Benzin	74	100	Dec 2009	Oct 2015	2024-03-01	32086
Opel	Astra j	1.6	Schrägheck	Frontantrieb	Benzin	85	115	Dec 2009	Oct 2015	2024-03-01	32087
Opel	Astra j	1.4 Turbo	Schrägheck	Frontantrieb	Benzin	103	140	Dec 2009	Oct 2015	2024-03-01	32088
Opel	Astra j	1.6 Turbo	Schrägheck	Frontantrieb	Benzin	132	180	Dec 2009	Oct 2015	2024-03-01	32089
Opel	Astra j	1.3 Cdti	Schrägheck	Frontantrieb	Diesel	70	95	Dec 2009	Oct 2015	2024-03-01	32090
Opel	Astra j	1.7 Cdti	Schrägheck	Frontantrieb	Diesel	81	110	Sep 2009	Oct 2015	2024-03-01	32091
Opel	Astra j	1.7 Cdti	Schrägheck	Frontantrieb	Diesel	92	125	Dec 2009	Oct 2015	2024-03-01	32092
Opel	Astra j	2.0 Cdti	Schrägheck	Frontantrieb	Diesel	118	160	Sep 2009	Oct 2015	2024-03-01	32093
Dodge	Journey	3.5	Großraumlimousine	Frontantrieb	Benzin	173	235	Jun 2008	Dec 2010	2024-03-01	32097
Dodge	Journey	3.5 AWD	Großraumlimousine	Allrad	Benzin	173	235	Jun 2008	Dec 2010	2024-03-01	32098
Dodge	Journey	2.4 Eco+	Großraumlimousine	Frontantrieb	Benzin/Autogas (LPG)	125	170	Jun 2008	-	2024-03-01	32101
BMW	7	750 I, LI Xdrive	Stufenheck	Allrad	Benzin	300	408	Sep 2009	Jun 2012	2024-03-01	32103
BMW	7	760 I, LI	Stufenheck	Heckantrieb	Benzin	400	544	Sep 2009	Dec 2015	2024-03-01	32104
BMW	7	740 D	Stufenheck	Heckantrieb	Diesel	225	306	Sep 2009	Jun 2012	2024-03-01	32105
BMW	5	535 I	Schrägheck	Heckantrieb	Benzin	225	306	Jan 2009	Feb 2017	2024-03-01	32106
BMW	5	550 I	Schrägheck	Heckantrieb	Benzin	300	408	Aug 2009	Jun 2012	2024-03-01	32107
BMW	5	530 D	Schrägheck	Heckantrieb	Diesel	180	245	Aug 2009	Jun 2012	2024-03-01	32108
Alpina	B7	Biturbo	Stufenheck	Heckantrieb	Benzin	373	507	Mar 2009	Jun 2012	2024-03-01	32109
Mazda	Cx-7	2.3 MZR Disi Turbo AWD	SUV	Allrad	Benzin	191	260	Jun 2009	Mar 2013	2024-03-01	32110
Mazda	Cx-7	2.2 Mzr-cd AWD	SUV	Allrad	Diesel	127	173	Jul 2009	Mar 2013	2024-03-01	32111
BMW	X1	Xdrive 28 I	SUV	Allrad	Benzin	190	258	Sep 2009	Aug 2011	2024-03-01	32112
BMW	X1	Sdrive 18 D	SUV	Heckantrieb	Diesel	105	143	Dec 2009	Jun 2015	2024-03-01	32113
BMW	X1	Xdrive 18 D	SUV	Allrad	Diesel	105	143	Oct 2009	Jun 2015	2024-03-01	32114
BMW	X1	Xdrive 20 D	SUV	Allrad	Diesel	130	177	Sep 2009	Jun 2012	2024-03-01	32115
BMW	X1	Sdrive 20 D	SUV	Heckantrieb	Diesel	130	177	Oct 2009	Jun 2015	2024-03-01	32116
BMW	X1	Xdrive 23 D	SUV	Allrad	Diesel	150	204	Oct 2009	Jun 2015	2024-03-01	32117
Volvo	Xc60 i	D5 AWD	SUV	Allrad	Diesel	151	205	Jul 2009	Jun 2011	2024-03-01	32118
Volvo	Xc60 i	2.4 D	SUV	Frontantrieb	Diesel	129	175	Apr 2009	Dec 2010	2024-03-01	32119
Volvo	Xc60 i	3.2 AWD	SUV	Allrad	Benzin	175	238	Jul 2009	Dec 2010	2024-03-01	32120
Subaru	Outback	2.0 D AWD	Kombi	Allrad	Diesel	110	150	Sep 2009	-	2024-03-01	32121
Subaru	Outback	2.5 I AWD	Kombi	Allrad	Benzin	123	167	Sep 2009	-	2024-03-01	32122
Subaru	Outback	3.6 R AWD	Kombi	Allrad	Benzin	191	260	Sep 2009	-	2024-03-01	32123
Subaru	Legacy v	2.0 I AWD	Stufenheck	Allrad	Benzin	110	150	Sep 2009	Dec 2014	2024-03-01	32124
Subaru	Legacy v	2.5 I AWD	Stufenheck	Allrad	Benzin	123	167	Sep 2009	Dec 2014	2024-03-01	32125
Subaru	Legacy v	2.0 D AWD	Stufenheck	Allrad	Diesel	110	150	Sep 2009	Dec 2014	2024-03-01	32126
Subaru	Legacy v station wagon	2.0 D AWD	Kombi	Allrad	Diesel	110	150	Sep 2009	Dec 2014	2024-03-01	32127
Subaru	Legacy v station wagon	2.0 I AWD	Kombi	Allrad	Benzin	110	150	Sep 2009	Dec 2014	2024-03-01	32128
Subaru	Legacy v station wagon	2.5 I AWD	Kombi	Allrad	Benzin	123	167	Sep 2009	Dec 2014	2024-03-01	32129
Tesla	Roadster	Electric	Cabriolet	Heckantrieb	Elektro	185	252	Mar 2008	-	2024-03-01	32131
Dodge	Avenger	2.4	Stufenheck	Frontantrieb	Benzin	125	170	Jun 2007	Dec 2014	2024-03-01	32139
Dodge	Avenger	2.4	Stufenheck	Frontantrieb	Benzin	129	175	Jun 2007	Dec 2014	2024-03-01	32140
Dodge	Nitro	3.7 V6 4WD	SUV	Allrad	Benzin	151	205	Jun 2007	Dec 2012	2024-03-01	32141
VW	Scirocco	2.0 TSI	Coupe	Frontantrieb	Benzin	155	210	Nov 2009	Nov 2017	2024-03-01	32159
VW	Eos	2.0 TSI	Cabriolet	Frontantrieb	Benzin	155	210	Nov 2009	Aug 2015	2024-03-01	32160
Mercedes-benz	E-Klasse	E 200 CDI / Bluetec	Stufenheck	Heckantrieb	Diesel	100	136	Jan 2009	Dec 2015	2024-03-01	32161
Mercedes-benz	E-Klasse	E 200 CGI	Stufenheck	Heckantrieb	Benzin	135	184	Aug 2009	Dec 2015	2024-03-01	32162
Mercedes-benz	Gl-Klasse	GL 350 CDI 4-matic	SUV	Allrad	Diesel	165	224	May 2009	Aug 2012	2024-03-01	32163
Mercedes-benz	Gl-Klasse	GL 450 CDI 4-matic	SUV	Allrad	Diesel	225	306	May 2009	Aug 2012	2024-03-01	32164
Mercedes-benz	M-Klasse	ML 300 CDI 4-matic	SUV	Allrad	Diesel	140	190	Jul 2009	Dec 2011	2024-03-01	32165
Mercedes-benz	M-Klasse	ML 350 CDI 4-matic	SUV	Allrad	Diesel	165	224	Jul 2009	Dec 2011	2024-03-01	32166
Mercedes-benz	M-Klasse	ML 350 CDI 4-matic	SUV	Allrad	Diesel	155	211	Sep 2009	Dec 2011	2024-03-01	32167
Mercedes-benz	M-Klasse	ML 450 CDI 4-matic	SUV	Allrad	Diesel	225	306	Sep 2009	Dec 2011	2024-03-01	32168
BMW	1	118 D	Schrägheck	Heckantrieb	Diesel	100	136	Sep 2006	Dec 2011	2024-03-01	32172
BMW	1	120 I	Schrägheck	Heckantrieb	Benzin	120	163	Mar 2007	Dec 2011	2024-03-01	32173
BMW	1	120 I	Cabriolet	Heckantrieb	Benzin	120	163	Mar 2008	Dec 2013	2024-03-01	32174
BMW	1	120 D	Cabriolet	Heckantrieb	Diesel	120	163	Mar 2008	Dec 2013	2024-03-01	32175
BMW	1	118 D	Cabriolet	Heckantrieb	Diesel	100	136	Sep 2008	Dec 2013	2024-03-01	32176
BMW	1	120 D	Coupe	Heckantrieb	Diesel	120	163	Sep 2007	Oct 2013	2024-03-01	32177
Lexus	Rx	350 AWD	SUV	Allrad	Benzin	204	277	Dec 2008	Aug 2015	2024-03-01	32194
Fiat	Punto	1.2	Schrägheck	Frontantrieb	Benzin	48	65	Oct 2009	Feb 2012	2024-03-01	32247
Fiat	Punto	1.4	Schrägheck	Frontantrieb	Benzin	57	77	Oct 2009	Feb 2012	2024-03-01	32248
Fiat	Punto	1.4 16V	Schrägheck	Frontantrieb	Benzin	77	105	Oct 2009	Feb 2012	2024-03-01	32249
Fiat	Punto	1.4 16V	Schrägheck	Frontantrieb	Benzin	99	135	Oct 2009	Feb 2012	2024-03-01	32250
Fiat	Punto	1.3 D Multijet	Schrägheck	Frontantrieb	Diesel	55	75	Oct 2009	Feb 2012	2024-03-01	32251
Fiat	Punto	1.3 D Multijet	Schrägheck	Frontantrieb	Diesel	70	95	Oct 2009	Feb 2012	2024-03-01	32252
Fiat	Punto	1.6 D Multijet	Schrägheck	Frontantrieb	Diesel	88	120	Oct 2009	Feb 2012	2024-03-01	32253
VW	Multivan t5	2.0 TDI	Bus	Frontantrieb	Diesel	62	84	Sep 2009	Aug 2015	2024-03-01	32254
VW	Transporter t5	2.0 TDI	Bus	Frontantrieb	Diesel	62	84	Sep 2009	Aug 2015	2024-03-01	32255
VW	Transporter t5	2.0 TDI	Kasten	Frontantrieb	Diesel	62	84	Sep 2009	Aug 2015	2024-03-01	32256
VW	Transporter t5	2.0 TDI	Pritsche/Fahrgestell	Frontantrieb	Diesel	62	84	Sep 2009	Aug 2015	2024-03-01	32257
VW	Transporter t5	2.0 TDI	Pritsche/Fahrgestell	Frontantrieb	Diesel	75	102	Sep 2009	Aug 2015	2024-03-01	32258
VW	Transporter t5	2.0 TDI	Kasten	Frontantrieb	Diesel	75	102	Sep 2009	Aug 2015	2024-03-01	32259
VW	Transporter t5	2.0 TDI	Bus	Frontantrieb	Diesel	75	102	Sep 2009	Aug 2015	2024-03-01	32260
VW	Multivan t5	2.0 TDI	Bus	Frontantrieb	Diesel	75	102	Sep 2009	Aug 2015	2024-03-01	32261
VW	Multivan t5	2.0 TDI	Bus	Frontantrieb	Diesel	103	140	Sep 2009	Aug 2015	2024-03-01	32262
VW	Transporter t5	2.0 TDI	Pritsche/Fahrgestell	Frontantrieb	Diesel	103	140	Sep 2009	Aug 2015	2024-03-01	32263
VW	Transporter t5	2.0 TDI	Kasten	Frontantrieb	Diesel	103	140	Sep 2009	Aug 2015	2024-03-01	32264
VW	Transporter t5	2.0 TDI	Bus	Frontantrieb	Diesel	103	140	Sep 2009	Aug 2015	2024-03-01	32265
VW	Transporter t5	2.0 TDI 4motion	Bus	Allrad	Diesel	103	140	Sep 2009	Aug 2015	2024-03-01	32266
VW	Transporter t5	2.0 TDI 4motion	Kasten	Allrad	Diesel	103	140	Sep 2009	Aug 2015	2024-03-01	32267
VW	Transporter t5	2.0 TDI 4motion	Pritsche/Fahrgestell	Allrad	Diesel	103	140	Sep 2009	Aug 2015	2024-03-01	32268
VW	Multivan t5	2.0 TDI 4motion	Bus	Allrad	Diesel	103	140	Sep 2009	Aug 2015	2024-03-01	32269
VW	Multivan t5	2.0 Bitdi	Bus	Frontantrieb	Diesel	132	180	Sep 2009	Aug 2015	2024-03-01	32270
VW	Multivan t5	2.0 Bitdi 4motion	Bus	Allrad	Diesel	132	180	Sep 2009	Aug 2015	2024-03-01	32271
VW	Transporter t5	2.0 Bitdi	Pritsche/Fahrgestell	Frontantrieb	Diesel	132	180	Sep 2009	Aug 2015	2024-03-01	32272
VW	Transporter t5	2.0 Bitdi	Kasten	Frontantrieb	Diesel	132	180	Sep 2009	Aug 2015	2024-03-01	32273
VW	Transporter t5	2.0 Bitdi	Bus	Frontantrieb	Diesel	132	180	Sep 2009	Aug 2015	2024-03-01	32274
VW	Transporter t5	2.0 Bitdi 4motion	Pritsche/Fahrgestell	Allrad	Diesel	132	180	Sep 2009	Aug 2015	2024-03-01	32275
VW	Transporter t5	2.0 Bitdi 4motion	Kasten	Allrad	Diesel	132	180	Sep 2009	Aug 2015	2024-03-01	32276
VW	Transporter t5	2.0 Bitdi 4motion	Bus	Allrad	Diesel	132	180	Sep 2009	Aug 2015	2024-03-01	32277
Chevrolet	Aveo / kalos	1.4	Stufenheck	Frontantrieb	Benzin	61	83	Mar 2005	-	2024-03-01	32290
Nissan	Bluebird	2.4 I	Stufenheck	Frontantrieb	Benzin	112	152	Jun 1992	May 1997	2024-03-01	32312
Peugeot	405 ii	1.6	Stufenheck	Frontantrieb	Benzin	68	92	Aug 1992	Aug 1994	2024-03-01	32345
Volvo	V40	T4	Schrägheck	Frontantrieb	Benzin	132	180	Jul 2013	Dec 2015	2024-03-01	32346
Volvo	V40 cross country	T5 AWD	Schrägheck	Allrad	Benzin	157	214	Mar 2013	Dec 2015	2024-03-01	32357
Daihatsu	Move	1.0 I	Großraumlimousine	Frontantrieb	Benzin	40	54	Oct 1998	Dec 2000	2024-03-01	32359
Ford	Mondeo iv	1.8 Tdci	Schrägheck	Frontantrieb	Diesel	92	125	Jun 2007	Jan 2015	2024-03-01	32387
Ford	Mondeo iv	1.8 Tdci	Stufenheck	Frontantrieb	Diesel	92	125	Jun 2007	Jan 2015	2024-03-01	32388
Ford	Mondeo iv turnier	1.8 Tdci	Kombi	Frontantrieb	Diesel	92	125	Jun 2007	Dec 2012	2024-03-01	32389
Alfa Romeo	Mito	1.6 Jtdm	Schrägheck	Frontantrieb	Diesel	85	115	Aug 2008	Aug 2015	2024-03-01	32396
Alfa Romeo	Mito	1.4 Tjet	Schrägheck	Frontantrieb	Benzin	110	150	Sep 2008	Jun 2011	2024-03-01	32398
Zastava	10	1.2 60	Schrägheck	Frontantrieb	Benzin	44	60	Oct 2005	-	2024-03-01	32406
VW	Golf vi variant	2.0 TDI	Kombi	Frontantrieb	Diesel	103	140	Jul 2009	Jul 2013	2024-03-01	32585
VW	Golf vi variant	1.6	Kombi	Frontantrieb	Benzin	75	102	Jul 2009	Jul 2013	2024-03-01	32586
VW	Golf vi variant	1.4	Kombi	Frontantrieb	Benzin	59	80	Jul 2009	Jul 2013	2024-03-01	32589
VW	Golf vi variant	1.4 TSI	Kombi	Frontantrieb	Benzin	90	122	Jul 2009	Jul 2013	2024-03-01	32601
VW	Golf vi variant	1.4 TSI	Kombi	Frontantrieb	Benzin	118	160	Jul 2009	Jul 2013	2024-03-01	32606
VW	Golf vi variant	1.6 TDI	Kombi	Frontantrieb	Diesel	77	105	Jul 2009	Jul 2013	2024-03-01	32609
VW	Golf vi variant	1.6 TDI 4motion	Kombi	Allrad	Diesel	77	105	Jul 2009	Jul 2013	2024-03-01	32612
VW	Golf vi variant	1.2 TSI	Kombi	Frontantrieb	Benzin	77	105	Jul 2009	Jul 2013	2024-03-01	32621
VW	Golf vi	1.2 TSI	Schrägheck	Frontantrieb	Benzin	77	105	Nov 2008	Nov 2012	2024-03-01	32625
VW	Golf vi	2.0 R 4motion	Schrägheck	Allrad	Benzin	199	270	Nov 2009	Nov 2012	2024-03-01	32626
VW	Jetta iii	1.6 TDI	Stufenheck	Frontantrieb	Diesel	77	105	Jun 2009	Oct 2010	2024-03-01	32629
VW	Golf plus v	1.2 TSI	Schrägheck	Frontantrieb	Benzin	77	105	Nov 2009	Dec 2013	2024-03-01	32630
VW	Scirocco	2.0 R	Coupe	Frontantrieb	Benzin	195	265	Nov 2009	Nov 2017	2024-03-01	32631
BMW	1	120 I	Coupe	Heckantrieb	Benzin	125	170	Oct 2007	Oct 2013	2024-03-01	32675
BMW	1	118 D	Coupe	Heckantrieb	Diesel	105	143	Sep 2009	Oct 2013	2024-03-01	32676
Mercedes-benz	C-Klasse	C 350 CDI	Stufenheck	Heckantrieb	Diesel	170	231	Oct 2009	Jan 2014	2024-03-01	32677
Mercedes-benz	C-Klasse	C 350 CDI 4-matic	Stufenheck	Allrad	Diesel	170	231	Oct 2009	Jan 2014	2024-03-01	32678
Mercedes-benz	C-Klasse	C 350 CDI	Kombi	Heckantrieb	Diesel	170	231	Oct 2009	Aug 2014	2024-03-01	32679
Mercedes-benz	C-Klasse	C 350 CDI 4-matic	Kombi	Allrad	Diesel	170	231	Oct 2009	Aug 2014	2024-03-01	32681
Renault	Scénic ii	1.9 DCI	Großraumlimousine	Frontantrieb	Diesel	92	125	Jun 2003	Nov 2008	2024-03-01	32682
Mercedes-benz	E-Klasse	E 63 AMG	Kombi	Heckantrieb	Benzin	386	525	Aug 2009	Dec 2011	2024-03-01	32683
Ford	Mondeo iv	2.0 Flexifuel	Stufenheck	Frontantrieb	Benzin/Ethanol	107	145	Mar 2009	Jan 2015	2024-03-01	32685
Renault	Megane ii	1.9 DCI	Schrägheck	Frontantrieb	Diesel	85	115	Nov 2002	Feb 2008	2024-03-01	32686
Renault	Megane ii coupé-	1.9 DCI	Cabriolet	Frontantrieb	Diesel	85	115	Sep 2003	Mar 2009	2024-03-01	32687
Audi	A3	2.0 TDI	Schrägheck	Frontantrieb	Diesel	120	163	Jun 2006	Jun 2008	2024-03-01	32688
Audi	A3	2.0 TDI	Schrägheck	Frontantrieb	Diesel	120	163	Jun 2006	Jun 2008	2024-03-01	32689
Audi	A3	2.0 TDI	Cabriolet	Frontantrieb	Diesel	100	136	Apr 2008	May 2013	2024-03-01	32690
Chevrolet	Nubira	1.8	Stufenheck	Frontantrieb	Benzin	89	121	Jan 2006	Sep 2007	2024-03-01	32691
Fiat	Brava	1.6 16V	Schrägheck	Frontantrieb	Benzin	76	103	Jan 1999	Dec 2002	2024-03-01	32692
Ford	Galaxy ii	2.0 Flexifuel	Großraumlimousine	Frontantrieb	Benzin/Ethanol	107	145	May 2006	Jun 2015	2024-03-01	32693
Ford	Mondeo iv	1.6 TI	Stufenheck	Frontantrieb	Benzin	81	110	Mar 2007	Jan 2015	2024-03-01	32699
Ford	Mondeo iv	1.8 Tdci	Stufenheck	Frontantrieb	Diesel	74	100	Mar 2007	Jan 2015	2024-03-01	32701
Ford	S-Max	1.8 Tdci	Großraumlimousine	Frontantrieb	Diesel	74	100	Jan 2007	Dec 2010	2024-03-01	32705
Alfa Romeo	Mito	1.4 Turbo Multiair	Schrägheck	Frontantrieb	Benzin	99	135	Oct 2009	Dec 2014	2024-03-01	32741
Alfa Romeo	Mito	1.4 Multiair	Schrägheck	Frontantrieb	Benzin	125	170	Sep 2009	Oct 2018	2024-03-01	32742
Alfa Romeo	Mito	1.3 Multijet	Schrägheck	Frontantrieb	Diesel	70	95	Sep 2009	Oct 2018	2024-03-01	32743
Seat	Altea	1.6 TDI	Großraumlimousine	Frontantrieb	Diesel	77	105	Oct 2009	Jul 2015	2024-05-01	32744
Seat	Altea	1.6 TDI	Großraumlimousine	Frontantrieb	Diesel	77	105	Oct 2009	Jul 2015	2024-05-01	32745
Seat	Ibiza iv	1.6 TDI	Schrägheck	Frontantrieb	Diesel	77	105	May 2009	May 2015	2024-03-01	32746
Seat	Ibiza iv	2.0 TDI	Schrägheck	Frontantrieb	Diesel	105	143	Jan 2010	May 2015	2024-03-01	32747
Seat	Ibiza iv sc	1.6 TDI	Schrägheck	Frontantrieb	Diesel	77	105	May 2009	May 2015	2025-06-01	32748
Seat	Ibiza iv sc	2.0 TDI	Schrägheck	Frontantrieb	Diesel	105	143	Jan 2010	May 2015	2025-06-01	32749
Skoda	Yeti	1.2 TSI	SUV	Frontantrieb	Benzin	77	105	Sep 2009	May 2015	2024-03-01	32750
Skoda	Yeti	1.8 TSI 4X4	SUV	Allrad	Benzin	118	160	May 2009	Dec 2017	2024-03-01	32751
Skoda	Yeti	2.0 TDI	SUV	Frontantrieb	Diesel	81	110	Nov 2009	Dec 2017	2024-03-01	32752
Skoda	Yeti	2.0 TDI 4X4	SUV	Allrad	Diesel	81	110	Nov 2009	Dec 2017	2024-03-01	32753
Skoda	Yeti	2.0 TDI 4X4	SUV	Allrad	Diesel	103	140	May 2009	Dec 2017	2024-03-01	32754
Skoda	Yeti	2.0 TDI 4X4	SUV	Allrad	Diesel	125	170	Nov 2009	May 2015	2024-03-01	32755
Skoda	Superb ii	1.4 TSI	Kombi	Frontantrieb	Benzin	92	125	Oct 2009	May 2015	2024-03-01	32783
Skoda	Superb ii	1.8 TSI	Kombi	Frontantrieb	Benzin	118	160	Oct 2009	May 2015	2024-03-01	32784
Skoda	Superb ii	1.8 TSI 4X4	Kombi	Allrad	Benzin	118	160	Oct 2009	May 2015	2024-03-01	32785
Skoda	Superb ii	3.6 V6 4X4	Kombi	Allrad	Benzin	191	260	Oct 2009	May 2015	2024-03-01	32786
Skoda	Superb ii	2.0 TDI 16V	Kombi	Frontantrieb	Diesel	103	140	Oct 2009	May 2015	2024-03-01	32787
Skoda	Superb ii	2.0 TDI	Kombi	Frontantrieb	Diesel	125	170	Oct 2009	May 2015	2024-03-01	32788
Skoda	Superb ii	2.0 TDI 4X4	Kombi	Allrad	Diesel	125	170	Oct 2009	May 2015	2024-03-01	32789
VW	Passat b6	2.0 TDI 4motion	Stufenheck	Allrad	Diesel	125	170	May 2009	Jul 2010	2024-03-01	32791
VW	Passat b6 variant	2.0 TDI 4motion	Kombi	Allrad	Diesel	125	170	May 2009	Nov 2010	2024-03-01	32792
Citroën	C5	1.6 THP 155	Stufenheck	Frontantrieb	Benzin	115	156	Apr 2009	Jul 2016	2024-07-01	32793
Citroën	C5	2.0 HDI 165	Stufenheck	Frontantrieb	Diesel	120	163	Apr 2009	Jul 2016	2024-07-01	32794
Citroën	C5	1.6 THP 155	Kombi	Frontantrieb	Benzin	115	156	Apr 2009	Jul 2016	2024-07-01	32795
Citroën	C5	2.0 HDI 165	Kombi	Frontantrieb	Diesel	120	163	Apr 2009	Jul 2016	2024-07-01	32796
VW	Passat cc b6	2.0 TDI 4motion	Coupe	Allrad	Diesel	125	170	Nov 2009	Jan 2012	2024-03-01	32797
Mercedes-benz	C-Klasse	C 180 CGI	Stufenheck	Heckantrieb	Benzin	115	156	Jan 2007	Jan 2014	2024-03-01	32798
Mercedes-benz	C-Klasse	C 200 CGI	Stufenheck	Heckantrieb	Benzin	135	184	Jan 2007	Jan 2014	2024-03-01	32799
Citroën	C4 i	1.6 16V	Stufenheck	Frontantrieb	Benzin	80	109	Jul 2006	Jul 2011	2024-03-01	32800
Citroën	C4 i	2.0 16V	Stufenheck	Frontantrieb	Benzin	103	140	Jul 2006	Jul 2011	2024-03-01	32801
Citroën	C4 i	1.6 HDI	Stufenheck	Frontantrieb	Diesel	80	109	Jul 2006	Jul 2011	2024-03-01	32802
Nissan	Cube	1.6 16V	Schrägheck	Frontantrieb	Benzin	81	110	Aug 2009	-	2024-03-01	32803
Nissan	Cube	1.5 DCI	Schrägheck	Frontantrieb	Diesel	78	106	Oct 2009	-	2024-03-01	32804
Renault	Kangoo	1.5 DCI 90	Kasten/Großraumlimousine	Frontantrieb	Diesel	66	90	Jun 2009	-	2024-03-01	32805
Peugeot	308 cc	1.6 16V	Cabriolet	Frontantrieb	Benzin	115	156	Jun 2009	Dec 2014	2024-03-01	32806
Peugeot	308 cc	1.6 16V	Cabriolet	Frontantrieb	Benzin	103	140	Jun 2009	Dec 2014	2024-03-01	32807
Peugeot	308 cc	2.0 HDI	Cabriolet	Frontantrieb	Diesel	100	136	Apr 2009	Dec 2014	2024-03-01	32808
Peugeot	308 cc	2.0 HDI	Cabriolet	Frontantrieb	Diesel	120	163	Jun 2009	Dec 2014	2024-03-01	32809
Peugeot	308 sw i	1.4 16V	Kombi	Frontantrieb	Benzin	72	98	Dec 2009	Oct 2014	2024-03-01	32810
VW	Polo	1.2 TSI	Schrägheck	Frontantrieb	Benzin	77	105	Nov 2009	May 2022	2024-03-01	32813
Smart	Fortwo cabrio	0.8 CDI	Cabriolet	Heckantrieb	Diesel	40	54	Aug 2009	-	2024-03-01	32817
Peugeot	308 sw i	2.0 HDI	Kombi	Frontantrieb	Diesel	120	163	Jun 2009	Oct 2014	2024-03-01	32818
VW	Polo	1.2 TDI	Schrägheck	Frontantrieb	Diesel	55	75	Oct 2009	May 2014	2024-03-01	32819
Smart	Fortwo	0.8 CDI	Coupe	Heckantrieb	Diesel	40	54	Aug 2009	-	2024-03-01	32820
Peugeot	407	2.2 HDI	Kombi	Frontantrieb	Diesel	120	163	Jun 2008	Dec 2010	2024-03-01	32821
Peugeot	407	2.2 HDI	Stufenheck	Frontantrieb	Diesel	120	163	Mar 2006	Dec 2010	2024-03-01	32822
Fiat	Punto	1.3 D Multijet	Schrägheck	Frontantrieb	Diesel	66	90	Oct 2009	Feb 2012	2024-03-01	32824
Fiat	500	1.2	Cabriolet	Frontantrieb	Benzin	51	69	Sep 2009	-	2024-03-01	32825
Fiat	500	1.3 D Multijet	Cabriolet	Frontantrieb	Diesel	55	75	Sep 2009	-	2024-03-01	32826
Fiat	500	1.4	Cabriolet	Frontantrieb	Benzin	74	100	Jun 2009	-	2025-11-01	32827
Fiat	500	1.3 D Multijet	Cabriolet	Frontantrieb	Diesel	70	95	Sep 2009	-	2024-03-01	32828
Honda	City	1.3 I-V TEC	Stufenheck	Frontantrieb	Benzin	73	99	Sep 2008	Dec 2013	2025-12-01	32833
Mercedes-benz	Glk-Klasse	220 CDI	SUV	Heckantrieb	Diesel	125	170	Dec 2008	Jun 2015	2024-03-01	32834
Mercedes-benz	Glk-Klasse	220 CDI 4-matic	SUV	Allrad	Diesel	125	170	Dec 2008	Jun 2015	2024-03-01	32835
Mercedes-benz	Glk-Klasse	250 CDI 4-matic	SUV	Allrad	Diesel	150	204	Sep 2009	Jun 2015	2024-03-01	32836
Mercedes-benz	Glk-Klasse	300 4-matic	SUV	Allrad	Benzin	170	231	Jul 2009	Dec 2015	2024-03-01	32837
Citroën	Bx	16	Kombi	Frontantrieb	Benzin	68	92	Apr 1983	Jan 1992	2024-03-01	32843
Renault	Trafic	2.2	Pritsche/Fahrgestell	Frontantrieb	Benzin	70	95	May 1989	Jun 1994	2024-03-01	32845
Saab	9-5	1.9 TID	Kombi	Frontantrieb	Diesel	129	175	Jan 2007	Dec 2009	2024-03-01	32846
Volvo	S80 ii	2.5 T Flexfuel	Stufenheck	Frontantrieb	Benzin/Ethanol	170	231	Jan 2010	Dec 2011	2024-03-01	32849
Volvo	S80 ii	2.4 D	Stufenheck	Frontantrieb	Diesel	129	175	Jan 2010	Mar 2011	2024-03-01	32850
Volvo	S80 ii	D5	Stufenheck	Frontantrieb	Diesel	151	205	Jan 2010	Dec 2011	2024-03-01	32851
Volvo	S80 ii	D5 AWD	Stufenheck	Allrad	Diesel	151	205	Jan 2010	Dec 2011	2024-03-01	32852
Volvo	V70 iii	2.4 D	Kombi	Frontantrieb	Diesel	129	175	Apr 2009	Dec 2010	2024-03-01	32853
Volvo	V70 iii	2.5 T Flexifuel	Kombi	Frontantrieb	Benzin/Ethanol	170	231	Apr 2009	Dec 2011	2024-03-01	32854
Volvo	V70 iii	D5	Kombi	Frontantrieb	Diesel	151	205	Oct 2008	Dec 2011	2024-03-01	32855
Volvo	V70 iii	D5 AWD	Kombi	Allrad	Diesel	151	205	Dec 2009	Dec 2011	2024-03-01	32856
Volvo	Xc70 ii	D5 AWD	Kombi	Allrad	Diesel	151	205	Apr 2009	Dec 2011	2024-03-01	32857
Mercedes-benz	Sprinter 3-T	216	Pritsche/Fahrgestell	Heckantrieb	Benzin	115	156	Sep 2008	Dec 2018	2024-03-01	32860
Mercedes-benz	Sprinter 3-T	210 CDI	Pritsche/Fahrgestell	Heckantrieb	Diesel	70	95	Mar 2009	Dec 2016	2024-03-01	32861
Mercedes-benz	Sprinter 3-T	213 CDI	Pritsche/Fahrgestell	Heckantrieb	Diesel	95	129	Mar 2009	Dec 2016	2024-03-01	32862
Mercedes-benz	Sprinter 3-T	216 CDI	Pritsche/Fahrgestell	Heckantrieb	Diesel	120	163	Mar 2009	Dec 2018	2024-03-01	32863
Mercedes-benz	Sprinter 3-T	219 CDI / Bluetec	Pritsche/Fahrgestell	Heckantrieb	Diesel	140	190	Mar 2009	Dec 2018	2024-03-01	32864
Mercedes-benz	Sprinter 3-T	216	Kasten	Heckantrieb	Benzin	115	156	Sep 2008	Dec 2018	2024-03-01	32865
Mercedes-benz	Sprinter 3-T	216	Bus	Heckantrieb	Benzin	115	156	Mar 2009	Dec 2018	2024-03-01	32866
Mercedes-benz	Sprinter 3,5-T	316	Pritsche/Fahrgestell	Heckantrieb	Benzin	115	156	Sep 2008	Dec 2018	2024-03-01	32867
Mercedes-benz	Sprinter 3,5-T	316	Kasten	Heckantrieb	Benzin	115	156	Sep 2008	Dec 2018	2024-03-01	32868
Mercedes-benz	Sprinter 3,5-T	316	Bus	Heckantrieb	Benzin	115	156	Sep 2008	Dec 2018	2024-03-01	32869
Mercedes-benz	Sprinter 3-T	216 CDI	Kasten	Heckantrieb	Diesel	120	163	Mar 2009	Dec 2018	2024-03-01	32870
Mercedes-benz	Sprinter 3-T	219 CDI / Bluetec	Kasten	Heckantrieb	Diesel	140	190	Mar 2009	Dec 2018	2024-03-01	32871
Mercedes-benz	Sprinter 3,5-T	316 NGT	Pritsche/Fahrgestell	Heckantrieb	Benzin/Erdgas (CNG)	115	156	Sep 2008	Dec 2018	2024-03-01	32872
Mercedes-benz	Sprinter 5-T	516 NGT	Pritsche/Fahrgestell	Heckantrieb	Benzin/Erdgas (CNG)	115	156	Sep 2008	Dec 2018	2024-03-01	32875
Mercedes-benz	Sprinter 5-T	516	Pritsche/Fahrgestell	Heckantrieb	Benzin	115	156	Sep 2008	Dec 2018	2024-03-01	32876
Mercedes-benz	Sprinter 5-T	524	Pritsche/Fahrgestell	Heckantrieb	Benzin	190	258	Jun 2006	Dec 2016	2024-03-01	32877
Mercedes-benz	Sprinter 5-T	524	Kasten	Heckantrieb	Benzin	190	258	Jun 2006	Dec 2016	2024-03-01	32878
Mitsubishi	Fto	2	Coupe	Frontantrieb	Benzin	127	173	Sep 1994	Jul 2001	2024-03-01	32880
Mitsubishi	Fto	2	Coupe	Frontantrieb	Benzin	132	180	Aug 1997	Jul 2001	2024-03-01	32881
Mitsubishi	Fto	2	Coupe	Frontantrieb	Benzin	147	200	Sep 1994	Jul 2001	2024-03-01	32882
Mercedes-benz	Sprinter 5-T	519 CDI / Bluetec	Kasten	Heckantrieb	Diesel	140	190	Mar 2009	Dec 2018	2024-03-01	32883
Mercedes-benz	Sprinter 5-T	519 CDI / Bluetec	Pritsche/Fahrgestell	Heckantrieb	Diesel	140	190	Mar 2009	Dec 2018	2024-03-01	32884
Mercedes-benz	Sprinter 3,5-T	316 CDI	Kasten	Heckantrieb	Diesel	120	163	Mar 2009	Dec 2018	2024-03-01	32885
Mercedes-benz	Sprinter 3,5-T	316 CDI	Pritsche/Fahrgestell	Heckantrieb	Diesel	120	163	Mar 2009	Dec 2018	2024-03-01	32886
Mercedes-benz	Sprinter 3,5-T	319 CDI / Bluetec	Pritsche/Fahrgestell	Heckantrieb	Diesel	140	190	Mar 2009	Dec 2018	2024-03-01	32887
Mercedes-benz	Sprinter 3,5-T	319 CDI / Bluetec	Kasten	Heckantrieb	Diesel	140	190	Mar 2009	Dec 2018	2024-03-01	32888
Mercedes-benz	Sprinter 5-T	510 CDI	Pritsche/Fahrgestell	Heckantrieb	Diesel	70	95	Mar 2009	Dec 2016	2024-03-01	32889
Mercedes-benz	Sprinter 5-T	513 CDI	Pritsche/Fahrgestell	Heckantrieb	Diesel	95	129	Mar 2009	May 2016	2024-03-01	32890
Mercedes-benz	Sprinter 5-T	516 CDI	Pritsche/Fahrgestell	Heckantrieb	Diesel	120	163	Mar 2009	Dec 2018	2024-03-01	32892
Mercedes-benz	Sprinter 5-T	516 CDI	Kasten	Heckantrieb	Diesel	120	163	Mar 2009	Dec 2018	2024-03-01	32893
Mercedes-benz	Sprinter 5-T	513 CDI	Kasten	Heckantrieb	Diesel	95	129	Mar 2009	May 2016	2024-03-01	32894
Mercedes-benz	Sprinter 5-T	510 CDI	Kasten	Heckantrieb	Diesel	70	95	Mar 2009	Dec 2016	2024-03-01	32895
Mercedes-benz	Sprinter 4,6-T	424	Kasten	Heckantrieb	Benzin	190	258	Jun 2006	Dec 2016	2024-03-01	32896
Mercedes-benz	Sprinter 4,6-T	416 CDI	Kasten	Heckantrieb	Diesel	120	163	Mar 2009	Dec 2018	2024-03-01	32898
Mercedes-benz	Sprinter 4,6-T	419 CDI	Kasten	Heckantrieb	Diesel	140	190	Mar 2009	Dec 2018	2024-03-01	32899
Mercedes-benz	Sprinter 4,6-T	424	Pritsche/Fahrgestell	Heckantrieb	Benzin	190	258	Jun 2006	Dec 2016	2024-03-01	32900
Mercedes-benz	Sprinter 4,6-T	416 CDI	Pritsche/Fahrgestell	Heckantrieb	Diesel	120	163	Mar 2009	Dec 2018	2024-03-01	32902
Mercedes-benz	Sprinter 4,6-T	419 CDI	Pritsche/Fahrgestell	Heckantrieb	Diesel	140	190	Mar 2009	Dec 2018	2024-03-01	32903
Mercedes-benz	Sprinter 3,5-T	311 CDI 4X4	Pritsche/Fahrgestell	Allrad	Diesel	80	109	Feb 2008	Dec 2009	2024-03-01	32904
Mercedes-benz	Sprinter 3,5-T	311 CDI 4X4	Kasten	Allrad	Diesel	80	109	Feb 2008	Dec 2009	2024-03-01	32905
Mercedes-benz	Sprinter 3,5-T	311 CDI 4X4	Bus	Allrad	Diesel	80	109	Feb 2008	Dec 2009	2024-03-01	32906
Mercedes-benz	Sprinter 3,5-T	315 CDI 4X4	Bus	Allrad	Diesel	110	150	Feb 2008	Dec 2009	2024-03-01	32907
Mercedes-benz	Sprinter 3,5-T	315 CDI 4X4	Kasten	Allrad	Diesel	110	150	Feb 2008	Dec 2009	2024-03-01	32908
Mercedes-benz	Sprinter 3,5-T	315 CDI 4X4	Pritsche/Fahrgestell	Allrad	Diesel	110	150	Feb 2008	Dec 2009	2024-03-01	32909
Volvo	V70 iii	1.6 D	Kombi	Frontantrieb	Diesel	80	109	Jul 2009	Dec 2011	2024-03-01	32910
Mercedes-benz	Sprinter 3,5-T	318 CDI 4X4	Pritsche/Fahrgestell	Allrad	Diesel	135	184	Feb 2008	Dec 2009	2024-03-01	32911
Mercedes-benz	Sprinter 3,5-T	318 CDI 4X4	Kasten	Allrad	Diesel	135	184	Feb 2008	Dec 2009	2024-03-01	32912
Mercedes-benz	Sprinter 3,5-T	316 CDI 4X4	Pritsche/Fahrgestell	Allrad	Diesel	120	163	Mar 2009	Dec 2018	2024-03-01	32913
Mercedes-benz	Sprinter 3,5-T	316 CDI 4X4	Kasten	Allrad	Diesel	120	163	Mar 2009	Dec 2018	2024-03-01	32914
Mercedes-benz	Sprinter 3,5-T	318 CDI 4X4	Bus	Allrad	Diesel	135	184	Feb 2008	Dec 2009	2024-03-01	32915
Mercedes-benz	Sprinter 4,6-T	415 CDI	Pritsche/Fahrgestell	Heckantrieb	Diesel	110	150	Jun 2006	Dec 2009	2024-03-01	32916
Mercedes-benz	Sprinter 4,6-T	418 CDI	Pritsche/Fahrgestell	Heckantrieb	Diesel	135	184	Jun 2006	Dec 2009	2024-03-01	32917
Mazda	626 ii	2	Coupe	Frontantrieb	Benzin	81	110	Jan 1986	Oct 1987	2024-03-01	32918
Nissan	Cabstar	2.3 TD	Pritsche/Fahrgestell	Heckantrieb	Diesel	53	72	Jan 1982	Jun 1992	2024-03-01	32919
Dodge	Nitro	4.0 4WD	SUV	Allrad	Benzin	191	260	Sep 2006	Dec 2007	2024-03-01	32926
Mitsubishi	I	Miev	Schrägheck	Heckantrieb	Elektro	47	64	Jul 2009	May 2020	2024-03-01	32939
Mercedes-benz	E-Klasse	E 63 AMG	Stufenheck	Heckantrieb	Benzin	386	525	Dec 2009	Dec 2015	2024-03-01	32945
Mercedes-benz	E-Klasse	E 220 CDI / Bluetec / D	Cabriolet	Heckantrieb	Diesel	125	170	Jan 2010	Dec 2016	2024-03-01	32946
Mercedes-benz	E-Klasse	E 250 CDI / Bluetec / D	Cabriolet	Heckantrieb	Diesel	150	204	Jan 2010	Dec 2016	2024-03-01	32947
Mercedes-benz	E-Klasse	E 350 CDI	Cabriolet	Heckantrieb	Diesel	170	231	Jan 2010	Dec 2011	2024-03-01	32948
Mercedes-benz	E-Klasse	E 200 CGI	Cabriolet	Heckantrieb	Benzin	135	184	Jan 2010	Dec 2016	2024-03-01	32949
Mercedes-benz	E-Klasse	E 250 CGI	Cabriolet	Heckantrieb	Benzin	150	204	Jan 2010	Dec 2016	2024-03-01	32950
Mercedes-benz	E-Klasse	E 350 CGI	Cabriolet	Heckantrieb	Benzin	215	292	Jan 2010	Dec 2014	2024-03-01	32951
Mercedes-benz	E-Klasse	E 500	Cabriolet	Heckantrieb	Benzin	285	388	Jan 2010	Dec 2011	2024-03-01	32952
Renault	Fluence	1.5 DCI	Stufenheck	Frontantrieb	Diesel	63	86	Feb 2010	-	2024-03-01	32953
Renault	Fluence	1.5 DCI	Stufenheck	Frontantrieb	Diesel	78	106	Feb 2010	-	2024-03-01	32954
Mercedes-benz	E-Klasse	E 220 CDI / D	Coupe	Heckantrieb	Diesel	125	170	Jan 2010	Dec 2016	2024-03-01	32955
Mercedes-benz	E-Klasse	E 200 CGI	Coupe	Heckantrieb	Benzin	135	184	Jan 2010	Dec 2016	2024-03-01	32956
Citroën	C-Zero	C-zero	Schrägheck	Heckantrieb	Elektro	47	64	Oct 2010	-	2024-03-01	32966
Citroën	C4 picasso i	1.6 16V	Großraumlimousine	Frontantrieb	Benzin	110	150	Jul 2008	Aug 2013	2024-03-01	32969
Citroën	C6	3.0 HDI	Stufenheck	Frontantrieb	Diesel	177	241	Apr 2009	Dec 2012	2024-03-01	32970
Peugeot	206	1.4 HDI ECO 70	Stufenheck	Frontantrieb	Diesel	50	68	Sep 2008	-	2024-03-01	32971
VW	Passat b6 variant	1.8 TSI	Kombi	Frontantrieb	Benzin	112	152	Nov 2009	Nov 2010	2024-03-01	32974
VW	Passat b6	1.8 TSI	Stufenheck	Frontantrieb	Benzin	112	152	Nov 2009	Jul 2010	2024-03-01	32978
Nissan	Kubistar	1.2	Kasten	Frontantrieb	Benzin	44	60	Aug 2003	-	2024-03-01	32981
Nissan	Kubistar	1.2 16V	Kasten	Frontantrieb	Benzin	55	75	Apr 2006	-	2024-03-01	32982
Nissan	Kubistar	1.6 16V	Kasten	Frontantrieb	Benzin	70	95	Aug 2003	Oct 2009	2024-03-01	32984
Nissan	Kubistar	1.5 DCI	Kasten	Frontantrieb	Diesel	48	65	Aug 2003	-	2024-03-01	32986
Nissan	Kubistar	1.5 DCI	Kasten	Frontantrieb	Diesel	60	82	Aug 2003	Oct 2009	2024-03-01	32987
Mercedes-benz	Sls amg	6.2	Coupe	Heckantrieb	Benzin	420	571	Mar 2010	-	2024-03-01	32991
Renault	Sandero/stepway i	1.4	Schrägheck	Frontantrieb	Benzin	55	75	Feb 2009	Jul 2013	2025-12-01	32992
Renault	Sandero/stepway i	1.6	Schrägheck	Frontantrieb	Benzin	64	87	Feb 2009	Oct 2012	2025-12-01	32993
BMW	7	732 I	Stufenheck	Heckantrieb	Benzin	145	197	Sep 1979	Aug 1986	2024-03-01	33000
BMW	5	523 I	Stufenheck	Heckantrieb	Benzin	150	204	Jun 2009	Aug 2011	2024-03-01	33006
BMW	5	528 I	Stufenheck	Heckantrieb	Benzin	190	258	Mar 2010	Aug 2011	2024-03-01	33007
BMW	5	535 I	Stufenheck	Heckantrieb	Benzin	225	306	Jan 2010	Oct 2016	2024-03-01	33008
BMW	5	550 I	Stufenheck	Heckantrieb	Benzin	300	408	Mar 2010	Dec 2013	2026-04-01	33009
BMW	5	520 D	Stufenheck	Heckantrieb	Diesel	135	184	Jun 2010	Jun 2014	2024-03-01	33010
BMW	5	525 D	Stufenheck	Heckantrieb	Diesel	150	204	Mar 2010	Aug 2011	2024-03-01	33011
BMW	5	530 D	Stufenheck	Heckantrieb	Diesel	180	245	Jan 2010	Aug 2011	2024-03-01	33012
Lexus	Ls	460 AWD	Stufenheck	Allrad	Benzin	270	367	Oct 2008	-	2025-06-01	33013
Tazzari	Zero	Electric	Stufenheck	Heckantrieb	Elektro	15	20	Jan 2010	Dec 2016	2024-03-01	33015
Chevrolet	Spark	1	Schrägheck	Frontantrieb	Benzin	50	68	Mar 2010	-	2024-03-01	33016
Chevrolet	Spark	1.2	Schrägheck	Frontantrieb	Benzin	60	82	Mar 2010	-	2024-03-01	33017
Mercedes-benz	124	300 Ce-24	Coupe	Heckantrieb	Benzin	170	231	Sep 1989	Dec 1992	2024-03-01	33018
Mercedes-benz	124	300 E-24	Stufenheck	Heckantrieb	Benzin	170	231	Sep 1988	Aug 1992	2024-03-01	33019
Mercedes-benz	124	300 Ce-24	Cabriolet	Heckantrieb	Benzin	170	231	Apr 1992	Jun 1993	2024-03-01	33021
Aston Martin	Rapide	6	Schrägheck	Heckantrieb	Benzin	350	476	Mar 2010	Sep 2013	2024-03-01	33022
Mercedes-benz	Glk-Klasse	350 CDI 4-matic	SUV	Allrad	Diesel	165	224	Jul 2009	Jan 2010	2024-03-01	33023
VW	Golf vi	1.6 TDI	Schrägheck	Frontantrieb	Diesel	66	90	Feb 2009	Nov 2012	2024-03-01	33030
VW	Golf vi variant	1.6 TDI	Kombi	Frontantrieb	Diesel	66	90	Dec 2009	Jul 2013	2024-03-01	33031
Dacia	Duster	1.6 16V	SUV	Frontantrieb	Benzin	77	105	Apr 2010	Jan 2018	2024-03-01	33039
Dacia	Duster	1.6 16V 4X4	SUV	Allrad	Benzin	77	105	Jun 2010	Jan 2018	2024-03-01	33040
Dacia	Duster	1.5 DCI	SUV	Frontantrieb	Diesel	63	86	Apr 2010	Jan 2018	2024-03-01	33041
Dacia	Duster	1.5 DCI	SUV	Frontantrieb	Diesel	79	107	Jun 2010	Jan 2018	2024-03-01	33042
Ferrari	458	4.5	Coupe	Heckantrieb	Benzin	419	570	Dec 2009	-	2024-03-01	33044
Mercedes-benz	M-Klasse	ML 300 CDI 4-matic	SUV	Allrad	Diesel	150	204	Feb 2010	Dec 2011	2024-03-01	33045
Mercedes-benz	M-Klasse	ML 350 CDI 4-matic	SUV	Allrad	Diesel	170	231	Feb 2010	Dec 2011	2024-03-01	33046
VW	Golf v	1.6 Multifuel	Schrägheck	Frontantrieb	Benzin/Ethanol	75	102	Oct 2007	Nov 2008	2024-03-01	33047
VW	Golf v variant	1.6 Multifuel	Kombi	Frontantrieb	Benzin/Ethanol	75	102	Nov 2007	Jul 2009	2024-03-01	33048
VW	Jetta iii	1.6 Multifuel	Stufenheck	Frontantrieb	Benzin/Ethanol	75	102	Jan 2008	Oct 2010	2024-03-01	33049
Mercedes-benz	E-Klasse	E 350 CDI 4-matic	Stufenheck	Allrad	Diesel	170	231	Sep 2009	Aug 2011	2024-03-01	33050
Mini	Mini	ONE	Schrägheck	Frontantrieb	Benzin	55	75	Mar 2010	Nov 2013	2024-03-01	33051
Mini	Mini	ONE	Schrägheck	Frontantrieb	Benzin	72	98	Mar 2010	Nov 2013	2024-03-01	33052
Mini	Mini	Cooper	Schrägheck	Frontantrieb	Benzin	90	122	Sep 2009	Nov 2013	2024-03-01	33053
Mini	Mini	Cooper S	Schrägheck	Frontantrieb	Benzin	135	184	Mar 2010	Nov 2013	2024-03-01	33054
Mercedes-benz	E-Klasse	E 350 Bluetec	Kombi	Heckantrieb	Diesel	155	211	Nov 2009	Dec 2013	2024-03-01	33055
Mini	Mini	ONE D	Schrägheck	Frontantrieb	Diesel	66	90	Jun 2009	Jul 2010	2024-03-01	33056
VW	Lupo i	1	Schrägheck	Frontantrieb	Benzin	37	50	Oct 1998	May 2000	2024-03-01	33057
Seat	Arosa	1	Schrägheck	Frontantrieb	Benzin	37	50	Oct 1998	Jan 2001	2024-03-01	33058
Opel	Meriva b	1.4	Großraumlimousine	Frontantrieb	Benzin	74	100	Jun 2010	Mar 2017	2024-03-01	33059
Opel	Meriva b	1.4	Großraumlimousine	Frontantrieb	Benzin	88	120	Jun 2010	Mar 2017	2024-03-01	33060
Opel	Meriva b	1.4	Großraumlimousine	Frontantrieb	Benzin	103	140	Jun 2010	Mar 2017	2024-03-01	33061
Opel	Meriva b	1.7 Cdti	Großraumlimousine	Frontantrieb	Diesel	74	100	Jun 2010	Jan 2017	2024-03-01	33062
Mercedes-benz	Gl-Klasse	GL 320 CDI / 350 Bluetec 4-matic	SUV	Allrad	Diesel	155	211	Dec 2009	Aug 2012	2024-03-01	33063
Wiesmann	Gt	4.0 S	Coupe	Heckantrieb	Benzin	309	420	Mar 2010	-	2024-03-01	33064
Wiesmann	Gt	4.8	Coupe	Heckantrieb	Benzin	270	367	Sep 2003	-	2024-03-01	33065
Wiesmann	Gt	5	Coupe	Heckantrieb	Benzin	373	507	Sep 2007	-	2024-03-01	33066
Wiesmann	Mf4 roadster	4.8	Cabriolet	Heckantrieb	Benzin	270	367	Mar 2009	-	2024-03-01	33067
Wiesmann	Mf4 roadster	4.0 S	Cabriolet	Heckantrieb	Benzin	309	420	Mar 2009	-	2024-03-01	33068
Wiesmann	Mf5 roadster	5	Cabriolet	Heckantrieb	Benzin	373	507	Sep 2009	-	2024-03-01	33069
Fiat	Panda	1.2 LPG	Schrägheck	Frontantrieb	Benzin/Autogas (LPG)	44	60	Apr 2009	-	2024-03-01	33070
Mini	Mini	ONE	Kombi	Frontantrieb	Benzin	72	98	Mar 2010	Jun 2014	2024-03-01	33074
Mini	Mini	Cooper	Kombi	Frontantrieb	Benzin	90	122	Mar 2010	Jun 2014	2024-03-01	33075
Mini	Mini	Cooper S	Kombi	Frontantrieb	Benzin	135	184	Mar 2010	Jun 2014	2024-03-01	33076
Mini	Mini	ONE	Cabriolet	Frontantrieb	Benzin	72	98	Sep 2009	Jun 2015	2024-03-01	33077
Mini	Mini	Cooper	Cabriolet	Frontantrieb	Benzin	90	122	Mar 2010	Jun 2015	2024-03-01	33078
Mini	Mini	Cooper S	Cabriolet	Frontantrieb	Benzin	135	184	Feb 2010	Jun 2015	2024-03-01	33079
Audi	80	1.7	Kombi	Frontantrieb	Benzin	59	80	Sep 1966	Aug 1968	2024-03-01	33081
Mazda	Cx-9	3.5	SUV	Frontantrieb	Benzin	193	263	Sep 2006	Dec 2007	2024-03-01	33084
Mazda	Cx-9	3.7 AWD	SUV	Allrad	Benzin	204	277	Jan 2007	-	2024-03-01	33085
Mazda	Cx-9	3.7	SUV	Frontantrieb	Benzin	204	277	Jan 2007	-	2024-03-01	33086
Mazda	Cx-9	3.5 AWD	SUV	Allrad	Benzin	193	263	Jan 2007	-	2024-03-01	33087
Renault	Laguna ii	1.8 16V	Schrägheck	Frontantrieb	Benzin	86	117	Mar 2001	May 2005	2024-03-01	33091
Chrysler	Grand voyager v	2.8 CRD	Großraumlimousine	Frontantrieb	Diesel	120	163	Oct 2007	-	2024-03-01	33092
Renault	Laguna ii grandtour	1.8 16V	Kombi	Frontantrieb	Benzin	86	117	Mar 2001	May 2005	2024-03-01	33093
Chevrolet	Corvette	6.2	Coupe	Heckantrieb	Benzin	321	437	Feb 2008	Aug 2013	2024-03-01	33094
Citroën	Traction avant	1.9	Schrägheck	Frontantrieb	Benzin	43	58	Mar 1950	Apr 1956	2024-03-01	33095
Chrysler	Neon	2.0 16V	Stufenheck	Frontantrieb	Benzin	97	131	Oct 2002	Dec 2006	2024-03-01	33096
Renault	Wind	1.2	Cabriolet	Frontantrieb	Benzin	74	101	Jul 2010	May 2011	2025-12-01	33123
Renault	Wind	1.6	Cabriolet	Frontantrieb	Benzin	98	133	Jul 2010	Aug 2013	2025-12-01	33124
Renault	Megane cc	1.4 TCE	Cabriolet	Frontantrieb	Benzin	96	131	Jun 2010	Aug 2015	2024-03-01	33125
Renault	Megane cc	1.5 DCI	Cabriolet	Frontantrieb	Diesel	81	110	Jun 2010	Aug 2015	2024-03-01	33126
Renault	Megane cc	1.9 DCI	Cabriolet	Frontantrieb	Diesel	96	131	Jun 2010	Aug 2015	2024-03-01	33127
Renault	Megane cc	2.0 DCI	Cabriolet	Frontantrieb	Diesel	118	160	Jun 2010	Aug 2015	2024-03-01	33128
Mitsubishi	L200	2.5 Di-d	Pick-up	Heckantrieb	Diesel	94	128	Apr 2010	Dec 2015	2024-03-01	33129
Mitsubishi	L200	2.5 Di-d 4WD	Pick-up	Allrad	Diesel	131	178	Apr 2010	Dec 2015	2024-03-01	33130
Hyundai	Ix35	2	SUV	Frontantrieb	Benzin	120	163	Jan 2010	Jul 2013	2024-03-01	33131
Hyundai	Ix35	2.0 4WD	SUV	Allrad	Benzin	120	163	Jan 2010	Dec 2015	2024-03-01	33132
Hyundai	Ix35	2.0 Crdi	SUV	Frontantrieb	Diesel	100	136	Jan 2010	Dec 2015	2024-03-01	33133
Hyundai	Ix35	2.0 Crdi 4WD	SUV	Allrad	Diesel	100	136	Jan 2010	Dec 2015	2024-03-01	33134
Hyundai	Ix35	2.0 Crdi 4WD	SUV	Allrad	Diesel	135	184	Jan 2010	Dec 2015	2024-03-01	33135
Hyundai	Ix35	2	SUV	Frontantrieb	Benzin	122	166	Jan 2010	Dec 2015	2024-03-01	33149
Hyundai	H-1 cargo	2.4	Kasten	Heckantrieb	Benzin	129	175	Mar 2008	-	2024-03-01	33152
Hyundai	H-1 cargo	2.5 Crdi	Kasten	Heckantrieb	Diesel	81	110	Feb 2008	-	2024-03-01	33153
Ferrari	F430	F430	Cabriolet	Heckantrieb	Benzin	357	486	Mar 2008	Dec 2009	2024-03-01	33163
Ferrari	F430	F430	Coupe	Heckantrieb	Benzin	357	486	Mar 2008	Dec 2009	2024-03-01	33164
Ferrari	F430	430 Scuderia	Coupe	Heckantrieb	Benzin	372	506	Sep 2007	Dec 2009	2024-03-01	33165
Hyundai	I30	1.4	Kombi	Frontantrieb	Benzin	80	109	Nov 2009	Jun 2012	2024-03-01	33176
Opel	Insignia a	2.0 Cdti 4X4	Stufenheck	Allrad	Diesel	120	163	Jul 2013	Mar 2017	2024-03-01	33191
Suzuki	Sx4 s-Cross	1.6	Schrägheck	Frontantrieb	Benzin	88	120	Aug 2013	Jun 2022	2025-06-01	33192
Mercedes-benz	G-Klasse	G 500	Geländewagen offen	Allrad	Benzin	285	388	Dec 2009	Aug 2014	2024-03-01	33193
Renault	Modus / grand	1.5 DCI	Schrägheck	Frontantrieb	Diesel	60	82	Sep 2004	Oct 2007	2025-12-01	33195
Honda	Integra	1.8	Coupe	Frontantrieb	Benzin	107	146	Jul 1993	Nov 2001	2024-03-01	33203
Mitsubishi	Pajero iv	3.2 Di-d 4WD	SUV	Allrad	Diesel	147	200	Jan 2009	-	2024-03-01	33209
Honda	Jazz iii	1.5 I-vtec	Schrägheck	Frontantrieb	Benzin	88	120	Jul 2008	Jun 2014	2026-04-01	33211
Chevrolet	Corvette	6.2	Cabriolet	Heckantrieb	Benzin	321	437	Feb 2008	Aug 2013	2024-03-01	33213
Peugeot	207	1.4 HDI	Kasten/Schrägheck	Frontantrieb	Diesel	50	68	Apr 2007	-	2024-03-01	33230
Peugeot	207	1.6 HDI	Kasten/Schrägheck	Frontantrieb	Diesel	66	90	Apr 2007	Oct 2012	2024-03-01	33231
Skoda	Fabia ii	1.2 TSI	Schrägheck	Frontantrieb	Benzin	77	105	Mar 2010	Dec 2014	2024-03-01	33243
Skoda	Fabia ii combi	1.2 TSI	Kombi	Frontantrieb	Benzin	77	105	Mar 2010	Dec 2014	2024-03-01	33244
Skoda	Octavia	1.2 TSI	Schrägheck	Frontantrieb	Benzin	77	105	Feb 2010	Jun 2013	2024-03-01	33245
Skoda	Octavia	1.2 TSI	Kombi	Frontantrieb	Benzin	77	105	Feb 2010	Apr 2013	2024-03-01	33246
Skoda	Roomster	1.2 TSI	Großraumlimousine	Frontantrieb	Benzin	77	105	Mar 2010	May 2015	2024-03-01	33247
Seat	Altea	1.2 TSI	Großraumlimousine	Frontantrieb	Benzin	77	105	Apr 2010	Jul 2015	2024-05-01	33248
Seat	Altea	1.2 TSI	Großraumlimousine	Frontantrieb	Benzin	77	105	Apr 2010	Jul 2015	2024-05-01	33249
Seat	Leon	1.2 TSI	Schrägheck	Frontantrieb	Benzin	77	105	Feb 2010	Dec 2012	2024-03-01	33250
Audi	A3	1.2 TSI	Schrägheck	Frontantrieb	Benzin	77	105	Apr 2010	Aug 2012	2024-03-01	33251
Audi	A3	1.2 TSI	Schrägheck	Frontantrieb	Benzin	77	105	Apr 2010	Mar 2013	2024-03-01	33252
Citroën	Berlingo	1.6 VTI 120	Großraumlimousine	Frontantrieb	Benzin	88	120	Nov 2009	Dec 2018	2026-05-01	33258
Peugeot	207/207+	1.6 16V Turbo	Schrägheck	Frontantrieb	Benzin	115	156	Oct 2009	Dec 2012	2024-03-01	33259
Peugeot	207/207+	1.6 HDI	Schrägheck	Frontantrieb	Diesel	68	92	Nov 2009	Dec 2012	2024-03-01	33260
Peugeot	207/207+	1.6 HDI 110	Schrägheck	Frontantrieb	Diesel	82	112	Aug 2009	Dec 2012	2024-03-01	33261
Peugeot	207 cc	1.6 HDI	Cabriolet	Frontantrieb	Diesel	82	112	Aug 2009	Oct 2013	2024-03-01	33262
Peugeot	207 cc	1.6 16V Turbo	Cabriolet	Frontantrieb	Benzin	115	156	Oct 2009	Dec 2013	2024-03-01	33263
Peugeot	207 sw	1.6 HDI	Kombi	Frontantrieb	Diesel	82	112	Aug 2009	Oct 2013	2024-03-01	33264
Peugeot	207 sw	1.6 HDI	Kombi	Frontantrieb	Diesel	68	92	Nov 2009	Dec 2013	2024-03-01	33265
Peugeot	3008 i	2.0 HDI	Großraumlimousine	Frontantrieb	Diesel	120	163	Jun 2009	Aug 2016	2024-11-01	33266
Peugeot	308 i	1.4 16V	Schrägheck	Frontantrieb	Benzin	72	98	Dec 2009	Oct 2014	2024-03-01	33267
Peugeot	308 i	1.6 THP 16V	Schrägheck	Frontantrieb	Benzin	115	156	Oct 2009	Oct 2014	2024-03-01	33269
Peugeot	308 i	1.6 HDI	Schrägheck	Frontantrieb	Diesel	68	92	Nov 2009	Oct 2014	2024-03-01	33270
Peugeot	308 i	1.6 HDI	Schrägheck	Frontantrieb	Diesel	82	112	Dec 2009	Oct 2014	2024-03-01	33271
Peugeot	308 sw i	1.6 THP 16V	Kombi	Frontantrieb	Benzin	115	156	Oct 2009	Oct 2014	2024-03-01	33272
Peugeot	308 sw i	1.6 HDI	Kombi	Frontantrieb	Diesel	82	112	Dec 2009	Oct 2014	2024-03-01	33273
Peugeot	Boxer	3.0 HDI 145	Bus	Frontantrieb	Diesel	107	146	Apr 2010	Dec 2013	2024-03-01	33274
Peugeot	Boxer	3.0 HDI 145	Kasten	Frontantrieb	Diesel	107	146	Apr 2010	Dec 2013	2024-03-01	33275
Peugeot	Boxer	3.0 HDI 145	Pritsche/Fahrgestell	Frontantrieb	Diesel	107	146	Apr 2010	Dec 2013	2024-03-01	33276
Renault	Kangoo	1.6 16V LPG	Kasten/Großraumlimousine	Frontantrieb	Benzin/Autogas (LPG)	78	106	Feb 2008	-	2024-03-01	33277
Renault	Master iii	2.3 DCI 100 FWD	Kasten	Frontantrieb	Diesel	74	101	Feb 2010	Jun 2014	2026-03-01	33278
Renault	Master iii	2.3 DCI 125 FWD	Kasten	Frontantrieb	Diesel	92	125	Feb 2010	Jun 2019	2026-03-01	33279
Renault	Master iii	2.3 DCI 125 RWD	Kasten	Heckantrieb	Diesel	92	125	Feb 2010	Jun 2019	2026-03-01	33280
Renault	Master iii	2.3 DCI 145 RWD	Kasten	Heckantrieb	Diesel	107	146	Feb 2010	Dec 2024	2026-03-01	33281
Alfa Romeo	Giulietta	1.4 TB	Schrägheck	Frontantrieb	Benzin	88	120	Apr 2010	Dec 2020	2024-03-01	33298
Alfa Romeo	Giulietta	1.4 TB	Schrägheck	Frontantrieb	Benzin	125	170	Apr 2010	Oct 2018	2024-03-01	33299
Alfa Romeo	Giulietta	1.8 TBI	Schrägheck	Frontantrieb	Benzin	173	235	Apr 2010	Feb 2016	2024-03-01	33300
Alfa Romeo	Giulietta	2.0 Jtdm	Schrägheck	Frontantrieb	Diesel	125	170	Apr 2010	Dec 2020	2024-03-01	33301
Alfa Romeo	Giulietta	1.6 Jtdm	Schrägheck	Frontantrieb	Diesel	77	105	Apr 2010	Feb 2016	2024-03-01	33302
Audi	A1	1.2 Tfsi	Schrägheck	Frontantrieb	Benzin	63	86	May 2010	Apr 2015	2024-03-01	33303
Audi	A1	1.6 TDI	Schrägheck	Frontantrieb	Diesel	77	105	May 2010	Apr 2015	2024-03-01	33304
Audi	A1	1.4 Tfsi	Schrägheck	Frontantrieb	Benzin	90	122	May 2010	Apr 2015	2024-03-01	33305
VW	Touareg	3.6 V6 FSI	SUV	Allrad	Benzin	206	280	Apr 2010	Mar 2018	2024-03-01	33306
VW	Touareg	3.0 V6 TDI	SUV	Allrad	Diesel	176	240	Jan 2010	Mar 2018	2024-03-01	33307
VW	Touareg	4.2 V8 TDI	SUV	Allrad	Diesel	250	340	Jan 2010	Mar 2018	2024-03-01	33308
VW	Touareg	3.0 V6 TSI Hybrid	SUV	Allrad	Benzin/Elektro	279	379	Apr 2010	Mar 2018	2024-03-01	33309
Skoda	Fabia ii	1.2 TSI	Schrägheck	Frontantrieb	Benzin	63	86	Mar 2010	Dec 2014	2024-03-01	33311
Skoda	Fabia ii combi	1.2 TSI	Kombi	Frontantrieb	Benzin	63	86	Mar 2010	Dec 2014	2024-03-01	33312
Skoda	Roomster	1.2 TSI	Großraumlimousine	Frontantrieb	Benzin	63	86	Mar 2010	May 2015	2024-03-01	33313
Skoda	Fabia ii	1.6 TDI	Schrägheck	Frontantrieb	Diesel	66	90	Mar 2010	Dec 2014	2024-03-01	33314
Skoda	Fabia ii	1.6 TDI	Schrägheck	Frontantrieb	Diesel	77	105	Mar 2010	Dec 2014	2024-03-01	33315
Skoda	Fabia ii combi	1.6 TDI	Kombi	Frontantrieb	Diesel	66	90	Mar 2010	Dec 2014	2024-03-01	33316
Skoda	Fabia ii combi	1.6 TDI	Kombi	Frontantrieb	Diesel	77	105	Mar 2010	Dec 2014	2024-03-01	33317
Skoda	Roomster	1.6 TDI	Großraumlimousine	Frontantrieb	Diesel	66	90	Mar 2010	May 2015	2024-03-01	33320
Skoda	Roomster	1.6 TDI	Großraumlimousine	Frontantrieb	Diesel	77	105	Mar 2010	May 2015	2024-03-01	33321
Skoda	Superb ii	2.0 TDI	Kombi	Frontantrieb	Diesel	103	140	Oct 2009	Mar 2010	2024-03-01	33322
Citroën	C2	1.4 HDI	Kasten/Schrägheck	Frontantrieb	Diesel	50	68	Sep 2006	Dec 2009	2024-03-01	33323
Seat	Ibiza iv st	1.2 TDI	Kombi	Frontantrieb	Diesel	55	75	Apr 2010	May 2015	2024-03-01	33324
Seat	Ibiza iv st	1.2 TSI	Kombi	Frontantrieb	Benzin	77	105	Sep 2010	May 2015	2024-03-01	33325
Seat	Ibiza iv st	1.2	Kombi	Frontantrieb	Benzin	44	60	May 2010	May 2015	2024-03-01	33326
Seat	Ibiza iv st	1.2	Kombi	Frontantrieb	Benzin	51	70	May 2010	May 2015	2024-03-01	33327
Seat	Ibiza iv st	1.4	Kombi	Frontantrieb	Benzin	63	85	Mar 2010	May 2015	2024-03-01	33328
Seat	Ibiza iv st	1.6 TDI	Kombi	Frontantrieb	Diesel	66	90	Mar 2010	May 2015	2024-03-01	33329
Seat	Ibiza iv st	1.6 TDI	Kombi	Frontantrieb	Diesel	77	105	Mar 2010	May 2015	2024-03-01	33330
Ford	C-Max	2.0 CNG	Großraumlimousine	Frontantrieb	Benzin/Erdgas (CNG)	107	145	Apr 2009	Sep 2010	2024-03-01	33331
Ford	C-Max	2.0 LPG	Großraumlimousine	Frontantrieb	Benzin/Autogas (LPG)	107	145	Jun 2008	Sep 2010	2024-03-01	33332
Ford	Fiesta vi	1.4 LPG	Schrägheck	Frontantrieb	Benzin/Autogas (LPG)	71	97	Jan 2009	Apr 2017	2024-03-01	33333
Ford	Fiesta vi	1.6 Tdci	Schrägheck	Frontantrieb	Diesel	70	95	Feb 2010	Dec 2015	2024-03-01	33334
Ford	Fiesta vi van	1.25	Kasten/Schrägheck	Frontantrieb	Benzin	60	82	Jan 2009	Apr 2017	2024-07-01	33335
Ford	Fiesta vi van	1.4 Tdci	Kasten/Schrägheck	Frontantrieb	Diesel	50	68	Jan 2009	Apr 2017	2024-07-01	33336
Ford	Fiesta vi van	1.6 Tdci	Kasten/Schrägheck	Frontantrieb	Diesel	66	90	Jan 2009	Apr 2017	2024-07-01	33337
Ford	Kuga i	2.0 Tdci	SUV	Frontantrieb	Diesel	103	140	Mar 2010	Nov 2012	2024-03-01	33338
Ford	Kuga i	2.0 Tdci 4X4	SUV	Allrad	Diesel	103	140	Mar 2010	Nov 2012	2024-03-01	33339
Ford	Kuga i	2.0 Tdci 4X4	SUV	Allrad	Diesel	120	163	Mar 2010	Nov 2012	2024-03-01	33340
Citroën	C-Crosser	2.2 HDI	Kasten/SUV	Allrad	Diesel	115	156	Jan 2009	-	2024-03-01	33341
Ford	Focus ii	2.0 CNG	Schrägheck	Frontantrieb	Benzin/Erdgas (CNG)	107	145	Apr 2009	Jul 2011	2024-03-01	33342
Ford	Focus ii	2.0 LPG	Schrägheck	Frontantrieb	Benzin/Autogas (LPG)	107	145	Jun 2008	Jul 2011	2024-03-01	33343
Ford	Focus ii turnier	2.0 LPG	Kombi	Frontantrieb	Benzin/Autogas (LPG)	107	145	Jun 2008	Jul 2011	2024-03-01	33344
Ford	Focus ii turnier	1.6 LPG	Kombi	Frontantrieb	Benzin/Autogas (LPG)	85	115	Oct 2009	Sep 2012	2024-03-01	33345
Ford	Focus ii	1.6 LPG	Schrägheck	Frontantrieb	Benzin/Autogas (LPG)	85	115	Oct 2009	Jul 2011	2024-03-01	33346
Ford	S-Max	2.0 Tdci	Großraumlimousine	Frontantrieb	Diesel	120	163	Mar 2010	Dec 2014	2024-03-01	33347
Ford	S-Max	2.0 Ecoboost	Großraumlimousine	Frontantrieb	Benzin	149	203	Mar 2010	Dec 2014	2024-03-01	33348
Ford	Galaxy ii	2.0 Ecoboost	Großraumlimousine	Frontantrieb	Benzin	149	203	Mar 2010	Jun 2015	2024-03-01	33349
Ford	Galaxy ii	2.0 Tdci	Großraumlimousine	Frontantrieb	Diesel	120	163	Mar 2010	Jun 2015	2024-03-01	33350
Ford	Mondeo iv	2.0 Scti	Schrägheck	Frontantrieb	Benzin	149	203	Mar 2010	Jan 2015	2024-03-01	33351
Ford	Mondeo iv turnier	2.0 Tdci	Kombi	Frontantrieb	Diesel	120	163	Mar 2010	Jan 2015	2024-03-01	33352
Fiat	500	1.3 D Multijet	Schrägheck	Frontantrieb	Diesel	70	95	Dec 2009	-	2024-03-01	33353
Ford	Mondeo iv	2.0 Tdci	Schrägheck	Frontantrieb	Diesel	120	163	Mar 2010	Jan 2015	2024-03-01	33354
Ford	Mondeo iv turnier	2.0 Scti	Kombi	Frontantrieb	Benzin	149	203	Mar 2010	Jan 2015	2024-03-01	33355
Dacia	Logan	1.6 Bifuel	Kombi	Frontantrieb	Benzin/Autogas (LPG)	64	87	Nov 2008	-	2024-03-01	33356
KIA	K2900	2.9 Crdi	Pritsche/Fahrgestell	Heckantrieb	Diesel	92	125	Jan 2008	-	2024-03-01	33357
KIA	Cerato ii	2	Stufenheck	Frontantrieb	Benzin	115	156	Jan 2009	Jun 2013	2024-05-01	33359
Seat	Altea	1.9 TDI	Großraumlimousine	Frontantrieb	Diesel	66	90	Aug 2009	Dec 2010	2024-05-01	33361
Seat	Altea	1.9 TDI	Großraumlimousine	Frontantrieb	Diesel	66	90	Aug 2009	Dec 2010	2024-03-01	33362
Audi	A3	1.2 Tfsi	Cabriolet	Frontantrieb	Benzin	77	105	Mar 2010	May 2013	2024-03-01	33363
Audi	A4 b8	2.0 Tfsi Flexible Fuel	Stufenheck	Frontantrieb	Benzin/Ethanol	132	180	Nov 2009	Dec 2015	2024-03-01	33365
Audi	A4 b8	2.0 Tfsi Flexible Fuel Quattro	Stufenheck	Allrad	Benzin/Ethanol	132	180	Nov 2009	Dec 2015	2024-03-01	33366
Audi	A4 b8 avant	2.0 Tfsi Flexible Fuel	Kombi	Frontantrieb	Benzin/Ethanol	132	180	Nov 2009	Dec 2015	2024-03-01	33367
Audi	A4 b8 avant	2.0 Tfsi Flexible Fuel Quattro	Kombi	Allrad	Benzin/Ethanol	132	180	Nov 2009	Dec 2015	2024-03-01	33368
KIA	Magentis ii	2	Stufenheck	Frontantrieb	Benzin	121	165	Sep 2009	Dec 2010	2024-03-01	33369
KIA	Magentis ii	2.7 V6	Stufenheck	Frontantrieb	Benzin	142	193	Jul 2009	Dec 2010	2024-03-01	33370
KIA	Magentis ii	2.0 Crdi	Stufenheck	Frontantrieb	Diesel	110	150	Apr 2006	Dec 2010	2024-03-01	33371
Fiat	Qubo	1.4 Natural Power	Großraumlimousine	Frontantrieb	Benzin/Erdgas (CNG)	57	78	Oct 2009	-	2024-03-01	33372
Volvo	S80 ii	1.6 D Drive	Stufenheck	Frontantrieb	Diesel	80	109	Jan 2010	Dec 2011	2024-03-01	33373
Volvo	S60 ii	T3	Stufenheck	Frontantrieb	Benzin	110	150	Apr 2010	Dec 2015	2024-03-01	33374
Volvo	S60 ii	T4	Stufenheck	Frontantrieb	Benzin	132	180	Apr 2010	Dec 2015	2024-03-01	33375
Volvo	S60 ii	2.0 T	Stufenheck	Frontantrieb	Benzin	149	203	Apr 2010	Dec 2011	2024-03-01	33376
Volvo	S60 ii	T5	Stufenheck	Frontantrieb	Benzin	177	240	Apr 2010	Dec 2014	2024-03-01	33377
Volvo	S60 ii	T6 AWD	Stufenheck	Allrad	Benzin	224	304	Apr 2010	Dec 2015	2024-03-01	33378
Volvo	S60 ii	D3	Stufenheck	Frontantrieb	Diesel	120	163	Apr 2010	Dec 2014	2024-03-01	33379
Volvo	S60 ii	D5	Stufenheck	Frontantrieb	Diesel	151	205	Apr 2010	Dec 2011	2024-03-01	33380
Volvo	S60 ii	D5 AWD	Stufenheck	Allrad	Diesel	151	205	Apr 2010	Dec 2011	2024-03-01	33381
Volvo	Xc60 i	2.0 T	SUV	Frontantrieb	Benzin	149	203	Dec 2009	Dec 2012	2024-03-01	33382
Volvo	Xc60 i	3.2 AWD	SUV	Allrad	Benzin	179	243	Mar 2010	Dec 2015	2024-03-01	33383
Volvo	Xc60 i	T6 AWD	SUV	Allrad	Benzin	224	304	Mar 2010	Feb 2017	2024-03-01	33384
Volvo	Xc60 i	D3 / D4	SUV	Frontantrieb	Diesel	120	163	Mar 2010	Dec 2014	2024-03-01	33385
BMW	3	316 D	Stufenheck	Heckantrieb	Diesel	85	116	Jul 2009	Dec 2011	2024-03-01	33386
BMW	3	320 D	Stufenheck	Heckantrieb	Diesel	135	184	Mar 2010	Oct 2011	2024-03-01	33387
BMW	3	320 D Xdrive	Stufenheck	Allrad	Diesel	135	184	Mar 2010	Oct 2011	2024-03-01	33388
BMW	3	320 D	Kombi	Heckantrieb	Diesel	135	184	Mar 2010	May 2012	2024-03-01	33389
BMW	3	320 D Xdrive	Kombi	Allrad	Diesel	135	184	Mar 2010	Jun 2012	2024-03-01	33390
BMW	3	320 D Xdrive	Coupe	Allrad	Diesel	135	184	Mar 2010	Jun 2013	2024-03-01	33391
BMW	3	320 D	Coupe	Heckantrieb	Diesel	135	184	Mar 2010	Jun 2013	2024-03-01	33392
BMW	3	320 D	Cabriolet	Heckantrieb	Diesel	135	184	Mar 2010	Oct 2013	2024-03-01	33393
Citroën	C3 ii	1.6 HDI 90	Schrägheck	Frontantrieb	Diesel	66	90	Nov 2009	Sep 2016	2024-07-01	33394
Citroën	C3 ii	1.4 HDI 70	Schrägheck	Frontantrieb	Diesel	50	68	Nov 2009	Sep 2016	2024-07-01	33395
BMW	3	325 D	Stufenheck	Heckantrieb	Diesel	150	204	Mar 2010	Oct 2011	2024-03-01	33396
Fiat	Doblo kombi	1.3 D Multijet	Bus	Frontantrieb	Diesel	66	90	Feb 2010	Dec 2023	2025-02-03	33397
Fiat	Doblo kombi	1.4	Bus	Frontantrieb	Benzin	70	95	Feb 2010	Dec 2023	2025-02-03	33398
Fiat	Doblo kombi	1.6 D Multijet	Bus	Frontantrieb	Diesel	77	105	Jan 2010	Dec 2023	2025-02-03	33399
Fiat	Doblo kombi	2.0 D Multijet	Bus	Frontantrieb	Diesel	99	135	Jan 2010	Dec 2023	2025-02-03	33400
Fiat	Doblo cargo	1.4	Kasten/Großraumlimousine	Frontantrieb	Benzin	70	95	Feb 2010	Dec 2023	2025-02-03	33401
Fiat	Doblo cargo	1.3 D Multijet	Kasten/Großraumlimousine	Frontantrieb	Diesel	66	90	Feb 2010	Dec 2023	2025-02-03	33402
Fiat	Doblo cargo	1.6 D Multijet	Kasten/Großraumlimousine	Frontantrieb	Diesel	74	100	Feb 2010	Dec 2023	2025-02-03	33403
Fiat	Doblo cargo	2.0 D Multijet	Kasten/Großraumlimousine	Frontantrieb	Diesel	99	135	Feb 2010	Dec 2023	2025-02-03	33404
Fiat	Fiorino	1.4 Natural Power	Kasten/Großraumlimousine	Frontantrieb	Benzin/Erdgas (CNG)	57	78	Jun 2008	-	2024-03-01	33405
Audi	A3	S3 Quattro	Schrägheck	Allrad	Benzin	188	256	Jul 2008	Mar 2013	2024-03-01	33406
Audi	A5	2.0 TDI	Coupe	Frontantrieb	Diesel	120	163	Aug 2008	Jan 2017	2024-03-01	33407
Audi	A5	2.0 TDI	Schrägheck	Frontantrieb	Diesel	120	163	Sep 2009	Jan 2017	2024-03-01	33408
Audi	A5	1.8 Tfsi	Schrägheck	Frontantrieb	Benzin	118	160	Nov 2009	Sep 2011	2024-03-01	33409
Audi	A5	2.0 Tfsi	Schrägheck	Frontantrieb	Benzin	155	211	Sep 2009	Nov 2013	2024-03-01	33410
Audi	A5	S5 Quattro	Schrägheck	Allrad	Benzin	245	333	Jan 2010	Jan 2017	2024-03-01	33411
Audi	A5	2.0 TDI	Schrägheck	Frontantrieb	Diesel	100	136	Sep 2009	Jan 2017	2024-03-01	33412
Audi	A5	2.0 TDI	Schrägheck	Frontantrieb	Diesel	105	143	Sep 2009	Jan 2017	2024-03-01	33413
Audi	A5	2.7 TDI	Schrägheck	Frontantrieb	Diesel	120	163	Sep 2009	Mar 2012	2024-03-01	33414
Audi	A5	2.0 TDI Quattro	Schrägheck	Allrad	Diesel	125	170	Sep 2009	Mar 2012	2024-03-01	33415
Audi	A5	1.8 Tfsi	Cabriolet	Frontantrieb	Benzin	118	160	Sep 2009	Mar 2012	2024-03-01	33416
Audi	A4 b8 avant	3.0 TDI Quattro	Kombi	Allrad	Diesel	155	211	Jun 2008	May 2010	2024-03-01	33417
Audi	A4 allroad b8	2.0 TDI Quattro	Kombi	Allrad	Diesel	100	136	Sep 2009	May 2016	2024-03-01	33418
Audi	A4 allroad b8	2.0 TDI Quattro	Kombi	Allrad	Diesel	120	163	Apr 2009	May 2016	2024-03-01	33419
Nissan	Teana i	2	Stufenheck	Frontantrieb	Benzin	103	140	Oct 2003	Jun 2008	2024-03-01	33420
Nissan	Teana i	3.5	Stufenheck	Frontantrieb	Benzin	170	231	Oct 2003	Jun 2008	2024-03-01	33422
Peugeot	407	2.0 HDI	Stufenheck	Frontantrieb	Diesel	120	163	Jun 2009	Dec 2010	2024-03-01	33426
Peugeot	407	2.0 HDI	Kombi	Frontantrieb	Diesel	120	163	Jun 2009	Dec 2010	2024-03-01	33427
Audi	A8 d4	3.0 Tfsi Quattro	Stufenheck	Allrad	Benzin	213	290	Jul 2010	Apr 2014	2024-03-01	33429
Audi	A8 d4	4.2 FSI Quattro	Stufenheck	Allrad	Benzin	273	371	Nov 2009	Dec 2012	2024-03-01	33430
Audi	A8 d4	3.0 TDI Quattro	Stufenheck	Allrad	Diesel	184	250	Jul 2010	Jan 2018	2024-03-01	33431
Audi	A8 d4	4.2 TDI Quattro	Stufenheck	Allrad	Diesel	258	351	Nov 2009	Apr 2014	2024-03-01	33432
VW	Sharan	1.4 TSI	Großraumlimousine	Frontantrieb	Benzin	110	150	May 2010	Nov 2015	2024-03-01	33434
VW	Sharan	2.0 TDI	Großraumlimousine	Frontantrieb	Diesel	103	140	May 2010	Nov 2015	2024-03-01	33435
Mitsubishi	Asx	1.6 Mivec	SUV	Frontantrieb	Benzin	86	117	Jun 2010	-	2024-03-01	33436
Mitsubishi	Asx	1.8 Di-d	SUV	Frontantrieb	Diesel	110	150	Jun 2010	-	2024-03-01	33437
Mitsubishi	Asx	1.8 Di-d 4WD	SUV	Allrad	Diesel	110	150	Jun 2010	-	2024-03-01	33438
Mazda	3	2.3 MPS Turbo	Schrägheck	Frontantrieb	Benzin	191	260	Dec 2008	Sep 2014	2024-03-01	33440
Mazda	3	2.2 MZR CD	Stufenheck	Frontantrieb	Diesel	110	150	Jan 2009	Sep 2014	2024-03-01	33443
Mazda	3	2.2 MZR CD	Stufenheck	Frontantrieb	Diesel	136	185	Jun 2009	May 2013	2024-03-01	33444
VW	Amarok	2.0 Bitdi	Pick-up	Heckantrieb	Diesel	120	163	Sep 2010	Aug 2012	2024-03-01	33470
VW	Amarok	2.0 Bitdi 4motion	Pick-up	Allrad	Diesel	120	163	Sep 2010	Aug 2012	2024-03-01	33472
Mazda	E	E2200 D	Bus	Heckantrieb	Diesel	47	64	Mar 1991	May 2003	2024-03-01	33475
Mazda	Cx-7	2.3 MZR Disi Turbo AWD	SUV	Allrad	Benzin	175	238	Jun 2006	Dec 2014	2024-03-01	33482
Renault	Twingo	1.2 16V	Schrägheck	Frontantrieb	Benzin	55	75	Mar 2007	Sep 2014	2026-05-01	33486
Mercedes-benz	Clk	CLK AMG DTM	Cabriolet	Heckantrieb	Benzin	428	582	Jun 2004	Oct 2005	2024-03-01	33488
Mitsubishi	Pajero iv	3.8 V6	SUV	Allrad	Benzin	182	248	Oct 2006	-	2024-03-01	33489
VW	Polo	1.4 GTI	Schrägheck	Frontantrieb	Benzin	132	180	May 2010	May 2014	2024-03-01	33491
Porsche	Panamera	3.6	Schrägheck	Heckantrieb	Benzin	220	300	May 2010	Jul 2013	2024-03-01	33492
Porsche	Panamera	3.6 4	Schrägheck	Allrad	Benzin	220	300	May 2010	Jul 2013	2024-03-01	33493
Ford	Focus ii	2.5 RS 500	Schrägheck	Frontantrieb	Benzin	257	350	May 2010	Jul 2011	2024-03-01	33494
Mitsubishi	Lancer vii	2.0 I	Stufenheck	Frontantrieb	Benzin	113	154	Oct 2007	Dec 2013	2024-03-01	33495
Saab	9-5	1.6 Turbo	Stufenheck	Frontantrieb	Benzin	132	180	May 2010	Jan 2012	2024-03-01	33498
Saab	9-5	2.0 Turbo	Stufenheck	Frontantrieb	Benzin	162	220	May 2010	Jan 2012	2024-03-01	33499
Saab	9-5	2.0 T Biopower	Stufenheck	Frontantrieb	Benzin/Ethanol	162	220	May 2010	Jan 2012	2024-03-01	33500
Saab	9-5	2.0 Turbo XWD	Stufenheck	Allrad	Benzin	162	220	May 2010	Jan 2012	2024-03-01	33501
Saab	9-5	2.0 T Biopower XWD	Stufenheck	Allrad	Benzin/Ethanol	162	220	May 2010	Jan 2012	2024-03-01	33502
Saab	9-5	2.8 Turbo V6 XWD	Stufenheck	Allrad	Benzin	221	301	May 2010	Jan 2012	2024-03-01	33503
Saab	9-5	2.0 TID	Stufenheck	Frontantrieb	Diesel	118	160	May 2010	Jan 2012	2024-03-01	33504
KIA	Optima	1.7 Crdi	Stufenheck	Frontantrieb	Diesel	100	136	Mar 2012	Dec 2015	2024-05-01	33510
Toyota	Highlander	3.5	SUV	Frontantrieb	Benzin	201	273	May 2007	Feb 2014	2024-03-01	33532
Toyota	Highlander	3.5 4WD	SUV	Allrad	Benzin	201	273	Jun 2007	Feb 2014	2024-03-01	33534
Nissan	Navara	2.5 DCI 4WD	Pritsche/Fahrgestell	Allrad	Diesel	106	144	Aug 2008	-	2024-03-01	33565
BMW	3	320 I	Stufenheck	Heckantrieb	Benzin	115	156	Feb 2007	Dec 2011	2024-03-01	33573
Toyota	Land cruiser prado	3.0 D-4d	Geländewagen geschlossen	Allrad	Diesel	127	173	Aug 2009	-	2024-03-01	33574
Renault	Scénic i	1.9 D	Großraumlimousine	Frontantrieb	Diesel	47	64	Sep 1999	Mar 2001	2024-03-01	33576
Infiniti	Fx	30D AWD	SUV	Allrad	Diesel	175	238	Apr 2010	-	2024-03-01	33582
Infiniti	Ex	30D	SUV	Allrad	Diesel	175	238	Apr 2010	-	2024-03-01	33583
Nissan	Nv200	1.6 16V	Kasten	Frontantrieb	Benzin	81	110	Feb 2010	-	2024-03-01	33584
Nissan	Nv200	1.5 DCI 85	Kasten	Frontantrieb	Diesel	63	86	Feb 2010	-	2024-03-01	33585
Toyota	Land cruiser prado	4.0 V6 Vvti	Geländewagen geschlossen	Allrad	Benzin	183	249	Nov 2012	-	2024-03-01	33586
Nissan	Nv200 / evalia	1.6 16V	Bus	Frontantrieb	Benzin	81	110	Jul 2010	-	2026-01-01	33587
Nissan	Nv200 / evalia	1.5 DCI 85	Bus	Frontantrieb	Diesel	63	86	Jul 2010	-	2026-01-01	33588
Mercedes-benz	E-Klasse	E 250	Stufenheck	Heckantrieb	Benzin	155	211	Jan 2013	Dec 2016	2024-03-01	33590
Lancia	Musa	1.3 D Multijet	Großraumlimousine	Frontantrieb	Diesel	70	95	Mar 2009	Sep 2012	2024-03-01	33592
Lancia	Phedra	2.2 D Multijet	Großraumlimousine	Frontantrieb	Diesel	125	170	Mar 2008	Nov 2010	2024-03-01	33593
Mitsubishi	Lancer viii	2.0 I Ralliart 4WD	Stufenheck	Allrad	Benzin	177	241	Oct 2008	-	2024-03-01	33598
KIA	Carens iii	1.6 Cvvt	Großraumlimousine	Frontantrieb	Benzin	97	132	Aug 2009	Mar 2013	2024-05-01	33606
KIA	Carens iii	2.0 Crdi 135	Großraumlimousine	Frontantrieb	Diesel	100	136	Aug 2009	Mar 2013	2024-05-01	33607
Chevrolet	Lanos	1.4	Stufenheck	Frontantrieb	Benzin	55	75	Nov 2005	Dec 2010	2024-03-01	33608
Chevrolet	Lanos	1.6 16V	Stufenheck	Frontantrieb	Benzin	78	106	Nov 2005	Dec 2010	2024-03-01	33610
Peugeot	Expert	2.0 HDI 165	Bus	Frontantrieb	Diesel	120	163	Sep 2009	-	2024-03-01	33620
Peugeot	Expert	2.0 HDI 165	Kasten	Frontantrieb	Diesel	120	163	Sep 2009	-	2024-03-01	33621
Mitsubishi	Lancer v	EVO II	Stufenheck	Allrad	Benzin	192	261	Jan 1994	Jul 1995	2024-03-01	33629
Toyota	Hiace iv	2.5 D-4d	Kasten	Heckantrieb	Diesel	70	95	Sep 2006	Dec 2012	2024-03-01	33640
Toyota	Hiace iv	2.5 D-4d 4WD	Bus	Allrad	Diesel	86	117	Sep 2006	Dec 2012	2024-03-01	33641
VW	Eos	2.0 TDI 16V	Cabriolet	Frontantrieb	Diesel	103	140	May 2008	Aug 2015	2024-03-01	33645
Audi	R8	4.2 FSI Quattro	Coupe	Allrad	Benzin	316	430	Jul 2010	Jul 2015	2024-03-01	33658
Audi	R8	4.2 FSI Quattro	Cabriolet	Allrad	Benzin	316	430	Sep 2010	Jul 2015	2024-03-01	33659
Porsche	Cayenne	3.6	SUV	Allrad	Benzin	220	300	Jun 2010	Dec 2018	2025-06-01	33662
Porsche	Cayenne	4.8 S	SUV	Allrad	Benzin	294	400	Jun 2010	May 2014	2025-06-01	33663
Porsche	Cayenne	3.0 S E-hybrid	SUV	Allrad	Benzin/Elektro	306	416	May 2011	May 2017	2024-03-01	33664
Cadillac	Bls	2.0 T AWD	Kombi	Allrad	Benzin	154	210	Dec 2007	Dec 2010	2024-03-01	33665
Chevrolet	Nubira	2.0 D	Stufenheck	Frontantrieb	Diesel	89	121	Jan 2005	Dec 2011	2024-03-01	33666
Abarth	500	1.4	Schrägheck	Frontantrieb	Benzin	118	160	Aug 2008	-	2024-03-01	33667
Abarth	Grande punto	1.4 Esseesse / Supersport	Schrägheck	Frontantrieb	Benzin	132	180	May 2008	Jun 2010	2024-03-01	33668
Infiniti	G	37 X	Stufenheck	Allrad	Benzin	235	320	Oct 2008	-	2024-03-01	33670
Infiniti	G	37	Stufenheck	Heckantrieb	Benzin	235	320	Oct 2008	-	2024-03-01	33671
VW	Tiguan	1.4 TSI	SUV	Frontantrieb	Benzin	90	122	Aug 2010	Jul 2018	2024-03-01	33673
VW	Tiguan	2.0 TDI	SUV	Frontantrieb	Diesel	81	110	May 2010	Jul 2018	2024-03-01	33674
VW	Sharan	2.0 TDI	Großraumlimousine	Frontantrieb	Diesel	125	170	May 2010	Jan 2013	2024-03-01	33675
Seat	Altea	1.6 LPG	Großraumlimousine	Frontantrieb	Benzin/Autogas (LPG)	75	102	Sep 2009	Jun 2013	2024-05-01	33676
Seat	Altea	1.6 LPG	Großraumlimousine	Frontantrieb	Benzin/Autogas (LPG)	75	102	Sep 2009	Jun 2013	2024-05-01	33677
Dodge	Caliber	2.2 CRD	Schrägheck	Frontantrieb	Diesel	120	163	Jul 2010	Nov 2011	2024-03-01	33678
Skoda	Fabia ii	1.6 TDI	Schrägheck	Frontantrieb	Diesel	55	75	Apr 2010	Dec 2014	2024-03-01	33679
Skoda	Fabia ii combi	1.6 TDI	Kombi	Frontantrieb	Diesel	55	75	Apr 2010	Dec 2014	2024-03-01	33680
Skoda	Fabia ii	1.4 TSI RS	Schrägheck	Frontantrieb	Benzin	132	180	May 2010	Dec 2014	2024-03-01	33681
Skoda	Fabia ii combi	1.4 TSI RS	Kombi	Frontantrieb	Benzin	132	180	May 2010	Dec 2014	2024-03-01	33682
Skoda	Yeti	1.4 TSI	SUV	Frontantrieb	Benzin	90	122	Jun 2010	May 2015	2024-03-01	33683
Jeep	Cherokee	3.7 V6 4X4	Geländewagen geschlossen	Allrad	Benzin	151	205	Jan 2008	-	2024-03-01	33684
Alfa Romeo	159	2.0 Jtdm	Stufenheck	Frontantrieb	Diesel	100	136	Jun 2010	Nov 2011	2024-03-01	33685
Alfa Romeo	159	2.0 Jtdm	Kombi	Frontantrieb	Diesel	100	136	Jun 2010	Nov 2011	2024-03-01	33686
Jeep	Grand cherokee iii	5.7 V8 4X4	Geländewagen geschlossen	Allrad	Benzin	259	352	Jan 2009	Dec 2010	2024-03-01	33687
Ssangyong	Kyron	3.2 M320 4X4	SUV	Allrad	Benzin	162	220	Mar 2006	Dec 2014	2024-08-01	33688
Seat	Ibiza iv	1.2 TSI	Schrägheck	Frontantrieb	Benzin	77	105	Sep 2010	Mar 2012	2024-03-01	33689
Seat	Ibiza iv sc	1.2 TSI	Schrägheck	Frontantrieb	Benzin	77	105	Sep 2010	May 2015	2025-06-01	33690
Subaru	Legacy v	2.5 GT AWD	Stufenheck	Allrad	Benzin	195	265	Jul 2010	Dec 2014	2024-03-01	33693
Subaru	Legacy v station wagon	2.5 GT AWD	Kombi	Allrad	Benzin	195	265	Jul 2010	Dec 2014	2024-03-01	33694
Renault	Master iii	2.3 DCI 145 FWD	Kasten	Frontantrieb	Diesel	107	146	Feb 2010	Dec 2024	2026-03-01	33706
Renault	Master iii	2.3 DCI 100 FWD	Pritsche/Fahrgestell	Frontantrieb	Diesel	74	101	Feb 2010	Jun 2014	2026-03-01	33707
Renault	Master iii	2.3 DCI 125 FWD	Pritsche/Fahrgestell	Frontantrieb	Diesel	92	125	Feb 2010	Jun 2019	2026-03-01	33708
Renault	Master iii	2.3 DCI 125 RWD	Pritsche/Fahrgestell	Heckantrieb	Diesel	92	125	Feb 2010	Jun 2019	2026-03-01	33709
Renault	Master iii	2.3 DCI 145 RWD	Pritsche/Fahrgestell	Heckantrieb	Diesel	107	146	Feb 2010	Dec 2024	2026-03-01	33710
Renault	Master iii	2.3 DCI 145 FWD	Pritsche/Fahrgestell	Frontantrieb	Diesel	107	146	Feb 2010	Dec 2024	2026-03-01	33711
Peugeot	Partner tepee	1.6 VTI	Großraumlimousine	Frontantrieb	Benzin	88	120	Sep 2009	Apr 2016	2024-03-01	33712
KIA	Sportage iii	2.0 Cvvt	SUV	Frontantrieb	Benzin	120	163	Jul 2010	Dec 2015	2024-05-01	33713
KIA	Sportage iii	2.0 Cvvt AWD	SUV	Allrad	Benzin	120	163	Jul 2010	Dec 2015	2024-05-01	33714
KIA	Sportage iii	2.0 Crdi	SUV	Frontantrieb	Diesel	100	136	Jul 2010	Dec 2015	2024-05-01	33715
KIA	Sportage iii	2.0 Crdi AWD	SUV	Allrad	Diesel	100	136	Jul 2010	Dec 2015	2024-05-01	33716
Opel	Corsa d	1.3 Cdti	Schrägheck	Frontantrieb	Diesel	70	95	Jun 2009	Aug 2014	2024-03-01	33721
Opel	Corsa d	1.7 Cdti	Schrägheck	Frontantrieb	Diesel	96	130	Dec 2009	Aug 2014	2024-03-01	33722
Opel	Corsa d	1.2	Schrägheck	Frontantrieb	Benzin	51	69	Dec 2009	Aug 2014	2024-03-01	33723
Opel	Corsa d	1.2	Schrägheck	Frontantrieb	Benzin	63	86	Dec 2009	Aug 2014	2024-03-01	33724
Opel	Corsa d	1.4	Schrägheck	Frontantrieb	Benzin	74	100	Dec 2009	Aug 2014	2024-03-01	33725
Tata	Xenon	2.2 Dicor 4X4	Pick-up	Allrad	Diesel	103	140	Jan 2009	-	2024-03-01	33749
BMW	5	550 I Xdrive	Stufenheck	Allrad	Benzin	300	408	Aug 2010	Jun 2013	2024-03-01	33763
BMW	5	535 D	Stufenheck	Heckantrieb	Diesel	220	299	Sep 2010	Aug 2011	2024-03-01	33764
BMW	5	535 D Xdrive	Schrägheck	Allrad	Diesel	220	299	Mar 2010	Jun 2012	2024-03-01	33765
BMW	5	535 I Xdrive	Schrägheck	Allrad	Benzin	225	306	Sep 2010	Feb 2017	2024-03-01	33766
BMW	5	550 I Xdrive	Schrägheck	Allrad	Benzin	300	408	Jun 2010	Jun 2012	2024-03-01	33767
BMW	5	530 D Xdrive	Schrägheck	Allrad	Diesel	180	245	Jun 2010	Jun 2012	2024-03-01	33768
BMW	5	535 D	Schrägheck	Heckantrieb	Diesel	220	299	Mar 2010	Jun 2012	2024-03-01	33769
BMW	5	523 I	Kombi	Heckantrieb	Benzin	150	204	Nov 2009	Aug 2011	2024-03-01	33770
BMW	5	528 I	Kombi	Heckantrieb	Benzin	190	258	Nov 2009	Aug 2011	2024-03-01	33771
BMW	5	535 I	Kombi	Heckantrieb	Benzin	225	306	Jun 2010	Feb 2017	2024-03-01	33772
BMW	5	520 D	Kombi	Heckantrieb	Diesel	135	184	Jun 2010	Jun 2014	2024-03-01	33773
BMW	5	525 D	Kombi	Heckantrieb	Diesel	150	204	Sep 2010	Aug 2011	2024-03-01	33774
BMW	5	530 D	Kombi	Heckantrieb	Diesel	180	245	Jun 2010	Aug 2011	2024-03-01	33775
BMW	5	535 D	Kombi	Heckantrieb	Diesel	220	299	Sep 2010	Aug 2011	2024-03-01	33776
BMW	X3	Xdrive 35 I	SUV	Allrad	Benzin	225	306	Sep 2010	Aug 2017	2024-03-01	33777
BMW	X3	Xdrive 20 D	SUV	Allrad	Diesel	135	184	Sep 2010	Mar 2014	2024-03-01	33778
Citroën	Berlingo	1.6 VTI 95	Großraumlimousine	Frontantrieb	Benzin	72	98	Jul 2010	Dec 2018	2026-05-01	33779
Citroën	Berlingo	1.6 HDI 110	Großraumlimousine	Frontantrieb	Diesel	82	112	Jul 2010	Dec 2018	2026-05-01	33780
Citroën	Berlingo	1.6 VTI 95	Kasten/Großraumlimousine	Frontantrieb	Benzin	72	98	Jul 2010	Dec 2018	2026-05-01	33781
Citroën	C3 picasso	1.6 HDI 90	Großraumlimousine	Frontantrieb	Diesel	68	92	Jul 2010	Mar 2015	2024-08-01	33783
Citroën	C5	1.6 HDI 110	Stufenheck	Frontantrieb	Diesel	82	112	Jul 2010	May 2012	2024-07-01	33785
Citroën	C5	1.6 HDI 110	Kombi	Frontantrieb	Diesel	82	112	Jul 2010	May 2012	2024-07-01	33786
Citroën	Jumper iii	3.0 HDI 145	Kasten	Frontantrieb	Diesel	107	146	Jul 2010	Dec 2013	2025-12-01	33787
Citroën	Jumper iii	3.0 HDI 155	Kasten	Frontantrieb	Diesel	115	156	Jul 2006	Dec 2015	2025-12-01	33788
Proton	Persona	1.6	Stufenheck	Frontantrieb	Benzin	82	112	Mar 2008	Jul 2016	2024-03-01	33789
Citroën	Jumper iii	3.0 HDI 145	Pritsche/Fahrgestell	Frontantrieb	Diesel	107	146	Jul 2010	Dec 2013	2025-12-01	33790
Citroën	Jumpy ii	2.0 HDI 165	Bus	Frontantrieb	Diesel	120	163	Jul 2010	Mar 2016	2024-03-01	33791
Citroën	Jumpy ii	2.0 HDI 165	Kasten	Frontantrieb	Diesel	120	163	Jul 2010	Mar 2016	2024-03-01	33792
KIA	Venga	1.4 Crdi 75	Schrägheck	Frontantrieb	Diesel	55	75	Feb 2010	Mar 2019	2024-05-01	33794
KIA	Venga	1.6 Crdi 115	Schrägheck	Frontantrieb	Diesel	85	116	Feb 2010	Mar 2019	2024-05-01	33795
Lancia	Delta iii	1.4 16V	Schrägheck	Frontantrieb	Benzin	103	140	Jul 2010	Aug 2014	2024-03-01	33796
Volvo	S80 ii	2.5 T	Stufenheck	Frontantrieb	Benzin	170	231	Jan 2010	Dec 2012	2024-03-01	33800
Volvo	S80 ii	2.0 T	Stufenheck	Frontantrieb	Benzin	149	203	Jan 2010	May 2011	2024-03-01	33801
Volvo	S80 ii	2	Stufenheck	Frontantrieb	Benzin	107	146	Jan 2008	Sep 2012	2024-03-01	33802
Peugeot	208 i	1.0 VTI	Schrägheck	Frontantrieb	Benzin	50	68	Mar 2012	Dec 2019	2024-05-01	33804
Volvo	V50	D2	Kombi	Frontantrieb	Diesel	84	114	Jan 2010	Dec 2012	2024-03-01	33806
Peugeot	208 i	1.2 VTI 82	Schrägheck	Frontantrieb	Benzin	60	82	Mar 2012	Dec 2019	2024-03-01	33807
Volvo	V70 iii	2.5 T	Kombi	Frontantrieb	Benzin	170	231	Apr 2009	Dec 2012	2024-03-01	33815
Volvo	V70 iii	2.0 T	Kombi	Frontantrieb	Benzin	149	203	Sep 2009	Dec 2011	2024-03-01	33816
Volvo	Xc70 ii	2.4 D	Kombi	Frontantrieb	Diesel	129	175	Jun 2009	Dec 2010	2024-03-01	33817
Volvo	C30	2.0 Flexfuel	Schrägheck	Frontantrieb	Benzin/Ethanol	107	146	Jan 2010	Dec 2012	2024-03-01	33818
Volvo	V50	2.0 Flexfuel	Kombi	Frontantrieb	Benzin/Ethanol	107	146	Jan 2010	Dec 2012	2024-03-01	33822
Peugeot	208 i	1.4 VTI	Schrägheck	Frontantrieb	Benzin	70	95	Mar 2012	Dec 2019	2024-03-01	33823
Peugeot	206+	1.1	Schrägheck	Frontantrieb	Benzin	44	60	Jan 2009	Jun 2013	2024-03-01	33837
Peugeot	206+	1.4 I	Schrägheck	Frontantrieb	Benzin	55	75	Jan 2009	Aug 2013	2024-03-01	33838
Peugeot	206+	1.4 HDI ECO 70	Schrägheck	Frontantrieb	Diesel	50	68	Jan 2009	Jun 2013	2024-03-01	33839
Opel	Astra h	1.7 Cdti	Stufenheck	Frontantrieb	Diesel	81	110	Feb 2007	Jun 2010	2026-04-01	33843
Opel	Insignia a	2.0 Cdti 4X4	Schrägheck	Allrad	Diesel	118	160	Jun 2010	Mar 2017	2024-03-01	33844
Opel	Insignia a	2.0 Cdti 4X4	Stufenheck	Allrad	Diesel	118	160	Jun 2010	Mar 2017	2024-03-01	33845
Opel	Insignia a sports tourer	2.0 Cdti 4X4	Kombi	Allrad	Diesel	118	160	Jun 2010	Jun 2015	2024-03-01	33847
Opel	Meriva b	1.3 Cdti	Großraumlimousine	Frontantrieb	Diesel	55	75	Jun 2010	Oct 2013	2024-03-01	33851
Opel	Meriva b	1.3 Cdti	Großraumlimousine	Frontantrieb	Diesel	70	95	Jun 2010	Nov 2014	2024-03-01	33852
Opel	Meriva b	1.7 Cdti	Großraumlimousine	Frontantrieb	Diesel	81	110	Jun 2010	Jun 2015	2024-03-01	33853
Opel	Meriva b	1.7 Cdti	Großraumlimousine	Frontantrieb	Diesel	96	131	Jun 2010	Oct 2013	2024-03-01	33854
Smart	Fortwo	1.0 Turbo Brabus	Coupe	Heckantrieb	Benzin	75	102	Jul 2010	-	2024-03-01	33856
Smart	Fortwo cabrio	1.0 Turbo Brabus	Cabriolet	Heckantrieb	Benzin	75	102	Jul 2010	-	2024-03-01	33859
Peugeot	308 i	1.6 GTI	Schrägheck	Frontantrieb	Benzin	147	200	Jul 2010	Oct 2014	2024-03-01	33864
Peugeot	308 i	2.0 HDI	Schrägheck	Frontantrieb	Diesel	103	140	Jul 2010	Dec 2012	2024-03-01	33865
Peugeot	3008 i	1.6 HDI	Großraumlimousine	Frontantrieb	Diesel	82	112	Dec 2009	Aug 2016	2024-11-01	33866
Jaguar	Xj	3.0 Sdv6	Stufenheck	Heckantrieb	Diesel	202	275	Oct 2009	Apr 2016	2024-03-01	33867
Peugeot	Partner tepee	1.6 VTI	Großraumlimousine	Frontantrieb	Benzin	72	98	Aug 2010	-	2024-03-01	33870
Peugeot	Partner tepee	1.6 HDI	Großraumlimousine	Frontantrieb	Diesel	82	112	Aug 2010	-	2024-03-01	33871
Seat	Ibiza iv	1.2 TDI	Schrägheck	Frontantrieb	Diesel	55	75	Jun 2010	May 2015	2024-03-01	33875
Skoda	Fabia ii	1.2 TDI	Schrägheck	Frontantrieb	Diesel	55	75	May 2010	Dec 2014	2024-03-01	33876
Skoda	Fabia ii combi	1.2 TDI	Kombi	Frontantrieb	Diesel	55	75	May 2010	Dec 2014	2024-03-01	33877
Jaguar	Xj	5.0 V8	Stufenheck	Heckantrieb	Benzin	283	385	Oct 2009	Dec 2019	2025-02-03	33886
Peugeot	208 i	1.6 VTI	Schrägheck	Frontantrieb	Benzin	88	120	Mar 2012	Dec 2019	2024-05-01	33929
Suzuki	Cappuccino	0.7	Cabriolet	Heckantrieb	Benzin	47	64	Aug 1995	Aug 1998	2024-03-01	33944
Mercedes-benz	T2/l	L 405 D	Kasten	Heckantrieb	Diesel	44	60	Jan 1972	Dec 1980	2024-03-01	34000
Mercedes-benz	T2/l	L 405 D	Pritsche/Fahrgestell	Heckantrieb	Diesel	44	60	Jan 1972	Dec 1980	2024-03-01	34001
Mercedes-benz	T2/l	L 406 DG	Kasten	Heckantrieb	Diesel	44	60	Jan 1968	Dec 1974	2024-03-01	34002
Mercedes-benz	T2/l	L 406 DG	Pritsche/Fahrgestell	Heckantrieb	Diesel	44	60	Jan 1968	Dec 1974	2024-03-01	34003
Mercedes-benz	T2/l	L 407 D	Kasten	Heckantrieb	Diesel	48	65	Jan 1975	Dec 1988	2024-03-01	34004
Mercedes-benz	T2/l	L 407 D	Pritsche/Fahrgestell	Heckantrieb	Diesel	48	65	Jan 1975	Dec 1988	2024-03-01	34005
Mercedes-benz	T2/l	L 408 G	Kasten	Heckantrieb	Benzin	55	75	Jan 1968	Dec 1972	2024-03-01	34006
Mercedes-benz	T2/l	L 408 G	Kasten	Heckantrieb	Benzin	55	75	Aug 1972	Dec 1974	2024-03-01	34007
Mercedes-benz	T2/l	L 408 G	Pritsche/Fahrgestell	Heckantrieb	Benzin	55	75	Aug 1972	Dec 1974	2024-03-01	34008
Mercedes-benz	T2/l	L 408 DG	Kasten	Heckantrieb	Diesel	63	85	Jan 1970	Dec 1974	2024-03-01	34009
Mercedes-benz	T2/l	L 408 DG	Pritsche/Fahrgestell	Heckantrieb	Diesel	63	85	Jan 1970	Dec 1974	2024-03-01	34010
Mercedes-benz	T2/l	LF 408 G	Kommunalfahrzeug	Heckantrieb	Benzin	55	75	Aug 1972	Dec 1974	2024-03-01	34011
Mercedes-benz	T2/l	L 409	Pritsche/Fahrgestell	Heckantrieb	Benzin	66	90	Jan 1975	Aug 1982	2024-03-01	34012
Mercedes-benz	T2/l	L 409	Kasten	Heckantrieb	Benzin	66	90	Jan 1975	Aug 1982	2024-03-01	34013
Mercedes-benz	T2/l	LF 409 G	Kommunalfahrzeug	Heckantrieb	Benzin	66	90	Jan 1975	Aug 1982	2024-03-01	34014
Mercedes-benz	T2/l	L 410	Kasten	Heckantrieb	Benzin	70	95	Aug 1982	Dec 1988	2024-03-01	34015
Mercedes-benz	T2/l	L 410	Pritsche/Fahrgestell	Heckantrieb	Benzin	70	95	Aug 1982	Dec 1988	2024-03-01	34016
Mercedes-benz	T2/l	L 608 D	Kasten	Heckantrieb	Diesel	63	85	Jan 1970	Dec 1988	2024-03-01	34019
Mercedes-benz	T2/l	L 608 D	Pritsche/Fahrgestell	Heckantrieb	Diesel	63	85	Jan 1970	Dec 1988	2024-03-01	34020
Mercedes-benz	T2/l	L 613 D	Kasten	Heckantrieb	Diesel	96	130	Apr 1977	Dec 1988	2024-03-01	34021
Mercedes-benz	T2/l	L 613 D	Pritsche/Fahrgestell	Heckantrieb	Diesel	96	130	Apr 1977	Dec 1988	2024-03-01	34022
Mercedes-benz	T2/ln1	507 D	Kasten	Heckantrieb	Diesel	53	72	Apr 1986	Apr 1989	2024-03-01	34023
Mercedes-benz	T2/ln1	507 D	Pritsche/Fahrgestell	Heckantrieb	Diesel	53	72	Apr 1986	Apr 1989	2024-03-01	34024
Mercedes-benz	T2/ln1	507 DK	Pritsche/Fahrgestell	Heckantrieb	Diesel	53	72	Apr 1986	Apr 1989	2024-05-01	34025
Mercedes-benz	T2/ln1	508 D	Kasten	Heckantrieb	Diesel	58	79	Mar 1989	Dec 1994	2024-03-01	34026
Mercedes-benz	T2/ln1	508 D	Pritsche/Fahrgestell	Heckantrieb	Diesel	58	79	Mar 1989	Dec 1994	2024-05-01	34027
Mercedes-benz	T2/ln1	510	Kasten	Heckantrieb	Benzin	70	95	Apr 1986	Dec 1994	2024-03-01	34028
Mercedes-benz	T2/ln1	510	Pritsche/Fahrgestell	Heckantrieb	Benzin	70	95	Apr 1986	Dec 1994	2024-03-01	34029
Mercedes-benz	T2/ln1	609 D	Kasten	Heckantrieb	Diesel	63	86	Apr 1986	Dec 1994	2024-03-01	34030
Mercedes-benz	T2/ln1	609 D	Pritsche/Fahrgestell	Heckantrieb	Diesel	63	86	Apr 1986	Dec 1994	2024-03-01	34031
Mercedes-benz	T2/ln1	609 DK	Pritsche/Fahrgestell	Heckantrieb	Diesel	63	86	Apr 1986	Dec 1994	2024-05-01	34032
Mercedes-benz	T2/ln1	609 D	Kasten	Heckantrieb	Diesel	77	105	Jun 1994	Dec 1994	2024-03-01	34033
Mercedes-benz	T2/ln1	609 D	Pritsche/Fahrgestell	Heckantrieb	Diesel	77	105	Jun 1994	Dec 1994	2024-03-01	34034
Mercedes-benz	T2/ln1	709 D	Kasten	Heckantrieb	Diesel	63	86	Apr 1986	Dec 1994	2024-03-01	34035
Mercedes-benz	T2/ln1	709 DK	Pritsche/Fahrgestell	Heckantrieb	Diesel	63	86	Apr 1986	Dec 1994	2024-05-01	34037
Mercedes-benz	T2/ln1	711 D	Kasten	Heckantrieb	Diesel	77	105	Apr 1986	Dec 1994	2024-03-01	34038
Mercedes-benz	T2/ln1	711 D	Pritsche/Fahrgestell	Heckantrieb	Diesel	77	105	Apr 1986	Dec 1994	2024-03-01	34039
Mercedes-benz	T2/ln1	714 D	Kasten	Heckantrieb	Diesel	103	140	Jun 1994	Dec 1994	2024-03-01	34040
Mercedes-benz	T2/ln1	714 D	Pritsche/Fahrgestell	Heckantrieb	Diesel	103	140	Jun 1994	Dec 1994	2024-03-01	34041
Mercedes-benz	T2/ln1	809 D	Kasten	Heckantrieb	Diesel	63	86	Apr 1986	Dec 1994	2024-03-01	34042
Mercedes-benz	T2/ln1	809 DK	Pritsche/Fahrgestell	Heckantrieb	Diesel	63	86	Apr 1986	Dec 1994	2024-05-01	34043
Mercedes-benz	T2/ln1	811 D	Kasten	Heckantrieb	Diesel	77	105	Apr 1986	Dec 1994	2024-03-01	34044
Mercedes-benz	T2/ln1	814 D	Kasten	Heckantrieb	Diesel	100	136	Nov 1987	Dec 1994	2024-03-01	34046
Mercedes-benz	T2/ln1	814 D	Pritsche/Fahrgestell	Heckantrieb	Diesel	100	136	Nov 1987	Dec 1994	2024-03-01	34047
Mercedes-benz	T2/ln1	814 DA 4X4	Kasten	Allrad	Diesel	100	136	Nov 1987	Dec 1994	2024-03-01	34048
Mercedes-benz	T2/ln1	814 DA 4X4	Pritsche/Fahrgestell	Allrad	Diesel	100	136	Nov 1987	Dec 1994	2024-03-01	34049
Iveco	Daily i	30-8	Pritsche/Fahrgestell	Heckantrieb	Diesel	53	72	Jan 1978	Dec 1989	2024-03-01	34050
Iveco	Daily ii	30-8	Pritsche/Fahrgestell	Heckantrieb	Diesel	55	75	Jan 1992	Aug 1998	2024-03-01	34051
Iveco	Daily i	30-8	Kasten	Heckantrieb	Diesel	53	72	Jan 1978	Dec 1989	2024-03-01	34055
Iveco	Daily ii	30-8	Kasten	Heckantrieb	Diesel	55	75	Jan 1989	Aug 1998	2024-03-01	34056
Iveco	Daily ii	30-8	Kasten	Heckantrieb	Diesel	60	82	Jan 1989	Aug 1998	2024-03-01	34057
Iveco	Daily i	35-8	Pritsche/Fahrgestell	Heckantrieb	Diesel	53	72	Jan 1978	Dec 1989	2024-03-01	34060
Iveco	Daily ii	35-8	Pritsche/Fahrgestell	Heckantrieb	Diesel	55	75	Jan 1989	Aug 1998	2024-03-01	34061
Iveco	Daily i	35-8	Kasten	Heckantrieb	Diesel	53	72	Jan 1978	Dec 1989	2024-03-01	34063
Iveco	Daily ii	35-8	Kasten	Heckantrieb	Diesel	55	75	Jan 1991	Aug 1998	2024-03-01	34064
Iveco	Daily ii	35-8	Kasten	Heckantrieb	Diesel	62	84	Sep 1998	May 1999	2024-03-01	34065
Iveco	Daily i	35-10	Pritsche/Fahrgestell	Heckantrieb	Diesel	68	92	Jan 1985	Dec 1989	2024-03-01	34067
Iveco	Daily ii	35-10	Pritsche/Fahrgestell	Heckantrieb	Diesel	76	103	Jan 1996	May 1999	2024-03-01	34069
Iveco	Daily i	35-10	Kasten	Heckantrieb	Diesel	68	92	Jan 1985	Dec 1989	2024-03-01	34070
Iveco	Daily ii	35-10	Kasten	Heckantrieb	Diesel	76	103	Jan 1989	Aug 1998	2024-03-01	34071
Iveco	Daily ii	35-10	Kasten	Heckantrieb	Diesel	76	103	Jan 1996	May 1999	2024-03-01	34072
Iveco	Daily ii	35-12	Pritsche/Fahrgestell	Heckantrieb	Diesel	85	116	Jan 1990	Apr 1996	2024-03-01	34074
Iveco	Daily ii	35-12	Pritsche/Fahrgestell	Heckantrieb	Diesel	90	122	May 1996	May 1999	2024-03-01	34075
Iveco	Daily ii	35-12	Kasten	Heckantrieb	Diesel	85	116	Jan 1990	Apr 1996	2024-03-01	34076
Iveco	Daily ii	35-12 K	Pritsche/Fahrgestell	Heckantrieb	Diesel	90	122	Sep 1996	Aug 1998	2024-05-01	34077
Iveco	Daily i	40-10	Pritsche/Fahrgestell	Heckantrieb	Diesel	68	92	Jan 1985	Dec 1989	2024-05-01	34078
Iveco	Daily i	40-10 V	Kasten	Heckantrieb	Diesel	68	92	Jan 1985	Dec 1989	2024-05-01	34079
Iveco	Daily ii	40-10 4X4	Kasten	Allrad	Diesel	76	103	Jan 1997	May 1999	2024-03-01	34081
Iveco	Daily ii	A 40-10	Bus	Heckantrieb	Diesel	76	103	Jan 1991	Dec 1996	2024-03-01	34082
Iveco	Daily ii	A 40-10	Bus	Heckantrieb	Diesel	76	103	Sep 1996	May 1999	2024-03-01	34083
Iveco	Daily ii	A 40-12	Bus	Heckantrieb	Diesel	90	122	May 1996	May 1999	2024-03-01	34086
Iveco	Daily i	45-10	Pritsche/Fahrgestell	Heckantrieb	Diesel	68	92	Jan 1985	Dec 1989	2024-03-01	34087
Iveco	Daily i	45-10 V	Kasten	Heckantrieb	Diesel	68	92	Jan 1985	Dec 1989	2024-03-01	34089
Iveco	Daily ii	A 45-10	Bus	Heckantrieb	Diesel	76	103	Jan 1991	Apr 1996	2024-03-01	34092
Iveco	Daily ii	A 45-10	Bus	Heckantrieb	Diesel	76	103	May 1996	May 1999	2024-03-01	34093
Iveco	Daily ii	A 45-12	Bus	Heckantrieb	Diesel	90	122	May 1996	May 1999	2024-03-01	34095
Iveco	Daily i	49-10	Pritsche/Fahrgestell	Heckantrieb	Diesel	68	92	Jan 1985	Dec 1989	2024-03-01	34096
Iveco	Daily ii	49-10	Pritsche/Fahrgestell	Heckantrieb	Diesel	76	103	Jan 1989	Apr 1996	2024-03-01	34097
Iveco	Daily ii	49-10	Pritsche/Fahrgestell	Heckantrieb	Diesel	76	103	May 1996	May 1999	2024-03-01	34098
Iveco	Daily i	49-10 V	Kasten	Heckantrieb	Diesel	68	92	Jan 1985	Dec 1989	2024-03-01	34099
Iveco	Daily ii	49-10 V	Kasten	Heckantrieb	Diesel	76	103	Jan 1989	Apr 1996	2024-03-01	34100
Iveco	Daily ii	49-12	Pritsche/Fahrgestell	Heckantrieb	Diesel	85	116	Jun 1990	Apr 1996	2024-03-01	34103
Iveco	Daily ii	49-12	Pritsche/Fahrgestell	Heckantrieb	Diesel	90	122	May 1996	May 1999	2024-03-01	34104
Iveco	Daily ii	49-12 V	Kasten	Heckantrieb	Diesel	85	116	Jun 1990	Apr 1996	2024-03-01	34105
Iveco	Daily ii	49-12 V	Kasten	Heckantrieb	Diesel	90	122	May 1996	May 1999	2024-03-01	34106
Iveco	Daily ii	59-12	Pritsche/Fahrgestell	Heckantrieb	Diesel	85	116	May 1991	Apr 1996	2024-03-01	34108
Iveco	Daily ii	59-12	Pritsche/Fahrgestell	Heckantrieb	Diesel	90	122	May 1996	May 1999	2024-03-01	34109
Mercedes-benz	T2/ln1	O 609 D	Bus	Heckantrieb	Diesel	66	90	Jul 1987	Dec 1992	2024-03-01	34114
Mercedes-benz	T2/ln1	O 611 D	Bus	Heckantrieb	Diesel	85	116	Jul 1987	Dec 1992	2024-03-01	34115
Mercedes-benz	T2/ln1	O 614 D	Bus	Heckantrieb	Diesel	100	136	Jul 1987	Dec 1992	2024-03-01	34116
Renault Trucks	Messenger	B 120.35	Pritsche/Fahrgestell	Heckantrieb	Diesel	85	116	Oct 1991	Jul 1996	2024-03-01	34117
Renault Trucks	Messenger	B 120.55	Pritsche/Fahrgestell	Heckantrieb	Diesel	85	116	Jan 1994	Sep 1996	2024-03-01	34118
Renault Trucks	Messenger	B 120.55	Kasten	Heckantrieb	Diesel	85	116	Jan 1994	Sep 1996	2024-03-01	34119
Renault Trucks	Messenger	B 120.35	Pritsche/Fahrgestell	Heckantrieb	Diesel	90	122	Sep 1996	Jun 1999	2024-03-01	34120
Renault Trucks	Messenger	B 120.55	Pritsche/Fahrgestell	Heckantrieb	Diesel	90	122	Sep 1996	Jun 1999	2024-03-01	34121
Renault Trucks	Messenger	B 120.55	Kasten	Heckantrieb	Diesel	90	122	Sep 1996	Jun 1999	2024-03-01	34122
Renault Trucks	Messenger	B 120.65	Pritsche/Fahrgestell	Heckantrieb	Diesel	85	116	Jan 1994	Sep 1996	2024-03-01	34123
Renault Trucks	Messenger	B 120.65	Pritsche/Fahrgestell	Heckantrieb	Diesel	90	122	Sep 1996	Jun 1999	2024-03-01	34124
Renault Trucks	Messenger	B 120.55t	Sattelschlepper	Heckantrieb	Diesel	85	116	Jan 1994	Sep 1996	2024-03-01	34125
Renault Trucks	Messenger	B 120.55t	Sattelschlepper	Heckantrieb	Diesel	90	122	Sep 1996	Jun 1999	2024-03-01	34126
Renault Trucks	Messenger	B 110.45 4X4	Pritsche/Fahrgestell	Allrad	Diesel	78	106	Sep 1996	Jun 1999	2024-03-01	34127
Renault Trucks	Messenger	B 110.45 4X4	Kasten	Allrad	Diesel	78	106	Sep 1996	Jun 1999	2024-03-01	34128
Renault Trucks	Messenger	B 120.35	Kasten	Heckantrieb	Diesel	90	122	Sep 1996	Jun 1999	2024-03-01	34129
Iveco	Daily i	40-8	Pritsche/Fahrgestell	Heckantrieb	Diesel	53	72	Jan 1983	Jun 1989	2024-03-01	34134
Iveco	Daily i	40-8 V	Kasten	Heckantrieb	Diesel	53	72	Jan 1983	Jun 1989	2024-03-01	34135
Iveco	Daily ii	40-10 W 4X4	Pritsche/Fahrgestell	Allrad	Diesel	76	103	Jan 1997	May 1999	2024-03-01	34136
Mercedes-benz	T2/ln1	611 D	Pritsche/Fahrgestell	Heckantrieb	Diesel	77	105	Jun 1994	Dec 1994	2024-03-01	34137
Mercedes-benz	T2/ln1	611 DK	Pritsche/Fahrgestell	Heckantrieb	Diesel	77	105	Jun 1994	Dec 1994	2024-05-01	34138
Mercedes-benz	T2/ln1	611 D	Kasten	Heckantrieb	Diesel	77	105	Jun 1994	Dec 1994	2024-03-01	34139
Renault Trucks	Mascott	130.55	Kasten	Heckantrieb	Diesel	92	125	Jan 1999	Jun 2004	2024-03-01	34143
Renault Trucks	Mascott	130.35	Kasten	Heckantrieb	Diesel	92	125	Jan 1999	Jun 2004	2024-03-01	34144
Renault Trucks	Mascott	110	Pritsche/Fahrgestell	Heckantrieb	Diesel	78	106	Jan 1999	Jun 2004	2024-03-01	34145
Renault Trucks	Mascott	110.55	Kasten	Heckantrieb	Diesel	78	106	Jan 1999	Jun 2004	2024-03-01	34149
Renault Trucks	Mascott	110.5	Kasten	Heckantrieb	Diesel	78	106	Jan 1999	Jun 2004	2024-03-01	34150
Renault Trucks	Mascott	110.35	Kasten	Heckantrieb	Diesel	78	106	Jan 1999	Jun 2004	2024-03-01	34151
Renault Trucks	Mascott	90	Pritsche/Fahrgestell	Heckantrieb	Diesel	63	86	Jan 1999	Dec 2001	2024-03-01	34152
Renault Trucks	Mascott	90.35	Kasten	Heckantrieb	Diesel	63	86	Jan 1999	Dec 2001	2024-03-01	34153
Mercedes-benz	T2/ln1	809 D	Pritsche/Fahrgestell	Heckantrieb	Diesel	63	86	Apr 1986	Dec 1994	2024-03-01	34154
Mercedes-benz	T2/ln1	809 DT	Triebkopf	Frontantrieb	Diesel	66	90	Apr 1986	Dec 1994	2024-03-01	34155
Mercedes-benz	T2/ln1	811 D	Pritsche/Fahrgestell	Heckantrieb	Diesel	77	105	Apr 1986	Dec 1994	2024-03-01	34156
Renault Trucks	Messenger	B 80.45	Kasten	Heckantrieb	Diesel	55	75	Sep 1990	Jun 1999	2024-03-01	34157
Renault Trucks	Messenger	B 80.35	Kasten	Heckantrieb	Diesel	55	75	Sep 1990	Jun 1999	2024-03-01	34158
Renault Trucks	Messenger	B 80.45	Pritsche/Fahrgestell	Heckantrieb	Diesel	55	75	Sep 1990	Jun 1999	2024-03-01	34159
Renault Trucks	Messenger	B 80.35	Pritsche/Fahrgestell	Heckantrieb	Diesel	55	75	Sep 1990	Jun 1999	2024-03-01	34160
Iveco	Daily iii	29 L 9	Pritsche/Fahrgestell	Heckantrieb	Diesel	62	84	May 1999	Apr 2006	2024-03-01	34161
Iveco	Daily iii	29 L 9 V	Kasten	Heckantrieb	Diesel	62	84	May 1999	Jul 2007	2024-03-01	34162
Iveco	Daily iii	29 L 11	Pritsche/Fahrgestell	Heckantrieb	Diesel	78	105	May 1999	Apr 2006	2024-03-01	34163
Iveco	Daily iii	29 L 11 V	Kasten	Heckantrieb	Diesel	78	106	May 1999	Jul 2007	2024-03-01	34164
Iveco	Daily iii	35 S 9,35 C 9	Pritsche/Fahrgestell	Heckantrieb	Diesel	62	84	May 1999	Apr 2006	2024-03-01	34165
Iveco	Daily iii	35 S 9 V,35 C 9 V	Kasten	Heckantrieb	Diesel	62	84	May 1999	Jul 2007	2024-03-01	34166
Iveco	Daily iii	35 S 11,35 C 11	Pritsche/Fahrgestell	Heckantrieb	Diesel	78	106	May 1999	Apr 2006	2024-03-01	34167
Iveco	Daily iii	35 S 11 V,35 C 11 V	Kasten	Heckantrieb	Diesel	78	106	May 1999	Jul 2007	2024-03-01	34168
Iveco	Daily iii	35 S 13,35 C 13	Pritsche/Fahrgestell	Heckantrieb	Diesel	92	125	May 1999	Apr 2006	2024-03-01	34169
Iveco	Daily iii	35 S 13 V,35 C 13 V	Kasten	Heckantrieb	Diesel	92	125	May 1999	Jul 2007	2024-03-01	34170
Iveco	Daily iii	50 C 11	Pritsche/Fahrgestell	Heckantrieb	Diesel	78	106	May 1999	Apr 2006	2024-03-01	34171
Iveco	Daily iii	50 C 11	Kasten	Heckantrieb	Diesel	78	106	May 1999	Jul 2007	2024-03-01	34172
Iveco	Daily iii	50 C 13	Pritsche/Fahrgestell	Heckantrieb	Diesel	92	125	May 1999	Apr 2006	2024-03-01	34173
Iveco	Daily iii	50 C 13	Kasten	Heckantrieb	Diesel	92	125	May 1999	Jul 2007	2024-03-01	34174
Mercedes-benz	T1/tn	407 D	Pritsche/Fahrgestell	Heckantrieb	Diesel	53	72	Jul 1981	Jan 1989	2024-03-01	34179
Mercedes-benz	T1/tn	407 D	Kasten	Heckantrieb	Diesel	53	72	Jul 1981	Jan 1989	2024-03-01	34180
Mercedes-benz	T1/tn	408 D	Pritsche/Fahrgestell	Heckantrieb	Diesel	58	79	Nov 1988	Jun 1995	2024-03-01	34181
Mercedes-benz	T1/tn	408 D	Kasten	Heckantrieb	Diesel	58	79	Nov 1988	Jun 1995	2024-03-01	34182
Mercedes-benz	T1/tn	409 D	Pritsche/Fahrgestell	Heckantrieb	Diesel	65	88	Apr 1982	Jan 1989	2024-03-01	34183
Mercedes-benz	T1/tn	409 D	Kasten	Heckantrieb	Diesel	65	88	Apr 1982	Jan 1989	2024-03-01	34184
Mercedes-benz	T1/tn	410 D	Pritsche/Fahrgestell	Heckantrieb	Diesel	70	95	Nov 1988	Jun 1995	2024-03-01	34185
Mercedes-benz	T1/tn	410 D	Kasten	Heckantrieb	Diesel	70	95	Nov 1988	Jun 1995	2024-03-01	34186
Mercedes-benz	T1/tn	410	Pritsche/Fahrgestell	Heckantrieb	Benzin	70	95	Aug 1982	Jun 1995	2024-03-01	34187
Mercedes-benz	T1/tn	410	Kasten	Heckantrieb	Benzin	70	95	Aug 1982	Jun 1995	2024-03-01	34188
Renault Trucks	Mascott	140	Pritsche/Fahrgestell	Heckantrieb	Diesel	103	140	Jan 2001	Jun 2004	2024-03-01	34189
Renault Trucks	Mascott	140.35	Kasten	Heckantrieb	Diesel	103	140	Jan 2001	Jun 2004	2024-03-01	34192
Renault Trucks	Mascott	140.55	Kasten	Heckantrieb	Diesel	103	140	Jan 2001	Jun 2004	2024-03-01	34193
Mercedes-benz	Vario	512 D	Pritsche/Fahrgestell	Heckantrieb	Diesel	90	122	Sep 1996	Dec 2010	2024-03-01	34196
Mercedes-benz	Vario	512 D	Kasten	Heckantrieb	Diesel	90	122	Sep 1996	Dec 2010	2024-03-01	34197
Mercedes-benz	Vario	612 D	Pritsche/Fahrgestell	Heckantrieb	Diesel	90	122	Sep 1996	Dec 2010	2024-03-01	34198
Mercedes-benz	Vario	612 D	Kasten	Heckantrieb	Diesel	90	122	Sep 1996	Dec 2010	2024-03-01	34199
Mercedes-benz	Vario	612 D	Pritsche/Fahrgestell	Heckantrieb	Diesel	90	122	Sep 1996	Dec 2010	2024-05-01	34200
Mercedes-benz	Vario	613 D, 614 D	Pritsche/Fahrgestell	Heckantrieb	Diesel	95	129	Sep 1996	-	2024-03-01	34201
Mercedes-benz	Vario	613 D, 614 D	Kasten	Heckantrieb	Diesel	95	129	Sep 1996	Dec 2013	2024-03-01	34202
Mercedes-benz	Vario	613 D, 614 D	Pritsche/Fahrgestell	Heckantrieb	Diesel	95	129	Sep 1996	Dec 2013	2024-05-01	34203
Mercedes-benz	Vario	615 D, 616 D	Pritsche/Fahrgestell	Heckantrieb	Diesel	112	152	Sep 1998	-	2024-03-01	34204
Mercedes-benz	Vario	615 D, 616 D	Kasten	Heckantrieb	Diesel	115	156	Sep 1998	Dec 2013	2024-03-01	34205
Mercedes-benz	Vario	615 D, 616 D	Pritsche/Fahrgestell	Heckantrieb	Diesel	112	152	Sep 1998	-	2024-05-01	34206
Mercedes-benz	Vario	812 D	Pritsche/Fahrgestell	Heckantrieb	Diesel	90	122	Sep 1996	Dec 2010	2024-03-01	34207
Mercedes-benz	Vario	812 D	Kasten	Heckantrieb	Diesel	90	122	Sep 1996	Dec 2010	2024-03-01	34208
Mercedes-benz	Vario	812 D	Pritsche/Fahrgestell	Heckantrieb	Diesel	90	122	Sep 1996	Dec 2010	2024-05-01	34209
Mercedes-benz	Vario	813 D, 814 D	Pritsche/Fahrgestell	Heckantrieb	Diesel	95	129	Sep 1996	Dec 2013	2024-03-01	34210
Mercedes-benz	Vario	813 D, 814 D	Kasten	Heckantrieb	Diesel	95	129	Sep 1996	Dec 2013	2024-03-01	34211
Mercedes-benz	Vario	813 D, 814 D	Pritsche/Fahrgestell	Heckantrieb	Diesel	95	129	Sep 1996	Dec 2013	2024-05-01	34212
Mercedes-benz	Vario	815 D, 816 D	Pritsche/Fahrgestell	Heckantrieb	Diesel	112	152	Sep 1996	Dec 2010	2024-03-01	34213
Mercedes-benz	Vario	815 D, 816 D	Kasten	Heckantrieb	Diesel	112	152	Sep 1996	Dec 2010	2024-03-01	34214
Mercedes-benz	Vario	815 D, 816 D	Pritsche/Fahrgestell	Heckantrieb	Diesel	112	152	Sep 1996	-	2024-05-01	34215
Mercedes-benz	Vario	813 DA, 814 DA 4X4	Pritsche/Fahrgestell	Allrad	Diesel	95	129	Sep 1996	Dec 2013	2024-03-01	34216
Mercedes-benz	Vario	813 DA, 814 DA 4X4	Kasten	Allrad	Diesel	95	129	Sep 1996	Dec 2013	2024-03-01	34217
Mercedes-benz	Vario	813 DA, 814 DA 4X4	Pritsche/Fahrgestell	Allrad	Diesel	95	129	Sep 1996	Dec 2013	2024-05-01	34218
Mercedes-benz	Vario	815 DA, 816 DA 4X4	Pritsche/Fahrgestell	Allrad	Diesel	112	152	Sep 1996	Dec 2010	2024-03-01	34219
Mercedes-benz	Vario	815 DA, 816 DA 4X4	Kasten	Allrad	Diesel	112	152	Sep 1996	Dec 2010	2024-03-01	34220
Mercedes-benz	Vario	815 DA, 816 DA 4X4	Pritsche/Fahrgestell	Allrad	Diesel	112	152	Sep 1996	Dec 2010	2024-05-01	34221
Mercedes-benz	Vario	O 810	Bus	Heckantrieb	Diesel	75	102	Sep 1996	Dec 2010	2024-03-01	34222
Mercedes-benz	Vario	O 812	Bus	Heckantrieb	Diesel	90	122	Sep 1996	Dec 2010	2024-03-01	34223
Mercedes-benz	Vario	O 814	Bus	Heckantrieb	Diesel	100	136	Sep 1996	Dec 2010	2024-03-01	34224
Mercedes-benz	Vario	O 815	Bus	Heckantrieb	Diesel	112	152	Sep 1996	Dec 2010	2024-03-01	34225
Mercedes-benz	Vario	810 DT	Triebkopf	Heckantrieb	Diesel	75	102	Sep 1996	Jun 2006	2024-03-01	34226
Mercedes-benz	Vario	814 DT	Triebkopf	Heckantrieb	Diesel	100	136	Sep 1996	Jun 2006	2024-03-01	34227
Mercedes-benz	Vario	816 DT	Triebkopf	Heckantrieb	Diesel	112	152	Sep 1996	Jun 2006	2024-03-01	34228
Mercedes-benz	T2/l	LK 408 G	Pritsche/Fahrgestell	Heckantrieb	Benzin	63	85	Jan 1968	Dec 1974	2024-05-01	34229
Mercedes-benz	T2/l	LK 408 G, LK 409	Pritsche/Fahrgestell	Heckantrieb	Benzin	66	90	Jan 1975	Aug 1982	2024-05-01	34230
Mercedes-benz	T2/l	LK 408 G, LK 409	Pritsche/Fahrgestell	Heckantrieb	Benzin	70	95	Aug 1982	Sep 1983	2024-05-01	34231
Renault Trucks	B	70	Kasten	Heckantrieb	Diesel	53	72	Jan 1983	Dec 1990	2024-03-01	34232
Renault Trucks	B	70	Pritsche/Fahrgestell	Heckantrieb	Diesel	53	72	Jan 1983	Dec 1990	2024-03-01	34233
Renault Trucks	B	90	Kasten	Heckantrieb	Diesel	68	92	Apr 1986	Sep 1990	2024-03-01	34234
Renault Trucks	B	90	Pritsche/Fahrgestell	Heckantrieb	Diesel	68	92	Apr 1986	Sep 1990	2024-03-01	34235
Renault Trucks	B	90	Kasten	Heckantrieb	Diesel	71	97	Aug 1990	Jan 1992	2024-03-01	34236
Renault Trucks	B	90	Pritsche/Fahrgestell	Heckantrieb	Diesel	71	97	Aug 1990	Jan 1992	2024-03-01	34237
Renault Trucks	B	90 4X4	Pritsche/Fahrgestell	Allrad	Diesel	71	97	Aug 1990	Jan 1992	2024-03-01	34238
Renault Trucks	B	90 4X4	Pritsche/Fahrgestell	Allrad	Diesel	68	92	Aug 1990	Jan 1992	2024-03-01	34239
Iveco	Daily iii	29 L 13	Pritsche/Fahrgestell	Heckantrieb	Diesel	92	125	Nov 2001	Apr 2006	2024-03-01	34240
Iveco	Daily iii	35 C 15	Pritsche/Fahrgestell	Heckantrieb	Diesel	107	146	Nov 2001	Apr 2006	2024-03-01	34241
Iveco	Daily iii	50 C 15	Pritsche/Fahrgestell	Heckantrieb	Diesel	107	146	Jan 2001	Apr 2006	2024-03-01	34242
Iveco	Daily iii	65 C 15	Pritsche/Fahrgestell	Heckantrieb	Diesel	107	146	Nov 2001	Apr 2006	2024-03-01	34243
Iveco	Daily iii	29 L 10	Pritsche/Fahrgestell	Heckantrieb	Diesel	70	95	Sep 2002	Apr 2006	2024-03-01	34244
Iveco	Daily iii	29 L 10 V	Kasten	Heckantrieb	Diesel	70	95	Sep 2002	Jul 2007	2024-03-01	34245
Iveco	Daily iii	29 L 12	Pritsche/Fahrgestell	Heckantrieb	Diesel	85	116	Sep 2002	Apr 2006	2024-03-01	34246
Iveco	Daily iii	29 L 12 V	Kasten	Heckantrieb	Diesel	85	116	Sep 2002	Jul 2007	2024-03-01	34247
Iveco	Daily iii	29 L 13	Kasten	Heckantrieb	Diesel	92	125	May 2001	Jul 2007	2024-03-01	34248
Iveco	Daily iii	35 S 15 V, 35 C 15 V	Kasten	Heckantrieb	Diesel	107	146	Nov 2002	Jul 2007	2024-03-01	34249
Mercedes-benz	T2/l	LKO 508 DG	Kommunalfahrzeug	Heckantrieb	Diesel	63	85	Jun 1972	Feb 1977	2024-03-01	34250
Mercedes-benz	T2/l	LKO 508 DG	Pritsche/Fahrgestell	Heckantrieb	Diesel	63	85	Sep 1972	Jun 1988	2024-05-01	34251
Mercedes-benz	T2/l	L 608 D	Pritsche/Fahrgestell	Heckantrieb	Diesel	63	85	Feb 1984	Dec 1988	2024-05-01	34252
Renault Trucks	Mascott	150.35	Pritsche/Fahrgestell	Heckantrieb	Diesel	107	146	Oct 2001	Jun 2004	2024-03-01	34257
Renault Trucks	Mascott	150.35	Kasten	Heckantrieb	Diesel	107	146	Oct 2001	Jun 2004	2024-03-01	34258
Renault Trucks	Mascott	150.35	Pritsche/Fahrgestell	Heckantrieb	Diesel	107	146	Oct 2001	Jun 2004	2024-03-01	34259
Renault Trucks	Mascott	150.55	Kasten	Heckantrieb	Diesel	107	146	Oct 2001	Jun 2004	2024-03-01	34260
Renault Trucks	Mascott	150.65	Kasten	Heckantrieb	Diesel	107	146	Oct 2001	Jun 2004	2024-03-01	34261
Iveco	Daily iii	35 S 10	Kasten	Heckantrieb	Diesel	70	95	Sep 2002	Jul 2007	2024-03-01	34262
Iveco	Daily iii	35 C 10 V , 35 S 10 V	Pritsche/Fahrgestell	Heckantrieb	Diesel	70	95	Sep 2002	Apr 2006	2024-03-01	34263
Iveco	Daily iii	35 C 12 , 35 S 12	Pritsche/Fahrgestell	Heckantrieb	Diesel	85	116	Sep 2002	Apr 2006	2024-03-01	34264
Iveco	Daily iii	35 C 12 V, 35 S 12 V	Kasten	Heckantrieb	Diesel	85	116	Sep 2002	Jul 2007	2024-03-01	34265
Nissan	Trade	3.0 D	Pritsche/Fahrgestell	Heckantrieb	Diesel	78	106	Jan 1996	Dec 1998	2024-03-01	34266
Nissan	Trade	100	Kasten	Heckantrieb	Diesel	78	106	Jan 1996	Dec 1998	2024-03-01	34267
Nissan	Trade	3.0 D	Pritsche/Fahrgestell	Heckantrieb	Diesel	63	86	Jan 1994	Dec 1998	2024-03-01	34268
Nissan	Trade	75	Kasten	Heckantrieb	Diesel	55	75	May 1997	Dec 2000	2024-03-01	34269
Renault Trucks	Mascott	120.35	Pritsche/Fahrgestell	Heckantrieb	Diesel	85	115	May 2004	Dec 2010	2024-03-01	34270
Renault Trucks	Mascott	120.35	Kasten	Heckantrieb	Diesel	85	115	May 2004	Oct 2010	2024-03-01	34271
Renault Trucks	Mascott	120.55	Pritsche/Fahrgestell	Heckantrieb	Diesel	85	115	May 2004	Dec 2010	2024-03-01	34272
Renault Trucks	Mascott	120.55	Kasten	Heckantrieb	Diesel	85	115	May 2004	Oct 2010	2024-03-01	34273
Renault Trucks	Mascott	120.65	Pritsche/Fahrgestell	Heckantrieb	Diesel	85	115	May 2004	Dec 2010	2024-03-01	34274
Renault Trucks	Mascott	160.35	Pritsche/Fahrgestell	Heckantrieb	Diesel	115	156	May 2004	Dec 2010	2024-03-01	34275
Renault Trucks	Mascott	160.35	Kasten	Heckantrieb	Diesel	115	156	May 2004	Oct 2010	2024-03-01	34276
Renault Trucks	Mascott	160.55	Pritsche/Fahrgestell	Heckantrieb	Diesel	115	156	May 2004	Dec 2010	2024-03-01	34277
Renault Trucks	Mascott	160.55	Kasten	Heckantrieb	Diesel	115	156	May 2004	Oct 2010	2024-03-01	34278
Renault Trucks	Mascott	160.65	Pritsche/Fahrgestell	Heckantrieb	Diesel	115	156	May 2004	Dec 2010	2024-03-01	34279
Mercedes-benz	Sprinter 5-T	616 CDI	Pritsche/Fahrgestell	Heckantrieb	Diesel	115	156	Apr 2001	May 2006	2024-03-01	34280
Iveco	Daily iii	29 L 14	Pritsche/Fahrgestell	Heckantrieb	Diesel	100	136	Nov 2005	Apr 2006	2024-03-01	34282
Iveco	Daily iv	50c15	Pritsche/Fahrgestell	Heckantrieb	Diesel	107	146	May 2006	Aug 2011	2024-03-01	34283
Iveco	Daily iv	50c18	Pritsche/Fahrgestell	Heckantrieb	Diesel	130	176	May 2006	Aug 2011	2024-03-01	34284
Iveco	Daily iv	60c18	Pritsche/Fahrgestell	Heckantrieb	Diesel	130	176	May 2006	Aug 2011	2024-03-01	34285
Iveco	Daily iv	65c18	Pritsche/Fahrgestell	Heckantrieb	Diesel	130	176	May 2006	Aug 2011	2024-03-01	34286
Iveco	Daily iv	29l10	Pritsche/Fahrgestell	Heckantrieb	Diesel	70	95	May 2006	Aug 2011	2024-03-01	34287
Iveco	Daily iv	29l12	Pritsche/Fahrgestell	Heckantrieb	Diesel	85	116	May 2006	Aug 2011	2024-03-01	34288
Iveco	Daily iv	29l14	Pritsche/Fahrgestell	Heckantrieb	Diesel	100	136	May 2006	Aug 2011	2024-03-01	34289
Iveco	Daily iv	35c10, 35s10	Pritsche/Fahrgestell	Heckantrieb	Diesel	70	95	May 2006	Aug 2011	2024-03-01	34290
Iveco	Daily iv	35c12, 35s12	Pritsche/Fahrgestell	Heckantrieb	Diesel	85	116	May 2006	Aug 2011	2024-03-01	34291
Iveco	Daily iv	35c15	Pritsche/Fahrgestell	Heckantrieb	Diesel	107	146	May 2006	Aug 2011	2024-03-01	34292
Iveco	Daily iv	35c18, 35s18	Pritsche/Fahrgestell	Heckantrieb	Diesel	130	176	May 2006	Aug 2011	2024-03-01	34293
Iveco	Daily iv	35c14, 35s14, 35s14 /P	Pritsche/Fahrgestell	Heckantrieb	Diesel	100	136	May 2006	Aug 2011	2024-03-01	34294
Iveco	Daily iv	40c10	Pritsche/Fahrgestell	Heckantrieb	Diesel	70	95	May 2006	Aug 2011	2024-03-01	34295
Iveco	Daily iv	40c12	Pritsche/Fahrgestell	Heckantrieb	Diesel	85	116	May 2006	Aug 2011	2024-03-01	34296
Iveco	Daily iv	40c15	Pritsche/Fahrgestell	Heckantrieb	Diesel	107	146	May 2006	Aug 2011	2024-03-01	34297
Iveco	Daily iv	40c18	Pritsche/Fahrgestell	Heckantrieb	Diesel	130	176	May 2006	Aug 2011	2024-03-01	34298
Iveco	Daily iv	45c15	Pritsche/Fahrgestell	Heckantrieb	Diesel	107	146	May 2006	Aug 2011	2024-03-01	34299
Iveco	Daily iv	45c18, 45c18 /P, 45c18 D, 45c18 D/P	Pritsche/Fahrgestell	Heckantrieb	Diesel	130	176	May 2006	Aug 2011	2024-03-01	34300
Iveco	Daily iv	60c15, 60c15 /P, 60c15 D, 60c15 D/P	Pritsche/Fahrgestell	Heckantrieb	Diesel	107	146	May 2006	Aug 2011	2024-03-01	34301
Iveco	Daily iv	65c15, 65c15 /P, 65c15 D, 65c15 D/P	Pritsche/Fahrgestell	Heckantrieb	Diesel	107	146	May 2006	Aug 2011	2024-03-01	34302
Iveco	Daily iv	29l10 V	Kasten	Heckantrieb	Diesel	70	95	May 2006	Aug 2011	2024-03-01	34303
Iveco	Daily iv	29l14 C, 29l14 C/p, 29l14 V, 29l14 V/P	Kasten	Heckantrieb	Diesel	100	136	May 2006	Aug 2011	2024-03-01	34304
Iveco	Daily iv	29l12 V, 29l12 V/P	Kasten	Heckantrieb	Diesel	85	116	May 2006	Aug 2011	2024-03-01	34305
Iveco	Daily iv	35c10, 35s10	Kasten	Heckantrieb	Diesel	70	95	May 2006	Aug 2011	2024-03-01	34306
Iveco	Daily iv	35c12 V, 35c12 V/p, 35s12 V, 35s12 V/P	Kasten	Heckantrieb	Diesel	85	116	May 2006	Aug 2011	2024-03-01	34307
Iveco	Daily iv	35c15 V, 35c15 V/P	Kasten	Heckantrieb	Diesel	107	146	May 2006	Aug 2011	2024-03-01	34308
Iveco	Daily iv	35c18 V, 35c18 V/p, 35s18 V, 35s18 V/P	Kasten	Heckantrieb	Diesel	130	176	May 2006	Aug 2011	2024-03-01	34309
Iveco	Daily iv	35s14 C, 35s14 C/p, 35s14 V, 35s14 V/p, 35c14 V,...	Kasten	Heckantrieb	Diesel	100	136	May 2006	Aug 2011	2024-03-01	34310
Iveco	Daily iv	40c10 V	Kasten	Heckantrieb	Diesel	70	95	May 2006	Aug 2011	2024-03-01	34311
Iveco	Daily iv	40c12 V, 40c14 V/P	Kasten	Heckantrieb	Diesel	85	116	May 2006	Aug 2011	2024-03-01	34312
Iveco	Daily iv	40c15 V, 40c15 V/P	Kasten	Heckantrieb	Diesel	107	146	May 2006	Aug 2011	2024-03-01	34313
Iveco	Daily iv	40c18 V, 40c18 V/P	Kasten	Heckantrieb	Diesel	130	176	May 2006	Aug 2011	2024-03-01	34314
Iveco	Daily iv	45c15 V	Kasten	Heckantrieb	Diesel	107	146	May 2006	Aug 2011	2024-03-01	34315
Iveco	Daily iv	45c18	Kasten	Heckantrieb	Diesel	130	176	May 2006	Aug 2011	2024-03-01	34316
Iveco	Daily iv	50c15 V, 50c15 V/P	Kasten	Heckantrieb	Diesel	107	146	May 2006	Aug 2011	2024-03-01	34317
Iveco	Daily iv	50c18 V, 50c18 V/P	Kasten	Heckantrieb	Diesel	130	176	May 2006	Aug 2011	2024-03-01	34318
Iveco	Daily iv	60c15 V	Kasten	Heckantrieb	Diesel	107	146	May 2006	Aug 2011	2024-03-01	34319
Iveco	Daily iv	60c18	Kasten	Heckantrieb	Diesel	130	176	May 2006	Aug 2011	2024-03-01	34320
Iveco	Daily iv	65c15	Kasten	Heckantrieb	Diesel	107	146	May 2006	Aug 2011	2024-03-01	34321
Iveco	Daily iv	65c18	Kasten	Heckantrieb	Diesel	130	176	May 2006	Aug 2011	2024-03-01	34322
Iveco	Daily ii	35-10	Pritsche/Fahrgestell	Heckantrieb	Diesel	80	109	Jan 1989	Dec 1996	2024-03-01	34332
Mercedes-benz	Vario	818 D	Pritsche/Fahrgestell	Heckantrieb	Diesel	130	177	Sep 2006	-	2024-03-01	34333
Mercedes-benz	Vario	818 DA 4X4	Pritsche/Fahrgestell	Allrad	Diesel	130	177	Sep 2006	-	2024-03-01	34334
Mercedes-benz	Vario	818 D	Pritsche/Fahrgestell	Heckantrieb	Diesel	130	177	Sep 2006	-	2024-05-01	34335
Mercedes-benz	Vario	818 DA 4X4	Kipper	Allrad	Diesel	130	177	Sep 2006	-	2024-11-01	34336
Mercedes-benz	Vario	818 D	Kasten	Heckantrieb	Diesel	130	177	Sep 2006	Dec 2013	2024-03-01	34337
Mercedes-benz	Vario	618 D	Pritsche/Fahrgestell	Heckantrieb	Diesel	130	177	Sep 2006	-	2024-03-01	34338
Mercedes-benz	Vario	618 D	Kasten	Heckantrieb	Diesel	130	177	Sep 2006	Dec 2013	2024-03-01	34339
Mercedes-benz	Vario	618 D	Pritsche/Fahrgestell	Heckantrieb	Diesel	130	177	Sep 2006	-	2024-05-01	34340
Mercedes-benz	T2/l	L 407 D	Kasten	Heckantrieb	Diesel	53	72	Jan 1975	Dec 1988	2024-03-01	34341
Mercedes-benz	T2/l	L 407 D	Pritsche/Fahrgestell	Heckantrieb	Diesel	53	72	Jan 1975	Dec 1988	2024-03-01	34342
Mercedes-benz	T2/l	L 408 G	Kasten	Heckantrieb	Benzin	63	85	Jan 1968	Dec 1972	2024-03-01	34343
Mercedes-benz	T2/l	L 408 G	Kasten	Heckantrieb	Benzin	63	85	Aug 1972	Dec 1974	2024-03-01	34344
Mercedes-benz	T2/l	L 408 G	Pritsche/Fahrgestell	Heckantrieb	Benzin	63	85	Aug 1972	Dec 1974	2024-03-01	34345
Mercedes-benz	T2/l	LF 408 G	Kommunalfahrzeug	Heckantrieb	Benzin	63	85	Aug 1972	Dec 1974	2024-03-01	34346
Mercedes-benz	T2/l	L 508 DG	Kasten	Heckantrieb	Diesel	63	85	Jan 1970	Dec 1988	2024-03-01	34347
Mercedes-benz	T2/l	L 508 DG	Pritsche/Fahrgestell	Heckantrieb	Diesel	63	85	Jan 1970	Dec 1988	2024-03-01	34348
Mercedes-benz	T2/ln1	510	Kasten	Heckantrieb	Benzin	77	105	Apr 1986	Dec 1994	2024-03-01	34349
Mercedes-benz	T2/ln1	510	Pritsche/Fahrgestell	Heckantrieb	Benzin	77	105	Apr 1986	Dec 1994	2024-03-01	34350
Mercedes-benz	T2/ln1	609 D	Kasten	Heckantrieb	Diesel	66	90	Apr 1986	Dec 1994	2024-03-01	34351
Mercedes-benz	T2/ln1	609 D	Pritsche/Fahrgestell	Heckantrieb	Diesel	66	90	Apr 1986	Dec 1994	2024-03-01	34352
Mercedes-benz	T2/ln1	609 DK	Pritsche/Fahrgestell	Heckantrieb	Diesel	66	90	Apr 1986	Dec 1994	2024-05-01	34353
Mercedes-benz	T2/ln1	709 D	Kasten	Heckantrieb	Diesel	66	90	Apr 1986	Dec 1994	2024-03-01	34354
Mercedes-benz	T2/ln1	709 D	Pritsche/Fahrgestell	Heckantrieb	Diesel	66	90	Apr 1986	Dec 1994	2024-03-01	34355
Mercedes-benz	T2/ln1	709 DK	Pritsche/Fahrgestell	Heckantrieb	Diesel	66	90	Apr 1986	Dec 1994	2024-05-01	34356
Mercedes-benz	T2/ln1	711 D	Kasten	Heckantrieb	Diesel	85	115	Apr 1986	Dec 1994	2024-03-01	34357
Mercedes-benz	T2/ln1	711 D	Pritsche/Fahrgestell	Heckantrieb	Diesel	85	115	Apr 1986	Dec 1994	2024-03-01	34358
Mercedes-benz	T2/ln1	809 D	Kasten	Heckantrieb	Diesel	66	90	Apr 1986	Dec 1994	2024-03-01	34359
Mercedes-benz	T2/ln1	809 DK	Pritsche/Fahrgestell	Heckantrieb	Diesel	66	90	Apr 1986	Dec 1994	2024-05-01	34360
Mercedes-benz	T2/ln1	811 D	Kasten	Heckantrieb	Diesel	85	115	Apr 1986	Dec 1994	2024-03-01	34361
Mercedes-benz	T2/ln1	811 DK	Pritsche/Fahrgestell	Heckantrieb	Diesel	85	115	Apr 1986	Dec 1994	2024-05-01	34362
Mercedes-benz	T2/ln1	814 D	Kasten	Heckantrieb	Diesel	103	140	Nov 1987	Dec 1994	2024-03-01	34363
Mercedes-benz	T2/ln1	814 D	Pritsche/Fahrgestell	Heckantrieb	Diesel	103	140	Nov 1987	Dec 1994	2024-03-01	34364
Mercedes-benz	T2/ln1	814 DA 4X4	Pritsche/Fahrgestell	Allrad	Diesel	100	136	Nov 1987	Dec 1994	2024-03-01	34366
Iveco	Daily ii	30-8	Pritsche/Fahrgestell	Heckantrieb	Diesel	60	82	Jan 1992	Aug 1998	2024-03-01	34367
Iveco	Daily ii	35-8	Pritsche/Fahrgestell	Heckantrieb	Diesel	60	82	Jan 1989	Aug 1998	2024-03-01	34369
Iveco	Daily ii	35-8	Kasten	Heckantrieb	Diesel	60	82	Jan 1991	Aug 1998	2024-03-01	34370
Iveco	Daily ii	35-10	Pritsche/Fahrgestell	Heckantrieb	Diesel	76	103	Jan 1989	Dec 1996	2024-03-01	34371
Iveco	Daily ii	35-10	Kasten	Heckantrieb	Diesel	80	109	Jan 1989	Aug 1998	2024-03-01	34372
Mercedes-benz	T2/ln1	809 D	Pritsche/Fahrgestell	Heckantrieb	Diesel	66	90	Apr 1986	Dec 1994	2024-03-01	34373
Mercedes-benz	T2/ln1	811 D	Pritsche/Fahrgestell	Heckantrieb	Diesel	85	116	Apr 1986	Dec 1994	2024-03-01	34374
Renault Trucks	Messenger	B 80.45	Kasten	Heckantrieb	Diesel	56	76	Sep 1990	Jun 1999	2024-03-01	34375
Renault Trucks	Messenger	B 80.35	Kasten	Heckantrieb	Diesel	56	76	Sep 1990	Jun 1999	2024-03-01	34376
Renault Trucks	Messenger	B 80.45	Pritsche/Fahrgestell	Heckantrieb	Diesel	56	76	Sep 1990	Jun 1999	2024-03-01	34377
Renault Trucks	Messenger	B 80.35	Pritsche/Fahrgestell	Heckantrieb	Diesel	56	76	Sep 1990	Jun 1999	2024-03-01	34378
Mercedes-benz	T1/tn	408 D	Pritsche/Fahrgestell	Heckantrieb	Diesel	60	82	Nov 1988	Jun 1995	2024-03-01	34379
Mercedes-benz	T1/tn	408 D	Kasten	Heckantrieb	Diesel	60	82	Nov 1988	Jun 1995	2024-03-01	34380
Mercedes-benz	T1/tn	410 D	Pritsche/Fahrgestell	Heckantrieb	Diesel	72	98	Nov 1988	Jun 1995	2024-03-01	34381
Mercedes-benz	T1/tn	410 D	Kasten	Heckantrieb	Diesel	72	98	Nov 1988	Jun 1995	2024-03-01	34382
Mercedes-benz	T1/tn	410	Pritsche/Fahrgestell	Heckantrieb	Benzin	77	105	Aug 1982	Jun 1995	2024-03-01	34383
Mercedes-benz	T1/tn	410	Kasten	Heckantrieb	Benzin	77	105	Aug 1982	Jun 1995	2024-03-01	34384
Mercedes-benz	Vario	613 D, 614 D	Pritsche/Fahrgestell	Heckantrieb	Diesel	100	136	Sep 1996	Dec 2011	2024-03-01	34385
Mercedes-benz	Vario	613 D, 614 D	Kasten	Heckantrieb	Diesel	100	136	Sep 1996	Dec 2011	2024-03-01	34386
Mercedes-benz	Vario	613 D, 614 D	Pritsche/Fahrgestell	Heckantrieb	Diesel	100	136	Sep 1996	Nov 2012	2024-05-01	34387
Mercedes-benz	Vario	615 D, 616 D	Pritsche/Fahrgestell	Heckantrieb	Diesel	115	156	Sep 1998	-	2024-03-01	34388
Mercedes-benz	Vario	615 D, 616 D	Pritsche/Fahrgestell	Heckantrieb	Diesel	115	156	Sep 1998	-	2024-05-01	34389
Mercedes-benz	Vario	813 D, 814 D	Pritsche/Fahrgestell	Heckantrieb	Diesel	100	136	Sep 1996	Dec 2013	2024-03-01	34390
Mercedes-benz	Vario	813 D, 814 D	Kasten	Heckantrieb	Diesel	100	136	Sep 1996	Dec 2013	2024-03-01	34391
Mercedes-benz	Vario	813 D, 814 D	Pritsche/Fahrgestell	Heckantrieb	Diesel	100	136	Sep 1996	Dec 2013	2024-05-01	34392
Mercedes-benz	Vario	815 D, 816 D	Pritsche/Fahrgestell	Heckantrieb	Diesel	115	156	Sep 1996	Dec 2013	2024-03-01	34393
Mercedes-benz	Vario	815 D, 816 D	Kasten	Heckantrieb	Diesel	115	156	Sep 1996	Dec 2013	2024-03-01	34394
Mercedes-benz	Vario	815 D, 816 D	Pritsche/Fahrgestell	Heckantrieb	Diesel	115	156	Sep 1996	Dec 2013	2024-05-01	34395
Mercedes-benz	Vario	813 DA, 814 DA 4X4	Pritsche/Fahrgestell	Allrad	Diesel	100	136	Sep 1996	Dec 2013	2024-03-01	34396
Mercedes-benz	Vario	813 DA, 814 DA 4X4	Kasten	Allrad	Diesel	100	136	Sep 1996	Dec 2013	2024-03-01	34397
Mercedes-benz	Vario	813 DA, 814 DA 4X4	Pritsche/Fahrgestell	Allrad	Diesel	100	136	Sep 1996	Dec 2013	2024-05-01	34398
Mercedes-benz	Vario	815 DA, 816 DA 4X4	Pritsche/Fahrgestell	Allrad	Diesel	115	156	Sep 1996	Dec 2013	2024-03-01	34399
Mercedes-benz	Vario	815 DA, 816 DA 4X4	Kasten	Allrad	Diesel	115	156	Sep 1996	Dec 2013	2024-03-01	34400
Mercedes-benz	Vario	815 DA, 816 DA 4X4	Pritsche/Fahrgestell	Allrad	Diesel	115	156	Sep 1996	Dec 2013	2024-05-01	34401
Mercedes-benz	T2/ln1	809 DT	Triebkopf	Frontantrieb	Diesel	63	86	Apr 1986	Dec 1994	2024-03-01	34404
Mercedes-benz	Vario	615 D, 616 D	Kasten	Heckantrieb	Diesel	112	152	Sep 1998	Dec 2010	2024-03-01	34405
Mercedes-benz	T2/ln1	709 D	Pritsche/Fahrgestell	Heckantrieb	Diesel	63	86	Apr 1986	Dec 1994	2024-03-01	34407
Iveco	Daily ii	30-8	Kasten	Heckantrieb	Diesel	60	82	Jan 1989	Aug 1998	2024-03-01	34417
Iveco	Daily iii	29 L 9	Pritsche/Fahrgestell	Heckantrieb	Diesel	66	90	Nov 2001	Apr 2006	2024-03-01	34420
Iveco	Daily iii	35 C 9, 35 S 9	Pritsche/Fahrgestell	Heckantrieb	Diesel	66	90	Nov 2001	Apr 2006	2024-03-01	34421
Iveco	Daily iii	35 S 9 V	Kasten	Heckantrieb	Diesel	66	90	Nov 2001	Apr 2006	2024-03-01	34422
Iveco	Daily iii	40 C 13	Pritsche/Fahrgestell	Heckantrieb	Diesel	92	125	May 1999	Apr 2006	2024-03-01	34423
Iveco	Daily iii	40 C 13	Kasten	Heckantrieb	Diesel	92	125	May 1999	Apr 2006	2024-03-01	34424
Iveco	Daily iii	29 L 14	Kasten	Heckantrieb	Diesel	100	136	Jan 2005	Apr 2006	2024-03-01	34425
Iveco	Daily iii	35 C 14, 35 S 14	Pritsche/Fahrgestell	Heckantrieb	Diesel	100	136	Jan 2005	Apr 2006	2024-03-01	34426
Iveco	Daily iii	35 C 14, 35 S 14	Kasten	Heckantrieb	Diesel	100	136	Jan 2005	Apr 2006	2024-03-01	34427
Iveco	Daily iii	35 C 14	Kasten	Heckantrieb	Diesel	100	136	Sep 2004	Apr 2006	2024-03-01	34430
Iveco	Daily iii	35 C 14	Pritsche/Fahrgestell	Heckantrieb	Diesel	100	136	Sep 2004	Apr 2006	2024-03-01	34431
Iveco	Daily iii	40 C 14	Pritsche/Fahrgestell	Heckantrieb	Diesel	100	136	Sep 2004	Apr 2006	2024-03-01	34432
Iveco	Daily iii	40 C 14	Kasten	Heckantrieb	Diesel	100	136	Sep 2004	Apr 2006	2024-03-01	34433
Iveco	Daily iii	50 C 14	Pritsche/Fahrgestell	Heckantrieb	Diesel	100	136	Sep 2004	Apr 2006	2024-03-01	34434
Iveco	Daily iii	50 C 14	Kasten	Heckantrieb	Diesel	100	136	Sep 2004	Apr 2006	2024-03-01	34435
Iveco	Daily iii	65 C 14	Pritsche/Fahrgestell	Heckantrieb	Diesel	100	136	Sep 2004	Apr 2006	2024-03-01	34436
Iveco	Daily iii	65 C 14	Kasten	Heckantrieb	Diesel	100	136	Sep 2004	Apr 2006	2024-03-01	34437
Iveco	Daily iii	40 C 15	Kasten	Heckantrieb	Diesel	107	146	Nov 2001	Apr 2006	2024-03-01	34438
Iveco	Daily iii	40 C 15	Pritsche/Fahrgestell	Heckantrieb	Diesel	107	146	Nov 2001	Apr 2006	2024-03-01	34439
Iveco	Daily iii	50 C 15	Kasten	Heckantrieb	Diesel	107	146	Jan 2001	Apr 2006	2024-03-01	34440
Iveco	Daily iii	65 C 15	Kasten	Heckantrieb	Diesel	107	146	Nov 2001	Apr 2006	2024-03-01	34441
Iveco	Daily iii	35 C 17, 35 S 17	Kasten	Heckantrieb	Diesel	122	166	Jan 2005	Apr 2006	2024-03-01	34442
Iveco	Daily iii	35 C 17, 35 S 17	Pritsche/Fahrgestell	Heckantrieb	Diesel	122	166	Jan 2005	Apr 2006	2024-03-01	34443
Iveco	Daily iii	40 C 17, 40 S 17	Kasten	Heckantrieb	Diesel	122	166	Jul 1999	Dec 2006	2024-03-01	34444
Iveco	Daily iii	40 C 17, 40 S 17	Pritsche/Fahrgestell	Heckantrieb	Diesel	122	166	Jan 2005	Apr 2006	2024-03-01	34445
Iveco	Daily iii	50 C 17	Kasten	Heckantrieb	Diesel	122	166	Sep 2004	Apr 2006	2024-03-01	34446
Iveco	Daily iii	50 C 17	Pritsche/Fahrgestell	Heckantrieb	Diesel	122	166	Sep 2004	Apr 2006	2024-03-01	34447
Iveco	Daily iii	65 C 17	Kasten	Heckantrieb	Diesel	122	166	Sep 2004	Apr 2006	2024-03-01	34448
Iveco	Daily iii	65 C 17	Pritsche/Fahrgestell	Heckantrieb	Diesel	122	166	Sep 2004	Apr 2006	2024-03-01	34449
Iveco	Daily iii	29 L 9 V	Kasten	Heckantrieb	Diesel	66	90	Nov 2001	Apr 2006	2024-03-01	34450
Iveco	Daily iv	35c14 GV, 35c14 Gv/p, 35s14 GV, 35s14 Gv/p	Kasten	Heckantrieb	CNG	100	136	Jul 2007	Aug 2011	2024-03-01	34451
Iveco	Daily iv	50c17 V, 50c17 V/P	Kasten	Heckantrieb	Diesel	125	170	Jul 2007	Aug 2011	2024-03-01	34452
Iveco	Daily iv	40c14 V, 40c14 V/P	Kasten	Heckantrieb	Diesel	103	140	Sep 2009	Aug 2011	2024-03-01	34453
Iveco	Daily iv	50c14 GV, 50c14 Gv/p	Kasten	Heckantrieb	CNG	100	136	Jul 2007	Aug 2011	2024-03-01	34454
Iveco	Daily iv	40c14 GV, 40c14 Gv/p	Kasten	Heckantrieb	CNG	100	136	Jul 2007	Aug 2011	2024-03-01	34455
Iveco	Daily iv	50c14 V, 50c14 V/P	Kasten	Heckantrieb	Diesel	103	140	Sep 2009	Aug 2011	2024-03-01	34456
Iveco	Daily iv	40c17 V, 40c17 V/P	Kasten	Heckantrieb	Diesel	125	170	Jul 2007	Aug 2011	2024-03-01	34457
Iveco	Daily iv	60c17 V, 60c17 V/P	Kasten	Heckantrieb	Diesel	125	170	Jul 2007	Aug 2011	2024-03-01	34458
Iveco	Daily iv	40c13 V, 40c13 V/P	Kasten	Heckantrieb	Diesel	93	126	Jul 2007	Aug 2011	2024-03-01	34459
Iveco	Daily iv	40c11 V	Kasten	Heckantrieb	Diesel	78	106	Jul 2007	Aug 2011	2024-03-01	34460
Iveco	Daily iv	35c14 V, 35c14 V/p, 35s14 V, 35s14 V/P	Kasten	Heckantrieb	Diesel	103	140	Sep 2009	Aug 2011	2024-03-01	34461
Iveco	Daily iv	45c17 V, 45c17 V/P	Kasten	Heckantrieb	Diesel	125	170	Jul 2007	Aug 2011	2024-03-01	34462
Iveco	Daily iv	65c17 V, 65c17 V/P	Kasten	Heckantrieb	Diesel	125	170	Jul 2007	Aug 2011	2024-03-01	34463
Iveco	Daily iv	65c14 V, 65c14 V/P	Kasten	Heckantrieb	Diesel	103	140	Sep 2009	Aug 2011	2024-03-01	34464
Iveco	Daily iv	35c17 V, 35c17 V/p, 35s17 V, 35s17 V/P	Kasten	Heckantrieb	Diesel	125	170	Jul 2007	Aug 2011	2024-03-01	34465
Iveco	Daily iv	35c13 V, 35c13 V/p, 35s13 V, 35s13 V/P	Kasten	Heckantrieb	Diesel	93	126	Jul 2007	Aug 2011	2024-03-01	34466
Iveco	Daily iv	70c14 V, 70c14 V/P	Kasten	Heckantrieb	Diesel	103	140	Sep 2009	Aug 2011	2024-03-01	34467
Iveco	Daily iv	70c17v, 70c17 V/P	Kasten	Heckantrieb	Diesel	125	170	Jul 2007	Aug 2011	2024-03-01	34468
Iveco	Daily iv	35c11 V, 35s11 V	Kasten	Heckantrieb	Diesel	78	106	Jul 2007	Aug 2011	2024-03-01	34469
Iveco	Daily iv	35c17, 35c17 /P, 35s17, 35s17 /P, 35s17 D	Pritsche/Fahrgestell	Heckantrieb	Diesel	125	170	Jul 2007	Aug 2011	2024-03-01	34485
Iveco	Daily iv	70c14, 70c14 /P	Pritsche/Fahrgestell	Heckantrieb	Diesel	103	140	Sep 2009	Aug 2011	2024-03-01	34486
Iveco	Daily iv	70c17, 70c17p	Pritsche/Fahrgestell	Heckantrieb	Diesel	125	170	Sep 2009	Aug 2011	2024-03-01	34487
Iveco	Daily iv	35c13, 35c13 /P, 35s13 D, 35s13, 35s13 /P	Pritsche/Fahrgestell	Heckantrieb	Diesel	93	126	Jul 2007	Aug 2011	2024-03-01	34488
Iveco	Daily iv	35c14, 35c14 /P, 35s14, 35s14 /P, 35s14 D, 35s14 D/P	Pritsche/Fahrgestell	Heckantrieb	Diesel	103	140	Sep 2009	Aug 2011	2024-03-01	34489
Iveco	Daily iv	65c14 G, 65c14 G/p, 65c14 GD, 65c14 Gd/p	Pritsche/Fahrgestell	Heckantrieb	CNG	100	136	Jul 2007	Aug 2011	2024-03-01	34490
Iveco	Daily iv	35c14 G, 35c14 G/p, 35s14 G, 35s14 G/p, 35c14 Gd,...	Pritsche/Fahrgestell	Heckantrieb	CNG	100	136	Jul 2007	Aug 2011	2024-03-01	34491
Iveco	Daily iv	65c17, 65c17 /P	Pritsche/Fahrgestell	Heckantrieb	Diesel	125	170	Jul 2007	Aug 2011	2024-03-01	34492
Iveco	Daily iv	35s17 W, 35s17 WD	Pritsche/Fahrgestell	Allrad	Diesel	125	170	Jul 2007	Aug 2011	2024-03-01	34493
Iveco	Daily iv	65c14, 65c14 /P	Pritsche/Fahrgestell	Heckantrieb	Diesel	103	140	Sep 2009	Aug 2011	2024-03-01	34494
Iveco	Daily iv	45c17, 45c17 /P	Pritsche/Fahrgestell	Heckantrieb	Diesel	125	170	Jul 2007	Aug 2011	2024-03-01	34495
Iveco	Daily iv	40c11, 40c11 D	Pritsche/Fahrgestell	Heckantrieb	Diesel	78	106	Jul 2007	Aug 2011	2024-03-01	34496
Iveco	Daily iv	45c14, 45c14 /P	Pritsche/Fahrgestell	Heckantrieb	Diesel	103	140	Sep 2009	Aug 2011	2024-03-01	34497
Iveco	Daily iv	55s17 W, 55s17 WD	Pritsche/Fahrgestell	Allrad	Diesel	125	170	Jul 2007	Aug 2011	2024-03-01	34498
Iveco	Daily iv	40c13, 40c13 /P	Pritsche/Fahrgestell	Heckantrieb	Diesel	93	126	Jul 2007	Aug 2011	2024-03-01	34499
Iveco	Daily iv	40c17, 40c17 /P	Pritsche/Fahrgestell	Heckantrieb	Diesel	125	170	Jul 2007	Aug 2011	2024-03-01	34500
Iveco	Daily iv	60c17, 60c17 /P	Pritsche/Fahrgestell	Heckantrieb	Diesel	125	170	Jul 2007	Aug 2011	2024-03-01	34501
Iveco	Daily iv	40c14 G, 40c14 G/P	Pritsche/Fahrgestell	Heckantrieb	CNG	100	136	Jul 2007	Aug 2011	2024-03-01	34502
Iveco	Daily iv	50c14, 50c14 /P	Pritsche/Fahrgestell	Heckantrieb	Diesel	103	140	Sep 2009	Aug 2011	2024-03-01	34503
Iveco	Daily iv	40c14, 40c14 /P	Pritsche/Fahrgestell	Heckantrieb	Diesel	103	140	Sep 2009	Aug 2011	2024-03-01	34504
Iveco	Daily iv	50c14 G, 50c14 G/p, 50c14 GD, 50c14 Gd/p	Pritsche/Fahrgestell	Heckantrieb	CNG	100	136	Jul 2007	Aug 2011	2024-03-01	34505
Iveco	Daily iv	35c11, 35s11, 35s11 D, 35s11 /P	Pritsche/Fahrgestell	Heckantrieb	Diesel	78	106	Jul 2007	Aug 2011	2024-03-01	34506
Iveco	Daily iv	50c17, 50c17 /P	Pritsche/Fahrgestell	Heckantrieb	Diesel	125	170	Jul 2007	Aug 2011	2024-03-01	34507
Iveco	Daily iv	60c14, 60c14 /P	Pritsche/Fahrgestell	Heckantrieb	Diesel	103	140	Sep 2009	Aug 2011	2024-03-01	34508
Honda	City	1.5 I-vtec	Stufenheck	Frontantrieb	Benzin	88	120	Feb 2009	Aug 2014	2025-12-01	34515
Isuzu	D-Max i	3.0 D 4X4	Pritsche/Fahrgestell	Allrad	Diesel	120	163	Jan 2007	Jun 2012	2024-03-01	34517
Isuzu	D-Max i	3.0 Ditd	Pick-up	Heckantrieb	Diesel	120	163	Jan 2007	Jun 2012	2024-03-01	34518
Nissan	370z roadster	3.7	Cabriolet	Heckantrieb	Benzin	241	328	Jan 2010	-	2024-03-01	34552
Toyota	Hilux vii	3.0 D-4d 4WD	Pick-up	Allrad	Diesel	120	163	Mar 2005	May 2015	2024-03-01	34581
Nissan	Skyline	2.5 Turbo	Coupe	Heckantrieb	Benzin	206	280	May 1998	Jan 2006	2024-03-01	34617
Nissan	Skyline	2.6 Turbo 4X4	Coupe	Allrad	Benzin	245	333	Jan 1999	Feb 2008	2024-03-01	34619
Toyota	Corolla	1.6 I	Schrägheck	Frontantrieb	Benzin	78	106	Sep 1994	Nov 1999	2024-03-01	34629
Toyota	Corolla	1.8	Stufenheck	Frontantrieb	Benzin	100	136	Oct 2006	Jul 2014	2024-03-01	34643
Toyota	Land cruiser pick-Up	4.2 D 4X4	Pritsche/Fahrgestell	Allrad	Diesel	96	131	Jan 1990	Feb 2007	2024-03-01	34680
Toyota	Land cruiser	4.5 4X4	Geländewagen geschlossen	Allrad	Benzin	158	215	Aug 1992	Nov 1999	2024-03-01	34688
Mitsubishi	Colt i	1.4 Glx,gt	Schrägheck	Frontantrieb	Benzin	51	70	Jan 1981	Oct 1982	2024-03-01	34700
Toyota	Hiace iv	2.4	Kasten	Heckantrieb	Benzin	88	120	Aug 1995	Aug 2004	2024-03-01	34712
Nissan	Figaro	1	Coupe	Frontantrieb	Benzin	56	76	Feb 1991	Apr 1992	2024-03-01	34714
Nissan	Juke	1.6	SUV	Frontantrieb	Benzin	86	117	Jun 2010	Dec 2019	2024-03-01	34721
Nissan	Juke	1.6 Dig-t 4X4	SUV	Allrad	Benzin	140	190	Jun 2010	Dec 2019	2024-03-01	34723
Nissan	Juke	1.6 Dig-t	SUV	Frontantrieb	Benzin	140	190	Jun 2010	Dec 2019	2024-03-01	34724
Nissan	Juke	1.5 DCI	SUV	Frontantrieb	Diesel	81	110	Jun 2010	Dec 2019	2024-03-01	34725
KIA	Picanto i	1	Schrägheck	Frontantrieb	Benzin	46	63	Sep 2007	Apr 2011	2024-03-01	34737
Renault	Kangoo	1.5 DCI	Großraumlimousine	Frontantrieb	Diesel	66	90	Jun 2009	Dec 2012	2024-03-01	34738
Renault	Latitude	2.0 16V	Stufenheck	Frontantrieb	Benzin	103	140	Feb 2011	-	2024-03-01	34739
Renault	Latitude	2.0 DCI 175	Stufenheck	Frontantrieb	Diesel	127	173	May 2011	-	2024-03-01	34740
Aston Martin	Db9 vantage	6.0 V12	Coupe	Heckantrieb	Benzin	350	476	Jan 2008	Jul 2012	2024-03-01	34741
Aston Martin	Db9 volante	6.0 V12	Cabriolet	Heckantrieb	Benzin	350	476	Sep 2005	Jul 2012	2024-03-01	34743
Renault	Clio iii	1.5 DCI	Schrägheck	Frontantrieb	Diesel	55	75	Aug 2010	Dec 2014	2026-05-01	34744
Renault	Clio iii grandtour	1.5 DCI	Kombi	Frontantrieb	Diesel	55	75	Aug 2010	Dec 2012	2026-05-01	34745
Renault	Clio iii	1.5 DCI	Schrägheck	Frontantrieb	Diesel	65	88	Aug 2010	Dec 2014	2026-05-01	34746
Renault	Clio iii grandtour	1.5 DCI	Kombi	Frontantrieb	Diesel	65	88	Aug 2010	Dec 2012	2026-05-01	34747
Renault	Clio iii grandtour	1.4 16V	Kombi	Frontantrieb	Benzin	72	98	Nov 2007	Dec 2012	2026-05-01	34748
Renault	Clio iii grandtour	1.5 DCI	Kombi	Frontantrieb	Diesel	48	65	Nov 2007	Dec 2012	2026-05-01	34749
Renault	Laguna iii grandtour	2.0 16V Hi-flex	Kombi	Frontantrieb	Benzin/Ethanol	103	140	Oct 2007	Dec 2015	2024-03-01	34750
Renault	Laguna iii	2.0 16V Hi-flex	Schrägheck	Frontantrieb	Benzin/Ethanol	103	140	Oct 2007	Dec 2015	2024-03-01	34751
Aston Martin	Dbs vantage	6.0 V12	Coupe	Heckantrieb	Benzin	380	517	Sep 2007	-	2024-03-01	34756
Nissan	Pathfinder iii	2.5 DCI 4WD	SUV	Allrad	Diesel	140	190	Aug 2010	-	2024-03-01	34757
Nissan	Pathfinder iii	3.0 DCI	SUV	Allrad	Diesel	170	231	Aug 2010	-	2024-03-01	34758
Aston Martin	Vantage	6.0 V12	Coupe	Heckantrieb	Benzin	380	517	Sep 2009	Dec 2013	2024-03-01	34759
Aston Martin	Vantage	4.7 V8	Coupe	Heckantrieb	Benzin	313	426	Oct 2008	Jul 2018	2024-03-01	34762
Aston Martin	Vantage	4.7 V8	Cabriolet	Heckantrieb	Benzin	313	426	Oct 2008	Jul 2018	2024-03-01	34763
Renault	Megane iii	1.5 DCI	Coupe	Frontantrieb	Diesel	63	86	Nov 2008	Aug 2015	2024-03-01	34764
Renault	Megane iii	1.5 DCI	Coupe	Frontantrieb	Diesel	78	106	Feb 2009	Aug 2015	2024-03-01	34765
Aston Martin	Dbs volante	6.0 V12	Cabriolet	Heckantrieb	Benzin	380	517	Sep 2007	-	2024-03-01	34766
BMW	3	325 D	Kombi	Heckantrieb	Diesel	150	204	Feb 2010	Jun 2012	2024-03-01	34767
BMW	3	325 D	Coupe	Heckantrieb	Diesel	150	204	Sep 2009	Jun 2013	2024-03-01	34768
Mercedes-benz	C-Klasse	C 250 CDI	Kombi	Heckantrieb	Diesel	150	204	Jan 2009	Aug 2014	2024-03-01	34769
Jaguar	Xj	5.0 Scv8	Stufenheck	Heckantrieb	Benzin	375	510	Oct 2009	Dec 2019	2025-02-03	34770
Infiniti	Q45 ii	4.1	Stufenheck	Heckantrieb	Benzin	205	278	Jan 1997	Jan 2001	2024-03-01	34771
Jaguar	Xk ii	5.0 V8	Coupe	Heckantrieb	Benzin	283	385	Jan 2009	Jul 2014	2024-03-01	34772
Jaguar	Xk ii	5.0 V8	Cabriolet	Heckantrieb	Benzin	283	385	Jan 2009	Jul 2014	2024-03-01	34773
Toyota	Auris	1.8 Hybrid	Schrägheck	Frontantrieb	Benzin/Elektro	100	136	Sep 2010	Sep 2012	2024-03-01	34783
Infiniti	Ex	37	SUV	Allrad	Benzin	235	320	Sep 2010	-	2024-03-01	34787
VW	Golf vi variant	1.2 TSI	Kombi	Frontantrieb	Benzin	63	86	Jul 2010	Jul 2013	2024-03-01	34793
Infiniti	G	37	Coupe	Heckantrieb	Benzin	235	320	Sep 2010	-	2024-03-01	34794
VW	Golf vi variant	2.0 TDI	Kombi	Frontantrieb	Diesel	100	136	Jul 2009	Jul 2013	2024-03-01	34795
Infiniti	G	37	Cabriolet	Heckantrieb	Benzin	235	320	Sep 2010	-	2024-03-01	34797
Hyundai	I20 i	1.4 Crdi	Schrägheck	Frontantrieb	Diesel	66	90	Aug 2008	Dec 2015	2024-03-01	34801
Infiniti	M	37	Stufenheck	Heckantrieb	Benzin	235	320	Mar 2010	-	2024-03-01	34803
Infiniti	M	30D	Stufenheck	Heckantrieb	Diesel	175	238	Mar 2010	-	2024-03-01	34804
Lotus	2	1.8	Cabriolet	Heckantrieb	Benzin	142	193	Apr 2007	Jul 2011	2024-03-01	34805
Seat	Exeo	1.8 TSI	Stufenheck	Frontantrieb	Benzin	88	120	Sep 2010	May 2013	2024-03-01	34806
Lotus	Elise	1.6	Cabriolet	Heckantrieb	Benzin	100	136	Jun 2007	-	2024-03-01	34807
Lotus	Elise	1.8	Cabriolet	Heckantrieb	Benzin	162	220	Jun 2007	-	2024-03-01	34808
Seat	Exeo	1.8 TSI	Stufenheck	Frontantrieb	Benzin	118	160	May 2010	May 2013	2024-03-01	34809
Seat	Exeo	2.0 Tfsi	Stufenheck	Frontantrieb	Benzin	155	211	May 2010	May 2013	2024-03-01	34810
Seat	Exeo	1.8 TSI	Kombi	Frontantrieb	Benzin	88	120	Sep 2010	May 2013	2024-03-01	34811
Seat	Exeo	1.8 TSI	Kombi	Frontantrieb	Benzin	118	160	May 2010	May 2013	2024-03-01	34814
Lotus	Exige	1.8 CUP 260	Coupe	Heckantrieb	Benzin	191	260	Apr 2006	Jun 2012	2024-03-01	34815
Seat	Exeo	2.0 Tfsi	Kombi	Frontantrieb	Benzin	155	211	May 2010	May 2013	2024-03-01	34818
Lotus	Europa	2.0 Turbo	Coupe	Heckantrieb	Benzin	165	224	Sep 2008	-	2024-03-01	34819
Daihatsu	Copen	0.7	Cabriolet	Frontantrieb	Benzin	47	64	Sep 2003	Sep 2012	2024-03-01	34827
Rolls-royce	Ghost i	V12	Stufenheck	Heckantrieb	Benzin	420	571	Dec 2009	Mar 2020	2024-03-01	34829
Rolls-royce	Phantom vii drophead coupe	6.75 V12	Cabriolet	Heckantrieb	Benzin	338	460	Jun 2007	Jul 2017	2024-03-01	34830
Toyota	Camry	2.4	Stufenheck	Frontantrieb	Benzin	123	167	Jan 2006	Sep 2011	2024-03-01	34837
Bentley	Mulsanne	6.8	Stufenheck	Heckantrieb	Benzin	377	513	Sep 2009	Jul 2020	2024-03-01	34838
Mitsuoka	Orochi	3.3 L V6	Coupe	Heckantrieb	Benzin	171	233	Sep 2006	-	2024-03-01	34839
Mitsuoka	Himiko	2	Cabriolet	Heckantrieb	Benzin	125	170	Sep 2009	-	2024-03-01	34840
Mitsuoka	Himiko	2	Cabriolet	Heckantrieb	Benzin	119	162	Sep 2009	-	2024-03-01	34841
Seat	Altea	1.6 TDI	Großraumlimousine	Frontantrieb	Diesel	66	90	Nov 2010	Jul 2015	2024-05-01	34842
Morgan	Roadster	1.6 4/4	Cabriolet	Heckantrieb	Benzin	82	112	Jan 2004	-	2024-03-01	34844
Morgan	Roadster	2.0 Plus4	Cabriolet	Heckantrieb	Benzin	106	144	Jan 2004	Dec 2009	2024-03-01	34845
Morgan	Roadster	3.0 V6	Cabriolet	Heckantrieb	Benzin	165	224	Jan 2004	-	2024-03-01	34846
Morgan	Aero supersports	4.8 V8	Cabriolet	Heckantrieb	Benzin	270	367	Mar 2010	-	2024-03-01	34847
Seat	Altea	2.0 Tfsi 4X4	Großraumlimousine	Allrad	Benzin	155	211	May 2009	Jul 2015	2024-05-01	34858
Seat	Altea	1.6 TDI	Großraumlimousine	Frontantrieb	Diesel	66	90	Nov 2010	Jul 2015	2024-05-01	34859
Mazda	6	2.0 MZR	Stufenheck	Frontantrieb	Benzin	114	155	Jan 2010	Dec 2012	2024-03-01	34860
Mazda	6	2.2 D	Stufenheck	Frontantrieb	Diesel	95	129	Jan 2010	Dec 2012	2024-03-01	34861
Mazda	6	2.2 D	Stufenheck	Frontantrieb	Diesel	132	180	Jan 2010	Jul 2013	2024-03-01	34862
Lexus	Lfa	4.8	Coupe	Heckantrieb	Benzin	412	560	Dec 2010	Nov 2012	2024-03-01	34865
Bentley	Azure	6.8	Cabriolet	Heckantrieb	Benzin	373	507	Jun 2006	-	2024-03-01	34869
Bentley	Brooklands	6.8	Coupe	Heckantrieb	Benzin	395	537	Mar 2008	-	2024-03-01	34870
Bentley	Continental	6.0 Flex AWD	Cabriolet	Allrad	Benzin/Ethanol	463	630	Mar 2010	Dec 2013	2024-03-01	34872
Bentley	Continental	6.0 Supersports	Coupe	Allrad	Benzin	463	630	Oct 2009	Dec 2011	2024-03-01	34873
VW	Golf vi	1.8 TSI	Schrägheck	Frontantrieb	Benzin	118	160	Jun 2009	Jan 2011	2024-03-01	34879
Reva	I	Electric	Schrägheck	Heckantrieb	Elektro	13	18	Apr 2007	-	2024-03-01	34885
Rolls-royce	Phantom vii	6.75 V12	Coupe	Heckantrieb	Benzin	338	460	Jun 2008	Jul 2017	2024-03-01	34893
Nissan	Patrol vi	5.6	Geländewagen geschlossen	Allrad	Benzin	298	405	Apr 2010	-	2024-03-01	34895
Think	City	Electric	Schrägheck	Frontantrieb	Elektro	25	34	Jan 2008	Sep 2010	2024-03-01	34903
Opel	Movano b	2.3 Cdti FWD	Kasten	Frontantrieb	Diesel	74	101	May 2010	Dec 2015	2026-03-01	34905
Opel	Movano b	2.3 Cdti FWD	Kasten	Frontantrieb	Diesel	92	125	May 2010	Dec 2015	2026-03-01	34906
Opel	Movano b	2.3 Cdti FWD	Kasten	Frontantrieb	Diesel	107	146	May 2010	Dec 2021	2026-03-01	34907
Opel	Movano b	2.3 Cdti RWD	Kasten	Heckantrieb	Diesel	74	101	May 2010	Dec 2015	2026-03-01	34908
Opel	Movano b	2.3 Cdti RWD	Kasten	Heckantrieb	Diesel	92	125	May 2010	Dec 2015	2026-03-01	34909
Opel	Movano b	2.3 Cdti RWD	Kasten	Heckantrieb	Diesel	107	146	May 2010	Dec 2021	2026-03-01	34910
Opel	Movano b	2.3 Cdti FWD	Pritsche/Fahrgestell	Frontantrieb	Diesel	74	101	May 2010	Dec 2015	2026-03-01	34911
Opel	Movano b	2.3 Cdti RWD	Pritsche/Fahrgestell	Heckantrieb	Diesel	74	101	May 2010	Dec 2015	2026-03-01	34912
Opel	Movano b	2.3 Cdti FWD	Pritsche/Fahrgestell	Frontantrieb	Diesel	92	125	May 2010	Dec 2015	2026-03-01	34913
Opel	Movano b	2.3 Cdti RWD	Pritsche/Fahrgestell	Heckantrieb	Diesel	92	125	May 2010	Dec 2015	2026-03-01	34914
Opel	Movano b	2.3 Cdti FWD	Pritsche/Fahrgestell	Frontantrieb	Diesel	107	146	May 2010	Dec 2021	2026-03-01	34915
Opel	Movano b	2.3 Cdti RWD	Pritsche/Fahrgestell	Heckantrieb	Diesel	107	146	May 2010	Dec 2021	2026-03-01	34916
Mini	Mini	Cooper D	Cabriolet	Frontantrieb	Diesel	82	112	May 2009	Nov 2013	2024-03-01	34917
Mini	Mini	ONE D	Kombi	Frontantrieb	Diesel	66	90	Mar 2010	Jun 2014	2024-03-01	34918
Mini	Mini	Cooper D	Kombi	Frontantrieb	Diesel	82	112	Mar 2010	Jun 2014	2024-03-01	34919
Mini	Mini	Cooper D	Schrägheck	Frontantrieb	Diesel	82	112	Jun 2010	Nov 2013	2024-03-01	34920
Mini	Mini	ONE	Kombi	Frontantrieb	Benzin	72	98	Aug 2010	Oct 2016	2024-03-01	34921
Mini	Mini	ONE D	Kombi	Frontantrieb	Diesel	66	90	Aug 2010	Oct 2016	2024-03-01	34922
Mini	Mini	Cooper	Kombi	Frontantrieb	Benzin	90	122	Aug 2010	Oct 2016	2024-03-01	34923
Mini	Mini	Cooper D	Kombi	Frontantrieb	Diesel	82	112	Aug 2010	Oct 2016	2024-03-01	34924
Mini	Mini	Cooper S	Kombi	Frontantrieb	Benzin	135	184	Aug 2010	Oct 2016	2024-03-01	34925
Mini	Mini	Cooper D All4	Kombi	Allrad	Diesel	82	112	Aug 2010	Oct 2016	2024-03-01	34926
Mini	Mini	Cooper S All4	Kombi	Allrad	Benzin	135	184	Aug 2010	Oct 2016	2024-03-01	34927
Honda	Accord viii	2.2 I-dtec	Stufenheck	Frontantrieb	Diesel	132	180	Jul 2008	Jun 2015	2024-03-01	34928
Honda	Accord viii tourer	2.2 I-dtec	Kombi	Frontantrieb	Diesel	132	180	Jul 2008	Jun 2015	2025-12-01	34929
Honda	Cr-V iii	2.2 I-dtec 4WD	SUV	Allrad	Diesel	110	150	Jan 2007	Jun 2012	2025-12-01	34931
Mitsubishi	Lancer viii	EVO X - Fq330	Stufenheck	Allrad	Benzin	242	329	Mar 2008	Jun 2015	2024-03-01	34932
Mitsubishi	Lancer viii	EVO X - Fq360	Stufenheck	Allrad	Benzin	264	359	Mar 2008	Jun 2015	2024-03-01	34933
Mitsubishi	Lancer viii sportback	2.0 Ralliart 4WD	Schrägheck	Allrad	Benzin	177	241	Oct 2008	-	2024-03-01	34937
Toyota	Rav 4 iii	2.2 D	SUV	Frontantrieb	Diesel	110	150	Dec 2008	Jun 2013	2024-03-01	34938
Audi	A7 sportback	2.8 FSI Quattro	Schrägheck	Allrad	Benzin	150	204	Oct 2010	Mar 2015	2024-03-01	34939
Audi	A7 sportback	3.0 Tfsi Quattro	Schrägheck	Allrad	Benzin	220	300	Oct 2010	May 2012	2024-03-01	34940
Audi	A7 sportback	3.0 TDI Quattro	Schrägheck	Allrad	Diesel	180	245	Oct 2010	Jun 2016	2024-03-01	34941
Toyota	Hilux vii	2.5 D-4d 4WD	Pick-up	Allrad	Diesel	106	144	Dec 2007	May 2015	2024-03-01	34943
BMW	3	320 D Xdrive	Kombi	Allrad	Diesel	120	163	Jul 2009	Jun 2012	2024-03-01	34946
VW	Caddy iii	1.2 TSI	Großraumlimousine	Frontantrieb	Benzin	63	86	Sep 2010	May 2015	2024-03-01	34947
VW	Caddy iii	1.2 TSI	Großraumlimousine	Frontantrieb	Benzin	77	105	Sep 2010	May 2015	2024-03-01	34948
VW	Caddy iii	2.0 TDI 16V	Großraumlimousine	Frontantrieb	Diesel	103	140	Nov 2010	May 2015	2024-03-01	34949
VW	Caddy iii	1.6 TDI	Großraumlimousine	Frontantrieb	Diesel	55	75	Aug 2010	May 2015	2024-03-01	34950
VW	Caddy iii	1.6 TDI	Großraumlimousine	Frontantrieb	Diesel	75	102	Aug 2010	May 2015	2024-03-01	34951
VW	Caddy iii	2.0 TDI 4motion	Großraumlimousine	Allrad	Diesel	81	110	Aug 2010	May 2015	2024-03-01	34952
VW	Caddy iii	1.2 TSI	Kasten/Großraumlimousine	Frontantrieb	Benzin	63	86	Sep 2010	May 2015	2024-03-01	34953
VW	Caddy iii	1.2 TSI	Kasten/Großraumlimousine	Frontantrieb	Benzin	77	105	Sep 2010	May 2015	2024-03-01	34954
VW	Caddy iii	1.6 TDI	Kasten/Großraumlimousine	Frontantrieb	Diesel	55	75	Aug 2010	May 2015	2024-03-01	34955
VW	Caddy iii	2.0 TDI 4motion	Kasten/Großraumlimousine	Allrad	Diesel	81	110	Aug 2010	May 2015	2024-03-01	34956
VW	Caddy iii	2.0 TDI 16V	Kasten/Großraumlimousine	Frontantrieb	Diesel	103	140	Nov 2010	May 2015	2024-03-01	34957
VW	Caddy iii	1.6 TDI	Kasten/Großraumlimousine	Frontantrieb	Diesel	75	102	Aug 2010	May 2015	2024-03-01	34958
Hyundai	H-1 travel	2.4 I	Bus	Heckantrieb	Benzin	129	175	Feb 2008	-	2024-03-01	34959
Hyundai	Santa fé ii	2.2 Crdi	SUV	Frontantrieb	Diesel	145	197	Jan 2009	Dec 2012	2024-03-01	34960
Hyundai	Santa fé ii	2.2 Crdi 4X4	SUV	Allrad	Diesel	145	197	Jan 2009	Dec 2012	2024-03-01	34961
Hyundai	Santa fé ii	2.4 4X4	SUV	Allrad	Benzin	128	174	Jul 2010	Dec 2012	2024-03-01	34963
Citroën	Jumper iii	3.0 HDI 155	Bus	Frontantrieb	Diesel	115	157	Jul 2006	-	2025-12-01	34964
Audi	Q7	3.0 Tfsi Quattro	SUV	Allrad	Benzin	200	272	May 2010	Aug 2015	2024-03-01	34965
Audi	Q7	3.0 Tfsi Quattro	SUV	Allrad	Benzin	245	333	May 2010	Aug 2015	2024-03-01	34966
Audi	Q7	3.0 TDI Quattro	SUV	Allrad	Diesel	150	204	May 2010	Aug 2015	2024-03-01	34967
BMW	X5	3.0 D	SUV	Allrad	Diesel	155	211	Oct 2003	Sep 2006	2024-03-01	34968
BMW	X5	3.0 3.0d	SUV	Allrad	Diesel	155	211	Feb 2007	Sep 2008	2024-03-01	34969
Suzuki	Kizashi	2.4	Stufenheck	Frontantrieb	Benzin	131	178	Oct 2010	-	2024-03-01	34970
Suzuki	Kizashi	2.4 4X4	Stufenheck	Allrad	Benzin	131	178	Oct 2010	-	2024-03-01	34971
Chevrolet	Captiva	2.4 LPG	SUV	Frontantrieb	Benzin/Autogas (LPG)	100	136	Jan 2007	-	2024-03-01	34972
Chevrolet	Captiva	2.4 LPG 4WD	SUV	Allrad	Benzin/Autogas (LPG)	100	136	Jan 2007	Feb 2011	2024-03-01	34973
Chevrolet	Cruze	2.0 CDI	Stufenheck	Frontantrieb	Diesel	92	125	May 2009	May 2011	2024-03-01	34974
VW	Sharan	2.0 TDI	Großraumlimousine	Frontantrieb	Diesel	100	136	May 2010	Nov 2015	2024-03-01	34975
Suzuki	Grand vitara i	2.0 HDI 110 4X4	Geländewagen geschlossen	Allrad	Diesel	80	109	Feb 2001	Dec 2003	2024-03-01	34976
VW	Touran	1.6 TDI	Großraumlimousine	Frontantrieb	Diesel	66	90	May 2010	May 2015	2024-03-01	34977
Toyota	Aygo	1.0 GPL	Schrägheck	Frontantrieb	Benzin/Autogas (LPG)	50	68	Jul 2005	May 2014	2024-03-01	34978
VW	Amarok	2.0 TDI 4motion	Pick-up	Allrad	Diesel	90	122	Sep 2010	Oct 2013	2024-03-01	34979
VW	Amarok	2.0 TDI	Pick-up	Heckantrieb	Diesel	90	122	Sep 2010	Oct 2013	2024-03-01	34980
VW	Fox	1.2	Schrägheck	Frontantrieb	Benzin	44	60	Sep 2010	Dec 2011	2024-03-01	34981
Toyota	Auris	1.33 Dual-vvti	Schrägheck	Frontantrieb	Benzin	73	99	Jan 2010	Sep 2012	2024-03-01	34982
Toyota	Yaris	1.0 GPL	Schrägheck	Frontantrieb	Benzin/Autogas (LPG)	51	69	Jan 2006	Dec 2011	2024-03-01	34983
Mitsubishi	Lancer viii sportback	1.8 Di-d	Schrägheck	Frontantrieb	Diesel	110	150	Jun 2010	-	2024-03-01	34984
Mitsubishi	Lancer viii	1.8 Di-d	Stufenheck	Frontantrieb	Diesel	110	150	Jun 2010	-	2024-03-01	34985
BMW	Z4 roadster	Sdrive 35 IS	Cabriolet	Heckantrieb	Benzin	250	340	Mar 2010	Aug 2016	2024-03-01	34986
Porsche	911	3.8 GT3 RS	Coupe	Heckantrieb	Benzin	331	450	Aug 2009	Dec 2011	2024-03-01	34987
BMW	X1	Xdrive 20 D	SUV	Allrad	Diesel	120	163	Mar 2010	Jun 2015	2024-03-01	34988
BMW	X1	Sdrive 20 D	SUV	Heckantrieb	Diesel	120	163	Mar 2010	Jun 2015	2024-03-01	34989
BMW	X1	Sdrive 18 D	SUV	Heckantrieb	Diesel	100	136	Mar 2009	Jun 2015	2024-03-01	34990
BMW	X1	Xdrive 18 D	SUV	Allrad	Diesel	100	136	Mar 2009	Jun 2015	2024-03-01	34991
BMW	X1	Sdrive 18 I	SUV	Heckantrieb	Benzin	110	150	Mar 2010	Jun 2015	2024-03-01	34992
BMW	X1	Xdrive 25 I	SUV	Allrad	Benzin	160	218	Mar 2010	Aug 2011	2024-03-01	34993
Mini	Mini	ONE	Kombi	Frontantrieb	Benzin	70	95	Mar 2009	Feb 2010	2024-03-01	34994
Mercedes-benz	Glk-Klasse	220 CDI	SUV	Heckantrieb	Diesel	120	163	Dec 2008	Jun 2015	2024-03-01	34995
Mercedes-benz	Glk-Klasse	220 CDI 4-matic	SUV	Allrad	Diesel	120	163	Dec 2008	Jun 2015	2024-03-01	34996
Mercedes-benz	Glk-Klasse	200 CDI	SUV	Heckantrieb	Diesel	105	143	Jul 2010	Jun 2015	2024-03-01	34997
Alfa Romeo	Berlina	2000	Stufenheck	Heckantrieb	Benzin	97	132	Oct 1971	Mar 1977	2024-03-01	35058
Dacia	Sandero	1.5 DCI 75 / Blue DCI 75	Schrägheck	Frontantrieb	Diesel	55	75	Oct 2012	-	2024-03-01	35269
Honda	Cr-V iv	1.6 I-dtec	SUV	Frontantrieb	Diesel	88	120	Oct 2013	Aug 2018	2025-12-01	35422
Chevrolet	Cruze	1.7 TD	Schrägheck	Frontantrieb	Diesel	81	110	Aug 2013	Dec 2015	2024-03-01	35426
Nissan	Note	1.5 DCI	Großraumlimousine	Frontantrieb	Diesel	66	90	Jun 2013	Dec 2016	2024-03-01	35456
Bentley	T1 series	6.8	Stufenheck	Heckantrieb	Benzin	149	203	Sep 1974	Dec 1976	2024-03-01	35592
BMW	3	318 I	Stufenheck	Heckantrieb	Benzin	103	140	Feb 1992	Dec 1995	2024-03-01	35637
Audi	A3	1.4 Tfsi	Stufenheck	Frontantrieb	Benzin	90	122	Sep 2013	Oct 2020	2024-03-01	35666
BMW	3	325 IS	Coupe	Heckantrieb	Benzin	141	192	Oct 1991	Aug 1995	2024-03-01	35674
BMW	Z3 roadster	M 3.2	Cabriolet	Heckantrieb	Benzin	179	243	Feb 1998	Jun 2000	2024-03-01	35796
BMW	Z3	M 3.2	Coupe	Heckantrieb	Benzin	176	239	Feb 1998	Jun 2000	2024-03-01	35801
Cadillac	Deville	7	Coupe	Heckantrieb	Benzin	134	182	Sep 1976	Dec 1979	2024-03-01	36235
Cadillac	Deville	5.7 D	Coupe	Heckantrieb	Diesel	79	107	Sep 1978	Dec 1984	2024-03-01	36237
Cadillac	Deville	4.1	Coupe	Heckantrieb	Benzin	93	126	Sep 1979	Dec 1982	2024-03-01	36239
Cadillac	Deville	4.6	Stufenheck	Frontantrieb	Benzin	205	279	Sep 1996	Sep 1999	2024-03-01	36246
Cadillac	Deville	7	Stufenheck	Heckantrieb	Benzin	134	182	Sep 1976	Dec 1979	2024-03-01	36250
Cadillac	Deville	5.7 D	Stufenheck	Heckantrieb	Diesel	78	106	Sep 1978	Dec 1984	2024-03-01	36252
Cadillac	Eldorado	8.2	Cabriolet	Frontantrieb	Benzin	142	193	Sep 1974	Dec 1976	2024-03-01	36271
Cadillac	Eldorado	8.2	Coupe	Frontantrieb	Benzin	142	193	Sep 1974	Dec 1976	2024-03-01	36276
Cadillac	Eldorado	4.1	Coupe	Frontantrieb	Benzin	93	126	Sep 1980	Dec 1982	2024-03-01	36285
Cadillac	Fleetwood	8.2	Stufenheck	Heckantrieb	Benzin	142	193	Sep 1974	Dec 1976	2024-03-01	36308
Cadillac	Fleetwood	5.7 D	Coupe	Heckantrieb	Diesel	79	107	Sep 1979	Dec 1985	2026-06-01	36314
Cadillac	Fleetwood	7	Stufenheck	Heckantrieb	Benzin	134	182	Sep 1976	Dec 1979	2024-03-01	36324
Cadillac	Fleetwood	4.1	Stufenheck	Heckantrieb	Benzin	101	137	Sep 1982	Dec 1985	2024-03-01	36340
Cadillac	Seville	4.9	Stufenheck	Frontantrieb	Benzin	149	203	Jun 1992	Dec 1993	2024-03-01	36399
Cadillac	Srx	4.6	SUV	Heckantrieb	Benzin	239	325	Sep 2003	Dec 2009	2024-03-01	36404
Chevrolet	Astro extended cargo van	4.3	Kasten	Heckantrieb	Benzin	142	193	Sep 1994	Dec 2005	2024-03-01	36435
Chevrolet	Avalanche	5.3	Pick-up	Heckantrieb	Benzin	239	325	Sep 2006	Dec 2008	2024-03-01	36459
Chevrolet	Avalanche	5.3 4WD	Pick-up	Allrad	Benzin	239	325	Sep 2006	Dec 2008	2024-03-01	36460
Chevrolet	Avalanche	5.3	Pick-up	Heckantrieb	Benzin	213	290	Sep 2001	Dec 2003	2024-03-01	36463
Chevrolet	Bel air	5.7	Stufenheck	Heckantrieb	Benzin	108	147	Sep 1972	Dec 1975	2024-03-01	36473
Chevrolet	Blazer s10	4.3 AWD	Geländewagen geschlossen	Allrad	Benzin	142	193	Sep 1994	Sep 2005	2024-03-01	36537
Chevrolet	Camaro	5.7 Z28	Cabriolet	Heckantrieb	Benzin	168	228	Sep 1986	Sep 1988	2024-03-01	36796
Chevrolet	Camaro	2.8	Coupe	Heckantrieb	Benzin	101	137	Sep 1984	Dec 1992	2026-02-01	36807
Chevrolet	Camaro	3.1	Coupe	Heckantrieb	Benzin	104	141	Sep 1989	Dec 1992	2024-03-01	36813
Chevrolet	Caprice	6.6	Coupe	Heckantrieb	Benzin	130	177	Sep 1974	Dec 1976	2024-03-01	36834
Chevrolet	Celebrity	2.8	Stufenheck	Frontantrieb	Benzin	84	114	Sep 1981	Dec 1986	2024-03-01	36934
Chevrolet	Colorado	2.8	Pick-up	Heckantrieb	Benzin	130	177	Sep 2006	Dec 2006	2024-03-01	37001
Chevrolet	Colorado	3.5	Pick-up	Heckantrieb	Benzin	164	223	Sep 2003	Dec 2006	2024-03-01	37003
Chevrolet	Colorado	3.5 4WD	Pick-up	Allrad	Benzin	164	223	Sep 2003	Dec 2006	2024-03-01	37004
Chevrolet	Colorado	2.9	Pick-up	Heckantrieb	Benzin	138	188	Sep 2006	Dec 2012	2024-03-01	37005
Chevrolet	Colorado	3.7	Pick-up	Heckantrieb	Benzin	180	245	Sep 2006	Dec 2012	2024-03-01	37007
Chevrolet	Colorado	3.7 4WD	Pick-up	Allrad	Benzin	180	245	Sep 2006	Dec 2012	2024-03-01	37008
Chevrolet	Colorado	2.8	Pick-up	Heckantrieb	Benzin	130	177	Sep 2003	Dec 2006	2024-03-01	37009
Chevrolet	Corvette	5.7	Coupe	Heckantrieb	Benzin	134	182	Sep 1975	Dec 1977	2024-03-01	37049
Chevrolet	Corvette	5.7 Zr-1	Coupe	Heckantrieb	Benzin	280	381	Sep 1989	Dec 1990	2024-03-01	37057
Chevrolet	Express 3500 extended cargo van	6	Kasten	Heckantrieb	Benzin	224	305	Sep 2002	Dec 2007	2024-03-01	37203
Chevrolet	G20	5.7	Bus	Heckantrieb	Benzin	145	197	Sep 1990	Dec 1995	2024-03-01	37310
Chevrolet	Hhr	2.2	Kombi	Frontantrieb	Benzin	111	151	Sep 2005	Dec 2008	2024-03-01	37402
Chevrolet	Impala	5.7	Stufenheck	Heckantrieb	Benzin	123	167	Sep 1975	Dec 1976	2024-03-01	37421
Chevrolet	K2500 crew cab pickup	5.7 4WD	Pick-up	Allrad	Benzin	190	258	Sep 1998	Dec 2000	2024-03-01	37563
Chevrolet	Monte carlo	6.6	Coupe	Heckantrieb	Benzin	130	177	Sep 1974	Dec 1976	2024-03-01	37738
Chevrolet	Monte carlo	4.4	Coupe	Heckantrieb	Benzin	93	126	Sep 1978	Dec 1979	2024-03-01	37744
Chevrolet	Monza	5	Coupe	Heckantrieb	Benzin	108	147	Sep 1976	Dec 1978	2024-03-01	37764
Chevrolet	Nova	5	Coupe	Heckantrieb	Benzin	108	147	Sep 1976	Dec 1978	2024-03-01	37782
Chevrolet	Nova	5	Stufenheck	Heckantrieb	Benzin	108	147	Sep 1976	Dec 1978	2024-03-01	37791
Chevrolet	S10 extended cab pickup	4.3 4WD	Pick-up	Allrad	Benzin	142	193	Sep 1995	Dec 2002	2024-03-01	38016
Chevrolet	S10 extended cab pickup	2.2	Pick-up	Heckantrieb	Benzin	88	120	Sep 1993	Dec 2003	2024-03-01	38019
Chevrolet	Silverado 2500 crew cab pickup	6	Pick-up	Heckantrieb	Benzin	224	305	Sep 2003	Dec 2004	2024-03-01	38149
Chevrolet	Silverado 2500 crew cab pickup	6.0 4WD	Pick-up	Allrad	Benzin	224	305	Sep 2003	Dec 2004	2024-03-01	38150
Chevrolet	Silverado 2500 extended cab pickup	6.0 4WD	Pick-up	Allrad	Benzin	224	305	Sep 1998	Dec 2004	2024-03-01	38154
Chevrolet	Silverado 2500 extended cab pickup	6	Pick-up	Heckantrieb	Benzin	224	305	Sep 1998	Dec 2004	2024-03-01	38156
Chevrolet	Silverado 3500 crew cab pickup	8.1 4WD	Pick-up	Allrad	Benzin	254	345	Sep 2000	Dec 2004	2024-03-01	38222
Chevrolet	Trailblazer	6	SUV	Heckantrieb	Benzin	295	401	Sep 2005	Dec 2007	2024-03-01	38322
Ford	Ecosport	1.0 Ecoboost	SUV	Frontantrieb	Benzin	92	125	Oct 2013	-	2024-03-01	38703
Chrysler	Voyager iv	3	Großraumlimousine	Frontantrieb	Benzin	112	152	Sep 1999	Dec 2000	2024-03-01	38751
Maserati	Ghibli	3.0 D	Stufenheck	Heckantrieb	Diesel	202	275	Aug 2013	-	2024-03-01	38882
Maserati	Ghibli	3	Stufenheck	Heckantrieb	Benzin	243	330	Aug 2013	-	2024-03-01	38888
Maserati	Ghibli	3.0 S	Stufenheck	Heckantrieb	Benzin	301	409	Aug 2013	-	2024-03-01	38893
Dodge	Aspen	5.2	Coupe	Heckantrieb	Benzin	115	156	Sep 1975	Dec 1980	2024-03-01	38897
Ford	Mondeo iii	2.5 V6	Stufenheck	Frontantrieb	Benzin	125	170	Oct 2000	Mar 2007	2024-03-01	39219
Maserati	Ghibli	3.0 D	Stufenheck	Heckantrieb	Diesel	184	250	Aug 2013	-	2024-03-01	39221
Skoda	Rapid	1.2 TSI	Schrägheck	Frontantrieb	Benzin	63	86	Jul 2012	May 2015	2024-03-01	39229
Skoda	Rapid	1.2 TSI	Schrägheck	Frontantrieb	Benzin	77	105	Jul 2012	May 2015	2024-03-01	39231
Skoda	Rapid	1.6 TDI	Schrägheck	Frontantrieb	Diesel	77	105	Jul 2012	Dec 2019	2024-03-01	39271
Dodge	Durango	5.2	SUV	Heckantrieb	Benzin	172	234	Sep 1998	Dec 2000	2024-03-01	39585
Dodge	Durango	4.7	SUV	Heckantrieb	Benzin	175	238	Sep 1997	Dec 2003	2024-03-01	39587
Dodge	Durango	4.7 4WD	SUV	Allrad	Benzin	175	238	Sep 1997	Dec 2003	2024-03-01	39588
Peugeot	407	2.0 Flex	Stufenheck	Frontantrieb	Benzin/Ethanol	103	140	Oct 2005	Feb 2011	2024-03-01	39827
Ford	Ecosport	1.5 TI	SUV	Frontantrieb	Benzin	82	112	Oct 2013	-	2024-03-01	39840
Ford	Ecosport	1.5 Tdci	SUV	Frontantrieb	Diesel	66	90	Oct 2013	-	2024-03-01	39881
Ford	Focus iii turnier	1.6 Flexifuel	Kombi	Frontantrieb	Benzin/Ethanol	110	150	Jul 2013	Feb 2020	2024-03-01	39963
Ford	Focus iii	1.6 Flexifuel	Stufenheck	Frontantrieb	Benzin/Ethanol	110	150	Jul 2013	Feb 2020	2024-03-01	39979
Ford USA	Escape	2.3 Hybrid 4X4	SUV	Allrad	Benzin/Elektro	115	156	Sep 2005	Jul 2007	2024-03-01	41134
Ford USA	Explorer	4.0 Flexfuel 4WD	SUV	Allrad	Benzin/Ethanol	157	214	Sep 2003	Dec 2005	2024-03-01	41205
Toyota	Rav 4 iv	2.0 4WD	SUV	Allrad	Benzin	107	146	Dec 2012	Sep 2019	2024-05-01	42472
Honda	Odyssey	3.5	Großraumlimousine	Frontantrieb	Benzin	182	248	Sep 2004	Dec 2010	2024-03-01	44329
Honda	Pilot	3.5 AWD	SUV	Allrad	Benzin	179	243	Sep 2002	Dec 2004	2024-03-01	44336
Hummer	H1	6.5 D 4WD	Geländewagen geschlossen	Allrad	Diesel	145	197	Sep 2001	Dec 2003	2024-03-01	44427
Hummer	H2	6.0 AWD	Geländewagen geschlossen	Allrad	Benzin	236	321	Sep 2003	Dec 2004	2024-03-01	44431
Hyundai	Xg	300	Stufenheck	Frontantrieb	Benzin	143	194	Sep 2000	Dec 2001	2024-03-01	44565
Jaguar	Xj	4.0 6	Stufenheck	Heckantrieb	Benzin	163	222	Sep 1989	Feb 1993	2024-03-01	44770
Jaguar	Xj	4	Stufenheck	Heckantrieb	Benzin	183	249	Nov 1994	Jul 1997	2024-03-01	44779
Renault	Laguna ii	1.9 DCI	Schrägheck	Frontantrieb	Diesel	92	125	Sep 2005	Dec 2007	2024-03-01	44781
Jeep	Grand wagoneer	5.9 4WD	Geländewagen geschlossen	Allrad	Benzin	107	146	Sep 1983	Dec 1991	2024-03-01	44942
Jeep	J10 standard cab pickup	5.9 4WD	Pick-up	Allrad	Benzin	128	174	Sep 1978	Dec 1988	2024-03-01	44947
Jeep	J20 standard cab pickup	5.9 4WD	Pick-up	Allrad	Benzin	128	174	Sep 1978	Dec 1988	2024-03-01	44957
Land Rover	Range rover i	3.9 4X4	Geländewagen geschlossen	Allrad	Benzin	136	185	Oct 1989	Dec 1994	2024-03-01	45175
Lexus	Rx	400h	SUV	Frontantrieb	Benzin/Elektro	200	272	Sep 2005	Dec 2008	2024-03-01	45231
Lexus	Rx	400h AWD	SUV	Allrad	Benzin/Elektro	200	272	Sep 2005	Dec 2008	2024-03-01	45232
Lincoln	Town car	4.6	Stufenheck	Heckantrieb	Benzin	142	193	Sep 1990	Dec 1995	2024-03-01	45313
Maserati	Mistral	3.7	Coupe	Heckantrieb	Benzin	190	258	Sep 1963	Dec 1970	2024-03-01	45414
Maserati	Mistral	4	Coupe	Heckantrieb	Benzin	190	258	Sep 1966	Dec 1970	2024-03-01	45415
Mazda	626 ii	2	Coupe	Frontantrieb	Benzin	88	120	Sep 1985	Oct 1987	2024-03-01	45450
Mazda	Cx-7	2.3 AWD	SUV	Allrad	Benzin	182	248	Jun 2006	Dec 2012	2024-03-01	45533
Mazda	Mx-6	2	Coupe	Frontantrieb	Benzin	85	116	Sep 1995	Jan 1997	2024-03-01	45576
Mercedes-benz	190	190 D	Stufenheck	Heckantrieb	Diesel	54	72	Sep 1984	Dec 1985	2024-03-01	45639
Mercedes-benz	S-Klasse	280 S	Stufenheck	Heckantrieb	Benzin	105	142	Sep 1972	Jul 1980	2024-03-01	45694
VW	Golf vii	1.4 TGI CNG	Schrägheck	Frontantrieb	Benzin/Erdgas (CNG)	81	110	Jun 2013	Jul 2018	2024-03-01	45814
Mercedes-benz	G-Klasse	G 500	Geländewagen geschlossen	Allrad	Benzin	215	292	Sep 2004	Dec 2005	2024-03-01	45896
Mitsubishi	3000 gt	3	Coupe	Frontantrieb	Benzin	166	226	Sep 1990	Dec 1999	2024-03-01	45999
Mitsubishi	Cordia	1.8 Turbo	Coupe	Frontantrieb	Benzin	87	118	Nov 1984	Dec 1988	2024-03-01	46005
Mitsubishi	Eclipse	2	Cabriolet	Frontantrieb	Benzin	157	214	Sep 1995	Apr 1999	2024-03-01	46013
BMW	3	320 CI	Cabriolet	Heckantrieb	Benzin	120	163	Jan 2006	Dec 2007	2024-03-01	46023
BMW	5	523 I	Kombi	Heckantrieb	Benzin	150	204	Nov 2009	Aug 2011	2024-03-01	46024
Nissan	200sx	2.4	Coupe	Heckantrieb	Benzin	104	141	Sep 1988	Dec 1990	2024-03-01	46220
Nissan	Quest	3.3	Großraumlimousine	Frontantrieb	Benzin	127	173	Sep 1998	Dec 2002	2024-03-01	46425
Opel	Ascona a	1.9	Stufenheck	Heckantrieb	Benzin	55	75	Sep 1974	Aug 1975	2024-03-01	46986
Ford USA	Taurus	3	Stufenheck	Frontantrieb	Benzin	149	203	Jan 1996	Aug 1999	2024-03-01	47261
Nissan	Sentra vi	2	Stufenheck	Frontantrieb	Benzin	104	141	Oct 2006	Dec 2012	2024-03-01	47360
VW	Karmann ghia	1200	Coupe	Heckantrieb	Benzin	22	30	Aug 1955	Jul 1960	2024-08-01	47365
Ford	Tourneo connect / grand v408 großraumlimousi	1.6 Ecoboost	Großraumlimousine	Frontantrieb	Benzin	110	150	Nov 2013	Dec 2022	2024-05-01	47547
Pontiac	Trans sport mini cargo van	3.8	Kasten/Großraumlimousine	Frontantrieb	Benzin	127	173	Sep 1991	Dec 1994	2024-03-01	48311
Pontiac	Trans sport	3.8	Großraumlimousine	Frontantrieb	Benzin	127	173	Sep 1991	Dec 1995	2024-03-01	48313
Rolls-royce	Corniche	6.7	Stufenheck	Heckantrieb	Benzin	191	260	Sep 1970	Dec 1974	2024-03-01	48552
Subaru	Impreza	2.0 AWD	Stufenheck	Allrad	Benzin	110	150	Jul 2011	-	2024-03-01	48567
Rolls-royce	Silver wraith ii	6.75	Stufenheck	Heckantrieb	Benzin	164	223	Sep 1976	Dec 1980	2024-03-01	48578
Suzuki	Swift ii	1.3	Schrägheck	Frontantrieb	Benzin	52	71	Mar 1989	Dec 1997	2024-03-01	49124
Suzuki	Swift ii	1.3	Stufenheck	Frontantrieb	Benzin	52	71	Sep 1989	Dec 1994	2024-03-01	49129
Toyota	4	2.7 EFI 4WD	SUV	Allrad	Benzin	112	152	Nov 1995	Aug 2002	2025-02-03	49169
Toyota	Avalon	3	Stufenheck	Frontantrieb	Benzin	157	214	Sep 1999	Dec 2004	2024-03-01	49179
Toyota	Camry	3.5	Stufenheck	Frontantrieb	Benzin	200	272	Jan 2006	Dec 2011	2024-03-01	49204
BMW	4	420 I	Coupe	Heckantrieb	Benzin	135	184	Nov 2013	Feb 2017	2024-03-01	49226
Toyota	Prius	1.5 Hybrid	Schrägheck	Frontantrieb	Benzin/Elektro	83	113	Sep 2003	Mar 2009	2025-06-01	49414
Toyota	Prius	1.5 Hybrid	Stufenheck	Frontantrieb	Benzin/Elektro	85	116	Sep 2000	Dec 2003	2024-03-01	49415
Citroën	Ds4	1.6 THP 165	Schrägheck	Frontantrieb	Benzin	121	165	Jan 2012	Jul 2015	2024-03-01	49684
VW	Karmann ghia	1200	Coupe	Heckantrieb	Benzin	25	34	Aug 1960	Jul 1965	2024-03-01	49736
VW	Passat b5.5 variant	2.8	Kombi	Frontantrieb	Benzin	142	193	Oct 2000	Aug 2005	2024-03-01	49771
Volvo	P 1800	1.8	Coupe	Heckantrieb	Benzin	75	102	Sep 1966	Dec 1968	2024-03-01	49898
Volvo	P 1800	2	Coupe	Heckantrieb	Benzin	88	120	Sep 1969	Nov 1973	2024-03-01	49900
Volvo	240	2	Stufenheck	Heckantrieb	Benzin	60	82	Sep 1974	Dec 1975	2024-03-01	49904
Volvo	760	2.3	Kombi	Heckantrieb	Benzin	121	165	Sep 1983	Dec 1990	2024-03-01	49967
Volvo	Pv 444	1.4	Stufenheck	Heckantrieb	Benzin	29	39	Sep 1943	Dec 1949	2024-03-01	49997
BMW	1	128 I	Cabriolet	Heckantrieb	Benzin	172	234	Dec 2007	Oct 2013	2024-03-01	50120
Citroën	Ds5	2.0 Bluehdi 180	Schrägheck	Frontantrieb	Diesel	133	180	Aug 2013	Jul 2015	2024-03-01	50144
Dodge	Nitro	3.7	SUV	Heckantrieb	Benzin	157	214	Sep 2006	Dec 2012	2024-03-01	50228
Dodge	Nitro	3.7 4WD	SUV	Allrad	Benzin	157	214	Sep 2006	Dec 2012	2024-03-01	50229
Alfa Romeo	Mito	1.4	Schrägheck	Frontantrieb	Benzin	57	78	Mar 2011	Oct 2018	2024-03-01	50239
Fiat	500	1.4	Schrägheck	Frontantrieb	Benzin	75	102	Sep 2008	-	2024-03-01	50282
Ford USA	Edge	3.7 AWD	SUV	Allrad	Benzin	227	309	Sep 2010	Dec 2013	2024-03-01	50304
Ford USA	Flex	3.5 AWD	SUV	Allrad	Benzin	265	360	Sep 2009	-	2024-03-01	50313
KIA	Soul i	1.6	Schrägheck	Frontantrieb	Benzin	91	124	Sep 2009	Dec 2014	2024-03-01	50411
Lexus	Hs	250h	Stufenheck	Frontantrieb	Benzin/Elektro	139	189	Sep 2009	Dec 2012	2024-03-01	50427
Lexus	Ls	600h AWD	Stufenheck	Allrad	Benzin/Elektro	327	445	Sep 2007	-	2024-03-01	50431
Mazda	Mx-5 iii	2	Cabriolet	Heckantrieb	Benzin	127	173	Mar 2005	Dec 2007	2024-03-01	50452
Mercury	Cougar	4.6	Stufenheck	Heckantrieb	Benzin	153	208	Sep 1993	Dec 1997	2024-03-01	50513
Toyota	Camry	3.5	Stufenheck	Frontantrieb	Benzin	204	277	Sep 2011	Dec 2017	2024-03-01	50523
Toyota	Land cruiser 200	4.6 V8	Geländewagen geschlossen	Allrad	Benzin	227	309	Sep 2010	-	2024-03-01	50526
Mazda	Cx-5	2	SUV	Frontantrieb	Benzin	121	165	Nov 2011	Feb 2017	2024-03-01	50618
Mercury	Villager mini passenger van	3	Großraumlimousine	Frontantrieb	Benzin	113	153	Sep 1992	Dec 1998	2024-03-01	50623
Nissan	Cabstar	28.11 Dci, 32.11 Dci, 35.11 DCI 2.5	Pritsche/Fahrgestell	Heckantrieb	Diesel	81	110	Sep 2006	Dec 2013	2024-03-01	50635
Mazda	Cx-5	2.0 AWD	SUV	Allrad	Benzin	118	160	Nov 2011	Feb 2017	2024-03-01	50725
Mazda	Cx-5	2.2 D	SUV	Frontantrieb	Diesel	110	150	Apr 2012	Feb 2017	2024-03-01	50757
Toyota	Venza	2.7 4WD	SUV	Allrad	Benzin	135	184	Nov 2008	Apr 2012	2024-03-01	50762
Mazda	Cx-5	2.2 D AWD	SUV	Allrad	Diesel	110	150	Apr 2012	Feb 2017	2024-03-01	50841
Mazda	Cx-5	2.2 D AWD	SUV	Allrad	Diesel	129	175	Apr 2012	Feb 2017	2024-03-01	50842
Toyota	Rav 4 iii	2.0 4WD	SUV	Allrad	Benzin	109	148	Mar 2009	Jun 2013	2024-03-01	50844
Lexus	Lx	470	SUV	Allrad	Benzin	173	235	May 1998	Mar 2008	2024-03-01	50845
Zastava	Koral	1.1	Schrägheck	Frontantrieb	Benzin	44	60	Oct 2002	Nov 2008	2024-03-01	50850
Zastava	Koral	1.1	Schrägheck	Frontantrieb	Benzin	45	61	Oct 2002	Nov 2008	2024-03-01	50852
Alfa Romeo	Giulia	1600 Sprint	Coupe	Heckantrieb	Benzin	67	91	Jan 1962	Dec 1964	2024-03-01	50860
Alfa Romeo	Giulia	1600 Sprint	Coupe	Heckantrieb	Benzin	83	113	Jan 1963	Dec 1965	2024-03-01	50861
Alfa Romeo	Giulia	1300	Stufenheck	Heckantrieb	Benzin	57	78	Jan 1964	Aug 1969	2024-03-01	50862
Alfa Romeo	Giulia	1.6 T.i. Super	Stufenheck	Heckantrieb	Benzin	82	112	Jan 1963	Dec 1978	2024-03-01	50863
Alfa Romeo	Giulia	1.6 T.I	Stufenheck	Heckantrieb	Benzin	68	92	Jan 1962	Dec 1978	2024-03-01	50864
Alfa Romeo	Giulia	1.6	Cabriolet	Heckantrieb	Benzin	82	112	Mar 1962	Feb 1969	2024-03-01	50865
Alfa Romeo	Giulia	1.6	Cabriolet	Heckantrieb	Benzin	68	92	Mar 1962	Dec 1966	2024-03-01	50867
Alpina	D3	2	Stufenheck	Heckantrieb	Diesel	147	200	Dec 2005	Apr 2008	2024-03-01	50872
Alpina	D3	2	Kombi	Heckantrieb	Diesel	147	200	Dec 2005	Apr 2008	2024-03-01	50878
Alpina	B3	Bi-turbo	Stufenheck	Heckantrieb	Benzin	265	360	Sep 2007	Mar 2010	2024-03-01	50880
Alpina	B3	Bi-turbo Allrad	Stufenheck	Allrad	Benzin	265	360	Mar 2008	Mar 2010	2024-03-01	50881
Mitsubishi	Galant ix	2.4	Stufenheck	Frontantrieb	Benzin	116	158	Oct 2003	-	2024-03-01	50883
Audi	A3	S3 Quattro	Stufenheck	Allrad	Benzin	221	300	Oct 2013	Oct 2020	2024-03-01	50895
Chevrolet	Avalanche	5.3 Flexfuel 4WD	Pick-up	Allrad	Benzin/Ethanol	239	325	Sep 2006	Dec 2011	2024-03-01	50914
Hummer	Hummer h3	5.3 Flexfuel 4WD	Geländewagen geschlossen	Allrad	Benzin/Ethanol	224	305	Sep 2009	Dec 2010	2024-03-01	51049
Cadillac	Sts	4.6 AWD	Stufenheck	Allrad	Benzin	239	325	Sep 2007	Dec 2010	2024-03-01	51070
Cadillac	Sts	4.6	Stufenheck	Heckantrieb	Benzin	239	325	Sep 2007	Dec 2010	2024-03-01	51071
Chevrolet	Express 2500 extended cargo van	6	Kasten	Heckantrieb	Benzin	224	305	Sep 2002	Dec 2007	2024-03-01	51090
Chevrolet	Express 2500 extended cargo van	6	Kasten	Heckantrieb	Benzin	241	328	Sep 2007	Dec 2015	2025-11-01	51094
Chevrolet	Express 3500 extended cargo van	6	Kasten	Heckantrieb	Benzin	241	328	Sep 2007	Dec 2009	2024-03-01	51098
Dodge	Ram 1500 standard cab pickup	5.7 4WD	Pick-up	Allrad	Benzin	291	396	Sep 2008	Dec 2010	2024-03-01	51126
Dodge	Ram 1500 standard cab pickup	5.7	Pick-up	Heckantrieb	Benzin	291	396	Sep 2008	Dec 2010	2024-03-01	51127
Jaguar	Xj	4	Stufenheck	Heckantrieb	Benzin	183	249	Sep 1996	Dec 1997	2024-05-01	51181
Lamborghini	Murciélago	6.5 AWD	Cabriolet	Allrad	Benzin	478	650	Jun 2007	Dec 2010	2024-03-01	51194
Lincoln	Town car iii	4.6	Stufenheck	Heckantrieb	Benzin	164	223	Sep 1998	Dec 2003	2024-03-01	51204
Lincoln	Town car iii	4.6	Stufenheck	Heckantrieb	Benzin	178	242	Sep 2003	Dec 2008	2024-03-01	51207
Aston Martin	Vantage	6	Cabriolet	Heckantrieb	Benzin	380	517	Jan 2012	-	2024-03-01	51339
Chevrolet	Cruze	1.4	Stufenheck	Frontantrieb	Benzin	103	140	Sep 2010	-	2024-03-01	51391
Ford USA	F-150	6.2 SVT Raptor 4WD	Pick-up	Allrad	Benzin	306	416	Sep 2009	-	2024-03-01	51477
Chevrolet	Silverado 2500 hd standard cab pickup	6.0 4WD	Pick-up	Allrad	Benzin	268	364	Sep 2008	Dec 2013	2024-03-01	51631
Ford USA	F-150	6.2 4WD	Pick-up	Allrad	Benzin	306	416	Sep 2010	-	2024-03-01	51684
Mitsubishi	Eclipse iv	3.8	Coupe	Frontantrieb	Benzin	196	267	Sep 2005	Dec 2008	2024-03-01	51779
Toyota	Sienna	2.7	Großraumlimousine	Frontantrieb	Benzin	140	190	Sep 2010	Jul 2013	2024-03-01	51850
Citroën	Ds5	1.6 THP 165	Schrägheck	Frontantrieb	Benzin	121	165	Jan 2012	Jul 2015	2024-03-01	51869
Tesla	Roadster	Electric	Cabriolet	Heckantrieb	Elektro	215	292	Mar 2008	Dec 2010	2024-03-01	51906
Volvo	S60 ii	T5	Stufenheck	Frontantrieb	Benzin	186	253	Sep 2011	Dec 2015	2024-03-01	51930
Nissan	Elgrand	3.5	Großraumlimousine	Frontantrieb	Benzin	194	264	Sep 2010	-	2024-03-01	51940
Chevrolet	Silverado 3500 hd standard cab pickup	6.6 D 4WD	Pick-up	Allrad	Diesel	296	403	Sep 2010	Dec 2013	2024-03-01	51960
Ford	Focus iii turnier	2.0 Ti-gdi	Kombi	Frontantrieb	Benzin	125	170	Jul 2010	Feb 2020	2024-03-01	51968
BMW	4	435 D Xdrive	Coupe	Allrad	Diesel	230	313	Nov 2013	Jun 2020	2024-03-01	52003
KIA	Cee'd	1.6 GT	Schrägheck	Frontantrieb	Benzin	150	204	Jun 2013	Jul 2018	2024-03-01	52004
KIA	Cerato iii	1.6 MPI	Stufenheck	Frontantrieb	Benzin	96	130	Jun 2013	May 2017	2024-05-01	52005
Peugeot	207 sw	1.4 16V	Kombi	Frontantrieb	Benzin	72	98	Nov 2009	Dec 2012	2024-03-01	52008
Ford	Focus iii	1.6 Flexifuel	Schrägheck	Frontantrieb	Benzin/Ethanol	110	150	Jul 2013	Feb 2020	2024-03-01	52071
Cadillac	Eldorado	4.1	Coupe	Frontantrieb	Benzin	97	132	Sep 1985	Dec 1987	2024-03-01	52122
Cadillac	Seville	4.1	Stufenheck	Frontantrieb	Benzin	101	137	Sep 1981	Dec 1985	2026-06-01	52162
Chevrolet	Caprice	5.7	Coupe	Heckantrieb	Benzin	127	173	Sep 1976	Dec 1979	2024-03-01	52186
BMW	X5	Xdrive 35 I	SUV	Allrad	Benzin	235	320	Feb 2012	Jun 2013	2024-03-01	52207
Chevrolet	Express 2500 extended cargo van	5.3	Kasten	Heckantrieb	Benzin	213	290	Sep 2002	Dec 2004	2024-03-01	52230
Chevrolet	Express 2500 extended cargo van	6.0 AWD	Kasten	Allrad	Benzin	224	305	Sep 2002	Dec 2005	2024-03-01	52233
Chevrolet	Impala	5.7	Stufenheck	Heckantrieb	Benzin	194	264	Sep 1993	Dec 1996	2024-03-01	52255
Chrysler	Le baron	2.5	Coupe	Frontantrieb	Benzin	75	101	Sep 1986	Dec 1993	2024-03-01	52315
Chrysler	New yorker	3	Stufenheck	Frontantrieb	Benzin	105	143	Sep 1988	Dec 1989	2024-03-01	52325
BMW	1	118 D Xdrive	Schrägheck	Allrad	Diesel	105	143	May 2013	Feb 2015	2024-03-01	52331
Skoda	Rapid	1.4 TSI	Schrägheck	Frontantrieb	Benzin	90	122	Jul 2012	Jun 2015	2024-03-01	52392
Skoda	Rapid	1.6 TDI	Schrägheck	Frontantrieb	Diesel	66	90	Aug 2013	May 2015	2024-03-01	52395
BMW	3	320 I	Coupe	Heckantrieb	Benzin	120	163	Jan 2007	Jun 2013	2024-03-01	52425
VW	Touran	2.0 TDI	Großraumlimousine	Frontantrieb	Diesel	130	177	Jan 2013	May 2015	2024-03-01	52426
Peugeot	Rcz	1.6 THP 270	Coupe	Frontantrieb	Benzin	199	270	Jun 2013	Dec 2015	2024-03-01	52427
Hyundai	Genesis	3.8 V6	Stufenheck	Heckantrieb	Benzin	246	335	Jan 2011	Dec 2014	2024-03-01	52428
Maserati	Quattroporte vi	3.0 S Q4	Stufenheck	Allrad	Benzin	302	411	May 2013	-	2024-03-01	52434
Renault	Clio iii	1.2 Ethanol	Schrägheck	Frontantrieb	Benzin/Ethanol	55	75	Jul 2008	Dec 2012	2026-05-01	52436
Lancia	Voyager	2.8 CRD	Großraumlimousine	Frontantrieb	Diesel	130	177	Aug 2013	Dec 2014	2024-03-01	52437
Toyota	Corolla	1.3 Dual-vvti	Stufenheck	Frontantrieb	Benzin	73	99	Jun 2013	Dec 2018	2025-02-03	52438
Toyota	Corolla	1.4 D-4d	Stufenheck	Frontantrieb	Diesel	66	90	Jun 2013	Dec 2018	2024-03-01	52439
Toyota	Corolla	1.6	Stufenheck	Frontantrieb	Benzin	97	132	Jun 2013	Dec 2018	2024-03-01	52440
Maserati	Quattroporte vi	3.0 S	Stufenheck	Heckantrieb	Benzin	302	411	May 2013	-	2024-03-01	52450
Fiat	500l	1.6 D Multijet	Schrägheck	Frontantrieb	Diesel	88	120	Sep 2013	-	2024-03-01	52464
Fiat	Punto	0.9	Schrägheck	Frontantrieb	Benzin	77	105	Jul 2013	-	2024-03-01	52465
Ford USA	Bronco	5.8 4WD	SUV	Allrad	Benzin	157	214	Sep 1995	Dec 1996	2024-03-01	52532
BMW	5	530 D	Kombi	Heckantrieb	Diesel	155	211	Mar 2004	May 2010	2024-03-01	52829
BMW	3	325 I	Coupe	Heckantrieb	Benzin	155	211	Mar 2010	Jun 2013	2024-03-01	52830
BMW	X6	Xdrive 50 I	SUV	Allrad	Benzin	330	449	Oct 2007	Jun 2014	2024-03-01	52831
Ford USA	Mustang	5	Coupe	Heckantrieb	Benzin	160	218	Sep 1993	Dec 1994	2024-03-01	52839
Mitsubishi	Pajero ii	3.2 DID 4WD	Geländewagen geschlossen	Allrad	Diesel	121	165	Apr 2000	Sep 2007	2024-03-01	52852
BMW	3	325 I	Cabriolet	Heckantrieb	Benzin	155	211	Oct 2006	Dec 2013	2024-03-01	52885
BMW	X3	Xdrive 18 D	SUV	Allrad	Diesel	100	136	Apr 2009	Dec 2011	2024-03-01	52887
Ferrari	599 sa	6	Cabriolet	Heckantrieb	Benzin	489	665	Sep 2010	-	2024-03-01	52956
Lincoln	Town car	5	Stufenheck	Heckantrieb	Benzin	112	152	Sep 1985	Dec 1989	2024-03-01	53011
Lexus	Ct	200h	Schrägheck	Frontantrieb	Benzin/Elektro	100	136	Sep 2011	-	2024-03-01	53026
BMW	3	335 D Xdrive	Stufenheck	Allrad	Diesel	230	313	Jul 2013	Oct 2018	2024-03-01	53089
BMW	X6	Xdrive 35 I	SUV	Allrad	Benzin	240	326	Jun 2007	Mar 2010	2024-03-01	53100
BMW	3	325 D	Cabriolet	Heckantrieb	Diesel	155	211	Mar 2007	Dec 2010	2024-03-01	53145
BMW	3	325 D	Coupe	Heckantrieb	Diesel	155	211	Feb 2007	Feb 2010	2024-03-01	53146
Mercedes-benz	E-Klasse	E 220 CDI	Kombi	Heckantrieb	Diesel	120	163	Aug 2009	Aug 2014	2024-03-01	53147
BMW	3	325 I	Coupe	Heckantrieb	Benzin	155	211	Mar 2010	Jun 2013	2024-03-01	53148
Lamborghini	Gallardo	5.2 Lp560-4	Coupe	Allrad	Benzin	412	560	Jun 2008	-	2024-03-01	53149
Lamborghini	Gallardo	5	Coupe	Allrad	Benzin	375	510	Mar 2006	-	2024-03-01	53152
BMW	7	730 D	Stufenheck	Heckantrieb	Diesel	155	211	Feb 2008	May 2015	2024-03-01	53156
Lincoln	Town car iii	4.6	Stufenheck	Heckantrieb	Benzin	149	203	Sep 1997	Dec 2000	2024-03-01	53157
Mini	Mini	Cooper S John Cooper Works	Kombi	Frontantrieb	Benzin	141	192	Oct 2008	Feb 2010	2024-03-01	53158
Maserati	Quattroporte v	4.7 GT S	Stufenheck	Heckantrieb	Benzin	331	450	Nov 2011	-	2024-03-01	53160
Mercedes-benz	E-Klasse	E 220 CDI	Cabriolet	Heckantrieb	Diesel	120	163	Feb 2010	Dec 2016	2024-03-01	53201
Peugeot	3008 i	2.0 HDI Hybrid4	Großraumlimousine	Allrad	Diesel/Elektro	147	200	Feb 2011	Aug 2016	2024-11-01	53215
Citroën	C4 grand picasso ii	1.6 VTI 120	Großraumlimousine	Frontantrieb	Benzin	88	120	Sep 2013	-	2024-03-01	53216
Citroën	C4 grand picasso ii	1.6 THP 155	Großraumlimousine	Frontantrieb	Benzin	115	156	Sep 2013	-	2024-03-01	53217
Citroën	C4 grand picasso ii	1.6 HDI 90	Großraumlimousine	Frontantrieb	Diesel	68	92	Sep 2013	-	2024-03-01	53221
Mercedes-benz	C-Klasse	C 63 AMG	Coupe	Heckantrieb	Benzin	373	507	Nov 2012	-	2024-03-01	53232
BMW	3	318 D	Stufenheck	Heckantrieb	Diesel	100	136	Mar 2012	Oct 2018	2024-03-01	53234
BMW	3	320 D Xdrive	Stufenheck	Allrad	Diesel	120	163	Aug 2012	Oct 2018	2024-03-01	53235
Mini	Mini	Cooper D All4	Coupe	Allrad	Diesel	82	112	Mar 2012	Sep 2016	2024-03-01	53236
Maserati	Quattroporte vi	3.0 D	Stufenheck	Heckantrieb	Diesel	202	275	Sep 2013	-	2024-03-01	53262
Audi	A3	2.0 TDI	Stufenheck	Frontantrieb	Diesel	105	143	Oct 2013	Oct 2020	2024-03-01	53263
Mercedes-benz	M-Klasse	ML 400 4-matic	SUV	Allrad	Benzin	245	333	Aug 2013	Feb 2015	2024-03-01	53264
Maserati	Quattroporte vi	3.0 D	Stufenheck	Heckantrieb	Diesel	184	250	Sep 2013	-	2024-03-01	53270
Mercedes-benz	Glk-Klasse	250	SUV	Heckantrieb	Benzin	155	211	Aug 2013	Jun 2015	2024-03-01	53271
Mercedes-benz	Gl-Klasse	GL 400 4-matic	SUV	Allrad	Benzin	245	333	Aug 2013	Oct 2015	2024-03-01	53272
Mercedes-benz	Glk-Klasse	200	SUV	Heckantrieb	Benzin	135	184	Aug 2013	Jun 2015	2024-03-01	53273
Citroën	C4 grand picasso ii	1.6 HDI / Bluehdi 115	Großraumlimousine	Frontantrieb	Diesel	85	115	Sep 2013	Mar 2018	2025-11-01	53293
Citroën	C4 picasso ii	2.0 Bluehdi 150	Großraumlimousine	Frontantrieb	Diesel	110	150	Sep 2013	-	2024-03-01	53295
Citroën	C4 grand picasso ii	2.0 Bluehdi 150	Großraumlimousine	Frontantrieb	Diesel	110	150	Jun 2013	-	2024-03-01	53296
Citroën	C3 ii	1.4 LPG	Schrägheck	Frontantrieb	Benzin/Autogas (LPG)	70	95	Jun 2013	Sep 2016	2024-07-01	53297
Dacia	Duster	1.5 DCI	SUV	Frontantrieb	Diesel	80	109	Aug 2013	Jan 2018	2024-03-01	53300
Renault	Kangoo	1.2 TCE 115	Kasten/Großraumlimousine	Frontantrieb	Benzin	84	115	Jul 2013	-	2024-03-01	53301
KIA	Picanto ii	1.0 LPG	Schrägheck	Frontantrieb	Benzin/Autogas (LPG)	49	67	Aug 2013	Mar 2017	2024-03-01	53302
Renault	Kangoo	1.2 TCE 115	Großraumlimousine	Frontantrieb	Benzin	84	115	Jul 2013	-	2024-03-01	53303
Audi	A3	1.2 Tfsi	Stufenheck	Frontantrieb	Benzin	77	105	Oct 2013	May 2015	2024-03-01	53312
Audi	A3	2.0 TDI	Schrägheck	Frontantrieb	Diesel	81	110	May 2013	Oct 2020	2024-03-01	53313
Audi	A8 d4	4.2 TDI Quattro	Stufenheck	Allrad	Diesel	283	385	Oct 2013	Jan 2018	2024-03-01	53315
Audi	A8 d4	4.0 Tfsi Quattro	Stufenheck	Allrad	Benzin	320	435	Oct 2013	Dec 2015	2024-03-01	53316
Audi	A8 d4	3.0 TDI Quattro	Stufenheck	Allrad	Diesel	190	258	Oct 2013	Jan 2018	2024-03-01	53317
Ford	Tourneo connect / grand v408 großraumlimousi	1.6 Tdci	Großraumlimousine	Frontantrieb	Diesel	70	95	Sep 2013	Dec 2022	2024-05-01	53335
Ford	Tourneo connect / grand v408 großraumlimousi	1.0 Ecoboost	Großraumlimousine	Frontantrieb	Benzin	74	100	Nov 2013	Dec 2022	2024-05-01	53336
Ford	Tourneo connect / grand v408 großraumlimousi	1.6 Tdci	Großraumlimousine	Frontantrieb	Diesel	85	115	Sep 2013	Dec 2022	2024-05-01	53339
Audi	A3	1.6 TDI	Stufenheck	Frontantrieb	Diesel	77	105	Sep 2013	May 2015	2024-03-01	53360
Iveco	Daily ii	35-12	Kasten	Heckantrieb	Diesel	90	122	Feb 1995	May 1999	2024-03-01	53378
Peugeot	Partner	Électrique	Kasten/Großraumlimousine	Frontantrieb	Elektro	49	67	Jun 2013	-	2024-03-01	53379
KIA	Optima	2.0 Cvvt Hybrid	Stufenheck	Frontantrieb	Benzin/Elektro	140	190	Dec 2012	Dec 2015	2024-05-01	53380
Opel	Zafira	1.8	Großraumlimousine	Frontantrieb	Benzin	88	120	Jun 2013	Apr 2015	2024-03-01	53382
BMW	3	325 D	Schrägheck	Heckantrieb	Diesel	155	211	Jul 2013	Jun 2016	2024-03-01	53384
Opel	Astra j gtc	1.6 Sidi	Schrägheck	Frontantrieb	Benzin	147	200	Jul 2013	Apr 2018	2024-05-01	53385
KIA	Rio iii	1.25 LPG	Schrägheck	Frontantrieb	Benzin/Autogas (LPG)	63	86	Sep 2011	Dec 2017	2024-03-01	53386
Citroën	Ds5	2.0 HDI 200 Hybrid4 Allrad	Schrägheck	Allrad	Diesel/Elektro	147	200	Dec 2011	Jul 2015	2024-03-01	53387
Opel	Zafira	1.6 Sidi	Großraumlimousine	Frontantrieb	Benzin	147	200	Jul 2013	May 2018	2025-12-01	53388
Ford	Transit connect v408	1.6 Tdci	Kasten/Großraumlimousine	Frontantrieb	Diesel	85	115	Sep 2013	-	2025-02-03	53389
BMW	3	320 D	Schrägheck	Heckantrieb	Diesel	120	163	Mar 2013	Mar 2018	2025-02-03	53390
Ford	Transit connect v408	1.6 Tdci	Kasten/Großraumlimousine	Frontantrieb	Diesel	70	95	Sep 2013	-	2025-02-03	53392
Ford	Transit connect v408	1.6 Tdci	Kasten/Großraumlimousine	Frontantrieb	Diesel	55	75	Sep 2013	-	2025-02-03	53393
Ford	Transit connect v408	1.6 Ecoboost	Kasten/Großraumlimousine	Frontantrieb	Benzin	110	150	Nov 2013	-	2024-03-01	53394
Ford	Tourneo connect / grand v408 großraumlimousi	1.6 Tdci	Großraumlimousine	Frontantrieb	Diesel	55	75	Sep 2013	Dec 2022	2024-05-01	53397
Ford	Transit connect v408	1.0 Ecoboost	Kasten/Großraumlimousine	Frontantrieb	Benzin	74	100	Sep 2013	-	2025-02-03	53399
Nissan	Juke	1.6 Dig-t Nismo 4X4	SUV	Allrad	Benzin	147	200	Nov 2012	Dec 2019	2024-03-01	53454
BMW	4	420 D Xdrive	Coupe	Allrad	Diesel	135	184	Nov 2013	Feb 2015	2024-03-01	53539
Landwind (jmc)	Cv9	1.6	Großraumlimousine	Frontantrieb	Benzin	71	97	May 2011	-	2024-03-01	53582
VW	Golf vi	Blue E-motion	Schrägheck	Frontantrieb	Elektro	65	88	Dec 2010	Nov 2013	2024-03-01	53583
Mercury	Cougar	5	Stufenheck	Heckantrieb	Benzin	149	203	Sep 1990	Dec 1993	2024-03-01	53600
Renault	Espace iv	3.0 DCI	Großraumlimousine	Frontantrieb	Diesel	120	163	Sep 2005	Jan 2015	2025-12-01	53613
Nissan	Pathfinder iii	2.5 DCI 4WD	SUV	Allrad	Diesel	120	163	Jan 2005	-	2024-03-01	53614
BMW	3	320 D	Coupe	Heckantrieb	Diesel	120	163	Mar 2007	Jun 2013	2024-03-01	53615
KIA	Rio ii	1.5 Crdi	Schrägheck	Frontantrieb	Diesel	65	88	Jun 2008	Dec 2011	2024-03-01	53616
KIA	Cee'd	2.0 Crdi	Schrägheck	Frontantrieb	Diesel	100	136	Jun 2007	Dec 2012	2024-03-01	53618
Hyundai	Genesis	3.8 GDI	Stufenheck	Heckantrieb	Benzin	248	337	Sep 2011	Dec 2014	2024-03-01	53682
Audi	A3	1.4 Tfsi	Stufenheck	Frontantrieb	Benzin	92	125	Sep 2013	Aug 2016	2024-03-01	53686
Hummer	Hummer h3t	3.7 4WD	Pick-up	Allrad	Benzin	180	245	Oct 2008	Dec 2010	2024-03-01	53710
Audi	A3	1.8 Tfsi Quattro	Stufenheck	Allrad	Benzin	132	180	Nov 2013	Aug 2016	2024-03-01	53772
GMC	Yukon	6.2	SUV	Heckantrieb	Benzin	283	385	Sep 2008	Dec 2009	2024-03-01	53925
Ford USA	Edge	2.0 AWD	SUV	Allrad	Benzin	179	243	Sep 2011	-	2024-03-01	54159
Ford USA	Explorer	3.5 4WD	SUV	Allrad	Benzin	216	294	Oct 2010	-	2024-03-01	54167
BMW	4	430 D	Coupe	Heckantrieb	Diesel	190	258	Nov 2013	Jun 2020	2024-03-01	54207
BMW	4	420 I Xdrive	Coupe	Allrad	Benzin	135	184	Nov 2013	Feb 2016	2024-03-01	54208
Toyota	Prius	1.8 Hybrid	Schrägheck	Frontantrieb	Benzin/Elektro	100	136	Jun 2008	Jun 2016	2024-05-01	54210
Chevrolet	Express 2500 standard cargo van	6	Kasten	Heckantrieb	Benzin	224	305	Sep 2002	Dec 2007	2024-03-01	54236
Chevrolet	Express 3500 standard cargo van	6	Kasten	Heckantrieb	Benzin	224	305	Sep 2002	Dec 2007	2024-03-01	54251
Chevrolet	Silverado 2500 hd extended cab pickup	6.0 4WD	Pick-up	Allrad	Benzin	268	364	Sep 2008	Dec 2013	2024-03-01	54305
Chevrolet	Silverado 2500 hd standard cab pickup	6.6 D 4WD	Pick-up	Allrad	Diesel	296	403	Sep 2010	Dec 2013	2024-03-01	54325
Chevrolet	Silverado 3500 hd crew cab pickup	6.6 D 4WD	Pick-up	Allrad	Diesel	296	403	Sep 2010	Dec 2013	2024-03-01	54332
Chevrolet	Silverado 3500 hd extended cab pickup	6.6 D 4WD	Pick-up	Allrad	Diesel	296	403	Sep 2010	Dec 2013	2024-03-01	54334
Chevrolet	Camaro	6.2 ZL1	Coupe	Heckantrieb	Benzin	432	588	Sep 2012	Dec 2015	2024-03-01	54446
Suzuki	Xl7	3.6 Allrad	SUV	Allrad	Benzin	188	256	Sep 2006	Dec 2009	2024-03-01	54465
Suzuki	Xl7	3.6	SUV	Frontantrieb	Benzin	188	256	Sep 2006	Dec 2009	2024-03-01	54466
RAM	1500 extended cab pickup	5.7 4WD	Pick-up	Allrad	Benzin	295	401	Sep 2012	Dec 2018	2024-05-01	54496
RAM	1500 extended cab pickup	5.7	Pick-up	Heckantrieb	Benzin	295	401	Sep 2012	Dec 2018	2024-05-01	54497
RAM	1500 crew cab pickup	5.7 4WD	Pick-up	Allrad	Benzin	295	401	Sep 2012	Dec 2018	2024-05-01	54506
RAM	1500 crew cab pickup	5.7	Pick-up	Heckantrieb	Benzin	295	401	Sep 2012	Dec 2018	2024-05-01	54507
BMW	3	325 I	Stufenheck	Heckantrieb	Benzin	155	211	Jan 2006	Dec 2011	2024-03-01	54518
Renault	Megane iii grandtour	1.5 DCI	Kombi	Frontantrieb	Diesel	63	86	Mar 2009	Aug 2015	2024-03-01	54521
Renault	Laguna ii	1.9 DCI	Schrägheck	Frontantrieb	Diesel	85	116	Sep 2005	Dec 2007	2024-03-01	54571
Renault	Laguna ii grandtour	1.9 DCI	Kombi	Frontantrieb	Diesel	92	125	Sep 2005	Dec 2007	2024-03-01	54572
RAM	2500	5.7 4WD	Pick-up	Allrad	Benzin	286	389	Sep 2010	Dec 2018	2024-03-01	54616
BMW	X3	2.5 SI Xdrive	SUV	Allrad	Benzin	155	211	Aug 2006	Aug 2008	2024-03-01	54750
Audi	A3	S3 Quattro	Stufenheck	Allrad	Benzin	206	280	Oct 2013	May 2014	2024-03-01	54775
Bentley	Continental	6.0 Flex	Coupe	Allrad	Benzin/Ethanol	463	630	Feb 2008	May 2010	2024-03-01	54822
Fiat	Panda	0.9	Schrägheck	Frontantrieb	Benzin	57	78	Feb 2012	-	2024-03-01	54902
Hyundai	Equus / centennial	3.8	Stufenheck	Heckantrieb	Benzin	213	290	Mar 2009	Dec 2016	2024-05-01	54904
Hyundai	Equus / centennial	4.6 V8	Stufenheck	Heckantrieb	Benzin	269	366	Mar 2009	Dec 2016	2024-05-01	54905
Hyundai	Equus / centennial	5.0 GDI	Stufenheck	Heckantrieb	Benzin	316	430	Mar 2009	Dec 2016	2024-05-01	54906
Hyundai	Equus / centennial	3.8 GDI	Stufenheck	Heckantrieb	Benzin	246	334	Mar 2009	Dec 2016	2024-05-01	54907
Mazda	2	1.6 Mz-cd	Schrägheck	Frontantrieb	Diesel	70	95	Jun 2011	Jun 2015	2024-03-01	54910
Lamborghini	Reventon	6.5	Coupe	Allrad	Benzin	478	650	Sep 2007	Mar 2009	2024-03-01	54911
Mazda	2	1.5 MZR	Schrägheck	Frontantrieb	Benzin	75	102	Jun 2011	Jun 2015	2024-03-01	54912
Mazda	2	1.3 MZR	Schrägheck	Frontantrieb	Benzin	62	84	Jan 2010	Jun 2015	2024-03-01	54913
Mercedes-benz	E-Klasse	E 300 CDI	Stufenheck	Heckantrieb	Diesel	150	204	Dec 2009	Dec 2010	2024-03-01	54914
Mercedes-benz	E-Klasse	E 300 CDI	Kombi	Heckantrieb	Diesel	150	204	Dec 2009	Dec 2010	2024-03-01	54915
Ferrari	599 gtb/gto	6.0 GTO	Coupe	Heckantrieb	Benzin	489	665	Apr 2010	-	2024-03-01	54917
Morgan	Plus eight	4.8 V8	Cabriolet	Heckantrieb	Benzin	270	367	Mar 2010	-	2024-03-01	54918
Morgan	Plus four	2.0 I	Cabriolet	Heckantrieb	Benzin	106	144	Jan 2004	Jun 2014	2024-03-01	54919
Morgan	Aero	4.8 V8	Coupe	Heckantrieb	Benzin	270	367	Oct 2012	-	2024-03-01	54920
Opel	Vectra c	2.2 DTI 16V	Stufenheck	Frontantrieb	Diesel	86	117	Apr 2002	Dec 2004	2024-03-01	54921
Opel	Vectra c cc	1.8 16V	Schrägheck	Frontantrieb	Benzin	81	110	Aug 2002	Dec 2006	2024-03-01	54922
Ferrari	360	3.6 Challenge	Coupe	Heckantrieb	Benzin	305	415	May 2001	Mar 2005	2024-03-01	54923
Opel	Corsa b	1.4 I	Schrägheck	Frontantrieb	Benzin	40	54	Mar 1993	Sep 2000	2024-03-01	54924
Ford	Mondeo iv	2.0 Tdci	Stufenheck	Frontantrieb	Diesel	120	163	Mar 2010	Jan 2015	2024-03-01	54925
Opel	Kapitän	2.5	Stufenheck	Heckantrieb	Benzin	55	75	May 1955	Dec 1958	2024-03-01	54926
Porsche	Boxster	2.7	Cabriolet	Heckantrieb	Benzin	155	211	Jun 1999	Dec 2002	2024-03-01	54927
Chrysler	Neon	1.8	Stufenheck	Frontantrieb	Benzin	91	124	Jan 2000	Dec 2001	2024-03-01	54928
Jeep	Grand cherokee iii	4.7 V8 4X4	Geländewagen geschlossen	Allrad	Benzin	223	303	Sep 2007	Feb 2010	2024-03-01	54929
Mercedes-benz	C-Klasse	C 220 CDI	Stufenheck	Heckantrieb	Diesel	100	136	May 2000	Feb 2007	2024-03-01	54930
BMW	5	530 D	Stufenheck	Heckantrieb	Diesel	155	211	Sep 2002	Dec 2009	2024-03-01	54932
Citroën	Jumper ii	2.8 HDI Allrad	Bus	Allrad	Diesel	94	128	Apr 2002	Jun 2006	2025-12-01	54933
Mercedes-benz	B-Klasse sports tourer	F-cell	Schrägheck	Frontantrieb	Wasserstoff	100	136	Jan 2010	Nov 2011	2024-03-01	54934
Mercedes-benz	E-Klasse	E 220 T CDI	Kombi	Heckantrieb	Diesel	100	136	May 1999	Mar 2003	2024-03-01	54935
Hyundai	H-1 / starex	2.5 Crdi	Bus	Heckantrieb	Diesel	120	163	Dec 2002	Apr 2004	2024-03-01	54936
Mercedes-benz	E-Klasse	E 270 CDI	Stufenheck	Heckantrieb	Diesel	120	163	Mar 2002	Dec 2008	2024-03-01	54937
VW	Golf iv variant	2.0 4motion	Kombi	Allrad	Benzin	88	120	Dec 1999	Jun 2006	2024-05-01	54939
Mercedes-benz	Cls	CLS 320 CDI	Coupe	Heckantrieb	Diesel	155	211	Jan 2005	Dec 2010	2024-03-01	54940
VW	Bora	2.0 4motion	Kombi	Allrad	Benzin	88	120	Dec 1999	May 2003	2024-05-01	54941
Mercedes-benz	C-Klasse	C 220 CDI	Stufenheck	Heckantrieb	Diesel	120	163	Jan 2007	Nov 2008	2024-03-01	54942
Renault	Clio ii	1.5 DCI	Schrägheck	Frontantrieb	Diesel	42	57	Jun 2001	Dec 2006	2026-05-01	54943
BMW	3	M3 GTS	Coupe	Heckantrieb	Benzin	331	450	Mar 2007	Jun 2013	2024-03-01	54944
Renault	Scénic i	1.9 DCI RX4	Großraumlimousine	Allrad	Diesel	74	101	Dec 2002	Aug 2003	2024-03-01	54945
Mercedes-benz	Clk	CLK 270 CDI	Coupe	Heckantrieb	Diesel	120	163	Feb 2003	Jun 2005	2024-03-01	54946
Renault	Laguna ii	2.0 16V	Schrägheck	Frontantrieb	Benzin	98	133	Aug 2002	Dec 2006	2024-03-01	54947
Rover	400	414	Stufenheck	Frontantrieb	Benzin	55	75	Mar 1996	Dec 1999	2024-03-01	54948
Mercedes-benz	E-Klasse	E 270 T CDI	Kombi	Heckantrieb	Diesel	120	163	Mar 2003	Jul 2009	2024-03-01	54949
Daewoo	Lanos	1.5	Stufenheck	Frontantrieb	Benzin	73	99	Oct 1997	Jun 1999	2024-03-01	54950
Mercedes-benz	C-Klasse	C 220 CDI	Kombi	Heckantrieb	Diesel	120	163	Aug 2007	Nov 2008	2024-03-01	54951
BMW	3	320 D	Stufenheck	Heckantrieb	Diesel	95	129	Feb 1998	Aug 2001	2024-03-01	54952
Mercedes-benz	S-Klasse	S 320 CDI	Stufenheck	Heckantrieb	Diesel	155	211	Oct 2005	Dec 2013	2024-03-01	54953
Maserati	Grancabrio	4.7	Cabriolet	Heckantrieb	Benzin	323	439	Jun 2010	Jan 2013	2024-07-01	54954
Mercedes-benz	E-Klasse	E 220 CDI	Stufenheck	Heckantrieb	Diesel	100	136	Jul 1999	Mar 2002	2024-03-01	54955
Suzuki	Vitara	HDI	Geländewagen geschlossen	Allrad	Diesel	64	87	Dec 2003	Dec 2005	2024-03-01	54956
Suzuki	Vitara	2.0 HDI	Geländewagen offen	Allrad	Diesel	64	87	Jan 2002	Dec 2005	2024-03-01	54957
Mercedes-benz	B-Klasse sports tourer	B 200 CDI	Schrägheck	Frontantrieb	Diesel	100	136	Mar 2005	Nov 2011	2024-03-01	54958
Mercedes-benz	C-Klasse	C 220 CDI	Coupe	Heckantrieb	Diesel	100	136	Mar 2001	Jan 2004	2024-03-01	54959
Mercedes-benz	Clk	CLK 240	Coupe	Heckantrieb	Benzin	120	163	Jun 2002	May 2009	2024-03-01	54960
Ssangyong	Musso	2.9 TD	Geländewagen geschlossen	Allrad	Diesel	108	147	Apr 1998	Dec 2005	2024-03-01	54961
Rover	Cityrover	1.4 Elegance	Schrägheck	Frontantrieb	Benzin	62	84	Sep 2003	Dec 2005	2024-03-01	54962
Honda	Civic vi aerodeck	1.6 16V	Kombi	Frontantrieb	Benzin	92	125	Apr 1998	Feb 2001	2024-03-01	54963
Honda	Civic vi fastback	2.0 Tdic	Schrägheck	Frontantrieb	Diesel	74	101	Nov 1998	Oct 2000	2024-03-01	54964
Alfa Romeo	156	1.6 16V T.spark	Stufenheck	Frontantrieb	Benzin	82	112	Sep 1997	Sep 2005	2024-03-01	54965
Alfa Romeo	156	1.6 16V T.spark	Kombi	Frontantrieb	Benzin	82	112	Jan 2000	Sep 2005	2024-03-01	54966
Alfa Romeo	146	1.6 16V T.s.	Schrägheck	Frontantrieb	Benzin	82	112	Sep 1997	Dec 2000	2024-03-01	54967
Alfa Romeo	145	1.6 16V T.s.	Schrägheck	Frontantrieb	Benzin	82	112	Sep 1997	Dec 2000	2024-03-01	54968
Mitsubishi	L400	2.4	Bus	Heckantrieb	Benzin	94	128	Sep 1996	Jun 2005	2024-03-01	54969
Mitsubishi	L400	2.4 4WD	Bus	Allrad	Benzin	94	128	Sep 1996	Jun 2005	2024-03-01	54970
Mitsubishi	Space runner	2	Großraumlimousine	Frontantrieb	Benzin	98	133	May 2000	Aug 2002	2024-03-01	54971
Mitsubishi	Space runner	2.4 GDI	Großraumlimousine	Frontantrieb	Benzin	108	147	Aug 1999	Aug 2002	2024-03-01	54972
BMW	3	318 I	Kombi	Heckantrieb	Benzin	85	116	Oct 1999	Sep 2001	2024-03-01	54973
Ford	Transit	2.2 Tdci RWD	Bus	Heckantrieb	Diesel	100	135	Sep 2011	Aug 2014	2024-03-01	54979
Opel	Combo	1.4 CNG	Kasten/Großraumlimousine	Frontantrieb	Benzin/Erdgas (CNG)	88	120	Feb 2012	-	2024-03-01	54980
Mazda	Cx-5	2	SUV	Frontantrieb	Benzin	115	156	Jan 2012	Feb 2017	2024-03-01	54988
Toyota	4	4	SUV	Heckantrieb	Benzin	202	275	Jan 2010	-	2024-03-01	55005
Ford USA	Mustang convertible	5	Cabriolet	Heckantrieb	Benzin	313	426	Jan 2012	-	2024-03-01	55018
Ford	Ranger	2.2 Tdci	Pick-up	Heckantrieb	Diesel	88	120	Apr 2011	-	2024-03-01	55033
VW	Jetta iv	1.4 TSI	Stufenheck	Frontantrieb	Benzin	110	150	Apr 2011	Dec 2017	2024-03-01	55069
KIA	Cee'd	1.4 Cvvt	Schrägheck	Frontantrieb	Benzin	73	100	May 2012	Jul 2018	2024-03-01	55073
KIA	Cee'd	1.6 GDI	Schrägheck	Frontantrieb	Benzin	99	135	May 2012	Jul 2018	2024-03-01	55074
KIA	Cee'd	1.4 Crdi 90	Schrägheck	Frontantrieb	Diesel	66	90	May 2012	Jul 2018	2024-03-01	55076
KIA	Cee'd	1.6 Crdi 128	Schrägheck	Frontantrieb	Diesel	94	128	May 2012	Jul 2018	2024-03-01	55077
Opel	Astra j gtc	2.0 OPC Turbo	Schrägheck	Frontantrieb	Benzin	206	280	Apr 2012	Apr 2018	2024-05-01	55089
Saab	95 station wagon	0.8	Kombi	Frontantrieb	Gemisch	28	38	Feb 1960	Dec 1968	2024-03-01	55090
Isuzu	D-Max ii	2.5 Crdi 4X4	Pick-up	Allrad	Diesel	120	163	Apr 2012	Dec 2018	2026-04-01	55091
Audi	A3	1.4 Tfsi	Schrägheck	Frontantrieb	Benzin	90	122	Apr 2012	May 2014	2024-03-01	55092
Audi	A3	1.8 Tfsi	Schrägheck	Frontantrieb	Benzin	132	180	Apr 2012	Aug 2016	2024-03-01	55093
Audi	A3	2.0 TDI	Schrägheck	Frontantrieb	Diesel	105	143	Sep 2012	Oct 2020	2024-03-01	55094
Audi	A3	2.0 TDI	Schrägheck	Frontantrieb	Diesel	110	150	Apr 2012	Dec 2017	2024-03-01	55095
Volvo	V40	T3 Gtdi	Schrägheck	Frontantrieb	Benzin	110	150	Mar 2012	Dec 2016	2024-03-01	55096
Volvo	V40	T4 Gtdi	Schrägheck	Frontantrieb	Benzin	132	180	Mar 2012	Dec 2016	2024-03-01	55097
Volvo	V40	D2	Schrägheck	Frontantrieb	Diesel	84	114	Mar 2012	Dec 2016	2024-03-01	55098
Isuzu	D-Max ii	2.5 Crdi	Pick-up	Heckantrieb	Diesel	120	163	Apr 2012	Dec 2018	2026-04-01	55099
Volvo	V40	D3	Schrägheck	Frontantrieb	Diesel	110	150	Mar 2012	Mar 2015	2024-03-01	55100
Chevrolet	Malibu	2.0 D	Stufenheck	Frontantrieb	Diesel	118	160	Apr 2012	-	2024-03-01	55101
Volvo	V40	D4	Schrägheck	Frontantrieb	Diesel	130	177	Mar 2012	Dec 2014	2024-03-01	55102
Audi	A1	2.0 TDI	Schrägheck	Frontantrieb	Diesel	105	143	Sep 2011	Apr 2015	2024-03-01	55103
Audi	A1	2.0 Tfsi Quattro	Schrägheck	Allrad	Benzin	188	256	Mar 2012	Nov 2012	2024-03-01	55104
Ford	B-Max	1.0 Ecoboost	Großraumlimousine	Frontantrieb	Benzin	74	100	Oct 2012	Dec 2017	2026-05-01	55105
Ford	B-Max	1.0 Ecoboost	Großraumlimousine	Frontantrieb	Benzin	88	120	Oct 2012	Dec 2017	2026-05-01	55106
Ford	B-Max	1.6 TI	Großraumlimousine	Frontantrieb	Benzin	77	105	Oct 2012	Dec 2017	2026-05-01	55107
Ford	B-Max	1.6 Tdci	Großraumlimousine	Frontantrieb	Diesel	70	95	Oct 2012	Dec 2017	2026-05-01	55108
VW	Transporter t5	2.0 TSI	Bus	Frontantrieb	Benzin	110	150	Jul 2012	Aug 2015	2024-03-01	55109
VW	Transporter t5	2.0 TSI	Kasten	Frontantrieb	Benzin	110	150	Jul 2012	Aug 2015	2024-03-01	55110
VW	Transporter t5	2.0 TSI	Pritsche/Fahrgestell	Frontantrieb	Benzin	110	150	Jul 2012	Aug 2015	2024-03-01	55111
VW	Multivan t5	2.0 TSI	Bus	Frontantrieb	Benzin	110	150	Jul 2012	Aug 2015	2024-03-01	55112
VW	Crafter 30-35	2.0 TDI 4motion	Bus	Allrad	Diesel	120	163	Nov 2011	Dec 2016	2024-03-01	55113
VW	Crafter 30-50	2.0 TDI 4motion	Kasten	Allrad	Diesel	120	163	Jul 2011	Dec 2016	2024-03-01	55114
VW	Crafter 30-50	2.0 TDI 4motion	Pritsche/Fahrgestell	Allrad	Diesel	120	163	Nov 2011	Dec 2016	2024-03-01	55115
Opel	Mokka	1.4 4X4	SUV	Allrad	Benzin	103	140	Jun 2012	Dec 2019	2025-06-01	55118
Opel	Mokka	1.6	SUV	Frontantrieb	Benzin	85	116	Jun 2012	Dec 2019	2025-06-01	55119
Opel	Mokka	1.7 Cdti	SUV	Frontantrieb	Diesel	96	131	Jun 2012	Jun 2015	2024-03-01	55120
Opel	Mokka	1.7 Cdti 4X4	SUV	Allrad	Diesel	96	131	Jun 2012	Jun 2015	2024-03-01	55121
Subaru	Brz	2	Coupe	Heckantrieb	Benzin	147	200	Jun 2012	-	2024-03-01	55122
BMW	3	320 I	Kombi	Heckantrieb	Benzin	135	184	Nov 2012	Jun 2015	2024-03-01	55123
BMW	3	328 I	Kombi	Heckantrieb	Benzin	180	245	Jul 2012	Jun 2015	2024-03-01	55124
BMW	3	316 D	Kombi	Heckantrieb	Diesel	85	116	Nov 2012	Jun 2019	2024-03-01	55125
BMW	3	318 D	Kombi	Heckantrieb	Diesel	105	143	Nov 2012	Jun 2015	2024-03-01	55126
BMW	3	320 D	Kombi	Heckantrieb	Diesel	135	184	Jul 2012	Feb 2016	2024-03-01	55127
BMW	3	330 D	Kombi	Heckantrieb	Diesel	190	258	Jul 2012	Jun 2019	2024-03-01	55128
KIA	Pro cee'd	2.0 LPG	Schrägheck	Frontantrieb	Benzin/Autogas (LPG)	105	143	Jan 2009	Dec 2009	2024-03-01	55129
Peugeot	4008	1.6 HDI AWC	SUV	Allrad	Diesel	84	114	May 2012	-	2024-03-01	55130
Peugeot	4008	1.8 HDI AWC	SUV	Allrad	Diesel	110	150	May 2012	-	2024-03-01	55131
Renault	Zoe	ZOE	Schrägheck	Frontantrieb	Elektro	65	88	Jun 2012	-	2024-03-01	55132
Citroën	C4 aircross	1.6	SUV	Frontantrieb	Benzin	86	117	Apr 2012	-	2024-03-01	55133
Citroën	C4 aircross	1.6 HDI 115	SUV	Frontantrieb	Diesel	84	114	Apr 2012	-	2024-03-01	55134
Citroën	C4 aircross	1.6 HDI 115 AWC	SUV	Allrad	Diesel	84	114	May 2012	-	2024-03-01	55135
Citroën	C4 aircross	1.8 HDI 150	SUV	Frontantrieb	Diesel	110	150	Apr 2012	-	2024-03-01	55136
Citroën	C4 aircross	1.8 HDI 150 AWC	SUV	Allrad	Diesel	110	150	Apr 2012	-	2024-03-01	55137
Volvo	V60 i	D6 Hybrid AWD	Kombi	Allrad	Diesel/Elektro	206	280	Jun 2012	Dec 2015	2024-03-01	55138
Ssangyong	Actyon	2.0 XDI	Pick-up	Heckantrieb	Diesel	114	155	Sep 2011	-	2025-12-01	55139
Dodge	Avenger	3.6	Stufenheck	Frontantrieb	Benzin	211	287	Jan 2012	Dec 2014	2024-03-01	55144
Dodge	Charger	3.6	Stufenheck	Heckantrieb	Benzin	218	296	Jan 2011	-	2025-06-01	55145
Dodge	Charger	5.7 R/T	Stufenheck	Heckantrieb	Benzin	276	375	Sep 2010	-	2024-03-01	55146
Dodge	Charger	5.7 R/T AWD	Stufenheck	Allrad	Benzin	276	375	Sep 2010	-	2024-03-01	55147
Dodge	Charger	6.4 Srt8	Stufenheck	Heckantrieb	Benzin	351	477	Sep 2011	-	2024-03-01	55148
Dodge	Challenger	3.5	Coupe	Heckantrieb	Benzin	186	253	Sep 2008	Dec 2010	2024-03-01	55149
Dodge	Challenger	5.7	Coupe	Heckantrieb	Benzin	277	377	Sep 2008	Dec 2023	2025-06-01	55150
Dodge	Challenger	6.1 Srt8	Coupe	Heckantrieb	Benzin	317	431	Sep 2007	-	2024-03-01	55151
Dodge	Challenger	5.7	Coupe	Heckantrieb	Benzin	280	381	Jan 2010	Dec 2023	2025-06-01	55152
Dodge	Challenger	3.6	Coupe	Heckantrieb	Benzin	227	309	Jan 2011	-	2024-03-01	55153
Dodge	Journey	3.6	Großraumlimousine	Frontantrieb	Benzin	206	280	Jun 2012	Dec 2015	2024-03-01	55156
Dodge	Durango	3.6	SUV	Heckantrieb	Benzin	216	294	Jan 2011	-	2024-03-01	55161
Dodge	Durango	3.6 AWD	SUV	Allrad	Benzin	216	294	Jan 2011	-	2024-03-01	55162
Dodge	Durango	5.7	SUV	Heckantrieb	Benzin	268	364	Jan 2011	-	2024-03-01	55163
Dodge	Durango	5.7 AWD	SUV	Allrad	Benzin	268	364	Jan 2011	-	2024-03-01	55164
Dodge	Journey	2.4	Großraumlimousine	Frontantrieb	Benzin	129	175	Sep 2008	-	2024-03-01	55168
Dodge	Journey	3.6	Großraumlimousine	Frontantrieb	Benzin	211	287	Jan 2012	-	2024-03-01	55169
Dodge	Viper	Srt-10	Coupe	Heckantrieb	Benzin	372	506	Jan 2003	-	2024-03-01	55179
Dodge	Viper	Srt-10	Coupe	Heckantrieb	Benzin	450	612	Sep 2007	Dec 2010	2024-03-01	55180
Dodge	Viper	Srt-10	Cabriolet	Heckantrieb	Benzin	450	612	Sep 2009	Dec 2010	2024-03-01	55183
Chevrolet	Express	6.0 Flex-fuel	Kasten	Heckantrieb	Benzin/Ethanol	241	328	Jan 2010	Dec 2010	2025-11-01	55208
GMC	Yukon	6.2 4WD	SUV	Allrad	Benzin	301	409	Sep 2010	Jul 2014	2024-03-01	55219
Cadillac	Srx	3.6	SUV	Frontantrieb	Benzin	230	313	Jan 2012	Apr 2016	2024-03-01	55225
Honda	Odyssey	3.5	Großraumlimousine	Frontantrieb	Benzin	185	252	Aug 2010	-	2024-03-01	55241
Toyota	Yaris	1.5 Hybrid	Schrägheck	Frontantrieb	Benzin/Elektro	74	101	Mar 2012	Jun 2020	2024-05-01	55249
Lancia	Flavia	2.4	Cabriolet	Frontantrieb	Benzin	125	170	Mar 2012	Dec 2014	2024-03-01	55250
BMW	X3	Xdrive 28 I	SUV	Allrad	Benzin	180	245	Apr 2012	Aug 2017	2024-03-01	55252
Fisker	Karma	2.0 Range Extender	Stufenheck	Heckantrieb	Benzin/Elektro	150	204	Feb 2012	-	2024-03-01	55253
BMW	X6	Xdrive 35 I	SUV	Allrad	Benzin	235	320	Aug 2012	Jun 2014	2024-03-01	55254
Subaru	Impreza	2.5 WRX SE AWD	Schrägheck	Allrad	Benzin	195	265	Jul 2010	Aug 2013	2024-03-01	55259
Subaru	Impreza	2.5 WRX SE AWD	Stufenheck	Allrad	Benzin	195	265	Jan 2009	Dec 2014	2024-03-01	55260
Subaru	Impreza	2.0 I AWD	Stufenheck	Allrad	Benzin	110	150	Jan 2011	-	2024-03-01	55262
Subaru	Legacy v	2.5 I AWD	Stufenheck	Allrad	Benzin	125	170	Jan 2012	Dec 2014	2024-03-01	55267
Nissan	Rogue	2.5 AWD	SUV	Allrad	Benzin	127	173	Jan 2007	Dec 2013	2024-03-01	55276
Peugeot	508 i	1.6 THP	Stufenheck	Frontantrieb	Benzin	120	163	Jan 2012	Dec 2018	2024-03-01	55284
Mercedes-benz	A-Klasse	A 180	Schrägheck	Frontantrieb	Benzin	90	122	Sep 2012	May 2018	2024-03-01	55332
Mercedes-benz	A-Klasse	A 200	Schrägheck	Frontantrieb	Benzin	115	156	Jun 2012	May 2018	2024-03-01	55333
Mercedes-benz	A-Klasse	A 250	Schrägheck	Frontantrieb	Benzin	155	211	Jun 2012	May 2018	2024-03-01	55334
Mercedes-benz	A-Klasse	A 180 CDI / D	Schrägheck	Frontantrieb	Diesel	80	109	Jun 2012	May 2018	2024-03-01	55336
Mercedes-benz	A-Klasse	A 180 CDI	Schrägheck	Frontantrieb	Diesel	80	109	Jun 2012	Oct 2014	2024-03-01	55337
Mercedes-benz	A-Klasse	A 200 CDI	Schrägheck	Frontantrieb	Diesel	100	136	Jun 2012	Oct 2014	2024-03-01	55338
KIA	Rio i	1.5 16V	Stufenheck	Frontantrieb	Benzin	71	97	Sep 2002	Feb 2005	2024-03-01	55346
KIA	Cerato ii	1.6 Cvvt	Stufenheck	Frontantrieb	Benzin	91	124	Feb 2009	Jun 2013	2024-05-01	55348
BMW	7	740 I, LI	Stufenheck	Heckantrieb	Benzin	235	320	Jul 2012	Dec 2015	2024-03-01	55352
BMW	7	730 D	Stufenheck	Heckantrieb	Diesel	190	258	Jul 2012	May 2015	2024-03-01	55353
BMW	7	730 D Xdrive	Stufenheck	Allrad	Diesel	190	258	Nov 2011	May 2015	2024-03-01	55354
BMW	7	740 D	Stufenheck	Heckantrieb	Diesel	230	313	Jul 2012	Jun 2015	2024-03-01	55356
BMW	7	740 D Xdrive	Stufenheck	Allrad	Diesel	230	313	Jul 2012	Jun 2015	2024-03-01	55357
BMW	7	750 D Xdrive	Stufenheck	Allrad	Diesel	280	381	Jul 2012	Dec 2015	2024-03-01	55358
BMW	7	Activehybrid 7	Stufenheck	Heckantrieb	Benzin/Elektro	260	354	Aug 2012	Jun 2015	2024-03-01	55360
Mercedes-benz	Glk-Klasse	350 CDI 4-matic	SUV	Allrad	Diesel	195	265	Jul 2012	Jun 2015	2024-03-01	55378
Opel	Astra j	1.4	Stufenheck	Frontantrieb	Benzin	74	101	Jun 2012	Oct 2015	2024-03-01	55379
Opel	Astra j	1.6 Turbo	Stufenheck	Frontantrieb	Benzin	132	180	Jun 2012	Oct 2013	2026-04-01	55380
Opel	Astra j	1.6	Stufenheck	Frontantrieb	Benzin	85	116	Jun 2012	Jun 2018	2026-04-01	55381
Opel	Astra j	1.4 Turbo	Stufenheck	Frontantrieb	Benzin	103	140	Jun 2012	Jun 2018	2026-04-01	55382
Opel	Astra j	1.3 Cdti	Stufenheck	Frontantrieb	Diesel	70	95	Jun 2012	Oct 2015	2024-03-01	55383
Opel	Astra j	1.7 Cdti	Stufenheck	Frontantrieb	Diesel	81	110	Jun 2012	Oct 2015	2024-03-01	55384
Opel	Astra j	1.7 Cdti	Stufenheck	Frontantrieb	Diesel	96	131	Jun 2012	Oct 2015	2024-03-01	55385
Rover	200 ii	218 SI	Schrägheck	Frontantrieb	Benzin	88	120	Aug 1999	Mar 2000	2024-03-01	55393
Mercedes-benz	G-Klasse	G 63 AMG	Geländewagen geschlossen	Allrad	Benzin	400	544	May 2012	Mar 2018	2024-03-01	55394
Smart	Fortwo cabrio	1.0 Brabus	Cabriolet	Heckantrieb	Benzin	88	120	Apr 2012	-	2024-03-01	55395
Hyundai	Genesis	3.8 V6	Coupe	Heckantrieb	Benzin	260	354	Apr 2012	-	2024-03-01	55397
Hyundai	Genesis	2.0 T	Coupe	Heckantrieb	Benzin	204	277	Apr 2012	Feb 2014	2024-03-01	55398
Hyundai	Ix55	3.8 V6	SUV	Frontantrieb	Benzin	194	264	Jan 2011	Nov 2012	2024-05-01	55399
Hyundai	Ix55	3.8 V6 4WD	SUV	Allrad	Benzin	194	264	Jan 2011	Nov 2012	2024-05-01	55400
GAZ	Valdaj	3.8 D	Pritsche/Fahrgestell	Heckantrieb	Diesel	104	141	Sep 2010	-	2024-03-01	55401
Citroën	Ds4	1.6 THP 160	Schrägheck	Frontantrieb	Benzin	120	163	Apr 2012	Jul 2015	2024-03-01	55402
Nissan	Gt-R	V6	Coupe	Allrad	Benzin	404	550	Oct 2011	-	2024-03-01	55403
Chevrolet	Aveo / kalos	1.2 LPG	Schrägheck	Frontantrieb	Benzin/Autogas (LPG)	62	84	Apr 2008	Dec 2011	2024-03-01	55439
Chevrolet	Spark	1.2 LPG	Schrägheck	Frontantrieb	Benzin/Autogas (LPG)	60	82	Mar 2010	-	2024-03-01	55440
Fiat	Punto	1.4 Bifuel	Schrägheck	Frontantrieb	Benzin/Autogas (LPG)	57	78	Mar 2012	-	2024-03-01	55441
Chevrolet	Spark	1.0 LPG	Schrägheck	Frontantrieb	Benzin/Autogas (LPG)	50	68	Mar 2010	-	2024-03-01	55442
Opel	Zafira	1.4 LPG	Großraumlimousine	Frontantrieb	Benzin/Autogas (LPG)	103	140	Oct 2011	May 2018	2025-12-01	55443
Chevrolet	Cruze	1.8 LPG	Stufenheck	Frontantrieb	Benzin/Autogas (LPG)	104	141	Jun 2011	-	2024-03-01	55444
Chevrolet	Orlando	1.8 LPG	Großraumlimousine	Frontantrieb	Benzin/Autogas (LPG)	104	141	Jun 2011	Dec 2015	2024-03-01	55445
Fiat	Punto	1.2 Bifuel	Schrägheck	Frontantrieb	Benzin/Autogas (LPG)	44	60	Aug 2007	Mar 2012	2024-03-01	55446
Mitsubishi	Colt vi	1.1 LPG	Schrägheck	Frontantrieb	Benzin/Autogas (LPG)	55	75	Oct 2004	Jun 2012	2024-03-01	55447
Mitsubishi	Colt vi	1.3 LPG	Schrägheck	Frontantrieb	Benzin/Autogas (LPG)	70	95	Jun 2004	Jun 2012	2024-03-01	55448
Opel	Antara a	2.4 LPG	SUV	Frontantrieb	Benzin/Autogas (LPG)	103	140	Oct 2008	Aug 2010	2024-03-01	55449
Opel	Antara a	2.4 LPG 4X4	SUV	Allrad	Benzin/Autogas (LPG)	103	140	Aug 2006	Dec 2010	2024-03-01	55450
Mitsubishi	Lancer viii	1.8 Bifuel	Stufenheck	Frontantrieb	Benzin/Autogas (LPG)	105	143	Jan 2010	-	2024-03-01	55453
Mitsubishi	Lancer viii sportback	1.8 Bifuel	Schrägheck	Frontantrieb	Benzin/Autogas (LPG)	105	143	Feb 2010	-	2024-03-01	55454
Mitsubishi	Lancer viii sportback	1.5 Bifuel	Schrägheck	Frontantrieb	Benzin/Autogas (LPG)	80	109	Mar 2010	-	2024-03-01	55455
Mitsubishi	Lancer viii	1.5 Bifuel	Stufenheck	Frontantrieb	Benzin/Autogas (LPG)	80	109	Feb 2010	-	2024-03-01	55456
Chevrolet	Cruze	1.4	Stufenheck	Frontantrieb	Benzin	74	101	Jul 2013	-	2024-03-01	55461
Chevrolet	Cruze	1.4	Schrägheck	Frontantrieb	Benzin	74	101	Jul 2013	Dec 2015	2024-03-01	55465
Ford	B-Max	1.4	Großraumlimousine	Frontantrieb	Benzin	66	90	Oct 2012	Dec 2017	2026-05-01	55466
Chevrolet	Cruze	1.4	Kombi	Frontantrieb	Benzin	74	101	Jul 2013	Dec 2015	2024-03-01	55475
Audi	A3	1.8 Tfsi Quattro	Schrägheck	Allrad	Benzin	132	180	Aug 2012	Aug 2016	2024-03-01	55481
Ford	Focus iii turnier	2.0 ST	Kombi	Frontantrieb	Benzin	184	250	Jul 2012	Feb 2020	2024-03-01	55485
BMW	1	114 I	Schrägheck	Heckantrieb	Benzin	75	102	Jul 2012	Feb 2015	2024-03-01	55488
VW	Touran	2.0 TDI	Großraumlimousine	Frontantrieb	Diesel	125	170	May 2010	Jan 2013	2024-03-01	55494
Renault	Twingo	1.2 LPG	Schrägheck	Frontantrieb	Benzin/Autogas (LPG)	44	60	Oct 2003	Jun 2007	2026-05-01	55503
VW	Touran	1.6 TDI	Großraumlimousine	Frontantrieb	Diesel	77	105	May 2010	May 2015	2024-03-01	55508
VW	Touran	1.4 TSI	Großraumlimousine	Frontantrieb	Benzin	103	140	May 2010	May 2015	2024-03-01	55510
Ford	Focus iii turnier	1.6 Tdci Econetic	Kombi	Frontantrieb	Diesel	77	105	May 2012	Jul 2015	2024-03-01	55511
Ford	C-Max	1.6 LPG	Großraumlimousine	Frontantrieb	Benzin/Autogas (LPG)	88	120	Feb 2012	Jun 2019	2024-03-01	55512
VW	Touran	1.4 TSI Ecofuel	Großraumlimousine	Frontantrieb	Benzin/Erdgas (CNG)	110	150	May 2010	May 2015	2024-03-01	55513
Ford	Focus iii	1.6 Tdci Econetic	Schrägheck	Frontantrieb	Diesel	77	105	May 2012	Jul 2015	2024-03-01	55514
Toyota	Ractis	1.3	Großraumlimousine	Frontantrieb	Benzin	64	87	Sep 2005	Aug 2010	2024-03-01	55519
VW	Touran	2.0 TDI	Großraumlimousine	Frontantrieb	Diesel	103	140	May 2010	May 2015	2024-03-01	55526
Ford	B-Max	1.5 Tdci	Großraumlimousine	Frontantrieb	Diesel	55	75	Oct 2012	Dec 2017	2026-05-01	55537
Ford	Focus iii	2.0 ST	Schrägheck	Frontantrieb	Benzin	184	250	Jul 2012	Dec 2017	2024-03-01	55540
BMW	6	650 I	Coupe	Heckantrieb	Benzin	330	449	Jul 2012	Oct 2017	2024-03-01	55542
BMW	6	650 I Xdrive	Coupe	Allrad	Benzin	330	449	Jul 2012	Oct 2017	2024-03-01	55543
Toyota	Corolla	1.6	Stufenheck	Frontantrieb	Benzin	78	106	Sep 1994	Dec 1997	2024-03-01	55549
BMW	3	316 I	Coupe	Heckantrieb	Benzin	90	122	Sep 2007	Jun 2013	2024-03-01	55565
Hyundai	I30	1.6 Crdi	Schrägheck	Frontantrieb	Diesel	94	128	Dec 2011	Dec 2015	2024-03-01	55571
Hyundai	I40 i	1.6 GDI	Stufenheck	Frontantrieb	Benzin	99	135	Mar 2012	May 2019	2024-03-01	55572
Hyundai	I40 i	2.0 GDI	Stufenheck	Frontantrieb	Benzin	131	178	Mar 2012	May 2019	2024-03-01	55573
Hyundai	I40 i	1.7 Crdi	Stufenheck	Frontantrieb	Diesel	85	116	Mar 2012	May 2019	2024-03-01	55574
Hyundai	I40 i	1.7 Crdi	Stufenheck	Frontantrieb	Diesel	100	136	Mar 2012	May 2019	2024-03-01	55575
Hyundai	H-1 cargo	2.5 Crdi	Kasten	Heckantrieb	Diesel	120	163	Feb 2008	-	2024-03-01	55576
Hyundai	H-1 cargo	2.5 Crdi	Kasten	Heckantrieb	Diesel	85	116	Jan 2009	-	2024-03-01	55577
Hyundai	H-1 cargo	2.5 Crdi	Kasten	Heckantrieb	Diesel	100	136	Aug 2009	-	2024-03-01	55578
Mercedes-benz	G-Klasse	200 GE	Geländewagen geschlossen	Allrad	Benzin	85	116	Jan 1990	Jul 1993	2024-03-01	55580
Mercedes-benz	B-Klasse sports tourer	B 250	Schrägheck	Frontantrieb	Benzin	155	211	May 2012	Dec 2018	2024-03-01	55581
Toyota	Sienna	3.5 4WD	Großraumlimousine	Allrad	Benzin	198	269	Jan 2010	-	2024-03-01	55582
VW	Touran	1.4 TSI	Großraumlimousine	Frontantrieb	Benzin	125	170	May 2010	May 2015	2024-03-01	55585
Audi	A3	1.6 TDI	Schrägheck	Frontantrieb	Diesel	77	105	Oct 2012	May 2015	2024-03-01	55590
Audi	A3	2.0 TDI	Schrägheck	Frontantrieb	Diesel	81	110	Jan 2013	Aug 2016	2024-03-01	55591
Audi	A3	2.0 TDI Quattro	Schrägheck	Allrad	Diesel	110	150	Oct 2012	Dec 2017	2024-03-01	55592
Audi	A3	2.0 TDI	Schrägheck	Frontantrieb	Diesel	135	184	May 2013	Dec 2017	2024-03-01	55593
Audi	A3	2.0 TDI Quattro	Schrägheck	Allrad	Diesel	135	184	Dec 2012	Dec 2017	2024-03-01	55594
Audi	A3	1.4 Tfsi	Schrägheck	Frontantrieb	Benzin	103	140	Mar 2013	Aug 2016	2024-03-01	55595
Audi	A3	1.4 Tfsi	Schrägheck	Frontantrieb	Benzin	90	122	Sep 2012	Oct 2020	2024-03-01	55596
Audi	A3	2.0 TDI	Schrägheck	Frontantrieb	Diesel	110	150	Sep 2012	Oct 2020	2024-03-01	55597
Audi	A3	2.0 TDI Quattro	Schrägheck	Allrad	Diesel	135	184	May 2013	Jul 2018	2024-03-01	55598
Audi	A3	2.0 TDI	Schrägheck	Frontantrieb	Diesel	105	143	Mar 2013	Oct 2020	2024-03-01	55599
Audi	A3	1.8 Tfsi	Schrägheck	Frontantrieb	Benzin	132	180	Sep 2012	Aug 2016	2024-03-01	55600
Lotus	Exige	3.5 350 S	Coupe	Heckantrieb	Benzin	257	350	Jun 2012	-	2024-03-01	55601
Toyota	Dyna	2.4 D	Pritsche/Fahrgestell	Heckantrieb	Diesel	61	83	Aug 1985	May 1995	2024-03-01	55605
Chevrolet	Aveo / kalos	1.2	Schrägheck	Frontantrieb	Benzin	53	72	Jun 2006	-	2024-03-01	55609
Chevrolet	Spark	1.0 SX	Schrägheck	Frontantrieb	Benzin	49	67	May 2005	-	2024-03-01	55611
Lada	Granta	1.6	Stufenheck	Frontantrieb	Benzin	64	87	Sep 2014	-	2024-03-01	55616
Lada	Granta	1.6	Stufenheck	Frontantrieb	Benzin	72	98	Oct 2011	-	2024-03-01	55618
Lada	Largus	1.6	Kasten/Kombi	Frontantrieb	Benzin	62	84	Mar 2012	-	2024-03-01	55619
Lada	Largus	1.6	Kasten/Kombi	Frontantrieb	Benzin	77	105	Mar 2012	-	2024-03-01	55620
Hyundai	H100	2.5 Crdi	Pritsche/Fahrgestell	Heckantrieb	Diesel	96	130	Jan 2004	-	2024-03-01	55625
Fiat	500l	1.4	Schrägheck	Frontantrieb	Benzin	70	95	Sep 2012	-	2024-03-01	55634
Fiat	500l	0.9	Schrägheck	Frontantrieb	Benzin	77	105	Sep 2012	-	2024-03-01	55635
Fiat	500l	1.3 D Multijet	Schrägheck	Frontantrieb	Diesel	62	84	Sep 2012	-	2024-03-01	55636
Honda	Civic iv	1.6 16V 4X4	Stufenheck	Allrad	Benzin	79	107	Nov 1987	Sep 1991	2024-03-01	55637
Hyundai	Sonata vi	2.4	Stufenheck	Frontantrieb	Benzin	128	174	Jun 2009	Nov 2010	2025-06-01	55638
BMW	1	120 I	Cabriolet	Heckantrieb	Benzin	115	156	Mar 2008	Dec 2013	2024-03-01	55639
BMW	1	135 I	Cabriolet	Heckantrieb	Benzin	240	326	Mar 2008	Dec 2013	2024-03-01	55640
Hyundai	Accent iv	1.4	Stufenheck	Frontantrieb	Benzin	80	109	Nov 2010	Dec 2017	2024-03-01	55641
Hyundai	Accent iv	1.6	Stufenheck	Frontantrieb	Benzin	90	122	Nov 2010	-	2024-03-01	55642
Hyundai	Accent iv	1.6	Stufenheck	Frontantrieb	Benzin	91	123	Nov 2010	Dec 2017	2024-05-01	55644
Hyundai	Accent iv	1.6 Crdi	Stufenheck	Frontantrieb	Diesel	94	128	Nov 2010	Dec 2017	2024-03-01	55645
BMW	1	120 D	Cabriolet	Heckantrieb	Diesel	145	197	Mar 2008	Dec 2013	2024-03-01	55647
Hyundai	Elantra v	1.6	Stufenheck	Frontantrieb	Benzin	94	128	Apr 2011	Apr 2016	2024-03-01	55681
KIA	Cadenza i	3.5 Cvvt	Stufenheck	Frontantrieb	Benzin	213	290	Jan 2010	Dec 2015	2024-03-01	55701
Mercedes-benz	A-Klasse	A 220 CDI	Schrägheck	Frontantrieb	Diesel	125	170	Sep 2012	May 2018	2024-03-01	55767
Hyundai	I30	1.6	Schrägheck	Frontantrieb	Benzin	95	129	Dec 2011	Dec 2015	2024-03-01	55786
Hyundai	i	1.6 I 16V	Coupe	Frontantrieb	Benzin	79	107	Aug 2000	Jan 2002	2024-03-01	55793
Hyundai	Santa fé iii	2.4	SUV	Frontantrieb	Benzin	141	192	Sep 2012	Oct 2015	2024-05-01	55794
Hyundai	Santa fé iii	2.0 Crdi	SUV	Frontantrieb	Diesel	110	150	Sep 2012	Aug 2018	2024-05-01	55795
Hyundai	Santa fé iii	2.2 Crdi	SUV	Frontantrieb	Diesel	145	197	Sep 2012	Dec 2018	2025-06-01	55796
Hyundai	Santa fé iii	2.2 Crdi 4WD	SUV	Allrad	Diesel	145	197	Sep 2012	Dec 2018	2025-06-01	55797
Chevrolet	Cruze	1.4	Kombi	Frontantrieb	Benzin	103	140	Aug 2012	-	2024-03-01	55798
Chevrolet	Cruze	1.6	Kombi	Frontantrieb	Benzin	91	124	Aug 2012	Dec 2015	2024-03-01	55799
Chevrolet	Cruze	1.8	Kombi	Frontantrieb	Benzin	104	141	Aug 2012	-	2024-03-01	55800
Chevrolet	Cruze	1.7 TD	Kombi	Frontantrieb	Diesel	96	131	Aug 2012	-	2024-03-01	55801
Chevrolet	Cruze	2.0 TD	Kombi	Frontantrieb	Diesel	120	163	Aug 2012	-	2024-03-01	55802
Hyundai	Accent ii	1.5	Stufenheck	Frontantrieb	Benzin	73	99	Sep 1999	Oct 2002	2024-03-01	55825
Hyundai	Trajet	2	Großraumlimousine	Frontantrieb	Benzin	103	140	Mar 2001	Oct 2003	2024-03-01	55836
Mazda	B-Serie	2.5 D 4WD	Pick-up	Allrad	Diesel	63	86	Feb 1996	Jun 1999	2024-03-01	55853
Mercedes-benz	E-Klasse	E 350	Stufenheck	Heckantrieb	Benzin	200	272	Jan 2009	Dec 2013	2024-03-01	55880
Mercedes-benz	R-Klasse	R 320 CDI 4-matic	Großraumlimousine	Allrad	Diesel	155	211	Jan 2006	Dec 2012	2024-03-01	55884
Renault	Scénic i	1.6 Bifuel	Großraumlimousine	Frontantrieb	Benzin/Autogas (LPG)	75	102	Mar 2001	Aug 2003	2024-03-01	55898
BMW	3	320 I	Kombi	Heckantrieb	Benzin	115	156	Sep 2005	Jun 2012	2024-03-01	55899
Mercedes-benz	E-Klasse	E 300 Hybrid / Bluetec Hybrid	Stufenheck	Heckantrieb	Diesel/Elektro	150	204	Dec 2011	Dec 2016	2024-03-01	55905
Opel	Astra g	1.6 LPG	Stufenheck	Frontantrieb	Benzin/Autogas (LPG)	74	101	Jun 2002	Jan 2005	2024-03-01	55911
Opel	Astra g cc	1.6 LPG	Schrägheck	Frontantrieb	Benzin/Autogas (LPG)	74	101	Mar 1998	Jan 2005	2024-03-01	55912
Jeep	Cherokee	3.7 4X4	Geländewagen geschlossen	Allrad	Benzin	157	214	Sep 2001	Oct 2007	2024-03-01	55917
Fiat	Uno	1.1	Schrägheck	Frontantrieb	Benzin	43	58	Oct 1988	Jun 2006	2024-03-01	55918
Jeep	Cherokee	2.8 CRD 4X4	Geländewagen geschlossen	Allrad	Diesel	147	200	Jan 2010	-	2024-03-01	55928
Honda	Civic v	1.5	Stufenheck	Frontantrieb	Benzin	66	90	Oct 1993	Dec 1995	2026-05-01	55932
Honda	Civic viii	1.6	Stufenheck	Frontantrieb	Benzin	92	125	Sep 2005	Dec 2012	2024-03-01	55936
BMW	3	323 I	Stufenheck	Heckantrieb	Benzin	140	190	Mar 2007	Dec 2011	2024-03-01	55937
Toyota	Hiace v	2.5 D-4d	Kasten	Heckantrieb	Diesel	86	117	Sep 2006	-	2024-03-01	55939
BMW	3	320 I	Coupe	Heckantrieb	Benzin	115	156	Jun 2007	Dec 2013	2024-03-01	55944
BMW	1	118 I	Schrägheck	Heckantrieb	Benzin	100	136	Sep 2006	Dec 2011	2024-03-01	55945
KIA	Rio i	1.5	Stufenheck	Frontantrieb	Benzin	70	95	Sep 2002	Feb 2005	2024-03-01	55966
Land Rover	Freelander i soft top	1.8 4X4	Geländewagen offen	Allrad	Benzin	86	117	Oct 2000	Oct 2006	2024-03-01	55967
Land Rover	Freelander i soft top	2.0 TD4 4X4	Geländewagen offen	Allrad	Diesel	82	112	Oct 2000	Oct 2006	2024-03-01	55968
Jeep	Wrangler ii	4	Geländewagen offen	Allrad	Benzin	130	177	Aug 1996	Apr 2007	2024-03-01	55969
Toyota	Land cruiser	4.2 D 4X4	Geländewagen geschlossen	Allrad	Diesel	123	167	Jan 1990	Aug 2001	2025-06-01	55974
BMW	X5	M 50 D	SUV	Allrad	Diesel	280	381	Aug 2011	Jun 2013	2024-03-01	55985
BMW	X6	M 50 D	SUV	Allrad	Diesel	280	381	Aug 2011	Jun 2014	2024-03-01	55986
Jaguar	Xf i	2.2 D	Stufenheck	Heckantrieb	Diesel	147	200	Mar 2012	Apr 2015	2024-03-01	55988
Jaguar	Xf i	3	Stufenheck	Heckantrieb	Benzin	250	340	Mar 2012	Apr 2015	2024-03-01	55990
Jaguar	Xf sportbrake	2.2 D	Kombi	Heckantrieb	Diesel	147	200	Sep 2012	Apr 2014	2024-03-01	55991
Jaguar	Xf sportbrake	3.0 D	Kombi	Heckantrieb	Diesel	177	241	Sep 2012	Apr 2014	2024-03-01	55992
Jaguar	Xf sportbrake	3.0 D	Kombi	Heckantrieb	Diesel	202	275	Sep 2012	Apr 2014	2024-03-01	55993
Jaguar	Xj	3.0 Scv6	Stufenheck	Heckantrieb	Benzin	250	340	Mar 2012	Dec 2019	2025-02-03	56001
Opel	Astra h	1.6 Ecotec	Kasten/Kombi	Frontantrieb	Benzin	76	103	Feb 2004	Nov 2004	2024-03-01	56007
Audi	A6 c5	3	Stufenheck	Frontantrieb	Benzin	160	218	Jun 2001	Jan 2005	2024-03-01	56013
Volvo	S60 i	2.4	Stufenheck	Frontantrieb	Benzin	132	180	Jan 2005	Oct 2006	2024-03-01	56015
Volvo	S60 i	2.4 D	Stufenheck	Frontantrieb	Diesel	90	122	May 2005	Dec 2006	2024-03-01	56017
Mitsubishi	Space star vi	1	Schrägheck	Frontantrieb	Benzin	52	71	May 2012	-	2024-03-01	56018
BMW	3	320 I Xdrive	Stufenheck	Allrad	Benzin	135	184	Jul 2012	Oct 2018	2024-03-01	56020
Porsche	Cayenne	4.8 GTS	SUV	Allrad	Benzin	309	420	Jun 2012	May 2018	2025-06-01	56026
VW	Amarok	2.0 Bitdi	Pick-up	Heckantrieb	Diesel	132	180	Nov 2011	May 2022	2024-03-01	56028
Hyundai	H100	2.5 Tdic	Kasten	Heckantrieb	Diesel	59	80	Jun 1998	Oct 2003	2024-03-01	56036
Renault	Megane ii coupé-	2	Cabriolet	Frontantrieb	Benzin	102	139	Sep 2003	Feb 2007	2024-03-01	56038
Ferrari	F12 berlinetta	6.3	Coupe	Heckantrieb	Benzin	544	740	Oct 2012	-	2024-03-01	56039
Renault	Megane i classic	2.0 RT	Stufenheck	Frontantrieb	Benzin	103	140	Mar 2001	Aug 2003	2024-03-01	56041
Mercedes-benz	C-Klasse	C 300	Kombi	Heckantrieb	Benzin	170	231	Aug 2007	Aug 2014	2024-03-01	56075
Mercedes-benz	E-Klasse	E 300 CDI / Bluetec	Kombi	Heckantrieb	Diesel	170	231	Nov 2009	Dec 2016	2024-03-01	56076
Peugeot	206 sw	1.6 LPG	Kombi	Frontantrieb	Benzin/Autogas (LPG)	80	109	Jul 2002	Feb 2007	2024-03-01	56080
Peugeot	4008	2.0 AWC	SUV	Allrad	Benzin	110	150	May 2012	-	2024-03-01	56084
KIA	Rio iii	1.4 Cvvt	Schrägheck	Frontantrieb	Benzin	79	107	Sep 2011	Dec 2017	2024-03-01	56087
Renault	Laguna ii	1.6 LPG	Schrägheck	Frontantrieb	Benzin/Autogas (LPG)	79	107	Mar 2001	May 2005	2024-03-01	56091
KIA	Rio iii	1.4 Cvvt	Stufenheck	Frontantrieb	Benzin	79	107	Jun 2011	Dec 2017	2024-03-01	56096
Ferrari	360	3.6 Modena	Coupe	Heckantrieb	Benzin	316	430	Jan 2002	Mar 2005	2024-03-01	56106
Audi	Q5	3.0 TDI Quattro	SUV	Allrad	Diesel	180	245	Jun 2012	May 2017	2024-03-01	56107
Audi	Q5	2.0 TDI Quattro	SUV	Allrad	Diesel	130	177	Jun 2012	May 2017	2024-03-01	56108
Audi	Q5	SQ5 TDI Quattro	SUV	Allrad	Diesel	230	313	Dec 2012	Nov 2015	2024-03-01	56109
Audi	Q5	2.0 Tfsi Quattro	SUV	Allrad	Benzin	165	224	Jun 2012	May 2016	2024-03-01	56112
Audi	Q5	3.0 Tfsi Quattro	SUV	Allrad	Benzin	200	272	Jun 2012	May 2017	2024-03-01	56113
Hyundai	H-1 travel	2.5 Crdi	Bus	Heckantrieb	Diesel	120	163	May 2008	-	2024-03-01	56114
Audi	Q5	2.0 Tfsi Quattro	SUV	Allrad	Benzin	162	220	May 2013	May 2017	2024-03-01	56115
Subaru	Impreza	1.8	Coupe	Frontantrieb	Benzin	76	103	Jan 1993	Oct 1995	2024-03-01	56141
VW	Golf vii	1.2 TSI	Schrägheck	Frontantrieb	Benzin	63	86	Aug 2012	Mar 2017	2024-03-01	56142
VW	Golf vii	1.4 TSI	Schrägheck	Frontantrieb	Benzin	103	140	Aug 2012	Aug 2020	2026-05-01	56144
VW	Golf vii	1.6 TDI	Schrägheck	Frontantrieb	Diesel	77	105	Aug 2012	Mar 2017	2024-03-01	56145
VW	Golf vii	2.0 TDI	Schrägheck	Frontantrieb	Diesel	110	150	Aug 2012	Aug 2020	2024-03-01	56147
Mercedes-benz	Viano	3.7	Bus	Heckantrieb	Benzin	165	224	Jun 2004	Jul 2007	2024-03-01	56150
Mercedes-benz	Vito	123	Bus	Heckantrieb	Benzin	165	224	Jun 2004	Jul 2008	2024-03-01	56151
Mercedes-benz	Vito / mixto	123	Kasten	Heckantrieb	Benzin	165	224	Jun 2004	Jul 2008	2024-03-01	56153
Mercedes-benz	S-Klasse	S 350 CDI	Stufenheck	Heckantrieb	Diesel	155	211	Jun 2009	Dec 2013	2024-03-01	56156
Mercedes-benz	C-Klasse	C 350 CDI	Kombi	Heckantrieb	Diesel	165	224	Aug 2007	Aug 2014	2024-03-01	56158
Skoda	Rapid	1.2	Schrägheck	Frontantrieb	Benzin	55	75	Jul 2012	Jun 2015	2024-03-01	56161
Skoda	Rapid	1.2 TSI	Schrägheck	Frontantrieb	Benzin	63	86	Jul 2012	May 2015	2024-03-01	56162
Skoda	Rapid	1.2 TSI	Schrägheck	Frontantrieb	Benzin	77	105	Jul 2012	May 2015	2024-03-01	56165
Skoda	Rapid	1.4 TSI	Schrägheck	Frontantrieb	Benzin	90	122	Jul 2012	Jun 2015	2024-03-01	56167
Skoda	Rapid	1.6 TDI	Schrägheck	Frontantrieb	Diesel	77	105	Jul 2012	Dec 2019	2024-03-01	56170
Mini	Mini	John Cooper Works All4	Kombi	Allrad	Benzin	160	218	Nov 2012	Oct 2016	2024-03-01	56172
Honda	Insight	1.3 IMA	Schrägheck	Frontantrieb	Benzin/Elektro	73	99	Apr 2009	Dec 2013	2025-12-01	56184
Nissan	Primastar	1.9 DCI 100	Pritsche/Fahrgestell	Frontantrieb	Diesel	74	101	Jul 2002	Aug 2006	2024-03-01	56196
Peugeot	308 i	2.0 HDI	Schrägheck	Frontantrieb	Diesel	110	150	Oct 2011	Oct 2014	2024-03-01	56201
Maybach	57	6	Stufenheck	Heckantrieb	Benzin	463	630	Jan 2011	Dec 2012	2024-03-01	56202
VW	Polo	1.4 TSI	Schrägheck	Frontantrieb	Benzin	103	140	Oct 2012	May 2014	2024-03-01	56205
Land Rover	Defender	2.2 TD4 4X4	Pritsche/Fahrgestell	Allrad	Diesel	90	122	Aug 2011	Feb 2016	2024-03-01	56210
Maserati	Grancabrio	4.7	Cabriolet	Heckantrieb	Benzin	331	450	Jan 2011	Jun 2017	2024-07-01	56218
Maserati	Gran turismo i	4.7	Coupe	Heckantrieb	Benzin	331	450	Sep 2010	-	2024-03-01	56221
Subaru	Impreza	2.5 WRX STI AWD	Stufenheck	Allrad	Benzin	221	301	Jan 2011	-	2024-03-01	56222
Nissan	Navara	2.5 DCI	Pick-up	Heckantrieb	Diesel	120	163	Oct 2006	-	2024-03-01	56223
Jeep	Patriot	2.0 CRD	Geländewagen geschlossen	Frontantrieb	Diesel	103	140	Feb 2007	Dec 2017	2024-03-01	56233
Jeep	Patriot	2.4	Geländewagen geschlossen	Frontantrieb	Benzin	125	170	Jun 2009	Dec 2017	2024-03-01	56234
Brilliance	Bs6	2	Stufenheck	Frontantrieb	Benzin	90	122	May 2007	-	2024-03-01	56236
Brilliance	Bs6	2.4	Stufenheck	Frontantrieb	Benzin	95	129	May 2007	-	2024-03-01	56237
Honda	Cr-V iv	2.0 Ivtec	SUV	Frontantrieb	Benzin	114	155	Oct 2012	Dec 2018	2024-03-01	56243
Audi	A4 b8 avant	RS4 Quattro	Kombi	Allrad	Benzin	331	450	May 2012	Aug 2015	2024-03-01	56245
VW	Jetta iv	1.4 TSI Hybrid	Stufenheck	Frontantrieb	Benzin/Elektro	125	170	Apr 2011	Dec 2017	2024-03-01	56259
Citroën	Berlingo	1.6 HDI 115	Großraumlimousine	Frontantrieb	Diesel	84	114	Jul 2010	Dec 2018	2026-05-01	56261
Citroën	Berlingo	1.6 HDI 115	Kasten/Großraumlimousine	Frontantrieb	Diesel	84	114	Jul 2010	Dec 2018	2026-05-01	56262
Citroën	C3 picasso	1.4 VTI 95 LPG	Großraumlimousine	Frontantrieb	Benzin/Autogas (LPG)	70	95	Sep 2010	Nov 2015	2024-08-01	56263
Citroën	C5	1.6 HDI 115	Stufenheck	Frontantrieb	Diesel	84	114	Jan 2012	Jun 2015	2024-07-01	56264
Citroën	C5	1.6 HDI 115	Kombi	Frontantrieb	Diesel	84	114	Jun 2012	Jun 2015	2024-07-01	56266
Chevrolet	Camaro	3.6	Cabriolet	Heckantrieb	Benzin	241	328	Sep 2011	-	2024-03-01	56319
Mitsubishi	Outlander iii	2	SUV	Frontantrieb	Benzin	107	146	Oct 2012	Dec 2022	2025-06-01	56332
Mitsubishi	Outlander iii	2.0 4WD	SUV	Allrad	Benzin	107	146	Oct 2012	Dec 2022	2025-06-01	56333
Mitsubishi	Outlander iii	2	SUV	Frontantrieb	Benzin	110	150	Aug 2012	Dec 2022	2025-06-01	56336
Mitsubishi	Outlander iii	2.0 4WD	SUV	Allrad	Benzin	110	150	Aug 2012	Dec 2022	2025-06-01	56337
Mitsubishi	Outlander iii	2.2 Di-d	SUV	Frontantrieb	Diesel	110	150	Aug 2012	Dec 2022	2025-06-01	56338
Mitsubishi	Outlander iii	2.2 Di-d 4WD	SUV	Allrad	Diesel	110	150	Aug 2012	Dec 2022	2025-06-01	56339
Chevrolet	Silverado 2500 hd crew cab pickup	6.0 4WD	Pick-up	Allrad	Benzin	268	364	Sep 2008	Dec 2013	2024-03-01	56369
Chevrolet	Silverado 2500 extended cab pickup	5.3 4WD	Pick-up	Allrad	Benzin	235	320	Sep 2010	Dec 2013	2024-03-01	56374
Chevrolet	Silverado 2500 extended cab pickup	5.3	Pick-up	Heckantrieb	Benzin	235	320	Sep 2010	Dec 2013	2024-03-01	56375
Chevrolet	Silverado 2500 standard cab pickup	5.3	Pick-up	Heckantrieb	Benzin	235	320	Sep 2006	Dec 2013	2024-03-01	56388
Chevrolet	Silverado 2500 standard cab pickup	5.3 4WD	Pick-up	Allrad	Benzin	235	320	Sep 2006	Dec 2013	2024-03-01	56389
Iveco	Daily v	26l11, 29l11, 29s11, 35c11d, 35s11, 40c11	Pritsche/Fahrgestell	Heckantrieb	Diesel	78	106	Sep 2011	Feb 2014	2024-03-01	56431
Iveco	Daily v	29s13, 29l13, 29l13d, 35s13, 35c13d, 40c13	Pritsche/Fahrgestell	Heckantrieb	Diesel	93	126	Sep 2011	Feb 2014	2024-03-01	56433
Peugeot	508 i	1.6 THP	Stufenheck	Frontantrieb	Benzin	121	165	Sep 2011	Dec 2018	2024-03-01	56438
Lexus	Gs	450h	Stufenheck	Heckantrieb	Benzin/Elektro	254	345	Mar 2012	Sep 2018	2024-03-01	56458
Iveco	Daily v	35c15, 35s15, 40c15, 45c15, 50c15, 60c15, 65c15, 70c15	Pritsche/Fahrgestell	Heckantrieb	Diesel	107	146	Sep 2011	Feb 2014	2024-03-01	56556
Iveco	Daily v	35c17, 35s17, 40c17, 45c17, 50c17, 60c17, 65c17, 70c17	Pritsche/Fahrgestell	Heckantrieb	Diesel	125	170	Sep 2011	Feb 2014	2024-03-01	56557
Ford	Fusion	1.4 LPG	Kombi	Frontantrieb	Benzin/Autogas (LPG)	59	80	Jan 2010	Dec 2012	2024-03-01	56585
Iveco	Daily v	35c21, 35s21, 40c21, 45c21, 50c21, 60c21, 65c21, 70c21	Pritsche/Fahrgestell	Heckantrieb	Diesel	150	205	Sep 2011	Feb 2014	2024-03-01	56586
Iveco	Daily v	35c17, 35s17, 40c17, 45c17, 50c17, 60c17, 65c17, 70c17	Kasten	Heckantrieb	Diesel	125	170	Sep 2011	Feb 2014	2024-03-01	56697
Opel	Adam	1.2	Schrägheck	Frontantrieb	Benzin	51	69	Oct 2012	May 2019	2025-11-01	56729
Opel	Adam	1.4	Schrägheck	Frontantrieb	Benzin	64	87	Oct 2012	May 2019	2025-11-01	56730
Opel	Adam	1.4	Schrägheck	Frontantrieb	Benzin	74	101	Oct 2012	May 2019	2025-11-01	56731
Aston Martin	Vanquish	6	Coupe	Heckantrieb	Benzin	421	573	Oct 2012	-	2025-11-01	56732
BMW	1	M 135 I	Schrägheck	Heckantrieb	Benzin	235	320	Jul 2012	Feb 2015	2024-03-01	56734
BMW	1	M 135 I Xdrive	Schrägheck	Allrad	Benzin	235	320	Nov 2012	Feb 2015	2024-03-01	56735
Hyundai	Veloster	1.6 T-gdi	Coupe	Frontantrieb	Benzin	137	186	Oct 2012	Dec 2017	2024-03-01	56736
Peugeot	308 sw i	2.0 HDI	Kombi	Frontantrieb	Diesel	110	150	Apr 2011	Oct 2014	2024-03-01	56738
Fiat	Panda	0.9 Natural Power	Schrägheck	Frontantrieb	Benzin/Erdgas (CNG)	63	86	Jul 2012	-	2024-03-01	56739
Fiat	Panda	1.3 D Multijet 4X4	Schrägheck	Allrad	Diesel	55	75	Jun 2012	-	2024-03-01	56740
Mercedes-benz	S-Klasse	S 280	Stufenheck	Heckantrieb	Benzin	170	231	Aug 2006	Dec 2013	2024-03-01	56741
Mercedes-benz	S-Klasse	S 300	Stufenheck	Heckantrieb	Benzin	170	231	Aug 2006	Dec 2013	2024-03-01	56742
Fiat	500	0.9	Schrägheck	Frontantrieb	Benzin	48	65	Sep 2012	-	2024-03-01	56744
Fiat	500	0.9	Cabriolet	Frontantrieb	Benzin	48	65	Sep 2012	-	2024-03-01	56745
Fiat	Panda	0.9 4X4	Schrägheck	Allrad	Benzin	63	86	Sep 2012	-	2024-03-01	56748
Fiat	Panda	1.2 LPG	Schrägheck	Frontantrieb	Benzin/Autogas (LPG)	51	69	Jun 2012	-	2024-03-01	56749
Mercedes-benz	S-Klasse	S 320 CDI 4-matic	Stufenheck	Allrad	Diesel	155	211	Oct 2005	Dec 2013	2024-03-01	56750
Mercedes-benz	Viano	CDI 2.2 4-matic	Bus	Allrad	Diesel	85	116	Mar 2006	-	2025-06-01	56751
Jaguar	Xj	2.0 TI4	Stufenheck	Heckantrieb	Benzin	177	241	May 2012	Dec 2019	2025-02-03	56752
Chevrolet	Cruze	1.4	Schrägheck	Frontantrieb	Benzin	103	140	Jun 2012	-	2024-03-01	56753
Jaguar	Xf i	2	Stufenheck	Heckantrieb	Benzin	177	241	Jun 2012	Apr 2015	2024-03-01	56754
Chevrolet	Orlando	1.4	Großraumlimousine	Frontantrieb	Benzin	103	140	Jun 2012	-	2024-03-01	56755
Land Rover	Discovery iv	3.0 TD 4X4	Geländewagen geschlossen	Allrad	Diesel	183	249	Jul 2012	Dec 2018	2024-03-01	56756
Ford	C-Max	1.0 Ecoboost	Großraumlimousine	Frontantrieb	Benzin	74	100	Oct 2012	Jun 2019	2024-03-01	56757
Ford	Grand c-Max	1.0 Ecoboost	Großraumlimousine	Frontantrieb	Benzin	74	100	Oct 2012	Jun 2019	2024-03-01	56758
Chevrolet	Corvette	Z06 7.0	Cabriolet	Heckantrieb	Benzin	377	512	Jun 2012	Aug 2013	2024-03-01	56759
Ford	C-Max	1.0 Ecoboost	Großraumlimousine	Frontantrieb	Benzin	92	125	Oct 2012	Jun 2019	2024-03-01	56760
Ford	Grand c-Max	1.0 Ecoboost	Großraumlimousine	Frontantrieb	Benzin	92	125	Oct 2012	Jun 2019	2024-03-01	56761
Land Rover	Range rover iv	3.0 Sdv6 4X4	SUV	Allrad	Diesel	183	249	Aug 2012	Jan 2016	2025-02-03	56762
Porsche	911	3.8 Carrera S / GTS	Cabriolet	Heckantrieb	Benzin	316	430	Jul 2012	Dec 2019	2024-03-01	56763
Porsche	911	3.8 Carrera S / GTS	Coupe	Heckantrieb	Benzin	316	430	Jul 2012	Dec 2019	2024-03-01	56764
Honda	Cr-V iv	2.0 AWD	SUV	Allrad	Benzin	114	155	Oct 2012	Dec 2018	2024-03-01	56765
Land Rover	Range rover sport i	3.0 D 4X4	SUV	Allrad	Diesel	183	249	Aug 2012	Mar 2013	2024-03-01	56766
BMW	6	650 I Xdrive	Cabriolet	Allrad	Benzin	330	449	Jul 2012	Jun 2018	2024-03-01	56768
BMW	6	650 I	Cabriolet	Heckantrieb	Benzin	330	449	Jul 2012	Jun 2018	2024-03-01	56769
Porsche	911	3.4 Carrera 4	Coupe	Allrad	Benzin	257	350	Nov 2012	Dec 2019	2024-03-01	56770
Porsche	911	3.8 Carrera 4S	Coupe	Allrad	Benzin	294	400	Nov 2012	Dec 2019	2024-03-01	56771
Porsche	911	3.4 Carrera 4	Cabriolet	Allrad	Benzin	257	350	Nov 2012	Dec 2019	2024-03-01	56772
Porsche	911	3.8 Carrera 4S	Cabriolet	Allrad	Benzin	294	400	Nov 2012	Dec 2019	2024-03-01	56773
Opel	Astra j	1.4 Turbo	Stufenheck	Frontantrieb	Benzin	88	120	Jun 2012	Oct 2015	2024-03-01	56774
Land Rover	Range rover iv	3.0 Tdv6 4X4	SUV	Allrad	Diesel	190	258	Aug 2012	Sep 2021	2025-02-03	56775
Land Rover	Range rover iv	4.4 Sdv8 4X4	SUV	Allrad	Diesel	250	340	Aug 2012	Sep 2021	2025-02-03	56776
Seat	Leon	1.6 TDI	Schrägheck	Frontantrieb	Diesel	77	105	Sep 2012	Aug 2020	2024-03-01	56777
Seat	Leon	1.6 TDI	Schrägheck	Frontantrieb	Diesel	66	90	Nov 2012	Aug 2018	2024-03-01	56778
Seat	Leon	1.4 TSI	Schrägheck	Frontantrieb	Benzin	90	122	Nov 2012	Oct 2016	2024-03-01	56779
VW	Beetle	1.2 TSI	Cabriolet	Frontantrieb	Benzin	77	105	Dec 2011	Jul 2019	2024-03-01	56783
VW	Beetle	1.4 TSI	Cabriolet	Frontantrieb	Benzin	118	160	Dec 2011	Jul 2016	2024-03-01	56784
VW	Beetle	1.6 TDI	Cabriolet	Frontantrieb	Diesel	77	105	Dec 2011	Jul 2016	2024-03-01	56785
Opel	Insignia a sports tourer	1.4 LPG	Kombi	Frontantrieb	Benzin/Autogas (LPG)	103	140	Sep 2012	Mar 2017	2024-03-01	56786
Opel	Insignia a	1.4 LPG	Schrägheck	Frontantrieb	Benzin/Autogas (LPG)	103	140	Jul 2012	Mar 2017	2024-03-01	56787
Opel	Insignia a	1.4 LPG	Stufenheck	Frontantrieb	Benzin/Autogas (LPG)	103	140	Jul 2012	Mar 2017	2024-03-01	56788
Opel	Corsa d	1.4	Schrägheck	Frontantrieb	Benzin	88	120	Jul 2012	Aug 2014	2024-03-01	56789
VW	Beetle	2.0 TDI	Cabriolet	Frontantrieb	Diesel	103	140	Apr 2012	Jul 2016	2024-03-01	56790
VW	Beetle	2.0 Tfsi	Cabriolet	Frontantrieb	Benzin	147	200	Dec 2011	Jul 2016	2024-03-01	56791
Renault	Megane iii	2.0 DCI	Schrägheck	Frontantrieb	Diesel	120	163	Jul 2012	Aug 2015	2024-03-01	56793
Renault	Megane iii	2.0 DCI	Coupe	Frontantrieb	Diesel	120	163	Jul 2012	Aug 2015	2024-03-01	56794
Renault	Megane iii grandtour	2.0 DCI	Kombi	Frontantrieb	Diesel	120	163	Jul 2012	Aug 2015	2024-03-01	56795
Hyundai	Santa fé iii	2.4 4WD	SUV	Allrad	Benzin	141	192	Sep 2012	Oct 2015	2024-05-01	56796
Hyundai	Santa fé iii	2.0 Crdi 4WD	SUV	Allrad	Diesel	110	150	Sep 2012	Aug 2018	2024-05-01	56797
Hyundai	I30	1.4	Kombi	Frontantrieb	Benzin	73	99	Jun 2012	Dec 2015	2024-03-01	56798
Hyundai	I30	1.6	Kombi	Frontantrieb	Benzin	88	120	Jun 2012	-	2024-03-01	56799
Hyundai	I30	1.6 GDI	Kombi	Frontantrieb	Benzin	99	135	Jun 2012	-	2024-03-01	56800
Hyundai	I30	1.4 Crdi	Kombi	Frontantrieb	Diesel	66	90	Jun 2012	May 2017	2024-07-01	56801
Hyundai	I30	1.6 Crdi	Kombi	Frontantrieb	Diesel	94	128	Jun 2012	Dec 2015	2024-03-01	56802
Hyundai	I30	1.6 Crdi	Kombi	Frontantrieb	Diesel	81	110	Jun 2012	-	2024-03-01	56803
Hyundai	I30	1.6	Kombi	Frontantrieb	Benzin	95	129	Jun 2012	Dec 2015	2024-03-01	56804
Hyundai	I30	1.6 Crdi	Schrägheck	Frontantrieb	Diesel	81	110	Dec 2011	Dec 2016	2024-03-01	56806
BMW	X3	Sdrive 18 D	SUV	Heckantrieb	Diesel	100	136	Oct 2012	Mar 2014	2024-03-01	56809
BMW	X3	Sdrive 18 D	SUV	Heckantrieb	Diesel	105	143	Oct 2012	Mar 2014	2024-03-01	56810
Seat	Altea	2.0 Tfsi	Großraumlimousine	Frontantrieb	Benzin	147	200	Oct 2006	May 2009	2024-03-01	56814
Nissan	Skyline	2.6 Turbo 4X4	Coupe	Allrad	Benzin	206	280	Oct 1999	Aug 2002	2024-03-01	56822
Mitsubishi	Lancer viii	2.0 I 4WD	Stufenheck	Allrad	Benzin	113	154	Mar 2007	-	2024-03-01	56825
Lotus	Elise	1.8	Cabriolet	Heckantrieb	Benzin	164	223	Jan 2004	Oct 2013	2025-06-01	56829
Jeep	Grand cherokee iii	4.7 V8 4X4	Geländewagen geschlossen	Allrad	Benzin	164	223	Jun 2005	Dec 2010	2024-03-01	56846
Toyota	Corolla	1.6 Vvti	Stufenheck	Frontantrieb	Benzin	90	122	Jul 2010	May 2014	2024-03-01	56850
Infiniti	Ex	25	SUV	Allrad	Benzin	175	238	Apr 2010	Dec 2013	2024-03-01	56851
Toyota	Yaris	1.3	Stufenheck	Frontantrieb	Benzin	63	86	Jan 2006	Apr 2013	2024-03-01	56853
KIA	Cee'd	1.4 Cvvt	Kombi	Frontantrieb	Benzin	73	100	Sep 2012	Jul 2015	2024-03-01	56854
KIA	Cee'd	1.6 GDI	Kombi	Frontantrieb	Benzin	99	135	Sep 2012	Jul 2018	2024-03-01	56855
KIA	Cee'd	1.4 Crdi 90	Kombi	Frontantrieb	Diesel	66	90	Sep 2012	Jul 2018	2024-03-01	56856
KIA	Cee'd	1.6 Crdi 128	Kombi	Frontantrieb	Diesel	94	128	Sep 2012	Jul 2015	2024-03-01	56858
KIA	Pro cee'd	1.4 Cvvt	Schrägheck	Frontantrieb	Benzin	73	100	Mar 2013	Jul 2015	2024-03-01	56859
KIA	Pro cee'd	1.6 GDI	Schrägheck	Frontantrieb	Benzin	99	135	Mar 2013	Jul 2018	2024-03-01	56860
KIA	Pro cee'd	1.4 Crdi 90	Schrägheck	Frontantrieb	Diesel	66	90	Mar 2013	Jul 2018	2024-03-01	56862
KIA	Pro cee'd	1.6 Crdi 128	Schrägheck	Frontantrieb	Diesel	94	128	Mar 2013	Jul 2015	2024-03-01	56863
VW	Passat b7 variant	2.0 TDI	Kombi	Frontantrieb	Diesel	130	177	Dec 2012	Dec 2014	2024-03-01	56871
VW	Passat b7	2.0 TDI	Stufenheck	Frontantrieb	Diesel	130	177	Dec 2012	Dec 2014	2024-03-01	56872
Mclaren	Mp4 spider	12C	Cabriolet	Heckantrieb	Benzin	460	625	Aug 2012	Apr 2014	2024-03-01	56874
Porsche	Cayenne	4.2 S Diesel	SUV	Allrad	Diesel	281	382	Oct 2012	May 2014	2025-06-01	56877
Porsche	Cayenne	4.8 Turbo S	SUV	Allrad	Benzin	405	550	Oct 2012	May 2014	2025-06-01	56878
Fiat	Freemont	2.4	Großraumlimousine	Frontantrieb	Benzin	125	170	Aug 2011	Dec 2015	2024-03-01	56895
VW	Amarok	2.0 TDI	Pick-up	Heckantrieb	Diesel	103	140	Jul 2012	May 2022	2025-06-01	56896
VW	Amarok	2.0 TDI 4motion	Pick-up	Allrad	Diesel	103	140	Jun 2012	May 2022	2024-03-01	56897
VW	Cc b7	1.8 TSI	Coupe	Frontantrieb	Benzin	112	152	Nov 2011	Dec 2016	2024-03-01	56899
VW	Cc b7	2.0 TDI	Coupe	Frontantrieb	Diesel	100	136	Nov 2011	Dec 2016	2024-03-01	56900
VW	Cc b7	2.0 TDI	Coupe	Frontantrieb	Diesel	130	177	Dec 2012	Dec 2016	2024-03-01	56901
VW	Cc b7	1.4 TSI	Coupe	Frontantrieb	Benzin	118	160	Nov 2011	Dec 2016	2024-03-01	56902
VW	Cc b7	2.0 TDI 4motion	Coupe	Allrad	Diesel	103	140	Nov 2011	Dec 2016	2024-03-01	56903
VW	Cc b7	2.0 TDI 4motion	Coupe	Allrad	Diesel	125	170	Nov 2011	Jan 2013	2024-03-01	56904
Abarth	Punto	1.4 Supersport	Schrägheck	Frontantrieb	Benzin	132	180	Mar 2012	-	2024-03-01	56931
Volvo	S60 ii	T6 AWD	Stufenheck	Allrad	Benzin	242	329	Apr 2014	Dec 2015	2024-03-01	57041
Land Rover	Range rover iv	5.0 Scv8 4X4	SUV	Allrad	Benzin	375	510	Aug 2012	Sep 2021	2025-02-03	57067
Aston Martin	Db9 vantage	6.0 V12	Coupe	Heckantrieb	Benzin	380	517	Jul 2012	Oct 2016	2024-03-01	57111
Aston Martin	Db9 volante	6.0 V12	Cabriolet	Heckantrieb	Benzin	380	517	Jul 2012	Oct 2016	2024-03-01	57112
Chevrolet	Trax	1.6	SUV	Frontantrieb	Benzin	85	116	Dec 2012	-	2024-03-01	57116
Chevrolet	Trax	1.4 AWD	SUV	Allrad	Benzin	103	140	Dec 2012	-	2024-03-01	57117
Chevrolet	Trax	1.7 TD	SUV	Frontantrieb	Diesel	96	131	Dec 2012	-	2024-03-01	57118
Chevrolet	Trax	1.7 TD AWD	SUV	Allrad	Diesel	96	131	Dec 2012	-	2024-03-01	57119
Renault	Clio ii	1.2 LPG	Schrägheck	Frontantrieb	Benzin/Autogas (LPG)	43	58	Sep 1998	Jun 2009	2026-05-01	57126
Jaguar	F-Type	3.0 Scv6	Cabriolet	Heckantrieb	Benzin	250	340	Oct 2012	-	2024-03-01	57131
Chevrolet	Aveo / kalos	1.4	Stufenheck	Frontantrieb	Benzin	69	94	May 2003	May 2008	2024-03-01	57132
Jaguar	F-Type	3.0 Scv6 S	Cabriolet	Heckantrieb	Benzin	280	380	Oct 2012	-	2024-03-01	57133
Jaguar	F-Type	5.0 Scv8 S	Cabriolet	Heckantrieb	Benzin	364	495	Oct 2012	-	2024-03-01	57134
Renault	Scénic i	1.6 Bifuel	Großraumlimousine	Frontantrieb	Benzin/Autogas (LPG)	79	107	Sep 1999	Apr 2001	2024-03-01	57166
Renault	Scénic ii	1.6 Bifuel	Großraumlimousine	Frontantrieb	Benzin/Autogas (LPG)	83	113	Aug 2003	May 2006	2024-03-01	57167
Dacia	Logan	1.5 DCI	Kombi	Frontantrieb	Diesel	55	75	Feb 2013	-	2024-03-01	57168
Dacia	Logan	1.2 LPG	Stufenheck	Frontantrieb	Benzin/Autogas (LPG)	55	75	Oct 2012	-	2024-03-01	57170
Mitsubishi	Pajero iii	3.5	Geländewagen geschlossen	Allrad	Benzin	149	203	Apr 2000	Jan 2007	2024-03-01	57183
Mitsubishi	Pajero iii	3.2 Di-d	Geländewagen geschlossen	Allrad	Diesel	118	160	Apr 2000	Dec 2006	2024-03-01	57184
Mitsubishi	Pajero iii	3.2 Di-d	Geländewagen geschlossen	Allrad	Diesel	121	165	Apr 2000	Oct 2006	2024-03-01	57188
Toyota	Land cruiser prado	4.0 V6 Vvti	Geländewagen geschlossen	Allrad	Benzin	202	275	Aug 2009	-	2024-03-01	57189
Honda	Cr-V iii	2.4 I-vtec 4WD	SUV	Allrad	Benzin	125	170	Apr 2007	Dec 2012	2024-03-01	57197
Lexus	Rx	350	SUV	Frontantrieb	Benzin	203	276	Jan 2006	Dec 2008	2024-03-01	57212
Audi	A4 b6	3	Cabriolet	Frontantrieb	Benzin	160	218	Apr 2002	Dec 2005	2024-03-01	57213
Audi	A4 b8	2.0 Tfsi Quattro	Stufenheck	Allrad	Benzin	132	180	Nov 2009	Mar 2012	2024-03-01	57214
Audi	A5	RS5 Quattro	Cabriolet	Allrad	Benzin	331	450	Nov 2012	Aug 2015	2024-03-01	57219
Asia Motors	Rocsta	1.8 Allrad	Geländewagen geschlossen	Allrad	Benzin	57	78	Feb 1992	Dec 1998	2024-03-01	57222
Chevrolet	Blazer s10	4.3 AWD	Geländewagen geschlossen	Allrad	Benzin	142	193	Oct 1994	Aug 2002	2024-03-01	57227
Nissan	Quest	3.5 V6	Großraumlimousine	Frontantrieb	Benzin	194	264	Feb 2012	-	2024-03-01	57233
Opel	Zafira	1.6	Großraumlimousine	Frontantrieb	Benzin	76	103	Oct 2003	Jun 2005	2024-03-01	57235
Dodge	Caliber	2.4 AWD	Schrägheck	Allrad	Benzin	125	170	Oct 2006	-	2024-03-01	57238
Chevrolet	Caprice	5	Stufenheck	Heckantrieb	Benzin	112	152	Sep 1976	Dec 1987	2024-03-01	57239
Mercedes-benz	Cls	CLS 350	Kombi	Heckantrieb	Benzin	225	306	Oct 2012	Aug 2014	2024-03-01	57243
Mercedes-benz	Cls	CLS 500	Kombi	Heckantrieb	Benzin	300	408	Oct 2012	Dec 2017	2024-03-01	57244
Mercedes-benz	Cls	CLS 500 4-matic	Kombi	Allrad	Benzin	300	408	Oct 2012	Dec 2017	2024-03-01	57245
Mercedes-benz	Cls	CLS 63 AMG	Kombi	Heckantrieb	Benzin	386	525	Oct 2012	Dec 2017	2024-03-01	57246
Mercedes-benz	Cls	CLS 250 CDI / Bluetec / D	Kombi	Heckantrieb	Diesel	150	204	Oct 2012	Dec 2017	2024-03-01	57247
Mercedes-benz	Cls	CLS 350 CDI / D	Kombi	Heckantrieb	Diesel	195	265	Oct 2012	Aug 2014	2024-03-01	57249
Mercedes-benz	Cls	CLS 350 CDI / D 4-matic	Kombi	Allrad	Diesel	195	265	Oct 2012	Aug 2014	2024-03-01	57250
BMW	X1	Xdrive 25 D	SUV	Allrad	Diesel	160	218	Oct 2009	Jun 2015	2024-03-01	57251
Jeep	Grand cherokee iii	4.7 V8 Flex	Geländewagen geschlossen	Heckantrieb	Benzin/Ethanol	167	227	Oct 2004	May 2010	2024-03-01	57252
Jeep	Grand cherokee iii	3.7 V6 4X4	Geländewagen geschlossen	Allrad	Benzin	148	201	Jan 2008	Dec 2010	2024-03-01	57253
Toyota	Celica	2	Coupe	Frontantrieb	Benzin	118	160	Sep 1989	Oct 1993	2024-03-01	57256
Mercedes-benz	B-Klasse sports tourer	B 200 Natural GAS Drive / B 200 C	Schrägheck	Frontantrieb	Benzin/Erdgas (CNG)	115	156	Nov 2012	Dec 2017	2024-03-01	57257
Mercedes-benz	Sprinter 3,5-T	316 CDI	Bus	Heckantrieb	Diesel	120	163	Aug 2011	Dec 2018	2024-03-01	57259
KIA	K2700	2.7 D	Pritsche/Fahrgestell	Heckantrieb	Diesel	61	83	Jan 2006	-	2024-03-01	57261
Maserati	228	2.8	Coupe	Heckantrieb	Benzin	165	224	Aug 1986	Jun 1993	2024-03-01	57264
Hyundai	H-1 travel	2.5 Crdi	Bus	Heckantrieb	Diesel	85	116	Aug 2011	-	2024-03-01	57267
BMW	5	520 D	Schrägheck	Heckantrieb	Diesel	135	184	Apr 2011	Feb 2017	2024-03-01	57270
BMW	7	750 I, LI	Stufenheck	Heckantrieb	Benzin	330	449	Jul 2012	Jun 2015	2024-03-01	57271
Hyundai	I20 i	1.1 Crdi	Schrägheck	Frontantrieb	Diesel	55	75	Mar 2012	Dec 2015	2024-03-01	57272
Hyundai	I20 i	1.2	Schrägheck	Frontantrieb	Benzin	63	86	Mar 2012	Dec 2015	2024-03-01	57273
Audi	A6 c5 avant	3	Kombi	Frontantrieb	Benzin	160	218	Jun 2001	Jan 2005	2024-03-01	57275
BMW	7	750 I, LI Xdrive	Stufenheck	Allrad	Benzin	330	449	Jul 2012	Jun 2015	2024-03-01	57277
Audi	A6 c5 avant	3.0 Quattro	Kombi	Allrad	Benzin	160	218	Jun 2001	Jan 2005	2024-03-01	57278
Renault	Clio iv	1.5 DCI 90	Schrägheck	Frontantrieb	Diesel	66	90	Nov 2012	Aug 2021	2026-05-01	57281
Renault	Clio iv	1.5 DCI 75	Schrägheck	Frontantrieb	Diesel	55	75	Nov 2012	Aug 2021	2026-05-01	57282
Mercedes-benz	C-Klasse	C 200 CGI	Kombi	Heckantrieb	Benzin	135	184	Aug 2007	Aug 2014	2024-03-01	57283
Renault	Clio iv	1.2 16V	Schrägheck	Frontantrieb	Benzin	54	73	Nov 2012	Aug 2021	2026-05-01	57284
Mercedes-benz	S-Klasse	500 SEC	Coupe	Heckantrieb	Benzin	177	241	Aug 1980	Aug 1985	2024-03-01	57285
Chrysler	Voyager ii	2.5 TD	Großraumlimousine	Frontantrieb	Diesel	85	116	Jan 1992	Sep 1995	2024-03-01	57287
Honda	Integra	1.8 Vtir	Coupe	Frontantrieb	Benzin	127	173	Jul 1993	Nov 1999	2024-03-01	57289
KIA	Sportage iii	2.0 Cvvt	SUV	Frontantrieb	Benzin	122	166	Jul 2010	Dec 2015	2024-05-01	57290
Mercedes-benz	C-Klasse	C 200 CGI	Coupe	Heckantrieb	Benzin	135	184	Jun 2011	-	2024-03-01	57291
Mercedes-benz	B-Klasse sports tourer	B 220 CDI / D	Schrägheck	Frontantrieb	Diesel	125	170	Nov 2011	Dec 2018	2024-03-01	57292
BMW	3	320 D Xdrive	Stufenheck	Allrad	Diesel	135	184	Aug 2012	Jun 2015	2024-03-01	57293
BMW	3	328 I Xdrive	Stufenheck	Allrad	Benzin	180	245	Jul 2012	Aug 2016	2024-03-01	57294
BMW	3	335 I Xdrive	Stufenheck	Allrad	Benzin	225	306	Jul 2012	Jul 2015	2024-03-01	57295
Opel	Zafira	2.0 Biturbo Cdti	Großraumlimousine	Frontantrieb	Diesel	143	194	Jan 2013	Oct 2014	2025-12-01	57296
Renault	Megane iii	2.0 R.s.	Coupe	Frontantrieb	Benzin	195	265	Nov 2008	Sep 2016	2024-03-01	57297
VW	Passat b7	1.4 TSI	Stufenheck	Frontantrieb	Benzin	118	160	Nov 2012	Dec 2014	2024-03-01	57298
BMW	5	550 I	Schrägheck	Heckantrieb	Benzin	330	449	Jul 2012	Feb 2017	2024-03-01	57299
BMW	5	550 I Xdrive	Schrägheck	Allrad	Benzin	330	449	Jul 2012	Feb 2017	2024-03-01	57300
BMW	5	530 D	Schrägheck	Heckantrieb	Diesel	190	258	Jul 2012	Feb 2017	2024-03-01	57301
BMW	5	530 D Xdrive	Schrägheck	Allrad	Diesel	190	258	Jul 2012	Feb 2017	2024-03-01	57302
Mercedes-benz	Slk	55 AMG	Cabriolet	Heckantrieb	Benzin	294	400	Jun 2006	Feb 2011	2024-03-01	57305
Mercedes-benz	Sprinter 3-T	213 CDI	Bus	Heckantrieb	Diesel	95	129	Jun 2006	Dec 2016	2024-03-01	57306
Mercedes-benz	Sprinter 3-T	216 CDI	Bus	Heckantrieb	Diesel	120	163	Jun 2009	Dec 2018	2024-03-01	57307
Mercedes-benz	Sprinter 5-T	518 CDI 4X4	Kasten	Allrad	Diesel	135	184	Jun 2006	Dec 2016	2024-03-01	57308
Mercedes-benz	Sprinter 5-T	516 CDI 4X4	Kasten	Allrad	Diesel	120	163	Mar 2009	Dec 2018	2024-03-01	57309
Mercedes-benz	Sprinter 5-T	511 CDI 4X4	Kasten	Allrad	Diesel	80	109	Jun 2006	Dec 2009	2024-03-01	57314
Mercedes-benz	Sprinter 5-T	513 CDI 4X4	Kasten	Allrad	Diesel	95	129	Mar 2009	Dec 2016	2024-03-01	57315
Mercedes-benz	Sprinter 5-T	515 CDI 4X4	Kasten	Allrad	Diesel	110	150	Jun 2006	Dec 2009	2024-03-01	57316
Mercedes-benz	Sprinter 5-T	519 CDI / Bluetec 4X4	Kasten	Allrad	Diesel	140	190	Mar 2009	Dec 2018	2024-03-01	57317
Mercedes-benz	Sprinter 5-T	511 CDI 4X4	Pritsche/Fahrgestell	Allrad	Diesel	80	109	Jun 2006	Dec 2009	2024-03-01	57318
Mercedes-benz	Sprinter 5-T	515 CDI 4X4	Pritsche/Fahrgestell	Allrad	Diesel	110	150	Jun 2006	Dec 2009	2024-03-01	57319
Mercedes-benz	Sprinter 5-T	518 CDI 4X4	Pritsche/Fahrgestell	Allrad	Diesel	135	184	Jun 2006	Dec 2009	2024-03-01	57320
Mercedes-benz	Sprinter 5-T	519 CDI / Bluetec 4X4	Pritsche/Fahrgestell	Allrad	Diesel	140	190	Mar 2009	Dec 2018	2024-03-01	57321
Ford	Focus iii	2.0 Ti-gdi	Schrägheck	Frontantrieb	Benzin	125	170	Aug 2011	Feb 2020	2024-03-01	57326
Ford	Focus iii	2.0 GDI	Stufenheck	Frontantrieb	Benzin	125	170	Aug 2011	Feb 2020	2024-03-01	57327
Ford	Ranger	2.2 Tdci	Pick-up	Heckantrieb	Diesel	110	150	Nov 2011	-	2024-03-01	57328
Honda	Integra	1.8 Type-r	Coupe	Frontantrieb	Benzin	147	200	Sep 1993	Aug 2001	2024-03-01	57345
VW	Passat b7 variant	1.4 TSI	Kombi	Frontantrieb	Benzin	118	160	Nov 2012	Dec 2014	2024-03-01	57348
Mercedes-benz	Citan	108 CDI	Kasten/Großraumlimousine	Frontantrieb	Diesel	55	75	Nov 2012	Aug 2021	2024-03-01	57351
Mercedes-benz	Citan	109 CDI	Kasten/Großraumlimousine	Frontantrieb	Diesel	66	90	Nov 2012	Aug 2021	2024-03-01	57352
Mercedes-benz	Citan mixto	109 CDI	Kasten/Großraumlimousine	Frontantrieb	Diesel	66	90	Nov 2012	Aug 2021	2024-03-01	57353
Mercedes-benz	Citan tourer	108 CDI	Großraumlimousine	Frontantrieb	Diesel	55	75	Nov 2012	Aug 2021	2024-03-01	57354
Mercedes-benz	Citan tourer	109 CDI	Großraumlimousine	Frontantrieb	Diesel	66	90	Nov 2012	Aug 2021	2024-03-01	57355
VW	Jetta iv	1.6	Stufenheck	Frontantrieb	Benzin	77	105	Dec 2011	Apr 2018	2024-03-01	57357
Mercedes-benz	Sprinter 3,5-T	316 LGT	Pritsche/Fahrgestell	Heckantrieb	Benzin/Autogas (LPG)	115	156	Jan 2011	Dec 2018	2024-03-01	57358
Mercedes-benz	Sprinter 5-T	513 CDI	Pritsche/Fahrgestell	Heckantrieb	Diesel	95	129	Jun 2006	Dec 2016	2024-03-01	57359
Mercedes-benz	Sprinter 5-T	513 CDI	Kasten	Heckantrieb	Diesel	95	129	Jun 2006	Dec 2016	2024-03-01	57360
Mercedes-benz	Sprinter 3-T	213 CDI	Kasten	Heckantrieb	Diesel	95	129	Jun 2006	Dec 2016	2024-03-01	57361
Mercedes-benz	Sprinter 3,5-T	316 NGT	Kasten	Heckantrieb	Benzin/Erdgas (CNG)	115	156	Sep 2008	Dec 2018	2024-03-01	57362
Mercedes-benz	Sprinter 3,5-T	316 LGT	Kasten	Heckantrieb	Benzin/Autogas (LPG)	115	156	Jan 2011	Dec 2018	2024-03-01	57363
Porsche	Cayman	2.7	Coupe	Heckantrieb	Benzin	202	275	Mar 2013	May 2016	2024-03-01	57364
Porsche	Cayman	S 3.4	Coupe	Heckantrieb	Benzin	239	325	Mar 2013	May 2016	2024-03-01	57365
VW	Transporter t4	1.9 D	Kasten	Frontantrieb	Diesel	44	60	Sep 1990	Dec 1995	2024-03-01	57383
VW	Transporter t4	1.9 D	Pritsche/Fahrgestell	Frontantrieb	Diesel	44	60	Sep 1990	Dec 1995	2024-03-01	57385
Chevrolet	Aveo	1.2 LPG	Schrägheck	Frontantrieb	Benzin/Autogas (LPG)	63	86	Nov 2012	Dec 2015	2024-03-01	57387
Chevrolet	Aveo	1.2 LPG	Stufenheck	Frontantrieb	Benzin/Autogas (LPG)	63	86	Nov 2012	Dec 2015	2024-03-01	57388
Chevrolet	Aveo / kalos	1.2 LPG	Stufenheck	Frontantrieb	Benzin/Autogas (LPG)	62	84	Jan 2009	-	2024-03-01	57389
Chevrolet	Cruze	1.8 LPG	Schrägheck	Frontantrieb	Benzin/Autogas (LPG)	104	141	Jun 2011	Dec 2015	2024-03-01	57390
Opel	Astra j gtc	2.0 Biturbo Cdti	Schrägheck	Frontantrieb	Diesel	143	194	Oct 2013	Jun 2015	2024-05-01	57391
Opel	Astra j	2.0 Biturbo Cdti	Schrägheck	Frontantrieb	Diesel	143	194	Sep 2012	Oct 2015	2024-03-01	57392
Renault	Scénic iii	1.2 TCE	Großraumlimousine	Frontantrieb	Benzin	85	116	Apr 2012	Sep 2016	2024-05-01	57393
Renault	Grand scénic iii	1.2 TCE	Großraumlimousine	Frontantrieb	Benzin	85	116	Apr 2012	Sep 2016	2024-05-01	57394
Opel	Astra j caravan	2.0 Biturbo Cdti	Kombi	Frontantrieb	Diesel	143	194	Sep 2012	Oct 2015	2024-03-01	57395
Dacia	Dokker	1.5 DCI / Blue DCI 75	Großraumlimousine	Frontantrieb	Diesel	55	75	Nov 2012	Dec 2021	2024-11-01	57396
Dacia	Dokker	1.5 DCI	Großraumlimousine	Frontantrieb	Diesel	66	90	Nov 2012	Dec 2021	2024-11-01	57397
Dacia	Dokker	1.2 TCE	Großraumlimousine	Frontantrieb	Benzin	85	115	Nov 2012	Dec 2021	2024-11-01	57398
Dacia	Dokker	1.6	Großraumlimousine	Frontantrieb	Benzin	61	83	Nov 2012	Dec 2015	2024-11-01	57399
Cadillac	Srx	3.6 AWD	SUV	Allrad	Benzin	234	318	Oct 2012	Apr 2016	2024-03-01	57400
Renault	Clio iv	0.9 TCE 90	Schrägheck	Frontantrieb	Benzin	66	90	Nov 2012	Aug 2021	2026-05-01	57401
Citroën	C-Elysee	1.2 VTI 72	Stufenheck	Frontantrieb	Benzin	53	72	Nov 2012	Jan 2017	2024-03-01	57402
Citroën	C-Elysee	1.6 HDI 92	Stufenheck	Frontantrieb	Diesel	68	92	Nov 2012	-	2024-03-01	57403
Citroën	C-Elysee	1.6 VTI 115	Stufenheck	Frontantrieb	Benzin	85	115	Nov 2012	-	2024-03-01	57404
Chevrolet	Camaro	3.6	Coupe	Heckantrieb	Benzin	241	328	Sep 2011	Dec 2015	2024-03-01	57405
Chevrolet	Cruze	1.6	Schrägheck	Frontantrieb	Benzin	86	117	Dec 2012	-	2024-03-01	57414
Chevrolet	Cruze	1.6	Kombi	Frontantrieb	Benzin	86	117	Dec 2012	Dec 2015	2024-03-01	57419
Seat	Ibiza iv	1.2 TSI	Schrägheck	Frontantrieb	Benzin	63	86	Aug 2012	May 2015	2024-03-01	57425
Seat	Ibiza iv st	1.2 TSI	Kombi	Frontantrieb	Benzin	63	86	Sep 2012	May 2015	2024-03-01	57427
Volvo	S60 ii	D3	Stufenheck	Frontantrieb	Diesel	100	136	May 2012	Dec 2015	2024-03-01	57428
Volvo	S60 ii	D4	Stufenheck	Frontantrieb	Diesel	120	163	Apr 2010	Dec 2014	2024-03-01	57429
Audi	A3	1.6 TDI	Schrägheck	Frontantrieb	Diesel	77	105	Oct 2012	Dec 2016	2024-03-01	57430
Opel	Zafira	1.6	Großraumlimousine	Frontantrieb	Benzin	125	170	Dec 2012	Mar 2019	2025-12-01	57431
Opel	Astra j	1.6 Sidi	Schrägheck	Frontantrieb	Benzin	125	170	Dec 2012	Oct 2015	2024-03-01	57432
Audi	A3	1.2 Tfsi	Schrägheck	Frontantrieb	Benzin	77	105	Feb 2013	May 2015	2024-03-01	57433
Opel	Astra j gtc	1.6 Sidi	Schrägheck	Frontantrieb	Benzin	125	170	Dec 2012	Apr 2018	2024-05-01	57434
Opel	Astra j	1.6 Sidi	Stufenheck	Frontantrieb	Benzin	125	170	Jun 2012	Oct 2015	2024-03-01	57435
Opel	Astra j caravan	1.6 Sidi	Kombi	Frontantrieb	Benzin	125	170	Dec 2012	Oct 2015	2024-03-01	57436
Audi	A3	S3 Quattro	Schrägheck	Allrad	Benzin	206	280	Feb 2013	Jul 2014	2024-03-01	57437
Audi	A3	S3 Quattro	Schrägheck	Allrad	Benzin	221	300	Nov 2012	Aug 2016	2024-03-01	57438
Dacia	Lodgy	1.2 TCE	Großraumlimousine	Frontantrieb	Benzin	85	115	Mar 2012	-	2024-03-01	57440
Dacia	Lodgy	1.5 DCI	Großraumlimousine	Frontantrieb	Diesel	79	107	Jan 2013	-	2024-03-01	57441
Jaguar	Xf sportbrake	2.2 D	Kombi	Heckantrieb	Diesel	120	163	Sep 2012	Apr 2014	2024-03-01	57442
Dacia	Duster	1.6 16V Hi-flex	SUV	Frontantrieb	Benzin/Ethanol	77	105	Aug 2010	Jan 2018	2024-03-01	57443
Dacia	Logan	1.6 16V Flexifuel	Stufenheck	Frontantrieb	Benzin/Ethanol	77	105	Jul 2010	-	2024-03-01	57444
Fiat	Ducato	160 Multijet 3,0 D	Kasten	Frontantrieb	Diesel	115	156	Jul 2006	Dec 2011	2024-03-01	57446
Fiat	Ducato	160 Multijet 3,0 D	Pritsche/Fahrgestell	Frontantrieb	Diesel	115	156	Jul 2006	May 2011	2025-02-03	57448
Lexus	Ls	460 AWD	Stufenheck	Allrad	Benzin	272	370	Sep 2012	-	2024-03-01	57449
Renault	Clio iv grandtour	0.9 TCE 90	Kombi	Frontantrieb	Benzin	66	90	Jan 2013	Aug 2021	2026-05-01	57450
Renault	Clio iv grandtour	1.2 16V	Kombi	Frontantrieb	Benzin	54	73	Jan 2013	Aug 2021	2026-05-01	57451
Lexus	Ls	460	Stufenheck	Heckantrieb	Benzin	285	388	Sep 2012	-	2024-03-01	57452
Renault	Clio iv grandtour	1.5 DCI 75	Kombi	Frontantrieb	Diesel	55	75	Jan 2013	Aug 2021	2026-05-01	57453
Renault	Clio iv grandtour	1.5 DCI 90	Kombi	Frontantrieb	Diesel	66	90	Nov 2012	Aug 2021	2026-05-01	57454
Toyota	Auris	1.4 D-4d	Schrägheck	Frontantrieb	Diesel	66	90	Oct 2012	Dec 2018	2024-03-01	57455
VW	Golf vii	1.2 TSI	Schrägheck	Frontantrieb	Benzin	77	105	Nov 2012	Aug 2020	2026-05-01	57456
Toyota	Auris	1.6	Schrägheck	Frontantrieb	Benzin	97	132	Oct 2012	Dec 2018	2024-03-01	57457
Toyota	Auris	2.0 D-4d	Schrägheck	Frontantrieb	Diesel	91	124	Oct 2012	Apr 2015	2024-03-01	57458
VW	Golf vii	1.4 TSI	Schrägheck	Frontantrieb	Benzin	90	122	Nov 2012	Mar 2017	2024-03-01	57459
VW	Golf vii	1.6 TDI 4motion	Schrägheck	Allrad	Diesel	77	105	Nov 2012	Mar 2017	2024-03-01	57460
VW	Golf vii	2.0 TDI 4motion	Schrägheck	Allrad	Diesel	110	150	Nov 2012	Aug 2020	2024-03-01	57461
VW	Golf vii	1.4 TSI Multifuel	Schrägheck	Frontantrieb	Benzin/Ethanol	90	122	Nov 2012	Mar 2017	2024-03-01	57462
BMW	1	114 D	Schrägheck	Heckantrieb	Diesel	70	95	Nov 2012	Jun 2015	2024-03-01	57464
Ssangyong	Korando	2	SUV	Frontantrieb	Benzin	110	150	Feb 2012	-	2024-03-01	57465
BMW	1	120 D Xdrive	Schrägheck	Allrad	Diesel	135	184	Nov 2012	Feb 2015	2024-03-01	57466
Ssangyong	Korando	2.0 4WD	SUV	Allrad	Benzin	110	150	Feb 2012	-	2024-03-01	57467
KIA	Optima	2.0 Cvvl	Stufenheck	Frontantrieb	Benzin	121	165	Mar 2012	Dec 2015	2024-05-01	57470
Mitsubishi	L200	2.5 Di-d 4WD	Pritsche/Fahrgestell	Allrad	Diesel	131	178	Sep 2009	Dec 2015	2024-03-01	57471
BMW	3	316 I	Stufenheck	Heckantrieb	Benzin	100	136	Jul 2012	Aug 2016	2024-03-01	57472
Jaguar	Xf i	5.0 Xfr-s	Stufenheck	Heckantrieb	Benzin	405	550	Oct 2012	Apr 2015	2024-03-01	57474
Honda	Civic ix	1.8	Stufenheck	Frontantrieb	Benzin	104	141	Feb 2012	Dec 2016	2024-03-01	57475
Opel	Combo tour	1.3 Cdti	Großraumlimousine	Frontantrieb	Diesel	66	90	Feb 2012	-	2024-03-01	57476
KIA	Cee'd	1.6 Crdi 110	Schrägheck	Frontantrieb	Diesel	81	110	May 2012	Jul 2018	2024-03-01	57477
Saab	9-3	2.0 T Biopower XWD	Kombi	Allrad	Benzin/Ethanol	162	220	Jan 2011	Feb 2015	2024-03-01	57478
VW	Jetta iv	2.0 TSI	Stufenheck	Frontantrieb	Benzin	155	211	Dec 2012	Dec 2017	2024-03-01	57480
Toyota	Auris	1.3 Dual-vvti	Schrägheck	Frontantrieb	Benzin	73	99	Oct 2012	Dec 2018	2025-02-03	57481
Volvo	V40	T5	Schrägheck	Frontantrieb	Benzin	187	254	Dec 2012	Dec 2014	2024-03-01	57488
Volvo	V60 i	D3	Kombi	Frontantrieb	Diesel	100	136	May 2012	Dec 2015	2024-03-01	57495
Volvo	V60 i	D4 AWD	Kombi	Allrad	Diesel	120	163	May 2012	Dec 2015	2024-03-01	57496
Toyota	Auris	1.8 Hybrid	Schrägheck	Frontantrieb	Benzin/Elektro	100	136	Oct 2012	Dec 2018	2024-03-01	57499
Mitsubishi	Space star vi	1.2	Schrägheck	Frontantrieb	Benzin	59	80	Oct 2012	-	2024-03-01	57508
Jeep	Cherokee	4.0 I	Geländewagen geschlossen	Allrad	Benzin	125	170	Oct 1990	Sep 2001	2024-03-01	57509
VW	Tiguan	2.0 TDI 4motion	SUV	Allrad	Diesel	130	177	Nov 2012	Jul 2018	2024-03-01	57510
VW	Up!	1.0 Ecofuel	Schrägheck	Frontantrieb	Benzin/Erdgas (CNG)	50	68	Nov 2012	Nov 2023	2024-11-01	57513
Bentley	Continental	6	Coupe	Allrad	Benzin	460	626	Sep 2012	Jul 2018	2024-03-01	57514
Seat	Toledo	1.2	Schrägheck	Frontantrieb	Benzin	55	75	Jul 2012	Jun 2015	2024-03-01	57522
Seat	Toledo	1.2 TSI	Schrägheck	Frontantrieb	Benzin	63	86	Jul 2012	Jun 2015	2024-03-01	57523
Seat	Toledo	1.2 TSI	Schrägheck	Frontantrieb	Benzin	77	105	Jul 2012	Jun 2015	2024-03-01	57524
Seat	Toledo	1.4 TSI	Schrägheck	Frontantrieb	Benzin	90	122	Jul 2012	Jun 2015	2024-03-01	57525
Seat	Toledo	1.6 TDI	Schrägheck	Frontantrieb	Diesel	77	105	Jul 2012	Jun 2015	2024-03-01	57526
BMW	X1	Sdrive 16 D	SUV	Heckantrieb	Diesel	85	116	Apr 2012	Jun 2015	2024-03-01	57548
BMW	X1	Xdrive 20 D	SUV	Allrad	Diesel	135	184	Jul 2012	Jun 2015	2024-03-01	57551
KIA	Soul i	1.6 Cvvt	Schrägheck	Frontantrieb	Benzin	95	129	Jun 2011	Dec 2014	2024-03-01	57556
BMW	3	Activehybrid	Stufenheck	Heckantrieb	Benzin/Elektro	250	340	Jul 2012	Jun 2015	2024-03-01	57560
Mini	Mini	John Cooper Works GP	Schrägheck	Frontantrieb	Benzin	160	218	Sep 2012	Nov 2013	2024-03-01	57564
Seat	Leon	1.2 TSI	Schrägheck	Frontantrieb	Benzin	63	86	Dec 2012	Aug 2018	2024-03-01	57587
Seat	Leon	1.2 TSI	Schrägheck	Frontantrieb	Benzin	77	105	Jan 2013	Aug 2020	2024-03-01	57589
Seat	Leon	1.4 TSI	Schrägheck	Frontantrieb	Benzin	103	140	Sep 2012	Aug 2020	2024-03-01	57590
Seat	Leon	1.8 TSI	Schrägheck	Frontantrieb	Benzin	132	180	Feb 2013	Aug 2018	2024-03-01	57592
Seat	Leon	2.0 TDI	Schrägheck	Frontantrieb	Diesel	110	150	Oct 2012	Aug 2020	2024-03-01	57594
Seat	Leon	2.0 TDI	Schrägheck	Frontantrieb	Diesel	135	184	Sep 2012	Aug 2020	2024-03-01	57597
Mazda	6	2.2 D	Stufenheck	Frontantrieb	Diesel	129	175	Dec 2012	-	2024-03-01	57598
Mazda	6	2.2 D	Kombi	Frontantrieb	Diesel	129	175	Aug 2012	Feb 2018	2024-03-01	57607
Hyundai	Grace	2.4	Kasten	Heckantrieb	Benzin	90	122	Jul 1993	Jul 1997	2024-03-01	57620
Seat	Mii	1.0 Ecofuel	Schrägheck	Frontantrieb	Benzin/Erdgas (CNG)	50	68	Oct 2012	Jul 2019	2024-03-01	57621
Nissan	Navara	2.5 D 4X4	Pick-up	Allrad	Diesel	98	133	Nov 2001	-	2024-03-01	57648
Nissan	X-Trail ii	2.0 DCI 4X4	SUV	Allrad	Diesel	130	177	Oct 2009	Nov 2013	2024-03-01	57658
Porsche	911	3.8 Carrera 4S / 4 GTS	Coupe	Allrad	Benzin	316	430	Nov 2012	Dec 2019	2024-03-01	57659
Porsche	911	3.8 Carrera 4S / 4 GTS	Cabriolet	Allrad	Benzin	316	430	Nov 2012	Dec 2019	2024-03-01	57663
KIA	Cerato ii	1.6	Stufenheck	Frontantrieb	Benzin	90	122	Jan 2010	Feb 2014	2024-05-01	57669
KIA	Cerato ii	1.6	Stufenheck	Frontantrieb	Benzin	93	126	Jan 2010	Jun 2013	2024-03-01	57670
Fiat	Scudo	2.0 D Multijet	Pritsche/Fahrgestell	Frontantrieb	Diesel	94	128	May 2011	Mar 2016	2024-03-01	57671
Fiat	Ducato	140 Natural Power	Pritsche/Fahrgestell	Frontantrieb	CNG	100	136	Apr 2009	-	2024-03-01	57682
Skoda	Superb i	2.8 V6	Stufenheck	Frontantrieb	Benzin	140	190	Jun 2002	Mar 2008	2024-03-01	57689
Renault	Scénic i	1.6	Großraumlimousine	Frontantrieb	Benzin	79	107	Sep 1999	Sep 2003	2024-03-01	57731
Honda	Cr-V iii	2.0 I-vtec	SUV	Frontantrieb	Benzin	110	150	Jan 2007	Jun 2012	2024-03-01	57748
Iveco	Daily v	29s11, 29l11, 35c11, 35s11, 40c11	Kasten	Heckantrieb	Diesel	78	106	Sep 2011	Feb 2014	2024-03-01	57760
Iveco	Daily v	29s13, 29l13, 35c13, 35s13, 40c13, 40s13	Kasten	Heckantrieb	Diesel	93	126	Sep 2011	Feb 2014	2024-03-01	57761
Iveco	Daily v	29l15 V, 35s15 V, 35c15l V, 40c15l V, 50c15l V	Kasten	Heckantrieb	Diesel	107	146	Sep 2011	Feb 2014	2024-03-01	57763
Renault	Grand scénic ii	1.6	Großraumlimousine	Frontantrieb	Benzin	82	112	Jun 2006	Nov 2008	2024-03-01	57769
Renault	Grand scénic ii	1.6 Flex	Großraumlimousine	Frontantrieb	Benzin/Ethanol	82	112	Jun 2006	Jun 2009	2024-03-01	57771
Iveco	Daily v	35c21 V, 35s21 V, 40c21 V, 45c21 V, 50c21 V	Kasten	Heckantrieb	Diesel	150	204	Sep 2011	Feb 2014	2024-03-01	57775
Iveco	Daily v	35c15 V, 40c15 V, 45c15 V, 50c15 V, 60c15 V,65c15 V	Kasten	Heckantrieb	Diesel	107	146	Sep 2011	Feb 2014	2024-03-01	57779
Chevrolet	Silverado 2500	5.3 Hybrid	Pick-up	Heckantrieb	Benzin/Elektro	220	299	Sep 2007	Sep 2009	2024-03-01	57785
Chevrolet	Silverado 2500	5.3	Pick-up	Heckantrieb	Benzin	235	320	Sep 2006	Dec 2013	2024-03-01	57786
Chevrolet	Silverado 2500	5.3 4WD	Pick-up	Allrad	Benzin	235	320	Sep 2006	Sep 2009	2024-03-01	57788
Dodge	Ram 4000	5.7	Pritsche/Fahrgestell	Heckantrieb	Benzin	282	384	Jan 2007	-	2024-03-01	57792
Dodge	Durango	5.2 4WD	SUV	Allrad	Benzin	172	234	Dec 1997	Dec 2000	2024-03-01	57802
Ford USA	Edge	3.5 AWD	SUV	Allrad	Benzin	213	290	Jan 2010	-	2024-03-01	57803
Ford USA	Edge	3.5	SUV	Frontantrieb	Benzin	213	290	Jan 2010	Dec 2015	2024-03-01	57804
Ford USA	Edge	3.5 AWD	SUV	Allrad	Benzin	198	269	Aug 2006	-	2024-03-01	57806
Nissan	Murano i	3.5 4X4	SUV	Allrad	Benzin	180	245	Nov 2004	Jun 2008	2024-03-01	57877
Ford USA	Explorer	4.0 V6 4WD	SUV	Allrad	Benzin	119	162	Nov 1994	Dec 2002	2024-03-01	57899
KIA	Besta	2.2 D	Bus	Heckantrieb	Diesel	48	65	Jul 1992	Dec 2003	2024-03-01	57903
Lincoln	Continental	4.6	Stufenheck	Frontantrieb	Benzin	194	264	Jan 1998	Dec 2002	2024-03-01	57905
Dodge	Ram 4000	6.7 D	Pritsche/Fahrgestell	Heckantrieb	Diesel	224	305	Jan 2007	-	2024-03-01	57922
Dodge	Ram 4000	6.7 D 4X4	Pritsche/Fahrgestell	Allrad	Diesel	224	305	Jan 2007	-	2024-03-01	57923
Dodge	Ram 2500	5.7	Pick-up	Heckantrieb	Benzin	287	390	Jan 2009	-	2024-03-01	57924
Dodge	Ram 2500	5.7 4X4	Pick-up	Allrad	Benzin	287	390	Jan 2009	-	2024-03-01	57925
Chrysler	Sebring	2.4	Stufenheck	Frontantrieb	Benzin	128	174	Sep 2006	Dec 2010	2024-03-01	57934
Ford USA	Mustang convertible	4.6 V8	Cabriolet	Heckantrieb	Benzin	235	320	Apr 2009	Feb 2010	2024-03-01	57950
Ford USA	Mustang convertible	3.7	Cabriolet	Heckantrieb	Benzin	227	309	Sep 2010	Aug 2014	2024-03-01	57951
Ford USA	Mustang convertible	5	Cabriolet	Heckantrieb	Benzin	307	418	Sep 2010	-	2024-03-01	57952
Ford USA	Mustang convertible	4.9	Cabriolet	Heckantrieb	Benzin	168	228	Nov 1987	Sep 1993	2024-03-01	57955
Ford USA	Mustang convertible	2.3	Cabriolet	Heckantrieb	Benzin	66	90	Nov 1987	Sep 1993	2024-03-01	57957
Ford USA	Mustang	4.6 V8	Coupe	Heckantrieb	Benzin	235	320	Sep 2008	Feb 2010	2024-03-01	57964
Ford USA	Mustang	5	Coupe	Heckantrieb	Benzin	307	418	Sep 2010	-	2024-03-01	57965
Ford USA	Mustang	3.7	Coupe	Heckantrieb	Benzin	227	309	Sep 2010	Aug 2014	2024-03-01	57967
Fiat	Ducato	1.9 D	Pritsche/Fahrgestell	Frontantrieb	Diesel	51	69	Jun 1990	May 1994	2024-03-01	57973
Dodge	Ram 1500	3.7	Pick-up	Heckantrieb	Benzin	160	218	Oct 2008	-	2024-03-01	58030
BMW	3	318 I	Stufenheck	Heckantrieb	Benzin	100	136	Sep 2007	Oct 2011	2024-03-01	58058
Renault	Megane i classic	1.6	Stufenheck	Frontantrieb	Benzin	64	87	Feb 2000	Sep 2000	2024-03-01	58075
BMW	3	328 I	Stufenheck	Heckantrieb	Benzin	172	234	Sep 2006	Dec 2011	2024-03-01	58077
BMW	3	328 I	Coupe	Heckantrieb	Benzin	172	234	Jun 2006	Jun 2013	2024-03-01	58079
Chevrolet	Avalanche	5.3	Pick-up	Heckantrieb	Benzin	235	320	Jan 2007	Dec 2013	2024-03-01	58082
Chevrolet	Avalanche	5.3 Flex-fuel AWD	Pick-up	Allrad	Benzin/Ethanol	235	320	Jun 2005	Dec 2013	2024-03-01	58083
VW	Beetle	2.5	Schrägheck	Frontantrieb	Benzin	125	170	Apr 2011	Jul 2019	2024-03-01	58101
Ford USA	Thunderbird	4.9	Coupe	Heckantrieb	Benzin	149	203	Jan 1989	Dec 1994	2024-03-01	58103
Ford USA	Explorer	4.0 4WD	SUV	Allrad	Benzin	157	214	May 2006	Dec 2010	2024-03-01	58109
Chevrolet	Tahoe	5.3	SUV	Heckantrieb	Benzin	239	325	Jan 2007	Dec 2013	2024-03-01	58115
Peugeot	308 i	2.0 HDI	Schrägheck	Frontantrieb	Diesel	120	163	Apr 2012	Oct 2014	2024-03-01	58133
Dacia	Sandero	1.2	Schrägheck	Frontantrieb	Benzin	55	75	Oct 2012	-	2024-03-01	58134
Dacia	Sandero	1.2 LPG	Schrägheck	Frontantrieb	Benzin/Autogas (LPG)	55	75	Oct 2012	-	2024-03-01	58142
Dacia	Sandero	TCE 90	Schrägheck	Frontantrieb	Benzin	66	90	Oct 2012	-	2024-03-01	58143
Dacia	Sandero	1.5 DCI	Schrägheck	Frontantrieb	Diesel	66	90	Oct 2012	-	2024-03-01	58144
Jaguar	Xf i	3.0 AWD	Stufenheck	Allrad	Benzin	250	340	Oct 2012	Apr 2015	2024-03-01	58152
Jaguar	Xj	3.0 Scv6 AWD	Stufenheck	Allrad	Benzin	250	340	Oct 2012	Dec 2019	2025-02-03	58153
BMW	1	116 I	Schrägheck	Heckantrieb	Benzin	85	115	Jun 2004	Jun 2011	2024-03-01	58168
BMW	1	116 I	Schrägheck	Heckantrieb	Benzin	90	122	Sep 2007	Jun 2011	2024-03-01	58169
BMW	1	116 I	Schrägheck	Heckantrieb	Benzin	90	122	Jan 2009	Jun 2011	2024-03-01	58184
BMW	1	118 I	Schrägheck	Heckantrieb	Benzin	95	129	Jul 2004	Feb 2007	2024-03-01	58185
BMW	1	118 I	Schrägheck	Heckantrieb	Benzin	100	136	Oct 2006	Jun 2011	2024-03-01	58186
BMW	1	118 I	Schrägheck	Heckantrieb	Benzin	105	143	Sep 2006	Jun 2011	2024-03-01	58187
BMW	1	120 I	Schrägheck	Heckantrieb	Benzin	110	150	Jun 2004	Feb 2007	2024-03-01	58188
BMW	1	120 I	Schrägheck	Heckantrieb	Benzin	115	156	Mar 2007	Jun 2011	2024-03-01	58218
BMW	1	120 I	Schrägheck	Heckantrieb	Benzin	120	163	Mar 2007	Jun 2011	2024-03-01	58221
BMW	1	120 I	Schrägheck	Heckantrieb	Benzin	125	170	Mar 2007	Jun 2011	2024-03-01	58224
BMW	1	130 I	Schrägheck	Heckantrieb	Benzin	190	258	Mar 2007	Jun 2011	2024-03-01	58233
BMW	1	130 I	Schrägheck	Heckantrieb	Benzin	195	265	Sep 2005	Feb 2007	2024-03-01	58238
BMW	1	116 D	Schrägheck	Heckantrieb	Diesel	85	116	Mar 2009	Jun 2011	2024-03-01	58252
BMW	1	118 D	Schrägheck	Heckantrieb	Diesel	90	122	Jun 2004	Feb 2007	2024-03-01	58253
BMW	1	118 D	Schrägheck	Heckantrieb	Diesel	100	136	Mar 2007	Jun 2011	2024-03-01	58254
BMW	1	118 D	Schrägheck	Heckantrieb	Diesel	105	143	Mar 2007	Jun 2011	2024-03-01	58256
BMW	1	120 D	Schrägheck	Heckantrieb	Diesel	120	163	Jun 2004	Jun 2011	2024-03-01	58283
BMW	2	220 D	Coupe	Heckantrieb	Diesel	135	184	Oct 2013	Jun 2017	2024-03-01	58284
BMW	2	220 I	Coupe	Heckantrieb	Benzin	135	184	Oct 2013	Jun 2021	2024-03-01	58291
BMW	4	435 I	Cabriolet	Heckantrieb	Benzin	225	306	Nov 2013	Feb 2016	2024-03-01	58292
BMW	2	M 235 I	Coupe	Heckantrieb	Benzin	240	326	Oct 2013	Jun 2016	2024-03-01	58294
BMW	4	420 D	Cabriolet	Heckantrieb	Diesel	135	184	Oct 2013	Jun 2015	2024-03-01	58295
BMW	4	428 I	Cabriolet	Heckantrieb	Benzin	180	245	Nov 2013	Feb 2017	2024-03-01	58299
BMW	1	120 D	Schrägheck	Heckantrieb	Diesel	130	177	Mar 2007	Jun 2011	2024-03-01	58303
BMW	1	123 D	Schrägheck	Heckantrieb	Diesel	150	204	Mar 2007	Jun 2011	2024-03-01	58304
Honda	Accord ix	3.5	Stufenheck	Frontantrieb	Benzin	207	282	Sep 2012	-	2024-03-01	58318
Honda	Crosstour i	3.5 4WD	Schrägheck	Allrad	Benzin	207	282	Sep 2012	-	2024-03-01	58323
Nissan	Pathfinder iv	3.5 4WD	SUV	Allrad	Benzin	194	264	Sep 2012	-	2024-03-01	58335
BMW	1	114 I	Schrägheck	Heckantrieb	Benzin	75	102	Jul 2012	Jan 2015	2024-03-01	58336
BMW	1	116 I	Schrägheck	Heckantrieb	Benzin	100	136	Dec 2011	Feb 2015	2024-03-01	58344
Tesla	Model s	85	Schrägheck	Heckantrieb	Elektro	270	367	Sep 2012	Feb 2016	2024-03-01	58349
Toyota	Avalon	2.5 Hybrid	Stufenheck	Frontantrieb	Benzin/Elektro	149	203	Sep 2012	Mar 2018	2024-03-01	58353
BMW	1	118 I	Schrägheck	Heckantrieb	Benzin	125	170	Jul 2012	Jun 2019	2024-03-01	58355
BMW	1	125 I	Schrägheck	Heckantrieb	Benzin	160	218	Dec 2011	Dec 2019	2024-03-01	58356
Audi	A7 sportback	3.0 TDI Quattro	Schrägheck	Allrad	Diesel	176	239	May 2013	Jun 2017	2024-03-01	58357
BMW	1	M 135 I	Schrägheck	Heckantrieb	Benzin	235	320	Dec 2011	Jun 2016	2024-03-01	58358
Seat	Alhambra	2.0 TDI	Großraumlimousine	Frontantrieb	Diesel	130	177	Nov 2012	Dec 2022	2024-03-01	58359
BMW	1	114 D	Schrägheck	Heckantrieb	Diesel	70	95	Jul 2012	May 2019	2024-03-01	58360
BMW	1	M 135 I Xdrive	Schrägheck	Allrad	Benzin	235	320	Feb 2012	Jun 2016	2024-03-01	58361
BMW	1	116 D	Schrägheck	Heckantrieb	Diesel	85	116	Dec 2011	Feb 2015	2024-03-01	58364
BMW	1	116 D	Schrägheck	Heckantrieb	Diesel	85	116	Jul 2012	Feb 2015	2024-03-01	58365
Toyota	Aurion	3.5	Stufenheck	Frontantrieb	Benzin	200	272	Sep 2011	-	2024-03-01	58367
BMW	1	118 D	Schrägheck	Heckantrieb	Diesel	100	136	Dec 2011	Jun 2019	2024-03-01	58368
BMW	1	118 D	Schrägheck	Heckantrieb	Diesel	105	143	Dec 2011	Feb 2015	2024-03-01	58369
BMW	1	120 D	Schrägheck	Heckantrieb	Diesel	120	163	Jul 2012	Jun 2019	2024-03-01	58371
BMW	1	120 D	Schrägheck	Heckantrieb	Diesel	135	184	Jul 2012	Feb 2015	2024-03-01	58373
BMW	1	120 D Xdrive	Schrägheck	Allrad	Diesel	135	184	Feb 2012	Feb 2015	2024-03-01	58374
BMW	1	125 D	Schrägheck	Heckantrieb	Diesel	155	211	Dec 2011	May 2019	2024-03-01	58375
BMW	1	125 D	Schrägheck	Heckantrieb	Diesel	160	218	Dec 2011	Feb 2015	2024-03-01	58376
VW	Polo	2.0 R WRC	Schrägheck	Frontantrieb	Benzin	162	220	Aug 2013	May 2014	2024-03-01	58385
Jaguar	Mk ii	240	Stufenheck	Heckantrieb	Benzin	90	122	Sep 1959	Oct 1969	2024-03-01	58389
Jaguar	Mk ii	340	Stufenheck	Heckantrieb	Benzin	158	215	Sep 1955	Oct 1970	2024-03-01	58390
Jaguar	Mk x i	420g	Stufenheck	Heckantrieb	Benzin	190	258	Sep 1966	Oct 1970	2024-03-01	58392
Jaguar	Mk ii	3.8 S	Stufenheck	Heckantrieb	Benzin	164	223	Sep 1959	Sep 1966	2024-03-01	58394
Jaguar	Xj	4.2 6C	Coupe	Heckantrieb	Benzin	183	249	Sep 1973	Oct 1978	2024-03-01	58400
Jaguar	Mk vii	3.4	Stufenheck	Heckantrieb	Benzin	118	160	May 1950	Oct 1956	2024-03-01	58410
Jaguar	Mk vii	3.4	Stufenheck	Heckantrieb	Benzin	140	190	Jul 1954	Oct 1956	2024-03-01	58411
Seat	Altea	2.0 TDI 16V 4X4	Großraumlimousine	Allrad	Diesel	103	140	Oct 2010	Jul 2015	2024-05-01	58415
BMW	6	640 I	Coupe	Heckantrieb	Benzin	235	320	Mar 2012	Oct 2018	2024-03-01	58418
Jaguar	Mk x i	4.2	Stufenheck	Heckantrieb	Benzin	198	269	Sep 1961	Jul 1968	2024-03-01	58419
Jaguar	S-Type i	3.4	Stufenheck	Heckantrieb	Benzin	150	204	May 1963	Aug 1968	2024-03-01	58425
Bentley	Continental	6.0 Flex AWD	Cabriolet	Allrad	Benzin/Ethanol	423	575	Sep 2011	Dec 2015	2024-03-01	58428
Jaguar	S-Type i	3.8	Stufenheck	Heckantrieb	Benzin	164	223	May 1963	Aug 1968	2024-03-01	58433
BMW	6	650 I	Coupe	Heckantrieb	Benzin	330	449	Jul 2012	Oct 2018	2024-03-01	58439
BMW	6	650 I Xdrive	Coupe	Allrad	Benzin	330	449	Jul 2012	Oct 2018	2024-03-01	58444
BMW	6	640 D	Coupe	Heckantrieb	Diesel	230	313	Mar 2012	Oct 2018	2024-03-01	58445
Jaguar	Xk	120	Coupe	Heckantrieb	Benzin	118	160	Jan 1950	Oct 1954	2024-03-01	58446
Jaguar	Xk	120	Cabriolet	Heckantrieb	Benzin	118	160	Jan 1950	Oct 1954	2024-03-01	58447
Jaguar	Xk	120	Coupe	Heckantrieb	Benzin	134	182	Jan 1950	Oct 1954	2024-03-01	58448
Jaguar	Xk	120	Cabriolet	Heckantrieb	Benzin	134	182	Jan 1950	Oct 1954	2024-03-01	58449
Jaguar	Xk	120	Coupe	Heckantrieb	Benzin	157	214	Jan 1950	Oct 1954	2024-03-01	58450
Jaguar	Xk	120	Cabriolet	Heckantrieb	Benzin	157	214	Jan 1950	Oct 1954	2024-03-01	58451
Jaguar	Xk	140	Coupe	Heckantrieb	Benzin	141	192	Oct 1954	Sep 1957	2024-03-01	58452
Jaguar	Xk	140	Cabriolet	Heckantrieb	Benzin	141	192	Oct 1954	Sep 1957	2024-03-01	58453
Jaguar	Xk	150	Cabriolet	Heckantrieb	Benzin	187	254	Sep 1957	Oct 1960	2024-03-01	58455
Jaguar	Xk	150 S	Coupe	Heckantrieb	Benzin	164	223	Sep 1957	Oct 1960	2024-03-01	58456
Jaguar	Xk	150 S	Cabriolet	Heckantrieb	Benzin	164	223	Sep 1957	Oct 1960	2024-03-01	58457
Jaguar	Xk	150	Coupe	Heckantrieb	Benzin	198	269	Sep 1957	Oct 1960	2024-03-01	58458
Jaguar	Xk	150	Cabriolet	Heckantrieb	Benzin	198	269	Sep 1957	Oct 1960	2024-03-01	58459
Ferrari	Ff	6.3	Coupe	Allrad	Benzin	478	650	Jun 2011	Dec 2016	2024-03-01	58475
Mercedes-benz	Cla	CLA 180	Coupe	Frontantrieb	Benzin	90	122	Jan 2013	Mar 2019	2024-03-01	58477
Mercedes-benz	Sl	560 SL	Cabriolet	Heckantrieb	Benzin	169	230	Sep 1985	Dec 1989	2024-03-01	58478
Mercedes-benz	Cla	CLA 200	Coupe	Frontantrieb	Benzin	115	156	Jan 2013	Mar 2019	2024-03-01	58479
Mercedes-benz	Cla	CLA 250	Coupe	Frontantrieb	Benzin	155	211	Jan 2013	Mar 2019	2024-03-01	58480
Dodge	Challenger	6.4 Srt8	Coupe	Heckantrieb	Benzin	351	477	Jan 2011	-	2024-03-01	58481
Mercedes-benz	Cla	CLA 220 CDI / D	Coupe	Frontantrieb	Diesel	125	170	Jan 2013	Mar 2019	2024-03-01	58482
Mazda	6	2	Stufenheck	Frontantrieb	Benzin	107	146	Jan 2013	-	2024-03-01	58504
Mazda	6	2	Stufenheck	Frontantrieb	Benzin	121	165	Jan 2013	-	2024-03-01	58507
Mazda	6	2.5	Stufenheck	Frontantrieb	Benzin	141	192	Jan 2013	-	2024-03-01	58508
Mazda	6	2.2 D	Stufenheck	Frontantrieb	Diesel	110	150	Dec 2012	Nov 2020	2024-07-01	58509
VW	Golf vi	2.5	Schrägheck	Frontantrieb	Benzin	125	170	Jul 2009	May 2013	2024-03-01	58524
Mini	Mini	Cooper	Kasten/Kombi	Frontantrieb	Benzin	90	122	Dec 2012	Jun 2014	2024-03-01	58525
Mini	Mini	ONE	Kasten/Kombi	Frontantrieb	Benzin	72	98	Dec 2012	Jun 2014	2024-03-01	58526
Mini	Mini	Cooper D	Kasten/Kombi	Frontantrieb	Diesel	82	112	Dec 2012	Jun 2014	2024-03-01	58527
Fiat	500l	1.6 D Multijet	Schrägheck	Frontantrieb	Diesel	77	105	Sep 2012	May 2018	2024-03-01	58528
VW	Passat alltrack b7 variant	1.8 TSI	Kombi	Frontantrieb	Benzin	112	152	Jan 2012	Dec 2014	2025-12-01	58529
VW	Passat alltrack b7 variant	1.8 TSI	Kombi	Frontantrieb	Benzin	118	160	Jan 2012	Dec 2014	2025-12-01	58530
VW	Passat alltrack b7 variant	2.0 TDI 4motion	Kombi	Allrad	Diesel	103	140	Jan 2012	Dec 2014	2025-12-01	58531
VW	Passat alltrack b7 variant	2.0 TDI	Kombi	Frontantrieb	Diesel	103	140	Jan 2012	Dec 2014	2025-12-01	58532
VW	Passat alltrack b7 variant	2.0 TDI 4motion	Kombi	Allrad	Diesel	125	170	Jan 2012	Dec 2014	2025-12-01	58533
VW	Passat alltrack b7 variant	2.0 TDI 4motion	Kombi	Allrad	Diesel	130	177	Jan 2013	Dec 2014	2025-12-01	58534
Ford	Tourneo custom v362	2.2 Tdci	Bus	Frontantrieb	Diesel	74	100	Sep 2012	Dec 2015	2024-05-01	58535
Ford	Tourneo custom v362	2.2 Tdci	Bus	Frontantrieb	Diesel	92	125	Sep 2012	Dec 2015	2024-05-01	58536
Ford	Tourneo custom v362	2.2 Tdci	Bus	Frontantrieb	Diesel	114	155	Sep 2012	Dec 2015	2024-05-01	58537
Mazda	6	2	Kombi	Frontantrieb	Benzin	107	146	Jan 2013	-	2024-03-01	58538
Ford	Transit custom v362	2.2 Tdci	Bus	Frontantrieb	Diesel	74	100	Sep 2012	Jun 2016	2025-04-01	58539
Ford	Transit custom v362	2.2 Tdci	Bus	Frontantrieb	Diesel	92	125	Sep 2012	Dec 2015	2024-05-01	58540
Ford	Transit custom v362	2.2 Tdci	Bus	Frontantrieb	Diesel	114	155	Sep 2012	Dec 2015	2024-05-01	58541
Mazda	6	2	Kombi	Frontantrieb	Benzin	121	165	Jan 2013	-	2024-03-01	58542
Ford	Transit custom v362	2.2 Tdci	Kasten	Frontantrieb	Diesel	74	100	Sep 2012	Jun 2016	2025-04-01	58543
Ford	Transit custom v362	2.2 Tdci	Kasten	Frontantrieb	Diesel	92	125	Sep 2012	Apr 2016	2024-03-01	58544
Ford	Transit custom v362	2.2 Tdci	Kasten	Frontantrieb	Diesel	114	155	Sep 2012	Dec 2015	2024-05-01	58545
Ford	Kuga ii	1.6 Ecoboost	SUV	Frontantrieb	Benzin	110	150	Mar 2013	Sep 2014	2024-03-01	58546
Ford	Kuga ii	1.6 Ecoboost 4X4	SUV	Allrad	Benzin	134	182	Mar 2013	Sep 2014	2024-03-01	58547
Ford	Kuga ii	2.0 Tdci	SUV	Frontantrieb	Diesel	103	140	Mar 2013	Sep 2014	2024-03-01	58548
Ford	Kuga ii	2.0 Tdci 4X4	SUV	Allrad	Diesel	103	140	Mar 2013	Sep 2014	2024-03-01	58549
Ford	Kuga ii	2.0 Tdci 4X4	SUV	Allrad	Diesel	120	163	Mar 2013	Sep 2014	2024-03-01	58550
Dodge	Ram 2500	5.9	Pick-up	Heckantrieb	Benzin	184	250	Jan 1993	Sep 2001	2024-03-01	58558
Dodge	Ram 2500	5.9 4X4	Pick-up	Allrad	Benzin	184	250	Jan 1993	Sep 2001	2024-03-01	58559
Dodge	Ram 2500	5.7 4X4	Pick-up	Allrad	Benzin	257	349	Jan 2002	Dec 2009	2024-03-01	58562
Peugeot	207/207+	1.4	Schrägheck	Frontantrieb	Benzin	54	73	Apr 2006	Oct 2013	2024-03-01	58565
Ford	Focus c-Max	1.8	Großraumlimousine	Frontantrieb	Benzin	90	122	Sep 2005	Mar 2007	2024-03-01	58566
Alpina	B5	Biturbo	Kombi	Heckantrieb	Benzin	373	507	Sep 2010	Dec 2011	2024-03-01	58567
Mercedes-benz	E-Klasse	E 63 AMG	Stufenheck	Heckantrieb	Benzin	410	558	Feb 2011	Dec 2016	2024-03-01	58568
Mercedes-benz	E-Klasse	E 63 AMG	Kombi	Heckantrieb	Benzin	410	558	Feb 2011	Dec 2016	2024-03-01	58569
Citroën	Ds3	1.4 VTI 98	Schrägheck	Frontantrieb	Benzin	72	98	Nov 2009	Jul 2015	2024-03-01	58570
Peugeot	207/207+	1.4 16V	Schrägheck	Frontantrieb	Benzin	72	98	Oct 2009	Dec 2012	2024-03-01	58571
Renault	Laguna ii grandtour	1.9 DCI	Kombi	Frontantrieb	Diesel	85	116	Aug 2005	Sep 2007	2024-03-01	58572
Renault	Kangoo	1.5 DCI	Großraumlimousine	Frontantrieb	Diesel	45	61	Apr 2005	Jun 2010	2024-03-01	58573
Renault	Kangoo	1.5 DCI	Großraumlimousine	Frontantrieb	Diesel	78	106	Feb 2008	-	2024-03-01	58574
Renault	Grand scénic ii	1.9 DCI	Großraumlimousine	Frontantrieb	Diesel	85	116	May 2005	Jan 2009	2024-03-01	58575
Citroën	Ds3	1.2 VTI 82	Schrägheck	Frontantrieb	Benzin	60	82	Jan 2013	Mar 2015	2024-03-01	58578
Citroën	Ds3	1.4 VTI 95 LPG	Schrägheck	Frontantrieb	Benzin/Autogas (LPG)	70	95	Aug 2012	Jul 2015	2024-03-01	58579
Volvo	C70 ii	2.4 D	Cabriolet	Frontantrieb	Diesel	120	163	Mar 2007	Jun 2013	2024-03-01	58581
Citroën	Ds3	1.6 HDI 115	Schrägheck	Frontantrieb	Diesel	84	114	Aug 2012	Jul 2015	2024-03-01	58582
Citroën	Ds3	1.2 VTI 82	Cabriolet	Frontantrieb	Benzin	60	82	Jan 2013	Jul 2015	2024-03-01	58583
Citroën	Ds3	1.6 VTI 120	Cabriolet	Frontantrieb	Benzin	88	120	Jan 2013	Jul 2015	2024-03-01	58584
Citroën	Ds3	1.6 THP 155	Cabriolet	Frontantrieb	Benzin	115	156	Jan 2013	Jul 2015	2024-03-01	58585
Citroën	Ds3	1.6 HDI 90	Cabriolet	Frontantrieb	Diesel	68	92	Jan 2013	Jul 2015	2024-03-01	58586
Citroën	C3 picasso	1.6 HDI 115	Großraumlimousine	Frontantrieb	Diesel	84	114	Jan 2013	Mar 2015	2024-08-01	58588
Chevrolet	Silverado 2500	6	Pick-up	Heckantrieb	Benzin	224	305	Oct 1999	-	2024-03-01	58589
Chevrolet	Silverado 2500	6.0 AWD	Pick-up	Allrad	Benzin	224	305	Oct 1999	-	2024-03-01	58590
Mercedes-benz	Sprinter 3-T	312 D 2.9	Pritsche/Fahrgestell	Heckantrieb	Diesel	85	116	Dec 1998	Sep 2001	2024-03-01	58591
Mercedes-benz	Sprinter 3-T	308 D	Bus	Heckantrieb	Diesel	60	82	Mar 1997	Apr 2000	2024-03-01	58593
Mercedes-benz	Clk	CLK 220 CDI	Coupe	Heckantrieb	Diesel	100	136	Jan 2005	May 2009	2024-03-01	58598
Nissan	Juke	1.6 Dig-t Nismo	SUV	Frontantrieb	Benzin	147	200	Nov 2012	Dec 2019	2024-03-01	58599
Mercedes-benz	E-Klasse	E 220 CDI	Stufenheck	Heckantrieb	Diesel	120	163	Jan 2009	Dec 2015	2024-03-01	58601
Hyundai	I30	2.0 Crdi	Schrägheck	Frontantrieb	Diesel	100	136	Oct 2007	Nov 2011	2024-03-01	58603
Hyundai	I30	2.0 Crdi	Kombi	Frontantrieb	Diesel	100	136	Oct 2008	Jun 2012	2024-03-01	58604
Mazda	3	1.6 MZR CD	Stufenheck	Frontantrieb	Diesel	80	109	Dec 2008	May 2013	2024-03-01	58605
Renault	Laguna ii grandtour	2.0 16V	Kombi	Frontantrieb	Benzin	98	133	Oct 2004	Sep 2007	2024-03-01	58606
Dacia	Dokker	1.6	Kasten/Großraumlimousine	Frontantrieb	Benzin	61	83	Dec 2012	Dec 2015	2024-11-01	58607
Dacia	Dokker	1.5 DCI 75 / Blue DCI 75	Kasten/Großraumlimousine	Frontantrieb	Diesel	55	75	Dec 2012	Dec 2021	2024-11-01	58608
Dacia	Dokker	1.5 DCI	Kasten/Großraumlimousine	Frontantrieb	Diesel	66	90	Dec 2012	Dec 2021	2024-11-01	58609
Renault	Laguna ii grandtour	1.9 DCI	Kombi	Frontantrieb	Diesel	66	90	Aug 2003	Sep 2007	2024-03-01	58610
BMW	X3	Xdrive 20 D	SUV	Allrad	Diesel	120	163	Sep 2010	Aug 2017	2024-03-01	58611
Dacia	Logan	TCE 90	Stufenheck	Frontantrieb	Benzin	66	90	Oct 2012	-	2024-03-01	58612
Volvo	C30	Electric	Schrägheck	Frontantrieb	Elektro	82	112	Dec 2010	Dec 2012	2024-03-01	58613
Dacia	Logan	1.2	Stufenheck	Frontantrieb	Benzin	55	75	Oct 2012	-	2024-03-01	58614
Dacia	Logan	1.5 DCI / Blue DCI 75	Stufenheck	Frontantrieb	Diesel	55	75	Oct 2012	-	2024-03-01	58615
Toyota	Rav 4 iv	2.0 D	SUV	Frontantrieb	Diesel	91	124	Dec 2012	Nov 2018	2024-03-01	58616
Dacia	Logan	1.5 DCI	Stufenheck	Frontantrieb	Diesel	66	90	Oct 2012	-	2024-03-01	58617
Toyota	Rav 4 iv	2.0 4WD	SUV	Allrad	Benzin	111	151	Dec 2012	Oct 2018	2024-05-01	58618
KIA	Carens iv	1.6 GDI	Großraumlimousine	Frontantrieb	Benzin	99	135	Mar 2013	Aug 2016	2024-05-01	58619
KIA	Carens iv	2.0 GDI	Großraumlimousine	Frontantrieb	Benzin	130	177	Mar 2013	-	2024-03-01	58620
KIA	Carens iv	1.7 Crdi	Großraumlimousine	Frontantrieb	Diesel	85	116	Mar 2013	Aug 2018	2026-05-01	58621
KIA	Carens iv	1.7 Crdi	Großraumlimousine	Frontantrieb	Diesel	100	136	Mar 2013	Aug 2016	2024-05-01	58622
Toyota	Rav 4 iv	2.2 D 4WD	SUV	Allrad	Diesel	110	150	Dec 2012	Sep 2019	2024-05-01	58623
Peugeot	508 i	2.0 HDI Hybrid4 AWC	Stufenheck	Allrad	Diesel/Elektro	147	200	Nov 2010	Dec 2018	2024-03-01	58646
Renault	Kangoo	1.5 DCI 75	Großraumlimousine	Frontantrieb	Diesel	55	75	Nov 2012	-	2024-03-01	58647
Renault	Kangoo	1.5 DCI 90	Großraumlimousine	Frontantrieb	Diesel	66	90	Jun 2008	-	2024-03-01	58648
Peugeot	208 i	1.6 GTI	Schrägheck	Frontantrieb	Benzin	147	200	Aug 2012	Dec 2019	2024-03-01	58650
KIA	Sorento ii	2.4 Cvvt	SUV	Frontantrieb	Benzin	141	192	Oct 2012	Dec 2015	2024-03-01	58651
KIA	Sorento ii	2.4 Cvvt 4WD	SUV	Allrad	Benzin	141	192	Oct 2012	Dec 2015	2024-03-01	58652
Citroën	C3 ii	1.0 VTI 68	Schrägheck	Frontantrieb	Benzin	50	68	Aug 2012	Sep 2016	2024-07-01	58663
Citroën	C3 ii	1.2 VTI 82	Schrägheck	Frontantrieb	Benzin	60	82	Jun 2012	Sep 2016	2024-03-01	58664
Citroën	C3 ii	1.6 HDI 115	Schrägheck	Frontantrieb	Diesel	84	114	Sep 2012	Sep 2016	2024-07-01	58666
Citroën	C4 ii	1.6 HDI 115	Schrägheck	Frontantrieb	Diesel	84	114	Jul 2012	-	2024-03-01	58667
Citroën	C8	2.2 HDI	Großraumlimousine	Frontantrieb	Diesel	120	163	Jun 2007	-	2024-03-01	58668
Citroën	C6	2.2 HDI	Stufenheck	Frontantrieb	Diesel	120	163	Jun 2006	Dec 2010	2024-03-01	58669
Mercedes-benz	C-Klasse	C 180	Coupe	Heckantrieb	Benzin	115	156	Jan 2013	-	2024-03-01	58670
Citroën	Ds4	1.6 HDI 115	Schrägheck	Frontantrieb	Diesel	84	114	Aug 2012	Jul 2015	2024-03-01	58671
Citroën	C5	1.6 THP 150	Kombi	Frontantrieb	Benzin	110	150	Apr 2009	Jul 2016	2024-07-01	58672
Mercedes-benz	E-Klasse	E 63 AMG 4-matic	Kombi	Allrad	Benzin	430	585	Feb 2013	Dec 2016	2024-03-01	58673
Citroën	C5	2.2 HDI 165	Kombi	Frontantrieb	Diesel	120	163	Feb 2008	Aug 2009	2024-07-01	58674
Mercedes-benz	E-Klasse	E 63 AMG 4-matic	Stufenheck	Allrad	Benzin	430	585	Feb 2013	Dec 2016	2024-03-01	58675
Citroën	C5	2.2 HDI	Kombi	Frontantrieb	Diesel	120	163	May 2006	Jan 2008	2024-07-01	58676
Citroën	C5	2.0 HDI 150 / Bluehdi 150	Kombi	Frontantrieb	Diesel	110	150	Apr 2009	May 2017	2024-07-01	58677
Renault	Clio iv	1.6 RS	Schrägheck	Frontantrieb	Benzin	147	200	Mar 2013	Aug 2021	2026-05-01	58678
Hyundai	Elantra v	1.6	Stufenheck	Frontantrieb	Benzin	97	132	Jun 2011	Dec 2015	2024-03-01	58679
Nissan	240z	2.4	Coupe	Heckantrieb	Benzin	110	150	Oct 1970	May 1974	2024-03-01	58681
Nissan	260z	2.6 2+2	Coupe	Heckantrieb	Benzin	119	162	May 1974	Dec 1979	2024-03-01	58682
Ssangyong	Actyon	2.0 XDI	Pick-up	Heckantrieb	Diesel	114	155	Jan 2012	-	2025-12-01	58684
Subaru	Forester	2.0 I AWD	SUV	Allrad	Benzin	110	150	Mar 2013	-	2024-03-01	58700
Subaru	Forester	2.0 D AWD	SUV	Allrad	Diesel	108	147	Mar 2013	-	2024-03-01	58701
Subaru	Forester	2.0 XT AWD	SUV	Allrad	Benzin	177	241	Mar 2013	-	2024-03-01	58702
Opel	Cascada	1.4	Cabriolet	Frontantrieb	Benzin	88	120	Apr 2013	Apr 2018	2024-03-01	58707
Opel	Cascada	1.4 Turbo	Cabriolet	Frontantrieb	Benzin	103	140	Mar 2013	Apr 2018	2024-03-01	58708
Opel	Cascada	1.6 Sidi	Cabriolet	Frontantrieb	Benzin	125	170	Apr 2013	Apr 2019	2024-03-01	58709
Opel	Cascada	2.0 Cdti	Cabriolet	Frontantrieb	Diesel	121	165	Apr 2013	Jun 2015	2024-03-01	58710
Opel	Cascada	2.0 Cdti	Cabriolet	Frontantrieb	Diesel	143	194	Apr 2013	Jun 2015	2024-03-01	58711
Alfa Romeo	166	2.4 JTD	Stufenheck	Frontantrieb	Diesel	120	163	Oct 2003	Jun 2007	2024-03-01	58712
Lancia	Thesis	2.4 JTD	Stufenheck	Frontantrieb	Diesel	120	163	Sep 2003	Jul 2009	2024-03-01	58713
Lancia	Voyager	2.8 CRD	Großraumlimousine	Frontantrieb	Diesel	131	178	Jul 2012	Dec 2014	2024-03-01	58714
Toyota	Verso	2.0 D-4d	Großraumlimousine	Frontantrieb	Diesel	91	124	Nov 2012	Aug 2018	2024-03-01	58715
Toyota	Hiace iv	2.7 4WD	Bus	Allrad	Benzin	106	144	Jul 1998	Jun 2005	2024-03-01	58716
Rover	400	416 SI	Schrägheck	Frontantrieb	Benzin	85	116	Jun 1995	Mar 2000	2024-03-01	58727
Rover	400	416 SI	Stufenheck	Frontantrieb	Benzin	85	116	May 1995	Mar 2000	2024-03-01	58728
Mitsubishi	Tredia	1.8 GLS 4WD	Stufenheck	Allrad	Benzin	66	90	Apr 1985	Jul 1986	2024-03-01	58729
Fiat	Punto	1.3 D Multijet	Kasten/Schrägheck	Frontantrieb	Diesel	66	90	Mar 2009	Feb 2012	2024-03-01	58730
Abarth	500	1.4	Schrägheck	Frontantrieb	Benzin	103	140	May 2010	-	2024-03-01	58731
Fiat	Ducato	2.0 JTD	Pritsche/Fahrgestell	Frontantrieb	Diesel	62	84	Jul 2001	Apr 2002	2024-03-01	58732
Fiat	Ducato	2.8 JTD 4X4	Pritsche/Fahrgestell	Allrad	Diesel	94	128	Oct 2001	Apr 2002	2024-03-01	58733
Fiat	Ducato	2	Pritsche/Fahrgestell	Frontantrieb	Benzin	81	110	Apr 2002	Jul 2006	2024-03-01	58734
Fiat	Doblo	1.3 JTD 16V	Großraumlimousine	Frontantrieb	Diesel	51	70	Dec 2004	May 2005	2024-03-01	58735
Mercedes-benz	Gl-Klasse	GL 350 CDI / Bluetec 4-matic	SUV	Allrad	Diesel	190	258	Jul 2012	Oct 2015	2024-03-01	58741
Mercedes-benz	Gl-Klasse	GL 500 4-matic	SUV	Allrad	Benzin	320	435	Jul 2012	Oct 2015	2024-03-01	58742
Mercedes-benz	Gl-Klasse	GL 63 AMG 4-matic	SUV	Allrad	Benzin	410	558	Jul 2012	Oct 2015	2024-03-01	58743
Toyota	Rav 4 iv	2.5 4WD	SUV	Allrad	Benzin	132	180	Dec 2012	Oct 2018	2024-05-01	58747
VW	Golf vi variant	2.0 Tfsi	Kombi	Frontantrieb	Benzin	147	200	Jul 2009	Jul 2013	2024-03-01	58748
VW	Golf vi variant	2.0 TDI	Kombi	Frontantrieb	Diesel	81	110	Jan 2010	Jul 2013	2024-03-01	58749
Skoda	Octavia	1.4 TSI	Schrägheck	Frontantrieb	Benzin	103	140	Nov 2012	Feb 2017	2024-03-01	58750
BMW	Z4 roadster	Sdrive 18 I	Cabriolet	Heckantrieb	Benzin	115	156	Apr 2013	Aug 2016	2024-03-01	58751
Skoda	Octavia	1.2 TSI	Schrägheck	Frontantrieb	Benzin	63	86	Nov 2012	Feb 2017	2024-03-01	58757
Skoda	Octavia	1.2 TSI	Schrägheck	Frontantrieb	Benzin	77	105	Nov 2012	Feb 2017	2024-03-01	58758
Skoda	Octavia	1.8 TSI	Schrägheck	Frontantrieb	Benzin	132	180	Nov 2012	Oct 2020	2024-03-01	58759
Skoda	Octavia	1.6 TDI	Schrägheck	Frontantrieb	Diesel	77	105	Nov 2012	May 2015	2024-03-01	58760
Skoda	Octavia	2.0 TDI	Schrägheck	Frontantrieb	Diesel	110	150	Nov 2012	Oct 2020	2024-03-01	58761
Skoda	Octavia	1.2 TSI	Kombi	Frontantrieb	Benzin	63	86	Nov 2012	Feb 2017	2024-03-01	58762
Skoda	Octavia	1.2 TSI	Kombi	Frontantrieb	Benzin	77	105	Nov 2012	Feb 2017	2024-03-01	58763
Skoda	Octavia	1.4 TSI	Kombi	Frontantrieb	Benzin	103	140	Nov 2012	Feb 2017	2024-03-01	58764
Skoda	Octavia	1.8 TSI	Kombi	Frontantrieb	Benzin	132	180	Nov 2012	Oct 2020	2024-03-01	58765
Skoda	Octavia	1.6 TDI	Kombi	Frontantrieb	Diesel	77	105	Nov 2012	May 2015	2024-03-01	58766
Skoda	Octavia	2.0 TDI	Kombi	Frontantrieb	Diesel	110	150	Nov 2012	Oct 2020	2024-03-01	58767
Peugeot	301	1.2 VTI 72	Stufenheck	Frontantrieb	Benzin	53	72	Nov 2012	-	2024-03-01	58768
Peugeot	301	1.6 VTI 115	Stufenheck	Frontantrieb	Benzin	85	115	Nov 2012	-	2025-12-01	58769
Peugeot	301	1.6 HDI 90	Stufenheck	Frontantrieb	Diesel	68	92	Nov 2012	-	2024-03-01	58770
Honda	Civic ix	1.6 I-dtec	Schrägheck	Frontantrieb	Diesel	88	120	Feb 2013	Dec 2016	2024-03-01	58791
Fiat	500l	0.9 Natural Power	Schrägheck	Frontantrieb	Benzin/Erdgas (CNG)	63	86	Mar 2013	-	2024-03-01	58792
Vauxhall	Zafira	1.6 Cdti	Großraumlimousine	Frontantrieb	Diesel	100	136	Feb 2013	May 2016	2025-12-01	58793
BMW	3	320 I	Schrägheck	Heckantrieb	Benzin	135	184	Mar 2013	Jun 2016	2024-03-01	58796
BMW	3	328 I	Schrägheck	Heckantrieb	Benzin	180	245	Mar 2013	Jun 2016	2024-03-01	58797
BMW	3	335 I	Schrägheck	Heckantrieb	Benzin	225	306	Mar 2013	Jun 2016	2024-03-01	58798
BMW	3	318 D	Schrägheck	Heckantrieb	Diesel	105	143	Mar 2013	Jun 2015	2024-03-01	58799
BMW	3	320 D	Schrägheck	Heckantrieb	Diesel	135	184	Mar 2013	Jun 2015	2024-03-01	58800
Skoda	Citigo	1.0 CNG	Schrägheck	Frontantrieb	CNG	50	68	Nov 2012	Aug 2019	2024-03-01	58802
Fiat	Uno	1.1	Schrägheck	Frontantrieb	Benzin	41	56	Apr 1986	Jun 2006	2024-03-01	58803
VW	Scirocco	2.0 TDI	Coupe	Frontantrieb	Diesel	130	177	Jan 2013	Nov 2017	2024-03-01	58809
Cadillac	Ats	2	Stufenheck	Heckantrieb	Benzin	203	276	Feb 2013	-	2024-03-01	58810
Cadillac	Ats	2.0 AWD	Stufenheck	Allrad	Benzin	203	276	Feb 2013	-	2024-03-01	58811
Honda	Cr-Z	1.5 IMA	Coupe	Frontantrieb	Benzin/Elektro	101	137	Nov 2012	-	2024-03-01	58815
Opel	Movano b	2.3 Cdti FWD	Pritsche/Fahrgestell	Frontantrieb	Diesel	110	150	Jan 2013	Dec 2021	2026-03-01	58820
Opel	Movano b	2.3 Cdti RWD	Pritsche/Fahrgestell	Heckantrieb	Diesel	110	150	Jan 2013	Jul 2019	2026-03-01	58821
Opel	Movano b	2.3 Cdti FWD	Kasten	Frontantrieb	Diesel	110	150	Jan 2013	Dec 2021	2026-03-01	58822
Opel	Movano b	2.3 Cdti RWD	Kasten	Heckantrieb	Diesel	110	150	Jan 2013	Jul 2019	2026-03-01	58823
Opel	Movano b	2.3 Cdti FWD	Bus	Frontantrieb	Diesel	110	150	Jan 2013	Dec 2021	2026-03-01	58824
Opel	Zafira	1.6 Cdti	Großraumlimousine	Frontantrieb	Diesel	100	136	Feb 2013	May 2016	2025-12-01	58825
Bentley	Continental	6.0 GTC Speed AWD	Cabriolet	Allrad	Benzin	460	626	Sep 2012	Jul 2018	2024-03-01	58832
Hyundai	Tiburon	2.7	Coupe	Frontantrieb	Benzin	123	167	Jan 2006	Dec 2008	2024-03-01	58835
BMW	5	535 D Xdrive	Schrägheck	Allrad	Diesel	230	313	Jul 2012	Feb 2017	2024-03-01	58836
BMW	5	535 D	Schrägheck	Heckantrieb	Diesel	230	313	Jul 2012	Feb 2017	2024-03-01	58837
Santana	300/350	1.6 HDI 4X4	Geländewagen geschlossen	Allrad	Diesel	66	90	Jul 2006	Feb 2011	2024-03-01	58840
Nissan	Almera i	2	Stufenheck	Frontantrieb	Benzin	92	125	Jul 1995	Jul 2000	2024-03-01	58856
Mini	Mini	Cooper	Coupe	Frontantrieb	Benzin	90	122	Apr 2012	Sep 2016	2024-03-01	58868
Mini	Mini	Cooper S	Coupe	Frontantrieb	Benzin	135	184	Nov 2012	Oct 2016	2024-03-01	58870
Mini	Mini	Cooper S All4	Coupe	Allrad	Benzin	135	184	Mar 2012	Sep 2016	2024-03-01	58872
Mini	Mini	Cooper D	Coupe	Frontantrieb	Diesel	82	112	Apr 2012	Sep 2016	2024-03-01	58873
Peugeot	2008 i	1.2 VTI	SUV	Frontantrieb	Benzin	60	82	Mar 2013	Dec 2018	2024-03-01	58874
Peugeot	2008 i	1.6 VTI	SUV	Frontantrieb	Benzin	88	120	Mar 2013	-	2024-03-01	58875
Peugeot	2008 i	1.6 HDI	SUV	Frontantrieb	Diesel	68	92	Mar 2013	-	2024-03-01	58876
Peugeot	2008 i	1.6 HDI	SUV	Frontantrieb	Diesel	84	114	Mar 2013	-	2024-03-01	58877
Peugeot	5008	1.6 HDI	Großraumlimousine	Frontantrieb	Diesel	84	114	Mar 2013	Mar 2017	2024-03-01	58878
Peugeot	3008 i	1.6 HDI	Großraumlimousine	Frontantrieb	Diesel	84	114	Mar 2013	Aug 2016	2024-11-01	58880
Mini	Mini	Cooper D All4	Coupe	Allrad	Diesel	82	112	Apr 2012	Sep 2016	2024-03-01	58881
Mini	Mini	Cooper SD	Coupe	Frontantrieb	Diesel	105	143	Mar 2012	Sep 2016	2024-03-01	58882
Mini	Mini	Cooper SD All4	Coupe	Allrad	Diesel	105	143	Apr 2012	Sep 2016	2024-03-01	58883
Peugeot	308 cc	1.6 HDI	Cabriolet	Frontantrieb	Diesel	84	114	Mar 2013	Dec 2014	2024-03-01	58885
Peugeot	308 i	1.6 HDI	Schrägheck	Frontantrieb	Diesel	84	114	Mar 2013	Oct 2014	2024-03-01	58886
Mini	Mini	John Cooper Works All4	Coupe	Allrad	Benzin	160	218	Mar 2013	Oct 2016	2024-03-01	58887
Peugeot	Partner tepee	1.6 HDI	Großraumlimousine	Frontantrieb	Diesel	84	114	Mar 2013	-	2024-03-01	58889
Peugeot	Partner	1.6 HDI	Kasten/Großraumlimousine	Frontantrieb	Diesel	84	114	Mar 2013	-	2024-03-01	58890
KIA	Carens iv	2.0 GDI	Großraumlimousine	Frontantrieb	Benzin	122	166	Mar 2013	Aug 2016	2024-05-01	58894
Renault	Clio iv	1.2 TCE 120	Schrägheck	Frontantrieb	Benzin	88	120	Mar 2013	Aug 2021	2026-05-01	58898
Renault	Clio iv grandtour	1.2 TCE 120	Kombi	Frontantrieb	Benzin	88	120	Mar 2013	Aug 2021	2026-05-01	58899
Renault	Master iii	2.3 DCI 150 FWD	Kasten	Frontantrieb	Diesel	110	150	Mar 2013	-	2024-03-01	58900
Renault	Master iii	2.3 DCI 150 RWD	Kasten	Heckantrieb	Diesel	110	150	Mar 2013	Jun 2019	2026-03-01	58901
Mazda	5	1.8 MZR	Großraumlimousine	Frontantrieb	Benzin	85	116	Sep 2010	-	2024-03-01	58902
Renault	Master iii	2.3 DCI 150 FWD	Pritsche/Fahrgestell	Frontantrieb	Diesel	110	150	Mar 2013	-	2024-03-01	58903
Renault	Master iii	2.3 DCI 150 RWD	Pritsche/Fahrgestell	Heckantrieb	Diesel	110	150	Mar 2013	Jun 2019	2026-03-01	58904
Porsche	911	2.3 T	Targa	Heckantrieb	Benzin	103	140	Sep 1971	Dec 1973	2024-03-01	58915
Aston Martin	Rapide	6.0 S	Schrägheck	Heckantrieb	Benzin	410	558	Feb 2013	Feb 2014	2024-03-01	58925
VW	Golf vii variant	1.2 TSI	Kombi	Frontantrieb	Benzin	63	86	May 2013	Mar 2017	2024-03-01	58926
VW	Golf vii variant	1.2 TSI	Kombi	Frontantrieb	Benzin	77	105	Apr 2013	Aug 2020	2024-03-01	58943
VW	Golf vii variant	1.4 TSI	Kombi	Frontantrieb	Benzin	90	122	May 2013	Mar 2017	2024-03-01	58944
VW	Golf vii variant	1.6 TDI	Kombi	Frontantrieb	Diesel	77	105	May 2013	Mar 2017	2024-03-01	58945
VW	Golf vii variant	2.0 TDI	Kombi	Frontantrieb	Diesel	110	150	Apr 2013	Aug 2020	2024-03-01	58946
Audi	A3	1.4 Tfsi	Schrägheck	Frontantrieb	Benzin	103	140	Mar 2013	Nov 2014	2024-03-01	58947
Audi	A3	2.0 TDI Quattro	Schrägheck	Allrad	Diesel	110	150	Feb 2013	Oct 2020	2024-03-01	58948
BMW	3	330 D	Stufenheck	Heckantrieb	Diesel	190	258	Jul 2012	Oct 2018	2024-03-01	58949
Volvo	Xc60 i	D3	SUV	Frontantrieb	Diesel	100	136	Apr 2012	Dec 2015	2024-03-01	58950
BMW	X1	Sdrive 20 D	SUV	Heckantrieb	Diesel	135	184	Jul 2012	Jun 2015	2024-03-01	58951
Smart	Fortwo	Electric Drive	Coupe	Heckantrieb	Elektro	30	41	Nov 2009	Dec 2011	2024-03-01	58952
Smart	Fortwo	Electric Drive	Coupe	Heckantrieb	Elektro	55	75	Jan 2013	-	2024-03-01	58953
Smart	Fortwo	Electric Drive Brabus	Coupe	Heckantrieb	Elektro	60	82	Jan 2013	-	2024-03-01	58954
Smart	Fortwo cabrio	Electric Drive Brabus	Cabriolet	Heckantrieb	Elektro	60	82	Jan 2013	-	2024-03-01	58955
Smart	Fortwo cabrio	Electric Drive	Cabriolet	Heckantrieb	Elektro	30	41	Nov 2009	Dec 2011	2024-03-01	58956
Smart	Fortwo cabrio	Electric Drive	Cabriolet	Heckantrieb	Elektro	55	75	Jan 2013	-	2024-03-01	58957
Smart	Fortwo	Electric Drive	Coupe	Heckantrieb	Elektro	35	48	Dec 2011	Dec 2012	2024-03-01	58958
Smart	Fortwo cabrio	Electric Drive	Cabriolet	Heckantrieb	Elektro	35	48	Dec 2011	Dec 2012	2024-03-01	58959
Mercedes-benz	E-Klasse	E 300 Hybrid / Bluetec Hybrid	Kombi	Heckantrieb	Diesel/Elektro	150	204	Dec 2011	Dec 2016	2024-03-01	58962
BMW	1	116 D	Schrägheck	Heckantrieb	Diesel	66	90	Jan 2011	Dec 2011	2024-03-01	58963
BMW	1	116 D	Schrägheck	Heckantrieb	Diesel	66	90	Jan 2011	Dec 2011	2024-03-01	58964
BMW	3	320 D	Kombi	Heckantrieb	Diesel	120	163	Jul 2012	Jun 2019	2024-03-01	58965
Ford	Fiesta vi	1	Schrägheck	Frontantrieb	Benzin	48	65	Jan 2013	Apr 2017	2024-03-01	58966
Ford	Fiesta vi	1.0 Ecoboost	Schrägheck	Frontantrieb	Benzin	74	100	Jan 2013	Dec 2017	2024-03-01	58967
Ford	Fiesta vi	1.0 Ecoboost	Schrägheck	Frontantrieb	Benzin	92	125	Sep 2012	Dec 2017	2024-03-01	58968
Ford	Fiesta vi	1.6 TI	Schrägheck	Frontantrieb	Benzin	77	105	Sep 2012	Apr 2017	2024-07-01	58969
Ford	Fiesta vi	1	Schrägheck	Frontantrieb	Benzin	59	80	Oct 2012	Apr 2017	2024-03-01	58970
Ford	Fiesta vi	1.5 Tdci	Schrägheck	Frontantrieb	Diesel	55	75	Sep 2012	Apr 2017	2024-03-01	58971
Ford	Fiesta vi	1.4 LPG	Schrägheck	Frontantrieb	Benzin/Autogas (LPG)	68	92	Jan 2009	Apr 2017	2024-03-01	58972
Volvo	V40	T5	Schrägheck	Frontantrieb	Benzin	157	214	Mar 2013	Dec 2015	2024-03-01	58973
Nissan	370z	Nismo 3.7	Coupe	Heckantrieb	Benzin	253	344	Jun 2013	-	2024-03-01	58978
Nissan	Note	1.2	Großraumlimousine	Frontantrieb	Benzin	59	80	Aug 2012	Dec 2016	2024-05-01	58980
Nissan	Note	1.2 Dig-s	Großraumlimousine	Frontantrieb	Benzin	72	98	Aug 2012	-	2024-03-01	58981
Lexus	Is iii	250	Stufenheck	Heckantrieb	Benzin	153	208	Apr 2013	Aug 2015	2024-03-01	58982
Lexus	Is iii	300h	Stufenheck	Heckantrieb	Benzin/Elektro	164	223	Apr 2013	Sep 2020	2024-03-01	58983
VW	Touareg	3.0 V6 TDI	SUV	Allrad	Diesel	165	225	Jun 2010	Mar 2018	2024-03-01	58984
Alfa Romeo	Mito	0.9 Twinair	Schrägheck	Frontantrieb	Benzin	77	105	Apr 2013	Aug 2018	2024-03-01	58986
Land Rover	Range rover sport ii	5.0 Scv8 4X4	SUV	Allrad	Benzin	375	510	Apr 2013	Dec 2018	2024-03-01	58987
Land Rover	Range rover sport ii	3.0 Scv6 4X4	SUV	Allrad	Benzin	250	340	Apr 2013	Dec 2019	2024-03-01	58991
Land Rover	Range rover sport ii	3.0 Sdv6 4X4	SUV	Allrad	Diesel	215	292	Apr 2013	Dec 2016	2024-03-01	58992
Land Rover	Range rover sport ii	3.0 Tdv6 4X4	SUV	Allrad	Diesel	190	258	Apr 2013	Mar 2022	2025-02-03	58993
Land Rover	Range rover sport ii	3.0 Tdv6 4X4	SUV	Allrad	Diesel	155	211	Apr 2013	Dec 2018	2024-03-01	58994
Land Rover	Range rover sport ii	3.0 Sdv6 4X4	SUV	Allrad	Diesel	183	249	Apr 2013	Mar 2022	2025-02-03	58995
Porsche	911	2.0 S	Coupe	Heckantrieb	Benzin	118	160	Jul 1966	Nov 1968	2024-03-01	58996
Porsche	911	2.0 S	Coupe	Heckantrieb	Benzin	125	170	Sep 1968	Dec 1969	2024-03-01	58997
Porsche	911	2.0 E	Coupe	Heckantrieb	Benzin	103	140	Sep 1968	Dec 1969	2024-03-01	58998
Porsche	911	2.2 E	Coupe	Heckantrieb	Benzin	114	155	Sep 1969	Dec 1971	2024-03-01	58999
Porsche	911	2.2 S	Coupe	Heckantrieb	Benzin	132	180	Sep 1969	Dec 1971	2024-03-01	59000
Renault	Captur i	0.9 TCE 90	Schrägheck	Frontantrieb	Benzin	66	90	Jun 2013	Dec 2019	2025-12-01	59001
Renault	Captur i	1.2 TCE 120	Schrägheck	Frontantrieb	Benzin	88	120	Jun 2013	Dec 2018	2025-12-01	59002
Renault	Captur i	1.5 DCI 90	Schrägheck	Frontantrieb	Diesel	66	90	Jun 2013	Jun 2019	2025-12-01	59003
Mercedes-benz	S-Klasse	S 350 Bluetec / D	Stufenheck	Heckantrieb	Diesel	190	258	May 2013	May 2017	2024-03-01	59008
Mercedes-benz	S-Klasse	S 400 Hybrid / H	Stufenheck	Heckantrieb	Benzin/Elektro	225	306	May 2013	May 2017	2024-03-01	59009
Mercedes-benz	S-Klasse	S 500	Stufenheck	Heckantrieb	Benzin	335	455	May 2013	May 2017	2024-03-01	59010
Infiniti	Fx	50 AWD	SUV	Allrad	Benzin	309	420	Jun 2013	Jul 2013	2024-03-01	59011
Mercedes-benz	E-Klasse	E 63 AMG 4-matic	Stufenheck	Allrad	Benzin	410	558	Jan 2013	Dec 2016	2024-03-01	59012
Mercedes-benz	E-Klasse	E 63 AMG 4-matic	Kombi	Allrad	Benzin	410	558	Feb 2011	Dec 2016	2024-03-01	59013
Mercedes-benz	Cls	CLS 63 AMG	Kombi	Heckantrieb	Benzin	410	558	May 2013	Dec 2017	2024-03-01	59014
Mercedes-benz	Cls	CLS 63 AMG 4-matic	Kombi	Allrad	Benzin	410	558	May 2013	Dec 2017	2024-03-01	59015
Mercedes-benz	Cls	CLS 63 AMG 4-matic	Kombi	Allrad	Benzin	430	585	Feb 2013	Dec 2017	2024-03-01	59016
Mercedes-benz	Cls	CLS 63 AMG 4-matic	Coupe	Allrad	Benzin	410	558	May 2013	Dec 2017	2024-03-01	59017
Mercedes-benz	Cls	CLS 63 AMG 4-matic	Coupe	Allrad	Benzin	430	585	Feb 2013	Dec 2017	2024-03-01	59018
Ssangyong	Actyon	2.0 XDI	Pick-up	Heckantrieb	Diesel	104	141	Apr 2007	-	2025-12-01	59019
Peugeot	308 sw i	1.6 HDI	Kombi	Frontantrieb	Diesel	84	114	Mar 2013	Oct 2014	2024-03-01	59020
Citroën	C4 picasso ii	1.6 THP 155	Großraumlimousine	Frontantrieb	Benzin	115	156	Feb 2013	-	2024-03-01	59021
Citroën	C4 picasso ii	1.6 VTI 120	Großraumlimousine	Frontantrieb	Benzin	88	120	Feb 2013	-	2024-03-01	59022
Citroën	C4 picasso ii	1.6 HDI 90	Großraumlimousine	Frontantrieb	Diesel	68	92	Feb 2013	-	2024-03-01	59023
Citroën	C4 picasso ii	1.6 HDI / Bluehdi 115	Großraumlimousine	Frontantrieb	Diesel	85	115	Feb 2013	Mar 2018	2025-11-01	59024
KIA	Sorento ii	2.4 GDI	SUV	Frontantrieb	Benzin	141	192	Oct 2012	Dec 2015	2024-03-01	59025
KIA	Sorento ii	2.4 GDI 4WD	SUV	Allrad	Benzin	141	192	Oct 2012	Dec 2015	2024-03-01	59026
Volvo	V70 iii	D4 AWD	Kombi	Allrad	Diesel	120	163	Oct 2007	Dec 2015	2024-03-01	59028
Mercedes-benz	E-Klasse	E 350 Bluetec	Cabriolet	Heckantrieb	Diesel	185	252	Jun 2013	Dec 2016	2024-03-01	59029
Mercedes-benz	E-Klasse	E 200	Cabriolet	Heckantrieb	Benzin	135	184	Mar 2013	Dec 2016	2024-03-01	59030
Rover	Mini-Moke	1	Cabriolet	Frontantrieb	Benzin	26	35	Sep 1986	Sep 1993	2024-03-01	59031
Mercedes-benz	E-Klasse	E 250	Cabriolet	Heckantrieb	Benzin	155	211	Jun 2013	Dec 2016	2024-03-01	59038
Mercedes-benz	E-Klasse	E 400	Cabriolet	Heckantrieb	Benzin	245	333	Jun 2013	Dec 2016	2024-03-01	59039
Mitsubishi	Pajero sport ii	3.0 4WD	Geländewagen geschlossen	Allrad	Benzin	162	220	Sep 2008	-	2024-03-01	59042
Mercedes-benz	E-Klasse	E 400	Coupe	Heckantrieb	Benzin	245	333	Jun 2013	Dec 2016	2024-03-01	59045
Mercedes-benz	E-Klasse	E 250	Coupe	Heckantrieb	Benzin	155	211	Jun 2013	Dec 2016	2024-03-01	59046
Mercedes-benz	E-Klasse	E 200	Coupe	Heckantrieb	Benzin	135	184	Jun 2013	Dec 2016	2024-03-01	59047
Alfa Romeo	4c	1.8	Coupe	Heckantrieb	Benzin	177	241	Mar 2013	Dec 2020	2024-03-01	59048
Porsche	911	3.6 Carrera	Targa	Heckantrieb	Benzin	184	250	Dec 1988	Sep 1993	2024-03-01	59049
Porsche	911	3.6 Carrera 4	Targa	Allrad	Benzin	184	250	Dec 1988	Sep 1993	2024-03-01	59050
Porsche	911	3.6 Carrera	Cabriolet	Heckantrieb	Benzin	184	250	Aug 1992	Jun 1994	2024-03-01	59051
Porsche	911	3.8 Carrera	Coupe	Heckantrieb	Benzin	221	301	Aug 1995	Sep 1997	2024-03-01	59052
Audi	A8 d4	3.0 TDI Quattro	Stufenheck	Allrad	Diesel	176	239	Nov 2012	Jun 2016	2024-03-01	59053
Chevrolet	Trax	1.8	SUV	Frontantrieb	Benzin	103	140	Mar 2013	-	2024-03-01	59054
Seat	Alhambra	1.8 TSI	Großraumlimousine	Frontantrieb	Benzin	118	160	Nov 2012	Apr 2015	2024-03-01	59056
Seat	Leon	1.6 TDI	Schrägheck	Frontantrieb	Diesel	81	110	Sep 2013	Aug 2020	2024-03-01	59057
Mitsubishi	Pajero iii	2.5 TDI	Geländewagen geschlossen	Allrad	Diesel	73	99	Apr 2000	Dec 2006	2024-03-01	59058
Mitsubishi	Pajero iii	2.5 TDI	Geländewagen geschlossen	Allrad	Diesel	85	115	Sep 2001	Dec 2006	2024-03-01	59059
Seat	Leon	2.0 TDI	Schrägheck	Frontantrieb	Diesel	105	143	May 2013	Aug 2020	2024-03-01	59060
Seat	Leon	2.0 TDI	Schrägheck	Frontantrieb	Diesel	81	110	May 2013	Aug 2020	2024-03-01	59061
Skoda	Rapid	1.6 TDI	Schrägheck	Frontantrieb	Diesel	66	90	Aug 2013	May 2015	2024-03-01	59062
Seat	Toledo	1.6	Schrägheck	Frontantrieb	Benzin	77	105	Jul 2013	Jun 2015	2024-03-01	59063
Skoda	Rapid	1.6	Schrägheck	Frontantrieb	Benzin	77	105	Jul 2012	Jun 2015	2024-03-01	59064
VW	Beetle	2.0 TSI	Schrägheck	Frontantrieb	Benzin	155	211	Dec 2012	Jul 2019	2024-03-01	59066
VW	Golf vii	1.6 TDI	Schrägheck	Frontantrieb	Diesel	66	90	Apr 2013	Jul 2018	2024-03-01	59067
VW	Golf vii	1.6 TDI	Schrägheck	Frontantrieb	Diesel	81	110	Jan 2013	Mar 2017	2024-03-01	59068
VW	Golf vii	2.0 TDI	Schrägheck	Frontantrieb	Diesel	105	143	Aug 2012	Aug 2020	2024-03-01	59070
VW	Golf vii	2.0 TDI	Schrägheck	Frontantrieb	Diesel	81	110	Nov 2012	Aug 2020	2024-03-01	59071
Chevrolet	Trax	1.4	SUV	Frontantrieb	Benzin	103	140	Dec 2012	-	2024-03-01	59073
Audi	A8 d4	2.5 Tfsi	Stufenheck	Frontantrieb	Benzin	150	204	Jul 2012	Jun 2016	2024-03-01	59075
Ford	Fiesta vi	1.6 ST	Schrägheck	Frontantrieb	Benzin	134	182	Mar 2013	Apr 2017	2024-03-01	59076
Skoda	Octavia	1.6 TDI	Schrägheck	Frontantrieb	Diesel	66	90	Nov 2012	Oct 2020	2024-03-01	59077
Skoda	Octavia	1.6 TDI	Kombi	Frontantrieb	Diesel	66	90	Nov 2012	Oct 2020	2024-03-01	59078
Skoda	Octavia	2.0 TDI	Schrägheck	Frontantrieb	Diesel	105	143	Nov 2012	Feb 2017	2024-03-01	59079
Skoda	Octavia	2.0 TDI	Kombi	Frontantrieb	Diesel	105	143	Nov 2012	Feb 2017	2024-03-01	59080
Mercedes-benz	Sl	65 AMG	Cabriolet	Heckantrieb	Benzin	463	630	May 2012	Jun 2018	2024-03-01	59082
Mercedes-benz	C-Klasse	C 63 AMG	Stufenheck	Heckantrieb	Benzin	373	507	Feb 2008	Jan 2014	2024-03-01	59084
Mercedes-benz	C-Klasse	C 63 AMG	Kombi	Heckantrieb	Benzin	373	507	Jun 2013	Aug 2014	2024-03-01	59089
VW	Golf vii	2.0 GTI	Schrägheck	Frontantrieb	Benzin	162	220	Apr 2013	Aug 2020	2024-03-01	59115
VW	Golf vii	2.0 GTI	Schrägheck	Frontantrieb	Benzin	169	230	Apr 2013	Aug 2020	2024-03-01	59116
VW	Golf vii	2.0 GTD	Schrägheck	Frontantrieb	Diesel	135	184	Apr 2013	Aug 2020	2024-03-01	59120
Porsche	911	3.8 GT3	Coupe	Heckantrieb	Benzin	350	475	Aug 2013	May 2017	2024-03-01	59140
Porsche	911	3.8 Turbo	Coupe	Allrad	Benzin	383	520	Sep 2013	May 2020	2024-03-01	59141
Porsche	911	3.8 Turbo S	Coupe	Allrad	Benzin	412	560	Sep 2013	May 2020	2024-03-01	59142
VW	Beetle	2.0 TSI	Cabriolet	Frontantrieb	Benzin	155	210	Dec 2012	Jul 2019	2024-03-01	59145
Mercedes-benz	A-Klasse	A 45 AMG 4-matic	Schrägheck	Allrad	Benzin	265	360	Jun 2013	May 2018	2024-03-01	59167
Dodge	Ram 1500	5.7	Pick-up	Heckantrieb	Benzin	257	349	Jun 2001	Sep 2008	2024-03-01	59184
Dodge	Ram 2500	5.7	Pick-up	Heckantrieb	Benzin	257	349	Jan 2002	Dec 2009	2024-03-01	59185
BMW	3	325 D	Kombi	Heckantrieb	Diesel	160	218	Mar 2013	Feb 2016	2024-03-01	59219
BMW	3	335 I Xdrive	Kombi	Allrad	Benzin	225	306	Mar 2013	Jun 2015	2024-03-01	59220
BMW	3	335 I	Kombi	Heckantrieb	Benzin	225	306	Mar 2013	Jun 2015	2024-03-01	59221
BMW	3	330 D Xdrive	Stufenheck	Allrad	Diesel	190	258	Mar 2013	Oct 2018	2024-03-01	59222
BMW	3	325 D	Stufenheck	Heckantrieb	Diesel	160	218	Mar 2013	Feb 2016	2024-03-01	59223
Abarth	500c / 595c 695c	1.4	Cabriolet	Frontantrieb	Benzin	132	180	Jun 2010	-	2024-03-01	59224
BMW	6	640 I Xdrive	Cabriolet	Allrad	Benzin	235	320	Mar 2013	Jun 2018	2024-03-01	59226
BMW	6	640 I Xdrive	Coupe	Allrad	Benzin	235	320	Mar 2013	Oct 2017	2024-03-01	59227
BMW	6	640 I Xdrive	Coupe	Allrad	Benzin	235	320	Mar 2013	Oct 2018	2024-03-01	59228
BMW	6	640 D Xdrive	Coupe	Allrad	Diesel	230	313	Mar 2013	Oct 2018	2024-03-01	59230
BMW	6	M6	Coupe	Heckantrieb	Benzin	412	560	Mar 2013	Oct 2018	2024-03-01	59231
Buick	Enclave	3.6	SUV	Frontantrieb	Benzin	205	279	Apr 2007	Dec 2008	2024-03-01	59232
Chevrolet	Tahoe	5.7 V8 AWD	SUV	Allrad	Benzin	190	258	Oct 1994	Sep 1996	2024-03-01	59239
Audi	A3	S3 Quattro	Schrägheck	Allrad	Benzin	221	300	Nov 2012	Oct 2020	2024-03-01	59244
Opel	Antara a	2.0 Cdti	SUV	Frontantrieb	Diesel	110	150	Aug 2006	Dec 2011	2024-03-01	59245
Audi	A3	1.8 Tfsi Quattro	Schrägheck	Allrad	Benzin	132	180	May 2013	Aug 2016	2024-03-01	59246
Audi	A3	1.2 Tfsi	Schrägheck	Frontantrieb	Benzin	77	105	May 2013	May 2015	2024-03-01	59247
Audi	A4 b8	2.0 Tfsi Quattro	Stufenheck	Allrad	Benzin	165	224	May 2013	Dec 2015	2024-03-01	59248
Audi	A4 b8	2.0 Tfsi	Stufenheck	Frontantrieb	Benzin	165	224	May 2013	Dec 2015	2024-03-01	59249
Audi	A4 b8 avant	2.0 Tfsi	Kombi	Frontantrieb	Benzin	165	224	May 2013	Dec 2015	2024-03-01	59250
Audi	A4 b8 avant	2.0 Tfsi Quattro	Kombi	Allrad	Benzin	165	224	May 2013	Dec 2015	2024-03-01	59251
Opel	Insignia a	1.6 Sidi	Schrägheck	Frontantrieb	Benzin	125	170	Mar 2013	Mar 2017	2024-03-01	59252
Opel	Insignia a	1.6 Sidi	Stufenheck	Frontantrieb	Benzin	125	170	Mar 2013	Mar 2017	2024-03-01	59253
Opel	Insignia a sports tourer	1.6 Sidi	Kombi	Frontantrieb	Benzin	125	170	Jun 2013	Mar 2017	2024-03-01	59254
Opel	Insignia a sports tourer	2.0 Cdti	Kombi	Frontantrieb	Diesel	88	120	Mar 2012	Jun 2015	2024-03-01	59255
Opel	Insignia a	2.0 Cdti	Stufenheck	Frontantrieb	Diesel	88	120	Mar 2012	Mar 2017	2024-03-01	59256
Opel	Insignia a	2.0 Cdti	Schrägheck	Frontantrieb	Diesel	88	120	Mar 2012	Mar 2017	2024-03-01	59257
Fiat	Stilo	1.6 16V	Kombi	Frontantrieb	Benzin	77	105	Mar 2005	Dec 2007	2024-03-01	59259
Opel	Vectra c	2.8 V6 Turbo OPC	Stufenheck	Frontantrieb	Benzin	206	280	Sep 2006	Aug 2008	2024-03-01	59260
Audi	Q5	2.0 TDI	SUV	Frontantrieb	Diesel	110	150	May 2013	May 2017	2024-03-01	59263
Audi	Q5	2.0 TDI Quattro	SUV	Allrad	Diesel	110	150	May 2013	May 2017	2024-03-01	59264
Opel	Vectra c cc	2.2 DTI 16V	Schrägheck	Frontantrieb	Diesel	86	117	Aug 2002	Jun 2008	2024-03-01	59266
Opel	Astra f	1.7 TD	Kasten/Kombi	Frontantrieb	Diesel	60	82	Mar 1995	Feb 1998	2024-03-01	59269
Opel	Astra f	1.6 I 16V	Kasten/Kombi	Frontantrieb	Benzin	74	100	Aug 1994	Mar 1998	2024-03-01	59270
Audi	Q3	2.0 TDI	SUV	Frontantrieb	Diesel	130	177	Jun 2011	Apr 2015	2024-03-01	59273
BMW	1	118 I	Cabriolet	Heckantrieb	Benzin	100	136	Sep 2008	Dec 2013	2024-03-01	59274
Audi	A6 c7 avant	RS6 Quattro	Kombi	Allrad	Benzin	412	560	Jan 2013	Sep 2018	2024-03-01	59276
Opel	Omega a	1.8 N	Stufenheck	Heckantrieb	Benzin	63	86	Nov 1986	Sep 1988	2024-03-01	59277
Opel	Omega a caravan	1.8 N	Kombi	Heckantrieb	Benzin	63	86	Nov 1986	Sep 1988	2024-03-01	59278
Opel	Kadett d	1	Schrägheck	Frontantrieb	Benzin	37	50	Aug 1979	Dec 1983	2024-03-01	59280
Brilliance	Bs4	1.6	Stufenheck	Frontantrieb	Benzin	74	101	Jul 2007	-	2024-03-01	59281
Brilliance	Bs4	1.8	Stufenheck	Frontantrieb	Benzin	100	136	Jul 2007	-	2024-03-01	59282
Saab	9-3	2.0 T XWD	Stufenheck	Allrad	Benzin	177	241	May 2009	Feb 2015	2024-03-01	59283
Brilliance	Bs4	1.8 Turbo	Stufenheck	Frontantrieb	Benzin	125	170	Jul 2007	-	2024-03-01	59284
Saab	9-3	2.0 T XWD	Kombi	Allrad	Benzin	177	241	May 2009	Feb 2015	2024-03-01	59285
Saab	9-3	2.0 T	Kombi	Frontantrieb	Benzin	177	241	May 2009	Feb 2015	2024-03-01	59286
Audi	80	2.0 E 16V	Stufenheck	Frontantrieb	Benzin	101	137	Sep 1991	Jul 1992	2024-03-01	59287
VW	Golf vii	1.6 TDI 4motion	Schrägheck	Allrad	Diesel	81	110	Jan 2013	Mar 2017	2024-03-01	59289
VW	Golf vi	2.0 R	Cabriolet	Frontantrieb	Benzin	195	265	Jan 2013	May 2016	2024-03-01	59290
Fiat	Panda	1.1	Kasten/Schrägheck	Frontantrieb	Benzin	40	54	Sep 2004	-	2024-03-01	59291
KIA	Pro cee'd	1.6 Crdi 110	Schrägheck	Frontantrieb	Diesel	81	110	Mar 2013	Jul 2018	2024-03-01	59292
KIA	Carens iii	1.6 Crdi 110	Großraumlimousine	Frontantrieb	Diesel	85	116	Oct 2010	Mar 2013	2024-05-01	59293
KIA	Cee'd	1.6 Crdi 110	Kombi	Frontantrieb	Diesel	81	110	Mar 2013	Jul 2018	2024-03-01	59295
KIA	Rio iii	1.25 Cvvt	Stufenheck	Frontantrieb	Benzin	63	86	Oct 2011	Dec 2017	2024-03-01	59296
KIA	Rio iii	1.4 Cvvt	Stufenheck	Frontantrieb	Benzin	80	109	Oct 2011	Dec 2017	2024-03-01	59297
Mercedes-benz	E-Klasse	E 63 AMG	Kombi	Heckantrieb	Benzin	430	585	Feb 2013	Dec 2016	2024-03-01	59298
Mercedes-benz	E-Klasse	E 63 AMG	Stufenheck	Heckantrieb	Benzin	430	585	Feb 2013	Dec 2016	2024-03-01	59299
Ssangyong	Rexton	2.0 XDI	SUV	Heckantrieb	Diesel	114	155	Jul 2012	Nov 2015	2024-07-01	59300
Ssangyong	Rexton	2.0 XDI Allrad	SUV	Allrad	Diesel	114	155	Jul 2012	Nov 2015	2024-07-01	59301
Nissan	Juke	1.6	SUV	Frontantrieb	Benzin	69	94	May 2013	Dec 2019	2024-03-01	59302
Nissan	Navara	2.5 DCI 4WD	Pick-up	Allrad	Diesel	106	144	Jan 2007	-	2024-03-01	59303
Citroën	Berlingo	Electric	Kasten/Großraumlimousine	Frontantrieb	Elektro	42	57	Jan 2010	Dec 2010	2024-03-01	59304
Citroën	Ds3	1.6 THP 150	Cabriolet	Frontantrieb	Benzin	110	150	Jan 2013	Jul 2015	2024-03-01	59305
Citroën	Ds5	1.6 HDI 115	Schrägheck	Frontantrieb	Diesel	84	114	Jun 2012	Jul 2015	2024-03-01	59306
BMW	1	120 I	Coupe	Heckantrieb	Benzin	115	156	Sep 2009	Oct 2013	2024-03-01	59307
Citroën	Ds5	2.0 HDI 135	Schrägheck	Frontantrieb	Diesel	100	136	Nov 2011	Jul 2015	2024-03-01	59308
Citroën	Ds4	2.0 HDI / Bluehdi 135	Schrägheck	Frontantrieb	Diesel	100	136	Sep 2011	Jul 2015	2024-03-01	59310
Citroën	Ds4	1.6 HDI 90	Schrägheck	Frontantrieb	Diesel	68	92	May 2011	Jul 2015	2024-03-01	59311
Citroën	Berlingo	1.6 HDI 90 16V	Pritsche/Fahrgestell	Frontantrieb	Diesel	66	90	Apr 2008	Dec 2018	2026-05-01	59312
Dacia	Dokker	1.2 TCE 115	Kasten/Großraumlimousine	Frontantrieb	Benzin	84	114	Dec 2012	Dec 2015	2024-11-01	59313
Dacia	Sandero	1.6 16V	Schrägheck	Frontantrieb	Benzin	77	105	Jul 2011	Dec 2012	2025-12-01	59314
Dacia	Logan	1.2 16V LPG	Stufenheck	Frontantrieb	Benzin/Autogas (LPG)	55	75	Feb 2006	-	2024-03-01	59315
Peugeot	2008 i	1.4 HDI	SUV	Frontantrieb	Diesel	50	68	Jun 2013	-	2024-03-01	59316
Lancia	Ypsilon	0.9 CNG	Schrägheck	Frontantrieb	Benzin/Erdgas (CNG)	63	86	May 2011	-	2024-03-01	59317
Hyundai	I30	1.4	Coupe	Frontantrieb	Benzin	73	99	May 2013	Dec 2014	2024-07-01	59318
Hyundai	I30	1.6 GDI	Coupe	Frontantrieb	Benzin	99	135	May 2013	-	2024-03-01	59319
Hyundai	I30	1.4 Crdi	Coupe	Frontantrieb	Diesel	66	90	May 2013	May 2017	2024-07-01	59320
Hyundai	I30	1.6 Crdi	Coupe	Frontantrieb	Diesel	94	128	May 2013	-	2024-03-01	59321
Peugeot	3008 i	2.0 HDI	Großraumlimousine	Frontantrieb	Diesel	100	136	Sep 2011	Aug 2016	2024-11-01	59322
Mitsubishi	Tredia	2.0 Glxi 4WD	Stufenheck	Allrad	Benzin	74	101	Oct 1986	Mar 1988	2024-03-01	59323
Mitsubishi	L200	2.0 4WD	Pick-up	Allrad	Benzin	63	86	Feb 1987	May 1994	2024-03-01	59324
Renault	Master iii	2.3 DCI 150 FWD	Bus	Frontantrieb	Diesel	110	150	Oct 2012	-	2024-03-01	59333
BMW	X5	Xdrive 30 D	SUV	Allrad	Diesel	155	211	Oct 2008	Jul 2013	2024-03-01	59334
Renault	Grand scénic iii	1.2 TCE	Großraumlimousine	Frontantrieb	Benzin	97	132	Jan 2013	Sep 2016	2024-05-01	59335
VW	Golf i	1.6	Cabriolet	Frontantrieb	Benzin	55	75	Aug 1979	Jul 1983	2024-03-01	59336
Renault	Megane cc	1.2 TCE	Cabriolet	Frontantrieb	Benzin	97	132	Jan 2013	Aug 2015	2024-03-01	59338
Renault	Megane iii	1.2 TCE	Coupe	Frontantrieb	Benzin	97	132	Jan 2013	Aug 2015	2024-03-01	59339
Renault	Megane iii grandtour	1.2 TCE	Kombi	Frontantrieb	Benzin	97	132	Jan 2013	Jan 2016	2024-03-01	59340
Renault	Megane iii	1.2 TCE	Schrägheck	Frontantrieb	Benzin	97	132	Jan 2013	Jan 2016	2024-03-01	59341
Renault	Scénic iii	1.2 TCE	Großraumlimousine	Frontantrieb	Benzin	97	132	Jan 2013	Sep 2016	2024-05-01	59342
Renault	Megane iii grandtour	2.0 TCE	Kombi	Frontantrieb	Benzin	162	220	Sep 2012	Jan 2016	2024-03-01	59343
Renault	Megane iii grandtour	2.0 TCE	Kombi	Frontantrieb	Benzin	140	190	Sep 2012	Aug 2015	2024-03-01	59344
VW	Golf iv variant	1.9 TDI 4motion	Kombi	Allrad	Diesel	110	150	May 2002	Jun 2005	2024-03-01	59345
Renault	Megane iii	2.0 TCE	Coupe	Frontantrieb	Benzin	140	190	Jun 2012	Aug 2015	2024-03-01	59346
Renault	Megane iii	2.0 TCE	Schrägheck	Frontantrieb	Benzin	140	190	Jun 2012	Aug 2015	2024-03-01	59349
Renault	Laguna	1.5 DCI	Coupe	Frontantrieb	Diesel	81	110	Mar 2012	Dec 2015	2024-03-01	59353
Renault	Latitude	1.5 DCI	Stufenheck	Frontantrieb	Diesel	81	110	Jul 2010	-	2024-03-01	59354
Land Rover	90	3.5 4X4	Geländewagen geschlossen	Allrad	Benzin	85	116	Jun 1984	Jul 1990	2024-03-01	59361
VW	Cc b7	2.0 TDI 4motion	Coupe	Allrad	Diesel	130	177	Dec 2012	Dec 2016	2024-03-01	59367
Volvo	V40	T2 Gtdi	Schrägheck	Frontantrieb	Benzin	88	120	Apr 2013	Dec 2016	2024-03-01	59370
Toyota	Hiace iv	2.5 D-4d 4WD	Bus	Allrad	Diesel	75	102	Nov 2001	Aug 2006	2024-03-01	59373
Mercedes-benz	B-Klasse sports tourer	B 160 CDI / D	Schrägheck	Frontantrieb	Diesel	66	90	May 2013	Dec 2018	2024-03-01	59384
Volvo	V70 iii	D3	Kombi	Frontantrieb	Diesel	100	136	Oct 2007	Dec 2015	2024-03-01	59385
VW	Passat b7 variant	2.0 TDI 4motion	Kombi	Allrad	Diesel	130	177	Jan 2013	Dec 2014	2024-03-01	59387
Toyota	Dyna 100	1.8	Pritsche/Fahrgestell	Heckantrieb	Benzin	61	83	Aug 1987	Apr 1995	2024-03-01	59388
Ford USA	Explorer	4.6	SUV	Heckantrieb	Benzin	178	242	Sep 2001	Dec 2005	2024-03-01	59389
Alpina	B7	Biturbo	Stufenheck	Heckantrieb	Benzin	397	540	Jul 2012	Jul 2015	2024-03-01	59393
Alpina	B7	Biturbo Allrad	Stufenheck	Allrad	Benzin	397	540	Jul 2012	Jul 2015	2024-03-01	59394
Chrysler	300c	3.6	Stufenheck	Heckantrieb	Benzin	215	292	Jul 2011	Dec 2023	2026-03-01	59395
VW	Passat b7	2.0 TDI 4motion	Stufenheck	Allrad	Diesel	130	177	Jan 2013	Dec 2014	2024-03-01	59396
Chrysler	Grand voyager v	3.6	Großraumlimousine	Frontantrieb	Benzin	208	283	Feb 2011	-	2024-03-01	59397
Dodge	Challenger	6.4 Srt8	Coupe	Heckantrieb	Benzin	346	471	Aug 2011	-	2024-03-01	59398
Hyundai	Genesis	3.8 V6	Coupe	Heckantrieb	Benzin	255	347	Nov 2011	Dec 2014	2024-03-01	59399
Hyundai	Genesis	2.0 T	Coupe	Heckantrieb	Benzin	202	275	Nov 2011	Dec 2014	2024-03-01	59400
Hyundai	I10 i	1	Schrägheck	Frontantrieb	Benzin	51	69	Jan 2011	Dec 2013	2024-05-01	59401
BMW	3	328 I Xdrive	Kombi	Allrad	Benzin	180	245	Mar 2013	Jun 2016	2024-03-01	59402
BMW	3	320 I Xdrive	Kombi	Allrad	Benzin	135	184	Mar 2013	Jun 2015	2024-03-01	59403
BMW	3	330 D Xdrive	Kombi	Allrad	Diesel	190	258	Mar 2013	Jun 2019	2024-03-01	59404
Hyundai	I20 i	1.6 Crdi	Schrägheck	Frontantrieb	Diesel	94	128	Jan 2009	Dec 2012	2024-03-01	59405
BMW	3	320 D Xdrive	Kombi	Allrad	Diesel	135	184	Mar 2013	Jun 2015	2024-03-01	59406
BMW	3	316 I	Kombi	Heckantrieb	Benzin	100	136	Mar 2013	Jun 2015	2024-03-01	59407
Hyundai	Ix20	1.6 Crdi	Schrägheck	Frontantrieb	Diesel	94	128	Jun 2011	Jul 2019	2024-03-01	59408
BMW	3	320 I	Stufenheck	Heckantrieb	Benzin	125	170	Nov 2012	Jun 2016	2024-03-01	59409
BMW	5	520 I	Stufenheck	Heckantrieb	Benzin	115	156	Sep 2007	Feb 2010	2024-03-01	59410
BMW	5	520 I	Kombi	Heckantrieb	Benzin	120	163	Jul 2007	Aug 2010	2024-03-01	59411
Mazda	6	2.2 D	Kombi	Frontantrieb	Diesel	110	150	Oct 2012	Dec 2020	2024-03-01	59412
Mazda	6	2.5	Kombi	Frontantrieb	Benzin	141	192	Dec 2012	-	2024-03-01	59414
VW	Passat b1	1.3	Schrägheck	Frontantrieb	Benzin	44	60	Jan 1978	Jul 1980	2024-03-01	59415
Mini	Mini	Cooper S John Cooper Works	Schrägheck	Frontantrieb	Benzin	141	192	Nov 2006	Feb 2010	2024-03-01	59416
BMW	3	320 I	Cabriolet	Heckantrieb	Benzin	115	156	Jan 2007	Aug 2013	2024-03-01	59417
BMW	3	320 I	Cabriolet	Heckantrieb	Benzin	120	163	Sep 2006	Oct 2013	2024-03-01	59421
BMW	3	320 D	Cabriolet	Heckantrieb	Diesel	120	163	Jan 2008	Dec 2013	2024-03-01	59423
Subaru	Impreza	1.6 I	Schrägheck	Frontantrieb	Benzin	84	114	Jun 2012	Sep 2016	2024-03-01	59424
Subaru	Impreza	1.6 I AWD	Schrägheck	Allrad	Benzin	84	114	Jun 2012	-	2024-03-01	59425
Mercedes-benz	Vito / mixto	113 CDI 4X4	Kasten	Allrad	Diesel	100	136	Sep 2010	Aug 2014	2025-12-01	59426
Subaru	Legacy v station wagon	2.5 I AWD	Kombi	Allrad	Benzin	127	173	Jul 2012	Dec 2014	2024-03-01	59427
Mercedes-benz	Vito / mixto	116 CDI 4X4	Kasten	Allrad	Diesel	120	163	Sep 2010	Aug 2014	2025-12-01	59428
Toyota	Corolla	1.8	Schrägheck	Heckantrieb	Benzin	63	86	Aug 1982	Sep 1983	2024-03-01	59430
Subaru	Outback	2.5 I AWD	Kombi	Allrad	Benzin	127	173	Jan 2013	-	2024-03-01	59431
VW	Scirocco	1.3	Coupe	Frontantrieb	Benzin	40	55	Aug 1983	Jul 1984	2024-03-01	59432
Mercedes-benz	Sls amg	6.2 GT	Coupe	Heckantrieb	Benzin	435	592	Jun 2013	-	2024-03-01	59433
Mercedes-benz	Sls amg	6.2	Coupe	Heckantrieb	Benzin	464	631	Jun 2013	-	2024-03-01	59434
Mercedes-benz	E-Klasse	E 400	Stufenheck	Heckantrieb	Benzin	245	333	Jan 2013	Dec 2016	2024-03-01	59435
Mercedes-benz	E-Klasse	E 400 4-matic	Stufenheck	Allrad	Benzin	245	333	Jan 2013	Dec 2016	2024-03-01	59436
Mercedes-benz	B-Klasse sports tourer	B 180 CDI / D	Schrägheck	Frontantrieb	Diesel	80	109	Feb 2013	Dec 2018	2024-03-01	59438
Mercedes-benz	E-Klasse	E 350 Bluetec	Stufenheck	Heckantrieb	Diesel	185	252	Jan 2013	Dec 2015	2024-03-01	59439
Mercedes-benz	E-Klasse	E 350 Bluetec 4-matic	Stufenheck	Allrad	Diesel	185	252	Jan 2013	Dec 2015	2024-03-01	59440
Mercedes-benz	C-Klasse	C 220 CDI 4-matic	Stufenheck	Allrad	Diesel	125	170	Feb 2013	Jan 2014	2024-03-01	59441
Mercedes-benz	C-Klasse	C 220 CDI 4-matic	Kombi	Allrad	Diesel	125	170	Feb 2013	Aug 2014	2024-03-01	59442
Mercedes-benz	Cls	CLS 63 AMG	Coupe	Heckantrieb	Benzin	430	585	Feb 2013	Dec 2017	2024-03-01	59443
VW	Sharan	2.0 TDI	Großraumlimousine	Frontantrieb	Diesel	130	177	Jan 2013	Jun 2022	2024-03-01	59444
Mercedes-benz	Cls	CLS 63 AMG	Kombi	Heckantrieb	Benzin	430	585	Feb 2013	Dec 2017	2024-03-01	59446
Toyota	Cressida	2.4 TD	Stufenheck	Heckantrieb	Diesel	63	86	Jan 1985	Oct 1988	2024-03-01	59447
Mercedes-benz	T1	210 2.3	Kasten	Heckantrieb	Benzin	63	86	May 1977	Dec 1982	2024-03-01	59449
Mercedes-benz	T1	310 2.3	Kasten	Heckantrieb	Benzin	70	95	Jun 1989	Feb 1996	2024-03-01	59450
Mercedes-benz	E-Klasse	E 350 Bluetec	Coupe	Heckantrieb	Diesel	185	252	Jun 2013	Dec 2016	2024-03-01	59452
Mercedes-benz	E-Klasse	E 400	Kombi	Heckantrieb	Benzin	245	333	Jan 2013	Dec 2016	2024-03-01	59453
Mercedes-benz	E-Klasse	E 400 4-matic	Kombi	Allrad	Benzin	245	333	Jan 2013	Dec 2016	2024-03-01	59454
Mercedes-benz	E-Klasse	E 350 Bluetec	Kombi	Heckantrieb	Diesel	185	252	Nov 2012	Dec 2016	2024-03-01	59456
Mercedes-benz	Sprinter 3,5-T	316 LGT	Bus	Heckantrieb	Benzin/Autogas (LPG)	115	156	Sep 2008	Dec 2018	2024-03-01	59457
Toyota	Dyna 150	2.4 D	Pritsche/Fahrgestell	Heckantrieb	Diesel	54	73	Aug 1985	Aug 1987	2024-03-01	59458
Mercedes-benz	E-Klasse	E 350 Bluetec 4-matic	Kombi	Allrad	Diesel	185	252	Nov 2012	Dec 2016	2024-03-01	59459
Toyota	Dyna 150	2	Pritsche/Fahrgestell	Heckantrieb	Benzin	65	88	Aug 1985	Sep 1987	2024-03-01	59460
Mercedes-benz	E-Klasse	E 200	Kombi	Heckantrieb	Benzin	135	184	Nov 2012	Dec 2016	2024-03-01	59461
Mercedes-benz	Sprinter 4,6-T	411 CDI	Kasten	Heckantrieb	Diesel	80	109	Jun 2009	Dec 2018	2024-03-01	59462
Mercedes-benz	Sprinter 4,6-T	411 CDI	Pritsche/Fahrgestell	Heckantrieb	Diesel	80	109	Jun 2009	Dec 2018	2024-03-01	59463
Mercedes-benz	E-Klasse	E 250	Kombi	Heckantrieb	Benzin	155	211	Nov 2012	Dec 2016	2024-03-01	59464
Mercedes-benz	Sprinter 4,6-T	415 CDI	Kasten	Heckantrieb	Diesel	110	150	Jun 2009	Dec 2009	2024-03-01	59465
Mercedes-benz	Sprinter 4,6-T	418 CDI	Kasten	Heckantrieb	Diesel	135	184	Jun 2009	May 2016	2024-03-01	59467
Mercedes-benz	E-Klasse	E 300	Kombi	Heckantrieb	Benzin	170	231	Nov 2009	Dec 2011	2024-03-01	59468
Mercedes-benz	Sls amg roadster	6.2 GT	Cabriolet	Heckantrieb	Benzin	435	592	Jun 2013	-	2024-03-01	59469
Mercedes-benz	C-Klasse	C 220 CDI	Stufenheck	Heckantrieb	Diesel	120	163	Oct 2008	Jan 2014	2024-03-01	59470
Mercedes-benz	C-Klasse	C 220 CDI	Kombi	Heckantrieb	Diesel	120	163	Dec 2008	Aug 2014	2024-03-01	59471
Mercedes-benz	Cla	CLA 220 CDI / D	Coupe	Frontantrieb	Diesel	120	163	Jan 2013	Mar 2019	2024-03-01	59472
Mercedes-benz	G-Klasse	G 500	Geländewagen geschlossen	Allrad	Benzin	285	388	May 2008	Aug 2015	2024-03-01	59473
Mercedes-benz	G-Klasse	G 65 AMG	Geländewagen geschlossen	Allrad	Benzin	450	612	May 2012	Apr 2018	2024-03-01	59474
VW	Polo	1.3	Coupe	Frontantrieb	Benzin	43	58	Aug 1982	Jul 1988	2024-03-01	59475
Mercedes-benz	C-Klasse	C 180 CGI	Stufenheck	Heckantrieb	Benzin	115	156	Jan 2008	Jan 2014	2024-03-01	59476
Maserati	Gran turismo i	4.2	Coupe	Heckantrieb	Benzin	302	411	Jan 2013	-	2024-03-01	59478
Maserati	Gran turismo i	4.7	Coupe	Heckantrieb	Benzin	338	460	May 2012	-	2024-03-01	59479
Maserati	Grancabrio	4.7	Cabriolet	Heckantrieb	Benzin	338	460	Feb 2013	Nov 2019	2024-07-01	59480
Mercedes-benz	C-Klasse	C 300	Stufenheck	Heckantrieb	Benzin	185	252	Feb 2011	Jan 2014	2024-03-01	59481
Mercedes-benz	C-Klasse	C 300 4-matic	Stufenheck	Allrad	Benzin	185	252	Feb 2011	Jan 2014	2024-03-01	59482
Mercedes-benz	Cls	CLS 350 Bluetec / D	Coupe	Heckantrieb	Diesel	185	252	Feb 2013	Dec 2017	2024-03-01	59483
Mercedes-benz	Cls	CLS 350 Bluetec / D 4-matic	Coupe	Allrad	Diesel	185	252	Feb 2013	Dec 2017	2024-03-01	59484
Mercedes-benz	G-Klasse	G 270 CDI	Geländewagen geschlossen	Allrad	Diesel	115	156	Jan 2003	Dec 2006	2024-03-01	59485
Mercedes-benz	Vito / mixto	E-cell	Kasten	Frontantrieb	Elektro	60	82	Jan 2011	Aug 2014	2025-12-01	59486
Mercedes-benz	Vito	E-cell	Bus	Frontantrieb	Elektro	60	82	Mar 2012	-	2024-03-01	59487
Skoda	Octavia	1.6 TDI 4X4	Kombi	Allrad	Diesel	77	105	Nov 2012	May 2015	2024-03-01	59488
Skoda	Octavia	1.8 TSI 4X4	Kombi	Allrad	Benzin	132	180	Nov 2012	Feb 2017	2024-03-01	59489
Skoda	Octavia	2.0 TDI 4X4	Kombi	Allrad	Diesel	110	150	Nov 2012	Oct 2020	2024-03-01	59490
Porsche	911	3.3 Turbo	Cabriolet	Heckantrieb	Benzin	221	301	Sep 1986	Aug 1989	2024-03-01	59491
Ford	B-Max	1.0 Ecoboost	Großraumlimousine	Frontantrieb	Benzin	92	125	Oct 2012	Dec 2017	2026-05-01	59492
Ford	Fiesta vi van	1.5 Tdci	Kasten/Schrägheck	Frontantrieb	Diesel	55	75	Oct 2012	Apr 2017	2024-07-01	59493
Ford	Galaxy ii	2.0 Ecoboost	Großraumlimousine	Frontantrieb	Benzin	146	199	Jul 2010	Jun 2015	2024-03-01	59494
Ford	S-Max	2.0 Ecoboost	Großraumlimousine	Frontantrieb	Benzin	146	199	Jul 2010	Dec 2014	2024-03-01	59495
Dodge	Grand caravan	3.6	Großraumlimousine	Frontantrieb	Benzin	211	287	Sep 2010	-	2024-03-01	59500
RAM	2500	6.7 D 4WD	Pick-up	Allrad	Diesel	276	375	Sep 2012	-	2025-02-03	59532
Mercedes-benz	A-Klasse	A 160 CDI / D	Schrägheck	Frontantrieb	Diesel	66	90	Jun 2013	May 2018	2024-03-01	59558
Mercedes-benz	A-Klasse	A 250 4-matic	Schrägheck	Allrad	Benzin	155	211	Jun 2013	May 2018	2024-03-01	59559
Audi	A4 b8	2.0 Tfsi	Stufenheck	Frontantrieb	Benzin	162	220	May 2013	Dec 2015	2024-03-01	59560
Audi	A4 b8	2.0 TDI	Stufenheck	Frontantrieb	Diesel	110	150	May 2013	Dec 2015	2024-03-01	59562
Audi	A4 b8	2.0 TDI Quattro	Stufenheck	Allrad	Diesel	110	150	May 2013	Dec 2015	2024-03-01	59563
Audi	A4 b8	2.0 TDI	Stufenheck	Frontantrieb	Diesel	140	190	Sep 2013	Dec 2015	2024-03-01	59564
Audi	A4 b8	2.0 TDI Quattro	Stufenheck	Allrad	Diesel	140	190	Sep 2013	Dec 2015	2024-03-01	59565
Audi	A4 b8 avant	2.0 TDI	Kombi	Frontantrieb	Diesel	110	150	May 2013	Dec 2015	2024-03-01	59566
Audi	A4 b8 avant	2.0 TDI Quattro	Kombi	Allrad	Diesel	110	150	May 2013	Dec 2015	2024-03-01	59567
Audi	A4 b8 avant	2.0 TDI	Kombi	Frontantrieb	Diesel	140	190	Sep 2013	Dec 2015	2024-03-01	59568
Audi	A4 b8 avant	2.0 TDI Quattro	Kombi	Allrad	Diesel	140	190	Sep 2013	Dec 2015	2024-03-01	59569
Audi	A4 allroad b8	2.0 Tfsi Quattro	Kombi	Allrad	Benzin	162	220	May 2013	May 2016	2024-03-01	59570
Audi	A4 allroad b8	2.0 Tfsi Quattro	Kombi	Allrad	Benzin	165	224	May 2013	May 2016	2024-03-01	59571
Audi	A4 allroad b8	2.0 TDI Quattro	Kombi	Allrad	Diesel	110	150	May 2013	May 2016	2024-03-01	59572
KTM	X-Bow	2.0 GT	Cabriolet	Heckantrieb	Benzin	210	286	May 2013	-	2024-03-01	59582
Toyota	Proace	1.6 D	Kasten	Frontantrieb	Diesel	66	90	Jun 2013	Mar 2016	2024-03-01	59583
Toyota	Proace	2.0 D	Kasten	Frontantrieb	Diesel	94	128	Jun 2013	Mar 2016	2024-03-01	59584
Porsche	Panamera	3.0 S E-hybrid	Schrägheck	Heckantrieb	Benzin/Elektro	279	380	Mar 2011	Jul 2013	2024-03-01	59585
Toyota	Proace	2.0 D	Kasten	Frontantrieb	Diesel	120	163	Jun 2013	Mar 2016	2024-03-01	59586
Porsche	Panamera	3.0 S E-hybrid	Schrägheck	Heckantrieb	Benzin/Elektro	306	416	Jul 2013	Oct 2016	2024-03-01	59587
Mitsubishi	Asx	2.2 Di-d 4WD	SUV	Allrad	Diesel	110	150	Apr 2013	-	2024-03-01	59588
Porsche	Panamera	3.0 S	Schrägheck	Heckantrieb	Benzin	309	420	Jul 2013	Oct 2016	2024-03-01	59589
Porsche	Panamera	3.0 4S	Schrägheck	Allrad	Benzin	309	420	Jul 2013	Oct 2016	2024-03-01	59590
Porsche	Panamera	3.6	Schrägheck	Heckantrieb	Benzin	228	310	Jul 2013	Oct 2016	2024-03-01	59591
Porsche	Panamera	3.6 4	Schrägheck	Allrad	Benzin	228	310	Jul 2013	Oct 2016	2024-03-01	59592
Porsche	Panamera	4.8 Turbo	Schrägheck	Allrad	Benzin	382	520	Jul 2013	Oct 2016	2024-03-01	59593
Porsche	Panamera	4.8 GTS	Schrägheck	Allrad	Benzin	324	440	Jul 2013	Oct 2016	2024-03-01	59594
Toyota	Auris	1.4 D-4d	Kasten/Schrägheck	Frontantrieb	Diesel	66	90	Mar 2013	Dec 2018	2024-03-01	59595
Seat	Leon	1.2 TSI	Coupe	Frontantrieb	Benzin	63	86	Jan 2013	Aug 2018	2024-03-01	59596
Seat	Leon	1.2 TSI	Coupe	Frontantrieb	Benzin	77	105	Feb 2013	Apr 2014	2024-03-01	59597
Seat	Leon	1.4 TSI	Coupe	Frontantrieb	Benzin	90	122	Feb 2013	Jun 2015	2024-03-01	59598
Seat	Leon	1.4 TSI	Coupe	Frontantrieb	Benzin	103	140	Feb 2013	Nov 2016	2024-03-01	59599
Toyota	Auris	1.3 Dual-vvti	Kombi	Frontantrieb	Benzin	73	99	Jul 2013	Dec 2018	2025-02-03	59600
Seat	Leon	1.8 TSI	Coupe	Frontantrieb	Benzin	132	180	Feb 2013	Aug 2018	2024-03-01	59601
Toyota	Auris	1.6	Kombi	Frontantrieb	Benzin	97	132	Jul 2013	Dec 2018	2024-03-01	59602
Seat	Leon	1.6 TDI	Coupe	Frontantrieb	Diesel	66	90	Feb 2013	Aug 2018	2024-03-01	59603
Toyota	Auris	1.4 D-4d	Kombi	Frontantrieb	Diesel	66	90	Jul 2013	Dec 2018	2024-03-01	59604
Seat	Leon	1.6 TDI	Coupe	Frontantrieb	Diesel	77	105	Feb 2013	Aug 2018	2024-03-01	59605
Seat	Leon	1.6 TDI	Coupe	Frontantrieb	Diesel	81	110	Sep 2013	Nov 2016	2024-03-01	59606
Toyota	Auris	2.0 D-4d	Kombi	Frontantrieb	Diesel	91	124	Jul 2013	Apr 2015	2024-03-01	59607
Toyota	Auris	1.8 Hybrid	Kombi	Frontantrieb	Benzin/Elektro	100	136	Jul 2013	Dec 2018	2024-03-01	59608
Seat	Leon	2.0 TDI	Coupe	Frontantrieb	Diesel	105	143	May 2013	Aug 2018	2024-03-01	59609
Seat	Leon	2.0 TDI	Coupe	Frontantrieb	Diesel	110	150	Feb 2013	Aug 2018	2024-03-01	59610
Seat	Leon	2.0 TDI	Coupe	Frontantrieb	Diesel	135	184	Mar 2013	Aug 2018	2024-03-01	59611
Audi	A3	1.4 Tfsi	Stufenheck	Frontantrieb	Benzin	103	140	May 2013	Aug 2016	2024-03-01	59616
Audi	A3	1.8 Tfsi	Stufenheck	Frontantrieb	Benzin	132	180	May 2013	Aug 2016	2024-03-01	59617
Audi	A3	2.0 TDI	Stufenheck	Frontantrieb	Diesel	81	110	May 2013	Oct 2020	2024-03-01	59618
Audi	A3	2.0 TDI	Stufenheck	Frontantrieb	Diesel	110	150	May 2013	Oct 2020	2024-03-01	59619
Audi	A3	2.0 TDI	Schrägheck	Frontantrieb	Diesel	135	184	May 2013	Jul 2018	2024-03-01	59621
Audi	A3	2.0 TDI	Schrägheck	Frontantrieb	Diesel	100	136	May 2013	Aug 2016	2024-03-01	59624
Audi	A3	2.0 TDI	Stufenheck	Frontantrieb	Diesel	100	136	Sep 2013	Aug 2016	2024-03-01	59629
Audi	A3	2.0 TDI	Schrägheck	Frontantrieb	Diesel	100	136	May 2013	Aug 2016	2024-03-01	59630
Audi	A3	S3 Quattro	Schrägheck	Allrad	Benzin	206	280	May 2013	Aug 2016	2024-03-01	59631
Audi	A5	2.0 TDI	Cabriolet	Frontantrieb	Diesel	110	150	May 2013	Jan 2017	2024-03-01	59633
Audi	A5	2.0 Tfsi	Cabriolet	Frontantrieb	Benzin	165	224	May 2013	May 2016	2024-03-01	59634
Audi	A5	2.0 Tfsi Quattro	Cabriolet	Allrad	Benzin	165	224	May 2013	May 2016	2024-03-01	59635
Audi	A5	2.0 Tfsi	Schrägheck	Frontantrieb	Benzin	165	224	May 2013	May 2016	2024-03-01	59637
Audi	A5	2.0 Tfsi Quattro	Schrägheck	Allrad	Benzin	165	224	May 2013	May 2016	2024-03-01	59638
Audi	A5	2.0 TDI	Schrägheck	Frontantrieb	Diesel	110	150	May 2013	Jan 2017	2024-03-01	59642
Audi	A5	2.0 Tfsi	Coupe	Frontantrieb	Benzin	165	224	May 2013	May 2016	2024-03-01	59645
Audi	A5	2.0 Tfsi Quattro	Coupe	Allrad	Benzin	165	224	May 2013	May 2016	2024-03-01	59646
Audi	Q3	RS 2.5 Quattro	SUV	Allrad	Benzin	228	310	Oct 2013	Oct 2018	2024-03-01	59663
Skoda	Octavia	2.0 TDI RS	Schrägheck	Frontantrieb	Diesel	135	184	May 2013	Oct 2020	2024-03-01	59676
Skoda	Octavia	2.0 TSI RS	Schrägheck	Frontantrieb	Benzin	162	220	May 2013	Feb 2017	2024-03-01	59677
Skoda	Octavia	2.0 TDI RS	Kombi	Frontantrieb	Diesel	135	184	May 2013	Oct 2020	2024-03-01	59679
Skoda	Octavia	2.0 TSI RS	Kombi	Frontantrieb	Benzin	162	220	Nov 2012	Feb 2017	2024-03-01	59680
Audi	A7 sportback	RS7 Quattro	Schrägheck	Allrad	Benzin	412	560	Oct 2013	Apr 2018	2024-03-01	59683
Honda	Civic vii	1.5	Stufenheck	Frontantrieb	Benzin	82	112	Feb 2003	Sep 2005	2024-03-01	59695
Abarth	500c / 595c 695c	1.4	Cabriolet	Frontantrieb	Benzin	99	135	May 2008	-	2024-03-01	59698
Nissan	Cedric	3	Stufenheck	Heckantrieb	Benzin	190	258	Sep 1987	May 1991	2024-03-01	59711
Nissan	Cedric	3	Stufenheck	Heckantrieb	Benzin	166	226	Jun 1991	Oct 1995	2024-03-01	59712
Dacia	Logan	1.2	Kombi	Frontantrieb	Benzin	55	75	Feb 2013	-	2024-03-01	59714
Dacia	Logan	TCE 90	Kombi	Frontantrieb	Benzin	66	90	Feb 2013	-	2024-03-01	59716
Dacia	Logan	1.5 DCI	Kombi	Frontantrieb	Diesel	66	90	Feb 2013	-	2024-03-01	59719
Dacia	Logan	1.2 LPG	Kombi	Frontantrieb	Benzin/Autogas (LPG)	55	75	Feb 2013	-	2024-03-01	59720
KIA	Pro cee'd	1.6 GT	Schrägheck	Frontantrieb	Benzin	150	204	Jun 2013	Jul 2018	2024-03-01	59722
Peugeot	308 ii	1.6 THP	Schrägheck	Frontantrieb	Benzin	115	156	Sep 2013	Jun 2021	2024-03-01	59724
Peugeot	308 ii	1.6 THP 125	Schrägheck	Frontantrieb	Benzin	92	125	Sep 2013	Jun 2021	2024-03-01	59725
Peugeot	308 ii	1.2 VTI 72	Schrägheck	Frontantrieb	Benzin	60	82	Sep 2013	Jun 2021	2024-03-01	59726
Peugeot	308 ii	1.6 HDI	Schrägheck	Frontantrieb	Diesel	68	92	Sep 2013	Jun 2021	2024-03-01	59728
Peugeot	308 ii	1.6 HDI / Bluehdi 115	Schrägheck	Frontantrieb	Diesel	85	115	Sep 2013	Jun 2021	2024-03-01	59730
Ssangyong	Rodius ii	2.0 XDI 4WD	Großraumlimousine	Allrad	Diesel	114	155	Jul 2013	-	2024-03-01	59731
Ssangyong	Rodius ii	2.0 XDI	Großraumlimousine	Heckantrieb	Diesel	114	155	Jul 2013	-	2024-03-01	59732
BMW	5	550 I	Stufenheck	Heckantrieb	Benzin	330	449	Jul 2013	Oct 2016	2024-03-01	59756
BMW	5	550 I Xdrive	Stufenheck	Allrad	Benzin	330	449	Jul 2013	Oct 2016	2024-03-01	59757
Land Rover	Defender	2.4 TD4 4X4	Pritsche/Fahrgestell	Allrad	Diesel	90	122	May 2007	Feb 2016	2024-03-01	59758
Chrysler	Sebring	2.7 VVT	Stufenheck	Frontantrieb	Benzin	137	186	Jul 2007	Sep 2010	2024-03-01	59760
BMW	5	550 I	Kombi	Heckantrieb	Benzin	330	449	Jul 2013	Feb 2017	2024-03-01	59765
KIA	Sorento ii	2.2 Crdi 4WD	SUV	Allrad	Diesel	147	200	Nov 2009	Dec 2015	2024-03-01	59770
Peugeot	807	2.2 HDI	Großraumlimousine	Frontantrieb	Diesel	120	163	Jun 2006	-	2024-03-01	59776
BMW	5	520 D Xdrive	Kombi	Allrad	Diesel	135	184	Jul 2013	Jun 2014	2024-03-01	59780
BMW	5	520 D Xdrive	Stufenheck	Allrad	Diesel	135	184	Jul 2013	Jun 2014	2024-03-01	59782
Iveco	Daily iii	45 C 14	Kasten	Heckantrieb	Diesel	100	136	Jul 1999	Apr 2006	2024-03-01	59783
Iveco	Daily iv	70c15	Pritsche/Fahrgestell	Heckantrieb	Diesel	107	146	Jul 2008	Aug 2011	2024-03-01	59784
Volvo	V40 cross country	T5 AWD	Schrägheck	Allrad	Benzin	187	254	Oct 2012	Dec 2016	2024-03-01	59786
Alfa Romeo	Giulietta	1.8	Stufenheck	Heckantrieb	Benzin	88	120	Jun 1983	Jul 1985	2024-03-01	59788
Jaguar	Xk ii	4.2 XK	Cabriolet	Heckantrieb	Benzin	224	305	Feb 2008	Jul 2014	2024-03-01	59791
Jaguar	Xj	4	Stufenheck	Heckantrieb	Benzin	216	294	Oct 1997	Apr 2003	2024-03-01	59793
BMW	5	518 D	Kombi	Heckantrieb	Diesel	105	143	Jul 2013	Jun 2014	2024-03-01	59794
BMW	5	518 D	Stufenheck	Heckantrieb	Diesel	105	143	Jul 2013	Jun 2014	2024-03-01	59795
Maserati	Quattroporte vi	3.8 GT S	Stufenheck	Heckantrieb	Benzin	390	530	Jan 2013	-	2024-03-01	59796
BMW	3	318 D Xdrive	Stufenheck	Allrad	Diesel	105	143	Jul 2013	Jun 2015	2024-03-01	59797
BMW	3	318 D Xdrive	Kombi	Allrad	Diesel	105	143	Jul 2013	Jun 2015	2024-03-01	59799
BMW	3	320 I Xdrive	Schrägheck	Allrad	Benzin	135	184	Nov 2012	Jun 2016	2024-03-01	59800
BMW	3	328 I Xdrive	Schrägheck	Allrad	Benzin	180	245	Jul 2013	Jun 2016	2024-03-01	59801
BMW	3	335 I Xdrive	Schrägheck	Allrad	Benzin	225	306	Jul 2013	Jun 2016	2024-03-01	59802
BMW	3	320 D Xdrive	Schrägheck	Allrad	Diesel	135	184	Jul 2013	Jun 2015	2024-03-01	59803
BMW	3	325 D	Schrägheck	Heckantrieb	Diesel	160	218	Jul 2013	Jun 2016	2024-03-01	59804
BMW	4	428 I	Coupe	Heckantrieb	Benzin	180	245	Jul 2013	Feb 2017	2024-03-01	59805
BMW	4	428 I Xdrive	Coupe	Allrad	Benzin	180	245	Jul 2013	Feb 2016	2024-03-01	59806
BMW	4	435 I	Coupe	Heckantrieb	Benzin	225	306	Jul 2013	Feb 2016	2024-03-01	59807
BMW	4	435 I Xdrive	Coupe	Allrad	Benzin	225	306	Jul 2013	Feb 2016	2024-03-01	59808
BMW	4	420 D	Coupe	Heckantrieb	Diesel	135	184	Jul 2013	Feb 2015	2024-03-01	59809
Mitsubishi	Delica / space gear	2.4	Bus	Heckantrieb	Benzin	97	132	Sep 1994	May 2004	2024-03-01	59843
Dodge	Stratus	2.4 STX	Stufenheck	Frontantrieb	Benzin	112	152	Oct 2000	Oct 2006	2024-03-01	59850
Land Rover	110/127	2.5 4X4	Geländewagen geschlossen	Allrad	Benzin	61	83	Oct 1985	Jul 1990	2024-03-01	59864
Iveco	Daily iii	65 C 13	Pritsche/Fahrgestell	Heckantrieb	Diesel	103	140	Jul 1999	Apr 2006	2024-03-01	59871
Citroën	Ds5	1.6 THP 150	Schrägheck	Frontantrieb	Benzin	110	150	Nov 2011	Jul 2015	2024-03-01	59891
Fiat	Ducato	160 Multijet 3,0 D	Bus	Frontantrieb	Diesel	115	156	Oct 2006	May 2011	2025-06-01	59928
Fiat	Ducato	2.5 TD	Pritsche/Fahrgestell	Frontantrieb	Diesel	68	92	Sep 1986	May 1990	2024-03-01	59931
Chrysler	Voyager iv	2.4	Großraumlimousine	Frontantrieb	Benzin	111	151	Apr 2003	Dec 2007	2024-03-01	59940
Peugeot	405 ii	1.6	Stufenheck	Frontantrieb	Benzin	66	90	Aug 1992	May 1997	2024-03-01	59941
Renault	Megane ii	1.6 Bifuel	Schrägheck	Frontantrieb	Benzin/Autogas (LPG)	77	105	Jun 2005	Feb 2008	2024-03-01	59947
Chrysler	Grand voyager v	3.6	Großraumlimousine	Frontantrieb	Benzin	211	287	Feb 2011	-	2024-03-01	59948
Chrysler	Voyager / grand iii	3.8	Großraumlimousine	Frontantrieb	Benzin	131	178	Oct 1997	Sep 2000	2024-03-01	59949
Jaguar	Mk i	3.4	Stufenheck	Heckantrieb	Benzin	157	214	Sep 1955	Sep 1959	2024-03-01	59960
Jeep	Grand cherokee iii	6.1 Srt8 RWD	Geländewagen geschlossen	Heckantrieb	Benzin	313	426	Mar 2006	May 2010	2024-03-01	59985
Jeep	Grand cherokee iii	5.7	Geländewagen geschlossen	Heckantrieb	Benzin	240	326	Jun 2005	Dec 2008	2024-03-01	59986
Jeep	Grand cherokee iii	4.7 V8 4X4	Geländewagen geschlossen	Allrad	Benzin	167	227	Oct 2007	May 2010	2024-03-01	59987
Jeep	Grand cherokee iv	3.6 V6	SUV	Heckantrieb	Benzin	209	284	Nov 2010	-	2024-03-01	59988
Nissan	Maxima vi	3.5	Stufenheck	Frontantrieb	Benzin	190	258	Sep 2006	Dec 2008	2024-03-01	59989
Nissan	Rogue	2.5	SUV	Frontantrieb	Benzin	127	173	Jan 2007	Dec 2015	2025-11-01	59991
Chevrolet	Silverado 3500	8.1 4X4	Pick-up	Allrad	Benzin	253	344	Jan 2001	Aug 2006	2024-03-01	59994
Dacia	Duster	1.2 TCE 125	SUV	Frontantrieb	Benzin	92	125	Oct 2013	Jan 2018	2024-03-01	100001
Volvo	S60 i	2.4 Bifuel	Stufenheck	Frontantrieb	Benzin/Autogas (LPG)	103	140	Jul 2001	Apr 2010	2024-03-01	100014
Land Rover	Range rover iv	3.0 Scv6 4X4	SUV	Allrad	Benzin	250	340	Oct 2013	Sep 2021	2025-02-03	100015
Land Rover	Range rover iv	3.0 Tdv6 4X4	SUV	Allrad	Diesel	155	211	Oct 2013	Jan 2016	2025-02-03	100016
Land Rover	Range rover iv	3.0 Sdv6 Hybrid 4X4	SUV	Allrad	Diesel/Elektro	250	340	Oct 2013	Sep 2021	2025-02-03	100017
Seat	Toledo	1.4 16V	Großraumlimousine	Frontantrieb	Benzin	63	86	May 2006	May 2009	2024-03-01	100020
Lexus	Gs	300h	Stufenheck	Heckantrieb	Benzin/Elektro	164	223	Oct 2013	-	2024-03-01	100021
Ford	Focus iii	Electric	Schrägheck	Frontantrieb	Elektro	107	145	Jul 2013	Dec 2017	2024-03-01	100022
Seat	Toledo	1.6 TDI	Schrägheck	Frontantrieb	Diesel	66	90	Jun 2013	Jun 2015	2024-03-01	100023
Seat	Ibiza iv sc	1.2 TSI	Schrägheck	Frontantrieb	Benzin	63	86	Aug 2012	May 2015	2025-06-01	100024
Saab	9-3	1.8 I	Cabriolet	Frontantrieb	Benzin	90	122	Jan 2004	Feb 2015	2024-03-01	100034
Audi	Q3	1.4 TSI	SUV	Frontantrieb	Benzin	110	150	Oct 2013	Oct 2018	2024-03-01	100035
Audi	A5	2.0 TDI	Schrägheck	Frontantrieb	Diesel	140	190	Sep 2013	Jan 2017	2024-03-01	100036
Audi	A5	2.0 TDI Quattro	Schrägheck	Allrad	Diesel	140	190	Sep 2013	Jan 2017	2024-03-01	100037
Saab	9-3	1.9 TID	Cabriolet	Frontantrieb	Diesel	88	120	Sep 2004	Feb 2015	2024-03-01	100038
Audi	A3	1.6 TDI	Schrägheck	Frontantrieb	Diesel	81	110	Sep 2013	Dec 2017	2024-03-01	100039
Audi	A3	1.6 TDI	Schrägheck	Frontantrieb	Diesel	81	110	Sep 2013	Oct 2020	2024-03-01	100040
Audi	A3	1.4 Tfsi	Cabriolet	Frontantrieb	Benzin	103	140	Oct 2013	May 2014	2024-03-01	100042
Audi	A3	1.8 Tfsi	Cabriolet	Frontantrieb	Benzin	132	180	Oct 2013	Jul 2016	2024-03-01	100043
Audi	A3	2.0 TDI	Cabriolet	Frontantrieb	Diesel	110	150	Oct 2013	Oct 2020	2024-03-01	100044
Audi	A3	2.0 TDI Quattro	Stufenheck	Allrad	Diesel	110	150	Oct 2013	Oct 2020	2024-03-01	100046
Audi	A3	1.4 Tfsi G-tron	Schrägheck	Frontantrieb	Benzin/Erdgas (CNG)	81	110	Nov 2013	Oct 2020	2024-03-01	100050
Audi	A4 allroad b8	2.0 TDI Quattro	Kombi	Allrad	Diesel	140	190	Sep 2013	May 2016	2024-03-01	100052
Audi	A5	2.0 TDI	Cabriolet	Frontantrieb	Diesel	140	190	Sep 2013	Jan 2017	2024-03-01	100054
Audi	A5	2.0 TDI Quattro	Cabriolet	Allrad	Diesel	140	190	Sep 2013	Jan 2017	2024-03-01	100055
Audi	A5	2.0 TDI	Coupe	Frontantrieb	Diesel	140	190	Sep 2013	Jan 2017	2024-03-01	100056
Audi	A5	2.0 TDI Quattro	Coupe	Allrad	Diesel	140	190	Sep 2013	Jan 2017	2024-03-01	100057
Audi	A6 c7 avant	2.0 TDI	Kombi	Frontantrieb	Diesel	140	190	Nov 2013	Sep 2018	2024-03-01	100059
Audi	A6 c7	2.0 TDI	Stufenheck	Frontantrieb	Diesel	140	190	Nov 2013	Sep 2018	2024-03-01	100060
Audi	Q5	2.0 TDI Quattro	SUV	Allrad	Diesel	140	190	Nov 2013	May 2017	2024-03-01	100061
Audi	Q5	3.0 TDI Quattro	SUV	Allrad	Diesel	190	258	Nov 2013	May 2017	2024-03-01	100062
Audi	Q5	SQ5 Tfsi Quattro	SUV	Allrad	Benzin	260	354	May 2013	May 2017	2024-03-01	100066
VW	Crafter 30-35	2.0 TDI	Bus	Heckantrieb	Diesel	84	114	Nov 2013	Dec 2016	2024-03-01	100069
VW	Crafter 30-50	2.0 TDI	Kasten	Heckantrieb	Diesel	84	114	Nov 2013	Dec 2016	2024-03-01	100070
VW	Crafter 30-50	2.0 TDI	Pritsche/Fahrgestell	Heckantrieb	Diesel	84	114	Nov 2013	Dec 2016	2024-03-01	100071
VW	Golf vii variant	1.4 TSI Multifuel	Kombi	Frontantrieb	Benzin/Ethanol	90	122	Apr 2013	Mar 2017	2024-03-01	100072
VW	Golf vii	2.0 R 4motion	Schrägheck	Allrad	Benzin	206	280	Nov 2013	Mar 2017	2024-03-01	100074
VW	Golf vii	2.0 R 4motion	Schrägheck	Allrad	Benzin	221	300	Nov 2013	Aug 2020	2024-03-01	100075
VW	Phaeton	3.0 V6 TDI 4motion	Stufenheck	Allrad	Diesel	180	245	Nov 2013	Mar 2016	2024-03-01	100076
VW	Up!	E-up	Schrägheck	Frontantrieb	Elektro	60	82	Jul 2013	Aug 2019	2024-03-01	100080
Ford	Transit connect	1.6 Tdci	Großraumlimousine	Frontantrieb	Diesel	55	75	Sep 2013	-	2025-02-03	100088
Ford	Transit connect	1.6 Tdci	Großraumlimousine	Frontantrieb	Diesel	70	95	Sep 2013	-	2025-02-03	100089
Ford	Transit connect	1.6 Tdci	Großraumlimousine	Frontantrieb	Diesel	85	115	Sep 2013	-	2025-02-03	100090
Maserati	Quattroporte vi	3	Stufenheck	Heckantrieb	Benzin	243	330	Mar 2013	-	2024-03-01	100091
Seat	Ibiza iv	1.4 TSI	Schrägheck	Frontantrieb	Benzin	103	140	Oct 2013	May 2015	2024-03-01	100092
Seat	Ibiza iv sc	1.4 TSI	Schrägheck	Frontantrieb	Benzin	103	140	Oct 2013	May 2015	2025-06-01	100094
Seat	Ibiza iv st	1.4 TSI	Kombi	Frontantrieb	Benzin	103	140	Oct 2013	May 2015	2024-03-01	100095
Ferrari	458	4.5	Coupe	Heckantrieb	Benzin	441	600	Sep 2013	-	2024-03-01	100096
Mini	Mini	Cooper	Coupe	Frontantrieb	Benzin	88	120	Apr 2012	Sep 2016	2024-03-01	100127
Ssangyong	Rexton	2.7 XDI Allrad	SUV	Allrad	Diesel	121	165	Jul 2012	Jun 2017	2024-07-01	100148
Dodge	Journey	3.6 AWD	Großraumlimousine	Allrad	Benzin	206	280	May 2013	-	2024-03-01	100155
Mercedes-benz	Citan	112	Kasten/Großraumlimousine	Frontantrieb	Benzin	84	114	Jun 2013	Aug 2021	2024-03-01	100170
Mercedes-benz	Citan	111 CDI	Kasten/Großraumlimousine	Frontantrieb	Diesel	81	110	Jun 2013	Aug 2021	2024-03-01	100171
Mercedes-benz	Citan mixto	111 CDI	Kasten/Großraumlimousine	Frontantrieb	Diesel	81	110	Jun 2013	Aug 2021	2024-03-01	100172
Aixam	City	0.4	Schrägheck	Frontantrieb	Diesel	4	5	Jan 2012	Dec 2016	2024-03-01	100175
Mercedes-benz	Citan tourer	111 CDI	Großraumlimousine	Frontantrieb	Diesel	81	110	Jun 2013	Aug 2021	2024-03-01	100180
Aixam	Scouty	0.4	Cabriolet	Frontantrieb	Diesel	4	5	Apr 2007	-	2024-03-01	100181
Mercedes-benz	Citan tourer	112	Großraumlimousine	Frontantrieb	Benzin	84	114	Jun 2013	Aug 2021	2024-03-01	100182
Infiniti	Q60	3.7	Coupe	Heckantrieb	Benzin	235	320	Oct 2013	-	2024-03-01	100191
Infiniti	Q60	3.7	Cabriolet	Heckantrieb	Benzin	235	320	Oct 2013	-	2024-03-01	100192
Mitsubishi	Attrage vi	1.2	Stufenheck	Frontantrieb	Benzin	59	80	Jan 2015	-	2024-03-01	100230
Aston Martin	Vantage	6.0 V12s	Coupe	Heckantrieb	Benzin	421	573	Jan 2013	-	2024-03-01	100249
Mercedes-benz	Vario	812 DT	Triebkopf	Heckantrieb	Diesel	90	122	Sep 1996	Jun 2006	2024-03-01	100252
BMW	X5	Xdrive 35 I	SUV	Allrad	Benzin	225	306	Dec 2013	Jul 2018	2024-03-01	100268
BMW	X5	Sdrive 25 D	SUV	Heckantrieb	Diesel	160	218	Dec 2013	Jul 2015	2024-03-01	100269
BMW	X5	Xdrive 25 D	SUV	Allrad	Diesel	160	218	Dec 2013	Jul 2015	2024-03-01	100270
BMW	X5	Xdrive 40 D	SUV	Allrad	Diesel	230	313	Dec 2013	Jul 2018	2024-03-01	100271
Chevrolet	Corvette	6.2 ZR1	Cabriolet	Heckantrieb	Benzin	476	647	Sep 2008	Apr 2010	2024-03-01	100274
Volvo	Xc70 ii	D4 AWD	Kombi	Allrad	Diesel	133	181	Oct 2013	Apr 2016	2024-03-01	100283
Volvo	Xc60 i	D4 AWD	SUV	Allrad	Diesel	133	181	Oct 2013	Dec 2015	2024-03-01	100284
Volvo	V70 ii	2.4 Bifuel	Kombi	Frontantrieb	Benzin/Autogas (LPG)	103	140	Sep 2001	Aug 2007	2024-03-01	100286
Volvo	S80 i	2.4 Bifuel	Stufenheck	Frontantrieb	Benzin/Autogas (LPG)	103	140	Sep 2001	Jul 2006	2024-03-01	100288
Mercedes-benz	Vario	613 D, 614 D	Triebkopf	Heckantrieb	Diesel	95	129	Jan 2006	Dec 2013	2024-03-01	100304
Mercedes-benz	Vario	615 D, 616 D	Triebkopf	Heckantrieb	Diesel	115	156	Jan 2006	Dec 2013	2024-03-01	100305
Mercedes-benz	Vario	618 D	Triebkopf	Heckantrieb	Diesel	130	177	Sep 2006	Dec 2013	2024-03-01	100306
Mercedes-benz	Vario	O 813	Bus	Heckantrieb	Diesel	95	129	Jan 2006	Dec 2013	2024-03-01	100307
Mercedes-benz	Vario	O 816 D	Bus	Heckantrieb	Diesel	115	156	Jan 2006	Dec 2013	2024-03-01	100308
Mercedes-benz	Vario	O 818 D	Bus	Heckantrieb	Diesel	130	177	Sep 2006	-	2024-03-01	100309
Mercedes-benz	S-Klasse	S 500	Stufenheck	Heckantrieb	Benzin	320	435	Jul 2013	May 2017	2024-03-01	100330
Land Rover	Range rover sport ii	4.4 Sdv8 4X4	SUV	Allrad	Diesel	250	340	Oct 2013	Mar 2022	2025-02-03	100337
Land Rover	Range rover sport ii	3.0 Sdv6 Hybrid 4X4	SUV	Allrad	Diesel/Elektro	250	340	Oct 2013	Mar 2022	2025-02-03	100338
Fiat	500	0.9	Schrägheck	Frontantrieb	Benzin	77	105	Oct 2013	-	2024-03-01	100339
Fiat	500l	1.4	Schrägheck	Frontantrieb	Benzin	88	120	Oct 2013	-	2024-03-01	100340
BMW	5	528 I	Schrägheck	Heckantrieb	Benzin	180	245	Jul 2013	Feb 2017	2024-03-01	100353
Volvo	V60 i	D4	Kombi	Frontantrieb	Diesel	133	181	Oct 2013	Dec 2015	2024-03-01	100369
Volvo	V60 i	D4 AWD	Kombi	Allrad	Diesel	133	181	Oct 2013	Dec 2015	2024-03-01	100372
Rover	200	216	Coupe	Frontantrieb	Benzin	82	112	Jan 1996	Dec 1997	2024-03-01	100375
Volvo	V60 i	T5	Kombi	Frontantrieb	Benzin	180	245	Oct 2013	Dec 2018	2024-03-01	100376
Volvo	V60 i	T6	Kombi	Frontantrieb	Benzin	225	306	Oct 2013	Dec 2018	2024-03-01	100377
Volvo	V70 iii	D4	Kombi	Frontantrieb	Diesel	133	181	Oct 2013	Apr 2016	2024-03-01	100378
Volvo	V70 iii	D4 AWD	Kombi	Allrad	Diesel	133	181	Oct 2013	Apr 2016	2024-03-01	100379
Volvo	V70 iii	T5	Kombi	Frontantrieb	Benzin	180	245	Oct 2013	Apr 2016	2024-03-01	100380
Volvo	Xc60 i	D4	SUV	Frontantrieb	Diesel	133	181	Oct 2013	Dec 2015	2024-03-01	100381
Volvo	Xc60 i	T5	SUV	Frontantrieb	Benzin	180	245	Oct 2013	Feb 2017	2024-03-01	100383
Volvo	Xc60 i	T6	SUV	Frontantrieb	Benzin	225	306	Oct 2013	Feb 2017	2024-03-01	100384
Jeep	Cherokee	2.4 4X4	SUV	Allrad	Benzin	130	177	Nov 2013	-	2024-03-01	100390
Jeep	Cherokee	3.2 V6 4X4	SUV	Allrad	Benzin	200	272	Nov 2013	-	2024-03-01	100391
Volvo	Xc70 ii	D4	Kombi	Frontantrieb	Diesel	133	181	Oct 2013	Apr 2016	2024-03-01	100393
Volvo	Xc70 ii	T5	Kombi	Frontantrieb	Benzin	180	245	Oct 2013	Dec 2016	2024-03-01	100394
Volvo	V60 i	T5	Kombi	Frontantrieb	Benzin	157	214	Oct 2013	May 2018	2024-03-01	100402
Saab	9000	2.0 -16 Turbo	Stufenheck	Frontantrieb	Benzin	127	172	Mar 1990	Sep 1993	2024-03-01	100403
Porsche	918 spyder	4.6 Plug-in Hybrid	Cabriolet	Allrad	Benzin/Elektro	652	887	Nov 2013	-	2024-03-01	100404
Dacia	Dokker	1.6 LPG	Großraumlimousine	Frontantrieb	Benzin/Autogas (LPG)	61	83	Nov 2013	Dec 2015	2024-11-01	100408
Dacia	Lodgy	1.6 LPG	Großraumlimousine	Frontantrieb	Benzin/Autogas (LPG)	61	83	Nov 2013	-	2024-03-01	100409
KIA	Sportage iii	2.0 Cvvt AWD	SUV	Allrad	Benzin	122	166	Jul 2010	Dec 2015	2024-05-01	100410
Renault	Megane iii	2.0 TCE 220	Coupe	Frontantrieb	Benzin	162	220	Nov 2013	Aug 2015	2024-03-01	100411
Renault	Megane iii	2.0 TCE 220	Schrägheck	Frontantrieb	Benzin	162	220	Nov 2013	Jan 2016	2024-03-01	100412
Renault	Megane iii	1.5 DCI	Schrägheck	Frontantrieb	Diesel	70	95	Nov 2013	Aug 2015	2024-03-01	100413
Renault	Megane iii grandtour	1.5 DCI	Kombi	Frontantrieb	Diesel	70	95	Nov 2013	Aug 2015	2024-03-01	100414
VW	Polo	1.6	Stufenheck	Frontantrieb	Benzin	74	101	Nov 2002	Jul 2006	2024-03-01	100417
Renault	Megane i	2	Schrägheck	Frontantrieb	Benzin	85	115	May 1998	May 2001	2024-03-01	100432
Renault	Megane i classic	2	Stufenheck	Frontantrieb	Benzin	85	115	May 1998	May 2001	2024-03-01	100433
Mercedes-benz	Gla-Klasse	GLA 200	SUV	Frontantrieb	Benzin	115	156	Dec 2013	Dec 2019	2024-03-01	100449
Mercedes-benz	Gla-Klasse	GLA 200 CDI / D	SUV	Frontantrieb	Diesel	100	136	Dec 2013	Dec 2019	2024-03-01	100453
Mercedes-benz	Gla-Klasse	GLA 200 CDI 4-matic	SUV	Allrad	Diesel	100	136	Dec 2013	May 2019	2024-03-01	100466
Mercedes-benz	Gla-Klasse	GLA 220 CDI	SUV	Frontantrieb	Diesel	125	170	Dec 2013	May 2019	2024-03-01	100467
Mercedes-benz	Gla-Klasse	GLA 220 CDI / D	SUV	Frontantrieb	Diesel	120	163	Dec 2013	May 2019	2024-03-01	100472
Mercedes-benz	Gla-Klasse	GLA 220 CDI 4-matic	SUV	Allrad	Diesel	125	170	Dec 2013	Dec 2019	2024-03-01	100474
Mercedes-benz	Gla-Klasse	GLA 220 CDI / D 4-matic	SUV	Allrad	Diesel	120	163	Dec 2013	Dec 2019	2024-03-01	100476
Mercedes-benz	Gla-Klasse	GLA 250	SUV	Frontantrieb	Benzin	155	211	Dec 2013	Dec 2019	2024-03-01	100477
Mercedes-benz	Gla-Klasse	GLA 250 4-matic	SUV	Allrad	Benzin	155	211	Dec 2013	Dec 2019	2024-03-01	100478
Honda	Civic ix tourer	1.6 I-dtec	Kombi	Frontantrieb	Diesel	88	120	Jan 2014	Dec 2016	2024-03-01	100487
Honda	Civic ix tourer	1.8 I-vtec	Kombi	Frontantrieb	Benzin	104	141	Jan 2014	Dec 2016	2024-03-01	100489
Toyota	Rav 4 iv	2.0 D 4WD	SUV	Allrad	Diesel	91	124	Jan 2013	Nov 2018	2024-03-01	100490
Opel	Astra j	1.6 Cdti	Schrägheck	Frontantrieb	Diesel	100	136	Nov 2013	Oct 2015	2024-03-01	100491
Opel	Astra j	1.6 Cdti	Stufenheck	Frontantrieb	Diesel	100	136	Jan 2014	Jun 2018	2026-04-01	100492
Opel	Astra j caravan	1.6 Cdti	Kombi	Frontantrieb	Diesel	100	136	Nov 2013	Oct 2015	2024-03-01	100493
Opel	Cascada	1.6	Cabriolet	Frontantrieb	Benzin	147	200	Nov 2013	Apr 2018	2024-03-01	100494
Opel	Meriva b	1.6 Cdti	Großraumlimousine	Frontantrieb	Diesel	81	110	Mar 2014	Mar 2017	2024-03-01	100498
Rolls-royce	Ghost i	V-specification	Stufenheck	Heckantrieb	Benzin	442	601	Jan 2014	Jun 2014	2024-03-01	100502
Land Rover	Range rover iv	5.0 V8 4X4	SUV	Allrad	Benzin	276	375	Dec 2013	Jan 2016	2025-02-03	100503
Cadillac	Cts	2.0 Turbo	Stufenheck	Heckantrieb	Benzin	203	276	Sep 2013	-	2024-03-01	100504
Cadillac	Cts	2.0 Turbo AWD	Stufenheck	Allrad	Benzin	203	276	Jan 2014	-	2024-03-01	100505
Nissan	Qashqai ii	1.2 Dig-t	SUV	Frontantrieb	Benzin	85	116	Nov 2013	Aug 2018	2026-06-01	100506
Nissan	Qashqai ii	1.5 DCI	SUV	Frontantrieb	Diesel	81	110	Nov 2013	Aug 2018	2026-06-01	100507
Nissan	Qashqai ii	1.6 DCI	SUV	Frontantrieb	Diesel	96	130	Nov 2013	Aug 2018	2026-06-01	100508
Nissan	Qashqai ii	1.6 DCI ALL Mode 4x4-i	SUV	Allrad	Diesel	96	130	Nov 2013	Aug 2018	2026-06-01	100509
Citroën	Ds5	1.6 HDI	Schrägheck	Frontantrieb	Diesel	85	115	Nov 2013	Jul 2015	2024-03-01	100512
Dacia	Dokker	1.6 LPG	Kasten/Großraumlimousine	Frontantrieb	Benzin/Autogas (LPG)	61	83	Nov 2013	Dec 2015	2024-11-01	100514
Dacia	Duster	1.5 DCI 4X4	SUV	Allrad	Diesel	80	109	Aug 2013	Jan 2018	2024-03-01	100515
Volvo	S80 ii	D4	Stufenheck	Frontantrieb	Diesel	133	181	Sep 2013	Dec 2016	2024-03-01	100518
Volvo	S80 ii	T5	Stufenheck	Frontantrieb	Benzin	180	245	Sep 2013	May 2014	2024-03-01	100519
Volvo	S60 ii	T6	Stufenheck	Frontantrieb	Benzin	225	306	Sep 2013	Dec 2018	2024-03-01	100520
Volvo	S60 ii	T5	Stufenheck	Frontantrieb	Benzin	180	245	Sep 2013	Dec 2018	2024-03-01	100522
Volvo	S60 ii	D4	Stufenheck	Frontantrieb	Diesel	133	181	Sep 2013	Dec 2015	2024-03-01	100528
Mercedes-benz	Cla	CLA 200 CDI	Coupe	Frontantrieb	Diesel	100	136	Jun 2013	Aug 2014	2024-03-01	100541
Mercedes-benz	E-Klasse	E 200 NGT	Stufenheck	Heckantrieb	Benzin/Erdgas (CNG)	115	156	Jul 2013	Dec 2015	2024-03-01	100542
Mercedes-benz	E-Klasse	E 350 4-matic	Coupe	Allrad	Benzin	225	306	Feb 2013	Dec 2016	2024-03-01	100544
Mercedes-benz	B-Klasse sports tourer	B 220 CDI / D	Schrägheck	Frontantrieb	Diesel	120	163	Jun 2013	Dec 2018	2024-03-01	100550
Mercedes-benz	C-Klasse	C 200	Stufenheck	Heckantrieb	Benzin	135	184	Dec 2013	Aug 2018	2024-03-01	100551
Mercedes-benz	C-Klasse	C 220 Bluetec / D	Stufenheck	Heckantrieb	Diesel	125	170	Feb 2014	May 2018	2024-03-01	100560
Mini	Mini	Cooper D	Schrägheck	Frontantrieb	Diesel	85	116	Dec 2013	-	2024-03-01	100571
Mini	Mini	Cooper	Schrägheck	Frontantrieb	Benzin	100	136	Dec 2013	-	2024-03-01	100572
Mini	Mini	Cooper S	Schrägheck	Frontantrieb	Benzin	141	192	Dec 2013	-	2024-03-01	100573
Hyundai	I10 ii	1	Schrägheck	Frontantrieb	Benzin	49	67	Aug 2013	Dec 2019	2024-05-01	100581
Hyundai	I10 ii	1.2	Schrägheck	Frontantrieb	Benzin	64	87	Dec 2013	Dec 2019	2024-05-01	100584
Skoda	Octavia	1.6 TDI	Schrägheck	Frontantrieb	Diesel	81	110	May 2013	Feb 2017	2024-03-01	100629
Skoda	Octavia	1.6 TDI	Kombi	Frontantrieb	Diesel	81	110	May 2013	Feb 2017	2024-03-01	100630
Porsche	911	3.8 Turbo	Cabriolet	Allrad	Benzin	383	520	Dec 2013	May 2020	2024-03-01	100633
Porsche	911	3.8 Turbo S	Cabriolet	Allrad	Benzin	412	560	Dec 2013	May 2020	2024-03-01	100634
Porsche	Panamera	3.0 D	Schrägheck	Heckantrieb	Diesel	221	300	Jul 2013	Oct 2016	2024-03-01	100636
Porsche	Panamera	4.8 Turbo S	Schrägheck	Allrad	Benzin	419	570	Jul 2013	Oct 2016	2024-03-01	100637
Porsche	Macan	3.0 S	SUV	Allrad	Benzin	250	340	Feb 2014	Sep 2018	2024-03-01	100638
Porsche	Macan	3.6 Turbo	SUV	Allrad	Benzin	294	400	Feb 2014	Sep 2018	2024-03-01	100639
Porsche	Macan	3.0 S Diesel	SUV	Allrad	Diesel	190	258	Feb 2014	Sep 2018	2024-03-01	100640
Citroën	C5	1.6 THP 150	Stufenheck	Frontantrieb	Benzin	110	150	Jul 2010	Jul 2016	2024-07-01	100641
Citroën	Ds3	1.6 HDI 115	Schrägheck	Frontantrieb	Diesel	85	115	Oct 2013	Jul 2015	2024-03-01	100642
Citroën	Ds3	1.6 Bluehdi 120	Schrägheck	Frontantrieb	Diesel	88	120	Oct 2013	Jul 2015	2024-03-01	100643
Peugeot	308 sw ii	1.2 THP 130	Kombi	Frontantrieb	Benzin	96	131	Mar 2014	Jun 2021	2024-03-01	100644
Peugeot	308 sw ii	1.6 THP 155	Kombi	Frontantrieb	Benzin	115	156	Mar 2014	Jun 2021	2024-03-01	100645
Peugeot	308 sw ii	1.6 HDI 92	Kombi	Frontantrieb	Diesel	68	92	Mar 2014	Jun 2021	2024-03-01	100646
Peugeot	308 sw ii	1.6 HDI / Bluehdi 115	Kombi	Frontantrieb	Diesel	85	115	Mar 2014	Jun 2021	2024-03-01	100647
Peugeot	308 sw ii	2.0 Bluehdi 150	Kombi	Frontantrieb	Diesel	110	150	Mar 2014	Jun 2021	2024-03-01	100648
Ssangyong	Actyon	2.0 XDI	SUV	Frontantrieb	Diesel	110	150	Aug 2012	-	2025-12-01	100657
Ssangyong	Actyon	2.0 4X4	SUV	Allrad	Benzin	110	150	Aug 2012	-	2025-12-01	100659
Jaguar	F-Type	3.0 Scv6	Coupe	Heckantrieb	Benzin	250	340	Oct 2013	-	2024-03-01	100686
Jaguar	F-Type	3.0 Scv6 S	Coupe	Heckantrieb	Benzin	280	380	Oct 2013	-	2024-03-01	100687
Jaguar	F-Type	5.0 Scv8 R	Coupe	Heckantrieb	Benzin	405	551	Oct 2013	-	2024-03-01	100688
Bentley	Brooklands	6.7 R	Stufenheck	Heckantrieb	Benzin	224	305	Oct 1992	Sep 1997	2024-03-01	100706
Bentley	Turbo r	6.7 S	Stufenheck	Heckantrieb	Benzin	300	408	Jan 1994	Dec 1995	2024-03-01	100707
BMW	3	335 D Xdrive	Kombi	Allrad	Diesel	230	313	Nov 2013	Jun 2019	2024-03-01	100708
Rolls-royce	Park ward	5.4	Stufenheck	Heckantrieb	Benzin	240	326	Oct 2000	Dec 2002	2024-03-01	100709
Infiniti	Qx70	30D AWD	SUV	Allrad	Diesel	175	238	Aug 2013	-	2024-03-01	100721
Infiniti	Qx70	50 AWD	SUV	Allrad	Benzin	287	390	Aug 2013	-	2024-03-01	100722
Infiniti	Qx50 i	30D AWD	SUV	Allrad	Diesel	175	238	Aug 2013	-	2024-03-01	100723
Infiniti	Qx50 i	37 AWD	SUV	Allrad	Benzin	235	320	Aug 2013	-	2024-03-01	100724
Lamborghini	Murciélago	Lp670-4	Coupe	Allrad	Benzin	493	670	Jun 2009	Apr 2011	2024-03-01	100726
Lamborghini	Murciélago	6.5 LP 640	Cabriolet	Allrad	Benzin	471	641	Jun 2007	Apr 2011	2024-03-01	100727
Lamborghini	Diablo	VT 5.7 Allrad	Cabriolet	Allrad	Benzin	361	492	Dec 1995	Dec 1998	2024-03-01	100728
Lamborghini	Countach	5.2	Coupe	Heckantrieb	Benzin	335	456	Sep 1988	Jul 1990	2024-03-01	100729
Lamborghini	Diablo	6.0 VT	Coupe	Allrad	Benzin	404	549	Jan 2000	Jun 2002	2024-03-01	100730
Lamborghini	Gallardo	5.0 Superleggera	Coupe	Allrad	Benzin	390	530	Mar 2007	Dec 2009	2024-03-01	100731
Opel	Meriva b	1.6 Cdti	Großraumlimousine	Frontantrieb	Diesel	100	136	Aug 2013	Jan 2017	2024-03-01	100738
Opel	Mokka	1.4 LPG	SUV	Frontantrieb	Benzin/Autogas (LPG)	103	140	Apr 2013	Dec 2019	2025-06-01	100739
Chevrolet	Trax	1.4 LPG	SUV	Frontantrieb	Benzin/Autogas (LPG)	103	140	Apr 2013	-	2024-03-01	100745
Mercedes-benz	C-Klasse	C 180	Stufenheck	Heckantrieb	Benzin	115	156	Mar 2014	Mar 2021	2024-03-01	100750
Mercedes-benz	C-Klasse	C 220 Bluetec / D	Stufenheck	Heckantrieb	Diesel	120	163	Mar 2014	May 2016	2024-03-01	100751
Mercedes-benz	S-Klasse	S 300 Bluetec Hybrid / H	Stufenheck	Heckantrieb	Diesel/Elektro	170	231	Feb 2014	May 2017	2024-03-01	100753
Mercedes-benz	S-Klasse	S 350 Bluetec / D 4-matic	Stufenheck	Allrad	Diesel	190	258	Feb 2014	May 2017	2024-03-01	100754
Mercedes-benz	S-Klasse	S 600	Stufenheck	Heckantrieb	Benzin	390	530	Feb 2014	Jul 2020	2024-03-01	100755
Mercedes-benz	S-Klasse	S 65 AMG	Stufenheck	Heckantrieb	Benzin	463	630	Feb 2014	Nov 2019	2024-03-01	100756
Mercedes-benz	S-Klasse	S 350 Bluetec 4-matic	Stufenheck	Allrad	Diesel	185	252	Feb 2014	May 2017	2024-03-01	100762
Alfa Romeo	Giulietta	2.0 Jtdm	Schrägheck	Frontantrieb	Diesel	129	175	Nov 2013	Oct 2018	2024-03-01	100763
Alfa Romeo	Mito	1.4 TB	Schrägheck	Frontantrieb	Benzin	103	140	Dec 2013	Oct 2018	2024-03-01	100764
Toyota	Verso	1.6 D4-d	Großraumlimousine	Frontantrieb	Diesel	82	112	Nov 2013	Aug 2018	2024-03-01	100766
Fiat	Doblo	1.3 D Multijet	Pritsche/Fahrgestell	Frontantrieb	Diesel	55	75	Nov 2013	Dec 2023	2025-02-03	100767
Fiat	Doblo cargo	1.3 D Multijet	Kasten/Großraumlimousine	Frontantrieb	Diesel	55	75	Nov 2013	Dec 2023	2025-02-03	100768
Lancia	Ypsilon	0.9 Twinair	Schrägheck	Frontantrieb	Benzin	59	80	Dec 2013	Dec 2018	2024-03-01	100769
Fiat	Punto	0.9	Schrägheck	Frontantrieb	Benzin	74	101	Dec 2013	-	2024-03-01	100770
Audi	A1	S1 Quattro	Schrägheck	Allrad	Benzin	170	231	Mar 2014	Oct 2018	2024-03-01	100771
Audi	A1	S1 Quattro	Schrägheck	Allrad	Benzin	170	231	Mar 2014	Oct 2018	2024-03-01	100772
Audi	Q5	3.0 TDI Quattro	SUV	Allrad	Diesel	184	250	Jun 2012	May 2017	2024-03-01	100773
Audi	A3	1.6 TDI	Cabriolet	Frontantrieb	Diesel	81	110	Feb 2014	Oct 2020	2024-03-01	100774
Audi	A3	1.8 Tfsi Quattro	Cabriolet	Allrad	Benzin	132	180	Mar 2014	Jul 2016	2024-03-01	100775
Audi	A3	2.0 TDI Quattro	Cabriolet	Allrad	Diesel	110	150	Mar 2014	Oct 2020	2024-03-01	100776
Audi	A3	1.4 Tfsi	Cabriolet	Frontantrieb	Benzin	92	125	Feb 2014	Jul 2016	2024-03-01	100777
Fiat	Panda	0.9	Schrägheck	Frontantrieb	Benzin	44	60	Dec 2013	-	2024-03-01	100778
Fiat	Panda	0.9	Schrägheck	Frontantrieb	Benzin	59	80	Dec 2013	-	2024-03-01	100779
Fiat	Punto	1.3 D Multijet	Schrägheck	Frontantrieb	Diesel	59	80	Dec 2013	-	2024-03-01	100780
Fiat	500	0.9	Schrägheck	Frontantrieb	Benzin	44	60	Dec 2013	-	2024-03-01	100781
Fiat	500	0.9	Schrägheck	Frontantrieb	Benzin	59	80	Dec 2013	-	2024-03-01	100782
Alfa Romeo	Mito	1.3 Multijet	Schrägheck	Frontantrieb	Diesel	59	80	Dec 2013	Dec 2015	2024-03-01	100783
Alfa Romeo	Mito	0.9 Twinair	Schrägheck	Frontantrieb	Benzin	74	101	Dec 2013	Aug 2018	2024-03-01	100784
Streetscooter	Compact	Elektro	Schrägheck	Frontantrieb	Elektro	30	41	Aug 2013	-	2024-03-01	100785
Streetscooter	Work	Elektro	Kasten	Frontantrieb	Elektro	30	41	Jan 2015	Jul 2022	2024-03-01	100786
Seat	Leon	2.0 Cupra	Schrägheck	Frontantrieb	Benzin	206	280	Oct 2013	Aug 2020	2024-03-01	100787
Seat	Leon	2.0 Cupra	Schrägheck	Frontantrieb	Benzin	195	265	Oct 2013	Aug 2020	2024-03-01	100788
Seat	Leon	1.4 TGI	Schrägheck	Frontantrieb	Benzin/Erdgas (CNG)	81	110	Feb 2013	Aug 2018	2024-03-01	100789
Seat	Leon	2.0 Cupra	Coupe	Frontantrieb	Benzin	195	265	Oct 2013	Nov 2016	2024-03-01	100790
Seat	Leon	2.0 Cupra	Coupe	Frontantrieb	Benzin	206	280	Oct 2013	Nov 2016	2024-03-01	100791
Hyundai	I10 ii	1.0 LPG	Schrägheck	Frontantrieb	Benzin/Autogas (LPG)	49	67	Feb 2014	Dec 2019	2024-05-01	100792
Seat	Leon	1.6 TDI	Kombi	Frontantrieb	Diesel	81	110	Sep 2013	Aug 2020	2024-03-01	100793
Seat	Leon	1.4 TGI	Kombi	Frontantrieb	Benzin/Erdgas (CNG)	81	110	Oct 2013	Aug 2018	2024-03-01	100794
VW	Polo	1	Schrägheck	Frontantrieb	Benzin	44	60	Jan 2014	Oct 2017	2024-03-01	100795
VW	Polo	1	Schrägheck	Frontantrieb	Benzin	55	75	Jan 2014	Oct 2017	2024-03-01	100796
VW	Polo	1.2 TSI	Schrägheck	Frontantrieb	Benzin	81	110	Jan 2014	Oct 2017	2024-03-01	100797
VW	Golf sportsvan vii	1.6 TDI	Schrägheck	Frontantrieb	Diesel	81	110	Feb 2014	Nov 2016	2024-03-01	100798
VW	Golf sportsvan vii	2.0 TDI	Schrägheck	Frontantrieb	Diesel	110	150	Feb 2014	Aug 2020	2024-03-01	100799
VW	Golf sportsvan vii	1.4 TSI	Schrägheck	Frontantrieb	Benzin	110	150	Feb 2014	Jul 2018	2024-03-01	100800
Hyundai	Ix35	2.0 GDI 4WD	SUV	Allrad	Benzin	122	166	Aug 2013	Dec 2015	2024-03-01	100805
Hyundai	Ix35	2.0 GDI	SUV	Frontantrieb	Benzin	122	166	Aug 2013	Dec 2015	2024-03-01	100807
Fiat	500	0.9	Cabriolet	Frontantrieb	Benzin	77	105	Dec 2013	-	2024-03-01	100810
Mercedes-benz	A-Klasse	A 200 CDI / D	Schrägheck	Frontantrieb	Diesel	100	136	Feb 2014	May 2018	2024-03-01	100816
BMW	4	430 D Xdrive	Coupe	Allrad	Diesel	190	258	Mar 2014	Jun 2020	2024-03-01	100817
BMW	3	330 D Xdrive	Schrägheck	Allrad	Diesel	190	258	Mar 2014	-	2024-03-01	100818
BMW	3	M3	Stufenheck	Heckantrieb	Benzin	317	431	Mar 2014	Oct 2018	2024-03-01	100819
BMW	4	425 D	Coupe	Heckantrieb	Diesel	160	218	Mar 2014	Feb 2016	2024-03-01	100820
BMW	4	M4	Coupe	Heckantrieb	Benzin	317	431	Mar 2014	Jun 2020	2024-03-01	100821
Mercedes-benz	A-Klasse	A 200 CDI / D 4-matic	Schrägheck	Allrad	Diesel	100	136	Feb 2014	May 2018	2024-03-01	100822
BMW	2	218 D	Coupe	Heckantrieb	Diesel	105	143	Mar 2014	Jun 2015	2024-03-01	100823
BMW	2	225 D	Coupe	Heckantrieb	Diesel	160	218	Jan 2014	Jun 2017	2024-03-01	100824
Mercedes-benz	A-Klasse	A 220 CDI 4-matic	Schrägheck	Allrad	Diesel	125	170	Feb 2014	May 2018	2024-03-01	100825
Mercedes-benz	V-Klasse	V 200 CDI / D	Bus	Heckantrieb	Diesel	100	136	Mar 2014	-	2024-03-01	100826
BMW	3	330 D	Schrägheck	Heckantrieb	Diesel	190	258	Mar 2014	-	2024-03-01	100827
BMW	3	335 D Xdrive	Schrägheck	Allrad	Diesel	230	313	Mar 2014	-	2024-03-01	100828
Mercedes-benz	V-Klasse	V 220 CDI / D	Bus	Heckantrieb	Diesel	120	163	Mar 2014	-	2024-03-01	100829
Mercedes-benz	Gla-Klasse	GLA 45 AMG 4-matic	SUV	Allrad	Benzin	265	360	Mar 2014	Jun 2019	2024-03-01	100830
Mercedes-benz	V-Klasse	V 250 Bluetec / D	Bus	Heckantrieb	Diesel	140	190	Mar 2014	-	2024-03-01	100831
Peugeot	308 ii	1.2 THP 110	Schrägheck	Frontantrieb	Benzin	81	110	Nov 2013	Jun 2021	2024-03-01	100834
Peugeot	308 ii	1.2 THP 130	Schrägheck	Frontantrieb	Benzin	96	131	Nov 2013	Jun 2021	2024-03-01	100835
Peugeot	308 ii	1.6 Bluehdi 120	Schrägheck	Frontantrieb	Diesel	88	120	Nov 2013	Jun 2021	2024-03-01	100836
Peugeot	308 ii	2.0 Bluehdi 150	Schrägheck	Frontantrieb	Diesel	110	150	Nov 2013	Jun 2021	2024-03-01	100837
Chevrolet	Cruze	1.7 TD	Kombi	Frontantrieb	Diesel	81	110	Nov 2013	Dec 2015	2024-03-01	100838
BMW	3	320 D Xdrive	Stufenheck	Allrad	Diesel	147	200	Aug 2012	Jun 2015	2024-03-01	100839
Chevrolet	Cruze	1.7 TD	Stufenheck	Frontantrieb	Diesel	81	110	Nov 2013	-	2024-03-01	100840
Lamborghini	Gallardo	5.2	Cabriolet	Heckantrieb	Benzin	405	551	Sep 2011	-	2024-03-01	100841
BMW	4	418 D	Coupe	Heckantrieb	Diesel	105	143	Mar 2014	Jun 2015	2024-03-01	100842
BMW	4	435 I	Coupe	Heckantrieb	Benzin	225	306	Mar 2014	Feb 2016	2024-03-01	100843
BMW	4	428 I Xdrive	Cabriolet	Allrad	Benzin	180	245	Mar 2014	Feb 2016	2024-03-01	100844
Mercedes-benz	C-Klasse	C 250 Bluetec / D	Stufenheck	Heckantrieb	Diesel	150	204	Feb 2014	May 2018	2024-03-01	100845
BMW	3	320 D Xdrive	Schrägheck	Allrad	Diesel	147	200	Jul 2013	Jun 2015	2024-03-01	100846
BMW	3	320 D Xdrive	Kombi	Allrad	Diesel	147	200	Mar 2013	Jun 2015	2024-03-01	100847
BMW	3	320 D	Kombi	Heckantrieb	Diesel	147	200	Jul 2012	Feb 2016	2024-03-01	100848
BMW	4	420 D	Coupe	Heckantrieb	Diesel	135	184	Mar 2014	Feb 2015	2024-03-01	100849
BMW	4	420 D Xdrive	Coupe	Allrad	Diesel	135	184	Mar 2014	Feb 2015	2024-03-01	100850
BMW	4	420 I	Coupe	Heckantrieb	Benzin	135	184	Mar 2014	Feb 2017	2024-03-01	100851
BMW	4	428 I	Coupe	Heckantrieb	Benzin	180	245	Mar 2014	Jun 2016	2024-03-01	100852
BMW	4	428 I Xdrive	Coupe	Allrad	Benzin	180	245	Mar 2014	Feb 2016	2024-03-01	100853
Opel	Astra j	1.6 Cdti	Schrägheck	Frontantrieb	Diesel	81	110	Feb 2014	Oct 2015	2024-03-01	100854
Opel	Astra j caravan	1.6 Cdti	Kombi	Frontantrieb	Diesel	81	110	Feb 2014	Oct 2015	2024-03-01	100855
Opel	Meriva b	1.6 Cdti	Großraumlimousine	Frontantrieb	Diesel	70	95	Jan 2014	Jan 2017	2024-03-01	100856
Fiat	500l	1.4 LPG	Schrägheck	Frontantrieb	Benzin/Autogas (LPG)	88	120	Feb 2014	-	2024-03-01	100859
Suzuki	Sx4 s-Cross	1.6	Schrägheck	Frontantrieb	Benzin	86	117	Dec 2013	Jun 2022	2025-06-01	100878
Suzuki	Sx4 s-Cross	1.6 Allgrip	Schrägheck	Allrad	Benzin	86	117	Dec 2013	Jun 2022	2025-06-01	100880
Fiat	Punto	1.2	Schrägheck	Frontantrieb	Benzin	49	67	Feb 2014	-	2024-03-01	100883
BMW	3	320 D	Stufenheck	Heckantrieb	Diesel	147	200	Nov 2011	Mar 2016	2024-03-01	100885
BMW	1	118 D Xdrive	Schrägheck	Allrad	Diesel	105	143	Jul 2013	Feb 2015	2024-03-01	100886
BMW	1	120 D Xdrive	Schrägheck	Allrad	Diesel	147	200	Nov 2012	Feb 2015	2024-03-01	100887
BMW	1	120 D Xdrive	Schrägheck	Allrad	Diesel	147	200	Jan 2012	Feb 2015	2024-03-01	100888
BMW	1	125 I	Schrägheck	Heckantrieb	Benzin	175	238	Mar 2012	Nov 2017	2024-03-01	100889
BMW	2	220 D	Coupe	Heckantrieb	Diesel	147	200	Oct 2012	Nov 2014	2024-03-01	100890
BMW	1	120 D	Schrägheck	Heckantrieb	Diesel	147	200	Jul 2011	Feb 2015	2024-03-01	100891
BMW	1	125 I	Schrägheck	Heckantrieb	Benzin	175	238	Mar 2013	Jun 2019	2024-03-01	100892
BMW	1	120 D	Schrägheck	Heckantrieb	Diesel	147	200	Jan 2012	Feb 2015	2024-03-01	100893
Ford	Mondeo iv	1.6 Tdci	Stufenheck	Frontantrieb	Diesel	85	115	Dec 2010	Jan 2015	2024-03-01	100896
Lotus	Exige	1.8 S	Coupe	Heckantrieb	Benzin	179	243	Jan 2008	Apr 2011	2024-03-01	100897
Mini	Mini	ONE D	Schrägheck	Frontantrieb	Diesel	70	95	Mar 2014	-	2024-03-01	100898
Mini	Mini	ONE	Schrägheck	Frontantrieb	Benzin	75	102	Apr 2014	Oct 2017	2024-03-01	100899
Citroën	C4	2.0 VTR	Coupe	Frontantrieb	Benzin	103	140	Oct 2006	Dec 2007	2024-03-01	100901
BMW	X1	Sdrive 16 I	SUV	Heckantrieb	Benzin	105	143	Mar 2013	Jun 2015	2024-03-01	100902
Mercedes-benz	C-Klasse	C 250	Stufenheck	Heckantrieb	Benzin	155	211	Mar 2014	May 2018	2024-03-01	100903
Opel	Astra g	1.6	Kasten/Kombi	Frontantrieb	Benzin	76	103	Feb 2004	Nov 2004	2024-03-01	100905
BMW	5	M5 Competition	Stufenheck	Heckantrieb	Benzin	423	575	Feb 2013	Oct 2016	2024-03-01	100907
Subaru	Legacy v	2.5 I AWD	Stufenheck	Allrad	Benzin	127	173	Jul 2012	Dec 2014	2024-03-01	100908
BMW	6	M6 Competition	Coupe	Heckantrieb	Benzin	423	575	Jul 2013	Feb 2015	2024-03-01	100910
BMW	6	M6 Competition	Cabriolet	Heckantrieb	Benzin	423	575	Jul 2013	Feb 2015	2024-03-01	100911
BMW	6	M6 Competition	Coupe	Heckantrieb	Benzin	423	575	Jul 2013	Feb 2015	2024-03-01	100912
Mercedes-benz	A-Klasse	A 220 CDI	Schrägheck	Frontantrieb	Diesel	120	163	Jan 2014	May 2018	2024-03-01	100913
Mercedes-benz	C-Klasse	C 220 CDI	Coupe	Heckantrieb	Diesel	120	163	Jun 2011	-	2024-03-01	100914
Mercedes-benz	Glk-Klasse	200 CDI	SUV	Heckantrieb	Diesel	100	136	Dec 2013	Jun 2015	2024-03-01	100917
Subaru	Wrx	STI 2.5 AWD	Stufenheck	Allrad	Benzin	221	301	Jun 2014	-	2024-03-01	100922
Infiniti	Q70	3.7	Stufenheck	Heckantrieb	Benzin	235	320	Mar 2013	-	2024-03-01	100925
Infiniti	Q70	3	Stufenheck	Heckantrieb	Diesel	175	238	Mar 2013	-	2024-03-01	100926
Jaguar	Mk viii	3.4	Stufenheck	Heckantrieb	Benzin	140	190	May 1956	Oct 1958	2024-03-01	100929
Jaguar	Mk viii	3.4	Stufenheck	Heckantrieb	Benzin	156	212	May 1956	Oct 1958	2024-03-01	100930
Audi	A3	S3 Quattro	Cabriolet	Allrad	Benzin	221	300	Apr 2014	Oct 2020	2024-03-01	100931
Alpina	B3	Biturbo	Stufenheck	Heckantrieb	Benzin	301	409	Mar 2013	Feb 2017	2024-03-01	100932
Alpina	B3	Biturbo Allrad	Stufenheck	Allrad	Benzin	301	409	Mar 2013	Feb 2017	2024-03-01	100933
Alpina	B3	Biturbo	Kombi	Heckantrieb	Benzin	301	409	Mar 2013	Feb 2017	2024-03-01	100934
Alpina	B3	Biturbo Allrad	Kombi	Allrad	Benzin	301	409	Mar 2013	Feb 2017	2024-03-01	100935
Alpina	B4	3.0 B4 Biturbo	Coupe	Heckantrieb	Benzin	301	409	Mar 2014	Feb 2017	2024-03-01	100936
Alpina	B4	3.0 B4 Biturbo Allrad	Coupe	Allrad	Benzin	301	409	Mar 2014	Feb 2017	2024-03-01	100937
Alpina	B4	Biturbo	Cabriolet	Heckantrieb	Benzin	301	409	Mar 2014	Feb 2017	2024-03-01	100939
Alpina	B6	Biturbo Allrad	Coupe	Allrad	Benzin	397	540	Apr 2014	Dec 2014	2024-03-01	100940
BMW	X3	Sdrive 18 D	SUV	Heckantrieb	Diesel	110	150	Apr 2014	Aug 2017	2024-03-01	100941
BMW	X3	Xdrive 20 D	SUV	Allrad	Diesel	140	190	Apr 2014	Aug 2017	2024-03-01	100942
Alpina	Xd3	Biturbo Allrad	SUV	Allrad	Diesel	257	350	Apr 2013	Jun 2018	2024-03-01	100943
Alpina	D3	Biturbo	Stufenheck	Heckantrieb	Diesel	257	350	Jul 2013	Jul 2018	2024-03-01	100944
Alpina	D3	Biturbo	Kombi	Heckantrieb	Diesel	257	350	Jul 2013	Jul 2018	2024-03-01	100945
Alpina	D3	Biturbo Allrad	Kombi	Allrad	Diesel	257	350	Jul 2013	Jul 2018	2024-03-01	100946
Hyundai	Grand santa fé	3.3 Allrad	SUV	Allrad	Benzin	199	271	Feb 2014	Nov 2018	2024-03-01	100972
Land Rover	Range rover evoque	2.0 4X4	SUV	Allrad	Benzin	176	240	Sep 2011	Dec 2019	2024-03-01	100976
Seat	Leon	1.6 TDI 4drive	Kombi	Allrad	Diesel	77	105	Apr 2014	Aug 2020	2024-03-01	101002
Seat	Leon	1.2 TSI	Schrägheck	Frontantrieb	Benzin	81	110	Apr 2014	Aug 2020	2024-03-01	101004
VW	Polo	1	Schrägheck	Frontantrieb	Benzin	37	50	May 1999	May 2002	2025-06-01	101017
Jaguar	Xf sportbrake	5.0 Xfr-s	Kombi	Heckantrieb	Benzin	405	550	Feb 2013	Apr 2014	2024-03-01	101018
Volvo	S60 ii	2.0 T	Stufenheck	Frontantrieb	Benzin	132	180	May 2012	Dec 2015	2024-03-01	101020
VW	Passat b5.5 variant	2.8	Kombi	Frontantrieb	Benzin	140	190	Oct 2000	May 2005	2024-03-01	101034
Ferrari	458	4.5	Coupe	Heckantrieb	Benzin	445	605	Sep 2013	-	2024-03-01	101035
BMW	5	540 I	Stufenheck	Heckantrieb	Benzin	220	299	Sep 2005	Feb 2007	2024-03-01	101037
Audi	A3	1.8 Tfsi	Stufenheck	Frontantrieb	Benzin	125	170	Nov 2013	Oct 2020	2024-03-01	101038
VW	Golf vii	E-golf	Schrägheck	Frontantrieb	Elektro	85	115	Mar 2014	Feb 2017	2024-03-01	101041
BMW	X3	Sdrive 20 I	SUV	Heckantrieb	Benzin	135	184	Apr 2014	Aug 2017	2024-03-01	101045
BMW	X4	Xdrive 20 I	SUV	Allrad	Benzin	135	184	Apr 2014	Mar 2018	2024-03-01	101046
BMW	X4	Xdrive 28 I	SUV	Allrad	Benzin	180	245	Apr 2014	Mar 2018	2024-03-01	101047
BMW	X4	Xdrive 35 I	SUV	Allrad	Benzin	225	306	Apr 2014	Mar 2018	2024-03-01	101048
BMW	X4	Xdrive 20 D	SUV	Allrad	Diesel	140	190	Apr 2014	Mar 2018	2024-03-01	101049
BMW	X4	Xdrive 30 D	SUV	Allrad	Diesel	190	258	Apr 2014	Mar 2018	2024-03-01	101050
BMW	X4	Xdrive 35 D	SUV	Allrad	Diesel	230	313	Apr 2014	Mar 2018	2024-03-01	101051
Mercedes-benz	S-Klasse	S 500 4-matic	Coupe	Allrad	Benzin	335	455	Apr 2014	Oct 2017	2024-03-01	101052
Ford	Transit courier b460	1.6 Tdci	Großraumlimousine	Frontantrieb	Diesel	70	95	Feb 2014	Dec 2023	2024-05-01	101053
Ford	Transit courier b460	1.6 Tdci	Kasten/Großraumlimousine	Frontantrieb	Diesel	70	95	Feb 2014	Dec 2023	2024-05-01	101054
Ford	Transit courier b460	1.5 Tdci	Großraumlimousine	Frontantrieb	Diesel	55	75	Feb 2014	Dec 2023	2024-05-01	101055
Ford	Transit courier b460	1.5 Tdci	Kasten/Großraumlimousine	Frontantrieb	Diesel	55	75	Feb 2014	Dec 2023	2024-05-01	101056
Ford	Transit courier b460	1.0 Ecoboost	Großraumlimousine	Frontantrieb	Benzin	74	100	Feb 2014	Dec 2023	2024-05-01	101057
Ford	Transit courier b460	1.0 Ecoboost	Kasten/Großraumlimousine	Frontantrieb	Benzin	74	100	Feb 2014	Dec 2023	2024-05-01	101058
Mercedes-benz	S-Klasse	S 63 AMG 4-matic	Coupe	Allrad	Benzin	430	585	Apr 2014	Oct 2017	2024-03-01	101059
Mercedes-benz	Sl	63 AMG	Cabriolet	Heckantrieb	Benzin	430	585	Apr 2014	May 2019	2024-03-01	101064
Suzuki	Vitara	1.6	Geländewagen geschlossen	Allrad	Benzin	70	95	Feb 1991	Mar 1998	2024-03-01	101074
KIA	Sportage iii	2.0 GDI	SUV	Frontantrieb	Benzin	122	166	Feb 2014	Dec 2015	2024-05-01	101088
KIA	Sportage iii	2.0 GDI AWD	SUV	Allrad	Benzin	122	166	Feb 2014	Dec 2015	2024-05-01	101089
Ford	Tourneo courier b460	1.0 Ecoboost	Großraumlimousine	Frontantrieb	Benzin	74	100	Feb 2014	Dec 2023	2024-05-01	101091
Ford	Tourneo courier b460	1.5 Tdci	Großraumlimousine	Frontantrieb	Diesel	55	75	Feb 2014	Dec 2023	2024-05-01	101092
Citroën	C8	2.0 HDI	Großraumlimousine	Frontantrieb	Diesel	80	109	Jul 2002	-	2024-03-01	101093
Ford	Tourneo courier b460	1.6 Tdci	Großraumlimousine	Frontantrieb	Diesel	70	95	Feb 2014	Dec 2023	2024-05-01	101094
Jeep	Grand cherokee iv	3.6 VVT 4X4	SUV	Allrad	Benzin	213	290	Apr 2016	-	2024-03-01	101099
Ford	Transit v363	2.2 Tdci RWD	Bus	Heckantrieb	Diesel	92	125	Aug 2013	Dec 2018	2024-03-01	101100
Ford	Transit v363	2.2 Tdci RWD	Bus	Heckantrieb	Diesel	114	155	Aug 2013	Dec 2018	2024-03-01	101101
Ford	Transit v363	2.2 Tdci RWD	Kasten	Heckantrieb	Diesel	114	155	Aug 2013	Dec 2018	2024-03-01	101102
Ford	Transit v363	2.2 Tdci 4X4	Kasten	Allrad	Diesel	114	155	Aug 2015	Dec 2018	2024-03-01	101103
Ford	Transit v363	2.2 Tdci	Kasten	Frontantrieb	Diesel	114	155	Aug 2013	Dec 2018	2024-03-01	101104
Ford	Transit v363	2.2 Tdci RWD	Kasten	Heckantrieb	Diesel	92	125	Aug 2013	Dec 2018	2024-03-01	101106
Ford	Transit v363	2.2 Tdci	Kasten	Frontantrieb	Diesel	92	125	Aug 2013	Dec 2018	2024-03-01	101108
Ford	Transit v363	2.2 Tdci 4X4	Kasten	Allrad	Diesel	92	125	Aug 2013	Dec 2018	2024-03-01	101109
Ford	Transit v363	2.2 Tdci	Kasten	Frontantrieb	Diesel	74	100	Aug 2013	Dec 2018	2024-03-01	101110
Ford	Transit v363	2.2 Tdci RWD	Kasten	Heckantrieb	Diesel	74	100	Aug 2013	Dec 2018	2024-03-01	101111
Ford	Transit v363	2.2 Tdci	Pritsche/Fahrgestell	Frontantrieb	Diesel	74	100	Aug 2013	Dec 2018	2024-03-01	101112
Ford	Transit v363	2.2 Tdci RWD	Pritsche/Fahrgestell	Heckantrieb	Diesel	74	100	Aug 2013	Dec 2018	2024-03-01	101113
Ford	Transit v363	2.2 Tdci	Pritsche/Fahrgestell	Frontantrieb	Diesel	92	125	Aug 2013	Dec 2018	2024-03-01	101114
Ford	Transit v363	2.2 Tdci RWD	Pritsche/Fahrgestell	Heckantrieb	Diesel	92	125	Aug 2013	Dec 2018	2024-03-01	101115
Ford	Transit v363	2.2 Tdci 4X4	Pritsche/Fahrgestell	Allrad	Diesel	92	125	Aug 2013	Dec 2018	2024-03-01	101117
Ford	Transit v363	2.2 Tdci	Pritsche/Fahrgestell	Frontantrieb	Diesel	114	155	Aug 2013	Dec 2018	2024-03-01	101118
Ford	Transit v363	2.2 Tdci RWD	Pritsche/Fahrgestell	Heckantrieb	Diesel	114	155	Aug 2013	Dec 2018	2024-03-01	101119
Mitsubishi	Pajero ii	2.8 D	Geländewagen geschlossen	Allrad	Diesel	103	140	Nov 1993	Oct 1999	2024-03-01	101121
Ford	Transit v363	2.2 Tdci 4X4	Pritsche/Fahrgestell	Allrad	Diesel	114	155	Aug 2013	Dec 2018	2024-03-01	101122
KIA	Carens i	1.8 I 16V	Großraumlimousine	Frontantrieb	Benzin	81	110	Mar 2000	May 2002	2024-03-01	101135
Porsche	Boxster	GTS 3.4	Cabriolet	Heckantrieb	Benzin	243	330	Feb 2014	May 2016	2024-03-01	101141
Porsche	Cayman	GTS 3.4	Coupe	Heckantrieb	Benzin	250	340	Feb 2014	May 2016	2024-03-01	101142
VW	Polo	1.4 TDI	Schrägheck	Frontantrieb	Diesel	66	90	Feb 2014	Oct 2017	2024-03-01	101150
VW	Polo	1.4 TDI	Schrägheck	Frontantrieb	Diesel	55	75	Mar 2014	Oct 2017	2024-03-01	101154
VW	Golf sportsvan vii	1.2 TSI	Schrägheck	Frontantrieb	Benzin	81	110	Apr 2014	Nov 2017	2024-03-01	101156
VW	Golf sportsvan vii	1.4 TSI	Schrägheck	Frontantrieb	Benzin	92	125	Apr 2014	Aug 2020	2024-03-01	101157
Lexus	Rc	350	Coupe	Heckantrieb	Benzin	234	318	Sep 2014	Nov 2017	2024-03-01	101173
Lexus	Rc	300h	Coupe	Heckantrieb	Benzin/Elektro	164	223	Sep 2014	-	2024-03-01	101174
Mclaren	650s	3.8	Coupe	Heckantrieb	Benzin	478	650	Apr 2014	-	2024-03-01	101176
Mclaren	650s spider	3.8	Cabriolet	Heckantrieb	Benzin	478	650	Feb 2014	-	2024-03-01	101177
Bentley	Flying spur	4.0 Flex	Stufenheck	Allrad	Benzin/Ethanol	373	507	Mar 2013	-	2024-03-01	105576
Toyota	Aygo	1	Schrägheck	Frontantrieb	Benzin	51	69	May 2014	-	2024-03-01	105577
Mercedes-benz	Sl	400	Cabriolet	Heckantrieb	Benzin	245	333	Apr 2014	Mar 2016	2024-03-01	105578
Opel	Astra j	1.6 Cdti	Stufenheck	Frontantrieb	Diesel	81	110	Apr 2014	Jun 2018	2026-04-01	105581
KIA	Sorento ii	3.5	SUV	Frontantrieb	Benzin	204	278	May 2013	Dec 2015	2024-03-01	105602
Audi	A3	2.0 TDI	Stufenheck	Frontantrieb	Diesel	135	184	May 2014	Jul 2018	2024-03-01	105627
Audi	A3	2.0 TDI Quattro	Stufenheck	Allrad	Diesel	135	184	May 2014	Jul 2018	2024-03-01	105628
Chevrolet	Corvette	6.2	Coupe	Heckantrieb	Benzin	343	466	Apr 2014	Dec 2019	2024-03-01	105639
Chevrolet	Corvette	6.2	Cabriolet	Heckantrieb	Benzin	343	466	Apr 2014	Dec 2019	2024-03-01	105640
Opel	Insignia a sports tourer	2.0 Turbo	Kombi	Frontantrieb	Benzin	184	250	Apr 2014	Mar 2017	2024-03-01	105641
Opel	Insignia a	2.0 Turbo	Schrägheck	Frontantrieb	Benzin	184	250	Apr 2014	Mar 2017	2024-03-01	105642
Opel	Insignia a	2.0 Turbo	Stufenheck	Frontantrieb	Benzin	184	250	Apr 2014	Mar 2017	2024-03-01	105643
Porsche	911	3.4 Carrera 4	Targa	Allrad	Benzin	257	350	May 2014	Dec 2019	2024-03-01	105651
Porsche	911	3.8 Carrera 4S	Targa	Allrad	Benzin	294	400	May 2014	Dec 2019	2024-03-01	105652
Mini	Mini	Cooper	Kombi	Frontantrieb	Benzin	88	120	Aug 2010	Oct 2016	2024-03-01	105656
Ssangyong	Kyron	2.0 XDI 4X4	SUV	Allrad	Diesel	101	138	May 2005	Dec 2014	2024-03-01	105674
Infiniti	Q50	2.0 T	Stufenheck	Heckantrieb	Benzin	155	211	Apr 2014	-	2024-03-01	105688
VW	Polo	1.4 TSI	Schrägheck	Frontantrieb	Benzin	110	150	May 2014	Oct 2017	2024-03-01	105717
VW	Polo	1.4 TDI	Schrägheck	Frontantrieb	Diesel	77	105	May 2014	Oct 2017	2024-03-01	105727
VW	Golf sportsvan vii	1.2 TSI	Schrägheck	Frontantrieb	Benzin	63	86	May 2014	Nov 2017	2024-03-01	105738
VW	Golf sportsvan vii	1.6 TDI	Schrägheck	Frontantrieb	Diesel	66	90	Feb 2014	Jul 2018	2024-03-01	105739
VW	Golf sportsvan vii	2.0 TDI	Schrägheck	Frontantrieb	Diesel	81	110	May 2014	Nov 2017	2024-03-01	105740
VW	Golf sportsvan vii	1.6	Schrägheck	Frontantrieb	Benzin	81	110	May 2014	Nov 2016	2024-03-01	105741
VW	Golf sportsvan vii	1.4 TSI Multifuel	Schrägheck	Frontantrieb	Benzin/Ethanol	92	125	Apr 2014	Nov 2017	2024-03-01	105748
Skoda	Rapid	1.6	Schrägheck	Frontantrieb	Benzin	77	105	Jul 2012	Jun 2015	2024-03-01	105755
Porsche	911	3.8 Carrera 4S / 4 GTS	Targa	Allrad	Benzin	316	430	May 2014	Dec 2019	2024-03-01	105757
Lada	Kalina ii	1.6	Schrägheck	Frontantrieb	Benzin	64	87	Jun 2013	Sep 2018	2024-03-01	105758
Lada	Kalina ii	1.6	Schrägheck	Frontantrieb	Benzin	72	98	Jun 2013	Aug 2018	2024-03-01	105759
Lada	Kalina ii	1.6	Kombi	Frontantrieb	Benzin	64	87	Nov 2013	Sep 2018	2024-03-01	105760
Lada	Kalina ii	1.6	Kombi	Frontantrieb	Benzin	72	98	Nov 2013	Sep 2018	2024-03-01	105761
Mercedes-benz	M-Klasse	ML 300 4-matic	SUV	Allrad	Benzin	185	252	Aug 2012	Feb 2015	2024-03-01	105764
Lamborghini	Gallardo	5.2 AWD	Cabriolet	Allrad	Benzin	419	570	Mar 2010	Dec 2013	2024-03-01	105767
Rolls-royce	Silver spur	6.75	Stufenheck	Heckantrieb	Benzin	184	250	Oct 1989	Dec 1996	2024-03-01	105768
Porsche	Macan	3.0 S Diesel	SUV	Allrad	Diesel	155	211	Feb 2014	Sep 2018	2024-03-01	105798
Land Rover	Discovery ii	2.5 TD5 4X4	Geländewagen geschlossen	Allrad	Diesel	100	136	Nov 1998	Jun 2004	2024-03-01	105799
Land Rover	Range rover iv	4.4 Sdv8 4X4	SUV	Allrad	Diesel	230	313	Aug 2013	Sep 2021	2025-02-03	105800
Porsche	Macan	3.0 S Diesel	SUV	Allrad	Diesel	184	250	Feb 2014	Sep 2018	2024-03-01	105802
Jeep	Cherokee	2.0 CRD 4X4	SUV	Allrad	Diesel	125	170	Apr 2014	Aug 2018	2024-03-01	105875
Peugeot	308 sw ii	1.2 THP 110	Kombi	Frontantrieb	Benzin	81	110	Mar 2014	Jun 2021	2024-03-01	105876
Peugeot	308 sw ii	1.6 Bluehdi 120	Kombi	Frontantrieb	Diesel	88	120	Mar 2014	Jun 2021	2024-03-01	105877
Peugeot	308 ii	1.6 HDI 100	Schrägheck	Frontantrieb	Diesel	73	99	Apr 2014	Jun 2021	2024-03-01	105880
Peugeot	308 sw ii	1.6 Bluehdi 100	Kombi	Frontantrieb	Diesel	73	99	Apr 2014	Jun 2021	2024-03-01	105882
Peugeot	508 i	2.0 Bluehdi 150	Stufenheck	Frontantrieb	Diesel	110	150	Apr 2014	Dec 2018	2024-03-01	105884
Peugeot	508 sw i	2.0 Bluehdi 150	Kombi	Frontantrieb	Diesel	110	150	Apr 2014	Dec 2018	2024-03-01	105885
Peugeot	508 i	2.0 Bluehdi 180	Stufenheck	Frontantrieb	Diesel	133	180	Apr 2014	Dec 2018	2024-03-01	105886
Peugeot	508 sw i	2.0 Bluehdi 180	Kombi	Frontantrieb	Diesel	133	180	Apr 2014	Dec 2018	2024-03-01	105887
Jeep	Cherokee	2.0 CRD	SUV	Frontantrieb	Diesel	103	140	Apr 2014	Aug 2018	2024-03-01	105892
BMW	2	218 I	Großraumlimousine	Frontantrieb	Benzin	100	136	Jul 2014	Oct 2021	2024-03-01	105893
Jeep	Cherokee	2.0 CRD 4X4	SUV	Allrad	Diesel	103	140	Apr 2014	Aug 2018	2024-03-01	105894
BMW	2	225 I	Großraumlimousine	Frontantrieb	Benzin	170	231	Nov 2013	Dec 2019	2024-03-01	105897
BMW	4	M4	Cabriolet	Heckantrieb	Benzin	317	431	Jul 2014	Jul 2020	2024-03-01	105899
VW	Golf vii	1.2 TSI	Schrägheck	Frontantrieb	Benzin	81	110	Apr 2014	Mar 2017	2024-03-01	105901
BMW	2	M 235 I Xdrive	Coupe	Allrad	Benzin	240	326	Jul 2014	Jun 2016	2024-03-01	105902
BMW	2	228 I	Coupe	Heckantrieb	Benzin	180	245	Jul 2014	Jun 2016	2024-03-01	105903
Renault	Trafic iii	1.6 DCI 90	Kasten	Frontantrieb	Diesel	66	90	May 2014	-	2024-03-01	105904
Renault	Trafic iii	1.6 DCI 115	Kasten	Frontantrieb	Diesel	85	116	May 2014	-	2024-03-01	105905
Renault	Trafic iii	1.6 DCI 120	Kasten	Frontantrieb	Diesel	88	120	May 2014	-	2024-03-01	105906
Renault	Trafic iii	1.6 DCI 140	Kasten	Frontantrieb	Diesel	103	140	May 2014	-	2024-03-01	105907
Citroën	C1	1.0 VTI 68	Schrägheck	Frontantrieb	Benzin	51	69	Apr 2014	Apr 2018	2024-07-01	105909
Citroën	C1	1.2 VTI 82	Schrägheck	Frontantrieb	Benzin	60	82	Apr 2014	Apr 2018	2024-07-01	105910
VW	Golf vii	1.4 TSI	Schrägheck	Frontantrieb	Benzin	92	125	May 2014	Aug 2020	2024-03-01	105911
VW	Golf vii	1.4 TSI	Schrägheck	Frontantrieb	Benzin	110	150	May 2014	Mar 2021	2024-03-01	105912
BMW	4	420 I	Cabriolet	Heckantrieb	Benzin	135	184	Jul 2014	Feb 2016	2024-03-01	105913
Citroën	C4 cactus	1.2 VTI 82	Schrägheck	Frontantrieb	Benzin	60	82	Sep 2014	-	2024-03-01	105914
BMW	4	435 I Xdrive	Cabriolet	Allrad	Benzin	225	306	Jul 2014	Feb 2016	2024-03-01	105915
Citroën	C4 cactus	1.6 HDI 90	Schrägheck	Frontantrieb	Diesel	68	92	Sep 2014	-	2024-03-01	105916
VW	Golf vii variant	1.2 TSI	Kombi	Frontantrieb	Benzin	81	110	Apr 2014	Mar 2017	2024-03-01	105917
BMW	4	425 D	Cabriolet	Heckantrieb	Diesel	160	218	Jul 2014	Feb 2016	2024-03-01	105918
VW	Golf vii variant	1.4 TSI	Kombi	Frontantrieb	Benzin	92	125	May 2014	Aug 2020	2024-03-01	105919
BMW	4	430 D	Cabriolet	Heckantrieb	Diesel	190	258	Jul 2014	Jul 2020	2024-03-01	105920
BMW	4	435 D Xdrive	Cabriolet	Allrad	Diesel	230	313	Jul 2014	Jul 2020	2024-03-01	105921
BMW	4	420 I Xdrive	Coupe	Allrad	Benzin	135	184	Jul 2014	Feb 2016	2024-03-01	105922
BMW	4	435 I Xdrive	Coupe	Allrad	Benzin	225	306	Jul 2014	Feb 2016	2024-03-01	105923
BMW	4	430 D	Coupe	Heckantrieb	Diesel	190	258	Jul 2014	Dec 2020	2024-03-01	105924
BMW	4	430 D Xdrive	Coupe	Allrad	Diesel	190	258	Jul 2014	Dec 2020	2024-03-01	105925
BMW	4	435 D Xdrive	Coupe	Allrad	Diesel	230	313	Jul 2014	Dec 2020	2024-03-01	105926
Ford USA	Mustang convertible	5.8	Cabriolet	Heckantrieb	Benzin	493	670	Sep 2012	-	2024-03-01	105930
Fiat	500	Electric	Schrägheck	Frontantrieb	Elektro	83	113	Sep 2012	-	2024-03-01	105957
RAM	1500 standard cab pickup	5.7	Pick-up	Heckantrieb	Benzin	295	401	Sep 2012	Dec 2018	2024-05-01	105960
RAM	1500 standard cab pickup	5.7 4WD	Pick-up	Allrad	Benzin	295	401	Sep 2012	Dec 2018	2024-05-01	105961
Ferrari	5__ maranello	550	Coupe	Heckantrieb	Benzin	325	442	Sep 1998	Dec 2002	2024-03-01	105963
Ford	B-Max	1.4 LPG	Großraumlimousine	Frontantrieb	Benzin/Autogas (LPG)	66	90	Aug 2013	Dec 2017	2026-05-01	105988
BMW	7	740 I, LI Xdrive	Stufenheck	Allrad	Benzin	235	320	Jul 2012	Dec 2015	2024-03-01	106004
Ford	C-Max	1.6 LPG	Großraumlimousine	Frontantrieb	Benzin/Autogas (LPG)	86	117	Feb 2012	Jun 2019	2024-03-01	106025
Volvo	Xc90 i	3.2	SUV	Frontantrieb	Benzin	175	238	Sep 2011	Sep 2014	2024-03-01	106045
Land Rover	Range rover i	3.9 4X4	Geländewagen geschlossen	Allrad	Benzin	134	182	Nov 1988	Dec 1992	2024-03-01	106051
Bentley	Continental	6.0 Speed	Stufenheck	Allrad	Benzin	449	610	Sep 2008	Dec 2010	2024-03-01	106066
KIA	Soul ii	1.6 GDI	Schrägheck	Frontantrieb	Benzin	97	132	Feb 2014	Dec 2018	2024-03-01	106070
KIA	Soul ii	1.6 Crdi 128	Schrägheck	Frontantrieb	Diesel	94	126	Feb 2014	Dec 2018	2024-03-01	106071
Jeep	Grand cherokee iv	3.0 CRD V6 4X4	SUV	Allrad	Diesel	184	250	Jul 2013	-	2024-03-01	106092
Jeep	Cherokee	2.4	SUV	Frontantrieb	Benzin	130	177	Nov 2013	-	2024-03-01	106102
Chevrolet	Silverado 2500 hd extended cab pickup	6.6 D 4WD	Pick-up	Allrad	Diesel	296	403	Sep 2010	Dec 2013	2024-03-01	106125
Chevrolet	Silverado 2500 hd crew cab pickup	6.6 D 4WD	Pick-up	Allrad	Diesel	296	403	Sep 2010	Dec 2013	2024-03-01	106127
Chevrolet	Silverado 2500 crew cab pickup	5.3 4WD	Pick-up	Allrad	Benzin	235	320	Sep 2009	Dec 2013	2024-03-01	106150
Chevrolet	Silverado 2500 crew cab pickup	5.3	Pick-up	Heckantrieb	Benzin	235	320	Sep 2009	Dec 2013	2024-03-01	106151
Nissan	370z	3.7	Coupe	Heckantrieb	Benzin	248	337	Apr 2009	-	2024-03-01	106194
RAM	1500 standard cab pickup	5.7 4WD	Pick-up	Allrad	Benzin	291	396	Sep 2010	Dec 2012	2025-06-01	106202
RAM	1500 crew cab pickup	5.7 4WD	Pick-up	Allrad	Benzin	291	396	Sep 2010	Dec 2018	2024-05-01	106204
RAM	1500 extended cab pickup	5.7 4WD	Pick-up	Allrad	Benzin	291	396	Sep 2010	Dec 2012	2024-03-01	106206
Audi	A3	2.0 TDI	Cabriolet	Frontantrieb	Diesel	135	184	May 2014	Jul 2016	2025-06-01	106221
Audi	A3	2.0 TDI Quattro	Cabriolet	Allrad	Diesel	135	184	May 2014	Oct 2020	2024-03-01	106222
Audi	A3	1.8 Tfsi	Cabriolet	Frontantrieb	Benzin	125	170	May 2014	Oct 2020	2024-03-01	106223
Audi	A3	1.4 TSI	Cabriolet	Frontantrieb	Benzin	110	150	May 2014	Oct 2020	2024-03-01	106225
Seat	Leon	2.0 TDI 4drive	Kombi	Allrad	Diesel	110	150	Apr 2014	Aug 2020	2024-03-01	106226
VW	Golf vii	1.4 GTE Hybrid	Schrägheck	Frontantrieb	Benzin/Elektro	150	204	May 2014	Aug 2020	2024-03-01	106227
VW	Golf vii	2.0 GTI	Schrägheck	Frontantrieb	Benzin	155	210	Nov 2013	Jul 2017	2024-03-01	106229
VW	Golf vii variant	1.4 TSI	Kombi	Frontantrieb	Benzin	110	150	May 2014	Mar 2021	2024-03-01	106231
Lotus	2	1.8	Cabriolet	Heckantrieb	Benzin	188	256	Apr 2007	Jul 2011	2024-03-01	106234
Lotus	Elise	1.8	Cabriolet	Heckantrieb	Benzin	101	137	Nov 1998	Jan 2001	2024-03-01	106237
Ligier	Ambra	0.5	Schrägheck	Frontantrieb	Diesel	4	5	Aug 1999	Dec 2006	2024-03-01	106238
Ligier	Be up	0.5	Schrägheck	Frontantrieb	Diesel	4	5	Apr 2004	Dec 2006	2024-03-01	106239
Opel	Movano b	2.3 Cdti FWD	Bus	Frontantrieb	Diesel	81	110	May 2014	Jul 2019	2026-03-01	106243
Opel	Movano b	2.3 Cdti FWD	Bus	Frontantrieb	Diesel	100	136	May 2014	Dec 2021	2026-03-01	106244
Opel	Movano b	2.3 Cdti FWD	Bus	Frontantrieb	Diesel	120	163	May 2014	Dec 2021	2026-03-01	106245
Opel	Movano b	2.3 Cdti FWD	Kasten	Frontantrieb	Diesel	120	163	May 2014	Dec 2021	2026-03-01	106246
Opel	Movano b	2.3 Cdti RWD	Kasten	Heckantrieb	Diesel	120	163	May 2014	Dec 2021	2026-03-01	106247
Opel	Movano b	2.3 Cdti RWD	Kasten	Heckantrieb	Diesel	100	136	May 2014	Jul 2019	2026-03-01	106248
Opel	Movano b	2.3 Cdti FWD	Kasten	Frontantrieb	Diesel	100	136	May 2014	Dec 2021	2026-03-01	106249
Opel	Movano b	2.3 Cdti FWD	Kasten	Frontantrieb	Diesel	81	110	May 2014	Jul 2019	2026-03-01	106250
Opel	Movano b	2.3 Cdti FWD	Pritsche/Fahrgestell	Frontantrieb	Diesel	81	110	May 2014	Jul 2019	2026-03-01	106251
Opel	Movano b	2.3 Cdti FWD	Pritsche/Fahrgestell	Frontantrieb	Diesel	100	136	May 2014	Dec 2021	2026-03-01	106252
Opel	Movano b	2.3 Cdti RWD	Pritsche/Fahrgestell	Heckantrieb	Diesel	100	136	May 2014	Jul 2019	2026-03-01	106253
Opel	Movano b	2.3 Cdti RWD	Pritsche/Fahrgestell	Heckantrieb	Diesel	120	163	May 2014	Dec 2021	2026-03-01	106255
Opel	Movano b	2.3 Cdti FWD	Pritsche/Fahrgestell	Frontantrieb	Diesel	120	163	May 2014	Dec 2021	2026-03-01	106256
Opel	Vivaro b	1.6 Cdti	Bus	Frontantrieb	Diesel	85	116	Jun 2014	Dec 2016	2024-03-01	106260
Opel	Vivaro b	1.6 Cdti	Bus	Frontantrieb	Diesel	66	90	Jun 2014	Dec 2016	2024-03-01	106261
Opel	Vivaro b	1.6 Cdti	Bus	Frontantrieb	Diesel	88	120	Jun 2014	Dec 2019	2024-03-01	106262
Opel	Vivaro b	1.6 Cdti	Bus	Frontantrieb	Diesel	103	140	Jun 2014	Dec 2016	2024-03-01	106263
Opel	Vivaro b	1.6 Cdti	Kasten	Frontantrieb	Diesel	103	140	Jun 2014	Dec 2016	2024-03-01	106264
Opel	Vivaro b	1.6 Cdti	Kasten	Frontantrieb	Diesel	66	90	Jun 2014	Dec 2016	2024-03-01	106265
Opel	Vivaro b	1.6 Cdti	Kasten	Frontantrieb	Diesel	85	116	Jun 2014	Dec 2016	2024-03-01	106266
Opel	Vivaro b	1.6 Cdti	Kasten	Frontantrieb	Diesel	88	120	Jun 2014	Dec 2019	2024-03-01	106267
BMW	5	518 D	Kombi	Heckantrieb	Diesel	110	150	Jul 2014	Feb 2017	2024-03-01	106271
BMW	5	520 D	Kombi	Heckantrieb	Diesel	140	190	Jul 2014	Feb 2017	2024-03-01	106274
BMW	5	520 D Xdrive	Kombi	Allrad	Diesel	140	190	Jul 2014	Feb 2017	2024-03-01	106275
Nissan	Juke	1.2 Dig-t	SUV	Frontantrieb	Benzin	85	115	May 2014	Dec 2019	2024-03-01	106276
Bentley	Continental	6.0 GTC Speed AWD	Cabriolet	Allrad	Benzin	467	635	May 2014	Jul 2018	2024-03-01	106277
Volvo	V40	D4	Schrägheck	Frontantrieb	Diesel	140	190	May 2014	Aug 2019	2024-03-01	106279
Volvo	V40	T5	Schrägheck	Frontantrieb	Benzin	180	245	May 2014	Aug 2019	2024-03-01	106280
Mini	Mini	Cooper S	Kombi	Frontantrieb	Benzin	140	190	Jul 2014	Oct 2016	2024-03-01	106282
Mini	Mini	Cooper S All4	Kombi	Allrad	Benzin	140	190	Jul 2014	Oct 2016	2024-03-01	106283
Mini	Mini	Cooper S	Coupe	Frontantrieb	Benzin	140	190	Jul 2014	Sep 2016	2024-03-01	106284
Mini	Mini	Cooper S All4	Coupe	Allrad	Benzin	140	190	Mar 2012	Sep 2016	2024-03-01	106285
Mercedes-benz	A-Klasse	A 220 4-matic	Schrägheck	Allrad	Benzin	135	184	May 2014	May 2018	2024-03-01	106288
Mercedes-benz	C-Klasse	C 180 Bluetec / D	Stufenheck	Heckantrieb	Diesel	85	116	May 2014	May 2018	2024-03-01	106289
Mercedes-benz	C-Klasse	C 200 Bluetec / D	Stufenheck	Heckantrieb	Diesel	100	136	May 2014	May 2018	2024-03-01	106290
Mercedes-benz	C-Klasse	C 250 Bluetec / D 4-matic	Stufenheck	Allrad	Diesel	150	204	Feb 2014	May 2018	2024-03-01	106291
Mercedes-benz	C-Klasse	C 300 Bluetec Hybrid / H	Stufenheck	Heckantrieb	Diesel/Elektro	170	231	May 2014	May 2018	2024-03-01	106292
Mercedes-benz	Cls	CLS 220 Bluetec / D	Coupe	Heckantrieb	Diesel	120	163	May 2014	Dec 2017	2024-03-01	106293
Mercedes-benz	Cls	CLS 220 Bluetec / D	Coupe	Heckantrieb	Diesel	125	170	May 2014	Dec 2017	2024-03-01	106294
Mercedes-benz	Cls	CLS 220 Bluetec / D	Coupe	Heckantrieb	Diesel	130	177	May 2014	Dec 2017	2024-03-01	106295
Mercedes-benz	Cls	CLS 250 Bluetec / D 4-matic	Coupe	Allrad	Diesel	150	204	May 2014	Dec 2017	2024-03-01	106296
Mercedes-benz	Cls	CLS 350 Bluetec / D	Coupe	Heckantrieb	Diesel	190	258	Jun 2014	Dec 2017	2024-03-01	106297
Mercedes-benz	Cls	CLS 400	Coupe	Heckantrieb	Benzin	245	333	May 2014	Dec 2017	2024-03-01	106298
Mercedes-benz	Cls	CLS 400 4-matic	Coupe	Allrad	Benzin	245	333	May 2014	Dec 2017	2024-03-01	106299
Mercedes-benz	Cls	CLS 220 Bluetec / D	Kombi	Heckantrieb	Diesel	120	163	May 2014	Dec 2017	2024-03-01	106300
Mercedes-benz	Cls	CLS 220 Bluetec / D	Kombi	Heckantrieb	Diesel	125	170	May 2014	Dec 2017	2024-03-01	106301
Mercedes-benz	Cls	CLS 220 Bluetec / D	Kombi	Heckantrieb	Diesel	130	177	May 2014	Dec 2017	2024-03-01	106302
Mercedes-benz	Cls	CLS 250 Bluetec / D 4-matic	Kombi	Allrad	Diesel	150	204	May 2014	Dec 2017	2024-03-01	106303
Mercedes-benz	Cls	CLS 350 Bluetec / D	Kombi	Heckantrieb	Diesel	190	258	May 2014	Dec 2017	2024-03-01	106304
Mercedes-benz	Cls	CLS 350 Bluetec / D 4-matic	Kombi	Allrad	Diesel	185	252	May 2014	Dec 2017	2024-03-01	106305
Ferrari	California	3.9 T	Cabriolet	Heckantrieb	Benzin	412	560	Jun 2014	-	2024-03-01	106306
Mercedes-benz	Cls	CLS 400	Kombi	Heckantrieb	Benzin	245	333	May 2014	Dec 2017	2024-03-01	106307
Mercedes-benz	Cls	CLS 400 4-matic	Kombi	Allrad	Benzin	245	333	May 2014	Dec 2017	2024-03-01	106308
Mercedes-benz	E-Klasse	E 220 Bluetec	Stufenheck	Heckantrieb	Diesel	130	177	May 2014	Dec 2015	2024-03-01	106309
Mercedes-benz	E-Klasse	E 350 Bluetec	Stufenheck	Heckantrieb	Diesel	190	258	May 2014	Dec 2015	2024-03-01	106310
Mercedes-benz	E-Klasse	E 350 Bluetec 4-matic	Stufenheck	Allrad	Diesel	190	258	May 2014	Dec 2015	2024-03-01	106311
Mercedes-benz	E-Klasse	E 220 Bluetec	Cabriolet	Heckantrieb	Diesel	130	177	May 2014	Dec 2016	2024-03-01	106312
Mercedes-benz	E-Klasse	E 350 Bluetec/ D	Cabriolet	Heckantrieb	Diesel	190	258	May 2014	Dec 2016	2024-03-01	106313
Mercedes-benz	E-Klasse	E 220 Bluetec	Coupe	Heckantrieb	Diesel	130	177	May 2014	Dec 2016	2024-03-01	106314
Mercedes-benz	E-Klasse	E 350 Bluetec / D	Coupe	Heckantrieb	Diesel	190	258	May 2014	Dec 2016	2024-03-01	106315
Hyundai	Accent iv	1.4	Stufenheck	Frontantrieb	Benzin	74	101	Nov 2010	-	2024-03-01	106316
Volvo	S60 ii	3.0 T AWD	Stufenheck	Allrad	Benzin	258	351	Apr 2014	Dec 2018	2024-03-01	106317
Volvo	V60 i	3.0 T AWD	Kombi	Allrad	Benzin	258	351	Apr 2014	May 2018	2024-03-01	106318
RUF	Ctr	3.8	Coupe	Heckantrieb	Benzin	572	777	Jan 2013	-	2024-03-01	106319
RUF	Rt 12	3.8 R AWD	Coupe	Allrad	Benzin	552	750	Aug 2013	Dec 2014	2024-03-01	106320
RUF	Rt 12	3.8 AWD	Coupe	Allrad	Benzin	478	650	Sep 2004	Dec 2008	2024-03-01	106321
RUF	Rt 12	3.8 S	Coupe	Heckantrieb	Benzin	504	685	Jan 2009	Dec 2012	2024-03-01	106322
RUF	Rt 12	3.8 S AWD	Coupe	Allrad	Benzin	504	685	Jan 2009	Dec 2012	2024-03-01	106323
RUF	Rt 35	3.8	Coupe	Heckantrieb	Benzin	464	631	Jul 2012	-	2024-03-01	106325
Suzuki	Jimny	1.3 4WD	Geländewagen geschlossen	Allrad	Benzin	62	85	May 2014	-	2024-03-01	106326
RUF	Rt 35	3.8 S	Coupe	Heckantrieb	Benzin	478	650	Aug 2013	-	2024-03-01	106327
RUF	Rt 35	3.8 S AWD	Coupe	Allrad	Benzin	478	650	Aug 2013	-	2024-03-01	106328
RUF	Rt 35 roadster	3.8	Cabriolet	Heckantrieb	Benzin	464	630	Jul 2012	-	2024-03-01	106329
RUF	Rt 35 roadster	3.8 AWD	Cabriolet	Allrad	Benzin	464	630	Jul 2012	-	2024-03-01	106330
RUF	3800	3.8 S	Coupe	Heckantrieb	Benzin	309	420	Sep 2013	-	2024-03-01	106331
RUF	3800 roadster	3.8 S	Cabriolet	Heckantrieb	Benzin	309	420	Sep 2013	-	2024-03-01	106332
RUF	Ctr	3.8	Coupe	Heckantrieb	Benzin	552	750	Jan 2010	-	2024-03-01	106334
Peugeot	108	1.0 VTI	Schrägheck	Frontantrieb	Benzin	51	69	May 2014	-	2024-03-01	106338
Peugeot	108	1.2	Schrägheck	Frontantrieb	Benzin	60	82	May 2014	-	2024-03-01	106339
Peugeot	3008 i	1.6 Turbo	Großraumlimousine	Frontantrieb	Benzin	121	165	May 2014	Aug 2016	2024-11-01	106340
Ford	Fiesta vi	1.0 Sport	Schrägheck	Frontantrieb	Benzin	103	140	May 2014	Apr 2017	2024-03-01	106349
Mercedes-benz	S-Klasse	S 320	Stufenheck	Heckantrieb	Benzin	200	272	May 2014	Jul 2020	2024-03-01	106363
Audi	A3	1.2 Tfsi	Schrägheck	Frontantrieb	Benzin	81	110	May 2014	Aug 2016	2024-03-01	106366
Audi	A3	1.4 Tfsi	Schrägheck	Frontantrieb	Benzin	92	125	May 2014	Aug 2016	2024-03-01	106367
Audi	A3	1.4 TSI	Schrägheck	Frontantrieb	Benzin	110	150	May 2014	Dec 2017	2024-03-01	106369
Audi	A3	S3 Quattro	Schrägheck	Allrad	Benzin	210	286	May 2014	Aug 2016	2024-03-01	106371
Audi	A3	1.2 Tfsi	Stufenheck	Frontantrieb	Benzin	81	110	May 2014	Aug 2016	2024-03-01	106373
Audi	A3	1.4 TSI	Stufenheck	Frontantrieb	Benzin	110	150	May 2014	Oct 2020	2024-03-01	106374
Audi	A3	1.6 TDI	Stufenheck	Frontantrieb	Diesel	81	110	May 2014	Oct 2020	2024-03-01	106375
Audi	A3	S3 Quattro	Stufenheck	Allrad	Benzin	210	286	May 2014	Aug 2016	2024-03-01	106376
Audi	A3	1.2 Tfsi	Schrägheck	Frontantrieb	Benzin	81	110	May 2014	Aug 2016	2024-03-01	106377
Audi	A3	1.4 Tfsi	Schrägheck	Frontantrieb	Benzin	92	125	May 2014	Aug 2016	2024-03-01	106378
Audi	A3	1.4 TSI	Schrägheck	Frontantrieb	Benzin	110	150	May 2014	Oct 2020	2024-03-01	106379
Audi	A3	S3 Quattro	Schrägheck	Allrad	Benzin	210	286	May 2014	Aug 2016	2024-03-01	106381
Audi	A3	2.0 TDI	Cabriolet	Frontantrieb	Diesel	100	136	Oct 2013	Jul 2016	2024-03-01	106382
Audi	A3	S3 Quattro	Cabriolet	Allrad	Benzin	210	286	Mar 2014	Jul 2016	2024-03-01	106383
Audi	R8	5.2 FSI Quattro	Coupe	Allrad	Benzin	419	570	Jul 2014	Jul 2015	2024-03-01	106384
Seat	Leon	1.4 TSI	Schrägheck	Frontantrieb	Benzin	92	125	May 2014	Aug 2020	2024-03-01	106385
Seat	Leon	1.4 TSI	Schrägheck	Frontantrieb	Benzin	110	150	May 2014	Aug 2020	2024-03-01	106386
Seat	Leon	1.2 TSI	Coupe	Frontantrieb	Benzin	81	110	May 2014	Aug 2018	2024-03-01	106387
Seat	Leon	1.4 TSI	Coupe	Frontantrieb	Benzin	92	125	May 2014	Aug 2018	2024-03-01	106388
Seat	Leon	1.4 TSI	Coupe	Frontantrieb	Benzin	110	150	May 2014	Aug 2018	2024-03-01	106389
Morgan	3-Wheeler	2	Cabriolet	Heckantrieb	Benzin	61	83	May 2014	-	2024-03-01	106391
Seat	Leon	1.2 TSI	Kombi	Frontantrieb	Benzin	81	110	May 2014	Aug 2020	2024-03-01	106392
Seat	Leon	1.4 TSI	Kombi	Frontantrieb	Benzin	92	125	May 2014	Aug 2018	2024-03-01	106393
Seat	Leon	1.4 TSI	Kombi	Frontantrieb	Benzin	110	150	May 2014	Aug 2020	2024-03-01	106395
BMW	X6	Xdrive 30 D	SUV	Allrad	Diesel	190	258	Aug 2014	Jul 2019	2024-03-01	106408
BMW	X6	Xdrive 50 I	SUV	Allrad	Benzin	330	449	Aug 2014	Jul 2019	2024-03-01	106409
BMW	X6	M 50 D	SUV	Allrad	Diesel	280	381	Aug 2014	Jul 2019	2024-03-01	106410
Mercedes-benz	C-Klasse	C 180	Kombi	Heckantrieb	Benzin	115	156	Feb 2012	Aug 2014	2024-03-01	106413
VW	Golf vii	1.4 TSI Multifuel	Schrägheck	Frontantrieb	Benzin/Ethanol	92	125	Dec 2013	Jul 2018	2024-03-01	106414
VW	Golf vii variant	1.4 TSI Multifuel	Kombi	Frontantrieb	Benzin/Ethanol	92	125	May 2014	Mar 2017	2024-03-01	106415
VW	Golf vii variant	1.6 TDI 4motion	Kombi	Allrad	Diesel	81	110	May 2013	Mar 2017	2024-03-01	106416
VW	Scirocco	1.4 TSI	Coupe	Frontantrieb	Benzin	92	125	Nov 2013	Nov 2017	2024-03-01	106417
VW	Scirocco	2.0 TDI	Coupe	Frontantrieb	Diesel	110	150	Nov 2013	Nov 2017	2024-03-01	106418
VW	Scirocco	2.0 TSI	Coupe	Frontantrieb	Benzin	132	180	Nov 2013	Nov 2017	2024-03-01	106419
VW	Scirocco	2.0 TSI	Coupe	Frontantrieb	Benzin	162	220	Nov 2013	Nov 2017	2024-03-01	106420
Mercedes-benz	C-Klasse	C 220 Bluetec / D	Kombi	Heckantrieb	Diesel	125	170	Sep 2014	May 2018	2024-03-01	106451
Mercedes-benz	C-Klasse	C 250 Bluetec / D	Kombi	Heckantrieb	Diesel	150	204	Sep 2014	May 2018	2024-03-01	106452
Mercedes-benz	C-Klasse	C 180	Kombi	Heckantrieb	Benzin	115	156	Sep 2014	Aug 2020	2024-03-01	106453
Mercedes-benz	C-Klasse	C 200	Kombi	Heckantrieb	Benzin	135	184	Sep 2014	May 2018	2024-03-01	106454
Mercedes-benz	C-Klasse	C 250	Kombi	Heckantrieb	Benzin	155	211	Sep 2014	May 2018	2024-03-01	106455
BMW	5	518 D	Stufenheck	Heckantrieb	Diesel	110	150	Jul 2014	Oct 2016	2024-03-01	106457
BMW	5	520 D	Stufenheck	Heckantrieb	Diesel	140	190	Jul 2014	Oct 2016	2024-03-01	106458
BMW	5	520 D Xdrive	Stufenheck	Allrad	Diesel	140	190	Jul 2014	Oct 2016	2024-03-01	106459
Audi	A5	2.0 Tfsi	Cabriolet	Frontantrieb	Benzin	162	220	May 2013	Dec 2014	2024-03-01	106460
Audi	A5	2.0 Tfsi Quattro	Cabriolet	Allrad	Benzin	162	220	Mar 2012	Jan 2017	2024-03-01	106461
Audi	A5	2.0 Tfsi Quattro	Coupe	Allrad	Benzin	162	220	Mar 2012	Jan 2017	2024-03-01	106462
Lamborghini	Huracán	5.2 LP 610-4	Coupe	Allrad	Benzin	449	610	May 2014	-	2024-03-01	106463
Nissan	X-Trail iii	1.6 DCI	SUV	Frontantrieb	Diesel	96	130	Apr 2014	-	2024-03-01	106464
Nissan	X-Trail iii	1.6 DCI ALL Mode 4x4-i	SUV	Allrad	Diesel	96	130	Apr 2014	-	2024-03-01	106465
BMW	5	M5 30th Anniversary	Stufenheck	Heckantrieb	Benzin	441	600	Jul 2014	Oct 2016	2024-03-01	106467
Mini	Mini	Cooper D	Schrägheck	Frontantrieb	Diesel	85	116	Jul 2014	-	2025-06-01	106480
Iveco	Daily v	50c80e Electric	Pritsche/Fahrgestell	Heckantrieb	Elektro	80	109	Sep 2011	Feb 2014	2024-03-01	106485
Ford	Focus iii turnier	1.6 LPG	Kombi	Frontantrieb	Benzin/Autogas (LPG)	86	117	Feb 2012	Feb 2020	2024-03-01	106487
Ford	Focus iii	1.6 LPG	Schrägheck	Frontantrieb	Benzin/Autogas (LPG)	86	117	Feb 2012	Feb 2020	2024-03-01	106488
Mini	Mini	Cooper	Schrägheck	Frontantrieb	Benzin	100	136	Jul 2014	-	2025-06-01	106490
Mini	Mini	Cooper S	Schrägheck	Frontantrieb	Benzin	141	192	Jul 2014	-	2025-06-01	106497
Iveco	Daily ii	2.5 4X4	Kasten	Allrad	Diesel	76	103	Nov 1989	May 1996	2024-03-01	106498
Mini	Mini	Cooper SD	Schrägheck	Frontantrieb	Diesel	125	170	Jul 2014	-	2025-06-01	106499
Ford	Kuga ii	2.0 Tdci	SUV	Frontantrieb	Diesel	100	136	Mar 2013	Dec 2019	2024-05-01	106502
Ford	Kuga ii	2.0 Tdci 4X4	SUV	Allrad	Diesel	100	136	Mar 2013	Dec 2019	2024-05-01	106503
Ford	Focus iii	2	Schrägheck	Frontantrieb	Benzin	110	150	Oct 2013	Dec 2017	2024-03-01	106504
Ford	Focus iii	2	Stufenheck	Frontantrieb	Benzin	110	150	Oct 2013	Feb 2020	2024-03-01	106505
Aixam	City	Electric	Schrägheck	Frontantrieb	Elektro	4	5	Jan 2012	Dec 2016	2024-03-01	106507
Mini	Mini	Cooper SD	Schrägheck	Frontantrieb	Diesel	125	170	Jun 2014	-	2024-03-01	106508
Aixam	D-Truck	0.4	Kasten	Frontantrieb	Diesel	4	5	May 2014	-	2025-11-01	106509
Aixam	D-Truck	0.4	Pick-up	Frontantrieb	Diesel	4	5	Jan 2012	-	2026-03-01	106510
Aixam	D-Truck	0.4	Pritsche/Fahrgestell	Frontantrieb	Diesel	4	5	May 2014	-	2025-11-01	106511
Peugeot	508 sw i	2.0 HDI RXH Hybrid4	Kombi	Allrad	Diesel/Elektro	147	200	Nov 2010	Dec 2018	2024-03-01	106512
Mini	Mini	ONE First	Schrägheck	Frontantrieb	Benzin	55	75	Jul 2014	Oct 2017	2024-03-01	106513
Renault	Symbol/logan iii	1.5 DCI	Stufenheck	Frontantrieb	Diesel	66	90	Dec 2013	-	2024-03-01	106519
Renault	Grand scénic ii	1.5 DCI	Großraumlimousine	Frontantrieb	Diesel	76	103	Jun 2006	Nov 2008	2024-03-01	106520
Honda	Pilot	3.5 4WD	SUV	Allrad	Benzin	183	249	Jan 2011	-	2024-03-01	106543
Skoda	Octavia	1.4 TSI G-tec	Schrägheck	Frontantrieb	Benzin/Erdgas (CNG)	81	110	Nov 2013	Feb 2017	2024-03-01	106544
Skoda	Octavia	1.4 TSI G-tec	Kombi	Frontantrieb	Benzin/Erdgas (CNG)	81	110	Nov 2012	Feb 2017	2024-03-01	106545
Audi	Tt	2.0 Tfsi	Coupe	Frontantrieb	Benzin	169	230	Jul 2014	-	2024-03-01	106596
Audi	Tt	2.0 Tfsi Quattro	Coupe	Allrad	Benzin	169	230	Jul 2014	-	2024-03-01	106597
Audi	Tt	2.0 TDI	Coupe	Frontantrieb	Diesel	135	184	Jul 2014	-	2024-03-01	106601
VW	Passat b8	1.4 TSI	Stufenheck	Frontantrieb	Benzin	110	150	Nov 2014	Mar 2024	2025-02-03	106611
VW	Passat b8 variant	1.4 TSI	Kombi	Frontantrieb	Benzin	110	150	Nov 2014	Mar 2024	2025-02-03	106613
Chevrolet	Silverado 1500 crew cab pickup	6.2 4WD	Pick-up	Allrad	Benzin	313	426	Sep 2013	-	2024-03-01	106629
Chevrolet	Silverado 1500 extended cab pickup	6.2 4WD	Pick-up	Allrad	Benzin	313	426	Sep 2013	-	2024-03-01	106631
VW	Passat b8	2.0 TDI	Stufenheck	Frontantrieb	Diesel	110	150	Nov 2014	Mar 2024	2025-02-03	106635
VW	Passat b8 variant	2.0 TDI	Kombi	Frontantrieb	Diesel	110	150	Nov 2014	Mar 2024	2025-02-03	106644
VW	Passat b8	2.0 TDI 4motion	Stufenheck	Allrad	Diesel	176	240	Aug 2014	Nov 2020	2025-02-03	106654
VW	Passat b8 variant	2.0 TDI 4motion	Kombi	Allrad	Diesel	176	240	Aug 2014	Nov 2020	2025-02-03	106657
VW	Jetta iv	1.6	Stufenheck	Frontantrieb	Benzin	63	86	Mar 2013	Mar 2016	2024-03-01	106707
Ford	Mondeo i	2.0 I 16V 4X4	Schrägheck	Allrad	Benzin	100	136	Apr 1993	Aug 1996	2024-03-01	106758
Tesla	Model s	P85	Schrägheck	Heckantrieb	Elektro	310	421	Nov 2013	Dec 2014	2024-03-01	106768
Tesla	Model s	60	Schrägheck	Heckantrieb	Elektro	225	306	Nov 2013	Sep 2014	2024-03-01	106770
Nissan	Kubistar	1.5 DCI 70	Kasten	Frontantrieb	Diesel	50	68	Sep 2005	Oct 2009	2024-03-01	106786
VW	Kaefer	1.1	Cabriolet	Heckantrieb	Benzin	18	24	Jul 1949	Dec 1954	2024-03-01	106798
Audi	200 c2	2.1 5T	Stufenheck	Frontantrieb	Benzin	100	136	Oct 1979	Sep 1982	2024-03-01	106901
Aston Martin	Vantage	6.0 V12s	Cabriolet	Heckantrieb	Benzin	421	573	Apr 2014	-	2024-03-01	106902
Lexus	Nx	200t	SUV	Frontantrieb	Benzin	175	238	Jul 2014	-	2024-03-01	106908
Lexus	Nx	200t AWD	SUV	Allrad	Benzin	175	238	Jul 2014	-	2024-03-01	106910
RAM	2500	6.4 4WD	Pick-up	Allrad	Benzin	306	416	Sep 2013	-	2024-03-01	106939
Ford	Fiesta vi	1.6 St200	Schrägheck	Frontantrieb	Benzin	147	200	Apr 2016	Apr 2017	2024-03-01	107028
Jeep	Renegade	1.6	SUV	Frontantrieb	Benzin	81	110	Jul 2014	Sep 2018	2024-03-01	107045
Jeep	Renegade	1.4	SUV	Frontantrieb	Benzin	103	140	Jul 2014	Dec 2018	2024-08-01	107046
Jeep	Renegade	1.4 4X4	SUV	Allrad	Benzin	125	170	Jul 2014	Dec 2018	2024-08-01	107049
Jeep	Renegade	1.6 CRD	SUV	Frontantrieb	Diesel	88	120	Jul 2014	-	2024-03-01	107050
Jeep	Renegade	2.0 CRD 4X4	SUV	Allrad	Diesel	103	140	Jul 2014	-	2024-03-01	107051
Jeep	Renegade	2.0 CRD 4X4	SUV	Allrad	Diesel	125	170	Jul 2014	-	2024-03-01	107052
Mercedes-benz	B-Klasse sports tourer	B 180 CDI	Schrägheck	Frontantrieb	Diesel	80	109	Jun 2013	Aug 2014	2024-03-01	107068
Opel	Adam	1	Schrägheck	Frontantrieb	Benzin	66	90	Jul 2014	Nov 2018	2024-03-01	107074
Opel	Adam	1	Schrägheck	Frontantrieb	Benzin	85	115	Jul 2014	Nov 2018	2024-03-01	107075
Cadillac	Ats	2	Coupe	Heckantrieb	Benzin	203	276	Feb 2013	-	2024-03-01	107102
Cadillac	Ats	2.0 AWD	Coupe	Allrad	Benzin	203	276	Feb 2013	-	2024-03-01	107103
Ford USA	F-150	6.2 4WD	Pick-up	Allrad	Benzin	306	416	Sep 2013	-	2024-03-01	107127
Citroën	Ds3	1.6 Bluehdi 100	Schrägheck	Frontantrieb	Diesel	73	99	Jul 2014	Jul 2015	2024-03-01	107159
Ford USA	Explorer	3.5 Ecoboost 4WD	SUV	Allrad	Benzin	272	370	Sep 2013	-	2024-03-01	107221
Honda	Cr-Z	1.5 IMA	Coupe	Frontantrieb	Benzin/Elektro	91	124	Sep 2010	Dec 2013	2024-03-01	107258
Infiniti	Q70	3.5 Hybrid	Stufenheck	Heckantrieb	Benzin/Elektro	268	364	Mar 2013	-	2024-03-01	107309
Jeep	Cherokee	3.2 V6	SUV	Frontantrieb	Benzin	200	272	Nov 2013	-	2024-03-01	107322
Jeep	Cherokee	2.4 4X4	SUV	Allrad	Benzin	137	186	Nov 2013	-	2024-03-01	107324
KIA	Cerato koup ii	1.6 Cvvt	Coupe	Frontantrieb	Benzin	150	204	Sep 2013	Feb 2014	2024-05-01	107325
Smart	Fortwo	1	Coupe	Heckantrieb	Benzin	52	71	Jul 2014	-	2024-03-01	107340
Smart	Forfour	1	Schrägheck	Heckantrieb	Benzin	52	71	Jul 2014	-	2024-03-01	107341
Audi	A7 sportback	3.0 TDI Quattro	Schrägheck	Allrad	Diesel	160	218	Jul 2014	May 2018	2024-03-01	107347
Audi	A7 sportback	3.0 TDI	Schrägheck	Frontantrieb	Diesel	160	218	Jul 2014	May 2018	2024-03-01	107348
Audi	A7 sportback	3.0 Tfsi Quattro	Schrägheck	Allrad	Benzin	245	333	May 2014	May 2018	2024-03-01	107349
Audi	A7 sportback	3.0 TDI Quattro	Schrägheck	Allrad	Diesel	200	272	May 2014	May 2018	2024-03-01	107350
Audi	A7 sportback	3.0 TDI Quattro	Schrägheck	Allrad	Diesel	235	320	May 2014	May 2018	2024-03-01	107351
Audi	A7 sportback	S7 Quattro	Schrägheck	Allrad	Benzin	331	450	Jul 2014	May 2018	2024-03-01	107352
Maserati	Ghibli	3	Stufenheck	Heckantrieb	Benzin	257	350	Aug 2013	-	2024-03-01	107361
Mclaren	P1	3.8 Hybrid	Coupe	Heckantrieb	Benzin/Elektro	674	916	Mar 2013	Dec 2015	2024-03-01	107365
Mercedes-benz	C-Klasse	C 350 4-matic	Coupe	Allrad	Benzin	225	306	Sep 2013	-	2026-04-01	107372
Mitsubishi	Outlander iii	3.0 GT 4WD	SUV	Allrad	Benzin	167	227	Aug 2012	Dec 2022	2025-06-01	107375
Nissan	Teana iii	2.5	Stufenheck	Frontantrieb	Benzin	127	173	Sep 2013	-	2024-03-01	107403
Volvo	S60 ii	T5 AWD	Stufenheck	Allrad	Benzin	180	245	Jul 2014	Dec 2018	2024-03-01	107411
Volvo	V60 i	T6 AWD	Kombi	Allrad	Benzin	242	329	Apr 2014	Dec 2015	2024-03-01	107414
Volvo	V60 i	T5 AWD	Kombi	Allrad	Benzin	180	245	Jul 2014	May 2018	2024-03-01	107415
Peugeot	208 i	1.2 THP 110	Schrägheck	Frontantrieb	Benzin	81	110	Jan 2013	Dec 2019	2024-03-01	107418
Peugeot	208 i	1.6 HDI / Bluehdi 75	Schrägheck	Frontantrieb	Diesel	55	75	Jan 2013	Dec 2019	2024-03-01	107419
Iveco	Daily vi	33s11, 35s11, 35c11	Pritsche/Fahrgestell	Heckantrieb	Diesel	78	106	Mar 2014	Jul 2021	2024-03-01	107420
Iveco	Daily vi	33s13, 35s13, 35c13	Pritsche/Fahrgestell	Heckantrieb	Diesel	93	126	Mar 2014	-	2024-03-01	107421
Iveco	Daily vi	35s14, 35s15, 35c15, 40s14, 40c15, 50c15, 60c5, 65c15,...	Pritsche/Fahrgestell	Heckantrieb	Diesel	107	146	Mar 2014	-	2024-03-01	107422
Iveco	Daily vi	35s17, 35c17, 40c17, 45s17,45c17, 50c17, 60c17, 65c17,...	Pritsche/Fahrgestell	Heckantrieb	Diesel	125	170	Mar 2014	-	2024-03-01	107424
Iveco	Daily vi	35s21, 35c21, 40c21, 45c21, 50c21, 60c21, 65c21, 70c21	Pritsche/Fahrgestell	Heckantrieb	Diesel	150	204	Mar 2014	-	2025-12-01	107426
Iveco	Daily vi	Naturalpower 35s14, 35c, 38s, 40c, 50c, 60c, 65c, 70C	Pritsche/Fahrgestell	Heckantrieb	CNG	100	136	Mar 2014	-	2025-02-03	107431
Chevrolet	Silverado 1500 standard cab pickup	5.3 4WD	Pick-up	Allrad	Benzin	265	360	Jul 2014	-	2024-03-01	107433
Chevrolet	Silverado 1500 crew cab pickup	5.3 4WD	Pick-up	Allrad	Benzin	265	360	Jul 2014	-	2024-03-01	107435
Chevrolet	Silverado 1500 extended cab pickup	5.3 4WD	Pick-up	Allrad	Benzin	265	360	Jul 2014	Dec 2019	2024-03-01	107437
Iveco	Daily vi	33s15, 35s15, 35c15	Pritsche/Fahrgestell	Heckantrieb	Diesel	107	146	Mar 2014	-	2024-03-01	107438
Iveco	Daily vi	33s11, 35s11, 35c11	Kasten	Heckantrieb	Diesel	78	106	Mar 2014	Jul 2021	2024-03-01	107440
Iveco	Daily vi	33s13, 35s13, 35c13	Kasten	Heckantrieb	Diesel	93	126	Mar 2014	-	2024-03-01	107441
Iveco	Daily vi	33s15, 35s15, 35c15	Kasten	Heckantrieb	Diesel	107	146	Mar 2014	-	2024-03-01	107442
Iveco	Daily vi	35s15, 35c15, 40c15, 45c15, 50c15, 65c15, 70c15	Kasten	Heckantrieb	Diesel	107	146	Mar 2014	-	2025-06-01	107444
Iveco	Daily vi	35s17, 35c17, 40c17, 50c17, 55c17, 60c17, 65c17, 70c17	Kasten	Heckantrieb	Diesel	125	170	Mar 2014	-	2025-06-01	107445
Iveco	Daily vi	35s21, 35c21, 40c21, 50c21	Kasten	Heckantrieb	Diesel	150	204	Mar 2014	-	2025-12-01	107446
Iveco	Daily vi	Naturalpower 35s14, 35c, 38s, 40c, 50c, 60c, 65c, 70C	Kasten	Heckantrieb	CNG	100	136	Mar 2014	-	2025-02-03	107447
Volvo	S60 ii	D5	Stufenheck	Frontantrieb	Diesel	169	230	Apr 2014	Dec 2015	2024-03-01	107460
Volvo	S60 ii	D5 AWD	Stufenheck	Allrad	Diesel	169	230	Apr 2014	Dec 2015	2024-03-01	107461
Volvo	V40	T4	Schrägheck	Frontantrieb	Benzin	147	200	Apr 2014	Dec 2015	2024-03-01	107462
Lamborghini	Gallardo	5.2 AWD	Coupe	Allrad	Benzin	419	570	Mar 2010	-	2024-03-01	107465
Volvo	V60 i	D5	Kombi	Frontantrieb	Diesel	169	230	Apr 2014	Dec 2015	2024-03-01	107466
Volvo	V60 i	D5 AWD	Kombi	Allrad	Diesel	169	230	Apr 2014	Dec 2015	2024-03-01	107467
Volvo	Xc60 i	T6 AWD	SUV	Allrad	Benzin	242	329	Apr 2014	Dec 2015	2024-03-01	107468
Volvo	Xc60 i	D5 AWD	SUV	Allrad	Diesel	169	230	Apr 2014	Dec 2015	2024-03-01	107469
BMW	X4	Xdrive 20 D	SUV	Allrad	Diesel	120	163	Apr 2014	Mar 2018	2024-03-01	107471
BMW	X6	Xdrive 30 D	SUV	Allrad	Diesel	155	211	Aug 2014	Jul 2019	2024-03-01	107472
Mercedes-benz	C-Klasse	C 180 Bluetec / D	Kombi	Heckantrieb	Diesel	85	116	Sep 2014	May 2018	2024-03-01	107473
Mercedes-benz	C-Klasse	C 200 Bluetec / D	Kombi	Heckantrieb	Diesel	100	136	Sep 2014	May 2018	2024-03-01	107474
Mercedes-benz	S-Klasse	S 500 Hybrid / E	Stufenheck	Heckantrieb	Benzin/Elektro	325	442	Jul 2014	May 2017	2024-03-01	107475
Mercedes-benz	S-Klasse	S 63 AMG	Coupe	Heckantrieb	Benzin	430	585	Jul 2014	Oct 2017	2024-03-01	107476
Mercedes-benz	S-Klasse	S 65 AMG	Coupe	Heckantrieb	Benzin	463	630	Jul 2014	May 2019	2024-03-01	107477
Porsche	Macan	2	SUV	Allrad	Benzin	174	237	May 2014	Sep 2018	2024-03-01	107478
Opel	Astra j gtc	1.6 Cdti	Schrägheck	Frontantrieb	Diesel	81	110	Jul 2014	Apr 2018	2024-05-01	107479
Opel	Astra j gtc	1.6 Cdti	Schrägheck	Frontantrieb	Diesel	100	136	Jul 2014	Apr 2018	2024-05-01	107480
Opel	Astra j	1.4 Turbo LPG	Stufenheck	Frontantrieb	Benzin/Autogas (LPG)	103	140	Jul 2014	Jun 2018	2026-04-01	107481
Opel	Zafira	1.6 Cdti	Großraumlimousine	Frontantrieb	Diesel	88	120	Jul 2014	Nov 2018	2025-12-01	107482
Nissan	Gt-R	Nismo	Coupe	Allrad	Benzin	441	600	Jul 2014	-	2024-03-01	107483
Nissan	Pulsar	1.2 Dig-t	Schrägheck	Frontantrieb	Benzin	85	115	Oct 2014	-	2024-03-01	107484
Nissan	Pulsar	1.5 DCI	Schrägheck	Frontantrieb	Diesel	81	110	Oct 2014	-	2024-03-01	107485
Mercedes-benz	Cla	CLA 200 CDI / D 4-matic	Coupe	Allrad	Diesel	100	136	Jul 2014	Mar 2019	2024-03-01	107496
Mercedes-benz	Cla	CLA 200 CDI / D	Coupe	Frontantrieb	Diesel	100	136	Jul 2014	Mar 2019	2024-03-01	107497
Mercedes-benz	Cla	CLA 220 CDI 4-matic	Coupe	Allrad	Diesel	125	170	Jul 2014	Mar 2019	2024-03-01	107498
Mercedes-benz	E-Klasse	E 320	Cabriolet	Heckantrieb	Benzin	200	272	Jul 2014	Dec 2016	2024-03-01	107499
Mercedes-benz	E-Klasse	E 400	Cabriolet	Heckantrieb	Benzin	245	333	Jul 2014	Dec 2016	2024-03-01	107500
VW	Scirocco	2.0 TDI	Coupe	Frontantrieb	Diesel	135	184	May 2014	Nov 2017	2024-03-01	107501
VW	Scirocco	2.0 R	Coupe	Frontantrieb	Benzin	206	280	May 2014	Nov 2017	2024-03-01	107502
Mercedes-benz	Vito	109 CDI	Kasten	Frontantrieb	Diesel	65	88	Oct 2014	-	2024-03-01	107503
Skoda	Rapid	1.2	Schrägheck	Frontantrieb	Benzin	55	75	Jul 2012	Jun 2015	2024-03-01	107504
Mercedes-benz	Vito	111 CDI	Kasten	Frontantrieb	Diesel	84	114	Oct 2014	-	2024-03-01	107505
Mercedes-benz	Vito	114 CDI	Kasten	Heckantrieb	Diesel	100	136	Oct 2014	-	2024-03-01	107506
Audi	A5	1.8 Tfsi	Schrägheck	Frontantrieb	Benzin	106	144	Sep 2014	Jan 2017	2024-03-01	107507
Mercedes-benz	Vito	116 CDI	Kasten	Heckantrieb	Diesel	120	163	Oct 2014	-	2024-03-01	107508
Audi	A7 sportback	3.0 TDI Quattro	Schrägheck	Allrad	Diesel	155	211	Jul 2014	May 2018	2024-03-01	107509
Mercedes-benz	Vito	119 CDI / Bluetec	Kasten	Heckantrieb	Diesel	140	190	Oct 2014	-	2024-03-01	107510
Mercedes-benz	Vito mixto	109 CDI	Kasten	Frontantrieb	Diesel	65	88	Oct 2014	-	2024-03-01	107511
Mercedes-benz	Vito mixto	111 CDI	Kasten	Frontantrieb	Diesel	84	114	Oct 2014	-	2024-03-01	107512
Mercedes-benz	Vito mixto	114 CDI	Kasten	Heckantrieb	Diesel	100	136	Oct 2014	-	2024-03-01	107513
Mercedes-benz	Vito mixto	116 CDI	Kasten	Heckantrieb	Diesel	120	163	Oct 2014	-	2024-03-01	107514
Mercedes-benz	Vito mixto	119 Bluetec	Kasten	Heckantrieb	Diesel	140	190	Oct 2014	-	2024-03-01	107515
Mercedes-benz	Vito tourer	109 CDI / 109 Bluetec	Bus	Frontantrieb	Diesel	65	88	Oct 2014	-	2024-03-01	107516
Mercedes-benz	Vito tourer	111 CDI / 111 Bluetec	Bus	Frontantrieb	Diesel	84	114	Oct 2014	-	2024-03-01	107517
Mercedes-benz	Vito tourer	114 CDI / 114 Bluetec	Bus	Heckantrieb	Diesel	100	136	Oct 2014	-	2024-03-01	107518
Mercedes-benz	Vito tourer	116 CDI / 116 Bluetec	Bus	Heckantrieb	Diesel	120	163	Oct 2014	-	2024-03-01	107519
Mercedes-benz	Vito tourer	119 CDI / 119 Bluetec	Bus	Heckantrieb	Diesel	140	190	Oct 2014	-	2024-03-01	107520
Fiat	500l	1.3 D Multijet	Schrägheck	Frontantrieb	Diesel	70	95	Jun 2014	-	2024-03-01	107522
Renault	Fluence	1.5 DCI	Stufenheck	Frontantrieb	Diesel	70	95	Jul 2014	-	2024-03-01	107528
Renault	Fluence	1.6 DCI	Stufenheck	Frontantrieb	Diesel	96	130	Jan 2013	-	2025-06-01	107529
Renault	Trafic iii	1.6 DCI 90	Bus	Frontantrieb	Diesel	66	90	May 2014	-	2024-03-01	107530
Renault	Trafic iii	1.6 DCI 115	Bus	Frontantrieb	Diesel	85	116	May 2014	-	2024-03-01	107531
Renault	Trafic iii	1.6 DCI 120	Bus	Frontantrieb	Diesel	88	120	May 2014	-	2024-03-01	107532
Renault	Trafic iii	1.6 DCI 140	Bus	Frontantrieb	Diesel	103	140	May 2014	-	2024-03-01	107533
Mercedes-benz	E-Klasse	E 350 Bluetec	Kombi	Heckantrieb	Diesel	190	258	Jul 2014	Dec 2016	2024-03-01	107534
Mercedes-benz	E-Klasse	E 350 Bluetec 4-matic	Kombi	Allrad	Diesel	190	258	Jul 2014	Dec 2016	2024-03-01	107535
Mercedes-benz	E-Klasse	E 400	Kombi	Heckantrieb	Benzin	245	333	Jul 2014	Dec 2016	2024-03-01	107536
Mercedes-benz	E-Klasse	E 400 4-matic	Kombi	Allrad	Benzin	245	333	Jul 2014	Dec 2016	2024-03-01	107537
Mercedes-benz	E-Klasse	E 320	Coupe	Heckantrieb	Benzin	200	272	Jul 2014	Dec 2016	2024-03-01	107538
Mercedes-benz	E-Klasse	E 400	Coupe	Heckantrieb	Benzin	245	333	Jul 2014	Dec 2016	2024-03-01	107539
Mercedes-benz	Gla-Klasse	GLA 180 CDI / D	SUV	Frontantrieb	Diesel	80	109	Jul 2014	May 2018	2024-03-01	107540
Porsche	Cayenne	3.0 Diesel	SUV	Allrad	Diesel	193	262	Oct 2014	May 2018	2025-06-01	107542
Porsche	Cayenne	4.2 S Diesel	SUV	Allrad	Diesel	283	385	Oct 2014	May 2018	2025-06-01	107543
Porsche	Cayenne	3.6 S	SUV	Allrad	Benzin	309	420	Oct 2014	May 2018	2025-06-01	107544
Porsche	Cayenne	4.8 Turbo	SUV	Allrad	Benzin	382	520	Oct 2014	May 2018	2025-06-01	107545
BMW	2	218 D	Großraumlimousine	Frontantrieb	Diesel	110	150	Nov 2013	Oct 2021	2024-03-01	107547
Mazda	3	1.6 Mz-cd	Schrägheck	Frontantrieb	Diesel	66	90	Jun 2006	Dec 2009	2024-03-01	107549
Volvo	Xc90 ii	T6 AWD	SUV	Allrad	Benzin	235	320	Sep 2014	Dec 2018	2024-03-01	107555
Volvo	Xc90 ii	D5 AWD	SUV	Allrad	Diesel	165	224	Sep 2014	Dec 2016	2024-03-01	107556
Nissan	Nv400	DCI 110	Bus	Frontantrieb	Diesel	81	110	Jun 2014	Dec 2022	2026-03-01	107557
Nissan	Nv400	DCI 110	Kasten	Frontantrieb	Diesel	81	110	Jun 2014	Dec 2022	2026-03-01	107558
Nissan	Nv400	DCI 135	Bus	Frontantrieb	Diesel	100	136	Jun 2014	Sep 2016	2024-03-01	107559
Nissan	Nv400	DCI 135	Kasten	Frontantrieb	Diesel	100	136	Jun 2014	Dec 2022	2026-03-01	107560
Nissan	Nv400	DCI 160	Bus	Frontantrieb	Diesel	120	163	Jun 2014	Sep 2016	2024-03-01	107561
Nissan	Nv400	DCI 165	Kasten	Frontantrieb	Diesel	120	163	Jun 2014	Sep 2016	2024-03-01	107562
Nissan	Nv400	DCI 110	Pritsche/Fahrgestell	Frontantrieb	Diesel	81	110	Jun 2014	Dec 2022	2026-03-01	107563
Nissan	Nv400	DCI 135	Pritsche/Fahrgestell	Frontantrieb	Diesel	100	136	Jun 2014	Dec 2022	2026-03-01	107564
Nissan	Nv400	DCI 165	Pritsche/Fahrgestell	Frontantrieb	Diesel	120	163	Jun 2014	Jun 2016	2024-03-01	107565
Nissan	Nv400	DCI 165 RWD	Pritsche/Fahrgestell	Heckantrieb	Diesel	120	163	Jun 2014	Dec 2022	2026-03-01	107566
Nissan	Nv400	DCI 135 RWD	Pritsche/Fahrgestell	Heckantrieb	Diesel	100	136	Jun 2014	Jun 2016	2024-03-01	107567
Nissan	Nv400	DCI 135 RWD	Kasten	Heckantrieb	Diesel	100	136	Jun 2014	Sep 2016	2024-03-01	107568
Citroën	Ds3	1.6 Bluehdi 120	Cabriolet	Frontantrieb	Diesel	88	120	Jul 2014	Jul 2015	2024-03-01	107569
Koenigsegg	Agera	R 5.0	Coupe	Heckantrieb	Benzin/Ethanol	850	1156	Jan 2011	-	2024-03-01	107578
Chevrolet	Cheyenne standard cab pickup	6.2 4WD	Pick-up	Allrad	Benzin	313	426	Sep 2013	-	2024-03-01	107583
Chevrolet	Cheyenne crew cab pickup	6.2 4WD	Pick-up	Allrad	Benzin	313	426	Sep 2013	-	2024-03-01	107586
Chevrolet	Silverado 2500 standard cab pickup	5.3 4WD	Pick-up	Allrad	Benzin	265	360	Sep 2013	Dec 2018	2024-03-01	107588
Chevrolet	Silverado 2500 crew cab pickup	5.3 4WD	Pick-up	Allrad	Benzin	265	360	Sep 2013	-	2024-03-01	107590
Chevrolet	Silverado 2500 extended cab pickup	5.3 4WD	Pick-up	Allrad	Benzin	265	360	Sep 2013	-	2024-03-01	107592
Lamborghini	Gallardo	5.2 LP 550-2	Coupe	Heckantrieb	Benzin	405	551	Sep 2009	Sep 2014	2024-03-01	107600
Opel	Astra g	1.7 DTI 16V	Kasten/Kombi	Frontantrieb	Diesel	55	75	Feb 2000	Apr 2005	2024-03-01	107604
Lexus	Rc	F	Coupe	Heckantrieb	Benzin	330	449	Aug 2014	-	2024-03-01	107622
Lexus	Rc	F	Coupe	Heckantrieb	Benzin	344	468	Aug 2014	-	2024-03-01	107623
GMC	Yukon	5.3	SUV	Heckantrieb	Benzin	239	325	Sep 2006	Dec 2010	2024-03-01	107627
Nissan	Juke	1.6 Dig-t Nismo RS	SUV	Frontantrieb	Benzin	160	218	Aug 2014	Dec 2019	2024-03-01	107628
Honda	Civic ix	1.8	Stufenheck	Frontantrieb	Benzin	104	141	Sep 2011	Dec 2016	2025-11-01	107634
Land Rover	Discovery sport	2.0 D 4X4	SUV	Allrad	Diesel	110	150	Dec 2014	-	2024-03-01	107640
Land Rover	Discovery sport	2.2 D 4X4	SUV	Allrad	Diesel	110	150	Sep 2014	-	2024-03-01	107641
Land Rover	Discovery sport	2.2 D 4X4	SUV	Allrad	Diesel	140	190	Sep 2014	-	2024-03-01	107642
Land Rover	Discovery sport	2.0 4X4	SUV	Allrad	Benzin	177	241	Nov 2014	-	2024-03-01	107643
Mercedes-benz	Cls	CLS 400	Coupe	Heckantrieb	Benzin	245	333	Jul 2014	Dec 2017	2024-03-01	107644
Mercedes-benz	T1	310 2.3	Kasten	Heckantrieb	Benzin	77	105	Jan 1989	Dec 1995	2024-03-01	107647
Cadillac	Escalade	6.2 AWD	SUV	Allrad	Benzin	313	426	Sep 2014	Dec 2020	2024-03-01	107648
Mercedes-benz	Cls	CLS 400 4-matic	Coupe	Allrad	Benzin	245	333	Jul 2014	Dec 2017	2024-03-01	107650
Mercedes-benz	Cls	CLS 400	Kombi	Heckantrieb	Benzin	245	333	Jul 2014	Dec 2017	2024-03-01	107651
Mercedes-benz	Cls	CLS 400 4-matic	Kombi	Allrad	Benzin	245	333	Jul 2014	Dec 2017	2024-03-01	107653
Mercedes-benz	Ponton	219	Stufenheck	Heckantrieb	Benzin	62	85	Mar 1956	Jul 1957	2024-03-01	107655
Mercedes-benz	Ponton	219	Stufenheck	Heckantrieb	Benzin	66	90	Aug 1957	Jul 1959	2024-03-01	107656
Ford	Transit v363	2.2 Tdci RWD	Bus	Heckantrieb	Diesel	74	100	Aug 2013	Dec 2018	2024-03-01	107657
Toyota	Mr2 ii	2.0 Turbo	Coupe	Heckantrieb	Benzin	180	245	Dec 1989	Jul 1999	2024-03-01	107659
Opel	Kapitän	2.6	Stufenheck	Heckantrieb	Benzin	74	100	Mar 1964	Dec 1968	2024-03-01	107660
Opel	Kapitän	2.8 S	Stufenheck	Heckantrieb	Benzin	92	125	Mar 1964	Dec 1968	2024-03-01	107661
Opel	Kapitän	2.8 HL	Stufenheck	Heckantrieb	Benzin	103	140	Mar 1964	Dec 1968	2024-03-01	107662
Opel	Kapitän	4.6	Stufenheck	Heckantrieb	Benzin	140	190	Mar 1964	Dec 1968	2024-03-01	107663
Hyundai	H-1 travel	2.5 Crdi	Bus	Heckantrieb	Diesel	81	110	Jul 2010	-	2024-03-01	107665
Porsche	Macan	3.0 S Diesel	SUV	Allrad	Diesel	180	245	Feb 2014	Sep 2018	2024-03-01	107684
Chevrolet	Silverado 3500 hd standard cab pickup	6.6 D	Pick-up	Heckantrieb	Diesel	272	370	Sep 2007	Dec 2010	2024-03-01	107704
Chevrolet	Silverado 3500 hd standard cab pickup	6.6 D 4WD	Pick-up	Allrad	Diesel	272	370	Sep 2007	Dec 2010	2024-03-01	107705
Chevrolet	Silverado 3500 hd extended cab pickup	6.6 D	Pick-up	Heckantrieb	Diesel	272	370	Sep 2007	Dec 2010	2024-03-01	107706
Chevrolet	Silverado 3500 hd extended cab pickup	6.6 D 4WD	Pick-up	Allrad	Diesel	272	370	Sep 2007	Dec 2010	2024-03-01	107707
Chevrolet	Silverado 3500 hd crew cab pickup	6.6 D	Pick-up	Heckantrieb	Diesel	272	370	Sep 2007	Dec 2010	2024-03-01	107708
Chevrolet	Silverado 3500 hd crew cab pickup	6.6 D 4WD	Pick-up	Allrad	Diesel	272	370	Sep 2007	Dec 2010	2024-03-01	107709
Chevrolet	Silverado 1500 crew cab pickup	5.3 Flex 4WD	Pick-up	Allrad	Benzin/Ethanol	235	320	Sep 2006	Dec 2009	2026-06-01	107714
Dodge	Ram 1500 crew cab pickup	5.7	Pick-up	Heckantrieb	Benzin	291	396	Sep 2008	Dec 2010	2024-03-01	107743
Dodge	Ram 1500 crew cab pickup	5.7 4WD	Pick-up	Allrad	Benzin	291	396	Sep 2008	Dec 2010	2024-03-01	107744
Dodge	Ram 1500 extended cab pickup	5.7	Pick-up	Heckantrieb	Benzin	291	396	Sep 2008	Dec 2010	2024-03-01	107745
Dodge	Ram 1500 extended cab pickup	5.7 4WD	Pick-up	Allrad	Benzin	291	396	Sep 2008	Dec 2010	2024-03-01	107746
VW	Polo	1.2 TSI 16V	Schrägheck	Frontantrieb	Benzin	66	90	Feb 2014	Oct 2017	2024-03-01	107747
Ford	Mondeo v	2.0 Hybrid	Stufenheck	Frontantrieb	Benzin/Elektro	130	177	Sep 2014	Mar 2022	2026-04-01	107748
Ford	Mondeo v	1.5 Ecoboost	Schrägheck	Frontantrieb	Benzin	118	160	Sep 2014	Mar 2022	2026-04-01	107749
Ford	Mondeo v	2.0 Ecoboost	Schrägheck	Frontantrieb	Benzin	149	203	Sep 2014	Mar 2022	2026-04-01	107750
Ford	Mondeo v	2.0 Ecoboost	Schrägheck	Frontantrieb	Benzin	176	240	Sep 2014	Mar 2022	2026-04-01	107751
Ford	Mondeo v	1.6 Tdci	Schrägheck	Frontantrieb	Diesel	85	115	Sep 2014	Mar 2022	2026-04-01	107752
Ford	Mondeo v	2.0 Tdci	Schrägheck	Frontantrieb	Diesel	110	150	Sep 2014	Mar 2022	2026-04-01	107753
Ford	Mondeo v	2.0 Tdci	Schrägheck	Frontantrieb	Diesel	132	180	Sep 2014	Mar 2022	2026-04-01	107754
Ford	Mondeo v turnier	1.5 Ecoboost	Kombi	Frontantrieb	Benzin	118	160	Sep 2014	Mar 2022	2026-04-01	107755
Ford	Mondeo v turnier	2.0 Ecoboost	Kombi	Frontantrieb	Benzin	149	203	Sep 2014	Mar 2022	2026-04-01	107756
Ford	Mondeo v turnier	2.0 Ecoboost	Kombi	Frontantrieb	Benzin	176	240	Sep 2014	Mar 2022	2026-04-01	107758
Ford	Mondeo v turnier	1.6 Tdci	Kombi	Frontantrieb	Diesel	85	115	Sep 2014	Mar 2022	2026-04-01	107760
Ford	Mondeo v turnier	2.0 Tdci	Kombi	Frontantrieb	Diesel	110	150	Sep 2014	Mar 2022	2026-04-01	107761
Ford	Mondeo v turnier	2.0 Tdci	Kombi	Frontantrieb	Diesel	132	180	Sep 2014	Mar 2022	2026-04-01	107762
Dodge	Nitro	4.0 4WD	SUV	Allrad	Benzin	194	264	Sep 2007	Dec 2011	2024-03-01	107764
Opel	Corsa e	1	Schrägheck	Frontantrieb	Benzin	66	90	Sep 2014	-	2024-03-01	107793
Opel	Corsa e	1	Schrägheck	Frontantrieb	Benzin	85	115	Sep 2014	-	2024-03-01	107794
Opel	Corsa e	1.2	Schrägheck	Frontantrieb	Benzin	51	69	Sep 2014	-	2024-03-01	107795
Opel	Corsa e	1.4	Schrägheck	Frontantrieb	Benzin	66	90	Sep 2014	-	2024-03-01	107796
Opel	Corsa e	1.4 Turbo	Schrägheck	Frontantrieb	Benzin	74	101	Sep 2014	Jun 2019	2024-03-01	107797
Opel	Corsa e	1.3 Cdti	Schrägheck	Frontantrieb	Diesel	55	75	Sep 2014	-	2024-03-01	107798
Opel	Corsa e	1.3 Cdti	Schrägheck	Frontantrieb	Diesel	70	95	Sep 2014	-	2024-03-01	107799
Ford	Transit v363	2.2 Tdci	Bus	Frontantrieb	Diesel	74	100	Aug 2013	Dec 2018	2024-03-01	107811
Ford	Transit v363	2.2 Tdci	Bus	Frontantrieb	Diesel	92	125	Aug 2013	Dec 2018	2024-03-01	107814
Ford	Transit v363	2.2 Tdci 4X4	Bus	Allrad	Diesel	92	125	Aug 2013	Dec 2018	2024-03-01	107819
Suzuki	Celerio	1	Schrägheck	Frontantrieb	Benzin	50	68	Mar 2014	-	2024-03-01	107857
Audi	A7 sportback	2.0 Tfsi	Schrägheck	Frontantrieb	Benzin	185	252	Sep 2014	May 2018	2024-03-01	107858
Audi	A7 sportback	3.0 TDI Quattro	Schrägheck	Allrad	Diesel	240	326	Sep 2014	May 2018	2024-03-01	107859
VW	Touareg	3.0 V6 TDI	SUV	Allrad	Diesel	193	262	Sep 2014	Mar 2018	2024-03-01	107860
Mini	Mini	Cooper All4	Coupe	Allrad	Benzin	90	122	Jul 2013	Sep 2016	2024-03-01	107864
Lexus	Rc	F	Coupe	Heckantrieb	Benzin	351	477	Aug 2014	-	2024-03-01	107866
BMW	3	335 I	Stufenheck	Heckantrieb	Benzin	240	326	Nov 2011	Jun 2013	2024-03-01	107867
BMW	3	335 I Xdrive	Stufenheck	Allrad	Benzin	240	326	Jul 2012	Jun 2013	2024-03-01	107868
BMW	3	335 I	Stufenheck	Heckantrieb	Benzin	250	340	Jul 2013	Jul 2015	2024-03-01	107869
BMW	3	335 I Xdrive	Stufenheck	Allrad	Benzin	250	340	Jul 2012	Jul 2015	2024-03-01	107870
Ford	Focus iii	1.5 Ecoboost	Schrägheck	Frontantrieb	Benzin	110	150	Sep 2014	Dec 2017	2024-03-01	107871
Ford	Focus iii	1.5 Ecoboost	Schrägheck	Frontantrieb	Benzin	134	182	Sep 2014	Dec 2017	2024-03-01	107872
BMW	3	335 I	Kombi	Heckantrieb	Benzin	240	326	Mar 2013	Jun 2013	2024-03-01	107873
BMW	3	335 I Xdrive	Kombi	Allrad	Benzin	240	326	Mar 2013	Jun 2013	2024-03-01	107874
BMW	3	335 I	Kombi	Heckantrieb	Benzin	250	340	Jul 2013	Jun 2015	2024-03-01	107875
BMW	3	335 I Xdrive	Kombi	Allrad	Benzin	250	340	Jul 2013	Jun 2015	2024-03-01	107876
Mercedes-benz	E-Klasse	E 400	Stufenheck	Heckantrieb	Benzin	245	333	Jul 2014	Dec 2015	2024-03-01	107877
Mercedes-benz	E-Klasse	E 400 4-matic	Stufenheck	Allrad	Benzin	245	333	Jul 2014	Dec 2015	2024-03-01	107878
BMW	3	335 I	Schrägheck	Heckantrieb	Benzin	240	326	Mar 2013	Mar 2014	2024-03-01	107879
Ford	Focus iii	1.5 Tdci	Schrägheck	Frontantrieb	Diesel	70	95	Sep 2014	Apr 2018	2024-08-01	107880
BMW	3	335 I Xdrive	Schrägheck	Allrad	Benzin	240	326	Mar 2013	Mar 2014	2024-03-01	107881
Ford	Focus iii	1.5 Tdci Econetic	Schrägheck	Frontantrieb	Diesel	77	105	Sep 2014	Dec 2017	2024-03-01	107882
BMW	3	335 I	Schrägheck	Heckantrieb	Benzin	250	340	Apr 2014	Jun 2016	2024-03-01	107883
BMW	3	335 I Xdrive	Schrägheck	Allrad	Benzin	250	340	Apr 2014	Jun 2016	2024-03-01	107884
Ford	Focus iii	1.5 Tdci	Schrägheck	Frontantrieb	Diesel	88	120	Sep 2014	Apr 2018	2024-08-01	107885
Ford	Focus iii turnier	1.5 Ecoboost	Kombi	Frontantrieb	Benzin	110	150	Sep 2014	Feb 2020	2024-03-01	107886
Mercedes-benz	E-Klasse	E 220 CDI	Coupe	Heckantrieb	Diesel	120	163	Feb 2010	Dec 2014	2024-03-01	107887
Ford	Focus iii turnier	1.5 Ecoboost	Kombi	Frontantrieb	Benzin	134	182	Sep 2014	Feb 2020	2024-03-01	107888
Ford	Focus iii turnier	1.5 Tdci	Kombi	Frontantrieb	Diesel	70	95	Sep 2014	Feb 2020	2024-03-01	107889
BMW	4	435 I	Coupe	Heckantrieb	Benzin	250	340	Jul 2013	Feb 2016	2024-03-01	107890
Ford	Focus iii turnier	1.5 Tdci Econetic	Kombi	Frontantrieb	Diesel	77	105	Sep 2014	Feb 2020	2024-03-01	107891
Ford	Focus iii turnier	1.5 Tdci	Kombi	Frontantrieb	Diesel	88	120	Sep 2014	Feb 2020	2024-03-01	107892
BMW	4	435 I Xdrive	Coupe	Allrad	Benzin	250	340	Jul 2013	Feb 2016	2024-03-01	107893
Mercedes-benz	B-Klasse sports tourer	B 250 4-matic	Schrägheck	Allrad	Benzin	155	211	Aug 2014	Dec 2018	2024-03-01	107894
Mercedes-benz	B-Klasse sports tourer	B 200 CDI / D	Schrägheck	Frontantrieb	Diesel	100	136	Aug 2014	Dec 2018	2024-03-01	107895
Mercedes-benz	B-Klasse sports tourer	B 200 CDI / D 4-matic	Schrägheck	Allrad	Diesel	100	136	Aug 2014	Dec 2018	2024-03-01	107896
Mercedes-benz	Cla	CLA 220 CDI / D 4-matic	Coupe	Allrad	Diesel	120	163	Aug 2014	Mar 2019	2024-03-01	107897
Lloyd	Lp	0.25	Stufenheck	Frontantrieb	Gemisch	8	11	Apr 1956	Dec 1957	2024-03-01	107898
Lloyd	Lp	0.4	Stufenheck	Frontantrieb	Gemisch	10	13	Jan 1953	Dec 1957	2024-03-01	107904
Lloyd	Lp	0.6	Stufenheck	Frontantrieb	Benzin	14	19	Jan 1955	Dec 1961	2024-03-01	107905
Lloyd	Ls	0.4	Kombi	Frontantrieb	Gemisch	10	13	Jan 1953	Dec 1957	2024-03-01	107906
Lloyd	Ls	0.6	Kombi	Frontantrieb	Benzin	14	19	Jan 1955	Dec 1961	2024-03-01	107907
BMW	5	535 I	Stufenheck	Heckantrieb	Benzin	240	326	Jul 2013	Oct 2016	2024-03-01	107908
Lloyd	Lc	0.4	Cabriolet	Frontantrieb	Gemisch	10	13	Jan 1953	Dec 1957	2024-03-01	107909
Lloyd	Lc	0.6	Cabriolet	Frontantrieb	Benzin	14	19	Jan 1955	Dec 1961	2024-03-01	107910
Lloyd	Lk	0.4	Kasten	Frontantrieb	Gemisch	10	13	Jan 1953	Dec 1957	2024-03-01	107911
BMW	5	535 I Xdrive	Stufenheck	Allrad	Benzin	240	326	Jul 2013	Oct 2016	2024-03-01	107912
Lloyd	Lk	0.6	Kasten	Frontantrieb	Benzin	14	19	Jan 1955	Dec 1961	2024-03-01	107913
BMW	4	430 D	Coupe	Heckantrieb	Diesel	210	286	Nov 2013	Jun 2020	2024-03-01	107914
BMW	4	430 D Xdrive	Coupe	Allrad	Diesel	210	286	Mar 2014	Jun 2020	2024-03-01	107915
BMW	4	430 D	Cabriolet	Heckantrieb	Diesel	210	286	Jul 2014	Jul 2020	2024-03-01	107916
BMW	4	430 D	Coupe	Heckantrieb	Diesel	210	286	Jul 2014	Dec 2020	2024-03-01	107917
BMW	4	430 D Xdrive	Coupe	Allrad	Diesel	210	286	Jul 2014	Dec 2020	2024-03-01	107918
BMW	X5	Xdrive 35 I	SUV	Allrad	Benzin	240	326	Dec 2013	Jul 2018	2024-03-01	107919
Lloyd	Alexander	0.6	Stufenheck	Frontantrieb	Benzin	14	19	Jan 1957	Dec 1961	2024-03-01	107920
Lloyd	Alexander	0.6 TS	Stufenheck	Frontantrieb	Benzin	18	25	Jan 1958	Dec 1961	2024-03-01	107921
Lloyd	Alexander	0.6	Kombi	Frontantrieb	Benzin	14	19	Jan 1957	Dec 1961	2024-03-01	107922
Lloyd	Alexander	0.6 TS	Kombi	Frontantrieb	Benzin	18	25	Jan 1958	Dec 1961	2024-03-01	107924
BMW	4	435 I Xdrive	Cabriolet	Allrad	Benzin	250	340	Jul 2014	Feb 2016	2024-03-01	107926
BMW	4	435 I	Cabriolet	Heckantrieb	Benzin	250	340	Nov 2013	Feb 2016	2024-03-01	107927
BMW	4	435 I	Coupe	Heckantrieb	Benzin	250	340	Mar 2014	Feb 2016	2024-03-01	107928
BMW	4	435 I Xdrive	Coupe	Allrad	Benzin	250	340	Jul 2014	Feb 2016	2024-03-01	107929
Citroën	Berlingo	Electric	Kasten/Großraumlimousine	Frontantrieb	Elektro	49	67	Jan 2013	Dec 2018	2026-05-01	107936
Renault	Logan/stepway ii	1.2	Stufenheck	Frontantrieb	Benzin	55	75	Nov 2013	-	2024-03-01	107937
Renault	Logan	1.5 DCI	Stufenheck	Frontantrieb	Diesel	48	65	Apr 2006	Oct 2013	2024-03-01	107938
Renault	Logan	1.5 DCI	Kombi	Frontantrieb	Diesel	66	90	Jun 2011	Jun 2015	2024-03-01	107940
Peugeot	3008 i	1.6 Bluehdi 120	Großraumlimousine	Frontantrieb	Diesel	88	120	May 2014	Aug 2016	2024-11-01	107941
Skoda	Yeti	1.6	SUV	Frontantrieb	Benzin	81	110	Apr 2014	Dec 2017	2024-03-01	107942
Skoda	Octavia	1.6	Schrägheck	Frontantrieb	Benzin	81	110	Jan 2014	Oct 2020	2024-03-01	107943
Skoda	Octavia	1.6 SRE	Kombi	Frontantrieb	Benzin	81	110	Jan 2014	Feb 2017	2024-03-01	107944
VW	Golf vii	1.6	Schrägheck	Frontantrieb	Benzin	81	110	May 2014	Jul 2017	2024-03-01	107945
VW	Golf vii variant	1.6	Kombi	Frontantrieb	Benzin	81	110	May 2014	Jul 2017	2024-03-01	107946
VW	Polo	1.6	Schrägheck	Frontantrieb	Benzin	81	110	Jul 2014	Oct 2017	2024-03-01	107947
Steyr	Haflinger	0.65	Geländewagen offen	Allrad	Benzin	16	22	Jun 1959	Jun 1961	2024-03-01	107948
Steyr	Haflinger	0.65	Geländewagen offen	Allrad	Benzin	18	24	Jun 1961	Jun 1966	2024-03-01	107949
Steyr	Haflinger	0.65	Geländewagen offen	Allrad	Benzin	20	27	Jun 1966	Dec 1974	2024-03-01	107950
Mercedes-benz	B-Klasse sports tourer	B 220 CDI / D	Schrägheck	Frontantrieb	Diesel	130	177	Aug 2014	Dec 2018	2024-03-01	107954
Mercedes-benz	B-Klasse sports tourer	B 220 CDI / D 4-matic	Schrägheck	Allrad	Diesel	130	177	Aug 2014	Dec 2018	2024-03-01	107955
Citroën	Jumpy ii	1.6 HDI 90 8V	Bus	Frontantrieb	Diesel	66	90	Jan 2007	Mar 2016	2024-03-01	107956
Peugeot	Expert	1.6 HDI 90 8V	Bus	Frontantrieb	Diesel	66	90	Jan 2007	Mar 2016	2024-03-01	107957
Peugeot	Expert	1.6 HDI 90 8V	Kasten	Frontantrieb	Diesel	66	90	Jan 2007	-	2024-03-01	107958
Citroën	Jumpy ii	1.6 HDI 90 8V	Kasten	Frontantrieb	Diesel	66	90	Jan 2007	Mar 2016	2024-03-01	107959
Smart	Fortwo	0.9	Coupe	Heckantrieb	Benzin	66	90	Sep 2014	-	2024-03-01	107960
BMW	2	220 D	Coupe	Heckantrieb	Diesel	140	190	Mar 2014	Sep 2020	2024-03-01	107961
Ford	Kuga ii	1.5 Ecoboost	SUV	Frontantrieb	Benzin	110	150	Sep 2014	Jun 2019	2024-03-01	107967
Ford	Kuga ii	1.5 Ecoboost 4X4	SUV	Allrad	Benzin	134	182	Sep 2014	Jun 2018	2024-03-01	107968
Ford	Kuga ii	2.0 Tdci	SUV	Frontantrieb	Diesel	88	120	Sep 2014	Jun 2019	2024-03-01	107969
Ford	Kuga ii	2.0 Tdci	SUV	Frontantrieb	Diesel	110	150	Sep 2014	Jun 2019	2024-03-01	107970
Ford	Kuga ii	2.0 Tdci 4X4	SUV	Allrad	Diesel	110	150	Sep 2014	Jun 2019	2024-03-01	107971
Ford	Kuga ii	2.0 Tdci 4X4	SUV	Allrad	Diesel	132	180	Sep 2014	Jun 2019	2024-03-01	107972
BMW	2	216 D	Großraumlimousine	Frontantrieb	Diesel	85	116	Mar 2014	Oct 2021	2024-03-01	107975
BMW	2	220 D	Großraumlimousine	Frontantrieb	Diesel	140	190	Mar 2014	Oct 2021	2024-03-01	107976
BMW	2	220 D Xdrive	Großraumlimousine	Allrad	Diesel	140	190	Mar 2014	Oct 2021	2024-03-01	107977
Chevrolet	Corvette	6.2 Z06	Cabriolet	Heckantrieb	Benzin	485	660	Sep 2014	Nov 2019	2024-03-01	107980
Chevrolet	Corvette	6.2 Z06	Coupe	Heckantrieb	Benzin	485	660	Sep 2014	Nov 2019	2024-03-01	107981
BMW	2	220 I	Cabriolet	Heckantrieb	Benzin	135	184	Apr 2014	Jun 2021	2024-03-01	107982
BMW	2	228 I	Cabriolet	Heckantrieb	Benzin	180	245	Nov 2014	Jun 2016	2024-03-01	107983
BMW	2	M 235 I	Cabriolet	Heckantrieb	Benzin	240	326	Nov 2014	Jun 2016	2024-03-01	108000
BMW	2	220 D	Cabriolet	Heckantrieb	Diesel	140	190	Mar 2014	Sep 2020	2024-03-01	108001
BMW	X6	Xdrive 35 I	SUV	Allrad	Benzin	225	306	Aug 2014	Jul 2019	2024-03-01	108002
Mercedes-benz	C-Klasse	C 400 4-matic	Stufenheck	Allrad	Benzin	245	333	Oct 2014	Nov 2020	2024-03-01	108003
Mercedes-benz	C-Klasse	AMG C 63	Stufenheck	Heckantrieb	Benzin	350	476	Oct 2014	May 2021	2024-03-01	108004
Mercedes-benz	C-Klasse	AMG C 63 S	Stufenheck	Heckantrieb	Benzin	375	510	Oct 2014	May 2021	2024-03-01	108005
Mercedes-benz	C-Klasse	C 250 Bluetec / D 4-matic	Kombi	Allrad	Diesel	150	204	Oct 2014	May 2018	2024-03-01	108006
Mercedes-benz	C-Klasse	C 300 Bluetec Hybrid / H	Kombi	Heckantrieb	Diesel/Elektro	150	204	Oct 2014	May 2018	2024-03-01	108007
Mercedes-benz	C-Klasse	C 400 4-matic	Kombi	Allrad	Benzin	245	333	Oct 2014	Feb 2021	2024-03-01	108008
Mercedes-benz	C-Klasse	AMG C 63	Kombi	Heckantrieb	Benzin	350	476	Oct 2015	Feb 2021	2024-03-01	108009
Mercedes-benz	C-Klasse	AMG C 63 S	Kombi	Heckantrieb	Benzin	375	510	Oct 2015	Feb 2021	2024-03-01	108010
Mini	Mini	ONE	Schrägheck	Frontantrieb	Benzin	75	102	May 2014	Oct 2017	2024-03-01	108011
Mini	Mini	ONE D	Schrägheck	Frontantrieb	Diesel	70	95	Nov 2014	-	2025-06-01	108012
Jeep	Compass	2.2 CRD 4X4	SUV	Allrad	Diesel	100	136	May 2011	-	2024-03-01	108013
Hyundai	Genesis	3.8 GDI 4WD	Stufenheck	Allrad	Benzin	232	315	Jun 2014	Jul 2017	2024-05-01	108014
Hyundai	Genesis	3.0 GDI	Stufenheck	Heckantrieb	Benzin	183	249	Jun 2014	Jul 2017	2024-05-01	108015
Hyundai	Genesis	3.0 GDI 4WD	Stufenheck	Allrad	Benzin	183	249	Jun 2014	Jul 2017	2024-05-01	108016
Maserati	Quattroporte ii	3	Stufenheck	Frontantrieb	Benzin	154	210	Oct 1974	Dec 1978	2024-03-01	108017
Maserati	Quattroporte i	4.1	Stufenheck	Heckantrieb	Benzin	191	260	Sep 1962	Dec 1970	2024-03-01	108018
Fiat	Panda	0.9 4X4	Schrägheck	Allrad	Benzin	66	90	Jun 2014	-	2024-03-01	108019
Fiat	Panda	1.3 D Multijet 4X4	Schrägheck	Allrad	Diesel	59	80	Jun 2014	-	2024-03-01	108020
Aston Martin	Vanquish	6	Coupe	Heckantrieb	Benzin	424	577	May 2014	-	2025-11-01	108025
Citroën	C4 cactus	1.2 VTI 75 / Puretech 75	Schrägheck	Frontantrieb	Benzin	55	75	Sep 2014	-	2024-03-01	108026
Citroën	C4 cactus	1.2 THP 110	Schrägheck	Frontantrieb	Benzin	81	110	Sep 2014	-	2024-03-01	108027
Citroën	C4 cactus	1.6 Bluehdi 100	Schrägheck	Frontantrieb	Diesel	73	99	Sep 2014	Jun 2018	2025-02-03	108028
Renault	Megane iii	2.0 R.s.	Coupe	Frontantrieb	Benzin	201	273	Jul 2014	Sep 2016	2024-03-01	108031
BMW	I3	Electric	Schrägheck	Heckantrieb	Elektro	125	170	Aug 2013	-	2024-03-01	108045
BMW	I3	Range Extender	Schrägheck	Heckantrieb	Benzin/Elektro	125	170	Aug 2013	-	2024-03-01	108046
Chrysler	Sebring	2.4	Cabriolet	Frontantrieb	Benzin	128	174	May 2007	Dec 2010	2024-03-01	108050
Citroën	Ds5	1.6 THP 165 Hybrid	Schrägheck	Frontantrieb	Benzin/Elektro	121	165	Jun 2012	Jul 2015	2024-03-01	108053
Peugeot	5008	1.6 THP 150	Großraumlimousine	Frontantrieb	Benzin	110	150	Feb 2012	Mar 2017	2024-03-01	108055
Peugeot	5008	1.6 THP 163	Großraumlimousine	Frontantrieb	Benzin	120	163	Feb 2012	Mar 2017	2024-03-01	108056
Renault	Twingo	1.0 SCE 70	Schrägheck	Heckantrieb	Benzin	52	71	Sep 2014	Apr 2019	2026-05-01	108062
Renault	Twingo	0.9 TCE 90	Schrägheck	Heckantrieb	Benzin	66	90	Sep 2014	Apr 2019	2026-05-01	108063
Steyr	500/650	500	Stufenheck	Heckantrieb	Benzin	15	20	Jan 1959	Dec 1973	2024-03-01	108067
Ford	Kuga ii	1.6 Ecoboost 4X4	SUV	Allrad	Benzin	110	150	Mar 2013	Sep 2014	2024-03-01	108072
Mercedes-benz	Amg gt	GT	Coupe	Heckantrieb	Benzin	340	462	Aug 2015	Dec 2021	2024-03-01	108073
Mercedes-benz	Amg gt	GT S	Coupe	Heckantrieb	Benzin	375	510	Oct 2014	May 2020	2024-03-01	108074
Alpina	D4	Biturbo	Coupe	Heckantrieb	Diesel	257	350	Sep 2014	Jun 2020	2026-06-01	108075
Alpina	D4	Biturbo	Cabriolet	Heckantrieb	Diesel	257	350	Sep 2014	Jun 2020	2026-06-01	108076
KIA	Soul ii	EV Electric	Schrägheck	Frontantrieb	Elektro	81	110	Sep 2014	Nov 2018	2024-03-01	108081
Chevrolet	Spark	1.0 LPG	Schrägheck	Frontantrieb	Benzin/Autogas (LPG)	48	65	Jul 2010	-	2024-03-01	108085
Dodge	Challenger	6.4	Coupe	Heckantrieb	Benzin	362	492	Sep 2014	-	2024-03-01	108086
Dodge	Challenger	6.2 SRT Hellcat	Coupe	Heckantrieb	Benzin	527	717	Sep 2014	-	2024-03-01	108087
Ford USA	F-150	3.5 4WD	Pick-up	Allrad	Benzin	272	370	Sep 2014	-	2024-03-01	108101
Ford USA	F-150	3.5 4WD	Pick-up	Allrad	Benzin	272	370	Sep 2014	-	2024-03-01	108103
Ford USA	F-150	3.5 4WD	Pick-up	Allrad	Benzin	272	370	Sep 2014	-	2024-03-01	108105
VW	Cc b7	1.4 TSI Multifuel	Coupe	Frontantrieb	Benzin/Ethanol	118	160	Nov 2011	Dec 2016	2024-03-01	108119
VW	Xl1	0.8 TDI E-hybrid	Coupe	Heckantrieb	Diesel/Elektro	51	69	Feb 2014	-	2024-03-01	108127
Audi	Q3	2.0 Tfsi Quattro	SUV	Allrad	Benzin	147	200	Sep 2014	Oct 2018	2024-03-01	108130
VW	Jetta iv	1.4 TSI	Stufenheck	Frontantrieb	Benzin	92	125	Aug 2014	Dec 2017	2024-03-01	108131
VW	Jetta iv	2.0 TDI	Stufenheck	Frontantrieb	Diesel	110	150	Jul 2014	Dec 2017	2024-03-01	108132
VW	Jetta iv	1.4 TSI	Stufenheck	Frontantrieb	Benzin	110	150	Aug 2014	Dec 2017	2024-03-01	108147
Citroën	Ds5	1.6 Bluehdi 120	Schrägheck	Frontantrieb	Diesel	88	120	Jul 2014	Jul 2015	2024-03-01	108149
Renault	Master iii	2.3 DCI 110 FWD	Kasten	Frontantrieb	Diesel	81	110	Jul 2014	Dec 2024	2026-03-01	108150
Renault	Master iii	2.3 DCI 165 RWD	Kasten	Heckantrieb	Diesel	120	163	Jul 2014	Dec 2024	2026-03-01	108151
Renault	Master iii	2.3 DCI 165 FWD	Bus	Frontantrieb	Diesel	120	163	Jul 2014	Dec 2024	2026-03-01	108152
Renault	Master iii	2.3 DCI 135 RWD	Kasten	Heckantrieb	Diesel	100	136	Jul 2014	Jun 2019	2026-03-01	108153
Renault	Master iii	2.3 DCI 135 FWD	Bus	Frontantrieb	Diesel	100	136	Jul 2014	Dec 2024	2026-03-01	108154
Audi	A1	1.4 Tfsi	Schrägheck	Frontantrieb	Benzin	92	125	Nov 2014	Oct 2018	2024-03-01	108155
Citroën	C4 picasso ii	1.6 THP 165	Großraumlimousine	Frontantrieb	Benzin	121	165	Jul 2014	-	2024-03-01	108156
Audi	A1	1.4 Tfsi	Schrägheck	Frontantrieb	Benzin	92	125	Nov 2014	Oct 2018	2024-03-01	108157
Citroën	C4 grand picasso ii	1.6 THP 165	Großraumlimousine	Frontantrieb	Benzin	121	165	Jul 2014	-	2024-03-01	108158
Citroën	Ds3	1.6 Bluehdi 100	Cabriolet	Frontantrieb	Diesel	73	99	Jul 2014	Jul 2015	2024-03-01	108159
Audi	A1	1.4 TSI	Schrägheck	Frontantrieb	Benzin	110	150	Nov 2014	Oct 2018	2024-03-01	108160
Audi	A1	1.4 TSI	Schrägheck	Frontantrieb	Benzin	110	150	Nov 2014	Oct 2018	2024-03-01	108161
Audi	A1	1.6 TDI	Schrägheck	Frontantrieb	Diesel	85	115	Nov 2014	Oct 2018	2024-03-01	108162
Citroën	C4 ii	1.2 THP 130	Schrägheck	Frontantrieb	Benzin	96	130	Apr 2014	Dec 2017	2024-07-01	108163
Audi	A1	1.6 TDI	Schrägheck	Frontantrieb	Diesel	85	115	Nov 2014	Oct 2018	2024-03-01	108164
Audi	A1	1.4 TDI	Schrägheck	Frontantrieb	Diesel	66	90	Nov 2014	Oct 2018	2024-03-01	108165
Citroën	Berlingo	Electric	Kasten/Großraumlimousine	Frontantrieb	Elektro	35	48	Jan 2013	-	2025-11-01	108166
Renault	Master iii	2.3 DCI 110 FWD	Bus	Frontantrieb	Diesel	81	110	Jul 2014	Dec 2021	2026-03-01	108167
Audi	A1	1.4 TDI	Schrägheck	Frontantrieb	Diesel	66	90	Nov 2014	Oct 2018	2024-03-01	108168
Peugeot	308 ii	1.6 GT 205	Schrägheck	Frontantrieb	Benzin	151	205	Jun 2014	Jun 2021	2024-03-01	108171
Peugeot	308 ii	2.0 GT Bluehdi 180	Schrägheck	Frontantrieb	Diesel	133	181	Jun 2014	Jun 2021	2024-03-01	108172
Peugeot	308 sw ii	1.6 GT 205	Kombi	Frontantrieb	Benzin	151	205	Feb 2015	Jun 2021	2024-03-01	108173
Peugeot	308 sw ii	2.0 GT HDI 180 / Bluehdi 180	Kombi	Frontantrieb	Diesel	133	181	Jun 2014	Jun 2021	2024-03-01	108174
Peugeot	5008	1.6 Bluehdi 120	Großraumlimousine	Frontantrieb	Diesel	88	120	May 2014	Mar 2017	2024-03-01	108175
Renault	Master iii	2.3 DCI 110 FWD	Pritsche/Fahrgestell	Frontantrieb	Diesel	81	110	Jul 2014	Dec 2021	2026-03-01	108176
Renault	Master iii	2.3 DCI 135 RWD	Pritsche/Fahrgestell	Heckantrieb	Diesel	100	136	Jul 2014	Jun 2019	2026-03-01	108177
Renault	Master iii	2.3 DCI 165 RWD	Pritsche/Fahrgestell	Heckantrieb	Diesel	120	163	Jul 2014	Dec 2024	2026-03-01	108178
Mercedes-benz	B-Klasse sports tourer	Electric Drive / B 250 E	Schrägheck	Frontantrieb	Elektro	132	180	Nov 2014	Oct 2017	2024-03-01	108181
BMW	2	220 I	Großraumlimousine	Frontantrieb	Benzin	141	192	Mar 2014	Oct 2021	2024-03-01	108182
Jaguar	Xe	2.0 D	Stufenheck	Heckantrieb	Diesel	120	163	Mar 2015	-	2024-03-01	108183
Jaguar	Xe	2.0 D	Stufenheck	Heckantrieb	Diesel	132	180	Mar 2015	-	2024-03-01	108184
Jaguar	Xe	2	Stufenheck	Heckantrieb	Benzin	147	200	Mar 2015	-	2024-03-01	108185
Jaguar	Xe	2	Stufenheck	Heckantrieb	Benzin	177	241	Mar 2015	-	2024-03-01	108186
Jaguar	Xe	3.0 S	Stufenheck	Heckantrieb	Benzin	250	340	Mar 2015	-	2024-03-01	108187
BMW	2	225 I Xdrive	Großraumlimousine	Allrad	Benzin	170	231	Mar 2014	Oct 2021	2024-03-01	108188
Bentley	Mulsanne	6.75 Turbo	Stufenheck	Heckantrieb	Benzin	245	333	Sep 1981	Dec 1985	2024-07-01	108189
Ferrari	208/308	2.0 208 GTB	Coupe	Heckantrieb	Benzin	115	156	Jan 1980	Jul 1982	2024-03-01	108191
Aston Martin	V8	5.3 V8	Cabriolet	Heckantrieb	Benzin	235	320	Jan 1980	Jan 1986	2024-03-01	108196
Iveco	Daily v	29l15, 35s15, 35c15, 40c15, 50c15	Pritsche/Fahrgestell	Heckantrieb	Diesel	107	146	Sep 2011	Feb 2014	2024-03-01	108241
Iveco	Daily iii	2.8 CNG	Kasten	Heckantrieb	CNG	78	106	May 1999	Jul 2007	2024-03-01	108243
Audi	A3	S3 Quattro	Stufenheck	Allrad	Benzin	215	292	May 2014	Oct 2020	2024-03-01	108249
Lotus	Elise	1.8	Cabriolet	Heckantrieb	Benzin	118	160	Nov 1998	Jan 2001	2024-03-01	108250
Lotus	Elise	1.8	Cabriolet	Heckantrieb	Benzin	142	193	Mar 1999	Jan 2001	2024-03-01	108251
Renault	Master iii	2.3 DCI 135 FWD	Kasten	Frontantrieb	Diesel	100	136	Jul 2014	Dec 2025	2026-03-01	108252
Renault	Master iii	2.3 DCI 165 FWD	Kasten	Frontantrieb	Diesel	120	163	Jul 2014	Dec 2024	2026-03-01	108253
BMW	X6	Xdrive 40 D	SUV	Allrad	Diesel	230	313	Dec 2014	Jul 2019	2024-03-01	108255
Fiat	500	1.4	Cabriolet	Frontantrieb	Benzin	75	102	Sep 2011	-	2024-03-01	108260
Volvo	Xc60 i	T5 AWD	SUV	Allrad	Benzin	187	254	Apr 2014	Feb 2017	2024-03-01	108270
Alfa Romeo	4c	1.8	Cabriolet	Heckantrieb	Benzin	177	241	Oct 2014	Dec 2020	2024-03-01	108275
Alfa Romeo	Giulietta	1.4 TB	Schrägheck	Frontantrieb	Benzin	110	150	Sep 2014	Oct 2018	2024-03-01	108276
Opel	Corsa e	1.4	Schrägheck	Frontantrieb	Benzin	55	75	Sep 2014	-	2024-03-01	108277
Mazda	2	1.5 D	Schrägheck	Frontantrieb	Diesel	77	105	Jun 2015	-	2024-03-01	108280
Mazda	2	1.5 Skyactiv-g	Schrägheck	Frontantrieb	Benzin	85	115	Aug 2014	-	2024-03-01	108282
Mazda	3	2	Stufenheck	Frontantrieb	Benzin	121	165	Nov 2014	May 2019	2024-03-01	108289
Lancia	Thema	3.6 4WD	Stufenheck	Allrad	Benzin	210	286	Sep 2011	Oct 2014	2024-03-01	108293
Fiat	500x	1.4	SUV	Frontantrieb	Benzin	103	140	Sep 2014	-	2024-03-01	108300
Fiat	500x	1.6 D Multijet	SUV	Frontantrieb	Diesel	88	120	Sep 2014	-	2024-03-01	108301
Fiat	500x	2.0 D Multijet 4X4	SUV	Allrad	Diesel	103	140	Sep 2014	Sep 2018	2024-03-01	108302
Nissan	Pathfinder iv	3.5	SUV	Frontantrieb	Benzin	190	258	Oct 2013	-	2024-03-01	108312
Suzuki	Sx4 / classic	1.5 VVT 4X4	Schrägheck	Allrad	Benzin	82	112	Jul 2010	-	2024-07-01	108353
Bentley	Continental	4.0 Flex	Coupe	Allrad	Benzin/Ethanol	426	579	Oct 2014	Jul 2018	2024-03-01	108356
Audi	Tt	2.0 Tfsi	Cabriolet	Frontantrieb	Benzin	169	230	Nov 2014	-	2024-03-01	108396
Audi	Tt	2.0 Tfsi Quattro	Cabriolet	Allrad	Benzin	169	230	Nov 2014	-	2024-03-01	108397
Audi	Tt	2.0 TDI	Cabriolet	Frontantrieb	Diesel	135	184	Nov 2014	-	2024-03-01	108398
Audi	Tt	2.0 TTS Quattro	Coupe	Allrad	Benzin	228	310	Nov 2014	-	2024-03-01	108402
Audi	Tt	2.0 TTS Tfsi Quattro	Cabriolet	Allrad	Benzin	228	310	Nov 2014	-	2025-06-01	108403
Jaguar	Xj220	3.5 V6	Coupe	Heckantrieb	Benzin	404	549	Jun 1991	Dec 1995	2024-03-01	108421
Audi	A6 c7	1.8 Tfsi	Stufenheck	Frontantrieb	Benzin	140	190	Sep 2014	Sep 2018	2024-03-01	108430
Audi	A6 c7	2.0 TDI	Stufenheck	Frontantrieb	Diesel	110	150	Sep 2014	Sep 2018	2024-03-01	108431
Audi	A6 c7	2.0 Tfsi	Stufenheck	Frontantrieb	Benzin	185	252	Sep 2014	Sep 2018	2024-03-01	108432
Audi	A6 c7	3.0 TDI	Stufenheck	Frontantrieb	Diesel	155	211	Sep 2014	Sep 2018	2024-03-01	108433
Audi	A6 c7	3.0 TDI Quattro	Stufenheck	Allrad	Diesel	155	211	Sep 2014	Sep 2018	2024-03-01	108434
Audi	A6 c7	3.0 TDI	Stufenheck	Frontantrieb	Diesel	160	218	Sep 2014	Sep 2018	2024-03-01	108435
Audi	A6 c7	3.0 TDI Quattro	Stufenheck	Allrad	Diesel	160	218	Sep 2014	Sep 2018	2024-03-01	108436
Audi	A6 c7	3.0 TDI Quattro	Stufenheck	Allrad	Diesel	200	272	Sep 2014	Sep 2018	2024-03-01	108439
Audi	A6 c7	3.0 TDI Quattro	Stufenheck	Allrad	Diesel	235	320	Sep 2014	Sep 2018	2024-03-01	108440
Audi	A6 c7	3.0 TDI Quattro	Stufenheck	Allrad	Diesel	240	326	Sep 2014	Sep 2018	2024-03-01	108441
Audi	A6 c7	3.0 Tfsi Quattro	Stufenheck	Allrad	Benzin	245	333	Sep 2014	Sep 2018	2024-03-01	108443
Renault	Kangoo	1.5 DCI 110	Großraumlimousine	Frontantrieb	Diesel	81	110	Mar 2013	-	2024-03-01	108444
Mazda	3	1.5	Stufenheck	Frontantrieb	Benzin	74	100	Oct 2014	May 2019	2024-03-01	108445
Mercedes-benz	C-Klasse	C 300	Stufenheck	Heckantrieb	Benzin	180	245	Sep 2015	Aug 2018	2024-03-01	108453
Nissan	Nv400	DCI 150	Bus	Frontantrieb	Diesel	110	150	Feb 2014	Dec 2022	2026-03-01	108455
Nissan	Nv400	DCI 150 RWD	Pritsche/Fahrgestell	Heckantrieb	Diesel	110	150	Aug 2014	Jun 2016	2024-03-01	108457
Nissan	Nv400	DCI 150 RWD	Kasten	Heckantrieb	Diesel	110	150	Feb 2014	Sep 2016	2024-03-01	108459
Nissan	Nv400	DCI 150	Kasten	Frontantrieb	Diesel	110	150	Feb 2014	Dec 2022	2026-03-01	108460
Nissan	Nv400	DCI 150	Pritsche/Fahrgestell	Frontantrieb	Diesel	110	150	Aug 2014	Dec 2022	2026-03-01	108461
Nissan	Qashqai ii	1.6 Dig-t	SUV	Frontantrieb	Benzin	120	163	Feb 2014	Aug 2018	2026-06-01	108463
Fiat	500x	1.6 D Multijet	SUV	Frontantrieb	Diesel	84	114	Sep 2014	-	2024-03-01	108484
Fiat	500x	1.4	SUV	Frontantrieb	Benzin	100	136	Sep 2014	-	2024-03-01	108486
Fiat	500x	2.0 D Multijet 4X4	SUV	Allrad	Diesel	100	136	Sep 2014	Sep 2018	2024-03-01	108488
Tesla	Model s	85D AWD	Schrägheck	Allrad	Elektro	276	376	Oct 2014	Feb 2016	2024-03-01	108501
Tesla	Model s	60D AWD	Schrägheck	Allrad	Elektro	276	376	Oct 2014	Apr 2015	2024-03-01	108502
VW	Beetle	2.0 TDI	Cabriolet	Frontantrieb	Diesel	110	150	Sep 2014	Sep 2018	2024-03-01	108514
VW	Beetle	2.0 TDI	Schrägheck	Frontantrieb	Diesel	110	150	Jul 2014	Sep 2018	2024-03-01	108515
Toyota	Mirai	FCV	Stufenheck	Frontantrieb	Wasserstoff	113	154	Dec 2014	May 2020	2024-03-01	108550
Mitsubishi	Eclipse iv	3.8	Cabriolet	Frontantrieb	Benzin	196	267	Apr 2005	Dec 2008	2024-03-01	108552
Peugeot	Partner tepee	1.6 HDI	Großraumlimousine	Frontantrieb	Diesel	66	90	Mar 2013	-	2024-03-01	108555
Audi	A6 c7	S6 Quattro	Stufenheck	Allrad	Benzin	331	450	Oct 2014	Sep 2018	2024-03-01	108559
Audi	A6 c7 avant	1.8 Tfsi	Kombi	Frontantrieb	Benzin	140	190	Sep 2014	Sep 2018	2024-03-01	108560
Ford	Focus iii	1.5 Ecoboost	Stufenheck	Frontantrieb	Benzin	110	150	Nov 2014	Feb 2020	2024-03-01	108562
Peugeot	508 sw i	2.0 HDI 180 RXH	Kombi	Frontantrieb	Diesel	133	181	Oct 2014	Dec 2018	2024-03-01	108563
Ford	Focus iii	1.5 Ecoboost	Stufenheck	Frontantrieb	Benzin	134	182	Nov 2014	Feb 2020	2024-03-01	108564
Nissan	Navara	2.5 DCI 4X4	Pick-up	Allrad	Diesel	120	163	Jul 2014	-	2024-03-01	108566
Ford	Focus iii	1.5 Tdci	Stufenheck	Frontantrieb	Diesel	70	95	Nov 2014	Feb 2020	2024-03-01	108567
Ford	Focus iii	1.5 Tdci Econetic	Stufenheck	Frontantrieb	Diesel	77	105	Nov 2014	Feb 2020	2024-03-01	108570
Ford	Focus iii	1.5 Tdci	Stufenheck	Frontantrieb	Diesel	88	120	Nov 2014	Feb 2020	2024-03-01	108571
Ford	Focus iii	2.0 Tdci	Stufenheck	Frontantrieb	Diesel	110	150	Nov 2014	Feb 2020	2024-03-01	108572
Ford	Focus iii	2.0 Tdci	Schrägheck	Frontantrieb	Diesel	110	150	Nov 2014	Dec 2017	2024-03-01	108574
Ford	Focus iii	2.0 Tdci ST	Schrägheck	Frontantrieb	Diesel	136	185	Nov 2014	Dec 2017	2024-03-01	108575
Ford	Focus iii turnier	2.0 Tdci	Kombi	Frontantrieb	Diesel	110	150	Nov 2014	Feb 2020	2024-03-01	108576
Ford	Focus iii turnier	2.0 Tdci ST	Kombi	Frontantrieb	Diesel	136	185	Nov 2014	Feb 2020	2024-03-01	108577
Audi	A6 c7 avant	2.0 TDI	Kombi	Frontantrieb	Diesel	110	150	Sep 2014	Sep 2018	2024-03-01	108581
Audi	A6 c7 avant	2.0 Tfsi	Kombi	Frontantrieb	Benzin	185	252	Sep 2014	Sep 2018	2024-03-01	108582
Audi	A6 c7 avant	3.0 TDI	Kombi	Frontantrieb	Diesel	155	211	Sep 2014	Sep 2018	2024-03-01	108585
Audi	A6 c7 avant	3.0 TDI	Kombi	Frontantrieb	Diesel	160	218	Sep 2014	Sep 2018	2024-03-01	108588
Audi	A6 c7 avant	3.0 TDI Quattro	Kombi	Allrad	Diesel	155	211	Sep 2014	Sep 2018	2024-03-01	108590
Audi	A6 c7 avant	3.0 TDI Quattro	Kombi	Allrad	Diesel	160	218	Sep 2014	Sep 2018	2024-03-01	108591
Audi	A6 c7 avant	3.0 TDI Quattro	Kombi	Allrad	Diesel	200	272	Sep 2014	Sep 2018	2024-03-01	108592
Audi	A6 c7 avant	3.0 TDI Quattro	Kombi	Allrad	Diesel	235	320	Sep 2014	Sep 2018	2024-03-01	108593
Audi	A6 c7 avant	3.0 TDI Quattro	Kombi	Allrad	Diesel	240	326	Sep 2014	Sep 2018	2024-03-01	108594
Audi	A6 c7 avant	S6 Quattro	Kombi	Allrad	Benzin	331	450	Oct 2014	Sep 2018	2024-03-01	108595
Ford	Mondeo v	2.0 Hybrid	Stufenheck	Frontantrieb	Benzin/Elektro	140	190	Sep 2014	Mar 2022	2026-04-01	108597
Citroën	Ds3	1.2 THP 110	Cabriolet	Frontantrieb	Benzin	81	110	Oct 2014	Jul 2015	2024-03-01	108598
Audi	A6 c7 avant	3.0 Tfsi Quattro	Kombi	Allrad	Benzin	245	333	Sep 2014	Sep 2018	2024-03-01	108599
Citroën	Ds3	1.2 THP 110	Schrägheck	Frontantrieb	Benzin	81	110	Oct 2014	Mar 2015	2024-03-01	108600
Audi	A6 allroad c7	3.0 TDI Quattro	Kombi	Allrad	Diesel	155	211	Sep 2014	Sep 2018	2024-03-01	108601
Audi	A6 allroad c7	3.0 TDI Quattro	Kombi	Allrad	Diesel	160	218	Sep 2014	Sep 2018	2024-03-01	108602
Audi	A6 allroad c7	3.0 TDI Quattro	Kombi	Allrad	Diesel	200	272	Sep 2014	Sep 2018	2024-03-01	108604
Audi	A6 allroad c7	3.0 TDI Quattro	Kombi	Allrad	Diesel	235	320	Jan 2012	Sep 2018	2024-03-01	108605
Audi	A6 allroad c7	3.0 Tfsi Quattro	Kombi	Allrad	Benzin	245	333	Sep 2014	Sep 2018	2024-03-01	108606
BMW	X5	Xdrive 30 D	SUV	Allrad	Diesel	204	277	Aug 2013	Jul 2018	2024-03-01	108608
Mercedes-benz	C-Klasse	C 220 Bluetec / D	Kombi	Heckantrieb	Diesel	120	163	Sep 2014	May 2018	2024-03-01	108610
Mini	Mini	Cooper All4	Kombi	Allrad	Benzin	90	122	Nov 2012	Oct 2016	2024-03-01	108611
VW	Passat b8	1.4 TSI	Stufenheck	Frontantrieb	Benzin	92	125	Nov 2014	Nov 2018	2025-02-03	108612
VW	Passat b8	1.6 TDI	Stufenheck	Frontantrieb	Diesel	88	120	Aug 2014	Nov 2020	2025-02-03	108613
VW	Passat b8	2.0 TDI	Stufenheck	Frontantrieb	Diesel	140	190	Nov 2014	Mar 2024	2025-02-03	108615
VW	Passat b8	2.0 TDI 4motion	Stufenheck	Allrad	Diesel	140	190	Nov 2014	Mar 2024	2025-02-03	108616
Volvo	Xc90 i	V8 AWD	SUV	Allrad	Benzin	235	320	Sep 2004	Dec 2005	2024-03-01	108617
Mini	Mini	Cooper All4	Coupe	Allrad	Benzin	90	122	Nov 2012	Sep 2016	2024-03-01	108618
BMW	X5	M	SUV	Allrad	Benzin	423	575	Dec 2014	Jul 2018	2024-03-01	108622
BMW	X6	M	SUV	Allrad	Benzin	423	575	Dec 2014	Jul 2019	2024-03-01	108623
Mini	Mini	Cooper All4	Kombi	Allrad	Benzin	90	122	Nov 2012	Oct 2016	2024-03-01	108624
Peugeot	Expert	2.0 HDI 130 4X4	Bus	Allrad	Diesel	94	128	Mar 2011	Mar 2016	2024-03-01	108627
VW	Passat b8 variant	1.4 TSI	Kombi	Frontantrieb	Benzin	92	125	Nov 2014	Nov 2018	2025-02-03	108628
VW	Passat b8 variant	1.6 TDI	Kombi	Frontantrieb	Diesel	88	120	Aug 2014	Nov 2020	2025-02-03	108629
VW	Passat b8 variant	2.0 TDI	Kombi	Frontantrieb	Diesel	140	190	Nov 2014	Mar 2024	2025-02-03	108630
VW	Passat b8 variant	2.0 TDI 4motion	Kombi	Allrad	Diesel	140	190	Nov 2014	Mar 2024	2025-02-03	108631
Seat	Leon	1.6 TDI 4drive	Kombi	Allrad	Diesel	81	110	Nov 2014	Aug 2020	2024-03-01	108633
Seat	Leon	2.0 TDI 4drive	Kombi	Allrad	Diesel	135	184	Nov 2014	Aug 2018	2024-03-01	108634
Seat	Leon	1.8 TSI 4drive	Kombi	Allrad	Benzin	132	180	Nov 2014	Aug 2018	2024-03-01	108635
Seat	Leon	2.0 Cupra	Kombi	Frontantrieb	Benzin	195	265	Oct 2013	Aug 2020	2024-03-01	108636
Seat	Leon	2.0 Cupra	Kombi	Frontantrieb	Benzin	206	280	Oct 2013	Aug 2020	2024-03-01	108637
VW	Polo	1.8 GTI	Schrägheck	Frontantrieb	Benzin	141	192	Nov 2014	Oct 2017	2024-03-01	108640
Toyota	Avalon	3.5	Stufenheck	Frontantrieb	Benzin	200	272	Sep 2012	Mar 2018	2024-03-01	108641
Peugeot	208 i	1.6 GTI	Schrägheck	Frontantrieb	Benzin	153	208	Oct 2014	Dec 2019	2024-03-01	108642
Skoda	Octavia	1.6 TDI 4X4	Schrägheck	Allrad	Diesel	77	105	May 2013	May 2015	2024-03-01	108643
Skoda	Octavia	1.8 TSI 4X4	Schrägheck	Allrad	Benzin	132	180	May 2014	Oct 2020	2024-03-01	108644
Skoda	Octavia	2.0 TDI 4X4	Schrägheck	Allrad	Diesel	110	150	May 2013	Oct 2020	2024-03-01	108645
Nissan	Nv200	E-nv	Kasten	Frontantrieb	Elektro	80	109	May 2014	-	2024-03-01	108646
Morgan	Roadster	3.7	Cabriolet	Heckantrieb	Benzin	209	284	Nov 2011	-	2024-03-01	108647
Skoda	Octavia	2.0 TDI / TDI RS 4X4	Kombi	Allrad	Diesel	135	184	May 2013	Oct 2020	2024-03-01	108648
Skoda	Octavia	2.0 TDI / TDI RS 4X4	Schrägheck	Allrad	Diesel	135	184	May 2013	Oct 2020	2024-03-01	108649
Skoda	Fabia iii	1	Schrägheck	Frontantrieb	Benzin	44	60	Aug 2014	Jun 2021	2024-03-01	108655
Skoda	Fabia iii	1	Schrägheck	Frontantrieb	Benzin	55	75	Aug 2014	Jun 2021	2024-03-01	108656
Skoda	Fabia iii	1.2 TSI	Schrägheck	Frontantrieb	Benzin	66	90	Aug 2014	Jun 2021	2024-03-01	108657
Skoda	Fabia iii	1.2 TSI	Schrägheck	Frontantrieb	Benzin	81	110	Aug 2014	Jun 2021	2024-03-01	108658
Skoda	Fabia iii	1.4 TDI	Schrägheck	Frontantrieb	Diesel	66	90	Aug 2014	Jun 2021	2024-03-01	108659
Skoda	Fabia iii	1.4 TDI	Schrägheck	Frontantrieb	Diesel	77	105	Aug 2014	Jun 2021	2024-03-01	108660
Skoda	Fabia iii	1	Kombi	Frontantrieb	Benzin	55	75	Oct 2014	Dec 2022	2024-03-01	108661
Skoda	Fabia iii	1.2 TSI	Kombi	Frontantrieb	Benzin	66	90	Oct 2014	Dec 2022	2024-03-01	108662
Skoda	Fabia iii	1.2 TSI	Kombi	Frontantrieb	Benzin	81	110	Oct 2014	Dec 2022	2024-03-01	108663
Skoda	Fabia iii	1.4 TDI	Kombi	Frontantrieb	Diesel	66	90	Oct 2014	Dec 2022	2024-03-01	108664
Skoda	Fabia iii	1.4 TDI	Kombi	Frontantrieb	Diesel	77	105	Oct 2014	Dec 2022	2024-03-01	108665
Skoda	Fabia iii	1	Kombi	Frontantrieb	Benzin	44	60	Oct 2014	Dec 2022	2024-03-01	108666
Citroën	Ds3	1.6 Racing	Cabriolet	Frontantrieb	Benzin	152	207	Mar 2014	Jul 2015	2024-03-01	108686
Ford USA	Explorer	4.0 V6 4WD	SUV	Allrad	Benzin	145	197	Jun 2000	Dec 2001	2024-03-01	108689
Chevrolet	Express 1500 standard cargo van	5.3	Kasten	Heckantrieb	Benzin	224	305	Sep 2007	Dec 2008	2024-03-01	108690
Chevrolet	Express 3500 standard cargo van	6	Kasten	Heckantrieb	Benzin	241	328	Sep 2007	Dec 2009	2024-03-01	108705
Mercedes-benz	S-Klasse	S 400 4-matic	Stufenheck	Allrad	Benzin	245	333	Nov 2014	May 2017	2024-03-01	108759
Mercedes-benz	S-Klasse	S 500	Coupe	Heckantrieb	Benzin	335	455	Nov 2014	Oct 2017	2024-03-01	108762
Smart	Forfour	1	Schrägheck	Heckantrieb	Benzin	45	60	Nov 2014	-	2024-03-01	108763
Smart	Forfour	0.9	Schrägheck	Heckantrieb	Benzin	66	90	Nov 2014	-	2024-03-01	108764
Smart	Fortwo	1	Coupe	Heckantrieb	Benzin	45	60	Nov 2014	-	2024-03-01	108765
Volvo	V40 cross country	T5 AWD	Schrägheck	Allrad	Benzin	180	245	May 2014	Aug 2019	2024-03-01	108766
Ford USA	Mustang	5.4	Coupe	Heckantrieb	Benzin	373	507	Sep 2007	Dec 2009	2024-03-01	108767
Ford	Kuga ii van	1.5 Ecoboost 4X4	Kasten/SUV	Allrad	Benzin	134	182	Sep 2014	Dec 2019	2024-05-01	108769
Ford	Grand c-Max van	1.0 Ecoboost	Kasten/Großraumlimousine	Frontantrieb	Benzin	74	100	Oct 2012	Jun 2018	2024-03-01	108777
Ford	Grand c-Max van	1.0 Ecoboost	Kasten/Großraumlimousine	Frontantrieb	Benzin	92	125	Oct 2012	Jun 2019	2024-03-01	108778
Ford	Grand c-Max van	1.6 Ecoboost	Kasten/Großraumlimousine	Frontantrieb	Benzin	110	150	Dec 2010	Jun 2019	2024-03-01	108779
Ford	Grand c-Max van	1.6 Tdci	Kasten/Großraumlimousine	Frontantrieb	Diesel	70	95	Dec 2010	Jun 2019	2024-03-01	108780
Ford	Grand c-Max van	1.6 Tdci	Kasten/Großraumlimousine	Frontantrieb	Diesel	85	115	Dec 2010	Jun 2019	2024-03-01	108784
Ford	Grand c-Max van	2.0 Tdci	Kasten/Großraumlimousine	Frontantrieb	Diesel	103	140	Dec 2010	Jun 2019	2024-03-01	108786
Ford	Grand c-Max van	2.0 Tdci	Kasten/Großraumlimousine	Frontantrieb	Diesel	85	115	Feb 2011	Jun 2019	2024-03-01	108788
Ford	Grand c-Max van	2.0 Tdci	Kasten/Großraumlimousine	Frontantrieb	Diesel	120	163	Dec 2010	Jun 2019	2024-03-01	108789
Ford	C-Max	1.0 Ecoboost	Kasten/Großraumlimousine	Frontantrieb	Benzin	74	100	Oct 2012	Jun 2019	2024-03-01	108790
Ford	C-Max	1.0 Ecoboost	Kasten/Großraumlimousine	Frontantrieb	Benzin	92	125	Oct 2012	Jun 2019	2024-03-01	108791
Ford	C-Max	1.6 Ecoboost	Kasten/Großraumlimousine	Frontantrieb	Benzin	110	150	Dec 2010	Jun 2019	2024-03-01	108792
Ford	B-Max	1.0 Ecoboost	Kasten/Großraumlimousine	Frontantrieb	Benzin	74	100	Oct 2012	Dec 2017	2026-05-01	108797
Hyundai	I20 ii	1.2	Schrägheck	Frontantrieb	Benzin	55	75	Nov 2014	Mar 2020	2024-05-01	108798
Ford	B-Max	1.0 Ecoboost	Kasten/Großraumlimousine	Frontantrieb	Benzin	92	125	Oct 2012	Dec 2017	2026-05-01	108800
Ford	B-Max	1.4	Kasten/Großraumlimousine	Frontantrieb	Benzin	66	90	Oct 2012	Dec 2017	2026-05-01	108801
Ford	B-Max	1.6 TI	Kasten/Großraumlimousine	Frontantrieb	Benzin	77	105	Oct 2012	Dec 2017	2026-05-01	108802
Ford	B-Max	1.5 Tdci	Kasten/Großraumlimousine	Frontantrieb	Diesel	55	75	Oct 2012	Dec 2017	2026-05-01	108803
Ford	B-Max	1.6 Tdci	Kasten/Großraumlimousine	Frontantrieb	Diesel	70	95	Oct 2012	Dec 2017	2026-05-01	108804
Land Rover	Range rover sport ii	5.0 Scv8 4X4	SUV	Allrad	Benzin	405	550	Jan 2014	Dec 2018	2024-03-01	108805
Hyundai	I20 ii	1.2	Schrägheck	Frontantrieb	Benzin	62	84	Nov 2014	Aug 2020	2024-05-01	108806
Hyundai	I20 ii	1.4	Schrägheck	Frontantrieb	Benzin	74	100	Nov 2014	Jun 2018	2024-05-01	108807
Ford	Fiesta vi van	1.0 Ecoboost	Kasten/Schrägheck	Frontantrieb	Benzin	92	125	Sep 2012	Apr 2017	2024-07-01	108808
Hyundai	I20 ii	1.1 Crdi	Schrägheck	Frontantrieb	Diesel	55	75	Nov 2014	Jun 2018	2024-05-01	108809
Hyundai	I20 ii	1.4 Crdi	Schrägheck	Frontantrieb	Diesel	66	90	Nov 2014	Jun 2018	2024-05-01	108810
Ford	Fiesta vi van	1.0 Ecoboost	Kasten/Schrägheck	Frontantrieb	Benzin	74	100	Jan 2013	Apr 2017	2024-07-01	108813
Ford	C-Max	1.6 Tdci	Kasten/Großraumlimousine	Frontantrieb	Diesel	70	95	Dec 2010	Jun 2019	2024-03-01	108814
Ford	C-Max	1.6 Tdci	Kasten/Großraumlimousine	Frontantrieb	Diesel	85	115	Dec 2010	Jun 2019	2024-03-01	108815
Ford	C-Max	2.0 Tdci	Kasten/Großraumlimousine	Frontantrieb	Diesel	85	115	Feb 2011	Jun 2019	2024-03-01	108816
Ford	C-Max	2.0 Tdci	Kasten/Großraumlimousine	Frontantrieb	Diesel	103	140	Feb 2011	Jun 2019	2024-03-01	108817
Ford	C-Max	2.0 Tdci	Kasten/Großraumlimousine	Frontantrieb	Diesel	120	163	Dec 2010	Jun 2019	2024-03-01	108818
Land Rover	Range rover sport ii	3.0 Sdv6 4X4	SUV	Allrad	Diesel	225	306	Sep 2014	Mar 2022	2025-02-03	108825
Citroën	C4 picasso ii	1.6 Bluehdi 120	Großraumlimousine	Frontantrieb	Diesel	88	120	Jul 2014	Dec 2018	2025-02-03	108850
Citroën	C4 grand picasso ii	1.6 Bluehdi 120	Großraumlimousine	Frontantrieb	Diesel	88	120	Jul 2014	Dec 2018	2025-02-03	108851
Citroën	Ds5	2.0 Bluehdi 150	Schrägheck	Frontantrieb	Diesel	110	150	Jul 2014	Jul 2015	2024-03-01	108854
Citroën	Ds4	1.6 Bluehdi 120	Schrägheck	Frontantrieb	Diesel	88	120	Jul 2014	Jul 2015	2024-03-01	108856
Volvo	Xc90 i	2.5 T AWD	SUV	Allrad	Benzin	154	209	Oct 2012	Sep 2014	2024-03-01	108870
Ford USA	Mustang	2.3 Ecoboost	Coupe	Heckantrieb	Benzin	231	314	Jan 2015	Apr 2023	2024-05-01	108873
Ford USA	Mustang convertible	2.3 Ecoboost	Cabriolet	Heckantrieb	Benzin	231	314	Jan 2015	Apr 2023	2024-05-01	108876
Ford USA	Mustang convertible	3.7 V6	Cabriolet	Heckantrieb	Benzin	224	305	Feb 2014	Apr 2023	2024-05-01	108877
Nissan	Nv200 / evalia	E-nv	Bus	Frontantrieb	Elektro	80	109	Jul 2014	-	2026-01-01	108894
Mercedes-benz	Cla	CLA 220 CDI / D	Coupe	Frontantrieb	Diesel	130	177	Sep 2014	Mar 2019	2024-03-01	108913
Mercedes-benz	Cla	CLA 220 CDI / D 4-matic	Coupe	Allrad	Diesel	130	177	Sep 2014	Mar 2019	2024-03-01	108914
Caterham	Seven	0.7	Cabriolet	Heckantrieb	Benzin	60	82	Dec 2013	-	2024-03-01	108935
Ferrari	458	4.5	Cabriolet	Heckantrieb	Benzin	445	605	Dec 2014	-	2024-03-01	108936
Morgan	Plus four	2.0 I	Cabriolet	Heckantrieb	Benzin	115	155	Jun 2014	Feb 2020	2024-03-01	108942
Nissan	Juke	1.6 Dig-t Nismo RS 4X4	SUV	Allrad	Benzin	157	214	Aug 2014	Dec 2019	2024-03-01	108986
Tesla	Model s	P85d AWD	Schrägheck	Allrad	Elektro	515	700	Oct 2014	Feb 2016	2024-03-01	109006
Mini	Mini	Cooper D	Kasten/Kombi	Frontantrieb	Diesel	82	112	Dec 2012	Jun 2014	2024-03-01	109038
Chrysler	Es	2.5	Schrägheck	Frontantrieb	Benzin	74	101	Jan 1988	Dec 1989	2024-03-01	109126
Chrysler	Es	Turbo	Schrägheck	Frontantrieb	Benzin	109	148	May 1989	Dec 1989	2024-03-01	109128
Citroën	Ds3	1.6 THP 165	Schrägheck	Frontantrieb	Benzin	121	165	Oct 2014	Jun 2015	2024-03-01	109261
Opel	Insignia a	2.0 Cdti	Schrägheck	Frontantrieb	Diesel	125	170	Nov 2014	Mar 2017	2024-03-01	109270
Opel	Insignia a	2.0 Cdti 4X4	Schrägheck	Allrad	Diesel	125	170	Nov 2014	Mar 2017	2024-03-01	109271
Opel	Insignia a	2.0 Cdti 4X4	Stufenheck	Allrad	Diesel	125	170	Nov 2014	Mar 2017	2024-03-01	109272
Opel	Insignia a	2.0 Cdti	Stufenheck	Frontantrieb	Diesel	125	170	Nov 2014	Mar 2017	2024-03-01	109273
Opel	Insignia a sports tourer	2.0 Cdti	Kombi	Frontantrieb	Diesel	125	170	Nov 2014	Dec 2016	2024-03-01	109274
Opel	Insignia a sports tourer	2.0 Cdti 4X4	Kombi	Allrad	Diesel	125	170	Nov 2014	Dec 2016	2024-03-01	109275
Opel	Adam	1.4 S	Schrägheck	Frontantrieb	Benzin	110	150	Nov 2014	May 2019	2025-11-01	109279
Mercedes-benz	Vito tourer	119 CDI / 119 Bluetec 4-matic	Bus	Allrad	Diesel	140	190	Dec 2014	-	2024-03-01	109294
Mercedes-benz	Vito mixto	119 Bluetec 4-matic	Kasten	Allrad	Diesel	140	190	Jul 2015	-	2025-02-03	109296
Mercedes-benz	V-Klasse	V 250 Bluetec / D 4-matic	Bus	Allrad	Diesel	140	190	Dec 2014	-	2024-03-01	109297
Mercedes-benz	G-Klasse	G 63 AMG 6X6	Geländewagen geschlossen	Allrad	Benzin	400	544	Dec 2014	Mar 2018	2024-03-01	109310
Porsche	Cayenne	3.0 Diesel	SUV	Allrad	Diesel	184	250	Aug 2014	May 2018	2025-06-01	109320
Citroën	Ds3	1.6 THP 165	Cabriolet	Frontantrieb	Benzin	121	165	Oct 2014	Jul 2015	2024-03-01	109321
Citroën	Ds4	2.0 Bluehdi 180	Schrägheck	Frontantrieb	Diesel	133	180	Jul 2014	Jul 2015	2024-03-01	109323
Citroën	Ds4	2.0 Bluehdi 150	Schrägheck	Frontantrieb	Diesel	110	150	Jul 2014	Jul 2015	2024-03-01	109324
Citroën	Ds4	1.2 THP 130	Schrägheck	Frontantrieb	Benzin	96	130	Jul 2014	Jul 2015	2024-03-01	109325
Citroën	C3 ii	1.2 THP 110	Schrägheck	Frontantrieb	Benzin	81	110	Oct 2014	Sep 2016	2024-07-01	109326
Peugeot	2008 i	1.6 Bluehdi 120	SUV	Frontantrieb	Diesel	88	120	Jul 2014	Apr 2018	2025-02-03	109331
Peugeot	208 i	1.6 Bluehdi 120	Schrägheck	Frontantrieb	Diesel	88	120	Jan 2015	Dec 2019	2024-03-01	109333
Peugeot	508 sw i	1.6	Kombi	Frontantrieb	Benzin	121	165	Feb 2012	Dec 2018	2024-03-01	109335
Mercedes-benz	B-Klasse sports tourer	Electric Drive / B 250 E	Schrägheck	Frontantrieb	Elektro	65	88	Nov 2014	Oct 2017	2024-03-01	109338
VW	Polo	1.0 TSI	Schrägheck	Frontantrieb	Benzin	70	95	Nov 2014	Oct 2017	2024-03-01	109340
Renault	Kangoo	1.5 DCI 110	Kasten/Großraumlimousine	Frontantrieb	Diesel	81	110	Sep 2013	-	2024-03-01	109341
Jaguar	F-Type	3.0 Scv6 S AWD	Cabriolet	Allrad	Benzin	280	380	Dec 2014	-	2024-03-01	109349
Jaguar	F-Type	3.0 Scv6 S AWD	Coupe	Allrad	Benzin	280	380	Dec 2014	-	2024-03-01	109350
Jaguar	F-Type	5.0 Scv8 R AWD	Coupe	Allrad	Benzin	405	551	Dec 2014	-	2024-03-01	109351
Jaguar	F-Type	5.0 Scv8 R	Cabriolet	Heckantrieb	Benzin	405	551	Oct 2013	-	2024-03-01	109352
Jaguar	F-Type	5.0 Scv8 R AWD	Cabriolet	Allrad	Benzin	405	551	Dec 2014	-	2024-03-01	109353
Mercedes-benz	Cla	CLA 180	Kombi	Frontantrieb	Benzin	90	122	Jan 2015	Mar 2019	2024-03-01	109389
Mercedes-benz	Cla	CLA 200	Kombi	Frontantrieb	Benzin	115	156	Jan 2015	Mar 2019	2024-03-01	109390
Mercedes-benz	Cla	CLA 250	Kombi	Frontantrieb	Benzin	155	211	Jan 2015	Mar 2019	2024-03-01	109391
Mercedes-benz	Cla	CLA 250 4-matic	Kombi	Allrad	Benzin	155	211	Jan 2015	Mar 2019	2024-03-01	109392
Mercedes-benz	Cla	CLA 45 AMG 4-matic	Kombi	Allrad	Benzin	265	360	Jan 2015	Jul 2015	2024-03-01	109393
Mercedes-benz	Cla	CLA 200 CDI / D	Kombi	Frontantrieb	Diesel	100	136	Jan 2015	Mar 2019	2024-03-01	109394
Mercedes-benz	Cla	CLA 200 CDI / D 4-matic	Kombi	Allrad	Diesel	100	136	Jan 2015	Mar 2019	2024-03-01	109396
Mercedes-benz	Cla	CLA 220 CDI / D	Kombi	Frontantrieb	Diesel	130	177	Jan 2015	Mar 2019	2024-03-01	109397
Renault	Dauphine	0.9	Stufenheck	Heckantrieb	Benzin	20	27	Mar 1956	Mar 1967	2024-03-01	109398
Mercedes-benz	Cla	CLA 220 CDI / D 4-matic	Kombi	Allrad	Diesel	130	177	Jan 2015	Mar 2019	2024-03-01	109399
Audi	A1	1.8 Tfsi	Schrägheck	Frontantrieb	Benzin	141	192	Feb 2015	Oct 2018	2024-03-01	109412
Audi	A1	1.8 Tfsi	Schrägheck	Frontantrieb	Benzin	141	192	Feb 2015	Oct 2018	2024-03-01	109413
Audi	Q3	2.0 TDI	SUV	Frontantrieb	Diesel	110	150	Nov 2014	Oct 2018	2024-03-01	109420
Audi	Q3	2.0 TDI Quattro	SUV	Allrad	Diesel	110	150	Nov 2014	Oct 2018	2024-03-01	109421
Audi	Q3	2.0 TDI Quattro	SUV	Allrad	Diesel	135	184	Nov 2014	Oct 2018	2024-03-01	109422
Audi	Q3	2.0 Tfsi Quattro	SUV	Allrad	Benzin	162	220	Nov 2014	Oct 2018	2024-03-01	109423
VW	Beetle	1.4 TSI	Schrägheck	Frontantrieb	Benzin	110	150	Dec 2014	Jul 2019	2024-03-01	109431
VW	Beetle	2.0 TDI	Schrägheck	Frontantrieb	Diesel	81	110	Jun 2014	Sep 2018	2024-03-01	109439
Volvo	Xc90 i	D5 AWD	SUV	Allrad	Diesel	120	163	Oct 2007	Dec 2010	2024-03-01	109449
VW	Beetle	2.0 TSI	Schrägheck	Frontantrieb	Benzin	162	220	Dec 2014	Sep 2018	2024-03-01	109454
VW	Beetle	2.0 TSI	Cabriolet	Frontantrieb	Benzin	162	220	Dec 2014	Sep 2018	2024-03-01	109457
Mercedes-benz	E-Klasse	E 220 Bluetec 4-matic	Stufenheck	Allrad	Diesel	125	170	Jan 2015	Dec 2015	2024-03-01	109458
VW	Beetle	1.4 TSI	Cabriolet	Frontantrieb	Benzin	110	150	Dec 2014	Sep 2018	2024-03-01	109462
VW	Beetle	2.0 TDI	Cabriolet	Frontantrieb	Diesel	81	110	Jun 2014	Sep 2018	2024-03-01	109467
Mercedes-benz	E-Klasse	E 220 Bluetec 4-matic	Kombi	Allrad	Diesel	125	170	Dec 2014	Dec 2016	2024-03-01	109474
Mercedes-benz	S-Klasse	S 500 Maybach	Stufenheck	Heckantrieb	Benzin	335	455	Dec 2014	May 2017	2024-03-01	109486
Mercedes-benz	S-Klasse	S 600 Maybach	Stufenheck	Heckantrieb	Benzin	390	530	Dec 2014	Nov 2018	2024-03-01	109488
VW	Polo	1.0 TSI	Schrägheck	Frontantrieb	Benzin	81	110	Nov 2014	Oct 2017	2024-03-01	109492
BMW	2	218 I	Coupe	Heckantrieb	Benzin	100	136	Mar 2015	Jun 2021	2024-03-01	109511
BMW	2	220 D Xdrive	Coupe	Allrad	Diesel	140	190	Jun 2014	Sep 2020	2024-03-01	109516
BMW	2	218 I	Cabriolet	Heckantrieb	Benzin	100	136	Mar 2015	Jun 2021	2024-03-01	109519
Hyundai	Santa fé i	2.7 4X4	SUV	Allrad	Benzin	129	175	Sep 2002	Dec 2004	2024-03-01	109535
Hyundai	Ix35	Fuel Cell	SUV	Frontantrieb	Wasserstoff	100	136	Sep 2014	Dec 2015	2024-03-01	109541
Mazda	2	1.5	Schrägheck	Frontantrieb	Benzin	55	75	Aug 2014	-	2024-03-01	109546
Mazda	2	1.5 Skyactiv-g	Schrägheck	Frontantrieb	Benzin	66	90	Aug 2014	-	2024-03-01	109547
Ford USA	Mustang convertible	5.0 V8	Cabriolet	Heckantrieb	Benzin	308	419	Jan 2015	Apr 2023	2024-05-01	109564
Ford USA	Mustang	5.0 V8	Coupe	Heckantrieb	Benzin	308	418	Jan 2015	Apr 2023	2024-05-01	109565
Nissan	240sx	2.4	Coupe	Heckantrieb	Benzin	104	141	Sep 1988	Dec 1990	2024-03-01	109605
Toyota	Rav 4 i	2	SUV	Frontantrieb	Benzin	95	129	Sep 1997	Sep 2000	2024-03-01	109624
BMW	I8	Hybrid	Coupe	Allrad	Benzin/Elektro	266	362	Mar 2014	Feb 2018	2024-03-01	109678
Ford USA	Edge	2	SUV	Frontantrieb	Benzin	183	249	Sep 2014	-	2025-02-03	109691
Alpina	B5	Biturbo	Stufenheck	Heckantrieb	Benzin	373	507	Sep 2010	Dec 2011	2024-03-01	109711
Citroën	Jumpy ii	2.0 HDI 120 4X4	Kasten	Allrad	Diesel	88	120	Jan 2010	Mar 2016	2024-03-01	109723
Peugeot	Expert	2.0 HDI 120 4X4	Kasten	Allrad	Diesel	88	120	Jan 2010	-	2024-03-01	109724
Peugeot	Expert	2.0 HDI 130 4X4	Kasten	Allrad	Diesel	94	128	Jan 2012	Mar 2016	2024-03-01	109725
Ford USA	Taurus	3.0 24V	Stufenheck	Frontantrieb	Benzin	149	203	Sep 1999	Dec 2003	2024-03-01	109826
Suzuki	Vitara	1.6 Allrad	Geländewagen geschlossen	Allrad	Benzin	55	75	Oct 1988	Dec 1998	2024-03-01	109831
Subaru	Forester	2.5 Prodrive Performance Pack AWD	SUV	Allrad	Benzin	188	256	May 2005	Sep 2005	2024-03-01	109832
VW	Golf alltrack vii variant	1.6 TDI 4motion	Kombi	Allrad	Diesel	81	110	Dec 2014	Mar 2017	2024-03-01	109838
VW	Golf alltrack vii variant	2.0 TDI 4motion	Kombi	Allrad	Diesel	110	150	Dec 2014	Aug 2020	2024-03-01	109839
VW	Golf vii variant	2.0 GTD	Kombi	Frontantrieb	Diesel	135	184	Jan 2015	Jul 2019	2024-03-01	109842
VW	Golf alltrack vii variant	2.0 TDI 4motion	Kombi	Allrad	Diesel	135	184	Dec 2014	Aug 2020	2024-03-01	109843
Ford	Focus iii	1.6 TI	Schrägheck	Frontantrieb	Benzin	88	120	Feb 2012	Dec 2017	2024-03-01	109854
Ford	Focus iii turnier	1.6 TI	Kombi	Frontantrieb	Benzin	88	120	Feb 2012	Feb 2020	2024-03-01	109855
KIA	Sorento iii	2.2 Crdi	SUV	Frontantrieb	Diesel	147	200	Jan 2015	Aug 2020	2024-05-01	109945
KIA	Sorento iii	2.2 Crdi 4WD	SUV	Allrad	Diesel	147	200	Jan 2015	Aug 2020	2024-05-01	109947
KIA	Sorento iii	2.4 GDI 4WD	SUV	Allrad	Benzin	138	188	Jan 2015	Oct 2018	2024-05-01	109949
Ford USA	Mustang	5.0 V8	Coupe	Heckantrieb	Benzin	310	422	Jul 2015	-	2024-03-01	109962
Nissan	Pulsar	1.6 Dig-t	Schrägheck	Frontantrieb	Benzin	140	190	Feb 2015	-	2024-03-01	109967
Mercedes-benz	S-Klasse	S 400 Maybach 4-matic	Stufenheck	Allrad	Benzin	245	333	Jan 2015	May 2017	2024-03-01	109972
Hyundai	Veloster	1.6 MPI	Coupe	Frontantrieb	Benzin	97	132	Apr 2011	Dec 2017	2024-03-01	109975
Hyundai	Accent iv	1.6 Crdi	Stufenheck	Frontantrieb	Diesel	100	136	Apr 2011	Dec 2017	2024-05-01	109977
Hyundai	I30	1.4	Kombi	Frontantrieb	Benzin	74	101	Jan 2014	May 2017	2024-07-01	109978
Hyundai	I30	1.6 Crdi	Kombi	Frontantrieb	Diesel	100	136	Jun 2012	-	2024-03-01	109979
Hyundai	I30	1.6 T-gdi	Schrägheck	Frontantrieb	Benzin	137	186	Jan 2015	-	2024-03-01	109980
Volvo	S80 ii	2.0 Drive- E	Stufenheck	Frontantrieb	Benzin	180	245	Dec 2014	Dec 2016	2024-03-01	109981
Volvo	S80 ii	2.5 T	Stufenheck	Frontantrieb	Benzin	183	249	Sep 2012	Dec 2016	2024-03-01	109982
Volvo	S80 ii	2.5 T	Stufenheck	Frontantrieb	Benzin	187	254	Jan 2012	Apr 2016	2024-03-01	109983
KIA	Cerato koup iii	1.6 T-gdi	Coupe	Frontantrieb	Benzin	150	204	Dec 2013	-	2024-03-01	109991
Fiat	Panda	1.2 Natural Power	Kasten/Schrägheck	Frontantrieb	Benzin/Erdgas (CNG)	44	60	Jan 2007	Nov 2009	2024-03-01	109999
Fiat	Panda	1.2 LPG	Kasten/Schrägheck	Frontantrieb	Benzin/Autogas (LPG)	44	60	Apr 2009	-	2024-03-01	110001
Fiat	Panda	1.3 D Multijet 4X4	Kasten/Schrägheck	Allrad	Diesel	51	70	Oct 2004	Dec 2006	2024-03-01	110002
Alfa Romeo	Giulietta	1.8 TBI	Schrägheck	Frontantrieb	Benzin	169	230	Apr 2010	Sep 2013	2024-03-01	110004
BMW	4	418 D	Coupe	Heckantrieb	Diesel	110	150	Mar 2015	Oct 2017	2024-03-01	110017
BMW	4	420 D	Coupe	Heckantrieb	Diesel	140	190	Mar 2015	Jun 2020	2024-03-01	110018
BMW	4	420 D Xdrive	Coupe	Allrad	Diesel	140	190	Mar 2015	Jun 2020	2024-03-01	110019
BMW	4	420 D	Coupe	Heckantrieb	Diesel	140	190	Mar 2015	Dec 2020	2024-03-01	110020
BMW	4	420 D Xdrive	Coupe	Allrad	Diesel	140	190	Mar 2015	Dec 2020	2024-03-01	110021
BMW	2	214 D	Großraumlimousine	Frontantrieb	Diesel	70	95	Jul 2014	Feb 2018	2024-03-01	110022
Opel	Mokka	1.6 Cdti	SUV	Frontantrieb	Diesel	100	136	Jan 2015	Dec 2019	2025-06-01	110023
Opel	Mokka	1.6 Cdti 4X4	SUV	Allrad	Diesel	100	136	Jan 2015	Dec 2019	2025-06-01	110024
Opel	Zafira	2.0 Cdti	Großraumlimousine	Frontantrieb	Diesel	125	170	Nov 2014	Mar 2019	2025-12-01	110025
Opel	Corsa e	1.2	Kasten/Schrägheck	Frontantrieb	Benzin	51	69	Jan 2015	-	2024-03-01	110026
Opel	Corsa e	1.3 Cdti	Kasten/Schrägheck	Frontantrieb	Diesel	55	75	Jan 2015	-	2024-03-01	110028
Opel	Corsa e	1.3 Cdti	Kasten/Schrägheck	Frontantrieb	Diesel	70	95	Sep 2014	-	2024-03-01	110029
Mercedes-benz	C-Klasse	C 350 E	Stufenheck	Heckantrieb	Benzin/Elektro	205	279	Feb 2015	Aug 2018	2024-03-01	110030
Opel	Corsa e	1.4	Kasten/Schrägheck	Frontantrieb	Benzin	66	90	Sep 2014	-	2024-03-01	110031
Opel	Corsa e	1.4	Kasten/Schrägheck	Frontantrieb	Benzin	55	75	Sep 2014	-	2024-03-01	110033
Mercedes-benz	C-Klasse	C 350 E	Kombi	Heckantrieb	Benzin/Elektro	205	279	Feb 2015	May 2018	2024-03-01	110034
Mercedes-benz	Gla-Klasse	GLA 180	SUV	Frontantrieb	Benzin	90	122	Feb 2015	Dec 2019	2024-03-01	110035
Suzuki	Vitara	1.6	SUV	Frontantrieb	Benzin	88	120	Feb 2015	-	2024-03-01	110038
Suzuki	Vitara	1.6 Allgrip	SUV	Allrad	Benzin	88	120	Feb 2015	-	2024-03-01	110039
Suzuki	Vitara	1.6 Ddis	SUV	Frontantrieb	Diesel	88	120	Feb 2015	-	2024-03-01	110040
Suzuki	Vitara	1.6 Ddis Allgrip	SUV	Allrad	Diesel	88	120	Feb 2015	-	2024-03-01	110041
BMW	1	116 I	Schrägheck	Heckantrieb	Benzin	80	109	Mar 2015	Jun 2019	2024-03-01	110042
BMW	1	118 I	Schrägheck	Heckantrieb	Benzin	100	136	Mar 2015	Jun 2019	2024-03-01	110043
BMW	1	120 I	Schrägheck	Heckantrieb	Benzin	130	177	Mar 2015	Jun 2019	2024-03-01	110044
BMW	1	M 135 I	Schrägheck	Heckantrieb	Benzin	240	326	Mar 2015	Jun 2016	2024-03-01	110046
BMW	1	M 135 I Xdrive	Schrägheck	Allrad	Benzin	240	326	Mar 2015	Jun 2016	2024-03-01	110047
BMW	1	116 D	Schrägheck	Heckantrieb	Diesel	85	116	Mar 2015	May 2019	2024-03-01	110048
BMW	1	118 D	Schrägheck	Heckantrieb	Diesel	110	150	Mar 2015	Jun 2019	2024-03-01	110049
BMW	1	118 D Xdrive	Schrägheck	Allrad	Diesel	110	150	Mar 2015	May 2019	2024-03-01	110050
BMW	1	120 D	Schrägheck	Heckantrieb	Diesel	140	190	Mar 2015	Jun 2019	2024-03-01	110051
BMW	1	120 D Xdrive	Schrägheck	Allrad	Diesel	140	190	Mar 2015	Jun 2019	2024-03-01	110052
BMW	1	125 D	Schrägheck	Heckantrieb	Diesel	165	224	Mar 2015	May 2019	2024-03-01	110055
BMW	1	116 I	Schrägheck	Heckantrieb	Benzin	80	109	Mar 2015	Jun 2019	2024-03-01	110060
BMW	1	118 I	Schrägheck	Heckantrieb	Benzin	100	136	Mar 2015	Jun 2015	2024-03-01	110061
BMW	1	120 I	Schrägheck	Heckantrieb	Benzin	130	177	Mar 2015	Jun 2016	2024-03-01	110062
BMW	1	M 135 I	Schrägheck	Heckantrieb	Benzin	240	326	Mar 2015	Jun 2016	2024-03-01	110066
BMW	1	M 135 I Xdrive	Schrägheck	Allrad	Benzin	240	326	Mar 2015	Jun 2016	2024-03-01	110070
BMW	1	116 D	Schrägheck	Heckantrieb	Diesel	85	116	Mar 2015	Jun 2019	2024-03-01	110072
BMW	1	118 D	Schrägheck	Heckantrieb	Diesel	110	150	Mar 2015	Jun 2019	2024-03-01	110073
BMW	1	118 D Xdrive	Schrägheck	Allrad	Diesel	110	150	Mar 2015	Jun 2019	2024-03-01	110074
BMW	1	120 D	Schrägheck	Heckantrieb	Diesel	140	190	Mar 2015	Jun 2019	2024-03-01	110075
BMW	1	120 D Xdrive	Schrägheck	Allrad	Diesel	140	190	Mar 2015	Jun 2019	2024-03-01	110078
BMW	1	125 D	Schrägheck	Heckantrieb	Diesel	165	224	Mar 2015	Jun 2019	2024-03-01	110080
Alpina	B5	S	Kombi	Heckantrieb	Benzin	390	530	Oct 2007	Mar 2010	2024-03-01	110085
Wiesmann	Mf5 roadster	4.4	Cabriolet	Heckantrieb	Benzin	408	555	Feb 2012	-	2024-03-01	110276
Toyota	Starlet	1.2	Kombi	Heckantrieb	Benzin	39	53	Oct 1979	Jul 1982	2024-03-01	110425
Hyundai	Ix35	Fcev	SUV	Frontantrieb	Wasserstoff	53	72	Oct 2012	-	2024-05-01	110481
Hyundai	Ix35	2.4 Dcvvt-i 4WD	SUV	Allrad	Benzin	128	174	Jul 2010	Dec 2013	2024-03-01	110519
Hyundai	Elantra iv	1.6 Crdi	Stufenheck	Frontantrieb	Diesel	85	116	Nov 2005	Dec 2011	2024-03-01	110520
Ford	Mondeo v	2.0 Ecoboost	Stufenheck	Frontantrieb	Benzin	149	203	May 2015	Mar 2022	2026-04-01	110544
Ford	Mondeo v	2.0 Tdci	Stufenheck	Frontantrieb	Diesel	132	180	May 2015	Mar 2022	2026-04-01	110549
Hyundai	Sonata v	2.0 Glsi	Stufenheck	Frontantrieb	Benzin	119	162	Jul 2008	Dec 2010	2024-03-01	110555
Toyota	Hilux vii	2.5 D-4d 4WD	Pick-up	Allrad	Diesel	94	128	Nov 2004	Dec 2005	2024-03-01	110594
Toyota	Celica	1.6 GTI 16V	Schrägheck	Frontantrieb	Benzin	92	125	Jan 1988	Dec 1989	2024-03-01	110597
Toyota	Cressida station wagon	2	Kombi	Heckantrieb	Benzin	65	88	Dec 1977	Mar 1981	2024-03-01	110599
Ferrari	458	4.5	Cabriolet	Heckantrieb	Benzin	441	600	Sep 2014	-	2024-03-01	110605
Audi	Q3	2.0 Tfsi Quattro	SUV	Allrad	Benzin	132	180	Nov 2014	Oct 2018	2024-03-01	110615
Audi	Q3	RS 2.5 Quattro	SUV	Allrad	Benzin	250	340	May 2013	Oct 2018	2024-03-01	110617
Porsche	Cayenne	3.6 GTS	SUV	Allrad	Benzin	324	440	Feb 2015	May 2018	2025-06-01	110624
Renault	Trafic ii	2.0 16V	Pritsche/Fahrgestell	Frontantrieb	Benzin	86	117	Aug 2006	-	2024-03-01	110695
Peugeot	207 sw	1.6 16V Turbo	Kombi	Frontantrieb	Benzin	110	150	Feb 2007	Dec 2012	2024-03-01	110730
Renault	Logan/stepway ii	1.6	Stufenheck	Frontantrieb	Benzin	60	82	Apr 2014	-	2024-03-01	110731
Peugeot	308 sw ii	1.6 VTI	Kombi	Frontantrieb	Benzin	85	115	Mar 2014	Jun 2021	2024-03-01	110748
Peugeot	308 sw ii	1.6 THP 125	Kombi	Frontantrieb	Benzin	92	125	Mar 2014	Jun 2021	2024-03-01	110749
Peugeot	308 sw ii	1.6 THP 150	Kombi	Frontantrieb	Benzin	110	150	Mar 2014	Jun 2021	2024-03-01	110750
Peugeot	308 ii	1.6 THP 150	Schrägheck	Frontantrieb	Benzin	110	150	Mar 2014	Jun 2021	2024-03-01	110757
Peugeot	308 ii	1.6 THP 163	Schrägheck	Frontantrieb	Benzin	120	163	Jun 2014	Jun 2021	2024-03-01	110760
Dacia	Logan	1.6 16V	Stufenheck	Frontantrieb	Benzin	77	105	Jan 2013	-	2024-03-01	110762
Dacia	Logan	1.5 DCI	Stufenheck	Frontantrieb	Diesel	63	84	Jan 2013	-	2024-03-01	110763
Dacia	Logan	1.5 DCI	Kombi	Frontantrieb	Diesel	63	84	Feb 2013	-	2024-03-01	110764
KIA	Rio ii	1.5 Crdi	Stufenheck	Frontantrieb	Diesel	65	88	Jun 2008	Dec 2011	2024-03-01	110765
KIA	K2500	2.5 Crdi	Pritsche/Fahrgestell	Heckantrieb	Diesel	96	131	Jan 2010	-	2024-03-01	110766
Daewoo	Nexia	1.8	Stufenheck	Frontantrieb	Benzin	74	101	Feb 1995	Jun 2008	2024-03-01	110767
Daewoo	Racer	1.5	Schrägheck	Frontantrieb	Benzin	52	71	Mar 1995	Dec 1997	2024-03-01	110768
Suzuki	Carry	1	Kasten	Heckantrieb	Benzin	29	39	Nov 1996	Mar 1999	2024-03-01	110769
Suzuki	Maruti	800	Schrägheck	Frontantrieb	Benzin	29	39	Feb 1988	Dec 1994	2024-03-01	110770
Infiniti	Q70	2.2 D	Stufenheck	Heckantrieb	Diesel	125	170	Oct 2014	-	2024-03-01	110819
Peugeot	4008	1.6 HDI	SUV	Frontantrieb	Diesel	84	114	May 2012	-	2024-03-01	110850
Peugeot	4008	1.8 HDI	SUV	Frontantrieb	Diesel	110	150	May 2012	-	2024-03-01	110851
Peugeot	4008	1.6	SUV	Frontantrieb	Benzin	86	117	May 2012	-	2024-03-01	110852
Chevrolet	Silverado 2500 standard cab pickup	6	Pick-up	Heckantrieb	Benzin	224	305	Sep 1998	Dec 2004	2024-03-01	110875
Chevrolet	Silverado 2500 standard cab pickup	6.0 4WD	Pick-up	Allrad	Benzin	224	305	Sep 1998	Dec 2004	2024-03-01	110876
Dfsk	K series	1.3	Pritsche/Fahrgestell	Heckantrieb	Benzin	57	78	Nov 2011	-	2024-03-01	110883
Dfsk	K series	1	Pritsche/Fahrgestell	Heckantrieb	Benzin	39	53	Nov 2011	-	2024-03-01	110887
Dfsk	K series	1	Kasten	Heckantrieb	Benzin	39	53	Nov 2011	-	2024-03-01	110893
Dfsk	K series	1.3	Kasten	Heckantrieb	Benzin	57	78	Nov 2011	-	2024-03-01	110895
Dfsk	K series	1.3 Allrad	Kasten	Allrad	Benzin	57	78	Nov 2011	-	2024-03-01	110898
Dfsk	K series	1.3 Allrad	Pritsche/Fahrgestell	Allrad	Benzin	57	78	Nov 2011	-	2024-03-01	110901
Dfsk	V	1.3 V21	Pritsche/Fahrgestell	Heckantrieb	Benzin	58	79	Nov 2011	-	2026-04-01	110909
Dfsk	V	1.3 V21 Allrad	Pritsche/Fahrgestell	Allrad	Benzin	58	79	Nov 2011	-	2026-04-01	110912
Dfsk	V	1.3 V25	Kasten	Heckantrieb	Benzin	58	79	Nov 2011	-	2026-04-01	110914
Dfsk	V	1.3 V25 Allrad	Kasten	Allrad	Benzin	58	79	Nov 2011	-	2026-04-01	110918
Chevrolet	Silverado 3500 standard cab pickup	8.1 4WD	Pick-up	Allrad	Benzin	254	345	Sep 2000	Dec 2004	2024-03-01	110935
Chevrolet	Silverado 3500 extended cab pickup	8.1 4WD	Pick-up	Allrad	Benzin	254	345	Sep 2000	Dec 2004	2024-03-01	110937
Ford	Transit	2.3 16V LPG RWD	Pritsche/Fahrgestell	Heckantrieb	Benzin/Autogas (LPG)	107	145	Apr 2006	Aug 2014	2024-03-01	111063
Ford	Transit	2.3 16V LPG RWD	Kasten	Heckantrieb	Benzin/Autogas (LPG)	107	145	Apr 2006	Aug 2014	2024-03-01	111064
Ford	Transit	2.3 16V CNG RWD	Pritsche/Fahrgestell	Heckantrieb	Benzin/Erdgas (CNG)	100	136	Apr 2006	Aug 2014	2024-03-01	111065
Ford	Transit	2.3 16V CNG RWD	Kasten	Heckantrieb	Benzin/Erdgas (CNG)	100	136	Apr 2006	Aug 2014	2024-03-01	111066
Opel	Karl	1	Schrägheck	Frontantrieb	Benzin	55	75	Jan 2015	Mar 2018	2024-03-01	111070
Hyundai	I30	1.6 Crdi	Schrägheck	Frontantrieb	Diesel	100	136	Nov 2011	Dec 2016	2024-03-01	111071
BMW	2	218 I	Großraumlimousine	Frontantrieb	Benzin	100	136	Mar 2015	-	2024-03-01	111073
BMW	2	220 I	Großraumlimousine	Frontantrieb	Benzin	141	192	Mar 2015	-	2024-03-01	111074
BMW	2	216 D	Großraumlimousine	Frontantrieb	Diesel	85	116	Mar 2015	-	2025-02-03	111075
BMW	2	218 D	Großraumlimousine	Frontantrieb	Diesel	110	150	Jul 2014	-	2024-03-01	111076
BMW	2	220 D Xdrive	Großraumlimousine	Allrad	Diesel	140	190	Mar 2015	-	2024-03-01	111077
Hyundai	I30	1.4	Schrägheck	Frontantrieb	Benzin	74	101	Dec 2014	Dec 2016	2024-03-01	111078
Hyundai	I40 i	2.0 GDI	Stufenheck	Frontantrieb	Benzin	121	165	Dec 2014	May 2019	2024-03-01	111080
Fiat	500x	1.6	SUV	Frontantrieb	Benzin	81	110	Nov 2014	Sep 2020	2024-03-01	111083
Chevrolet	S10 standard cab pickup	2.2	Pick-up	Heckantrieb	Benzin	89	121	Sep 1993	Dec 2003	2024-03-01	111084
Ford	Mondeo v	1.0 Ecoboost	Schrägheck	Frontantrieb	Benzin	92	125	Feb 2015	Mar 2022	2026-04-01	111088
Fiat	Panda	0.9 Natural Power	Schrägheck	Frontantrieb	Benzin/Erdgas (CNG)	59	80	Jan 2015	-	2024-03-01	111089
Ford	Mondeo v	1.5 Tdci	Schrägheck	Frontantrieb	Diesel	88	120	Mar 2015	Mar 2022	2026-04-01	111093
Ford	Mondeo v	2.0 Tdci Bi-turbo	Schrägheck	Frontantrieb	Diesel	154	210	Mar 2015	Mar 2022	2026-04-01	111096
Ford	Mondeo v	2.0 Tdci 4X4	Schrägheck	Allrad	Diesel	110	150	Feb 2015	Mar 2022	2026-04-01	111097
Ford	Mondeo v	2.0 Tdci 4X4	Schrägheck	Allrad	Diesel	132	180	Feb 2015	Mar 2022	2026-04-01	111098
Mitsubishi	L200	2.4 Di-d 4WD	Pick-up	Allrad	Diesel	133	181	Sep 2015	-	2024-03-01	111099
Ford	Mondeo v turnier	1.0 Ecoboost	Kombi	Frontantrieb	Benzin	92	125	Feb 2015	Mar 2022	2026-04-01	111103
Ford	Mondeo v turnier	1.5 Tdci	Kombi	Frontantrieb	Diesel	88	120	Mar 2015	Mar 2022	2026-04-01	111105
Ford	Mondeo v turnier	2.0 Tdci Bi-turbo	Kombi	Frontantrieb	Diesel	154	210	Mar 2015	Mar 2022	2026-04-01	111107
Tesla	Model s	60	Schrägheck	Heckantrieb	Elektro	283	385	Oct 2014	Apr 2026	2026-06-01	111108
Tesla	Model s	85	Schrägheck	Heckantrieb	Elektro	283	385	Feb 2015	Feb 2016	2024-03-01	111109
Ford	Mondeo v turnier	2.0 Tdci 4X4	Kombi	Allrad	Diesel	110	150	Feb 2015	Mar 2022	2026-04-01	111110
Ford	Mondeo v turnier	2.0 Tdci 4X4	Kombi	Allrad	Diesel	132	180	Feb 2015	Mar 2022	2026-04-01	111111
Mini	Mini	John Cooper Works	Schrägheck	Frontantrieb	Benzin	170	231	Mar 2015	-	2024-03-01	111113
BMW	3	320 D	Schrägheck	Heckantrieb	Diesel	147	200	Mar 2013	Jun 2015	2024-03-01	111115
BMW	4	420 D	Cabriolet	Heckantrieb	Diesel	147	200	Oct 2013	Jun 2015	2024-03-01	111116
Chevrolet	S10 standard cab pickup	4.3	Pick-up	Heckantrieb	Benzin	142	193	Sep 1994	Dec 1995	2024-03-01	111140
Chevrolet	S10 standard cab pickup	4.3 4WD	Pick-up	Allrad	Benzin	134	182	Sep 1995	Dec 1996	2024-03-01	111141
Hyundai	I30	1.6 T-gdi	Coupe	Frontantrieb	Benzin	137	186	Jan 2015	-	2024-03-01	111156
Chevrolet	S10 standard cab pickup	4.3 4WD	Pick-up	Allrad	Benzin	142	193	Sep 1995	Dec 2003	2024-03-01	111158
Mercedes-benz	Gle	350 D 4-matic	SUV	Allrad	Diesel	190	258	Mar 2015	Oct 2019	2024-03-01	111163
Mercedes-benz	Gle	400 4-matic	SUV	Allrad	Benzin	245	333	Mar 2015	Oct 2019	2024-03-01	111164
Mercedes-benz	Gle	450 AMG 4-matic	SUV	Allrad	Benzin	270	367	Mar 2015	Oct 2019	2024-03-01	111166
Mercedes-benz	Gle	AMG 63 4-matic	SUV	Allrad	Benzin	410	557	Mar 2015	Oct 2019	2024-03-01	111167
Mercedes-benz	Gle	AMG 63 S 4-matic	SUV	Allrad	Benzin	430	585	Mar 2015	Oct 2019	2024-03-01	111168
Chevrolet	Astro standard cargo van	4.3	Kasten	Heckantrieb	Benzin	142	193	Sep 1994	Dec 2005	2024-03-01	111219
Mazda	6	2.2 D AWD	Kombi	Allrad	Diesel	129	175	Feb 2015	-	2024-03-01	111366
Peugeot	807	2.2 HDI	Großraumlimousine	Frontantrieb	Diesel	100	136	Apr 2004	May 2006	2024-03-01	111402
Toyota	Sienna	3.5 4WD	Großraumlimousine	Allrad	Benzin	196	267	Jan 2010	-	2024-03-01	111427
Toyota	Sienna	3.5	Großraumlimousine	Frontantrieb	Benzin	196	267	Feb 2010	-	2024-03-01	111428
Mitsubishi	Outlander iii	2.0 Hybrid 4WD	SUV	Allrad	Benzin/Elektro	147	200	Jan 2014	Dec 2021	2024-03-01	111463
Chevrolet	C1500 standard cab pickup	4.3	Pick-up	Heckantrieb	Benzin	149	203	Sep 1995	Dec 1998	2024-03-01	111489
Chevrolet	C1500 extended cab pickup	4.3	Pick-up	Heckantrieb	Benzin	149	203	Sep 1995	Dec 1998	2024-03-01	111501
Iveco	Daily v	35s60e Electric	Kasten	Heckantrieb	Elektro	60	82	Sep 2011	Feb 2014	2024-03-01	111528
Chevrolet	K2500 extended cab pickup	5.7 4WD	Pick-up	Allrad	Benzin	190	258	Sep 1995	Dec 2000	2024-03-01	111588
Chevrolet	K2500 standard cab pickup	5.7 4WD	Pick-up	Allrad	Benzin	190	258	Sep 1995	Dec 2000	2024-03-01	111602
Chevrolet	Express 1500 standard cargo van	5.3	Kasten	Heckantrieb	Benzin	213	290	Sep 2002	Dec 2004	2024-03-01	111655
Subaru	Outback	2.5 AWD	Kombi	Allrad	Benzin	129	175	Mar 2015	Dec 2019	2025-12-01	111683
Subaru	Outback	3.6 AWD	Kombi	Allrad	Benzin	191	260	Oct 2014	-	2024-03-01	111686
Subaru	Outback	2.0 D AWD	Kombi	Allrad	Diesel	110	150	Mar 2015	-	2024-03-01	111688
Chevrolet	Express 2500 standard cargo van	6.0 AWD	Kasten	Allrad	Benzin	224	305	Sep 2002	Dec 2005	2025-02-03	111712
Chevrolet	Colorado	2.8	Pick-up	Heckantrieb	Benzin	130	177	Sep 2003	Dec 2006	2024-03-01	111735
Chevrolet	Colorado	3.5	Pick-up	Heckantrieb	Benzin	164	223	Sep 2003	Dec 2006	2024-03-01	111737
Chevrolet	Colorado	3.5 4WD	Pick-up	Allrad	Benzin	164	223	Sep 2003	Dec 2006	2024-03-01	111738
Chevrolet	Colorado	3.5	Pick-up	Heckantrieb	Benzin	164	223	Sep 2003	Dec 2006	2024-03-01	111739
Chevrolet	Colorado	3.5 4WD	Pick-up	Allrad	Benzin	164	223	Sep 2003	Dec 2006	2024-03-01	111740
Ford	C-Max	1.5 Ecoboost	Großraumlimousine	Frontantrieb	Benzin	110	150	Mar 2015	Jun 2019	2024-03-01	111749
Ford	C-Max	1.5 Ecoboost	Großraumlimousine	Frontantrieb	Benzin	134	182	Mar 2015	Jun 2019	2024-03-01	111753
Ford	C-Max	1.5 Tdci	Großraumlimousine	Frontantrieb	Diesel	70	95	Mar 2015	Jun 2019	2024-03-01	111755
Renault	Kadjar	1.5 DCI 110	SUV	Frontantrieb	Diesel	81	110	Jun 2015	-	2024-03-01	111757
Renault	Kadjar	1.6 DCI 130	SUV	Frontantrieb	Diesel	96	130	Jun 2015	-	2024-03-01	111758
Renault	Kadjar	1.6 DCI 130 4X4	SUV	Allrad	Diesel	96	130	Jun 2015	-	2024-03-01	111759
Renault	Kadjar	1.2 TCE 130	SUV	Frontantrieb	Benzin	96	130	Jun 2015	-	2024-03-01	111760
Renault	Espace v	1.6 TCE 200	Großraumlimousine	Frontantrieb	Benzin	147	200	Feb 2015	Mar 2023	2024-05-01	111761
Renault	Espace v	1.6 DCI 130	Großraumlimousine	Frontantrieb	Diesel	96	130	Jun 2015	Mar 2023	2024-05-01	111762
Renault	Espace v	1.6 DCI 160	Großraumlimousine	Frontantrieb	Diesel	118	160	Jun 2015	Mar 2023	2024-05-01	111763
Ford	C-Max	1.5 Tdci Econetic	Großraumlimousine	Frontantrieb	Diesel	77	105	Mar 2015	Jun 2019	2024-03-01	111764
Ford	C-Max	1.5 Tdci	Großraumlimousine	Frontantrieb	Diesel	88	120	Mar 2015	Jun 2019	2024-03-01	111765
Ford	C-Max	2.0 Tdci	Großraumlimousine	Frontantrieb	Diesel	110	150	Mar 2015	Jun 2019	2024-03-01	111766
Ford	C-Max	2.0 Tdci	Großraumlimousine	Frontantrieb	Diesel	125	170	Mar 2015	Jun 2019	2024-03-01	111767
Ford	Grand c-Max	1.5 Ecoboost	Großraumlimousine	Frontantrieb	Benzin	110	150	Mar 2015	Jun 2019	2024-03-01	111780
Ford	Grand c-Max	1.5 Ecoboost	Großraumlimousine	Frontantrieb	Benzin	134	182	Mar 2015	Jun 2019	2024-03-01	111781
Ford	Grand c-Max	1.5 Tdci	Großraumlimousine	Frontantrieb	Diesel	70	95	Mar 2015	Jun 2019	2024-03-01	111782
Ford	Grand c-Max	1.5 Tdci	Großraumlimousine	Frontantrieb	Diesel	88	120	Mar 2015	Jun 2019	2024-03-01	111783
Ford	Grand c-Max	2.0 Tdci	Großraumlimousine	Frontantrieb	Diesel	110	150	Mar 2015	Jun 2019	2024-03-01	111784
Ford	Grand c-Max	2.0 Tdci	Großraumlimousine	Frontantrieb	Diesel	125	170	Mar 2015	Jun 2019	2024-03-01	111785
Ford	S-Max	1.5 Ecoboost	Großraumlimousine	Frontantrieb	Benzin	118	160	Jan 2015	Jun 2018	2024-03-01	111790
Ford	S-Max	2.0 Ecoboost	Großraumlimousine	Frontantrieb	Benzin	176	240	Jan 2015	Apr 2023	2026-03-01	111791
Ford	S-Max	2.0 Tdci	Großraumlimousine	Frontantrieb	Diesel	88	120	Jan 2015	Jun 2018	2024-03-01	111792
Ford	S-Max	2.0 Tdci	Großraumlimousine	Frontantrieb	Diesel	110	150	Jan 2015	Jun 2018	2024-03-01	111794
Ford	S-Max	2.0 Tdci 4X4	Großraumlimousine	Allrad	Diesel	110	150	Jan 2015	Jun 2018	2024-03-01	111795
Ford	S-Max	2.0 Tdci	Großraumlimousine	Frontantrieb	Diesel	132	180	Jan 2015	Jun 2018	2024-03-01	111796
Ford	S-Max	2.0 Tdci 4X4	Großraumlimousine	Allrad	Diesel	132	180	Jan 2015	Jun 2018	2024-03-01	111797
Ford	S-Max	2.0 Tdci Bi-turbo	Großraumlimousine	Frontantrieb	Diesel	154	210	Jan 2015	Jun 2018	2024-03-01	111798
Chevrolet	Corvette	5.7	Coupe	Heckantrieb	Benzin	164	223	Sep 1977	Dec 1978	2024-03-01	111827
Chevrolet	Corvette	5.7	Coupe	Heckantrieb	Benzin	153	208	Sep 1983	Dec 1984	2024-03-01	111831
Chevrolet	Corvette	5.7	Coupe	Heckantrieb	Benzin	179	243	Sep 1986	Dec 1989	2024-03-01	111833
Chevrolet	Corvette	5.7	Coupe	Heckantrieb	Benzin	183	249	Sep 1987	Dec 1991	2024-03-01	111834
Chevrolet	Corvette	5.7	Cabriolet	Heckantrieb	Benzin	257	350	Sep 1997	Dec 2000	2024-03-01	111836
Chevrolet	Corvette	5.7	Coupe	Heckantrieb	Benzin	257	350	Sep 1997	Dec 2000	2024-03-01	111837
Mazda	6	2.2 D 4WD	Stufenheck	Allrad	Diesel	129	175	Jul 2014	-	2024-03-01	111842
Mazda	Cx-3	1.5 Skyactiv-d	SUV	Frontantrieb	Diesel	77	105	Feb 2015	Jan 2018	2024-03-01	111845
Mazda	Cx-3	1.5 Skyactiv-d AWD	SUV	Allrad	Diesel	77	105	Feb 2015	Jan 2018	2024-03-01	111846
Volvo	V40	T2	Schrägheck	Frontantrieb	Benzin	90	122	Feb 2015	Aug 2019	2024-03-01	111857
Volvo	V40	T3	Schrägheck	Frontantrieb	Benzin	112	152	Feb 2015	Aug 2019	2024-03-01	111858
Volvo	V40	D2	Schrägheck	Frontantrieb	Diesel	88	120	Feb 2015	Aug 2019	2024-03-01	111861
Volvo	Xc90 ii	T8 Hybrid AWD	SUV	Allrad	Benzin/Elektro	299	407	Jun 2015	Dec 2018	2024-03-01	111864
Volvo	V40	T2	Schrägheck	Frontantrieb	Benzin	90	122	Feb 2015	Aug 2019	2024-03-01	111884
Volvo	Xc90 ii	D4	SUV	Frontantrieb	Diesel	140	190	Jun 2015	Dec 2018	2024-03-01	111885
Volvo	Xc90 ii	D4 AWD	SUV	Allrad	Diesel	140	190	Oct 2015	Dec 2018	2024-03-01	111886
Volvo	Xc90 ii	T5 AWD	SUV	Allrad	Benzin	187	254	Jun 2015	Dec 2021	2024-05-01	111887
Mazda	6	2.2 D AWD	Kombi	Allrad	Diesel	110	150	Dec 2012	Dec 2020	2024-03-01	111890
Mazda	Cx-5	2.5 AWD	SUV	Allrad	Benzin	141	192	Feb 2015	Feb 2017	2024-03-01	111891
Mini	Mini	ONE First	Schrägheck	Frontantrieb	Benzin	55	75	Nov 2014	Oct 2017	2025-06-01	111894
Nissan	Nv400	DCI 165 RWD	Kasten	Heckantrieb	Diesel	120	163	Jun 2014	Dec 2022	2026-03-01	111895
Fiat	Panda	0.9	Kasten/Schrägheck	Frontantrieb	Benzin	48	65	Feb 2012	-	2024-03-01	111896
Fiat	Panda	0.9	Kasten/Schrägheck	Frontantrieb	Benzin	63	86	Feb 2012	-	2024-03-01	111897
Fiat	Panda	0.9 4X4	Kasten/Schrägheck	Allrad	Benzin	63	86	Sep 2012	-	2024-03-01	111898
Fiat	Panda	1.2	Kasten/Schrägheck	Frontantrieb	Benzin	51	69	Feb 2012	-	2024-03-01	111899
Fiat	Panda	1.2 LPG	Kasten/Schrägheck	Frontantrieb	Benzin/Autogas (LPG)	51	69	Jun 2012	-	2024-03-01	111900
Fiat	Panda	1.3 D Multijet	Kasten/Schrägheck	Frontantrieb	Diesel	55	75	Feb 2012	-	2024-03-01	111901
Fiat	Panda	1.3 D Multijet 4X4	Kasten/Schrägheck	Allrad	Diesel	55	75	Jun 2012	-	2024-03-01	111902
Mazda	3	1.6	Stufenheck	Frontantrieb	Benzin	77	105	Sep 2013	May 2019	2024-03-01	111906
Mazda	3	1.5	Stufenheck	Frontantrieb	Benzin	88	120	Oct 2013	May 2019	2024-03-01	111907
Mazda	3	1.6	Schrägheck	Frontantrieb	Benzin	77	105	Sep 2013	May 2019	2024-03-01	111911
KIA	Rio iii	1.2 Cvvt	Schrägheck	Frontantrieb	Benzin	62	84	Sep 2011	Dec 2017	2024-03-01	111912
KIA	Rio iii	1.2 Cvvt	Stufenheck	Frontantrieb	Benzin	64	87	Nov 2014	Dec 2017	2024-03-01	111914
Mazda	3	2	Schrägheck	Frontantrieb	Benzin	110	150	Nov 2013	May 2016	2024-03-01	111915
Peugeot	2008 i	1.2 THP 110 / Puretech 110	SUV	Frontantrieb	Benzin	81	110	Jan 2015	-	2024-03-01	111916
Peugeot	2008 i	1.2 THP 130 / Puretech 130	SUV	Frontantrieb	Benzin	96	130	Jan 2015	Nov 2019	2024-11-01	111917
Peugeot	2008 i	1.6 Bluehdi 100	SUV	Frontantrieb	Diesel	73	100	Jan 2015	Nov 2019	2025-02-03	111920
Peugeot	208 i	1.6 Bluehdi 100	Schrägheck	Frontantrieb	Diesel	73	100	Jan 2015	Dec 2019	2024-03-01	111924
Hyundai	Equus / centennial	3.0 24V	Stufenheck	Frontantrieb	Benzin	134	182	Oct 1999	Mar 2009	2024-03-01	111963
Hyundai	Genesis	3.3 24V	Stufenheck	Heckantrieb	Benzin	171	233	Jun 2008	Dec 2014	2024-03-01	111966
Hyundai	Santa fé ii	2.0 Crdi 4X4	SUV	Allrad	Diesel	135	184	Mar 2006	Dec 2012	2024-03-01	111969
Hyundai	Grandeur	2.4	Stufenheck	Frontantrieb	Benzin	121	164	Sep 2006	Dec 2008	2024-03-01	111975
Hyundai	Genesis	3.3 24V	Stufenheck	Heckantrieb	Benzin	221	300	Jan 2008	Dec 2014	2024-03-01	111979
Hyundai	Grandeur	2.2 D	Stufenheck	Frontantrieb	Diesel	147	200	Jan 2011	Dec 2017	2026-04-01	111980
Hyundai	Grandeur	2.4 16V	Stufenheck	Frontantrieb	Benzin	148	201	Jan 2011	Oct 2016	2024-03-01	111981
Nissan	Note	1.2 LPG	Großraumlimousine	Frontantrieb	LPG	56	76	Mar 2015	Dec 2016	2024-03-01	111983
Porsche	Cayman	3.8 GT4	Coupe	Heckantrieb	Benzin	283	385	Jan 2015	May 2016	2024-03-01	111984
Porsche	Cayenne	4.8 Turbo S	SUV	Allrad	Benzin	419	570	Jan 2015	May 2018	2025-06-01	111985
Peugeot	5008	1.2	Großraumlimousine	Frontantrieb	Benzin	96	131	Jan 2015	Mar 2017	2024-03-01	111986
Peugeot	3008 i	1.2	Großraumlimousine	Frontantrieb	Benzin	96	131	Jan 2015	Aug 2016	2024-11-01	111987
Peugeot	Partner	1.6 HDI	Kasten/Großraumlimousine	Frontantrieb	Diesel	66	90	Dec 2011	-	2024-03-01	111989
Peugeot	Partner	1.6 HDI	Pritsche/Fahrgestell	Frontantrieb	Diesel	66	90	Mar 2013	-	2024-03-01	111990
Audi	A1	1.0 Tfsi	Schrägheck	Frontantrieb	Benzin	70	95	Mar 2015	Oct 2018	2024-03-01	112018
Audi	A1	1.0 Tfsi	Schrägheck	Frontantrieb	Benzin	70	95	Mar 2015	Oct 2018	2024-03-01	112021
Citroën	C4 ii	1.6 Bluehdi 120	Schrägheck	Frontantrieb	Diesel	88	120	Feb 2015	May 2018	2025-02-03	112027
Honda	Cr-V iv	1.6 I-dtec 4WD	SUV	Allrad	Diesel	118	160	Feb 2015	Aug 2018	2025-12-01	112038
Mega	E-Worker	Electric	Pritsche/Fahrgestell	Frontantrieb	Elektro	10	14	Jun 2012	-	2024-03-01	112054
Mega	D-Truck	0.6	Pritsche/Fahrgestell	Frontantrieb	Diesel	11	15	Jun 2012	-	2024-03-01	112055
Renault	Clio iv	1.6 RS Trophy	Schrägheck	Frontantrieb	Benzin	162	220	Mar 2015	Aug 2021	2026-05-01	112058
Opel	Corsa e	1.4 LPG	Schrägheck	Frontantrieb	Benzin/Autogas (LPG)	66	90	Mar 2015	-	2024-03-01	112128
Opel	Corsa e	1.4 Turbo	Schrägheck	Frontantrieb	Benzin	110	150	Mar 2015	-	2024-03-01	112130
Alfa Romeo	Giulietta	1.6 Jtdm	Schrägheck	Frontantrieb	Diesel	88	120	Feb 2015	Dec 2020	2024-03-01	112138
Opel	Corsa e	1.6 Turbo	Schrägheck	Frontantrieb	Benzin	152	207	Mar 2015	-	2024-03-01	112141
Land Rover	Defender station wagon	2.2 TD4 4X4	Geländewagen geschlossen	Allrad	Diesel	110	150	Feb 2015	Feb 2016	2024-03-01	112181
Fiat	500x	1.4 4X4	SUV	Allrad	Benzin	120	163	Feb 2015	Sep 2018	2024-03-01	112193
Fiat	500x	1.4 4X4	SUV	Allrad	Benzin	125	170	Feb 2015	-	2024-03-01	112194
Aixam	Roadline	0.6	Schrägheck	Frontantrieb	Diesel	11	15	Sep 2009	Jul 2012	2024-03-01	112213
Baic	Senova x65	2.0 T	SUV	Frontantrieb	Benzin	130	177	Mar 2015	-	2024-03-01	112224
Mercedes-benz	Gle	500 4-matic	SUV	Allrad	Benzin	320	435	Apr 2015	Oct 2018	2024-03-01	112225
Mercedes-benz	Gle	400 4-matic	SUV	Allrad	Benzin	245	333	Apr 2015	Oct 2018	2024-03-01	112228
Mercedes-benz	Gle	500 E 4-matic	SUV	Allrad	Benzin/Elektro	325	442	Apr 2015	Oct 2018	2024-03-01	112230
Mercedes-benz	Gle	AMG 63 4-matic	SUV	Allrad	Benzin	410	557	Apr 2015	Oct 2018	2024-03-01	112231
Mercedes-benz	Gle	AMG 63 S 4-matic	SUV	Allrad	Benzin	430	585	Apr 2015	Oct 2018	2024-03-01	112232
Mercedes-benz	Gle	250 D	SUV	Heckantrieb	Diesel	150	204	Apr 2015	Oct 2018	2024-03-01	112233
Mercedes-benz	Gle	250 D 4-matic	SUV	Allrad	Diesel	150	204	Apr 2015	Oct 2018	2024-03-01	112234
Mercedes-benz	Gle	350 D 4-matic	SUV	Allrad	Diesel	190	258	Apr 2015	Oct 2018	2024-03-01	112236
Ford	Galaxy iii	1.5 Ecoboost	Großraumlimousine	Frontantrieb	Benzin	118	160	Jan 2015	Jun 2018	2024-03-01	112237
Ford	Galaxy iii	2.0 Ecoboost	Großraumlimousine	Frontantrieb	Benzin	176	240	Jan 2015	Apr 2023	2026-03-01	112239
Ford	Galaxy iii	2.0 Tdci	Großraumlimousine	Frontantrieb	Diesel	88	120	Jan 2015	Jun 2018	2024-03-01	112242
Ford	Galaxy iii	2.0 Tdci	Großraumlimousine	Frontantrieb	Diesel	110	150	Jan 2015	Jun 2018	2024-03-01	112243
Ford	Galaxy iii	2.0 Tdci	Großraumlimousine	Frontantrieb	Diesel	132	180	Jan 2015	Jun 2018	2024-03-01	112245
Ford	Galaxy iii	2.0 Tdci Bi-turbo	Großraumlimousine	Frontantrieb	Diesel	154	210	Jan 2015	Jun 2018	2024-03-01	112247
Audi	Q3	2.0 TDI	SUV	Frontantrieb	Diesel	88	120	Mar 2015	Oct 2018	2024-03-01	112266
BMW	X6	Xdrive 30 D	SUV	Allrad	Diesel	204	277	Aug 2014	Jul 2019	2024-03-01	112267
BMW	X6	Xdrive 35 I	SUV	Allrad	Benzin	240	326	Aug 2014	Jul 2019	2024-03-01	112268
Audi	A6 c7	2.0 TDI Quattro	Stufenheck	Allrad	Diesel	140	190	Apr 2015	Sep 2018	2024-03-01	112279
Audi	A6 c7 avant	2.0 TDI Quattro	Kombi	Allrad	Diesel	140	190	Apr 2015	Sep 2018	2024-03-01	112282
Audi	Q5	SQ5 TDI Quattro	SUV	Allrad	Diesel	240	326	Apr 2015	May 2017	2024-03-01	112293
Audi	A3	RS3 Quattro	Schrägheck	Allrad	Benzin	270	367	Mar 2015	Aug 2016	2024-03-01	112295
VW	Golf vii variant	2.0 R 4motion	Kombi	Allrad	Benzin	221	300	Mar 2015	Aug 2020	2024-03-01	112296
VW	Golf alltrack vii variant	1.8 TSI 4motion	Kombi	Allrad	Benzin	132	180	Dec 2014	Aug 2020	2024-03-01	112297
BMW	3	323 I	Kombi	Heckantrieb	Benzin	140	190	Sep 2006	Jul 2008	2024-03-01	112302
Peugeot	208 i	1.6 THP 165	Schrägheck	Frontantrieb	Benzin	121	165	Mar 2015	Dec 2019	2024-03-01	112328
Peugeot	Partner tepee	1.6 Bluehdi 100	Großraumlimousine	Frontantrieb	Diesel	73	100	Dec 2014	-	2024-03-01	112330
Peugeot	Partner tepee	1.6 Bluehdi 120	Großraumlimousine	Frontantrieb	Diesel	88	120	Dec 2014	-	2024-03-01	112331
Renault	Captur i	1.5 DCI 110	Schrägheck	Frontantrieb	Diesel	81	110	Jan 2015	Sep 2018	2025-12-01	112332
Citroën	C3 picasso	1.2 THP 110	Großraumlimousine	Frontantrieb	Benzin	81	110	Jan 2015	Dec 2015	2024-08-01	112336
Citroën	C3 picasso	1.6 Bluehdi 100	Großraumlimousine	Frontantrieb	Diesel	73	99	Jan 2015	Aug 2017	2024-08-01	112338
Mercedes-benz	Sl	500	Cabriolet	Heckantrieb	Benzin	335	455	Apr 2015	Apr 2020	2024-03-01	112346
Mercedes-benz	C-Klasse	C 220 D 4-matic	Stufenheck	Allrad	Diesel	125	170	Apr 2015	May 2018	2024-03-01	112348
Mercedes-benz	C-Klasse	C 160	Stufenheck	Heckantrieb	Benzin	95	129	Apr 2015	Nov 2019	2024-03-01	112350
VW	Jetta iv	1.8 TSI	Stufenheck	Frontantrieb	Benzin	125	170	Jul 2014	Dec 2017	2024-03-01	112353
Mercedes-benz	C-Klasse	C 200 4-matic	Stufenheck	Allrad	Benzin	135	184	Apr 2015	Aug 2018	2024-03-01	112354
Mercedes-benz	C-Klasse	C 450 AMG 4-matic	Stufenheck	Allrad	Benzin	270	367	Apr 2015	May 2018	2024-03-01	112360
Mercedes-benz	C-Klasse	C 160	Kombi	Heckantrieb	Benzin	95	129	Apr 2015	Nov 2019	2024-03-01	112361
Mercedes-benz	C-Klasse	C 200 4-matic	Kombi	Allrad	Benzin	135	184	Apr 2015	May 2018	2024-03-01	112362
Mercedes-benz	C-Klasse	C 300	Kombi	Heckantrieb	Benzin	180	245	Sep 2015	May 2018	2024-03-01	112363
Mercedes-benz	C-Klasse	C 450 AMG 4-matic	Kombi	Allrad	Benzin	270	367	Apr 2015	May 2018	2024-03-01	112364
Mercedes-benz	C-Klasse	C 220 D 4-matic	Kombi	Allrad	Diesel	125	170	Apr 2015	May 2018	2024-03-01	112365
Citroën	C4 picasso ii	1.2 THP 130	Großraumlimousine	Frontantrieb	Benzin	96	130	Apr 2014	-	2024-03-01	112366
Citroën	C4 grand picasso ii	1.2 THP 130	Großraumlimousine	Frontantrieb	Benzin	96	130	Apr 2014	-	2024-03-01	112367
Citroën	C4 picasso ii	1.6 Bluehdi 100	Großraumlimousine	Frontantrieb	Diesel	73	99	Dec 2014	Dec 2018	2025-02-03	112368
Mercedes-benz	Cls	CLS 350 D 4-matic	Coupe	Allrad	Diesel	190	258	Apr 2015	Dec 2017	2024-03-01	112369
Mercedes-benz	Cls	CLS 350 D 4-matic	Kombi	Allrad	Diesel	190	258	Apr 2015	Dec 2017	2024-03-01	112372
Peugeot	Partner	1.6 Bluehdi 100	Kasten/Großraumlimousine	Frontantrieb	Diesel	73	100	Apr 2015	-	2024-03-01	112373
Peugeot	Partner	1.6 Bluehdi 120	Kasten/Großraumlimousine	Frontantrieb	Diesel	88	120	Apr 2015	-	2024-03-01	112374
Ssangyong	Tivoli	1.6	SUV	Frontantrieb	Benzin	94	128	Apr 2015	-	2024-03-01	112375
Citroën	C5	2.0 HDI 180	Stufenheck	Frontantrieb	Diesel	133	181	Mar 2015	May 2017	2024-07-01	112376
Citroën	C5	2.0 HDI 180	Kombi	Frontantrieb	Diesel	133	181	Mar 2015	May 2017	2024-07-01	112377
VW	Passat b8	1.4 TSI 4motion	Stufenheck	Allrad	Benzin	110	150	Feb 2015	Nov 2018	2025-02-03	112379
VW	Passat b8 variant	1.4 TSI 4motion	Kombi	Allrad	Benzin	110	150	Feb 2015	Nov 2018	2025-02-03	112382
VW	Passat b8	1.8 TSI	Stufenheck	Frontantrieb	Benzin	132	180	Feb 2015	Jul 2019	2025-02-03	112383
VW	Passat b8 variant	1.8 TSI	Kombi	Frontantrieb	Benzin	132	180	Feb 2015	Jul 2019	2025-02-03	112384
VW	Passat b8 variant	2.0 TDI 4motion	Kombi	Allrad	Diesel	110	150	Aug 2014	Mar 2024	2025-02-03	112385
VW	Passat b8	2.0 TDI 4motion	Stufenheck	Allrad	Diesel	110	150	Aug 2014	Mar 2024	2025-02-03	112386
VW	Passat b8	2.0 TSI	Stufenheck	Frontantrieb	Benzin	162	220	Feb 2015	Mar 2024	2025-02-03	112387
VW	Passat b8 variant	2.0 TSI	Kombi	Frontantrieb	Benzin	162	220	Aug 2014	Mar 2024	2025-02-03	112388
Citroën	Berlingo	1.6 Bluehdi 100	Großraumlimousine	Frontantrieb	Diesel	73	99	Dec 2014	Apr 2021	2025-02-03	112390
Citroën	Berlingo	1.6 Bluehdi 120	Großraumlimousine	Frontantrieb	Diesel	88	120	Dec 2014	Aug 2018	2025-02-03	112391
Citroën	Berlingo	1.6 Bluehdi 100	Kasten/Großraumlimousine	Frontantrieb	Diesel	73	99	Dec 2014	Apr 2021	2025-02-03	112392
Citroën	Berlingo	1.6 Bluehdi 120	Kasten/Großraumlimousine	Frontantrieb	Diesel	88	120	Dec 2014	Aug 2018	2025-02-03	112393
Skoda	Superb iii	2.0 TDI	Schrägheck	Frontantrieb	Diesel	110	150	Mar 2015	Jun 2024	2025-06-01	112394
Citroën	C-Zero	C-zero	Schrägheck	Heckantrieb	Elektro	49	67	Jan 2011	-	2025-11-01	112395
Peugeot	Ion	Electric	Schrägheck	Heckantrieb	Elektro	49	67	Jan 2011	-	2024-03-01	112396
Skoda	Superb iii	2.0 TDI	Schrägheck	Frontantrieb	Diesel	140	190	Mar 2015	Jun 2024	2025-06-01	112397
Skoda	Superb iii	1.4 TSI	Schrägheck	Frontantrieb	Benzin	110	150	Mar 2015	Jun 2024	2025-06-01	112398
Skoda	Superb iii	2.0 Tfsi 4X4	Schrägheck	Allrad	Benzin	206	280	Mar 2015	Jun 2024	2026-07-01	112399
Volvo	V40 cross country	T4 AWD	Schrägheck	Allrad	Benzin	140	190	May 2014	Aug 2019	2024-03-01	112412
Volvo	V40	T3	Schrägheck	Frontantrieb	Benzin	112	152	Feb 2015	Aug 2019	2024-03-01	112556
Chevrolet	Corvette	7.4	Coupe	Heckantrieb	Benzin	201	273	Sep 1971	Dec 1974	2024-03-01	112573
Chevrolet	Trailblazer	4.2	SUV	Heckantrieb	Benzin	201	273	Sep 2001	Dec 2002	2024-03-01	112588
Mclaren	570s	3.8	Coupe	Heckantrieb	Benzin	419	570	Apr 2015	-	2024-03-01	112606
Mercedes-benz	Slk	300	Cabriolet	Heckantrieb	Benzin	180	245	Jul 2015	-	2024-03-01	112664
Mercedes-benz	V-Klasse	V 200 CDI / D 4-matic	Bus	Allrad	Diesel	100	136	Apr 2015	-	2024-03-01	112665
Mercedes-benz	V-Klasse	V 220 CDI / D 4-matic	Bus	Allrad	Diesel	120	163	Mar 2015	-	2024-03-01	112666
Mazda	Mx-5 iv	1.5	Cabriolet	Heckantrieb	Benzin	96	131	Jun 2015	-	2024-03-01	112667
Chevrolet	Tahoe	5.3 AWD	SUV	Allrad	Benzin	220	299	Sep 2003	Dec 2006	2024-03-01	112670
Chevrolet	Monte carlo	5.7	Coupe	Heckantrieb	Benzin	119	162	Sep 1973	Dec 1974	2024-03-01	112699
Subaru	Legacy vi	2.5 I AWD	Stufenheck	Allrad	Benzin	129	175	Jan 2015	-	2024-03-01	112809
Subaru	Levorg	1.6 AWD	Kombi	Allrad	Benzin	125	170	Sep 2015	-	2024-03-01	112810
Subaru	Impreza	2.0 AWD	Schrägheck	Allrad	Benzin	110	150	Jan 2012	-	2024-03-01	112816
Chevrolet	Camaro	5.7	Coupe	Heckantrieb	Benzin	123	167	Sep 1971	Dec 1976	2024-03-01	112828
Chevrolet	Caprice	6.6	Stufenheck	Heckantrieb	Benzin	134	182	Sep 1973	Dec 1974	2024-03-01	112859
Mclaren	540c	3.8	Coupe	Heckantrieb	Benzin	397	540	Apr 2015	-	2024-03-01	112904
Mclaren	675lt	3.8	Coupe	Heckantrieb	Benzin	496	675	Mar 2015	-	2024-03-01	112907
Mclaren	Mp4	12C	Coupe	Heckantrieb	Benzin	460	625	Oct 2012	Apr 2014	2024-03-01	112910
Opel	Vivaro b	1.6 Cdti	Bus	Frontantrieb	Diesel	70	95	Apr 2015	Dec 2019	2024-03-01	112925
Opel	Vivaro b	1.6 Cdti	Bus	Frontantrieb	Diesel	92	125	Apr 2015	Dec 2019	2024-03-01	112926
Opel	Vivaro b	1.6 Cdti	Bus	Frontantrieb	Diesel	107	145	Apr 2015	Dec 2019	2024-03-01	112927
Suzuki	Alto iii	0.8	Schrägheck	Frontantrieb	Benzin	29	39	Dec 1988	Nov 1993	2024-03-01	112934
Audi	A6 c7	2.0 Tfsi Quattro	Stufenheck	Allrad	Benzin	185	252	May 2014	Sep 2018	2024-03-01	112941
Porsche	Boxster	3.8	Cabriolet	Heckantrieb	Benzin	276	375	Jan 2015	May 2016	2024-03-01	112947
Infiniti	Qx70	3.7 AWD	SUV	Allrad	Benzin	235	320	Aug 2013	-	2024-03-01	112948
VW	Tiguan	2.0 TDI	SUV	Frontantrieb	Diesel	110	150	May 2015	Jul 2018	2024-03-01	112955
VW	Tiguan	2.0 TDI 4motion	SUV	Allrad	Diesel	110	150	May 2015	Jul 2018	2024-03-01	112956
KIA	Sorento iii	2.4 GDI	SUV	Frontantrieb	Benzin	138	188	Jan 2015	Oct 2018	2024-05-01	112960
Dodge	Charger	6.4 Srt8	Stufenheck	Heckantrieb	Benzin	362	492	Sep 2014	-	2024-03-01	112982
Dodge	Charger	6.2 SRT Hellcat	Stufenheck	Heckantrieb	Benzin	527	717	Sep 2014	-	2024-03-01	112983
Rover	800	820	Coupe	Frontantrieb	Benzin	145	197	Dec 1996	Feb 1999	2024-03-01	113055
Tesla	Model s	70D AWD	Schrägheck	Allrad	Elektro	245	334	Apr 2015	Apr 2026	2026-06-01	113073
Tesla	Model s	85D AWD	Schrägheck	Allrad	Elektro	310	421	Jan 2014	Feb 2016	2025-06-01	113081
Hyundai	H350	2.5 Crdi	Bus	Heckantrieb	Diesel	110	150	Apr 2015	-	2024-03-01	113116
Hyundai	H350	2.5 Crdi	Bus	Heckantrieb	Diesel	125	170	Apr 2015	-	2024-03-01	113118
Hyundai	H350	2.5 Crdi	Kasten	Heckantrieb	Diesel	110	150	Apr 2015	-	2024-03-01	113119
Hyundai	H350	2.5 Crdi	Kasten	Heckantrieb	Diesel	125	170	Apr 2015	-	2024-03-01	113120
Lamborghini	Aventador	6.5 LP 750-4 AWD	Coupe	Allrad	Benzin	552	750	Apr 2015	-	2024-03-01	113121
Hyundai	H350	2.5 Crdi	Pritsche/Fahrgestell	Heckantrieb	Diesel	125	170	Apr 2015	-	2024-03-01	113122
Hyundai	H350	2.5 Crdi	Pritsche/Fahrgestell	Heckantrieb	Diesel	110	150	Apr 2015	-	2024-03-01	113123
Hyundai	I40 i cw	1.7 Crdi	Kombi	Frontantrieb	Diesel	104	141	Jan 2015	May 2019	2024-03-01	113136
Ferrari	488 gtb	3.9	Coupe	Heckantrieb	Benzin	493	670	Apr 2015	-	2024-03-01	113142
Ford	C-Max	1.6 TI	Großraumlimousine	Frontantrieb	Benzin	88	120	Feb 2012	Jun 2019	2024-03-01	113147
VW	Touran	1.2 TSI	Großraumlimousine	Frontantrieb	Benzin	81	110	May 2015	Jul 2018	2025-11-01	113148
VW	Touran	1.4 TSI	Großraumlimousine	Frontantrieb	Benzin	110	150	May 2015	Jul 2022	2025-11-01	113149
VW	Touran	1.6 TDI	Großraumlimousine	Frontantrieb	Diesel	81	110	May 2015	May 2016	2024-03-01	113150
VW	Touran	2.0 TDI	Großraumlimousine	Frontantrieb	Diesel	110	150	May 2015	-	2024-03-01	113151
Audi	Q7	3.0 Tfsi Quattro	SUV	Allrad	Benzin	245	333	Jan 2015	Dec 2019	2024-03-01	113152
Audi	Q7	3.0 TDI Quattro	SUV	Allrad	Diesel	200	272	Jan 2015	Dec 2019	2025-06-01	113153
Ford	B-Max	1.5 Tdci	Großraumlimousine	Frontantrieb	Diesel	70	95	Apr 2015	Dec 2017	2026-05-01	113165
Ford	Ecosport	1.5 Ecoblue Tdci	SUV	Frontantrieb	Diesel	70	95	May 2015	-	2024-03-01	113168
Toyota	Rav 4 iv	2.0 4WD	SUV	Allrad	Benzin	112	151	Apr 2015	Oct 2018	2024-05-01	113171
Fiat	Doblo kombi	1.6 D Multijet	Bus	Frontantrieb	Diesel	70	95	Mar 2015	Dec 2023	2025-02-03	113175
Porsche	911	4.0 GT3 RS / R	Coupe	Heckantrieb	Benzin	368	500	Apr 2015	Dec 2020	2024-03-01	113188
Fiat	Doblo kombi	1.6 D Multijet	Bus	Frontantrieb	Diesel	88	120	Mar 2015	Dec 2023	2025-02-03	113191
Nissan	Gt-R	V6	Coupe	Allrad	Benzin	397	540	Jul 2012	-	2024-03-01	113192
KIA	Quoris i	3.8 GDI	Stufenheck	Heckantrieb	Benzin	246	335	Apr 2015	-	2024-03-01	113198
Volvo	240	2	Stufenheck	Heckantrieb	Benzin	74	101	Aug 1984	Aug 1989	2024-03-01	113215
VW	Amarok	2.0 TDI	Pritsche/Fahrgestell	Heckantrieb	Diesel	90	122	Sep 2011	Oct 2013	2024-03-01	113218
VW	Amarok	2.0 TDI	Pritsche/Fahrgestell	Heckantrieb	Diesel	103	140	Sep 2011	Oct 2016	2024-03-01	113219
VW	Amarok	2.0 Bitdi	Pritsche/Fahrgestell	Heckantrieb	Diesel	132	180	May 2012	Oct 2016	2025-02-03	113222
VW	Amarok	2.0 Bitdi 4motion	Pritsche/Fahrgestell	Allrad	Diesel	132	180	Sep 2011	Jul 2019	2024-03-01	113223
Chevrolet	Aveo / kalos	1.2	Schrägheck	Frontantrieb	Benzin	53	72	Jan 2004	May 2008	2024-03-01	113242
Chevrolet	Lacetti	1.6	Stufenheck	Frontantrieb	Benzin	80	109	Mar 2005	Mar 2013	2024-03-01	113243
Chevrolet	Lacetti	1.4	Stufenheck	Frontantrieb	Benzin	69	94	Mar 2005	Mar 2013	2024-03-01	113244
Ford	C-Max	1.6	Großraumlimousine	Frontantrieb	Benzin	85	116	Apr 2007	Sep 2010	2024-03-01	113250
Ford	C-Max	1.5 Ecoboost	Kasten/Großraumlimousine	Frontantrieb	Benzin	110	150	Mar 2015	Jun 2019	2024-03-01	113252
Ford	C-Max	1.5 Ecoboost	Kasten/Großraumlimousine	Frontantrieb	Benzin	134	182	Mar 2015	Jun 2019	2024-03-01	113253
Renault	Symbol/logan iii	0.9 TCE	Stufenheck	Frontantrieb	Benzin	66	90	Jun 2014	-	2024-03-01	113255
Ford	Grand c-Max van	1.5 Ecoboost	Kasten/Großraumlimousine	Frontantrieb	Benzin	110	150	Mar 2015	Jun 2019	2024-03-01	113257
Renault	Fluence	1.6	Stufenheck	Frontantrieb	Benzin	86	117	Jan 2013	-	2024-03-01	113258
Renault	Symbol/logan iii	1.5 DCI	Stufenheck	Frontantrieb	Diesel	55	75	Jul 2014	-	2024-03-01	113259
Volvo	S60 ii	D2	Stufenheck	Frontantrieb	Diesel	88	120	Mar 2015	May 2018	2024-03-01	113260
Volvo	S60 ii	D3	Stufenheck	Frontantrieb	Diesel	110	150	Mar 2015	May 2018	2024-03-01	113262
Volvo	S60 ii	D4	Stufenheck	Frontantrieb	Diesel	140	190	Mar 2015	May 2018	2024-03-01	113263
Ford	C-Max	1.5 Tdci Econetic	Kasten/Großraumlimousine	Frontantrieb	Diesel	77	105	Mar 2015	Jun 2019	2024-03-01	113264
Volvo	S60 ii	D4 AWD	Stufenheck	Allrad	Diesel	140	190	Mar 2015	May 2018	2024-03-01	113265
Volvo	S60 ii	D5	Stufenheck	Frontantrieb	Diesel	165	224	Mar 2015	May 2018	2024-03-01	113266
Volvo	S60 ii	T3	Stufenheck	Frontantrieb	Benzin	112	152	Mar 2015	May 2018	2024-03-01	113267
Volvo	S60 ii	T3	Stufenheck	Frontantrieb	Benzin	112	152	Mar 2015	May 2018	2024-03-01	113269
Volvo	V60 i	D2	Kombi	Frontantrieb	Diesel	88	120	Mar 2015	May 2018	2024-03-01	113270
Volvo	V60 i	D3	Kombi	Frontantrieb	Diesel	110	150	Mar 2015	May 2018	2024-03-01	113271
Volvo	V60 i	D4	Kombi	Frontantrieb	Diesel	140	190	Mar 2015	May 2018	2024-03-01	113272
Volvo	V60 i	D4 AWD	Kombi	Allrad	Diesel	140	190	Mar 2015	May 2018	2024-03-01	113273
Volvo	V60 i	D5	Kombi	Frontantrieb	Diesel	165	224	Mar 2015	May 2018	2024-03-01	113274
Volvo	V60 i	D6 Hybrid AWD	Kombi	Allrad	Diesel/Elektro	206	280	Mar 2015	May 2018	2024-03-01	113276
Volvo	V60 i	T3	Kombi	Frontantrieb	Benzin	112	152	Mar 2015	May 2018	2024-03-01	113278
Renault	Thalia ii	1.4	Stufenheck	Frontantrieb	Benzin	55	75	Sep 2008	Jun 2014	2024-03-01	113279
Volvo	V60 i	T3	Kombi	Frontantrieb	Benzin	112	152	Mar 2015	May 2018	2024-03-01	113280
Volvo	V70 iii	D2	Kombi	Frontantrieb	Diesel	88	120	Mar 2015	Apr 2016	2024-03-01	113281
Volvo	V70 iii	D3	Kombi	Frontantrieb	Diesel	110	150	Mar 2015	Apr 2016	2024-03-01	113283
Volvo	V70 iii	T4	Kombi	Frontantrieb	Benzin	140	190	Mar 2015	Apr 2016	2024-03-01	113284
Volvo	Xc60 i	D3	SUV	Frontantrieb	Diesel	110	150	Mar 2015	Apr 2017	2024-03-01	113285
Volvo	Xc60 i	D4	SUV	Frontantrieb	Diesel	140	190	Mar 2015	Feb 2017	2024-03-01	113286
Ford	C-Max	2.0 Tdci	Kasten/Großraumlimousine	Frontantrieb	Diesel	110	150	Mar 2015	Jun 2019	2024-03-01	113287
Citroën	Bx	19 GTI	Schrägheck	Frontantrieb	Benzin	90	122	Oct 1984	Jun 1994	2024-03-01	113288
Volvo	Xc60 i	D4 AWD	SUV	Allrad	Diesel	140	190	Mar 2015	Feb 2017	2024-03-01	113289
Volvo	Xc60 i	D5 AWD	SUV	Allrad	Diesel	162	220	Mar 2015	Feb 2017	2024-03-01	113291
Ford	C-Max	2.0 Tdci	Kasten/Großraumlimousine	Frontantrieb	Diesel	125	170	Mar 2015	Jun 2019	2024-03-01	113292
KIA	Soul ii	1.6 Crdi 136	Schrägheck	Frontantrieb	Diesel	100	136	Apr 2015	Dec 2018	2024-03-01	113293
Volvo	Xc70 ii	D5 AWD	Kombi	Allrad	Diesel	162	220	Mar 2015	Apr 2016	2024-03-01	113294
Ford	Grand c-Max van	1.5 Tdci	Kasten/Großraumlimousine	Frontantrieb	Diesel	88	120	Mar 2015	Jun 2019	2024-03-01	113297
Hyundai	H100	2.4 TD	Kasten	Heckantrieb	Benzin	90	122	Jul 1993	Jul 1997	2024-03-01	113299
Ford	Grand c-Max van	2.0 Tdci	Kasten/Großraumlimousine	Frontantrieb	Diesel	110	150	Mar 2015	Jun 2019	2024-03-01	113301
Ford	Grand c-Max van	2.0 Tdci	Kasten/Großraumlimousine	Frontantrieb	Diesel	125	170	Mar 2015	Jun 2019	2024-03-01	113302
Renault	Megane iii	1.5 DCI	Coupe	Frontantrieb	Diesel	70	95	Jul 2014	Aug 2015	2024-03-01	113303
Skoda	Superb iii	1.4 TSI	Schrägheck	Frontantrieb	Benzin	92	125	Mar 2015	Jun 2024	2025-06-01	113304
Skoda	Superb iii	2.0 Tfsi	Schrägheck	Frontantrieb	Benzin	162	220	Mar 2015	Jun 2024	2026-07-01	113308
Skoda	Superb iii	1.6 TDI	Schrägheck	Frontantrieb	Diesel	88	120	Mar 2015	Jun 2024	2025-06-01	113310
Skoda	Superb iii	2.0 TDI 4X4	Schrägheck	Allrad	Diesel	140	190	Mar 2015	Jun 2024	2025-06-01	113313
Ford	Fiesta vi	1.5 Tdci	Schrägheck	Frontantrieb	Diesel	70	95	May 2015	Apr 2017	2024-03-01	113318
Ford	Fiesta vi van	1.5 Tdci	Kasten/Schrägheck	Frontantrieb	Diesel	70	95	May 2015	Apr 2017	2024-07-01	113319
VW	Golf vii variant	2.0 R 4motion	Kombi	Allrad	Benzin	206	280	Mar 2015	Mar 2017	2024-03-01	113320
Toyota	Avensis	1.6 D4-d	Stufenheck	Frontantrieb	Diesel	82	112	Apr 2015	Oct 2018	2024-03-01	113326
Toyota	Avensis	1.6 D4-d	Kombi	Frontantrieb	Diesel	82	112	Apr 2015	Oct 2018	2024-03-01	113327
Ford	Focus iii	1.0 Ecoboost	Kasten/Kombi	Frontantrieb	Benzin	74	100	Feb 2012	Feb 2020	2024-03-01	113328
Peugeot	305 ii	1.6	Stufenheck	Frontantrieb	Benzin	58	79	Nov 1982	Dec 1988	2024-03-01	113329
Ford	Focus iii	1.0 Ecoboost	Kasten/Kombi	Frontantrieb	Benzin	92	125	Feb 2012	Feb 2020	2024-03-01	113330
Ford	Focus iii	1.5 Ecoboost	Kasten/Kombi	Frontantrieb	Benzin	110	150	Sep 2014	Feb 2020	2024-03-01	113332
Ford	Focus iii	1.5 Ecoboost	Kasten/Kombi	Frontantrieb	Benzin	134	182	Sep 2014	Feb 2020	2024-03-01	113333
VW	Tiguan	1.4 TSI	SUV	Frontantrieb	Benzin	92	125	May 2015	Jul 2018	2024-03-01	113334
Ford	Focus iii	1.5 Tdci	Kasten/Kombi	Frontantrieb	Diesel	70	95	Sep 2014	Feb 2020	2024-03-01	113336
Renault	19 i	1.7	Cabriolet	Frontantrieb	Benzin	66	90	Jul 1991	Apr 1992	2024-03-01	113338
Toyota	Avensis	2.0 D-4d	Stufenheck	Frontantrieb	Diesel	105	143	Apr 2015	Oct 2018	2024-03-01	113339
VW	Tiguan	2.0 TDI 4motion	SUV	Allrad	Diesel	135	184	May 2015	Jul 2018	2024-03-01	113340
Toyota	Avensis	2.0 D-4d	Kombi	Frontantrieb	Diesel	105	143	Apr 2015	Oct 2018	2024-03-01	113342
Ford	Focus iii	1.5 Tdci	Kasten/Kombi	Frontantrieb	Diesel	88	120	Sep 2014	Feb 2020	2024-03-01	113343
Ford	Focus iii	2.0 Tdci	Kasten/Kombi	Frontantrieb	Diesel	110	150	Nov 2014	Feb 2020	2024-03-01	113344
Audi	Q3	2.0 Tfsi	SUV	Frontantrieb	Benzin	132	180	May 2015	Oct 2018	2024-03-01	113345
Audi	Q3	2.0 TDI	SUV	Frontantrieb	Diesel	135	184	May 2015	Oct 2018	2024-03-01	113346
BMW	2	218 D	Coupe	Heckantrieb	Diesel	110	150	Jul 2015	Sep 2020	2024-03-01	113347
BMW	2	225 D	Coupe	Heckantrieb	Diesel	165	224	Jul 2015	May 2019	2024-03-01	113348
BMW	2	218 D	Cabriolet	Heckantrieb	Diesel	110	150	Jul 2015	Sep 2020	2024-03-01	113349
VW	Polo	1.6	Schrägheck	Frontantrieb	Benzin	66	90	Jul 2014	Oct 2017	2024-03-01	113381
BMW	2	225 D	Cabriolet	Heckantrieb	Diesel	165	224	Jul 2015	May 2019	2024-03-01	113397
BMW	2	M 235 I Xdrive	Cabriolet	Allrad	Benzin	240	326	Jul 2015	Jun 2016	2024-03-01	113398
BMW	2	216 I	Großraumlimousine	Frontantrieb	Benzin	75	102	Jul 2015	Feb 2018	2025-06-01	113399
BMW	2	214 D	Großraumlimousine	Frontantrieb	Diesel	70	95	Jul 2015	Feb 2018	2024-03-01	113400
BMW	2	220 D	Großraumlimousine	Frontantrieb	Diesel	140	190	Sep 2014	-	2024-03-01	113402
Audi	Q7	3.0 TDI Quattro	SUV	Allrad	Diesel	183	249	Jun 2015	Dec 2019	2024-03-01	113404
BMW	3	318 I	Stufenheck	Heckantrieb	Benzin	100	136	Jul 2015	Oct 2018	2024-03-01	113405
BMW	3	330 I	Stufenheck	Heckantrieb	Benzin	185	252	Jul 2015	Oct 2018	2024-03-01	113407
BMW	3	330 I Xdrive	Stufenheck	Allrad	Benzin	185	252	Jul 2015	Oct 2018	2024-03-01	113408
BMW	3	340 I	Stufenheck	Heckantrieb	Benzin	240	326	Jul 2015	Oct 2018	2024-03-01	113409
BMW	3	340 I Xdrive	Stufenheck	Allrad	Benzin	240	326	Jul 2015	Oct 2018	2024-03-01	113410
BMW	3	318 D	Stufenheck	Heckantrieb	Diesel	110	150	Jul 2015	Oct 2018	2024-03-01	113430
BMW	3	318 D Xdrive	Stufenheck	Allrad	Diesel	110	150	Jul 2015	Feb 2018	2024-03-01	113432
BMW	3	320 D	Stufenheck	Heckantrieb	Diesel	140	190	Jul 2015	Oct 2018	2024-03-01	113434
BMW	3	320 D Xdrive	Stufenheck	Allrad	Diesel	140	190	Jul 2015	Oct 2018	2024-03-01	113436
BMW	3	318 I	Kombi	Heckantrieb	Benzin	100	136	Jul 2015	Jun 2019	2024-03-01	113440
Fiat	Multipla	1.6 16V GPL	Großraumlimousine	Frontantrieb	Benzin/Autogas (LPG)	76	103	Oct 2001	Jun 2010	2024-03-01	113442
BMW	3	330 I	Kombi	Heckantrieb	Benzin	185	252	Jul 2015	Jun 2019	2024-03-01	113444
BMW	3	330 I Xdrive	Kombi	Allrad	Benzin	185	252	Jul 2015	Jun 2019	2024-03-01	113445
BMW	3	340 I	Kombi	Heckantrieb	Benzin	240	326	Jul 2015	Jun 2019	2024-03-01	113446
BMW	3	340 I Xdrive	Kombi	Allrad	Benzin	240	326	Jul 2015	Jun 2019	2024-03-01	113447
BMW	3	318 D	Kombi	Heckantrieb	Diesel	110	150	Jul 2015	Jun 2019	2024-03-01	113448
BMW	3	318 D Xdrive	Kombi	Allrad	Diesel	110	150	Jul 2015	Feb 2018	2024-03-01	113449
BMW	3	320 D	Kombi	Heckantrieb	Diesel	140	190	Jul 2015	Jun 2019	2024-03-01	113450
BMW	3	320 D Xdrive	Kombi	Allrad	Diesel	140	190	Jul 2015	Jun 2019	2024-03-01	113451
BMW	3	318 D	Schrägheck	Heckantrieb	Diesel	110	150	Jul 2015	-	2024-03-01	113453
BMW	3	320 D	Schrägheck	Heckantrieb	Diesel	140	190	Jul 2015	-	2024-03-01	113454
BMW	3	320 D Xdrive	Schrägheck	Allrad	Diesel	140	190	Jul 2015	-	2024-03-01	113455
BMW	4	420 D	Cabriolet	Heckantrieb	Diesel	140	190	Jul 2015	Jul 2020	2024-03-01	113457
BMW	4	418 D	Coupe	Heckantrieb	Diesel	110	150	Jul 2015	Dec 2020	2024-03-01	113458
BMW	X5	Sdrive 25 D	SUV	Heckantrieb	Diesel	170	231	Aug 2015	Jul 2018	2024-03-01	113459
BMW	X5	Xdrive 25 D	SUV	Allrad	Diesel	170	231	Aug 2015	Jul 2018	2024-03-01	113460
Isuzu	D-Max ii	2.5 Crdi	Pritsche/Fahrgestell	Heckantrieb	Diesel	120	163	Jun 2012	-	2024-03-01	113463
Isuzu	D-Max ii	2.5 Crdi 4WD	Pritsche/Fahrgestell	Allrad	Diesel	120	163	Jun 2012	-	2024-03-01	113464
Alpina	B5	Biturbo	Stufenheck	Heckantrieb	Benzin	441	600	Jan 2015	Dec 2016	2024-03-01	113465
Alpina	B5	Biturbo	Kombi	Heckantrieb	Benzin	441	600	Jan 2015	Dec 2016	2024-03-01	113468
Alpina	B6	Biturbo	Coupe	Heckantrieb	Benzin	441	600	Jan 2015	Mar 2016	2024-03-01	113469
Alpina	B6	Biturbo	Cabriolet	Heckantrieb	Benzin	441	600	Jan 2015	Mar 2016	2024-03-01	113470
Dodge	Charger	3.7	Coupe	Heckantrieb	Benzin	108	147	Sep 1969	Dec 1970	2024-03-01	113517
Ford	Kuga ii	2.0 Tdci	SUV	Frontantrieb	Diesel	85	115	Mar 2013	Dec 2019	2024-05-01	113633
Citroën	C4 ii	1.6 Bluehdi 100	Schrägheck	Frontantrieb	Diesel	73	99	Jul 2014	May 2018	2025-02-03	113664
Citroën	C3 ii	1.6 Bluehdi 100	Schrägheck	Frontantrieb	Diesel	73	99	Jul 2014	Sep 2016	2024-07-01	113665
Citroën	C3 ii	1.6 Bluehdi 75	Schrägheck	Frontantrieb	Diesel	55	75	Apr 2015	Sep 2016	2024-07-01	113666
Citroën	Berlingo	1.6 HDI / Bluehdi 75	Kasten/Großraumlimousine	Frontantrieb	Diesel	55	75	Jul 2010	Apr 2020	2025-02-03	113667
Citroën	Berlingo	1.6 HDI 75 / Bluehdi 75	Großraumlimousine	Frontantrieb	Diesel	55	75	Apr 2008	Apr 2020	2025-02-03	113668
Peugeot	301	1.6 Bluehdi 100	Stufenheck	Frontantrieb	Diesel	73	99	Apr 2014	-	2024-03-01	113669
Peugeot	508 i	1.6 Bluehdi 120	Stufenheck	Frontantrieb	Diesel	88	120	Mar 2014	Dec 2018	2024-03-01	113670
Peugeot	508 sw i	1.6 Bluehdi 120	Kombi	Frontantrieb	Diesel	88	120	Mar 2014	Dec 2018	2024-03-01	113671
Peugeot	2008 i	1.6 Bluehdi 75	SUV	Frontantrieb	Diesel	55	75	Jan 2015	Nov 2019	2025-02-03	113672
Peugeot	Partner tepee	1.6 HDI / Bluehdi 75	Großraumlimousine	Frontantrieb	Diesel	55	75	Jun 2008	Dec 2018	2024-03-01	113673
Peugeot	Partner	1.6 HDI / Bluehdi 75	Kasten/Großraumlimousine	Frontantrieb	Diesel	55	75	Jul 2011	-	2024-03-01	113674
Ford	B-Max	1.5 Tdci	Kasten/Großraumlimousine	Frontantrieb	Diesel	70	95	Apr 2015	Dec 2017	2026-05-01	113677
BMW	X3	Sdrive 20 I	SUV	Heckantrieb	Benzin	125	170	Apr 2014	Aug 2017	2024-03-01	113711
Mazda	Cx-3	2.0 Skyactiv-g	SUV	Frontantrieb	Benzin	88	120	May 2015	-	2024-03-01	113728
Mazda	Cx-3	2.0 Skyactiv-g AWD	SUV	Allrad	Benzin	110	150	May 2015	-	2024-03-01	113730
Ferrari	Laferrari	6.3 Hybrid	Coupe	Heckantrieb	Benzin/Elektro	708	963	Jun 2013	Dec 2015	2024-03-01	113735
Alpina	B6	Biturbo Allrad	Coupe	Allrad	Benzin	441	600	Jan 2015	Mar 2016	2024-03-01	113736
BMW	6	M6 Competition	Cabriolet	Heckantrieb	Benzin	441	600	Mar 2015	Jun 2018	2024-03-01	113737
BMW	6	M6 Competition	Coupe	Heckantrieb	Benzin	441	600	Mar 2015	Oct 2017	2024-03-01	113738
BMW	6	M6 Competition	Coupe	Heckantrieb	Benzin	441	600	Mar 2015	Oct 2018	2024-03-01	113739
Opel	Combo tour	1.6 Cdti	Großraumlimousine	Frontantrieb	Diesel	70	95	Mar 2015	-	2024-03-01	113755
Opel	Combo tour	1.6 Cdti	Großraumlimousine	Frontantrieb	Diesel	88	120	Mar 2015	-	2024-03-01	113756
Cadillac	Cts	6.2 V	Stufenheck	Heckantrieb	Benzin	477	649	Apr 2015	-	2024-03-01	113774
Cadillac	Escalade	5.3	SUV	Heckantrieb	Benzin	220	299	Sep 2003	Dec 2005	2024-03-01	113779
Cadillac	Escalade	5.3 AWD	SUV	Allrad	Benzin	220	299	Sep 2003	Dec 2005	2024-03-01	113780
Cadillac	Escalade	6.0 Hybrid	SUV	Heckantrieb	Benzin/Ethanol/Elektro	283	385	Sep 2010	Dec 2013	2024-03-01	113785
Cadillac	Escalade	6.0 Hybrid AWD	SUV	Allrad	Benzin/Ethanol/Elektro	283	385	Sep 2010	Dec 2013	2024-03-01	113787
BMW	X5	Xdrive 40E	SUV	Allrad	Benzin/Elektro	230	313	Aug 2015	Jul 2018	2024-03-01	113842
Seat	Ibiza iv	1	Schrägheck	Frontantrieb	Benzin	55	75	May 2015	Jun 2017	2024-03-01	113863
Seat	Ibiza iv	1.2 TSI	Schrägheck	Frontantrieb	Benzin	66	90	May 2015	Jun 2017	2024-03-01	113864
Seat	Ibiza iv	1.0 TSI	Schrägheck	Frontantrieb	Benzin	81	110	May 2015	Jun 2017	2024-03-01	113866
Seat	Ibiza iv	1.0 TSI	Schrägheck	Frontantrieb	Benzin	70	95	May 2015	Jun 2017	2024-03-01	113867
Seat	Ibiza iv	1.4 TDI	Schrägheck	Frontantrieb	Diesel	55	75	May 2015	Jun 2017	2024-03-01	113868
Seat	Ibiza iv	1.4 TDI	Schrägheck	Frontantrieb	Diesel	66	90	May 2015	Jun 2017	2024-03-01	113871
Seat	Ibiza iv	1.4 TDI	Schrägheck	Frontantrieb	Diesel	77	105	May 2015	Jun 2017	2024-03-01	113872
Seat	Ibiza iv sc	1	Schrägheck	Frontantrieb	Benzin	55	75	May 2015	Dec 2016	2025-06-01	113886
Seat	Ibiza iv sc	1.2 TSI	Schrägheck	Frontantrieb	Benzin	66	90	May 2015	Dec 2016	2025-06-01	113893
Seat	Ibiza iv sc	1.0 TSI	Schrägheck	Frontantrieb	Benzin	70	95	May 2015	Dec 2016	2025-06-01	113894
Seat	Ibiza iv sc	1.0 TSI	Schrägheck	Frontantrieb	Benzin	81	110	May 2015	Dec 2016	2025-06-01	113895
Seat	Ibiza iv sc	1.4 TDI	Schrägheck	Frontantrieb	Diesel	55	75	May 2015	Dec 2016	2025-06-01	113896
Seat	Ibiza iv sc	1.4 TDI	Schrägheck	Frontantrieb	Diesel	66	90	May 2015	Dec 2016	2025-06-01	113898
Seat	Ibiza iv sc	1.4 TDI	Schrägheck	Frontantrieb	Diesel	77	105	May 2015	Dec 2016	2025-06-01	113899
Seat	Ibiza iv st	1	Kombi	Frontantrieb	Benzin	55	75	May 2015	Jul 2016	2024-03-01	113900
Seat	Ibiza iv st	1.2 TSI	Kombi	Frontantrieb	Benzin	66	90	May 2015	Jul 2016	2024-03-01	113901
Seat	Ibiza iv st	1.0 TSI	Kombi	Frontantrieb	Benzin	70	95	May 2015	Jul 2016	2024-03-01	113902
Seat	Ibiza iv st	1.0 TSI	Kombi	Frontantrieb	Benzin	81	110	May 2015	Jul 2016	2024-03-01	113903
Seat	Ibiza iv st	1.4 TDI	Kombi	Frontantrieb	Diesel	55	75	May 2015	Jul 2016	2024-03-01	113904
Seat	Ibiza iv st	1.4 TDI	Kombi	Frontantrieb	Diesel	66	90	May 2015	Jul 2016	2024-03-01	113905
Seat	Ibiza iv st	1.4 TDI	Kombi	Frontantrieb	Diesel	77	105	May 2015	Jul 2016	2024-03-01	113906
UAZ	Hunter	2.4 4X4	Geländewagen geschlossen	Allrad	Benzin	55	75	Jun 2003	May 2012	2024-03-01	113931
Piaggio	Ape	0.2	Cabriolet	Heckantrieb	Benzin	8	11	Jan 2013	-	2024-03-01	114014
BMW	7	740 I, LI	Stufenheck	Heckantrieb	Benzin	240	326	Jul 2015	Feb 2019	2024-03-01	114061
BMW	7	750 I, LI Xdrive	Stufenheck	Allrad	Benzin	330	449	Sep 2015	Feb 2019	2024-03-01	114062
BMW	7	730 D, LD	Stufenheck	Heckantrieb	Diesel	195	265	Sep 2015	Jun 2020	2025-02-03	114063
BMW	7	730 D, LD Xdrive	Stufenheck	Allrad	Diesel	195	265	Sep 2015	Jun 2020	2024-03-01	114065
Hyundai	Ix35	2.0 Cvvt	SUV	Frontantrieb	Benzin	110	150	Aug 2009	Jul 2013	2024-03-01	114089
Opel	Combo	1.6 Cdti	Kasten/Großraumlimousine	Frontantrieb	Diesel	88	120	Apr 2015	-	2024-03-01	114196
Volvo	S60 ii	T4	Stufenheck	Frontantrieb	Benzin	140	190	Mar 2015	May 2018	2024-03-01	114198
Volvo	V60 i	T4	Kombi	Frontantrieb	Benzin	140	190	Mar 2015	May 2018	2024-03-01	114200
Citroën	C4 grand picasso ii	1.6 Bluehdi 100	Großraumlimousine	Frontantrieb	Diesel	73	99	Jan 2015	Apr 2016	2025-02-03	114209
KIA	Picanto ii	1	Schrägheck	Frontantrieb	Benzin	49	67	May 2011	Mar 2017	2024-03-01	114210
Dacia	Logan	1.2	Stufenheck	Frontantrieb	Benzin	54	73	May 2015	-	2024-03-01	114211
Dacia	Logan	1.2	Kombi	Frontantrieb	Benzin	54	73	May 2015	-	2024-03-01	114212
Dacia	Sandero	1.2	Schrägheck	Frontantrieb	Benzin	54	73	May 2015	-	2024-03-01	114214
VW	Caddy iv	1.2 TSI	Großraumlimousine	Frontantrieb	Benzin	62	84	Jun 2015	Sep 2020	2024-03-01	114327
VW	Caddy iv	1.4 TGI CNG	Großraumlimousine	Frontantrieb	Benzin/Erdgas (CNG)	81	110	Jun 2015	Sep 2020	2024-03-01	114328
VW	Caddy iv	1.4 TSI	Großraumlimousine	Frontantrieb	Benzin	92	125	May 2015	Sep 2020	2024-03-01	114329
VW	Caddy iv	2.0 TDI 4motion	Großraumlimousine	Allrad	Diesel	81	110	May 2015	Sep 2020	2024-03-01	114330
VW	Caddy iv	2.0 TDI	Großraumlimousine	Frontantrieb	Diesel	75	102	May 2015	Sep 2020	2024-03-01	114332
VW	Caddy iv	2.0 TDI	Großraumlimousine	Frontantrieb	Diesel	55	75	May 2015	Sep 2020	2024-03-01	114333
VW	Caddy iv	2.0 TDI	Großraumlimousine	Frontantrieb	Diesel	110	150	May 2015	Sep 2020	2024-03-01	114334
VW	Caddy iv	2.0 TDI 4motion	Großraumlimousine	Allrad	Diesel	90	122	May 2015	Sep 2020	2024-03-01	114336
VW	Caddy iv	1.6 TDI	Großraumlimousine	Frontantrieb	Diesel	55	75	May 2015	Nov 2017	2024-03-01	114337
VW	Caddy iv	1.6 TDI	Großraumlimousine	Frontantrieb	Diesel	75	102	May 2015	Sep 2020	2024-03-01	114339
Ford	Mondeo v	2.0 Ecoboost	Stufenheck	Frontantrieb	Benzin	146	199	May 2015	Mar 2022	2026-04-01	114340
VW	Caddy iv	2.0 TDI	Großraumlimousine	Frontantrieb	Diesel	103	140	May 2015	Sep 2020	2024-03-01	114341
VW	Caddy iv	2.0 TDI 4motion	Großraumlimousine	Allrad	Diesel	103	140	May 2015	Sep 2020	2024-03-01	114342
VW	Caddy iv	1.2 TSI	Kasten/Großraumlimousine	Frontantrieb	Benzin	62	84	Jun 2015	Sep 2020	2024-03-01	114343
VW	Caddy iv	1.4 TGI CNG	Kasten/Großraumlimousine	Frontantrieb	Benzin/Erdgas (CNG)	81	110	Jun 2015	Sep 2020	2024-03-01	114344
VW	Caddy iv	1.4 TSI	Kasten/Großraumlimousine	Frontantrieb	Benzin	92	125	May 2015	Sep 2020	2024-03-01	114345
VW	Caddy iv	1.6 TDI	Kasten/Großraumlimousine	Frontantrieb	Diesel	55	75	May 2015	Nov 2017	2024-03-01	114346
VW	Caddy iv	1.6 TDI	Kasten/Großraumlimousine	Frontantrieb	Diesel	75	102	May 2015	Sep 2020	2024-03-01	114347
VW	Caddy iv	2.0 TDI	Kasten/Großraumlimousine	Frontantrieb	Diesel	55	75	May 2015	Sep 2020	2024-03-01	114348
VW	Caddy iv	2.0 TDI	Kasten/Großraumlimousine	Frontantrieb	Diesel	75	102	May 2015	Sep 2020	2024-03-01	114349
VW	Caddy iv	2.0 TDI 4motion	Kasten/Großraumlimousine	Allrad	Diesel	81	110	May 2015	Sep 2020	2024-03-01	114350
VW	Caddy iv	2.0 TDI 4motion	Kasten/Großraumlimousine	Allrad	Diesel	90	122	May 2015	Sep 2020	2024-03-01	114351
VW	Caddy iv	2.0 TDI	Kasten/Großraumlimousine	Frontantrieb	Diesel	103	140	May 2015	Sep 2020	2024-03-01	114352
VW	Caddy iv	2.0 TDI 4motion	Kasten/Großraumlimousine	Allrad	Diesel	103	140	May 2015	Sep 2020	2024-03-01	114354
Ford	Mondeo v	2.5	Stufenheck	Frontantrieb	Benzin	110	149	May 2015	Mar 2022	2026-04-01	114355
VW	Caddy iv	2.0 TDI	Kasten/Großraumlimousine	Frontantrieb	Diesel	110	150	May 2015	Sep 2020	2024-03-01	114357
Lexus	Es	350	Stufenheck	Frontantrieb	Benzin	183	249	Jun 2012	Jun 2018	2024-03-01	114373
Nissan	Sentra vii	1.6	Stufenheck	Frontantrieb	Benzin	86	117	Aug 2014	-	2024-03-01	114374
Lada	Granta	1.6	Stufenheck	Frontantrieb	Benzin	78	106	Jul 2013	-	2024-03-01	114384
Lada	Priora	1.6	Stufenheck	Frontantrieb	Benzin	78	106	Feb 2014	Jul 2018	2024-03-01	114463
Mercedes-benz	Glc	220 D 4-matic	SUV	Allrad	Diesel	125	170	Jun 2015	Apr 2019	2024-03-01	114486
Mercedes-benz	Glc	250 D 4-matic	SUV	Allrad	Diesel	150	204	Jun 2015	Apr 2019	2024-03-01	114488
Mercedes-benz	Glc	250 4-matic	SUV	Allrad	Benzin	155	211	Jun 2015	Apr 2019	2024-03-01	114490
Iveco	Daily iii	40 C 11, 50 C 11	Bus	Heckantrieb	Diesel	78	106	May 1999	May 2006	2024-03-01	114500
Iveco	Daily iii	35 S 12, 35 C 12, 40 C 12	Bus	Heckantrieb	Diesel	85	116	Jan 2003	May 2006	2024-03-01	114522
Iveco	Daily iii	35 S 13, 40 C 13, 50 C 13	Bus	Heckantrieb	Diesel	92	125	May 1999	May 2006	2024-03-01	114523
Iveco	Daily iii	35 S 14, 50 C 14	Bus	Heckantrieb	Diesel	100	136	Jan 2004	May 2006	2024-03-01	114535
Iveco	Daily iii	40 C 15, 50 C 15	Bus	Heckantrieb	Diesel	107	146	May 1999	May 2006	2024-03-01	114541
Iveco	Daily iii	40 C 17, 50 C 17	Bus	Heckantrieb	Diesel	122	166	Jan 2004	May 2006	2024-03-01	114542
Iveco	Daily iii	50 C 11 Natural Power	Bus	Heckantrieb	CNG	78	106	May 2002	May 2006	2024-03-01	114544
Toyota	Auris	1.2	Schrägheck	Frontantrieb	Benzin	85	116	Mar 2015	Dec 2018	2024-03-01	114559
Toyota	Auris	1.2	Kombi	Frontantrieb	Benzin	85	116	Mar 2015	Dec 2018	2024-03-01	114560
Iveco	Daily vi	40c15, 50c15, 60c15	Bus	Heckantrieb	Diesel	107	146	Mar 2014	-	2024-03-01	114562
Iveco	Daily vi	40c17, 50c17, 60c17	Bus	Heckantrieb	Diesel	125	170	Mar 2014	-	2024-03-01	114563
Toyota	Auris	1.6 D4-d	Schrägheck	Frontantrieb	Diesel	82	112	Apr 2015	Dec 2018	2024-03-01	114567
Toyota	Auris	1.6 D4-d	Kombi	Frontantrieb	Diesel	82	112	Apr 2015	Dec 2018	2024-03-01	114568
Mercedes-benz	Cla	CLA 220 CDI / D	Kombi	Frontantrieb	Diesel	120	163	Jan 2015	Mar 2019	2024-03-01	114570
Mercedes-benz	Cla	CLA 220 CDI / D 4-matic	Kombi	Allrad	Diesel	120	163	Sep 2015	Mar 2019	2024-03-01	114572
Jaguar	Xj	3.0 Sdv6	Stufenheck	Heckantrieb	Diesel	221	300	Apr 2015	Dec 2019	2025-02-03	114581
Fiat	Panda	1.3 D Multijet	Schrägheck	Frontantrieb	Diesel	70	95	Apr 2015	-	2024-03-01	114582
Fiat	Panda	1.3 D Multijet 4X4	Schrägheck	Allrad	Diesel	70	95	Apr 2015	-	2024-03-01	114583
Fiat	500	0.9	Cabriolet	Frontantrieb	Benzin	59	80	Dec 2013	-	2024-03-01	114584
Mercedes-benz	G-Klasse	G 350 D	Geländewagen geschlossen	Allrad	Diesel	180	245	Jun 2015	Apr 2018	2024-03-01	114585
Lancia	Ypsilon	1.2 Bi-fuel	Schrägheck	Frontantrieb	Benzin/Autogas (LPG)	51	69	May 2011	-	2024-03-01	114586
Mercedes-benz	G-Klasse	G 500	Geländewagen geschlossen	Allrad	Benzin	310	422	Jun 2015	Apr 2018	2024-03-01	114588
Mercedes-benz	G-Klasse	AMG G 63	Geländewagen geschlossen	Allrad	Benzin	420	571	Jun 2015	Mar 2018	2024-03-01	114589
Mercedes-benz	G-Klasse	AMG G 65	Geländewagen geschlossen	Allrad	Benzin	463	630	Jun 2015	Apr 2018	2024-03-01	114590
Mazda	Mx-6	2.2 I Turbo	Coupe	Frontantrieb	Benzin	108	147	Oct 1987	Dec 1992	2024-03-01	114594
Mazda	Rx-7 ii	1.3	Cabriolet	Heckantrieb	Benzin	110	150	Jan 1988	Jun 1992	2024-03-01	114600
Hyundai	Tucson	2.0 Crdi Allrad	SUV	Allrad	Diesel	100	136	Jun 2015	Sep 2020	2024-03-01	114608
Hyundai	Tucson	1.6 T-gdi Allrad	SUV	Allrad	Benzin	130	177	Jun 2015	Sep 2020	2024-03-01	114609
Hyundai	I20 ii	1.4	Coupe	Frontantrieb	Benzin	74	100	May 2015	Sep 2021	2025-06-01	114617
Hyundai	I20 ii	1.4 Crdi	Coupe	Frontantrieb	Diesel	66	90	May 2015	Sep 2021	2025-06-01	114618
Chrysler	Sebring	2.7	Stufenheck	Frontantrieb	Benzin	138	188	Jul 2007	Dec 2010	2024-03-01	114797
Mitsubishi	Eclipse ii	2.0 RS	Coupe	Frontantrieb	Benzin	104	141	Sep 1995	Apr 1999	2024-11-01	114814
VW	Transporter t6 / caravelle	2.0 TDI	Bus	Frontantrieb	Diesel	62	84	Apr 2015	Jul 2019	2024-03-01	114838
VW	Transporter t6	2.0 TDI	Kasten	Frontantrieb	Diesel	62	84	Apr 2015	Jul 2019	2024-03-01	114839
VW	Transporter t6	2.0 TDI	Pritsche/Fahrgestell	Frontantrieb	Diesel	62	84	Apr 2015	Nov 2019	2024-03-01	114840
VW	Multivan t6	2.0 TDI	Bus	Frontantrieb	Diesel	75	102	Apr 2015	Dec 2019	2024-03-01	114841
VW	Transporter t6 / caravelle	2.0 TDI	Bus	Frontantrieb	Diesel	75	102	Apr 2015	Dec 2019	2024-03-01	114842
VW	Transporter t6	2.0 TDI	Kasten	Frontantrieb	Diesel	75	102	Apr 2015	Dec 2019	2024-03-01	114844
VW	Transporter t6	2.0 TDI	Pritsche/Fahrgestell	Frontantrieb	Diesel	75	102	Apr 2015	Nov 2019	2024-03-01	114845
VW	Multivan t6	2.0 TDI	Bus	Frontantrieb	Diesel	103	140	Apr 2015	Dec 2019	2024-03-01	114846
VW	Multivan t6	2.0 TDI 4motion	Bus	Allrad	Diesel	103	140	Jun 2015	Dec 2019	2024-03-01	114847
VW	Transporter t6 / caravelle	2.0 TDI	Bus	Frontantrieb	Diesel	103	140	Apr 2015	Dec 2019	2024-03-01	114848
VW	Transporter t6	2.0 TDI	Kasten	Frontantrieb	Diesel	103	140	Apr 2015	Dec 2019	2024-03-01	114851
VW	Transporter t6	2.0 TDI	Pritsche/Fahrgestell	Frontantrieb	Diesel	103	140	Apr 2015	Nov 2019	2024-03-01	114855
VW	Transporter t6 / caravelle	2.0 TDI 4motion	Bus	Allrad	Diesel	103	140	Jun 2015	Dec 2019	2024-03-01	114856
VW	Transporter t6	2.0 TDI 4motion	Kasten	Allrad	Diesel	103	140	Jun 2015	Dec 2019	2024-03-01	114857
VW	Transporter t6	2.0 TDI 4motion	Pritsche/Fahrgestell	Allrad	Diesel	103	140	Jun 2015	Nov 2019	2024-03-01	114858
VW	Multivan t6	2.0 TDI	Bus	Frontantrieb	Diesel	132	180	Apr 2015	Dec 2019	2024-03-01	114860
VW	Transporter t6 / caravelle	2.0 TDI	Bus	Frontantrieb	Diesel	132	180	Apr 2015	Dec 2019	2024-03-01	114861
VW	Transporter t6	2.0 TDI	Kasten	Frontantrieb	Diesel	132	180	Apr 2015	Dec 2019	2024-03-01	114864
VW	Transporter t6	2.0 TDI	Pritsche/Fahrgestell	Frontantrieb	Diesel	132	180	Apr 2015	Nov 2019	2024-03-01	114866
VW	Multivan t6	2.0 TDI 4motion	Bus	Allrad	Diesel	132	180	Jun 2015	Dec 2019	2024-03-01	114868
VW	Transporter t6 / caravelle	2.0 TDI 4motion	Bus	Allrad	Diesel	132	180	Jun 2015	Dec 2019	2024-03-01	114869
VW	Transporter t6	2.0 TDI 4motion	Kasten	Allrad	Diesel	132	180	Jun 2015	Dec 2019	2024-03-01	114870
VW	Transporter t6	2.0 TDI 4motion	Pritsche/Fahrgestell	Allrad	Diesel	132	180	Jun 2015	Nov 2019	2024-03-01	114871
VW	Multivan t6	2.0 TSI	Bus	Frontantrieb	Benzin	150	204	Apr 2015	Jul 2019	2024-03-01	114872
VW	Transporter t6 / caravelle	2.0 TSI	Bus	Frontantrieb	Benzin	150	204	Apr 2015	Jul 2019	2024-03-01	114874
VW	Transporter t6	2.0 TSI	Kasten	Frontantrieb	Benzin	150	204	Apr 2015	Jul 2019	2024-03-01	114875
VW	Multivan t6	2.0 TSI 4motion	Bus	Allrad	Benzin	150	204	Jun 2015	Jul 2019	2024-03-01	114876
VW	Transporter t6 / caravelle	2.0 TSI 4motion	Bus	Allrad	Benzin	150	204	Jun 2015	Jul 2019	2024-03-01	114877
VW	Transporter t6	2.0 TSI 4motion	Kasten	Allrad	Benzin	150	204	Jun 2015	Jul 2019	2024-03-01	114878
VW	Multivan t6	2.0 TSI	Bus	Frontantrieb	Benzin	110	150	Apr 2015	Jul 2019	2024-03-01	114879
VW	Transporter t6 / caravelle	2.0 TSI	Bus	Frontantrieb	Benzin	110	150	Apr 2015	Jul 2019	2024-03-01	114880
VW	Transporter t6	2.0 TSI	Kasten	Frontantrieb	Benzin	110	150	Apr 2015	Jul 2019	2024-03-01	114881
VW	Transporter t6	2.0 TSI	Pritsche/Fahrgestell	Frontantrieb	Benzin	110	150	Apr 2015	Jun 2019	2024-03-01	114882
VW	Multivan t6	2.0 TDI	Bus	Frontantrieb	Diesel	150	204	Jun 2015	Aug 2024	2025-02-03	114883
VW	Transporter t6 / caravelle	2.0 TDI	Bus	Frontantrieb	Diesel	150	204	Jun 2015	Aug 2024	2025-02-03	114884
VW	Transporter t6	2.0 TDI	Kasten	Frontantrieb	Diesel	150	204	Jun 2015	Aug 2024	2025-02-03	114886
VW	Multivan t6	2.0 TDI 4motion	Bus	Allrad	Diesel	150	204	Jun 2015	Aug 2024	2025-02-03	114888
VW	Transporter t6 / caravelle	2.0 TDI 4motion	Bus	Allrad	Diesel	150	204	Jun 2015	Aug 2024	2025-02-03	114889
VW	Transporter t6	2.0 TDI 4motion	Kasten	Allrad	Diesel	150	204	Jun 2015	Aug 2024	2025-02-03	114890
VW	Multivan t6	2.0 TDI	Bus	Frontantrieb	Diesel	110	150	Apr 2015	Aug 2024	2025-02-03	114891
VW	Transporter t6 / caravelle	2.0 TDI	Bus	Frontantrieb	Diesel	110	150	Apr 2015	Aug 2024	2025-02-03	114892
VW	Transporter t6	2.0 TDI	Kasten	Frontantrieb	Diesel	110	150	Apr 2015	Aug 2024	2025-02-03	114894
Mercedes-benz	A-Klasse	A 160	Schrägheck	Frontantrieb	Benzin	75	102	Jul 2015	May 2018	2024-03-01	114944
Mercedes-benz	A-Klasse	A 250	Schrägheck	Frontantrieb	Benzin	160	218	Jul 2015	May 2018	2024-03-01	114947
Mercedes-benz	A-Klasse	A 250 4-matic	Schrägheck	Allrad	Benzin	160	218	Jul 2015	May 2018	2024-03-01	114948
Mercedes-benz	A-Klasse	AMG A 45 4-matic	Schrägheck	Allrad	Benzin	280	381	Jul 2015	May 2018	2024-03-01	114960
Mercedes-benz	A-Klasse	A 220 D	Schrägheck	Frontantrieb	Diesel	130	177	Jul 2015	May 2018	2024-03-01	114972
Mercedes-benz	A-Klasse	A 220 D 4-matic	Schrägheck	Allrad	Diesel	130	177	Jul 2015	May 2018	2024-03-01	114975
Mercury	Cougar	3.8	Stufenheck	Heckantrieb	Benzin	108	147	Sep 1994	Dec 1997	2024-03-01	114988
Mercedes-benz	B-Klasse sports tourer	B 160	Schrägheck	Frontantrieb	Benzin	75	102	Jul 2015	Dec 2018	2024-03-01	114993
Mercedes-benz	Cla	CLA 250	Coupe	Frontantrieb	Benzin	160	218	Jul 2015	Mar 2019	2024-03-01	114997
Mercedes-benz	Cla	CLA 250 4-matic	Coupe	Allrad	Benzin	160	218	Jul 2015	Mar 2019	2024-03-01	114998
Mercedes-benz	Cla	AMG CLA 45 4-matic	Coupe	Allrad	Benzin	280	381	Jul 2015	Mar 2019	2024-03-01	115000
Lincoln	Town car	4.6	Stufenheck	Heckantrieb	Benzin	156	212	Sep 1993	Dec 1997	2024-03-01	115001
Ford	Fiesta v van	1.6 Tdci	Kasten/Schrägheck	Frontantrieb	Diesel	66	90	Apr 2007	Sep 2009	2024-03-01	115004
Mercedes-benz	Cla	CLA 250 4-matic	Kombi	Allrad	Benzin	160	218	Jul 2015	Mar 2019	2024-03-01	115010
Land Rover	Range rover evoque	2.0 4X4	SUV	Allrad	Benzin	213	290	Aug 2017	Dec 2019	2024-03-01	115023
Citroën	C5	2.0 HDI 150 / Bluehdi 150	Stufenheck	Frontantrieb	Diesel	110	150	Apr 2009	May 2017	2024-07-01	115040
Mercedes-benz	Cla	AMG CLA 45 4-matic	Kombi	Allrad	Benzin	280	381	Jul 2015	Mar 2019	2024-03-01	115042
Mercedes-benz	Cla	CLA 180 D	Kombi	Frontantrieb	Diesel	80	109	Jul 2015	May 2018	2024-03-01	115043
Mercedes-benz	Gla-Klasse	AMG GLA 45 4-matic	SUV	Allrad	Benzin	280	381	Jul 2015	Jun 2019	2024-03-01	115054
Citroën	C4 ii	1.2 THP 110	Schrägheck	Frontantrieb	Benzin	81	110	Feb 2015	Dec 2017	2024-03-01	115056
Mercedes-benz	Gla-Klasse	GLA 220 D	SUV	Frontantrieb	Diesel	130	177	Jul 2015	May 2019	2024-03-01	115062
Mercedes-benz	Gla-Klasse	GLA 220 D 4-matic	SUV	Allrad	Diesel	130	177	Jul 2015	Dec 2019	2024-03-01	115065
Ssangyong	Tivoli	1.6 Allrad	SUV	Allrad	Benzin	94	128	Mar 2015	-	2024-03-01	115091
Ford	Mondeo v	2.0 Tdci 4X4	Stufenheck	Allrad	Diesel	132	180	May 2015	Mar 2022	2026-04-01	115100
Ford	Mondeo v	2.0 Tdci Bi-turbo	Stufenheck	Frontantrieb	Diesel	154	210	May 2015	Mar 2022	2026-04-01	115101
Audi	Tt	1.8 Tfsi	Coupe	Frontantrieb	Benzin	132	180	Jul 2015	Aug 2018	2024-03-01	115102
Audi	Tt	1.8 Tfsi	Cabriolet	Frontantrieb	Benzin	132	180	Jul 2015	Aug 2018	2024-03-01	115103
Audi	A3	1.6 TDI Quattro	Stufenheck	Allrad	Diesel	81	110	May 2015	Aug 2016	2024-03-01	115104
Audi	A3	1.6 TDI Quattro	Schrägheck	Allrad	Diesel	81	110	May 2015	Aug 2016	2024-03-01	115105
Audi	A5	1.8 Tfsi	Coupe	Frontantrieb	Benzin	130	177	May 2015	Jan 2017	2024-03-01	115106
Ford	Galaxy iii	2.0 Tdci 4X4	Großraumlimousine	Allrad	Diesel	110	150	May 2015	Jun 2018	2024-03-01	115107
Audi	A5	3.0 TDI Quattro	Coupe	Allrad	Diesel	160	218	May 2015	Jan 2017	2024-03-01	115108
Audi	A5	1.8 Tfsi	Cabriolet	Frontantrieb	Benzin	130	177	May 2015	Jan 2017	2024-03-01	115109
Ford	Galaxy iii	2.0 Tdci 4X4	Großraumlimousine	Allrad	Diesel	132	180	May 2015	Jun 2018	2024-03-01	115110
Audi	A5	3.0 TDI Quattro	Cabriolet	Allrad	Diesel	160	218	May 2015	Jan 2017	2024-03-01	115111
Audi	A5	1.8 Tfsi	Schrägheck	Frontantrieb	Benzin	130	177	May 2015	Jan 2017	2024-03-01	115112
Audi	A5	3.0 TDI Quattro	Schrägheck	Allrad	Diesel	160	218	May 2015	Jan 2017	2024-03-01	115113
Toyota	Hilux viii	2.4 D	Pick-up	Heckantrieb	Diesel	110	150	May 2015	-	2024-03-01	115114
Mini	Mini	Cooper	Kombi	Frontantrieb	Benzin	100	136	Jul 2015	Feb 2024	2025-06-01	115115
Mini	Mini	Cooper S	Kombi	Frontantrieb	Benzin	141	192	Nov 2014	-	2024-03-01	115116
Mini	Mini	Cooper D	Kombi	Frontantrieb	Diesel	110	150	Jul 2015	Feb 2024	2025-06-01	115117
Toyota	Hilux viii	2.4 D 4WD	Pick-up	Allrad	Diesel	110	150	May 2015	-	2024-03-01	115118
BMW	1	118 I	Schrägheck	Heckantrieb	Benzin	100	136	Jul 2015	Jun 2019	2024-03-01	115121
BMW	1	118 I	Schrägheck	Heckantrieb	Benzin	100	136	Mar 2015	Jun 2019	2024-03-01	115122
Toyota	Hilux viii	2.8 D-4d	Pick-up	Heckantrieb	Diesel	130	177	May 2015	Feb 2021	2026-05-01	115123
Toyota	Hilux viii	2.8 D-4d 4WD	Pick-up	Allrad	Diesel	130	177	May 2015	Feb 2021	2026-05-01	115124
Jaguar	Xf ii	3	Stufenheck	Heckantrieb	Benzin	250	340	May 2015	-	2024-03-01	115125
Audi	A6 c7	2.0 Tfsi Quattro	Stufenheck	Allrad	Benzin	183	249	May 2015	Sep 2018	2024-03-01	115126
Audi	A6 c7 avant	2.0 Tfsi Quattro	Kombi	Allrad	Benzin	183	249	May 2015	Sep 2018	2024-03-01	115127
Audi	A7 sportback	1.8 Tfsi	Schrägheck	Frontantrieb	Benzin	140	190	Apr 2015	May 2018	2024-03-01	115128
Audi	A7 sportback	2.0 Tfsi Quattro	Schrägheck	Allrad	Benzin	183	249	May 2015	May 2018	2024-03-01	115129
Jaguar	Xf ii	3	Stufenheck	Heckantrieb	Benzin	280	380	May 2015	-	2024-03-01	115130
Jaguar	Xf ii	2	Stufenheck	Heckantrieb	Benzin	177	241	May 2015	-	2024-03-01	115131
Audi	A8 d4	3.0 TDI Quattro	Stufenheck	Allrad	Diesel	193	262	May 2015	Jan 2018	2024-03-01	115132
Jaguar	Xf ii	3.0 D	Stufenheck	Heckantrieb	Diesel	221	300	May 2015	-	2024-03-01	115133
Audi	Tt	2.0 TTS Tfsi Quattro	Coupe	Allrad	Benzin	215	292	Jul 2015	-	2025-06-01	115134
Jaguar	Xf ii	2.0 D	Stufenheck	Heckantrieb	Diesel	120	163	May 2015	-	2024-03-01	115136
Audi	Tt	2.0 TTS Tfsi Quattro	Coupe	Allrad	Benzin	210	286	Feb 2015	-	2025-06-01	115137
Audi	Tt	2.0 TTS Tfsi Quattro	Cabriolet	Allrad	Benzin	210	286	Feb 2015	-	2025-06-01	115138
Jaguar	Xf ii	2.0 D	Stufenheck	Heckantrieb	Diesel	132	180	May 2015	-	2024-03-01	115139
Seat	Leon	1.0 TSI	Schrägheck	Frontantrieb	Benzin	85	115	May 2015	Aug 2020	2024-03-01	115140
Land Rover	Discovery sport	2.0 D 4X4	SUV	Allrad	Diesel	132	180	Jun 2015	-	2024-03-01	115141
Seat	Leon	1.0 TSI	Coupe	Frontantrieb	Benzin	85	115	May 2015	Aug 2018	2024-03-01	115142
Seat	Leon	1.0 TSI	Kombi	Frontantrieb	Benzin	85	115	May 2015	Aug 2020	2024-03-01	115143
Seat	Toledo	1.2 TSI	Schrägheck	Frontantrieb	Benzin	66	90	May 2015	May 2017	2024-03-01	115144
Seat	Toledo	1.2 TSI	Schrägheck	Frontantrieb	Benzin	81	110	May 2015	May 2017	2024-03-01	115145
Seat	Toledo	1.4 TSI	Schrägheck	Frontantrieb	Benzin	92	125	May 2015	Apr 2019	2024-03-01	115146
Land Rover	Range rover evoque	2.0 D	SUV	Frontantrieb	Diesel	110	150	Jun 2015	Dec 2019	2024-03-01	115147
Land Rover	Range rover evoque	2.0 D 4X4	SUV	Allrad	Diesel	110	150	Jun 2015	Dec 2019	2024-03-01	115148
Seat	Toledo	1.4 TDI	Schrägheck	Frontantrieb	Diesel	66	90	May 2015	Apr 2019	2024-03-01	115149
Land Rover	Range rover evoque	2.0 D 4X4	SUV	Allrad	Diesel	132	180	May 2015	Dec 2019	2024-03-01	115150
Seat	Toledo	1.6 TDI	Schrägheck	Frontantrieb	Diesel	85	115	May 2015	Apr 2019	2024-03-01	115151
Skoda	Octavia	1.2 TSI	Schrägheck	Frontantrieb	Benzin	81	110	May 2015	Feb 2017	2024-03-01	115152
Fiat	Fiorino	1.3 D Multijet	Kasten/Großraumlimousine	Frontantrieb	Diesel	59	80	Mar 2015	-	2024-03-01	115153
Skoda	Octavia	1.2 TSI	Kombi	Frontantrieb	Benzin	81	110	May 2015	Feb 2017	2024-03-01	115154
Fiat	Qubo	1.3 D Multijet	Großraumlimousine	Frontantrieb	Diesel	59	80	Mar 2015	-	2024-03-01	115155
Skoda	Octavia	1.4 TSI	Schrägheck	Frontantrieb	Benzin	110	150	Aug 2014	Oct 2020	2024-03-01	115156
Skoda	Octavia	1.4 TSI	Kombi	Frontantrieb	Benzin	110	150	Aug 2014	Oct 2020	2024-03-01	115158
Skoda	Octavia	2.0 TSI RS	Schrägheck	Frontantrieb	Benzin	169	230	May 2015	Oct 2020	2024-03-01	115160
Skoda	Octavia	2.0 TSI RS	Kombi	Frontantrieb	Benzin	169	230	May 2015	Oct 2020	2024-03-01	115161
Ford	Tourneo courier b460	1.5 Tdci	Großraumlimousine	Frontantrieb	Diesel	70	95	May 2015	Dec 2023	2024-05-01	115162
Skoda	Superb iii	1.4 TSI	Kombi	Frontantrieb	Benzin	92	125	Mar 2015	Jun 2024	2025-06-01	115163
Skoda	Superb iii	1.4 TSI	Kombi	Frontantrieb	Benzin	110	150	Mar 2015	Jun 2024	2025-06-01	115164
Skoda	Superb iii	2.0 TSI	Kombi	Frontantrieb	Benzin	162	220	Mar 2015	Jun 2024	2025-06-01	115165
Skoda	Superb iii	1.6 TDI	Kombi	Frontantrieb	Diesel	88	120	Mar 2015	Jun 2024	2025-06-01	115166
Skoda	Superb iii	2.0 TDI	Kombi	Frontantrieb	Diesel	110	150	Mar 2015	Jun 2024	2025-06-01	115167
Skoda	Superb iii	2.0 TDI	Kombi	Frontantrieb	Diesel	140	190	Mar 2015	Jun 2024	2025-06-01	115168
Skoda	Superb iii	2.0 TDI 4X4	Kombi	Allrad	Diesel	140	190	Mar 2015	Jun 2024	2025-06-01	115169
Ford	Transit courier b460	1.5 Tdci	Kasten/Großraumlimousine	Frontantrieb	Diesel	70	95	May 2015	Dec 2023	2024-05-01	115170
VW	Golf vi	1.4 TSI	Cabriolet	Frontantrieb	Benzin	92	125	Nov 2013	May 2016	2024-03-01	115171
VW	Golf vi	1.4 TSI	Cabriolet	Frontantrieb	Benzin	110	150	Nov 2013	May 2016	2024-03-01	115173
Ford	Transit courier b460	1.5 Tdci	Großraumlimousine	Frontantrieb	Diesel	70	95	May 2015	Dec 2023	2024-05-01	115174
VW	Golf vi	2.0 TDI	Cabriolet	Frontantrieb	Diesel	81	110	Nov 2013	May 2016	2024-03-01	115175
Ssangyong	Tivoli	1.6 XDI 160	SUV	Frontantrieb	Diesel	85	116	Apr 2015	-	2025-12-01	115176
Ssangyong	Tivoli	1.6 XDI 160 Allrad	SUV	Allrad	Diesel	85	116	Apr 2015	-	2025-12-01	115177
Skoda	Rapid	1.2 TSI	Schrägheck	Frontantrieb	Benzin	66	90	May 2015	Dec 2019	2024-03-01	115178
Skoda	Rapid	1.2 TSI	Schrägheck	Frontantrieb	Benzin	81	110	May 2015	Dec 2019	2024-03-01	115179
Skoda	Rapid	1.4 TSI	Schrägheck	Frontantrieb	Benzin	92	125	May 2015	Mar 2022	2024-03-01	115180
Skoda	Rapid	1.4 TDI	Schrägheck	Frontantrieb	Diesel	66	90	May 2015	Dec 2019	2024-03-01	115181
Skoda	Rapid	1.2 TSI	Schrägheck	Frontantrieb	Benzin	66	90	May 2015	Dec 2019	2024-03-01	115182
Skoda	Rapid	1.2 TSI	Schrägheck	Frontantrieb	Benzin	81	110	May 2015	Dec 2019	2024-03-01	115183
Skoda	Rapid	1.4 TSI	Schrägheck	Frontantrieb	Benzin	92	125	May 2015	Dec 2019	2024-03-01	115184
Skoda	Rapid	1.4 TDI	Schrägheck	Frontantrieb	Diesel	66	90	May 2015	Dec 2019	2024-03-01	115185
Skoda	Rapid	1.6 TDI	Schrägheck	Frontantrieb	Diesel	85	115	May 2015	Dec 2019	2024-03-01	115186
Skoda	Rapid	1.6 TDI	Schrägheck	Frontantrieb	Diesel	85	115	May 2015	Dec 2019	2024-03-01	115187
Skoda	Yeti	1.2 TSI	SUV	Frontantrieb	Benzin	81	110	May 2015	Dec 2017	2024-03-01	115188
Skoda	Yeti	1.4 TSI	SUV	Frontantrieb	Benzin	92	125	May 2015	Dec 2017	2024-03-01	115189
Skoda	Yeti	1.4 TSI 4X4	SUV	Allrad	Benzin	110	150	May 2015	Dec 2017	2024-03-01	115190
Skoda	Yeti	2.0 TDI	SUV	Frontantrieb	Diesel	110	150	May 2015	Dec 2017	2024-03-01	115191
Skoda	Yeti	2.0 TDI 4X4	SUV	Allrad	Diesel	110	150	May 2015	Dec 2017	2024-03-01	115192
VW	Passat b8	2.0 TSI 4motion	Stufenheck	Allrad	Benzin	206	280	May 2015	Mar 2024	2025-02-03	115193
VW	Passat b8 variant	2.0 TSI 4motion	Kombi	Allrad	Benzin	206	280	May 2015	Mar 2024	2025-02-03	115194
Audi	A6 c7 avant	2.0 Tfsi Quattro	Kombi	Allrad	Benzin	185	252	May 2015	Sep 2018	2024-03-01	115195
Audi	A7 sportback	2.0 Tfsi Quattro	Schrägheck	Allrad	Benzin	185	252	May 2015	May 2018	2024-03-01	115196
VW	Cc b7	1.4 TSI	Coupe	Frontantrieb	Benzin	110	150	May 2015	Dec 2016	2024-03-01	115197
VW	Cc b7	2.0 TDI	Coupe	Frontantrieb	Diesel	110	150	May 2015	Dec 2016	2024-03-01	115198
VW	Cc b7	2.0 TDI	Coupe	Frontantrieb	Diesel	135	184	May 2015	Dec 2016	2024-03-01	115199
BMW	X1	Xdrive 20 I	SUV	Allrad	Benzin	141	192	Jul 2015	Jun 2022	2024-03-01	115200
BMW	X1	Xdrive 25 I	SUV	Allrad	Benzin	170	231	Jul 2015	Oct 2021	2024-03-01	115201
BMW	X1	Sdrive 18 D	SUV	Frontantrieb	Diesel	110	150	Jul 2015	Jun 2022	2024-03-01	115202
BMW	X1	Xdrive 25 D	SUV	Allrad	Diesel	170	231	Nov 2014	May 2022	2024-03-01	115203
VW	Sharan	1.4 TSI	Großraumlimousine	Frontantrieb	Benzin	110	150	May 2015	Nov 2022	2024-03-01	115204
VW	Sharan	2.0 TSI	Großraumlimousine	Frontantrieb	Benzin	162	220	May 2015	Dec 2020	2024-03-01	115205
VW	Sharan	2.0 TDI	Großraumlimousine	Frontantrieb	Diesel	110	150	May 2015	Oct 2020	2024-03-01	115206
VW	Sharan	2.0 TDI 4motion	Großraumlimousine	Allrad	Diesel	110	150	May 2015	Jul 2019	2024-03-01	115207
VW	Sharan	2.0 TDI	Großraumlimousine	Frontantrieb	Diesel	135	184	May 2015	Jul 2018	2024-03-01	115208
Skoda	Octavia	1.6 TDI 4X4	Schrägheck	Allrad	Diesel	81	110	May 2015	Feb 2017	2024-03-01	115209
Skoda	Octavia	1.6 TDI 4X4	Kombi	Allrad	Diesel	81	110	May 2015	Feb 2017	2024-03-01	115210
Hyundai	Tucson	1.6 T-gdi	SUV	Frontantrieb	Benzin	130	177	Jun 2015	May 2023	2024-11-01	115212
Hyundai	Tucson	1.6 GDI	SUV	Frontantrieb	Benzin	97	132	Jun 2015	Sep 2020	2024-03-01	115216
Hyundai	Tucson	1.7 Crdi	SUV	Frontantrieb	Diesel	85	116	Jun 2015	Sep 2020	2024-03-01	115218
Hyundai	Tucson	2.0 Crdi Allrad	SUV	Allrad	Diesel	136	185	Jun 2015	Sep 2020	2024-03-01	115220
Hyundai	Tucson	2.0 Crdi	SUV	Frontantrieb	Diesel	100	136	Jun 2015	Sep 2020	2024-03-01	115221
Hyundai	I40 i	1.7 Crdi	Stufenheck	Frontantrieb	Diesel	104	141	Jan 2015	May 2019	2024-03-01	115229
Hyundai	I40 i cw	2.0 GDI	Kombi	Frontantrieb	Benzin	121	165	Dec 2014	May 2019	2024-03-01	115231
Skoda	Superb iii	1.4 TSI 4X4	Kombi	Allrad	Benzin	110	150	Mar 2015	Jun 2024	2025-06-01	115232
Skoda	Superb iii	1.4 TSI 4X4	Schrägheck	Allrad	Benzin	110	150	Mar 2015	Jun 2024	2025-06-01	115233
Skoda	Superb iii	1.8 TSI	Schrägheck	Frontantrieb	Benzin	132	180	Mar 2015	Jun 2024	2025-06-01	115235
Skoda	Superb iii	1.8 TSI	Kombi	Frontantrieb	Benzin	132	180	Mar 2015	Jun 2024	2025-06-01	115236
Skoda	Superb iii	2.0 TDI 4X4	Schrägheck	Allrad	Diesel	110	150	Mar 2015	Jun 2024	2025-06-01	115237
Skoda	Superb iii	2.0 TDI 4X4	Kombi	Allrad	Diesel	110	150	Mar 2015	Jun 2024	2025-06-01	115238
Skoda	Superb iii	2.0 TSI 4X4	Kombi	Allrad	Benzin	206	280	Mar 2015	Jun 2024	2025-06-01	115239
Mazda	Mx-5 iv	2	Cabriolet	Heckantrieb	Benzin	118	160	Jun 2015	-	2024-03-01	115265
Mini	Mini	Cooper D	Coupe	Frontantrieb	Diesel	82	112	Jul 2012	Sep 2016	2024-03-01	115267
KIA	Soul ii	2.0 Cvvt	Schrägheck	Frontantrieb	Benzin	113	154	Feb 2014	Dec 2018	2024-03-01	115274
BMW	1	114 D	Schrägheck	Heckantrieb	Diesel	70	95	Jun 2015	May 2019	2024-03-01	115277
BMW	1	114 D	Schrägheck	Heckantrieb	Diesel	70	95	Jul 2015	Jun 2019	2024-03-01	115279
BMW	4	418 I	Coupe	Heckantrieb	Benzin	100	136	Jul 2015	Dec 2020	2024-03-01	115281
Opel	Mokka	1.6 Cdti	SUV	Frontantrieb	Diesel	81	110	Jun 2015	Dec 2019	2025-06-01	115417
Seat	Alhambra	2.0 TDI	Großraumlimousine	Frontantrieb	Diesel	110	150	May 2015	Dec 2022	2024-03-01	115487
Dacia	Dokker	1.6	Großraumlimousine	Frontantrieb	Benzin	75	102	Apr 2015	Dec 2021	2024-11-01	115489
Seat	Alhambra	2.0 TDI 4drive	Großraumlimousine	Allrad	Diesel	110	150	May 2015	Dec 2022	2024-03-01	115490
Dacia	Dokker	1.6	Kasten/Großraumlimousine	Frontantrieb	Benzin	75	102	Apr 2015	Dec 2021	2024-11-01	115491
Seat	Alhambra	2.0 TDI	Großraumlimousine	Frontantrieb	Diesel	135	184	May 2015	Aug 2018	2024-03-01	115493
Dacia	Duster	1.2 TCE 125 4X4	SUV	Allrad	Benzin	92	125	Jun 2015	Jan 2018	2024-03-01	115494
Seat	Alhambra	2.0 TSI	Großraumlimousine	Frontantrieb	Benzin	162	220	May 2015	Dec 2022	2024-03-01	115495
Dacia	Duster	1.6 SCE 115	SUV	Frontantrieb	Benzin	84	115	Jun 2015	Jan 2018	2024-03-01	115497
Dacia	Duster	1.6 SCE 115 4X4	SUV	Allrad	Benzin	84	115	Jun 2015	Jan 2018	2024-03-01	115498
Dacia	Duster	1.6 SCE 115 LPG	SUV	Frontantrieb	Benzin/Ethanol	84	115	Jun 2015	Jan 2018	2024-03-01	115499
VW	Golf sportsvan vii	1.0 TSI	Schrägheck	Frontantrieb	Benzin	85	115	May 2015	Aug 2020	2024-03-01	115501
Peugeot	308 ii	1.6 GTI	Schrägheck	Frontantrieb	Benzin	200	272	Jun 2015	Jun 2021	2024-03-01	115504
Renault	Trafic iii	1.6 DCI 95	Bus	Frontantrieb	Diesel	70	95	Jul 2015	-	2024-03-01	115506
Renault	Trafic iii	1.6 DCI 125	Bus	Frontantrieb	Diesel	92	125	Jul 2015	-	2024-03-01	115519
Renault	Trafic iii	1.6 DCI 145	Bus	Frontantrieb	Diesel	107	145	Jul 2015	-	2024-03-01	115520
Hyundai	I10 ii	1.2	Stufenheck	Frontantrieb	Benzin	64	87	Aug 2015	-	2024-03-01	115521
Zuendapp	Janus	0.25	Schrägheck	Heckantrieb	Gemisch	10	14	Sep 1957	Dec 1958	2024-03-01	115525
Isuzu	Elf	3.1 TD	Pritsche/Fahrgestell	Heckantrieb	Diesel	61	82	Jan 1998	Dec 2001	2025-06-01	115533
VW	Golf vii	1.0 TSI	Schrägheck	Frontantrieb	Benzin	85	115	May 2015	Aug 2020	2024-03-01	115566
VW	Golf vii variant	1.0 TSI	Kombi	Frontantrieb	Benzin	85	115	May 2015	Aug 2020	2024-03-01	115568
VW	Passat b8	1.4 GTE Hybrid	Stufenheck	Frontantrieb	Benzin/Elektro	160	218	Jun 2015	Mar 2024	2025-02-03	115581
VW	Passat b8 variant	1.4 GTE Hybrid	Kombi	Frontantrieb	Benzin/Elektro	160	218	Jun 2015	Mar 2024	2025-02-03	115584
Volvo	Xc70 ii	T5 AWD	Kombi	Allrad	Benzin	187	254	Aug 2015	Dec 2016	2024-03-01	115626
Opel	Astra k	1.4	Schrägheck	Frontantrieb	Benzin	74	100	Jun 2015	Aug 2018	2025-12-01	115669
Opel	Astra k	1.4 Turbo	Schrägheck	Frontantrieb	Benzin	92	125	Jun 2015	Aug 2019	2025-12-01	115671
Opel	Astra k	1.4 Turbo	Schrägheck	Frontantrieb	Benzin	110	150	Oct 2015	Aug 2019	2025-12-01	115672
Opel	Astra k	1.0 Turbo	Schrägheck	Frontantrieb	Benzin	77	105	Jun 2015	Aug 2019	2025-12-01	115673
Opel	Astra k	1.6 Cdti	Schrägheck	Frontantrieb	Diesel	81	110	Jun 2015	Aug 2019	2025-12-01	115675
Opel	Astra k	1.6 Cdti	Schrägheck	Frontantrieb	Diesel	100	136	Jun 2015	Aug 2019	2025-12-01	115676
Opel	Cascada	2.0 Cdti	Cabriolet	Frontantrieb	Diesel	125	170	Jul 2015	Apr 2018	2024-03-01	115677
Opel	Insignia a	1.6 Cdti	Schrägheck	Frontantrieb	Diesel	100	136	Jul 2015	Mar 2017	2024-03-01	115678
Opel	Insignia a	1.6 Cdti	Schrägheck	Frontantrieb	Diesel	88	120	Jul 2015	Mar 2017	2024-03-01	115679
Opel	Insignia a	1.6 Cdti	Stufenheck	Frontantrieb	Diesel	88	120	Jul 2015	Mar 2017	2024-03-01	115681
Opel	Insignia a	1.6 Cdti	Stufenheck	Frontantrieb	Diesel	100	136	Jul 2015	Mar 2017	2024-03-01	115682
Opel	Insignia a sports tourer	1.6 Cdti	Kombi	Frontantrieb	Diesel	88	120	Jul 2015	Jan 2017	2024-03-01	115684
Opel	Insignia a sports tourer	1.6 Cdti	Kombi	Frontantrieb	Diesel	100	136	Jul 2015	Dec 2016	2024-03-01	115685
Opel	Astra k	1.6 Cdti	Schrägheck	Frontantrieb	Diesel	70	95	Oct 2015	May 2018	2025-12-01	115686
Mitsubishi	Asx	1.6 Di-d	SUV	Frontantrieb	Diesel	84	114	Jul 2015	-	2024-03-01	115706
Mitsubishi	Asx	1.6 Di-d 4WD	SUV	Allrad	Diesel	84	114	Jul 2015	-	2024-03-01	115709
Audi	R8	5.2 FSI Quattro	Coupe	Allrad	Benzin	397	540	Jul 2015	-	2024-03-01	115738
Audi	R8	5.2 FSI Plus Quattro	Coupe	Allrad	Benzin	449	610	Jul 2015	-	2025-06-01	115740
Fiat	Qubo	1.4	Großraumlimousine	Frontantrieb	Benzin	57	78	Oct 2009	-	2024-03-01	115776
Fiat	Fiorino	1.4	Kasten/Großraumlimousine	Frontantrieb	Benzin	57	78	Oct 2009	-	2024-03-01	115777
Toyota	Land cruiser prado	2.8 D-4d	Geländewagen geschlossen	Allrad	Diesel	130	177	Jun 2015	-	2024-03-01	115779
Fiat	500x	1.3 D Multijet	SUV	Frontantrieb	Diesel	70	95	Nov 2014	-	2024-03-01	115781
Suzuki	Grand vitara i	1.6 4X4	Geländewagen offen	Allrad	Benzin	69	94	Mar 1998	Jul 2003	2024-03-01	115782
Suzuki	Grand vitara i	2.0 4X4	Geländewagen offen	Allrad	Benzin	94	128	Mar 1998	Jul 2003	2024-03-01	115783
Mercedes-benz	S-Klasse	S 500 Maybach 4-matic	Stufenheck	Allrad	Benzin	335	455	Apr 2015	May 2017	2024-03-01	115808
Ford	Transit v363	2.2 Tdci	Bus	Frontantrieb	Diesel	114	155	Dec 2014	Dec 2018	2024-03-01	115815
Bentley	Continental	6.0 Flex	Coupe	Allrad	Benzin/Ethanol	434	590	May 2015	Jul 2018	2024-03-01	115816
Bentley	Continental	6.0 Flex AWD	Cabriolet	Allrad	Benzin/Ethanol	434	590	May 2015	Jul 2018	2024-03-01	115817
Land Rover	Range rover sport ii	3.0 Scv6 4X4	SUV	Allrad	Benzin	280	380	Jun 2015	Dec 2018	2024-03-01	115828
Land Rover	Range rover iv	5.0 Scv8 4X4	SUV	Allrad	Benzin	405	550	Jun 2015	Sep 2021	2025-02-03	115836
Land Rover	Range rover iv	3.0 Scv6 4X4	SUV	Allrad	Benzin	280	380	Jun 2015	Sep 2021	2025-11-01	115843
Ford USA	Mustang	2.3 Ecoboost	Coupe	Heckantrieb	Benzin	233	317	Jul 2015	-	2024-03-01	115865
Ford USA	Mustang convertible	5.0 V8	Cabriolet	Heckantrieb	Benzin	310	422	Jul 2015	Apr 2023	2024-05-01	115872
Nissan	Navara	2.3 DCI	Pick-up	Heckantrieb	Diesel	120	163	Oct 2015	-	2024-03-01	115877
Nissan	Navara	2.3 DCI 4X4	Pick-up	Allrad	Diesel	120	163	Oct 2015	-	2024-03-01	115879
BMW	3	320 I	Stufenheck	Heckantrieb	Benzin	135	184	Jul 2015	Oct 2018	2024-03-01	116010
BMW	3	320 I Xdrive	Stufenheck	Allrad	Benzin	135	184	Jul 2015	Oct 2018	2024-03-01	116012
BMW	3	320 I	Kombi	Heckantrieb	Benzin	135	184	Jul 2015	Jun 2019	2024-03-01	116013
BMW	3	320 I Xdrive	Kombi	Allrad	Benzin	135	184	Jul 2015	Jun 2019	2024-03-01	116014
Audi	A5	2.0 Tfsi	Cabriolet	Frontantrieb	Benzin	169	230	Aug 2015	Jan 2017	2024-03-01	116042
Audi	A5	2.0 Tfsi Quattro	Cabriolet	Allrad	Benzin	169	230	Aug 2015	Jan 2017	2024-03-01	116043
Audi	A5	2.0 Tfsi Quattro	Coupe	Allrad	Benzin	169	230	Aug 2015	Jan 2017	2024-03-01	116046
Audi	A5	2.0 Tfsi	Coupe	Frontantrieb	Benzin	169	230	Aug 2015	Jan 2017	2024-03-01	116048
Audi	A5	2.0 Tfsi	Schrägheck	Frontantrieb	Benzin	169	230	Aug 2015	Jan 2017	2024-03-01	116051
Audi	A5	2.0 Tfsi Quattro	Schrägheck	Allrad	Benzin	169	230	Aug 2015	Jan 2017	2024-03-01	116052
Audi	Q5	2.0 Tfsi Quattro	SUV	Allrad	Benzin	169	230	Aug 2015	May 2017	2024-03-01	116058
Fiat	Ducato	2.5 D 4X4	Kasten	Allrad	Diesel	62	84	Mar 1994	Apr 2002	2024-03-01	116060
Rover	800	820 16V	Coupe	Frontantrieb	Benzin	100	136	Jul 1997	Feb 1999	2024-03-01	116061
Fiat	Ulysse	1.9 TD	Großraumlimousine	Frontantrieb	Diesel	68	92	May 1997	Dec 1999	2024-03-01	116063
Honda	Civic ix	2.0 I-vtec Type R	Schrägheck	Frontantrieb	Benzin	228	310	Aug 2015	Dec 2016	2024-03-01	116064
VW	Multivan t6	2.0 TDI 4motion	Bus	Allrad	Diesel	110	150	Aug 2015	Aug 2024	2025-02-03	116065
Jaguar	Xjsc convertible	5.3	Cabriolet	Heckantrieb	Benzin	187	254	Jul 1986	May 1988	2024-03-01	116066
Honda	Hr-V	1.6 I-dtec	SUV	Frontantrieb	Diesel	88	120	Aug 2015	-	2024-03-01	116067
Honda	Hr-V	1.5	SUV	Frontantrieb	Benzin	96	130	Aug 2015	-	2024-03-01	116068
Toyota	Yaris	1.5 Hybrid	Schrägheck	Frontantrieb	Benzin/Elektro	74	101	Apr 2015	Mar 2017	2024-05-01	116073
Jaguar	Xf ii	3.0 AWD	Stufenheck	Allrad	Benzin	250	340	Jul 2015	-	2024-03-01	116090
Jaguar	Xf ii	3.0 AWD	Stufenheck	Allrad	Benzin	280	380	Jul 2015	-	2024-03-01	116091
Opel	Vivaro b	1.6 Cdti	Pritsche/Fahrgestell	Frontantrieb	Diesel	88	120	Aug 2015	Dec 2019	2024-03-01	116092
Opel	Vivaro b	1.6 Cdti	Pritsche/Fahrgestell	Frontantrieb	Diesel	103	140	Aug 2015	Dec 2016	2024-03-01	116093
Opel	Vivaro b	1.6 Cdti	Pritsche/Fahrgestell	Frontantrieb	Diesel	85	116	Jun 2014	Dec 2016	2024-03-01	116095
BMW	X1	Sdrive 18 I	SUV	Frontantrieb	Benzin	100	136	Nov 2015	Jun 2022	2024-03-01	116109
BMW	X1	Xdrive 18 D	SUV	Allrad	Diesel	110	150	Nov 2014	Jun 2022	2024-03-01	116112
Bristol	411	Series IV, Series V 6.6	Stufenheck	Heckantrieb	Benzin	197	268	Jun 1973	Jun 1976	2024-03-01	116113
BMW	X1	Xdrive 20 D	SUV	Allrad	Diesel	140	190	Jul 2015	Jun 2022	2024-03-01	116115
Mercedes-benz	Vito	114 CDI 4X4	Kasten	Allrad	Diesel	100	136	Jul 2015	-	2024-03-01	116117
Mercedes-benz	Vito	116 CDI 4X4	Kasten	Allrad	Diesel	120	163	Jul 2015	-	2024-03-01	116118
Mercedes-benz	Vito	119 CDI / Bluetec 4X4	Kasten	Allrad	Diesel	140	190	Jul 2015	-	2024-03-01	116119
Mercedes-benz	Vito mixto	114 CDI 4-matic	Kasten	Allrad	Diesel	100	136	Jul 2015	-	2024-03-01	116120
Mercedes-benz	Vito mixto	116 CDI 4-matic	Kasten	Allrad	Diesel	120	163	Jul 2015	-	2024-03-01	116121
Mercedes-benz	Vito tourer	114 CDI / 114 Bluetec 4-matic	Bus	Allrad	Diesel	100	136	Jul 2015	-	2024-03-01	116123
Mercedes-benz	Vito tourer	116 CDI / 116 Bluetec 4-matic	Bus	Allrad	Diesel	120	163	Jul 2015	-	2024-03-01	116124
Iveco	Daily vi	35s17, 55s17 4X4	Pritsche/Fahrgestell	Allrad	Diesel	125	170	Mar 2014	-	2024-03-01	116128
VW	Tiguan	1.4 TSI	SUV	Frontantrieb	Benzin	110	150	May 2015	Jul 2018	2024-03-01	116130
Fiat	124	1600	Cabriolet	Heckantrieb	Benzin	80	109	Jan 1973	Jul 1975	2024-03-01	116153
Daihatsu	Terios	1.5 Vvt-i RWD	Geländewagen geschlossen	Heckantrieb	Benzin	75	102	Sep 2010	-	2024-03-01	116155
Mitsubishi	L200	2.4 Di-d 4WD	Pick-up	Allrad	Diesel	113	154	Sep 2015	-	2024-03-01	116161
Mercedes-benz	E-Klasse	E 220 Bluetec	Kombi	Heckantrieb	Diesel	130	177	May 2015	Dec 2016	2024-03-01	116184
Ford	Tourneo connect / grand v408 großraumlimousi	1.5 Tdci	Großraumlimousine	Frontantrieb	Diesel	74	101	May 2015	Dec 2022	2024-05-01	116185
Ford	Tourneo connect / grand v408 großraumlimousi	1.5 Tdci	Großraumlimousine	Frontantrieb	Diesel	55	75	May 2015	Dec 2022	2024-05-01	116186
Ford	Tourneo connect / grand v408 großraumlimousi	1.5 Tdci	Großraumlimousine	Frontantrieb	Diesel	88	120	May 2015	Dec 2022	2024-05-01	116187
Maserati	4200 gt /	4.2	Coupe	Heckantrieb	Benzin	291	396	May 2002	Nov 2007	2024-03-01	116191
Mitsubishi	L200	2.5 Di-d 16V 4WD	Pick-up	Allrad	Diesel	98	133	Apr 2007	Dec 2015	2024-03-01	116196
VW	Multivan t6	2.0 TDI	Bus	Frontantrieb	Diesel	62	84	Apr 2015	Jul 2019	2024-03-01	116202
VW	Transporter t6 / caravelle	2.0 TDI 4motion	Bus	Allrad	Diesel	110	150	Aug 2015	Aug 2024	2025-02-03	116203
VW	Transporter t6	2.0 TDI 4motion	Kasten	Allrad	Diesel	110	150	Aug 2015	Aug 2024	2025-02-03	116204
Nissan	Nv400	DCI 170	Bus	Frontantrieb	Diesel	125	170	Jul 2015	Dec 2022	2026-03-01	116209
Ford	Transit connect v408	1.5 Tdci	Kasten/Großraumlimousine	Frontantrieb	Diesel	74	101	May 2015	-	2024-03-01	116210
Ford	Transit connect v408	1.5 Tdci	Kasten/Großraumlimousine	Frontantrieb	Diesel	88	120	May 2015	-	2024-03-01	116211
Ford	Transit connect	1.5 Tdci	Großraumlimousine	Frontantrieb	Diesel	74	101	May 2015	-	2024-03-01	116212
Ford	Transit connect	1.5 Tdci	Großraumlimousine	Frontantrieb	Diesel	88	120	May 2015	-	2024-03-01	116213
Jeep	Cherokee	2.2 CRD 4X4	SUV	Allrad	Diesel	136	185	Aug 2015	Aug 2018	2024-03-01	116214
Jeep	Cherokee	2.2 CRD 4X4	SUV	Allrad	Diesel	147	200	Aug 2015	Aug 2018	2024-03-01	116215
Mercedes-benz	Glk-Klasse	300 4-matic	SUV	Allrad	Benzin	185	252	Sep 2009	Jun 2015	2024-03-01	116216
Ford	Ranger	2.2 Tdci	Pick-up	Heckantrieb	Diesel	118	160	May 2015	-	2024-03-01	116217
Mercedes-benz	S-Klasse	S 400	Stufenheck	Heckantrieb	Benzin	245	333	Mar 2014	May 2017	2024-03-01	116218
Ford	Ranger	2.2 Tdci 4X4	Pick-up	Allrad	Diesel	118	160	May 2015	-	2024-03-01	116219
Ford	Ranger	2.2 Tdci	Pick-up	Heckantrieb	Diesel	96	131	May 2015	-	2024-03-01	116220
Ford	Ranger	2.2 Tdci 4X4	Pick-up	Allrad	Diesel	96	131	May 2015	-	2024-03-01	116221
Citroën	Berlingo	1.6 HDI 90	Kasten/Großraumlimousine	Frontantrieb	Diesel	66	90	Jul 2010	Dec 2017	2024-03-01	116222
Ford	Fiesta vi van	1	Kasten/Schrägheck	Frontantrieb	Benzin	59	80	Oct 2012	Apr 2017	2024-07-01	116223
Volvo	V40	D3	Schrägheck	Frontantrieb	Diesel	110	150	Apr 2015	Aug 2019	2024-03-01	116224
Volvo	V60 i	D5 Hybrid AWD	Kombi	Allrad	Diesel/Elektro	169	230	Mar 2015	May 2018	2024-03-01	116225
Audi	Q7	3.0 TDI Quattro	SUV	Allrad	Diesel	160	218	Jun 2015	Dec 2019	2025-06-01	116263
Audi	A3	2.0 Tfsi Quattro	Cabriolet	Allrad	Benzin	162	220	May 2014	Oct 2020	2024-03-01	116310
Seat	Altea	1.9 TDI 4X4	Großraumlimousine	Allrad	Diesel	77	105	Jun 2009	Dec 2010	2024-03-01	116317
Chevrolet	Camaro	6.2	Coupe	Heckantrieb	Benzin	339	461	Sep 2015	-	2024-03-01	116322
Aston Martin	Db9 volante	6	Cabriolet	Heckantrieb	Benzin	403	548	Sep 2015	Oct 2016	2024-03-01	116330
Mitsubishi	Pajero sport iii	2.4 Di-d 4X4	Geländewagen geschlossen	Allrad	Diesel	133	181	Aug 2015	-	2024-03-01	116340
Toyota	Fortuner	2.8 D 4X4	SUV	Allrad	Diesel	130	177	May 2015	-	2024-03-01	116366
Honda	Jazz iv	1.3	Schrägheck	Frontantrieb	Benzin	75	102	Sep 2015	-	2024-03-01	116390
Lancia	Fulvia berlina	1.3	Stufenheck	Frontantrieb	Benzin	61	83	Apr 1972	Mar 1975	2024-03-01	116394
Fiat	124	1600	Coupe	Heckantrieb	Benzin	77	105	Jan 1973	Feb 1976	2024-03-01	116421
Lancia	Beta	1800	Coupe	Frontantrieb	Benzin	88	120	Sep 1974	Dec 1976	2024-03-01	116427
Peugeot	Boxer	2.0 Bluehdi 110	Bus	Frontantrieb	Diesel	81	110	Jul 2015	Sep 2019	2024-03-01	116453
Peugeot	Boxer	2.0 Bluehdi 130	Bus	Frontantrieb	Diesel	96	130	Jul 2015	Sep 2019	2024-03-01	116454
Renault	Master iii	2.3 DCI 170 FWD	Bus	Frontantrieb	Diesel	125	170	Jul 2015	Dec 2020	2026-03-01	116478
Citroën	Jumper iii	2.0 Bluehdi 110	Bus	Frontantrieb	Diesel	81	110	Jul 2015	Sep 2019	2025-12-01	116486
Citroën	Jumper iii	2.0 Bluehdi 130	Bus	Frontantrieb	Diesel	96	130	Jul 2015	Sep 2019	2025-12-01	116487
Citroën	Jumper iii	2.0 Bluehdi 160	Bus	Frontantrieb	Diesel	120	163	Jul 2015	Sep 2019	2025-12-01	116488
KIA	Cee'd	1.0 T-gdi	Schrägheck	Frontantrieb	Benzin	74	100	Jul 2015	Jul 2018	2024-03-01	116489
KIA	Cee'd	1.0 T-gdi	Schrägheck	Frontantrieb	Benzin	88	120	Jul 2015	Jul 2018	2024-03-01	116490
KIA	Cee'd	1.6 Crdi 136	Schrägheck	Frontantrieb	Diesel	100	136	Jul 2015	Jul 2018	2024-03-01	116491
KIA	Cee'd	1.0 T-gdi	Kombi	Frontantrieb	Benzin	74	100	Jul 2015	Jul 2018	2024-03-01	116492
KIA	Cee'd	1.0 T-gdi	Kombi	Frontantrieb	Benzin	88	120	Jul 2015	Jul 2018	2024-03-01	116493
KIA	Cee'd	1.6 Crdi 136	Kombi	Frontantrieb	Diesel	100	136	Jul 2015	Jul 2018	2024-03-01	116503
KIA	Pro cee'd	1.0 T-gdi	Schrägheck	Frontantrieb	Benzin	74	100	Jul 2015	Jul 2018	2024-03-01	116504
KIA	Pro cee'd	1.0 T-gdi	Schrägheck	Frontantrieb	Benzin	88	120	Jul 2015	Jul 2018	2024-03-01	116506
KIA	Pro cee'd	1.6 Crdi 136	Schrägheck	Frontantrieb	Diesel	100	136	Jul 2015	Jul 2018	2024-03-01	116507
Peugeot	Boxer	2.0 Bluehdi 160	Bus	Frontantrieb	Diesel	120	163	Jul 2015	Sep 2019	2024-03-01	116508
Nissan	X-Trail iii	1.6 Dig-t	SUV	Frontantrieb	Benzin	120	163	Jun 2015	-	2024-03-01	116533
Streetscooter	Work	Elektro	Pritsche/Fahrgestell	Frontantrieb	Elektro	15	20	Feb 2015	Jul 2022	2024-03-01	116534
Opel	Movano b	2.3 Cdti FWD	Bus	Frontantrieb	Diesel	125	170	May 2015	Dec 2021	2026-03-01	116536
Suzuki	Vitara	1.4 T	SUV	Frontantrieb	Benzin	103	140	Sep 2015	-	2024-03-01	116537
Suzuki	Vitara	1.4 T Allgrip	SUV	Allrad	Benzin	103	140	Sep 2015	-	2024-03-01	116538
Lexus	Is iii	200t	Stufenheck	Heckantrieb	Benzin	180	245	Aug 2015	-	2024-03-01	116548
Fiat	Ducato	150 Multijet 2,3 D	Bus	Frontantrieb	Diesel	110	150	Apr 2015	-	2024-03-01	116551
Volvo	V40	T4	Schrägheck	Frontantrieb	Benzin	140	190	Aug 2015	Aug 2019	2024-03-01	116592
Volvo	S60 ii	T5 AWD	Stufenheck	Allrad	Benzin	187	254	Aug 2015	Dec 2018	2024-03-01	116593
Volvo	V60 i	T5 AWD	Kombi	Allrad	Benzin	187	254	Apr 2015	May 2018	2024-03-01	116595
Ford USA	Mustang convertible	2.3 Ecoboost	Cabriolet	Heckantrieb	Benzin	233	317	Jul 2015	Apr 2023	2024-05-01	116599
Audi	Q7	2.0 Tfsi Quattro	SUV	Allrad	Benzin	185	252	Aug 2015	-	2024-03-01	116623
BMW	2	218 D	Großraumlimousine	Frontantrieb	Diesel	100	136	Nov 2013	Oct 2021	2024-03-01	116624
BMW	2	220 D	Großraumlimousine	Frontantrieb	Diesel	120	163	Mar 2014	Oct 2021	2024-03-01	116625
BMW	2	220 D Xdrive	Großraumlimousine	Allrad	Diesel	120	163	Mar 2014	Oct 2021	2024-03-01	116626
BMW	2	220 I	Großraumlimousine	Frontantrieb	Benzin	120	163	Mar 2014	Oct 2021	2024-03-01	116627
BMW	2	218 D	Großraumlimousine	Frontantrieb	Diesel	100	136	Jul 2014	-	2024-03-01	116629
BMW	2	220 D	Großraumlimousine	Frontantrieb	Diesel	120	163	Sep 2014	-	2024-03-01	116630
BMW	2	220 D Xdrive	Großraumlimousine	Allrad	Diesel	120	163	Mar 2015	-	2024-03-01	116631
BMW	X1	Sdrive 20 I	SUV	Frontantrieb	Benzin	141	192	Jul 2015	Jun 2022	2024-03-01	116632
BMW	X1	Sdrive 18 D	SUV	Frontantrieb	Diesel	100	136	Jul 2015	Jun 2022	2024-03-01	116633
BMW	X1	Xdrive 20 D	SUV	Allrad	Diesel	120	163	Jul 2015	Jun 2022	2024-03-01	116634
Seat	Ibiza iv	1.2 TSI	Schrägheck	Frontantrieb	Benzin	81	110	Sep 2015	Jun 2017	2024-03-01	116635
Seat	Ibiza iv sc	1.2 TSI	Schrägheck	Frontantrieb	Benzin	81	110	Sep 2015	Dec 2016	2025-06-01	116636
Seat	Ibiza iv st	1.2 TSI	Kombi	Frontantrieb	Benzin	81	110	Sep 2015	Jul 2016	2024-03-01	116637
BMW	2	218 D	Coupe	Heckantrieb	Diesel	100	136	Mar 2014	Sep 2020	2024-03-01	116638
BMW	2	220 D	Coupe	Heckantrieb	Diesel	120	163	Nov 2014	Sep 2020	2024-03-01	116639
BMW	2	220 D Xdrive	Coupe	Allrad	Diesel	120	163	Mar 2015	Sep 2020	2024-03-01	116640
BMW	2	220 D	Cabriolet	Heckantrieb	Diesel	120	163	Mar 2014	Sep 2020	2024-03-01	116641
BMW	2	218 D	Cabriolet	Heckantrieb	Diesel	100	136	Jul 2015	Sep 2020	2024-03-01	116642
BMW	3	325 D	Stufenheck	Heckantrieb	Diesel	155	211	Mar 2013	Feb 2016	2024-03-01	116643
BMW	3	325 D	Kombi	Heckantrieb	Diesel	155	211	Mar 2013	Feb 2016	2024-03-01	116644
BMW	3	320 D Xdrive	Kombi	Allrad	Diesel	120	163	Mar 2013	Jun 2019	2024-03-01	116645
BMW	3	318 D	Kombi	Heckantrieb	Diesel	100	136	Nov 2012	Jun 2019	2024-03-01	116646
BMW	3	320 I	Schrägheck	Heckantrieb	Benzin	120	163	Mar 2013	Jun 2016	2024-03-01	116652
BMW	3	320 I Xdrive	Schrägheck	Allrad	Benzin	120	163	Jul 2013	Jun 2016	2024-03-01	116653
BMW	3	318 D	Schrägheck	Heckantrieb	Diesel	100	136	Mar 2013	Mar 2018	2025-02-03	116654
BMW	3	320 D Xdrive	Schrägheck	Allrad	Diesel	120	163	Jul 2013	Mar 2018	2025-02-03	116655
BMW	X3	Xdrive 30 D	SUV	Allrad	Diesel	155	211	Apr 2011	Aug 2017	2024-03-01	116656
BMW	X4	Xdrive 30 D	SUV	Allrad	Diesel	155	211	Apr 2014	Mar 2018	2024-03-01	116657
BMW	4	420 I	Coupe	Heckantrieb	Benzin	120	163	Nov 2013	Feb 2017	2024-03-01	116662
BMW	4	420 I Xdrive	Coupe	Allrad	Benzin	120	163	Nov 2013	Feb 2016	2024-03-01	116663
BMW	4	418 D	Coupe	Heckantrieb	Diesel	100	136	Mar 2015	Oct 2017	2024-03-01	116664
BMW	4	420 D	Coupe	Heckantrieb	Diesel	120	163	Jul 2013	Jun 2020	2024-03-01	116667
BMW	4	420 D Xdrive	Coupe	Allrad	Diesel	120	163	Nov 2013	Jun 2020	2024-03-01	116668
BMW	4	425 D	Coupe	Heckantrieb	Diesel	155	211	Mar 2014	Feb 2016	2024-03-01	116669
BMW	4	420 I	Cabriolet	Heckantrieb	Benzin	120	163	Jul 2014	Feb 2016	2024-03-01	116670
BMW	4	425 D	Cabriolet	Heckantrieb	Diesel	155	211	Jul 2014	Feb 2016	2024-03-01	116671
BMW	4	420 D	Cabriolet	Heckantrieb	Diesel	120	163	Nov 2013	Jul 2020	2024-03-01	116672
BMW	4	420 D	Coupe	Heckantrieb	Diesel	120	163	Mar 2014	Dec 2020	2024-03-01	116673
BMW	4	420 D Xdrive	Coupe	Allrad	Diesel	120	163	Mar 2014	Dec 2020	2024-03-01	116674
BMW	4	420 I	Coupe	Heckantrieb	Benzin	120	163	Mar 2014	Feb 2017	2024-03-01	116675
BMW	4	420 I Xdrive	Coupe	Allrad	Benzin	120	163	Jul 2014	Feb 2016	2024-03-01	116676
BMW	4	418 D	Coupe	Heckantrieb	Diesel	100	136	Mar 2014	Dec 2020	2024-03-01	116677
BMW	Z4 roadster	Sdrive 20 I	Cabriolet	Heckantrieb	Benzin	120	163	Sep 2011	Aug 2016	2024-03-01	116678
BMW	5	520 I	Kombi	Heckantrieb	Benzin	120	163	Sep 2011	Feb 2017	2024-03-01	116679
BMW	5	520 D	Stufenheck	Heckantrieb	Diesel	120	163	Jun 2010	Oct 2016	2024-03-01	116680
BMW	5	520 D	Kombi	Heckantrieb	Diesel	120	163	Jun 2010	Feb 2017	2024-03-01	116681
BMW	5	520 D	Schrägheck	Heckantrieb	Diesel	120	163	Jul 2012	Jun 2013	2024-03-01	116682
BMW	5	518 D	Stufenheck	Heckantrieb	Diesel	100	136	Jul 2013	Oct 2016	2024-03-01	116690
BMW	5	518 D	Kombi	Heckantrieb	Diesel	100	136	Jul 2013	Feb 2017	2024-03-01	116691
BMW	5	520 D Xdrive	Kombi	Allrad	Diesel	120	163	Jul 2013	Feb 2017	2024-08-01	116692
BMW	5	520 D Xdrive	Stufenheck	Allrad	Diesel	120	163	Jul 2013	Oct 2016	2024-08-01	116693
BMW	5	525 D	Kombi	Heckantrieb	Diesel	155	211	Sep 2011	Feb 2017	2024-03-01	116694
BMW	5	525 D Xdrive	Kombi	Allrad	Diesel	155	211	Jul 2013	Feb 2017	2024-03-01	116695
BMW	X5	Xdrive 40E	SUV	Allrad	Benzin/Elektro	205	279	Aug 2015	Jul 2018	2024-03-01	116697
VW	Passat alltrack b8 variant	2.0 TSI 4motion	Kombi	Allrad	Benzin	162	220	Jul 2015	Mar 2024	2025-02-03	116701
VW	Passat alltrack b8 variant	2.0 TDI 4motion	Kombi	Allrad	Diesel	110	150	May 2015	Nov 2017	2024-03-01	116702
VW	Passat alltrack b8 variant	2.0 TDI 4motion	Kombi	Allrad	Diesel	140	190	May 2015	Mar 2024	2025-02-03	116703
VW	Passat alltrack b8 variant	2.0 TDI 4motion	Kombi	Allrad	Diesel	176	240	May 2015	Nov 2020	2025-02-03	116704
BMW	X5	Sdrive 25 D	SUV	Heckantrieb	Diesel	155	211	Dec 2013	Jul 2018	2024-03-01	116713
BMW	X5	Xdrive 25 D	SUV	Allrad	Diesel	155	211	Dec 2013	Jul 2018	2025-11-01	116714
BMW	7	730 D	Stufenheck	Heckantrieb	Diesel	155	211	Jul 2015	Jun 2020	2024-03-01	116720
BMW	7	730 D Xdrive	Stufenheck	Allrad	Diesel	155	211	Sep 2015	Jun 2020	2024-03-01	116721
BMW	2	216 I	Großraumlimousine	Frontantrieb	Benzin	75	102	Feb 2015	Feb 2018	2024-03-01	116775
Rolls-royce	Corniche ii	6.75	Cabriolet	Heckantrieb	Benzin	164	223	Sep 1985	Dec 1989	2024-03-01	116776
BMW	4	420 D	Coupe	Heckantrieb	Diesel	147	200	Jul 2013	Mar 2015	2024-03-01	116778
BMW	4	420 D Xdrive	Coupe	Allrad	Diesel	147	200	Nov 2013	Mar 2015	2024-03-01	116780
BMW	4	420 D	Coupe	Heckantrieb	Diesel	147	200	Mar 2014	Feb 2015	2024-03-01	116781
BMW	4	420 D Xdrive	Coupe	Allrad	Diesel	147	200	Mar 2014	Feb 2015	2024-03-01	116782
BMW	7	750 I, LI	Stufenheck	Heckantrieb	Benzin	330	449	Nov 2015	Feb 2019	2024-03-01	116785
BMW	7	740 D, LD Xdrive	Stufenheck	Allrad	Diesel	235	320	Nov 2015	Jun 2020	2024-03-01	116787
Mercedes-benz	S-Klasse	300 SDL	Stufenheck	Heckantrieb	Diesel	110	150	Sep 1985	Dec 1986	2024-03-01	116790
Saab	600	1.3	Schrägheck	Frontantrieb	Benzin	55	75	Jan 1980	Dec 1986	2024-03-01	116791
Smart	Fortwo	1	Cabriolet	Heckantrieb	Benzin	52	71	Sep 2015	-	2024-03-01	116792
Smart	Fortwo	0.9	Cabriolet	Heckantrieb	Benzin	66	90	Sep 2015	-	2024-03-01	116794
VW	Beetle	2.5	Cabriolet	Frontantrieb	Benzin	125	170	Dec 2011	Jul 2016	2024-03-01	116818
Land Rover	Range rover iv	3.0 Sdv6 Hybrid 4X4	SUV	Allrad	Diesel/Elektro	260	354	Jun 2015	Sep 2021	2025-02-03	116829
Land Rover	Range rover sport ii	3.0 Sdv6 Hybrid 4X4	SUV	Allrad	Diesel/Elektro	260	354	Jun 2015	Dec 2017	2024-03-01	116835
BMW	X5	Xdrive 28 I	SUV	Allrad	Benzin	180	245	Jun 2015	Jul 2018	2024-03-01	116836
Ssangyong	Rexton	2.7 XDI 4X4	SUV	Allrad	Diesel	121	165	May 2004	May 2012	2024-03-01	116852
Toyota	Aygo	1.2	Schrägheck	Frontantrieb	Benzin	60	82	May 2014	-	2024-03-01	116873
Jeep	Renegade	2.0 CRD 4X4	SUV	Allrad	Diesel	88	120	Jul 2014	-	2024-03-01	116883
Mercedes-benz	Slk	200	Cabriolet	Heckantrieb	Benzin	135	184	Apr 2015	-	2024-03-01	116885
Hyundai	Genesis	3.8 GDI	Stufenheck	Heckantrieb	Benzin	232	315	Jun 2014	Jul 2017	2024-05-01	116891
Mercedes-benz	C-Klasse	C 220 D	Coupe	Heckantrieb	Diesel	125	170	Oct 2015	May 2018	2024-03-01	116936
Mercedes-benz	C-Klasse	C 250 D	Coupe	Heckantrieb	Diesel	150	204	Oct 2015	May 2018	2024-03-01	116937
Mercedes-benz	C-Klasse	C 180	Coupe	Heckantrieb	Benzin	115	156	Oct 2015	Aug 2020	2024-03-01	116938
Mercedes-benz	C-Klasse	C 200	Coupe	Heckantrieb	Benzin	135	184	Oct 2015	May 2018	2024-03-01	116939
Mercedes-benz	C-Klasse	C 250	Coupe	Heckantrieb	Benzin	155	211	Oct 2015	May 2018	2024-03-01	116940
Mercedes-benz	C-Klasse	C 300	Coupe	Heckantrieb	Benzin	180	245	Oct 2015	Dec 2018	2024-03-01	116941
Mercedes-benz	C-Klasse	AMG C 63	Coupe	Heckantrieb	Benzin	350	476	Feb 2016	Apr 2023	2024-03-01	116942
Mercedes-benz	C-Klasse	AMG C 63 S	Coupe	Heckantrieb	Benzin	375	510	Feb 2016	Apr 2023	2024-03-01	116943
Hyundai	Santa fé iii	2.2 Crdi 4WD	SUV	Allrad	Diesel	147	200	Oct 2015	Aug 2018	2024-05-01	116947
Mercedes-benz	C-Klasse	C 200 D	Stufenheck	Heckantrieb	Diesel	100	136	Oct 2015	May 2018	2024-03-01	116948
Mercedes-benz	C-Klasse	C 200 D	Kombi	Heckantrieb	Diesel	100	136	Oct 2015	May 2018	2024-03-01	116949
Mercedes-benz	Glc	300 4-matic	SUV	Allrad	Benzin	180	245	Jul 2015	Apr 2019	2024-03-01	116950
Mercedes-benz	S-Klasse	S 400 4-matic	Coupe	Allrad	Benzin	270	367	Oct 2015	Jul 2020	2024-03-01	116951
Mercedes-benz	Glc	220 D 4-matic	SUV	Allrad	Diesel	120	163	Jun 2015	Apr 2019	2024-03-01	116959
Hyundai	Grand santa fé	2.2 Crdi Allrad	SUV	Allrad	Diesel	147	200	Sep 2013	Nov 2018	2024-03-01	116960
Toyota	Hilux vii	3.0 D-4d 4WD	Pick-up	Allrad	Diesel	145	197	May 2008	Dec 2012	2024-03-01	116996
Citroën	C4 i	2.0 HDI	Schrägheck	Frontantrieb	Diesel	81	110	Apr 2007	Jul 2008	2024-03-01	117014
Dacia	Dokker	1.6 LPG	Großraumlimousine	Frontantrieb	Benzin/Autogas (LPG)	75	102	Apr 2015	Dec 2021	2024-11-01	117015
Dacia	Dokker	1.6 LPG	Kasten/Großraumlimousine	Frontantrieb	Benzin/Autogas (LPG)	75	102	Apr 2015	Dec 2021	2024-11-01	117016
Dacia	Lodgy	1.6 LPG	Großraumlimousine	Frontantrieb	Benzin/Autogas (LPG)	75	102	Apr 2015	-	2024-03-01	117017
Smart	Fortwo	0.7	Coupe	Heckantrieb	Benzin	40	54	Jan 2004	Jan 2007	2024-03-01	117047
Ford	Focus iii	1.6 Tdci	Stufenheck	Frontantrieb	Diesel	77	105	May 2012	Jul 2015	2024-03-01	117059
VW	Beetle	1.2 TSI 16V	Cabriolet	Frontantrieb	Benzin	77	105	Dec 2014	Jul 2019	2024-03-01	117064
VW	Beetle	1.2 TSI 16V	Schrägheck	Frontantrieb	Benzin	77	105	Dec 2014	Jul 2019	2024-03-01	117066
Audi	A4 b9	1.4 Tfsi	Stufenheck	Frontantrieb	Benzin	110	150	Aug 2015	Nov 2019	2024-03-01	117077
Audi	A4 b9	2.0 Tfsi	Stufenheck	Frontantrieb	Benzin	140	190	May 2015	Nov 2019	2026-07-01	117078
Audi	A4 b9	2.0 Tfsi	Stufenheck	Frontantrieb	Benzin	185	252	May 2015	Nov 2019	2024-03-01	117079
Audi	A4 b9	2.0 Tfsi Quattro	Stufenheck	Allrad	Benzin	185	252	May 2015	Nov 2019	2026-07-01	117080
Audi	A4 b9	2.0 TDI	Stufenheck	Frontantrieb	Diesel	140	190	May 2015	Nov 2019	2026-07-01	117081
Audi	A4 b9	2.0 TDI Quattro	Stufenheck	Allrad	Diesel	140	190	Sep 2015	Nov 2019	2024-03-01	117082
Audi	A4 b9	2.0 TDI	Stufenheck	Frontantrieb	Diesel	110	150	May 2015	Nov 2019	2024-03-01	117083
Audi	A4 b9	3.0 TDI	Stufenheck	Frontantrieb	Diesel	160	218	Sep 2015	Aug 2018	2024-03-01	117084
Audi	A4 b9	3.0 TDI Quattro	Stufenheck	Allrad	Diesel	160	218	Sep 2015	Aug 2018	2024-03-01	117085
Audi	A4 b9	3.0 TDI Quattro	Stufenheck	Allrad	Diesel	200	272	May 2015	Aug 2018	2024-03-01	117086
Audi	A4 b9 avant	2.0 Tfsi	Kombi	Frontantrieb	Benzin	140	190	Aug 2015	-	2024-03-01	117087
Audi	A4 b9 avant	2.0 Tfsi Quattro	Kombi	Allrad	Benzin	185	252	Aug 2015	Oct 2019	2024-03-01	117088
Audi	A4 b9 avant	2.0 TDI	Kombi	Frontantrieb	Diesel	140	190	Aug 2015	Sep 2018	2024-03-01	117089
Audi	A4 b9 avant	2.0 TDI Quattro	Kombi	Allrad	Diesel	140	190	Oct 2015	Sep 2018	2024-03-01	117090
Audi	A4 b9 avant	2.0 TDI	Kombi	Frontantrieb	Diesel	110	150	Aug 2015	Sep 2018	2024-03-01	117091
Audi	A4 b9 avant	3.0 TDI	Kombi	Frontantrieb	Diesel	160	218	Oct 2015	Aug 2018	2024-03-01	117092
Audi	A4 b9 avant	3.0 TDI Quattro	Kombi	Allrad	Diesel	160	218	Nov 2015	Aug 2018	2024-03-01	117093
Audi	A4 b9 avant	3.0 TDI Quattro	Kombi	Allrad	Diesel	200	272	Aug 2015	Aug 2018	2024-03-01	117094
Ford	Transit connect	1.5 Tdci	Großraumlimousine	Frontantrieb	Diesel	55	75	Aug 2015	-	2024-03-01	117100
Audi	A4 b9	2.0 TDI	Stufenheck	Frontantrieb	Diesel	100	136	May 2015	Nov 2019	2024-03-01	117110
Audi	A4 b9	2.0 Tfsi	Stufenheck	Frontantrieb	Benzin	183	249	Nov 2015	Nov 2019	2024-03-01	117111
Audi	A4 b9	2.0 Tfsi Quattro	Stufenheck	Allrad	Benzin	183	249	Nov 2015	Nov 2019	2024-03-01	117113
Audi	A4 b9 avant	2.0 Tfsi Quattro	Kombi	Allrad	Benzin	183	249	Nov 2015	Oct 2019	2024-03-01	117114
Audi	A4 b9 avant	2.0 TDI	Kombi	Frontantrieb	Diesel	100	136	Aug 2015	Oct 2019	2024-03-01	117115
Audi	Q7	3.0 TDI Quattro	SUV	Allrad	Diesel	155	211	Aug 2015	Dec 2019	2024-03-01	117122
Ford USA	Edge	2.0 Tdci AWD	SUV	Allrad	Diesel	132	180	Aug 2015	Jul 2018	2024-03-01	117197
Ford USA	Edge	2.0 Tdci Bi-turbo AWD	SUV	Allrad	Diesel	154	210	Aug 2015	Jul 2018	2024-03-01	117198
Hyundai	Tucson	2	SUV	Frontantrieb	Benzin	114	155	Jun 2015	Sep 2020	2024-03-01	117220
Hyundai	Santa fé iii	2.4 GDI	SUV	Frontantrieb	Benzin	138	188	May 2015	Aug 2018	2024-05-01	117223
Hyundai	Santa fé iii	2.4 GDI 4WD	SUV	Allrad	Benzin	138	188	May 2015	Aug 2018	2024-05-01	117225
Hyundai	Santa fé iii	2.2 Crdi	SUV	Frontantrieb	Diesel	147	200	Oct 2015	Aug 2018	2024-05-01	117226
Hyundai	Santa fé iii	2.0 Crdi	SUV	Frontantrieb	Diesel	136	185	May 2015	Aug 2018	2024-05-01	117229
Mitsubishi	L200	2.5 Di-d 4WD	Pick-up	Allrad	Diesel	100	136	Nov 2014	-	2024-03-01	117261
Ford USA	Mustang	5.2 Shelby Gt350	Coupe	Heckantrieb	Benzin	392	533	Nov 2015	-	2024-03-01	117269
BMW	2	M2	Coupe	Heckantrieb	Benzin	272	370	Nov 2015	Jun 2018	2024-03-01	117272
BMW	3	330 D	Stufenheck	Heckantrieb	Diesel	210	286	Jul 2012	Oct 2018	2024-03-01	117281
BMW	3	330 D Xdrive	Stufenheck	Allrad	Diesel	210	286	Mar 2013	Oct 2018	2024-03-01	117282
BMW	3	330 D	Kombi	Heckantrieb	Diesel	210	286	Jul 2012	Jun 2019	2024-03-01	117286
BMW	3	330 D M Performance Power KIT Xdrive	Kombi	Allrad	Diesel	210	286	Mar 2013	Jun 2019	2024-11-01	117289
BMW	3	330 D	Schrägheck	Heckantrieb	Diesel	210	286	Mar 2014	-	2024-03-01	117290
BMW	3	330 D Xdrive	Schrägheck	Allrad	Diesel	210	286	Mar 2014	-	2024-03-01	117291
BMW	3	340 I	Kombi	Heckantrieb	Benzin	265	360	Jul 2015	Jun 2019	2024-03-01	117293
BMW	3	340 I Xdrive	Kombi	Allrad	Benzin	265	360	Jul 2015	Jun 2019	2024-03-01	117294
Mercedes-benz	Gle	500 4-matic	SUV	Allrad	Benzin	335	456	Oct 2015	Oct 2019	2024-03-01	117305
Mercedes-benz	Gle	450 AMG 4-matic	SUV	Allrad	Benzin	270	367	Oct 2015	Oct 2018	2024-03-01	117308
Mercedes-benz	Gle	500 4-matic	SUV	Allrad	Benzin	335	456	Oct 2015	Oct 2018	2024-03-01	117309
Peugeot	508 i	1.6 HDI	Stufenheck	Frontantrieb	Diesel	85	116	Sep 2014	Dec 2018	2024-03-01	117327
Peugeot	508 sw i	1.6 HDI	Kombi	Frontantrieb	Diesel	85	116	Sep 2014	Dec 2018	2024-03-01	117329
BMW	5	535 I	Kombi	Heckantrieb	Benzin	240	326	Jul 2013	Feb 2017	2024-03-01	117330
BMW	5	535 I Xdrive	Kombi	Allrad	Benzin	240	326	Jul 2013	Feb 2017	2024-03-01	117332
Peugeot	2008 i	1.6 Bluehdi	SUV	Frontantrieb	Diesel	85	116	Jul 2014	-	2024-03-01	117333
Peugeot	208 i	1.6 HDI	Schrägheck	Frontantrieb	Diesel	85	116	Jan 2015	Dec 2019	2024-03-01	117336
Peugeot	208 i	1.4 GPL	Schrägheck	Frontantrieb	Benzin/Autogas (LPG)	70	95	Oct 2013	Dec 2019	2024-03-01	117338
Peugeot	301	1.2 VTI 82	Stufenheck	Frontantrieb	Benzin	60	82	Dec 2014	-	2024-03-01	117339
Citroën	C-Elysee	1.6 Bluehdi 100	Stufenheck	Frontantrieb	Diesel	73	99	Nov 2014	Dec 2016	2025-02-03	117340
BMW	3	330 E	Stufenheck	Heckantrieb	Benzin/Elektro	185	252	Nov 2015	Oct 2018	2024-03-01	117341
Citroën	C-Elysee	1.2 VTI 82	Stufenheck	Frontantrieb	Benzin	60	82	Dec 2014	-	2024-03-01	117342
BMW	3	340 I Xdrive	Stufenheck	Allrad	Benzin	265	360	Jul 2015	Oct 2018	2024-03-01	117344
BMW	3	340 I	Stufenheck	Heckantrieb	Benzin	265	360	Jul 2015	Oct 2018	2024-03-01	117345
KIA	Cee'd	1.4 MPI	Schrägheck	Frontantrieb	Benzin	74	101	Apr 2015	Jul 2018	2024-03-01	117347
KIA	Cee'd	1.4 MPI	Kombi	Frontantrieb	Benzin	74	101	Apr 2015	Jul 2018	2024-03-01	117348
BMW	5	530 D	Stufenheck	Heckantrieb	Diesel	210	286	Sep 2010	Oct 2016	2024-03-01	117349
KIA	Pro cee'd	1.4 MPI	Schrägheck	Frontantrieb	Benzin	74	101	Apr 2015	Jul 2018	2024-03-01	117350
BMW	5	530 D Xdrive	Stufenheck	Allrad	Diesel	210	286	Mar 2011	Oct 2016	2024-03-01	117351
Tesla	Model s	P85d AWD	Schrägheck	Allrad	Elektro	568	772	Sep 2015	Feb 2016	2024-03-01	117352
BMW	5	530 D	Kombi	Heckantrieb	Diesel	210	286	Sep 2011	Feb 2017	2024-03-01	117353
BMW	5	530 D Xdrive	Kombi	Allrad	Diesel	210	286	Mar 2011	Feb 2017	2024-03-01	117355
Volvo	V70 iii	2.0 GDI	Kombi	Frontantrieb	Benzin	157	214	Apr 2012	Dec 2015	2024-03-01	117368
Hyundai	Porter	2.5 D	Pritsche/Fahrgestell	Heckantrieb	Diesel	99	135	Jan 2012	-	2024-03-01	117370
Seat	Toledo	1.6	Schrägheck	Frontantrieb	Benzin	81	110	May 2015	Apr 2019	2024-03-01	117374
Seat	Ibiza iv	1.4 TSI	Schrägheck	Frontantrieb	Benzin	110	150	Nov 2015	Jun 2017	2024-03-01	117375
Seat	Ibiza iv sc	1.4 TSI	Schrägheck	Frontantrieb	Benzin	110	150	Nov 2015	Dec 2016	2025-06-01	117379
Seat	Ibiza iv st	1.4 TSI	Kombi	Frontantrieb	Benzin	110	150	Nov 2015	Jul 2016	2024-03-01	117380
Seat	Ibiza iv sc	1.8 TSI Cupra	Schrägheck	Frontantrieb	Benzin	141	192	Nov 2015	Dec 2016	2025-06-01	117382
Lexus	Rx	200t	SUV	Frontantrieb	Benzin	175	238	Oct 2015	Dec 2017	2024-03-01	117389
Lexus	Rx	200t AWD	SUV	Allrad	Benzin	175	238	Oct 2015	Dec 2017	2024-03-01	117390
BMW	X5	Xdrive 30 D	SUV	Allrad	Diesel	183	249	Dec 2013	Jul 2018	2024-03-01	117397
Mercedes-benz	Gls	350 D 4-matic	SUV	Allrad	Diesel	190	258	Nov 2015	Apr 2019	2024-03-01	117400
Mercedes-benz	Gls	400 4-matic	SUV	Allrad	Benzin	245	333	Nov 2015	Apr 2019	2024-03-01	117401
Mercedes-benz	Gls	500 4-matic	SUV	Allrad	Benzin	335	456	Nov 2015	Apr 2019	2024-03-01	117402
Mercedes-benz	Gls	AMG 63 4-matic	SUV	Allrad	Benzin	430	585	Nov 2015	Apr 2019	2024-03-01	117404
Land Rover	Discovery sport	2.0 D	SUV	Frontantrieb	Diesel	110	150	Aug 2015	-	2024-03-01	117411
Alfa Romeo	Giulietta	1.6 Jtdm	Schrägheck	Frontantrieb	Diesel	85	116	Sep 2015	Oct 2018	2024-03-01	117422
Mercedes-benz	Gle	320 4-matic	SUV	Allrad	Benzin	200	272	Oct 2015	Oct 2018	2024-03-01	117452
Seat	Alhambra	1.4 TSI	Großraumlimousine	Frontantrieb	Benzin	110	150	May 2015	Dec 2022	2024-03-01	117453
Ford	Kuga ii	2.5	SUV	Frontantrieb	Benzin	110	150	Jan 2014	Dec 2019	2025-06-01	117484
Bentley	Bentayga	6	SUV	Allrad	Benzin	447	608	Oct 2015	-	2024-03-01	117494
Tesla	Model s	70D AWD	Schrägheck	Allrad	Elektro	386	525	Sep 2015	Apr 2026	2026-06-01	117515
Tesla	Model s	85D AWD	Schrägheck	Allrad	Elektro	386	525	Oct 2014	Feb 2016	2024-03-01	117518
Tesla	Model s	85	Schrägheck	Heckantrieb	Elektro	285	388	Sep 2012	Feb 2016	2024-03-01	117529
Tesla	Model s	70	Schrägheck	Heckantrieb	Elektro	285	388	Sep 2015	Apr 2026	2026-06-01	117530
Tesla	Model x	90D AWD	Schrägheck	Allrad	Elektro	386	525	Sep 2015	Apr 2026	2026-06-01	117531
Tesla	Model x	P90d AWD	Schrägheck	Allrad	Elektro	568	772	Sep 2015	Apr 2026	2026-06-01	117532
GAZ	Volga	2.4	Kombi	Heckantrieb	Benzin	70	95	Jan 1972	Jan 1987	2024-03-01	117551
Land Rover	Range rover evoque	2.0 D 4X4	Cabriolet	Allrad	Diesel	110	150	Nov 2015	Dec 2019	2024-03-01	117553
Land Rover	Range rover evoque	2.0 D 4X4	Cabriolet	Allrad	Diesel	132	180	Nov 2015	Dec 2019	2024-03-01	117554
Land Rover	Range rover evoque	2.0 4X4	Cabriolet	Allrad	Benzin	177	241	Nov 2015	Dec 2019	2024-03-01	117555
Honda	Accord ix	2.4	Stufenheck	Frontantrieb	Benzin	132	180	Jul 2014	-	2024-03-01	117564
Hyundai	Genesis	2.0 Cvvt	Coupe	Heckantrieb	Benzin	184	250	Feb 2013	Feb 2014	2024-03-01	117566
Hyundai	Grace	2.4	Kasten	Heckantrieb	Benzin	84	114	Oct 1997	Dec 2004	2024-03-01	117567
Hyundai	I40 i	2.0 Cvvt	Stufenheck	Frontantrieb	Benzin	110	150	Oct 2012	May 2019	2024-03-01	117569
Hyundai	I40 i cw	2.0 Cvvt	Kombi	Frontantrieb	Benzin	110	150	Oct 2012	May 2019	2024-03-01	117570
BMW	2	225 XE Plug-in-hybrid	Großraumlimousine	Allrad	Benzin/Elektro	165	224	Nov 2014	Oct 2021	2024-03-01	117573
BMW	X1	Sdrive 20 D	SUV	Frontantrieb	Diesel	140	190	Nov 2015	May 2022	2024-03-01	117576
Mini	Mini	Cooper	Cabriolet	Frontantrieb	Benzin	100	136	Nov 2015	-	2025-06-01	117578
Mini	Mini	Cooper S	Cabriolet	Frontantrieb	Benzin	141	192	Nov 2015	-	2025-06-01	117579
Mini	Mini	Cooper D	Cabriolet	Frontantrieb	Diesel	85	116	Nov 2015	-	2025-06-01	117580
Mini	Mini	ONE	Kombi	Frontantrieb	Benzin	75	102	Nov 2015	Jan 2024	2025-06-01	117581
Toyota	Rav 4 iv	2.5 Hybrid 4WD	SUV	Allrad	Benzin/Elektro	145	197	Nov 2015	Nov 2018	2024-03-01	117582
Mini	Mini	ONE D	Kombi	Frontantrieb	Diesel	85	116	Nov 2015	Jan 2024	2025-06-01	117583
Mini	Mini	Cooper SD	Kombi	Frontantrieb	Diesel	140	190	Feb 2015	Jan 2024	2025-06-01	117584
Hyundai	Santa fé iii	2.4 Ccvt	SUV	Frontantrieb	Benzin	129	175	Sep 2012	Dec 2018	2024-05-01	117585
BMW	2	218 D Xdrive	Großraumlimousine	Allrad	Diesel	110	150	Dec 2014	Oct 2021	2024-03-01	117593
BMW	2	218 D Xdrive	Großraumlimousine	Allrad	Diesel	100	136	Dec 2014	Oct 2021	2024-03-01	117596
BMW	5	520 I	Stufenheck	Heckantrieb	Benzin	125	170	Jul 2013	Oct 2016	2024-03-01	117598
Infiniti	Qx70	37 AWD	SUV	Allrad	Benzin	245	333	Feb 2014	-	2024-03-01	117608
BMW	X1	Sdrive 16 D	SUV	Frontantrieb	Diesel	85	116	Nov 2014	May 2022	2024-03-01	117610
VW	Transporter t6	2.0 TDI	Pritsche/Fahrgestell	Frontantrieb	Diesel	110	150	Aug 2015	Aug 2024	2025-02-03	117613
BMW	X1	Sdrive 20 D	SUV	Frontantrieb	Diesel	120	163	Nov 2015	May 2022	2024-03-01	117614
BMW	X1	Xdrive 18 D	SUV	Allrad	Diesel	100	136	Nov 2014	Jun 2022	2024-03-01	117619
Lexus	Rx	450h AWD	SUV	Allrad	Benzin/Elektro	230	313	Nov 2015	-	2024-03-01	117621
Toyota	Hilux viii	2.4 D	Pritsche/Fahrgestell	Heckantrieb	Diesel	110	150	Jul 2015	-	2024-03-01	117640
KIA	Sorento iii	3.3	SUV	Frontantrieb	Benzin	199	271	Apr 2015	Dec 2018	2024-05-01	117664
Baic	Senova x25	1.5	SUV	Frontantrieb	Benzin	85	116	Nov 2015	-	2024-03-01	117679
Audi	Q5	SQ5 TDI Quattro	SUV	Allrad	Diesel	250	340	Nov 2015	May 2017	2024-03-01	117689
Citroën	Jumpy ii	2.0 HDI 125	Pritsche/Fahrgestell	Frontantrieb	Diesel	94	128	Jul 2011	-	2024-03-01	117708
Jaguar	F-Type	5.0 Scv8 SVR / Scv8 P575 R AWD	Cabriolet	Allrad	Benzin	423	575	Dec 2015	-	2024-03-01	117709
Lada	Vesta	1.6	Stufenheck	Frontantrieb	Benzin	78	106	Nov 2015	-	2024-03-01	117710
BMW	X4	M 40 I	SUV	Allrad	Benzin	265	360	Dec 2015	Mar 2018	2024-03-01	117711
Jaguar	F-Pace	3.0 Scv6 AWD	SUV	Allrad	Benzin	250	340	Sep 2015	-	2024-03-01	117712
Jaguar	F-Pace	3.0 Scv6 AWD	SUV	Allrad	Benzin	280	380	Sep 2015	-	2024-03-01	117713
Jaguar	F-Pace	3.0 Sdv6 AWD	SUV	Allrad	Diesel	221	300	Sep 2015	-	2024-03-01	117714
Jaguar	F-Pace	2.0 TD4	SUV	Heckantrieb	Diesel	132	180	Sep 2015	-	2024-03-01	117715
Jaguar	F-Pace	2.0 TD4 AWD	SUV	Allrad	Diesel	132	180	Sep 2015	-	2024-03-01	117716
Opel	Astra k	1.6 Turbo	Schrägheck	Frontantrieb	Benzin	147	200	Nov 2015	Feb 2019	2025-12-01	117717
Opel	Astra k sports tourer	1.4	Kombi	Frontantrieb	Benzin	74	100	Apr 2016	May 2018	2025-12-01	117718
Opel	Astra k sports tourer	1.0 Turbo	Kombi	Frontantrieb	Benzin	77	105	Jun 2018	Aug 2019	2025-12-01	117719
Opel	Astra k sports tourer	1.4 Turbo	Kombi	Frontantrieb	Benzin	92	125	Apr 2016	Aug 2019	2025-12-01	117720
Opel	Astra k sports tourer	1.4 Turbo	Kombi	Frontantrieb	Benzin	110	150	Apr 2016	Aug 2019	2025-12-01	117721
Opel	Astra k sports tourer	1.6 Cdti	Kombi	Frontantrieb	Diesel	70	95	Apr 2016	May 2018	2025-12-01	117722
Opel	Astra k sports tourer	1.6 Cdti	Kombi	Frontantrieb	Diesel	81	110	Apr 2016	Aug 2019	2025-12-01	117723
Opel	Astra k sports tourer	1.6 Turbo	Kombi	Frontantrieb	Benzin	147	200	Apr 2016	Feb 2019	2025-12-01	117724
Opel	Astra k sports tourer	1.6 Cdti	Kombi	Frontantrieb	Diesel	100	136	Apr 2016	Aug 2019	2025-12-01	117725
Opel	Astra k	1.6 Cdti	Schrägheck	Frontantrieb	Diesel	118	160	Nov 2015	May 2018	2025-12-01	117726
Opel	Astra k sports tourer	1.6 Cdti	Kombi	Frontantrieb	Diesel	118	160	Apr 2016	May 2018	2025-12-01	117727
Lotus	Evora	3.5 400	Coupe	Heckantrieb	Benzin	298	405	Sep 2015	-	2024-03-01	117729
Lexus	Rc	200t	Coupe	Heckantrieb	Benzin	180	245	Aug 2015	-	2024-03-01	117730
VW	Crafter 30-50	2.0 TDI	Kasten	Heckantrieb	Diesel	103	140	Nov 2015	Dec 2016	2024-03-01	117731
VW	Crafter 30-50	2.0 TDI	Pritsche/Fahrgestell	Heckantrieb	Diesel	103	140	Nov 2015	Dec 2016	2024-03-01	117732
Suzuki	Carry	1.3	Bus	Heckantrieb	Benzin	56	76	Mar 1999	Dec 2006	2025-02-03	117745
Porsche	911	3.0 Carrera	Coupe	Heckantrieb	Benzin	272	370	Nov 2015	Dec 2019	2024-03-01	117749
Porsche	911	3.0 Carrera	Cabriolet	Heckantrieb	Benzin	272	370	Nov 2015	Dec 2019	2024-03-01	117750
Porsche	911	3.0 Carrera 4	Cabriolet	Allrad	Benzin	272	370	Nov 2015	Dec 2019	2024-03-01	117751
Porsche	911	3.0 Carrera 4	Coupe	Allrad	Benzin	272	370	Nov 2015	Dec 2019	2024-03-01	117752
Porsche	911	3.0 Carrera 4	Targa	Allrad	Benzin	272	370	Nov 2015	Dec 2019	2024-03-01	117753
Porsche	911	3.0 Carrera S	Coupe	Heckantrieb	Benzin	309	420	Nov 2015	Dec 2019	2024-03-01	117754
Porsche	911	3.0 Carrera S	Cabriolet	Heckantrieb	Benzin	309	420	Nov 2015	Dec 2019	2024-03-01	117755
Porsche	911	3.0 Carrera 4S	Cabriolet	Allrad	Benzin	309	420	Nov 2015	Dec 2019	2024-03-01	117756
Porsche	911	3.0 Carrera 4S	Coupe	Allrad	Benzin	309	420	Nov 2015	Dec 2019	2024-03-01	117757
Porsche	911	3.0 Carrera 4S	Targa	Allrad	Benzin	309	420	Nov 2015	Dec 2019	2024-03-01	117758
Audi	Q7	3.0 TDI E-tron Quattro	SUV	Allrad	Diesel/Elektro	275	374	Aug 2015	Dec 2019	2024-03-01	117760
Peugeot	308 ii	1.6 GTI	Schrägheck	Frontantrieb	Benzin	184	250	Aug 2015	Jun 2021	2024-03-01	117761
Mitsubishi	Carisma	1.3 16V	Stufenheck	Frontantrieb	Benzin	60	82	Sep 2000	Oct 2004	2024-03-01	117762
Audi	Q5	2.0 TDI	SUV	Frontantrieb	Diesel	140	190	Sep 2015	May 2017	2024-03-01	117763
Audi	A7 sportback	3.0 TDI	Schrägheck	Frontantrieb	Diesel	140	190	Nov 2015	May 2018	2024-03-01	117764
Audi	A7 sportback	3.0 TDI Quattro	Schrägheck	Allrad	Diesel	140	190	Nov 2015	May 2018	2024-03-01	117765
Audi	A6 allroad c7	3.0 TDI Quattro	Kombi	Allrad	Diesel	140	190	Nov 2015	Sep 2018	2024-03-01	117766
VW	Amarok	2.0 TDI 4motion	Pritsche/Fahrgestell	Allrad	Diesel	103	140	Sep 2011	Oct 2016	2024-03-01	117767
Audi	A7 sportback	RS7 Performance Quattro	Schrägheck	Allrad	Benzin	445	605	Nov 2015	Apr 2018	2024-03-01	117768
Audi	A6 c7 avant	RS6 Performance Quattro	Kombi	Allrad	Benzin	445	605	Nov 2015	Sep 2018	2024-03-01	117769
Ssangyong	Rodius ii	2.2 XDI	Großraumlimousine	Heckantrieb	Diesel	131	178	Jul 2015	-	2024-03-01	117770
Ssangyong	Rodius ii	2.2 XDI 4WD	Großraumlimousine	Allrad	Diesel	131	178	Jul 2015	-	2024-03-01	117771
Ssangyong	Rexton	2.2 XDI	SUV	Heckantrieb	Diesel	131	178	Jul 2015	Jun 2017	2024-07-01	117772
Ssangyong	Rexton	2.2 XDI Allrad	SUV	Allrad	Diesel	131	178	Jul 2015	Jun 2017	2024-07-01	117773
Audi	A8 d4	S8 Plus Quattro	Stufenheck	Allrad	Benzin	445	605	Nov 2015	Jan 2018	2024-03-01	117774
Ssangyong	Korando	2.2 XDI	SUV	Frontantrieb	Diesel	131	178	Jul 2015	-	2024-03-01	117775
Ssangyong	Korando	2.2 XDI 4WD	SUV	Allrad	Diesel	131	178	Jul 2015	-	2024-03-01	117776
VW	Scirocco	1.4 TSI	Coupe	Frontantrieb	Benzin	110	150	Jul 2015	Nov 2017	2024-03-01	117777
BMW	3	325 I	Stufenheck	Heckantrieb	Benzin	155	211	Mar 2007	Dec 2011	2024-03-01	117778
Ferrari	488 spider	3.9	Cabriolet	Heckantrieb	Benzin	493	670	Oct 2015	-	2024-03-01	117780
Ferrari	F12 berlinetta	6.3 TDF	Coupe	Heckantrieb	Benzin	574	780	Nov 2015	-	2024-03-01	117781
BMW	3	M3 CRT	Stufenheck	Heckantrieb	Benzin	331	450	Mar 2011	Dec 2011	2024-03-01	117783
Skoda	Fabia iii	1.4 TDI	Schrägheck	Frontantrieb	Diesel	55	75	May 2015	Jun 2021	2024-03-01	117784
Skoda	Fabia iii	1.4 TDI	Kombi	Frontantrieb	Diesel	55	75	May 2015	Dec 2022	2024-03-01	117785
Skoda	Fabia iii	1.6	Schrägheck	Frontantrieb	Benzin	81	110	Jan 2015	Jun 2021	2024-03-01	117788
Skoda	Fabia iii	1.6	Kombi	Frontantrieb	Benzin	81	110	Jan 2015	Dec 2022	2024-03-01	117789
Volvo	V60 i	T6 AWD	Kombi	Allrad	Benzin	225	306	Oct 2013	Dec 2018	2024-03-01	117791
Volvo	Xc60 i	T6 AWD	SUV	Allrad	Benzin	225	306	Oct 2013	Dec 2017	2024-03-01	117792
Jaguar	Xe	2.0 D AWD	Stufenheck	Allrad	Diesel	132	180	Oct 2015	-	2024-03-01	117794
Piaggio	Porter	1.3	Pritsche/Fahrgestell	Heckantrieb	Benzin	61	83	Nov 2015	-	2024-03-01	117797
Piaggio	Porter	1.3	Pritsche/Fahrgestell	Heckantrieb	Benzin	59	80	Nov 2015	-	2024-03-01	117798
Lexus	Gs	F	Stufenheck	Heckantrieb	Benzin	351	477	Sep 2015	-	2024-03-01	117800
Nissan	Navara	2.3 DCI 4X4	Pick-up	Allrad	Diesel	140	190	Oct 2015	-	2024-03-01	117805
Lamborghini	Aventador	6.5 LP 720-4 AWD	Coupe	Allrad	Benzin	530	721	Apr 2013	-	2024-03-01	117807
Lamborghini	Veneno	6.5 Lp750-4 AWD	Coupe	Allrad	Benzin	551	749	Sep 2013	-	2024-03-01	117808
Toyota	Rav 4 iv	2.0 D	SUV	Frontantrieb	Diesel	105	143	Oct 2015	Nov 2018	2024-03-01	117809
VW	Touran	2.0 TDI	Großraumlimousine	Frontantrieb	Diesel	81	110	Nov 2015	Jul 2019	2024-03-01	117811
VW	Touran	1.8 TSI	Großraumlimousine	Frontantrieb	Benzin	132	180	Nov 2015	Jul 2018	2025-11-01	117812
Mercedes-benz	Sprinter 5-T	519 CDI	Bus	Heckantrieb	Diesel	140	190	Mar 2009	Dec 2018	2024-03-01	117827
Mercedes-benz	Sprinter 5-T	516 CDI	Bus	Heckantrieb	Diesel	120	163	Mar 2009	Dec 2018	2024-03-01	117828
Mercedes-benz	Sprinter 5-T	513 CDI	Bus	Heckantrieb	Diesel	95	129	Mar 2009	Dec 2016	2024-03-01	117829
Mercedes-benz	Sprinter 4,6-T	413 CDI	Kasten	Heckantrieb	Diesel	95	129	Jun 2006	Dec 2016	2024-03-01	117830
Dacia	Lodgy	1.6 SCE 100	Großraumlimousine	Frontantrieb	Benzin	75	102	Jun 2015	-	2024-03-01	117834
Dacia	Lodgy	1.5 DCI	Großraumlimousine	Frontantrieb	Diesel	80	109	Jun 2015	-	2024-03-01	117835
Renault	Talisman	1.6 TCE 150	Stufenheck	Frontantrieb	Benzin	110	150	Nov 2015	Mar 2022	2024-03-01	117836
Renault	Talisman	1.6 TCE 200	Stufenheck	Frontantrieb	Benzin	147	200	Nov 2015	Mar 2022	2024-03-01	117837
Renault	Talisman	1.5 DCI 110	Stufenheck	Frontantrieb	Diesel	81	110	Nov 2015	Mar 2022	2024-03-01	117838
Renault	Talisman	1.6 DCI 130	Stufenheck	Frontantrieb	Diesel	96	130	Nov 2015	Mar 2022	2024-03-01	117839
Renault	Talisman	1.6 DCI 160	Stufenheck	Frontantrieb	Diesel	118	160	Jun 2015	Mar 2022	2024-03-01	117840
Infiniti	Q30	1.6	Schrägheck	Frontantrieb	Benzin	90	122	Nov 2015	-	2024-03-01	117841
Infiniti	Q30	1.6	Schrägheck	Frontantrieb	Benzin	115	156	Nov 2015	-	2024-03-01	117842
Infiniti	Q30	2.0 T AWD	Schrägheck	Allrad	Benzin	155	211	Nov 2015	-	2024-03-01	117843
Infiniti	Q30	1.5 D	Schrägheck	Frontantrieb	Diesel	80	109	Nov 2015	-	2024-03-01	117844
Infiniti	Q30	2.2 D	Schrägheck	Frontantrieb	Diesel	125	170	Nov 2015	-	2024-03-01	117846
Infiniti	Q30	2.2 D AWD	Schrägheck	Allrad	Diesel	125	170	Nov 2015	-	2024-03-01	117847
Renault	Megane iv	1.2 TCE 130	Schrägheck	Frontantrieb	Benzin	97	130	Nov 2015	-	2024-03-01	117850
Renault	Megane iv	1.2 TCE 100	Schrägheck	Frontantrieb	Benzin	74	101	Nov 2015	-	2025-12-01	117852
Renault	Megane iv	1.6 TCE 205	Schrägheck	Frontantrieb	Benzin	151	205	Nov 2015	-	2024-03-01	117853
Renault	Megane iv	1.5 DCI 90	Schrägheck	Frontantrieb	Diesel	66	90	Nov 2015	-	2024-03-01	117854
Renault	Megane iv	1.5 DCI 110	Schrägheck	Frontantrieb	Diesel	81	110	Nov 2015	-	2024-03-01	117855
Renault	Megane iv	1.6 DCI 130	Schrägheck	Frontantrieb	Diesel	96	130	Nov 2015	-	2024-03-01	117856
Audi	Q7	3.0 TDI Quattro	SUV	Allrad	Diesel	190	258	Aug 2015	Dec 2019	2024-03-01	117857
Opel	Astra j caravan	2.0 Cdti	Kombi	Frontantrieb	Diesel	96	131	Jan 2014	Oct 2015	2024-03-01	117858
Suzuki	Vitara	1.6	Geländewagen offen	Allrad	Benzin	55	75	Jan 1990	Dec 1993	2024-03-01	117863
Fiat	Tipo	1.4	Stufenheck	Frontantrieb	Benzin	70	95	Oct 2015	-	2024-03-01	117867
Fiat	Tipo	1.6	Stufenheck	Frontantrieb	Benzin	81	110	Oct 2015	Oct 2020	2024-03-01	117868
Fiat	Tipo	1.3 D	Stufenheck	Frontantrieb	Diesel	70	95	Oct 2015	Oct 2020	2024-03-01	117869
Fiat	Tipo	1.6 D	Stufenheck	Frontantrieb	Diesel	88	120	Oct 2015	Oct 2020	2024-03-01	117870
VW	Touran	2.0 TDI	Großraumlimousine	Frontantrieb	Diesel	140	190	Nov 2015	Jul 2019	2024-03-01	117884
Mercedes-benz	S-Klasse	S 500	Cabriolet	Heckantrieb	Benzin	335	456	Dec 2015	Oct 2017	2024-03-01	117885
Mercedes-benz	S-Klasse	AMG S 63 4-matic	Cabriolet	Allrad	Benzin	430	585	Dec 2015	Oct 2017	2024-03-01	117886
Citroën	Ds3	1.6 Bluehdi 75	Schrägheck	Frontantrieb	Diesel	55	75	Mar 2015	Jul 2015	2024-03-01	117893
Citroën	Ds3	1.6 Bluehdi 115	Cabriolet	Frontantrieb	Diesel	85	115	Oct 2013	Jul 2015	2024-03-01	117894
Citroën	Ds4	1.6 Bluehdi 115	Schrägheck	Frontantrieb	Diesel	85	115	Jul 2014	Jul 2015	2024-03-01	117920
Citroën	C4 picasso ii	2.0 Bluehdi 135	Großraumlimousine	Frontantrieb	Diesel	100	136	Sep 2013	-	2024-03-01	117922
Citroën	C4 grand picasso ii	2.0 Bluehdi 135	Großraumlimousine	Frontantrieb	Diesel	100	136	Sep 2013	-	2024-03-01	117923
Citroën	C4 ii	1.6 Bluehdi 115	Schrägheck	Frontantrieb	Diesel	85	115	Jan 2013	May 2015	2025-02-03	117927
Citroën	C3 ii	1.4 VTI	Schrägheck	Frontantrieb	Benzin	72	98	Nov 2009	Sep 2016	2024-07-01	117928
Citroën	C5	2.2 HDI	Schrägheck	Frontantrieb	Diesel	120	163	May 2006	Jan 2008	2024-07-01	117929
Citroën	Jumpy i	2	Kasten	Frontantrieb	Benzin	100	136	Apr 2000	Oct 2006	2024-03-01	117932
Peugeot	5008	1.6 THP 165	Großraumlimousine	Frontantrieb	Benzin	121	165	Feb 2012	Mar 2017	2024-03-01	117933
Rolls-royce	Dawn	V12	Cabriolet	Heckantrieb	Benzin	420	571	Feb 2016	-	2024-03-01	117936
Audi	A7 sportback	3.0 TDI	Schrägheck	Frontantrieb	Diesel	155	211	Nov 2015	May 2018	2024-03-01	117950
VW	Caddy iv	2.0 TDI 4motion	Großraumlimousine	Allrad	Diesel	110	150	Nov 2015	Sep 2020	2024-03-01	117951
VW	Caddy iv	1.0 TSI	Großraumlimousine	Frontantrieb	Benzin	75	102	Nov 2015	Sep 2020	2024-03-01	117952
Ford	Escort vi	1.4	Schrägheck	Frontantrieb	Benzin	54	73	Jan 1995	Dec 1999	2024-03-01	117953
Fiat	Scudo	1.6 D Multijet	Bus	Frontantrieb	Diesel	66	90	Feb 2011	Mar 2016	2024-03-01	117954
Fiat	Scudo	1.6 D Multijet	Kasten	Frontantrieb	Diesel	66	90	Feb 2011	Mar 2016	2024-03-01	117955
VW	Caddy iv	2.0 TDI 4motion	Kasten/Großraumlimousine	Allrad	Diesel	55	75	Nov 2015	Jul 2019	2024-03-01	117957
VW	Caddy iv	1.0 TSI	Kasten/Großraumlimousine	Frontantrieb	Benzin	75	102	Nov 2015	Sep 2020	2024-03-01	117959
VW	Caddy iv	2.0 TDI 4motion	Kasten/Großraumlimousine	Allrad	Diesel	110	150	Nov 2015	Sep 2020	2024-03-01	117961
Hyundai	I30	1.6 Crdi	Coupe	Frontantrieb	Diesel	81	110	May 2013	-	2024-03-01	117964
Hyundai	I30	1.6 Crdi	Coupe	Frontantrieb	Diesel	100	136	Dec 2014	-	2024-03-01	117967
Hyundai	I30	1.4	Coupe	Frontantrieb	Benzin	74	101	Dec 2014	-	2024-03-01	117970
Porsche	Macan	3.0 GTS	SUV	Allrad	Benzin	265	360	Oct 2015	Sep 2018	2024-03-01	117977
Porsche	Macan	2	SUV	Allrad	Benzin	185	252	May 2015	-	2024-03-01	117979
Ford	Focus iii	2.3 RS AWD	Schrägheck	Allrad	Benzin	257	350	Jul 2015	Feb 2018	2025-04-01	117983
Dacia	Dokker	1.2 TCE 115	Kasten/Großraumlimousine	Frontantrieb	Benzin	85	116	Jul 2015	Dec 2021	2024-11-01	117986
Mercedes-benz	Gla-Klasse	GLA 220 4-matic	SUV	Allrad	Benzin	135	184	Jan 2017	Dec 2019	2024-03-01	117987
Dacia	Duster	1.6 16V Hi-flex	Kasten/SUV	Frontantrieb	Benzin/Ethanol	77	105	Apr 2011	-	2024-03-01	117993
Dacia	Duster	1.6 16V 4X4	Kasten/SUV	Allrad	Benzin	77	105	Apr 2011	-	2024-03-01	117994
Dacia	Duster	1.5 DCI	Kasten/SUV	Frontantrieb	Diesel	66	90	Apr 2011	-	2024-03-01	117995
Dacia	Duster	1.5 DCI 4X4	Kasten/SUV	Allrad	Diesel	66	90	Apr 2011	-	2024-03-01	117996
Dacia	Duster	1.5 DCI	Kasten/SUV	Frontantrieb	Diesel	80	109	Apr 2013	-	2024-03-01	117997
Dacia	Duster	1.5 DCI 4X4	Kasten/SUV	Allrad	Diesel	80	109	Apr 2013	-	2024-03-01	117999
Seat	Leon	2.0 Cupra	Schrägheck	Frontantrieb	Benzin	213	290	Oct 2015	Aug 2020	2024-03-01	118000
Seat	Leon	2.0 Cupra	Coupe	Frontantrieb	Benzin	213	290	Oct 2015	Nov 2016	2024-03-01	118001
Seat	Leon	2.0 Cupra	Kombi	Frontantrieb	Benzin	213	290	Oct 2015	Aug 2020	2024-03-01	118002
DS	Ds	1.2 VTI 82	Schrägheck	Frontantrieb	Benzin	60	82	Apr 2015	Jul 2019	2024-03-01	118003
DS	Ds	1.2 THP 110 / Puretech 110	Schrägheck	Frontantrieb	Benzin	81	110	Apr 2015	Jul 2019	2024-03-01	118004
DS	Ds	1.6 THP 165	Schrägheck	Frontantrieb	Benzin	121	165	Jul 2015	Jul 2019	2024-03-01	118005
DS	Ds	1.6 Bluehdi 100	Schrägheck	Frontantrieb	Diesel	73	99	Apr 2015	Jul 2019	2024-03-01	118006
DS	Ds	1.6 Bluehdi 120	Schrägheck	Frontantrieb	Diesel	88	120	Jul 2015	Jul 2019	2024-03-01	118007
DS	Ds	1.2 THP 110	Cabriolet	Frontantrieb	Benzin	81	110	Jul 2015	Jul 2019	2024-03-01	118008
DS	Ds	1.6 THP 165	Cabriolet	Frontantrieb	Benzin	121	165	Jul 2015	Jul 2019	2024-03-01	118009
DS	Ds	1.6 Bluehdi 100	Cabriolet	Frontantrieb	Diesel	73	99	Jul 2015	Jul 2019	2024-03-01	118010
DS	Ds	1.6 Bluehdi 120	Cabriolet	Frontantrieb	Diesel	88	120	Jul 2015	Jul 2019	2024-03-01	118011
DS	Ds	1.2 THP 130	Schrägheck	Frontantrieb	Benzin	96	130	Jul 2015	Dec 2018	2024-03-01	118012
DS	Ds	1.6 THP 165	Schrägheck	Frontantrieb	Benzin	121	165	Jul 2015	Dec 2018	2024-03-01	118013
DS	Ds	1.6 THP 210	Schrägheck	Frontantrieb	Benzin	155	210	Jul 2015	Dec 2018	2024-03-01	118014
DS	Ds	1.6 Bluehdi 120	Schrägheck	Frontantrieb	Diesel	88	120	Jul 2015	Dec 2018	2024-03-01	118015
DS	Ds	2.0 Bluehdi 150	Schrägheck	Frontantrieb	Diesel	110	150	Jul 2015	Dec 2018	2024-03-01	118016
DS	Ds	2.0 Bluehdi 180	Schrägheck	Frontantrieb	Diesel	133	180	Jul 2015	Dec 2018	2024-03-01	118017
DS	Ds	1.6 THP 210	Schrägheck	Frontantrieb	Benzin	155	210	Apr 2015	Dec 2018	2024-03-01	118018
DS	Ds	2.0 Bluehdi 150	Schrägheck	Frontantrieb	Diesel	110	150	Apr 2015	Dec 2018	2024-03-01	118019
DS	Ds	2.0 Bluehdi 180	Schrägheck	Frontantrieb	Diesel	133	180	Apr 2015	Dec 2018	2024-03-01	118020
Mercedes-benz	C-Klasse	C 300 4-matic	Stufenheck	Allrad	Benzin	180	245	Dec 2013	Aug 2018	2024-03-01	118022
Ford	Kuga ii	1.5 Ecoboost	SUV	Frontantrieb	Benzin	88	120	Jan 2016	Jun 2019	2024-03-01	118023
Audi	A1	1.0 Tfsi	Schrägheck	Frontantrieb	Benzin	60	82	Jan 2016	Oct 2018	2024-03-01	118024
Audi	A1	1.0 Tfsi	Schrägheck	Frontantrieb	Benzin	60	82	Jan 2016	Oct 2018	2024-03-01	118026
Audi	A3	1.4 Tfsi	Cabriolet	Frontantrieb	Benzin	85	115	Feb 2016	Oct 2020	2024-03-01	118030
Audi	A4 b9 avant	1.4 Tfsi	Kombi	Frontantrieb	Benzin	110	150	Feb 2016	Oct 2019	2024-03-01	118034
Porsche	911	3.8 Turbo	Coupe	Allrad	Benzin	397	540	Jan 2016	May 2020	2024-03-01	118035
Porsche	911	3.8 Turbo S	Coupe	Allrad	Benzin	427	580	Jan 2016	May 2020	2024-03-01	118036
Porsche	911	3.8 Turbo	Cabriolet	Allrad	Benzin	397	540	Jan 2016	May 2020	2024-03-01	118037
Porsche	911	3.8 Turbo S	Cabriolet	Allrad	Benzin	427	580	Jan 2016	May 2020	2024-03-01	118038
Aixam	D-Truck	0.6	Kasten	Frontantrieb	Diesel	11	15	May 2015	-	2024-03-01	118039
Aixam	D-Truck	0.6	Pick-up	Frontantrieb	Diesel	11	15	May 2015	-	2026-03-01	118040
Aixam	D-Truck	0.6	Pritsche/Fahrgestell	Frontantrieb	Diesel	11	15	May 2015	-	2024-03-01	118041
Jaguar	Xf ii	2.0 D AWD	Stufenheck	Allrad	Diesel	132	180	Mar 2016	-	2024-03-01	118064
BMW	3	325 D	Stufenheck	Heckantrieb	Diesel	165	224	Mar 2016	Feb 2018	2024-03-01	118077
BMW	3	325 D	Kombi	Heckantrieb	Diesel	165	224	Mar 2016	Feb 2018	2024-03-01	118078
BMW	4	430 I	Coupe	Heckantrieb	Benzin	185	252	Mar 2016	Jun 2020	2024-03-01	118079
BMW	4	430 I Xdrive	Coupe	Allrad	Benzin	185	252	Mar 2016	Jun 2020	2024-03-01	118080
BMW	4	440 I	Coupe	Heckantrieb	Benzin	240	326	Mar 2016	Jun 2020	2024-03-01	118082
BMW	4	440 I Xdrive	Coupe	Allrad	Benzin	240	326	Mar 2016	Jun 2020	2024-03-01	118084
BMW	4	425 D	Coupe	Heckantrieb	Diesel	165	224	Mar 2016	Oct 2017	2024-03-01	118089
BMW	4	M4 Competition	Coupe	Heckantrieb	Benzin	331	450	Mar 2016	Jun 2020	2024-03-01	118090
Audi	A3	1.4 Tfsi E-tron	Schrägheck	Frontantrieb	Benzin/Elektro	150	204	May 2014	Oct 2020	2024-03-01	118091
Citroën	Berlingo	1.6 HDI 92	Pritsche/Fahrgestell	Frontantrieb	Diesel	68	92	Jul 2010	Dec 2017	2024-03-01	118106
Citroën	Berlingo	1.6 Bluehdi 100	Pritsche/Fahrgestell	Frontantrieb	Diesel	73	99	Dec 2014	Apr 2021	2025-02-03	118107
Mini	Mini	John Cooper Works	Cabriolet	Frontantrieb	Benzin	170	231	Mar 2016	-	2025-06-01	118110
Mercedes-benz	Slc	250 D	Cabriolet	Heckantrieb	Diesel	150	204	Jan 2016	Oct 2017	2024-03-01	118112
Mercedes-benz	Slc	180	Cabriolet	Heckantrieb	Benzin	115	156	Jan 2016	-	2024-03-01	118113
Mercedes-benz	Slc	200	Cabriolet	Heckantrieb	Benzin	135	184	Jan 2016	-	2024-03-01	118114
Mercedes-benz	Slc	300	Cabriolet	Heckantrieb	Benzin	180	245	Jan 2016	-	2024-03-01	118115
Mercedes-benz	Slc	AMG SLC 43	Cabriolet	Heckantrieb	Benzin	270	367	Jan 2016	-	2024-03-01	118116
Cadillac	Ats	3.6 V	Coupe	Heckantrieb	Benzin	346	471	Sep 2015	-	2024-03-01	118122
Cadillac	Ats	3.6 V	Stufenheck	Heckantrieb	Benzin	346	471	Sep 2015	-	2024-03-01	118123
Lexus	Gs	200t	Stufenheck	Heckantrieb	Benzin	180	245	Sep 2015	-	2024-03-01	118135
BMW	4	430 I	Cabriolet	Heckantrieb	Benzin	185	252	Mar 2016	Jul 2020	2024-03-01	118179
BMW	4	430 I Xdrive	Cabriolet	Allrad	Benzin	185	252	Mar 2016	Jul 2020	2024-03-01	118180
BMW	4	440 I	Cabriolet	Heckantrieb	Benzin	240	326	Mar 2016	Jul 2020	2024-03-01	118181
BMW	4	440 I Xdrive	Cabriolet	Allrad	Benzin	240	326	Mar 2016	Jul 2020	2024-03-01	118182
BMW	4	425 D	Cabriolet	Heckantrieb	Diesel	165	224	Mar 2016	Feb 2018	2024-03-01	118183
BMW	4	430 I	Coupe	Heckantrieb	Benzin	185	252	Mar 2016	May 2021	2024-03-01	118184
BMW	4	430 I Xdrive	Coupe	Allrad	Benzin	185	252	Mar 2016	May 2021	2024-03-01	118185
BMW	4	440 I	Coupe	Heckantrieb	Benzin	240	326	Mar 2016	May 2021	2024-03-01	118186
BMW	4	440 I Xdrive	Coupe	Allrad	Benzin	240	326	Mar 2016	May 2021	2024-03-01	118188
BMW	4	425 D	Coupe	Heckantrieb	Diesel	165	224	Mar 2016	Feb 2018	2024-03-01	118189
BMW	7	740 LI Xdrive	Stufenheck	Allrad	Benzin	240	326	Mar 2016	Feb 2019	2024-03-01	118190
BMW	3	M3 Competition	Stufenheck	Heckantrieb	Benzin	331	450	Mar 2016	Oct 2018	2024-03-01	118192
BMW	4	M4 Competition	Cabriolet	Heckantrieb	Benzin	331	450	Mar 2016	Jul 2020	2024-03-01	118193
BMW	4	M4 GTS	Coupe	Heckantrieb	Benzin	368	500	Mar 2016	Jun 2019	2024-03-01	118195
Audi	A6 c7	2.8 FSI Quattro	Stufenheck	Allrad	Benzin	162	220	Sep 2014	Sep 2018	2024-03-01	118387
Audi	A6 c7 avant	2.8 FSI Quattro	Kombi	Allrad	Benzin	162	220	Sep 2014	Sep 2018	2024-03-01	118396
VW	Caddy alltrack iv	1.0 TSI	Großraumlimousine	Frontantrieb	Benzin	75	102	Nov 2015	Sep 2020	2025-06-01	118481
VW	Caddy alltrack iv	1.2 TSI	Großraumlimousine	Frontantrieb	Benzin	62	84	Jun 2015	Sep 2020	2025-06-01	118482
VW	Caddy alltrack iv	1.4 TGI CNG	Großraumlimousine	Frontantrieb	Benzin/Erdgas (CNG)	81	110	Jun 2015	Sep 2020	2025-06-01	118483
VW	Caddy alltrack iv	1.4 TSI	Großraumlimousine	Frontantrieb	Benzin	92	125	May 2015	Sep 2020	2025-06-01	118484
VW	Caddy alltrack iv	2.0 TDI	Großraumlimousine	Frontantrieb	Diesel	55	75	May 2015	Sep 2020	2025-06-01	118485
VW	Caddy alltrack iv	2.0 TDI	Großraumlimousine	Frontantrieb	Diesel	75	102	May 2015	Sep 2020	2025-06-01	118486
VW	Caddy alltrack iv	2.0 TDI 4motion	Großraumlimousine	Allrad	Diesel	90	122	May 2015	Sep 2020	2025-06-01	118487
VW	Caddy alltrack iv	2.0 TDI	Großraumlimousine	Frontantrieb	Diesel	110	150	May 2015	Sep 2020	2025-06-01	118488
VW	Caddy alltrack iv	2.0 TDI 4motion	Großraumlimousine	Allrad	Diesel	110	150	Nov 2015	Sep 2020	2025-06-01	118489
VW	Caddy alltrack iv	1.0 TSI	Kasten/Großraumlimousine	Frontantrieb	Benzin	75	102	Nov 2015	Sep 2020	2025-06-01	118490
VW	Caddy alltrack iv	1.2 TSI	Kasten/Großraumlimousine	Frontantrieb	Benzin	62	84	Jun 2015	Sep 2020	2025-06-01	118491
VW	Caddy alltrack iv	1.4 TGI CNG	Kasten/Großraumlimousine	Frontantrieb	Benzin/Erdgas (CNG)	81	110	Jun 2015	Sep 2020	2025-06-01	118492
VW	Caddy alltrack iv	1.4 TSI	Kasten/Großraumlimousine	Frontantrieb	Benzin	92	125	May 2015	Sep 2020	2025-06-01	118493
VW	Caddy alltrack iv	2.0 TDI	Kasten/Großraumlimousine	Frontantrieb	Diesel	55	75	May 2015	Sep 2020	2025-06-01	118494
VW	Caddy alltrack iv	2.0 TDI	Kasten/Großraumlimousine	Frontantrieb	Diesel	75	102	May 2015	Sep 2020	2025-06-01	118495
VW	Caddy alltrack iv	2.0 TDI 4motion	Kasten/Großraumlimousine	Allrad	Diesel	90	122	May 2015	Sep 2020	2025-06-01	118496
VW	Caddy alltrack iv	2.0 TDI	Kasten/Großraumlimousine	Frontantrieb	Diesel	110	150	May 2015	Sep 2020	2025-06-01	118497
VW	Caddy alltrack iv	2.0 TDI 4motion	Kasten/Großraumlimousine	Allrad	Diesel	110	150	Nov 2015	Sep 2020	2025-06-01	118498
Mercedes-benz	C-Klasse	C 270 CDI	Kombi	Heckantrieb	Diesel	120	163	Mar 2001	Aug 2007	2024-03-01	118501
Mercedes-benz	C-Klasse	C 270 CDI	Stufenheck	Heckantrieb	Diesel	120	163	Dec 2000	Feb 2007	2024-03-01	118502
Opel	Karl	1.0 LPG	Schrägheck	Frontantrieb	Benzin/Autogas (LPG)	54	73	Feb 2015	Mar 2018	2024-03-01	118509
Porsche	Boxster	3.4 RS 60	Cabriolet	Heckantrieb	Benzin	223	303	Sep 2007	Dec 2008	2024-03-01	118510
Mercedes-benz	E-Klasse	E 200	Stufenheck	Heckantrieb	Benzin	135	184	Jan 2016	May 2019	2025-06-01	118513
Mercedes-benz	E-Klasse	E 220 D	Stufenheck	Heckantrieb	Diesel	143	194	Jan 2016	Oct 2023	2024-03-01	118515
Mercedes-benz	E-Klasse	E 350 D	Stufenheck	Heckantrieb	Diesel	190	258	Jan 2016	May 2018	2024-03-01	118516
Infiniti	Q30	2.0 T	Schrägheck	Frontantrieb	Benzin	155	211	Nov 2015	-	2024-03-01	118526
Lamborghini	Huracán	5.2 LP 580-2	Coupe	Heckantrieb	Benzin	426	580	Dec 2015	Dec 2019	2024-03-01	118527
Hyundai	I20 ii	1.0 T-gdi	Schrägheck	Frontantrieb	Benzin	88	120	Jan 2016	Aug 2020	2024-05-01	118529
Hyundai	I20 ii	1.0 T-gdi	Schrägheck	Frontantrieb	Benzin	74	101	Jan 2016	Aug 2020	2024-05-01	118530
Ford	Transit custom v362	2.0 Ecoblue	Kasten	Frontantrieb	Diesel	77	105	Dec 2015	Dec 2023	2024-05-01	118533
Ford	Transit custom v362	2.0 Ecoblue	Kasten	Frontantrieb	Diesel	96	130	Dec 2015	Dec 2023	2024-05-01	118534
Ford	Transit custom v362	2.0 Ecoblue	Kasten	Frontantrieb	Diesel	125	170	Dec 2015	Dec 2023	2024-05-01	118535
Ford	Transit custom v362	2.0 Ecoblue	Bus	Frontantrieb	Diesel	77	105	Dec 2015	Dec 2023	2024-05-01	118536
Ford	Transit custom v362	2.0 Ecoblue	Bus	Frontantrieb	Diesel	96	130	Dec 2015	Dec 2023	2024-05-01	118537
Ford	Transit custom v362	2.0 Ecoblue	Bus	Frontantrieb	Diesel	125	170	Dec 2015	Dec 2023	2024-05-01	118538
Ford	Tourneo custom v362	2.0 Ecoblue	Bus	Frontantrieb	Diesel	77	105	Dec 2015	Dec 2023	2024-05-01	118539
Ford	Tourneo custom v362	2.0 Ecoblue	Bus	Frontantrieb	Diesel	96	130	Dec 2015	Dec 2023	2024-05-01	118540
Ford	Tourneo custom v362	2.0 Ecoblue	Bus	Frontantrieb	Diesel	125	170	Dec 2015	Dec 2023	2024-05-01	118541
Mazda	3	1.5 D	Schrägheck	Frontantrieb	Diesel	77	105	Feb 2016	May 2019	2024-03-01	118542
Mazda	3	1.5 D	Stufenheck	Frontantrieb	Diesel	77	105	Jun 2016	May 2019	2024-03-01	118543
Mitsubishi	Pajero iv van	3.2 Di-d 4WD	Kasten/Geländewagen geschlossen	Allrad	Diesel	140	190	Feb 2007	-	2024-03-01	118544
Jaguar	F-Type	5.0 Scv8 SVR / Scv8 P575 R	Coupe	Allrad	Benzin	423	575	Dec 2015	-	2024-03-01	118546
Fiat	Panda	0.9 Natural Power	Kasten/Schrägheck	Frontantrieb	Benzin/Erdgas (CNG)	59	80	Jan 2015	-	2024-03-01	118547
BMW	3	330 I	Coupe	Heckantrieb	Benzin	200	272	Sep 2007	Jun 2013	2024-03-01	118548
Fiat	Panda	0.9	Kasten/Schrägheck	Frontantrieb	Benzin	59	80	Nov 2013	-	2024-03-01	118549
Fiat	Panda	0.9 Natural Power	Kasten/Schrägheck	Frontantrieb	Benzin/Erdgas (CNG)	63	86	Jul 2012	-	2024-03-01	118550
Fiat	Panda	1.3 D Multijet	Kasten/Schrägheck	Frontantrieb	Diesel	59	80	Dec 2015	-	2024-03-01	118551
Fiat	Panda	1.3 D Multijet 4X4	Kasten/Schrägheck	Allrad	Diesel	59	80	Jun 2014	-	2024-03-01	118552
BMW	3	330 I	Cabriolet	Heckantrieb	Benzin	200	272	Mar 2007	Feb 2010	2024-03-01	118553
BMW	5	523 I	Stufenheck	Heckantrieb	Benzin	140	190	Mar 2007	Dec 2009	2024-03-01	118554
BMW	5	530 I	Stufenheck	Heckantrieb	Benzin	200	272	Mar 2007	Dec 2009	2024-03-01	118555
BMW	5	530 I	Kombi	Heckantrieb	Benzin	200	272	Sep 2006	Mar 2010	2024-03-01	118556
BMW	5	523 I	Kombi	Heckantrieb	Benzin	140	190	Jan 2007	Dec 2010	2024-03-01	118557
Renault	Talisman	1.6 TCE 150	Kombi	Frontantrieb	Benzin	110	150	Mar 2016	Mar 2022	2024-03-01	118559
Renault	Talisman	1.6 TCE 200	Kombi	Frontantrieb	Benzin	147	200	Mar 2016	Mar 2022	2024-03-01	118560
Renault	Talisman	1.5 DCI 110	Kombi	Frontantrieb	Diesel	81	110	Mar 2016	Mar 2022	2024-03-01	118561
Renault	Talisman	1.6 DCI 130	Kombi	Frontantrieb	Diesel	96	130	Mar 2016	Mar 2022	2024-03-01	118562
Renault	Talisman	1.6 DCI 160	Kombi	Frontantrieb	Diesel	118	160	Mar 2016	Mar 2022	2024-03-01	118563
Fiat	Ducato	2.5 TD 4X4	Pritsche/Fahrgestell	Allrad	Diesel	68	92	Jan 1986	Aug 1990	2024-03-01	118573
Suzuki	Baleno	1	Schrägheck	Frontantrieb	Benzin	82	111	Feb 2016	-	2025-06-01	118577
Suzuki	Baleno	1.2	Schrägheck	Frontantrieb	Benzin	66	90	Feb 2016	-	2024-03-01	118578
Suzuki	Baleno	1.2 Hybrid	Schrägheck	Frontantrieb	Benzin/Elektro	66	90	Feb 2016	-	2024-03-01	118579
Fiat	Scudo	1.9 TD	Pritsche/Fahrgestell	Frontantrieb	Diesel	68	92	Sep 1996	Dec 2006	2024-03-01	118580
Fiat	Scudo	2.0 JTD	Pritsche/Fahrgestell	Frontantrieb	Diesel	80	109	Dec 2002	Dec 2006	2024-03-01	118581
Fiat	Scudo	2.0 JTD 16V	Pritsche/Fahrgestell	Frontantrieb	Diesel	80	109	May 1999	Dec 2006	2024-03-01	118582
KIA	Sportage iv	1.6 T-gdi AWD	SUV	Allrad	Benzin	130	177	Sep 2015	Sep 2022	2024-05-01	118592
KIA	Sportage iv	1.6 T-gdi	SUV	Frontantrieb	Benzin	130	177	Sep 2015	Sep 2022	2024-03-01	118593
KIA	Sportage iv	1.7 Crdi	SUV	Frontantrieb	Diesel	85	116	Sep 2015	Sep 2022	2024-03-01	118594
KIA	Sportage iv	2.0 Crdi AWD	SUV	Allrad	Diesel	100	136	Sep 2015	Sep 2022	2024-03-01	118595
KIA	Sportage iv	2.0 Crdi AWD	SUV	Allrad	Diesel	136	185	Sep 2015	Sep 2022	2024-03-01	118596
KIA	Sportage iv	1.6 GDI	SUV	Frontantrieb	Benzin	97	132	Sep 2015	Sep 2022	2024-03-01	118597
DS	Ds	1.2 THP 130	Schrägheck	Frontantrieb	Benzin	96	130	Sep 2015	Jul 2019	2024-03-01	118598
DS	Ds	1.2 THP 130	Cabriolet	Frontantrieb	Benzin	96	130	Sep 2015	Jul 2019	2024-03-01	118599
Renault	Master iii	2.3 DCI 165 FWD	Pritsche/Fahrgestell	Frontantrieb	Diesel	120	163	Jul 2014	Dec 2024	2026-03-01	118600
DS	Ds	1.2 VTI 82	Cabriolet	Frontantrieb	Benzin	60	82	Jul 2015	Jul 2019	2024-03-01	118601
DS	Ds	1.6 Bluehdi 75	Schrägheck	Frontantrieb	Diesel	55	75	Jul 2015	Jul 2019	2024-03-01	118602
DS	Ds	1.6 THP 208	Schrägheck	Frontantrieb	Benzin	153	208	Sep 2015	Jul 2019	2024-03-01	118603
DS	Ds	1.6 THP 208	Cabriolet	Frontantrieb	Benzin	153	208	Sep 2015	Jul 2019	2024-03-01	118604
DS	Ds	1.6 Bluehdi 120	Schrägheck	Frontantrieb	Diesel	88	120	Jun 2015	Dec 2018	2024-03-01	118606
DS	Ds	1.6 THP 165	Schrägheck	Frontantrieb	Benzin	121	165	Jul 2015	Dec 2018	2024-03-01	118607
Opel	Antara a	2.0 Cdti	SUV	Frontantrieb	Diesel	125	170	Jan 2016	Aug 2017	2024-03-01	118608
Opel	Antara a	2.0 Cdti 4X4	SUV	Allrad	Diesel	125	170	Jan 2016	Aug 2017	2024-03-01	118609
Ford	B-Max	1.0 Ecoboost	Großraumlimousine	Frontantrieb	Benzin	103	140	Feb 2016	Dec 2017	2026-05-01	118618
Ford	Ecosport	1.0 Ecoboost	SUV	Frontantrieb	Benzin	103	140	Mar 2016	-	2024-03-01	118620
BMW	3	330 I	Stufenheck	Heckantrieb	Benzin	200	272	Mar 2007	Dec 2011	2024-03-01	118622
BMW	6	630 I	Coupe	Heckantrieb	Benzin	200	272	Sep 2007	Aug 2010	2024-03-01	118623
BMW	6	630 I	Cabriolet	Heckantrieb	Benzin	200	272	Sep 2007	Aug 2010	2024-03-01	118624
VW	Golf vii	2.0 GTI Clubsport	Schrägheck	Frontantrieb	Benzin	195	265	Feb 2016	Mar 2017	2024-03-01	118645
VW	Tiguan	2.0 TSI 4motion	SUV	Allrad	Benzin	132	180	Jan 2016	Apr 2024	2025-06-01	118646
VW	Tiguan	2.0 TDI	SUV	Frontantrieb	Diesel	110	150	Jan 2016	Apr 2024	2025-06-01	118647
VW	Tiguan	2.0 TDI 4motion	SUV	Allrad	Diesel	110	150	Jan 2016	Apr 2024	2025-06-01	118648
Piaggio	Porter	1.3 4X4	Kasten	Allrad	Benzin	52	71	Jan 2011	-	2024-03-01	118670
Piaggio	Porter	1.3 4X4	Pritsche/Fahrgestell	Allrad	Benzin	52	71	Jan 2011	-	2024-03-01	118671
Citroën	Nemo	1.3 Bluehdi 80	Kasten/Großraumlimousine	Frontantrieb	Diesel	59	80	Feb 2016	-	2024-03-01	118672
Peugeot	308 i	2.0 Bioflex	Schrägheck	Frontantrieb	Benzin/Ethanol	103	140	Jan 2008	Dec 2012	2024-03-01	118675
Peugeot	308 cc	2.0 Cvvt	Cabriolet	Frontantrieb	Benzin	103	140	Jul 2009	Dec 2014	2024-03-01	118677
Caterham	Seven	1.6	Cabriolet	Heckantrieb	Benzin	100	136	Jul 2015	-	2024-03-01	118682
Chevrolet	Aveo / kalos	1.2 LPG	Schrägheck	Frontantrieb	Benzin/Autogas (LPG)	60	81	Jun 2008	Nov 2012	2024-03-01	118685
Mazda	1300	1.3	Stufenheck	Heckantrieb	Benzin	49	67	Jan 1975	Jan 1977	2024-03-01	118687
Peugeot	208	1.4 HDI 68	Kasten/Schrägheck	Frontantrieb	Diesel	50	68	Feb 2013	Dec 2019	2024-03-01	118695
Peugeot	208	1.6 Bluehdi 75	Kasten/Schrägheck	Frontantrieb	Diesel	55	75	Apr 2015	Dec 2019	2024-03-01	118697
Aixam	Crossover	0.5 GTR	Schrägheck	Frontantrieb	Benzin	15	20	Jan 2012	Dec 2016	2024-03-01	118699
KIA	Carens iv	1.7 Crdi	Großraumlimousine	Frontantrieb	Diesel	104	141	Jul 2015	Sep 2018	2026-04-01	118700
KIA	Optima	1.7 Crdi	Stufenheck	Frontantrieb	Diesel	104	141	Nov 2015	Apr 2018	2024-03-01	118701
Peugeot	Bipper	1.3 HDI 80	Großraumlimousine	Frontantrieb	Diesel	59	80	Dec 2015	-	2024-03-01	118702
Dacia	Logan	TCE 90 LPG	Kombi	Frontantrieb	Benzin/Autogas (LPG)	66	90	Sep 2015	-	2024-03-01	118703
Dacia	Sandero	TCE 90 LPG	Schrägheck	Frontantrieb	Benzin/Autogas (LPG)	66	90	Sep 2015	-	2024-03-01	118704
BMW	7	730 I, LI	Stufenheck	Heckantrieb	Benzin	190	258	Nov 2015	Feb 2019	2024-03-01	118735
Porsche	718 boxster	2.0 T	Cabriolet	Heckantrieb	Benzin	220	300	Apr 2016	-	2024-03-01	118752
Porsche	718 boxster	2.5 S	Cabriolet	Heckantrieb	Benzin	257	350	Apr 2016	-	2024-03-01	118753
VW	Load up!	E-load UP	Kasten/Schrägheck	Frontantrieb	Elektro	60	82	Dec 2014	Aug 2019	2025-06-01	118761
VW	Load up!	1.0 Ecofuel	Kasten/Schrägheck	Frontantrieb	Benzin/Erdgas (CNG)	50	68	Nov 2012	Aug 2020	2025-06-01	118765
VW	Load up!	1	Kasten/Schrägheck	Frontantrieb	Benzin	44	60	Nov 2012	Nov 2019	2025-06-01	118766
Audi	A3	2.0 Tfsi	Stufenheck	Frontantrieb	Benzin	162	220	Nov 2015	Oct 2020	2024-03-01	118767
Subaru	Legacy v station wagon	2.0 I LPG AWD	Kombi	Allrad	Benzin/Autogas (LPG)	108	147	Sep 2009	Dec 2011	2024-03-01	118771
Mercedes-benz	C-Klasse	C 220 D	Coupe	Heckantrieb	Diesel	120	163	Oct 2015	May 2018	2024-03-01	118792
Mercedes-benz	E-Klasse	E 220 D	Stufenheck	Heckantrieb	Diesel	120	163	Jan 2016	Oct 2023	2024-03-01	118793
Ford	C-Max	2.0 Energi	Großraumlimousine	Frontantrieb	Benzin/Elektro	136	185	Jan 2015	Jun 2019	2024-03-01	118794
Mercedes-benz	Sl	400	Cabriolet	Heckantrieb	Benzin	270	367	Jan 2016	Apr 2020	2024-03-01	118798
Renault	Master iii	2.3 DCI 130 RWD	Kasten	Heckantrieb	Diesel	96	130	Jun 2016	Dec 2020	2026-03-01	118804
Nissan	Navara	2.3 DCI 4X4	Pritsche/Fahrgestell	Allrad	Diesel	120	163	Jan 2015	-	2024-03-01	118818
BMW	3	325 I Xdrive	Coupe	Allrad	Benzin	150	204	Mar 2010	Apr 2013	2024-03-01	118826
BMW	3	325 I	Coupe	Heckantrieb	Benzin	150	204	Mar 2010	Oct 2013	2024-03-01	118827
Peugeot	Boxer	1.9 D	Pritsche/Fahrgestell	Frontantrieb	Diesel	51	69	Mar 1994	Apr 2002	2024-03-01	118853
VW	Passat b8	2.0 TDI	Stufenheck	Frontantrieb	Diesel	135	184	Jul 2015	May 2016	2025-02-03	118892
VW	Passat b8 variant	2.0 TDI	Kombi	Frontantrieb	Diesel	135	184	Jul 2015	May 2016	2025-02-03	118893
VW	Passat alltrack b8 variant	2.0 TDI 4motion	Kombi	Allrad	Diesel	135	184	Jul 2015	May 2016	2025-02-03	118894
BMW	4	420 I	Coupe	Heckantrieb	Benzin	135	184	Mar 2016	May 2021	2024-03-01	118954
BMW	4	420 I Xdrive	Coupe	Allrad	Benzin	135	184	Mar 2016	May 2021	2024-03-01	118955
BMW	4	420 I	Coupe	Heckantrieb	Benzin	135	184	Mar 2016	Jun 2020	2024-03-01	118958
BMW	4	420 I Xdrive	Coupe	Allrad	Benzin	135	184	Mar 2016	Jun 2020	2024-03-01	118959
BMW	4	420 I	Cabriolet	Heckantrieb	Benzin	135	184	Mar 2016	Jul 2020	2024-03-01	118960
BMW	4	418 I	Coupe	Heckantrieb	Benzin	100	136	Mar 2016	Jun 2020	2024-03-01	118964
Citroën	Spacetourer	1.6 Bluehdi 95	Bus	Frontantrieb	Diesel	70	95	Apr 2016	Apr 2019	2025-02-03	118965
Citroën	Spacetourer	1.6 Bluehdi 115	Bus	Frontantrieb	Diesel	85	116	Apr 2016	Apr 2019	2025-12-01	118966
Citroën	Spacetourer	2.0 Bluehdi 150	Bus	Frontantrieb	Diesel	110	150	Apr 2016	Dec 2022	2025-12-01	118967
Citroën	Spacetourer	2.0 Bluehdi 180	Bus	Frontantrieb	Diesel	130	177	Apr 2016	Apr 2025	2025-12-01	118968
BMW	2	218 D Xdrive	Großraumlimousine	Allrad	Diesel	110	150	Mar 2015	-	2024-03-01	118972
Fiat	Fullback	2.4 D	Pick-up	Heckantrieb	Diesel	113	154	Apr 2016	-	2024-03-01	118973
Fiat	Fullback	2.4 D 4X4	Pick-up	Allrad	Diesel	113	154	Apr 2016	-	2024-03-01	118974
Fiat	Fullback	2.4 D 4X4	Pick-up	Allrad	Diesel	133	181	Apr 2016	-	2024-03-01	118975
Toyota	Prius	1.8 Hybrid	Schrägheck	Frontantrieb	Benzin/Elektro	90	122	Sep 2015	Dec 2022	2024-05-01	118976
KIA	Sportage iv	2.0 Crdi	SUV	Frontantrieb	Diesel	100	136	Sep 2015	Sep 2022	2024-03-01	118978
KIA	Optima	2.0 Cvvl	Stufenheck	Frontantrieb	Benzin	120	163	Sep 2015	Dec 2019	2024-03-01	118979
Tesla	Model s	70	Schrägheck	Heckantrieb	Elektro	235	320	Sep 2015	Apr 2026	2026-06-01	118983
Volvo	S60 ii	T6 AWD	Stufenheck	Allrad	Benzin	225	306	Sep 2015	Dec 2018	2024-03-01	118986
Mini	Mini	Cooper SD All4	Kombi	Allrad	Diesel	140	190	Mar 2016	Jan 2024	2025-06-01	118987
Mini	Mini	Cooper S All4	Kombi	Allrad	Benzin	141	192	Mar 2016	Jan 2024	2025-06-01	118988
Mini	Mini	Cooper SD	Cabriolet	Frontantrieb	Diesel	125	170	Mar 2016	-	2025-06-01	119009
Mini	Mini	ONE	Cabriolet	Frontantrieb	Benzin	75	102	Mar 2016	Oct 2017	2025-06-01	119014
Hyundai	Tucson	2.0 Crdi	SUV	Frontantrieb	Diesel	136	185	Jun 2015	Sep 2020	2024-03-01	119016
BMW	2	218 D Xdrive	Großraumlimousine	Allrad	Diesel	100	136	Mar 2015	-	2024-03-01	119028
BMW	4	440 I Xdrive	Coupe	Allrad	Benzin	265	360	Mar 2016	Jun 2020	2024-03-01	119031
BMW	4	440 I	Coupe	Heckantrieb	Benzin	265	360	Mar 2016	Jun 2020	2024-03-01	119033
Mazda	2	1.3 Bifuel	Schrägheck	Frontantrieb	Benzin/Autogas (LPG)	55	75	May 2011	Nov 2014	2024-03-01	119035
BMW	4	440 I	Cabriolet	Heckantrieb	Benzin	265	360	Mar 2016	Jul 2020	2024-03-01	119036
BMW	4	440 I Xdrive	Cabriolet	Allrad	Benzin	265	360	Mar 2016	Jul 2020	2024-03-01	119037
BMW	4	440 I Xdrive	Coupe	Allrad	Benzin	265	360	Mar 2016	May 2021	2024-03-01	119038
BMW	4	440 I	Coupe	Heckantrieb	Benzin	265	360	Mar 2016	May 2021	2024-03-01	119039
Mercedes-benz	S-Klasse	AMG S 65	Cabriolet	Heckantrieb	Benzin	463	630	Apr 2016	May 2019	2024-03-01	119042
BMW	X4	Xdrive 30 D	SUV	Allrad	Diesel	210	286	Apr 2014	Mar 2018	2024-03-01	119043
BMW	X3	Xdrive 30 D	SUV	Allrad	Diesel	210	286	Apr 2011	May 2016	2024-03-01	119044
BMW	X3	Xdrive 30 D	SUV	Allrad	Diesel	183	249	Jun 2011	Aug 2017	2024-03-01	119045
BMW	X4	Xdrive 30 D	SUV	Allrad	Diesel	183	249	Apr 2015	Mar 2018	2024-03-01	119046
Dacia	Sandero	1.6 LPG	Schrägheck	Frontantrieb	Benzin/Autogas (LPG)	60	82	Jan 2011	Dec 2012	2024-03-01	119048
Iveco	Daily iii	40 C 10	Pritsche/Fahrgestell	Heckantrieb	Diesel	70	95	Sep 2002	Apr 2006	2024-03-01	119062
Iveco	Daily iii	50 C 11 Natural Power	Pritsche/Fahrgestell	Heckantrieb	CNG	78	106	May 1999	Apr 2006	2024-03-01	119070
BMW	7	740 E, LE	Stufenheck	Heckantrieb	Benzin/Elektro	240	326	Jul 2016	Feb 2019	2024-03-01	119083
KIA	Carens i	1.8 I	Großraumlimousine	Frontantrieb	Benzin	93	126	Mar 2000	Aug 2006	2025-02-03	119084
BMW	7	740 LE Xdrive	Stufenheck	Allrad	Benzin/Elektro	240	326	Jul 2016	Feb 2019	2024-03-01	119085
Volvo	V60 i	T2	Kombi	Frontantrieb	Benzin	90	122	Oct 2015	Mar 2017	2024-03-01	119086
Mazda	2	1.3 Bifuel	Schrägheck	Frontantrieb	Benzin/Autogas (LPG)	62	84	May 2011	Nov 2014	2024-03-01	119099
Bentley	Continental	4.0 Flex	Coupe	Allrad	Benzin/Ethanol	373	507	Apr 2012	Jul 2018	2024-03-01	119109
Volvo	S60 ii	T2	Stufenheck	Frontantrieb	Benzin	90	122	Oct 2015	May 2018	2024-03-01	119110